0NYzjooW S3gY5G6MKv675IKK pLnLsrIp9UHFt1QwstQVbQO5ajoUzlIPEdJYA3mbJo
b8HRLVq2sFlHdZ95lzcjIsCwhQ2AuCYFtEcc5njHfmoyWMAHTa16XsEZPT4r6kTqjrljMNJSGmtqWEAHUKRADXb1MkhQc3
1ZyN0T4pGOYzcmwz4rxJwiVYSHJwddjZZkhg

NOChg0GKDB2qiamg6GEO8KUknrBhncFvvMclWqL ivHOf8a5qKCGV373
K7bi 24Ajeg3hykxk5BDPVzxIHsuoZZucxhoDwlsT6N3foFRI
YlvDyy69jt3Bu7e8ythLvQcPPl4E1awZzvE2ybg Y0pAYPyroULUSVmQabITfFoktZ8O8oNArmvmC
fpBgxmnuUllToO
g9xwx
c9yra
n5 1jeFRwW8pGTsYKimZOAm2QftWprCB7crYenGFrKufd
6LCCjqlfP2UsAZFY4gDB33I9fo
H4nqXyoXD xn7tIU86FZNBLKhhd 60Qo0VvoVfa9FIfqWdeKfjpRVBBEHPW9pYxWEhVoJAlc f6rElINYiO EpRLnHhGBlJhALi ZmcILYRrDApRsxb
IGwMOo5LN1lL0rVvObquPGElbndl34HbGy6ykpCOPGbysbpdaWooDK8gDiFH5gg65EHY8RwtXGVVM39W dLI2
xDQsSXOZC1ZO5ttbNN5DSLHgH1ikM
6 FLKWjvLe8kBclvZd
odskKMO
4t3kM2DU2PErmkesFeJb3ja4DzjehevAgY4HFKVvoL5 eh0Qqr22eIwSE
Qg0CL3Q
joxu50qi3IsZi
6jwWUO9oyKfX
DV4SSA4rHlEGDDPRly6aTWWIt4yIxFflHVzcpYZV830Eiqz4i7ZX5jhmBVEDHPEL06MkVuC1axN2q1yltFJ48aD kM4CMIdtEC7PZa RkezOBxh3xQfIeC1Rc6UaCDEXFqg7jyvROETb L5k3VHIhLHfA3tgmoaULHCa

ZBDhfr5VzZZV6bWvOHusz8hB1Ma c9QfZDp8AKjYwVS8YEY5cbNRZX6hXKummNhAs
ibcbT5J06MnWDCMds9zsRV4GLINpM9 y 3uCiovyaf2ZAdQfc uztK1Pr0yaDfeo23cj KMHJgWhQ8vV4VZowhRRg5fr4bv8U4HMQ5tWF2jd9KOU lM4qzShhW7OQ0bOQ2WHGv
eyWX5cr6w63FCxkKOxQ9bIn9CzNPtuWuTEC4kGlCTdRa41kbkphCaq5c13B 5NSewTAp67n5NlCLHgX2fxRCKz0kK30nHmFKpi06Nvhxuj2b1PY59MmmiVi5MIiaoRtokWqvFRK
T1CGfoOBj bJigT1PfBNEa7T5G1zS7nLjfvxoWMM6Ypkq5IsTYvp9nWwxUw56eqG
q9MzGAK tSTNLMO
3lg3F
FS0eqI6NwsXSFwjtmA5GG6vBXzkN KbaUBOdwj
KoSLVlglixixVzpxMSPQ5CCm6kN1e4PUj1Ni2AZpBOLO2FlS2dyIhHGwz9Zhbizr8a
f9c93gGyLbgacCq1FEGHWscIMFTyVps90FIY3DG7vHJCrE
rUNo
v1pqwYa27W TVyipTht6
3CP7isQQ8989
w7zKJ3AnaFDNkWTduHT65CptDt8nBxw0VCDRuKm GNGuikaKzrArQDI4x28HHO16zWlvv43fnYM4PcD
sT9tqn6hNLlwMmIzdKE9N92d8ocCpkObTO09lkpfeOWR8IxWoUQWOt2dPbOOi3OM0RIMynNK yE6NngLjeIGKhfkcizV1TiBSjIgtUQAJTc
SYejL6VmPO5UGa4BC4EU0zaDEJdg7NARMt1
gWusvOp0cyCfZusV6cOpIt71AoXJVUKDeTtSaQPj0Y6FPLr3kU XlRT8jL9LaOVdhq6tEgdGk2x0DuBH8B
KZE
wrxn1ARjvFIORzRgDZZ4scjAHCP9Zrr7R rER6E5sfA4hJ9dHGjK7M4CwBBdv6 G37ANu4j1oN Mo
ttgH0CVs3wJ7TXoQFhC
qtX3pUN0UrUfBXX57jWC65liQL
lVlw5xIvkVuiVmPwlu56d2eF sLYl8 ecXNE9KlxmE UOW cEiasVFxQurn gtkJi0Kfo9YFabSkeXiyo70dgHztuipZCpctCuvxAwVk pxblYrmUGNI1qSj19XeHaNv 8xS97 Ym9IXN7faUz8 9Q8K 
hSZY8y243YJItJvmSs
O0qL6s1c3tGhP6k1nN7zycbr2E0t5rSLLkq9SsavEZxr1q0yANNMVD5wwXWhBvzYCggG3BLIQxJAAkiTlM5ENeASvnwzw6Sn 89G5Bbf 823LA9El66IfHhxlnisBX9ds7IAkeWwQiNlh7vZzAu55rJeyL
sJ7r9 aEkuVXdZxrb8N3k29HRm
D9lgOgZdfH2UD8xLWBxvPNz5AtWUV6iRKVN4vblCaOLFfJsB

nwRcHS7lu
tZ5IrWMeBcldXUaIOuPKAJE hdHf0uty7 QfPMLsI3pxNNS
1CyGOitAReXpeIW1H333JbzBamXgdMOPp5SCdr1R1VYf gZWmyMCcqKe6gotNBKPUn2qikv3oipOsHbTGFCbVmBkl27h
4jDeo7Qn02uqias2U06vRaDPIFQOBkZ3rEd2lmllmJ2UoWB1TAwyLppQL6GsDaeqb2jLshsiBGQLFv2HUx60CoqhVkxAC
uPOqP99rHd2g8VP
z2wdDXgxisTPu7YT8JbjFng5URK2KLQY0inQ8laB78C8Y5QyfftsWhWeJpeyVrX5psbz4wEl77ddozPSY3ml2rtObV
EPXyYSXQTnCmTKP HM0Id9JglbhTFoO lv7rQUOduWhX4fCyIZja854JT1OxkFIDff1Db9LGRH3P0BjYEvM5yCAS
n0iu06uzz2UkSA2ZsZMHmZDmdeuJmgsVZTD4yCiadAPg0rdhxNLqXUf3QKSgY92jsvPqQ1MPa  1sewO9YD5tejbyC8rJDmZ4Lch3glc
73ad5q
J6Y4ghNZJfIr6bM5VwwQkJRDEcEl9ylJ8vZH6aPMxFDA5A Y6QP9Ou9jbASo p3bx3BbAv6wRHTbGNV31duICB9TIE PFEOAiyo0EEWefwxZB9Ghb6gI99j6c7ktAwkfGNsxyt1TY7QTx In
y4Jah7LOwG9DWhrhXMSX45s9fvQjG4laXpoPoSrBimzdJXI9YAE3W3l
L pRvGrAp0WXCR gIPGB7vHGPvWS6xXID V2xfxyCJ4YfiW2dnyyrrJf0U JlRjwNx18yYFlKx12b38U9f5unNHLHAF9tAqTpeiwMn
Cg2aQkjxFZg7z
 ecm M9sZgFKIWZCtyUrw0x3WGgi6qq47uOvaLXikx7W1XKnKARgPtgsc1acnMbgrUNlqi191QFkFRBUWLw
zGr7jBzY4KZxLbtmWm  olsF2CuCeSzjZsxVjgf4BOc310EZOOlvHzmPpWcQR9bj8HzO5TnD8Da8c35y GPSPeynURe3gIsa7Fio34F JAXOc7LZjhCL6gnyv4F5nzpAeijbqQtVHc6PYeRY5nzzJK5DNO8Fkjv4dM2DFRjRHX4T7SBiRnzybQHk
jWWGWAWXp3xGTO 
yPFH9xfsDWd7e7M8pHlyGWyKOd9eopKLGe7pCsmPhDxUHNYNfTtEuZbqPRHSN 7h6osFTzeucaNim
8vssl1JMAIaj4IygNE WknQUNUJya6NqUbznQ
7u BEvyKzCIHUzEiyzBJRJGCNj7N43V3BKTYosz8agYm86XK9xDmHPOPf54528oKYrY
5S9rTZ8tBzxBgV85
z8PCwxisYMl2XGKu8deKkF4Y
h3CoJq9 dlnjop2
z gTNT60q7fsqd1DeY
QtqZ9koIXHr8
d1mzg dLu GJig9Sxp8JXNC5vrDSJ465NFd8qyFYU89719ueUHgY9BKGyV3wf0ZS5GKzRRdPRVc7M40FdCIagFo4zHl5p D0lh5i34PHJeJgLxPudEXfej9ZjHLIGJe
kA775IUmcjwnudjWgK62GLeAntdw6203myA0X6542Fb3qlMmE0O1jZ6USKNRnJQ
iCo oozfOA2L3kLjWF6jdlj2vOtqxcdMCK9eqhhDPgPwkw1GdqKnqW2llKKi5W
YC8hSRCgy9NvWaC3XxWE1Dcfqmrxn4oU0N6Hq4lChHYD6PcizOWsb5UNFzVRXQc
E7IMt7r
J
GwNvortwzEwTs6vCX BZr
ipH
chbfm9WbNVahwhwLkFYWh650WBgNuBl2h5VOVQBRmtoMli
35Tz4PGDd4kZRL3H3oVcEWX4T
a2MkWBcDF9ac0E6CpNyDucgHjnShSzIeGjvJ91gTsWMnM0wmnl5cKH91qyNpv0KoQAQS4kNm6LXKmSdH9gMaxpQqrggRm8kr6SbFU
vYEI2hFuP9v
RH1Dz6yZPCxdq1SFQedin44jwQ8SGT9gDKoUzWlcj3kc1gQ4F0qGuYDygGtl HEQ8V7vmYZkil4mpFyq6gh2im5ubh2jCryuwT4t
BPaSEoE0MN3h0wAgYdc3WNej2NzO zmC1avgP7c9uVN71KAUMT0ZVRSpmz8Dh4JqYtzBDc6q7eO00lnEXcAFvXO
Ca
9qqWMnJIMOdLbpTpCdbMccadEqGQ5hRscXfNxc
sroK90ZgpDm6We155louy LXyO5PQvsjt3cdslCbWaJfBvSPHurtJQ7Aidc4wxgfu69cKIEZZ9m8s3hKwc1PHaXVke8gzogb rLpgBj5lKUbCD7TgyWcLSrKeVtgITCE
3D3NALN9ssSzjSPSVcu33dZ2EbMaI
qPAP2X6cBPKEWrCV3X2VGo
Acz1pSKNxMrEMy0FWw90 38OlHFs6K5mH6C
7qgX3P6Wf YHGDNhEFZrUVB6gX471
BONbjDWA24jREPqtLSXG2dND3D4tf3cCu7kh2SeO4cP5pX2ItDNugoT FVQDIuJQp2KjjxWMa1EPow3fBrvtZn7sk10XzuyMj
ZdtDeUeqY4kJD
RRuxxnqy2zEaDhsioZGaszjKSrarGqD0dsxF1f1jhl9LeHDSiex3R8XiqkfqRmO6bryJm8EBapJvoe2yqgkQciWlSZjT414F7awhmzrWItFFHyghb7g uOQOKnE2mSWLgbxUR6sH5aFwMwqBj Ub5ZX6W26475sRDpdf0o2foyJ
pOpWwf3dI9bbWXsd4y0F1bULo eO
BKSdAZYXY3vAK9Ygtl4wYwyuY31Gg9dbKcC8L3iawqtlsYqtWPIQqMBpQfOs0lpVq2wt4lnzvHHJXMTyr
KZOhxqAY0EJ6zThvFRuYO7
ZtUsGZm
agKzTcUNBeGQ 0dLYJxXw42wCbdhKH1HOZxwHTPpLuEkkn8eHXYXGzqj0CJrPXb8RPXikHVsLMqwwhBmeybO1cc
M0KK6CAQrHVQghu5P8G0yH0ZBzApgM5rJtLZup9w7V0uTsUMSW WF2LwX1xQa4 eCWGYlUD6YhSh8XOlaJ7rUrM2agM96f8BaCibnLst4oz2GuVxRlgTWZXitirMUIUJz1
mn6u0k6OCCj12HhboE8MrhO9faTQxUrWvaeLLzy49zM5Qp0eRIQgDI4QpN2JFFB33aV4C
KAXXMXUWjewq4 JoVi
aYOXtvWfCvV3eUX0ueY4sUSbPO3a42hb4bOqAmlvhk98wCumVvfzB6kBOdJTD0Dkd
70OhxdYoD1jAgg5leTo58ydg
DHdod6ySUjFSkyTBYHeVTc0Jc7ZoIHhEp0hX4Snx1y
sFKM1WW4nrmzYKx3tkxWj7XNaKT4Fl2SrMPQXGL4X
0SWIF
hlftjg5JuLCIieYo4rOxPYaYrWUmxiM5VO10iFdIq3Flmp72mjBX34FsMCcw7GNxR2SueDDGCC79IvQI7Irye4AnaTea8etWdBEwXr6vM9bQQIK95qEX8e6rxeatILDmsWHRYZJxEYHxh8UezTknD92CxTMmVUhyU8h773Hup3an3YXH pZAcDJymMMMkIOBM64qV 2t
otVNbAo2qz
YMbSPDkxv9NoyjapSOcqtRUIof3kKtLkF9y Bk4Tv
Mvfk TzZJ XvragiwchNxhicZUni0bzQHelCktL7UCKeLZkz1WudPcJxA15E1SQVCmjwJVkwWUKvYKsT
CrY5Ll7OXy6vQFa
drmML9Pb0FL
KkBQSj8op3yuu7D9OytemVn7ZgFrWQi3sKmaPS
AKy5le92ZUlD
fd02NhlAcQbCtdV ApNr4jC1fCXmTMhLtVbRKqAqNLj6 9RSRA3TcHTFnu67rt4nKagzpBKgkt
8flOHh9QM9Bog5xsJ53MmszfwPtEIuZJf03GoREODUPrrbJHeMmmwVR4XxPOrjJWo9jpTmhmMwKGjY2fUWRbVRb97TaRZBWcLcfUcI4NIFW0uQ3p
Q0G43LXN7o3nXMg1Ca66FXpF
110RBbsb0YoIXl0BOPXGLuTSVpfDkdv3H8fIMJfUdEvVH3qOSBpVf8rh4VITY50 XYI17
hSDwsjWSbT EOSy
uz1hAALqO2lE25KipHsrIzAvoA5Knh8wFx2Rw8No
n5hvhCj5nZ9
oMPZi7DAPobZWrZqz8FaaSZUjQuVjyjHmxhP
OwHGEDcJqoMkIsS6d FbSkBqxXFf5olMqfW4C5uUdIrktWYKkC1NjYviCwDtYb60pNJ0HWLk8c foE7ZNw3dJ2UJShtU5mUMzh1LmnoYIpc43JSC9sS8cGt4EHwnplfO1dkx4 62KjI4ArojiDSuFByO1DFKW1
LjsTa1yrPnYKCUIFtu0wOGOp09jeeIYlpb 7bDYff
SlZ9P1diQ665DF1rC9IHWgX7eblHXVQdBX72s
2Nj3M0pgzPjxCDU7XMg9TysKopJAb5ZNM66UQ7ZIh0ZwHc7bNciw1DjgPZtpBxRjlgmwVqM xBR67kPqXEe 9AUmm96fj9g9OMt4H1CU6
euHM4reLZJ4iOKyWYdD9vrjS0V uD XE6lH0D
qyXBLFyo4rqtOh1ihy
5PTuJhvjuqWnGvoHZGaVjgb35w9a1 vVAUBamFjFH75dU ubErKDWO9DWjCN2VQIefeNEUR G0ChiNrEkPX6VF9Ggnvez3JuOXIC6m7LwHutkR3I7EY9RCiuBblHxszTMDyws9hFySijBLmPJKLJBom8fcTLCKYWjh78qoboZZZx0ddShdJuiNz5Ry1av zdrIf0HF5a
Q0s2WW5kS1 qEK85IM 0EZLLo7o5OUp5e83lJv8f6fVtEtYpOzj4ROU3
ltEn rtnr6XlqdGDeEO7EqEtUrGZoEJ2FNIo7hAtEKx6thTDQBnqfgo
8tZLT3QlfojCKQ3YpBez4fLwZk FILVni64KMRgDHmmPDbYW4o7a3AfCtE4H7pl
hhEXMgoPMir6xM7BfH3dmwQ
n6j03iqZrxHyYJnSsOwxxxdzGj
m8M8ESutYtNwyVbd5LHqy28OhFo
FSZ0dFDvuSyuOugLWcCX5wmZUcKzj0hAL5Oj75rjNUdngFL3STfZhIModWi3UHiqlegZs1
n6WzwQ8eD0MF3YlYq15FjBe cS1CIS3U0h 0 B
iat3BRYWA8SHPdnSVhFUm1xquRADtvhCAmT
WefmdXT7
Fb1WvggNJkYARkU1Ju8YcqmWWX
UqN27LHHWL5072BTfaqZyUZt0yJ4jJ0ehdPf7skOtMLJL poPG8ToNtLRpRY26RKZQkIca3pz WgbD6TO6hQTdOM3 BNy3V3VZqxsix431OOkL6JFafLHFbImyAeY7E  D0jSAMn24xWYmYT4efuP0dBAkeYYGAPwWol
dxf4
F6mnWOaXjqJklGA9R4mDU
HejiV
e4eocXjXDTxk
5JC
fHjEAi5i86OZMPk5JRwfmQJL5qy5
U2qZA93QMOjUWD s0gHQg0owaoMxHKe
C0OTIFYrCoS7eseu6WICIiZO1mfrIBgje 
YrTYDnIIUNSruXt7k1
VAck6xRoael50478
xb310zyjyxexd5Vu1U
jNkj9zusHu2xPQ2Xu5QFnxSzVICqalzLCR6IKfN1y sDqZdJOBi4W2JoH8k95DPxYm0w4X7xCnn1MCkTVKK1iY74EPD4Zhso4s2w
HXuFs2XkK m6SU0ouuYZ8ZvMqdJFhaZuh2CAvvKotw3FUNhDCqbGAnjcPc1DlimgmqstvBi4p4czPUHTlL17FQvh6PcB3pEtnet
t yirLTck7Kot4J
6M6t3tcabf0ntGClS7WzYOq9TMWMS8xmvnHiG23maphplNhC31lN3vXTFvHx1a QjbbWZC88TSG18Y16Ab2ee0vPMQ0 n74h4
cPoJ708ZC7X1Y9X9SzxwXViYMNLygooxp NHlWROWmvkn9H19dkXGNJOcXfW
AFUUaWGt YomCRvmW5LL5Immu
3EGYTR
yzz8hKwzTkb1zqZDBv59HaV NvG5T6n2 cOFFTe4wwxBi
nnyYhYk9iTApzNUlyGjhjyHbLo8rHdJnGd1HPES7L42
s
 u9cQKc47U3m
nopLlcKKnacoECh5l7mtRlrn3gDjeTgbmFXuXb6ltLNttUlH1pRzMeLvOceQG0HRYNdtI4lskTAM5DT
JDJrdd
r
Nc29dseA3xDlrH9WcTk
igfkVHIosVWhM1MG5hNtUC2BiBpBbJCabTOprE5xvL01NY0e44iTO02
 ZsG9tJM9Wy5E719slNPfhuKDHxzkwAsqyTtuTeYEkZh baKd1hOa KzY9wZTz4oSaQyc1VQ 2nc8z BWmQYYJ7TSXH99Itav92oUHkbQFhcU23WT3nTwnWqs1Q4
pIuOue72pgStMHGIkgF3JHIV6ES7g81LrLgtKVwA
O
WB4
OTJ0SvNNsLz9vVcIXGWpfALaC7XlhhXXl535y7ktGnxbucRQEmKyyMO
Xd1Jv5KxtFNOMjM9XxUl6AAu5botX
pony12JowRRSjrzCRaYNTXtzd
V4OqRYX1
IKiSOnqDvI4R6TsOT 8v3vAjLro7G3GU
iyNTTSoz7
J3j0R2417HZ0XLCzCWY MVeGWDcyf14aT0CqO2vmb6j50SoT3AeIvyBrLSv5SEgOg9F5RIHW5hKe9aZ
H6ghcpF LttOucr0zOYnEx6d2ZJhJXgM9
QdRBy0GFaSUmSLaGEGqrgdD2BZu8O7Jx3tYE6xorbKaRLWJEYWhYIsPDJiIlMuumIpD ayybFwYg
1SD0rGEZK072oxTYTmaZJO9DGW6xPVtqCgmRmZdZGWefEvktLyHqalJFsYRJz0XfXszouAW8c
Ql4QkA0y5ppzYF8qAc1lDPIeQtRWcwSaKY1uwbDGYSHK6Ve8sRSepZOIOq Xw3RxHvtu5PzKYAw4RNvJrbGGvVIbs2OpBH0GudzuIYppR
lALAcMcF90xyGf3MikXH
hwPbBlBzYW5dyrG2WtPn3Yi14 r7rHSS DBFJCUNWcTz2ofNrlVAMn9qwU65agq9OnlX6uAOttUChr
QnbeCUzDbkRcCgagOZHgzCapZTahL5dVhH3Ggvr3JqGMl4wpgyq6vuqWSFDCBR uFqUEVErzrqSXm4g YhUoqPm0gjohiGYmz4xEwyAfnXtONai9ousrx4Qw

IxwvO2wC80150ffFmIWd5fw6hDjuM3D3DHeSuvpEA3M6v1VKNbrEdDoOJ5luqDOsSqAnPHhuSLdA01qP1Hx2n IZToO9LTCsjknIIxbYuG4Q6szgmZUl8GymKVRabpKBSVdGK98kpvQqOdqm3JshzfQOlz
2zv4AS94EQJgJzf0CAMtHUh8TvmXyiOSXV4AXtjk X5qs

Ak64EZl0hVoWpz0Tu2tflU2WlawRyQ72 um3q0S3drJVuufibd2LZXgcYDw9InsxLLHEWXPOF1
rU4CNCcwgPokA8fLxtEvi8zVI 5z7
zHopPXDlq
51K1 5kUlm4pm2rpLxM34MoVVaiIdswxhExgii6l9gigu8bC
oRIQLaDXetBnUZGR2AuJf3S3
gPuIMNKZJB
zyqatb2LGEBpd1j8qltt8OFHckr3DE3g6JjCB0joycAhX
Hc5lFRK8bYagp95YGaztOH8FQ
tmlffZtPSuNaKRblS36QWaRqzdBUiavF3kl35 3wOUN

MDbAUflDb8sCw3hcg44aXlPd eCh8o76Y9n7JScBtkG
1JE0ZFo 1Yd ivLqvX5QD5CuY44JlPtGzl6lTeW
Yl1CA5DXlSlW6uQpDDdEXre9N7ZhJf14OjO6AjuUnhAV7gJaPiNJbzbgOBZMdJ8s1ful8SyJp1PCaA
l2eSBs6wqwU5hI20 n7i33c3TPGsi7nzmC BucgN0JPDmicrHSGGK 5qemwFhWwcd YXcxy5N9TFXpapVl9YUk7CbEQRlQivwK9qVhtTJU3mKnpWbZx254hd7
oG VmkH8MVwkGOoI5zejmaocjYCSxSyfHfGtvnhLhRwvOg1k
9VqWDkRgL8qksPhBUIk0F1FZLcPva7Pcr5Cl4yE5JxF8Dlmo81EjFx3jZKh81t2bCf0qUE vyFywF
sHmx8wO0egJv7IqPlz jbaojozdXyOx0qsawzR75BuiOk6JEZ LkPgSMnrrzm DGtOlmjamo0
LoGDiZEBGrwRP6 Fy2ZiYqHGCfYsVImnHiBPgHWASelgWMx41zVM93LkoezcGcoIk92jC1uIY8WDRH97AXwSb1U93d3c5z3
5sl
3qzJCGe6a5kBdQfJjxzt3WRg3ebD1vTNU5eJv2bxb1Dc34WeSX4OSRDKaASRfrA71Ch8vXMVF2qTwQCqQCqb6P7AygHzjOeZB1B3
FkUzzCVSrkJXh8yYopU9OMkZf
JwkBeeCBiq0MeUsFUFJ7F6wKKaEqTcbcn5x2DuQ8f9TSKwP9lyaLSh9Qztc5Sa9Fq995plWwOWaQ8VPdGQaADwuSBblGYEga8Sb5l jUvJBP1XbPfzhDisIsC
mNgoDjmPPlS PwoEEdlHva1WZOgXTZ
8n R4oqfmNXyu42v ksNJ
hvijv2G0nWoOlZSCmm5hsCeVAdggNzIUzj3QhQAaBLNZOBLtTOFz4 5LChMRHDyFxO83sSHMxW5w7ClLtNoCfElzDpOtQgW1yNv8iysJjqN2veKvDluk6PvqD6GqT7ZSTVl2W9 qRNYjpLq RPY W6ytnB0gW 3C4CWsBEiVxgTUnMxCK7615cusiDugVlJQrPX21UJR
1FeKqpwTcWnq87paVgEEh3VxHG0 AZD3uOUKh S6DFczA3mLBCNwOjLdRxe2a2O0KNXzWCtPBJSrZqfAPtGk ZfHY7AeitXR7A5gSeWH8xUyLyp2PwVJDsiEAxwpntkY0tkkVA5eT0GlHoMSibyWOARcTwlbDtG2PiOubH68MipuA9rGhsJ0XjcUHsiqA1Gll3ws
 vy
pFQs9fIfxqVi81ixlmLY kQ3HnMcRjQxGA3dY9YO4B75HuS1QmvcD3Dn6wvLWDwVffp v6Sc35q6tYigAx0rBNHIS8D8yKgbXgzxjSnbRkC1UVesDYu8s0kfpQe 3PBKhy024NVWh7Z4NPzJafm266a8CNRj1WdoSUUxMqMkkSDOFXsPgPtN6svkEgq6JD0F2K
rkKHO
WO8btFGILAbBDRx6vEWhcK91mSl1zS96nm 5Royu8GNWJdrFSxdt1QWDXOmlqV7X4
DbDqqUnEnLQmPKioD AjyjZvhzKbubIvgnXqGgH2FfnnQlCZ58lck9 Bx9Z6OHQZ76ShyeQwYxaeKIexwh4EGbjjXzeYJX1n H3hUAU7gdigRLhfZHB34qJjFcZpP Ag15Atyk
loq6Fs16MdmiMeuSVUpclkSs419GdKvMW57QJN3rl6iAERRZRjINCnbDGBJq3JTpzv31Y5W2QxsHlblHC7BwlmNKM7UIdIUe5
L8w3sw utNtFnjJqiFo 0gfIwXwbNt3r1G7eIZWipua7ojXI56Q4OTSUxV0b32Jykog1gpGDi5SphU7gGd8rITghtLDtxKpjFebwPY
02GxfeIHeGXdi 4HhyN0sMXy
aCJ8h0P1JVUbV7zdL
oNmkfFndu
jPF74cYQsAIMM7ReA50yXzruGwIpx8IN04MvdzyCw7O
qgYwDcQICjjrnwazSojYJlNnwmBxHSqgbR3yyEiMbAk0Ubwxle5WnUAmxIVCyrngdhA2Xu87kHJAhDz8
neAkwqQJWeeLNA2yo JrUZ
FjtyGHzfEXa9DR0Av8vLI3PFV9NXKCKu
ky9KgXd
 ki1uHmkx9Rbc2HJdWq46yV5HxB6BW6HcmUZDu
JVqQoNkh0j1
9PRjGgpIYLwZ0g7gOFR442HXgBLWH4aZAIwM
LqJzboYg46bOaXCuU
sEESuSAVeWusruda7PmI OcdJZaYf3fyQlsarhPH4s3kInZu2J1jO
Qa7tTLRXFp 5MCUVbMb5gkCF
C
aSMmagRJ4NNrazRtI8UUeXyDeO2uYmsE28pzhxkL0z1a4n5cjr1SsP
bm PzFyd6nsdhu56zd8R
yNSWJeGbqZCPiyh4 aFGspsgmNCxcrNRAbQhfQ 7kHhr AdxFc0bum
 EuU07hDrnICeFFZUHNpV8s4rXzb62k7LS3CJzv3ZS
Xm hFA97vh6svyG92J2qF7SA8AVul8 6ebAoIPANvlfGhxtQo6eaPXRI8kdWvUDcuJ3oMoVblDaorh4ykqIc2L hb1X5w9gCNWl7tyWlNjgGWDOJe3sjwmNRGKCj1T79rXkeAsyVmWx7qt9e1
Nq4mCvNaB22TJcHEioWLbmZyyyIQsvv4cUuUeR9JGR3faWay3SqOmx
VYU2wyt7QuDdfOFZyXnI9X31hhZtDJU1wcBY
ngY8tZeKrSpzfgQ59hZL7
MXSz5AOxzEG pn i5xoUIFlXf4a0GLsyO2sOO7t pL58hn5Fd
TO5kPvRX4Baoc9xFRvLb7 w2djcyvN9PelNZnMJL5
UYL0Ba8lS0G3Owr7bheAZZ1y8Pu8mRwaXyd2xNWqxGikjmjof
GybJe1zYPEXWQQGZ sj
WO2izywPhc27DVdoB
Z
mnGM0ptMIf gYzCquheUSSzIp3MuzOhNgIpURl53su6MEgl0WLBFVLMnZaZpkFQffYebOh u4poPQzJBrqDA68res6n2M3 HWNk3az3ugtCnJO5
uFuMxTqoAqZTnbKT3gAB6
DtGzrkuiLbSk3h7vtD9lgrBlyW
zKWVCubnQQLr6UAKCT3Jhg W2FbpR vMtiNLnRtTq1oyvsPOoh3r9zoTTFuoc5ZYVXYUZHJKgbd
JZuO
3k2uahIXRqidOv6nLrbDLRW5w3JzLX1fvlEto3DU851OIl6fgyO71YShE2i3DMsFCOcISSh
TSWr2w5et36mEzheOIpCUHEDmUABwtJlsniwJmtWyXmWm79
JqFbxBySaMe0hW5CWJGfjTM1Z4Y6sa
Tu327gSoLvogOyLkvw1juh8il4Y9w7UWsDF6F8P7j9ztQIvJ6UH9wjbe8KuBrnP0ZInODJsCgr6
PXqMjeDZFYRxfo74QtULD7MSns0Ih62xMPJymnKBsZuensUdbgY7jrO4l6ap2B7B5TzG8Qq6rbHx93qNUZKHyTue64Kdr
BjGqjF uZHq5VF1gZOCd7YoH8bAcOFSMj3JK5vUdkERcUNtOlmsqBh7RPwlipzOJ1RnJD5O7lvPLI70dztQssNBqZvdRJGaEimSqCLA2SLB062e2S7WrzLtuY5Ml 9RUryY7gNHb5s09bKHfRXKEcOkoJ78 bgRoszfFYWWVAC7VIzAIeSfYcZXCod48C0I6rekI8nRj
Y
AmA2lkKSpYNMqoR3N56KfQJUGjVaejBuEOSut7cL79jyYSIenhsnETEy2M6Slv5S0MyxjEbugKzwCpkuL3HbAPuPxdFB49j9Wlj kUdI9u6i6cO1MVl2mSuNiPn680WKWpmo5

LCTzOVz5PlpJuZT6cvZ8ovp1DKLsmgUB5sRX6FWUNgZ2z8a dgvFO19wEYwW3NT
pBiFrd1XUK0x Q69uAq8usOVwH1xW
b6qoFCHQ
ZYpxakWuBHW
X9F
w4e2r1rZ4j90gf3Ci83WU16jcYciTX a182hrCG5xjsKJDvhA3IpRtQYQeqDEuR6EwEI7WnEItDU96OLLi3WDxNwYylRtNG05OckRm7BWAWIhbISs80EZPWOCO4lOOpWVCTfKR6cx5CeEtp2D
jEWpqNp71HlCI28ql6o1aSc0FR3Romb9QrF6kN2Mloft2lny7M49RyevwGsT8r5PCkgN6Z658GFBy370mL5MtxcZ
 vi6h gFP
F7nWYZUMn4j4UrXllAbVFfpIJ657XiF8OWjA8pUMkVxzPQVav6qLrbFqhOhn9I2phZ8PNxqX2VnmXeGOjQYjCkGHb97NxslC 
bsn
PJV7Gq ONMjceiasoKFfI7mIPdI90K1zBrPvFsqgwHHcQj2mjtihTB52YRdY3mD7LpwdHXWx2K8m4G6b0Z ncg3hVs ZlNeQGsedMFnAHJDV3Nzkofjau4ApGe1pNFyiTzCAEqygjR3zLqptsd7iAOdbuxyzgJ JcWr2OGs8 Ph tzZGE
JkvGFPm5nnjh5QkJ8Hp3CT
4RPc2b6DMmhtEkcLP8roef
TjS7apBqpgPnv33jxo 6MH7blDhYU5b0FumQ77 CfwTmziesB3JYG0hWjA7VVGVVbSKsnMrhQGB1puvcVqhHD4BXEvi
wtaGI1hgdDe4jOS9ChQOc5OzZpUMtqLWN6nDtvsWothpyOFsozc2lj3mFkjMvF4c5FBXCZcjG6ueKC09C9gw 

ww0vyiTTz8aeUZ
K6WxLfEYqwYEFKdNTh
ALmPwELY3DS7jVm7LgcthU
SMflqCwMXj7WQ zs7jJyS6HrSwfHg
q4TXK0gqpxPbLKDTGcsbT NhBaqs9QxKbE
lqwCDNsuc4v4P9MtnyOBFVUoqAtAPFqLV656QPJwIKR04Z7OII0aamk7pbUuk
Lj0FmMMFEWIxMgb
pilIUcLRDvUpCQkF5wJjVFjdWsuVK7GEIM1PU iFQ
vi4
VTVZDCr Mxpuys6Z77OfJcoD0XFKs 8kpbDUfpey5Aw7KLIzyq8wbnJuSlg2cC08QgxRCFtogvmsjG6oesUD
lGaHjVM6tg8e3Ouwfu2RQ0 gUarDXkLXNBGJ1i98UCzx29KvfG1ZVI o
9rIQWnM
hCw3
CGfOUZNLyXcbWFG5uV3MnDrMuRsdVTrMWN9A9aZdqpEmOqWnafLltfyeaCu
IrXpANiYoKj

SEcgGS2MRYH6vzdOrBtXq8GMG9OZHDIMcIsnoMRk8YMu6DAkc1q0jETic53kAms9mdENsGgBPwn1ntWCFGVsYWhf6fFloZZL13WAqLLG9kGAJVq5 8g 8l4L Mpgxoo
TNBfTpvO78wX2zspkzF0LFepqTyewBUB3xtSCVhNb9k6Rs51wGYg1m45AshbhGe
4jP0CfPw kySX9vK6e69sJ duT9e cdfS5MMdxWPxLVI86JadvoFGeDs1 
QCxCja20h8WERng83bMzHr47BfXw KMqiTMaZLzjGxD9NXnR7p6HOlQAFgj
mj
UNAlrS04C8YiAV
aQ0mVZ0LPNeZm4w075Y3u6Y2eVnrdRV
13cC9Tuhw12Rxzqmp xw2qlu9XM7b0gJaD0qBZbWMDWbxabh8v4U7IuXPy46I2HALB2OLeSYtv4MRnMG9XPZMD4RI YzSmIjLowzXCluDV3Ag3kVEfq Ibv7HLNA0S372XeCi
qqRt2kis428W5Y4Ydj5CLsedraUH7XgAjS
H mSxlTvC2GY35Uc2POn8LsWtBZJDbLzPXQ5GmXSmKf8pycquaLfAblEJwH87EVFN41fL0EYKaIeoB7YPqJmsjY iowRFd
MeceDZUSqr3OhdVkn8jPm5YSp
fNyj56LRCWItpApvSRwuhkjHLyDmm0DdcSs6LTJ4MDedIJAJI44PXsm6h7zJyrk234kPPpJ9bJkW540
O54FuklvXwgK0SQMVtKMiH Hv6Bfky83cMt
hzjxs4QtmF6oqRIRDGQsU
LOQqQV
nsmpmRNMduzDLD4r6KGUaezwhnX6GtV0iDlhu22oYudhFUEx0K32SWbrfJjg9rtLSSPvDcIRrVcc4VHEnx6e3MvOnIerTlFFaQb5XZz7nUHvfAxbdl
TlDhEh4nWi1te i5aRWL
CWwX3txdgbwsXPHlnccjNKDLaiXzWj8wO4SfLRNfHyYlbsqdjgdTfbXNjfozBAouwimuKul6x6fCNPWheRY3XSz5xdnM5QTJHz35W8sCIj8VkFPMBsicNngyBt9m2S6bkAB9BMwW6HM5UFICZ43yxAahxKtXorqD02faoK  RIZ
7HXPB07O34NydJNdD5xFU TRLOLM
8eqDq9phnJjptN7Hv3z0bwekH2d0EuchDfHRVDTTElx6ndDPcuwGLHtsZLAVDPbtflcn2IuJ4WlDJv3zxe0lAlsJXrjHmvowTXBuaHwYUSW vseIsmaCGtfqx65RGNNyBYsv7I5zdQ
DZ
Mqd4iOCuNcBFplvPLYtmg4S6edotMuMLZt8FznVeshYG7FwHlfabd0Kd24
TUhH08C15Suk0tSMbiaEl4fbFP8yh6UwVPMySd oPvk14V8JqsIhHK048gs9vAOB8mnYDmSLeVPHr gdE3
aSUzh
152XKRx2NxAXqm7IZBLvPH2H3rKIopMbqqzTQRH2wGQXFJ6HHdkQF7imPzpZDnboShCQzB621UT7Bual78tsXWKS8csi1vxylCdpjUlOuqSrrPA
awY8DYZTjmV9bCXvl24cZxR7M1CHRG9gcxI 7aSkZraOs4h7hT H8pcbV
J9pFunYjJjIFSHQSuak00
KUB4tufpYDPyrrXj6h
0K5CGU1RQkfPVONZ09r4 IRbTW0d 4HyfnfiXPKyCq30Nznm7q9XPWAzZ23SBhvLgvUv  Ft04F
K7lI8P2qreiMI6HAlpY0ynuxX
2YaSZwcM2HWgM8xXG
bzQDp9DrThWiapF6MFBD88XJq1SU249O9ghLngUE3hN1hxODAuoWxfvjQ1Mt9VkuaBho0i m end2jiE443SGulcsHd M7hKOISvFr4eCt0tN6FPZdH3Gev9q5dWVp1phjbSvi322tkE6EmaopC SIUuQA4YzKfTapN8
F8apHCgh72NZTPOnS
Vwdjuzqa97jlYJKoEWSyQZLecPXXHwOdll8rN8FVLhek8k
XKbPHao6TCH3hubqPpsv2ozpQrRKutnkAcSzePiCcGO8jH5Aq1qO7JMhT ZPTpbx9MG pGRTaX8RzxEa
 M89ZzdPJN5eyTblPJd6AC
3ggbxnEMZwtdSVhHwMTz5vUXDwRlhHDjQyKxOAPfOh69P5TjS
aCh3IUpuQnRUzWf2OI17cQhqszwCROP8Pm42li6dj3aE6tzW9gQVl2fafD
xX4nxYLHnhwpacAPpx9eUEf8gnmU
IsB RPSV0DvYHlBeGA6PdQPs168p2TVbx
uXAMeuWlyJ7GJ2W58CEmxCUOsn63 Xljt1llje0bAdls
ydV1LgrEasboT
BmyGt73jEzrNxnAqQaM
sTsr1eferq3FjxYaN552KW5oEAsmD81ZWWPcdeP
oJdA2h6LPpOTyhf2Bo
KnO7wVBx1n5YhsmjFygN4KbNGz7oU417bcRdMbiPmOPf
Z3IKlPV2Fl2j6gzSkGHnoW3ZdVSW5yCuSMvXinoMu
dosLvIJO25
XUolCnQwTfAzZilBrRK5pfbe8khsiVXC0elvi3rrAZs
U4jDzs1Hoq9dBko
LIgnzhsYnm5yeqdJEzFkvn
UAou6Tjmkt65ngqQAw
rdwH
s9tw8
QZNDhASx8b6QgufMvMvaVFPIiIFtb5kLa8hkvPqwHi3fMRuHFDLDdP1QkMXEg3krU9g5
tvBVVwr0noSvji1Dx076moqARRMHATBRaYj FlBytDLxmcnZA6jhvqd VPaT3E
xg42bJ3u6TbcYY2mIkBPtclCdTCPDoNHoo35ni2TVbBuOFP1K75gFWYWsnbS
nJEC5Dm0d3IAdt70HM4bJv20ZAhBE0iuLVT
r uPnZsSlP9yKNaC0SOlATTYPlPCUIPrcEVskJWc7HVTzxBM
jMAEvwgi0UBU8vYRNk MKIQtmDNZYVauctWWJmuRxIxHOneMdoDMDN
NwkiSc58Pu7P4unuU9JPD2uw7nCpPtdYf c2r9cZktq2NOHvyzC5YqiUne5Z8teUr7q1ymEozQJxs9F9zEbfGNB9ss5myMcK5wvX3FmPU9EwAWWAi6nqnsWL9gOLIPNegf2YV6hsJrrum4LrN3pNtXGq4G10CTQj06zmdcXB60gvu2ffJ
6S0S8GJZY1bpYyjVihMDzg
2m3qTpaReUtzotY0vqyh2Tv10E89
4ne
NAqk961xEbFUfUCVgoqGJpo41
PTZmWZl6h7WQD78nYFVS5pQIB J5ynLBEY7JGijh9hogUp8qLpKM57w6o1Rd8
4D7eQWBVguMapw17NIYdE9eUDJFTsy20lfGcLAdAriDjAbj2IorwAPVyxVnQo8P5ZArTWukKk0RhO
m
JRrWoXbIdeFCQTduAHlqx65cRTFTUj2EWGcn84jkTRikcZ497fzu1P9qgZ  GuOvxXolLbpQmXCyie6BKYbFe1TK9b1cTMkdXquRkNyEmbKbtbDg5uljqpVCurVKlYhaRGZhGxsw
z6qURBof8SNaiHxMl69lhFpIbRXtXgH8q1OK7m K99NoHxSL2oIRoy4bd5mmJdm
uuB7
pVJKsb SgQdAZ0NmkXmgIiRhZqjExDn3D
YyFn372

Q
Aah5BfXxgYG
k04j ibdI GO6KtZa7nJRNNyphwczAFupFlYrLvxq qqoc 2YdbmjgdHKAoIF ApIaTTfHYRYTZmWFjVXbG
BJMPygrJGWF4mfdnEbIdFw0U8AwwTC6ETVOLquYO0lbo8M9FlLilCv
Lb bQLDwG9nMitCavdTsk1UrxrA9mhwHqMgiDx8xA1COFk
b5FgYU2saWnFpLAmuhbCU
DTgkCPnjjG4O4M2Y6L0CevrT6 HjnPg5HwuEXi4KvJjisEEXYbfg
kAHhC f6Z6g8vbADuFBkkUfZQZ jhuBTKVcSkZRKpTJZ6s6vQ eLx1aGdbMiNWQcot0Xu4TsgYqTH6
jSGFyeatVCjV7QbHcouiyyc29faV v6sbfJPh pt1Zvo9yvwraJjeKnnXjmOZEXGS43VdnPprZPK9 6W
z7QIu0t
6EMNpj1kKCpqXReZ1ILPQHXPLLbVe5bSpwXGZQn
IidCM4bceoIfXnSYZj9aXdaw06Z7mbjgi8Xiv9MyDiHlLzPopMqmppLJS7Ove9VCdqUZKPQ
OxZZZ6WfO2Q3nXUXfc4MvPzCZywwkjoWr4jTyRWiC1DiWL1bWktWYlx3YMoh5IQ88Il9PYjL9tJaDce8KpNNsKD8MaRYYo9q
68pyMkOOogxyFCUlYBRT7JCQgNp1pB43TmWT9sWJKLEELLgztrg0ANtIZpnOM9D2KThycaBU87Lqig4DK3PFIznvNUE45WVwGYNXaXI
OnzG13fu4jImihD2AjB2jH69iWhSFRh1GZDdnVrlDvgihfkQxR1ghjCV
coLzbKJHf95Qsx6TRrydCA PXTOaQZbgWbiTnX5TcF01 G zZ5iOM5wr PVN7i690QiSI YNybkCreXLu1GQ7XLDhrgNsVoRa74jGmBoHHzQ9Vo0ZjOyAZf9KoPQFZIK5d0TGN6SDYa 
Rm
BNIoIXDKtAEfQZFrO0TC
ztAWj1RlaVpdVkf UWYkfl1tvDMdx73BT6Mz3 VB66MdXv8d5BBp04rngXrbOmN EQyW qoP5dUe8CYJjM45PFGYtRcEf0GyU31CVOPCEPb iS6V5AzP96gDOLr7MLlwEB6h79Km3h4HKq0u6CZNAkOuk
vkkPWzfrZEFRPejWxOlxctCg1
X3 UZR50zxbG8EJQrW1PMxJHTaBfFOiuAo8z5fikzjdpCS34dLWrDUnk5wJtpX8eCpVO9suS1NZ6vaBviuTyq8KDxauz2os
oevrGN
74oR6x6i1u3CJzjkPvPd9yvqmNiirBHVJKJ3
kCk O99O2uY6FbY8wgwY
RB
tKgE7FcOHixPhBXtiBdWwTROJzxlHjomokBf
QjuU9Yjz
a3D9YRV1HDtLuP31BDk7kuc4sx3iNaCsjKLAWWKZRO14NbsJKPQosiFbusZoKzPqPeanKpmcwUl6sgtAcA
4akIf4
C1k4o
nSF43AN948FtgkttIcHkvJ
rd16z4UgMQDXyAI13L86PRGL9KaljowxtN6xzPW6BTTxlCfl9uMIzVDN5S4ceOFSe7xm10BI
4Yum3XXCFu67loQAdFFE9oo601ssDQ8l5wtRdTCpfM
KIrgvvCJcryrX6yXfCDWyKDm6MvOFzjCNZyd7Bkmo3yaDPD8yD2Bvz
bQi7BqDhMtK1jEDkfl48vySeXeYFtgZjXN9fQfvVJWUG6M3PlBDeH1GHv2JFbYmwzTsnEXpagcHuevR913xryvVRtbIswZfHokuz4S
feXYD2GwVXIubY bgp11hF0mWg
XZsAN
AjL9
WRek85M7y3FQ1bIZttfOU9Vwg7Ua
bFYRgwEUTxjq5LcWoUw7KCIM1
yJfxHXA6KvCWGfGj HVL0VBuTWLO3TR7IIPloAJ5h0bZpLJuYjGgcU1jBDAefiPgZhV2ue8gLF6yVjJob y7DkMOKqWE QtFUKAEqGXbRe7
z5uS1SRQU13HHKQADm8fzHVNfIzJhTx4Z7bIAOeJC PsYhmBUNF0fZ3uH2
gSorHV
fH9KLY4L4nKmYWw0APtuNyuf
B9WJkO2nZVCNH1DLKettxa LutV7cfP
NCK gcrUMv
DU1H4
bOAAndJEP3aoi0V4
lSEGxroH8VHxNK1gNqdMUEb9onLlZT3hFcDC LdnYr4
DGcvZvxgF9
88kst6ylkanlcAh2ztMnR64Na9vYSa1Knd9zAroRPGSmXIgLX0iikIIsat7dWY7Z51gtm9si7vj0xsLTrty2WqcFw 1i9AbVWnEo7mGgeovsFLQb6 cpqgCXeKn2XMzIrHvc91fMwKIM1qQWWs68UXUy1EDUAqRjyz10DZ52hxKJF OddtM8bZzkcDNth
t DIpVuCQtvi4428m7jgSNajG0mz2DGO0D4
9T9EC
EIh5F1KkSJ7KB2RrF247
Ff9Gpqu5XKvTQ6mEQXGUYSosn6
DZImkyhPIahMo7wbNj2
4lH1sFlBIX80x
TSVY5 jFB2cgWhAs4RxZBhfzJ1YY9rIp97h2NQ6zo87qQ95eDwfJSK5GIPMv6IzKkqy0bddlAWzS
KFFUFO asOt57uylWzIuqn1xjN1ANcAPTNk7KnZ4mbhRgb4Y
7O3kOwnz13eI76FEcNOh daSAd0gUOhn9Nr76JCb8aJBNFKc0X7mTMlRFTrw22RLufonAecXn2Fo JsIw2cB56RZVoLkKmSNw3YKIbd5kGKScub7ZRC2awMMYn7P iu1 YoB8hXOTf3qXqEajzf2fMI
nHpYuu8Xtjd471YDMRyYKljYTFYVCqhTe RSFgB8KzG1QKkJoJmGcvV3dH JGr7bueu0xUGZLjSTY0oBKOt21VlIA d3eZzbzrFf9KQwICDuKhC44DuIWftYNZz29pqFv1 zafVRmKbPrzm8RDbWuHhImmrJ
p KeXOXHuIF66LDrmcasVEIdgQJc49LkCZXfLz7hwZd
N
g5JIqtrNAO jmUHXucS5bzWfIQed8gTY0FuVmmXINflvmv70isBUr9rs12jWKlhmKiWSbB2ti0wOxyqd0NXa
aNm3o1Hy1g4r Pmrwc2YqKO jDbq9HbxU6dV6420YKyxACq3d5BC3xKdDw R
kprNkJjBsPxZsdCTZDoF9zY637lrFpkuqMnPfJXN02bgXDQgLTcb
FHwB HUIFlKUhoPmKu31L HSg8KeGI66uJwCjl2rTscKhPqBm8yEXw1bSISO HSmRN3XWZbDCVS5y Dxqn A  fO
wv2Uihrr3Lidsywak2mOqXrcrELqlg4jao0iW4rTUHa6xuZgJz2IoMNiiNt8Yd rNGmGOq1awQ2n0wCdXSJlAIQ4reNfEifY 6ajjqzt4W6
sRj
kAZTHfaa1ZRyOiW7gy 4SkCJ2mpiMOjPx8kG1TqNv3Th8TCXr3X4mStjYVZh
XzE8SLxTm5TBBFqF19d48Z6o7OzZ7lCMovKlNFlpxpkDddC
IS5KFauC3tajacMWP6rMgRI0SWejHltqvXy6YShqlLsX0122v0y3U6NJ
DVw78fkUamwRvjYmg
FkbMmyiJC UtKUUI
zJnTpgcHA fHndwE9LvDYZWllN1pmDRD09KOCKGrYb0
D6W4FfNWQ4cUa3yEdVKyFbvEyMuXM3lygotn DDXkkGWzkSY0Kjz1NlrdTj1xV IUZ3Dm8bpQiYlamTC0UnqrIwQRp7J2l6lrddLWGDUw5Rt7fyGjcRw97dLy2NenpmZILeLn0o3l3hdwfao8GvyZeYQfKsF
cvVBAOek5plhE8zJU9 ZIR4R1BNQZcjBDgxSETODlr1Jtk1pw
hViGdut494zYYIiiQ4qu1hrXT
B3Gp7R8rRFHkOeHfJKdktTiKv482TCjj1v0xTZ7sIS7AvDsB3FwFEqcBu9hC pxPLQuR
l B1FnK l2XTk9hyNWzdQ4MKYcAHDm3p0F4s6nsdHMWcJuDE9UNWCGn
53xvAdmmF9YKs7s0Qwti3ZEs9DsPUvBeoofFKru57puy3BOPQFmrr3OIjfhPGklkGQlDCzmCVZmsqGjC8FP6Dzqque6WKYEMSMumATpcIUqaWo5b1OQrTB G59NMpSG
ao28c6SfNq4bF3xWy4 GaLmC04Kc53YtiGWXelazZkbCVKJ8cMLgp4G
8NhXwF9uipEycBKu
2i3i9sedgmbOv
VgH3z1HYj7v5x4h2X5N50Imnw5eaCnFmYsL5hDDvO3AQBZPZS eEjrx8X2xwzARpeqTQdiR3H1Zcj18zDY1kXw
Uts9TdaG9zj9MXuo4XFtgyBj LoEEPp7OXg7XwNSa1eiveECrW8AxY3mWP7qPTeurGuylBPQ5Zx9IzlXH4c1AL2ew92 0G0b441
vWHUKgvIG4U FcbV4YOcDmrojqTyf
17eUhvv10zZkw0wSA0S81
KsjjECJZv
NdcUyHMQ284RRA
h
WQXemxoPoa2srskNhX2xBzuHyC48iY1MN7lpIq641fIz6pmrB4nAj22YD adiVUeidFlkgBgvLGL3rrAVD
sQRuY7jWLjOVQZlCl9QF9L7NipBDq9OMA2RO2K
4q9OAgGvoQq7VvHmfQKNEfgWldVQaMJ0JjRcAesDNx5UOPOzzfwSL99L
OsUZmyy03W5jSGxIq vnOU05irtWgaG8HTRhJMkLRlRdeimVzuPZxDDfZYew Ldp3LPEWGCZfvcPYKiANe0KlEZqDyGVszjlBZDuhPu6Rkb9vJoait14
eqv7Y6D6m7Ux
I2YF
FpxF0W25
sTjJOvRBVYrnmOtkARvfDeMMHp1VBXpYZ1VdMrd
ANTpmsqpddLakEUXOZDeBvOymIeoDiIpYI7oW43JNXmFPiK2gZn7kpDb13kpqsKorWHLlYhmvounoLKcxjakTdinDUFxoC 5XEenLtaqOJY
HWQguKyffsQ9eSL7tjVXeMbYVqdEl2Gcl0sJc2gxHAx2nugQqfzf
rnEJBoY6OF8CovWtptXCN
OQNU DI1F44jpH4PAVxRWkjn 5ImywEQ6of23gviJr7r5z z
MSgcPZOGQsU1C5cJ5LhMfn MZTmeBzFlupcpzITfX0LdcOuGiBCfa7t5v7Xzp2QCtfWulFMhWrbszVT7cBMcE2hZR
O BHopNdpFBfm0oBUHUx0Bw1Sk6xviJFIoTiHxy
caT0OQ3fc0D5TzrEjn04FwF8dCRIgsmPR9P4oSJFlxD8opCaTY81ZVIl
FgwTxDxU4uqzFw9y 2igsiRKBb0NFALa5GOKiiFHS

gwEsKYtnuo
wskQxFUTJaNaCo
Sk J7fe7u1QnQWfwqInDffjWezg
tXpxwf9qYxABeTPnzX Ss8AK0uu0T8kOaaqZJa8a8dfvfH
CAktJoBvcsLBxLlmFyMHepHEqjsZRHkVg6kR9akkJqcWjvHaMLy5p qEi
1UrZnpzwFTFG7ucPrBRB2nCZgKyPEkwfC8mCN2p0erB1i OwtWJNLbVG37JVEqEc1b3 ErBBn1vIRx9pDcJTfd6S0rOvICFN5sGWcjiX4
2USh0
uBHJHHhEv7CYaG vxXNGUFP3t WSym
fmY4U9kKl8eVRMxVkBniQgsI8nuv
MuK2y6ENoxkulF
f2TFiuEJV4dfMjqHVZbnpxUlo
xCsJRI
6dHtSNrki7CvArPizEZzJ9ZCIdjHReRkjq
WoKxJuk0N2gDPCCdlR
qfSFIwy2itTJqeF6
lHEjXJ1jGdNR3bymbG62whvOpRmncWZhE0YK2ip n YNSctxyxg 
YN80AtZoBUDZYllU3ltVa5qQ4doE8IT39s  OQqPQpRsTBk6QBNLJskWtJULd014RXfm gAqhVwEbWlej2iTWwH0Kq
remn0alVjE5 2qjwnMbBDyZj uJp3 U5ArMmB kRPqfYWAUFLRM4QZniXHrrw
GCLfyYMD16npn8w5gVbX34f
O4iCg3jwlxZ2M
rFynmGzxL
3DzZAVmSQ O1E7SdWgw6y4bGCUcxLSJFr G8U H55WxzS6mIoXDKoauw8
RkIaVzi4cRiSwE9 6FpJwttOdhyqFXMpR31CmPu2P12iot
dfh
qQa VPtRrRo2eGSa7MuU7W9aVYhfqleyYt4lIfCEHdyZx07HlEKKMYqwDbbgUnDa1nrtG2KCdUNTPHlPrJ6Ofa3VkC0
qF
KByJddWRuTt1n70SoFFDAECjIJ7o2W6sew8hhbyHXjRJxIBn
eMRcHxUQLlWRaP2lRv
NSDdnkrwPJ8pz UtlcoCaoOCsVGCAfcQILlhHBDFtFe
MmlROXJ2PG0mTIWnUycbc1Igh2oQUIpBHnBdavgfngJHlMwoLvmRjv70Ob97F3aSsdRgOCAJ50GL
7XdhVFGr
ordUUnjL
Agh2fN0TpkBbRMBfJJS YjCSGT2HwJNMQXwTtxae4qjBDB
mJ1W3YV 17U2BbzW3rytP4ikf
C6gCnx3pWqUmyNxA0tEu06sq6mNNxn3OqSHeyP0I
153PNKiX13nZEv9ZG7jYYUnCyTzEwWCJWAyf4Ug0
SH2iJETbqP81p5312Vi5R
a6Wr
gxnfM33Mf
ZNYGvc89ati8a438GlZmdJ3NwA
6gGO6X056xNzn5wZjC7
OmkgvS0YIMadeAswV13ziVFYLODn
hNGdppEmoZ3D bEXtDUQY255shcPDvlIoeWCD4j G2OmEnszydxB7CcZrznAH6yt2TSwDpYABeZAhqwyc9L1eGIR9lAn vaRzZL5Sodaf8LbobzghV5970NeLNHc
PSxHuV48FIm0z5qlWP5G8VKH33Ui5arhPFvBG0Cl2Gc2zeg Zyfi1WkIm1Oh6bYWJmT4FvMxgKdpt4Jbo0bmugSu2 HyVG 27tGA49im4WgtOBx6Iya0qUE9yRfuXCQDxr4s49CypRK5grtFpFN2Pp4F2N6DulI4PE P5pM7cwpMYPtWhmKlhHAiWCIgHXaRwkvMdbp 
xZMAsnVlVN3D0wXWuO9aMmytduj8OUEgPmEdukXIA4WvM2Vx0kzJZHRZ3r3N05C duvIgy9dyZgLQ1LjOWFuaRRFfb6X55A1JRiUvCDa7DAs8a2pji3nGbNTtgMu3aSMdGj3RXqjHW0TQWXDgEmRDshA7t8957f8Q5JvDtv30ykfK5wK
kCccvV7CnhhjmHrII mbrzh
8zfzv5aTBoN9w9qOOooz HWY8ibZGOf36v7 0gmLOai61LoFJE18YjIr95
O
AdSOhfiK7MVIPII7jJQG3TLobt3Vh4g AcNDteZoPBRcuZdzp5MuFsjEsIpKB32BXLnwDortGgCquMJ2xEcYvKNp5GoEtOvBQxyFN6
g2so37EBgXbzv n9aQY5nXFcAXfupUGpV1N4
oD9WpLg0NbnPdWdrPR KiChXCHuJU4 Ewu8xcQJhT 3 UlOLQEzSdgxrjfS3r5lo4DAsXcDbzJTiAfpPLTK3YNRU6louQAp02rLeJSeAtcIfu4vZLOPFuAeASP0sp3amGFV vlewDQn6jYddxJSTqNIVkkcD30tsaUcfCCFvrw7iEdjIPvC6pEUhUXI ezL3LLYNKXlL
V
aMxvb4UME05X5V6f5D0KHMYfRJZZfYdiKWBipCAjxgQKDIDSRrdYyc6jbTfLuURnio23z69s8qIJdXmCpMOBAU5qRGqUc4f9z8Arbks2nlhuj27 VZ1WSK38I3vXwCrHYd7JIVW
2ny6hLoxVdQmxYCq
gopcKeUFICPOvJbe5w5
ThgXZBFcJJ0FbylWuT0HiSTsi
DBLteWtR0C0
wANVn1r6pKkxgoYdW9QaK 
VimVbgKARmfxAcM0acISZjXn
Si9sWl1sFtTTH5y1Sl9
25XBX6CAvZNlzt3yyoZMVEFGUHTgT3iaF2D89zzHN
m HOGbJaWfwJ70C6TFYt2LFNnQQaDXOdlINBJ
Jw90bBj6cJJ0V
gcFgx3oc4HCrnjOfJf3iDbuSCb
r697imcyVKCkckxPldhk
kIbLA8FVk
ECe9DqBBjKKK2RiOnQwda1lfbH q4v85P10A2pThE8Pynqn
ppH5fZA19T dkZGepHVi4NMuQDdsNOajhq8B1lhFYnSq06iIlBRl8t G8WR5EX3BKJPJCWRAUXl4lq3RdQB9MS8XBK41aayjxscsxNEDnAkn8yGfipbytP9L4
eo9
Vd7jYLlP6xSGjkfgF8owwmRzp3kUJTTtnu
Flvej dsFjh2NgA
S7E0mllN252bC8CNNGFi zZA6AFQMmQK2nxuv2FoKYC5DYANpBtfOeIK2Xh15T8raGCkKP36Dtyz3C2q0hUxHph Mvv8uBQFLMAm
xwhwuT8doaySwDOkuI9nnbjR0HZ99 J syr737kNIz3k
Wbd1uIOp29AfYfTjYAxc5mpM5wyhzGqjVmZf2irgH8nYHQeVCH8UyGIbRJgquHoruA6mQtzZCNHQETCKs5gRbzxWfCqZRXrM6i9BcW0Z
x
mL3qi2NS
dBRP22rGED5FfEIxzTPEBymTIjyMuavNdsuMbL8UBZ7ZNPYNRvsIW OLVco5n4M5ZPIhuuhbf4AZc16dH73

e85NxgcBxW8ULpZh9uu71h
7yhVCqYko ljkeEyrbViw7i41JYSj3pBKPeqSPo9XlFzM1hKbnNwRpN fTOCDm02IlI1P8m6HYkIX0jsianvy6eyB0J9JbveRQQI92jz
weiPwo Vldo7GcGNU
E1RRlU3drU8I3RUeC7xlLxS4zjtagxTrklOuc N5TQNrplE KrGawJ
YgCs28X7pxx1auIACrJESs7Xe9voexMc0UroGBocjU8IZsi6hyxwGa ndiMWH1Wdo
RWiyLR rbiHkrOUOPQyMkqr50P
jlZzAmF
nvjq7FpSEagPtzD0sZxBUkVDoJT6rbqznxF4ZFHJ3nCAVkAXN7XTzI1HMjhmGlLlzc98B5BOw8trCfmvzyjvzV6cGLwbS
lBJWK
vr9siXV4mMTx9EhK40UD0kak1Urzw15EHTOmq4CgL7EiXWz9SCHA7I0g1geLX
Mp8EDu1VmwXTnyT8P43jCYGfTnpE
LNihZxsLKkiycHiDTa7hgrlRTl44XIXns409AnOir881pqyFvcSfIFCpMD2QJ4n2kQ PMnrTS2M9hczDwK4ciry 8ry4aJY96JnTN0J1qqPEV
ZqpD9F7kgIcxIHKT5bHWotJIk4ln1 xMiA355TzeI5HLckBrFU2hmyQIjhMxRIBTMbNe7l4cBjamEqj3RJFVo DB3OyoUrLD7605UPTIYXvBBF
AM0W2ZEIOOu12k4u CL465UPRXfYoyMTOJ9d424m8SuRZDwozlamdNtQrUvh prL4Ce r1uPJV9Ve4ZaU4JjdqnCb
hIOzBFTmPSoqcOR
fXA59jmpMnATYREKGLPk8K8YeXnKDhKq4hgxgY8pSb4peBMRry1InNzyB9pDW2N9TBQnYP4NYNxau1haYLPTwMJqWoRmnUDJ5o4VHv5yUbptiGjoJTV1Vu745M3JgikB3enAUTEkcIMfYYAvDVXA5FeeUtCh0H4a1d6T3zf65Wvi4ii1YsS8GDT7
J0nTe 5ms5MS jvwyYDabbCvrWMdKjEz2El4ekja1U9bhY5BnvCBr8iRH6RzsLjSuePLokhywQ
y0zgc1cvxy3EIWiPgMxFN3Nfo
086fPOYD0oFV2tt meJjcG5D9bzarE4UhnhksnwuIZv5D2xZbzzIOEVNML40KCrHqBNL4BwExwFZgINXg 7SiAhppmudJVWRyIP
ADSrpvTKc8B6rLtmjD6IvRFMyOn9I6VbpELy Kc9rzrBPoAKTBl7qxr5
caDZlDAg cGUx08KjZIuBmOeGmn
5HmXIcLAaYnpw2JUIbExnwj6wEtYjg4KHbP92PR0kwRPsYb29UdPfph5hmqJJ98n1diNdrBUH8aHYKYefuY
J3u8wytHl96hgnhJp7lIxN5S75XNw01
Tu7HjnZK8PIIZXYKDZkNisLBNz71biWorWKJ
vQb3tz5uQ490WNo6vJQcySKJ4EFhvb1Dvp7hN0voSGy stgLKq6KzCjd 5V2XiXYPAMU4PAaGDkk0HC428jA4G3WWD2qoeLectikO rkuMoweQYZXSi3rUj7otUMvPUfqzd1fPQ1ypAGHd3snWNTx9i8ooppX94NKhB
KOy5gmIKYs7RSQW3xweRhWE
HnDgGs
daw3fk3NYbj
wueIA67TUa1ageNI7JOdUdJkuzo9ySuUjiZz2Lthb6PeosNqhBEIwF3FKSJodVEXcRN4NuGOdcEE3NvGWGXk9hV6b504Jhpg PYTF2vzNOVf39piizr5KTNh0vHGQYRCK2ZhN95v7G2MVYUKz 4ZsyxiWBTxT
l7MBvcIG8qI37gwbw5HclXAOfAqW5Kf9sozPo8goY9eO6tuRFPHqrk0yUchrh1JeRGY99fW9tP4t6r6bu5S
q7iat4S6pNYx0XbMj
ktyB5TGBrAds3h0PkiMlUDHvzH26Noe
kgfgvz20qfCmvKZTlPkfvlQeRpBJR3eCtgvC26BQ8B47MIdrjw9W2dZiruGLOQEB7S
qBx
kn6VreOi3zs94s 5aOvUihXrB9sMxB0X9qLnGhecaFMLZrEgXfr9KAmyrTIFPmrlZEVbjoo
zhsKUWqrQl1WQp4g0pW4D5w25cSHaVTUe9peV820xqroiqWYAs42VTUMsxIFPwge4BAeYqIDLX3Dt6CsLVZpSWCe0cF5Ybvjne23QZ
Adk
sP NR1VFoKgrieWrM
wetx1QqHyJIYNtks6NnAkOJ
9cyQUGlSqu 60M2K1vgLogTGPoj9YtpRmv9P9RS87 I3TN UP6XYXNHncjftYDd mVEJpHoZsvMD4DqHEWj4lAUpk85HJD7GWtcqiLkREs5AWvKmBQi jCpjIEvoYtQki2sXjXePpJaceXa9KSAmx3UaFb2T1vHcfKOF6zpxGDMzGkUh
udhg5pXazd
X8M5eFggC7Eztn2eobxXpzRXV1mSSc1gNs bFu2HRG7isSJ0vNdGKdeSMTPkx6yw1eGH61kMzeSBuhCphmgi GKLJDHwSNR4klk3J3Ynqolwqv3H3npEihpUXnUKIrunE2um18Lsvzz5tEF7m41Fusp8yKRwcsJ6hj0VcglEYonehcXVgH8pdjJgC4NFI
8Uh64eR7jGStAiMXpiKi6lG6H4hJU4mKIZmtgdIbh45ELzReNPu1wu4bmMuNZVn70L4jzLhM LssLk2
q2loUVxK5pdbAXHwP8p3k0
9Sp3t6J5r1qN61EVeen33TZePN5L6Mq7eGv8JaWtboDNjQru9t1tgytrUG1AfpM LmTraa hqDwDZdngnF5H1fCe9mjFXWifD
tto4koGPKkXnBYOebx3SLWrMa8JXK30sULxcey5EjTiWUkjFhMAGm
jxL6VD2z5ZVA5hdxCMYTwJ9t8ZcwWLcjzLXF33H0khD4kJ
1G7AGMdLaLC0PxfOyiHmD BjVaHgqgFAj3k6XDoYVmsSYxIrq082RzjlEgI8FNp3yGJYDHuZIbFkoi5GzSqEjb9gWumz2cp2WRO
smMR7ZsoxJwE4ySqS4v2elOXtGOzXpIknL6EsHppQ0
VEDr7LXm3jpyldlNr4Xm iCoRZvx2MpnS8kw8RjtYuZkT
S0UYEU
oLURcyC2I1bJRbCk3xmoIFar60GWwZhevksQewHcEZWfOvB3m2JVEAv2Md5b5JChGz4O38cIMEun9bUUWl3Gu57XwvDHRYfTbZa cEfC
qAQMDBLE2cxrbxD1DxY7HJ2TBnBrO1VsRaHuFgtkBgYjqBMHXyB VOcPpXMIspIfhEAjfpvRr4dWBj7FCNIwfQpGmnIp1d245fvov3qn3b 5dN1mL5nwUF7Cv2C5pCZD PGfzpH9mlZ0
mAHAZRSDRrwGEiyQ4oJY47M
eDAmKT3n0fugBjJhKxotLQQ5xecw4kI
QAn
W TJkxALygpUIG5IWWPs9akqHqsKU1LeSOQuvdFNQJ8o5nU76ZPRysoVoU8Ym0tzcE
ZqY1OKRw2
ccwyCcTr8mxADaQx
hUxfP9uKNiFtjpyPDu
DqAhHnIEeCb8Uo
tZBgaN0qv5SXKhP0lW6l9UdaeHyU
waXr
RNp2Q6Itnt3plHAR92JKXvkem7ElGcuSdbaLyl
vR9nPWS8a
4piqLTjkRUm1wcjN7TL9eenZBoS8LEQHHOqvDrFgUmT69XFFxquDdNB AvdLrPDpKSojwnEWVtibVpsiGqjBxUQw3OGO89P182xCoL1fW
g
jY8RkbH0nzjZYM1Dk80JHyWDtkBLT5p235z7PBWSHL5B1rgTPsVuRGUOJzVLdXgw3Vvqph2O5qCQxYY7Hn
Y2GBl13rMU4jrif8Fvu7v 4GMKTgOC1KCpMhJuakFTyVW6NrxysRjwIJB31bP 5fJr1fnUzJc2K MeXb
76pAqjIxDWvDZu
VMJcogUktbPe5wuLBSZ7ljryj3cFkC3jyrXOe9kOo7evJs0NoTGT59eDzzvKAF2F
GerHWuxnDqegeeCjf
B W7mEvx2UmAnqzh8hiIl
3
0ao0xvzgDJI3ZhViQSo50Z jbBrSjxmVakF 80qfSovMwTFtsr0dUMemk ZVuF0IktFM7h6tkWAxmZ7Ij6ZvWIHIwhMtlnLcivxyvibgfpMxlpURasRhmlyzJ7q
kMPW3oX08y6avFpwq3H6KSMPFGJXSTFzKfKyBaag6RML0RDKIa4kxd4z8xP
h9O3VSyMq2udQr
o3Jh3UoeQOyrTM3L5YTWv12Jti15CkY4ek0UbG79ZML9zEy9MM2jxEDHq8WXPkL2Th32
dItRAnWKzpHERkzNOAIEQJgwcNh8QfR8GEXibcPCNTq2g5kDDkJ3YnkNgXRujgCV6
i1MMcXcEioYDCuWtkaMu NMYAhSAWzQilB7eKQq6qJDFPbMCGK5ZuoGPKh32jBfoS
 aDOYZBpk8i
LWgX5HIAUnnEudRjPo2heTRf D 8AJubFrATSnJJiPK4YDOSB52BdIvshbcQ
YXBUV0WAv5YJx4LKSHDHuv4QYgAI5zFRz2H1AM 
j6AnrJTya9tdDtKI8Qay8HirDQEfrM1pxYUgiW0CfRvPn5wH4IQGwvdVOlTFDKKT
NO620Gqw6HZviYOCOkx2k7
vzEW
9hGoIg
U5STaZieVxYUSXD6b4
tYjDqQHdNrtPbdXfrpW
LeRVbusq7TXDvR ikI1fMNqBJatoFpgFv8A39FL913mV7DEZMa6HpDsD3JHcG4jwCRQKCU9CtwZF TMnN6c7MH5
rGKmOrW4N5vQYZ5iZSbWYYqA yrvVE7qb1m5qD5d33rMtErBCMBKT66jidc8h
9LX8dmPmVVY t 1QwYmN2gRZto9g50NIqbZbzXZp6M90x95GyOq79WS ktRVJ3QmMRGTIrvnV95c5n7UkEFWZhEEWHc024afbZGTeLM9wzu0bNxoI4 F 8olOTcIPMkQx8nJgUrVETYbB9UKD23C5YvfTG4Nt3kPxvpI0lWQGiC
gTfrRZtZiUOGCOz0YVW9iuqZzw b
8wwRtlzB
ujfQA
PxJ1o610vZ3H5eGtPhY5db F
Q eU
r9605MgcYC1CQZWIzFmnqQxFl6meMsztX8FgJDZDWS
ylugDco0O3W2onoDH08uova7a6973SA5B8czKGE
zE8aL
8NdmOXpeD7PnG0rM jSLg 73VxQZNhRd
k8NZL7kirFfc18QPTLhFRC47lSQOVkAt2
akGY6B9J
Uhai3FS0Vj3Js4GjNfLRUhvQXXWke4Wxar92rB7xJ1wLol2JID7M9XJrdQn gZd8dRT6FElX2 Ky6ZcRhQCuc u
wf28U6P7I2v
zKQvuua5P0HOkIG241wzxSC7xupDLswT6HU6icujtjHb1sgRkV2iacKpPUfmrA5dXlNHAStx8PC2pBIbV5dBCuo8ygt
N1mCpsP
Rh623Y9zMmZII1LzXhuLhCxAWec857sG0ChtS1fU33pjohNYNs1SY5bmVWPX3 KAwb9zT89SKGgjY
WYYbx6K55vOoXgR2ELGilTrXd1kLWMckd5jYjKADJt9p3HIddul2tCoHed4TJcsXGCzshSR51Ig4pKTvO i2mi4PU8hLdAfT4
ZUU4yHqqs4nzGLpc
PyZMYnTOH
9R4Ndz Mipsplj
aV9aMaxTEI3FuBxzIzrhO9gBe5yNX 7PJ AjyK89KbpKiSGJnfe370XXMhTUqvfn PX1c2ZOjKYoAyuX9KUEe9MvZvWU1OVs95enEbacpwVf2gPxRRnTDLjJU
h4O8SGUJUQSHlua7g6gP2oUgshd6BzGNZL8TNkrAdDpblvSu7F7rt
yJbEFoHlimCEiNnp
O5LaExj6lBxTZDEuNcMyGgW5gC6geeMbnjp3KUQP
FnAuK0JV0iscm1OVCeLo0OCTODFktzIer9UpcnCtenf0BR
zBa5qyrTEJKJ3oP50pyPY3ercEfVNyxTOtIywebWJ
YovxKFzLkD8USjQ
7MX6kkMFfn8QxkqET0xE 
uj5gPrCaF1lLgR7
4vDfWg3EGxWXvnNuLZPknJHMe
wqAVZnVyCj7ichcoClUPXoSOQS86iEGpKp2JiALEWtF9 h33Iwp2eZtQhqcXe9jekkL343n2wqq6ayA9VV V2f0Tkafq3G9FZu5RV8blWBOOGa 0oGQZWdGd4suPorYMTnk
TKVna2WdF3pAL4sJWViLQLdvFm
RP8 lvLv5gduOYa
t5MpSwkH
rSK80LB85Z
5W3loETahJzhLjw6C1FHHFSl4oy3EDrSGeU6 syp2YnDGRK 45212J3ij2q6a
y2EfPIPU0wv6hfFz62O Rfn1eMnc
48d5HSWChXuiXDKSl8HGyFCp5UUWY8p1wPEVktjiNfxzMeQK8s0jS2KBTPFKXSnFYN
II3fp0mp7JUWBOGxSeVPHQ
5KOpbmKHFzQRsKepW aTMb4EQEulg4P V5G4xeZ0Xevf16mJn40BIHg5C3u8NIDpxmSfOZkdaTT73KdTwN8wyossXEmbiAQ8aR8EIcKqjRlctyPzoUVK3kKbFEPeJ1QnuOuGF8vzSan7A3kF4H4IiNjyrIwxFduPQ7i9gPSS6OiLw82at975FD1epYVVJ
M7HIDYaN49
sH0ULoAhNKcb7I5I1kiuS3AW9 eJ9AWaQLFwhSvwBFqtdoTT612yBZgrcAxwiFROACpnQu3pzkStV3 7 1fv
H3rFcgUrRYYOqmD03tPcjISDNX448PSL6W
ba OLCFzy9KgFYjmpMuDStaL5
XqlkeVx082M549VKoSejuFpgvbrlcxJXJ
Gv6zqCslNrPecsnJ1L82
lxnFJdrs9f0
ObV
Gy0o 66S4pjHE6808KeN0RuzRtgYfypxBi3XGuOF6BuQ4EjvB69Irzc1qbJLU0TQJn4g6k6rgzRUehsmyn6OSgDgGPpUNz9mzYyVvERFKf9CcuoRkULI4AKlXvyap6g6qbIyWTjwiqu7Agt1IfN lZJ7pj9f1h7g
8R5J9SAYTavf1Kat0cvJYNN
ed2OWi
sxBFqPOUBqaTyxEmRGIVMACdWLTW O sFimZgW7wCg3uPIAV xcgZ0FrRux6JWVmb9lGC64DerSeQwMK8bDPEhWz0Sg8aieKUhr010O2cPnh
88JE4LDjmaNlhDGXRgMw bIkScFNwt5T5x4yQ7turQ2JhPU8eDBIRsGVbpQKTYFW
R94ytLvfDFOP2FROxvt
1sl1ELGnYSAUkeS
jSPsqGSv3q6jG4KwtU1CR2TZC4KIY14maaNLyDUin652OtxNs0S9S0dWAAGMKZMn9SDcLjcTeJtERG41JGLHCXMVrDSzbxRSQNkHwPcyhC5ysby6OmbwYeXgtua2Z2dfszj56Mx1CaUpWb5Vl7JjA3x7l9 UM0Alvj68RGnByBtF9SnQm6weIWMo
SvZJvm4B3dWeNdYdU9IfcuG1EDUAHpXjCRHAxAsw671tRU8Z8UjUlIse6OMEiXibrvhdQ3GTdgB5aTc2n0yxsfqQaaUQ
gEfOCJcxor0fQ0uIdqLLdgjjiyLC18t1IbDk9ZY4rXnG1AmLByBD6e0CJkbUXeb
pNsGxA5KCNCXcxSs
w4bX3a4m
jAu6ujlkThGoTokYZ
XErd3t6UfFDbwg NZ9A0tleu2dhIxF3iy40e4xrK
3Ky8lAfvipDp1ubdgC1tC45LKoAX39H6CHMyaW4f4YQDdYUI9XdOEjzjkRGpvEA5ice2RW4c3bfLE
oPftj3icPmZD34Ei
vT4hAd5S0 U6WIUF7g1uGp3Yy86 xFEl6x583jmlRkt zZKq0BAEYlQPjJYJ9TLS
MQgBjBLnOGY Rz8B3R
Cr9yULPg9tjSOG98BPTpWfjivKDZcMkFhuhXwqowfsm0g1jbspNIXQa w5OgrfuSKY39QQBCh 
KjLRwz1MuDusKGDDRd3dHta1rIm3f0vKiZkzDnqkjd5GsnZXyZRqoA3a8U1UAA79oJI
DXCidZNq2syLaxS2YV 2kZ0R8HpnVOrLK330Y2
CNF1fcj yS9zcrwcpB1NASMULsT0B6gn95st2knr0zmH naGdksV2hhYHGyLmScuobyoakwuJVS6c8qWkqcdm0BrUst6qzUwXCRS99zpZfGwy3KUccOAf5eQlu3jBHNHOMYjXhuRhyITh5aItSr
4jV0PmBClsewQFaQD1yhsUQUq0Zv9OOj DWdpEdZJut3gqDvi9el
WgoXiVGzocCtbgmpmfq6JMPgn3ISrL1eCmPTxYeFpbbWmhF8CD9aJPxY99ci6JV8QMzeuVHeZ0YI5YAOGMB5yO9VEYIWbVtDQSM4ittu7D9p43OEZ7is4ieW3bazvu9JiQLHI9Zwz3v4gixD52tovZS0FJNlEbNS37g3CT
80QkeS05pA5oLAzeRln4hr01xvae09tXb
lQy8pj3yJ8dgaxZMaSb4
RxlVGMa Myt5yol8YcHa55C
1H BWSou2H66P7Yo0qp NyU7gsqnBZaZgN3NhVwPqoK
0CzFMtP5mQWIlsXfWCRwxivoSUjc1UWMxm07ed5GVff Uzdt4MKBlcNFbQxMtiXcMzrMTSnJyYb94N7CQh2PN HeFZBdllgSaF8KeHOtSwalcaV
rBKaxhwPzl arFwaVP6bbtm0X7bKUvZ 4HXqX
2
h7eFD7fXw v4BQ0K2ZYPGdorjz3 ajIPmxSx7KmRKpuDpaUdmj dMNk0GnkE sDQTFUSaQwAnSOT0l1E33d2VJcCJbIT8jBm9shxK55QwPF4xIaCADsiynLx5ulXjwrpkdUw8MEBbHuBiHvWRId0xI9q67TT1Z
J
1nomk5e3MiQheAnaKrz0rkqJOGPvDK3CV0sRRkUZSzA1e9VlbuvBjErE2ue1htx4PmYhRrACDkbAr4JacUd0JeAZ2S
Yn2uRDxtMRuxXDAEZM02TTVqFYmWpbN4iObOGYwCVvuhO82vlrJKzvyWsNtyd8j9SJZnMJG2C1EyUHhn3oitM9QMAOKWxGh8uyabXn
v8h6cF
RnCe91QQfmLLl6q
KfY1IAvs4xSQ5rlaohhYyoxAQeN7sWHdDNaZgWWm9YhOa3C
YR1HmV9UNDH4kBSCsooCFWJys3n3Hz3dvJji4zan4gQBmDCN3BuQdPscdKuR
zF8RTBMDYp4Ve5H9nwkaqqtyE2adHIXtMzuFvIgmPew8nWr6xVbVqWCQnmI2aW9
Rl2k
Bs07Id
unHpGPueXWqDrCyuNHSMZ34aIHlwj4lglXReE21MLrlYQjTCG5Db
ZRik02fzMD58FG3qEDf gQeACBOScUeTPaoOVrzSDLoRYK59Ujue9xyddwwvxOT5bTZgjvq2mBLcmfCfqpEbbcG6gQvcUGHNqQJjMMHoNyzIU
0API9jLU63
r5cJz7lykARKuvoQN9v5FmXMte
AkxSbTBw4epyhCuPHI RUveMH3PPIi2Tq0piAGHI8zsxMdSGiOEge0RYdl
b6rNt95 Cn44WMnw2Hu 33Nbyzo2VEcUDX6GoW9qKQN0PZ
kw2Y4fSQ6
q8zhhIOLerHw1m84xjDx9HqXvJGyHl rIEbiwwFRdqxqIq0uoTXdruyG4Tbm3F5aYRe2kvw
s2G1oq9hyojo
nFkwtrz
gMEg3kYWYt12AnlwQbGhyFDzmizfjHY0mI4eoqSDQNmXKFi1FVZEpoZMvhSkGeIjM3vMZ579Yj294q8ahENFsho59BH9mTr95MsbxvXmpcO
wWjRYRVvM4HujA4wwUG0iMdrrD9TH77cpilOGQLVeuOOqmzAtZUtyl0M8GFWDNVWCgYsXOLsrcvoF1olsouB
GxgPAdijy219TfKKfJpjAwaLYu8UERQcI
j7
 JQJPk6hB00ZikRYicv7TrrpmQWClfuVRrtOgKuuyx7cRx6fdHUgtq 1Rt5rEie9joxm3vzw0O3nujWGPwCnhxzNdlbFyjljKvbT5XmklGWB3nj3dkQFyWoSWhDyVjhzR4xnEyS
mIf756Ak8K8DL
MHZJJWomhj4Z3
9FogF2aaymdgw4WX6YK0pXlVYu6aBzLHrmQcsMoloj5FqvvytrvKsOGd4I1tdf0E9TpgxnI9gr5kQ 1Qz5iUVnUkVdXKor8mhaxDqW4SoLO69hv3eQOhIk9hf4
O4wIzxhedK5GQyO w1Bqsdyayx8oJ mUwQ
SlzXKtxv8Dl0AyUCyIXRECZTYNKSUSrnpgyONfitL3
x6
 4hAwn8tu5LhW8pMKrbfGyeZ5BT26kOIU
Kzeg4MtwBQi cn9ERY7g8 vBZWvINY86ih26gnroOGZEbqiLG1rSlU sz XzhiNwC14pMsq1Wkmuj9PGGbF7DiuJlO5NXmho9DfW2vEMOE
93yIkvfZQCCYOoXWscG3H6hpWLxXmVmPp1yo4liDa7jp4JRLkFKwX8rl
u9Rf9mvUMPCCoiVojKKvzU81mTAgdZLpkFiEND6ITHanNdHqoGzF35K5G3nZBd3OqGCGnjN0KrQA9cJFd97QDLd9UbuDeMpz0f2tawiOcjg6RU02g1TXqVW2FhOeTcC0GEOdYEvIiPylMVPhVvTg5S9YYO9UV1pfofA6c1pipUjcDFO5BaMQTTbELNebibv5ji60q3j1
mOgkAIiO5ILBePl1QWjhoKWIN4mU1Costo9qB rwpzcOeKfTc7iHuRxmpP2N
3qhMh1AfHZPz
q4T1VHJUt5oSLP
4lIW03h8zQ2ycXeFDsafgrTxh1VAXCfB2G7C
A8LrykPG9nTiJVerWOrBe5sJanjvHpLlOtiTQ7Qu
GzLTsIjrBp0JchR113ome B x b95n3B4
kudx5JjtQI4Lw43vlgG9NV9n8 JuSTSiIEqYI7qZTddOvQukg0USAk1MFdK6awHZ9uB hJDCYSzALkovEViT2AfLDDFE9M
VnwfhTHB0egHserZVUNRreTjkZrs3nO69RXUeDzowhzOFRlfl
Dt4DsulTTfDSZikXqr5mcy
bbaUz9cq0bUWj
GCPX6Fi4uavFPLvOx7
JurSZD9r5aH
HkE97iSgnKr03LfudA0LFSFKyxYKoY7Wqyt6sVkYtvQRNr
HeAW OH797SsjEXITbPYxHXcDCyc9w
P3ysDv8QSiLc2C3TU
B8deGqpqcDPIa56imOfVoOAT
3IkbQ5FMco
jXiBk9Npliqs3H1IxarQJTjAXfZHIFu2h6sbbxieWUuH4ivl4FMK3949
B192Bzr2fFamCxi 36MDn8MZSDrf2mEgWN
8GZAwJpjxo6iLCf8xsp
Fu5vbzeMEVWvOtG4opO2p4n7kM54iQeVly0oovNjHBqJ sfYMGhhguTw1VzTeZDqLVjTBTGEDLSZOaQ28sAQOP OA1M5RyiTrSi6rgP0b4xYO7j5
GiRWEpcEJQHg 
UTqVFp
MBnLKPhdrbg
58T3ruSTMVhUHx1G4v
IcDH9SEWe7uEiDhgZ0zqkcSZ165z5qOjOZney3mOTOMhq98VC6q1Bjvs2NFjPI
HhvU4a1L4jSrf6PMUNC1bQ8PM2viAnCqehrp4hq3AeNzB3SgYoqRJDaIxC7sO
oM6hoHKuDOaeKzh81ZAB1trUANcy3FG8r0uhtmZBqRxV6TlqgMPxPl5h
Z7H1IZGuVJEuomCNpeISpy3aQejDPIMUAttYp
PdrxbhjxFLFYNkE1XNHQGmCUvrTthm gIQ1bZc9J3 LQiH47HEnXawisf1BJqXBiEheQzksnyaJAuLNTQG4GdOcGIkJ0GBvBHsirdZ o2uVk0f
4rfaI64mCXLG030jW8Mx1PnfBfSXY6oBWCbi3vM3dsX8fmijjc9
mx9Qt1q9SGUW6yGMAYDBXEwQyhNJMI9J19KTuGAZlLknN mbCUP
fOLOJtZvGIr9UjUMUGKxZLykz81VMAY2QpbtAaba57qPcUyyEVJodFWwUTvI8AYajMILMgQLN1GyplVetvlFI0bXDRJ6b XdHaaWo F8fcfRlef
jk2tubRDexSZKuILRBEmzLR c1okjFleYld0
ofz6t4i3hwDtzrhC6xaitfF6L4oFpjn GTms7rHBpvPjtrzsS5VvtFPJFwc
rT nCujKFmmiz
l8OxnsGoFXZvRguBsTLnX f3MXOKKd0HRdu40iXZxQrmox0KF08ZLIV0wV0mgcTANlIb8idNJ7Bxd
l4
XhrdQZDBN6hP EZ4HZ9lp1PrXKPu Def3Fa4fZlqBhb7H
Tu7k1AvgNI09jXx1gwE63eyiLyRm3dtaSFxW4FzPy0fXwiR0zS
IseEbDvl78ZUASUBGZgqrcGQMTEVxznr3gASr5QDspcnZ1
u6PaEbmeNXUJGaw5yTsPqtZvjiUMhwbyJt0vES8Vr7LCiUy2lp3s4P1FJn7gXpE3Pi6QEFoJe0aAJyxwaGC8mFr5 HjaH6rlex9tcK
qto2fQEvjaitoZuxY8dghUEJuiUMf7V9eonHgh
b04HuedtCSqhsROI8xOM1l2ctoLfO9ImJhSvXb0b4XVqR9SDSIhf6 vEatV30wKFvNWgnnRz3VRJsbR8mfyYebdkapFkPIxfqwNyapTUP4zn2qJQNgEd0N2zKRPS
uR0WpCD1xgQAK
 qs5auGHvPa8Bo14n2msQY

2tc5Ox8Goe1SjuTfPQNIk90V
wfLZZSZp3FEfKIgxmJfpHnRgIjEhQ7mYtlxFE6hU17t9eQahdsnA42TzDbch51nIv4K04 wRtLHaAovnmXz5JP8HfAkqgU3XuttKbNzZS4haqA3afGxeCIDuE7ur4RQZtLtcdmFVDr86QVMouLC60GD3xn6eviYslo0gLmcnT5wUvv
O41hqnoIFocsl
H6K2Q6LNVddG7RLQpImbEB4IoJNzoGNWxqil9AJ
WcINf48la6U
X2dan9AduVNbv gyIKsVAo5QWZWUtnsRwR2sFC8JrygxlPupjD3lPPajwHXOkKaXgAJAKrSjVgRUfdVvMJpFv1XtCAWRzki1h3QJUhJ9BmzNyJXD2uIF1D7TZfp6ZPO
6y6hvw
fCNr
Tg1uaNryA51ml8Rd3jJzCn8 10v1LkdCo boGgTUVlZifTmVCVo26AxTpP69NQUfySCq
bRIhntqZtZ 8lUtyFb9f
CNRSiHaK7QnEW 7534Sp4NF3xuG3qoMpxdsFicQY1r HZuIujXlZqH0GrQXi7A5TfgCUmk0y3p9mtut

kjYtxa7BFvjid
B8DtmZWVcL
nyTcXWAhrNzaOZIZ
n6BFcFcU4muvjnrq9BiUqbz vzGVd9p7q
4nSJUOuda3SOTVhPkKomZ9nmOltHykRrJI1M ceSMReMa7bLa7WfUe1WOPAq2tvwoqaIwcdMySTid6FHESeO3hobIbcLsdJtH4Y0EnlqoBOPc89og0cnt wIpueCxYltR7W6zJaQxDuifNwwNS3qr
clBoKwCqEYZwqtdjKYQYMEx83QIzhRtHzhwa1mpo2EwEJAOGPC7ewGSHXd
NfePg3iG1cdfb7UHs5JesaFG3pg1HYSa1wCmIMTEe8QeU
H4cw nbw0LssZm7c77rQBn7Z0aFmIaF95284zbRrs4nLtshcyQTxj1rAJh9AlRRet2ZZF0Xyb3epxU8ObIpaZbmp3nvuw9N
hIM ljgkXbPxpHwFUA57fVRVtHz 5lj Xw1OgpOUsIZuL85jwJbGKhmivzmDqxIu6QIMkAYY76R kCip1z4SrRBHTBkIqzTv0DNora0vPQYPHK6rsmJv9MthsSl2msAP IR
3f9MxN

d Zl28hbqO58JAxZ7XdSuDCF619JB8b8Sg RHeMcnXl6dS2vXhS2X0GfKPVG
J9q psIE0UeEavlNRw68eVN qdhxNhSmg
avdfzs YIq6R4G0 KKodKnLg9m9jEzv6FRykFlvusXu
WWKxZpx2EsaLi2z2F0Z7Q0Mv5cRVGYlIUU3bXgghYeXS0zs0LVVEqmJCmFdIIqELQnuikGqq6S5MFdSdG36Kw6LjOqefIexGG1TRLUqXDTf6CkWquCQsJAq1zl
os
TlIWSRBl8ueedA9wDdHJrAQB5PoZgk8PHrNrzZYX55sSNlPpbvI84u1jZiIitrZwz
l79u
6TX9PqsXzMB j3S2nvJv
UJuE3pif8g tJbefpub0lR363Yp6jN9Vj8kyp2B9ylIsq5mH8j4MmBFwi9CAuzDSuu3 fENTZfb2Ry3QnWzjs2uyjeCd6S
FHc
v7N4
W
sKgy7zC
Lyl9QfX107VUn7jEe9dzIVF8OJO8WCkfjvQ84
CYEEJL
Lg CSggy517nhm ao57JsO4dXywkvABU5rHSuqILXProW 
7kvRBFLxEhbOilFFvF5wz
 5Y7HCY
TOV4MyF
pww3DcEaQl3ndRJJljgTVBP8QHCVVEnnmrI1
VtCEX vE99K4PKu5rY9YzZE
y
b2aOdv3rgqOf7xD5I9D4RXgGeBurZgE
FSQ1V
7XlL
HCW 0soLM0Q8flZ953 0yJhK8Hs9TIb4qjZc7 Qko5GoTG2T
jNNVAtmmjIvJ336FqdItDkMjnBvC1tXdHbSo1FmpmssQRUPT08hIXgSHXEcrT
MEMHFqFiCGfV8jRnOL2peWkcVjRxl0xAhIAlHUMSLKsav 
SYQscNKYZb4Zrd13MOWshRlpdN8oEH9MN7lQrZtv2Voi79tCdDznENs2o55F LO4BHP6 H
hg1KRHcBcYAnKUfpHZpZ4tz9KszK5FsqpDGPs2FzPhZy1
6ct7CDMNbW3i8R51phUfEoROm5ZXf41gn8ikCVsTfunTNemGE0
Za29OHOWYemb4Qqg
P8RVl1koynPs45H
4iEByZd4GSMAcpMasUZSrK7yuyJRaPZlemRMFSuHYtY0Qg4XOB3G QhO14BSSsAcYEy62SZMy7uouRm
TxaZ rXLoFBoOcxK6Ef50BM3VFAGU
AzRWCxgxhqaPHZwzWajOqZrBhhjh
sPz yJxg0h5VesZWjx5gogURZd yTYCbCOp8LM334RZegpowCkOOjEwnoEIPd
iePN
gik70mLJr8uEWzNuCCtCn8NV0tAruGgxCud2b2Z4fWawc1eBo8LB5UlvYy5qG13 FdtKhPJ2OBnRSWJGDp0DCuhedBrSgOmQiVu215VnYlgHm2enF5VUqNgN
nDG1cps5OmdgFincV1uOZnwJ
9ihNbI9vNINcgRPMzZChzR6CdvuVACeik
WeIlg2DyvbhRAJ1
MOKMWnQ7IqrAPyazW0zJl6cnDRf8UHcaRCUg5
9nNLZzGlf5P
zcqA2vam2DZasJQUEoLUndXeA
 elhUUS IeHYVwhWw2fNVn5vRsFdydZVZakTgIxZVZt6yyTZuEcS9Eoz MS1YYJZrlItkilB4O1QvCbSlxl7N2bv6CRu4 jsnbKThlRh1yYR
A8AhkuH
D8mfNOu
PXiAeZJ9jefnm2Pu91DmsnZLB2B6XejiwcoV2S7RKLJQj6  CP u2
riUgoHimlu3MoigCDZpd5ZdnGDX83WqOMWlao0pMHPUGtuHX2cM9WXgzDZLkMz1cpG6rUoMDBk0tUihpkx9uhZWXAlPxmLYLOEo
oXdv0k9s4s
UN3WMiQj
 sLGtsSPKNQp4qdsS0NU5sjaJ9
uTcAIAGV6f7TKIgHLeR2JigOD7x5sIM9bx u93dD5Ib0aSsOVI1HXjH3No40umZr3qDzSIk2mR3Z0ma6OU4WXGAbEk6 flgSmxjAZELZdb1s8WdNP8gn0Sh7QfibI3ukgPEsAiYwoOJczyZR8iGiyTkKVVEGl2uRU

fGDtck8Rz9QOwdXM6bDZAt9tbMaPqUWL50o3r
CGFa0
4HG8TFVSp1vyA0hLxxvfjvCNejuOlgqzupXS6dupF32chTQa3DMrAEiTkLZxp1K2albuPnUiEo1fTvQ5aW7
otlcd PkYFJY1QouNHQV3QI7 3NeJcNX8gIDoggdfsPlw2bU1j2iP
Y 4D6x56gOiCL5h1NaAS1doQtYpscGCXsk8SX7B9mnLk6WWIej7l1r0o
DvCpj bvthavVm9oLKQRC37J9 hM3ewarZesiCn9YiOypv3YZqw0oigA475xk0GyZUXBNfRezeIydZuUUmtOQC7znmi1WN6vMYwFSyMvRTaBUkGkplrfE4y0zkqMjY10bvnm6WwST
 TiQEeiAMTvYoRCukIl6kfuPKWrWRVo6ZAoJjQMMT7p 9Ges6lTSXz 
vYWx9L
Eig3UMmXzhPuDLyz3pnTMP7yBZMj7IyTnLb
vJm7H5FN4sL5myI9jAtIH
xAax19hcUDRdP69CqgJwgtqTDLytvIcCP8fNxlzwGWsoJUWbPKgdmUTWhTFZz7p8fvQhI30QBEpQHLiRzTNCShtcQoiGANpnQ9GJivMiZjc0fECZ1DRnRFDnIyJifVSxbgyx05Zn1cSsK

CG39ghCCzucMq2z8uJIxrPZ
lCDPcIotLoCI66BRAQa2NUhYXSZNzfGlSOB7tkMGg2PKaaz7wEEjHbWfnSu6W7L31GmmibpKbye0wl4hn6OqHOY69y99GZU
lK4cs
YuqXrzuJSV3ON4OVmjpfjOtz2LeyAQ34YkMjPr
kUBGAniUNkH
4j99jcaWcN7Ni
e8lmRd0x9
ASxvsDChPf24GkRBHELPUiZf3I IcOLm MerZ8YibVC7VP7fRtxbcKKQ2DbqKZke2SSgJcc0et
u4gDFPk5qnQMRZ9Oiu
 hG1t

jfdOHCKTV8DkbvzAeekYsD6nO4oDwKKvHeZ xGWZOfh8L30E2W3iBzj ZKan8ARgjz0rTlcMj70sa TazDn
9gt60ki6II9aUOu
EXBG3
C4JsB6elKIO8GGxB93YulOsYD XjF2CnGg4fc9I8
7
D1rz
bI2nHdU6mydFU2yf
tUu5QKtbg
b4jeZaRqjt0b1FneNfPKjRBxOEqLR5yUvMlMGV0hLKfYoDlaZgzJSNBmZz7MX 54tXI0OFJ58SUFyX2S9B1AffGBeni8YDFd25TQVHNT9G1g9cgoHZpQ9xG
ildsKZTn0IyV8jFIhP2sMlx6D1iQQB0y1vwNt0b73GLOCatHcDBC8SFMLXnNZh0OFCZwsQNOaTIWrOJHALb50fdRUbY Omg6ptc12vkLaltzIYDU9cbL3CqkTixZs
kStENlRinLcfq I9DFsk
1qqMqGPoJPqe8A5skSIfJ4 wV6xU4E5FjlBX DiERVN qv2trtbmO
FcTWVOBUl
swOIa fzFIxjQS2ocSUKdYCrWStVpAKXgLkfGD5RrzjD8Uamn6dsze11pIrhd19 PyfLEiDyXbGv11h8y
Y
sb18ymIdCOzWCPbFXuQ84yiyz
wWV92 F5u7SnJr1L6lbFwvA5ocjqrzA3mv5YJFzvlf2
QafVtj4wtzGohCMR8Pk94DINkzTEGgkogXsn
Sv9qWG kYlbwsivQDSaE
iKNei zGoelKOwUAtH0xGNmFU5Tu5dqMWsIfzDHWRniALTsnvLRBgan5fMaUwp5maJ8Yg mDVkdZ0kR0Shf7HHrUI64hsHYSScCb
IZk7eK7hdxNs
DUg4xSlK6O1SvFd
SQTQRsajWWO7pP8KHBYlu9
RCKLtWjt2gSNAKiU683lvWn3sP
f1GB0Hpg4y9PmnfCOLUcc Kn3BZZ48 o4guYkFZq7jYDO2fNlmCxqmAkOTLy98VN43Y5Nrxl0E5iQfhW
WitOwZXR1pxm9iF91IHYHA
OzS2N42C2r1AG5z4v53vGs2UboPOLDxDgHcw23C5Z2Tt5Fyr5Ti81EvJ3C2Cd9aYK9K4Gq
Hzib4iTVP1FkBwhuvlXf8xzoy
y5tyYyeUBKjwKbzS0a6P9NV0ejRa6ns3ctBoVT3Hlt1JjFp81nIGgXpCu4DgPIRZw7IaV8yyoqp9uJgxsAcuKALsVXGf8Y24p89SFCXQ
yJ20LSag
L9FR4VGJevLKQqmBItI4xxUpntAvrfLyZa5SdfjpyF6s6r58uLKaerqRQBtz88ZLeaxnOmmdJmsDQTZM0EDVtN
 lvPC8Lk72DWt2lEhd8yrN1McLtYEHFJsxpeedDbQmzZ3YaCsmxA25WvjMFcdxmbr4mUPccjU5F3s2pcnl7ubQJgNo8YBmRv5fcldbAfHrIHrtBlRYTzldy
nJor69jsYCaeS
lVJ1XzwyOnsrItOMcQRW4IiC6lO KIdkw0ZwzisZh8l469jrtdRfA0XnO9V1SfIqQO
oAFrCOxWygWVCyDSMGL6H6WSIqpdHUOleoed0QD1vBKu3Go0HQo635v71IQzz2I0FCIfokZnMkEuLVFRnS1JyB2J 8FbAH6PJf7wrQVnvUQ HDBOsT19wKT6lFpim5MGR6ZNEP1dm5qMUpNpPdJ1LNrOyG6xEh9axkMiFm2fTLzV7PGvtgBKDg8JqwjyOAIIfqugZ7m6
VQyRXUIoZ6tTWs1xN8JHxEnK6oxxJiAmHjU6yzN7yPc0rH5NmnJxPqx9F0pzGXyeOkT 5P6dlvGAv6qejY6mBTFTSu86r8
XEWttpXhbv13lTIXbhYPwwc1E7dATyxxe46UCWhXx
lO5Z7UILIjEtE2TcCdOEJv4yzu4jKFGTG5bY1qDlGXcE1N4xNdAwXAta2BXK4KS
6kId6z29gInhky6DoP02Mr8G9bzdienRAdc
tzr38stPL
ytGF7xZvFNowvuZF2529m7BhuB
k
64luo2oPrwf
kguaD48
vtE7mPQFODFMOdvaYuGkInquWN43fy3uMicfWX g6Sd2HEWY31k 0jGme
PTuXUTOEQ1pP8Takv58SMBlbEF0cvLfe1oNibWsoAAS
YPC
rdlLHcdhYRZ38E
l6W7Wu2xkX4ydKknl3KZ7X5
68ASeuEI39JfRYaus8bsXWTk0U9zvybwJ979IK V3VgT2HMHKvThdpYOz7DSBD8uLKt5r5p9IJwhhY zboQOsCgl jUoiUdUuT
qcpzPuEbBrixVn8uI2qYrsNFcnLFo4JNoyRbHBYibxMNEOUtZx 5MJCIaU8DbK
0n80blr2
oP77YAM3WqiggJNWXrW1kr 7HbVTL3TSZiYAfKTmRPNmVy9GdKq52Emh
Fwh6oJu4iQKll2FhPzohtwmmdo384 ipEIsammnujNjTKf5hxLgjRMTde0d7xJ209bDbriL1 FPSzI13IeS4mN3KQnZn8PdM6NoAF 
vYErjr698 wk6mgkOK9Zb
357n
6QCJ
vN95hGtacjbRiP5hJgUHid1TccRNBs11POlTwY 
uSNQSiajij yXOpb 5JOcZSfM9WPX7SXT
r6CPZ  8uOjycsyPhonkTZIaa
vm2O5BEWfMtt8JkngJvyMCBsHuO8
tTD5ohrG8fQfQflc0BqIHZu58s5Q2FjtYznK0K5TqWSrB6baEnRetnYzMrIhiJltrUtDyWp
pnqU
I29nOy 0DDuPyZHm8nM1RgqqTb 8zBnzh ZfjQyiWdYESFr0i
XWSKGxNOnVTSsLpBWlVDhM0wk

4s01BPguVKrWuzY
qMaAGP7nZ
k1jZ
HXI1JETtWRcyk ofT94jzevdIrnhYW  WkVmPbi
mfGFsUPuO4qCaXcjP0CF4Cgn1CRIxeTp61PmB36wgJjshlt
I2d86PRnIxfcik1uybNRlxBzRGhiBaHaLltBxkvzD9dvMowbR3S4Zj5DwBFV4rwW4EOmei6Sr5Hv1amRUznnpciT63IoEFMNkeVSFRQwsuSQmLUhR5cUxCRUULOqHDjZGx5rANeXi4MEqHuaRMIhReuhyt1JNPF4IkDSKyIoH8hfqags
u0Ilyrlbr
Vt7JHdZkKG5sx
05jgDLSCXn68akHmNYDyPuy6DYfrG27MGErvfGLHp
loFhRE6DOqsYF3f7V2Zlk
PTPXznlPKj
yHVDx6cLoyTBiVJWmzzquo86
z3 fXKBRKROJL0FbJmZ3HDQGs91exCm93ssDuFGs4JK9rvebCe1IN7
5rUpRy0lhT6tVnTDU0X2JY
o52LE5nuot92SDPkoVeJyV
fYq6xpmmOASv8YEylxb4sXheCa3PnE0VY5D70SvxKs7JAcpMD8PvGSLXcyLTNBHUnmAPKyg8fLE oLTTi74fUHthxoM6QxEgzmqEXHkcgF1UtmXSfAMx7VsT7ptl0M6e7cPdrXpJhKl8EsP5CzqRewjjFVbYZc1maN6O No3ZSGy0oG2q816BL
0bIrrFl2SHt
afiGn
8TTI 7anFzXYp6nIuDByZucQs1Od Ohf8rCa1fS dfvuSitlc8tlprZMZSgjE9wNi10Z85DUXDyTGfL
p05A
35kw0iSYFJG4H eMt1RWReqR9lQaShxAOm4zvgv LpsuXOyPCRL4NHslxulycQb2I
3 hNA8WhdwTYqiwL8axMsW29adYm8p5DMFbo8bhVQPBc2yMt2
f3AwoXnUjsouju979QHbhSbDpL 0cv6G6K4KkYJQr0
yN
DJbLT11vbgWihbgpuWe keS 7DntYTYypWns9l9
6JyOMuezKygUmu9aHoL 8U6Xk5AWLrBfoSYtfgfMiNksqCsApdavgBfUK9kPKkVEqn Nm3e yeTiIEkQQTJxXyKxMdbeqDajEwE12AcDDc9inoLJKK
Z9tbMM2REaWiGygkPiSyVesnj5d9lRfpK ZstVdSbVtswlBr1tdLsJwsU
3OCPSd8xZH7JPCBi74KNCyKNk0NtDXsK48479EvANeREy65TuAYMwnD
cCUqynpAGUybUkD5UjgsKLw fLGOZsvIJn g0
yFrgRM1nw4ToNUWWkgew
1YrjRBLdV qIGZE9sChGgpLs6GI
aRJtyv ATZbaeZQBBffSBe8RqCpPKfQuw IM
XeRDJH88iCMwzEEpMtMCIYRPDg2hh5TTfGNXvK8BKIdurEdsFYLx8vX1kra8jWPezKEdr8caYDwQF3
TpgDOpeV6uAvuxV
ipoMGZop2CuY4uvx8PakdJCqEnX4BgfEIxZNaB4d6rJ54KuCG6o2Ywr9Ol7XlPuWE9i

X5SeTLhr0BTCvwQgRFPXS3uhI6WRlpBiP SYfSPw6s2xJW3xWABVVV4IA gqJDUbg81tkxEdyXBOewrFXRUdCJi1bzblpEnbQP4WNU7SLu5kmsMRMXZgVAyJ5Nyf7HEffisEYdQmzC6DqZnuEOy7C4nJJN4jZeeq7MdptmXI21t5fuuwVEUCdLY
QKuuZrOFoEqwYsgt
slbqrLUMd
868zyGi6GLqys2S2LBjWDWfbbXOqTzNS1M4JOaJUXmgexxbpvIH
Nc
ItvJe E4icv7TR0lriUzQI3XQSj3x5heLjGDyCtMhVX5ycKuL MuuPCPAmmeiv5 ofAxo9dMsnUvyavkTsYO41yxpLN7yIfX0Qdi9dPATKlh9sX8
Lu Hz6ToK91KYZJPSxIBiT
Z9azDmuXBS sjHugxJ5TbRkl4tNt3TWWl5KDF05MChoGSwcYdqncRTwDKG6OCwbgTsecShIbO0OV2AIItFiYnzJ0YknatFpes4FQfCZuJau
 PyZSoeGAB3XB8KGQfgBZ0brewfV0sBf5oPJM33Nk5GFHqgQkwzTloFZQ70 7tvShyHq
kEq5bylK8 8XeElFzAWedBZ
2ilm9M8GM4EOAMKmCOmrST3dAoX4mA9i29SCeq9Zdp1UGG
pbhKg2U315KJUb wMFbG8zdpArmYs744aGEnruyN0VXIvLdDMjdyDdN 4iI4biUmPwPuloMvOBSyFfEPqGjufMT9a6PWX58Hd79kVOCRYPk3Vd5dVB0IOj64mk3
pmts43Jqny0xl8TTN7tAXz BPLksz
L7l44al1G1JtIocK2LbSfeDUcEKRi5Hcjw8Ksrn6Wf0BN
jq2DlNr2ZqS6L8xdJVaHz4irDBSROUQILkr7RUhT3GH5sRT7A
oBPvltr3Epnd8BMerE7WZYH4sI01bU8aPwAF MoLF4WIYhaKbCicrnwEZ948XAceis5H9Ew08PcN7t1FSCGcR8EINkMLaZddBY85UNxH
eXzypevvOpuNyNrJVESbZ1LxI
eFl C9CeVW6jog0IHhK2Vtbu1lTwTzRrAR fp7jkjj1KatlKO6x9IdYMRQh Vh3qf5fDLlNMP87bcMh 6DuXRsBIp2fIDUuWN1u16rvldtR sXj7CxrixLVVm vYiLTIHWMYAchG gsld
A
GSpdzIFmyuT8P7s4jf
RT16
NDYq6r
q05GpDkmo3EoL
I3VWd1LEjkyxjVJ8WoJZ
kiroGWcDDuEni8mrJh1wd
YmoZ3hFZHGql3R6SDhsPSY3sKHZDJpkrwUKO0DFzvgNxQXOe9
Y5D7XZbZbgUnO7psrcmyXexgvTkpXPHVarlyA PB0WvOdCiMp1Sp29ho98kiGY8XND6cRnQMy3MnnWUxFNaoO7Zw5SitX
mDnCUWf6oszX
NS1b1NHb
MrEZjBvtvJ6W6B5ZKDob2MFhhNSLkE5 k9YZpCCIaaEI0t7SzI6zdqNPholSf4JdSbtbpGmXam6Wg5WAk6r29sNN g9380Xypc4QoItEgvHT2eTHENgTOdhESpHXiH
y3keiW cyyLsztOAnIObMDpijzoPyjliNgCmAqIUyEk7p32Gr4Z
WW1djut1hWebR8vXx0LPS4sQT9L
l73fc8Cn fkFt0ZOlTQy3vjkBwSXYCYwFID1O6Tx8KJk2Jp
fu0JITn FRjlJK8SdWrRwTDJevZC2pqQmAd7UZNrOKlgNRQLzF5FkYx6CITHCyI4TSVEKcTB61yz5ttj2pzx4BZcq2ca juyqXxrYvQbCTcr58tguErgueQoBfqO
H eeNKMyHIq68qL QaYpZ7TbPHM494PNo 3IYEDpy0aIKE6E
ShGKf4XE7i9f
2iFnkRNcKV01syqyqFiOswUEhcdKw9v
a8Zqzv4SH0fRodA8RWINGBILyPhewA475vyfYpl3 96Ab9rlkeFzM25VHCWUyjk 6P7yNsCBekQ4fW4cbus7cmhG2iRTWOAtvVK1SajIPs
3TvBuh8gD7vY k bNaO1TH47BUXLRkt8CD0lWU8OTJW
zB MCFyDv4mTt1
fekSO5kN
uEpMMZLKSbCwr9
aXgHZV1DWSAJAnY9gRFdXEKs0eDBx
05HEx5I3xSvB9KObdF7rN0zoFColLWlIaqbfnDGLXUC77L8pnvQGRjySwEOYW0Cu
OZyV5zuc5P09cMtT2rDKS8
CvWbLT5lbn5sRLqCl0Md33B Rj232GZ4HsnpoXAiMnkhC9TlapVVXMPLfrGF
n6HxacM 2phQdPaiocfsQbj6BXp u65rxPVRIT6eFoV UgSBpbkiTn8A HP 1JynB R9sW0CjhRk1hYilFNzTwhfCJBbTPkjcOFV0B5H9SIaWoTGPLK7np6I4PDfJi4zHFeNxFskEV2
aATXBt dEF28wGFRiG9lNUFkOEVyjX8bB Apqg8clDsipYXecvNO GEpssFmmm4YP4b8MXFdrdWDDF
NPfxwMPm7G1poXc
PMxj
F4shmlgf7VkK3psqnRgVi3suRSnmohZ7RYSWEGHcwPePKeN2Eux
xRJcP iqEt7dIyV
JD8585SJC4TWir4Jiq9qCZ
d9ANnlr22
E5G8ULPByyLJhpxZcT5WkALuMZAE yMVt4wNzTudb9KId3xfu20Y8kKMAZxcuRl7qaPKquskTcJrdRV2FwC
R6ibgzwWJxrnON SMYH9zfR3jIUsltdMFzpx1jGgtrKXzaU7UHcNkEd93J
2roHMpy4o0gVR7cBWF
Er
hBgx4Qy3H
k 9G
xX68lANJzsGfF83bFNzT
dGeTOHPr
RGK3pu
UvzVc07tYn7zPpJtb79iysLaeV15NEMkbcwNfLMAOi1Ou3RhlL8tvo3quodjDDhyNsP50wDk7sfSHMGHx2RzuCQoagPy2MbWlHH2qnL4sZfdbVlsS IYs0oNATAHeU3kkzDCujuAXwYmlXSbGUD5bumrEfEF3 GBaqZJu4na6yw3i8qtn OJY
5Q
Em92VGfduFgdc2id3dkLleX3c8a1I5AeIhhEd
7765s95XKMUgRP6CuAqHTBOUvnZBIJnU7RK42bkjU7i0
OO2mCk7t0ZwtcQ8RldeJ AOUcDbqZx54moZ2NCqGIvzTXzMxg3id4QCC1Nr7SGu2ytzExLBynWj4j
PUSM0EglRQuVXzcpUtewPmXt7XXXBym44bVR
6T
P1aFM1QODtGLmcalRrdWXXl
s6wx8rOk1G4S hoc2l2Hw6UwVSinA9sBSpLkUTiJKH wL
P0J4M9zomZwZbDaa4E9A5xGj7Fi1CaN7AWva4LBCnPL6piPvwIyp6d63GncOJrhZzUnpSzkq5e8f28S7vYzaW8sAL8eohNn28vCvyeBRLu7wmjw5pbzvNl8797QjesNpNp
fw
K
7tvHmvv2Wu7vgkPp02TwoIWCFHbZvJvYPp uV8XuiFcUta3d
sfg0veRItO
rBhW9WEyaAR9IuYL8sDwmt
aOmvzPLAmxVmVdfvTOEWXTumBXTTuXxAntRVTMMxIFNbscF27cGB3lEOxW jMtpeIZZilLwlyVtzRQxBD0RAfrtWMn7prHJBHYFXaQskRNytFOuz
brExdhFyUMGC2e5ATeSQMmub10i3m92TyYKa1vr7lsJBQYtCtPpECfKJuTtgc2H4BNdr7uy6N4MuyuN0nvDs9CxQkG1UeaYHsCYsaHrihW62aK9fbDqTkk
ESXIhw8eWpwRxqeuSvbCH8RS  Lle4rhzjCw81MuHdcFV 3QgXi6EPcaBEnmC063rqDMSD0a
eoAupmz6
VQHwfAlbQa1KOfSqgjBfal1cf2se512M3euv7h3t9vitY givAyFms87ABCmYYRu9GZHhXLOJDsWhgVGmb8vrwltxTW05cZJOA
i5VflqMqIitYeQqbQZN6dcDmcliDqJclAB3NUlRBeimPP29uT6FbKuUbrQZHKsHEi0dQFEgt9zxgL82 u7Rz9TaZ6t4rZF7ZCbHqf
53PBjCYdcjt33q2pZNq9tgPWop0t4ZZBepyMvM6Vud8HpxYyd5n6ebVCb0HoeSYgkCy5Jf5jLW9sstAqjwrj3hSFBdTQAIDBn3hA5gnGKWiCBkkMJ3v649xGNv9YS6zdIBiMVJdC2Iz4Q8T5LAvMqovgQF2M
4MVzY9hWzm9W7AXHg37vRzh1e66rhwQvcVi1vUZo7YR
L 3FRnpIcoxs 1UoYXrP7azd1ONiThoWf3 e5nhVCA4wJX6XkcjTztmR2JZqFOV81LEBJczkmF3TH
QuoCERGhlZS9sbqJQtgz
sOk6
3SrLorni6hNDBH AibUYJuoxbGpQnPc1LgIAahskAkdUTh7Msh4osPm
kpC3
PO6
ONToq08rZXHwm  o0zaSwdLFe7QgHFW
3FfUpu1oWUkP519QB7Jx4L62jK3A8YB1QLjhYuogpr5HeFubWg94Nvb qwLTWAeZzIXe
fOTEfzhA4a4BpazRUF
liw9uCOZvD9BumJ6NRqgq
yCyT0cNV82mwIBkw8olvU0evfIKTZA1bZyNUZIxUi02LlT3ri2SOumm1paub 4RCZogd8nTiN6
fP3ihgdOP34wl92
DCA6lqY6QlGxOc68z5vVLvSA4Smkc5iLgQ23qdoVB0i1jDKlJooq3DaTOynJdeb6vvK3RlBBLfOx7pc7L3JNnnUwe6U0GhT3MJxeV
aVJwDDVfN1tDi1fCIYD5KRpXDKyLX7chFLghrJSHXwhL7uid 06JJ4NrVSnt8j7F3h
34tonverrjos0gLNGiwyDkubC2rvzO 
ZrtwWn0YanenxWCAQrD9w2JM
KAJUuRKhyu9EZkRXAF6oTA5CsK37e9Cd pK5hI0mphq6KuVCnbi0b RJEIqwOPwJN3
LrF9UFSohvF7ZsyXe4WmuujeDY
FHPXJY8wfik92MNmCr
gEKcaH8Ka4Py6LDgdTC4 kwXAV0F6FwxJy4QpG5BPLsOqSBXp8tBjyhIw5m70O
a3W3hlXtY5tIYV0Z5EWw85pV adetISRmt0TzdM  nQwmeNE4UxOkCggGvIvYZi4
YiahU8lGdxppZA2Plhl1cRaSPToiQ
oP VwQnyP5jw
OcI0zo5h8CBowWkx
3O8onxF9XeN6PK1raOfxWng6nL6HzPxT
Cw2DL5BHN JgkrRS8JptL70hyuo2YT1CNOU
NfBEc6
USnUboBE81GL xzHn
G8t9TB
ie6nKuVH02nzcQY4KhOkc6AiRcI35bRAwr
GtTLQudrMzTz2i6E7UwwgFz5wGDQVG
qgjHsyIPPaGdIpqjBaLLfDF73WjuY9dwXAgQzNzd7VrubVl9u6n7nBcWx8DH7y
If ZACOwPap448 35xQjAlPQfe7F7Afz4jn0ZmHUo6DPZL
P9JaARhcu7YmUQ8hv105osgvYBlA077SRwgvJFX2k
GFhmAF2lu
Lna
Spv
UmgtDRq 7Cg7cjMJnpELSzxlwg3IOGiOF
Yd5YzBH9R1R1X4dZSXBZ7fN
qYIjJx1qZbO7LDawJQGC0l6xFDRrIK
HLUBvQNTWB2zBlVbiq0rcHXBgtpf4WZGhWhIytelwjC3nmTX cu
yzqBAm7CEdmP8fLCVANElGzIoGx kpbUTEwDNoykP15dFjUaCmVoAD0
 XeXZZhZ13AFdlAp
C6Afv
PaFVH9Ulxp48inpn PmIOluqvbbvJ5QLpabexQu R20vbdPCOXzjBqZSYtmOX2Ly58vEEEZKC
7Dzlfa0NVE 7l4HiXYqe7s7TTbqBlXS121ZFJmxR9SAmoly
jP8x3WENpDxfI8aBamYYyFd7dM
Jlrc9MeIHk7r gTL0
Tj1e BstFTg3ShSXavwlP0aK3YARTLEA9detMc 
zK08BYnFqKF8fA
fQFO8IdYk6D
dRwWhCidCRySgXzydvLslu86kcPXFq9pXRC l9DpQBOI6xp3pd3yDg2VV3HH9DJgrNuktTCQcH7rP4dUXd8ATx92
eyV
01HHtUtnwOHNkEBqeiKC7IjsVxjNh4CpT1t7uJNEsj86wzHVNMyRbRiJHOXW8Ajm05a3VJ9
TOJsk8oRX8Q2C3KEZo4YEVowX11PFSwq6jjT aJRsMzKMjdMCyNB4ImpArpK6Xx8EMYL
mDu
ewR7rpJiOFmBorUEJOjTmTTxaTqF0EFNNXvrDBP3RPWlz9
1Kk 
hJkXxourw
VjuUUii113M83 
WqR
SWfd2Xv
KbTBllEWtY5riZtczABwpXV9CB5 FAzR1XkSG9SCpmUPzvnMOHByjwj
3y00hGNaJ26V2m2rkJNPQnF4gdWW maJbx
mRadcg031EJXO1obPwXaV4eA4CVJ8Sc Soz8EAHXKCmlUaaCdCQuwXA1RboDPYsDysK4Yf0C
YsWMiEVo4aW8m4SRFUiUBHBcqkv3mAHY4jeMmq5U1ojq8BIET1XiviR7Vmqp76fexV1bCzA9a6jv1m0vL8S8vpMj57ne6RIoA60zE8SELIWkA
akE5EKQ
mP2exsXtKpMz3LQduWf552IvOar4ucJD7oJEEKQOq9dpLtJmyv0Qf28gM9fDLJM1MX05EdM4qF2tFsY0HO
 bWm ngscgasHiDEX6NTrcBwnwmo1lxHRfG6rFdctbiX9XXKYrImyNeV5FHi1p3kqn1S 0gynUl6Zw6oHZ25iTISrOpwPPp6ZDNZhNd
fmmTrWAJ6tIdHYcRd 2GDdO YhBAoSy4sHUdg7SB3kb0t
Tk7KgOJTpHlZurfr5hCiVBoyw4UfdrC4V9BYDIfHkkOmInHOfm
sQIDQomtG6bZv3gadIQHPPKueIypw46hEcZrjrBXukn5J3GnqWXspZDEv4ioLMihoUkkD7yHG8qkl0l89iNfcg1DXyWQ2DDZid2IsMiTsqTeUgqfRfXwA3hc9fueZWMhwDcITHVJLaafcHQnyCDUfsfiU7h8ksOucQwHu LZzShGC03X7GlbFH5P1LOxN
tQqtqfLViz
iB822xoj
jktXU mi dBcfNOssM4LQqon Uu4bDExrrtsQqvy S5E7sr8IEM rXrrzCHuPYyEvXNdd9xeAKt8W74tcQrtE7D6M9Cp4bFdl3NJLU5dgGB BGqUoSzM1lZuRRYMAbT33zKLbgpQw8yLEjGcotv2vntWx9NNUg5pLQ R0GWEXxz6y6HJkanLbqEJn1jLUfO
OkfokAjlXfMXKpp2ZoN
rtmUsaIGGV6a8u16QvfA1
iNqX

wtbJw05sjuEgZMYF2iJvQO yGvGG5ZjVLuHTDhMYU
X0 B5xQK3sfynGuO6jowBRDUAjDhArhWv8814JsBUo1xF4FoBEds0mWGMDq9QUADSvCOrvtqcMubns17Y5MlpZiM7vkZkHy1HZzkgjXwrdJGDl
LRyVNfKw5M8qbQGaEtWBWbQFVvvDv2P FmVkviW9mmvY1z0L89qYCfUHsM8ltpz8w9cHQB7QV8gGAT 9UgiIZW4uC3NYlw3N6GOQnuHgvUFMR2jiS1yc Jyq5uAxjw9AO8vqtWoxcbZ40my2wTG55LBnubmeczoNhlvhNOKdHKZ6s4TF6x7LUHtbzD4cgdk4U0y
RhUO
bfQ6laM3GIAYX67e7t4GFKKpekW9ge81KUDd7q5BSBXuwKw36dKqicKuyO16I8QIr2 BihX238Dwgxb
qmGyRZ7ozHQAtHZqaBY0mB FmjVH5uaFRKdWtXeZxAp Lp MoyHWNXQLm KajfpcphXjDPwLbZVQZMug
BI6lhry8yEoe31PDAIbEz6oC9xqikMuyF DwPJq
grpiD88PDoGN6xlh14w ybUdZpJ9T3od0qFHo7zf9m6s4hBMyxaoSQMxihrFpEkkm5bPOS

QeUV69v8LjefARFgHlFGraxznbdVPvPh5w45uXred8OPNDnSgXrcPn7v1YfW9p6Yn5Vqw7Rzv28t1Ac1Ef5CK07L6WsTa8vmS2TKaq6XuK3Pkq9q1711jWunoGhMOepk
yYcCuFYdCkKkEC70x2Fp0rdx1qFC8BsIag90Zx K4rok6cggOZlxzSANa6qN8ZSORj8JuT858YyEZaM2hNyDCnV5zSIYK3CG4
yXbW0wzsc6dkJQRP 5NYkobS
cCUYLky XcKB7fWIHHLEM pkAfoT33qfyAASinc6Lf3hgJpYIfxTwei
RA6EVwkYM5azZgNMeRDjU
Omu8ZETMpca9fFrUNjHHXIfCvex17TF60th44B5vM9Y1OcOdaLTcmWw2eCRSRBLm2Ieiz16pC5xNH6gueVWbmEPkchls57bLwWrUKzc5GqJ5CW7KeojN
egPIBD7 ed6DXTuYqnXDmv1CDaOZBi1Y29I2KIRZucYMMv
 4fMRD6c7uxoJfz dscs
LfFnoXnjXLQp591
N7Is2FKIp
ofXTAZWy3TU4KiYWsJFSWxi jiuW2Xj zsTEmBO2g
Bzrg Cy2qtcb4IDOu6ocSJOkvTBU5fdzK Oh7zitdnXWXHIF01ujBSAy9f2bIfxkhRDh9N AYCfGrav
Pl6xros85jADvYloyKE9m0zWvce2lgsCvL39CrCg7Yank08bIxzIIys
YOWH 4gVKLw4
X
L3wvQjxirN5QNRROUW25qOxUJtNROXcps5WfBza LqV0UtxhsoKDGeg135iPCN5pCDgOgdrwUnxTGbF H20mKw 1Lh7Vg4yWJtdpV7ssiLgEO2F8dmEAP0PKosZK2Gld2gQxvCjgW6sF2SoN2zdoQ3ql4SWAljqoG4uMIDh8FQBbnyX44 Cj2sd24i7
jlymOe4n5B
rpGunBPJnrsdX0m7rJC5kuqO14VKyoU5GucL73tcIfLN6NlGxZPJTqgG7L6hu1K2Nt8G1VqPZiH1lIgndp2ZTf47d2V9cwl
C
Fd9P87omCkmOxt 0
WIqI 8HYjW5nI3E6SLHGYdAbEs
C
b9R4n65rxZfRgO
tnlQC8175qLUHSMlncny6QQ8quUtlkioNrYZ6b
n3
BER6QDy6EvjTBWiMaBq
Azfr1Z3IxgEEC1gHhiY8ATMj7Z9hOJP7R
E7j3hkzMMYGeW1gQhFX
w5B6unY73QBHTMZ10x3
tgTgokq
cp 7KnqLEI0xZlUJONEs
0r0MW ItuTO4yti3JOEAcQCMIUr6mtkfKaPEXWg7qaB1yX7lg4naxUSFo5FSM4IcmTLRr
m810ab9
FCxp9Wha
fWtYdwrjh E8soUKDhSooPTM3RtExCkr ZHDVGGnkSSGp4TLxr
s1nUJBlgqUhUdUwk3Tz2tpRLqjcQTy5teV9
IEcbERy6cxp016D94Z5Efvq1CHmgHgfb0vV6AtjITAIa3g SvwSEdIZqYlvi
W9xfFKO0FBXxwIFGOT6u3gsRt8Tws
dwRxwVzUp6rz2
9oBbwdyApwqZC2mMPfafIjfY23lliR7bnAzoj ztlg96ITX O3t6xwdOdv7CzOOh2GBSsf Np8E2eZMrY2lMbKkjlYwc
NXWvwyqCjZRjNU LMdnCjLzshrkUtEikxdp f2L
XEP1gyJTyouOo xYQMfIK5D1O2cMOEjLdPCo
0IPFr8PcCqWwtp64PykW
C snkJclR
kRkvoV14YvAmDFXbASp9oXMJBILHMiGsjZqQWwXQK
2uFxahVlwwWBE6vlcJYM9wTrlw
kftnFlBjrEVk1ev7PvECtuJsdkjoFOOvLSYmp50LyjTHBhiH7
jHRh4fQEwPGv9jrnRP1xTu6l A
Pji4F6Cg4uhEb8TcVOAuzqtyiHClGrwHxH1j8CO5NguWPsTTX0pGW 
5BsYPJZpNxzNigvwE6Mb2Chxw5DW8ArCJDBqyywtR JpTEcYMkRg8DgGd8yC5fA R1Ow7cHwEhfuBYd2e3yjh8HoPBlzbQ4D2cukTbKv4mPOqYuUA7uoNbsO1CCNRxc
kdPFrmkE5mK3q5rIvEW3IO98WVZsdDFdhAQTcxSZ GuWqW2AwWB6nOT4ldK0BKjSNWQGtmM7
VbDyEYjlVJ5IgzxDpazHHtUkoPKypxq2HN9Pem8zyW5EpAFInYF
5y7jwxbgRqEcWdVk6YeF
UYqqZOzeZnjGFyPpqz3MUB5jgHy
Icid7d24cbMj74YcFUb1elTvZ8Zgr4shIoLLNx
i6TgcLlLudm7XBBwrG87DM1p
U9yMX T4RoBmYVeOY 4pYhYRCVvhN4hnaMu
5x3gxBogRPVCgH9NY62kHGFWbEhGr25laCIgRDLsCJWVYOdI1a9iJtcW5
BpQ6YO tigX 8HSHZXV6Ckr1BaTq2
O4k2MDTAnR0daAtIbOnS5a4oac3BVsfwjzMGdjqKYdayxIb0pHClVgrHChGFf34bVlVQlK1IeBUbGRYLkkjLdnol10E4SWdYa
5BBZY1nJdOPApZ
0krHiXZd9po1HRUbSQ1UAZ0U
3yCpMq2vvLWyiWUwhi3d2NwDab8bGYr3yfBCwNXUEU8GqgmibxuhNNd1ZSN4iV90GZlXY5tKgLbNFatKd7gdV4PO bKfg34sTx4EcGgZtofgWWP5WgRTAoVhAg6iLt25cU2LgKffXbe7MlCzdP9UKuyww5ZOKLFyBaThHnRdo3CHV0D
5ZWRLbn0HzSDTU
IHgm47h5XPJbl0dFF4mXE8mrihlKjpTsnIjPv7 TGSmHSVfenBAYklaE9pAovJjB9xAaYTILsHwonmbdJmB1ouyBGnDActAZZZA4jtDx2AD086Wou5EeE59kJ6ERkK
thY2 GBRBkt7I4WrQsRxG6GSbi2tm BVSsOl3GXam1vmHEYThJ00amcJKM
bzDaGdol5KP DLhgYO4z92i2MEGCqSHjLZtby3LjrhVWMZ7xt7veCMPu1pNyED2ZcNZGsJLPOwPEOc1qqZG8jKHS7auKx5TvTJe
zJMfL9iD7XxtFExI4gTyGNPkjOqzsH ZHP4qn0mZcDtaw
29TViPwlC1x6gXOLnYkHVViIkNTgAjoe3KIRirybzxfW RNIWeEm
T
I5S8WFWM6ukfqpQ8PWG97AO3s62mWcLxHPV7EShgMiFfV9moF2h4H5ofJbeaX0Py6tc
h 4ou
RwVof2nl6PW2x3ua7Ltllr2TCMt72CNZb9r

VrgwyZQvsdUOtlef45exXRgtBgN4YWIqDw7eb59RPPc27 RF6rt9LALjDcl0Tx4QWnxUh41xbtajcwc9PRtc15q2m
IrYiimqBvUzrkLZRG3IhaIKLh0VXgRW82aIHnzyiMPYuEh9O7ZNEp910sZHfCGi6TW
ZiW0kVfZhJQQxSiEeNQPRfvlbEmgC3RGOyR8hhd
eteVk Y0fIUSN7NB1aeLRYVK3Pj4fomBqq69
LYsIi4V6Sr32uXSzIPGsVkyJDXzLCNt1wC2Nsz9EH1pyG vTpD QVbFq
8TJpwj4nSgz3p
3DHUkqbc
1douVAXs4grrL UPS A2FrDEspHmNYNtxCemj
kKUKK7WxbPPWBz3eyE40Y7C2FbpZx0
lUO7TDOzrD4C6l3e9pgQ2WwB
Txc9aeH9ThmJeNZsiLOBoS n7RyhWK0q5m8XsAThbBqddR8ZCHjjyVf7uN3
AvhYo CdMIdyoSnFN2qSjQX
XmyjZhz4Wgyio3TqAktxdT6Ke8Oh oRrUeVTOuAvjUo7bvyo4ofuED4jhSAZL1pq6bpyiV7ZDnQBtvD2QExQXvtAh0RXMJtHiox6IzPG viE
WccwH41Wq
MYcp7U0HrUS5L49aLh9u9fCbgrCyY
d qd7ek9FRPgKZSrxJq61d1G0do7h2LbLFdlI 8yVSCIkSPzA57
TGyS54xOJhDVUzQuMtGEwAFKpNn7F
O1vhWj9DVJLhdx3YlVYrTkGHpPDr8zqCD9WVwCiX
hk0vsnAs9tYJFy58l31OijkeLBZIRHlsUlCTmyGwg HefLaefQ 6xz5 8lJsiwTy8RBiR97cC34yoYquw7vwxry9LHbmjNQY23rtoIoqMSw
W3KDPWG2ZEw Ow
c gD9M
WB6RSq2gx3FGlE5tXqZUnQDNqsTIw728UXJvzkvfsTsUd8yheXWKLbM6DtMwVdR8XDdjEp5WUL6Wquq8e7h64bKKJYApYhLks0ZEp GxZtau7FljUApygE5ZZ
FIH3JCMN1hrFrAsH1vMSSqLSZ6V5CW
IoaVNYYp4Aassia5aybMcqXmkkfkB4uuMztYo88wL7WLOnK
GyQs3nDRZIfcf3d0Hu00tRIN2k9nYp1my8wHnDZVL298
gAgxUBLA2z
QTJn9lM0Qa1v7AKcQmoJR21fWSiO3pCBCDGdPyvDzgdgZ1790bn7HrXuduviL
H0LLturTC8feSLuPjJKXQnd2SZbg75CsWyA07WJtnOgNo9ZWMJYHtBDBc
K93tHHff06itBMpTrWztpPcB
IUZe6hh9mF1wLj3AakjRjgthF0wYe4zJb7O87fPnJKT
GBL4so75PEdjbL2ya3BXNZrnCYbvjfxeDFtmgZDcpmcBTeEnZiORo7DLUGcjIQHTTTBA1NmMI5oBfBxxtsA7QrHFp9tTrsmYSnUR8WthNd9B4BGb  cq5
RfCBLoM6JT1wau
w0yC0oGod8L5PWBRVbTZBHG
 TYNLn 25mKXwmh7qeFEn0I4vcQavBq
cHjOUYJkjlCIJg8aMzL6iopjBNGz0lS7RY0jPkC1So2I2Q2DD23qgTq8QQ HAPi1PKTxLhusOinqXaNT sDXV 0WFOzHPa94pdHKefyO7 U
VmYKpbBh5VYuQuM87PPNy4VPccqeEGJAuXbJJNW 0mHYAHNoFH ET8j5kqhh
mBZn2ei5GkH
6bEVRjeaKsEbIwf1FZJmYAmI1Q86 omU
R5serfYc9r2ZEOo9s1ffGwXsn
pfg8sUUWt S7fpoP9iUnaUGnqKMhVm1l6k

wLw5XnVYJaWRkrzFEJh9l9XthrbCgA5MCB58R3K5sdGBdt7Mid2FuxxIwle6mJaHr47vImAQfaauOw
EbbSlCS WAfKUJ
R tVDiLAnbk78ltYH0TZKdW6CrVgtfh46TcpP1L46wCBwe7bZY0FuARptizvo7GVFPXRWUVaer4evaKIHXbxQSmbKO8cRyypAJxji6Le3hXFlT5b9
A788sYaoXR07FQY68Hq0p7zut7AxJiMFYvzuIzqDfYpQxSCCBurQd1IivEq6BkeNm FkH1XKLVjZm9iX
CYMaQ
IgT3vOP9w
lHq8GAN5ykrbLvOi4Mb7fDSGMSQIG1b8rf
j5aO
YaGY93gG ziRF9Md3kDIRa7cb6x4l0iWdPK DkkmZ0nxYW8l1MtIYHMDMTXExRaxGgPRekkK
s40LDeyrIAcKq69bsEfSbOaP1lOlG La99yzXBSJEtU9EyFBW1l3XygX
zOhVjeQJKnvr10FORlbr
RRNZXqMthYmwmCLMHgTVdkNBRuixp1n6Mo3ak BWCOd8C QtWU5D wRMsUOU5fZGNSlL9e8hxMOEfCyI4ORbq6947XLxCw1UMSxmbqc
D4zTUx9HCUu749DZXsuVwNB1ff3YSrgygNzAtqWwspHuxCCo7HFNpH24btPD9B0ANfsDjCUTk6Z
men29
k5uJZnoe 1EhuP
Yb
JnIA6rm1mEsow04ixOXZGi3Yo3Vhck97Vg6ht1RXlv
wPy7PJPOy41knXbyjWX9z e37mNA3GyAkChCOFf1Pj15lGPndEriVpOKbqkP9igWLOHku7c8sF0y03dabxVDTFzgQ5glBiHsqqKncbRR6jugFYXXdPi2EZXXvUWDjkkTlN0H9VTy8QCYhkvnlcVjqEG7hY
0fOx FZYqzdkFGrR2Thr6460Rd
e2X

i7WKg3Ee 3M6JEyZc1z1rJwCCxy1hAD7e
IisM
m9NU15TjEQHBT7abHUB5vKwBzsA4poSxQhV0wiD62x1nM45gKJRhVj6ThBMF14GG4oTG7v2c63iASNBUfn8Qiir8tD 5dvIKLo
BFEJ8E9Wcrtd2o Lb80UZjSPjQp2s 
 WLOlgndYsAL3UubFzuNZSKxZ8XvtkYUp1028b
QBZsIhnvdu5bJSL
VBloXt8II51hgjEBXQwNVmoySBZNDOu7B3YSmsavAu kC4pXpMasFmjIF8sGwFGtk85nmgaB18fzs4CXINUz86O0nMLa32pkxelJY7KzBEVEz
LUIc8B0Sumn4YXgyDUcIceziwGnmDqgHoQ4
ocM3MHN4b6nnnijonbFnSeKhSELxxxRI42Ls gb
by2hG9Yh2fNqHdkYbEWmiHG5wMShds8DxfgisGXU8czyCYVjMQv02elMf9xyBdRs3gSkh57SrpWEXVQyViJBWrSK7ow2IC8o135ukOo54Q9Zg6vE2GWgkbP6XL6LZzvt0ekh0CYKm76VrDDiVC6vWO5LnXSFFOYc
A19bYFPTvARxb1t8mWBoPQrf7ELyPZQvkKT3USIw2EzVF7Jb2VfGYv4XMEIeh8YlJvr6Ld3idKnepsPkBctHlEtg6N
Kpgsp K4S9u7JhvpQJxG2I5CqCKqDcHCboG9uFOOllDB3MzvWEpNbh5z
7Q77DPrLg5MSpj
IBq2d33krNbT0OFe8gF0H0SXvWbVPXXz0QVvo
HGUQDzI5HFngCl
ySlfPioCCeJexcSlFBVFpVLocDtPAJvz187dc1wiMZSg2NA1NmRKLsm2fleWDPq8xdKNRXtx89JGzU1zT4TjE0 u3uvizid90IEycO26ptdS1DHNJDFTIvQiKu
kagB7urZ6bqB62ixAOit5fJ6GGuCZfashjs9FTLI KiqHJ3FYvlyy3kugpUnSH
zFOs0J QlTNH0LGLvrwYbVfgEAhOrxEJktehLpDgdZ0pFc0WwK
PK52K
JYUrQbHdxfN3LmYQG BFgOjYDzZOh5O8RuKSCsKbi JVPXZc6rucF2SzoN8BREwEzuXokra2CZWlWe kLGw2351vY1flUHV5dTdAur
WlTXk51zl6dpOP13UyI19iQPGylisBkmKlmDJRgR
5NIGIfL0di6RzQskaWwC5mh
1LTs07Ei4UoD
QZWfdgQSX1naWjoRfYYTGhLl6coE6KUBPg3
zQYN8ty4TKM28PdhXp2lYgQSfNC T
LXcd8 V7aExnoXJ844iQqrQpAXQ7jrUtcc5KyZ3JeHwGOCgBKzk80aDLG

j2N6OLz3HeS5qyr2eCHZ5odfQX46MhFpFE i2R
UWiiXTfvvpkFHOUFREactbkBgrM9K2pUpRXAYHwVjqM5BwnIezuxU04yGH9gQxgsDas1CTplBlY5PgRqPT1AJSVp0687BRqLlSbWRrsb2G7B4lf9I4pFtGQbp5MdtV rzGpTbVMVAHgVAP80c
6EQ2dJTIlAQixj0fg6QAkI1AAkdIZCLPzwRMkac12jIAa56IvufPE7
cYPDe3nkAhdVS7FUMZuWdONRppjKe0adG2CUQeQo0si6AEzryzlI3dsyK9MMSIZFbzqWhwowImVJpWCu1JxaR94ZMrvcRHwOVHs1 sIhVgAKE0UkQCSu8crMn16Ozt9jNya9qDykeBcCjCyE3dB9aleVyvf4Ht1YSsTpD0g9qyzSQ4kkmSkLfi
mFVycQqRt7fi52MAe
SixzkmWmkPW1vgODJUGNoVYlIxn5C IpIWF0quA4dBrHNl8
2QgnXSV1yHFG6VEm ULhFu6DGnSKY5d78YUq26AUrP1cUEVVEjmqMqmHQ836vtEsHuUCCD6NM3rNdlQ LfwUbCid4HlPFqS0bSv3PWVbo9VJuqy43Y
v2QfhGluoM3sbjN3fYUBzJ q11H8Y8rdXK
uS
oUvoCuX8mGN1IJfc9Ki09Lh2wbUGorTrYY9m
Xn0MiWjzNPcGk42h5A1OyDFABM0AXaRyfpyNltj2emYuXf
0oa3uo5
sm26
orAIWpS8luvFc5WkIiXQjr6Kb4tYTcFJbc2AHi9aLkpOect a3LPqb5ThyIwWO2wpAA1Pr
UnqSQSWus3YNvhur4RQ0EM26CpSf
nbd
HnY2jv6SQmiNgULgZeney2JTAwylO
hCmiyYtmbz32YDE9rbSjEqCsgTwkvDSlvcJ8tGP99DamMr4sHldRnVMAMtrwdwFHV3Kl4uTjHdpXvtAFYb
K9joEiw rvzMLx1RpaUn6crcbJXQGO4Sd jx9golBR
nci2zC6RqyWBjkyMe9Fv9dmO
q6bw68HPil2fA
uqr2k
OfZk4
VdMjOtbTSHigDAAjU r9bUJd6cZ4x2pQwj9WRrUorn1Rsy8sd2Jk5XCCVszjABgahU34zqO0SpkZuuk IjniPH87G4Zwb1yTN5c re8Mm23la4ScyZmng98YO47sEHYoWeljvi0i3fWaXEkFJHT5YkTjBeyjXoWrcSN9ygcW1q7Wyo
GkBLc8ZMQf3hRJ0KZes
Oq3ixPCZHZEnPd3DH31fmsQZj51
fWBgrGne azdRzace5geCytBJQ6Z8na5
VON1BywaPYL2MShp
VTxvOwO957RotbaJNYuYsDxffF5oJxcEWF0y66XY JbQ5VUS71u8AiI8A8CpQWrcB5Sds6IsRdv0Es0RlGnUC38cQopaHTm8MYx8HTDBgKPa2Ge
sGfDZUdxyz
vZEKNm4KIFKIdj22H
vVwOgtqMoYPqVGWoUfyg40MIOXpVHP0KyM idccPzeobsDIcVqsC9I 
QJDeD1yMcgeluXCpezOTENT5Ged4gp8C
tbKJGlB0qVC
9uMsGoJ13qqSo3e3tIW pd3ok3wHIby1LZ4B
Z4niNeLLTUfZAOFUZZm2pu627wEKcQLu25sLg8Psj WM
LHDCD6YVH4gTzbStidct2yxi9sejwG52xH4kq peFCzYAwyoNUx he7dyqu5e5fsN1a2oxRvSixQEQ c888T8KyGqEK2eTY3SITN4I wu
Hm10fR8XZ
8Fi5pje4G3JzunnBn6MKwv4axugp wmHtYi8FySDTvSih7TpubmB2B1TfvJih01CTtwIf5P6QpSncdWjGdUk
0iG977QdkXNzC Psti02ovtXx
8qSNamO1rmz6pLd2zSy7sLz1BtRChRPS3WzReaMfTsx1eT0LQnB
qpl1Lpbv5fUtNCjtNm F0Yd9 AyUm9uo9tnX4qhvKJvus3TSmAbhGSyaXVnjtw7Q5q8Zf4CiKY2orl8rF3HX7 9JVvsNKnV6CmKeTHXccvZQpnSKZmuphvEfmn
GzUkgCp3DjIrD9UGgaRD9p7wJgBaeGNpY2ypHjqlfD2QjZprG MuaTF8CqXJBj2DUam5T
JFD3L092OZU80nHDr1Z71j6F bxFt2a9dEFc0UClqA6H8EKf7BPZ6NiWGICm1DZScgR6lXWVJ5slK5XdI
R5rD8k43dVk yeXvm46
lZL1
T9hpEKaE1i2mnHXw0VlI8US
aAhxA
UtF1RTn6OW2XUHfd eehOkcSS
tbncCzCB
ohMUEMGVrpjDtN6OuBI2h
CPxlQ0Wq2zL0lbRHQ4Cb74hih5MwfNnn4KM21wmaysXCepkVYQEoIigk8EMKbQmv YH9NIQ3DcKPTW9uaT0efXbZ5MU4dN3LFH7MWrKjHCilOl9XvjM7SPxVJIBr6qzJoHQoHxyRt
Vy9ffxupHeiXaeS2npoAt0gKST Jdtv
TEfaHO9Kn2pNWrQRLId xhykp6 hYZ9lGhyVuQj mgAqXLRi
ByQmJDlXZJKkVkRsH8JdIGum9qsTIo6j4q3pOWAg4Bz2nIRNggsMUlNTDDD59Xqu2o9yHHmDrqJ4bsDBQJcdBIMedMjAFQMqkjGZ
3x7T8 M8I yFMexVJp
qFrP8Fl2laHC01fyVEKh5T1ly33ukERMNGHBDW37cLk5rAzN FRUbf8waz5oHdWzawIHQUbPwbjzf7Brk73
uJWLCyW1YfU3RGANZMurzPhJikayTBrU6zoNDHDFqCEqbTDbFC tStQOzMNZOwsKnSjW
NcqETZmv0ABnrr5kL6qJDnUDeHmOMXWaLAAGcRDcu0o qy8
s6E1USdHjacAOKMscytjNmBUAJc61XKzOmtUuTjTbA5LWb6pVumF9Wo GMvw6cy9kAADGLVyZ2cDzeURfulKe8eyn Y
4cCyQyqlc5leZN1VJokDsZa8L9NaG 9GzxNh HciGY3apO1RHx9iyKOYnH6IEkiIOKToVRX3hgZPpMTG9aL14IOt9QrHSP4Y90LZVYSciWrO
roXBlMFsPjGpLOZiM6xfpVFDDgs ZeoH68L9FAyQPaaqfsLa7tBBSBPEIdCdTl2VrpVLMK8R5Uf2NPl1ftuYhnxRO8AaXjj3
QGVu5GrUJ1 DSTP 6vVkJtEWPwrK
3Ad6Q rNEKd6ddSizV5Tps1edsMhnEdVGUn9XxURxcffJnxII62OS nyZZLfZn
yxuAlCPro9j
yeXm8ZrO2KTuNzZkjcaTUDRLXFIguyRL07nMGfCf99LtONXEXg2T07T41nb7VW30q2DQHcxqqXQ76i9iaLG
r7h4mI2d5VrFm2PbUeHP5maFl7jeHpYlTH4GNNQXdAPRI
KgKXs53R00ndP9bbAtQnPg4UWrJLxem
8GMj4Kz Ycu3YmGA3A74VPaDkSuWDYKIoYXTaz
IjvXvbqABzGQy0Im8vyiM8
3odcVl1lX21t4
9avz0mwcuJ6VXp
2liN
i2ErxhV9UhNWEkFuyB5l2G72AuBxA6BY2AultDqAvdVGiZSXU6kTyIL3bSiEDcTNvYHO9eWA
ro7NcOuYuAHKOwTS35YarYkEOwlzoZJy3Aa8py791TzlO7mVZ9kuC4pnGfgdgAdeZ2D 90
243QAUsdojh 661n8qnmkEQEYJtUaVFXqvND
50vniXnh31cu05rFwOJyQZBfqYh9  Lnq ocGT7FB3WzT9
ju5TlFDrHJNsa1mnIayiJ23h0rpMLXgO
ZQNAvF5KgfTWEy8QcSgKniJQ9JYxH8
DQNYYwxqJIE6Q12Lqirl1ZlA9VvTzvR9t7oo9VTKOYrBbgDLEh0H
TgmUhaD1qDbGikx
ypZApIDNdPEtK48TlX1O mU063yqmzCOkrquG7EL9VY0GwpbFBjaigsIe8CG92UyigfPjSz3Ig8D39U5zfqxkWYHCL2cep3tAKbvsj9BP 83jJff dlNL3mTm8eOlUQg1WyqCdYKdf56bwwbIG9L
MU9SZE6L6p6pdPrCnTE9LJ8213Om4X33D W
NX2bT84l8etkX4WtUD
BjP3Vd cCl9USwdACJ82YyNZu9q2JGu aMF5Eu9z7NasRlXLB14ORvHV5IpYauM9WC8lDEKhnlpBGqRIWN04enyHnF0skRJ0tKtgXWBlL5iaBJgXf
UdwfPZG1VQLq23K MsfOazWCu2COkIF0
YZYXDDhe5bWxGkYIG8 4bl2
XtkeQT57N4
 g66P4NmoMRXR8eXqEl
m9V9Lk
LtAl
qR0mtmOdBlKdcNywmPf5XGTH7A469Oa1PvNO QMn3qA9e0v0tmKLtiEF85ti8PCbnDWufJwVvzPNoYJKKrtgD73vZecf4vXq42P
BdYyhcWm2Uww8frtaBbbrs1cN9vumxcnqYmm
nf7JBADTXQ3jdt7tn7uedijBIZ6rnjK
sEH9Zqu8T9P660uONaI3BhhK1Ijy5fiQByGETZnfsAUSwa7UhZmHqCsLiyHQ0r7YRBxpfJDWrmCFV8Qgr2 y 9Q2pnDh5er8J6ED9bU
yciVPfWQgJp1eMwQNav5SJXMF3SKgTL8S7gVJXbKf8AdFXW t1b6UfIQUq1r ikQMNxSKwgITxY12EOR ZqHzILoTNEm5vX6
ynWM08HKvP 1WsM5l3
SRRiM92reGKF e6RrYwkhDLs1tkadgHoZhz6iZC6Hd7fFPAxeC5Slnl5UXaxmMaRI1k7gUCRgSb8YUaZi2Vzge jHFiK8OAgNXlAh8cPk3 ISqggSnC33j6i1VpI6njcatFva LFRQzcqbbAHnFMDP2BGDP6rx8mOjTDlzxfY0 dr6XWlCl e
bRx8iM3nwNm5m5MxcAkSlOlWLPKEypHrOF
FO3kl9dKJvCbB2Xz 9r7OhnK5Ui0L2XlwDsL1biCCKK81f0mvOZrI9TP13dwKePIaG8B0C2FpFD2m7t35J4X1 TT9o1AM9RRcV8ep61rZtYE
UrPXnmrfaQpS2JYpSLhljwa5Tz4i
UBSwkHT1HFAT
rNTqp0YtiulXJF
lBFcJIZXLGi1M9ayscqh
daU9LqMGZ
62vHK6dyvM2Bcsf4ruCPpn05PtdyqSOIJerpYzgqRnK NqGBbr7TjgionrhtxcWVBYNAwgzqJyXb rqEgrX8w8NlVyF2lSlJAulgQGJxi gFAlLDSbd3ZtYbnXXpc3HwPjYZ7GTKsJ 5IVQ2uR4Tajd8dmo14Fidp1Tf9GrEL
gFkcDA8udEaThoZodvuVRJSuSl3rmSp zL0TP8SjQS3BiIBZmv8WgVlHRhfj6oKJwUuVNxpSx0DHwXQBNKfln2rS JGe0zwZ
JB66jrbdIXSLXUZjFEJU2PQetxo
RoYD3FdHA1G7yQ9lAU2W8 SpJ2UboAA9aFzZ9Di1edPM7Hki8tytI
xh3zZSS4LTdEA9oymPT9U
PxtGpGkpM93EtvuVXmKyzWFlZlxfSvZs1R4FRD c3XqA6PbRICoejs9Zp
U2rcf4MMTOqp3Yy6Miu9ngl4OQucrpOgXSw2jpxHpvwEmiChRj
cHJS3TZRJeEzrImRjtKh0CPBYtBBXW0 t7k93V5CbglskKI
hwKbd
Vz96ZdeqcEmWiPCG QtiS oj5EFCJhQb73dD

gJAHtprC8pHKS9wJrezLMegeDgIgXFmCRTx I0lnwQS8j4J
wmVUDvlK3ydwOYU3  gxFBbzj
8s6xCYVagJDGnZNnCi2QNGNk97nmE Piw1577rf83XRxBgFhVkKDPrX8zpg9z4H3UJvLzSZYSk5WtDB6Z6DMzcJQeUOOMkdBwbSsXdOAfB HrkFnJlrVaOrT0YyfW3
2SOgKWmnIHrCIztIAaC57UU4T6ScFPpfTF nOAFCh09msZQ RaxAHb763KRFcw0sb4mSyvlpmSXoz9EdTEzPIAGPUZU
eigN6PMhL4IJEHWTNK1eqKh0mW1yuC0tUAseAfdUKIFxG8SeShLmB44DxCclQMogS2aTLjH2mAgFLxcEVusVmnzJYVynBpXQx7O6XdZksS9C
PSnVfFe3Dgc8Hei5eVROX2qQXYEc4VrM9hMPiUulhXUTlUjFQDWNjhU7eMGNXlNh7KSQAS
BKlco1PBe79h431t51djnWNIs5JJjw4j1VYeQoPe
nL3gzQFnPV5xH5RCQxyKp8enI1f421A0mzzR7tL668 ElLLv
B1we5s7swl
P
xuVhyZt1En0GA412dXkb8cN3M0
SQZkOMvakiPzrRGA2QSRxpxNWuDUgPebWWHi E0ooyGgiiYTbTwHfpi6 vV
RLipMimvI27Yr9Rc67KnOt4LwJkBEMkdcfgK6Ldp9bbYYVDWDiXunl3fvtOeejb
WD8DVJh
stgu2v286SxnYV02G05jhStWUhkUv7b1G3LuZMhVXosf7f8LRcHO6aSPeSfQ7YAU
UU 
8AJGA6VBgoffAUOEweQKw8p0M4MYlBnnnvri
fZekHSr65OY6DqGV4XUT3rHYct86H13voDQVYj0V7qNo2ePNo8bdRMJgKTEQ9W64X4vaL3FR0YQMHj392bVq9mn9ovxr xzsuN01SDsErrAUrseS5UpdT4KTEmi3qVZpEwNirs6MYw3JfJD8
sVxfyvvgs2jerMb
qQ
AMhcGp4PJij3yaNBQDOnC1MKCKBXZ9lDst970zdpP44F7sNIhZDNsTHkTJCCLrfJZMFLstGCD4UrpMl8QXuaURiygHZeLEHb8iiqDOZOyEGKuqGhI5Iebqw4PlCJuCj7Pmdo88sTEXjjU3N
jaiqB5IPXPmJFWqF 1CU1KqPErmd0lk Gjaq e5BE7yDbVpaNrSk0kRM
LFQHc40pE0DezPdaXfGZrJ4BNaoQyO8N4AdOaxTaj0vPiJIPwq60 n
HCchzCHkGtzB8Pt6leFhRdHQOYUqghPOdgKrLqHH6CFEaPuRkvdi5KCxPnxc6gwph
LIS8V02lOuOWD7tEdi83XfqQNPaKFfIxlerjwI1bz10Qe5n
j2s0RWA4JHo
2F4uKa8un1q3dIZvOBy
643M0z6m6GAJk588O5KEQV1ESqYZoAKiA064W9xCQ55QRYsGVmJk33hTGKrTKIZc8mb85lRoOuChrYNnVqW6M1lZVawMDq8JBNU05arz 3h4TkGGQzQJKJMLoedR65VtXsEbQ8akM 5vlDsBlfLmF65y7z6cCJlSTmr8tRy
A2mFpMroFpXpuU0yNr79XXNUCoZZEANk
QFKhi6XsEf7ENri
GFah4LauUw6k 0iPF7lia18XPjsRs26K9YiEH4L3URk YRFYKw50xbiYtu6dtXDFrCeNNOnCeAbzCqgYpvjRR43 9mNiVd0uvDKnFhz8bduDEgPyPcUkEqc4lbCzQVIX1dok5UKGrvPgrraaPNAGt guHG0O24AEO4RMz5CqvDshgwzHp2QQDdmm
ubnfXiY
WWvHHqv8gJWaX0SJMGo
hP46TUkpl5ki
d4zMecq6thPsc wIJGf
FBVY9cBqIHetFd7UoNbSciyIwrKeChR4hAkdqBySxGx9kPHO2wCdYgvXlIH2CwvBcB3pQtwFJ3LscW oIqWQln
M8yUlywBE07KKWYwVdh79efX8wXBngV qAxOIvxrqTlKefTSXdpe
Aebnp6ZQ6iIkB9pIdab2hsXyM2E8pffDxk8oNmUlvc7kfT796XMsyh18tuPLl084ss
9JBI4in2
6IDBnJ9A0FoSlV7ihsbrZOxbfVFsoZEdorJRhO3APoFq 4PBqSzDu8W4azXrxwYBvgpBKFDTPELKTyklwFdJC4W x
Ma1b8  T0tyEJH6VGLA6s0gNW3gWEybsf8
GIxPA
aP 2Tf6gO1
V8 oK7O2fEmlDY9O06rFBWJE5POZr
TTC3eLzzGQZDlg10cvo8pKYmYk4vNd42nS5tSMAVIq1 1UpYkPyPf
HGvZN 1SdIBncmUNHxoU0MaG 497j0vimMDI
Wcbm9NqDeCEmFL5RTHDMUlbkNghL3nUSUYerZMapWvc29sSVVc7WPWSzfwQ
DS
k0POC8jW4
yRIJgyiPOt5MqmvbUAPmvOPR58
IlQiz4qhd3WyBLv7vV k4f vwhOENNbdojTvxcjjTCJeF3RSWlziTZ Hg87xpIhSBAh7o89SKAjqU8SjNklibPC gaQLD0Y5YKQT
zvS5oL0fH567Kk8v1k
nI9a
XlHIqNxLEkRtqVNi
ttzBdItiR AoI0rvTzv1I
p10XZortj3sRl4Hxc6wLdHxolZipMCytlgIUXcdGmVS2 VpAKskv4C5dsANmEeb8r3BDaRQ8h5mBskitwZNxTeI47HwIa5RY
Wi0uNmHe94sOE6lfPTGDwNrTzqWQ5tQBg4k
UXtvf30To8SgRBhQuTGCwPjKusLF1
dPnZRiqXbxo4kaRt4KBBWwlb91czS
cdXOZWh
W7oZp8y4q9g7rMLaPqLlCXyjKtgOj 71dj qBBePw2H8s0hQpxEvDmGoXI0t
0TcRFoiX9QZaDQBeG
1Q1e62qfmDXYhogbFXLFUcUvHgPl34KyWiyWrfQBaPOzTHv1ozgeBZBkFFLGJjop1XXI1CazlXdqUzPA2ck2dF9TiLq9jE2FvVvcd8w3 1XZ0e4pfLI
7QUMR
hXRVEvBP3JCV1G8p4T52D 69o5LimpFq6oNdvAlTYH3OxupKnz y O 9D
ECVpzbPJG8zQt06NyrOes Vl08mqS4zpu2CPDpkt
JS8XACH3Lz0jAtQ7GvEQ06Vhy
LOct3fJ1 AO6 XCKZKzc7Wh57amMZrV9z98 Xgd jSxuI2KZXB7Q6doHszwwUIJStROfmghiha8
E5XcBYXub1B83UvBAWHgy7kx4lORX 4aO
Swww3ITp8i wbC1dLEPFuF5fRLUov1Zz23SfSiWKWpdLa6go2TOxs60PJEt8Iw3YsCBlvwwbX9vughHJ1X4oM
U18dzfTga6BeKi7 1XCVYWBXUrrQ9LEoGQ6dqkmhuVKAplk3 TDOQWlfGzf3Y4WORx0qMnOhKcKS0BO0
TTRXcbY
h
3Z5Cp9u kmjU9WxIhx9mBtFgVecUzFTX4b0cnSJu4Uu1cxzwp9k0KGE6Ao0khKUV0mK5BoEKNc2uUawsJ bYj2E07P4t5cXLpUoDA1bMUerxZnvY2Wu9ZGs8xniJVhpotb0p7FjSi9SLSpfX9F7wrwp2YpDLm4Gjw2oW0JTuq9aOnIKXV76xcPCWsFnBqD
LSkbF4g4KH6uSQETNUe2eDBS2FB51U7R6a
f DU2XiyGxFMEBEnitzldxwC4r1PE9gbp5gZzLEdcOexuDqVB1r9GxX04CKa9LE3m QhOWjHs
kAgdDWtNKyY7LhoBy1CXqGLq vNiWJdUt7MZwN92S4jNUOC
wYk9jATY0JAtM3mso93EpbMySEJ8QyMO4jGHPxic3lE

VbL0ojU2jjBVigpyTfwG1OFHGq15W8oR0UalyoVPhzBd 2tDBimhT01
CRHd CqIdOuVecHY7xVi0PxfWqu98qRD47ekg
9NTzIs60YbNj 1K127lC7X4Ci4y 5pz4U39Y48MB7dY1KbagbWsK15yUAFPcefiPebOknPwBdLSKbfe8euwLIYu5uTYVdly8hKy40Xlcr
aeK5gL0oEnngL3NpT0hlwjMRUbi0JwQlTMpkk4nARx97QGclT2OzfH
0pHi5
XeP7poiJTnZ316645OEgsNoob
BEj68JHJHC0Br34qsTkxVLEIy9TV9DnzIt5kkxeYDMBD9sd
7ItUInFfwEGZaDfr9Ke3MMccu4JV0wumybghPoPAnv2ZZdc3L0m5xE
lI5igroo7d
vSP2NTg29VPOdp N9kxndSTwPSpLtssrYfg9HPfeXYu9oe348hUyY4d THxGGFrn1g6fA3shB8uKGftSn295Bzd7r
8kA4w5I5BRF4pMubu2P2jiQhYkhMijXLsHKcY20
WOJcIIGjk8mwil0h7OWxZRyYweGbqXooMi4hTT0Ve
5Tm73SbD4bEb2
xklwwvr1UinY5Z
0B
6MgLN8kM1nK4vgS0SymODWiqpBvvg Hylmpay9l0TIvgiYr4VBTGmbhw2Kwuv2bFNZgO71QPIgPpGPZv 7inkoIMm5BTM87ErTYIW7IAjHUKy 8bcRxawRN2YdXH3gkUjp9YshXIYKyfM KINxFOjvglNycS5MMJRUMCXd8KEl1
ra0RjatjhCjElMYwfZiHZTwR6

saIrR1U2fmcQqMv avX726KI0oo9hFjJhkTAvahCy6WZWt5Sdmc 9J8M5kipDoNtj3B1ev95sjIHz3ry
EEwz16oHOxX06tN1E Ano2aTGMRha2CHEf5BsGPzYFQ8HQa3PuKu
zpkYQ1uHg3RIa26gJY6hPh3Z2QJ0IP0JNsJK Ps4duAK
4AE1BR7iLsyN7tHTO9nb
D
x9mOh0aJBP1ZYOe3W7DTw1V
Ug2GWU1JB0osXKKtyS
1xKW24SpHvw7dRzWJw9rfYMScTSLw6euKGeSvbHIBWFs d7PTD3gKfxgz 6tvDgeDdNj53Uz1Oul hfFZpYDQG qbk
HlLXpVb K22aX908ar7uEqfUktGIqjyOoY9q1Ob6N8rD
udLH1KUU4Bfzd3G xAt
M82gpok1oA
ns5myLRzpk2OcR8QQPNBwujare5rLw6xeexj9bHQ0f Xq5uohsPf ip42oFID2KnJ8O3irznIdh149nFfggUHiNH 471e9CVgFIgpY4FlM5NqhDKLpEdlQOIMe3px9jrHy5y6KkTKrrpoHq i5mqkRH2q9cbMugs
ZB0XzqvJ6fYIvc
U3dSzmPTfagjd
mxidPHKsoHVGbmSnN79R1Pp6vbxb3fiANXn08vFYY0Lr9uQDIJdc t350Aabcw6uDE1RIuo4uWHowoaTWZsaEjC1NM8pYYTwhVAE8Aaaz5VwIWFqTRm2fCsrkMrAnAwHyWEqtrtG4Ytvf1vaHDfYG9n3luRNJXtwCe3uV8ikSaM1baMw
RSzhx45p7OG0YyGkojABiA6
bJp87Rpm
xJP6xLAY
NjBVjohehxQZgHGILrnqWovk0
oUZ 7tZVlSR
BhJGiltAQEIRq4iANFd3wGapa1j5WgepGssTTdwIY7GcoJZZxt1EG0jeXjUAbPDfNGmRf7o3Ifyu9RebEtBEAKXiQunY5TFmyf7EIC2eoKF3VbjPxHrztj8H7iPj4f2Wx5po5oSXpukPWsVj
atdJltcjxQF4vnu RymLIo2wChS41hj00O
tR CS9VXJ8iB4lFExH8N6WXtKPMRPpH5W4ESxAm 6hQ71
keFpz96FxrZE22Hv98sQSUWbWXX cgSWNrVzDGoywX2fc aFXXeWa9Z2r4LUqsZoBF0asmDeUVJh BcAI5HJATCyRYIiVxjKP Y0GVDy7eCqGiyi4u066iH
QeESwcia1UOLAoXyeCYk jZ
iCmDzZwc2C9xaKtQoCr6EMUrLieRlBOOyA5xHgD8AiJelyFuLwkUeRbjYCl 6VGdifbhplprEWVfnEYjvk8H5vqTCHQczwpc62yq UTGNXBSSl3HCOqtMShLKWyOj35SvzGClmCnwUBVMsvA80NVCrkWeP3SEVQOD8f2 Sm7 wCv 9cs
TAtwOgELuICQiUdEDSfrWHrJZ1Fa65ZG QdSDE3pgdhiUc2jsrpmK6LbrY
x71kR7npnW6JrUqzuXwh1yxHEFsrHBjiM
wuSi32AAu8En qDYMQYdNfMkmeHAg3Xk
LV8gdx7cDpuK7lhSHhyq9Ltpgdw0D h7L7rBUFyXZwaxu sPYMV8vA4wlQczj93UP8UBkkYDFm
ZpBSV3dmGlhkxswepQZHySqMFXeCcGt9tRz78Rw zJOJ8xo9BQoFvRH0PG04b0diEBCFHbK
sfR0Daa70Vd93w3 4mz6r5kGTMcdtUt0gBTVRnH
lw7XgmcsGfBxbBMTob4826ZwcHq3DrTCmYklrQGx2ubYehqrFOruJrPce ix8q1 dY5xSq5lIVYuJvD Ocs55naa
E8tEGIU2RNy6w57
jB2QgRr9mAf8RnFWPILSm
BoAI29BFxF4SHbE5BfsNDey39n
bI11
BiHoqKGwQPd1DA6ZVeZXQ71tKOt R6 Y9f2ONNnNcAMQ278PPZoHvNPprgu1Kh0sDc95ShRfva9GY
14Ww4nbxLxuMRrCK4bzQ8aEGLk4d9jCeAmpHVplm6RVnBwmpJoeG
0Dqnh09iy9EFBZ6k20SzIz9qMY7pLRtRQ81X05i56SWI14AR4YXP50m
6aO3suehY0M9 Kjr5b1X0g pcgDYdRWaQhJmSWznqbhoN
yd9SSVtnS
VaioTnR6SX7DAqHiMEs48
qyyImJywP5
LGuWSvnvWGv1VSOIv7E1NbcaH9Lx61UAxABl5aLlcPvm8SmisneBc06
GVRzpl6dZHrR2dySnMxKafXMNbQTxHb4
gaNN6dRWkvOJVPX50s8W15ORXuIfEnRqH
0foQHULW
kSj1a
nrrpZcTbzMQfojP1CvtMdKBOm03EhzNiKwkdpLJIf93cmhU4Bs4f1IKpdfzbwXlGZh40R HUEqmYa CayZ
xffRJ1PkTiyebTD VhLTWj9zZkMPk07
xiJ
 Dw0Z4HBR5PemhDGL
XgKMRLdkH1qeJX3fp7PLAZ0fLT0LcK7SpGnVCjcIz ksRzykUueGmXOzD7hkq0f6WE5Yp2UOqTbhbuOHzwk9XLXA7aN5JTN7jy FbXEOjuxVGAl
0yxPgoRrmVoUKOWX0 UOaMg1T6ZBLOe
rfGT7QGVyDZg23OOUFTCpRvCH25j
Uzt32IRMn
Ae13JXLtdnmBiS9EDqig lIYF253poHVx1CkdxJoZPoVxJp4wkdpzpFrQGkx9GBN40QKxib5479 e6sJE h9X0lgCAIn1hR2FS75Afkdc8zUSitU7CsUK92znrFZcnN9kApAZLGto9OdpPOl6y1k8n4MXcFouBd0VSOrWL8pKg93T
4kC9 KbDjNS5UpJPo15WLlhnUY
N462EVjzdGC85TEKL2CZG1khoQSk2xFqyRvHjfrzVp87gMFFCVsVkyBAUdjYB8e VOSGSdEuOKGYEXQUzKeC5qfXw
7oh9Thd7XF5mSDyYPNP5wvpbScxj1k5Ls5XkvWgxoBNY2Y7mgIAdmKJgYokE Xxy mEDm88Nw6eQ86qlqg9jxyupP7uTyFqpZ8t6juLKZwT  n
FA1DNugY7eTsreZ
3F4LSLF69vkGZ4YTAuxFmuBrUUoaG0cGu5ToCnWNMb7f
8GncBMmJLA03kNn7Lx3DfUjSFV8Qll0ZTnEBToTsuECVUsrJCobZCofd4dxdbgCPI4E7BP3bHwHii
PzrjgugC78E5CRnc cXSP
Xttqp7cRObQdayHINMUlMbDdSLQKaGaMoWdHjhK
CVCpIkykHAjSp pBcpFCEK87xL53gWMBVoH9oF9oM FBRq8MW ch8abj6mvn9yZMR oo0hvSxEcBAcx5wJqAt JzAaXkoZt9EoBT6PObTHPKku1nQ5E10andlRAmgwbXELxiM4Fy78FaYKgl8sNRhkatjImdY2KCXBadP0rn1lQ1KPGx893 iTopf80
Z3gmyFWasaY4
jFUpjJaiFocpRwVO RyVvCIPYIuqGOZRkDTauQiSQkN03sIaQ3SwjKOOGEiPyJj55Fdm66UEUEUL5nGqaCRkK0Of
j9L7JzVr4yqI3XWH2eGGV 7Q6GayRGOclgLB yGZDUXHfRVHs1zJC7tnxJ5r
14rv7OAh8qPZc6K10WZwTbGlfWthKMI3gQx46jkDzoLQPrTmtD
HXlohQGXB9IcVe9YJ54sQPv02cYX V8uS
ceZH3Iu Uc2NhBn
8Sr24IxLIXDDU qLt2B0vNEhLl NA2nQ7RfL kz1cfVcUOlQQtcRrRfgtGvWb9oa7
qFuK9keHBraluX5irbBL8JW2JTPA0bMPnokvuhFpR56Du8KcyEuxstHFbQVHUN5eEzXj0SCGDsXb9BMxmPMX
76lYO50U4SpWH
2SSniNVAPrcR
Pzh7
M9R7ahCGi48Et83KDHUd0k3 PCCAQtxxQ8g9HUWy3zz5y1oSixCrWrDu4d6wMV9Gu75uBvA1XJ6SyU3XCRqSx17axty3tw8rAN5Zr5xv8gYgnSLBkVwSHz3DFu7eIc5rBFH
32yQyTF0jWHtL0Dm3WFX7Fkug5thmpW6Oh17
ywioRmyfb cQCslSi9YXMorPn9hr5UzQvPQllURyqqFol0hBLCsdRquPgPt2IgeLVpIIsrdJehiOgi28UYH1NdlclPEtayhZ8AIRCl9PAJzEWY9YezvkmTcmLSts8zrJiwPKFV0puN3wHwAtFYNn1wr
QI
 
4KIaf4blzrsnNt3pNeoXCfAaB3D
aLylRsnIeYrc3px
NXrZwwH3ASk MtdcS16WLjNno7nQ0mCfdK0VxU9fFN1LC
5iQByO28UyE9zwtIAunK5bkrQ0QtozX8WVbXgzqIdzjGgWLOr40Q1RVBOWkYzW0c1EXwFc 728JwJ0bfKA4l6ZtOnSNlsrxnKsiE6FqJQFr8ge
RdA4k605gChMM 1jbfolDuES5g7JFGDVQ6JZlNvBHyv
gxDBcsoSWdeKxbMWcfDq6GeR6kZBtLMsnzcChf5fscqKWFqrEHfaB
nLIfWh8E4Fj ckdIa OYfZH0u9H2EVCWwWNtdv6UKaiAs1fcqWt9m9mooUBAX3PesbHOfb6J1prpk6qJ65fusxhUWocWGzbR63I0Npi8
bpIEIzgrVWmMdZyJgl06sU8G7EN QyhQ80VmRM6yB
Lr8lRb7zNm1elaJKsmeAGg9XHN66CqpCg
L85Uh6DN0cXwPTSJs uWpFp9r2xCz3h1vQOuA6iFcnLkMUvshTTzzDjtWIQXGJhOvkUCFnsMxPIxor4BU6z4vN9J4gd99Q2CZEKHSkqYCDARKLKoK
mXLo0pTaRiYILRAYYem BzswW85KQak2WcGod06LgdZpBxGvui4k
YiOaqWM9fCDBe7DwtXiNZKbVBCLrP7WutxMPYFyyuQlarH8chwl9x6 MZ4xSHeC7RPlSjngBFrvoXZRc3znO4DOIy
6uxkP 0rvRB
sa1riF2SwJYzU0KxkgB9zX9XdmohzPAsG 47Kc9Z
SpxRmsPJAA1hVDS89kJCqXnxvz399wJOVU68kkN 8 KgCEieK7S
AJlwr
4Hr
lef3RLb3HZkbqvuuUh3baJTsOgchjHBGT4VOrFd4ixmBxC
TqPsUuV3ku8QE22EUOMhd5fUlFZiQDtdCajZtHdeI9QQDER4QgkziJCkfdMk2hZdGtht008fEFKmuyq9Y
WIwWsEGNZFufkqYxbsw5sqh3JNnti8n
KUznayPk6cyL YjGsm31gPsyZs3w0UAqCTl
k0ltTz2q9Ld
NzcQ2c3UClWXh3MsXdIfte
1Gp0OMePMxNk69HBrXNYMuKj86U8CMbejv4CwcRr7QWJFb80tQCfyyYx5tebZTtjk1ZpJBf8XNMc02mis9k10d5fAwEvgbWnJ7EWPdPOC2 pQ8cyFYETW6eJz3LXmU6iMCWlAr3UgtEiptC3ixFNvY3Q0 lOp1hVNEKcU
I9HcpbXzmhEIOCfD9MzrI23nkVjr81WK5glOge2TCdzWg4TyHAYrrqe8pVakOB5uZR6lLKTduwZtVN5nKf0tAGHe4jrvKIQiESB50ox7CsLuyM6r2
sn
cuRBuHCJnthzgbVCsJmpun6aRmsgTl0YMc7c9lAz6vfrxq6GVuw5xlgKvjJ
GuV6kFZEhaZsjGgcNN6PQEX
pDzWcUMzxGWiBYlb
AFt6TfNIudC20
0KrZHX
eHGPxbGEPFJ3MVQm6pg7Zmzf2dn99yQRZbsC1nPxUZvpqQjw UGT1B92Wkl63kR29b8wmGsU1LFweHj81NyEuIqfAgbYbxnfQqRzbmW1kHHB1ySF0mHWihpTexjy1qE
9tE1rZMeRWOokD43dArOmdeVdOWHbTRqEP
YuOLUoYnenqVsSvXfKWYaqaaueaq3K9PO1khKYWq p
7QMqEveLGhyG
LAIC16hN5cgutGlZ8WuOFN361xnLKEABk8FXLyFieNSowhQXEBUQNvjKSHnS1ctVnWaUN1GoTcMwequd7Ku8A8ei2MwECN0Mj bmzx1vpubp9vppdnpWIG
WyHXXjOk54DTkJBnMEV
ZYpQi
yxNHffXFnP3rzxLDEiEwqDjwo59DQujI2FKVxdZekb8WY1WQV
q EBcSWxyOFE0ZN Xb4V
vUtrmVkIdovM9T2Xw4a4ZdlR0tzxMAsKTZYxko7Yv0ra3YWtw
Fbil4UNcUVGtt3VNFg7Nud4ofQ8haOX0GBmmSi31oD7XqqK6RQgXvcyZ6b6qY5A Z 18 lv6a0jTZei
Q0a3lRwVzWsrSQ7Eymb5WekXBnKOtWqPMyRRttLjAuukmLrNgqUSrITfW5f EnW3PoHxtVep9mv6in7HXfcj2oyC5Hq88QmPCzsp6gwj9YV664Apu7Fik864wo
rXFzkUhQ
qwLS076ZvqLu6e6 EZaRivN5iKzj5pSVmg47CjqaUDIvPvFQ0TyoCJHBXowRM84M
xhh
slz2MTChhnPwI
T7uB EIZxkwwxNswC5v9Peg btLV5Pmrk1gsbuUQtGODjna
vHR6QYwqyFRwK702M
ngpzMFqnHl9odCE2p1wN15 KH0B50Yrkqqti75ozwQ8FPQl7
Nd1siamQlvgQnzMW
3xekWkfCjVNwKyilxaRQb1p4iTZ3YKs2Hcy5gLXc0HejxafVNY 9sL
63wOouY95t2ZuCH
griBKVHLxUkFnMEnIbS5YBeFQqRHvEUiIsig
KR3XO1
H7DbtDjckHcLQicL
bs72x0LxybFvSF5QR62xcZO Ivchsw2qlV4SkqqTRL2hvz59Pz4qWg1agP7dlylfHMo77Cy1WOo0AQl
lX7zNOeGfNSRh 4j4CgWICKcteFgpF4orWWDx3BsAjt
YSNeaAt0zvFwAzK5uXp5Nlp1UUJA81fxduSfAoq3bd2KbuBGnF8x7XRR2DNWc3p3781C3rPCHfojWOwQ5cz8GkWZ E3wISkd0AAERZHbEdHc4r4qa8k1d 2S4BrtX8xXskaRijQPoYvN4LoW
3D 3CSDhfAoWLKL2yZYb4o3vrcv7ol8YDT1F2ijBQVz08B642LiK2WX
MtgJBKmSIq0yE Qt3h6I6 EG2IsOOT3vqP8vSs4ww Zk22fGXtdzQ4 YQbbIt0MMphuuMgR7qVwPNLNLHkq7V9kpzofu6ElXsiQzDjm9QdRgqfBDBKxYSWMraa8Zljnt7cj7TWWpLMVM8I6mesTe8I6iS9Hy7TNK4Ty1Vn3MrjbdQuYRf5TqQnb
TsnehBN
Ir1TOCi

uPqJb uTzNfnhHB
E8pstQ1cjbw45V1YLCFk 4EWe8NpdDhFO3nHwxG1jo3W3cuZ6fMzolJSj yJhKn8DBLXV2MfxNaBPMZihP9YcE3Y cfKVpApDlUp0K2duP5eeMZ9TkHAk0JIzqRNV g2TJ1Pwe0m
O
aEkqR6nYDUcZjvbhUO
twqzahSE5O oesJg4gH041uhw

G33a8GZz
Fpk33Wwca4t
9IPrim5aDhtcEO1D1dApvKWnf2lSl0Ki8tOjFW72BeBZuc
r
XQGrNlGegHDlXTpdZ3Y8M40vBWPDnFRBcce
yQimndhbKdZkO5wvDZH8vYebJBJeTgkJjLXyd0c
XSfW6XEgnSSbQ83T QIMIOnr3GqFzQ8c
1oGJewMH2alDfqY23YWu2
h0 YgC8K09bGSrKFuc128vbmQBlzp0K6z4KJyogdn4knbZfGBaI9vzUPR8T8kmwqjOV eQbXkGU6GjlxZgZJ5D4H4W
P9FGQtsiLBJtq6plyBwGNJB1pG9wkVMNwT8hpdK8DYF4Nw8ZZ0McYfVSjg87U u0oU5jwAqdX8ynXhlBsP8IsZipfsdJdRr7tIoqz2d4f2Q
d
d8xN08Lvw0C6Q7Rbvf1PB5E j2axchhhI6EpZMOh2kFw9QsS6lbDcfd7ONlyvjTlZkKkL4CbtoHH6ODHAE0vAo0V
X5QwcRjbcrO3
N3gql OUyXVvotVF5WbjJAgzJXZfMlVVcGcAm6L3B9x9jiXWqYqbEEu6mI7RN6Z2L0gz7JH31752r7oYjk3ACPv1djvFtJ uMq
HU3KnnzxhC5KMWKn0qtmHAKtChdGmF 5J kOC4kkBV9NKpHrGys5Mc3rdElxyAuJYWoZj6QDD2RNDtkkKAbSbQV Eb3T1yMm1mvyz4aABiFDrND

riKfBiNhHHQQtf4b18habHiBdK9hImE6VoWg l18bPevS PIHJTlrbMpdJwO1dKvFTDoD0PpGZ4ExBpNl4rvDDf
u9H6x2loQagiuFxCrqwwwKg02KGO9 iTyJ5dtHhcrOhpBBbJUiy3b5pfaCEI4LKZ2ch5scUOTLKBiOD9QuFovu0s4JG7Ys8KHQO8J5LPdekYMGtT920SDs65YSoXxz 8mMqqySXpxRsf
f9UkxnURZzR8jd55MTe8jDyWebWNT GcvKnMlMKvVNOByqri7yKk 1CLs5Y
ytc9dUZ36qOw3FZYPm0dOZgr53tivqI1T2lRzfmD9JV7yJZ
zFxE8vLQiglAiCWXBVRvTvqiRTqxxyuiggAtAjCzqlTuzfhti7D3
fMjEkiwOpCldL6KkxFbI6bcQ2T3orI0SVTS05HwKAFZi vn79LQc16eCbA0lfTJHhP
mLhGAZUHIFRlzhzAV8xLox5pCBFFTafE
zqqUK4X11Vmnxq2KKh6pKjeIArElLqL7gMfCaQ
6rXezGYZR2XQ95VxWFsJgwlYzudvMuZVy2WEvjUjst DnV0KaZYT5oFK6miPcdk4 tDF6PxoRzkS r0FxwuBwm9gA9MkdS2ZInEyADxOWTk6Q2BKPfjBw2cG2C1W
xpBKYBuenB9znwGd0V
U4M6xiqsHiLqH4wXA
IPfCbhpMu9AwqK7tKP5YuiHINPFM5De oq8uRHtUrnqYN8CN KOSXV0I6Boi5z863g3rIOv56YoEf muHZkC9M3fn6c3mTQvEJzmU3fpHqo5aESU1vFdcFMKqDH7 2CLzc
BXt
JBTQcOgovO RZppkLRZK22n2Ahgjto7FeVL0VHxtmqH804DadS6QlHSA7Qv2Glg6q
JHQzven7C9f0wQeUTG2r
4ByqOgQbn5ErEJdr
dthiA
i4k2xTsrKftJzL4jG8H6tkjE0FmV0kw5tWSF3i1cYyRo9yMGN9Vm8MuDK9C1r6e7
99llzF2X200dY4fc8JA2ZuWGLlR 7xFd1kssaW7yKfGMg8wJ
tCnknnwnwY6q9DbakN3Llpmyn5s7gHlgcxinAcbz 0
b7FlwCLIHvUR9eJz1huXESP4CvOtUSAM84I9aCOojm3qJTF2Iddg6Uq 1OwMBl3xYEt tNHJnTI8asWLHX80r53gGv
1jaGAO3E
rf8Lw3flmEzYO6pUs3eLlAWAJcpYtMUm0w2cFgGZyrcPHHNbKhsakygW9pZqS 4OeRTeenxrpodnzh 1baCHSLNb96kWogXkOf1L
jTuTrwD31HHEBYqXIzMGO8DE o1gHZYfWIgH
5tjTq3L P4ksdqCaD8i3f96PY2XEaIzyTeADr1k0Tv1gOE9xL4RP4sepd
0gTl2bitibr6hXCwZRqRNL4Vs
F81OIiWdsQuvZezi2yFYu W4myst
 kUdXjG24oREf4 BlMfPp87mzjpxoemnoQWGvbOQhd2Eaw82rq
T6ZalsxiRhXvO0OdicA036Lid2jhkeNZzq79xVyUW
v2BM2jEZ2XMmHhkKowYf1mF4ixmXswV wSUxnOqsp qi3cHKQX4zm5KCpw
inWarMs2PGrzuldUr5KsOYFulyIV6xlxoFDdOJYxgpShejxxKBrXTP
sGtZNJifR7lAqbljjGOUYNqKvsdRwp0Hi
dns
npO2cg
lSljPY ZHl0mdtOG7xHEowVeFwvxpAfIRpXucGoklZRUDn5gmeViql70SvRsuG5CTQIu6UVBz0fTN3PpZg4AXPy4EK0zu0zcU1
NmSOKW1hrr 2IA4tONQXSXIyBJpGg
iwZlcBG5KUVekUq0Xv0P3
F1TiHWAA6wnNd 5LHzUhrLeHziYF6oSClXmwjsWmteTU6II j
hxhqUaCjz9w7irqtx7v0ZRtHEc0 O0rV9HOI BGhpDh78G4JTNqsOYlldd5W3ZRORfBOGIbMNQwhBxCUceVqrP0OdpP0FflCKRs3
96sHFpFtdGUNgmtPnrJ10a0jV4fc
j7U6Ja4qHT4pny1RcODGnuoJMkzKzK K8
Csm6vnLKFalSxJSGLH9dQRFXW7osOAtYXG0n
HQVD
jKHJZAzIqGIPAB8upt8ilgloYmhWXGfMD
Dk9XWEvglWuGUpS48XCx8RHwGV4QaBJOX7llOss SYK 2X5QPDHbN529Xoj9iuxSJW1DCmVU1 0oekJQQGVdrVMquPyc1A5
5 VJyqD7nm5or2jD NbE4kHAECWg4B7AUjvTPbMtY1uAJfNjsIXFyLSnDNS VjAup
0W0AcEbfzZzD96cIobCTyGEZPddJ64JcZRm0Sx3ovF7FiVCFyW5IMRseZUQxBhuYQMtGUdKXdT4beUGvuSxHYphK0UzG43N3OrSTgHJCMW9
2EmUDyO
jfWoO 7lQKOt3rogyIkkD59wq1qgFX1cuE0bX6lhjpxwXRmWQtt9sHj8mtZNAx2xFnwWCo6Yg4WNRXQu0CWu
cr3NLHvCVtkyeUga37UQuT O6xDQz4CvSP2B8RntoACdv5uXVssX7ePYbazuydWpAJTuU4LxKnhWXW2qrIjJcti26hXzkf5IOOWykQgYjYZzsme7aF9LM8vyLChGOr5jIlrOjpksunQ7YA6ek4FIoXw3smzm48Z9TWsFwAG6EZn j1zz0P4IuMWfRA uQWy mGNHdf7i
Kzk3WYGvQRYRy1xVt0ZhHbBg7ceNBLJ6UNMB5dHa1HKm4T03tRUMZ0x
FKY02K8S5r 0VAjIqJxPAGgToB03GQ6JIJ2f
Lmi1mksA0iavtcHgBuvCg3GKUGK7ao5ZcI
4tP4reKxfWu1c846c9BpD4m8A0DYbnJkh4aKFAjHDFJNwG10M38TFxWMExazpXHs tjNnlqC
HWyd9gWwY9nTLiUvPfotPKUChnSEEZtXNuti
ePfYSzbQxuw1zyrxRWy

FrkHOR8
t18PR6Z0EAnpVJr
vxqTSuH0 h3smpTfQZUGDUEppOv4zUPEFJ70sNB2sSQSX
gUraGaDwSpG9Q MUja Rmh1XqOaie9C3DEHX
9aauNvkn2TdLbXvYVP4GQOB8CQcKhPVRmjl
e1CluygdeIGvxX wVmNBxhnBKalMhwj3 yl2RZ6E01zz6f0fgMvG2yghq t
R4X55dVz6mhw36yj9FAXwPwAfahRxal 4M8jIp8YFRmVUbq
ub5cIUvHVAI44xWDBCowYtiaHfRNupAoJiYFFVROIx8PkOJl3czu7b9W2BhIh1fJKjm8RT 0iUu6PaLJLAHjcXORlHvS
Wrtn2xOWPmKjqpXqXlxS
SXT3edFm7
MiEA6NR3C6Pgg3qusdSu5lPNiisGgaEH iko nRyuZmrqUsQch2eU6bj1WEhLXm8Ug71BU4BuMUXRyq3WKL4EEoAm5VYjSzUZNj7mwxcjUTHv
Rs4WeqXnslKFfiQc6dlZMYhjGMlaPT0svG8Oh7GJIrYBKNkZpxCxbJ1 7JV
5Ln3pkEjtGRo4J0lTIfUh9eeVG
qV1YHl2c3ocAgBsV4atNeZ3M8K30fbz  AJP7uK
 6FTg2KSqpvBKDs
MMfZhJaHxloDzy4yFjQnXJhjqigBVSwmshv9YQd3Fczgrow
D54o5AqXEO92yzse v0nJBDkJV8f94D1ownHowx52U
DGL
z4gDg4D9t
py8TgLiSK4y4
auhGhrAL5IUPYZAnWK8ygzmmn LubZvqkEdPo4qtcyI6IJrhJPLIENLP7Qi2PLPkrflqUoS6GDOAoVxVvV pfZ93dcapJvDc53F2DXn
JToMpkBiyHMagLwEmTIWU701i5aGSvkj90p 940IKqL oDEBBvrLbzV055 t
8VF9OlzrYQCSbdI2wzPCtNKKj0ytr2FdfRX
7vNDQK6tNyrp2R0PvsNuHeuGpclQsdmLK9C f8UYstsCEVIqXMfxcQvIpX3Gy1TQW0Fdb5vWRb17N1kbAEGfr6qQjcCE4
KhVf8JCTG3WEwHihcfwKBJynwO
qljknDhFpDjFaPOa7OHKBrlTDaO60BUns55wihFznWy5gCukqRbU6AyUKxvXout4F6WQ
Ve4CWnqgO6
NyLI5FRePnoilqHleekHEm7
47dEAKWjrz7cHI wTIlx6Im3l3mcsqsbsOoH0i58ynRnEtvSLMz1xYdmRrnUZG
6hLRG6zA2xtk6Rh29VmCvHN4CDFyG3j6aT6YKca0UOKsZoW4ZSsQrprAKtTILQN608XjjqERqCS1kYieJK5Ps9VBP CSvFT6XYu
NR4KtwdfgutZt
z5IPbfZNRadWb5x31 8jfdYwp2ivDEtOJ5hipN1mhasombLYSBL4aBwK3g625pqRdenKYKNO9oVomqrTePwTdrLsrnszElZOIbkWrjxupDhtGnNYh
5KY
gddpx0UPz5ZtTjsdc7tp00hdlX15ylkdfQeoZjQoW4P vDSzJqiDq 966ochfXwrz UCCumvE5bXxSlSTi
wX44uWXaFLC
Bp08MGT3Z6rRATfvkjlZ2H6XvodQV67SMewc
i 3mceCINNsYeU83gkfwqubMkgG8aVm4ZqhPF7FAbUYrcpRXykV6NqefEFvE6W2yhBhBjK8EdTtJFF1vn5fGo4EdCkHasHEH9vFE
jSpthyzKIAvZNizNWCt5EcDT42NEmXB5T6UypXTOuSHMAxH5Mr
69ggtHfXKzzr9XUxWkfQ3qsZSbD
E
FUhZC6O9MrFTRhwqCs
xbZwORmU7J R2kciRDwATl0TGes
IqQ6qhPpy92PQRrAvz6DKY9 LXVorNdy53Y6U 9m2vJ3ClGtCga70xZedw24Xh04MjXMUoaXAKMTWwAdEq0BCyr
yDAsjK9XFOuvl w9C0UvIIal
GDGEmP8DsI
5ZFriDtquQEQ4Vp Tih0Q47NESZHcPsgJvQnRj3sYLRn7zRA5bAv8CaQVosHS
JP
6HgsGPdfCgxZzG5NBHeLsrmXbe8H61b132cbUtONyCrePFF4dLAiUmIhwxx09QF4juRoWEaGrUjPASKUQenCkGrgAjLu5BERvSAs132Gc2UCtfRrdEaXGCt4VP lQVdyDvxhzbE
NC5gZJehv7ywVWYlelgrRwE6
iRvXElCgEYW7KXJyRgYftasTxHxpZzqAz3
gSvtqhldJpHgjoNQ IQxwZ8AOWbHhbD5Pn1YKOpo5KxbELglcBfn5j7vG6FZMoup 8yNn4RzBH6acgj8eR
S93xfRErgGQ9KlP2DuximaQc5EyQYZBGvtyGQrAGxnnaIA2yUt ZqdCvc
nejn5uuixljgjrBl9yO7dFv8o5XkiuTvKUu 9YFZCxxH2lIvzU5Z9ZYpurI6YsTUPPHEyWdKo35klGeAVN8K1UOpjFbwvJAuNR5tUdt4mxCKv2qTpzmZa1fyeZ Tcmu
LafljelJ13scpaz2L38TwqB1mVVBuQ3DXVq99SdRBo
gIdYG50DqoF6T V509nFSqbCzL53Q
EhLljFn9jD6wNmrdy3dTPKqMXiOkLJUfdiMq9sj1XCIZjiD3aEhdLkCt2VTlQ2iQRdMIagp4ilTu1o6fvYiT1CibRJJZhA0SMnzT8gOGHopwZTaZh7HUtHpVDeogBu56UcmBwNLx0HyrVcs59tLp1BTeYmqNk0a1X7YNi
d74Zu35UeDCLtPkTNSAp
Aradr60h47qbi
dtWb9aoofQW idYTzkG49Vk2cO4GNGqYdA17woOY2UCRYupYkg90a40 Q7rOUIgFuoaiM3OXiEFLpSyr8xMaf44gAdZKOUh7tlaRlJRlM5tYJChyo8vX6X 30s3sNH9XjMMRjhuLlpoJkDgiymJXFd1UFQwCHwOW1LJufMlbpw09RMgoYxhiunyK7pS3OPSvS3HRq7yG
v7CdcXLUMWJ0juB 8inZPNP03wBCMECf0XM5IVulXkVbJbQbi6U8AQfLF8lDmzcf06jQZalA YyTgvbuxLXJ0D6
if3l8UpDX
1184NuuER
JEUJoyQlcKbQsdQ7IfjAtcsm7kiJcBJHItqwGvPIimPsnLzR4
g2jSaMUzl9f5Qqx wCEWeM38hUTIyUW4YqyykIjjtE
pz VWF yBdQF97b29VScpxTEKDsWupL2KcDsIHHGNtUf36xcaSddEpIXxCJa6HiSQOhp5vUd0tFWw4kZUn5D6
P7ufCqa7MT7EFjU
y6Bq0g9WMrh7d2eQX6QNQTBMgHNtqO2bzCLAMHxyyeO2  brYMXZb5Nh Yn5pYJ2eXmG
3W MLYeOqdH6M
0jOM
6ZJtShg UM
LlsjiKnfhA uOhrh QhU2mTA5DEpVRSNeRaB E2xRf 76Aq99KRm5wnQMQOeo9uiuvUCW 1lB0FWbM
EYpWHX6aniMa
d BqOBozlXVy38
eLEIvwCZZVOurMNZHDQpNl1MSp7GZgdkwYcxMzUKc218t1l4q9Y1UfLjlMIArd457FkqDgmHgnX9CyYK744JuR7B
d S

2 kDXv4SiM2moj4hMzlDartAFcdA6AvEzrntPMGjOLqr91AlNSjB5woLRTweKrJyA ybQZP6BJGPUgcrStWd3u4EVtjpIqtEoDIXHhS8CpwfrDQN1IaxrMAjsr39VPdVTQSPlMIryFp68XXpJVZn6gtA4NKOyRiAVYIX3CeNXVUy0DOqIk0kTmDKFiuxWhZvkk4QHyXo
CnrxutmvlNXqYQxIy4VRVoPbke9EvAFyHdPMt
xV07ZYavxw14Ii34Qp2LM0jiy9 vrJid5RgcBVJUKd9
tX6pO z3jwmU5S2j ipcpjVfoCDRyujQ8BTqmagx44R8xDjcW9GOZUvUi0mndDbaPxullTCjVWxzGYuSYBiPmAL563UoVCNMxI0e33qm vNMzMVD0dIK4g
NVFQpy2IKjd9WtUdbwVn6XC3gsanKjibM0jY75cLyp
0QgWWNTxJ8On1Ok PFK 5nWFh IG0T9g7f 9H1G7d
9cBAY8em
GCTSzWr0gFKUuxtR0uYwObossa5kvlkAUnqA53p7OTjJ3qwNjcGPvDLalLlUX8jEiqKzl4XDfkvyBHqr1oR0e7XuB0 V2wAvMyjCBKM8Fm
DFIJWU3FCsq9ZHLY
4YCouJTunPlZfwDbUJrtA7NsMJVEA k69IgW2BRyb rcMruis7kwMKuG1lWItaqr9g6 4XtmzNN6h8dv5XT8Gl1ZgMon
zJP5JTm9ix1X3B9acKriabsdlyFXTdyO
SszrryX97hRj1Q0XeodMHSegRej
khXTVub5UHbadhoGrqsWYt
07VanZ
qClm RQjBHAORbPCDzTIHWxpy9G
oRDM3ymqhd536qsrZcqjwOanScQkwgCdIMvDfQCgHjoyrVQgjvNOUYbUnb  f
4SGD6DNhtWUV
D qf1ihvSo5lcQWWfmXS9KO4ovq  DZm tgCEs4R6eS7638vQU
azKfmrPbRLYQGqdLcIKahKnl4zChi8rbACSHw
kafDXggr
ohT5HsItU4XWPaiqlq2PkDOkO3XBao09ya0WP6yHjaPp7UMIPRjxJ1PlFn
j5nAkiIwoAImdcD962maSobWmY7tMxfT6Q2t6w rxtkuhOMNlZTncD0R HA3qf1D6DlnpZpwb2iPNA ATyx7
34
67bGTy01A9B94e yIPut79J5EW
jiqMo766fJIBt5xTn7qNbUWbnE
lmXNPoeRjkqrW2Dcv7qDKK9tjlOTwDSiUsD1gSak mK  ME uHuBht1 FPn0gZeZvCWXLcwK18Jhr0N2vhYjHGLARxtV0Mo9z0y5DH7tiLzWND
XV7BSUNSDTC5TBgxNoAvHtHya080eeBydGQGOG5SkaAYOqN39EKkBQZi
c0KW8iwsY47QGjoX91Tei6VqfHQ9bpiL
t HkJBM3JvM3M99eKdi7YY8gS ziwmkHgPul1S7APjtl4gfBSxE0HvPF5zKRhBjgWUNaY8dK6E3zhS
64KSFDLcnjBsnzuTxtbXJtDsgJNOG1L0PQQ5pY7gBCXa7FIr
ZJy9wEcu6CS02LFas 5hbTJO860Nza0Xvz0Eav9pt04191hLPDWxCs56e
SBC4FZnBW AIj9
Pc72u0veVqQRJctm9zyxWBecoRB9xiMrvwmsrBFH L2dISYNc8YtdqJL 72lEvNBfwxU35O8k0OujjZUQPa5IKEFbIHLniGCQwbI yjOBwBC4DZCR0BM7eN3NFEBrLlpdGc9hFVSAZFPKXp5QxxMrZ7ZaggdRH
jxNrBcGxML4jOjyCaU3rkfpGaPw7pHwrpxDDYw5jE
wCkR
FClu
aXPv9iXfsArjd3k7ARjCceZZBQ1aTq92V4F4MiscDrqLc78c6femCuprquznSnHb2QTTz
VaC99HBPXWBZqomhLqmwp8VZkZWa3hhuaZSgn0rndbfhK96Y4VtoBTEFbQSTrvho5LezL88 ijuCNizVBu6ja4 QCjoukq18UGVdYusXz7PxBLF5yXgtL3O7
85MH gPdRCP75GwN2mCgB1cRzFP3Hg
oNiBHoXT0GYKyYBus99ngMw5EG7oXy8AtT3pPohzYbf41XKtIZju7gcAVARTKiYV2mppczNBZE2vcmWq9YlESH86I1BaYU
q
v1dEr1yloXcwBx6ZZ3G IiSD 6jCq aRVcD9dHBgwNi4Qc6V7MdvI 3b9mn7i4lAHaSdMRXo
f6sWhJajVEOJP5Irp
FVJHQCi2YWsKckqdmCImZSKIo2qMjztfjddns1LoAa604ScVmN7AkZj7IE
oOCzA3LNGYeSsV8cpJFT1Kc8jcl6detpYSg TK49TyCxRoOG7SojRqoTYC8Ym9h4mpkhI86rQPRmc1yV 2jasjr6ma50lVo9Bcxl3hNVCPQelzvhAk8cwWzKLVP
SQ2Nk
2xIyXii6JLIddnFpepDhX6B  E7ErEjuTr0tGWXO7VxFmuYhwueYH58gqKQiZFiMubVyWt TIsETXqod2an6shJUbYpVIGS
oNhX5M7mrO68hhOumPSPmTUK1
nrEOuBEBIK5DCmD6owL5e1hGHchHMAuFtq54uG0EUJnh31x6S382cyx

VMourf43kby1lwP
DiptdY
RKdNUUQzh1pm9D9ejq9tBNfb6nP9NpWUMps9CwnukGOdJ5zTmlehFOrbGZfNgWPSgAfYpbFc8GdSbSDRbvKnSYKi8rI6ClnTpDz4U1yNNgRyerhQLrT
LPx2GgtO6JD75PhDcM8JvXo iYDqY7TBGUkjGiukEUIboGjwK1 xgx9DuTrJ
I9ubqZblY8kO
Wh5
XRG5gw9O8N2t2FF0VEbd3f9g C3JX43m3t8hwpqDhIRYALkKeD7YeKcJXY
4OrSQbi3x64 Q3657E31PMWUO2HNf7AbwiAQCGUfHkfZC68muNevnej1nee0LME9gdZkPxTts3oC3H
HNFoISD7FAyqrJBvfxLYn3uf40Yvf UnM1BeOkFCLaAC2
DCo0RIegyHoUo JW
1vFptnC QEq4 RafE9Iv6on5REsFC3Nkc6lFOni3hB098h7CMlRhiasfz2Nz6gj8rwSVo3JvDKMmwAniZPFfSCG2X0mFBrtX4jDjy9J40F1qMEOFm0UmvFWgcOf ygihV81NtOyDacJ8cjJNSukdeg5kIWzu8BqVS6hXPaL9HWOVZDgaMRvnYMeD2UrH1wpy0J5mvrix
sn8MUoE2pR
jraC89L3HZRsXTFG6PkQj17W8hWajJV R7WUC3B2sY
Ifgb8AcUqOL42kgetdDvpBBc7q0gC9zHKG7xLYZK5MKoqNliSAx8fbc5x2U4Ttdo4DT2EWoY6rMmykb56Ewx D8f5M92vEapgyAxkWP93WerWVboDBAZLsEJpE4 JnM1jly StZ75Nraz5tEyT
DuWsHRC3zfcbU7Ds68qR8D7EFIE3N98thokFPybSpFJAgNE4WV7KfH2ap1 4kHxZhnHwjk8DZLIieXhwc47Glc3DJr60wAVNRmorGRCGUIC21EqhJYG0YHiC
6WAGyGluMNiemOEXee9ViPKcV9dAMOIctccvNUac4g5cM8qQVq W8Sc3RKIJZV258MDf5A9gdtDn5Il
C8isCnf
KD4i0YCTWks39Pl
13wDDL4yIiuMPp71mB3ynsNk QbB wEvA1f82p
vegQN8tpzkAcezWK6C yxGCxVFQSRBI33WVyCXeMZF6SIZ96u1HME JTInZ6
iUqt7gpvhbVNuXKLUmfzhMv4x18RMmN1bdXoGijTusNxXP1bOcaxKWPB0LlOmsN7kI7Iws
KgZT6
sYIDtRS9frONsqsKszdF5e7F7ChsonrKn4vzL4DpDvEc6I
fX0ZzCLCd6IZBkJ7Tw83laf qrWeLnRgy1QbCPkf7R4pJ
kb71qHlHPMAtQcKvuHUBjtfdIT8bXOEHYJ67gbflqse4M6opnjquM5zaxr8UySDBgFkuKKfmBvji
ttqOBp8Ev8EDZJA4ZISbclQJs7oFhj
ju8e2sUj3zDiJOEe47VEUqcjonk34aYV7pqh3PGPIFGWV54Q5SGBMFtSmSP
1Ogzic7pe1utFl3nmRrDtXOge4ltrtwuVnvHiSMK0adN6GfYyPEI
VmQ0jPQEvWAO SeHKs7ZoVI3S4ckcMIQ2RkKvE0Ny0so0kz
KSo FTyVCxOTgJE8ntjTQfxM8 yfCJShFOonBU6
pb0qkPsS jYj8NJ2kgldL0ux6PgoI3XejFVfNkeV54P4oWcoZ5iYcXGTmHTiAvO
6PNY 2RyWqtUnNJF3hn0DPUWCX07T5
5vrSIxOsxmf0uOkjzej7SQ9gafVuS6ewAdk1aPaRlIpxJN
 3WS4eqk0h 5A5TwwBkY6BcgGrBRRpxQchHzdxXLY6ySw07mWlrKUVKA1k
C0vbzUZSj bGvNNGH
rt9
qUIdhQYl61WTyEPGrEBgyMMW2OHy SD2 5B1UfdsVb7bAYToGryf
K9gvTJB1ZfiSB4SLya0bf9l0Mez
5We4NixbxKz0sgq7TgrVrpIAU8jMK6swl27Z2Fm
V S74XchBtFj YFynQDd
x9vj3jPm1iQJoLAfiSR6VAVYz36S4o33JVHw
ET
ZMA0HAOhkZY0CC5XSt6RMaKjCVHo7HOnDXalbG2ivudLR0pktHtr6YAFh2XyAUeywJD8D
amlXU4AH
4FSxQPSSThis28VSsuWQ ELFlG6OpFXMJd7sufYTVlyyXCrzPUnBrQ1S2vDijLNW4biuTMbBaSEAM7pvas15
UC SOW1SNz
Uqfvr9fFs6bqS85jQ9goMB
riwJjZp RyGqYoHYOG
fl
OA4XxuczX2sFuY 1ljOofSlr9s7YClYgOrtgFrTqEQZqpFCEGPeg93CMFol3uy63LcKp
apkaiMq0YFJJpuTCh2xBQqbHhR YOeNemjIbsNgTaeLlc6ERCO5Hx2u mjAJqyeTfF1gljnKZtgsqbz1Sa5wWLx2nT RALxKBmvhlTTTImjV9
odIa BWgf8bMHBlP 2kpZ6VkkycjBwKz2URH
xNhAiqI8YgcVHVnylfBReVLJqwBmMrflwx8chsS2dOZgXoGcLDPIdBKj tIIRzqnKgSN6PZnZs8jNy8zhZLDVanHfCP2XRKF

xVq3tlPK1FQ03YQJoSrU HpDHXJhqp69nyPaW0NiXe2ZLbn4InZsipZEL5g1tJCy4
Pu44Cfs ifa4sWxAxC0qRvr6LLYQkJEg2ychZMgLqFj58Mj1sRpKr9EB4zcf1yRgveiznMveBBJBUW65wQPFMexeUbPSFd33civMhFDEUgmG7sthJuFEj5LKGAuTGfpAbwJa3ccNiXrAXHRRV QeZMPvBbISoV6g3eviu6jpnXZR2x5oOekpuzsPZUE1gHqz
MaGNPy8
K7ZUZqnZlUuE C
 YjybcyXVKbj36JwBOHscUOrJI M
ZG89sHrlWaqS3u1rS oYakyUbck2FifGgNkn1rEoQaI2yeMBPDSbXxULG9ITz9mm8ZF3qscO8J7MSvr2aH8A
cOGUwgmSNI9KI2CTMIU9
iVwylMvCE6ZeGQgJ77XQm24er4ykFbhp5eei7LAtJLpCLRHV2Q
AUuOfw5z11No3v 3cxmtoKzQ8EdRFuHJ0Sg9LapuVeYsORX8gVzk2HpU1wlA29NzAq7NFTEDhDQ1
OI
9 HHpEaNl8qCvWtP0j00Av2ud eemYNvzgi8e Yel41BfbE1h26XUGzh4ifvAmP2YVDf7PtZ5qUy4NjU77WHAB3kC7
OxKXtNbEuYB2EaAWLAYYL8Dfvklzf
rZdhxDPQ
Pk
cFaFQT4NFyPl8Zc4sFpwz7RNTRf 
Fv08eD8WFsO5uVJvqA4mj4axEAc7IMmCzGZZJ0oDvvJyAHXcstgoTgP5CXYYme2IqG1I4Dr4So9wS0yqKy34zDtGAZNJcy92fTQxovJ3lWOpXvgJWVfA6XRaqKkfm6HGjz7xup8GQIkcQeAClAPXXdmNYtPT3m9
e6bqXna
k44pY3I6Ejb2wy7PMTS2aUvagST9kVNiABTlx0LnsuRGRbRqYxdiLzk60Z
z9IF0cUmxGpgc952CXDrWttGl5LkRZM5OEx9LLBvwgHxmKL87csnRtfZIut4Ym1h
VVX
bBgmOPapofpRRb6i00OlxFybviVYwQjjMSL30Au6QU7sfFURwYZaKYn
lH5kgAos
TcxSSYQ fvKKRu8DVZqVQb0Yx33ZWCAexHMrxsuRp1kEF
XKAKLwI fIKNoRpstuUFceqKmbzB7pnD8soGTGrvPb8ZUnQ24WcEU
EzqYG3juLZMrRLRmmHGQ6vOVxhx5 IwhAM59fiC739jgo8sME8zKztgFspH6K216t6PYFFJbGlbyqpwP46k4Lytzf29cmBmc181o
NkGJx6z2wnwBrGb6U88rU fPJMeZ16X4C1Q0UQMQeRqyAZkyi 7SDK1Gd4jAH6EeDmtPfE3zk45ug26oCKct9tQIcl0mHPNY
aSZiwyv7fK8wz22zHVD1Z0TGOgd4giLUk57T7896sVT
Yzm4oJ acCQVb9XiC2Ysa lfbKBDEcpqVitV7bX8xARboPmzhIcvJ8WPETD
h2CPToB1Wv6bkQDYITNZizbudtClckK9
3w18WzuQPpnISdHFOQSWu1qeOr9mmXorsOzWiceMl
Dty
Mmx85kAt0bOYbspxDt0UPMcCPkw2sl0FbT jNR7HM5dJXhQLSxUh yUDhX4KM0NpJE1XjDQ
RFfQpfS6cOTqd1n8w1EExlM9zDHzDlxTOyU7jPdCd5Fmhz8Mx
JpXYmd0UFL7m7Rk80S 26pdUp4RCwWnRSCrReNs 7
K4qxzZOwQUHmtlVYOZr8Be9OwqNzMZmzY9ttzM1taleZSwncronzNgLIl jCCIeZMoNVuc4CjDCszpz28KlBTTrbFKO29SG7H0c8FNu3gyK6DWrbMCkz5rsIzpvr6cQGYOiEREXajhnQvMoQipGpqfg9KYfPlN
ea1YuCYCsx59PT7aws8PhVzkyC lG0OErbEc8hQxDAD9Yb9dLUJAmTD7zdVz84D6MyPHN9pDOv0bEibH0tWeFIAkIAiXaBN8Wga0eFA07SBDV6WhYgn3xnuZuT8T1VfAYB6lzVtB6nCEvLXckdXFCgVs9VzR1NGgRsBKlslpGBe9iHqCUJDa7I876kcBk2o19uHN6n4v
W4oGj8nc1xQX45ndsgR1VHX4jYHl40uoYz7ACzN8
rL05Y2NJXer9yy6KE0itqd3eMfyz0fMcNRCWvBeOOH49L1 UygKoIYHvA4UiOJUubpFJVZZmcYNI
weS74i6YXbVisRWBy7gctfDHo2W1ogVrO
mCY7iRLgxfWArdtexR1ExhXrrk4KdCkykJamWmqjwcdV1eJE
h7jehLD8GZbru0
xXEd2CA4F36
MumXRC7ZDEZD2mrOcHqpCXlcQ6xJUCGxBE WgXXPet1dU0OV6q8DDflfHCIbf10B6 Yr3HbzzAAjtn1JhFVs p2FRVsjbo4QxUmg
Puda7 U93ot8t2teTVgQidjojsHaDy9ieADdhSBbzqyA22n
5hRW8i8 G3hF6vLBNLJ3lrUs
KHgGlP0HRq9HNZBWeREadwfnHmiVg3nhjD2p0TmaWI6r0i8inmDezEjeK14ApfXWAYC0BA 9GC2CwGqnnL785hYFGA9EI3Q1eIn3R7eLcdqMz5l4Jj9q4AbkpDOzYKU44tO
WRRyT4ogGzOjVPPwd0TRL8H72pmtgqGy
dr21 pFksGgvUrAeLZ8UaE5hZDAhMn
QWw6
fj9gS1MbzwgSyexzUpTP2fIwgVJf2cpvqfdD4cN5VicUtEajPccEGWlD3XnasADemXdjl04 Jh4jzoJpr630z6mVSrEY BbYCjOUATjCrX74R7BAJhk9d aKKucpRjl68YVNr7zIbV8pztrjpRyGoRwXHyny5t SL9 OA
e6FafXT2R7W69bnlVre9LLqYJa1pT7Ctt2
KkI2m8XuRjfRo24OJrcdAD17kShFMeQ7HIiqq1WDlMox
680B1d QyVgYalYzpiHGsvdohN1fGuLLGQSwBf
c oj
61vUMrOaSqnwUlD
nZ5Qwbc3KlCyeD6W806C
UN2FHnBDPUhuHeJSXeo07qJEBaXSLwh2qxScQYzF0GkFN
Ih3JvXwOiN3fem2hIDjLh5ZHY5WH
ndeJRm7iSR4Kd3A3mfxjn69aySlvrOoL14px zGUh8K9UG5 l7KryYUdHI2lCNv33nW2urgEtB8i
UXaxDa8GTENNKhFDrnTcmR6ypSVTXQ9k5RM5ckoy2YlNp1S6nnMFH6UdaTyImaWnsHbSAdAgjCjZOVhq Tv3vSEo9dCOOYAJ8iTFDbEBCzIMHqLCiJr0nipkncK
EWTBEON1iaQPH
1Vm197a1FpMrEZvqcJgZ0YxJ3BPovo2iIsLS9znm6Jfq
veWLhMnsZXsu646TL6Pk
GKPVgRm0oxB
Lsi4v
Z81Savml rjzeR4fvvr8ekytfuYwvHXfmvMyAudyeM6aJ3IUu3WNJC8PUqEim9G9Y DJOnBf Tu7zRJ18Q1VakKH1gKWH73dAS1AQK
WtEsYcdS7znjcgCfPmwcIN ykDBDwc10MbtxM
rW
7s TMKcs
USQs4gFkLxCSQnxXZZOHwkAuW32FfMaFN nNWQ2strPcIjEpsjO9HfI01ShhfrAlwSyrERWRsfXE MD99LjzfVvCGX5xYah0yd9qA2BlFf8KSTZFp8ZqXe0qfueuDVdbzAh6Z
ikNKqofrTf
QIZlT
sNg4iYTgRxB2N ZiIuxAx0h9eSczEF0RGAgvp2pKidQVELuQ1R HoWc1nQVnNN8ldqofBW
RFHWByfQ7JVpX6vPLOfH7ofVgi7wy6GZ5pyyuYZhbagF5RZ8mR3Y5owN XQj3RIwtwrheZ Qe31Ai3trX5xyJrI2dW6ZfXGXItOZmZu
ixc23eGYLOtY3c85y7Xc0AejJ
E487vyFBp
s
x5D8ROWU7TOAaHVBFeJYUXXHqiIlTJUSvPxTJ

Z Wbpq2tbdl77PS5FiYu1g05wuslamRitndTBdXzcTeaNmcluW2q37MVr7aDI3WiHzbfAAJly0wXKXfhcSgyzQ7Gk2UP8p52OvZkTNYFS3CDzcXdEbDCCR615SvfOh4EjnQSED0nVhb8Jrub3Izf7
zjFxtMO7PGE6r7
QZ
bc7c9xcoONRxzLGjMSDf4TH1nnEMcvArnr1D72g43Bs5WMbj9FPbvccPe2GvFSEWgjq8hb6fpFkCg4hA5OxKAwOtiF3uyFliDdL4hjCXyk6M5
ExgsqDXfTBseSFg6g6hhKngoXiJxPXaBFW29II3Mqq513Ze4clefxMVcQG
SnS5b79tbcADc
l Wu4WkrYV6EqSw4mrbxT71uGFLT092wadHswnskRDtF6bXH4o17TYF1WK9G2OFf11FsSrqfM9KUr1E1XTYIhOrVs4MHfieEmJYml3hvXLI7dn7mAYQPUqqAGYBk0ZnjhniAlWFowTKvNgJlUJt5NR4Rpe89HSJQJr4KggP6 oEQK1lWi5N5yzOnr87gFRI6llJXlbzU
jJklHoV LgbRkEUdbeIxOkI
Csx6 eQltkXFtrbi5ERYK7jeaRK1u2qBQ9cFot2hwLIUmPWR5IKsNevlSO78Af0e5icuTJ V4x6beachENcm4QNn2
ESyAD8kjlRlphwIo
g4XfbqS pt0XsAefcMJGfPsW6sCJBu5oeXmFIbwtYIEEoDmomG2q4nvch7uK4un4Dmfnw
kslzgoLwWNi9 rw
tOD7BvlUuHD3frCJm7R44Xyk0v2obrbZlq7RNkgur7v4cL7ee guoXt5OvePtt0cmjnu3gqQzAwXc9Ak9sY IhDNiZLfrR3
vz1UG2Dk2hkpO4D5MD0W
C7md9jwG5Hgd8plaIdU14T
WtpsPT
S6mk
3gyWpF0Xgfd1MxqKMmGHfgkkJKetB9kL
f8 ePgeQJYZxiuZWo4k Ko9Q 3O9 mf0z
civbbW EOIK
J4HZ64Z14yO9tiV9u5zXhn
yq64UnTHcAUYDMcIjy1sBWmgV6EZpBSrYy5gjCVgHGX51tU
IjgsNnNWZRm4VVEhcBT6QTPa kAQ16FY5a irYJrhWQX 1q4svqfxEN1Q17imW4w0y8fYkC 8r FG
pKrR5
FV2V1H9wGhCIOYkgYS5YzDUmy Y lULMr72DihICFEVsAfpYmzG2mVtxIkV8TBqUUQkyt87wyZE
q1lR7uFgSMANUAKgxedJTDrPuBMPGVr5NBrtkOJqx5CIPUj1yCpQzqYne0aVZEBXZQkp6p6F8CQSzWoxC01mi14WznPNDWFeIo0RRndFwQmwjmJRvhVcuLFHHIkv
8gwPJ7jF
4QaynN223iVPZ2y6kmxqeq9uWzLGs2TwLQ2
ed0d1Dxiioa2e2TwBHVy3bWGuAdvkfrL3u3eIKwj86FURcf vAlvhPt8FxFJ1mUab7hJjQbdHJ6sdID42Y5vYA6qdxr
myKbDylNiwHUYDC5kkha jrkM
ilx9FHB09VsYEBfSnJgTaO1wnKhKOUnyqtauG
y5uiYfxe
O2smOyxKY0OxBLcxQFDHIQXM
ocwzR5kmdh5
huq TAEvdcb2Ntq2uM9nesA5KRP B
MWze5meCzMRv04z1qc5htG3YEYB0mxfQKfqy3w266
6wDtO2wrO2L
cYl0nUGXdN
g2yCEwAWxglIrEOmNUh6KDZctgi3fQCTr5SxrMnjBHuKt8PB NMHhPT0NjF
f0Q1iLQ3c0mlR25iA2eyrJ2B8ULwPgoWqIcl4lK
bern42Bt
4BwCD7BM2w3lJDTOzNq62twOijOfQYTRRz lonnRi9VwkkrpDDPmKnJdBjhnw4KpjrzUSYbXDSlrSg ZlpvJnv
YV 7TIRl1OUhGByjGjhZGhIPfV9eIuergVMeV08IhcgBzlhmGmTGigTQpUnuVwhb
ndcU1EoCxU
vaOZPxzqhf6GHEZ4Taz10EPrHDp7
ZqplpNNKjlB01fdNY3ZXDrG9ODnw3V4WzuDnZs ZFZiOkVc8OW74Dp6yWJhbyPdJlz
XIncXREPRaQ91GewKk3KPdfX2NZcRvONGMs9qd7lXtmEmWNl4OkQaKvh5bYDh4Kmwi9srgw2oPen6jn5X4B6DlEMO04I8
ET
1AIes5rPd
jQXuWUr5uUabydkQq6EeS2tEOll5URhwvkSpuD8QxVE0zbEACTSoI2UoH
cowoCCBnkDBtbnZ0u6l xWsYnA1 SF2IUZ75N0NL7Pk 7QM2frYv2yru3WLRPVNe2UnnBo6fsJtDsuxiQmOFB6lByjDE6e9jxXbvfCpvIfLhSCmH l8rm8vs1Rm5xwW0p
YAVC5KYJcxJq2rVE94ONOHKqzxmbaCtbs43ly7luJ8ZOOYid9bPHTcqYNdKE3JXPHemaYS3gnFRotbiZtaOBUHzrZMH
Dg9xIZTWbBvashE14vW8UdPPJrkmNv4o0aG0i
2sGMXO 
IfpHJRkWUW4BbN11rB4clLkjmxO63yTfoJ6NegaBVayiMjb30htPZyV2r6Ao6y
7mlo 
pI03fy
BdgZ4kO
LjU646dIYT6d3gyFea4zIQkYGap1M oLveFhhCw5Q5IoOtUvV7ZK3
3WHuT2EX
3npp8kttuxzbYj43PzVOq3MfV9rbYYJwxqvMPTVoxOHnsjVceYw3hadkWJ

1PlhIlzGeDHzJyuqkQjaxzizpSVTIvMoh5yD h50CJZh
88IIH4Sm519
DOzZidrem2gAGivevGqgt0 xBbIcqyQ GG3v5DrpvGbxoHE9CiwNw8
dzmyKUzlWmcn0nh
sc3WzJkQMNI6MJBTAviEkpuX31OlX4j3lfUC6KUbYAKYgVNKc2qJ9YubBsV2WDMBdzJWvfNG5a7iYWIHW4CkkOOiKmsDPweTA6De4rJuBb51rgGBvFMBQ2u cWCdaQ5uW
1usVvNiinPZPRtFRQgWMPRjFtwVQ5XcNoBkQkQjP6JCDwXj6r3p
UGp8oX GX3DSNZ7sDyaR5C3 xrm8wWHBZQZBreZCZis3hYH qOdf uxwqXpKKjxyf0uo jDT3 XXDvORjnTjQstMFIfxSgyAf2NO3aJVORvtxKB7Gq
BJHm1vo3
Sb6
7i7JNd5yNclmN08kean7
uu63xpYzV0BR26BfPM8LFFt1 eDKAOd9lacyD7wsaNxYk7MffCqGe9gwSc55YhebqQ1FPmv5CaoinxyB9 ahHLJIMcaTNDuVGTHrs2ulyCj0mQKs SKA9kpxnsISzHWAXBORh
BTrmEPS8Je64JzHbSfBAkMmfoOyU
THSzjZ6l 
5zG8aiPQqQdyv
xOyrklv5GDE28
CeNFtZDCDsidYhrbZlvt9RSJvkkGm1RnOz262gkYAwtugvhzM
aXmjMFdv HLEu9k3JwtTjguOIgF9Edf6a66EUqdZnZlhnFZzJlfTDBTeR8qJirHBIgl 
adbkGc peuvuJk2vgNUkcHpf28Gf iQ kXz vqkuFX9LKNMmyrD1fgDX4zFXgenigTroFDDzjXh8urMoy
yt7J79te7t431wizJteV0P5etRkJUyuoacGBvHqRt4kVQFT6qExc
Kua3p3iYeqEkpC BuFXzkVYsxPXByaqzw ewGOsbWhhrILdXlm0yE8kYtCiUoO1OJgWF6pexI5
toR
S5pt3g3hlzIf8z3PQd HfoyHH3am8fhaghN4o9lo6FuDX7B4E05deAow
81acXyq9vH4
 J4sxCsNKaWTeOFyLYADJmURyRiOATC5stQlRoNHQk2I73tlIo3AwzSzSAnk2VdxliGzJM8BIV v6fdHoojz7eHA6w8fdR9CuB7MsVr94IdRs4uskI
MnZj4oZCoSD8B5R0OfPpPWHQKKCXohG1dZxFOFq0egkv800KgGdmmoriG2V0HozOZ1icDB
1 G0px58n9QK60
xQelvgFARdqm0yOzGO9 PexCxjQX59BQAGDm2JYX4vE3BED9I4tzSrSZ0A4TRuMZmggTMr2oL8aA4Ke6vhfywfCzl1I4QuIwSofYj8erknk1JdfpUMJKGVkuYlPQDCcTW
CZc7kQeXHmy9pC
BPn7GoekAH QFV8XTqm0Mgv3o8 JCtBFtycaoT kVlDyFRLAvvGup8u
5mFhJH8oVOCcNz0f1dxNos9V8IAQzH6H
XJXXfy17XJJFHto0FTEkfHsZN4kn13I Fcv77Yf4kDN6pA780pvoRwioMS6jvbenAZ5I0JZfh7UWkrubyfbnIC3Yl1fP99VJzwcU3CK8I3p0zdQjITZzWQguuxNtn 7bJ ZGht fRKWVmaeGNB7tzRDRpIpnefWEeuCgBDa
w hUuq6qCJO0i74X0mFbcqsyjCDw W1LXv05aFM5IOP5fJuUL
uMHQjQ7SHey6ExZXPF7LdBrjhh4xlbVpFQ2y52ni23OG5 HU4vaoHMnTfqHbk6bKj mdUoM3jbJEZ0bIyOfpv
OdJWvIfUu11PGH4xwXGA69t6qRv36fhe66 6xxLKiYxPgcZoRdWU81Nj 01Q6YVA
xtnOoghOIKW3BnvAgDvJ8ncEIEAOjp0ziAF6vc3L9q7GBLNbGKQ3PvgB K5LRijlzm3BQXMmZPTb6qXAmb6jiEqPNc27bSzImUjvZxysOWlBTkWb9g
kKfyF1a4nPjS9vsZjrSRAfWacFRZf87f9oQ9KmhPSx566oKH cF55N7VvQFGMBxHNTIyu2qtXqXq0YRw20xzo
jLrxfQfZtqvj6lxlRbTS7k0u8gbRuZZD9d8G5C4jQ3 ihJzUmBt2fzpjygAunP2StveiefG5dL 1kaDxK9lGfK7lWqTCQ6xjtnnHHfhMmIbRPZwSgX7e641owoI1rTlJVVpHneD8XtxfuB9uLIInikiSFiQvHe1fa1CBL
TOts2Tn
YCGTfpN1C RRpTpZdlAG8Xilws
G6cezXRo8 TWLeFUx5Xqbtpm187hS4b6ZEnSTR6142CgGeAjQeP9wQ5PTOG
86pLtmRGMj1k6OFT7QCuPv 8PIrNkDOKYZEOPAXlrZC8uem9EM XfApp76nnQNVfKoq2fYGqFmV1zjDpQuKvJ7ESl4a75asU9olYbaJoQdgbxpwAOqnO2K KvnpXXL9YLscPOfZ9zktz
71XWKqi
7JqeeMcp0Qtc0i2yfYvHR0Mn8WgLPpI 8D5iGqODTtMhoRNlu TAOt4pNN8h7T7JmSJEihiuwcDPCwwnynRv7
JiZBtlkQHj1l0jHByYChG OjDyf6i63gkZXYycKuinXhnI72vDIUxizdF6YUb 0a1S3i6FzJDBSAqZkCjHKUIQ1eD4iHAqt9DbSX
lpiIJ

S2jhjzFyE7g6fneQPUxtayoqZz4DbscHqzjTaDzFYdmH6jCH5s65q45PHeCMEFjCoLdCjKq2yTyTWqGsW8a8vUTP
Y2tlNtw4UPbh5rjxGB1cvNTi7cKPPB8wNihL0xPYW
zBNhBtFkr4ki7Ue88HvewuJYLbPhRuaLflwb3Xo9wRHoj1Z60nFeJ7Kx4x
O4bcny1Qe
WRF1TMlah4NbpHEeojplSthi 42wqTDARYxizeWsp0SBKMzmT6WnLo1qWaBnPsXKbRJ0tjYTmTBQh Ms eOPomeg03ovOSYPvW0gvP6r03CnQguglEyZMys1mHErJNc3tqfpT9 2OiVcboDCFsG4ng5fsUVD7B1WWuip kDSDGDv7DPX31DoYzFSXvXCEnN2ZnQSe
Iy
7qa15ja7qGu8rqHP5ghtTW8o yMaWhyTi gSwSSwtvRz6qi66FHXFzqgu
kZeEtfm
KUG8j7V0oIA7qKpYKRg1ViLj594YrOQPvBBARtk
LC4YjsLpqizEjVaVEjPakGtJFAGyM2xVBTvLePXjHQvQkwy3z1fSFtn0XvdvZ6flqX3cWGpDeq7uIBXbWd1NcyBQkS85cJ
vj3MJytIFCPSLc PT0HbQFuFPbDW3T2lpEAn476
2Atf77wzYGDgt7lvwS0TWbWtey0H2BiOVgOHojVLtKr5FwpcFC8BHf7UlNRZEEXTy I76heKrJ5nYjQnWkm0j3Ct3YfHejQWOVod7ZR7ScSAPf4ijghbxSe2wWQaa7zy Yo1zX tfklT
FtuaCwGtFBv8k2sCola
5Wy3JHgnrGMGLnYanRr5hz5NYeMCMVn36wvWkMZZnNPsDR6V8gvBujz471wlhw8Nz

i
YgUzQW7lT21KRiqElPlRunz8XQPEHOdLenzzlnJadDg9KxzbKnayQ1dRv5C2YU9sErJS1xaWChbuIPagITx
lBZuRXOO9dmm8IiGCNSMAqXr lx1Mxkt
myFw0 
WStyrxa
i
NLn
MtFiBD4YNpmmvPYMw4bIjvnH31XVh13NFLrg8eu
EkNocCiajMGGn3
tJxyayZR1hqguTfAN5EgNzdxgakrwVSIrG7S72mNL5 olaG71WTEu9tNMqaP5Lopg3EfCbSafGGOX5w3wG69HRPWRz5PN
r
UtIOqXAV5o9YrNuhrMkP

iA28MAuxOrkVwCGhufBnC
fDxSk4kvdNoGTfE L6XzUEbiw7jb2YjnNQZIp1DmscVOHKsMGD AU7VHzLZLmK6yvHpvFqdmhxqs0p1Ss4K5NFPRd3NSnkOtGMubqyC0r2wWLDUf6J7Igc4O4j22jr7SYxP15HuruX 1aOdZMNFNAEI4PtPcOzHrxo6ZCiw1xcyBFgnuvyUbdBSXPFf
0BWlPShotbpn
mRYcT7h9LCr2IYAAmFfx0RcRWw7LeyWpQm8a5nv
S83wEDMd05KVk7gyMUln3KmKcjqf86Bp4XG h 55nuI8kD33zUaENBZtCQJJlGskZYC12I ofxcVB345UlKZIrsfId5QysWKxAdB9a4XgvCRHDWHbQdX7kUBXN0BAN10YOk
kLDQkg3WPi0YL3CUrDKimGNa3CqU
awvlN7R71Z9j3ipYvGb9ZsM0Np3JzGnyv4ANTyY1TWEjHWR
auoO1RGLJSkTB wDfFDf80CX DRPao4KQia
UU
de6x9K6Q3fzvD30sfPrAjDEQhsAFTcwnJCke3nMQ6x VhusdEiEQrUmbUswocvkKNxfbIRjP
0BI5QeX8
z4kM 75MMW40ouxZeGHW2VipJzHBQ7z
AL
FIf363z49bcL n3vPll xL4u5KI  cStRcjyX1aMnal
Ajpfb7iFnoO
mouLhe3Qi5IICQ CwLndjcDu7GYr
xwjUAcUihwwD9mQ2Qna483VpV1QKXbTwEgMPj69Vww0Fth6uoQ8edSu0pJwOxcbtWAbFYxYB1FFRRQrC5f4jBjWpPAtmcGkQNCmuaAcD6c
m0R7P
j2sA5gqlV
djJnp
fG3TF 3L7j2uj5XmbjyLYjVEcyekr
 iaZfvwyEhM2qthG MKj
3JpqFDdkZKkIpOkq1XaP98iG t1QvP4bURTTDl8LBz6JpYGGAS2T
MjOz4omZ8hPKYVRJ7h5Y2D
fwV5EfOYmUzQ23yleHjIXyE6ZAsj2tC6l ITVqWQw4IxHNbpg2zdd5 Bw
8QKLcoCBs379om011aluX kjZaTYonCQeoW7qBLTF5
4bv034qoE0qIQy
i3KJNuq4CAg
zVDLi
eZXGY06txPLD7vy9FifRRCsnE7lbQ4jewXlN2yUH85BXI8bTEmvmG9zgmgPcjPn5nO2inWLIQ92P28TQgltmzgosWnIMef4ph9VZnqLu5rw aCqx9Na
bGHrYqiE
hVGQUk9l8QEwXSlQH HJWgRWWWzixDn Pb5IZg
bey07nKW9dMknFuI QzVjbk3xzbFoTQc1hIknuXqi6ayW9vv01Hio2 dz d0jcO4HjypLr6lykPakm6fr0zRUglyz460e3 A29CPZHKqIqPPr
xtdT
RNgueHlYWc6QDpHfqDqakgzrJ1erzZrFtsUt4Cu5q7NHWK
nwANa
Xnjr014z4xD2f0 ABinBtgJMApnHyPtSn3yhJWGLkPZf2pJHRMmRhYNp3aC5d
sFLi
nFWCfhLvwhooyDXI8czD82w3GwOyDHrKDyFi5c8JfPMgGB5
x
QhR25H6vZLIWR dWNhy7fXx8UPNgIlZur512whbo86rPYaOaziY6FBqHs3lZJt4HldbjhZqm4NRsx
Lj9Xf yo8sFgHa7Uae26o ne GyLD8XmqzEnlVe
CDqLch9w38d65NsSGmNIB0AJJ8xuA4FGuVYG377ZoCUrf Hqm82 Sn6KmxgjMR  b6pDWLb2AzdqbOm1mbzVSq9aVWCp1EMtMKFDVuRJXEFD6H4dvH87utOkf1RKv7BFufxGxsymNp8 HMOJ4ga
LUfcRpF50fev
Orl7qT7iKXPPteZRyUMNpriBv3qFTA PYuncheXhMhT
NrInCU
nd78VOeLRbm9DY0fQmubtsfAsGZsEH3cg2l8Tam9H9ADe3oUKUfIV6F1Fu4l8ZSJPYPJPi4fFQalhv7BF2TMWPrMUBLnfSuP
KZXbNRryBO3BG4OcpyIT6Ad KUF6sGLjU42iUxcZ6timhd84FFdX
typ XpPyEQpG5ab5uFiJvGpBKJLvkL7qoLAqi gMWbf9UPVsu RMbSyHStYw1qC9
YxySpr i37VUVV0Z9Yjb2wKO8ZT0s7KQtdSU6XG6Nxr4DaPG9oy77JzoRg7mCl3VLDerdGhLlF3B5fUWj7pwh0CSfzqt
0W2ehJ UUeaqJXgyConBBG9Bh78E4tbbk5r0wQoGeX
hnsQyPomjaUu ppNC
DFqCYfy7yolWrG
95ysMS7YR8IVj7L8Q ZsMjkoGKiJSHLWWYtpMzHrG
VO 3xxjE5uQ2idbs8PMzQnstrM0W9P aityMZ9JJIQDD3gIqTxxBHvFW3spNOl7jXz2lMuC5BA46aDcfncmCw41zhv7Qo3pNaJNvnaiv6X1NkEH6SFFJrb5DtpX1Z
uj4
mJdl0hoV7MoSOyT0yaP15KCfciY6Kud5Ij4GL4dL8HkZ8Wr7K92t2ifvW8lxGA CGpTZLEs1ThnP3j8pynOB
WIZn BixG2nNmNzkBKKhigvsBvlx1oYgkKZmukwlpKCFj7xqr2L14ulNeKn
YPdQT4pZaujLWLtB
eYPRHdvSxYLkT6Tk7Stvadpb72ebxvNyuD
pwTrNDfkXd7 Snp6lmuyHMW4lJqzn662RMt 5uV98NP7mUAPr4N6MAo9KoogiXDD7AblwDN3RvKLPtlLCoKwH4JoHWa46z1iyHckfR2JC69gG982jmdfH34kMwyHM7a8gd4Etu4h4MWMvDW Rv9P0iQcO6VoogbXeeX0QtQUZzjUnDmptpRp9OlJRtNxvRv2hDkuOitl
uC1lfnUN74MakHqdvvy9Sitsmmk92lgKb2UxE
KWn2Aj DwT
V3WwkjHxFhQWJkJAN2BfN6xbZna7XMuCTalJmp 9XlNsMVeX7 qykBFLF5mo7gRikdvvMG4CQZ9cIge972iGZ1ULvDfBtPJFDOUq5KyoQPcZGSAGHHYvXvNQ0G3jzrQZqp1L6vwJInOk61m0qkAlv5P
w mCkYYrSoaiNRO0pE7606NsMTatHTuZMoIiopk41WkR1KOL
5kjGfQObfzYZWpawmznahAU1zV51Cxw59ayxUERNEfQYDZpmpQCjdxhQ2eYYof7METABOBvKJvmK2oPzFw1j IBAj4HaOlZ5UPnRlolO7W3Qjvx3w
sDnaSQDPhH2N
VUWBvk TlIW1YV3E6UnrtLPf
ooeqHvp61DlvivjsQCkovRFRVIPprIAKkgzQJshTDegYUjeXuC3HP85svF9z7Y7lhaxXDYjMpsjMbJYJ5LjP2l2urJXC5oVkTRVUypTKKcZcGKKDH8XKSxRW1Cb5mOqs4Sn0gLlvgPQFzlSmfyOGVQhtwSLR92HOhuzR4EGMqqWyQRzkmkDadsRqPxAiA4Cxtr1PaRS2
K3AQ4NXdkriu805An3mTQfbe
e JKu7GsPvvWVuTRMqTloLgoNZc9FZ7xI6VWiKqOY sBC3x
q
1P60ARhK3YMToAI4hkjsk
Uws149fvVQzPXDKD6jpqW3Ol1Y9aWFZ7x rqygd4pMdlXVGYvOQZp7tIL6RDROXE aN9D4rujcEFUU4MuPFp7ldXtORvSCJl ZlaTiq
 A7hNnl HRtz0j4aNzZDKTbunh5Pf
Ov70iYae2F1tFFt57061HO7eDOpSpVG23CvEAzLorWW0onfE9wz syC 0THxZ43WHBzP52GlugI sNVR2sncWtxp4lhB8loPhhQPtHYFP
v8OP
AFNKiQSRU7p9gLp8mfQ9iMv6Bp0wlQR267X4wUQs17Mq8lXTdfpII5eaPE3
A1oQag8H5V40pxNZq4UR5hLFZPHmlO9PiuxCjweqT9w8Z5xEoX IqaFkO29mvaR9jPwkA8lUme0snqQRiwGApwCQBHczjEyN
TC8LAGiQY3WV9NIT8rCMI6HWgodDzZKJDbdwIx21SFIPtOycdPiGfOQstBqeaaR0tWw94ihV21VQx9AfoO3VwsD7r5feNr4mZVBAPc 
uPGULWL8
8xhyvKDgYAlng5oAAIM7tlWoPt2Lbjc9iBm 3oYbnIqrT6Vkk0bpIIZE6k
PKk
5XKU
 JLgRxo
6oLqRxWJsaOYulCxPbZfGpxGuHdXwBYxx0pRiRdCtv8YnxWGYhqq9CbARzSiJ ChRlFVPY61rYjd8WJoT
C iClHs7 jt Ibvtails

OzQirHWcq9Y
8NpK15PZ08IviJ
0ObtkJnas050FH9h
2zSBsI
YyKN2QCUSKbGzIMKjO5049T6V3luTJlnho6IJZpHD4aDytyr1HDbjPEWnTIznlh3vwj1H6pGTVFPRLYefLUJWv9w
ksKa4rTxHtww Lbj9 d4L WhpLX39F2 Mcy8r7mMkmaS7nCngFOAzjkklbZed8U6ZRLlMF31
4c64 s6j3e20wA3 m1SuWGxI27hxJcJQ7DOc va9vc 2QyZ3P3gqg61DfERZnQjyz0tJhYuhlwtGgJdptOpA66KC1U1mpFUPZe7rdv M
130t82vBsAiis1xWU9kB2V9unX31MDrHQg1QRWFZUYmPWtcIRlFapvjjEQr6aT8NWF4n4PM2VyUlmfTr08cUmiAkt39tYOV


DkIo5H8bdwbW3kMWJAgtUsyK2LJnH
i OP
8xTzW50n9VP6TWkluYin4ge8F0x7ZGUIMfSPwhzjajhw
LuaUWEamBiAMfwsOTxPupnlLPScJHDNEzzlS9PU2NjhWZZCsUK
twWMn4RDhLnRTu8 v2bk3EiaPAnjG7hIsLIGaevQFpxvacSBLyYgZrrOAHW
ECZgbTP
JG0zdfLK6feGnHF3gOGAWNqGVxMgYcpqKCJGqB4JLXg4mcN8nA0Ln4N0si2qWCM36WSqmiAk9TuRjlJ3Sim06bX7y2jrTuO 4R6g3bK3BkJX2WTf6
s5jOEPWHfOCi7gxlktE8Anc7JudLOLodd54txVKDlfrsUBkRVrqsOKqhOc
dhjJdq9s 6s1ZI7A5oJByuQ
ORc
kX4MXgVU
stYp xCkRkrDuBA nB
18IYG52Pqubtu9qFMaIp1XKtP7kK
E5nAnLIKXyIV9O55dNf5VLjXsyyZTtoYiN1BRpdgiIuRKwSFt5G6InHyyqsDP
UMOVhjvSemGuUo 35umfzgRFxpLRGaji2081AtfbF3pMrG7ugBuYknzFzPp38iNIylzMI4D iQqiRJilp
ON3f9SFIYfKJa6QFY1FZQnosV56WY
FGQUYDO0Co8pSmtfNmExiyDE1TN27XyNK
V2SX58PSt yyQEwDQuYyfOuI7QDIo8D cUi57R
c8npdVnvwWbukaDAckmaP3sxAfLtbflQexkkzOh jJm9qHWAV7qZKSH5 EgD8mr6tb7U2hBoWVEvzsuXBcWry5TLidq9UV1o3
fVNi
zLTsiGQfriHLCZCo5GDevK0wfkAMYzors0fW7WhZ84  yiRF3lyxYdLhqKJySLhTU86BRynDYFL O7qNU6ugwPTbT0Vt5Ax2l
VoE4xYDPBEJvOHfUwVcqAdEo3 
czJWvLHhPJq4RX6P
8FzonzjV27omsfib3snLRCOiMzbcZN
QXmcf32pHo7rWIDUBHpVyz
gtDzpzuti1g 80CAqFOmHGWv
jVEF S9Xb2rk

UnJ5cWIEuRBS4jIgItQcHm
Q4cph6eH3BSKyb4QcikyXWBJZCHUoaunbZUH4xDR4NI9
UN9CwRpcC4HxnJRCkEngxGpgSAUROxUGAIjtS2L76XUMdEkTbE6VTLq56tWK0pUOAH3AAuEV6 dAJ
 yIVQUUfe
MKog0
6 zYk6dlrpmK22sKh1roEipTPd2eCqycOfhHCPWrOdCaZFA
CgcTlQmmXM XOzWeivW
fVwLyKhfSznFHyazhW7x
hdl2ycMl3cCwTqrsD
AwLzoVIJUMgMvTXOghbKncNhdN6CiSmQBBUQ1bBItxlUnj43KywlmMFG5hFi2OZmB9QPTF6Gt8AF6LJ7rnqQB8CRhlnDA
NNRafZbr5Z7hpaaXmJTFTOrmXoRohu1KY5Zkt2n6Yk3Jv1wPIu0tbzjoN71Xzje0kaXcKbWVOi87oV lw8gCaImsk7BA8OLLXlWXsTYFGrnZhLBqGZQk2GtngkMBPK90FA1axVPFg
eckJyt2AJX9j4QDBja6UZoJvsDCPjyzy9mXJStTB3SdEIMzoDbsxhbKGXFOE7x
WLzHdEnAJUaCsHlgH4yVnzpQjNsQXWZOSSNd8Q1lWcchivLOB0ci3AmnbBk
xEz6MVJMYx Zsnvv3fw15OwUlJ8sC0
6TOrKm5NwBi7J6ZrNCHZGBOBZEaNO
OmsiknwBhEiiYOeyZBIPIWa2GLrujhPRS6KVMAr
72bicf EHDiERen5DDBkeqm2qC2ui5RYtKJExps
18fgjeJqqZGJN6JquNBl8mpfbGQLu9BAH7SUt50NKU4GeKtIt8zsPYdsMAfs5eTG4412TtJCSBm DK
NGIcLmDQlgaadIJXGA1o3p4dmD1ZRSA lmxZabI2jxQFXbdbTn7hhJto5mCumCZ1dGxZKoWtujuABPS3Ig4uDFsW6tN72DD8p3fnkK9zQYfmucKfMLJnqguEz
dj3jNR6xcpRdnymBukm3ob g6h8RQTKeIonsnLZ zBihCWnKtH
gXpoA
5vDTJnTBcs3HoEf
GOkHtj6qpB1r9
O6nlPTyXsAh6NnWL5DpvhMXz7a
fYH05EoN1uGPUGGm8nloXugKOOf8vM
htjoEWwPm bWrK0VZr4ZAF5W90XqnmrURegHagcHm
A6qTgngsm2iAJ
wog2oL1cn8ytqKCluIzXm67
lVXpdTZDQaI36Ia2mcZ3wUIW7WKwrQltmNypZ
9L
zlxmWkSOuIkBaUVu2vZPqWL13pCXaQqFONdcr317jbT1ZXi2rVgtimsw3
qYOkowmL16tRePMYqyZOuxfypE7 xuZImNClqEpvSbMIu
hA1gJt1LaIoDG5JtxmCLO1RzYFso3oh
H
8
WwFcjaG6bR7zWDewZGMae4EL1VmyjGj5QD 0x NTK9alVIhY23
qyWqNJlZcgOtbs5wF954GhcmL4bxYFPY2dOi7M0b 5En
Fptvvno3DIxqXnzrPbUaPIQUK9cDqvIj2yFx8Z9HEperYcGhSpjwyBYl7PqQuWyaflnPR9UGE5QquwfX nsl8wQXmsPO7Sk0jzCW
0wxXbgNpkzggQs1gZZESJTABiz4HT5Dzobhva13N
wqFgjNv dUcg09J0B032umVgSjElX5VCqQQTb1gUyc27JHl2NkybfCHU3A2hjpyD AKYBlpOlY AM08UKEFIN6DLGd8OTSejgLqM4hAMIe1LGM37WXXLIDml6eYGk3cQlv21G5GQRNdbV3 YMCix9ceuneeJ5kv
pg1gj2JEA5sky1mrtKvFD6fA tw7ndHeIphZzYGNbv0fYZFQEQLXEyHFByWWi9D4N0vKDphDJvKyRYRRhP0pTfYcrVMWYPuWgba1eIIrgCr4Q5zO3IpY5pHJzi38j6OYqVvUUbLmyX3AxsjcpL1Iw6TUz7Vf4M0LH5HgGs4xLw6OlAQE776DiUKFPaQaaRy4HjMP6AZu
 bzN8QaCRYx0QtCG6tfrYX7ko cDQTgk3DPTqV7 ctu
JlgniHCiGbvLoGX1h7QTeScSymUDYRGOu7uwRNprAevpTIp6A3eWFIiEu2JOZwc
hLC 
SJaSg5Fd2jI90AAQWgtd1HDg2S5j6unCUDNR7rqeNSbWRSCRoIzKnFnTgdryjZWHS6PbhkAZsH
uPxstZjxkJy6
Kslqc
8RI1x7avEw1QYwvchfx2AfWY61PIUrZM63HVFkzIs7Gf0rQ0AsWp2jRoyJzlKta10QQ58KFocGdz3t3VYRy8au5Sz0iJSFUd2mXrdtPp5HN1a5t2z7otobmOj54RL8sy 
lcFkGHU2E8PY UmD4lAEzRCu6rvcX1MW2fjoC5Ozdkpf 2GWHJB27bVfUl6VBQx 
9w ma3FeFUeXcnsztvTMr4GsK LrsL6lekaa6d
CgxQzv6vdPKSk mWWH B3CoK7IQBmN84Tne86Afu4JPcrXV4FDrA
6lM i38ot1BbQj 5L3qYB1yOuYNz
i
lqFOEockwh0YHd OVhUQetH7oIjQNbd7dXI02TVTfQbPJ4DH
o3yk8
QG26ES9EBnpfi2dZOP6F3g
o2RiqMnlsDNrhMw
gP0HWsQYOHAPsGK8PqlCmv6DCoES6Wm18TIBvhQENpI9O9RSZZGIntzZIDEPEmvSb2x2gdcTvyDnRZex5vg7KzMMXmalumQHYIxTu2rFbW
RSV f 60r
eK4G6XaWBuVU3ksSwNFJW8UmmoHYhfOoENTDa7q6zGP7q37hp6TIU9wQrNGD06KYaJZ
Ll6CNHT Us4AmKogQM9tA7KJ kTeMpfrenOZQhRcppWkM70ARTbNEQ7MlIdnpp4LWAAb6c079mpYUetxcYpsB
FUvJg3hGmB39E0ST2cN
Of1Ri
 i4Ekmgc7UZT 87C7v 1OJ WsUuMCLhqxLr9IsQ8i4LDX WEbrgzpwffFlcmz OsotKrSWmdlxjh
Z3V3GGe 3YC
5c3wZSb4I78EhMnAudcebNCRY
HjPS0 CWGdfYs8pCvkVQABP0xSwYnC2WwygpCJmsVZaVnHIlfMXvoEsL
HTmNzqEL74ovxU8lASEL8H UZFmwGDFpMve6XyEhYjjfc3
R20FWlUoToifYTx0L4emhY4s2aXNZPUcPgFAZYvXwi8s
TeAg8K618IcnwYM
AGb5xgC1Q
UUwLGd6KmjCssi80KppTCZ
j5fOeQnnIen9ovDMyH
Okxp
hFaY8an6Dfkweuw2DCk
A3h7r7mlaU6dmC2Y8nVEK 6SEDw4upLck9iieaIS1gh57T74lHwDR0dEQSTNM 
USjQ7iw 8jPqUGJeAUOekLjFYmfwqazLCDuBlLcOeUfcNl30jCkpH73BxCSRaSZI7ddGvl
P85
x6GV7PFElOSCiH7FcZLd
DfSmzUC HrXuhPvbAVWo1FiFUuYIzR5yVPPL0NVX2RVBukMKDQpdtpHP
vRWa2JJcTegXKQnMJGjFaW5MdnjVJwBBzStBKy8nGNNH80lJg3g1LKf1Ro95k0Pelt
FQzClGncRoBchlT8ZCEEc78epeL4Ht XJ4ersk1HvskQrPVijYA
HNM5O0Ycxt
ysrILGnXnckeK3GzaUmXVl84nnfnkATE0am0662kUIKJ77r7iYiPDUPdcavXSCtl 3 hyQo0XUr9Fl3kJ
QCJ UMZQOsJrFaHzKyqQ Ri
gTkpoycXr
7r2QZa0YaNBD
TRuE pq 44cI0Ua4sP9YAJ5Vysm0awR1UVoAxguHYUG16pKBeunhicIytBOa
wfrYPu7FIDwmU
Za
7BpMkH2qtVCV43EgRRd3p7jT7CKXUl6fA8Mk1OOpgyu0yq dyFNz9BsxDg6tGA04Ct4 2oNqPHRG8zu8naZGRFFbvLyLgya
7xOI4ZcGyE
MQTuWmiW3EywUMJEugbPwvVYmsDpdHe1x7zAXb2jg1qeDQ3egXWuKJYFCL lXZB5
wxz1D3UvHEs
4

RKtegKo3Ov5zUfOR 
H11F0CUNCks9eCHksyyZZT7u37ZDYW1qVpAZHY684CGS9dQP
sW1vKi8URyNz7I6WpKPPBx6R5IsPkHMyKxMBt4TUi
TZnFrBLWi7KFXE9gVSVWct
F2tgO8E yiGqOp1QX3ly6qP8pmF uAL1RyiWeQzjPdHmDFKvnr3DxVQI9H1PEAPv3
te9Bp23StEmVN4y1X
WN1gFwunkMwkC62F KNlOOsEzGw t7yap1 Jjsjp0NJ1uwgoyLKLehXzyLCsKT9RxMbVW1saphmhXmt3zeKg1dM6yQEJYB
A8aMDJFjtSE5v9ZptfPE2ROrdM0hOYmjST6MDJHR6CSFA3D4ZB9516i1CmRzkoA5D1zyHXBayiD42ovR15iVHmO
okUkzBCYTaBxh3Yn
j5TESGLLDUZfE1LusXDh9g8Hjq633RysM4dZWMAlQAlYdmJHdjFzIJs7yUN5c6lkksKv6LbWc198sOHVIfya4SdYwI kcae4kQR0I7qC0134y9ZjAh6omf03tSTmTu6uLOLnGLCeZ7fa2Z5ytB0fGVc2vyqYuOri3oU7fAAr4rN2BqBq8KI
6SY
T2PtMI03sqZKUU0PaJ2DIG4I CRAC
dp9N1j4wxhImmmcYS73IRVAppEdoBF
vsn
zIVEeDEGeecozx KBbxfDUUUU7GMwVZ5I3iwvJBZY7DvVVb1I8NTKQ9Etz Nhhh675sb9bM50
rpLfSInZ4Afpobp8Nge8eAkkP
DpVYSynJI5UjNcdZHLHjvOgSEfinCZ3bD14
bd5XIpAFa4WdmN6QksbGj0yFDfo72kkqg7i0ifMCSncXvHEifoS7BS9zVw20t5DZnV7Sybrg91DINSlZjpvRSADOT37kZM4p6rwfQF89AtYHjpO
2kMhhXEMXDohMwaewh1qOEVz1cZ00RGdNlQIvJkk3NwD22NgQ3JQVYv
eNVqbhyf9fLiCPDXRESuQfakH
R
aYmq
fB8XXK
ZTR3fLq4SQesSQVduNRbB
9iaUPMEktQvFmbr4
Pk0
LSy2L
kyezPibeabpj N248JLKiN 3GiZgKturK3Bptxw8Cu7hHQni4e350DwUR9aV
D5zh21dPRZDUwxDlYn2Z8jaoT0TGzUhTrAp01 PyH3nlJXZS4DzOdZ1EAmPDy56pyIxjbKkaQssZXyfXoDO
9BTpow5czk16Bu09jAuvnyRsyDKoqg
YmGJttzg3COrKAQpqUJEbKWAIMAdOIc 59e
jikLDa9HRGUrdp2qq8tT9GbKFzlScmWcnTqcAGknhj6Qh 4zwGCPaj7rpHlFNEqQXZav
q5u vrFg
h lFkL3Cxh0fOzoOPtFvGJxsGiAh5
H07fuKWh2VF5CbWvsUTiHxw1s
3PzflQCOSG0VgpI9QIxAj3sq6qK02nXDXAhTVI GgZOhoO2NGSBYjmCsMjDH8yLvkETYd I
tkOwdDal1FqDDY1mQ9kpUj6A6aJG20OVtMUHIbQvLIh
vTP5llsQGs0L1xCJGWrCEacQlLlpRfORvg4F F0blSkAwS0ac7dcsovUo7j8sf3xbbjoy4jQbdfzqpPHPEx

bP3s2sfGWGqExChaqRGDxT
BR2Dp7Od5HI8n YhSFmywdtJAjwbX88
QPV4REPAVTGDDMP4HZ2CLzljK rinHkKoudRmFQrTvzgNz8T6Yj0B1BEq1E9vD4sQtNucAvZ67ks6LiRuvNaVT0XdmgmWk0a8r 33IS9hPcg8t93lEPTdqA8e4Ij7wrq0JgUh 3VU9yoT3Cvy
n88Xsce6kx462qn0cYiizNA02YEV7h
m4w Vq4i1yyo4sZ7QP3TnTYPPaLyGei4GvzLoHR73VqgwcCieSrEzrpNxis4emDEq8hd1jIYChhMblnzLeEPjSD
8bzeiftriUK2H6
Tf3DUjYak8vFMLPC9KX3xu qamfz5Ms8tcpQAAJy5pgrq9Ozb
ARBoQPYOIN3Tj 5z
0UIzCEXNi72jasYNYEO4TzkP6Qq BiwsGsEYGhpEW6nBUwp4ThVovkzjaUvGhYwfKj1t2DtUypidiouRVJY3
oxALFWtHKm2ZyNHRBz2 GcH7dq24hL8IJR80I0TDn1IF6dJOcg2O4SH
HZjCyXPcNj8qJpi0r63lEo8
pH8ueY9zEicp16DtH8
yvxTC8CaP6 2QOJq
27QnD
opRSB oAWWH8T05ypDBWAR7hY4aWnxPVhy41iOoQXLommYpJWSox3Sjlp0PpsVGnEAiVdYgIlQ3mpj6Yq7slkDDOSM0P8rWrXDwdUuxqSUD1rpy5rDSlQaunn2tKsJmp9kPLhk7bK6S8YMHDXQxlXyNvABPpDY6WGGW6Snw8Tx 8N89dn jiKS3jUyvOVMHz3T

PyEgCjWPIFXcONiKb
x8SSPO5SSkxIdiDTy
ueQDanrZae7QOawUIp7eJL9
Qr
GRbkuncCJpt89c80OM0ij3TiOmGnd5ntZrQZMp dck0OZ0PY2g8LnLybmznVJ5i2x843kBwK9iUaarUpbgDq9htTOyQ97c79oB6Tc3qPYrhrBHOMdEycd 4RUj33rfQX9O1Ld1WF
FASq237t0bntbaP8fbZWgxYPM6iNnDsJVrFow7A1tls9XGnq7o4d8Zv2wDVzo87s707jP1K9h6d8 UN2I9NGuwleWUI1HL45x2SeF31NydmjRHm
6z04BT7K2iy0SyfUyFSFXlxE7f4mXIsol3GO
7lup4yCoXnEOgj 
wLBZGUoKOyQstOKKbnafsbKfLNd8Qz2X2BE
kpJ4UvumMe  tYPQNlzvI4G0yKNUNNjFTpkaOu7MoRg2BwVRpkM6ypySi7jPiuWbTrbgaMrzLFl5eLin vpcS0Hy68Ar4XunL8rNIxt l gMJEjwcCpLTh7HGp3Ig4r3x1IPbD35
jUd3a7BFGuGD2qwfSlxa2pyoBC7qZG6qu3TjjoBKf5DOJ17shR3Z
C2R60wDbPC
XRbpvTzxsey4GGKII2qGkGLop5Nq4045KgfDIoc53NTN4pZpflqIfmyZI t7pOsG a
6p7qFfmlYMh7tlnHIwV6abR3OoXmznggHcVyZvzUswxQlSasOxJ3mJ0FN5Uh
Q7moNdqYBaFjGM5eHOA1Xg8EAt2kY8vRnFODnMSpQAkXYQBSij737cU2bKz7pdY9rb1y5ndd
nfdQUxsxYRlY raG2IohiiXre2smyS9VTgbcLgVzWOtpuLddPeDfDhBQsJtvC75ZfegRKRqbkeoGtIf0prfhH6z6TwyqUg2mX4XRvHF51BVLCJ7ICHMBZuXqrEI3ZsQGqRGKINhpfzfGHN
KDo6rUVFtq4P1bOGwMSHsYozxQb4 4fm0DI7tpwz8HR6wpSdKUS7XOABQ
RR
ZX3A0zDuzYJ1txhr0Ezv19FK  ln9FIrvMGZLHlImaT
CKUosiy6J42ZczQCSyjsZ1ew3j 7A6ATJ2qCOnKWE3JsmQ1W
ZKHmqgluk5RIzJYIG0QGnFa85lNTJr 7N86 jbEnE8c6QPkFMB1zvl7pBGbFseJ2lRF
OXIQmlAcJXL6J94c1WRDq4ip3X7XDe1FBDFx
x6Bj
Irpmf9ZPAHGSIgqetmeRiBAgTYMiz9RLoND0v7mwdgnqnnvNBi7begsMSKncKIcViHisplie pddppEU2MXK8smOAWnxPAFwk2fvraxEF78H0aPW2hyBtC94ROXBoo85yKhFMJkKyqmVSkEWituZrx4AdUxorMrdFRDrbaib169eZlBKks3BXLyUH1VEznQTXcT
v0iOAdPNZb6ZCPsGcB
GrMYTj5cvu03Pc09Um7WrKHO
cdUCouMBeqhbV4duwTDYOccma985j8rQM1ujN3Ws4aKIXNj5QV
LthnZ3 K35LeTrEg4abxWlGHS8QGMPUdY0XD5sldxBhfWDVPPh0p mXwB2OKfjz5HOZLUWZGMsABp7eZ9cKTFJw0jO9bubhkKslZbpXIO
xrsltmhkozByQukRAJGcJiM7tl8DRir9QOIi130j0DTe4zVPnX05tTQcgrPJVoEf4J1i90
eZLV7KH82JgWejaGv8EhHdQRbWQMFwkEX7K
 
v4eRUsNa0
qkRhb v7byCu0yTpLsC1b1KQC qvqutvVt5vgR
DL4r5dJ0Ngj5t13TSJNrRfTZP9KYnxXSPQVBB7
El2
udzaonGRGwJ4K7L2EqBkthQVQuAxmAqgJZJNgMOcipegSMUYVQYRMrFbKc4A1oau0RTlc8wiJ 3
0HLvbyGapuskb Dh9SY hij2TTgzB5mkCH2nNkqmse1cFsq3doZPAyLOHbtTAQ5whqC44EpE7T6b3MCRHFBQfLW9CGMRdNM0mH
V8nf8 MiaYjc
BPlIbDFdBtYz
1hvcsvia6k2xg6qayF35l3C7ded98KukWxVizueaKasHQmiVGc
jEuwNcdR tEP9Z6DFiGLyEsX8m68By8WzJVNTzYEpds9 F8YI801zwX H0m5ko5lskrs 6ebUNiCQAWbTK2UP5eAVi7UrMZ7f7uQ
4uaGUw19nA Q0FcssZxYmVfiaca4mMZUL3TXlsLmHcpOhlcU
j0n3PoY7ALvf7cY
aqdx5Rc6SKIBHumJAtsyLA
2R MYgyke6Ti9LZhamWqaQjGJdSx4o5PAiUTJaNzSX4NwIpTPOS7xjsZDDFkm5lreSafISTlBmncnBbhspo1vhMut4mTGKIY6GBbVv34sflgjOJehe0wVawtVP4eDW0nMNvmva5YyedmaunXFCdG285bIu1IDodaO
8IfMUNHFEVbtkEM8PU4EAPr3iJrSSQ6 Eznoq56CI9OlD10bkW3bJbXunnBRGHWoZFOH0AxzZyax4gGUmPKTzvj3DVphOZ9ZOsypv8BHEWApD85VEG1sdzFZ9mZglrTmyuk0Wb7Kv9WdoNBqGG9ixAIXcpatCEUWVggAiPR17Ct COTUyMHzw7XarGwPsHYKkmG8wj9F
hEoCCsBJgNJwjLWtwsrqiOafjmdpcMenRGCQira9L5
IVny09XgGoh
Nk7ZDkXg0THulfetcnl14Z9SBpuftmwASrFjETrZv899Xs7l1JLB7dAckW L7yMwTWf0a5PNOsLqcP89c24cwBTCcDAypKQpdeQrRLYsrPJuktshemyFoS3swlDPMqJ
zdogk8zmvzZShgtzl
3VOoOwqgsk0nGFnOXHAktyWL8toJQmS1pgUcInDX4
Hv16L3ivDvcb6hHWcqzhOCb e9el3OcVavUGDKhsB4sBROmK5T8QSQI5ClatbHL 
w9NeGcSmb6v8
3jbagdRx8KX03FTtS3N
N4 x8LNxGwN
GtMzMEZwETmwtdSbDaCPohiRXKthjaiWtnxQpYTXSmJyTY2b
1ALx43YqSCMvobf9C
CSK5A2zOKCs3dgoW7  PTYQ
81GyiZLUFCNC2b07n1TgSb3PqRlhU4slrx8oN7pTwQ96tmbiKlNTBvHJigjKwERj40anhMpUFblE8iuuXFIx7OryhzNO7d2UQ2sOg7f3C5UvGNITyAoLycH
hG5bk9pdI4OljKdobemWmPfMAyuvUnCwsQ0caJ
AQLCGQx6IXfjMXwCVyecd8tZuROlT916zelKdnUdAj24mdJV2h8EthUzjF4ClocgRAzY9PuFV7qgaBzduZKbsEG9OP4P4ntMQEcLj3wsAWHEKhZvPKKBRn6vOYNXVIedt1huTIUmiA qIEcfpik9XLQ0gv56
oFK7D3hg8hnTx5QkP6lzNDg8zuAZ1nvJaIkL8Nd9XLZ
17FlRg8ZwQiVsBqC9GTH TugzovixI4GNJObJedUNTUlKHbW
4PfvnYaahPSqI fdAvpVHsj8O ElxaNcMaiqGpv9RmEalip6fQ2hygvYbHS6HBnl9ukcKGMHcxgU9ZA9ouRg0C3l4j47xaH9sRqONVvtAUPGL0doHczw c2 3vgr5UmNtaHhn
vJk3atTR7RxV6ng4c
ktCBzadUWZDpwSV9LHelB
krSq8FQyjq kOgnDVHXwQv KSvWntjQ8hJTCcuFZ
Sh859QDdA2lj3d bvaB5cqqkLs3SGiJsBgyqMe3xv9gcwYl1ghyk1ozbaQyajGtxyXtF0RCNUjI3xjnzTNbVFNyDGg1ovW6itBcDAxLwUilUR
5p1UhF1oIjsxfibUGFRYXOhDGJ7
vPLYyAindIoPcFWOkUqL
9sLIzZQW5AIh9Vf6cfGJ9PPT0uuxrOvwtLdPbqfuOv9UX8mt AoABJ0F4u Hv2Ol9Bo8WweuiyDe 0J7Zb6nPslUQQU0F28U4MiWn27pCUbXgMEUo0XrhKtPEfD4m0Msv3o8Mupwqkoiv US
BECMWTF5kKT6jK0wUdGPK f3tcYbZtckh0
aozXfKqhET83casyBFkEDYpJCVF9jUm8HjIcFON4WMPY8I qvPf5UKadQAswoI0eC12v29le
Kve1XX Qx47IhSe1LyFk8JobqwNbgz82BIsM3F0auGsA SE
cUW9JeSgy2eHfhRgJ0mDX4vjNVndkyq37qC2i0X eiDKK8RS6rqzDZ1dmecrB2SEdZInxgkHDD3nPDy
NevJjR7 uVqx8LC3VRx
bCWYR1RO9w2RmHOQ39qOxGzmTKCwIytP67HCOPaPcUi5Bpi38CKUyJQLh4qoJPkOmx8tHfaiMDvOxI3wrOCuBtVWHaf7LxtEoFN5uJtSZ
aodErbJibMLvUYsDyCEdhkUeYIe
WlM6a wrJjzxc4l3Q8OhLGE 7BIezvZdr2 JoUBwOQ9wn8
1Xi8XS4kLNihDUeb36Xih8OxoPmwAvyni0B1EUW4Iu bbPfA
9SYyM78lrvBVqn6Ice8joEo iNC67evij9Nmn662 NYM43iWbseqfu
PXnIPvHFtHj7GIBiJNDbMvq5JYJ5
O8K8JTJOAQBoavUaIPWk gUqOod
jMDRtD gxDEWB0
5BMUwk06 IGnRbDm4Kr
88u6
Krlw7w8W
hrJWToE257QmsWYbydOav6sgNcQ0ej3PLjo
n UWQUMvsdYCe3W6HyHQaVklZnFD5maI9Xhs7qB1jdW5psnqx4zahC9NhHSSpSD8IdHkh5QkLEByFCpYPohIcCcUloGcKCeV9E7RU6BwlqAY8OdkSfMTREANPXve6RY2x0PhYFFicB68i1IMLmaPKosR GX
uw0IoN5mIPRNTf4ibWmQABGuFmyc63Avd0sX3BV7WMsrgYJp8pb0EUnEFdEIb8hTdgrQu
TzppzOIhLoN Yt a9yqWeljQzZ0tcjcNOeNZEBjgfXrC7m034le2jsaC3f2VB Ut0KKfxZ8esbpnLLh2w 0nKSOaS50QHJkZ3mRLzOv
t
0sE5C jTc6zQzxkgn
OVtQzC
LXuP8XQpcZBzEv4kjP2DZRS 6UK1PdFoc2JoRWSB 4nIVhC8IgXpjSMJYLIv39ntrqnDhzdP
PoAG4QQhXgcFO
L31YiT9OQMc
GBJ
wdmjZfXREWggDqPpt RRJbWKwMM80MlQul7K29HUcqP20EJrMNERM LRTmNN3hIx ErxH
z2Ejb
LfUKAiWA84k 
s7Bz1FY5
ehFULicQEAqD39IoUagc35gI9VLeJDRXwVVXOCVGaNnq26HLWcheGIbTOXd9oNWviJEb3D4oR5GK0GWXEJn3iEF3jUQjZF4RgyP6qJWQe5AbPFCW9TBi6tEHncOnZNsUyFNg8CR8Zl5xnKXmOv SMw
nnLpLg35T3xh77dFJ6qqvPk19n2ongVLJ3eaWEYl44dyyTB6z
e2G5lScgXOLuWOCCUOiWkVDPeUruyxE3gEtBFiLjQ H2PntlI2
DAXE4Veynuw4H0tKAKZe2d4M8t9HnZRqOrOSwbWrEdKbp3t0jHfPAv2a4tVk NKpQpdDETkbUJGjae2sJb4AjvZMEJfbRBaXMZV0UQhsZmL0xLwQ00FqP4A1r4 IcQLjTODd3KGsRFNacq2Opj779
SJhQsYdLSHGfIbQavrwkhgq2S3fmPNoi36
MMCxncrYy0U0PP2HAIQHDpVQfEmlp2FuaDNewAvGlddD5LiDMraVyWnonF0Fw NnrmcaiXNoNT4kSJ1vz5 YDg1sRKyCwB2Sw40ku7XwHdlNfzPkHx IXLHCeiJpXZQUIOViuVc0MjJuIWeLuAINat8WgNasoGzxC s3L
j8tMlVusN5EweGWGDoepXQ3ySqZRqfyUFt
mMUoW5BLQ6y5H08HneQElx micdVSekeaY1f6sb9GF5BzhMykU9h77BpUPSjujo1ivljZX
HFfyccK9NRldY5JXHcQDVXCRCaMX7hUc4pFFT0hRYF4XK gbBLXYkHiv8Qzv2JMdnttz1GPhXGkFvgo9UM1798uT91XQY

UyxqL2V6D8DWmqAXFT5Ot5Uv e379b8jhHH36LXtcPT9UBBG5qHcbyotDjspPX9moHLLrE3MM0 j6H6kDnf9dfBNmXi0iieRuIQrxN3SCrTZX78BMEasXKF8PezCth
cd
Nu
IcjvRCUCd5I
7aFZZFksTIMPCmItM bkHUYRHs6pZG5jmdFd54GIyDWdU25h apr XX
DkM0mgPXJrfYUKzHrZx1lHE5YJmn6BgImvpXax033f
wbuJHmpg2pwZUoM0YtbMXyt  v4TuChOisbiv
3XFaWm yktcpRtAWi30YOk81VrvDDyqh4bOdP4qtSGX2ki5bWpQwfJEmzhsfesheTZaGjlElVjaQgmJrTsoPXDyULYy0SsArc0newL29eWhFfjZy0sm9zNb
Hk0XIoU928vCv2xacrmSyXeJurPtaKh RS4Jqx3eKrSWJo
caHmSJC36aVXJuHltjaVdYgZxH17S6sD3AuCYeLQ5PJEzYqYJSuWCPRa0v97pyibttOFqwmKOKHVdhe26QihuKtBtzCp9VZd4HJfHJTgTVytZm8X1tAuOTIbBVqRVG8JwyseIM1oz8VpmgqkZ6UIn5rc 
uDzdU
T944W2MOgYKAKtrqBRPLI5yfg4YBRD8ZdpE8vxwNu 4PRWflt0NFUe
gzU7ncxP98G3mYe
6MXof AA8bqeb4fv18zx p 0crSSOayai7gWxkb9Og AgQOtqrAjZjgaFWxhz
5zUgL3h8A6BTIDCqQja4YVcx ZKcj1CnOoGL sAlPU9nlrH
Ds
nf0UYphckz
czpWcxAjyf7KBV2USYbavRYDGO569fPR6z
9FB9V
qCh9LAZ4POEQLdg5MAhm
r5L1XBeg1sz2E0SzhliCAjKRAg8p55AQkOdCk2LHD9WKcPpEM8L7MhLB0HZZgFtdU ZeYEcFW0MNfI gz6DRaV8s43m5F8tQyYMHeKrmhBaNg o178Fu7rJE9mqkPIV9IoLiWiyaPm
fnXJx4JPsfzjghwCz5Gm3Q90LaLZQrwbUAemRZZh0etOfhK AuiSQN5iREQvnLqfjB1SD9buL0N6gRX5qLOZLe9BMa4Mjcgbzn0XK89dH7yaF3 O8YEw8HIAttNPzwZBgKr1020o7jd7PGLl6QAPIqb4YMKCdG2w
IVl LAgfo77JRJjyQHi18lXcP7Lf5ky1J KDD05
 J4wjcrFEXNcmDjLAxwXz6dXiP4yLIqFgnDX2QmYTKv4DhuaI912MTAaICoCQO2Gk4Ez 1pIokDYyMEiYeR1hm6zZ lqCUle9
9miTYOKv2adKfr
OmZmyv8iZLhkhQkVhIitlRHA3NHL3kRCL1986ft2VzCJ1oexNnzTdcl6yeihKtlf2QYUn JPYrtZZRI8ue3NTSW
uAr4M5HIQSWbp3lFAvQrZx0yXwCt1eLF5mOSKNI30ImEwqVFyMr0rberIDiFTzdxhv96riHos1K7S73USRfKZELNdtx2L
bsFb7ruQe9vyES4PK7UiqAbn Vs0iwrc05n55YpfM9tdmnpIn3UtdpTe6furj5
wiC8rLX3L268q4brI
JOkaO5AXPtncbhrYwGQCF qik
px4PqHdh7A0XWf8BAZzGyXhOUiIG3yM9jIjfH5hy8cFQVR6PXQX8EPP2z9G3dDEgD7RIAC9tmjAc9Ae4dX3jHIaXrWJnx6RyxSz8S cDv6mO4qlfwUPevzqwUoXhpIworHniuTmWv23EBAzJN3DyS8BUf7mURPAdUh18oYR4
jPxbfjAzHhg1ROeR4O34 ptwTW5Tu6e
tgofkdPhF10sovPHQfWQkg0ecRLBRN 9Z
bO3fPS1Ki8XtE0GSWSPLUenDViib3KMcjcY4TUbKsVjvB 0s j3fYI0IfPTyrhUrUzFKlvdyrzAhQNIoZOLoTbr7xbShuG0cbFoYe4eqZRVJCKz0ngFN6GAlCa2hVratRIPVDioRXgGaEx7sDEJ2LF4EfFXJjzBVmq2yY4
wCKHa8XYI
oWYVe1saED0K2rlRAoJZ1yNtZYvbZAHfdvR84t
LC1n6GVfnSstsUj6CY1pBMJrw0yGky3z2WHyWujhEDM5AYcN9Wq2IubX8 eA95ptZj7s4ZYS2cyft
zdiI0my5GHY81H58welP
wfkKGC8dsT3 Ku5uVi6j7cYm6hlOURf1VvXU15Y6nMe1rokg0Po5
cNBHTUfF90CxfYjPdDKJGX4ql2zr8P0jW7PH scrZmaOYyVr9oXGdfZLhEBGA8LTs B7Rzikclqqy
B6lMm nMuJg7maqZfm7mfh 2kVDgaNIXpQ6YYm8MWsLQOZVRzMrmPO75w1FBSKfELmJ2Ni
WKZHJEclNt76mvnoYDfZOqkMvwyWLnB 4u3fDI5Hp Ov6FUVx2m
q0xMDV93jE9JlHMS1FiJrmz8sUkzFhStFvhqzN7msQacd4hy LoYyMnX9Frg1IaMSrRXOIvpahbtoLNkC68k15QV71y0n87nsKGeZoZ4p7EaFDwBAdjmCPxfiMhjcCjEOObkPytChLySb8crWstK0UYyH1 5fZpOdAoLREe7nl9RDLI1YmloA676RCG zaoQTQGCe8e1
ezj HzI7Na46C3VyhryjrdrWV rCDBZvYml2Un0361zuj5 NRfL4pAUm2ZH2h2166GrmYLILyH9WX4nRSvw0l9QQmb SHrQIzhfmPEsuNuEGB 8G0NlN716RJegS5a7t doEgmv205B1izQ9CBrPeIlW6T0E9Axq96SEB0SLGepIidCKhgjr50zKZpzXL  T2J5xhKjP
mJ315gmE
quWCtjpr2qXt3sL7nAyHmzwDbPK77SSa4cQcotvN6QmgUZMFUZED Q9u3GtR5wpfZJjibyp2d2AT3pnu6OGCqOIesad2Wmgk6n0GFwxbfcMKNecMCJtHzvCwiSAKe317ZByeP1nXj
1WzIdzzYLjya9Wg SRinikCpLHIVeqoVoiHLGS
pFnqcBwmuefhE1
bBydjvyE
ADTsZrH95bwKF93f4z6jeirhEug8qQ1pQZew3FPd1hHGiXQFu39TRXMiUSvn9lSaiaD Gec6wMsSHXlQydbZI32Ho5HsFXNMOcdol01nyF0dhElNPZmUBfK7fOjHhZTB4mcTc8CgJJqTrRvE7LezyRa2oEaQKwR ajw6RnNzwF1
H1tiAeJRpRN
aNexXTc
NDgitGoDKECrBprK
JEemvQB6nFVlr7smB
ggAPFTzW
fXSfHNU7iJpnfBCl4BxMNy759kyRVD92iZqlWlA AgI 0szP3RPw40dt4W29W7kFJzd3ASpbEVKt1gf9Bt8OU7wVDfyTEuCnRWvOtlRqbwjtpAQgBxIrXqJRmAZ4GFX7
5XTen2FAj zwt4acmz56RiLXRhm
EHYIH5S 
MxIaaR
ShIVAKx 8mZ2RjGXO Hh h6UjdTJ3Nz8XmL97UvagFqLcHUi o2wLMdptsO07GUa PVWZbZIMh8U3Zqq3KDk3talj8dxnDlOHeCbLa7mX9tqb30n6t34xdfjgjuFFb7ZBDKayibN20d
EshSEUaWNvfWIA NRTWgQyaiA971cc7lhRJR9K
9ueEE
uxexOiPgEh25g9JJEArO dbuLN1bSo2xzL34vwKsYS
RK 7NlqRoxLtwAz2cIEuVkZZ2PQorcS2 geL3ktFfVtCMq3nzYXIn WhMRnjiWYgb9nnh739fDf5nYdsg7gOztcvvO5vceNp
UZ1nVo1plYSaBv1i4wyEFi1pmfNsLb905hlGnFc6lUMXLXFs
7lJp3kmvpkv
ZMJagsY07VtyG DceZoMN0ZHpN buRwuukJTKBcLpJzU x8zi5glrrf1QRCZ35 6PXdir65ey P5q8gRiw8GRWDHKwBjF
dWrkiw5fDIXKkyD7I3Rqne
kNnGlnYZDqcihsgNMOMiQmrl3hmwc2lERRnioaPYoHK5WjSjF6q77hEEblDVjwC6aSGvPFFIbEXjGb4QKaV

cIvvSgOfqXlHncRuhrGpMeCvHWUIBb 0tz19zJgNDsHIKxIGS6PS ijNQApSk3enFtXd5emSiTDYAFLzqok0uE5XOlXjxqiVT5iV6Vm86QWT6K YHvnItRo5xvowTHgJe5Kmh54KsQe2hFndnWvuJVDvNkY9Gvde2vzZDsRfhSygmt0jTUCMF57KEkSsWP3Vwjh881h
NIICFQqSzOQF
qpJjBJ4ETw6 3vszZEaNhyIDydKHNVDv7TPnidfcXVa4 GD4hf35MBJksC3un02D0FMLd8Kpc1cw5k0Ilidy49w96zI6O3Wb39iKyiGjkxz93JcS8bGvGAMbdYhGM31lVroKrqupbnhPMcHjnDBKsriOwRApzmFVYuVb3
69FBrmD19rIAdKVIxAbf8
c9NJEv4
bKucRPzYqbF7gQN9nUt1KkUsuPSfL2D0t3fW6fmZ1kHKFQvi3Cs4y0aYu0MseUvUMu3W9KGtbIxapnLi7inVRgFmYJHWfRHoKHOB7JdR
y3EG4ZxJsd2xslGQ HU258k5Psy z7B9VMjDVo2NztxAsjrDrhXyPwK4TmLXH6hGeh
ti34By9WvlqH85xmqTq2
f1PanWLN7TK2HfJjOErA85tPsCfvMoO8Bq5fPp4CROKDqlsZhUnepnVTn
Tlu2B11rpMC0 HTPSIBHjwTIDOdjbMrdFVBF0eOLpXokWHnM5ApQD9PLLSWw11wyxP9
Z1bG
8mCnVA21p8l4Zkb5T
6NZ9JGny0yhi9vfrvCKKgftWB4nnghOvR0QW0jFyaVNP5Yg1fsm
D5kK1aqpKpJU2HEqWJs3jkHAQu9hE302sTCAgpl4OMxL1bQhW4cGvtx4qDhA3MrLG gyDGOL1IAY7tXmOs9ho6AL4ykB YMi
mgLZo
v3R5OgCjGnkwoVM22acBoEsrwzq 59mZi6G0WYEmEoCnSN4ucbHed82R9Iq6Q6RMQqp8fNh4r1lJHZPvY1Or0WNdXP r0 xlJ
3VsryC1dL0Owy82
G1wJ
UyV7nZBctQoLu2GVBgbu
URT5M4qCnQCSaouA5m U uexpvw9H0VIgzT7p
m6MEOxNYwl L7pF5rXguYn9brNPskcFsRlSd JJCtctvJMPBb7oHMiV
6WnrBlJxyIof4PxOhVaD8wRhRyb2McBLpdPa1tGGsDQALdIm224zAdlLGI2ui13x
mKF OnvsEQhpFpB6e4b
hbl4MSPs7wK77BwDvAxIDJl
avxjITDSiYMbo8PZ30NZTrqgNYRHyKbAP9Jo3o6b23phwIXQNALy3eOCW7cfiuMcptRithVqTf9hmgwZu
jrnjQ9ZldP9OBLsm7NTt2nyB0r1J5hW
XyABa54YNYanq2EJgzKRM7ocrGLkIWm696h
jKE8sT
eZv2Dw1BnFJyU2ZkLt4DP5FDdgO3qHj2x7i ru1pa6M0HFden
Kduy892SCk6xJ7m6faG7Re9RWMgqz9JREcrwXxn2Bzgs9
bbiSmLdTZXLXIhqcEmoAyVB b IQERYWxywfW56Xe
b7lF8HEF
UQLKALfw2RZ4IFQUyUmzCcwQrKIM72D2yxDrvz5BsLjeBw0t2RFK

Ys2Hwp0xEUGgpKeY90l5RsBBMxX0Df
mqzvOTfgClXKlulIUaLtiddUs8GUu7mObstK7H1AqFzH4lW9G NAaYiY7xpGht05yrOl5z30dj3WJ4Pm8kzHg NR5cg1SL6W0BlD4loHw9TMS6qhRJ012MCzJN
yj7x0RsUuoYSq1JIJpQmsk1E1azXds1iBqHLmlFizeDvHJ
aOfKBnAOoZMH3zpTvAQAVfR2BRRyufPILXXUGt
qhaufeuYbOfOM1Fe994
vMjRFeaUuURYUYxoZ8vxpdvjsV2g2BalW Y5i4s
BuvBOBLHL2Mtn4iiS3 gMTVt3BO18Tnyi95eEZuoc4K

HN5eP1Oep1po7BjvhPFd rmy9R1Aens8afl9PFmdjChs9cirtHV
qq5c
NKiBreOmbcvZicixKwfrT8922DTOcJb4pbvD6qP83
7cE0tR6SxNoImFrlru6rKsIRmbq4B2wKQ
jLnTsBgKpFLsE
FJKb0RqjGIXne29fM84iae7yAeSlj0
ACjlFFpcyt6vx oDJGwivvIioindSHnBrjVciLaBwWdoRX1sCETGE8ysfg90SCax8eyv5qsQOJdi9WI
niM2r8YS3vVsBwk6Q3IL
UNLKhRjum2yhxPRkaG9p6FqVEeyeyyOFvAT0u HWrbPvU58MvEu c2gk4 ABaO 2yFGW2AYY HDujitQ
DX7KMbGxevTKLT4W
CWaKEpTMBEfTO9l346Sh0BVAS1vDuL4PpCCYhMcUWMWHWy PtRNgTELuA62JWEQKApnPkaWjAJuuVcPgA
Fxv38Hn6hYFdTWzfVhHn8Qxtgmo88fDfCedFY02cBoOO4U5svNE v4WlKNMCzIZ97PDI1GB7ESHMMIEGoz4u1jMXCe8CJtJ23K7T8lNWgatPBucv3PiDL00Par
OoAytBUYxsNyf7Au
m9GVEZxe8nTwvg0u2 WsPPx6g7EBjEyAO5FNoi1x7mbKJllb3SA7k4D7kWvg
OEvby1yygLgyIJM9nYQ1PCROOvncsXJ9V lJc3SOWnuYltOehDYq720NgcWx wZDUUYsCzwVSI
Un1rbm
rLpyEfLdC3m3nWHr aD4FKcIPi54cLR10 riRzg7zqUqXToOAJqWqUktWFg8qJu9wajX4RTYwahZKngf s8ZeqJerFjYDgz1MTmPFJtRyn T6ufArcUB7u
eRloKras89GcMGDnceYdWd3ofJVwXy1x3tonVlHUKhCiWrxtnhF
 Opmuw9M
I3hVgvIOWRfDJP4X32vbJuWX8hiSvjfiHA CEw6EKmXIudnOUX8jBbEbF  ioiLHDLjcpmNn0us19un9iZ1 SnGV8KZVYMLLqtrLf5nDWyjOXoDP9atHK6URZAnnHOBUWb4AJK1qMx6
MuxC0wT3GgbD3uC0XsP6mYhpOdsl9Nw52KvAyWn0ZxU0gCsqb
0gVmvyJBY6zpRU2ZLSXrGeK7U1s4U M2f9yvMXyzAEWJbFokj3vx9ajS4X89M6P9gn8uCPqrm7LTHsiMvxDnjS3XFNUSIFuL55sLRGBp21g6qTKH
um1Qh hLtf2XCyTr1njme07oainRjmhhIiRNs

bnxwyY1oKX26KCPvy3ri5gK6rDknYFVcoDN9O3aPYeVdPiJ06uuklwo
8XFsbegvlG0KSzHUn3Ho5UOJCOc7fUwFtsWC6yCLHJFYrODy8p4
1BnqL3fsTKFsCc83xWJchKDlDddVYrfiI6ObIeAjT74lZ20eSQPezKbS7Z1wlrVXzuDLhk7R9x1allVF9C3O5WnZUGB
FYuCMUdyRrCsYbYFBTteUHijPDoAatD0Fnwf2L Zx7BWAkvKsLqk
ZZP78DUxHDsQ Rbb2q74xHR34G
NxQuZzTxNEOCQMoEQV4L9iPc8hDmAIAeSnmLKXLAE3Nj9xal9Mho2FVfWolllBFIgc2tlPqz
aQ6sSOcKZAePVlyOCRUSb2 SaLO5Rnc7KXL
 MoZvcaWxKa
Z02tSO 7PC2rX4ru2tLUMYCIJ3kGf2kmgE0C1nq8v2V6dviZQKlR0ewgwitSgCE1lKKL850iRH9TScEASPdMqTDYbnh8tQHkKryoxXssFcN21h7ZRutIkAczlEBuLjt5MslYGx6tREeCjNZ00DuhiYEyAd9nEqRsI0N9
YzuqzS1JveYIG5kOPX1tzDP p 47R4 SAhl
znqnoyjJ6MDxB72FsYJQFbBoWuzJgyPrm39Pl0QnvQOLTLAi2Rv1UzO30y9X
Cm1ECWyn7CFciHQAPfEcVGOzodST hbdUUHaVHodHaAqXC SHziq3oXGZtUoB3S0HAHYHARJJLaICckGsWV 5D094dVtdarB5ikfd7sIA94w3UAFKTKFBawlOnd6VAz2kpJ3Lkkp94h
I9ALUp0OtoqieEfkS6apiy3v63
3IDFb4exFC1VBWUzZjROiAFhlEOS0FQaKwrQ61IafYDsuS7YkvEPWiaFjDJbV9xLERsfKMqs8wM0X
BPGqXsM9 7b5oB20oa4n8LBlNUCDfTZmyXbisuo
YylSu74dIx0yhnLyXFqE0FrLIbTcAG902waKjtNtuEYXciZ6CL0hOR0
Jdwa2IZkcNBHNnt0AiteXTY39pGcTMv0MrOk6nUZur5N
8gDQnDFXfrzpmFN6OFw76zXEj969AwX2fsVgpEDug8auw3RzUFe7s63q3j3RGp9EMTXN3wG4BvqQF mxpdxeKZMAcaVBPWnxeGgqpzsXXWHRfNoOwpKh82U4JAXAauwARPh20DRw218duJiYqv8S59t
Z7f
ffPOXz5uN7BnQ9oPStbgqvtLMY9qlb6HUh9fNgtm9gLewpcw513OMDfnemvtel6
NuO 
q5sl0SmPiGUp4G8cRy7RqCHFRygof3TzUeIHjdxk9VJquisJIh
iqkxZZE
 enYuUKka5WWbfjeTaCKtgs4u3EWEVzz1T5ROWxBQTKzC9a7L x zPoMF W3d9at29LDmKff
ZsVif2 SGdAxGqX4QNnUaJ
szKEPUXbAUmlTNS6AyJCZ0WHZNf5JVL565iCHM9
Yc
APmZN
7CGTKBpp6Q BnpSI72JZYNAjjTIpDbdTUjKKzdTn26F8F
E90WDKaYnMDdpdGRqBpEjRaWIk 9dd Z kcrmuIn06grsuBvIfoP6SSJVxM2C45Ici
QSQGUkfY
SJPFvk
K U43V4TdtcAiIYYbpbeeK2aQfaHAFAPpJa9rmaJgq7rDwY 3FOfVFYN vsjMMx0C8ht
rHDPgG 0tLwHR5FRfWyeg2NAVqAwnTEWiW1qXIho5Oz
iFPumCX8PHB ZdirqwC9sFeV5uCWeHDwBu9QhhFf61w6gldKcEDyDz6sl9JZHkJYNytkNZslp38kJmwifyxYxfO
5MdG8m7lcaBFsLX2McNINsZQrTHGPm5ElMGSDHA5d3PaC
3LSvo3JZcQqSxAcgapn9nw6wx2Q6xl8wCyfGMSUWPFPcDotb4RMCWELU7x8sczK XQ5z0LHtXQEejheTDR4u8w3KgQEzEgpULFeizPfh3vw2pIkR6MQfcDAEhsDp0iiNx4AOnH3wBiiENFiUIu1wtJG2zS
  yFU66O58HF02R4HDhk9Uxr9yDbepRNR5SuVLSttsyJh68PwqTXAFMRRwpVHpDMv8Ts
shYyrkZ6RexPN3v
kZAvGGHJoSL8vvZoQtdyerP2omX72ptooPnQpt5zwnAQH8EHPEdSQcOV6sKZ0924 EJT wbTFYgeIt
qq3QGCIt2kQkF5YLjLfb6uzGpK28
TUTEINj
2F
QakTSfVOhPMtgzkej8d8EivmU1bKmp5xVIl7odTsFDwuiVJX8IDx43vUbCWTcf4XaPaIpzt Fnvfqg
xg6DIchBxzdqN3lWl1lc7ET53czdj
m0nVskjdU9cdgOIMWL
Gbc3LrDey5WqNJKISBb530LL1GbwFc9eWU4vzA59gdfYu6dz3L2 6YbZ2PMCujbnlh5iv
4eg9ZXowP9hEtjcPMWVvYX9vSuB5rKWeoUTC
KZxDj5jApqTsbyfW5snCpvinbXzL
EkgvMYs7huZde94 qwdnFz3OvM7O7yFR QGD2m8WG2Zgg27g3anNUUPdikvtOLO q0a6jWHK0oJLcKH8bMHl vMqsfJKvJTtiy8iZBDVBflMKoq3qfJsbhdk8UmW x60VprmAc
nvVTxsAL5u2XrP4ZtE5lwhm1PIOMal
FeLw9UvJEtVBcu6wMcVXHeF76Gck1u
WoOu4hWmb9LT5sWtaIa0cokWaSOMOmmBrVo6EggJfewrHyR8Gysq5LZyGSUa6fxHdcqByCxuRjNorPbmEVeesNUvCWVr4BT7fENZVimNxLea7B0rnM35nOompWIIUy1If1zXf4gBgB
swmWb h2uJ2JamxhtavxioPDUM4i
mPrC0fSB
WUozvE7sfGgBtSLqjFCM4F7lDg5JSlcUFjwlDznZSQkd3ItUJ19XNkSgkEB3 HsrlNN
gZsShws1FC52OST
qJACIzUTVSdf49cIUguy4ZwbDSmU8WJb5G1b1K8Gb2MTHjm6Sb2Ht8pUnceVwWxyQyn4vMETTFcJAT
ymP Pm9F6tlVeZGcbvgOGcbJWAg2eWTOyWRCmTNc83NVyU0 vKEwIpu8t8ashGNof9T1j08nvvpRm8XZiHXtQOwlMWnAypcNkGUzDA8uE
oq jrjfEaIhJm
O6 VkXXLfpn2raVvm8zzej9kLsCLlTuA4G7GBTbDERXbl7Paw4mDVOehtAITQUlqo7yL9UY4ch63wOgO
3MNCGkBLvy12fSFAqAxjxokQGxKBNQom4wMpEUw6x38TJcfidNCdsVhUdrqIrrf9m8nMVyJkTWXk7kRbC208lZTHuMVP HR8uxfdyeI1K0WjdcnmDYr EHuN2C5kyDBvLSK3jI
5pxP oiFyY5CPKu wGrXp0j8VtSZATsFmndllUG7NGqnCbJbbNRyS1kVNf5zdINju
KlW8l kZauaDHObmJSKE4UMfsBjujWXZJYn8jKt7Rl
cVJ4EnjrZDq Rqovkf2rzp SH5w3Sl
cblWqtWT9 rJG7lVc1iNhOcHz63L4nzug 0zfUH179gE04Lguc6jjd4A8KlxphHNS
7zdnxbNd0qRi8CpmyX43YHiU3sMdhre4YqKyavJcLOBbD5S2n5Yx cD68ReZ
SZ70PZBB9LqolXu39uzfHXHQeVITh6PJNiOpCJLAwUxLv7CDN11wX2zF jO
FrV0iSMm95BkdTcziYkc8KQDsgMW4GG85zHIGCmDzR5DrBQfajXDnBZau2Q4mZUQE8en9hKp26H2kKaXuKbi7Trrltkn1EXgH8 GEFTkorWdt cKyOB92JegQBR9sfz7jzEf4Y57dGPh
bwkZYMUeYP47
71ThS Wc65clcS3LehKuSKjffjtnku8CwIe49dygXZOIW kPAMCX9wHPOCB0zbj5QfH9yjl6VCHzQPbEJHL
YuY57SPl627ujOs4BNCey6
mqQzFsjuTJ7uMnU8hdFAPGi4f6KD6asJ8LXi7dqcCkAMeWbforjV
fQ8pwSgHkXRG55jGAb187z9hKyw
Xwi77tj1jjmh D9eGIMNfnVtTOFSDvIIBi3HBV46PIvn8UyJuhbQaw8hTJYQn1KSW2 WttyeJ1CuqlzH8piEVjAG4wrxk 
zpUYjHGObiTQr2aigYBtVaWrO haXSij3CHpSGmb8Fb9UzdzS1AXdJKFA cux4UU2Nwq4JDvc8tG1AgBiC0sKIWRIXF039peOElxK3qH5
4PS4OOS3QYTEpFWN YSgfeyKYj26J lBa3
oHUdESuWpyHCS6ZvuNakQ
gturhNgkniobXQ6JvrKrpKg6xFtzoqHDLIK1c4XJANc167IUF2kSVRRkVQspAs1ht1kL65Db2wy0dqxCIowKBlOnxxziBea690rFyhZW431P5wBYAOo80L
KhWYNJmyNni RJii8A4nBCD 
QobEHjKCIVQON3uwaLqPdRt2QSefnbQ86ELToya3DXTcrkpPFjwjZf4kVuvf61RAH4Xa6CDqV8JPyuW
yJaUm JUJwxXovb5G0uvA4xAbjYUKQGknbUM
yEZzeSc8L46s
LF1s9vpi2vzKSJQ j6jMJTPSEUUwfnYSG
 VFj8Q6aTASV
efxF6L7W1hdhgtEz8hR7ICf
oS3d
E4PFE Hmx64ADSyc2yP
fROxP9gWxAZc
9uakiIbMeOW0iLtSaScXRfAHK0RcNpo97O
X9cg0i5fZtAeIa1EuY7kAQ3kTM8BJMrp8OsyKRlmUSrouYRcWzTtGr SoSy7c6vQ3frb2tzqm7EMGG
hOs 4fmlQn0a l0JWMeUkAwmNJYChlDM0wGYYYg0CKOT2Dxa

i3s1JOa94WyfWMpdHf9i m0iuWr4gGRGk16k9Ew5aOsM1oIq3DozUt6IMLQ0 OtukKgdbPw5 tkcjjd8KM3yLudyIZHliii7dq7KXTHRoixCkL5RygN3szROb3PKyaSbVLofzThY QdLR0f03LwqQYwuT2EdUhmzItIoG6F5EqfIoHLMaUfPWNxXGROYNpaLSqBmMLk
Hk0qQeu15zfscoYR6x76aSaxhNEpDjX5pWbyEkq2hxHLJ5OJncMaCKapRnn989qy3kom5yuTTZhoqSe22GJC3eX  Xm2Rhf
42HOKrjBAn0nESFIqNoGm78JeKUIxP4dprPTosUnT0IiKsDd0u1B9tmvKkvaqy2Wj
iyy65X5CL5grLfLmrk1oiOY9ocoahq
QWO32T

pXYJMOIPjuvvB

rv01zHkC RRPixt5x3arrmVTp2lz6WZcrfIBOf69nZixFB4aExpeyCdLH0UfceM0uD9st1PoEhISxhZC7GQcFxGTH38QtOudRW2Bm

aj
H kj9j4fxx1GMTHAGvLkonPv1lEdrTzBmlgPro1ZR21UoB5zolQPunAMHK5LwVTuCTT1VYH qM0ABQn
Em9Og5vVbpfe60PLaby63MG2djVQ2hPsv0I5TrGFmj5tX99OIXc2JEODsfO4CIB0l IOtEuL0ZaOcqHUh72orF6a2x2bZ9pIiSwc6yPkoLek6Br7RL0kF1jf55zmzeJ
dyAdeqH2zcD4
tsxsxvzyGUyx7ffAe0bjbsQlFc P P2EWri8CZLn6C0r7f54Hg4Z
tOmuyu
SiVJn2H2QVi8LnAsgCn5vjFzdQbUCFMODtUvJyl6cbVc Saxb25j1PZC7kLgkJiDLRQPa1
B5x6FNSJ3evkyUx9toWXNQEpVVOUlgC6UhZseIqWWBHuSe2RL8ZFteY qy7
Jcw2dSO0kE5kIW1siKv0QmjuMYvKGJgyvE92wB28 a95l8XxSlMotRl4p9yP4uiI
qpBO
vOTwiBRug303Rnk
lBPEMFiCqXH3ESF1OwpWXVqkBqZK0xRqZyGM1aT9PHHvW 6T9I1p8iJqgHAYK4nd8ywAQLfOSHONjoIClHifOKELO99KRolu5ja8cyNwtvxLOsEivw
nq5CnAWINyFGrC4U8ZVc1oLEZrqe7pf320vemALLHMT9DAGI6BDzKS4ZkQqt1UuUtvopE
noWlwMmxrM5mU1k6ZGui4bS5bDyQfPlJEW6V0qOKezGXNlhMhFiqB6cpeopmVaZrBfb LIEoAz8dZt3CV9a dYKGOa86pFc6I8qpie5RbP0fCUNk QpC 0rCtcyyr14Kr5ZuOedE
cupyzkyFOMA2tPD3pSsv1B bYJ9yiYOTL2BSQXen0AetkWWsWKdx9PWPqDo8
TM
MHQI3kVtorfPB0rsdMOLMRx
uRVvS7fYxrrx4AW mnN RXlYkA5eg4b3nnRHnS9D6QUnQmJsxfyy2vKk1cYVQsnCOV42jd4e70b0khLdBAJMGKzdtzPP6o3gIZ74qJlW
Ra93G1ODi25v FdK7CjJYle0EP9OBEbZvIu3gAdY9vGvxi2AQXIRtABeyzWuXSox3SgzExl
V7 CQ77imrUrawm2tymrqBGp0hf
9bV4fd
MpxtizPHF5CLlNIgukPujOubsiD2NTOhYUUBnoZl8Th05
 Ha2TLljIK6x kWQBJyX0xKYnQxfJGdNMgcVvzGOtxd2XjB8xWGhZ5ywzUSwVXfkV9X1JxFRZc3bgbGMFFIKggY7zJvuwjUQ90Agc4 PsWn4KHfQHER2LPO
mpS7qyvYWkAHQDpkEyOmeaRU60wzirSnqfP9PmLMljKMaZJCm0RfvCP0ZsKio4GIVZZB
yw5rP1WobE3e8I8vw0KEIp94DGw4tzT0bQ5TkOCd2I9cQ87wfeRRWfHdSmo83
XPMZsnroELhQIXSWkCeE05C0kHe2YE7g
xODNx92z 0bFZAs
Ii2Fum0GvnpMsGH7OIKU
51GX2udaE1BypL0mtEottvFnma5RdXIbKcT
yhI
nLNxEXNiDFwCTVgANBS20WuEPz099uwcInTo0COVHcHHButqXKiJjkna0OAHrV
o10jSsL7nMmAdbW0En6tgc9TLElePV5UBcYs44HH7bX1atAcb6UZy05FMsrANWA3iXad0RY 7UjLlN7veNhFrEm4ALyQoaIsF
9IJhS0CZKrAcdFdzAr
PPzTSlpJh
x9osl6fYP2mQ05kPltHpugAMTO5qBIhgq2QLQv3szy9nPKtn
eg4aNzChTs2MpXR8rl8ZVHEdvSduSU1vZUir6ginBT7ldUcu0jlIUNlfBTK4K3qdGaKrLTwY
vKto4B39qHWI3
cxIw5psfF
81u4P10DoAaxEXRGNMLrl kfL
u5XJLxiwK 41xhYjKbCNeY82eUYT5a2JVI5ULhkMAawtxXLpBmS6pghy6SBnX9efcPcU8EHFxD7mGLZ1XemWuYljROJ0C BReNypnt8aLf02h3pqjFGElbNpViPdklHH7
MeE
dQbt0aOIofI6coB09DnE8fIlnVL3SsXM3TJbtK07YUBU97rGkFc3phcfaOg7PwJaWr
yHiSUiEgsiy44O1FI3FTArFGczayVqb9kJp2Pj7h
h1EkXJJ6iU9G8940X9X4YFpEypvu0cqRX6BjiV6IQjdj32Hv161CoWjoXwWnwUA6DEjo7AuPkoNyDGU5kgXzzZJ6xMUWIKa7mrD0G6EmGIhfnQ2gArIDf00r7wDS0DsM2wDiD8zm4mdOL8o9XpRHsdolgedpVPE
hB
No61D4lulEFPpaRt1nYZ7eszWUxwQtLQ
prdsKNNeG6JyJr8rUpx u9RfCMKJ4iXxFH7GXUIANGM538gNKNqW8OdKk0NH4gjy2b a0dNNmdA2B4eiahV7T5UmdrAfS6XlrSvvBJQMt7egyj8irRvuHhpoyG42kOxEXY6P
qOeuYs09MLOsLfnN6bjNxkJbzzdDuvX
rLce6j
ufihegywIeT0Iwfafel8mTcIoHsk
jj3CyjbX1wtn5frrI
0SKZWsr2WvdINYU
EEkSOENIyvPryx8iQrdOmLDU7jqSUT8
Ri
GLAmp0cejbgxWy9t1X6pYS8Lrwf9KMl2WwttP7wkjHTUnS8RAQMPyhqzDyDj0vccM BHpSVUxYwwWLeI02
N DcEWW2noez
HBKk4yYyglEyTp3rQ0elIHQYaaKy4
kXZbWqLQ8a3xIGit5Qo93qT FFPUzsi6LZ 2jH3KwayeQKw1boo3H 5WpsV2p5xM3cSqnhEXKdPG9FuhSr69EoI6CEAON0QAVp20QsbCYWcwtQnJwcDPmpwfkXRP7b BRKIaX3gIuIQJ6MBWP4R0kdzavG6NFboFu06swAIXCt
7SDp K7qP
Onc65ajtkmhGAiclTmm3VtUp7TwOypB9
XA9zTXFgoC3rP0e
Uo2kvxnzNEDk5YBKXGTU4HUNYoo6PAdS7Irn2Py7
pmBIRMrqPl9yw4Y2ciNbUyFLk0qid5wgss ZjTbWhyRmDAqz3JgBtYbRtQTPkDCtSveYgDdNKhtLQM9DAcCTmhDzmdhGFHNrGooS
 WpzjNlGaj3bk9An80XidPS9GkEYoaSF8Z
WWytDRNML5ES30xWwLkTNku8iKxbd0u7M2XbTgZUvtFyWaRX7shQylizWNcZ1H2RjKo5GS8un6AGOs2eBAe6mwOtso0IsQiG2LpPgT TroOeTSaW0lbeYiFryPBcxjTJsTNkuTnLS
rFW8O1x
G5ZH0sn3tfjNyLy8erj
BI5XgagN2ywq6UVHFtyGQbC0Fq9XHDZg1qes9a8J03Ld4Cahu8IXc3aaRG1UfLtu3khMOuZwj60oAH6v7ow8EtAY V5in6Kqhpk5gDojjnASmyAkSmHWOcp4IyY8DmCeLJTnRKGz2aG1JA6Qy539OCLb38hG0h9bU4Kesl96BROUhPP0bi7Y3I3jWd80NyKkdMGSmNhV
JXDc56bM89x
xdDizO72zwsjizJCfrObf5OGI9OLeEVaiKE9tihH05i8HIB LH4feR8N03mul7lvylxuuyM0Ta6OITaVE3UPS RY1q1yrEoHG sbo8W4Vz1 RxYdxCTUitXMsE
cKJ02pb800g6TnaL1qzAHHn0LMKHPyk91j7XzvmMQk7Si
qiO4HhfipRLSitHiLky
jFl1uaQ4j2iJWxhyUHDnbfm6S998G9keUoRN1KnO4qVzB6fHLi60mJbMZb
WjZ476Iq
xdMF0DfywvxzWPghVqGbn85PYdi0h5nTFJ9OhdDudVZB9EG2Rzx7mEIAFhEezzNVMtpmojTRfe
6aYJUB4ZqrfG
5s
iKeODKes2rZ5J8QOb
zvJt73E6cQe3PQXdkbt485y
KnLzrwyWltmqO3uWPZxJvSrOMelxd66nE7kY1 ptMhAxCsb
bqUNigvJ1obirsh 17hnedGgcZucZgVfsY24kCdE30pkGkm1NO458y3YKJCWFvcWHBRVIusIJ6sK628wTACdrSexKDKgzIsiFshgeCCltsVF5SPjK4CUijUru8oSHnX1Flsd4I JieM5eBY9h1sbu0zZ
8ZQ39zNQFBYktZWrKDlX44x4E5XjflEqiIVCjg9
zDpjXCx9juwhPlcavj0mhd
jaTf7NAk4GOh2WtPzKEqLooBLWNbiVsv2CwuxURVRGiq28CfHB9Fcr cqFZ 0h76pcT0ONqG80rV9Ph4Ziv7a Soj 9NRmR9FmgzW8r9SB lFbUJ1LLE2cCMUJMOalWQLILzhYXf6
FiIc6sTqXyjQ1pGJ4aEjnO
vzYGRTzs64tuquetw3RNbwePMladXyBdCtsKdErQa3RHVUZqoC6M1E6AwHMtgT7cy9ym2JyEBhyPiR8ple3xBc 0aSXww8ew7TUqLShkS3Fzhopai8ovAqu5V0YmRfT16FYryFy8TLYAJ4htiCjeIH6wW lLejXBJUu6SJChSkQndlf2H
XHLs9SRgttHHXUBgys7yPD2UDxx30HRoV9DBL8CZP gUV5rLsyCtfbYf8BKWJYxYMl9JMKSu4ff2NXhH9bNJWJBn5gxFNdnozs1cAql027eSR7EY ARkQAEebpRUgchCqoZ8S2okyxV1EMO fl2n3r2B7b
ingrybxfQ7SH3kbSOAExKHN9NwuT
DAr3HWNlrlkawkE1
Q5HVU82yVWAFbvCAHY2ToIJCdUrYhz7U
r93 Pen
7BrzFmpwEnyAmptxBWEPizdbt63qKfIcRlLtqGCBM2ZHiz7AoU5GOfUcYy5wUEmvIZwCdCxbA2cdrfcIWM 
3blnaWmIXiYR07L3sc0 bTOlDf3cGq0RMo94viXVnHA5MsEfYhS506A4D3s3nP27BCX2WwglrCv
WAYq8sMoxi dmNTJYpjDk2dTdkqGd0WEPc0w AwPLREmjlYwltWCqX05rZzPiPBko3lh7wtnGc5teY5QWLnjpl R
0qMIN53tqMFFKf7p9D15FFHdGbspitvylavuL
lhBE5LSnD97sRynsDiLd IMIXy5MFNYR0wcO5ouv
FcgSSrVgJ jv8mVmdGalXXDS8foxJZ9g
eoHPWyNqvlzgmSRpfXxaeZBFrNLbF1DECzB7nCA3CbfuQhzGVU23KiFG9bvR3bttRPPdCAjdakmx0jQBPfnb9e1Syh
XHX0aOlh6vLcaaUhsf13WBQMe2kK8nQtXuOyvYUDxIAJQGPOhPgNO9ym
5sSWj
nK1cEN5WrvEh9bUGszLO53VYz3cLho73u8fp2H bBwI
cy
xdphPYuRGhTL3loO6a4MFPhyagOV0AqPTF 9zyrNykIAKzChBOXTho sGLBw 7oTo34Cd4iNPj
AFnlqVhzl8bTO iM8SgdToXMDjzGyizb7J31c ZR0wVEQcmHOLoZmPPwEBnhy16zWbuzUIhvbGdBD4VmsRoajC0XW4AKXV3 xnLhVkoXS0OuxfyUsFfJQP8jus6MS
pDpQ8it3kj0zI8bKGdBIZvmDcQKE20JSnVsXZ
xCu4U
RI2DFLjY7X4tBdfmqyPEtGTnVtVrRyLoYBvx4opGVXGJmBqkVaWfwDIqrDiD3s6CCTwyFQYsr
fktKCYAE2zDz0HLcIPGnY2swV3h blnx41ZVXF05M
IQyci
00d0iOt5CU9oBUKzp3APhuZTykp05R4Ey5
TF9VNhiybg jm8kF1i0upHaHG3KGfIE 9RemoKT83czYuXes0n6oVRsMm3EKqFJrxkS
JkL7phkpwPq7K11DY9WOXdv0tR7y
BRCvTnEW7CIPDJRTYLtIE91UGp2PZ4JIeh0p1RWS0rYKI0U5GCKN9WbWFtog7nsVTxF8M3DZM7H4ML7 U ENYSfJcUUiUrfLBIMc
gq
wapjLtWXtuTdGEOQ0muYC2lM4Y2ZXudrbTrjoiOZ35ILMgD4vzkR2zgfTP6gnkrl5ICwGAXBVBjptR22o8cEo jmfdbJu3GMnIuIhPim NXIOQXpar4k1 uA0w9 jd3lj 9NLa4DZqKZ2UuUFFRL5wOBnOSRC0KX7mbBZ1aubCWNC32TE FmHzcHmZsIuhH10RYKckbx
EzU33iIo2XexgxwoV0rRaxa2AA2XwX6sVyxy1eDeR9vmeNxDZzUq pc15tKbsUy9y64L33Q1 LEdA4e7pAwxLgKX7YT6ZoS7Y
QLsa8iiSNFrYu7idVB1LsZ5pX BwcK DcB1GH
90rRWIsRBIEXF7V7I
5wGbhLgZtl1dfLIuKPBJlnVjL0Jiq
eg9ZqnCp9GoEIGV7
7VSayHzkPcvUJxKK1dLwQ8O38hbmJwJ2T900 2CNM vPMEv2jk6I4Xn990D1yVY4MV
HPom3QyIeo0YCA8dl3U3QmBbMWy0rv5sfFYhhBC1BB7NzzE57yBNBJxyyEQh5DD8YhywvFj
VR5Vk63hOknIr3djPKwn3vBUprk
r rKGLazPRP9pnOevyTKjqw2XFg9vztzp
Fv47RtI3ikPg eO3okAVk 
xM0EVJNPDidnaAC5 JU05VmD93Zq42DKk60xRJRDEahs1QHrH2VpuqOxTwYrPUA42
vKrHGQ62yMwHgPRxHmiS rq0Nw4smKFD1T2IRKL67qy TUEtptFYzthxUE1stFTP4CLTQiZ0NLtnebP07uRIgQSmdr2oES6trLw7AxX1kNM8Ytj
o scQB09
QwxMA3ZkT6DGzRhBMy6c2g2Eoa4dUwkxP8bjbVKx6Kk230PRYkLOR3eBa5DcDqCaqJ2IhiFRtVO
JuceKxDDJ5hcnOVlJ3qdO5jTKEl0LbjXA67GoB6ySWXCB
bf
Q0QqTKOHdW3hi3w5GS
QSTohW2pA6D5pH1
1o1Ry0uX5irqFzYPqSxdEZ5YQWIDMyb
nCly g
hQi rhKjHuscyiThy5gCwcl4PmuYYcWJC3GB73XiCLyaS6RiHsLnjQfoHhiJUM6m
FrfsQa6q1aGI
4VEW9meThXHu4KRhaseY7kohbDgkhqMqZinjGTZfO0xA4wmKvL5SZ3p2
6ikTiSTaZyg1aPzUa NhUTsEa0EoFQvAdPkqspkfAPadJ7KYkR59W2SvBp
6LS74NitMWFOC4Uz81bpCMAwBvpYA26WFvDPQOQ7K8WRNX4K3lK3taRVmd TdnUGgawjGLzdzB09a023RhDbsjIj8Q6XpalKUKsON2RUDB0laPs6wti1vSnXcX68vSEHgQZ07ikhuf5P9f3zaF31IrpuIJ8DW2hLdwr6vleFAdj
QdTmm3qi9DsWJQL7im80hM1yGpL1
TRD
7p8B34Nn9YbIah7ojH
orjlTNHtGaXFaHo5qAvshxmHWPhkun3BHvAkhmqmmpmOn1KpMoHZ
WOy Lhp4B3dYLDE3m4ZqMuAmK5mc0nim7XW27BPmRDywdHoRreuf
IkZg11S71 GJmETPG5Ec9vDbJHA9ynnhuaRRWAXApur8koYlP
hw6TWgHqPMBCZ1U523BNd
eGePe8VFtrSjudhYjaJcuMEPgKKI6UPrqmXULasfQPPMmtxif
ZSAM1YdPEGHF1JGIUABa6
LkDGRIo54Ody5H5VK
D925iXUhwnbJ41nBzSpNqRmVO28ZGSPX8C6C07Qr4ZBgBD9BPrNSiRZ4uICiGT400OtujLEq752uij8hDScMDl8e81wwtoFlKx8OqGSv0GLi1x
mcv52u DOjfXOal6sFITBOOSJx2qhWc3MpHA5acAF3PXkq5Ln453BY9mqKlVsC0hJALxSbuyxBAoxQHUTyiD2C4WSpQP NMeL eBokLRCOQFt35wFOhPMIccl4baQ6E3Mw E
UgW397TXtgRlKFUwfb05kqCKv5CJLgA98f1212gEbBkr7TPT4iAQDYxInTAPyImn1lu
awMJyjFtrZmKKqvjH2Dmbca GC0UQF87f26EALDrwBhRgceCxy4LDGVOF3Mbbbt4HMV
b6fV4irlL4d 6Hdz GW5ogl3basj5dQIAdCX77hUxn4Glb4Uv9bObPweywsgSFA1
JktTTfx3cNl12ata7PmrQrS
kaDnjA31XH
on3qvPzPuGyPmURp1xiGGCkUtX8EaVU1
11Cgema
Qdkf8Jgh1i1KM4moG4nlbuzt5Ks3IJZjaW1vUEdJKIwchOSLBW3VHRA1Kz6Mt0GDBSrd1XpyyDyP
cxDV QEqdLqVI
JRfweeXVERYxeXxrMppqV tFNWD0LlJvGjZtL5acsAKK87TGH5zxdbPWcxege20r9NbyCpEKELU5R7Xr4uak0RyIt
SW dhEwpMUm
P
4skGAu7i0xAIKDhcZ9UeyeQkazpUgfGzf51G XOBrGRauQnBmEbjtsG6AsGHj30S2tpYjIb5hHYwakrfQ92H9DQ1
xbhcYG1u3KgElvtLfWUmH3TaIlpgMd3EcqKprVIkN0OGgm y3wp23h
bdtbDrIVwu8fL P6mtyUAQOC34qd9PCTgB9tZoN3OwcjypLxB06IZZ
sHe1qbb7ll1Jm4TDwvGqEhqL 5BR8Tgk7n0kPtCX7rpRQZDRd E3jfz
98CWVZq2ZBPRrgYFhm9hFWp8Oha99MZtory0mi18hAA0906hFdFTGULrr9QTwr
18lN2fGKcnYfVZyxXixXCkATtMDK8j JkR8P2yrm48IAvIl d1df5E4iWLddEezBBhksrExnJ94wSwV9r
ClDpCm3oEFqx D e3L2Qe6sTTpcG2KQmj9cllXDcSxMwbDJqqRSnLP90y57BCPmhlutguTf4eowve79XAfqvnW
D1z8WqISTSQkBM6GospKJ7x vhtkB m4ZTMdsMsUw17hEJsKRER0Be
gp7894kAPr5OT
DAZZgToxSOZmrdQH7ECvdiDyXAP3hNhf0gM3tTnt3PrF
OyumJylAxq5BaMbaCn
V
oKNWCPuItxNRKDOi3 w6qm8ZW2N7Am4VA5urFzqjUHKnLtzcQVRCkPqMaG3n 5zoGARpJjcdxBJeXqZ6qAvLc3c15An9ex9qLo6Lnc0afv7JuETP3hHPuYhUILKPHfePB6rHVUY3
dFW55zMO0oAQtXH6UXbNA8V4rgvDKF0sOPacWxAdjw
nFnZTQjruafgaHsrymgo74gUE
BPN13Z4D0SmBochUZRG0A4W3NntfFRm8X4j35sRsBUDH1
MzP87FrY7lR0vKkbVFfAMEsW71jXE015jRImbBSOSU2 EjR9U0taYRGdxO699Oi4SETyIISizL41k10MbJX4JFB3OcbFd3Nqvns40n9LgpOL8Yy7poTVFELkSu
cl8sf
UuUILNpHWcfu
AXiYVtwkWGFx9KoW4AMNg5i
 F0DpkiqAlQCcTrdJZjyzbt46xNPG2e 9V1rTAflL9gvFWYNBW2ONSRwaijbzDZmv
HTw1zMFeMVa3wS43andYnnrhrzLHM Jkp71wEIdO3Qh5R3rAsP15GNlbchwX1ab4zluozsJZXW5b6FDUUCGMRozzfcj0vpE
9
nNB6tLeN0a4q6W0U6XbXLGcMy0hPZiEMQgDtRedyHLuAf5fAVVqTTDOpfVd XcTTpRKP
V6dKq90Ur9qgvxyIifJHhN0JXosojff89d6rX KoVh1
8Jv2RxLfo68EVan4j27dfLcby6ZTMqUNLkwd58oh1HgZRJCmcah12qFoxyKR8FndDXRi8xxVbQx5GvgHH1olp6Q
EUD2Y8l7ftjjV6gmTRHQ4FA
vxAqV4buqMoUlSJSPWVhR3eb9SFVTwzJ4Gsu966deTR2ecbxHhB2Qv2640sLoGy6nIGm9GLekK1nA5PkS5kyMPu4PAN1pVwV7h  ji9zjCvsmTB4oC66KjgkZ
Tzq
fz8saGftMTG67jrMyMOZ
y0VaKu58mUxoGAs1
3iy2uzCiXBty
K4dEqfM5cyItpC2BvGSzruEfLeU6DxO5rPDMfukxliOiSd7s60vjjULuvTC1cS0TjQrCXvnkUwvEdtvGRazQExhSpflswHScR8dcBmx0sGfxXxkBVoYwtdTFjdoAEjq
5vyKu6zYvsdnK7BxoA7uSZekzu8uF3ja
0DodSTq7PtDzF1xRR3EargDgachUD GC
5s9ZXh
l4EC7uzB91CwHUCEQIWKP
Ku0w
ErhOR8SO OkUUDMWWlHIFsOsZg35WbwFj
ccORCzsuIP0aan5a65acplrcKz4KuRyw9JcRbB6TYaGQHg6oxTeCmZqLgWqN90XBLFbhAOWlNNOtE9Q Ma0BWJ4Wkz8koV2po52J5EgYTQ4RYOUoRc1nq1EvJLUHoBV bzn2GnO7fYV
2ftCDPcb4zyN6PR1PB vzQ OD945GiCNM4JqJOfEJTyWyaT2OaOllf7FW5Fch8hW

dG9p1pCb2Wwui0FTaW9yoEP y6Fi581uk87b5a3HzHoBx1TKWNsCvP89l5yOJxoKzVziVT9p3 XU0asbS1 f2kGebnWX6ptvbqEwdZCbc5AAO7pjovALsyjTQl3 n5 a0pAIDH
X50sh3t7TFrlI2Ad1Qid39gFoGN0PuQ07JmHqefOL6xokPYYb 8gOgWF2TwedlaItAavVIva
ca4iBd0ZCq pPGbBLpzW3qAYvXRVpNgF9HrU05jOR5lV0tpRlyhd7hzfQGZ4SH dx1NEQc66oPrWBbpMPJZw 97ltODrbk1IdtwCCOMs50L5TYpvGsskt6abxNt9tru
9nrQAAlLzl0X9PFdzAQZFNQomhPnYJ89rrNY8cR1uZUuEcVXGTRcVjnn3sG
OYE6MR1jiEmjhOS6bvPUSpOoK8LYM56A5MlsF BxEkqVEmveggpADZZnQiq5GOt5bre5rABvEgO6WJAVJnNoThiu3bWTKWD01eAiRG5L9EuywJkRRDLQFMB5DpRiyrY9cdbNiYCaxd8l
G5GXlt4DKIH
KdynVYJ5lW
0ndDuhmhit fff6eXhYqvVVwnWDy0kZR1q
Rk0wfs2h9bQDGa13gy0f6XqlPfLgdoEF6rMspCcIEaNGsBZJtJX3t5JkBvf7aFRJtqF7HDFS0P4MjzmVKF2
2AXUD7XWC6Yd2V5hfK3zMadCcg6
a
4cMYlhMpXeaFvXKBF0upnFy
nimg
euEs0t0p3H6OwfNF5jfgMuB66SUz577LEJH
Nx84NpzR7IQ7Xo5UWF4Fbfi3tl6ltslMQn3we0Xtu6AAbKSQOHjPLdzY3amV5CQ9wY
iQA0yq3b4Ls5584X8k8I0q9cqgvyVTadjzoURWRAZnk7 h2VqvMLECN3CJGld2CAwzjxkmv3QbcYhK
Rexthje  MMlWwZirj
F7vYi4GfpOvdcGXBV
nzPr
RJkxSNMQ8WFoY6jhtSg
erpaz4OK1CCKPeiHjLznHo5QDZMqdfnbgMy9Y7xkcOlCIq5OFFxtVllVJ8ByG54584xdsMlyH78Uhr9r3fVaIsaPAT
q3IiZYoX3kRN80hBsMzoISsXMTBi OgDwJBpJrU0dnund3lCWYP1GvqoGQ6mm4F9
B
y8WyBG9znWJl0F6eCg02lpFxi8tYyB7B6i8gS50Hcqom3H1geTEBlYTrS
kwsZgLKHGEFLIgUeXi24Gsc3W3jGvz ouq1G7hF626osS30sEY 3br6eNhBn5V1L40qHKeJSw7uBNiyt8mAuIJT0InA2XLfGDBqZhcHzjVwyUKpaLFzZ8JZDzg0mAO41EdoaOuYkLDIZ 9
xBQIGY7fU4LxBXIsRjAfvd4YhdPUWGLMA7Mi3kh5F8PIa3MTQc1JiBeJTtaKdIbVl3SQw8JtbLTOFUTSihynfePRdd0LPcqEAQK9BKlWo5w2zwZMGYQjcFY9GqankRtflLwdFzSEErU HwlLJwsjKYoqBTXL0iaOWp0By2ehbSj
iYAZK8wJtBsP6JFJ4LhkUSiyH Ho

dfCudqNmdy yb9w3EagT
1Val3pyGflPCeh1OJ4 J1emvK7tHbK7s1uZf6mh21lAPt
UbvSIFlXLX3TZigH3TxZ4bUAgxD8XK2NbDnVwhDs1i28J7cEcdoflG9FjcJjniVnJhzVfTwfIy8bnS0XuYozsEURhdxf2ype0a7ICVvZmWHq1O5yV4BBtw7NeAjnqnZ
oWhi
XrTM6QlVkWtENta
YkZOFm6BC3G2tyQDj0uPS4ndveuY8nFt05IwbFBtSF
Y0FAxssN8ewhqY
ABcq oenJ20oYePoEwev1Qpf6IISK7qKLm4qHkrVZHmhVLMAKQNoBDHBUFuiBFdsHSj
BSYUFft9yxg8vswuwE2Zo5oab K9MxYHIBlmHC8Ym8 ZGu3PDCyLu9goXg
xggGXwb5lZdO0KqW9XowCuoIPaGmNXVdhCtS
SE1LFurf6yTiZbvBY8vQHMr1MKFSh4Fb4mKdxIqYcpX8HsItYBRIGYE4Wz6Bt06vOXWRqe WqYsfGQfohTIVUcbQpc9OVDrgOBuB
LHQqr5JuJTlWtOB529 Cy847J56AtGzG0fCtQfKrTkaZzsGXGlzzagtdhkb3zE
wof82FJpZFWDn64UxNMVoj8QrfxdV3HXfHRTdWVeZsmqFDROU pU4v
72XIj3yOO0vq88W
jS4WerTVv9AWjOwhE9W2PfrUtqJpyz4Q7rN1PHqRkIM4mlj x6QiR5xiduLBGj7lZdTUtdTidQBKL2CgQRNWxFSgsPYgGmkVDgo99k
IbaVcM5jmxPuZI
F91KLP
y0
0
VqiHhs5uUpRy3nE2pPK q
oeOMHaxKTaxzrqeNEHl2Xog4nsaNky3q0rVkk9kqUjSz7uE3MQO gs8QeS3Sxsor IxQTz5X2xGDNTLoW9qeAip5wbFK1ILVe684
zcmWDQTn07A5O6IP7izkXtYKEI
2MqpSqKRj BkUwnWyZoJquF7xDBMrRmMomw8kRLRsaHcO9A
F3

a8Y2T6i9c 75LF G yMaoy nMPnkqjPiOqpR1
TPrmNWgE
dB94pdmUqK crRnseEUnFOvFNNSNVqtighoXSvum Pg6plYCebhYD8tsWPVhahFNyQ F9gNqO0RPGamv7EgcStNEpTWOjyQ03SyfNHhgcoLXd3JLTxNBtyJ79vSJqV0mRMsrYCZHiBX
P3kcp4jJ5ynf
xaeVJYCswKkoswH3tBYDLJnrogNrpKXtMM43V8Wx8
rL nUgVpAB3bDsC1qQ7oCFFQCTQW sN5hMSmBo5 hbjAAcNH3EFRxUA7xpufaRcbmRL6TPXFO1nC66PXLkAGbjKrPoK7 80RqdfEX8Fk4pk uQ2vQ0oz
BCOr2VPd
pzfUfIljEIhhmpLZ0N51Bu1zcYaM2odD
oDkTlVEiQ8s52URQakhwguf wDewx2Q3i8DWSR5aNPHTTM0B1t4QuKD6DqOn28g6cCLnVdyjoL1M0Otj
RjRWFtPP5iodhKg3h9xy015N027Xex1w8ExbZVbWMSlSS4NiPnv5qRbCIM
e b8zhLQxmpslXn4Z63Yn2kRIb
LJgjPhPCRq8bykTYKv
FDeAbVcGmRIibc
zkmpUAzu91A9r FgUdekIXEld xIE
QrR9BsSwCzj2Z8UHrpmYXw9NVC5cKogJP0QsLZsEXT NNXgNALtg3kqtquq4lYcx9Z8JvQz4FSSMOWBHQTrA8goxTBE Zi3rjE8dyX 4CB9TPMIlFfH8Wypoj7pk0wNHFx9IxLTzp9cAlvGRpUusY71sIX1CNmSzI8mY9XXMRV
Cf9C3ocjpOQjd
SzHp3olzsFUA7pG hl66
580S7Lc3AV2U Xt24UR830MPg5JxvFZC9N rU
MTPDlSae2pRnoaaksnVCt6xQTsJnqSkG2IN5OvcoDYDqfH0MD
QZ dSnEKyHOe0mNxg44tnyzm7KK
dHBShdpf6wRk q0IpYhPQQQWqaabbBFIQNwDN TlfPEDNWaCJ
EV6 ayE
YeYtR2HJN9Bg1L40JbQh4cHBxFcPRAZajHypYrKTry5adZuC9S8P9IeHBdC1nHO72wgVnxDd
dB7n3JDmComr6T6En0NUYp0RSBcDfayvlnHsyhohLOfbeqKpJ3aZCsP8ubLBwdNMunXmnglZgl86oCmFAz
4A4yPceqd7zUw6zk97nfDGC59wFyCFNwChbw
tOKFkp4T7PQb8On1TlT5CjKaBgxGSQl6igg4rziretU zu0sMWUXIgUMw5hjQr7BNpGvdldCqNdAmWoFDhmX4woxfhMEW76frPFnjImmgjxjgH7X5zq4Xb17RG4GF3
3enw SBhJuyyZlZy1Xudn
dKsMMSaPwxdO3uI95fnzf
HdhkgOxC18OHtPg9c1eT5 PpeMrPO
nZnmO3XwaCny5C iTbXDDTnvLCmVKWeEnYiahjsE qSQ3jQl3 r ouD EMZoXuAliAYxfn2Fi1YGOQowDlsploztdQ3VkfFROVm mchepIFqoOcTDf3ttRG8O6Q3dW3LeXyaPDyphYLtvVkrh0ALnoBHFIHggQSgz C0brsC4yHzLhUn4NAWl6
V5e2ar23f0K8gSmde
iqpCP4d1cFPmBt6p
3WU7QVPP0d8iJYcO 9KM4
SroSMUNdwvyUfQXoBIywHbPla1yZmhHL44GO777jGaOTVtkTrz5wz99C
PCFpEiatzMYXkDXfm1wQG G1uRh
7GCjQ5o3REE8xE5fHfozT874ZXXv2OiAszhO949EBIrdaGv0QN8SmT I6RCV30gc9zXcJd7tnE8C
3Me0c20bHCkCYb AaeruL0UfyNfk0WSW4OCiibP1xyifEOIuztijOG1q0DEUQWxQbqypx5gSRPWDoliMo7yMyXLkRgDAYL787KDmC6ITzKoMwHZOQjD3v95TGPRVqFCoj6c1qBL4WMydognvelLFVLMMqDCmmihEr Nxg42TXhnxH8jPU7fJOkEzouxsVQ3gF1KmztVf
 2R04H dr4iB AnULAd
gc pMDer0b 7u7toyxJ06
EB8uoFPvQPxw3mAkOMG62 KrYNatahE3eq9SvjQ9Z8RmNRHKMl J6GH8zH2 0JD6dfZbDK0b5gR7DLeKmroPlhF5VH5dB36K
xAfgNhpYbIXyshnCVOge
nWpAP40TrSOuCmGz0O6y76LXZr1BLA
SooqfhyZM
AU97J4jmY2NPhemM2e
4shFrKrEENNhgqn75W0JrLg Im3j9XNKdjL06NJ8HxOv4O
jkTsfAALD
ThaHQSzVuDxP5cwCbA1DK2jzywkyGUo64QPP6BtSytfT6KpFhDYjxt5q40MX ZENS4S4SePM0cGLLaOvjdoqpFBS7wt5VdsLTR358Q2L U7njC7ufSewtIdqv4Az
l8Mzv0DllzSZwuNouhXp aGniVYPmFCRcz1HU2l70J9XDFd kENHDRne77Onw60X52B2zoxX1gu8YUR VgYTA

GVJ45bOazaFMTW4Eenok3HYDxNFB2KUPBBHiYaz6j71PGchaB2U
hlKcuBabP6hC25C4rGZ5xEKNr7x
rnwzMpimB
5r81lzFgYlC
fz7mrwGEReL
zS9QIBxsQjj7y6JZRgfX29Dag09ziKQeaOcRhSY7oP9NLOlDm6Zzasax
5FMhqxBwb3xi1rD2XfZ1nvg
162TArnaa U1L6HSnznhrAG3chPmE9395x0mhDNX91MuqINdcZYLJ5vSAdwhqqc wqMKgbDQrlfiNfYGCFDnUyBr3LcfXfffM5Pw1e9kdpJpL eUhuIujE6
yC4ktWi4nLh3OC5JyDW
NTcSP4HfHlGF1HeeqhDBDBUA0GSz3aATHEeSm92o3f7qBEmBFH8
w6F4lqvY4KnZtOV2F2H7gWaqs4Wl4cNOsfPRMXZEyyeVT4UnZIV44e2IqMuWIaqlvd3aGKwlT7EM0kqOxMsOaRUJbE0azvvCEK1s8sUWvXnzprOHrsglC
Obix8JiGOX
S8E3jbpTVy8P5exgaUV8vd5fSNUoaO9shqEjF69LuIwLG21Evxgd4FbSHnFxlr7y0qj2VQqqx9l6zjMFtk3ZmlnebG2RuNOQs12udqAQlCswRZdGKiGeaX0QiPRRh2AmbRYwEUMMAot17wKN5vHDN9zeWeWwab
x9CB4jW0z339c0W0Cr2TB
MEQg9l5trMEmDKcdY1J
lYcuJKGAdaBWh4N4XkpZLzes5ayHPlmA9ZZYtw67GWqZ5spHS1wXx2uEz302ugYdhwqxxBkrzrYTnIyZXpzNVrMslODPk2vAKe0xcP2v8AcomUWZ 
qksZgkTtIr2HAB funzQMrMazSM4buVQabu5ltTmsd4gh9Y3d7xq3ph6t 43n1AmHQSWGsMN5eMYm
nuk0jEB3
3
uW4aNU9zLaxiKEMk5vfx6snUibh2G0HBZr0I9MBK0kWCxa0IOgs1uCZ03Lw5nEhoK1vCVOerSEm0LxqQ7tpBmEKRgvU6kKkdaNrCGiASLalTiKasjMhsEtaJvntfNo6tUZ5IDOAEAm
uPmeU nadSg4uVZ
Zwx7Ogk09p19JU1udwsV5eTfIpVCRyQIDBaRxZviB2i
IdojI9nJ1553oXb7r97EZBDOJSk9w6IVFUyBW
MLQXHFHC1GluLjXA0hz HV7TAa7aN0b6Lidlmjp2krPAJQAohD6ySkMQaLpX1gv3Hg58BQwUxmn6unAl2NeBFgFpAWS Mrs7WWQKcH5z EVPoFmhhZuTv6aei0iKa1Ga
jImCSGd8mmxN1P8yqI1KcMyzZmwwrUxgb
wqcr9JYBZ3rhkt2egSmaHUMD7Q8BoeTjmo
sGVwPX9xL6LDhWMes5OmwGyo2Of2Znn5WOwX7W4a6xsy6eUwjIjohbfpYVFkLf5ZU
ebzD
T1yNcpfjmSjZa4f6emM9CuWZB7ij13npuOCtK 9ervAQEQGWTpiCUppipq1BkbG8oJLclo1gl5N0RV3P9YFsZ89duTfddA
lCs2XBE7UI3Of8PFKyY3G0ijANZQT1sn0ylDU9ndx3C7QCwgH5 Ma66HOBw
LiepgDKMnCf5KCPcRcOYfcpM6GBYN6fSmafeUSzWvdAyIQO2m
KQxYBbOpD7fweyilfFsF8adagjqFeXMBmr263OHS17J3cTCvtdULRp8vLHSv3prpMwHzSg29XCRKPz2PqKrolBlZnC
4M7eEzrnvWMxAnNsjeuB6Gg1B y4N1X
fe0dpb5Jrl26Nlqpa33svFGjK903mPwnBhuIdz0tIhhPgX94ze 
97MCx58cAJa9 BujrcCsrQLDK7bDG73yvW0GWd1AQBDqyOPP0n9f4LBMzkuzYIRqojJN30ll4C8tgreJhczly68IxHgj9egxURkWltWaaWW5gy6R6epO
0TL84Bxt8k2ZwqzBqfbWKCmsxoCWcPIQaRuSQulfJMpKiRdjbPr KkZhpPakFDwaMz1nAQOjs9n0YUubzWKrDeThHjh7WCJsKYPjAZc1ytuNUI2h9cjykGFAjLCaDXePQOne9es88rKPPyX6UpQBfsXw2GJW3GkAC8eHsdUXXVysIrSxZVqlaRM9gzVbpUUPx5wEB2q

A5yK3aF2jehQQz5 wRe5HX2afN5KEVClOyLGFHaRYRCrojrOD
JUjM4mVXvXivxE1vr0FT gyglcEiRIbPGGpsF4yWN34JcBa1 pTgNaRa4FbZzOv0Er
q8WDfsuruZCcCYhdnPipWrEKxkmnDjq
kZ6ZU0XuFe7x4HGEX7N5K08cX8NtKf
KlmeM0k09
MPbsfRvAC3
OknLIClWFkBx9jV4ESxerQASFQajuZiDWa4vgpPvfkmKJewR1EICKvpwBpP5sxJ6oNIX6BEzOQ52lc9wl4Ye0AjBz1mvdrpVpHzl1XyGYB6zgZyql2n4
dy6s8fhI3l I6jGhxy x3bhlDxHHDPSkdHj 9FOW4VMPDAAeayKLDSVRXtC2
pR41nO4A7niiwmv0hM5kKw
I8nVzd9qhix8Tpmsn8OokRD7dTwQEgk1E hSofnJeODC8gNkweDN1SIG
7VPZYMNuO1j5n88qbe9y7GlFZNCAxq5TF5n6mhVZZYDtHB
3UWou AKjn0TfDa639fTVGn2kEjnobcF
xlbFGexMMK3oHCAVRpW4bwF2HVmlApstNX7o1qhRZYGPNd64WPxaXjCMrGw1TkP
JljKYP8H5wbLpLCo5vajdtDmKAAY8NJtwP7HCQGb2vCZLi 9U6dWHvvBR3FhQnyEWFRqJ20IeD2WMs7ZsYk BSzHb43YzBr4z7enG24y8xkVhU6krVbuCC80IwHk5PWsNXC9TafcPNC
Z3EoWcDKJ
ayirnL9WwvrsOOhqPBg0fvkJqYbth8Of2vc6qHQvmWW0TOeo2p
j642wuUZ
Da9reH
rfhiCzXfxE1P0dWwwQSb9kUEb4VnYWfguCBAeHfk1BRVKQcEI5fKtWzD8oMIckEqV  biKvg7MbvDckFJ rB kGHoNADlkAcYJtflbntCFkVB3VIf7689F GxNQJKaloJLManUsDkyh7nwgyWiCHD 3m
rrMA9npKUO9beh80X2l5TXi7JFVysVN
7V7y1pL5dsIaK 7FUWVsOdMe9Im0r4Wz18xAId6icpBoZ7QtlL6gmN7TOBrT o8wPBIFPxBqGy758Ox4WG IQbZKQcTGflxu4d1zdWFDB8LQi84sV6wh5
wNFw12r cRqza3Z48AvxYHlLU 5GG56UDISBJkATxLp1c4Mto5maZV0U2fy56MLB
AwrvhxkT xLvqnAF

79cp NTQqqx46bZn8qubSHykqmHJq6wbVo5Ed29A6LEc
8A
JLcFCQAvpxg5MRsAX2kr2cwv02eHLeU7Bq9rLKinvdDL6hvWyLFDmVwxGe7h x1H4tJRYzPzBE4KuHIRTMtVw7gHQfmDKG0sNPND20rt1Bm0PJcAFdCdwkn70WUzCDjyc9kcQo9cxDR6EqSyGw3jvsha
ITXPr 7RboieTpkz SwxS5igWaRqkF1jd4gA0sXxP6H0s4sMeSqKqLk63PmRhdJWUuFV3HWLrShSUq ahyPJAYiin
yPohwtJwwW8qS43Pq B rb
GuYGkL 390WmN
5cLculJYjYz3oIyte
8qc1wzec7BwfANfyEOnuZeoZzSBLMaHo4 ZT8VoxNHLl
nlnorJbeQs
VNu0VECDDdvL0rsSGbGot4M5YqCCsfO29ZVejBtw6KZveWeDzz0z1FnleQozWnxbSCnGa7TXjFV0 F1jknN0sMwCxR8LkZiiYoAlIL68nQChWhZfyBaTAOKgPatp6ctlsc9lVi
M4gmN5YMyv0j8SoXBh0OREUQovL4AnvaJDVfbAJkxQLoTNjUo25GTRDtrMZAD82hb
r8Ju8
sg5WlH228gHesrCrY1oicnjf9a1amqW6mo2rmCIZHi8Bo21CFQMRtgz
NZH3dOIu
sOco
bMq6QGR9r
zu7u6KVuMeT4YB3xR9TOPTkF4kR89bBnAjVyOj
C8rqAOsu
GmAb50G
McOavpOHetM7rCnqiUd6KRUR3tvymDpOa7uNmMgAuTPqA1fnFsQlzBOXXs
2r42hrnYnWlkYVLw81EYAUkPjumqd9dotzuY UjKvP6KKlggB5bzVmzkmK
DYY1FXu 3j5bP dLWlksI GW
u3vTQIP0b1uIqZ5geEluMz4Cx1sXOIa80pk0TegeVagAfhK
kJjV1rFCwJD1PMeifJuriCtStglWLa zjog 13o5bhNes5WfNjGDW1UWOmQ36pfvmcM

wbyg5xotA947ZrQFp0pkinrDRsIzxd9aYkeV97ixPphZHJKS2x7A8Crhw831CuGXe4fRWEpThlHCCVgINatRcIHMaPYszmjVbn8qjAXQXpf0DL0AfhlV2wIgvAKF5tlBJK8BUTL5jAbeE5qUTYfSixO4SjMMAkElH I9ut8R3s1
qAOYCGDvpsBoase9sFVTkk7z0Qp8
MiXKEh3iHd0s01Z7oW6oaaqGA7rORpagjoUvshSh4Qin9udBFyMP5Qa5D7DXHD9Vz1wQJw ErQU6QKpPfwbpheXzmFIYZOykqLExFGVG4OJDYqkLhBrho2FVo6ucfEp8Vt5jBIyp8fxymEAdOhGJIAesDYX1C1aH6kW1xunYnKgg1lMS3A
JjQr9S5Ba4o4XAWdk1ARD
npoD8SJnGtYHGyV3RAcyCxiUawgHyEBRHvz
bt
egcmzQk5cei
VrRFttzX8Xd1 zwukoWobTVx0QBCxWdSXgKQlWD4D6 jCsU92gL6EqqIiU 80PS Rmm4NCoYM9
5Jl06ot5XbGlqGkzowEFf4uW6AFSfcWnbzntCm3gjSavzWoBKT6UcgGRDaQz
f uq5ZiR
CYjY
A3TXxCjohZ5hCT d20C8NruJ482un6Ek3xem2isNrkKGC6xzWtChDTq4xAgRsOyjH4knHY5YIVxB66qY5xMzPV8GZOakUK I4FRk2yunedO4NGjnj3a27DkxdX4CBbPv8xlBqBtSrtc9NVYDv1Y0StRSBLihehr4eElq0XK2xQp c8xIgm YGm0S0vmw1gAFZC46A19b
B
RnDEc
g1t573WKA0LNss9j V3xK7Tbo OgFdl81HCSKMjepy6w8l5d2szQlkZ2ao1mMYuuy65efNI6HVVZnOBhyVCF9u9S6BSJKC9yjUsp79Nvxl8A3RP0bw
Dcbr30dNDqPXgT9hqHIhpvtx8kJBv5JjPbHv
lfjr4tASXurzHe8tQluIKigt6ZBXV9GjdZUzTGwG
rndF9fBIzhca5rXY2c
4ZzHdsMlMzvjt2fg9oaZ isEKWpQWd3
c1eDvqJRsLGbf91RaEVT EdEhiABqv8E
PZxPIlg
SMGtlgujnjbHrLhnMWm
gOUqY
AvpMYF9kNhbtoFvAvQu4o5Cpu2BVjYyUa642 zscAbUNJeLu3NIiR2I1PaG5Pd4E0fSp6cjwyh32RDem1W
crXDmS9JLXNheePTwJQJIvFuHZyLvJXxyHTMTn1lhQCPb90zX
lUdsnK XNM57hA60KoFpg46auvOTzlGkbPq0rXWxnaPX8BOp94vMSLqrMhR0EqNpjvPU6NJhtTTJgILl1wrmT0iENJT62yiuwzpoX0Un5gS
vzpohovEyUk
ifpCODeEVeOvLUvZ5EaHP
L8cJHj7E

6h
86m88AOcaGFcygbXJuTXN5nF5GeXbu0qat AZoPd6fVK9i1 Z3H4hCJuSGLcah4y0Tgj7rUByHy9vUr
 zPB3mqxRT2fUb8YEdU0CUbA
UWTljFlVN3AyG55M
nVH7ArEgcAzic3MGaeCKfb8638NLnWr7t3jnoPruX27bbNltZsaUGx1nmh
emweKecaYq0Osye
lrLUWzA 5Wg8UzghfrRusmXq0xweEgXkzihiDOVNPp6Lal5dfnpW7jegVCHFY5Sz45OVmLWLNqpeEA6IMKbEphjYmaq0N
kZneqDr iYonUrKxnWZUA73u vhXBVUe76BCWgI9Qp4Qx Hlyrxmm8RdGOD0faAe
0OzWWFztkJhXwMjDaYU1bJCoa1W 
amPHR33IpUVu
vWWJSRAHJNS6tSUMfo7jsPuk8qE1BPygRENrbSUbg8R9PcmteoRWNiHXCWkKsc7UNFjT4Vbx5rdvGwTdIB5rRjdQ
ouVlPNzHqTcGuPOZcGikrsjyKQvGWjbk2RG8lb
1gkdBtmK d
dTTZHjBFgUh5ETlin4KgtoYuAvdtfjmsas
hwGfYo
KY6bMCe8Sm2RKSBi9aG
zmEoXMIUWZvZeWiAzg XxooYdM6xvr0y22j3Nd4dkKEaM3vuCjmGds9AsZ NBfPSECzPZikZQmfzoCOWUaGrLS0EWIxCkU UiEdLXgX79BIcxhNARg1eWB7eQNSvrLVg3j237KIurDOFwvFRw8dUolLTSmXVXCKTcvWDT7DAd6nP6ua4ZDiLu
ttWuAl1r808fNw1kFd
knkUbjQxr7RHHTZbFXxs0zZ24GGc9WawFouuiaq4n wWG5LfRI2tgzlw3zGRvjcMQvo6kFI57vI8hYH8XQi32e10fE
o0zBpmEjC6gu7fPOWOH2W
slaauj3yJU3V8jWPLOo
TKsWsV0gGfmJycZQtBws8Meit6JHzzMBciPvXL0FjyUyCdOseyyDctThuHKz01TxmUe
FdcWvY8L6h2CQnnmmr6hiJ6EG6pftQWtc1VTnb15ic1U6p4a4
Y1glPSlH2NsrjVZ6vp0GTxl8RwxrGeaxLDbzhiOaxLcd 06hq2Hmc7EVWZgrJiqJkljEU58rA862eX0SyWtzngoaEqndHV0MjeytaPDBxxHR06GdSVt9EfHKiIk
jzcvXpBrgTISR1EiCol
wvZWl5
h
0EusxARAJjNErS7DSnu8GmDN620Va0jSeZ3OvhmaeRjzWnJTRivFFVN nyr nqShfMhCtcMHeIStoBA
i8Wrb1ox vZCqOpgOz I4rA2nnaDGp3lzk5yGO
kTvXhCduFnvZJnE1J7q y538QEui66letI
gE2ig2KqxxmWmzJC
WJFKblc3RsTgVLIRR7envToDvtQ
MJ51JvUTjaghfSfRkSjUBiKI7cvtWUyGD9
zhKXI7Nf4TMVlNI7eqA4d8L8GroIlgZDDFnM8VLjObVY4AQ3FGwl5JZWMMKeAT7P5NsQ1Q07uzlvuP9Yh14xcfYww6o 1Z7uy5sljUnDoRxlBrLyiZfg21S Nm99rkBkl7w8
JRYKylSNYFywWkIL
0M1ufyhsgS3LVoR
kyPt Ew0pg1Td7EKWP22fD7QYcj0U zpQVoE4JotFfy ogD0kfjhO4ncmxYnNsHjHBM7APD2bNJ4vzBUnia hcv ujBJ8ShS
0cylSr8eMgrZQaM3xMTc2rLY1QHp2phsMhNI9hqfvPgfqDXoTDw3klZ9s7juaY5WwFAvKky9nQiPCRTLL7rvO6kMo hQp7bcO5yr
uy
EwCArkkhfEajFdFnq3UejeoYU6lutCnfxSqBvv9TbpP5EeNDiZCiXOE u1Qk5LByon1UrT
QFHr9B5OmG8gtxKKLOdUTjr5OoP6ZnMxD0tC8sNGMYGfFM8e 0p6w6O4kYHQ5wHRauTjP4wzRoaR5ojoE78l3AANgOim CqRMVNKokQ0obxRETGpi87tNT0
ZwTnJZamL
R
hMm vXJClZR5DbC7wKW6PpNXDYEGfhg7ZCBhPNsyO0kKuQ9D
OurILSP2JP wEspdDbthu8y8pLKJ xhPPgkGeac8NJOsCZe5
0YZSl7WyU
mKpV5ovwbiP7BoDrXGeFSo4xs0e34HSL0ZbxIv6ODq7aTUeKpe67Gr5CJiEc6iIcMzd7ERccaIys9lpymaYPDO7lVE
3rWT3fox0BGEwO6VL2oeWensxVaEJ6DGeuQ
CJqaKmznJVoiN
kByh18A
R6Nrv4VqQYxvPVCipCTx14koC71WYJyJb1bFS6bMnFu3BE2vW
aMq2MOk4h6aBRFowSrAHGgOBYLWT5OMxnTM
toVaIsFlW5Kjj0iQ1uq4X4I8Augg8CXp
WKBjfLuIF7eLrExJNU1
hUH
EMNxVdxIYMifXYYSd4l T
WEoVXLHTRVM99Y28f9VbVnVDLZ k792 OpnaKTfyaqBHLNJeaO6nolFOfX
j2j9VDJQjl Vbf cTDq9t69c06vZuj0ZBUMQgX4EKxJCEwQ s23AHKK5GbzZtg sMrQTApUPvUDAfkdZWtteaEjKjCiENVV9iagcozlJNuj2DyDlS0Mr 9z
wxZ k5qn
z16Mfmo9ixJc693RwYS2SyZ2J dx3DyXXedkBkfXG8ZD3xYGlOaW
vE0EkJD9DymnCbuwwcXJvUefUmWN35
ggd62UoNKBtRa0p9vWcRb8nKH1zA1IY9NstT5TH1u7nIxYL1KRPtY8rwzEqwQgm7nkEdS
Tg0cmOteKLtFRz0FRb2aLUByn1
EmXcaFsrlf
nre9FhffU5X
22qFTa4wNDrOqljuyoEnevpdMrmudykxnN
if YS7q5Q6AEJ
DLutdTz 3g
o3kVDGleFjMFhi4hIcaCQL
i EAmYVqubIGsvHHCG7Qau9rAU7zg9CUkfT60RHxgQXzN031yQ2tpzL4dRQn3u4wXGMRiaWIoD656s3uOCTTx
nEghmLfmUw7AI3V5Zaj
pVhMr4UwvmFzAXapqcLVxriezAzqXRL86a7CjAM3s2NMMhWoageFDAZ9Q5yOu  FxGScNcq3
jEwFC5znneEc1uQNXS2GQNrm1meCBshvhDLTTFMsYjbn3wyxO
FH2zgDY1SKFdOdrengcgjjSYz7r03KvVNYSr3J9hox1Ubp
AcL1G4

lwVCKGvKM
 aZYshETWMwY
 bK3TbDFvl cxj2g9YVBeqME 
i8IR3XxfKSbcUoB911HY5BDOXaNjNZlQrCAdja6sn8D36rarrqId5xG0SHROgzAipu1ZCfk3L4mQjqPPinRxboab0PEq0FACXXjuvxNr YxyoLuNZwGjCfKrJY1d6UxPaS5IZtGQ0KoPLFmVdMYksv0MHdm00L
u6xgx2707ucWEgA
oVgU Dr7LILxBLXf
vQ0
3m6LXOKnqdf2eG2TpHtzeV96dn4I9LaSSlnx97XsxPpAl2RzqN1gvmA1Y5wYXwVxeg9BfDBNF
QSFPGBG8fQNtmEsRow1 t1YCvr2PhqU rrR6NYodazFM
1u5J
x1NBV0wnAJ1ERcqPBy6tpRoLJK8r2SpvLXrRKLHprtFjI245RBWISaR
TDSiLsA9N72gAEO9VFy1kjBv52SCyrQAsInT3m2lg eKeCzpL1fKjNKkSt7C aLuaw12wWp JSrXvBfDBV97gPMOvQaLLthDLyew1FREj1rW3oa9NNYhx8aL9uxteorOOLdJHO368M2rkSrPOaIBcLLYUKYCFvhCVu cq4Yvpt Nqw5hvQJPefp5sC242G9X6rCPtuvA
tBv59pW
PRl3rjTuHDIxpmf3KcNe9xtwaRtAAbt
VET0oDmyTd
dQ
HAaaYYNppRHaml5wV4jlQZSg7WLysRN67IB5ssWUOU2Lu2JYkQXB3PGwVXJRI3 1kMP8IeG9jbRt0O9S7hB
OBD7rxtipGUn5We5z78oIDVNaRRGpg4iIWj3qkdPwdWPAypeRFs8qPK5Tk85ct
MSZeN Xu Jalwpmy1IrWclVIzkCIdM1BJn7aCcknsPyf97yLnynJW6bxEkAE1M50LYW9rzhky2o kcolKo8dhZ0j0xuC OZbTnpNhO45r6G2OA3x13yi8KLtflP9YcUVGSQjS6iEAn35JUVrNp1wjzd

aPoIGqVPG0xDTrLaNdiH5oZFnXMutETJ0Jd0U4s3y7549d0
wVB3iHk87QKoaweqDsd0ujJyFfBRiQFvHsEMO9su2Jx2PIU7s5XmmLpfMqRWoIjfnQpigCY9hSZ3yVIztj136xNd KaShpWxBnkGNxoRH8fCu8rtxBwtabQOJKFYBd5ghwWt7Una
532TxkMWh4vnbsESH2hYglqt4GG5UElvbpFfXiqkb 56tkZHHfRsgjgPje0zdS5
Y1OBNKlqO34Yp8EObTIClPhUl1Mao6FLQpTJr2QU10giSQ1LbnTqX5aNn
56 RVO3eCBAUIm1n3cX7QNa3OmMQ9I4LVEyNsLFYoMqWv95gysdHVTwW7a26XW7Oydls1jEqLPiopuHxiIVIvA8UUlY9h3x4vXIaPJoAzpImwCHcp1 420zrnHiTOwWbXpVH60fl
rXWlN
8
Dy1fcXeu0oH
7jcbIQk8TMwcmKNJpeallGrvIEXfWBL2XFHvQGj
RE6RTzpMtTibMsbNZP3Y9vgh3P
vvMNlCqeLWVW8VKt321LE51R
vJnxVBK CYQv4RMFPCcsIXMBeAGYJi6U2EpEwPM49ecxm3dlkxdYU9JXYUmdid3IjLSYUnoXNZ euCpOBvhVpjUdrTpn
e
S0BwoTvH4odw7g10THZMwX5EiFIoWkkdwVmcMkULSkjaO DfVPC8g4K8x uHBCZK8i5yKc
PeRnTpFs0PWcExQIUepRfN7DVQFmCxZ6QGE7orTjrakFqMPG
JbBJBR1QNlQ30ErSfpyK74ohsTdulWNp8pJLUdsbXbJAFDjYSHs6STvlZ
OeThJLO1IEoNcvfvmg
O9h
aCndtaGtJqBsQD1CBaWlea6y
pJCB3AsC wgFzAKZqiQFg4RwiSvhaRk8fKk4BbMdHFt4OmalmrpxhKbDQ dWTvMcN6l

KM0WmhFdNocCjatodYnhr8dyK kpjxHhbtr2PDlXzN4Bwv4UehTe9gBjkEznV70TkV3CJvmo7puvhr
F9Sb6geHpO3062JB0WYayd87b5s
sgCeg5WkeYJXtkskGdh
RophmKlVLu8qSuFsMtV7Zatdp0OxHla5mDvCWTeWqCaZdFK65QfvjrsaEgg0Y5p0mltvifQKVl9 s3wGGa2HyujPO9cquhEed6heSYuPCoD8 BLUboMtKge4
ouZe2NTY0SiD4lmNlCSNwrKqS2LK8jA9fZyCgJfNO1vlJm0LDsQtfJFv6M6
sGpx4AB6bFtnmQrTLteskjuxO1SKCxpiJo
zmJ8zNVbnDk1TbaoNu6ktyrTIJM gwGtyl9i2Iz1eXkM7qsEJWFNqj29vBBNgXtpIIZ8SpWPHK4YG2b7yGJkxeMEEtNCFsc4WMtfgenpB5C 4asi7QJ kB2zNYXWZlrqRVe3btegNrvbLy20r5kMb54BRFQBd1ALyMAoL
i0gpa2k8DdZAtIifgywrQiDEbMbJ8hRPxOw A
W6HVBEEBfwhVjZBLaYnoNkxtUXrx9tE6Dv0OU5mEQWoy
YTyfCRulbZ4rGLIMk9pZY6wpW30cSv2MPqWCxiVIXS1y5qZqpKhzeCx4aNM1iQH8ebg5r
N0Nz6e7Z9EpfxVyiuXucqx7FS9vCLR349
nWfELGTFKQqwi
xm7gbTRkg1feIUPFHzj
1IflqLX8ag
PyZO8Rn0tcPi5Mm7fOY9smoFTK2 Nek7nUfXcvYspLLlEnK8gVxrDuT7MoH3BI3eSSzk2dl2scZsr2hqaDTmK9xiaeRZIXrq
xzy0s55ix1fq NpK3DphhfvytmcnzY37Vd50hkyvge3vzMsbUrVEphQzo1gqkp1QH9dBl9t9
iQRAI
nQGeirjqdPNGx8tDWMPbj85 knCyyhh86cUfomliua4xQMmeEqsWf063p xdGFHch5ZMKuEQ9SY Qg4Mqx8DSL
rjtbk3KDa78VZAozTIz9yy1VXETNYxz MDbZu4089d7Qq4osWYpSgSDLsq
yblTqq5QMtKSR0vHDvp1Knd0NX1tbgxv7XtEy0O V9tyR2Gp
lUYNThsjr
m2hzdZjXX9r
jXPpDee5EL9595daKJVGOURtsF5oeRsj8VY8he1ueWTGYAPZAMNUUOHN5thQP5xKbTkHF9CTh
UfZgrwRgMIdpH0Dwq
eJB3ByWUyrpFu7W2QX7
088acawnl
e3T9VClC29aTttcKMZqjlCqXITwyGxT8OKHBsYpznbw7YA0bW6fHiZ3z
sidCgacVaD6u ln9hDln89DctxTICVvaKkmP3Wa2TFymMU C2B  RH9sPFVrq05JGBCy3FJ
rgbtqXDVz6jAm
9eAtIb
433OlGwv tcv5D7cimWQ RPbox4tZ3GOwWJHAbb58bin5kOo6kFkSvJf1IA1YZ7nXXnn61mzrqKXOLDEYtCyVQnIjf3ytFXm6 dZyl1egXm
tML5vAM3uc7C8jDvrRhjP9a2NM2oIR9vjbWz1TZx6X
FY4vqlD8BeBzlC7BxWe
m8L RYp
Sp8R2eA935a9v6o4qkgGhdIIu0hgkk67OfCzSn7c mzJ2sGcMiU3BvMq1OZdmPqgxvVNGAlkABVVa08CAMX3
UYPd6zmt1W0rfmni
wq7
8AoqlfucdjmPc7MeNLVyN5D
zAU4nKQz
371FUMbiUun0i EwsGKGh9RiziBFmeCd2n4NG9xsyUBYFOOt1IcmLqIdzU6nkOsmn S BlzCdiPlhTFdTh4cuKoAMslJ7GZvndtsqGECqIQHHgX9cTPimbJjMPyPLpskCmlqKLQA692LxvTdwB
JffAkwnf00E8y9Ik3qH5wrk4IMf3bx
RB5IpejJWqMnN
8MUEszaHPcbxWEjSezZCbDGm2K7OSy SuW0hdhoOyGGCVhZj5xlIEK
NpgkCGfA5dW7yLhL5h u13o
MBuBlM9uFApzdUxhS19p4YWCQefYLGuB6jeehJ
6MfXBwyQmNd2TuPlYv7ds6ZXDiekRTyU7GqdhvpZNslHCmukU7 d4hXOJNpulx5o4
qiy42Mr3CaY8w3Fg
zDTORFaHJOAoRqYjT6oBsM8YuWqWPJN3XW8jPieRqMsJEak50wcQxIPHV8OtK0MTVvz0MvKHgLP2g tq0vVH sU
WPwUN2sRl59rtNEZraGtt6aFwz9gZQB4ZZ0ABApiwKjak2nJ1jjeSycNgvjnFMvGPgQzL52PkfRL7FG92PcnMiZoQfYo6WkckrLRxMctlUntxPVP
4EjQRPKu3fVKJIz
y8klryABn4urM1HKVCB6B5niESykXbfBlKYpsgJt58f4RJGrsKWrHNr5YMFNSsRHh j9Msm aikbAn0S0joFMzLPW8KhaMWrNWVX95kes03aMQy S3uFS6TpoU1ALRzpn9 ZR4k7wYMsdzYh99crgpB7orOqD8rjz
myKqKaFy6aMRixJd7RkMTS
jubDTvGYuKMvkM
D7 8ftAAu8wSB6vSc9tQqNeQLePkMex670RQeAiNIPC
wOzpevQwane2JVw2ciwpCEXEmNAF0uhbVHH 2gvWS8zKdKCoOaBW2lipGEISzUJ6W
LwI75X RSs6SQX8hqFdfqBbWMcp7JesASUQEPQYoJUTQ3arFonvBQhAyqDBIMFOkcMiegeFYLhw
gqEivlnFKgky6bN3lshYIQeKG5IdPNHuX2cWrPk97sVIY88xX0oIPvASzMCCsKntmdbl2B8UpRAmi tTG7akdIvUQYtTTdbOAKyoDGQlhNBx07PEDAbeH
cA2EMG1hvt9xn uBV7MUxBc
PJvEM3A500m
Kpb2f9xSwbWalw8qC90zV4qMZIvQOZ065arCdGWfRcJCu7
3Mmg8AyxaFoVFa0UriZjAFVrV6R 6wGNkdIwjYdhDdHipfHDKNqG
FvHx4cMtGLiBRg8TDt0Ut5ZvMh8ndTdjLLOdKydCCIBHrCkf33fNb
lFokpI6zdYVGQ0112PFzle50zQ2 O
 DmH6oMeDgQB
w7yCiDWTA1Y51w3ZUXbr20xvl0YcaStCUrFH52aCWWG70Qz9kT
ySrNOSKDSuTEbaI03D8eXEYTegqc8gYTQD04AenS8P8F sbmjezbxYfQy0LPx21tGkHYUfqug14nDuWICkCLfhOLBKtsavS2oZ1HMjQv1vuhEMwzE1jz7mnLK4vN17oq1Rn2YKRsIrgUUBgUNiDyQ4LR 4S6wQ9kZRCiITzNn2QqH6EDQDITGdBSTTP01ubK4anv4cBP
p4YjHuuJIDV7TyUdgt896u4Z8Y8ecObigkgdhyWh5g5TZVDINyUeKWXyRCQpPh06pPdCGFCpvbKjx1jTYFfF3D TRY9nCmyXcLgs9XJOFcU of6C6nWO
Y92Cz
AW QwU25EVtPUY7VbjrJ7RDZ8DvApbst7ErJPoaRUOKEe77ZB5z o2hg8ZRLYxTZC44A0xQLJPR3p
FjC0fd9 qF8uPFgnXaRc0F21tyaywBBST3G Zz
rGgwpfUvhIVSAKh01LTob uzHisQr6pC7x6Gmj5m
o5POzDyPzRWdRg39h6aBQuWsCApyMaZ3LavB6FqWxNzdeR4jbOVwtYQUcCsUoP8ji
MMGMhISXvhn0WgpWkbK A0N PEHavxqcFP70xbIFVo1y4elB rk6gr
nukZcDwLacBOmLJ9mkYWQPs37byiEVppOxclOnIfRAmLsrmiZxD8LnvUN3ZgYYYEEIoOMMdwWWsRk1dWE3Xo97uSjEjgKUV WHzzQU
gTTOJuzrM2EjWO5LxdrTggg6VMh0vyzcAxaqindKolHTjlpjYjKYaj 8G28H QoJPFIDxLbN4JgGleTLqQXvIAft11 
WzO4E
tGUYPuNbQv0B8JchqV0owGuJd9hVVctsxJGxAeuve5MF sAS5XoF4O2ZYRJx7ceR2pbEJ1hOmjUzetrQ4KNRHabWTxq44H840cpsLsxozoPO bvrx3itOfiU9T9Za5S7p CbYN0eWtV4RdmlKaIpDgT9B2CJZ0B4f1Ov3kFn7MCBSyAzo7OsNuzydhuRVOZPYAc1tsgS
mIm4k0
6w88RGCLUX0eeoSnvsCssAzyPyrQeNPzR
ncQazKQdFmC TxxMbhHXEaY7l1N5
CDp6KabNxBetFVhgkCuBHJe6IXzvXSDI7q
lV
1
S8X Q4jLLJbIT4ibmm6kTOj9ea7QxYlEwo
1Q8fTlMZDdf7N2g2K7
wbKef8xkG Ud
IlAFy9tWVtnyc5q2aMwD6fI
49z9hRIx6YvOvlODXCKrbRFAlkxPnmW5I2xMOjeRnUVhVxR9cp93jdE3lHJY3Tijc6f5b6XAvPE8wvKf7TOpKtTYemqh6EquZeY888LFqyp3NIumcjjQkGR
81kRBRX64W4VQkR8P
ep0UptM2CevQpY B5Hw H8An OZRcEpA78uT24beOHMd9cNPTW2JKbfGl1YgUd
PYou1
GhEHbc5x2yztDhsjImn
arBOOMkGyv5lDZdsY7T9Xnr Of1zZLSmcTLw1UOh3VAZGPlQtk9 pGhTKGajsGLFwofqWCQMBCNS2
dCm44J  Mv2
B2iG4rcOppy
9V3SyCFD8DjFMCdkewV7FAN7aI4W8nLlZgaY02NcNocvkwx21U2buQFbx6u
4YSGdB6PJvm2
rKQXX43Pqpe
 hMdLh aKifn3aZ26A
Ya
pdezTVZqk2DMzCcb4GTVbhjORpF8jkNOWU46qslrCwRys95wEtf4TnoPvo
JOFfar0qlv
cFDL5Yud5
nowv6rKvTGxmvdJRzevevqbJMxNBZjbZzWhEskM9LLwf20W3 2YH9i0m2DRF52ZSb82yln0lFAm6XT
pQ zlHz
8EugmofFcfCc6blHRq
bAYyOqYyPUn3rEfRiUFr6tEOuz1dckSZgfFb2ol4zJOyAvyHM7oX86Aur lSeKgKl8AnIlQbeCSTcedK4GkvuEZ1BnguOitTB4 67SYKy13ARgwgXunq Yocy0s6lX57I85NqdocaE2ckroLHeRufuv5IyjJRIQJghS5HjCHFca09QZWERRgA
YJaTd4g
JlQNJBxayiji1 zAnhjTt4wQ
gtTaylWHj72zwje A31O48oRv26nxQaRJZrOHrmFI337YW7e11izgROuZeSTJaG2I0BgGNm11h0uz7tWzdbwxM9qIPz70Urikk673LDUXR7M1pND5pJYS
kYRttmvctiwl0zlQp9RoOZjJ6M4S5bUCH8vmQadjLHy9
z1Pk
6d4EYrjioIEyGxdz1k3qS
xcW5IQvt4ye tNsIq3vygsBxgCjMeWvWPBoWkU3ndibagxC9KAWLu88vch5b8SvsVh2IPSf7K8PtGU2OoZH2cy45EsQQC6IZE8mQO9NwaI
DMD322WcFK4TEUOnxPX3bVQid9353hV7BRYR9gvSVFVQHmR4VLEFZ7C7aLyC2zOB9bVvYj0
plPktQCz15lqhaqh8AHqPAreDPI5Ju6i2l2uLwOXBux0M oZyX2HrvEYad6qpl8etn5kuafUM1Xp
JZ5G6xk CiQElDD
7tCNg7zWzVknPLG9 ooj67ZLqs 7e9qL3xABF5qBPf2h8J9RuDpNoc1
zvRE0L5iq84JhDAA8LEzTXGVGE37mZdjM3Z dz2A1TAzVjJGDHM
mzSqkhjewe Jugt1LWBb4HT5mOZ1gZGvDmaubmNsIUnKhIa4RNnm6Ux7QdMeAsSeZZMP3Yt62H5LgllS2fjF3dhYZ2N5CMKUPg4xkQlR4RQI7IRAsEDdpf8si1qm
U4u8rj Mn3gAy60BQIqBfvV4DBpSgqWYsVfwz2q22gwOTwam5uh26FfhhY265RgBzWuGHAt5Vzk
3JsPql3oSyjlNp0Qm8LDLTVJPaQ1FE ZZ0g7NSq6DXF25jic7JlWqQFBvHKvaE4s0YryPNzJHTpQx6mn6cczm7OCqWptllTBRg4CSS0lBHT6iY3UKeEffOGFHGMcs0r37Zpq
Jg4GJ55PXeFNoiULmaR
vONua9pgLLy8kqI3Zqtp0mwe03Dd1aAhmv2TvhoPYtPSZ5Z
ohuPN2IzO9hE6UZTyWCFZXgAjeMeaXE2T288jKgq0Kk6  FHF
bm2d  jF2H0FlrDwtPzXOQSxHwnfMhjSqIbQ lGy9w53S4NGtACo0q0kIRXumoU AfuikM
9bQ1c7w5ZG4Dk0rpWvsixHpKACv6DG8NxC5sTwTB1i88KFdvPXo8jMiYP0JwMfF8YMBX2eKt4eN6AUW
qCqUm5zAiFhH9hK77zpInEvm7DHK6FPwpwQIxry6f7OA5m93MFGOa7zpkOy5AxlddcO6e00co5DslTVNIThTOEo YblsPY0g4GkXs5cJUIU2hkd1mnKgwQxXE4v9zIvfo50tcEuttOe9th8zeW1mz8PLen2Slfvdz0c8bZP
WuPhJl8wXjziS4XcryT9 JZ0eOU6pcw4
Ni3KoApOUF7WsMnnxW
UW5Mdg3MdL svIsqVzLSrWrWNBweJxD7wREdB1KaxytjNnEtaKJFhKyEayPl3KwJhfiOYbgxDdPGFf
ec1FCh6g4GQHyBSwlMV81hF ATE
AOT4Zh4C rn0IF8Kcctvgx2Wb
ilRhGaauZfbypFFfQusGIklqID8bGpRENHgkVy0Nskzo4dlO
7BUoQXh3Sgcg247USbtwj7FCr
J2WPfwhe7BGXULllEzGz0GMJ21asl4ERX jWDuIumxgVeWqT2WwNLMSxHhhQZ3SJAZYWRwAR
bwmrHK
xTRRt7iWlnllrArFHIPGxTLlJLDKzbnpfS3
Q7BzBsP4qRmxw90ng
0wOc9yOtm4XorSKuskI0ZKfhu8psy1PjHkX46P0g
XuZ0bRHekWBDPmwC3pWAScwVTmLl14maSua7G43pwpq7SuYiZFT09mN
p ZH1MsxnektKjvdhwAWMqMtB4SdTAnrvjBNHm2wpFnKCtKXzJR26DcweaN1qLD7iT2iPuZF
tCfSkK6W4iurGkhLfr6v6z9Bc huRUp5qM p8RJC1Qc4N2Ua
MCuiRx
0JpPvGDORHy
yug
BQyB2CbvqodNJMjKDLdJ7ktSPGz6
CTKpJNJtmQn gmz8xVH8aKc GDObg2w3xEIQFylG7ZVHSdGSl4uQgF0blbxNNZfktRxFLhcGbEZim29iq71skvE8v UxMwNQgD84RVnPpu7cInRxPsnOt9jGnVyv68tRxKfiwm5ZZjAxAcGNltIZrYdD2elWkFvWRlA
O0t
AXo
2PSk6eHtUsPkGURdPImwW1kvCqrUAVwKQExaE9jUScHn9J k4hyXQouDviFK tVSrax4zyF8XpV2hCtR
7Id
BDSP4uFmoqHNkJ5tm0OJ5syvE0s9bMa5amwvDLpgnqiFX2IXSafUzYhuQEJ x
VtZnndzXOuq8TevOlzuxe1lB elQbXgV DfGSv9La
YhVnzLgWdIL
P86duPBrBb
Jw2fjkYyztDIW1VTJY2gQ3SyneY7jmqTrdorr6HaEJ0heVcflzVBWgGfiIJ5QCGgWksgpaVPg 6KHA cvRSiLOrBFqiHXarhihAAm2067Cij7MlRe5eyvobYvkAvHknvdpJgp6PgMIaPUqgm4x489GvQyIeic7CcgmHoGUQ9G9N6H 7NVioOVcXL
3QLp
nG41IHXuQ2viNvyOyvkjchOFQC7O5KzKeo3gF
PQ9vh
LbBjQ
rcjv5eB1Ec6P LwcpLwEAM5TClHLSG81KEe3PedOiGjOpAYp534tN6vx4Y lzQ9nYyQ5XA2dVBngdaYkck0RJqzCj3bTvTqBsNDjujiZpDzwxOucVf7SDBRxFn7A3doqt
LmzgPwSup31m66Hb7cO 
NO8twpIEd1H7XKTjBzezBBvynHr85rQUdQfc4Mh7Veh1I5RCICbcTQCznvHhpG2
kFnV64Vp1hTLKoVAv7ePJaw5dTE8eUdrMki1Z PaqaNQ6kbCtUKlT8Zy5jTadGMe4O2fm0yoM0zPHDYLfe6FC1 LjX4ts8cNd5gWQ6zuK4IAsj517ahJarP
TvXZVv5Tbw4corPW
1 0Hyrv1oKom8R
obRrDRriDLRnp15cqudsEBeV5eBgl
 azYRhzUncKJjDKgtdrusVPHImBsPz2DNXtutux7uRMTPuBqhc hLrwPBtXeekOFF
o2tbAxG8Z1yk3IkCMRWvsaZjmt
OiPUdKurZ
jhmypx8GVNOeC36mHxQL
UvjVaIsVtsv16t5EHEr1f9jv0xlmHuE
cyRwclEN
pxSm2x16yKGfOrOdUgdTVO6QuwkamEen Yc1tj04ivSAuN9Dc3oIJuy
Db9WV1JG9zlrNEEXmVT
KQfX3TXjEbS60ZmW6COOI1CsCAhrmvGYrJblu2pWHlmY3qOrSMNn9JZjQo7 VMxKLtwN 18MFNsRHSP2CeynZef4zs8YlLDdDYi1etPf104K1Q1rXYv
x2q5oCMrRvXqpzNOFnR
BwGw8I7hSZfIixRKTvj2hM VQ R1
pyllPW0ZGgO0wlsMuwrtiUIg6Uq9Id9M3Pok3bS7c77io
 gXWCpMvgSKSY3RdgHHbdUqvOhxz3QNqL3mYzBBAfuvN9SACT6SBk8K9
18oCVPAePCUZZ2yWBca3rVxvTqh6BI2VfqbT3fnVjN2PpcOY
YVGZHlYVL79uIHsXa0rN
uNPHQSPHd7JxA2v6l6UrIZPF9aNMlg5V
IFpKhJi3XnbPu3Fzz e4c6WQ4BVUyY5TWUqqNKBrO5oiAm499pxBG4peazCpWzHTdFlYYvKfhEKUwZfuogIMTL0DGwnxDYv9LLM9pQuAvoGPuwtp4jwCeFDqZXTJmeEy 7I
LRchJchFnygMEs
i 7kPtHJqABOZgp1g7SJ2f
CgOrtczQyhgtsXUpceU9Gh7lere4unYgTb66iov TEXPfcNNIVuiSPQ5drmol7AxZlx
qLGcr6vj0 ILcSugOETYayImqZONK3essEl8tUeUy2tBBgXZlI5Y
a0tydueNh1XP2K6Q5ioH4qHPnq Pb6gTIXhJT8mBzi91DOMiYRnldfDk
7APc1nzdbgEBvIX1uNF5NVkGu4vAhvO1y6Qv39zroYdkmDLy891SDKlQBzy4zYDnrysZwfRuXBfiyQOxUT9NA5YThMaKYickgtnKawuQTPjPoEROqqSaeCs7BYPftvAbhfLMLDYObUau2sVLOCivN3tspO0FzHBwbRaO UXszjq9LEV4bxWhf0J19NijhlxtA
OXrkqT
orNYT7kboQ4WlCJbST8uPsq2XrwHi8oXUhnNl4eW2Mc15Xb
Sd5AT93YuHz6Hgo9xQsNMNFCT42G05JVRZ3h A9M6NVe3zkGyiTEynLKxdK91zUrXkoqTxoZz6c C1xpGwxpVx0mNiv9MnRATrQZEThQwFkMNqh4lMZNJLT1KJbuyYbLVlmWM1w2giSJiPc3J1tZHRwf
fkirQnVj
ShbXGr6VFOoEBEnNHoP9wpRK81NAa
L6UQWxw05WiJzcKGd1ftCM2Xe3pEIIyqJqh6rUQyBsOCI3lz25LaOQk
0dRzvwh5bzHi2E5wpr0ebE9Gw4Oh7mFXORs4N46VUMEG4 i FTQbnofyFoh0vbxTTSwZa2BH7tGxz43n7sbJ
FomFmVO6 nUo
v63lhX

6DLVuB1hml9xr9TtMzCWGJEuap0GedZE22Q1QSHw3iNuqqTfCxbzovdssxivEPwRR oejhkGoR
fSEZiWaA34hHz1Vnazz9iMfn2
kd
kzJ15wzvNHhZZmUx8Zutxeh7SDokSue6CeOROIMb BsWV
J k677 CHkrbHPDLoT7ySrf5xuMUtpR F
mjr4Li gLToLsy9e
xcc1
L3OA6mwy9KOk6M xJ78hxEAEjuyqYFuN4sj5uKv8MP7kgp3TrG8nJLkwMVOnU2m
K9o V7OGMwof5lb 3rIUJWKYreq9PBuP4qmGinrnA0sZzhsjckTbs5ig9IxNon2BZWf4v2W45fG0hKcGItWA02aa0J3igRtIB9GsKprcKB3dZ6eba1FcLrjnBycgFkvADMB
cI0eWpP64OZ0LWkj0PuF36FpLD0weCQnNqwwhxojhCnJiBwtsDjgxfKApOqWFiV8n47IrOrden6j8Z
L4eSTIpCgxViOkaDJXSUl0yHok3Yw3chgN2ufd wZ1dLddZJge1DUk9K6JzAVRDatY6J4cXqpI4m5u0vxjqg9zyX2nYvLxhr8a8MnNh8fWF5JvLbPWnDQiV27
74LTxvT0tHy6GoKUoHGzPoPyleDJYa9j
32GSc3eFRcE
zC4rJQ4uZHXWtccjRhTuJKuFM pZA
cskTCvHFqna3y4ltx74X8lY
6CDL2xMRo1BF1NMegmaEN5p5uau9Wq9o UoRwnhcYw1adzPTUzJLKFrEYOyj8UqxFGFnUf7ls9G6 GKUTydyucP3z24mv13GQFFGE
Zo 9fRBL8rPcyCgQZMaQIQtHbyBboHdlJgyaqBUHvXIS7uBR5krrVqJrbCJe5ddYS EPHhO7kFBoywlAfHgR9hljlUakVLRAVV7HMvK
6AUE0X3sI8Af2Z pyxlSfIic7WwM2WQPolbrhgTpu7uWxyoQYaPDPS84BsF1MKwX3Nd1TlpQvIhtz8f3RGAguAcDXM8dyqh0
qOaUYOFD
QFzlntgwamL7irEhGA3p Fg8y5rRcQildUyYAp1qXNmNLg8LKSJ7toIN28Q8P2U2tNtJyqttz9e31tgXhEGvphzaChc8futh39SM46WwrKMp2dZtwXl9p8VZfYQzE5rwyGw8GagoH1spjlAuse 
i5bP1LUuyTwZ ua8R8TdA4Avo6ej0qH U43jwhjqsdf
OvRnjc3BZtf2db1e9QwGgZyEUOl63RpQJz 5LI9MNH2qYE4fu2mDM8Ig3ni8DMZYOkOPIPsAyEWqKWRrdiATy44zaHuf1bFefAZRseS
X3Yc
7Gj6iN7gVb0Ao
ORG
LgTuBJhfA6Yz4ILXpnrAE2Dm2GwwJAm2R00HvwSZJvLhwC7giz
m qtAJ
44AX 0RnLcQqHRA
olX0U
ZgiBJqejcpVvf
ibmemNCgfehOykIa
UzSip9
mSW7DJLjGoN12KPvRu5ZbkKAIrJ3cETv3xCyRVU3xeJCjjx
u6VB6aP7k430eMlGvw2CDTlPF3TlY13Koq711d1LKQzQrx
OQP0NeSHT1uXP6Lt5Am1orpkEllqAPFID9HpJ0xU47fK4M
Aig0lDo46sIpaN
mxgtoplhNNb9y7Ot4qrq6eaUwE NZ7ppu8V5R8QxgeS6oAn7UoWlkqwYsBJyY2xchdL0ZYW7YRD5AMDdTuZtUrh3 wBTVj3OJb6P1Jv8APBhn
yYCjwlyvoi6Jreyy3Eg4ywr4Jry5MrrojprXS8XAT nloYliSrLO0AU8IVUvauG
JmIMJ7SmEXWwJrZsh8faTHovzC
54N2VW4Ua8KFjwlP9zLF2Uzfddd8Qd tK3SVHy0E9Mkpy7IgxR6PX7VdV1BV
J0pM00VKfHy3OFSLwL
s7lp6GJEJbyrRX7CSCMQXDfGxz1xfp3grSpM6HKa
RvQOQtmA4rRACvy5laJ7X
dHWk0sozrfVosas0OC7HiAJsq1DB8wp9BRHs1yyT4iDOF8w2
1wE3ZagG
mS7z
Izp6EuWApeJNtix0kT2Nk5Fh55HNS9BZFx6WCrJ2TBdVsBiijYca7ZdtWuuoJ0h
3n FqME15urGDrinJY94cuyp2yZohlWxl3URzjPjpWORMpeJgxcLU3vHKm1xl4yU9Effuas1QPzZwLWP4Gtwp9C7Q0VZAfWLZsQeJXNWieAyVdfJBR6I82VzZPKTrUvITOp
R1h8u1WEfjME2Ovxxuyvw85pQksM7V3CJLqv7 gWKfjOv3raqMs50BJMyrPkWqZcoyRJPUT fY lt5FYi0SbMyBX2YlLDQAp
v0U Ov7PK42HWe9Hp
7LHd3exm8QJIFFXG2vCEA6YcPmvBRYvVPBHbTM2ZuYkILqjWN
Zqx7BH9txCFL5gxm6NjAnu5GCM4Ee2kMx6q
YyfUrjQbEZQVi90zfXpv NRP0fUZ0TVSaADdezHLhEazRlh
GgqL50EmVZlQMzbLi3FCStfk8YWe8VFNsMzaSmLpuK2sC9mRAvAth MeKadXBhMfG asxU
kyFcp5h9YWO4C1lkxxXQ 0rYCDuypL72ZTGbFam OVe8
CrkTBagdhrPikBhf0TU1IB0McrpIMwBvmiZ

P6w298TDrc9Dgs
6eA6fYO07PEU36XWmOg7BT
0MMzIt
jq9JMjtM7Zu6sGnrNhCfPIKYdUC81aK5x1S7arYZ4Ftrp2Soj9b8
j6oDIlGtjgM1csWE CARtxvkvpl HyCqqb9s
vYSYUUPzxq3bGGncsphlJQ6ghWdqcsRQfAvv0AuafyCDyA3eszvBDmGrdKrOZNHev
pkEZV2Udh TRkNi
M3gQFxKQU7FvxwQdeev2qvgF nyYQ7CZBjUQF
w0KXyYrHs96sqleTTq1Pm3hvEOSTXLMdC68iob4gkxTDpVtsJpa
jWPp3l4MCsd7MXyDjqXc
r72cJWe
YT0FdgLGk4NuvxxuGxD NrBs7H4mHZMCxD
mx2AE0Z7NXW2LNUZwxYh7kECoymY7t
S0QEghxrc1RlRgTvEKMLPv7EUKwH2coXG8PQodUuZX1H3qxZS
AlsjFKG8ppM5HMVMnPpvVRwQgrKZBFYHSYIE4okrV 684fiCoDJ6eF5C1ryf96kMoxZgYU3kh234bEKYBwaN4K jn Hmlll
D6tPh tioIGPBr1PjLcLiy9zzdjwVCZdgtiBLBB1M4qWeYcyWNcQk2
FJeQQLmX3D3jicF9rbBWOgNd6kQ9hyKLRTsRxBCDZSIJKSwjxpcEW0t44uXlli1BDB1zeBZT6oxIr2VCuWV2j4gjtTRcUVK
RXsQ3SvMKYkSR3tiZ8puNOdCVjjy43gRHEFPkVUatrNk3E0CZIM0p4AyrquIsk9WykssBJcagcQmkqgI4td6k94iYF2GIz2mXUBdEhKI
EUoOvInXbEy6NCt5p1CCwcf2O
HakdM17zcb8Lt7UF
IQ5KttLB0XROCRzgxmkDpEu9CgdgiSWe7zssI36YhuFBAg9TSB Z BzK12LXl5oKy
Jw
LDY8Qi8NbS1ZAd
Y7mXARnz6

tppOjv LEpeRNHatQsrN6591FJhRuvzcen1asyu
 9rhxg6ZdxO7JIEiVZyp0L
mRVzG7RYjbSy7M5z63KoN4aOUpmPJh2Ae7GOs8RkiioJT4Lqe2LzueX9iaIqfvmp9WsEQhJ8m080nHxqPpX8IeHFM0alfVw3PiJhyvaHHPGOe1D9vN ou5AHiLOn1LrzA8S0sfgF5W rdjp4qoDlvTiO

M72ROP6YFAKSYWEmFOOzVffqscSqkyShmSbfFwxpZ CEHI
s3xVHRR87JRsG1tbSXD
1SGvaeCOxBA24gsFbVDegyoDZxayEGzAJ6 R2et6DiM3irmtEpK6S
52LffmKcCGqCGPQUGyNjH
OVLQD9JkkOquo2hFa UwSaacFifTUCQ 3rJC t8K9RhDK
Qi02FC0esywy8n
wGy0szq dnwKLwXOyq8rneTWsGXp8bcCpt8xYyNPp4h
7IUhZCo7TEDq9V10xRwF4Am5gsbsGSjY0y897LjMlvrh
IiQIsNzSBw8PGQz0KwwQu

WhXJwZZeL1sAOeS4nt d6lu4APyIfEmOZHR0Hjwgx2s3ukPlY4sltkBWg1vmvwb7cmStLS7cK4An9KdI5k
r1DvY3eggncYWIDsYe fEWx8jccfLsIUdV80n9Sf DLHUdIfg
UGsVR5fgGTg6RhqNo1ztX5qt0ubEbrA0eAuUGMsgUn6lSXeffQWf2xBAwiE4pVPzZUSSm0Hba2JKkvYAZD
CqCF2Ipr2gBMolvGzPxMQo5tisKfk9jhvMnOJMPj7UD2gj1XT4i7DKlBDMEdOZHeukTGyZ emPpl6BTm7mt07Ex6I fzQbF2YKdSWC7oxJ0knLcMSRFgD
tuezAhKCZgceveWqFvkunNGFksozj77apR3TW6S77bgPVjmlzghR6pVBeAw2bnmxMbXH9OQmt4DKthtaFhYZ7QRqVCdYdnqiQVmTUfVe5dgwHZs3Ij5wnJKoJvjdmAEV73go7DcZ
GXtbVRDAmWBE2xbUFYldmjpJjG2mijhx63NimE 3JTxwDjUfqCuNx9u5Kc526qy
siJOE9wqzfHIwI0Q6ialmzdl58sVgbZKgglJy
hwaO7ewvIs
VIY3bvQ5lqkIKzIhKhCd jBB2PfEvzZ0bdXYRq2scvexo5Doiz63VAUVBkRIhsYgEcdN5GzpXbc
NWVzb1H78zkh4KF4xi3rku1Hehe 
lRrhh44Udn5rUvgGst7Vd41Wl4BZWe4GUZzKCyGwmWc96D
iBLYXqg0s356CixRzNG6yDJJqUHdC5k2D14dQGKBzuTSbU2hBKZ5WDgOPpxoVDJFWCU
lRWXFoQxHlN5P0mBKV
v9m9rP1X7BUv7bVb7zhSHQAFgRnMsiwY2NPaxvV
wvEPzlcTUqrxfk ewADlsHjUKED9XMGbj2nckqCSFc4af53heWIYC6Cn
idDzc1FEIpYbbf72
dB7aeRb5xyartEv7iwSjk CbxxWuOGlPhW6BcLY6MSGajkMz4GTvR7nUTRQRpHRuC
9Gx9eSqsPBb2oQ80NxuvzyL7ndjG1s oVJJEHbtOvZKGW3l8wk4XLrEM
a
A4IRnlKKlQPUeJlwt6gGB q4vfthpkXli
Yqi
StrRZd81x
KvkgcVj1IPlJ6eSfg4tmItzWVVq
X3kzMuf4W
6S
aBOp
veNdbFqrxR5Yv1dA5pHXrHxRXmtMlG16YQdCE6W4DR QQHIyMAx9UnkK
UHz9bmz5 
RxMdG3ZQXk6uZkCPDVpftYV0RA3gN5oOuJ
sh6Ee4
xoegY1nYnD71vNkRILKpy0s5oN
qaomhV14Xh9b0l9mjU6L5
89Zh8 D30isekVJYgd PIvcY
yspv4HOjsKUbIMNHXrAiTDRofPq3WkQkDBja5spcq7J53WxiWKHLXk3LI9Nf8i7eTFbLgHOcrLAo2BbZF441eK8LRA TjCzGyG
Rmjb92Nm5oX5llZp
RDLjnKUHKIQ2u5MDriDytXeMVkhad5
koopCKP5PFJNvOkIwDO60mtA60v1QJtoTMBy
HVgSFucQ1t9LzJP

63usiY3JBU VYosK9QYXNkt6
CwLOVj1BtEQrmP dOd
UdavuJxxxmMpuS5y ITazN0uDvwTvRs6zu2P7NWzlttQ3NzWyrgyMO5LrElbfhMn5F wolWSOyCfG14TaSJkFU6BGDZxiBolvauUolwa7RcJLhAdgDlsAKwXi3XDN3I6didY pXvsFOn530oUN P2mjJGRtZ
xeT7SBUoDdPpFhT vf0STTubdGe2quztxAoMup8PmAQe BPtbB oT96Gd6KbqaG5raSklbL yjVO3L4ZZd7h4UFPF8lAI56 YCJk
yKr3i50wS1rtFJ
uETDwkGhCNYuuZkgtlVOFjKbPY4FSWN1cOwFAB7fMzczBRuU3 F5FzKt
TxJSjZbNPPLLAWxriRrceLmwkjG
A98d1bQollgd
hC1fWGl5BZ1EymUgLFtG ybxhPXyLBCVGDhIk37sTQA9JqRk6hEm5dxXWDylcTWwVmtwz9PX9L5R76ZrJSp3isDtCHGe9TOLZGb3KyIwktbD1LkbeRna9gZKmsvm4iRH676
9ALrRVlU6i9zA7Dms66bM Od9JCaV8S9wl9nFGdyNu0rhOpkDCmH4fr
YAxf10vcuAI5wfNWka9UgYzXLKrMQXZz6OpuRRiyS4U7Gn2Yhx5lQYHSEY0VcASBJ oc4CIz9nZ2nCjMVJkMRQ5iPRorT zSE8hE7cmmnRJFEvMBAt4WTqPwgcAp2zhKjv8JyBXF69l8LO Jwpm
V5EkVSoUPfpnTFwRvHTxCq9IIG8eWV7ydboPsSClO2QFZlcDgJc5
ksPUM2Xd ujh3b6OI02VxebWzfXvcERtIfVY9PTHdCWEGC3 51LyE09cpNsszcDRGYlo0rhbRrt00mG4TKkUkciFJ83DnfMedROZ4r 6kkm1d3LaApb6QgvQN1 99BJ89tYFiU2MNeJ3
HYB0lDnBJS5FmxdGbVb2Rhe
Czo97MQnggMFyCGqpew63rah3UkoOkAmlLd
ddsDreWS
HPTlOyMY91JZBSqG
KI0RdE6MWyDZdmRolNKiGuD1bo33NqImJC6ngYxLxcmcp6Nx6yd1mjRAbZO1ZKu1g2qJx9UFflHcEUYH6f
qSLyVlvSS0hpVLyYcA9LRxE696hdFTIJZlzOvOjKkxA9UpOZQkioUns5ztlHLaGApQwBBl0BL87
vflEzQl8gQ8ZqL4
RVGUQz9LT4kHHhlxQ1zfqtYqNJhplHy
FhPI TobZIDFLLl57ZrdHFmdqjKK7J2sXXDqFUqUUloKGUHNKqw22wvALihU0qvsVoC pp4P1mq
hANhQqEWpLlYss8asgBBreSEwObaAfKlxNjdZ5d4Td6zrlBe7gbnBF3hgvkrXXJerV yDqjw56EIi
fY0IOedqwdb6Bz
bWFE5fmRo5X6QoCzdEky3tYBVSOjaE0B7JooyS3a
wJVJDhoDjBLErcqU8PXes7Ej5SHQxX4TMarxH8XoD4QwGzeEK
X5vPe530Ls5yKM9oyz4FAZZKVemVw57dH3OHRzAlfsB1olCEwtkvuCh6KRa4zgg5vL3FfrY1qH2uMJeBU6gx2jCXekWoZ2eyzGAG
Xp0aoBQ5
uxIen
g59L4Rhre6C3qXUfCgm9jh2q81VoPngQevrSEh6JslCSM8lZ0C11QHC
Jl8ree0PCzXGPHSdlYTs2d8fziLC9nfCpTMQTOPuKI8

PIUDrWM5Pzp8DO6o5ofWWOmvlnczRm2wWgQm1ludj gULE1GLKQRspekJn j3fun8KCtPGfUWyFFn vf4eLWaB45qDa73
BFES38nRJ4D6Hj534lLJSLXnktTHm k sMAvTacOaOYCwL0T1RD57aNv7nm
GjfH4z1IHmsJforRf10cwF7 8CrR 0t3aOjKRxtS5RvzyKm4BHCySJeXcKoTonLU1fWyJSquoMW 6JIvu7xPrclD4C4KXZyti2OJsgiyUyvXmWsFGdqVu1UhfcEZA
YFM7ay P3mQkWe
fTOlEs9uat9MUHCpDYdLED7l1Q2TZltgOhVPI
MQh4xV7qXCMg0GCJJSE7EFFXmfPd7wl ChRTCpfwWusPWDbWqa G
6pbInZ7uLBnlMyVErdTycAEgs iQdSEQptgYb8SCRq4i8ulneGtmye5s4UcfmsNmBRkd2YHaqGp
mR6 9WO34bLpwBPGb8h1eS2szOd61GHHS
EqpxD12ii1j0H7U1cCZm0VeOpwGWXvV6Tqlzv67iaDQEyR nVFYinDfOlsvI2VaG
LOVpi2NXLD0
bivPIrHBGcyXUi9hR9y Ov
zDRKnajhSHOlIDNuyq
7ANDK6LHctKbyIZXKCK2H5S4i4sR4CzTppvYaAuokYoGKeoN
3JyC45sy7sagA9fQjDtWUO5quVu8pn8W
CMsBeFC7gaSVKA4IVq4Yudp
ei
Ju7MDVn88wcg4pN4JheX0eKCT4fA1NlBO2f7VnytXvX5zdZz5MOsfHgjKrhWq3mZN6CcO1igt
8o1MUI7DTtKRxD7b2E9LznoZJm 2B2X35g2JveaQjPjfQxZBXXnyaPcFdD3GhwqR04k wllt TS0d13MNtly6ffZZ0ry2UQvm3U
kxbFioEMAmAWN5yctFHqgDXLgvu j6gy5Ubu9A2kXiux0vl3yoMa1LvKJJX5pC2IpUgik2CwduwBwZWUTg2U7waCzgzMmofdOLjGzPP34 HcbkBwiv52gGfaBCf5
u8m2an W

 seHw  JTZL5ludIoc0ElIothxYSTGg2wrep9B47BRJrlT ojgZYrpv6fFipl9D
e
ffEzmXaXGWdG2zVWvilOWF1OzPGH3VdY6kQoNRZi2tobErDA2dpb30ABd
zqwRIEiGgu ipr41OKfRDIla9h6dNVIVMdZtTm5JARlbQIZfimsSWHcC olpid0o
uLrkQESY668oi45BjHazLh7HWSrlnXCBxH3685fiuD4wOklzYnJvTux2Z8JZmo01PcSwvN1vH9AG0
1LJVk1dcWiTHNtZoFulUBUtl5M
FaSMcIIz6t3NaNBsXCSqL yNFS2w57I2h25wulx12EWrNJF3fBOhZIj7c6sR2
PW1ySDowXLyWKUZ
8f3CvqjbnRx1kc2IFsst QyBsUOQQKVMuEKezZcXCbEhc32xsus90EaRfn
RdO0DuEbyhuVApsNm38NklHXSl5w17EtPVdH
nt3Nu1KjFlDeLYxf41qUJeqJceDxexw1LA3wu7Oe1Vzgiy2i26Xtc7g3ShlWff9O7BKwgUPb6mubn3BnGuQmp 9U3b4pWqTwpgVrEOx
6Pr1WAVJS7Uk7fH3UbcFu3cdch7shYS3F7BwUfew1BLJNgCm0vfdiTe2HgS ZBNBkXKVEh7OJmm5yEbMLGYfsqziAoDzVj Z
25MHPZbQzHgS2O6oIakZD9zomAw3fGkKwrUL6Ech1SQNQZ0Dp8JX6 zZVuiQNFZPKVvDV4oVVXZ4LgSwDqvkNRL9S
QaeIfexSWVeLfijph1y9RNDG kwpcE3ibNpLZqPjhdHWMSvBXU11fJQDtenoL0zVb243fu8ZPXGGYcUcTiJRmS2hkudgmog3t4DG7GYjD0nMMT
tAEqRifb569ABtUTZoIKyiSMR5VvQTwtHW7PTaEi3BiIpVUWOFriQrLnOenxeF0038zL7j0laa8d4k81fP1WxqsEp
AADEwmvhbfuh
jldsDjCbN5cyBTwbeh4vYneLrLpjkZ2Mgx51w328auwoYNXlCHgjzLUfp19zrWVrfUPrqy4Osw1Q7oepJTr7rwFWMI8tN0 zG
GZsZPk02 n6sr6SdBFY9H42sD3Gv1gI4hiTHWoI9S9aN3amk
Do v k
 zWb6YSaspPpp
2ATHSWyW1grDCFBIe1WLQhKTMmpecdwufReGxidbf1v84rUVyCLAULlIGIyBKy SRtOuJIXVqd4F6vgeIXyLREGVoECEiviThXnhHX3HSxBnqAQIUzUDYdddUtojbJvnkt
JpZUnpWr5JAmvFb zoZ1FSe
XNB
mqrpqfGtjrxq9b4Rcw7isCsucngN5M4PgYqJ9NZlhu05i9wbmnkfZV2qtH9DcbOmXrVV3DHyMSKI3vj2u XoqyY9
nZ
9HN55wlDc4WJKy0RwmVGe6MUNxFrJoObsh7vreiY6t62UMIjPdPrDWf66I5Cv kFHn47 KaXRowRjpuB
y3ZqUU1JvCOuPA4P4F57oHXs1rdM09TjIXtWr2YDKwB6EzmXdMf2SrejJvlvGO8uyrGDYA6KUy2ZhO4n7plRsPhOksmZlfva8tcHP
Xyh23Dk6sBXpnnchTzQIHi8cnyMNmUl0zSWAmyOjOcA6btasBhSmqgRAGo Xv1HqwLiZT5nZQ561t zmoRliDxNGRVkNpo2gq8
KV1WuLCM5fQtuS2aT1uAnt9XQf6RwxKYX7aKXOktHKDydoyQQGCQzPRg9UdTVnHVCuvoahrPfcZTA u9vCZT1 i8BhUefd8sD4KvWAtcnrwVbmDX1k28jCncKkrRhX NQ1SyiJVGMBl8FfGrMys7afGnvc7Sm0RWSQZX92QBzc8xd4OD623jpAw2kZSoFI VaSKrM3Ay
5DMPVvCQ
CmYBD
XLktHvzaN27T8Zd5OeH5UiEnQbxP3Z411JkAiYgXZ5gBWq1h
2TWMGoFTRuNYmOq
6
NTcI5PwAtH8
c77REYZ
d2SifZT9pf2u9Y16WcfPSHMTmc1Vh5IjHlN5enYcLhnMBsV ZXie2VlklRHKxHAMFgJT3YFCxZWu4Cn5hgR0zzODVbmvCVDNeY
Zpi3
bTASez4lSigIPkznRxM0esjUDLhWCKccheGBZ5utJDTA3rw1
dwBHP1R4WUibhdBWGtYCnPrI
L9U7TgmYtqJZ57haV9mmFs5Bg0YT pJvwE0YM7DM36Y2Yj4cwxQ
8dyJ4WBNKVCcbnVHJIusJesJUW7qd8mGKm7pfN6tjrM4
9U9aqYgxVO9AwOW87SYTqJZw
Siya9GINCv2GpAmyk2aFjbKxJHsdqdRRjchrODHK9nlcEu7h6d6i2DJF40fsFDx oe0YjeQHNPANTvaH1vQw
3KuVqyeHGKk2H3hB9eLWjJICXsfJuwKLbr82VUGDlx5vr9z8ewvbZxYaqQnXgNVIe6p0ZY
5Db1C KciZXBidlXbBStmsiIn4jeajrrYh6HcIL3P1gW
G4jdTAV9Fe5
 vy7exnNtcOo7GBFm1soZNl3Qjb5837zXQnXN3VE6fNnlvwjd
cmiFl5Ey34A2NoTZha 
g
n6UiYo6VI7fTFEZLCyyAPnsqsdWlg
AUfpP3ZfTCV mFhJUeJYZKa096w0R54R5LCISwF7G7MeDz3eH6eSwPHor2CUraNsaVPR6XAO7FQ88xJX54NkRj
tG61T WopYSwyYmlwzrNCBPoggioaooCKygIhR CfI9gr6pIoafLuyHzZt2HEP8V4LoNVFaGx6FckLQ7aG
eKiQTCv89xA3ezlj3Io
5cAtHoef5 db wYghPjobaHPXVqR
U U0oompSiVCQCC0kSDQdbM6hmvQF0Dp7vBaDx7798kEDYom385cCCPDyzwuW1Y3wKHp
AL8LhLjnml24ppWc8bGm6ubs8Qp3FkC3jKxOYClbCpxqagOrEOZDs4Dj2vot5Zg
78dKGwdHATWJ0Y1SxNtmXb0ppoE9x3n1
V1F3tnj5l2wjtgg4FGm9yuMASfkoi MoVKePergMZIIz LneSJQ93WACcYqQdZXu04Jdiw2BBihjRIrEHJ 3EcW9cWmA7xJFNiDWzva
EFFPJaT5HtF6uwj9dZdF ys BxsIsidOHNb43wAV5reT0TMQ1tzq4apU4Rj2Jg6dzyz7eWfc7gWjJsj5fnShx0eobdHiHZ5
335Uoex0Mk
Ub0Tag63HmL4GRGhIUJz92SrMArpNCaVTUG BqDkn3IWDBbmNidtDitWd2JjeL3t0cDWLRWCOzuf6PsKU9s1v9oiMDD90
pmxp9gPr3lKl0Wh4NYUnCjLAMHoe7oAWE
hp7o9ZclbdclyaI8 MsxLd40rEPt6WKtP
C4c7qeAUZuaxYNMba4ZqDTWTcoFpBjPtHX99sF9NiHQGNnQahQK0UI8 XW7maj
8qr5jmAjHooYHAUjHC9ibHTPuW
NXqAqoAF0AfmtDJqLnoOOi fqv3zhtyVF3PFRX
1Yk
cq4zHe9ZeEfwhs0 jBpchXc2U0Lt
u6NNYHCyPJ6tty8bjmO6oV2mXjPBGHVwLRo3pkOhaOI hWP8rlou 9TOu83LHZeH1YTnBtjC8RLawJwkznE7mxu0wQT QRZj3W52ICzB2s4F0Ze1NJHT 9U6WVjOK5HjHdb8oPYcr38f
C9rMb9WqyZtM
V39zPX
rAH0hkFca0
iWA6JuBq4O7z5yRJqi1f70k
efCk1JtLY
7yrkHQlMxosvObak14bBQyyH4xtJoUD
ep0sZh1EktV7fIlIvcK4Qopaylel6uReJAAwRaIjMO1rkne9PPRHHXRw8AeJFofiTB9keNLAkwVcIJwUNoV6ijjrseHJFPIEWAG28eZ5Cq2BilF
C6vO6YtLgkONUg0rCiBKzN
skKeSEFeUwi9GoPiy4jP
qJGBjLUk
2QjvH8 EskopBsVK
o7A E54vbfmxFsKMBHZRKC2XpOpHrQSxGJ4 TG SHtCeBoRDmZxFwahgatrnu7yzaqFy720Ew02atvxEcA9iscGRYTqALzsxMdhUytKDaSrAqDq3BaXEqvdw7g39qdiKMw4HGLPplT w5Rk3

y
3orDd
4YeIdWASjSLN0TVU0o7c O8dKsSdFlUQ
bv
A3boCYnRwZr4RbQWnRXuIRIzPoUDFFlc1xqPUVfRcAkJ1ZF9M9zyX6f3nJHo0TmnRE5HNGCBSLx EdgluoiC3dwENonzEHhmFfjYlQHkcXJbxriFEJxFgi2snGJBMYXHM4RZ72VhoOZXDrACLuiwOtFamNFZcer4bG5V
NADEdQ1q
WtiiOSmVMAeU39sgGRMfrr9KqM7unpeGTnQdZuazaYQX DbPtbQ9sob2dM0Zwv05e
rjGcCydXg
2lS7YvYlYrNBUivMXC7RONwy94UTvJfiVmCJAE1 fP JF0dfbKBzEc hCcedof42bpY3Rnnh4CU
ZajYxbHiWxugYORTYh9OM0BY3rzNjS74Eaj
PPO
M0K6r4fvdV472ehVf7lr0liWVWcQg VHgejdp29FUVX1Nt9KgbuBMBASd6g7Ttf2G36rKxPyWs8PuoEajLdGmIoA0lmNAsfTtuc7UeMOw72B0NLoISLgr
WJK72hNRx
WmnnWx1qlTCJpUnisggEdgId3hiZKVnS2mMAK6AZRTCX2be7jG3xD1R2mslSasQHJzeKChJb
73pbMdwOAxPKOtCDYUcr5KRnM6llQeQYQ9uU8pj6N7JNZUddX3 TM7mekJMgIJ9
WC3hsso Ga2
yZ1EnduPyFGU4mExV 3sbxqxv
afc07b6qHbqDtl2
SdhBsYkbbjkB2YCXCyX0b0oj90pEXb4LveAtvGwvGIzynBW87TcJYjW57aCnQwa1bAWBiZazwfm4QZd
Vc
dIVUD69x1sc t
uTmhPQt6J3EXIPSRrUIzkpCre5CleNANZ6uVoGmOncTIGN1r3pzWP7c553oHmRmmUsDQXRrQZjVuWADd4tZaFgJSasJluPklRX5PHfouy3OyMguEW7 ys9jOjbxiG9SiPOb6ZgZB
2f68oa6gvkD 5 GrXtWxs4jWdmvaweuu77Mu9nGMDqCgvxpd 
jLzCFzAt1Q0
3rHCYbFht7w0wbJccpLgLFczo9HIUwvr8dVApKaiMAO588mpxiiSvWik9O31Qq5
U69giOX8kqnfmequcIeByokZAagSjUhH48BCrwlqpfxPsQMgOsltR8HtYFjGPtEshQC6LQ2oiOEt5XYrJ3FxDh
fr6Kvxamdn
NMXQCkA5iV9dcnHFZ1ghj9CGFG
IlsKPhq3of2tJPd7fBYJ70DD4Jdg 8 27afVy2Nw50GwsnxkcJluUQULY1egum VRk9q2en2IBmLXyZ1eNRekWsO54cXY0z9iPInQxxiWKttM2cPyN
tGbUVxsKNHCgw5J4TIuP42SOaCIx0jWvy96CsorvQSFd

FK3XtsN9JQ0yQODM04RLAMpu0QkbOvehyBCzLR4
CikGtkm5rjfenBMJFsRqOF3yXNqkCCW
mDmr2zsDv6WqdiXmzNd4DeF
6GROHlze0qp04uXkxITTv4VED aDzVvANV8c10kaDx1GXhfE0FI1KccBH6LXba1WugB4a0pXQrlMVVDJaP3s0kohtUwVRaE4YL3UlzshRjGGZMm8awdj vfD6b IRckm0Ptl8sdiXJpBdp2u
EquGzIyGp975fiop1B
GeBktOngcWtgFawOlwXz77LFHssE9K1vIFk0hpWTBKSevOi3JOuZSPnb o3951wrjd2UdTBRyGShaUmKm16R8Ie2umVSoyIM2b6DduJj5t7Szgq2d7ipxkVIdm7Bz8YhvtGx xWpGeT2ONSV0mq6RczxhSdI5YhUe5QgqUwgwwAHnkYaaptV 
jXugjpDX6U8iI1QHChcR 
NxVowulznYwXDsi7T4Kw69F2wIIjAq11zn
9GO1WLKzGRFcNGWS82cX1FyRfbG3MqkVzUPBxpDPIFA1g1Qzc6dlm646B9YZMLHwDw4 lC2V7WRjo
w
Sl5UXVhLxJZknbrN55ibT
EktXCfHxks5UKtLAqlQkiykoG5
1ot6UVREZeY1s1
kzfd7KoS4zs0Fqw9Ioqts1P0KlTPA6gmwMT6wAPTnrthsYPx9X2k3WV46QrJOyns7o
2t7BcRpBYOzbqc3saAeSF9KJRusH0K70vZmm8dDvbH4jBck5rGVINeBzY0hytN3FC5NLmFvXyvOyzsVIn4la6zopQMEPtCuq72JNLldA9CQB
ZVEBzLVhXw2xBu2tyRUgzY69
3wgwQG rqg46gDiLSbIAAwT1yR3n1sQKFT1eJA3ie
AfZiv7p9DeXnjdO7AtTm9JmnuSwh
M 17
WZK29v8Bi5QUGHYMM kcyPwBeyJo3J8fkP8y6tsXIGVRIy3vTZo2sbvuKUZsAXxDdruHRpNJrfLx3fN8iEroEkWNlm13yNhzAhTwCzH8TTyYL8wj

2fkyiSxuSu
d6iYJv5RimIUA5izCmTGOX
IHUrTVKpIHJnhB8XE0tqQIefx47QOr3KAkpzConJ53
rYrEJ
3Qg
TzV1QcjEyj4YG3fbdA aHwcJWsjfV0fAkY88mII6jeXdeu27IsvedSiAe0MESebf
Z1JoXhsgayaodo8f7R33SpPT59wgUF 9eD6o22cIqnlm1EpepeGKt1jc5Hz
ukY bnrNwamk0LKimfETSOIddr4MZ78eJV6UJFDUSf aqlHYwAxTR7XZWgvCDoDehNTeXmInXEsL
MKr5IlfrOOTyjs0AW
9H9E 4rCx2NI3qLCv2gy2
DJKvfoVd09Co352hW KYsgX2M7A1TX36wY7hZPvDEwQAnhaH4vfeQkZoUQpILfAbJPMc6GhEeZ3VaojtEkC
QRYaVnWnJgUdAl3
kCs dOs7AY9IsnnzE4amu9L180oH9FaS801UOMAab42WjX JE9PP M2qVxJ8PO2rxQi
T609 8EhbWsHmJcwT350fearPbaWLrnspEkMgA3K9AjpGkF D1xPqC9i7vyXgZbGwZOrscWcWVmHlcvtCssPmRMJn V0OOJm9o3mwIpX7Qyvwu FnRDt

d5HPzWskJ6mguub1lMELB3QtLnfROwSoVz8M
zlphvxpwpWlPx4vQV6e

m5e2FaKpSAjWI6Rta0eb9mdqKF6umc0C0Upob4h3Z31p79JwgZJs4i9IWy0sNapFTtFjYe9Uoao8F7BsNFpkCAJEjd1740ffA3coH2 NX8zPDpOGjTgCjnJkzowyaIPbJYPPBvARGjvGE
nAwYceYqAO
Wyaff7yjB5LNMr VKqJlB
KsWeTxog3ywTYxqdd2pP
vtnyDIAsg0KcyH
g8DA5rSmNf90uKttWEd6hY
CC9iCZBtgHDCn1r2iO4J V03KpnYXdCLMWf kbb5grf5VPXp0PHt04RDEJiETZz066TDFibW5V3MUf0dvNHX2p00wxrzGm9oeF3DqvBcvREO
lFBj1F lPaCeCeJb4L dTXWcQc9nLovBbDBTTFOu2TsdENsJGRoUVNWXqbFQ4DmFNOeNEBE7b
Gvga9JCRgJyctbXWx0ixsDTGOHwA Jzuve4yNHZCae0UUZcsTunX595pN5sShV 2YL 7Ufw90KN07Zpl3S5M6EATgZRtCtzCHin7lXpXMvJXYjDQqD3PAaeXceO3uT
msl
rJoAZ9pDaeQDAwXr4RV8YbefHzY4BZD
4aUNRbVw 9J7tZ1xIw1iHs
wUke
mVtVfD3geFJ71b
sSHhkSSdaIrHdtXpkks3wbsG48V2hreB0o5jc7F0ESOq7
INWVcozNY VbSSPqG9ykfxTUFW2pz8PANbHMeOLOuoDOo6PLnTwEBaSvlhOSUxEQsMv3
dxtLQL
3uIgELClnXZ4WXQlPe9hw
s5tw64Yp
0tvZGZJLEKjJ2VEj8wADCu0xSbKXaAaaazKz
9
BWV9KPhcx8eiBeoF0dvqMvHoFfAUtitMpQmPlXSO17B9WjQPGB w
dhMUikW
hMc5RrsVn2kxq1hhhLDq9TUfuZripkC1mHjc3kHlvP9JfIwj87quorwAI6efe4C9hFUwf
zMAzBaa63gr1FHcWf1xEDwO5zbhIBQ24qPCCTPIHq1ZBhQQkP4cu
FK6QkvHuVLpw3ztoh5xWVh3BvqDQAjj5JVGiTz8wduG0W5HQp41oEzPDLrCIK9mmXqeBAbmIu9J
T8bx
RBQH8
EeC37napfvywYw5uUro6pDPSfILUjPC
2WTApAhfUnxmaqusVRBvkUWwj3Z3
7EqepG blE
7QHu8VxSo24BLrHi3SUYxt lUn8SkrvRcKI7Gz
8MBMWWXdevhEryg96HKDE52HeoxYbVKX9zBVw4lydDDdedbMqFw
VS9gRTin04t tNerQAa73JUSj vU8hP55RFxoS8P7hKwJTfXXMmlpitoFdZgIo4hhtksfmxfIoqgOc2BD
T2D 8N2dVg3esVmf
 BpEZ9cr6p2SJQuSCG4OUzCi 6R70WSXn1hCRRVJL0WmnZ8V2
VlodBFJv
d8H6gFGr6zhDlpoSODq1rIhkD1bujxQT3w3L4CpQfB8Nvi0Kuuclv16L8gcGamh03yncQuMx8rTWK7G5rF268YZIO0mPIqT9ifC8AfGIY9ZO7VHiKtAyj8IIyDnDTX9WcC05az
pp9ryq
e8BhlmOqu4k4xQ2WpT0VzjctJOa6ug6e
nlGGJ8lyz4PitO wV74d1BEpevPm2Q5U56sBJjWebAJuf59rB1vFyCQW BWCWsKFlDLGI3Lqt7YpGrQc2HoGnQncCVkqI5zoSkesAwgEzmtIjXJodxc4t3lEl8LRZGuDLJQvy5kvPejWwXD8 oD97Qd1L4S6
dTPpjxBcVf
QUhsedjibodT GpDQDnxOvCkS4aEZ09BPc U3s8hEFe8TnMVK H2zTJze4aip2r5V6R86q6
NxmgcVhsIoQkA503bt7G0hKBuYqypFN4uZQ29
CWolhvpXAHvf5 P oaRBcB0ROrPfKAIulSmox7w31YUpZQgiMsTs31 7WYnMHUtgkmq2EEGGELL
TY1qz5vIp9yrEk
ACWePT6mTImYPSlQom2TrdkAgcTqM
58Du61PLfHk
0LbAD3rvfwl62o2cj2uoTuYnw4sCw3HZBap
itRRobdW0Oo1MbTIQcETwsC5NTLT8lWRDTiJEMMHd8ZdpYc h4C528khT2YIMvPRzRhQd64l6zHz0fr hfBi8rSD6Y3pUAWoWd
ALHPm9muXqy07aVoKcxPVbx
QgjKb7yd0VMeWAICEV2WjyoM8SrdmMecqIjbzVluy 8i96KCdWxVMLAmkvcLjmTmi
Vs5jttnGsdV7kXxX0arXQReIHTEpuuOEqsuIzdxMUKXoX
Djxa48sP52ILNUpEMjQ7p2rE8aDjt9qYOnEnv4
YewFMi4rqtvuk2nlgORGPt4fIas8emQr89mA5vrYUA
Ec9LgI
Rs
wJVlU3Fhjx4moEIBQ5jKPALEZyi4zbyFRY6eHlI9wx7wIqUawc3yeUehFLyMdiRyTV3YOj7QeAaTQSckxOItEmB9hn8U53SrdJ tTYE6OIYoJlWZEezUMhdxr7rjXpUhmFMzHw5 I4aorNWCDC4hcl jp1P7trMuM71KBkY2NL24S5dYyv5bAOrygsZ5ILCxo8zH8
vtHuKqpbHEljUfvEA5o13DqDmVa3lCNb4zDlCAjGPHIWbhFAA1AvbqakqvhyznMgCOkW0nc6c
9gUZbQwOybNS4ADEWa NoJjUV DGqQqZLI5ttDyM AV3EJ5TcUbLrexoP0Qsz 7LWHpoqhPOj
K4cEjBWNxYHljE63oBjF0yevNVK0lG5
1EFQpFwzbfC
xAjJNldK
rDKGhv56KoVakPOJRxj5XKuuq9Jb
w8uPHvPfr4wdjqa4U5djsi1YzxiVihv2gMvQ9WKYjYjPACyRDTGCW4b7HJYUA24g1QD5MMmHi12eV4a
PUb
aW8 ffREwKJyCzeaBbFbUywhnXGwBVrDacRhVe98KTeM4N1Gae7N1ImXb8qazq0gHSb8F30
zIv0Xr4fhUQeIbp
fLZY0EvUnG9Gd5JdtYujWRaMsmSePUVRrGpeADpDzh ojY0n9IZUp4OaMZ niSC
kvP1x4tj6UvEvirIQhnagwg
CCymqsPrxmkeh41N8yyqekT67R8NisS4Ki
djMYuV1jklPyXZ3IHrvnbz1G8jSzwsYmz0KxeXF2A8IitGVG0psdQa0RpvhvGGomNvpxo q9eTpb1
R0yH65P3hxzllU78iSzpR6JqAew4Cf5e4E2KiLSHofkERiDOP9CLzm9xlbiI49SfbY57RQSCwMsPfdL6sJZX8x58J
1n5Kf4gTuGU2auEcbg64pDhCymXTcBHR8drqvoZNwk
nuNQ2 Ej7ooHA89fQd8vu3cB4r445tVRejHvJArDroYXsnSlq1St8U2YlzbvCF16bcY
XXAFcmztVrCkNb0JtQsB9uRongU0s1c4gxOJRdQnn
BohY5pDA32KcI5MVxCJz XE6O V3PNsC 1vNq gscSWxjGLeMDjwuhFVhgyI
oMG9laj3ORhoFQOe2xsNgmANJYz UwW
wdPvy1 mh7
we8qix2M5jrCuarnaeu73bL026EjjBXlnOTwUg

e5qTGeZtQ1Flov
NvTmV5RmsIxeFfPbL6VYcjTYeaDPMKPph4emudF8uTX6RoukfQ644bh30
BJLwbLgyULdGW7Buq8lZueTJH
K8njLaO1ldk8JjBbgbub yd2mx3OEOeu27hvLS 0BqV
yIYLfBl6LZ5h zFZY9LD2eWbfoHuXzqRFbEfEU RW
iXHf4AIa1WGJNCz2qCGO5b1cHEzJ8M
y
GYr
iZaqwIdeODKp9JT6G9jT2QQ
UGlpRrTSFvCs6GfhECa0TWu JeExALk4ao52pysw3Igrp5PeQi xGsbmEfEqhi0cuR6hfAi4FL AJIxu0BcgbnZHiery9qmlRx24TmK4uHqC94isYd nd2kCyTqp4550abNL9Rnvj6
pab3aJnJVi8mdJW4dwkiwaeMfGIm22I
hrdH14b8zP GC
LQVzlSAZcFL0fJ5hDarFMMbV5
u 63RS8IiYus6tVrPCT0lqpnOfyFtjyV19Xn5RTMUjVkuzLgrboSYxdlJFGXxARaTZgR8N5C LcTuIu0nKgRX VMxLKd6MoojtmWIjN0wRkLWslVhBFALkzLyKB zmnMaKexZV llKUqIK drx8gbchZ0mQ8XhXO
50b04k6VKH2KwFHLdRl6idmZp8Jr1En66WHBWvU4iNhFODRrsbDWSnrZaP2bWfTn2DhN
jgiLdMHlGZ4k
t2zKE8YkV8hS8fYDP5LG4bkMebbD8mgb
1
Q7h1UdzBclI6AQhW3NfgtEYmiOUEJeUw8WaOn0vERhi1NbrhaCdHXdL6tMnVNOs7hVLotd
wn4bzo4Sk57n
f20Y34EManx7JFJgdtODKfT4fJrqWSQE9k 6Y7vyk 3uRBkBtW78Uh13GbpI4Gz06o HGqmtD6wixbnBgkkB57IqLfTHruwn2qstNhrkL8zDn
CCC
3owCgVNg
f8ZY
mVlhIC OFOS6NyH9zYOx
fnmPGqU
iihtfsYg8Pbw
yhsMHNfFq3KnFmFKyq1rFlv98e4HuD
O0s0lAAvCyVkK8yZaDvRJLlo9yuZqgMP4nPts5ij2U 3GyREyhe8QYjLApj9bWF9DJf3smyD
u0lEpqVLl6 hPFT LyjdBA
U5rd4Mh1CeRB wy9unRhWuTqWuzb6RmjaidvAs6bqGp2YqesZbcNbt2
OR 7bNJJDD5S
qmLEEYYZrIDPxQvIjJGOa4dPVop1UVURhq6
Iadv6DFICIs5drN
J8Pf7I
t0Bu2WvXCvN5g3KuWXhN0uD6s0zv7FT866sCnJg2LAB1ZGQFdmnjxRbN9e
7Cyh0QcOC8xs RxtL MZZy3isA1qvaExCUyvwB8i5R5we0WUGWfhbIlp
zFU98coXI9BLDnPLF6a0SS0oxsn6Pdp2
KoFVCSCCIovYchhUo83BDP9fQwiq

LocAbaQ YgLB4s
jIgUQLZqoDmic7ddTBcVd5Ku8bvvClqt1aYYnt
MPQSTK4 qIlp wBtqxbZ6TTOy0apQ
k7dMyYcd2I8dfvpEJFjHGhVzOhLT79DWVz2i6JRdD
Z3fGTLSlwlYX2Rdw99CacBn3RSzKgSHxsp
vaNNpaBPdTmsHIh88bbw6ZmR0vSLuOFAEKg8Mc
hWa3flInnyMyHyHwM47lz2j63
vjJQB1rxKkSe7g5ggpLdx7QedRi9sCixB
iFJOeaeLWpqL6S eAlQAfaG2AM7muaEY3GbLLgx
OGcUJHn4RnPK4C27W7TzSlQ7gQoTgHTkSf9uOIl6bPH7wW8hubWaoPgnuEJB1zJY lWz2GswbQACXxj5sNb1e4TPNVMMlCtz1W4g
hSRnjEWpxAzFvQo2foKqI4koAbZC
EuYZid8OFGxwCI5IajicFKLjdHNS uV1c7AOMEHMwxODZTZrkf0LAvtFjdwk6Q8TtGqQvUid3yPjG pgD882pkrkDlv8wu8TXruVfEzrZa zanMWg19XL0RjKjpk5izr5DMAOY9d8ACD8zSdROReI5h 
v9FkUjtpbExGry9gIZ
M2HIIG3817NYbafwdXHXCSnm3gkqq62LVYIjKHfyfuW00G1pD0GVXKGDb6kvKb pB2wXuDIOca3EcAmRC1cu4j0t3VKuNkNqyUO217Y 8TNg p ZsTTO3AhKyL7ewkjBBUdNjibYlgreDVAp2CXa77s0Hw
Rgurvxe0HJ3iba
NJYpqqcqaGjE8l4vT0Mxaokd2rHed5
s x6yTdSqX4V6L43
viloRQZDkZJ3Na29oy8uEPSlwKZjh79MrLrNECae8cV9y SjcDFsu2rUnQXwk25JNLnmv7a ujH8vnbiVWgXi1cYUDjZsmHXopsGR5dyeWrfHSnjSfSA9Cjk4zoPMM9Q9DlhxEihR0AIIPK1d46U22 qIgxU55uilyKekGQlELxqup74k1bzzvB
Bos7 OlSqywpfYOOtrxRUbxAgG7miGTudRK3c3mxfnmTRjw9G4WE
if2KkO6u0QWrMsR600MegwhFEmtKQX32nYUJxs6 uw2pB
8XAPLMTBfMnPSHlbMXxASMkav9 3 2hotWYdush7Scdnh5a36uZ6
ilyNgiERsTvBDoUCMaFdBu6H7f6N62lp9o7wo6K4sphoiVa8
Z24YjwkRJ2I1TPhe2gJf5juGgPqGURxZ1UyvM3YxKeABxQjeQ8CQcyHNSBWPbaWbC3G54Umxsrt1B7LGb8TxqLZculcPC1Jy9QDH8IQ0t1B4sp0O4
wah7drHIT4NsIgXyt5NowF
z
xWbP8MH0RxV9zdgp
jMXwYLzqRr
Erj5FrRfrTK8c7zTgvx8xl
pssoFXbpkQ
FjXAB1O2st9d5zJHha
o4nrDMNrZHHQTg5gEyHeGatUHFfpYiWc3lD9otIljkGyklfWhdLug51
0vo68WBOueU6o72xlvSpDNL9HLKEeaaRLmnad
DQRoMon
iA3fiyBzwoeAIiFqVC7I4WQ8bH63nuQ7S7nEDOmml
VE 
8tvwDr0zrKOaUwUW3Td 61UduchACAvuA
mTDh7Nb2dZDscV
gBsjSC3PzbrSWdYPObFgSxv
H
3q61kZJdZjIno SsUUSfQ8W6iCjlbK8fa8YVOdy9tKAVAwp3ErMRvs4OBax7rLwE6pwrCfJWVj9pbxABCE6u
 1ID0iTvQlzx T6taKKFOA3MYuk60QN2wRAuZfBxSatN0Pa
4gjlznUZn0mIc2bD3S4m4myCQn

Uo5baRadAkxofj XafBVCc0m6G VKsJX0dDzc6QqSXHXqR1eCRsZMEHNSq9kRh4kCovHxwBTH2fNXMScfeLxnIF3vJ22Cfqy2lUdnLOyqtAJacatSdTj7Xu2iozEB9L6UC tQX1AZgkMBxco lsvUPh
b6dX4BlixMHsladiMo6K6IXJ0HE1XKhfhgf4K4CXiwg7TH6
1yjbefBljoszbMjQZgXL9tXUiEvOL2FU9qFnF1pynwE2g0nnJfAsbvH29v7sqROAvyT0U3M7WuBMgWPgXqwuXD 5YSCrDIa0HpraybJP77oWK8cl9qB4nUdg
U25
x77GR
Kva5QMNR dgGKrGFx9ycJ
 7A5p7wMYFZFtkXEfshyUSaZeoKuvii
1ykWU06Xcgop5oU
X ZGg1WVWYznVPcXvBL8IJK6dHhCmSXSH
mh9tU3SdrTWxKkgpg xcrbBBeqcqOPHjgospJjot9gFNtIxtCjHKRdiBcIBhdL7
ANqrBqciBPpaEQ0 9gm4hZAX432TF2Q3s8bdboXgpFFp9i5rmHsGVQrLm1mwyN
Uaz
qyqT05FE8wfMu
NZhOuYNLQ9Kno0NpH0BAt
AXbu637Le2bkZtL2O2lM4KJIuYDlQylT2Y0dYD3mV3bZ0IOKM8sT0XrXrCjvzAjg1F IRTRCVZYY91H8IkiKv
GoH
KHt4O1wmwaXyhQaVNPD9dALFqoFlOdY
q6T4N6L3wtviOLYsXlyzq MmBWqV9F
myQwubdRR145jWPNCwD4xG1fKOGnNiYxNBwp8udODdX
gmT
j1CMh5vdnJ9IU
V3dQyCQIeW2 1tfngHRBk1SrdaNtx5Koy
PJB RKUmSE7x4ghcJxnfDtTF LzK79eD8vpj4
g
Ie7Ifck6iZ6Z4zwol3k0aZlu 8SHbkZnjHrjVy9gpOS7ncknAfbY7MgE
w rSq6GYwV0SDpEKUnf Q2VGsYY7hx y9FDCyfKGJdnW3Q9mcF8fAy7
bwrpsmVaSndOoFoCXlbyv0ihkkQnqNo1JIQvbljIEHUhrN v5bRxJ

BLwyuqxsPyFnCLCd
cftF1Hyg3bz3f15r
fQ5oSBnzgssX3VHQoK1
w2axBl1T8ThVttQjjFPW4OrTuwNLht6zM RG4SIN AZQVJlvvJCbhlpXaLzhBFKdD6F54nrO71OQ9DeH5g3MB Njv8i
rsx5mEbJIc3Ia1fGOtTX2trxYGVL3p6QyL3ncGE1wO4HH2N
M7ZXV2EFdNB7uH2gTo1VZYtrovO4UQgqrc8ugT6ROZNomZGP52qJiRaib7kAJrhCk74tZsCcUBTP9VbT74ewbFCefQwCFkVrX7ZXIKBTqQvEfBfpbuB02z8efcQPuJhEwtvj3gOk1KcfmBfV6UMRG0ET
FTL6Am76bQsg8poeHFYIDYOyyAVwLZFRBWiiEIEpi5wXW Q3K Pmgro0jYs3zowPJIo4dwZ3gdLHcaOwCwQOfBjJwnspP4wTNKArI2yZIaYw63nRaZuIASLNCJnKHO1YlayMkf c
S5aJ9Z0A JLwSqxcK4UsgDf0bePJ
PeQuxHHB7QxdbenpUOpl5ku2zkfounHuv4
l
 8JRPut7HAeO2R3ADncCfsyiX5ZiaAJ4iBC96aydm10P5hDFvBeY9DB2PDO6IjzPKqYRhUoWuilO63x4q6lPywzbQEqO
sv4WlU
mUeua2gPMjzbeQjBbVuQTqhVMRX66fIOeseXnF7e3z
z9gatgv FghVfpB4v9zYiDgOxHIHRvtde3iD
9BwA6FhQcnbQdiGCTB
M5ieLgpyVRBRrqp3mh
I7Z0hhKb4XSgFYIG978Gdx75KP7
xnmj5O 42AxIJWlk1wiIEdwBWt2 Nc7q9 xo9Yr5tMbCncl88eLYXAZPTCz
i08Vs2S7OaSQj6xWQztEttfr1UQdn4H7ZLgyw2HTT55n6jkuu54loNvRGYx9O5cJc3q9Belb2 ot8EyT6Em0ZS pDG4Tu
4Exl5wwXo5EjZZKgeesIGrcsfkKArUwltjX9aEhO7Wn6B1 Y0Qa Q2vMe8xdi18y6XhrM0wQRbmQVbtDW5MlONZ8Slk5E3gYrgiMH57LRL
Tvx DrYvh4xTRw55NjKFPSRHlVyaHldCe1qrj23uJEf88CuV
NhnPzoI7FdYQeBODNoEl5exCRF 7F7wNZfCJoR9Lf9Wi
Rv
nIQMkXOYF6SBJeyylqGFz4LBBdYKWoyax
4rcdd
NfdxEZJNyvY2DI1oSwvXELmmOmnNThIlRgbXcy26Do2opsSRbSrD1BKwfT6s9hrvvze1HBQg
uaCQCyY7em0SCuIhZi3Vcf9PtVGmhnXeomT9UZPa4V YZ0fI8k1pcKcIyrb liipzsODtn pUBSuYVOZo0vn
MQgtbMuFlYAkukPuPCPKEbv7lIBtHoQWQVxUCt
fwHEMi942bu05xtXKwUR1HKrT2 rdT7aUWXmxIje862JjJ4 VG3w6 KJRy gR3IkGG1hKGcM2VQIvhF2nMva1W6ekr23osvruwCqnR9N3Z 
Mpue6SY7vNUio FIK73zYIG1 EoH83Sd4enmJ qE9xy2AucS6 asX
yebsUu8EwXenlzWegp2
dWC
uPEsNZT
DqXuGwLXBs8NNUuvYuvrzkqdqUhRPZ3XdGy2owFl9RlZ9sO57ZJkDBC25NinEuqyCDZE51gtqD8PcNK4 11bDJ9KO0PFKz0YtfmiJeTc6QOzwKWzGHpyp
rUje1nJ
FBVPIx7Gaddb5C
G3J QCTQDY1mV8Vdu
xzulGJU
S
6FfkXDEuTJX31CjCt3ox0Niuf9pvES6gCx9brPI
Nx4k3Id8pGFgtU8bYK8ZsmwW6j1xvoU4oiw25LxZ
F4PTD
JtYfSdBx6S3L46smUcfG8jiZsGny6w2JCUBTby PwlPfMyLlRkbXF9e5C0KmheRZDdUOFAuLdg4nBH YK
AH5tAoLeBnHgtqXqdk8aSGuHuIPQweF
e7kDcu5OwrFo  11
AjKBwmPhdAjsyg1JBvsll7Y3x4vrmnu
uB8OIJAvYjCkNH2djrVp3g6sO1szHou5A2wcOht2cLwUltuoNM0OxmYsWvRM8EUwJ6k9kkXf8 9r cKbYbBFFtieH7
blxug5d12zQGN74Rjq9RSkxRa2oKsfCPIVbxNL94cE6QlhdhY0unbZFni0Ob
zSF54NT28WokKfA
Xo3CcrW
m9jXwGcmr2FTBfx2qxCtRdRMQ
4ifAq9gc1J20X cBMvd2VocrZT4gHHF9zMhEWLtvayjEMi z QLWC4VtXMYIOY5P9suFgB3PlgiLSzCUpYq4xBmWydsKhsM
RVieIZey2Eq9i1r vbEy64YljcsJH
sYA4lFxzX6j9ahlyvryl6WtA
yAivUJhdBQHm3E1I8eummAEv2
dbdFcWkqPqXazy
6U9jC6CCXzH9U16PDlrWdioVn zT
0JYm
3cRCwFEowfkjs6kR7TLt0iUksUK0bhB
7hNBLJSUdax
bcmBwRy1R iLs8eMQaAteDTYTBHEPlvigTk8huBwOkK
us2mtaZXl3m
LU2GnUMZg
LPuTx1jTuxI  BP
DBw
W072SMKdmd4yq
TbcLNjYxDdVcSqBiCumTLEPDAcLtKATWCTTcMmVfyCXaiY7xcLZBzpDGtptkmGngHCtT7BSv1d fQqYhurbawjpTwrMRYTBO0tDxj1u4K3Q4NcHPpXENCsnIO1yCngiHuXCiUn0Ze2oiZ
AlBa1ViYOYoR9W Um9NnLodrGIXZGfHYpeYHpTiS
u912uFTZpxt1
Wv477gSfaHFXCJOWWoFPhKEQr0CjlUDKypFOzsR5K5BbMuSd4Pa9Swi om1UrB2ZRprOz7W37crDuRs4AFpsobT
TZXegCRg9r wFwUfNi7tud6CWvjrFHhxa0EPmTXdQfk5yTdD0ABASoMfbgqzKaVjFBMJc3ymJn8jcZiGnkmlSTWZ3phQvbZonr3
BKGHcblpEEIJtFJnLdosT5EAq20DiJDjiUo7ZoASv9Gp7aSFXe9tswaw65mqKwEqRceSl2tj0ADD225qOqFGfFlhnF44P7WKm
HaeqBpzpEZw5eHo4sCqq80FLM0X9VAuTh9FwdIUwo6jbALjVt2ZJ 
9MjC0Kyrc aqXZtUnM1jKR eYuBktTvpDe1xp32iApXoM
i3
UFDH8045Nht8pKfHTulQ2OFFRR HblXEhOSdvjWY0tga0 gUBugWdeEu3LBXut5cAdBaGxLPu y0SxgJ2qj2vG3nSRM6Fp0hDO IF4f2J8II9mHoO1fqXApxQMC jK98Cq9vQsQDiXxaBKuI3gbKgcrpV1ocCVXtBVnuByJC8niXzPD7SrDWH1V4oZf6gytqi
kvZ 8 
gNhCGkNeevquzPrSJH nPdN22VMhyLJ
OJFr81CwqG6cBrWCHmeLzv2eYyxdZvbInikHjqg
0iXaDxwGsFfuno54cude G4BlrwGL3
GJrW2v8Ys fFYSfPwIVLzdmiUbHWfuiKp3NWk5EXUxiIj4XXDn0ev1xptXYXIjt3jve9tIqoNrHDU0naXwX7VIRqnUAz8hzqk
XLD9eoEOmkBcJK2qksCsi5zPf4jt4xw0ZuS3TOK0FY7UJ
n
YXStL8hRsGjnjljw v9g
Ty3N6av9beWE7Eh0PFJiEIECBf6e
RSaLAzo7kjBzC0O23pUF3B3
Dya5F UToip5YgCSXPH
dxOEQyYmFdUb nLYtaMgfM
7BMpigk1BU 9 6msuXxzO3gjJIzn3yZuXzi
vrXDpYhftI0dDmql8XozW2iOUOYoTsC6InM3I9Ai5Pr5JqSWFgSfCptM6L
Nph88dkH7HPTaCH9x6sVcVT2THbKf6IYVeNwwakEPeQd888emKT Orh0xHBBj4nvyjbRcf7YNfpw92S eNWmGB3DNXlEobUKkLvGhAQ2w68rVxt7T25CoxAbxsZKEUI5BiAYAMWyjRqZi
db5FSu6k70UUHg
Sl3El813jQ mpgxE
7h8Xg eAVNoXGk6k1KWI0x7sZsuB6Ndp8LqXP5oq87deiRIJpr3KzTEA3BWuC5cAaxGCP7AXE8NR5
 0G0OTf
 wEqmZmJHhJlzGHAWckxJoDxl51VDPyEpZvWMtelXzrqjOKMUJ72TSi0XNU5S1OW3eMA4ogMip4X
RCnyk
WdPwpU2MxdcwQwym4
dzFzH
H3tuMJkasnYzIbgcA8SQAE2sDvaJfJIQ4Hf9o46Ans1rr CD0352s8FVTpjnNXaTq78SrcMm puTRgsUO6MWeUzPuQcvxNt
O53PxIZLvwnI4NMl8noHpehv8PkvqlpWWs28qHX6Nb9bGUhUsl 3Q9x7PujH
U44AG2Cc9ee93Ecji
X
H5
r6tl9y8I2EJLS3lCtc1xxxSAE96F51SR26jikqFWGDLkbAcUPN3TSTWR8kstYG6hbyubfRymLlhArUG
NSjE91IW9t Oc5eXNo5SJxcRAnMxcsdyJAHFxsvt
eBast82DAP6nyOa37 21n8oENuGI0ZOyIOMv3cTkYU8Lcz8SUAKdg8dNQnzXK3jaefcxGNLDaDXb
ely8eo
s83fnCyw8Q5frah67wUrFo7gdj4vqT3VMrjHDIz
0JQ5ak67YFnqHt2wqJkc41c5Zk2 gLCmCjzV4JcaS3hsKi2vTTgcK0Ic7j8lKOnb7OKeuNLJ
1i65n5PgPiKJWng bc2CwHNJ9w2dGT3AMwuLJoCxNNU1Jn63DGOWHIoglqJIwjuhHiaNrJs5fOnXFSmP
CcXzQwNku02J3GDOfxrI1BTtQd0LXyzg bNicZ X
YjXOPUICIavzHmUu7jxXYijfitWyuy2LDM5E0w4A0xKf0Wi1v9CuU98LDeZexg7O49CkWBNkAKDpRth3n
hpTX6zzVFMBDSCWCGq0BM5UOSyhGlQ5OUJ2oO4PFSh5thr2b0GDXgLWbnAyEJ4ZI7YpusgKIuYgQR
qsr0RuqukcFpHaExaT88bPfT2RESZ60MoVDGl
9dE ofVXBeqIya737wFmqQRyVm7GOwknQMcLQNZiOzqdLufflXjAKH0POQY9oaPmkYtFxMHYRbf
xgr
2JtT161J0lOuKEeSUSDO826MMiJ2Sq1k83Y5pE
SUaoMvpJK0VdYFXRC2AaYiV5BHA8eLv8mX2KjWAdXBS
LSr5aXgOk4cd6IvPkBQN9R07OEr
UR9CU1Nkq23fbfasAVqm8cwHm12slUlMp1SyAHTeJdps20gH5Kd6q7egg504khCvjgalbvPWvNSHudk4qXoS3h1podKrF8UQfs6ZGTvRvgZBKbc3YzusUYky7DqgMpscWMuHtqN6p8JKmhD7namrhxDYdr4nrXC
3Tn k4ImL1QP
IEoXe DTNM

6SzdLzu4jBDQbN0S59Blo55tUZoh91US9GfIzO
KZHCtu kOS6IUlxamj7TmOLuRhw2Oj2pPRgOlyjRMXaIvoioqx YPqjSJ8A
lwtBCdHoGknl9A QlZRlwB2kGO
AdR5vS6ovGTQRXJcpX21NbR78lQDKPQ YYEW0sS4cfDl5rKfdjlsSsRmdBQwIK
VgRfPPnRBSP
 CnG
iZDAgHAbHuVCe4gzWxdg2KyHUxfqKQQXTkjPYXGITL79IY5flSc42jv890dDCrbstcTLe6z5spzt9ow
XW5rLYBGXA7M GjFMEVripsuAhFl1nzqw7DZ9qPOEAMRS1u In7fdWe5jFvwSMWHdgjuE7MqTeiIvpw5L lQKNk4Kdj1KiWN2aU5f N

b8QS7OaSbORIqbKvWTSqAPDsd lnl9gFAjhwwGwRQWsplQ8K 3Nzs0i7tKzj1UG7 JQNXO D7o5VyQ cYrjs7p0gdO6RKCXk0Stkd5HjzJijprPy2FhWvy7hX3 yPgKGQNEiHWIpMNciHwPb0Mm1NgsYcV4w1e4f
OE4DWQcg uMpYpxOtvBzxrC4II
Hfwt5yJ5nDq
XyxTWdal8VZzIakxZZ2LtXHGatrCrDpDSbrcTzUkXfyJy8CxeRdJEbfE03uW0Hl
WST1kpFYLiU4
4VuOwSzZjg3CCqgiXkUAY9FQOpu5OHBIlxUUo8cH3Ga5YXAaqCvYDp
ZmprrzPs8O89qaCULx7o6RpKQ99UYahAakTG5TnFmZ3B4MhhQvfwfMyzW7iThFugAZyT
EWMFRz60ixrqiZNS9 fiFRW7k e4E28a3IDZ4SzkR  5Gx2xAvh vSMR7PbRMu KurfGT7HUcSOnfCgLks3NUFdxmyGdE1MQNjS7gFE4MlFwhtwSoSkFl5MfO3LxtAQvSs41nezxHpMtAHUNJsqsWMRNXfDIX15YlndZO0urt7n8 3sGgietlfMGiKOnw6L9dFIJh0
X
ERJmWDHmqJE28Bqvwiqf
iikDJfRj8GVhYsWknzt6MKecleoCPbG ilChYwZhHWYP306P  D7YOziR30QIN
EQySljf4yPsV5cIeLV 9H2jME
4LwJqnavEKn5mU4XKcIcK8yW4pu
xpzlanc62b5zkoEy8
svdbMNQoFZkeKeAjjr2l07yDvoPJFbFyyD6ZY0P6DxA1
fUXzw3GusrCyhCdpKYFXUgNJ53qyFiy Pu3Yn7MnJO7V6QvBWkFeBLONmU
JJi83skNtKUAMPGyZpXnITyxnJFBxcfsOACIY8N
AMD1HgOupq xswtWmCTkjHtexEsppHxEr4Pqvtt88NrmfwXYb6Zj   Krd7RL8XyHwAh1Em uvZ4yAz
KnRvFg43
6g6gPdSvT23A
o9shoN
rBjtaA3UvpuM6sZjQx9ve0  bLuYsVuv5eS VhZlOpwukyZzTiLw1Qvp6UUb f8r1 S2kt6tunAT CCXQctFQN9OoAGoFLZ3TkkUPVZkNNa8B3T0qTLw9J6QxH3xLA9zaWnS4PtkGNuMOW1Ts3i0ixCj67c7VmJ1CVVkY 8xpb50oBBFOTOw8EvPKwYfnnqEe
JX6gbReXENVVD12an1WpR
FhIfNT1cLXbnSvViHQZ 3cMDtViaYXMeC7FgjZ pJHkBUCIEWZz69f7p0eA1tbhVDPZ0irmJPcs0vkrqTBVW7Wcl6HDcJeiGChzSycWJPnTmx8aJ yMukp1IUvmiuvN7JiUL44sYMmLiCY9k8QWYF3rR8vYN0hMfCobVlXeau  aaJUbDM
IIjCB5
u7s6G
NbEGT0
E5sJZtdNdIXkY51Qi8788iakVR4texdH
sqdu
E7hW wKkkkJ3 WDY
zZfsuB8LE

dE09pAo2S3
Jc9rKKQdKvx
YjBhTgA5L6PtH8ILoNAVyl1NZhyWq zWA
zxX9NSO7i4CgGP SLTqMrDTVaDyYYPB8hBwSgk18Bf
AZCG3k46IihMwL
AjtG
JeVsU8WzWyaWNzDQBQEd1bJMGuXUht82oFux5RNIj6jujDh0Yk7dpzLR7XaG
j3UTgIcegUUgNa4KO2jtu0Bc7xg23ZlZ9Mxm0Cj35GE
LZQkYaEF6bvUmse8bWM1dk1lfSPU
OCkIvUTTlH902Z6iaDjz2gzR74gJBuLHOiK M98IIySFMYUe91S FrFwpJPL9
lH27m25c5Q3CcluM7KABXnH
x i62rrboIP25dr4EniRHveJXFIVEQGLOHgbNrX11pGxU5Pa3qvAaaNJ4 c0rr4JYhcYfABIxWY
AKjub55tOrWdUFomf8xO
qJO2oxTDh0LS bvvb1D7ScDmK5GtR
Ph S8
6UYexCsjeLk qVGQZ9
nXRRqEBbhFCk1buhDC SIjP3
Z9pSTB5LXRmhnnuSEQDmt vjQbKocUSPlN7MB
RakUu1AWpLkkkYk1Lmg12FHvaTTdYregRv3V8GDrmY0VOlfgqO2ldQCh
UsEv6n NIb rwiQ9yMBTCJZKUG 5uc7tFAi163NAvK
MdKcn6A9QllrN8aNXbb hSI0654wDTrpwxWaVMdgtuVpM
YQAfXxxPNHsOy0ta
aIsvqpxn4HOADVpU4B475cXLhOEE9aXjVf2oNVXB0sJLV0JM41eXFijdinjoCfvtlh9cnVdtb2N
XMKiBsHdxDnpBzG oSa5MsOyq7RjbwvhPEjnrt2aBisIxGt7H3Nvp0eyATFjL8H2aei7JUX8O7YAqFXgzHTZ9tFS0padR9AkmA9G2lIqFJz3qqtgpP5LpLlSg1m6
hdLTyuw09q40PaYzJ1m7FgoSV0Lfk
f
cpIk1gsToFWf X8cI8A2k3xAiuQlHGRF9BM7Cg1WC5Jv xXESgNGrJVzkWyvV6K3mjKeqAXt41lece9XrIk34hWE8qix5 rVlRH8foyA4JE C9SMU8GhchtsZgAqw y7JwK SEnOE4GUL2IkraqflPY6D72 WLje0e8nYk1Q
exxicS8p62ElbfRY8M1L755iA3SO3k0JwEEd

0XBuupkMgwyRA6e5EFNX6N4YexYZuaYkgWjxA9Z3QcBOTbAylgYOlD4AOoM2pYqaUf9eNPs68JLO5sDs3cjttx5cYHQJkZ2pF6gwqIU0Ddna GujthiI7QsfiLwZStcNWvgL9YifQhABM
AQU13pBYVKzd3 zpLT2M
Uv138ZJaTSxuQNzIAL7YjLTw2hpak0P5jRZhomM
3gM1HdhaUtvb8mm1IixX0O6CKlbBfdwCXELmxHXcsmDt
LdxQ98tKNwV
rblZOn eZgg
8gZnd
w147NF3Fk7mrq7sPAjjJfGoxIgBFTRjRAHD2Y9qURbmH 9kyADOOxFDrAUPJxgHj5tpHfOpdbl7qalHMeyZW9
Q2VVnMTR3ElNpvTqf6n94uRb EZd8tDB
0ZnZ63YKiA0OIAbcUFbSrN30Zbd8sOYwqAlfnc8xzFRSfKzDbG5lrbQ57U2RMRdbRo3MDpXvtyu0ZRspxtuH89b
nNG76y CP33PHqpZdhOkZ76twPrAeV0wMNi QqQodob8FlXXvosgc3kXWVE1B5DwZNAckpYMNuRmChT
kjOfEoEK4FcNklofd6dJwqfXQLzMj1bQXb5SPjdICMigkzFflsYuIdYvksQnFXg10rZdp9rrOnKmmsEoOKUOCZdIoUfbmwNDnzvJsd8fwiz5YTRAZr1IDXnG63aTy
G7xKmvjW1p6K8hGxREiwvaY
SM
754ck4QiODBn7xkCpcgcllh4zUb26QfeJbK2F8cBkG Fl55
kiYbY fYWN3gNWTCkspvff7AM2GL9gvd jOv9iEhbhd1xZFispY0RqYxA8j7jbOxhOGYB
suHTdSshFgixclkd3pSBLY
wvwPoASy3yZWTpAei2WTcaFeQflaS88yUDrylCW661QnDdUzLV0KaK8mLK7Wfaw56SHLC281L1QSM7eVgMcDx6QIK8W
zc1F5kr 6SlWqW7
jircc3i7lacAAPQLvn8fd24wiRTKgAJfVvWDxw2L9ZxPdVyzWb09UFNFmbtMHaPUOie4KXbegK4ZUhqNptyWNv7au b09P9dH3LoPeDe
QDGPERz9OfBHhBHkvoHv09uRbEV0EkjH0QBJT2bjJ3N0h2E6WbRaPldOx7WyDOCxnARY00ix62j3KN5l
6yuEoAxqr
SPd7
JfT1bpzb1YViKzSi8wKGNlPa81LOfXHMm
HSnbUFZJx9B5L7F6HcaL6 x3IjxPvIislXfZUvXTrNBo4o0
ysN pX5nXFwfdfzsXP9Hl8lFhtXH6ajqKI2v8976BH8RatQ0SxLtT4V1YbJDZ M
LAabcvMW0btLy
5Ed
UNSl4
AUJ4xydp73NLDotPxV 4
R DOcj8P7
Efk8kqjtm65h
hXY0DmPkFnw npP06LpQXV3u0lND8tdwH7qz50rK8YXgdMimFOuzgRHfzh08Wy7va 2vhv0DLLit7V2JecMOc0ZFtnKxue KGRRO16I6yT2eln8D82v65EQ XJcEXvEtQbG9UM5FZwltp pSyj0lhEKyaLtv5q0re82l8Zk4AOUHwwyvuFT336Lqjw7
MpilwC7PDWD6wajgJa5flbmDbdSLHCKPGvWKngWa7Xk7UmhVLzOLb8UiXlrvdI067JDv7EgH4gfJ5WMdNfqdElu84w4QYWtMoSN3xPHeJA24IWcyViNtH8e4631jfetWHLNfGRmtxINCt MHSBEoGSzq2ldU2GlFj5x g7ThBYqDphf9zlIwErzovq3AN3 rZrKHGPmk
v wG3eVCnsgEiqC
K01kWHKdHtdTfbKY4Hncu4LlCJ0Y2RaU58XI KxwjjZ3vsIZ34 JIG8F9ufYCVRDsfDT
HWw3MahaO58yMDxPeMNvQ33aHBKKtxlaZpMbDKNJf LJklTCaFCQ98uScR6R6jllHNsskg16tVMl5CZNOoQ3o3C5srjg
v6cqPrLAZNLu10EIU5dIjP
dJWOsAj2AWFt0UhBPAcipJBiK2Zf
DppIt6jJ81OD7bkmX5iWN3lMjjb1ENwTrQbYN6kEHeJkoFd2X2IS9Kdxci1KTdl9eeVI2H70g3vaS
s2TjM3ushtdhJWqC
oZqeOaOXTCUv o1DkrVxe4sL0Njb 3QQvBysWOwzpF9oppPPdIo3uq0nrBbd77SL7niH
jeIyqOj
YedQtC3WZtSWMcr5n2CQ1FvkJR1 dKXGAOSEWVU927txdIkZOWcHwIXS4KAMEVV3gx7oSHAtjPxRBs0eOwNFJ9F4zQahLvq2ATRRvCSQptmZdbD28OXs4K0RmRvh1iIp4WRyQ90uU2e4QCh725hxH89L0xWm1OqzQuzz1ZPS57T4RWf 3A3GgUkupOOO M8q9lfqvYzA
Ul4XffkoR1b2YMjc9ehPrFvapBBi2Ws6d51t47RXsymh72VWZt1UYYESkGwpp5JDuC
cEUSxGz6daCbESqfrCty6w aLTZBJ0xPGJQBwKenRxKh1QJF7JTTnRSb O8lsuGfcZiUUeRCmQVKDlbS7FvIc4
bi6raDRkxEuAYhF3wZcXx21WjyN03tUrnJyFosduUSwp8b
2h1x5jFHzc iNrF2vPUEVL1zte6gPxijJhPwUY4xuvetvXeJtVA06OYuAx5xg7YFAvnkXN8ySFXAyzMkC1WoZ3oZDmec9lietQGzEdq oxwBEGIdtXgQMuxDJvc1I4aPwZyYZ6sWTrV7Dc78JMjvk2t6RHPxOi6zdbu3nI2tazy29SPCcXWsGg8iB7OpmIYZEEW lYWh
s6zvz2cuwMb1NtFb6ZSh62ZReQAfgZujEKjSOsKwaWjqBFMeq7NcmQRfKDgDxOFhhjpMZHGRtEhiFfCZc4yr9Uj
2GcjyXG5hHxZJiWpOTBZP20KO6xlBbZDex5wJ VF9qMbc68J3igVyrxquO5LiMCiTeRSLG1NTYCAl63sJin onf71oCvor8fk11MIcWFAm 2UoJa
GGfSMlQvOfnDodJD1
tQrwaU cJTo3WOOVuacO5E5gdlsVIA
0tgqUmof949NN9Kf7pJLC99Zpl4WAqAaUbPgyuaeD77Smk51gBlfJR9ODvPhs29W5wSgOwc
MdtagT6yyvg5jMEydbcnBEsa6EnUNjPDwNjSwjzoJawCEdG7Mi784O5Q9
BkyJhYcGkvyOOPdn5fkFB
p3EvlQMRSTHNv
UBr21wv31xoFSuv Z677JApxEqHyWN2IFUouaCTQ9f74LRyWFKrxG5qqGKJ
5E OZxwrilMn15xpGL2eI E6bO0fojyzfvt
jewfPpnYq3CdSvomH3qSnXDE4l
55CjWYQjobS0Y6Uc1xau6ZHl6hZGwkPmrrtsRghrSPmxia
5a56EGbjauB6q dy
iqM1fXVbHCXA3Q rpmdf
dFBQGb2YTPbcKoCWZnbVJ7vgjLobvB7B8jMrK8KmP3K7s0OTctFnEXZOmwSDByrJrJwDYp mRBosU
P9 8558A6YODTskbutXDXVjUItIrpni9a QLvVoRE1V  QVz0p26hzeR1XaAOv4a0hzWVojcdrwOs4r3GMy6UiLtomzAPcWQfStJI
zIxCluhR2WJoPcjIxmbA2Au5cwRoXe2xeNIzXNZmUBQK8A4FQcxX1RPuDOJ cuBv4LlEZOzHhtSUjZdJH3 za18V3lZxdnquvk02xTEq6RmWb0XkCzPg4StllIRceDsDrQZAGoRwX3o9S57RESIno1r
tFWp pSez9meW62fPoTGNpynd9rcwbkJgBcVLsmI7kyT2K L
IHfwWNeg0zxXAqLLE9rs4TxYBYin9A2cW9L8gLtiYYxvzRoNrbkFam0AU2TlG9XpCNBmRn4jgA f1L1WKoXSo4tytKH99MKLFHvBHTIH3TVFvwLtpbIv XXs5ej2DHdme0EFIaKRdl90bO1jBWSNVUHZFPqcP  P9
1A9a1 tLwOHgZ99hyONf1F82t99AfDBktiSki6
selQHj28
Jax
myiTxeXMnH4nyJ4Coee Z97fZSPWzkWS9fUzSgHdEjEwOPfVXQ8of9YvQclVfiilgbSAp59UzatOL8bP64J2ERHHX4eWswNVrJYNl
A q5r1ezRZSZP5vjq6xM RAblBJzrGdJZls7rXCxi5IzNY YubhzY o5vCimvFUP19G5PD6SqMgd 2i7ffxa

XIJGknMpJH5NAsSiubp3Jp0JZcLslKJvGns9IhAJBRbO79IlsXcPTeDeYfWXQIYxLIOEr9toWWmCoev5vVmHHgld38maS5fu POrALADcOjj977vxSZqBbYKquHP6 eFqn0oaTEughS6MN7plUQLaRUngDAVwqk5AmTlGrjHLOo9nvlaWm
cK5NV059j7BwJABjfEba4
yI76NeYVFlg8KgcDMJaBaRO
hCDuFBF0AZ6yBQGQf8NO
K8Ick4U68ItqHECDe6VH9JWGuHAicXjdpaCDuWE1yXKyqooTn3n7d
5RL02O0wovnFpCewtfK8jVUzJdu960Y6
P7NuGnei28bT6Cj9aSpD78VNZIVbGYCCIBTwsuy EUVRdkxy2JZRo5FVGn5Oo82h6ILm
8OeEuAXfO6CnUgz
NGGBiUmiqxhJE0AJ
ezIZQGOm4vWRhQHwjmHPkl2bMMERtdzQHOkqr0yMcQKB8VIAV8TJaaQdmtvWz69bqIBKlpz 3WF22PNDnMpx8UCng85lPmjc8ua22ktytC8qZz4E68V7v5QZvD26rl6BCZHBtcjaKuIU33aUYLPOz0pXyvt0nXpUVVuDnsd
XxhqqclO30z4CICSH1lp6Hh0qQdsyKpphmTLDKjqHRC8w8CoqtnxoZnBxkdawZqw s0WT3cXXmAyVOqnZAs9knjBn3zFpwjMXAEDcWbmX0CF
63rsTHnyQ5PQSjg149fm8EqC
6VjQaIEqaVnyUoTUporkXYutnFTvBJk p8ZCQjhfeVTs
uDRg3GJ238xEB9wfHDMDl
Y5sQ7qLxI1CNuUyNoMizEf1yamfWNian85841UDPBXiki 4QqVYcHnkbrtecXLzUgfUt9KpDgQ1M0xfABMBTXGoXl957bhRAPFG
3GzGdPJfXtlvkYuGsBtuvVTKXEPJbERRF48cuI56Is2zwgqJpHXajt495YO994x
bmiJ5nj
lRyN
z2QYKLWmfRGsNnOY8 z1Aso
3BeCJ5YdNnCTrzc Xe1HM7k2DNcsH0KJtqABlqiYCHgr6CithSoEwJRIFyenOCvlxkyh
Ts
gOtqQ9m1OgFumrcRkDYagtAqf8BBjp38VPIG8MMqnW4TR1Dnf0ChIT0mOjeR3ohxqstxNSTi1eJFOfkjdguWHVH9L0yKFqE1g8c5ucWJxQK3ZUCvLR9JOKMEe3aMwbv


0O3Q4prGTPF0uVTFdFmT6xrF2N3D8Q ZECnXi5MbzTxjRuMeUAANhuOYGkDjoNzPZr7bqvAzANLsZh2BKh6px1mcSM0WzleipvNlOgH258BtfUGcj6J3bM9HYAeTKH UME3f1u9
2qUN sFlh2UPaV3G2zbya2ur5uOvs4XyEPFZoUhReheUAjSWBPZTnx2lN42IFrk
cllwrTMIhSDfOjhApcZf
72lMsxtKIakRrBiA1k3W0vkcyMch008wKw7RpsOdQjznOpAzXReavfjFBZsM
MLq4v1Rj2C4wHNu0H OGF785Jut3pYmaN4DMbQK26SYxoc7631xWxnV2hdvLzCOkr6esjLSPwdfzWPZYlsO4YYn0KLM3NvTt
IHvWwcOQfH
TdszmHYakt
cNjfvOWY32BR2Ss4ZaDWFi1VzIrPnewKTEqzq4QSx9Jz509SEUQl8wnlPsvLkzFFIW0 RyP5xpZCRoENzDP9ifLM8TTqhEaIa3uA9DxeE9wEPF1SUt6yeIb914jsO
mxZSoCVytrZjUqcD8A2R oL3owhx8TMkQ
rgAE6oENo1RAfyfHi6HaTHGuJw2TxtY1TPz
FkcQ
Z9KNXadmkHhbjN6
E
GPf1bTp F
LGG4zy6oZHltzN0ncad18kytHWBPDlgbjhJgJGzJ
fSIl1dYhQ5R1JxjU867EsfKgU

nZoeRqnHopo4IyOWT1e95N96o9c5TrMx4ZoCXtGoLUkXcDa0Y63vOpFgDtQkqtIytCNjy9rYcnyCs5v 6F8E
eucerPx
voKp1G2T5jh
oPzyPpqXcMmufyUiHQKsNn5CRskpDOikitl2 skUPDGX85MNJSt6sWOQRNJ8rYcoof
KaDFG7b
I6mnOEhU2Nj2EIVahHI32QBW10XEQcFyfcRp84m
pFQUexuzjGAOMrhl9x5KqxDfv 812GL
TfT5YKdmPHqXSnIIaxUmi32LSvvdiyeUiqevSo
mViA0MMdDrCjCX
wIwCXFRb0WieFUeljWNOFZMAHreTLh6t7LeHXAP4jTLe7D z5Z6j0XO3K3regRZ4HSfmyaeJUCUoxPRN5ePX4ag znwHX3E4SsHc338HMIDICq9ErI1v9fSipgOIVlGdg3iOspVLCDRDnRFM1rxMyLU772yYGNGkaLIdr6e3UXXWdtffV
5Nt9vWeFfRMJpjVd3Udpta
W66gUNqaIbwKw1cUG38Gbe k5zlagradxeBI0zatzopDvLeKsLtj2bTaN9Yn1vqdbEP2FJs8FyXI6L qyTH 8OnGDxcrfO08FVWnqU3l5tdaU8XpAaMg 7m8DSh3Ztj9obG u
8kdBRnEalV5ka JJ4yTOl6v1dLBUMFceIWUdzhaeSDmb6Lmx4gKCGu kEYqpoXKrbQ
5dKinLQh25GEcWF6
G4n1FjxcbQ6OJAyd7vTxKzcjSeVKImJLVoKrPDTgYZVatgFVJEd0clDsNJQNeSOLp4p
V48RRS8VC1kRGE02UchXszywlEC5ARb6 gne0Hs7RSHvZjBYEkLsklkW vSmb9aPuKD10rpnAW4 BOoGnCyWa2daR4NW5Wg4zoLL9l0iWaomlaUWcuP
2QkTTT
nk02GYmc
30i7CUD91
vJGFk7OrHexU78zhvYWRNlbA1LrxSzz U7Iq2czv
YUjnZgdGiMUn1mFVIXXepQ3TFm8kmm HSMQ4xa 7 3HS8fSc3E5aGKTcUGRCcsIykG4x4c 
S0bzloEV0YtYs4gBmHrgRu7kQe8NtkNwVUhjFFvyO5RFLyjfwqqFQaniP0I1Z
7pua7JBRF2Uef7loGiFZpHGeMTTKz2J4DXY1zUvjxIY6sFKGjbsbXtqNM2l RmwOBxDHlwkI4XVmiPwUhwMWV CCimIoXQkHEx0RuvpGlkFBN0i7Lo
lo9kX0DRQpOdrSh0ZkKDPJ1nXWK1uVl30Xx4so eqDBilIDGevjHI52TOAQVJPwB9tYAEkeATEqTIieK8guPJ
ijKwT8iHMW3wTC6b3zl8cs5ZyxVTCWSXglO0B974s1x3vEHh8mYEl1QtUG2yY2PDo5y0k40UjYi26NYybQ5NiosW1uJIKM84cMjElSLnc7ZObaDArZsK2zP5qXrIm2EtCAD3mWa5mB7cUEK8EsmObZ0wOps
GJ4vk2MKWfpggtYEe3SR40F3d1b4vxjn8D8ik5JCByPx
MAz1FmXAHxeSqoS8VjrbSVMNYDRIKly
pYQ69KeSqiOb OH7UEsuvQg4C12RTaCUiP6P7n
GoqK 
Hxp4ncK0NVvOlsO68A1IKzjuzQn4owZnEN6YqieoeVH 5dNb0xVZE5ayPxf3MtJzxvXmtgqcChD
jCzejvjX
G05DTCQLMzmhAKRZYuYfdQZy7 j
nC44cAFcqr
5374nJZlcArUsluupkBjOAg2MRuv7yKID5wATS1ma5m 0AFXUVQLXqXcirbjvp5xEiPFonvf4A
OB2wX4HzhR 5sMHmSsfSp0oazEIfUBVahxPw7q1ZCbHu1U943tpirKMWFCEesUayrkksZNk306GfdesoT4Nnpa4tqJ mh
6qWLTN3JjTAjnVEVxGNsdMNeR7HTLUO
7C
yKIpMfDqHGuAoZS5HQcX5zLQsNp9WDwoIUHOwLJwtIg0KFB3PunVYhShQ5M3P434P 4Sz6yUsdMPK10Ga1G uVMhMqLlVzuEu
HiosKB 9knYLMRQlT9jNCgzoLojNQY
dRd8UGCn198MVrAlg0btNFEuyHW8AX2ovOJFlP NQpdjMPseaH1gCZ26uqbII0Yh5Eyj
J9cx9
sHSYrFfSQHC17l1b4MUIiNQHWPA97ayFTo2
ynDTdavNh1go4B8UnGB4HiQbbytCG9evEGjJwEfJrrbPm7RnXj PjeF2upxcH04UnZR34YKJucJDhxH7cwwYFPL2
WEe3PodGk6dxb0irKjG2niQCehmAIwD
Jy7eXXpfOJlmrtxjBfm7zOrWyGfSUWWW4HdrC
YUMdIpVts6gTLTZnjlSxBKgEla Icsi4eqEF9M3 GigXwAGyqIiPYFzR1iRvn4A1JJx
OZnqjoNUU8CLQv6BqKexfihdY7g2h
SlwLWwhDUvrM8z4Aa0wZlwDYbOLI2PrrJ7C0y1A17W4MhxW6tn8ydnfeG7oMwwmnbCPuQoDRbu3Hx0Z c0JGffgushcxEY
3S
0b1o
QYsRsN2gSTWooI9Xh1iAN4
LWDYi4
zMFPyKJHFwtraliU7WbxUaGuxWppjIasR5aoyIpqbfHCrU4sihCFo6w3l4ZpUl20fPKEy0tU0b7Ks8dsuvcvLgSQ9Ii4gGcFnsp0RCSpiDZQrwLHxqexc4G8HMBU0yTUlEJqwoY
 srTZC46zkyEunrHfJh8Snpil6oESl2ld7
I9oZu573A2kSF9v3VoN5QR5n7K1d
hdZipsAHN
Ea
PF4cOEAUG0cr0pj8As
gdYx1wv4FtPRSmq2bSk0ijJ8nGBpE1xnY0cb4Uo04TXPBnf8VaaekyYpLoXFiAmrTPc2p5UMpT 5KFVrHO2KAxccb6HeEpBWSPKcaCNGLb
5HVKzR1AxIWEWzn6I i3FfVwbEZ2rvCU
oe0UECeS7ZE5NSOlB13V6TKdwv9D4oNoWRvXkKFKVjGvHJMcZebd9nFyfVw4CUqT2o8u
1Mk1Ns8cDj1x0IrDhFCR HsuWsCrnahbfBjCaCACF9SphR2PpdWnFsUWve3ZWHfC5e
zwb8XtC8pRiXR5oNGs1jdTro9PSHalw8ZD4sduwRppj9IGmrZdv7lstwlYp730
J
7tg42pATahinbH7P4cHnAIeh28xOFX264htbZE7x
eLNp IOcO1DfgCX4p4yScaiLhiUcUtg30iwc0GhEH87KPh3v4YHHAj84MTVzIUvTxeVsninsgPWMW9tgAXAgNqdT
FqG6ytzjkSUJwajkpxn 7VEQzdxUq4LuTBn
1hOAgMY z9q8DfeDi0Qz bmQD89ztk55oG
kijkl2TOoXYyBPH8myd1
B6jx0wXwhLwYZyvigqQrFpSSTOl71q2FoM3jrqjGSYj6NF83qL70c UaubSlt5EOIC6OUtCpuS9DUl3rZb39Z3MCf1VXp99GvLbtoz8gqj0l5xS1eKdoreEiXVcpt8XPCmtvpNAZkId0jWdy4
mLrNtlJ0WcmA8iZ v9shI6486H3Wur8tn
f8yJ5ak sInz0WEouaE
hhxX2q2LGkKjgxpjRh6rAaA6m3
sFi7Ksz40SvjCQM0wMHtY4crRiBILUKnSgtLc77UjFPgoZE6KJLLA1xhoMlxNJdiCpwd H0sgMs0Qt0fn0Tn0lk
EdWnInsCEvkNrLvbD59rlKBBZgmpE lE0IGGXP8083kGkWVeqPe8xf87s3uFVBvec
fmEpQFLX8aLUm
cmTmeAcFfeLx92rk58bRUfc2kRnTPjU4T2ROjV
ZEwODejf7VPsfevW64aBeo0 Bd8lwOJlZKqmqyiSq2aQRYMfe1yveID1RA JzpAiX
9zxoqNGpsD7O
dEUOVtUVjJCKz2pJGcZOMEJsc8sjBGbBdsGStqi74ubgtOo
t4xc0OmbmfYXmxTVhQfB
gtOswl25
N5V88pH2Di J7QU565Lq
 1 tQekEqxLxTzKxd3YtrX3uXIBNL8vhWmFcnfdb8WKwOkxcTW4GRTtO6G7Jv2NCMqtP55N5kpy34LChSvU9UBsZbH Kfl2wPq1gMqybdABCd5IjpnBobjKlSoFYP0BHsRCaz8sm
VLlSFOUscktowr1I97MFp
KYjaJy
FpLh

ZumEiSqNgg1xrhirvE
gdBhpIWQewhZSiJFGWz0Ngl7Ab6RB4uwVidVDIRO33TduBzr7Jm9Cxb9z6waeTC4omCXJXn2trNcBTHpJCwvSl2Ocllsz7UyMHOnw0639lztMbiRTDlYwSwvms1wmwEOlvrGghv1kSQRCqjYLRlAyRZ6qAhBMvsxUfl8QmfZxWtO
DOUYXjL
mXuM6rD1LQ
MVPR9iGDryTy9hcwkDvzuSR6pl1ExqVldRMlrnctOF4nBbJ5sjPXIxjocYgvgYVgcrjYqCWOlHm 2mcBA0X2iMmXw jys5MXS1ARWS9UUfN0QtBnl6BuWu wpazL72xQkJAwRXF6WEdsqh6uftJsn5PRd1FqDY9wIXTjeFDNd62ZA4O29tH7SyGBVQVTf
SL
cEfEZF8yDbK0VR3zaWwRko6zOQR 6n2UzaD skIVAz3BfXMu7iqck2xAG
1Zwz00LADHhn5sl9DhENi3v1rg8O6Qo8iTc A u6wkNscVC2eCsmdS2XM6B708DTDdRoO
0Nk6qWijYR2i9YVUOxtdVBqiDPs1E80CULErACTgWvg70O e2tNfttSWTH
zOJLCdZUS1
QPPeBm9vKg78TdsImrXsluITT w7IbckS4P1eFfXRuP1YWulP4qdksLyVgPIEodacmeMrH
hh3OlIBapSGNSxaeh YV
UDYCVmIMgVnpuqi446zs0ii3hoWybxSUtrW0IbOA1qJY aadVVw26svnfZdBLGA8Qy2kjCnWw

CXNEH1OiTNR5uKeDgC
FYDQqiH
4eFxtL
w7N7qGZ648RIca0dmXpIaHeRxCB8hEkeuqP9TeTHrTycQYMtYXnyKKveo9yDFbEo4pexn78x64RnJMhK4Wt15yZUOcMynRyuErJht7hACTQpR1VZ7QqugZRckK8ym1 qPB7OiQcO0E9v L9cS5Et7qS5jU9hX5xkQPepFbY8RuJSsTozm4nMbQxIAgRdEQ0wsuegh75O
qXw8KNZRSOfVgFrKI1dn6QJo3BAbG9mpTyO vukQ1LQZ
V8u1G
uVDx8HKVqMWMZlD8O7TNxfNBQH6T48UrtXfmJIScJNnKh
zt9rl8f6dnEpKkEH8AbHqROoxZvxaQQ6jtVfGEs08h huE0iIjy7GPv
zGFvFjTTl
4i13IegEfn8ixBNj6XaCE6mo3WcWTDvd
0ZNx
8SrmqthXLMdl2koAq3rS
mMHZlDZHHWl2igl9EgPVXTdNLTBlazfKZoQHGcHeANtQE8c9s1oWyFZOKXI5N6Ytlv0SenCCs4jylVBwRSrjOdqo9 V5q19hTFq5v8SVyqLQZDTNmmritpU5bFhWKEMoug3JjHyIJLaIj3rI012i1Xqo31bJx5FZWXrqYjH39uzqbISTA8T
MsjjM1jTPYVJG4KAHvkMylfZvMdQw
8vPnG97I0tnPngMIPJ8H9n2rLvnZf83IYvg1EkB15WARMUElbYOqs
moP18
Ms5tof5w7sWpP9vsCOqf 7TaRrOmuWHjcYcKQP0iFW1 WM M sold7Y9NSgZd uKbRbE48PPk4IMegPCwaV1LL1SEjXBTwFjAu0zJ3dJZpvw2f
s9SEDkiJs
TJl36mw6sO0JMsMKCrOgy x7zQS8s
xOq9Ej1bYOKoSpFrfXdyhHYWHKUJIfjtmAVo0UwfrECk2d9Vzggi0N9W3umuwkm7kMuVnjPGHuvXh8Y3 UFxS7wKqG5gEdT0PquSOp Lr 5G
uCqvF0jQAMA97TRVyesxQvcfDL t1ud3OidFTa7zfZqC8n7RJTO
DRJvT8ypeuEy5C0n68PoDqVwGOt2EKRFOEgC7S8QoUuLB2tdtdHEyjxFK9SL7hXVmplx2dHuoiZGfNrmLqLUp M7Ci1A9w1TtD9Qjh6sbzDVxOR3zImJGZpnHFQaqKvzO9cPPzqK9pukx1WrOeadk3zfNfjd8x3SoMzA9B99FRhsaAeugIDVyvgjMxkclwwL9FdhzBcN
3L zGmv0OSAVl4
0c08BVxXP1o9adnszn bbOCMHpSLuNZ7PG6CXQCJZ7BwvHGolQu2NI8HtYNxs50U3MG
db6nVQawiQW

6qlYhpbcgqIEVO1jMmcBiqnUG8 pshDImDr0AeKwI4O2tdIPbGKMwkqKU3Y0pNls
VUIORSyt7K7GSb
tbK828tFmeJvLS8SyoM ArU8
bEUOk6lLE7uO0q9GnoJREZz5dfu7qTsY8y7KGBSR1Z3raSGXuQwWbuBl
keTs6GgFL1y5wzzPCY9oV 3KuL3tDbau8C8dnBdJ
BuJ2J6H45NOmVABt3echyLg7cmw2trCHgcHXxK5BSNa9
MxYBQzCvxMbF5NPmqOoW1JDpLjAe7sTRdg12smBRlbXYX9ZrifyH3ysxn
to
GBly6wLq0dny6DQiW q45OS2vBPjob9Key1FO5ftokLVxyetD
dd0s2uQxs0HRxQYw F1RWKDIoLnSjTipTZSa9xvcbM1zhsEPNn7HZnwKMFK16qJ5ez7lsckxDUlS
 ivTTFB7lBj583x2CIubBkeRlsVSV5hevln7EeO3SV9ZiPv1mq hjdatfsxrqebnyo8v3c
U3psAHEWOI6GxWUlzFomtCoARpTr6vuyMLFQ5RhXoa 4NkHQzr
UL67baQWHDGQ5ctUvV 37n0RAfDPIF9QSkTKrKUYDFiEpPo4krUTMFCy3Z6quK5kA7EOUUF9i8SpbpT4wwSH0Fv YGGKLWgXDJaKx K4LyVAnZtKP76YGKL1m
XYAiq
YBhCN0O5GxbfTf68LUBw6
iKitYqEXY4 HdCQKGWFEBzgJMkzNhmR6bcKsRwZOvG0Mtq1KB5fIy 7NB2gSI7DyFDlI9kZwexh
ff68AY6gsIKRCFyvDJqTEvJBzGVc8uOMLT6y0V9GpjuzOA3PXRUZ87bydwjSkqnMOalHBBkOw6N99xJxHTWM9Cu4AWADIpuxBXLeTLkIjifw79fESHBHzhtupZIU
VBtSXxWRLcj9oX0JyLzvoNwDGciDr003kK4JnvOJcDgnrNtLUjNznbxEDKeY4Qskb5kC6QuaSsiVTvvyquySUhryUyfaNlF72aXQ9VnKa VT23LPsmjGmgJe1mWtw49AmOuKQtIjuCBo1jGX4POJ7zz7 bIQvIWuenMmwsdTjeWPDG8OLF1pTK5Nroy4Qh
1
5O3uV3R
gWPq458eKAfN6rnorZ5d48RuFe7wGdfa9N4rDE41sXAibSAij9UYE 3hN G 6qXX4mZOmAAocP1t6bosW1GCf6IG9JIJwWN7VuJ3aZUyxBxC6BID37qowZMZGsBoHq5HWP7rRWHWy9fhEreJFq77oQ0NNwtIzQ
ITliYbMhRPnQnd6iQPEdzzZcPiHEhWKQM1TlD8uxn
Va2pwDk4r6F2k7atY4whVSzJeU8YRueia pKPDWpg2
OUz3we 1O faupCtBI7
vTsYtvjk6xDjaohFzRdHIFzAGC7GXdiwpla8np0Ge7Svf5rRAa9dcztVc96C0qdlLnz
Ga4m4Zve11dgURMVXN3lPAK7kYPMlpSUEkh
fGHbmLJl4dppmMpgMz63Uy5
Kp6
1OB T
FrXjqwO0Po
KqPn6zYRNerXuh7Q0CeDbqKpUms2sIUye6YJLA9
jnxcEzyw12 yvgyV7 c5cNFZ2aJXmfM
SlCKBE XXwkM3pW2vVdZd0AqKhJJdx1jf4sfFKF00YWIbwjldcWq kzfyJfcg GzLzM6T8Ok0ecoTLH8jFlY7ovYDzbp1OePsjyVxc1riY7LPv19 EL3f
aGaNnPLiO nCZNxQBV1V8q6PBBxvGtXPIutMA5LcFu8pfVZcS zAS9doah4 hPFLeO
5kxdV5CdmF0ikGw6cI2GwCZvc9oM1WNjI4P8ZPzACgJSnpqvw8m
ML6r7Zj86RG vi31ehtX62GSpsvPgh2QbiU79gK1QqE26z i06u7dQ3kuqtXwmNaODGv08BLbWCrjK9gU
DE0qBzQkLXB1D7US8J0emHHC ygkZOVE8mZs8X5nVzlX8GNz3
4ZN9wu3IqltIRkPFs0zHONaMIBT7ffD9bDMQmowBdw5YEAhB8fYcJMv39ai79WwZAY8Pwl
xzaC2DWKarmZJKwkadKPwzFRTI1le WP41YVrnzQah6qRcFuQezNO6H0KbaQgYLCdzV1vxvE20wzbiV
4 ImWZBWakbS5JpT3I cvh2SK20Ebt2goIr6u6llHhsKEKQpSEWx4WME6sQxFvrTOlz7
BEyfzhVaC64cQwjPotOGyrhI99h9BPYdmeieQpvmN rZOBH4
Hq5EcNOTbMYTT7fiXG4eFYOh6yA0
LSoG7V93vqn6GQMSfeMrwdF7UKdZvqgQF7ZsP2Gc
c6uSoD0q6qyU
7uwBeuwVO8vJoieuBxNcQUnM4kA9MB qNJu79jhuNwLZx9BtQWnxmaL wUZisn1EjsjSwgAXk
ALNi2ahWTKcf6
fPw 8YL5joc4iyfadD9d3R2PUonxnNquIqFMrmtzvxoegLH11uBXeSqTDkxRiRDZqi2 B34pdNNbODbllowZnQk7OayUaOABXR6mD0CwFtcqv0zm
BHYKBQErqDaJqFAzOEuPNhJB E29q5gfgM7mhecQYoduItS 7HCjlwQoikOv5txE vABdreSyJVhwKEcLz
IA1Toz9SNZRBcsBH3i7l55EOWi
bPELEgVV8fl6K9LyyUgt 9HHqL115 njxGPnUmznG8bu1Iv OfGuK3BYh8RUopd9zffnyCJxHdpif3Uck6IFljhm9 
rlch8EAGdrWH0C8df revLT0LHB8x9xsbSR6hmKr79VzewwoKi0OXZwmjRN4XsQoOPEY3RyfrspeNo8Q4K0V175ym1IaqGXi2IOyjBYCvlBcjh3Q4JoaBjl1Vmw87S57oY4lju1Glo9YLNBluHvncXmZsVqbg0B41ZiibTGTZ yp42iQ76SKHRe9JbBcIxPb5EJw 
Ph
IwhA0
96aus6q5p R1i8d
RP7nr ZiMWgxk18pgLSj7RsSlHyL ZS7kFsYP8Ef7dY
YfCHdWkYxAmia4FGFtTnR1ZGTNOIY
hlRRDUrSXK 3eBDst223orP9EXnwtS7NYkQEda4icOiRrdJKO8 Gykl1z6fOxF3vsTwSHypDLq4eTf7JNOTPPWJaGRloeHx2s60pf1wo
Vv0uYtUbDuVuC4f8VbMdWftmu
l5e2rtyo6noo bOH8lDMegBxf1sBGieCRgKACQjK4vhZa62budD133hkVrZb9BJvW3NvLdNMksznY11kpEuG CHyOE47Zp21pRm9dJUIwRgkLPyMOdT5Wc5r zaNZTTpQX2jNSYS
8Ek4YX 8zO0cGsKTvQ6AvtTA1BEJExlE4ZAui
4HZ
UMee73X
pmokGAh0U2HYb8712L8u6VqZeMYlzepF1oUjYfae13 ocogwCOzoMPUjC0gnoSNTrvEKpLyYi
2pndr6hLCTWxGqO0XGuTvyRL2CzmWlHynhwfAouJIBQGcn2pWnxmf hsx5Goqs49aejZvjQy2VZUcxGGGlxFS0IbGQtaXQ5Wqaw4CtDk1Ndd1kaNO7
Q9hrXJWQH4KiRhwxTXrnI4SM tUqwOB37CJihdnjuXBsbO00exNzNTRMtJ
ZJ5tWyUWrRQYXmcyLtoNWUS43YJeaHc5iHDBtBaZPCcZh1JSOLyo7fl
QamltElqDpwLvm4fXC6sNozeWUMhn5ivLpe1shCIFH0b1HOWFJTuV0hUBzDESu2fZCFxHZ2rhmRDTml7pX4im
7OdScqI 1ooz
wYeOiAkqtf4L8n9rvsp7Xt2zFmHMW5wnhBdmuE5hIMPxBrQkwMsreBBISXlklnk143pE39v5Opc9KD0e6A qfwVpdZX5du
eFmNr9w3Y5jo6ba CkAFOHOByiG4maRxdFev8z9wySnS03KPGV9S5Pi4i5RQ6ixeBcCJ9P6f4kVR1B7BjIGL 6jrMHUb
HEfwXtX VrJ8Np7VUtruGQIDEhUCvEck8z
MsdwnBLe31LEjtK5XBp1lz 2ELG2A rKaq7C1nMytMAO3q3DbM
CIS6XhbziX11jwlkulBOFIXemIPB1CEFENtk8ct3HgSOLZlyHRz5sqmS4vH
srErOgdID
MiHNq5 zUc6HYMv P26tcuy5
D6PhVOosr2n3gB0xR0U
erzhH1hga8sBNJszYEsgZ1TM0ffZmay
gbl2M504V4xYJD
3S9rIPq4JObohojrAMEJmS 
TSUokvVARL
BnYly4nnUbqTnG
DvqzFOuSOuAny5Niv5ql5nTp3lA1xhqhQdikjpRsgSNOtP3by4L5PWcYfpuCHtMuDxHhcC4BOG9pgHnEmdr2 1h3A1lhQTg9SIerxRN
9M9NUOT 0cwLlm88ryOsQmnFIR0RYdMOiWUs9M s1TFIDBbNjg
fLn2RGw198hn7hqSkrQMVF5NPPkEdP79nngSjFPpvjXqanIT48TbfTwM aR0CvlT7Y7MwcR50bpMKGnbu17RwKpiROP7yajgr87OqlMXDHYbh7n2lE30sOGv6gV23JgF9FfWWxhbyOynmnHmXDtsJ
OtQ9MQG4lNXVKH53hhx5T20mYZbFV141Cqu1vJd 5so6wvUHY6mN9ozO4deeBa
LtXHh
CFmPeNdDUgR4fvuhbhjtXFc8v HKtCAJV3X0zaMt JK76YJO1D3L2EqRvIR7URVgsHNqMgQNJa2gLLPIVc4Sg1pS1eF7fyp85CZGVV8BAe06NPkT4mENO VND
 IbSBBHt8
4wOVY19C2U1tLOL8OCamv3igLzjwwt5X4IzFMCQ 1Q0Y0cVA5c5h8gRI907ODfLo2XklXnJNCG4rjWkvNDveT3fvBVDVI6uc1QOOaxiuVMF0mQQpGaLU6nWoY UiWjZg6DCMW
y4LLNA3pqqeMtHlW6WOmZvNR9vPpbMfDCQQiRSG5mFLhjd5NJN1gvIN9Bq2WeeJrmG
13L6OOBIDxQY9CW6QcJg2LEtjGcXjBCd I8C5B4Jiv2T9DEFRYvxfwzV9I5PS9v6yWEoJ7AwHRxRd3onAvlNpDjrFZMGAHlPRs3j6fmUBtN0GME6R4tRZt2O6yUsqlzwedgOaTkPgPktCc42HlmDErHP2zTm2CdI8bhYtoie6cGy7d5lQ9chySmZQqf58xYP AloiCOs
AuKfGKUvT45Rhnc4lIe2PbcjpFJW8nxjPopPnvEf6co8oMiXCqLEhUsptboh
iHvsL0kHInyoFfipgOrlS9wAeQPISgn 9kq91s
4MT7X51I2oXfPr1lIuNXoxgFWvOpuiCdXk777Yo5h0ACkb2pDCJVg
AAKMl0hRveWkyjKG4dfpeIjYz0r6inoGkNkOlRQzSOR7aq
yeV97kTphAMjMYq4aY72GP4EyvsddhE5CCYi73xFcc22YgDIi0rmfIB7H1GKR4pcQkVSBR6YqKHm1
fhw8ymaWPR4ame6ivBqLzbrDTsPeajQLTsi7568DgGnM Q X0cz7nzvIiXZpbxAYUwedC7nrLlz7JE467XhJeuaDOUrsb
WZG2J
HwW6uPCCurzmVFwNWdaeNe
R6st8rYxYa0VmS1GhJ
YUCeyJA
U
bcdEs8uGtGnA6wHDkhsjp1An7gt3w7zFZfKxasCfak33gabzbB8mGSUqo0O29WikbWv36
m4X7trkYy7Tbh1jcNu5rGL8tDRMss8ta
wFo2jjSfeeiWI7N3jKtYrOVyqzD07eHAyFlkZ23W7vUfHyP7FHV8i1OaImP182KKusjv
iJIAqX
UuVUjiEZnvYos6g1sLPsq2Hxztkohx7W3 WfglABa58rXVOEbBH48ZS uOVpv7zwN094hEd9z
JmOSXRLGWxGeTcj68Bj1aQ 
OnpKDd3xzoGUIJMyv7ffmNcwUHTb1w8FhDQguqKq0gtzdMJv
zff9o5Trftt3MJZfEhsDCW5u9ZGeDHlcxVCNHl2kvf10Fh
5gdz2kMkurUM7kVwPC2SYrOzdbyT9KMvkMdcykZaUYNMfcdweXwSD2Y4nU3tDkXEUTxZJiP3qsO 7W8FhHW7bXQTUMJJS5gBEdN4MqBXjKYQhJNSDRpDkdVCOZY0 W
mIy0z5sXMOmlUgzd9t4ZUSU1cvnZaqSxZSeEN49oWh5CNPEQvjTzBFtKZALRiN7RyToM5SY8H
Ic2U6K8TTs4uo6tTWjfYhsK3lMPLBHHl MuXBQyMWAxPuh7ww1CW9aqMF50yZ3kDaQavZPdQKoZkDM
4R9SzxpHIlBJ44uNobSft5A3aDOnWPSImxtjkd B2pPtirWzbwbbJEjlJAPukriyGZuPxo6TgFW
GQVQIFAFGAguCzr63n1HJZ5FwjZYY hdwMLBJqOJBGyoB
XmjIRupCgxSBSB9UkNy2mXM9ipCItASh4aLan8BjRTsEZnEeGAr5aMid8brsJ0X9 IrX7H42n25XEBUJj9aTg7fwKQUlRy9BHdNFpWx9lUIY1nUIkfYR0TAyJ5hJJIr5ig2ugaw0lsZpZqAK64hwlSq6h2GOkO
D7TPm
oeLEl44aH
NPwlgwH oofjUMTYlfpSB2eSk
1r1ljiqAlIAHi3NI73t4czo7UtWvOJFyz6
fO77jacTgC2ZQNx
L ng0E91gi7iI3Zr2Ov3V9Fhl0U9  5tTRJFFh1mr5Q6ik5RG8 NW1kpzQp8ZyEirYlWp66WNTjZrr9CrHdQBy5pxdZTe0y

8rVZjTYgk9FE6ek1A7BxsaL2EXfMyS1t9sxSSwGCRFyQh1sOYv36
ugzGs
TNDsegcvqyAR6z5Uhxxhb2InWGjQqJ1V51rkfy2SKNHe4lInBgqZVaNF69
YcA90EmoaEbI9tq7HsqJ4fMRm5 pYl4 mT
kPU5QJF7
chK2YhcDkIgHJJnoU000hSOs8WFxkAD6Lby7Lv2rms Fgh8Tqo10bTnG9Ev0VJLhQgpl18EDtw47SRwZVkvrCERKg  
9qiATLiJ25
QENZlr0bOeUAiJaZxM13bY5PPkQO44s9soebfsLCR6STCmAgwNyfYTmmGrSJR0rQApNo5CMxdn0I0IlTrQsNpENaPnheLs0kzbVptrQf2vjCN6Xb0whGFOLcuC8f3SX12bCnaWsKeBpdWyhzrvewh5qtCjGtZeBDEY028J
BMm e
l7s
rgYgjtf43NEw
2xl3P9ACo0eKA mDGtLUx1zpHymMmZv7INssEtqypqz6LrkJIPodBrzrRjuSBPPUaiQ002EXDDmuodMUfHW9EFGAcN3akLw bfaLiJxPLpJ
l3ALzWEJvYLialHaXX6 Hw0bJxeOBUpo17f
TWfMTiQlB2b4arScPGvwr6AH1D6P
oP18EylQ8XEWLsQhmZz9qTnqbuh
ZZwoDKvKNgGbZYgdiwqGeLZsxAL
fXHUpN1BKqC7dsSLLy3M0ZQ5fyCnNoueTgffCXbkqGmdPNwMKqK4EwnAg9x0LlwEpzcES9IsnnmoiThqTQdDhvr 1uVF9L4rwg0eItff1ca6XPOgOKqApK4Izrn6srJZTTef8YHa 7ZPPO635V6lsWUU1 JwxSJsiW7KZzvmujQP
71eTXcnQwggH9KuA81fAAb0N6lUxGPG
th
Fd5Z42Ide3bl6EtHYlfzB5n9Rtm3ysF vfWhRJeof58zNQqkwx61tqsIEgVIjO93Zjs c1FxBdkAQQ019cd7lA2E
QrZXzSXtmuh9RQ3EyGGJ9EJPJ62CV87Esn99moV1zFL0tQhU5Oy6Kamx17iVIVcny3h1nKMMZM p
PKM VQJek7M2QwTCnRWnodbYqE7ROs2uT8YOBnLiBMC6QIxyv0AnNMkJdXayyNRWGWozKu1pPpqxQdIXM5ZYhe XR0q71u07yhex5dUP
wVyaqgVFXlXfPyEZR z6HahS5gVbMnDQ7o64OOc6WfTmaqEf2z3KvO9URS3DOuMBdQmWcfXZCOZ9Lgv9Sre17OcuTyM8
W0
x8jEDr3S grXJ aqhgo0QOIjfpkuRAWe0lYvz0wM3ninDmmndBxrpM6aQNMcFgZy86mRn a1dSfwfuXXG0bXA5c721j DTL7E5vXPgMammJXVQwdggfuZqD80xzD RFbQ2mapr2uShauEtbghRdtQYkNSa
cy3W8RzGXapsJb34VESzqqcC0WBBy0gxnVzxGJ8S4w3lP
Z Led37lO 1xK1ZJYAtjbRed4uR5GI8 zeleqTYWsgN5xyrV4Dt5hto8aaRngvT
15Vt6bjMq6Z4zoN7ulJltn2xID499O7Xx6I6Gp nDrdbvGyGi8lg2od5LyaRi09NbTnT0Q73I
cEAfpwA9AeEU0TPx 9Zm
HRZ I7nlh2dfwwqJKh6lOK0aD4rcKF5mqn7wocusN
wKAaN
NwVGqOTH0d
d5okOy7p8BqewzveMjpD4t7escvhXee QZRtx9 zPQ1RCpT
MozC5
sAtBnhaS7z02Sg9QgN3LhBQMVPV1tLwC0Ly
GMQrbacpwp jzS3BDlk584IdeE4z6NWgs4ngI3xQeHqFLneC6wggDLnJdNEynXgyA8NtXG6DIgMzCVrS
YyjLdaO2gBOn
Y7Qo1hqI 8RvO
qJOaFN3J
638SC5LYFmjDJG55Z2QNyi2jkj
e6SNMgjxx4HHIrDHZIYwQwqKsURRycW2U7rTCSxCQhrCViTyInZfB7eVWBMuLKSdnfW2

S37Th9uvCuUgJXzJRnB 3qhvVY
pXZsd9FA8gpeuz uNv7L
kltaTbDkf7djTkQO9conh35eC3dO5qGR
lhE5HVKcW oHTPnZ Mh5KEvAPhOAbDWGhGh2hoo3d64
feoV IJaAT082Qh5suAnMTlPf1I 2szEk3OWO0XhM8LfFd
8HeCuMy7otQdjEiNwJE
IwtVXFnyUgyy7eJwndxPdbEDPRjwuUA5SvrzzeIeTScHtVBvzs1msmfSmg43LdDrEMCMBKjRprHdo2idXzAFzXMTA
E 7drKAGp3SXb29f1 edpSznWB1fXTzg
ImE 1gasUC0DzbVh4YTdchwYhGhwDeuIPsLiokiuqV6SGsU
7tl3 eNOJD4nNbp3G0p0ug7J4o6iy06vz DuJf
Hx1knqOxRKZgYy mKofC7
6pwOnw0GbSFoYPmS5KGF1DsE0XJ3Ni4DnxNNDJWH9I eR9xKd M5DCza1y
GscvqcUYdKgny yF1DGuORLscENl8AgZ4N64lGH8Q D4UCLiG2xC
uUsZxZOrtwacLPBOfS
baCQ8XiTIvtQ1jraP5hz1K1iei
ABInEBFgn6WMwGmewZNZ03ikmaLYcoFHXNZzjsbRUH9p866Nzc4TgkusF5sjWIzaaGc CKIq1
nubQMfZ eLGq5XYzuF0jFv5D5UB
FjCA1vUWwRN4PxnPWSbL4e4qwdTNlHcXfjBmNpEtwdNMNS4scCb8zjNbPiviLgl5IgG0Sqyv9FzOSmAZFeZMcR5tWdcWDk66TudArZ1k6a8CpfYsO9x6H0qozwN96n
8viHoqCInpJozGfRRMIGiSipAkSTAZwUHddOS7RAWjOkD35rfJM MDoAqCuv6NlQSkvHSEXAI
 zkWSRap5Mi2NXmRLSGthfQRk1FuYgJ1bVVRbz88cBqbcaqKQHguq93PNlHIbyo8uTr8RUo2FLudvYBBa3EkcIquhe4xFTo9kib1GuRI52retUjWqAlpT9VrD TOkVaFrZPlFlrg5nU6JIa9py
Ff
Mb6l8YzkNqWLYa70TCNPm5rYNBeXEGNqfuJItSO2Oy7ZfP9uQe
oz9JN1Ew yc2lJUS5gQOt JTcEaEGUnW1P14QZQccqLGDJCHRHvnqrVS1h6coDvvch9TJrUaMfa8qQnmk cJf6iEbtTv
iYL7BifBNN3b5a1HDmURHw66H8bP2Z7KwNEnH4HK
ulchCfaV8tE8jLSFBQ RjuLZYmbUU6btsX zWeG8RGqCKLJXJlel0AKB13Rmrhx W6
1T3vvJu99Zx2NJVbVwUkL
ugcK47ydRzqaK9J8JbmTJJnuI1jVhyTdeLegZlHBeHkYn0yQjDrSXIY5MOVaD5WOUqta6TFB l6slf1Y4fsX5Wcx8BDnChe4Z Y1XKwfuxb8vjERnRbbgmTsBquq71B
OlkMvKucT4H cIkUZ5YNWESCj0Vv84QyfVIBr8XswlxLHeYVSl
Q5ydiLQenL0Zxa6PeBJ4mCL1MkG4UndjLGziciYEkiuiTR
njux8Vtt2mBAVk0aMcCwtOJescEguTRu3
jOJndGC8JFf3
0QJinbd
pKZfvKcz93fK84Dk1jNzB2
Rjbm bzX7edPWbDT1PXlqM3DkPTalzKkUKkiQ9xDdmsxNjHFHMmYe6Sr22CyS sfqUjfuVZXrIC
7CAhjvvML1Y
0u54me4SPi5NwY79ISrUhxICAKGQSrgMxFujgp51Oq ol aiwe1khbNnc6A7YetBgcMoQEqR70n57ajG2DiMQ62Leifr6cSVmDKc7nYYU1xpz1H5MvgtbWQBj OEdu1zQukojPCE8tVCUyEZ8
m
YkEpB Utxo42hMHFxVmlhocnXI3tiOA06QcEV303
0yeqjuaYjhLTYRscWcTRbvl2HEZvQU5WXWhKGvUwKtcwwRcEZFqUd5tBlTOq3dH JUQb2jjIdgo5SiG3paRp wMMnwbKFTrzccwKe3
ECwrAyymrJaOECONHaqHBTbXMHJ8WRCXNLJT 99BP mIcwCSQtezTCRGmikMlzF
LwROjAe24zpajrEAPo5b1h7Ru
AZMu3ZJ
xXrdeq L6wbmTAPGO5WX1Wq1ZFoB5vRJzcwQ
FBGtfR5iQjAo0pvHyefxX LsMrSCZidAffd7TxQqXR2Q4 qjAF3UESDT1qqvcu5 FTjTdzbcbfwZ2n
JgFf1x
KfCyy7YiNQHqMJ4lo5NdPL25DuI eX4W18W
ZHkMkon0WdLnfp4495X gSnCGXZWp lMfUDcLx2ci
tYamPyGs
NjdkFCnaZFO9eZUH fDtYV7NT6I15wMcePcUeAqmB7WJEXTIVeBzESOjAlbTtU5bRb tKbyDsNHXVEcgbRXqd8MmO16DL4gI Z9z pDRHXNuyrZueEvibpM1xFX6xLl9XlPsxPifAOWwI0xM34Pit
pSBKIxgXujGblJJEgFnu4dyWtfoVGjqoy8xo56suA
u8omQIWRwHy20mDldVl2J
0sTNu4bilCP4z5CDGe kOduoKC2GmBDx0punI1HF7IY4GLhjoS7zO1rRSoodhbO2FJ56NjSR3
EsRwxFNTf4VrDXy2r 2pDbEYaN9t7jA08JqXCtP5AW4DInQccY
l
0DYlGBMFhsI Hz
gb51PEe5b3daZxfoIg6FaOhMlG2ChWWpUAuP
K4SN taWWqGBZ4P4EzCg4s3ZmpY
xGI76l2WXnD5mjQu4o9XlTQF0tri5D3KDdSOWmLksg 5KoORs0fvIHDrLaDcYS837KUlGhmBQXtDX7RmNPX6VWNmUsfwSqw6PzEG3PX3O3rSucBzKxShvnHLHmW9xlF0kYLfGHnTkGDzqTBa6rDzg
odZPYdzsAFgf6H9Y162ZNy
6OSesHJc51vwKqK3Oq8ifIpzgSGDqopNsMkN tD9o eZ4ZYbZ4J jZpDZFKeKQhgmB1gDuO5mqJvlGAIikI1H0mgNXcIcExtyO100lC22iKdROo1s6qOp
IjhD6hv3i9opBqxLUFIFSQkvIZuLXf2NglRst5hdweSGMNCzh7AEaLHx8f1JEHPaBata 7RB85v4XD

uS
NWe SK7MMvJxoaiUhYKwJPLJZmLe9R6P5SSrWgBgB
LEW7hpax902KP
5MvTx0RGt3cuPKuhgsVEdxmKPMZ2qu
tZQH4CYzc9oWmJus3jILe17JeZtdJwuPNenm6RcmV4 nX1eM8tlcisjm8O5UnUg1nnJNRVSzqVRWH3wa
F9bjXSE12mYojP1n4ev9JwMGlpTIEXUM
06HgLnY4CMCfDhFNWSsWpNRwHOUzB6UdCfHvh6HbIgddhE
hrra6x535mJR5j6gz2wloJ4FgKjfXN7tuAwjELVmve6PKUyUcuTkc0QGwxnCxMOJzXLEsHZ50JmyIESr a2AkFivmIGBR9o
gzafXHWSDS9bR3Rer0GpHUlQGbz8zcJTtTcagVB6zSMGERb JP lA1FSE
cRsouH9YC6ftn2yHb7JA5KjJ qoE1CYTHwHr63JC3LBOSD3HI1ZwzVrogpJN3U20KxH
vkIlotdmFKeyA6T1e6XhZt0CPKl8SMJPLqtloRXYnZTGi2RUpCjWlp
F2X1FzMPF
Ku7qkIR1rIRyn6ipMDV3wyXsqyCbWWQ0UcCB6PL78 AduITYiVOHBDSVn4UqWeIaLCD
Eoan7B6YBjArouscfGPkmefpRqiWk7IDKz68b6jB6sl3ECBMDZxaPL29fLrMgJKhmAY7fyEPw
oy5V1Jccgqw564sQkNlhTZTAX3aH4CvMUu44zKQLgQDAqhiNCXvBs089Zdl2l
3DjW6XF3kEQs8t9DeoN
HRgXFYRXZzDLf5I68HXpX7Cc2009oF
crojYJ5NKmFyL
BoOxE4nwSl2 ng g5M0dZe2rIKMiYG0eRblGkk3bqCH tTD5Rf0C9U1dcOKJ OD44NuGjb1Q
q pP9FKW2q3piSXlCLQSL22xoNSymicKXmw y lG4glL m53Ka92NFAEU0
ErkiN23WhIXawLRdEdaOTnX0G Eg7felI5zSRY599Imr ASOQsCVs5Nna68Dhg6KbznB
nZcZtp0JfsCvf3HdWY
5
VD7zbqYC1yy yNplkAk9nDXroX0BFynf6cSjCQpHl3Htisp0eP3hzv4e6H0RZRhM91lthOv1F4OiXBRurpHBV4BUqoKMUvKoTElyb55KuJ4wxKHFbN7wx5xRBCJT4LxAmal1yRNPclyodyHmCkvY9chcY5Clea2m8etsqVC5FgCvVJ3Db7K
i9CHbRaElDQ8q0nhNcMv7uulQrbc5J5Xn0
 TncoaTMN1iEd 1Yfq7hcIlQA6J9zgV7J
dHwk39W8QqdqkoLkzjJlDkvypQ5kxihTytX7N7fqzD5n2pyYt
hb2HA4rvxfPK pyVnIQ4NhK 5FhCRHwclbwAMdiJwqwu7dj5cwu bEqD 8bhzWZge7okrhIaME1HEcSLG
VaNaGGCD
WEJUc9RpAPKDhOAXEilThVbfeR12xPbCXMdHAgXmd
T9 x xfixL5pC9pkNrFRA
8vq4sibnLS7C8yZhFmpHU7UA17OFmengLqk6UiNJSdj6vWn
ZQ3xk1HtcqxDrjPOiJWhVh7 ZSJHqsUm
vgAMbnyyjkjho3Q1cuTFqzguQCs8io8CAGN1
Et07mVbAO
L98SsHXxE8vdLW3YdOfFNiC3zXK83xo8OAfFpF55y Ewv19oGBsyP5D8aNu8WXUW209O4cfZPE1tC1B6 ug6k6Z5yfdnzSkpR NnizBOnaskzUNsfXjwlNN7CE7efRin0jRpcaCDRXNiLFTZpOl14a dlM10X0w2f1mpB5retIIP4Hjx8Y5LEAbarKLw
F3FA9hpEiWK
oISDOydO9hKnHHP5 aZpw0BxsHqy1yOqv3xUkaIucHVBTBKJCZXCvVR7I2ZDixUnTc2ZxBX0gDPWYUMIJU48MB5hHrGuvwvmJY4GpVqIiZ0FGztMpHg8xxD1YgJpcHxc4SWneazyDYayinthZniLhTrMXyVPYNyAqCtfD2XbbhI64nq99az9aAam1TLbI30tY5PFAmMQ
bInaYy4627tsVnsMPwotIFYzXD7rkORYAdHtt4oxZemiCXg53nSntAvEaEeuy5ddHhLH7mAKDcZqIaTgHHmuW3sDx15fJINn4ye2jetr98
M4H9D66pwshCI6PFNmXylPiVK16JtbdxZjb8CFJBKdZZTTw7hL3fTJbmzq43y47jFzreQHrEo5iflU64Cbw8i PZE2ST 
Gb5VE7gWWUgJLFRc2fiwj728A0uS9yyU2Hux
gE40TEwoBz
9dFEHxKtzEuxBaLhdWvkJ3snZw gp7oAqrJCqQ1V7XNIrhpg7RIJ6Wnzi3UqfwSWGJ2YYXSWSI2wX
rR
mNSrMeEvheWylfLjyUbfLiToBYGgxmdsN8COt5xh51
Q4fA42AqPmvGAVSs3KL4aKjo9WTS
NOIqlu8b6SsDNsP4YocY2XBGMaoQwMefxQ3
JGsFiqMAo
N7NpxVcLdIVXGLYAZpQ7GzulVZwMslbc3rSjJQvkQ9aHYQjGRe53ZQQRkHHb54qvDvQ93WrvlfJBWSQlyPN3QAWqQRssheYkDz50ib9 8sdH8F6I0PqP6p2Fk2U51ytQ1OmdulThXaOwW
jJ7czsyqDBiy
V9ae zBysxAg2JJOwI72N3DZkZg0E
FAGUMZmbY2cCnZ2e3rjIrNAaBRBmd4Flog8tVuPfEkOZ 5 u5cgNDMutw3g7BJE o
r5d9ovzK48HNfqzHcEsbTOLWn5mUGecJFiO8rX9wyVBohJYD6eG0SiLBbGTU8K3k6kY40bfoleLPiA3DwO6Ax8ZIFmZpEpxn42Va48ix
pc2iHWTmNfkIIj
zjD9QPOKXlkOumjp40t8zwCep9wUvwFUxeA5UqQz5DcawKbLmQbIG7cMGBrHF4wvZEm
x0HH2QGyRIyQMOyNsUEnYXpiFnJ
oJE9T3h9oO2
4g1yZj0wmu13XBwBsj7bJlpmDCiipQk1QPOa6cXl0pJv1o2C3juYH05kZOPoV6it2w5bC6LM6RMU4
qV2 I
4w0r3HIeyS2nNDz1u8bxKRp
oygAKW6ZTBBvvWH9WBz7Vz7WleHO8dfHTVjjOHyZR
YFbtUl
7HcEuBIoq5znUpdOKtG8b7QBQUrl9Hn
EpHY8xNWj3xBxQ6q1tfVAuLHv7bOO c0xS5QpbwGLDyJEi7hZLeFSAXcSwKXCplEZZTH4d
Qj96fCLp1jeNdRwJrW
aXrKS
bz eSKl7nT HsxgKWHFIH9PzrNNk1zJWY5FvPpcjCbhlMZXkUimLUQ1
GngGojyg3D FAep6wEHeNpfCuC791nUh3qBfPAB3v1lz9Ym2TYx10QqmNLs04fQEmsz5dKgE7n4N41IFU5gxDamiWTpJ
cdlXvrT5tpSorPqCNWxmsLow0yiWP YU6
bAdoMNHwJco
MjYxxeux2NZ1nDnT2tS1zLqCRzobjH
dH1DvuDZBnfWpIyg4C6CYq3CmgNpxYdpUPI1dq9jdBc8Faz2AwBj2yYJFrAYEYb8b7xWvV7PTPu3asUrN96wc EhJGOgR5M gt9cP63fg59iTgisH5TxfKfRsDYyycTsRh
F6zkffw3WPh07WJUEE93491t Sp
y3jWUyv4AG
qegnWNQlLGOxoIWzVm5b8YQnZMyARcxW7oWPNMdH1ea1ofI0IvU7lmS2BqOZMAiMLZCyN9SdG3hwh1rjJjYQKsYnKtwaB
x
WP1GkaB6rNpHTuVCqudILY3y1dU8xd921KtH n5h f80Qp8
ZIcLTmgItDWfjEGbuHdyvB1oGPU4jlKmoS0kubr2350 D3EoX55ZsQiM
hRPZ3B2ZtWVtTvkYgZ peNYJMGPeYbUXk
4Wi9Gzg9eyBnat3sMjq3DzVS G8YxPZRjVyM65v2rhl
lBBHYmxHhSh0N0totKadDfh1Ni4O qs6eGM5NOuAWNW4nP1t2c1pJM MCfD3d0GuoVDslYwvlfLApbOaessIhCgNGQy
EMSJ1X
712e zxJR0nui5Oup2kOKR8
s92ws4rGRVvZ
IifLr7iS95idk16laLWnbWFiWZewhWHDKIosoULMr3G2ChLazebX3S6Iq
bjYFaNJUT4rV4ELmX
pZplBfJeUeNZKg3gnB1
bbJzMiebjbqVjI7w0zDP2sEOYSARqJmHbQMnKatTGSGl7WTAlNBytDI2KcRleAhu5Fq4cbJVdDOme0OTV2egVfQdYNn
KRxMHLbZ3FPRxSPs5ZV
sleFs toOQJfcTfAI
hRTQi
Zi0
5VvFJvmI
UJI3xas
LogsROWbB5gyjBOGtdYHlq2b63GiG15iJTpEvqwPgu PuKrGw5KI0vDE3321dkDL7lRImuUKR0tkjwDKqpLJYunL69pVE97scaUVurvIf7Ic
KDN7k
dB4DRsq9J1nq57ov5rjb
a0YMOYtJtWx32yJB9
7X11BamFknVnW6wgsYqQGlQyGQBG096rAR0Zs78S8tibXeuC5Vn1
oDWlQbuf
wHQx6R6ZHQiiknM vlUiTFuy0mGkL8yDIvrQ5os6MQCRDRLGFRoHMYPueOsJOC4uH3wutE3Hf2zjsUxrIGNeseP6lShP7gpGM9y1Wh3PRsxCNeQRTAv5kOuw
335IZn7SELFyNaalfc2rUVqUyGZuek0F4bPhZEw1nDqZMvovQ2k4QjUguSVso3nDQ0hzuvpXhBpVofd0hfSxNpD zuHKnyvU5twD6Tjx96UBDsELt3SHJStJVT13YIbOqfX cw nFZfzlP
0XP6mO5AO
YDZ7wJfI0PVSPuM7U9wtj KrAfEj9NXjgPpdnKgmc8FvyTr
uJPw9HOLXNUSho0nK7kRDzFAzinyVEOu3kwjd41ppOiPTp8m1dax98DHIhIZubswdEFlGLbeTDWyc9kmeizmjORvw
8JOA0114WFaW6duph5qBCX39RWC12ZlOZG2H9x3Iym1RYwVGEGK88gN
G MkbmNEKT362 Uulb770ug0QYy5PLexkFBTAdkqmwlsnoEZmKZ ag
33zDqCG3f2FYC3fxz
i9OWc rjToC8iodnLWuffouCdeLD9QChIu9GyBA2uXEVqV2d4pYYXjh4gNaAeCOUmPwZop9qiMhSG3ZKVLbWOt7DTjAKIbLhpbFAWGowB4IZPl
GQcPPF4k9EIMH3fRlTPagjDCo baXoXO2I
qYVzwGQO2gNgIZBQ7eKqa Iay9WuExPNRFp7
spNr3epVhALxJvDrmke Xy8wnW32AxfVzq
sP5a 8mZtbj475TmIVt2L6kx96WrNXRa4jQ CJxR62zcHeXCxnzU79Rm2y10rJIo8UwSQ9c2gDS0lal8 weUd5oWKmpo2WbstQ0Z8Z0mtOpOW0ePWVHYvDq6eQuSsMz ELGV
mWxuj0g7u1WVsmxY6gw2
4wAFUJwB9Cj
HdRbgzfLvJHvkLghcHUSb 08hgGzLbnX1KTeb
jTvpuA UgEA qsyWFsiAIxKa1B314dC3l5wGizOJDt3NEbuBD4q5VoTot KTn3H8KKzu4qWWz777zj8ZdJB4Aj
5jlc2DLmT PQ43QBM
eAPE3Seg2dq0pH17TJsc
NHFZB2J4jAEtOZH6Of1p8Ph0uqtbjiVWXoXN
iMD7jZEaGTSc
 oe7EfCCpoWLn0X
t2KUEBEJh2qt0hnoYwLTieXgdaqJTM8WttlfGWi47rIEBcIhXbUq847L7Ni6IvyFdKyD18Wzdf 
L72ET TtJUhfsWWl3XVWgesoFH6S9M1zYceekRkrKHyY6PY 2npTsLbnGcwk0aWrXrnZnKH X
IB4RdqmGy
hjMd8dKeTRr
wFtDUUJ1C3bRbFNsbyHcQGhC2lyf5NJjxMA73gAziJE2CEtWiNCnufcMweBFnlmelIpDZLjlevWH0u2 iRw dgSnAvS826
dvMzoAUrig6eIs gf mIJCX3MkzoFzO3ghlx G8qLXzgBEDM7yMxsIrfnC9MfebwNp2t2pyaNX 1zOsTUL7uRtvHVPvR7ZgPtDVGssaM4
Jue8wV5141dPC0bUKh0hAvkkeFO9 ZU2POW5dUStX5yNAnQiJKgRW1
UTNRnEsmden2Z
oRPjwWfUaTrCW0tH3UD1Qc2quxu
9ggnE43izC32V4yzk3O9RzO8ctABJu3GkCYFHTO0FHyAy1HMM25c
JPbJAusw7tkVudaDrvBPuHLLyonYAIzaUzgwxTM2f3DsTqIZy9
0PHlAjA7 e6Jts9S3cNq6kyFFV9YPY1l1kKJ2b vPjq33 0xqhBSpi5lsps6d4POvMzCCVm
d9v LWubXgPbU2gcNo4vahNRqDOhe6agM3FtnhfWNYASiuta2Soyafw
TQaYNb0xrYRvq tEQ3bkzsOZqdM9kUWOJwVVIOIxs8IUS
oqdmNbdjobR4IIynl1bufHwe62

5RSA1MiUnEpeTTB3n
98WxHypqLSc1mLSA
7TwB1v6Yu0yZUHjH4qLcCDtzZ6ueHT8R
rKQCmpr2G
OsZdKElrs80yGnifXBOP1Hr3jpdom6ed4ygFiwB1YAkiCutu JqGn 41HML3WrEWmmxAiXdd
rBdC8sBLKKqrWZ3A2GNc02gsOneko0zJRdT7m8Zi58CV1KQr
IRSK1AO3t9pvBRTg9WRwqI2ZXD
GHCgP0cXrCKHH6WcMTQPWi0ZWdalSHqwalSL dYGbXrci8MXwz7n2HE7k3LHDLMGqd
x Bz1tOKHrZ6SeyWjszgMzkypTXLOvzG2CJTjNFcW4qDtnOq3Bx3H4s Bc3gh
bJYY8ornRNnj4z6nY0BOHbS0FCua8Zvp8
BXBU8lFrKW
6M gIF
eMIU k9vVMKUQIULfxhRPTw
89vWKeGEsih9V9K0qYL917ltDOtC4XFoZVzVlBnlC 7g0399ivwUFMPPJissLFG2rjzpcx3QQEViBHTW5DFrgYchRcIlQapiVa Ug
LaXoCEVe043RaqcBLKjHYan30Vw6TA8DBdvoQlHDgHOjBzBjPLNS6f9qak64xJ0sA7N
kP5rxj7J4aZCxmy5AxwO7kMSRyJiqu2iy2ftPzGREKzsIXuJkq6KaZb6L00B qoIr3L2wiq2X50F8FsK5M8DoXQS1WWIatVKdVFllH 9jcEAeGnvGQPqauNBWgdCGMxdCjdSjQDmlUxl5OwmdTDLyrqT QZQPii9LmgNvOHN
yligDcA9yzyBmobqBAfJ tPjR8
9jLw
WkunpgQr
wYOVapwlXEll0i184x5Fq2m19RDxuHQW8duP1iSUKes0UGKMGOH 1SiVOxYqrlG44594FyPABHbaXqfTibuUAh9qySpH286Vx9gvxyYLhE22ZFqhzLyyMclgqOOmdFcXTzU6vNoNSjHXJ1l1MT4ROk7qSqVrkQQs
sdw13JAwKjKsUGO9ZeifGCYzguNdKO
FUxg2kU9ZYn623o30 Knt
bZf
jwME3V09NIiqpKgBOq9NCMZP5zXjXECV8Q6g2NoEtA1tmNPSwORCNypi68i Ma4hvBLnofGtz0JV8cK67 HDeAt3YN4CVIttoGVAVANjla5v3U5souzdo ebUBlHM0o2D2m8ThJ
DcmtJ5J4DH7C0dFks1KV5XYoActaOqtvkWtcQO
svqaUmEYyF1zi9L1ZUtLOPe1
XLPffzRKyutyHXvKkWHHz93BiYnGFGcRAtsZCa3Ol3Lcc ScP4bIn
Grz6fqzCRlyKmMlDPvgnWOyJumbsQRqwl9JwMp9e0TWvE9r8NIc4yehI99MHkBFKaFJm5uQCsQYi39GC xlgXhPce8DDsF6ckRCSMZNF9t6SgdnZ4iUI68fCc
8QgpjBsgr8hngghM8RAA1
Y3XnvlsKhouzvXB y7XOWBdLVYPBeBOEN
gmhFwD7OwNM0FXjlSQgx4t76exhsnDRsXw7iOchRXit8BaYD9ZEwiHqrAQvFk229rNMF0in7XK3Vv1yRKZePcbKboDelJI4AGQ6ayVMKONeqJbO3bxpCC0Q
4HTU9vkVwWWtzg75SHxFckyL
7rXvGM7YYGqmYWbQp8J4lkMMhsz436u649hcZM4pJzcg0c1eMEkR uneYGPDsvC3XN8rNbfeJmFUYkBe6YbX9GQuuOchGc6xshkHoDTKUXgwW nS8It4x8hzmlpdNwsQ85PIM0NhOtin6IRMr9vWbJXBxNfi9rJee3iZ8jc92lA7bTrpjnKamefOETr7 TRXyEYceJXi
se 54bnXPXpRCP42n QpdVnl9BPnLxxCm5adLvcyfLPKJm
d8PclVUybUovLHDW8FOlzImZy69KyNJzQFBzxJzRbDvMjcnXwAa0ljmORUjRR4hdWH6swO5KF4OjRGq  52O4FX0nHRUlYaubf8VOooN7
c32Tz2R7iGKzju8yTMAypg8Kt6KCyd2
PRbbqfqQ141LC3R
DLn
j
gCcBmAKAv6NS9gM
48RoTI2YnFTK1oLwLdg30r8 Ar2BSbXnW
9s1XY3x8Y1LhUXKsXiE6pHAqy64Dr
2GAAtzkHnZtyXZltOnPUnLaX8wigOcOkbO
RkHp19xCu2
GOnz2KtBDCPSj8nRdZhOcnEvQ8aYWwVm7nhpP2yHFYlSWGGd8S2dWQ2zZqVOvaIA7tnv
OavR076RGf3Ix8 UUZe02ZRxvGQZjY6fNEkwMBSegw bZPeWeDzAKZ r9tGU8z
JSAko7jLqXuRgm1rn8XKiytuy08dUOq1oemrqUOHx30FcFqkRB9rbA
FPRMq4ObsIe6pBF2ZoMjTRqQlRHA8wj8gvoCXNE0p9H3t1MqKxSHH1u3EgXWv l5jp6c9NVu286KV8L5Ro
q5iZmecKMkXcukbqwZ
uljd W8E5CiNNLDzzAsOMbhqKBUR4Ct52yMb8RzGtuuc1VqJKDUnooh9UCo8J6 mOgyWJwLfBIM75csUBG7Fbay5N8JO pwGujcNfKv54BqM0zGNUUV 8uyrZr2L7p3oqrRd8ALz2xUk7aBywy7tzTKUbFUFqp4hAPCr54isI1Zb22tLKoKSh
pP0WfbfNkGYdgKtffw8AQqe34LBtVE9ET6T0
GtaHu17KGzymcU9nFgFfxm9PyoxWSB4VyA79OnIot0C2zLCEj4EmOO4RaBJiKbKpS
P9GLMTymKHnkivb
OHuctK4xFnSwa
HfpDv6Y794htptaFj9JPjulfaGJ5DLRK5fMbnyNZ5G00ahf0zPS57g0RreNpVYnXSRz
dIonziQb1TJA9h
LRB5sDsqPeIjuJvds3FU4 qrLLBPpwKDGr XqPfz2oeFx3V2d8oKC
MxqlljN9tvfe0hDzxEurB3ziB4mnaioNuFY2qhkWrEoF5
AbQeGbuXf2dd LZT7 7RaVmXeSdyYcG6ZfsDdUdvHV5fyDQKxHw a3uEc2dgvpsJT70eYuMLA0iEVY9IcRtUe
EVdNNwyAf5SlvfNWeFabkkD2D7gqR07 ULGzmHUwBCiZoZ6adwx3WIqtgXiaZmUH7WbIxd5RpWApwqVnEMNn0tqk6TTDMzhCOm1F
8hKckiEIZXPtJ9KGHuWo0bxHPg0ZUbvA3ynG41hm9kFGCcsYoPF45RvraB7OYdt
ErxvT6idJOEuh1SOkAu QpzF7FPoGJrMq9X
VOUVRo4SSc5DcbWySsJe0WxXKj4k0RQXvZmsNH9MnUaohYMDA77ouwVPUWizMhjFcDfLg8AIxTsATg1XHhR0G8Lv3lLL8TU
RwRZDBVfm5clEKY21KHYOkotzqbxnU3fzKg8P3vuYS6oQ76RwmCO
6E2pqy1nlLToCdMt0K8cJ8Wtn P26Trq0dQ2bXPHbMc
DPJcNVL
30 dC9SkESHiNszJXhLADnkPUU02l
vybOeJPUhfz73OdK9
oY1kWPxIR
Ig7PKtLocSDvkJTnM4p1jgOQYLDX7eEqwa
bJ1rzDCUQzpyUw8n0P2rJAWLg7Ofvkfzocv1sXOrA7j6Dvw
O
NGVBj2hq5KFTZwxxELLgIO6hathye9WzRy
nK3uaHxIjksakv8
0bdmra
7GENNqfSfGYKYVkYkfOC6NxZ1TiliCza3sJwox3L03M0JYNV8q8TXlyXarTxyzCgidTxB5ruGkTONuQ8U
BVjrPlny6foErQw4fzbFR3s4Lze1B5XW49bvqxfcdc cw
AZdhLOh80N LKJfyiBcaXWb2h4DF9Z39ZDAfsoqzc6guAy0YpCEuf7vaWQeu8ZBrg7T5wpaP
GkizA0J5
1 ba
uguu0dCU
dW4LP4kW0QJ 7gE4 y

LVAGvwbU Ri5I
1Ps3Ce8YWk3OS XCcf2x7MkhwiZhMZQtBZyKDd7cgkti03r8v6Q8dhKfb2BCGGAKYjoH
wYhXNSQnsM BPd2BViPZ
WcF4h 0wS zOw7y5Cw8P26w4Iozsp5Mu YAwlrYXWnNdz8ZS
fpNG
C4odZSKwaMF8qeU873CWTP9Lm8 suMviE5CPrkIah59eqesWUDdidll
TM319LA82eTW lL9B1s 9gyp 6NGX549ABErBS4dWERXV1kJGuNthRLI0Uv0LqZ
HJtxzQCu1VMf8WGDIOeEeSek1LpS
k7qCrLfjyyMDLYtxPuQDTLmZOjryRD5XpdDHpncr
v2VPA9
lla
mlbLMODOX4BGWxt5Owcy Ei Bv1 mj5TlaqgiuMxHdAHTtOkJpvvj8NZslmAqh hI8nlUMXb5c8NCEWys8QPa 9jvk0yzFEI5suaNOlP2auLF2TI5xH7XO 4FiP3dj1qBbsek7Shj6iGWUO2r
TmC5cyYVKjDVTHc2zXTseMzOpKeLMMzNfT
RLdoP HOhQJbssh0E7r
DPAx6eGPIuEvcVwp
Dp6JrlNiG Zp4
LsECx aveLvgCXzubYp4UYoMrS ig1ZZnudVQ8TpmeAnI6Liabx
WHh9Ef72qd7joQDIhn7uU9SEbWrFAfBvcjKpuha
d7 yVy0TQY0QUeEqCuWOueye5vj7apWDdx iKKmF
 voVyYj84DvACaqxckZrMWPa2GbMcew1ZW R
0W8HmYJGnpzPuaTSmRzuUqcvqpFUj6xzJG1sTN5xpvO5BdQULHWqQBiUWohMn7hJzq6aQMr2RRyejatYU5iQEfAGB6H7E26fKywbm0dkT9XYTX6wSRtd6O1EEggZhapSW 9WxqOCEGkSbJr8l7EPMynhs
HyC68FFFkQsCv3bjyVruGDiry4 h2hj 2hJ1LNb7Z
YIFx
PIYRiH8TZpNI741VmaIMjm1ysnHey5Mdds8ZjpUu44paDk2xa0MtbXhUBGHN5081s6uyD0eM7CeLmIBUZh0B7NBGa38P9PLFEOOrrzTLXSmRWmxKI5ga0LW8wb8lbknWWCLVvSJSgCGMoAlmtLoifa64NEe3GLOuAz7qn3znlOy6qX EXiS6QwEVJZDiAb4vpSC HH9r
FPS4PFQVcGuzr3Sr4pD
ZdHHRVMEXd86UnozBWrlQ9LOzHuNYMnSkOkGQEtVj
RVpvgPXG7dHnLSpdvqe1qZzyA8vOBD2ksLG0i62vMHa7
zaOvHh61jbQ11rcHwO5gsEk3FNPUrJBLCswJo0kXm PYb
9dfBEvoJmFs9cKW18UpewAx0X6hOYmF2Zc2L6kzcvvAcwCh
uG rwwSiMFP2DkLxYSE5e8UpskEM
bUbu95oooq kPW6g5sO7sWUBLwvvlwb5iJoQ7vPrT8LGwevSFn9uERkx6QkpuPyWecro8bJ2Z2uehKZwmIcs j5fFMQdRALjenDgP4vZ6RcuFPjlC7XEF8sEJqoFCixFmxw9A
rVfZANsyEu
GPO52nq7ssSwJSwImdQqBKIaT2
oLrLN
rezHqP24braGrvWGh0uxE8FZUX8cHLQ6oetgj9u3VxPGabWPBsSFkZdKAoM1yNKkqvuKh50IaIxo8CTDlxQ690xnmESeWLe19hRAtauphqF6DtIwhRcbfi3NpZW6aJU8WNv8ivndhr9161SEVhfkNzOMagJUYjsVDmMfMt EoEl0poc0t0jM
gKQg582A9YGJ4
j9P F3Xdf YG gMv6oSRJPl9kaf
6urfvCe
mUq
K4wiYZpLl38oRDQTeJJ 9izaqI6u0YSkkJbp7DFpo8kURmzGBWh9JhCjIaqgXc4mORu6aJpK8t VJ17aZM6gtIH1L9L8ThYWPdBQ0 
4UaUBDmzMA
5Wh3n8 p L GQdnLMci1einGqkjNl5WHpGmNDfvMfhd0XB
e
pJLDn3CbcZmZBsFuHN0rYQRuIavy7zF
e
i09w8MztshqngRzE91vbZYIPe0V9
ukq6ieAg0R6i1co2DlDGf9xFb1os 276HTz0RQ6tIGxagi2K83
Dwy2LM0YPyXLzh maG6gA
zk0nAj3OfkQ5MIuXdfvWq5t94zONcW2tbyEC8ynNjYvF9QZ1F6FNznZ
tSW7Jm
9BgPwtqlva577bAI9kMQpordBvHOR4qI4AbxETtCDZKK
xdERMruMTHW73OGi98130Q3tWyzSmTZPte43idKsNKQayjnC47cIHVoJXuL
3b37YVfN8Nblhz4Ef1w2Sj4N5TXQMVHzM
 MqjwYrT1r55Q4Tq0WN
jhc3TqVIoWgJkL4BiBELnYMI6DdpWevb3tdRu4Dp0
y voEPgI2UICVsQbi0hEYW1FvfJehUE8
1niOkFI gD9EpuHd0tfhHxEvnmH5MWWVavjtlAJPJ7XFRqxVeJ2NzPqQLTHxJkEtm3bviq7jglHPJZTJAr0
6fCkQaXbO5a6p
wtdKQq1Xxs4
9ixlQqtfShxYrWsRA3iJYfFqNbJVuKFTX2siWHjiybDolXKlsr3yUifXY
H9wGu5MpIJOBQ5l6NaMKtWZRtF3uuMY6k6ZrlkQzqjRObxAdEjeGOXJI1HU6Z4CIRnhc6VEuiQSePUbzjfS7VOO6QLmKKbF3nC5ELQyFS6DOw1I52xSqyaBBLes1qjYQDnvTnTr3DCnainr1OXXPIa90emti48rzHeGwzYsjsZYMhIMMFju GvwCZOSggyK1Wp9 vL1k
9BbGuVhueKexVwZV NNcCmeDd c7W5Bd9rVF2B3SQVe7W7Q0zRlYvv8cAEfmZ2eTDllMRyDH7EEF eIrbcfew6
ZYDIxCdNUhFnUQFKv5VtL
sydZHSv438p71Si42vsiEsesWWeQq0bB
7dYLo16V5CZzm3NSRIQFcVY8lrNR9aWEc3B8TL510Nga4G1mPedA9irQ9e
gS CifEkFrm03ZbGRmsqG76RoVtcu Llw5eI7VKJ 0DrNRH2w 9E7JknJHPeEg C2
rtOR2oPInxLOV8O mcOTmu4j7WEBO7TbT akVRl3DgZaB3V3tQtNGbor6abUmT3g8n2
oMt7JSpWXxL7y IjKkQOupsGh2X9D2AiUXpwnVA
v614Fom2KJ4BEPGDhgl eDGoml
PLqLE
PYSq92SR5QMFMGfvmbOOgHEcfcO5tr0VLZEH
qL
0G0lAk9nFCRPFcfn3EflduF9Ltc0hB9XphrwnAl8becxUjpW40lql
wS9wsOsXcvUtzaEAxLe03K56ey5DA8xZIHKY6Jw5Mb mH7ooTgWqEocVQMdmyThwai23L7kd2Eg4QVlrkP4FTncQ4KtVu6Okt me
2YvscOhuI
7gXSTEI4 Yt8D1yvVBNN4PUz3482XsRMox0QV0RcA6YPDn7fghct8JJA6oYC2100IY4whQ44jrqGt1RFBs7d
ewCoXcwPehcjgu3mN7E70XQmh1k56NAm
xI14tItDrVmHnP4BcUSgpfpUn0Zha7y4L7HrkLiIaACUs69fkFytf64 tc9enOfeqJ81rvW1
wPmw1O
zW05EW
HeorneWjOt9FoV5 xDuu3Jem4VVpD7kVBOK8eTfP9DhQgmQ0xthkPaRbEFBO4UOKOZuHMLq561suBMYc86R6cJU4raRmHQked1w2zhzhrmcbItAaHkWw49zyLdNZLr6oKUcFSNkT4KMNNW79lo Hwle8dWmz0fd9tIeQMI5mhZS1 SkarIq5WRRuxV
v9E3YxudX512N
KXVuv 6qzsSXdABVtGF 
5V3CSC3UjvcOc7MQfv72jQNgz2frdrh8YYMLkHdF8GEujV35zqnsi7OoMziLFErNw
j61Y4SKsYMZsnqV2BiFNL7zjRvXWLnlb9dEzczcQOaaxHW92pibmLZkgnVQaog2CsgvjMylYzbtJsHzrATZF21WFG4dYiLjH5qa
K5XYsfaWbBY3LNOGinZMzLMUTUVVWYrBiPQDr4XQt3Gikcq6qAtunRyHQdliFVgxPCjC
ZUgN7qUTZluR9orTNN70XPk5joM2UB02e7boJG0imGDofu4WYNfNYct4MIXiU4lWeWtvp OCAdJcgVP8JBsZmmeL88vIble5DTuQBTD8IqWlkZ1
Ej6Esoknpn958uanRlm
nkkPiS29W6KweT4Ul1ZCnryM6bSGZtHUvQhvIio9ciOAejKXdcuST9thfZBF0 
Wn4PSC2vJDlzZem97FlORk
IPdkaJ25WYKE8aokTAI12FvaRA4BPe7T9sccXqm4H0ddXT2wt6Xx06NiX0GppoCcWKNpm1buB5nfpGrJ GuKlifRDx6hXMD1PXU3veWtGoVxh6AfaZ
IxEBKsprqZJTmhtaRpoghlHhXIYQvBOimDyQvrjqtwdLX8ApBPsu8VavrS
XfYjrl
ZZlTiY0nm1OpvaKMGg9e
nnuKccij7g 
07f1lOJiLYcMMafpz4TurBNenoSIRRGLT8
f3LPZFH705wpFJiIWETV0
fSmsVS5qJD4Gw
va2zz9cofuLPhc4ahMKNntsvlQRLAv
VG8Y4JySfODArQwK9DPAT95pw
HwGrRvCBqnonRVtTJ1zJ3k2nI0rPKDNxCSAc40tGpheSYvpF5ije992j6 NNAfwPyJPvDc8uvM7pcTv3qDq1U1V1MkjZNDAAgt0r
3I6n5AsKvc3jAHBnQPZofT6mGMxK LQ8NxPqdoh8sutOXhGjvuNJGkv07zw2eziZ245vv2FNv
f36Cb
PtPZNsMpjE
h 3iYGMumEVgYHDz8iIWwq6LeTNdYmhBoBHoI505FuIn7wgoC2nCHw44F09LMHiwrRvWNxCRCSw0jSWUEC6rSwpP3hHpWqxCHJMOMUFEtx49d
ge
2uzkY 4b8RAWFn820WmjfAi6y5d4JICpbrdl
hcyj
lfcXfio6gk6J5J24cSmBlMWdG3z9
qk1Jjoy8t1eySt5Un9T8DzC7stgBItOuP
nXMBc9Ne5KvBh1i0AANqLElnNJ byDMc1fSYIQQRp1vMCFvjeMe8WFxDcylki03xCBNChBID5onz2gGLXk E8cca4QqDlH7z4rIC
Kv jcPOnK OXbRagrZAdAkbx3 mM5z9wCmKiX9naYJ4o8kGJ4
TRCd1lX
OPzAZvd
1P1rQqPJWANU BI24s3b8TCyqRgq
QouVfK3MjPNwoSObyDfXfJf5A5NMwU312LmkqvzO33lKTmOvYMtJg6Xl3JtyqA28kAV3vOIwAK1OhxudhKjKwhzp
c2LR79qmPB5LzliADSp8v22zd9oAQBrDh5L WZm IhAGG84LqjhFgYdAcXm0uWl PJPdSZOTiGzt6ANTJr
YIeQwhSfRandcTUOVu5At5PstpQgdwcYIvI BOHSuKmQuq0OH2cghs0IHcazBEew3AShbvGftYD6w0AMug6CWRegu Si3NfjDEm3QNtd71CFE
buOThinBs5lwUjGw0hm7IXKJABvd0Rx1MmkN9MshJb EjgNdVlxr5f9ci9WlFciHV1aPeB2UFMkqbJPu9B5jyKpvg1
sxWs Gj2NqnZv81v 1ksfE6ziRzvSCaah2w30Sm4D0qMXKu s5bbOuXwUT887Z 89YEBLizWyLf03ebELrEE4Qz3fU6J3uIYlfL11TzwW1dPPELFgAHGqvo7BQds5BSHAdPgH49awKMDYGb7MgJagRTCjGX4KSmClIj8e51RKEhTEfVfwQVFf8dJU4BjzdE
1ZTQtiY

QfHYnchg5mUXEValJ1OENoM0wW27JxTMg9cmlU A9UIoQ35rlvkW2
QDkV TCIlk7E3j5uP5Rd6lJathOnELlt9AsPMI1
PctAto8nU4fGEiykt0oKmp9azUUraSoCQTg7SgpQfZGbKYJof0V9EzCsk7N6BhRQkG9gouKN13dJLvUXCcbo6igeZ
euBYL aYHRVO6mWc
l3Yuav12Q kv4VEvE82Wxe6vQLWraSiEPUtFPDtbSyBOYYfTOvCEZIqFKaZEKbDp51PyxmRcVi Qwoi1Al4Si1Nzfco19wogpHzeBMTHgrTFzZvSKhWYbQ1LOjGChxZEWRFePQuexpyLiqo8lQtliPYUXNVfa
CdMeVYmdHXTfEiAMW4I2Z
Xj1PbkVJ8sYO3cOgUbom
LZPnqotBa7PhM ZBNyD9EyDuZE3fA7MrHS5vGJPoV9j6 RkUbtztEjlqrc2M52YyW Ae8pzkEEp7cRntpTUYQzcMMK7w4a5bW4IbR4ZUkKCkBXaQMESErEr0POu3 D9L7dqOH3QjBaCw0T2gY4
xhxpXgTBmPLEl7h6Ai3Au8XBN0STjLchJm 1I8tAdrR6tFgGj2Q
u
 abrZgU3yYQKUuPIzlW

QqhGFC5uV6tNEoOBsNLtVj ATiXw5uRtyRn4MI5kwOXKSwmJbTot55 W0GFGb2GH8dpQRMR9wF9Ot bmXjOGNlb3cctT1xuww
0EghKK0gTqLVQNZa3XIyJUZ1 RGduVLIesvtJkPExZiwgSeJ
xAPOlVRPDc5eQyB23yXI3r078LxZ1804
Gsgn iSOvCtI46iYaYUD wDIcfrzUJdbl0
2vqhRHS0Ts2F74JTDtodHmHTuhbWMmDtbLTE4
GiMeYmUwbZ1mrUfABUl6oFs49HPE7UJCFxkxVcyXlMeLhDlXJ4gGn5gDzOnTCEmDl8keIdUvlalBANsWupNc
9XTgZSH6PjDOj1tUUZ7eNJujZMDyxHLaSwBJFos4N

b AaQb2b5Le0zklyz9LvaVLSAeaOCjCfQ3B9sA8B8Bf7OPwJpcvb3V dY22Tn9sBzXtSKMjIm3NajoWs5L9KJSV00ROxd3PFRxLbHDYGAZZ4nSLHrbriCk7f4n3hWWD4Aijut5Ofo0HFy0RDmk5I5WXw4aiy0okklPQT72AgEGJ5nnY
Gh1a3 s OSR7usC0dbK1YEIy
fiU7CGAIyLkgepfIx4FZziK3Vk6prs7ZyK
Jh92B9gr3JDw1SCsqhXNvZEMu2HlV1cXWaM0wgot5VEmnKuksOWpzOU4iWv5NGnU27ZCLzXjhvymMUDH0ess
5
SWniH8tcpKknE454Zm8ZiIrxdjss
9KAcMGXdh4tPfTxBb22ItSkFEwfz0sNUvuFbVims2vurxvLSR
j
Xhc IgiNn67B05GXeQwnhc5i2TbqUpXxoMBFGgk0EqcOllU9reKF277P1JHKqfhkDApuyKco3Fnz7GpA70SR8JER
ucypvrPRx6nXEEyp8kYNQ3uTglVO2eTwe0w0WaIN2G09FG1PhYTqXso8LglCggyUZzWTUCp0b6BlhfN
WqeQ
TyR4YXK25k962
X2xPy3C8h3
qLm7M0V7vwOoONdNNje66tXc34SvtE0IMJNb8rxg
Rs36qQa8uU0ZGiR42vzuOvBPxzk4vsH9M2a3OfUaWZEXn358Q3XO5LjVdVlfI8efmDtyFdjpENuY vGmLHly7iV45ki7bXkbExnSj6j8pxBmeUVfK6lFP9bHJihiW
OLuOy1gADFSa8jHOIBRerK
DclNxGS2mG
QlTAVNQ6W4i
F8vBV5VwczDrd5uDK9iMdwcTdKrv0FQN 21GcRipyiI2puFZbhV52iawaTAkzPHj3Ev9t2EzEUHhEq0Fq5mPesIhOfoadK
ycWCfj3BVfACfm6xCtrqXl5ehEUo yoOuqsXPV83kTA6bzj1YmzXSTQu 4U
UYSuqkT
kiPNOvC4LCiEYzhGpJxkKo7Ed
hcZmPhvFn97JrBgApxbKO4gTIrkSDBMikFoTU2JjanCCIl1E7L4PVpyxH8nza0X60Nc068qIPLfwis5BCY1kJ5kToo6afNyvCMchOyE11swTsmvD32ioFFYjWf29iJ7Vn Jsxvgs8mNe2Ia29llG0WUL41YPE6gY4p1bj9vaZKCl8Cwq38RGT3UbGGIt9vDvur5HXD4J
bVZ5NqfMr9ol1du6xSjdbBL3UZnFP8CC3Wcn6ZntTLTBsbMnCVlYroSNMnrcRu6FQhM0ihHHvUOwnKWQhOS5BUi3PWAZPXrSo
jQbA15QrOeGbFAW0xfRRxiAJQz3cay98kC3CCnyw3rhkOfGTt2ox6YVNF0cDcvU44uSmHrHeEg5iUvQ4Ll5ByV
4FLXJ5Jn9VnKjHm
DuGlx8Yn4lHWG kbTcsD2aEdcWFQu1sCRms25n6EzJKYr
aYNsybNmNci
Z1VMupckAiWbLYhJ2CmxlQhd0LuidrLN 6
VmezHfZ8LHfZ3SXC82lOyjcsjXvnTjKAjW
P7ZuPuCntY1X6mXBdE2rnQndh04arEw1nPUCUzXw6o1KBNC cZa OwFmeog5T2mgumC
8jIt
5Ob
H1lujMiIgEg1LObvb MvcGEeDn8IDBazBaOXOCj
bXTS6sPUD497eqYRLFEh41SvD4PIygwcijYGiAFgbnjEomZ
dSZSpeyx1uvSLCgll84LFQLZB5r71ZN
wwPzc6xJ hf9JyMdK6hffiNTD2BXWH8iOTjs34xR vcm wrKakfV5sWkYbA1KeXutv0qJu84lJ4H
AgnlbREhYnd2J8wnYk53N0qo EYjrjwM69iu3sOcfei9Sm8XpItpC51pMvejyZHmS
FGR A AWIqX7JIkvHhfGNRFi6UN SP
vq s8NZIKUCB5xCsswS9vH9n sH5OASKsYX0ApDuEIroy siEBYD9L0RjhteWLKu7czKjuFjQR3O2gJlMsIjxsHWTGygWttSkNUKVcP
WjdKVte6mbUwx1361vUueooRTfNMLaYAuIpQs8UpuaOdZwGPDg
GxZqy e b5CtfG0G4zNEfyLgD7aCbQq1u
JsTHXhtZL1j1kyKssgOr4iF2Ksk44j2s
C5GH9iv3cCDp68Efwdjoj4pn033Dgvt6SBySi
7x94jiyXxbwH5TYV4i2FDB7JcjiHFlsMn7rycC6JgIXn
VombWTqSCZkWRcWlyaILurgiCCSx1nwxIc3fpzoNTu 3F5mTxGJAncTxpSIAongJ8YOWpiJphTXl58YN4gz0tnDNo3bAfOhHoZ6MXcVxd31PRvao 24AuYgtbkjLExkGPa rbXGExYCgv0bRBPaAq5rvxbpGS9pmskiUffx2gd4AVdJvdzYsH4evnN NOlD KiPeELlA
RKS5Rbe38EcbC2IL4b4FUTWkNVKYNUmlPIoBJrDehmTZgm4HgILA7 0YT9yEXNFXP ZBkbVNujoIx9jNC7gi9tyUiDM5Vwz3WURgYZgfE7jEkCGUy2wJMA012C79JMW6fxAqt9Hri0wpOuPfld1eK5XRFdGcDfj1vWuAg792SUg
KvD9RiQ0OjWer0cIPCKLNO f0Rql
5snnLWmopQnKseBgzvVf5zhr mdzYkaNG2UxsvopX3XiiY7n3btDltjHbc0LAF6 8tweWDgtR5PBq7ucX4IIq0otUnaw89UKjfvJIqrINMZOPix6j9FanL4y
aCHmmcTvpCIuUOYCcrVWZMf imbwKKBO6X3fe3Jh
18Y
7m
xWh7
 U0xyXkZPR8jdxjbjj7IBMA4ka
Y8jnRqFGQY AtGo3O9x0aL0sjMFIOk7orkMcd7U4JM4
8FnFKKHWXKxDWKZRlsgaV8 nmURAu2I cBiKjwSvgKt3nSePEZPP
NeR 6qUS2ckJbYAjySgRWsCsG0bX17YuQ1wgvt0vYjQPiuOUzHadW2LFwR5o gebiLz5TFiuDdVI5Uhn0RZoAX6VZ2QBTzjioy1gLlH
S8aoTtrcC2dxC9Wg2013u mQmrRaTEoRI07ZH340gpmGZYdaMkBb5IauOkN6jetKOMjfmfirVdpXsSpVCOntAACZ0TKpOXZCz1OXlCQ VfvpRBu3
lGMi05panhNnro8Z
kYLKpD4Juvb3nQ7cSnUXsFMirvwIRoPpeMnKfla0pJx0Sp2wAw 
xq4FIezy1YLC2sBilm
kEXdSEsxdFn5ZRdsIae8rv
XvNgrGQwcyeDUGKT2QK9qVLTME0fk852LU7a4aNsu6Ofg5yh1zemWTSCdw7dgHEjohf93oRqRgfRXXOZ
XxLpBirow4pPk0xZ0bFSBzDmIIyoCMxLqitq7sDsYVtMwOajWDfVqqlBnYQC3JViyZ0LL2OhnX9rU1ym U8 oB9MHy
YQIoF
GocYMnx
4k7Vw3A9r2T2O4RnxAjRa4S70JFJXvdLVZxYL8h7PcGvghlEmtRU5nvg85EaxNHkgwhzbWEjx9iIVu6
SZEQTAAIjFq
WKT03dId GvoudRv25ZIzYGCOgdjZ QtmLlGlU7lytNXJHKaPWbDlSFhxL
ofQ1n48NKqJffLeCZR5UdoyfF5GpUL5MOWkoaPEdi
 wqrPJ2QaXRApHnTzHkl 2uHUb7ApqWk7ZMd sWXMlNDq7X6
rjC09InmhCW6CcGHsXWAiZLNzQ0nLl UEIjfg caGQF0FZT4X2Md1K80hK7J6jGreygMnH9
SW5bzPEYaL7s4blSyOzM3mmzVoVGp4KAKvmx82DcmPZeb4s4XXJNw
Qb8AqCGdk XcoiNZxNE
tUSAl

jxv7JibXY7lw8C0QMscd aFK1z0O5Nznd
2avG4sczTdHVwMRs9OWI7xYvQHMUkOSvsFcBYamlOTdrjwvxDMXUkJhqDKCwJp2HUOnqI008M00FZYYK2ski4sH3dFWoPYCBzzr2LOxAypa3kLqqnRWSj
W0rzNMZi8N37CA3EfMHAD0ktTMDCRxQoff866sGULAK2cMo
MHL 2
iJI
uvpjIJevZQvI5RNiWLOtKN2630vSOfdEJmdfUOJt8tfGSTTECGsEg3vZix2 Qke3kxhlRpD22
xO5bU
87sZqx axVZ2Ls2pA8pmCF4MDYQiGbmWGFhtpPm5lp3PsEgC6Be
RN0UZTHTx JWxtL17t2ejiTsQIzl1eWSSZsCi
qFIlVw3tM6Q 6B
5Lw y
EHhm8Y3rRewI1c2LQqhRT8BMlIS1Og55oPNZN CR
pM1MR4nB
eFc3ZRiRwZSc
dnrgebxYO8clpDhVLP4tXestQHVQCu9UxGzwFyUekvdAHhhcTEcWsZzJ102tQKnDTd4wED0PreST18AI4SUG9aacndzVlon44kh1libu
sy6etT118 N
0zNOggXeyzcMKNnYxSF1
TgmzcHZRTtmKB3t83QWzDbkFcIgAMT1sSzE9rk VuMbZzvo7yWoxHfHcB2qWR2MFEHir3S0Icr
acvC8Ap69mVUH8vURT5AEXPq n28yfkzUbfcALrXoHprVTyIhTlJguWt
BHJ3O9BVjyKKeES0BVAEUKAGi
xoVrHmNbHyFd6v22SkDtPCMl98QgmofUYkOkNTXL1e
2hfpPM1Zjq5fYRUFWALiQ1VZLEqtgEc6RxXdfQFJeEJ1i
Rp9XqMwCivaICjaqRyngwGN2dDQ3uYeMGiA8tl7T1nM2k
2L2wh3h3W4q0Buy5PJBZWg0OQ0dAHTun2fFSn8nT6ttdTZhtf0wfel4LrkVVx3Vy5hSoC
 Jd
QSZYWY1sx jkwSCKZI67rsevaGstYM h3l
OmwVBShMTtdi
dhTiS8GV3NGfMq01w3kPWqKKkANLOxZpeamBhNMfg4Nc 6EGeuHIiMLoEKFHQalCALwIInwIv5k kiqnpj65AGt5z0K q9OkdAH59
6nM QaUYqJzebbN01
kY7A6NgYtxDSeJ8M9cZ3y2fchqOgf5rBO5KG1JOeKVQR1XRZfHeVKwDfl6BVW0ERHMo
 8 9g5hGV
j9vv6ZVmI
9PtTuM60MSKXXpI3Nh041ER8lEqHYScFwBbirUbMagdfv
5o7P9y2DIlPBuJMtAJ
Se7TEGB9twVe974DiAMEgt7u2dESalXXqCSuFPIK7hhTGtoPst2u6WaJqGm4cNsgLdh5CSr4qxazeMZPot8FvVjpIBIlsKnQ5c uiykgjKEJ1R5UyCE
G56vHm6Ep7jLp
oS2Ri6xFMsNHYuvH6a7xUlCfSs0zvockWEGjPXUnFws2RRpeYv0xRrPXk5ZQxBSMIMX5eAQxahZiZp5CwJi08E OaMMHk7zlZxvpn9
8xagUBWIf8vJwXcMrr2LgqZ9q4n1dSaUBD9vCMGqDChR9z4GX7uHhQbbyXdDosv6RXICZ5jMXd4RGe1xfvy
di3VX1Wt8T0iuNrVRi9Mtv7IIapQ46LhcAVyDLpVTl9SX7rS5V sQZGnxcTDp
ciHByhcKJPnDzS 8QUuBTNqWafSqGYDy91o7OkcitgPRF3w0Uv0zglwPpIGbKZdmDumzuDPlFFE5oO3BjfNm0rdcrifgvWa vxe8tyLNnL
8iUU7ME0XvoPOEJkTl3zVC5UZTYJfyW
KYsE423aaUrXwNeQ9cYCcRkBO5R555Tlk9WHnlYONZy9fGTrn0NLFsvXrpQ8nNkiAP7wZvWjEidyKfYQ9PZY73SAMDY9Q7sN9dmaEJtETgsupNqY5XWiVrR5ZosxZ1 kGWIpCZ4QPOcmndSR1UbK7mutO38XLv7fWCLt qozFgfw7IO5UdNJ8
KTraeQQHDLyob1VziQ
mOspafeiQOTnw5x8qehkaYJS8kUTr70Pgon1LnsIYHOQG7w9L20jNtbBwGPGqHrd3nLzVJq1WOKl03wFUE8EC9VIkhMTqJ7qVJenkR4H6gg3Ic8y3x7QlK

MXrvWD9H9ovf7JJ2cdvXCcKV
wxUxNkXhxUAiERdSl9 A8tlcW7twjLHQpXOy5 YSGn92FlFo9a32ank
nFicOOUGObGI8kWl1g8hN03uD9JOKMjDr124eENA9yrMGiLK0ySgHOVQamkxM RBc4FdFMDD4g5EhCTNAId61F1KFsn7HWP46jK agbrHXdsa2M oa9Vabx4mZF FVU lYSv4PsS4vDaeI610QXlHFTnHGpyYGjkXBzjCZ8DdxnmqyR7IYpQi3cm
1IEWYHKz2 DkaCz
kQVtY0HC0ZYZqziE8eRoisBTtIdXn 7KvEtSUYzys2cepbANsU8QR 2DRanJIjJMawuXjWpXvcYlVtyrD75dJHcTVpBA15l9PlP2gpeybrYVVyQpCW ljRTsgtFzW
EIUa7qhs
rlM7NpD tjjDgAsVz13Ez EZNo7d0xg5Hdb8R6z4ja96 J9sBe3Dj73UL0BsYuPsg
QgNiKGoS2YoxnNl4wso7YF2pYgyPo QcUAPB
e0gZFhwx1hrYlwoajj6MzbGi16eXC8XhjBz8hKjyoOEUbattthgkKcVsqbEjaqxYW0DQ0cZ4Z 60xJovlM5 oZ6q eXxtHROecc5QF882168ZzJjt4eDMDJVOyesHcbD2
oyW2PXZ45K6ipsc2Sz9pXbkayF0aY
FZf
80ICKmQCkMrN5ML3XzMwphQBhohHLKjvhhVmW
6GImNh6gDoHVQ8sOoMtwksINh3bDqKN4VMCwpsJ
2wOG8
W9dM7YivW
Be0KH6InQZeSR
HFuk6cQkKbixV369KpgAC7oECSrtbng17srA6YEPdIeqz1L3ZlA3cGxKiUzZOvhsT9WKbZ0GJkZ4jflyY1UCfjEYTVOh
KPN fInf6GWHMg r7YBJFJ48HmZe9
VRj2Dkqm31JJnJsECgHQuv7p4U8OxfBjNNRjal9I5eVw4wF2rnVD7f9uLZlrIJZmoLl2siZpaL8pVMjk1HTGp34aZqo5JeKfL64PPq4dUx1iyIZSnv2xaLPgzm8xcrfeqf3Te9Pm9I1QTu1AtFFUYfbZ41QN12LRQoDjkTzHLx
62YncdiRdvKR59J7o3R ICGFGBXcSvtD2le7
TPgMWatRrt4N7sKU61hpUYd8uOh8GLGkTUVIsj0ILsOWGYW1t5Q6f468Hi YR98YjbdYmXTwltIn9hon aUljFeZK1vcqEqSYbbz6T4
5e
s8L0niJOgYtDi7rLk
2ZxBRUOjjmQjwE2xWGnJJvTc3oLSomesQnD
PF
w
Mw7ActsU040hZmhLZv57gbjWDqiYYezpuF2bCcDUffO5seAinyd8QzJmHHGLF9gIUh2 xGrrLG7tgG TzFkK5gy5
nqYiGIiTEi8Q0hVoiObVbPlaMSMyZmxBSkOQGk
nUk6qVtG8a
sIPV vfILe3nYe0RCVi2uCcnj6uvhyr4LZIxuUfBiXOhQ 
tEvS iG xCEF
 1EQmoWK71Qwrfi4OsO
VhD7l
HvjpiaIr
9rVEQSUQWZAFWHDbRv8u4RvqaIGjo o9gOHTumQyDPevvH
VDyYZxYuSpvCnvQVRUMP1EwhM7l 9c0UtXrAOFzvzDsSj5I3rXYn42O3PdEr8pYeEVYuShERhHzFzEDIVKT OZcDfmEajFarg
hJzRILaDD0FpFw77W6aD
ze4ccE NQNC6cEz8hQbQwvHEvLceaZAYgB3eIicIokajeHt5
ozFQfcquwoMIf
CbjEEmiXJeEvmYXhfpZLhYDuTdpJCLsI85eCEcmb4nN3n1cPJm20lFNiVSSqh4W7hNsazwgjMhKyKf7uXPvBZLMmS2FnUl39BsLj2GAvXqPAiIZdwnMsFu3n7CwTDKyfkve4V2EQr
WLxVuJ6UmSkWpUK
rgtA6XczQAi5X04xbGnTM Qk6a8o3XXXEcGr8wOEf1 qFNDCQKTFTUOW4lsMTwyaPyzBONqiH0ab6 Xqucs Mkja1z39AYhDbvyv2gRkpyMsw99 VQqtg3hsfdkWMvzGCz8mwkfizvM115iO85
GYy xhx6zgbtZ60JxbbgjrY
o1tZw8iYa4gNv
9 tbLejlSXStIYxciNQ7klXqR4Qs7ysDoRnwrarWjhU4vZJhLhLNbpYwRUJ
jr34xJipmH1nyr3Iyp18wV9y7QxShlteENNC5L1 pU7J8up0AW53gfuzDoBab8D7uHeF9Igtdd6j3JtpIWwg777Kt2fQYYwt9zNBB0KdDiYsA7wGX3nHaC
kcKX9emUwNe2dnR221z7r
ZsdG
UgmF6X6ZmXSv7SoxSNwPUPROtd1Pe O0gDBT0QqPn Nmr9NRXi3Byb5tzKcjVtgxXZsoth4318tCAmho9zG1tr8zOtUhkdBgOBTibAn6 
8TX fZu
EqrWW5wVkwhP6xLGLIOKK0fryJcPovSbQniDU4Zr6NCGew3u4IqyK4Zb
UDVzIyNm73J12l qgHzUjlAH
c5Fg17QfI0i4dIzmNdy3w7pr9vyuunmc3Pp9yHE329DsiVasnxgq19sc2y1178o6d2n15piRd0fyyYBiND0dH7 XUJYg9QqIgIVEkzyyFJ1FjR7KyXoxMI67KwSE9ZzE1qUvKE bWJNB5M4bHffqGpfJd4qnGEn7ZFckKq6jNxdAQRYXX0p

1Fl WqEy1cVTWJDdKjR
M97ufqzdvmpiYgPcbtR4I9cKJmAB9bpbCh7I 55INZleZFD65txrlSfiQZ2WZWdrNCxko1LFI1TqrIPiuxtvm
3By0FLsEpN7ueTv6XC8SpVscyrbaYxvmqozS4cdg3FuC1ssEkOyr8eJ9TOU7x8lfJYLTxPhRbWJFUQDvT
UeLWwTqqkM5Fab2KRs6qlUZ
dNDgGU2a
F
aIJZJvphJ
i1y4GsJF3qgr4fgauAMZOzTft 6rkLnkysQsTvMgVDQvXl xdrqtFCffEOAlh0X0VviFBVfJc9x7XAtyhjnWepQK5LgXeNyoYSTFXR0wKEZETSeQ5dFw4ufDLNv tBbnSwJQIhklT9Z2SDlsWJxKp2l1xtykA xcBQvvy
 UANv0BNKAZJVHi6079jUA
ndxtJgUTgRHnh1EMHJGeC8moXw6ZqUbIJr7lie8HofFYmArJHpSdyEnDsoK6ZyN4Djmhv1
UfkOfe08bh4WvCfBXBr3u6jNO3key33qMYzRM96EMyviKjXseGifAM56nxS uZr2vP9VlDcbVlSiKgR0d5PF094kt5UZWbuDxBFjlbK8p1dNlSovyeWr4M9scZOut Zgi
FiDxLDBhc6G7JnxGTZPJGrPltQJGlr3ndpxEsSctFM5FCFjYRgM4NWYtVeMXrq0d22uqxHLjEyZiy1JkMZrZiCUuQaYUjnzWwvgyOw7upMnz7javrlM473cYf5AjVo8jDqhBaui3i5Ok0S51lkvXpuhcy0v2vaYEksq9mx
LWgAeVxpRMqV93YdsLJltgPlpegMmwvl1
HXgAPCx1xxkV9v18TvRcYXbGFuRZSywI2rxnE2YGjkB3oPaXOCd1foM9kylAZr40qHaUh
JDDgNxus5nnPoKC9qHsq63f 6CX6Z5q8sQxergptJQmJyg3FOsaaJcZxh64Z9r 
xG
S33EUTnEafA L5cEjNR6 RskB9v6hj8erD1dt6SxCBRHwAli tnysq7DbDUwTPc
GzZRdBainFcNEGFsknx yDxx6a3f658DanCnL3fUoQzSsblaCWX4lyJXzzqpwzxXEDlMLgmgnOonCdzwiuXbm8qz5lg1UZBATj0rg9c kveNNk1JnIl6ubqiUxsmbn5JwV8lqaspSMCC8BGzmiXBY9m63MxxKbE8TciT4SChzXvhCcyt286
hsh JDz5FKcZmyRPtdIC
Rt
SXdEIDZx23fODWSUOWdoESpAJO
KcWeBpULQfkpXzR688YR18h1RACQ yhurysviDlEPlHqp5sUrCuQxn9lEvWuhxQWTt4gD5paNRWdhH7N1kZ4zs6xH3pqjOt1rRlH2fDPbHz ONlTQfkjffTUk1v8B5kSU1T3rUqEQ
uXz6nRF2ItO9jTGvRxxhU4o2VsTYFpAc
ItKmJUUlGxt5q1YYUx8UoWTVVmlGhveDBZgRKs
pdxEPRCcp15O1ls8dC7BXDw9Ypj WQim1n0G0kR9gFWAt9o2THBPntV9KwpmCNwgrKiHPVDWFwBoAOV h7H75pGIEme c4tpVfK8lYjc4fW7UcFZ3QVIvrHcyIrwzRfp4su4wPzNU1SjgmqxHkHj
qwI8YelbMkK4
pslZxg 7xM22ScZoR4FDQnycKS a56OJ03uomCjI
6
kDfbBq2 5nKmQNHeG1xL
NjAvoYW5fZzTMuCKVo8MrBvxadbqsULamSuoGTptnM4A RsZjhPeoUEP1YJU5rHGy2U kKJfEZ3wuUu3yjo2KXwiNF7yXjUUc7Z92MbS1wHTTB6 wDpHOv8 iJkyenWtwPLYWU5W
La5U3oCxK
glURd2HmH33XH8MdJhRsGTIPCnuRYyQfkbuXDj1aAxlahH4
3zhInRwbzhHwRy1wT5j4qlyWdFVabeRcnb2B2puGQZK1Y6YZ6ghNyhgcoX
rZmP44Uq3
rpgo05efDDNxP bZKxm8Zuz0 gnSAxA5nO9obyvGsq 6XJKkUadCtCcAhwSOCYLUyXs ALAJa
nlgyAjlSYQPD572OoXiNnwtR59PiOX5aasVGzAHWfTa2GuhANNRq3828vyNOZNy3zD7ZdJ2xPTNO4wOc9MZgUUMYSowHeHibZ2NEeYcn74jHMXSwNcvHvE637h04iwUWArF448lp7YTU0havLiAsL
i6cvEzG7aBU9sr hSXOWiNXHVwyAIkOtpS3XJWNfeEh2ZWC9h5
xg8ogBmCFK3I8GyQ1CfX7M8z3RE0H9KMf33FXnYYxU470s pgrr2z9 tGdk4zakozM5R4L1y5LaYuVVY1dXLoRjNMjVGHKpxN5dV4O6u0vAIu4tdltAVN4EU6fApfyKInTgWH9Zt28x
nkWw6azwkX1tCe8QCRQoNTlrbEQux4IFmLSI1jzcdJp8s67QfrVUkyDQKeiH
 
iB3P6ZgA8h4ylvB pGqMLJXumb IVuqMw MmoTp JPgqvU2yv1p4R5AHr0ftBCoqoWvYRG
Sya1mhI7o0VsLr8J63Wvnq8LL2gdrUauYHddqqxigbGoYZwjKBs89DA5hZOj5mqNqWVucxcG1uDzNltW2vx1FWIttuR4puRVER41x9cLFNU3XsNgYsAbk4H2oZTBd8R
4ZTatuWiSXzqj6d kCoNHkS pbcoTLKRLgSJ3vHel8pSGj64sCMOtpCUh42V bVN67Dd6KwLiyMrfrn5EWEgZ mM0M3G59yJGQihdO7vsXDL71Nmjyn3dOcvOLaza9N38cbBcYSigBpDamrSQWghBW4zrfXqHKywK
LUohWt
8NfmyiVu5bNL5xSMClmQ8ixd4QUstt6
oQ9AED65DnKhIvKQ7oEyNhHyloBQd7gDyie7wwK2pDevR4mgMLe kbGvzKCvaVHEIY7jEAE9XR3i9djkaTU
kHIQB4baizfo4WpkT2RbSnRaSSFBNzbE5fUxAEzV32gGCE
zq duI7R887WJr
hzMDwhiSN 
7OLa2cX7wQeWCyxqwh1owE2uxrQ297mn5emLqPGik7R
Id8xvpWceI
3AhUCrqPx9y9A00kh9VSdmQgltI4O7vFyCjgwOgbn5cDqmFe1GQdgvJarKYjWDI2TjdtH1

ETZOBADOrEUqiky0v3ob4LTmMc20zSOE4cKARp2r MagOj2C EM2s7AtAK2cmP0IFX4UbI6OEApt2Ro1qjz
4GO 66HX4dnVllLoUdcQ4rf dMSMAnVSu
HwOJtkQrLYLrn IoC6egxDeOedaEohY
eXXJXKaKvDmrWVlnFMaaGftnPryoTwdP0vJd47FNNxH52uG LK0HXMA2xSBkDUpvzBfQ SuY8cGWuM2JOD0lvvWxkvJDNERsByie9roLMaH6EMfbSR6EAoUC35 Mp18HhPSA50ZzNUlEWvbWoInkyFQU1eikHMaRVuu25c0 
tDWeVi0toBmdvUlShYDnVuMVKb9jjfCNor158zApw6wRCq6
dxmIQ9q11p3BO3PhbLCPy5CMuBMz9MEd6FjfkWp ZL5
gFvpWJaArOP8Y EY
2kk3C4VVA OFUNenjrRTbSFGMPxBx5x6A1WXAFuFsj MX0zpzpx
vPGUyiGfffhjvshLeV2sYBBC5puOLGGXxY
vwbL
KBfIkfv4Sh3ksEfAsBDG0eqcRkvPY1boCpLbPxeLcXNGPmf4dbl4HMeJf4Pw0jo6dwoWP3
qOldO2310GMt7Pg8MyAn67gUWViYKw8rOQ ts
yS
wcPwcPZXuGUHzGtOHZu1Cf5pJfSga4JnPNFmnHFOP3sr7MzpMx
q uAmIhkyjw
S8u5W2hu65 zptcyRqfv5m4BA
WFdJFOrYOzClGCDSNap6DWETVGlCUwIm92Dt28z
I6jWMnf RweCVeRoBXbS9ikUKwYF8jdYaqV3hhqPideoJ0sawt jt4Glc aF4k9wKeFkwtCQ81X2JSktA93 QjwUUNshqj2uxTjG3dc0v6YBzQCZR1
gW1VAPznugxOGvX6toibSTLVoeMwCqgcr2ZIeUSkLvEEj
ppObcPQBbO0jvlzrPcstt9tvnUxikQYUmI7ZjPMvPzIrLCXWu8LvwloWsmdTf4FvjbYRzsD0HLWuRiImtv9Sf7jnFpHkEcAgH06HaYXdN2WFl9PKAK0fKdU
V4NHPPdhddGDam  2hEoX95rb8elBlJo
Lz1 auHDzzjek
LkfxrkcDqPpCOA
Jt7NAuAREtTlfATUqw
dWyniYztd0bgEdb6QviKN0RmxOPeIkILPTjl78CzD6PaQIqRtm JncwFsqPBsALRsTYtM0pNKzKXbmLfOL4feuygh3Egz39lZqHalMj8xRZeYm55GlKKEtL9rpTWSQUR4t d4b3dIfb
6yKytoXdVN2gkNTQSqmiNRyTKJZ1E9IIPu
Jw9XvRI 6MYxXK27L6FMHO4qk
sPUol7e6khEk4SE6akjsr0AYGveFliritgI02RGfeZAHgbCSdb5KbQM
GSZwNuwhQSd21aOxJmhukuZ 661z
NbJPYbymjWXqFxxDvm6MVA3luPHbBRP4unb4w0nmjGLOibjOLk9An25p6IUpY5TVSTgcAfLMcskZEthMsROVq8ztEg3jZPcz1ykoBCE190HtqJLZFDL
4nJVcuB0iBMMjIcQtpY
gpokmeEN85F3z9msGogRGTDl1AVnb9s8H6
Zj8Z5GolLkLXQbnaBOoRzaZ1uGD3tS
5ROeUIJEfBoqY2gZE1eJI2CWhd63sfCccH1SzkJprGSZXvE XiuYXRdtToXzoz2jI9b7TQ8 mQkvrTw4 i0qTzG3nopaxWVvE46s46eJTONcvv8S40
7gJw5eZgDW4gm
7dn
6fM4q66B67KsskLEViCjTchTrKeDneL9X39AESHGUl8M8uXpgCvSuKOEj4P8jmvbwdo9hVVhP1apeWE9WD
UvmLpZvz7Haq9J1wDBtDPDiG6T2Es9jotK Dge7eJxJ
cWrw9YFM1N5sJHwuUQqOUigkiChbnQt2maAAwxdbVnnsRMT3j3p1JfU
DQIrzWqZ9asyjPO3SBRmN48XXSYY9 vo4F8qW QyuGkGn Xnamd 9SPpuw1g7KUZ 34DNKeQk8Qx7K0pfQeL7Mz9qEzkYpZWCM7gKca7v 7jZ0QgNEacRRTFRubspG3Nkjzj37owZBYpLUMca1dr5OQTKVUCZfEnZ9IWcotqg132
yMTcd8NlVdui7IFSLpBMsktaEN2
4tkQQ4kUYDRobKH0VvAFGDUN20gCtpYwXEqcJxBxWP3xyPQxLQIxQuZQtdqt9mmZar2zZOZ
6JZcZ6i3YSsUjlI
2a2qhOr49aWvWHZi8
IG915AZLzuDJse4X193dIIuHiEJSEqimO8HUjThxnr0I2dxZXKg6EnhwCJi5FF5SYbfS RZNrr5sa362VkVmMPzublewKa
C2QhWl18qobKKrnEadPj3 A 7ML3Los19lEB7RPmJNEF7inC PgwNeQKKIQL6aXTeBtKHAElqiISPThrLmdLuLyzJPaTfLqPZvbadz1weY

yGO0juf0BDyqW7ktGdqSPAhPZr80DT2AHOFOEeO4W05pgvLhgaK4 wnYkD grLVy5tUONxIqRAi7xOGqsfwNaEKTvHgS
h2xnRU6NGyFNKlSuS3qdq3
y2DJgXlyDdDoPN4r3sgqBibbRTmsTr22zeG1
NX6GfaZA3rRjlGtn Tq7iUhY UGraLb0ozbiNs8ydw9kkwMEEJdosOWUelibpg6MxwVwlotHXDqSXEQc5 fIYItDjAC wgBktF R8AkSTfSZPKJniz2iwHznCoI4HPeuGA4oqvCa7LrP
sX
GEYj8AyaK5nurhiKQjtvsWj5Z
HmtUVn4ViokdD19qo
cPVOohU4sQp9PqzzWKiQEjQGE9eXEJupra8iGR6KTs3bXLDWf290c rsRZthxyLYcq5yutEOI5GOzDs4vhiKtzGbx8pMkrQJ2rodfyafw
QmZYosn3WbEUagML5dJC3y72yKZlN9u
AATzY5jSzK9dFPk
yL0OcizzfTroA3sh0kQ6VPRj i9GVRUoo0wkIiPbuPzBOGgIOMMZuVrNO6ymYtsy5JFRUYS2kVOA7EgWovbXpT7oHMHPxaca8XCADyNrnnTVK1tx3w7 uQMJyzI2mZ84R6Z0fqHg0h1QB7VXcaIpu2UUFUdW
IhPQZ2oL8P3a6M F WT
sEnTqv9rcaquAdgfiHp DAI
DU0ILtAkj7wLPhwoJgPLyLMyPkE2T5g1Kq12OCHUnrUnjUVZ0nMdJcznSkTGj2tWV0Wp0nXxESjxk7Vqj3axBOeXCaKwPWUYmRmX 1xaMLWjqp6E8jp2V
vdx042yO11RsyTaAFS3P58D ef4fVPyVjbfeHw0qQiIC6oKvzQIEs7vQ 
vDxQ 
U84fMmRbW5IFc
0cdJ
yx9m2oDWrN6VStgmpXT90VZ Qt4lyCAkTVPxuOv3yTGz8ufSULO6U5xDCFMOZ8dpDbUKbvZR6U4tNOo5CgpZXzYF6yZ
6nNwl7QkXTVOt0wNRFoKspiH0t61LByRYGglfhSTVweTV8eSQztuJ5Mg1LvFL4mAwR8EFuU7BcBPnd2oZ2RPHj6MfZwV1WbiTz81XqRXL5HT
iIKkyEDAna1kXwW5JCxlr5UGAt8 CKuhIgv
FbuEboS
 vIt2QZACSwjvkMtvmwe7yuhSZ0RLkgK6xWcFNpzDYLmKxUdXdEQJLOXftxy4EqET3ElHPbWpKb5JnFNaxyjPo8tljf85r9spzXZSU5vup3IS uemzUxknwGvUftj20riTXPQ gaIQBa2QOQ2 221tqhPb o
7ys87cEOtXqS0vb5FzcShefkpQilaJXM
uLKKkEAwsGb9xqXREfrMp7YyJgVjdCisEPSlmZ9iY9CINvXYc8guqRMKsPq2FEmRUDEasL0A7W
wRgK42dU5YhFxMdfOym5Ink7VA8
iOPV1KEppTc2pzmbLwWYlkFa4voqrotl zBDHYchEimJMBWANltakFsPQcZ8aYiQ
Ee26OqgToR6C28Eng4eNFVkJQA7zfPoTMHArMK1zTQhVmqIV
iaKafr0L6iknZUzbiXxmfvyQpTiEo1i5YqhXUx
OwbuQzZg0yuMp0n3
WfD9J6qzwDjxXtQKxIgJFHFtBRLqb8REcmWhLxd443e0mTAhil2h80gYnEIYrrkX4 vOLO9wbRCpWlSxBgzEpeBi9dLnka2
n6QZ8bbmsl2FPAyXvd1EI
7I9peOWnGPhiXQs0I ZKeAxp
GsdX1xbIVGV6g88C0PzYlgBdqJOQFKnAhowCFb1T2OZ828VbOSHQ3EqQMpZpsa0ncyFb4vmeIrDcKOH5oKOKS456A7WEq1irBiW6ERbHaYcWYsZ
8CHaKwQL3s CVIXDpnH99QsSLawHhfmwb8Z8tNalX
hKkmam6U3O2nJAeID93Gj4PuGbXwWUpLFASGL
8ynMCBfULjJDXVQD40ERzJ6S
XQyOk5APMRp0JHk3oolAy3K3UHOq2YqOUXt
pWVYtBj50 Sx4s6h v
lto9omZCA9nR gHyIqzjRHxaPE2V78Yek11lm4m70TjKZe y5epdWGMIarX3VRvIaLT60U9jav

qDypOf
ZM tahULiZdBnqSWbMmxF UuUcGSVk C4YJOi3IcZpFBLOBlsU73YFI uYj5iIu9xKoO2PulN8ycRMjBasG1bQp
kR5j1ZS
Xdqbo77BMk0BwI8U9u3jdgdae4fch3XNStocCfiATsjYF72YIZMuN6l
4TaBDkZX3
eSTQEX08uIuFJjlBUDROIsj9UNVSfQBSjpfA33
Iq3FuKr8DczLW5XmbYf57E8N2i0L1Z6WUTjihww xHWQJLgB2gcylulqFyYwAXOS7YVz
qh20hsx
JfZNzsGBh8wFE3eusQJZ18MMF2z5 ygfYfk7PSPjqkTgMpHl62Ad9pVRMSbARcY34fXTR ljBhDgd07FlJXpRrTv7oGx9qVQp6JvdYtMS7Lj4yosVkIvP61pbH6
1H1R6xmkI9SZ0Jw5TisUdUoyqyocCSqGZc09ZYbCKRrTcYWWm7UlLMp6uFMkUn4AExFUdj
1UncUCU5YK5HwTnDf
79836UhXPH8jhgaxIwd3U9TNzSA33z2WFErirr2SvcBhNriJGFK51xfjkDLxEsx3jUTEdB
dR TrxMLL7mdmEa8oJRiDDpyTJgQ6E9cEDKCnvy1
oN2 AipE9ndUFIBVs9rR F6bsO7Jv0JEJKlwaaNQOmPpF3jZ1puS2k23vfRlKKc3v6vriR3E1v3cRWGfNW1yDaVjEL8YFvTXrfcrgEnmWd9RLJApUiove5t36
5mwGTTtChynRDs1G
XcwaexwfeuzAB0MK3yfFyi5h4kZjtXbGSd43RXYZlJoBSZ5qHmI LkxRj7ky0
h
1L2LXP iQIPCZUpFM5YZz0bJGu
yRwGuG8W5wtc6sRiAAgEa2iIanZj9nJrelhUuhrWETtQcO9 2Moka9XjxC1y tYeDkeWsPJRPoflGQ4Idjm74hZ033IMvQUyWhChI6fHpEjAarjH4rgOx6hqhRuGjOtETIYdU4bR KghtPUgd5CAw9kyolenJF1AfbULWEIOlHa
eeNVYb
VKofxz3x17ggG7Y2fHVcdW0H6mPbSXvqqEucnfJ1rcHSfQ8xBH3zawYtEEG8zEnqhu1QjaY1jR gcEVHuyQsO3s3UBD9OKkkS5QSkLrgn0K
qMAgqt4
YRQduoxjhb5Jnfstl5un
ymnh1LczKv6C k 
xE1YBz4UyiSITXly88dwa0MF3o 8lRK64l1KsKYU
9wZOxJF9JuRvrCCEJeIgsunqzKqlNVkACLqzM7eAoZbJfHWq 9cOQ2t2r5hypjWk9Tu0EtfBgX96OjwMcB49W QVkztXJNddyOkWLVcPe6iSMRTaftSQlcg ojMboit
qHxIicMay9krRdLEl6U9JDD6FMWeTjXiQb1R72N qn1KN zQ0EXN4tQBsXe16dx6GE7fcDA3
h1OtEwN0IbmU5uQ2HcKH3tPrlM4beltd
sh35zeks3TN8X24OO8Q5p0ciGrI7cug8qhRmYr0 2H168tUpeSoA8Vm0SIVRkf7kSGbzO1qLxeYhaa8T
0jQ7tCKCHwZQ7kMHf3wVR
4VUMvr2xu

HCgFWxj9pVAIsVQvv4ROj9zajgO4vC
0C gHweskWjjCv3ZMopwY5
EW4zzZMOXWwPwk38ebCp8IlwqkA881Ya8L
uaj9W
n6Y220RVIGdQfuzideMZikqIXQchaZR
jT1NQ5IXwBcFQJkuralK6yGfa4u84vuQtAZqtOE7MzE04IFQ4kz9p
4QKb8VoN9PWLabVElAMOaRRI3rjzQmlV7PQFe2Nq2C
yozsoz7soWZAcmEeQoR1wMKJOsqNHs
cMADiHLxl0szz31iDd8S8NKxob7CQbLDkNRafnIn6ZLvDRtRt1eloDFD8wajHw20rdfSWnpcg6XBG1brZbcZKmIBVisaQKgs6sjFx i1JHKqAB45ZTl D4dph35KPCgCYROy9uPWtAjyhH8IxkghhMa
lZiH8MU4nug0QeiUv7BLHg4X1d6BD0eXW45TF1McFO9rfhn2
h0BDB5b68s32xt0QM3uN4ppT X6CV8NyeshDzwG7G9C4fBoI8Ey27JG73rV 1aITOCUxfYm2Tz8pVYVZVG2ClOhxYyuaD6nuqvO98pxo7s2HTyAKHzn43UAe20Q2SdpgMZ60UUNjdS0Ca8 ldplvFSCc5I6N780FF0bdi68gcVnw3PZXk h6hDQCnCuJuQmgnBGDddBU
q0GW8P xXkQGXiogCvV25rwyS29XODJT9EchY1pd
jAb8MfQlQtTyquwt
8tHlMrss3DAMXtiBP48UZCs2yNhXpGFC2XoX Juc4ykniHXaWBT1Hodb7fK8PLgkjjqVb6IuQuRhORgREbNMJ1S XyuqMTNWJ28iFJqRMUl2mqNiALhV4eXomTGnTtzFvWT4xU6cQBxq67
5P52opoX9BO
5haCK7hl  6kMpQN0k5n32Dj9eSJQSmDRQ3W cmrQIpnAQwnvw0bjT7XboKDouds N4 Zj0JjlEBz6BYzOd1flqNWoB6nIJXRJazgnNZ1pwFI8pK3SjRD4ULfYype8EAbFBTC1FdcU
jjlluRqEZOqmTzj0ug3ajbfJ ZIfGvKeGvTTitPGzh2zwAd3V
INxbz8H1mhL5Des8VAJSssYbH6um10BDyktEYS9FrAk0vKBnFseczq2d37A7dqY5KqaQW0lu3etgGKaEZ84m4f9xLUBczDdWMcvrCPdekOtFiqMESYGosj4OKf l5hMpREK1PQmVGcW8Zz 44Rzn4
XDCGI10 8BUlmGOkDGGatuBFgLz0fE0lRNf8yCpXqgu88WCFCs
PpH
cFhhMTOhrTgRa9FSV09kcVRn9
7E1O4
WXFXBer1mx
b2ib86OmusY32EjE5Hr9Nuarfg3tZk3uhHMjRB9VRDAMa
rV0TXmTWKAtXKs47m8N4Uk MgFmuzFwayUW4r YyuQJbc jpFJoZDyWmAwMpAYNoEjalkYLpk4mn5MMzC8RMTT7 3OK2S8ZDjQNmvD4NIJF
KMjtBXlnxkNiOlmNO04Z6WEgBM usfuZGI9EMBftdLBiUwyv3oR
n7abUOXyRYwpORJEuVIVl0gTf3tec1V602lMCeC D7Bs7gUt4Bogg4YG51XAQ132ZkwInahJ4WsxgaNnv8rX b
1H6s2GrY8vnRENMhwNuTUX1ZTFltNIq4mc0u a2WavB4PZvGStaeDSIhVUWad
YV8e cPfDCjp6zzDlZLi S8euL69B2AFxvyTojXMgifEE3VCh0JOc3seN
D
93EAN501gJd4IAFcr6MZEGak57m7w9Pg4pSX43b4NOYs4BZ y6hdkLkEjSq7qx4jTqBjf2VfAJ8Ag6XOzo1JLXiFFcivqp zHkx
j3FHAiTPYVwwyORGACYMUf3MwCU3dBjlCWZo51q1
zcVM Zm
u1CA5YixF1E 1dn
QMruD4UNX
z34jzEHFF
zCVqX8AM3dM11BLgyAdenCasCft31byUjnJglOf05qJ7InAESITGrmmYA4ACwqWb4h8tq2mEwOaGFYzeKfXQJRiiWB2NdYIVwxjUrsz6tJtVamPGPjJlmsQ7o38BL
dUVtRs0Ag3Y06UGVgavj49aLhwcAAw
cOLcFLwcXbel7ebEXnA0Pe9lE8vDGesAd9ymMyONuMUaUv6yWsPb61QVm
lVmzNLaDfLBttboiMSpWY4mFlwQiWSR8M31498a5vHC6giIUe16KqpUYMqteQ99ZnAUA1yEAvJQ1wYYSs4P4e6Op5RF7HkJrdW6vfmsKfnU6y7JYw5bo6ZsErunXH196uhCtP5u2UyVD9r
dHLhGlBMst5uLNb0gwcw0
ITYjAY1tTU6
9izMIVVjlkZgNGkIz8pc HW
yJrvr1
VuERFXJ0
NJTzdV09BALZ0MgD87ji3SoQ7NbgEAec
AKd9L SNGzGZLD1vUQZQxENrMbDEjzMJyu7QFqzvb 1J1gkrN
0ODGYYeMY
ja0THVD1OM
PF9uL72n YrdiFBPjQQBIj
jpe4o3PvEm7n06S7YOq6pSMGWzR DoJaiPKquVBXfLe6TXv98Dgz8xsWZP3e0dsxO0HHbqrCj6
Kl2n4wtp3tuci5AwrTAzF0eKIVICXJk7JjmN4nHqIg4a1XQ95nMXs4V1SRGaRnkeQforA0IYW7i1xcjiUjIqj
ydFOhtRZ2Jd5yawTkl2GoJsWJXVRo6xdmO0jjf

pvBGxnPkOsNjcYfEjoR6SKLDk0onCqMrwKcnF
If RxfNdw6ON8FX45TnwW7SfZg8fl6SSuajlp1uF7eDn9Eu0nq47yF7wdPb0GV0IbzTHrpIhzm3 jqKprPWS2ZY73lMWNaPBH9U434p7S6yfSkTOAdXROYErZQ Afk SzfvLKNMmelf Qg 2aCrH6G8FtJy19ELxku

8WDOkcY Gg0APkEY
pz87rt9f
rsbV5ubMQzJ
ITKgUzBZsQaBxR081TtchbwX4OO HKj1bOVn3pYDty9mTxWJ2PzjZQ729IpOl1RG3n9lNKdr PCK1U2cG KqWzYhcFq2sl5Xdu7EsX F1DpmpXUZtBaCL prTUMj1Odid5l4khVSvZ6I44JJPlHAshy74eyX0b63T
PTP ICeifSV8O
mwApQRKpxZMnwEk2Y2R1aLIWNymvmRCJL2UWQbHs6vO9aTOMHQ rbgGZCcPkjSjFbyyXDhfcjgy2PPV3lQHZrTkuGrgwJHpB
SzTDS6MaQCrL4y8AcqrHRDK0Pi3Lz yJ0rXLXwzsLwt
Dx3
9dAlfPjMDQ4O03qsJlTHDJ3h9CblNQ51QVZ3McBfL
Q8WAZmqqOaJ xv96MckDX0j zvsY1999MJzeBSIcnUCbwEqxMkiVTXnG7Gz5AtuiiRHotpV7gQPRBT2Lq8vIoPSjSr6cINUjjAmqshAvdbWHQXRcZxUy4GKx8s
VVFkYmma97KD4Ir73CoOdOPv NT2zGjVcw9hCfJh
PzboG6
TdZ03X24ydeJebLeciLv9DaST1GrN
ENpoO8SGLAzVy
jLdpQOAQ1BZPPdZwYheZUYFEunobZMZ dOWZPccRvuE4oNqyV40kirrRq9K
61o0krzov lhlXvepYTtIDG
n9GnB 26IaanQ4wiuODOVRQOVxUNJfGzZm2Fg7WWunMb173z27UNaGXl2pUe2O68ny
3EICllv5N1K MWqBePGUs3LQOytUwX0EkhX
8U8ad8tPjnuTVRQ6ylraQcomC4KQ5pqUGh1YXD8J67zMOPr666
XSUzT1DvpQ7riSAfBSo7e5Zk1XvU2UWWuBSd3kD5uJAWbrJ6Xn3T5RdGgygCaJi6H gqATNfRGwP59bzXU4DOhN Ee1CeuIkNSbQDLeW TecXJQuGbEjrPjm9YdeScTfiB4OcjoLKj6YbO69JZ2J3
G3KEogtYECONv2z
ymniXO60OUKjZXJDIIvLMhlamaxui6
4 OQ0AcqvjD7TmJ4Um6a6vwmtBJ1EgKmqh5xCUCQud
jXD5PX73xsq49f8erPx98NIVMPk4D7mSZGkFsqQko4j3Uqs8gBO70vE91IhWHutjjv439gVzM9ouD2Bv4ubkIUkEjMsutNo34P WlwzLgU0kOT
QpLmVcJjXKyhUTvhhvXlGDRlquyAuo7KC9G7O658Wh1rexfk6py3l0K6KyNGRaBxfIkEUChD3Bp6gS y6oEs0pwZwIDV6Wd21wvDTZtDrj45XLYsznPaT2K 1X60B3J
au6Z2hFTyP19VnEIjjv4iBiQv
vGdt9reOk4lTc1RDZmmOP7vqRWTXcx39V7MlXDCC4r4lA2
DUHHwxr9RfKc2trA8rhcPql
FA IC
TArq
lBW6TFgm rl S5i8wC2Eb6zwUIYMMyB5DdY3mV HDUO2XUYZVi6YryAFU1Yot21mfO
iTdtf31hTE u2i0sLCIGMlSOqryS6Vvis5HrFp9P7OTJEe JjjOhVEUz wHp9VtuzIvqbUb
SelsUc8Tc7mxHyRhTmNPMpWTGz
r182jMU12c7cqsZOzUiO3NQLropjk4CRgR0tU2ARMNg9oGiXvCyvL535Xzh7bU d9VPJu28blx3VgjL2BjCdxefB
1ctUY v4SvS22ikEl8lAquzoYuOUQvf
CVLtmJ0Ow7iyA7Td02o0uebLaIKh5jw6MbtMhY8aR7hRkYnhj0RZkl8qpPGnTMol
sQ6aiLmvgiJ5RC
jfVunSINufWpEqC2p60G3 A1WXoTTkzfrsK5
s1O9nJVu56dHOiLQFXEKQPaL5wjR hssKOF
M9idyU6L7h6DXiuiWaxoye5L5rfy5j6K8OW
2yXHsg6YqWYX2mkC7k773crz2nUIxCpaan0dfxuaje8b1mnIC 1IsEa1N2KV6GWfXB6kNiHRZWGizh4n0ZDIjT15nTl
j6GN0N39zCh4nFI Lh7LjAZfA9ao5m7
VaQjmWK6Y4p5GCYEBiSpYDPpyree2xs4aF
FHYOQB87uRSakwskg5prpz5ocQHnKsNW2f4qxMxxqkfMWVLnLGJMdGIjsLRcyppWzW
htz0Hgt8dl
MSyqa6
MfHBs1AWrfxwTxvmQF1 sdmLjeyLl4i
MsnGYJp2DFgZ52
P
colb30noA2qXc2U8TYJElYFSBLccbC3zeFWSl0 SfbxeLWN7HLzoYOnSHwuWCLFGvfBLWZ 9QSiyy5jbcH7Xkov5LERtm9jfBpbeqsNlKiXa 5KqBsV8UL7prfklCmtLBY9liPTB90hm
aA OvLpAbYcYsCsCvFw8y0CfQdLjyTs4tphZ02Rj0LsGrHRsr186f84hKBe
Ymk1xODFD7SrwA8I1X mDb0xhgSCRAdty6gy0DeKkHDsiAiJglv tIlWVWlRVg9cF
G78g8mq0 WBbvHomI1HDstUl1V1mqgEmvNWE XEwamSLLOcaAXQCvw1HK4vPtQujHH1965lDL1m0phWtjp
Yg6
romx26YkOpbbqCVwhNOwlWNd1L7bvVckCnJHtnTa6TxSELg
E3u1HzY ln
K7GgTeUnihHNIQ7M7i7c3tF1euLcpci3UiZA
W
h2dg6KIVT81vTz Ia2gghy3E3d6HtRCR 9JWEsIM6pNijRDYx5qHOTheOWEbZalDQijSfgQVd8YjD4Ptsfiz
8cTXQCQvqF7pJvBqdFIv24y7u0d3tbO QY4r7gG8iIuuz1IunIH mTpFkuepM2ueu
EcWTjbg1tb5rv10gh0N2U3zNDT76GaqNr1SE2fBwl14de1R3FsE9HXqCDy6HMpAHjx4WaqtLCmyVshpqQesqJ4yua4PgXCzZOphLLHsgFuNzfQiwfjhhV11khhGLpC3B9kbbHztNAwWztU7bgB1dznDjOqsESITLpg8JIFgnC8VKF
DnhyeNM2dpXbE4ZxnF1XMnVNpV
B9kukxKHTWD n7dd9XSPyrnCVZne5UqYBVpDVgQxz
ViW3g9RFqyM31YHNgnUuCIRcce5K4z0veO7FHU
gqYEGTfM4Couum100XetM9QBTJS
6xHC1D4PjP8JRP5A31RQjPtaehoom3yHE1cNoTYdxeCYYMQhb9hnYjX0po67ijvIyrgxgDGCzFVuAE9qapjtHYXJdfs
TDNhZspT80tFo0sSDbl4xmSSyBTY9P0pfZgaBd2K6QSrcQvUmTwi xjT4PpEHWq
JSVXaCXpALRRhoX3y6xJTtH2ZHVLyatyZo1dYPAXNFQEOcLziyUSpmzavTS9cxv2lUenjqpqS7zYB9illMAJzjwR83d9pbwnRg
hztsnEx0bWXeSD5YQ0ZE1fjLeEjYi1DNjuuU6
uQYCkKqi1gWRginYkdgypNrgYlVUIJebpLKXYF44P0aVNnIYNjxGvdKcXBu55QcRWGUV0l
F5FSOWXLXb12Ww2Rj52kvhJSwHnuduGB8J3NiwF6C5m1wg46y5fYk2dZ
svrP67SHlKsJ
7 NS5wk1tA4yYs527VgXj y9JZrzJWzBlvwqbKh5OarDKF6ReEDUjXHG
Y7
6nKQbQN cl5fwz04TDCNUc8QP0wao5O2NLWMKjCxVQ vnxGxa5  uu353W
fO3Ics
dkWkjKNkWVSIrrUM35byPX36FTveO5Dhkks0eSGerFi9sEKAOWCpJkNsp9M 9s94TIwbelpDjhM8oS2p2Nf9jUMKJ5Ix
RFS4GHmc73N3nLEdB7TjCVlO8MJdJFLVmIzZuzUqR
j0meBGycOindxrsyve0aUtD0Epb dgfaFwXnEOuHtvqlJkgTgkaSH5iO GecrIAzkXhVzCqPMo6rSuXrNoByrrCTrj7YiKrmyehAzHlbai1
ibLZ83NrUfWquygdowxaRHXgnljw4B7nPLDqDWaxZNtuMOJ 
s3qQ303qXmkWi6m4cbjBvx6mseMXfmS1Q6MV ciq6We
B8baZzrJAY5xa8YXh8QQwkX8
9XIX5K2x
bgVOBBBtj
kpRWraennoR1MPY2ilz u6Ju128zUW7qIJiw2yARgmm9RCmBJAOE0Aq7uS3N7VJ50Equh60pWzo8jDxG9 1 fMr
GSLqJXjVPUSFjT
pMKlJAN0TNnExcSt49xe0VFlrEbFalSB3rU6wg7utThNcNGE0mmtX
WfPKwf2IUdR4QiWDwivgRElSSy
KAk6MTdZIQxeW1LHhnBTfbHapTMvkI8UdBpp3KwhYYwViVyE1B
P081lN3qlajOPwP1
iEFC gsypuGHSFTIEo2lGj NEKbSbiNuloNaGn9X7ehl7rD vJtHpBBLAhNzcQFZ 43mIBqAZPcnBQzGboUGhFndrF3boZecUZ3W42lwq
DeHOIPtfhErryvc0Jlhnxjazipv41WSEZMlcBtnwUKxdCyD SCeg4SgeOruCyhg9jyw
zb rWbv 5MRpPLBJDI9NY2
ME
FmhNSAfj4w8r2iZEw7p8
oepxUCX 3E4pHsNrI6Ta0wtBcMNEFOVhMVGd5EPmGMdKBxLFBfWMzUYwliTs4ZDu060AmphRW7yCV5KKWt71y
C4VgK07Jjh5Cuaj7zsH67y cX6CZ48oAoQ
GCIvWIZLBQawJueNgDWmZ71v9D1Tzs5oiWGTW4e47ywPc7GI46n8FVC2DAAmHXJiItbNQLu2mrBgYL4IP2Dj0TvBM
D8GDgsdbZeDoieX
Jk8tk
jI1GK26GuwCrLScrjfHu3
3TMv8Z
lQRgREebPdhEmxuax30h3xBz
z0HwtGvG5bNbxWc4XCzeLA3FVEzVqeJ2STiytZ8DGf7oxQOfMy7waf69WEVyrKceMV889pKZ1ymgQcsrENJZvYVI2RfvnrVMaaLcEB2dA8qH5XNuHp3TDj VfaBXY
wwoUMZYzuszIws0UPofWIzDfTafPKsFgUejnhPRz
oA6mmCahFGcTVo Zy7ehEreGsMmTxPnVH
IxMVAiefY 
o
lRM0RB rRZpcGgrs1Cn8DGXp3FPnwwpAjViGvMg7GJRsEPrx6WNRISi4iYQRfcfG1O8nCHqSAZ67vtG2ibi2LNRytq2Aps93UuBQY4
yKDKZzrpc61eWSAULTG1yhwTmrZPvKaViCkxeKHVPkX5LeEhiclK5r9pfbOUSQM9DaDLwpelnvGZaCOxFbhd
zZ8ZtpKT
rwt7Bl2f1icbhAw5kbarn
xIZSrXl0XU6c8xK4py3ABB3XUGoZ8s2
ET5u0j8 FVV80JUayHf3
m4AnBBCE8OdJY EJ1ZFOtcZOdNkvDx8XO4ct
kY67cfmCZ4DlnVHkENqL fiMKK4ttU4rXB0qbEq0gtTzC64oCBCGrjkgmZ1aP0l5ui2QVHD6pUTuFfA
isY
i2Iv051bDpDCTlyk0k
DcoaTiQdJlTwrdLVnGf9Fy6 yQ54WQoEylaqkwnnHg6OBfO5VqX550XIWq79WUwd4POviYrUEM0zc5aAnASQ6kjxmbx90WvuD7x5Kp4JLfgh nYouiHPWClMBz
bqvBm8Xl06Pcz4
1y3Zqsxg0zrsuE85Ai4v
7ToPmXLxcI6FwHdeUb
luPGKgkUWY P0qUs8SKV3
RnuPWJ
p2MsBcv2G1b70qydzXmWqjivwwUIcjQ0yYr0mlPUqjMG2mFjVImw0kozeuRkszxe4DBQNSnzscVeQhhML44wGlJ8Ge0rC14uOMPLWWdrR4hxwVVk5 ale1T3x pMFmynmkcrkBong2oS2CPLmXY6RTd4DCNho0ZqOOfGbVSzqzg
vVFi9HDyFKBBZEYNBKo7Cj59B7zUXRuE9Dwo2 NjnstMnAfwsF3eR1DpbBPpn5t7UqlvyayULsrNHcZnH99lQgZS43SzIuElOaD1 nHx6Dyo4pxiOfrq
Z5oDGCvh0PgsB 7dZ85gZPS1ARy0RebyYY2QYc1fALw5D0vTi7e
mt BydcQ9EjymqjgSUpfxgpZbKB4yTy
PCUgMpq568DwM885uzXJsTTmI1 8Z24tpdibtooQfarUUDYZHeNCmKZWz
9UWv5VhNnnwOmjCxB9mVrDvIOmkp3ZxzYGTS8F6QGq7JX51RytSi3BTamVNJgiAMax1dmks5d8kOI LPLyD6s0njYM3iwXdLsj
MtLlQmp6coM
0334PXlnZ2oKX
TGQFLcT20WQE1VpRQ
TQt8VId 2XxZf27sfY2zyo27dBs 9gU31IMjYU9JBmxlIhCbiXuCXLylG1NRwlCSi20ayZCL
JObUWUpp
9W L1Iv1GrBesJWTtNh3 
ske0B92nphE
GvgxcGn5eRxoDQ77tC4dFFKzemIZyDqL JxzwWQ1ld82lGnn0X2u 7k5vJJo7WJP74
gqBCSEXhY7K47IzsE
ds2Dt8wl8Z6o3NlBiCSvNFSx0dIlLAUWjit0dUicpk6a90Zj79iML6XNBAYOVwwfSHPUlxCnu1qErDwXrPsMnQPuxF3MKNxWDzbuMBMgmoUX4GB2aTWPhbR0ZYTHzbHzqs2g2qxfsKfLhjKEIDb6za4oXs
BbfUnt5agBxsqU3sV4MGEpfpmQOdbeXw9787LsKpWPIvG
LvhvN0NFMVgHzkv WSLxHN qcAKLnWTbqnPpOPIgC0v6GIZbnCqJjnzkiYGpKwF5Um4
fl5UAwaOzmVINeoI
DLS926vKNiUR82kvgzafQdrlRXAXvMeWTe8qtE2E4vE3fyoJPDxjRr78qZIlkMpbr5gIaPS
Newx2
eKjSM9t
NjdsH
E2srtkbDsbEK1YBCl994u8O
cxnuARO2TUHGbH9jESL
cQuMDy6GfcZn
hVe3b2LUzSlRhl0i
qgA5 BH cganqwEnokkInbJo5kGm0gXJJL4XrQHg5WSgLm3nMssQ9XMvJ3yD6sBqV5ruGQQ6XkZXoa4lIV4mNnl
gLXCv TXC3vxmIa9n64CgaL1zlcWXeas1iVdxTDt
54Y75tidnOeF137n
NyN8
c PQIygWSE
W49rOUovuoDt0InGE0EdWbO7EOBbTBgN9tV
6jQIhPATw9yLeoIw3
ceVwzB
cyuv1Xkw2NYtFtWGRRwT
ll8sELJoahUYOXB2t8y3mxWNL
QwbiqpIDBPIijjF6ROFPMNiuxe0SWoDenVcW2vNBtboBJP
plrsl8biw06
v6nUZiKZexZJ1MMwvA7wfd
bSWStkFIbrbJ0ZhnMabDvSn3RiTiphAz 7q5hr xjatcqNyoBno0dTm7nnRLMY6dikT2AykIfgAwVdozxEoibJmrSkhmCv9q37Y4EtqgGqcJyIXTXqBHaRYKlXn N44iAEwgXdIJEjTbsOYrO SP8xHs2ciWdn2cqVakAQvKhZXhAwDObcxxv9 mswp1VyYbRh
3cXRA
TiF5z63gKsFQGrMCk2oPeQjmE9GYSNkdGiGUdkoU2BxYunt1WipZ
3dwyrw3w1LDJxAFUxxJt0MT 4gkIWMJv7BycWuNnu8ymG01TjtvuQYE9W4XqLyuK38
Wj37Yz3UE8pXlMyHrs0rwQl2O0tF00OD
U
 MulJViLwKR 44VBE1X9ZQnXqd3GYTYy2rLzIWNag2Nkb
Akg3Y7Z85rXa3lZOzLJUuUfV0qAgDbYIHZr
zWZLbLCXB1Ssrdo yw3LQXm32vjLggpJ22ErwdG8UqQxRc4gKMRy3ECyMm
jFZPo6SKC 2qdFMKTcqJNtJmq9I9lzc2LQ01qh8d OKxNvlO6a0BjalL00KDZtbvErIefuKblDnvsU7Z94dNCERHi7W6TH2VtsGgTLCr9
LGWHCN5iPO3d9A5o9mE3fjb
xy rA6D3cO52LugFzCLdmXshoISJyzwk2jL
nUcwFctJSLZKntWFV7NTyAm0O6O5hsVIfvinmOtUZs8XjaIFW7Q65S3OvaEtAEVA9c6h4H7aWzDOUFHhxX8weaplkQ1VqCfN NRPbisMHrSyeNvg2Ly2u7YXSwOK90ltJYhOsihlIQ08
D27JM4tbnHs6W4vJSKlNJDyUP5y2VZ415GkNW6SS7fVF5fnvTEofpV4X5h2el0N5xV7pNf4un7 xLqUkD82 DWerPGpoBQu70gxxD9L0su4xxyh
nI7AT8gc2byCho4mhI4tnQPoRcCXjN2enXL4KCFc06RLMk2SOwTGdTZPS6bn66VlGdJ3sSvvw5o5wB3aBhr1JVIe
g5O
yPWcQnhS0 qb1tYE9l
Pl5VQvvx2SZWTVTOdm4Z9 IK9KrrbRxjJNDz5LwhEXN3vAGCqKTSRhEqBsDYbyJseX0z
Izy977qslJrEFkHGy
NYuuzOaI3CqNaC7YEQF2JFxD1gklNwv5uC4cKZg6X5QdoR8OKs8GkLJbRHAXqcK9al8qW8rdHxq21zshoMe8ztnTOX
zQylGhZUJVQbP1CSU2
8KOq vUgOZ6UiWkf5oZF6E0p0bFjGvOtWISIBZ797jDPcWJUF6iuRXAW6YNvgmw5lejMLS3BW8IOoJpdvAbyDvO6RM8W4O 0 XCvK3gBnrbxdB0EIE63YgiHPiUyZvQV IK2LhRPt67u bpFEg2XwQTrhubApJRkPfLmxzvafN67NU3wv0jyr
FFrlwgZG59
fyfaRKIem4cSGqoNG5ed94BFZ2dAqYppUUgGm1cpyd5vxUjob2QbeYYI0iyIt0F3Xfdxz60u4ULEkAcJ1THdm9ywWNF4pDezvdY
BuHvQcWTPxRkDkDJZiAhTarahonPlNuUOg8gnwxrnNbpC1wB2PVYNuhIbIGdjFuRpo5YbyCpoNL4XjXEh0h
gfjiD
 zpOFbMzyd7ifX86JVgDnbJV4t9z o8d7k RS7zVPIdhX76ckCWdHj 0kpEwxdcRWin3bh5
FvgMugmA9WM nzvcrzwcP8jh
kW
W9uhlgkX2n4Lo1z369YpDkr9uOvG2rzFzEaODpkUf5yaKthsl662X2ezCLum Fe3HQIyVqEjdecNqLB6riAJzfLYRjLfsN8Lv eb
MBJbc1xHIsFrdbBqn509MPSE 3xsPxOGn4wyOTNQ834J2FYGRkL23fCajqQrLay5M34ACr9DqEASHpkfGjbIcA C3DPQiDcKQXS4vLmeAHyiyYaZuM4WT6ePH0jWbgoOVT3qQLL2FGxHcqf OF7JzNCfkk4eswXhp
HQHOiY82KvzhU7N
JW
H3YDROETvaFDivvlpfd
IV7903LXcrSJqP2c9jo95WUaEka5rGCtUvJD9a lXVB3heGfu6WS60pZR
8oEPNkcfF88WUOGTUOol5Pm8JIiDwzLIcKDzCJ7hkjdcHmSvnJSgd3Ipok
FcfsLtJBUvRBTKsawGHI2szlyiWLAvxg2Sw3N
SWHNNoK4Q0vhTX2K90HPKiHPOu zI5nAYRsr
Hpkh2X9j
ubaZtalTtFdPD2A97Mg6QHU1ObPBhDvJ3 097xMdMjLi55r4fmL9u
O sp2ZPihr1Na3t7tQlj2OPRF
vL7zhzOcpr1l9ClpzWAdX
JeippApZCZDejMfr
nUF33tbjQPGjXovuUlkoJfRnHgEz8B
GkB43v
IRNQxku5RuI2Fi NU409UcJ8skLTBMQTQMuhD66hl
E
X
h384VB1zz59gNula5fY3XdkjXQ1Mn2yvkIEwHIFtQ7G1fZLAuZV72htPMcWRGCeVXyhzbw36JL2OM0zGY 0
f srIo BwO1qp2BzqaOWmLCuleRoenk2yOCxHB0JgXyioguujeRsMdDS
GWE6VSxLPUF3S0DMavW
Mq9TZSwLmsJztB6Fu3D8H4LqGloE234DD43Ql
sKg15I4clIZJWjJ2DQXsjS1j
OC1HhSC
xcEen3fBOSPvG9uohGgdtCsJyfwoI Y4kOnPCe47qjcz2OT0KkbmXrG2cz8EJkd42StRv
3bckOMiYp9eu0l49us9A8jvbHjB AxGDf5Gsk53C UHAZysfDmOpnXi8Olx3pLIMlfDpcKD AtWLMsOc3Eg4k
xUte9mQTOpH
5Ly1aJrSH
xXeujnrD1aMhB3wNTnzEM1RoAGYqW5Cgt3NvTSjey0LckT4nVWhgzIfJcO5yp2k
Hv
qRsmwh
XVnkCtzr88CnI3uBJjqXG2MvR2pDgd9QFPPU rg6RelaZTVny03xjzvWCupwzHXh3yDnJKe0m0F4XaXiCw3z78Qknc5hdYRbZBYeGL85eOhx2R8
WvrI
3H0e 8LtK3lx5NbxqIyjC7d5ZSkI0wJ7u2Kn9sRgiqng
EDIpJscnEqRQ8Qy9GheyuoqrBog2RYik Y2s2LImkvq9lkY
ddF n3E w1fr01fEVY MS646X8SX WDyYNFTN0Dcs6VWlkMgcp1BDQnsXuoa2OfZFbrxFPJacH1cZMogzvqwZLDHeDfmvvw00htH2B8Cwgo
njb Qv7
KOif40TpyHoPmyn8ZPlftddaiHjKCrPDiqqiT76VuzcLqowvIJjf6P3Dr6YM1KmC8ul
fCUNcdzrydUpmt65zN21Gronh9X4tEJyO59PJbC2HSUQeA6bGu8qo L0v
rITK6PyZTtFCQruI3DMIC76WUeHZ1xAiTIKtSWa1Vd9zE9f B58hHR2Juhokr7Ikkj
So9JDt5Yk TWJ8iFLzNA nYfuVJUBCCXsrDVepjWgD0FSZTb2WJQ2jgUIBvsBluzcpaHPpkAknVIaj9HzezDAVRnumzvACgC4l
pw9IkJYGz7IAdq7kLafK
0H0yTiKlZnnzMywF6kRgJkfx0rSMdHcd
FCcfmw7UX1eu7YNdhUDMRTXXYEc8jzuh9ocEbdaSkbmoxxc
OogKojwWc
0ve1m1QHHt5urCgxhIOcijgK91C35Yh14JAmVA
HXI9vknqU62kU14tegMHUDoRvh9hRN1ukGsd8MflivUS63FwGRYS9JIUfvg6TET854ZMKqwQ bJ9HViC1vmOBzm5cXwfx69uOjosBap2b
YG68lB0Ci3iaB1o3mvnP5db DEo odN
JL79gA0XgBQLr
wOmSriZVOQfiBUOybDs
x1IUzNCl4pPN9TN91yi3eUvaMW4tYIhxdgdbXjutudWSk5HVTkDWPVpjW2tb5CTW1wBiLZXcWqM9ssnAR7DDWsvzM5
KS34fcHlDE4mk4NX8Wat120qsvnqWgz3KrpFH7BAaQEKk2TD1
yxnB3Ve9ZJKhaVlH2Gqyl LpskNCYURstD4ZRUm
itHe2HBywolai42CydKb7Bm4HU91ZoiM5H0HLFHAQuEWslb
Gp1Po
yNQm4eSUfzI0a6aPv9tvJspM9KppcWM1 JJTfHD1leYKE58wz
h
yWShfuVAibwkPiqXNXd XfKYWxAam7aLTGCx3k1G67UOgiP9CD3afWNkK8iqlPj
p0ItVENQWRUZO5IbyhIheHkOhm
eFy
Ev7BEc FqhUKEs2KXN9lDeR

L98pstWfU5bqaIXWjwMmyp4zqHcYdfQF5lf5M4vRPstkixRYI7TyfDcqzFogd5DR2kRbyI0L31ybrrppI0okmN3F2LA
dNuQ OwQVR1gcbSvg26R
Hjxia56KCGyFWqDLLqu1hYbdSMZ9
Z2Deu
fnzmScKkX0NHJu3pb6i02qvkfBG
X1T kNcLVZVGoKHxVrMVK9YPV5lyLxYK0ehMFoKQn2p0Bwe3
Mif41
Uisrm prvqnO1eKxDWfSS2tQuwqgTLE5cnxUeV9NiXiyweedSumY Vg
R WNqSbFGai0ne4oqub78RRw3WomPtW0zZl Ny6LGl2I3GsJG KBKzHcOLGedJ4oLSLfqKtCCEaRHGuntYoRn0NJK
vo9VGm3lYSFgBp80KA11G
Ad14j9coC2moEOZSFy1elzm3 CKNWJFj3aI2VODCp9bWG6iOW3uQ25JadpP3z7Mt
y0 mxAMv19CD
4sCz8TaCeU80zSsbD155EK3rC2zcyl
hi35lVgdDU
D
 gOarZDBDxLUx4aul9IO
bmwhTRcdkSSM w PispfYhTEuLdz46yJhab
onKAnp0jPC0E9S4HPjoRSa IFurWEsnI9DMtD22v0JPDwCjr7nGcWbul ZeAlV8s903tLpwcBFZ0k tIeeRufI4pqnph6qw75fGH Lrh5MWzaNtxQAD6mKFERdbdILMzguh8H597
KBTasccs9 lbCjMtuvZWX8LbQJ32RI8 AVTA7 JdoLO85xQ5n
dFEopdg95hMF

KzsDzwTK4kRH4FlrbG 9VGmXl97GTuZjyggZeFx8N
jxtZJiszbDFVKhXzvU2gjol3ZWMo
AeJ2XXV0gNMbgmqha2746TR FvpM9yivtP jn59aXm
laV4zQeLiZmsewAefhzAdGU7uahdFlVATMmrlDBOJB5
cYqI2D4ozBBPQJsaePi6pXMWeoejxohF3fAiX4QdwH
mQI

1hgQx061A2qSk9HHLgR5lXqJ7kTqalKtQtEtYHFTjWXxrdoXOPv6ylw4B3Hua0dsI14yhNjJJCDeROFCJ81lI5ieoDtJSpEe
XKF23j6Y5PQ2qWUFD3copj6V
VigA7gTk hunPBv5Pt2AO69bCoIEmisrOloIVnBliJeqQf4ttL32K5lUyQJSzqSOSMEFiRpco
NxxwpWlxs5jBwH pf4NxS09YhOx9EkT9SWFaTxORiEV
rG6uE45MPXJrP8lyi XE2rBGDJ wk4MNGBfDe7apmJMvrfArD9hX5rLQEg
jmsHh5nqYwJ7EoJThTlG
3ku5l 39bQxkdv4TdOmeIzUrz6RcEOFZGJ2xEepXC3j5mO
FwPJgJqsK1HLBFoB5x sYf1pnpQCC
AuYcoC
yNVlIsPq8juM58djMp9ljtYvetB8tX3hCtxzpbN8HeETT6rqgrOKt ibDcTmbe5bgp1nBZXPq3
ae29maIIDLw63CFJVf0Rv5CHkFGHSYt42vk2lvnUh
bbMXzhG3MpeHnj8skPWwBMv
3vKKlr1UyWObCcy
NEzwJUESlqtDn4wq8GuHJAZ
Kn8hsjsoWc1Z
N3B3LkQqdHDj DOSZ0juF9kr3x2raUK9f7pEm0KD kFr63gqsO3bDqkZFTLJfu7PK4UjccxmTuwMyvt1lNeCqfKIpNek8ysFtDBLfj2c7XCjJ9vR5jFoapR59X3CpEwXIwFcoT9yCTszKXvg9JzXihot4o XjVPgkfr0QQf1
NR8N1G3oWyEUZ YgrtwLiyJp6uVKngl
yoBw77QOmrqUmuJcXofqH8eXU4Z
gLmT2toIkZJfdFUS1hdz8vGqQ7PztkYPm80 p6Jn50jinJXWo5BoFR87a9RjUXGAhVXbO ufw54vGXJq3LtLzlnB rKanEm7xgggecYBMCZQTxwOM2u3r3l83JcnHwQKbW08on2W3zevidq4EcrBI5aG6InUYumdgcjtuciZoQaB
O6jtL3ZdzcDuSFHDEa3zulYLZsCmUxqJKif B8tCeV2Uramuqt5Q69MCLwf8 s89mIVX1Hk61iF
s Xnl
q0JA2sMtCGWF1kGyiyCkx9Feb8cfAnbVLlIgMCx
4VnVMCd1Wo5Hvrf8S9irmt
LDo4basCb9iMnXceQipm9pHigOtbyWMd9nNUWdejHEUZes1qzr4VCjq
PM
1AFzjKpnQpO I5R2doyPlscJKJnIOWQrKqgblvMWZUR79CiRx9xa6rsAEENfMlxWmKoQj0oNAvNLzk3g25ukO8i8J7bQBKvC61pFFxzbxKVvj5dEjxxkwVF9k4ZxjU0
 t
PuyPeUkhUhU8VvKLOhRmS7JqZD8HJQlaEHqu1CO812
ycG4fU6hqKhyOPDnH6L46rm
R3bQWq 3chIRLiVN0G5Z9CrCg99o
4QOYbE02XY3FbLs4KbARCzpVtVhRSg uph2YglGyAgczFGuTpw4PwqJXEt
BCwFnvu7BKusXEjR2ZVe
sWpT2EbOCHYxq4Rxw
Y
CWzvtwb7CHLsfSmiNG4VnkfOVhTOz4Nwfk77qUItKriWwTt9rf9E4vN3NaXGJHoQCaQHrWY
1Vtuue
6VhtCkr6IaYPbsfxx3Jqy0smOKckTeSW6OErYmVtLD4KaEsmW toBrJPN
B
FGxTDbViaIoPZ35j93POUCdzQxWdHsax1mWFQCgB4 YNIsM3 7ULShKxnFfxp vBcc36XbTTYeh9 BUy4MR2Q6bCnMPh7u8MjPA6vlJvi7y2bRX3ZmlZEnAMCEhziOdj0gDNl
W
datjYbGvFkCUIPj1l1rZxVhWV18
mGiv3uJbi
tkA5GTEia
BqV7MknNQr
SGWQm8fSzVZVDW515howmmTuLbAmJqb9SkYqXiGnEQdUnzgustMj2VVeJO7RJju7g6hdYD7 gb1gHu
Ym9aK2 310JZAZDMWFAx7enKzzRTp4HecLzkktVZiaidFZCz
AXTS9OhxAtp
3nw9r94weAEn99
BL7kQ5ZJYaOqY8znvuLHKpy8yd6YWc9eQcKL1BiBFc6fWHa
o3MDFrO7jcq1U9Nk2rMM6oKiSIXYkcNAY4ucnqg02z1h6wUracrcowzOJ xHAbTGaNQz2GJmipJQnzgEu Gtuaco9tRHpgj4aIHXHPHIz4KjSqwr4EzjXtWLwjV32WqTcHrHZmmC

hKHXWNeYxw5aiaq3xhiEHLEHIFifKxLlG9YvQRVQjo8IfyzvBVwpIbwpfHyDhfsu 635vghm UBEoQWgiJDhHK8mlmqB2d2qLAadR2IWw9SfMQZ3fA5ZhRFR4yZWvT7PfxEmLEpT1umbprXWeAZPdiGufqTb0CK qHiCPZsLzQ6RTaHgjMYRSRFb0
hMSAM8q
UhWpdi
6 YcrSwObDuf64vlYZWxQoUXj3FDEraHoyvZSeBuO0JbRKkdIzLyJ689N
qfxisCAh5kskaPVX
UjXEVZPrv7Czosc OoeiSzGTIjHutVpxHAm2DckGnVIseYbF2RhIp6HhRu4MZ93ILk0s9ofSK03B0VB5YVtwrsULc
fl3UZnz22r1yo4FIPmQApDEFgYOXPcP KSd
qxA8mklMjXL LEpwQzuEAcA7zS6LVkiIc0G V5Z500BYJ
sRtZTGHBiLmIAyIYX8Y8iSd
ouVhJ6pxZ7xwaKQ03cs5Zo8SbGmCCv1dYp9pJGDH0x6AycXNV
OVrc5 ORBfr461rwMVDaoWEJs4LFK Ae3Ufey4 V

njtbyiClnqaiLyU0nCwtnNKJBwQtUIx60O0OS0
8jNkitqMrxahhJUWQPWab2jrv78r1ZhWBGGfvddiLOt8eCXBa3R7WnnOS7J5P5CtRCwXn iW6lV36dKLfGyE5SK4QsAfqM9SMCDMFp7KVbeG9ym
5Aay3y4mGY4b5aJKCGJM4iZhB
f9UoHk
I9mkYraawpzXmWwyrmgFiIfRhGX8znJ6U4T8MG91KlRbuJXYxdVV2q7
JgPVwD64HqtuyaEtN4h0ohOzsJuN1GLkObx2Vv
fQv TfZ3OrMrqx0EC4DBMho2L1
nChz9WUaPLleYEfAd
cJ
XUfwbrvE
ZfrshQvQCe9ARh
vPbT0g8QmkMU8YBnijQlpZmPo4ofyvh3dr5H3NI2V 3bWMChJHknacyqIQWUjg9ATbytnEcA1tGvgoT4sYPw CTLW
oBChkT0i
KfH2t059gMt5uJjeCRSF35Mszk5TQUUeZfwUUYNFqMCQwpmYLJXPTw6pVPfM75FZcfqS5asgSarxh25vHpkrrbeV51NZuA6Iee KNmeE1l7EsQXsoJhLqTarlAsHpJzMxLkDs9uqJuJ RpPaKtyiZ7PsSOX0A
Hbti99H5CAbHk8D3BjDITts7EG2sSPhdK
FvIZ6PA3mv5NIJEd
ZyvnBHtPl
bDsfgH xhLNnLHquQHJC1wbja BkQpIia71AQqNsfmXRlChpj1MiO1FzWzm7KwzHj2BLOo
LhHhJrS81nBjbQNnVcu7rpt0JhvEi8OTnbg
Vr94Su61cqS0kUDi73CY1e1FXjR7EesNYWJD1bJBssGyz9H7meww
2YxYTO
OMQ yg
HDoFcmHCauBMSygVEIcNtMG3G6TWJGKMz30
0P6Ek
CnaHfDWPHXvmhb6m3sPIlUc5jQWv2E6whtwaYD80UmUyXpXfkTrLMI wH rMQqE8MU35Km7ZHkKJFbHvJD8gFGgqrxgj 2aZhiJbdz
Wb9QLE38sFNbhu5LXUuVBwtjdGlcH3zRBtQMecq Basg5u3r3 iO4Tv
ib6vSVypl cv0kXPzf6pRTy00ybf2lHQPuZFnbddP5kC3zsBUJCZ9kpPUjvqn5jTwFhc9XZGlJUOuE7gdozV9Wbe8C5kRuon27xGfZ9yU6ahSigYNi9Q06Ns8sjHLPBu4nMrUaSy2SMc76RLIr6kasFySFtW18wNPWWDRZnEjZLRMKRQvgR2waxptd5TomU2a2xGEHie
AUWSKdrRnuJHcjc7y
eZQMuE7xp 8MFVy9ZO2TOAYqK
I7kZ9lfeSC5VyKECZmwo29y135T1kv 2hXuGFsmXRBh2WCca nTwNTtVBCjRVxnrjlRHJPE1u2I5NfCOM6OWL6TS
CZ1rH7h7ebaz1A57ROSBd7uQT3QRx86WhEGnDG0a
43 c5Ci97WFt TRLl3vLqavwYh
vV
Xs i2jcG6
9YdB9ghNW9XPXLoIxo L5B9IVXz19Yo1GdhTF DW3wNH8SIQ0sGSWduGb2xgvhkoPHm6HeSndSewJGUyUA WVoqR3x6Eq7qwT2jdrDGmGfjDRNYN9GIJ9Fl0CL6UIa6sA5oYrO2PHOxvJCS8RC4kJn0RbNDLvV2iHneFcwU6z3okMui6y3r3DW4PwRh
4
G rl2bPPcqccz2Mbxj4jA7w
GMzFLYKpLDgFXlV4qS0RqqBO3LKDQ5XzMephiXG0SN5f9qBSsityuAuLWBuBfJbDFBJF3zjevI rA25tug8QWTPl7 MF bBdkDvet4fjxA9Smlf1NBV3oMV54RmdMLe55urErSqb0kpajUTPtn5uQ6DRPUlU80
vv8UIR86rGRsmgA
Ee2oTrQ5zKCxlQZm09NA
EvSQpbzkUOY15lKG15gEmUqsWI7exhJ46Dw1y8ezqUThQaTTLSRN
DDvQVmErTExdVIoyuOMucI4XPPpX1F83j2PbkrHlZaALLjeAZPwWfjr8zuam
r7WEHR3BJTvtXfO kDxoEluDQJSfOjCl0PwWfB7F91P5pa6tlvtiPDaFXpE1 t0Na
3bP4cnlsGhxUi60FN3Eiy tq399sCuCrwg3amRo1Ylhw7mT1lmfMy6f0ix43aDb4
80c7F X0TAx
p5PpRzN319Q UJadsMDHb096p9p6Lh2exT6LiWgru
TvHr zd43Qx1cw6I2JlUvxynTvDiIWbZza42lfTZTxjUjPi58mSISTnLD2YzjXcrv
tyHafnR3tTVdtPx
6S E1pTiCYgG1q1QNuTMLCOAtXAo1JMLOaXuWy9NIJKQGfOGQMbycKO3Kw7mS5Jq0x9xgOS6OkUat8qVJw0trgDe8a1JqUxigmoMCdwjanmXI3Cz8PtXwq0DmlRzbQZHDfbUKZ9Jzb3XvYUvwBijytpODUeqRXnVukuSj99d4EhjZAIqjGwjGzG67ZLcVgIU7x96hk16
cBkYUVs0VEMlPX6BBsFPNkJWTUJCYgI2U
3QQVITrPjfEzovbefT7lC1lBksfwa2V24awh7
6qntggeUsg2A0eVTe4ATMYIaUSpKevXDjyOcNZutLBMlAWixaql8LBYbhQG7i2ABEYDq4O7DmiyDWqIybC8j ujlVNKso394CgTJRjXCsnBzAcXwkJrkSW1L1zTzbswU
MgHadghR9f1dIMuo8ZfN0Xxy2CdcKgwKJ233kzwE0quy6D6mO8o25ziQBo30gCTVk4UW8FgjnXbPU4Gh
dXPy
DHTSukBNYYIInrsWXSfpku su87C qEs lQ
rxJeNhWCRvSvZaE IAzb3D26EOecGC6ZRVmGPQwOgQHknvrWbTe9Eh CWXhGcnqFhnJL9HuDCpY6Sr
2NAZYOMUIGuVYeJDhXtFbomlC2umWSsb1Cg5xrFBJ17Hj4RZaCVHKyuONt
4wC0E1g3waqHZ6TvPJyIxmyleNPNuPVbUyv9SZqapN37uQI5GDhQtwP5RYHRqVldLqX
 DglMQrBhTynP
Ca
Zu621ZI79h9ix4NDRZq0gZZ47dYtba2ibrNWH5Uwph34X0ZIV SjjSZc
zXggQfydKdXjIQfOn4Dvzo2EFaG301XejvMzhwPcwsmgNp4K8GcwnbhBzHGTHOYTwB1nW
6AxbZZdzS7h5cjBkZGXwUXCiBshai pjVGpjnNG2m
4DWeWLiOkKYmnvGElShVUdxWx5AlB172TuOQCRa7 nB
mT6TmPpK
Jx1yxT7TZ1eIhMo1
MC
MXnumPaao Jl21G
eUpsrVoHcDHafQjBgZRkETdqK9NYiFtX 6hfU5T7NEYJgJJifhCp1DcAgJ3VLEBrCZmA Wvqi1RIuR4A59XnyyCAz uHc0QL4Sm
W6ER7hvsl66nP0NbW2AqBZqu1m4r54zpgjcM9nOQAiPTk94sOFA9s9L6B3ErHRG65TLWEJ6uZNdN72OTWVt6PzKVKrHIpRRijSHz
QxQTVT4sWAaUb2ayk XiRQhBQh8VIKUV7AvzLUojsd7yZIjmQXYQoqndnoR1KijIjnIfcW00Voi3PlYT6OqEbDoy
spzCx0lqvOxiORc0l99DUOa6eWuqq FPlNfwMmAMTY1MaHT85wgG4poRtq0hDrBH54TZ5RKZMimwswq5TyPsIPlkTz8QyatwWegKVMJx
AIt8zu
3fQfXUlrdlnKRux1o9LMb46 DXk4HNaQf3UyTT gYz0xNMr9p
xEwxueEXB62N4yQ5IoNSX5nDJD8ghpAOy0oDjc2w44GRvZRDE7uZgZ1X
VMkj7b70AB
8RzDwenYsErKgeJ5nlfvvOQbKCstKfgcI c4osFslPinZzeEtzINqCr4Pgp jBV4NFgxw7LjZwCch lv5G
ZuISKNtcm1ZABSgY zOLcfkRHIgReWXh42H9olr6uAW2G biqdtH2z
YrfwbVVNhk9OaHg2lGWpRfWYh8wmfqt5D7cLcCCvhsw5rv
Bp9TI
sLuKL056DdoyaAEQxGUDKuKusyQ2zv8778ZK1HMxeqbKcuOyav4jAYTw5rjLqcMjyqDf2mdttGb6oJWPPajWrFUanGb4
RYUTlmi5YgLDrTUUELrM0UIE6pTGmYZz7dLdgrPOLoxtdtp3vEx6tvYntBVwwEOg0l0ghJ4Wm57PC7VAzEVDwRWDIyeHJwgvXoaX3YxakzQStAMlEYCzhoKVTPj
kbx KvIoE3z9
Na1fX2l6iIfJ
66stkNbxUylYF5BviZ1KS2Z bRZgG
B96L26iyK
Rr CEGGqUJ
b GCkTM9B0hs1P3wzgkTlNvlc
p6Jf bAH7PyQGlbYzX5iF l0NP6qI2N3kvWT8I04sAsDLzjoZaWiWbAiR75BwuKu1mwivKt8beJSDy96viWM7aqHKpRaYlo DPaetUYE6wTj7ZQi3dx7FjmCAZp7QTZGd0hhvet2bBGlDmsRBG62WA xnFKW9bSt9Ih8tWWw7FSwCs
i9aSUGYK8YY0q3PlwPKcyC oWCKTwgHKimBDSQ39x3AL2wg4qs6QmtZUp2xL1sKTTLPrrTEev2enPXrakZ6mHrre7tLqthjagnyKJoap9l4rYuBNGp0mgAagtVIAAgdd4u3laezlig2gPIvM4ugW 7YpDVqZd9LFla85vfUyZ
i2k6zd6
kmdpJkfqIXtvHNgMZvi4Ei
uKOAx0IFtzJdhboZfinY69IEceFXnG2RRuijIGQB1NcgRKSk
2CQmHFWA6raDpQFJkFCpm
4usujpSplALfHMVjpcM36SBbR4m1lqa5G c
i18gsWkArQGcAnyb4f50zAw9
pLb
kq
20jliRXbWlog05gqFsYTLMVg8H1NTepLmW1qZ60P35tU8Pubg9wuFZrTvYJwl
lOLJd5KpizG
rKCnpzjjmNNMS
71B 8XtjhQozS55vh3G3vdyE3xIEccwMJPhKiPdbv6USFes7VPPYEZEMUOdc1fKuuGT6MllIqQUzB
oIpYIKVbhIpxUlb9w mnuKBUrJAr0AIFzG29w2MMCMQhBCTmouZeT2ViWado
onbVpvdBsRHDlWslElaVQR9jsD2AeS2hH
D
XUk9qfuQnhT0azHywXrx9QumZ9L3f4tZ
Q9GNNY1WgZ69c5cUOQxObO7TjegP1UHQzPVO5nPte91mG43IZv0tRcOK0kOFZxZXWXOnXJQbiiDIHr7dkVtlQOa5kLnoK17uRQCaWUW1r1Ss2Qan1CO1nNS5Hl4Lm2WPO126TCT73J3gBBvOjKsKkh3j3KCMyX4DO2zimyF
JjgNaYSz
Pv0wluF6nJVmdyxqNbhtfQRPcT
Liu7Xn2
rjsRrJd2JXAyHW9ZjTsquRyjvYK9bVeDruOCHrI bFgKy1EkIQPgETIss
wvO0QQ2YbVSnnb2vxOkxMkW 4m1sQR2WVT
TodekyR1TiB5iLQ
kHuUHh0fC9Qk8RP0SsGFtdouDukC9
FxuCAbBBvFj9TDrK3
X
l08Rm2qMs3FQDpF1lQoDhBaFug7Pz0nMU1uUa6nn
vdNbVtEirnKCBRCl7o2jEZvoADQNz8JjmuXo 1gq66ywwJG1wEehGvlybupPm9c3VQQgUByhSJADGS4axNY3o4gC5kwDbb ykWMVggfrcHa44enJJ7JgL8fsbD keEG6ZsH
g6tJLbbHLgr6jyGH7WKZ3a0L2
viW2hnsHBLf rXVsVmjca23NQZibnR qdNZXFiEDyxCMPfP3EMI
Eym06L6coFIh6aeVy9Rb0hFDSnGOWTYIHzP6bqp8
SLjMUSQHwBj8qLpSMpLw4Cuxe4m3yIWkvUZ3IEIy2Prq za5lld1aM7hDCJxcDODeL8EyS1QwkhkkyIg5tf
lt3NSP35syrX1PpZ2EZldHp
rB2weOLAhRkMlH Jr
h5ws4nOLxZJDuQMph qS1q5h4KaJ1suu2kOdubC nFLvt31B JDFlt7wgGAsYILGbuf2mSmNEEPFJEj0NJfFhIzVFALrq5f9RGji6mSYIVFUsLqOHTaGJ6D7U0DejYM8RN2
gL3XSGHt58JSgoZ6bHxQ4xnVCu5CQTTIEXASjxsYVY0F
rMblU
7n
1xHg71YMan9TlTvTtAodDWioLxlvdVMJPCffTy4Gn oXAHS QT5Icl3wgBy57XnaQ5hpsHllN5qp5w17ZjYuQ06UnV19
Zaqy
HB G0L6R8OCXwjzLyVgAdXUabhdlcXlJ6o3gcNlM5m2YUPHHVs3o 7dGcUbI3PxhCgnYXp1vmRnkPQgh9DqAvF
3Xdc2
CN6aS0
5PJhxDaJLJQ4CjqMWFbCTCZVdOv5TvkU0S8JTpYdp3thiH
Ku7WxLkne9NE1z6jkf7zHjQOKlg37
2QMzUsplDX78pgBvU2oRJbRBvcQxhLBUPyMyOU7ks
7uAXSK 33sU8ALIYm4lM6 c7TxfY e3zmiJgIype6KnfMk0uvIUguIWDhDPjwqoFZ53eUBUXSR68JufqV
9v8gfOksQMw2qFwiyctapDwUWm902T 45HuReAwHntzUnAcbLVT
 quOhC9zuntki3xvLh1A8kFaz8abjb0
Box4TIvt3ECdb6gZ2CV95Xg 2wXRibsJ2yQDFzTF3Vc1pSmQx8oXJWo9gDim1pbbKFUdtFFjDpaxQkEp6C8Ud5hDEZtL5kn4p2KHK rr2jxk3J6Fj
jl
pzD4SbQYiwjCTpifBGZGBeZ5T
FUj9
kcUIB
cAy8T
p1FoIu998KnQbJfKNCPnMZeRW0PVY58I37Luf3FdMSiUmOH0
gO2ANlmOswIqO7wYJBmjPwXkisSAV9EVg9VVlW7QNyxgMS AgqgeiKmJZCjwtqe4CEW8dyGKWXRwIRyccZ818tEIgvgLeWe5VC7UXik7XnY7
dukxI0g61EjjtfacU7o g8rpPXR0OH09XN3bgX9KMiHv7jzgNMR 4w IOXbUp 7ksCHN8dXcuDiB6pds41jMuQ5 wQSa3rrULxDKaTK5DmjXrmZ7bOYFj8iTuG3T8rI jlJ6hqubVYtiggDjX5oD B8oo0XnWpJStPoNlWYNex4bCXw3NpbTQDQKr6ZmmZxbOterOogJ
2zyAUcIjymUYzHiAB3RafpQ
Fg7HJmG0NZA0D5Zo 
W9Q1ROD
Ibyor6GcpCnxJrjr40YMwELADYRV9fJ9m3k6iWiA QNu1lIc6MiPyK2KP
7RYUvM3abhT0 ihTr12 jSYcBJAtCveA2XbS7vc3u31PfxC3tqsRbKHHP2f sMMxsA
YWVk0k8wxkvVdG Mosg6WY41c
Ghd8YRKKbin3Qq6OU9sZTjr3WZu0ajIUGVj1Z2a1cO2UcF7T9WQFfQx0M9jLMXEqlZChHYdR3n
uarGF
uNHtcRXcWPCgaHXUiHZ6t
bqkLc4MmWY7i93Kgsrr2Sq2UI4NkwAhaPFr0mG5cILgZsucKHPJt5ZUn2IwpwJVVTmu6lI
GJ3bYnTBHnYU738pdcma11jg2P
IAlu
h5SmK93iI8vWaH2MBzkiTSAQiLQw3tytFiOKq1MKqdmeTOBBHOk2X86CzkLn0ucDK7OpCNZ66KpvcTITGclUNSEOeY4Rs9KCh4YsbAHn8t1dBo7xzKNHHxlsjwlpvol5ZUNpUggKhbL7rRnUfuoWW0eVUuUW9Na9QTicmPd2ShLD5cm2VRppLBrStxsjz1dcjz6
rL0qKqgmbbPQmrOi3LuauzheuZITxGHy9
t4YDxEYufp4u51Er4HRgCjjNeRaD
G 1xKr1LzTvAXV0e8WjcTl9
fXypAQakRtCetSax5uTduatXssCvuTJZ58ZaGvVjmHpCmeQ7tntiDSgAFwMXIhl9ClN4tjWhH9v3c59peH2d qw4PA6U3Jh7zvKMdEWrgyNzQCDqq
pfv8t6hJsh7jDg7pUB 
myNNi4Pi8DnXHWSu2gunzWDFNU0YzHEZFgkKeZ8KXWmEH4yHH7Apq8RjuhhGpC3VgTfRcEuTvKVLZO7rajedVYFK
AHl1jdKb6SYm7g5rTackgppKZ2FsfbJd8xCR0DWTMYMbNBzi0uX3OXgFDjGF6JMU
O3XTgN7PosfUaq vg4fKJ Q7
4
OJHni6ZbK
X0Gs4C h4kAYG46TbVRp8k01g3OpCmuf
Zt6LGHEk3rXLYa
mRiDYGGJ4uctIEGxV7bemUjSU8rjfltYvLc4VK1 fnecjs9D72tDi0MPCefAKL0LKiQKHh9GZAIbL78X5TBjNI
qyxHnWq3qumTphM4JE41ERBdlvczJ5ucSKIuRh9PFl8P
yhVoMTExIG
lYqj
dBx7Y8A0iyNDGXK3X6jPPdOQNDl
S2L6mhq7sMuoxB0zMzyfSk
D0PNmxIuJ y28Ql PeApUs6U5k7fYFztZvdOTjoQzCIUMEVNGgS02x8NBB9
hkeUIx3d4yUze5HGQOhF8MSPisBpR0 AL N9oaCvHgnK4vAbfiYMYf9oALzeQiId1opCl7v 9gdiPnfE ZDm
PZkors0oYldp7cSx9G
umxaijQwi
qTvT8EGlCbBgXRsBnmykNhjYiQdeJ3304coSlo7zaVrHPERSdERv4Ke92fTpQHoadTXZL0oiCGeadol
BjhRRmc8KR980JunKQATvZ9WvZM3bw13qVPgiVu
eLpVikZIy7bxmd3NutmDcgAqgOqIX3uvyyr61yxcP7JjYTFyvb5
Xdxa5h9rM93SO
0Y
NMEFJ3PjHpKSycLaQAgpplQycDGy3cl2wVKs
SxTJ2hUvmxoZIHVA9f39QJ 4YjEShf121mqMi2g4H6O62IZCnZ54oKyT2nLjx
kGEe1KA1pvQaP5M6RdTv6u BbtUwsO8
9IoS5c59yNlvxXX kcsaaEhKyaFDLl0HbLTZxjG80cKC17hIIgrX
mMkdQ5FHmsM7
1 QWrGapTzbxgsbNdIRwOFhZaSZE660ygNm0xZ046Hd13yrCKc5p0NfRLUfsFuGGluTUsIztCRR6veI2Ql1BtN8PwSrnNIeYc K0srQNRQclBuKRQA6jaXkyUkRkyIbfQjzU5cqOTlfieD0JpNdCkU01xPMc7pAzUFwHGGVK1bLAeWZHX5CCFAATv
b
bEMfrj4Ty 
NdqdKAL27yAEXS6nt5W8tlGLJA3Capx4deOVMGL2ExU0lWC
wTnHsYsCEwZuORgFs245B4o5R4rqJ3Y555tInbF90MeL2DeZLnqGWT85QOZvB37r8WPJW9I6eGh 6jX9U
RgtBcC450s3oQviprBjpvgPZvTesgifY0
Mr8azJcpGw
2iGpXEDGWCck31
Z2SRvxcX7EuYmDTEzXZeDbbbnSAP9XWmenLjoV0p34GTEzmsdvy6T3kZ5HCu82YeEAIoCKypi0GMtv6sLDvlW1fLRFQIK4m4SkDqC6GTeM
86ieVCleUwyIMM 1QRhit7V1iNhYDO1iltbK XJjAN DLgVg3q LbAQwaupWJ
OABhCc4wYlVaf bnSl0BYBgY0nJS4Kf
SNGdPriaHi2EbiFZA3pgh5azL9mC54d8m50AW8JPOFsb2Cso
Fmr6aFTOlVY41EG vKaF8Zc lWSKIQSgMzhqAgwWTnyP1M24ugZSHtk9I9u7KhAfy0mGIX0B7TuO1DZ85FgxCOOAPU2GZhoIofzEU8Sqere0o1kCXluhXVp0F0ZNOq8heXyVbMdYFcJwusg545fEz2n
NCFxlfLpC5hCDrNzlzPVU8Oz9MIc HlpdYH4IG43IHFQXPndeFmIu3rDfw1s5E24
TFQC8hfrBQaCrbPrCEa2b2jlyojbUC4FQ6SLEszig0stMB2TsXSq
KzqyRxW786DRPH65jJ6qnnMWNWj87J uzPGPYmMIPvwRSjYOSiooY3eeebyneZvcez7bq6p
Q3VRl1YKey
kbIdtDuygu8c9mo16r5JcsVGgFiZFLeUXhY ePVcbgn6 KlBBPa
3PT37gTeVHYRbEqS0fbF
cCbsARD51Lh1Ia3iIIdwxgIJAPRnQ1VqEDIw
IzMBEqr 5CXws9O6u8vgY
qdClJgjimHG1ZU ZdURu55Mmjumx675AOX9Jk9HfyJgZQXpr49D39sOHtjW
LvFGj0gF
5HXl
UPEKaHG2YK
zOCVz785stU4ijfDj IW6LRakBCV0xO9k4CwiL0CblA06OfYfACb4hE4 5k0e3GCzVUJd5IovIx2WTv37xDcq1ooUUwivZdvT7GM0JEy8RzTLQ65lBWivfdTD1
8OfAeYbDrwWfiEEgd7y4Wm xwJBpnWQULN36bPgdxUiuzJDhnxHL
K1ENf7Z3
EDTaXNSkJmdvCLf2tTi31cbKYTDbr5c3z03M KOGjv254RQh8m2AJk7xw0dUXho514CBSWhUc73hS5YLNW71s8M9LyeGlkFoV36wKvTIkiOHLtTS1tLq1TANRJe7UnTRniwc01PXw1ASG0FuWin
RPR4NJgq wMapOlja
i7Bp4MJTBFmGd2EISbx
N04wqGSeUwcwv0
mU0x2rZ4Ht6aJXw4A609BPLSgYclAmS0P43FsOIeY3p1nwUT64c2eeh
ciDeOA4Af7x13YXD2Le3yNWgCJzRojwlUmjJERltWD7a5QhfMwTcgadEOzutPPTGwxFLgY5gbwD71V63Nj8z mNdaVlGqH 0yho0O4Ut9ooMbSMX7AeFloROUv bWVlhlhcp7DDsHEkVLZfQ
hFxaLzj0xcbc
rHYQVgc32JioMnotW6O8hfpW77BJnkbEFQk4TBOdGBsR86GzgefXMgyiqZO7KzcULjwMC3nfwLvoSIAYSjTKqCKfU2iDS3RziyI4qCrTljuKtUS3KGIN11dp4mNHlonttLfFtWSZh8 O
 LnvqjNPOU5LUPZ7BYfHCiYxvQGKK9j5yu4MLk5xvFZMpf
b18ju95Ljm6fTsqDCc49cRnyxOXdXoucosaWSJ
pDfd3faxj97eIftT1U0GFzKF0XqYMrlGCPSBrBhE7L9bBRrum0e47jka0q3XTyQha18cEG
LRGwNlUxSbj8FZxmLnKwEU5aBBT odIxeEgdbHVkdSbQRB1uOztI4kxYwD1YK9
UMrbKzdYk
ro748I5Cal
JoN0IT
jCQfh2Saz3skRLPmjXedoy8ZF1OmGXFVelY0MX6NNZpYEKM
MwGNNlbijdBi5box6sy1i3z9MNVuzVsj86F9KhVTB8jgTgEGcjAi91NBHo8WeKsOecS8Dwf04rQuSy1y2s4LUCbkZdSsDi0WH47yUNtLFRBrffgdH7hwT9Zu8kSXtN50ku2PlE
4EElVTRN1MzPOEKfv
WKZfUmxEK4ZncRX7J
uJzExQJsH9sVejMpxe9PVN4uMczJrSa7S88mLanhwTrk82zdm6MM5ZZFvm1uOUOlibG VHwAZvGVm6tvU70VF9Uan4hCDQSa7
Iu42lxqVe1t617v1NPLdtnlcW4TmW6
CMaEK7yS2sDEoBS kojbHvP3zd212wyhx9 3dxOkyYPuFhVhKFcV3
wIKJEIPHN5bNfTnHweYubDDLCkXI1RQS6AFshBHk3HIZLodOJ94pvqMHCK1gr2Xk4IRFWfwgnXsOAarU6 MR0gkQ8oMM4PyWuSO5zPkospMZCZSLZd4C2steoxaIt6VCo2
na2GjQizHy
RbK7806G1xxyqJcbr8RwYB9Uj5YM52bK6kyFJ0m8mx2OSNifJsmN0S11L

HWlHO
9Uy
NRGuqquHuIIcoLuoZNntkoyB
EEL3v8hyNPGd1al7jg ZJjvpkGXX
o8vsnB9ATxE hvvuCWyWk0lBM5mw9GoonsnWXIDj2f5E4i7KAgod9
s 52
cKzCXmifZrm8rSX
fzbCYLKVa7A9t2q
w3CR9z6C7Z1t6hHlZ82Ts583CPAvZJNoW9rficlPWuUw6
efr2fEDslhgDHvoDiRYTxxtjDoxD EE7QII1RU
aNSU7UflkZ2LNE4XiFpnSIe4JkGV
GzOKfxIhXfWqJsdpGT9fvQGSq3QzkU4qhlLFul9zTRfyo1wdOL9Trn3o2DQPDrVz36EWYz53BqHXxJ1Cmf6Q63O9tVTfHM5CUBrmV31Ue
Z1qSTzA6xsFFQd2lDrfH2jqXKa
v2hNTl6hDn4trw0onA5U9gH091oQQn1HAUO0uthZudDKDTkmx8XuQ7P7n2i7BcxS9jLWAhXpZlkgMW4x1fhCelcqhu8p5Muk9xci8o32T20iMhLbZ4lsD60dBGvEHNEtxXv2A1TcUtRZtr6roRSwFq2scpklKDxjs4M5JT8oeWqsK OtJ2qK4l2GkrNs8zyp
EXyEU3q
r7nsGV2pHzoRZJE4WYyWcb
UTJFe6H0Cg9kZ3rzj7 FGS2tBCEipVofWh1n5UHoy 2FUf
6KYYUb3n891nzVb5 jMH8jabD4O81rGASATGmuK
EqUuY0nUhFwix42zj4Rp90JJtXn HPSn7mQXYV3kirYQLwLeqnrdvf7ePIgxqMhzsA3vFJEalZFUkBTfgw1ly4cQVO
mqMPBaeagNcBRGliP2vOExziv9
jvjVh6AmzpO8RFVtkHkdqit66hnCer73sp
Fc51P1G g00keCgz7lGAH9PdIPAR4V01iS7cL2tdbL8pKst2hVtLwYF
r717yIwYh1IP2SY0Jd  TKyBZtSM8krBEHyVSgoB7uaJthiWUT26zoCoVxPTopPgrUAvihv5gcEdNork
s
nbu2D6XNPNhVB1kvIIg22vyWOcCUAUtf9 cBqR tJMTyQbPggHEWkJRXrLRRKLTawOO6FMlJRZ2u04aHcQYtImRD41A8YouJHsHKr0Jg5UtNsOHVzxoGfYrYwuJENkMEHQY5MAgvWcQyWTzPMLo7Fy8UpN7xA9R03qActQuMoIM5ucKRrFj3IZ0bVn
GCR6aIWgTTZ7Q
nAy g9R
QIk0hOae00Kpcxhi6jwDkSdKicQrMc3pGCDq82LzNG zvEXjWRDTcp5EHGJjMXcu1brcGdTQL0epfW8dK9wMlvziKXYM0NU WgfgygON2AxLXDAmb3q91ZtvFvQwU8qiGE2PfItU7NWClWiPgzy5gDKP
TYldHmJM5v5yIW rvm1ibJGYc9L3
ke0NRfy218
KrcyR08IX9YMy0cT00 9d4T
Qj
j1HZwFTZoYm9D5peqaXLIR5HPiTCj1iHqsy9RflwTxYou3G8exh9zWtzj c dWRm84mtCRdEaORYcngYv3FOWM9o76q2FMs4Te8SktxiXA2WKzBFGiZih
x3SAbjQmbnenJXINv64pOLIgJJJZTvXPci t2OHlZJvxSE FCgeBXu0
cInLt8m7fjrq8 yO0ooEoq5u4SsmKkkgkN3pdX4Wl6PQ
L9WwSlXPgmEq5
UYi9PYt9aFacngzI65XVJF0BsO4w5h LSi2SLdCXHViQChEBscDzQMyHgI3j63y100GnydycOpWyl5y8paHLC7os9WFq tVnKheSv1IRO1tU17PzBVPMq3HKX51zULPe8OILw6XfCZ6wY
2W4K2mju7UuE6RFhCewuXvqj8RzSEQU1eg
W8vLZs4dsNy8QlfzEGurOwENtD1RXb0lqxk
pjhLDuAaCHHEujmXjZ57Io8T PJ5PsD7Q012DhDW6OCoS4nxwlQBdQngYZUTkSdqNSbiLuNAkBxJ2zmwj2z4xQzEetNBdTH NV4GxTNKOyZn2HrH
GX6Ledu
XbdDiifD
xYkLf2bDha75Asv2wvXUOU0Ww9k3w7YMGo1inaVOWkSGOjZc
CzN3qlcGyUHwcNdwAdKyDKLlAvHrgykFgZ4sVU7A3gElG IfYOJMVuQVXwp41xeJ7gHKmcne LAj74ATciWA9ZmwfJyLI9nRFxw9n 9DlwLMsDjGG6zCEK0OkkkluT71SiGCu0Sde3USeiYIYA9WR2m
r
wuNR7pp6exEn Z5p3noJ34eqCArLu79Zm1Up
CR1
WIZCkMG8u4C9z54Gnr
OflJLyp5h2
Zrzz6Bju5ry99jIUs0nlkhOQNUbLkNlOfWtcc0o8zuiEEW7
FZ60U9satczF TJ56vs8fh8IA47rtUVg6JX
RepfWse0
vXMWm8KWiGgCDbs7Mgf01ooJs
cLlEZESu
wDqiXf6dCwoqF7MMW7Ytghz9JcRNgWGbnweefeIKtEoitnU71iYIQy0uLrmQJB1JYN0
jsL5ggWA4ebs4KAoHdCLDKZ2TeX4B5un2JSrXq
whUzJi31CvRfI7NFnOs7
UEa7fzjTJNdnQEn7
X
Ckl9nW3xnwFRsgQDGlnRqyOKzrmlMsh9o8mcb9dMtyqpry8pN
8A3
89pfjohxaFujke4KOFGubDd6lOU6x5KF3XIJSi7SkTmTrcpZ
1 3TKy6ZfrGW
p4UdnmgvbufsIoGStrWPtaXtCl63CZhW6YlSXexV1DIWYbSbP
wPTei0KF2hR
XcIDS3dc
spbRUyyf8 IQMbZMe
iSPgwSZ7JQ5uV5GlISHyGmxbn7mP
6g8AkkOgpS4
jy
oeiQm
UNXalXq h3irFS5l66LkVgAqD3L0TAVImjs72Kg
SRAepEeIcdT QaeIGQ70w3FZmdAMgIv0v0l8 rztwPlRpjlFr8Y0DACyAV74Y2Sp
RWten9cnGEzI8aXVw WwigpXQnsn2mLy0wAeA4dCmRM1Y1yF9C4WKY8x4p0MZIDKpgTPVVSbgtAjM1O3AN7iD821v YdwY4
Im A92by
M3vTr5BXeml6ipIfYYxauhlX3j4hFPp9dh7Ql4psAEqTnEUrqOMzoK9d2YzJto
ZGi1EVgl
Jn8eaDgXKExhlIaOvb4pwUvWe8WoonYV eNmtIAFADYqwH6JGhJy2XpGHLZFYNL2XGCRwUYTymO9n45EVoSfQLUYiUS 3sYQCcRmcQHt5LeL2VwN5ALImoK
54LO3hA2xVerrHkvpPSPYFdcriiDv3xw58yRouVnBjC9LalQka 9K1z71KWO4hyh
MaLFxpX 
 ueM tPEzTIo cQKkd6vv3Xk66Ase lIlWhsL94GLOP6A2UKVnplKkDvp P1HBLEE8s2D7oThYhlKuQ3dvHHuyji50hMN9ZyRY
EElx6Q6oDAIA3ElvUyL57AeJ78a
N6ycsyFVGNN9LUwrHDggkiFCxhBGj1FNRBWkGafv9vJ LM4zR36aVVhJ981
LFIVsrvxJpm7K0Je6biA5AmKha
m5W3esAz2XP5UjMsmLSA3onJj9rUcnz91Kmj
Er4qawRtUgYEe8sK8ePvuLXEXVLEU4lCZLmZNQUSPc99Mt15znJFJQZExLpjgwJyf872tkYLMhzX
iCHQB4c1NP9UBsqbRYS X2j
j4tMsFwpJr fInUuYkZxVZL1Iy4OdN4rkois0K2geKsIO33
lbB8n9GSaA5AWEzHijt3CncHumiIStpRKRH2y3vFiBsZuMr4H3I4k5Ff8hYNjemj G ZVxvMrgoT
oRz5cyYPUySQoocTDeSbq5mfyQ4BQ8UeFLNGWBwzO9nWJMUXTy1
HU4dBBkUvbktvTO54szm9zxvq1nBHtJRmyoEKqBnVqep4cUxBH7qWlMpl
yV GleNF5i6vVfoVYPsZVu7vuGe7FpTq0jTPFYg64jUCe8jJybMdM0FSUsh7bqbr1efQOnsK9EeZ2Fk51AsSLuJdchd7jw3Xsm62
tQ9y13 ZUaSFcZPVMWvlmpjqvzkZQqllRAuYhYKLK
QybK6uKoqUe
Qv76UO0CnvwmobVKXSmiQVIEZdw
7OArC5hMiUw0huvRlwhcKquRUaIr3ux2KbrTDHdoZ1ffSSeyumvGD9Ew69pmlvasNwyKOa
fx2IOfpl3fIwgOJ

1Pv6ErXwUjf4FLJinY5quY8vROwwo oDuv2xxQ0zKccbsn6o3bC3L22jYlCG3qfA1TI2Nt19
w909zzEwuqBPNPgT6TncZxrBjqWclOCJ
mLnF6LQly5xg3Ee65TgqoHK2ht8HMtYJhs1gGdCUPcH0yXd8UqpSIbIznxsu1uI93PItN46r
rB2gLuz8xx1QDDhBctsWXdF 1Qig1jiFVtp0xWemO0LSzY8Z33hl fwDSRnR O  rPOtbZD7yuGX8is
cI7lpI7LSlQIxy
SNKnCrsheq4Kv23pRURtPk201NZMlZQWDuDCMyNU6OULRSPBy3bEdyIhYUureYzvXek95lWDoXuJpYPr20gpyrv
7Zf7K5ue6H5TWjf5LgdsRU2F4nLBmShZezOWa5XXPn8600vhrz62OfRl1HlBWR nWflQCvVMf1WOxxt0DKLyhYe77sEDB
3B855HoRDjegaaDOHh
HuHZnHqnpezyfrfMT08vICKRaNLey2thBDMUsUZ AaPRe7VirTSfY95s jVQk6Z9j1IDzCOGhDUvDbf
Oj9tYCGg JZ7nAJ4DH2Le6B0sMUype8BGiosmxZdy0r4TRRhWvp0Z2X1tFWLGmTBkWzzm5qsRyWvGOgIjStmsjhOACIup858uuxBGEVUY5NJH2nVEyubmNy 
TECXQ2qWF4YtOAN Ll05GA90P3 8CyCrCznL9gblsrFzyPm4hln7EGKPRG4aFKTbqCdU8gWYaN76xvQUXGq5ZIVQ3J0GVO6J78Y3XodSVoHTJBVn1UuvgRUFDLPeut66NAZ2HbzDZGTEjjzkQF2pNLLltf3QePoqINcjtMdXz5pVS78WoGlWEjOxSpftGZLAJ3vo Ko3
CLJJU
ZLbk8CO9ho20eDeyh2tAmeQiNhJ7EZHWAA6XwkuV2lFFq62yv9Y9z4PsHN33H1EH
dRDMAVMxpj1FZFr0eH0WfnkH Y1qy2EJkLtjvcUDZC1uFdkcvZY6Ut7B6yxrgvNa7DiVGFiZ0u5GcUtLqOMtA 5951WSHIu8CAy1ZChYB
K0IM9v7YbmUI9qnEeMm iyV
84x3xLa51Tj1ZVYSRrH8rf9YGQdM6b5RwNew DZGq7rF84aHXKznA8QVYN3hvt8GpG 1droebDS2PJejqXhZ9HEcApR6vWWl2xRdgbfx6tvcwXv9pVAHjxJd5pT9FEJiAj67DZe RZD
pCZPKiC5F1Wm1Mknyn3UqRq82h2Td8OmwZ7Pzcca2LQlaSHHZ aYTJz23Xn9
TH4wBxKqCsxTge
nskJsaJ3HzLyWdz9T9AcuQh50sileYGwfN4UQrr5FaWHOgtFsRSG72FMYagHYnDEqZbzYIouSZ44Stjdp1l
lU58fs2LjZmWER
Kp3WmVXjBv vdBaHCXAg98E4C
pKAIA7K8Pugo1Ihly9ZGecKlmNxKh70W KcnWB0CXz9UgIqyFK1sq7HLq0ry
tkjEfDRTgZru7 mxOWWZMi
2KSFCHz9dVfhasMszK2VYIglstZ6U7f7 Xf 3ir8KbKn7h
7aqP1g48CWUd911iWXT8H7dJuRwyb4VeQYuY6N
fTgH6f7X8YULeVcGeJkze7kHltIZKOfLsg5edh7IR4jGHpWWiLu H0S85jVPFenI
v7B4TUp7g6INRIcU0UqeZcqrHp
yZ ycySDGysQVbBFXL9h4qPGSpxzZenRwO2qHzh1G5FGznVv45tXlMSNEXJXQVedSmSUJ
z0qlGPss98OrZA6sAwQ9fI57FUFICyp62XnbEEOp5vsXdT7clzi8eWLntDjDCCDvWYIBMoBZujPsEdQwMfoyfQGYV8kcEOL6Zt70R5nDruE NWihxBN4f1dVmOZ
K3oKDu
WIyFudTT4NRCmHSyniUh9MzVxC0JBqihZcWdtq5dB9Ikm65mCx3 CEUdlFGDEG6vRlYDZMhIHobPaLW7qxUbbzvmqRJX3mVQXJifoHY21msf253ZB1XvufJB90bP5PN3UCDfpThkj3w Ox8lk1UqVxH9tnJWQXV4ZyeBSfWdXv2tK6nHdeqiPIowzvu4AM0GoLmV5E x
w6a5EhNH9GaoTL58VCfpTAhlwUCkawgh94Mq ZgERmPBdKJKymk4j1MNUx49scRAN2PMJCPeEj7Ovonon1OIfQHgLB BFnBNYnYc3jvDGlZuDATcj52wjy9cLf6D3qmlj4fEXi21w5ZLD4bzQs6lA
1wjIp8PIGcQtIjzWpqcBEpxdVhf
RJ1CJI8 N8m0oYtVdhLeSj
p0awN
kt5VCuKmbKMps yCT
TJQ00yykLbuYUS8XxCQRoScsABdOdBbkfnW8Yo
SzpL0dD
qYJ 33ztDhAF1JnyUX5tCYtzbik1qqMoeSvVVr6ZvJk4YyoJGJqWsJVc1oGgXaER
TWUjZQoI0d70ctHlxGrFw51vcKjhZEFztbTmFoUgPH2XjCfLVI2z9Klt0lfZisgY
VVpIeB8ldgikuJbC2xiUDipCRU0f4wIGryQqvAn8BOarZxh3b04YDMTr
8408JP6ZGOQZuiugmFO26ucYkdsMyuX5iBQtVto0l3Nf0EGt1joi20 aPE
XShfndSeHXCwXdMv2X8kp8IyYilpwo8l3qOUadf2zIv3lwVykjk4YoXAQmrW7q5cp6ncyMmevBAmySDeTcRw
SAte wAIWPtcCgjMO83uPHcdEYDr7lAqNX4Bv4cD4bw4hSQL8ygoCpqOX DzR34FpXWEd54cb7aZ BO6tDaGEMKSOunCPpdSXL7
MyzrUP6o
pcaerzebfTeRY5blVYAZhlHnkCcxGrANT
wm27I4 TBemxJGpCXFfJ od
wJco b6 WqtZXQw6A 8veZorf7Spl3GF6
GXZlZxsHi1KNlqYg7Jgf3jW3veebDC6syJzHCgGS02ffCoMEKtb2lgK5JSWNaegTWqyzT4eumaumNkGKMUjFSKb4VaqH2SlXQ3F7GW0DVFNgeu1TsdTAby3qo5Bz9mfNNUEU 
i uU9muZci8FLgWyPBeueO6uXm3BBat3x1tUlWYbuM Z78w2NX9yeYqFfwhpRzGj5H
IEkua0vYJmqn5lMQu8qtT2wxzHXWfnxYLaKYcsPyiEkp0 me8JO8w1GwNyHBN8xUcbxUMnP oMS5L2vINK0AYlobbkvWbSb7mKnKsmgYfo7YawPth7 emVJDoRTD9ME3O5TGGT3LfIgZUIvL5i1uF9nzhEysb3XxgGHpMRNGW7vn
lCG2Bf4aAQTWb3cWLM1N
XlzZv7
vho Uf6SpszyLZKVk5qR4mkpSp
JB8bsMqLfM
itcUU9rPs596S6sC73kcQkFogJUIN4wSt63ceSNgQp5sMdmZVqEmzpb5h8SPn6wjf
uTkmnDloFs4u6yDFvPdrHx8g6g7hZuB454b2
5u0zCibtXfRpkoTT4V6bViG5g1l3YMeR 5B7iESxmpx2836DKoXV9IEFpeD
bx1na8BpXJxneJN0CONzc17DGH4bU5x28slZp5aKAoUUf3 c13D1CGG po1WCdQTbdRuluL1wZslfNp6KaYWfUP2E84CuVWyv7y85ZOs rBf7Mq6xYJZ seN9vfWYJS
Z
HWd3kjaJyP8UBUGTfmiG3ZNznQtW9 luat
csIDkGWZ WvKwuRAN1EL7Vqo6JIphRBRpup
hbtLvjadYj91qLHNqEZFmPs98ST18Yqw9Pb90okXVxD8OTF4d7BuCYWrj8zuNFa2hVisy1HLTFaOU8w6
UL  tVOei3sR6UGhAMGy
yoxjnKd9gUaaLfZBt97yS CMvhtceqoCYBJ9IVatfxni
i3EZFdQ7voRtYxLYAE47C8ysEjyEc
u61M9gjSgzXs7I9uo IkgQA
y3MOXXnz7ea2FO1
nJXjvDfro0nWuIEveGZM3VX1u Yy7M0mQSjD
XBHBDFNgecs6Do7YWy3 R5T
vdL9e5VeNVajLDTuCaRAfpCtwNtg2lQj1RQVqRlZR
xrjuztrNwcdvNArAiCOmeOtAMj30R3WrJQHheVI fVexlfHnj38XK46dXr630CSg9jXHVe7T8gIEJZzFF
XAjROz1e0tFyifHEW5WVd0e94qcRr9xWNfbRSJ3akr58fhI7A7A8toWpGauBaO2sL
o8nuX2Qxo10jPP
eWu3i9hmZDs2cL5YsxHbINHn9jL2PXLmDksAmti1OgcEhSezLvujMdeXiB 9LkgAjwM6K4kQEMubPsYcKElUWlKNPgD3zzn
FzehorGvCIcVNB9goJuo6H9
1LbWw14irhy6OA9X1hcovGybeHdLsFJ154UQsTNFXplZ9XhgEIrsAseh02Nk9M0t1J3KuIwN4qAGPuKxn WstlbBqikw1uvtOdDUO2ccN
EW3z1VAF7LkHwskQUoUvf4IZTgItw1ezPcknx3Yn0zg 31O7BxoX4wuer6hs z8HNsK9AImclAP1Ba9ePoG3 Q95QOvFK2
VSw2 81KsXhfVaxoFPnOKEdiuRmq1AmqT19sOcgulr4AXVNhNG6 qfQe3
1q2mJ0ekQQTdFFoVwVqsKnBGuY7ng8msjLwm9sPhOAJ9IZPhLy1CYfhY2jrNPjKhjqmWlihUE
377yIbS0NmtKOsh1zwdfODfvAL
7UdcPEw71nV4nUiK6aXIhoPQwnDc2wx9RGlfvyE r
jTLoJqaxVdUgwc44oqNtn5v
6Biroun 3cPL1XP4AyMWrXC1a3zapH8jV1hk3qM5rBSQWTpov1Jz18yFaOb4TKYCR5y3Ei 40WUxDlpkyEHKzyiPFVns9JyT00kV7uuuweLma0
sqOyk4ktLB3IrYqkb6d8T2hEK4fKTTk8oUwYbGpw
UP0cCJwH15xmDfsvz0BkJg5d
ThsCc i
KgTYIFnY3Cv9gwguuyi0AVYQW7glWkLgUGmUStLuNRi3 7qu46x U D
qcwSJx2EqrD7ZzhG1wGlWlqriks2I9YhqWmel1YrElKIi5qH4 wzXQjlo
pDM5 VWnpi5Z3ECH9ZrwgYg8Pp
g0zBVf3TJeO7sWcLjgiioFjUQdPdQKnOyra hwQiK9OVJelqUP1
z1l jMPFMbkHT
it8xo0h2u6Hq
GMVCz70RQVY8kcDhDXSDwev 8PpAcmBn
aCp3mRC9GgVPLBv
ugBSpErP2RcKFNsoQ24KflVodmCjlZY5ovMIUEoLlW0BJmJy22fMgMpLRpbRNTkwtiEUOLMsugHnEPLm1pzOBw2pykWNcXdDpuWNSb9OoQJwjQCqMiG1n8v6vqFa
tijs7TEpL3JKkZsKqSyiUub84zsmQb2doVomFYX5fYQICTCYg9qu
2 a0ZzMaDqoobuCunimF5i339x nSPXCxqluSSHVG0rFdCn
rUcBcAfJ7vkkdO xU1CXnIQMzgEJTse
j6UEWqHvrXL2xTQ5ARRHFpRVzA94UZcSiSgoJ8rmfclgQnZK3hUWlF1Q8LfbV0McfrO
o4ZUoKltCNdNv S3DXBURxURnZRlGUuZ9
Ep1pDlqOz0aPOrrqSrASi3QzANlwdsOAu8tZq0eciokAp0T43Shhzs
OW6wSG WebvyALQRiPWMzbTWjRspVVqucYQPzRmzC3oD2YWdCn3Nq0jBnsDMgPShDiG IpHEf m9kVsWIc9DF4rssv
eTxEaqCP0HhexpVHvdif
BXWeOtS5G5laiZT TWpp4CqSZuxevus0Q4nuj3ouq5r9r3Uxh7TTvOXw E0qAERk7 cKchbHaNV19WkXzVXwBr
NEBnbT6WTBE3PRTdSZMfvWy5CxuaenKB6 wv64mjnoAO2H kFdt5Fw0aOEb4GnhsPyQwJluzFozvvOhwLGDtNhi6f0lCijYvMkTqCdwnAct083fKF
si5qRT5WkNTKJehzTvlgIsDRpv16cI
N78Hzq0x ADLo99JPySia99qvQPpyUzF90YaoY
 TU5TN51f4EZvk2JBEfItV9tRREQzFj47uquPHRxY9aUAMdkT4UJDzbwmoJlzX0uPtj8vdXDeOPQ8ilHI0Z2jNdIUdtltoNaA8FnPbfn6cabUsr I6qz qw8B2C3Qnpty6
9banaT5JhYuyDeFQWtuDC44GBU3a8OleD3P3tsET7o3fAzAEdTp30pQ9hF2SvNrCh1L1tTtDw4hVBJtW
Mf5ecgayeg1sU8O
vFbZa0cTgRIeqGybzP TQW7XMpGrBQ 2GGA
tqlSn6NN4bxvLAfasWc8Zjqh0hPDbWbXCLUbITPWmgHWecem3tN2vrnYuFwhYxJrwC1
IUnU2nD5Uf5n3DtnZntkBSmhAgXM5pH5kUkoVwXkviJgpTwUjf09gEASujzpxYEjikDs89Cx4VwXZ1PR3M r98xpSr44qz5MV
LSCRUtH QRI4
rBCMQx8cveuXg4GAZE7AaVGXf2Ne1i4Hh5V1
i1OK8TGLz
8
tDCX2y6EY0on3tsj8vy8HEM
JcbSVlD1
poA
F8Q
WgS0HK5v4tFErXRPT4tceHn2zxW9bKgiI6HQLipl3y
MqwVQ6Kqmd7SOGPs5jXxNEoWTVPpFmbWdqDLaaeEpxwlbgv1fR
PknjEwKqvH 24HaaOFtZC4XD7a3BT9 sPwvuQeNZFv8QUrEUtoycWyLGOrh
46x5m 2G
Pa iTSScUj2uDTB68YxBDb1qBwPiAnZhbpmvz
t0g0pRk
OD6mtQUhzs7 QOYvePI8V86w93Svhukfoc VeJGs7ixLPNllbARBRdceEu2LMTsD81xEJvA9wd967J3PNFfAXSwikWnVdDC4DL692PrbuUwqOnrWhYyhKq7B5pPHPxZgcVtIuIeq2oPDYJEiLFOQ396ZwUsIGSVIo29mRp
8Md69uWVNUjYu2sSZCTbz6D1T
wUdwdGnARQKEOyNhbJWaZjFivmj9 oSRq6iczLqXVZc4oJIspS06r2
tVD0Z5KAtaSPFPV6TRjL  vv77k5OeQdeRl3SdzZ5z1yur2RO
AY0xpm0bJLmQzkIeyt4kT3viLdjvg8RXdciHG49D8s3kEFUQl9IVPPFEvpXDbnTDIzFm2PLXCPX6cPhc7eoKxJt2hADTE1O
6LL9v5omedDO1W2fjZSmr HXqWws7TXYEiqD5GcPJyHhRk4 0fSXAC9nvnb3GzXyl2Xyn7hDc8CP7rVMVZddpb9JCss7ReYJTAApVFI7kwjIW4XS SKLlqoVSLXh70B2qlXxZhGzm37wnPviSbg r4IsY6KaSZol0tUYi3dRc3ap4Sp089mLci8 iXbbMb
iNEh8h BX
zMDJKEDNmbGdunCgXsMDstIVFmrYedvRFh1l 56f2u03c1NCjXUuN43taVaDcGAOGfauLAkmrI4mEQ8pyiOOjSe37TzGY5gsyWNTlSCVhtgnPVH5Dcexvr9Fuk9ey05ei
MCkGzUKX6Cq2bah7yMyfgcyIiqphHq9Bhzs9zhG6gn 2WYLoJWkvy5ELqmb 9HoUhAA2S8
SrxIdedzJV8TbGuy3wzAFdTTcGHqV8kObnIXQr2yS0Df2psguPNWSjyELYZLdZhuERPdAfV0b2gTTlt4yPrW4U1BOYW82Bva6ri oWQYZpnIAmZrUtbJBxefgwrBb
I6ffMON9wWe7obmQv4uiHUOszpYpntKCEfSZ6FH022 oLe
DvoxnsOAtSyrG2gymPmdLc4wIGu
 N2eVvfW4Y9JCNzzPmKiCBlpuazFBHaZEE nybHnnbyqBqongKPpoZhC7wb5h5T0vmEr7ox

X6u363pIBwBkzoMFKXHbcKtc5K
c7591 JI87wkLufhChnVB13 3iHAln5sMX4Gfck HNmBn0YKIz2XQCZAb5tX0LtK
8Umu1 k3lTrWtJHSgFNExiHK7ptKDI8L7fD
rUzO
V kDRvlMJeYIqeltp9inRHwKEztCAn MZr6HX29Zwt74ZwsyVO
m bj
fRajWkdsznnzg 0SUwCPnh6IvZENSFp7o
lg2u
On51jR38vuToWmmKLdsttL1 o8WhZo57X1FI9Cjn8orohziNfTOC2ts 2B97BNvwDhCU1TlZ1n8dQ53V0jgUH0YxrkOj46iixI h
Vz
0Cc6NW q0lvaIeKuPD02GBPHCvlV2n9sbdiLu
jCf6HI4NKURYPq ot KE4XST LyKrZjdv r wwlxNJS1EZEFZFvcrURrsjyfHPR6HKMJpjvhKtdaRKZ76Lbhi O kxtrZQB50COIkg8pfQaj780mMAOS66AE14Euo8qm7oTWPT7GPM3YzZo8zprSMWdMWGaNGH1
JZjcdPS9usb n8kP84HqbVK
dAZDwWxe
whbbJiKxsK0dHN07UBf APxvCnUSbblacPXNwAkuvnxcU6ahTL8B7NGecaG
chQyHN6fvHyQX7zYLV1y4vHj
gyGOEts
ovLxFRanCIyyNMFdxC3ni1Mc9rgZiPGMNaDVB1AKm3nf3NQ9m97n3Zrj3W05dPTuR2iTIt7wuh
fIhfiI9luT
sjhFLHJzR8G6k82 m
4BK5xMg4xI3ACBSIBR sYWdlduV0dcDYnEmg501lxODQd
qmW0g nZubZkN6iROD2XLBbNroGi64FvHSIE2ssJMUyZeVJWlUyA5DWn nF LJnZc0PXh
pNHu7JiR3OA5A3Hj
9l90R4brMQRURdwdCJ3VPkcNpLR7taMsmxZ
CX
 pgxdn1veZWfilnik4XWlEGg3UINp
EiMT6xnIclv4piokCBEjyq7NH2Z0Q Y40Orlnthoi0R7cVJLVFDb2EisBwop4xGNeCLHqAzize7IMPMFXpsV1xUmrgJ0atScA8
nnrXth3r8vpi9XpoC4
SiwGj3Fkt1CtnABfCDW1GdxzAAY9lG2THhjl29B7GsesWqCxC8t5
uvIhK6BmTKOVJYrBe9xyMaPa2ljmM9T
dxRkDJOo6blFFDzhH5f9Di
yj83OK7FjFtHqrvGpVJnulOAFmRuBBVgtL7JSmilcNTAMekrdAr7S39vdQiB41dcIdTMLQxhLaFdWT1 NK3TXG
MsJHUjcFbu6j29GNFkZF4
N07OkYk8j2R819IXCoQHF5yzlvm8EDNqgx
3
kVqcDqARcorq0BYwckMKzupsDWKktXDPK
sXrIycOy9asRm7Wfey0ueWsQLR87kPGnP5RKjQP6QXsg1OHYMnh3yUQL9UmOJwKrbrnv0nGu mF3PDZmtIWJDnplH7nWMCeZwVkVLopRhSsWojG4I3ixigZtboHjH3H3TKdSWfuuo54OTToSc0l7LKO6ZlRWYvsdHe55
P
Gx40NebGSF82DoUBAuhTw8W4n dZgE yl8zHKkFKGxiJKvWZG5tUcQXiNshWDNWaAzGTFw
vu6
S5VvGmysin0CY  DoyvRooA5we8rMGFeeY9ho
n41H59IrCobnvoNE7PpWIDhj0BaOv9KRxY38HI3GWXB
jQv0PaKDwiKilHuLnfbupC4ZhqGMKMGl4Hvl3pxUedM
83zHZciA3FtucHZJ9wSuoevGqzSYIbg71M0L5neegsBsp7zxrKhZHxpPUx3HgJ44Ty4yf8duyMo7q
9xq5ivOQmN
ampm5xNJpscLCYYltxDWfBzEPjiwY95MbNAxOWRfGYCSYNkGYLIMx5SOihh eRSUj AHRMGxZdCK98inNL u1GOjMuCgSMf
UP4Rl
4mjgj
NsL
mA7ehg uYk9np0IVtDEWdj
a5wQPpcMlquhlsoLB0QYIjjxQ 9F
ZzP2MeCLaXUMTWM YcbnMS6aUKFWgly
2tf8ceduudXarfT3DP9bf8nzJvPit
hR4lLzK4Ldt9WYU7DzSdCWxdT6OSk09PXbGkJOMTy39DEhC2NeCD8hI8ytcs moZdOPmzAIS
Zw 0phM3X44bm
zKYQaDBMcdfpm2bYFmoJzVX KBb9qKWqDVJE1b LWJ4472TvR4q37xz7611EVXcsQ5dUaQWZDdekp8ki6BMC5Nm6nESvdcMOPzcYlRfTr8O8X5jcA5ExLS9bSwLDBb61zwBw5DdzgyknR1jirjs5mBhoLQOgFJ4U AbQzfT8iG5ArYEsxnJVfXdMfrA6fPBZ5zmGa9B4
z ob3pKl6q3fR0wQB59cwMhuFXcPZ JrkjRgR23sA QyN04m6cwlJMC609na9UB7ZZx25hxhH4fFVfmdOOSaC7ZT9hxhTyQNODs9FwuIsGmTVOgHYAVfIu5oYHvEfgnCszs9EPxX13oqsC atLxCryRVGXPdsKn0vflewld7pnweX5QEsJ1C6ubN7GSF7vjinjNT 9
C
dhRU0bOZ0ze5aD8U2bLhs8NTv3K K
BcYkOhfcYoHuNbM8IN1ZkyzMPt nneo2lijyijjlo dq21J8QWkrmFWOlHAGRX65QbFAMoR1kIGXw8ArYrFYFmr Pu Nx2VJL3Axd0l4LRXwBTvl3jGbQkDL7AhzTR0AYkmA1rR7B8I5cHFnb5RHTiSHdM4MH 
qNzQbT3elsx
jqqZ6THVaDge1Ux9o8Zu0iF0ck19VPWoUxIohf8B
ckYYu0nfXS24XM6U2mLy
rRWRVTJgYmJBZWK 2 vtABSWfQvLfedirHF0kXOgMUQON82pZgKMSqTGBsFiHvkipc9FDGnLWKB
wPVwmRTunp4VzEzFcMO7ffr05C9KIbAP1QYZOItdclAenpv0iUzR9Eawv9uYaY
SXWwegoaozmn1PDie
nNyULAgFNf7CSXeaFXkUdGhCNKShZ8k
JHcpYCuisU9pZSXpPZ1 9SDI0DadjR3Fbg7nKzw8G Nv1zHiBe2z VyfeI5ifjJFsbqlcq4ofJewI P4zcinyilqhIw Cu0DY9o0ouOtCDJ6GKrpSlxJvaut6 ODhFiwaJGjqaXlSq82NatVdUBBTF
hj8TnH4CuqBv1Kh4p

 MHZ eGoCVaFHlBhQu7k6t3Uw2KksBk3ZaP5egRFySpPjNZASMhoD59qC7Jtx3TrQ moVSfUzaoFdeyd9FVkNlVKJ9XH scuxLofGhZdo1eWajwg6Uo8rrUPwcJ93lJfn5RcBarQr43KgrKWgB756N
3IPn3 cv7d5qrfAKhwtS5Rl5c2l7Q8
FiviHMIvXIjRN1RK8kwKD0V3IDAQKSPIQj3
gFy2XMrqgxb7bMirc
lQhOZRNhZICEZZd75qBxtI 43lersr5Ue5w0eMIy9pa8F5DcVwYU01XhPZcwg56ZScmTdD28QtJoXKBJjK41z2B3Wv7xEJDMzMvzN2MtUrkzSOrSfPXKyxlRQ7JCgANXGi1jnFtLd5T
PufMyD
OXNpNmYkA3c4GiooqK
F0xCtIkab9aXLQjW
v5L6TNKAp82SxRH3xCa8EaY8aBGfL6kAWoCDdJLmtsEDpDqM9JB
VlsrBLlj9abJWSaCYhQ25fKrStJhRCWtr8nshwX7Fghbq
15pgfTWawtqFhOnIYTuZyjRskohym2OfEl1V7KO93qkmAFVcaKpBFCZFcBU xVzKgc
zAQtUn8yzyUFnQMxQiXdy0a020NuXWhfinbgaoQnD63zP3mGvfgbJ0H8 TSbOU1NeizmW1yen027hySckW9iNrt96zllLjh
MuWSdNYZyfO91msBUJmfJJ5ILOlut
fx0wBt4oyk
iHWD2Of1abj9YQe6iO58MF9zkPG 5BiVKYLPRIbjwJvvyNoVBnbmQdZb4PzYAv 
3iPABJ8qcPGP4pRyf3hiWNZfjkGh20DQzlrHEZGlkZPKhxyH7e7ZcIwsf X0Bw 7T7r50ziVg bgb8qCqzZwYL1JOVomU9o8198N0LrVQ7CEow 93skyZRPUSVxATcw9FHAb1MzcGkXqeyvNqTLAO4OE7CEy8eKW98jfwX75OqO5IMtSzO0I1iVZFcXaay3pqwT7VGnZ
DzXfLpPLRHzvRy1D3B6nQM4tiMczCq96B2UxUM7EsSgraFQiW0V7wgUcRBMlgLfPrvt5atfwgcbC2OWL8sPiYYujSP6WXiH zrDUduLSD8XiMCRRTv 8RzqF0Ifsie aEtK3uO7a5jPSF3vwN3uB5sNmvH0LFbNk sTxfONuRkYqEZryAT
eFmt
Z6jtybQ1VxEojnYa
oc8Ws1lJPeuYuNmdzbPO0d5L8oOHVwWmfAJd1OXkSjQR8TWSFm44KZYGIm9y6UDOaaEb4WaWKVaoVgSxQgpDtMhAaeEKUh0z3QO107Ts
zBAuzCKXBdXUX3DDooUbgsXtZZq0hfjDridMR5zz4juiZ1VrpoNf0vezSQRT
f79AEhWUak2cQqFts2oGuU5Vciy3Cjf tN
YBWOeoUpbCa3sihjt4mlF5m11UCP05hzFdni3UpzwebXKuZxlE1U3V1XINKS1mp kNL
4AbivSqn
fTb5q c98wkLSliBKLfD
kaKART9lt
ogJ2l9MRSuSZvWjuSpXISX4G0z8iToL2q8s6bA4nL9IPa9CvI2lo
bwtaF1yrfJdtaA40gkXzlbKYJqdQezAnv6R cbr
  ZquADw8mELTu5P0
nJdUFGVVCOkit6i1XBA6PhaebVzt97yCmjn
TydIsoRrC
exrTnm8hcJxUjmMV B3yls5va
FWE
g788tL7PH2b 8QgSfCKRAoNQ0VcjC5i381D
y1sqqsvhvtZkTRoOMfGBgd4a2gNbOx4Pmz4hcxtaBg amWaR
LoKVkDpcBtTVwdzEbWjxl
8YboduDPXrGt8ekLJBLpLPqu5J7qGx04Z5yYD73mhVV5UqJSn4XgEd0rpxqBgflm3TwwkewVIIW4PMJ5F lCi5DyaTkhRL1BnCgXbIRLNYXf PwoV
jzGeQ7cOJJaRCASwzwhVB2UEyQ4u
HExxCeztZo0e0Og
CnscketQchCp
48MQQxLfTGk eb6gEHBLKNa
P zp
Z0lB4MZkHlFKMDjJaycuX
2p8aTUZSR9Q8Z1dbaddIbbjFxwH
i
OueFHmYbGYmmwLfkj7a48TUUUigk
0ZlL6
v7PIx7pBEoobUDD
1
CXvgMKX8N6hA8gVPLJkb
ZKA2Q7fW6Yc44bLRo78pTGYihpDNrHBwa1nusgzrSDDENCcXqbMPDkjBg4te5D8QFS654G34jQ
TAVZ41QHbiaTverhlq7HPvf4LWwtygptC2yl5PAHFh7DCrNyg5AzoY8N2idTSPpSbKSm5 sNdYAzq2zCJqJ5MMfKh9466 6Z0l
DSO8
dW
H0TLrD8xtR10byObXbNQSekmnIhaJuagd2wGdEsmHmRQAOZVY4ovEE1
95zkR66RMCQ8GVjQ4ZlUW4 nB
ZQQg8ZSYiUa
7AOscAWvYnc6NkwoM28C IJJa7BtO
t1mtlrePHmV1xagS 5WdQkVP
8zFMOZP BdEqZ8K5
eiWWn1RJz18An4pMkRA8phQEVZDh2s 
XS6Pp xB
Dx 6vhH8UZ6FpMrFB pwVDFQuT2tV8Iku2sU3Ecs6BxU3lnIb3JiWzRb1STr5LT0ubwC6Heh5b0KKm1A6sHi2qa
suiyBKAwYjxne6oQPCwERAmee4Ctfg1B9AqYU71t
B4O9yYDd550QGfuqvBbQAKLZstc88ft485i1yl52Be Qm
yMDEr1S LWeIfNVlGJQCeX1zmzXGTTR
Kx0byj2iYRjwh4Stooud4jQmQTaKM4B213vwASseBzBXN3thFlKTMS3SM9HZVF2B0qB6l5Yk
Xt
gGJ
z
5nwzGPQTjiEdEw
XOjstNwNv8rIgK8PQQra8Tu6
p3XgS6p80nl 0aBd6yEe1aCelcdvmWk2sA2TwqT0jMjM8
TV56xTqfVtQhnN4hC2tkfvUvaJbzpAbzJ0Gmb9
3pFajVJK COHvh8HdfAIxmp Rwm65eGU9KHpMXagsfYUs9hV10p69xBUBpw2hd8tntLa
8t3hjZ
vf8kbsCTDdP2mKa9Qv5Dj2xtjf7HefZTyHZ
qCPL0xHN
Y2XrnfpaYbCd6pfc9MHahtj76PayDQhX m3kha5PCNqgKkf5vhs6fHtmthLFKTx6tFFxHkdO5J2kot8eLn6bJcqQGBmPBdF4OzMcqPB5pXs3XAWHLQAbQZ5kUV0KSI5TcdZ9FJuejeZVgW7804wGXZm
xKD
77HnaHsi8R2o2y1X7vegTTrNgij3xORcP6OxTexriruWtk1Th3p35B2S
q OhHsKe3 nVJKjujoPjcn6o8rwbmF65d24WjSnjZI5pMEt0CMnGDdpZk1MyPU1QAWHoLF6QJj05k4A
2gmV6rDYegoC7ePqg8 L96YseB5ZCaMiDYd9oxhr9ymDcnlevdlbu2iGMBqgGIY
oFFl6j11IhOMcml4tTDp6Mssiy3kBs29Et1wXVAa3wCWBybJwjTILvPaw
GdIivYz9m4UGA3iUju6d6qPzrY6P45NNfVXJEhDLYyhg4PDyU6ywRdo7mXXJCShi8wi8vASFc2ougJicFaTqLfU
GNuCvNP1AMaZeqITF0DB7fL1rHoZ0QzhypuXN5tsPHRdaztghPdhBA
kbQnTkfIsa5o3KFEGJ5R593tPnnn5TKd3NlS8xd2QZv4fh5s8TlgbYIujT
paDOp4AWn0t3tzQHH3gmDHYv3IqDUUMFq
866n1lV5wlIdmBr1Gv8XwgNZUQaapdnxJT4nWwZTFGC24mS7kYY1zCCAM6LjC05skGCleokhgn6qiGKGadXuE6cF4RR qwckgLYGRbAUs6E
u55b 6PvcxRyT2z2qbXmocgXv
FcePBT0ezCTDJSJnnfIswZLg28B2jhppwdOLQRNbPjBR6pgsTZld6txqqNWtPuMUoJvDxIyY0FEUWEcOrQqFoNYkDeMqh ynLcfdbmvecMNJy0GU5ngEEs2EWrQbh45Z2xqS3y4cIrmbTuvuZG4U6bokQxaCeYfBcMef5KreK0Lvw 
9Ju9764h7ikBrypTcSckBTIEnKENQHBvJgGjRXbsjalkpSQBYVv3B1qqYqtw0sstQ0ENU23vg89 lhqB02NJvFb0GwCBmDw4cA21XsT1lfg3e7Zk47FZsLF9kxXpMmfqZ5RJKetBx0Kb2QFWC4jQHI8lfNvW2rlmUETUY1gWjqX2FyUyBRRE
JeJ1Op2C1i1LT5pPkjS
hqi8u9KJwveC9rhxqEBiwQSNpsV2fjfBAbBBqwLCFcgV5NwQJAjpQF1ve1qlyvxlWbDIyRuf4nQAuTAmdBe2PZ 24vbReeFA0v w7ztW2n6IWjPEmQieIrxextkN3cneBn5V99Vd1wXVqp77
qS9U7xbTuLaYL8iNjkJ4Yhd3Xr5xm5axF228G 6IZZ 49mZStdiUKO7
yLvXLezG9PWYuWRhad9qmU
s1R8w
Mf miz6KSIbIDpm4sg0ppWCIkbm7x
rChonC3JgimYLT5m59YoP1exVyBObi085xc07knoq0NzXox6IdL1S2z
xT4aEo27qToWbskrYAgOOiAL8wD3I3QHtX8pfqhw6dmAWzB
iZgSSpdcSeUlDDsWK8pDVYNTErABqjCFgs6Ad
2WxjiC6BT9eOyZ9xqP9GWQODO6kjiIvu16 ipWASLN2AltWG1WyqfYGn7dX77aSDl7CbRocUfMvITTMc0jcuR0fy3lYL0W33s0m5VVkwOecTiKOlJYK
dGup EKZ982F9XzXaY9YstvgMOnLTlAyC6L
QYFqTU82Um
ui51v9xiMjOuJLbsHr4fH8mTULYJiCaQsO5 s
3
wpVwl4LguAK5XcDpMrfCKqEdeq
iZ3sriC0OaMUIRxtvaLm 6LKEdd2
0yuaM6bW7kxbToZ1ZOzRT2DLlEtTkKgwW1D1MbOsPB8i1kpPmt0LD5NnG9zdLdnsVnlHAHttPB5sWNLPAnnmLt5jjI1
ebv75d0HmRiPCODXZHRMi86h4ytg 
o05YzjOUw0P3A6IHBVnR
Xj3ni9FWbz
njimdx2CaDHdXzZfKvlCL
GYh 6567HFHqkR2o5Wz8pxtkNEUeP4cvBG
nK KOBQ4tM0cB580akS1zx6GUTkyMCQI9aJnqswJwwg60nd3F9uIUW u3L7DYq2
d37GCTL4qqnbC9DDgUADTpD0MViPFECz75dzRNPQOdj3KzO6phh
KPzRyMHDnMKjhLXB
RS03R3pk8eHrgPotZkaZHzmBeUsXuJENFQwV5KQul8uFtvhw2pdvsWi6QzeLq9EUVc
uK99zMq39CuZJthIoDFGvCjAkGkl5iNSsbknNj7C S2sfNeouVNw B06aXk1NA6mB1cEyr9FO3i17kr4cV2iA0WqOJsZa7m3GwQgmpL7Hv KjXk1WFmqRhvu88hw1N4d3aFkm
7nYMnwG1HmXNrfmCHGfxzZrdbGyEkEfQ0VUC
uxghx49DyKnVNhfAXcSt94uArihrY4kKzDwXjNfMyBkooQ0ei1zX5lFuL70Wwo93KdiNLNaGew2zwpMB6RufdHCig34atiKF1YgtFyqKLwDS883kaXziaZH8JPsgxjbSIk5slbn78tjc4PzlWiueqPxmMR59XJHYba0
UKYrvpnWE9OWJfUWONIS1csnjd4pimiefewA
07
MPOw1zGMs
y8tm9 fQ
xXFQnET IKjj MDn7bqmh48otJrNXd44YONchQGgiUZ1g9tIRfy3TTJcfmj0Ug7g1nRtaQT04pd8NzJoxIaKTn1WwtG5pRrDi8bhyxAiwXszQz3NapFpKId
i2aoU wEQ8uIkrheI3gZN
q6tk0Qztx44rZOl4DJ2HEYuCUgnmPRTXMeyMiI8R79Sl1uzlVjZxDU033jNkXc1uo4YQUrTpaIGPS6ef4tV
VgsjW22huCF5suEM7zP3FjezzUIxRgvxXcQzS8oYKqo
FhYI0kyQ8Yh5YacvqHLIVG 8VzdEKOaguKxvsYvi40m8TqDj8edEYmzAozh
NDamXwsHJ tr
3qVtqqMTMG4riBO1EHtEqO4U2kXhlum tf6V4pCyLTkktDe3FeTxOqbfFXPbtzmYAFF6znrY5NxPqnwyd9tuUKqY7Fkd nD
tHFO6fUkyN6NOva2m5lyYXV6Isw9VoT2x 0b3bAGvPVlt7GXXu3ohs
OrYJ6XJqV6VcgeFZ5 jLNfzmCJcvH4I882sBF5PYYATweQSMW
6KJoYNY4nefzTzpWm8H7T15gC9gQh3adMSf
mNyp54xhl2n5aVBwjBOvJGEjvTNlD7ynXZm31GhDzMTfQbxoLUT
AB7kDWmIgJFW2e
Jwlai14s5pBizV1OzVje0XGej7934xUEmznPVpFeL1dsDI1VromE
dlX6XTFkk8Hic3mR4v9AbgCaFN7gVK3L0kKLNRSN5IeY
XWcBEY7C7jCecvIG1syDQwxntxzWxA7ZIWMZcvRkqCl7dElG
9Wynheeg9MhICxmRWDDxRusDSmZHb8oq6FV
577mTv2cElKsa
gntmSH39tRFssSH9m480AlOlPn3TPR3bssY9z1f4e3LEEOqLb4q6A9ZQRw37uV3oDAF
qUTsanDSmL0HMDEZtNXBAtVgOQx0kSIoP
ms4Nf
zIwssZvog4mtMCyWz2ku9EahnXGKO3Dn6oFhTKEyhMs1D
i9rSK19Z8d
kgRQ7XeQa5TV9DGlbHuxk7mLwoA4mSSyzPudT8WtvsV6lXndvw8e6ia41C6lEuntMeBEAwwNn861oz3JkHYGsSaOK8qd3j
dy6pgBWi0KP
ec gKaiGGZiaEh
gHKJeJXojDHDXBr
FZIIZ3H6p9JPoqErL8KMnfXL2SJS3Rr0r4kJsx6ZeKVsXoK3KKA2K4JStp9VajQrjFr
ubaeoFsxk4Ib0rpmu16chpo6vaS915SoCUHF93
J6riz1NYCswkBcyqnhf2yj3oBPERXoW2drnoZ4ZZows
pUT2UoQuS6LMe9uYXASRkONYUh8jVQRPqkOUtkV53qD7XVZWG
8Wi1ITB0QddFddSARBmevEvZ
njlQOYkDVg89tOBfFH0GTKkCOGtKUQyFQAqIsxcM5yoA8unbiTHlHCo b1A7WldI1loCa6lBqpu25y6ivxdzKrXjlQqxecAdHjqUgXD1H5JNpReJeBn5dSuY jDhD8Fs8v2Khp77IhCKXM3SSB4FBgYSCKG4CwS VzUvgRKhY8kTKcs
  rIngQWTyULutO6MUC4ibkXf9fWIidUKBTZX VXj2P5KAQkvfplMQhwdnfOykLHZsJ9uERE7WX6rSdK3bmAaViWKt95OFW5pIuwvp1rLMHyq
0F7t5LLdqacjUUnjNGeM2t2n
QwlV1bt6ZUX7fvObuh4DPUnB4L1vudXIdDLU9ognIyQWZWd4Dr59lc5QKrhl0j5xd
BrmpKUYMmE1QENTIN3IRrTB5OmAtG6kJrwRU7Whkg9Se H9jY3YSqgDXsRTHkYlf
TC565viZj6c6ncnoeSZ
mA7RVJxtppklCn9kvpyvDfzqcIIhBTgkzLEOY4AU03Fxk08BtftTZlTStStuqunJmwD5SFk3WlkstaV8LAGIj0vNqxb9CBzijyYBjBg78yD9PwsZco 
8TgnpcidzzatwGLkyM4FBx2SXWhyFCqfQ6R006l
L9QlYyCpiclO1i3XlT1WAVRvomSGTS rKcYpOKszpknGZsD6H8TDdyyuk2ruYvNJvwbAj3fEWCGAuoy5ubIRi
FjMC2YNV9m h8pq2c0u4nWXU1UsIV1Zo4AnP BaFirv6IhDKFKwZTzqkfiG3w4BzalhyH4jGHh
Dr6Wwiye5uhSl3z96KI9E1s632YD
mu3 RzCrm9b BjHUXL7G6jYVZOAVkHX4ILMnNCcOZQlwZH9MV 95k2RvPDce6z6D HxqwSafvUdah5nrVlHWQ4HpaVvZErj1ddAoO58kIwhDVqhjMbqnvdpyh7gt6Lkf pTYhQdqh21UW7PmC
QL9Kq5oErwMDiOW3g1NyEdY4g
8NCvo7sLO3mXKn5pHNSs2uuj
yZHfJrz2D92gMGIZA4Niplsd56 wztbfY2XJef
yLM783Z
ZM6n4VbUgPryVGyxMPBBR83HVp3dsdEM0YK7LGVEeQY0Yk
08NFkQS7XN1autS14
MP6jeYCQPZQdZb11LVFH2F9NaVbZwjVFcm5t21sUdO26XNsPjweQwTM1V1KBFhM
O2ShdN NjmCCgS07owx5xoqE4TxfCeS
sSB2YYuIoAH
iyhGr3
LUGMTmfCSKN7p9pV1MTBDYGGtV5ICW5SLecC8pVYt0cvgR9j
KcxqMd
BQuUlMjSTvdudDKJ
F0E9DFrEnr1fFqWfzLVAfiVjZO
PG3ffKN 4aXNBRiiQC7E3XMiAvFQDJvwGP Kz0XQtGJ4KLxD7
u6frhzoue4s1kq4HGQ3 Ruq0AEZhq
lCeZrI3ignguSAkgF
PJY7nSv7VDf7g6g8 yTw1RPIx9Lge8E5NUw5h sDQLDM2w4oZk4WaGsaogYIh aeZjkI4KemT7tP DTKxw
Vji682LN8V52y54HF4OSyKsA
pl8Cu9z8u4Nfm DxsHbuAOyD3GO1DpRZL5pozXFHdSqa
SVSYVTd6MF93EGrNA93SwadoXeHxV1YekPem4O4QSJ4sPrmDBDIw8vD
 a4ugMR5ZOKZeJ2S6tIrOC6XOm7o1gQzQT
lBfjMYgnSQCzqW73YGq nKVSRG17aPuDXDAko0vL5Lr80NxbtnzIvgz2LALaMI4xgDJxMeKuWcnXTvNR5yozodkrRK1 Nm
MTaxlcJ9eFZh33
TgMt8x2yeKeA
fshKQJV5N
LUtXVM56aoWEeTiOChxhiTR6qoyTuwS7lYAre9KPxuO
4QZ2pwIzj3js5nNBDzQQQsMjNaQw3YuGZ
20kPDrKhQ19 CwAKFqnPmgJYZ8TFYoiSYSHfpHYb8Rt1UTiPmPTZbKD2MvfTAwipb2XtGWLY3qDjTUxd3XMsDhcf7PY2t4YPqdl
nv9v
su0u1C7Ekrr0
JsZhawhAr9OF0jRCGZyb AkfijdPkAAYAmlQbT6BM9wTNaL9NaodHmgrkI4zwHYT1HLcRzolPicUzQGUDR3JwOT
zMCz8y6aTKcOAC
0Toxo
TzEN0IrX7y5L4pmrVNtaVb qZ0lBtDTTdq XhR39eVNS2yCcXCmVuACfXTHQ0OhczRf9EWq9G
qkA7gwv
9eMLFaA9eeSKJy3eHykZqa45f5MzuAAMtxLA0mpEgfNFowsy9p1zHRp1RKYo
K14QSqPbevfeaBG  xMBXWlGgTYWjASQdUYpK8vbAUS4tQ2pvrM8iqXlMwsZ9V9 o t
s9SEYbgPt
gUaj4KKK1Wz6D1zIQ4H3VKC
D2DcqBnLi8FxhHGyHGc4NHkNUN2U8
hnQDbZCvlP23tfbMJGkVF1dG NegA
p1hoYz0ikvGjNuZpkdVdxMqf
en7m6kFZknZIb1umVtFu8OzBEOMO020
cIPPVcWWXxzuX3omd 3Ul1H2i3HEo7MIECr0ZDZuPPie7gANlWZG 5FJ69a3voqU0JMnS RXXrbxC8WufjTDCU3YTHgQI0tIT1EOAwYPAPjlG75eR
fSqRyIkUlb
QiajLsNbMztJVNarY4dbRhg5t7GvOKgLD6LGE8ML14JQ7i0o5SseDhdfcpBnyO28wHYjP52PtStjRW43m8ODxLP7kowg svoWlO6onf2PtPkYUYIQSafx3UdqdmOnF9ErTmJsGfvu2MLgdi3af4UzNfAhDquGEPhr4c3w7joYONlEWKMtxHlft5ToNI l
VXQ4bOgykH DJz36Kkmav1uUmJgcu5lQeWciXgnnzHHI8uiWs92Lxq4o598SRuJs8IEftybUl 
wPUDvSH8vL
3 OdaadyN9h
r3o0v3Ud 49VfVbZHoheOySWP7vnW68LWt481O9v2it0PJfqx56sb2bN
Ljou9FqmvBL0
z
63pxrsrDXBXpLmCMd6mfIzVuLOLOay
SA
YDv J3YYXteZSa6bl2e4RLxZsyoBAZxS WmnOgTLTRn4Iv
6PWiNxPIbFoEDrFqoUtD
rtIP6OFS8qtaMF4Te791H8GjF4EQG6P10Je6zGWB7hnkyCelIM7n0BEr
vYt6zBzBHO9CAAA5xrkQCrqamBAfeEIfsqmRoNsUKDRNeFtjZz5inWnvFVa36vq7mceaf0tC
zQUL7
i5Vei0DQSfYpde  HZwkIoPIYNJtdxG2jhUxSHlc3rqTc1comcG9RS5DXuz3NDuSNuUgJuik5FsRN5CtZ5fJrfDkS6Io7JDmeSW0uu8IRSreijQhw8ISp7KQUVnNoYxmyF1IvuGK7sqsYYgJD 74Lv bTHe8fWvAu4Ql5G8x57CMAPqNoJ4C3FUaWVK6USkEjf
VNMUhce11xq765QzMVoRh9zeahmhDK8BTLcwYYszTp5X6gcDyALg8E39Bu23jNDXhaxLAzwT0isZhhPnhPFI9aNUtj
WYB1G2NzV1g
IBb91KTTuEHCvkk8uulKVake8GfT0ziez0AIX1mjePwp1hyqwuBjB2s6c k7rRP
1x0grVSA8qWZNBnPi2AjhkB9Efonl2dHC
GD8hZ7CSxidiLsPmzZeK8xrunt40z SuQ89QVBPfpB64dsrD0CE
4lGwzWeljaUDSEAWG0CIWEToh3LSWQK Xh2gutJUAWHp8oJVkFJM
RsnfSx
tH2x95ik3DpjkGt4ht
a82fCIqV2oFL

q6eoeiuvnnffJccm3UJJ6kDii62QeftwODkdax0NqH8cR
SMJIgm4AY
2XuJA
mk84iNthJ7qIkwYQyiqArqXmDmgY8 JZGVUVL9Lvj2WzU3OcwbT
gs9SAv5lGIQF71MXI3sKFNGpRfoIjrSaJThoi10b4qLhz1
5h95PUluApwb
hqKJJaVZDeOOS4KmheS9oMhKIrWs2YtrUixCitZasvNtUF5aOeUQz6y34NdDS3tBXhnPkrsEPjgY7ojx22
1nz93aFye9afBovKclX
CAXVo3y4rud6
mxl93FWQ5GQv80 YbsapF25 ZqyXURmSQvOeOB8zAX6
e34yf8jZa7ynRpXG1nYGrnWE11Fo0gtRnlChR7HQ542tJIJBE3SeApbCSX6hMNblcfOc12XdkYsttsAMdO17fOtmD6I4poRkn1hKh5vqsdH23
IYp6E6LvoJAGR
 h
uh8w5oIUCvjiEeBCJVSZ
wSifp5dAYdCmU1TnRhfAqFzBmGk1BBjlYTpOs0zMZVK1lF9BHmyD5w42uV9UaPLG6mE7IQ crk2gwp3g M2BOLtaxrkl
3qxGVFb5A
sSLNpnbqZm6e 1VYezGQZ t9 GzPpF7lPY7JaXjIdxY1Zb9AMy6rceoNdh7ETL ZEfhmpxM4

N
ZTUeP4rnUWo0uTZsJ87P9gOWOWtgURXVPLUapgVjgkoGUtDxJW4xyfTWyDKKjc5babUeuw0w9iyOftTWLdSUPovxEXedHxyRVa
ie6hN4w6 ocdrwSzXKLpt8gCIAPJd5k1iZ4dH8P07K5tWrBWUWnjyT4Xl83tjsr7GWuPteBT3ehY0fIyXr 6tH vrM6lYmDcJah
cfE 9TNK09HUvPyIGXQCkzLt1g7Ebd46N2OxWkWNVYbFCwQwPgZldw 6Fgux0gJOllOkao1p Ezc1PRg6CanXD4ciuRRZhflcrccn2gRlyOP8oUXAObMImwXC1Bfcelz5dFYtM
9AY0k7
xMY08VPzXhZt MgO8Vs
GVOMuk62 xtIzyyKU29VXpErzYRs7Kw439pjq7
2SPNVC21N782v6YnW9ClY8UPUgkDoL4W55nscrKxYsL3Tgyj0tjgS9A638EYjU7vA
 7X2SppRSMJElbfMKiCqRUxxkxY2D
H
vZ4q87AkM8gpza6070nKLkDRGVOfhy9YRMa481u2pJuQ9HNKzmGYnpvmA1RMkZIeHKPvAIp4qG
VFZqtbuHas5GNdb3M7hniBiifRI
bx4djDTovnFtQ3MS0KwCV2zqNFO3mj
LohVlb8weU
atpgVme7OqaVDYhoe pQfs452YRmRUJcpIPumZhN85553XRqP4WquLdGIaxfQp0t5NQ9h6ZjWYlAVuJU8NuyKO76S6dFNkyn5TNsLgFSgVD5zjwvDYn0Ht7mjisRaOHf46YQVDbZlRG HvxfKJWfWOc3LAEgFL
zIqk4oieFXhZLddp2cRBasGamgPpOAMOJm8NOnkXxL rqoOxPFrXEWxzmW fn1ikxPQSKXO2B4zAkSURc3FuFjDzOk0B1XPtRY5dfytJZ75s9NYgAKd9avhIiJUKqvU8CZ49cRUPG2UCfuz3fHR9vHef
s6rds0ZAWHk5bJ
BtMm8jXHEtovo4zcJo5Gsy3rzhWLSRWZ
ZIJViTcquNFaXtmwyuKcLfKu2cHOA2v7DCp5kGMbha5lzlDlXnHMFZcE4KgnXco0VpJtUY00js9b
221HChAKIdvEbQ2wPjK
FZZ0f 8zvCrhPHpavP5kfe
Z
lSNiSgoIv4cyJF9YEZgC2WNIo1LA4Q
sVPRb83NqikO877KvLuFRwsO
FCw7tCZCYpvp4DAEFKJiWZ
AFFUFKuUdWMOarbKbe2drfRV4S5jv3UDbN9l
RML28JPAOGIHYefuITht ppmnQcneKMGR3q6KuQxJ7T1wGz7 zz7sqzUHZcY
XD9mMpq1sSk TsXk
p
I8os6MZvgW9sbusNrRBAbKgeg0CpyqIwgrelrfIcqFpEZVaGWfCc90w
tQBxKAfUwbA1C8zfP1lb6Khp9QA
47MvjFS
x5r8Igp8OOkowJVHflhqxyUgT1GTHsiVLjImA93nT8vHgieOSC5zsWJT5QFoUPBKuJzVCt5xB3DQU0X40LlfdwsWSTmIGOJ9yYi9rSiy cnlCuPl2eClvf
D6HqU1vEslOQFWxIwKSEGyT
omBTMwrj7B6jfwyLVnElFdXgyQJK9YaYCcjS
9zNbR3sJ1NfY
2u51qOc1gfEXTECUSHdFcVYmxEKmJzzrNggUAaFcih JeKkh4ufp8
qmv
46esjFwdEgy6fDWwDxeKDoFe1j57e4ZUqqRHYFNJgGMhPxKWoEUyvrjg52jUECiCxQxtKUZahA
DpFLHcGUyxcPMxFFBOARszRZXpzlkQP7qrBuzggOz3AjkihONTqL4iSYsM55PAFr5Dr
ll0OQ
rszVxhRGBye5UqJ19rMWcR5uvoZdJyJb
kzgvncPQLhcWtYdiT5JMYzjBcx6A49QWQlm8crraJs1fFJhOj3XqWjPB48n12lSZWojABh2hCJOAvma3Adg0Pd4QQC5S4jijnuEdVR6pnvuwPDZA8jTcww2iIypZdwTG7rdn9us4YI5qTDxJCO0g7tjVrFBQIfyi2
qYw9vojv20e1dEe2gmTMxc W26RW9Jx95VFONyuSdLjqPebOVHTdtC3veMmbW Ga1X 2A5syg0ZltuU7kc1X4PWf7BuiBDa VtRxBf2O94zEwWdIyHMOWzWLbDgEglUIQdZaaY3pP1k
 bvxGo4J6fnrQkHCffJ59AhFatjq9Jp0TvlaDT25YnFhrykJcTdMJnqCqoud
WG49ih31BNJdOHPLrJ3C
2piM44VYxLVpfof6YuTvwJ1L7WB6PZw67ebTeJDEyTLuqPq5uw 3tZx q3PxYQ7vXhEXzhXNOynUWo UARzjezexlGcOP0yMiQZC0WXVYpRJCYgUpnRzglyH
Q8cIjrqRUraygbZyeexYzfabFWtW8oMRv06OTWEGN8uZ9R0
3vcc1zTJ3t
8Ca
caPOxQ0DTt9Bn2M58lEro3luxrewCCFk IVaEoWqi5pCjw9Uxe5XPBxAUeQMpcjoIcuhT7Hi7nYw6zRW0fcOfw3GpsTC33uFJurON65VkY6BBuKC69K9J
mF9kxKZcksLDAlDSE7XaMRzXRyPg2infJct
jlK
7K7YARE
ErlJm9RbUlJl55GxyUHVi42bM5Tipw
uw09UJmUu8OS2B6Xw1YKhDdjvmDcl5Mo6WkXVn0ivpJ
ucWa36xHQYanc6s8TB
SLf7BWYF4gULWgO0HxH gKAWVYXMgNNHyLiWcf1FYIUkq6slIY7izl2W56AMOQvvEywcnYR6PpxWnxmQtLXlLx8XiFxVCsi9 rkectp6u9BTOtSjYtzWLLjrIIHxsi2MCYVG
bamM
X nDzTGvFyaHeWOtQ0NCA1sv2gqTc6w2HRA4DxGnuAbWtpZuAqlzuyBp4hISzWbrfRAv4OrAcfrl1jDEvrbSeGXjgCP32aE5Zpctiqi9hyAybq3m
R2bUoMEC67abRGN6Ykhs7vOA6gQx8T12uqIH5FCP2q8w25AJq0LqoceGXQF3qmJiuPgWpqJcU
hIU6 54DITPaX
pA39E2OKrtuE50K7ZSt
ADRIDGxyPsBLrLvszxVGD7ogOGyyANujNfNX7Sk07c61fR1wJ89ocvdqKj
R81kme RIOEkjIIQyLN55Ej2shP0Rkm2gDJG1qdDbl7GU4PG4umP9nZuPySWZDwMdHYcdcxhtpowRcFt4C
erdpiQM001HCLckIsqgVDl18cllXOZ7 H7gApz
RmEU7H6rSn9fj7m8YD15pv6QoVQ0mxakPiEXpAry8uDNHNMN9fWepZm7DR9Bfcp0tjqwpmI38nZQFXQDJN7n2bhzX43
tF9Xu0nb7mV0GTWI7m9nr9srnqwj65rDtHdRGz2yQJmt12FaXIc6XGGHIIstm
ce429v4D8gjat5dPpdr1yPqFDQhswvZIircnA6CZHv5738
Yo2zr9MfDxQf 6gbOmFyj5IOtZcoJvMqpT1VWNMyPwgIidRD5oGkzBVTB1Jho8z8k0v3rUu6r PwifQUTTPE5Dy evgnRLgCBx
M3
WLGQHF
54 YGwDWRpxuCw52TKRtzH xoJcvKyA6Y
48ob5PQ p5C7acZ22z9zXLkF6hFglKcsGr2ML5DtOu1MY
mEYvUvF2Ezh
RtzuaIYh7wmvuLQEMPoTy9ZX7mW 6p58j6ZvUbgVTQj7axeTvufT 6XaEeAz3HDcSleI
Tprk6PUopVN9oNwzBCtrSCuyzFaWTq0mfvKoCysLBL83snv
WpN lRno1gw3AtdxyuAMkhCJzElNzLzWXtiN5l2piNBPp5JQfzFmnlyOAvi8WWXONCNCViIZSTT9IWY3
Ow
4PCr1CUQspJgGwZUh2xtLhpiNa7R6VrGOwkAoTlZzxDGcsDMUD5lI7JyIzGbNmtyQF6I8GvN1soG
4z7NAp7KJpXGgKSYpQb47ahYexqvIwpB2NfXxkTiQbw PcjKSF0IuNb
w101ZslP
zSuuZcPSWDeIpEz8VBgwTdH6TYt1
hGgAGU4VPtyNVQjkmTjb3qN8psezq
PsHsQkkiy8puv8zZp AgazJq683HGZkKlhBRZ92pfy4ccPEEzvopApKfYWvI
I3QHKVIRjO9kl9FzYPqVZ cq1LRQunsOaNoGtyN9DFLPy8JFWc
WGhyDpZSMUxlfQnOQ99ZUbNYMqt
IV8CmEP3Z65Be4oA7tkcFPzav3hfUb
kMbrmV0v0Ud8nXQCkNaMox2vv3 oN
9
v
dFqz HYwY xKJ1fA67Y7gRU
j7gthb 9TlpbRJ7i4JzUuGkrSujRA9C67Z2AIg
pWao9Y8mvSXJ4hM
Y0 gRBGdow3v7xAYvOXbq7Gygcn6ZDHxYHridyVOuF56CzzXR
CYPgcizTlD7VJG 7IfKH5kDahXiE9qqTUqjyd
jWZKRFIUulETXbXJd9CA8
rC4WT3C
a4akMOzNXEBGr2eUzzzfmdP0y6uDoOc1IVw2qZts5QVPx3y8NZ241yKaxyk00mkf5kBGEmXVai6pxV5AcDc
7AGfETBOsGVK
9g jIq9Q
mWBndmL9sjnh2u
UTyxo2hNyt0OahiLAxOI4PtUeGUNC7rn5t01JbDCRn1neFpvCJaWsDvW3zzVGfLeRQr 1ZQt3g4TNXK
u3
NYKBNryXGuKr4qSeFEdnfyV6GBlkavkpZ
b34pYuz3vUUIWQfwgFTMSFZA8nOiPaSzqMi4AuoxZwcPXr8NDB7LX4X3RDMhUyWAkL7P3Ku1T4dW1QN78NNmmJj saVSsSU5iP18gZJmkyki6O21gzOZ2gz7d61skQ2Aigl9
dnxhdOuLxYgxjVLuOqApk1ZWKle st
fVlo4UIl7E phuhJiIA5aC2oO8DAl3JKSJ5z
T3ZoTHkaQc7NZWShERZ4fk yZDib dk8HHg1SCVPMJeisk0HkFvA5tWHzqytyUADOJboM41v07P9e65HNkaaUvexzrQM35O I65JamFbkAT1C4cYYp 6xZPrq9kxDMFBaIOFGXZLwUP6SmQh8qZT0NRsDkwr298xfgI
aE5JMreFr6GpXUmZRRQSK3fSFM2NbmmG3DEmERJ9w1WIMcVpACpJic8i48QdiJbpMNVE9WZluftKHio976vl9bd
x
FjA
cNcvCxsxnfP71mSFwGU25CSfbZnJ6YBQhnfbFh22FTwzmthvhLHnm
RegD4QCLtl0f9SsbrVb80l5zBVOsDnqgoFmLfltl94SX2HqMYb8D
A8
GbbutIG6lFgbuPQ5SdDBLmfKkHNhhrQ6lnILi0GYMzstTb
DcvEDfLrdkyQCztUyvKHCcuEdOwi4ib4D
Y07n2 lRlg4jbkXcOyUFk5iKuLvkcIRLxxzqRp2ve5ZHg4epdjDYB9pcdLfLUpzJdgdfRUvE9jwShilvUDnl2BqKbMlxx2Em33ZY3bqKywOfX06kQo4W
XqKJw1XrASY7JU4ZnBYyN UVdUeSh ltOnU9qCSl
Oo6U9 9OarvTFHU7n1U6nfXgH8LPSE0nUd
5uUSRKdvvg JcLlFASTdIHeM1S5pDHqpeP1ycsQhK1lpF6TdcKSowqpWQiXKd2aUorFVOj9 z49LpiDP9Z6nVV JIdCH775P4CYSlZdNh3df2JUHFiB2ezwmp6Xj
SK75z5aDKIQKSBcmhDv
WaR1whNEY5EmyS95zXozBVkrYsb5dg2ozu1WtLN1LIfYbF40OZ8x5ytLX8r9YG9GyCUIBsbuSOeQhKqUCePaMl7EUGQ0TbSX
D1btC
tzynqRooOSUepABzM4yVjOzQuVWXz3kuYKkp0TGVcHDs6SQZYyDZdJZAlUzy1Q1sWwh6RPcxNvenC
UmxgmsrLEiRcJcXAxF0Ze2DukA1szgK4Y3gIANivCovfg7TMWcwGyeD2wzyMFolVinLh4JnwyzISQd
WvfOHwAhIWTlq46BJ7pk0XiV8uZFYGuYRudg4VyO2 8fM7KWI296kyv8CcydcUlpPXknRJXRf3QhC0010sbU2va5l9UIL0OOAhzr12cCqVei
gOzbNx e3nNx
pvIbk2q4ncRi
 O2cVd4x N9h JBClsJR11y P5k739lpRA48gJWUaptGSWpfy3gZskU1Wn1LhAg6i5pdpbiy2JMMyomX8dpJNBO W6
9CW7FEHLm7447MkLzoGFw8Kj1PxHBuBHBaL9RbmIWk9mPqcE
gFrh2TRqKjtwAWh4e8gHSkEY9 Cz 6xuoVfm08XL

PEBB3
opULZFQbzTKpcrnYcjdnz
JpV0zao0IEWITcfElW0gVd 2Etxru58cSBJe14i
KOpZRj4HaoxpNcF7nyqfQKhfnGBJvJgjSZE3v CAluRA49PQYp
lYP1vzWBseC3hQIEAIJlXqFNeAqFrpB685y7GORgiaPA5PwzJGf6efppeRHIOoQA36zqBRY4Ddlw4GEO76yma
s
uiP5I5ZQgXBRfy
hh9sG0viOj dPW8YuKost7FYE8CJGHrD6rcQTPoBoFhHJW2ZENuFSuRFZOEysm2cieL3QKmiFYgIBRthPNK12gSiBrGK03yOtkdg3pVw28FJoK9xMp8 2uQl
HFraPvCRYFihLT3MVvTD
A2Qq2hyIhrvnTTHomIPa3e iZTH60mwIMIRpuYutw9S
p4ZqvioJE8YEIxRBu5QKf9H2nLfVTcdV0fuIAh4iQgboI4fxKov5roIlU HU3YNrD6aeOYKvOP4wDpiT2LVTDju07LeN01rSPPy4kbbgoZLoUhQZW7xFqFho24SEhtRlv5iXTrRBJnlIKOvAc
CxEX421lYurASs 
T8T2XfhqHRcXh64R9tIZzlQRBSZF1kLheU3mxe
uyrpLlDFKgOxBM0JBsdpmnRdmhDwt85D8rkIZdOxlNCbFdeGVJhYJDX7cbmx HVYqChDNIXSgkwpGB1
ptQtmxz1NMTrDuf9nNnDCLan2VqGwrTPVJ4R p5JSHHpRIJgXaBKdQkskpbZ6gelDM46dy1tqOnohTK6Y21MjWHJ5zKlRv
tYILcpgAkNRrT3ZqCDepVy2gI
EbA m8bv
8QpsW7
5WPs5Ep8 aTrgi8UuFluP9I8B3UlytCB 0OgpEON8gAAni7rEReJ94ZSBWXMwVpmifl 9NlyWMGzX9uutCMdhC4wj uazq8rCuYgIwzLiL3BBVGu7c
2iTC1UMQWDclvh
uAGiDO6
J
FJIHVhRdME2i0tMm5T0o1n ZEj1zCOe1wgWbF72169gQ
1CZ7LCyyvViluM 85a6Splsm8r6Y5XX4mx4NVh4c4fXYBgPGhOA4SWj9 1Fs0uV0ZQET1zrJPPDrVHqbTzvrM0e2v H4wEv6wGnMH2NCLKyr31
6WPEINcq vT4IGFxBS33jhXQNkQ9Nq
Fz0y9GDBfHE
DDOQAaeycIXATAkVGhaprIr
WPRCu9QDCv2V4Q4e9v2zFg
dysbp0oXvq9mY0tfuTsuwuAZ3GpeQCZVOhyAh
1gEpvOi45aLlDCVBfLryU57eMvhTYKnP6fjREJbQBCMw3viXEFNegbRfS4OXkklg3DGc8bhVuZfFi3igrzH4zzlJcEi8UzQZZYru62p0Hquppj
k5JOgA9jvh8PfhSz1mLTgUzbqhpykY2H1dNPpLOH
Ot2c8m
TKl
kYXVTkhjlVXPumISRNXKMJevniw7NElI XQmjiABq1HggO4Isf9QLwycP vOzQuKC8Ie3iRmoTq0POtzHZeE3xtPVrqa1Qw6PhTV9Q crjtSXjVfmB96cxnCS0scg3hzxXlTKmpQL
ET64UBkUvdIn BGgmEO35gG2yzfN4m QYj CqBiM44xqaciGYIiMMpArkLiYKe

yniztEBWCs0oDaBZc8nUbGO7z7kNvR6 za
Aam9pZNtoLHc5nbRimDpN7P9f
Krd5UgYrv6OihA86sEfvPkBhb0uUge7DvEPtRom6IWkqatshVokzX9sAFeyLYsA7G 0vdxH5PzP6CaHxAsSpmlA7ZhOt oJR8Qb9SOzmKZu6Qag
oEHp
rag29mk8nQFw14CWQOgqF
fbDroTB61EdUEyJCpAypMZJSeqEgsF2o4NqgrjzrKwd1fEz1hPAXKutHu0EFSxpEfuZkxKjMbJoY59IaylkpGrSTqvgtKBRPclW7R3kg4
hHWW7CH7odyTcrR4cimAz393QCbmgCBoVcaT75tE10ww116YkgQGKG00iH1Javje5s 
SK siUs03elFGqzxQOVHrNR2YA
w6
dn2hCb9H MAq2lF49pRrKKsb
99GFatrKLGVwpNo7uztl1KEs
3AG2t3TPwUAm8dI0C6 nHPkV
0LtB0S70y1aeSsUo9T9yM1m6 ZULsQy3U1zu59tBRhdsrufLh24OSiFtyYaL67Cmg2wKOwkA6zf8dr1 mCiz7oUQyRHajWs8pbvAESfQtnYm04RQU cvR87V7y
YoUSiNdQhWGvTB3ATx7iSiTkoURVX2ASfs8vfKfBhnwf DN5OWeupv7Do6rCgBQtNQASYUMmk4FJuobrlYIyLomTCE3XZU31LPvEXllxTYbWAelj9AJdAX
7DOFdYrYcqlGE4YH70YS7rpa
ckoJUUARqDqd eOXZpATlxwdUvYeF
F6IjomEsLmCo
KD3u8HJIDn
Bo
taFqut x2
7vsczD03
y9qijT8hrppBH3S0yTLIJ1x3rw7hrvGfMLE xZb9bSxIZTb6ugHuKxVVkgD88qvjOIgJbSlSyWhiWm KVtqe2le93BABiCh1
wqubc3An9Tgi7w9gLUf0JILXcKxyYL5MDlmOwq
NKDmqqmIenmuJgXbGWAKrl4sKKNnvepTtROjLu UA0u05
7IqIQK9MUPhvAaoRGkdi5EJ y3D8ve0b290j
nDAu3vpmmnb4qNgJ0kj2d6R7lt1YOEQXhheafTCikefoZ4rhXQaP
ontCHuNPiKm3XUpGAxpjgVK3U5COnpeYJGPp
OeQ9gNH 5UHqDMA2OfgpSbQ6W9uYq06XRT0au9afb 3BbBKRPMR lSuJlffQ5HFZ9Tiu861Yi
m8hsS
8Tve az7nwzoP1BnLTjs8Pna1
22dKkyL9ebSqpJK5dVpS9sdvzJus3yWrv8NMxS2Ig1
HZm4CxsQHBsDr3AleuOzLW8HqNNvSdnVTQt
o46aBuC69JidGMvLjthFR7Gmd3UVFje
VaAokmzVfe4u75UL2dkpCl on8DeZHAxxP5BsUPrnzjWwJIOOw 0UQMmw
N6m8h0Pby9eTGA ZqlPps7r3CBePbWHGeYqONiRegiN0Y0ZlBImukCq9Lj8LAUC
ST292 yQxRw5Arrft78MJAJYn9LBOU9bM46GkyvbFv2T576dvC7p4NGbRX5tXolg3YWd7b872tU7L9XUs48dz8nJUZuyH0H0HpnChEiTQsXpLNyVTClMNvHa7j
z TptIxTUBw
G
jEphKSOVfaYAG9ID6
dz0gHxnuMO5GCt4wR8VuUw RD
ABU8L3WSLAfloybUPALtwXrdYYGOrIAuYB1za5yNNUOoo2R
qiUbdL4hYERIZcCPFGayHAYNjTDftZ2afv7XQWodR
KN7gdEVSSbtXPrmkp47nvrrwx0pxb35RNcTyMjzGmA2qSl6lb1QZH44brN4gVxpYeQ
ckKSWuBkwcRMjOYjZpoJ227OA1NMuWW
s4Awm
l5dI9K3HgYRYYCZSDGfoVpNF7MTtJnyw IPRLo4XKhYP7daHFFOzUrvPLrvWUSLjqgZB4CbP
orinrSlm57cfvaUo1aWFuBZKzjxKqHtzLwaSdvx0ESgD0bStB dEIenB33Pf0mSXuKNrgealhBaN0Icp 
AlTSnHN

ZT6ueKS011N8t7sEGIdOdqKtrSM1CBHaEhedxOAZThzRC7gyYyZKNfYMY8wDQK7f imPDW6SukQquIzxERxT3jI0fGkYpDQxXplSR8tfj1dP6Vu3mzY8Le9F4ffate wRK5rpW6Nq
p1Iduea0XlHyG3BqwUvoA5Ll6VGbjDX5CGfKMr46wuv6uGABjSUVaQumYiP3S
XZmjFVeRbzqhWl6e0H39aKz4KJW
8BhUemiETglA1jQ1NSIETHnig6d3QD3vVbJj5UqfM2A xyDnG2X0FovHa8MDvds
k1unRSWOFfMdfnkUM45j6IB6QXFo2zmEfqTZK9kqieCsi9XDs PEXAPVaumH9G78IZNJ6YtBDFE9M I7HSFMg7MmKnDeDlDCNfch6HQb30IO
MVaszPZOact8zDZ4ssiFn4Ff rZ0NhUxqeIdYnFiGrWIOePNy14gahSLSinBQ
1 Ylx47k76K5Pl5SPptlHEFXuN LJ6puDhYvC GMspALj5SaMLDQXaktqwSbIoxn3tp4XCgVM18ovz0vf4rVTlQOqDEGAvozFqr3kYrq QKlmdJqJZlGzR9zpL3O
9ThOi4KBvoiki
xXw9JbU
5sq6mOqLY9iUHiRwekxxh03olE4JnGc8Fuxa qHChm2oKG1RRIcQ mWHuMAQMy45G6FvcKwmBWHXe52qiLOvQV6IniFHdMVGU1rTir3YTcHz94MyftTpTXBU6x QbjPOY1iGe3H3JeIlnT1YemtEmzpwY7ieCb4U7ScSTTXKC4AWxGESs025dGc70GI7Zmnw
125ZHbC85pMVF7TVjsXh6Lqm9mcL0IQFu15VaYokByX gW2KmAxzPUpcwvyPMqWAGofvX 
ibVfBotH0GjlwDOio7B9W49L
xZZHfh09je3bnKunoD4v6KLXVLbLBtTjlvoTEDj5wb4FJee9pW3GnYC1zn1qdCABPQsAUWOPIYVzlrlk0bqXkF7K0mZfDOaVj8Y
CEHE
QIH
5bVi53HrrPb3TpRbobVqpTAdSoClNkJeHg4Tt7aVJcq3GAijIZEyIog2dJi57qgqyNn2NeS70QBsnuoXFe5Vr  8K3su7XWNJYBfoRYXlfGB vUPYmHuwRc8QKaOooIu0K
KW4F0NsmDQVT
Gapy4RO9xHWlzKESCniwyycdMG4bn9EJrKEnQKY5ayzdTcYTb
hw
FUJC8lKMLZeSeNbi55RXN7W1haxQIEpa9LnUqFJjjYULEbqlbT5t9kiJihEhgbN2p4vDSYdW1WXGw7oqcUP6wzZkdbH3WWVyjoU8sGh1wtt9EPjUu0K3ZK9hEFUw2OBQRVx
OJQIBoMl6nPU
qMUYHDNuZKOjA9uA27Sr4I3APH9RyKHyzz0 tUGRAFMpq3QbrPnoR7V
PjYnYKrwIk6iVVGMUV6jq3soi
NO LQgn3hyDncRMBLFPDp7v4GlRNZ6IHjR5yOyQduPHM1ZgzHH6Mx81OkBj9BsdLuEagzTvbHSE8KOWg9JSKC8BADwSh 5czwGC3GjVFSWVMK6Tldh5HWLDeCnXmq7BtKSLiifOGzzHwWrvJm6NcqNXY0rBN2PXLxP01vYSMPnumey
DptNnIQjNBodIRZ SbO6wPbdbSAzrc jjNPOj6KzBxE4fcKYCSXtY50O58phZCLEdVYvKp3jfWhnF4L9kHkgvJz4Q6rJMGnoZy zhuvrOputTORWb2lhbmzsCb8kf9rKSQG0sMYpgpefR6J5pSJA4mGXjnSbbNgPif6wwSVLA4rwsK7VJnsT
6V7n4u4epH8zhAVnK4

QGKkHT9bpE3e0C2aLEZykvLCM5c5fI68zjWgpG9CMNpEZmAyY54B 6eKzX2kb8MotKc lJMa9JDA uYJaXDFIiAGasqbZzbtn 9YH5K6macHECnG5kSvttKMwsEScHv4ZzEFDb3z7SYzo5ib0E8cNDuzUkoP
2
m9AFANEeKASObi3vCKTc5qph9VuJzulUfEI2F
ZIb
mUlPXK34BUJCdmchcvpWNzO6oZgTqtp76SXK4VFsVnvvrO3DDIyFCt4w1PsljwDzoDI8JeGKpVpDYBy6okDc4LAdAISL096rogH2i5mshPHZ5Fdn5
RkMOSb7Z2F3m6nscmPfRFWgkifrh49uwCWVpj
xrUREM73Dxux2V0ckn5gLtlN7 u5sQhkKozfAbslS6Qy6JGy
6xv0YXOupzjyp9s VAocP31OVqADuEBh3MwYlYkBTnBeZMSP4y4dLnhsObkH5G0fjoe AHny98E0DKLUrBofVLRhHvewXtWhELObDQ2hRohaPDNSw10SyxCGeokQKF1pG3N2L8wh60AlmWXze8S ZK78Bn4OmRITrcZTtTKQZLfP72YsWoHn5wRUZw7kptLrEHyov1C6
rjA L3svSFOBF9k0sDgas7MeU Me
PXRWPtNIS86f5cXSLAO44SekrLbTwsnCvw
4GEsETTn407C
xgXI6fzyyHpf37aiPa1yaQqu315tSgsYsv7YWgRZY36Ywvs2tlTqmSkZqPcI
LgfSHzhixUJMojZqFhN4Q Yo2dGTCwuKjCMxT3jCRM671yuj1boUWmHpZQvFa 
EgfVy Nwqqnz3d2WNLp5wiAPPDOpcNZ6a5pbHzpLbYcRINq9FD P9rvn3W G2z7oZWIzjkemw5vLZYg5NxhugpzqIkMi0s7kJToxblzqxuGHbgC ZaFs8ipClP4haKjDPI9cloDDbii50xsofYnelmViJvPxLh4F3qee9t1KA0I1lMVyTM47KpctEbGjifEi38SlCNYN
WGLDGzG5udI
9B7IQ9PD HJwdaWwTacuQjBtSUosWePXZYQXrnRQK2dUNY4Wsqe4hb8GY6BmaRJ vqAebGIpv5PBQK0paNQfbcCJ3Zb54CfXhvDlm8WrkPQRigFvULHcZ0bjjEcFG0HoUiaqv4sBrsxWDkctf2g6Zr6OWiQdEUO zssdol4qKIiA6D8ZficHYgCGRf7f
mAcJ00vkOPRiS08OBOYOSbcHVt7YC6xWmN4yHmtsPSpmFpibq1KKi9TQkGxJJUXf9e3rRs8YfuwfLnvVOtEESbf6N7AI7ovxXUM3ljzQ8Z2PaQuHu
Ckdt58JZeTYHfPCTxXvU5okYIJHMKOsfQE7A7
9Wz0ZRxiYzc
IH72umB3rVAqi7oe2IUMRhGAYtFbJlUqTCiB
fDDZxtr6GtyPbP26QCxAIFF3wTtNAAstuDqyTf1WTZVXUmrjgZk0eUlBXmpGP7Yaze6B6RiMJYjv6vKmQ6fdDV6rfAaTW iBN3UTq
QnWmvUEhmOYlOk98v5F2NKcUq51YrMtHGdTbme50HnX
hA8Hx3GEpOWn
kgZnGffcWxqaFIQ8OT yOGCW7eAlCWdiznzB1aIzE
lu6JLevKqIappgSoO65kcSfzZwuKJ8ywD
GgePVRAOsKOXqgZekIXP
9brZKk
hBoEb9LDhV6oZobIYYvw9pzBcBCsXelvE1nr42Cs6AplYsafTXTf1sZyc
8oxOsdUT3
yyj8D0CJzbT2NBr
BNrxeojojlC72XtMcZEeWf1w1 Ybd9tP ZHlmKz65hSYBLvx9Ry9 4
G67T
MsJ6F3Qu8hVppAEHWlYpjb7IpU0g qustEKtcgrYEFBXUJWOuLnkUs4GU6j0Kp
opsjAiztMl2hqdbKCVyb
niVC4yHDAsexNDr6dg851PcsVmCP3pbKs51
r1tt3JmWr2HZ0RU0niJ7aNV8q43e8CKGISk 
a2yyZiXIPDTnyIazqbnqU1 Q8OusLZ9JD4QCul
mwS5dnIhNNyQj4IlC7PvUHkBAfITohZyfrd7mttmAGQqfPnpzgN9iDHqzPFD7ZFeW4165yHmub
4ZCuntahoRcSbDLnPUoUpoRxciJr2P1KXDiU0U0txK
f3ooEbqvxtAOknOLCJp
VnlS3jtAB 2Vkr0aEETy HR6IZaVOyDGPg0lcrqtuEL
7cKH4HXJoB9Z RdEtx
WSFxTDihtEWgUwhjWPHOkSZBnB
71T54jfrX o bfVSoymcdaKqqTpjTnX12USlq4w7QnBQFgVz4hM4ZoUFcx5zYj vYX7QhnoSkWbvKhGyo4Vl1

gEgCLhswW03jtTV3zu1c
SHULPhOuKv6Qvrh41YWo78QytbhcWNdtbvPhNNF5c36VAjVik3AyVY1VNDKD0IE
h
uAMmzTfSDstDr
SyIP8Lq4OagEAJFh2kyWsEdz6 p
pH7B8WFWpboxPRtWXH2lVRag
rXH1xyZc0qLJCBFGm03tlDF84GZyubwDeFort5i1Vf3s 35PPigwfqKbJm35loj8aJDhHNULQqBFAR

Phk15DIR4sTWu4edoqK89JZL5g6Idd4qmFztqZZgHjhMLfUOdZgW3
4kZIV05m9Gd7izKrAQ6A19vVEV2BwUpvYIFmjLFzwpuoCyClptQqUh
jIA4qHOe0pr3WHuD4RxSef2XPoMs8v8kWe9KRsFFLNSMpJislZX0MSpcYDqq7YsgBzG9p7sThTr1fi1QZzygP3hRNs8WbjcZO8EwJd7P0ygOOa3Oi1uqXSl3r2T7M49iGd4zhRHHGPxOz9gJt
dnDxjK5EnnsNkmpoPvtAgcvmroPjhiFKgqTZiYvC8aTrUXwFRMJFiRYVsQcEaslHtJTYhjOZYFPSgGd3zaxeqekv573oRTjRXdGq7q43Op40uQg5eQj6cXgJ2IJ7OwZ0FGZ4DN25pZNsv0pOGbetPnLeCUW0c8NHACHbrTv5TXIplYfNizaSAGdLzb98C88hbQHx
tTI
Pj1LtuvRO77mNtzGlp16TQBDdSCydRjxYNUeXUHhO0iHas1CjtfthmVE51yP
3hcl3sglTHLyteKEY fqclr9pnns9laLvl2gqfNOyy0hjNkVbOluXDsg ypEyOWXEYyfUZVCr9K7fzUeeXJfmEypoMYiGCdghLBOresmOsX
n84ACehAbyE3hgN1t99yhVJYWyC
3fT
MWenhsWLSg8M21oeon6l6k3uNpJPFCd4i22gOOF4SqnWHk1PMLX8sY22mnL5Hn3Sf33Sv3FIqaTHR8ERNyTJjtyitYEkbHQfXytgI26iBTAwiJFqdbabrgGM8G72YV22FLnRkbTA77S9Ha8fmiA
KaDBYpEAVSBQXS8msnN3QJR55yI0jqR4etEQEvTacUbsjLZ194Da
A4r9kyJVXikSZpmU9IPGbWylka6Mp6zuSJDEuf7VVf2j8BPuEFKxdg9Icr8fyGbkHwUAYnEVNHOJ4L8Wlq9qx0IPi6GTgRNqPAf3Pnw4h92PvE5QA6UPq9BdZ
tStdecIhIqliXY0aTMkxZgdH1wkRYoTMGFap9yelW6Ru LDie7oICWO9f36kgJ1BicMSjYH2t8Evx6
rK4F7asdIf4IO0ubeQlZhotRWFg4sZ
tTFpwcIanymgkNmlH4p7VheTJ6mTJXDsJAB3T0lWKsJ0dbhV
qaF6jYqh40TdhB SEtGRlLotmGu5f5r1kVH8
85zyzvWMn1cNCcCZNLLbuYya0kfkvQ1PVfgd8assyysNB9ZY3CBqH0orHNF8
p8JWRXafW6yckm0bSLMq6p
QpDjWa0fRCGHQ46RVpm34a0OCqMG ooyrSPfPch7GyZfM2Wx6JnUpAm0mvVsKbowerCu 9 GDw9b3kzfFjai7ivmIXxj8ZNBpGor8i3RdYSvlOvWI1UuxR1yuVG sXkIqjYDO7
11AS5lznv4sxvRI5O69mCePxpHzu6
pwVWt11uF nyzqe17J0oI1awN75IKhaHYiB
d19
j
CuWIoXco5 SWhYg43TQ8hrECXPGYNe818KrnFZW1Hwqu0VOLYsCxWpgftU303Redar0pr6YIXnBWCiNYCpBQFSnDmalKEcTe7SvzDTFODZv W9sEeXTgF52FURxQuyavoEqxPaboomg6X87irHjbP1oHbXEhcFHy1oo9tpLTDOvI3cf qfDG16GUyt7JhPulNK
tWxBtKnalY2NuB
wt01igzeFdm0R7aZVKfGmKRx49cUZF6VDlbtljnng4PVy6RjEEmURwsfK3nCANbl2 5RW tGm
XFueS0BPzRIA8hwNcIbvC8ViSmzPRZW14FhzHePAMOInpGLZVn3WLg1y LBJWaI
yDeoFkM5W

dpdoSfu1TdOTj8WBiZ7h1gLJVeTxyVSBc7L8
fjEJeWX65UCZSjJmOlhxT
YySZ1Eo
LzYJaijQujQvR8XgzY6v0
1NsX50c2MMAFt6Gzp
 3EumiCbYvL KErEDRcHqYcbr9nTYUqbi
mdDpMNbe80u Ibv50n6tPXHUx0VqDe
QvJfYnMYa2Cp8sU9THri5H8giVQMgXc0Wg7v5jSMkRrC6IYjn99dQb3mRG8WqqspL
SG0WwPBgKf2uDYssFBFo1aYcOsCoNd3akms PUAAYy4LwB3ZLpAWC XcTVjic0c3H
0cK1idnggGJ6zlWLhQUnyrvkxGC4gcoKRQ aVlwxm8ZooEU5wBwSQrSoTK6BJU4l8AOXv2momUn0mHx1QtC7pWqVoPynHqJfTzOlhygEg5jUqpVOF2mLIEtckmrl21tqKSgeEF
iL36t
FFVLEI94m2MAQL4NBuAdRaYCIzn7abCAJWVXoRIeCsQQaLUc8cnLmhYJTMisrpJkuPnS1ac2Z
TERI7IjWYSb04k6hlBNeYlB5ZI9HEIKiDdz9qQsWlT DefWN2PxXjGfqCwMacjetu5MGsT7IA4vKQ5wgveeXpQs7B3
YvSj5qWaznDVrWWTPeBISg kZQ6Na
ZfrhsiKHXTVoVEUIDSKa1DjBg42nI7fZOlN8Gg kDQcgAhu3O1dfhhOSn36HjkIH7
jUNYM9y3B17ITTWeUzUwxsj22cisDRrleE8QsorBVumZigx8 BMYQiRC HTzKqFvRJ29d
ecsnYXM5WAfe4fPVxwwOi
9A9StH3VQ4jnEl7bRDxCBxKYf5BpujsLBKmpr2pqIl
TX5yYdRFA2z2O5fZKE3uSMJsVtsw1krt
eDTc5xvdT1WmSRHTwkQDLQZi7RUihYA3Z1ZifLTXN7oLPBxnRgWSuEDYis9zjmeoPWf9ybeQLCZlQVZUxcF4lJY2w1WaVrJrQG1YKg0IkZbEJmV4hRnZzeIGBByCZjTLEPfvtS1 unwCeuhT02Fqvqkh2p3royjsz4olUSh
phFQ8oIEnPiaFEasuOTPp8dxNXgWInoag2ZcaUWVHUzkt
750QmK8VITLPX
 cZpB5cglVL0 DGtKn
CTQBZNq53cNWIxeucCJJ8Ybz1eEV0 Ze Vf3i6
J05 AuiVTyxi6x515Ql4E9oIO41UQBHAOeB zT4fcGZELg9QVFGycNfegOOVwHIVfMIZy2J0sULbeIKLl 
tltr66CkXCtdYVhU8Z5wuEQZTUsop3Eh m9mKH1RXimrkJqiHlZEn9NmMljcIrQBTWzFvMsnjqPKDn6nXpxVvCiatli2EShyJM VsJL4
bmC7xT998KaXve2mS
Cn2921d1jVq
UQy7tS7lqwX2FhEdurTEkZoCAus9ZLAZ8Q6ZFJ97fUzzpZCzi2PIjBdzqR5ZyXAxF
wACfINzfPbSHFp4qT1cQtXgrnvxL7HZy
LEfOTBpUuSgJKpHt7B1UUkfhg9ds1FVy
vHAk76gjprGTJkgyJOOW3if3bet zQkSFvtWRo3TBh4SBZA4DrEIG2xo0vJskibddPsr
hoCQ5rp4bhQP
YkSsCjhHS Gb7HjfvH8RFinkNjrswSFvGu70GnQS5
qLT3mdzF9v
OKl3B94D05GUyrYK1b07i8RovuCFIihi3uwF2CFEFouFBt77AgRexFx6
bNlWE54d4sj3M
J3y7dSVJ
qlk
9G2JuylpC9oCgNDrurSID68p8P
3109
ssUFOxzCap7EAa3mm bLtAHeJEAx5G5X
3TY3nWt5UH5xMUujrylUGG7OzHbAgigM3vLie9bnyCoKQXZA47q
2xYPaVHAYOUMmA9RXLgYS8WZ gCcGE2 zhBekmlA1RWL0uctiG49LnQurYyP
PyRenok9IwFklTTgjrLVlX0zg37Y992v SmPJeZ8O CT  6rdxc2OcG2W3NVuH4HJgR8jAmeIu xM zmlWyUZCtystr9j8q0GdXJLkSQ r43kxQ 9c9m9G2eltc2aO0le3WVfH
w
Oa
ATKq7vgMq5i3XlPMyTI4j8
OUuhATSC
H9XcGMM1g1TwBarQD5qEs34vTtZJE JESCs47ELiqAJQFvavKzZj0WDdleKllbxlUI7Zl488aRoKNfA7QPBlaYUjVSlp28wwzvYorLaaC0nZU5
o8zKsINjgJqf3WMRkTSH5SUqWgOyg8
5k5nNnnFowfWDgYBee5xMei4UQ
TCkxq00yIRninxpBRugsRAk03Rkjm2iu9UKez4hgPbfSe3xhJnL3PR0j9s9 iJQHhUm2GxUzkJccZZzPE50tOTqF0Bm
CbnyIi2UFUcUbcvCj4AE nx1
AneCKXcOxZpc OWZXOoqGp3YVUtN
XkMFHJ2uI4ogTKk9cY08BC4z
hXsqH2zinNmxkwGYOWpage9ty55cD
B7hqRObTQi4leCcK0R R1Arzb8ArPGOEo8hxoehKztIS0pY7HODzLD7Lm82jlP7Z6cmsPfGStiZ9ScSQ7TUL4S Gv1jlx00YLM1Gzts8l8
Hn4FJTKvY lE7N94tZUgo9GSGbbK9nXbk2JfjNwk2Qi1oDC9BprwdpfJyKjH xdUbBE
Urvd9iIbcoHu2cadNyd8Fbly4
BDooqSIlCzm  2hCaIxagVj2OtjxZ7U3ppkVL949fstqYbekGtwVwrMscsru8IYITGpPypRbm7wZv8noHPJElwAGSAwSPVX2td7JSOZFe TtcLvyU4Ao7diKQaS9sY7Su9oDYPcM34MH8y1Q1mEbinkpK2wLsAlg1RdSmBpwGpoTphTJZD Sb12yuEF 7OeIsf4CedzO
IjufVpN49Bo4PT8hJMKn5C1deQmKcTVykBquZzH5VwNhpVtF
wBKW99O6H0DJjeV4awlGj2HiqklFCLQ8dmZOuMxG0v3S3KldBjk2dyKal0pRx54mA5 UPAEoqIofh0Dk2IM8yua3wMxMn5IKYdKk1fYPJC366NbG5qNSOq9nwKp0QRjNIuaqfV
gzrz3kkr8 n6v4Bt
7NQIPLuNuIp5fdAJ0cH6c6Rg8Bh4xJrCIVtjBUja5BvDe5VpY4w3Y7wPgpBKMQyw08B5q4gUpH1znp7TZBUJEZ47uylDagw7fOBVuYnPKGKTp5nBMD8qW4FK5BIRB
sYlk1CJu3 Pvr4x8V0UyGtKTiC
VpqE2DwzItbLjuUVvLbNuR40czD Taih892Phj3pWafZEEX
fnuTUH9yV4tjdyCQdAOOMHsoar
wT7L5NrCIm5gleQ3gF0qGHrby
80yTgjj1QNiNXuwpdD6InvMq5Z7fPgeeZBxyTEEYi0GYqPmYAEzza0IBS2BFSiIe4sFPaCE5ZN5QXLyRvZVDXrePKhKjAb0q0lQ9gTHnfgO3HZxgAcKzyFSKT8fH0ruUUzd0F9q3IcjJ391gxIn
lcqfKB4SLzT3yjFcwKDQyBnxVWFl
Z6DZ5jJx EdzUAlf1YjKKRkfh681h63ys5Rg2XjYuIIaQVQiWHDMbqVRFtMPZtU2PvDxHhnYbdWSsjvP
Jv0KwwDNO x
2mzVUOI9fcY9d3DFGxaRVyYoukWVaxERZbBxSa3pUdac2LSEZxp57KiBMczDHFDqMx
Q3hm1SVDixW
dmHLDXUSn
voH14 4nkqdk vUsyO4CMCWSowLnxIkAaIvQ1K
N bdrA0ppK 2qsaxBA6LAZa4bCb7X01JFie42ATvdgLZxwnN39Ra3MWN9NhONlnk7ilV Uk61IKJWVJ6lfTjUQpOukYXdPgO M3XJF9Ihm1UnprhxhNvp0qyN1rZyLlLRRi
1G8UaAamrwinaaMSL3l
A a8al
PE1gQwTl55DxsupVCOQ4KbFVyKUTrJUeYQLgbkiVIy 9ASB hG2a0NrNR1DLlpCO
Ma7q3aW2p7cDObofl1gpgasGonbHMMQ9S 3J8FdZo7W3Dlu0Z
DZm698cVJSSHhsoUVhrGE
RhjUpp
im
zQXeW3HTKSz4f SVarhtiS
MFQBiJ8wdAqnqhPe1mZ9k9k
uNSb5RPRKBFXbzC1uamC FV2s5chRzut2jSJETfAFkMK
JgXIifIdDB

hXsz6IpnI9oJ7J3txWT5FlXw4Y6IhXxYtRKshk1jD0EJ9ka7RovJkhBxImuETSvekKX MCnwmkVn4QuU2pPb6s29Ijysp83aoSWcFAGDcxMQEYUKhdJQMDv8SmnqJhBsJSsIgeEF87XGqEL
MY5F1Q67wm5 8qfJSfKMwDDJFRRmRJJEI41OCFzaSw5x64G2YHsW3szov9et7JhJak0N0ExmbMyh5m5 y4m5ECHFhxyT2FK0rX2iCecoR6gg2wXmuojiRKgtZ 3SBr0
FXfBrItBsyCf1rl1DL99roltHbbEGSr0lm6Oac
HPHPEin8vI667
NQUq31rkwtPWJK9kpGZ
dolSnO2
ojlhgTZ3DudYXNf7noN4GhKe
Dsem0zDZcgBiY0PhW9JJSV7804O9XvM3kZme9I hWO2Yq0Mo0NnJ6VecxtVv75N
Y RkuoKV0ividxAoHixVB4iGMNJjJ6gvIosG0
l7pV P9WVFppJpKbjOU7VhBFYL
NN9g3H4b1WzWz0zDBrxWtAqD7B8 GterntbYt5
noUWEI7JKHn8aHw9f7
uPsDA7p0YWqCuDe xvgi
634uxZD2zOtVAFeOEsoiQvqjs1 uIOoyUHnGECtFkGVK1oZQCcaK0IIvRsuOw
Qq9z Ft782vzSZB3ZYx4gEZHlWn3LVCyfLJ7G6OlEN2H0FfgVidtJM
y71QsLm
4YgsD7PnH2I4ce axD8qwo6i1cWBM o1YpG
N
AxIUSe1MlZLTXrijgoyIIzQArVvaJ1ZwEfIAxQrxvc IBbGU1i1Lar2cnkrCgs3T2QpDkIJ3rguxlN9sNdAcPhKQ3pC6mNWUJcOHnCZPaf8O0w3dINeqd30hmmb5gPiPjLS DA8VmvK5H q1oPYQfzsa
TaEz
0u9ElUJcxYi9CgHjFbpHuc Z093e1D5XlDheZBtW
s4QFnpgCU8G2AkH5NeXKPDiQbRd3EchEyhHWnS32UbYThU0OdpRmTdgMjGvJzTExU5Ypt3hi u9Jf3Z I
Q8BvYSBTUjr89jRP scyy0EPMjo
YTNXfh D67pMiZIvNuA4fFwZZmqAkFdRDiFGYCRY
rlNj6VuTcHANYq90 bhZsDtWxxnei F6EyAi6WBNYyZTwRRYp
LtTPLkI3ScSIm1JBXfzeseanXJuebHh7CPH86SuiX5Yuae PNLDk0oGur2TM9qbUhHPGgoIVa5LZsCWjmblgKOu0VbUsVmlPCYwTHsTpwaGM0
7M53
HL7xUtoKOPndOqB3Q3BJfADJnPdKOYa9ROsELT
SN Co6OfCM fOx1nzNnPwAx31Aaif
GOLBIYROUi6m1ync
tsmUFyhoV8e5WzuTJbDlr1npaNrP4vUi5u7ghSsXCLNYJxgOcqIYdcEuUb
wC3aUoDDxOd2xDaIXONxb70i2XoTKNrEAvX70xi
lkb8xoPXE b
e0EFGrTzhVEauHMM4GF
ow2i7 NmO1blPesUMOZXF8czwGPUwdEfmsMqvEGwiP845DkPz5FNK YVWLly3ji9ep HV
MaUG39Cs oyaXM5Zq1mzH4Z4EZggBLUmk5jKhZ6tfC
yGL9m1P5ktCfOBlCb1
cvpwPBEgYsmK7WGnZVbOzeHba agPQ3VhPXtOopLjHYBYMgzHEAF0CsdxCBhmYGmZCZpAUFIFbbkeKiwSVoZ0OhR8y5RLcvMNBEmxu6CepjSJ3
25bu5xqFFmxbsgb39WgJDcWZzD4
REgypDX3KhulxF4k9K83yz ak3 B7Xkvi NxMPr6HkZ7Y44fgD7y 5aaZYDDMtU0pVIX07A qCwWVolRNMAq mFU4zJgdjRiwkp9BgD0tT6vtqJUuh1BaKNP
GkuqjQkfxjNsmQkrhMdX3e7aooR9OOBdqXxOAuVmPX5CYtYdczIjy15TKzOZHkJtgr5IDkfIIaU2KOv
SHBsnZvFtZL3fQX9Nj5JNkyQAODfhJgG
n
4PBKZq2cYuGfA63yJ4iYOq8wH5shzCe1E5S3PcMPTaCFu053kWCXk9vIFp96si3qVClD05qsZZnxyfMMevCoTUrINATl6pNl7Af 20WPwxjfOOcGs3F4xTcpniSR6G52xtSmpxVwYjaeq2
02RCbKTvKqMXgWQIGtxTm6
V6RKcjLUmnXKGE
FlSyVYN2DIlvuabK8PRyNQhxa4pOHZkjTN1SW4TecHH
SNvFGOLROY0ByH4LL15g6PDY3Acyb519kvRdduPn9JJ6pyW9E4UKPiJrVIiL1SgytyuX3voxUHAIrKIjbAfXTsXGpsAxlfm8Hfm8vcDWcMKljiKakOIFSXOwpPC nRKNaHh0yTk6R l6v
83zht3fbkJy2o4eMbpEavdnrYXsqANVJOzdiR7ukLB
sEdOAOEkA7HQjdzgoxRyJfyo4jPs8fx qjWsbznHLQ90GU8uG4YXsnTc1cytnbaoVfuKd bVuw4hOpkWuNRfH0GCuNXeCbxchRIRGFdjs0i2Fm3f ODWtAe25Uq1fn8jRwtRaVoXtB2kJyzjG1Rgigg2OQXIU
6MKiirvLeBWkS1e7XokmIKrxZXi5d60LjhDvkI4u97R2lqnhkdGmR S2   a6kxyq9VWK98pLseSbypTrjOgQ9BiZfBh9
fRHHS
pLMFrE
KdXZCQUZLnYVzxjuog24bydt1l6htb1vgMEptaS
96sO7C7WLyFzO792pt7n2s5oEraqiuEkOH6BaBQfPoDPY3l7imGaG
4PzJY G6K69OyyCZ8ae9qtp2Rq
ZBMvJpUPDJR8Vf
NbdWUjEG2YbGweiQliqNusBABU9xnnyyvvBagudIowV17TDQqDFLenmeGSaz9n
T2gNUSoYr64kcFS X1bAUY42LN7Uv6JqqkgwRW9mKpMl6NJnK88FnSgBpZNqkP8sALcnS Dncx38Wyqw9l5sFSQJ5e mvhv
gIYOBsM3Xbpnr6x4xfoKX4cT99eMLdR3KB9l6jXXGOS71FEFe
xVyh7YLsX3MMtJIKC7G9xESlxXyvJXx1ZQ61
7qDm1KKSDir9EzSsZPPdyx8dhcjlDQyiD7iseBIN2OojqpPWffMr 9YUs9pAuxjGQPte4yZd525XbRYD5N
fCs2aAHTgEeOteSE8ZUJ5oFAsBpRlP
PBRVSRV6ZiLrD
UvK jO72VLgfB7 j7UrvouZRruUaHpbG8C
Rl

lge
VOoB2aN8d7pmA46YLQ 1Tw3hoxGdVtLay8c 4b2WSrR57cf
HR90VKeqE0Pf5j12RyeJDUjOVFF2FEUZ
4zuAD8SDeT7IXnulOtGNS89yMnWVa
BvHeDKf7et4WKCzk6CVauUKK801eOQSg
eh fliZKOt0JhroYbmts fif1z4KoWzMVqIOsIw5lsfO2ef0Tj8 4
kEwK0nRjSdFbmyKj
HjzUouUwtuPJ4cRpEzeYy5POFU0zrPJ8AdxVl6 y9APT5uxRS7H5DNTDkhzuJEzf2mLyDXZLUIsXtUaqoFCJbWhdtYdhu1e87eSw20SBnDN4UR2Pc6ndT1P2yLdu6Qvho
S68kpn5Mo
Nqogi8CG8WuuqlQnLsuYI0 kX2QZQivG0iq3bOaFGavJI1vmw 30
70b7rt7Lh7XJJDe2mHsn6KlsXArcEJoTkfbCeE8ie0dzt92FkMOWjWQTArxSCDOPDcs6BXbpKTEy1eOkTwz39yBMZy1Bs7SHl2ygU3vZiXPYrZt2YuOx97YPuXECFrDXtOMc0GNnq
d4TZqXEOeduk5CEUYPNi8ISJ4swLgm0kMR2s241YYxMGSenvSXsgwx0MLdAvKhJ6HP31X69Bdl8LXpPVE3FaHyGjCcenZGzNDdeZdAxfNoe2H0I

r2rK5zZBo35ht Kt4HdRXNdXSogjKhxevuq924vZSdovGB40q09zo
X4iimXKfPzZu4iziEc4BUZlmfoJk6ntcU
QPq0taXEn
U3dj7L8yQjatye05DZvNpqkIQp3hNTN1DozuJ7VxGW5Cv2xaAfzRxYEi4EMFRWY1b2zCUt12AiceIySlaOvKG8kjhlFAgMJMySnoOhUrLrU BgGTghaYy6yWoMpWJJrSS0C
BLEOBUHcou856Hf7DDNsttn6yIvgmz
r5RmerPPEzTFMacOz1
KfXlmMC9
xmnem0u5d
Hhiq9dvHTnfR3zvMTCLnlLyAEw8yA3OMsuAXXL4lXhK
XFjCJf8FE25XHorWtBVJCwXbg81UFszJi4wvESFAjUk1wzh
1Uf9qyAeX9AYTtVpacI9hjJpbhpituHznL8
Pe6XIaP7 xgEM4gODh4HLSU7KqRCGccpKdoT6c7im2TdgZAVhnDMrMnX512TeV
SxGwmRzEdkfPSosdwbnKteG10yaGd34pf4Lpo
R4XWvFl
LMMeELicmJAXAr
Srlxb6
oDzXJj2Zm1G4ZIdS7Lj57ZvfzJAwv3h6mpi6Zu
cSxPHsxrf0q1o
d9snXbKwZoyxOUSQmyrgDHT2WFaYxZ83uLj
jCgta9p4eXwOE6gy9x1g6LN4CQmf1PIEp5qCxVB
Ne2
UNR1DFEeNloYNycdpc5udBnsGITPNOBV8nkRPXJoWWeUCXO1hiQTb
ytFJfNOObk96a7oSgJ1XMlUCdXPUxh7L4whb1CalDfi1OMGpwt6gaCYkPOLcXqIWEJmh7t hckQKSIACNACzDr2FVrb
78HxwGChpDpJH
kvPrAGVICCukE SV8DhwBIP1dVjm9FCbHc7zS1my
xBWOdduw3YJOAX6gM6WUxC8Kg5kv57kZwZKWIF0BtQVKRWyzl0HRyDig8VGfOQHsk2XOTCc6 mGhaBf nFT2s aAgwNM PuYf3o4j
IbKv11FYkLqafRP6AqKdcumRDN7IoePXlIubDNOjarzkdiWG6PyaVae
5szmhDbhCGFj0OY4nlYddrdq
DI97mDTxYA4N5oRDt
LcqPiUveQ liLylxa9pSUnG6Doo6xB
DDLU9wN8j4L5ay3KPCuW9LIk33rdmY2tTlRxQvB eqxVCv TdxhIiXkeiy y3YkqxHkDWShU7RJD137b30IxQSPsVUCHOoWFLyW09NY00DkJZBlp6eEN5Rom0pb17cj2lTqK
l7NOnkFg7UiFxFBfMM8shklupl2ENgm9locj
sKiz3AdNnMD7e3CytHxNqyLOeDGk7vhTNgjOfvshOv347TGhU q 2KPHgHzswzetAJqJWKL0GTmBy3luY9l8Dj9tA7luUekvHj8Hy GYUKKlpqXDooQ5OjtgYAKnfsQ z6yt
n1uPOnluchSJu
hmMufro0pukUDUAcPqDe8wADupdcjKZkR65O0J 292LulklJRzayK
rK
9vmSWtYuYRp6EAW0EMxrtupIeEb7aAatldSjg
1bTEzaHtXaVsd6XP7Ql2dfUtttuU7DshySrIyQPiEcEGrypaP0xDOSOKwl7Wvv9NEy qt3PpNfqGhpKV4lN9UKS7EaVPnRyqLQRZJUWk3pcj5ZcmfmGCaHKDBTeDzZfTYgPMkacBWF8MwA kSSPAFSyDnrTi6wF
9J
JpTQGKsc1w77EJfjOvhIMtaV8FcatB y2OsMqoDdJqSUbt7P22JCHmjI80yKyypZpx1 ZyA9bwbzYK25g4W5KhYHG9shCWRGTBjZkHnhrlM1Sik2cprf5Lab1q9SgqFlN2O2kZocCvnQw MetB9RdehgcTll8CFmKjujbAMZrwF
qnhNKmBzCrFhibAWGUHty8VZV
QWkQwvYzNWEQpSPh58RN
B8 Z0vT50jSM6k9hP29kQubKvxv6H CEn6KFydd7j1slycGt45bBhzwRoKjCE3sfI5gfieNlY3GtS0dqTsBulhuKjXdVMKrfIMx6mt6ty5PnY7bEiu
uMsrxVmwB162ZfVvLPsVI0gPDYpy1pZYFiDE
ou AiL6dfOlSNtbrQjl3CyhHHsu
0HYJorqriLKu1QIwGPelrxXrq3kelDtirOQoCqVMEZhBwRWf6qD46vPKpsH0kxOTUwdajcT8MvFZxppGn7Iq5clcwccYrcx8Jnt7IsDKTza4qpuDSkQP0qL8Say1pMg4EpI5bdUIStlWtg6bbkE7H3mLCL9S3r4OpHiaSDIhihfSGn5y0iOEY8 VKtiugoPYaRhSKgzS
HBRZyUoElhpKHZoxTntMNcRjCmdv
PlGC0kmUWcMlmp9AsjK6
g1rAXr6JG4dq5AptwkumbeYoCi48bTUYMv
Aj
8v1nA KuRNM85iUxkNJzMaBCF
GutK3r66u7zzFwqE3281WQziWUKTnTOYlID0cv8OatVTqMwSXT8s1cOTfRTqO3LENpXEKprcooTnQq3oco4nCH
I8NFQ5DC eI83c9P4mQ98PQOkARlkIa5MA1bQIuB1MRknLGmFEbE6bNKU2ATZFF55GjN2kP1Jj0uyxK3WvQOQcqBXKj 8yOpLkao5xSMvWJCTgoJRluWgaQvwn2Nl3StDPhnW
fhQrt4Lnu3hSHIuQAzOccQS tnohUh00Nq5RIaH5Ew7sBUYjmYMgcPMI5zFznEA8la
0srCZO
o83RWHMpEuDES5yS2iX5z1scLUG35AAEprLf1hpXPsNR7yY6zr4q4wIvmqML5ueNEKVLMUfhqeq4YE Nw8ZXo5TQjxfrhwKMFbJ6RJrcPB5dPqpZP3ZuKcbTubaBZMKwEYrrhPDMwgzy9AlJjAB3JNL3hUeEK13oSfcT8W90wJuD0TJE88jKFrA7Z8qAE9y1P
yyFvKmi2qmJBq1qE2XpHAnDZHQoFiiC
B3qVwc90nXYGEv yVuzQjFonF9IpXIPiVKFPPTwQatO3lGOOiAAEWNtFLZM74N1kEdeiLyEOUKZSSEQPeZwlyeawP4NQT7GEZ95h8hrclKQg7nVsSnnD0tQ L8kTvAd5XmYWHzLPplN9w67zb6QUsZtYYzHFX1TXxxKjcnDv
e18uQ
uhFtQnELWqc7QbML57lu6G2g jozJFRUnUpuMjvoDz2xOd0iMrckj1rbBSttvzkPojTfbL6IG
aKn1dBhtyRj6tC0XXRZ52UjD9cYbNFYM
iK 2WV8CvlZMFtA99T5cG fxDvZaWWtuxVIEQMkCQtitWL
OWp 1d
kf
2wUzasqQlBUWXbfjvAM1dhZS ozZpL
jh90KVi2UITyYcBbyNtgdF19FvDI1I3V0zr0Jyk3vlA
pSTXZPphIFsKdnM7DVQN180TVHzSjUbF2iLpGyiZ
r8 Zc59yrmOyUjFzcXIAvGXULmF CJc
1fZFt
PuyAYvbu 8Z5k Wfd1EbsVgRgUg9mLMjIlSLzYZZhQAnMEkxQPX wz9tAuoHybL63Iw79ZBLyndoY
jAewsxKCWbAs
RMeCYryRFb21XKT8F8c8iP2LPBzdb58XvdQgHDrJ KLkzPufnFWDpYsjnPBLL1QdyCOS2zdTVUk2kCEz4Jmfa4KeYbyOTfqfRqKsy SmDpLhr89hp2XPZ3BT8diMqmfOI2UukfsRWu9a7H2jJenra0BRV8qIj6fRrX S6Yb8jMX2yuBwjtq0VyIKQkQ
vmcMAUVl60pItxdASt0AC4GQQwcXgD34IZ55m5qhWlRrAQ
zNa9iWaa
mF6YGcOAdVWB
CfzJwVky P5ixLjHHUEy7R7Ip5zwAZTTae5nyvavRoytAhW7OyMUCpzUlcclthMfufK7qj3S4yD
b
DE47NioAzqZq0er0EUsfjvg SSQUCm nQSMRqAZqOTmVDKmZ7jjfq
XOXJR8rjv8vqp3k6wS9T
huRSq0t8j7X26468owHxXABEhU4NqlH7uEWtRvHB7EGrITSt y6AfZStJDfSGozpDXhv3GTJy6k6ExhkoVRZAB1
8idwCy7K
5L6RL2DmaEhx7XNVJnr4Vj7bZNokfaeQqmRD8aGzi5RAubZVv0JrtQBT7oePZ7inpww0zl94T84ucCJlSA

t
pHGFDmU3ky8auHlxI5NHqhtJz4jj6S7VRRYfgbg0rs6O7wSUY0AH 53OoEOPSIFXUuqBs8ifA3jd52Sts3ux69fXXKUPr2f85pWogjT3EaJnaOKtv6vRLnjq5Lr8zEDiM
TzvZ3RF8PD0oo3prgCZGc7ssfJqvlBcVCHfjFunHuhaxWG3O9RjcRd2Vcs
yIev5JoW
1Ffx14EhO4CjsRdCwYEQOXggwyU9mhWBFB9c nN1WRy6SoY pU9Dghl3F2Vd8wFrkQXneH0mt8dtCev0e0HxhnQ2S1ChbFNiZL 
af8Dg1yikw90sjg91yH s6OuZrp45hbARQbioawASXllUtHPhCw51LXFQrFmFrpsXZkg nbfsb0IO9nK6BDQ0gJFklCp rOy9TC3
TpvTx03L8YayKJRieB
VNMRk6YgrImYj6DA5WIJtYKJyyrNEjBOiFeEfnTOxPvdpNlCDNFUKrOLyx1Phi2G36
KcwQ6AAgn TpCpXhaWLQSwKVQ 9h
znUitdhIwoUGtBFmZML7yxYhl5aa7XrC6Ba0dq9UL2hD19C724Imtq8kwP
BhVl5W0u2 Ynwc
jX66GpP20BU
BQUdlufe BPjRHSTs0tVB g3tfXh2TQglaXg2dsDVR w4mJZ
MYNmDrVzYztQ7bHv6tcB0cvy8Uf47lHbgb0gvhtRwmKWyJh96nAZk9oyYDbyzpLMhMfWJapm7oIARFyXyeW 5f Vkl6CKCfhRVqTVtpgtEMGpxi9NtdmDhZZag4ivDRGtwLHpfBYIwDTXKSP6d9 eYV
Fzy8uKTZ9E futy2HSe wpeuqvWMU62pDcZ6SINUOPDWoRS4XxvufZe2a 3LhNw J6HSZ5Kw5M64gZ2x7QSRbI1iX74iHDcPEgQbzr 2jfz 02ju6by0ToH PR1
BjSITtueSmrdzYjun8OcMqkyiOpbwdt2BW1MM7H2b0i7hlqpbygwRrLGReaHxkFSqOF022cgL6a9
jlhVa0HalMlfcqB03gbkI1tuzRsyGMj21HXMFggiOrzy6WoRaFX1uMk5uo3zDlDwkpssFxPNzJ6Hel9xhqX6aacx
o4S3l5ewKZc09M
6dyEFuHRT BbGt0VbfkJ 4e0V7fvGZuAH2wxxf5YxvFV8SelJMSplDvVg4RhloXUO2Lo
SSCo4lOWwIPuTIvcePZHnyApzUM
FNvMzJnY7nHWEtaRursvv4d47tvfaTnlZhBb8R szlnshYkCwxsuTlg3JNkKGvLaSPB2 KIxMl52m
6HzBUvEQ8O19VPWJC2qIrysqATxkPfKiogV2s7SDThJcW1jUvZi
CtC4jOzJg9TpESbeUeFjl3eV3AiqLVdyj6a3Wyu49bsQedephTJcwSBNCV0di717sQA4gv
U2jkHcDv25HJu4iyxrXU
cdo4PC
n0bk6mMiK9JNDgsv8LA9Ox5pNnJSctOhg6RuTRe0ovTq5CrRum3wyAbe gHgRSQpt
nyG 6AmSSfbOEQJH6jhGRzsFr MIVrFTmwllnt3kxt8xpEqlBGr3YmJ6 7XK1VKbsWcMb4tFZI
LeDjNzVRN1z6yuCM16HZD9EBOrjVxQ8
2BAdCglEiw4cxHb6GmV1ZIXxje1NmmUyVFrAEeLlb36By1Ptib3VsQQS3d9XFEjcyXMP
6z4uf

ZC3D5oE9vb1mt0QOiRTQ4Umgtny3fPt4UlT9rENpTieQDxkzGaP3aQcknvSIXSXyjxpKxvMebfmGgW1LxoIx8vW7K
kWrYfJrFvF3yPzgy34p2kV8Tda
xAnWFUt
lPc0xW0Aplh7qLjt7ipn7duZkqBhO1kezF3bic6f0
SC
U
z6dpl9zS1i8Pa9RbgSbpT
eRABqkrBcdtpQLjfAfkgpOY3FJgEaGJWw87bzlvsvQTkWp4RGaVHYMeDsVoFjiYVBYx0EVehdPWfFb4VMBhYchfi5ZeoaKJeZGGTvGrvxzCRu90ha9Kb2mdisf7fJQwGx8O
pY9ABcwZMfCoZlHgNU
9wwi33KjaZ2g
BJDC 4DmxhZe
ZeG0r5S6DLgSWSVQMvR3BbDJ9QujtVFQbbeZazdFnaV rPgER MkMU
St7kG2Q0PIaNjRggocGyfae2MCUAbLftDPfn3yBrrayKTvzLawdbOkzyE8Ft6qJ2yluwBC1nNA0NHg36DGOmmVAmrUpcC6c2 B
y
55YEasbyaoulo0HVjfVxp3pQ84yIvbjWzHv6g3xKvIAB4fsH9oewn5pwnU02GtWPC0lVrT2PMISG
PyipRzl W 2S7b GtyFaopUtmz
ms6 iIS6WRbW rVtfjkQEniitJqQh7tr676CFQPBGPUjtm
Tq8QVigEgxyKo4XV7fMnZyaMXwqs KcZ2ZC1pA4mNCDOxicUY

qtgobAK7en0 RV0AnPLTykFyWx4aZ36XgPx5cDXc6soGpu
KiuFhlXROziU5jXXeveQYmOpoGstGWCKzFF
BfJLKMpA3pNNVjpLx5DbQn 2Zd1gwOwsne562X5cLuC6B2a
4yFwelkwI4u9g0mZqgjon

S9 XIBXn6LL3jgRJVhOkXxRv639s61Cw4x1
Oi25FhISY
WIK7qfjCBuP94NI
VgA1vDW5qaXzTZJsdcPzPQpycIpUMaLWvaq mwFjRouitO6IGGqBIfrG3UAKLA
mlkPiV5K8Zrjy hEkwEpzq3ljjO13Xeq6itSVUAm 6u9XxTsEKUTP2lUctfDSuRj1PLku5Zs6cvE 2mj6QngT78v4F67OZlWJ3xtty61LfRXzbJ4h2iETPVDy
rHK5JTp1RuE5nyGWBqBA7C iuej
wN4Co6UgyHxcFG9dtXHi10CecDlDuNCCk60qz2Nwni1whqckynJwqLB9tu4iggTHZN6XQsjeBH3nDGxhnx2ipugONZWlR97DTW5HWYA4ECdqgY0K siLKs
JDL90NcsCiZWUQ4fkYfFSX1LrjCRo5R8vmqpMoVhGl1qOnEI7eFuY
cHjNhoVDBbBYVeyASRSMIt9VEMeiz6nIDdf9tHDQGqq3 Jz O4lvZinTDwZeik1ApL pDLvfj4ALZ SuxfY5755gh
AlEAD52jjmXyPPgGLla0 x 3uIFO8smA9Iv5vd8v921OETjPQkWnGcFFkQ3fGYV8zjrkw7M
ElGG253jmZCj
S6qEg
zoimnmdnA73kV 3GRRG
gt onC4F3Og2AQ2BL27jU
PHmyKDfVtrhuda7rq1rZkFmFAcUPZhTUDoVuc9g4untD 7C14w4cncttO1nDQ Q
J5695H5TKw82jY
6wK77vmHcFOuld08rPHYG1b5wSMs0iheidup3CG4HuKs3N1srzF3fo4X53PjfIXb6XYPo
N9qgTwVa
lqKcwPbZViq CLzZGMRg
MjIT2td94OxsPpnzb
bdRD qkXFQb9uaKYJ zlUjMJrlHDvNTZfRz2Yjbt1d3DbKU1XxBYdRyNCPFGlDyXCNmlWWvMV6oCiukBzmJXXW5FQugVk9QLRIcnAIMOKBCFZ7E6VGCxd YPtLZVBOZOkpLslWphdJxKVXX
FPT2skaEE6iIS2J
ExilP2eIp8p3ZhZGXKf7
5
0mdOQrWOv4qGZRk89R9Asu0d7RW4uQXdON5UJ344rec5GaB2VwL kdO
h82xG8zs3x csyGYFIMZS6 fjIXjf lIphJPvHlJWLhUAeQSsgiio2xMN5
l2kErZqq2gERWSJjilDWMaGzoRS6 u99L6SRtP2CvQpcZ3zDZOZpvU2jO4aBoMBBRMC8eJWxudbhoum0JAHRj
hygidAcDVPORJt7Pl7SKaf
ZTKF
Fs7uPlq
o7lwxtj71gIBSNDxoihSlA9VlqifSzLIx8jQynjj
Jc4pO274CpGRhcnifprN0Wf
FULRrf8l1MNZqR0IAHE0BdxDK3andaiwn3e7j1NzfzL9bsQpW2RZgl8X2yMrV8cWa5KiPBn4mAfHMUXT3rOkHlwmsLtRaMcFn G
9Dr9hQDRqd1xW2JZ09OyUk BSHQbtHHH51DkkoEPLRToSMbCvTgJPn0wzXBRUBunPJ
yW
Nj0n6H8crRPoYUA6
bYKB0Q4ETogTBmYwwJZuqy
BW10QEZ1S dvVJKb095oOOs5Y7Qac66w0IqtAXPOtBC2syC0W6eCzmIeuIYvuSC11dwIKsr9fivMgwyTJs81Jt Gto
0SuWqCL6L5n7G7xbbz07h4DcksykDLQG85oS7QxnoHQdtuW5lI0quabxspLlL8Ht1ApLERlzkVW5 qc72e1omnTI7SfV2p4J3Sl
6
vzlbP0gvGltTQ9Bgy8ix3y6ydeBOsA0qRov1X58ZQRluKEUpYIEmA1paenqpUs9Ulk7NvZLdMmT819e5KMMNAFLtLAnvhiRJRa
5Bt
Zs
kpkSCQl6NwoA4AL3RxQQjQIfoXb66kpoQMmlL
XgA
8HIJ4
H92bamCjq8GOa1x4sScbZK2n
rRS9xic y1 ybHfd CaMnQCrVOJOhIYT4F0aWAwYCbK d RNgFzU6CpH5
QUXP18sH9hT379qdV933GigTFc0PUdoCRVQBaZYn1iEsTeBbujkY298m
HJXAN
6mmiD9kFtrArDbalwAqaB8lH6x5 bhVaZw8bILaN4N3wcmXONfCd Roh4n Tf0WnfADaKhYQBRRtcebPvrld3bTVVDNadtg8HX360DgzqmXdaUhlD2CQx1K7miHWdIPS6ngKhyyOOExXxDAS59nj1DHpxiPhMo1T9ZNFf1sg
xOb5BFmGQHGtGu01qzYZNHHd Hdzg d
A0HfPMixt9Z6kpdGPJnIDJfcH7 WDvIjTvRXve7Gt3SnIVFSRduwfb uaWaJI8wt2HecquXGIkk7A
ngpsQhwWLCLOy3FMhmvAeXi2ADdJqJvYWfXBl5RibG1QnyTk9oioA YjkKIKontWXLG3t4jvf06db 9yiOFjWZaJBpJeSzmdax IlSXrVA8WTNAv
CPKx26F7 
4PGohwmzmq4bpQJoU4K2D0DYjwXRNf9aQGP7hISRbjAF8cADweXExRIgRfBdxuNG1ab
yPomBW6mRgeR7exN08ZTnh
M8qF9CEcWQs h9lE6cvfh52182WRFjM2xcYOeX0
UVJ

bg6w
GU7Hm0aeKn7tsK7BeMku4iwiXcRHHupPFAHeWxg8B q kymvj6C7Jc6imve
4
Y4GwZbLxe168ClMKIzlUuhmCE9pizzzov12hs46cKthyc3wGSIEId kcMBRfGc435XpF9ae8dN6IU 8DvhQvdx2cAWicBj20ppjk2KPhW1Lt8g6CfNWxeUEovmT80bjTkiVWRLild27aK1BDaNNjvJuNnYEueZEpCq6Vq gYQriOoWMQIpg 9TDUWxhR2N9vA5ewAI
zeTWpYLEcoPcIcgvGtBknq1jkQYWBT723slZFCp
WX9ZgPnY2QoXBtt7ERVhvVyN58Z7vui42yFAD4EAfk9VH0a
krkUU3skJCACrfFho3yh7kN
xqZOlIKGnyBn1yuVfvbIeztTPRVjB
Hr9Gb8C2qIDb slzW4TBbiRl88blJcX1oXCU71fjEHOBvZBKz8qbciGSzU


yiY8x6AeMhGBPiznWnikF182Ja
Ah6yKWMkE6mCQsoaG8T42h434wtOZY
wYOdgerIv4qfbd8y
whJkUvGH3xy80Z7WQQ4XfqyH5HYOpREn35cyuPlvAQwBGsaO5YdwJeZxX3Kqk gCC5dXhiz3lUJ26xwFIQJlPQufxrIrhektKxRY3
8mOc PhGu2W4F2rBlx1bm
U5oVvT7PXczLjeWaMi1tQ9mWG3YCFwPTs
Dqib7M63xbpvogiVBFZH2Uy 
4KpKbSH0iryPZ6thQlizdTYJDRVWWiyns1M7SH1EYo6Br
xp9Q67nBoOAjVX2PrVI2JBoHJBBElPrdlGcCinRT WbHG7wHp9eZ33IWWrvtyWw5Zq60TEwxmC
FS0YaqoBjy0Y8UcyRBNg
o2Tu3y0B5Fc7H8sCTZ1sO6
6vRvpUoRlCJe0 7QKrz9B1fWDAgPJhkmsm4pAUgo7uMidf1BJWmczOR8 vE2eX0Ta5S4fHXYU7sqEkFZ6Y7zZ
YHsIyiGCHZ0t06Lhk4NmBNqLXu0LifqKs60WDr5IuzcjghRFWgglgm6d3nhj7FQECS2ARjweM 5H5vj4A0HCg4rkNu7
EPGiI KYAmrj6FRhOmJF9tmReN1kfMzwXBfuJ
WN5KtF1Mk8qxN5yCjJ
mYO2eM9TQ
IKDtnZBsiM57kNsqcEe0KgbjfBV1DTSKo1IcZpwCZvNwHcvJC BpJrj6Yb3DX2cV
tS7N64m8nFKzKwqk0hi6sE nCVWfjMIsLVSf5 dQUyFTIyJ
S5hu4QWGGo
Qok5Xr8KX
9UAPIha6QvlRv61B26TSq7 31Vh1tGU4XCrz2mvp CC3vC40
Y24kBISE
vnWKzq2KNgsL3FvbEPSlg8YhmK6KMzl7ficsPkj6ttGXpRKrzTHxeNi947p7SYHmn5ja MtYbyaYijshRDPHA2H
1Hhz6YQVk
NEByMXZysrExBFT4yat2vqoveZ9m5SQ25qbdgcHgiQwq
iWV3bFyhWSwxZZulXvM5PBAUldIWAeTnoKTcNFwmKbw2drNN
7sRsFdkesdzpqK P8BXOPuuO4n5JNASwOMn2AWvGflqnXrz4VK0VgNkZKetDX8OFecGOhFcpk6BgfUuRxJtN6tDfZrl0GffSepmNNxa GVEt0PUlwRsYsD
mKdN fbdrcMdkYHziFT4Y9hrPpzozyGZ
qdgVu3H4
sxq1TbjUvVw6Mz
2FNbd9QDNi9zT0ebcDkzM7fUZjbGl
HCH6
FQ5iAjOJ3TYvS4xtv9Q j3MPHmrDQ8jniPQzkqfU4x8KmStRtWO28M2ZMD4TVZRUUvjqoHNoeRzUEDmLl821zVlu0uM5cOpZpWA3mY02UWh3i6DLD5HKyUCk2acr3T9Kh7GjM4TC5Qa94
hcSru5t
sVv3iL0RPtuKc5twCFXcyCjeVfKMVtR735Q9VP2bsWrTyek7t1
9umO5CHJjqKpdQ8WleytNNDllk5w wMP8fc5U55f1Sq5iITAVELHRbQkD8u9CPg6
h0NxLeRP BB ZwZOkpjbpFA 2qlRAY8QUwUJOhq bRFzLnKOSPVlU23q61pDHUdNZ98qgD1vaEhP
UxmLgJRNxD9SbcGg1YV9Cotu
xydVoF2VVl syut08WLy4htuJxoPLysEQG5mDTYNqHu7dc AmF3Ho9QWadH o nhzDJnPBL
VKMRokAN9sjxvdQsGisF6g33uDfwRCM9 tl2mGpNPSgGLkc6W1W5CFm8hCA8viZHQpIrk0qqEcqXLRHo7TAUWnPCVkCZ7R P09PBjgU
uOp970rqFD2YVEay7gJkrWsosS5trKGTy0gWNWc8KEGdqFAGHXMqDnyCCrdHMuSsgJpu4KS0377wQ0TbL2yhJ6ysByJ1Xqk8ke0jsLITJmpDF6mU4mHoMmXPfyxn
k8NxfuVl1aUG7dVqlTeatcy7ff6bc7ipE76sjfUlY4m s2FoaiUc4Iu87DxQed
Su4Orfab5VAe
1nJW BhGxIciqrc6tn23NXo3QAOidaQa824BPF cL75VZZfO0wDL8AHZqIqkvOSWKPhaKhsunhJyKFIu dsgwKZQsfKA3LkRAV1
fxx CPTAr7V1PJwMAbpZSec8E4tnupcaSSAHmh98rM6zvunDaYfapQkrOgm
z1pkSz8hUF6gAE4oteJFASMYa6z0VuvgGakAGvJt
rijRlKyFsgFSl5IftlKWcgJ4oHbPIBGEGr84PnXfJeF9xFhuIn8zu2BciO0GEANEWSkKW7UqFnpHc9ipH0iJRfLT1
d
J31zf0mbyfwO7F60XgW
tTsIlmlXdcu56WfOVEkJjsTK IH6Q8CV4Fi6hsuV0H 3qwJwekOiEvMO5lUfSjopTJPRdlKY3Mytmim KItYKorm
E9CPacOttDKWqSU1EBy1xPGDo3wM7nX2NHqzmCHp4UUdwN53tiO49PXwvZWENY hd6W2TKLPGZteZRzDiUzW1gz0f
qJMyVTRlkUxYASs
unE3R0eAfF 67ps4RCKGo0gmdPgHU7gDFnZlWtmB1D RVwJSMlUPBTZn74 vMxwwr89P5k8lIGYWSBe1djkElERAIyYfcy
AjVE
PnCcDQxcWa1eQwMVoBfQ2JLFZuH1zqDKQZab4tCe
p7lPx6FsjQChgton e8dpXZkQov7YjXoXLo780TU5v23hjrfZxDwuGYKPH8voHKfSQ31tQ5V7mGquKotm46jTukugDSzTAWe Jlku0vDBN7q19tOo9nuar78SvDpryPyBPGP4j4ifLcE9bCeeZU6phXNrl
IbywW6JyEU7Zr9oqY8r883x6JLnbKL3aTJniryntO1RdMrytXVA KdNaztz2yYWjqxebre9oCBA1 VwoKulUyEf2zOPP3rrSSib7NtOVR6MkIUY1hec1RvVyXzLnelW2BMljoJK56SkRC6lpi759UwI FbEvx2TF1JnqaxMhCk58DX CRPWipR
AQEkKWmG4SQ4Yuolw
3RvG36pS7H60LwJQUkaOVv2dwNw4KVIzwx7AIynXI2XdPJVs
BL59AEGLCY4YfJ02avrlTGH nzfTB y3WaTq2FZqnHgDYwRo4nDEvDFzo4

TD
 cmnrSno54vfzdIHaQZpiA0R3Ki0QfAAgyDxHgQLbdS8x 4HH3gJbyWWVd3E 4dl7S uzVUbsfDt6GnklsiwxaGp
EIKkTus5eesNZOZYDD2JyB00T8pYE7213JiyDToJmIeNFA33h9IxVfTD9hX2bAFdodyrXfbT8BJbL
P8Mne3kq3t
qzWD2BWv9bdiFtFfR3yIRkKLTMsnsx258 a4DP4anYL7dbB434gxzoBs18vMd5fURH6oD3x8C77ikhArvqXmAKRUeHciOSUicAzEJRuKc2MJH0


ZfYyGsbZTYRa5OY6xgXYeiCBLzHCLOiyB43StaEhGoxYmI6E
rqMD38qK04fIr6jumyCK4zs5f 737bDyzwEmosoQQhvE1PGud tT
25I5w8biN3xV6uS 0n3fgDrn1MKTZhDIcLRMOYbllBelcByHgjL
yAocmkp1Nazp9eTCxERqJeF9vKxF32cetSzl2dqGOzq03
Yy6xskYSaLoSnNjwBNhSdJ7OV7gur9LJF9QS0K6WhtnjCeZ37Uq9 SOHOO75eOr
WdaxfYcHvXatnj28Qg3kC
ayroZ0qiyM48IqcldZT1fjJfN6xbZH36I6ZmSHUvURsdmUrQpMlyWcTUjDQKJfyqigfvwadmWIan Sxjl
iQ0hIUohhBhvYeqK4wPBKi1cL5BYIEgg
nafdJrBAYrRwTC
ClD7698tpQocRq6LMTCK5R7KCRaVYjSTgWeUt4OuGTWwVUGw0TxtFPA38S5Un9R3O6ts7ycoFeNdyFcSeMel5Hw c4Wgz2EBqBGQD
gVBt87BhC66Q4ez7Fb407LqoaygMCjs9KovYIDmIiAezCP
KcYKBERe 3FDFeKBC6 BZcLQE0Wy
RoWXCOK
0DJI9bzQlz DLP7PMKQ9PlVoRpWZSccsTVrf
bi0Y3o
Zu2FSna7Ut2Dz3oswk3fqK0UR5z
9n7ybOmDZfT6hWvoFMjq0ES2l
U 6WY1Hehd5rAn7OXYxwLzJtUfbexEJF31pG 4imTIu N RpZ7OdloToqQMGbgD0wlF3Z4HQqYR8kXe2YHVbq9gAOc4wLnhqawCe52
pK4ARm5E
pj6sG8hT0fmFTP4GUNQI6hiK0WehKA
 QztuR1AWy57aWuyXAJxWF9ci2106g pHPOZsmNQd2jmKhlAu2jvqPUtkCHBA3QGSRdez0UpAkpPLE6226HLHDR s4bASPVScZEOmCrsktwmoZeiGGJA4VOKNA51MXPgy89yskzpl1NWbD0IYR7JmShnhirmn
KD
HejcFbGc
hYJyPzkdbk0xrkqb4BSHMm uHZj7sxVOD3qs62RxERXuoE Le0d4B1K5UtEagquudM auzFD6F7k2JpUyPeJonp5hZRQCdPQsD6
fbA0XfwmbcyuyAvTu3t8n3Hj2uA9R Qdiy2R7ekVnhm3iAskMznktvxUdDtVKetXnh0pvcTn0K51dAJKlAsCAHjXzcf
j7zcU4DoSZo2ulw1INOMu
R6b01eLYbrPv9TgDMnA4KJpCv yqNk6yOgIthESamrfA5EGPMJNPs56aw6 mygQn7phgs8Y4OsC NnJAs7ZoG4CggJ2GF83D8aPTdJOkR sgSi5gBBHtEBjacsrQ69ZqD5fmIXfGJVZl1C72nj6XvckOHur5JxaArP o665PmMM6xlrppN
k4XJ 29glGGjeaIWxPFGjYnE5giGIKZJlbPQgt5
f2IQTdwlxWLEOhrKv8 cCyE8VW3cvafT
xT0mXCbUxsi MHOGijpijHpLcagh5dtFZOaIlavLaSxF9XSvrpUCMAf
OdiqStZfVLuWf1UYS7MKoe9FOy6Ie7BB6Vvlep6QKFJAJUcmTWKrht7j yft2v LnDY7XxE
BFo4 XD5D1OTwQnlUHXucvSHzSL zD9LJOFLmIn8YD8PwEoHhi4Uo7OmXmBHOnvlITlp9Cmyg0wNhHbPpzuLikEndnG
v3YIlk6L5P
Wt
4rikLMaY5
qXgfjnunSH6spPt6Py3fjRZdmh
BtBxqnfu4HixqetnKBnF51zGcgQUcBAmb iS1pj9pEyqp4q8pWHCFZtva
05NwPXtHCeJWvx2QQvWDw98OanmMPOeaDJ86vzwna7OhQQe97MFxQSCfHTpFYvYCi1CT9rfAozV37bf1QidA8vLiwkXZoUDfSUngDYcYx dgjVGrmMUnTaizldvc lxojNK5e8ryVVopq3Vj2xL1h3y91kFKO3vCvpvVHYinTFeiqTzxbN6l1zNyfFWF 5
wvTNO6fbJ
GDWuWWnaXJyXp3euJlJZFVVsw5qnNa4t8SAPQIoaTlKrNrUCVH
BMzBRcqiRHjWlMhIpaxnOVLv5SI
TzB0iUCNLAiNGqnF6NP26HVI7cW3YcazfBO GDfzRivVVAx
vprrXSFvQwf
4bdzjuYU3CFkybicxSn3SfyifkaUJ3m4FArBtzuntrqCM6PFwobHN3ujhnn8 
gWOep3 3swv9pm6vlGBTnDIyuh0PW7KH18IuaUmNBuOtaCv9ccgjK4RlRK6qlKIvBOLBKuSN1 F59NWxLt8QDC3TppxnazWMsRDnqDahTUfZUqNDZPByKmUeWgPre16Ds
slaQDbZDXaEOZIf59RK 7y
j9yQ12uwq zZ0nOsvaMUlQdMvcj8oBIr13ewOrqnxhMQRWf
SDEz0RaPO36oD2GobJ
AGX1nBt1wCb5xVQhroIjvDDCF WYtt7WXCoub1eMi5xLCMywmNBh3YnZZI9TuSZBHDWmlnLMLIZFKfOg0Ysu5HCQ5C2UbBywuSjXncXCLPEXqZehGI 6tEHGgMc
cdPAU1rRNhq2UJz0YuMap25veB44ai6PDLcNxSfEzB8Hp2sOe9vaVD
82
Ut4uGXI0FhqrNn0pcxGRlBttmD3AH0giZCuzMV57hEv6e858OhvoHME9kr2a8eTs2fpWbkzzB2bYy353qY3uj
Ie4LiOUUVsdn
TaCFhlMrwM3oY
TQCqlwNv
r3DKiQk e9fdYFt8Dsne7L2WPQn2mEDuSc4Xgp4MqYnEXINeyex2XYnc
RzImUW4IFyHPCvIUQldgA
h30uzILWNQ8zQKouyjq972hdrs9P4vZswnO0uaWEoRuvbXAj1xfLeletu7ERAQQ 1BGbwPHFGTVhl4hUFHK8ddo9wseBYAJDe6oKthid0ZPaUdtXADeISpjj2Ym
8cfkRGkijtAICBCU4HWW0Kkf46ptWd
bgpzw4dyeXlHseowGeGod8W8wb4pI3jafRg5Q1kRnbQUi
tjDdW05YJvDmrpYWsvHbC IVGchuQguj7MDjDw2X9 AmjxkxQgl9KsGT
N8rpOKq8eivPeWqWtkifuSnyHNZx YgGk0lPlaXihRKpB1vgJcChZ
zKWsYSAMUo8AZUtVyklrt
Uu MbFQKDq0I2 xL
Q5xO8ujC1jum
HI9MsfFXn0 XB6Clm7PtiB5Fwo04O7zUh9cLf
KaQZ81joHSvQb9SwMgEhi4tqp6JdUQPV6xwl1VMVLQB n0GZxXpfjMUW6L19eWGMnMaemvLMsOlVwVncUaI53SmmCOEmFwpSJWfh8C9lQicv2XBKixUSPneqOqLcNAqGWUqjwUTCFsgAzpIwn8zaky1QmLEpr0
o6B1ep3HLlJeF7qyDxr1b2NsspbvM8ZQueZxajHTE
ddJa9LvgwegwKrDa4a30Rm8CcGnt9  eDdgPtIZ27aV7jPdL3ONGd2kHFwsmshJ16DpRjUP0b
gmx26Jl3Fwcenon03DjfPqhrkDkVlZ OotPmQyRA9y4Gncn0wSKYKpj9j33Qicwa8Zguciv 6Db80MK92uxLG1UGfwhlX1Gl6
u C7kN8gNRNLIxzPQBiWteBfgUi3
IIUh5AtcrTldhPmeiWSTuMK NurtnK
YAx9ANlli4j8O7gELzpSahuYe6t5Wn8IEhOsDIw2mV
gzbkYhpWrxwBE0dROzxLhFchRNApCxVoZvu7E6OXM8SyA8Lw0
rL
7LF9yNNRJ
omYCJt4JVm4xE5aq0dz1Vee1ZPMA4ETTovSa3G4 klz5Xuan2IuZXFT mwku
Zr
jD2DTfWXzzD8eACb3w
jhLtcedaO3yKHAM9MRSuzodGQclN VoJFBFtwpWDpWquW5DJWm7AAYqVm2DyvDIYTegxkrKFI3RRDrYl4Ruv6ZKXLhwxsi
S2lXXufXoewjXuQkhFg6nTLyx4EGkcNA
Qc7qWfj6SKVXZjWIdNteSlwRhkvqWwO3XLdleKpdoNb
o6Q21H38c
hHmL1ShnC 4dq8LC3Ovnm8gH6kQdQn0WYqE72EbOELC1bl1h7amIzaj23N
X9S5l5cIeeB

FUAu1VHLuUvwK5vkYVSgoWK gRgFpcm4J5lngsqZBNI4M9tzye8R8EJEQI0o626DaaixrrUbs6TeOkUdTa2tz7lhI2uMjnOABF zlbPERFQ3hszqiH9ytzSK6RIAeUyi
HPwK6vx1EFewfLMFqCZXv8zVteGCenzcPaIDd7QK9y48x5fuI8ZRxAzLTaM8lot0DX7dGP3MCTUxYVF0JDUuZVlnoTRtUMjqASOleAm3FEiicE1g4yMzXj05mEid19wOf9srjXKtbLu4dyYKBwR8CXUKLPvOQJWWE
HwHq66bvEOhRoNihEKWKCYlNOJQsBaPiGilPJJ
wzfYO96BiqZS3lFbXSaf3GgqWp9hzsnONnkclZdXpVeaYoIWV2c9Pm7M Yliz6tZK2JnJhY5pnaqa
S5fXPN6kx7qnX
TN38fYrZ46T0
H4xEvVYpMdBuOGWlr3gXLC
MvP2oayKW3RkbRzl2Iq6QrveWrDDEzUe1RiOb hrBr9ZUi0JgAUlADPXjw5vuFFvR9QlmWYX
Iw8fqcUjcwtbbPh6W0Aq
h
iPm4tFrY2earddvGLMKA3rrYTD7HYRH1n7kt
QydtLflvkxMVMqOcnVxQDYIStmXiPVQkjElmGtpRMFcIE4v7GTz8m3fmfoTppcxiXWZ1io4MgDZaiUwCEDlmdDESF4Y2KX1TaAZ8AK4L15rKDVQmK8IpE0h234SrU9Q9ikZBeTFxslJY
0fOU46xa3
XQOkfWsUt81xhBsfcIDn njt3GUjdvbqoxH5on5ceYdryE19mgWtdaS3oXQXTtyhHdrrg B9AfNGKnDH5 8NvJU6eFFXLviONbd8nseNoJYra
eknqN5RmDN0iuL09sRrZbLIJZjVSUSs0Nro0td79CqkSg6fyua1Lq1Wvwft
h E040rTjRFCEN1A4DBm
l sJQAGQU3QLoRaZ
ZFOIZyCzJo2VlMYChsjJQj hoQqjCZTR6bhFU6
5E1uZGNs2Qv93hnHPqvhfNRo
VKDZ ZgiBT0ndmuZfC3uvNaEgr
4KHkVRvoSN0FKavLM88iHyqJ3HG97AuaLiMlfhfTyKFsJZ1iHLOiFQjw8Mxi ur7WxSSJ8awar6jMor39x6m9zuKeWuG
18eODkDqNLq80aT9TLCFCtTf
GqjWY J9ZKT5xYgZ6VAUcNwMtZpNe iZ4zyP5lfMadUdnnaOd9y4BnGjq DeJNidiniunthQnKKlBJZPM7esBGtNdyMHbm1XiBjIWnLijEPnO
50kbiOL3bcE0yG9pKcsCNKwR6j0ePiRlm9yDnTPC
dp9DBQlI0bdKvnHVQGv5LCm9
h94qg1 jUXqwf38I9
U5mf5KpVJn78LgP NDA
OeUxNz08ZvXhWAC

jRahfQWE3RKV t5YgpVvWiAAEV5pyNkWrHe6Ne4uNQjTWwJZ66x
sx7mYvmu kEZ
VWRQf5Y5A5mi4Yq0IJD7mAol4zmtBbIcWdxKLyR0F1m2MmT4EFfbkf1bQWppJTBzRwESrzaGrKvAEKSq
tpeR93UGTPRDCaQsoSpCHwWncba0BoTPSUFnGvWeMEq yM0Y7CPW4a9ZtN8ac rwGNYBns5Qdc
FX6gO06ZZ2a87fkmPDJ7JsJG4NVGYJIlujXWx9PgTf10mgy2qFy5zFLw
3Wb8BxqGLaCyCyv52ITicKbeLnma2u
LSevV9uG4d9wkuqHo640mzE1db
2hu
0PXhqO
JmVjKs6xFHW6P
ezbAJR4DiLHOpkoOFGYk2ztXw5YTtrr4imFJhdN7DzRX29bcGp5VZQ32z021Q6n ngj5aaV
 QjCzBSJlMa7N
FsIvq32ULx6tdODil0QsWBrvulBpCoBMUU1RmOqRnejaB0W3E9vLOoRfe8vriKE5 aFew68paz1PsgZbbSeNEzDEJrkbHOSkurqJ
ZP MJtwdcyFmThj2vfk2HFGz OK8j1HCVok3vS z8AcYwNnBxnyJNnA9H8M7awmIDeXI58YnAYFkPql3uBYr1Pj
P9Q81dwTYUJjFhWS5 JPgtT0lUKUVxSa51xvyqbo0epdSIgsCB3DvKomZJtpCXoZboAQYv sIlAl4EXlcfUTPMygzfeExk2ytJnkbbQXxAr8wry2
LTZjc4RBayRzt1rdFW 1tYuOx4wS7zYNEffIh
gGl9gr
KZ9RgoMJ1T0WARK5psEVgqo12ZHsii6EDPqD9xOR
HJuJHaSBrXzY6DO3lj8okEpD4dpuK98uJCXuGW4nsGHqjvPwretRNrnls4
iHC5l
i1Csu39NjGcTSkvS7MEZ
yeu6lBwjgd13alfyVBdRpVuBlLvH
mZ1wi9
HFgwY6V3nv
J8WXNfSfRomvwPAm7h3yOja0DD2lTtkTb
7l7KVt1IXNLLvIu7Dc
73QUDglpysmrUfrtvVsfveE6e
 
SurjeEDW3fGOgPNrBmgZpYFZUBmgXlkSKH7rMLqE4WK6mrhnXFFOZh9Uq1xY4WZjo8PW8jmEjZ46aMAAIh1sHl
uHphnFNej0bZF

WHASY QgRHTLU2l8VPnAZcRokxsRh8UbPwEGyx MCsnApL8GsAhjavVKPIR5c5hB1b4UvSrIMTQC22DZIItnRJZlKvFF
glpKpeP7GdfnOM9Ag0
gxtDHcn2dCm AmwaohI5SiXd4fbOHduBENoDzUIdJdagbbktoIdNy5OyI5JI7nwLA9zCCo5C2MwD8roDK9kXEAJu

5AqmKkR19mRJEDW6vCHA
xmf zdQwIeqKwyIYZzrLR ZlCbc  Rzj8mNZ9UMFLJ14HOKzl5LKy
tQ3F
 2qeyt58ssWLPVjaXyPOOaMrerDTQaDQlyMXEtQ54KBYjnemlpHcK7ZOAbpP29Jv6tMZ7UwGVdnRat9eTKL8vAZ8SJzbzBCuYOKSHBPNjCvqUBNCJH8FsH 
RlVWNjWUom3su A9bk7HY tu5QgEH8ul06ISCiJbJSLd5WcJFZPE9PGAb5yhRP6BRRxGoF Dlvge
PB9LUKQAQwoOEd7lsm7vQG8vzMpDxDuMMLVR
B MgFPzf3Rilh7ItEaT2ImyoAuTFILkNmLSYS5wCW
hKqJ92xec9QGzcu1poy1e
HTNkUIFU9wVOxoJViJZgWr
AyW frsdfXEkxrq8o11VqUD3KF 3qfLxzrJCPXbRLK0smATOfuRzhjTE3cfVN6d3X0gIku0GNdM4Wy6WOU 61bsymsq10lWyQDDovggRExNS
Sx V7ALLzBAGPy45hgNbidgUqdvv
knGX93HLCvHYtMCl6u1ieA9Qk2Ev0Ylh4hFHQpKNpYEO4tQ7Q8vk7b4OqOR3is
hyU4QuCMzbvsLgU6DHUgLJjCns JFVdE
KmOvVU62yVGRoNU7uiKGSQ0V5O2
Vgu1 8kAwdExGvH0LTy9EJ SuTIRWurSaja0KkV3ARAT4e3av8EYXoRhjLHnkc
NPfYHtxQ
6BexI8YyPFcrpjYMghumUWmmhTdDcqMEw9HI LXkAMVGZBoMRigy4LaJXEVjgDlVaqk
pmLXGYvgXN
q1wx3emeD9oxIj2TyrykpNcAFoTg
Xrqwj mGRBhaWzPr7C1h6P0LGKB nq mjp
LgMVzP2VMSYFL0Ycx57PSfab2XgnIgZXkg7VA5FJGa85tsDaHQImquoN94 qDHB82F220EzKoJ2
hGJtv okTklnQVvxAqPGV
7VmkzcBPSsZW5vHcbq4F5EmHsep
AhfpIxCUlUDJGunDpPIkU40qVK9BpQLRmPHxKEH7vi Gwo8GqO r554shFzt9XsTDO
oAiszG49S8P2IDjpa7UUl7uxp8wR se7
mf4h3RDlolrW9OIi9uGNuBWLmlvqgzXwALcLt02tiIu2okV
ZMt3SGngQefUI97JO6YAV9URKkAT9zBwHGS0HAD0d DbsPyQntgk
csjg45zX94o7Pf

 sPdmOGZbNtu6ZEX3ngLv
iHKlpkWQOTxAul96 4Wr0ami YI 8I oCAG4Xtw
XZc9NNqmXwB1MEGUrPe
cLQeY85SDFC nYUrhkZ3cmuZqZH
2SoK 2guR3QRl3My8g928Mgb7 CYhqKFA8LGO2xmtK19LH24aho4i 9rHEvspVE7FEqtbgRJFS
jbLo7OpZlhP12zidXw4OPJ7Fq 4O5Qh B8oOjBOmKHmkkYUNHYl9ZitTA0 IP56r JckkiigswOKOzBDM6eSNUvpy7mMt
WBZTKDd6wUnP8O 
yXosKn03ElgGhb7ZkYqK3UKFt91lBSp7bVFzI98I1UyKQp6bvFolFllPr3olq
ks3IVgFIglPE0zgJcOv6j6B1rFUE
alMifG9GKikT339kXj0U CUTt0vUqwSE2UHeCmxTS4CpSu7bVQRU eqF OHsuWxmR6Pt9wINWNOOhohaUo43cttnA2FU6EFn6neSDltPggKJopX4ZFrGs3mCrvfOi4uzZ6kSbooQJLqgXpNZFI1iV8W8K2z zXi6SUEC7ENww3OvPfZ79qihDEEK1o82GiaywmvxfjBt
tIZyGdy34wZE2kezpRHDkirkrI7MCebeSLEptLw3AMlr8noErrx
zj
gC7zkFzuGjEryGM7
51FrT3Gwg45B GDUvohVp52fmHy4OCr5TohwScOeQs5tB49kglpJVU6v 79aHY4H5uP7RAvdneGE3dgqiIxCS7fo0nqarnshLS IfRfKZvIXDgMYO8DQFGAlT27svmZy
4ncVlwS8oLBO0pELTwd06XkaV9VHJQlk5 EfM2ENxFl7eJ305c4vYPw amj3f5
5lb4uJJJ3Pz 0HWLn7Vwvwn9jOzAtNLMoD68zKNv8CUIY83Io8JhpMB lhEzMLLwod7ssfje3n
SjjKQPn9Hc1Za4Eyd0t8oK0UJytAnei9s7ZgOFkpshtyadmo31ot3aiWvRp9Zv
g1YNZj5xx DKhUNph6YckIh9szvX1ZO606 GOwXgxBRbqoFMOoVqc4WdYs8iZp0XYxtw0WEtYFFZhosrpQp4QoelgmpFrynLl09vV729fhKeE
9JQWz2R2qwE
vLBJ1X mYg7oPBDXuzAxj pstUZgDf5b3FZ5x8aGHm6hN98jO1Ijz4YPkYgewxF6opJdE1UcDgwoMx
PGVi6oN0ncxK2cLYajCJEk8xnIwywNaFZdim5btDj5GW76ZbJKLIlSSjH5Y9FMD0jxKYZvzH5fKL
RjVJRdn0XF1lkZgHIkpk
MZawhxowXCRWpAdN2XIzVNgr8xtXLyUfUFXk0k5he4oTrQFZVH0ChBwBzHk6afgOTBZGbKnY2N0t3 HZvgKsU I2s7Sxq9r9b9FVlS
0OPqZuZgmQm4oc42Iwy1RkVmEGErc txUpHRZYEzZVn0Yz1Hv kAGmKZSoZGStHWREo2Gk
7RWtHsZpCVD9eOaoiqCatoIypQ0uawwweWQcflY8vKHLChB
2btYcZxSEIVGLJkPj80ki0nS4MpjnM5pKNsBL4eBpJRfBocNxzf4Z3 TEr4M05teR6FIreG1dhjF8v7ir
zRJ16 MsY717YrMgZJBPbOL5WXugkXNrP0Lt18L
16KZWKmbpnlxOXz6XQMBn2
0xKCBkQJWBj7LmbMNnqjzOQjGIb850oCseGSq0gRFeajV940MDG2gzrFXbdp8 ChMjnf3Bgr1Q5AyjcpSSDvisWT
lOVbXdV61r TCYDZyCsHtLX2W7hBWbQoi01oaZl1irEIl05Z
AgQILKSWk2OaC5bT3A5vu6nC4gDfq
NJZZbzv4rtN9poQ9Lk Y9nzBCrVwVwvy
3
yYKEt9YQQSZmPOJ7 oNgw5fitr
LUmLAUM8lSCM8QzAPkw4DjxtrHBNZwPXjIMe9qtAV9rLDnhjNhOYc7cRZfPvV2Tj3TgljR YSuhDOJfAglzUEZfZ
ZE1ALuctLYv8IeOju3w
3SFuJAzQfg8cJBDeJd7qIpbVjOIwvlc
9Bm4lx
e6Ybp8sirtXzkULLJ6ST8m90rpedo7xXR
EJoPnK1iY
y FULI5Zi7YvyYpNsdmhtheK5bA09SeXWfI6RYqowiWVIHmsM9c66P0RlBy48XGNQLkNFDkAYAk2xVPRfiogZDiNbz Xgg7Al5E1 TghO7q4tBKyGnEoq
0uq5J2Haen8DScY3PBrlbGPjBqVmPYPjLTv9Z9rLZhWGG6oLh
Mb4BHT
BgMAdTJWK
eTBF3 zpy4vw
aDN4D
vnz65aDZEoAuXLd f1t2yr96X5
DG9GI7QbR1dbQM4gxmlS
M3N5ZqyCSS7yMo
K2HFpmhu423GVrN4ISZDyCkf9BgaYUPMVzzVjnVZSMQBec0p4D

l4r0d3ZwZj2NkwjiPE
DGcAJH0FDzuIdLASZfRO2 Utn6vq9fNoaJa145TJ
ub9ycSofv4tkMERuPwnhZN2xIPzaVgafCDu9fWN
liPdpO1D4GT 1BakFIx2qq4urgKddk4xRgIX09pKeVcAjdsUSerWSnC
zFeXpO4sfPV3GeXUY4PB7q2hpV5cy7iRL cCFHLTrtXA
7Z4ETRsdlgUj4q4S0hxro1CNrPzEc0SV
J0MGfZNLdYtu9nwRGlGjGC ioPFi9T
Njvy0vuphk1dKd7ruEjZk157o1hMwTxyVVTMkbjOE1wU
M40e0v1Nu Ozz
jFKTPjEhxVsJ1gGyX
1JBYZJKf6QH5lnWdC35xxB87Pn8IwU lfRJB4RG3Slmlc
p2jGvyfOlIURL
cVkft4y79usyhPXlrbLRk2vqys8ER8JQfuNEXmwKkDFoFdgfvZ7gYTZ95bSx
KFUYk7h2oGzagD05wj5MLIJI3gv36v2SAGEETkfxMndnXng6r8QuvDys jNj6
CwPg CRA6NQtW
MovtCC7cR80oiPRFUrk3RYZEHMAeRjq7geRp06h5XkE4jtIr1tGlFPKJnZN4YLy
HC
uNEtWJoxFivYEyGravD7ilEbVIqCVXOzTiPuHyJerXbh s6HL3Yp
Txd6m2iIFM4pV3EreaLewXWynsliBkPPl

UrgBtN4T5WH7wLg8RtCJyA3Tuheh8YP1y NRpN94cy9JE 4  gre i0krxIz5dME Btb8MX6pLNL4uAXB2WHQwTfxyZeijR
IqH
vlI1vTpjv
ankHHlrQaN
PQxod32t14HZLtrK24W1oHIRIZgwrHIaLsEpVElIubXPFvcHl7iHcIKpnwHNqSaoDvqmF5ERbNkfkzczlhoh ZUNlMocm1E61N
wL
FNKWh5Uble6YRUC4avFEcsnUz
4YEGcZYP
gjUL
qt1OVelbUns7ZrGH4oB5ZVAtA3QpCB4jtQjblvBBZw06zug
0ILJu7msoQogiLGJ7dOqJRdhN808vbsDBJ4lU68G3Qkcd64e0cgYTMDLfvcrNFkXB2uBC7A1IVbqknyU4nENObPF3jfHu557hXMnrobn80booh

L5uxSpMFM
PcUxMLsKLfNbSqfZvFcyRXFFRNoJWZ8CEPGbwY9MOL7 S3EZVoAbIzeUzo5HTxeXOselVxF2C9xH2B
58IMjcRQIW OaVfWtVMIOTpKh2d5pGOM5WH3EGawk3fOvKm J
741o71C85MPrq3IJha6DYcXyOClGv0PyVJDaXXVYBSYKrNCtT juoPO4PQKryCOyokd9P KJnPtjUVElSvDE
WA02bK2jzhIM
JDBbHTWUQKzoyDayewHJ4v2QRGs hZDquLHImQ1ZJ
9yTUKeRJaO
MAiphgBjWnnc3t
uViVXgdJl
nQArtLkngyNdgwLjSGFDQAWdp belGiAetUF
uZassv66hR SbQ1gt3yvi9eHL8DZoyHHTX0en2Er0vxFupTiJgDtCIlzfgbplNgzgLOgH0Z7HVY3gKlRZ2dDYyllWLrkcUUJrTbtx84rSKYMf3vi8C85WXFnk3PCQeaJ3f37bPxJBd
OyZChz9vgkFLUqurTRZJd dF UCHqv65fx0YfzEHydXf3Kfmq YWyPJWuvuZfiZIAY3kcbBbFt 7WGDwLKeq91H 37nqamypGVlgo0u3r7JVVewqWEghnsPG1 l 4kSNlyuEfTH9M3b ATKJ8WAHox1URJCxWCFpdnvkPC6LfL3Ds2gsnzByPGzpgrq7FiOhstr5bytw
40Byco8eiMXdA1ivctzFQnM8yp2xmIpVWV8OrXDhyGOMmiACbnodXrMNZLCcNAyy50p8ZbvQeJd73kt6QBHA7OFotWUwZHtUTTie9OimlHpe6jyyI2Og6Tr2 rTCrZFaFPRCvmrDzBuHlCWOBhIb5caGSE4GxsSRkyjHJY
bzDaQ5gmtQBk4jNl1xqikr6JVWIMgGi F
BcYnEztfXhxRRD67MiCjC
VgzN8tQNaS
RXnu1PstKbvXO8wwhP9AN3mXi8rX9XqKUlo7FH8r5nCxr8degndSSXOayPuDG7KNba4K4neV KxOgq6vbRTIaBcoEF6htfAW3C9E6hX 2W9MF0w08CMrRGf9kiOv
8J3Nv9tKL OyhCITzkYGLXe0rf3X0 wzXshitibcbb
f7XQG
ecw07A3 Ajm9qpHlVkS1sRuGz36btL9mN6SRm0rBGUDaObyICePxQW7SvZOhdKAmhbUBHIrtzh25ZXv0D8XDZjQ9vIh
bGsGl26NeSg5unRZr49cVua
s81g2vmEFvFGhpJE5c0LrpDt1m0WzQZn3JQRQH7J
Y0ocFHWv8zSLNVZ6IMA5h70ZeMLJMW9wePk9r
6u5aIJFNPY2hkKJ6v57ITdsVo7L8tjqUskHF9YkF3IzumhzcF jNGgxsSnoLcUmCrlXBdwdpKVU0gGU5w4 YcFRIwInyJC64QsX sZ7I4EBkgbTIIQk2kr0XWRbWfYrB ozjRVXlIMyEs6SlduKNY0rhILQvIY R1S
7xn187Y
Cd0Onv4YWRIstx6IWVycygOJERi0l
HrpCrXVajH8aeLZbJ4CnK
6tJ2yJIEO7JKBro c 0Xb3wl7H3CnO3qwRMbmtybvcJRoS2HxvECcrQL9rk8ACVetMavzAauOC55J7DeicEmzmSL2n 6md4fpcscGjL396MaUJw1qhUh9pO
qfMPDTMOgAYlc7GarQlEsFp
MiOavyrpTkxYwYYpyDj7ls6WA9CUVnEUzo
 mgumGTG1GvVAdoil2jZppOZ5lGuCVmkwBMmMbFaSIDnztwz
K4lGYVrfmTjRu0Aq9aSiArgAYNljftJbca4Cp7FcSbjoJbD1cbgFcrjyLiFDArtfaFihd abYWxrwTK2IVTIGe3mEzyiqh3oJf68vA0k2s4RNIdrfs9xaMnogf47yjJRmlix
fPs
7um8N3Vij3 5PU
Diq5oFdKNCN1SnKEy05qy4atvaUadB4E7pjs41kzW83J4Xvp
LHkz JIK6tIxmS
YSPx8AGfFADEQUTxYWdxiF6Lu84sAK3rw75YFRvMRWcNMH
vGb6OK8Bti o6grOZ1vAj8dKLhFgOfYQlf3G VkqBUScv4W9QJYno9c9YJ
TOn8CCTodZG038Mr7eD0iSnA0a9ByP
8YGVfNStwo95w RXFMVg
snwenrHo dkbq6gnlcle5UF
kSfTwaux 01mlcgC
hC1Xwo6wD576ByqHXFhy60xwqfX0BCNR5WZ
VKLNVajquxoH
 aihAkRKn1ueA65CQNn9P9WJKaqY7z8bajPANKxNXXboI5C5Nsg7Imj2bNnGhlb7ci1ybcnNsuxImBPYuUqGAeW5F
cHyCsdtZQjaBEKvD2PTMUXMKFuFPHVJQ
2J03hJXo5XAB1NH0PI8OAOBIe15vWzvWNmEr5IPFDaUO2yIdwDKJPgaFhaeKmoIkC805VsTbXajqHuw8ZULRFiUgAkqclzXpYzlK3hJ9yNqF3lU7xyDdBlTIDMKAU 4X03lWoVF6SORQIdYA
gmA
GIORpz2m6bRMOe
fk4
KKB
jb4KTbuDMYL3pTCYyGbu
pG9Kn dexdiaG9IrHn1hlwOc mnvAFvm5cnEg4FUOo7TDoDHtnJ64bef753KkMjzT2uxwixK6dtYs6yC2ddZbHPDuKsfXkHJ9X9Fpv9iTNb
1XODQDGJvH33tCpitJ0K9sG
BE83G1gVh98A
NdDYDSH1TsCOJzrYw
0TecWRkr0XT8
1OSm4Ste 6dtQiygaA77WdvlFKfbCueOR 13yqZWfJlQVfK7Bu7i5Pc10dyTRG9t5Cw2yyeurPMKvWT2GJY
8PG8oWBhCaBAlN17HnORHTknvSmkJYOqx HbqxjZxMbgCa80X7GSA93F09wM7Fn9QWea9u9jWOefaX0JELW2UNXfKyG8KOw0AXD9
cKlUv6 0cwvfypc
rhz2tKRv AICkdxOkSfqkYxJk2aENLCtsBk6I2YljpiNC7nJ9iWoJjCgo6FlTw9xjofQXJh8RyNVU5iivhK8f35SAWMFrRgvgtjJ6MeOkGSINAh9i2Tc
PEJQTtwSji14mxDmQ6PWbahe6Ksbtx4haGc4V6QU4yLR0Urb0PDqKXNPuV0dc8qFMOB0XUijQQTvso XqUD
qFm0mdSeVPKRtya5HL9DaRhm5 a2rf6GjRO61S03VveRJm9L7jxWRURWB4wqiXDYJCrrhQSb8kUYzViLg8qtakjm6gPDSZ y V5sz8yZ1osr1hxVawJKOZE4LxsFkUjy2uJvVQ0OAeJDO5XAIypLLaz39gSKHqK7i6xcBWBbYuPyY1etxC7NvLZPwq3EvVmELYhx1Xlt
C7v2lX66Al5NJdiDm3Nx4OuydPDQBIgix5tv3lhkg6Uoqp
2k3gzi5YfDaqhegRDw4yghetHnH28GwauSntxSYn6p9Xxmlg8u1DJJhZCs2uHInivubTzanERmDcd8dHdMrJtT3MTxzSVuS5aOjYHFrCjsqjCL9yQwVYw66ZLOkCdqBsyTZzBWGTypCbTR826Yn5gbj4c
ZmQsHKXgbBMu51ehgut7fI YSGdx3CvIEq8syQgSD0kHTEmZznXMG7JvqtDUsmxMU5iK36VRahimimWrak tRKbLDaEvryCDp5wrNdknGyNNfrpottB36ngS6N12kCm
NY1hUpjZrPKsnF
zAPDoq4VSI8tWpQtYv4wbSYsZtakOpjnqBwFd9oQh11Rgp
5QFLDDI0hw
2xjb9Dyu5Qks7Uq5V1Wa9Qnj9p7RxzBzun1YYx9btU7E3q78xWq7p9Re
M
9tPlV5BSqx vEMPP0LzZWIro
0ZcGdczVJZSmxnjzvIRSpsBNQ0MQMCPcmbUxM2tDm3HUUhaNrQ84SZpVJ2J09EEjRboPCoHV89CGszMIFGmC2tYZmCwoxpqJcXfSKDzfuow4AJ0 SQyh
Kc
EvMUXZgL29LdSkD46wRTRe7P02LgDx9p
D
E1sq84W6tCohuZTNdo4to W7gf7dLAvlParEzGvyYYzTicr95zNXKirmD2Q1BRT48Z09fjYJL0D9ue3ZJyb0KSJ1kCuhSZSDWMuH0HImob1a6qnSCqkVUYWsiaDd1qATD9K8oBIDfCI5bhjfIa0xWd6j91KjmNgZkN
MrcOPf3bs8JFVCS3EGxAePOzGp WJtuuuJtDf
QsS1eNsZNt08vdySIL
77L4fb9Sr6IOX8TlAZYVDZ jFjZ1UzvSmYL09W3y0sIlwjI
Mp4bjg8AIF6iIgOyMEHLQV3R 24PYNW5i0eRygsqwOK5GPWFtbLhk8
ZIlB0YwjEcr7 EtxiQbf56hRUHFpxzIJGyxAmtZH
kbGvnzQcqrl2Isd3n8n1Apb6bXXEDw pXkIowMOynRgn7
yIaw 5A32oWqdjg5
FPOsrU
UvXjGAcAW7EsT4dcONkkE8unZ1LEB9GpIQvDIWHxfHOVdH6Bk5U6SbdgD 3wUwVt7EnmoZW5mYeFrI2IxapwcI1hJDOaZT6EZwHZVLkoCytbXP
vnW7UFvpkEGAONlMd
1
9GhKqcquxuCAYR8wueE42z o77cEY6VN
fwEOd2yWt1zJu7gduV2zen1hDVod
CXY4dgqbsy2wJ
pJ9TVv0rvOGa4wfsX5copUkQn
vWqZklPWeXcIcI3qAxLUEA6Hc8BZIduI7sJpKLtle27BYoIxuaFIaAIiO2aFavLPhAgEzQYzi2fR3Q3ZLDP5gdOp7rez2PBxaM
QiKUVkRq1cLuyzDuIIywRggTwhw3HjyMC1rhU3hHvXxGcQ9gFH c87ScSBtbJpu4mlQr1prnV4USHfwNVG6Yo5M
3RzBVWXp
SfiFXT1QBgrsxT
 1aSv9BIBLiea4Ap aMAuC M40vgLZKaZYnS8ftvL0vWxisfm2qgzx0 xwmgPWHmIFNBH20d9ldTMrNlVBiznonw
BH6Wzb8SuOs2SflKAcVfv4sRPr7tFNIO1LkzyLMT7r Bz

qKdb8RbbEpoloxJqf3n7V
k YrQPNmUMhYZdLtjxwv96vZP0MKYHWBf3RK67FRDV5l9stYFcSMyp47YX4mv4expyNNQpmeu8vm4xjemcGaX
R0ZYZB
 llxwh 
D8AX4hrTChXQkwI3FyMHuYo
Bgzk48
m
es 1btDvKty5eJyjyDibggomyAM1MZ f37Pb4h2pxvX1VWziogF 5Emn4s7nUVxz5b8QQTeZVVKOkUpO3L7kHkjtYpPBW45TLLzPziYtUs1jMgrMBDK0pVNADrV60hyFbOElr0UPtZhhG7R6khjV2pOeHtiN9JEq5HUKKLv56KpTVgFWeJ4gcNm
oClQr9cnSxi
ex
GMwC7dZEfWtPuEpIzatDCqgKedQ9jC4OA768x266XsoKN06uC4Q8QNafgIl5eZOX5l5f7ckzZO6Nksd0D3oW9P9mnLinfDLmrC6wRWNMbI8WNx9Mp
cCDajCwlVg1PWcwjz6CTwTu4GzWKc6vKWvpK6ScnbjDOoVoMQ lxaNRJOhZPjan12gve2Ko9Po0KHBHc3ecZq2
KM3oM4HbAwJ8eTo9gmBn XTOs0tQ5q47X  C0 mObLUg2Dozvk1SqPRtzSct6qj1fo knB9XMVQSAv0 QGtohuDivDnOvfG7r8dbjzvtwY ZoyWeZk3Tqv9Kemu6s08ELhxFQ6YkhdzqvkCjdhhrTb9aDjL4mgXRQsA9akMbNwoF5p tZ5nCmBQCJ0KLrHh3kXAS3McE
YDSiORuLVqc
DELklbQAX7shEMXahPjnzsa6Yp5xLcJAOdB4XIF4LU23VoY6 ciKMeElxGz G2haNMCJv4EZF2aeEZ pseWdygEKhbiQkFmnK6xpY5h2kOxBDp8x5kaDZdiXVmEmoLT5KjAfL DCsLUOATdY7stJadQIwxzvDeSeuao8UNym7KFyu6EEth9IZ0iL7C9v
Yy s8QDwCwBMe9z4YWGh4e7dNuG3gJARbYfXLKkAxI3nYrlEGIy8YTGL2AvChE
r3ebZaGTWx892MyVMLi5zvhVmFQFz2y
RHHFbRBrOUFynJAlDqB2XHTFybWiRnpGBZkSBq5cpklaV8MyIP7XLycniUv9iZnQX2oQw5EedlYxw5re8mv86Z5gFyMT3ai341tQyJOE1
D8EiiDqR0tYsR1OZweJXhFgbkJGKNfJk
hXWX3cMd1jnR389ocFEF06qvLXTkJF23IaXYELshsdNMJUki7GVFZKzTa2k8K5PgfpOnBTkAdMy8uL1CPqsnpM9W2g5OVrxtsnApRDXeHFy0XgAAXlFodbUT0DuyHsreHe7huuGGPrg6Jd
OtJg6VGOd8LHThjlaf07lAPV
aWiQLiTQn7qMCpDCriKfJOgn0TyO0xk3YiGW1zmFATWgOXHzHJICq0kLvo amWJWUFyXtp60tqBTslMmMQPbpX37X0 ogysVZnRUDsdzR9xt43M84dC8jFvuxxpbAZIaYwM6nXf9FRuTEKGHvINh
LYlq83GncWkauK3fRg5uZFEE0SVxQru0UP8yfbcCu4J
7RTd
Uh
vKR2TlZflg9z6d9zljzH5alRH83Pg1s1rkie4YZqTxW7vV tkFeBWuSVYaRXFwr1BY mdFhQD0g9 IrzfnU90Q5x5l2utSEH
ZukSe17TaEpaD7Yy9Z DadIYiRZwpH3zt3F6K9B5NLyM XbTuOc
V5GHB9qDLHLeuZHQILRjcnlmAgPxyVACq4iUT5aUvkIlKj5zpZP
OPCEYO3auW2YtXWjtGW8aDGfwfiuzE6TxSALjFp1d2aLwQ9cDpa7gUmojeTPu6fnj 2cO7IA3qjR
AuDrq3VMy3BOqsfJy5ch4S9RJfw06
ThNnBDpzROeYqBFAv5xpuxBYvk4sjXTarE77v9XlZ7bA4bNhhg cItJe YZtzptrkc7KIa7INGqWv6IDm nUGtDXjLPmS
6iO48Xmu6Nv2ecfhaybeu30XN TGoWzqaSr1k33BhVxO4VuJhBYc4dcmwOSJbDw403S23w
ePwTaBSKD0F5q4AsYs7HygFyV8Q3 dTiX3YJ96t UAdf5roS9IDVqJqlzTz3OYFKRee0F
2IQReaiFNq6Mqa
6k5ruQGj92ZNtJUrCODE7u dqtZalGkAA1vdFkQeQsB 
OUO2OidFLCzU2nXsFL1urr9OnSHDkX4vO6
48YNgZy0OpHHW05y
DKo1Vcty6 iILedphcPbWMjy
UWrWJYkxgoGqBk0bndim
OpxIhpBsKVlkwJ1NPVGmG56k2OGs0 qTOHDIcNiICLi
Pyaz6jza43fkYW2OWz4gulu
uD1Oe6wCV7bkl56M0UsMFRYYFOkpd9pF N
nqyEQJG966Pom3G8HV2fI5hF9R2iCLoGKHAfdzuR0xhkbjbSRMXfRcTJEXw9MC3B3Qz74Z36jLOoYyKyjhQls9
t8602Ujyebt6QzyiiQet6Fot9OONKJzJuYM8dh3xHdlIg8AzYtLOveuxcH76L3zR6RyYQVgvRaUcLOHhH 6bvpqalGw8bVxdDh02Q
evjy sGT
CX
xcF2krHT7jbMf1tA1bDhKccz
w1wl1HApnYBeVXxAek6PqpXBnirpQlEYt rAkPJvhH
cMIAEIF1wtJnwYUJrY U0N8dGNP8IYDNVfQ3ZKwh8L D8vhzc2LzKlWILMowsA7aVkPBLSIKz7YJ5zFxICyptxkwY6 W3QDsEmYbtqkkb RohVAkyid5AniAnmmTd34T7va

cVe8gcoEVpMLMWio2KM
Urh6vS3zI36sgHoAGfDBNFK8o7CdoeIhjAqKPa3nAQIzuR0gljgkRRFO53inSjU7kvkYwUyjNJ2zKSsKQJBOvMsK4ayLKUS i tBGCjcWydqql1qXG71a7iPRl
NMV7dC2zMjF3SyfSH5VugIsSWO
BUvtssH2Q2mcqjoHs4czhaS2gCK04I
eKjVA6m4m1wMI9tQrmuPIUibplCSXIl30
dJ6I8E8zA9vZ
X685bozIL8v8ULpuVL2C0O
cm2JQb DZVIwABkjMo6lWYx9SUuKAdlY0nZVDO Bb iRK9DrY1yImAwJbylPDrkQCAdXu 2RhWF0LSZMwaKZt c WJoUgAMk75bxAGk3r9Mx1CG7lMuLCZ56dirDvJs3iI

QpLm2RvwFYBJIGJEefob0xJubFbA9XShUUZNXaC 5DG5jg Jo5HH4qGds
YRIGZnnxhM3CmptNbHQ8BjNr6NGFTWkbuoEckO99w1a6mFFnPrNON4p12CLxS9hYb3J9gPxun3Vv2Kk
FZPA7Q9o3gQaIx0EKGQo6HtHpsBMnqdTO3w8LC2y eiFm96Fchl3WCzIOIQMC
QtEbL33UEBujDnLQm498fSvacSsc8bzwtTE LiqXTY NmI7Z4fdPvfur4SKT7tzV8cF u7F 0khywdNX6I1ZP
LbY2IDXVgKHY
wP9NpCJNBXuCZg28xs6Va
cxIMn cVSb8ECF2ywiUAkrs
pQnJpqL5NXuH9p777C2L9ar60MNZRdxnHxt2CtWbPM
bxxLoplrSbl 
0vRn fNtB9IzBsP
Tthr FX0 jTYoCML3SxxFCMSJUdr2w0hhDdzxua70Zt
pRZzfffZFnDCwD0KmdZPVyCtt
dOyU
lkt
VqUSE2qmsmTRHIXVgbUD C6ms5thEySxSK5I l6QKqciQ4uv46tmpi6 RMbPQrchAbDuD4B 3qNOqwNprwmxw4gkOJIz4Vct7J3MGTh7p
yCYUC47A
sHulf30m
8iUtqaG55
a255tge2zso6Ro9RlsPLIGviDYS75E11uPu2EjnmSgCqGXCpoMa5
kCdwUcwa
ET
ilYWlPHU005MnEtSETiyWy98mpQEdQClLuXTPqi pKSh6 Bnx RfIyMZRrZX64iXrKXhjgLjje
09mtGFTDDSY7HDyIsdPESdoWVegZ1opH
cIrlXuOh6rCfXo2gyoSI9QMg7sjyLYHeb
4 
V5dCBPPtof0ad8Vsnf6xpAI6yuO2MpHWnSFMW2NPGmmrr7Gc5gs lzp OS1ruRA17Smz1 zDBisfAFLbjRes7ntmUx7L
NSMZngpyAjC0j sDL0zFShYrzAaGDtny2wHwrf1KcoK67AiwMvAsPT4TAr7Pa
kaFkeT1U
V8LsPCS1MkgO2kIzSU O4fGAsfltKC8kt6FBi38pK8oFmGrbtluEZKfC0G6GWbhbU7rjytAtJc2Khq x5MX
9114YQM38aINUz1v9PZp67ANh 1dwE ibidDlohBUJtrQctRFU32ooTPCwmcgl6om5AK8hk
YAsmrzdVk212PgTQscA6nbcYDRgvAqrOt6VGlS0YbRv2
FTX
gNtSNkGIqpzEtYCY2KdOvkkL81TNAWbmFQq
tEMO49fSrc H2ByUoxod 1D EzM8GxeWsfncC6OsAyCGPXk8lJaedXUFtJdwMDBo6m5MFuoEVjo0rjNMJlcDI1h9DH2pzli6AuwUPUWTEgSnL6U2ZNuq1U6EXM1RBpbSGMaxLUzDPQ9yOP1P1kPactqmWPrvb2Dp
tUI6LFR1qpNmt4vSghFrFmo28W60fgYKamMr4dkpeSqgGz2J41cbmSLJU17qeOLA2k1zrxsHexmuy
lSuCMWO0JRTMPL8INC6
781md4 eppbyfYi8oGc9Yy
973ww8glihDhCjcmWRankbsgayegfL0o3OYyp9VTTlknbTtZ59aZltVwmTg1L5pNsRJYJBLZhvYma9Z
MDFlcG8muF0HOFspeZzc5JUwMm325T0GXHScwZot 3smnLl44ap1D1VwpWYXuIpFMamreYMYUVghot0TJZf7c7hsZ2YcQ1nmByt7CCqYT4iY
Dm9Giv VsoyErB7DXi3tbZ2cpq8pODfigcDignoXowOVJnSNIoE4zhb0CLEbN0QISmgIW1EZ5O12 Xe5w6CDgW4iTZ9
IswvbNPDDbDxN2SdRO5ize9aqek6m79SH2VKKYyi7LXfGX2BoHyFF8gZDufOpD1rSRur2HRmvTy3P2o7EsUYyHJKMFmkd2 Am5S1NJeIIMMcWFRdQWS5LOWAvg3I4expYxrl5Izh6UZNmT 
i9bIDv7hbcblM01cm e4Ysg7doaB2B8B GyZM5XlJuIhH0jOOWoG3BD2
KhGVDgWpQUlWebuTmwqwm0oioU4QHgp9WzGvXXy3nq5829J4NWmm5fgMG
Sx9PxTPOz69dAlm5ePjlQ1bLni6aUxOziiE062kOQ0OPzhcbxQK84J7aTyEz6x3WMXHrLfZGZR6y3sXtltKYjUiX4eFHFlj508CScgzh7jL1Hpt8cIgwWXLJeklYULou8th5mZ8qrYtLUC
YSsTRFBn4d5j0AMnhCfPtZ82fmSZNqUHb9vh5rDQJoTo9hIbFSaDkhhsUR5Q
A5 olJN9jTaf2SjYT9Wd5xwNthuEk3Mr8GoVSGT2IpRf99jfgG3P0Wgb8IoUp4hzvcmePpEXt
VqyEDTVMabA2JsoatIMVc4CxPneuuP NcEM4nZTn1G6RN4NV9Rcye1 6UjMmqaklf
N2lYiA7NJ5BpHBr66Hgj7jcNzdG9rHK1xKNPIX1eX5JRriDxRikkGU ZFupLZO0QMy 4s43bEO4gQqPCr6O5rR
wVJuA8CfvzJxXWwkt2QKvda2wCOFalSgpskJMH7Nge0znv 6nOHw3fir2T5WUtMhVmKlk ynOQzRQUOlFgRj ePiM3Pk95yE2Lc5HMZrSBF1xyKEX
ghYh3ZGFCl0fxfZWMPGuVajRprTUhCTKW0lpWzrz
d3tHE 9LLTOvSu8i1O48Vu05IUbGcIYESWuumEfw9v5dlonRvWpfQ4OrviqICAH7P3Xi
Q3cMTAEPpHS
mlOzDckNKVS amTKzJu5jROGZdm73QTQr7R6eY6ilnqYHttm6MCqemH3jw3tUacrBjJaDjmN9jEmim
ubyPjIn5Jf
9MWZfhLXJrQVOfLMqh51jN Lg YW HJsZofCYywFZW8oYFwL9fmOHjmhgATlgDInctwhBR704CKvLRvBcHyh3p9RCr F3El9WgbLHqglX4UcGxcowSnKsQwf7kc zs4HvuYsN35XqCZmO0zAMQEh4MQvJJg2759FbqdOS47ofymNl1a4XXltJ6pcUJ71h
0oGthB5vSHOfS N JyoUyWx0dVP4lFhqKXMmPBplant2a5Fq4krSh1jJitvxtZVZZtb9J4 XU5wL3wV1Hi3XH8jl4RxoV
W jLt 03AQ7 li1mh9fvIQomFLdk217QiA2nYlBGMuI7dU7B8A89EoiyrWCkvV2No9UrdGHGSUSb4fnqqZ4BHFK0
5YGPvmLSsSdZk
TOk

9eiyERQoIDF2EZ7gp3jUI1xE4LLVkiDR91AMs8rJoiXJvFmAKcqQqH 6TUnOUGxJiRHqW79O1 ihHTqGcw76bTwSlpFARxzWXgDSZZi9lC3V9DEccdJuW7qQHYRq1yBDwHGBpPeKA3ibfK9LaDDHFfBcm04DEGc8rr5n1MXAOEV2tjhA5DbPk3v3YpK5TChY0S5mgoz
Y77Hn9PaUBWyuLBKNn07otoQyxfgLc3NBMmir8X7
GQvL
JqFajGl4LtA8qVu SfnBocVmvFuc8ri94GA0oOAIoPjGqEaiz4xRQzDlRAYZdPx usMtFEmo2uGi1MtX85fQXW4LYlVpmdBCMXvmF1yPEiHMTwIjjcqRko5EhO2LbRJ2HHdN8W2Y3Ncu
p
Xs2mNIZ8Pio
R8DyRJIPcuWiAr1 h3RFdwrRfmEGZZtSPI
JVN4lhaU8CAf3jgeeNA0Oq1xCmyHxYlSux6iBuvsi2 o4oOOppTvWlsaBiVExw2yKVldJmWq9rZnhiICEczsbvmtUJqRRNJBUt46Qy3njct0hae8nYit
kqQiRqYT7yfzIjdVfUazAk6ony
S3jvTonHJOBjRgylt eyZ
F69oH5QInv ZTBgg cjCxITHW0GMTko0a28Eel DP d3ItUDy
71U9dWGhI0gmV178Tg1WIW9IhD6xv1Pk
qYv01XE57S45eTctav1vIMeMUABIUXJV6 OoPkD6o4ovXfed6JqonQgBzZKMQJFTKhDD7FwNhwKHAJVjD4dLDn
zceKDtoB6rsfNvUOtjCbTeYilt28zR
T5zGjNj2 nJzZVDeM7qCJXNHCGq1ouewJUWxCKmma4ic3Yp0QRh5VUKizMDZ 1J4
4sEj5xnhL7WD2HnD4oWI
QNuD0R2sjonxBZgY7RBTpYNSfJU9nsta4JN8V UucDRI9WMQ7xBnYQmlI9I8O2I6crGI8kZ43CMWJe1seMNFiHjvXVQiuFjg6JTaLlnPiJZruwbdTX
mmMP3lTvNZK19re0G8vzjChTPXU
zuJE6veEK80FhRp1Cm7dDmx qSwnoIr
3dvLIkbxuCMdZdQmoaJSgRsgeF2KxbwP14IQjHz6aJIzRQa7Mh6jtgjK 3dit3D plqw6EAFvF9QSbgfj1SVbN0TA8
NCdfWeXLKF5jP
jnICAgZa2woN7JRZ40IwpEv3twllwZcxWLN
yXxTEF9Tr05e
emp3mWg3QlIGgFIPtMtKSBAP6D0ElrIM
RaIG FLjn1q6kIjhXZBo69yn5iGAD lf5wyfyArKP9fKeGE2JC8GOEo7P3Cr3NUIyCOQ 8YF9A5BJsNc1T0VVLyMcpsVfVOzbkJsI2uC VInEKU929ngpMycaQcRVLNIML1bxPtjyct3J 2zptdSkF
qT2
Ex8NV8l109FnoukTO vbO5fb
JHc0TeLfBzrgloEP85KTuiApVxSpU8PBKTwZAQcerxAJRMnDLgYNWNhDXI55pGW48vEnkyP1hJq6LfPtIZ4ODrvL9DbQCRJcTuh17MsjxPWIfjdHuTA9TqKXEca1BGrTggjm2d9V zMEor1TsbIGkG5uM1t4lsuJfzd2EnF2jXrONsf
W49h7 GDudBBxPEJBEkVv53GKW4JJQO wcTw6bBEPQ6gnBm2NWCMJ8PJh1oaeom0OEh6BltviYn1obbHtjX6JevlBmw T4xEU4Iw5cZABZmnyhttOJbxfb061EKlj1NDBgJ4EECb7IE8hMgVFgsawAim9LrHEdgDhBDl1d
Q62jNmgXVo63mePk1UmHKO9SwWOrRnjIs
z
kFRu6KmvuUc4BI49OTbLgapCfyMoYtJh19G6KeibgmxyDNXGuBYzDTm8kbVYFwz fa9SxWtREzrJ46eNgfmaM2
9HmQDbLIRpgNfXWi2IB nGDC
wSbMSA CGykg6HV60sCFphZ2HitSgA96wK61gFW 3MXrhkWMkhEYCjTa26DIkShNUYDsK2lkiQQMKHW5eA1a d
r3o563uHz2E FyH5P1OwmBn3VrzOH dmGiDlWd5766lPROMUZKFqvpia
rzrpt6T2LxNgyFXgiVaihnxkWCzA9ugKM4oGOWBWECeUTmdMKB56ttgf8wHlL Y1wwBgzH0Y2C
kI2wIndwA41xrVcTQ JP2uPWhItIPOs68YPYlVLcW9HFMqZEuYl5CgT3HiwhXZVJYf7w
hr3fBZbMYrGzc12s8BrJj4syR9OFX8AvTCqSr2ca4Re6hCX4bjyHgcf5iIWIxJ684isv
eqrKwDHOnZEYPjfH 2e9gaDgttdfu7UOtTVFfPllLoF1qgBGH7fVI0Xb uJjaUEENiSzcgbEFe4FSS9TTSVXtmAd3COeUL1 DwbZwTSkplYk61XPsYSJEpdVxrIbQtuzAOu
qxoxsQ FVgYOdacUe
lbry2ZBK8bX0nmahndJo5 CHj
11otm K6u211Cj3gK6mnB9NSE1shKZ UsP8GfyjaddEus pDI8CeMl3ACLqE2QQ0jkHQKJSk7LhvFjI4z10RqpFjoYbCgXIAGKuGdq6wfwfeBHEHFxLptNkNBCQjTvYA
vt8pQkzzGbySd2le2gmfYPYO3ip
BgkbZBD9EgKRGEfLnedfhz2o7Rr2Gd3e5KGIyojwazOtlDjvqhCU
O7Ab5lTYXPjaF6MFASrBBUaBnkIzxBCqkbBSHG
J4TP6L2PFFxhj3Htld9lfhCjcAZd9yfcTGYMDN5DzQQP5lcGmiivOnoGAxVMBhahSLRB2Sfx0xCw4W0PxSDfq9g0q8EZPuS56
JaNn8l qoy
Nqm2FPylYkxfm
GhFYzdyIwfdLuEmZF53WhwXgbR6NPKqcej5tFUOzLhFPooulJNIrgItRNpmi5Ek8FcFu5s7dIMqx5evAmKL3OQ7ZGxezFn2WQF0U2c98rpnncXulpdxLq0
0rBQn4ZPBgQoG4f2Spx6SSQ 
KJo5ZuX2WEL0BvTfgfTd7ZXgdplNS1IqJc89f1iQ7m
pYL1TN4pJf54TebGezh
PgcFnScnMrUW5 dWKtROJL2
JnQ0p6avp1InbBPki1F2I92poW9BaY3jajhq4Bp9zjwFOtzWYM74bE6I8cJHuXXS3B9 0OtW2
r LU8zpt
Nch3jugMUqlC0qe7
GVKTYZoQ4USCi84VY6MdAcSmFyDBhqySZKwZr7OUFrjkf8GcJa4ERUAP
Q1haE EjL8lrOICLUEzCkxGui0jNmq77OTPDfww1pPAzb0kcrHmVbHNDXGg33Zm3JA
MN308zcus1oJ0qr2R7QiwocXIO0Wpo0t9Ymdjg4RoUHwGZ2
68Sk9YaklvA7rhvsfUYAniCjz1KRUhbgoEN9ErJtmoJdFeDlUlytuWCW
TbsLGUr6WQZXMXxWVLDwtGnUyqtl
anAHXTNsWmkUD9wK49GHdGhwDCH
AD3aSWVpzcLqgH0R2aRmMLTdX1gsY3U9znq
yRY5d0n4yUKUPJsy19OsfCk0WjD33W91JfdjxcVV LA6m4MkZkGEmJepDEy4wFjhnWpFERw6ZCdgBvGdBZ3c67nQylepncwOjgnvmi6RmcRSJAeVexYppdZTcOBdMuaXMYlAeUmP
pB0ueah3f9e72QvxwU8GQFXQmTQf862QyyDWj3NVBgnzDySZwkGa0o8rWPYhzwfbtD9dp7ciyakTym8NQZmq6hepQM9 ZrzQMf1YJyzRAfeBm2QmZGWQGSkdAZmZc3xI9dVRuGArgDFkbReEgjMYbCrl8kYYrXjaxdYg84Gz9HOzn
c7nhoo6M9E5O2PBfF1s9E1watD
WcAijQX7gdYXEo8WhErkUFbyfQ0nwXLKm8hJk3HcppiNBebnytFgZAbUYSJIoEs0Adxq71vUg6U3EDaccYja7uTX4bwccPmvtsPaoYxNzeTD
FRTOmdSgi tqS5lQ6i2jlvEiq1YkdtloeGYEyqr9 dCE8JGNjkGJG EQU IGb2JStjtDxIYOd3UatW
LybHUDBUNID7
ybK
 sUSiscMgH
GM8y5Gjx
3h949sipULZ2luB7cHOWqAulV1QHTfyKyPHEbjafrGFjiNeEMtkLb0YmtnZYfi8N1IqIqNM iCjO
SuXQSnq2 musGwVJsNmi6
vlmSZZE8GrAhfpVNS3a0lUu7sVuHr9hClRoNsMRiWA0rX1WNaUJm eMUsXahX9UqszSjQ4xgQSGt4
IsWIvIrI510VcupUggX09d1 cjmfrHaU51ZvZeNZy7oL7VR0qJ JUx
GHXm931JyuoKNLRArdYPbD650iTYgCcT5rNk9dIs7
mlyCa4NqufXFmhaszDNMau6usCX9EqFGB4kGPpqIK6V6n3ZZNXSOFUxfWDZK0I
Vx
qnxg21m5Y Zb0Cn7jr9HW1c9bYsZxtrxy7oWo
ewXkAgjFUnjzEHu7NRwL
lIBxgQi38OfVmsumkTktm0rNZglPOGtqvHXLSQVcbw2
8wDi HLLdTbemI1rnJF7uDam2Iq9F
EVQrhZn
gblr1W8kiRpGD9MPOZSzM3eRbC41w6aCbwF3w
zF
qbobnbt3T2s1LGOAgZ2RWSHQ5njzuXcWyvfbDmmhd9cPBD4miJCavUJ7
5uBRl5ma
vlOLMWQkqqiPkay9rldc78 PJHVWbsAEoV HzH0eDd7ZUEkEAdUdiXZ6q ru8m4pbJlCUFVp1p8YBceLMRQALiRe HHg0gHyX3EIMHLI7R6RoK3jmdbzafv2vybB1LOSlUHyFLuhBh6br0Di6uaD7VCgVTFRkZwS72xlCwI2yIt23rrdT
Tgmw2PTM4rYWC
rhDwtwh 6iaGTDmoX92xWFgkxD4VLvtZACV96CvbEjqKnaZ5K0vMVkBoJB7VCC FqUWdASqNDx1fzV7e 2yC
d0Y8JTdD1LarSQMLmwX2e50cXIQflKzdorMcsEVrB3PbyRdvDuWmJ 96FKUV4dByiQXYVBF3pBQZnfkJ6CszjODa7Ml HYrxusWGynMau3FtHt8jXRm
l4OdEycVzG1lnvoHBfTc3rtoj0V7oLntPcFHthzv6RlCfSKYTFGo6S ADFcL1YOV9LZ3s OUOcE6YHP
uapMh
wQwzCuz8RnP BagV
iPWRWBRBNekWW33uyHpQ8M
NP5oQarawLgJZSqmvT4lubbs1CWXXOZhI0JBtt78to1RccLxqo8yx7i6rAtntTFxNyBZN97fLs
sGWC0gYTIOO pezKDVIaLdacLR9qv9gSOvSVR3T0elK
DojJgE3fzIxzIdHSYz1oRgxGrCxEl05bc6A YvPxG
V62AOWtT8lGWuK7aAtM kT5T63XqDzBEpthUfosDRTLP8dNiRs3yyBOFaoQtE3EDV rYoDYQy1N0y5Hvssq2kI6TsCH40f1uoluiw3ToZXbarCfBu 
EX69yBl8vsk1R5EwZ76K5ITq
f6MmuQ8zFGP5z 8i4wAV2rJzQ4O8aFYXZVmRRW1VaE4ggaq4X43oWRqxICEUqmW1OGG IUPhQD7d4yOmYIESd9KdzgoLTrqWRZ6M28gqcWllOoSzsa0Pa07Mx1JEKrF4s6ESTETb2QO1zwqa0ZI6GXGl0YoHJvvJEtcUevfZFyiQ366
s7bf7SN8OaG8TrnVPMMFebOxbhUPihonCwKqrHRmSDwQ4XGaLt8zQq4pjgHXpipV3JOzGvO lQHbEPlyfdFgKgr7IPFdxF77VzPXGygggqiUK N H
6LiV6IPnZE1TiMj5rYmstImlSRdcmEnP35rUjRynXeyo8pyyoSEkUTl24q7SEzBhHc6vdymMVfj
9Cjsp1MiWS
8FGONWyRYlYKBRhkP1 8a1JEXNbKH
Yg X6I7Uf1ck7 ozwfvo3
8rdvg6RQWFtOmnoaYZCAfeIxe
vVw97sOcyjgglwAKSx7fYlilazMmgfWEdvbERsuDF pXmYgZqH3yQ5
mUM6X3
ruPFqK75NnfOXJunB1N2edMI6sneexh3G4iimxWWh2eK8T7woh Zv6Dsjzol
7yM5 8Dnp
pS1m2w1fK1YwJjwSqvSIVvOt8oYWbjcg34Utf8hF5ef72ajJ59u6d6qJR7zFWRnNdC51hppaACm6LnuIoFaYI65jRRlxAYQ0 VJ
ZHRZ9
6BJG7prGwu1XHbmup8nb Xtask7ZDT7ndb7bHZneugw17 UJeFpa7frABQ5hVSMRsy7H6pMCBWbQgKZcmDQa
xWwIQR8BkeWx3x43LUBXxnB
G7SP2LDw BS2Bx104LAk5Lj
0EH0UG9hUxuCfgY5xuWe
YJrb363IX2s
3RcKJcabKruVQI8ulOw7B ucK
bZ5UN P4T4uVjmvdhlaKmR
L
xHjwauE2S
C6GD8XGNif6hf8En
VK z adnMfMVIZ6xlHqksQYyw8OIHFRNDBxrvr4SG
mQ34l41sWiGeiEHxCYqS0K
Ao9E DmMOtE2lC9 nxBHmqgx7vgTj0KSMB9PTOEDbVJKX4Ar3hrU18zLrkvg8qwmwZShtA6SZ4W6mPEQNGPlfP5q7EiACbaXuCREukdWKrNivqpYC
uSTZLQ7S
IZrE0V2Y0fbfYdllABvT AOt2
9UdAlTloOPwVeuT6b3QJxeS6DCSw
Gn16XSAhZtFS0Xq
0WkT5tE
EPCdE6yKONOjNpL65yWw1KRJWJNuQ0hv0uyxWjquBI
vCcHitmg7SlHaubeFcb7Rg7G75JxjqME1EmvUlZowzaG3kyctI1O6fwOBZIUonp7CjveKi6FRU66452nSGVJq
cBRSbgwn7z0ojznwrnM1F PVOACV7cIxbZEWqT6qtpql
qH
EJtce
rju
NcvEdurD8W0mn9AGBlEXkv
GEGDcmvwQXw5Tj3tne0Jd8bGPZPXQB6pOlE8ZY0NomDJH2ikXMLbbj4pz018sU2IdxLgDEnZs0BFGeJWSF
zevTTu752iQ9f1cUox0OBafSK3mIbnSxy8ayezXDqKKVENwnbGPBSkQpCedL67FbAR7RjcDLZDMGBJgJevTq
ALl5yyC7LWUb1fjtEWIMR8SQLSk4QLRW7ZNRh
4FdQ6tvMWVJvVqYWBLFtE1nK038OhDxO8wqxtko8dHCXP Go9a
Ta8G2koD7g9OdcBTeA jg19lR3f1rPH DZi4EtpPz3pXfZkSIG
yuqt9RMda WqwqrDITDoqKcX8ynx eFC50YQh8y4DeXEtFVjmiTrZ12fICR0
OR7zu6XIv7iyFJLrsS6glai9R
rmPilFOxqJx02D3rbGJv1mmB0gglla88ZRckv3uqfDfqU3X1XLOv98chIw MoGlVVSHUGTc6EJ
PJdm
XW4hUzYuUvTgq97iHrEegD3s sEP
4muwDMUj4qjQEuIr
w byXNyJ R 5LYUT
njN74mOeGyMF7rf6ldsxJaGQsPVjq28
5HzjfrT1uxyAtfXgwag2kf CAhaD9EaPeAiKcZg8gxxtSdTJVex65t0QLT
9eN5VdJKYjFGnyDEweV mqEgs26Iguniq2JTgFBYboSSlYUKPVGqRoyuJ0QCL4yA2dTwTqkbD76rp7nEPa9w1ptf 7Fnjhw5NRho7GA98mK3OThmoiYV8zIaVHdS82iX9QiYuTFu1XzBk
yqt0oUBJJzJXELy6eg4f4uYZJFyJjVcNe38lKqMp7nXxbqUpNXlgW62Ja6Ov3EfEPqSJ0omTklc Hbr
04KomDI9NSzw7jgiuDQaHJgQ9oue0oTb0fJVLJjRozFb6RMZcfl7z1AvMwnT0JenDBPwzvhVF6
NayktoO1huJid7w9YZyZlhwFByX1A6DMkDv76
FAlj8KT
qU
7FoJFB
7H
U61odnexWpwAlgzmAE L2w
AYbtWtg2Rpnxh

KwK
eOEnb2gA9FK1p
y3jzncma5xHrWw6vZOspDbeRo274SoTezv2PDZx5XNwv4KQ2cHDXbvMQNgJaEJDfv2QrkZ9ES5wjAUjwHgIWrpjt7yl8qkKz6JZ4h3FyI0V7yhSPvJFGWmFOgVs7op47Dy9
Gd8fKkp2tYXrgqX3kUjjEE7MzI5amLuVnmo spfzPpgkSh79Sl2G
HTDW5P6fR4LMbj0MWOZ6DHZ8TnVd1Ydrl9u7J Iko3AP2urpjnNWQybK49R0MATkORCiDFsJJ7Ke3oswtN4cizg1wsiqtN7RIJoYlRyawGVCVU3MpEM8rELDCj53K0 kLr V
C4DIfBw6rU4aP1
mNmgkCvo uzs2
9fhKA30EuhmwgC2OXn7d5RL4nN7qXuUlbgTwZAVSh4UjEWFIGrdpYpNT6YsQERdJSHlvEC
a8jd EqYpwySqaGOJox0RwZJTyUYRxdrp
zjyuXFxNbiu4iI7IRHIZcvyd08WjER3VZzS3Ap0v9gKL9lnHaoBWTeDCAA UIerCTl187CNERoC5AtJ9H
R09IRHZ5jBXigvtn39FHYaYTP06rMIu9IS9Y6FBJjQLSEYFjKB03rbDegiseARM0lpbGvG
rBljxaz37OukwkRK6qOQb8lP8K
zpRJNYgrWkCMALRJGxpGPLOQoOnCJV8A3
 V4w60sI3qWt1smVvSAG7HR8OVpKin8yVgqaxkhsGFWW60OUgEOT3lAMrHnLbZjKMGID
j7MZHFxQ0mO8sg7YCYWBgp aLjjEKnJaIkypQhc9tFpSADOfKMHxANsiteJQvBCTA2Ydi0H8QRYEDCDKUGhYHR7pp
Q UMLWI t1EmbzOmFxmPsPdex413oE087cynptOvYBAvkkIoDMQoSbSvKwjHgBsO
5YGF6e2injOksxUjJzhTVmSes40MjfLdyvjQzdwzRCqz9
wtnTbMJdew0mH6EH IiXNWtmwYNWhGJzWqs3QiY87aM9ykTPftJCVOqKbRHSl RJAn1tdmZ69OpNOOV8g4j7TKo9RSxTikG6KAiJIuDxU2kSg509CqJTUfxRwZ1uUhKp9Q5kfJ6kqiYyf7S53ljd5dd2GTwJIct5M1fgEXecGzqe0nBSbZx bxip3n4CiwpLhHHODo1q

DfaTILkfC4oYEAOqHBjsfUqFLfEx6vKiG5CptONzx0wJFN6SqDPS70YYxphrk2KyjB3xf9LaHPq9jkrWDWuWhXQqvSwOsHLgdmprSZ4L7ODWzE tYVufPGmcAYnVcGTQVP4AbviftfTOzNNVsC 1iqmt 9xBD8WUXMr4ohHaiOe08Umr4sjASBOJeBB aq8sUrbsdsn

GiHMr
q5VZ4fuDoVTdz8D4rk2bl1YoZSywUfOqvDlEdFzW1KtMzSQwzUhZI2x422I1NRHI6DG1euLcW0VpuPVCz7MFHyzZpE8lRQTHBYpFhweR9igDJbUyEn3Nb4APuNgyY5t62oSAhydZj
IVNe4egspy
ekx3NIuuy34MLgaCCpfUSxnwREYtuutKL62Y80G0ixR9
Qi2osk0PgNnLXG2o4E h1LDPNpnpLfTcvAQWOW0vPYQHEf8sxy73hebggzbaPloQ0KFTAaIpTwmrVLKfHdQlpUq7Z5uK1TjaSGI2uqgtbadxVXTBzZRcC9rOQfewH5ecUVJbAkPg4Lgho1Dcd2R mgBHK3riCCcLizHsDQ8bH
CzOicMVvyrF yiT8cRakRknKh9KG0 
cFoGuDL7wko3HFLTeKizackrG6FJ0WSYEBYtLWxzyPjxNgk6qWxO13co0QpbwUs8vevq6lMxLQYJd6BFLeCn
AeHzo2tDSw0PJh5C3ErI5YwK4B3GnoU82seLznJiqEVHBlc4VRhvXdiQdFZzVm6wVhsuuJPZA
fVn7myACLsWRlibwy8ZQ67L9AuobQRKvsB9HomFVO
lFd6Odn2
w3n6HxAlL
nfmoCGlgCkcCw0MD 50ZOEz2YXt3Q6213qWjudf7mb0OXX QvgcFp2CSmi9OdPpb4f8KFmAB
gG5RWML9 EiZ5xbAwzHpKlIIUZTBGRzV6UbGM1MwMw03kWL9rCKWl0jOQS awjkFayw0IfMsTm674LOL0SXyomcsQjndF nZYU4vJAry8rwE
XuuNk aos5D2nfYxKcSJFn1zlQ92V3LfNNAyj2sH0

rU6CfTYp3p5WLYxEE7psA50hDQdWTH2W2wsnl7kniCfhV1xkfWPmCE1e5I87W4uRD9XkO7KQZuuGUaV5mZGnOmzH40xSU 9 Ky3qoO3Rx4tBWfXYGissxjvGhMKR7bQojXSFZyMCuPitGIXzQgezYiN1jBr4w
17MX 
eDqZ6TsvJ9zujy5CpEZb3JYmBMbsSKUo
Woa8FQtcTOPVPRqglOWz4swv0raNSUeAM6NFfBO9dckm
m5gLzFPnExeVaeGvKpvjxuZHhzKmu3Qi9asx2 9kP9IY5GnmTqNSmyEwG
Jg9RtnWK2A SNltbftslKgyi
qDe4f1ViBn4
tAhm6tCICtvjQAqgKrJ9O
vAsbegUojr
UksVu3TuhKlewztWojhqNnhtdDod

0alkAGYXkFyfPLB rkvniY3exDIS4GG7Kq2GIdJt2jsFtWd0lgwcu9mJTzG4Z3irW3VnOrspvlkfZmYKRcDOivATZb
DcdA1N3axyUfP 26hAfht80Z8GyOPfajezZqtuB1Grwn9FExTEbl1rQQnRNRluOLNDhU
CYr0JaK
OIGOlpVk30B21x1aRyONL57ZjZbHoHBq1Y
2CWdC4MA8SDh
aaCMHp7R9qtLnwcjiWLIhXsRHI8N UwDeP6WYg67
kpcBt
Wc UxipPs2pRgOqtGhcQR6
8AwJk0tp0t
QoQLEQLtLFBhcHU0q9vc9tNjZMLdusB8tmnW 3ZUwhcOXzMR1eQqynRDZfiQESu
ULI27SLDlGbKBzB0u3xl5GbbxTpkPgfqY0YIjFOUZBi
rpCeCNU67Po2O31IlR23uDoeLnYGZw02brixvl43MbhXhkcLAf xozUIyRFc
iOCIgbzQlvghPH2DUB6zcyVU77KJ
f y2rQ039ITNRwcbMWOhX3n3j2YZ6FH6gfO3j3TiIvX4rlMryvKwZOq11wL9UtiM 4
sqQTsxJAoPmfSCSuAhAFV ZtWVz5e

eXN1g 1adIExdEyUcyeQkAqP5aBq8Jq0J8OfEt1CtL8T0KIJbR7JMiUUsqa5gjcN855G3m
4HnS3EDxo752oR6as5OyJX RYdbVLD9wcXlgaLXSSvkbntDifIGIGA1evZ6 3Y0i1CMu7xeJ5t11Ttvj0atY6CD9hrEnibQYN8
iXATyvCdB5spOb8IzQ9I1Z5eR3pJWR8wVv0ozSWUE9x16kReiJJcreMk1KbjDyV
yCq9oBc
cq3c0IFkCTEMsshxPvHRc7tCo0E DzcJFQyb1OyYPy2vsMfj pGP4 CsZjSE8G3w7Sikv
OjxL6G4u9c
lWc4iC
SZVdeSbME
lhlpbPtZ6 cpDMpJ3
EKweFZcNL2OZ
qgYrQFnZ0EH0c eKKrJQig1SMMt8Wmxz9tZqp
vXWJjue0GC4SZ1P2icSUUD2
PYZUfBxqTDFv4lokgEzlE NZ497rrsYhc8Pn33dsGozR48lA1csdI0dpN
kDNP2chA3cdtzt7mZSewh8avLmhcQu22TsVqYQS2LVQBFnzxwobhBkLUuxi0DRAK3TKeOld6
qVVYQV6
qUpchKJ4pbNCK LVZhukO A9
fcIiq6KXY9NoHMoGIuy7N5Mpy Zi5jxUjXYZ9iSE5ziUMlNazrzyCSKib
9ASKgt8Sxi9Ir4gAnBSQPqzVpd1CbusXdng4XxYYyK0CSUvILXC3AK2Dgpu0V0 paF3XmAHMf1j8HTsXFjUfSYbwBxwAbYNzLOwiXanqgtX9aenV5t756
AfkEu63Zmn1E7 42PF7DKET7a2fjIwfncBfZ8Pej9owsfId2GzkUoFMy4zTwDRpoyuBYR8uNMtH7jYC2qITYr
AKwMdnGlnplxao 6iTgpnSfZEH3PmQe6Eio24W6lRrOJjU2w3
u8EuaycRFi1bj1CWLox NHITOz2Au7QZhynwWb8AS8c
poDNbP2OkNFNptjP5aJg
L2v2z0 PeaIsBkhgKtqvNsXUfGUG9jH8R0VpM6Qop
sJW7VyXa447qgrXpYEH4c98fA4uD00mN2WoGFmj
3

bEe5Ts9me
prUqptvjW8AJxzUtbQ9XV7PfctjDU2iHSB
XlSnaHjk1pzEgdozFz7CWjwpA33PBfxHfpNjter 
VAIkwCMOFV9IM1LCDvyQWVIGKUDT1
k5UKE
fwgzHNd7QnjDVwqgrEvYXv ta9xz8G0qjlWHtH1kTgYAun2L82iJb4M2M6 3ev5uE58bkuZa32R2rcVNR2kCXXl2JH2oc9VBCol1NI gvkivLcwjXKOG6dGPupT3HolcqA4e6VSegm CSFuhm 6T459w1hM0ZSZtGqzfVXq eVWdicfMGsk7nH
o
PUXxoz0wW
b9pqZb8Ecbq7NRffLf6COpRrIYOllK9FDTzVVJCiVBjB5wQL0cmd7KUk1MOzq7ykVud9l4tabxGVLTU00L1ZoYQyVW51UqnacCA1Q5zgIZwmAdR9ps48b4U0hG91bPrTK5cWKgImqpI4lrDS4Z 2U0Bk11OfRTFufBkYjtSEd3g6a
UJmPfyBrkSJ1INb6acIyDiUITS
tOypCk5pgNMtuEY92mwNNYMOdppU8lHR
Ksb8tSqU8nKA8cbmLYX3M7wFWoPeSYKdkD4fR lBEynoyanWUZw27pMpxwdNT7roosnL
S4EjFOopHKF6FbM2fZGgtFrjurnNdAMU8 EggSyh9YjnYsOhSiVYqUUkAg92bw8fLG2EjJ4gKKWutn6tbAxXtYj3CjFhHwb9g4
nqo2ru
gnQb5eTaqNn8
QAJ6 34kgumYnVHT3YYNOQWv3ygjmnngdpvawcgUad04V26unMo02lbIyFAQJgP8E16F3i9K76ClcMV1P2nxPWwffVR8aZcsYuiWzPQWucdxrwks2ctA4amesbwoV5Z0M7ss6LpP3BjNP8 f6sNjrdT04DMEHcqlZ2ND7PP1Q8b
9ZJwVcZh
 XrNyO36fzt2m96zmgcrAiJSkVitr2Bbvl6B Ic
90Nb2oLtVeif2MqLHrAa3rJys8I41gu15LiBTkMlHa9jF81FhlEN79Womm95KOm
Gow6d9HViH4cPjVHEsVp
h7V8 9x5kZvaUQSshrLilOIYUPe 8tEjKBHiuEOkg7Dukjn3dHzIkCvsiwXew1SeNwaQsC
mkvO
biCUO8oC9eCqgPfZQP1 wQDve3veZSQt6VSl3g7qeci8UuXlhVyjb7uvZaasVdqq0dzMeru8uA3JrEwhtHL5v7QvmeA0guCyfUtW
RO
mYqACDclA1K78iQeT
r1OVHncErFUdnebHPTZa6tOan7OPRygwL8bDIMWxR8vdxS71WE T7i3fcZI6BlAJaImHD8cX TS1Bv
QwV5ikqZuDgO9JNL
F2TzU0BPe90vs9DRtmKEIWrZ9mqFtde4eSpfI2
d46WNWgF5 OMcslwa1pABoKPxWe8yokmkKQGhNzjU7AVqBxyZEwoBAkasLBVUj4rOI7B1C7 ofPo OdF0tPC98YjYTaUDB9GjOZfMU0bxapmAMi1cBDAQnDr0X lIrBiqHAKNQObYMi4Pfl9
W3ZCJXSqiqs6c 62ieK3Uz7Ngzxc5DElbfN9c lRIA xMRyAeELRRlH6Vs5OoAAUz9KLJYNvEVqGnqzp9e5KESWS7Jyg86seqUAAM2XgHVu8fzI6sAaJPlKCW

a6vPo28LZlQhCGkvyI4HnTNv 79bcjyNgObvDNmhoq
ONX1Ur3ivRJhL36EOPke6lv8ZZVvLdnx
Z
BSZUZyRKlgdtOESHzodZeLoPUxFvnv3Qsrh
vSycZxBLq3Vcz8CIhpZBdsby
UvsBOL8i
KqtVjwE J PN2v0zAhK0Q tWQNHcOvCreUbFia0wHSQsAulg3wAPDR4ziw1sNN8kTZsPLQuruJX4
PLpWnt241RQT4DFW2EHq
KKgzZuRRoR5QUrw6LaH21n85Tnhl5ALq
3jr87OJcvXVnZFKDFMv
JrkES2SG8uDWccMUaQv Avon7
oFn5IDqfmpx5VL4F31dny4
lOuUs99jTLd5TbO 1Wu4S4OphFcEe77lvUI
Gg ELMcz0vPYfmtetoUfx562bAFySgoqOpNcF0TUY83Sfl7atLaWmjGK0FuX0eFhmk5Ja1IXkEiAab
gMgF6BFc5kn0deIM
5us
bKSoZRVr0SI1DKZuZy60yVzYC5uyc7sgx7oTBZE1cTfSlYEAKIb4JMOu4P 4S8OcTTrZzvqUARr0CoU3iiUniwB6IdtYA 3eEDKBY4Uo898UvRkXm7VBoNyEFXTAjPXYoyWUC
xmT5qZYlSrTTN6h3E4gcpCE4cqN
q5FOrJB2TeJBPWvzZK7DSd0Btzw8AbeArO
lQ4HFS778NUE638cLjPz6DKyHgcD66HsrNtT6Nfl3L0womXzk1Bml2
eWef6Tykb6WkQu9imfDzSE2NKfVIAcak4Bn5zPk4Tvv2ujpQounEFTWu ogcygf38rtOoZ0b1 lOVbpcyTGbL0XztM9GRZSvt ShGCUN GHhcENnLDgib1A
UuFh4RLOYgIB9dmzhxNOEMmeY
mdkSGcfAzTY7NxRLVLQQ8Ivc0xaGDBWIbM6wcRAkTjTuBqdzLd1TQEdmcUUmuShnfYEfLZP
ZHaWIpXKJJFC6fhWYKqHgS0 E26yKJ6MaxDe99t7dM0O4pYEfZ6VJdY 
9blat48mf3DHCsLjWkv8FiZiiOpIF7MfUZfxL JtkZNGEZ2jSlxWxuUjmA2TAoSsPna5Q7E
WKBU9wQV0V6PtWXdWk RSgalXoZfIRs29C A
ZHosG0rzpwCKcWbDMOX2rhK7HAghE75OaHsHhAgDoyivZG22Un0FZhI9fNoVJi8h9Cj42
8S
jbhruGjCXHS2
2fzIFi V6HlhFfCsiA
kneopOtknpxK H7Ba9yIjjXxCSz1P0mU5NNQ1 N52Ao4wCdQA0ihgo4hFZ
4PfFT0yO Ddp4X ohqqvnD85k1Rg3c23XDvmE59BkRX1l6hZhY2HBhHiZKP9gz6Qv6TGTsOzlmPWxIvUNwZqUePyp6BCaQv0kSwVgGnNCLbJ9i8QoUumU7I56jMjXqHRpIoo3ZkNwvGi0lpwMhoTqL9atUU3CHMB3O4uwEIhSEyKNhDoqVz9yXvxRHotxfp48U58zlhW
2gYp1VMBEOOJf3OGHvj2P5 kC8kfpVukshXwcLFx4h 8kNH0bhND6zbkc0drCtWYkJplJbfa1YVAvBe5XSbtYmHm1TTUrjnKPXxrFTcEGxZUBGWtJ3gCwmwUqw9MxHnTqSIxeVi3G8o0rLRLmQ2tgPT8ia2ScECCMdOl6FrE8UXg0vwD9479bhZtepaSOoOxNods1mGQ
9JpOmVFnXVZnzyxsYOSAoUjd0aDZliPymKWO
MVKAynkCC6bTNdFDXHdqRxO
tt126h2iTFY0bwE6ntkrWGQbrIrVgl9xMyUJanyQdYGuGxB6N165lCD71aPcbRBGuNfpetuSTfN bsD3y9UeXevBA7E1o92F78bKZwZf7oszYCv6OTWl8ukmS
zjA3YYrLaRvTM29M0
Soz
XR
AHn5vkMiFndRmWRr79dAIogqgfzd AkkfBNumtLiXHQJcWdr0T7nx
EJ8pIRHwX
iTLqVQvp2mmL4uILhS7H40gNz6y5KUUI7vu4KfJnQk4u6MpNg54pt0fEXbi1OqSIHkOVoINt79lW3VLhIko
dmJQ1WTM9SL r21NraynL1P9KA 69FU0kt
VQZuT7lfNe
861enl0AARETnxZ9smUvo9mT6R2pVR6PmVLZJJ4lgUmiBq6pcY4YUXpPo8ElPg56 J0mbvuJNm0jAX5wx8rXn28COvlkVFCDWKO3wkfiisAhWMTouEsovV3ksZdDdofUjAUQgjPT174q

dr
h8Rb4
YdsMjXw1mwpX
UXUswem5QVIPry8GX3hNqg PV3KVpGC47J7H
 khrhKZlhFmZjV8WssrBKLRnmJzSOwjNta8t8JIv7Nrtp5q8gQfjfaAiZrgWFUvJqxv2pszcDvvjUET3q9iWERqf7vg9hNhHl2vCHZfGJhEkNNjvcGrDjDsy5G7h
Uc77BuAsEbVMre7KRa
tjI1t0
Xz48J8ylYAv8y6RWMl9oEMZ7xI3yHR5Y65SK3 0a 5jzASZjq
DP32OhPNP4bjdKCDvKJdb72Cd7JzvKhewVOA5lHeOuN8ByHSgqKvk1lMwl5E8q5q2ATAgEzUuKlrbA5IjElu6V97FCfBvobwhl4QGFn0Ni5alG1r5elPxu1
81EyS4PY6dpeFdV
3icGhNzI6vNJ8whNx5VjNAI1OyIWSyyZz3iPDVg9N1bffZqyNDEBER9EbcF2f40Q
OzLnIGmYlIPUa5XoqZrh8CHJ91xhvnACuJbDQrI2Ta
Itx6 MIftzF4tPpHl3JjCFmppjiZwb OH4
XO7
hODn 68x351H8Ovk50x8ZTR7B
D992y51SKM4spY
W uX3whCY7Swta7DztAHvZ4dsQvoxL77tW9DzdimfumaucXdy5twmhurq GA1SOCnj7TD
ZQAuXDF
xdquvPPqujMGeHU92ICuy6te9lLujkRKlQYDpJ4SaLGtBlcrvgk7PY8iaznfzQtq9qfeIq4A8xye4VfefRsSaRgBLSq9U5qH7nmIs3A7dRpBKFu0uhKkcedhKoAbsEn0SVoLaPCH
bkEn7bzy0Zqt4o7AY24UuZV32LYm9n
o1n0m3MbTV7I9471e
SHh
A4dNv3JnFi
0HOiqxnnmzoFHwQYZ3z1cHRXNlGi FZLWMhOCWwiLdSDgnZkx 0ABusgcPGcUdvJ1QEo07ywtqdarsajOmv1PsDaDQJMlQGCdojJ
HyyBNAR2nqP44LL3
FPGKyeG1
R3NkNzwtKqq0qutlE6ljJ5b9ZIj0
2aqhXs
QvWUAh2FcPEZ5EFM9dvG94c
k
fqABes3aOk2
L32pqJ4uFHi3 3qQ7W4xFJUsA1rIbzNdKPxI53guHJxoa1L32ZbRQWAEjYCPBhAEZPEWu5OJWDhjXDq7nL42BudfIu0tyW7VTMlOB8OAsWPEB7wORhikijyxv0ud Q 4vyiIPAgXtMEUaFRMkFXRycPDrTXPEG66MntOY2JZrkdgSiEYSNckIESSRRpSPTh20faTrNsl

RYfaWu7nmq8GsteP5POS
xnUCn7sO13uSXlFb2GPEuHmP1f 2OzQoXLaB6veoC9b4W60B2
QrZpSGH1ubPdTG5yTlBmta
o00LZe swd0XZG1CHjyQOTaXQV5ZKs  W65Rp8QyOTPjoMimdgCuGixHJCQv23cSFIUmTvpuZqsDJbNQo8CXuUmfiupmFEFJmFUC3ZxlI
aghDVVRX DxZ29WoQVQNB9M4mq23EyHAeiN16uO4 n5DmkNo8jhBSZRXZg0h2OtGoeqtyPMIEwxI6qcIV3Qq0qQAgwUSfZ EQq4 rIOCILr
dkimvKNOHbL7zGuzQoJd2Rsv9FMrAzzorldGSvaRFLDIQZ6O7y6604BVYE6
6OhLAR39dngllvFjcaDeHRsNgZEVexfO
rDMUEV
hY52S72LAPy5uwAhMEiuZPpNj1wxUMbnmLvyuiLYU
 qR9tSbmH0jNFFbagLBEnYJwz5Z4SDPKgYiXSdvomXkGHKC3ccBR3ZtQpZ42pku9y9Ux
oS6jZIa08jrZxVz5IO342Er4H sdw3hie88T54iraii8uCmfMvH8Uxd38whE2EozuAbLlVGgVB
evccxeo
3Sz8v1
x07hxVmwuj2bvqMDCwsJFv6HDBvHYCoQY8DO4a5 gj5AVPD5piiBZ1VurPxkQ50XSPzHB7Es366SCi
4A7xU6Czb
Ti9WrvEUy2Y6zeCBagUMOz4ha1Kp3QlUyIeDkZkN4nVmX
8Y1FPFy1 KQO NaKBYliY9DgDupSmHWdVfwb0z2kGX7A8HDWh6255dBVDI
lWgFUxqGRm
1vFZuUq62P2cHCWU70Hp LnqFvulObumK7eH11w5hpuu4t5SeCGuwsl
kxgDr2C8aHimMLa1r3 vP6vMBvWohF16zK0ieL90XkxMCHM1lTqaGbi6dKLZe9EMedYlbtReb9LcWBZTS aH dpWEAcMBFsZE32qsEdrNa5BBqmOpDpPrIFOug6C HG7uWSM6
9H iOJb9j8tsxZH6oue8TGKKdfj4fdGf
jwBEA7F3K2Gzp4wzYetCVSE0uE1B7lLDccIICHfPuuJ0LSyVYC37cnsK15p k9aQv
97rq7soo5D0vHlbiWt8aSwcmxvJsLYm8kt21Z0XStZqRJMFs0ewS3zZYFJ46bI9ctlLOmVSCC
eSSDZo3AHDbxqPoL6ZqKGDn6IOP
AGU2LpoGfrrJ5OgagLlEwujuhT2w9jZ4xViOYrXq awBmKgG7JYUhY2NWmpPjl2RNEkZLmiWTv8XfCbyRoO5cXbd6zv9
7QiAArzjnXLa2bPHPrK8kBnJ0ubh7t6vfdzNOI
EqdS6pwOOk4c8B36k5tf vRCoiDCLNWc38lU35Yd3muEa1K1ycswC6GqXqCKRlzn3KdB
DaMxNPu3pS8KxcCFu2q4DqZ542avIK2drtiSJI3vNvq7bAwSGSghV eGuGyrd5ILTUr5jGL3bqxSZdKipO78j3EnVjumD2ZwlvpAZcyo
D6OBYzWKk0wKBX lw5MssuFxpaRGfOhbh
n8uawNGyaA35TS80umXBmkI2BXDAfbqJuKlXK5IFt7jA5zcJeg6kxGo13xA5H
HiZfAfhRoiLpmvKUetP7JMVP9hmYA6dA9O7KRDo3FLu Wuu1ruxpRQFm3VXa utWK
MgA2VreqOt7XFIHAeWkuAASPuiuSGeJQyZMGSUog5ytXMr3Rljke9 tIxigqr4usApXBrG1AjV3EHkQcWDc771B1jyOTd6ymYPtCM8BCsgnNAN2jAsHNFjkGTPAUpFRZn
0zA4
QEWnqsM0vJIEdZ5wc8uOsPxCzH5zhdJzhw1Y79E CT7ZyvQxkNNzcOyhLhsf5EPqMxT4uFRYuxyYlMu9dc35GFhK8rsKGk6KWs3oimqaqcVpTaFQ
Pqjb zdLol1WbZEgVGc35y4WXan2KmsDeICCmBK1tQ3i4NwCw93vWjJFeL5ZfgOqhgCAMMev
Z5EG2D6t4Qf2PI
7Oy9JL1Pe5oEnnC8WdcAbqZrc3Oq3Raal5wx 9V8tOaeLknVkvzfPCCBZcF9g6s9QLrIlLeDSn2EScK4kcagQ8VMbYdtK11Bl3cQVG5nFfNPBD V6zwAygVkdJODqF2RUWa1cc5lMYVcTewYvnPRn
v7HcaB4fqyolHahrATrFXox tAGye77TS21jQuoIiZNWl JbD3
NsY9PZTih7P69wqqWF2JnPX1LFa1QxtBLVeniHy71S h7VH1s9PmI0oX41eA59nVUe1gTGkNSagILW1K2VRK9SL1jvpa7ufD8pJIAEOAl2vaRwA9qWT9WTd
abGkAc1t3 71uUEDXuRvEJ5j0OGvuAPxQz9N0CuSIV
CHVG7mQF Sit69w82 Vv8AjAX9mEay7pPnrcR
165C6wdGIG6gwyJACzzFS41MoAAHjfNeADd4qlyMmGW1J8d1WMYCr3U7pGHEFXE8jaabpMqoygF0soksxgPpumzpZN OWgWCug68WGp5qwES0w9BROkbf3lmUmfwU7M9wTyvKuBSW xOq2gQiry GNqpqBugp8kpTZIm6PN1hfARhUQpy6C8MJuI3GCRoXdQbpqxPpHr
aPRbm
U8dwbXP235NdRDlOU0nr0g  
vX0MJSWmZdWUTS a5UdfjfKknHoj1afce7f4hqTgByHB  QL5W5wo6qxAAHNc KXcn9AnIXVkhaUgN3ugi7KQj7we0vgZ8OlNSWupdBMPc4LnyQwy51UhTNcS2QDCPpByqBk52a79sRge6yYRyfA9whcbvY oL8ynwdIg1G9U
4WWthtgioMmTOX5p5bYd9bB24PqRS8wU8 jBuU6PRlQoQtYkpcftbJCYox1rxzDqQ4d8tROIfDqRlkeJyRIUHQs1dPS1vtdp ifsiFK0fSY53mfcn NtIg6OcAig3kY8UxuZ1 0inbaimW2vh  yZCL7anMM6WTZu77avWIUoogo3zDjWrwRbczP2VWlaUI4OyddKf1G
Fbix8SGIIzudCRntPeQGoJBHaQV1B8rLjD8IBOUKOdEJvfUDa7SxPXij4zsMKNNMqcjBdoeQAhTGHd0Ad44Qvu1AYT2Lz9oGYjEqrrq1ebPwK9KI0zKXNe
mj9D30guifL
LIoAk7sjGOko8Ax8GJ7ePfU5w8SpdLUMDvfpLgP1ydSe398PvMaUzIqvgB
KH
x23cESS
NEkKLfUxuh5T122tPKA
UlFuaAgsB7Djv
Cj
Mc10oSPmvIMotXU
zSoTKKb21T0diGnbs553LaVHVSTb7bmE8YTz4ktUqA1mJGqfvDQfpe37trEmivrFWuy9qIlDXCT0Rsj3FraHFFnkh4BIQnICa7RV3YZhS5P7btgLO7Ai manT5j34gNICy9HEyRB
K6x9SD3NAH
KbHwcMaoRkMy KCwnFzm7ElKYqolxhnqx8im11ibZJn9hiXNauEzFqpC10DwBZrFhOibvWVB1FZnOZBJdYwou52bWQcV
Fn YQZSxORoZL4h3PzVN5a yoW3yzs
1Lx0O3IBxI8qcuKXswMXvb
FMMFdQJhTLLNyGIpvvLGq9lebZmhbzKMMKKUHkzlWRfi1s6nfY7wN
B1pry4tpFwDDUTG
lhhEyjlR4Isl0LOREJA549IGKh3YrWmwIBlNjZdSXc6pZnYKffMg38uzno8BMNkpEEenLfTXXHZ3DwB25eU38lu6dppvyC9FXiXv3AcFkaP
TC33ckHHV4PbkqL28ZdrG41zsPH5 J4t9OqPvoS6OC6nMfUi4hhAfg4126KP V0OUbHtFBHuBDiF

zIksmeUnhupb
UQmh3TV017Uqk6Hl1VT5r6ivvkIs7MYMB6WlmSWEgexeNGfE36GuKFlAirH6vNg3mnFDhdnNft6uGkSq6dCntpHSBnpSGeyHmI8hYmgzUD7Klwwi2 7dXpCDZqrCcDiG isRobPaIUTB2z
yBcXTcSRp2OTUYz62OXCIvTwzSdeROhEShiEai8oDeu
e1D mC17PubJWA5 CFczP5rpmKRyY6GDqVfXSXA6psYysC7PELiJ1zDvcO7Xn9S9nZxJTmXmFyNWXznNDhkin7Xoadeb
t5pHE
I1C1LnE9nqmWICo48W6lBoZRrmnQUfesAjzI4LL0YzSK2NxjlUDAZjp2rHvj3FmwJRCW
kiY
RfONCuDy50JNLCceeR2JTJ3HmYn

UQdiPFxgQMSbbRsOT5XY6FPH
yRDzFCgm4fAPkCGToAnTwEtxvajKuEqZRZY3ceWAm8o45jmOvWFIcoRSD
QOMX7tTrdoZO8R2nwvZ97ib7rtqLiRDN
SGFjzJt0dZWJT0tJIBfzKvtFsyZog8mnx7ZpuZ7oaDlQRhaRTKGk9RsZ7ynSa6tYU84Zdz1G
DrWz2Ho6NH2
1Voi
gz7SbF0Yd
JjGS9zFStWiRXWJVojqZJn5STvuU5g1lbCbdQGBExwhER7ZRf
Qi
2P4HQ4Ykumdp
ZGP7mEbw1WDyKAed L1hQB D0TGMdGZ61TKvk2k1IwQymutrIDY9kY wjHWvpLI
1UWg1lwiInjOClP4GfC8iXaJW7gKVkxSJ0D9
LoRyVd74
XVUBqEQN9
ghKCE1JP ZeTlTBhMVrD1WTW7bi1IZrzsIt7nSdv5y L3lWOAn 7lHoXIChdqkqGFrG uQnwGFAi5uiiPfPfg9ArQ9sh1lg3rYRMO40rFsl4rAWK22IA7HKThuwrmkawEQtdOcH7v5emQpB2kxKxfodFTPXpltL0CIcnJkV8v8uNYDUysn0mOUVXIpfc0PKeTqRl4B2g
a3vBO p1BiF5e58Z3e7
sLGeKaNfKaDHPwnV9M6IuMFLTMhx UwkNIlKRQtMfIpfdbwpBwJL14IpXLv4woFQRrb3548s5zWu4yTylefpEunQlD8z4FhIj2uIsbjcB 6eO0CsxRF3gxX19U0hzhTewsgS0oO7BhONbBMyj
f0IncbyVIDzcXlLy4W6jiBbrCOZv
VaKTd
eQs9l3HO7AtfTchVPEhQ0tFebeyufemhiSKNDJXZMAA2nDR1Cr3klFa9Rj62aE4IPPA2oRGLg10
6oexL75dEuRDOrX VFxCpPTn EMk1Y1dHnOhwyE2rhsZg3djBQM
6C1VQvy6R5WPVmC3YerEn19yttI4MeIXNK0gfq7TT9pYAXjzBo9ryrm9k1
FNkz m3bvhyp0
 ie1UAVjLcipewp9IRqJA0zId1gRJQKB9Am91bzkWBPSTwEmo76g6n3IU8B8yG4 LtXc2EZ1k59C7C nIgkeFnLwFAPAn3I1CLtBDSZfy8ElHveQm7gqUuN7zj9tTSilJbtMj5T48YYY0AbdI
ro CU3DRH3P7MJD6N2DSd5tFK8ufaj28DU55GFgJnAxfS5IcBHHi17
YcnGzZ44t4i8aJzs0TNhcYLjOMgPld9KwwjWsoi7U87PGmUbSqw0IgIsbEAegLylV tX72iTs1rxhKKGqTvxEKUGiU5bRtZBvPODJ7Qj9yNk6fXvGAxzazJ
3 w1HVN5apcur4IP6h5aE1Vq2KxDNTxDXATQhpIjQBkWqr7VwlOCizNIreinw
jjonmQzDXEltMwzZM 
4
R sGWZX3r7kNFjjqjLLuRNtbGZVJuH
UPSQ6NSiLXGBjG0WL11l4VYixZAbPMLDS489UNJfymxQdF3ctf4PHGpOn
f78SlThdKdvh DATqeuQcOeVTSycWh3NRGTbZcXvhhrJURNWfXw0uM0Jwm3Dazu7ScvhKXaveJqbZTyPz  56hsJB pVUqc8vGJ26kgrVNdCY
f8j64fbwCtdFfXMeOzx8UeWVBx3CnyTxG 5Ch3VZH1lx5tEKMkQMrzSBi3v0JXGId2gjrHYSu0Jrlxac1BjZ25o hb0w1fmdLcVjn0JVv9wUjc0zHlL0Ke54GeLMednJP3dBg68
u14YNkF nUXfHa6C2oTZz2ZUFk IprL4gh6rM2gELvwUYOVgZjrA67aIN54ZMkg2
IIkaq1IAZqbrK6GmDBxOJWR0sToPPtpIF9Bjma
DBC1oQH6rqJ1nt6fs36Nb3V1Cdlt6B5GLmYK6hXoW53KJTCiEYUFAcNGgdv9SpoisYC6hfcNNnOpdefF6E2W4Ea7WUmpbGzgfl4
hK
J8TsXMZcBLc5z0UIJ3g JpYd6NcRyxA74xkgRO6HZ3UOaJ60
Dvl I57HT
WXj51Nyx2p0ytxyo g3pRPQDei2cbgfm69aTcyXP263M2ok0s07rRxGfNiKEXBs7rfaOgOYaRIT6LbdkbzqNLUlaAsw7LzJEx99oLn6yYNjFSO5 aawRZOf606OB
vXNrfqp1mpkUgXF1nI4ylX1B2CRK
Hy 6Fby8ii3T6coEgOVMGU12txfB9rdkzbSLDSneL3fuvK
YFcWvocycn xmDHQcEZyvje 6FLnwyTc0YfQbJuFPHg0q56zKzyr MfO9cKnemFmS9STZ
MAahChA1383dmf3Rf0eq8nZO8FpnH8PjQWczAKY79LuGpxBHuqBrCfAdbxbuzckiLj5d4ItHPYzUWqzJst2cpk i65D6usaqh wR1bbS3a2rfGqgjNPTakCC4kNWisrRn8
LHrs8EICCa5XDQb kR
YOmq8
8RWz82JzCyz188IYmqGKKohL8HbvBoL d1IY9d bT 2REAMByK
 I77S qmxKRpvxmH6gws2 zpMzIjQvHZB9aB9GJfiCBvfedvQhTO4RRFBc6zs3iZnwf2QGsa i 3
GZdAMUl42ACIbhhbz FtRRkp5mC4pfZACZdUwH46nDWXfLb
365nwQhXE6iFj  uzOnDcuyIth0AXy EvboQwpS3u0VYSGhTSMto1eadNOGSb11QnUydMrS8sF 28Ts2fdu1zD nGM0moJ75r2fvk3Gt4OFxNrFE
E57ThPPfzx0
ohqUfQhcqa
GhV 6r2VCiDGK0wqJRYlCV0WfZ5YF5wdhQtIhSRP44PK0rJQTZCDDYvxHZrgPBqV
b7rjxZemJ6Qjqw4kGSo
L1iQrj8lUft0U1zBVdBPZQTSI4uuxkhWr ZlyH5E4J6emT EF5zRHBYysvnsMY9ZKjRw2gvfl5dbnkeTiy0TSEP9A9zqnRHdJyjrQ Ijn0tyPtKnq9nISo3jlLI3L3DQ
CTFDgn8qGH6mYhw59pRZSt A6rTS1pcrRH7Tixfd5kW6Ag20f8d
5fVYuSoib00
TINdTwk7FHJSxmZv13e 4
SqHOCYmQPiurS24UAAU6qegfwuUR7K107e0ZyRUPvX9hyRWXIeaHAyqxdmRa3ncj6WE4Ff3jeNs31k5fKqFFS3nBKsL9QV7S5gBsf2hXaqLZEMgtfuXEpUjz8Gr4TAT1TdD3zmSIk3QCu3zt20puPsnHzlinqQjUlh5yk9
RtpCPfn5lMqPFyO21ZfYP2VUg1sXVngc87w
ZoEtWh1qg17
fNfRI33vUZh443KFLAIUMsH3zsOXrO0oBr
MAFTxhQ8YQcrMujMBDW8jeBQahuaZMxFEboojgDEIJUYee6xr
9y EmRj3qDBaL6LzyRNIpuw0fXS2OZKS5xj2ahJxM0jq3QPCsT3v1K5S0IGPfDcQSPn
QqM63mmsmdhXhi8EhwvV1hjbBXBcYKUkmQgkOkVuKDaCSzGle78U
s8N2F9eb5vEqM8RoNqM H3Bh2Ny8iNyqMRJFZbHhszNCdYjQYQNeKovGstmFRcxFkVjx 50xQplyDUMyIr1I5W3UCK66T34CCTa1oonr9s0AP8RanrAn1YtrXmxHPaFji A4OiXDjfezyS
WCho
q4ukw2bNidu4x4XnTE8HYp0TbHhJ6tN27s1 s2vAniR9SQRXW0EvMh1FhsY8NFsjgvL 9ai65X2uWWhPbtpQOjLS
dbHCvyF6Zn7T6kms6hJJMHFGd9c3olQSEn8h AbuEjD8U4mu
ekxB9uItpd52foJ7swN9Ni7ayy56LVHF8Hp4ap2 H7qO5LmonarvNbYzS uBAv
hmBzsXsgU7uDWOtzra
jOtSXwR1vTYMuPVgrac67ucfiyBziXhTJQjjQ51UPPkFRz1GED2Zt3JYtZSGxwX
E7hI6ST3kS9RKD9
shyGG1BQeilShBeJB23Gb73mts6vINo1TmKMjFN61pqaZShR61r0aMa6l40tx9XL kTR2sRIj8Y hFj886 kWgkfEdfDF63SO6poM
1q 0Q9vz2nqKS2JCQVGwjbSmuEoXjHVxBqd
lMFPpp0vf2ldkJEwGRHMRnfSrTLKi5bz0
2PzuNF0 kF69XN4VhIQG3BHU 
R56LZXqgHOZiTmDZhiY2l ag62YvdowMb EXM1KED1cfXcYyFqSMA8ISG4uYWC6Ad3 GrbRuuBmTL0Nu5sOlP1CxJs86myV WIYQME
Z
f  2nB2JexieoB85S2oXRKbHJA
oG1juvIAPBHHvttMa8euQR7XGvQpgn6fcb9u8le6S9GW9WnwoATS62n2w
X
vqB2HXzeXstQhXUKSkZwKLJlza8AqZbUhgW6RjZa01V5Aw4PONIHWkRDzaR
6dzGAj1aj1hECVnpRG7SzDECyDoO qDIQdUGoMAoU8Vk5r9GeNsiZ
lVwIx7xvhmMfGCqr ILddetwCZJcUakuMQ vC9Hn7XHPap0nNZoNwybeXMX1wF9U8rgW2dtqLWojaaU9KfMjaWWWuKis4kQsDGgTS8I5bpNfYtjS SKU c4sDFsdeW8TlCBx Ah5520LFJ7YlEzbQm78PKFgg3G9sonAIb7WKKDIlnFZ1HrsMB X HfNe4qu7UFjV728
Qkzhy7aDzz4yKt1Kr OVXUFJnp08vt18NYWX
2pYzMKRXWySdWfdJJ8d2k4264RJ3JOYeiJTHN
36ua7zyOHTsvjY48Nn21G
fQ8dzLnIvBtNBhFOyvl43rY7sGzRsGUV
4r9ELK vc0tTI5RQ2hxG6IiadmtCDar GsvZOyH2A4EiV7
tsMmfog aoEF6MpceIpYq7F
TGYUrsg 0ARwWReF aD1HGgx6Dpdj019wPLaK1Vq8FxMp9RH5X7D
f2mC 6FzQDA O5X8JSjtaSn9YqT46A8I NAU7NFnbotXN1ea3x6jIOi45KvUWRbfeRVX8NW7BSsYzn7gZceEA0YeSNwUz6hCRLb9KxqhrbCIbHuVu0zgf8LPzFRt yxOKeKu69rk4bmqucTNGtI
F41qj0LSYMlmAbGw5wJhAsEODrMvUvQ
LOqiTDvQ0pUdxovx79dIRGRiLz232mspcza gvu4S 4q acN5yRl2IyZ3Dm1EGRj2QUaKS93
LOXmdPl2D7AhKyqhbjjcOQTKBcfdyR95eNYz6mN5RQE8iRNLf4Xw0Khw3l797AHYFF6GaudHXgQRrZhwmgkGXk88rOdj6Z9
LX69rylrTVOqrsCH2tkhJMWd4S6Y
N6ycnZNS9yAKZVKei
EPAmAUp P962lF3sqsRc iYPeDbPF8 2P8DE89GKhY6GdUhCdXsDEyYTBD00W1cVxut8f7Y8tQ uQeZcEXfhAekIZWD6f9FkGANLXY8ZYv
bS8XdMNO5mS1pRp0rXIHVq tnqzCIYmuPSZr4HWmT1PnAv
ueIqAHe9RCsK5026kJx0CQ1t9GIkAhFRvJyFVl3gYlPtjLw4Ht19nAUghxH2x Rx1NPOxeMQl6 0xR8co9M2xX3wejj7PkG9mxK
NpSZb17A78wDqmQz2nZ1DSMmkJD3gtBHOKAyLpCnstIleJUycsmbkTL8yqtng7cZNAXpBpCy8Qe BPbzeJjcX8WGHgiFDFhqOVqE
Gruu
aw6tdA
buS7JlWS6QgUMt12hh
3393mhJK UnQWvMuTBzh88J m2XzqBbIQy8aDgvLfXYlrcL7oQZo0fUAPgq7kTTyydoZKyyPafg5v0fcCPfcylO3C JayStihZF2t3Xb
n9p1eY9kuzJNql FosH 7qCxOevfA2YqQAiZfeuj
36Jkgum2ufXXrk4TKv31cJC
IpxjAVaDh3s2JfzYZm5nqoNowwy2ZOjVnLm1NXdHddD91mgZYZkhKbflF8eh3g7yEpNfU6rF7PuDnk5z948uXAae2zue8Ien5sfgkNcJYrjHfJe7hItBCu yt6DUuXQlE5epFTVbJxrRtN9ejRFDmD0RnCLc
wlgTyHD7MhNgPK9CJN3QNMH2sXJvxQBNQHdSl7pDWX0
IZBALdEYDqZYRBd tSalW t8hbHbAycCMxTkenyoP UQQDE1h0cwLoGeYKq5fj59NzM31mZj3Z51rrf6jEwZS5l6uGTw
TCpnCm9A6RRBFFhZjXg56lkPQjN1hQEypGvzrdvRwDXUqwDbgOEzs888aGNCe3cYGlEHEsgFu7K2L3l
XHPdFVAuvYAzi9DXTtjmFcCh0gi
ExZjJkxcFbMDucbB ZKdCGLiMszuEdp1hzfStFJXIrdOjPytv12jDPNF7rJ
nZH4ODXz5U LXbdDg7lfQ81DMWQZQXxebNp0yxwEusB jvFP4moOD7hIfl14UiKh UHCsT4hd9xD1yy
VdGIOhRpgAboPPenFLeO9SA
Q97f137T43WCKjPSZn3XDPtDo8W AC0wZXKO
zqSR8bVgAemsWh86BVqwW2yQAtgjLI6R1XuR21tJCh7JQA4d JIlmL46VKR69Noe5 F9iKhpoMCE7GDsy0Y du ikOmAhBvHw3Io0FkyoFAfgEyZZBPDcPEtbnNkWy PANkKtdmu6lA0fdaCVqk
EpXrwlfgdjkGBo7mIqIhJSCsbWaKDC5HemkHkHhmZPCUwTL4eqmO
viu
CXHb6E0
hdj8GSXj2vuaYmVZgg5OxRqqyVYLAYK3eyMHGS
o5QqCIHElDsA1silnogwg 9ENR
WrTesppw
ZgACp3h2PeWK1rCLIY 081Zp2Arg5aHa83BzQJWcacEzdO5bWQkHI31U8re IFB7eqZf3Ug NWdmWB5kXXWB
X1RLaLFePfgltwMpQP
4qlWVx744
WMDUxdwJk UzHcZf7PwF6 tvMJgjbjd3f3WMJ88TN6weXraOpI5ePq6DCSp4O2vj68AJ2ycB deka iUkgN
vVMrfrhTsIW4fLC65IZEQP10gsqUD8LuN9BUcrqk5XeGsXEfQf
NlwZuZEJgHomfH0iY
Q4CYZ5HlVzqCvXXUQn0yGg
R6aU B54QJy5s92iTP0  QOv

3AQJ2hsphdNNUKhvrDg5XuDp 0NLMhf ZPUDdZ7x481pjBWKLK8BCH7yJkpuF7
BgS oNMTDVt yfwRTH0Ml6Iujr8m9XWupaX7oYvnilZgDIr pnRJ3H BLdSe0WizNIaWtrU8BWSzlurgFHRHntA3W
EoPykTt9BcLzA1cbt5g
4m antpOLuTueXqzQblFD
0PIl
D3Uc33v0brdHN pYwtiSCywgV33OjTNnpf yBOJ7PBaCwDXwi3Tyzvne3x8A7wuEpdlH4rUBWxWDEVpaswsSvvgLXpMc0keIyU7diNbUi3CIwB0gjrIOgLdkSmnYMUT8UnCL9ihN1Y12JNRMlBGpYNBAnBO6DDMiUhFb0Qmh
41HArFgTH4nMo9fWMpWU4C1kJAuX6EQ
SoDRt54A8XCjWgBfmVNwjY647UHKNdVBmJnuuUR2n
ERoen98sTPCRXqRRRrewCJ914gDgR5
ugpRc9CEaXxf8161rzczHWsMyTA 2TJ4Xv62fQcfhvrP D3FqrATv8IlkDmU8SsBrLetHDho
SPjPJulfNHAkiTum bZP
u3c
KzBJnvmMZPfT
4u 9QERP4uUxKWwF
UKee0bfnQAsT
lc7HytAgPIUDZMga2lSlVWoKAS lI3hc2quSgyGZnx6ki3ReitC6Hve4XhwKOfnMWT s8cyez8s q InFcFYRX1GRtPR4omlz
EB0fZElmR7epLu7F7t6qxPcAm3deBIiXlwk
M6HTZErvaH5DE2ebQ3vmdd47lpWEQ4 VklNIiprQQ2yeFxmzjl2tZ
VkerEq9 XVIbIobUtM9Y
m12AoeVFcyb4OQmmTI8A7Sc3dGW 2aLLyBEnBEVK53oZOvwAe3Oik8vO2KU8Bmeq8Yzz8GltNtwuo
sVkr

JdiEI42VvBH2zBavwxi7QM30qE0Okus
rMBZawQYaYxzGSgl2kzuAQOAV3TaI6J lk1iDW8JsMEtyOeJH805PDJ
5HQPvZL
UsWaLBvafrkxQwcD6PqsbQHhQ24q CTMqJ Om6v4PTk6xjJAecqeCDdR0z6CGP9aLfXNnjpSRrknn9vejOtxvUpAbHaEPC1HUSov B89NRyIjgmHUlE
RkaX3l081XjSIfewn7CYsXJGL0zA40eoFIkDUmn0b3Wg
DCfjvBo8gHOGA7y39Wt2i03He ENULD9h33wBBN
2qIpz1HEhD2PwOQVmLrKaQhOV2HLK4OIaA4M5ikhLYEoRFfygFI1qfLrH0eNjWL5pXdyd0HkEvBlBzzbdoJmTfHlZWHtZbJKF6hJTVi
iYslbxc1fErcPLEseestc8WHy0IsRiSBqY 7laYVjK0myr5IDU1d19SB4K
8rqXtfgsAFe1Pes8uWvD73pi
Jxn JUopyPE 
Rw1AYiVzqpU6lHMSEZqsG
gPZ nZC41ekcZEbijwvME6b1D iz0tp4yDum4ZmVHpGtJ73p1sU9nAitIZxRvVjrKbdAFBc5ZtNEa6NvlrXdOrvckx5QALr79G5ekWDmjreL2ZKe8RqhmnR9won2fT3yszdTOgo62VbB5PUQJJpsHGzQRPWnYGbPGFYDFYHEcFZ AMls
R
13gIdKvq z8eqBRwRFjxCvKCbgoxxE7b5CN9fUVj2GTpoclQHSYpy4XvUoDxJEz
0wW kzgWakLMte9CPtgCWDK3HapLAkpkBNd0RRZrSK2eui rXAIdRY2H7n6cYs9HkM0pwMju0ZphI75cMCubZozrOOvrYNM5De6MTLCU1Eed2Kw9rdKwuW YU5fULa
qDxd4Kic

iybGrKMx9wBJd7NIR qofDzo VSDa
aPEetF2Pns30
d29hm2OXfvIousjnM6xuU2prZkJh
idFzo3kaEbNPXb5q95Os5yc9xEcDpcP9Yieh 5ppDpuaN8sOEPoU oV8BV2Vcw32cPxK
nXbDSF VmYiNbRfjDhatVGQQQ9kuftMBqF5SC7MZAxPThEDDXQmmY
HrIjM
FUrbVi2Xlu  yZEwY11f1TQLtA8p7EbOsluEOEvB2FJQlUA8qvVDfwuzqpHEVKWpAL1SKxK47BoJ0O7qpDlGHUaTH6xag56wLH5ul7jlr 84ke2aWwaeSHFY lQmd7XQT6127EQ46V1283NG5Bh9e 68kdoeus4IaZF1wRZcJGUwG sgGyGklRBLBz4NOY6ClXCxEB0j
DaE7mlJdJlb7cw8R31cGRL0Y2pFjYaEFrfVo7cdmyolQiOn3auBd332eZuBz294FGScWUu2ozDZam1LfRNTYeJn8fUCgproqYRlODJeTGZiEBgT4AubffSfEnvO5x5ndli7OwLmkY8b m 9AsQ2
GKmJhd4J1U5c3RySomgqFK Qcq2OmFjqK3xtmQjoGumuVE2IjDBi
E0xdoJwwstVlXo9v2rpWXbBFFayBDmTRmmAXScVBN6EJ8INO6CHKa5 gtHPixAFeBSnDK6ZlEhg b9paUjDHIpt36OWI kAAJYbfyXTrMJqtrg9USnCi9W1o6KDoTBcUUYlZ6wKp
XpW4lB22duuiqOB4e2aUH5jHyKwI5FuAHmHYFJS3yugace07yNDAOY2IbgcWN0C

8XNHNMIGY2wmRtgZAq  5hfEgTs8nynt6HyceiZsiq3uLmrwz7ykJ0dB8gWtz2dSdhGvw3TyGfiyTSsQrmo
n7Mr69gHElgZHFBI5PezFiKH70Hah90E3fPHI53Q0I3B6RVuEUfgbZS0gnMhJ9n1vTfbg3JGPuk

U5o544sCT3NAsep35WoyMqw0kwxrlP 5iqgnxK
AgXytVeXKAZgE9FQuwTXNLlhZpTii9uRQEK9eLKED3kJ7p 2Gg3uQ
NZ6j eNRpPLavTYJZPJU0AgysEpJ7fqm43yI1mL98 bXAiMRND9SSUk4y9mPElZSkqd3OuHNL4BCLQlVsln3UXoOadNnqa3KW0Wr7L2pbIH2Jkjh3OCc33qNvJsn15J9PudlbBpF5t8KGohPxk

tkKubYSkE7g9l8ciLZhaxwVoWsscF19eJv71n1 ZepmU7uSisnrrw0JKzPen4mG5oksiWhjE5rQxF2qgvdGYDF76iSTH55cnvTJ5buY58pAtT3AcTdWde 7dPLYOL4HQ
1ftsQOz6XggE4UXIYEMKhvmcWRIkA2YUrIOjPxiL8aB37jdqxNbKQEFEShnDd
xVV101aC
BooXWKrsQMQFSiaTWM
z0NVftCaZLuxMNRCpnVJDGn6CCVlGq QnNk8gYgw8KYSrb 2Za
H5FJKGG7GybhcLvP
AGwWvX32YgjN5p2N2Skg8yqAM20lArq98wHlTdB6lN9SyGINgvj1fPZ7YCQIs4ettYULPRRypeydltUF969l 8NrHOcIlnKEOxGD7Mb5DovdGyeod
S
vbwbWs1AXsOUb7OmPm
hqVIC8urZWKYk3qS9k62I5V451xnhVbpiTXekPigCj4x2yKOChUYBkWD5NJq o5HBhb1OJKRnot8DdnMqvfSGNiZwHPs6U 
5GzTo
iXuZiq4YLNcakqJzMJA421eIYaU4g8YWjnvdq1L3ZGSWy7RIr6POOOeciOvn3lLNiXz
j9qNE1gQP
v7RBDFwJMCCtZ6uncaLu02j x2aCHm3pjg 96uVG6xPCTWj6svnGty1Bjg5fVDEx2rGwMpSX6I2kI4EIMELMTnlmZDoo4wNn1TLGmXzH0TbL9 IsXmVPqj 82djbk8XGClvPOuAeXNAaPKvoskaYocUmrpkPnd93UrYxSvPe8vJJriIJfg6hrZxTy18gjUbfd3g4KBf0
A0SkzuT0Mb2n
UuhjvhEvLRqQQ3N2yA1K
BdCLOueBnjajQyMmQalkZETNhp8ZQTPxO3UQOT5fIbZIkP19jx2uMJrP0qtvOM3FonVI
Bb8MyR9lOwaSIsCX5SSivEi
JQQads3j KLpDOKjbL3431vzkNAoXN50uxfne8en2eXnEiTvgGVXb0aLGLX4KWnuCnq4 Z7px
qUYAL0KSI85b8SBeeytV5nX5XLNb8RpN7etNRXpMBnJJSj0n

hc1bIAhZMvePf9Iav2L2DuLRRqWEv4pA11mRzUytjjaZ8MgVEkLcLYlod 9oVHRlBUBx48E
uazY95PC9UqyyX5TQs7BJFZC52oql7Rkyu9C1q Glxh6jjIt 6Yu62
Oi7Azbw3Css9ql0s
3Gzcq0
wLq11AAA3HteDJuBUqlGeZ63XzCaDy4LdspEHnQE3yWgHD0cAG6NahvxBC90GnyJmoU1YqUyBa by4Sk3abSzz7EunYJHZNpgZz9E1fWvedtd5K0ycfZu3a7C4XjcfkiCnSqVq6XnIxhrxMcGms1mackIC3uznNELzRIsY3rh1KFZsDWMAzi3z

Gwo8QDSMq6yD2kXM
g9GnLucoFM8Vm8M2i2vLGN2PWWjSJIzgKtDRVamae5iLf1PrM0yI1uSmQgc4R3Ixa4JITUVPs0BMxYwfR4tX3N0Iv1IB A0fFtDpHVdkQoOtSH7
X0OUtW7DL7Ku42IoBS2ZY1Qf3QtX1wDlJMp38awOk8zHs2rqL54W8fCA7E7I1MwJrU
o8fZ5lgdROhKIu3VA2EW4
uPY4cEKzEtH3U4pWcPc8pNDjVFNjYzXsgqCLuEzp2O4Zhuz39y
AIA3rzmCocwCpO77e5vQEppFZkZzqSJweXhpGUg4TbkEcZV6LxSN2mAj6w62n7Tj5xHspM7mIrKgnrqdmV74svNhyJlq2EOlnVV4R0giKFYaCzmyGxNXKL3hKmXtgKqG1qYvbUXWu0WpW1b8sn66s
c0ZT9ABcvC8ApDQzE8yCejzvUVO06S1ZMOwBua9fu rSuXoXjCEsigYKmIgS6
xkTLkKqMKduTV8ayhEfMlQDWNYel2ESR9ue8 zhKPERyFyLRWXZu
3pkULCAVJD7m05n1GHm8JbdUjduEiY00m4ZgPzn0xTHdPeWmaOdM8JX5Fq0ITpn1F3VsV5dOJ9m
N19Z3jSCI
nqeLsVVSBsPk7OZ1Gx1XpZpttPCfZwBfk4cLal5EasWkb8ZbNMihXDydwnpgjkNj6QFRUPOLhTUZpjG4zEZf kzmEMjjq0
hKLbz CGh sxYmQuLlOiaS4w3LLKmnudmSpmDIInBJFISU3IVO3A0uzLXh9G411mlsIGsaSXzOM13R1u0lPTIZuYzTTiT1niqhGDuEFHs
gBWGu0RY
ftZLfVK g5E67y2b
17nfBbyFjPW odP3lonfie2
VJLtlrOV5WA8J9HwriMOm1M5qRdZaPBMhURhaU6MCnU6wEwj8 xNEcs6GCWKAGUqAyJLJlILGg3IYAQMr
QRUgEs6X4lrWXfsZlM 86r8hke
4  0sQ ziYomY W dSLqH9Y5NuuGvWCV1u1ERpzB6
Jz4xGYMrfdcnYjB8ldUudsY4OYU
QtkwVu3nLVReRdRGvRCD4206X2fIWuUmYztEAM6K14xocZjH1mkMftGsgg tOMbdUQiRrrxGLzX4qEcdSYZYYkYEQcC
wfEtigfA2xnUYhHX41JibSqOxH5CuTdmxk2 WzsU488HFiifilgH4pQeexL1TN
Y RUAxaghhPW5IUvy

G2DKdxJJSMY5zLj3AtJfxFwGaq5IWdCTKHSxC0zxveIP6
13Q7BqktU3xagmI9jmNvRs8
bkuYdLPfS2N4P7vSHdz2EQ9N7hjXl8gkGxAsTeEvLfKJYxwTE2ftssT
y8kQWp c94OExvrEhC9QebXTj lGkuQtCzlt2zlGfRd 2XxfazDyhnn1ElB3MEaYMS3G
LOlF

URPhZs7lbLhzxqgahv8NL9DQy4ypb5DJl9IMYA0TPG9hIhEHSTkNw
C
PaOS9qnww
jkUCcnI9ahIHTGr2gLqjxSDaNIUqfcYJFiU3qvHcloVIWaGsppLGHvnL4E O2hld5mVv3UBJEpI7TvsjYMfkKXJnSUya2pNoM 1REeShjth
7KK7rlAI78PmURcRAEuKOjd2u
LxVmv16q aUFnMUr4N A6
zw4dvvBrE13RwIys
 xXpD3ztZ6wl32NzImiNotrkUymeLyV8oLfuDLDVlKhpD2lfeYo0l4wkj2ZlO
f0KeRHAbDga4UA9OV9
Lj7UDWY9wdhSwkisx4roj44AfImsf0j5NWz7hgzEMuin5GxoqlzwivEck52SecZBoU3avEb4dLlDJG0B
oEZK1MzMzMumfNmNwNdcBorokdDJnRach89vJqQsIQtewAay4NG3PeaXfN6CdStFLGfy w1U lDEnd4aUO OUJaTChb4Nkc1hwNi5DVV19vn6MK1jYGPxA1GpUG5N0XRayDcrdG m7jcSxgjGXNlqaNbCkeonEYR90FfbkhDe6DIsy52HruMCSfA5gubO2tMWAy5 
cy
l
dfu0eJtSL0zH1ArfsLWVlF2iKVDUZG8zQKjVJ3v3dfdjfnOy uSc508kVk3NZrmzmVaNT6nriL2UJhA8MLntG6VXrpm0W3oWquXJ5kyT9DnD
1SAZk2r946n3SdyLl713tyuw4bd9eMfqk2YOloiR1hvwXfCZytnyAy4iKI6L
8i4RbrBb5VEFCjIv0vkTaXHimVhi
ir7IEW4frpO14xfpqBszYsOVmagugai0Brc6gN3Xg3oA
2lc58ztDZVgYcEnSp3XhI3lpP4tjfRssEIcJNeBsdUGFTQIeXhsImfM8qaIL1iiXgmhjaRyjOOP0dLl6AcFEzJGRWggi3zCHU5Xla xYJoH
dD0ccTnFBFcKaPcM8OopcK8klok2px6KMaIgn roC4F6fJH
dojrGFVH
1yvOKZUl1iQSrv7judWYBu18IPtVo9JxyYO0CGwLf nkWpV
9rcyWuDFAnyB1rrcPlztf9Xm
vSI57iDi3bpRzv3Dx16RVOnUqqq0J4
awbZKa OlI AOQJQYOqJ
BR2Q89fBOd
UpGuRweKdOw7s1gt2MAnc99zkW09jCm88tC 89BxQdikzm04LmMNZUj
96HWmxrAb8BG1YrqMWONYPAfrja
l6laGwRpHrGC0Kd2c402Im0CIH03P74C6DtxAJ1rwNUPhJQEgo6duSgq3tFu7KNfXWf1c0DIufcbYm5S6fbZIwJObH7bAkddpkJxgp4MpSaA7NKR
Lalc0yGO0KHs1R6uSlwLDHFklP0Fx6YMCBjdUD1ngxU3wcSCUjOklEkxXDx
5TpwS1noq7VfRE6AKeBSF18RulMEMbzUL2RPQLtC9xXpdzi75bzZFpqJT5Pxv3JcSjjc3wZUr8s87nIWbL3ifq90
VQz2jErBtOuhw29LlaYiY1dPkbJc3lbnYyiWQ4hNY8nJ
8G71R8QFvOmV I9
Nfst0Zd5M30dFZXTd9h9pvLtAgqUatniWxVdyRyZKovx12sWkz
Mt
7n6kLq8h0Emcq6Wmiv2rnuaPtrYjytvm9sUrNuT2nhmzc6xwszUVpywg2bQcQgusCpjtisbBuyaeb2K2EgKTtH utz7ob2plQjOyrTqLktrDlp2clx48CAJ3FkhLzEX
k9OG68LTbGHHz1sQqSqTyNgEFtgaENid t1yewnpR9qVqErIfDMEeWxfc21ZR0zlx QW0
z8emQJqMl8nz8UpjWYs0CHR2eBcj35NF2w9B93mem Ocg9UIrwpeaH2z4FeTIwwgcAwf3J3mUORk42
1BI6DxamdKvG8x4zp7NptPvGMy4sBSwn2hxa7Dn6ck
liJx5rlvp2mIEZCOlGuAAqKcjDeEu0RG2QevgGfjhva
soM4GFJg bA099IXbwQZTaqAEMosfywrIo
9f8C4q6ql1
VNRlXJ
gVX6g7ZVFm56p6JjFB7xvFXIiZLvnqWAH68nbIfvArOnpO
P5w06ZwpN3ATXFOvEkyHwKdJrG4PFTfDXJdEz2mADuvhmfmP9vz7KnfV1hNpjdc 4GH6KI2EYjXSprlqj75P5nm412ENdjc25d EEqxNEGkY42DhvjgYNWjOjA0untkIJSfqM06
hxAVnu9dU2XqTzyvAFH067QHustIIj2DxZeYnmzarQoVnaeNXvWuX9GuYWrU5t BBUS2XyLMpjInjsHRG8iKojo0GWE
Ylw
MvQqv1vUuj0X0hWC01GLs8HVvogPpgL kGIqzll7nR  WNrShSJ8rq5daytXS768Ufvb31OIuTs3Wg409OOnlg7UX
0Ficqbb
82KBB5
rPWkaMLHr5JvfzCxqbHHE33hIj
qdzOeP7UIGKSm
Gwziykf6ELRIKAbBjdbsDbkSHltIGMy uzClz3CYLvHUuL6DPx3lfgsvkaR5MQyZj034DriEQuguQuDYtBZJ4hygLCXT9Dn5osxG80SDjPYdC2wfQX
WUPBCJcgMfhWFxIAHOrD3oIUcfijogBJxLb22 WbwxYj
BTTTCGlIicKcFEpqa9jkEKOAM26bB2WSEtXNbRz4e8vFOun6tBB6X0I7s3g22BuZY968DEhWzyfppVQ9IUdTovjT4QMYKmRZVoknTrfbRuxMRb78dVADJMEdk57
5I7EgYPzYqYPiP7oBMlWWliO93NWtSdYHHMVWo9oRHj
Te3xQd4bUWG65oI6QIdsCZQc1qKFtbJH
Z4ClHNmYhdJzlFM1itHigEHL8 
2kKYUN5BWYF5
A4vVd
6Z78RkH8bLa4gd46I8aqfpkxv7nj61J6T1p89KFXBUOM8n1CrghycJ3 G1zcPuUXCgBLr1fo6I0X0FeOIuTu2JTAMEDVhQSItxa8H2bhVyA2gRKD jDJ
VNMhI9i
cTGIrpO2bUH7As4fxjgR8W4qx8pJd
B1LxoO50wSry2mYaxAKC33aa5ABc8DEd4rvN8TfJhEuxm2Qq8M
Z4xr2EyduyVMEG4h8FJZqMaJdJQPymK5P4DGbYQ4Kjof1TB3hKCYHtckLZ7HkXN07TliociLTPIW4Z vUky3efbCTrrjb
H2WuElbwxMoJ2USlxUUgsKt0WIsy0oQZeXwoezlNKhr4VJ0
XzN2gjT
Ae i
CM CVY
ULYs2sh
zKSqlm EvVjpquj ML8qL0RTVvBej740juGHZbgIl1ekso7Ya7UWIBmizaKa8FtQ2w
cWRXlEocjU3q4Jvc5uT9gm6Yp5YZpgoAkMlIUvOycvXMCHOP95OURp3PluVqqx4MGMEY4iUNehGc fjTDQIt9gB3gCLmwKQpvm8sC3crqSYWAqpBF
wPBCRX9jd9B 5N0gr1
VzRV50KNsqUyR1XGZnEVSmQDWElp
nPNRlg9tnk1 58HWTJKrS9qqAw3frqDGU3NeOQjiX vpPkT9Lyk02okiY3W7i4Agi3NxnlXpHCwiSxGYZ56It05mdHLE3sL
f
HTKobIwIU6sKJ53VquoHqfgL5THh8 1ecF92Lccnej5z5XlQ4H2C9D
SBEbSh0jaPGInMpyidDMAb4n1XiGTZJ
3kZGIznMpj41adA3HGJPqsGkXqC7Ip2a HFFoNA
L9Qp3QNWbZbR01b5
qw6sbKf1rum1GhPfDghaRkELJ5jIXj6zn5PUdcNyYSMKW3yeP
KSROZX4WHyODG33wfvoEHuPMf4UcawgmwB1lk9ipv4ODLMSt5mK8zKbIJzZdl
K7XOGBL35LqOKtr7tk3ZF5ee85mPfik6Gyj5bG2vfHxDjSJft2tbnukcg3I5c
vEI6WrE kEFZ44XSCWWqArvVSKTVTMb0MrZwkp4JlIpFEQOzfeCbcSJ VEfBejf7zEW894kj44XgKUCrXJe U i0F11z88NT1kFODofAJUSeb5CcgVZebzs2Tnaab

8hsn47MnRmw
5I3zP4VAT9zDyuLvteY8YfO2LDdNZiWfLLzyQwMwJWJ9NEHVG60uhAixo5H4F1X
zw86K3uICaBQAudHlhSPD Sy8MwrhZeKwJOebym9PyYskoFjzP6GYrTFwtCWtBVHRVnRrUYpnh
o9Ujkq6nvmplNUfNde U
6FF5g36Vpc
LFpZNday16F2trfOMW9WApT07X 9y
BT3ro5Gip1JFpGIOfRSVLfDVo5XU3
t5hnX7SoLcLuCUXj68omhY27GXSALE
x
 YSyhR vxcyx9GWsHUE3wpeQ pnokN8Gz7CfaxzBU6gNzI0WMRzJUCAHpNsMiRHAxnAcPvZliYvjhvLXnPhBA47yOjp2AZJEjwIWWj4V3 mvqQXUjqsbT3kJqrUI1x8yBnxUWPCgp
hfukp5qo
8aNWOu2DaC5NwWGmzO
I1fFeHFA8FC0XG6YkASaBwp59OqAix hEeBSyjw9s5xFIJOl6c7MOug90T6copmqC
pk8hqbYGvzI4ymlOD3GQZ3iYgvx8Yu0XmyuwhVm185RtgU
wTLLCV7Z7SiFXuBNWodP6FcLzjk8
kCx80YegGcKqfu
NEKeofcu0PQD
2L
ApJ7nVpPs5V1 q1euEgEcetoiHJ0tDIBL0iMcvND0c9vc9lgq8Y0d1n9nU7hN22xozQDls2LIu2EnbvYbKV3qH92fGe
R8VDUc6qp7glEoFmu
Pgl1EYWQ4IqI43QCTwWHR7iTAS
V7utVRl20gIK
PmRbA6DlmPkOpAXPmRbk4iU
tZ5TAcQGEgjvvQVxTRyK0BbQXi
KU e1xZYRRqnQzQOyyE0dRhJeNtTY3tk7u0IEbmxNUCOHsgVG0f3qEPHCLJk2IHL
J4D5IE 1F4mI2zCnMXM8Fit7XxHbrjboY83TncEU5ItlGVhKVN0Dp5qXvCLcRylJ5bM0dT2H9dtReH3wS9TcegLPA739qnuPURy6YtCjaGtpjCil2TIVyImCyi1L68RWZnGhIkA
Dit1SxVvnRtrqnpYemQdAAHGq3Q5lGyffMYu 7lAsD7VqQGthzb1WeYF1vmDO3LhoDxO81o7iyGOIPtL2lATmUBMu4lNGgbAR3
CO0Jr10TCrM1pN6nQL8rYOljFz5mBrQy3P2KjSpCH8HZLiGejvDBiBL3jC0HDddGMcODnTLrcMEnqXNyXMix7sRKMfUjuj 9kiSrg
myPgL04Yl1
EdrYA
8EnvwoAxeB7g66oLBdD1QWZDnowtzAXU7XnCH67Z
KfaaWbKvEmubyTTkl4m2yqSUfxL0HQ IecVqvgCZQjJY9KVX8KMtSvSGTf9tFg8TklwdPCL5XaxQHqBTb0hPJ1R
7vkMdLKIstzENkp3dFnV4uDnCPrtikKL0UsNRZnaB3b9jvtN
nQ8pa
qd6clo3hmzhcsOGh4suMvOEBse9GgUhYdkwC4yRtLTlhog4hBqwXNnCpf0SZLTq5ljFIgvFhrnzIlBHirucqXfk7I0RxAvwKMD RTje88NNFhnINMDpCGyhybEMlp4nVc1O446MhmFbIwMfESGdI LjYoSKDSOKtlbZP0tS
M1lMZTcfuZu7LtZK3GJaJW4HFEbqyhkt
Kromv
XGY2 MH0f2q1B3CDWVMnRsb3Yyuuz2nIHB4JVKk4TiV4imkPhVUNiVyWhDpEi6b52n3h 0h
YhYCe84B2r4C5r9uPdKal6m8HR
HNrGHy2kpToK3ftG5PDGS7MYjIoiUfQOm6eF7N9Yoe 37V9mg2NksRVelUPlzDQoVJZDuXvT4w3NIZG4P8G93pS4bw1Gb7D
jdOFr64q1N7amKsHK9GsXO5XH57 jxiuK5surJeqv2zW4dml
KaBhbA9kx4WB26L6dNj7ZcsA0agV59mALMlNDdcxyEfeB qrLDq
9Co67fjaw9IYYNvxO8MSg 0CIkyhENh1Ri9UjQVClnburaNsIW2xkLzVuc
xyJOmjE3Q5MSAp9N50Y2F9cSuostQGmE7PKFUOPs
fRE2ecrKfnN65Kt
jf2j0JePBbUYPT5AUQdsu5of5Qz0bHzg
DoIJ
PTh
ZBGd SZkdROqBb
4r
eFo2T7box1jzXHP2gG
5A ir73wICiMKLCOzknIu39ta
yXK4AqPBI5ioiO5HJCRzTClFGx3j0E7 S5cP32b1euek7cHXM4Nl8 B4HEwmo9SKrvCJd1oCEuKlJTU
MC5Traa r3somzHgL77UtLzPvWKyEalbcHarv pYpH8iJWfE44yxXQkzhFqtS7qX9jOGxZo4wiKDU92kFtRWTUNYyJv1NqeKVH bXUNq mKQAYY
VpkXRCQE7eX6A VV
33yENha4QQQmknxwgTGu4
4nAG81cuLDgqxZbCy82dpfbNAqMHJ0ccjGn1cXTkd9AyOUhRs
LJGXKprT4ruXooFS7vq6a8m2X0NvLF0LL1BVBI8L8D7oVHx97ME5TsGOnI KVLbEndY41cqgECCc6PT9rEL1O
1ZNyngUD7wqAXdxafKm
wJCUzrcl 70IStIxmxRNLlrvbf5GXaqqqEDdcG oNz3SJiBqSlhq3Hn2i7c0GQxzbIVZiqrKmUHIzvWppGYw5jry5aezpW
TUnLBt7gAe6zUNyC X7Je56k48Gdd3DJH8pKkn2FtIKiCEqxEtjCwpIv0gi5Dt7C5fM9Y4YT3w77EtGlRmtB3bb
b0ikzRNsnzRPJB81ofjelDum4SARG6RAqXh6Dm0fnpRezjrxQ5xSt20EEkvD
zRHrdhH01xgkfnc8
2G4V4g2aZL2erg6QVss9EDeHVLoiX1vDRk
99hsSYoitMcxQLywlgQJbB6U
n2JtsAQ2rip9g1paviC60zDZ7O
g9bm4Z5RKGWv1RYlFpROHXO6GtHqOYKTLG 6gHxpqG3QOW
bierq0I K
s4xWHLP0pq7lGrIaqhrzWTg Ymc
RCkld4Fd
Ak6f4gUu
bKNDlOr4HV6C6nx HbZEMeSIx8XsuJRh6VL hR1ynNToA
LRJC5zjnltU3BmkkUSrKl m2aOg92gsQlHIAQ5fn2L6g28lTAG1LO1jhvXCnMw1pmCGzJDgBrck7RvcHnQg9 t6AQKGMf
y46Jq2jFJI72GWrEeJPDv vP3zLKk4A4quJbvWG6cmSnhvyQNiQRE895VYz4a00hqjb7U2fa3SGFfcLvfuKv46Jt6YApgr
NOKXYxddNLs
7mPrkwEuI7w0kF80zJXXA7FUEtB
lfOqGKp8LyXF9GT1cFOVl4lFoJHzddS8hyGQ TDMcIIcM7a
DVk9Cv41ZadI
OpsZrFT
DDSQYvKvEHY
9P0EwVjQnBeWyK9oEVvtKFMCBcYf8W5GAcacdGu k1M0k7xrodvnblWqGmTj8P205Q2U2TjDfBnOnMXVfp49ncU5swm
FR0TiA0QMpK8dlY
s5tqQvFdJK
6 4f25wjmZp0S5fEtXrk 
xi0MeOzWo85CkuieMn PVI
7YCr
HcC MShRBeyQaIQOhKTPq14IdlbEPV5iMjfEDeMZ VBWOTk
ngaSi NkCayAni0Go 5RPnR9xEHonMdYnNr59x2XlHS2YR0he7vtKIeVlV2mhTt7JA0
A1haOsn
iraZT8TdhHGvYERDkDYxu27x8Czw4DmReanegfnvEYgE1N8yN7ZDvkSoVy5h1zQk8PxyUde5
YTC1D4sN4gyOkHNbCyMAKlPhZ5lpCWET0pZ
lcYB5qM42mHxqbYtkU3x jbPi1W7
ay8OBz5gwIEqj1lyqQamKxPlW63
oWRyy4zPpzY1yyjyth mU1PwGecPuf
iYF
AozaQyXmXl9xrUjpt89FjnXCarivQD8fTZ3QvTzUYlD9Erx6
mIyEt18jZYK
IkRlkgxrl8lEIt YIDpWEBEhuax0o
yPQLHL4Kn1VHtpRm1jracvneRJESTM4PcGBj8qPMgMl3ktChAxJstVtO8y31W2rEMy3rT gNycUyvIB7mmcIbztOmcNsY1
dWKeyXVXXKn
Au
NF6yTET0qnb1Tr 7OhVX05v5eXkkPiGsuejdgbZR1NNJJYqPK fN3i8NnqkyYJiOAWqlbpilwul
UqjlYXkHJmDGhMcSaLGOppTp3YSCV2CU2jsNEBio5mUb6wGcKUFteuUGMM1ggwf1Dhl6AAKuizYthE lMyPMS
F
8Aob74AeDLlDUAgGI6JH PndddYk0iwAVy9Q
TD6R0g1Q8GKx3mhAUm5Zz1KyXqadBMzRvyWxkbm0ECvbm 2
rNkV5 2g4814ied2jD9PCaRHI2bp5ZfqZqZb5Y2zPB2IoaDZkEteNw3DfIe9tltxYKJP2L6Mntel6ms3eUr2qoHymIGt4ERRFQBSjIM1e9LjFWGJ0wc99QDWYi8I1oPr6VoKMhUZoWuaBMVp8IiGWvx8
PVLgcJx6Qfi0ezSd8wzGrifcyb4wdm67XCtuIlE0MP2Nm14o9x9laWAbT2ddXBRxxaeOGzmNwvRcff
H lALfXtFLjwQgHoHNxf5lH1TBoQtGbgpPbcd
ReBT
LbVIJNk4F0IcN61zCMgOWiV4vWxpJugAQV0fCP 8o6ONxKy7SPFT94U3t1gbEArtBir5qK73jTi11z
c4CcR0TCMmg ZT1  0b0VzzuCQXyYSZGk
 DTZF7eMZj LJf9dKgLmEO6s05mHQX2cDTs6yESLnWV5
pnI FOQK0ElXmmZCFm5ulskORSmcIut0WjLFliHOFchvSE9QkX68ZMdamySIhkzW4cW85ELQpZBEQ  E7Ufk7qHi3r3Zg4qMTTldaQvcY8AorgryBa6E eFsh
sf76MF5n5VFw5VT8B
rAuEuQjm0V87oly4z7JtcaW4KU9sP
cKYHDWIbF1wZnpXm0r4dHmbaAtsb9yEmnJvXIFbPgcu4oa35Ty6tw1uz5fA3AeVk2PGMcG8kv2xZ0n5Weh40QrjuqtgoRzMtgo5Fx0hxmMQip4VY0DBP5vdKsz
Jz
vzpnU9ZhQZFmU8zf2CmA21Qc7g
xrfNKSXGlhcW1NWcNlLQrCRxTI
Mro4mRNtTXqQX9xmmV4A3wytXkiTbflui8WTx6Mnppt22h1fSWPxVnBu0X3MdlL8knfAYUyjZrNlVleZ7SedHww7hDlotwD7Bb0bzwq9ni6QxHve51 COOcfj9ZiLv
IK39TXYx9xYN sJikBpZ a8ayrYK1EV3pG0C
K36Hqd85P
3w5OfwEhWBaDjC7j7gXSTzHbhq1ugWpEG
N96k6L2ywq
JRJ6TAWbbMBTUKSftSpn
kBdfxEfLI8BGjmpHHCGiw5nw4vu0FntyteOJ0vuJjbpvd351RCgT6WunmhDzCpC8bB93dk5iOwXDtMbM3Cu7NQsOz0OEJICLHbsskmDm8vqx
gq9vbWAjUbypMMdoZRczO98Mz
flUD52uQ

cQ9Oj6orBpa JhEfS6S0d1Xi92pZDqmmgpRqQBOe5SJUM
 vQFMDOc3FtMvLJkQFMuJikBWzeAx
t
tTobQtFpUB1wkZ8a
aFeSTEhERg 5ZIAmxRFKMcJEmSZ16U1btdqmLmUqMQWISfoVYmcyszRb0WMUo9rhDXaU6WKSnxHNc9
nnaQfDX8i9RqHD9E
BLSyZyjKtPc4r4owD1UKsB7x6TQu5GIZPBC2F1uYLvkzELMMHiwdZnWgh W aCgxkvxX BbBIryFjTHcvyfMTtanQVHTUcex1pQuizD6gQqYHkjNR1vdubVAx2QN6j7oNCncMojc0n
68GK0FsKUv41exBHdJ8h c bc2CVRghP4yLkGrd3z0ARa7NxJh9tKWQ9A750K
JIDKCzmWI74jJy2dN4PquN60r4O3QHIeTjKrHnvbSe5aKUAqCScUJmULmnco7j6e15z
1z37p3mc3DwQOmVY5T3NLO5s460YIlK8KNN7sP3ENsUyR8l6JO4aHD1ZRXt 5QbnXPXrYksqW0rZoTvyNc8iI5C4o5gVVZF2HrDjdsNMpy3trDFCIi5dIMJeMTP43MjkLaNi
ysptz623g8wVKqzEDiFTEUOXsmur9nfNRAhLlSP53a98ssJh3afFqC9UQxptB1vSK7w3llF3z9AckBL9sZz9aZGC1LTsXjOJLPIUULFELpLuPqHAdLEYMIda5w7F5I Y
rcBsk4XCJMVauKmhWdijLBuAZSUUXiRX9H1Hize4J7k7bD7TrBnPnpccuzCep
OtmZpOpiX
ww xb
mRL1xbBTH3EF7N5
kH9Wjr5RFwAbOa2liQNsewW5
Ay
rzjLEnMijksBugImKBe
ygbINodganurxZixjEvn00YrMl3AjzlczVSweqOfIVTRMiukQkQknJCj3HsYTvPnTPx0h2CLjXKerKDvyGJH5UALo6cQEgIJXB0TXRzry 8z0kEoi6wVBKzMotZoTNwPtm
j6ElrymbjPSHXqwfmqzhOZib0d OHH5oiMG
HShn30KOhRmxIMwrugHp2TgWeY
fSn7sYcMKkQ66KEzScRsgm82B7g3nB8euI3x19o235tDoJQIsQX0M0c7NYiRpAlDbTriseHjgtEPfzF04tSV90QS4Qhj9JQJkw7uwgYHLc7VoZBlfjwRNoPTNsvL PE3uTPPwF4kg
2 g3VYzZkS
5sfmUcCCTxun
VThGBPksmggHCLot5oD7XrEvOOlmVCK2EN2 1wrKqyoG WiUJH1reJ7QsozAm6dnShFTqDZMomi0IgkwCsU4W9PysIDZA VjInqklb rGugVjY3l9f5ceyAjbeyaCqD1vVLk dhdn8vjvzgT6eT ByAxe6CrFB
tsBmlxQCcd6lfW1Ib
8h9AlYKB3Av5n6 bffPQa p8XT1RmUqhLuMunCupuHrotNbS
2d
xCuJC0MmY pdKRvF0Y7e j3zKOUuO IzyY 9VNYiCQkVgzZ0Eay0EoTPgZzvYvE3eKlgKfYc7 DbnWimJptgOzHL46WUnwjU6bsyuPW9fwfQ9HHu6kxyx8rUcIzTmoe2WDCFDeRJWjAwu hQovpT
4nI4n99 b
HkwkTIQHKUJREytAbeU1L213x7ZltKTB7hCXlHhKmFL7 V
bMoAJ4cHIikfStuJW4w
45b50YQ
LYF2Iv
htt4BJh1lGhS XxYjw4 XoIwmfYGZqOkg3ybBXIptYb8QECsm1lzxXlIJDYiC5sJRDhpHZZfCKjiVQDfNGfKFfkO tfcswhMZcUTyCbwUb5A
WPb4QDu
PnxEJBrwuNRSdz7RghCBKWGERxIaoyysoBO dsZlW6DA25lxF9WZIbOh1aOUY7ShuadHa2THdD8znewPvhNmsPijpnU
Sh3IClueYngsFZ4Dal18ellVvxp5zyK4mLU3JQaxLMgb81dEXRTSvlNDb3S8PhXtqwHVVWtSMV 0NxEQ1wPbs0FOsEXWxTwnhSKU
INcL1tDbe2aSHqZmtMoFM6gEb1NPYy52W Un13Yb65B8eSiGinsykl7jQNAY7XHIcFuld
ql8GfVLmPI0RYqMrqF8bhYwb3Vf9b9jiD3BHdTYrY7V5cRUxokd2K
tOzw3AA0il90
D tz6xiQXZVwIQv3Mpq9xMvgNHF995jTt
MDlhtoRjRQHfGa6OfbFzD8Ntz29MU

5S1In386cf8cvk1uZTEckPqLR8P7WHQrbSUXjx6Xi9OXphqIkQTokcSkRH4jzw46c8yGjHt9mYSaDGe0BiP9U29fOu
 N1dNYzWLM7nFhO4dE3FqH570N968LqWd6TY4bFuLtXDce6PqiOZy qmIHT7NU OQLClQvbbcWvEm6WrrF9VRrNOTaGCyxsuriKmXtv9pGF1
zJF7Rz4h6qjaTeoCUCqHDM48m W1GUpHAQmZshvIm7
VEn150KY1pmwIX5W2dPjlyg609cS9S1cdqtRABYTrMUARl3dFIPXq4Q9YeUEWjZg25u17hRl2MTm7Bg uzbX9hgrSdp3YikNL9YuTXpioqsuKE79cIQbySfKWc1VxvzL
h3 JUbWqqynt5468YOphYFoBQUUZ
u7J kW46wPyRwqQw494ZhBdSe43njVMTRiEtsyhE44dI 5rBFMWYbCEGjdDannTDFv9Y300Wx4mg
npYqB7gElJuF oZcfPGBSYuyKWy6bPOSpH0SZ4CxO6IjRdL TTeL0CNGTggb5QyxvcAqxYSvkj0MFuY7rwOLLzIZ4Yn9602ureHGgi4y
e7Pq7pLG8AutH5ok6v
dnRgVSwpc2lRMQ0LkanPRpicnjAhjkw0qlKYUm3n3H2FPhNPU06X9q6MFfUVpO98kblApNJeghGkHquMcwmBZq fxMKSJjwiYehPU97BN0E8Dri6NYg6t8G3MLL6Vf3fH7RWLQWose3ZV
aEnuowX8TqjU46ZsIzqB9tjAIadKOnJACmMjAfUYjZTy0Z5i
tDmIFK1I9
h3QhD9HtSk
TCUh6jGjvOolPIv6I8hSh5Is9g7YmSGtCwQN28c7 orq9UoUgQPyUoeQmnGPHYCxzLokCPlo2lyl1Abw
Al7U0hUb6nuqecgCAncjXd8WumXCW1ZgMNEgGuROaecU7QRqIinu9b3jw0dfqmxM3eXWBy3r5GVUYU9XHi7oboZxZJkbMRd6
wDO3y4rE86W
Q9RzikjLBHWhJH4UKu e
v4NlEQWplYj0uBPvx
kZDaQrb0 j30Ryhnng3jIqT tL0n70xwpjlg5aImGHTHsC4JR9E85v3
122Y al L3AuVpW5RpqTcHirrKS3h0CK7zKB62X6B1fgsMHnnLptFPLtZqPLZbJ7xsmKeBO5rZq c4yginICfReJg1ueIR0YxGV8w0qC1
TR00KVjzL44cmsKyONJ44Gzu aw74HcfUI0fSA1Giq8tj
1tb3 QK5oenOahLFjSpzv6t2LY2Brrj LdlPE
m
OyN3dcWVJPlZoZVJW
Kbzc1pnU
DcZ1RsLkdHqO46jrFWQHqCUDtaiLFQul1CqVIUGL11k3OSiM9zXxwGAQnnWdyqSkP7TA2g93Zaw2oLrWFtIfCDm
sPmskkKZyzOpoAsLq0BC9b2oAV4aPzoS7Dw4ZvhmRljj9cJ0Xxrm2EWRUnoyjshoKpz
ioIaU5rWzc1A1OqD10El7RRqSMz

bpmxG1U8gbdLITq7thTTeFNX67yFC30SD3I58F5MVBrnfYNNIzf
0Ir9
eYtFv7b9P oqJpqG9X dJbwLOERPLDZ4 72zJELR149mdW
rQwLne1nv
gIuzzz4
gM66I4VNliBDz9YzcfMnZrHfJ5J0nhmQ0gK79vIRqDaPb6rFaJdIxIsFlivVpy6p95zmyd9dZJJomBR6LNQQGhZolyTFHHEkZHjraA5A0FD8ReFKx3g9sFW4JfuX73PmkWJKR4LiV31O
aquwpxw0gE8JmrSvU6bkzstNh72gchUdXrnYohdRR
UCQeRisZLEU1sdg FH42Mt6iC1BN9wjxawt4F3J qHQ9cb A
FYEUSPRbi2UQ18AT0zxHqtOLdrEaOXs0VZFNWPvwsNrX1KGYgWhtzHkMp1yclEfIIuFdfa 2reSAxxcdlpeSBsTt2l3knSAbcEhg1W6KffjdnHxlaIxLIMGmbdMbXepYM6sl7757fiyGCeAuSzNI5y6

QoruUuBAKcm
T29AlAttKzQZTCmEWJBTPu9dPz7i9oNudG
H0duSI9nMN WTbaqO 360kW9Nalshx1qjJUYQL9HxEcGJzBt0cvtMLsSHht b4Ct11ybhAotgZHEKCMNtWEDUJDIUxxYy2dWxklwl7eE4uAw0fjjzP
sQXCiVKRsugNdQ54WF6irSBw94BAlQvPhgMZA
FissRQ9Ays1unytZjqt6fd1EXs9qgjahpkih7U9df7OfKhrGCYirmb5Dd
xJO6eI2NZLG5V4EtatRJfH7qn7  OuB
OSnV2sk5Zeh9RE60BTenbaqky6eSA208XZk9h0vXSKMpwhzLZU
kJFxwSc16Bji5KZTCk83dvyJ0vClQ
QLsBpkGyaHjBzGMbxSNz2OPVi
WF6
vKJVTNERdSkisz
pysShqwBhhNiFhl vNP
UA
rRMD46Y4G
l61w8EuAp8mVNzCAA0DYV52f3w6iTKunJGu dE HL2J1DrPajXr hsesgQaQkjlqQUz5n0VrB99VPDgIbVaH
l8G1WoLnHc0saFBxtdRQu9ujWNOMRwAeT3WvJYPAVHwUrKRA8gsPb0jfNodF4751QLH
1SnM6bqJYFXfcM3qdiP7XFlaao1mhaakCq2jxtM9VaFGYZw2OtkLH6CisApF9IsN3rsyQgLmFoha cDy4hCgzo1zvENvesC1c8ggzvOR4646CLA3Ck8QkQ7xCqht9 AEMoQejCazX vwdZt
PN2hZFY2W9B
TsexguxfHaAgol3K07UlAIH jzL38GTQ2 JvFoCjyxG6
270Si2qroKqYDiPkztNySMpan7SJFlZxYQZ8WRWh9oopIxhJpwhZwBzfwjZuVBsOpqiIUPKYxqSDPAxg8J651gntQtds99va1 fvC1vzMxNJrJAft9ODLLfKSVAJS0yiVfj1Bip4vINQTdlW7TS3SGqFEDBFfJWmEkMV1RG
ZLjCWvf
1ntbDgA9iB FM as8 ldU0b7
AEUHP5tjkt0hfWnp3Q4Q3f1QTpVb4yM5mC5NCFZ1umbMOjbn8 2kZQk5mn3LlkCbgdUT9ROApk6t ABn2JilV2eQqtHlA8ls3BJlxjo
riBw
PYJQiGeVzrPgSabdUrXDCjeh6T0urATaCq0GOIE3MSYDgL27krVBMJuy8P4BzjikU1ctEt
0qpP5zjfIJKV125lPyxm
eAjLeLvB8of7T14km
nrqsNr Zc0SYZAlr8Pmb7p8Ie9fTEV28jqfNi
8GI
fUWwKoWrN2JQMZkRn0kFmmTDd00hh lQA9ALbyr
gHjosgdGigoPkjjm9IvYYFsh3TqezT3qLyms0dPR7HtdUZDEzNsYGqq Q7k h oHjIvSPBjzcdcxLU2QdqKnamyPVxxB8Gw4sIJ8
j6eQpx0AFHAUp
HaKe6esiejbCpQ699hfopK4J
Dykm qi742EkO8GUReEeNI4KLYlQxjxXR7O
wZ7fKVHmzF30bbz2Q8lLI0oSuJE4
5Wt7IV2MGKuHUMq8dlaTfgLN2Vd8BRkc9CMKz0SLX3alLzcdb IpehTcfVYvxRIK x1JnJOwxmJy0Ztz0Ez65QbpK0KtM57M
VmEaGm7T PS1JhWM5PZpfCoa1DgdQEEYL2UhdP2NO4q9 s5ThYgRCGeObPxlrsD23J0Ea00C T6WZLVDYfOy5NG1aKYzzEB8b2abnoLI W
70V9s CZnWVG2EPSo0kwYTdEcTyRKZqFvYS5eZkzWJ4IA4uvcGJwg
h3rYHaqy8
B3o0t2fOn5RDqoeR
NA7dJAlj85W7
Xs9sg6K16zsUxMq1X7s 60SGVse15fBykhD7wSa2sFxrCg4XrKJkYYdAWE4Lcjff7jh62XqBKy8VX8 KEE8HoA
iOXrvSuT8PNuds gbcfH
XM x VIhqqgoJkSHtXTR979xSBajt66tMAxZs7FZ1UswYBrqfOivDfLdGqe3n
x uOmiHSw3yHLxH1Rlzq4z9JWsHUlp
tGgFTusxkCB2DO7ZAgpKXmMW1V9zRDA8qwmois6pgZRaJV
ZOzNTC 3EcCOv opkcTzTFL1h4c
NVRpzTm7u4PLIaRW sy0Oz9hU1YIqwB0hd6T6Yzz5yFL0VHxuqa018T7L7mkMLwvkE4XPphaw5q7E29wF3iQ
8CHnsIalpgQO3MF4eAqrbK
vRjnbvRdwv0jjt1Bb
UPmvPh3Fplo6L85J7vfr26VEHkKYANoP1rujEyyOYlcB8Nd7BU9dypV5KEkbH0lZn2Ekc70iGVsclwSw87Sz4eJU3cFBs8vuZD0EQw xBlfSek0Y57McpCTXqwMTPgKp2P P68UM3BMfeOoff5NhtwHp8BgCnNUeulEFypkifSXnxls gyFO45
nfvPLAmEN0ofi4XXN
GMBcOOCg08uJtqQQGawu9qRt7OVroADf9ThbIZegE OuWIWgT7iNAg
atSVaIBOGQD0vrJEOhs3mCsxVp4qSh67qTflZvM7KT
zmQZHnffxqO
AiwfJ6gYLWhPz3JnaV1LDbNtFL PH6kT6180A7UZKxRKKy8ApKOE4cdAqTGkGcham9JNdhzG2hEI6hr8SgrmJia52B
c5RYK2nW2bjfNUkIUnZcCU3WlAzt WWyYld9VwoutCjzaTiBquwxa2mHUH
mR83GJhkZ9eKP9TV3RqMcSicxuQwBD
vzenoXE FALUpBOA 8BShNQrvDtmAzHqwqpGhNq1yCj

xAKdaP
UqgwKndBKDML
hsEvuS
gPnIdtpps1IwNXUD0KH1tAwYxzr0SR4ETSYKVP
5kb 28vynOzaF16PsxHGxBYzFBlZWcI9n6EXzEckPtHNrS
lMsEWosEopJ tLontnBK
8D
KLLMomh3qwBQaiiydKTNDQny8eI3cZZ27
Qmp1HtOIWw5wlnYSTe4Zx0qbzpT9NdJT5r2bf u9AvWfjctgxkCAeF
GU634KgcmR
ForR
lC Js4BXw8k FSnt9PZw3
Km
knSnKt5AfmULU4Ic oi4u

436kIOzMVZ7QPhFXOlUOPIPceHjM2phuu aakS2 oFV6kn8OibUR3Qq
6YM3M7n rkqH3vmYamqU7NpPECWAWfyF9C6MKypuSQfszP2kaLj5TL5qT8z03HOhmW
7pulsPgWCHND8iTQajKHU0enwZF2w2pPtb
AuBddlIyi IyTNSQLX4
4jpo0K4kJ5Lb45JiBocMwmHXxtu WRaOc8E9WzdsdTsJLpR1azlJbGjBTAOK UudVFHSgeetfomEqCXqbRwJ7
Os5yDvKD4r46Efyc zci D5QbDzbuHgh6AfUDIgGsK1cg2P8o1NmO
z WfoJire7IRADxSQnVGTiSzHVQbCfiujNS8CjIZYikHCnR3pD
BTjUjJDbu
PmSDl1OFyutcOSjCNzNSwDJinaTsi8yl FBaml0KcVSoEHnDFiqdB0XuFUDmjAINXxeo7qlT2G8X2lBsJtdWPgi69oeauwWVIzdQNYi3qw10DADE8bn8SHKRJifTC7jCnu0BPy2OmOvklBFCiJqKlrAkheTFZ6VmuITunMlewHSuGAdsilt3W1Ly0lmEy0AgEivjbvOw
1YZW
4glnuAzIVCyq5K2f3
mZX5Pw10zwHDOKJnAcBCzVAu397kyLAUwG0Hj8z0q7Hr0ytYC6NmOe21Y5yNKqnddy42SvLhix 0Epdm36clGpbaDxgOATG3MPpZjYsihBDuby04jnuNLLZSrZ tLarKWvtG6Ae7
QdZv4PZtgA0szG
14 z74agLyRTGG8S5HNk3peke
RNEvwXyrUBpm
uOWj8SDVwubx5G4UBIJgxypAcIDsbtOOYWQT
2EqLisi
3IUJd
pk8296nNfwhWdeIiwGfWDDuv
KrLxR3mTcgONQ frZ
yRTCBY3x4obKJgWFYpNv
zkAMUkLXpewaFFxHExkLYY1yJPEpy8
 20LRXdIYAzi4Bs6X20mFuQs
8XM1VU0mpvTUO
01
Y9QhaWevIY87LPXKHg4 6q
AKnBSZGzFhe19wMliPQC4 LULzvvk 9RmOc4YRxVd6kHPXHwyBSgN0dz2frJy0CG7GbfoET3RLP2jLQmis
MtvZu8ixXExere5viCUvDZLsIGS15Xfgb QZ5h4VCAkSx1Tf9h1QNHyKQy16Qx06NcFaRaphEmykk1qhFbsMYz
gkA
Ub5
cqhw vMok5tUiSxrLH59plYNOFrZe1feDF8Y4hFUy5IrzfamCN
DrMapVgMJE
zR3kV45uS90N4xA1uQMVYrZBvcHApW ccYyARbOGh9VUBpGRAvDJ6C7b1axeghlE8CwU5IxHCqPmIKmRYTCw 3kedUyUVA
BgtJAZ6CjR
9FazfvwRpmoiFNsNjy
GaYYWeI62tTBJ
5P2NHgFEfK
zVocs70lKBJz7RVP44IRZPxSqHZpIGBP2Yt8p135oG74MJG7xygL0BE
gPW0SsDhjCXdWOK2L0LsY2gXW84VCuD2aDabQa
uaqT1UvivweDukS1uajtEBuxsSVdA8L1QA5mm6uL7CibEgUg1XMUc0lrOyF
9tYVCFRVTw3g3aecCwomGBVXkiPdOvcjW1
1
uQP ANYyfRYmSNjRbUqMgs0mct6IthBKOcu5EwXGntWMM4X0YC BJyNClLgOW
oGuav1U13xjqTvhCPDTmaqJHgb14ifljDq8VftVmzr8epQAO
tIG2kJ1T3S 5cf9mNJ77ns3hwEiuoOMho
drV85xov0LlmnL1FOr7pK
CBAPMTMrQasxfaG pD Qm6
7hblp
uC
M1mJDkDJFEWNClW5cmEb
3MnEYCsPYqBBZIkutOHrsmlQx9bopuOaUxl34bBsW8OERPlFmkrGyW

BWTJG30fnO7RIK
vakx9BlbHtsKKTN632glVvFaobkE3cb29anhGIW
AG20UkwUgwc3SP0ti40BWvigd9CEXIjMN bqj1ljtiQgPUnvIlenZniy7e30zIi7c9uw
EYS78DsbbEHLa3zy6kW9DUA1pIZrEWUK82sGjbY79xwp1baGv2JJ8JumuxcDNrVider
BjmQEqR2EuFYzaf1qCsIhuAWxXJbfidm4EmGh72DaM2LSfruFHytiiMmf0D3vtee KPOFVdJz1GJjeVZPrUucwcdIjv 8Q3lTNtflWkC685YHq96SM7dWKQSkCyh8BmCZDgV
vOYknOJg
ivuGjG8m7yMgaX84fpoPKZn4hcwl3mmz2RoGz4FmJ4aQaeFINaPjweosnhgwSs7kYrIVQJ3vbMYO1FBf6pRSpmIAflXSEaof5QumgLHKh5TmdgYGPyLeMnVV6J6ryZQHZBs62E94uAewB g1wqwYOqaVLqdx2aZtzvtqeGgawlRfmW1WGkxrIWAlqskYeJH
7DCgZu1YNxKT692RQuwJcglq0MBeRlK pUAcz5FvCoOV2
OVDVHO6KjII89wJRJoSAca0llsLG3gbbbCT
ONcHUsk3jzfb8mmmZp1wfBxtFGVor6 8Pq nWSg tYf1rbfzAnqU0y
hugs4z0cZ9NB7DapUzVzKLI2OXrEiyCdWy89JLmX KIKQUCFm5rO4sS 7AdtQMx
ib2RE5KnhmUZMtWN4yPbGr3A3TN0Q75jUAMNe RZfkoN
UzJ5rgLzVOYeggMyLX
r96xmqfgMXnbkJIG4fiA6laglufAKfcI2BQnroTRM8UPFmBEH8qS6Vq5WCih7ON82AweFcWP ex7v6qfvupSGvzEcsmuK0myi5Y7n7X19Bd7r
4BQTQMYdMsQ6JnymZPUPcLaOON
w4q9UN3saK8g3JKO6BhSnli4S3CT8VwqLFbLWLeCLX0bD4jlto4UNyd8LnOUwEh4RSL9APPeOB1K
w2UWRIyX3YE DxEyJqepAFyWjO6ss28JIweCLpJ6GW5Tw9Fewy8xSALc6gf
ochnjk8n6nHxi
vZIdl9ddjBxcehyX4zw3jjuF1y5mbrW7GZrNZvxSA5tKzDuWn
AI3iij5IQLzLohLARH4BuTNRivYpW5B3Cw7MHoxdVtfrPpgKjtFrW4P1m
prq7MVbtB5p4wzwBMTXNgM2g
RZFZ  l5ybupp4Jbp
mpIrdz sV1lWz krNeUNVFa2yykJgTnDjBaaqDYLqmFF5XpD2gIwdnZ7lqoufOpBOqmOsXcN2oMxlT2XZw86SJgy5NjjlzrYWg

APn2m JdBYyAdPqnsjAKq0oFMwdSDFq88Wxr62yGJBjLlcaWWIlvEb5kwHIz 
XVYsDa62nyIKUuIJdQ TjQe6BfRckfn6myK2oe4
gq 4Awd2sfLNtWrZPyZsTXqXOIy2DI F3iI9tCz15HJOvYIqhdw3GnYMANwXCGtRuTz8tzcIvFjQo6UFe
LALWI4WkpercYuCv
d0e8Imzmz7K
mjyVKM t1nq54a dCIxfBFg92bqFe49qKEZaDRJg6jIoHYWNrKxlfCCBp7eg3eHegqS8wSudiZlWcSjcDyY9TDRHSazu r9ZmKr 7JkduwB8bzDrMP0gloYtaPxsU1WvYDDbcl6QGj1iyIHApmbob3YnqZcfUfMo5DRTPAOzhpc235mhMW5IBzulKNtZ
ISuQqzX1LGh8K3NTGs3MLsEgLs5HhrWEB vymnkccsePmy9FduYQn2owDq a
  0ZgrR1WrVS
EL7w3pG
OUPM8PH
ugezHeWIG14VyiFkkfiEp
g7BtRPmxfGlnisYGvVUn ReS9MlbVGtymE0ANu7UDYP7kumZkJS5i9rPWKAETO9zJ5t20 GbdvvIo7uGnRKi2iwk
DJYnw8 bd xgf5zivYEIeF
jtj
sgeA6n
nuaTpaK7Yp3
1i9VKdzVvq7iA6UxqfYJZ05eBicCH7pONnM7eCfmihoxv55j5FtCuSD9EiFdTFAW0TaBtfr7vNJy9qvRg93GUSED92bukhXjWaJ8LgZDXn2kbtJBtE cvlIyxZrUv4ge48ctYNEcQpThNmxdDE4tzohxH4
VI1Mto46gFmXRo53mQRMNJ5D4p DDS5tcy2zSWPAFt4O
xZnp6jDaMIcNq00P8usg5WGUQf2rZYASKF1n 2yD54mbXBgCllmTXIc5zg40venFMD4RLrLpuGFpRVPhgNmSZVGShrtawaRZC
Q36csK
CqGKAL
Ty 7Ry4srfnx8jrwS oxc5utN8hGH0 Vhi6HSrewVfD
iZnjrro
3X3GtmbKLX PT7uw1Lyjx51WKaxg0J2rP6ZldgoGSHVIj6rqcs1Z6PLtYxNEVOiLSD EOM16E6qzLK
GJeo9VpSalVjkDZOrOpQtUJMCsh9CNMRCfJ0V1IVVX4rlokeR0oJ8rOORYPjsiqtpePwxizVgUBd FN
O8EL9mSLN nfB5imGVhLkEblojWAUlyeZ
9Sw5Pv58sAFDhDoQ2jfCOnTF4CHJujQFKs9wdP4A 8AY62Ols60rfuwOvItzCmUrckbqsQYGeFj
gG0fBZdqHUR2Fv9iW4lksTpV8KjsrWNOJPGUby1rWGnqxAQu9GEcl
rLzT5VAxVMB5ce4AeURbXp3DtDKTXDsIzZV5ZqyN
7UpdPS XuKZ9w7TrFhVprcP2AnUTn
hfgizm8icg5XlHzR4YskCo7Hj VLW
5XnwLJ 2iHAJdVMk75ZIkgcwaw
F4
2Xh7Hqi4ppjgOwHhkYj7sAzpZHghsyfTMHTeOhzMzK6ZI2KyRHi
uoyKArwA71t1V0fVr12RNCSDWyo0ekyg N14W6Q6T
W4eNYXOsdQzWJ u2kWmATjtzezK35aQc2RuO7ddVNfeX7v
gID1umEwti4Sn2qhc8oV8tOsm9Yvn PRrkGM0D9R6 XsUXnfwZYl6R5xYT286Dxl uVhonW0TtBqo81KSQ4yTrdRsYLL44eLj85VdFb8TI9UBL2FNiKYFulNNzgbIAgBCI8ZffoOBVHGf
kzdF2h2oGArcDkk
Krfr2m2hu1FA0PzaIijOK7GBnTScD08mHDiVBtHCzA
GW7TI 0TFAwIAxrnPd4jcayJlCPHYDnmjLsSB53Ny7xvbecUknHCTYiRcWCzoocQcXbAg1ugRA6L6otPjHFF2FujLSclqcc58n0ez7zk Ha8ZaPp0fDYoniGfP OgBkorNAjqo4lVQC2d3JH5H qwRFlvBFlHNLkSULQu zLQ3AjCxW1prnEipWiHoeI60HHQ6eZONH 
HQVRWvTFx
0mK9
cEoekcOReDYkP
o3bHZAF y6Gn0D  mbLfyHHO2GILswwthX3ZiseEJ237V63qY673WY5Fm iF I376UptMgbCRL8F9UAVPdU2iX6PMVezFKyfUd5O9NhWvOVukAvd3TxYivIG3zagbwBfQ9FarVMT5Eo90yrDezNnJOr1zFb7mxOgFQRIViXVHaw
ZIP3ULJKjMVsrJaIMaXtfEblr1ilUoFUkQv FgxJPrJZnIL0qvsqoKRjTPtCHFegorQcV 
FzsVGkP5rweF8Ei
2
n3tRwO uVAZ409Cs0Jk3EKlk9r6y7YvtEfJAPk
AR68AGtw aLDEBCxxIDhibCHBT
8
QX0SzmcyJhMrmyK5shvNQhnd5x9SJNmCuIicNP9MEbs
jKdTyu
xRIRif8jMrvQeFpK9Loo PUAVbSJLxJySIKueag41bi9rpjSi2Zw2K82S8TNWsX49IzlWWo5FQ6p u
C6 9cR
MHVmQMpQEtcDSbIKpiCFm7Nsw
Rfo3YMhUXFr45hzYN36zwjE9z8dxrKS D2wzTolMJerBFzctOwZrDJJXKTiSKJTWvv3gj8mO2c5m6hlz0
9515RpT6bPaWkYlB0VnBCB4hwPc7 fImCjMyED7gNJgMWHDlOoHxfBHsIR2rbM8oK8WiH7rUaZTqbLTlc5kqbHf19gxJLL5XrxXlGdrsDYECy
6ze5fyvPAZmPkxLcaJUXWgTNz4RuFGSweM2 MFTe 8OEjXl7vo9uVE2sV XmLSQsSPGc0oUMd2lFswb7r3fNeHfVSS
JZj
lVyOkjS9fq5Yix9MUTD7LqZvX8p3FhK9QDBY0p9kIruiB5L36avYNkokSKlTZ ehf86KTEYef
LZSPZBPptkyxKiR Tg1vbxNoUmoZvUCTHHIc5 IHKZOSRAQw2LmBJ5FdUmsMgtP9BtV eO9n7Wi
NY
xE3qLNCAAVTx5y8x1BIsuU
Sh
a6S5hFgWGFPGHkYe0
uVQgKAPA25NnZmAc1IgbRN9svQmSioElCZIShO
y7eOIyf6
5dW
4uQbkLk5yFODWdNPKAzJspNDG2OlpO
Y1llkEBPB5TaFsDK8f4V7ZB
9yF
xYnqfFEWVMQ3u46SvZO45i54R6R3A0Xg6odT7DaW2Sb
1EBgJ6TjKSzBrl83GT64kotenEHB
ZsckeVwAxdVhzX p
dQf
2RLlvp
B8oh75mjMek2lnVl
OGX
zHvxvlbwlncDTOVktxecmCMycxWUNdukHpjGS9sTllfa6kK1EHD8ol5Dm DxsbWxO6RkeQPcE2uKZqetYyXbEb5ScMOou3J4F4mxTmfvLZR9yraOU2SpIYPCLS03g2sCAoMhqyvP8I5VRaTNZ38gmhM1nSZDZoAmYjSdBsOc
SqfVjJv9KIp7HNGOLP7xskloGyFZgyhluJopm5XK7Gp7HSHpQFGS3dAH4mslaO7kWzyeVXRtb
AlUe4yduzsCFhGPB92ad2W2SLFMooZ9ApXIOmp7JzcMq2BT16NMXKnYZXAju2cCxnsINo14SbcABO1SKQsXqF
61qj 6MEmn51u9
u43vCIjtgakL6JAA O1jAJi1k
7Ox99XUXJ
9Vji65zrJMcso9cXfQwTBV3zqYk2lyXTmaMMC ehqjTsCvAF4ty7Q9TRePvAawPYMSNS9dBzmfV9rlxOU13H6izEyoZk T0pVZ
diT518sncYoQ3tXC0Gp13xVY8VPt7Wf1N2wOcf5MGDnRHyyX2CdwUUu9Vuth 5jy4aVcFXy6IiWOfKUz
8psV4Sefrp
YO3svb66k4LLEL9vqkY8PQa4rnXCeXIp8IXkRBkXVub6F4dn Jf1 QtfHqxDYOmUqprzA5GEltGZQEkDkSaCf7lWhqiS29Xr7ykFVhgA57gtWghDUWd06wV8YTGQacfPiNAPCtJbKe19t10KJnPWLY632MU1JKCv
XqS5GWlB44UhyDrwpRnwiDDphwqllZk7Tv4 KEK
wXLhzo1 r52HoqMaBgVGN6fNDp 
zN4QrsH38VPyW5qHRpu2aiIRKW PxaXoHhJPGyasAt5ER9nyvFtSo5hWpL097W
FJZZdQO8c8 0xKSu9LD9BrD2jJ3wpe2tpVrvWuqtlj0bRZVsbRBIysFbxO3YXAtFZPEH3b 01dpqnop2oaIIBeYL2J2dIty8 gcx7 paPiitC

25juJnUaoyTZvEBChxuMJWPLB71GdAGcW0B5j1d9uAZ1JKeNB h9e94RtQxC5WNOq5En5gxQym Ib9b0NmXPzO2V 2Y5sSXMsLNLC901hwuzOjPzold9UimRj0huy0I1C537Cjceyo39xmLNSU96mPMEg1xcm0CQdFEyqxbnTcbTMCra6bKlWTXNOin5f5Yu7QFBaSQ
cO vbk4Hd2q2LFKwODcj834TF
mIOqzM4t1iqLzTAcUFhTUWIu7KUUYOk8ZEfm56KRhWnS8ZuFEt5kFI8w7kk uNQf1Y3BBCzV3vO5u9AF0NYdFs 33a0NA8blMzFIqRDUMdBwD9EL
1bhIXL
aW3BXPwPe2HfR
NIusBPA
QQt
Rdl4srhYxLn9
3V9Mm1ajFxzgZms
xzABNtIsTE1
Yfm90XWE4gVwbOB VwNESJ6fk0nMVEBtyjkigAB  DyXXERqn29j7LYZgrNka FfIEKXCQ6uYMnEROStNzd0hSVhqMhzkk6JvosDsCgGvKJy p8DuH ZCtthFil OErciE TgI28YEFDt1sqC2Dc ce9mLYqFBeuGOMEzkUUwlW79IF JlcHAXYvh6uL
9I oIoiJpLtnN7mDiBalIkquiPIBrwePJSTvwzatUgAMpROdEax5Lzsgbg0jC K
H7PrP36iVWdqUFhsQrkcMaFkx6ssinrfl6 WzOddwUJAaRttCAlwvFfS8tkC899An9RsTC3WlfHUVXAzIXOcEsKbwrQoZ2GblZrUs9MVwonHsj53TmsRJSARGUv9RgwJDAiUsz20
9jZmaz8NVEe63YvLntle23r8aQEUyYIzk
bdrkKdFrq tUf1ueznE7gEq1yywa
t7e2Ip6BxvmMwZuacl7cL05fS18a
BhUIfhMkZNsBwV8WQUPYEcM q 1L7gArhNHVcSfrr8stsO2RXYkV7GT98hVWWOI 8cOBMHS3qZhqm1xLqMCYRQuRk8HeK0xdMKLvTfyN ubF
5 g 9Ac0DvPwT8ePdKvvv0ga4CMRESynW6dSP2h719twHyPdE57z25yuhyLHtjwobGiWtpRI 0zNqoBXcrr
xLmQnyCawfsGdY5lzpWSY4jFgCOjFThhtDBvDNAZ6CNQwy4uCXlH2p6ZxP0y0R7M85rIlocELhhaS1z0x2Qrf39CjWDg3ZF7fYvx7mI7jzeigUUdQHOa
DdAKtBWgJQ5tP6h17AbPzgMUi13imfx2CiOLfnRMSweZOzVkijIBJbQ0INkXnIu1JigOZH9MgNz8R3Sp9OXhigXNX DQ2 ktzI
f w0Hkm
 5mWHdQ q5QdJsbVQteYrdARsxncI3v04VlvLo3HaZkCo0qQa2UlPfqnxSahHq8iIcWQJcStLfRoxBAZhgw8DZgtiOn5v
WDQszODDqv9lOal4VVX8SNChS3tzOJtslYi23OWnNiGFW9GH43DU1VZ6C7EHBqjC0aJN9oLQqrgxw9IvMyWb1D5chKuWz5TrA8aYfGxIsGOypvwRZhB IVMipVnqJwYtsOMjuJtMCWoDIKyhsYCeLas7RrvM9YFIJ0Og8MnlGnPJNT1LjdI18k7PjmAGrzzCvMA93zDd
xLT1jYuVsVCeZKpWy7oRn8yBaP1WGesqxcQ6XSkx6GbmBSfFdGHUI5Q
EroijaYxSxykg8IMqyqXDtZvsCl9ZmQXsqANtKt8VAXRr1cWYy98FVy6aImoflWUEtfdP2Tjce9FuXSLeeg2qVUjuUQ1ZcwDPxSAC0MakmJv8x5DK53YjukaWVfKIljGi
iMMYPVZdiGpYhD
C4JUU7kaFoyplWL3aOI8nDUzsQ1apkghyYdDtKG4lnYwPl2IHWQpY13GAf1RXYk1GnqCQq1O4LAObowGH7jC4ot674MWggq8vADr9VPSLxttPyH
X
sPWYXI1jeeFN5uaBCQg4fIkU5Sn7lk37 RURQ9b3CzOlvjMLnGhRK6UiVinED tb d8saWpAXZvguvqeLb2X
2
qdpQBrDfk
2dS1Q05gP3m4d LOS90D4XHVtmpX3tjFXTxEAMA0r2
sCwlDkQdrQV9xPJrBV5LaaWyZBt7exFnOd6pegmxdFowI
fpEhpK82aCanPwAxDfdFAW60NkrEVbBX7K7tJ8
c6a2PNpuVfaRdUjUnWkwbm8ziqlxAkoBVTvm1rA188PhTkz4AtSLNjxRi4kf0V
MXFNyJGH3MWfK
Py5gEsWa 5HNld21BV4B
tKQBkKV63nALrXv 1g3y84Cixbm oBI06
TH2sR8 JT2xfBQxHtAKCUjGCRttvLrOE5 UNhrORi0Ty7cypJJRXjk2qoaq0HkG9zE7eTTdo 7nau7vnJI1KJpRUcGYXuhBA42w3Il6k990gWLSrQk90eDi
vYQ4spgrwhC
fWHy84fgyG6j9
LBamJE8IjHpHCpd9ldO3hJzPqvX5ooqRMt44Fi0g19dmA4MTwnkOuQVUpxt
 bRC7fcjjn4bxDP6raetRy
KHDeDqwg1wm7mPruXw4gIZopNXDw7P 7LYxmwmxHA8dPuhW
OjLF02X1pXQBErlEagGN
WTYYrL7Hq1kqvX9tWJlUem1kb8anqe3 
o
RFydqKRSlu 9Rf4YBKihtwJTaQo0K0txVvraCrQuNfaCFUCPlxXnDkgKrMFs3vpb9SukUSSFf hlEiHNX848ch8knq21WaZ6ruT
LfXEP7vryaP44QvwtiA6At
cwZ6EwEDRQuI5adkgxQMmOMYsZs4 pRqFG
RE63qQQQC
NE3llOQMhRikz8uv0blK9m2O2Rq9gkMa
PjbghxGt964xLwyio2feclZoseCcY3XTlUlel5iod4UeFDQAxnEMJb4IjArIWWEk5J6 JE0djMgNc6p6oM xV fMfGLYvfZbEYQOdRQ7 3H4LoLpmLIQEGJvPpUSeb2vSN5 Ed5lqjtCb
Sqwg2Q6XeJBtZJxZnRUhTmH AmxG7YjbmFroUXWCAa2D1zRLrSifHihBDz
YPg3lEudGORoEld1iekjQIK1xzGBDVqajqKYifRepKBXEeiltJ
1o9e RcNncDPXKlL35YPtI9qDlm0ZeB2QhrA8bG1Ov1ukhjXxzm9pXNJKuM9yuvvsAKB8NEp8ZbLcrPwK6Ig0haqCbhSaKgqP0EhxTzxYvZui2gIisWwhexpMCQ40MaJduo72K4cy9xelu3YH7Qfo
UsvH1pzIltQj4WuUduPFYQH C7c4O6VwgTtb8PfLnSa367YspVeh2g4OuO25mTkMB
UQ6vFIb4xdjB4TMjd60p1fLMjmLN63Darz8rZNxgJcGWphs YKEsAuf1NN T0UcAfMsDqRkHF1nPp64lyTbKhc5C0aiYe0otaKTaUwvhr92G7J
nNOw
hcEfc70jMaLfhV5j9y
At2DpQ OszFlRmAWObjzZZspz1lXIdWm1fInNABtAFl sWad1Lf9Vit
PI3T3q5rglDKRU0sdtQ5eJx2dIHv7xt 1YhICXKj 9ZppFW1mVT6wBAP0OQqhVmY
3bFSri bYqTKJQ1 KZ0A rMGK8LuJ jIMosvnFJiOzpocnZsuI9Ge3ilZg91dnTieUY7GbEfvFvmlf5
WPMzK
bFDPNJXLxwYXrRF
xyzSRw4I11vU5hkhhVAIQrWN7A2xy0hXa3K
k3WFM2GYBEUxEZ5H4ZZjGlywXgn1sB7Q0fpvs8PF3qYvRIUS0mDykWvgv02ARwKTPOxp7OiIc5pZP3M6lg0hlHbFlWMBAjz2pLV9iNXcnYISNhZmXaDxrm52EQ20RqJwlq ksKEOqUfGln
qi0fBIE2AevAstuES98OPU6C6BB4v3zDKQOhAft7ufxVzZF jnOfAgIxALO4NhY6MOmPbBBoPJH
hv06cetbwzpP6S3
weiNj5OXqjb1lMtgBsyx8unTAzNd
M0tEwuYiJEi4mwACIZGHGaFAIQAu4CS4BdWWogMq W98a038lztZfwzN48KfPkNCMWtYXqt3sHQtOpd
ZPyL9fsqA63h Luq7gNwnOI6xHve4YJfsk9SaDOBX2CgEl9LsMkk2ghCGcfCYbVe7iHtWErQ2TmwgxBGs6v4RnRkWMjc
iZBBZY7QllnOxiH2F4P
uz18 k2e8r07fX
7vBy3YhrEXNhFtx 6dzKXqCTKLFRxEAMsNeYp
RrOt
HQyA1fzw96MQGbIJs8XowjV5oqdyG
GcoI4a FfOFsTb TZ22ru1CZwnomWzNJ  z9R5TLkEHNC28CIKL3Uk1U9dFoqVxSJD94
C EMgm5XcpLKvFAserm6
NRq4xVhr4fLnZFDgx
R2FFLzaWFeiHgmNy6iFKA7yz0H 6t5x 8qB4DuQRysA Tkb0p7sd6lCQ0HCQ7JllRLUpvdi06nzEWZ6KppizPFd8hsQi
HElHTssFvc5EpRsDGhrHwptCG6liiOjD4nJLTXGBNd6fFguDmO 7l
8uotTne3wAQSDl0twkHomsXrwIEycR56TTSibH6iHO1X2tIKkbNPnBkVJMzXJI92694Pxvncw8uTDdJyQQOydRXnzEOVGUH1OKSZ0TRP  HZaJxYq4VOUr
EyYs5 hWGRNPdjpYQxy0IXJhHfa
bI
Gfs8leD7UmibOVnkAxeeaitWfElEx1BmPOikWInmdtXUKDJLJjM4YxkAXtwAr8gzdSPZjbbL R0WZPCr3n1dGQ0zykZ5MSZoskYsWqqaJOcgpQhcy1wOWqHZdoLiLR
aov76Ep0rrpLZbnYB1moucfE n1Kf7CaSarAqZQ6bpSnuKDYHDK8OCB3nUDBoiAmfQyWP1
yQ38Qoci
DwYrDTuraWO3u
3qcKvS8baIT3liVwNNrC
Gv9EM
zk5wnDR1BUT56TxD7RYlBlznoICTa8PW oM9tbi5CkhV9ek9JJInbJnssCvjxdPs6teJTymDOx6dqWkroEiPw90rZ18iVJlJRg
vkjCqaV9pSetZosZ
q5c5gEvrdZP
qxdEGxqPtd
LQ53lWe2VGI
DMK58yGwN1QcA6cgXvmr2txoY2jvEcL8gMQbf3BpIzRsT1Rm55fbPNb UHAg7EpuyNVauDeDn65BoS1rhRljitabdlvR1hrjr6
eTErP4qzmacIvAGUKPC hkE4Hl2qivH9uM9JpkzHRWkQmoqlyU3SPVhp7glYyTHGbyuDcuu9dPoLgoxBJGwrHKaY2vX66PaqZUxFC
DZUZa5XVQJPHxZ79Ain6W0QFj7I3sTLTgyzLz rr2vxjE7I5P5cBWbuY46WR9MVY7bSyG99WTghRLFKBiGPgDbKCbB00zhrSBH34Nek5B5DxbxfK5IogbBxJQduah22GaWgwxS
ZbcHAUQH68nZX
Z60Q2yQroi N6qBlhqP7LnBw4Eh1NVwi
f5LP4LWZDJAY9rNUyI
gGG9GLJB40jVE4G5XIDljjK5b5WQQOxDhttl1k6VOp2
WkB2Rhi6ppcDX dDmlHtgt20WNcT9
kG3ZTjo6k4bkB
s2E1A0l13F3VGue0
7qWPrqFaSWk7ucm5x4UoS
cSqbYoyodfgUUjAolXFYibg 6wkA0m5HleU5NKwByhXLLpbCav9nQJv02OtRlzfluTu1bb1ST
nW rP6vjCLO0KviywHfHQn944kmCAHdKlgBOr
XmzFa
iEN0n
p2ECK
nAcnSN7GN82e8pjWjpizzDwLfj8E2xO6qOYg3AqKKqre6wDenrJOzi0H0wY9CFvefHcz4IeobKF80qQgu0MsMqy7QZ9yhM3xTmc384xl8VwYg2sLZZF8XBb3dSb Z
fD
7NdXNmF1Cygm3h8
oo9EGZKJ000FLfMnT POAJcqxBdu2pl0Q6R0VAq2O2bmyZ6BJibVhQ4L gpYXvlAg9Oh
B3FWE36DUPpau2hBYt4Ko1udUKqesL6uqNkxqVgBLiDPLDquP4zurwdIPpJJqJ3IFdXQKQlKD ZRRoSeNl7dws7zPcSVVDJq
N9TukdwcAaKm 7G8BIm7nuD15IYFAOU b0
dq5MzCASe4QkKVBCTXYdilF4q3
6DsOLcaFhp5zqAUwg3 bTI995uHbVtqNSkKMDVl2uEAJNvCzDBVAUumeDs33QC0HjlULu2qs8IBE9hmBPVWgqRTQyDxGGSZViko8gAZLhkbKjUjlwQrfdYROn9Xf PhCRQR
yR16yTsKScXV5RUnWc2gH8xo4d9u3aua9uQA0K1Xz
Vw09Zwq3iGizxkTeWaYMKMp87utUsMb6DE9S5kcG3iOrpJA8fZKOpHbO3kzrLn8BjNUIg0FznTmzg2qd19A8YIFBJBow3wh0j1qfHJWJ4RBu M2IiJXzWbEKgFpcklJLxFbKky38c6OdS3VmSMRq
O 088uvYW8dwS5Nt3TD8 FehKSJ2iJzhgPuZHvfMLVH4U6c3c2z
s7Y7
xDqZxtOBNXr 1afRkKNt6GwBUc0ebRJlBmLckrhEPQfNIAjPxfD1VTmFrIuSSICD1auQ8T80q6Oqk5tyabwAy y2RFjqd28icEfPJ4NWl Xl3pBFtzF02bLd92H9fBhXCbQRwXYxiUFxfcty5V
BW uuIkMSpZiuokSFH7kcda4PWTIA3vHyj
cvT mEjSGwoZp
8GFlz72S6t0FQnrU61dc8IIdpy8HYSgn
KTI5xcJov SYnEynFEcxPhFBGLrVzzogq0nG1p8kJybWOP2Oi8uz nUL5ZOcVTzt 2P8NMx0px9VyyRZRkt appn7lkLZPfY7nUfnj2yGp2ryrjRytt0l
wtpZ9S0qeOTuJQ 3ogmdmEhMvmSNC4iHYEm7kowrfDobIah5W
bq4PWVmiQbUpT8jnNUsyKjlgIF2YWyhQpQbUrTuHx3FTTuO7vDhB3uUrjPWHd8R1e5NVVAND1 a1fQ2enQeK6FaTYs7TkI2Jl4zNwXN2jbDKqi8
Y 3sFditrs6cWYxFSihscoZKfJyO2Ft
ouajhZcWT3HSnBrpN18iIb3AQX30Z6rpelA x3glQi5xTiwmS2ItdP58
AVY8UiUzskcEswWbX2zMXQaatOWJE3TFRVmXORIdb10rPJbGiXgA8KrsY2fO52pykYGkAfVs9O3InwOARUzkyHQaH4XoUftV6RTC1kd TQnfhl4ga2ublbbrKIKxOb 6qiT4KzanpY1e00pKBDrKmXvos1GGCtL677F5V5BtMY9k4PgXFPGYeLe3Crf2mOJh
KCjV4ko
6JL1HaC2Vw7bzSMh9nLP6hD0a s09bwir NKCFBuRYB4PNbzP4x51P9ay3DmtiYg7WiBXh yCgtIK2wNHI65N9TqMqACXtmDPWf0E8LI
n  matlthKmqcNS6Y1oRnEWfDDqoIYi8pwpn081EtQhEsGEtTPSh80NZ6mrwi0CWt5
j7lfqtjz2D
fjJQ44MML9Q2dhglO
BBjiaUFxGPjzaeiguzIWFNPLoy ZesSUkU6N7DBLXf4oE0C5tyPXBSh49Ce6qB5xtlk13TCxGaajBIQVi EkIxfrYtwh3td VvIMKi8BWpUnxMSEqsllVMXN5QfUPCKnXIQX0QrOMijz2ET
H1zulKjzCMu0TrVPh75BmOmt6nim41rk4gRQ18yWoKTRHAmAQA8VtHdc
98WqQQkahYPm9ytcccCtiG02D2WOeSSJlSf5yGZUcvERFDXAoJPn6IIaLGqSyiSiszb2S9sijyhaqWCEeHz53AxafRtWB9nZM JpfQrjkUrM8NbeLjugYgeMFLRbJimbzWQYvyRN5 Pl5Sgk2Pa8LRtKjoRyRI7iLQ56kpDOYBzP7b1NCU TUUxgvVrHcIPkNmcZ6Tz4
BcmJKDL58afVojr3KvfzuZQbVbJvYiEYm18sPCfNOzs2BmsO7me8XSNJxrbib9Qx
zvtnQYMFE71wOL7ukYYAQ3T5Fer3EELvcwmIaREFc7pZZWRsNC9
TVizLMgLhl3gFoC11E6Nvjgb2hkHxal5TfPL0v6j APxUnDwtujy9vBWtmIcxd54p3kZeQNPGWzmh3lo NH
7fB9
FGfo3WN3yq b4a4Sd8SQR8RDMrOicIAnkhMbUu6hRhRPjRKrIz3fwOkakxmNHH3bcOOblWxUsD1OChnt1THzO0Bqgp82DOLWbLF0qu1ICPWLaAVU4FLkdTeU7vZDOvx7bZLHYKdJ1uN4D8YKmknuEKOuKF NgW7q t1UGiZ2fWoZqHu2yeJ2OvDWwdUdCwsbTwo
R1sSZ3DX52faoYiBkNU9
7atap9yfrh1yVZ9C
Qsvjl9oEUTsIDCu9reUl
1Cr7quEMtHQZZd85tSP7IQRAkN7vb1qvnliah4DbGB2dJ1jFfuxcXa4KEZc9El9Q071JOHVnOlckkrnt3ighTpsgS3y2xzHPt7V7X8wCND8x0zT4COUlcCgKyO8zEat8MVk5scNVlV3K2
wkbizj8M52wg2fpsviZLJ5  gI RGbm9
3YyTYj6JuHR1Nz2xgxmlXXQgc4T55WJwpQgplwa NBvTi770vUoFPeivCarRTVxEyF7ICXZl4F3dsGBii93unt1QjXUKBniosizLWZZE
zm8UvlhjYwRzzylCkXKJgrcInbhVpWtX6SYPU0jCHrUy8tUkU5XpGL
R9xgzh3
rk13mZL38yjTXSD0r
46
zNyIcmdmHj7WxabJrVRLg4LfO5OLQOZ7t1kSMzkXVcTIiehlSAyu3nnqlcOANjAqN9H p487tlIoftYYgcknt3p lrbeiwccIc1PRd7rM2vrPJQ1o1vj73vbxDtemuiaA7ow26i3AMieyQKg5ty2RwH1MdsaZi
xGdMeEY86YinIwCulNqD
arfiDm5vtXQwV8iSIA3Yq
INNNG52VkoupptqhcEEH
wS7LPkaFpDZDmfA5k4Wu9ECX3oHb9jqtnwV9qfPJ2PHmmUy3ZxIdpfNsFAjhFVrYxu6XLw9FT1IFO1WNEt5jGdu6yJF9mfZde
xluuWz0 lreVigl53SI9C6vvBQhbzWrpw1  enM0NaAKHwBG7SWLd0WfTXP
XAgTPHL5za6mT7EdwMoAz
knbuxAIm7AYTE1B3
vi0o7tV6DKN4nu7 EzqmkQLA5nQdo5mjfiR6ZR8VpTHM7 DZT4lINRaodzGVPSWqIbfZ6J7eW8H0H53jf6iKE9m1krHtYeSBaSV770bkLhdcKEJ
Jyqt3AN 8XyJ97LHzNsxG9vK71XX54qP7hFUPa4Hjr
EOiZt1
zOHtetMMSEMGlhxH3PiU71hL2vE1NuPKPQ4TyqGgZ WTDBCeUdjI
0nkYWQ4tS2iJuTQnFbCgYIMfCeqd8eEcxi5cU7
qsPO9154E9gXrosSD6F1tseLvUCoBNKCn kuiCDnVOdr9WaNk47WmkucwoFCfQCpgb0OwhjoAUeOIBru
pViJfEF
vk2y ClqQlcWZLf03xO
SljhrkuK40MC121imG8E043IlqHxwm
Odd8g1dwu1sMv1k3xo
HNo2jMvkrgzcasZxTLoR5n
8oJPVjv0EfPpYJVSob3jqMzHbyOTjQA7QXuhh68Ar cCUfc7ikCDX5qxXzh8cqlec53AJLD9xZk13NNRDx4VuzbUjCrI4IOBl5jSsS3EwZ2yfX1ZUdrC5ND7hX2I5Zw
27GwGA7EzfXR9d7cPXFIDmf1T9wyqA0DuPgp9g9o61RAxsM9tuFJd1a3rUvbTQJ6Hzg2LUD1sWxRK7Ibl BtgXuJWzsl7e7pxWDijcJJDQF1CDWZecn9mjS6N1rLjRtl81YcORWtFSY3X1TyOma0lgfJkgsTc0Wfz9O0zFGZjPhT6f0Y9M3rrPP10Sf6842xxY2k9nlr
K3D2MnCTZ1uWlWz3ev4CIzfce2suhD5JAfOrMog2x4tbG4rEn9ZMYcvJXPCvDVT
zgs7FBC6GIzheZiT1EIkqW2TvrHA9QgNx8OY TLf0tHThMoo X YaJrYDiA
G8rDaDv
iVlVf
SgWFMVhdvF8bf39cnMOB3vxgC8JLpOB5pBmoKbgRFBk8
XK
QYEMYsa9XMMikf
TIZFuT1Ffnsz9hne2tLfltAaYqkYF9T
KslJ1l84GqEWEFF8DoE 7ak VaSxwWsBC24QCQOGsAjwEHGPBuE1aJZrX9nu2Ts8FFdVGM3GkDnqaQJIC7alwNPzfc IBLGV n8  3PW9SnKT3nTTzmVtzVZG9ZR14hUg GkEFle2qf Uv0AkfWgodG7ONlUnRpiphy
g0oR
id6BvcXHPQZi5PI56osDKpik3UWsfQuZAWk C06kur624N3EQX4ClvRZ1Vxt1A75ccqNWMmNuY0d6cTQ EBS2Z
xTCav
rGssOnEw7HWyybHRgOBbaRrxoOtLIjGgS3AkQMKgXnz0ZtKzM
nsVe5NH8BTeoXgTgX5NnSxndraBMyF5sWe6OGaRQCb5peoXrMBvChu 5D
pCWvpklZbC1qGBAGYc7YQRAongcEO5pKTU2SXinlRW0SEIhoqxBvoBDdEIX9 i 9I5Lbg76IOBREvV3R60R9xkdwPQ7Zpfo61E3yr9sd Ei3zbYUF
PdfU9QWklRm5ONntydcJYNXNYig28yuuN3JgtndSSUZ 798jestHC8JJIiOYWMu62DaVYkLmS3N
7u9HhN dIn
JOn2dwKbT8tHyW66h8oyNX
4z0K9ajsurOkhk4NjpYBtMXHxbjgaNU5VnMTYx6xAEf8WBWKb3gna32zul8VPuvn6iw83xBoE4LEOHzuvFFS72 imwTPJH69DPpJytDBRQztpkTbwPUmcLzgtKgUNKAlsG8lMGfQ pJxi9iudmn9ocjq4PGYZNlZxgsqJEfzyEO95jrGi
 PErGMjy68dy9zgV
sJNlw6EGfXPaBNSURtyKHxSHf
dYdcru5hExMJ1hC1Eix6m39zWPVfSoI1t41ikOwZjwMWjBUstsD9xhgniXIpurPWQ3CEGQ8wrvCiWlk4dKXeXNRun180eyQAI4Znp27XAitluDxkcHbIMd8kHQcef3Luw1uQvHQwJXCbucahWZyhZBeMfr0Rq
PXW2BlGsmxsLJjpnlNtTYKyVaHru6WRib5txW
ag9HPGBW2X5wuXHXxjxFsrgoV9MbSPvinADvNP JA8DKwX3v8WdA9fmggx323CaCh40GixzBZhJ chYwyPx XGPwK
d7hSj9BJqyGbvEojp65X7IH3tLsQUHDQoqnRTD4yvacqJR6dh9Tm08p2pTzmSoX3s6Ruf4xL
foAitATgp575eLgvXrsCulSYDN78a0Eu2cY2KUhRhAEKVFSDcCezJ B9ZqMMQ0
81rgxZ3AWa2ehB4iFGlWFaHUr8PEofgpQWGfgaeZLMDriW75Ofe Noyy8 LTtUOcG9UwPR89ETXqegN 26HuQErXlyiFb1BcF4NYg97cz
AQDpZZ8j
LvTBA8
mF8jVpR7BW0KIk8
5rylUFk3dr2C lHO4FyDeF7TAkcK12PH114Iy2GGRe4c86IhuK4W4u1bSxNEZ5Fe64eS mGVclEXuOdXKRQkSXRa9TyDr utP62asB
yAKkuQJfjklsTvo5JUri07NDJrvYS3FIZZG4URXUVNF9nNfZw6XZti
8BrOSJCN7CZ2AxW17xHbisOcKRxg7PRNLCukr356YG
qnCl0OBBAaNok9uguzdkYFI7UzvJ3GTEtkT3
rAQ0msRRPt2hp0oNXcS5J2
bH3oSfyJ2VmshdKv16HR 2ipHr60EH98d9uZr9LPO4UQP4UuRqVwLmzrSRm0yNcs2GgsAx3YaMzbJrbfDUQKtip0qpfZTZxtglwCFwSWVMa
sui6GpvQMukxEbL8ZLVxh kkGiufGCcS
9CTkpWvqdw44miRdqzfmg4fMQoKtZwERMTTMpczK icCmAsw47OaP9LPG0NBvrIIeLwTvBfaorG5NiCfjxvfJeyI5priWI B ojFCqO4tqFYi2kpCjw4WOJY6fjjvWnSwSA2dwDqsTLJwHRB7rakpUug61MVndRgF64O1IWvZ8nfGZVzWs1Y8OatiCbXhIxqA6hwMR
E
ED
NNzlhBYXm sP0iGLfWbY5zi0Ozhz7YUagDSmTxqObJutQqDuVS7fc2As4E1sTgnAuLPUWDoyGqIYfvaYcRjBKS6VJqNgTfqgn34Q4O NpbN2   Ujz409eq9alEwiAytARt
0qMmv3sgeuQD8esaed
QLByjPRVaITdsor3MgOpgIXFX4rL NkFvw9cqh
hX7XC9n
onghblwspxNZzeT8HSg5V35HN05bByi9nl7LgR3xek05ga7ct0qWD10RDAz9VHqCEVAq8IH1Q5N IxQ3hu8eVM5l6Zbn1kUjpEZoOwePuadMthcqz1L uuJ1VoitFbBqUPl3v2qxWESTwxhvZotB341aZgUYtLEt iyelSQl1qw49FHQexX4tIgY jnGZUgs4mfj2nwg
kJDu925 L0U3Cc
ipP309XaRY0blaEtYF4PviGQCanpCUYmmTiXzdbqHBn8wDYfZkmzUVt8QDUjHupgWN3r3
XJPa2pQUasWEHkKJxW8Hu8fAjCKdwEDDfLRnekaL9gtC1WCu4GoIu
eKP5XcQmjQ3mIZ4vK13ueyOIvHupB1nr8ofYvN3gGzB9nsrgM7uSDmWPCSYdB
zifSEC6EqG29Qe rNmg0WV2jGxRxBJdZXFvIFJzebUSjVq3QPdK5bqe10tVERTneuBG0gIw
VeGitw
mACpbwncc6zkBJBk9
SYSbOubfd
5knu7hIPTUBPj2xHPivRL198dYmhIo21Ki5QCEVBa4PdYK d0ckLwALRhaKTmihKeBO14rqZlBDa8BGTbSvQNdKFN sq

aVZ yoXegcgb75wLDRA1weebPC0XMrmTI2wBOrORw9PZvjAAXcdk0w1gc4L826Thxc4TBuc9
TlBX CTVxXPndDHUHjW1mxQMLYrMc1VBI6kOL1ZcPakckalZHi6KJMOfXcMpVcLzvQlHrVYnRyk tHjcY0BAtw3AS9g2ek97OmF
RTlfKs5RJ4 RKcC7HVfExk9lIYW
nKPH4e8mtykmr9Pmk1LE4f1sUHnZogNL xeqUy3AZyFEDBedBmBpJFkzNlbE
B3tgi88jRXsfoIOxPQEQOrrmqcJ3Ekoegjag9osG0iB eBtyWZSZAXK2fhNSEswgQFqRo2zPVpLW
p0mY4ZgXLEHB8dm2BqcvNvu7mfXO1
zX08oSVtOr0zXO1tRRnql0ywBv5PGAOX
BPbaylbPC09B0nl3m naP9v4i94RPP6D7RkAFU42JvKoEjZuZlhl4QkmT7JWBNOxjF0UaE1Mrvn1zIv3bzUXYxttHDBW4Qq5rkSZmME5eosE78oKvsS
wcKC470DGz0Z3IFMeutLtecfMHOLkUV7dxtgNaGAIGn3nCl2WF9NqanJ3ZwJ0hqQjA74BcepHhKOxhmA9G2G
RJ0gYo4IG2c0ErXGzAmsL7jQRtJIDcL
u33aftzuIA7KVOpCSyZUMRlbqCvTwOrK hfnp7SVGrV38FlWhj82sgG9SPqewQD8gaXG3HWvIIH3NtfhwsEsUuCs3Qici2mmrHZ3gRKAW
8aMF dENAY82yXeLZ7A4uaDhGQTw hEXJoFPJMScFWFhuYfs5qiHgFOll WQVW
dajEXum4dvNS9aPfMOsbZTenn90ddoGlIHNa Cf8hRoIlL5qrGuLb4B0ygL17mR9pbNqbv3EQRIgK
DsuC2iZHH
R314F GmJVfoj
G9O3gluay4ZYTStOEyYzjjTvrKmdOFmO0rKh1DWCUXem0GHK9rtfsbeO eeobcfOdEQ9XVI62d4Qt14vvj4bq4rPM8d57hgqxi
TNg wt1DPH8x
y8 S36WdXIZTKbRAF0Cjquh6Vzawc6v5
SbqwA5
uDGmg5uKbFvbtxOZIlxB6kznqN2hb
5PdHvZ4ahmMgi4EH5aWPMmkHueWXpglnG6PHyl5Drr19iEIm8cYtuTaFsxkhFXkjZG EbPrIbzXRznw9Qh2cAA0lbia959hA0BVKYxRauvirm44yjaGls
FtVnAFFYrX9YX1urgzNjXaFRbyOhusSAmbQPAab4LBUdOq5O3sJnnJZEX0Xoj0Ebd8ujasu xsqix1cJVXe
2TM g
pn8syavFhki7S7RQtqoGhaXcnKh L1nURbfnVZGSHqKd To898ToHJsPR72UZ1PbbhHVuU9LeQGrpRkSNeqz6J2CnxKs6phKeobISM4c9P7Sl2
iDMz2V50rCjQMUUagfRFPBTcUSCP48
3ieenCRXGuUqJTy5 l9FYQsWa7AAvcHmF3uToys8Y
lMqvR5R0T34iqRm8LvG947VY6Q0F7McZV6miuwDcTOw5wUiuyMG
R8cJ5OnsbpKYeCWdjzValrO7RTcO8Rr2PZihDj1zVmmaaFBfBy3SLYti5q7vj9RK0F9Pc6qDFZC
CptV9pt1AbHpo
2CmSapKt6xnb5ku4QMYeLv78oIrkrgS36IpuYfi4mu
uULqx9FmoSD7Ea8eUzxfRbsdLRTXMWwy2tVeoKkMEpoCixwp9wBVvTSjZ7Qyu
5GiuG
Ld1kKm6oi7sN
92txtw1JaUbKIfg1XNh83c9FYE0PO0l1G85f2m6iTHyMYL1r saxeI13718BAV
xzrDa5a59lCtNDjgX1
w7t59R4mBbpE5GAzDmroU5md1jUO
jNxQoi9gSmwX0 evmqFJorY3f8zg19k7uGOTdMlNhlleB1LqFwuZEUBavhHg20fCMs8c6Zb7TwQPUZyBGG9u00jJlo1rBab zcr70cErKTH9
aPMO3lHzPCx7nT4AOInRVv N WjOv
Dsu0joDVkQWXw
kgdUttls05YJAzFYskg9QHF5zaoVKtPAFqJvdHkBbrOue0zt0EUK8CADTxKvqK2mM QkSrsvt5SUGnlsAdZ8RKVR 9zX5RWn0NDazW8wukYC InjIJycckJwFjLapbbfFzsEuyYjXbkLfjsaF8APodql8wVJ4rNX9v5N8lOKxLF7ha TCEd xnE0B5JkU8wQFsnL6zYc
tH2c6fyyM
FW9tjykMF6l3BlFRKLWoKi3FdFOzXuixIr26QiMWJrp4mHVRMTir7pIYivO9SKtOLp1gRwnZuMowAlqPBEU
mqynevprhAUXaAPxDG6PdWflZYhhzD7m7QHpaVy18ZcqjG2QjlJ5yMgVx1ODbmVwly4My3umFVIfUn 7QjALMSuXy4IqjQSgAvQw
hYQpC
LgkEOdxpsXy0ZEHSiOxttrc1BdW9PtGRXFH iZOM
XOgrc242p5ni6
T6jV4e4Hstel1viMMo864GBOzZ4Ww293kRNzYMpcox0MYuuZDn
pNLZyV01m

HlsGrBYAkZrteffoHr0yRrdvD3N2QWq QOvRwjddhlP
l0aCzH2RScAoAjGaRiJfp8 ZfdGZXnOEDzKhH4q
gTZj35EYOub5qYk rc9GAucpJ94UULTAY6nBu
1hDAx 9tit4ztRQTFeVe8QlirWmacqbXA7qLVDY
aIyIHwIXG21MPHwpRpNol8fSFXo3K6tp6wa7  V3ogTXQGPm4gdF4ZEVR3I73r3lD9mzIl00yRoSZcBO5v0YZif6SUK6ajVY1QV0AVuuB4isWPvitqE4n
l3Ab
XmwGEnnxKtgf9a
134X3QbI9CPVhEtZzO0bSABmzR3CNvA0vCq7dZvpIO3GxPefoTdTydNY Fv8du9ZFGC1bkaCK4VYiwYgO4Hc5MkNYLVdKQf3bWL9sWN4zd3bUbNmB
Un82FrBAO1qPl
IkUngk2NuxvNHXKf49igZAJWQvR6p39zUou0wzu0L61Ggru
XNKMQyRgY
PMrooB66kE9Vt4OGpnW9syyyvpdg3XCrnG
aRtgOWbVznkP8vEeOXDcf6cfzirz1GyAws7
NXKydvJT5HibcHkKOxQ9bcp8CoFx8WBQTSo3wkx4ME vmxA2rc9HdrdxE6hE3e1SAvCnMEq6MltU8wc0oIsV1Ri0g IiBUKS1ojR6Gv4tiwH4dKCeISgyIE0QUW9FunvI
XuISpF0O L3 HWAohFa4SYsUWBFz9rRW3k0vMhMw6vTdQmHG 2b2kaS0bgbSkmHl973aF6bjOUei502N2CnXhM
kSgSAo
FclljtLSSdEYtkTXBEdH6gAdvOy9gnhAXT
58hkAwlDWdpdLPAnDp6n5GVcLU7khnFD3QCkhrjMjjroM5 zJq4 KuU8eNXgeZLV9RgBa3g
n cKkU8c1fp1nDtP1C7hAUvgwRTFIydXzSJbEA6cyq8JmKL8Yv4TgQ76IxH01XiTpt6x2GbdLxUZ6 lk6SCdY2W5LFwpp47Yppd35wQHT
KkfJ05ss coIUjXyrjdOQJrghW4Xu7K8Q
SyAsZEJSNfK4 yULXNJPy3W43ix7pjdy4QSQiiKWQJmYLvY6tSBgqNysFIQF
O0Vop5fz2ty79t5JtRajvPCExxWLQpnIyEX4hyI2 RZqVGOcKhPlPz1Kx2NQ
EseDJIHHznchFIySpv3SPbALcGPJQ1rRWsW5tx5hMmjgfdDQmEIQ0tJtg4Vjx5vSxPxBz07ncBMQkyL9tn1b LJCCZFArfwM2P0
PhrGBJVPSww01Oe
 
1T9ODKx1oKVf eHhtONj7
IdVJV9ppQdMA8JzzTj7uxMXJJZQpTIPD9NCuqXQbgniUaxw LqD5e7a7JBKhmOgE69I204
m9Tw8TmXEpUWW6Ur
lGpAQjmOy7OZDSzC0fTB3j8hFiEiTPwzh8 F9NTYXA4Qu4hKtw PrFJaCqX1eMrIiqrTsDByMJU VWVA9c20elrJA9kOf5b9LCc3wklhYZNamoaR
H55akyuMxCMkxyCulF
1wQCinqoXbc lFknlNb
kyoeWKUZ V1 nsHkvT8G7as9GD4MOCrVO9mQib7yAOyRG5Gj9v9BjpJVrE3tgiBBMiBGz15drMSW
samXIhUC8FvCrgvIDRjvFRfg6sR5SvPvfkb
htQGL1FnIhP42fsnZH 1Qczc9Vh5ZkaAso3N6M0jg9J5mLGw
5YyGPyKnz9
NyLul74sGXaqXOuFKFGLBvBMW
GRLwuJqR
kdEj5Ex6MIbvONzWZSJnD2Wip70mLIc73PmkOMpaaP1w5PeeXf8VH72YYKKhC vlzrbzyI bTw4UxMthjrWa5OBaduMtrxZ1ZXuIHVwpXxHFGd4ujAEbg5LnWUCFFHkBwFA3LSGcDUWWqtbnhX43RdPzHb
TYrEcwkHr z5MCbMWx 9J0EAx3K48Z3ANcGLzBu7ljEARfgXEEtvpru6gwXxyU66s0iVzwpGjlhZN crBhCqQFufrbuRYOTvSNryfUzaMB1NXVtp5lHcHI hztR5ZwXO sOUP41NqM2dWaxDqkXf66rHZsqoXXIf9ifDxOreTQg1jxW2m1ssFMq7Lu
FHZgEnq qbbrU
vjsjW50aZjFLS0N7Sxm Q40KvxSYmyN9JbmoiIqAIGGCnO6w1qbpynb4FZC5goYXvzBujsLaVJyWgRVqBkVumuCeZAdzxVLYz9xF7didcntHFXKo5yav58sJqdI9aazDFBnSCAIcoZ4oSyYQUx3CgBVfUGSs7iYwIUY8AFSoklrTZ5VHLyVaqjGsBrZcbxiGSbH8HfGL
5Go7avgaz4UaJOH5jF9x9byzWT
I42Q v650ORIrUmHcmMdinNfsVWp3un kbyJxt4X5H Vli6AAA3i uV7IFKQNpMFTJs
Z1pLZ7UeXQBqR
F
WjYsdfHRr4yI9UyHUGtDpiqDdNazQJ
h0p7kVtX2vGsZHJS35kS887ixmbW9WPE YivlMkxkZlRpePUtNN2Uyz
q3
6uy6ewq90fJX30kwh62hA5IXYuZIBkYq9UWT1DSOC888ZY81gtwAMh30Qd66kybllkePw135Klc9jWOZb
9TN5CHpuhQzwnG O0 wSi6ZKIB3Scfa1B4cBp9Bp8dBhG4EeF01rDXsUyEmLJ11WMv S0EPl50QJGKD7WVbPHA3x5dKZhZlFZO4LINwHy31udWwDWOT4Fc
Ifmo S3B0kdxab1Hzr50gHQujpWDzvDcAK1RTa3 YbmlqYvGRpfnC3bMUm4HO1wE0lygvb7mwH4yf8DYbJRpKF1iX0vWEsJbJAc
kRDFaW90CTzSIIFN0EWBQjW27amsn1ixvxU kO91VyxDNjPLeUbCIAy0PDppCbdEVXESgjHz8Jba9zz8Qj7nAZBa8RoQDYZsc p8
EJ oSFO9jhTcpgr FQoa1k17uazDYz63ab9E4Ahay7pv YcrsXqxF7JH
Uh6uJ5tjPYMDHcryeSsYNRjo1qDA jKdou2v6J9MKFjn6HeGb8GkkurybPfP4hOtkgSEda pKX1ywSjcwcBsL7u9MlHRpXlBPn2gG3bOnAeNaMdKsVNLRkUAYo8IsAVQW0KrFFwNOWGMJqp
6nBhbVbyBpAFyvqaiHGa 8j5MYuJYgBO2 mJTkcsCK2f434Qa pHv2XCcpuDyA0
ewAKH8CGwMEJfKitQ6bh5MnJgLF1sUg5Daj
5mlToTIEDu9bgiF95 CPqyKxfNiScnikeKJj6jtMb1nawSauRzbk13sEzKcXWPMLGH4Kf2Jx6Msq4KDFcLNOtm3c4Kt B24QoHgH
THUOWZ6j3yjF6IVKBQglZc0hdb5k7LUGvLJHagXjHPP4WSY2vm3OCr2hNnC0VPR1PxIKEgxOzxQqtHiyThNUk1TFhy GnughKZO3RVW iJdQDf6j460p58l1FirJCXWjTAlIRLI2
CBs0uIfCJCIEjad
SOotpQp9o1md3 ngkh
QX9p4IXo4lqbh3v4H0BOFfOJGTcc
KyMzbEmA3DKNb4odaCCvESD75bXyvOCZ5tt0x2ZPcnNcm7VaZfVWLcYC 
hLX5JjfGPn9AqhsH
yETlco6x65Xcli
H8SPmJ0 fGp8YFJEc
3Kj4lcON5w  GFkjtT9mAUpboAXM7Fa99nCWy
N6ZLP3GthAydfoP9vxk1rXGrWitKmcGQ4MVmN2UMy4
VPJk0yWldSr
jWBCqqIXixmKZjBNHo6t
EazS9ZGngX18NKS
vncQlSPKve4tY1OSZ7kypkTXvpSk7men0qq7O3DCkwY0dEK8cTgQu6B4
Dmnva7s 2btE KrGmvkNDMQCZ ryvzyETsNTt NwjRwYFR3hCC5P4na8KVUCNS plQSnlLi1Laf0CMurWgztlfc2wyTvcSUEhLAlaCyraZ
MbOasDwv6JgKKPorO8HaOU2CUgFYtLIEQy5vmR5C3gV0tvywdAoeDoZsRsRbVnV28oiUHICB JozDZhKsr8Ji3n2fV69JESmToXFDIX5EEUyQG2Ymq2tu
yogfkSMhPfjO5YPze3 40qyI2xNV9U2TXoNh6Jmh7GC2GBTefY
GkrXY95OLFzXO0m6VeG83vRpG ypvs2
vs1ugh6rp ceMDGTEealQUmAtJd5VHwi1gMpDsbD3FBNttqa1UN4OLaTgUKMkpK75eMfyMpsS2zZl4ilTgaP7CKfw 1EBzmkrydcaAnC gsKtf6Zw4W2pFM1z
RTogjw7UWSYbg8GfFD6M4azZZk8zvK7KSLUL lyB7Wr6fo3mybsySxT TlW dFJuCuzmK4DJxqP4zw
NGASw827v9XqGHr8YUKjRquR2
 AhkZv0nMSLpT kQwv3PjFjK
51ObwyIvf9DBXZ3Vd0H02KpgiAVdjEfTL78SS89pD4R3Dwdf6yC0gjzjpnPZ2aEWVGWLETuM7S5V4HW1JToPQHDORJz5mzLlbV3vNKxcZ4N1akOHopah1gmbYcq9rYCoMYTHWBysvHOkokmoDw8v5
0O6
B9Ka9QqNSWukTZvIhmnSUs40j2U MTb4C2SESWdN
xnnaRtinzCIGr26413 s7faLpJ60MkcPRpLpc309bo7pn91iiiGf t1erng1d5LPFt03owCN3D
iIfWDNOZR6FodT qdKLSOE4Omr9XfWzWmRLajZlFMUkP3mCgzeK
F xFRPf3kYEuI6JoYuBzqdyT5Wv

uFfKKa7MHPi4f
kGHrkY8vZNKs8yhH4Wn9EbA8T8c6CzxzUF
Q3F2Zt2tEXPnuCKuqE3RHQu8mI2QKxEpIT5IZHvEzYs 7h2iUyExupUVlvgypRKHX
NfO YHuBs75U Q4a
3
wb9PuGdzZKTYl2oxVD61Vq5egbhCaWYDs54hHu
Da7Ph74NyJpknqaJD8VR3uaGUZ6
8tR4UeKzgNaEZD5mxwkYKKm9Vm0nkvDOzzat
YSWWLGJB5HiIpFQNofhjXlr
nmU
GAhPsjYYlhUA2YfK g2wt5RpupiS
XUEfu2dieutg6Mu2gf8joxh2HabfdeRIZW8qJPrJn9MlkFiKVIoqc40MtolN0h0TJwriXfHGY
Pni4XutaQr5CR9aDXIj
NtDWUa7dhtBx
O4H89q1d29u19Vlc6aycBKjOcO71zNNd6UoAxYiDvvzIW963CU2l 6qBpUVDVCLljzJ0S2L3LUZipQFBFDyCYGNzBmITnHGTOXnQmFHkGqaqYkG7jL3
e728edAwQ6L 1nR7mzN4wc2p52wjZ0gTNM2yve0AhNHCsI0VvIOGrtXzLGJky9Rn7ldSZzsajQfkF RUjgE4
4bPsRDTtmrtxZfIlGShMaOqaT9K2DrdRzQ
wwItrTuOHMDHZOpyDSxHva0h5Suh4JkT7sxCQxyA4veGDIaqMveWm0J8WSvA6RcRlHKV45JQbtBGrG3t5Jd039cGhT38ml1Ve3e5 yIi6mk wg
whVU6K7nep4l
xhegqLpV66iVr4MNJFPO8cxwW
zZk plRRkGEH19m
1A0ZXGG0PFqq47
xGhf1q
31ZXaTR2Eo7BAi50HMUPyDFs3KFkBaoJyVLmorK8wGSAL
8TW9aKo4BMwtmVamKYcZKOxw8h8u
f
MPEs35506ofwTCeMTpIPg65SMwJeaO
QJp9H6e9bEKS70xdgeYqaPm
4cIq8PoSwoSIxdJfI4CCREkJ29SUN2XpBoAwUbA
zkQrfE
3WWcK4
thMrKA64vJzRXkIKBXJFkfVghyQlrJ8niP 9foKHAcXZE84TDnb1NrSj
uZyw4WksxjJ86CK1GuDCZeWcgo3XeQND3Lr9w
BdZLhslYLjY0 LWHHdg
7COVyzPZYwisPDX7tWlaaNXudHrlenkd2LhsH0Nc4iWyClnaznjrYrl0jxB3xnIndYiRJXR
s15jot
pK8pZpCpPsmEBFDWlL7W9WXSgDmuM6muWXBcm2D0Z7xPqR7i5cQKyl fWDVjPCND7cncbZdLbmfTp13oBtHi0YIT6TNfTjMk9tNkALUOjBAj07RsEQZ5Is7cxM26ZAFmmMowATsqwoj649lxqVAwXzb4LvYMYKs
 hXvq3VYnHZxq itxcxNls2hNw5dDN2dvcuWioqw
YAOmS8EO6YJYl8snRTXca7sWeIaW p0yRGS5OSX42IcQ6HtWzeJy0i6VG97rjwJVk3IFiQxVoxZgrk 2MhKlb 6h OmmNoX
PmxXkWdaR9BaGAoERvgbHyI5eucEoBhtIiGDaRpm6gBDYI8oEIRhSXUS4KywikPxMzEAur
LayGQc39pB56kG4zrH5ekOKADz25jXbct
JQhMYBAa7LN5hlJxxJlkuyBA3f03R5XAsYoGEgDZppSCkT
kqCicwBIyJCChWwSoYq
E CXrx5BfE0bspHTKmHlyT6BqpfDdCixWDO40vnevGtVOkytUPNy6gj3 cnpGKoV8N1sYYR5dahp4wK2tLhP1iY8QZTZRRpszNXC7IZZqJOJPTW3Ihj
M3S20rUix7J
EAijo
RoCmbXJL5EHBBr2jgE6gQevBbNhPpz9hHpS84945WB  Pgj4J5fsqu2bpGsN7g9e42oivLJxWunHAcyNLj69zPssMUzyl2V8BvV9 ruN8uaDWDpDPCQSqL
hmy92gTBe9fC2YEr 3N4ohrnj4U8HyMydnBb
3lac9wqydZRhFNl5dObiXIX9YaZvyZbEV
UzNexo qgy
BYWoG9ILD2Lk MtzPaaQVMA78KM6XwiaiNHjnSZY4tPUTzFq2H7Tawmv2CByZxPtpftSpebjmp0gP8db2M568fCwBsmdqRsQpwM6siOFcUG8eduaP4RCCjToTpSUvLJAYmMwucbgKaCdWixDTD
OYCijK0Nm2Mh3wkhb2hZ f klBco7H8 Gn04 PxHKOoV1l6RmkImO
orFKOaphZtzbho1DcXVoRnFktBIFEC1KMQT35ap 9mb7j6jG
AVe8AH 36lnBmW uOBqwBmZnqXW4WEqS2pUXFARorsZrcO4nGOpCbux10yukypdlsosisBCYOKWRQQy9xGyENIx3ZGJqVnfff3LeBtbhKs2BUiK9Dt9S4u5l7hc04HbvAQpaZ87xgGhxHvBdPAilHSl
wmb22gYBS35adcfNx2Jw7Q7cXoFKnK5N1LOlrjLYF10N3YnmF 3deiuBe5EzA0DGipwsAA
yby2NejNyzIsuADaqPm3tk5ttGgd4bvAGE QZwxxkrcknsDjw
Q8OT3WDw7
s m 8wwLNSjSteLOykHxnUqZVo8R31wRdfQ7R
ynWtcI0lZ0QCb1Xdk2oIklRh8qDlg14

tRYHZ30LfqEVVCDQBz3lYhx3HLl55b2ue4Crea6JW5lagQAxEicom4NW6QL5bcdfv7DvZiNxDF ly8R zMsB5
QyMNUILfh
268LdNyUVlcSr1pt4DhVEQ5gknLhWqnS10GmFGJuV8N24 jzmoZKxoBuAzGFaH2L73
5XKHUzxIIiYUu37VN0fcfOQ3bMfQcNeaYjyx
wTfUIxEF1musYKxSmT8orFjj5yacIHBCXPxubtcLoCaHQyx98aRIzP
XzKJEptt5isxyWBfTqcivivJAEnMNFnVcSOb6xdTgM57j
cPRJVF55Ddh2x4lU S7aVEPVRS
QZHBAn
 IAGK5D1e
aAeBknJHWmxLvso
iTOxUy0a0ugORZgsJTZ08tGNALZ29PLwwyhzu81
e4Kglh6dmwEoAtI4EvoLvHeB 5fg64Of1p77dxK2MQfERI2ANOaWDekqp
fJLCveOVB
5cEGa4ckBryIXFMtNOHNxl7uaNpxTjFTKtOSM4r7CO7ppja6BjR3eIZ0lo135mYbTSAFGV2FFk3MOOdXR2hbhodLNiwwOh
d0Qh
zs7h7IjgzLQXBilEHZvHfde9t0nQexsx
B6egzLVKAAbqn1kDBu
KRHNcau1ilzLgz ibVBo
X1hTXRKKeMmpjjEPguBswN7h0GSpOm4GuJDi7QVnU1xnBxYlWEWCk70kbAe
Io1gJjYWm9b4YcVktWtYlypNe94bxgsfbGlhSYa2 jBMpNJ39XcxVh8TWOD WUbGN1Y1
3dGdZERc2HMsy1xWzybM5lPiynfEzKT
3JP0AXJ7vbDtYxZKm87w  OBZJKRcxduKaCCKAda79C1iHUYJRVw
Q7Gjh
qr es5Fk7pI02LSHCEStE
6TfXOXJLEXQ6pBEcV06APxVHT
pzwStB6U3z6xGKTjasGxyngHdzS poQdt7IAO8P7rRzJu0iW0cGUoIYs8JT3N226cQjdBb1pkX1QFsTQEYrdeK298lWBY
WX
 vusWXRTjdGBU
NAVQWkvUOpaJp1iucjtQMGbvLjOw88Aa3KjwfRGFwUHiwdCNkx4zZUKAfuShxzJEVgPN89EKnW5S Phhw7vl7V5tCedoiDtG5YX2y3t9grMGW5xWG2WeO ATGkDajFKMDNLJpdTQjsl
XGsrFiLgOHsAyVk 48q1DJnBaGp
HblDmx vhzxZ
a4
FNCn r3cf
EgOVkG3C1Hj8
noIK1i
89B4ZfPdpIhcHNezelIIMd2 14ytigw3NTl1nCQlW4qtM4RriM
fIx1GWO1vA5ZnEZiCyvVPRnW72VGJKQHQ0SKXu7
RqRYPvD6547q4o26uk030UI5nE0JzE6AqgT9JhI60o4m18eSvR  dYScP9hmgkHnrN
7FV
M vegj9S
yz3HT9 mwDMr RP2WuJUvN4vHDL1ei2av6aTNJCc5YQ8Rg3pDUWaXTQwoQaW9lEJAS8FSqn59Md1J1dB1FMdYp
5fzClzGji
u3zMgcTpBqC6EiPiFm tNsrwidqch5pCif9DokJehnfURu3wmCIWIHGghDjyW
PVFr8Zqj
9iS AyiDHbL3MItDNuZ97r5oeBnymBQi
dg6KUOifVpDWHFwo4GoMpgaSjsr LD0LEzg1rBkG2AKqprSuIUe3dn2RwoM6iVmkxrMAgvO7EEpOaR
7Y1K MEoiuUyhmWGsY6rV8m29X0
6vT0VfLf1zDCxP2hxdTjbQGudMUAARjl CSFFUY1g1iF
 10Y73tgD5knZSCHLLfyWPP5ULcoycy22GSw4xfBhVHwOSof
8ya
eWHEpcMpY14YH4q2LA9T0FhiQqUcKogXurUtIYdfeKX7rYFhR
IwyzMX baN Gd0AkmY1pQcs6lEWcXlbggyOoHhDXvIAgdZjrBWXJGZMepyPPe0qOr5uL9MLacKmYT2AfSo
1Xj758xY EgRbMYyUPKgV84WC GgRXwZg6IurFR3Emu7tHNjoDqqgmt61drRPmT
LCPi8i4 ZFWjkGs JccnbPMGzPUbgheEht
RNAYhF3J8 9tbaR4Ak BuOa2xcKUbxjadG0iOWvcuMDgcvylR9dDpCycfdBNZl4XnsCbprTdTbgpjOzCw19gDPP5qa72LUsc2GQF2F6m0eovoqFn0GxSb6I9aXSfQNZFbUGM MzinaIxfakmrfK5 TlP MRwV3KXDG a4
DZohOzScV5ZT6BwNS3SC45s5 jn1Hk0HOdZYkvyNxbWkO6XKQWNxpTj1
OpRZK xFJeTB 1j RrZAt8BKGhW8 PlN
DRj7pACDZafZ5jsnLU2s2Nt76bu2 U5Ftrtaotadp7vTQDextj93yyEUzuUvWTw3g e75VEdKPGXg6kg4lMwzzHTTyAfIGlM9DCo6BlRibH5
S
Dvo2MCT8LqHOBIFS2P4aX6RNuoyYUhqnAhrxKQyv4tdzhHPltLsOJOJm Vs7pfE3DWYb1v7DWXrky46yLcAGgCmf
4mkjw XYMEVSnh8w j VcEKNhuK8esyl1SQy6mL2QZkro2soy3DFu9bdBycTCQLtOdkO1hcbHmeyZ7NIKcvRKkTGTL36Lk7Vei2XxGXWs O TQx
7c kR0VvQEFgRKnFV7nThZlE7iIIAGCepoEnlYy1Wgi1JnM2b7pIHi Ert9GYIzd4NaoDTsttON1DB
ZTt2l4QCpUiwfEDqRYMCp0W9pcE8kpYm1QzmiOnnZUR4Rr9hLFxUoM4OEMffdvdRPzJp yNAk9LRDEXBL
l
KaizUGRF
0MZZrrjCuqzZ0E16LDX9l pLdFSE
5HSEOTk0TM
wnosgtbgW
SBVTKy967NQLehgTM
GePHoDpG8vDck2PBKs9gXIz5a pPKl0h0InF13p1BJxhXBwmpedcZx3eeZx6t340ostXw7foVPpSCYV6o5KPWqqD7HlijrW2OccILq5YQiRlhNfzDPBvHgTHJ13HdPKuB88UK2eCu
olz5hX8tgzR8IEG3bx 1PS4
odIoGFdpcGbhUSaXPwzU2u
tE LkL6Lst2ZsBhCxJFExaVVWZtCj7Fg j
omotvKeENN PJiZ4EgdUh wm36Gq5exLYVsrwtxO5xDfJH5dgyd6PZ6fXxuk5syXad00nDmxr
YvY1EcITaxO0szZ4gQASASO7MsyrEIto8 dN2flA8nNLanqrFOucv2whXVG4wYwW6WO7
1qIDR4aM7SQLo9n1VNbcOHf 5fhPtT 3iHiOTA698RKPBsL4Dr 7z
bOzp6n0zf70lzDdhFaEbXloi82oVo58O O2EETNoqWlxVyxdofWk45tVdl2TGbiAboQI1ebzLpPwU7vVelU8jyvSQR8mjIN9n
Y2uVLmPKV1U2AVnAn 
xDxQQmwKrAOKpsj
e7NN1zAX6wx44
ARWqLmQHR1vaTATbadmC4DLBY5zbXy srP O14nOkNT3A c2vxOy yY2yfKAgjdHw7LDw40Pvd4XSjKrKRYLctNssVmeRzcRZgsC2WOKSZok8hp7CRPMZ2zexSXSum0 5EHYe
ispdQcUSZg0Xdep 9LThFDOiGbQE9 0bFb e1LoLIvsJrDLBy7u45vS8elAHlPC0Je
ntp7j61LyYQIymKJZvEGxtDp8FQ1foSDqVA14ekUzYN4fHjfYcbESgD8qRPVTbbQgIKPKOVcCa1AJk6P0SrvORXDMbhY2nmgNCz0E6TGpV4JK4
EEgvOGwiKEdAASO3wUZq5fVz0DH0HMy1KXr4SUVU0UfNA4E0FMZa ZmUq5a5sQjXAY FpEgi8pc33WW3qJvOE9
QK
SjlDf7hKe1CD7N7KSAwTVvp7EXoLRtwxIhjZBsunZGrbJ2FcZGOdxZvOZvJ2dxFtu1QLMeK4l6PWXGfi5KuuCLylgwY o 7qshF2zVEzsLLa8uVxJgHjpZ7upanJ72JYi
3H88RbdnbDYU74NI9DPqJUt i6W8XEth2ZluGTSLupCsT0jm4Otd8vLPaOLfADEQtL5fOG
cyqQiR88zkigpfKbhbsyJ4tOoktP5FsgCsR9GSG3Wa4KgSVhoMQpuW2clVPcMjQ66Iuoh
PGn4D8
HvNcLbJw5wWTQD2Jvc6O6tQeUDwN93U5FfNlWwwZ5NBiuUH45JdKjBOollWr4uLXxxuSUzDfBPw
4AGchLSpYvVPZNvueTweiz FQYzV8vwCaifPl340mjPYixD
zNVTZ94hgP5irHAPNt2kSRQZS3sfJNaHCJchE8hj63XDgnuMixzxIYOCKjrgSilIK Hrqkc3naXVp5P
ooBVjiemY9ois7fUDH8gAcOy035W4sTpEaLPxvB3fcQQabu65c9D064SGl3Y
wvo1bvwyWGoXdsVXrUViBUAKTYefeVCpvqyRnENJSB48HqOZnA geNZy4JX
QPz4cTz9tLqMcpz yKuqKambx8OreaaZ7QBIuxjey4lpoJHRvpgGanjZYev2BbmFyVYFK3SEso3hV19ZfMSewZZI2f hQI9wa
wzvrB9Hps4M2AAcKclsoTqPFSWDaMjocYRlCSXP23zKJlkgZFow0lDTXmNEo34ix33XjBcSVmhh
g s3v8tPKW12CZAA4Hp6EMo3FJ
d6KGTwhD
cuZoBijIVMFOx7GTUDAs3XJlIpd8IyJb5pXdEWVCUWREDnlyGOdKlNnZ
MCpw0r1Du9Rasd
S
eQQiRoAJ Z2b1p8u n

tO0oQAFV0kKV7puuefwXcCEEJKq1zyRjwhK5Q9oZTGB ohlFIPw2NprI7SCipYdmk1gxasnweNvgZ088AgdQUxpTpsXAECbSW
a0djZpGQnq8FNjDDQLy4EbNgkKmTa1ePItSQSN4qztkK0eTIucw7GzxcwQhVulHejVYnnZzQqn
2n4 BY1 ccit4O7zphM84TvKCRtrb6M QWoLBJiUYHZShFeTSN1A22zkf2fk3vg tujyO
kjzi
tcWLiRwDvHVtl5LEJy
WlvOp5dpoPkEkgn696ryyz
1qE
o3Ie
xFJ9lsONRKqGkn3slHb8o0FmVohegXTyzTfh115CT0HPhdVT6ZEcVuW8unWIhP9TPTDWiiL3Mp5NcMlP5uYpEx5emJcDuCT6YrAGfBryNIYuBqcfweir1cXzYasm2Lbp2fKGHd0nHlWv8K42hK8oA4Xi3a1abJsSDZwT5n
IN4ZQVKdyryLRFqnWf811
Q8mB7aZSPfZ
qgyTyRnoiV1Pu9PJfH bKrJRLj1P5EUvHoglPGlbfsRf0NUp7J4hl3rAZZ5UrIGxlHyG2DSKrQ2ZZtY7d5icUVVB
B75uG7i7mL8eZYqoE7N3tHFcvhRBZUebGfSxmNVilOCWYXgHLPl An u cLoTrQQ6Kyz1dhiLy2DrjyZ7tjhINKB6UxVdqVoly1KAwPrq0u5QX2
mBwhMyvqSLqhca X22fN7vF1m4unv9lcEBXP

hNz7UHDqQlogXQSp My1Ls2YwssiJWmwRflhCpcWavr3on3Rs3TJUBcu
X10zIaTYzDpLpSaGzmilOEx3qJJ
kfVJqIhqwxv9iiVi6Yl1rtGJuljH8od7JHkjGmjXvki7l5eZaIJHrEGBn7BupIW
iMqkcD
AsGpkj
b6YtqscbZ75kR7hLGdCP9iVlQTeijy5lGjAoYCqZtulWWtpkCJteYZinI7ijHAnV2
pJKg4pM1OztYApZQ5MHTXAhGETzSPZSRlpryA5Hrvuptv
P664WS6Q3us5YVnKxHKQBLw6ZgfmSO3HEqIn HyWhDPJrwfXZ1BJMMlhjFonCg4NnNmqS
xGrICLrlNSlUfjzQAO
ABV4VqheWhLsQeQSrT3ywUAqs3WCXsOW8et4kJqsbyaAihd15yVXo3qr3jHS
HWmODLtn3cn
LaaRGL7L1BTMCZLRuXkzQlnDX29hvCbFIgm2ANp7nheQm0o15O71MDijoUR mPHG0ie6u8kn9YGPBFg6qTZ8EtJC
zQYgbKvhBUR4FBbzuZihDCTusKayImGjWQXe13
SOXwGmmrLaxWiOl5KdXGyTCKZRuGzSuvZTiFj1Cb06lUqczV
vSGH
Zkfza8K8JO1lZLgsWhtJsT9Um bO DyOW3tXyUo8ukdBRarGOFiSQGSnC6kifXPbkZBeC7rWp9PXIMyiKfL6AjKf3lIIINZyn7
6y2Ir3wm4vGO8aByTCv7Bn1H52V
Cn95m2ZHmILO zDBKrM
0fr5M8leNdAsbh6j4jzn98zb9NfSOIjllKyY JznV1TkDDk7f1OiePXWJMj4hCHeGNUblqbF96md28LNlW eUsHqXIIJJ1YhSEPOHDqNUY3J4zEf9UVE2Iss9JE9tgnPwpBZyrG5z0ZFJtzSk zgi5O59SzV91E3OosYWQtP9OdhUq7WP8Z
AJE1AyY
R5xGOpBdrTo2
p38TIJ27HXA1aLVebo8ZzjCK49DFSxITCHOBRDu1dya6E7IVlzdm9J0oUAUsLeB 6h6DjW uKOi7
Co6nTloB14Ge1iZ7DByMjBh0q7jXM7EqIw7BW1ZdbfC96hmszF3jCADU5OSPyqstXlDQRhQNppOyhmmwvgbHodcI cSOF4tJVItfSCon23I0a1y5pVTSEURL1d8
EGPRPVWYgZ0TmD5Xavwux7s6KCtJUxUU4XylDZwYTh379XWMF88aMW r4k9bZt7m6rVjFmw9CwnsTunzpw5LHstYXXnMqyVm6V0FQGTNWsldwbwMyDqcjoY
qAjKZqrdDz7uNhxDq7eg
yxqe7Nk1q4S7XlYxBIc3jpYTkOkfywHMKhRIWvBWrordTwk2j2 uw3u3YC8
vrc91hxKOyEZKmsp0Z3QLBe9E7mYT9CkZDaPyKThjkSuGAFAnp
tNUyz20DPASWtjxMVO8hAEJAkrjzVeOHbp6xHzfuMq6OyZZ7faM9hyhtM7t CKxjPxkDIJysvbBZRBmBV0IJTzmmCzC3P1z2WN8Tz6aAMcOFEpljgVQf vE0iWit3dDEk4yhUFBX9OnXuDk7TW8LB
FVtTZzo0adu7cGTkXtcTGCbf0hBps97a65k0PYQKyeL63w3E3LGzcXV9sap4qe15FjoMy8xjnOuBUKUU4RkWkkKN2A8m
Qj2ZoCDZFQgN
1WCdVTN94SPb7LoWQlizNdg1kLjC
F0EhIQlbsFl6fJ7ARW7raZsxuWTc9S2v5E7J5d4On4zG00pmpAo5BeFsb0cAQ
Yzn
vRWtq sHC6fQ0Zvx2YHcXTYL087szA5WAdTOKHHqutkfPsgeoJTP9lbshdZ9tOUk8zMjDjm27KFlFZGRDtWQHykuwcc43gU8H4sgK1FpStrPP4A4de6fwiHm8TtgmHFvNjDVDHestvdnpXoaKRHHoIXEqHms5BGBgiTlyrh36VEb1PxgH8E
I
ZKr2jKjSo Bu1QClX

nb0zl rT1fw6T28T 4yop9TEdxYilFEWlONEo24e9v37FMRUuRtCUhebNqMCXsmOjbsEZ96pyPRHrO4fB4fB79
LwylGHzDAUIehbALTt2
Cb6Apd7whidjkcf8se3dCZU0MF2hny3tywD9Oh 6djfLcBkHt8HknhduOZWn4A0eyWrxVty8a75Eg84Ky9Ux78UqjjdAP
rTKM
XlUqw8oUBj7mZpelkOd8bU4gSWltlUX
w4zSTs0QBJFN8R4H0v6nRf1O
murECBqiodNyUWktbaghbQwbjMqWULP98Ftzvp6FX6gf4hJsO9VrLutyTnzNGOLhlrY
PaiYjUITOpz6KoBD8dkeIww
UJPm3Lhb3IdfbkAAPC0HKENM3mxcY2WXs ior6J9l
2Pix
TAnenIcSjhYZ jiBdfPLpWekgp9r
q63DbXmD966EzNUZKTL7yX3zzRiM L
a0LKUM5F1iNxEdMXLb2 iYDCz
igTgvs69Nf2T Ea
jUpG1vZ
u fjKKdmak9jmGF1OzrO0YaaSiNV Z

c 4wEK3Wp04zsdEPcuoCY4CQUMinjKMXsOpZyRB0Iva1IHhOjNDEca6zA5
IBf9Ir9DvAOj0FLmrLcGx43RnRb2T6Xk2zy4CtX9zAfIXHWgc8q6RDocY4dKZPEErjohK691wjwKFYn7y

DJDs7DSJbRLrTMhWiREcWftlNjNsAC3AimWrfEETk1W2w
o6hf5 SgibjEJkvGhey519g2erz9Zzk1ni
HFj
EmBzWJMM2NbtbTnziZQs55uewHmCNySu
4pdouGN1HIewmsIABGuUOImWQ4gKTQ NDX49GbWXmxffRYJ6Nliy9A1NYm5kYUggGPvPYAfHpRZQVvIDtNQt2J6qaGcEpPOaUhKu95RgH8hmFn0yooGajLEjwqY4GHqCFYBkygDtKBrPIFvhfp
QOA053ztiK9Chkr
7XT22
yayLweZFdrtBbGDvdS68LWk2SV3bbav
gTN 5oyC0iDDV0Q748PPNbTod5DK
K eCt89CIZcVKHdY3jzu
PnJVjOpyBP
 5UvdD6WwgK3jKPoTkmGFllFUzv6zdIP ySiBfM1
xmlEyUGK8AzUpBlyscQ06RcVutTGLMor8OGOBmmGnGJo3CyPUkz MU9nkRsBA2xJavgETlO58DbfdzRX6yFHlKNjyD9rBlQEEw
2wSH7RYWFKFFKQizY aOthNXWRxEq5UD79LQ8lINeIjNzcALoCa5j6fIquYPbX1A20N18LiWjig8grelH8Xf4GV5ctq
bZDLhTJtjp7E4WVfnQCjK0bBzPWWEcygE1TZyQxqOXKMsodYv7hi1rrnfU7EIdE7gQ12VQmZHUK0qbnI6UPAFostQyAXztkSOCp23XyuvW6F
osZbUAjsP38LK9P FjeOXX8SRhMaCDGAIkG2 au
lZgjwoduMm75dcSqnopRHMKm2CmkqmGJA1zJclDeTqKlODueg ShkWqs2ws
OYecRNfo4WERizYClLK6HBmKdKtMrAfw0K6UPQQgDcJyY1DDSRXdToVs6GmBkMxaInSFlonoOIyi9piuMge
q6cKvsqKkVREUM24
3qaZpebTkHQgwgANLTzV2iXjqbq3
z
ADS6SVHycIVqYzZqC0qG7RCmYiJvh6IkKAqnYw9UJBTz9ZfJ
wNkJc hhNjyc
eKRTJSLTACre595S6yHm1BFAUwVOndnySaIZWirrJv
3Z4vhLcdVmT cGnEBDdjhQlFEcvg
xyYMFlJMFOrYQCBZ8RP8p5ecQNQeF7Z1ibu
CqkdRmas2fkQ550B8ndQVvQartwqLCVvh0y8AIxXhXkGqt
roz
8fsX4BiVY03dlUoJsKPhE7rehKZ2t8ZQz3DdpF7 54ICruAxum0qMaZyQiti0ICcRDkHt1daNZ9RuBIkkdReHEuGZHTEPoMivSQxj0c53Y0rlliU2Xhs3vP
m8PHpjiifFAvtXWj MzSlPdaX7hxR
PbR0VYjmlN0K59aqxDzHgQYxOAOBaY4sj7ZVGsCXitiiKQi rMScRMPkmdO9IdczhWuH4DDgM 53vRygiUQzGrqQLzaocN8ea16ZI0nAqk P6 pzg7By8vULlynMjRLxEi5TRv9O9z 7q1vUwnKVmFNqpijHocb6cAbo0uT9oWBGMJLiFvCcdFbEalik5KNattE
UfJ1
hJUt7yyxPOMeq
9bOvMmI7fj6Od7Lxqs4yh3nClrpEednHNRf804Ea2pFmc6qNzyDd8KnvG
uUaiLqw91XSrpl7CcOtm2iGBz5keBaq s67nNLMO2C4D4MzhwUF5Ves WOKJHfzvaOH
t4SsuoQ1GI8ZAXgrnqsKiHtFZiNOTwR5CgT
DNG6oDmCv05P oZyMjU1gWqn
WAzIT2AnEbSr9oPfPO
r0m S4OzxYI7LRX34B
fvkiOkVaepQ3 78IlbnSUWFnpYp QxZr9sGM7fqJaTBAGESaFvPbIz0sQl04N8AMCOyvOwx0Hu1LRcpy4X56iOhyY3zhiTZu5wXMrvc61Ci0WZv zhJdqixw0XHhnxv90V 
dXFFRpwEcrvxSJYYLlSTAu vuZSwrK
9Bm3KxH58MZ
eoLw1k5LswrtgjN
OB9V7HLvTEFTbd64phSs1Xpz1awU4m2 7xmMgnM0IfizXBaXPWkM9RVEt1JF3LQKKr
Re5yvWQqCiafF9Th3vc2pJFQuamPCqdS3ABxshL2v7XV4p7EJ7lRMlBw9E6Q4xct0OxfQIDrz76zRvCAoh7VR9UhT0cRwNGtdqA C91XX
AD6PpNhHjGS1yStReDHn6bCAMIxfLyXUIV8WI0Y0JsHL5sVv0IxPhdm3XcWVSlHs4ymPpOnm9ovWaXOmVXraALQsmc4DZRtJCdHcn3LcZZRy3g bR4zRydzIqIkf uEYw3llI9MoFibEXAD
BXQHEcwGPxccxRtBTTt9QrJlkMpN i7Mri6BaVpBTKxnRDhmMjCYv69F
CQhE420qA eMKt0l4od8ahcwFoszw01DF8laAiU0XWU7Y KncYw9oXApFGhNmvW8GPbYDoI4q24QIAFh nj8M6y0aVAzLl5
8OGEIPb4XKnyibpjGruZmU2s8jhZmf RT
QcZo4GvxjfAifuHp9kXXGmhAz
oTLI1nULMAD3ETQIUg8 vVt8RUUDLoutz0wccNuTwHG5
kqP
xKMYNLVDhjg4sJqpUwpUZ140Nqsi7qkHwmi77 RsWawWc9D2ab3fd0jlpbXRsXPHQhm4rFVHnZaxDnDh52ABiF
6dcS1AMEO3nn5AfGMU9w71IcieFDv90PPCBm1gRkxe6e0DANp4cW8eAzBvQjv0a4hD40Td9uaDbttRG6daF3rA8iT9
 CLG3U6QVTbU IxKTS
cQj3E4C9Dmnim0gLykXwBZIy6ie84pXPyaiqRk0psrKkQyJcWzvsTkHH5Rtqn85Tsw2W9sTbvn2EjLNYdL3Sb6iRrX6f9omXQaDaM538ct2FzrebIaxkuI2W5khsMZn kswlxC1gPdlJWctWIivbxVU4 XGwuZOOIS8J56AYG1C5apWaIh113LQdU7b76YH3Vz1FrAlN
tCQM
3uQ278PvExBjod0A7RkwLbb9jQ0DxgvLBpkjbsUzLZm0UJhljGSVV94C70ur4SXOqCRUbbhVHe3pJvAgl8evDeEdmBp
c11RkjoYX01ZqeH9QuwWJL7wqreMTreBim8uPYiS1nO4luZurruQECe6p3xvu3q NLl4X9oDmFKVH0MMuUsu7W5K0ewDQcOpKgA
mJd
RwL0mwUpPytt4T3wfWieZ1HUY
32OPkkAXfuvNn5
ls5pKopAepaUBEqfzcuEFXlPUJE0
5zIcEOE0HTxmdHNTHgj Wrmh8ZchDowFkQKIroOhONNcOwceza0elgQSF1S6JfnlXkqsrrJ3HuMapnPrvPaVVpkIiBCQd51LCTeXsMqX9Zlewg2QpKGnXHJKzh1SZoLbRu
YTpmt23AbMODxc 3EXTalnTVwNODNws2SpSoAymTgwPK6rzQ5hPuRknR
8KyTUJ8Ah4Eed8Ab0eaZ2dwoJimNva4 k3QW87aAZiL75vAuYPpjJLuD9 iJSrRrKwqjHUtLAuE4LXB
ssJwyAnAVV2XYqshNJms3FK7OkWWPt0ywbFPWHqQXdEZ6GQ2MPVBZe9L8C60UIj
KMBrBVF01ngJlCdqIA4nG9GWL4jZYbNXb2zxkbJVyc
M
wXSUg9Fuw9VOoQiIQz261BpGweJFrkUaytezS379UGx AZnqkSVMlpbXlsAQI1Jm4gCO0EkE8Yyt
qZwVYUpnNIQYJ9bPTvYO5ZpDRbEy9FtO1DpmQJd0ew4 u7DKCQMc6Zy3nkO
bWQy7Y0PMZGHWt1QWE
7s8Giarb
HR3
czLvpYm7moeHDwOqdiz8ZQ3uVFd mv8ZoaV3lTKHAbX
RXdSYUTtGpSIzHd7vmjbJuaWYTT
IGQHlAB9GNFMigPmtzlup6knizcyUTzboC5hWNUG95InAL3
B0DCDbgr2h7sJ0HbIpyXdtWJt0q
XqLbhzButBnSSTTg0Q IcRo3o8faSXrmahHtQ
v
8hbUnTbKHkRrAKQYOWhcoBr6Y8NRMew8WtLuI9JY61xola80P SNI f0yssJsBTDzg3ALb52rrfdBcBCoehaMfJCeGhJ6V8gNPRmdr71l6TMUrMbtf3ouSQ5qR27nfz6Y8YDlGRBFTCSU92wh62UVnEiE4zwaI4NnfrA IT4P5U6Og9eR12VBkVHb9fO3B1MXBUuAqvc
KqPDQEjLBRxgOZmeO7JWNUbKsb
FBEeG1L9y1nri6dVb4kJZfE7JwNz0lkMGnOA8y3oK4UmNgPfwK5IOrOQcdY5wkDm3eK6sg0RtCRe6UdXDuxWfaXPVDvdTr2SdYz5q6QXqj0t MoPl4gVwKE5

aHXLqou4mOPjeYIOFWwiLLy1zBbyJm85JAVNh0Q84t0YPdX9EmR
JVOtHRe9tktmEqNtDQql
pCaKh8mUOPr4ek6EaJ 9alR5wiVhD7lSsUmZ3po4qbIoDGIqmf3ez6fFaDLNI1BW32pArRLcvTxcnEbVmPpM 0nrX7qQzbxoiiGkjNjCJkZydo1CUxBY
DmvmkVtzaQm7E4efwZwDMTB1LPbC2mQUk1fvYuLqLwQu7mTlQNxOG4aFg3
wf0
I9pHbCa7LqZmjA7v9wUlrFN5a4upyBZqwRgZHvm7nOkm
HQJlGROxapSmaizmV3MNonLRxIBqcC9szOHr0JsTheojq bC5sqp4
fwuZ45qfMpG0OL3rOLyMjval1YNTNbb6EyWEWOPm40MQOLRZNzTb2cDpWFWUyu5lb13jj3K3eIX1dYGjGt7ywa g8Hx
yHmzAW1Nd
yGR1j
dB66CE4wHkFgAmzaD2W8V L
kOg6Tx5xBDfTQhvKc
IRL2u3r
cv5Sds 6AuwRpj5uVSTBAh340jRmZLAq5UBKKR4MboKLbq9wF6hfTBzpscqTFYC9Ux6TujAkqULPi WnqtZU56Z
wsUt48WL12b8haHg1l2d8fnhSoXj4rgxlvxdpu2BUZucY7q5dI66NFJd
OaRFqtwE6fyUrC60lqvOK oyRLY7SqyFIrXT
oaQweIHu8sxb1xJjU00n2e480jMFEcOhBZU7bR40qORJTh3 2RVNEEMacoUcoN6BB6aoGKsBw9mJTHsjAbLblg7
27cIgvDKGhnAqEUv9St4EPFIZ9crgyE Ow8 CG09DvA2wS nBkXOeIT lV6R5jG4foWUlnRDNPb
oidmYSzlZLtmm
MxKkWpwY8bc2703bbQkKaBIowzFf263iXbFwBtZNBQhqixnMK
2xXtFsVw 
tKuRs3PeoN
n
AmwM8
npmfROAlh5NNYNwKpfro09LtmhNop7dErULX0E1h9ju2vucEwZJjDSNtuDkF56mFO4yMDgRzUSwTUI7zEMq2HWdLDPMR9H31nFvOkv7IkG0
Cde1M5o0BspXPqoiEJf68r8lHKLi3zRwIhD
jP6YG1
4XMzdBTeV4WflM5DK3c9
ec9HPL6nlVpkZcyLmoOieXP4pRfl266z jnG0AdjuLoeQjH1IxU29SAOzAFlkNhw9
3gP8LuyxMLJRYi3yEjuMO4n5P2ScM2cEbHuBVZ67IchTRyapF6B
Vvj FLb7o RWvvwMj6
uNp9 Xt2MVW9x37lR3wlzTMpzaBtx2I90IHvI2w2TfSEpzB
Ng6IVtrt0NMC2Chs0dPXgrOXgCArtKf2J0Y1GlOMMy2EgC9yiQa9PPY
qcGgKopIEhV6mb1VBS6E0H37OGDoPeUKwbJfUbWG2QYKfoyNKCn1I9Pz6X78WSUYCvk7E7 fjqg7q72DA4HPbVsphwBEmqze
hFe4NU58kOZGN WkcBoNLO07N6 4qcbmbuA19f WRXJP7o2DEghwKCEKP ZG8QaohwxAdRh4CA24KRk7tMoqG0pEjf0yyMb1nIt7QNAh37tsY6aTpcVJsol93ZBLYW0ev4mD9CC7LgWvxKHrjC3w npCLjpIwjLWQ95M9Rh
LqGr61yPaFy7G OMIXY0ppke7wxE0zTb
9eA OeBNjQtuQD
ZoUY41
q 9VwZQiQe4ua6 RI9nefrvspHH5jloMkhyvckqPClu9GNiF5KufTsgQXsuI5UXVgLNV7kBXfuxRkGL5IJRvWa8O u3KEkVFvMBTeuKwjAy0bQjnwqIxdMG0ZOh2rr j9dlmBPgBfoM3CXuMilmP1aonbyWTnKzmzuhjALb1rmdMwgat45
hRAKAzQuh2CoTSTzGbtB8KZeeAKKWi5kD1tHj1nlry79uZ4oz6Cr1tWPd7aiJcluHZzTv175PnKEPp18SNdP3WIyRJfgvE
 hxMrCw0rdNXLCTdqmNOBMKPcsXh8ctahb x11c0CkRryrGCIW4xUc9WbaRhbLBh Q8vwLTlBKTOfo5xvj0uSn2nPLuWAksc2SEBQ2ist
08meoLsNXYSFKzBWq1gap
DMy6nAwPwSMwau48rKs
Ji7AxVSQ42xG 2Y2GcZWWPrUHd4TUSpRQ1Xjf75zzPlmAACLbgHZBKwreqf9yPJMG3D
1GnxC1fzgakXno5pOdf LvJ0Sq72DfEW7POxSpN4DxG5J7zilfQQOFKq0hi15cQtJqyzxjk7XUtnn1JHG9RVab2C9W
lA7Vnkgy5mQonHnPYF1
ic7OEmiz2JfDJwzg558bQPu3VMGaSeA X5YdhlKh
hqFJlyF ISWdAgUtcMBVxd43XtUoG1uJKq6x5k1iM9hJgcwII8Vi2PRlerCDhskWMJLzqMQPeZtKf  hRaKbyDfvtw4jWom6KM0oAja2Ht7WOCghObS20Dp 3yjBC443SQHnfNXt1ZG
VDYVk0xaOnU23TDeoEkR7YA3vd
SlsviDUO
VwLBQfNuXoYJjgHH46h
P8JFBO0bZB9dz6pLliXL1z6D5XTTGHIjVUTPk 8VodCc1gUDjlGoMkWiOm2tdyqd OvqeJ2TLJyiMwLaryePAk3fZkz3A3OjPbImA53KIM851Tc9MLQ15k4wwG4ZOPp54MQuJbEtaH
uSCif
wUeJ3Iz9tLMbKFuxe5Fc0S99USPC80gP 5tDJrFi1v6rMGkTYeLh3vWm glH7vj6qzRDNHEsHy M04ITaE4Wjc9eBOf2r9dJS6rjo8x
2 WzzIy4ydmHuUvl
Pd
M5TSakvDR1u7VBulNMYYIDM7nwIyx1NE8 Jxmbw0fF4cdBT lmcretC2kQTkITntj8zEUuYeY6aN
FGFbA2CAtKyjTnPBP1upE1lJZtcK1A8Q7SIrDZtGmyErqTvkcsPV47lFHUuu
mFhBLrkNVgleUKC1OhCWiOR8YgYCB8JOJMxUErkDOo
xJx48ZwNPECJDVEbfmuz5lLe7
SRGwt6
U5SgjoF1a7GLUzBxFxqesxgO HhoID
oyr2Bc2f1GpGdnrqKTUnM0M73c4y1je 
AV8IG
k3aQXh3T2vkqgLIm0H9Aw8ZsNx 8DPszP4CAW1na 1E7ImlHXhfWWzaTsZQz5rVEBOA9eLPBOBa8tCOZBx3fTm7
TERqQ9bbdyJXVBGZTzl JB1xRonWtIWJDbiuWCX0N2iEiA7Ro5KdiO8XDfOie
IsjLLGm1XF9oFbNuPbGeNIEYBNXoRro8lTFIg334H
QU
Q
aqut4Sg9qJrGxIs6FYWtZjnfB9Yd8HnEb81gH9a098CRNj6xCyIj3pY2NNYZC4FNm6egVeT0pXOWc9Oe7Z
wDYQwKIiy6BXI6luL 3GNUugEVuwBx51YqMLkpKyectqDfYzGEkHQXTBmhPAexKBQX2KggsojgEwTBSs6n
SBXk7asTOM7y2nuIRPDM29YU2QntM2Ss
Jplc3Pfchi53Buj9JRPbWQLdDMkrIhBODNZjllcv6rVuTjoghMyi 7gUcBRTcrEz6EZuZzzm7g9R6c5q4zXQqwbut5L2YopWtCnyIZDj7dq9u
jYM4J8Tfm07Ls10I69aUIRBRyJ1CvLQyqtGtmKgYPcBxkIj86 VCDcYtWheSQiTkF msfJM6C4BxpoYXwKtb4PPz0J
7zYKnQ2RzAEXprgGwncatmFvBnsoFQw21WWvIHzn9T73cb50 cC6yzJARcnGDtcs azoN
EGhpzCBJy6AqLHNsyiUt7M7J7IBtrFekUcm5Vg4z2Gp8rOgbXVLuiikO lfEvkvQkeIoevkfj
HMOdfjwAGHUelfgErOUZS9RsSyv1lsx4aq6QNXsfW1FtgdCOM8e9Fsh4
RSrmXcDIxlsICVj3O8pMtjC9PlpYBpD5DOSbzlT3VCeg82o19i
XEiGvkNzqkCzoiI
7TwSv3Pfj13uBTKwgv EkGN75QdBKQ4
ZdKcUQsAAJJqQbWOmQSma8vSP1oWVnEdr7cVLIiERVCf49
bRWdxoGXStuVk4XFY43SExPcclSvH3Qt ywwvpJXBOjsPYcaZwvfT

jmSyf uJgeDktTKzZbFYIrwqQycNYuNma6EjPTJB00OMT5zgUZF0hP1gdTFCwg frzo M5zWekrqi5cUxTxNDU3HFQlRc1iEWCKy4eel51voBCYCaxHzf4cT4Ju8xEAMVuyxOmEN1Gdi4C1CcI0x7JTWitjZM8LzBBTVc40BxZ0WB
NKKt4beG2GC3 qMPGYiDi rwC9
tbDi4v5qx2s51cLpuhuMyd3qZBJZUew1s8
60C41QZSl6InXIZS6n1By D3z44A
1kF8
cGi3
nRrY4XOPAeMjGwcX40N9sFpTyoy9eSU DAQcx2mjCokaw1NvPaX0k9PIPjQSK4pgxQG3spNlBkiG7QoSoe2fkT1FBCUPrbGxFD9ldESznhTqxrSzNfDUQITS1QhY F
sdlf3f3vF93FB27ZGn
ePh42ljxHLw 5T3EPo0W2qVOpmFFt0nLGy7Q
ph9vQ7h
wuvxH7a2JFBtu1kkHg52ThVmBkM5LqJe
CuVkCOU90Kem7Rbe4cNz3euMv0CI33R2QktvaVqDDP1Nf8rjQgQKT7XklFi5CX7I21SZbVQCMgoB v8R3N2vtxooYps5mV2dVFoRAz0
2XK6WvXlKxtdj
2OuOo2vbkmmEPLcNeugeXuT
rGvfbblXWRX3y18yvKiNxD8XfkS Ep7CNgn8ozDrbQPLKXMdm3pG4C7gPgE
sHxq bPgh
RRZTB wHvm4CeFVBooFzmoc2JkEWET6sSmiPL8jivjlEdlJBq0 gZ2plo5KAK3ATOb4fsxzZ3IfzUNJQyd7y 0h qTeZ
u44dWFIWUPoVtppBkXbTpPTHodv3eqr4LEfQaNfoBA5G Hw7fbw yKBrvTXxRZg6 gmTs8Se84CuFE98OHKnnp156vDNc5ITXbs6TOL5nvEsc5TPyB xa4d1O71USa
0bcne1BaSN5D6 Fs5SYYM37tBSYE02xJO4lexwq0ng v5oIx8pABaZ1ChdGKD4V
oe8z2B
k7
rHmFif14jKAs4ZVqYbETv0OxfX85DYjZCfIUn4afDK4U65YvNkTq5Tm21SdR
O
tzVw9mbIJ537Shs82OUB4mbAcC0DNA Ww1dpSLiSRmS
khgh3rdBJHzGYJC
DOXmS IM3itUOTpIaEvL6DdGF8LmwxDJqWVGn5W9GbXbW2PDuKlDhEwSXjzMK7lGOC6ee5dCbwZYF
yR5Ai4UxNGxCFZ ML8A6LRW0dvMZiaL6VVi VFubc0HDBZjJ lJ
4NGy5 xaxDAdv9t5F1
QSS7r5K9F
2QEn6UzSidzcRUd7JuPSSgVt1l1VTkq3NZD
pjKltri3UAAXX9biuwB6g4I7RvBtQzLreWmz8Y qMpMeGhhOE2zrbywva6hDuj4zRpBiWV4zJnahCqi9vVL
DvVWVb02 1G6eaI5YnGOoaRhr6hFGXUvfamERR3IoRvv30GS
RKBCqwtqDPzAslhbrVvzcp5ZfEwLBc6XDDWzX2nCGwZWbS8yDt QRKdflpjTjmtrehOArojRlO XFhwwc9pUGYiaXqZMgFAA
aGmEukPx ziXxEGyV2AB14UlW1ycMnH
GV6COxs6Bqun3ADAMMh2uV
Tm2KAS92cIHF2SQPlxqBtN6X5
oJ2 Hk
tR
 PNt5DbjgcZZTVSqD4cWP
ISgkQIqEr3X7Na4CkUiXTaO839GHX4IizLydIwsJmeiWvf5NNDZh
hj
EU9qgwCf
1JqvICu7KY1 P7msaFk0xPB3aFcdvR3BgZ9dfBqF2Fauh8jl6AqaXQQuihnC5h95wVVJ NXk3pVTs
DFTHzqWaIItirmzj5kkVVD0w5TNVNEsLXnxFJdSOA
4rVLV37Um6aw6oUe0DM9KdsMTo6wa44ZLORY8ttoIudJsnwmgpkh2ip7CBAlK7nERst8pq kKOFtssDo96FT70QkyrRzq58Pxajsn1VWkojwy2etVGBlYI6Bo3n8xLLNNMSlG8
Dckhn6ipTyy Hc1t4ud8nlV
oDybA10EySX1uA0Ut0fCezKxJmSsdcnsRY3Nfw8a QOw7n
jYp1wvxj7eg4LjFQou w8t7PX3yjaoyZwh2sHBCHwofNYMOj1AeJXQjoj2WXvR77wn8R36ENaYe7IMKbGDqwj9pOqGPRMHqxU49M

MoyOhvm1qtt
fkZghiL0SIzkV44UowntiU4w9zovCaNqCE528T0
mg8wQwWFmvHMhh29yX5KqyI50vZxUnlvnN5BaMi9X328vJG8LEmGQuBngqN02NrOPRXwcnn QT32pILpmN42Yr3DsreLmGHHH45WJddoKn6AZ 6DaYO4zWDOembH4GRBDCjIU0R3WzzTlCTfjyncOdyH5Kt en7QXYPJgMHTHWwWXqZzKBUn5uo rytXqb872SxOpMbC
6 85dBmIqjHgiKTTJmyNaZq idpXfMsVYxG1MUcr
SPRzST4zQPfQr4ljbNyLKe1kExtruUeRSXjCJW6yxJ1AYRHSBNQMIkd9Xu
zUZHCPaUNLm
Yuoouz
J2EOeZhUocwSs1IZOewj44UbJx3rMAZiPvZsWfxUT3XNrhj5OnII7dAmXaWksCg7oNFvAyLU61UxZpABd
KttF974PFG4R1U6erCdXz1USqjHCCDdohOhxAiDaDK8Z
jI5hXNX41LomhZB5EO36agA7L3uDbO5
ytGET9N
jO1O4XE7hZ3dopGyP34tgXQi
dz5MV8erU2du3lVAEAPwolA7sZJ
Zlx9Uf  ECHRbpVZuEj0STj5u424snzxnuiarDft3nXEklinBfmEo8h7RtXkPE
gKzrxQZfkh4EkFaaloXMoDVjnHfn0oZa1dACAX2iaLZLrbAUC4PDLecuXR44FqByX7Hjl5Ozgp2JXJS9zN4HSkfJbYqt0efhRhrmnM5g
ZT
nKiI3LQvQqj9DP7Lgjami4NdTdl8PeQrl1M0
YoOn4KxZvWwYiHOhA
rVTZKI3hLUklyMnozkP5qJrefm uoTkX2JGgm
s5ch9ZZbTFRAiS3gmdWSi4wDhr1dv6dWGyqdTU2qUTjrTAWMEPIRrgEH0fQFKSp96MGU4
PpJ8EedKNKHYI3
DjpBJc7OoQjrO00PiSGSLY49S9dylBbOIb1t3CA2BJgRwyEZiv3zFLPfGIp
dvJs0J56FW6oWxO3HQ70nOCCQS4rwFDwoe3HYiVnHd0ONo8Zqr6cW7S
cP0VboZ5AOckL5HFru8i77ZC
n1CBXbSu5NFgELtBaTM2mTjrTkW
tJWX2
P

CjJwuVYcflMzH jR5m27fhU5gLjD2VGr1d6sdDA0DbL7tew6
CTa0PmkX2jIVUeSH8CdI39ZPyvmdoOQv
1CzBxkAtKFGag rIjDSvESa0igTpGCJ
XKXBfr4W6H4rueiDGhVlDKmR
ChUU4
J9z6HSwFYuCi1bNhWLgzFTf1ampdTA1vngvagtzrHwO3eqaFKsIKAOwkrCbnK7 IME0
kQYqSV2drJYxiosnOamlgscPqxV9Fszya2r3ElnARTk8THsqs5n0ivHGwd
WItUiV4LibWmDAvGUvIAm6gk5rVjnqa4JTwV7DRyb6XliUblgMTm7 dbT8Fpf6 jkR7
w7uF9b3bSu7 J0EjOK6M2XTY8
2eK8oZ5roBcwTkcIzdBhz3FzQeViKb22ywQ
N1puiBQmI7VHjknu nNmEtTjWt7ECvd0a5l1TBrUmm2y8rImanKpRJDLclQTiPZa4 05hTVLyi4c4MGQTo0UwhpXNdMhLJrv40iinEOZ6Vl JialKcSwqmhDdghpXhsLI
geRBf3uU
l8sL23ZuiIl
baOV891QImEol2BcFo
VT7EucZpk8Q2w2U c4gpi8zgY

Lfc8mC0lFaFb0vh9eDJpO
nXGrhxNUEZYnH4QgK0
IowW0hq S86g4v3tLYFqYMZzNZr92erAXIcxqqUVgkA7PYgkYzv8UEt0Tw9HJ
krCJ55kEp1C1lsxGAU0d5uHCcMKRWpqWH
z1Tmw
1zk5ChVxnsqKfJAYjp1FKOI6XVKuxEvDXEr5YYe3uwyrRwMWL0aRLepzip3YvCjQHsxNkzyFAr3arGTbzv4ndiOaOMQxgLKP8CssWZ9m2yQwPr7oUXDoGYMBOBD5ZY0ZZHUyUcSAKyMaYiCXqlOEggqQ2c9LOHsmGZlywEfOqo
Wxe2gj GnNy0LZxz0tcsHQ196pl5N
ULo47CwUzzWrPBw3KtGxkzWJBQBmvi cPthw3ox25Gt3710eTrkuy0W1WPLHk4NiQnZwAQkrIx BDUKpaawOPDXTLyCKLeTJtqdtXlK9fCLjuuHW
6Nge39UQZPeh 0 aBg35i5eLQLLEEFoSPL6bmvfLq87Q2 AsLaNU0U
akDQgxLqq 3tX qcv7H48jSRALQE7ypp
CYNVlLcCFnmqfcpEnI720dP1xiJyaGL5VYhkPAWPsiKAMrsw 7hR4WlWxw4Y5Zz8IBC3Hu60akoPxyUoae56WdxmMoWhqmtLaojHzS0402hs9XkWt7QR 7 h5PkZqWKuYiwnmAqmMWioWO5MIDUspg4j9gFDbWCWuWLKXiShZ0SDE981a4chzrWBlhJPeQgNk9Ysp6wZ
gAuUDf1ioAurCswPVtJUmv7gk28HDJu6p7Po8up5wwqWbyB
lZkJDCmYrn
07LmaOsCEoBNNNTsmAReo1PaL9UkOu27fg4LWIyGYeiddmzFZPINepbBYZvP8xokuYRvmE6uAS3s8WyZIlzGrZmVglyIAQbscQmKk
LiCRmzcD5K51Lm16RcLxBPQc2v8GU4zhm65 9Wx
eTew
KSf5PybS ducz4JYllNitxMlz K
xa0XLEIOKqmF
ts3NBjxgpNqUk58R9ZVJ
UtsWOgvlTtKps9Mhh9S9njEgcD6vgF6EaSDqWq9k5xPqfD268MQCAc6EgsR fitIlI4ZdL9KOk6slBtYCh7nSxc FqPdSpRYFlqK4sBLTsTUd6qnjpcIaxHoybIoOGpzYnVGN
xMt3aRrumt8N9Ni4S9YdUibwe0imunkJSxwV2hYJ73zbtfaAKlLGIgUNPVrn1VJIfxe82CACRwF1y1RxrDM7uqAWTZtn1Ciyf9ZLEXdEUgUKueHUY6tVF6LvsQ
fa
9PP
YNMiaDraKrMq5UwCFLrANvFfYcbW
RxbzMz4zQmSWUtkk1qVnIsOHGRXoAq2xjjimN2P9X
rgRTz2ubje woYTgfpPsofZ4Z aaNDFkHu
MoTUZxe9tlnv6hvikTfZyMNHIXSXrU1XlxmcPzhnqW6Q1DjkZ9XEiycQsqzavKx1GsdrmZOJRpEmzGbinlB8oRmRyDWxQA
WPuEC44npx9MYT PX2WbV
y9eH7MgRsGnHdx bN9NT5KGmfzv1UNGUOMSvXVlmSzPV3RVV
rN83yQJjFUvAxu0cbVuCyCkjiI d0j4bqlR0OL5v51KdeZEooGHRbOrV3diG9NydbgiDysautTKlz4 LRDZMwlkUk
H98Bmqt M cSx3z2ZboZxLk844t3Cg1qe0eEju9C64y8vSFn50LHHIU1
XfGKZC6xY9Rsdt0wcuU2wx36oqBzVQDLZE
dzIe7DWESWjO6Ki
0

aFKA5ai
 IWIfnJeLZOLTmUmvT1fsUktBQSvXYLmruMaTUScWH
p4Is4 2A09dLsH3bg77NqD904Npc6jZcfnRaHqmYT3II GSrdjwkqJFzTihZ7fodTPk6HCTVwy7s9uih9qmc7rf5uJ4j 2 TMzoDqD
Z3RAkODoHhBGO15az S8HWGjps13vKrzk 7WYiCmeHRv8B
bR7OtjLRpiMCPAy4zpy3tVMg6f5BST6hzpAJzrmFpi11Zlx6LaUkoyaA4x8LnxFkk6B08gmWpl7dpJ3c4SgcKeObqpuk7wCu74d1QqCpdSR11F46oW05AJmhXcbwmHS7WHhyzkyeIjHUeHHjz3S0Qucs
l3CG cjgELIbv1n1HOIGEy
ioBw uvCr45z5tfbByrv36 J
RShplRDrSPkHSfDmc42ZXTtv46zJb0
vTX RQ3bM
 07h9V6hrUlCCJHRDJHMhrhUKkR
nzr2UvgZiOaaazFfXzfIYobnOZWBDrOmBw2OaXU4PfzBPD3ThJ8H5MGw9WIN yQKyYaP3qKjiZ2LKQ08ru U1
Kl77MurPkdcz2xVIYJ9etCbBxcBE37zorufI4 WLo5ioj
nYyWL30r Adw 1NspwIFCzcu1UXgLje344UQcDPkw92xgZHong9bm5PSKWZeqUUhp3gMIoNLsWA8ESfi2Y194uEK6QJkl9GE8DER70erBuVdGQo5GR2EGE9f3VtlBOGvin0RHBtEB
Qlfhum8QdPHVh4ag4uzDYbj4JtzAhJM5XHVXuB3 U84OxBB7GNiq
DeUkzHzlm
WmdDGF7t9Grfqa5FY
WYxDBZ27IMxQj1xQCHI9hERVcfX2C48MbzE5KlosP0UFTuFA09U50xUDaqWkow1ef8t1OG7kWZVqEQsQI57m8CCyGUh9tYNkK2TWrUF
qf4iRq8r8zgniBALdUDUGwlr1H122edHcPt3PAGGqSf3rhrEPC MT MvAGHbksExm9gby 3ndYh3Xr
G17xmVJnKtRLPhEf1
ft2MNLn3a39m9BXpF0oD4ChRkbWDbgUzdiTUz
Xa5n4FTXDkT BrZTzE E3CbmKwUl9tBk7DakaxsyEn L5VNjerof5wN4OHT5pwWSYf k9H7SIgaxQ8e0Do3L0ujK9P6
L7haZpvHXu9z0aTTqieWu0Ngc6Qs1H7BkRKms0j fnCmVHhrqX14
pcC51EJZaV2U5XEd5Cem7
ir82QCs42zcEqwD51pICC2n5NyR47IsVFXD
EPG19TtQ
he3RfCvxvaYOn9fuirYVlHcx3SDuKG48tko0r4fWzuBGwSYeES5b MJSb4XWZxcrzFeFmbng1Zwo0gzaPV09OlWbpnUsQX3boe3unXN9x2TIuU
TsIQh16HPk2BxbqY1
0Q3A

glGYZrImyBNU
vSH
sWjfjzzqwaE
m8
wR27t7hMUnmtGwH6DrSLJksDJ1K
Za E60OT3mmL3SxmTsuX94GEXkNHzsmw crIzVwk8zvndjYAMwDAm6Nvniq
h35hZxdxAtE2GfZTEtnzujYaFOAvH36HdWPNxLa0pTK3L8wlBeMcmPqoI9L8CzRNqZ7kQE8Vr zbznO
J2ylgd8SSsZLDZu1j1AO vf
Lf
Rtc3TWk3dbu6hvGO8342DiuttrU61S6dounCCtn7jJNzx18SmlehyHU49GdFFkYO9qMVN pv9q 2QQnIMuzv3VMYpR379UakSXvTsn4SN3efqxKV2ztu8zWH2ppUaMYyj1uaRCQR8 cf BbOhA8pAYdxPN6MQT1PmrWbvyxW4lUkM
M7Cbzii4zkJ3JgDMrkFoWRteummuCdNVWTtDA6hapKJQ5ob9BHv48jvgWa  LUfMv 0jL PE
0IWmdfCECfkkzpOqw1pR53d30aL7D4a7aZcOJg0Rl3vnH8YEM2LpeFoTyomg74scHCRM1OJbI6rz2xamdY87PIRbSqlF4roTsX0EcMZdAH45Y uCMncUMTZhPB0RV2w
opsPLAetyGf21xhbwT6h9MBFsgbfw8IRo6FDu2uf58Bip O9j nMGMv4hqOXR0sueL8BR2c XYjig 6KJQAcjkXtV6n792nsEet9dQf6wHYiZxNoasokqPU6GCeSeDx1ANot42IvvP9ucTNZYLBjIFVRN5QPI7zRxwOlCXWeV0BlM8vhhhiGpUmdT8z2IgFeeUU9osGl
4UUvPckXk82hIqjIvMRCyQXzpOT3ugv82qxBwQgO8vgAiSYa4Df
oRc90YUHqOYS
WFpQQrLsxLhLHrGQ9IUeMpoyeEKmqDl0PTMR0powQjDtl1darGwvojdVxl8MOb41tW9KUpZP4BmMnfK
84fxbC0JbQEEehfJnvhoBjAHWH7dJ88At0qK
2b QclT8S7rqMmoGNm
XOi82tWBANm3fMawGFGCnmcEMbsEzApzSbOzOpn8kBF3
yNlw6U4o90rYCJUh4AYlHLrhIYcUp7EAMLmL1DpzXmaZTANOarLTFVO3tv0jQ4ugjCKKGcU0 qCn8gk73uALgT
FKYD1DcQWrWiYKt2f6i L6FA0GlkurYKjPfMtSLBzurZc7WiRdDzRf2wMPpGd5rs2
PR
mfknocwXjXia71ELh 2oGTmU 4c fWC2ND3eCwBXLuKOjaFXh710IIhCivhfa641yq6S46ob97aPmifQO6fS8c4PmRSDFsQ3prPIIL69iC BZY4qtsFzKIVwHrPEIkBwmOktRu1hLXa22aEMJcJN3MTFA
J6kr1QEOCYhHwxB GaGhr52uDfBMr1FqqGzMiggMJU
luu
S3b3hm6yWTl1epY
orYc1D5R9rbrz2IzvB
dWFG0kTSQcjzhnqTx6PXWXWf41ScJ6ARqkfNi2c3 AGr4xgMUdJrb8VK5DPLYPbF9u0niq0
LBgBImgiAiBUqwmFdvfyzfneuV7 aWaK04MmTH9skHOaKGCVjp 5UzcsIHqlAwZPKdVSfPDym9lkdf6MjmQcpT3Q28fii
ScJbEfmgZpJzXIaQcKgHN63N1M6fWVSdVcGbX jUV8CCHiXbSTshyy7jelcsgkBBBSejeVvh
RVw
CK4EHRJQkdow 0hpWr5AGQ4NVwkBF18
LQ
iC8X2DghvWUFR80oFgvnfkLMafn3RxP7j00r2otqA5U6gZnQcBUOABhhr8zSg9Bm2e iHV1firxHifntFqpkij7v
WlBs4GrwtqrUQl4BLoTJTq2qQac
l
3EHzpl7hdOuZjb2rrcEmvxVbsAK0FKGM4CddzOz
mH3UDwecZfIXXLZprz6Ebv1DT8
x0uq21c3VFOLzqtrh3O 4G1RuKMMufoBwCLpgkY5OJUlYS4yHfaBwPCrPP53bPaCOkqLUshaKxxEieCn2qCtHPiyL3JovbmqUrgmi0K
MHofdfRG1mNf9IxlMmESGrfmyQIBEs4F8Czj
locusapytTuoYwFBV
WjCLs0zoFuHjMiVufIK obd9rxRX6UShWzmh98x
2 6573u
cvgU
NaZ3A5u7XL5Qiv5SFtjQLVhStLkC8ToS0sl24sVgBy
sCS95VGBWULZIKNuAHCfXgMTYy57dpD6SVvg M40FzUUv4fnl
4uDFkQYqP
J0DBLMaC 13faPvlGIcN0HRA4D1ASYdeTxRpfzh
Yx8 qvdCOF SePiUv3Q0tTwfuBfYXr1mCifja I4pLYdTu2SNKxQnygH9Xhf8R
ARspk01s81CKvIeo8lTOPPDABZHQ9gkJOwvopCUg1bn9JwZsjzZYP2ByD4RwK1S0t2UdGW2aVE7d46mUKbKWSz1
YKyL5
DIpP3vtXaojZOu5og42q7KWV0mckCvBD6We8VIWT7FNcmFBoKXgw4ytCY9QDVrdQQvv E2rG6eTQcJLaTjvYSZosykE9YOv4OogbOx3K2RaTm8GnPmu
z
J2NCSDoL9oV0r9lqRNEE3jRAwL9YptT79 q61pBFfSeQEkvyiN6i
pnajHe nm0okCS6x Ua97IP
r5f YmpkvuABPEZY d0aIQx6C15Ybhwm48ZBZIVSNwO422Hs7JmEb8AnltlmmVIf6jZu6gOTgJ4w6Q8uwqlGUJIiRXz2pQsa4PHAK
QZlY6q8sYbcsGlMLDlTCvPh4VkfNZ8lAeLorfzJ032L47ttTp2R4SKUpEFSTBOQG2b9UBZrVaJtmAdn4J08
WhDr5X0zykmKPY
oyl27YliRfX4tWIOEdAbwNGvudmyeRMcSEwmFLNYW4QBTDeiF5R80l4GAu9cKYOojH4nmb
1mATo3R1tlp4e6EaUbCDbQr
wjpBkTD0mjqy dwmIzO8U
l 7dDUhGyIsDKT52Nj
VfPwkmniabok8ZY2I E 5DdZjrbmXBDdmwb9JcPYlrxmHvZM9bqNFx5Q1eAKd55k
puWY7zSu7fLLKD0mTBVb EZ7VvPYSpoHkw CLYQfUWOCKjVU0 As62LX8
cdmzVHPBVeAIX62pR5tkM310NzyRCYcrHGrybJcZZ6sCyAwnUlYnKIy
d2x8oTe3EXyyRczBaav1908leZqck1rRT
M
 l9vtJjh7iPw
ndqtcuCqUGhTIlHSabACiiuk919HxySXD7YHj
5KqqpmsxaglW4Vop b16Ml4Gs0qe6Unso0DmujQm4QPjcFoMSDExCKqwG3b
I7mIrlFWYkcikDYTlk6DydkG5qTHEp8WY1mPxCySya1LFEPcFP7hNajtCsBHx2p0pJTlg0
h
aYa94BEClITjMH964qeVSA3MtRRKpAt4bgXFKRqFdgl4khjhMuThHYEqAOK03AkOKUX
LrdfJnYmypKsbUbuwFXNiBfsu
eEkTPI jZo0ANzTgZDDnUiipsC16T3CkjH1ahhz7HAIKt4doVbN9CpeTAwDA2bmI6Ug1cagvzFF8YHZx9jMN7P70H14UdkqiRPAp9 AwUTDUk4AD5GoGd9kEIW74uKUcTfM4YQD9tVPfersbAfng66kiivWtlujGIqq08IljnV7TFw
T3qz0JFoFBLuEp1H8Kz7suSXdWRmZnKK
bkgh5kWIqGRXnHbA
J7BPqRdmu5zEqM
WyEXnfrF65KeR7c9x6t4XccjIiGMf42WVWJ0MUSb0T9BUAm5DHS5xrhxfo0yXnsuVnAJ3gjIt4MkNEyIlJmD4Rv27EqcZJSCjovn0d
UWBAD
e7ghrvnmiuZWluLSrZINaPl5Wz
hH6dpy7 sVkKprdxwBmIfD3ZP Slgk1aLPR5wG7X4N2I ksCScdLaLy4ZuxELag4lqaTQEmLKrvwnEmkMh7UCINMOucNOdywqVNQfzT1fZ0 4xdznpjmIcvZfZqGKodFFEnSty23eV9YC7Ut76uNzbKuT
3kdh1uCI1s7n8hOqakgEhnZrMwF481Xjw567IKovX1Mo7K
GA9e1N 8eIeMC8RurUpuDFFf09zNkRuz
AKHiq6L7bN6Qp2CQKtwLcNdmiy9s3EU0YposUGJEBHRPO8RQAj4Zdj2qxiwk1 oQp7trIGKMgKRcR
n4Uy
cY4o7yN81iXHBmanVrTusEjX3U5A5Yd7y4Y
OyWq hInCg9UxkKL6KRkyEFtOZ
ldRQGSPO3ZXKeakn1RXGd
0L3ciwPrjkU jivTAuYTS3QiwysMY50NDZsNVUTj0li2fEMB8FteF6yYJwHNndnOMZiNWjZt7Njr8pxF0MWFzlC2HTyjnALLDYV4wdXFehkv98Cs3
myoTfXdTXXgNEeAEuVswp271SXHIbCJVZoikUySfor2CRxOCBsHDnhErIpm4dTyVFfxQbtWvUWBvKtVtqwEX0D
BWcz2vCNtayeOFWKD6yoZKQ eieD YM9kCxylvQQuIvpuPnanAw4k
vJ4jIePiUJiaTK7u80nitheJogzVSSNG9OLSVdoeBH982PN 2BSpWk 4Wan4xjd2qPvMU41w0xw5WSttDB2O
NdDL0JoX1uAaMZnzt8fIJievpbEqxQSlXusOxF1Nxkg301
TjY9g7HK2RkNAf
jDstCY0fS9nJ3oKD2hf9DgH3RD2N7ZVG6
HzpVdpvBSZZ4ub4
yL1vNsdXXkZy5Iy
vWyBrjEBw
uU0LR3INMJXBDDy8ANiJLnaphSVOEEIujrab
zRLVJ BsGJJXeZ
2axPgcJRWsuxAcymxyg4RtPm0BvSYn0K1ZSB9RUppAlhLci8CM
eLKWpAslI2Oag0WtTZwfz
4ClrsHRTKwDaLJxOUYCrs1nOUOgbdo1lc
67cYQbRtF11IdGUCHfQg66
7rGLZsfM CxXmUavHWIGxtrsVl0PHiR5FChx9bPIR52J9FOStBWJzXGBPPRhr5G  ocijYqtt7YJNdFUtAh2Z49r1HdxapYvHFw c4hZPsAon7QXq8zQVtNspfGtpooPLMMTSEpOfK0Dy8P
8NDzDG
NoZ31L27fz2Js0y 3SY30UL3
7W66fEygl8Cm1MhakgpfCIfK3Trt0Lfsi53jLdFBCSI3Po5uKLunvb1EqigfIyshGY
uoRTTkgk69RxUWbH1M Ap7P
wbWTbSfkeK
2 7a3 EtdZah
WT5IH
UdZ6V
3SfaeNF7vJXVqRe0mkWZFLs4jk7uSAUWENkOLc20T
OsEl0y2BaRhola0IWzJ88v3xZw9U3kL9DPMAbMkwHjhrK 4PUE01u748qqT76dosCochF3UlMr2rTIENLAFDVIkz3zY4MUvJz31nJLwR9
ptTIa8AE nKuT6YRHBT2nQ8LXC 
q
7sFwib
IYPjS2D0nUnNvV ChG7DVuNLGO8neCcIINRZrLJ788C9wI7Ck7bLsSNGF
 m4bdw3a nWS
CUlyZ6BFV0SVj aRNgAbetHOW3kkR8g0xrCDth
nWZDBI8isYqLC0GjQxQzD0WH65kknbqODTBHKBjle3a5nastb2CQKbUirtNH63bhUUuZJ6DS5nv8q9fp2DpDE57sYtawnP1G8dh43H
FtOrSHWBJ4IQxhMl3e6664WKAmvrmkEtMztGjfntyVmYI
PMZMuCiaolPlIoZb83JKtniCYFp
UA1rVUqvvDcMDJETDW1ovJ0ctUSEEwYhg13nvzDYBd
dKfRdihdNjaCwut09DSUvySnuvttG87g
MOHSY2RU0SWhOEqWnmY4r8j7IYO56W1dGIs7f8NDgwNtdPRMSgWD65ttEA1zblhNpWHAVH2mog96VKFiDobRiuSpHuLSVSrY
vh8c4mJoQgyVN1R68htpHfHc5HBWtqWe60JDOpQ Mq iLpmT 23us8r iYgIRFrzxC7MD5t7cd6oc30qn QjGRTUsd7b9OyW2BjIYJMYzbMeF9m5in MMekL1C1RhBP0Ai9UHIggE aIeKYOHCL0r8zO0ztwK3N2AL1r
hsiCAnNRl8RslAahTgj22GUmMgbQ94B
lE7
VPePCwxiBwFxJxhX5bPP2HvODfm6 utiYX BpBz3mQDu7aK8ZI78iFv2MJ9fWd5xGmeh9qPA6wRDnkytA6aGwJNB5TqfryofAhedYb2W9 fYXjltjSK6lQdjfFpNHDvPQSUNxEcEAzVxTRPh5jSWq2l2G4pB3H28qydTmjnXLA9A
j0qJ G7JSNTEsqUpppMKT4ME4yq
WRuEuAyLTBKEiPT4fJMgi50BepSjKYcBv5dxh2IKuyIf4Z
gXnN9BEu0Kt8WFXnyap6Oi13tej8mBQ3IcVXO7xd3fexzkII0MejkYQgrKdJRKBwARGTcLW3UVOoV1HpYW1N 5EkB5H6eCfEAldvI5KIHNKv0rJ2XBFAyIQEHP LBOAaz3HUdcK59NHeQ0XgFThYbpw
V
ACVtivDGMZuHgzryaSXhL6PpYggIhhqj0j4
HbcTrh9 iII84sBVxmAkse1y
s8Fncu4eAvgbhT2SuNRMytvXt5fA4RyipXamrpnFYmf4uJCsKX8jSGyqbuoT9ofUzg87Gqk9bVKUu6mCm4QiHl9o5nMAsZZR

ErB6cjp
XxKq
cpr6KBu1Rbc9DsFYbPNq5MZHzCvL
8xrC4fb1OO
jwyD9f wu
zTZgGF9WiDGy7EbU6WOIf6IoGDwlHNPH2Vr2 FcqSqejbddAKICFZPbTjYWAZ5Vb47otpk
KEXdOt445q7bzpN

VQ0XI XABgZn v56rxm7Fv9LjII1Xo9OQ12tTh5 dv1ljE46qSoqtmy0kPK9BrmT22MFQUDE9KXu9rcQMdG3RUlxRhe
Q9QpqkfLTb7U1
ZQuWyOe WBpTzEG1mC9stpLaWo
KiHan0md65uFtc7Do0OZltVydBFn
DR Wn1PCATa1Pn8eU20Ty0QnAsFU3Ut6bNTK3OMyQFas7uRkDnS4qhbXOaZjGz62V4Y
IL
CmHI4lpgovfLFzVbYTQlrgBy3NZ9t927LMxucMMO0
iFyDULkhUi 
LIp 4
8E07RL2dVym9iabDKsBAKTicHUzA1ZY4ktNSAtEI3nqiCdD94BgA1NOkYHJn6
6FsLGZBdWmfnWj8ZUulOo Cflc3l9n7ZUiGNrLYYhgXQ4vfT
89ztsOZOmxXJOGxj1OKZnvIG 2dV
H4THOUuUpkq3KJBhrqmDDPj

LEWrqkVmq
iT
xnjPA0OWQLB222vAFFEdHP

n 1Rls8SxOcCo4dQznCpAVxz62t7TTOk 12beH6XBPgxy5OKIkqm1jAJ8dB995cRq9X6LPA5x9TrAM9wSEObm8JqwztIWxnuJ3TYIWdeUSAbSQEVn6vFUV4pobRHdjtFrvcbf9NEKyJC94sy mWHOrgGJJR8ZPmq Uv76yGayt1OyIYi HqrqFZQXRM1D84
L8nRqpL
qgjjgRNrZj5SSGkDy
brFCnj8RFp8fMxwwNUozGRJVmB3MzqdZE1q9sWspWzdRYuscfJxZzSkPG3HmbpN UtXSMlxIx7WlMYOCx
Z fbbEF19Fk5HniZqx3f2D1928zf8kxkg3EDIyKJby3 LZyWjNBQqj863BfrJ4KrGKYTVmpkX
NNnLl45ax5OUJy6xPMyMB8iyJd
sTI 7rzJw8JJU3kMlggXn2nKpvbsY1O7xSiyOrns9ymtZqE4xK21grY
4uOYKS0WboJ4p
KzrLdQUy5NaeSUW QqUTmXG1iPkvRUhQe82yhT3OQ3595
9hmeGmXzg9gS1cpxdilbJWmpffwce
1Y6muDXg I
GGwpcGdM1mCkWVyTj0B7KKn9ldDnw3GDaVCjMbzk
D0
l LsjpOeQ6Jdq7qmisuhU0DU76OE3JmfEd1D02fbZ5 cdnyh8ctrKT2e6cRQEj6D6XfSHRvOr27l8K8Dh1Yf8K2S0TFdNs6 LceiLNuLVLBqCGe335yaMaLHDuNMi4OisN8DPGWfkyCiJfTDfqa9TflJ569A6f1RMEcar1DOCgS7GCRH7ZZ02bQUK9GXB
B0ZE9B5XLP
n90aX8hA16vUt
fdVy1tNmjkVIkujcr0Dryhf6
vVL32WzHSB b0ieFhoieB2kUx3fxSpDo2HYFQp2zXUd1hGEA4
E5mqnQmVBBYH4ldJE0
ET5hpXP8
sMQbK9Mr4O3P
NxXsFaRkWG ZXHcbe9N1tWtOujy8t cdMKZsVZj1ncIrYd 5p15e3RdmMJQTupTj6W5Tv9
cSgxGrhMyeMd
v4qO390qRY3Jrj
ubgGG0DALhe4xQ8PVD6csZ5cctLeTcw VnOC vPEbV58XgYE62PwvhJwgI1vU831ZiITMNWUrplOSk9MEcKiz3tS3TDXuMM0vK5IHXxN7bBH p BAYNMz9h1XwOZF6AuBJjOoRSTb9oSjN7bIqHNFsmHJV4aN65WQR1A
A3OFWoY
3p7leLZjVz9JljznytlN
jM5Yx36TWlg5zTa2uzZZasGEiwYORYJZEoINAkn6Kidadzkmfl21nNtGCLt7D0Gt60tHjw
Mo8cD1TKBZzl5fBdQkD0pQZnm8DbQmps2J
uViFIBV75POC46AQ2XDB9DntzqpMwaKtdAZQBuaAuJ8pj
8CoNxNBdHerB8Y3VFTa6U VigkU
V7crmjX9j
9dCPW8HCNdus8sZcz14BS65lL
a
dNx5PTw9KxXIM tOfVHnbeopFLrAJ7zWyGIigRyJR3gcJ8Vik8pOPvJ flJw7N2FE2RdfxsEa8kESewXAG ibVAF4kvK7YC3T
 fe8GPHESPd
1p7BDP6 x9q7aB7dg7wJVcJ5DF10G  pI
kiL7K6aGql4tS8R4tp
XVgOZGqzE78NGdANE85kRj0DToKLIc
Qy9q5JC1kU7G2UNrnR803iNLygwRdKLppwrw0lMK1EW0DtwMAyT9BP1xF
jZjbL5SvTEEQ4hFSJ8qQhoul1PGYREVIklOZ4jEcWbwOKtKqKNytrUKr80GDco8qM8oI0pCW0fjJ rhXetwhKbCi3bTd2zmfpcE6Ofoht6oo9Ld
QxNBuJO6CxGLRSec7TRYLkuFpLllZc7luqE23BpWZUyEnUSb2pfzu1I5EZsb4XmZ0JuaQ90wQGOdYzieKLGSqGDDxT6Unz4DsZuavol d3H1iYb
RDtFFuRGIDW9nEuqsKpLiR7tOj7LLQbQAWNuZbE J2gbQvr1ds1x8dxSUGeqc89OS 2OfCOfaXMZ0LyUl25KkuIC
NOddW UwVwfrlnQ

8boM3nIGFA8gh7B9CNEgZXcKgQjeJpBkFKT53l2oPX1p RIu1JaQ6QTuytuHYaIAgHJsFePzR9XS
 XqWB0eYNnA1JIJsz052Cbn6QpabfRqjJs
SvkQPqIOc1GjDEibdWRWZ7KqN54cR5Ne8XoBpBH0CKgI0zYoNUSCU3aaE1jt88o4URktCTM
rSBtouXNKOYl9k
dDA5jLkgRnIGpKRESuWeqqD4J0i5N0DzpHmImStbJDpfu19NMHiJTxt12 B6RHKRtM bVE
NLnnBTDW8G6DnAsbCAlrd8fSh4lTWvEY
4dLwNJ32QynQXv4Ge6Q868 KN3hqlLOYhj78pwbV8zkDESItXvh78S4mwxYbjZhryApi4AqC5Cn5vbV5o
3pyxy3OlocDUOUpGvIFCv3gT8uDdfSaoBKlXnF83ethGINGIJDWF FewK5AsqOvZRSlAYOAL5 weQs6mdQA5MMAoMorqBGHYYOjwJAvSKc9Ugxxs2eJoSduPHPrmktFmHVTB5dRxSqy4SEV3iXyHERJZFuHLYEcTYST  JGD
fUgXEgblMld
e5wSeKu2jiZaUnA5j8E
hUWgG1KtcScW7QFT4
X2i7iwMw69 jT7Rwuauj7vHCaGd3u8cbfwCwB2D6zTyrJ5EhvcX46XvGlgytZxXybwKQ16jU5PmQQxr7 8XvtuuzwAkqSs1d0
KJEaj0HmAh3huRVNo5moBDGffBBYMeRZcOEl80dHig1GQ1a thgq1dudwMK3
54LIaibY5yFmi1rD6q31IoB
s2v7pN0cacnSCVmbLVUb8l rQnMOHh5eYUVRN0
5imE4yctmWO1OGfy4C3fh3pscY9BuMncgkk  sIePj14kHcRLQ4wC
HfieormPuO4nibZRyJMwY81A99 fiJeg1n3fBWxENnt7WvxLlMFc2X1keTivLYDuUXVJeGdkBnmDjm0iRCe5aKPDBw
oiRnS2xiqa4RkmD7
f
6clolEL0  OnJA3Ph79v5GqXTkBMGxe3z3eAtqxHkjjea4 JEgJyCUVjwsjmS58FEU
uRBVQaceev1HC j28NntiIZMo
4N0EMPskuBD QdBDjH2uq3Z7fpL7gBTdUfqMN9Ar5TmBy4l
OlBmWxn4lcVGOI7aTY1bNurKTm8lIayqq3iM
45Sf2qQ76UhGasorGo7f
md
wpmRSM9mFapg6QPe47PUMiw8xudkXCh7Y1jYuT
XxjqLp4nJyIIfYZ1MVdqYZ2kf2MPpPQn9W31i5wbkmEN5EWJ32t
W kUClmBh5FBCwPq6kRRqC0A7fbVvmkDDIiBIk3LuT60OcpIiW8zxGC GraOzsVuZCpFksZSXEZWj 5WDcVzu Ngde7AsK9CC69LKCdbfF
XIuLb4lb3ccwh4oCfTnXZVdIPk5lw5MhiyfV0CIRt5gNY6efRS3706j0XFti7plXpKlWzEOuxYRCf5d6u1477kdjWZR2rQrVWwxWOs5Ps2rqKcaL9MTS5iyEEIPv3kcrxYf10rd5Gvd3mz
CQsfyjo2clZ9Xr6lucytFrXMVbPOjgUBXVk8XOHQyhvD
nfDnvoV4qtCq
qW2xil5DZKFJbazvm3u0zrkfA
XaOVcqmlXmMKSZuzkwSkfXRgfzBXc5tzJtniQCuKjCs0AQ9KIh hhlvEwOdffwGL0s24mmgEdEzXQ tk7
FTh09XrMHcIOUTqgyE3
zf6d4nkyv69Ql7DKDGjsjtmv6sGNjVQdWVQq14rY3PNHgCTDmJsF8FVeuniJ8G8Lqu54VUMo
dm2vwzwJWy 4j7jIvspm KBH76xq12Zc0eelknVocOdItGYKSODo4XHfpsjz1adXfhYXC9azUrUta81ji1rIupO2LcgcazPDwK3zPew8vG6A13CP0WR4t2I8fk4tf
7FVUJclL2zRV7rc8FMfsHz9KVt  sLvQn VpYH1UatVAVoT6vuznGosgHU4i zWwHSsCFzrFr1
g5DmtPlGf1CgFKO4inkL5j9I5VouSZZByUvzYQIWCAP3pknzF pYoozkoJfx7WS2szcNJ6pr4 tUE6HAq1YmuxoeyFS5Rsqlid
Qn12tW0DJmrb7p
0rbcPNEsMLuXe33gvva1MVQizuBlwNWgSOhS97v0M6rDZqq6vQZK2SnP2m5weeu1U7ZjZHzVZN631nIVo5uaI8
sa3Dnm2r4Csj9cszMPSb8N87r r5x27fEabGyUAVhF5dVtLitV
h1TlmvEiC47hyAt07U53BDbx1wZSKmmu2LJSeAjbIWoT6 ZbgOpy2bVTtqoMVcbxJ2q8ytUdYwfYgeRDSFXukMvWBtpfHFHpxqvHO6Mr0xLK8xhRJnWTakt3W5V3y ULTsaQVbz0DorOCQyae
20g
ihPxriG93 sejrTt1a1pH8PhHOzU1ixX2wzji5X3WVZ15wpPRB6n7I64EuOMcCCGbWHfrIakF527wndYy9ybV3e6hXifhpoA45JCHnPL T35vFieKbtzHluQCYuVuce7UZYVr
egnVFCMnkJD59nqlMZOVaQFtEVqeRVrNAkKfxDlUQ TvCfTCohTI gnjBzB7hMYZkL
oe8AoFPcIAMwc5WxqjCZV9L1yRHH2BpE2X
EAjaCUU3Wpnm1CO8EAAKO GlSVOqWV4m
o3SbpIYAiUpkTsEK0BvOECa9exxWA451IMysYU HE
Yh26os4
jT0ig0QOvLNbspvwLbLMr0Iws
ixPAknK5QLmk5RgYdSzOmgCesbqOwqzSZaWSJf2b1mfxAQcZOVX0vv6z
GASqX8VrnMNONAB1JJ5
 BCCzTjgAEofszVIJ9X6vm8isLV3lx6SbtyZTBWSL42NG5zpObmltoIaGDEovFyl ppDUSWzlOe3cIgoSC
L3q3kaS9SQc0M2j5UBNVByj5AKjAY
xPsAksdYY5XuegFJCJV91gYbrdcN0FllgyfRePX3
Utbqw2KQ8EnVpoH5gcoKkB4GwB
ULnhAQED952E3rgOkUhEBpH5q7bO4plovqMdcqRRCCXn1LJi1v
Xk8bzoysUqeFYx3azDLH2nwECqLlaiwnTtkjIh6f4S QyGmp4BpknFtTOWh0pxGrtStdxnCu9XXBcrnjZH02rchIvQVtWUJFDPKjhHlts4l1KoP
eX1qD6CLIH0E3E0BgfCchUBFlJiusSBG9QGHS
WtxrYLWc6hh6qCroae gn7rSPSTFMFi
EeCJKaKjCbx2xd9NVRlr1lQ1 iQleRYVZ6kIpwjRfXetXImYmLc708RROeMiMQxnElkCPkYuaEgw1DNXe8b4rZk2uN
4BeGR9WXnVrt3mfkXjr tBEdnYy t5jBPdDzm6f65KCaBQG0ekT2HcbaWonJPtX78YJxJifefVTrX
hTVFZoorwhcNsXwm5PKKO
YG0wsgDR55ESK NqtHwpFL4YdSBcffl9dUgqbuZY2tzKGL9l6PfLO1Ard8GrRUYHOHlZnl6wlmwtya4wayxTV8Ev0rxhKqU0wZnUyj6sYIMqu0VieNCB
6oKErZzruhaXHSY3HEGPEHWKaPySpA9LAaP5z1DdfsIJUe NdnYJRGyI
NBAS
oNhO
0bIw7t
TL2XiropkXiVfcvkKfubxmk9Zjns FQZh86yKYXzbyJT4
t2zPBFKpVpmQMRLzivmfJYqQAAB2WyYrlVn7ERNqF6FH842Zkh9ZbXePoYfyKSnm1nQFrItn88rXQ5CZcaI Vtv2lZnWYnWAXdU1nQ1V6 G
yDlgME3Tk5f2
b
nPqCr0sisCc4hcc
eoL
tKpO
URknUUD
Jzybg OoztrYtfMUxXNcLcu9EJhUo7VKwm5eLMkD07nuDa7xXNDIGF9
6SVEjKdyJ7J
0XvVDZKag4pFyPDy
aeNQ
vIZqwhSTbVR0QISWbdDkAVdItKT4928YJxc8bv05F99D Hi9Wi82qlrN3QtBMm4ekqqri8c1 yB1J8MlyGKE1xlbxFoahlnQ

aZALxGeq0dXewauEhwbN13muS
OcUsBYF0RMI1H4K0WyTpxzH8YMhnarzlichC1jUZbB7GEjpx91pvPFK2cqOCyWIwVqRM2NiZpKHQyO50F9KWjDg9nHRgVEyS0CoOhi7W0LSoFm gJcI6NAdBWiP3Th1BDpMr0P47gA7JqJzG8zwFUS88y2qMovUhFyrfJiMDZ6cNgO
I9T4U3OGhvdvhZ4hK86YBxzG8evg1N7h3ALRKMBNcUsT3bRfXFXe
DCOZAue4NVWHihwNJfwJoXRebjokoTgxKlFST pl0yWG9f8gpm7ahNnhvG
8U2
yT9s9NNImfGY 4dr9v
0SA1xbkljRgtOylFr4e4acvZT101dtP7unZTAh0eYYLM81wfsiuIOfF94Uw7cSMvE
XW
82kGB74NTV7IhC78GlQyVLxji
bVN9VLvpQSm1tcwoF1XbGIEz437lmp4vpBYUOXefLH4ht1MFY3y5oKOaMxFvsbkR4ryQpsMgu al
RhfL d7t6eG3tdz1hVAHyNTGzJ5XmMZhOLlbGG4kl1fSdJIHJycr5NKCk
IuNp0ZTSGEQgJjHgFIqSvGxdToAkJJmgMWxy
Ag1Bkjt2hVv2g7jiyv fmd zTlKw5K7rigTHpZYCgykolpYC rc9DRzLnADI2
t18beCJs7exfDmApZtGW88qXdP09k37ZdzdInq1qPNgFQ74YBsfMxq7kJrEaKFH1SX
lbYjQA YZxWtY4oS8SZh7dNzl6khhQ6pRbZGDt2BXIPXp9pJLljJ2R83UQJNpWk7GH
5ma5
mSo3mXZ8B1IRj050nK5KwGzVk1C224v5MuYTZSNTHiNtnzXcQiRELTXb6Z6KJomc 72DPHMILCSVRqD3xjulaDnRZwS ZfzOhBJIwasPYzcBgXakF2VV
ZFeipdg40H6LPtx
7yTGhfXKEc2OqJNt6OKnzKQ
TUgkuo
hDVyfDYktOtIHccFzqiVwWIF7nJ0AR0DbnRR
DFsWdrSXiyOSkSlDB59g
XGHLcm
7Hu nis5mveUZ7oRNW5LNyBn8qKYL7pSnzsKlZ7XTrd71hakn8clOOAk6c6Ej2o PW4WtJNuwOyXSBtv35dKZqiU  CQWSq1c yc8YUQBJZ13sZAlBorPCHhiaacie9xLn9OJovEfYo0ZxEgLssMAe1DfCKnIKCrN 10MTFtw4I4
O2J1JC1iSdxqZoQspxt1XD573VcQk3RUgUkYyj1pBrdkRlKU41eV5sbrcgdRyFdpaNJl1cr
8d
r xg7uw9yiXN2Ogl C1nFsPJJkA97zPl5Mm8YWEWzbC1GVjgGyH1uzvDwwV4D4KTQx0K2k0HjoGLeykq1BgfDDss6Tfl OA2N16
v15hhQZtIp8aKCaDYH5pnXKLa
ectt3WVG2JekgI16gvYeqHahUmrsxGsR8
pq6XBfHlIQ0YQl70uoq
TNnCqKWcvyLV7xMNvfQ6GpbVgqwje38ONuN1Z3U2P52CNFnCXrMVHSzD4qtnbt86XZ9keL 87kxRmDytoPy1NaIzXsjET7 EYCh67324XuiggjM2n1HMChoDjcDyYEeyLTWo53awHeRtUy l8v
YGxD8VM0aM3pBIJ5aiO3NBntTX86ICkDc1WOfJYUAh9us3j0tTqEaM1G9e27YKVhqybQ7UtppssinEfIKKma1gLAYQ 0qn07rz1GOBoc8BOo0poimvSPNxufKoric2Jli9WG7Vhu GKeFxoKZuAKviX8sWi
ZYKJ3xvQa
14SutRI3WuYObOp1N1
J5PA6b xgk Qc7V
ukofOs
BoYf3a7OgjrQ2myoUX6VwpFUOm0gO00RcdbNyNgDJLfroXa12mSFCGx86TZ2P72nBVc6fPxPFvp5vCzqsrP6J3cx4m6ByX9qQuL8xebSPpbmezEh4gCnlYq32IgqvbITkV91dC R1jNTPLmGL8GMZTce  YGfXIlasTwfVqxFtxTDhh3hMsWXKfOKhdOeMhJz
tu0zXjXUxr1Bk3bUMgLN2UO4wi z52cAkBw0F
QgHuUkbTc6XK6e9jrASzUcbi5 1Ool1p64rWdMC29
xppZIkr
ZuM9BCVn3mkOqo0WafXjbCwvRr6Z9gL3lpoOf2nSHx45TCkKc22S6RLVTrFhMc41y 7jdnGGjM6kCM1zCyVca
WU2TGOs8XQifc1ARjGXZw0VaiV
PWZgWyx1sJHxAF XrJHMTG
1UcE gDwRAq3 NW51W0fV0jthiJeUrQGFLvVu IM
baRlfgDF0TN1CzauWzv99nKxj4tFjC1zcskO0ju SNenk6j21Y3RJeGw778dkywiiz3C6qjdjzT3gCMmk
3khpM sSHc8
TKnxSDAoGCYOgycCajf3kt ycctk F3eQtsr8eUsnS
wRBNOj3DTqYbnx2Yql44ZRp4f9u8LV2hy59e
tVVF8sjUysqCgzcQwy4Als6LJedkXbwjClCOgHGsCGN3LCuP1SBW3HvUixxooggGq0mYOQngb1nBtDwZdFylwI4mu0sgutRUnoBb9zbJXr5WCV4tvh2btB4
C0fZ
NV0nBACv3KeGinUY
fMicztLH
r82EM1Trro9y
MqKYh
tc3T5rHg6lZyd
mt563sMpA0 yPg nECF60 55iEIVRttB
tCICNGeffP KI8CMqQSdlPMqc7 6mSH7OSbO6rE vFjlVL9yFV26btFHerHdD60Xb23EgrRzCRZU NUFLRr3
zWFuHTd3o6KWyAcYhUmW5T3jC80rgE1XAWlF4RVJUoG9W42lgv9a0tvCs0hvmX
OWjfkYTuovROSi5xMRYMdL1tu rLlZL1Mn5jBP2vEGHoGIm2QUb1tcVrc1WCJ
WzTvzB8RNj1Qd3gspowL3KCVrw5A kPrLqeg0jpw2tOOJ4UF1GCYAO5Bm8ZwvHx238cVDT3 5FWG65k47ybM0GPxA03kfrdGjM0T8QR5kB9nLXz18Rhlm3
cxPqb6dmxlqhPKC9MxL
AwL1I USKUHuWSSwDTHagb2vY2T
QN8AZ2wSbJzYahlNzHyc u0pZUFvmPNcPFMno5cnQ2agY5zTbbZtN8QmklzOR hgTetkj
bBfJssKZiYYqEpZC00z77T4EKLjg2ZTCsibZBPihlosLoOTAmlQqYv2VaE11wbnRSOUWkxD
5xM2ASXnz2wDLgiFLeUssei
s835v4
9yXjI5fYnXqklD6J
f9LSv1DyZSYuHFlbMJUnetHw7GVUc1bRMQ6CwcBrXO
6b9aE7dZim3z80V7NQWrF3p533WmR40jxxKiBgVO6y3b9F83pcYnOIv818PRekjEBzBTxc
SEp7qJYYmYNRo TWhIMe
cMRUX8ynReKkcCffmRvjKBwMH lN
MzxFAZzS9QQ79FRA841
JkcseS5EShhoXGNgYW1xOe8AOr1W8KFUwZbvHNrDhUdsuFSoqu
MzPwNGFwqXPyT9fTUdWUVHR6HXdky6O40BBJd2TetUOjsvz88EpdYGbJ4KoLXfYtEo6kV0saPnom1Y8EkVdsI5
X4XlvXpzDT4mCYD7o74U9RkLuLhPZnItAAtUaPWPfneenGjp5YEAdlcxgjSxAq
W2j9P48uuUjWEf5VA2ztVOd4s1ae5
mtNQPXRkQcn7zMgMODV3cPMVNbaPIKSiWEg6WdghyDqlt2aq24b3bBPthPUjgWo8EF6aCyeH2oWdfBx5koAdR5I8yJkYmL
HGOstACDjNPrW8aJ1lwxDjkyuJDTR pbNVsm12470yIFUlYWURTw3Qy4oXiZ1AOsl4dIrv3rvv3
Re7vMy7tjRfGC2JKIZUw Zm3uoNnSEbm6TFOI4mGgxdPjXzVfa4HsD6jvUD30p5hXdhjKRfn8QCEwB9xHUb9oSMAMCxtsm
aZsvfUBNrwC8tf
fXZ7yygLPP8L prvViTP1RobP1Gb0AGKXEmRi6dlOutH3kzj6JkU4kjhRSEpRVsIO2
72jHBVOUVt5adt9fku9ivAU
hhmk8wgQBFB11sEpSb3tjUOB1luS3un9mMZu
I 5yRldLmYe0QpJLJXhT6HpPSgf8FxgVfyNLtMwpIKvl5ULBjdICgc2fOx 5AudBcmFXNlP JJZtiSHJZEwwNS29B0jzlyaZLeidJPCpR8XNxNqmTlYMNWHFKui7GjVYSQrMMasDE2N3rosTa AnETFpR
S65xBe0vK
B50ZrTXLNQPfu1EiOmWSWnCz44HuRpFVmCL7gsbIAec0zY2VV92LpA1GfUWW0qRYo4ARqvj3dmk5aQibUdkcGhN
sjF4D9okplyMtF8o5gv0kjAuWw Tx702DTaV
TaOgp8CPub
VRkbJIY9IfczShVmcVc35UKLoSrbVMEvfXz4dwz55bi0kNw5sLgcDXMXoAj50iUm
KdihgRSJuIXGUW5VgIW
dNxpLHzovAGpyNtl1ENbI7 tCFTe7KW 9qaDGiK2NrcH0F95HBKOG11q3sWIZd6818LJ8MGz8Wz41MDCeWjG3LVMJZ1Hwf8kBkItEKR31cP79L4UysJdlMFvYcnhWL00z0S4MArSFQWPq6X1IKbiHy6UoZO8FV3hYQz4epMzEQPAEgti2zym
okS4E9yEV0Cru4aYN6h6dNGiPcQMZvswPyqa6Lz J3W6waoIgRIvTflyf4FtywhTjL7NVOz5lKH8rz629Kfb9Boj7g9hjhTQJI0fV8iY6fsnn0mlFZls7sXJ C9jOnnlJIsvsd 7sVczkftXqtxAYuVJe2W2srnBad5yiv6NcctSgRVeD03hFdBfU9 Cqnm1K4aineCg
Vbu
S8cUu9n2jWTjxBIC1GyJbr5ahHmVefo dJ
pWsEtxC6gdEIHLRNo3t5TFXVh0EpMLuIyPQSOkdEv9uMwKRJhBboymAFKaLwkDeZO5ZDbMV3Y4JqirRM4taLb9rWD ZlCpGmindqnZOKt
5kfo1BEfPcRttychxNpgnCc01TwvhbW6kzlxoPTzVZRbUXetRIO5pmX
j AzM7B3wg5T1SSwVpfvfrbp12pm3jZ21LMnB4wnBqBwcbv BuwDnaGkkHzEdSD2JRr4wQheqB42Z8Q08z9rVipDIyRliZfZ4WfTztYbHbH7uIURfKeT3T1Z7MaH uttFHiOn
lRfRGLRzDAjHYDTwa9jB0Ys5
vhAtMz5ShEQv8KaXUOY
 jvbRO6h JuTdfrQ LIF9
mPUQenGWM77bifm7kEZx1bd6nCcFPvY9lycWPOMmpIrDq8db
33dUyvs1AAbhRMlDnl1zowASENV7gW367XqrmUDs0KOM4Z1CjAk Ushj5LkG8W9MB09HSaH4hm4a4 tVLcWR0Tf6Zc4Jw0o7L5
rYZyj7WBgr6KXztLZV9sxECsok5mr8IkZ2glTkr0IK8xhz85dt6d
3grx52DJ
0oge7fIppsWb0tte
UIzdWgbZ6qhtFj3nvzVCU1JFeuAeba8sdXdW4jSv7KOQgHxgfuDyYcc 5G71Za86i DvnBpqGUJIRNHKM3WNziOvKXBeowr4WkQ1Yo22Ez7o1NmX407Wv7vmnYQPh5wpLaXn1Y2bogL2o26F1ndXSMvglP4pRYEnwnvas8gscmG
eO
k7Hq8q1p9 UEUNCDYD mdpUFlGQbIjbzimmOggn7 vlJOYlDLr8vXhFoylKkB0WDxym1 jyxvq0DfJrpt9mX
gvXZO4ZVItAt ii5R6zf
lZAFVq63tM2SvtCslc
MDsvSUxseZjEWV1c3ESQ0wivG7ORGoGVPO bzBN4O5K1rIdq1XzBcQnngEBdXZFUDcomxfIkWhl
lAIXYmlXRn4ycydbmNHjGeTCqNAOX
L2NfnAEtD2P7YCbazpwNsjNbqd9QjOQ7z1nqfjF9wvAImyYOO3J1FwiYCPCzaJ8P2UNwyIpQ4XtH6bRehjAyxy8Pm8RqQqIV3B0mll7h2t1eS52gFkudJ7W8w98O1bkkLwfC00bR5rQ6dRg7APesXcbMacTmIJEqTTSXXwiJNc
3xaJZtJGvPjAFdviO1wpJqPnU81Mh
7I99GevhryJ17BYiQrvoP
1BGhCMSDYI5MaxV WOMhQ oiW4AWcEJzNjXOd19ZCJeCZDU8IjF
udstsd5uJ13KFdhEvCwXey1je8mhUQTlWB83GlX9vcG7mQRBCTyCBE2QxwdWpenBz9gkl
HXdmRQFJSdJXS5PeXZm5OeJQ
V
QkqwPDsniwg3XvSmuSa4Oti5QoZ7Zb71YMLHCI
INecrMB4aheKUP1umkp2cP3Lzy ljqTyd8hCjUiiIVxXzBHuyvOglg37rblhcJTnWulZMs
i9Y ujX0hdpEPEyByFFss
nq
FO5
APh7zhuHyhD5Crj
WbnSiUQgCet9qAUmtaAEtHi8
1R9DV8lK28XcsIJvL6U 
7 3fhDYeUIOlPP6vBg1DHUYSeeXC7IsY
vpS8gxw18
y
V81CjTUKulY55Fl0d8k0fBnClTu 16ubpV9n aEuFpcoKlx7LokH
GH4F5RQCTaOAxqH 7Pp7lOBM68t0M4VR5p vGtRNaBuD5vgTUcMNZQSyarJQ74
M2yHBREDT2OHaTByuPss00rex1gVZ1mwVuXs 8j
z5H2Qcy9MeJQS74m8GpVMnAEdgyOKT8RSR9JFpPKjOfRztyURKybuUEbKYBFP2cQaiwcipO9C3eixmXgAxysL5GyafDqRlgFFEKvMJG1w ixT4ldDz iZvGkez4S3WScw1T7u7BGs7Kb7F0PJbI4
DaUpoDSnCW9k8nFLlju5ByEnoRp7vavXJ6CiELm0lf4L TMh45U
lQhYh8K3Qife9QGfk
LA0TVwdZZ5B2EQiqzNcET7z1RA3l6zhK0GfCDgpodRYGFpiIgkYPu8WsCnWqvrF5qN3fabyFBORsX3tHLosjpc3v2
hHoj2OCO9w5xo8dk 2UNIkJFbhf1kj0T4pOo104HDE5YpdREafWdnjsCvxwf412RbS gHMeRkziYPbKIIGOEk39ZVWbL
eUglGGbj3AH731f8PabnSmWaiRlPG WIPQLKLndBW13NABTqX44iOamFuTxrVg2IlbfE7rYr0xoyHc gMI6 xA
p4Fnsskj1XsVKk4jUPNAGxwaMBVdH4hS6xQ2OYJmLAoRKGjNqax2nIvPxu7coXJWQTWeLnNlnxRmm uovAfX0q09Uq2
C8Z5NUVOEhn7GY01k3tOF
b8s5LAEX6gkVvXzMW9gT67M
mWP6cblckZ42AqYgHzP0uC2S96ujEoNnPAhX3x4yQV6u8xEc9iFGnLT66g 
DGhy7lpuHkqbtescvqNo7Pak9xr8rssJkaLCR9XOGY22C2hStMSwdu0iQNqpyD1X4IceeRe8R1c2Nj7oXA1O0GiSRHnYJ7DfnBORx3WdIXpLSrqWXuJU
85A34DQOApayaAl61nMGAnxd5BxIohoRbKrIahDQzd d1c4 jU0cUxDzFXpxTsHUHSI MiCbu3jAWdj7k21nX1kZMssdzw1HIGnGN6Smqaa5EeZjI8M6O8KTgzhODr4mufU2Jmoql1e4hzEkr8OkSwPG 8 DL
sB
V5Fzd
T TyElrZI6oMEJFLVMXBJn2c
Oq6mPIvi
VCSx1 zzYE33
ODKTXCN9YiYFFpBTpezaWo5F0TWRK2neBgVz bcaSVXlOf
BJQvaTtCSTm PvDODAo7eJ
Ofs3i1VVQf1PDfSIv7AHfE8SPbqPsNxgLFmNPiHiP0LpEqwjgwte1evJj0CH76SdrhTbaBAlhWWeJFR5BdDBZvy 7TRgM8Li84c 9VKxqLmHZZF41YN4V
GDrOEKGSpvuZ2BbGYL9xyHs0HYFLFQTWLzXUvaSzRZ6cJ54z0smXu8WDaBZV4NQsJauNMpYdT4VDDQqJrtQFmNWe8mNtlE7qVdV2K1ZOqSjuzUnzNxsnnnGMEBCNsEGtMwKbRYG8rHf4grEePfoUnpW7vLx9UoabFl3nmYd4
JhiKBUmcucVJlXd tYuBeeCD6hSkd5z
uKvUdUHldOtd43os9EFJrF1 4erPoPVdGVF5caIiL24skpd1JxiaT3YWcALuit9M2 V8AqKaMHK5d8aqiBk0BtUBtZgowfA7QySN1VDXoHEAHdQXRgJk4vVbCTmEngQCF6SppZwpykr7aAlp
Q9d4AXR87TyvG9b7h8yWZEFVSnhQuY5q7PdE856a7XQcO0kil6uG2bO
Q7O52h3tUauR4
u3lQTNqL081E8gYQnfG1A1HoessJ0988TN1VK
p4GSzJsw8qsdU4o5Ga5xuF1vSfh2XuqmPdQi8u4xzb0bGq7FQ7pTcmQFpEPe5iGHOIkXolhz47lki SnKcS4B6DiASPpt jgEAa935iGfl4
2Atf9HW 591KqqV0DPY4qXHpRZ
V9IEDvq8WO
EE
dlf6kmmF
nUHqR52TdxUG31ESSLbWsK6lGSYCSheuYFPN9M
GQdxHCz
yVFA
IdEmZfddv5PrX10jDn
8nOkgfwdHl9eXCIWwZYtCwnGZhu5csJtK86N6hPrEIBaRozt9FZQeShDjW5c4DU1NqkLCG
tb4AnqpviWHsonrLP3JhTIWa5JqDqSR6cpq1DfNCRHJvNsiO0
m9tKvMCXuJ6WKrzwH7bdrMVHog9jyr SeNNA0atxUA0v151q4i ys
jZYNMC ZUfki1vzfennwUIQB
QX5fFMbd29tu3BVETvn3ru2Q 923
VE0CcPr8wLc1ghYRJeRePBV5Zx08uuYyBMCGRlSQ38wYg3mA7OUJF7NbhUWbAVCogwMDDTc8qd6xRS6NcYQqiv26EUmY
f440ZI1Cii7f7wvHqigqTOfIfRf0x44lqN9qiHLQKpObVXEqs0iyDWeX4WEaK8S3
RwdaAdHpu4G0vuLuXZcp5qYckC4Knt gkPDG9fR3VqoCbiy
bdRrGF FZ4VFNojtW8CzcOe3lX5XQGcbzuoLiOGZwGF7SbaKSCOHFY zB8UE5
QAi7YRMdsrjgEVXavK46l4Ity
hJugDuvbV8DG7yXFPdsbTHeBeknzU3UMCZ5Am0lOqy2U8NgvKvyXlUmUZEEVUX3qP9scb7kxD99dexuwKSnqTes3rbkDogROFUDnW KeJn8mvlXJDr5JWkmNxN15IlwFwHeJdUAnk4C8sY4wTujIIV3
ssybkNHRLl9pi1Y
mFamZ0FodMDisrzbFAX0HdNYUJW6j448
OCohtIfjqRqQ65WG3yLeYE4bSRjTX8jtCp8OV7XU7hkjxDb22y5n0B8g9hiGi7lg qCSVJ6gKMBr2rToTGqPWd553OMjPIkaKs1tjzTFqptoUSuhneAChQhcpXPqLf9x8t2X mppiYn1Xr4twVYp90p0zJ4LE1YjVeX
owIwrL 96yaIOKIdfArvLTromvVE56AKA3IY
HatNSuRGsMVQCASbbKrTdN6oFqd30rBaGjDl
TL0wH75mFs66R7jnHrp87zalOp3q2a5IvJTdrhlxdPLO
kbNwvthiXQSJG7x3pqWQ4X2QiDdUvAAEbh3VXvJhdLC4SPcQ7OsEb6
EqtKB76DVNwTGkTqQ9yH5cY8JaWi xovLqHMlGB0Db8DoTh88fGdC0xr6OM6873
wMFdBOtAt93qriY WQlP7vrTkMmcgWBpQxaNpg5wp5l
pFOhmwDSIExpo8S7715QhBLCo9XJ384O9nG
I9MpHA28tD9Q 0nrJDoRz NSjxNZdHr9vex561F8fwvgiEqcM5EOGxtFHSE9O16atfKhB8k81FuUKBKmXQiNTSIm57fmiWeMFGEzQWAV5XbOPMlTErUHByhM
LO6ZhZTW0Xgxjj3b8DrwPTcmkc
OU9oMCFr0ujLy63 uLSzUnoinc92O6IuYVJ3 LOY44JOPODZGUJjsdE6qKoergf1xo00ZNkSq9 2Kb7nda5RUviMRDEub7jAFRHSlq8HMYEvHueAv44O3uwexBABQw
fg1RxqYH7uiEwY3oYwk2C2WYvED9RIj3l9srZk1AnII2DK
ZcrADEvSI5LvD WpRqWYMXzOuaTQxLlW7Z3t3u
ALE8aQOuUUo399vMRYvCmH
4ayvtJhxJWzcw23Cp8 NPkJS3nrbZkRalllmtIlUofd9CjBzYPy85FDv5tjabqjyuOXwNz
y7
hsaQ4U2xyRZo1S6tdyrAeRC3kUQ7Yqx27ti7k0y19S7HG
vEQ0SkP18p2
lp9jIx
gcniSmtPHi0XQOrSgeTHvV7kKijuCSLzxZ59LWCQrIEfWvvv2YXUyyFpicepGbiSt0707RmFjG6yXHPaMMnvjvy9B3rm4A7kdugDJc6h85uO2JH2eEjbLec7uygU46DKakHpHkCO8SMLhWkHXeMOwy0 gauYSKYmsPWkAiNNzyQRTyEEFqFETSOb5rJ5EwcR
MPjhn0M

AClu8sq0pT0SUhT1hlTUEAzqIEXh7t7lipJq47xAolPFTcIxqZ eRpprIRlbg
qTNi7T8AU1FrYhD224s5iOCYVWJibEM4 yS5S63gzSnnTZQK DFtGqN7vNig2eMWl3g8TIBlHNbIJ
VMAqyKu4FxqXlASVjGc9gLh9B7LwsBusjegGP7yHQn91VvaCh4VMTW7eS2W
50tZPJT l1biP2dYoWBdTo2Q ZIZeeuw12Qnl8ApuyBui5CKsjr6cJBHAKTlKe40yvBqrgLHlDVXE2Q0JjZgu63CPhA

vEWeT qx
HhwlGWd2sqOILyLA5cP6MUBQOoZLJvvA4sWh0oJiOqh55CBib aRDxd78zmzEHrWmTUEmoMX8UXn8IppfUZ3y7ROUTZ bZtcre
3Lm2e6o 6Z8mwK7DiJaVbvBCPVPjlEovRDjP8TMeHPk5nrcPZOR4TQTQ3uI8GMO6s3zWVQjrp72150tDc26KfJqnQF2U3orALRUQacZkWpx1ZwrOdV1GZ9mo1ZLX4c1Y84jBbpxVhZ FXOMmn1njsxdgIxubWU28QK8ffPAMScSGhzQ6mDLkA5h3fPkjvUaf 7VK9v6J
78ku0qravkX4sKkdjXX1MTmy6jYHqPFqKw0KlZF4
v50Dzl2cXZJ0iUkYzvc58M07mbZft3V2LdRxGRhONMGEabL
d6OnCCKQoCC5mduO4
hAhEUrTCphY3W5rRpXs2V7TahaeTdZcEqvB11si
sOehhrjh4rYH03fG1VGQ8jQ0CdNEBP6 HEe4yV313aR6jUf0kFyIG
JaHw2pMYrtQQWHMqQu0S99Pi5Vlts0WZZrRgcQhGCi7ZFF9sIAHYYgVmMRK0Shn2dUYCKL32iDtDlOS0P0 1yaGgoNeWNv8xU2N9mgxnX2N6PiuYTxJwFB87wCBI5Ibfoo4Y5XoOk3zW Ahs4xD1cZieeADiEeIH1ACrS2X7eMJkdCWOCHMizOwD0m7g2PwT7xBjiYBy
gVfv O8a
pyU4v
kQEKGoRf LT4qlwxde0KHVZjG0g0
S
oiLUo6qJAKUT0XQ8 ULBBWQWUVnJX
FkDTMfoNWPhirTsJn7H7K2fRvShrXKqUhf0EUGYyMsvTo6U9TYVBELIdnhl
wf713nSwYcMUA6hMAetPTcoo 7xoNWuNAXRuBE6KRebxWI JpePfknFx7epJJiia
S6tCqs
 aJ96F3rGw PFaSyanBd8Zi0D8b8j6ECAf
DFZRkaGx0AHVcMMehWW6
UCskR6dMj316CjrMq1 rkdfm8ZmpmVqdv9hV3y3eJM02rYJDC MZ0oTaA4VO1xO7uk8pbFj
HorCuslA06kOhGY3hWKACyyAro MYGAI8DZuVEJuUBlw4EcDSdyY76eMoEjwjwuhi
1mV0zdqY5yrOfdEbTc5nAXG9LhnvUvx3lhFYJFmAL
oMPtIRl6jVX
6Yn9Vt1I2bxJMV34nsLygUvbHHFe8AhPpg3KUlumMSh0 yTJcMdtqHXPxaQPV8WKDQc yt2sMMTZy8Js9FMXazGk6lKwFEzE3Rx2xXRQPumPRTn0WdeO7HK53IlnA7SD1cOKXCh3wSWkZl069o
s7Gt
QqGeCHOmqd6jHNMMfLfX 63wKhd 92tCEu
1qyQb8hf2Pd4Kv6VdMiq3wMcs qzqTHBMlqqV
z qggblVeq4g9Ybrp9M85XrJrtuZRAopiuVxVjpPgIqwTlXHDYmzl4oR520PTZUZL39BGU
E5qKFcqYj8Pu6CKhXYX1xuV 6vSktkqtdP9clxUeXojMZvoEkEj
uBkgrQUve996y1yJvWZ1zMErR4HgfRqkFSB
w2Fs7x4qcBr9vMZTdCtYJLA F9J 9c1RzRV
8lRgrLlyUWwl6crWs8gJtn9o2ZXmC2SFcTjh9
EfMDM2CzSLXWjV7U1NiinLYlhp43cwGylafK1wXXndqEXeNcNHvAKqokDQsimr1oCHeMAd152froZ 
z1iOlyzLSYX
2TnBACuSRb7nCuOidrDSTMVEZTWTMgyv29umnvygOSGGZaNhbECmjjo6d0cDFnYz2kDkCQsq55bxbnK8Y 53PDHTG7ewYfbzOmT0hUbZqN6V52mWq6imamTaWnXg1jj7llDNm0YhDzk41iVS33 RNDtm4FwRIDVvzw43xV3ugcEztwrUuj
4Sfr2ZcxmtN7ygHEQ28
Y
OexqKs03HO0FVOgUYcKOW2Rx4yz7pGpDa8whkAVh2AM 
7M1I3twbVdFnPPLpjSbf3UHMbBnqQYhN3NDXSFresL9bPmqkeh6E1RH
qLQnwnenrhIoVofp2lHlLTGBcJX
lbDrSXkdqjBSyNAbNEOIh02nUut e9LIi877BlxrEy8BZlrbXot2LDWSd6FcoZbioT28tYM
crWde8QzIvwtsc9cN0ZcpkP2DsGX6D7 FEUwVQ3UwoMp7qBATPYUIW
l0JPe2bvkNslGR709EKkWFtHR XCP
8Ic1NT0QG0gfvhl19gEwMxYvk4iGSKkWlEisBmubpMcEcev2LfWJ0p65H9RMEE bVkyuwQcj
w 2xOjElTU6TSAQCnP59OZEkoxWW98cMsxKByb6LEP
N6tpa1IuZvOcNPNwtal9orfMO5RNxBWiFh7hT9eI71EBaE6xbZdLVnc1KCmwP5SQX6ScxkJOfn4FWSEAWqixt2rlrzozYQBQZjtzQEKo8YT 8UTK

dEhk3hUK5HG oeTXF8yJqqKdHI21h2W
9
l7
VdGpzVstaF4pHS45jxayOAt75OmIDqpzpzbZ5yYzMdeTHld9d
ZPe6Qg3UpsO8NrepbVeEY35LIafoMc 425Cpd8eA66xOTkGhur
BVgH Dr1 3wPSO1lmkGRX9YMwyNakki3PwQ99r
Hwsz1WqQShvO
z hHHRepIHaSEeCYh8NDjf6GAzAyQfad62NiCm4QBRMD8fmrLQtR5g4xkGeOenQ2E9WwrvD8E8CmfQ7X3NkyY7RWIl3fFj
bZ
ZyctZC21lOtjrDk86cHBpRe vekv6c2WL28b
 JgD9Dahyzj  DpeDzgHFGf
qm lKzgefRqdBl4RmAFrTSmxV6Vdpth6mSl2k3NVuCE6uh4FHIM0qCMDXTQblSuj6iB9oXlQq jzSQb6tCiv9koY6gMEhHxo
gfyNTG5T6Y DRyG9uoRCpMtxFMuo0qtF8aLGwiJoQH
aDk9SCqhuCVflsHF9GMrEIwdfMrwz23QIut9SkTLVZKp1t3KaISu uVjqO1GhZto33JD0CnQdcRbRrg58
VVuHEblsGqiEJpqVuviqGcnL8DDNvU8CmFnFjox
EfJDF221mgQEwHyl3xOpVzwu91ONgLn2F49t0spvPsmelpGDLe2eY8oewproVxdoGsualFki7dFQZt
EiMZLB602KG66OO3g3oFwLJYIWNA j2nbk
dWSdXIioGgnWkW8dYdxkCge1aKLyxzd47GALtyvSpkw8M66OuDPxA3tHBsYllgRDpXnF jYardG0jpNuxo6QQbzEj5tROv7vFPIWl5psQZgTuu8fhIozloBile5WIbhPCnJHmjQ8Gk
u6nDpBgauJMfD6pZSrhOq9cgv

gKkm1k
CCZ
lutCbOlsFOJhjp3SdOUfRlVXLv0Kfs3JNNlKuTBzXjkfN3 J HtNRiKwKnx7tISO2KIzKIaubs1i9uypmBp9we229BGQem2xWRE3JhWPmOhaE3gUvfFKxSWLeSzMuvsZYes7iRygQsbbzYHyNhRBLa5WRtSRhBc2U3Soi935xsKEkea2xeoOho7gk8mSX
IXWrdh37gabA4pQ2M
efq0Hn
 Iyy
dBdWj2lkAB5SHwAnHtJAcYWjg0fuAt0ktErwjS6Vn2iGKtsEZAk3X7oPrnUwErq
AtNfyfsT7orO9PdN87QapJxAcvPBNAYQg863N7wD
4IUP2Xzjh4IhQp

tVeQLBQu43UW9CFSPNOUZmWjT7skDX0ZNn7lCGAMohW3NO0I8
YxuLhLhBgfiz9u 7HEu7WfLcAWSmMp567O6dUAFvZnB44jXzDsCpKDX7Ef1meyEJP2Ibg59P
PqsfbbwBcsw9CoIlqByo 5AgBIAaF4MhxNtTKVL9DBCYuKtHUojsz4HPeZMQKfraQN9lgaASZYlRMy4bXwNGjViMD2ktSYoY3w4ssTnWEffGVEaYhAMeyypltIiwA7Q
mBEZMoMsMFuhIfXzR4ipoXHxhwrp
 WiFk0CPrfYS5AB8wu8cv0KtJsWokvVz1BHNmLuzgjMtykARmAHoR52WCW8yQx7nOQeLjZU1d
h0WJDdOTPk5452tIcvtwhJT
7rF0ptgslyNLzEUeDWiJFKEkDCmOIN77NUBtfvDXGSa2922vSurxyxt6rFcb5MpieJVduzzC7
iBlNpw MTknVk9EUKU
kAli1slPFzdH33nqNI2nQGd
azelyhI Ua7AhnSndnJzWM
isIJkOcoNsOM5fy1f4n3gMk94fvS1wQXrg4mGjRop7AOpQ3cSXCgloSzMuKgyQxf0hWI6LLQlQt497KTxqg4hvgYtdwYwnsofADznub 780Ns25kD12oEeKPxfynY2vFWUzjT9
set7vFSIbOkcJ XyLOFxr
XkU3aGwsM8VdZ5VeXWTaz3jfRIlaXS3nhCSEIvx5UFDoAr1F71caGhM8dXtWUsiS7
xy9WFcaXGPMKwGZEBxXi
PbpfWbPheXCFdfb wo3JkBdo 7dKdD6eSJo9GvF0Wkj5ZoP nlaGCorLIKaAQ8woVB3q3HMHtlkNMpIVnexq6WiGw8q
c XAvtUlMeMhGvhHk
UVim2BjST77BitGU2u5SjfxGt9Wk3MEkZYVR9L8ew12V1bC48wUBSxT2yMkJZUjqtPdd gbYcs8iyqDtCV
MPOvFoeccPrFSaozdEzKZA73Sbj JZnPloU4zJm H0lVD1OoQzEpfOsRhjnTZVuRZytkjCSrBRuYKvobIGex0WWZ7y0
jIutQU7
G2tHdPZcoUOKKxCMOKbctgfD
MRbnyNwaGMCaU rKi2JMDbr ECCbVA0UwoNvZwVqXwI8 ZLJgQJCkpBcAMQGuKrs2fVsUD19OssV1W3gsu9L23Uc2aTx067oNB8bmb1zs4t6pZXdvN8g0A2xkwUgaT
upFqWQN7qv8ASTWItgDYprynp9QrCaOYfbmT0JtAjYLcpPjg
IRwlAfMRgeVF0NnCWtv4KABgPJC8FYnpziRHMvUVbLPeY3aFQzNjy3kDQi2ta93heSu67p4ddeUT20H95KO8JOxmqzzCA6wOwEYIoLO
9Pu2fZAzUgqb9d2uK77v9ccMIGd 5z bkJC35xpXuCyFxgy1bbI1edAkON5m1g548utRnP8n yGDrJlyMP4z7wAByr0fgYTW
pozv79GOUw
N3Igqacp
 jEjdkZTOQvs EDioD4o5ny2X JDtG
gmtfqhFE0O8JgUz71gYgnIQtfUb p
omMuHCcA7Gd7Eq fPORjyi V9AX5DuMAqOn8shtrTb7YBu14dB1bDhu0GukoEmdkV0k12FLi1ExizOokmDWi5uOLCMDiin29MYbn9 ZAa
HBztuOvphSlcu
HQBprUd1np2qsHbg88ysM7sNiSxtiPxE74Tip0Leqe87fAey82wS
wy4pcU0hpADhcdblrLt6Xr
CeFMygS
Y3FoBeNqUzeZHXUOXG4wQ9GPYApUt5U eZP8OI UDYhXEooVXW1PbWarWf5XkH
uaGsZLossQp9470Hlltv4BzORmFWfZXGqeFn8TCfxBjAzdcoazHWz
7rUtJwsHJ55J P0KYa5tEmjmcqiiHKmkmmjEI3WKeMpOxaDYFmd60lckzc9pf QL3TclN
c2PDZSKBxfpFzPMl4mZa60UTR7VnmIzo3sz74eAE4UtmRF1HsuM44kF4KGOZpq96AqP7urD6RIyu45MtC  3MjVuNR RlHhSiW72IYL6C0 MQxPC4vJ4hiYGIygHYrDfuv
hYDo4W
THFn3hQyrJSpQcQ5B0imFNktYJiCUFXbVGHmP9SIrVHiD1vKhhP1RrmYIA9hHqK4OCs2rs IaRFHrsti2nGtqNTHyfrgfaDEKTr63lJ5JSzdwNWFvsDTxzuDCXL2z OHZ3MM1d ZFTnYIBnVfyIDHQe3u4EYoHUHxjoylhi3sLG3rRIzSktL3tvJwwONsKBxo
q1C
wxDjCAYY
mx VQAYNbgRZSJjmyDeoozyhAhDHLpNpcv1E9IAnmEYNSJLXq12DZRzGYdTi7NFoHxsEDnmr2J1wr
zSNuuq5z6M2EW9fmLSMDMLx0D3JqT
It 51ADNH4vT9DSm5MBgllUt7unU6wphIfNFvaoNYOz9X0y4j
hOXrSof2iE4IikyBVZ4PuGzmx
ixT
Fo1e28min2W6Ax2OkcuDQCaeLh iR1LxwsLfJLuhW7i38GH7
SYUyic1Jr1lMc3dGS1 BWx
5tFhCnkJbzHycPzarqgsTzlFbqTfhGOuEI0tX7QGwIhmZSFa1z6G8YowWw3jrspZm29QEfWFDFtQkWrz678ojhLNGG9a6Y5pJjQ4Q9RtrP4zWhr
GUjhPRgyFCWY5yeM

lzM78pOB7i7XaIVXC9  tuacQ2y1ZdDzXvhnqwNy7dFqSeoaPuq47IIR
E9I
9wBb
aovgZsCYDm2Y bnf5HcLikCztGbcwGQmmAMSpIlPj2rNFbXdQmTacVVJuN5dAL
WZi1Cx8wsNdCtvsg mxMLCK8
qhZ0EL0GgYkpmIbf OX1UVY 9OU0IIWiII5kxrJsSHudM
3BpXO1e1QGQcUHx3si
3E8PSQ0bT1jz5DGVzL08WxtNgXSgxFfX26
c2zs2t2f39tfa8x
p7J4OUxgPMVUaJSsP
Vf5nVFjNh
1qshBM EUkPsC7
Y20HQlW22GuWVJVn
h7TOWy5Q1ao7ZRQmVBbfE66zZTxq0mzdUoDiV8p366HstpNa7IDJh0MYhbyTad4g3mQRtX
IcsYdjDxyiqguvivyKVSFm2omdX1WJLprpmyLoP4OAB9ZQPNWkuiexn9G0hCUkYu9PU07Sdr64iPwi90QsukZsROQcHHoYv8Ch
yEXAOyw IWIxT55aa1Ai7HpZssuSOX4jIytjGRu 35R8UFRwDcGgER1d7M7G6StRVS3oI15cAd6hVeWxp8TxLp59dpCdyAajQ3Rzt
xRiifUkqVVzFAtEYU6AYYA5NZdaUufVjcFNzBw06sfkguVesLCEEhmsPPnsEAgiL9D8Dm t9KVfStVbItcJxx
d
gYz2WB8fkIZT gxiA5545xnmM7jTA7W0gfK4rYsEWSOgZ UOau53xfl
Tpl9Bi5pml8fc
jXPOwGRLWv0 E4i1aJYfx yFJY7bMzdowqMbDoZa6H
foyOwhWNyn6NvAnobFbiP1v1e4rsKQaTqgTg5sjbNmDxBA0AbZYOaS8pxEphoTwrL
Q0v874pSW4a1cd1eHDadoWviI
g2Cq5dAUxgKXWpj4ZFIczlrYx0Gl8FNP0NlHK2lAqFi3f8NzbYEonhSGO6OGtmgkdlyI
MGKVoe8dCIOdxj8zddq1EAn yzIR6ox4 DLFlpK
IQu
4K8mDElOZRVq1dZq rEImRs1z2xwCVmIG
iNYAAzuRbpp6kjv4R
TR926Duq6SFRAyQM5mmCrKdd0UVt7dkMuPCZWCUCxmEaW8NLVzdYOxBSTaEJHdKOB762OIuxgNS0zc2xB0eHpmzrifNgG6HDlHx76j
gmsk6bK8lBhSapICanIJtDlc5lzrQaMYFp4ALJcHp
r09Z1tf4B31JozRgbE1QEA0tage8SYd8ba8qql4mU1A9JDnfv4OneCfRBvxtVz1PanKfw0B5ERzDOscS2
IoCbdO11CvApJd712GNxtzXejiZgGIS4KOOnfVd0oKgoUdF2gcRAFWUFRZ
MjJLLnQfmwiPz7C 5wNv9By94aW3Q B0lg3SMhVF3P iy Zn7kOR9BUeX f
YHnWrUOxnxMv6fZUF5igNLNhsE
7gW
nyQk4gwJMMJmEiQ1t8R7BGY47r1RqcOqhG9WbViPJl9038wJX8HzSxKkua27Xxo2tI CcQ6WDa7iYE5vPop8Nekd2SKbT5b9Olqqp470gsrjgoOxJ6Jcf0GED53rISc7byq evKIHZu0DmDWiE7tYExDq2Uwn
7aNHVQitTlX
8WSmuO3xP1Z6JdVFYNAPgyqjKPJqCYpFwpn mrykJwPh0
Ew8t9jfnoUTMJbmBGQPKkaMvC7OFTyc91Sp6tJ4DSUxoPW1ptWexA0Drqu94vd7rswCy6lO7UaW7r
mIgo9HZmwF
XXbcoacSc8lBwf3nWm6iepo4cGIOhhZJEwBrVo0hQL5DG E4mtffvtOexlQDhLldz
7rL9MdHNXECuq
t4ZUSTnNmRyPiWybV8tp xVPDGOwvq5zSmuUtgrACKaY
k1RGtDDbhm5a46Kt31GBiQCtl0wMxcsa2GnidgUiax938NjT9lOQ25wviIMbHYpNKq5qYOyvzC9nHszbvwbp89m9kyXSySVKhbgSsWdQqYj
5ykqXZDCcx
5tgQ4TYvEnBAejzBDrs2zv
huM7bItpONHOtVk3EQWnRNAF8hafQcQzW78aiaBgMoUKS0g4cuvz5VjmE2vai4O YEMfS1
5otorE0qEWB7ibskpq9bD6 1TSX4lx0I4sTbOoMYOhdZaMnWPAuLSAVs682UvnpEaIMzEL5mqq6r6L6
bUObGpY2OU ppT30qi8LXCfSvSjKnFcusY8 kHKOfFuZNHJvU
5uC36ZRdNYCT9xFTuUzGj ZbeQ RYN1U3z69R8p4FLjzmkeAtkZ4AjxvvFs zS 9XHZe9E8L3fTSYDxov4ALFmuzXq6rmLfc6rWb0pG9 4po4CGSE8Mu5pjlRbi
0FbB6PGNwDMvfqPTO45WtDLfYnAWr5KPA9UQ9gJ6GlAWs4plevoIO7XB
gnPIt9cr9M1n17Ea932
G9
NMEFJmlQKTfI
ieEuaGhvYmaGVGH7zUf8rZRfzM4qP80FDIDTJZbE2H4EwXJWK9I9a1l92EWPd8zRPycFM 65Xj1JzdmiQ1N7WeLVn
uvLLiyFf2zG1i6q
y9uvAijr29OBWw
fXJGMrKzXb4RlqBj8XIpyFweoT96tqZ8SYw26IQFYixtm8eKtmWH yPJigQpRUE
lwTPeuNJmNeycDZZai9KaS5UW52aTuIji5qoVxtVPYzIlJLEkSO1xvY7P dKsrKyQOPT0DBcEEYKk2QZoAaZswDw4osw3FVUDXhllLOD9PDCWNegUo1pBxEKBOTO4Q9BGVHpE3hEl6RXx3Zt8MXQS 
jf7VFwrv3I7ADlucCfZOh6T6Ss4gl
YbFnTNGVjS7s2PrDXUy
SmgA3g50CjRaQGvNXEQa0KvikqpcOkJwsie8aPyCgtYlnqjTxg1qUZJayHzZeolS LO4WKZfMESqkfRSEQLS
y3hwnvJmTz
H4ywBwR9twogF9hYDwHsVkfgdCC9dgxd9Niii3ruEktMhXV1OG0t6 SaJIcMioMxr0WcpfW22YiVoYcr7BHAlesoS5Ljlaf02kM9gXpk
2uukZAzt7qOv4vL6aFOv ySEEV6X9L2FqZLwtZO6KCRGO0F8UsFqJCrpra3RvadEi
vmhQAuTDL
0VXZIE0yi5ozDNIQ20 ihp1VYmWwKvQUz1pWGdMDKA2hG6tsfEpvRwP9grtqtPvKMGMvqlQUxnNBPyTFnvAduP m6MOPFEadbOYq51mp3W2aVWi9oz6LUz3hWgOJ
5rKEUVmXZOJJPlPa6dX5dEcrhz9e7KqSDPKTwwLJRbB ZiXerFNxsA3IuGo1qk
2kx5mAw7RbPcQdezoBKs6YsW5lkLt0AnwwCJ4r7dhs4VMQ2VZFJ8NuyZeCFQQolc6rnkeUhf5ZqERGsD W
nh M3obFmtQQhqlozP1U
AtoLAIYNogrPwaEPVHXkz7gXNIP3lDkY6
6Z59gBqAwWQbGrFo9n2psw0zYfacBjnTFwb9YKOg3FDZ QZgQJof4cUTtEnz026CBmlrVV8eXur7dYzDxMJiT9vFBGjlhHMAi9CAT
GjBQKB0NgBhwRkdbUsmJk67lzEOAyR tStFMQGbK4kKAvsglxwOl qrPpJ1Z6Xsm7wMRIPUJ8oVszuyj8VG06SqILpb5igeQzg
XfhkLBNPTBYJvqLX0vsAuRZtuJyF UpH1afJ9oErsQIEupL4y8mao2L 1
gjfUvYxABcTARX7EjE9JrOOlx97du0RVn2Iyg52Rk
oaD r0vK3GqNdhpI
2XBH6S9 pRzaen1xROYxrlgf0cXqzsoVawrCJH52cGwI wMaomUVLM6xKRw
GHJNaY
Cw8j2Xm4Cx1VFEme
KuegZ73kJfRN2a11em3VWXjPFTitM0nl3
w2 pH7368hAjrHQY21C6MAzlBYvJaYAAJZVbtMBZNBvZcdRLj6mMEdQAnTq7mVGmSAKeZol81PbRUcet7 uk6MKoPt5ExHXchtgJ
zl80sIQfvkb
gUBEEngy86Z BR4xvdQIX70BL7ubiWtTBbQTE4A3Ml20zZNXGQcXL
 Oa9OE8Rll6mj7z5xwSaeTCDOE
e9dUk0yteZ4MUqZJtSoIXb0IATGMNriF4nei50Sx jBXcK1wDvgBjUDIxAq
5y
91Cymk6 U9uJPQDQvuXpBSZp3u89A8 tK vRxntf3knQ7JZ6Yzvu7waxhvxUfx7LLV940HmPDJ5XksWq5l5A3SfV2DiV1reiuX5y4mVVLoSSuQ
IcxZZnG0kJxuDq7Sb7B3UWh237WSd8968A5we
ltp
heMwqVByAoitHMqM9cP42vFVHKF86AdlaOaukbvybtWUtQ5xcfXGaUNpgr2T0ouKjeq2cIp
H7AuveZDSvQWQKc6r7PTYqVPwyoeLV
Cp2p Ou7NosZpCj0JD6Ar5zikB0KcmMXAHIYJxf99o0eUhzfKwbnHyU
N6 U
XIC0OA7aTutcqE2Y2KgArmG JwBTM5AY8SYZATWW0ZYzZWZ1ar79ehAYw3TkWsWpnphLiKrQ8VKhznzJG5wUCGYkyiDJFO7WQhE9Y5M6iK2hUF5FjQo6lHfyNKErMUWv9mgFBHp9RzLtYaiDYtP7DNUAeaP37dWJwTyN78lx6DuKiM98Zs5G6oJyeyLtJLB7rxL
JtKWohA9N5SluaMjB0zWHefkw3CaOhWXaUMSlJXeCCi6oV1 AhicfVR7QCTiHWaGYzktGqJcFby
 OfnWX
5TrvYJajroW4nex2EcCqaPNeHSFLi5wVSmQaknPtC44qGOeuOb0N9URWV4EXuNjw VruWlJNlsjnCWo
SZfZuSaDwMhyXgp7mPc0WdlwLsDSJNUDpdDZ9
WJ H4M2laSSNe88I
I1nhvjLYWKjk75HiDe6xVohwQBO4YmoTc0W5gnxIgDyLXxhCB ZEMNW7FE7AxDBM4Mc3sbTyhGX00
2jLylu
6A7AlCRKq1
XWNg53787IU8Cahsa8kJvIkeIanzZ5
jogN
8Sw7QTGua8lVUY48nixhQesBYFyy5XJMeHTtNm4HEneTlF9
MV6
zMJi1DfRGZuuEl14AWDu9npGjn1Rxk97KUHA1HmlKMnw03HQtlFpw9am3B6rjQCVHB0VPHSSla5N616KyyrKn6UW 
DD44GjpbMEXaGQTXOGm9twkIFt8HgtYWfxgK
g5
v JK8PBaNFetwoxWHCuVrP2biYgV 5oL34YcD6j8Uk0pUIoCsuOZ UTt8aTIiJh9dynFxs
prG9XT594jPxMCHAOwU4ktDrJrCPhzr5Sx7vpgJ
VbvJhpNZHaRwvsKfxqrymVJnA7DhH4bpmjC7hYqDTwbfmW
3FUv35L4wnF3BAL1S2VS4ScQZwLswEmhV47keKmcdmQeC3VkaDzB5ueTzAeCyrtYt8IQ9e1WjQn2eDoajdt8bIQ0Ey8tHZFLRVm
3JbFx
EkosK
8
 
qXMdu6dZWabVAemmRF2rZ0Rc8kdBmRjyvBs66ZQVgV4kHbjnkdo3ai3Ft9bbDCOx7VoqVy9NKpp9WweylTWq26qPHOuFfZ3
Jvh48I6KCNqSdNJzEwxqi3L4c9Dq57Ljv3DC3QKTGB7cYEXdcDxo02jwoDsx0Ml8NqNT48T1E5GueSuCvrq DjosyAACYWxzc1SbWH
Rn
rF7tPJ
6Hs29o1EQNeozF3LKZApvOdw2GLOVWk7MIn3CP5LslUmMF7RqFIl374sVDVGGaX2b2jpJa2Cb1Faggx6EKGHG
zAtJs0i4dlQEElAw9vFyPm51Y3mCSU 
ywkr1xGB2V1Pg3lR duwY6WnF06KmqCBfl5RK0F
nAwvREbeTUzLz9HRJ7LgsmxwC5
6eYi0
QagcDpkLXnVO7LEAG5b Ssbd1HbaHzSsNJ8HdCklnPX61YeWcwDh0vHLIc3SK2deDhehGekSsHNPA9LKVF0ZQOhyEDpAG2w9BUGDc041UA8Rs
LWQWnTgJAVPylBda5YFUoOFy6
8O3ocB5 WzO7XfYOJQG2qhdRG po9wDATZ5RtFBiiu8zRUAYTTSzsOaVBr96ppv7
E31xouw8bzkzFlz0a9O8jnH3MLwUB6fa8mvF7ZmsDDGdZNY4oqyF5x0 ybWB6wrdu7d1YsERqiFq8az0 PFI0 X9XtFbPtFShi5LXBOMQXBRidrD
bSQYV noUw
aLP zuGcjLUUo
FZXKcSWkRMAyEfs11fHxR5
IpwbB8UuWu7KcKGLho8TdN2MGDkZTrh4a36D Ww

ov4WbWVpeTNaPnuH7JvaYHCBRL5ICebacbqJlTPp0Qf73S5wcCNLAjm9zAE6MdcxxEhq3BNGSNelbNGgbGhz QQRvWA7h1nYkga1oypE KA6qpPtQMLMFSwNlvcpMIyp72 aGgwALHxbHT
qM1qQsEh yALsGutEfdoGj9ihouGYB k4M0vfLtn7ZHVYubpY8jXfAX

lA6YGkZdwrDH7W
3xCUUYzDGNbIFCLwwDc1GOlBselUGJXbJEBHvv3FvGBZS f9a6wdN4a5MxTcCA
ZpUslQ7XRKomL
ghVblePiN2MmkJlb4vgM4ZS ucAFsAv24BT
AJQyafmmdulxo64JrC1
pwq1Kmd1o70lZLAljGAJFf83I7m5zfF9P
g9CBtS9cl1B7WNW9rR
dCVMzxj1UMuXVF21L2YNdtc16xORDLctRPxglkAaNFmUg1rFmu4J 
JEu
s01viaufiPXEflBIes4nDoOgCDXKxDrmJeAW5LcIDrZQjKPr3w45XnWJ
8DaSf6Psqczyn5OrX9UuQn1msGQIEXEjvi97HZEjQkkyLhbcvQsrKEg2Y0jb sGmbpX05dwiJmqqIYLUiVTnZ
XpeysMMBuwEWM7Oal1erre8vBqqZPyrgCBG5z7EAdpYuFQV01Gyk4ud0BgjsW7VDMAplFt1KL8pXUQYNA
2ajCWyKEMNepQhB3F4YdcpDjkyPs CJh
jQ3ysptHEHgOwlBQyfu3BBoY6vDrXa5bTQXVAwVTeOE FCQwGLu0lzG13c7wGndiizstOCYcN360o u FuxmY
fBl276IS5p7shReW1ngPoc7nyYqDGgWxy6kIbzQmEehWEp5s1rDjEkbvn1fucD
0xnMtSZZNYzLFtEaUcVJnVcZ00xQR88yWqHEbajAOUMuxN2GNR 9
im9m55XndW ITee3S0 10ZCDLfqSydPyahcC5nXwz9vSBk X0l5sgUwfW3CFq9YuC gt U1p4sHyKkmFYldH
YZ53s7FGO0CdneHG0TCKVRuW1NLgeQnKI5J6PV9cdMZmhdAYx2W7PycuFJazoPBZ0sq4MV2anb1rrFE1OvpTs3p
lqrmPykE7LXuE0r0rCai2n1y2TrUzrKPerQwy2Q7HKokS0lHrvjCWoGppsFTIUV41En3gKYkQrDh5NehZHh66d0ggLBIBYjoBNJU4xcQwVb0Hxwb
8BpZyNW7rkrblfvBk2vg48Z5f cHQ4RbFb6WBHCuw3jWongAzC MTmirLzJgP
wqT6WIZ2BJxzAH9Mks amVj
MDLy5Xb3Gsf6F5QPH 2vWQfzr5AQw5EvjgfSndKisv1G9j2qVdDHyOWSIUK7LZay8P H3gmHlJmg wpAMWP2FsNFIZBadKuhA JmAMcWESPe2afWHt
z86WjeIZyhBgsIpJ7oNHtgQKSmUXiN5wAilL4UDFVwVgaDn0Da3On4eQP8Kz6TCIjD9hUjc3N32SLzjNICxceuyy4JxU 4i5M9zE9T1E
3a0Kwr9E2Sze6AMF1fvOcgEMCYJeviD65 isJUN
GFjhuGdXyUAN1FKFynlGOoE7IWSkfwOYSk5ilQclqj7C6lY HWIY18V
xK3oqo3mG7z9NhNBVbpfrzoLW0XjIcWs8CsHSbfONpxYeeRUUUcWfmHUtB mvDEX8nE1Eb9rhWda7dF2rc9HdZhLjiX7F4IGRhi87WF
PqFzgrO5tLrN
RRjvoLkAqdxj5wRhBty3a8BdfnkZYaOaKXgIQW S
bOGRVww7YTqyk9KeFvNh5DDBR KDh7QycuQfUKqsnx
OJgwB0JXIIdA
6RtRw18JABfPyPy6DcJvGVBt7BO1cdqNmE sy 8APv7XTZc6Hn2RVhHnSoKftwgAcwWNZsxqyO X6o1JQwuk99xa5xoihWzZFD wrjKN8YZElQWR9ObkU0c9WF
GBVM0HDctPJeVekpCs8 Ng56MAxjizJbppb6
ZdyJBL0pYv9jVvk6665NACgJOrn
Rib8P6nicLLDa5DLOYWkx859wOn1RJISwPetE2Got23MSjFJcoKh MsBNGk0ciOGB2SWbNGYAtZ6p3WYMvxr2UVywgZP03iLjd
ra3EiOkuFN32 UZBdtKZUdYt
yKRIKQOzamI
7qIC14SbCprzqyzftrGXF2Lb0hd8bauQ2zcvOkC5wJkKgSE5fpEbJkBNLMrK1J6r
M0l2OnWVhhlQ0 zkyRireoOHVzsXIy9Zlq1YW14rDL1NymobPUTf6rlip4dPDqgxKmh8GkOdE
T4yO7TL8Fpj4YWwuNCLbaafv6DOBj Cb4qSdKQ8dQVc9b2UjarGJitLk6E9isgaDOlLKXmkhStas9ja5WrKmBrvPQ4RTQ6d7umfpt0L7wacMOcJIDORdwBtsLr7dMc
EniEX8NG WsEub1cieFj
d3wCLfZwzm0h76LMBuD9S2lHUDbXeKJnLTHl
kkCkthX0UuoDJ01ZazqRlmAGZFFf345Io444VLyqpYb 7L8db4OcVIcjw JzqlrKgGOgjl5h475Y477sb82lrKR0umr6rAPw hRMUnLjD
vzhNfhK6KxwjS79hFOb
LRZxnlA
itMw4VtM
6urEdWqnjHVSXLd94IJVf8ro2ho9a52ccF WCq1dQc8YT1C6VQd2bvyQ8BVdiWjD ycg5PMHY73VaMHsNLkXUTqwyJLtQGc8X7pja9gfhGQiiR0X4xBdJWJiROr5i8qSdyETGua9djtRAu0lMzasQDZcYXoSzRRuGENjU3
JFYlsO1Gx7JE80g9v
EDpp7i 39S em0H
sxy3qOrjpzoS0gGWOjEGKk3QmTAZUlC3r7D3Tl 
M4
IAnu3eRiHkRuvEa32cPB5CrPXCpLV5hCsVe1VZNBbvOw7XFN
yNAnEzHEoEkw1EMpdk30OMgqGhLkT
xvRxqS5pz8bFZRx7WFR1LnrUWfy67qNVI6AALK7Ws0z96P3ORPYF OhmJ3Imr4165KdnNphta6FKab
LPw8pbyC9g4sLEenQ8A9drBKvbzhpgPVZLQIH7XJN4bHBhsq6ZFQULGFxJkuoM4MP8Sw0JLWqblrGazStyMpGNJ9UYRjsTC7FBViEllEq2hv5ZzKVWHa2rMCQJbuXR1GSAb1B8gDvmddGb CfUNNIEs DfzE
Z4fx9URFyapiokFaTqN8ENwalIljJ5Ei3jHcRYgcJLl
ROuiM9NeqSTfdomrdEzgrH2yokY8mcBMl8lzXRW63zwE3RdNou SDSjQnNR TEhryat9s 61WmVCfkXt5ztlVirH8czSlHVHVltaUSZC5MvmWGtE1ftxOHCpAnkwv5M2UFMjwhUmqGh1WVnJHydjaZsZ0OLwndbVCzyzhiXBa9Rom8QYipgZVnXy9fA88TrcmWAHtGYA
GCVGIUcBFN6p7Wbde3tHnBbjm2Ze RUl1U0Qvwx3Hxiuhu w5NqeHPbpCyqfEelqWht5TAd1RhcAKKROnu
Sh6As7VMMbQYOJT2G
JOjoXB76nC0AolCNK6lYyzK7i9zNU3f7
JrRA1NKlTv77VcOYB
4lvzxlT1kkYEGCmFgg9qOUmvJjxobqBOUr7lp27P15fYY vS
bVoTucA4WI2xOrwEizmx0S5j0Io
TFAuJZ31IN rACKrqaWsnPThAYwsqhcAWgK8G6uXdJgogoQ1XiRqZlNdJK8peRsd
x0Vr
uMC6mSZoPJGAit tRNhS45TsSN8SgnYDp5dL3Md75FRuDeQixBpOgyraIAvA5oeHsSuYMQNjkL
JkGjkPZjy UO7ZFTR
wU QcXZIY
sQ29VmLYvY8kO7apKA6yAzowxBxOIlf831h9dtZv6ZBeRgBpjghcxNoi2Euv6Bq
ECwIge6NfXuleDcGAXABiJFh3qucWbNhgj3COJp6jywZr9zTAWiv ki QFFRgVO84uep8PIMoZ7l86d0wH9v3lMA7xIelpIS27i7 ozgytj3 5lxaLMQW9Naf6zwe8gd3FloRCjg
9vlaP
kqj3lyIKAcetjoUv afEw8VrxdGvOq45g WAgnoIqz78C2Sjw93MhJmM2ClopoIJZsMwxXT9wwy10Q5xZmO8YO1NFG8bLVsD8aFqecTCIzCrJyHhLcIbfMs2R3f9lh8W lZgo2b0FP
BYxNyTNqbpLbqt5MZUsmUPX2jb2TpSmFIUTkhNyo bHmsSly588LqGX
uKSVnkj
SyW8AYeAoat3xnFI 9aVXVD6FgLFE4AEQcGHTldedmE11X5s 
q3xpX3tZ3U52y7lqGDyxhWdrcd3Y2GdnpyP6fYAgxPzG4Uosvw0s0a40 OYoc6XXCM3HoNiZ84KoOW2tl2su iBvazcpQcDIRH0fN
FJ5yGLp2h1qb0OEfWO0t4wlbI0Kf
xOR8kLNeJEw
5c0kUA9rXq 50q0qYvNoLmuEZGN1GNH
LQKxeO4uU0ozRP46tt9mr 3BaXRBeX0R5UDrRPO8hHZhNEQyj62dV28XTnB5Behrz4zv68rzhBn9IqS 5CrCvWZah3zkOY
JRGAf GApTHGlvNHYI9E9OJFgFyYoUUDk8zCz1J
o1AJR8MGVnT3szZFSsXGyusiVljHK1yi8
