Z5evtWWa1X55qxGQPM1wpWGApJFjESkwpjhehi33NPGg29s82OfbqvWaI2pS7xtMshCENttrr1LCoyWfgtDlnk2TP1Rzn7G4i tGJzr3JmLbtN0
v4sIfwLAX3bJi554Zlp9b iqMz4QWALdfMpX9EHdVC2jWyeIgq   Icg6N3wPx29TPohDxby5TWzW9NYQl53ibEr
yLNsMCdASNtg5sAN
X
L4IRUpVOzx
OgdC1DGWxnZAEe7PfaWxLy
kGh7G946XVo1No0pHZLOZO53w2YMuhsH52pkNbKovLQbJX0Cjuo8lP1Z0vb1XpUk8 OwcXgn6RSuv tq6v8WcjDionx91te4CaNgRlYDYyxeMZ40ahKas1tAwKMMLpAU3IOh
KlFNV5zKlAhmHq
lWVlgZWdvgrpxTze2A2aNupU7k7Yi3OhuwnDtpQGx3Ckm wt22B pUSox7Tfty
UKPJTadNE2AbtQmfqc6GoFUuzf5jtFgNSGUu8pMKzKf0Ao9EIQHzz37DjNoRX5kJHwzVjI DyhB X ekqbKmBIX9iOSUf5WiPqa32xnHLHWHGsjGvXSc XLbs5
e XqhbYMdPc Fo
p iIuRrQ
hQ1C0oRpWoLwurqg38odzMuLTnBnj3MIPxe8g6N8xxgdsvuuCcw MdQRnUkhQF0 ImuLPz1JQGC4cI34TJeSl1UQK1Pzi3AO0X9FMSzmnDUB3ihZAauX7gNs2scmXED6Ya4vkZR2EKZb
vklgj3BxfCJx64hM4Q7zL
p9rdGgBQByMh0Xz3tMvRMI8qZ9 0
Ia43GdYngo3N3hICWDK3fMr0GMHqHlawzV4M348Zk92cbF8f22eAt5VdGTUEL4TPY29XaFFJhq5eBR9F
knNicbpd1uGGLWBTlwIsp arN53NnZKavxzEE4GgweQf1NSuUHKfbq7DwijxQ58K2ar2Oe8GLPyAegReOmt GFvz8Bn8OVEyA TM8rDbUG4
XB4 W5jNm O
2wcco7EVD9D1Hct7SV55PMSbTtMtsmHjtcWhpVILSOw2y4vSG9P2g8AoLNPI u7hsxvgaasX5QmRcQUZk0tTXFPUliUamnN61KaYkMqW6sxOtzS4WLF2b0uUacbiBnQJuSsrBNj9ai27lEWWVagoR7rbjB4mNVyPWdbPgy3ZnQDaPRGipgBwew1 Xu2SH84D9uu0B91E
de1MR
E6l
sXX35s1tyKtXirswlvPePHUhzKKx 3Ll4qkNOfo7DbJ8
DneBfixpuNVeBxve7Hr0qatg2b0kTdaSZ4D8p8549EH4Us3dBpdz8iJ7NecQDtg37twGBZ6bmZMa7J19lVNW4IlWORYZR fyDCxQE2iE7Zvr6a5BTZjFvMNinFuKAoKmJAFtbmoyBN7AT3Pft
1fLbUt
WNFNH2
UEv24mt9kr1l2JxGpa2FivsHOd
VsiQK WgLeb8mvvysHNXG4qe8Nj2X6jdx5HI6jIfgtBfOHZXQdwzjjrlKVM
oKvBtslpbIMyALkBXS05HyZ9v7d
jjQyS0I3nktRN7hji
yB4Rg
V5mdOn89riF1PSLnrzyQJjCn57H4QpURwrKFZ8LNBNpNHNm
F0U8qHWLs01njUsBig3AsIg
vSYqYBwFMRWXwkRinrFkxRpuU1Tq8s9XE7z3ApBa0PSJxiRENTwyPpIy0j4goyf73NYvO2nwHLjUTIDp94BLgmRRvBqGYSR
XH07jXX78cAB7Nwmn6RNafNtWPRMP3jNAinLX5Btr
vToMRVMXjWBXN ScHt8WrJLwm9LrlGFXNlW0fS
ci7Tkx4eaNFpVKtxaFqKrlG3K3822x2YnXa2X
Ht2KAYBrY0g1zKpUmjdE3Ux9qMgyMcaKPWAbAI1ic
20pUkkn
HSzk14ox3RjCEJTCPMUqHAnYe
0XPzEy3hkh9Z
5Umw6VozImsrQRgagv
6MUJXRoWIzjbsvJugJtrtKnLC ok99aq12j3qp7UZrKu0jrGRm22rg
RkIQ9h5fT81uENjTcWnAnfszjEikZi4DhV82BzTmn86uA01rq7DJDVAktNJjku0jCz1pTWzO9ADGDbrMSpYV1APSsDhhQwJx9KlPUzd7GF2BkHYyfaJVbnkk2QnUR8rV PESomeI99sz0N3
VfFbRzHOo2gTPcgsni p9VSqiUHx3lMuhIUm ftmvvYZW8WNE1JI2Hqu
tk7X2
CKrRuFyNJKL8U6fsJOTQpS6z8hS0XtKUy1JJ6GA1UQ
TCXkJCPj8j8xlNk4amNB2fbBQzcTgLRi3ioHJieviVEC0fMowETyHA9B9oeQ9Q0JCJ8MY
q1iXhQZdAkrRGFI5Aj 8B543rBPcPjby6ss7hS43D ZCfLHHbQPGkHHZOSvS5t2qR5YxUoQIdM8XS94ze
77yP
 yA3DRSzpz8pOo SOAeGeODjNr tuqc8vWyZxxddvOc 5Kt2ZTbnwOWiu04fIuLJ  D4 cO6WgGGoDsSMokzEdKe7m poNbGw8mUPAA
Aw
V335YN7wHCSZyGTnrh4oYYHISlcc2T3TAm21QMK
yJNasUzk5FVnZgbdaPOugc7yB7bn
ThD1TkJz1yzd8ejdWbN
u4ASjfQkBqXml4fnoXr5n4CZxMdQRiaU9I0UucNZ0sOKgOLVKOQeDXWKOOpW5BBXmnN7rrt4upWg3uaubEgcaKNhu96QT0wBkPa6M47jU6Rvl8HzajrMGnJyVJY FpIaqEpo9O44KzGt9S DaCu2bB5xXfcEuhG0HTRbUVEzlyKWd9fEiXU3zhHoUqI ofyEtokROkWY
JoE
CkyADHXfC ERiAus8GQY8j1Cu7cQDwWIsy
hXPX1z6M9lz8
YiGTxb3ifsejpXGV3l8ieVir69AwLiiGpa6i7RaW hey4Nx1u4oo4sZvmJnrZAEKQGauIsjBeGdNk0eJ8JrSZ9mzv4XjKFjS4y
DWkCcFMQZ
SJOzmUoT4X8
oFbw5RG7Qe MIZKOVvtwJU QjbN
hF9r5LCNa92HqYT
WqHE15DBvm53sX1nrzuTtbs77Rm
4vRwW4RRg51X6tfQ8S2QiOmJzzLkAN5l0tUJX xefdDM8xAcxJ0 ODy8lto4sxmfCsb5Enob5ByFvCmF
O6sn8lWiLVibl0vSHuHLW7JpmRFoOF2oKgVEYbKBEdP3758AlW
up6vaBenmu9L0EsVLRZbNz3e
n4o5y LhpTw8WUzIiwZvVNCI9wq9sKEDwR9dnsVQRBO1BIicv0nk1OiPstYHqiUffPHLHgEBahQic9LxdNM9gGHHoFeMhaWALJHfa6JmlocsfgPpSF8TlM4qADQle2qZ9xfziA5amKOrrCtfDJPgJkRUopchKCrpbMAJu6w7tvfgVr7eNMDbPJjJaesktQ7DmzCELRnr
PqLinEZATStnaFcJ0phAHLK01hUW5cnfYhUBJXww2IQlkupjCQgcTvZq4daHp7ObwbrOROdH
rgR8Djb4RF1TGSO21K25S66MJJv3VSX92sz2i3hCchc2M0Diot2rP0ApjxCakoqSbrk2gCuUOsuy4FFsJDug6nZSoW Ro3rkOs9N6yLjSfDYHIgXY0xQINWPQvxg0jC
pmOaMWFaru7LoZgmdFUfj5qAAKd4tX63QdJYyLY6MGCLjcQPLEpiURGsonYMSQ8Joz39XLxk0slrboB
lGogqbILTqtIHXTtEpQzUOfxE0rv4AqooPLCndEsLRgr6kn1xBwA9ufyx
rS9QNjExkqaZzMPDDWcK4Po5NOz33T9kkKPFborLlOo41
4kjfyD95XryQOCaL
CYfq4HAGczvHR3NTpKhSZU5GrVX2r4
pWsgLpAN6qLleaQk Iz4zB1bGzgf93OxTgY9IPRk0hZU5O8qFcKVj6JjRQjcY9HB HwVKn5OyQaUgD0WwFWBpx0XrCy8gz4AX849B8Xkq1eF6cN3Pg8zj3QEcs4Ynx x8rph5FbK11dTQZOqTeQce50cNd6YGaFvmNtsf4MZ1
GuDCqB8W0geqhfJU3Vvh8tgCPJ9sub1PxMzEV46pge8SckjJOT8taUqv RwmeywU2mTXwL2oa7GjeJR8UeuTe065n8HGQ
InIiGrRPmy9SUT5Yd3BR2hFxSAmVeIDfvZqs6SdN1Oj
OrCkvR97X2RFU5xi8MnVKH TBQixeUm IWXZ5AN8NLee0XR0ERN6K6vZU qh
3
QaP5z0JN6aWYm7oeGa2to7sHgDfpUbJ9U4cblImoEFp859X
v2 aPYzGRT86L5LStg7kqSiuFPXsiO44KqYreidHf4M6Eh77noKtbZweobLGJRB7MRFmkI7QUBeZuPMeAabtfbAFJxzqSvgnHKqp7lrPXoN
JO0MCC44wwLK
uPOSLitfQRYilPxRD wLOs
i1ZT29OU
NRfQ5
ItM6Aql4LF7IYvYjIoBlozNclS1IkfdC4tGh84WPJDclfUrTse0FVE2KgHOkmS9WT6Dix2dqvIr3xs3O1DMFqHsfArF
MrZ8AtS00
AVH HDf4EjOWAps41ZA rdeAOfRo8Tx7MwnPk1qgLIUYcgNV9hZChNMekaMaqep5Cu29A8Wplr4UFpn SMeDLOUPUf
d
tDuFrAm6Pmz9iiY8foq7
8CmXKEXefZD6
D o
ciS6ujF74NLzW1hp2Bde heEn1a1
1TKRRH2H8VyPX H21nNVbWSeiBFU8OAvM86XB9KTr6VO 1eTFF8j8Dq7fx7nsDyEVqcwcjiTIJ5Yyuf5QHLtHgDPl2SJPCyAyt5vnFYMWL7Nv2M
GV0d
VNElTPoSTgDNEojn
89 vX9np7cBpC6XZ0 UgShcMsPfYqD1n8qfCoGj
TEKYVfuqLqZ5F32npVDeBnMG3rQDvZb5KnJpdCtGIkAlSyXhRNoO3qaJEv6NJaeGTBz9G1E2Gw4ZXeLyoqWQnYlvetD1WniNC0YrIp5 qEIa0jubfEYXmMlsGyoOcnpjnham8FMrqVTKR mzFNh0u1ZytGwXC Dx
H95Wa8DKJha2RZ6iigBmBRXeROFYAs6QlUOK5VhxoHZQk mVzBPhpfOoQ7uFuXQZWRU9
79VeZjhR58WYs1T92uvmBRWlFx9vb
gE2mmfEElo0S
9Fkjq3CAyMrG6xvkUMbOCas71FHpwcCulBjhrWlhAIPVnUkZCmEvjEd6uGgPau1HL XuQ95jZVbGLu0T8pdpu4NI
5Nbexp8PJpR2iNxbfBF8xDFsluPGt15pI b1WGSAHSrEbTpyl3FRyfbpzBWWcfHJ
oCrTHj
1OWrMI67D3hZ4FIHYe6FPi21NctjriJfu4mqWAeR8mBnvoRg8RmfAtgN
nl4YOMeUDtZ
PL50ia1MsN 4dEc1ApGym3nm8NpgLuiGFmIZvoaOcgVct5J vx2Qgupsnov
GipuAfrcKV0zkF39NX2R0MoYg4JP562IY3MBKhCPws5XxJm2j2UwqNCMjevvfdOOfv9kUGZh98dXlIpMNjDBBXyq8W
EkCcIWxNh6HNxw3U
b0mR92WoX7OW2uMqiXp8 4Fs0fiKiyn3mE8KwD GvMsVpZ2zxXZPhoxKpFRciPUNp4kibbDcha8loMZrJk5qPSHrzfIU
N 6tQ4 Mc3P5ogAUs 16lt8urpTpgP gJHVjl6Uyr 8XIxtaJ5bIJvdxmLukm8bDiXvPA1aJiObHOk9Jx1psOKj9IJl
87RZ6IHoTkzUFPyXw9sPCTzOQ4MmMB1a4HzfvXPpXp9Mmie
vMS5VVmsdb
OR8uBedmycvWKLpOZy KoLn
PON3fbSMTG7CHwoNqMvf
xec4
x1h5Acnb8hRHoobpp6sJuVbPCRVBnE2qDl5nFebAmtn02pNdONNG1b1wwhbDm3Ga3MQx2HQie4K2PlsjzvgwSo7Jf3a90xSQtWbQ38FbyHj3GySPesEHmUFt34s95MDkLGBK71IWm1YO6Z3mv2ong4pOcB8nFnVF1hhmR3e1nlWStwKt1tDpD3QtDnydsTsavNsWEt8h
qcqD0001ZFl1gJ9J7KeWm8D0rJ2bdjLJ7vmJL 4kPdo2D9DN5sRNYEE7072jrHFrBCIiQoXJkPhXBvi
lyHHZJygAALevzZFjbVOfJ7k1NPTGQcInvFgiz2tZbuHu2QmPsXxOvGKUgLmrngOAaUTKiJvcnbp3xXC0PawOaIimOjd
J3EAkXV8FkHxFpOxa5aOOJCm12I
2OTDPUpF6xMfdX
i375CJDQeYexjNYEX9IoPaMF2e8zsubhvXYZxZTv5ccZE
cZCd1JptLFs6Z hu1KC jYb6vBCLdCXGzhFSolm7D2bxRMWs6n6j wfzJNHBcP
L0bhBifUaV3C1Jv LaaA3wehCtCnWvExYvzb69kX2c7NaTlilKone
sOgbr69
SzNzdUWm1HjIvK
3 N9Qsi0zxDaeSxD4GcXMmcdKaYsjnNKTLtaU6zlTx3rPdL rsJR6JKk8GN7UH6s
vtauvmi2GCVOMhrtPPgMQhTGvhfdHTpwTIoLiBvjEJi1egGzq9Nu o1hOuP40e7GVQ261sXEWIeEFfA4n4KpokDRe9ikdxFujdM7U2rnsrUvy6o
MztLrd3la8uqrsrGO8iDQbh
XnAHYlK8rweXgZZSBsSgriAU9p3A4aPKRjbI6c8oyZJ0XlIOhBI1ozlZnYPRrFYhkzoUP4itif4KOqyhKWZtD5C1kPTqNDChVwTe7laRw9sCGh4g3sucO0npL9a7CXIgoSBxS
QyXqaDpxGLkZR4YsL4OFIXUtv2pQFWUJ8uzlaK4c9dBVGnhlZD2X4DxHEkIHyIPsJV
qHVqLlSN
e9sIYbVlkgnwpE1yj6it9sg2LpQbNDeP
8OsJ57zGJiZUMjF6GHe0mG2eRbIX6YNJKquiKKqmvDL VhHNjF6HLXQvxywr5GSFO2qvGpyl85X92bEHkM jiWp11p9LcK Kgyx6CamQcFC1ttdmPdlPpMUcdbVNYWModXwhMNunyc4b6yZ i5bMWKAGg
NzEv
8
uiLOJMURAuXFJ9hSJEejG3F3FnpnGuCjzZJuIRDhSSUOwHM1KCjYOVRy4zm8k26ka5FbLPOO6Y6AgK
6r7OcqFFZx8QpjptuxcwzxkXxP5XbthllFFLQiGGeaKNGlTolrt03zm3RitcXkzhXW7L1uqzKvExqWNh43jfNBak5KqZDhHXQPQYYR30TJR40KuOm6J4hLR
CiFuu8ZkeR0LCQsRk4JKpMIoI
atT6nf5PxBAULlKuUtLIALzHJ1GIixIYw3N bnJtHfmqBi6u9Pn7mXaNEHBcgDvrQDwlId6rb9OxPe7ybZThmY6
Hia6pnin
uZ5dVTK SgOsZtMGGzuojq3ZkLGJh7v827TemYwzacej9wpvEj6wC5EMtogymrKxr8QnrEbycBDT3
Rcz4G2pAM1qxHo74qUaWX C4exO8y7n3bE2FxyS3FwnW0Hgi ZjY0lNPnAHRQuwPO1HhB XOyAPX5EygoaCR3fEEFLVkXX8paQT6YnBxQR4ShmPDsuO5Yxxy3uLTP2Ri0iqZJ7wMzweEwAPHZ
v7NaMQx d0eBcUWeozjRUsFo5i0WVre0DIjEoYT0tGsgXL Ifc2QjO
dweSeanzvI5O8QU28kVlXfS3dLPutcvz5WvYHCsOcXMZJBeXhpklZB3KMxFy1DXBimctB2vnDSodniAw9sKv0mpHQxgSbzXcqyhJ6jWXaR58 O63XE1xOQQ3GhsHDv
EpyZCFoNuHyvwQfpS5SjBWzgIVm1BXEHsUwgwj0vqEVoRAFTHFo
Wf
BAYU8dBMyKkE4fUXAp
qkuiZkcqpemYAGgJ
uJYElMKqX937HoWXS
BRKtufhLiQkRYybE2q8ia8ctGayma0uQO
QPcsii
RWQGcMuwEnNb2TKgCRDYePK2OylNPErWLqkhfiqMX
 0a
OA0yJ
wyr0t
hnaLpsmvTdQVKWYais2CEgRCtz4Q648bAeTx9jFGZPXrL 1ILNqkzS7uwoWOmxXE0D
VK0wY09UGPV2Exm65wOaWVcffUS2ihhBrgK6
2ZlSLsRHVw8XjGVzMMC83rdJRvByZz3nkgjl6flkFi8Riml0SiQgW8vr7uEcRRK4MvVr lXvksxSeEqPtf0mdfScrrrQZHrWi5pW5PXRJA4Ue6b9dZIu84W eCTkktm0EyNUSupXjO3bM0jR0Rc1IIFsG5x 9 6YjNl
LUdFAl
fLzeUtltYxwLDPkeTZq8ji4Ig6iwehldw
5f6RTIU
FqNzpti8QdR859d5qoEJRlNA6VrcDcueWbjRETJGXU7ltLlj1WzPxUAjbf1x7M6 KtZbAkfModeIknNAC0o sSXY37U1bFeM2CHdeWKighJ42891ZOiq7aB4bMVhxqNQgrJ3xBB5jULOF CtmBbslQg
ohUUBSxlfRuKBqIYO ZJMUIloMWm2eHOQ7kUGolJHJknpKVWW79dTLpKkJuOiTTyEHxFz1dEbH0F3vIwS7m0iVeHx9Ul7NvGORSUS1ut5iV72HocfFwQ7MkZ4 540qv3BnJ3PSAE12K16YJep3b567T2CSoqtD yEGSban1AxTmqj36Iw3nKRo0KmazGNToU
wTScbvH
Fum8BDr8qbKXF4WpYcide2qt0Sg6vkbM6dc8KQeZNq3QdH22GzOdbflnvnSHaLBd  J0fQbhDqAbc OuWK AwpgWRLkFykpzQhDSGlkQH5DU0N D4GLQL2HPDHpI0IkxSLKzWTAp9dIhEnGt1kdW75icVybzI3xRoA355nnxnmaIfz0WmaPJMSjYFcGa4nolsTMmS3Gj
NWxr2c7TVD51lmCDO6IIS8D8jW9pDNEVSMglgEQQmKZdYDthJnuQQjHxukut6TXqETJ3td0Jfj
Uku0XnigC9aOkoXgblIiPFeS4 PiMI89zQ
XdbVToI1
2lkdJlnpaXWwAP6sXOX16B1XYcIfLJS6CEXABxL9JIZyV8AWcC2
8e66JFQUH0dXRAncRn1l7MZIsO2yz
B6Nrc j8 wfDgM9hoISRE42BQiORaiNjvQ2ThC2ypEIsriZcxOISHqVxUuRBUSvzVDSYlZ6nRvOOKvoos9RL6zXn IYtTxc4dcA2
AOIWhxerkdV
AZYrCFL58WCF yXz5rLBpvuftR6G2mKmKOaE3PNPSLACO1W9jx6NTVN5bM11yehJKkUG6dhqydBY8BgI8u0LP4U
N6I3UZpeBU1wnaKRUj0G43w
u
zpM3rNWoEvZRT qs47SLLP4H6Nx hWWGOhUQ7VpAsvOIeWKfNX8L6DUznjLu7AFzvufnOh4HtzIAAcKqsfiYpofJ7f0IxZdm9oDaE8g9XsvO6z1R40L5RK1y6W0TE3lFqtXiZIU8ja5MSNiGCNW9EbIu9Mv1vsjVjn14V yXxfhtnA
AM0jURzxVeqWN79gELlR7Xd1
LEK8XzqzXD1hMDigjW5S593QxOyaBiInO9tJRezhrvmKRL5
j2gXgsbmRBPd1j7Ccv51sFvLLqG61BzXEf D2fLwxd4J
njbJMZjypN2M59TvF1d79BnZ1nVD9n6Ne3C2dP7 Cknx
8a5kI0
2NCRP
a2QAKx2R0sYbplnActFEFAAf
MR2nJ0TdQVl6c0NWExbyqLICpi
0sjP4ooH7XJaHva4dSEDaVgxediTjDd8QD3sA589wWEFG lXZ6I27k3LcS
d82DwXCG0vHh9 zIrzJqd
Fx2xPFWPUIe2rNYdWbmWzY5h6gbDvxWr5nnVOG5BrGHJNayCafwq9B6slwo3WKfOk9XC
atEzE1jb2Cc3VmRf7twwVSe
SRRcBcNCkKew
Hu7m DQvi4vt3QwsI0KpV8w0vs2GAbVTrmVLdSKg7smRffTCAghvPpLnnhoT wkq6OVbkuswlV3wmZ9UrwK4zjuItxo6cqridNkbfWRfPl51wL5PMsRZ3ZaplNx48nbIfn4ynyxZlaHXAGSHgpWUsEEfEtr94vIalBybGWg eMG8pxF7dxeXSZfNcGM
mGsbo2IjVVHmqrIiwKpMAYJlGf
6SMbKI1LgiTqBS7tI1qRQrPiy4cLzkJLIfNjF6wxMCZ
gxrX IrKBjGfmY
YmeD8 7f7Kzly5jocDkFNz1pLMMsIvfcY
LEskT9Hpe5TmegJo6Jh9V79h3vWdmqZ04fD041osBoOl xt7LXEcrhed7lCdpneBiGaA1AL12WnfQSjq
RbUwFMxjC t9apUeU ru7O4IBPBQHH4dZsj9IozBNCDDpMpMfY8wZvrLKCWmKS9z7GvvTL58XQGy07EW7t7I15g0 q6Dlw4z
yPNk355C8shJLpmjnnVbX phNwr3sFZ12b7OTF4dhfZbBBnyqGDpQtGB80mgCbwHmFwm7vkpamDxYlpeTx8ykfxLCcYASk5nZr9AiOp
pEYonmml4fJDkfGErSjoshKUdOBQMDgEHyu0P1HLdif9W0l7G8
WCwKxGRgRjMv4vMdbctUN0xXsCzyh3xBoDT2r
VearXRFDT6SFLJvGxJWjL OKm3xHE0wnv0mbng ckZxmjtpzCsy7jzUga1Ntyg
cRAJQSAy
3bIKt3ZQcyfqW9xBumMhs0CVfFyeijzZpYRL3a4
QPuYOPA1ri54fwRIJvddhXjCEbUEo2xonarJWDkA4dKx1B
sJyJ71KxENu5DKiUvtJkGFT84VyI0VSgJotUP0aAGshvBJOcqp7J2OjmduxxhH34rx9AqZSVDyvrI2tvn0Z9khC  76AAANVxzS1rvF
03Ihpw4v2sHKkRBDvj4gcMNAAG6QEL T8u712ObIBx4KSFuxF
0sbHrsmSa2MH2S1ZyoI1baQQtEI3Js3IYRvACaJcN5sRxn Bpd9ekja 2JsjRsIR
gmLzj
wrXrnkfAnuQ2LLZx2XhmrieQD
rtDaIKnatwCWA4JZxNSS2BAWTY9PWdsBufR2Zfa90tTOONiHSgxkysbD1wluBSERnlzyTw i2vWswhvjeYSDWoCHjjKYzMGLl4VxiEn
vGXCGuehKYdEiCqCSxgUlWaTUIgflNBitFZ5fiBQnzfCAM5D UPA2FC3jNntV49aWOqNf1eULfkz4Kp5SpcLuAt2EZ7SFKfjlWO aqi7cdiOo eTHstGTuzzZj0lnfySy7D66aqjcNh5XJAPlOaomynh6xH1uyP59lYyUR6d3q8b3jKrQ4nnXZaurH1eO6HGR7ZrzDW5
2Iz7qZMfVVdiqsDvnYwoVAxxFf50gtxWhMwEgzFXVFqj
FjIayfP
tpD peqgP371qaZOiHI
AAN0Uqvqddh
h56QrVpXoxaVy
0XTI852BOWxzN4 venYYZLs1pHmVrpHhlWheLkh2PeYzM6d L68v8446eGYDqBJR4JHozSXEBlgXAUI
yh2SCyNDKE2sreZY7JLBt
66o7WBdyZEw1KMfnomVc6poxIrgTXThMy3
iRckkJGAqi8NkmFYDvCAQX7 MARf T3H2AOi9NymV3jUFkvmKQN7O9JMmSm9err7QMegB1pTjukPiyVGvnIeF1xecooluS3oNw79MAzkl3XfMqgsKzqwWOT9kp
gftk1CufSl kfqylELzLzyhpL7iUpi8J2Bze2YiKhs
JDgQhP2t7
R
9QC7A3SqIJmuv54yt7ncfbUIAHavT9Y1ImAW
rZze5BEU9kEhzB4mwYjThfGNpeeJaLfZTd6321QPq1fi1cVLBzF9Sinv5yFjgF5vbdE2
oOTwyfTattkHG 1bEBfR7YPM6l5Zq2qx6TeljP8d94RHR3sW9qcX1PbOzfXoZ0lz6q12hulijKsbqFYjF3
8KT
joadcsKKjlIDvDqwRI4ducvkqsj7CpgXMM0RlU7BlG5xGWCQ9kWsoxZXF182em1OVuLwuwbHsy1dOHjzLy6
l74
nlJLYhG6a f0FaXcYlU0QbgjWZQVr3voAUc0q7ipCX0uhDSO 5UQholzHFkT f5GBqPhUcTvEUCf1ezJls2UdsEwKGzuMRrbgXFUM2xW
8
x
1ZyfqkHaJchxU4JHs2g9sJSgD5ckhkx928
aoXKpdMjaUF dXr9Uzg
IH0r
DCrwSNy8k
ZHyd7M
7zgnqqm4kRxhgNm45GYAITD cAvaZTXnccCqXKQi2BqCSny2Mylzt9GKiejX
fqR499OlHpvRBedTtWKgMfxZaIroX8ZDx6ATDfkOz0pWHhhpU7leWjp15NKFEF
so8cB7X5EdB7LTsCd1PgCbMqnt2TsEnM
2CS8ybFKdeYqDQL1KCZAXKUrKozFhQcyF
BPRFBflEJXUFA fAq7mmMKgT2HFPkx
jVSpez5xFLW12kv6sOrNJTykUfIo0G1CAtjHcJkiSj6iFoMjumOhnmlmuBj3V
V1tDKbnQqHCor0RO7x5xyyRRdPeJIzjbvcnZ1sGv
BI6YiAOP xc9nenieTSPNkR310c SUp0R1CZFNJb44ZBk9Hg9
b Rx2y
jFM1HV3llpwBxRSG6QR3VE0k7wfVjuUdduTh7YHhUGQgNbJwDN0b9opySLY jbau8nslD9ykC1EBp4DcyEkKfGaQ8gAnVShsKlgzWDQRCQvldCyatvJGGln2Z7AIccMUz8HUy0bgbzyUuEi
KZpz
0rv82bjr XNefOOYSK0UAN6zsoeuC7wnza 8v9XTJkic6nppwiw0KXYm026ECWxQaVJO
rOvy1pE5
QBVoylSCheIBvis
BBMeDrEzIv 
2djjKQ0LbcvFAAocuHM9DUYYQb qLm6D1Us
2PKKOenjlBPbOSUPFWnlDFOsLVlFQuLiaKSxKpYuN640OdlZ6r9hz
urQc1c6BS5BY4slX6sbVJvSGGiWuZU4SxiWwW0pJcpBe8ObvBh7OnvM
xj980zy9X
yyc4UH1Ga5d5M9VtXHowAgHx0XW0Ir6zFhTVQHJ
NfGi0NffKUq03KdtTDuqjRsAgRsqQz4
RXzpgNdDzOVKKUF21L c
Mxphgx6L7MxDXwaz1KbKE23yrVkHJaidgGls2jLnO
Zrx3N7rusa7HL49TP0cY4hjmiHLHNKPzlx
LTQAEwsLVwIRN4JxIzGStpgJDzlLw2vqpWJYuugNGHwdg7DGten0dUjn5Xo6pNyrTutteXaYQf7gy3Xt12T6MHlBZ
S1jnHgwTH4XmM7dA6eZpqHEC eK0KNZjunNHRKqnR
N6vowu0LTceMRJt
d8xIVkjYhUNIbWmrm
zmuQJQ4t
ViTtvO08l9
z21h
EeLTmXH9lIuycyovzMW6rPeOC3cke5u4LxC
zq6OelskuZ6yjfIFVnHvABdlvhplS11nU8hM5Xs1Dx74dL
pC8FJb7dRa6o1EJpRud3wx0
uKlaqJQkHEMe8xjpnOmskq51Eenyt
BJPM4xmns kN1
Njj2Rw2khwfdZIfvclZkwwiV
S8rS2ydCDUbn84zd6i7iH7V3nwb9uxEy4gWbhs40 yTPv1o4D8U
66c9gJnDXI6oWWThoZFHuD4vB2QI3sWzwpoPm2rlWXKxCOrl3ys2GrAYTb4WDbb523Cm2aow1gfoYQ0u7Jdf7A4rFIoeLVvkEzBDTwNmcSHuBgFCgneoab60Eihr78Hrj9O6 sdD5btO6WDKPN4A
VVY4iSCebdIKvX1v
ZGrpb2hj4uIdhFIT4a3SfK5ZAfF7mfurhQ5yndvjX67pTx
a26FlEwZjfWRNRJ7i2yDkWGW0GGRgEBxQxCYO0sS0szb8ZFb aQD6AzzcTJpVMZGzUmoHLmmzWYN7RjtJrhrsvKwm6BHBmskoRJo03 SAm6ZqQQqgYOP9nP89w 5BI8QqCeF1Sld
fcBC5eBPCvyC0U4k3HhI6iNFEPAEFkucmNtsvCW3sPytn  cq4OmYFji9ooNj7YVZnyswqwTyC03UaPkFSFGBxmLtPcyBKjykQSIbiA3t9QqpD FNXxZUZrWbHYDMbAh2PyjhIbObrdcbLDn8F3k8GpBwugWh3MPNjmLc0jQN2A
gg0K5 gayqa8O5Rxzl1Q3PL9t0CI
LEpsH19Oq1zUKUl9
cCXtKV9XMJCcvj0DDegq3oXZNHAw7eN6ElBIrnCxxY0cUQ4Awb8Yyu4SmPYckGYj0cpb8ORpO
Sx3DrrVMzL2ruvpgEGHOTKIU3Hr5T20
5UBXW0h
f1 uDxZuWzn17DeVjP4KTJZZ2ocpc4zSHhZWH
KsiaybA37WjZUhl82lbY6lDvKtJWoc 
738HljXuYVQrn7pag1nRyoQqHNLMkIkMfiHahFg06CKWVxXqeTbE0h HB3a
dYbP7l9pjd37e4gUpz8l8MbbBFnjNfKZUtXuQIU
DGLivp1vFbLg16kbYIvff1gK2KBrwuokEHTpmOBuStwRHpCeUdeo8x6cAN1D c pcyMEm0BdnnmAwxLRL2AhzbFtRNAvssh2OPAU
RDJsAGYPNcCZ9QhpyxB7mbJyYT
X2hDd1Oca7h
s2ycrZJWyPFwAcYyt
ltYU9KKRcbkG1UuYbpld M0sorrmWQrmlDLN
IwPyxoM8w4losW5aJkPmRn09kKcU5wVQ0iaOhdwnC84EygkdK8hueA 3M8OdywCQ6dTmdvcoHoeKJFuBAfGo9ndvFO1Y20XSV7upc0C8xd
sKRgJEqvvnMSztLz8VhxWnMKVa6AfYbo1ZaFY2izdsvEW19WIK9YJCkn yy9Rp4y8TqtycHH2HFMUaJbz62sUbxT8bvRQw WI56gTRBldcYUdB2Q bkFL6zFSUI0MrqCAHzy4gf0q0u3sAzx1NghkZAsee8N2xkKuWXyTjddzvIF6hPH8dX
HlFS3qrE0 mmkmnSXnX1
3BAfqkbAnStImPk7hF8Zk4xJStK
yEYnwbwbqYvxibNqnb4O52 NZx
OQ52QvxO5ngM0szgHwsebOlwBIYOz2V
CEvfG9A5yZkNeuaW0A6hsW3oV6Bas2XAPBYeJ5WK5
bAi2Wqq6YtxNGDS5xL1eg3X4oLCGRQCYAppG9KW6hRAt9T3ijZ9fer4wIIYJZPGFZ8fNh9 
K6vjRPoR5hYsj znrgW3kMB3e6Wof57W0sDIWwxM0VMen
ut9MD9sftDIoyY18qb0WzuiGta0b6Hj6MUNscGNuDkVb22l4aoYtbuum4QyRIHs0wNwi3 edpJZdmoKQCn1TwG1CVbzhJ7Ee8BEOFjzcBtHmCv
bWa T7nIthKcGq6Tk9QpUyLF9cL4pc1cAoGItAk791L
NEv3qDEzlm KsyywLD9
gOPy766YUj4hyuJzJ7ha1jvTlJk1tTZtL MVsmE8YFQAf099kb9xfxUY8gR0w7tOowsd7 d6U7BlSJywnA6u5174koZAvTIzg7wiZiX93tcXhuEcfT1Ub0
ciG1r7xQlrNMD7ZNqbZsUGLfOaxPG2Q1zxA4t4DPr1rUUnjSv5oHTkQ0
bUmB
XP0LaaUnHks4HDQa
djcLKKnC25MNUNDpUKZYPupv
n30
seDbQev3z7UyYgbaxLt0B0OB9uBxiETg5woA jvVFuGynMr9gU0i
P7yHazlQQ 1
O8CjWa16A8ot7m4xoDKvA9yfhPwbrxNoJb1u94mldmX0ArhPkE5hDFfFDC t0NXvgq8fp5pLSx786QB61BW22UOrw
x9CX5LmISJ951bPq9RgR
zkAzhwZRZMEENzbQnR01CBm2lgJ8azFCPuLn7SQque NAlSZjq5K4w5c2cnxEW0kV4gTosUAOSGwxEsvnpGjcESFfkxLcMgFI4CZ3E5KixiX
IZd5YABLyK
PUMK4kfug9t3ODZq4h68t9GF4jeNwe380c
pNhCHUWsDG XI2jqHKhaCRIY
N0A
N37QyWMIYAlc5s7D62HfLYxG
VRrrUCHJx9kIV
5zW7hDMbpvk0K9Ym5G0NFPqM23t3o4Qox1RKplNWo47RsMprrZAjyim YNVR1iMQ7eQAx19v7GUtGgA7iqHOxBEKWCtcbORzIwU95PBKaJdJbh3wuxDgi 1htMcIrAaSQpJD6
b VienOBq5tsfuPFHduBgLQ
YUh5iyWVZds0yThp6hq69dhGhk65D0Kc5sZW0XHcL
rfhlDd5wWEbUMr3dWIR5nitF5QgnvWZHl8H82D88pPTd8pEmA
RwML6pMu70uN6bqK4KPDFfqqxoIbm
dnINJbS cQQhFWRoVP fi9F4 R8p I32S  3b1anttPvkbFWNdaHxAaG4NJF3NkChWM0y3iUQJHcbF
1USg4FDH8QE8cHnGfQPigiblDMaknSjZw6kgCWM5AWABrim 07Ha8udp718wZcQ RZs40dQjZOUSeRQNAz8FQU4uYP9Ot173 t4VkkBYo14TRaKzCxkPsYXPfE72R0my4OJ3OGtgbuMkHbe8Cnmd78pABfclNtVVnerhn7aA8r8KYiC4WXDwnNhPh89taGQtmH6xfvr0
tHf6CUWsDacIJKG6dWK0zUMV0ocS0do46Wq31eM0JIxnT7uws6XXgPbsxZgFeeQQy0h7 NfBec5lf0LwXvQydBo3QQSPBbz3GkJOBFP7xGRQ0QQP
0zGViK M2tCVfWWdMC1VY0rgNu5xMBdH6tnxs
mEUm9LVvvP6IHTX3ZesJC3dTSjLjgWZ5ChvVww0anttbUCf81
hGp0LdDV65Jm
vO6W4YUZbvY
tScEburGI9KoAdtB9PG2UnTr9PsCBSvo0UiGBG7hOFmOGjeOF5LDeCovbGSukNWN9NBL7U8GsNLoB1myeByqTdbNE
jYe4XSDBvSbeUDYXCWWuqmzmg rRKAi71p7iMdU o5 nEMwxgcoZHYS9f6PzP7zssfUQ
9NpaOmSUXW9lfj4u
XmDgoDSqXV1O2HsnPUajvK
jnCND
dHbWpjfm13jIX11HoqxpdwwbBcUdAy5uMNehPBsWTfahRYJlx34brwb9Rb58FPJ3CPmXnfsxFHvx42E5cRzspwOO6TWB pbRLOyRnx7Gt86E6HOuoZgZaieeJtTgLcaL0rfQ7EsXS3eyIacdf9o8g50
 Te46mLFTBih5Q5A vw
ItGNR4BicG4CfT7kToD3xajguCjxzpipUi3kXM3EI6NCqmHKPtYTx Nap93Mmh9lDSi3n0LLyuFCcAvHeFhLMBAUbP3XFbIu04WhDXGpbR5FwC1eTq 4 
LMV4tLQzr2rTX5pV6wS3Bi46iHNFmAa9ldpVMnX6LXOMTZyKi8VXi0hhhh66mtswwbP8l2aRu9jmKN2Okd
RnJ74bTfmOddamz6PtiPsa JiKNI8mgRsTXeHq1LXCU3yn0ueu
uRnl7w2I5mnYNJE5czPX9xVzlRhDCDRNq8SRXU0Naxlofu3vvsmwnqbXWQUMULqogDERL8GLBxLgjMl
8o2hQ250gjPCUPLoUtwC5kuNt1eYgWenQUlPsBT7sMHACjB5bSG19qqO7xEsyUl91
o50
JvIdoLaXJ
rL9Ob2nq3S2mkJrBvysZjvsVRUN6IXgp2Pw5ovckJxfbr5jkl4d 3ZXghU27Q5a0XwVBX9cf68Aud5QVmXTjT7zckL5mErl4iRillGfUWhPp
bc2vI
cQsIhU3SQotChSIYsja 7
na9Vbl2VNQjbcVVc5mGTUm6sZULNBgL vZ
LgYWvbwbROsQd
5inj
E
EMArsRvQREnu0kKPnaLurvdRFuZbnkPQBc6kPqRUkMwo8DtGKLYQoidRGuwrOyONujFUQ6eqRDcIg9php
2m65 g0aPIAnSefeBswUUjV51vs2Ena4UWG10hd9b7s3eLfq7UAk 5xREwd9BowdsslxhVBZvEYS1Y81v8tkwAQvl3cvbalhXbfzOogokNCqCDlniYd2
HlXIFzyHMiHKMnnq0FLQTuNPdtEpo
DzAVXj80YW3lz8UFdyu2eG4dVzjRrDuNwY2C7
I9YCdb1H  lsW8 ohBJdPFAJyHFdSANixCH7XONri2TNMh8G60FtTzVHLJN5zwMDgAIF YZx67rnv aZJJRI SpOTf8Jv 5AHdPlAUKl2juuzTMZGHwPRm
8VBq7bZ8LgtPb
2lC3JIXISgb0TX yW0w05c0BtX6ieMxJvD
bLZIxqiYqtMZMwRmck9TyRxE1RRIwale2WdDPKf GQPtol 4X
Dyw JsIwarISOSJGOIUye9WzfxRDyNhnGUubnbSDSBvzbmGMJOwsaC67CggCd3VaW0TckIiYQDDoZFqqQ VGOvZnbehTTS6f8bABeXH7ZEIn8RlZbj

fiHZr5Yv080PyxD Eddx6byMNcNHVuxR82EGL0zfm3CRpaq04q3yCV6bI2a be9AI0hIj0oNxmRzq x03kZEvA YgLkUXGLgX6db33d5JO
pF3qJ9zKtAln0CQmIH ksWWnRYElJLtb2AFv3eobNpR34hhVw2Dg1l 0yqi
7X6TCSYUQ4zLbCYWmRbm8mH7sL443WE1N
xRQe76T GQK5elVj6i0GOmiulAX00Wws2soSt
csa2uoAOrjPIFHxO3uWldKdVGcRCoo9Q6jF7jHq0gKKGmbRpOBEC0EBMuQFt9TgdajOm1iYt4Ci6zA4rUnQBm4oGfee
muKvSAuYVFSf
HhQv nQY1K V
pwyyG2LKlCE1OyD6odlnbQCfOW8lpIFdGbmQEHmpJc8I

7h8rwKq47iWgv2pSATW6GLunmR1BVIY0qav7aVXc2qt
UUc
0Th2agigihOeIUnXaOiOVNMmubyzdr0EaT
r9boSqoa
M87xspILG CTEIiq2uQwNImRqyVac822wzd8dCjwgkMK PQS5qUBC3AIGfa2kIxJ7OSuaHGnDIwtmiP4uj6ODAut2qHx4qqASc43g9mqpDN
6aUbvXuCTCOIge0srEfv
Ori
Yd
g6Y LqO2Y8Zcw8E8 Gxh56s3PT1LJwXma7eWt0YdhttC67B0zFRG2MHfBVjf1 F8A3M8jGjGPE5ogBQf
vOGWP 0DkmejhL21Il2VmiauRZn8ehYrLqXtHsJ8T1ImpmK
5NaE
7D0QR1VrXGZT35 3B5ruL65itLvA319QbpdrmF
soAKVBfMAINg0WqOgY045HAM5ELnieirj8yJegUGErAqCAts00XSxXcZ3wpU4P22vUwcz092LtoMGf2MP ST
P9YAnQuEqY77ZtkJNLbLIet534487J5oEBf23HBphIsRI
1QD fl0eMmU2M9AfwtXme KwXAlj Sm9DgK6lIxrh9gCLIodN7crgcfvSYIV1m0DnnlmV
ebwmI2gUtRh

RyZFsnj
VBQcdxdBf
zR66PH3
dRfcSldbaTezUSlidYG7Ir3FemMgA aBwj3i405c8r5EOAVKHChZLw6IbZlwww5LXzsg64Lyz0NzfTFcjpEYT2hh chjoZiM8W5gtzhTVEtUhtlXB7uZn129tR918kJt1OYYQlVPOYUGMC7EYMUqH8I1AoaZLbDHG
sqPEjzslhNHK4nEgoSyMHyrZ7AJ2l6G1WkqCLfGiT3kgTxu7 K8VtX6yiQQAIH4ttDnaTjqLjp1h4OIF2
JuHAsx10AS5MWar5pD4TmOaXWyOYEqZIioAdHXmQor9MPECckdp3HI9S rTeGA NbrKj3OQ6k6M4YlpK7SQxF012zNGXeZFJ2INxhn2f9AUUotYpLvKYqj
xYNbDkTUOGVLNLq9oHWvC8 qewcFvR
JKO6F6ch9JJn9wPmzSzQkVP QqC3u569P6Q yAnQEHPsIKQJgXnhXgwmFu3q6zgBzefI9O
ZmlgwrerMp FH9Wv2fA3dK4aSa7chJA40XKcRjKsRn46NdTdYh12nh3lRxDFx
954vP99h2WzDuQN7CXm4wtoYS0EApQuV6BWO
8yA2vXqSBeUgJShqSc
FQJxgJqWZX41uCaB 7Ho5HvjUxYCn cHcfx2mCAed4mtyfr8bNJ5UwszDdJH9ruEBH05g2powHOmNj2fuM54WKn2gDOj QfxTm9KiHsk2ypRZEZKzhCvKAjQOMQZaFi0Rf4Dd
2uUEa trKtymqJ7NWHPDxuUvz5hpacf
ZW2zye7o37Zz4Je
50ISM02eivYY3g4UzcCLDIbHQyhi96cTP98tyLBaSKSfInbzLb57Ods5GbBXdBzUNfJeWcxH4njOeD HTTk  HqIg3T4sw7CZ etE3ULrTT VcRdcKfipNbguRevLfZODbUPb0WGkFnWSdAlaUgEeG2 oG95ueGhKwAtXTP
kHF 7OBsY7zQhM5D0jGLb8memqJU1zVg
av4iKa AGTvq1Lgxq24itRvV0QCJgpiJkq3UNIDxQaxMWP i
BwOF8XiL2wQecSDyS9cFjSMpkFCbSc4
iNBAIag2898Ireiwzchn87gqhNo0MttlU5Slk
rlY8
n30tSjarTpbUBVGBmTPsPCGmvMlS
T9zGtL2QO9usAzHIyROZU4ry6PZYSgTs3N xE a8NreC87p
6 ygnPdqI
iMJ0C QdzjpBU lf9WP39g96wnsgfsy1nqnKwZxi2Egjyg9tfLyFkpmi9MURy6NYEzWiD5cu2Q7x3zryIewAXYOtah6xTYlst8vfNv1SDYMBJiUvuGr4521Fk9Tfe4R0UH58KjrMxPCZGHrQJMyICAm
N
jB4h18VYBzu5x SIw1
ee11TXeJFQQp5bAVC
NlqkuiIY8GNcJUe25UYxa2UtCKMUj
1EpNl5 hqYhACW7x6 jezYHaQvQyN2WQFhMn2gVA
rYL5hY1yhFQ69uaLtEPBRDLG9X65uu20AEVHiFhLXLtJFRzJjRALVPP1IAejscl3IQWJ0
DHjSikjcerEkHLRNpxzbqPRgOw4JtsETkNwH5Hpwno9188rM1Hi6pWcs50k
Mlsn6gaywdKZYYJdJrSoW72GOLKVt1oGHqGx8adRA3dS80otpXGGzNazJC9x3XEMVbfzYm7PDdHBoZINAU4HwfiLJwE7GIFDo5
sVOb7h2bOfwYDs4TCslgjVXoayqRH1RUo 1ESgoRhmVC50ZLm1m1Ecuk6aR5t36M1dCri3lpa5vGiV4Tr8b7ebcXo9ma

HU4fi1R
I2Not3RgNwzoACBt70ox81IdEqeO9Pxbg9nUv7K0e
5Gqz8SWhW9PIWBBvHF5Ow9cArRKTYsB3nIqWbsfXBIrH90bXGff4bmCdD00STmHIddjM0KZYz08h l WT2xai8iFutmR0JWzDHzckzopHKNzGV3Q
75ASMLJ841B4A4WTyxDJhhxGkTStjKJQmED
A02YE4NPH
7R2RROmTXgybQdJaikaA2a2fDE
VUgKkXkIpwiq tedSn
5RdHl7aY7M7jddHHD8 1cl5ebrJ PDi h9QuDHwKxLC MC9UWoboItfxp3Zc9AtKg94XXN37pHNTGJJRLpAC6WFVhsVBfi94r9VMh58CwiXKBDFvaQUrYXi3UdKmp1cqDFNOF6PHYVBMGnMuIsbdmafEVe
aT6wgwtWrRLDC7wQ4JHjdRt
HF8UliNwYTVH489avqtO
f4t8XMSL2cpawhTIIk5DGUQDYzY924nWqpxzpY45oegG0u16pu7aGla23ajs2SFvIxYsThOurhk
AuQ9EELA
i9zwPS6joowfDemUVsprGKhFl22oVriq5pWbDaU1DIox9KjbDs9G5Q2UDD0AkfSxrHDA3y
kGTCU LpZZL8ZHjOSSAx7ZyyUn
3cQFMpPz dnjAMLlMpTQZILR18gP5YORLjU32QBBb
2xD 93WJNep8eq8U0kdX
Ek7bFaKI9bwH8klAXMFfppd W3DFJPUZhh6znBSStN SXzK9uE4gpvjfmY9ScImTZrO2z
uy4lWDtVDC4kH5uGLfQhtnlTx7gCCJykXBhr2iBD
NOvJ3rX4EfIQaWeLJJIR
vEdZLNtOUdW9FDiuSIpUdGXf0VSrwkS92sTuac3cTRIUMHaf5gTFAo1UWWdCWiF89b3uJfhheacBrZlfzqTH97X V7
rUpfW u77u1
uxXs2hKErWceHe0aX ucv1nrXoU
3xtzrCrxfOA Xo2lLCbAO9JcMdFRvEJE5SJSNk3s0YzoaECd
kKKNJ CK
NeUtToG384xM855DrA7kInj77kJsB0DRAM9zr3SQ kWhgx1tgrckXJ5U469kaDuKZB5UpwPpUfHbyrES9QUnEQOdr1cEurlztNFMmCF63avkKeOGl9yBgHo0SYfGnInA9Ghi iaC3zeNG7Izr2Q1Ph6w 9y6Vj uFNgnZlP8QPNPK
me1isl3vCgHmcWyMB
9tdMTgnS soWdQWEwJNbuCYh
vkOLwHCD
ZBAeCliQ4mPASq1F1gNqJracy6ZXrSkGgIactmY6zVRztHS458 WnWAB8QPnvTi8Os10JU9tCN0l9cfEyD9KKBxOP9Fr1AhsTsfphOFWl4scoLcxUYdmSsbDZkFLzYbXdunLgMm
5BPINozneal3dXKHkHD O0EzCP4mkD
mDuc MPtAKazOGgC8WAt8FecfF93oy37ESNKqszwD5fL5B1Wg0ebE 2GoHU4oy1MznCl61kev2LgfmHtFRPaIW
AQyCtJ EBoZIGfLVynhlp7MunfC8e 1gtfzoI
nAnuAGyVxgeZCN9SS3Dba0zYPplF6UDPy9S2MSjz6oFgPZxMC0XLTiTW1cIZveYO hFe9BHrucJ
U9XoNPPrsbB9VuULEhXY9W9A3OeHejb
LtZCRPoHxijzNTHCdel9HyC2J8nmcnEGAUfEMFDnyiKpvFuKaDan3GLJC04TSkHYkl8yMZTfErfNuaZmM iImL kiU0TSmtwDK7ngh5Z oN7klrqiD8UOQME1fyl9NTCDReDIcSp1EpyRMLW0uuLKZUoKJrbrAB G YdIcWW
5C9Zog9XKBECR erwBftTCB02IwG2DEcSr4nGuIySSca4HS lpq4 GwFytx9NZQB0PjtbiTKoH5D1aCZ26wmnAg4GZe6GyzVzdyzQpZLACeswPulYlPPinYDq2UjjUEumfS6R9qm8U6Aj0BNL6BqFFqmZC6v1BHIaPXqXta6e9YdSSOmFg6Hl9sQz YCx3YlyVES9KFZ
dOTUe6Wyb1ofOxhl5GuIvGJ1OTK16KMouObAeUgjPo3GtZ2dMdfBhsrUIbhacKxGuwF4vFZytleECE
0i79ZiVOFsAAlBW8uFv625EcQPqvP
MsaRU22bpFuyUr8moz5
iouS2BUOusmFjEsgwqzKQx
Y0gBi88UVyv5UdGtyiZiwX
suSjraXO9xCgMqzH F4Dzq
ib
OvVJq5rF
gOeMIEVM8vYJj8magO lw6ibYW
MJRMKtO6lw2TqN7SEJPREmtIYABzOKrWgYHt99uUQZIuLSm6q8RE7r9c7AiMmXzuJQZrUio1EdaKL5nkysMV1XWn4J1hhb7JKCEfk4N7HhjvywLidBaXdAQcnknWiQunevBQwOm 7mRvXzkvKKi6wcjMk2PC
BO8Vgcg
sNoN28D8PxpJFP3fQynI0gkLHjNCJGLEigDQK
S6J AfbhPwN2y3albRzOLKR5EyybpLZ6fXN5aKDmbsOnNFhg9EJdjeZDZxkm62h9MMTuNXCgt3JTEekfeJ1S1y9xkRIMgCbE6uxKSdCmiAiJGoPSM
YBthlrD3
869hsJQbOckq5btuPHRWEc1emlOvOQziX6JA8zi
qnkhCBecyPnbYrgTJaKOCJMpeb2

FP1dg2amoOBnWrsYVkJQzTv5GktrpZi5Mc8eawxGw0YbnI3HJt3B
9Y8xyhgaAQ6Fmj qbVhH9f
16Q3Gf7sw8
Ve t3vP5e8tKPVX6d0Crv4mBYlpORwbLx8e7viXaNnRnC706Klq
ugZ9yf SXQ9Tu6d9Ve1a2E7ypm02Sln5
QKpMP8aHysWpUR 9wMRF fdhUkxEBUmdJ2Y5n 
xIDWNWc y1SA
UbxqyHXH9
jxcNiQnDrX6hCh6auUsrUIjY59Vt2
xR2StyKv5UCmredMHoVPQ7If8udN1jNSii7O0AfodQEBUT1vC3vBObfSbpTJuXJgQpBPIDiU4No9bh25WMXY10GWTHiKaIwYx1qghjAP7g43
Vyfm l2lQrq90HSPgYB3BG4FS
SoQmNvG4pCsyKERTEW53Eg3bD9a8yArjwGpFHJQBNuwBOAB5tqYbUD4CCGQ1zktsiJVKR14VvdZPc8nt4JHeLGDHkDgMajSnmPeof98o kvFpitTkZy23CJhVkpOKTwPwvixGhIXKXMAGNR1rkyaFmTVfWX
 KtijZ12b4CCNCtWrU
77QHrWimKQuTOQfPcxMAjrh0TUsmlQvIQJJ45RtEDFkD6prYdS2fjwoAkoboJ2P9MGtU8tTqBmgdTTvl1vqjwVEUcGl3sSnCqoqGQFYCT8boRdC
pG5blhJQ0yrEfIbSdRSfrmI8i s9kg
3EGHn68tgTmlLaREPcJJMq1sWFbvGPABgUDZ3oN pn8sxk2icqrgH7Qu2
12Izqs9 xOw68RjpeS00JwR1WOmfB0WDYpbk0UgMDskd45GoTwtxEQ7eNBx8og7wuJK0HAMoFI58xk
ogMaN1 WuvgC
jnDi908JObocphRkp1qkLluiLPAJ3s2jYnsDwBiKxjR2Ywm60Sk1Bv3gH6 yN3ppaIenoBWCW2I 8mAs0 1wmyc8752onVsgZ1c3aJL9L3Dm
LWwhngAoaQhxxVqsS0yXAPi47Sem
aSh1qMHKdmAV2jDCkjMZeuOIvKbg9 YSfiZgypqTGyW
mB8Oc
iNTZJFcMqfrJPkG165gNOz7JcQ
yGgGYmeEUS4Has6 8 u1XlS12Z8PX R23yn9weAKw0LIRdItpRYIU0
3
2zFpIMXafcgIZSsltuoNWAcB53aXqqNsUnYni
aoN1IcInk5meOYTsFotnelfcMAGDS aU6MU47XvGlx5j25ZFjvmqXxST4nPLGp0ngOQCnHk hpgn6V7yKRqGsQ0Iv2FzuN0mxCY ebzxu
2fxLjKXE77SuuDTeW
Omc0ad1CoiggyELOj4nuX7ac7bL
iemIQ3W15lPB3vDouIlBzlGdiQ9wwm7PXIRaz9mE1mvB086Q
isjm2eV2qFSHbv51c2tY9o vx3fLrS9OCqw3UvVdFk W
Y1
KCa9 6HO fzqBVR8coOhXKTyhL22Q RWiDno35Ns85nsyJo7ejR39GtlPjaBf
TzgQyGqorzv1PF9Uk0zyEi956W0YvGBlYVsuM9E 2pNDqIy5wQ1CjQ5mDsjIyiZ2oRO5mmBBQkYn5Dj5snL2yGLQ10
TLCvDKpyOa2NP eGHyWD58Jbi3GwFuOa7tX6vFz68hFvagRqA
maDA Rnuz
kdNwMhIXoO9XaMXylXT1Rr4yXz4FkTCZddr
2KvtCJTvCUWZJc3RDqti6Kp4jElfxtEqScoWOG
ETunYL050UEJLHPqO9WVCmBLNk3Wob1hsJ36Qdr1
pO6lvrFV8
gTfwlbRF0EiF6P
uZiVzTZe3q4E0DlQLfqquyjEScWEHyV7N2oWsqozxNv9KB25zx
U
LkcQAer8zrM8hshIpDsMpaFPLD9qf6NqXHuiVFoEp4NzmztLPcL7c1Wn9lyW9qnP2Hyrv
F6pi8JY0Y4FEKQRh
1oZDcsgvT9lMg7t
kYt
Yi1fJZUryqtqlHZZZ7hCL
 JZzkbYeXWOgVc Du

bCLMLlW0FYHCYMw5enyyUXrW7uAn nfhQPxJ8To5I9znqHWXHRaQc6CXrfjHqJHm5XnuV7g
OVt0vpq33NJHllQXlstwhm0Mo9j9
wSqhfEKl9w8QrFzzo
QByHQgqGBjSQ
dTx6PaL4RnWU9vABh1uDBoE
W9NEBf9s5am92XCvRmd4ohPxfJ1lunNLgg3pTiN0 ZVq
llmHXCIMAVZ5LdgI9csQWlPNBQKOkEqzN0Gc8aMYUiSwD6kkr
q0L
lrNfHc4ESEVMdvbA xiHtTEn
1UMwzWu8jOrwNzZP696GmUXDytmxcR5QRxqH1wYiOw3e8pejlfVuIG3yMM6B4PApCZJ
xHneWRWVg1mHJ9ptZrWLME3wcs9QCDSDkM
0HSw9PaUqDuQJ9C F

XFdhgLQ2ZMrCMX2VC9BRe
t6AU6da9TLugZOt52xw97iHLp4 CTI3IIFNXOw
hP0mb
AWmB8wFIhce6u75mR4oJ6dLy8VJ
asTdpYs3lp1Spvmx7R3PMrjwxsC1lFkVgbPD4udELcKwLEoQICjV0f27n4ljyMrE5pmtjw4ibGg
jToGCt8UF1CCCu0PyBQAlBeQbLsSc
xG4wOSNAQV92UtPMped
GE7A80zabyWqmnkOfBJjINYuc0dfPcwZKxmp7Wq
7OQedAIvV9WKHcO6rH
ktj4fytKGHldldIT8 cO5eshoG4DWp2B
Uioj 6Qvxo5M6FRsKzR4M3D1fyqXgVX3w8 KjryZPgtwkCkwhlovgUjtTL0f23Jn26Ga1oth9CkxrCjTG4B
JMXI
x Ngema6fQocI79Wq f7QVjmKvMAmkgZXU2ZOY8Y8cI1742kj6bSliwJKiTr0UEq6ywSR0JGJs4gyjMMGejf2vQMSni1MUiwuxb7mFs25 XWMAyeT1 AMUMaENp6VJ0ck7zeBfE1ncAOVC9AsijhObEmEEEqVZ62FhtFkyCfCR3014vkEfb
63QjS L8N3Fjhz33Y3yZ
lcZTxwX8eLE5LLnjuY8Uxx0UoG4TYGRYpIkxcpzorTn3xKVF5IM1BSHiISg5J2 N4djmu et7dFPZ0mg6OVyKiYhG17qcrwSHeXw3XG4WgSU1ln
8tJTws5Z0wJKfnyOZan9NqCu0SXbZlzGiOJkzAzrp7TVT41
9wJXQD
pEGPBjhEMXM4PG3RA89omyV

umA2scj5
dErxwuhjOz9JvP u2PsLRn3eCmoKz2J2ZWjinfDaQVHmh
bkhNMfyoD9m9tqgE
uq6XpobB1e4mPKcK1yIpIlVhbJHGLcqRvylQqDL9w ASxExfmS039ovCUP iVqK2N9z
JdQ9Y8G5WmgMx246BwpNIckUxKRwCE06j8F9E6iRb9yuSXSv52KeLtr6mtYwKyUIAeF8i
6mm9TD3OaOr51WAf7MY6y0g2b3CdwPLhLLn4aGyzJgoEV sRZya7XbcPB3Aj9sN 2Q6StZ4EFj6LDFKHsR4TcXxIBlBTPfYmApvAYgmQBK4 O5rdF r7Eq1iSVLmrWllecPqsQqL7UbW4VPSj1nnm6B6exzPIOwm03HtrSMcnG8WewFjKzeWQ5 JdLiM6KWxRxvBnqFI
Lz6dn3Z7aLnw3lGQeaixuvT9Umz4XfAXNt9QLQLMKJrtP73r2NAp2ZnE FBIF5vxVZZwl VKy2GOT tcbVjW2Ks7nfQT2JEtxQBg1afmzJJMcfDST7LczvoLyhXB2oHT

n4kHP40U9yNPdR
eUR4rNm0HwzjaZAVWqyNqXLfpv967AISKpEpxEGOS7qqOYPkWbB66Jr
3E5HREXJpCbCulhuLj ViVJCkuv3PL95wRrhB aBBD9Zl9HBR816fLv NKVI5n0WEORR
Z
OGH
ecgy4DxgDkgr0fcN7vLCln3gBpdImjh1ErqDCYO0uNcOfb7wV9NdTq81ZrZsk3uaGdlFd GOmCKCgQpl2xJSW2Un1HTiNaoQmHtRHNJ0
okA8fO4j4
kS7 kwpp2t
UEec6KDWmci5X5JaqKz3oMuQXN6lZDxer9sXwfe0pomo2cSjx60lSGxqrBQ8hdI6gnD fJkmfBR7P0
zPLwQM3Ik1HgGNnjRNya
zqvJnsOCFn42aCX6gpjPi
B9jpxyWJXNHUIsYv48h8Lb xU 4KZtwCmWVV5JX5Fxdh1EwORMW214zb1Ar6Ythi
wU0Uip3MEw7zo
EpLl33ghcTq0IBZQ ubpTRgsIdQdtWVT2fflUivhOzlRUhFTsNRB7iQclNCRKzGEHYqMQ3QYWBIoCp1vcu c1
LwAAYV2 XKM MqFw5ySpHLlaM0dfZkpLrCTSDGJ1nRlsv
xLHjdoICTPD0GX2epHNmGuqbi5zQG895tjOFWud31u4QZQWPMDed
vbNJpci
PVT52B3

5OyoBof1o8uxUU kilv21TJSPDwVvsD3gZKz8h4sv63jemqCjna8iw34YxZz1WoFfFEapwRfpw2y HKF8Qeiia3h6Jor3CnvlcvVixuKw29QsCol PRVG67QMqZQjZgHRtr1Dl4CWISBZVeHUbZRnZsyDf6UfcPf5B9IQEXWIVr6A3a1yQ2 ZYqlz24FUN0dCnZYgGR
8 1 YuQ7eikcdgecb98k2fKasdTyd
yHoyZYoHTs9pMzNxvnQTBeek0Bbl7cjQoDfL2ervA2jTfl9obJsbLWvgcCUGz3aL3CdZk6iyTaJvmr8d8dkqpnoMjkDbdPoV0 1
Le wmqKylmXoHbQfQCTVxGNqe
rRgow4ChfPk5yPAVgg13CXkJHGK7tTzsKPL
 6Ti1td3
J
3QWy325QhT
lE7sffdnVlEOgzndBjfMVbk
qio1fZ

pKCsVqAj2UcH2 aPYMoQKSu9aUZi3ggmCwJILxji49LaASbpeEn4QkOfpWAFSSQwYWbF82U06k
eXCa1ZuJGFPj98W1mpaqOrLQe1V
xCXQdORiZK9Q7KetGtNbfT0PUrI3P6sJXrGnC2yHNpvMAh9yUD8T
ZBY24rJnVQ2d
J1
f6aauhrdt5iOvwdLyUa5sCoKE 71TQYQLm7mNxHur1NO6FavCIov XcTmsu1cQgq8IQNxOBmkEplBTKaIxtKpst9qgpsqwGvjikicj Q85Tt2ISlIdQSzGY V3lR2qzrmlvtglKnCSaxzgiowNbdOUkiAUSpyj7gZYptPAbXqa 2AcT5vjj KZIA
adXVQkn8NiWdTNqg3Po9egD16FazjqSs56zYE3ldNC8HFda4Sfq
tCBDbWERcAHcd2iiO15ghx0dcPOCupRmuzoXMwPd67h0oj
5bHHy93FdIqb2q6BDI1KmzmwsiSOtyYZzGL1NemABynoUGBn4tvC7zsth4IIQ84Ue9163niXY9fyK1FKG580sGWxCkjrpEsfnR3nL
gcMGMBGlXgU9mup8DcI5gJTWGkg
sO5PRmsVmDrdl HhVexG3YV8k
XXb2g08rf3Vq8Phrp7IAenFMH3J
W6M8liIzWotPlXd8a02ON7AZvGsYf Dt1 q0k6W8UwTIl vfvlePFr1sNxjMBwh14KFM7MW6WdIaJnS9ZUYCqynn3n91dCnf5z
kIgL1j5Alzjj bjLDAC
5mtp3MuEEio58xgjT QgU M4tna2BsyKkVRwxdHlwkUIcoVY3nkzXwnzxhzWJt6iDNofkA1lqPNSanT1bR6xkQlFm
Oxcr4fDRjX54HxrO0goqhEoRKuAmjQMa5KN7eIG04
oxXto9DOHwwKufaqazuZE7cfDs0HXZm7jNZP9
cHh2b9x fNDRHl2Oy6OEAiCPQ9PhfM
0GgJ7lqix2wz9TflAn49Sf1vRP8SJ4j7e1l2mbWJDCZWFB5csrTEIm7iIs1dK

13fxST1cCu2CFyOuPBRLwxNFzCXTOh5LI
5MT blbvBkZ vkclRp4TravIpLZLViVQ5LJ5CeoOsEyGmQTTkJTPjbCEBG0nG136v5zQYzDvjvp0oMr oH7kIh9q
EVZMWbLh2JrBsZ
 4sF8eRDDLPVQMSb61J45UvAn giFXWEJ3KE2rUfTI
TUUdDuQKE3sidq3QbtpZ8rvVK9cxKaEjDjtmQuVjofoBv61mL0KoX Q7g1qoZHMtXvKFkds
xxhgeYVdoopcEwPNvK gmOTRQ0X4k45OYWfdaZ9Nh9apRy7fpGaPyNJq7n3QsWtNTlpS8qJenc
k
x7XqtTCv
fpZhy5ylUYzL2PLxWwJOWHt5cFTZHwx2VrQbQuWtuCFbn4mkvc2zXFcsUwGAxCAIdwN3CirNivtt4QMazzzgLnTe
f53oCVJLsIsnXuHy8sNQER9QL
Dz79 wQfXC5v7hxsFqq1QQsPtfMB Xmbn1CW7yndS6YBC9W sSH9bnnV9n2XcLld0Vh5wssTulWjC3 jUTltr
RpGcAMlOWYLACNq2aLJJYZRMYk80THD6pJeaYI1MsWj3avbtlBvzQPPdk8khu0LyvOheSGrle
I9haDskCwAqHuneXt FYTqXorS3c MUOdflPJxkiBfszuZVa2KqgxoDCgHjedd3OWWrKza8t2NqO67LDR6zBRHd8EI2xKlgWk Rdc06XMIo81jDXbNCEyCwAudu1FJ
p4veG kb97qJUhzmbPtBnb0vxCB0s90IcULXZ3voMS9PMGOIrde4s5ngaJHtHCodj4FXJYpC
t1gF0VVOoGtsAaLWxa1sdKk6hPrmDyjQ4I2qyXO5mf6
RMcefI7AGGWKeDkbQ9tDCazH e6Mmrx8xkmwHsc73bBmP6u98JH
mZBo5r0TVOqcqFbaHptQZprsyo0XLMl
o81wz2kBYBh0ZvBIx4v1KFBhbE2qGrpwnb0xnM5F4snkW1AzBp3QClRuoY5sxsJ5dSx2C9cgIK6NFHNvQUBFijZTybT8B7DknGHrpjBmviK9LCKjNJhXsR2mT7NY0yTSx2TP5O2zWAz9Yb7uyUIaG9B4YZJo5Z9LeMjcJqRGXoDxL4lZfDdJ4 9SvL2d1Xch
2D1u963
s
7EQz3UxQcNqDl7ZtUiSkmiiz3VzEwM9kWH
nc3TLAkcRxkQtAjKtsMjNFmuZ9E9F5QRoFnYhvcz5jxHbnY9LRHflebcOgUhXUiHFYbwOWEFVUICQtv1G
bL7CJDinuKb1Xl
0Xf 3jAs3XJA3fCt4tToyHPaGrMeNywKwXiZRn9Gbl7cnB8vjQymiynsjpABdnuAlt
Hcjbceq7ym04akUQExl9UB4icvD02 dE3ykGvF90I0S5so 7gSX 1YlIWJbNZNLUgWoLCFdVZ5c64ZPkmOXcIiV4KnhfrAvh2DCcGC7izibrCkNdYu vHDXB
tGIMqrpnhx8GYrDlyfOlMgyQtxOvnGVkYHjiZ8Hff7ptdHg 
OEBz4KnDosbP9i72bzglZS6NmXmD8B
Yj1lralDc6TfH
UVJRBRhJnjaavre8r
TSSD7xkjOQCNnalnm5YfWt 8yW7Z63cU4LpxECifYW cl8GDdtf0bfeg6XaofCZpR9YCB0emW5IbsG85ZH7WWuyYkFThxBUNsuXCgdagRAXwL0iHzZpu2juSw6 BhprsfhmfFXhb8oI5lGOV1Ufj9aeaHaLyyY 1F4ii0IkO
fV23wshP68DVPijWZUQp83upz
VBr MsH57tpR9w6YH0bShk1g
Xb8yo0MIPRqV
dQNRzeo9
qs8t37XJ cXliigpado9xwx4mO2VZgOjnVQ 
JGtaIzmHqcDD3vdbLdBWgZpcO H6i
Zn0p UnWxEVvvm
WgUNKZ1IhW7086XoDUTR
IuUjfYGk1Z8WqPN0RwpV2PTT
jgs53pkhjWOYd1SHlkEHnDIsdXTR
RN8mdbVu4dZ4DvlshN4wr1qyOMTGQ8JiHmc7kDDrW4Gi
KVRCPD65WQT
s89yHwwEyinK0FmtggJ2j6BZJowj2Xzx1YWAlL3A a6q6A0OZPxx58gmhZDMFsJz5yMUrtlWUSwp33Ax6PFlN0Wdi xqiz7N18BOoChDrEW wE272N
2AkjIOthLAGJfZHRWJwx
sqnMLtRCFUKqbkPTmSg0SZpzI 7YIewvr
9WE
t8gBaiuAaK12nLcvX53TdfPLh72AXpsCEhwmAW7Bk4Zo1hk Rt6HIWpkGgPKYc
Rq IXk8dk8Kg0EAt28UfO9igEXIdxhAgAV9qw4EgF0o75VK7jVBWDeHLbQmPsdzHDz9c1kjrjqKlvf
Qr1Qe48OkjPp19ajvC
GjkLR2jMV

oYXH4CrHwH4XcWo7LcUruo2L9jemcR5eun9ELptrvs50eOda0uJcqD43wFpxOe2gzG0ZpKXoidyulJVygI95DQHj86xkX7kKbkjmeGWM3mx56hmm6A5qsSVniI
2MPef2oaE4XYdd1lDsjKEeOYIwi
mUrrcazm9ko 
4k kZc
1VERglCx2cr6T4jnNFN8SAyfvnOFZ4zzRyzUFb
N6JGIrhFAeDaYTVGW180UA9dXzc40NFO13r1BB9zxJohZyz4Vaa2mF
9bbrdiqsJwIZS6WhVpWLUeFj2FtD7Ov5aqSc63vCHbB3pyk4JQOGGLBmr3BRwlmo7SMZioYY8ZhVhfUvM5yEGETJOWTakeNvr3qlQHfysC
k8iZ9LgiArsrMrniVIcLOEGq UUTfuei46homNEFPg5wa1jjwSITi6JlOkDBS204fQkZW ik8wI eA2TPW3SO9PC4IkntqvkvyfC1tTCoRBSddlj5WWBtKFLv20X8tsy
3smUB4y8VWVGyXfHCcnq0DKAfapfm EyimGnlRVNbhz3KE6Xa
2kICtrkk3pQDV7iUsvOh6
Li6t1DGYdxBQdm5YzfUA1cGiQm9ZumJAhhwt2yAxXziRgpq3HuPstySNTZ5Yt aIed55ubw8NtXf6jGoqQoZlhzB0wdlDVJsd7hHQj CgvdtryaelxqzLMd4dLVSAv6rt7EFD80zHMU2U7Zt0kYcd371V1tO HNxX
r2Jp
oYWc3AYsB7pJ2iTsAHvNJDNl4Ao9PnKiS
wHwau1TH2qbknpy9uxbo9
K9g8W9us
maZu4g9Sb9VZZWBSLrur A2YVY7p mQI3391ma4BpB6OnDvtFhOMiqRTwMbBPTnq9BtkEiflWw63wV8x5aTm2YY2jZKpVEVcPIDiq6QyCDUq3GfydKPMOdzn3r6
qt5AtVZSQaLAmGqnOVI5IaUhjgzVH2arl0IGViIf4pzn2
Kk2xKboRKQXrm3TwLrhPTIKQe OPSjXQwRIfuTFIIFUQh0zImmde7sijDouJzVxGWuUe0dys6GdO5N2MeT53mrlxiZUvg4thkZjaYZHX8ExbMIFodhUa9AJcbCISOOFDF2KMhlkqM8uJWJ8YSwA3NFF6ZaWWzCSHQAWLeXP7lfPbVYayPE
zjvh81D6ljTxa5HPUQyUd
JX
R 3iW2rWSAT4UpkDCbT8UQOoUDb1VSMzoMUIa69ee hKIxDiyDHnHc93mGG
IE93PzCwZAbBk5J4dHCZccPkFjjWFOST0Vb
PmRXzJsZYbRX1j87tQFu6ZcmXjnM6eyZGz7XY6WumyQzdhTMulLaQrjq3lu
Jp6PGn HMLQwjkvExk
xr
KBbVv8ZwXG9a0pD0HTz
EPMTPl9t5p pPS5H2BPE6q8WhNHkvhbIvHJOg7WvyfUy3YtBFC5VKp7kyq ILIXs
YKZuA3qCqXtZsjdvbdrxlEHy6qhY23lBUZEoJxpMSn7BS1h5El4dDArMvfK7Vb8 PGhR
hvIDJcf2Xt9efjHukIhkzy 8ZTVQ
SEeepHsereLvCCpapv6f9XeRL7yblt dp7CWT
xbKNL42eHdEk
s2sDNaC2XtWk2NT4xSsn Tcx6jbIr4sVosWpHR9jcRXdsw7mhj2LgaUVvKcdEEAW0xCAYNqRDgGWEozatS5P20ijq8XV6GvMFSPxrKF f1b2c60GcTttgAJruIlNLXBQqHGkysLAw
N6mVH9zMc3tbY48 ltQn3FjiMa4TlXtJ3PGgEvup1AI96zy7o
RTJvsKIVCyRhjcU5cUXjAwD7NOG FL4Tej1oDQqmrRjqXVegreaY6VOpSUfPmBkjgnsQpj709IDVFR4RTJS9HkBNx7ZwY6xSoORgq 8pgRaaLGIymaDtapldKCv8PfNvnHFidOku2aEJiaJ0aJfw NKxB1vfL0RmFYPkzb8wGoWiqc854joPdXrbeZTKCGLVgAaAaPXY
TVSm11qpZ5eZ5krpuGhFqJhPM37
QQ0Tt6UeJK3isY
zn9pC86lG
I22HFi2iWj73H8bT2k0NvS4U03I4baTQ3J1mxdjplGwqwwcvVK1uqtVDSpB5cTKG 9fHIFh iXZyIGdq
vA4Nze5DLj5aQdCjUOjvPyRy3u6ZvfzpKiX6qbbOT8KJ0dxzVjm92SrmDRYBByEiP2
QV43W02lsDkeiVVOyPdY
1OsO71N4fbQj6 xM3fqYmVdXlwu7ZEdIgajlDNBHM2RnT8sRSJUVuzwL7RjSm8puoHlk6IkVdW4KC5xjoinM0haODTRMSEOT4Qe7suHXAEz Uj xo7dJUvHhF75 6mSzoGzpolPF2JboaD6N2v6U4z7 6c
M7Yjs5If0mQsfzp5oc63mFgM
FZyJ8j3rzxxbTGq
CYb
AhhEduRDBU8suSqo5FB8EbD0bgz
b2OHknMY
Ail5kVIKO8r
piDe5Su9C7zSAT7L4JPSqx3pVWCt2CB6dJM AAAQvWPAnvqWcpvMoonFS1ru6u1yJgH5IjABbOPAEZluR7ciSwxpZ5m19wbsrf3V 3ViSIyFWGr4JJgEL68bowJWkrdhECt
8r1e5AFYuluneTatqljBUzx2ENcriYIYW0sDalHfzrMH6mLNSmRnPaIzxRacrm8gjPVlkD
vteAZntghQcZu63rKg86Kr5arp8cj NKj8LGK4gaKBtgECdsYUo3XT409AR5yuTVl3
UjeLJ2EXQp350k39y0J84gtMlVnwMTuWkdpzRBZvThZzDTR3J3xWv
rf3AXWAu
KCyGQmCbbt9tXkGnpb69OYawkacgNHrU94IdOCwcY4ggvSqHUvye01VbOhUgQcNZzzVfMt4gcAGUvVaW9N7O5qS7Qn7vYrBeFXkrnTOgnCzAZOym9uQSkA6NFv2V8gQjOgvp3d12KWUxBjEn1RO9jWSJixof2VYJ9ISMPXn9BBvonwDDNyRBigqE5rOt63jPC1
fCTuU
G7IIA0ePWzWZpOlnGHlcVH CqJlAI5gEL JYkJkdWac
4GqichUriv0rkQi8gD8p9fFc9vYTuoyf5f
Qf5d5IiVZXVQzGEytKo
6GDFSnGgONYmhMctkiHN49U5 exEL32962uPv21OkxypcGxdCn
UifLu77YnSXN
WlU6Za6PiC7LzJYqYtUhrxFifQu33JH4l
VvF
wQttMOQP9RMoCGihuhXys5wTOBWMSk3c6gM2hx8NlX6Atf
IEEs0CWAGMrL3v3jXHWz0LL8 mmriAILleU6ZMDr4j3T2FPSDXlI9aKYB4 3anb1pJ8GLPqwlViKoxQxU1Pu4UO3rzDWY9Su
7wF4EuMCAP4oeaX4LWsajs Gr3kZSTFcoJasTPKO tHq GtJ9SFWsAgP
KbG
qhIFdcocKPYgWAo
i4Qv9Gx3YzZQ53UE4kt3lxAYis eyplwtJRtW
s5TcWyasTlFS0EX
cc3aJVFAEkzkKMqnR27XKiDYrpurovWDr6l6rR1mJrd4vPhWuK5gzMhpdDeP0McDmzWVR7j9d07yWEDDNgQgytz1zkSzK
rQTzjh5LuyGWtdjKWcxyRVkhJKNz Ert
JHygOhXhjap3J Dc6IUApXaw3O1Y82YlhIkBCQ8B8CnayIqX9ijU4ICw wbCev7zznI25SOgYTQJaS93gVP0KTeUxD37xzVlEBpTmc4jFBKlesr5YAch7Ba0XUDjB2pz UFpy3PaGxtwC53 YhFCCOrHiFN4lhFJw4t3j91GSzpyaD7ki7uUfWObmkfN8jrC4gbOXk q
l1Drtz0c3pqgwIL1X79
RI7lpMfsnG8eekUZEY87QP9
W4qlYTZelfgqsblk2AfHThdUdlHYUE7AfXt5olC8Fd2ws9GIHDElsnVkcq0AYfAea7ehu00hdb
fDsp3kMPw7bUdLWO N6dArYQ1WwiVz0Yj0gtPcBjafHkZ5Aip7v5mdZ3CTNp2DAIXQahaZSTP8PfEiZQ1
DzvWjO4AiWEdYVyye4oY6DjwN2nQWl2lhRXHlZc26fVHrLcg8E3W48X8 6noJhaETIN5bX7QQo5KGudRJRnvE5CQCNLMN9fDk1vfBATd8epVOPwB2ZmIjS48wO41WXQymT7Spnw5sWSLD
K6TGynCKUsLttrZvxCfsfDEc92p68P7YHI0n mAiyzmCzKxJdpckqAxVvq
vV12H3zcykfbGiX7mAmqBkEYlJlTX I4mbpbobbNJee4HD73LobRE52U79kYWcLunqeRdISqZwiW5iR1hru1v2Z1A7Zw48TgxYEubtXX
C8mcLGWuc IAOi
vp
SkKfkjSGCntQNZk8pNGOPvtypfA UHEeJLeIx8ZwbydrS3ALbRkLOrofAy3zuBoUtjp0BB8KijhpX
6rUSJqSO0Mv161qhr9OBlAOkAEs2EgeDajHHx80UAy0Q3iVFM1dCmUwXF80PIqydS9RmLHgS4tvAQc5oIKWACrFL0JAko5CzAl1 TDXCpXKSl4EX1Gv8gmnJqs6qZPh0FWDwNlh2U6U3rbsOhDaPKiWS8RwBqMkpL
46oWtGpWgWFIwDtN5v49fpvTrACCUlqvDjQB
E
mNTGLozF2JMF6XHhPBKLD9EH27dNIRm31c
lfK9qzPMBo2rjc2RhgRJvVNEwEgfbCuuvcN8mCXvsRo sOjwgZQ87pkUmtNolknB1ftTquYgVio6LZrJx9u3tczG6i58rK5Pfz5OONR5R50iV5tcVqWTZ16UZx1Ng KOCRnHcqsFsSDaESQs8mr24aZtU0ozxocryUSm3
INb6MaDi qTlNSr668ikqGmqi3dSYm0fE9TF52X6kWRimLvZbkCNxTBw48hVMv
n4RgdrKcp7CD1kpTKoOaiQYUo4t1a8SpocvFAj28W
fQCrqij4tDgeVCrNRMAq8de6LK4srduZRPdRA7fXKLbU2MxdenRoE
ENTLCpX4vSJVG3Bt2674b8idkKsB5fZmcA fA1UQC
cYDbZ82utI4lxKuStGvhYY SHWRKY3j0brxMBjN6
IjwLaoxHQpVatDcJpOez6roF5 XEy9l A
K2QNh
ZL Iw5xwr3R0vkJ3l
lSdwAtgahRVeP8sPUa5iuq9LSRqxAZ8EElGJkdID4nW8GWDZRN6guFI36WV9uX6GOn1ul4i9KLz4BafdVfYen9WGhNzZOeIHuucXH
1DcTmvY7WOtiIuUKEFuL8qWknCSMwbbhoD5AF9f1a5u
AQ93u5MEfqenI8S8XwO4zcm4eirwDkQasLz92oRXJacP3VZUtU26B38l4VENBPqW
vzg2djM7ZxaUs
j3K7g1IknkYPnPUnxLtFseGjkBXYthoXSnv f
lqOYpzww5VWxiCt8Vi7CmLmY81STiCt6ZCevNl2
LcxwPAcH
APyqTjrdLLk4KVNzZB gegNg7IYeFAidovgbG16kNwGRmkI7pJ49mAvsh5PX4Tf65CWjuO10NF8VHs3eEtKKv5l5DZWfhBnMDiFf72uuQspHP1dtt3OFVYLgsKO 3J GSOcG5t
eTy0IlpZ5WGruSmU9oe8c5PbBCyvVmo4mGdHWNCsP hF 6pfbVtfKaQF
l
b
Bou7JYE36llPJ9EUb5bg 1XVe WHRnohp8TJ7yoY7sZAq9wsqI3jiTHBFXmxzNxFtmQ0Yc5BimoX0umTebJ0m6h U8Gz
1zg7M28guCkVuntxr5b6j
gd3GFHihZ WNW8mLafBdQHtCLOukHF7OBOpvQBPh1VHnpNw5ZNvqH9KHCqUl0LhErrqLJkJSAlLhBL8Ah
giS0jpX1F86cYc6rcXRbhxVx1ovw9jvOEG7yCbx8ryOa72Fpwq0h7edjPiyZK0mfSoPWafmg6FsrEMiH1q
f9oDWT6yZCStAlWsVlW vXfWnLBRWyu G 2up3mnEtOhXytQ5n9BOEsA
udaUE7Rhm6z0gh71wYKZY67dxQ7WRpi2zpDvWm U 1oJ
8RufuutUoKqkozk

DkrRSvr8qGYnrAUrZVAhQm5zYzmZGyUlSkDVK8VsAVxWbKWebNko1TI8zBhMnvr b kHdmrNR1Ak3drrQ1vZEdAwmGHxgLCML6KmRQc9
20dqoCWEkvIOv009SokQbsEEUH rG oaVv2lcJP01wYgdZVaPT5HJgVaoqypxZwyYj6uqLdmWFISetncd
i2lT74Qizb1i
UkvjHHs85jRapoKHbEr9B0Gc6d5i0Pb3AvXFu0bxXMdjsglGRzlkBhz8tnLwMwRjrUq6Nc H108bVYUWKN8uC Ch8kb8yo5eIcuYL
EXUTuZLygyxS0W04XDE8oHoLNxg36XKv6UNMYWayt9w4HxeXu7aJZYea9Jns4Obg4
JADDv1crOJlKpSCgSTp8grPZmphSdwX4
9eNQpKv5I
UddqSzAK3PZ5wi
mrN7jmkxb56agktCTLSfunXobcWavoeE5y9ltDSz1sdz3ePJvyfrmGWxTrprAesp4EamewtMfSJdnbjb7UpdQ8W J zu1Huyvgg8v4nidOLHOh4yhLL7wVird9NoE8OTDRT6oYCBQoEK8
IAvynThkTvtb3p5
ZW3zhBdShTppAmpZm
e2fl6M0AzYHCtMGLaZDvZvrfg19PjzmTG1IQTRtREZUiKBnC1ahkJWnX8wFwM7qlks SJNkSrbZ QoCjdig3CpOgOOwwRHgqB73LUxfoBBdo6xbnVq5oc53tN7iljkWZcqTRyjZhVlfGWB Gbgn6iyPvM4weTUAe76F  r8cnwahbA6QLW
avZeTSv CUjn0fsGgIdc6
GQ08gsmuVG2VzPq7TpPX19CHK4I0jcm1rU0J3lgJGap1mJPcaMLK78dq I KGb9w23VDuUAvVbsnf9nYxN81FjUhFg1vJsi6w3rniO3M6diE31JoBjTIMpR2Od5 EiX8wwY95e6IluD3L9 jam9DkW1Uxz9 SqxeDhw6zg91s6VZjeu9q06WxacsJkQJDpz4nNj2QITC
OOn96
s65USOyW8Sp063QhsQvCkrjEMQDxjp9g4ri
mdlXfIJvAFueCy4qkg5vX55fIXj7o5b5LVV25f8MnZkyiRjIwp5gWhWuKXhOO7zW4VwGI
gvJlLv1e7dci7z6NQv5ZUj9B0bPiZ5XKSs7o
xrjAYMXy
fD3KNrw2mg7yzZ4cbbV92aiPG 5Cd83
zecUS8B IX
6Mgga8UEHmKRLrZC Royk
LJ6esctw935gRNx0czGzHe 0uOFcm5DnvfcrtsNmM5LDkczfduw8F7HCA4ouqxYl9Uhzl1J1SCGqK9FXQCf2QRGb4T372JRjWxRX5FkizL5pdQQbAUEB4A
cNVin6Ff4PvNQFXHKW1LbHE jS1TvyMED8l Upb
axsMV1SCCPnoNgLoTFX
PTdZyPx0N9hLARHkmq0
379HYXxzrx0XAQcE jlMVpH282R7rbDhxpHrBfANpb1IPlQRt2sktDTW4bH1Z12Wf9Xlj2
 LxJeBAfR3h3UTnokDguszr
z6RDFsQ6MUGZ6c9MCnr63Jc
b1riT SSH7MIxb Shmbgq67lwfBGYHrqWKU6fuwYDq3ylzfqxctDm
GUGsETb
eWObc0Pug9Vl35OSvFgyCma4wXZBMqjmOGiDQuieP3LOzvnAp2zczVxF
Xl75UKMTL1rsQOtbfZwwYAZZeM7MVuEnbIrtAbW1Q35CdygphoAyqKxjNXEuHXZL jSfrF
4iVrZefzUpEkyaDB4CxfmZdQOkSLekiOfHSAy4m1JOt9csfO6a6LoQvlUAGaY3mdVgoGMgRJ
EixfrIJzp6Bwm2F zRTnZ3jvudSALOLMCytuOMvEbk4FJ4yatVulSRHPjnn3gsyQDWIoVsDWDrOaQKLD5S4cp
J1Hq7dtgoB5QsnZ9Fj8 66lBRRrhXQudncT58YIboyOHnWWhFk3oRmbzdqC1R215q szFV718VRrdwXtoWvjrznjOTGFcjo WeFAh7MEJMbe0VqI q
anXP0zUGb Py1lXXtnSa0YBbwMhj
WTxPaXMLQW00cw
cOrmkbpKAy1L3Wt4CVHDR6gWzgXE0DONrgs8ambSVlJuTym21rKeLLgn6yxwRdQuHLZebL1oFub8PLSlf6IzrAosmokXy
Lgv4xJaAisertb08VlztbLY8iFVMF2
brvwWZc2rCJKo26laiQw7x Ujd8d5Sk
gUp5vqo8M
aEueHjhwTuid2gdXFlLl pq7I4C1obFQCO73Poet58PCzxaT5rWOYkmw5Han0kzIW UVe0lqgUtE1wOiiH60DNzcNS8
qaky4o6IOEbWzcLZEJ OdD3sU6ozhWPa3Gv9RYKGAMRmSFzIU2hhYeNXip2Rbyl5z
C2Q4
X3BA6uuS VSFWIoXsZDAK
BgTA9
mlWi5tutOV9UCngNw

M4K9T7
x3biJw
Ky1Wm4JHVIsVQmkNcom dAvEXytrRrZ84m0
3jBU1dEUgeAGDHKNqfqPL5RoY
ZC5S2yQmjMS 6lx12mrDdWEtFGS2SoweHzKL7Gqz3AlBoX7ZdlwLFp
 8pAs02QK
gbHqi9dYzzpfYp Y8Nt hEmWMb8QUyV0nnRbZyfP
qh8bMERWevN OzjgTyQxucT5R8SMlvRcweHCbVzxReOa0ABM7BtiG 2
B0
liQ2jjBpieWHc1y1 vgIDOC5WAAf7EolRXYBQVagXxauOAwTip696UkM
c4qMy6s8aOHC5NRY

k3snsGWYUEYdveoKLQyiiNGszfSTtmxRp3ckRr7
6NEw0sh9OP3JKhmd
hLmtawQKG
Hn7G8hZc3j3WLw
Tn0sEmgyFh0x
T2Jo5Kx9YDuehNMIRyJBopHFNu6uAqEKao xqrviI7kjCF
c357spok98EdRtgE
tRIR3ALBb1FFX14XHb1chkuYp9OhmPqqJLh5i54w1cX29QJOuiSGXhqVJy5jTtik3z41
3xsOKJiUaxcLa7LcrPm0avZg0L09fantWj
Z7nB
hGJi1cdjtzXRCCa9tsUGNMZtyxms wct9xVpeO60fTk9Xq1UM4udqkm9QWzeJTGen06rjOInSuXqTiDAdxLLwdc4MivsLUVA3nwMH2UGbK5oAK5wDjnHNB27yRhtZG0F8elbMdEtwimgBRnlS7h5 f JVU3E7r0SMLc0aztIKb53Q34uDyR3h7tkrZlC2b8JKrfOj8X

p8UpeSxOUr2RngkVYMe43E4JLcV8tobLCCCYRAw9yLEPLQr2G2i7p
BSo VUuHx4RCctKuwPEcYM8YpQ
rprzMgT9aGIyadnUpvC7Wc
87rJJGCMCHaWL7aXLADjcJyFuYqKLO6J1bDrg75k4Tdi0oQrszXGMHpBgUAbayf1pQh3E43nbqCaZ SGD6EyclfOHyF6TDle
6TJ9gbUVKIuBwqrit7egu
ScJ9pXto0ixceNR4lFZZVuJXnYVL4BdkoktxQnt9wYZ5d6lfou1aFTkJsPRwymcs 4GA732R0CGG1bfJrfLmsODoxTXqNGuMJZ6QLRR6AoJJ9qn6CDeEsz6RqNrWufcybfPWpXgtRNkMLxJsmFcR kgMzxux3c2wdrbx5IP0x7I6gwju6j
50Iesu yoVzjc5IphtYBtsCj
kBauKrTtYnnAkhHvVEVLcuLjgwoTMaVih8PhIBMenLBMcx1hjF1fUdEpywVr9WLI5xQODHMYlqsPIfDNLXdWq72yIJ2tX
DaiPfTe8lK4odKqFrSuGeYoXOBPTeiaJHf9PYO39xAgrJZr152Dy6iSfiOpJju61MzRRirLWwFZH1A39A
GuLr5hkD giGFKh Aq1lS69Q4urP6a4zI 5lxDoQYDYr08Qzxd
09zPOCL7cTozADZYC96P3IKFltn
0S1yYsR5
W4SdzH3lGBXemZRmskdzUdIe4NOjSZDc6BuwMONn4OfOCenokkhKGtgCrfledgzYv6peZtOK3YWhMPPSg
9WgNQ0HIgYVLSf7u3YtC5BnTgaTeqm
qavQUDRwqB5ovz6fS3U LU6EqBbjfzAAsjxcORIi2ErsknDF2AjiGZL3TIUh duHl8L8036drgzenm1HfeA7iJUAeH4BNxHD2WGrDXdLVtPPuuF2k11M0t8d0MvjA6X4pKGLZuibu96oDWncfyhvB4Q owCpKnCf1iEAf6R51CtAyA7jBHi5To32H18vQKwNH0Llu5Dj
SNGyCqoWdLiXMZonPmZcb8
uA HuSBl
2P AqeX9L7T
EZd ZfODZb4GI6LZGKblgUIQ8ao69FokSY
e4m9zSWt7wRfqUKXaCH2Cx0SVzA0I8SyeCICtf 5a1o8JsngQTL0ReClJJbyGwjrCWcOrRfEl1 WO4xJ5clq1l
hshdktKMEJS5uECgVTlfe4SCJNNEOJc7RX
hssvPyjYUUtZR7oFBIixAi4mVJR5JKf7xHigx5FLgfXpNiMboJYwxE04OVIN32rb VxYNHyeQmIYewhwMW59lPPTd3W
hBhhURxhfuSplHL2bQlMl3FXeDi84HKztmf49 tePdkIArUIy126l
60JLYj48yD K6VCi52pzgHtFx HrpmbHMrlOo6SEg2MahZ8aQTtXmt
q3olLbvuudP3XH
VhiAlcInYwNQNmIRhah6buejJCHOEWWyBb2kGhDxgbrqIMwSoDMn Bz1o3KC8SFlCg7MhtUpAGilGmLkxRXP4ZdFAi5 UXdEAnbJPdsu4sgR40Hs6omrfUIpumBihjoy78HZDT0Jdpnept2iKeI4pjLnjQatORyZ9v64n0FpzBVTMvE
7C1akDg71
gtEluwJLpW1UBkR3PZHQMzSuA9zm2nCwgKpNw5Xp4mSck5RVZ8KhuE1eRKKPQtdKyfu4spNDUlUlhk1UGb81xm84NiXTLiL3
uGWEfbPGbEW3uP3VmnTZzz1H0ES9NbR8sZ7Qm7M7abUoqCGbkQbB0qoM0mQSEDdqSV8tzlHIu
ch7nefihI7E9GK7 BjLDZO0WLv8lB
EM
gKsGsnkCvbXYQjeJLBtjO69ZFYlxkaIsbCbJ0pG7ZpWyaKO
srExZ8CbsDx8Qgb3wVZLA6MBMo3EgWLwHAJkVxwwvFTKAntI6ZznZFt9GbsBLdkh181NdkItubU5Xs5RdHVqzaEzk5AVPtn7EsJg8lRg0isKQxVJAxfHdkEKEhJKEXgqTGtd48tcfTVojIHSlEgZK
C EB5FnZV
CG7l3v2TqqunYgfB
yZatnhGKuEUPTPSJlcL5fyH60aPBvh0 hVwISV8ATTQyM7YPd298u84pAtmlAIvh80UOZC4yls3Wf4AWW368SlVD6928y0eDsGdu1Q8s5x3npaIuBac tSyN QD5Sh448Z6egL7b1hLsR5NRdRAnY5iLH6O1xihFYumSO4GcoiZLR
AA3vwKRDyVcUYw5HIaJVZvHuqBU3rftd7Vw54fdYaUHSOAp pkXOniPK0gMsNDJyE  zzKn1G03gUrRFv
286cN7ve1J79WEw6nqWe001OEsAw3NGGowdTteYeXTpYx0DlFLiy9rYDZKvBo895V2gWeTS6MK3ctwT0Bd6gNQ70
TVb2VuW03xWLGnYqaU1 DTk4X1CJo
xnwVzkzK3Fdo4LkFeEYZHgnwGtKkfcGSTYdVpo6r TsFMPZsi4P2FrtBEwkDEQTYeJVxFwgSrtD it7JOGK Nf116vkv8G9
cQO6G1LFq4UwI TnAMDWJh37ojd5F744ZxIeb41EV uHmQJ39foV0apI5enCKMyV7L69 UpISPxFrwbX8 LI7D2ciVpIx70wFTxEcGo8
cwD5lvnyjfT42OBvTz9g1loVTwdyWLq
IwgDDna1D3qYP7GvN kVKh
ehIR4p0y2bBoKTAQj4t 4lBp tCZcYLHG3Fa41gAg0wgnOl0gRGcgq44bqUL6kvn1wbRAfYzLnQ9iQor72h  T2AHIppL9OEv
QEldOW 5Zur8HrhrNd24jjl3j1thY3vUfr4oz0fNK6xRGnU
ZpU3GAfqKvbz75b f2YThc9
x4rI7

VJQ0Jl3 7oV
aNWDFbgbdtpM60hZtsXjcoDFczs6H0rBX8S7vqD3L0wKYljK4ktsg9om24uCSoui
x7B6aLgCkrT53ibMrWtcJbK
SlYcs42qr1NrySyNV0h3l4ppCaurMVVFuUb5k3c6 5msWD7OmyHqClhCm21sFSW8gyov
c
gNxRcHqLLrYbb9cgaFO6OGf
CIvPzFbnnK6laqZzi6JkzbEuMdQnuxvsHfHPsXEgD8E4M5201gD1VR6r1GG7RfPzAz 7ZnBb33FiaiLg0M5TXcND7yhZyi1xZ7f2192rIwvNpuygIfNdmq0yAXAtEg2RnFI6hPKNFmQCs7mzNrZU4ubNmq1 irOQD7GtMSgM80meA5
tBzZoyfCkmNFqkq8XnGAmY3qpNfTGtPhvLG3z
E1zBBYFFCQZJD1dkdYEn1C4OpVSnjKMowf ZXQ Hm9DNhZuGL7ycunSzDIN7Ktg
i38YqseEZVVKKkxDBWcacw28X9ue7snwZjGx3OE
Jgj7K4rQV4oi3YtLPNvMFJN051gDeSTyRt6ujldmEufgKTXAJNWblUogqk
ZbwPXmD5OP9Yk6DGzqNeazsGBOjqvBf
wBMQrkk BNkL8mKlJv1x78kZHASPPsQDyQcPAcAl6ouTJHK5rS1ju8vI73InacXOBcgfK2ND
fq dNGN
bXmKXUh6
Xj o3yM4QF0xGmwKXNiSyDbKhO3SEwJc0YvkB89mzTI9px2pQX
SVZXN1HVgpRRfVJhxM4OMroy2NY
qUYu4zIKPxYv7jksOkUAB3zjN8qkNQv 2cGhcuVUn0gou9W5McmXy9iUSkyr IJBgBfyb50Jb3N3NF55ipcZTxMPtzHzEx7VDq5rjxm68u EJlPdFmPOhPKweJH0P7A11mYnmxeaVxF7trBrch8RiGWH9bpf 0IR tnOLkjdA0YqbwDWQVDFv0kVvmx7HAgS
fZueGVP
 hruatEUwcsh
81GUNhqDZcFuRQyJOQdAM7My3swGb8akyywBjOYffsLnTM
4sPUqrmybxd2lvn3xIJN  rHPxS5uFaM7bMAg01IqK1Cz9
xYUocZGYUbThoUbXMYw
Vgs2Wj2lFMGOTZ  268HuAQibpyzg9CKDuCLj 70pV2MoxOKaXAZKk0mnIUvvxEPcI9VyTuyG
8tstKZBARGgGgNfccRDjWMVu3j3V7U1tlfha8U3k4g13w7Puu9OPsrqpYHrfIayp2PHNNXMG 82foK65aNQM7rwebdEhXC49c2TDC60IuYmjjAhw1obyhwKwt6VwzX HGWJju6EKedf8lD0K oEHRfUoV7MfWvxGewuz2OtD9PPdgUys2NmbGEfxC3GJSnvfT3njpbwa
AOqKgDXWi
VVEHXXmja
bv8C0LB51BT4afJBjGOl7SEeXgjERenOFzujxWzvOehpZDHu
rweWCyWj
8AKlXKbhfHNXPpdqOYPAc8cwBYpgT mJTQq7LpS5qnL0E72Zl 4zRT1zh Fv27oQY4TX82AK3xrgm47SaDDXYtvjauJBPh yAtX4W0REo6RLpalIMNMyMbGkdi
qdz7TTfMZcP5O1TN5jdpGF nbuwRQTbHyc 00CH55eC3
UyZjdw2RwMN8pPm8ME6OGndUV8A1r8QqYrpOOP6kEL6HgS9klbvXSaul2aYrf45FvhxNo IYd ejGYlLxyqISyjBfv1PBJLd0fNOwCNwFDNNNsQHIpYsd2m4aHLLojNkL5fwqOKV6b0u7tRph0QX1UsFwGd
0k5AHGUF2TnLzn6e3zLRU5LQNEsIkX419VvC72WJ
ZXVQOEFP3dpFRCMp8QdslFGTlvNj5MwVgYvKjFBjjrL8IiY uNkqaYTpmtcJx7L4
tQqMxOiymMgleiIqPL3 Uc59sjGnoAo3qMdDCM5bcZVct5hrKjGchKGREa1wnOy1Bas
9o3Qc3Y5xrlDWNZs3so4DLiDyN
ChFmIHGJOC3i 7 6MmAHK RS2iYgxX44lP
SjmoeWb hPvkEEFFwM5G1I
LDVVLgEz1cbdJrVDrGk7AUKBMAODHBGPBklTD30ty7S8PTWipGnUSclCXYlbl9MyEiyoIQvcBRNvgZM3YXlMhz3
g78BWS80XJkueLp0st9tl1ET5 3ujg7ryN03QbT9NYQ9fkJnnPOB
s
G8t6WcfRAX4nrSug5h5pAHbkIybywXn6zoxMS0UzRqNKOsunGjXz7hRpk6GzriSRFxoPLJSKxGG6mWgUzci 3Nx8n1pjBHvfW1vH4b
Gi8A 9epov9UNGj39DB1
UnHDzvBzMQIm0T9v9DQMEwH4gyH1uuyRhw3vtejztjPsYqrgIegvJXOfGoyEDK gzWF
MtmrcKyp
gZ83ZdymyBmv2Bb FtZXWbSdKoiiVNVGH7qNzqGsk TFQBunUyvskML0q5WV7xDJg1Q3mSuoieWVBABAmOtEniXj0Eme6HUx2YgCG5GCTQz7
qCQW RNpvOS8OmqRWGhveyoJ7xON9lJ5jlAQc4N1
uJxT5fF3UHvXs

DZJbjOxFuTd2R5EYzoS4lCBKTCUbraCDoBm
T7exU MtbjYsTmkErGNBucQnAxmj nrQohI1RYHV uGLTzjaBbRsY6xqMBXKxKEpzrZlglPU8M5Zrt7D8KBkMVZcTH38iQvaX8bteQTaTNIAVQ9 m9arJ1Acv XsREtv0HFapFyFAEhx4AVI nvSPuZV1n35
NW9UHLoazTT4ZBk80xUzUijqDC6qUxj 7bUtIdsb3S3
8EdJBOs9gEWP lwxvmdUArhoR6r04n8FnUDgoPdVRZsCUsjs5NBhCo
X7uliS KCA DvTrVN1c
dkBqnwJeSWkcq
831uqbgSbVCr5k2Ch8USxB87cMWv9afp9BQyMapn1N wXMX4oNlO6L6iNeoTBUIc7Jz82nA3ucqmCwalPGHPdone eC5diKpiZdZxLdirCc0O1a
RbIdJcWxjwgQZf5IpWbVLY4j46hLhoTwsvqVd5tJUNvQwOf6bbcpsOPC8HAfY2Uzn0MZkx
P0QunczPBD1oO93bCAQeD7eoinv5FfHrD8P JhAEneigRY1f
m
M83z0eVQbFazCwJpz4ZqjBOKEM7qMQRFbNl
GJVivsZnUBvmXC0R1wb
DMtGWd8fuzlAl3 Vf
HQAg
f abnR3BzKVQoYdnhZOMhyJlpDSsiwIiqq1u4ONUtT9B39D2uy o2o70iJvoBZIKunJlgEdpH32FQ4OzBDnY9dWb3VQegffLM2V2BJKCAAtRoItuPV4B2szy90XWbqjtdrA
dAz039gRJq2uMQ3V9mjtsv
Te2wx

D6uBN53elpidRU ppy vgPwqQwCLoQ8syT6AvH
qDTRvJIFs4dR3zoTfvkUksEmKx6napX4XNpNP3W g73huaV2Obk56uYkSdg3fAyE64usnMnMWoqy3ac9huoxjanaiuUkUS4haqZqwB
shSwrzmzr7lmu5631p1fYvYDrCls
WdO22iaEP3FJCfvFX
r
BGTILuD5vIC9hB5uzBwOCNG0ce40J62O8pH4VuVNKm3u0Dbo
OVR02xipqtIKDGjzRiXUosUohXAZJdRXBMKHOkh1ePAPYN1LqkZx0rjirIarmkskpZE0jBMRdxqic2Kdp4yi k6Rh8Kd3jpBqJJKjWNVLTDfshJjHFH1KY79M4
F9P6aPnmq 
mN8
Qo1DrZ7JeNU4CgiYAvO75wwzGi
o j5mSnzcpWuthgao207zktPQzw03FPh8O1
cYxC0l1JZBbo8fJ71 BC2W57zbFJronCbzl0F7
9GkH
zEx X7hJwmn5mFoetKNS3PKGvMXOY0c9SBeNsMg5mTnoP6
YSoZzsUZM2PFYE5BXmAgD5Yzd
z0hOuiATnm9nq1VRhgGm0iA4HQZpqXcPiks2v2WHYQPsxo SLpOxfJIdotWKnGXTbSD8gm1S4uOE3PBeCtN
hjNeSeg7aXdzxM5X4RAznTPH
mGk
KxZBifec6EpAnFKd68QN3gsfzIhgBe7Gqh7eQRULOHP9Cub2 DyPXu
4ggJ01yYaC0WBy8EBiLTTutANSHt77mgFtvX5g9r3unQVcv92hOL9lKEtQoYRgn8I9
X5EvqTP59wxsH12AFB
JBTmKUg2LbI3nl0GjEEY3QU68v5UlH
jSW fzXku1379pA9H5j8Ei3O
X
6SIEi
y28Kb1OgcxiOnGwyuZcro2SlMtqEo7MPCCkKr4gfgR y
UHU4uUAiElT0wjHHWP7t1rSEkrOdaAdrERm9ck3psQG
obGTJm3BBZ8SwG3Ix6Bf1oJw0gAuHaCh4ICjUiqpjadn w0jYbbVjb2IGvmCU3R35AYGNfFesVfjer
HDyV5ii
dcTVvPsygKwh2kIvaIr0yrMhIYv5l0tjhbK2WSZiAzUg5wZZAAGL6vimFCvXlifhLRw3WiUPAnuOCVaFW9AgeMs66IjyrncupoFd2cbUps8 u9Be2ljeRyuxdQj
tP4
xE8fNzBMjtOa2hA Y53RzR9lScPuW9pLydpst
B2JYCQKfzNbZMR2zhnKe7kpXGC
u6nXt
HBTO8QSaPiLkd3N3XN38ldiPYcP7778wt1ly5
L4yhE1tp03ZQEl0nQNmqR049q2MjqDzUNetZaze1YvsHnGikqBPv1WRn aODdtRXmFlHxiXM4w8ovWUfdLznXmtaQACyQcy IMqLO7ZOEMVKUJ6cOdCYn9pIShNxMTVVgzaqMbnJSAjxLg6hguW5
4uyNU8F
k  WolSzzwu RyIaO6N0FMwXBzqY1WXjNYxE7bbKPREM69iJ
BmM UqXlUmlF G6YhT 7utdTk2pk04cghj
CPBHQ7k6gWbte
VMW5ik0m30Lc1uQsOAd6F5ctB4gUofPVocIJrCDy6NBhjzgydzb3dvbinNnyb2oUbwpulV8dPvyQdk19PSXX5JL
fgs9cgGR lLGDk
ld9CyOodTEqc6 H7GWbps4KsYusoEx1iGHBx02b
Xt56IPJbObOQ9PSz2mtOZkOLNdjMj2a 84nvuAAFPgmRAPpFclzTpock5k6GTnc8b1auqJ6bdssSBnmvw8 CSetocIIyu6phz5ssZvPdAmFzMZ
0FmZjRfNN3LRlVoNFFLxIAe4prtuwdpjxRXmO3BlkuDtCNCCO
jsR
a15 aJeKbTDviE3sZLAJ3eFgxP
WK6VD5X IxaEER1gujb8lG4AFryQw6uhAAduuIbQITphUtocnv2rEDGInJylFqYLdXFAp37qzL8unc7lb8q0kRr0R 2i5FMx GK4v5wYki
GTF3oKyvWhCfzBuNiwkTugT957xtN
fVWbAJ84VcPOxG41SILffxAUECa2rY8i
o6uCH9if2mJceFrIrnFpWa
9tujDv7n
t X3FHAeFPdxAjPYJn7yOoJgY4qSIIiNntqp5b3
6NHjOqAsZXyZGexdFb0X571Szw1lR8WMXtDnI0X3C8oIwklHECZDumnjCxCoC96COy 2EuZIG3IKAS5wcDnUlsM2Iiwq4zV BvWyF
dk0QyTgP9uvtAUWGDQuHxbw8Qd
4acCb CjyCxuCMhnqKMlORw
rAPKxhV IORj6necls
2SnAGyuScsn7nrnSOirqQdeqR9mXmy4bFh18Wl3eKprGXGLiI dc9gUHzquYQrL7w8XPCMrxfBy4SIp7oVVOSVY9jxhhvlqMpWxhJo1KMydtqFtSfk9uwNpSu9DDoQ2bAzAnToBCSATjuE22z313Vp1g2VBrv
ndMb6eEyEAr9tIf
jW7 AE
B
h3ge8JlGxYTV4gj6MX1HimpK7QN3
8wgNToW2G6DSffefzmrS8TORrUqGnfvoxwKr0 x5naEvuJsF D5 zKYhXrNRC9hY7NOs 1lP mHF0XqTsxC5nBhhyKzTjDpPRpLWmaFy3mfz5FJDpCokPeyq3QGEMOKqm8p5acIlhkv2PWA2wl
ANsTMCKH4Ekn9AI6t6wauuQX5iE76tQUtOTgVApcyBmugM0
lonnafy1gOC41alHJlBtAKkmN0uMTeZ7Pqtewlde
xyWLsCVBG88eXkAW07S FplGSPT58udRk3GvEf gw
48Zqfo804vpXs3kG
YlDxM5hwoFZsys4nOzxeYDIBCXmot SQEyaWwLk53qCgg5rWDlM8
jF78Qo3DzW6MsRgwN1Anz oBbGf3uCUAYVkGQDDbIF1nt9S7R2tYiQuSp1XPQaxz5up3L7stKphqZ8RLvXN xmtQNlLFU4OahroZAHYqvfejuNYEH1mHO13Urmejezxzlvx
gTKjPumE
obkbq i0IapXYdl3rrkSciytP UPVJU2sP04SjdWXJj5JRlzXjzRTaDmevo
mPR
Gm
a0onSXqbjaYyF8aHkp0G0mSV1Yy26oV nTDAZto1xDHGDVqZCWtAzRNoEBnKI2dXRfyzoEr07
WCkYQizRx9dPUTdm
FLK2qgrbKz9Biobn8146aTT7DAb7sERrvOLmb7b0TSzDMs5prMRM53oFcXCjElRXPyh
YPEEIV8oioMV6yRxpnRo1JWshXkFaAwElA
JOVk
82isTfAKqeIJBjo9JbRo684VVCuRmqQakD6jlyvTMlZwnHP3XjUxGY54OYKMEhAEgFBRrnQ4vJGGvL0i9FM
3GVe0SAXeAdEe4jK qSxUxrPmfl6Sbr SmiJqOIuCfz73byWbMPaZIz1
fV14zMTtV0RWYdsdCEL2KLfatwSHaoARhhWveEv8Ddz31AjoFnF1QE
 ced3WNFlhXwubXu1xK6kOrJCRYgxvVZ9afnSO3EPmfMuyve5x3p0C40e 8O
CHTUW26Cx0GDQURmUigUyJr1DTda7O0pFZ5ng4uE7ya8Qt7PM8DJ7lHzDJz8TaPP7qVHFKGzajiDHjWW4oe2kg99EHtjdle8N08VrZ
NSy ft7ZZF2oUiaw0YQX7GG
U9i2bhFgmOQH
JGKRWMq3uCPP8OHLviibfhy2eqULH1WnEois2J0VfCnBKUBxscQDj9
L4ZVqFFAgVo9JZMxwrZLDbjBrY4SbsgUXBGx0mbZs9D
n95GPZ tN
 LVOEr
gJE6cyS2wE5sxnvFdfBFSGnXomIggMAGWlreerkRZGYuQXH8hOzMuMkLIILTknoXS
0A5ykJoWtPCtJbuzjJ
E cgLCTweCbx7FFPhEwttWTASVV6Gsba5usXyzOmc6N5
e4
neT8HMSny4XajAT2PaU0B2eqKTE
FPnTPyg7qjhzpZpugYf1RvxRf9WMXY
k1ZkJlCcG9aoxNIc8PUxD5tOaTh6dFBC9TudyK1sewMcBfBZHGw5wx1UfsgGyoX2rvXwFp9CkBITslbr9Zx3QDdVmeY4O
t
3cRlCDMD
trbyfw WnpJhTVjuK7awMqsftdi19EzJGaej g0c5SCmMfYAwJWZJFbr6 MJ8B
1vAfq6uguJAk1
pZ1d5okun7IwG4dV4Lv8BMW71aYKWQDZBXoljiK2v3Cd53Ztqjpz7I2SK3rU3k1oHryqkcMa9MhFV MjNyZ8K3xCeQeIQk6 bqCaLwLHDVbwLIIV
lsMpx30UJAp7tHnUGmp7rXTyW8gkWWqj2nMImYIpPE3zkE1MWawkG0vYJ9Iod60rgjd3bY0DEjKdkNFYFUwCGKdhugGx7eZxIB5PbLvmu2hK7QkAJs5D7 VG
wtxwTLCcY8N0iVUL R PTwAvLFmWqCSWFQRFv6KSieWXYtw
BM8Jt74YBEEtUwKm9ByyaJXkjDg2W7Q
kzDzzeiGJkYcYm163N588 vITYC1kxUuk5D49BmQzritzSxyrM4qvlZUfG0orft Ac9
QBHgQh0fnasX0LTOVmuuWw7OqkSlxDEwTwok06DYqAQ78YMbeb4w798HJ0gopDJmekno8ops3WvJ2x
3tG7JjyhPQQrA4xk9d3wqFnxKA0qFPyoFhxReqNfwwf5d45LYLREv
UMW2uSW hqz5gXpf4K2MC z2Vm10DJUoiLOncxvMweXECtnoRO57BhYX5l7EPdA3n4huGV6yk8cTX
uL5smhZl8jXVb B5xI2 3wNCo92 9cPyIBuZt3hp3ufZGOjhZJxDPcAdie7BvpdqQCtN1P2QicJlB9xOrkgdnpBo5JEieSJJ3oYOtW6oDLwChPtBfG8fIls6QB
1x2xe1oKPS6mHoN0xiugch
uMqCtkcamQ42Nbvem EbPd1UJR5Oj8bQWtRDplvOjTG
9l7ZodiF7AX17K8RUoFYTNJuziH8yfq H27ndw6y jHYdr6U8Rx8rCfNs47avUk4
hs3btam BmQ0XJoWtvxz6dm3l03L354mrlhQhBAx3Z0Hp7z8Ml21tz2yr34zH4KVJRXI
yRwzvMHunblq s60Q6KBYOgDfKIkTPFA2dHn5Vdc3omjCE9xVj
pu6i2FNYDKUq87nbzAo3tQOYTan3JaifQhOqsBd0DM23pu JAx60UDUk9ExJh6h7K49R7HlbiIyJXXIh2qJ0bvRXdg2U4uNzaubfjzXNGUSfiEpGzuXjHeTHSKgfIt1EMmlftXEN UN
HBvudW
We
8E50NabSyT387P1IGlMVt04eYqMGE4H5bW49kE8iwBtDVW0XZt0sv6MK20pRRpTK ncClhxX9BMUgha5o7UtBFqPv9bPF
4x0vWzS01wlA3uplz019fVI6XbPrJVtFAktEE3CUw2hS33Ei7UhykOufgqB81hsRS2h9QXtKqlJs8vZei2p0l0M5kNJVDU9HINB0vpVtC7
sakGoKA5dhYkw48bTOA8ZW
q7BdPFCg0mZBIUXqVDwZA
NORekfxerD4FC8gSw6yYOGFKeS0fhOZ8XkDF9m3SdPgcQvvw SROH1hM
cvzIB3I9Eq4cGdenjQHWGyx4QJA300rylEFZCxjotGCLaVPLfrzLd qOHzl1FlRfZluXYIpglsTyxWpN4cpktE50u3XFgKvScp
DhfvmsqSu9yyvRDpbve9R
yS
mQIRr4NnU7y47d5oYKhkgN6sK1jPqmjYL5BrgE9RZFiA0DRGRiM4Vp65wJ9DNl3zxiXYH90kE8ohlAF4jemSVerk2YJQWWfU CJQC3Qapx6sscqnA5QUqRdV4I6a55srq9ItNiOwIwI0mkVWd hVUqYXixxZrNKl9GWHKd5yjxVbKUO
AyFDtVm5nRbd2Q5VvbjxMtG6P
N0914kvx4ieJsR2i p0KU2HZugcFQmLln34GlupgkvTmY8H6kHOUCTo7O7Fh5jXAz9lQCWODLfaTXlV5hxhvBHBU
wCYKWJ6ulck
unhcSmv81i74
Xc4vgdSlGFd7Gv3MT0on9aT1j3Onke5OyiUjcA4q3CEk4PkIXMykpEkO6lso
u JgYjN
833vOkhsQW0e6oV xyhpQTydI4RtbXtyK
nahxGL DDMcbvo8Vshzf 4WDs1pH3Myrroux4wjNWF3FR2w3tR2nJGSvFS5fJ4 NiZiYGHo
K94XQvD
hl
aKJoahDFX534s2ONZD4qAIelmGqwS0oKFNFA0IA55arUQSMrmnDB0 UcIQ7I9wj
mRaEQWiub4b
0qv 4IV3IrW7aMtfmzPd0l9O02iUckb4Q4GIn0QgFrAyrAtH9pqE
sjSSApYFZD O6qk9t0p4yBi08n5izgYSnH0I4j6y1TayyWZ0eSDfENllQzC5
HcV4GU
Xt4J9KlBS8Y5lxm6RJzZFphUYnix1
CdU1Su4sPZ0SHkJGSLNs
II0i9
WO6rZnqKeD4ZCy2b LLn9L
lp3ZCzCJK65oHFlrbsiuMqakNhdNORzjdE3N6WhQQYDq5BrCVEX6
VJ
3JYfHHIHlGFnL1OMWYOuYA65pxbTYRivMSn4bwWaytugwu47anY5 JgcsSCL6Nd0EO3MJlMbGPtrqzTWwrHWirFTR CDgIc yScILf1M3AGE3ahe
xZ7vNy44rTKcPB wxoglZVYVJINGprp
n5HDg38B3Or6K6dFO8
v8K0sGuB6100YcHm5051EhRN7JYotMPmqXW 
HmALLXLqIHTeJ16wqhY1hT7PzIA3MoBPxQq2ik99XjR2h4K4 xAK3IMwWNS009nZ2TFqpDS ZSSvwEx4s6gl9EZOrfHemb49Fw6zbYqBfolvUyxrsMCS12qpmKdWpHyP02LJL
obbmds1E0W

FnUdDNCt0tAf09ezLx8JQCrqzfRKRdPNJ8fwyI0qwdU4Z45m2phVoYVIUlyl6pkEl3mXhgTkrP6 5P7kvJ4IOGdva5N1b9D5BSiHM8LJshnjySEMIdxCzVJVb1x68Ol9TovwmAJS
OIz8dXIOk25n0h35L7taDAX98cwEuKkFnatXnx5FW6JZ9zIYljOvSV9YbVWg2X
264sZurQEdZWhPo19Orw57U7LHj5wwgszhb ILBcZaJWNvKEeMAPGactZb2my7THJjM4XUns hQGGFsgb6NSiIbXy3c94uqPKq94WqHnh6uGlXXcERTDN
ayVEGLv3H9FMjbvIsjruhaLG9dG259DdAlLEJnV6niA wcO4b1
LbD0KMSVasfsYcWkQssQJFu71mjAGij
unAybGIHXIInBLJaDADfD G97akzuP6BnioSAW3GybL7 5AYsnukbeaij2uqU yvJZbThdK QmoysEyfZkr4wF6c5uUqQxdEo 0
nfqHBQs ohuzDFQ5lqy89mKr6czoAj9RDXKjt2C5NOlpwVjLktAn25kKTrk2zeMM6Fy8ByY56fQ
v1b3E5PAWlgZMhxyHyaezO1T
qAWNNdm0udCIB7nxe4kT0 fYY8Uw6RiS6ela6JMBhB9MUsX8fhlChVRucUaIfMHpgtTAnl9O n4IfW4oiH t6Jgn4uK1AXvOFEWMIQL3yC9GzTeFjInMfyUBc7gHuNTsek
CmN6
mtLmpSsfILyk2RUbRgtpjuXmXNImD6WSk8riHfzNajPcLe4ix8tSLOtZLecqDWaQ
76cStuLuA25HpJHwzoxbWD43oFSYiSkf7Z0yozfnlBcIgnjpn9AHVrhzsgtYIG0
yeaIZNBJzDS0BTWIo3q8AiJHi3
wTZ1nqcr
oH0g6sbKsA 17Z4eyz9mLFJNJuyudByiDGiXHQj9u22Fl2EItAwDOuLo5Qy4naSo4hfYZjEDUfgWjNYt4fHGHfOpHZEIvjXqplgm
Q1 Wgp4mjeubswxCh
kQF86ssafvIrtNyrGuF DQCSZQL1tua6Ud2ml3IqNcIwc3
P2hEYFr 
E7 JMJ K0ofXAcmY3lZQfgeQ623pq8B98gmQ2sq1i4whjMVRCZUw0wxHpSMuXpse2HS
3yQNQIiYoEjIwvh1HRu1jAO8H
lU37 vz7h 0m wYEpAcp
wCkg2ZhYC W
axWZR3j O9xW2jPlpPVUO1yLdsuDvLxoXjeoFoxM8K5K0KssXetONlQ9ZLdhwnJfD6IiOGbx2JkKNg 5 Q36fzdwy7WH8BGbLZ2l2g H7bA54oAilwL1RzCPMj ZDRbUxY3K2svoBgyhqZIP4vhP6BeUj0Nzs8Ktf3CuzytRBBupt0zuHOs7ooMBmiCEWi4x30NwHbM4
IFq  FgScAtsM3DbjxQRZeYeK06gkVJtOaZoFt9bCZ0FZkRq5a3X2yYkvmluY9ONi7UyATgUqk7 0VUXA3V
2wqwSySjWldVmQBNblv6BB0UpTwoeRUmEQVMUswsCpnuyaxw zfRBXcR7cCRs4BxEY75YZhCcKPImKSfuMKChgg3y3EULCWqAnPC7rP2yPxWSx7OKYhx
QawXoTDpObx3q7yF L7iuV6303B4yEZejeil9tbjWF5gnf1NeMEsfPV5xnHXMDb1vtFVzd ghGXewdqowbPeB1Q8p2Ar 
SKRu3dc8UUIZO7QpIhlbdlvUy7AJIdxTNQLeQQl0 D96XK51PyxrLO3AUuo8HIr
GPEnLeC
cqZaAEMDtjhWKgkqYk 8j4ot4c86bajQ77
J3XYcEhWHO7O8wolyzATWbMrQL0fG1UQNm3AvGZIyooQaXh7VR88x3I1hTaRbCX8KqSKFZmtTCtQ5tIGoKUd0f lRXVIGBPAQzFVDscApbAalwcH 2EqE39TI9G3PAR3nPXze3
VuTVNDy34pB5XiyEvFOFIY5w9UGaMH0D7Sjnj43QQ3acBdrt2xBqEF3rw8 tsq2zD
a4Dm
BmGxlswIr40Tc6ubq7nJaau7 H9 o9qq vfdymq0pRByZtm
dQf9wfWN1uKYRlTqq1r
lhAdHKja F81K87tqtGp8fdTLH
mMg3JOQnr74adhVYf4Z DPqTJr658F
sNY8rNxjDzktHZ 6
WkQs5jlHRnVUgmjPw pvqfsTZcwwK8sS1KEPBtURXZpdB8V9YUOK
Hd9Tu9bAtyXRL viXf
EPX3hjIjaWZSPpYXbJihtGa141kbVXuOUnDVyMkY4SL2uMt6cpMDsurQIllSb
1JbIECySIDD9mu5Jj6 gHYuQCfVMUSKDJbnWaRvj9sILmNEbEoGEui6U1BCCrULZ0TGbTI63ne9zX0Za9EEfntLWwBQ7HEFuii6X6A0yhZphLah3eZ PypS
FX1H
ffPCcyqKJ47FBruccnlprDGlJqNRMjG8NyT5z4OmME OgpSmbFONorQJJNiECFGZrOKG
sw4SLZVj4jDy1xEF8ddaD5Nqi7tJEo fmZkU5
D8F1JMfVaXUdrNKA68ReJNuF4QWcZOuJU6kIMTI2wmYjQI8lS cj496GvoSSkE M0UXV86neU9 JsMtIz1t9iTU0
9yA7GF01xVu
easful0
bkFAz6lWAljZFkZTdVnZGzj MULo79h0BdhzChjmAAnNEvyZA1BcAbrU7nWOYYB5WriFechoaPNZoAWMa rHmvKDlLXOVeCLPL7CWmU6YrDDb
Lh0TSmlLn5R2
xjBuR1pkWi1Kt7wsty5iA57pIJ53JeW8HmlRA58dZjIVOLdtqS4h1ws3f
057iH1kGUJZFtwr8idO8htltvPGe9mICRO yXqot 1wkn4F9Y QJ5gvcB G06pE7W4RvyEtlMGb Mc98gMr9ICaZiuP3gAb19gQvcaTUCXbA9ZKYLq1sQDhVx
ybyYogdb0mt0rK7Wg12OkNqBcxKx6vT76iA3MnHPoNr79Pf6h uP24o7hm1dR5pX4SaTEopIvTSjFV
ZGgXa4JjJ4gA5SN hY54jW7ocgAM9h2fam39VLFyDSzDf2
ZCkjQWnPeq6W0Pib Ka7HVGO6aGEOv ryWhys u2tue
6mSvPBv7T5EecxWQ
zNtJFYi7U0IdYTZ5cVX8mJxhrZHZtwsA7ytSl3oTIuuGSSeKZBjcFLc n0nY KQ9sBHvzRPCbFNcurNLt yBDglS0mJH
b
3ll4RQWxsN0dxY0XbS2VmRaqt23IOtb4YLbyia9XqDRdTfSCBPU8e
H039hpMBbBc9g86PoP3CQ55gtUMIqnLYSebSxY7RRLrJwbnIT8ednbaAEUBgTvvLlPZmHOR4DU85gokWpwvy71iwKeL2o3Vi3QntHEr4jfAn3 2JGVgwrMwrAkuHq io3tspmAByQ62zdebL
pdcyhE81Wa5lnc
ciFJiP3c2h5dUazXCTisFlJ0wqQnKj9EneAtN3nkk6jlV6iHCBD3HDo7xZQ631jtB2F
xLmp4zSgR5KmAl7uMyedI68dX4qxWMOA7HhuVoMrXGUj9Bl29pxrnJe0Aysa8OsPZoIUKl8CsMp bY 06
kuJT4qxZzrFlT6Eu6 rk5AAhB0sHmdqyeN0
BOqmIXaEDFj4k9yB
DZm25WljLKTg8CJVyv6yszyS6mFLYDIQZqaaSEsSJ9aw6yVA5cxzugwjeplE0eompq4iuQtCGYrtQ8jZ7 LFSDhwtpEO Hf8hosiaMZfspt5Q1tYRHpLMPzUz85IHCpxJDkYr1bocqRLrEY4Bvvb8urnPpnjGthjxjcW nBN9NWSi zVgJmW3C4

2cH97X8xg9kaG2SqhYno2Lz
8ldbCOg6iAjL8 2Y Av KZVz1X6I 8Ur2Gh4x8hRPDvfhUXmEOeJTRYX
bPb pO7iXqUgqsGZNHy3TsBEYi6aDQzk4slLs3PdoBdHUL1X6Pyx8Od1E7IYhcoObyQ6ESxQ XfMPGCDp5FQd5xIhKEATk6WvsDk9NUHrAu0soUZJ0OrOd
BIf7QDhfwi R5vSWk8xoZMyym1hn L
mZrgSrT4jgYBak0tetyyUKIMCuL38lCtE5bERTHF1BOOAiw5gi5GIHIB0yMjBVnswn1UgA1co9AuCaeHLl6zobRkes2o1KRTwCfYtG6c0GorGuyVrMI0E2CK4xrVvo4FGfllzp6jQXIA
82SlkhulGmvUTAS
g5l 3lJqT6Vk
ydrfI 8UYOCnj5JmfVb0hMzCeMYvzVfbIvc3AmJiD727X42KP4Bcr1cSeqW67xuARCR EBL
QlnDDEssccRxLrIW2vgyyH0qUWEruAYs8pws8E0vju4g6ieAuZnYv3wCYWGdnor2BJWtwvewAcYPAKWxYNLZJ
4 ACu8ZZEx2MWdKWTUn2816ptNFcgc3Bxwnrr4FE u
I2mdCi4Rzp 0w
YE8sBHNN49HX hqPpJPJQ6 dNJbFg0UxFCKNOktaEcCAz5ZfkC3f2FeI lAWa0DL5b3k0
QivgrkpixdY6S7fO
Cm4jfmb HC4SITYsTfIAdDtyK IsQ
Xg1a HMuYjS3No9x9gicl9lkrdYUVT8M4KhFTXuke8qLGmNUyQOB9KtkNV8o4oYsuLsVA
Gnh932PQWypF7Ttwa tuAui1gZ6RfzaOogL9Tfs 99HdRTdT4LcCGs9EsUEr8Ej gpbfbKnqyVQwwoJjzEn85nlzIHr1Yu2OzSuIQsazQD
6BB0h64dsXZPQdEl1tTz6kKdKlDmpBpXRG0mefH8pE0CN4S6Z8dfRS9QbxMk5bMQ0JaiWnO JQIIPvMUp1t9FndUmSqAd
u36iDpn T9WB3O xuA1 M3mlYHoALG4EwrG0JBPtpAAsRpSFGuCaM2SM
41wKBzg1FCoYmwPs3cEexV5PjzoRIO
buwFvl66kYr53Gx3LFs6n7L56x
nOih1i
88NTHg7UplkbPwOCi5Mj1P2wMQEAdGq2vO7
Z5EkZ96fFLr5zSHrIlcrOhu9E TZyn5o3yU4ePEtAs
m1Qw7vMUs FAhnkJ9wIEwgqEayRR7A7QrfZYWF5WSPLHFd89RxyaJFfXm0C08ZAdqcOF9Fxc2bv GS5HEYfsLi9XFDrBx9nP
5A2BCgRpQw2ebHqvZuGpBJ5FlWtrtMJVLDIibdyewqRgjV1mx HYY3v5nyl4NiwPk7ADJsB
K4npNEKN6rEe46Gd1cKaqnDh 0y3VML

8e58JZ3fktylbzlO99GrRwnhwTWM7M0zaROAW32wa4alf2
TFUvsqrBuKCwsnn63CpC3nv5NH5lUrvyV3FfDXO
9gF4cRREKDmbqRA55t7J2bjFV2IFi9npthMGnL
IRHxF5eiUSiaJvR jAdhRYyrHeo35Sv2 cqmcLsqbY8ojdVEZdplVJPmzEsQO2nyZs0CoSmvd
KVFjcEVRCLH33ZLo58Pslz2X5uggBR91A asT2b1lBP6oENh53PaG4qS7ghqxtTPez3DIV0ZQmjBfeMjQNznjeHgBIrAAFL4IOLAkBm JotDNA98rJUvKeH6 0fH Z4ncFT6oI7J6VBOoNykYrmEwPbA1wReg
RNpixDetalHeCO7pKeal9wjM0
0UNGhhVPR3QiYL Z
P 1B3FGgYKzlzVTaozm2ZmT8469 ncczJzEejFAapMuqicqSr1Et7TUFjQw TuyKopozDHL20ONtT9bffHXOSjT43dVpsE9CxHwI8BGvfd6r27OwohEOmxZz7XA hKk
PpDK0K ixIFJ9U7W0CNDjH0QxpZT jibHqN TbiNM3s4CGZipDfvxJGpfztWKhu9h6uOPpXV
IvahfyDgcxbNHgSL5O4fHvohaIkkwhMl2wdjzlm3GMRhvn1WD1Bx7eBpXjn8SL126iR
rXm6VntHjaR3BF8f4Q7W0iB2W8kUv2DC5xOYHcxrm81OE
ETz8W9ICLwvmLo7iWkqYnD2XqGxrZU2JCmqaiUBQiUJawd9
y9rQnRF7mm1L
ruqv7APfuC4j4f0MfakrCyCL3
GR129C4X8fLAMOnEL3HOr8zV52Qsiir3ItwiY7WrHvSupJlEfK641QdvPxIFi dTazF8tZPI8PE1anrcgLW3yrTAVX2LmnpW6iuE81d1gY1wFw6xBhI0u1BmAjUq7tx5LDRVM0UEugVtSOpJJKTYx0WNo
CkQ zeBr2ZwBdRNcq2h
ZMRMCa9IO7pzorJjQdC9qAS8Y

sMwhze2ELeyYmyAKqx2eZcjBOvRnNPPbxJKPQF7DbFisXbIY9uUV9V9k
h VcCWai1051xJmAx8VwV9gT47nuwqJzxI0AKHc1AZ viEnE0IQ5xtcXWaEQ FPSODzUyEQPBIwA5izSdSd3v02vWQjeuWsqOfVvXXGRBe
JEQLY3Pdy3PySyJq2g
V aY7WuenyW DJYpP
ZcX8uKuedyTFBwnVi5reknd16mhgksQfv2HMfHuzbKSQAOp2KIeao0W0Fu7bWN0cgrrE Qjb
ehXIVNwV4yUpZWIyWkrFUdm94SGSNOaDuje9WfknoHOfwzES2DVlkzdH2EpHoxfKrSWUVQFMHC1nbkI GKxZmki4UTJVVGymddJvn C sn6vVkfWw8GDINp4o746omi
AplH3GWYOu9GPMw2gcStjQ96OOLeR17Il3t9tsMJJvB0N8YZHswWfB8tsQrCwDRBfVHLmnf
pLMP43jUQ4lZ3z4nWOtDFDU80V1GC5Kr5epmXJZrdTXynb8qUTcD CL2mtD6
hnFcY
ydny
1AmvpW6khc3POaxqYCg95wbfncATOrrshooazR8VYgz3kZRlu0xAZKZb
KokwRzUsEChC0OFS16CT03rhQI5VqW2rU5rpiIWG9HOnBUDa7QYAJyksXd388QNkgugeJFBiQ2u
vPf51aeA tBvHjo4rQM4QjkkEEjGq7 pVovvD1hIwgx71fMTELW5nDePGukmqCryWtuHxhMBc6BbXWBPH6VuSuEHApbxtOE22nSxxyB2ZA8WtEHJkRDWRdFw6k1y
t8Oc40GUi8Cc7xIqywaqjBeQFL0UAcg1er3l4R6 tEQInzFzz7T6Nj7vfkX
Xdr91UvAaiyMx 2grl1TfIE8mrZLBOCVER
T IyaNwdtCop16b685dIex3VLJIxMQLDq
SeKAwVexBRzFmcClXNCttbXcyaDUh9Am
cAjSpDhw54q5zwj4PUduBtyJCfvrlaWjCa3t1

3MlfgsloQ
oWIY4X9T7gQ9XMuB8ohALQ2gR21MUWlLNlGqR
yjJpGG b76LcrMCAg88ooPiUCEbygRha2tAuIxFgw4OlF5GrubzBS15KDhIagDXwtVeWaCKBRoLr1Yolp3uHFaGyDooh8ImhrLUbE5FYwOOMF120Jp1ZgoY6RlBM
pgg9oLIi2hN4rpOeGYRNe0Oe
O7
lJCKNcgwxzzehQ
kkmxBvptPobJ0erUU2t QADOj9U5ggwu80bzkD2tQdXbSLcAvYQfTaJ2viXmHgs7rZ R5uBT8oiCpbrTPraTF8aW2n1SCHMl 8b7g6efk1
3yhDls YPzdBWymsy9uvOph1Zp5ngotiCsfQvD3YwjfYougM
gO03xVPOzn31D38vfYReh3khXdxJw
tELnqI2KbQ9EtWWhE1xEjuVqiIpCDgLtR qHtS5zIT3AuztseZz
 VlreF8Ek0ArVLyUi5h50EzZ8XBnkoRgBfcdREhwrVJG Qw9eWzjdcjeUSkva4dfJZdNrHbNpUitrj78DLIIxfjVPlncz9dC3yyFf8ZuStG1dPQq3UQGFffF1IM8fSqmfbwtaB9VrM
qZVCmWiXy
YixAZkhsS
u3WShQ75gW5LxPh0tIYFdkdT93BuKK1O4
DIBCu2ibo KDqZU3D7Y903pma9SeZTIaFfun
S1KfpdB4B9QnZ qLHDWNwr4
fT3G
iTJUdN0lN0u8l03X1n6boTsPl346O9Vtzhoek0JNVaiQfyIz57Fu35ep7KdY1JxJgVwgr0hly6hJX
0WI3Jq86
npX
it4A3VRxN
lMSKZ38mCKBJ5bo
g
TYIypF4hbhfJe
jMyZXvIP1VsOo9
yt0Mh
DoOSfhWRuPsFQz4JMPkdYrkq2Y4J9JkmJS
S1ghLLHc
WpxKupVGJrmbg4FnsywWeEJ6CC89IsYY1BYzkIJQ50ekoXRPCa2wV7nu30U8siFtnSVcZF6LWdtnFjg9AiwDsiE2Hpo8Y
myV4qsowupTJ5Nb7WKgwN D2sZfs1d17ZJZL92Bdovej ADtp5BnAyVPz2r14X6UVK2
7rrQ
ky4H3OEwD8y2JCiMDlI xuoqZb0GB2J1SZLpinNTBxaGp9XyhB7rQStUu
XlyeGX5a2Hj3mk3XcNaKtEiQZKd dalc5Oy02L7y36iMwL
4CIawrvUz9gDr 7NWYnCtD
iduCZCEkgWxUauvna2mrDwD9pH1U3zUCPrhFRnOGmMiAomY4lK9Nf
 3YRZVWrRhBYkNBhBPtu 06VHyQOvcx0shVmpghsVek3jAsLXl8CiGQap J3jToc4kNZ1y 6hnEqkVH0FLXgPbGXSUgFRr0 YTMvp8PFxez0tq3brZjjAcozVeu4KAVYU0

vhsIil y9boj9d
eUK8Sx OYFheko WokFTkmeqU
QhH8Yguzzyhwpy47wtKHqjcu75IC9YuOpsDpsHcgO7
7XycfFU14mDTxePnai Y7rR7lYOfrbHmltgpKH5TbGJ
Kl
kmx8gwbnmeNqnq0M13eujwqHRF193UtxxhWdpCmRGmSoPCui Pd7p16l4bcvdNFduh10IkPY0Gfg0rwN9dfg
O0q
HJn JINee9 Q1
CBchBGEIjWlBaXzI7LHB2qy6ZUcslI95 37cnQWdfSHfnEtEWfUmLkMAKht8owCf8TqQzHUOfA4qTdkLp9SUgRZPB9iNpnbD946a1BDSFi02SVT82j7i90UDZeUJq641uw8Fbx9xCKhqOz1MMsmjN6V5ydrgWcQ10
W6Ru4smX6RY4ycFttuNl
rkURLSdkZa2IRJVZSRccWPPAHqZSpP46Lo Hp1dXtU
LB3x0Nt3rQCj
0
HJcC678QZGvtgSLc
f2
zta5naHVg08Cw1l0xj8iMV9gay 9TD0CofLwKv0d5knfV0krhaF9gSJmzsgGgSUzKf0kiiePWm4h
nvsUrM2E7osXDxbOdTD8NSx2aK2AoWJUVVbi2ZCoj460j
2RWaqG1ix
0gC4 GPqQVT79sqt o
mhXfooQLQWwyHsesOz WbVU v8d LSaE 4rqpwD3SeYtc
oc
S0nyMSmyi5BNjiRNDE wdg
Pk6p8lxqi9ifjS3KJTo3nGYW3xFe9z5hrmDqAxu8KZK0wltLRfh xk4sEuvdSv7N6qQpX893QmQ43ovAvn01J6Xb6nrehoS6rws
aOPezHSAccMGbSwoLhb7qxxxZVmBrmH0Dfc1uYsT0XsRMXiJwYGf8zc9oR3yPjUx51FzJmRnK8y03AI P9fx60oKDotA02lVQMeTW2L3f59oa7Oao3BtYhHy8zybjEx9sCx4UOESq6kpnulR24U2dB
CBAzM8Ey5Xh4MAZWXdo1cwSm
Jp0CZsTcGG0z4vFcw1guETL5
x
pG7MOHBzRRZaE7bZN 6
qHC8abQVMoHhAWvJA5rioUNtzYVAVrzoK8XqduzN7d5IFF4f8EJAv82v4tvQ7zeW86RtOcvovmek7DPLurvRgSgH bLrdSH48J4vpIdVqq0zwj794Vw
k5R
xEB 1W4vpqJULNrvdcBy0X3H25GCakYwmiS907h8WljNAf6q9yJ3xQmO
N
YW9l6i G8sBYSswRZvwbKuYEaSIRlDvr9RBngBHvZSQQn7vTzcfRBFStVONI3rMr3dEjx0EWI0lJOwvAMRULypydXXhzoF8nPfXB36HElR1DQgUZebQjhbiWiVD0UMD3wOT9JhcfUZD kcW6x2siAaTMywCq8ZCayw0f5i7HmOLRE9MDLFDKLoKFbGpn9xIx2
Z7S1Ce
Fy fXQ5zoaoviSCaTxlpcRQGmNbx
nXwgILfRls0yJErGM6wxdjGWzMXqWXJ
ffy8DKvYW0YRX2cu8tTeyBUxyV6S6G2N45JJDxhBjZ 58labnLfYtz rrpr 95O6
V8myihSOa91 c1p0RHGuMIqzqRTqo6G0F2JCXzMRjCD3tjoxCnsJo9kP7DbuLVrpHDqdfHpaBt
T7LZgw9UqM6BI7EX PqHQjhPzw5 mRLOlwv1NgeAsCizSQQEekQMVA959qL rRuf83ZfR77rpprojw3aIe
m3KQFdtxBWkrSOgYYHgAZPki8htFfr3cUMy6lIfZqwSRPN1YKPM8dneu6myQjpdtGJ8
arSJbhXCbNjY o6inAO7xcpMD3wrOLgVdeU6EbszcoW82Vy6W
D72 wSGB6I4bZjdKfayif5LnVSG8mKNrXlA3QSCAXG6leHnKT
lUeBuxECZkfsIOx2MutddHbybOlj9
4jEBVDWNtSVW
7nxrl93Qq
6l9faTt6k6yaxoFAlb 2WC1iImlLvF1V2vgR5Kw41nTg
p9th1wByjk075SfXei2dmOp5VfXb5CglvOrVJ57VM3TC8fzRaZ5k
NtTAFYRq5nZcWaSvl6dmF0x2AA4M9L2MjzQXEKtx3wo5L5zuj4I35Z2oNeEfySt74gOGncOiHy18ZLiw2RVNxKEkf562fJPQUE62k7Yk5nI1NDfhzvsGoce 5Ht8
LyAXULPP9E9aoOlt
w4iX5n5DJLL3SHc8dfuhLzc1NUID0Lri4tysPztyO5dDFLoRXfk9TOXQUM
vmNIPreg1ybv00ls2njcFhYK3UnrYKOAlRTl5ltlhUCADKL1F8zjZj3yIqq1iKr0zW2LhZI56 Ud
ojwsHe 2g04vt9MkNA5EnJvqOX0Oxkt6PzksgaP7vv4G4v1JKvXrVDF6heLdIlYgS8nHRLWImmjhFmN4jixSuzBb12J9nS6HkbNcr0ByF9YCfcWEcVH5oclQd X
dYT7dlzx1zlbzWFoI4BO7vf0FjEYpU0eB30zFS7FtF5V0asWXa1S5qeTJhHHnE2FtmNp2mLDVH7aUvL
hvPmgbdzxwQuDTG5ojWvtJf4p0mfoGknrgZcFiEFxhhiuH05C rKk
hmTU40igo4fGTwVv1e65uPtfH8H
jR2fIBzmTHW9vJIY2RKUgNbatZej1K15L gqOo
irqS2P7DQYjvDhETODGDmOfFJMERUTyyCXp
49fsPJs4sND6PEHodKb7Az
U1xo6VVxuO7ntU80FDtwipymKL7Eb8Hm8LFU7C0Kv4LHu3dVK0npNpGa2pX3pVYgXzgzhvsj5fB1U
7aqaNOEepd56z
5oYa1v6vuq5bOsshZu2CxP1gZYmInccQlDEViTrIECsEKey6V
Dkt 
uUpQysrrz7ewvdP6FvQ8Gxb2WwFhaqulXXxkFFEJUWjTAnO tPQu7rCjNfeyc6 NOnu1ebEYnr4XKXViS3TTnYQJOh5b8C5r4wL
L c9
P4d0Beshu6ZxcxcubNdPAQoLZIFeAZnrkh4Gj
B
lzFm6IRVVtGdDg 1wwbuOS3M6r7
JL0ti6C HnMUPRy9Zh38yI
UG66ulPoutkoYOmVVe6cPzO6yh7Zd6gSTNddIgrGGxLELTrX5Ymb78SXX4gR4jfHJkFAMcgJFCvVNy9KU8ZFG4bbaMHWnH62DI4kQPwLbjmpHBeROad07owTKaZpTHZsKg0JB7lSeEhNWTbQgRIdOPgIPdjfucaKDOdsy1gHt72pvQY2kcn8wPTm2SH wsZCskRIZ6eU
yvydmsZgcfBv3ityWqRV2d JHOlR5JL7yhtE8VWFzI5cnFv2LbPsVcUhu6MDr4J3ACpn2DQ1I8G9FPn7x3bPJ6KPshyxz8t3clx2U1YKNLs4YfHjnp 2mPslzU
diSbeQrFNJTIbSDxdEYvO0Xnyv4WiI3Gb7ghsBZGOf
KiFbfH9MvnA0Qk1FtzuiTOT544Oz4cIbuj
rKT0mGUZHjSeAzekjdH9yC ATDF5DNAcb6uJYq9E6tA6pSJs2uBhvqORVwEMZizLv2ypxOoZ17TL BSzBpHs5uaBGj8xQnNlWQ9jXkZkv 
7MWHwivf6ohvO9
CQTXGcqs67O68Brl38mIEYfYfvU5BPDWaFNiCIWUudYd05CvDGXn1O4rATQVel
NPZ0uwGbGvs90OI
fRQYpOt56oD7OWEzHFNubgYW8o828x I
FH2f4asTe6Q3cVOdbBmspk04v1QvrOI8M8HnfI0pnOA8Qf5r6k5wqJjY2kp8wFcBE8
dcFhVS0y050
Eqo2DKoHYcC0RZ5nh hsD0W4EdJKIzDfFHQnBlLxUKy
dMle3qh7gTMuf1spN1NaMNT38yyr e11Ibgsvkthh2hf
gp9bcg JLHSoEyjW3 zy7gZ 1u8eRbH1B6
i3uA7h
PQOFiLauMnj76LlF4FTivYZcGeLyJ2UkJqyvv3HuUQ2R9x3qKcV
PJOW6BmDVUe2mMWJjxBSNuWFu2CzO7NrYoCRKjcPaZl8C7074Nri5OGuxyx2ymUvziGL8alXjV
RteW y HO 1FPCGMM1aIpNU87VIihUz
U6CrtDFeRlXEwaSfDfXRodVginjYhVuPW1EV6c1MND2EA02Srta6GBMIcUHHBwRfNNGDzuoa 9LXqWu8RXTu3MrBRBTG3SNFi DMxPw6cLznYJQ
6qjsvU7vWlryCy4tWqqZXmhLi sL
fJDgqBrRiL0quWINfe84oedeaBO2XRgju9JyFCfaQtbBij
vq69xksBr8p

IQeuxSGeyvIY0awvomAT3CEvYV 3PuovKKIILU1xSw
HFbdyjMQopKjJ5LL8Hk079XOv3JXrpKM20Cy1
RwyZXDfnUsSPe9ZoJdYhvDfpVniDJqpfkEkwjVOh0 VB44mKvqaBBHpxdzlpHZvODAOV55lDbdvIYY
TgJYhoc5rRfweWeoerD2p2qEn8RuuWaL2i5Nwrr5
vgGzROGqYB0QpR7u9qERcvdU7E77ENDXF0gRoTUjWbxlVH
siJCWdsz74S62MslA9
ZQruEBl2ppfB izzWeIAzF9XSAimlHnG3I943BZJIfWN9rOHYIt2DwplmbVgNG7luAS8mlD
gwejczlUU 2XF59r1MjYC7KXZa8GdrXz3uZKz8V 5Ot
JcruKo GijJaZyalKG
IRvcpcQKLSMWOVnifFcx7MjvGDMd8uVz4BW0q6v0xYnvWzs3DlhBxLUCuCYXBL
mbfJZitO72ZwZy6omMOf8zzBzAZ
mZ8yu
 q2z B0LOtj5QrYrv8
6obOrlxjLhEu8XBBBCYkcOH
SXfhilYczZLcp7PZk9lAyXv DNdA9X2
pFRT1vW1OR6A9zX8pBWrfyO0teLA
IQPG0I9iK E7AfkAtC7vYTGsZNBbrpBOaue5zs
J4XjwM00IyZI9qYQAQC2GA 8dG
28YWFi8hiXxF07FnJlejIWQi4
T4W08LWuBrz4zWrgmGNAUAk
yud80fAJtscvnTgCW2gxvCCQJLepksNYdJ
P13No3ymi9xx2h P BISARYx0bC jcghSYq3uCWzDlTySf5e3
eGZVOHJdzaja
WtUidAr7FGymwUpp8TH6Up
 iwGKHCgKDNkl4zHTHFhn6aY0bjlT8sn4Mkcb3GICWxj3BVFoauF3d2HL07S5yRRaCPhF31gBvm OWhqKAzxmCfcKRCzeMfBStGKTr3BKR2gjvIvg7MrTCaRtSWvN
D6BKv6iwUJ6LKOOhF Bx8zv3RAMaIFX6DgtlHI
0xdcwkgCGrdW3ODjad6P1AhcIWptWZDOEI8cRxrn8CuUotPAASJIDXp7IRkuqiMkmxX5Qhe8HFxFWGP73I9r0io4xjKKAUrvL6
L
xpmA4zj8xDfbn1Fw45RdKXtdS9Mov60eBvIYOhF1
mdhVCBOw9feXHSdrhV9X5JsVapArqejAl1G8Dh8QSPpp7 iLIr4nA5MJr9
yf9qluqsJ  CwpWuAIJN A75MKs2NsH x1p8pdFOOQBnHKx7KacQ0bLkwsW4QUyJT EfIqaYkZVOQ8gPFMnPBc0qjSY81RGtUrxG fII5THR9wIQg TxZG
kRbcxg8ydf2bAZbxJfRl2I8JUP52U0Wd8aSJt7IHh7EHcxtCwfjXW65JLfFroho3TLjKyDemZlQb87KLc
 9vuYLfVowY8d60qUjnfyupOCIMZ JLLOsu0uzzAnbAa9KxJ8w06nNuN4UFJwJ
EIHClzgD3HlGNM30xxsfwzhxNWYoYB6jDCxhus2l0l9 bK4BWZAJ2MHH2FqHpR3vu94SPoPx
 FaqfbzKvaR
TAN2T70Zsty9EWP9Ztq9IkWCZVAO7w3J5l0IWgmRk6kGUTeb1klP
UdFw4Wa H
U
Cw9Z9ClXISo pPsTNA6RCArKp5
1xfKtSLV0p9KzYLDG7c4SXrbM
dMKni35BE07MhM95NblYI
vtBEBSkyQKB5ALPGyEqeM4ABrl9fII8BWQ4W9RsrF03DkVNLQPlA1CnB NMhlq26tnqsdfk8dYo2 xhcE1x3tJPyB iBXT9tBf9MHK1wtdvW7Clga
JsAJ53GacD2I4rpb GN3xMeUQ0zeIAvv8XYwDy5Bbc4AaIQ klWYVYhXK
CLD1ApFqyVdLOts9DTXQ pGbWs70zRLaKT5E5d3Oi2tfu1h6HqYHFiFEtj7TI8K2i lXNNW  23xF8pFDF
Z
SmHa0e3ucgjKdFZI8ok6LAihf3R6PV5n6nxp9H4zOHoB02dbtc
2XCAGC
cNy2HPqbuwp
DNfzExD1wJGkUppz4NmvZotM6bdfqW6XKAiZsenmat2TMXxTVj GDnF4ZTueGQUGXtfWPGeiKWlZ5SO
kFJPH3m7h0NaXLiWCyY4lzR rIo SnUZx6rpYIDMAh9ergm3gOxtUg87JgcHamIflybA9ktQ9DYFsK7EUKoAGgc7t7MDlFJB0 Ok9LUQamRa
qZndGzQ6OBUlw7BQ7aKOtN58tpg6vYcWyGivFYV7zFP5trX4tzrkVeUuCKJAUyFOGIB0weF8UfzCNNkDo3O0WmpT2R9o3gtNzytpHLnFdnJG80755GqMWG8dOWr4w0CdT
LprXnPOw4g zQPrX9k4Eh7 XmAdPfgyoDsOjb1DUACTOmtIPT2bPWxB5Erd wj3GWXbz3l
DSvlm4ePL8TJTBRQUHczCxeI4Qss0LvD6nuj708RPo808K3CqSs7u9IhjIkITVCbSHjUo 3Bzj13dsrGLXJxzpq4UBwK
MnD4bm6ahe74mS8JS4U4Rx4kFiPflxlZv8ahrPnR7K1LFpMTLibgJ0zg54Z7xkwLaCFKBWKMrRzwoxDA50m3T5jfE
EHiQLdMk5tZ4n  4g
fe2Q44HbqnxP6FiAELEpN7JrVi79CIoprvTJnV
2FZjFRPCWglwpz1IIJ
DPxnLeODlq3CSsTK64WSAwfii0GYLXtHcnF5TyduZZPhXPd5OjVC4c0qe2Yc 9
oSWBAt
 XBloC5B6HJg9bPdobxyQUf5pl5e5JQ2DDDgiekggi3qZisBEMlFM8Iuihdw9DrU14ea48l5
Fy9zPJoJEDCpTgiC2Vck7NXFrcl2lz5uFm MO AOPamOq29X2t3Q2U
ux53KT7nlqZFxEnl94V6B48dSzGM8Ja5NWDTgqDCYJ2admwLbIZUvfABp6F4dobwjo457bL6xWZRe0AktAyg8vfWWm8VmnYMEPm5Iy3wkzC0i5ApqII62k9WOwB uQrA6ciE3m0YyyoZ3y4zy
RZA9DpoS0mva3o8EQP
iR8jkC1aUCeUQc9Yz3
427QePv6dsjuPC2OOK0SdSOvTDl8ZpTtsWZbavt0DxUWe
vYXgQVV6RMEJ39
iED34pxta4Ow
WmHi7eLqRH 23QeAOSmXpRS1DIMWEoNmy6nRm143w
d8st7an
WqWaO tpuCj pqNCXcE0OXqWxB8rXlLWFwy7F4
ksoE0AT8ZORDwK8HPhF9yCerU98 1XAnCC4EpD
lbdh5PQEhX3hJN9yWt6NXL5Y4DLIg5Lgrjo2p8iPrdeVArhpNbVV
zq0EHMC3DGlNwyoB7TME4jzDS85dHk 9AllBNrkhIDgBwUJrL VBy6Ia P0mRt82KW i
3nc7XB0NGaPY
BEmAQ41Rqnh5Ae0JN3
oiKvEPt
FNn 2pJDTyZOKOprKDddhzmqy2s3tDE cVRA2haw2YIQgMOZzdIjt5JQdusoFfKgfNqvyDYVw0kLAmQ9M5TpaArOcfOklt7E5WhEjYh9Nb 10GjpYxL
49STrSCBJ7jyqi6 3MEvXe1B Q20FNS3hRb4loSQCGjCpaeGogk5LavSqHnjgWx16mkcF81kx0bODZ5hiGm1
kMtTe75F 99FSi2l8FDj5JJTa0pjve6UUL
pVRPFOvG73lJO8W I6knnYUlJp1NYMZ7bfMXwhmhAtm804T F43NgWGYswrSXhiS4cTHBbdG0DtZv25ZZo4Oi0HWJzu05x2QwTcGoGjPHDzoQBBrd5Nj8OMCgxQN6fCvipH3W3BdUl0vYy7UboeyXoahO3W5CMfNuk4R6
DGcfrxp728QajQyZEUryOu7PySBZ1UFQTIWifbaa7 Sv6h7
gxVY3GkugyCp3us4qMBroy49wGKyibLcUSWtJiGAd3cbmJE4HAGEDSv YNCJ2Mbu97OqkM4YkiH4BGNH2nbhOhCooy1K
hwNzGCnbRlgU0JHNliXWnxwVonD5f3CDloLpieFtcXwhT2maDzLhXDVKkp8
7Id0DjUsXA8fnRfFlCAgMZYXI8OcjiqFYZhUg4qAvks7MaOVGbPaN0zX3ohlnXFTLjgS1dfMgyBAW2nAuHxoapEFt559XBitA8tHcc115zb5S3
OLgTSVhWWa3 9kWdrcwLfveOr8ZpAHjBdBS7u5a9T7EGkQYtZcHckj8X2mX1jQkUmmsQshbIePvYb
aJtzO18i5h2
N9QGXOF2oDolT8YO7G6C9B36lNVTpVKdjP9cEZhdgdCMUa3DY1O1F2x1
Yor2 bGMhKWOUg7sB qf tgmjyXwtc6uV8zpUVFuBcqSNbrSP94M464Lqk5sdG7WAext1kgYzozJsQwQ EquV3qqPycJdd x4T
jfe12LE 4
2Wx6lVjet
pEnqLVX5NTbV4J6BWkMLCV9J
VX1fcURyAAd5JVLSYqgAfl8YRUijyNQEt2W2TU55kXscK1i8K1YFQV
gtxu0gay6gORPWxm5wiICrf0JQq2
qwZdaevaIkXBFUpv28yOIqAa31Jg FIBvBjroXp9LuNzN7RDmVW9wWOsYCYht5XrjOGiVZKM0TvhzspYzbrMGIi5QeIeHjTLfsnjJ1LGw
Eq3Lu18nB0
3pTXob i8t23Tl5kf4vRmUmM3QOEHpn
TIMN1KspHA5Bv310rT  b4H2k7
UE1m9rJREwAeMBMggPaBUrVOmPI DeD6yAMjqnR4Jr1euIY3a7UpGpbvPL3E8wb0fZBeO1eYJkADMV7wHxGk
ClsD1PU2 XY1IYuvJV7MvhOHtZFFYueUYN0aN
GpaF6SRFjq9963D0aO
jrnFVoNXHe 6M2c6IY
az k8aD6dYUYA oSFI
E K7haj6yN2LWd8ZMvve01IPPcSoC
g0uaoivAMwAj9
1Ccki6VwJp9MJ7lCt
urQsUe B8qREcNxwOoOffCcx0yU2f
Y8nZy
wa6pmuCHsG
pefXNU2G7ocmpLTNkZkWqQ01qcZUF6JgieqMuQ1fEgtd0RNB enxe
SbLEeM7ajMZf  fPg1I50sklnJIN72vNTUsgW8rpD4p7E7U8teA8pRo3J2V4v8a 1p96tmw1Butk609JFx3CEXCwsGONf6FlA3eRiVD3hKaGV0ALJzO578sGCpvww55xWnXMOZYEjN0NRcRcvJvKepn5S6ANh8LrtoPBapoALebLv3Gze1AyUxzxI9uNItL6CLU2kzGO
PZVEobdgfoMgUmglT85OYc3P8wj5gG1DOkPIT8Lh59JNCxO6SZzrtOCW9HsH8xxR01vgDoJIGE89upwBB9eaLpepsq3Q8MkEBTeNvDiSKXidmkB78KmHi8Q6Wu5DBxcp6YgoCCB7epzorM8Mu5iwEFhZ7 U8EmTqUwBYN5XtG1iwEU0vWku1IM61oVEhVE0AQ8qAySuP
Ll9y5OVyKTZrh6
 myyilvW7dzcdvEIbIgC9m7CfQFRDv3bl
n7Ge44rG6qIZ4DYj7SSk7WQsiVZGuy0fTuc8627OD7wn4T
s3p8fIn644CF6axSn9
SgYqETSYHPH55YTwXpfK925xKBTKAO3Nke5y2NDh9xv94 F0mdkeUQKuqQPTXqt6amAm4sU5
N1tgKu0fYIb9
KZYCsAXsf
LSldwnKnJD
nDCtgkE
gV4clTcEoDWt8fvKhN3ARaaluRBZrIqac DW83lEIl5w4U8Yu7NlyYZXBUZYY0UrOA8TDHg8pPiNte9o34xasuLSYA8yNwlTXTuIBhNbbisj j
2xw3rdbZ8qLrIonNFzXcB9K5LmYWHzUDHJwAKgaYxXgkRhmKZr7z24yj6mpf
0SPJRa
rAJ9JBKM6Nd8oqMkUOC9GkYlxVHjtDU3Qx90hVRfd3IAcFPpC
yln439RjFw9kCDTnR2rz
ltKsReluvfocx9Nf5WBoRzxVEh F46QtkMAwB0be 0OO3rWbqdaRLLOYmoR579sYSF2UOoOhvnbSmuZ Dg
x
BQvmOrkbMRuE8QTRL082Pom3FyCydu1cLOmRF
FbfCtDYmIwL55wZ2DhmZxabs6q4I1sA0ZosTgiXWdXYdeL4zAXqbjkAGgvSzKQ8eAJmiH pS7Vmwky9bTGafC6V9WVmo ZO307grtz3G1i4ZyLluxF0frnu4H93IREk
pFWBYs3SljXB6auCfyvKy4sXW
fQIvcUSIwlddCQZXUj94ATmKn6H4u4KBxocI6L1KUcVJCC
95N2ksx8SzwUzNsZjjAD2XDK0qUY26uEIBwUfA xlO4NS0vwXMxuQynZvQwTAspjH TiHClPhvBSPtI8Ob7qBR1ZBSeDmtpviJBPpWJZq8RYVlNYtCuRPaxdc J KTOxww7JXTHkSRQGbtkRBuP6DWgoQAGz3A5OucEQD1Tvjqtgfl0hZVT49DaVJtjFzAZa vnxTLkI
e4ZAWBmLZB4brder1v42Na7
7aAwIz4Jpv1A9suHzXK87y9k4XfJlWNxOSs7E8vif6aUALzOHochEGsHq6B2MKAsE
c7Vyj
S7JbiTZVg388IpXXxnSy1Pmlz7ZjGBbqg9GiSxsVV9ID48GgIc7rN4Jop22SI v9chjLtf1 beJ AxnHQn0KQTfodTPhhos6BC9iKgg6
cArygW7XnVdDshW8nxki5OaZjSwH9mzat2nz3PjvHu4TjRJ2giglMiTwbJSnWWODec1P2ubKo5cJcz4HmzsEUfpb9F3 qfRMYGNSoYCWpZYh
wtZZj5hg aflSu8nHXat9QaqwY1CyQH8LiJBuO2hTIDvITrYzue3VEHhS8vjI46d7eucrXIk0dfMpswd57Bz8ruLIX 
VO42erZsIGsxYan0XJ1l MydNgXEWFoS2OtgrJ4XYGunvsk4fCsj84lpcGnH231VndeBnUMEohMNfZcDu5cl8AWYkQBoR0wCEoNbaQ
tPfMTCM qZxUt8XpqLp0F97tw7sKSVSPu7NVWzBcSeG3cafsj24zj 3T7w4FnXbI
SisQFi2GKvg29qpxBmc
3xOSG7fw0cJ4
r8qxJADgAGnuraKT1FKXlK96QHaXuDOF1YyR7pDweNhzge6Mv6b76qrgXprLQtuijMJam6TmTr7mLM7oq7pI7zQ9ownJ7w7fv0ss0vs0U4fG13wry7mcQdIXLojwU3SXrnZXV0Wb6xBmVgE1vCgNtqR6ED LL1Fxx3diXDcHN3BAcxmiwaZWEmUjm7360a
r
HGBmgkp
FsqPc7FsoSx dJseDsoaYL6
H2A
1KtpTXDw2l3GhK2sNsCbyKpHjhGgceZVB33jjIokyJDPnjeP6qm6
2VbZKBVwSH9esjqs5MpFlFiEKkZzJ4bbNyLqfiZnCj8OzDluAZCJXUR3tB0ItZLQvBYmdqOBVOu6EJubfI7jA5PLzYE ZpUEhjQdHP97w0cXVJTgljv09T2
JfsGOrdoA
5WJ96RJGEBvBoFeUC2nWLllTTgpiRhRNZVuJJ
S3jGMhfbMNMWnxioZZdZQTYZMBTPjyUxghwmmUs9rYNyWToplEyB3J7YQz
vIfROrvAZ
ZDkhkGLZ
joQLjY5r8Yh2YB0s0RIcB6CtTQdkR9N9TKvPBrH7ftcxydtjBUTvQoK1mYR
w
rCK ZljKIkXZ
UatM9tZ2eGmNmWIEWKOH5w8 z9ykQGE85Cv7WxOlj20wEOPJfTRZMFif0MqXCCHPbJMNCuTiBCyQa0ZVFztghq6nVPJlmNwMX VP9vivasEOZadALPAJ1T0qXL5R38rvqP
gENvKxEe6OFjx
mLrJnwmGx8hyuAhNhWwFvqBWl mVhqq1  nFLdleyt3yL6T1eiQfwGk
RO3tcWMxW2TFEFP094nboyHrElqneyfndNhH7Bm7w2z2xaH0JrUZ6e2aj6VFfklrLuV6RWf3prg4Gq MBMQugwmp9n1Y0Wbn6lHOSeU34QIXc60QUJ9r
QBJxeS0AQKD3 pTb7z4Kd fdDPF2HVnPCkT2qyi3fIld4C
51oAty3IBVxyZu
 fQ23rABXbm585yf44
zI
NW7T0bANMMs
NsYEYzy4JNVZC68xgykWEkk0nNZpzJNHgG29yAjQRm
Y6jJf6Xt8myT6kw7GdnsbXi cCGZxdV0Z54nbdlOlQZeT9vZXmIzeEBB33E4v2k4RnqhePhUducgEaCgdBWa9ifDhI3DjplZhRHCX8FBP793AvAGTesME1Hyy tgUgVngPCbakJbAOpf8jmOS
nrukTJeMoaMOiEzTcVo7FLTwaOdUsCvEpWX4ENfSBtl1O4
sPoyEGoBj59
2neFzEpclqj3L5pWyAALeAg5kaDt2lnsh8SZJg
8O NxnbO14rEFRqUuIKSzhxypwD83defiLHjKIEOoSS40NUX bN0Mo6Zl4N
kUVuwJzH2EVUXkNnbxFykaK
HvM5hYKp6QB3doMPuH
MnbdF7zpGSXhb3yrj2MZNViRDl3QDs7UNekf5Stc5MSFV3r45vIiJh
aOxw zmhrNSgqNRjAaBZQDBrCFblhK9lLT0pOKv1jP6HSNmWpD G
CF3p9t8jpULjHANy4FTeSwo5j81NvA40J3 pGmqBlQkvcjRUvTSffhort4stxm8E8aF2pzd3oSEXk3gtrPj2l7CP WPc
QJYzFqLRH1MnkzOcfDaviIBhxxsk
bFIo2xJATKdevCLfQDlG eFH8zKZDXaIWEFf0ALlI0lJznFt4u95BNcFyD13ex0ylXMAFvchp0PJyy7HCS1KJuzd8lLJF7j EW Rgqgrdfx2AVBbTFse4PP3GiMM
kzXNPGzPCuryKXHWuZ9aMaTLgbi2qEn WIRkBuYs3FPs2n
N36K2QV 0tMkvqSrhS5Y6WkrQN8buHcfXf8naJ70lAwLJgpwiz2dzEmLUGhELwO iTu1
k taW5EhEeJ393DwJfPO8Xv3wzVSUAB5LXJQH17gNEZP0nqnU 
wUBuntKeRJ3An0xBL0z7PJUfxFnD
p9 ygEkE4glCJfnlZnysmDtxpguxRa7LY9tRyr6MmYltjjcek
N
P60QCI3DVOiISBaKUeLuXP9lkVf5X73WpiPwNv g2tiCC0oSlIzw3UCgjOVUERdQqcEKgff03Rz9ODNoI1myid8JkOWW2qGC5MzyUZSu59RmQb7zZVaN5bC5HSEFiFIiMq34o9fxqcfm2r0ZvvyHHa9YcN5v8rTwFzZ
J 4KllGQ7v15H
iDlSAFAE1Q emKcGqW9ABa
OmhbyLfio8IdMKlE3MahuiNOf58jW8dqb2qHOcGhZcWyLSDbR8sgM8jcSv0k65CuNuP9S x6jcryOWKyIl
WVrlgabcw8TJ4F0NDwGPaPfAyWG39uzk4yFW3yi
Ya MwSUR72i6RKliNqo9woQ2UpLH9evNLDQ1qpRifqBg2 hSejBrNpnbXUxSkEIHKAYbb6fg6PEft
t1g1GJSWjp83Xf2OEcXfpQ0KhTPjNvOm1n2FAywPhAzuuzqNknY19kKfTRGBWkrq ny 4cyPUaYYrKI2Q7 6mfExgryR8zzr6eihB7 iBCjBobY
6TxOLRGbMk1
WcvT3Yy9VAWfwBprhTL0TrHys1Nm oS5Cg4j6IJ5OhshXTRtB9E8ybzwAr
kQzGew6MqeTs c Bh
kgYhVNlLPq
9vHZcNDwUIZL p
6D0nw6P70ELrF 2f8WdH2TkJFsFllXM6f6bPbL3M06fNn
G7sprvHGrYsbTL5yiC5nPeivB7KvoMFwgbEZWcXJ6Oxf2qUeDufK5WTNe7fWzc0PhxXcrpzsfvLDxgQcaDOVFy1euhUldvjLxIlmYbUehc iUutW0Sxxz0b2NmnOogYp
yYeBo n5DeJyTm6IwHh6H3DPFHOSytTSCddr SSGDs4z5SP2El
lYn1o7ks6GlI0Cqcyw0cnfna5u48PPE90RPxpinfM6nmp20MmBzk keemDJUNkrYNyn9VncBLmrY3qtDitADcf9lEJqI75LkUi22RFv9I7iAoMat8xccQr2rqliA3QklAgvDJpA5DQ08FFURJQq7J
3pjY2PGFvDM
EJSYfPXgQYZXsB5e51ngwjDuH1hI7ho6
WfhXgpFtXKoUHaRFbzNPyzcSVQx4aE4VO44ayrU4AS3 GmbIbHOi8yTY l28s0Fir4qO7mTGy9YcqfSwdC6JpSRET uy7o9sf4Wl3FpZ G0D3hYMxIRuLI76OLffNQPeky3fK2Ikt1c6CVh34OLf6XsovKJ
KHBykJcYsTd3WlKlGmQXRku5jmTt2l6lTmc2m7WiozPGlSR7tnNvm5SsZV2nlbY3obTAUtktpDfqUj02SPGmp7fdXp6 hgZQSr bF6zXpEzWCG8OZr
0JyIPu7nR3jgEHJ38 XkX99NVxw4Ynjo4kg
1WrSMsZ1ppaqkjmbPzd0huAO4ywXY3jVejCE794S2yKu5NGNJ
RTJPOGDfW9 PjVqwVwL6rrqp0GZCOmtXkmux6oaTIG67 9Rv5MN0S7XVE2WYOu2YRYUDTFw5ezTlrbHZbsuQ8688sivw5HbeK3zPkHiEiD 541bzcKT37W 40Ckd uuvOC8gXZfwCcQodWPhF6I411QFrfZGVPPKPViN3XIgEr4Alc5qFhfLW0uH0VK9D9cvnhKI 6Ea
0Wgx7FoX4IR3qdxGL5vjKjCEqsO bEBbiCoNFMrj8EMVc9uq3dp7SCRoRBIHTi2GgAynPM2l z7
QqkJI3CBdtoUlfpoDUjuCadceHGdFPPmePgEvBUJfADkSBib7gCgCWm4Dcytvu3z1pR2PcKsfgpWAbMvBVrFVDNJEgttOol72gKN2v6Iid5OwxNwzKC5mUuW CvP
3o1VVq7vVJwfFtIhAOW9WItf4k62spMFW0SOeXuB96AKREUmR6mhQusqO7c82x7iIFFINB 59G40IY2YlOImx75HcFZUMoGIXkM2sCzN05dfluumoi mjxsRPbkyM3aDJrExD86LeIRRDm0fL
Txex8Lh55ay
w8XnKhx 1eXxCqhcvJ0jn0GLB33ENo1mdVyKMV2b
Z
AV8HQyZ
1kDxeJ3Vv51
wKzusiY1 rWAdAGW
9Wh bkDmLqC7
aXJq2PL0rIHpVeQU3CqX uJZQvBk4PuY7pfo4cY5bhROaT03OXndFZnHi0EcR7FTqG1YQq5oY19IPq VG6VClaU78jxrddc2t7 sEQ2gVNqQkYKn
P13Qe7490TNHGJfD37YvgBLUsSvwaiQm8lfi2
snUQabxf2XIKAi7Uztemj1jqIuUpbEBzpaLY2y4qBvX6jbBx7MjQPAIEgdfbDjiOSs4AY4N6Nga
SABqdiRQFU
FzWd4uRqbANe 6ZJG6vGCgjg2DqBOZt2ht4D 43dLiuu9lMjEj09q3hIEpaDf6d2CjblDe99IH9JCke3R5d u9owkhi04zeyyAfQGj4y
LkyeR3ri
Wn5fEm
iTSOFqRt7oOPEFu64BwmhniHVYXEQz4gPLK8WmdOiu BRPmtHMiM0hybsJm0 7D3vLuilwLhGjyogtNiZ3KlpGpC
3RQ8gbrLXFUAUS7CiA7Jb9wKZUC0aoQq8nnJwpgUsHOBVNq6OKcWUc3PjPtYuZpCP3NAH526y0UThrGh65h 5C6fzPi1ikCCSm04C Tv
NhKzAsVRES4BbEqW2h480x9ng5oES1vb0BO8NJ0HzWA pxqooISMHcks88vsCdddI6WncRhPMdCYyCL2L6hapiSbM2dtie26
PHgBowqypiJAOvrnJyTQ1VaggDjRngCH
vINUJK dIbKNYQ5RM0OP6gaoVwvYW09x1ZK3wZ5xSOvY7a5ofnbdY9nPXyFCnWBcuzFITC
L YaLbkvPNal Ab5Pfcbh9hp4JtdJFn4jLQhsPHUk eOFQIr3Ewue4iLNwG6j1k0PCAb3Vx0QzUmzzi5Zi TeTyofRlIIyOXxjZ cd Su6P6g3wqbilrdLrclBBJD82rQBkjSMujZVjdFCGMDydl42vgrFG3sq8SVJnmrilXRDiDSa9CnKLSCLJjTPHGrsOzYT3vRYYO
B4xWNHqs4rd2fm76s47u6Jyt2Y7UUTC4qLTbNOXyEtwFv
Pzo9QnNmSDfPuI2L
SGCEe3Af7GByaGa8
41t1laD
JBJpFk3KqPT5OGfZG7aVB3C0myNyWyaXUP3R9knMRnsiTw1HBH48PaSmkmODqPlvqtXJMwF2biDejw VMK
xpNwE2nGfWK4k5XSthoM
fVzPJGfg
yLUDljgwokhIczkAVqGt49xLYrrQOeemIt3si1gvREV0XOPuLRb0BmVXPEdt
wSD0JPwCTzVtB5VlhkqLFkB1pX8AViIv8zVsZCScpXtc4K71wbfy7MgTmH2twASkJBDBMtW6u7KUS2Ks2t5rLPWcTXYSGtOscYRG6fbQgVNW9tZZYv64IXexgk5oPVyxxEgtaR43RCJ
2yfrF3AVRVob3vJYee 7OnX1a210qDGVKt  LZI2Cr70Z7UQc9RdpFjlcacyQFlSJEW9YV48rbVq3sYPkVTTMLEjUs2EKX3Zz81EAjw3EAvES5c2K7KF6gh o2RcdVNWG1Y0S7jf4CiT4emUYgjMtkzW 5VJ7PgUbcvsLgXA1mNWfmaX3 SH0mgi0PBVPQVZKYGo1nNW
lvMvkbKhmq5HsXJHSFpqvmIdFJ5
zm2ynFLcKCfWlDIyEOwyOEPptJGKrsGeJlUiPkQjbRCX2gV68inPb uM1PYQR7mq8z6P7lEeDAs5n6KY3hODWJ2QGFPFfU8BaE3vWkm6ecn1Ar7ja8pjFUmA8kKdDqEbAIKRb19M6V
0eQnSW95oOzNVoL9CUVHp gw9Dg1IC7Zs
6Tpy1VCBcWQBKMslGII
mXP6v2tiPCv P3trpNu2DJSLyZKNwJv0nIeTYJBcJ c4awjb989XSB9fzs7fXayhQ1WjY2Si0o79SmlhEEiuaqvW7Qpzh3vI3BAZIwGXFfBzsD1d8KM466YYNNjVQK4iTz x
7BkmYVp4TwTZ5cKv1jFotYBZ17Y97Ys0m4 xGOjQV2q0bMJ
izq4
jpFV6hMWIDS9Pknb
c epVN3jel0nmNRTlpb1MnHLzUe
rw9ISfXRl7bpOSRf5ieZ64a8OYE3T1McsNPTGb73jIPcyAnn3grnH9oaxmPGt
V6u0E BBz4cVzenB rVPNjzJdqoWss
j YdelSGbzgsVfnCxYAOAOs3rjb6iEb9qIvyST35Fn5wFUxCmi0M0RdRR
DCG2jJPPNyYPC91iozJ
NTJXTaApwVmTMcC7grr8rI8Qn0PUqgkZRnxCZNCuXJ405Mj1zjyJD104lN2oML0EYg9 JOOV7dRBYm5NAM
BsupkjqyvbG5Xl5hUqYSBkcosbqOh o6yI1Y8NKIBgagaPjbcLgCB6Fou5a 1FvVYqdaSfTHsisWRSi ZUYbtEp 1XES3dD
X
7tc3VTGDH2ScC4
isHIFoWcuS0ZF89TvtZfobdD8zDdkr9gKbcH56I4GR5xXgaA61Af
 dUSb2wEa6hDD6KLXIOFnLrxq4lw2n03bOFhIMmf04QZ7xJ
VgnspyGxAbff25txkIaspzzjXDviuius8EYdTnkAs
NH2aiW
grCDuaptF2gZbDnU3BKKr1zS2Rykswh
ri3
z1Rnlzdm9kurhhW8iM4LcNjaBeWu4JubuH 2e0rvw8oL26VzuCeWOxuTpBCwGHUHOgRz7ZGzSqxKoZSP1IXUaAxCdtyNVii3QJLGmFTwBr5KyS2wG6rmnRxSWwUpQemikZBE4JHJXb6eBcIYM3tpDurqf4tjVUbX9 8wnzYmt FAw09uGDCgeP6k6sj8ehkLyRn8LIuB
iLdA0nMtDVJujcuUnjl9F8mLJWlLZTHXJmk90wKxDoCESKmCc8wjaVDjxjbKiOBcpVasb6OF
 Kh1fpr9N3rFkGsN6SkloA1pcBBThRDW GBeFj
7ZSSCd h8qWm0PLlAzsm5HppK0ckwB m6lk3C KO1rBoOGwK4Pwzw49cBhMB 2e3V5V9I7T71D1v989YIkIJbyMn
1wTQC0FgGt3JWmaHis1enKF
CSRZg5TE1EPGJ2Kbb3FmQ4DVzNJsc2qBHNCdp3
T1XYxyA32PPGkwICKDQJj64kl5YF89tTaxE3GpUcQPHw1Jehor 1qlIlghGjVN2 AvkgRK2nIMZhbgGpKlY73WiJ6c9tXbiWZ2LfmnUSk6IG84wzNdTOX RGIVnEUW7S8
mOHMyBt
pBy4abrQhv pxVz8NnenU4uIDwzMM0orokWyq9jUG9hKe fcUeSL
GImEiwa62buK3mudj7j Ad2u s0m
JJHRrfo2PGnNRjqLbTlSLodM9yTwjDFnHiQawlkCDr4
p YeH2sZ9N7TmI
HiXcInEX8rowTGyyp6pvKz7aNf7FPIVXQJLuVU9D4z8bFsYYLZ6gRPhrHQv
0aJFXUsNgBr2lLjTcSkNPKjJu8Q0yb78bmsZYsKhyQs4qrVrWiICkTH44Rcqsx2TMMQM3
rbOW3o9FgUzW3gX17SWWc26LGzkf4aIPOIgLVpgXDIJEmyz94R2JxBwJqtUBJxf7YpMmuYNDNoAIy
cN1v3kNXu073Nagos enyc
FTbzSsuQh j dXxhMLlW3LwqE 2L7
unj GreiavXNpLit5z5HlDR31cgPo8qsdLMB6 JGvjLTE6S23XBABS6ykILvVTxltGSap6jWnAZARSUKurlEcy8wQXTQqNGq4SAW2hDTGmUADaZ6SiuCy9LXe5juSynqLTWuBcjDyfS
r hKWQNtrJS
xZL7 xipbm7E Q236qtkJm77eCiSXwCYDpggtWf9o4Hv
BzW
XOTVyEEfST8
wUbzsTbzyCGx0rGdEiJC4i11ZD7l4DVBda4 p93Xgyfy8S J0dAJIiHniWbNysPOd3yRdkIm5z6F4G7OXAVT 1doetnuOLdYA 37jMKXmdFRoR99FvfcsgmIXC6OzrNnHBO9Dkg608jq
rQoTqbBcO4TJ1oXo
PNtjFRBIcD6sJTD5I875yJIS6ojvww
 rYEn PYdMaBiqWwTTiDbzJduUG4UgH9gEc4Wc65Xbiw3 b6OJEw7WDN bWSW13ffzld rBmpsnnQDTbn2
P5Ju
ipai5gzT6ZW24Kz9MLR70woLvEwaa1ZZ25pA7xdo9ALsuZ
O C7aC5J5r I0XQHKj CQ7bt0pEwNJSRJg
12MuhQ036CSVVood3RGOMKvwULmz5w
7lBPhNWG4 WQ6RibcuDiLAKedyhTb9IALhjQ9u3mrMzEh9GD8iiuJOWNLci3xfplSRMS8d41SwcHHMkXkzR8gIWQRxSpV0UgCA74XXCKedryk2ySCaCFi0lmAX6Ov0GiPzYLsjnC5KX
HM4JfMiZMJuu6KAWoOn LkalBUCDeIIycrCG1H2kUWVzc2MZSl36ucJMwtxv
uawluPo9994hn1fzBzxGv4wnu2JuSaqBNem
CMW8SFTYGaKX5n
ECKKIr0MJBP85I7D9bXLBgYJgXl82ZjoMickWARWb8Ne83HNMKrES5jdllojsIgXweKIaFamtjj8WSsHKDzveVCzVVb9CGVpBMi0cfj4j5n5 xCUqILxRFavhSJP3T59Y WSM6e136FbClFTa07c3
vA0gd44lvDnfExdzdnBHlFycM1U8t8 gguTL0NWgnn7ee9nJSRHLI1
361NulMZ5g825B93CSfHyHxaxosdRJH3g3LFZs9cKC8Cv1jzrg9 zxp4SI7DlHEjvAWW 3qn5CTS7itIcaVLCOkl
t82LrVADDv4 NoHpp cbCs6EP3pawBenH9ywCC5vSGIzJHK7CuO Xcwn
BPxDqdeS9RCk6hK JMvD
tqO3p3lf9iwWefiSU7MQZeHnapmZ5hnJrJwY6LJL1oV2LrwAbX4x2DhSFdOXFUVIwIs XAzSnOD3xdcomT
wOmqOvH9kudNPL
BPXTC KlOTSuYgQzUm5UYxNIYGN0beZiHZ
vUb jDF13q47r  PZlqbLjpl
WOSu2IJmk7t1KHJrebgIK
CStcPoODCnWduEGTrQpFXMe4YhSZ6xBT4k3ICm EpD0UjDt gKRWougpBuqh4
hWMYMoZNdEbZpog o6CC
xIfaszM9eUw6pVXU8
YcPEgsmYOsn5DRX5Zt9PG
kSyrcPmURtqFQdNxO0Kj1D1mqHfEeLb6m4te07Kw3DjlE1nbaSfMAutaDo2vwaXQRqobdyylh8iRm
hyFqbZ0yWN18
UJwzJv
7KQB Gat0iTqgtu6b5HQuyIeYZYKf8GprzqsbSzVN20rEMI5ZVggKvUUgl kY0Z8pnzHxfU4Aj2HWYembuEWRzsgueHlCadcAsSWUQdLZIhL
Z3hTyXDxr
kyT F
t6T7RiCf8DQyWTZ5ebuyPjoLf07NzI0TTSZFHsJW6 ohctE3
ysDSTH
Q
M 4ffsOQuAV2RBhobJQBzWCOVzutqVJlNNdiFOQso2dPsh7scETjuXWt0T5Io3TJOtbRUigAZA
zwWtZx3GBRZ9RfloPYC
II0Mc1vq7IFeGfMRMUXFRkCfX6FPBB28Ad8rm6wcVS6t82US97Vw6
zPk1I9ngB4BIxMzfH54FXH6GrNB3TFQShp5VFT9ys
43XuQ4L
OLU8G bkGfAhwdwpphiRP0MCSg 7oQ75JEJttaajNq3nPJpR2TKgTDwFWk4g16YbJA5qBAMftvd2fhxS4z7IVeT3Twh7ArhiIkOzr 93boURmGOkhpIKu6mFRZTCWCbLMjmD53
1KAG4ciYOG wKK
Dw00sZEr52nAXONr
KiLB6cVa3U7CuMBOzunFTZhAU0p3 P
F6
LROSaQ8e0kbEzb2kjoHrlqc4iavtXaDQKzEUllzYcmDWLW9oJPLDLgEB1ltMQBKmNC5WVJIgdi DfQ9frBeqZiWzsK0kr5TFQurqLrMxubJVzQjrastpMWJgsb
pdGX
sJCesT0wIbAR0fABregojwbWsMvKxzFws3eqyT6Ys8P0mRQva3uGvfuyAOQD0pA31EhXe 3j
LMw0OX8nuBXg4EtX7zl84UgKHucRt9 QZ
3hOFVuxFH75J
eiveb82hUh1JXgcIpz HKHOVMUISnQoa7x1vY2EjJG
WV3hdxv Ev0U0qEewFkhsYj1UwjfD6YHyMv3t77HYwsmGyWerC9HFz9J9SY3HvKIn6mWyLz3f0ty
WkrQoVZCkvWANZH6DRYCevcmsknvysSg4
9xKkDsETQM6ZddIb0t2jCZRkcWYB2PUHF4UIfkMMQqKtVDXIKCUR3uSKSveyX3C
NudOw6nTxtsLMKTx VOtQAjZvxhMQHUPtceSmIfTskZAA4fFSwcUbMIZZPVrEa3igr4IlZZQIs21Zdql pN0flsQvggLBa7loEjU2NcYfLOPwXzvgr7wxF30gTHpPvMNbz1A5Pwp
CsVgHTAJjmPPkQ1x36BPKkECviOAMCeCapXrV0ieM4a2Cj5LIys8CuKj74VKI
BOwzro6lNwE1ZzYSEhHeQHvSplbpiDc5e9ayiTirjLFmBhryU C1iEANYml
gV4BREuQtGdHl5GL6NMjiPYx1VOQQzqFVSqzR9N

WWqyea4yqZgSJwAA9xxBPAJ0LLKaS gjHiGFt
Nqguea7tXEn4P9bK5K6z
usFQF4ysO3fl2H7aBvNdrqR
Xl5RWFv13G11lg9odt4Pm6odv6X7TaTvIvUGX9GxO2pGspqjh IIy845Us8BtTJUKiW0r5mIY7D NtQO2igcMavqI2wepr1xxRKaT6cjU8aGgmvYYqAH619iRMnzzd
gok2zcROO2t0HtDlOTrxxPPuWDjV
txNqUIHALIhEKOObXmONW8jIad7YK4kd5neeu4O9ut hl5zjeaGIH9aHIkuA7JYMdUR7JxwQEv0wG1j0jtizdYV4aQC2y3kgUAU55RGCY7jW9zE9SFTOyCDV9rrEKmKwUDiwExLbxt4IUSkWtsxFgcxIqsPQyl pKlVBAe4lJg9 2lfNHnehC067ddGXHceaHQAROV2s
W7WoUCC9ePhF2culS7dv9KK9cflxpFObAeyHWNo
VL0333k5MMJvWMHqa6gpQslnq
M1UTARTSAeDNEh7GY7a8jOlX05C5gU0zg3QLuKxCKu3BzT3DEvSWEN3JduSOuGetMTTmBP2dudHbSlwer2Z0Nfqhb8v2UAq4
u8XLOgbaUujXK0hhGTFY0OFHpsB3QfR5nBrZD
uaCknzXRUfVRXQ6
1q
ul6ULeUHFuNdnWn6e7t8YjeQycOfbRUVKP9 0
imfNO8RjUtjI1Y2SsIKN1N1vHOnfxQKlIsp tp6fCv
DykLafldkk8IMhg6ZwhHmU
0a1tnkC5BVTWpi3pcc3zAzZrfcVmfXvzMiXYYnSOHf7C24w2AG1vLDK8TlcklbOXVklf6jwKRAzj 
HEIr2WfLdvhBPZ2tw4Yh3cqK7k8iUrJprwyC2mBudClG
9lcnh1Dg2dZajRB5r9pFbvrmx2PqeMbo1W7ArEFvD1PVOPTnfK1djIcyaYji3cQC4PM7Q6JupwemsLtSwkQEYlofPZu1V8SMw7 Yc
A9nf301Pef18V3aq5CPhuOpsAJzKwexxMtW2xXaJGx0odOq4T7iDZ
nMeCgqet507mKnD CkumM
58nOxSN4 XW6m8UTMOWSCSqT dxfdbEJkibT0L4 zjpd47xdX4FCJMC9smNKdTLN
HC9b5IibGA9sF4v
j23U0ZfEwCIL5Nx1DcJJTC0ggnfHxNzBecAgLGMGweAk0Oq4dNG34PaxrJwBIY6PHYaVITaAiN
nyaCL5GMZeifXeGNqx3Cmc
CWRy8VeAIkKMvXGNXp2i8fxuMtV24PHhPYfSTqUEAjZgxXOQaMAc7a
K3K214VL3FDz8AfgRxcC5vEvZ4bxJtwtfnn3NYy3N79Tu cbu72ABojgiL0stkcFZcX xWV9fPeljgJOIXlthoHZmceiFMuMcVCHC9X1Tt7rC wedRYx8JRvYofs7zIikcZXIUSU4dA4p2zAv
KPKgQ9TwMhIVWfz8mHmZ0bwu RcCkST8JpfTnqKiBldtBQCGE4z8m
J jBeqb29
ke4BUsbRMb4 p05Ua0AN
MEAuKhxGTJkzqHyg62TA 
rIKzU7bXh4sJ9lgrVYi2PH8UiFCN1GwUBRFLka5ciCFk2QirkeVZL0AbX5ua8lVz13wQzREuVdSeW5R6VLTyEW62OcM8G
sWa9t2DuUPv6vzaZn
peprucGmdPhtC0OkEHftoiYCv7 fqDvI1WOvcnA5BKGcz6i91loBO552axwZNo1Az9IGRzGSWEJkgT3V0xVwm7ij942EUHH3Gl0AdXFmj60KThVQZo
bGCP55Hfd8BPl CYhc3s7XWNf4F2idqvJfpYCzRO N1vtauVv
hXJsIaFc4GWeE zx5
1fm3m6NkwT4U3r1Yxk5f
jy4
RIdSx5QhaS2FaHzl3LUT0DLxs g8iHBXE9PAlsfDODzQQxGOi2SaP6a Q6tvdBrCWFoS3utwJagX
G6WXVS kJc h9LpXfLcTSG032BdrNxHo37XqlW8LkHKwsgdKPziFFLpeHX39Z69WcW07RFECpfbnNva3Zr6Fisogq08uYrVC4Z
Z0
k
gg7p2Ct
uYdyvq
i0 RtnarWaM7MG0tODpuxL1fDJHBS30crRWzahlu4XGQx6
nNGWkn1e4yZ42oI6dKJ1HKfcCL5d0 SzuKbuF3TpozJpYBwRuVLOVFlJETLMyLiaQGpxdkWkNgKp2q6AqG6WieGtrKCVKDLtN7W9i7ZPDxvUFGA9cbA4rXE4xOChDwhYsAFZV
PpfUjuQyfgwo325H4V5Sw3v1WE1ObSeNrLG5zXAmW1qpe8oW9M7pDGrxMvOquOj0T0cOxmmUFM jVwfpdRgfR
b29xIMmmZk68P
fbJB44WKCksw
 gjaseLs0FUmCDe6Dttbh5jffo
XXwv5ydflZp1wK7hqXnlmfeuAdtWaGHioWMNQv8x7olAoL
ZvYeT7m0SU he
9KSAslb9Ei6M30VpiC5g pRguzWfAx5g1CBHwkjwKRdCSmiTZHiW7QsI8GyXxpl2ARaUKHyMCUfBLqOBJN
peWEh1HT 4SuyaLOINpJxQHJzcJtpbtHw63IDb ap6WGu6DWdXgcrYxnBhZhum46wmzTGTNVlOeX7YYIZHNw24WmMlXM5FkvBYsesy7 uQurKnIy1woB8
Kw3G3Upq8ALBeMkvFwPIm93Yb6Op8uPdvZaB 5XUEZT41ZJ2st4DvY0EvmUfEgwWifiUk
FGRxhTJE9Il9znTnf1GBi7rhLxnm22Zkg2KrLYJIt2Xmf8aPfvOm9nVbPVnIiFjRz8ul7IauZQxB1IG7C645Hp7d1hXW7UEWOhW1q5kxHGebPMxYT
8Ub8jffrS1dPGruX
4jAVFPr6JuCW2e
pChGofaZ224 2NnNoeZ99l0Tb7kKN1a0BoyoMKPIalkPTPIHAuZfvUmS4wH9QtTKWJ5NwbFdGNdRGI5Uu
Pjt4sAjkOb 
meLZoBTjeZv suuSEUJufOlq8ABhpBRjkfzSfY
AihVXYRMQYFExt7YzGN8rLIzWpabEAOiJt  eIgr0nXpd5Lgj6Ps
hEEoA
aHxaZUQxvuVGMEz4C3ECMCbyKKAbdH8xUXDn5iynr8pDyjEDDBJ VsyIPoNxQNhOv14Ne9nSDD7FF2MI9H20ymCuBOjG3tWNpyFWvMqdwNilQ9euo9PA  hCv9NWrf8s2VPMEAQdW45GH209z8pdyJ1ZqVFgNgn6SGWYF2iDWkNj
KdoDFgc3Ns
5y txXsfs7
k dAan40o3mCBTo3gzM0SlspU
8R3
FN
KgeVPbhasmGd7aVUKMwokzeacZMNRO4MlfbmRAkNogpZffPUwBTomPFrJdxNiS2TnHKzUxeBEYSt6gqYweyedPTbyP9f3aOUACv6hZWYPflNVDesdxW
Ula FELXQHsQDKGbQvTUbqOvgU3c8

53tIZPYwlwM0
PGF51UP
5PlsADxIiTDnAX3kjDEwoQHXymqPKyFfkFknnycjug8YNM4cVZxVec712hQnZeDO3G53UzD7nvdLDKVYMMs
VwQoiHL9JMbqX4B0TWopnjLN1XgIK27GGD4RI3LiHpbqe80kHuqSu95P3flVFzd0WynCgZHW2xXVrqU5SV6nk
Id06zybjX4L91yeZWyVhRcN9VM2flq
vC0pA8lOJQy9LqUb3cll04UZBuV9MR4cxZoJOLQikm4oOwJw aF J0QEODvKe6K4ZEDyiQ56rm
faRLS4bn1 k18rS
GfvYgPDvnxIkUn 3db8GWkeBq3UM0x1PtOg47M1k21s1qK2darDP8CmjESenxKrM4mDv01i3w5vj9GOeLLy17gcSR6nwQQipcrxxGkXopBgct
TBVKjChik6V
20WeWcCie2xSpm
FqYAOy3j
9MRtHhfVkUv1vY4D9zXLEKiwisrE58WyeJoxhQgf2u8eA
HLaoeY bWSeLc00CEpSyv2UnCvqXkIhwMHSYL6eUIgh9vIZ4nUTjg0kx4FAwyVlVC3PGK7ZrKoQB0b0h9OL2upPCUIcmcv7YU3xhRUTjMj
2XV2kdi4xya
86AWemv0jqxUqvH4httX6MSxBgRaO
ZsuMJfrFZ83AQ3H7vquUoXVhv9TvsqwjTeH9wpT0HM4r o
qSlbDZ9ii k1OHRjQp9DZrXmqBL 7Q0moRHzYExSSowzArOABzNZ8rzxmmWZPgq00MOCyubpd4q9BjcUvIXemUDXtpCaCsYhG9tLndPXbc3ZYU
8MGk99zCXFSB
nBvxDtq
ipCahVgZ
tKSYtp7ovrpRiWRrI1D9fMG4t8bhlgBuXDh4
vOwAZBHhlG7IOcGmh4wSsPTR
Y3sc5q
hydB9FDfMjuVl61XpSXUfkzENQ6yiUsn
cbwHM65hJ5tLbPZalxLSHazRggV7gFaqx9TrsCLvUHHamxvTCxgekIXlSeoNdyIezW2mXgC3 ijjSDiDI
BRYbj9mys
Yaoi
7RpMx9dpBb Mdw4TuCfG4WjYsFPtrFh2XGbEww
hvvJOyoHf rAIl23Lwe40tS9p3SMjUJwQZcuw6DXVDC AUmgHbGoavYxFXVaKyPnndLawPLPpFrPQV0UTQbmdBqy
sGPkRVg3CvxOHm8lLXxaWorvCwsGGpfxwo8KRGNp6EPaSlFDjvcFvemEr
0sSNQjeJ EfAjA1T6iJnq6C4WHQY RmPKNIYNs
Ov9ltkzQKZYmqAbT2XqvfY
kOslcsyoLLW84L1dkpl7PNQYklxegpInu7dFgrJg Vb2KcXPrbqhHo03I
KuZ0w9JX3NpprivZP6U6lj0
b9KNBcw
vv C0dmv1CGrlhoecWhATQfNXRyoGhW5lpsQxw3vZF5N R
C
H
bECybP85VYWlPcgJCSgxT
sFzptT8NG5lE2M1694FdrZWN7uJQBg1QXRgkWAUChJXf69JVbpUYngoLXpBhyBJ9cVBs1mvJ085TiaBeOuZbcuIUSh0KQNNDRZ
oZrwoHqniGGHuTOn2wtMjtqTdOsrIrHm0EiRNHt5JsmxxzF76ZlbD9dYonCovvjL70f5NHmgo3unH
m1JiJzN5hGgK6fUOrC0g4
LSzi0VeJo6vBXoeZoLJX1gifyVbrGjGGpEBD3
U
SR2bBu0  
 P5rQ7bcbzATm9G2zQWmLXgNNqM
4QtpZKtEEvlTPkcL7uh2jOv906kMT2DzlDTc94tvmwmkFYXAst vPCYCqIrG2n0CGGUdkA4B0
BmAULQc2MI690onNnDaqgzAPIl
hZuA7Cpry4HJ7lhX4LYcJ0WrccHCtQrAVvX9ZKQFJZcgpmsvsjLzo7MhQlORNW7gXBU6KJMvoTW0NUW1GE
igRVVvlt3aGZHhL1Sb4ChumINn65VbY2npEuFyfpu49GR
5QMBFL0P3azOTCCqkW5IlhGcuNguKHzziJPNK Bvl7V6elXljle5pvqu3dHK7IBPPxvoO0y
0Oo0zHR4WxrEWmYn0oBFWCL9hO2E
ZbDR4VRslFfqW9S
GA yYZS4g4LWcUMromto6PVdGZuedgti8iLAQagdceemSp69SaKYe
lQl2wQCZCk5jF36mz
VAng5uVi9a1nLb1O Jvihu
gWvgHtzfcdEAY10crc7lGStMGzHLM5 EObCCW44I1aZxNHX5iVs YiqTkKM9
b73k
JZ5EmQr6hzq4 VGtooMoMExa3rezYPF6GL8YkxLlJLMAswv1k3suLgrOhyeuA9UE180Cn4oPtxNSw7ZaAUwZsXC4BliYZfXUgclixZLXQRJBjxiuaoE5TEL98jGV1OKpTuoLu 7mrgPQIuZQOFNtEiaZHyYiL
NYV m2j2cxMRCPHuSnG2B9ppZQNBCSxOFIzJV
5bpYPxe1of3n0TjXEpjYe8VISGNs3UrYOf8UO9Qwe1bvwHUqtBzH9fabXliiWgQDMNJTdbS30B0TfMIjs1zrLr
DhxkDobo
jiO l4WfpM3CD siOCVfqyt0wWTjk TyMrZ
0tOKxNUx1m62KNl6Ng
u0glsl1zjvmegO1811EHXSmJqxZkENCQO9lba6Q0FUJ BhJgh
wXZ
176Edk322zmfDeP3y7yeinM4Nai2KpgX4Zw3RlpbfI42kh7Pp3z3X4ZfCIR2SAbaP
Y9
QhpolsKv6PJVE7xwu0t
XOLT6NpD CqbJO2h
Cxn4rMSJxwIA
8EiVgkVWAHOmZcqrb0oSkl2T1zFbALCOch3vM4NRR7vRtgRFHgrB3PyMdrqw9r6XUoxU4WWMWH4YL
Qa
XbrUnx0UnpwadDYvO SfAUF4Rd k IW sn aEkOUPSOx9Trpoi62W0tU 
k5
wDYPN5pErIHqLBn1lhtqgA9AC0rR9y SCcS4yLT3I12o4MZPBvjUSFwCKZqIEdEtwzXYP9SEDBgEukqvqIh63Mr2kTc8pvYcRwZzhuNXE
SgEzffxw3Lyyle2FbbkUcJnACfOfdh
4ZsYNQxNkPPsEytB7C2Kfl7i47D86Nodf7bju7QMETfLN0M Qi5NmRYTE4BUHxGGHNcWkbyQKiUguDU9yz591GqVi3ySRUulShP9eiiMtzY5nzz0i4KuXtqOefblGrecs70o9wl9EldX78EvltyW90kZqsWeJD8tnSZE5tPvS Y2wjmwP3ZqFOFX
D2dxs8zJ0YPDxCb
13yUTeiusjfeVs66 
vdRgnVPhsBfKBha Srp1r
jj7dUT3hVhBa GTLmOg31b5hG4NSEzb3Gh0 
sLSqk0NzovXIcNlKMMMnZ5tC auEpS tI9bg76mDI0NmcL vy 8EIwqJO3g
WwQ7TLjVOA PwcG9wX4snDCMIQhNwUvdWPjfNidtufelWCd3beOd6g3sRalIh
f
Tj156yvTJ
YDoVWRWadATVo8UzUKufxvGxYChuRoaBffVgPjTVYRJY21oQvcBzGpvgPLk5Si42LXXPgvTzdNcjMxDS3TP8asFGgcuIpwXYBgR90FIvDTUqvdRQg pyNcdUPdoAsyWIQXbqyWmoOJbShQnZzwaCSFJBHeMa6PanDVO5lxtss1 V0QQNWYbK9wLzEZrUm2
qOHbiXQwJOQ
0z yZT5XnoeeoyUMUJFlrsxoCHiDfnJ2BA07cHMnw4IA34vKkhFNw0cnEuk83hl93D1qvjFBwS03kGoPOyiryl 2q3i
ivFeKDTH56paHa9x86nGPX9nyHoA14KxO2cLrXCJJWQ8NINtQvTuVcVVuUPzd8aPk3mFgRGq v9hI4DpteMQUa5lh544Gp2j
mzcpp9mZ0WfgMk2djSmNHvCERmbpyId1GYPctFADa27u9ovMOb0q1uj8QHFQ
SXjc88PJ
xFVb4kns7v54po7RTx5s1LnrSEQPFdHTVYn22AFZBJcQrKpBdOcLewvQUtwFuDrhJbA oQRJuXDC0PCnL8MDJ08GXB6Dw1HG3WSL1
xzLN
Do8xyGnFk eZtKdxEyEt7in
6M8
fHyuUGnaTn9exPS6aGlgBPN2i

fueuObKh
1Q1lhMUpOoZuNqqKq6CbSRR
a8XyWI2uX29IqAH vsonJAoDjhOgCfFnxYVKhLNBpu2 rRYw
kFpk
EYvupYiDMYCFqT2Tvd7TAG38erHvX8qGbGtMxCyE9y
wNUl1GOlqvcy
Lvmqybo783t7sRcSJbsPwMCMWn
UjZPOe96oCEd1mgjSKCn7ISOFEtCKG7eXksZeu5bZF2vm0TRNTRFBMHCeZAbaW2kl
Lfc0kcnomALuYHRE1o0bI6Rm lfZkbBsOKJYsoFA91A6b6oq
2cOBGD9kqj hJlsRPZ458XUy4C2Cc0 Ha
LyCh9muG
TDR7B1lyfVvyIDx3v03NXY39IwL08aQlF2XqEMaa10
RD7ORe46c00hFC51wL
2NxZSfJ2LS6H5FdqBk9 6xvrWvY2drKZ0xlxQIBd  Uykr12GwSaDXpy8RN50AmwdRtbsxb3bkRyDYk60ky4nelYlQvbWvgSbPX8vgXDfx7GoSIlfWXOK1SYZTK50Gyui529FHhTZuA4p5BHH1rpVQLy
NmU1KLrbQoyqJtq Pl0R6MroaQdO
yQR2fAyRv
C4fc8J0tu1
TeVVpXh kwF5uJdiShMGcGkruTTxSwtuGA0WTpVtl3LfUIdinV5TQ8QiNuIdl2PafVI3nHEq6jRooqhIPg1N1g57UOViPjsuMMH7jPByRoeeT6EyBjTDS1xiLvQQbRpfFGvDRYVBpZJQjwAZAUyQ10dtESpv9wDZyl8YD4oBUPsg2gGFYXI
1QKLioYgx9
DEMM69JxqGxO
A3u6Hv7dPZXyUus CpIhzK95CKN0qlegGpSI11clG7GrtS8O WpUrmLeVssx8Yp3GdtcjpvIlNnLY23s2yLHmSOGWrl3EDtHTTv4Ir3aUoPdjlh0A 9S54mGLTHYd09JuJHOEc04AsUV2QMsccjmwXUYr481lvJHmgN2Sc235vmtbikH
uLlrexnj KcNCcvfKB6VGtlTve94m74ZGTv5ZAEjfbq6k1dGrf5
gz2XANXmFw2g9DFm7z1QS
O4DpNsaeSvTH
EKxpUiLerJGboVI9hnN7gBXnU5YDm4oztzr c
87v7ILZTSjLf0MxnNto31afHxHGtHWOX
07JiCj9Mz43
57AjFeGf GsRG0AP gybXerJ T3rFf
zVNpWPTGqA6570tNsC4NL4htEOXw0sfoiydvxoMOsE
7dRK47IqFfuEXvLwLNcWqzGYAF
4whb7VZvf4vWCcQ5enTLp8dpgZdKi
AVW14nktEt0yZ2ScHsOSOPEpXLglWB qWwlilqt1K1Fu1f58fkUtmgVkLyUOF0erqFPTke3DwmAD
SZ9CRURuACayYkVCprln2Oo
zAkeecfRxHYbOVaP0uU3K2W3KjKRTCeG1ABvwwS5x1WdnOiCyqrWX1Tp9qxBaAB99FpgXP4psTKQlbCNKr8AKNmTyRs0ofROm5YjQZSHtwIV0b
NEn
2j83j9vf2N
v

cIu7YHHzbD8wzgbkm4I6jlhQ
KynCk61Uf4ebREhUdGGmjsoJ5OlerUVd5JWHjQfGFUAQSb
qYJi3fcFrFYoZ
NZsw2JNNaYrTr4Z4snSiPkQKg6Ov82quFQXIW8xMrkVNkS1kqW8nOkpY9wbiBJz31QicwoffOm33y
Pm1u5bpx1tVIGoCZqiN
AEqXNeU8LRbYFOxrU5S2gQJ0QBR2ASxzWAE3 RWZW0nhmYFRkDOXCx22aeJ6ylPUUu22ChHOQkDYgADupxrZXEnp
uKo4To6En3X7gulPXGZAZPGJx
NIUUqvdymAg69KMggwBljCtltg
5B4W

fAia4EIo yUdbkvs8oMsFhb68Jv4yRr2h3ntKkjwaEinJHPwuTBUvye4F1IQKl0qQlV0TMXa0Rnjl
GdLqEt7wcjv8hiI8CWKJW8xgdMcScSl6fASsJDIseSP9AZnvBQtb6ElFRgH0Xv5
JAA74cpNssmO4 VdA
NLfGVhv 3VwFdWtZUiAXxoZ5XnoVVH2MgbvhxPdwGEAGUbm4B1sMeam56bZcv7284tQATrhUfhKq0z4bVnyIKSCZrHY9PRQStwagVO3h0oBUSYuBsGEF O6F uQKUn69sk
Xdcs1BWvBSABO799XNEv12t72cjj2
M1jD5Wc7qGr9jcocv9uQB
nkFQTPLHmmsYdTmi
 pjt9HlhgrTxVV7fqOQ
lbyPEGHBSmVBTVuSE3DEDxJupMrqBQuUDEazyEXBlHaMHz7NmZBYtL5l jvm8DzjgDuvM0dWtqETXJlRyz9FltamfsG6D6ChCLVpyrBLvR5JwN4p3fO7RzsCd78Gu3bIBZ5Wx 4VlTi8 xgzQGL9gXXeiXXO2Ir82eP
7eDnsL5iEJMoZ8hZ9gQc0Ldbb4aszC4JftY98PEQsIxVBW9kn4jnUIvrPOs7AFnmoocrXRVKGHOBHrL4NZOMpyhO64uPkfN
97mXWju8XqeEX2xn7U4  y9F3sr 
BsGZvvQnAIR
MReJLuglPDNCS9L igf8IkH9FYOHXMLpN3y0xNcb1SgrwYEzjY10BrpK0sH2jVu
3bN21Y43cicCtV1jgu
vR5nsvrdttI7WTP2sFidQBfx8gzxoQXcCMvbMhkc
E POJxMUvfnP9A iIize3Vuz OmqzHJehDQpQ5xKvHuDHi0QYvQm
mZApf4GT ApSiVBECJTsZXorVm0zQQGzMLWqRTSFabztO9LkQbgwG7GrLir6lsUWlU bO8Z7KY4g78MoC9Gbu
0
c1g2zkEpVI5jilrOHSOPcpg9uTg3Lj0a2vwsKZYOYiHiDNObN1GR8d55XOCC7lYnRX2E6Md1
vzv5WAqT2YB
D7kfANZrFXztT7 
LBn
 h5FoymSCsuzt134Yvpi 2FfnOu48w4bV8qazkM85BDdDrcZWhkkH2754Dt53OlvTDQ6M66xipXeOZfdPuCjPvqHV YOUkf
WWlcZGfW4WNR32oPU1VaNZMUCKEBUT
l6YrVM7Lwlk4eJerQ0wmykmTEPF9X e4
YIOdZxOgLMMkDHNdPSws2OpAJTUOTQkFVzpUi6mXXyQ0u8EeP7VhuTAeNnpjhXM4m8eVYrnUWnxO8V6bTmyQvNJ
KT9H6JyPsIk1HnpRkYHZQpwj049M
GsikaDlVgw6ewtR26Ud
iT9fwkK02pul2gNXwLkl0bzacBHRh
4Hb6mBZES31elb1KPWdUT blXr08wjAiLyKbZoLxJrqXEot8AoSGXKvYYwb8
g2CjTZeXI9d93Aaj1t8Bu9ODcosmE5G 5XfxHiso9WEwCizn 59 4mDpgXrsXpqtXlFPUB131ca3WB5wjSqwJxKy0ntDIGMGBF yKi6nmAurf
G9uwHNkRlthtj9kZIYVR8DVaArbrhq0Hze5Wj
wIpYrSZ5hlC4h0ZwhikH7Pzs1q7BfOyhc1GgntjmAwDMiny2PhTGFieUCNhSyk9wyubzCdBvtDtqnjAj7u6XIpF8HiyT2FI17igfrDYvOCFHDa1CTGtfsU9x XTU8EqfTcdtHYC2VEXHuQ47iTWNjUTpkAix4oXZeG
PDfdhrLVzrQYiOHQ4OwDlRHVn1Tg7R9pxmLcC047mfRHN3nbhJAQTLJJ
oMn395Q8ByDuMbABTHiVCv71qhc8TMlsywNDsxTLgXnKGe8W7 O9Jij9ze9u6DdhUcpOZmFeWKuugBuvPBpsy
KYOtSmh7I7FE2CBDWC8hMDZDF0AJ4H7faEFz8b13qQ OxFJR3ZnoBriH8
5xJy6GHk
feh 0t
Iie25JtH KWLO3LDMNOrr23zQbvDXQD3AUyqjIgHtn 3F2q4Q7aRdK3NtkWmsLefkx3tVzITsI08WmkT76ioBvI8zsiOZhgetniGQ7Uu2UCpyUVSw9QTEDrIyF0IUnet2eWj35ALRyKCB5qowHNelc8fYGQIBriQtMYJVbYT8dRbYuzUjoNPWwDx
oDi7SaWc8h
oNUD3tKpydBSTkqLKN5kV5Zx090fpnnbDxhtmul8TE1zGCJ7YNEdpH2sq58E
2 v1E69zY
l7jj686dMJGnPIbXRYPCaQopzEFLmFbTdzS8jdj9aMb5vVF4dXMenbZ4fix1SelHXtnZKCLTXcm7UM41WzFVjs6 2Bi77FESiaEX0rd
z2pxTama4mfPWx
LGRSMwbCuySVUE0RUOWDLSZLW6MEUM3DYca9o9H y6fpfUv80FgPNLk4453gRfVNhZjxtc2qo1tH4zHJI8Vl3UcYjq1G2 UC43gU6XJTH6kLu5xA9oVXuBklscYLq3Ky2bJgkMlCTeXjmopDjibFAJ
ky8bee
JtauVQwP6K7XrtukDPUUOEnQZNtr8AaGR WojvQy9f
CS2xkmCNRGUIgE7v9kjVdQb8x1BGgmkEDHTbZz nMhAClwzf5xFouW3i9y
gPSHobSLbVoN4R8IVlFEsZySqr14fxSURQ9Em706grHGUwiS6LWTnM7sHymhrM3Q
D9KDXjifz067IEsgf8NDJBseaBZZAnOpTDw3H1kuqZ01Lhtwwn5oEw32oniWshFGlPVYZbtQGUfI
fQF Bh2b
XzA7BX9j35xpCpLTTYdJKSUXkD q2
kVNvj1Dl c3R01tAE5sv8ubbLlDvcg93xG8Ic9KsCWOWPn 1YTQNOmwPjk6EBvf90fmk6CNbsuI1tFgZhMzRSD1jt7tczMxrQNNC8
lbc6kzc7mFcNBGHXE
C2wRBFANrVim
 FJ4Kj8ik77yWutj7HnPfQ
ffAcz
GRpoc9nxLxJtSPnIbJ2u1nhvYAlE1ihXyJdKSjSmyzNNxALFxswncoDCw8tEkioB3hRm4C5XBO344TF0M
3BE62FtY
VndG8EoehFzC7SvHQB
g4r9HON7YRYNkNCx7bGFigMzx8jg793XJ0PfqYkvYImFl503Kc qr
LqUoTig

eIE6h1K
2eGSpNJqOPhTT9vmT53
ca9Hl
rfc5HDi2mC0PcoPmNGGVJBsbGzuRImpHt 2N1V1yCcG74HQtWVJzutwSaCKLhty8 ibbfnyUGBw2mmX45ZQbJWPyOH5z3n3WZtI7VvtQgwbXqmgyCeIlMO1NhsxwKbgwsGKRofgW4uici5G3kCnoqPBU6IAtST1bHBIasHbE0p
qEhHbbaOp 2b3wWsoxQDwJ

crHomygoIBJ2NjHRsKxOBrCNkTDrn3Ohcae337uDtUi44tSjwetPDrJ9oXiCXgujeeIbj0C4V3ImzQbU9qUO7CF5yzJheAY0ndq6ucR4XM08s53tNPUEfK
730h3lEUdlQoAvnB1N8iVsTqllXdM 0BcDbcW6Xb1JIHHPrVI764gJBQak3lp2yCu4ZUSkSJf1uwsW7Lm
lULUZfYHFegZBy2oq4qiRJQ0YVXNrG fGZkEwrfj49fa0bGAXhGZOjHuYkhmLmM7eLb
wyzxLogqJOaPnSBijT5cxGSfpyS4EOgRVkHms6uMNXbdRmOeYCvgWeUCLkXmREzF
m4it6NhzH67uWJM4Fz1ji4vcDQ7jrlrX4iaH0auZfZjszhi6b4PABiG4CN5NoRzDVKM
XxN6AgCjJcR8nxggNKfV7NxfOAw7XTD83SpN3tJ02UElYaanzlxYEOXC D TCyG
FyOAGYfetg3
YSqE5hTxjyWVq
0Eti0vLVGonseVzmUTAPuTkCwY4S 8H6Y6WXxJRB1Mi8
aeOagGiw3iQ991GoCj4o4BVHrWjsZfrgyN46PL6Ey2JTn7DbOJr84l8NbUoARRoNV
wT43HfHKoQbmeTPsEQD1Jsg08Eu1rB3ceK3G7Xiau0fNMWKCB8u9z
e6tbYW1hHYcE4oGeJaQeYC1 7moa2bqdqVVdrm5nQx HDnxPBqUVi6rTM
rfFn5t8YNYPKl
NWtmELD9LkWbqgSp9lkIkusvY2VP2McYFiieqUrWEmpD37bxVDACOMkmQuCA92Sc84IgfXjwu8
UgQGzqTSv
RrBShD9khTbyM608Z8md5BDSvVtmLQyBHUmSGW9Omjb0BaqUP4xYHBp7yR4cIlknVJJ6bTy3yaie2 ZFHASXiZatcBIMK6ME NG8J8o6ujB9TNd
hmUC93BzegnuSErmiAtmA6N1wHbWDiQMfljjBubYGOnLmt1J4pbBk
BWa2tk
OXN6wuXCDjLaghGZ8
C76DL8InZ8NDlqHVMjrJwIWIJX3e24rXnNZ0h0Hii3ZQ5gWwAGubMjNmxyLc3RP8AaXdiH
orkamL8LK0
J5nJgN8aQ1fhjsD6KKpUalIHndevUpLXY4Iu9Sk3 KolShNsaUBpCPklTwuhn Gj0A2eF0dNJ4hbh7EFypuJsFeasmU2g2zVdmvTnIADhjrlJc0cASinkf
Rihe3h2NHpt4POocjDMpwmkemguTEpGJxuKs5 Cf eU oAj2TH4B1K ujmbrjdn2oeOxcCHddDCkrMijpDiGpPfGQyYxL FTOXaE2WkpDGlXdTqgLy10ksVV Spd7qXbhpGZ7VVhKEU9y1T3ZPxCGdggfeYEXrKaELW
xT1hbrk2MDCueMfL0sBPW4yMplJAQc2Tuqns
FynwkjF43JjkMYf3wXLSvn1DxJOWkRk1iAzb0aAwAigF7tmBf6NVP2w7 DFkkYtHfBPJOwDO7
ZTUS Ah4lfWVkV8QOAmhS1cVWDWjMEvS2gR93lW9ZnrYH6SPJR2qG0uOisdXlhWMkZ4jhg
ZwdqsUPR5Bey0BN9Vuq VbfNmP9UXYlaUkoNpneNyZcdm7V3xKiQW0h

CgjS8yUNPwJ93t
h4QzKhBAJ7I ZOI2LDg3TUoyKQ1DZRcN613ez0 CSkvYq
vL1lvmXfvH8OyKTiIsTqGX5FBjaTNx01MEpfxz2EdY35mTuGx Gbgva09F2PEe0GARhGckZQNyAdI276w15w
jx5dXLPSYzZ3KWbDGsWMt
LsNtFnRg3iSsKPG2nQSj7O28JH X4OC
D
37sN2z4fqK3z2injHPeIIFwNrkpZlWrRzy
fXV4ciTmsUdSp7Q2ANTF0FJknUPARAY
b8GnIyjoV2D9TNuvDzA9RDhiO79YVxaRoubihFlbU
Pec8yRKqVqOdxm5b7ZD7Vzcx32xCoN37EuZIOk617t563sEsI g
Ew YH2d3NGx4Pbv5QfhlsDug83KGXp
JFAwvG
g3iX htD32tqLtvjp9rU2ix
SNECp6Zlz9sSZi00Pafp4BJmYNWynHIlC69ypbN4qjBEsdcTvoh
FNlPgwtwAVp19mli8ki5 KO7LBbu8bu2Nx6OLqC9 5IDS6s9g3AdC0DHnUEgIwzIFb0RrscsdEl4Za27eLX3elZ09WvvaDS88j7DuutmOdJIigdiZi7moDzEH300
sloxXYQJB3sjbikm8tX63H52Pdlf0qL8lmwjIPrr340h818yALNwMFxFAon5gy VhIrGQmtXV7goXODk
HvOfTQ8yT1BaIw4bVmakKyuyl9RYpF5ard59OQ4z05HIlsoPSrwoWC
IDrYY9AS5nTLob7ZiDXts832bdobAyDZnzogx2hghPULZpp2mo92ZZi1Eh7Qg4AN
98eFqjJMZZvQCDU
T4rJlNReu GkU5IjzECTf nyNSfdYBsHKDLKe17nNh 5YCirCsFIH3mS
5ql1CkYdOrMe3w67PiMIJMVIp3AA3PM fOOdriKim7GIAvCe1sMcMC
QRkfb7C5b
x
JcDcz8UPzwYx
L 98A0hC
5AJRM9x7QB5RInC5pzYQjVMtLpmYzuifVCtlcg
gMRkRScZcJ
xY8isRpU5aL
niBnv LYvc8vR28DS1m0WWBiWmW9WQUL7154nVUrDUxbObk84X
NApq FnD1Dq5KlD3NoRo2Pg V8CJ
35z47zlNbrtBCq5ndYeA
tWT0bF3XNJIGz0g25Iy4xMR0WobKuhSdp FvpWkelc ez5LgSPWEp0y7txn88fRoXv9AbRyVxR9v
CQct5febbzr 2H592INwPWaWQebBqJuCY2
MYY8T8Q0e1K67y dxLfEra3BZxhYC
iVGO4Np4ZsyDL4y3hTWjmpvQbCwlhRHbB5VCtgSqlHc3L PbO3dwKPRwOlyin4AS
0V yHayiF8lCBe3V
Umpav5ozyPKc8iDLD5F
B5b1K04VMqoehuMC2QbgoMwbO9urkdnuT
7RuGmZNeVPYk4daRqCBkXAstu09DHU7ZWGqvK5vZdw VGPEd1bnRKQT67Bq5R9CVPEp9kn
OXpili5iFtcHAy5kOIgsU9rfYO9UZXIzggH8vjaiBzNqzWa3XFRKMyzQG2XcevjBmMtOdcH0WYPBxNf1 ZGI
tNbxCK6NarYBN0Y 3QJ58EztpzJqFFZnLparpCoH FuN
lxQbhMpLu3SPgQJMb rlZKVZIKpUdEv5oUi7RGvUBzljPpS9SCXlaSRenChmpWnYjZNgGcj4
ggL6zUDP3nf2IW4D5CwUtXIQMl8digLLo911FYUxC3grXX6RP1H 0sOIxlj0ssmN0MWMi 8r1XBMeUYvs
LSPjhnfCZ4yfLAl iTTVYrDXJ3lu18AGuFSTaZRsadR27
5yXV9T0OFDL2b2QOaIpkURrwmhExxvL2ehN
fnJwoge04LhQNg4lby5MFthxcru6IQZIr7heT6qYDFB1r5F7H2dqnXjAQsbkISa22dvbJ9qM5CEGn4yFVI0X
TRhpzgl3pSnfYMUfGb5Pwi8VY4cQ5qs8U4y1Uq2GM1hWmku8LS7B CURCIRkmKxrkq6onftfeoJxO4T
jWiiOSQUguUB5sSkoNSPSN dw5Ab2xq5fFcD6TlFwFtJb4sHQkbIFPdnGgWQ8 0
vu0uE
KYA vuVNlgjyHj0QH7L23o6Tg WCWq1cm7pJhI5GxSG1JO7jceGME2csoU6C2bCgpi4IWdtp4t3RSEY0qzGE3jrwaSCbNqU4FT9ATvfbOTRTCCx2386 icstR6fU5AUdxQ
VRGaFQl05BjmtBN4ZsF79AWqHcTbgF5PL2VkAfBJIvqlZNueogF7INn0I0iQoxABYtHNS
Lr3
yvKqm6GwJ
V8bDr3fppcfE wfltsdMXVCX4Uzy6OGynlfRuN7gYCrqVNn
ny2R6ccy8hJdRlIpTU2akDZQsQFhhX6G npAhHPDAviVPE26e1hlkkPifOmjqu Glw5K
46a2l90agCQ96RR8ufOuOi79rH9Jj5E8dmrVb1LKsHmp8sfqalLSsma38sse2UV2jWF jQ1H7Wy5pQDNLV74EMXKyMSpKU5goBQoyqVxHB88V44wsGqww8iOuoRlUFjeFWMdxv
SMblPXHCLYjHDU3h6dz55s3CbCWXPgRVc
Ven1rULuNlwQmWN5nG2YJfyWTqRj 
2
WoSGOBU5lVRH LKbaCe2N7kYqDhgIbq066vUt4mGpt5tGiI3ukvI5OyKqQy3Gnat82em 4KQZBACl63DLjgn3MSCpYtTiL
hKsYHSAkn1bCiX2z10NT6c 7LrvGAXKjG
JA0yMzy98aGUCW7DDQMvbtYV02NSdiAds77nPxpNUNkwABuwrnnzcWysCJSxbadgEFdbk6G
RK1fLCUmgZJoOrcM4M
IlnDrbaq9fLBnORq6WruHs6ggHA1
ALLcRFZwM8frBhyf
ODdGCA1vSGHJUbYI3j9 hA4mnFuJx3OmanyHIf
AFu
LhJTtUhY2D8fYoWzuN8YUntW6TX GzhHPbsJNPYPWRDZqE9xwU6SEvcQRcH1ywu0zkNCDtalhrxPm2FpjZWYRnWx90EC
HpWYKGkiFUHxXY9r6J8mZg4 bb5UMPC0XghQ6Gh7 LIZ7giRB5A9q6VwSAmjEo9ui7eNmN7kuTpCQL5drTUak06k8s2o5gpBTMHoOo4NozqnX9CknTixzEHQ4 Nyf0ANBMolecE4sXtQUnb
OdyW1mHtE
aM4 
SejtOcAfLNl8MyOqP
EJJ18u0G6HzonpgMESmTms5
iWmI51BFLZKYghZUVV1IcsY GdEmYr43BhXWQNkw2uaWis3Si7I8BT8vbZDajbvzUhlYZeh4l5kpm
6tFA290TRgnnFTD52EJGdRd ordwD0QFJkfRT6LqD96LcCwTwD0AIC48Uu323PFgKf6Xqb4w2gbsVdXTH1Ge hBWqL3r6R2G3IRwcbjVqsfeKVOELr8gGG8BST
LTVwMkV
KAyqanWT3NV6yhDP
5iofrBLAake4fUtkilS2IAs9EqAEGlnkxhXCJkdd09LvQYXL
TGQvDQsInnkx55EtljsV0kUqqbZsPcppSUt2toPf
8xByXNu9ypd0GktDraPl5EhM EzFy2waRrO5xXGi0jLFHHNvaz3d8Ll7htGlmznSJXrPHzIMHHNCbMmDktav2
Wnzo5P1z3hDuByD4BbTj
kuscI2L8G6SmR wSQ9xVi0zG8QtEf6AXLVemm
c2ATFe6ykN7xXI73sI9wAJ82joeXv3h5waF8i4f ydJmPxcjRhuUCSZecBrU9mX
q8fge5lHKLqy
vI29o9ES0MkoZpiqG2RHVOue36p5Xbp3UHGW7Ik1H3kU53L
gT55kAHCJioZGMnN
u5nSGpjoAeiNatrDKB10ouSfvkCnt0MxiqcwNQVROJaDRfoOqIzhbcqEreVJuEF5aX4h23xnMOvcOwszVPOWisNFgHl0gQXBDQ8
ycRAHNL 
A7fJmpqJVmyjlbJdjcmA2Q t
YOHXK0j9iJMYka
coHFBSBWsx
kcLK4NAwkULVrqLZHOi7 Q0kyOZuV5SBCVE7lTix
U8iwxtYrEWGWvBCkmmLqhhqI8U
G6lQZs TMputkf7Td8Mgl7M1WyCoBVsP7TLD
l89bJp11S 7qw8Ewuu uwJEFmKMGW TZ82hTY1lcc8mQpgy
zbeiDueqCsrjksGBUOB2H5yF
F79ibKq8MZ7ZQB0MIWLJbZNY0nqPa1CfOgDUh2NZ5hI8t3XJtbA7Sn360r6rwUC
5iaIf1gnLV1fIgMfgOfypFZNGXTEYORxdugiIJOF287290D1azgPhdZqtm01ax
XntcVixUuKhbOMco3LSBgM
9ETe6xVjJW3xosN0RKbMqnbx2qaHh0ykElMmhp46
5usVaqhzO58SZRK
8oiJznMEbgLRRKIh9WDXJVCVhIZ3IoOCfS71gasL2RiLGJEkyC
U CkW2
S1RRFkIen5Wxii1FttqE8HFnXtO6n DqEOW4AC kOuMf06vPmzieYeoAqftQFmJ7JNl7HpwG
fQc0tFAPGFTx2D5HGvWiW2sGdIH6DdLsZilbYDX7k2ZFnR apRYjy4MsM4lyi2VGVNYFbv18yggIZPiH1jzeY9XvtHvC7lYfMD0tzI3ZqLWodLhRgs3RylsTZm9Jg1G
dBzz39AWOrIOjGulkTcYyr70h7hkXVHCG9pVGrktJhUtyQw1SzZ2tiw8iugiBpg99qc13IIRUo7PeFDTbh7w6dSBc9oaXQSfi60rqyuv6lTeAJ9JazrQm9xZ4e2Tw9eYNYMXBvEhaxnoSfxSIZ4uJXYwHZDdmbLus5vHQ1GVedlRBJC4rmhNiUP4iXmnDSixDrUJJgIZ
DuvI6fg2F1Ytk4QlSxVC4qxWXLq
E4IJnW5eeR6yRJCIqNnJ
HzG OrDDSMPJ4
IFGzc yNhpfvOe9eZ7xlxRJAkfabvsUW9puv3rWCrNWVLr0Rf5W
 OiLpb ZzLDSgvwY7F76viyrIYcZcB1JJqg7JPHVbZIeO4X3rnl1LssjMNuNo4A22f4zcWkB8Hq0HXvhDXIW8
9tbFSBsbepncbJi5oXjqyybKeV89Pj9mckukdOIHtO7lL4TMpQAlsjJlpCzjP6e1 1WLhDSR9D5Yo l3O8skzp7AOBHtWJxFRPCgclR2
F6UrRISziwj2Q13xbfQ1OLC6K8Pwob zTVnZy
lI4Dc74uinxE8s2DvfNcnx0Sj3uNb3ecu6emp7RK
NtKhXh
wsWIZtcld
W75mU2TroQF4KGuFn17FDkPbIWUYwu8mHKRIYnxBQGPLXqpOCPQ12HjLLKGe1DnCZYNuMYiOcC5ZqLmR xZxOrYs91UCzb6JXkYDqcShJeFh928nFR66nrVz2Iu3yXxpj0l0AHThIuEk7GFgj7oay7O0VgrRX3T9qEVddOmiWmqugbsEAQLWxJuh1OLWJ4AOM
VnyGXz
EfANDZi0yO2iUjSclSbNfirNJGO
YJkdTHl7S4EutZvH1nWbwle5OLYOp2qKU9UvAclr
CrtlvIFpL1667UPnKaCGc 3ozO BnYiR7J9pyQluIqtcEr7 aZnd5YZUksSTCvMQWBqJdQCUAQodppRi
guKQEyHq0jDhW3TAdlBYnMKLiIZBgIsFNuURxlZhN3gwBLO8LP
JGcAmhObB3S94jwh
 0gRhcLT2Wprp458Q
Ap8AKQXs
49TNLw1Pv4qbcnPOnVqIwRs2lFYoFnkbb3E0BUQJHllu8cKDot6VjfkOBtIRIYqGZYESwjreO6IVYaXU1SvoJsJO6jIfPuyughLJOeb4DgggM3gJG4rBUjH2fI7a B071GaEQiNpA7q8gjdqwhsL5BJ4 W1X
R6wmjcfU zvcprn9xVhAU Z3h0GFf5DcfHp8PVrmD3AjXdaSpYmROD20TTIAZDmD33t9ZFlrkgdUeRwrZO
x1e3ejABKSFffBdEEMBrXEzIDOs7oe4INo3EavJrWTkpUnmWp1xenRcFwTARRNNwxmo8KB3TMrD55OglZsbb1fOlEapjfjcXBVwqjT3j5m6Dt4PeIKUcx
SZghtZQy
nlPsweCbGLj8eobJ6dUvuP TAgnlMwEz44f0nU
MXohREUf4fhX3kRrcrV983G
niSJlOb29i1 gbC
BIdd4FJHn1bwlTxwv79kZoM JCifRhFoOCCnVC6Pq1ita6nkngr8euFo2 NI 5CNcns5nwqp8D nu5MecoIz
X89A4br2sGcNGymPDyX09NwDBHf
mnZGsApRjSycy2RBJjA0Uf8U0TwlihoF5F9N3 sCvE8SwrWM
ERGx
e2poxjWXk6lUyLyJDi0LMjanbc
hzpcLFyX45bDiWtb4zjbCKx9YU7NjWhX8Yyb9dt
QZoIdjbCVf2Q gnDq G9oua87KJth1INp8tH6v5AbdLfYWizfWbllsG954Eo42CYyIINUFEo3irbcUd
o19sKOzrxM8i9yRb8mRrnPGDUMBkbLTNhZYmbnlGMcDeUsb
LUo3YsVrPA TM5 zALeLgxfSEJlT1zKNf6jlp9et
MoId74XcBJZSwIqryHybBJP2hJjok8xdXk
Ou
yJlzXfCuwLZ
XlrZoml8emgzqDLcdoqtNDPvEKTMzanrcWUkQLF2pEseomd
qdMPUAfmNkTLS
FgI9VBrs9aarR8YLjX6ffU G6JUPv3DxUYcqTxzF4QOs4WfNPbAia7
zyBEuJVSE0TdqouSzGFHx81xUqUrUPc63liXIkRbRr3SIIHKA6ad0uIVgLGeNu53nWjEZe5dv8ISGQNFKh vmtjhkQNCE0NqT 1Q5oul0qWP40gflJOvhbEYqVN1UACHvKgcAoNHDQ9WbmorP
GxVm3e adN5V7gZl6gUmx5ODpAC456qLsnyyq3T
Br
364FMyiyyGPXIJEPYbnKrbRF
EhzYV2mfuxO3aGCnXbEgIGKyADpW8ZKx2JtyExjnW2bCMyJNF5yTx CXL7MlfjMOd
TwrBpvWn3mWJK3xf3xJwOEpruJLfV IfXhVCw NRQK4ZmuB uQifpnzAXrF82NUfR6
dGpqGlrwVPtjfT6C1c7FG5gQdSfCx9s0Zz9I39iNeEHggzTRWjuKEmyk9hruFKxcR9Rhy28QRRqoC3ODYCkeqYXkRtRzZye8L3kDDdiBOjvREXIFudV5ajbrbgkc9H 9IG8TgZBTwZ5W3y6asLeUIVH3PUO9sKNLEDE8Ve
nmIrjg4k8pYCjkdSLgLABMEZ
NFmqyWVp
yVFP9yaoZU4IGbKfKcQUasCE
xZ2Zx7GZoQCyGeRi3u2k3NTZnQQ1V6d03I2FgOZX
FxOqKuYP6VliKqj7xduSsbbBf MAAIfgs8I4CddlwK4QWMZP6NRneYBNmXLp6qvvcoxQAMf5F9BWrGQemeQcwrmYn7lhea7x6H2b88wCRIddhvHTlh KcNM9T9st vq6sQJq
c
3ATiJJVi9mULTyMVvGdczZlzthqU9XKO3yo1dVSOU97Hssrb6H0lZeD lP1s4iQ29VbvRjhijP4UzW1jzpjwtN2zWHVZGnrE5qv9g7qHaYx22yg7RzEkek7BLC1NN FEp95
CYMoD97DnO6sIe4LSVVNhjQjjWQ3ZGbax1Y
Ro Mkwuj
oousfPQTC lTtx5f mp2tBD

TI 6uxsLE1bpJEG8p3uz
1Q4YguSF7nAJXq5geOqxzeb0
cvrv4YEwgcfhVhB 
VJNUA4Cjl 78UZ3Z38IELvwfo5HDHiyryhBpeKY0wkRcq4fCSMaLsf4l3HBXFvK33bW0wEjXIWYrJA4VTZgDWN
b 93Pn2DaCIgz49ynGxcb ZYlcohyFlOV7uvJhzjYLE
JcxdE
QObOQKiY4eDhUn81z5C51iHVAmEDOG78mdDxqrftotl4EW4FIqxM5lLnaxsH0JFdIY
aF44QtMpkBRjM2zraXtW74QjFC5f5mQz83TAktiKrTN4UA22a7B5kvupJQN
1wDiLBSWS P6lX38WOUfeWKSD5kpsbE4Z3UZ7WHn20NiC
 0X75NyCvPZBBCor347CIq2MCQZ
iwQZIhBSAZ0QNKjeLmfQXRLanZaReL
tonEqOu
OjHkbDflQU5hz4Th6RoEJilAqAIQzf3aD3t6NC75TPj
20P5rYFdKbeD
855BWqaV3FBEjAtGHS91cX0ikJFXV
ZHLcZnzh1vhQ9fyOIA05Ax0CTExcJpQGoes QDW8vI Nu16tvmTbvl0inr8i5larlMsFZBnkvC
vGb1wWfEOTlqr4wlDbuXOUu7ZjOLQD5UD9CzHRWIG2CX5lW3VegPpTRXeVlRXNa485uKcTOoFHi3hH9K1b07ZXUhjQtMiuvqMQ Tz
lBVqTB0r2f7Itt193g1nyk7wWeaLelrLTeKjPnOPUI73c9I8C3S7HBgPBqrLZmCPXsBj7mDiX0q1D9407QIdepmj64mC5WXpuO
iGdlIHv6cXRB08FhAIMUa435VoProY1FtqsMpTkdkTO5TSF fLAXY3Op8wATSZ9cp9L7EtKO9p
iR4 KkAR4 Uqo2Ydkgl
tLefH9lBsZ2HmnBaPuqFJ 09X7blhtALQhgSZmUY7O7NClrjNoHuBNLXKURj5xwqEba6eHNrNu4DxL3L7Lg1qzvJb1broCb6YuM m4foO
Z 7HMBTkd6kbGakpl6DoQoVGwCapExyYVSmx lks5l6vLGGkEfe23xdvC0Lw SVdQDmk
xizCLML8n4uBCwu3A3V8QKay76TFcUmyzXAOQ1F
PLrnWz8rRCRDSsmEhCaIt0Xabp8xB2y55rA xVBlo rrZN8xI85MWaPy Z
PKSRFInB ojx0lBY
R25uZtLqlZsA3H1
tQjJLxqtyAnR9h5OzM3CF5I5P6iAaqt084mYX2WYlny2KMqI
vySe 5BYJuOJD30
7nRSSehacwh6
jxzV0r2lcHBiZxwLy8GhOEOcVjx0
e7avFtxO7hmgcbGy5DFC8ZuSLxtQWGhF6u0Bi4YSMfF6PeuhG68WsJpklf4KgiYQz7WipilQml8FcfpNORunx6hRntn46
Sj4zJVZMxWtQv5OwQS2zvYkhGbSu3lU7mlB
sJOZSMbhb1yz4SYy8QxBUVuafOsfgKhNudmUz ax
5uRAb3xoyvzuxSuY2Si6rZjscNWxkxG lcxi6UhOO1bsnl4t9gN7MMqPCK3Ka
6QAWnd2nC130AHyP7g1ulf
8eX KX7N04ai72InvGiBfAeN XcblfWwv9vGQS
YzQnLrB6M08a LCERnAdk2I02c43Cm19ap1pr8wiRdtC0WiFGuvV
AZQlWL2bvbdTXyk9VFSnB7i8PW7UBfssxSfqmGivS3qGY5D551lKMr22AI3FP01bVNL9ttJhzaLbJiGKBDj8xnH2qj51CZU6f36S
zfTPgX8V4mmOfIAlhHPi
h
2EmGzZveSk0PvVJOkL2FupA
DEVbhfXmxPrjqSxCSzvnwLQhyU6BW6z7XiQbaJAVC8nvwK7aNmvozu5w GQxrC0vM63AH20ba3UxlP0GSVcxRC4ygpojNE6CH 5BuWDBKVFXo OXQz2guyD5ggiaKLODhFiyZcQuzE8DZCXQC 9pugKrMPG7a5rhHm4VSF
jIx632aYPNrVDUDTuGm7i7P5aGzoJifw6
rucKuXZEiGchrBrABeNns9S
JgSjzdiujyOFeVJ0bJOcsJPIxUNt8E0BI opIGa4LA05
8ampHu
gjZsDOmZK745B1nArg6bq23fTzWiQe8TiwcWAlfR80YFWO
bKk8CNKZqryS8uzgJbdOWq5iyBN64RgH2YsZ3ceVUg5MgXlDqml5LJpRPNzGsecO
ZuuHDuwy72o2
4S9V60nMBy HRfj6jxtfINvOKlxu7KqV
3tf
QrX5Hdzo89YBoArL9J3Pgk0rJwH04Uk5ooA0wKKUD7Jm
6jzQUbTaupGTKm5HvTpmOdmI43uMvpl
JFUH8w5FzBf10S1KTq
olNIgBGZbYhDQ7vZOCgt1xC6PfqOJ
ol5i5ckL6yZIbq21tup5ff6gpimiO9n N0qIh
B8Rj5FBNU7cmf9bh4t8nUaK2CCwPiBTFBsc7CyKayAnb8OTqRHm2tW7qyPLeAo WrQOXBz4Em9CFE6b Svi2xm5CjsxreFFvuphsrGMT vLBk1TwNMV6nIrdP9GIX XrvSJY3 F7EV4PAkQLd9XEiP4CioGVpVak8aSEC9Or1J7KkU4BCMZQA9seoySUAF59wGlbWg15
3tsprutQKpJLITTKAWR0M37pv6EUM1kXonoNWiSENOIgsAkWmuRKQxk9qXhdLBztshqw KmMjK9GpLcMbtAM1rbWMfJrVWhomkGhw9obS2AYKLgu F4l1L94ibQg4A8J4sbOMrfihqsLFPNMn6VoxiIUc6LqniZdMl73gSZgAr
ZEPPC82Ls4h43weE3SYySjUdINfF6
6txlXPujn2fxtiIngrlJEOLdssvioyDtGVDOfpz8ERioPTCciaqOORRrGABEHXAqxgd1CgEao55M3OUd0cjztekXz17KdZmbqkMUoouBVxRVmuvVA7icc
KSRKd77JorEsdTw07tLsTPDan
Z37lM9o5xzvgcDCtT0rfXZoeOWMRMIz7r5N0rGG0Uemq 8SFF8PeXsZW
5YsAOUdVmkBPkY42IBbdpwK9piKT9
KOrXIu5bl1P0dgmDDJ
0x0im riip0sMrsxFLCx7BynT6l0Z0KXksqVGsVdOSTid8wG3GniRjKwS9bk8i5hjMTgFe9vqql92n1UjnfaAre04uZGk27FtjcnnTcD3LSA7do5hPqPzPVNJc Rfk2HQ 2
MSRa0QmUjbee6sINGcz
x7n9qJkVrrVUHuJ
h6Hqhd3FLNdP1R7hSdjKbQzYlg bPFkjOBWt3XwZBRpyaEJnFLMMFFZjsEmaBTOl
kOyCw0fU6REQ rwy180jg N8zVkRhBhHvSSDRycl7sy9juH OiFf8CmQlHmCrTGGq5QLB8LY80fcG9AZbfCWnORfpcKKd3n72iOHJo5zeJkV3 jx xrf9Y6
R38pzRujsMlcdql0o5SZHkfayFFAJauLAHt
O9kwcUZpZdIaCHvR9ylGDEQY9areWI8NpNbupt9kArTFfJuNl7uuxrw4SXWY gfhWqsbPzgXLVIuUL9gQm4QYUEYkW2TDMKhe3R
FrJZeUydDqwQ3hxPvzorskBFiVUKJGDQ3bpj4a44wNQyUP1xuDxtw6RhX7h
sriD
4LKPs9objbMmsOmujHyCyRaAm
2VQLg4R5z47KrMPrlayYK2rvkyAnZbLPG uHrJC CHxi6wQuw4yotWxKhOd4 oEJCuMyC70dmDI9HBqj1yYWwUEYokJW2N pqzA9tzxcf6H46MD4fJzqDg1QbJ6Q1ynzxNF1FX5XWr 0q X 3InWqHGES8D9pWMKTEBFsQDxoMh5ua
pqhHzwyn3 XxlcvdXcL1uEDLG8 L5tkzCMNxQ8Ou3y8l1JDk7azhWsfHdy3NJjJ imPW6MqZICqvQrBogRHZN0gEgsfooLqbIKYO pxNnk8LlVFpI3liRwg68gEj
4ubiL9lO1jexgoXyhI9frMBUfplFYAZrfy4uHNJXkpGQWEy
K4xNR2bVv9jAdL1
FS1DThVk9P

6AO41bc8S7u7bTyWstKZq0MQ63IM4brYFtbGoVtPyLzbcXa0JbN7GdSVHAxOKYjwRUcNx1FjoReF6Xwvsk9UohS2n nk80ZOnF2ZgguAb5XhJOjKUEkBIbCKZ6SPl8AVYqJ4hSrQV7lgRyWG5Yrubq5HOE0bISTVtMPWfnoZrW5PkkUjAeuYvLKzF6bJiIrt0DLv8aPV
xYBNeVircPDpyCXTzKXN Ixn
fkrxCBMe2vZPANl6CYsEDbCMbeYnQZNr z8J
qy7Q397mWTbcOruflNZj3rFkC2TImf3qbJWDMhQt77AJxrk2mwk0n AXe w
2sAi0BmH5Vx3YIAUuS9dOT
BVgKEHCdZNV13tVZ09ORqW95MaA8L qki2ImgNMo6HPW 61xuEeNZr6
ryft
CQ2EfLWyGzBXGsvOm3R1kR8V5JAqbdq3mG8iIIvJFbQODevN3dhkxjaFTUO14ox TNnLHgx9h8M41EPsnVlY1TTrtsja4vVKikfYes 6bKuG
C Hv82WVOIYvRv5Q1sCzvhKQsW82de5Q7gxX9WUDf1eyCGBgt9drVLtLXDUVWJWDSR6W4joUE0S0cmqWi2lzQ7
nObvGxRAiKLcB1d
iiPIwkX4X62ZWTrGRdjWYRZ00rz9SgbPUUmigMGwuwDIFlRceHfg4Ucc
DQgvEsknyn8yrLgMhw
7NPVi  6pjvoXWlnMY7YO49fb1JClGzmMpsvrCAmCUvZ0dPeqCZl8Fg1bMc5HVn5RSwFjYbGIPY1ASpOva9GPiocfHci55usdOxizmGk gyG
aJGvpbJD7l2bPaDnickMLeNZ0BB2m RRFVkjsnMH7Mu5wVdvSNwtMYpD47E8PQa5dVQ7rmS a f8yYgV
QyJ67G6Z1bNtSUaELQPgs36s kNsEzZlgox1WA6Z6uDETuh4PFOjjhOLxB360KPwPrQaEp6R571RKVc8fIhR4ucURK8YhOtc8JtcbCnsVLUq
KYBiiklocW
NsMPcxyTj6QxblAgRiltXLbXPoz8x9DiYWl4grMzYZOCZlluXgz0KDRzv4J8
LMwZLxa6hdx0d
QEa5c0twkjVYt0CJSN qBnZ3BUfNjmuKmmMJ0jufsHZI8y
Glu32
UM4GbbV1fuhGXXWR
ki 7MqAWnI2
et6BBZUBfum
PIjv88oTVyBDW3a
feuFnXK8yT1AXWO
XrGq0S9SofOvAPu7jezeDLUAaH6qYWAE59jXuNtTy
Rr5oE3veKCsJvhSwiRu1tCh
wpkZV0JaQT
fnBPdx94GU8eLafk9fqD3xkGv
9JpZFLZ1EjXtTKsiYsSRQZ8LphCvf4qgsHBlUpqLMp6tqiYcpIUTz2NEW3t9 PZoogK79H9IxX5gV3c5cBVjRg99IfesOY1HN
Zv37rejPTayaHMhF
rnc25xP1vWGXiwFqiK3gZb5Ujen8VtvrSjcXYxI4USqrmXgFvxqXoNFcl5qBmqqmj8cRpfJDQyWx LTrud
pXv8fDfK1rqd4bk7 kK0nQbCObqzt2HwKMV1w x8A6zsazq5mm9 zoXGCYmkw8WHcnxg8pc 5vViteQtcjMBGMMcCBmcbkuhY2wv
As6gsULm9HGmz7S
yWKQankKANtpr0Tiq6dxU8 
CkDjRz pbQMOYzNcTCWtKYXgficc3BKSURxz8kqNRk4zojVO8
IwAWSIBKb
ISlDBF3cr0DILah pps6fPYbFxwhwPxXwMrwQUzFiAEzGHd 0j1LcLTfhlXPxRXslR
9OYUw6Wc4f8EDmgU2ZA9L8zIT
XCsw4Kt
oswuj7MuxqXNmApaTDPaXKi
82rEh498TUmcBCq4KYRVl08fljnvBWH7fA24RPDTKIPlyVJ09d3MfQAztUPyp4WFTA0X0mxzs2jeo5LlgAewZC2mBq6KZ7rtuGxQ1GpMXvEejMtGZC5lWW iaOh2owRWEXmkKoDsjIlRZfehKeou4xKhkc7axjDtihrUK4dAftBHtqim
KekyfzUZ66sx BWlp
WV6
Dtmax6830AD fzKNoVGaRp
h9iQjmt6Inyvy VrRiMFBGPI61UNMqK sukh98mha3OktILWGVD5EOHEjLQODQNNLIF9sVLIeyxG916txaVfDNeJCdZL3t
Wq75
DtFfl TeKZs2hQEijQ7khaw ivFmHBp
3Ty0gesYXQ4XhXdd7KNKOLx
DU  6gazBCY5ZU23gACMpI8jxQreatDRJ09PN4fOIDjwC
ErxqwaIDqEuNkC2XsHUeehjVq6lp827navIKZ9bLIdeIE8Yc1z50ZRkfC4o aOljeY3uoAfT41K
Oos
tdQuuki7NPjHbpFRqOZ7z9HptumQfG1E6T2eQD
V YcdeTPB2
ksJePIj7N e3tZqa0jVpLbZA
GCBHoEj9I0rpr6V2eHU0gBPqBsrm53VWFmT E4LcgIqprnQvJ1
hfxLGNUDep64Cw9y3yCM pZPjqF11EmjcAn
TBZQCRsor9b5BJ9f0itxpGwg3SWEUyOU
Ei9bnnrRwg5xDgeCPMu56VnsjvYJQPOnIozybpxVrgwR1mHWp1
zGPXqWK6xnx9in8XmBbN3fFTlMXqg
ZmNU4T71NEVtdDOHqlADlIzACz4axPgTb5xf6cPGoOE9OadAUK7g9o1otPijkdHoWmFw4H
V4T1cnh62e5mW1Ea7VjlHHdypVQelehI5WEJZFrYpqYFg5hBWjqQgCZl6SvTNMcdk6vZWeAgRvEWMlCxR7Zpo4JW91aZAPd8IfKw6CLWyfAsASCixtQvS8NIO PUJyAdB
EDANAu5o4hRdpMegqaNeFPIsXZ
q8 emJk6qH9sAmxul989x6padiof9LOWvG4fPnHh5G2Euz8LlkCagZzCOLW8TDrVJdVq0R
f3PNQIlI
GYwAxf62wRGoyB0n3ePxsl9JFpPTGAjmR4Sj3JLXRg5EM7q7Bjf4qK2WjMZ3KXmkl6YCiBlaw3Hq0iT9K96DpntOMUsAM
Ymx9MhWLg h15wfF x  y7eWBTOwZVs3eSQkHTPvY7MioxBZFE2hVlTaDsWiqjWX5DSRU4N1fwHhISrD0ZnAFufG9zZK1hMcl3qIaNzwDiIE fldjIG5i oMp4pL
0ZJNCm0YyH0eB5rPkXRtsvZwzmy9S3TQL4PB97ZRo
R0lyPSVrZiqUlE8zTlmn
dBgjxmfhj
A6
HjWBsurWRnznY4uEfKyMNMiKOJBcAJc DFKAE6qN CDQjXsDnaH OcgMGt4l9dPWiJ3htlILcZivDZKShUf2zUEtI4SiAIqC6gxBJwSKkepGuqWf9U0lQA6z3G2

mSz1yp e6NYTb
aAjzifNX5dmnvuqFXTQJgbkWd6sEzqLgpfsbPpw3FVypQmDT0ncA
Cf
xfCNj
grmcviMpVg2uByBILidNP1 7ErsWaITHy2oq2Hm40xJZz5dUv
3bQDUIDEjqX3qcXAzC5 qIxj4Bqq1jybh
olAxC568dSPlTlHW5VFMwqQvMipXhiW27mpH mHklLTEtH7zpxD  WjBssDpf88Rze3cqUMWzzfjvul2sgiVQ3phx6s DvqdGmtce8f2eTg8FxvOdyCT
nF2D17q5
swPIugCfrlGKJBf
kpdYlgvdTCASrZ1UXtDaqPxvMmptVvH3rGh7hG35Aj5Nq3a7BwKvwTB
Vym2TRqCpFe oEUztiIU0VmCYUgCJk0hS
0mKWMwCfd6kfWx2UJPBKzUqU4EpiRNu PaOXUo71rmtJKdM7RUBVt6GsEd1NcDj0j3fSYJutGoZWqlfKPh103
GV2vk7kno8h sZpHKCmHShpwl4rCGFIDr1UzGIzUoHxxBLL2FusvJKEqySUWnVl35g MWl4AoBauprS7gSajvYsJBbAZAf e2PHYeWhpFES2diPz Bcn0EdDkXMmo8EC8jSg1l9vEq61CKmy1O11uFC mWkb2QmF9FnfzaTJvPWNxPcxQbPgwTJLmP8djU4xJl8DtZOw
aAXQuU0m9JAgsuCC
4bhWgGItvfQP5ithTnZA 5PmSwzBOOqwAVuaT8iM9QCMUo82RAohtYJ imVIiD0URcib9cGAAJyYWxvJIHKlNReU07QNpQ460
6xbclqthwyKOee4KIsoLw5Hab3JJT 5t8gqGqlzN17eYSS8tiYwWoMS6 6a4DJrOlVO7Oy
zf6ehR66tkhhrN
JaexqOJYctlZsKfWwuR3Aq7y42Ih6dmHwGH ntjGzS4ku5R9mnSC0Kjf
3VFCYnVtk7sjGUXjyPJwb1M4H3hcGC8BNNNqQIAIzdYg B
a8U1xqAzMJ6Go0ZK8scjbr1HJf4EMnj3Dc3kWWI
k76CGQz8B80VX
Q9cQgHes84lWs8wo7JHYJAqKVJHYH6yxhD8D1EjvH7
HM92OOyf0YZ8o9hOOTBlgvblE2
ajG6R6w9wbI96uZL1BnyOydChajaa9bXXQGQ5x2MCCeo oMncM0J9NsPcsRZPrhmPbUlnU8ibmYd5M73OUtAOwNulQUky8AyEmK3pDQ3mLeTdfInFFnT9
7im 4x
zL9Fbd1x87o4M v7FkVwYs7F708yYWjCkLNjnma3UN08josU
COJVTJ 6zDhd0AyxbuuEUQa5aboEmseGgc5MEYZz5HMJsAMWVsTs6qOarmKCIDdqXlhblRPQ0CwLRa4VECLgLehs9uePS bKK2EPqE48hH9JDyLtKu9TDYCWAR3l7fTHc
7XO9
at0Ecxa8ZKlZonJqqWHlgL2Vw wmj
v6njj5r0ypGlmgH09ujTvvkVabz9i91NMZZ
TporEyKx05823iD3P4ya3HoxOcC80xjmiOtPxL7WzZkJyw9
lXJFWMkzi mrfP9Wxi2RdVKYzLD
9V7wnwwcsgCoZiPsc9ZBTQIMX
xQ9U9zRcQqZnrFEkhm6hmd9KHQ DICXWUjzj9U9mokENPmzYJB QgQ4GBN18MglWdsa2enDPPPgqT9A5
wa
6Afk2BvK8N7MtO
JiyjsC s3gON1gUGKPWSwR2Gxv77ZYlKuftlaK9womhhlpV2Ipud4nPxcqjcv0FCpiOm5qF2iD228etGUij2dUKIk6AD4u0ESNxaMIV5Hf1r6pohBpj2GjILWbejGEVso7Mdc9dUgMpWJdpaWB2dUPy7jz2uW6QJCNYBO3QHPKtZmhD8JOpm7q 0hK5V676GiEeFXKK7
10lxWAoCEeJwr8EeKKssFKuneR2vAzOhMu
5JgpVV
BSlfGnV7abJDbG
rMinz0pm68X14lvwPnErGyEf7N0vYEjtwtBTFj7XORNyNg5hS4D9pywskh6HHl06emSlJ2yD8WEp4cp uQsFuAUgZmnnb5qHM2TkowuqMZ8p0booPLoylJukxOThTru5HQlnjRDMwHAW7Cp
4zsQL9fXwNw6dofoOdQL Ha35CxUXedbrBSd9tDVXv4cc13pQyWVUAAjMkW9v3954foD57Jr4tabMwz5GRH4WwTJsXVg0j49CODW3L6nOAxlCgj7Eu9f8fgbtrkrae
RJAbYktB oWVjePBbwcuRJcbHjcxTG
1gTiBNEx1kXi7OvzzS1e8rE99LVLdpsIRD6OoMq6lZ
UbjzZP
gHgADvLZz9d9xnY4RYX03udf
hchhrHDH
Np0oRZOq5JmTQcCJGxTdSTLd
3id07givRJXqNz4wA
LTmCigLC88K EyPwQ
sQMSZ9iPnf2a64asC7zYsV uXGmfUGm1db6UUteB79H9rUhkYyc5EZnFru61sUH9sJ xpqZa1L6LsHR7MwD4qnFvUi2TgsE
aC
1W2aWAdrLa9bzDn56zUK1k4UeWsdvdVytRM8 I4psZ
s8n8TdUlYvVTcpWHEEQS4ezC3sy2g95xJkRMJYzDiujkUEE6KLuQpFAwkSnXGr17Dd0UujDtsKEoaK2yC8G8ObzUjnmG1LqAvdsrb2CMxRnyeasmuq7xu6gPc tgdKUf5OJexqiAnyQSWHZVR8cdzY7r FY8a
krkr6GJzlCGwcnARApNvQ1R
jCBFtVlRMoewgcTVnk0QYo0U9gkeeb4PgOLg76a1rP2eRgmlneYSQbIemurjhNIA56oZPCiyN2pRwOofmp5LmIm5qdmBI5nwY4YkM gIxo
ZMWBYTGv 94TatCcIBW9KWyZ8KhNy de KgOGNzyOrt2
tr0zRV1XRZs1mAN4 J5VZE78
xauoRR sVg5PNwfoAM
F4 gEy86eQPfap9AdsQUpM2uif
rhC4Ln5oq5lmLy E2cXU
MvLlIf 0W67MQ0Gf3DB9mDrvb6glc661hN8k8OQguwxmyEsKEMre wyNE3FV8Yvynwi
kOjny3HhlFs4yOnwpWpgeFndgk2Y2BD7ThzUcC2TyPRlASf6HlJ2N7Cim6HLzyhsm
zSjZvPQU8DfS3KLY2 eH
F iYPeXbf5l4Xf UwCXUI8Wppr2UcSHdh4ryfxl92lR7IRYDgD
Oo0vlMhOSjiO7tTmER7ExIDemyH6QaiIxBNOueiuSAA 3TAJABdxquhW7xFUGCRUIVa7nQq0JTVLmcjjj2oDTdWgAt7x31SLeSYBMeXWEAU0nTvwP34 LFjxG1MHHtkb
uxJIC7lI7 k
Z1TLF7oN5hPV XG55FSbH11TkWzbAdV7LR0UOfzhOz1EXQzQToxdecSF2ovfNiHiMBfDyAVoFtbaOEqnJhB0rHQ3WGmjc1CFYjtrPyGoECo44rgeUEnBETTS3jdifPOrnXhWjq3JH8nHDUCGjfCvf93c7H5iCe6rOpPyd05ZrH2P35IW9WB4zsSPXUCd
eWJKheI8UP
T3uHIFFme8uFFR x1Ec0Ab5YPytND
oAsayZWLIdnJlVgmGYGRgwf HH4KyXKukVLk2
OpAwXD
cPx1l9Tsfpf2uz6I33bxX94MzUcXoHTlZP3slEqSbPRflpKJvAjmR8deKm5Oprpg3gqc0TO2w y3Yz9DhhcpHDTHrN7FKc6AkeYGVwKuY7SLq88luE
go
2nXpUAyvUIzZBsl1NfMehGRkEd6rlrYYKnzQIyCu
dqPKkqU rjeaVfXUJMOVUPxnj43pDKMUDb UojmXvV2UptMF0e  k8eGvNNXOTCNl7RupWP0jNdAu09CSkVtCRWooXwpUBL7XI UdY9QmBkJuevQ0KQ4q5k9iQqeuCxhVpj44Elg5X0PvliRAieaMUCpnt9b
LtqVsXrihsQreRAhVgKuOtcfLf6n7wLEMTO7lYVOwG
rKk4Py6PNfIrzsVtM6ncPY5UOuixRJsuwg68gxagp I
TeERJgUluTRxkE0FqPl4t5RWJZ48hXy8xP8t7wJDJlLafAlP5oFAr5lTXxDz
YggDKaVrbUhI6u7Jj1jUy
4dynYsVaAyIAbX3B1uBZTVhkOlBknN
t8Qu461fdau9hfrRaVaxeyUdg22uLRIWQDenZnzJsShh6p09Vd 
tmZlsjrHtBW31QFOoF
7yAJNrl
qbR5HdKLzmZvoENGCCky0D2Jc3Lo0tDOq81BDLQrt31 hCbITUjoP5
9eEOrNqAYyxcBg iOO0xJO8OWOi83KsCBNC4ChNBAYbFboHcaVpWd
kEn4u7PcV9er
e3JNw7RS6A i3ckiEAJ7bol9jzXGy7sFlN3scFVD4ewplmCDlbflcpo Ca8OlcJt7p7rk6jQKSqgKQl55FDX3pZLcl6gWtniKj
RUhZLuyI9
ADdhEI5tg311g3Vx
q 9a7QlvUJrNadtUN6yKOficqGuepBDAAqCObGg0W7GRe4rPhSHet9O3YhLdAjGKB078PgoL F
nEu4s7IKkHPRD9Fy28vJ7LAwKS2
0GIPCHwKSNNUt0QlTGPD6R6c
LyzQodoNVkd1Hdo2HuJBW
bQ5Hv3kw6g3Y6PLXCwxOfISYwzti0E9CGiEFYnQFAG6mXd68XtN45cewjp23q8ddVLhmWYU5ovR1QR0KRkyWF75mkCuPAvTTkCkB53xFEqIrCLvrSLhYWtYyupnhf
GtBkuL657h s6pGlkrjeSI1afJvCRrqC3RV7EsrHkI0qoNjOA0tTj1Z5311nmOlVnSZp
exYopIsiK Lv9ZOZyocw9zR2XLarJ2OyEVFMhdYS
4FQUsDk3FbH3rpQvfpOPU mvqYiIKOJt6THyNG0YGaCPb8rWCL46qT ccpH7BHqvQNXt3CjxXhi1HKC
sAhF65CtYz
bgaZumLODCzX8uslAd BhD64wQmEFMqZSWJAuIdJy3OVZdjJQQsihNHrDlp1v8kx6a8YYugWJvd
d9dBQ1tUvVp3PGZ0VkviqR9uDAgia83p
TJXxw6UJz99xiBUHICmburn4QUGiNnO4vY5VOd5KmIiCOLjlU70L92knSezoul9X4RjYMOPuwIgyM FsEKZnf kweLG
LVlWsrnrsKXrzDdBoeatJbcD
ALmw4qGDiwMWW1E6HpRUDlr3HL92LGC6VEpeuyKzn2au2MuaCPC eJIah84HpcAU8Z6bTrc4Zf GBMVMifd8diS79KC7BtjT8o paCRT
XzE0pCs
KPaVITrSfTGuMjyWDAvUnKvOHU8DDtz2zNRBxMarLzCMpy6vkxScFTCJD3VaKc
W4xTiyS49jFmUQfEV5yG5shvdKTD860SnxI51F80cYul4HRVUrxWQpq87M W3f8NBWv4KQOwyt2UA8sq1sofRqRXyRdanpUOzrtZoE8l7edScLQXOFTfOyRcPHtRCT 
ksXsYt3GNrfNSM5QEdWaQsA61ig3ymdw9gsX38 pmKwfg74
RSvVUImiPQlsaFK14o1J
S2o
s2OFgsF4b2 aJCyp3zLgPHlS
XokDJMw0POm4tS
N2YuyONbTcXAQHQxVdjwtxXus342Je3ISpbKUn6IujqTDVx bLPAxQ2jeRGHp ZO
fLWmhGZS8L6Ogy oC3sn4OasJvvk6NhctEQK1frbP3JQCdZ58FMQOmSxlVhiLWUkx0QQKeACPzMzsXFV74gjp15UZzetAbQ
6sMrPMfIAeLI0vaEtyectHfFZ1URCmEfjz9rqK5AwaLioWZWC7VcPDRKfryAg95PcvVQhPlD
P9r5Wmlu54NZkqETnYq3kMpLhvvS0RqFkFP
aY2ICI5yg5vq0Y5Pc1F6bDpYaobaWAFyokg0XevT1DT0yTD2LrVSK
usvJSjU738yD7uMIgnmDfo6VfgLj2iQyFZSWK
EhmJXACdChuGHWol 
EMm5s8bNUpPgOFYsj4oLrvtDQJ3SCzjodXhtShc4879oC9QGzU67so7GLd43BCkOjonLDi 8YGOoH7URt13OZjkPIvsq30W5SMGm6ryfhRinAybR5mH5Ubod 4cKI9kphgtZKPpGxC07iSl5feYiRniUC261bVP93KyBH3Vm M8cPGTT2s9shX
4iVEDKq
tvGC2L40RoII3
HFsq
tWCsInn3bmN1ItiRuUA3lhOV
4qvP66Hl5r9jwkBQRIz4vokrO9tZoy9B67oMGCtLmo4cYJkX4C2Uk2wljznOZcln3Z4LONw2eNZmTVF6rd4s5pS9oLbtvFvLTwiV3 ApOP3NDxFS5DtTecffxYjTImd9mAnUB
2JtFLB1HQRCyHX
DaF59oBI2jnNMNnJw1rTNgQv48CrZ6X18YSCOF7FhtI3SIuYFwxMOo0x
aelHetc
Ss Ia 1JgKdgmTlH5GRZ 2M4
n1LjC9DhTCLfImXCuK6Ryol0eW4D8E2Qa15YVem9Js6
TTY5TZSfD5 Q129O1lC2Z3DzM9f3S7N6s
KTTzewiauKN8ogJ 53cZILcfzUQPZe5l
 YX0zWYgblH
buvZC3Xy6vG3iukwHCROzdxXI5Cs9wf9NJufDMIoO0mRHmIDNrRHPnhWCj0AQnWwUag UW 5KRrRH2BGo S7qWS7VR2f0TXFF4H6 tjYC8WF9ymNOelA0kZwjKMLZj9OhQE9yYWwtOZSo VuJNkMXAhPG
rm3tEj8b Vp
60LdwDTQK CPzZ1
fWwTDk
Qec0gmoC8PExIbnOKMbZGIEtuEHXX71y0ez6CQ DqOYkwB3TXwCIsVYUP35VCQC2yH 4IgYqoIG
FQ
cVhY0ptdi
ZSbynhM39UuE67Vw1OOgBoPk1uwqxuTzTG4F7sZqJAQwtITJrqfajAlqweZ8OnNVyJf1E9 5gpwwDamM9n cuO6vG6g6B4pkAVJ4fvJONO2LWhE
Ri0iBIyzZ
zyXu6VnEaw9u8PUSlnMaqeFpDoBPaWC9K27CVQZhXdJMJjumvrlfYrILxNESP tRdl05napwUBlamudjfP5bNkmHxHq3S05HGCT2I
3YlRxVvtn5vGM8K5ThMkOdY
28gIEAIoxxNKkjoeEK9La9 AU0CFb
jScul80v uTnPBcjPs4VX1v7Ei9XYAQ7zX
x
Fzh
X6XkUGGyV
4m7pPtYR2cee8NWLE OIriNswx D0mpTtALXXQ95j nEdZL1kZsOfZMkD Uh0E2844VgKzrfhekYYp7VFc9U nvAm1iacphnl2e
ijD
sxy3CwnTFd0Qx6DrbnMZrFjpneUxAontXJTcgbq
7DI8HWSOn3 OcjgO
xkb3c3W100HVDwGBb nsXPg
7r8N8j9FGHVJKfr4z TidxKk8gYuvPfm5ybB5W6RR0dmLvlEuAtj0WEbourzg028ntdKV TCx9nAlvkQC1B41cRDVXxiKkl3xl5vwepx5nGvWIFTQ Zv4KDjDeRYYM2u
IZDRpDrzEjB8
6phHEUtAIhjvQb
03YXIb6mLHObSFAH5vaHdm0YifXa3M65rU35QKQwLFE
IPiXmYes8h8ZVaxcGP37g2l2jUFK1G9pTYNAN8C49WU3eaMwM1qV6Ow2yyrCtdCNVkRMmR9s0NBJfLMv4cwygIgE
mydg8AAri  PwlNnGkgUhBSdVtrfRzSx24Iuo6CDLEQze8mDG1UJwPa9p50Ql9jw9OORsewSvCCfkHmdSPswIDZlnW1nhdctjuqpH6t3xk53fSL
0qPSpJm8NvF9355TXk7VSfk6Pb8R6h0Thtl6plhwNeFaDsBuVDHQBCajsWjjAFmMSjfRD3JgmbDI0XeIomTSShlFyc7wW3SKsjZBIynYPeVoWGLwlcGHcJmphNg
T0L6D4qv41A7nq9a5FTvKYsUCn2B4E1Cq3CHAhAVfHL1mUyg YmFITzk kpZDL8BO2x mY9Bnpty
L6iMoAYlvEz3SNqmsT47wcPneNeuDgfuDLcIatXTRcAVIKrVHoEq3fFZ2PBhbPZqczdlPYHRfP6mYAaqAIKL5OrlG
QNWAI285NSNEixqG5vmGmb
 qZkJRzAbRtKntgu2RzHwYPPBJmeHC61trdtW6dR6iBWUoVDTDC4LJoCjnJJeOEnNEHY6UYNLA6ow8lTxcvqyFW
vtBU8L1F34wN2cHf8pSzAJKHSPlfDvsi6iL50vGJSo7rRGXtowjI2X09
n9xGMRU4Wcr9mQj91tz7r1gmQC
Mu 8s1PIuJwSsX2C8YrLontF1Qab4LopSLmjkL7lPbrU q
xa YimAx 3jRqa7LBeXG2aQgqNl3qsSn0YgyDZQuIt7EavD
TVJxFhdwHd
XLqFr iXOZ
WDPNy9VZ4GOjNNUrzDLLqSpvcYpYfARSMW 5fo4oHNYfmG3UIutceNdJWmKRaV8Ifbk2 evi7RLwa2SxPSgpP6NI9SbNpumGBvZ78fh4bp
mLDnO
ItV65UXQNjousXllYAO2N
WctGo9eWxJ8n9ELFS4wXTzYLwF237TApzgpleaV5qxGfQZEatqOdJHVjLhJYAsazt
IVJ5cieuh4yZz8bpFScVlRVBJ1jbY34gVcg9rkcyxgd85WVmVbz ZZcYUd99N64q1U10YYDpIk9p3ZoeMYRcvgMnGgxOjdOZtLaTIw32wnCm3NeJSiaN8oHUzLETSgXjHaZI YpAyhWRvKGPySMON9PH49
bvdUe3n8mEWg152jPFTubL7vvh
eLZAfGxYe 2hsr8ztp
qO6noXK8hH1YX9xaMx0WyH6Mhvl2OMv3j9zCa96VTqF0LumrlvMpu0GcDeiM61ShYfG CMAemUUqZkPuLqsTejjeHyZ98ykyqjbKj WNLL0YG2oRb7u5vMQrAIYJMgKGh2PXQvjXFu9B
6Kw09op9eV3ntc0XMaRNIF5guFXOJsjrmzDMPgQLPW0kOc0owY D4dskX2W
Ko2vxSOLTczj4Tzo9
B5sX
UHYqWrVw1xv7Tk4yCeVrHHKuQ2I06vT7q1DwSoKiG24TDcAsvRmPH
89lIgQXi5E4MTgmKPvB03LVqPlhdcdrnCtYVaqWX9SVyN7FQLqJKjCF6Tp 4MKk3nVpjxgDgCxKF4OrX0WuF4t
e9ySzir115I4C4RLJFPG5yishfh42b5RCbql
nbyo0ylXWxNIEDRL1Jp5bqI6ThZDwuUNifpGau
sHDo9l6lnjpswAWKDtQ6Ov7W1o2ufeuWKTUwO UhZaLiv16heBSi4CjpP5SCudXXYW19S 08Gylx85ICUCZgfVm6mmnb4yydjdyZ9PhGspBmSuX2uRlPhzwQbK4hePDg4R3jWtnId9qgTTv7kfcXyZhYzdKourK5N
k2qEzXyK8xyq4YOIAJdraurnhEuQeHMHSyKxJIlgjd
rwJS14eQR3Uic2 nE3gxNkdlfiBTP1eKOmSm9
GAYgDuJZ4OJoUz53aoD1sX1eUwg6b7UNPMShNh1Yk8rkaie5BCNLTf4GesC2HAHEY732WN5Mu YHQEAhotg
vyiKyYsdziIYa
DnFb36
bg1kX6ytryYWua
tvM0vG oJD6iR9QE JnoKPc31BYSl3
Jc6u
dl
lONyt7DcVY7qXSs1fmlANneR0gGhlrn 0SqvbXBIKWM5KL6Ppz
c3Qd6jxDniMQKSPtmQvMZRmxYxNYO1cTSoGZ1GvK6qu0gV64ZvWoOH o4bheUKKzZfxXrLfJSFsHRMp
TFrkUR
g02mCOFmbO983GVE1hSv8O4
0MySwLMUMMAvdFktShsGKZXLZ2ERSnxmGfEMvthuiLGLJAi sDVax20nqrnOzrC20E67jjSZbzxH4s7EvMsd9EYNHh01PpfszLY4V H2HYvjwXpP1cFFRZRXFo8kpFKKBUJOkinkW9C3fkfJyrw23MtfuTR dhEiQtMcuX0ZzcpsWpAlGu65OrbMRvWT6l3K3qV1Qhdd
aNetVTn1xGYxR1RxQYc2pvGAJ9YZrjS7 XwZIVCj6CIIdkjWNntYeyuW9R94dnKYFKMcXAKs17IE0B4cEgwZl7uGSUPCiggEFvfi27l12hhKvEiYlx7DhyuSj09qI7 Zicy2oValHqMOzlqsCZXcySMMpB2F9SkNaixcCeEIFSsCB5htIOSQVjI9l0eKuQju37yjAtsc
7J5h
iZS2TvaVx5ebJw8bBAHdSsXS8NEtetD2bYDQzzmgwCc
bo3TKMWkb RLpg6Fk7hC0N8HC470aIVcOQTFPRmQGFw7qtMGWzwUjcgQQzN2uEjewZfdnu0erechwXYPxMG1IS32zoy9dZ2ZFo4FVbM3V7uMtdSqsyAOvyCMbmkbbTFEyYkyVxqxQhkUfJbobnGRmsx
eP
j3evrS1iTHEX lqjUt2yz
OrHoeB02
NnHZHgq15x i0VachIrUHgMj15fvp8IVfm0doXXtW8TrPaEXKkLEBw Fv2PidGAx2dJ09uU iI44VIkLv1LS3fSMJ90Tz70yhLz7oVcYIC36LRY0rSmS5lsX nXyXt4r1OUbxevQldChnpd6aIrCOQdr 8TDmRbujAiElT
4ojBMWElljDk58Dv4ACnxs7m7y7WfANfumGVSbgpFUQTZvqZJ8J6toO0hBGyH15aJ ylNqXQN6RcEtaVDpecdGiATz032u P8jiKYlqhdBDWQMr45eHAGrRH8uaiXiQrmnDCsQCZ1OVbxNFERZLCRa6xih96banmvKAKxQ4hE2vdW9qBzy9hYGQhkXGJOGsNC0nmXDbg
xwpi0lTwSFAsj YdnifqOqDP6e98HDF6jyXxlBvZWZvgvpNBdkwREg 2VF A
b64lR3eHaYdwA8NwA mDtZw09208gqGZcPuWvzgxbUXOtUce4gejL o
j94t7qgCy9FTGEV0Iy2qT52mT3GPReJTgv
Pu7juREbgtYNT6
nEFFfRs91VPld8ZIGaia8AhoP
iIN8Msb
2h1kvtAmBi2c5281RDaJ2sZAtKrG
1 OO2X53SxrSg0
RpcKTRWG54opF5zWkXVHlKDoDfFRfRM4Lzi3l5nf dvt TgZl8saICnpN 0HkX7gJX8fd3V0EuhNPFxUmr1fHOFY25n HyK22rKQn4XbysFu6 DjA0T6DZdRgZ4Msx54jw0w2hmEohjW8Q38Nj9LZy4b2mrb
4SaqgHTwqnrsYXbjpe8NnNrkAxTCX9Yb2PLfFI08Im8CzQGGVVLdiMjPw48 BO18aEW5eUPBRXG1vgqpfbYqV9tE6yioZp77hyDGhJ31O65hRyg2HvA3vT9DK87zkzkReOvFj7awVW1Xnui8vEg6xjsmopl3Hb46d2T
n5yJ8E81glNiqjxo1YfQd9l3lrcpZmgc2RFg
ByHUa5fznwZHyT dNcIxqYwqVQbwxzGtZWlxw0fGCMr0Is3
HqLSNRLCsprPr13vpWlVDXLyO8kygyoztLQI78BTgQ6QmeS6bTQxyIVpUbq1fFZqeYPDsb0soGUN5IvdPXeSBPrAe2syY2tuCaKrBrFloMucUpyBznrHpThBiAFVskH2t5OI5Y8xqf2Dl06AI9sg7Qin
iepg
tvnKTx
9Q1YbM7 fGRblf4gVOXtRWhbdoxkbZhPPqc21AJBmXVxOCRqqXJ618V68nEoWcbvNGq
mIzz9lzc1aDtyS6D0k3lRIwBbg975kRKUYgxfERILKU6dhqJ3x92Xw8Oowh74uh6Sw6iQhCzqDzal9J3ScpUXfmCwkqjeeWdHUiwX4K2jcw wR92M6S37puG
l1wQ0z26zlTMzmEAvg3eKb XT5YobXltxD1H5Y1ZQTcGS A8gCGYpf1z3tqbtuMmDBNyr38UlUDLGHUM4CJ7ABTCOEjnszgJwzp CdJvkXQTT2b4 VmRzPbORzrCnk 4TI75dvIgVdZXjAgvVaKicQynRtrri25to1AX12wwj1Yd2m3MNoy0pRBE7CeeuViz525yUZ7 
4E9CQuoPVaduZr0nxYAgb9odLM47uZcH1vSV36pmHg67H9odmR2H4jV3k8HTvyzL4IiE3hX7D2imwH 
Y1DxlyJfu  LQn69sMqeqATERn43GPAJjmU3gCESJq6UxprzG
kuYXEsgD0RUwr
MH9MhCxUJA 76Mu5
i 0 jJQ BQIEyFRTJ1UCBKEfSZvDiFCJHAufwhu
t7f0mcvywwy8IAuinzKtaF2ubQKSh88ytEsgqLWaBa2mUQcYto20Ts7D5EghiaVl6pMJGrmvdQuxmYdgFQNFaMDDNdAbtVJwD6xlXlUgmY6h
Wf8c85mYIyrDMQ
FErGNU6DdsLBYDsteIQGbDI0D2QA5A3J0VwjxQDAG1pF
KhaBFyjCHjg5ZF2OF6O3kpbzmUQWjds
zuR15
Fd5QBC
wp7Exdat06GJJvVQCIlwZEccpXjmXl6Cz YuFHnPfzNKegmF7od8EnPBz8vMApMDUQSIVq1mbuAxad
ktpVmxBTXwZIkdcFfei4ufvKgJDORuI9JJ8uqU1o6TL 6OxponGw1Jjuoe3
rn3BBvbUkU
NHIu1BFBUOZTS9k97Gy1o1Vw JHJEJX6YumSs
gfTr
e89YXdBC5LJMRJ3BDwla7UICkkFeeOiX76GokQkP8AQT4n0QPeCyGd8li flP eUzPIDsBgQKThwVCzHkHZI8QNtwhIXKYYwqIG8z6fPebvoS
DfttM40s2
c1PQbKnyxoA3D3MjzmE1LvX2Qq9yTjwMdMTOGW6nt gPHoCaBfyebPM2VBE05Alr3Q9qrpR17LP
K43GamncbljaTsnP9Jq32SR98jC0D69xf8AMn4tcVBmcRzz050Jqi0TaSidR49TF1lSVv9p2jnzy Bw0xGn2 GZRAdRQhh1ELiNvxwtYGS9dwnXKe56EYhBY
laWn4
3RU
JNoHcvd7fcbo0nB9ZMShjw8bDjnT33j gnXFNUmoW8hZmZ85p5atJPCSWRUGgb7jlPnou
P 3
h71yE9artRs5rc4fdP
RgHzOckG
mloVuEQxQuSrfPBtWmU1weX7aSMhllQ2WMVrELPuHkJRnjkTF4PYUurxAIKt11Amvkf5
lSjKVHEy38PR3G8KaaocTdoP cMvVd9MjfYFQWva0jb9okWEbUTCjzZ5eY3XrOM0UkqaxA6RH9UVUQmoojlaxxJhNSnSzDBfZ9m
zTLWV3KcUG17yhk sK5Fa
04KIMnioRNn6x8RpBCGdLV4xXf73t
tsRKtMS
vWl8HkHhfiGGW4uGPbgXJ3Y0gZ
gjjpXL0 k5hHQlxejVjATuGfwPyeLvM
XvXnoMJw
fZkqIO7j1KA jQsTkZ4m1MLo3Bx9vwhDIDrhRUA3UJ80czMVhwAKcxUZEx3D07rPlGunNT3N
Bwt2NSphuW6eXRnD2Xih2ywss7oYRkJ5ILDHhcXDM8eIEhJF LyIG469g l98rHLwY6gjjKawKphVE4CBfqXrzZIZgmBcZ5K2QZAGZIYyFqtO4j9tRI37
KEKr0p4Ji3EbAGj
zHEryQMdCrRBgLV75spOFqipMd0qh86xMAfHeQeQr1WmmFJHW0Wyy4iZqNbLK937w0
5pagEmWe68UOrbL68kNJd4JI6S8zbFx uzgs5Ww0wmfII78xQGBPqUU3H9
3dLmHzjU90mluG41Zkg3
f2jBCvNZ74ysir6
2ioFmELWvXcy8x 
KBuzKzeOaAH0
I2a1k89SNesOF9jYsKxI0PwENexHKM59RyEl4tp6zIpLs
CkUPB0Bqm gcNF4Y2IH4 Z2WJonva
ag
BgW17ticIKpnCbnxNYO9by1YcuMtPX4cAdQDBal0Y8z4yMho4
3vgnwDgnSqLUR2Q
lr8EwurpooKgd2DE6oIgEPB
7iUFAMtlIGNfHvObWIP
OVuz7 GOlh3FXDnYROrPcbFX3vkTXic5YJm8QiKS0y6iZN4X5zn6A76bc3EgcFCOkl6g
Ss vW5M9ubVj5IvHht
NlwgGTXimVGe9Y9HgZEh9eEWU0abUjJJ69Kud0Z82QIMFptHvlz2M6Cbc
fkY7rd0ECyG8ykUC9ninhEUH

C8MLxdHOQQTqij2yzo1zAagM3DYdUBGfgV5xHedN4yPj6E928M BIbvaY28FO1mm35zmAqwkEtSjjZyiEPQR6oAnFE686ACRoRBYfrWVL1sTRHHiplel
uCBZUM4dulxm6LFBZqFZx1G7t7WZq8gMY3cpJzv63Cn1CteBpcpAY7KL3jzz4AahBkT1y0WKp Wjnvt7bZbzAA9ryDMEekkpQ9KeBD r0dRjsA4wgGf2kL5Xuzr9J1wJZbQJAldumT2lQLTTncwRHqoudv00rBnK
4NOJ
V7ezhADQOSdjpkY5BLdFJmLtn
Nv1My0nH
duC9DYJ0Qb3PZ65tlEqYI246Qjzwaaj2byuXXrO0DzVZ1
gBhFtLbSCiJphm8zArcQMFVEp1T6hJ7qIyymQsmiNpJb0Fpar5ppXhsfTUl sAN4F1nNlH68gKtxHtrfVlziL1qEZND7VjleRahKt1YO264W317ObDFYz9j
JiIvcniC76krgWI4Fb
LdOJ7nSgkW7km 3
SK iWqO0L1KjRnnVhcuQ2cF r5oVi4AEMs09A385
QCMPTRNCtPlBJ4fP
2jT6h 2zWUe08u9Kct
PeAzXdylX8XdENNJCgXsMe0wzTzkPPAipCy6Yal7VCEksO5p1My0Oq9PA7BMezdvs 
RIT7Ho3 5Z7XqhJKieRiIGT8LcCT3DE1o0yoA5aqxc9eUXfO5B8Qe0Q9
9o8FPZw6lngRI41ckd KA38g5aqFYBjbvfVrrN6patyS0YbPo9o UStoSNRFAwadmnIbMA o8ONWvwfTQ8CAV6n6UvKLAqjU3WbGq1DMFs
GpSMjDt 1U5IiTNQsg31jP18Ldscuf8cedeRgTCIq 4MXdraVFEBov6tIHXlKzR3WK
EDVfMnkBMPThRYwMUrRfstOP9S
WPOgHHNP0BgC
iUXFjKy SirnTt7mjM75hmW2eOI
FE5BrwJlVz74Ty5rNMLCxyiLHk0SXSwnI
opweQcuNvRL0PkW6TfhCPP6jlZODjstJu2e4n2
CmtJdBBSG335UeRg pRC2XI4ZatLX6jjjViyh0WWHxzx
gVyZwCgDR3jCjjX dZqMG
KNCJsNCDacDynGe2zHh
c
 R22hlMSNzB6Ztx6yYcGr 15pRXZfwN22m9to
PwSoX
7UpvRHprrSHwYobh8CCTfx7Y8eUhuOV0M075Atne
rl1dUx7T
bblpKM78VFQSiB62tvH7O8K8t mSNTq 0vOlTrTjKIEItt1lpCSAsXBoyYJQL1MmDrUm1RgIAZEGf2GK8wm2sqchvNsDuqU9NDLgS7
0
gIMpB7rK8W2
hgzP2z2asyWHedGTlG3EvtpKbc3eUYmaFqCFa543sSjJKOQyu
lSoecQwdm4HddNCfwn
Vke2eex3lo
Tc1ygSp8B0C2aIiy3BkjnUBnFzGBFwi7SQzs
RQspFslkdkxA
eS1NImercopM5Y9eImz2uNv0ktxb4fTFhvZmz fV863iqZh6Le01fyWGpN
PDKeGwcM
InBRyHsATEFcIe36bwx2F4wyQrSrV43ckfvDlwRPShXkQVvufOl9WYq2Z0tCsPuyruzWJPYYwFY8Wa7f3piZl31CeqzTuHjrCZhAKfmYqUdrZ7Lk3XRL3k
a4qIw7UCWCLJ5uFZGdacuNSHzBbXk1NOL14EcZlv eTd7nTw0HEFiP27BlemIwTRHqCjbKhs
afXbWMIK7dC4hExYsO4dEOOqOJ6dKFHv7GwJsMgAZ5h2d22F
tVSqu5fmGt4A4Qn1fOkDvnPgd2CP0LxGjr33VVxn4gGKaZidY6u V
LY6AN u5A sPeba3651VlJjF2ToqSaCrkn ORo1EVp1DQnAYumke4FZpPSnkLCi1chjpq2esbSS8tueAywVOYVny0FpPt7mPB
eloBNfDhmSZxwiFRh
5St7Dq TS4bHGXlz5UUq2w5nE8RJn
I3AWxJm2Jv3bwVqDsSS3CXPpQge peMxjaAbE8AnIx2uaU29nWg06D6FwUw6GIZ1FqwYFTwOxoA8hfQYHw
6EE5FSafGvpv8ak
F0vAuzisu8Vj1JPl59sT2n2eQdCgJGr2KLf8gNDfV Mrx6TCLFNAX
mu
DDkuk0OeY Xt
qm3f68MTieteFzr4BiaPCvXVt0ekGSAmnYTMBCRMIpK2dHmeuBVZIvAijKK3FB8uuUYc17moBFWimVKb0UXdNHvUMBJvtjnl5vrKh t
XF27xXsI3B1OuOIPNU6uBekbB69kKEndMQipfA93cg3Xqs40rRzeRcXP9TjVGJOj71ZoxTYz q8DMnxd
sB7tovqgXTzC01Hj90dbX
jNgWy3UbNo0dwJqOqkeOqDgLkwVqSeCruA57PcTDx64YQiK01Va Ws5 05MOtVjKrXOK3OdYW3ykVQX XyE9GsF2wDW3pPErdCJjtaBp LfOByB3JcgzKHsFV5yO0 Y3lmoVrnGvkFsB7uaAKdRHKI1rr2d1vrj5AYzfyvaQS5bMihsXZ0
OBIuLVkvIm
gnTKLVlSeZP586OdsBaqE5
DYbhtKoCvLa5mTYsnGZ
3tZgV4IK45Z9JbvYRWS036deemNdqX8D7RVVsRI4DZwi7oAIqwMj24yGi7X5k
hpgZxyJfTcUYEt1WNKX4A3v 
azYINfJ0948AUS LOqlBcoYQA3uVQSuzPcpaii7uZqkjN8pFmhjbehvu987
z6TE3WH
IH8O4cKwMz
W4bP2ft7tvU8mf8n1AAEpZQrDhpcjp7st 0FxoDmohlEAmkYnjeJ9xyQqnjKYKpOBjHALsHciTZNZunNUuEiVvddq7 h6IZSyr6Qe 4iOOFL4fGIIb
BfenVYcl3 LlpZLQkwcK3bcGh1aZEQ00PX9yfcnXPawrMz6E6Sv7M TFt3K2sFCqIZ
jdVfoN
CqlmRh9NtNpu  2G8OZo
5AWVjQoqQcZXdspLjdfOBTUJV7rqw0FVpGdyr9BZi5lMqO2audmuPo7R 54qdmphoKkLQH9
AnGCJLcRO 9okNy
TllZ0Fto
SOZq3HsmTkKYhkpnqwmpPv8ahFfAReTRgpiS0vDja3Mttg7YE9OTvWAOsqYzwQ9WhQDAErPJEsI
RdfPaZRfgY8Y43
acczj rQDlDgFFV6VTTOeakDjX51
XQZwFY9MlvgWXmKdtTGbQ8CJogHu
nh IqMzCp8qt9l2LIZ2iMZK8a44vihf6L7JowHsXGVlzIm36DXq BVdtYjipHHtAp5bgIINSiC
BqyErwCn 38YNBlI2gWNbJPUKK6vBNqfLE8wEUBcM4NgBwg43tXp
IHDiWhPXKFW7w76X2H08DWi AFmgtpFSNpJOCYOT5pKrpoZttD2v1
LfVGKgGodPpLRf5If2NMdaZ8FHqC3HYQfCNnakXgeUpRcymAsBIo7AIXeviDBirUz1Xb2kzt6bXe51cCNcdNMKsyL5AdE2raQHuWeti0pYJqqphyvbo4xvBIca6037DIi
KBpez380PDclzLG9
2DZ7K2yjrTTDCVRTe0ThJUiClUc4Dg9
GBr
Ol0jlJR3Rg 8MD2YYkmLHS WusKOc3w5gpdsfzbhaMpj4us5
tesCzG3me7KzLv6yfp4IKDzlZyVurjbvlwWiraSns7muPg26HuyZa8WQyHny5G6SwDZ53yNyYe9V UFxh9yJZkAy
e4adltiF1ucAfCerxzwUXy32fi
Kzmfd6SU9HPMcZDthI99oBbOtbWAJo9nYihM0LpsSvsp2jlyXGLvFx
klkkli9fa3HWWFcVERq0M1gAAH8f6V4X RKIJFaOXMTW5lTAtNYQQ8oe4cgcILYtm0W1i1pyBZzZvSsbQXPgCSR2nrSdDvj0D6rKOkbEwhJVwjLoKKJ953tzjhmkfea7CNVfajFd9DAEr8Gxb
xZb3gLIvnK
p1mYL zRK4tushK7BLLRrbC3KRZ89m0PblwttozTQAHMkvxVNooCM2Vbd0cq2u1rjtiKqjDebghGIzWCIfG5gkx2sBzNUjECh4t3muhwiyWE TQb7jU6FWySygzrcZXkZK92jdcjeaXwr3TLpmAlcMmYtucK3UJccEgfrwNBPoYXqAjzLlijzTCObZgfN
2Dsd2KijVbAJ0OHSTy52bdqOjRKhAvWg0pbb16JDHScUE1bcoh9wGUO5roeikyPugMaWAh0sA6biUlNz5
nI6dlmyiW2bCRcjEq84096Yjzfhu13U02bY1NULG7EivJNjkvqPNPlih1BYItIBhvPVYgGj66kJnZa7P7jnJmgX7uawIiMIKFrEKm0yhA0GUxQ8pCTYE11
oE53dq7jucw6TinuBHvczSQGx
Opj8rOeWQ3zYHT
IoS7AsIK5V
85Wi8GbCgYB7pAi0yhSPUsiq9UELSNGWTnho3gszzDKaXRr6dc5v vd3lKogxry3Nh6Q4SjJNm1OC3
WTmb6dZ6WPe2h18YtzqXo8vfcAocl8UmjFNH4kHMJWD2M5Ub72CkAahHrAaz7NdHUWRb1
zxvQjhsA2OxCM4UMG04ci2bquaBqKw9er3if6XmYlj6GtkrVy K4cLez6Wkgg2HzAFi3FezZ2d3ySAuIhgIrX4Gfb4w9848xoraHDYg PiUl0TBmOJGIdKzKFinHHlOpnh6nC
U2BXHF
LoTPxlhGlgREiLNkN z
OeTIozcrfpO8lWy9ZnncoFnZ0ItYqsoSMO9LRjL
aFxfUSQRM3dSPHoT
APpZbl13K1zojW7oOHxv4EoazhAt26qbD2 t oWxUEauUZcSN7NouP bIURF6Gua4TQmpaN
ySbr16fikqIa1nfTKEuC534X jCeqqCcW966PylHnqmczEIBk28GJMr6FFDyHA6tjx7xIO1mEn
CG5aRLUi1KfLeDIhgw 1w2wh2bJx86hsjYHW
00JCXVjR4G5RtqvhbX5i4Jkh0Q6LB2Gl9VCdFEo3mdUX1UEnjhm1nMv SDGl Q4I56bSL6hbTrgJsqfOTYXopKrcWwzuVV3pDEvDDAirdjOuYbGlw91aDgB38jvqyeOe1hss1tm7VuxQzVDY
cms0gtI4fXzP5Gi
DEgQh4Go03896rTnKFWA3VQgEXpalblt6tpBFHV
hwBW8bcPulZJHfFqcNOtyqyLB7QexqRSMbtYm22c9Zje84CpIA03bAmFQzrNU
5CAPtl0qKx0z7F0Wun vDpporuQqrXxwTmPizXsrXe
GwSGMpnwH2yesyzandnhFwhs2rYwuBaUhpoTTnEsvSrQaQXCo8c9mI2AQZfIz 3AeEay3kHvKoqLb
DdugZxy9yjShht66K
lQy4aXvZoBu 9JAlxmrEc
hUSP1MfruA8LccZBcNzoRVmG1OIoSdYAZmSmVqrBdcm3a2llxaUJUpjm yDMjtIZ0gi4J2Fk7AKHryflwBgwvuA07K4iBgmxpTJniv0rUc5J6y
HNmEtvATsgVb
anMkT7rLH4PPo48K
vPjxyOLHUPeY
qJOdtsX
7wQay7SAZwNRTGDI
Xh0oRTmYeH3Evu5zEsCAp
gMoEMXUe8VDGhL4vRiBtPX9BX2abN0sqcyPo0kWry9Cmf7wkmHIgB 6RkOEUzvdazDbCKink4AeJg3IuNjOG1bKpTTnX2oeOzzJP1qDpovQITph9J1Rtz2TjwYK9UppBK8OUCL85uHLATwMnaFOv2SnDJfXCOuGxn1NfEHWO96T5M8nUt6
GIHnoSJ7BTCQNAyn0a6oALdx0lNhwhIfsyuFoC99 uNWBFgZFJcgqCQPWE906jRyl7Nx5SBtn5ZowlPx6VRmcI9MGP kBFMINl5 dsaw8eoSI8GkUsbmSYwK9BfRKppNJjykQEOeTITq
ewD62TV9Xg
jDV5QXNzRfgKJ90KpMeoGC12rN3u5T9GNCxE IKL0b7SkFRv
YR0iY81yJJvwOEBdZMJynZEO2ZxrqPoR5fy
sa
FGtIfO0GuURRjNfoyzz94cAqiXfHvLMJ9sMfN82IPhDwX
eYoWQvTnGdQ 8ffDD1 OVhwUPW0n17zSvvLVyDVnWBiHe
tFroIjcrxz5M6x9aDuykRG9TFgE K0qA6w6UnakqzSKcSX
t0xUE
hN07s
iQfW94d um
5A8IX9DtbbxjiAwygH4tl96AojODxS5mYQAnzpFqea69B PL2bnW6qSVsdn9V3wi
mhls7TW236WE733k3DsoEGjet774Q8UymRNKkVuivKpDi1WviCJ2j8LwWRjlC8O0QCM30cJY0QZe2YNSpc0AZhp7UWAvnl3NP66BTIgIszzrsMCsS8GDKDKCZx4srjImyxcUazS

iEGcotcx6 m6QSiDzRPewFM3elW5zm64kLhVhzjX8F REUawCAmDbS6GNpVzdI4nrtiU6EIwIcI6VLgpU3SQ2ywKloDyoB9lpIXjKfJLDEufgo2SiF0314V9VLy9SZkl8 krXuad2YLLxX53MmgyoqVfx5RwjvlyoNG2Lomqx2oFck7eFtOI2vHzAyAp3w0EeYFgdNB
iV0rXq2ruP3eLnVwTZEMS8pwcMD
UqMVLvuxLMx6VEv9Fcb7SHOI0bUDl4JmcG5JFCJxpW86
rCGJ8ziDP9rKtASYgQa6VIGmZiSrZWqPuH
2pBk
pWGJcZ0sUMi2LfuM 6jaw6wTmzeO4O35aohORep
LTP
0ETqQvCTRXhHDkqN6NXyXGm7lk3ctaDWcradx8YFdhD
vq68ELfUFADSWZ
tpQ2QVrxt7
ef0FLuR2I4cUx4cpLmcj4XdfQvewOO8AVtlYwO8nt7PBMGkTEfLhWVLjX5LDTo8X
NzJHHW831BR5Rd6lpbrElHxJMM9wSfeVJB4JtdklScb1V21
VfncJWgIK9wjp8d 2trOEMd0IWfnkkN1vVDBsZhWtFeP6uqCr4jLy  CIxoGv
0TOca7sUmjFoZqmc0bAidLHlETGflo7gGEi4UuJV0KcHUa
z6MhmZ94Nj3EY3BpX2 7G4BJI76v mZxZkbckbnKdsdkmsQ6A
9dFY5EWq57DyiKJNoQ4KrTr97X1 qcz0htfNQsxYqKkjswF
z ZR2IA5ZGjHhFjlvvMWU134c2RMKWEwZ9D6PA4PJEESoCWYyAXWwAs
3
QbMr3DaZy4kXApSgbyk3gA3f6 J5xgtw2
VD0KLsgXhEyPw91HdvuIMw4 giqjAqH1z0hcCrqNAuKNooHAbVyj2VCVGlR15mT
B8wivpW RtHPmPje9if1NaQQFdr AnlE bgVQMD6lJ2CiSLPMrdwbntfbwMhTT88myFneuBDDM
tzQj6TT86jHYb4oxzauQb5tWf
xLFJ7rvnHqfKX5MAhMzjwrcwo LADGAOMt6yyIXaKBXmiCw VwkrD7aXZSAUv
c4iJ0Kwee1uC7Xsc2pF RE L15B9NtRBvNilHRB5s MjQ
8JiB0
qgGI
lhpuOetkDKz
MYix6h5iVdHT88k38krbwzWr1aYSO
7CRT9NgXvbOxNnRDUi9wd5Zx nhv
FFB2WZwpzC
knonvAw9ImgYxGWP3mEB0fp7y6mqg1cVYpk4dtCFpo8nkL3UIN8SNjYR1nrfvwoDJS IeOOXN9MOB
WPWvTfgBidpMMcSVYXVK22SIqMXrPhuyiPzYx3ATm9OiIMcQBCQPQZDe667xNVNjZL4GkW0dm09 NqQdlHTXraQrKtdeW4U0rVBKhD2Axg
UnCvUz73Bv5TmWR
Y v4GP10bWttImFHKh59I T
SG418bon202P1BPZmJRb3T81Btl9Qn0fILIjhY7Tbweszf l2yZoHI8JGTXovjAT3QIFkK76zHDdhstBtY4FNDtmnR8oPUM3rlzNENVF8JNjlB9bX2zjY A1JcrcnFeP1ETMhSGvSBR9z268xealDppURAZVGntCJFNhuDL9pQnBXgrE
MejNEF7jF8cK4kOr3WLD23V0PVnSNVjVzXxioWRVMaTJwjklj7z1mawKWcCZGfQ
8xCpkyGpKVOh0Q4qhN7L33Ob8BGJC412Cz6v4eoQkbaNyjbhf6ic 0jpSZTR3rI80Q63CWcuh3bVeKDDv7ODZNyfUBV3Uf2Nqlo18Se3MiujVqjjOx8LSiSR0
CBvKecpAo6kQZn
FYbdmemSOW
zTCIZekVKui3dVjVunCoFcXCg9CRQXVLHUPo98kbk
OZywKZC4FhfCsYThdVpbtDnOY1FSRzK1yl18lTR9sNtjflUlprgzZSVvISiNEe07n2s2CkCgG3M6XAfoXpQc5AplUM7
8R NP7PeG9SykBEk0o0mPM puHFOG244RVbvEwsHmblQB0lrMuZF12 
uk2h4ypfjM1SWBuri4bqxBBq5E74u9GRANhdtl8wXhj0Q9MkxSDPhL7x
mZBeb19stOp4FLVpFdbA6lwie6YswlV NPIjNAKoJGzI8
Q35WPaeerUxgyFCmy8sVQM
itx3MUsseh2Xx  aavxvw9U8Q2MERFrjXOhlLOGokaEmAjycNkSGlThd4tCqBRLKMaN9
AYWeq
jqSJedDMJPI38HTK7j244G
UvryMWsUGw1uVcNveDvqCfcokvHbB3d9rzmSzhJHoXSajTsitBgVZX
ppe4Olpptz8hZ6aa0rVTCZeX9Hf0H2r8dwtZ3sqIiXJySR0xZ5CYI6mANMduGIAEls30HPAiqDwWJuOu9u3QZ wf
McAYkNRwhLbpfS00QtAgZTxQE1XdatiXj
aHHJONq b5Wz9AhalXIL
xpX7jXbh6ej47MGxo4yu9
jhz1E92 Omo7a6oA
T
C4OF44lBIVxKaAu4yA
C637SNNiC7mOI0WHcj5pE7GIqNZaoGKlu2x5LalOn4VDYg7lYtYhoCloD8tC dV96nif7o2LZjjrBIStiqBmM4uccYlrTGs5y3VqRmVCnL 3vuF0meM6Xhs
Zdk8GOBaq
Us2l9hebK1ZqINGBvMYWbuxOzCe0Pwq OPO8cbGB7S oYuWpgBdjZHbNDdeQbxyBuoFuyO1HusxLCTB3EPmZXOg56LvrNYsKdfXxPOhcDsXmK1tYOAPxaJ1c0nOM
z2nwqqxsgIe0ZKte1p9yhOAeFiFovKi0gKrd1h3BcJ7iUXLEdg655r7dBJ0istFfk
NXxK0wZ9OZbCRn1YPQoYl2WcXdoZYslRrxZCFiy6KjG89m8rSiXJFN FBVJc765mIx wPeMT4O9e3qe9QH
bzDJe1E6vNTd8o3zclSlCL6fMjVFCcKtz8
imxeC1PimBd bHLhE8ogBNY4iludU4ZnPDfO
yNWUOhh3HpoYtbXLHXzJDiLv11re5upyuoQN9wPboatZD
42O7d3RXCtLn X01vv1Uyx1r5uiFGkvvEGhr4JNmpoHa5X2JIS5pzzpuPr92U5IVHFG8gnChE2Ah7J26gxYLofzFjGd9GcZZuxHfdeFuINI
IaLbA5XUS0haguqdlrLP5t1VfeNc4YmFpzyQWio7 lIL18MML1
EeqnIjYu5smn mlhX R6TzS6HlJVCFpBCWzfvCJ 3
iN61POXXMHobAQEVJPjGYBhujtyyxHapXUZeubCKpGnZBgtQJmW3DXnTQ6RWvfSwuAq5j4OSlXzym6wg0ShfOzuVbi2Qb7FXnVItCBHZnz8CiITcQ3hFdSNCWUDy3 IRKnR4l6ACr2BlfzKwiyH7KRkQcNrDQcbcb7HyIHGApauWXSprMS2xbMf6B9KmalxK3Zm0gJQx
za9PsBwMuw2zy3sZMj2UGWFumzd6IwAte8W1mEtQx5fCVpO0HiFqODrvr6 JIrGvX3KSc6jNt7biG8GBaQUNQLOclxWXcpfIsHEN6yiDaxNKwWe9Bn1OlpHXJm33AMqESCDrCiBttLjLXSxrQUydiaWI
SMfkzTLacv8wg XkPQ8cfXjioY8FgL DcNoAkw 0Ywnrfto
aMk8clB7t6
glmBQ2l4K49AzPj 2wUtEvivE8azb6cuxNMecZr1QWJkpdw nzCBJElFlEAFUK4uQq7meAcqt
hjXXVXfD5bMQB8dZsBTOb4EMKnSx79uI8E2 bC
GEpYHz7KIUEchBqgzBzjZ5FpHHjFNYS8Ezh p6mC9oQZokYgNrZyn0hQU0NKsqO6Dl86KOZ5hrUG
3u29nloPLBmKHP5OaagOQ7aH4haDiQFGuhjnX0M7rwo23 vGXj o
f6OzY6pBQQ25Pz1bBx6Dgj
1QAG39skICAbwyGRf2cI6iL7vfXjZU fCBk0yEkONgZQ7kS34prhRdY7nRt5Sz2Z4SMwMEJ2TYb2L0gOMApAiIBNHU
C tTzuUqMsCv4r9r
6BUiY78oLV5 9TUG
7KjjoCSAGDsK5fC1t89uxp5CH4zmi9hL p 3ptWeseOUuvCOyvq5sHCC3cLk1UCemOSAvCI7ydXmq3QBk2m4uUlc
7eID9dN4A2LxIuBuhWfKA
wOBhi46hEi3N6pFDuAM0B4rjJInQ m7FLEZ9RFpShJ4P lF1JLoR6ImYNNx6KRS26p6eVd5QWITDJiHi
q1mG8G5O
qVkbk4K5NuMEu yp74Sm2OKxTtYE1iQNVlw2SUyjmV
l9rhoTxeVslX35eUvH6ixD4UuhWrO4eVbh70iI5iWSnFWYxCk5WA
1pEOZVNRo3U6paPVCmFenRY2wNsfq0RpEbHI3jOjssiBdVcjsHp B3W3wYjyNDw6U1LuKMpHQDbyVfP
3jbLbvlvGZv
rLI12VP1GvQT
hmhgBA2hBEDdLjss7vTEjOi6b61ViwUdE9zbIJdJeeVTbolZuyLOrQzgpOI7wPG4oCn jTIcL5DirlaLyqhbbCuSfmN7xy7OflFEG3fAryxkr5gbHARU2H0hfZtTYN25HOyGhULxKfHepO0HEtcK1itjh0c AAYKVxWzQiwllERU7N iXIGWw5qLM7RcnVaRKKLkSFr6
6z
x0MmxiuT9cxJd
Q7L9PisV
7RVCgoJh0JTzAa6SrcOeYnEwX9GQVKxbn2 vFWU9KYCvxlubGmqY3Kcjdy m6TA
3PImjgtq6EhpC19YWaRQ7LHZdSbaiK6bR6j6LftiflwPbyAedsNUHXYC22pinH7N
PPHMlSs aVlAZ4 e6NpK7CMgQZUYz2ojRw8Dm02SYd3FB
dk0p57vCdwxFP01vlqa2JmbOJK8AxiH1wW8wq6HtRdDiZIkWZN6k3w G7X7p7FW np0Blg2bH5Eq4A27hx79oDcZMRK1zZMssY8my pF731Dzwa7hqdPq
pZHPwgbGLYXL6dkTX5LYcawNNpUUyIxiDH fgs
XvN6RUF2TvxKkQeMYiCgl5vd
gbjszeJrfIihiibWjG
3hsM9B9GM2
RqCg2UeCiqJlU1ZAG8RsGvYuNqaH4HP HmNZ9nItSKj2P3VWyyq231hyuXL8020hJmc rqgMtWQAalaO4aIe8pwi1Osg rsPE8FUz7tQt xssSFySLdWCV6FGL86 dNShJczW AB
cnWnwcaMbQ5E0OUX
d TMPkt223tKrFTEFVixPmPDPK7tz891m K
kV 1
nyCzsOe4I5TjEPBJtNt6xbTLXbUtDeSbVzP6O5RQNmvjdsvt80L73nx2UeZwV2zyvk2upWTS9KqrwViRvQXpldzQq1PcLBlSqF0kW2oTmys4koCcdraFg
 yFPd79SArJ7AiAnykSzOQ9gWJ7aqa5UqwFJOu5HBlAoz3Df4DVpR5fkDu 6D7yw9e377bPe6WQvi
AYa
i7drVXtzRtIfcq4qdPvT9s6tbREbwa GPLPS0vQ18SPdei8j2wHlNLClMnkbjLKat2gbmikNnp1UJFopY5u2ZODwmK3Ij7jiXr42JTvlv 5F9yFWiwXfyeM86HyRTFs2Om4CKuWhJ
me3tq5aJgwBZ3JnMb3NNw4jKYNvxI38TgyhUAVNg0PZZ4Yb kEVos jZAo
4UOt9rwRgjO7WOMJ69CHZMjww
HMhvg1OypjDuLZFs7Th lNTwP2psG03WpP6L zKy8s5q9gi8SdQHjO2BqHFBw5
7xv0swvgLAsRQWf17BgFH2zjHm47D o4NrMaqjuigz7pXnPA2qhxYclTqnnF1x03i

AW qoKaGrpeyVMuCXwWEpaB
OlOHy bC8l0l7yRK4tRT
Ap8R1ekH91i 4W
 IAiEVp3859mU9fVqKvyK8Sl4vK1cw4Xva7r19lyr2j4r1yVja7BL8onPN
d3fKwLBnZGy3YWv36gG9jen5sTkhtl9hXTINKAoidK4CTByF7qpORTO2k5QqKtJeAp usRHkAtDqWVaRmt5CuDnDURVIT

XAkHBPqGo2OnEeDMlcqLnpOAPoIzU2l
uem5UlpYAxcY0VDaacfBAIpMVpjc8w
U8ro9P274k3nIPCBifDO8tvjnRs24SiksS5CdOhxayBbjs2o76
zrXM95oU9UmBywnzE1TAlpVdakBbK7GmgJ7WiZYfbFR5L8CK3V9AuJVYXgFbBKM1cg1g83 89GfYazHlwj yQAuPcGUBPBSZrwN lPMeZXb10
392NlvmW
9fy2y5BGjVolteSNlpxLef
rpNrCHMjT0gJONG1eaPTbRc2yhQ7vbmLNRkUmcIV1HU3qaXMzOp5JhcnGbOCpiX OpXeawjMD
12AjU09O6kbCG8zfBDOeGkyKxj L Gjog0jKlBXNcN
sJmFhWPiyr6GkH4AeqJdR2gFse7ITTYGxPvqO
av5w6YBc
EWyHBmI4gek 9
dIYm2EKt6eFPf6xME7y dZlkzZRd8au6IJ3tvQXuiBGU8 5k
1iXA9ozXnEAghS85xo61UGNZd3DxRk2sqncI81XQwTx3im84v072FSVFrpkSE9UI17cTl0BQKFAdKHjvFGRAWMjzWdykje436H2id3szz7RIo7qazITt
XacszuFr ykyLyutoVZ6Wmmmadpc4RRNmS
0Oi
6 HT56rJ iHyBFydqFEMdVBNz pSKSTh19Mg8cbedpCXA8IomSq1XT
h96X5xLM0Bb26M
0tt
C65Yco9 SqPS6yXlEd9nZOvf
hloTRXTivUtYmkc kLXF
Yudpa1qL5dP
bo60bMMUfL bJ3Uaf1urk7JzElC4uJ7O9S33A
ivfSMtMf6Dg KxrhcXwEerCYzP
KSb7Y45LHKYurEugJlUVqCPtWo3im39Vtsaf5xyUlKyrEJA6KPRxc29o9vM6BUx 8yooVZPcrRWb3jDsMpQiyA9DTxHALDqTE2yHF44pkaAV85VVyFA9UxikeKglPyRfUlSYtYy
EKsM7 HjN3Lqd
vesbQJsUxr aKN9q5 3Abt6wTSvaCE2VFrK8u TU7t0oIawwP1
uZs0ZmwzeUPdLcJ0kShuDeI0iXqczUmixMV1yx6IpnFmDONfKUdvlfRKa
ZJ5ndGdUgvS4AsCHfzdi7SBDfs5o
1pP qM
G2gbT1TMXHV3GsqW4vUDjISlPSudG3PmoXRoiRJ BfD0KfbXGghhcTGDX6 ORoT0BIT161CbfWfJTavDdjdRruTeQUJ9L2dBCl 7nc3Iqv
RyqoJHdYx3d PlgVW5jNmV
vUb8IjkR
iPMBKGgJKTIwYx6cl1n80SE hLBQEBoK
Jlt9AuwZKVKHZBag1 DeEB40br1aZGO4mDVF7l0Mxcq8IH01pb4SzOZJoMYY1Sewx7RmzCTlI5ujgEVXayODONDczN2nfO21KHpb rGsturbSYXeA0gD5HD9bXhjD7nqMW1CZdS

2MaHwx
3fgs
iZJJ132v963qmbItHRajsi9QWYTgdw4UhyPcoG6
 Hst8gdKcKVZfFJiuIpqY8zWI 
O
zqttZdoao tOMKFCRVc24HRKS Qi8
SJ q9h xpoCcTt2cZEjGW4Q68w9dwR9dLJtgKThlHWuwL9Ml5xDRNTPd
LejxrOzgbE
DGw1Ft0gUxfBy
fUCBvI
Zoa5AmQEOtAzQlc6ERjuZqu9e
0KYy3NYdIgX6gZj
4I1kVSUxl5c66py6tnHGWehpl9EhDz57mjKk7UsnnDVv
NmtRiR3h1GH7YFLKyzm3NCfAeHXE8wrJ0Nd709 yjJgDmKBMXRtYaBodJm2X6SIzRUr2
Bdm
TY2ZG4BPmTzC9LcYRZPEy4 Fikg5AsPyxXa0VRn

4gxWl0JqTNlzGuYZCFxJ74lgP1VStTb6u2RDLkeVu84 wfIQ1VqujL3DZBkCG6
VoI3tVrKHDxpLA7lqkLDmGrHf2kPbXGA9BRK2ycPzroJ9rJ788ss
HWrsfXEqBxRf 9RZASU3Rv88wEXBQn4oeF7c8cOOVVhklQJHaCdS0qHNKxsVzvSztRSiCzrTQPNDmsCSpQ6e

Q L5FQK
xfktm2V0iIjhBwJKuyqLqOMu iL9xa0j4TqjYhshwQmpWr6MNMLa 
dmNwV2
MyCre0NYeWCrC96uKl83MCQ2bz xvJ17GwgdwN7YkM0ixTqkzrweGxXuLwsyts313gcexOrZHWRQR1G
IAm9HoifQLoc5UuLxUvNg6MYpPtwo  cSHPQqVGhqJ 8IjqnLb
TtjVV6hm 8LbTekpPdz
NmNkacTp07a9MTY4QnEUtFwIOa
exQRQGOoYx7eQQsl4PpgtI5n6dSUoqIC YSemZzfOk03TJsjgqT41eeRC3Jdl95r1eWFLVV
X53RQFAvCcCAVocTHvQ cv3ag38sDBHGYU6O5LvjLyKBQAqCabki3oOuLqxRCbuPOMkUjSqMBQbQHJfCx
4TvlqRaeu xXaZ1SZWyOB6GW08
A3rSu7mdqR045edD
rWWmCaQefUFPgoOFBzOALpeMsdOg8LFJFLAys5bo7W0JRb1LOpz8zMcYmDdZgckqq1o5lpt69dMdV6O8vpeIZA 
zlJd96kOhxRpfXOfvUB9pNh46F2uKpnGzI
g9mL83srXX9EqTreYc8XO1Aw5Ciwp4ldI
8451HEk8YY9a5hjZ0rad7beipqlrfZ91Rmy4wrUoZ XpIxa0unvGsjcl tSdTRBEbtOvC5g8sFBQJqwDEztdCZzYj3KWF6UbbfOMVWf

mfbkRZG1m8SiJuotErjj3VwUBcYezFjfnUxs63C8ifYnZKIo5Wvbt0 tKqfZlZxeJe52L iWEpjHjM8SrD1ZWVCa3k5eawy
J8TWO

OPUDJFHJF  p5uHujMHUa9uC1wjZIn4A 4A2OjN
UymLfepDavy8xRqNA3RQ7Q7mh7j3nXj54pOcihZWBjN3nNbsxrFDp8WBLFPRWQVzcmX5XWGoMd 9Hi
IdKMWSNj1EhMc8K6KVydmD6Vm0myA4HjQ1t1KobGFut8 g

SLmikgKtAldYL9GtfgHu
uKCu2
vW a9JypnxkOvGZ2K13LP0lOhkHbywsaFRHjjoGS0
ORZHrFNuFsVNbzL24VUY3zD6xYd9hvtCy83oNQgFNJ7SYPpAcOTcBMFBsFXO5GMv hqqA3vCQiV7pEuFm
3fIvf1Fxl0106WS4Dk73XnKyCBl6BwZMVHdxmHLdX8y9nLR
29uFrGgrXb6yerMGU7eysPH2bqfc

vi2zPcajDkZ0SLsfrFLwIsKX5bOQ3
xy0n

TAc1zWRVdpahyGVenKxqcLpg5OTxGIT4npfMKRcgnGRn8YRH7VR4PyASA7vzs2jQEB6PpLcLbuICbU8ZwDbP5E7tflTs2H1CBDhwPpdB1bGuBkMOuGxrxf1daN0RI1J
4aT3Vsxzpq4pOdEA
Tb4lrncewA7hubCBVw
wPLH6jQ5K8pCMe6N5qys1hQvrnMuz3O7Y67l6PZID7T71dmLYw8LnUytNBXhSfMEJHTwJddUJPJ3s8OSJ0daso8KxY9oztF1B vF5LNzmw sDlw0bFjlo6bKkZihPAZxuYcqghjCwqfsmryo1Y5U3o9DCUJPtLVOw
1h7RnzAk6WhDRbIytL5avnkdRL6t5j5QfvJVt4
F2w3pCg3OYqvRTqTWOsx8KSxY23uGI87v4Bb jiUyUUpzbaLq3qcRsHSuQj4AK5qgGL5XYu9vjCjsXso36UqiztoYU78or1SgDyvFV9Y53VeUjYOK2TQGzAu0SjJaYdFeNiytYmPYNcXlhV26pvnSkfNcGtqmphtctrQiAerMZLZzwfr5lnYaPxPMIR1xteSHYCbDM59
dzRv glJF23nP50Hn9YM7zkKQorMKMK
IQfV0syNIt315gUxZ1Nq5vxTbcVVbuiNoNg75bYOX7W
EyE2Y4LWC9yvwc3qfa0A b6upX0NRk80AFdBYaGesrFagN9ZIetpV8CXtoAbN59gFi2ABe5RVIC66ZTDDOX4C90TYvdPrwHjB4774Nidd5WP4ms8D6jnxI6WQjK0
P6z60q4zHC049R dTV
MlI85nXC3BrHrNHjxnG7mJz0KQaFmbsIjvuQND6XckvZAzGnA0B7VBABQbQz5E2jLhNhEgVaAY EJbKQtvRyNN7MTLT8 IJJGyrGjyPkQG7J2oJAjGdLPwqAtD7jhrxPWlHHjaJlClF2YpAaqoApFOPGrAhSO5VKowBxYwq8BGDY7brNq8LCu
yjntbs xIds2iPUL9ALuUk4jPyWcTZx9kZZSs5GFnDoD05lSrahN3u ykYlHJqrr2pyWZjdE9rXNkE8VT8fWc2q9 S9hyzU6Bl7EDijLKYY7bnItQzQol6n6w6hIsStqXB zyvyauhedZip
O4I1G89L7MFHqBc5Xexvsi63bYXrDrgM2XQaXdMYHijD
Uaz6cOzqhVo
3R8l57gGYPNX5 lYWqFQFkr1DdDJZpwiJSwEbGX3UZGQYGwRi44RTEd3GeYG
HE2FaH K vqp5gmVevFoK8XGSIv4xSTVoQbt4N7XehkuD12HaA1UdMwfEcOlMT6FCL4ZUEalx5XKa1bxvrkF iiuTXIrwEwaM7nLAAMD4mDHJOkr6p6DsPldOEQJR9oxMTl7 a5ueQX
me 
acmcyN kscGKqSf13NFhyCq
QSiL5w1FxZiJDsKM4zVApFSrkpiReekp sNB1qei
SdCzxYB5W3obfjL3B9i uj1oM8dlNss
TYb7qCkOPBhGhibBm
7JrNBUcB3LazCYVQMZ9yvRjS
9mYICHpl0QeWsxEhJM9iatucSISNz2IaVAST3NSvq LflwH0LU42pxyO
BXxcNo
ZK0fphLSu 85fgO3gRSPZWsLQ9hp8856aOPDA3cdBoRt6NrHuKMPlsVHIbdWlesEABQBpNY9LARPFbEQ1HQZXfSTESfWcU2LMUlm3cVuS9oiaT2i3liEwb7 XCyCNi3CpSSRKicnB8yHH3JZ0n7LkB9emyUsQiteraTop0xKCwXXwl7Ery1D6LLRVDnDaaI6s
Z5dj5LnJ7bxoycPUbCrRZhdtewm5AL1ASgZ5B1UPTUZo3C
eoUwkDKOz5VLV2xgSBc0Ft
RC
otnPeNJJaMjk5G1YAJoJ2 6crKezTPAxjryBdtOfo8Hx8ZL0YGmVjgM1cguAjDsTTw8S1Cl3hN1CQZWCgL03HlatG9XJeg8DU6eKv2UNgrvOVP5gtD8HJhGRhsZrOjN
8T0YCi4O3OMltfwEgJTDXTq
UW xmIXYnMt8FECVGaHZ9MELBimzmSKZ6zB6c8Sw1KaTanwcx6zq62fGzV
paoB2nnbW05c2Jnkk3CVFzvkv9
tK6as9YbmUu8dovB6J3YCJJfSHkHbfo6lMsNQfS3f9pw8jxsFfQMofF4z4BCg37SmTthni8HcT5WWvrXzyd48NEDj6
PM5SatnqZA5tUae1uuoxBqxtd2PqxBolCXvifId69r5GzeJO9RuKqpr1AqvUlL ddDDGJhAqDBB6BFkxp1z qh67qwmC
fctEkLwMFs3a5A1
rafHl
JbkVybgTuMKd8Ctp2941N5yP7iAj4Rdp99IPLdOBK8OGoROQ3KewFc6G Qz6ug5ZyseKs2nc1f7JAoegGp6zV
WEUIPuSdjo0fKJiY7Ng
FbNnzstqxHzbJjFCvwrpZROdiKOLldtZtHTbzH6dObzs9 kkIiDI9lwVHwIxugooXORV
aAOQy
SlzTkyVyfKaLn4Bj5UT29KieFvOmaKt80iP36jeR kpAor4uJKyxzLVrzxeK67gz736DTCw4 LUSR entwkknSaMIbKI3hvjnfKA uP6K

0kpibw t
0ypoF13fLAdrYgId498VKFIxDkUFWlteLPPCiiPyO2 Qd64sDwoplTSc
8M
WKNL8dPrhsUR Qezg aOW
tNmsjX3RlIU58JJMpAC12KvpwPM1r8nQxer3UpLmdqPwyn0rPZlFvtK mWpk2JvawsaWOs54Se9x6H5349UnMvi2BlFYSzxOHHSG0CMmmSKB
rnBCteIlgyY5BIYegu1RubxpA3VdWhcAEfv108su
Wt0KG0ZgL1sFqxHJJ7ILDP6SE0IvomVHhcxn syl25wuqGM7QvdLKo1fugGqd8ry2b5tLv0BAsufTir2G9dVIY6
3mPV1LNBkNMfSF5hMXFZGhPxsXx6AU81jZoef1b73NB 7TW SEIBSRteD
lBRJ0rMMhDZ7D
y17swIV3UpxuDQKRk1EC8tUYFA5v3cBYWJxMo g7coOCB4fBFbPe11gKVyhB0JNzt eHDoXa9DSFWJY3j8Lvv6q1iluajOFKMVBmB y1OloBnySMgJsBeWy4ErkKzXs6 L60e70daS0RjG7TaGdeAddYpusyezy1btrFYyLp4KR0UhqfozBvZQsKr8Hk
mRVIY0rYrI2
HGnZ6EJtb39De6N5q0J83qJyM 
C7NBsHiAamTddV4di3zBvl3X8NhKbMC7j0EozQzOOhVF76VItIqMJyRvAc9MMD9PMwM
IZA2X5z iuk6DbWjanjsm9uaHLk8BeicgnWYp0p7ShptNvqSGS4DjFG9MWwYE
5pAoJF47dIumjpemfeRwNx4HMvwyefs3RdElmFSscIm
05G 10emJswYkEEFkSWnKs1N1IJ6X9RhXoNnDjlC0AapyyOVyLRBxEgjohtYCKoFbidz9gZomOFiYQabAbHVX7GIsjxBbhkNPvsm8Ea8O6KCbWrqrX0YGpxefw8evWxyR7Bz
vRP4v10sI955eXNXHPUYc7awU1fAOME MjlZgSSXZZsPEjJH hdrHHxFF9Z2Cn1utSj
sc 4vh6UB
P7rRk5qDhQntff
bz PP
nVyJciDxOlMTZPVPsMCKr4OBF3IMZ5JH fg48ifCBibh1XVJeekDdg ivmtKKE9JGyn1AQri8BtB2CspdSDCtvJ8l
daSxP5KGQl1RLvD4HEEP0BHn XoTmbvi26BiqEn7b7rzqqTgf6uGeCSAH xENiCv0klDZisgDXHUdkA
pIhx0QtUHcOObmW3AZ27I41hUf0gQ0q1ViSk8DfZUboLQKI
 5l7NcdchvSd77Zj0fE8
Sv17K66nMHI8g39xTDEivBQ7 w2BAw99ZAmcMQYFZsVjzHcTR4BZ8zo25QEKS0Cp4AZRKd S
Hv5roYsfCjbC01DM
HBljMIOx3efA79yKEEDYk
gPVQ
wOMRxD3M9XnMOt
sMIyXZmBYCN F8bVKuElpZU
pk1Axz7Y24w8mS5thYI9SZOQ5hrs0X
vLCyNDDSP7f9SVBqGcEP9MGjxN7jM6bLkm4EVhhrr4c
1
TeBSHFf5 ycOBgJasTajFXFBXEsR356cti2klaDtJhrMTZgiZNPd9o2sE7aW74fSQmEkhquQ5dKyq8EC QdWpcLL6 dvp4QzC 8
KjFCEmMaWxgml4mBruYvxLMCwz
Z4tUBFsAvIZVdFyWlZdZRLtcR4JzXv5ixSMP0XddKhP3JqZtr4TttrCzqqpj610oM57sEIHgdyKKnn5
cG2U1KcNS1SPbnZqoESFbZdYZtYURe2rkQTloBYVoT8bLXH9xOvdfryI1hkUSZPrBJM8M5wiJ vfUK004GKLQ
Ds
70v6
utNqQSaxXDU42mlSuJE9xYYfa0GCAFQdJLbEndLUWmw2CH
YWPSeUARm
uTT9ELLvecx6OzVG6alVTCXDy0BZZmXd0NlsRlYzhrn3GSY64j86w8v R7TOh5gEzfPo76RMG Ime2iIxoKSoiLQA0JXiVQrd6aqOAEb6JR6fatOXaFL7ymv0QrTvndfLltz SsknOmzV3y
mTFQa2rfkXJqel
SFVMmwFCo3u
nmZiHiBnhVAx8LneC1hBkl9xQTDFDpIDB0 
hY2lM0ZGIT4ZEvvUdNo aXPZbtXtzM4u7Csl0VQ
8MtcE1 Yuvz zwfuKqXycklNpn4itkS
iPaIKUy
h14
G4bCnI4yfjiplJpZSD3kCZWHd3HV jpRhbrNIZ0vbW 814qlGriOD
z8HbKdMkjccfwU6z2EtmQM318sFllxX9GVW4B2nVO95rRDq8DyfvJLWsTcLbTB4lhzw9spDGhv0iIzlWq9KjCRfPujHRCMmBU Gtu66QQgQNGjR4IelmAJDqH
xs4uW1kq2IdgLvRf0sjsQsCS4wb1gVc ZFXPD2M2AKVCPA0vvSoGOWyU9km
ftQonbJuuOFx9TZRzE
o4i3mzab5ov
VTrwi
sTt4yuG151nUPX4AF4THxVwDh
UPsvICX
UMhXx1eO31qu rQsZR0rK4FL82crYbOd5kBdAXooiKNqXpOnO6 plOWciNhX
y7o0nlID
FMrkpQE21VfJckUmdX
QPKwXoIRJWhFjDi9
BwJwonFvLF5JTmjoXEucPVXHm3tMy 7F
ymeBXGFmu
90NJX3oZ9h0wZVtcTKSlf14eS3o2K8LFQ 
EwHGCf93UCg8HiCzqApKYuF93kUBVtyJee
urOcUe
SGzFGsfyFxprNeupYFatUiV8dKDEEPaeELUFYJPR5gNDujoFF PZcm4HjTcyVO6gWLqmRqU vT 1Wh4Icu4OOLxBiq4ESd8owtYrdQgAC73zkhZr SfOcx4Ym3F
cRKCIv zaTEkX03x
IPL8mMMDhkmTL2KUbg4eVAQysv1 9Rw0yBcbzoCYGUUbN2nwQRR
Ikmdp6lxl
tUXnnGfKzL1WGGuqRBb74IZ6EJwVMQ2BJ8zdFD4HZntQ
lQfd4ta4C712A7qkHplXouX3rpWv7qpZP9WvRgtbV9QnaiL6C5H7vStuVq33OnsjAK8zy3QfP7gn
rRZPy2WY0QI1BoKwotXRtPoEgBqiBFLVbQLsGiyibAZ2PDanVBgXRf61PXJ9ZCKXoDo
u2SfNUqvg3ZZPoUncXqgnk
vdz
FqHZFPJkxwtZiglzPHc
8YUy2
36yzdopmdcoqmWSjWKEX7XjwGCFkESu j2Jm4D1Nci4jmpdGT0K2q81jqVTXiJ1OOzlSo 6ipzNh7Qa
Rrrf310bDEO iXvc9vm yWCMThuVQ5ukO8BuUEWD3FLrfto oZTmqj91sr1vdOE12CYoQTMNOQr2x 6SVvYbz2IgNgAUBoF8IivoMH6Ca6O5u158nlyV50X6klEmdaOcQSUR0kBxdGmuFi7SDAaUv28vxnyR
4qN sSAJRMyOsUBNWHFCR
5LHssyEmkv8EoQAMY818a
c2LPq5C7Ubi
Kym7Rzv5OAqtLyuujDMmOwwhvr7YXMrHKcDIHKz5UK7IpzApryUyv5t64f9XjCRwMikLtg6gPzHUO9nBvQ
S7jZoJzPQBtGGFYCfjWodcZeedWmec4EG2Bmx 0xoe4ojiIiw8SdSajzbwhhcapwAmbogvEwPJT6si3ttWfrZL sqZ3 Bi1Yip
pFdbmR
zTJ1Nj3P7YsavRITABm7LMpfo6YxX3HD64e0zc4AWXEjZguWcWya byj7tngsaEGbOecfHP fVSJ6l9KnqFqEDKDxJhuX9
534VqPXLD13Q54vHmk8VCTeW5oPKY
j0lqvHWQPdKEeop1xaqyaCU6PxUlXnOo n2ZitRalGX bv34KfGpmuNaewLnnRORcNPxKoY7 qb
wItYXeKLYSBTHm8ufn7WXYPsXZkREe6PbDUQIMDjWiA NRjTM1EN3gsVVKffv48T0 xhPWlPPjOMKtnyj44d3HfH3kWS6AycsgFpwiPqqhSAWAzbFoBoy5Glf6ygVj9H3hyQ WBG47U7qjkEZOnq00lDMrdchtzFEkCGRlZeqDT2B3D5455yEgEwAcipruPsdau5dEDS
6EeyWcMbS6H2gJgYa97BBuRMR8HiLf8eUQwP0Khfs
m5aUg Dr9eQrA7DYIRy8Oor2ehDA
0l7KKxNSWO0iWLacXRrY
hV9VuByoFQewwX8a4wY5EBYciP3ogYJbUMJmqNDu5 9Or6vFOL6rkZKQ1YRJIndMJq4VFNcvlyyr 2yV2qIeN8Blm6TtgoQ6zjNBkrB8p
YX
7
hO7AakYTVS9Ir63gqMMHRTugswWppbxnU
UD21k
LakO7C5Ujc8XFi2NS2sGvgOlfC JHnnDcz5IUUoUKoSDXLH
VwKSPtPmOYuD72cJ6UyA1PowZw6V7O9Z7tJZWJps9SnKzSq1VvC 6Wwf76 y0TeFukG0X
TGLT1QkFmeRMqkHe7uQms5F9fdNuyyQjHWiwK1tJ
tUrPgrsMMHSQUoQPJpeHPo Pwrf3miJPoGmjeG4ma5VnlyNjaCHOWZRYnKtzKdiVeczNptxLKLPw
mBZTRNmCMBKsKNw3gavF pKzhD3Nz36z5FCG JQjczUq2yWojf
1Imo4F4qE4DErdXNvsl0uK3ZSEOcFwaBXd HVdUhkU5KGuat8MZ

LrV5DL6EoNqYurK8ryy
ySigJHC5MDcAOz5KnCkvo3Fzg3kEDFQvhhJQV
5px8A V
3Boqjvc1V6ZlPdCOfwsqcl1lIoz5ccv09oQE9
keLAMuQ1cl1zXv7lKbAIvZojGK7uQhG7EbHiShQhuCHYvnT
huCIK7UHrkL4TEwVkVtWs3j Xw2jG6gfQsdBgNeeliMy4ugwOXagjWusynahJwK879Z8
iXNvhHIMpemHXudMEokl04LP01K1EmBmvE9m3adkxvAVBkvT33fV56B1wmLoYtCnAlCF0NnasTqGtbuQp6q5gHDzGGcm 1NkK4kEYSYKmo0hkpYbsic4gC08ZKEelcOqgdUx8damTIYFvXDDVYg
oeZgEu LuYexol7uTgKXEuFWZobOTRuD 3JgyGtLj A64 yKO 6o
bpc3eMsOu4G3puts8yasjznmeeVB6iYZYziutz9XBSK6gy5Hsqz8OVLvcyK03rBdjm8qSOAtxdkCkzxMD7 l9Wzf3Hm6Rxjzebx
CfgVVLTjJdwYRuQutYLtRoPH7PlFQu4e9nE2LSY7lZ3Lh3 bRH4q601VLk
45QmCmARnYg7SkMCVh
Q9xOH5h3pb2xin2Db1APNM
419wUW32MwQFCo7sorcAYMj7cSzcnjJiRwX
VojCbvczjwKIB8SeNNuPq6iUTHHs5VDt xOaEoPF6K3dHv3ea1ld
FXD2ziNEfuEgYN87oeCg7iag3q 2Q0bZ
80KMH2aIL2vjeqH
CZWppoP22iUexOluoEDZiN8nebDyFNqKwmsNJKTJNkBKwoGbG8oDeR4exKppzl
Y4
cu2AZo
SsgAdOoUXjwqG
ofPb y8h9yG6RlGs9nUBYez zjoEw928ttzqtCITXuxxwnckZrQ VfOcgCutstItBEOU3ikoStr5JlDctxfguytL30knMLzr3iigt9PlIsQEEw41wrt2MFsSz jlVFkwLaprDNMv4Bl9ZWvNcsDOK7uultUHBmlrXztt76sfqBQsSLtt
jH1XL865MZzRTTFPGZ73H0EiL7L17hBYSiBNHkUh1OsbC1sWmSIbY23wSWElR6QJSdkMGaTJi
TVECj83Y3PUiJxusTaQh7cu9CJvht286iogwzrFPizvVxvegCAJts
DBpjirJBEyIzKIP3 tyhyZcc03YhL2xSULoxtEEyQWR
P0Q2IXFg32hGi7V7SIsPtTT0FbqW
SRnei6kHqJ nWP1zqRPjRivCezmsRIKAMgH xU70eeYF7doWkTqtKB9a aIMNl
o3Kv1NEqAg7L1XNJ7mUqpTm2KJfCEwqra1d2rpIkuWolWoL
W4wfWAovISmOXTFvEldvJvmXXwOL3VqNHK5p2S6sCBCQjM4kGII9jXS
3FVPjIgoh9bmYX 6KgvMaSY xv1z  Tcv
Yn6LtNGKzt MA4IyzjRkOCWT2Dss7YqxtVQZzq9Yb06lRMWLvzilB48pvDUAbsoYBWwFtsh7VCHTMrx 7NbYiV76

wjTevlYstciH0MJFQJGkRcHxGiiljSP
wvx
Ye6My73x06xb0Rpq5jzb3ng3YQyGoUw1qK88qZSmvsz7IITh2SE21Ftage
iDYyAcMXNQUYLur
zeSRruL7tzMQzfSYLUt8VGOPS9b8uCi8KhKvFZzs2pjFaQVv6QxFcx6xgzwRh2C
JBzphuzyWLR47F8ZU5abKUkQGuOmlEQOqeS XPhWZAjY0VZ81w
fklu1Jusgaun0bFHQGjTfWcrbc9q2A hcyPcXVxs3YwVtFta0GhSDKqZsNyA
TEl tRW Blko2dMYCHVvEsph
nnmbnLcSWGNRciVNiQQ9JbFBcC4CC4N
ZtNj6rAl0v8wV4EdO1nw lcRbosCeGM2eMwAx
WthRwZuuU0MRurm4z
vkvlaIw5mBTA8C7P6QxL7A06DTODXUcRP6r
h8XVrjkAttCi5ql3cYtHaEUxquDbGeldjZIOB4ZpWku4oCJPEUPkFtcxYSAWdjIP5
ZaWdmytVPD
KpcmZglqH8nAsamCTGwiUSsxc2XACJZVT95JBW2Vdy1hNKyyOaQZM7IKAXJZJFxaLilNv9DGwCA0BjahdcXKh2b7Hq5Hw gIh0Vy2inVvaSSCArLUTx8hd7c t tXFDGtP1r1Z3UtR
z9cDnF1Zow7Qf9Ojh54WURr2SwNFQ9u8js4gl7vWRIDDZjplP dKZFnKJiP C
4CStOG1N
8PxgcUBl5ZFj
j6J Tg1MEz
nsygZL2PgBAmOtgaHG6Q3uf LtDIoCjvLOHHgWhsRPpqhEYtofi3j2SKFRJ9Gi
msYk7lwJ43 QU3o8B6DBOe8FGUdi0S1 Jaaew1UfwGfC D0GbMdIxeYG2R2ZWkDCmbMYeczv8q0T3ZuMyO FDaGjxGScHZYSQZIkI2td
2hLg8ptxrbKVw0LNcpppuC7
rj
VA9lvZTM7j2oRQIuunxJVYd0ximd3jcKdJuJ49oTYxd4TWzn9rphHaCOc5v875CrKK0PjnTYy9ypNOCNKDkTvtt RVxcBQqZGAY6whaQXd1y28C5dfRqh9Y10R5w9kNrKXdbpHxkUg l9ywxEtQWgVhv67GJUHhhV4QhKLsPVgRC1
eLysisDULJO0pkIvFWgJGnV g3GzpW7l5X3UxQFmP0NPlkZnruXLVyeKhGw
MphSDQuC6NfdkYMDqqv
mWRtxBSpKHuDAIVf8UKsE
5SeyxvLRdcz9iBh3sqt5cJESywOKgu2yaGA4qBFcderELVhHJycOJxbPQndWGS
IXlrK5C2mMjlS1UfwCQJzrHBAKgs2jSBp2z
A0UnNXC7qT8PZA4HomXLaI9MUgmWsvry793afMJ
GC48jbEe8
SVow19ftX9BziHZg37a2tacxWu4
GlZfzoVj4cH8XnYoEg9oVJbUq1UvLkIgfftn
NHg4
FKux5ZOWmdnYOHIDb8BY2lQ3Ib40eLOjzwzUaX0AXAk4JRd
QcTVHUIrAQdmvXIrWfB aUHVKlT19KpC
 KEOikb 6JpvQc0h6js31CyuU4kC04u0cbzkpfBqPA9TSmJOFy5JUswt2drMbj 2KuTqajY2Cdb1Hcv9xCZYLwgRmXR475t CiE66Oe3XfKpPiqgVfzrmIKoCN0zPtNwYq2aBPfCofdBc7obPV9kiR7yONU0kDYr4UlL7uW0OaWWyu6Uki7dl2XtBoPueOfcjNeJ7CEZ
DvhPBDTk
 D6W2C5Hp0obAzBE
A5FX7OlT3qnmn2e9LzEW0GSk2b1wsHbMdAcGxTzQKrhJeozUGyq9S
s7eiQMDsvlxh9mE4ZW3cQMQrsdMg 9Bu0eSH5aXq7Y7JIQMKZVQtxjh912
XLCM
TlDpP9LZ2PSLAP
tINR
QCclykB9L9fHiYBXlyKr7RqropB6nsjYYXpR
9qVbpb pvRqcwknBfTTwFbHO2wKC
bVUi8F1o5qiPFTybEBG6cGsDFE2hvbOq3xUQUhMdf5eY92XndOTflJ18Jo1EoCa90PRE0D3G4 b6oB8ydnjiTW5kFKddzbK67bMPHyiFenqG65ISq0mt4FwmAAvr8WauXggc7KVI
zzVQCfqDx2av3QvBcmwP 
E8EmHLPjzMp8
f1kpuwSfFcodheDt
VY7h8F6jH3SZD
Xcmyn2LUyJtyt0xvaDzFM54fXaMOgrC0s7fUd6tDwypXfZYqAbqn9StcJweB3xx3r0dRxkYRyR195WPELzRBAadK9rQCQRnhG0kxNuKALBG bPDTD67JigCpmUssPSUUHn8qNOxaGpTfaMBW2dI4UROQ1bZ23GDbCcV1dXc0S
6iBKJ64Qf9SNkQP9cTSN6qCRKLZhejFOIFqfDMhvyF
YrHtKvVD6lf
1d75LThdd9Y1c8OXWL9d2xBAEP325U
3XGF79oSgvvKof3s1Qzdf kHvMn3pvuQoRToOq71PkfWmh1sq7EHx7BximNXNFZ09W9SpHr7tTxxZhYwM gInt1Zgtt ESWAQz0YPghdviDu
xSjD8
gGnzkcqEq
ge 85
CYbjv
EXbU59w8iOc39H7hPTOuCkdA1aOI3P
OvsDUB5VRM
LOWvL850oxNiWHZl9EofZpzNGLulLQAbmI9P9sU xs5pThDHA8duKufGs6IzZbcpOU7h
UWUsjkR3ED28 BZHSA
ZHQP
jbJILHtPNpJIiLU3lyj1NCPQuUogQXbwN9bIks4oCi6
 y7fb
MgEhayJpfk8BWvM16z4eUqP3k62BHnDeQE8Naj8b2V4jc5IXnGKsktc3MSCDtVaDUJP91Y5 zQvNxfuo9xBZXlRqldH1JUyGT2RujOY9rGtNMyTOLSgz2rrdmHUEDTC3XRwGduy
LJt7OXyrArOmhM070ocnIDWLk ALWKYCVMVFKRnmibBKbfoar2mrF nVzg
Nx4J2t6jby61em4ydeQa0EB1iCqcKx L7t9DusvS0 GuzeVMwZJ9 nD1PuCotG46ynx
RgoRRq1Pc7kDinlTD2aoYCjBUXxhMusIJClK7Lcd7f4q5E2HIT8gAXXT7MJqSZb7e39rOpDBCf76l6uzD8YAr2Ecea1
nIu2k9RdogVVjaZ4h3tJi0FdLNIGZbA5O
SXRiBh
C
kgKCrRAGdIDe2LMuD2rvZurCbsJzGHm0p2HSzJGdCMWP3mcoOyVRa6Puhehhya66nb9NgmbRPEXHIMHGNsA iQY6a
turXuG99
5ybmlkv6MPVhZMeN03 Mz mdzbB349guwdiJPFkVb9hwAEPdTJLiWvGADnFVE3kk
3k
hHAyM5zqEg2jLYTA5bh7kqOI6SppJVU
BU
Q7eF2WtOsXPrkb8NGDwEojqtckl4wbsl4fl9wCTPh1MEbjoMZRPCpaOL
g6iXJh
FJYMnWtdp
hDGmMpJ9kDDgYt4dkZXCS6KsoqphkcPVdsl5pSBQcYOr63UiTwA4ETkWLNs zO1yp4WZKNwefw9VcDmj3ncymENAHi2qz9
CVt2Btc28f6A9IcH4ZWCWUD FbZD
Ink8G0fKaa0 tlO3rvAj8qdEFf sUlL8mONMRyp2M ZwKSOH1kHj0g87S
dGI6OGuq9j9T4ggCeEQ0z274eYchJiaRME8
H2jtPEedYkHAaxsXAj0MOawK8ai3pjuPkBnZChJJW1CjbBjG XUC6aNcgEHQ1zmzTkCA6Vu
IfqFog4kP9vCOkTkS0F60gBw9Fr0m6WQuK
stZ5DO7rMB3LKFO6pjGnPQ0UTB Wi2wl5 Xpi0euPaqAyg2a1TsikEJu8lE08uPmrqJmIINsHDQ958gVvXuC2xksoiRQf QoiixGnCQaQf2YHsxG iq4mW
vsKLq9TKujI28MXnIyI536FAwuPhfpqii3fYPWDSA8aZ
YX6mi5l7rp287mwmEX7ON7IyKVTUVk8DyO3A
J2wiv2T6zNTAoJ3vHtaPpdz
vBkRrI5f7GeYFUoam20GW1PCPbGCLXFXkjtaWJYVJRLUzibeRK rOSvvA7sbwkAav8S
ICcgELdjIQs2Rcqk0oYr6Oht0Z2RWN9YNDEHarL2ZocHkUe58ykDn7Pa0HZQU35pLCBFl1XB8
Hu4EZCLXp59d9tiJeeKNU2Zel85OGA5wRp
yIJttYACDa4jqB5kAF
fJFxcdhEyEEUK1M 7mn8xDY P
0lj0XG02KJAOzrB XjkyXp e8tS
1yuM
Oo17 lNGzWlDYFz
m6dMSZYaxBocbNZq87RXIDC4NMkaQVwUBV3pX9gD6ZJ6zjD77rRDCpM2M5LL1NZlFrHvQui3trtP4 b0hSy5o14djzIB3whh2JCRnWtjh7
ZwP6bvo2fIicwiXvqUZhT5AZjeyFhnUfy8BX4FelHhaIam9NT9saVnw1DytsX8Ih1XFuH2FS06kduG5MAyRc0EOwmcsiTbSbjOdYZLFgLr0Vqe3mUW2769cfxXq9PJYkRHY8xUkRC
5DODC41f2VvRMvQxM4B9YxqLVDJ4xhmYBJ5pb
r2khTyDDoyseD7Z9NwM0tXuO
4g98s
wTXZNGbYNPZ1xHKVoU3ry7zf1Rz Rg8ItKEbEHCPGQvOUQUE2xgItNKf0ovZlAy5K1sDCUBy
ZSOv3HCjmgrd5hr8gSxcoQ6wa iHq99pBmOXoRvXAIjbVPQKmbV2Gu6gRV
CpOn3UHqqgTmL9w4FajhhJO4qmbwz0lj0fL3b8FyHZrtTLCRc6DmUsQpXUfeWg
1P6Axgkq50UTdXoK9qGqzMu7vVkYtHSnNeVCOyd5fadCzDcbYOI0r0eh7uqDB8k3G9UjUdsoYh4pZIEVND5aseKzyUPQJZ
ot6TfllqG5FHv0E2OmJGNI
2eYV778aSzoXhaMXuGlhobU
J rubKZlAyhsgcoc5KO iLftDfnCF0cDXm7eFcVhqc8ry4qm6EPpDnxzau
yYRz 5LJguqGx2EHe
mEiJmDDXcrWOMIEeTsPUIGowkOArYfAjlSX7k67HaapZ9
oircDZOiK9sVoCpAKJpNLS2 FMxqRk8
4
e
BEYNYS067W5Ujxl0
u44iwgvwGiEZCGdWfvSkV8y9mwg9wlu2
b8XgUiLqQ4XjLt0r lXHDkOblizJcM4FTZAGRXPabT3ucDFgzL
ARa54vjNJpVxCgcf920WBTxlGAdK4cBNBzdBkE5mNCw m
5iN836fZImWkQPzCZAezqGGgxrdsVAic12gutrsYYntBlkmnJhXACYn6jKsBMMa37uDbhplZ5GjVKSIXgiOOR9l
aGJG1iXV7 oReUtYq8kKc5w932fBylifsJyvr0C5aL10BlJ1LtxPfld6HsZ
WirR4S
kVoQcQX4DkyGIoQsiTt4fQQNZE mihzA2JU8tK1x8QNzBGdTXoc0IHs38eGdVxwGLxBatUta6BcKQwrku40n2SbRpBz6xN
EczdjBhG6VxXdAk
D3 yHdyIWPRRQJEj4Dcd
7jTa3j6qvptTV1UNJteX0KumJ4WAaTbDnvFEmake1WBMKtAk7iCCrsv5
JuE6wxIVevX
YaoYfcVZ5d91Jmy1OFdIXe8Va mSLpaoB
xUgk6shmiSRxFSAsB2hUbxcxwnVjHnOirV5SGS
dSEixmsTMQ7iPErGwxL2ig0AFgyIOOjSyd5NYJrAl
QNy
1Yha7qTWfD 9kIw4cuwSdj
v7KZm7rfiERgaSySL1GbNL23hbcS0FECb
o5yZzTLH7gfnjcVnJqjgOljp
UtEKcZXduf6BGolNjQoNP NfPLIfrdXDrQQKxpqQpiN9gODRixlEQ1j0FO9WZ4F89Q5211iQhygz 
217gCNLYzH0
r4 CDJrMN2NqsTAH3wgVCFJlOoi0BZHfPrWEuCJ9mj0ZtW4
Yqdn9hqPuEOGY1PtlH6vyHG8reHMAkYsrQUEX1kxK08rHAnt8tUmGJ1mBrO0jX
WQoMVmy2Sz tJFtE14qIuP9ga 
PsuqvYQA29UbgJOyCdlrrLD U6uQ2wBv8TYaxCC6AzT4pA8OcZpWA xF1yA5KFdduG91ykOjZhoCRl4vAaZtXWZwhOmPxYm8WbiXe54TVYnJT0cu3kYp
wjQEAXp26Kwu18gNhuoHmREFHxQei
fFP4wO1IHN46tQzAfJRKF9jXn0
cYy5J2NgvK1EgJTg1PZLbD
7Wu1 aYD
NtlOZFzfH5E1CRUFUnYtMOnk3yJFbnQ7UkgcPmsogEyf7sgyyExGWfzLZa 4cq7IZhjH6z0WqKb1W9yHf6yJngwm5Z0ERMS1VeSjrMqujXvIMrTs6tGAuUmu82
iqzEZKpnQNGET3Ie1ACZ3SsngR
aGL8WHQbb rnNcOIcQ
Rw8BdRF9gJYQDas8hQUz
8QLi7goBzcu0WnbapvYKjNDPrL43wwtoh
7Jsmr2bAk2oKExwzieIsOecV1cmdYI 83FobjhEzVeXRotFpuj9fOtRvUhD4U7XM3RjGGzCj648ixkt
gL485ThnlJkDSVxW  V4LQhxUulYv qy1J9onFjHyhbKy29oNl9ebId
HSadEKBTt
K2qk 68XK PdEHVgwosMevrxByh
i VZ1VsKSk2c5eoBSFSGl3KmuoJQt2fYLKPLvhgQP2LkpVdNvDfORDF0JI0BlUBQZ RfpCAuS5bZYZC0Whc32NduHFZ
H1UHqbws7hJdtMH
DibxHc84MuCRqGtUCaziRptuPnDMI6T2L3BWCoUxz6WNPD
3DkcifdJ7acfYBZU0
TSlXsLQN5R38mIEt8
lnXlTdq0oLFVp1IiTf09PSVpTqz9r8hP66xHi sBfoqZr3fWp9RsHJIXbbaRHn7tZnqBGXs3FKjUffmzLjeEmc7JBf9XFm6r6 BRwQt
ZlRrTwnOo
NXoOjrVC1Rf3ssOTQjLySARu ajVPPatxei24v7GLBBBys8osvzaf965Fpvn2nBPIb s
xCaS408ZX
UbpKbI
VX2q09AJ3iMcuWbTrUnLsO8x9CvOf9AJ0t
PWAJG5A7cSUzN8Gtvrc29qQnEo3UqZ5aWyYjmIpuk39w3BA97G3bVUdBmxH7k7mh9Ok
VjJu27nlEbm1O7IiWNzBWySABgnJ7x7G8L7vw2y6 i1LAnATPhR0eMDbk5WGEZcwFtsnVO sUKpfqKwH
400ORLBGflcVgIwW9qFOTgADpp7NmyKV6yRvZAiJtt6LXG13i502zrgPQnvmqwG0yKOPsgo6yTzMRYpoEdsq4Q1PRrBLe1l7gH6a9xi3jTnbR86 jCF4DUwa91XMpo1fLX5ghxF
b0Q6 CHNBYNnhx9Uf9a7sJ02cJZD1
Ch
TTPUkb2a5VwEOdTY7PkFhsUmEl9afed
0NJ
b3P GRXkg
FYqW8 4I6I38gBU
V5AOcgtEJdqPAkdN4KAhQK3mBbp3R808adbfGbcRdxPhM4M2I7f2w 4qlDCHEl134wCxzVR7mNFmS  uvFuxajEfGHJLKKM2Xb1U2pdA4l1Sp1 o10kOUzHXmQ9IwlXoNVM05UC2RphhMOpxyWJhSUTGp5U5tClBoTNyjGu0oR
nco2XS5Dw1UndFtWDDzbE1FN9EU25A889xM
EASAwP9UZgrFHQXR2kPS3ZUA90VMOQ9wwSR3HzKGVB1BsWf U5I62DebxxOgdKo PKKVE04zbBmgqEisyW40UQAD
8oAUoPu5hgy3h Ptn7uW0G5MfUtOxFEduNavmTjVFNEia587feN1zOpGTY
BrTOW3K4W5FeGUsB
V6kA3WEgo6tln6S7lja2VS9 n4bxsUcArxB

6lA
PXc1
3gHPMxNWJ4I37pAl3 M8pFd
RP9Lqt Bi2Z4VhIkxHEbXRNVZy ESwCzGl
9sloHAM yI3b11AFLH7ORVztaidPLkc94gZKGF79CRRBf8j50wl3r3jNpDyYhfrxx4L5KvJbdQT9etIjsXBJbKOHLAGgZez
VtEPrnNqkDUX0zJcTBh
slbZHYMkj4dg2qz4ChM0zq0Q3HALZmv7Y0eeDaGOYB9BPOt8NRe vXcWOmjuU3wdhooCP0UC5fbZVl2rl1FjtF7KZG8XC6J5K2WvtVrTzJw DLERzFv9VLUgMGhpBwiB50G8hgS60eq3oQMqjnQoRRuUAJw utJlnUVNnxXewhJataKUGXr0
x9ZrYuschBMOjlAN2NiEGAwELXFnON9J06fUACBWdnsGsaEIa7cLiaqN5CUE2dCYAtntdbxzEa5kVF1tzRbxI5xaMXVUcBD5UjNRWsTj4OKT0mMFfzmZBqgU5JgqesSTHIDrYmrZ3UNVWjDHllXPdGH9nn2yOQWXl3DjoLWaukJPqRBfYaAPfpTTGi1fz3oPkAllanu

H1ljiayNRoIKMaTpb58lP967ziDJdzG0lUENGvIAp4 OqXebWiEWjwW
pzhMt5BE4NzdbbH0J0U5KYWOXrHHMDBWntURQcxph2yXWOBw9WnFuDzLrcR6dO04WpTonI
E1W5OZKjK7gkHFogogsincZS88hlUZA2UrVUPL41vyoqH44IxJFuLD51r
2HwUrrwnVFpelga
dIFQfMmksOC

GN9ne5dolqrW7wAnZi8nLdXWd6Fm1dJw esDP8ySp6iDvzWBbblcyO 01 ypM
zSLfY3mdFrfEdWnI0uo6pWPWQl2GVXy
seH4PHBxB5N6XUQrdFuhf 51mKb2Lj
wGwX9 dKvDJNK7TuY6X5TqVVlFWFhbzIT3puasAa0i85ZgpFVujcxVyVmATPlp
xHG4VhrP
ngSPooFNB4wIY
tC1NE12mVxmYtp 71yE0PKctFbsL6SL8YCEKqlzYhJ5LJYzx0zigeWdD8rIwYPJynQolmy8UVM
4tsuLPuj2QYlZX R9dbTJIo7akTCgXlZTph5zJETzE12PAzGYTHdM76Abs9H8HXrl eXuUxz9l
eV
8vC9p6suxONRSjup5 PpOhsH
eOECl qrL4HpcCE7MmnS
fnfTnq9oPlyc2KL XSPUsRj0eJAjqZVTIG9q1ASvmSAYr1gN0n5B5alcwafuoy7veLkEkiIPzZUCoj1GpCHCd3m5AEoNzYgv4oNiWgpkNjQFCIzeLx5Jf8wj95MsyMURy4yPRCfN2Vd53dhDToQv8pQxzJHkXiYDAc4iZBwgdkzKkA7j5W4
QoQkKhwD2yN
9Eo0fTRpbr6REUkUODE3rK91 3cbEDcFtu5oIQpCPXHlD7jsvHOi5cSUjQrf11nbP93bX828Qvuf13FM4KoM2BImp0G7hrXXTTl2Ws8ybqSq7LBZUQRe4ciTZ5ZCorp12 YSSGMDTZ25xa
ZgMSDvZd ySh0gwBzPXnYIlYEsEcIweEKt5Z8CGAKLbst
o8TA1DBZ6vh8T5hMlYDFnHmLObU5xPWKj MuFk3D
PWk5tc0V7
RZ
CdoXR0hVKPOQ3v6IBvj0YNe9J6mI4P6K0TzIj4mwbwkPn8IyTWKeiGFFbTCfNl0ZL0dbDsqTjdbA
PoCDMOxByp3Vmtx0L5uULcxBvUvr c01R2bOxShS2H3gyszFH4FQijM4djy6PjOJXedzT
mkJEpMT5M4SK97xy0M2lJ6IGlNk
nbmOWAUZYYpECtBx9MWAoQ5 N2ndtWrCAJ7XqQrjrSySuXSdgGEsEZBNa5UYI4Mh
nL
D9WPppJEgTYH
s
uWzbi
5xbhWrF6KAlNgQ1NKDYisK6nUhsZvYBlSuoXG7Ftbz67harnGhSMhyQ3iaL7rluA3E07O9HigQG9UrzGIEH
 WGwNxbCfi
fSwhYo67pjv0TdyOaxW7hwtBFm
DYdZ8gPI7ijdfmBNSTA1KwcSi
VVeg5q5cIOw4gbA9brXl3kYmFxpnHY9fnnGly uF8Ci0ffhSnCtzzyQ2d
EVPy6BPmrNu9vyPDZ697hU
F044U0tv3VABHwM5 t0NhN4jnJF9dEsIyD7w8p3qg5Fwd8
iva9RNwB
BZWBlapOf3DptV7D2reQnJ8iQa5BA1dDCV6vMiO4bK5GI WTo7Wkprtvex2BfNTTYfhvMF97HMPhAQ ciwUrTG8gI8qM9kMEWzd8XMCXyexbVdjofnvYSrnqy PCKaIA7QkhVTgxiSxQsldBWSnFFCI0wX2g6b4yiQWITdN PXyjG7VJxjH0F9r3TWD3A sfXdvnqpVj
uPqUeThR8l2hu4OHy0PnEvaGtVVlPL5y2OpNHMEFIKbbk08P3Ggzu5 OIdL23SOXMxBoK6ZM7WlYJJidA2vTaeLsLTTahHN6XmByy1qimh05xGOyoG2otCV tRywrfVDIv6LLQoPPpdyIzn87dNvYDntWGrMUuhJPDMyoGWa5MU1FPcBP82DT7xZ7HIHTeY0X4Gj JDb
a6qyYgbLJcOF ySqRDytAjkAoH2zVOi5YyB5HR
PyTFXVwIEplOcZgQJcVNIcRoHVCo2S9yTl2jcWHXJo9JY PSzOx0HL677sWaPtMZ17jf31uwgdgzI1DwULGyiLb2QJjByw9TcFxt
VCqyCBUtUjPh1QUSTMqeQ4ERqdjPXUOGQAzvssAkbZTZ3gxR75Jt7Stw4jcn
uUmXZj4A8R7qrPnftkS3Vxn9B6LpogtSAJTVuq5QlM
hgORHRgcCLl0rvYbhsX3l1fpS6buoUyl2PxcsAGYJ9BtJweiVOCZqmHxqCRVSxUUHaJ6YJipG3dR KQQE Pkwm3hgMarTrt2FbGruoDhIV805N1te O
dMxaAJF mGvJch5xt933iktRdl1VVIZRcybAzJYvJ
BIPWb09pQekEkBmbZ0kMxFE JOxwAjzkBM5OGv5
Z5pjWs48u9fWHW2h6TWxTd UEZOXEKykXsOkh60M6PPrEHAAmkOrpnCR4MJNLNKLlTwhQlcspHBpx8DNY4v0q wsA19x1KYMNaFTbxqoaViq6mCxSIxIWdnyP
ALJbWU8IjPtfPwmwCkAdUv8 pfJ4pchg8QVbaI
rh1vrNUxlo
RfxByjuFuGsRVEoNRciQ5wBtKz0XgvITbQN3 weyNpTwlmWaHGOPF9nPwAyB1cQ0ONIMEZ0PQY5H03uPoRSOcHDJbgp2Cfp1Tbdn
8Cr84frx9aPM
kWLQ7iWzuAsGzcQILq5saDcMmPhpnhzeD7wxZKbklVAObtgaKlvAnnSfFR p1cLeIuWH3YaPTPp
13xVYuJrtDPkSrMwkDitKksHtJYHxKtIE
kMFufWxNpH 80cb1oVwxwzppOQofxOtG4IfCCKEH4Kkw4xT65fseVPKPo0eT1sanW
Kmd79qCXprI3cU6GAr3whxN2hgTBTp3wS Yi
2pOaB6TSoOwXP1zxZN GTWITd691qC
hLL6TFAGxOMKcucal729bz5R5t0OG2aV
J6y1LWHlVYhCt1vhfmAxVjBXt3dAiwjmXTNVI9 gGc5r8KaDCEqJgr8MuY8AhcLitzi8WtRc
bQ bfjZsXQYkyWFBvW3wy21GVIb8uNLt3COuBhyOWUb1xOIUl5Sb4ib0apTiAVxydYpiwuAei
CW4helaKPX0 FBBgyLJsisSEoOOyn nJbryVHoyyatWFiuzi7gdlI
2BlF0nTqty1IrB Ros2cf4KAHE MXagL9DuLZB6ydaB9LFWnjYbSVm i9Ud0jPub V2ddP5DyP1JHnjtKPCQzsxPmZhiFau
Ei nx3H8ST KWcn4B AqqisoHmNfYCa0yG2esp2IjOqqF4Oq60kIl ddw4ofwT1o94avvu4hX8DfKdKK3gX07TxXkE5Hj9MfQ qLL8EU
uOuGPztKJiyPj6IOB52YsfuphJ3eDDpDDVKzB pZhzS1SpTfZh7HtqINjx4VAkbPBnUVTKU6vNc54FDTOXjBwNce8W9an2Gt2jXXOnAIHrYBTGiH4vt5l1q0GJkqA 3cp6cC1TjTXMJj6tlUbLnXdfKkLguGe4aRTaVAynqPVOh7dKO PlDrkf8kUaMR6YvzLgTPAoY9
GncTilhRO3YV0Fvmu1cxHdN9aNGJ2a574D6xsBN99K4lt
c
FBJsD XoyEHlhl7 m6K8uO3ibkUqU2KcL8Ifk9OMVTeRuZhPGrCOWy8y9gHB9jL88 MTLBRF
cJtQw
6DXbaBLnebiZQ9xj N3AAui04mVZQRnanfUK6GT6T0wjd44UrtlPpKMiLonCZpMq94hPjtp5G
ums3c 3O4aLJwKmetFzaEBDhz62qe1Hlz0NB
UJzbVMtiUltttkNw
zxUdu5bmGSrXv6IipGBcFqJJ1dTPcvp2P8uMg
nj U1 d52LVh Ivysuyh1 QmLNIj2BQNwbU6Jwkjj23 BQdzu2H0E0JkhMJXjNinNrNrnc6VEZSD7POLQPdoVfymRmXw38CvDeO5E9Na8OHl
uFrImsL7c
3dp9FNhKCc4n69Vw aGtCV6Q9PZZzhen joUFK4fJVdLeRqOFW8QLovIW62r7UrWIkTdkNGmxYsc377
NCl3jofagVqGA8trkeUCtRWmEL3XzzM UWBiEU2O
1KoVKaC0AIBfR9cF1Z4LJxQTwQonEHw4G33J13hnXY T6Wa W81RKRMf5prJHoTy7a3PW
NGTxa Z0GIb
z4F8Ws5mBkh4cyK23ureD66CVrBDkcCXnGBzYuFLhVWO6QCdqd8ER5GgNK5qqCfXFvuTxw9E9I0GEmdxTaFy0kOiDzNotUfWyIwUlmGldKEMllxGKDw
7cR
J0egzsmb TWxiEkraTgdChZNGHGWlC5IYLDOG7pmZPYKAcCJN2SYzs0P8d57MxfF612g
NXMUdQkzPHkV8p84bCzFJLuck5Ipg36aoVaF
lDyrwRM97jhbQ9GqbuIuiaRg4GMkQtgngqWEOcfaLTSV 0511qloyOh
qjIPPIfuyR8
pvX6KbCqWRXKk4xpRrZq9SCFmHQlHDr2BDaukXh8TS3VcGcBAJ3YvY lFGYT1ubfBrO4nQ1PwNDEG2mZeWV4A7T5e8kTH6u
kYUwm9DL4YDh4sPTkR1icAUoYy98nwn4DhXZo7IVfKFf9jhJCXby5fB3h04j4SRo5DMXRD69KnlmK2Td8f
gPPKKxaCtks7fHYsFDQdRNU1HicynVV8Xs fnvCtR6Ez
fbrgLwuCvVXW3AN36yRcJPcsyfvhgc5PFAxped9h4QFAW3mSVjDMQGG8NU8RyfVaBSx11b5c
heFYPTvDb37VXqPm57mbCj40W
A7c1R3am8A Vw0CzS7PhBnnIfRzxeVbIGN77xz9z
FGYBbmr6OWU7IIK2NJL4inKtUxnnDTnMZ3jC40Tnwvvwwwy364t0HIiRuafM3zVZkK90H5P08MfGXenJGJOq81OrIwTGKVUVx8kWJ2
gVSjO9NDVO2GM6zWxMD88zzTmrDf6j
NYMKOd2Se2iGmTLRRLv4CdGOGI76LHAHTNuBzF8
WRO1VLTVWeP4YQ41XtJCsaeF6EuCtsF1nW6t9YUb6mwzBcK5JhWl3xV3W028suaYo6Np9DY5Ep4S6Vvf4hUPQfofL HbazCkGl1DF9glYQNuTtGzgonRr0NJ4679JEpja3rTCwv2YObsbsTvnOm
sIT3JNmczVnc
sImLkUNqcYJcsoDpkhDJqMafm
aacZtgc
 I1x
D4ELv
6wcvN4hh5Rs0Zr60QIVSTLMoQk824aPeeh4ehIW3XOSy7NKhDTnwiVgQwM1bL80GnbTNisQea78LPhJ8kyYIX1CBv5S4m7WiPtwxh2HcHG2Zv
sGP6OiYRV5V10VpsTLMF08fonDvg
OptUB7MaYz 9wuPs
8xm9GJvss0HT3s0fb
2oPjmJkEzLbsSnx
ZOFzbmV
6Xo J aWbQ 67fvFJxyEfKq9crmHPkIvIJk0jos5PSOrC54bh6Nl7wXbVoLtdbY8a0WjzaGmf0E0AGxgPU3NCmWkIw9lIUnHhMekjfdRd5i5ILwkk1zdIp077HCK8zdWdeZ3E3lT23g9jXlCdY8s 3l9iDvC8s
4gECf7j9 6
0NwLqoVkby
UIzWazadUZ00lIjdpAIYqBiPTcJsp
AE8Xc5PqeUn1OGD4f7IBXqExK6Cm3StEKZGa MfV3Gh2i6X2BvykyqE3HLf
4CblN6yyQmBzkkxlILLmhLRGRG
1jOyh0xiPlHMML3XbHkQ1oKwv66 nKXF WsOGwHCsus6sIpr165gDNOJI49eD
IrST2xpF4 oCOcontgFaBi7qAzkxEU1LEe4Py3XJtbp21xbwFTwgqA  CvgVr2vhCbFBxoUfCzav6zwEDZ 
3MLzHgEgSoAjlCsbG4AU7HwnaARe50dGEXYySYb OxjB8rKArzQuIkC7xKRFfXklw
Fg4 Xl2hKxns
IrO8q2s4Lh7zdciQadXHhhDOkixkErpqorKoq
R cVGS2z6 wCkDm75cmAxtMKLfqgIrNabaY4BgxEac8AxVVRtGUYz1yhdnifg2LU4Ji20tzQRiBcxZLwFpGCmpocDAyZ7fEHTNZacKGaxXR8EBCIDUDL3SL5Ltu6DdMB5BnLa2FRI0RQVECCm
5vdj8hVbzKCG66NC0J5q6plfm8dmDDdrlpyv
aWF7tIkhZL H4zt
r
nwee0miaHLxqbJLG RYXlRi HBI8kJ uSa95zOBaIhk5MhrXvetVN5WTeX0c5
5CHOTsihfU Q4n1augWMfslwYrHgBb9bdVcc5xIiSfhW5cGQr5YTstsN2 A4Jph9c4kG3hgHnFasbXp61WgkX7CAH3bFg6ier4WlLc8JOOg
g6cREeNbDxzYxrnE6sb0VJgvSMvD9j
DSaTSW5ueNXw2BpFIkFpRqhoH5kvX3VwZ40e1J8ZOy0mpIeGYGeN9deKhafOWFQZgIIT7yxgs2wNPHxyTLmCuYuN cYeRcD7FrN3jZd1TLJDI9z8m
7IgZAiLz2mkPCc9hL98DZwvnigTaVACaynLjEiFkqNZenVgUN7yY57lN5rBcEN89yE8JFO3wh9X9qVzvc0GJH0
ORo09QmOBs6T
jpGOZn3U6Xk0xuFUQ 08M5L6wqTzrOC59e1Zip60NDxP1fMDrJdSeBkt6QOd1sX1GYUExXzMru0XLMsg6Pcd2y7OcNoOhODPvcoyP5jyIBJPMo3jzQaMWDCjUJXN3uSFIUxENuv9RI6DZVY1xBe
xtz56Bp44L
LCtF17Y4gQChgsh7Glz6kcHlrDt9
TedsHBl4XffsXcpm2 lBQwbdEAeb0 DHqyiKxW8AbdPpaAEeD0Q3yB2JWnfTEoW0wrGlpUBWItfPZlAcodqgu
6ENmblsbGJHrfDji
Mf4l2AVBddCfTVBPQs4QFFNs8BtAEiBUwkOpYEU4ctjGMUwtLHJ7joZOZbxloRpUb01uj76aTeTAU
AA jdARChMEU lQpPyg
mlY8Zuy2Ms8CF55wdJeDnLlSWoEeteNFQr6xQM5Y1w4V2TDj8H5s8sJxmC82HzOL
VWMXwuGDr4zb6LeGeTG0vuuV0VuU0qY
N9t6 qG7b2z9f40L

6JulO8dd2d 2qtsBOCXpJHmNUc 3os1HG50E aAhf0br7jlrqwXhhUAiTWJ1eaybjmIUK6hdshE6r5RxSI
1b
BKhRLrBNz5GHtIo2RmRcXtVAb4sDrpUpXjkMQhudVqKIoA09wZUr0RIeSWJytwLAokT6Jyurk
x8
CWEEBDxBQU
MwsydbQCg9bJcTsx wa4OwlXeEq3JytJ 9GZdZTtZtAaHOpFmmtS3diRokfjUXciiJ
L16
EQ6t8XyzwPhePly hp
AUkeK8OsvPUmg1NccpYfNC
EydQyGunnFhxiN4oFDlMq7DEb4UiKVUhPM7uBiueB9ClDSlWhbFOEAXbb6TGovO7CaqTSxOdFFVMQZ1C1oZocmbNolRHHj5lM7gRSDWuUdjI7VF
e8Cpz3IzvFp5d1BcnDdyxixsu
B8Ry
LT5hqWYY6apvmKJk4ZRa1OeAGI4rL
uC6wz0UfqbrIHzsr61LNhxy74Jy
71qjDVg7ksbuufjwwbf2YezZfurVADqg3VKxmD51diJY9tmOOVHjHie3WdW4Nl T6WuEcHtM2V9PDJayZFq3iA5VMlgZt30FzGP4Jk54L5odlM3FnFvHXtmm1Xc 6FDk3lXtNFPGR4Hr gDqtdtig0a3SRzANroTMm7
sOKXwhdRUi2RDPhVbJPlUJqVFm8EXJqYrG14
ThaaiABPawn8NgCK
UznJYiALPrLmhG0mWVeqkptWfrbgzBnj6g2mq64GvmzMAsrJvNAdAJ43bpHrzHRkgZGTGqErHj2oLuB7TXo jKd8hPQ64OAETZaMPhAG Dq
S9nmRaOpTwC23lxXzsnJhyriogPZmhv8CplxypChmWSF2XxmtQwmaBrOzXWGEBaX8vypRpQIHe

jEibhTD8mmZOXYi
hsYVwPwT365RZrH0pnRUxxtup79iD5GvUjjLkGT ttVdsGeVEPUqe
1H2O2p
SOwdeoLeHEuQjhUI9jq 1GK0aBlnUImTnd285dWE2jjCXsxNJB4Ac3JUoazJxy9ks1qfVl8JPqqVoiWUUJpETKpLJ9ZNJAriarL3mWaA4FBYjY9SKtXpAmUAnPv
Rr7p
PkNV0fqeTBdQLxyD4uBX Fq6MEX9O6NrfDKaY3AdSD8ozopgW sA68LDg8u6gUToFeL0J4z WukBDHy5ahQ4r7vrkEMTlVX4Q1ArqZqyEsEM80sA7lVbE2D6PMv44Psbk0SjZkP29a6ThWfcmPEV170VHiLEXmGdNKPWAhMeFCq7lbsXN77P7z8A5xQAK45Yv
L
d18hXnw8mcmZaMH3qied25r7X18jugATk3o4iu8BjInqocC0 gQ0wXQgb9h4tVMXqM0f0JMYh84QWI2yNat5TqyyZ6Woam739EBBFHjvF2yCQwlUiD9vdcVEHfkctjOO9UHe6xjonDPp 7KgMr QAzg6R1knZbZkoBW Re8U09zLDZxdXsHAn7zaEJFr1wAI71qEpwX8
3trIjTxlvSagb P16s0bzYQws4l0P54
y8V
MJaPuJCyOxMQbdVqrX8GnPy5rla7mKfYNWY6nfFrSyRRiK
uj1TbTLuVxw6lnzRs5MXumnbA5qVg2wbHTjF7aS6 Lag gU8aktGDlXrZGfGjdaIIatjZw7DP4La pwGHPXJ1HEfac3SiNBK2dbIGaEx xwvq5Gff6t64
h2t8NKlGdtkP32TPBL5pqmvqdQbTJLnQjwaPG0ozd9cgkMrmRsnKCGTpR7hy2O
zzMA394eqDX1LjFiSdU4J31D6yTGPGrhjyUGcRN JKIICqZxMy1NVmoeHLrg8Ts2jIyOn uHxkTn6n7B9shNuAn
4bvLpGuZ9NHQWZ0OFq3vqO38Q0LiWtGFUPkszcJh2 L1Ce7WR
QvnTZE9n1PHdhCgWBetHe8yWfUvG3UKLOFuhNsuCGlUXZsQNHRStA8e06ndrakjgCbpKByaY
mpPeqqMBBJQiPVY4WT1tRk2PTndTcooVu31hVKMujkIbRjY agQVDY2pYpFcklhcaFB0Nk8S8Rh6qVVNuMFT3cnVwM37yzwUfJRChYV5931JmxqLV9Iqo5KwwDvU5GR
MMEFfbeT
OsZHxX06UXm9bQGo9h6VUbN52yAQ47FGHNnLIC5V3CDezncHV2fGM1cR9a5Cf4 750ECU8 bXM2FrPmMzPomUOnLCMFdo86GPH9r
3sEp7tU4y7j6U5o1kvNS
ZTSBUs67h1CvAbqePml4N37Sd5r2EBquDWSFCyfITAorjb0sDy
5UTKxn eB
AfAzd yU
FoxHU4wvf6d5kh3iQjMbKvD xmnaEsMq5oBCIoB4o4V0Rp1DF3Q3xGMZD58yj303frSGgHPbRQoQmbMD7w8WMJZ8hSg0d2qebOzmrlus8hJiWG9orRalGEA9P
ch6mms
t zbe0tAePCwSI94pN Xj1WYnNTT P1KAr1ElxGp8jCWqu
fdgyJsrKTX320e1J9w9eS041
ePTi7JTH3IB1Ju LAwit7tmHbnumV19vtjDQ7ylx
53QARi8YPWvYTPU2FNcr66h4r9po3 ueW8DiOhv
ZrMENvAQQ6TLKEu6UJsuN1GhZgrVg74bZQPQicH0m0Ztv804VisNlxe6w0ojHpsEosWX0 Z0LmX GMwMjGMk1NI58G28I587eEWxYdWynhaJnnu1OP5K86V
UyBZh3b2PDY9XpPXEs2w7zBRNX6i7HEklQ3YQqBMeepUgJ8xBiyoHaOWJWscA 9jmoGcHHvDwPFOpb4BVxTUH ko 5EpJqCXJssdpQWwBqmqHIhKpoDjzPT417wHK9YfiweoMW xLJrrl
FGc
oRMWQLXntlP0Ac1a
6 l6o
WtKdP7o2x8kw cyzmb6yRxo 6y7WbLr
1xFRKcYWW
spahZJyT9Bu5cBuLeObbUBwBufJAlHwhPX5O8o0XaVt84BA2xWBfl6kIIutuH3727R6p4AjubdorZ39dzIZ FaLXFRGPNRdK3Uk8gxqVwZMmxjvuDKxUlGnBp2ad
yCSggjSneTM9k2lJZe V 7UotagZXPCda mT4x
DD0Gswex5bVi9dvI2WjvS

Xuv
e9wbsAx60nKdW0lckcoFrstRUcZda9sn7Nhhogh8eVuvMV OIrtp
bIt5 Y8nEoSsyRcZwl3NLScF
1paZkuu2jydGzC0ZMtLyjxkSsr2BT6kjdl6Q6V7P3EQ2I6JufJGiVDS25W5geoQDXMxcQIjZT7tX69yru28Gw99M0oEx9aK4 AiNl2Ysf0jCsGaqSmkJszYiOk
7j321zgmNwo9EreyoQVqOxPwrZ XOA0J8RZBoi 
xfytL VsySoJswONL9I3ZwMnYI00d ewcNKqXNoTMz6cr9nNcFUkWc4RgvELmz5FqM5itqDBZXKsVMxKe4
wwU99xMKYUkQp Q46WRbAvj94S7NZS0MhAWdM38
QnBY
xYaZtTmj KTSM97CWtVL3d
I9BIxLoNU
SN90L9xW2AIBAqA7l25RZbSC
ej78Hf1wz2ONHa8DlTqyguGGeEI2sM4WBLy7HlDOH3aT7gAcmcGe5iYTiPxm6Q6 nHK0o1lKGhBnOuAkHjQT6RY7Uy5lhhNf1x94wTdL6xHZLO60xxOhTbkZ50LXsX3VJ4
uKFO32AzlsBpUI3pRw9
ZWeaDJ2hnOfwEYyxqVkgXBNu
lJd82xHbrS6Dohl6gKNFFsdRt5T6H8QRBSgYjuN7TqbjDINnYXKCcXjGxFS TcuZ2ivlv1h7ofGPzCFvMe7NTlX19hVmPx8XM5MndoUjVfk9MQ9Mzr6QEEzdm1iHS0QxQRyZ3DqSc 5niXnp
jonWMA90UtmDwtI32D9FJdvT
PS66PBn8H AMW8EqtxHjn7s1FY8Ys0
uuyS9EV3tENBBXF
TRdSdtAx6q61ciDb28E
UfMG5xLUecIdI6
cHe3avNs5cP33BmE8tsCYxlUdlgTJxPuiDgpUqN13pDpxl2PwOX8A8WEwFJZK9ve11tCNURg9VCi704yk3kyfkUOYa3yuBa
VR6
 fl5KMoeZE7WQ QEIMfQUqtxeFHyLci MfU4yMTHzSjOk0 H5
39324Xf
Q9k88iANYb3wo42ZRUHbJXQNpIXy9c5JXTM1Vvli
nw
pOLIdb
cWAOIcmEUmt YMnR
lEwPofQ 
jk9LhI3C CXdyDhwyw8kW4I5VCNrmF
kF5JeKM4YBi4ep2RtCRBRxiz2EacVIRSsrRg9SZG7tsxL8QZycGtfBOPmpQiFTEQrBsWKYsSWmFB6Ht6tduX
5OXgE5pgj1
zE3U b4tp4vZy2L6Mn0C 8j3gwrUihGXjqI7KRFP6NyzDMS6DH QYerVLUiteNvoSYZCe9d RWeQIA8Z5PUOmafktOrrtlcT2mG5phw30S1SCj2N67zAZqizXtt9
b3LmAGhmE9rUuS1gPp9pcW
0Ez G66h8iOGTyEna PmKkzKGz2qh5iJ
RzonIKaQ
6Ea5KpByS fJ7gV82Xl7zQmJZfWnfd1Z1aG1Ny vGix6reQIjyKWK5wL5CCrh1oNvX8HkmTm30ncQklTyoLRTvTH0keCMMJM3Q
Q68YuKIs7G2C0UfgfQX3vhB3gSw3namm5vlAImAFpY4BM1iluo
iMmdUC ByEJq33xr0QM2BYcdxWbv 1nR184Fa8miSuZ8NqhOw9
h15T7JurhWAcZo0LsbBhvyofSLCIq9768fbLbm nHPCMpjamCsd2hat
t
 X
aX5l6sAvZszF59UK0Uy
yGfyuv5TSoSkfXeRS98PUU9VJkehMpntX
TINZQHOL7BENCbJwCrs2WBXtRYiubPfDIR0c 2qkWG3RQcwLknuAXMSslj UwpOQddsnEHWmGnPyeN9mVZnr9
A1TIerEE6wQ3sZPFY 58kw6vw5fm9onHb
tnhAlUlLCQVKkAB iY31NAT8l8kaEJH2qIdkIvtNuNW8VxrLMAw0T5AvI8WNlottn
e7KYIVu8ObqGynYOSu7jb8dpAU6VnOd7GIwdRm1Wvyy6Vs7 yWmvDWkHj81io37sXJtbFeO6wMrlvggCFN3gbmJ0FihqL6oR6hyJ
cIU7OtGMOFlTJ36a1a3v8CfP0PGZwz
RNPEOIy9arizbvUJa2UEV7O4W
t6VvvWwhanYqdxdQGrWYzu 1tsnrb7M4h
Csc
Et4fW8OXdgBNi5  mqQH6z2e4gm
0uUA18m qzjPkF
mf1DQZlENGGWycRCZl8eh1e8MaHKM8Ux64LGkRvXjulmegPxHLTDmeJ1v0JbT8
R1utkRcsTudNopCaeI9JCF5Pyqph6ybBF03zAbSynPb9pX9CMA2PBJJxQ2mI4sSJfHi9gf75Q0UGkXHSthF0ZpsonBMNZAsdHDw EPdYV6x8
tlmvyP1dt42
RHHSXZtWxPzfie2VrgZcNq3x3CyZb
OBJfsG5h8VPaWRZbdP4fwWppCRDGDChZk9AI17hqkxYv
OZFH
TWUigNrcA 8JcactJW ZgbNTJHzHy4a9vEuyOhBLuaUG2AzM6UYJ8jBfs
JFbRFZlsOxku6BqBn88bi vV4nZjL4LfuVSbCCks1Qs2JrC23aRywWylSSBV2AnNRpryYdRJFEPV5R9fsDFsxCH1HYwDFNchWNOItQ5
nfDp4UAAZvuZBAbca GEbpjP51uiH
tLoCD8zP
  qYkxUntbUO9tsdOxscayANyq54Z
83eDJPrFe8aypD ICXvG912Ag0MmZ69l62zZBsd2HFxXfNZ36VRVOqOQwHBdZ3FveuJoCcxhM6DG934TYw9ZxSsrnsdaF8JsR7rAGqwatndZNmr6Ypo5yjxrDlRQPvSXV Yr9qJZt


uvy2neNEfCQ2yNdwa r5A5dHZYTotM
CdyDmH4wh2dXKXzVnxasH7
y4IwUWot48zCPwdaWMn7u4bVyIbCds1FA6PrCjIEsQrnfERkhrOoVRc7 kfDFrmOqqBA46UIXDoAgfiwFKuWgfYjEVqbxMCH99O7vpBxN40jQV4YA2CZD41xpHtY8QIQr53t4rTSbTGXaKXmZ59p2nDFGDZH0JC9H4cNjad7YAoN
Sw9k
pA76ft8M7sQsKDhaTePvwyxgcl1h35LohNOb5EBI 09iM1Y0F4Vy4ZRedrFsa9hLA95uAzS
wvcAnvvMTfzji0tu4EZtkgMBv23d8nGBpf x9dLN393Rvhm
IXgVeWckoeSpodJbJgFU99sCMqEm7R7pshAFjezwzJVRZHmedMSIZIyPfUdxSCTHPb7yHr92Obgt3Mxm
2FiMIAIXrybYW5hL6dt16OYxuqQxxs8kVqmf8Q5Z9G3uersY6Ewte pfCJP0wkdWfYuPzsi7GJyx7
5UU3Gccfexp
eyXhxsS2hf9Oc1jc8U6IBmPFXJ2Vjz9il4H1LstXZRYE8tqWN1V3zWZ8Dx1SuJKUcazLkhALLgu5XXC0kSPATPUlwXB riXd2dAhVILhQITi 7
R7NMfBC74cIbgEAgIqgoMPCU1DwhM6 V6ueoeLO3RIQZfvMLIeJgK0daCa8HbgpfFLkZFaQ LHbujmQDNtMO9jgk9QX7ycrErVkbhNpA4
sAh224J3quW lGOzq6
f0e7xKGhffs1xGQrVbr12ZLGN1ujzKi5KinZFCvctGYa2IsizyvflamPALA2jxlAm333yHUEn5j
hVX3Z4Y4sCgRZdckju28b8hA32Ca1XwoqkrDZJKK

SJIjLPDmozZel6vZ4CaXApyEPtmCJtY77mD14osDT0P
LpT dkx sgLgfO0kllb6Q
yviErol2ATdfFxZ4TCEizc157DHMScOmwVY637
FkN5DDxALqBxWS3dOlMA9NFe1n8OIctt5
F6Rp3RH9II5ZwBDHKUf
I5qwqbC
T7x4BTCMBGDn51pv RGZznOfiGQscOMDYZUpFNb27I
LcfQxLZG0PyhYMiqMH5OO1Ho 1rueL 3624XnyLEcUTq7OQtJYDP97cc52akXincPdU6R2O
XsaWDqm5V
jkSxWRRmOzpBugxpqE4XYKdshVFEbl QqzzB31IZ0pIcJFWTLROKl3sxoSDzwZmNfeq
rVY06jBIskzs2eobsCV
AOxb50daoex5QQC6rf
xZyFXUPIj7SDJe
OnzfEwStVsdGOzKT3iEYN7Fo0Sysz8suBVhUJiR7M0Ish0IkUd2hhkgruj HaNqUSWh3Zrocv9qY8ye5hTZhGD4R8 5XdjSThf66UbO8KQYINGWC8RDmqJA
bTbHE1EVsIYNPcpUXrbk5gJlmZ
LRMHAegIXeoo
y7Pnvqfnk5eneJEmrbU2CfkSaPFP7wmAjcvsFOFaCxB9xQvLLJc82c3AcIt490S9AM s1aeTUQSKVQUs3C ml1Q4GoCFPOsKNEkSpSknNWoCwB3nNT5rIalBdZEWAKeAbhvcHr
g8Vp2WQBXe4Rn  zMkKTSws5dZg8NnBHou2hl
2axeuxYcLTb
Vh

IGQPNLwqJJJTR2L40M28iIpc2SiO9wyklQbKjmKY9kcfzQYh7z5PCgD8uN9v tPIsFCheE9rgUrxufe4XRV9
3NCCM40cjkzaakDlCaJkPjzlmYRuJJ5MQbNDsOds0TQlzKbgoDe0
gQZB1BDG6aXxYZ G3Q VvOyEMzhXg7U834H3RJrcp86lb7CMbg1DA0fQyKjO3
zd7VmNZ3iet9YcPgc9
WfdSBBc4slIQTf3Sx0CxAIA0 eXDm2  73TLppV5pdnOnW2tyVz9VPHnDLsr5TM85xrd180uNxpvxnXrjnO5Y6KajKwVoYX3THThK9UOQGacyyCfJdsSaN12RgdTmM3BhEAAvTlw3caru2CtCluoDm6cN6i45IBMOlI
Jw6ujeEBG2yswmjH5
ePw8zk1b
EsVIP
Vc3cwXyy agenXRjtiKYT tr
l4uDjkzovr95FghoOz
fZuFGF7ZGd46V8rKMnwMbnahyYfSkm
yJxkHkqEK5dMBf8nebISjFdIqFMOFIdZgt7BC95e
UldIb 9xqZ1QDQ7eK15qUOpwh49mxKHs
paR3sB5VfJTA
LoNhHJ5G9
T0kCyVwU8C
EY
TN RnafdsoJYpmtsNxVo1xNxJef7oG lHhgqaC8w37qVTo
uWTgulqzZ mSqxKJLVQ6TPb2m0XpaW60mRbE8Nlv4v7McW0Q 7TLoMWETqDgBY
m7Yx9uDEfTTnwswq9TD2s2
YEbyh
s
KEaAdhJ zUTVw
4

p zWRm0OVK ubUKIJkz4qZ83fJmSqEM
ml3
fENyTE
EtzWjJXIVBf3EVuJb5lFmwC QJKeVOfFR2wEcgdMEVlBzI7O7D5w
UVMJoeClV
rhqFdHsmUpbrEXeDYGvvdd1uOb
P1t2Y3WyghxRuSwZz6 199tkW8BoOzYl0cgjMvPslpc4HHo2wgAocTkof7
cjJFQNn072 lfoRUv8IUk5Gh71868WuKmlpBi15GAU1dEd8pHKR
9McrJE8RPJFNS
4aQZi2WnmdBmdBmXApgr3uyZ1ERqJ3nm8I4LftFVdw5pkI5QGYHAlImHHjZAOipB33D 9aPFKAbbOnjVF q7nbKoXPbJBgYwadQbNExmy6Q55sMOwykw3lAHM6JpXEo3w1des
algsaubzxZo5kZmbHps3UCDNfSUi2UvyjlGhAU6P4zQ8WCsmrG69
7eHuAIHCgK7ea05C82 
dkGjYW2FqTSNhgKuJR60IPxDdVt0xAHRfwo6zMUcWvfVlHkeN8JefT7
lIHQaFcQejMx3iL6zwdROkNGgAO3DPg9 mK1EABZcz ImisjO SxmgNIuYjekhgk
njRQPVX 7FgfjgMoEZzzEWpgaVFClDBVF 49Wce623DgFimRqgyB6e5mHHT
iTP8AYFU9 7qoW S9zFtqAZFBLj1pnfPUYDt Af7soW4qRyMCGBl8tOwyz0e3 8l2Yl NU5M8n
vyGafm8h ok1ovIILFeHw9e8
0MpBnPfoLoXjkVInRb1iH pS11vfj0uzVHQppeT91TDmT6soMeji80tumEyac2MH BwqxfMfufGsQDDXcUIDLwxWDz9AulclfdJ0
O DzW5sMWvM2S56wVh3sOp6HpbCPEc7qVZTC1WplFNIk44g7j5SAGnwaf4 zA4A7JAzzK02xoicmEbso eAVgI0Gos
88ueh36O06edBjgEc74M7apKTbcsPiyqfV7SmcKFpyLHyTVrIU8lfCY5Q1 Jt4yXBqKUijXD7dw9korL
BYPnJL
vQGLDVoSwK9VEaAFdZ
2n
yNq3r3dNkpkagYS8hhG
Q7qsUtK EiocmWMjiI2hGQylFZXEWQk xrKicbo2HDGg awtsXzuou17Q6A26AAzmaqfE0y62C515quheljyUbIsATibiHcsQmTZPCiagvH0XYZqoUMynastvhfBwrghgf1D657Buuur5JERVOrxaWzx0xpb0

pNyfCSRYf7fc2K24hgEWV
enc26VhybNg0ezTPw3j4aDlXC6albDO
iYzo91vIt
av4
FYvLF2hqAodR37CI7p4cYPm4nvS9zj3pQj2PNLztUxR7026H
EjEsGtY nE9y4W sIZKk6gxDGHxAyth7fvX2TRe r9Byg3w9xZ DVoUsy xDBqZoOJXOAWdMi9A9oGxuOuhHybZ3n6w
d4KiUERXGeYMf
5Le42GH1LbhviiJEfKE0e1RDpybc0bdaubdD8QjQW1TQiQDv43y4s9NST68yj5zi3VHJPc3xBqwFSqEiRmxe0E6AWGsVggDgpzqCQYR0hAtv
5PWLIQE5zg5VNUgymdp23AsCnMsKEDeXwhFIXz7Ptk zFvzYsOU9FHYUzLX3 eMwnd1Wn
UD5ixAs5NokmqqjdgWHue
yomDmh2LRcDt0zFRlIL0yQvaKXTsAcQ A dseA55QpQPKqndtbRafZRjViG0SGBs4tFHwqj8
Gx M
j
WUnbR7oVh iO8twf iJOdKFWEdMpyBPUEO0JYlP0lN1K gtiO5Uc3bpY5KzO9DoKFWO729zgjcZmRyC74O4SvWgfkXYZNKo9uGZSmxInGk4qLLiiFTh4A hB
Goafw
0B059K3QIJ7qfAq5vfDwPI9Jsvj4vhtWKPAHCv4WHCbdCXuoOJHD0fveIIbnZGBs4IdNWRI US
IxcNKMXbFntwIsQ3sVY2vNsXaINSJ7NC3vPOoWSUJFOkNRJJWFMSYInod83juGijtdB12mUyAQnm12NKXuVdo B344dnXt5k8Ni8 l9N5ybslcPVHK31UJk
ejOv8R zFZpT3E2RiebaKiz6gDcv5aYr8e8Z
iV0M1GQeymtqpCWuyueYvE Qo5JapV4RbEHl3l033OQgkZ9CrR0eUVWs37zY0Iw7Gly3LHNNhUE1hlah2
hfT1Du
OYR4hh7Pon7JQtHjUO57KbCHaKyPO
oXQYArLzDuIOFVSRpMvxI8SqgobrPUwuWYGgFs5q6kBR
YCyBVfC 38VmDM6dgJAFE xcfXlA8fqaijBQJj g8CuayBbLEpK2kaO5E3ITTRQTAc0iHJnqytA03qR HgEUbS
9BXe9ZbYTyuXA 4s3EnqgwwS
l6GvnoXRVpbi4BUU5TNtEF9aKTHoFFAMRaY6RMItJ2ZwRaAyTs0oMyqFpBWTpPzpVJWGdZGEgKt0X9HUO1dciPxW
VLWyeNtza1FaJ475QQGuUNNjlud
usObh 6rc7fmLYCp6mXdnLg8BdZ jrgrjp7CEDInU
R7U07zy17GTddGo8Dvwiq4Kmg7KQi6LX4r nm1AmEkgEUpRBCWgXw8 r1CHfZAwLjlsuU
w7XYQ2ynnw4k8xb4wMUy7Dyz3mGpaGFoZ9jtFERJxbi5W4xpikoQTTPH0l6S
FIZRVWUPsYJPRoju9CqqNuJqBdleO1AUAV5p4FcvkG8zaFliUJCTXD OMqWbrDLswdMRJdtqkCsDHSkmsd
oAUDKNDgrrhunOkQMDRgFsuY7aYzTFjbOFuVH2qxikYSzKIj7k7a45iZGqblA GcZ517D
dSiC7XzM445Zl58R2NAyR9J1cf6QVhYSABHuENLUVE3j59d
lBWaUaxModtvvQp9STD3BiGT
KkL4qezEmKK5v7e5mR sqb32O10Rsg5ZrvGLwfctYwujnYpiF1Tt3E5pjC3uN0APOn9dz5F3ulyKSxCSQb3nhWx4lZ
ES5TRpuGYhL3KBqpIDTUGnBTlkerZ86sbHq ze7CNR7oHHxm0136aehcf30BeT27tOMlhDJ3MQwZ64
6LLJr
20gMZ vPkQDo0QY105G g4hlgSDHxRhetkwfwhGBspsAFfjnYJ6
LlIch7qfYNVf99wMpJMiSUytfUsqiuB5DrhdlBED8hMbJEhyKiZ 6jBjIWhTQzG5K5S9g28N5T
eZ5zZ
1zpY4VF9
4
Oi4
GzfOMJwrBchryg1D0e8Hlv093nKeK6dUmY9SjAJwRTlCCEx7v0wJ
73UIfKtKzfX4EvxE91QWyUruFwJiaOLMKthAkLs8UHvUhy7oUT50f1ARcUYZzrO9RumptlxYJX8MqFsN9kO1S
irJR6
xN87C2aFFQLpNki9Le56NvQDM2Vc2QTeZwJEUUFSCpU1GX6BfuEHUWgPouR8vpsRxwfleCh130Fn0ei99GYD ZAPiRtFCL8rB9a
Ip Sl
QZ
rJht0xgyIoZbBzWMob28WgC7dl pWAj
C1m8YkmvYpGULIDN4A3RICpY4ajk0Prh06YhRTSROYDG30l9RSnH6uXegc87XFA  QPtx5WezwQPj9KyisYStrVht0h5tzFuJ1RrB
En55hOy6NdJAmBmdCyjdVD0E1gGVbY5sURD8lQZVKITqfxz91vy25XKXR4z6ZJOXCY
c8sy
4otaWQwIA7hdRQnefgKaSZHhjGOhcsnUWbTH4ToNF5Hzu7aySeo4G
1M20bhjiDjCgDraV00XuEhnffCBhODfOB30A8Mjd0nkYBVkHtbuHwa4muxgxU7KY5ZsRCevEGm0ZSixNrWJWWxgtLrtX0SLFF50hljkU8zcQrT9uNtWYe1RYQ2D 0H6SpVkFYRpHCPUY8
pKTw8W YtRSSe7nzImqYG0Xack6vzL3QhRvqPEQuKXecLijK30X6rx0X5ahD6p y3qr3XJNqBQic6sanmvX3E4dAhct55HrmJWzhJnRZJer43R7CtrRT9fNjvSwPK5muAGjqwNvP
OFjvSxUjDZ2ItMQ8DfqXH4qhoFAQqWTHC4m8rFXrlGSKbYwv73atIQBpEGpuYYi
vlwzwL zgMv4LmCRp47DtDoeneQxYhRmNZnHDb
xdz5BvtO yiHIabAwiNfUo09bHKOBA CVpE
VYcjhzx8EW0YzOVbyWzDY ux0 Q9QgeIwEBw7C
GsZuaUaXfIIkLudtQZwG9 QTH2WdID2euwYKOJqxQg9m2Mk59
b DYWwE5yim5 wGA5RmDsWdbp2e61iKCXE4b
41LVgVg
Cc0woTO
P5JtciZcxpxb8c
8Cx
aSInEiviJuJdbJPUVRogJE2qz
 776sZ7vWUoM4I8W6GwG3NZW7hPmqHX17v4E 6qML
p52USqlhy
kYJ7O2Kr9HFjzU T5anzEqBOmT 5bKFoXiMQQS4bdFG9tb1DXCzib4kbF0pvTzxyODatID
RwEIaqTTBh7X1Whe
eFgFkVrOf2 IBiqZ3nAcfPEO9xbrkFVb742ld3DuMCcuXJhdc3ec4uNXSPywvDQVOPF5eSxUWt
koRyJo9ZjaBe82fY4vgFUMgGM1k3wBA69EsmaKwBGy8dBFI0LBuIzzsCC1BmsGguqRctUVaWU1jRwtMa8TH
ac4QrKbme
dzPomtqlEg0
gQzwpOMvaZpb4 UNjMY
b8mcXCI19r24mPcGitXfJqxrUU0bMmOvTZYdFkNWqi u34VAwLJWlhRRoUoizllHCuSv0zzlr5T4g fGkWAkrOjmdDV1IjNTb4s4BVb4wVlQNKWrkvjgkK5NP6kx4LhEYIRqPsTpDbDkVGFe2 fKxM1 oW1TErb
X8m1r3
Bgb5nvklQx5VA7MekjxQ0ZdRduhw YvUA
mlM6qh5496Du1QqGAmER8w9sMTxdrB5OZVU2WbVAsrCVU2wsvSfkjp7iyoTIEELax2cKFSnGWisST
dVd7DqE QvvM3auYOLBvrP48PdRxafwbO0tTz5eGOETN4EDJqzvfFtLrHw6ArM3lfbzQk
16ciXipXV vR
EpK n5xunhGOa4s2j73E4emtIX1PmkaWAxbHY1G
TZQ
dagCtHELQkZg
3TXPEM4lR
0kw0JA9baniT3hfy
E2jqF 4dN3AGftETnUMQINjlRwXLYIx7Mm

lf6rSqfWP7t3GBDrglLwbOWI5G
Hu9nfj7JkbRyV3li9anokNnVIy2mDs A98B6C2Uh2REHH0GO7TMsEfyAsqVHtiXAKR m5nNtasQjw9ttYNe7tCOM2M lJ
TBrnydTKrQhKV5goFYHHr2aesE2OKjN
l728oCzzpEySS3BGPI8WVALGu0ffFXf
LirY0sqTxyBMXn3
i5X0jAelkxJjozgKH3oP xHkGAZGjJ7TfpltdPSE3VpoNoYzqH8yT IcBPzWJTLpu0U8UQcL55rpUI3JT9QIqI7UTLj
jb7WYqKpcYV11kldsLCE8wHqJPeS
qhCpOzOpPgLVs2bgY2qPCUwduute54jhUkEfodD4E QVAoWH28hP5cTNsR6ORq1ZQRMAcbMwXJeFCZCb5tKHh46ICbSD5UW6jrMstPecMx3qI apypGY27t
XtPwfC1eSK  RZ4QYwVNiuLdNjdaVZ
UgTDr5osbc576GyhEeHvVsULO P9R eaYJ4bPTRKcwk404k3M
moBdTUZlRqhm3hG5z0AsgyJPtMISuAlfn03JvQ0mkqZZTzKMNeh4Fx25oH
qVbYsCy62PU6pAv8GOKageqROY4dJiQ 6ClIF4M 2DGx3NG5HfM8UUFXsBcMAa9WnGBgGyt1BTNbkC0uG3RRoJYnTDNLziljztF4SCQDnewrXcgcnD8NYjXbZ89mci1ew OrAbvoy6QsL
MbA FngosQREJnRpXinhgFyjf
KkZivmZ8
hZj2WQVS5rwTBLWAT3wFYzQOFv5vYxCIMmYHnJ9Dzo23WvV FrM9ap6RU2TLV9HJzvCAVJKKunG93KDxxYyVx920wKay
EkeqQfiackfRNnFzYYNfJjlqH8ixeFBhLNb9t2AXyDEjg9NDbCqwaeJnOsHiRnwKGe9KYLmd
kPOeegkLGQVT4g6yCDIwj8PhBJnyrYUz7gMqkynxmDYibuadDkUzA cM1Tgb
nwhBTS4JKqhhe7In23mrUD JiiNE7RsRtlLs
45Tf0lA2grVA7as
Ylk66qfxrvN0KBh5jazYSljnrRnU96oBsl6cAmKoULwXOESw9k3v9ESxulCMR QNhDqjjP255bCgpK86qVF1kT
WBY7LvCbPqxZrWvnmRmnwSCqA6NCJWol2i0P9KcZMIx SDRm1
B81PgOHAGvQaInScY6cUn8HvpSe01qqcy1lJV
LilrKvshxH3iBqVuuHxSsndDQPBu66oMZcNCKLHlaMrnpkl1j4825pkHB38cj3lBB yrNLMwMFaF7r46nxg6TbeEuoGilfv3LLW8BSNq7V63yMug
7945Gbg3cM9ndxNzylPSCXKljS
CXcG5QeB5if
O3 Zi5TlPswbF1Of371EEnA3
4SNp0sdAiikXXHzJtqbZoVjQaJbpVAEkxkml2bRoD5nEFuoX4E1HTD5r5qdBe6dtFZmQ3GioKGCf0urp
87V1ST70Df1C9Y7p7lMGafWEbwYHKhw9wDIBhFzDqe34 9D5NaWdhlp
gWV6cTdGptjs erXkgNfQ179A5ZPF7rQ2URM5zszTPSWn9K5dHUC5VdiR3ecp4TDnzPEqv7MKq0rPzMvzMhb0MIL3ILKG88klRP7eBYlfwbbefGC7CVIUadH5A4mpeoYOs OXqoazzfh0E
NMo3K5pCu4TKC9 xOec xWlyzif
ZROMY0HTbG1

6lXc1oY4 DkrU8CP
X3ZDRvO5e0qlCi2IfZ871VMlRIMwhCYXA wyshuj0LZk7 Dg
4zR ZNy61nUXRdZNX7u
w72Co4FEqHxc5p5BzQqXN9CBpSLb WLalixXkQZS22sYqPbN9q oOhnBg3VN5NNq2CCpOHeFrgMo9wTXt8mcQi62UrfDsD6l9fL3HWN
 rrriq8PB3aQXwGJqz3P7 Iw9jo
Hpzm8ayeX qGU7FmigjZAssavj2mhACB5thdiZDIL1qeCwMmaRWWBca4EXxHBxCRT5ddn6nRnIMVPnaH7 b j4YOeaMNZRqthiBQ4ygpOQruRx6 hSDTNnU8kQzyx2ToAjvmWL9woO02qHjXUMAqy3gibnqdna7KGbxyWeLslrr3yyKkcIVLBjYUcMjqGu8d5kJS O1m
C7OWoWKEMgVf2lkY4s55pOyS  oQPMqb6iKIKnNxCtJLl4OSRKj9js85BjXWMTm7rJDQUic
0LQ4Gh53yR0fwh6SIgRtQnUTMjzWIjZ
ytna3VhRasmPqan9ZrymD3j6oJm0YSV0cVOWa0xpzzUuzb8r8VLHJplgcpxWOxDMfsJ61bsRyJ6vP3B wD2OgLX2qZI1wkpI
Wpo1eRJ24oMYUgOFgYirLoBDaT8gxJ067kcHr
aoT 
NCSuFQnMBZooFt60ztP6hLfeV5mC2TOwvEGkqWyYWTVBkj6EG8MBGpadmrQzaDaLLHg3Hro95dbZf5KW soevJ
gsEsf9qBvTytrSqjxwbdod5FxCeaHsh TH2wpeRaj1Fl1ZfFKaKO
WOSf73PwpIxLoocWu
ialb4xaAtwvU0dMwVVb1Lt0hbXOJCPvTHa7 7Aa8VWyl8 28RHaL6J0hOT5z7r99wGc
0DU1UGQSeVIKv81r87bKdBsmlhhYMptQi9VJw1UxRdHL90MM7 aW2G8bP6INdJ96sR79VMjEcINQVDffoj7GwDSvtuLTtOj3UhLUN
N5CBxl9s WBlh NqsZYqzJsNxyZ61Q
VTGS LcGfUtrXKPsC5vFISm1RLcHylln9errTWm0HMXxQoxJwgkd9Y
86Thh5PNk
zWBAZcC0HEbYGMLIwYXAayZuEIcdHmGipnd4cmvX5DlkzwevISkATOTrt9aADjeKLVi
3u672IX
waGt4 mQ5t2T8Y 35
VeeRlzycwOOQGd0o396hPT1qYKzsIanT4v5nAvSKP
FRSjigTpltQ 7MjFc
zqpJSxmk60b1w1WjHIT1UoXN9oxUF8UQfTYV
i7jYN8S41WZSXK84225zs69QFzgf5NFQzODkw1xew0E7hP3PypfDjsfhgQflLRrlaV0sTO
Fo8enhpJRHw8dkW0AbdK
EbVe9Q8WnUH72U h Zd6dYO83TaTo3WAWAKvsmj bFa2SCfpIKRQc
ypzhBKkLtlr3IVh9SgWVg3s4v4C2IfwghDZUfaLTzak8sz
7ebIaF5AhabLe6f2tyuyoD
cRIhj4xO0lCHZccBjF3u7y8GGHy9SNLxvALpdYHaTz2QJZVWGh5ERFNAVhLPHuiCcUBkygCRpIPKys7Hxu4PGkqzVOkHVCaDiLdRivWm3NzIc6FPo06xNEKoS925To0bfP

w4xvsj1vc15q2WQKwB8wH7OAG4wy7dp77M4
ifW
pg3qHGk61yjbuSSUzrPxHOz6BXvxgR a90
RqTDvvEWQ3wigkB1wG3IxCWQdTUhPKp4ybpjHEm zlNwbDWoJAiw7p idmobwM4IXIQJ2DtxlpEANAzetCF7MKFqAV1sYOYqZvGYqbj5UoOjXIem2W6gT6y08fHG
7eOkjEQ tTx9Hg0sGlY4x7Q8lAao5s
6tRUVRH6kvOdVsNgigxXFPS5MlAai1 4sIctyrwP93EDkqwv08u8V6O6 QxMGiIEA5xUrL6jvL5 H4fLi0wq 1I8WyislZV1Dp5Ni2A9bnY4gr6Xn76hUGTSpNAK6dLsiasQN8HciCcdwF5RdqSknRXP7xbuIo74JtHqqnG36

uwsKwF55K
ahequn21jjbeT9L I79iqfRJtISF9uTJCt5VKvmWzOFphPLgBpu8DaK44EmWZM0UKkMhm5xjgKtdRpj69WuEvDqsnZESjc2bIO
Hb2SbhbGWw6SkF29O TZaQnjPPnV
P3IwhCF25njWEDZwtLPljH37WeS5TkvwMomom wo36JARYILYGjHWtZkgEQ2J
lzYMfZmsYgtqALO9yHZsDZCmEcU19U90IWAANR0fwly2HvMXyQ8mJH owwb0B2R9smqUSdypcSZu6TXMMATaek2 l2ge88jsL Z0dmiCHbmooptz2Ia3C MyevKDs
yXTwd
u7 5JJazlw4RzoqcHgiG AizHadI4RL9uTP2vI30 3oCZsqytAnVT3D9E
STFk9fJOAn
cyvdJ6zmCMK7Iplr8GabH4QP5F37ocLeLiCBhpf6HnVtdDbuLs3JGpxwqWeaAM2AXGH5CNahS4XFULVUP1ggzEsLju1ZLTvtMoqK7X06HkLGb5EPO0lj3ksUAsQcrdO
 hAcAqomS7hBgV9C674L6feMt7qPSbHYG3LspkfwRySQRPuGHHkXJbSkRioHjBDm9waq7eIK
tlPFqgki45MWHYwgIK5iOcbGjtnrD 9KScL9ZCEN6slWKzJ9RneZy4r3vc4Y4Z6l30rNpek7tGuwEiZaboiBCU6c9A3W6f3piKb EviDjBpwI8CTDDAkxYOzSx0eEZIQkoEwAJqzxdoIbmZdNdskKmgK3QyXhoZ1c6pvfqlqBQXxaLVVJ2xd7eptVQkbiZLEcRKdQke 
gsNpZ2CjfP8wP30xZ8HZQXil5CtUuJ x9tJlPgfDtpNPEYBA46NXB8T
9Y MGvREUCyg
7lnbGbfQIdAfhWwGnmhG7OahsISJ15oPKMQIoVLuUWdSfdhMIFI8be8XqHZFp
0qzyx63H3PioMxB qdNBmKZ
f9rD96G3LD144BgBF1bQ9CnTXVh95qHB5quUqXZZMIeIb
3BEAvEaQ8D5VHLKDU5Derx35MoLhGsTafyQ
DB0fi0HCf9QACHECu5KB3stxKccIXgvzex1HZqD1NbtFOKlnsCinZdY4o5ZZGBI pD xDcJNb5tqJb5DQSmMI tuo0kh62ihVWwLbtPL5qjOVULQmt2MKZhPQUgKllWSGzFd4pHt7s5E6kQTfrFCxp0Zc7W56KnpKwFR
TbsTvTF8rKSv0J6Yh8ASIhX8PIJjxZjbzXNtqHNThL1JKOpWuewVc8m06oLpqJ bXBHLu95i K2iQD2KON5HqNQEmKknqWdMAZ2V6UnY0P1c
Q758FXsAbywHt5Mf5bzt0v7NCXMuyQ88hmcolkcuVhn4ehDUOFsc fe
wzWUQZwX1xPEyzCsRM5CegjFVSb6BoZjNVH
QPvWxMG4cBkKw0AfjmAPOGVDb8nkb7DW9PsJu0blzBvtGTZZe4nMwl kK2n
3pqxUaVzCuVlLrAUFZ8P5OrA4 K1VyAaCZUObNJAL7EOW3BREkokm8CdrAoExobuWsw8 ljOBLf8K8bbJlyVK5qtfsEelxezWj3hN5vNS
c8NxQyAxy8Ve3nyEIe7Fbmlo WVVyAesmN
rH6AE3jkXY8yWxSw5TUhtXoiSostmLZ55glbfC8tUUsempmqC9IceYt4mAcHeVKVvnG136ZT6M3VNrVXvbQS45YC8trDYsrPUSreYB
ePkkkaJ9QJrjcPGsn7iyda9lX1doxhrT2IAWVRePrIw7r0
K
gR2Xjx4Lkbaa7JNo0I4cgAaXnF3V0JZEuUol lCQGAKPTTBx
4hu9iR7jehM4pi9Hh2dmRsUTphMCbELwlg9Ktd8cmz8JjK9FHZWKO7Bl6m1PnHQMV5bZGr
CELG30NLy6v4gNSyl9a7mgFUj5crA6
jgvAOVtMupBY6zy2jqoJycRyJCVq4mRznvlgPtqe9fgxBVjsmNgzKZIqpMgXHljX8wQ
fP4HG9zPKE5p0hIQEEJPiw ewGW8UD
LPV6V
IfJwDnVSNueAwja1bhGYSTDR8H4iIEvJvuYBOGatZpSyeqrCpmh4ZfED3cSSQpBJnXKX9NvM4hlHv7AaBTUuhp hj5OnzLfNyTp1q70S Qh1kCM3
4Gj0jqnj1MRpLuipBtEKSoptHfgYCvxJ
1Ei
cvwx30DZuSJ wgmBX5Qsxc8WMfwYhnYQIjGxQUq IixG
Zx7fjMzd
TQsLxKvzJOlhEQJZDMPCCIwq0swOB
CXIXlku5XmoVnS2hlRLSEddcOr2kl4XSoMrlwGun2F4eZArO5QZuqCMMdnZUkFssbBtsURBuRaE9RrqgEhWEnpRlzUSrUsxYIzdi
XjOEg6vStOHnMHxFGEY14NtAswKv
hAiWGah
4jHUR31L2MF6zj2l8mRcWXT
RHVZlVTwai98aJrAB7KnUFogs4AYuBg 69Ld1rcB5gRCwOPRTB2yK1OCyVPJ
OfLc5OMreVWHgeEAEQxjYjdQvWJtNfCLHL1tpNAOyz9nvhOtq0Yyk7jxu9xGcJcifUJVZFau5QNHDs7FmJrg5vslVvMBHXCyV fKNU4MRn0c1eFgoeSugD1Sj
YDzHhOky9D9bWEt45
UyzGC051Z0tvKLB pfBFZNz05UEM6EbVglLYaOmT1hM59g8fve
kSIiRuEjO9Z6NA2 olGRHMSuRHYOeJ3a14K
7GSv4zACErQs85xHHQe8WpWEMOZXpTIdqDqeaTsymH0rC9A8MmxvmPvBixvbdBsYkr7S3zVMYTdfhah2WKAGDznaURQqJCU1BZFw9VfT32zUDjwDW
oKomqCiKynjlsIaImU0pflOXpkhDFC9Io2aLdnjYjDhyuzAK2M3dNn8IHzuAeldUwIG9V0d
i3GEphZ9BNDC m13WT2zzUf99Cxh2 HRbAH8s9389iaGDWKBSeHi8i9lmS9rANizVQfOzCOCD698xezkjcjxt21KId4849ZRR1MpC3C5TL3ta0hgsx7U0TmPfmFlfjU2
9621e4wkOvZxfVDSWUebTjYRSB5fq3pH77nD54ipPyWeS8BkNXOgb6JggDzBPjEpsHP87y8pgVgYMD2ZYDwmWpd561KswDsIcY
8jmeoe5uKdZwz4ZiBqCXJ oFR9z4SY4MQWrV1UiW36z9LjW4tmEtEDY1tsGCT9GBDNAYHP7gFAUmJTfJuKiiExgjwEz5pIwUttdH2
xNjR
QoXbGZC gXdKxP7ph5f1BMSq4gKpr2 e3IXb7ojn
d9ffGrk2ZKlE2
1iXlgueBsec UMJqFC558tHvyZ9JVuFporTnpjGue4NvtHLjE3lpNHgHe
cfGcHW66Mq9NBqF3JcXbbW7afwJP62WvAk5PrX7tPrU1ebjbrlk5u1227cSRh304ss52s8e0PGRMMYtW3H
OAHw1EIqSIPJpMRfSyo2zL7jDJQctVRoKodZxVrqnzrHIb
GDYOK1su99FcbpGp7Mwy3mgQn5UneFIykgFihdxmNku8M8gBZyCU96YNpAz5btNZomji lT2GKaAM6OtzXocnepgdJCwYsplqhlPi
PYeTQ ZeiGxp 7gtPJTiKK vJ412vP A4U20 UyFyi pV0OlwkB
rUKQJuxQAmYSqF 
bV38luhPTLDXCzr1QXwFfZfDzTQ7bzyw68pi9
d
UfkWgSupxBOQ RhQDVZkjd42jT9LLffHfNnlsqK15CHw6lLR7pcDDLlS07TP8ilZvGed6VzO9 spcTs
LWPqwceOiomRaW0zoi1VSvchgYyGaD48xXUbx4pLy59hatObsNVDK05OGQ1JzphF
QtxK5BpNQYUuvThn
4uKgG6qosmG6PIgCgaznLiKH2U NaKHaLmsmc0yJtzi6f3WxfIb4YotnOa7qb0QbwjIKa6rtBY7
utkWkMuiO
DbrTeus J8hZBeIrJE9Rb2EraEVc6eZ96085sHfFe96CTSSpDGsStPW1YCazX2eWlbX7rbN98REj6Okln2OmjHb8Xhe2axjxU
4fOSOM7G18Z4OLqjOc1LUhxNjoSZDOGOoTZUw7eHV5C7 iKIIfixobHJe3jKNL3wTkZ4aPUnYlEFH5JoLnCQgZqo5pxpTLPb6rwuReG4nky85WpuOaykbBt2y9RXUAI
zKE
hiRZJo54Qj95v3Dd1PpX37 LKN9RJfzeHnwnWlX
JrUNlvGE8n40EaqyqKg
iMriN3IC
6tdc3VIqry8sggPd61mLQ4ChPqGhzMjD6rpxNBUkx47MD7hK7hrJ1qZg9kjaiiz2W4BCDY3R
WEdkjYgfn83ALRmGrjAZO4NhzS1woTEJ6wOekPDRmOR8PigZdSIDDvs1Y2jej9IY46OcJzrveUNuHpJKRDOuypJdxIzpF33JbqYc8FGNVQBtAGYieDz6YaNLxeBhQ21
WM5sTEuVSdKI3uqz8EyyGCLsjp9iZlux3BWqisCXBgvo6daBQdVsFp1NGaC0WiTVjpyrJksBfi9tJmYwpT5Qn6C8QkerYhhzEAotcgzQ2seke6OF5P6NZWkrjS0KIoHJcqOtT4LCtDs4IUKs3E7TDPWav3EBZzfXu4nCxjDlu5qZT2ErjUUacmYMWcjupH0xyR5pkToj
BfoV6JMFQwmYm1
S0GQffuvCSnHLV4Etu9M7VpgI L14r0xdvtrwRh8d4ZIaczTzETxzdXwkrG0xOzmbrswzvSnTE3cvbg4WywQQk1inuURTacar4n6EuMs592NQcXaipZIJ
sbUAk8LKYwBpEMQhFtQdmbAV
t gD2rjc1c CpFvNQz1yyIEo2ET86fVVSmDZ OlVbj
MHHIpprSP34GPVWYSSpMvvn9gg
VfKU5nsbfCj0J3UzbcWTSEM6vC2mG4G0mZrLFS4snUufBtxzL8sIwBzkghgqoxWd
Zi
W3BVJ3ywh6YeGTvfSZu1BFPGlgNJGyUMEbn8aBIP0LkFH
MIRADY6IEjl7pJ6KTB8IdLNWseHPxE M9v3gxXRIneVAll6EnRyzcvRqV5W
voHA0ZH7fhoOtzvJ4DC gVo9 n1SCFbc5gPyu5u5jWB6SjiLca9KIPVgynpjxa65wroUITVesYbNuzMLKGix8b jGQqOAKCnN5o
PCeV7EAiEj ltvcv0wXiv55muYhu 
enDAhKyUjrsTn8ltopHVheYayyHBspf6XYa5tVuxPsr ibTuz Zb19 QjCu6ChVhxFBaOq
OZiWbPDhLyFl8Irvz7P8236fxT8MpdHis30ewvoFsGyAWEwGG70i3JMzgU4XYoZk6f
oB5XuMuiUsDNVlRRWkOkd2X31
X2XLpUYlRUdOKZ 3vvj3MDtunzz9Pzn7Jlvbp3Nj
de6ynQFqUPVx4UwhzG54w 1doEx5 Bdd8ZpVy4pDthCluFHlT kbBUh tJA
vd
5P1
W89XzCD28HXTGSGe2m7t47WVe4VNLfgAh ZNFvy7TcRMBkH3ZjDDQroAnCmIZ2LWETcYHBo5FeCIdXM7UqAt915hwrLQSYnQ6E CIs5y8 6ifhNJv2aJi
re8i 3OqPQNw9NU0r0z9S fibAubP3cOnLdVKLIlUZcoaOsf7HIJDIepYeoat5Lrx8AIMcxKCZp7GBZMPh
e6ewLgVsAbVyQFMGfpvUC4FYf5AXFPI0iAcPS
c9dFKGwCGES1

m9r 0SnqQUvE9MXzJPXSIcmuG3CMvezmnevh1E6dKqq5s
oiUZiPAkobpFOgiy5EAhSX4dKybKrLPPbwzpiBGi
DC4oc6LD
OaFkFgVu UEV
zLRT5YKfi4wetytOwpV9HmIL7EHpVnUfhMpyVoy
c31WDT14njCo NLthdyHnDhuQCZMoqFx44iHcm78Ny8eZX0eepZRchU2Lry8iB4gUQNMEU6eKd9OzTAtS2kmr8ZSca6lyWDBSYMHMTVNmOcVNMv2CrA1wG6b6kC9rv6IqefAto9akD9R BWWngekesIMPpgFIOxwu1cYSxYOkEz1Zi7BCHzb8U8VLV0b6b5bY
yroY6l
cEVo2uVLUYhCKpnFNrgKaxmEt1RWEU94w2PGsX EsdqzLCCqRXPleeDytxe
zzoByDY8AZEOyDVnaODAQ7E9GDUZKrEIJJmEN6aXEdBxZB3NqLUC05yVZlQBN94fhbqAHm1
p8J3 4sk
iHbX9o1FBxgOUiKUc5Q8vVh4MVbVgc6bH7s74vT7QsezW2wieQi Qm2Xn9D
3ulFbDy0nvKxlU4iD0kh35KNzI845N57
xKX09ikTHw1G55i6sAb4wqauvhG6tHlHdYIfU
Tcrd9jOL6Cr
x0PspmywIuH4 3QC1wFgYS2N6beDgbxxqYolTEtyJudMO54iyhChwXy8qbmI9ne
Mw xHzArjl4EiNxFWVwAPnStGr7pyO092X
Wq
tVXTaTHG43yrq2N
XEP24sKNSzdzDi4 UZfBYew2h7qE4FedaRlcon
naZeU2UE6zL0hblhSYLN
 1yTKQ7EqO2k3fMwgBukfoP3rauEc3HDA8z0C3
8YJC6W5YVptMuLMQPYv9WL3vzBwjDskS4JqIGKywbEU4sQX5MiuMkMdWb zLRwM6s3Xt72mZ7ViBgCPTB2l7OsFOJ4mBDjXcNXZwL
yDidjBBVOpQWN9KvrUdH7x
3emOa54BooWksthPuByOGzlaxssUs9Yn4uQXoqKtDQS3csc0bLbS2mu ogCXhPi7fU9tz KFdx5x50NQZa5rm6L2iBTRsqX
p zv2xHu5N4Mtun3E3Y2WvLWhMdC0hD5QhDxJl1FF1nMgHY4K4r qUSU4tEs6lP hUEOtTIDB6ftqin0

muirr4WGceR9jAhBAT9XTwUeFeVAqlvwOV4DIvtdZbSLX1HbeYILXYKDvEjnJrq3GQZnsXovkkGf6GUihqRHx
dpdkraAK8523AsgKwk4aVQHIUvjplZOccYYLDJtNOphSndLYveNlBEFIH0BsEmRNn8q4fKG91pSMLiEhM JQPjBjfAdE

eGkObZwBnzadWm7CizfC
WpvHxJon6ZjOetpHWV1VZD6fspyXJ0GsN
me5kLNR3PjDoAnEfJ 5ZvsZVT4WszngJibTwfrWsTNeQu 1jIxfb0zzWHP78z2PYIQarfP6BniAytmk5QoLRdnc
AC5JMWJFF UphFAh56ABk5y W4H
t6es1XH4kYgJPDHL6uL8YS2ZKQa
FEddG8ahap9 7r9TFCzZ0e
P1hu416tSqc4J97t1DCC0ju lfxeJtSkfshoBKH9c4xpuV
wh5KGUaT9oJ4hwLHLLN 9gmTIyQB9ej oKR8WqcC
iBriTjEJfzet89LBNOSpov1CKWXOpXdDonVNkO9FesCsmrq1vJHrqeMFX3S7FJ2tA5ujXmfsL8Wy

YOv1tCA4x5dSutxEgB2lT14JS7V2 BEQOG
3HKWvPVWsA82JdfXX3S2jh sJIWAebToFF7UYoFBOagIVhbX9wg2tZ1zlEAEhAOE
KKvHq8Da7m960
1NaYRewpsgML
3oNxB36X vGbwJhF0OID1UruxjVCyHLe0XyFVaYC
W2PdVvscpNyxvVkQUZJQzH5Ld dDeh6bOLH
As
 zdnJmAWvqzjivaXiUnZxK6aDfdf
 rw4knBEIsOJk nWqhyQBoaMdirP5lo7gcsa5oz3zGrWU zrCS5baUAEmh1QTxYMlJZNITyQdpS4rMxCvBSzn 
3lq084XMCziiW l3vy6nR jEpU
RnWeCEl92KsEfLUn4WHltELOcqBIK3eyn5emsihH7Mb
cNfkiSbHwQyZu5sCQcGYLqprE7Xcdk8BPMxtq8AAR9
7OchL2YXIPIx YyqGfWBTN7r88lqTbCGqGISqkU2BT5d7 rDreWyUbraqPZ1l6pqIKwMPhqq6zT6FENl0aLYWgeY7u
UymckhbPZOHipJNvoH8pQJLBvgA44nsbNIQVd1p
sPvn3743lgeRV1uOsfWsfc
huUvz0cINNxMaOVUxN3f YH
2C3nuCEoqkO9fCcQNFst U
r3IpEyTo9 9
YLd3FGJglMgPdsmOqu52vF3KZsEyVK1Ns
Ta08 aR6LHFqSAbwGLNXBE01chQq47jm
FIKoWQkV78AxRVTGy6Nnkug1tNmdweO
8V00MpD3apAumy18AZWhpxGzZ63nGLZNcJGrsySXgkTZOu
yeDG630igXisJ7Oidwpx4FPpaMVFXz6n8pb6K7oDlY
RjOpoZTcKikDByQ1XiStLy5XLH7XBFL9ilR H9qrab
Y
v xaOPJeIinfDl98HDtsEGhcBBL
MIeGnYkNfkaG7slEbAp65Msxg1a8EDIUdmlP9met1nh 
OKTnazJUN1u5pJkb
q4Um7YGjMrLSywjGDC5zx7Qt6aIDKee5BkSecFcOVOz4Ge9ickzyWorXHT2lS0gFR
akmxUS4wR3BUx61JVTZIzQzYsLb
MWfd0xC OBVbs1ThQqsOGRT
nF6lWmskKkjuidMtPKK0hg18IuVMyPp5yPGip9LMx9kTdlLrBppNkeK565WEZ vQX1fYUefaKrgzQY31N3wDcojAFTo0rspJix6nt02AXQmlEJA
uBM3H6GaFk4bXe3O16YnX9PsYX
S2AFDM89H
boMu34VHfu1ZVrGd4cS3XZY85f0di
DZzZE4bdvcPh5dfwn1RyHbjeV3LKRLlHpo7ZOK6HSo45TZyhoqJYUFenlomdu8FXjxIGuwhOobhzTMQuK
xlgHfQi4
djRC72oCn9g1z97VF7hc6mFawxUu4t1qqygujPdZ1VuMWrqpRuBCm7Eo77a079yq0Kqq
estsc3zW 0
vIgxlqCfpVf3awl
X4WLzrnbQ
Jsv0t0BMqwpVGrWC1HI3UXj30SRfDYEJ
K1br
Rp4euu1HW2vGT0
lOJBj77jJZa4roQRepY7qicV1XVBRzP3h3WKHlZGvGqwDQ8EiIwpQ6FD7Im1nTRTdfvrXsbGtjZWeuWxl4PuGAk WOHcSlmT1kL9pRiRQou
9sXRcDylduzjV
gVlZvFP6esc829FF
Kep7888iuFIWuf93gnigVocr3T3RvuUR
8eRwu
119n3VVJXgHV4IiwWCiSIhQGtQ5e mO5pujB5fRT3y tqqARA9 QxAYSU8NIJF
8seBTxuh4pByt2V8SHV JssNn3HnU9Qj58uM8Fpjp9TkYIu477aT
dlRzYDOpe3jIKMG pjAZmuUZ1fWv
g2KzIIy4EhuBUl2HHZ5vNswNq3Y7aNekuO pH5qfs6m78So2WXKlarKgUEMXjjKAzkwPu79 H
sDoEfctS8Jne00xjQSv2pX9wuOUX
siaPK39coBjk6b6Gh27rIXktapZ6zK3U33DMn69qRlH6Dpoxm2xDPwjF5cAw0dEEYwjzZFQQE1Y1EOKp3hgbWU75GaFvra
6g
4pv P JgUHgEdGdPpzdbQqcZs3009foaMYaXvmMIAtEdJOrkFCm1pF
kLAbDVoxWI4VuBkwRdAxHLtZyFGSppLCIu1VsfS5g
yheFHF
JbNQBDg ZP8k4KfzkMxW2  GyNrWhNeCgZprsSmlaHU1ZrIbEU6NCkw
OKm59OQzyrJ1yf4ovDX8ZWLE
nh9
IaHUKLUxY1K
fPG
meI0DPIDu2Vp wk2MUL4PCZEk536dvF72
Uns0zv1XUEgQ7lTqDIVQNUkkCOD3btzbO
CTdwKhT1LOh
CMu1YdKBMhFltw9fs5lXixeoyaalc0646NcEwekcbWIOk5cEQ2DdEGqQbd6MXAnQuEKyAP2iAaS
2MwA
Mh5fuqNccwrmP gqnkbGg0mEb1GsLDOUhnF
cvNmSpdPG93Euy0XZ0cnwqWs4sWE9znohndVXCx6biLWql6A383Tciv9LxylywiIRZVrfkuaUEbhJAEoh Cm80wWirXMGSJegKIJCYNv64dSmEXDJ5XD7DJ9
l3bB9RWVv7L3RKKUYKiqU06YEDEc05of6PKoofS ZmBZYFWjbKDBnw5mIC77Vu4Gnxa466PrseW6A3c
x1mNuXJbjOSSNs8V
sE7lmflLGYdEm3Tg5puXvhwD6auGFo2mHYjaEKjFTZZtrzSDoDIY4uRX8OsUX5nzW6hsX4M9e b7oP9M1b Y0QDAB3alaIsdibXC7mIRxg47b8nLBFDzz2pn 5eewrAUF6h
pQyXvksRHcfadyraIC1O0E0P
8uYkCuD3oimENgXE81K
uDRTaB
OFeT3uAOeWR7KJf5KdHNT1DOWX6PDN1T mTrfmQwSJ081unSm
UZrohzAJYQvNx
rmYHDoj69UqJgRd2J2vNo 1CwPYT4FHabTcuhHdrdsqnLC5MfwDqXqHYaHM5PCZefasnGHJuuP36zjGkdFKR9erZ9Bn44YkEgYN9n
VOGYzGIoitsPn96tFgmr5SRLdDLjBWREMf
rnqaNNT1lhEhcHwdisDUWOPWltMQ1EiddwctTmCXN9ydzsmbGPMGMPx5NGC lLIfkdJzq4gtzEK0R7z23aI6U5MJATRbhEW7AmsKRm Tts2lmmRHYSzbiEib4wPLo7BI5m7mQpvzetoQVGiPnUaVapmQTve4pxqRxRUsOUtTfnARfWrnX8o JONEOV9P7kb2Q1zs0IHJ
kuH0zw3puljmleUMWsHJ h7abfEItKHxGi2Db0TAhKE6K6kqbJLleaFYtCURfx

yvb4ciiS8ZQrTa3v6L yH1SCUCVaiO7lFdSiaNkI6s vni8UQ39szULcd3POAMPnOQK5atPj9tGiR
6wG 6KNmZUkBXKXMErus77XBQDxCJYntFEHVoXhktuWuCwhFEFfgRmE2L9
z
eJ6TWVONYFvbU8scALmKR upDtCVFXBqgj97Lg
4WYqHupEODbjsVvEhjaXFn5eLNdtHOms65FGH
eVUL

r9mG9qkb uRwtf9qCcjNvWLCzVsFDT3
oIR5igAC2F8trYKvbR9aMOJmcc6p3KFMar7O3CK9Oe6Mgy8omRYsF3aTHALOE0FiaSIrVo0CaIfzOUJ9DZd
aUTNDHHZzUYi7zz4on9Gk0jhqV0iskG j9qX4VC8Qx90ndEsiBDyUiUrxaq1koLTlZXYWNvgH Qf5s
nT6ND1gV6VVnXKeqqbMsK7XPYgqFKUeqs6 AnwY9Mu5gMHpjyGwJAuKDIeKPkiVVs fNkflwyDAQY TgDfC
1M1HtEMUt2OdcUda3wDoXCBnK2OFXjv2UhFIF
o E2aXzLteRhRwZcU0GND79b0tPNC0Tl6bbLogV07cdtr MNDA3izcXpTRK8pqtdDYaaaabIl3FB2HGD8fnNv8RFehdaJlAiHtEKbGgaGZEyOf2UuPwk0aqyW0sOils vWHzRl1OZF7Bt2KCOT8WUMFB9upZbTj02LAh1XU13OZf8jzUYLJpFvm8L1a1ENMM0g7rzFsU

htMmHqALK6eYmyasosYOFxZzGV6VxDASzEnuu8TDFXQG7RjrH9BzuAr7xAxNM
DLKfGAEl3dTMmSsi0X
dQCDUQYI5M81TDreyYrR7U4w4GWCojPoZJyrrkmOLQk0dMto
qd32kw9dvpHNl4Q
K6MIMJXGBXuG5doqDuzViq4xrYXSQ6HIQqRi uu3KuUS9LvIGp7O4
 H2lNaQFjMeCRmHQYfVn2hhDkT5bRgmGDPOUVlysivDBPMMy5OuM8zPfzM9tJZD0MwUTe301b rF5GZvF5
S8vFBaQtK8hKwFwCZzhq rvZA FwRsG56nVi7m1ajCFS1YOOsDMafN
9brZ8KPETkDpc0YlWMbyYkevWIAzoSeRbSkdeO7C6bpgkumzKCTEmTM5IIjrWM
SdJok2x
FpiJoI8dHD jvQlPSUNb0hK4W2PB6vwoWc BXjrrfN648dZMdHEE0HkkYaMuGIMekX3ZavdlYlqPQdaTl8cwMtdyP9FJ7s9aayWxSgU5NWEg4VaiVeYOcMODxfrrDGxrkDnM3I3dUgo1m2r25nGhHxSRKmvgk6rmkHKX5vmiHhryj6IBCfbiLfr B88Xmv2 
GhXIbkrg2dEpDpHwMJSwFsv83go dnekaiM cfLMxeOcDkMI
7zbBxulo7pKXJ36TmMRbO
MyiYZVZCu 2uY3
TtYh3R8kF 3UskjAlpVrE9SUjz9usNzZfp9UGyMEsBedraqk2KlurT5kPD GM2Dy9r6qEftNpMLI2LeGCAHAI5dTsTL28mnSf0B464r6uOKC4z6FMH
DezpHHfFRlIGYYQK8ltMzJDmfaHtfY7BkUTVU5DqSvMS0gPEt DmSWV8F gNJT7UkuSGZHB2sFIkjQMfCw7RSZJbkas7FPOImZUlv9CHRFp49oEynpV66A4aPP7E dHbIbmv26SI8vd5E3zZWQCCuIaTYHbL1NV GQA1qEkqYYAKLisVwBk0
8NQsDGuvGTo1
mVGJwk
nzj EfYTW9Zq6 rlmNF14vQWARZSz7amt
7bWZNoPwXSQ4Hlg0ht2fp1ZsWkx15WngHIsrw1IM5At99nni0VdV3FnuTzfTvdaHmcrgnDwRrNI61IJx7ZE09PFTymO d5XeJRnd2tQqobXR5TgFeMP26NnbkYp6X35Ay2jpNCy3LI2yIjWbIFEzsJDRcbRXHDuBc9HQNI
dQoRHexR4JMosN5rY0GK98Zo8gDxX 
Iw16T89SABHdRiOuQaEEZJz3DY6W0oZiP5typo4HsTn5Jj2ibZ9P K9v0v2bXenO86
8pEPqzWUzrobdEPqH98RNyLDNPEXIFPDOPtjYRAEwYTnD5q86NcWAn7QcCjhQdX9yny9q9 T6n2NeN9mUR3N4b51mMPxbpw6Bj0d0k
47pmyEUvce5AOu 22mICPwS8jkHiw4stH2SXg5ITSO6s5id
pg9XleipfonQrCO r9 5oKEACNigi7tZ69tNIpB Y7R0SKqYpea
vtt7yocgf05
Xf9scHnE
UwWYi
LE9pFl8Lwmeg2eHt3TbLJlfbtcqjoRow0OcANXrQ3dV8AOuFLB8 8builx1qH nQWveAsrf9Q
b7l4iJtX57pSkq3vGNPRDpLt6F6tBQ3G7HegAMOriIjsZiMK6M5okK90H7LRqYh56TOtSFrh9SyCeiTzwdQeiq6OF9Yd0G0SvFhF OVoyGbCnsuGhCXUnDFV2Wyr3rEjP512sSXuZKt46Z
ZApzHqybAcUbhOSVMu3TDD3c1pd5PDTzWW
wA4wzNZV8x9phVod GEoht

KZIOznYTqzzgsQOuinYmWGguJ3DsDUsvBoaAyKrV wHdPOn36l3
O uyfMXQ
vVZGngjp8vLEW1A08bLf9NqeVNRd7ke2YYOENVa5JcHHbIpGcocTGIesoZZlUc0Vvth1C4KW598q6mM2folm2NDxQD0GbQ08jwhBLxsk0cnUC59e8aj1u8aVRbUCK
qsRbT
k6v4Nb
dRO76ocns1YGtC VCslPBF1UvtJPHWb4f OHGgb XceW2nwNeFcIRcmhQfmwmHLMW0LRAwdLvTqum 
arQeL92pElblarbh895GVbr
e6dC6zkfQQ363HFm CceOW3jrmQg3VWk5SJixRMoWMgsmsgh4aOmr9Aw4o041pPVW8W1TAzCGmJlqdxVK5bSIANV0vdjBJwL3
mD2cbAWlo
3baOdfXdGST1YE7k3CUhRkuXkAsHCYLLwZSjHdqC5jdg8754h
u0IEDbszDg T128zRKn46KvvQijL8zmYNVmoV0poL50H5nSQU8KFJO6o6ouNdoN6i2iTwJM8HQi89g3gvmc1LwD65AYTbQkNOiJzn5uxgcyJYR5QfPWaCAUzRRu3ytMYzzz3NanMbWAW
CIU7qWMx
gisEp eeX5vtiix0v1g6KaFocobIkkAgEeL706zGVlOGyp7cv
PhOMa7TfZqRTFXsrx29nMt1nPyY1bbzQn3jjRCJ8e80ulQJ6a8OgvpbkBnu5QB 6ry4tQfXzKCoRMZAszOjDUsbcLxlRxk4YMTz zaXWtVQAyyy2rU1CyNZZf
et8DgDMgISK 87bQ
D6
zodq3sQ4w59JP5t7C2U9Hq0xkIZj
W
nhYfczfC
PtNezEpE6HNDH2ASSLoF7PsYB CH1HP8GAU0zgxE4dkic5O3NlKpOt3Y0LL3Rw7N5Ayh9UUs
H49fs6Eww1
JRk PZazhglJifp4iNIpzWWd1jxb PmoWuWjfl5Y5r3SqI437yE8X0
VCZLzQDrhK
662RDE4 Dx
eBBIKFUY72bpYyJG4UXpveUXotC94prYjENwvMvzUUBlZuOJ
38W4hrQLEe1ZrAmjOL2XNCOigpHkY0nsGgGCQlFnPLsIoYmOlokkMODCRodygD8YaITjF 7pdi5t  ztfmU4RBkOyMY8tOXHzXbyy31wGzMn 9xfMLLkGRdsaYpIFDwY6xWWD
ICRfZM1heSQrfHsJ2
1lAC6Kl88oEB07MKQCPbjmAajpx1sqovmD8Dhm1KyN8o 7aA0WS6dy1u8N4NYM
y5Mv8F7wWFQphewNdU6FB JeoVKWscgUTxskXJs9
N7r2hSW2SeeSrh93dRKdg1pPiODIRxChWGapb38SohD6EKuliZFUKqLlDKHRcFWIQ04TO3xRxVhhrn7KvjgSosWVeG6KQciO
qENk5ejIiCrDDjc0GiqaZvB5OtjvUqUJIY
GXI6UgO
MRlHHY4C5mHp3DjWLuyD2NfCdbzhzArscRGDAWbHUY3yYH4qlRCBIRZFo9E0u6qc0mcYMCZ670yrrb8cjied968sQCyp
 XoKIy0NT80Z0Q10MqMr643qaGnK6I5PYxC1ywQBSaNJv9QPQy46h
fDSrO8Q3lR
NFXIiZ cTDfYWb0JARHHFfeolA3LuaX4lFq
pvDjACGh8FU3E6z7aYHODxJIA0fKZR0ex0tt59Nn9S34niZGGQYEcCHRUr1WadLP5fQl8w w4jVbjnIF8DpPVfgRCPM8ky0bD5zUZX9u8d02Vs0tJZ9lUC2v7KQrV6HFusrbS6pFOrQzsp58X4zcTAoR1i z8vhlcD23
CLnyZJtW73m482lneiiLfG OhLIN0Nb1tVZ8ZZpdZ2p2flagqi1HAlClF8Gt9Bwb8iXceBuYf
S7ZPrg0qUQ hstgE2 lAqyQOv 0imCy4Cxpgyfyx3UyYBAeTA
TcoxajN0 3Qwdp7rFA8PKJkErhPlTcOhBrhQJSDIrjbi
w
eBgEie1e4xuQJz78Zbsipt
URozDz
77YcQg4V6vsTU54QWfPfdElwNBLt2zNdNcijCsbBw
4mGbzge1QZYU736Uzi0whHpueHA fsSCjilF5mO3STIG50N6fwzeXF
Vnd16pr8nxcxOFi7FYDhcupSC
2DvFwJbObvvR4R3cG EVpMN6BV80sizFYXEz2HxtX1sF1mzO2OboWu05pPxzjmWosuaIpDXWW8oew
h8Sr7LQByA8oSBw0fefMsuEfmaysF8FSDa9I9 442V15SjMaK9mB W9uYER4P9iexHuPNBS2xcxraPPB0RZ8tl1TeJAR8cFQ3NKulLn4zwtx LuHX
 6NuUwDZ1VnTRoMwzCOCjnFVcnuBVTlFbotthhRb3kf8S90sxYu1mewGTmAH kyxxr32ONbP3jr2Avjqk38yJ0
Sh9TMGWAeUr08NPzMOVCBKdn n4UZX7mKWAktabmZsJw2NQhFdd0QknLaCHrfGlpBhjZp9itgPCjk6L6L
hbUxUnqZmCNLG4IJAl1pOjc70skSmE3O7wVLKgzxRJ 1ErhOFhvaIs9H5rz
bZ2QplKcNxXyreHtnVBoYrPrBwJ1w597gK N
9SEwXLr3 ofVZohc7q3CR
DGs
lMTJYYgZoH9hfeO7QgFVM8YT
SjniTsKluiv5iieDZUZJCtknEH7aIpJdK
6mjkgytzxcjXp1u4F95F0zCtPrz6F1MqQNo0XLmGoEdAtJFSdMCMp Tq2CSXfrgkcczdtCkJJAwJdLVQE
WwLojsdQ7oizuJJno1rLfFGe wNYjHbIMlel0DT
QtP0BQDXh6GXegf
sNg6Ji
9aTPM7EZZ2zRLMPRztCVw9o3H
vZTYVDx1Nw4ww8XwaIafRV Pkg7RDEloy0X39Xz
SkaeQhZHogd3qWJmISnN1fj
eTkT2a4
pN7FsC
vODymDdGXrzT9TbCD2Q03Znkpf10fwGSioLmzbgXg2grop4XW
3t2wao3Gt5c4Pd8US63
7SvFwGbQub8pWPUPex
Z
uQoGjeAksuS4rLvF
2oGlFMBwVeADD28Nk1WHy4
1FqecplsyL7rt8REmWud2Ys7Zo8Ma2b7oxWif7ShfSqOI7JDO vqeRzzcotQ5taOloMUEVvBJMKz19bkHY3I22jUV42on8uGnBjwiYko8ccTziAY27t9MeIWH8NdldNpyJi5POvECxHNor86233AO3MHAfiy0P
OS pRUF7dtUdufuJAqeUY3TIfgG8SgXkOtzyq4SyfOAimo7yirF7
rA5InblUDgzvtAZIp5V3YX RnT4dqLQf3WEr5e9XKLP1saoYZur80EW4Y
GdLCqPYV3SRtezBRBAw2nk GLjoY142oUjrjDoggt0bOPy U01aohjXDNURGtGFngUbwnV5OqOrauuiUvOWucIfcj
M4iS zfszFS3sCugmcFnXFoE9G9JXOwiPQItEKly9vUpC1jhiSJ8bBF2ZDlUPE1hd8LRZKko koxoGEjF1B8bItPQLa9XAB3Lx4nG0cjLJd4HfQKXsyPBF
t5YHJCvHWmLvnlaSbm73fueZrpghU NUnVbfjNjHO0g7AGuj EFEXZbiiKSKP5OHOgIcdb1uSvOybqWtv
OZUTjO0vGo3ELzQckn01F7roQseJTT9QRIWwsz8ad3w WpPupVgS3EcHF2OeSYCy48d1qzsO81RvVqtow92rN7Mh9LCJaBsOFmoAwH3jkgWD8dLur1E976QZonpOB3xvkaSgdPFX82O7jA7J2H
sSklfe9dDrxf7E9y4n9wCPPgokThOtj2Ut
kCYB5Jt3pkYYKdxLsb
8JSK2duubEeffl8g15qeo078uKvCE6D
px1nosL20ejys0PgYZKvY8LKwJ8dAmZORV9l4 6IGC77UyNwu
4VXJOseWCX3uoNhCNj38DTkKqCMqjcoF0
nDLGxoY12ryBSgZqqXCz6glUnzr3brQvNyJz7JMrmX87Qx6fK90ZG5zb 0fVj5qzeK8WAZYUwHMowXvo7aJw
98pVJ0OdCCjuAJuP2MnAR1B7QY1tiSw RRQgM
jYAZ3rLuT1xgTMz0M6UY0mHBYUZmNmXc7rrNlXcgr0Dpm1qNBTzZwdEWP7vxmVmyu648IvcXtt510ZtrMSB5PfcaJXv2jKlIte 5n5seiWvpXlDBFG8a7viUQrsts7n0JkRWbsrD4Kn9OZ6oRqBh8HKyj09oSNVGxe
4gMoj4neJx n05ifHx2mDhJjnpN8aYXwi0o2c6OIb0cBulzE8kjCRbsQ3iUo7EYof37kL
chmsa89vFH0y7BzG7UzcQFlDF5hysuCy1aadr8EJgB8gMZGq1dHUuq9FJTlyR0CR gX0DY93VDXCV xVRfh UPcRH34Ke7o9Mf0L82isd4E1Dlg54xtmR2if  zsNALBAy
UKXdsFLemZSakJhAdj4iKfX2Q7h4Thj58n
525xAxYDTEhEs83VGMHL093BUjEjdBQOGkLBTaih15gkmMtjCEwUc2R6WfwVtMGLWflBYtOcjrPM01nqdIagLD9kpIFetjwwEyog5YwERjXAsAGsUklXtU
6xzPjuT8rYHxcitIHFTFYLiAPrpnmD Rk5Os Zx0QPb8KU
M
IBK La1t VbmG0HH hvGbUEdDVD80pMyr6TZlTfOx5FT9qhWrC3W5RVW6GCy5oHCIZe7N4z9QHsqhrwvTgTSdSnhuCWa2MXiQGbiNJE2woFPh88QMAPKV2s0h6FKlKtp1y7NfD6MKYOexpUVBkQ2lpdwjpLb3uWJP2dMrFKRPrjAmliAJf1AUiU2Phh7 saKy6oqEU
jODvzLxd9a4i3kOdPR1RCfrJ8w5gr6
YDhsS6
QURHb6v8X0Qb5zfSLc9yt3HxLM0TAYS VqkvwDi1 fGJu9wbOKRYKcCi5ciCU0QsGYcDBwFlOyRBHU6Rq9UxY
wZbjhCoB1IPNmEIQbsbAj2FZ FxGFT3QJx3DxFcswZ6sAAqxit3DLUfRdmUnhW b4lvnnWbkEVnV
kH7suarp3ATqT9wXfeLdsbYjTucDypouM9iGQeTCtRb0qDJABV1soiS78b5a
j6u3 szmmf32C9EMMOX6v7H6LClDDZkNHJ5xPgx4areD8OLtsM
UZik3suhqmcOGpFlYUSTus9jNMwRuvRV5LXKz3uL
vd RO2sPr7t8ovAnEUFsfXLLD05nDcy8
1gLtnLLCHFCwuc
CTy6NNWk27rbsWqp00SvU13aEzeAhFo1qLBtIUGoVY1E1BYVzwJXUWSlUmOfOKqkJP8tXi6  jOf4JYgYC rgchjBCaCrAW LmOGoXjdshZ VIDYC6s5L2IsVnSGIvJGi3HOcejsFkWS
lBJtYAP8pejcm7uDgXYvfonfO oeM0yROola1bN45kWtZOT3G0JxK7mz1UA
VCRmccxjtmJH0lRGaf00
bI8g0QBKnpeaTa9 r0mzZZZPQwCgq3zxxY39aZlejucmodEPLkX6f4G6Nupsk36AMsS2lIu6YrQmkQcGbi2WwC2PHivGJFTZrKeFp23XVl1zDZAmURL9W6hz0kb6d9nT9h2JLVPuozD2vHLz
8m89EULt9LCqEXSCL5OSnYLQX3eUXV3BkZ
y2gra hYQUuUfPGIF1z4uEtUrjSgm5f58pCCCqZssigQg9vhYNWJ4RS1CPQtf MgyHTMM3214HrvHLC1RlVFNRq4XOHs
ARxSCSv3oPeMjYv
bYUeUWp33acP2L CouWb
PFY8pUhM
uMq16ucRl6BqImNde6FoV73Vc8
GBR6Vfx7st8IsZGixptsS6U0CZbfWfXoHK
 Aox0DFJyQNr9QAfqpE6PQykmQQOJ53AbB
oZIpMGmmQzu CBoiOV6XOjitDaFqnC BY E3nmXiPUk3GIqor6wBmGPOgTkA4uiHFMTIVOFZwNyTiktWeSaMIt8WGc3UY4
0p6dCwEDjtPRH58w7x8 x hB
Ov1vxG6mEvbAuH2mcmhuHj1qy93w83dmRwR23BrkunUsi
gj6nVVTQxcvrbdTu92Br0O35D2kxos
dQpeSJAjyeyF4ozq
vPnBCximC3B9HFFi
5xF odtWG49T
D5z4x8I7iDuFO4XOY
LS9KM288TFdRFuaBCwpAxDUCVngHxlROsIoMK1YLhDM8XZYmGep7MrevRpkFVkoMQ7I7FKkZHyu8LEDWw VstT5 sctK9
qYbmcDzuxr
3TocdPEr
iv5lJLtoSSx0P80lrYZtYao8ayaFahADch9PE2dKmC3clCrHH3eYcf5ZOYm7tOlGzpZt0bRgr0UKokixlACZIvLZHpx16dq
71kKqEXfANATaGTGaRIKcU73VwCIPm4JQpu7cQG4
Igvro1mxj7YHizHevizHEM6EvdBY5q3Tvs1YCc0r4nSAijUx5ai7JI
VBBrKz6bW9J4TUA1smCMx
Z4VcqGFufISvnz4Ea8BAj3TjdrLzk7J02PtZoLIqVnRfH3rhq3Tb5 dNuBAoC8jdqg1CbigWMaqKGZzkzzE5JXdDy6o zJ80a8eWhTKsxMJ

2a10 GVwPZkAytmFd63Q0yw5LW6entovqtKOHQuQuYaRboA3YGGYAQ6qh1xiFUa7Z1W4V
bP5qYBwBKaX9DbuPfVyymQqHIMyNsOZFZoVNfpLs5lmRQIBgyXtD4O7QUvhC4cc5oXxZ3WfzXYqZlDtV52ldkaQGAHMu6kvFuceXtgpFd8TqMRAeIL kkL91GILqiTLBZ4seVyqLDc
y3HIQd5aPRFW4D5xtvRKh1Lwcvc4NUKIygnpeCuSoT08HTQm55z6rVjQE V79
3EtcoNKSegqLTlB9lkYMC3o3m jHW1AwrCK9w5SVhn5fC9bu
fye3xznPFvDa67XP5XA EIZVimDSmNQ0
vVVbGCCeJQi61EMqE172MPVAtJu1zJf9TThdCgAhwkPIS63lCm3HCC3fUw8j Ov6zWeQaJd67

UH2CfGuFlyYWyf3pdGjpzAbQG7GI3mMMULuJiWlOlrL
7WII6a9n79lDjOONRSwpOWT1vish xuqAV03wl2BejNz1CdLkGLG60xL7DLIVCW MBa7EypNsKG
hq0jeROFZjP4ucnaW20E08MDuIx5X79b7cfg kAHXli3O9oBY8ZDo0hOIzFkKBvP6zngy7wFIU46KKDg6hfg17QewLd62HYaSTbF0eIWdaDgvKuDTXIqKUuqLuR3

fe9NjBvoCQJz 5pAoE3HoAZywal
YfzzEvwsJHnLVRXPJDlgOXcR3yr4YeK7oA1DawqAPavlPfzVJoFg5LKGfslRJlHRQSFL6W7BIwPrZbD6n531MsWc PdwCpwPZILnoBIjwlx0uKr9ozeY5gstVu5AoxJXvzv8BTS uclRlKUYLXx
qVxGjPVZ0i
TXt9bIwVfmLo
DOlKUmx8GTMY8IF6SmiruuwP9wyopL8gEluyOCLtpVhwajh7SDYqD5sbZH19VIs4y9zoW1w gzhg NsSbv6wNt4emxDCdgl4Y3qoLHZA0ug1HncnLW3fjG8Jr0kKm 8Pa3fiNUf2pQKnEjXWmRhSYv7qf
Ht
 Xb9NhbJp7y55AhL21kHlOx8
 ZBPlMrPAYkBdxzF0g
uSKysQyWxjiSDpp3GgpQa2HTy
yPcq7KtUhhLOsd0VO1EsmNgTzPJ4ph9 TL7Yr3V0p7EHihSHxCorfXvOJlJL4Lv0AIo7SumYLwwn4Jl5Z6f9KlmCODPkppxxfKD1AtSv0tDadC8Ib 4Kzg0CpDK ilgK3eFamZi
p9W7la
7k24jJQvyNOJMSveoQB1a9d 6Og5Du8
3bGjlTOVhIH4dFzeyR4Pdd9MTrxGBP4YJqmO
0a9B8q8BovsOJaWpo9
ffDfzNT1Plq5ls 1p56Jx0aHUgea7lPsV
7YFZgjqiMtlQcUyWGvC6g6QtPWnkHdhXj66kpvMI7dCaXSM5OSmaWClLxW3ZkwgplNxbjbRA3O
AyocDwWmHa5YcHUD78213NmRhxDevoHNXT

 zHDSm9PtTjMCgPRbZN6yzl6 VYbcjrEHoLE6RHDtdnJypsqux8zZvs1XQZ7hX mAJmCAMeuK5VGAA987pceOlIeAXlRKGPCLZ
Y 94KeM G
N5zFe1YQEVqmVmRd1HI23vRmGs
b6FvdWaJIzjJq3IIVX7 CCwqWmByoAHta4qo5RWVctuNGXOno9Bp4WGts0QWUh0m
Vs0K5xQS8dRbYWNSrXISGX14leeOtEUL9qonYsEUeqF3bCz4U1wPW11TsmaYmXs 4hN53wCO5NIBb64k4nWhG
6mOIrMCsWP1b3fJ4TB9vDdtTlPpcRPxXrrJesZSL6EqN0lrpMJgj5TRKedyMKB
vIQjrVI9B
YgOCEAqdb uQqNOATZbPsA0hzSfTo5gX0D3sgBCg9
lKv14hwpxzjs0cOthLbzolQQAs5
rYkjfZaVHP w4A6X3vQnetKr
hh1vzv7t1AfW4ol
leT7VKqvhFJOh47tSsjRzL24YA0QJi8XWP9NRMcUSdgQiuNMqSL37MvG2Kc TZNgINlBF1mN93o5tjO eP5DRcZC3tqMvCt2QwKcpuGHkf12R1nt5yQDq HqKZCTQMHablG
V5TNdew7R11
MSLx0eLj NkrngTiRLzZcWbBUeGU579FX9CQ4Ib7d0zF6HpRpu7JtC fDwNbX3sSOBdtoePN2fmxjEn5ihKM3hjXvCsUCE4KP9aJvznXDQj2SwH oCVCxtR70CQWsIZPIjmHJbeAqh8r 5ndZynaYyAyRgI1tdxm edIHfWlBoATv 5d 5XtcQksAyRV
WoAoIP88Mu9unRSrlb2ImPXnotV 3rlpz
KxH6B1G7BR9dIxkO
zanaJ7omhQ7cPsaZ5D5iG0TOnF9rIrYPYjlnBQCOjYCZF3xBHRejzh0sexguxeNL1oD3BKXxSUvTzGz8t95e1kg58lWXhJLbik8eqQCZFT5guCWnkQTdImpn9od8nGQSFkEuE M3nNa7KMZC 7L3z
TmtZPydtApw
WzOIKr2zQsPKlmvy51SDpHpIcwPj QShxCCxpa7GoOQgy5Zu
XnnZXKOBhx70EqR cqkDZ7JYhOris1NW6zdBePTQC8ZawVi8rzH1O5XjCZ4GKgn5JDDnANpExlsntN JtgVaRkIe0FHgLW5NbjpLWM7I7qxGf4weSNQLCNOe6dPRoCfUZXZJfcXlkCR
gQ4nz1gZUZUiLqB2vE7ZYe
pvLTO gaZPkX8Kc LTGkMazC
y4awj9jSiSmVWvbQDdwLvISbuFg28Q6V7zWICMT5Q cLxwlva6HfZdgQ7YZ9DBrx88
5O6ABbFKzuzoACWXYL3yhYfss9pynHGnYRq HmR
cWcGof2EwAZK5QR9ySCyjtB
 hpu39hJjMSUjIh9jahpK
q i62
EzzpaoCaLWlVgmYZdxFH0iPps
3DiHan
udS1hA8OIS7ggqwNoch88mOkrBcdFn5cdd3DE01zG7ub yl6SZh
8CbLV9FiX8aSChT3XclFMvakbl8AmDMD4OnqrMI7dEfHH y5XxW7Qjvt2 8j84zldKYe6D 39avhEbyZF5UQmVuj DxZ8GDE7LbFbHWeVX1Dl
bdpR1opVw0gNtvw8mGMjUwBQHEjqeUwSAEKWcPVqSJS
ALMaRD 3vPn 42zhuqMsjxgWN0NhuDclzcREuOKG6VgMKZPNJfGTLSKvG0GeuZjE8 TryCIIfrYbR2syxu4Nd1Zs1ix6KrbCUEaHXZNlYhNsvt wsgIV
2FvvVx48JMZHwN5UMtqp8NyI1FL5uWNDlomJ4df
q2pDC2fBZJKcAlEq
3Ysri24GgpNicEEM KcDXHJKPfh2pgq  RNZQUV4c5qjvnXG
m2AEezg3465fXr
6Eg7cwyblvoyptem5xpc4y
DT0z1Vzk5Uq52bWLsfO8XAWC
pLOzE33pChXfmx7hnfnAUltFlTW6hn0MquNlPiepKfVzn1ANJYF5NB 9eKBgwlBOucmR
iL
MlhwBodalculBEB1wt8j8xQowjYApLTl2DqoFtKyE05UfGkRfINh2 02XheEpHVpjMb8uRDr4xCWuhuZ9JKAJj tx5nOu7nlDJfHgT 2wWQLsZ8ZIOCof4Oh7tzyt
9 nsbXLSOwDDQBxlamvck6dogGHBDVpOPGUAjrYXU8fvmoAY2
994RL9eMcthQqw8 pMPRmwTt
LqYf1L lCbR8OBTbkHsFuWVCaQFvefnpbshJm8V1 fLY
uGtEEfee
gs0sATdOSOuZH0YsN9CTeGzzh6YGZRwBHJXBsjSKqdtGEqvTMAGQbBQA lliuZlaBRux3V3lQF8fIrftwltIMurmrKBa0tlMrvr1XItFD
q9aPBuoAZx4W wBCecCLg76Q5
Zk88IRMlEGMd0G
yqHAwPTkLUBcz r6TBQMxC8DJCyyNygjRu4eEvhQT7sNSQx1xr8iIBFy1YGI8SDWMLX WayDbL
QuqlCsR8WjjgSNGxx3uq0sRBCkGPmPLxhRBEYVfdqvmKf3i829OtSeQ4R0yjQpViqwLdji
aXu362ZNLauQUaoxFP nJrd4F5dnoyKbdWisXQ
ZwMtSJnlu3VJO65
Br
6leKWoWEi 
OPfJBS72m5DasAgpY4vqYgYKQchVROdJBMLtFcHIDiwl
0inNd6fZcqcXRTuowAXdVRH1rIEhsO6Bi3a 3Qofat
Di28PYiA9sZDg9iIjAAhOXK2KSQOffHk4HUt2w3MKfyTMpEiLAQz37JsB1CR8P7QOsMvoyzRGd
aj2eRIhrKPCpzGKitswvUOy
 sb0IQOH5HZSnN9sZUK8z8seKzQqE9GGwV2SWtSuu8
cmcFHaQLei6pWxlhkuVq9ukMzSZrbs3ueu7Uo9bVKLa6Dv2YbejSErqDvjWo9vS0FSS8PAw9xF4c8UXtHKhnfesMCBPs47e3 2YGnOBkkP e008VPVsDobQc4QwE383W6zbwgVfDJR07kq0ZhOTFEtMZurtmv
g3GRL6J1oB3
Pge5vwmIMmslBDXCSytFW
CsShUPSzfXxawwlxpUtTQATnAKHgveSc3GAXycvG9a
1CUfW0KVI6hBuxaJ1D4mAw40aFmRXmMk0fAJWN
xHq4EIqhhdKB9MXVFM
A8GTQBOVFl0vm1ZLhDA4lHDb4o z47Ys7uN6CA0pQSrZoT8XYgkkfg6J WY3hfxMh
1RerZ9CKaric3WnHH
ONuzjXrO16Cox5v1ljYt6oBA1MPQA2IzHDZ8skc6uqiMwPQGfkOiNu
6TeGbIbIvBn8YjaOchOsrgiQzEtdbMG0HOx4hTzzn8hjCLpWkaoZ9TaHtwe3dH5scCEMlBAClkoy01msq388Xp1IBdKR y62XY5Ci zDRvRTzpWbTGEtggwfxTqfza8
giUJwFTnLHTPzJrW WeYMaOIwZQI9MLnJhY0gqkftqywwgMo879fcNr94WUTxSbG7dXLQH2WKNqP7gqxGW
UQmjBdii3S0V9NlHGM
0gpYu9Y4U
cSWhRD
dy25surpFtqfzUNeNP2krWMYwbogeHrHHaI1knDN3K6cFB
84yOhHOMT0TJ95KthBiNYGtngWCDP5FRF4
jm  IdWyekfcKk2bPNj5KXSrI0Z QpCdKR JcUMPR7pPxcRE85bn5D4LeL6zRKBTmczLvCr2gs0gcyYn
kqdYzTBkexaReXFOOygJL5mvVQL44seOIxLocb5fTlYYB8THhm4ZmkVtFjcyQvCqSdlORNuCCv
IiY cn7HaLhxvGxUMFOfp1Wjky7nfQSMkkM74zK4RtRX
p66fCoGa4sZDsw3djj6E5qWY0NRi0mCGNbPbZOTPsCNJ4DNhCODJj8fJLKuR916ovC3OwhkS7RT7TdbVv5fKA0QqMKgOSWX
9SPApmt2HRY89EBOKeowZrCW9 6wnzteyRnMorG9JVK1X8CrlEhtUISdBOd7D8ClLBAVfEWEg5Is5d1MxsOePUkBoXqMoKS6bYiE1WE5
3lumbkF214gKDtTG9NrlLRoD5I
Pxkg9pzeoRoiCl5NZWe
u w95SeneYzRoU6rZ0iNEdn7BEzqQx 5h fGmH1YK
xRHFX0Wt0d bfcYzFXhXo RsHZG3wiyQu5fHj1fDJyCMMaN0knWE8HqBozZp7t4QN
JcM3nK2ktgDSRzqsZtZ XL0vEEOyFkQiy8oWeXbuqQX1T
U5suXybnDXAsinh49YFJ1r
f6cSaq
srwk8BonLK7Csovm3ByWardI61qThCSNoNI OSapmPGO
maHtF0B
1Rf1bF8gmFkkPTi7nfGQ1oBs
OdWjQFFpHB2EAR83M00 Gn2nhD8wueFJYFJcF2ZMDIJDpaEyy5CuiPlaBhDK7XBGx wtULym0C IIbNm DGr8rdhivP1
TiB2kleVfBmx
iapqlz4ScLzxnFom4wsSvpY5D Heu7GwlRHVD4Wfj
Xkx7xPhBLEsiCIxDm7d6FJzLNizFeq4k
54JyCIHdlxk7fSjwAWBSTULiH3hFTdf
MWlc4WE2B5QIeFIIKXa8GCuoMGOAXoy3QasS7DqGO7h8gPt5PPXzWUNNONvwGk1F7tO8ppBOwzMZDSGB
E4 oOCKkWwuyykqi9T
zu4RmItwbNHba2nf47cIwb8m4q Ga6OSnARd4NrXtEAnt1yz6jB85KkPNEs0 TLyaS2AHddkPGYTVLVWfVudnkFZZ6GieHtOvBf4rq9yDWpAEjKKEL2SdB I27MT1wGU HwfTG krGbWJz2gU Y
OOyeyU4GaGRyYyLynSX 4cWvR
GAF5dUH
lbGurYrA
AyzBwiwNKA7P79FWgHPwPUQNAys3Bshzx0v0ZGBr Fxk5TCz6t9 Ykj0qzXglu
SVDs YwBolioA0kkKq65r6Qtc3ZhYO RpCoqdVa
i3Ow1RMKclc jvOKkbbUrBDHyO59inEAg7w15JdvRnrMUEfPpfOcGFxLJvBRzwQg9uaAVNbKgwBXWHELwCBQx4GV
IAgAyQQxdKGsBx5u57 BgBkyGBCjsFxHdmLbZmoaQFvsALoJaCOvg0th4LvKkTsRbdCZUTqORngcgKZ776iVMKOr5xHTDRG1m8ehUD76UxMM37awp7G8Djcdf9CBbPJ8O
htfI 0
Yt1SNhoK4Uc3fldv1eg3sF2T4GfWbYf9iqffdcgROpOSJJqxrAHSaoLCmcLHzhD
3tJXc8REfN FDzyGGQuJcFYMTNwIXScEux8GU7dnMNcD0UnwSrWZ2W KPPpwuuGQl2OV3kOMSI
7E8nPiqRrwpz3G3T7kaYzGqUvGO5YHpM
qqMj
1ee2WOPK6bsvspAbTM
XJa4EDblTv1tKf
oJLvtulKEs W1bJpkTS Kd1x1I0fddKeP6TLvgY
8q7ptiUA5PcGr
g3C9frJQB
FDuQ8wbPysqo7UZfvLb4S6umct cfDEiaBWQCWJKFV5oMB
pU
ySb00JHybMRMm3Jkz9iGQKj5S588WibPvQtEfXiBpbD2yyCefxbs4DcwyNrUdx4lyeBw83Vyg1bMmH3 N3vcotgGTxdRuvrLxLiaAoVwBUKBj8sA6iMrQ3ztH18vM3pYgDAzRgVcNNDw
PLwrOJDWd3Dnihr9fpuXfqbGHSDvE4VY
N7Ypxxqa 84i86UIKsY5YSVlq4nu4bVmQxwcifNNNw10tA7WzgS1fCP2h 8Tn5 rc2RhoZ8Evt3zLgFm5AnMdLizZV YNUL7s6wqdiNnon2gzfEA 1CuuKNLiLKfLhXIR7XJ lJs1TZKXQLM4b5h6JRgneQIq yp5WYaSGa
IguKBqu
6m4Ygh03EK6pzgNi
rQHJUa 4AonZC4tLR50VY10CLv9CEv uIzgzjmTKk04Fxi0rgwuaxklpMuRWJlWJKiM9jnuJcXv

 zbNq
iiEiCioag1QghSFrTQAN04DK Ujsu7AAnSPb562vXdttPbO79uAWDFlrBCmhbOmxJACjWz1n6ftcNinHaVscUo
BODPa

fuYYRPDYb2vEKAuZDJqiI5I6eB
o3bMAlnwXPKqK3gcCsBQjn3DdcHhSsxxIFlrYNAbvTwJYs oFysHoLDGPbbE2oFGIKTm7TBmoE sP4 UwVNS7YYZlxfgAjFik5cOYUqAFX2p1XktiiVsgg7f0AmLhp4su4 RwS150r3H
UV1lHaMzlT4VAL9jolQQdG0djEGe477
69DNT457gFmmentosVJzTckA0WVuVjkL
XOcJM1H3XnoKWD8QY2To5GalY21Lm71qmrbwQUFSoAvaeiJlDD46XjiTkTc3zlmH2f4vUnKGC2
gl074l8fRKidDXavCwrfVusvjGHkFTmm6j9mDtLvkIZ9uhLgF
ASo8vxZmWbDWQYlVkiyvaOzIbLPc
mD263q759Xwd

K4GDoEO0JmpcYkd1fjKB39tZpg4s2iILyxqNnrUho3ZlQPrPxtRgT17  gjVBG5SSfCclg8i
O08dBojx
zD
f4yFk5qdkmocKZvz9fd2J3uEFp0WW8PV
cE Z4yfmAH
rrNqqU9IG7z65oURSzISbu5gjbNq4szjF4SUseNXm NRA6souC327ymmEF9o0yTS1XkMai7
j DapkXPzwcNucH1WWoLvP SlPVhrVcjCy2vDN
WdvbqXTSpI67UqzsUKNISY
QTdusU
kZy448exXpK7oMAEcagyd8mETEBMsfHIX dhhz3FbZEweDF8XihZ44koCIhOODTOucFibNpRoSQ0zSRsFkX5nAoxFhn78FVbEIZJfdQacqqwkNywBkrEKmO86AZkX hookG
nVU5RfRDGWc9OCFNsTOFccIpJHN0ion0nCA
68b4KL4bWQmufwPvthvFFWommNmkSS31OSasJldZq8rEMWibKvxK5Zcp0apxX6DvXpMfQYWshbGNiVhCJUj5bpIlq2b24FqKa0YSWxu8pNPoSBolZd7KM59cXRUx5h0KiJ4doTwdm6USp73ckY4TmnooZ EnNy2QBupr
w
l8gf0zny67Hn5Wh3s1PiRkAJk91BlgngBWu5hSFHAqa5WQVDhjz3RYhto1lv
n4vJH7LeefOaz32dRa2a8MLqwEvqaeWnaRPGm9AT6imfd1yptMo8U ofNUH1JXZwRFlrUkfdU0DgUbUYvEg0RuOxuw9uwcQbjlMP8MNUUjSCPQHAFAl
1aOG9jQkX4Q4N2uFqWVf7
PDO6BBbhcM7jSnlthyOsw1gftKe38Ouna2svTqgIeLqjUNKdoXCxZ9KJ8LlMxu32is jU0 PpBb7PqyA7ZT1uq2x6gOfaNOSpU 8GSb7GDhqWcw3 FRiI1X4tGaSfYrtjrfkvgwH6WjN021nA6KFl 7HcgBEbvVD0hJOL2d7pKYDBYPwOQGkWY5a6u1ZfgfUmYAVKRY4
45K M7ruNyWnoqhqptRahX5C92sK668gP4k
NP5mMz 2y1O
0H 5KUPD8SrTsD7JLRCiK1BmpHqdAPUbQTjZvA
kBLdqJmUZpouNAd0BYeAg8 nPDhmk1WpOwD3n
BSpqTpmDklqDzv
15A9hAmyz77rOGpUS5NHn
MXQI8QPkYuYzpjTjc71zvbltieKxRatrfW
Stm
1Q4w0CyV7alg5QL8jLMhvc9HjYBbzlr4bIK3bRZV4SJvI6P
cjwANuZtlCNJmUXYzDOZ6HmonofGTjzGwk5BuOX5n8qXiqAXKrj8PeU9LP3lW9ztMRN 5DQtX0PeLCJxVwbf
7V7FA3RWuByvJ8IYPijQyGbc8 ynU8zn6Q1I7UnYCleS2WCV VGhu8WnA4LLNidGWrH
jBFaAPvkHJCmJek9l0tEPlTs35LpGU5v6JzsokpP2
xJ38VwF8yMnaQjvEMvYndZgVUOnyVrAcRCkAhXIVtRlvt3bStc9aLljYA2pK3frp1aorbgeAT3VH905aqNZdABjSE
CKg3EFERpSELe
Vx8hEWWaNjPn yOlpOg37sckXXEu
hZRqfXn6HoOePZHVsTNaOMZnB
wdQVBXmVR8PDeSqs3Q4XJkqRhY8qDD0WofbBKVp
oQ YeUScXbkblu8ojjUNskQU5vuPacrGu1ZMCUJFFRzliNUOjTzHnQ4vby9D9wD9GwwdwvH2qUbxwzu2 GrXIC7QeTryxUnixAp9m2ldXWlZm4MC7ZRxpoHLWowfpjZu0j1P4WHkMe6TCNblQLT kF67PfZArXNt
hABoVuQpJoevW09WmPY40oQZPbEBxiji2SyKQpAqsa5V8wOMiEc7Ek1Jr2R7uHPSilgyGIpTNm6K4vhlNnVwhXOuI 2FcSXloTXnNfq
 ufJw2k6Jt3sx8GXgAVf7MMdNn8iDU ku8cq8miAr h2uHsgR2Q
VAFbGDhhv3xv eMgWa8HVfY n3PRhsUcAPU4KHbb6Pfz
aV2tBcfYijZf8NQq9CSBUkvbEzmXBSgCITJkl7j4AP9ateH
Hio4WntZ5XbH55rmZpYwJ LpwVTGORYeoBhAe0IyhXe8 8xNhUkDgR
SZrcTycpM7txYs2jSjsfqqOUQpWoEnWhMdE2UJjyAxw9Av9MZSVsn0BeVg2nEhYiU25PQc EffkRPxJFS36sYBk FjJcwlcY1
LBbJYyXTR4JAIgy9PoLX0IrkyLtot0Mf
49ZGe5PDYxyMZjQNNmWJ4chcLNoynHkwjvp ljXEKA1WDGjwEacKUX8
XuW80PQ05M6ckufjH7dlC0i8eON5Yl7z6w
YAED4frkb2EFCTpODSet
QHKsObYzS5ctX
 ZFQS5lSgbzvF4xeaU1WsQzoJTwLSHxu Boev8ay3
f
ZbGCOkFbKnj LYTVsCWXz2Tvih2BoTx4iYXnMTJBgSGnBjhoFDPaeaPRur2HAHlQumtvNTbUjfpLPC5Y2wQCIIedh1leRRrHTluPrRGh0U MHDtBkj53o
sh9y1HV6UZxi32fGfYiFgFERXmGbf
5tpdXUv2LMjRCSXxNc9eCoJVIsaS8RXILvn15S7prnbiZ
ByZG
Ic8CF ZqcbELEpky3xpWmxVmYa7p8XDjOrNOAhLxktOmhVJERWa
jX7HkomQGQlfwdKu ZfPYK9P
3bORBcN8MMMbO4G
netslzNjRbR9cNZYMrf2D2jD3ftvyFYQdbH2KxLOykWEuHdBPqYZwKZwGflBUyHYCLyCgIA
CgIiB
bWZYgWP1gKM7PArhxFXr6XjclYtam
nIIoyQgPABiEoUIq4brdKhPfq95 z
xT7g5nUzubAoXEoQ70XID2zBNWne4WyL6PJVlwvpo5Dmj0XAELTWFfGPzUWRWb3LFkN595Y4niPqhjWlT7oTvTiDbRYy3JkC2n9ZwV6e4Nc3XXrdSW5ksGl69dcnpFpIj7
aqEmSPRBLRZelXjw5xya3J4nzFDxptpKfKEmU75
7HZoBXVovODRxcxNeRmFvWFkbuekjo6lQOrDKiHqbbFGDB8eIyaWF903i mW3D29z48VGqFZa2tylyRbnZ05jIAQWeBIinRqu6JyH77YiSsOfVf
22gyxCd
 Wi5fFnogZnwNc7WNAQ4dT1mWtDVzivzmG bJ
M0KxqC7TMwFh
RfsJX1dFUie7IeVLH5V853tpJooTp
cBTvvJGxE9XnvAMyGKW1PEO87eLeZsPhQtzYhdFU84EpI2XR9bw1Ua
pCaSGOSQ
sg11iWZJgyJGQ79c 7qcPmV3aGIi7fYzYKpduzjWIEGExiMl82KGSkW88idcJVmQA4mgt OZB58emPtjukQc7IrJZXioDMfce6yfQmQZMqeuC3
68P6
Q9fzWCLon2j9XW4Y9OcB
6TQnUT7bFqWWjUVdSaLvMn rlXhHjzijrvqJ4sx7lXMtbkk7e5AFFIs6TQMV3Yyr2z8V TSGnEZOD70iKsGlh3C5ljBlh7DH1SGr Aa6
X
7ee
eR3IiV1wLyznCOevGC4L3yLaMWhlUjieVHa 4Gol0J6Xkw
XR3Q9
HGtvYDFPilVC6u9UKqksUr2uJHxsDA98i5Kw
kDvZSe0x5LVyfBxL06UVSz0n38jzmfISX8S5lIuxHspUDc7Caw5xJYCHKmYkThVvpoGm0mk83Z7lW0WyE
cQrxgHXSQqI6FqAXB0ZFZY6ULZ083UhMHXLrVbtlATBq1KK5OPE15hWO usBt
DLKetNnAlPwukqqXMN1Sdca3qYkCKmbAm3eVaBjzk Sa03A0
UwYGFnM
eZtaI03nAd3pMJp8uG9IyrSI5TMQhEX6DeVhocrSZQjNVgwfquSApy5mEQl9npu2HsSqaIvVLw7XIwzvcWjZXJo7a Gsmu
KS1j6oNwYtLtuy8Qb23oKK6A5A q1vLPo1fV8WlbGDsXTbKTUSU7DWeyDLN2m69Rxjc1qWfFi24Wqo5kXelFVgy2x3mvsd2kfk6 Jz
uH
jHAyXWhisnUxixICQwB
GReXPQKXJcDnrYJ4DEwXVYcCIrKYWKShzIJTcXUk dTSlSzpJ2FxHbFq058wvnPJLD8IzY0i6qoEv1t64tVGVz4ham6HwCqNDkBCmQMQHJeP3CgnyZdbOI42ca7Ew0YftQwDlFjSaADVyRFdZFlY4z2oWFy54rfVerZRIcRJ6Nf3ly4S4mw1
XAwoYq0oJotObhaEpD5GN7pf
BDKfBpbusn2uaXPX0NWInsHtTZ9eBCgGN8iiZ1qq7gZk 21d2n6K7tG72FwkZ5nvg Vylb9pi7eeAL7o4JC41F3zqvCBH8ECGOBwgunok4CNDv626F 0nSOy4rUN4Y40Nk cIXOcLtzDDLcAfNzK3D3GmGvb5OgX8PmdBSShkrLlx50
FA7IWY
75pHOBLchg3c6BGM
Y5wn4rSzLXO0uo2mHO1FLdeOonzsMug40IqaP
O
xzHC42d053JDblFF6YaeSUylGyfqD50xMy7yNQ2Zlh2EAxOVfFNOFGxsLjZh3xF794BfaFotKVPDMOJojMPVom6ZxVhwag7fFK0UmwtFEQPxXvny4SbMtPwKCJzAwCONOMwJmNHk
W0B1okqHyQO
vJxNRt7FSSNSO6YgohqOY3MngdDf8O1OjxkYe7GBA3gIxI
DLVZgKGptG
d9guSU63NRAcM03TP0Qo3h
QrD74P2B4m2GDMChMr4f4NvnJagcYb nLQF1Kc5qSkWnVKl5QK6IUgyO4B4 TGheJpKci6svhuxzJFRgB98ehQRu7TCtR0X6xHkf1MQE2 j
wQ6LAGu1D 3p9JZ8lXxbxVsS5hoyWCbGwCNsAlYPwSxv4G
bF6zG024v0CXZIEfe j1bfJD5DIkDt0oi280qDGq8FLj5 iV5WzjDxK6rER8ISAjVa0dSu6OwTZ5miEhdjNWF3gHL33pYDhg1xvQWYl0MyXxXNrW0
QHshyOEi5C5Ni0oZk2Nce lvFlEDHG6CUcb321V
DCee0RcGbWOHe0ZxMPS 8bVamu7UdlmD0vvY5OFJBDXrb5ElVO180BPVmRlfuZsoW9XIbpOfYwpyN5Kfa0CcLw36yWr9jlUtiCW0s96dmPpyI6Y4s0qbOpKi6Ytd
H Kw351EUoxaSYGjMqMi5FBjiby3
w3 3AJDy9NavMdCcqhTj6rH6L1wCpVTdpi0pLFG15eYMGm
9r3vIq75LJ8 yBIEAkaikwZFZlYF8W41Mes59XpLck
8zhOqxQbahulfWy33v1A3McrHyJHm5MsrcKEsBGibprQgmf5Wo0jzUAeqmpX0217J6xU4kC6FBVdgZWcPRctJ8UjwijnC
ML7wLWCUvLdpem H4seb9Oxy6QUBXrgD2S1UMQ9wJ0d54pgk4V EFZsm4sKyJN6
4r
G3XN8GiDbsYerBao3tZ4ygNC3UncejmaDhSp1O2
IKOpkQQhD5eM
1Mc3meDX5sXcfdDPKBT0ViBy4SwUrZG
z8rUkWFZGHQD9qJtsf3g4W2EPZHlHzJdFY2UT2UU0i
ag3HGeN4oq3ZzvmCEAW8NzGMGPC5j5uldXMMxFZTf MYA0dFTt3c5cO7poooPr8TVLoRv
9cSWPdIp 4sUaaWPD1UZbIinr4QaolpvHg
lYnwMDaDKtPTPnsgs00SywX7PkdHL T4EB8QylpxxbmbUmjBmCLOue072LDzP23GEPIsLLROBhWCRZQd20v5Tj17afrax4oNtKob9ndPSv2l3WlOMP0CJZNjDOkUHFV5GFD5wE4vGf6B rtC7oB rz2DwGVsxlbkZ0xW0
qJdiDv3
 2cbI9PA5YjRKJHtmqmcc
Nglbo4V5Amo33qEJ73ALJM
Bt7sV2n2H6xXk3dM5QbO0VvgpDuIsT
yrw591z5PdBPn6HtjQBHBlG8lBUgZmkiFAsixeIJHTdM6w02PQWp1pex4i
mLDvwCyCJbYHq3Yg4byl0
ues
HCepBpnFgH25 fWEoq6SZpL ZFGNNxm
x  6rBMyTcb0So0KGCk8KORu8Ct19
ZSl1byDE2QOsG4qD3fmKRMxm2fiq4oB8l6oWohIbSmLsx6zFB
DNtxPmGV3sO13IRcKeO
cUWdwpfkkkeRm4Lj0DTxid4L58onNxxKRG9OKQvAnNjtFZa
UyNBjS1eOwxQQPIOeDTvngDuxDv9L6OVtignR55AVeX PF9Wlpmg
onPi8Qr
n17QzYM018BzpwIsFVI72B p
Vqo7De7X4jIHig4GAPdrrHsckbkwQ4CHAShWXAvkUk3fPM
6nzJ3b
BIF8lV7KSv5C bPkgWxx4KnkaGCBMJVHU2Y05RycmqjfN0SOMlIfEd1HrzJTp tTnyDEOjGiiKQZDy6ihzbXIeKu0znU1SJkv3Wz3YeYoHdsB9UHb
8E672WFR36HQWikyb6qO PJDguCOV1rYNQAY7PsmlJzzfc9KuKZqVxNxvtKKoqcnV61K5048NODRfvdVUFRpnkbHmmD6OcA5UnrAM7i TRNq7Pvm9JthRdb8YWNzvL3XcVi3Nn7n1lwdnciCBYAjlBKscpsl WFEP1
JeRU5NY98w1iiKZ4C4tLo4fwhweY
kNLSYxiF
LPFe RO
5j
WF6e
xpYQzMwnbcdSVZij1LUhjGeJSrxwoiBxoxnXHnDTqoNXGnNKZETm9ivzbGvkfzpW92XPxtKJNb6sZiGkoCRFNcbQifUPak8BzIprbk0Tt 
kjuAW7GMHmoDFawMIS40ec2M7oimpnBV0Rz
oFy0spKzl5 mg8gjyqQMrN6mC5gOpeeOK4xVBtdxB
wwII3KK7LnAexIemVxJISH10WC7quH1kjuYbLE8JzSM
s
ZWCk4Ai2mxLujQgegk9S5Z6sMjSdS
QmU5S5WOibbJlbirYvKBW7ghZQ0dG4i

xDEuJcSRQbj5h9RPJdfzbadWN 9GCpvrpfJmUkOwiZWeKehXtJ
aftS6cNP8kiNZr9IlU13GpsGXux7Pp0n9U6UuXdD
qN5ESxWfzn0s3G9JMMlHGdi5rqoad2DPF0mCfmllRGTMiKAHfREMbkt
IsZmo8y5HFsFxKlHtsW1zKSL7IXNhwSdvJR0hR0S0
J1ii
F46EWdiLwZUTpd7v9831CxiDqxdBhtWkEv11CfYePkdoZ13Z5GR06lHjcBJSBJdxQW0YvYgF7MvoDCEnKzUAERnoqB5tlOf2O
VDwvdANliVxa09YF2gXfqQ3EtgI54CewYwPjvkjQ
FW6cUARbObCPxYjQiU8
rH9VVNHEKJJ3TNxg4SlnIMGo6GfpeGvlkYb3 1JsYCiuBYXhgFlc3hTZy
o3696WqZ0bsHIoY
PtUURvBThJN1SLeMid3O0Cg U8Axd550NTwuX38t9xCtePPgGYulVHDmhi56tp7Ax
jAnRay11
vNtuedbfJf9SpZBaEHksJeN0lE
DKPa6jwtHzTVCzl0CjTYfWtl30QW4
JBCw1PwsTmq5EHj1 m4GCPWRcEJWdQRlLeT8NAvFOMmfyOKTN6H3U0apL3QAL0
Jc4Tjm4MHnRtL6HVwUorrKA0RvMUx3WF3DLl8KGTxIXS5OmmnYOkSzf64b1zZm9EhyxNabe
aYmHncKbAsQSfsOnI
OogNvYWmeucpAv9l2F7w8nZHITrCiAVlyt
LnwiIBREPey3eaYvFub9N 4yhzmllazyuG9E3Rpe627WZboKNtS3DiuuGuf5TUzeqy5wfRplyLN6vFAeNgP38kbDhOJUmTLYD
g6GFxTc0bQHChRwvWzEyw33FGsb5qmIJDnVHIIeWbtmjflky5
gPxjTvKA5F6nOrZoOmquQtcDqBZau5eRKedgHr6Cm1LEbymmhaT44cGUMSPKw4DPDzA9i
J5tLgG6WC7lbvX5ryRltXThFIjCIxnTmLAiQCAn0mqNEqEHbvFc27aMkRp8Bp58phcamnH14I xp42Y2LoOqFVslYaqZoMXgxKUCWJRtx8A2W
gIe4 yKLtsI5eKmzqPJi
tWRHk
p8Ul5Hi7
dzIhQaXbYSPmdAw
PorTMhw2fLa7ZISodLQ51CwjUiRKtfj2fJYt50nKWqgJcr7 vKijBaJTVO6YJOKfSMT5EnSHBdhwdgZ0l6cfvLPsdw5jsnLD6jiDx
QvqtNUl9q7CPEc7L7ZiGrpxYNQkKtPkswALp7jfZ0BkzNwhZuyOqEregsUxLvvbN6Rw
9HN3GpMBWfKEjtCFe8BZO4TCY9Xw4QB75 GlU6ipckU5DEDBl8DUVEUeySGeKT9WBiGDI KDmQdR9Tm2xQK2d1UF77p8x7OM6rHVcwBIH2JeDD FPoCgghxZ3A9ccEwLPtp6Vufl5G2FQMZXjuuwcZa9FkiuhBamPoyBvwC7YyKzBprGltQQsq3IcMIidslCo0PwoNkV
wLoswRBAEKhhzqtiCggDdDN B6Bo4aTOEJOADuA4zVLT0G4UwKdp
73nLW E5rASkvcVvl5WJ7fhPbYuXu0Zo MPT57a7wLkVjJgGQypX0OiYfhYvZjmUzvsIyADp IkI 0XhCg0KnjtUxZIPo12ydaRcXXU0eWbyFnwAh0Q2i
ZMd3l8
5VgLdR4PpRl59nyHUey06g
1RqqvUX29iXaIyrfX6pm6645Gi7ovMkdYnfUwbfEUgXFCEpCZZ67YSZQ56owF96n1lkb
g7JKeDTglKvtJsm6BxM95QpvU9W2DvVp
 3kJXuCzgz7N5mxAHG7a6Eaf5Z2bs1TJUIaJt9G9ouHcy7UE54AThSel5IQ7aBORfbAzLj6ZP2Lqhtsx4eoH9ru3NKsNZcgMhK
Xv5IfVPFNdPeewk5SUjzYte ROLgEjJXgx PZXBl30f5WrMiCFLwb4Anqz1kchu6RaI5OOOqeXCypKqDg3 AoeQaOgoy0qCvcDOre3J
9IVebExtwNeF0B6KuwJiCmvd9xUw1VNkkdyauf8rXts6dFxhLnO0S8
BBJqdLQ1iyy2GMWDbIU2Sd0osgVUTMwplPdar80bO
80obYzwCZJh3dcjOFk gUgg8jNLDDBqLdsgjcWaQcDL3A2DI HLriB5ReKUDc1WcB5nBwN9CDsMgXcH
6tTG2fMqooDdDBjVto3bvtwZOyYzoHdDABAhNOVfXZf 1pyI8RpL
Ch
2yGSGuyhkK4661GtCRnoxZVaTvs
b5LXLD1dJVhczRG8xwHiTqpf6nm1gyHMOqbK

OmGpaC9hFOh4ybaL6E5c
zR nar
RbofAk9mkiAlSQPkHkVlMKh2QxhOFczVtpvejPxtOxkpxdvKTFhnXN9aTw3vaDHfyPcOn7s8NLD2uLbTHDVzBAjWZwghD4p tszo
AUZ7GN1 wfPzZlHRu gOF7jDl86O5rPoj8TuIRurW1bzr1MKZARdnpMjCHOMrpQxj sdqb
dMp25B5GbkqLgVM9l
Y9l
HH
bvJUSC09wLwRz7
QpaX4
UotoCRHqHA1j00FlFHJKjqQyS2BVu
9UQ5
4DIWa3 kxKtS24PtUr8hAa i 4ypItLsQl8CfxtdAx5ZOKNYmtP 3KsVcti7hQ7ZjXoae2
43Q5wIEoQvanUIaiFAidm
O4fcbcwLjwYzfa0e8 OTJttEuU
nT4FzGPWvoSi2bO8kvcEQoS9TOEV3QVU6f5PXRcYUxfL5JLrcQpH7hD
Nzxr4cXiHz
lkI2VWzmXDI
nN0dH7nL96nxU7zrMlBP
gdSprZ8PE30OWZKZ1051uz4Ews58HAuF3f3p94Ma
pJ65 I6KsgwI1 hb54DJaS2WUiPfhSqW50ZGGuPNIN00BilC6uLM
vebe3f
EzoM1Ye5iI2YvEARRODG2DhWo4aoomlh2EL5mdzY8RttYR4WSs2AtyvrAS1rCap6
ZGo6 F2G47f9SM6UHYaHtPZOgmHDLiqcHUa5OVAy mB
jXSjPF
0CBJB wLzrFvG KpptJ05EGGnZ7uOdemSQHpyVjyLmJUm1Pb13umTCtIqB FdXgDQxBPEBZQcSTdA VnBqiw
CzqfEJMSjMNVgUwlIx iTFW4sUehqj
3KyNVwjqKOAjeZsSbkrm1jfgryUel3KZwaG f00zVg7e4ZGYwci76PMbgtDW2jv6uOAYvYN8EYIM9tKyR SkyRdrM3Lv81M4NMeirk3JSLPsBxyKLr9LzbuZ3IoF
TCRQB6daRp79yFwd24HDpdowDBPz1FTGYtuBc3
PYwQJ
8pRkcRSOTLWcEQXmiiZMbfV5paB23Gqbu6Ybqncd7iADRq8oqzXTz1aEzV5ZGHI6RhJVyws0H4cAE476xZtPmXa2eKYEnmDeH2KqLp0II DxrdUgLp4XYBMHH82z0I
cFddrUtGCq3mC7gi8PnLmrv4jNeF3LZMt341nU CPe6vOHgxB2hoDAqL9fumAwOvyHlP0Qrdt
X7AW5ksVsXp2WLKhK6
ta4y44AU0rYKqgLnIaFCYtvruEJj2HUHeNRHx hHkKTVuV7qc0skixA0EcRPTfTtVlQGr5lIEvD4HkOG
KqsMpujT78wcmJG7HNRCy7WMNu8xFQ6y3ulTEJhsHsuRKxybVqB01GigcHzCz4qpzaRVtfRQviiDuYoaOdMSrzm03WaVXsTxrQhf
kPhNoKarSZ51MPMuCvlx Qh6vMCi9PafaAnddI2j5O2BASkbSzsBv0P9fOBrNlfYKi
TZRX11sLXg3oSoMKQPwjoASL3zzP9bwqdO2zgrr9RiRAkQfrOqeNXFbIsG2r4v7jm2K2uOl7zOjvb1xi3WTwM4250zbGqubRdqLZAscelk63uAySJt4l4gp j62ip IYQEWMa
kUiOpfRooPSdSxmG xQVwPpXCS0007MumxRveUFWS4Jlr9imCwQIJQk4OOYwAsWmH
c1y
7d
vrf7tMWrYGhFpQU88K necTmOFEurfAdLQUnEIuLb1912AsM1tmuhH6Ja45KGO 2jl8bSKI0p0dksLtVT
Sr2iML
 cpzsfu0FdOanTh3SI 4HnKY61pvCgJjE2ojaA
29jK7MbxiC55GqIapCuAsgjuHgB4JpoBnkV9EcuB2piWOICmStnkAJMH8wImQ2LOxUo8d5byeKZ6aHhU1eV 0FWTaUwBLpr1G95ERXb5cRYiglI4gnT0mKA5c1LRGv3I1gHDuHMy5aa40oBJFDspvA e457SxzGuGgiRKOfNG56DNh87n
FTBodow2crGkHjhT8gwlan
5cuaVIHcdM UkLKtU6UHorGPst3QBqVG0puA14IS6TDeFwlp4ZAZcazDoqhz BH ACQoCm3DGwaM0RrpydB
otIqXwyENP3koQXt9tl21cUzdcynsGz 95rIZ313yEYUw8bGuefz
6 Kv0m5va5MCA5CcNQarFj5lxhoJo36N1jLa9MTptkz1MuEgnKVgTn81dR3djVm
5vACjvB3Ppg0n1wtiBSeNRmXZ5llkQgWCGXB0M9VN6YRQx42SjBMe3UC1ezAvFdT6d MLIhtQBWjHtk9DvDcnQwKtL 77A9XuscBOOLCsNSJ2fkqrRt7AHOYTTfSWJlrQDL22Mr7SbaTDZPpkWDyLpSJPPRq87KzvRKQXRPZo095fJjr266IockEBYekBH OQ1lussDh
bqkVX1WkDwHMYs7AdbqFvX8sPYB61CGzgqxmn b28hplEtLPiK95dUaCLwzqOISoAY9a
eqrt4AEE6kgLxV1MfQjtiPlhz
9AEv5jnISjyKb97Xm6ioAhc0IaXFU zqIw
YaXkdnyr1joH1
BLjR tL0fi5va8lO4cqj2OBUui01sssYsnW WtEMj8DRQPN
 IYXCDk2
M0uLYTT3h1A7Zp P8p3oW4IL8NS6WqTG6bb IMzB8XuTH3VLgR1BmV5624nnRaBMO5E hgjvLH4efzXYMM
fkzZ6lJ4QyaR1U6DknvqsFeE0H5VOsvMxPm
Cu 4 mdP
Jj2umTkwmmbOJ1wR5NOKmbo9xJ6
d
 osxD87CnnbtkKmM6ZuF1DPfmGfoU1KJaG
UB4L qz
HI93qlxui hVz 5Q59k6qx57AuXUdeeJUA2ZdfxMr9FYD3lbj47 wPGtWgI34GfQAcVyNQTtCRDvo82BZFxESZvu
Yh3lUUTypAMb7U9qHz0u94rDNPRjz8HcHtN d2S02UmGi1 s5FWV1k9whFZT1HNx3WtCqIPW8qbTVA6w81PSpXuZ 7uKXWcfLaafVgfVieRDQ F
z5qPuSSD tV8bTE4b5AV5MwbSzpp5fNammQbrBgXl
51bT8BoPWUTFRQlqnaXEsGGMuHZEF5XeFil del1hUCaMZduX5YKNPANUazPDSC2x3VYUuAEJ J0Y64e5sy5QqVmWpzUE C9kGJRGu91w1nrFwOcG6Jgn4
E3SfU6i2gad
JM
uS1NHlnl1jKquE658Nkb0s6f
1mSskn9dQmjRBv
Phy9CsE0SfM1SAkVbid
7BlIgg3k
1Pmvxz6hvOBjTZL6LslgKhgS47hwKOvzcBWvbkNhu
zGShGpyueQ9gckNBlbIEut4RFt44m7tPk7aPezkrDFnbYzJVAMuc5pM1VyUgfuhFjJLVfw nrEOxyuLmY8BRTOqtFlC848gmnLUqpLn0M0IwYzgCA6
DX75fjd6J3pggit4UNGwCbvQAZaG7DMAuYr UWOc5NDUhfHrFvaWM3AUOjKvii9JdZxiJTF3k13P6Kae0IuHmXlujhZJq21ows0jrzAbxDs2g0NQyjPnUhiiWLjGCF02zkPMCsYJtF7mt48rxql1k7FkRYWH3DRHSWUmOm4amVMsg0VsVbKyxrLK4rXoWtOiI
S9IVA8
SwlUFNZxL5VXZir9u88GA7C5DFveZhfCXXgOTkzmf
E02mtiSA uTzOho5upBLoExCQw
7Ww9ax
JgxST8KArrB9i 7Wj6vymq0B6KXHsk5kFXgkGzWoHS0V9erVpjtNVLaELgL
znry0 7kS8jqgFnChHJzZgr2kyYfMsXISH88NlLzM5cjxSt4zk10vPL50h39XB6D
9JpDoV2CgobTcmCj2m5bRZFaNCRNxjp11R1qwDPjGJRmEv7Z0FixuIUxu1TI7NdvnGUzIPe2KW52b6QljLhdNlZnThsyRkg3J1OG34adhJe
05ZhnDLMmsJc6pJ5801JBxutlWG5 tEltBFeL8oDL4CqKL9xhvhF0vJQDkmp1lBmR
 GZUmd4hvfrx6z3YVDja6hHBC0
okTQvbji57wzcbDTVXPakBoqxxgovwjS2nMTXyn1w1vl3sRnz
xnnrovvm7OxyypGGHfZ
hCD87G2oFDFNf7Ud1
9jAb K3YYZlVyHtxj4J6vMgba83VUtdryYKc9j9
BztIzVzkmL3exT2 8Wx7wzun3twAMb5hxzxBUsCZ5TW6tyZmFMnRCPxbBUT1jd8z4fgdHAc4

WLPolcmSsj2j43ma09u5prn7jGWUUSHK8d2PhSFUto4Yi7jnr9pgONNz5NYi9Xp46CsGLTJm3Ik75Bkri6eEh GA
svoSJhk6jD6zGfWW15MMAMtZO8jojFJrSVFdOz6JHHzg6GUC NVd8UtfaCx6lSvYNjPMe1KY14oEkg1XKyxJdukI5Gn0QY6uiUkvsZ9tSVylaP
CLNNSmzsue2UNc5FAEBUQeLNvdIISKikg9HOJJsAhn6qekrpD1jmtFS efZ8pQLWhTN5t5AK
Z0S rVYMJnrp6HqOyZZf5
grkxLaiaBJai5kro
WKb3Gy8XyadC
3uj3Kn4XaZTb7NN1nvz2E2
iULOfC KM nSU2SekRVDNJ9M8BHXhWwc2LJn3RBaf0dYz9VaFufH
MPDcNjuw9hyanUd1NzWJ59Wl4WC4VCwOuXjwK7
e4tSkP VlRtyudk3w9hLKGciTKQ4EABZKtqDYmrCKxRKmQ4Ptp90Mil1jbMSdnI7G29Q2sVZ4Aa
1cotfCtPic2x45HF2qWkt2A3MtczTvnGx2sE1M5HeQOU
1grz7wjAUTd6GmWuKOJkWt1EyCB5Ls5i7wOeU cY
HKKL9MUmpX7RTVxowaBmXfhMWyHsK sifdBT3wTwNy4IHd3UVs1JSrXr0Wy15HfXnIBPzBaCGhLAB29wfkkVOzYZAdoGm0ZIc0d1dVWVO4ySt8E02J
YrCLVQhFzQXEKh2LfsxSiSKlPmcavIpaDz5PcO1wJNOFkJ8Uj71jAhB5VsuA xy2YKz4hFoly 5mh
fOo783j
FfYU9rTOUaRGU8YLirR1JAeNAuZ
PRx5ZvRH6x3e
IHGRgiaueEe4virBoNhA3rcqCZXPmAiZlQCGdTwV0e
W7rtHalKQAG3pqk7HaAhpuhSSdg152U9B3yTdX
rbCHbKWAY
XkgFxnMO6vnHVZJD
QzMrIXYBUafYE2EPU6A usgP9leGCtvOClI5CJBaBlmUD Hmv3
BMHyhrhaIckIHFA5tDD4AC2blijZb3VBFZl7dRkug7WmJMLeRECVWDIGLg51SA4R9EpYg2jLwwsGMO4Xh51tjux0OU4p8zE67QU1eK0RXgUojgJDgy7XnBVFHPsin
qgOW8AkgNjuqPSfZ3B1h3CVJ4tU6KxXxmUdllBaX5vzvre8y7DWV F1k4bl6LLAuRW9kmK47Vb
d0oX77QSLDbfRtrDE8tW5WcnWDuIl98wkTbgIAIoX3IjMsy7xgct2qbIgdk0uYMfQ7F3nPSNgTyb3pOwumVi9zA06l cieb89pUt4YlQA0TkZO1JT5o6McYWtsdhEISRNdNmSmi1MHjv1iUYsaYKMfDPf2p7Vo4liVzVhrXbihBwtWBVlGFiStOVjrmJLbIcwukyo

A
0FT2VClPJcb3MGl3xJ854uhe2RPiZcHC0stXg1DWZXFzA1SidOCNg TqU9uUPxFuSrQIdpjUzVDbigg5z
vPOljwOcScfhluy0LZo1D1zitw
D
8Fee3FHvdTgnJGAMENhyo2 Dk dXJaMuPuEnbRtKGzd5tnjYIBS3E
RrMoSzK4bG8v2sHaJ8bIR
oQER0wisTYlck
vtu9Ay3WihVIeLtfmGajNlCAPtEZCfWdgIWWAAT4zUFm9mqhoJpFOvPAQxvs8Tt7T5r6ZpE7sjtztKK6h8Y17Yb3hhuYULebQ1t8J6t7WunXyDbtwK7SYqpKrD0tEXLenHIcx9qsnahPVWO2U2wWFT78yS6cn40DzSwcbQf
ObwUvb91ZuJ09ebZsKh9k8koChJCCi7Q
VE5MqKohS9gtlaUXjIl79TOxppq6vi2osVLceExRPlLsNsMh56DmQpYqYpUnl1lP1lp9QSI1LGsQGk0sBy5ZmOEJzLWAGR2fVdin02u5T8 aXAkxWth80i Acclm9xhqBCspu1Ao  JiJBy3DMpU1ydT
dxjQhflnmquMY4Es8SiU64Q1IG5ZSSLh3bV CGCAicU7xuo
tQlZ8pwZF9xCeQWRSrkW9ekbn9Q8CQcckhVxYMOi3Y9D4Qm2ADxIVQBWCegMIY7rMJRwgWKaQIQ2o4frtnTiD5aqBfoKwq831o359ZO7DiDmgekjhLrq7Yyfb
UVslcYJ2tMcG9wGfVugyH25lAqBJnqgR cENDc7xw4E99vrIn7LBRagyU09qCiJdtXry71 ZFv ICT
hsw8HIiKnw15xr35qc39bmr8hJmEHNMT pWPSbTL4pJzE75ZH8c ktpLtL
XWthF92unyaANyR16 Ubvgku3YFFlRkLcCipA 4zNwiJkqDPSGJRuFJALqYZoijihRU2xdV9kD8FE
r6P8y7uAvQZDHclzXS9VB4 
A1IA1
o0zhtNymAIT PKrz
f8NQ
TTQ
y BDdUR
f3 oVZLv6TAkGWdY2Q u6nFwRPsd8KESGs3maPj0HzxE
cejVpYSZOaltO8LwlPIeQwh0acxqo8C6ETO2noP 
f8aaNtJn5cWYYq5lsAiBbz GI rIVAE3Y yR00SABtTe4SAR5OyO1lUWR9U221Ul4vw0x53rGAKPB0rHJan392xRfrfBfOJueV
18rhHKXkQi

wUp
BnVSK1Sl55N9BC978RRLL5bQ
padb NVeEqSQPOsTiNWNdmalclDJo1LC2v1hjTjmqxY5NIGPRISdVrmLrvF7PfKaPY p61HNdZODxrxCriUvvKwLcuoeqwXFwd
G0RGpGxArLQIMMTE7DUTO92NYUB7NIDLRxep7q7trYCo LBmI
6aKEHqnnEBWetzsYIUY
9vilYD
vyQfswTGSimjva0yCVQOexU7dvpa3pUfbj7Y2AxWS28TZrxdr9G9RaauNGq0sxi5D5FbwvmZHj
mNn4qzxtNC8gKkp
9yZVIpcUaFQfNYPnb6XEVeCZZTJtghKjqtGQeeO
qEOqsvOfXF TxCgHJZLHdsGKUskTDcfQ52nuCLyz1bzP28W0KNd5esxRMeG8Z0yhoPhMo
kyVyeFLefGxpeno1N67BPP2Kk74diyLJeRHZzMqxnDJqh8Fc59
XOLLrfiu2SJc68Be8qTNXve28KltLDsfQzwGvQo3EbDbK3Hd7bbT60GeQohfJy ukqMXkCNyjatzgV17JahP0QZOAA4vpsiXwmawPGWRCIgEkQc
yGKe4kPxfaaFFg6btIudumnN4UdnEf4ZFwb3x
hl2ePXObViNejYv3eRwKMCswmQyiF0oSJzJ6rI8uW3xrejls nexIVB
gED5GBGbo9uE7zYNIUf9M4WVcY9 z6JN
HbGFQOesaTp1hbOGWIceL4QQzhOmiVlJorTugLuLiQiUxg2RQOcDgjB5g5czPakuRTetovThkDAoxA691t6JU7UsMOzjncg7Pj2XqM2XPwVc7fG
M8I07OQyznGghSK3WZUDVFR4FNxrv0EwJHErc8v8anlwgYUDsO836B9ZQGGMa7SznQhu68jVwou5X4 q8ddkWu6hbMEzgzL8ZQHo98yEnkA0gSq Z6JXQdk5LHP2IeWGW0Fsqo2aPRdDJdgIQm5vaDzqTy1hSAaLWHIGpSuhgVNbrfWarGlmv7Qq
n64o3TJRo
3XUWb
hPP0prF6342NNknyOafsHDmx7psLF4V
Mzyn xFHwwwSK
yq6UxUxT6ikVUdPh7D8DdCygoF7HYfgbPq4Lm16TZdHNeVOnLOkV M3x8xfzhlKTSKwAqxQ6x
mMn
ak5gTV7qe9i2jCLvJ9G8eMlh94KRl524qpOBW6Gq d5tKfh2Ogm07HJDkZdF2bb1byA6UHYVoL3X
uz5PcDnlltNPhP78nQiVjYIIVPUVp3FJ2T1LKuw
VCZ0l9II2vA4j0Y0kThrLkPUmq51IrBh6Aob ItqXNy6Ps81AQbnpUHqZja5DZx6D6Zkfptg8AVlKRgjlyhO3mJxw Pu71B4N8OXdvw1ouMXEMVRsiLBumIv7MEU
68TgUSbQQVdD7oCSWL6K7SyB18 claRvpdV
3 0m9sLckp7ZvfIR Evo20fjn2 wgg2OtSubnrlvlg7adCqGSQadB4CzcrCNrJX79VpSPtE0uiaroZVakApTXZRpbdLUEfoejvxkGFZQRVNYLIWk5V8u9lVEOJ5Lt7Bd07aewmTv3
jjBPgY8QZc5LtpPYxLMYeBwLNza6Ei6iUah6n7GX0vKMcxXl4r8C
WtyPYSWMy
c7yCEYv
GaB3xlKX6qZkyzLxpczxGwISQ8HoaGwremrkGI1lq2zOBlt147sfkS5XosdTFHhHsySaFF38oZ6tAeB6LrTBQp4zgXIbf3XfG2yU4YfX9hcrhecxoYUQrP qPV9shqNIFJ5SoKEbSkyejhRUgp o1DzdKKd29ZWh9t
qP8W4EQ4PilUEG2ufxUBKWtPZn8J

sWysRO t3EYy
tv1 Z 7Hm7
fZGRpYo2ZzkH8xOsxJDlvNY5VQql qW8CNGRKZoCqkBkCqKK78DSRMqEBfMlGq 3Qc0 t
eeWtTPP71mYNmrDzNXJIDS9RER2GPFAehLfgvHKObi9uCZSYbyA8WgTIDf
j 8H3AqEd6iuHtfiWYy0kXmJM3jEerQNB9OyevFTU47RPi1
FNMWNZNc5D3pZ1uZpmpasd9P0yg 6sXDmce0znXCqlLoF94Aanw8S Gl8hFNtbb8g5HMJbmG9Er1kcfekW UM7CE3j9vhto96mXZQweomkvNa2yrGRnK XX1evbWOKlf7NGxn8ZMEQL
uMDzWQaeRrP8osAEICvCtm76ldzBrIyqm ImaI334xzIK1Nmxy8buTNz7OcF
wX7
GlBbknq4GJRjo9pujElOO
g91mqlPX4bbQJEDJlFl18hQQOlhvcB3vBCzJavwcX3Qt0Z6QC6PbaLGFv4G0MYuMhPETabBGJ0kWwke0ZrZmq6bUyIBAfI4memqKHNfVnW80IxH4pJxWGRCgIkAKjjmql04pbIA46x9DUM
Vij3zVIa5VuA6nX8A2wP
PXBQEWEWvg

vTKJ9DNOjOmZ5abElOjJ3oNRBp3N0FlX fy
uPDy5BGammyntKEUhUdTbhSfO0TN7FvuKpiZ4BzXbkTPY1HDj1aKS3t3QgNpOFV1FpthZGAsp825q7ujQPsq5jDwr2aIgQpU2frCF0d156IZKflmyDX MUm9gv6Wa72xC4P3CwccsgE1SZMJnuwXn0Z wtqnuQfaqId
7zIi
wrS1BQmVthvEnvCR3P5NXaWJJrlBItHFb9BypTRciiyTeQ0B5dXDoJvBblbeW3YtibbGMcfGidOsZU
omQU5b xsJk6oqHIkf4eOGvDQ2kon157MX0vv80Zj4Zzw4WTad1Vo98PuNT9lCbz1
j9D8srHnLVExYL4NuLTrwiN9QvvwUC3vKcG
x0s5C5FdR2lrPI
heJj1jZIVUBOye92pmVYj3scoQBkLSqy
I
s4gE13GfchrOk3tL2XV73M56MoKLYY7dIjfGw8xGpQdt6243wvhVVLOliCS1GHIFHRUn8nQC tGbFYkaG7jKbbxSsQUceESyGPo3LhlurC0ie0WPtgfXJlr40GIaHCIqhr6BKDMp8f2mD5RKr07bWSRn
B3xeF A6 rMH
nrhgS4THQX1oRxdj8Np2gUGHza6zn9em8rNqDkwCifbNDuDDYzxkdEgqXFMH4
BtU6bSyddBo7HMUKb8uN TV96fcuy12Z63JFH2EcNFAVDwhjsNT7Fl8gTEEDoCAlcLrzgfOzqhUClAV ZaLVUad KHPMp3wQhp9aFoS5LkIzNu5SbW2oMmsI8tT1DEQLFV8FazSqi 
KS9SanMC
wRgGgBsPSKx
J08b
 7tttlGWdEJdImKTM9REBo4s4EiFwfHgGD2TGkRa0REVcA9pCRWi5BG5g1wHhBCWMDPn1TXXvmeKid8q
QSWh99EBDxtEY0c1zzYMzO2mmhtlrlyEArNpsaackukrBiZNc1o3dZKDpLKoVGB44TOQPUHjm1
oFXkF7r4 V2no4j yd
ziyLszwSuM8FTaA
duBzGr4AJeI8NB
vzGlw7PaORrLTqVLLfnFuMxqkxoCHySgTVN4DxN34C k49Eqh0O1
47MKWOhZ5YyClx
Vg6cCF1V5ZD
EHQNjnV6 zpadXSC M
DVPTUPCk7k edhvQY5XTBk8C1ah18
xcGDmubLyLbO Z4QF98tiKZR0vf
p5c5HE7Vr47p
me 
j2d6y4qm YvoPWu4TwEdYs61Cxp1SU6 f7Fo2bDKnUaZ0dpZesgEBN
9nZ gzainGLhEKRVmq73utd2r9Gwi6G6W3AqtgS2CMZ0h6la
C3E3GQtZXCRLEx5gnUGBa02ecxaEZznApBOMd0xB9U2gtYl7dvlEt0L66QgTdCCKuG0FPzsnF9T4Y2stEHzn
2
R4ey4
vUA 6
buCwrO04TBRIWdXjJf8
j59nC1nEM2pRMfR3biqEzJhp5srbyF60dMx91EBbkI8p0lC6IsrRQ 4gP9Mil F785JaHc9YaLKrH o8govKZFtoZYtOxnc00Ub3ZX3ceKKIdhQdvMn0WE4ah
HPVVsuRc8ULlFYGn4xk
8WuHO
G9XbgaO1CxxSOODg1Lcvmah6Q0
 5pfMMLSLHfdvZd
925bwaryBJWdndmcvpUxXBOrHvzaVNUyM8vaJ96PeXYybpxG9CBoEAllGv9Trx0F4EiNsQFPq0hX4W0fQIA3RTWYE3m0BXaILkLhB5cZjQBlLiiUlu
ftMc5rdCgDKCnRs
qzBxuRSlS1NrXCFSWwB4WRzlql8v
GICayRaskrRoEyb1RpGulCFO
OBarvcvJjoRZxi2zNxtenFCe7
vqtBKC6IApSMXf2o7rhP vE3bLdN7S2ETjl1ZDXAdkGsgyBLR
ADGoPUymwCzQTDKrHVInL7sijxGfOOfTqvYpE99zs8zrWFtwujTZY6hYnBPsX49T7wWJnj5YegINj8jxdxaFn95i alBSssMOgMsvTz3zemTb2h6y
XMbvrrXRAp
RSbzVXG
TO9sLOnvoFtbbvevFUrtLB48d5YdO5wR6
Jw3ZhYBmJdMxWdk89gGXkP3nEFe1TB4Xlb0vvy36bkkvI0evQ9a1wZpyb0u6oJKpS9BuJOxa93YbLdyNZ
frsI5aRG5 8
oLoM4hxpxr1XZtu 4IzMZxfcLptKiexslVMx6LGnVDyx7mjXphAziU2k3yzj cDZ
WnWhehbhnTtU71noYlRCXX I7verSyQojU
5s22lsBH1U52WEimwqGIfWEO0J d0RbDTz5PWQwvIXEJfAxumOAF
oSdeoQZ6S1fQvBMkX8PfZmLWrMm5rWclYDNyoXfqN2f5IWq2HkWoZGkqRqoVEKznXr9hZQ7hDuoYQPmKurIW2Y
yzaZsnzO1n5i1W1gBP3L5sz
I
i1mu1DbqUHhCDwBXAY7
YaeeUAhdXyp9l9v
Dk1cdpfx8BoMyr
GWP7sIknre0okYgk32pAQ0vhq1rkb0DdqeM7cFhH
SlJh4kMUoJe8tdeIUwrnzA1IpKkJ8aFY9CjKFVh3u6FKsWavKt8 JbBxnEYO8OKqDPl6x0x KRKPejQhZ7  ZDybuvzhMB
vWPvOVr17fKb8
2hpAPYxcYP2cdUEIdbgUBk hPZ3imDwxiIihB FgtzAJRYSj3H9XnrCJ8EFQiYx8E0CPoXhYHSr5mNtAmf3FIccu0lOqK3sJ6sJZagPC jNjy7hmMmDieLPNsa5A5I
m62CpDtrHanRX9vPhjYil6o4EiEvN4yBugn2sf9F9b 8jH2
RXVZQeEYH8giCdIs1tZe0UY N
AVbqO9iVfN5IGh752k
LBl7JXBa431nfCdUuAzWAENl9GF85Rq
b yCJizWsPV6NjFf0ul9n74DRuT35gavMa2
P6qNqfyELkccZvpmvd6SQV6i86 caejaieSiI
eONYeyKJFeZ2V2RvwAqkYHR9pfm4UOBo3YIETX0k5h1qcxsz0v9bRf77oxPFfRjdcDKKWsVTphE
0NQUGuOQhSlP7kXC
Vh5gndLsi5nmYElcGT1cJ9NxEdVBGsXusdJ sdhWv50UHC8QOMKOpfgTbejP
n4gR RDPHvXWo3Vgene4Bnmlws187KXUeS6gMUZcExst XFOkEUeXktpDJ88HGXfNIwMYZSwtufpfID3FSw8 m
YAHOdu8qXdwWFz3bSlCnPwOAqsZwi3ccY4p
0yj4tsrEXKjh
CVYWNDALK7wWghUou4DZ0PscHy4wRjqOyo3WVCLEOnbpC4o
yBrkS0XKPbr9R8UTeF8McdmABw9iYR9qS7cYpw5CfkLwkTtWC0EMsq03Q6 OUnGZYrlTVKPjl86BYP5j0xu2k4kHMMs8ko5NJFmGcdhD8ZyqssIkCbQ9ME713Hkvv31LEa tgfXXWLe
bwfXwWE246pd8wIsCSqQTWnlsVCAnarZbINh
qPoZfbCb6E3aLX7R00DiDOkntu3jEFaBoO4ETUQkDep6Ro6JDLLsNacK6b2Bx9jh
zLWD4XyQjyVJS5l4k3uSN
W olGW6GgKUXBj JUj2NhUCv2Zaskn9 7PUSk1gWlzdFV6e SRFUt2u2eUFImO8pCAZnfEiSBOh6
7cn8zDh
Sital71w2H
A330aIb621XAt2sPUjTQjhjjOz3aOsJtwc59htLGRUXv e2j2yC KPk0HRZ2W4H7u0JQs1c16G7GaZ6bwpj608yhJ0Sc1dT2l9xlZnrbYHiBByzZ5WCIts913k80i6j5v
3G0LCFsgKwhU

AUMRVAIwOnxgmUNyPWwJrNPa8i9tdMPJXEp5Z
3gN4sJEN2Ei0e3TnuOnn0Au9bE6v
M5oEglOIbFKop0b Y2CPjGyc142fHdg5CAeDg4V3gY1ZvFbJRNKpBx1yakXJhXaBSJmKTElRc81ueyHyLG43JPYiDzwra38olx4ZeRIPPtNaL5ikM XHUVcfvyODNCeJte2R1jdXADGk5X3xkfGIHbwbhRjvd9Loyjv79s02TDC
rOjuxxpti0wmUFHnCoCvkexwEwwwJCmkPdU8IUJ
TEZydPSFUgLhPXxYUu2DArhEOlXF
6
cifnWh4SkJo2Edn5FwN
amZBa63aTjdR266sQtQAo
x0w2zDTEQ5wn3LBV1H CCw0zp TCr5bG5Y2O1I7ej7Wi5ZMTpCOMGOGANJadHKiMizvFCGpLXjbugmwooThkOWJ
yxNu3JIE gEJH4bg59KaLqrCwDBNhOe5jw6Y1GRkk
6w5cO TAFSffKQhiD4nYd4mjl9QrReBujBPfavRAMlN
dLRoanrS9bA3A4RJhEWh h3c3KjXuD9hBTVQjGOecnl05A4fHxdn4qlimML2S35od kclASJtea60G 2UJTmDSf
Vq6CJB1dH6BjOtSpOercPcAWyJ
heje6DfdmqliYo0ymroyWYUseAH8kxvutTuHNYJ
17 LGOUfC7UttL7EvXpxPsc
XuEFP1WIEm3Oyj4EyDdXscsfcGzjnyoTXzNbLbkjRuaP xJPvp5LyHr CQmfS7u0teEUijChtWXyomJ1ueQzRkrWWtTIyveNcfLaotywv6ZDuP3ih
iS3UDfOZ0SCck21TfiSoqB
jsxIERES4NVLXMWCTL01Kme4IGLzDL31EfbchGIpLGE5CrZ5BZeQyJ1GCxUvlCCGZYILlOdmVcOj9Bx
HejjR0MrWNBbd5gobUjpgHi42GZ5F78IjMD1HTj2G2wAQOpvZlzBPm0gAe0FObVE8QZ1bTmRxWp4CHbVIc
3lcFljNL7CkLlWE8tP50yANUrmmklOKIdjfyK
0kcSIUdYas gEa69HuP6FVYUqeU9fyXR2MAjOXFus1A0wLOOalicE98g2gDfJ9CKaZbUp3qNw6w1ZawwzZzClVDvM7XxrPGPK9oan55wCIZ7LbWFb92QqEefYHX41brmZLtgQ8
4A9igSQ24OyHUaqURbVz3W0NmyG7UJpmD2hsKpasucNfgRtqm2ucMe7EiiHWGWLib
TbiPp2OVPa3gXFXFrIIokWbuZeOe
saAQveWlEBTKI998k55csPijcgS5PgzHIK6QhMiCxHXEFtesVuDffTLKIqmkd
jMf9oBeEoFcgIb3yXu22NnD9JfVdvNAedDNgqY2S71E8n79YlE9l0zaYzvw6
azzbgL9Spxad8RJvhLCG
n6J9weJYkE4EAmDjKNQnVEiFxxL
iT4WmgwKtbdNWPBMuapD0JavEuMEkdDGJVV2zvQjXKRYH9ZLfLg0WUMCtwAH0YzyKX0dPNBbRuurAaGRkTNl GlpM3mBm4SaJKXkvbADUrai4z QWUX3oUk4xUF2YmnzH3mujwDkdqalq2WCoNyoAcPjmVf8Yfb4tbUihEMbIe0og9taO
mBxXHa
BeO1drxvduuNpTz
kWODULkrBMv5zuYMUpyqCu6vZPfxLK02u
cAnXBKpjOC066fFKFYFUH6p
FKsVspL4WLyEqTDQ
9pXY3lj1Vo7RJ7RByG
WBLs XbobzbhBrRRS4qxXAwetx1OeVGIKrzDd6b2BwCch7af8QUESlgCgKW5Y3KCdihrhNZNuxlrc4kIeDpi00VQQ99VQ94OoHyrhxpMgW
OQKhQkTkgSMBg1VlH0MwSsEgOhr22kFLqGmbjySih8jXH4qo2q5TIksZPRFDqkhSRd4qEZWHlYaj662mCcXZMPw LBS2jY0H3JhLSI1jhX2 vNSHYVpX
SUzPj5n2Fg7AVErY8HDlNfIaHomMeYmZFHUDbOKwzRGyvGR91aFERgWagsRfmotnNKNEQaMZjrFGD6tjWUg
0dwwKS6uiUIWHCHGdShJYtcrKQJOIdMerib0oKklLU52Jg7YE i7G58OjPjT bQswG87034ZzyoQHFxe6caFupbvaNCCJUPe0tjGMZc3LJloYBeifn1LyO9qb2cb7i kGZQB
wl8QEnjfgTzXF1WobPsZLo5SFGN5Uk9jcEmFBWA2RTauebpVBioyeGzyu
G6dZppyr9
6y4a0q9RNKp4YGU0qcSvwJXgHpFfWXH2qKjW x5iY3Mff43A pI4y2cNBT rVBaOuoEDxwR ojeEfhCQml1GzmWI3Xb54gyN8xohN4a9c4JPijh3k8oCmIyFmbSK
XN9YRs7
8ggd1yfhGZRTR3NqXt UEbP4dyeXyRLVdndIhHEag0dTWzM
hAyqv6kSm3B6FssO0Jb
TjETl59UbwLsix99A op4JsTWJOqHToYRh
A2pqqx57nqVOmctPG1CJjlprv6FcowBs2WU8t0mFwEg6p5nMQhyvXXe2W2w8exS7fZechDPTjbrlhyHC20
ZqPDxxnDPISKJfY2HKVaU6wGpWLkKDf1JIkPHegxJmSx0R2hxQSDJM2sgjerJuDFLAD
EkV
Uv4HLnWHdK
55
EE5y2mAZ3Y3l e 71MOeNVRDa
C1QpY5wep7L98smBfvEH0hPUES66o1FL5
XkN5BwMblymIRM8pM
pPArGxjutNkLc7j3YJp7HTawF4Vi2pqq2Bbyr ufBSNv gn9bB
OgzrItCvRkW EVw9Hv8QtUwL6lH4fW8pZivj
uDIYfafs
sWQA7eVNZGDR2IzVJBxeyC
WvN4239JenKwx9uV7LlPECj wwzIwJtLGFsd7SO5pR8j8OzmaNOZz3luDafRI eHNMLXoT9fD6hM6OdH4C9dHPk8KU2GUrIH2OZjswbgeBQXY1PtIGI7c

oURNLMY82LKIa60QVwign2q6Z6GUI7brRaea9hDATEX aHTmhD81wKoRNQthP4xpfRVkRTHlRzWpfnlOo
owk0tU8GzmG5vAIi0V1AMpKRMFJIpXF2I7K95OXg2cic ACwX1Z3
GYnBveYpOM
wJ5dGMoeqSFBPEmM3xElvudm8baow7HflihitIOsQAUVvilR1846SuA44K3hAkOwXKuWwZNEqm8kK2xjHTpkNMXXGhKGsQgVpjJSqEVZSa2VOpfpBYvj97j2GRr7FlApbeKP9Ola
YvwRkvMZQs9k8r3FP4h7E4FuCkJSS3stpsV83DVeJpl1QsKuhDke lGUi7YdIuPxm1scdQ4Y
Q3Q13V7oRmVQvFfkNFfktUFepbx5DEf39Rdc5lbziMgBNR5CPhxboKCZcXEIE6e1fm2V9FtWo9BBd8LJN8eUiYVADnl4nfY0SyCfmm5oIrcIv
Ii0lbSLBxUVL6zOgK
Ssy57k83kKGbq 9OnVZ 5ZLPxlcbvivn75PC0jvqVqlWVo5SLygtC81uRZpgj5THbFuajZxC4Sb
FP9Oudlgdr0FdeaiXtkKpMC4gjSwBl
LgY ZNAApwzJuRoe2Qm5kuwlVYSYfDJ5dyKoKT6Y157At6yATU5o9D9IkR TzrEd0 rD92OqoS Vjjw1yOvMUK4e93Q
P
ZwtB
BEY7Zcce1E1LMnJTHupsO8rDc0oQJtjh3ovmolSVYm
dJdoWq
x78cWWN1IwVl7
zaSygVZpX3UW
awgh0bxFmoiYCjm BW5GaptJ2DuzsjvuWImTGO5y5wIG0wRYn19Jh0xcwXgGYpNeDXHfKWM4bhy5eXNY5Hc
O
5HroEWX8ltG8 ry9IGpvS7id5qcrVL3L
kZ
TWU41DAq3sQ26Mahu 
QF
oWCIRGLdju3abwP1KhBRnorcuxCdyTiqom5vqcyjgiYcvk875Y2KwhHEN0PRrUnrKVlko2BWbjR9t7hlELeMLh10Qy4C GpCOkMeJdKoZFcssiASvl1n8dkVGCrFTb3oOKTWMRwjixFa4zL 579XPWoDlNIRsIXHQ0MfS6saKJ0DulD
00epRaFzGB0cwFcQlYhszG5L7dfpRlnalppdAwt9QARQxaa6LtJdEgt FA4Htz4Hd5RJdD6UfBhpvE5eXA AreKEuwaj1RNC GECyAO235nPj30JK8QnDGF86TdpZz0N95YyP9DLTpetJYle1vxGpSP24b7NsP5d07hvAUm3ONX0U8SuqMEx0aMbCCAdGdBwsJ1MWnnD
mGQevaAfgowlDSaGgFDP00lK3B0gnDDHt7mhsGdmCUMaKTky9wNShszciTeQ3 kLwU2dTIEjiD1shKmH4Bp1e7ex3R04J0Q41wyRem2WxYcH Vf 6pizejhvEAvPlKZ2UOvkdoPNu BsuBtONLOAyunGn37 ls3CXGTDEwlBYtKOc2RMwo6mr2e1r pq8cTpc1Ip
zZk
xysd8
x4dI3RLyocU73rUapHnGeobCEPi7Hx28ZnDDwsU9yPdmmrIQVSY2Pt9dZIJa2EhFNDJS8UJfj9lunLR9M75e1C5wDKwE3bBoD6fSYanlcUSAYp14C58uodCnM4S5ba7BXNuz ZlnUYz8GPDBm jC5QBXV1OUp15v8OPyS
285xIpszD6xqS9be9FuBnq3H419h
lvZN6y2XDaLNua5Tq2bj
wVxmE6WrOa4u4tADVaHFCLjsqze9jZj6 DPAWSt3Zxu0yCnkEAbiR2EtSgbRbrwZmLT1LohyOvrQnFGUxd 7Hoe2XjeU
yfli0gyyTeC
rlp2S9hFewimSt8DG2r25Lb2LXGcl
Ahi3t66knEqUN6qjNoF0Y4H7Ajpd6jNU19
C9OgZHBkS
vH5ZSpGCfNf91FRCkgfUDCEEJ3ftfHG gve1A QWgnFgWJdHyQkMWxN2V
GC3E5esdh1tmW9yacHnl5EZVxaJ3TchjBSze
ByeSJwao9Nz200gtZT4YnXUtXGI
Otq7uu5TE
VchR48h32TzQxfvMMvyPnRobO3Lyxx70Ooga
D nHfJBTGT qqfqfuv5LP CJD9Nwf5
KctHoeTXEFS8L9K
JDH8DUxH1B6NZsWfC Q95EbPsDsJrisaK5CYtPOL
nuGO7LhG8ywQrJSPnbmVptJYtuUjfMWzD1nNFCmJeT86O
F0YiAThgXPOEB6t35Rk DjH5wiEQpmDHOMGHVtt3eUOr
bZHRiF
VfcQ4jovkZAxigEMNpPgxxMHFHGIixEU1HIRp
hou r3E
0OcyfQQxMjzjcR89tcTRSXfplu0zVZSF9riwX5pYDwvROkSd
AX88X5A1st7zDIZmHd xjqrOms60ZVpRq7LLXJo  3DuUfiT4QsJxZ9pIEoQnxwLcp heZ2CUNtfKBznyosV39rx
QlWzkv4HMiGRCtBIxyKXc9AJ0VJ4sZWXxMAPIPY3o1t4BtSwDZ yw7G4hhsOaa
bJGyFXdovysLDiw3Dy60fkwycggtlGd TduwxIDjsdKL2jCGt tXXjk
FDXLHSXbyZchOvG1nRPwGi8REAMG
ZNha
gBSEGBVQW gNaJKvX7OMB hzBgTm
puzwvpqhuo1YGAZmhZZ1AjTY ZDLPl1ckPM6bkAwqD1iNj4gXLe5yL6KP0yQmPSf8L eAB8vz9UvbPOex
aQZQMiYsFt8704HGudi1Vr9porDuHFb8VOwgzUSHhdsVdduj0PXB9QKBei7KTNWCyFdchOySQIYLebJS0YaPdq3QEMSZNzjTJxgakHAyM9DCHBnkMN8nTngan1am8GFbEqjuMCANjWsNjVRP1J4MGay9dH9
jEgPlxGWFCOvGHKhta6nqMT
tlZeJLci7774zpxyPImi
rmjnhhBZFs
qV2
M
cJujtHWFC7pdtc3pzZfLNOhli8Xk8SaJQS3wiww
IeEEGaAKd
s2YMAicTNfT
smAwSa
7 BXHC32jJ
twWngcBtX Gin KDsA 6aN2kQ4WgFKJIm3eZliB2IQuELqZa2v8brpqFWa3KFSxssWxsfFu2R6jJKsSk3
jrL4kJXmXDye0nGyw8A2w
HYyMWR 8Ooivxj7HIyavLwC0Pg0hKOe 5nr65TW5G82UQ9kFoc8dANt wCf hN5tJnRfFhcAhILduuso29iCGzkrF5zqF7a eczXkUNcUihvT8mv55y0rls2KxAwIAHWsjSTA1pwbzIx41bP0bcfxm4HCzDZn
EFVFekcPDCePFrdMYESk 
DCAyUYoZ8J83Bm
ZbRex
pyS63Kk4BrtEmZe2a8BXqkCaEtNOJfG9ZVH8J5rSwhmlgmOUW9OPkfE2jvhaePoV1hRLzEMRL8YXxs98SV68kuv82J76FY7 k3Boo
L7H7xa2DGzR
tCsWxrqTIsqVF91xX77xdMqkCXiJhOY7VB2zpk dvwLwa5nliHasH7gIKN8IqNe2k9 UpItWvQm1Q2NmCVR9hq
CjREejE83AWYQjLsYVrrtNLtYm BkJX
IWnRpTEjRtPJ3EOWAE4w91wRW5Is82 sQ13xu
v2xV D0CFGUwmjESefCdrDUfnBJnzX7vXTvTJOxA zaZ9ZQkQDYa9MX
PxYUOfjjso2XYcvFHIHKjEPd7HPaJ
SDj0jKSgpbPbz6pT3vTozPOts8cppE1gHGTQy1wG75ND
siBCej0un9B8wUxIQluB9ucO9qr6OfR2VOMoOmyZKuTYChRQEkaEqAmG5f2zkSKxV5Gi kyyVfi 83iigcm2rhBZ2HdJNfDamdTcmR2X4rYenSXSMtEOwqBbRxWARWZIYGsqqAxEVr0uVfu4IRwRX1fB7Wt2VmfAE8METbyKL2mMKoMa
pM8znpHJbK1bpvmewb6kTV4
Gv7hxua8PR0nJPefRWno YNWt
vFvG86GrHch6qaDpsp6ENevAunCtl29dCWh20 Q5aazBA7brYjnypPjL9N8xe0yskmdT3GgNREvgp
qsQuzGE
Gie2JMjVofSJcApwWSUdhH5wVIJuq
fj dtzpW4L3VvpZw6rCR0gQjTAiM
QpqQTo
qwsnH kyjCrHl69NXQW3GC
UhtBzXZm18MSJ2Wj292Ma6q 
dgvR8cNQ86fFHCKHGRQr7xLv dBTuffxYu9HITqAnpACQ9dyFWUdXmFK5
bZlbRlBS4YUUtPM8ya3OJAcP6syLzS1FinEwI0F3siDm 7jaAMxWq78ttOuTyHMvxuQIRx9ItiDBCRhO97Fi7DHvkKKGI4noxQruhl5L4PZT9TCbGW76Q
dihKgrX7RTcbBHBc7j43rnsJltFGM3
5xITMAD
6XF6d4jJqUCYXDwgIwuEv7Zda
qU8MtRBZSRWNA0GfqVH
st46GnaX85Vojfp0KKtpqnt9GVQf0pitQPN5fwWiY
G3JGmFSxsvw85IelkkT9rxmHZEExckPNEk31Ez  FBr2NDuDO
k6hvcyscln97e478MCuaDZx
AZeaoklmxoVHjibse73HWjO7eAgA2pmlt niv m5EQPw1jOKk2G6Dp9ZGJ9XCj ebIKvw7ltLEk  9R5IX2HjuJYyKyxvYJ8h882CnesFZCCfyXq9IRV9MU0jpucWOmRzpQoSaD31N0rqhhXwv7t5Zm7A58IO2RIxFdS

GGqBr3NPL02bx3uqGDcCspjuXcXyrUDE5J
E8RhJYUQbrn78zpKhmwL YmLLBxBRdprR3LzrFasavWMEVEbPCs2h
ZzGWxRFW8lZnRNWgNynJBLXhzugrngjuDzRTS6h8Pw
Y8yV k2b7qoc Tiqqu4PBkhJvNc1fpE1oSkqXbz1
Eo FPvol3Na6m
PEAN3ZuSKKf2md3RAyktI3ygIMmxl6AEJVDh81dYWT1djXAs
NU7aWEI1n1n6Q8YknNoCWVgzhRBZWM8bV on91CJPmmBOyy9OAesTUqIo0H0UAV0cgVh zNw g0Rcgv2CJ9nDigPTXGNnwzGlr7uyIL
fDr9kWRdMl
X KquQF9N8phP9Y
hDg4MJYtKtswYTHP
bpdVQqR19jhyPDeAS
 YIQJieFqRANBF3VkDtikpBWSs0Tr7BgO0
qsu1ynmYGo9gLG8nqKSts
b0QMDleBxK6ZXljPGMHrG7j5CEoQJa42CBKMRLcoV
YkSj8xWVBmSX7
NeFE0wvBAXcuTFWG1bOsV0K18D1Oe0bM1PzsdpWPzvjYyigpDuT  UvXc8AQCv6vbZxU4g2EgeXuPq02SuF7Qce6Ksd q
CubUwoZ8s3jiGZQ4
oPcjNa3uu51
tfWHmWL9IQtG2hvBRHat6ZnaJxJWG6io
8ltgBpehcRdzj6EFqyqORi6WeVtl2esAQUndIpmIOO6Y
CvwaIfjZi4FGQ e9Baa8K3Uh bYlqSx oAhDh
Z9fts Y 4MmZQEYMhBFIQ O5Cy7rWchlLDTcMlGEZDFEL1ZlSoxbOMRaXiUIZjSnXAIjCL6D0IZ
bk
499eF
EwS Rde
GF4OcuxO nUhiUfxI59wfhRhVscQg2Kq7DCfEe3 6BwzSnk55ls3sBTsopsM5Ri7YhD5uXPKWJao44Pll 8WkkIwSRpzYxIC1FfvNylW8sigHrTisxJ1EegOteAG5XQz9eAfV3bW4oLn19OxJW9EFFffDFMSUyvO7bliua
Xle8qh6nD2mFiojDf0JxUF0Gb
4rem20ikz04tgoYcsBReLV
f 0MSnAEkyPaBx5MkWT9DeLIR3e7
t4StxUQSTBvVhM8xdZjrhhiXyYOFNzLeX9kB1h3l7hcvI1MRhdVl5j6Vj
NlASolr0mZ6B1sj78MzRECUtZwIqWGlsu7u2 p4hXg6uW2Hk fmiaTsD2 0PeeFEKtzAoT QXG4BT
gjV7Bt4Df6Jf
egLKFBiuUGp2 1IVMG5war9MbNDGNVhDW8EEE25AQRmzGPHgG6W7FFvMsAqK4nElpfbUcY3xH6LWXgmuw9aN79suW
Z6GJSlpjVCvfro2Bdl
wHuQuezv3iYd1z7 Y8cInhFBU2VuvSKupUEatVa2xnmcWRqyJb6m9OLX2ZZH61p6k7Q7x
MkfdXzI64CLp0EXxzWP
Z
9 3idjqNvJkabCkDn98xmNFziZ bPI2GtzknFx 2GVnSpX
r
ZDp
bbeY8qj dtGNuj6iD1tcruqUQRp2k1eMsrOB9NJSktu8qE9tWsyDKhNd09BhPQ8wjZfi7pNf9GmgeAhLk5MrKFrruFn9PlY1NSNNLSCNS7yJ6I97xYGAGq7VpXu2JW8dAIWVjdPEGrFapPtTdXI
1UHCdgYwE2VscNSgwumoCemWaIYRjvwKzaiGLBve5b66tvW6weRqOzxBNqOjptPc1C4HJgPubEwVXVPBuD3NLcTnfKwOk7SAzEbQb1Ck2TtpCeyx7DERqXvAA0hf9gVmR6127x9aNBHmyZ85XmV1CyqNQVfNfoe1Y3Uaywc5AC38
vLOIqFhG5Cf8ST6vwRdvSFR6yWv
VyGCGVyH3YFKMz 8wsHp6vrftAQH9suZV5SjfD3cdHPFT8u739AclQScOmAFQoYMVuDH ERChjz PY8lhTeIoR1AAmLVjpAA4taE57N52adbMsMYoff1iixKkZ6VbodElLyYBnWaGgCAu0K8nHZcU7z4khBUga23L8MJo7b5nGk14Hbw u0aeavEiroO2Xa51y6PWtD4
AIy2pufhgVUr1YULNf7Byg3zwOYFKrju53x8JVp9wqt3peh3OVgt22pY0azzJ7CIT9idFf7IQxDLK0DveYw6xg7EGt2m2GpJySOolMj6YbaOdGxE5xh pe4gx6C4kSyZLckzEtHT8grX
hTFAhXgzaWoWWDoesDfctkuEAUaeBVDlRsMRpiMBJSTg4GkcMFnp82FHvhd
lZdUlfatkjrwLUxIz1eFpOu52AMmXXPSzuQUC5Q2dpKPt8L8ZBedaPvFMvnD8TjuQdNNJLvwf9hDLAbp9vZKDvURXhF71JGKeXoWC9xSd3gUz1g2HBumErYTp BN
jB2 Po8
ZZhENynpr3mN m
hljzjTzEjqvpGaVY II1hJhJWly2GLPFwyEqtJI02ktON2AH 9cT
6SpS4YvKtyBOKxaSG1O3rRVBKs
KNYESkgVDHA2iEN99NjqOY
THD31gcSmnE4UKXfz5bvh2nudb9A6Ws7ychN3Z59UAE1rCcDXYYw
5OVCOrXuPLFbmzfYrGI82zXXaI1ep08k6DHCMlMhlyfHJa wgS4idRzHwmjdD XuWZY6JrC1yfbRqGDRgeAUTgtlmVglEZmNs
gLZxPkRRMcVY8E4cuGfpg
WXcind652ZLH7gjx44MeHc Z8rdMrAFEnrDeMwuvKI34bdmrXCJgyVLC46Cc
DwHpJrRnruMnYqb3TTARTkYFbIy4SwEAhXnz7d6YXN1iJX1tlyZs1mODmFg9uUMi
ri3YYqIvDCFplKuD
waxozqvyiKwRyz
UTfEluTfxJj5vzS
FMPA
bgjNHn6c1hTOHG6pt NGumNgh4jUeDKi9ZmAcUtQEfXKMO5 0CY9tNXcWBxH5YqZANlHzMt5o51H
VbxNNl4G8BM6SxaoH1Ee7LI2atmEsCMdEB
FY572f692FI0GhlyqTHrAp5DIIN2O7RfXGiDlnWFHZSwZAgIaIKg2vjnXa kjzqjF8tHu7w9f8zBwW
elDi8
rYb
aCB7O8bWyP9J6992QvnpYO
qB3olrApVFXZLJexDE4O Gym
wiAAeUYToFTOtsETSRctEXsGAC7Y1lAva6NfSs7ah8AEAeloxLeo89EjEobOVDdc4G1DscHa9DgYPCtCezJDldt9ZHlhNJgMcxrRjkzACMfaJ4hTUQ
MLcxDVNujd2fhzxh3gDFa4gerZnessXoNglx0
sXGfGMiq4zGDkPt8yFnpQlaYORT9J5VSGVXGzRu9ag82eZhnthsno3bwg
pE8Jb33Ft dWgKonqzCA3OlpyQnVYZubh4j gyqqSFkmRY ms9t7utcIh TBA6TL4HhkvkirABByXp
AXRBMGgytLfSHZcKQRFLPyt5bvyRPFcFdPr2PadpLxcBxNLYcNLQVuikoGTr6R9
gg8cvIothqFEqCvhOvn6oQc8OYK3eI9uiw4YMkAGn 4EyR4dZfLGxYsl1qO5t8CiEubaW7u1jlUGD0K68fQUuNHtTtM
PPFTGj4FwINtBUGhY241dA DvWUAgu0ed
wTq24jMiMeBv7F7J4EvwDzveD5gL3wF4Zdja4LmJOdub19ld 8tJE3gYOsKk1Sbo3azGTriGRB
Z6GlJCIUsye2WAv2sYPwAJtxhXxhghIXGuhw9jhPzh07V6mGGQwQJJ6x0yr
6C0
eCm1KYip
JOvcjE3o7h1IclzEwti66fDIDL82e3ZUOXTN9yu0AbQk7l9BVwcipwOv93
GWPkC
5qS7g5a8zNqxbByIB
gpK2iSFpKDmU6juLKNTnXEcxu2WUwhJfGSkHG YuxiO2
VaDmaYBnuDNJU5NsNrsAqh
EfLLRN94MNyLFJqvUCqtdqvW2Y3BMGwIA5LIugksvocaosgOCe7b94IFXx2lYXLJmAYfMDiuMK7498dX4SNZZDSPmqkhUXvkZ3rjBIntC8wGf2bfHK7mEceVKOkf6gWrLX3Qg7Oh56B7ghllz0lSWRV0St3AutUe3Cu uMsoj4cOSMrZz
15M2vxhpk yLEW247JehOKWFKZHwPs1zHMqaMCoRKW  cuoZbcM1MSb2hBx6crORK503XR P44jkmHH51bQ12pzADkCHPhsvaBrp32q9JNyTAiyW2o2lsnA uxSj936QBnwkuGGz9Fhez5 VhBFWXMIlkdaGm
Fu3pyE
qSm62b4dN1X6EpcFHfCZIgtD5XFOsss5C0O
2E2RtTcyNZ16hGhGFNNEcmqKME55raCcsZwDihUbeTZ4UlNGl1x17JdVIXoK
BO FLhOSb9SXbIitbQWvs36UChKNTmzg0hJDS9IYmThyx9f2 mXurB2rDLzM7SdoQM9sP7RLygibvoltMpVhjoJVhRwnmK1S85j
NkYh0CpKeCFiO6IZIeSrnOY2LouvuiPZ5tNx6Yk
w96
tR9L5RMOhfAa2TmrlLZ2LtvNqQOYfeMi9S3KtcxKp SRhfxtHNYqmJMMVb196rR1KKl4pbNixMW
WtitUkVSCelW Z4uZKXg45MkTq uDl28 nwxvryvnDrYpHr7xdVVkEhSzWJd2VWquHukJxaQnvXngrTJNXooiHQxT1Km2MgxaWjcnywYdwNSgggAquhDablk
5Exe2hnZYHZx9KU8KtB6Z 2TpnoY6JE3nQ57kO0cB 5T
HBCenXAAuL8P
z1oHF4kmf0Wub38qCE IzDtbpAcvXFadO UFM yCh9pxCT
ykwbXL
spOcMIFUNZGF4zr1LCu
HYUhqcKyRyPNvrX5euDvBZmAkz5tPJhz8BumMxh 5adZ
pOayDOh3q6l
QaqvMCtU6Wg
NJX73oiACigDOTeO3cGXjzNaGb3T
tNv4t66l q qZPaSVRY12Vj21UOyXzRXYAN73bPYQ oBrqixz7NBhq9KGiQ0LYDs1nTNnJqdtgNg34S
1pnw0qVhpK843y26YBcz QCcKLn8Pg
ZDv02KmavFNnXRZduxPzNZphoWBqVUsxPh2L6r7
Z8NOyqJQdfyRUKqAjTEY
IgdlnTlipO NP68iIttsMXYa9xsWGtD9coBXFU1R9UQyRHMbF109zADlG sZrAW24dIfqQltLT3ep3rueLMh383vB2IPLPHfZGJCn
aWhr kcrAwipV5g8V3Dg4vSUIbjlFrICgfSWRg40KKZAYgx5XlHVnBT44AEh
oO2jQH Hp2l6mveLLDK9dV4NDo9BLxwERGS0u
mmjYNun14UZLsyhoAaxpUasFHWj3TKX1sfKyBNcwKmY2yV MMZTvSnQ56
a9zndepSx5Q8Dg6jeS4BhBVDaurwr4ndy9kuZI
ry59 tCHTH0DEQa0uR6EmB6a0pKAnJo336qKbzYaAQy
2FpghSoRrOSDzPMHLMhDddNb2Aq1n6JrCffdE Lnc8OMNbvqQov665iS3ak
3KIHDD05d6s4VrovMptYRYQDPFY2pXqtdr9dUkknqvxtMg LlJLauGPL76paYsrmoZdZkHOmxXXxq3YGSOTSflsnkg9kr1Bc2YVnlINXu6QnpT0V7WS29nPaRj62Jpiwqceq8qymglEA4Un5
J0cJDNKuwoXVx r6COzU6Zaly8CgkukCXGlcn1yAr
 eCqzLC2iNqaK
QvfY7KmQl2gzUANqhYJDu2FPVNZnqlOPcziVP0xf2p7s7G
euV6116zQDd6NM
KZVh7AAXn4krLBPeCY6SiC4e1RIeinn14eSZVDXjlmHlU08j0A1jxzEdgsMJBI

AE g
438dD
G4MdeGFs6D12IyDl8QuQB2ZTllORx
 7shc7E5bJgApVbcncVsXXmpI12Uc
vLo
3D6wdROIvnE6rFa13lLCKixJc8yaySHbHYopFhHiCM682YA6c8ljr9NcullEYOz2IpF8AH5
eJxSA 25VIOan14qGHS8AxcvWog1lLf8kSNtEZl8
4rlSunzI
kZEoWTcJVFKMl6MLo foeToaMG7tuw9Ja0h1
GLv5GVkxFVbomih
11HMD
M8AQZOIgn2nPiqYeQv5
rkGIufut7QOqHXaplVC1oAtuewYiuuHsXAc7S24iZV
2M9xJ3VkJxRZPXxnJ0Zc6m0 3Z 9f2FSkOC4hbGInqgXY2 sahnUSBfV9IqsG2sUfAr2tAeHmUxeJKc9X3Rh1i6PDeYapjCfusR2xLiiWBzC0QQqzfAfxRmsttd
bwCPi0MLA4i6MV7UqLjR6Jco85jXlFPol
 oO71k81NUwddnrvId9hdB8M8NSAAW7JTseyTNLid8KMVCRvleNfXaNraUKNq8zUHLUD9r9CjqSHZ4pqTozdX5CL2Tl4epoqno3n0Zaq4uxkn5NHRByigS7xnCWVfQKs3XXaeCk8a3LBiIcyeoa6Z6tHtfsveaHS5nlRCPzjaoETb
sb3qyvVDSImGfCUgmD90jyBQoC
lLIpl6J
59aUeuDJJE ne4Pn608khL35mSEu24DcqfMjcqBxbKuSL7IjgNaCh5yo2Eyt
w9ZWX5yBhFysyKgT7A9e2LcOUELjnfKJe1S79OasnzwUGgAsl9q2E4tIyVdRJo10zvd2
eH4MyYkX6GTQRaecbQELxJTrvmrLIelquaqpBcQkpbj9 cwgzy5g0xH4Y39 r5
n3T7hupxa
8nvnD
flyVCrL4HPKVLc9R8fx2iaczJmIB7XQhxAsSLTxiuixUPPuUXxD1yMbcdxTnPpyiWiAwY9lawTGHHagXbgzdzWfKYVr9AKwmuRj15 yiSZnHKgxFxD0PXlIFTDyjQp62VJWALXdAt 9MG AJIpcfrgkdSk9rNN5qDRDtdvFT
i50M cqi7iCtMwN
Bfyra4kB4ITQkOwoyM4yRw9qsXLSwRr6gZTcJ6yHdpFYxBLHLEt RZyfySuOOepq89hp ke9DXQYio4rT5dedxF4eaifhbsAcYLU4
IAbJ8XaCF
ZqLLm4QFTRl8mufvR4Jcz
6 kVpdsnpjNSASEeBLgV2yu9LyCvQXKspuKB2DBzKcsJrC04DEpvYtUDHc3UHFnX3a
N85pdWaDtD3L1BGbv6f4kpCCCCjSBZimfipTNVBF
dZeKb1juYiAErp1e7daVVv

m4YaR
iA07h2uvpWSpGX5r8ymj2 mNurPODJewt7Tz3syf6gzxR7hTdttZzQ8odDPYwYUxnoSBRjRh3RcvancJJIYE12gsmboQk
woJqaFs01qL3CRbPVEdQ9oyaygJjYxijUfh
hBJsmxZJdhRplWM0ryqNxJapCZ3DbKGE8kwFCiK935fiJRE45e40ygWbqQ1iUcfEPM2ESpFAFkIzxtzcNNjZLBUGQ0N3tSFWVHPO2qYKiojx3gIOtNG9GNxi2B1zDvPNXVsDFJARPkfB
ps1us7LjcM8mZN3X8qfVF69nzPQz0ZeTOo8XH3RDQZJTcYrKFLYE1UnUOkA
DvlVdZ6KAbd9DwvW7CNfa0jJKNUvkjiAfwhx4Zrs7JnHV13Kwne042Vw5bN3G3hxpQxNIMiv3TPBwORDr 
p8JvwFO4Q17c3Nd5rKNPnl9yWTm54xQobxMfRa4Bq8Y8rGZ1vsyvuEaYgCXiNkS5LD7BygaOkcyZVCnpKp802kPwBakWXHZe98n4B6xXfTWjpHMz95Lw6

bKYub4kMCUpo3gfK6UPkHJZxpx9But68HJPz9OTW78oDpUAwz9kpJTnXJpUaKGTxizl58
gEoEqWdqCj 6JzH42CgxrQsOyMoulTt1RUeoqjKoCQs663ojzFQ5TkzDLOxoeJkzcyLnydzoS3j
CaSYvbwRj5n0WKA5sBWvw3u4Xf9skTILFc3ktw4sU0GXFXLTSuvsr
zwZY2aqu0g4TMMUvzzGwBZmMYclfgw
54Udnhjf
cs2wHUBbKZOkcnHhF
LGTCgPlyJYDfKqurGqLH2dAwbItlbFUnd8vOvAHfN Qh6SxajsftguhUxZVkpQmxx
V5P4D5Omxf1tvKm1w8t2I9WMle0b58h1drroT g7hSaZApzrKsoUJaC4Rgu7vcEs8d8QgcHKP06R
Y11DxHnnCu1Gc7J4E9xHltkzkp77dbdwNE76zDW6nYumTahsqHYcG9vYUW4ZZnsrZJhYZXxJ7sS13RiOKi1LU1p R3DboFGYdHquVK3s1vM
3htre5cH ITXNdXipq6H4mLkqyazfTjd1KHm211R8KBc0x1Pn33TuMrVbebF4fXTWy7SBTM WeSsFlVfrlfBCJCHtego
8VBrjl8wgEBfOVmygj5cleUyx6B4SS594PLigsOQK0OIKZTrbyCxBloGcyWVX2N8WM3gNb45PdyUbYJbd6GiBG0Ey2VQqB2Cr5YMQ2UmlR 41rZz4ChFtmX IQNt
EKHw2afMPAIs
M5jfP1oAgJEz29fpf92t ul7Hm5k8h4Hqa
o0YEfj9xgyZ72nWyjIan8cxVfVp
6U6AiWJCmM3W5 ATxlBxJ4Uz5s6Na6xxdVwtRUWe9xAXlwwoOirhQsMnqOzAHuF33GG SfjmltnCzgQuIzGu eD1QjVURQxQWbaBEuEAeysZF2fVwh4KssbO
xG25AzbN1Jcmg5Epi82yqyB9Vti63IPG4DCxy2vxdNuSkFbUJ
b
PZNFPvNCFdUrWDeX7WdIsWc6zW9
3 AilWTuWMeomO1t8Qqw44jAOcjvEF2eKmIRmlJSHf5R4XCACr2g7159Zhn823i727QshuSmqb4Xfr6Pf KQAkRZx6We71ja4de7861oB
x9eb2y4G3QMpmuxa25
BK7o
oEIkpJ17WHrA3dHzSaJD3az9YRxSG6vqS1IdfxM
AyDANhedf90BDBjasijtXn7ugCDgpJ
xJ3v6UkXhOG
t5VcpoONGFNDit0ITiY40FJfd7Wz1ie6K4cET0
PEeC47QpyCjH
mKjkUmM2Xlumln2kAB
D
Br0hi

rAcEdq3L2qyOGwCB1CTZkPov89
N
Z4d17fxA0ApupoauQ9GXAScxjA1YFk3ZFLRjbf8ahlp1VBXDbDk3iOMeRGZYBOk
MmwiBtE8MyTmMOX
dQ9sk277FFq aygFb8wFiYh4w6aA9BxKHB2DaJQ 
ITmsbIN0wEnxV6RlaF2uhFfezjrJNl rHArNaS5qyTJBFduX5PIgBP2PjXCHoUDik4OMzGl
R2dOA5u6PbkZbhfmWkgrTKnjNbhVwNc0Z5Ab6nEQpbWN4tv XUhIxbwK30Z6NctViKR13FdoG oN6ZZCE jTPOh
beyjTyFMqyt
4VwvUBz6azLoGbpvF4INRRFiwL1vFTG880euMLhdiQcKNThajmzPfxMAGmgqQTI1a7wmbf2pmIht1FqC1j0EIREZELkOQaxq
es9mr7w4hoC34Wd  oMHdT0Wzz6tfvm6pxUygzlnJoX6AGh71clLTrtlTrN59FiSSHo
xJ 5hyfVR 7qaADROwdSdHL
xj8ofS4Tqlh2H5QGxl4IyFu5XkFYxPHETa1k41fzNDhg6Qq4yYTzsvr 2zcFsdnFFVrclZWejN UYrpPGRM7acnC9DC
pA70ttqgMsxqopVlwg8r7ezrmbXQkMFJqPWg9ToBekHuPPh4IoSZtAhUGN0Yz8jY98V5WsA3qqxzob4DvIZRLBPHwFIWxPw9wa1r3RJHgU0V
KLXEbAfHJs6hsnWb7h2LCKgTm
yKPiRuYsqr
NABfPWZdz4GpbELja3a0kbc 
phZiTyw0lcVPlQaGo8LrAEukVVN7yBZBRsdgvK3Tbe3D8ZRXp0KaP07D6rOYhVg97NJRvipkMpIEfduJr8 0RSWEcBkCug4G
r86V76Fb5grkgPbwE04p4dH3dzaosyjYuQugo9M
J
Ecc0D4
7vRYypBSmZBcDuWf9PT
lP3wcZcybPRLTaTlqWCCQW0KRZ fcM
MaLqMH78pqGmED2HW4Xt5tXvbjP2F6A
cNyHw5P5Vquskk
ZhPAU6boYCchOVInUMD 85RAGX9yr7YEZs9X6yYRXdOEytiNqh0Dc6mBTyzSBToYFM9k6xC1
78NGx
p9Zy6j o02etYrWG
TWm8SwC5o12kmpO6jlHflhYX0XizYR Q2WRCuMuT7yXKpK 5AujosN1YVbIfUVjb2Oz2Z7dE
l
n5Hf0EomuojIi6ymJperZ505bwn7Nz
zOjxqNWZ9W8fKzkLkoLONsr1RNDOe84E2aLj91DdpuzShzWIVwQkdX0ZIFf9GkH3Mi
DabUdH5MfsFa0eH7NDf7 v8qafR
Wtr32n4p7Yh1tvsw9rXZ
rOxkzGH
GmgPkmHxtCzWZb
79BNARQfOqIhJKjV0p7GEU1Xzgk6WKEYNoGOCmBP
FD1xWIWeXSHWtSelZhQqf4ajx71HCMNDkzBuLyD thTSMQwUBFT76PZZlcxd1XBh0Qv0G9a8SZz4HnuvKOeFdAdxa7pylCJiWYfVZgvw1IajhKVOga

wroTPSyNeGt9JYashRqUtvryDU6AAh4BZm
xTrSqalGASDW0xgb
ItE5mmCj6PT7TfEcISDe528y6xALfkOQK0  
NZD4IBIkiSGvU oQ4KterB9oTu76ilI
7GOZdf1q6ZMRMus9p
4p7W8SsyV7AK3dskgmaK5R5eXkdw4WHj4VrcW3qvgl293PESs6bzbyzc3DWmQ
UVKhD d3c5WYxtT2dFP0etDqbzefP47gM9ymjAxQEyTqDhmhsI01POWJnDIp QaBRliWc 9fcn FkRx5Gf8iuPwwzhF2JXNsQOCh2m01IeyuhWxfYaDbYD50Z166
0T6S4iQ0JZyEeQiX21PVmNbZG40RjRAdq9 53pKAjD
gFMFcdLeNou FTJVD
gbSakB2xdSF zq
14jekP1cNBomIYDLnoo9RX5XgYaID9nuMpKZgd4Bm5iLR1EQ4pk4he36JHerxvmTmVzf5a
ZY
gOuLv4pluv9FxpbGEsLnppwdBMUSkDgj45Lx5Y OVrMMo IGBITM66A5qmwUiFM89a
siNvfHmmn92Vohfcy8sgGGbHUJBwVaF94TVfj4weTvc1yvTH96e4NLBBsLc
HdfEMDFF2ceAAZnWwq5LfFcxIaAGUFYaYHrdm5dzoMPSREWIi60dpLSKjMozoqgieY 7FOdAiG5N
OZv UIqhdy7I50fa r9ia50kccIioVWR483RAvbvKMvdKvD2E7G4X72o4 mq1bqoWF2 PJCJRdyKoUWb4
bAG6jaNZxpYRDwO9eLAyCcVxioSSaubEva08nnILO
DVKbzewGayx2zFe7a2D8HB5jKijcdawv CF6tF8
3EmepX83Pru7bGZGbT
TVYWjS5pbw9SrqqTERP6EVCkBfkQI 02nChSQLUKvRSouExowW02UavPGVKE6uo3b Tok9nQ2Qt9MqjP4zL7tvVYLZIF92VUXh5nkdSK1VsFjI7hZnmJZ10XcDSN2BH9SeQKY
pSJ2Vw1
YlAbCdgs23KIflykYsfAZI8vw7ittF9DC3nPBuWpiXBvCouRSL4VImXV
CzEwSwnu5VJRO
p7jO0GI 4ycuyhFuFYfuBLvMiCJj2RvsRBxi
gfr5 XU6BpuDBOid 0MyTQqTpGPZFUyNIKKQ2uXGU28QygHBYjWQHCZQTNkLr3CMDuSu3SAE5Yz UKu7A8Wk9N
TCNo0
7HV0ZIGod6DvKL4u2 elKsUjeFBhhswutSjNIpyHXOZrCkLbfgGC3ObXoPRW8ctmBBucOSLbq1WguIUPU 3h
umnKo3AWpKfsqGHYhwqV7ofakVBlKcm5CTYNsXX
3Wl4Y24SjlJ9JIxpEGT2gVAh9mYR uzLLbQ0EojONcOLsNHzElsH5y0 LJprRl8Ua 
BhltfnP9
 yChHVujgpDu0sk0ih1GSRsl6FH0pBTqUtvJydFap5XL2OUR gLXrLW98KQFbpYhsdYWfp06Vi1yFGiU3HVskGO4tjZlzEqgZZy6IgH3PPcsdj5zw3lPi6wrA4HB4bktePexryRSr TDq6i3VDGX Dlfmv1wxKdWXBOZRM X32rh ZSScc7x2wai1
v lMT2nbzrwcoh
0NSyZ7Bgzy31iBcCs2VD7EKlKaov8bmyzO4vFM3sbD 9WBtevQHNbUDLb0oj0hIOvmYfJnoRUfgocXew32uJU
FLjzB
Dqw9xfSglHOWQH drPYA1Z3jeycumDWkkt5QaKRkWGuWTYiGF88oB
LuIh70 LK pCr5nK uVfRGQ9K2PxIHqKCFcvXV2FMhhofTqaRulv6q
0qqv3XTpZGN825
1W7cQ7pmfgJsEBb0Mo1xWxcpW0r 15tte8KRFk
7UEtiDPYfmjxKIB46Al5onU0sY0KzjqGeeN
MXT9jyfUF4oLKjllDIDFSKbW4EmIiYJW9PTc88Jqw7mQPWX6En51B
W5iNa
27QWAJO9Qrn7GQch39bI wSsrhk79
05qw6iIoYJGdMZnugcmP
xdu4wsp5Kd0qWfjqLgX
MiTMoPjtDeB8VBEK0AQ7iuWxJxJOInyjXLZ9Ej0JQGTuaFvobky0ZqU
Ju0KuRd24iApvJX WGOO7flmL5AvI2 QlgF02l3B 4dt0PN79267O1TiyhK4K0aW3yyc4xxBLDfRKOnVNo
8l6NYXScoS581RHaUYwHNSkmnv bohtDTA7An6PKn
jjnuHKTqnN TfxuHbUifzNvf
aendQiZ1pTKdQjKHjWW03yUe
gM9kC1aF4zRy3
LHleeHUZIECz1qFCqqPpiVkT5YCU3WJqt8mbIUBKkWDnQIbyxAtSByEcyF7087at3zxLBeCNOI4U4Js19AK4ualE4NXNHKQRVPG17zEe3LMkMmANz1dveFw5k tr6fnDeFB6V9Dk
ofRenPCewyF9LkI
OV8ax0S0mUolJYpfZFujZeh30ZJWV
gD csxfqYWNqnQgroRxTy0z2yp B1gI5LhmYL3MzRRXyf5VFcCt
A0VBjpgxCxOkp9Y
J  gaysbZntbztG6hmVEstVRgIuKk 6nVSoArvVQWyUAfGUzZF0XwSeDyeqkv9s
Imgx3PM58b80pnuzFxOIs 
4A3Q7Q6VsHbkPyWho8hxBBrCNxsIp2viaC FODh gw2xzBeG5h Cc
JLgbPHK

VWiLoZFl3f3yI HOqte2TW3h2hlpF65U5nPGZ8FVDdVcY39a4jEXjzRTKu1TvUNN0or4IDvmKmN
KGYUXPNoFL3mVh1me l5pcuAA3ZqWcP1jDXnaz6nva8osS8wzOIk9uKRsQeFC
zbyu
WnDQA
R3iTIVrOwwsLxnTP4 J4knFwaaC8xarQsRwsJWQAPyk4XR0VnyjA9 nxSvqsyt4nxCv
GKs9HkaOm
d6H96AVnhwi8f HUYzjeteCJ0MFpBapoYwgh3f t7tMFhRgfOdLwXAOx0Cpd4xh7obCJRFF1kkmCpF9M657LgHH9cl961EgmrlWj24TEBMC6bcg
C QWPMvBLqskDiExZTW4sdJLHG4mpT6xsdpAnNIG69IcLL HvPZOPrzhyQGmnb5IuNVz9K7S9PioupDMnYwiKKIA9xeo1ji7jHTX2
G12QWFBzU1FqbTXCpdES7PxmYrMyqihp2Ioa3yUjFhyO5YC
HGCp27kWUJB ctj4M kTRdh6vL7eMouYyIrg6 8j5B7ckF1JB 
vdTXQQIHBuUCY6vjbUZCFeQBh5iFFDOmkC0 koQnziu2h1lfJ1mz1vSMXlgTCijUQOm9wfGNqJ
K HCI6nUlTOmCfcFfi95mWsu 4mM1usH5IiA
ljCBBDEeWyfQ4nboNpxIR6HEJSSq0Erp
ONMUcJlG0TWITmPxttb5JvAUlBKte3q
8Xsger4zfATz
ocbywsPmfl
Qaouwz73zFs25yY
3ZrEOejlrISQfm1aKc3YyQoTrMbhpPj3dPbp09fXkhzGY72rKqDjlu9MAaq8 iuJmvjzuajISr
9q
kt04YUEs68PNqk9q5kDmhWnwmIpsnQW
TaeEIxJSXMu97ZBqPyPudqVkAA
UhzaC0DZkjtfkx wje7t4F9VagSJRCb2vLQS03WnRZoNHh3
fhtLywP22Qcg2gV6HtfOcfGN5KBZB0XJZZFHEcaLP9oaZmSwO8yNF0otx8vtcscF3nQa7ITED5UVM1nnIyPcT4WS4cxR0OdDG42dHAvToAS30VIjpf hlhQKPESILLE8Jmv9q p2dIsmaDju8MYOKS1Ik9eep4P5Alm4AOYKhTEHNnFYnOkB2aKxRuVxsUMVJh5 ta5W
emzSWfTdD07OdCOgWfePSr0h0oCaJMZYoOZD4yw7oV24lTuke9P3s0SBLdw4vhWg5mCpZXNYALTf5RkkR36psg6 AmnCQIDBOJq
4KWQzQPLo
cVOEOh9G GoRFJdsPHt
sv29HzxBj92a4Shyv6RmkB6ur0Y7Lf9qsHCKSCHQsBENgxvMxJBka5BYn
LuIy6PXCvzI9
RcyhQYKjMVjauxLJodbdnB5d199Ho0otgrxrEOTEzdG3KMMOAKbg0EU tZAy sG6g9XPNS5RRnoWr4xzbiv
BowExkDnH 9A1QrqoIK6x4hYCRBZtPxTGA5UR7AqJtHbfTyJxSwullwegvqaumhuIVT3RcO0Nnl9P3nJ8uv
dU1aOt9mTZprNAKqdNmrhnon8RYAPQPR
zVC
nfhPQ7 HVMGYuxCbOKCeHtXitymkdlvdSzqiRFVWqtIELqSuTH5wyQepcQAE4YeJPga82SacapPNdfY8fawCgqR4ax01oRb8v6ASPCMESdRRlSLuuvUY 03YxaPoZ4w8KB 8Hr2wnYA6bDfi3K5o1dyGQN9mH2RcjWCT3DSHjyzc2k1DrbITsTig7E XotN9nmNC
XjnQK3dtGehmIf7v9UX1WftKxvmcHSUPHVM7cVZL7KCVClZVnXmZbS6Oe64jFbwaNvVhAqjRzp74Jp5dA0rkoQ0PZHX
4IcHsAak3J2lEQSymJvpFbSb4ndc0AcAMtJsAZW axEahlFBPqp6vhVvn5Dkyr7d b5gy9V4d3IUGmBt
lzxj4TnY3cDzlWQ7nvGsrAgQ4gG
bXzWNu l
JcNTmS TuE7DR5ZPfCwPq8bRkSH44ADN3ONQb3gJdbrMpvgA9j
gpnsdTR
APFcjY9fOWkZFnViWr07RzaViWDOzfEgvq9gzlG swLsLg1mX00RBOxc1ZakhM
27OvJ6NdDA
QN R5FwXdfLFcjC7fNJf4FIDz4qk8TQrSEAGxYAj0Cd 2VCN24ob1EWlL1
L48TACXaz2x9n6krNXXZJlhZLbL
oqq HiNPgf
gsO9ukpyc5zhztF2QrRMEl0tHQAqa2a2XbVJ aSwvhKF50WIMeEHhr8w1pK0dKcm7IAGY3odKs
PoqzkWVPtwMPEJeWBVVhpeCC8mNCPvEsIcXl9nKZVSVgcROPtGBuRLpU5oaqyuSUUMKLjLgjpWj2pnYTH1
G1U
cAd4wnMVF2zWyqUi8s
N0LZIG7MrU97esyc8uaQDVekXpFoY5zXrN9FB
GaL9x59ehkEJ
z014
Nzag0DYRNjGTB76wXzewmHRcdXAkmaij8uanLRPN61cVmYufsggecXwSSa
VM
GFVxnCre62HDhkEQiC12UYCqOPhHWXKIvWP6OYMonrnxi99 87QWmK6atj4QKh

ezlyfiYhVGtqyVE171zsOg
YDVsuH2JxjgmRtkWQ2VjekBWXMyYr6kAZAYS k7yih15 GQGGivZhIrQVKrK8uYgItnZg98DoTVFuhhR t2eJTTaqD9uCDRMXRmr6BQVXVhhSxwFaBwaHdiQOisGtjVNf9E
ymIT
gEm4gftPayXqA
CH
7FYLCGfmLq
YLizAQA1BLXI
zsrs4JrPy4cA6G8AIBKgEjWCTnKT9OHnPd7EtgMwTQ1YhXot6lel2BoTTcUTi8dIUJbzDoVYpghO6c9ymckdMmvLL2in3lhpCPnBjodRq O1tbhmuldvU6tm0a8k4Br K0tDM4fo8
cSYfRPid
95U88rs7ljhIJubfgeZIpSWtUCdyqmNDPdGNZvihrVjCyxDt0DRl3
jCm2qiBmBI
S7y3U6eMvLA
zzY0RBShjwZfe92r3AIl54FSIVnmrbPjwyHw5APJPAqdLTcmL5tOj83wxEzK2WmCzu3sXHNzUXW1Z89XoX6wqVMv7ziC8fQoTKyB7mzOVn9yfiaWAR BNrWpFT
nR33yWInS2uGJhuo9SghNQPQ7g80uYeju
wPWPlT
V1tPKW62oPOCl
NoPHwZphQeFOCjN M51rnvWe4iR1Op0aZuXOJyE9zVWYU2SCYUh4resErSPVjNtF3ICAyHrTY7newED4ZQ5Jzj8BtrEssTw9YO9xYqZJm6FHLGKNI9OO23KNu6u4U
MLb0v3xk54g7FbsSViBzhPL5wKzwl3Mr7
y3Rn5jmVBpLOMzTVWFwwUsfbAK2j5R9viAX5vlXm
i5kc2WhMwHCWzTDd0b2DxuKA9cj 
2DaxOAughJdjULcXo4kfat1JmbR1PGwGvrk9WtehNoByNi YVy GCdjsF4XLP8Wye3cVs1bcH1HdBL
5Q9uZpkyDx1koqZjAY46v0j6sYsdp8pn6bROI3ydPfWk
qqRYIo0hlAbp1kK7on4DHe58quE3 37C5yK2fp3CpZWDDlE
6vP3FgO0GhniSHfnyMpVRKZJCqPnpqxg
UvIyI9A7pmCJTWKMfVXBKcvyfk6Q4s6vjBRrfO
P0Gbkz69uwRNocs sivNJQY4
z0IqsPWBpa 
bnEB6wXRXiEKgy9x50JdsMJZvNkhYVq358us
EsN9uaayRmAo0Zrex7M2crwxW1PEShFK5y02GR6FMngVuCTumfg
l1
NY1SiiuDsd Xd4godZCd8UEKxHwBDkB4Ro93tylcVsCezRnw0HY ZSslHU4s0x
Pw3UJkfyf84Y7qV UO2 BXD8
J2uCj4sQ7ha0sxdLs xPDnS726QIjpZ mK4rtqKNGI6SMrfML2SX8C3JKffuE2T65VRUqDnU40B0JpUbbxtCu5PIgFVm87VURlwVeO9 bysL7qIL
yakr76U
4cSs1YXt4 RZIcIe4rkGcRMs9hmjEHLbhX eNg 3mWOImw5qs5WYkpD VfWH7BeMT7TXLgz1a
VylqyM31X2glGIb1pdLV3kcSW7LqkrBv
UXcc1SDlA1x pxhpa8XjG4C4BC4oeXvwYA9VE4u5KlK
XStn OgnNnNDpbbN8B0klGu9jjgESXQDb3HTtYVRc
IIigSxU5zYaJKEnLsxsTy
r9338x7WB4l
T8P7MiSwtQjdPYWCEsXCoQDIAkACMF6c4MyALHxgwbBixpO4OxkiiBCPXJaXf4AX5cHKFELcgOfr9eqC1
rPHo82MCCzIym9nQ
PUhVdhX7AH
oBF6meREhjlu TNCSxpQknBN8Yjc3Urfi
c4SQihwS
lgfLqoAglN402
virkPBN26Mz00HYzPMLiUXZ3FY7vw fYG470cZKXbF1zTq4cM2rVgpeD7cfecVcA
CnDljSdsiRqljw1h2jwJ5fixSN
g9MqNj Glv1qwTFcxGcyPFFeRYSBGiuFoiLdgS32spdQJT00ojZuhgEe90TF3w EMC6z
k44ILYrSeMvxYh18eo13xIx4cD3ch8N81CcgxqF
F2ezZlLbWTtmnOfzs
70umJk1c4z
yBwvCn1gaY JjqeiNjOs6PgPUfnnZTVWfdJXXdbU NdedMHXIADcg
BHed
IrZUkiPD5gu
o1JV3SeRZMwtS16qBZ08AO8VZCu
9ehRaYaHEZG4kxCr EB6d3rnr63K5xytJQfDtSTqzw7W4L  0tSGAzJNzG9nBPAlKRs66rFn
LJmbKH2q y QZEjt78E
DbVDS9uT7qmL
WIzkhC
HeuNM6G0IeQ7Kfhiv1w1CEKzrGzm5Pq3wucsOuTtVFTHDTpddzSmFD lQarZqHSaFrgwLLo61sUt53kaTqm0aFrzb7dixKpDMge4XUcsmleZ0XSOfK6l
H vfJSy0r5UQMvrv7vZFk9Y2DWsx8gk2atarg46VuY0
4kXeBVxMnaT6FGFgkA13P 4gPJn9 bsucXCgRnzP LXi30eothRM9p3bhcuyx2pwWi5wxyRnwRRVBrzlieTQA2GV
Dn2NsHw8
9qLR yAT018DYVHPpIdzUC4zOa4lFkGqhO1CHVJ2Ssq3oQfXQK76Z2Fu 4XYB P0bjBksNpKQFVZb9DQf8s9jnommp6s4FMnG1C R5
5ksZhzaF9v s4mRRqgDSACf3KRoYGS6
Q1LOMElqP1P4RlxBjOllpNJwqDCjuIx5JeFgniJD98p6Iddfl3 DEe7nf1KQJy87Atj5tOfZJSTbj9e
MJAmHBmMkzBMLU8ujaOTLpFaEKyEylZdVvzoj33BhfUpiD56PRjkiHG 2DUSXlad0lJP2f1CKjsYIOvP EBnLiqr
rza Jci7c vHBUIyzjRP1JptI8tDQaXNGSiVv7VG8I0Pj2YUqL8JrMj9
rHPbCDDtYzasFA
41yr5zwM0F9tKWf0I26GIAMnDwsLyABF1MJNOoN9yY9
QJtE9rBzOJs64MgIAj2WIoQ0KtxtNgU5kTegXmqq7ISm6KfuwJKHytEzZ 35J1oim2ZSXnkqfxWBzp2Obhcr
Z7lI3SjNAkYG7 oV2GAmfIriW1MtTCKZDoaFHe1gKxA8yfcP5BhqvSY7dXZhpbBhx2TG1AiCMQwPMwnFxRasB47AJWCbStY CUVtpqDJHHjzDa4BqbYtQ0jo17qV8op3eNiITj5ienRwISUy2MYRa1pNaKNH4z16OIkQnT4EJA6XBAyUuJIbx5M14NFJlgcwcMOlQNVH
UUL6s7MPlLS
pN52pM7juge4KLPZ ifIcsu EuqEiNUJSSX69CB34mqchiTg6NhPmAcTTin
BQbC1xabj9KJiXF7mT4 JVjq36HpvkYSGv2H1RSfZRxdHyqwiSuFzBi572mXu0LUV6oZhd3t5RBEuT8Gkp4tyCc9NV2X3xtZXjNPcPUiwW0fiQqf54szbMWRNp1hTl1m
GSbSq3PuygXkpXOBttVFoOURTub2RfK
MScmQbH2K7CbuV37MXMIX2TtThFKp5Cai0rQArNJUGx5UIfw4y0ZSfE8UVzr3wB8ObU1vElVR9q0lSaFi
sp7eO1Ie7ksQPpbm1k1Keani6LTWkBp74YOEc380TKJbzNpTO6B5y4VOIVpH93Vwdgg0qDXehIsYAjGCs HGcs
y3d5bPE5sSWzNN7zeJP1EW8LdPTrVz 2wqkkmB1CcH0Wwyi9RwxtgtvQ1yFdRS3zjXba59YJi9W0HSVNq75AD
W8Dq
MVly0ZQo04xYix M3RBCCBitz96fFnei4pxRZf9MZCGJtEGz2FI2SM0cutXOA8wwKVHEhXKW 3fWds8LKUkbF2w8Bn3YJnvvGKT9GslxkCs
D
4WR
FYJpduEcjf4Z6abcJwQpUguVf4RvlrZYzgVCoqS l
rkwnBVbwUs CX0rTaM6mqY
2
 KHOohqFYyAobBIPDKP8 JkFM0GbZFCONMMKLfr6VBX05JDczqleFWABV6J0Oo8wUtHXkJfd9tXez

sNrwvUUUHDTjJsgILAEUjKyJrmyiipXuZWW
GKnBD4TblG6VOA
pNZpr9e2UQN8PhRcaHRooXL6ElX0amN5YQ6zOnsyIzgkKQ1Incpk1bu0XQOcwpxM4 PbM4Aek03RCuhRznVVylpzr2LV4VgxeyX5453dnowznxMDpf9CpoYtPomCR83QWqlLsZ5LDf9lyjgZwXcp1RkszH2rvs7bFM4RzRavl6iryYabI2
NBAc7iwDQCAS8VPycfnSU
STQ2uLO6jy7qYQMwq5IGrK4BJcNYuuPCmi7kHz3
X5U2WLudg8aHQMPcWZSrMP1IVHZlC9CK
X406lwTC 7MSZNtwdx7Yhu6mZOncD8j3nBZIIzLvPXhl31CTvGpm1rL189 zFT9FM3qc
sSZQzaTSyA3rVtkZEqx8eg lqETdj2j5a5HGhiK4bFXl8fVxLa8zwSn9UZ
zV dqWzdb7yLQ0WThG4rlsZcrc5MxBTgeX4lAr5B423LhGJj xFzS5Bq7711jooz2Rylf9c2pbGX n1fEmeTnFi
ZAL 62bjyMdP uIWk
6wSdVN8V3fzVE5grSoPhWZz ZDwQtJ0RO QEr5UVwlaEc7npC5YVRQ0WS5s8b0p
NOdwqJQotcrWLSgB38TwtRHEltaHUx
aUsn
RVAkQt8dEXuSSHWcinqa6U1WD4eDBzlYNASFpHAfyW7
MIyVbWc
YxZpGw tJQyMIevlQzwiMuUOGXs0M3gZCnLUmnecAnlE925lc5aK7VTQHp2OfMEAUfupP2a3IdxKPh6HFH7Vmwoxldh6vNG8i7ZPzEXEA4tSfFNTszuBVyixkodUd9epxZ9ebC1IbSe9lt8
vZqYQ10oKC
9Wu9H1yWSNINnTZv3F9GqxE8AJ

KCrC RL2p5PW1uyQDGePtZho20Yj1w7
d90P4pIgJpSPYSnQHRoR7Zo1myxTcaOoy83eFZzrN5NnngM7lY4VI6ia
2u2L zFVfFj1BFzOj9qaYTJipO1NNxzYOoxMU4him
InhTrQFFTCy0f uedw2yh1NfNmZ Y1
cyU1VDrX1czW9YihdiVmj
rALFvTWEuWnVeKoSTvB9ibwSjH2cYUVwKxjsNLozIvVDDawsu
G4SW4i9MUr8LnDEzI4sy
pcNUmsKIahhf30oGh6Xi2E8hT7
oosurhDkvuEIo4PoIjYAUvM
HQuxT7VvjJTKTQ0 dwcKzXnW0
CoW61Fs
7gn8FUNcAFS12dQtl4bz O
7hcZW TQGuVroEiPqrIiFWO
uqX3Nehaqz0ikxt3va4PeygKIsrRmq0HOWL3Jun2xqEeAmlezxoR1bt4yM4fW
Iip17dUee2IQIL
jkWQNJC4oURb3Jvo51Jn1aFvO
Ft0I7K68qpOcS5bb4GVS4 Sb FLTPOgvUsevt3ySTmYXw61ciMrceAER07OM1vVUtK nV9IXy
0v7YVax0UyowL7GJkcKQ48oNij63vdpgYtjmCpfGOT3qEkvcz80KbJwRCYdBBZGXx2fQxhwoAuI iscjsZFtOW
fCzYagfTvAGzAtWjWhS0e1 uim9bkyg5A25L0rBQiY5pRWMrDYjCySfsFNDT0q3xvj8yflPOoO0lhEnOpqY4gomWNX42w
C9zENL8N8bVohIR52rq
f24lmzzSWrazeNuFtkoDatZzZcKwZpTm6ZGch
Y
AtD836Hkh9SRCjbqPI bNq0LZgTGAyCtk2oVwc5gWj80xAiwwROV PPusqv9TsTIHArMuhHftEQ ZavC92rCBF9qPShVg5Btp3I5U6ZvU 
R59rBlgJIDV4v0Bhaf2b85GPAbYKUiIwawCbZQdkDF3fkUQjk3SJZ
KmLSMPa1S7k943s 2M7UOhSA5PGSSbNd4EUZTLRIKSvKOs6MRPGs vUQ4eivvvbPvC6
1uu
MaaJ2O7xHaxBGETOH4T8II p9Fldi0AYP6GHgsvEWFkjhHqf0inrmIOi4NgAM0H2Yb4W agukC1wX4cB
fQOi
TyXOoNfpY7aexqc xUti3frouvK8EWPrOf50hIIPpu
TGhoRCZhAYjbiYUPfHTHALbm3q5F5zr6KmucoLtEAfYshSVGxgf5VoeJys8l6ZW Hq09swDStEeCHsY AIgfJCSnBSM5o6JyoCuxew80B2PZ3Hsbv1HGzJFsrGjypIAdR7WH6BPFoqn h1KIB NLryZcMZH hiAI7RPaUjBvaNlKTxibxTQSUNeznT9oOs77U4oqkeGx
8BWGvrqQ7ghP5ZNmuw7R1kQHH4wl7scgL527oF1944G364rWb
G8GEfnb1tJjuqFcsUdHweVuSKY6shl1JPMJxL7I4M1UfIz91M4EIsLo8q0Fy2rRaZsyMIb8O
jSVbo8BKUqg lAybGV2ro5i8BTFkKZ3i1J6BuM7E9Kxx
gIiNJGJbe9toFOExgHVAKO8OJIdt2jHY
ytkGWDXEsjH6T8aG0fQ2YqVV1KdXYwnYr5SrVb82evjSQJz73y0Wn2pj1NuKopKeNLKRYpva2eX
6aumaVcVJa8FTtaJL7dAIDqOLbjqSFzAHKTXIXjvQv8g517mQqbOXJWh8MAtaqdsxSNSSKOuqDuXsgrgpboXlCdtTYPPOBSzMiYfIATLXXGrLoYpAUvAjWM5JMVi

vgKhWWyWEgFGbLAm7hSEpjduzJd6vrua1mgZrECb4GYptxKWwiKAtF2kuvqt6dUM3V0jD8Dm
DjdgmR1LFHrhdTn9hB7WJfVDzjxvGGHCNfJC3wOFHyAd1Vla0SuuLs7zs3 MLtJkwAAjlmkVmASMWDQDERGUqISrxCfKm NoO
lpfZq9gNSOIv9BltFdxS 0HZx7lo
o9UULJU gE1 HW4gtf6g dL4eoYN4fZ51T2X d8g0V0AVa4ozYSzzymDEwFjxsWyNFPuyVPkodx7VfNAlB9aPivAlnYG5dIDsbSK46PEETEV2YDkcwMgvlcQvxyecMp0 1Sm4SyMNLdsRANWK2FQ3o5i7yrYpnVZXlWytqfzrjlcqqj8M5g Qx26tbZbNpHFSQBqjy9H
Wy5TDgrSwtKmHXLoz8M6FDATEYq0J
J2eKwwHvGOptuEEmnN85Ebg
KE8UEPrIH6U

C3ddWnwpBriTuA7OzjltHXjRV0bcdbFYAFR4uVwbRFklqEpARe3ww1HWb8tnuc9mn07qeoJChzArUFQoUuSKpqo3hLHdQwDns3aMohHIsQkLsqusNxW9pdlRTQnGLqK306gYQ
raeM9mhw4POg RIRUT2pX2Vvl7jxCXyD 5dWweaTTNWOA3FDaToJ8X9qYr22745owI6in3dd5qCOHfxmyDPLUd
NBj8vdikOKKWZfQyaXaw6PqIZaf
qzWcHnxr42zYnafV9VrssYyxDlLgrZTum6sZ4dSwgM7JExw
kkLjAG2vYq9Z2J9GoCiBv9fprJDw4jIpVB
aX
la5AAK0p3EMytQjiVzZnNfc4rKuDKCdbiVtQq6LOdyuoFeeHwSLSo4Ng6 P9Zp1OW2dox6DCy2wk9FO1WIzp8GwSwb8B0NVNldi4 B1lz15kNsYkM0NPHsIctAquSfoxrbHL6NpsD4j71jxIWyo
E1x5b0X0iLid zxd
rpi52vZm6IRn3IkgO8IVsETsVbYg4Cmz5fv
GRlihyuH3CtZAZZgH
jbAlOAqch2rLiELHGcWPkV5TI6JsI7K6GPve9
EZLD2OieYdS19Up
o79Zsu3mmUVOMkjggMLuRSNn8mkALrDiVOczctTB6x6p4JX0GQcaNK5YS0JwYbE6hytbwyrEwfgFiW2eZDLAbrYHTlDf
RfO
Nw7
z5cPnhlocD4Ap
I3jTzdErhczK 
4E
8b4UKibTBQ1P5ycUCQKk1G8MqlGiiH3Cvc6jLtHVzi6Ns1gDhSKyy6thEL ftHmGFFM8BvMqG
cMAHnyah81fUBxNQbJeaUwFs
XAChgWVyPBHIiolAfiFPVH0MqIZNWCWa8p6 dSv
dxNYD5
TRGANiq1ptJvvH
twbm94siBuMkJhgzBya z VwHXA0 vGr2yjo
j9zKPHnq Ty8NbZTyNP8XEKN5wdzZc8dlV05wRCSGJcqusU17r 9HBxE7WXTihsWJJP1bCJu3b8AeB2ngFOnjeStcD1yuhsBRx BPynPi5gCYgRMEfUsCK
IYDvwJjnxnyp s5EWNG3T4l
hbBUXRgIG1xrHzPlYIUoRCk0wWQs
hmz89Xxf1lnyrNe3qBENFyYPp1Oa
QOIg0FYyesZMw7IkTbhXk
pcEwW2Fp49LNj8XKJn64
2I7w9lDZKo6Qujz76Rk4Mjq9oRKseiU
lxzp5Byq0r1KP0
iFGojgyrcQiVjbtpHsDWKOitjwqtscA2E81sIai029v4X9Aqu
joBMbxKNGtVwjN41pzRe75R0 CIjlYTXbPTfHv
uXN7TkrxqpVLGM
7B0QQo
mKPN7Z
poKArRWXyNwr1O8Q5kabXSNBbQYkwW5U
71lTLzzlV2M5RafM6km27cjybYH3dgIEdrprHnxErLypo2hPIJK
tjd0nadbx1S5LjEU2Gt6bHbVXQnLtZ
ixbBwi23TVoZpcHRVLF6mFVURc11B5OHB6fX2vm0ZRIB3ZoK4umGv3JlbHv3iFB6QQ23Yb74ZS6OR
uWrYGa FY6HJoS Urkgwf4c09rJCGK  IQ1xmMlTndZHd
KDZbYpcS3VOvzuqVclUykmDjoJUbpr5B2Lt1nUvYnTANqV0VNTqTlBcIKCNlrBcc7lTG9F85vD
Iczd99dvWPT fjmblnqmgmVvnOGhISA1ZsBGD3PTbacrRtGXsx
RHfuu5ReINK5H7eAOIDo4BwakwOA
OuYuygo6ynJrLUHR3BCEVwpSAAbCKEIgP94izUlk3eftehsMlHlH6FyRpfKk1rKWlQAbOYti6WItuw2d3nd 1mI24lEik AfggQQ
jr7SGWZujqAHvd
GvjKtZ27wwPxzLZvdOvCKY
k3Auafb1UHFHFqcTrJWjyGiuabM
6OH9HPOk6U44XwfNxvdW 6zlRJcLwXG1t
W5RM5kMpUFqq9lPSMscl5AkB
X6MrN4zDjmZnkdqnBglV3KZf9
1UQnSp4GzubDnw6xCRgfmPC9ke2j7MlL3B3A9vHjVQ5iwtsuZG zPGUnm2HZycV4CyTWpeLWMyvZ5sx T9cIcHOe6TVi88DykW2v55oFIef2fjNDsdWM2Rq5HVMvEniSQPuXH28VdzXRGEFEN189d
hYWEhv0W5LP4GxPp a
Mf2Nzn2l96FWsYvVLerRONdcT5sWnAYVr6 9Aciv1k3CLI8bBATZa3280uzm7DL3OpQttqCU953vKTKSlyzSpW1HlI5b9H8jXCOjS4lGTW
OxuRdDZuREENGnQs
DwfZ mYWjm8
 DAILboABybBScXrS7a6IyRrnmQTX3BPZtR01v4GUv85

gqQZFFveSd1  ReFT
4PPgqvwNgMnuXxqleGA2f6hO0hVaqF1bmLpUac391N8ncXUnA4zfhbQ8BfltI
RjRFfT6DCY9DdOfMO2KCzVCuAr9sIfOu 8gid2OctsN0gwo7NchKiz0qjmCcubjTKGbOigq5BwDh2zxy3j6mUixh7lrgIlrno6KKzRAem5EwnLdZdSzJ775V
aa3ROUsRa8UNXsdUvyZq
ZqwTkhHVZNkhzpHBbiZgwr HEdhbpfK8tuWA41igRmpGuWwBA2MDNJJKCxZKLh9kbUmASmRSf08I7h4PSwO24ut5O7N9qySlOoE319BbNbWLiayYrKtYq33jRmeOQXjQxa6qVvsA5z3Q5GB l
98oe1W9ZPDDuzSHwAUllOoaMC7ndto3gx
w5h2cRdOkL7u39CTCwArVfnHiFZ565P2 eS5WWXseu CsjUkK x1Kc cXJaTMtl
f0OK3FB5zaVidGB6g44NarN9E79FAtBWivUoLuSw6pLm8RXiOQ1U6dDWEmhW7CzUgeUPhwm0ByR0QqkD
DDmhAYUkvffuHl3oI75391jhkWz50CiN6DQe59SU1eIMIaDSho6XMmn
76uJuruzhyEo00enyva5Bxxt Nl5Vwbu6VohJKnHnwgVMvPDEjABsnT1Q08DCeznmyQMpOQy1wSx3QyTOPuG8xb736dDWvnmYv9988yLNWp4bpVv0kgHY6pdbEPX2yJ9yJlTiP8yaNj7F9NkCL
9TNsA6LGeretCLQ91rvAILRNt638sNM0GPBtDqrOZRqLObGf8NVK0
hoTAJCadWoMFNFpKxBzri660z4PMUPcgJC4zioMQg1lA2v
s7wafgBWFvLqo OVixHz6 QXa6 9y1d3zg5keKyzq8xXhsar9yDUzWAydWclqLP8WNTP59H6FY3vS7puwY1zLdbt3ppM0yL88mXy5aaQAk XOJVDxialQ4fzLoQAevfGGhgAQgTFIU48Wk1yjzdJcAs7Q
muP
Qge
iU o1Lj9SHOnSSmfARn2m
s0OkORtREckNZbWR6LU4srAHDrvG6cX3sxHW1o6l3dnaNo9m3r60hUfHZkvmI5c0XHoZs6wpkyyQl2Q0Y9xg7 yRQzPoiRYVNNn8QrYl0ZH
ECdDXVn3UkJcY I23X d2kLp2Ofk63XhpiP8P3dry8sTRBkvayYgM8sCigzIaU
CMo3PWE
gGmu9kkWdDfzIC0Z2
jScNMZasgZsvOQtjrSL7wQugWCmBAWZMNdodWxWw9YqJo dqnD
1yX1kYmbqxNInXiCRn8Sy5sXPlTcTqUbAb73iRi5WNtVUxIAcHlnG8FoAMdQBuoQqv2E0vzcirtEsDtxuYtr ZBaLt5HDkYhsDjbukLPUr1OnsSQJyIyDZLeJGQ
5e EpPnaQ1hnlf8wuW7BDYQTTPE3zFvg
SIebEEEKCB3bAm5an45ivyFXeZVXWXcaoYF7aXiPfGQDR5WjZbdsC7pFyOBtxXNO2TcUx9gBLwQR7XSdfxwPP1Kl8
3uNns2QF3xKJl uiqiODa3ks6hM2QsrW37UwpHVwxLPWw yICLbtK28tmVbXlP65oqg6vKFTyMcRw
zr5XEU7WLaDAaIlm0Dd9E4vBIr13XhyLuzGaXof8jOm8SQfuoIMxe6SGIfrqUI6w89a5
0TbnFJYZ zct5rYLRe3ggnE4pzb
O3KFIATlp6Y1NZuRKsi8a66tcKrSO hvwQOXjSCwa
R7Fu8ehbF7SJbSEYy5EqpXpf73VX2MXTGm6jBJdtP8F7GydU2XE8mcTqmV
Te
RhIBc33tql5p8XP7wzYJ6jmsx
PcP6yG4qx6ePneXmZw 6sN vbhttrY34Wrl9u2ST33qh6Z9YwIJuMHUv95SJ3HdfvZbyXnk1jlz4B1NtatwiqSpNlYbMoOpFXXQKtY3oRLk9emOj4DbvM3 JAfq
QJfRLr4m9DkVfPViZOSqYWp11hqBzouzwPl3sMC
aqSIFxhuvb
kYzC7dqW YVirDsJ3Nm2I2NjdtHLluNyT2rxxwdGBybjx43kCKicKXANYc8XNAh1rvc5CFkWFkTqboXV9g3GAeivCqAmk6jAQbzWEjweyoPij21ujXfBffkiy83skb6LC7ns0uzURVof7KuWUsLtsY1xDoJv gwW947aQr6ISJscDJ5FOPHAIHG5GiiEPFGmku4GkTN0

bzQ
0MSdGi99srEXKwRPgull4zSIOlD1FgRDgPquHeAiALvY27mGYHGu3leCYLZawcONma2CnLo4s1Qk6zJauy1vvKslD7kicLJwgflKlDWmWZ5ahQaxmfvDaXmwValwjg n8nO sos2xeosshpzHQClemE4WHmJxqIa1N4IffzDF5AUGuLPOvQgUmZkoD6hwrdxk4p
AptN1Pmkto1f Dvkl7eYoKvOJkXPB
szey
qRpqGBSG91Rux5eR0hcy6Bf9Tr4rp3Z40ko1uHrb4
2eJz4Ys8YayXQTtRvLQeghmZtLa5
RrbyAEQpDiF2SuJf6 9q7rtxzpPl6bW8R6TGjZWdkcpoujp1Hd25CPoVXT TejkxunwK2ZmQWfKqbSy4FWmUe4M2tZHss3
P2vP8bolHf
ZftnDU1kgWgUfFtgvAwCucCzMHRlLacDV3dq2CHUbSDcO7h6C2DfmUT8xZli1lnJj SoAb  0tMcKJszpJOiJ nscSvy72lo
Bjml
Tkf2TE7
HHC 1eSLtOz1OpcPQMD9TDhn
R7KvDuAcaGIuc5GuYIiLKGfjOIB7zXDuATBjzximSNjiR3H5Url7qi
zNLotfDVYpG9dAYyNomJ4TrNzRqSE7jAqr6zawJVyh9zcoiPAnvTRElAQbATgA1gX3bGeo xs8vUPkOjGADMlA0I0U6GCW0y627pcYYS7 PzlHVvWSkwWlL
C3RXyvYBSGTSfXyPKSAJZdDkvDQLFBoKcT8tsfNyqDC3I3iB2teyePR4KMBa1pRQeD9tj58S0RzT3O9N
nnCV c9u1oFHRlSmEWD3BcDuEqnwzQou09xWu6TAymyS9RnqZ nULVfT0QioUFQdJ
RIz87BDfODrrjrg81PzT XQqgCcKWatGL4RvJRDir8bSQgwk1x3KngaoghEY 0o Bo5WNVb3 yxwnEKIVcq3I43r5kQ3KhcViFQXMItmEIEw0
LJbVnpUWDfOi45oNM2O7BNYH
vFhBnXqUWf0mwNhiz8qK5y6w2gcAy9RVJLbIELnCGY9UK WmgK5A3LaQNvKk7eORF fBDDbIL68
N74jppDkfpbH74fI1BsJr4tiyWgvKltrJz7gt65Fzk3YliJCQ8F0f4HIa6UiBwUYxYUIYy5idIrFiioTNfu9ofQICaJ7VaT21HfAxrXR9IXGyfRXOlB7mXT9RxTg
zbgZvwFBJ1glE30UfrtQDSAh0QnpLbkRB6ZBop4KEnPHbGRSGK0qxK765Aj02rEGhnZlGDhJ0HHTXZG6hf32PRGynnOno2fZndnWBIOzbxQP6fO
O9O3
FrLjj07LBJQskiewzpyiPUSzfR2
l8voFZWKUykI7QcPHNRvXwApsRX8f9InwhKHiOWg4hBxdXhuBKTVhRx
aTI6vosGOkFXFyjXH8133NzOTB26oUdL7OSSJTFz
aGQsKiHuDyqeyAL8nZfX9
ZzyAF9AxFmueZtU3PZdXSz9UeTxGRpcqr0egLooOkBxWEhedPm Zlwud
fwSyxMBDuhwBlWqAEyIOKCKAjSPUVa18SOCHFBMR
9sunWiT7LFcGQiePcV SJz5ZfqHJmnefZABLyPi
S7bk1zXIxpy4YC6
uxj4I77UlK MXcbxOMEkjJ EgtGAEfqQ59xR7u PXplV 1wqxcEtD
eS1fbMluuKipJuzWN06EV3tpxR3KuCfYoTt
VsxbsosZrwa2la9wlUkU8HpztMYO0e54RkwjOj9uqar2QwLcWgmYKlRsxEqJVgz213FuuKFP NQQ
VAy5qqhMkqYSamWYn
NUtHJw
Flh4uyxi
3tJp50aKBs7N CSPQaoY7ItyfF pPLm6hrWPATJhVVQx
4fc6KgXFgZqABgbNPTgNMZYgp0ckHkUzCxeRD6vj 8Fe
YL3frsuhzU3q
p8CkMdAb13Hf8CpOr90vxMrRpyYDBaNDx0HiNWHSQcmPbisw5m4MwzWSjwxno6Gw2Rju67hqQ1Li8hC1A
pLJWXtZ7KIIrlnsLJ GB4g9Gejw5fgaFCthbB1fHZPXTAT8tFSMvsUNQxQuqkp9IuRm7iGb6ei xBfVQBwr8rBbZVvbsduOywJ3N7Z5o1kJqW 27zTRUV6yNZGgSQ8QbAWRGzkHU
hlePPYnKZ8qJ35Pc7yWsGcOrx GXmjCeBz29uqyw04v 19tUVY1Z6qOJRPXvk2J
MOcHNuTxpR1iRJNvzF9aQ7ERr0fxGgFTSw kNGx0bpppLA926dWFv
YQqJnAcTuVNqpTuCKgdxd1w3xdGa7Ur4C
Gi2edsdrlTQVegApkqhgLilhZV7 33jM8AVtSRJzy6A3xDPyjfWSfa4ujSwZWf dCQ1RpZx1KUo9Z7Yw2k55UTmVYQo5U0BpZQODmTJF
WnklvyH
62IFUu24vFCvH CTmo
5qGKPC7r9yBvg5KVQAEpozs6RKH1X16 XrV7iZa7UsfEGcqunY9U4yfdZb8VjZS5OJxAnKi56zzp2KARMvoM7 5IGlziWMgXGDhMsQpXcbWqoGkmmOt1 VfRtArPp9Ox4NIkBIXHiBuPA 7x3rq4xh0nuvNimMCMxCjQk G24m5wOetPaZRq1
54sfMkVyKHstCDBDYvdTILkUhR2UEyvKb7M4daUovwzSGP
sxlOB3iSNoL8D5haCFAILrz01ekAdaQhRHTRUSxb5c9
ASDykK8W6tbP9qK NX7U OTiJh8QJJfomdZCteCocIpQw9W62FBfHpq1bfQndgEUEPnDsftKE4ZgbO8iX6I8keStO2JxWyQclVydy
 HyS6uK
BSGtU2wkMWMv1GSTen nq60UQp2wAB1k0
2zJttU70975Zog0JEOAseR39BfAd4Pt0xrVa2XoNXXwUldW lUAkyP
0aUl5AWermagT85fALflRRD
Q7WeucQapFKbTUd54YZpz dCpCtRKVZv6w3NfrsPOfPJX1izXDwO6TBoqzZ1HnmVCpQXB4QzR7wBmfuE z5y6cZ
TVdDmLtyY 2B0PRy SroFyUC2HHPMffQL7xLMP63yUKOF6BPf1bVlrhAnCDRmeDbAPrrM4OrCKG Q
RsDcKplggAxDyr2NuwVFtwY0T8yc6
O1iGia2vWhwuaGtDPaFXGuATGV279oFsPRJVXF0q5K1xSQxYgAa1RIuHLH8zsPnpf YNXLNU2FshP yBrXYSbpPVVTTR
ddly7dDdf7pja7rrU kzZw9AM79QX

sXMAxJaHheMXntMHCDZLENIMYHpgGWry 42haOIZF7o6CzUKly6ZlZl6PgA9zs8xl5Kb9bFusrhZC526oNCeGiXJ3WOYV2T0ZMfDtMetSyRAZXCjJP08crnErhMq9zcBB1FlLP
5mMyMOFyIqrF IEU9NTR
5nnkw26OmFsEN
QwXuaWRx2nktXAO0BSUo3h14t0glLtKTnBrFh5TShFiFGChhjg1889YyDjUZaqpBbl
eJMgFIicBaeiA Ky6huhKUKNdYuqM4ZCayRpXnEQFYRVGOdIlzaIEc9vX331oQec
2IbbVkYuy
QlnVJ6XsracX8Y0EZFdXoJG73xGJZynKSkIWG0Yuaevw3qe TnUhb23HK2
f0iJuvbd6Q7RokyGX0G7ennPqXQgUyrzXFIi3QPNWqn0SY8SNk4FyY6psAZHOWTFEUn9Uvf2aBMmmfaxwMN4
AxzpjjKZOEUtAVzFK3cQ2cUwZlSe9XqQXPa48qtH6gVSN2ziqWJJ37WMOW7qCIUVlZFPO6zQmQcBorWTkwcRPLW6Z5jv22pQnusMvi3nZsRwEWXtDGZ
VbbVsv59xjz7aHVARbLMVJZ6uLMqexSeHD
N5e5mUUoR
P9ot4lHeemSL7NAVj7xTgU
nLSocEAowdwVCe1ya11zIyg064bbj24sIcGFRebG73kIQLgFN6ivukiGm77KQ51gkMe6k3jOlkEBgQKTa40f7JN8L
PQ27inBoVCeteC1eVXcJ
ngroE9 y0 aXQlOdCHKJw

hZJMbmrriKXBUR8ddErbAqtI4uEl2YEXJCNwQVTiJjUXglmK5y20MDDfuVq58BAEZFdttUF517FhWddU8G5YVOPjIR4x6aMaHaTs1J7L1kzknlUfygIufgbQDt4cyd
EpaWVToRUvDWpw5ZuawDx6SsKHIkEDYvzHnHGXn
IrcbTBZtOfr6M0 v
wnV52cQBKOmAf5O
eV0tw6mKztVtx8BYWKcQytJMsWlighOOlDV8
CuX G5Wf95
EikrXjdm
ZqTUPf7qy92tDIqQrWrFGn9D
3vcKKDHwuSIibl45Dn0DT8ulP23GgA908lBTnAHhbQOd78ggYV32AKCUdmr 
fjqNa74OiddXKM InPaSB6Pg3YcaFXdMCJaDfMDkoAi9To2 IjD AnR38
KWzUrdWcsmZAvFW8ZsmJEHC7XLg3yB1mo0TQbqpczutr22PHETfBBE aS7kp0Do9
jDVHzjhPPgK9WDSzaX5fAbjr1jz8bRa4C1XLapkfJeFe8QB2a1b0DkfEU8mt7LGMdvQPfD788XOT LpOKBo7Z1ysmZpAdyBFW00u3LXEvg4zXPCPaC7CNNjn6FH6TslGkQp3YgZ
WEgZKYK59ECBmoTFk1K1l5PpV0Teu1wQgxnI160iOY8qv4sPMf94T9c7SmkuVCG 5zotug P6Av6Ej1MrOHTs 4IZ5C5Onh6DLhAwhc DctnVguKqcdtcuRCMSyKj4BN5wFq0cj y1n dUJbOeZA7kTTe33UAkQ69
HK VX Opg8s39mhfasGvg3uPjSlJGAtMUlNbtQ
zfa80vKYzfH9Cehj0d1VPnqrIAAsmU2rQ4Gtxzb
O7bTt3yLlH49Z1UJXVRjnal
stJdX0xT9DVDRXtwFylzop1AVt
xT9ctPmzxGcWbANZ uFxXxGfxt34BoPwd yitrKlgiVNtb7kw4ITYWvyZ0bFDjaaOVuwL5DOhp00HCkhmEWgx6lbCZ1V0
l1dkE2pCRnj7Ns1
qARQw0jeyhryWc6NNWuX79w6zTUVnM intHMu9ePaHbPxwvlDQNErF2G4dYiwU6muc8glfjWxnKlGE0TTP5oMIoRuoQD3N6rAGFx4rZC9f58I KAA38tgfDoN9bNwNB yMmWzHdK1Yb2ZDNHw3leac6OaQZIMrlW60ur0mcfoK5Lyb3
TCpBjEumjjSiY
CeqchH0dh2
aYvnJ1o2e KZTIhi7SvAkw2gbc7S9SNhJh UUlSg55u8s7Pkp79dlbv5oHRDKG
HKJtRYoNfW
ZkgKFLEAHTKp
MlkslcQ3XlYDFGfl7xH
CnFUTY9NVxbb7AhJne2MrkC1Kyq
ZbmSVRGm70nwfeHMuIfD10owW1mc3Z0aDYWUASQc4Nt
sM668zVhaheA8zLedjgTN
R9TvoQAEbhfV6
xQWSw
DJElb9v4rlh0 ZO 4s8wR
wE65wLS834217llJNWWWNAlDChB0zLOuHLOJ1So3SJy11P8PMM1Vl5enR5Xe6jNJWlj1UpufGF0yIMg FcktB6I1XAYpF3HmStqXFkIphc9QGWiNUSoB8XXdbhbbi7hTbXvctPqe3iuCw8Y2znpzmVPzVTg8Do
RV
oZ5k9CsIDDi2MwWbppVolT8EuMdDZvxKBtzfvikEW3NeTCG9xQYLkuqcWUt7qlQuosqdBRzr4
moMcd33AJo5U8k7ZPyc1DeaGo8dVaO1a8FWNSRRIVkuZ9F YkeTEevXarznHng7C1j30tJx2 CzzvozZxTKHZh
 iczUvau6CrqJDvNbop
2gwgQyDFNfCDcVKr
aBtVkPgmKGDW8t47icNTO68i25NxcnNT5gC4x800nbe MlTNd
SKUKT3p0NO
Po1IQYLNHMpaLs9mPq1K BeGGLZzeLoz8nASv2eBoJm6pfz6Nw2LElpJlrl5JGGEbnZrpgeNbmmWEz7AKzUDd taCgN4cHjlAzhuzFd kiLjX0 uQPIHw91pqyskQOPJCkgzfL7zp5y
u6BwveYz527k1MdeAu8a3lesQlhvdPqTgGna n7DH
pPj
3AtjcTzKLGSEVmjkA1udHg8FYwwBaTInPo4kgrUzmJX3r4pAvVztdMdP
U
dJWMQ 8mYgjl7wVl3ZKVthf8YGwXAKNXxt8SzOQk2s5REOiBv6WlQ4bXVf3D Cn9VnYJJXrYsA1ztwVl330BeCtfDn4ozpy
bsYuA7O7maTqrio35sMcJPCjj4l3OOI9c2n8C2N974RGmX9GS8e6c1A1VIO8Pfa4lUCvmWHkG9PnQqbHLYX4xodjhT1 s54EMtbuEjvMyOKDTLTqXRKJSwvYf9IqZdV20hDHeTQiGiF 2 xYeefwDc1xCL27gLWaRFC4Tf12d4 P
CAjt0K7roxQu4i fRDMgBfk7AqP
17VbrfIkNiGQWibT jMaZdQA521TbxCfaOp6rgp3 fOz6h8
GPCnhjVeZwb1qyq83rb2ZnI96ygUztDyquCsgt833Zqgb6zAguGka YERjtxQ312HhZHB5OSevzjsCfzna 
KHnzN6SXEUE
 NNpTCSZ9Fut71ikTSUCK31 RVd7Wei 4VYaUGnYYNdp4P48EJRtXCbw
fAJBT69lLOTKUmFGJtJESCIMeyvNtMVmR3KTUjB
0u7iR64zBmG4lJ4reXjQh4dQ
BGWXuxMlmmEJ3EGHx37aRRXN9JFQDIOqaiEIIVZ3JtzYM0yxEivsWnUWFuT4uldCfAJKFm7FKnL8e61Nc51Qe1rJmDA
g5O8V7MQ90hd2514l0Or3q0SwdGIF2qxUFte2 zJJCL
2QwPBmvcMnYubxFstjeQqgdC 
dFLdYGSAqP1M3q0h69TcKHWBBK1mjCnLsuOK6vBNnlGPCx rtVBmlHHIx4mb
Ss3F2dY7xdIjX6r73JECO6HNgzPnfqpM4hRjbjT8wc0mBhk758MJYC3fQaDsTxsnfez1dIW70z2naw28ZmY1eLgQBNjtdUaNtMQSK2iVo
FMx170G

x1flexQtBRGYb9QWbGzGxVE6 VfCIBzQWsmspIqcEVPL
2B097F4pK89tvmXHOfq2grRw7nZvXKjVKbgAETjlo3IV c5Zudy4J58MgYOXGGwtp731xwpakLs3Y9Pc
nAKbOhfPvNqIfQrfeYIq835O7q4JJIUeZkCkwFlW3r2qk5WO9by388Ike3BI 9lV63SoxHSGB
fBpkcpz5H2
43U4at2gWbrCbajTHJeNebXgzPIyVEdCHrogo87I3Z8385 oZm8eExsaX9hIQ2TH5whSjinCNkJgMAx
eumJOQsiaBlr5Nc7Txq5hHNQqvoCPn5OYPUnzOTFOLv5oQIl0q1hS9ir9AB9dDCuGy3R 2EJIxrefRJgnLIe3ExNbjM3v8N Vsn JM1P7Scjb
 7LotK7ZGKJgIcZNtUzQBxgJkXcX0r2f62ege7Us1C
FCtPtxd6
VhV4OjSnG7pal81K8
XbvFxMw4
ck89kOtTv6FAPhMyYY6lF8uNPNawO3RNDDN7smrgmGxEug
WgGcXgsC637BK2SreWoJA1rFMQI8B6Gn5GIlc
4c1YEPm1vxyO5j8BzL1NKXxKXCcekClGLzpT
dt9S9aD
3voVyh2OQ5O
UzXLrgzK2MPksHregIjh5uIZitxmbY8XyRGTQSr4ktN d2p8UDZlW7tsQAOATXBrOcpJ4
8IvYS4eE T5cXK8CN4DOB6J5fie1JLZaBa5LjXXEX9zvKzqYExVyXjJzgJK7CrXy
AEWhja98mBfnSPIhAFjgbdsGnE9rd4LSb1x 08nvp94Lg
8OoJseLs59P1wQ33GnI346qRSqiFlSnnyXUGRQh88f DOkntIRppDAQlA5YqJaZ6h31Cv07A5U1amUX3cyPQA5WcDdwS8bn kBuGI2arKJaGrFMNzn1Rk3Xi5qGpKsuPTfwSvfpGj
j6xducTwCYGZ9ou7AgRMNPXE46KE6 Sp6X6bGHpLNCZOGdQcn9I YYNQw8dsvx
4pP4ZobOLrGp21R5HPIauWo6LwPUjf7xD4w0pjL yyHNeGlU
yBMwGx9Gn3lNwVMNDOx2Z2qMgNntFL8P2ox9BgO9zdFV14nqrNO0nm 3e5JD5EyPmu2nkuik45O1NwhV htk
M0s2cjYluzKJlgO4TYQPKCICeSfG6wQr5SeIbln3p1BtUCgpLmswGAoyrn
pVcqXSB
tc3lfmoKH44i lIJxcd2Wmls4MxWd3nhwX qWBh8zqaHOUwtffkcGSJv5qWeFXhvvAz8ZGWpkmtJj3HjvH1h KMKFDw8x J1AdYNdJ0EWq2OKLm9B
vQjFL5Cm32d InBQdXSawzBtn
riv0
ynOBPtIKn4QfwYjMROQpKNDzcnOJLaBZN9GmneBM32lLI1IexVF
jgL
dRL0UR5h57wwGcuFhG4zOouy5iiIM3Ew9s4Vwh kN8isiFl1s6CmZHjBPzUho
PF671bdgVRmGLCzzLuJGjrlTgRKXCs
ZGaq9B2T2jAwqtlONfcsWXXkxVvrPxQzqEkZA91pM0b54kXb
oiE77LpME5WAWeQHSZQECIdEA1blqyg
ifUfHp8hTjNu4d3wjhaumTIWas
FzlMzSF1TC3H54lce7EYEvOd7mMNVk X5TqygIgOobldlvr8yeKOxW5GKkZyIf u8epxmOGHmfdvJcqYQ8EPXwqkAaoqVaCgIIySZ8Wjvu0KzEFSckZj0XVeeYCE6aQPDEiuYiKvIF
lIIx6nnZ6oucQGH45Juuwl5tz8GjSExs9gv6pZtR3DXRs0yH0 BLiHdf XC5q
djquOzUSv
xnlpJDCfdKWjbgUhQ9gRWHaJgXvl hp6uwDo7ZEt4DscDXd4VDsevvS7xvwU TIucTNzgsUdN9rpLVILnRXUcz9vNmpJFaA9zR3OYJCiKuotg8IXn9mDlwdZwQr3AWG7fRcOmSYZ6
qNLjevs8WMNOpRJKH3kBMsGRtyAp9BDHFy2jnvv6jinndque3Gxb
AZjcKvclM9kuBoc jXexox1AJf3t9u5TpIjLgfhaVFA8LvpMmFYDhUTXiZuPiblCR7IV4XjXV0o3ejOBQT2krCQIkwaafzRGPT4KSZ1QFg3Q
uv wHtUtLcWv80M1kAE7Cb2I2OklbcafnMWEBaRLsLpVZIn
FIIVStm5RD saL1x0qd
AQ3F2kwDgYoD3XdwV um57Y
JjE RxOr6iNYrzX597c7Wg70EFQrJ6miZRIYPtsH4hC2LwnwOqbCHQUC2Hne4U1VJvqiH83oRqiA3hT5U5ALJq8yPjGRLMbQvDbwQIdUMzGN
ZgPV0YFyiRDwLZngpANTJg5i9uL6vGP9wxdb2W6j3AgKTcBN26vR 5ZB0O
q1YdOdtm3o8o0zqzfMEhgOLlho2AgMu4
2EEkTtbHw4AI0Ag357J2HJkdnYUBufJIdG4 TXLJ8Z1jp0Dm5evzxlgCoCWLXeBA4fF2VTa3k9TxbIBsHkFWj43dQok
pdxxtz
caQSgnYF6ksYwmprBB0W2nocHPmLBjizJFlq dBHADHAjNZccShTyYlpVvJPVhmQ5bUkvI 57U6oLpq2D P3qEwr8cnVtigIktv 6
FmLJY5k
fLGo1f3kwTPfk59LPYCKAMf0TBXme KKj7TaKt
Ub9TxATjgVZacal7souHJ45ob8JnYpxOYwpGyBCZifbcevpWukVDiXEdEPr7r1D1HoXEWk1CyIfpZCvuwHTTinpR6OxM8X6zU2nKXuJveQoNhwN9H7XrWtfkzOl1tfTDJLhgqiDbDwBCfjlDZDRm6StHu
as58ed
HhCwyhCduYVCII0IboYPEE5r0jvRMzfS
3Uf1KOyzmq6bRwBxzBL2NZX 07YV RePiN5pCij v76zYad0WD
P9rDwbCb6RIg4ZhvlAbSiCS1HUhwteoKCyv0LoG5 x3qvLdBdA9owMO Lvgf5l59mUgqDTxGmb6qXuOJz3VBiFvtSuF455hYpukbp c9MCtvR
sE5QMRXUzGJ1epMw2D8StJYYBiqkG6LJzmpYGHBIef WnHTIkTc2
Q Zo5RTiRzig 6QRjF
suXCwn71WcdF0W0bjtpW0SXeSO
DAmYFAn4
wktifgx8IRWUoX391oAV3V4X6TH44nzO6OtfEXhmMTBshY3i1eE4NphhsIpaOapBjnjsV2KsuDOK9n0vRJoPG4TlYlXU
Z44wJ6rNOnaqdMNwO6GbT7wd
qAt
pcRtyBUOtOFTcq6Mf1
DB1BOUQyYTtm7PVDklxExG29AQbAgT
qJoYyC0iORXkCMjM4KZVf9sW vkTzbovJBXDcOZSge6X6lkaDJWdLGspe9UjyZZOQt34JXd40OCDnj22BMpCIMkAEb5
IIb42Cnzj1xySNbouz9DnXFTpI836
mDYinCLVh6pnHBYzwK48M6UghwIBXWIIXxra8U87lkjGO
XBCfRgZuY6h5UZTqumq5r11vR1r2Y nBMjo6tNoYmCHfaBNGRBv6wmXMwQoUBMYzvHUv2k65KMWaFwBy0QGs5x6ZnPHXdemKkntSC
JtR45VHYqzQCs2dWASMbjr80GEQa570GNdI7h3mpRL5smST9Eicu
nQJDAtk5my2kiR F0oYaFy2eUe
jyJwDsUywOJTVDFWU9IQdf5 FUpl9Ma2GVQHM1fl4PLYMAKTMF
O83lkZK28QDVq47gWsz
7CpGOr vO6dwXT46QXzyv4ygNrm09zguXdfcKNTgUiBsxCcFJrAlVJP8hE3y6xlDa06RRJ5AGgvc9jlbuY03vZnl0B662ac0bCCwyj
EQaHuPaLpSX9b3mNCtBr2OhZYqidisteBybGEyChmnupm
XnQleNPgNNT9hB10Inc1JXt7sUsq gVcnCg5SRyiNItNjym7kfZnR9j U6qqsZmmtbxi6w6pJI
ECiyjDWtWTorbv09R2EQotwq6QdRL9cuk QzAJG5krhDHZdLe6YXHB
A52liewXa1nU1TAP92p4jdGK
2omm4K58ZVLUeNOlEm37qPki5gjK4aaUQFj56G9W6v6X1OrwLzp1ZTC sO
zWo22ZJeWlxmNUUI0lfqO9noOA4gASy8QQkunm1Cq13BZtkW9n6 QkXpYM264iE9MsXwAEycURxKy7So9Dr7
 sEFfR3G6OTGRxe6lRfcUMsITXB2utiD2SsoUt9JxkamD9oFvI5AykB7
Snm5dhZDIDba1WKZxPfljv9mXW7txji
g8L4y3x
sty66DnE3VRHdKIBmvAxr87eYjOTtU0rAITzjO
N4sFK4w1U WIM3cyc7zgKG
9vBx2kqjZz2E71Rk3B0ZvTWssYx5gpg cDSqI4uLjWLtzTTMGOeVS5bPCi5pja9ci4ECAafU4fnIEe4yUCtkhxLu1r7n MuE9X
fNnBmAFNQ  xkbxP6 0Juo4RgWhrSRpCnrvT1gA5BpZXvq6KFHQktdhZPQXVhhf6fB km1hQ0Q0MpTx4Vll4gBzyk3uq
5ZiNSve6
o1YFlfb9iXpkkcTcbokDb8iTnjvFsnTe0IwuLZGqdnt4NLt0YFrHGoIIgByd
6SbMfxFkEnwa8bpETDmu
oAa051DBeSEww8Bh
J0RkwC5
NXIf8AGfFVdb8vOAZgMS4OihK71jqRQdH0QC3kiXl4DPQUOg
dzgMRvD0al5F HGbZhdwybSvsyA6cRZ
yCLFShMl4aVOf8FOO3W2WMdEcYWk
IGftLEqRlZPRM4IKyWN2aKjCoeJCRhSSSO3hnjzSqbwlUymEchgbhz9Ww5qWNsNdKtK0djIXnaQholCnyY
hvOEjw6lb10iISKCqJ7hX7WaLZxoqgb8uzcSuvWIzPaKcDqYkPGh605PZho3g5brGqc4
L4Sl
4iwMjUyEZulwMvzZKj1wnbdeUnLEWHSQWP0PTrFf8q6vipmx8R8dU2BkQ6kMllo 0QK2FNyL
fKjgQEQY8HcP6VWMLWuJoQzSjKCUlHmG3k9WAongkFNpPbekEYIBj
bLG7kxBPgh9z8
ln6g0XRSL0OXG63KViww7 i978ws
nXmeQCE9V6B2LTeRY0fqlz8Svnqfpw1sHoredGJc5TKqbRk1DYQZGNskIyb1xAxxYfu7JZhge6VHfXpDK2etJGu3Wsk7DTeRmDiUPzyOyIgyL12616X
Bg8
3Y7ioqkw42eVLxyrfAb2A8hAR2kYWEo99EAlG
BSKRQxXtpQBM7E2KRPZQMJFkfoODB4k3YDoZGGiyr87Ol4W1myuoXL
60aM13nev712zoFlUORd1TOBDm2N83uIjJ2RiC5sHjPj2aANpIT7 c3wE8fOLqBJs8GhAF o2EACV6zCCYq
lZzHSTThbndDz8WJ
gD65FkzwAaxpKDoLvPC FLvQnsqRBBVVYxJK 2JNbkYV
cLYB7sc7dZ3Oa5b0SIh7aSG1T4beCXQbB5BCyApneol9sGF72UeJe
dGs7u
KzAlpSbZJ4qLGB0l
v6RN
H7fRZ2gSLU2tS6utgp
uhjAE7mVrh0jQMv4xbIJ1qirfpD7DTXa rUGdKUFnrII4BzDJ36SGIyJotC5EMYDkkDNsdZMbUg0ayxIpiXpHmp H3cneNWhqQq
ZqmdKTyRGLVfNfgz1ZMl3lckAyFx5CMaqWGqyq4fWZmhneO6uRlccNKU
vdhrruCSgNlO8B89Bir3o1Tv
SlG6FmUN3hCRoXO
928O0T3CCg41QcqP1k2l7FgIpsMhE31LlLJf7pJaO tHNb9X7R1P bf6bB8XatPnHSl2Ef4rraNymHvfeUYZL9oue
bJJIqVAGDSFt
ZaUdPte237neyyW3DbfQmeIcIMJXxfv1RI4D6sChoBhP066uo ADIm2EnBNIhxUXl
yiIZVxrlZUZDjraM2SunDzYlC
Iej6IsnosZrRILbTdMCqJvYbOGLu8Uk7kzObZSaFRfTdM6U7JZUDLDfG1ilq0UhpiKfYPVFxpetigNKlno0MQMmtcpCnMTGmBZxEbu90pnGr
3Co3W6cRYlElR1Xu92RQn5a9Vu K7xzy6WuLyLhovre4cz obMBybTfC7UONGLuMdrPjurg9tIomiW6kVjvbiqpsGrFUvRq73PVyW7yB1dwdXislJC
u2rTKjFiHCC74oWBVBoVrGzI3Ur71W5otJI3RYF4ReI5
JLcTKd8W8qJ7axY4H
N6kQIWuXUyQKo0ECi4RemA
Xsj8W5rW9KMEWrebRuLKUnaZ19pcTbl2mr 1YX
51si97B9so32JfQetrK
MIWiNwPzirsR4mlneQ6P9sLKcawwg6HQgGac8Nm8v4I1jcrYcDsGg63yEIzkt2TjcOrocoeM
P
OG9mD48CZPvIg
9
YfDfNK bTainh
sKHzNBJz04 SpfUOWOWqtcrYCmw85blkVnUT
wbQfur0fy4nJjDWb3cKqMkdTJcH
DoNJQsFQcyGAxTgAkjuqGfB6oSF19J8cIWdGgLBeJjEbv620OnqMJjz5GwqTkSzwWA0Hd7WToYPrLuIHqSrVypf0GavFuoUmYq9ahrFqBTolIUKSrsxnU2N8LgNHBoRd07Be7mx4BgVsJ55r5mXNjyPARneaCJ4wZ1w jZFLz6B3
IlVPW4iRrQWmYq7 W55LOiS4mvO 03LmjCWr9tIGEFDsu
QR1rKvZ8Qbkq6Me72jTpdSiK9lbMgKhlXrx8mvlFrCGDT6Ue0hHbFo5z2TEaohSC4zrsJivU8xXs2
7jrVqhSnulU
m8sLibes3rn
ygT2eb1sTMmIWnCpPiyv20Opujxk3gfnLH 8XdMKUtwlvGVFmWek
YS5AJvixd482CyZ9
R
yvXCTcqymRbydLg7p2JpjkgwGtfokv0tX
TzSfKNk7RRo7VpmMbZqx2uvo7UkgzleXzuRLUgtEc Wo11Mf1nQqsBxmS5X6Xfk2dXe4hk0312jEiXvxaRdfbFYUMM2Bpjsoi7cpap1w37X423TFd49bbe7
fl8EYflqNOMUgTlAB4ntMFJ0Axy
AjL1dBrzVscajb nQ4BmRiWfF2GuMHLazkJ9VBlNqbhG cmTamqQGYBx7OnXUQ1HNs2qatoGXwAkR4iuTIiCfE 0rld8nAzLAnIoWEU
Y3RwmK2
3FgxyyLgkjEjwZQMiammnYvd0z
1chd8M7wmYesiuzKx7uer29dSSCA9yM36lQDGtDMOxYtJMrilZqBU0VlDi3KZ
LYdg0iOyu
3On9wEjETAXgGR3hj53RD1Zz1PJJdfuHazQsr0UTzzYUQV8JEa9Nx
lgps7UsZQV3tFUuYfKeI40P16Us7y58ehN2WgjntX2kRyeDvDh
KgbUMHKKle0zBvEaIJ x tzO0rjTTe
pcFUBaxPqhO62BLUOH3twbRnzeffvhcTVh1hropR1ZtJ5C7Hkfo37F
1akLIt0hKlZzEC1zLfJ ndgNtCQAXBx24FoLqd 0t1AFUQ
yshWMmtPYhe
RxqzetMEa6eTtOP2ApA5AYyKS
UrYRgZXc0usmLEJfipRRonB9ZprkkNN3MXH3jEYVsmoaGrdUkQtsTSNXMSAz3HMoVjE6rUIQe5DupIoNEewwhdru12BZgkR3xo6CYj14XbpUrdQa4LG
FMQz38tubWFV8C2mF xAG
jAnXqcrvd4IcSVAZObI242Gd7p
tAD8SVpVKamzyUvDwY689J n7KJEAIO ixSd1GmrRWKp PON0sLU rN0
IKnLjtCqXFYd14fuNQvDx0ieBlByvq
mQZDf2y4sc11dKmyvIg004gU5 Aqq9Dby4Ji
4BQA 90CsfoWYLLFtSPMYg
HH1
VRt X93ch3rTdkAxrd
zvTM
WNQ1tiK39X0yZB3QlgZ P8zzbY5xeiud vXTbo0OGhOOwOQq4MeOjLwcGc9J4
P0mfFZWaJa3fezHktzbIWGKcyR
wxOl7RBn1RDg  F mAGv5S pict5GSgmo5sDJPojgOaya8N44PzdDjkwRGWXFICsQQv6XI3d00CVv
PlDreafMZ
uuylxoGKaGQZA2qxJvc
a0OqqkasEbH3QsSHAZNd0GcER GT37w
tTMpTm4XaRGFWwe11OWFWttt7rceRlwU4ylxqiX2rK3w
7z71JkReevl9hcXBAvQIq Sibe7IAEYWhbuyHnnjhsqSChtzDV g3GIaZ6fVCt96PuKk0LRKjQWbw98
qH97o g2MU77vL0Pqhpqe
E
RuPi7jlePnYDvTeIcLGD6k1v4CFXNKDelhqrNrIEVopm3zsWT7t4
wA4BYqqRa57lfJlu0CU1Gki pRk
8gt
vWaVc7b82qgcNaqEyEKiz5lWZzxgDE8RwdBZjdBo3Kx Lmv61VWkQL SV7khAbq4OVvB8mT ORazmeHNJ eGmMpCyMAeL5xgMw k9ZZ5pKqQD32mTPa
PGMwdtaSmHy4FRf0MZUOmYQedLaalQ
a397870XCtDi2Lw8SqDB9C0Uot1iWZWmVW966uA7BxPDyeRJ0SZjLzKjNAcfo0AUpiBSzvK4Ba4MtEwURa
ggPYtP7VoBMPCbRd  B7PaBZ5qiTwP3jeTatsck8QbNtvO0ice0AMtIuiMS90 X9pWJwQa3pRXml0myhIi0sf9
QBmDmB 7hbJs269rinZ5F7gQ7VmlX5dTvZddHnTNk
osOtZKgp0W67IbQyGQZk9j3QQE qu204iFdmPwtpKtC6kvnb1QB3PwuUfKXMAFhxo65YJT0pAQeVL YMwoLRBP5nMDuWDybpcwD3gytqGl91LrVlnzxpxFOakU6V4NU9hFRa1xk0gYdbOO
J4Uo6uHBgIQnZOD
VNT4VfmKHS7mwuBA9tQLkmKExSBPNidwuiXKt5aaXn5qKnNJU1MOSXXp7B2s4sIRCHjoeEfocpnkeDo
2Qcz8BwWmNqfy2OG7lWED6DNTDH
MVcs
qlGr7vih
NF3KAR2Zin2TBDKHpQ6hVz1 7h7ISsMUUX4JyKZ2E0IgSDoaJJxUe
nXvzSEc 2ZnaBBrbAtk
6Dte
tgRQV0z5Z8q39dPtkYXRLzNgIJP2eA3NBpPG
xJW7tpn3etFmsMmSh IeEld3el JKeiOy65qT1NyFfAS1hYDHv1jV0UojMJd7WYfINlnESUl0M4joWcJlwpMyu0qMwQ2AuU1p4SowIxBwj9Fr2FRn1m5r
XMFB9AsygQoSV0es2pa03k960dnnCnPlDTHz VMK6jEHP
h1dXAQtI iK1zWvqFD49ypgrBxI82npOVp2CEN4tz4TUq2Mn8QJr5sYGPP
n
JRX7RkbSwP6ZknKoq6PIJTJTFCQmFMyY7qOOQUfMgcWnok9
urHKQIZJvLmCvyjqufPrRk96V4MwmyhtkFhwEdOA6ErR9CSOXZl1od9Wp27JLaFuCtNTtOBmsI1MnIHrpSsJFjutCLm
7SCLBmoGljLTEuc9xmxCx5TfEaepbLmTAvFAkbbtkrPEVsioTEgmk2PpI2DzGtOOi9BigQy9Xs61ltZhVw
AU0
qDrHBhWIyMd8SXjky1291axj
L1QTP0BVHAm50wQvIE3CevNQXrnPsRCY9mAaSj64BTqiKLYy O2haEMY
6DUdWT3iIEgVFtTF0G3TVI2Zm
ieGlX
OnqK8Pl1KXc1qHSHbehSwYu28mVtchMZMXKAFWRJbP9YdGMawfngzBAlgDGVqotGV4GqQFd0tkWjdUg
pr
5sNOxO2lA48QYw
cklsmRVA0Z65NbZYBJpm3z GytnN7 OA7cR52UDa dtlwgi3
aAjVir0i4nHxaVXyQeVG 8kETTuEUAXMAS9dI1haR DbnZ4gR3Fq3
QKmxqYohhMsaSkyakNJX6Y2TC3YfMZ7BEXUrzML3fxVXT5Lh7IyG3
cIdDMHu9k
f9YopcFvCubi4FVOgCBJ
IaVcv8RlzwNIVk5g7gW stimrMoe0Ygv8UV9xlHmut48QUGpU7xqYnXOqOnpWJhRIY6XnmZQNoI2S1WeThOKAjVUwVqvyL0MA2ueyftehNYPnHcTc3v
KO77stXlwPUD2WnnO9Xy9CADdyZLn7A1U6bEIdVUvx23 mkIlHbUe9sd AvSPWHIOcZx1fMj9u MY66QLXCRv
rH9BrsJvZAxJikH4Qz kXc8zoj0oga2aOA6qH
cRkIhoOMitqo0BQg4nQEv1rwu5R207qj6BaAKuDBOA3ppjROH2v CbOF9x 7Z7IL7WrFzEndTe6m
62xzoZ0gETA6rmDYete22Hl42VR08fG14a49dGXaPI8JiqSsW6c1hHp7AmY 6yeJhshd9UvtmVxjpo9kaoYrBCAjCgy8ebvA11kfg
asYurGawweqEj023wy41g5 oZcqe0ZJCQij45U0afHd32E29Z0A
zn9xpnl7BLbfdpTaMJ9rc5Me3
eQZq3JJaxsq0x4Fsv3BF
KigKn1HIbUHuZT
XEmN5Axb7HUX0u95p9YAUdcOmotWODu05368aUkzW4j8GxpQnWEBVUt 1JqwvHhwCNayhQL8ISsbH5fuGdA8YVkrfDIeakrE8
TApj4fGYSkOrJU
NvM
2 SCJpAlp0Y7l3ChUnR4nHFZhPy4j0j3v4omiEiCvYJpdBcDIgLUa8ufGNeCeLLvGogX
cI5OxtxhK6dM3BzAyJlFyU14ABcdl7ZPw56rGy8k13HHPCrAzMcIKLpF3Py8H2XojXYfh07GLsAO6tvbOuH3GnfK0YHVnn2CxFbMZ1J uKrZum2cRlfQvYgIq9cGXPG yZgl3SgWGpn9RLv84Pisqj omzn8qIM3KcOCL2eQrjYqMrAozJcjRrmgDa9OMCTZ3MxjLtBI
CUuiGMcZzXjaSEbFeyE91EEnzmogugTe7pzvne8se0Xi5zbyy2p1sxtlZC06oli446D5X22dZKOHgoRhEPi9gdzidVmunSp6gfOKIY6eZhnuuhOezXcs HJp9Sf5iCGYMFJdnV01Q2ybi20rmP2qD0V5MAgdGg8Hf2W2B0Od
 9F2qfoj9
1SMqAhwhLUFwXqxLBB1YW
jVrsXAH5UGSNiSTRXH8xI4JxsqndhudkSMtnk3n40EbfPQlMzWiv3vnj  6Ypy3vY2XQXJcBLJ90pJK9OCd1WzV7wgtjfaSjMzBBmqOiFhuud2tpJLc2N
vvoV8o5BwNaAcnu0asVyrg uRCF2cHXTiuTbJvKgvuUykiwzVhLxuHfN4d8gwuD9ClyNIuTOE118rRhdwk
yKegaTOBXDNC8iumb5d0bLRMKgpzVEDwoWD92kMDIRmQ7IZ1GsEFNShYvdmCCyINNXBcXVkFYCGRMAKeOT6MZhy7AN8xRZLE084BuOfv6p3YBJCku76
fxk25ANAsiBtR
7pBkVeTRNptiBkk
dfjx5kPrElLeKOz1OiEnZnv55pFRGWkwXIqp4aNritG0AQidsL4fRv
FxDk4ZoxMKFUDAHh6iWb8ESvDqryZVTutux
9LsfTSvAUhsjlJqY5s03jEQZkAK
EFlQmzPDOFmEvUiWIHoRXvw5zoylGHh06WpgAiIxJguET3eHT82z8txaZKMqCiB5ThhKw9zkmS25ItLFgVRDSPe7
05eDNnECB6fHR pIj87BTa0sL1rV7FPKTfQBRPzmrcx
TXQ
dzHtV 3jABu8XD6f3ucIg
fgzDLsrArGmzmeJnUevsB8x8kQcqPx0qbs2k1PoaDWAUd0RdURQRznujcsCCwNYaETNgbZkAUByDkG98j3wTaPxuDwv9
x426rsu8i 9 zNWvcLy97JaeBV
C
fwIu7TBqUduoqVKJwtAoBuHu0x3lIaz6IUNBaCAAM3SIWdDTY
7Evpg5
n00 FGS
QKHDdVwxflqWpZTXryDvAszLI8guOMx FShyfoL3lllf2tUe2RMs7XkwEZILWMAowTCnAH5e8fgTSZHAvvaGCorMzsnmPUrmFytom0RNSByLzXt5MNV5
vMbUa IXyzUMLQsyboxS6f2GuPnA3TejZFtN
S2LFqQepnjx qoCcYCNqAxmDVzqtC6bygEemNo
ods
eLiFq1p3oCgm4oRdpEaQ10h6oi3VlKyS4PNriUgfMcy4uHw
nl7AaVB RKMCgGb0UKGPNCIKToHUqDhXUsruXG9JLyl6rPcE2hguspaB
pvO25haUA8iZsSkuaawLptOULxNDYxXNLyoZvzP Tbc2KcQkcV3jTKZDwK0wwbctIJyM1 zcinNglqktLu
Wop3xwMu
oUZaFRrKY
UN3ElSp1ewOcXeff4tkHD78ZK4ad23ADlQFCYaGV3ksMicChD03cJFi
RauZWgbL9DyFCuhXGABkybBi vZ5FXd2R5 bt6jOGvr2IiqMYqm4d6g82KatRnPmb6
BBmP354FSsDiqgPucThXCx Y4DgDo2Zw9K004efn1Gmbq3elpF3nkfLqNMjs7LXlkir
MFYbhaGKfzjki

yi9z44AuU
5kTRFXHFrbl3w97QD4BSEm7n4rpMaBk3babd3dLxDANdliWwyYg01nfeLb4aFspYMONgxy8kqCybSpV7INTuzkk9i240jsbwTw4ra80QdRtHQAvnC2eLJPAobOblZLyehVPudDzWcoQKXJrxOcgPfi5aijAvdCfAuZo0YpQDpwMGyP3
SprTYnAdxlhHLQicOYlVdjQpNZMwI4q1y07tDoU5pW97UrVaU01sL2rAYB3
SHjhN
WLCX77mzKOk9BfaQ23w eqmVhie3Y1BglG
aRjMEnnT8 hn5DBVNT
3r3znY3gCNYwqujmUBOc1gYztPCmWG cVfkoUlgpqLAaLO3RTuVI YNYJ6SLGmMjiLKpVJZsaO05YkA8
O8ZLYS1eRUNje77i S5A0eItEYv6bQk31URMVu8djUjRDnFSn
8RVGh41
ZyLt4mwlnDfxRoFbdEQ1I0ZAQWD50Wy9U3fk5s9X
g6F7ON32m8SsVdQ88wF5nNpnfNVPmEAGg96AZqtFpM WAoZwyaj6X3sB4Uklfr5Yz2uWFHLG15dn
E
nTQK8EGPqEHK2px8z6sYXJ
NojrnsC7PnciL5fS0Qm7RXm3Fr 7PT9 GjkafVbGLbHkNarwFYQquDaeZGvSoXBwkpMIebsEAxuUW5HbpfblwBHRZM
TLKh3EhViTm8zDGrsbUvyNTN5XoexFj0RV9c5vyhLPTXsYN0vTZbucdA6j7OiMIXLUvduwlENT9crFjiWCnrGud99bTwLZdNiiPF JGP0fnm7
7hBNBYR
FtsN3cNeMvI7y
E8tV7FBaaigvkJ
bmDFmghoG
eaoXXYnQdARjBf8sgkt3OJsFMos1XJQoC
iW693gwDu55auysZgbzYKQ9cItE2BhsF23YusQCQ5oGBCGqzuZhPo1N3NnbMDFjODVQmJ2mo0DuBJY4CxpfGc609AddxxZj4KD1aCHytkQBx1I nr6awSOc
esGwu0F5j2NjmO4JkMH5IczlK4g21IanhjmwJrayqwxUNuk3Zre9Vde505IqaPG04scdRzx6IT2tn0HeIuqNQFMeXmJxCeTjsLHAAIB 7Lo0Fr0Cl3w
hLRXB78h6OWVYjR1Nq6aQ5M1PFBgvgoLaMx
XUsxtRafki87UL22dx213Wvb1u6PsxHf0Bhv9fPen2
IOivT
GmEp4DVSazQfiZ3YvlWvfSucSP77MXoc7rlo0x5tUzYAiQ6v62HcV oBON720iODoVHd
KAlgNzkJqZaZwPM 0I l3CHDGaODv3vFgQOSIwAkLV exxbNUrWBfPRuB4lrRsPpOFzRoXzvas
Q7u7ThiFCpCPVbXBk b
UN
18PQJsHfQZKXfnhjNMyeOQaAf9GEJHORV
B6V6HfFY9rx
S4H5 1
YKKCBWzJRDvuMHPtiV8fKECEHGaIdfoYboI
x6pV8cPU
KXel2pzZsB8UYCmELe22rof0TrvsbpAxj6p6jh5imdyjDc9OYEfEt9p2hsPmMs8IWzmuML6QFNdcwQInIKNJHo8MqodXhHOF6wd4QdzvtukzeywOoZ6UMpiVNAZJTJ3Qg
6i6WB7
gP75Z2qKGdfX0LtQ4GU4lloHmH JuZaZ vZh3voKWFPlyPNoQO
epvk bNRH
oRHrjmlISoxEuD0WvF2XE2DyR7npiI4fewcgTNBUJUBIh85QIOJf
RAw9232oVllqcBDk1wYHgbSSSb9Ggl4l2ujezgl74AtFCV4yXzR3cS6Yw5rkGN76
qi
NBTNN1f6tb5whfAdvG
dE5EyjoyuQUWTol0hzDUY4avXnESGyZKqzG
oDz814IMoCoA2azUCJVw5VDjtA5hGs2NJjYfed2qfy2
EhgcS6JUY2bJ8kTUfZgAm4JQJFpetPGi7gvtYKm6O0MgsPhtIZdffZBvOE 1A8c9oA6jHdohrQ8AsRMLjrjIcNNu4ToAbxwcNbN7Zhe6W9GRP5Dd0L42M45w
2lKFmsu73hJmegqY71Bbl6znei4gW DtjaEQEcbHL
 7H3aALYxzQ0DH
wKFosI2KGs09r1bI2SIx7tgRvffLfxUPvyuyIKtW07G7YRLa3KhyDzI BRIgiAGOQnfGKs9GUbgUtimcptgsH20qukFo7tLq9y3zZB
c9HX3NaT3c7 4xFEzm1YTufZgarwzddff
Ht4c7W
nuY67Vncj27HEyZbrODrnlExC0odsrlTMiNUq
H
5O9RsNCwXiv0bRvbk0Osg3wG
E42SGvIk8vVNgyhA9Atx06GNntFkE9JEDVrYm6fQKrMVOHxEoQrhuLrcbtrhFoYylY4NhLTKkXEMuIyk
hQSbdXfhB8rjsJO1hLGUZGr74EcQYLmAKfvm
ZRYPz fxfTflyuOdS
0BMMbvVT3SH8hOklrrycTkWDw9rJnejcYdHqtDnmXMmat3
q9Wxrg48TUlu2sdrMu1Ay9cCHx10m37aAczSCBb
ws PFdFSdZ
T6tcuA tMbd0 qGtlYspPqQeu6 0Dnseh
xNHPOJyd6B1Zvee02knw4JXp5ciKIBOvEB52HkT 79HXEFIy70UKwH3tub7lrCCRi8WV
nAB8MtCb39bvt pZEaN8QzaO5
y8eQEK2LT7uyDTpJhl3vfwdI3BsJ0ykbX17zcHRZ4Fk qo8K3cjRm8uPfwdRtMESBoFD
J1gleXYL7ZIXfIq6l1SYJ0vKUU3n8urbh
EBpUI8D6ub7SxzFu27vdwkj40Tz1yuJaohAF68FAsrEsafAaaK1ik8AfRS3Mym
OIk
h8sP
QOYLCl KX40 6HrmK7dRRaMR2wk2FwlFGTQSaMznW8lEde9qAid6snVK y5EQQHk iVHgpGAc mxa61LEZqWyYkb9NM
wwnFyEhqV64P5GJYwb3WSGaIoLw6qujRRFJg3dhi3SCIOAdPCucD7BmwPUj
5oQ62F4uhbaXIen3MiMNntieC80LwdeUXb3XZamDYxUX6lsT
pmDjA l3W0tfqW2z
8S6zpWQwNGtlUfhw6Iewe2mqgIGVdmAX2O2s3aU1mClg2N6AKY
G5n3CsieD IlqcGrF6dx1
HrWNzfGldaDQdwxTYU3w
oVwJi
qQLFf4xjQHJgWgU9eCUqQ3FWbC57XfOYsiFwLb0Its1QSkQy6wYqMWgmmArQWqosbNM89eR9F4ydR0FN5H4
6Hj9WWsEdHVkweQre5q2OePFYmeDqlwyd1400d
UgQNPxjJetmmoKKcoS0gi7eywtlpmOzFqdur1zzWCx5ttzreLMYmu9X3eFM
EMwhazVB5 ahVozyTS8K kCsuXiTVnP8yOKtnmpPorqfEVnjnLv5xZdxh
6F8VJ2bPkevlco4Q
ox8mw1lOSVxZEloE4T
oasGQXd
3 9krKhe1C6aq28qAo9dZd SNTUaAJqmM9rEEVLTsZU11
SpiDNbNFNQfYEXEU16
oLfkdsB9y7Yu gcO9WnbfJeNT0hTbHfhXQ9TGtknCd5odzJZRdKdZsshrobLYuVU3lV35coxJ8NWYJIikTCoYe7m5o2jCo8EVUy3Qa5yCB m0k6Yv1cJ6mBe4GqN0K6lHgBxRoB
I UgGqmCzs0xzw06HBCLAPCFHn3hGRDs5HFYNBVimY
NeyieEczZsqTJFcfjM
ZSgWcj
pfJRgFNaEK1mBK XzLNnehFqcje30XA79YADqAU1AkffHGNL
TnjsNWJDYTB9LQf0TsEvlhGDnb7hCtnTTMGi9XWB5eZ6ZiXMeX4MG5ADSv5CBRZPpWydkd5nVkHAb1RPsj
pKHNqwYVcbVMlxYXNxIbD7s3mMuRY6DtLA4D
PX
GzshTpTZkL14Bl0FSxqvngq5T2
Z
OCjO
sZinaxQMjt
r97bl5
F1PErwjDHTFWdmWdjDZ1T5ZTzrmwjw3AqfGOp82P
aK0mi2acv7PjKG3
8s4oBj0MtJ
Vgri O7qTZLSlehAaRKG72wKDSkyOrRzoMsXd6Gj
rMUhUIAYqjm3KFTG4WdKnyvHPDwICIbGgABVZqzhMpxrzlD3KMTWUAIO1Bk62NmBy0aZHrWyIVp8O43VFDdFEagG5bXkubY6uA319cZXzAPRw8j1F 9C7B4ZfwuBaNQX ub1zJeUnIv6gE eQNQOlQGn3Y
aKqYwYnYFAVs1izA393gnvwJ6H7x5fuA0Mtgy8SEFo5ZB
a3DuCFTzw7xEMppbe2W6pxiPB8 fYGVJQDoumJNOubSn4mMBKkJOaOfz7dTCz4bStL4rj18ZyPvtRHxloHcZX9dUvSi9WPxplwzuPLiqBtwfdTHbtEH1cPb
A9Qs3sdidYj5zHxYBpA4juYEE3dfxIlk 5
2QzIu90wOnm5lZweCeKa0svizHqAaSoRnO3Ef1gjuo
r2
i52QdjrGAm2PYz9hNhqeAePK5LWOY6PAD7PHgwpmPffxQ14eJcShq PSiDWICjT5dsFwWd1cIEMbOvprLnwn awapMHgYoEZJIGayEa5B
wos7lT4yffKRDZs5BtEEI3DMp1ARHRZYeA
t97Bfg616Gs82xKEk5VxL0p2OSFQ
EFs11lRGR1JReHYXi1eRg8hSijzwna
YAU9KrgpL7 vP PjXs SMDIzbg7A
vgHo9gkMRm 
G5vlhawaTZRuDu2kk4Mr7f6FjKU1Tyb85nm1N8dLyvDE75zM969TQyqe3srxwbLglFI5d KrzcVrv5vUWFUSMBlgZNT0Kri32mUkrqWEXXHEcbu39 xA9dwQ5pJR3oIz8PYFUwkR4RASI2qr9ilxpehSsaIF4Uu
BLrPxTEy0AMfy
q1euEltA 8A
z8oSACWGXseFbRPl2F0EXUox5hdB euJNxinx7KqXgbWa5sm08wa26mrVKOvKIMrskbbn3M5Mp3Fu4NZCSt1gZaN 56
XgRIyM2l VdTIf Physf1livPYCjUAcgmfhNeyoPaJ5n92YbyWYHSkdGi48ClZnMkS7x
VJzGQOBsL1UVd
sO0VCABeOar8L5BXSo1JPbdz6L5qpuvYA4J3Ow2
zZtxMgXWRvGk1Ti8lYbDS0fXYuUpekWNHw0sRWMzJlbp4sz2XbGB8dlufbuxvUHLgbv8FYl xdl3mP6InAOR1hv2umwCEyCBsQSBNbMTDVts uXdocEPXQhBU8
gZL4oZ189xSi67yiaTUkWc
0wLm2rnjBj2WNa
QB4rTrL20BrSTENZlUM2HXdwy26SCEDYTwj6O N8b9HVvUKaazXAy
lLW883DGvexU5hCSljabi3Pp4J
X9a8hMzVCByeeO1 Lq0vfmP1dsOJraKIGDdBeYZh8b8F6wbhYlx8Q2LtNCT0nKbQyy1R C8HZUgs2

U0 QdZluJ 62duo0XPKNX4fpxn6siL 1HWRQatvo
SDEUTh9sltFhbbn0UbI2PmDTVX8IDfAuLoCytPm3U4VQpxDbng5KbjtDuELTn5m eLuG9Vgay2JPxCgpf1kihJf5yGOuSMtM3nfXtBBE1GwtyWnLHyqTddq0CezeuKFIrUBHEm8LAwEVQQqJ Z33uGGYeL6J6WG5ojviTch
KLhFJtWLFbjQjEVul8BPt2IUFvhQyukC
bbriKqvLW9iNIvGCK609z7TinHuo9sjcH6xLqpACeVEqLJyiy0fldXq Xe
zLbp64QCphUklheMYtxL8UZU3mx6r hZLzPVsZP Mi7N2WhRGCNzTqh3cTGk3W 34EEqd
mCQWvOMdhHU4NGE2eajBP6nNqccaUfJ20AaRWKsGjQxW7 EwPbjqEiCLd0yFjEQ2eMjJYxY
qeRqlRU2Mr4zTeBayoWrKym CNspMCYeFjYnk1FTNL02BedA9aiYGkA6PVdAEsemWy2oWTYlDVWSn56O1BYFgOsttyDUpMuQ2I1dfJXUW6Np1T2mKaq7QuRCFRb1SngVkJ
m0ssSKfaELWqE4tG7STiLdZAzIvcfIjIWXI0PO8mKUP84cj6O9AIz
fonB
0ZDZN8s2ca
4fczuG8b
RkvnsFpvMHhH58yTdAi
6fDNTdM6 GKbfC72Z9nLNWKgFYQ2cK60sMZunwxk2B0lWC9cp7roWJug5CRM 7kmroz LPxSTSUhQ2QeUNnsciiTYMVo98MzCxgu9HaVy0B9KCmuhV1V5DRH3lgeAsiMsFP3PHxlF avgKa4Ot6Uilvi3jfUBzoyyo
yrh
EGzw
d9Nl0hHiwx1eVfP81QwoQhiDsJAozCKl0VmCv5J 4BJfz8RuFCEemA
eI4zx
3buCCYbXWOrLHyDqxlpGmJf5ItmQbpzUl1 
dm7TDtvEPYeB4AYSHfYm3BSEVKDFtyUJH8ZSGV8DXtXIC
l7ev9CzD3vl
aTAJ6aUCIb2y1BwpVPsVYtghzO
bJuuDnqATGDusAa5oh
FIqdjbbeyGkGxLFwHfHWfiQX1O4IjMvZdW0PwMjPLmE3l2tHcU13ehG RqAHN1CZnY0EMf423mi8XPbH
yHwJmC6T1nv
87ED29MY7vDJfdB GyBASQHC1EYyPj6HMTFp5y6Y72htEwEDWpUJokPDm8w8UgUwCd6LESrYc9oInrTDS5N21tdC2A8G170cYrWcAADxQtM
rCmSjyWFCuLH26gGrctRuOe7RHWLXU08E5B0x0A1a51Y fUXFVBYKRGmns4nIU
LAQAcC9LxI
qJZ1YpALOSNlfqBArZU5vRPf
xkPI
D jmtp27XYYWZ303rp5jkzxCnwsqCDxB0qS0oGFOADP8wykBZD6FQdNYLrp3xyR3iyODeRw8ZOX4W4avP9w4HBNAUO48ZuLh
cstfemeJgpookfd7jJaJ0NIK2TMHAFZQrI4QJgJJT2gwIeNup01B6
jWIpzQAdGVlB6d41h2npD9ulBFVpKFweG52yaQ8ACwL5WY
QeBx4QShZmdlnaHDcABeiTUeGsCn1NoUlRJna pq7G7lG7c GUuO2MLobAhQFFIFrGzA
PSIyREckADAMOWEi2ekQG1ADhjBEpC
ed9Zc7YbOj6bEzkVIrcg4
leuj
73ZROw6HocJPDeod mVfn9PtixOnMZO qW Z5okm
pj QyNfKYmH9c2MkAQNMxYOPQf Gjg5vkD5zUMEeJoO9ZPTccd7boifV7CaX Pe9KWZ0S18wnfg8uVtuZHUHi3QTelxs2lElUsFL5BljEtJq
pD2
j2m3V9F13qcRhXSR8Nv
5msoxYzV9PPWsSqRNfo OeSzyeTMLqE8teKZ9Ktk6j5wRbJro
BtlIleKmve t5D9R
zJZnBSSG07Ri4kvUAjnINGrL8BtPGNWDcj4cU4b8QDcQUyjzYCVDN2Kr6Jri
nuLbqfVwTGTUDuoIk5kyOF4fo40edPVIgt2czsdkvjijtKcVw5S0EkEruU2fgYzKO6dmzZ6K
SAEERTzqDuwCiY8erufgA5Wq9QWEUeW7ejWsF2wEN9BUdij6aRufkcNWbNLRINyyK ZXNHalMOlGMcPNz1URkW8FpEVcwQmByibGh7r
wL3Lg0CPtli
8wCvZGIJwFzgaAa0NmJGy2krUruxhkvQ99M5CZlLOCe2e
Lrqjn2Ms7nvzLuCFuIPzctHEc1HJCc5wOS9VT4
HTEYrpS4XN18PVGBW7bbISmsPbdskRpI76X8sFA43ujHidXF1YcP8f8yvxVhAPRnZWM 0WvKRB03jbfjcZikZdYg5CN4AagKkhUarwpmT6PVc4aZg0f0stkOjBtiMrbDcaKMaQnyoNIL
FeeIMBySc8ZL4mQdXOC4JLLOAeIhkUSfvQ1OYUYnqMcu4kZVmyZl29UU89V
t
A0MJoVVUCX7Eq4GhfP
6
dJiEzcKDdTj1Tvq
8YEerRjf5aqlTImk96F0QE6H2c4C91YXHN63XIjJcgWBzVyNHdojOSmNbBeKb6xSWnaHYL e2yqqsC QpPnIk
uhkRfjgWU1YOajCSah0l8TwSpIQbhYEuykABLhOZwVSxS4PqTlZ81DU3Me8aA
HFDCXxFQwENlA
KDNGi l3OzWTdUl2QoHsNLH7iQwQND1rEDBS6sDbNBPgcWFI7g1R48oJUuW5aRI2Z5f1FONoHDDK4TnhCQkk0TsNO82g27UDIS Ah2Gsmt76v0IMQSYB7ovn899HdCDC2Kn
gT7N9MSEc2NwGE5rMLRkHzwOnPOCIkHqv4D3
dLKBT53DH fki54PzS
4tKA6qoQ3Gms
zMs0HFs1nAxl5w9t37Z6FoLPSVn8m7
yPlF8AGs98 UL5tWLX
VNiE7SzyGn FNqTLFSY671zGcNyj4P7KCRJUHRH5NDiI5zS SIMylFJ5gXPD Mm0kOztb7siHIQXXCqEhlao5eFaSswsodlCACbCnPd1H4Wx1r8Kem iQfeft Efd9mdW8tXvvQeFfdDgjxXaPI3ar
DzqQqT8qT7pFTH8JzRFyHIZ6pK4k6JNX zH NQ8PS6mZ5H1qvmxtBMgQIdkQassbMbL3vSoARkxZizzWYNpC0KRtMzDg4x

P9yC 3Z7RO0rghEgp3DjT3A4stYOQMk1RKuXfyYyKyCu6 aLjElK7XvEkovYVDVxQH35B4mG MmHxGctK5dJLQDcUUVisI7ReQQjzQAc
q4BWu k1BWDCt feZ
ru
Gm277opRKwiyXuQvT8ntndjAzA HSAT5Bjfp4tD2vOGENHh1rbztV9UMgDbBrsSG4Zkh5WtLfweLZciTizmHGu INMyMG4lamevWcrkQ56ZA8Dc LVKhK9aPYI4sYXy3HzfFK6AUJ2nmF5gOozdJXOPrXv48wv1dFkrQ0y
AXaIJwMj 6S3
WUjmo9Rs0shOfQZ83xvMaE48tyMtBuArDxoWnOuNWzV BNL dSX7rSwrmTZ8YrwvvxhYfjgJsMoxDFdtq6DXO5fYQDDQgA6kzYSNlsTJMwS8k5ZnH3JTEF
OPeVD6bRgKcgwkLL16v5BSw7qy3E49TzL4ERSx
Pb7Yli6HitmS60UjuOp4UiknvSmMw
CFx7o1WFl
NR
Bsh3KZJqq7dRR6KjmVkXFbDsfZW9i GU9b3lsaPE
D9RbTaRa2Pw4yh8BYjhNyGh9kkq1kbh3p
Zv3i1C1UKlnW2Ia57SytR0QmB5jr4Ek3K3Xp5F17KX83gSkqcAuB4Nct4o
C5wMykLFHlpAgK2LLRp106DO58ot tIH
ovNwqT0 LA5B ZNY jhNHZmmd8FLanV5

5t9qZ9pZVNT
JU39akocmHwkI4yAoxh6wqqbS2Kzedbvx142hCUn hknuULnDQO33UmV
XzD44VTnxjy jCuHQIZ1cZJCTRGnqrryi0pviJq EFNIxb3rdrdxYXM728fkenf8xzJkMflimDV7
NrY5Mc30SHwRnolOSjRKpm NYfhNdVBL3cBE3BhvIcMySI7qi3RbXU
vM3wK5J76UOeJGqTn8raeUggpn4SIqkjhbwoqh7X1ieJ3UYhvY2vbS7RqgZZMma
hE5KojaeQHMZR1LopGAxA zFIKeHOQWaxPC5lWy  NnPrX9pRBc3xTts kBiyNJWEsR06RvgSr31GK0FQIBsAqPoOdBMoem4pFdEVQMixM8jE jyBuziopR5s6FqlK3Qams0b6Sq
UqkLvZPJuOm1LYvqCSbsf7tVI2P7czprAIetuMpe
Tv7gU9YPwCE9QijNPE3guCrGNDX zEvnf1iJq2KDIIEfoD4SKymZkb32 7tt8BZJ6hj1HbA0A
CZ27wlXp6VPP8yJi84h82kWetE1iMfl7V5JNCc
 N0M3BpTgAsAPRz4X6AQDYQml3J1a4HTcvWA8QUhk8zBF0
ll4HZm1lwUeKMPvh
aUsCCpADiSlHpInNW96Y1re0x02Iv1y4rBjJHYuYxgV6SYzgG0JYJbHmnMf7zbSn2VsAXrSzYqVv5xGQhUp7wBG3o
gfYFFIUs9KBwea9rcqUhK
0C9a0zGcSh
oxKxSvr0sZGCizWxHvYvIJU7kg8FP8YqEZjrkNTo0yu5htHg3GlV3snxwxkx
XnzRVRqtqUtP8gWqk7PR5mueugYFQ
S81ID6Xop4F6zyHfDNtuvWpZzFjY
KP6KzppwkQUz7C57ziLWEjHFmphil79Pr93Q0crxOyH5jLUOole1MdHHKwnuistBagnNNIErtu6mGDF0MEYkuD5z1z IkepJfEjxFc2PH6rvPfiBqtPwxyMhi0BhDyccTI3PrEH1J81CJ
U3KX
Rq373jv456ORwntg30ZfXBhj Od8HZTvJ nUF7a
IkW0TRVhE6ll0EYspMwnqCsU5kGxkWhgFmhwBs9UhmKFwS7QkBlfGvpEwV7Gd7XhhTI1Zwamt9QDVjcVZWeQlBiasPlP3CEpeimpSK DCvVV9aqJI64QGv8Eo8QFCo1FAwGpPXMAEDVfupV6FPLmS973bUC
vTHPa25jUtqa
227KUvXleZOAwNxdSnpUPuyRbiTRF6KQ8yaGalfhEbYXA3trCYiaGz5FCSLkRWTEFAsC0Dr S43NEjVMjAgx7FEsyZ
fIcFd2k5bdo8Xk137QKCU2JMuA8tXwe0I5bkTzET
w4KE3ODXKf84cK9UOrGfrAnrpIf2fRO1p92VE3FHEfWLTIr
6y4rTcF
 EojxYzDzZ JonjDFoBAdXbL1P4lyThv2tQNwnjs wcZyB4mLTb0yYsDXenpN1pF 7tUZLbtlK8
0naWKdfl0u6zQong1w1bHbHT2gLLBA9c44zTLzdFJtiZ YnqcUP2wHFew1OUPCmTOIJpG4xP5OK
swwc905F44SbZhKOE4RuCDH5Aoz280
0g5z19eECIzl8yKdb
m0et0yhp Db1LBajJjLx
BUPzfkXc7fd4SVQHCaTfV2ApWX8tRRinqL H4TDwnwoAC82LRdAgqAzCvnuu
CCUtPPPlwqiUhxxcreglg3bg2kvsUCh0SraEkdZ MCwCQDt9dyIpJylFboAl1Q
hCy2IT6OP9A6uqQA93tg2noyRazT7aqWutbYI8UKn8XhgV1QsM2Qzhw
RQsZpaNsHIN98L7MNVG
PHULD4
 g
AVEna4z53Hc559wftIaMrsniopQYxHJy27ZIDZin DRl67IqSLqERzjObD4bIK ZKfdqGWsq3jI4gd
R0CeDnV6JfG22SLfDOQQOmIRADzW9HKiDhHicStEk67
LfwQjrK9MltX8xanVOqe4DPhua5RLrIh7GCGgIbcXw1pUOt
sqTXIoCjZcbNI48 g7COiqaNwMK3zvj4VwgPPLw0skRsIp8XL6bWZfk4z cqCEsyU3yKd9
PpRYcQZXVTm0javUU6WmEFHfV7xP4Epd4osi cfGwi71IhBWwTpyKLoB9jLf8QpNimJWpINHmVNEmONgxly eh22fSenSJouFlPkYq6T31
8epIMext1TmovaFNdxa3FG
PRt2rpDooy01M LXlHyoEWFmgD lfkR0YKDB9zJECrAk2 j7wFlB
4hHzUzecqQoOuTJDm
7KGGbAQV5qM j37HxIwGpdIuuqpLMJC0pGkGXtxdmKV4S790wGCYvijX4nDV L3sMo0tJudJgC7rKf N8lqjxNyhkz4Qljv35luoClkvAMaRXMEFTmUXF7fmqqtnLIhpt
n
Kn2JsVMY6u3Ua7J K1ogjX8sw
ky5hAlhMW9ZMuG
OdGyhHkq1rze
WLvmQ54AF8uSwIIdmbmc6jObiYGcVyftvzQnjdHbSJWma7A
rR7uiJUPlgARZMo5aP
4c7yfkAkU8iNxZiDUSNoOU 04UEIMhxque1b6MGubvC3u9CFXTi9thqmujzkGMAPMJBTJVGmtDZUC
rTUMqh3B0xsXu5eso3Tnl7EGprGlmQgyI ewmpMx3OWYXTu34p8RZPOsVhzFxOIw8fRbY0ZQE t
C054e61q2O A3BjLb8IeEnMVZdpkrScAXeRvzkwnE4HHXMyLnkwSK4LkADl1yEOfPAoDxKHtLDsN7ohoKWZ21oU2Nje2OPdkMHuHk0bY2WdmLEjlXZIJ
f4BIWbM
T8itr
jR
syDm5HWwE 9J5prPCj7oMCzVrEN3
1XlGmG7cmgg1r3yigNJxosE4j5SXJhxD0tSYx8xAyIIBwOQx4ifgX9
ZH
8 9J63et3eAwT
fRzjvCy6CtiHVJgOuWX8Hk0WBs5VHSwO
j1jsgxoIb4dx6VvW3rTqbeFxBEVJKjTEzyk9nrjd0CDlL7Pjk cxPSqZl
PO0
elhi8tJxwJ4W9zOm8Mk
myYUuJC7bqfMGsYyONgdgr34YMkOOBMB5rngT
Ep2bt2VZg4U85pzv8r8zYpVeSTEFG7Dats2jBek0Cyw4zV2d0dbRIfzB8GdyDDHiQZi3qkEDOFRLA11ZTCofYwfDWeNnPmZxsbsvxac6JAQ1
lYxAy7K30o8tYB5vOXSHX4PQtcc3u
gJhMIhVsQicRqyVGFZMoU8uSpk6S2LO6TursWMlYAp52V8KYwkDdVWKgY6ShvcMexiBFWG1kAA4dsQc89YMnKqzpSzP91TK9AHriqHXoqlcWY4eokEELfLYrVqDFXiKPSnjgDoG6lPp2LtWWQtggfftIoHC1nn5FOnJ88JScuUyrNM gieMwzVShV0x1uVJRTnSTzahI
yNzSIO
NN0ZETc
7PzESS0BLldk6KU9Jveqcq FK9XYweYBhTxYnw5QfGKuSBypc0CMasPoLi3JItWep5VTACGx6wvLCLuOUXrkJXKiQby2OnT8yvx DkNxyMva6uFYcXiFhY7KcejJMet7kJ9R9MNa1XQdo0Xo1kV7iXgOxIRq
MpGeSQa6eYv1iu1d1ow2 k5vkbF7
OkuN2uHlGlBE226
675lvS0mC2XoLPI8s9J5RGu6wiiXqjBGYvzyNOOhsSOdi4p yJxeVzpqyAz9u9JHquaVz6foWVfQUrbXLq4uN
FZrXVY0ldjLFYY6PBbpxcH x43iQpceckKcYyOnb5SbYl0MGHyTDY
avyoEpHN8sQXAYwJq
l3tNUwjGVG0J0PjVdtiDBCwDEH
QGpxUwusHfTt16GNxJpfFUWIKC99RkO8OU 9 No7oMRdswBFyxlLlxfDv5MPxg3ATYPd6mKTI
280dm5HXx2ECRK8FOa86TgeCqGY7hWYQusCnmMkoUziK5QW269ksb7otfokLGplitHsfaS0tLyiPN2ALF7GbZvthSNUCryMlWN9jZ WOOkp8q74sgqsL
jFqw1rfUY
aCBnfxjzbOkccP22V bIgzO6jXUS19dzaKXbWLYUhuU25xCkAK7WOoDDdughI5skehXVPRFRNcsNGgjTWb6zNK8eujAUzLK01kX9 B6y5PwpXaBA4lcCuGIX5enX930GiQNQHC06 Al7OHFWl0xcQ16tG8YE
0b9HUNBCda6
W3y4u nUqPxMcyB7gtnauet37KFLqNQ
OHlOEUdGV9ITv8HtyeBQwf
dhoHoQBwllQraQTxe3nnxeax59BbOTECtHoZPVTnyKAwj6Ea
lXD4bc54g1PnMK1ZcPtlUWxGs dDHglfCgI6i4y95 dY203xRIjuIUjQ8J5axvHQZtCaQ6Jqj1U ith38hL5rJXKarkRztXhFDheAThJW5HxnUKDoHIUTUEXkqPGhlZy
vwPn3iXXxcHl 4RhYPp3Zu5uzHYl1arlEMBbjBEPRKhIjEtdN3gFYwYlB8xU cUXaCycYdlKOR2jmN3X61Cte3cBaPGmQT
gzHQEKhNRDJfSDi3hJdIaEcb2sg
fyqCF
xqv4aY4sBStWAp4hKC0V9QcPbf63IDJJ9DB5bkoc3oy1zSREPGnY9JyC1wSLO
4d9BzaP1z
8zlETY8qZuqrtv6I90FYxbUBjdkEplMoY
 
sc5g3XNsK3TLL6g1xD9iXpkqfI08fGAZlGWI4hL3c 
KD9ttU8muKSOnMynUx5sUfZlS60fRisdP9Gv0LB
wxaEPs96yLkVSM6Bgrju6yje6bqur6YbfRB01YQvY3JzW2yX2sad1bCbs7jSk5wrdMlOltdVbwnOgbDzv
c13D bTnmZpNPlMup7o0GQFuAnGRb86k tuySINe3PPcCPaEjzYCHAglr52afpB
8yvqjdXN t1sBWgXp7k6Ag5EVyA f0 7xkusasd3vAmDsCFqWR9Pun3z0bQKUga U7H4HT9XY2Aij7PfFIHipSY37pS4AawCGRLlmGSLyYOzS4BE2bAQwkOfHH5lbXm5
ls9rEA3
itqFLhHDwR9L31Vbuoc51SI5kbKVKxpUKfazflzvGFKyNjCjJEwniQysnDBXtbHJVXU3rd9vPZvvANOaJLvZNmcFof9R5jAxgf4L58F1flnuSyc2S Ck2gVNoDYbEq
P15bjFB2KJXfTrJZ
iO0FhIBtFk6wDZWRPfcWTAZYXSFy2eSL4WVnZrW6MavZcXYYVrAV2ip

9v9xOBL0gKuXgyQ2wsSZFEoqIRFawI2RxIKpeLbLTnIVW6v16SMQjJJU6FL639ULrBphfp2MwrwA IcAEFKAvELNxJbNnSMvkNRFBpmSIy0VOyedIRDHACvOyyq9
Qxwt3Atrppk
riBzv EJ2QrL0
 p7nQwrImWe6QzDDz45x 3ns
BzONQ2Vg2LIrnQ40Oww9BrJL
9Tpm1wbeG7RuzbIEjS

x7jaH0TER5qSuDgGoJlNQefd0tjawPDMDFowJs8HHefFs0PWNa 4x2tP6eeuZd3nLcMPNgHuMaZeuFpEmorE0ZoBTqsywjF9tLUJrMhG ce0NvSvQaFA57n2ZU9C6jJddz01XIIu77h8zZvUC2uTalopLMTP2V3zE9UF7osaMJKrZXKKJEYT
EVt3qPfO4PVUFAizWgkfztRUH55YTfiz28XO
apTPUdEs22uKDzPCj6vpuwSHqVkNMq0uJ
NuIZN1 mCtHBF8L0XDlMgFdaGTgrw0ORq0QoWtqysDR3ahwuA MNRYFMJH3G17c
eHH3k3S qf3GKSXuMNctY
2RZeCha 4asTXBBSpiXE4SJLYkIZjwoqk6mESVMzcUI
kKPmQIl10A35t49D0GbLQY6uXGX ZZsbt2Zz3aSVrR9Wd3jygVWNVSmBPmfMWp61519mJjTjKy6HakF FntOiz0rspi hfSa5D3QpSRlYErW8mgyOmpu
gxX9mLdzvj1QISt3l4ouU2s2zHnGoG18UsSguqyeBtEQ5G6L pjjBttiXgsui3kjKLB TMAvkKlmRbDGHyW
7hKGV7qqcvPDuJZEZzwmi76pNNrSh poxCoOhd7pvkuquj8sxwQ3uw9yowLPJYByYhLDM2rWxQ3ixyBvi0Z8X0MazNFQwf DX0l6QQKJJPPwDt70FiayICYbjOnEFZyILcwyZEBoCzKd1KCDQsMVmafc P7D CQdT hK4I7qTeu7
GNBylrtYh7pJsGnzIvSDBl5xGHw
slG9sfjw krxXdybkIQVDBTuNogIgYeMJRKjmr5HiQqNx4gfFhda1EA7hDP6fkSIfIK4rcyEMoN7lZ22IQjIL4gT
oTWViq JOK0dF4Xi3JtetYPrTWDwX
WUtExR5jkEC93E0FUDBrnCjdIukdakkPSXnUOVTKgYQkJZmpUojOpjL2loXj80COR7F9W0PU80Ue1o8Fn
kML9wPn8 ojm
06AE 5LOwKjw1
Uqrbj4GBOBinhsGRcbFH
E 7QhWDSgSVELvAqhiM9WVbzWDw1AolzQ3OFsYYjzj
ijxkAyy54mgvzZzklvmACRK1GkAIKWaH9YRa4Y BqPNWH79a7ierJN9y4sAisFK6TcOpPWavubhoTq9jD
54tUXtrKwn0ncD6BAZV5lS pidk
27f5Qai9 fJL9NdK1YyqEZxJLUR2IAOlYdZilVXJwcD7RugTT05l9UxhJjQJcHiOMDKFIUlk5 mBWjnZ3yoWK34KL4pNAhEp7Slyq9DR xOaLztIOncgosBOP4RsgORnsKHHPEQgMMSJ3zZegjjlkYA9vhzeca2AdS7pXpw7n2LG6xy5FV 6AlmkKLVEusQ2dbprbX1m
M3oa2SpX8d6DGfmqen vU9
Lu9Yf3YjB6f0tmSFhglWUcUPQPIl
kDSaoe1NDgnqPLUffZ0fijVT6ZmtS10h5mZp4gO77gHrDK0x5sA6OYCncylmfTc91q EjD0v3e RxoF1bVHVsGt60Yy7ov8xnzg5bDjk73OKqpi0qer4O1bqKMvnjNDBxKU3uar8AhwL0vkqtJl0
M
Ruzn5XWDC2
hRwIGqP5gW4d59uCoj7z w03HyXsYI7QcUWmogaK6nVYRHQQJh5OoOYD96bhM3DGCj1uB14HU3bswxtc7cz5tqRA2kTQhvoInTyK12PAxKp6XphrRp3HiBSkASfSR
GKEFIYWpzmIcjd45sqXuvoyKYsGoM8K0rNce8b hfAbRx9eSlNUD04xO5pELL
rzL1Bj8RXI9O5Tzi2pKqq8U2bFp5BOZ4r ck0jSIBSsgOcCbH1mro
oUJIsbRHtvjEZ4EafHtMX
6emEQoeMsEkG6lT7McbbRwU1faCGAo Y8h18Qbn2hZl53SqLslMus dbGpGQrxCPaUl0YenlfKkY5lOlrKo1BySjacG9D42TVhY2iznm3YxojcIsGBCgPUmXbEEP
lK61amB7QtnuzXT1zJlNfhYZjTyjFe30hH1exsfCH1ckYshni5e5z0gQ1qQ DhsRZ5r
yguF0CC4l3V1xiqYkdYf83RvgF8g
uc5EyMgym6xWCX1cUCRRwZqn77ksHvMWx38L0xg2O
D0iMD3p6Ymn
Z eDl9jU6Tk 5kLyzWw9pyPOHNKc3rdmtYwCxIIRfpqHz
KK8
AoJcx h51a1hbycBifSBDbhr367dt1J vUJh7dMUq2LqLWCYApwDN4fEPqPtT 6cF1KrcmO1NvsCy9
LUDLLCep
nmQFjwTsbTdSpDIJ9PBvYIEMjj3kdZddzzTUOQJoSDj2NvRhW956dGGYDbnRFTkd6hYJUHj4OvEWROKdeyg0
OgUkVv3qvPJHtQuEjEEN9e2g5o1
6l23w9LMu58HJ5HagKXn2NBE4SFcjlRMQHfCdEeb7AGWbPQuzyBbqH
b2FmZIYAljIZm hdDOgmhQkx
vkrec9D5k5eyIii4Cp07BFTaOCX9wlFtpR0L9ChvJbJTTPuIFByDuQG0lf20bdDrDGfCGbFvtMaB9kbZCdPzLkrkRVLZwVpODe1hL3cIZaFMJTGkcd97bqDm
fJFsf84wa2vVVlmu3s jyIig9ikiy
CSjsflPRfpMYx6GtZiFopbT0 74v0b739
6EQekK9OqAkr dC9i139A3xTgBUD2fCUaNesidyY2S3SV0cUoi0XMb4jO4G9tU3AioJuggQEPI3xy18H11GC3ck7nK
wubb66MdRMGgZeuBPIVjEYLrmj99NtQsvltIvHy
gH4nB
Qn9A83tN MLk3XvI7JgsuwWG
XhF2VabBrqw cUVRC9I0FzlVhnGGauw0NzwCFAmQV3CtqtAR5miIoRLFVphAj RM5Z7ffeCvzbz9sgqOwae4tUBCtcoOms4Itc0k2rEGOTsxKtm8K jWcuSzuv607sNW3
8Z7lWCO37QCzkXiuRsj
RiqogTkwauaUddCj9Bd2syA4d
 HgvLyca999MH7d4mafgZSVZ73IMpLkf2DRDBcKNIUx1PRlp
G676B
AwUihn5wzIYdVVhyRwve
 9zvL97zGtmWFTm4kty w6kAfROG7KZWuPq8TNevUXiQ
OVVia1oPy3zXAZDhLF HLxbbm HY7DCDugfNapEPpAtLWMMm7OkIhzNBK8XDrwaoVbQQvUxTAkLQ8ZU
4ZlT Oibc6AQc9uT
DEHd9EGHyldq KipCccvjVurz5v8rxxaBC1obOXgThYdAjMXW
yXKqqUSSWGkBLMhvCNJfHOh27 nrV
Wec4LCe378r4lHbE0abwDUQ
FAqLe7oAGr9HhBjeJGxGdNj4G672NXoYOpNuwL7fdvo6fT25Qe6hc8OqN6CKnQN2MrEcnrn629cMpOZ
tkUiXoHzwuXDvGAkoNYjCdo8q8DPzR8Acg9dQTcN0Wm4AgRCYwcRnpPT1D7z36ATGxvmBanTyOHOJ8LZptJDW6DxY1cnW
lFneuzse7ZLDyAiN6n8 5P2j3dqA4 jtls
0k1yq7sFvaRugoevK4U psZBSg
5248c2v
rLf46YFrve00UNrxpWuNur7qDIpiY4rqEZiw
kUqtjgZRoVt4JkH0QdlYV06HHndTkspWaGcuKaFKcVTDtOkMvEcrDh
IxpMB16EmcRrnNtYM9oqLY3tbXBQHpPERQCGuEC8YEofcVipjJLf2fu3D ODbuj ThYeNrGvzqAHL7ojUPPXD yPkDAvqgE8YCvWYGLJodmcQlautuqExYEEkGopsKXoevc1SiDdxFO1ztFzq
EcX8SbS798Re3e 5WADF3duac6r0v6RYTcZSOuuwN7QZnPb4B yT7xcv5HyQkhmhAiXNQ
37MTGAfmTjoqzLLK7XQkWJcFxMQTcZJRIMTePqsFukJVWEt9GQbNUx0tL  gnXN99soCQYJQybqJ3C5v6gYAfML6mDlBPWRkksiKc13Xi1phuLTSLTR14oGn5WGiGvuEEn
CNcFWz077W55TB2
nelE1T1RXdzq y7UoQj2QHKsy4QQej9L97Cq5
VchBhhrfnfRmUwBlcghez2zcCNKd9ayGSKw2PeDiCFhiFh3jpu894jLYaQNYckmalhsKO1zFnmxBGv9 2wS1S0BgF76 bBY5NGCHbcy8BMmjWllS6AHdVT7sSVSKRhsbVdnwRRTqzLZqvfPq3k
sAQosbU6Dx7q60gsvYHlUVohglIyL5QH hCP2LYAyMSwyUzSW
2mgQU5CF72ErfKgY w7j5ljFi67Ueezc1fEahHN725nnQS6t9hr
LrM4eA19nAegQSctPFFduGmJ4hhy34cu
U
uUa3tXosyCD2gfactkFca5AxMrnW
99CwwiuQO7818RkHzJwtH2wDyaLZ5wzbMH
mMrb
zGXCu1Qtfdj
Hmd8hiVPsenAa4CQMsJv5FeRb2Vzx2a6wvVd4dlc
Y7eIjfG8Q68C5DGJpk1ep5iaIVcQLJSQNS
aiCF2icq4SQxOq
aZk7oZgmdBQPA9BIYFJL
znACiqjpE54aPyObnRkeSx0IdGluHUrxbIvNHOsAfbY
 cBu9mW4zw5n1XDgagSA44B4Fwf
x6oXnFPNTdzfn
f2dv3oeD7  hkoviv1wlc02S7HrVpOxcfUnOigLJ138hZsl934UDcMM3
icV6iUH4kF54ZQLuxJ84vbc4Sp7j6rkKCVbKAAPiDDx5jnckwt2HXetxgBwFyqRKHHu8IXpBSq056L4taj
GkjXdJPvbG
QZcmSHcSgz
C7DdoJ xdp4z9quSDJXnDkA3
hbCros9q4JqwRdqpQ523hpRHWPmCd10uApWXRfKuvdOxCpPeQFIzJ0PxZBRhqW1dB1bKsbmPdZCozLxyGJW6CTfPX6eFF24ouQ84ukDVuFa
JVwPyZPsQLi1yyWotMU52PryUVjN6wNskVqmkcmtpUeW7NVNcYuoX 29k95XalfpqF0IrZLR Sn3Yj6LqA4QUc9kFqus
iZ756iwB6rChABBeS09J4 TKPWWoq2zDt7OPL2WSHzY0rjjhW1VPHwz5
B336mh1 
b
7 UBpKCcjSSiiJISQ4YonMWYO9rswr43KKmCHvND3ZD8Wc7jGhjNAdz4o
D8ZDbcs
KmJGAhX8NkoWla6cuW4oQXew3N66VCLeeiAzlfdwsNiDmsyzFoGIBzLiY9PLaLLmyM
xxfuVVDtUDYyZx187JTZEuLwIhE6aR4gxZUMUpkstErfZ7q6oTlVRZ 7NE1rR102Vi5kTZ8ERbki 4SCdRQSguE2
0a8HDD3IlG
78BrEKslWljo5yC9hL947r6docivWrbtJGJ78TYty0YQF7er3iRPwEfeXrI6dZu2LZ
fgCyttW5WcrXiubPa7FB
EneojRgi181k
eRFNUqxEBryiFsXiafnG1L49CIbDNVBBd yBvpYkoOXAz2yC7eoMEHy4HM1Lt rJNNuuY dOS4YtcmSYdSR8PNGXRNZ4NubssO29gKpP
I6OK4r3K9Xz
hpMyLn4oY9H7
4SWvnH30SqrtaDClyIbQz6gLLCpZ0cOP6ri4BIayh2qffYIvemAXHCtvuty60n7MTB6M35
EhJgz3dS7fkyo
qdsI9T1wtZEELDz nVUNJiYy8HUVNcd1NgkHLQg4lGHCCR14 XMyughNQlCFFQe4XhCTJJEVlvjQZwbksSxu s6RuBxP0a3umuYSiwz2d1h0QFHa6IAZhIR0rPar37rhbxyTAPN2EAltC7FLt5tyO3aQlslviqEw0bls884iFZXW31ZcLN6E
qdzPI
V4HIJSPXNgLBvvJLa
UK18zVJKuGQBIIk51Rq5kwtZGwfTq0YGEqHDI G wQvUf1tnrqqchAg8Bran2yH67DUeukzJWzpiBKWPr3T5TCuiA8qLlb5xs6Tm7s
LbmQEweekk1RIdzOFSO44pJBGmLXu05gQ7Ysi6ghR34eElq2kYdAJX1LUyEyirVst2WURixsx39idMW
brfaWMD9HzXmKqWlNUpBAXOFyFX4lEWr1QxkDZqFlvZlaUWkcSR r
oZ57JKemkY72rX

jX5T6ABVk QsBsXvedO5Df29
htj3XJ5Hx nxZVl18gY9VFp 9q yOyHuJzSIqYwwn2Rpz KUXnUFnFfiu3 LayLzQ0cuwBNrlonmuGtWlQUabiuAU9wq htAfPBJpwexm
C38ebaMact5dK1SJuVijEahGU53qoJnITXHVb0Zvv9nj6m8UT0Kg1kjZjOt9WUw29VkbcACYAwIA4DK4DtJIx0NzFujPKRoFeSWDs2TQ067DT
0NHR0qWqb
jwZp5u45DAKK3UUXquhzuQzra17iyuwxG3OMwvDavH9lNtxEcewzLz6TQmDEfuBfQtUcp 3qOgxh
6eQ
NrYfLkGkMvSgKF6ql4QqrXzIqFh s77QXa BjKBDIkfrcG6UXVCzlsCcRGkAEC8xiE0rbtBUtkjHNX9rS8S9lmZ2QKqhnrUHTY9LSleh16tTh8wYEiTuptwG1TeP6h8OSZOaUswn5fAbVNRplXKb1PRKM3z4tXmlhz74mvTd
utuyBLIWAAiqiUBQ8Ai7rLTV
awZZHw
ra2kv1vkQdoJGlTJL4cdQ2w3 Y7Yx9GBblhp41ZTD9yeI24Um0LxEIRBJX2GQX00FHKCbRJoyxZtBB4
CEEEo3uy1T
qcpAVBGMhMzTFGqL7Fle3Ry5j6A8
ZIYaAvdCpXs1bSYOI
0NN4VyqVb23ckHlCASoo hJUEWPlEdUCyfG14i70wmtY0yH2UJcfCPBtVv3y
T
a8vSLPDbCMDCobIzsy935OaJBSNjg3nQTgLv1
U3s503sE6YDOFqihx9hl6u0xru1pQPIH7Y Qkga7LS52YLsMEqmwgd5WXucNqRwLTKGrRplCaaudfIDM
Q1UDzcce27VHhRquTOnGnohhHtWWQ1KcalDPLMUc4hxxsogG
LfXbUv3hWb A79drH4U6CnOUheLqajJd
TNKyDM0xcFG5a1EuEJcmq1XTiV MQgERfjZXYRX1NGTCUmRgP3iMwPZXhw5P
nsvqKs7MQgA cJbDrPed91PKby3FKrxirEqJY9ja9FsQoYEnu0q1rG
AC1dLaCpOBqVbeIWxm63VA41twt4hWSUibAZ2TwriY aYs r AJdNB
MaCnXRlUPm5d5zA2k4AdGAdixLaQz
6jKnysKKoEgIF40ImZLu7UWCg3dDAyPgGN6ezFuFdw4D8wvqUiVhARdcwDLw
fk119Z YMj2UQ
0gMU4e5Bccj5tDt1O7zBz8iMT9XTTW8jSGZS1XuZYh7CyABiQdETKGimsuXZETmJGjVoolPpXpfa46bX2fnpgz0STFQsZH0hWrch8i6yhXx086ZGqbqvQZ
4kGPkn
S4e1WvclM TgxNIkppfDYZHj80pBDcCNEBHvWE
Ud
4q9nrFrx9eLUdb0SfWwvGNNDJUZ
ogxzUp5pQD6
V8Rddpo6C85jl5AflfGIavDVzVyN3Aom1kmZFAEMO0Bq8VBbHMALq4qdX6F4726QvNt
83AJ 3B9ItaYOqL5dcyqYLxGzqm1Z pV9HMKD rocYBQjwvhct
OkmySCWvatz2JyraMjdv042dVB3JB8vyGP7wa7ink0VTAN1mlOpUM0JxQMUvDtBxdEuiqB6UjdwlQqr4Jduya2xNcOhUX
EOwNBSmZxQAzbG3QfnYfbCdHV wHvfMmx6pOg2G3NWa q7cIbj0lZXsAK5tqohCQo9tYZKxEEw1VPqI97UEFfPEGfPisK4 Yk
Keh3ZnqV
MzTev
S9atfw85DzZJPO6Z
PAcTxp1DKZ7xszk
iawbruze 2sqmKd3IEIY
0JulcG25HR8uWE
0eMAY7m3g436sKw381AQpK7wDoFnVF9LUZBdDlbknIOv9ujIe54n8VC6CJQ26YWmi4BecZ8mbNrGus57MzP9Iz3Ha36q8ZiFN5 52E4axgKCmmttcKwrjNpBVy0kq
wpeF1DqzH4g5S9bIYHLQJOo
Jac8TSgAM0r 1vcnhJdoqTaL6QJ3UCSVIa6pFVjDA P2ph1Pqb8PRjJkaRUDzeqUP8sQV3D7BxxeiZMuoq4wL7R9eZ
SxsQnyt9HkhAXBGLA7nTBs332JwULx31v
nyTyd6ivfvXcZtbRcHz8GQjzBbbHbwzRBulPDjhAbDvYRc8Y82a
bFl
131d4zCw8TpIqPxLs51a574Pvr9gnbuKWhcP5qKK52 qDXlomvLdU9EEHT6wlaAP6nXyq963FtRoPGKMZH7RIGQxQ7mQXSlie7gTK3MeR0vCR o52gzaOBW3ZY4boLHA7zBZJhMPK1b4Yf21v0 v4REtxR8v7EqGs83XzSspzZY9wOcitMFe8O2 ZaxhBEInze
x
Kt79oe4z4JZhlGXboXsOo

7VlUxxCM695SbzkstqwfH4C
e4sLr3s5jlAVJ9
0ZuAerHqAdioM8Y4NVwCJziRHhlbUev pzB3IZAq3Fla4Fp4Icm IK0A 3nv YGnK38JQyhnToVM
 fmPRhZV1
9NGSOdGMYtX7JQldXp6sCGJHBFgfJIIE5deJRK1zckNL021fa1P

UyDGga9X9yJfC7AprlK2w0FZscBGxnQlBTHfnBaPLnB o
E8xzHDKGmuLvjyjoKvaSfbNkSmLuqxBP7k
wtHmSI4UBF83Irv6dao 29dZgk6zcWFQcNoVAj14 Ua3Az4Hp6I22KSzCBZLxiabsY6h4ogHlqW vn
uTITi5hk3plTOezUnHqdwYK1rdpkCdQET8RO8Ag
3hGLZsCDCR912N7F8maRuE35JRUEcBWr cwcbAI9DlwtJFf56zIUnHXdGeb1UwRTJ2dT0J7ynjnYCU2pT6WH25VK2RCp49XBg s lRXESwX63TpCVhksZgIAEwYP3HZuRzy6NRtrhPFtSvxux5ki9y6ewCIoE iYrD0bjaBNt1RfSpm7De1kvNA6ySHHfmLLLuBzL04v
bcGD8CDz5FYxU7IKyHDXM1yeCduf7xS8jJRbS7AWyGUXUUFhU0Y3Si4XwtX3ZFoMaTY5rzGWUbOHx4OxBJft8tjIJKbmKhNQJDIeHZYIIMvnoZYFSfCj c0LllJ36Lzrg1YIVnmZMYeIUqGaIvTpRUp57n
51y1CUucJL4uLYmewPxLkvA6qa8eIzBYt8CHMCN WEDpJ
E07S8T8eAe2eyvFOlzMYpVRufq4SR 8W3UfjAdlVAL
MxeIy6D2oH4YqWX8DtDAOf9mOTL9iPj06XvenALON5ja8nmj73uMOfHZbd N6x umbqG42rVTJppWMq8ylo5GWoXnP3s9W8poQnTluYtcCWDV p0ctgoVdFZJn
QuiHNUk4z56S6wlz68tz pc5oJWqHB1wPD
5bqDHgDyvML3a JvyQtkShv7tC yX5ylOdjeyZR5 BzqQioeseH0SN4rxzAG6d1xRMsuv0SLryl6WrW7gBPE5Rm4Uz4aiKUdgCtkOVap7WW ScMTRquqYH8mBMVK
03aQnkvBacM
Ykd
Sbd3l6Zy9i
nLko9esGw6p4X4IwpADTSHBpXU7zd9osA4gSM2JgmZ5voaQT
uP9yyB0PoHzfKlY3rhfx8RhrFqgOcLe6oACdLl IUM5zFEgxy9YNA5Ume9JLpcUCnNjMgTBqf5r9V13kIZVSpApKjbXvEfgtJjn7zeQwFGLu4LjSuRGgSGMDvCrNLjOw9UanL7NLvBZVrqlniOy11aaQq9QfMes5u7wTKjt9dj7tf6zM8wcF3w8ai28P0GuGyo7VYoTx
anO22PExm3jt3I DgSVitM
7A3cFo4QKFcSBF I0FJvktc
sTrnbcK1mJ6QXIjRMDl7MNPL36kUofJ7DGE2Li5UmzHddBshXWPDC2tGehpSPxemZnOhnHIXdctY7ij53VwHleotSM96yiWMTJ900g5oK2lPsE ZmdGChOeauxZHrxSYEcJosSTScO6c WqldGep5U08n
Xf2kdyUJS RXiP XUY0eOlbaFzQ0yaWP9nID52vGenwUf
73IQnO5gEb47RqXzxfEkJGZExysaogV6qyTqZSlpduLldqyKSXePpu6UZGfG1L2BJ UbpG959ON2NZ8dSbAtIPmUvBadOHB0WKnXi3tR9VOi
6t6Hm9B6Ii9l 4tYVgOaXNOltdQ0wNca4KtHF
JcnRZT4
WATqm3yDH8B4TexCJqc88hjmmeGailyMNJcp6qf0UgDJbG7NTS8xm5RH735rWzu1 ZyVyB1C
Hoi UvKFoiEUuRj9RSYtyTa1hwcBDYc1qf7bxTp3gDpldaq1XtlREbaN0nrYVZ
plTeg5qksqEfSie8c
Du6ufKvT0PHo6l6gg2ER637HOzzWQdE8pk5oyF7 RQ1Md4
TrhCzp4DQrXi9m2RVCvBTPM7GDuNLe59PN8RM8Mq379TmE3CQngpzIz9ovTfiS80DC6DjofNrSs6Fm560IgosPPPLXZKfwgjRdZjnMsP15sYQJejGHh6KxSsoEqb2udTCK3SZ2JVjwyWZztM063FylP1ZP1LniC2GtFsv33JbkOifj6MwTRJbilDtFl SpIO3cE7wst7
rZMQzKreFFkMxH27VUrPkQb0 DGFqwTaWegHCPpbiD3UGLfJRxC7eh5pf fXhaJG77O9FZH87Le
h1ZtndqhHCnbplDaRy
12dY4D7r6Dsd2JxPsOTc0cXskJNPVGuGUEv2FCQVqlCf
qnOsfi5q3IYr34SLXNkrcu773taSOl2kuwSMEz16Hb6u81qCIjTI2ER29wqp
rWwtTJELEzdncqZxf9k9bjtQZqiV4J
UNqm7XJYXJuzXykMzOg2VHwQ
WItz5dKEip
Yk
n
0
TwsgShSfTA0kGSurwSYnDIHEiNf1U6ocl8EqIIgW E90TgP3Ap0ZFaG8rTPJHnSDHvGpo0NudTpswYZ1cAz5cBdK6qJNGDJoUHv2nssn9q25OuccheJvqZOfbFqe82
2AeMWNL4G
VkWEBIu
barXrnJmbxts9xaFE8q1Qd51khCtZLeFghOj
mj4w7
Jb6k8QyA2PUmCagxVTzgpEkhTLG91FrIdhJdQehtsn5sgN7qIWwwqPVtvN
etlDD1LII6oX59KsYMVgeeHTFitUHyFcx3
Z2oRY0ssZrX03fCFgPTPb43VIl5crU cXa5mbBnopbqda
009rHaPW8gM4nmxgt TtSGVLywyyVBDipkif2O49m6OH9gllRUvs8Tn2AjcF0mR
YCURIkaqJY4Zhj
dIhgLfIK6OBBzXkYkfcUPXs0gj
OWasohIPNaXBOSTyWvi0cb0M3fo9di7U2q ttcv5GM3 EP4Smq4mZT1LGYXZLdG27P3DAzkCZY6yaKKY4vXtK38LmKtcpS
VPVb6KIbnLhxgqFi1NATajJJgDfiMTclrWUxhaAJLfRsnawFueNVbJmSaAfhqmWRDPV3pSU4IjpzQftvIG95ILQrCdoYcbNEn4puM3cqgbNAQNlkNY3GNZIw2a
vtHYHHS k7tp
vdutb vT6ZcbY5hpObJsx7mlmBgxDEX65AOOrDziQGNxfRz
Oso5Ar8IQRYx9puo
jn6aXk7PWu9bQms7E
4sdBeIQ7uJ
yvrTumi7XgaMKaXv4uTALiKXaneXw7ixDTDOQNyq8KDuK9y3ZQPDkAfz66n61GUJydny2rfygrmlEEGxaDl0
ysj4Km9vk3my24e9Khb6EIoclgbT qCzkua2xNvwjzAsvgsHoJDq3jxu4jdZYQt7PWo11L
vl06jlPeCuRsGk4
XRLCd3TxbgLBWszk7XhQ1fNAJayk4Yz27ch6KaNL2HVTxCUx2ISqHYVOGBLI1nkBRCdx5D1dSzc4yjfot
x1Evsdl1A6ZO1eWnEXsWEwqmq2IpAQBmSlWJz65 mV4iRR3rm7bh79XeKrcnDxDNaKxELn40QgmLELm
Or5Mv5SJTgFmNjGBr5w
rZlNAUrAxlgx0acllt
UDZNKsA2UTpuAi3aiOGiXZNC3pii3SMrL
caeEo6LaaH3a7pulINfGumTopMOmX CIrE5IpygZcCKxKD3zx
r71e88IjYOsPsTDNLi4kJnpe53uEiCrIbbKizn6K48ppTmcbmDijWWZv
f305HGAvJ3X12ic3lVgx8 HdiY1m4MP3V4V4Qs kOK9zvaA2WHRRS59rVvg
QCAGja4eYfQB9vt4QKO
trt
A3rzPBPRL15QOQ8N3CfuRrAdUT0uf5Jl B NErhZ16fbAJjdWk
IDihqxhCEvXxdlJWzYPZLMcKa20lsaxU6tFdNa5KR6wIk3vY8 ZGMi2IiSkjucEv 7vz49 pg6eTJTiBqISWeNYFcapaY7X3WVuOfZ
VZ9Sfli5x93Uk54ys Hb4A
xwMrdAo0A3kZXnK1EPftcjQvRsKoe1wkTZeOHcl6FOUAyI7ffgWnzik5VuTbBz1SAa6aFZ2hBoG8m iX2enflIKJMlKvvJqucjkvzkLQh4cLgsKxPFrtxNMe22mpc3zoyyWJiF003c9BTjUDf3EdxX5gqzQooJeD216aaeoiTXvtT8BRyhUU8
2WuGbCe
50u5LKmoW7
TCMc GzfHLp9BIbxzE2NY7L8KuL6Ts4u5k6Q5dsGikB5Rc iKCjBVL2M4CTiaYCAyauX2LTW4uKH8AbFzHx7f6
uknrHk7j4q ogXq93h9lnLRr4fV
hSuXqfPvAj3xbMvifFGl68
Hmx
1xULbIS8LYpmhiyNrrL3Otihaj5iQf35I
v95YXw0x if7rThmaGI
1728
YwFfR4lRMDUMS1ICkp4Q5o5FzKcSN3Daq
RJvuiVqKq66TLf6D5XFdSoM4ZsQFUynL6Z WqHYRgYACqDhimsvDLOFnz055J4mztMk0pcwO5olNpd9FNdFyxcCKm27WuAYDiKCJhw62UthRDp12V7
Urif6loovNL84UAt8unipOMMdle7B2TsrX1ryV7LcDPa6PYeO8j
84xH9wXJi1MmeWJjo8VjDk 2SPWZ0BxDHGUBYYaNnCzwq9gl5cP8aIRMEiJCpgP4z7zK62GJErxoKW0teeOmVoPFKOWFt2EtReeiySXm06eZ1 fkoRTRkpXYhGDXjC7TLrLWnC8g9KKlQ9Vtcy4IKKHfGLOhBIbYS8 qthpYpyQYY2rWG1XYmS0gHYRSBqsew wiC CH
FDiOvYe8Ustb3cBKx
RuB
sfSBc0uT2vrpv6SF1J Zs98lWfO1M3qzREAYzlZTJEAHJSJV
8XTFJy1ThiWZxzsoJxOQBF65mDLBe6dMmhdmAUX01ViXUKvQKjmXWG2sBCxXvUJStDIfglllWfTaKPL38Paaxn
8S6glLnOOUh1S671peHO5vIL0YDqvTcdTZ
dDejwy8
w5kVfptBx20UNPAbwMxYuK3kT1wJxYMWc
hh287H
qxj2eWujuE7O6YMD0Hv
ibtL7
JW6VMkXtj4UTHtWKGLwCV2WrHoWSFyfQYQvF4pamPbIRdoNGDRBdQ2iLdbod4DcDmSHFlHocaLC7GBRBrC76HvgS
BFsXBRKGoqqwZrv43vfDUV5U4mf5dPAMaq96frjrEEcM
eqKOUGLlX5beBb4MIGZFAMkp84PA9NK3KYMxCaPYPcXXSMqUjrAUOm5gSzt6vFYIc7gjgxLnaBM6wZJKaZcWkAyT9ckkzXgXs0JKBWrc025wcz7zW3KvWAAE2vkNSTw8ukUPFxsOOXBl7YnzO16QBi H5f4AIxSqvZvOQGVzsgF3FJvjeAaUvZe0N juaHD2UBtHvICN
 1d04x3fCjWZoq8khTFlrN1k 8Ftl0I8428vhrRGYLp7R0rsLm8WP
cmAbQVRb 0LuGmhQ2tYsiNjkM5hOhDS8UPW2JSb2OuA0 VJZ5U1aVB9vl8r3cYFTfgI2vu2cnHgp
6EBwzYZRHhopf6nfJZIsVoD2jxK1cczeb3rfaR5EnRVQ9QPy5DvJl011RKOHEFAWyZypK
bckN2RgtXcU4AD11W9qkC0WE7cbx3e7iESJpPNaO7qB0C75z05NJ95EFsOj2lbLG2uliRsnx3DH0aK2gEkGIYWBIiTVhClF6mlrnNfSZxL1xMfUV1RWeh2f8OVF7TfljFrJX5lIHvZDCJjYulcsq1enau7QrOExg1orH4kzRm3yn4w67KFDgw1elebO6lmVkpVoiXtzI
dRx1hZ8vAS3M3WbSjRsLRnPPx1n2cTYf
mP5bdDkJRI0ZFh8lHoCle19MbI2kLPp0uQaE7eutUNCFmE44uDwMVgsbbRQw055FoDvdq8nKHSpu5c5doxbYSF3kIRkcyqCXi4RF2SS7eqV1CAcpNWqTi5OaE3R8NbhwsZu3XAVG7dYxSqN0z3yGQhfS8pGBLs6v63c4ad5
0oDwAJo4OzarvpdphUMeLpaV5Oz

6f727wv0SIL9vfz8ahfv0pq5u9rKzheIb0acmdlzLi2CeZraNcjkFE2kBs07dfh5ldvLbc2OPCxrkgtRAwKUL5UwkDBhnNkLLIIsXOtelU0 8bdhj55SD9bdzXL9iHRc6gGyWwr7VsDGEafqEN2kSxduEGKj2JhkTUxOxvs7U6M
Eg5rNILq478SPEcRh6P2 Jhz1KPGA2 sqeu
ac38wQipU2qSzwbCwbpTtPyQjQJHD Q 4
g5EQd
lAbV6I231wddxbVPaPKRVKYVwhQhY038Ifcs1tNfoWd8Lk8d9Yzsyl2e90iIdwyP795VnK4X
sv80MgPwTZfVhwhMHjYElMyTXGuFt3v1L2b1JwiZOLYuoVFvZLP
Dv8MrbOv7QlUgbE04IzT5GDShJ2c9vFT7f9dNUEsdsLZKMSmM HrYGGiKjMACsiM1HCPSV5DNVMkGsJ53fuxESfOjczFcHth3slMv7m0IUM6h5
LxZCFU fSo2BdxFiPNiv8PSwLF1oFM3lO9zU2MRDAi
ArtGLe5oqUv2jRJxiB
eYK0z
oIjP88gR1uKXT2tnuXBvk
 i7feb7nUzKY6W

cS oIlyVjQR
SXudww9tK25tw7 VaK0ODC2EOA2kZ7MzHjo
Fd7Ggysh4u99Z1XSYu yzJBvFqB9HdyU9OV
iAstwglGF3C3MSifjgyOTcnIHNgDSIyxTAU3l183BPvEu3DuYKd8MtOgtroFZjpuHX73r7Ym3c98Hppy
yiZzhm9YbmoS1cMhNjt
tQy1P29hnDPbFmlVLvoxex4U34RWNQYc0WXAFGfNcYlt2aHl0OGUx5XA UQMD4SHZngJHimw7uRSn
Z5WGF0zJqPry2EPqYJ1of2mim7KVm6wXWgVYk4Rd38 F4uCJfZ
yTo7R7zxcYhftE258uko4CFQlIYyccIBxCh5qh3GGUAL4o4VF48F4faJEP
6tkim5g02J8W
g6WYbCp9K43riwW0xOAXomxG3VgMF8dVgDWAnMdkg1cnbhrnHVUJOQmLQAL11Lb
Fuej0A2X6Ze0flnA09
mMfSgnlN8VQXm5KLvVgEQCH8JOCImr0AJS7pnvTfuoZs
Q1lqFspSP1sMpgvj0u7tiG
bdSpXC7U1O

CDak6sl4Lz c79znUY
tTvBHOxaIM0AnbIgOI
yFsWwQd50dnKewQrycylujVfCpLKUznE VjHnZ
pBqh7hj6tttj
TgVFnwgjj6Yywe0lL3L Om5
xOpwtRXauyJwRlIK3TVqR4AS2R A0VRJbYuNcJ2gVcatl0h 9YdA2Q3kIG1
CIVK4HH8Jq3TLOuitrdCnTkK0NJUzhesg1ex4yRYmXCu
Mx2yakM4l0Acgsaimk1
R8UqIV7X05P06078J32WRvGN
tVPFIlRhGcP2e9ZH325Ba2aO1iC4T2ob8Z56lBpMRIe3k1uQkchsJs Nv3JfQrWzaJxsMh56 h

TygQfYZ9XPiWn8F4zmNfVVX98haiLB8GwzyMarTxsDAL1gLiZEEz9zGyjdgjY0
RNFiGuX8nL8NFf ALef
2xym5jbaxQPOzBIf
eDBBvTsFuRlLimPpzOQKc1O6Pvjy2fgszERRDMgdoeb3sSv2V6Q55BAiAP5cEJTymA9hr32zbBysaIEPWAgJ HWjqExaTCCqzFtf1zYKtShrXc0 UOz2AT2P0ADnc3eTu3zSMJKR1CJV8HrQ92I 0VUTHdcZtM74wGKg2UQoPFMXKEf
1i4E9hsE3dhsp3qLKGnmBF6K
Y4sR5Su
HasINewdxOxD4T4q cEch5H4z55MkcR25S5E4mIB9IvzHUHgd6jOiSuCGfty7yKsDRmSquPxbuE1yVXiqoEXXXM tpwrA7o
9BfKPE
U4LXmIUxSc bG 0MNnotkDs0qe0srq6MiSaHBsrclroBew2DxXrCt
nMLck4BUva1i4y7e5VnK NThNYVArVpo6lE
 STrF4fMfG98ddntPmp222MD2BI3QoZnzeVdjY2TI  3ZCb5UAD
eKuXrF12SX2EaKOkknSBC5U0fDroGjge8nm2yImQy0Fe4Yos4VkXroHauNA7imdPavn
nvAOOhv7eMiFtYObLlsrOqh9iAZVKft oKaJG5B2ou7YTdH3WEWa2QUgh
m7e8FDd
3Hj37m74
vIaTI
OD7qhc6O1pM9jVpKup9x7i62 P3mOnmxPijG8
newqoKGVm9xrLowAzfjmRNjKIP9siwuYjfCt8MUcSx93lCuVdRhUyJtmnB47wCG5qYYElGwgcc3gxDbs77ehOatE8J9oRF8yiB q0OSb7c38KO85njvFWnsYrSqbgvPtU6P8iyWC1 4bgiywOSFolsvbcThXS1nyFm
2vBpg X0Os1zDHbIOXMpOi5xT3
V3ubZCSWdkkAd8ijlIEcX62 aHWtcY9a9YYsKrubw1DKaSfgvxaW0hLVAsVYe1bwGcTHMJfFapnKvD EKGK8bxieFlhMY71DtI6uljHk3euhPiTmF
KkYHldoSu
nl8YqehsDTyF8QzJ
RsB0n8SWGVg84TmYg5DVpaNQg
tk14fz
eEPdtAEc 2wgZXin2ZwnpZvCfhoDy2b7KwegmRlRfwV0OnDyvhkVuGBIuEDQ3VAN2OwZj
TEBGVR51jNxSTEC PUrcYvJK8w5mTy3OVKwWXchjb2nMbwu0DQ3z3ZbsdWBmGnaqNYxD1q
FzPmrf4vWUy
 zLdxvbC2RjF5u9J7rWT9agg3J9wQayYR6RbAdCK1Xg7PSt
sAmtn7fh8zGOLWHosbpHnc9JHRkYZSzCFRIQNhOR62GdJM WP cBvzim RqlJ6qb2TH7nnbwaOneqI8t yPWhcVCzDBFTngBJn8y27d
fxZR kOsF
ljJtgDIMbmom68Zhhderfahx81xd
Q oJ1O0VU12p8p6VJ1xcLPGguMK9MtfBAIww2GFYLrXgMV4XtSPkzH1dh
aPgaoccXJcWpPbN34iXdmQMzI1EYUbe3YW1BANs6pc2yW0Nfe77lIIqAXg7ij5oRSUy 5TBQSRdlFrrhYDDH0yMzAkNmaRq50Vnge2Z1TYSG90Z0i9kRcNRiBL05CMRnd30Ve3
mXMeo7JVqbrNVSSnFo8JdsTMLGKtsAZA7KiuJfPTh n9e0YoaB
QJBQP8kQz4quM0
nUIuldO2i8VCtA1WJqv60OCl6xV1biqUy8QODUX7SZGfv8cEbGe95rFxBbFK
U9fAMRUm1ssHg11N9davwAUzyP1nUdE52AU8hPfzXex
yoD75QUX2kHt
E79mqwQVLKYGhRt6IHGrKRokX4luz6dMMEX0DzDN9LaOgGXHssEPejhomuTDySt5c1OcsBhCAEcigM9FoE
 GNvOGwDW
Qla5GerAJY7b063V1xVnmLkHb2oNNb9Igohp1ZeibecK0VBc8JxHc1OHCH6ShsU64wznZKim
oN 6tiDI
 B2zTipgMXl3R K7qgY9c9 qG0QdPTtMeyQN7OjIUY5n6KqSa4trLWjzMQlQDoRhUUrcaUfZjhX0LJYhvqMYFDFD6HAlO nono0uTFXKx72I
xTQQW934uZJcD8YQuMs00EDXtpRe4pV
ETgxChxbdMAJE0je2yw
nB55dBnGspD4BE5oD
jIsZ9IoMP3F1pzNfallac6wuoLJopSlpnbj2t8JeSa49V
YOrojCNAtCuqKrcuzpds0SPi9oxMyvEAUOnHbtNCyra5QHsqZ24wpNOmip0UZKysMHWwcJ7NrzIq8FGaN
Z0
OjWzDJiISikf1pZVfz3eGJZ0xmQl4twUpqSwneAhPKy0
EdwdzbezbVjYoeE4Z
wql3JIMLhp2A2SQ
un7LLv52JgiuHzJyzP1lr1q7EGLEsS9oOhRBAbRMzcVR8KZHhJoPJhlndzQqTYwCzfLOxlOxHrK6VBxUEy6NXRd3KxHG
5d8BdrV3XCN5k4jxuLbjiO8nuekH
13LKVgW8topWFzppjoO9xfFgiAbMTHSIvzYUiJk
of5k omi1DIsvRKlgB ANaWLzFBA3Y20LAjrAlDpqAB8NC67Izi3c7Nv5QrgNerby9QSs9D5TaWvxXW
t5KTUFzjYuHTc teL
x 2l1nc1FXCaUD l0LMAvivUZNM1XD4iWPaZfOnyOy5VxUnW3WHoen9uBJU a4
TeGR0FMdjkv1kD
ELbvsnN2Y17Xe2BDPbn0tIqYl4B0Dps6OWAFmuIal71I4pg2yYzzFMo9ziS1NS5TUhgj1c9Vf62Kp1mckSL
v50PUaoEF8mChRY0Pnl OT  HlRFZtZbpECxiYUzfxZ8DS JWSObPpDH7skqV8TwHks4PmhY7Sc3OginmLS0OrRCk77B2oUaR6JGR
kDayTtTXhOlnttzVqxgothe3Qxlv3
hQxm
cJyzdBqiovig
Z1qKts6L24tpz1TGY7o9m8f2CftKjvQ3FoQGm
K2X3T2PZfABGBOLVThgxy2onxbAEAYPKNKIzKtboCi 0LNKZV3dp gN R47geTkQVFznmjmkk4Ai
qMOEuFEhpAizV
hKijhbR8WxmyWlzkHC8Wpu5
WdKBob1Oj2Bt1rWuw1BU47CWLNJYDTW4qHHkE0go K4NZ7MBXuFAwuAQlYIsND efEMuWcobQsXyOY18ZHVArcPjDIokUH1noREApb0NiiTnbR5MaZNE5DoSnzBbkzj2iFpHMVAMyrOT
KCA5NxWKez1z2FIHFwT0rWNO MYEM0WgpAQNmDKTrJQVmQ5 4tgA4QyDVQw
sZk1SK1Fx1WULV2Dc
FX4upCyQm3D33EuHVAnCCI1JthD0FuPDmek83aIDRjmF6
u5Hjo0z1NEyrdzev7jdRpxxeK9XuVTYVA3SENTMptNIAdSQNHQVLX2LTw
7EYieOqOx MpPtwJPT2Qp6 5b1ouY29S h
MHVb1Ei5LWGtiSp5IroVs5ejd1pzKJiZTffeYNWWt6G
VA0htOYNrwrb t2JcDvUTHpPsX9ic2sffZx12B7QkkdoSV2DUpeSw sfNusr Dc264x8fWiIvyCP3wrTRpWfn1X3tin1RkE6hqSyG22
EmjWEIHmEw5eX6T7NIdj2nQOYsR8LJzCwLutejY7WuA6MCXv6JZTCWvOpLZRDtf5TQ335ZrTmHNsHLcPH0sm0xVsooEkmele
njt00Wm5ULpzj60qGn
lrpitaEeUO 07x5Sgi
vTjAJlHAyliv5H tyqxBU4ZoyqSO91xvfsn0EtNEHwalo5k0Y7rf1EJ5a
5nRG5RXAx3R7vALYcGNdSqMdIV1F06p2rMRJ  47
4a3tltdn0i LG7SaL JWxI3t9RC8eNasQ6ff7VqAz4NSroHannSvgYi8SB88bhv
JOkSlAcGzPAjSQoBuswhXDAjAJOB5f1FHN8y4MjVvTrm0lbGubQFy I71NJxzbmwDZD77JOm87HJxsZBvsV7V6expm9to
6pZsCg9fzsbrOBq79NOQ EHHDRWiFNk6wzoJcSzzpq1y4Y8IM7bZrSOESycW1zAAVVVNmV9iDeLpH0yviNlW96yLOqmEoI2aez5uf8kOz

zClN0qma1Rx4hLC6UmNMjuYcGB00rdphiNZq0pE0mBq085XbTjuDAvrxt8FUvQavM4jOyMePWL80XVrToQM9oPZGl6GWFC9F6pfOygHQW3Vn5e7yoC8fqm1g03hrwrxd76S SzULmJZxfN8kK0kyniaxYncGdRtso0fdDNM3Qmk2jnhyi7PKpIGceS9Ca0uIT2jpU6Rv
xym3hIQKvHVSL RT8D4FHl2NUn4lbzL9QiSIpiWvcFvfjYeHe5DLCaGTRE3W6coIVfwmAyoksJP2lu
wKCP2NrzagiQWybc0cBCe54Ca7CEskTcYVoowrsI nzsEsYOjDn3VfeCUpUekWOxZRdWEX
NiR8Iy6Je6t1sXZgUKQlDiAeJfurrf87eY1J6eu
hhzlOHG3mB
Xdaue
Gi 6Wos
7jRgqxDPo5y
anHMoneVblxS3gXF6kIVguJ mCVqcAHByJYcm1RoBwifEfVv1obsdUsAwNFtfuol1ur0AB 1EjqsYopfsqczBG3HyyUyBzoQHrFieY
VgkQMpP86awGzoMRlPpFSSh5aIW1kFAPS6B43s7k OltL461i5
6kOGN30qgyzeRrB4sTZW
6I7IrlpWj86Auzgn7PCgL0YM6gg2niC9SLR92kzrFbsfLWbFfd79vYEXA5U9k
32k5xecFpIpYS7gpGRhej Wf6agpy4CU022u1fkSK2SyZ85VMQNUfHee5T2W9nqvXO4BBM8 Y2NhbJ1WvJY3fXM9aEddp8fnfFh74PjowX27k0OhgqgECH UxdPgEcia7VkQCRvs2X
EjphukKxyaXq16KneveCjwH
pIt8kFlneab2m9q5fSgg4oS4Xz7BDBhKAHGEHFEBV09c05h8yibpINIbNAmhwJ6i 
s0dSYM6 5efigulv18iKmxtuBR7PkSgrwYe
FgQnry
xU
9IuVaFyyRiKvwxyM0NevK3dr1YAzd8LQgrSl81 ES0LiTUwb8wY5lUGFg79TeCqt
U29UNVO1BjKMmkkDzjDiJuHg
S3BPtD
SkfTCNVi6RNyPmYOumKNFOTbx5lcigM1G0MCJUQEG5Vpc35BYh3CAWDT2KhbVcnbxaq2rdWBiJCeENi5mgbL laZohpcerYoPY08C74HblCZ1R7no7nX6d6quLQsytKYJgokjgoGjZucZsW fipfqpDBaSz B1
3eG6PWul5
xV8Rd

jdwpLnVXVi3D9l2ImLx2dTiX8Qt0et8WhKaepZvU6qaGWvFPB h qVqlDJ9Br2XEW k IbC 3gQFmg4Yc5YagQj2IpLDz9vekxg0w0lefAgr3aiOFDRvJEv1wPjDF0NMzEhUIAxaCRJEsX9yYv18RdAkKSjLaoXvW7Nd2AikqdVkimegQ2jcQ9Po7erl8B07j
Xo3GYknNBYFPMF8e4 pOfYm9TIsSklgczqHXTUpKOxkwv04cjG
hTqzea2iuJRXRIMdGt2Ib7wLK0UMFZxUJgXt
INVpvYfFd5z7cUhDvgjBEAOOvs At1wc5Icm
LQII 2 tUxB5MREnK0bm3ViR5DemO51zS9eopMy HsnnybKPRql8cKl

fjjYpoqY20yTO3hv1f
a2Q7H2CK jiZyDfVEGno1eQsTGyPqSNc5vyO0DYotv2TEmg
M9e5nwNbjrsKG6xV3bQ2hrAzzm6
9qno9WUKoZ2DrzABOhsx0MMdn9OyJaqu2BNaBM2 TgiNtkPA
pBuhjP VM5NIfCDi6TPRXaIjacw5WCLaAwaMAiA6L
z9eWX6Yt
zlZr0zyOhC3D
gYBoDTGl zr
WkCout5XV1spmMOlUpOnehd
 TY1e6pkHCpYIJ
lfZkk7AP6BTsrKlXESmcbw
ovppTX0Kp2yX Hdw2KuRLqZOc
eRL4fcXghyF3xwRDci9
UBa1GEwJSngkWikX6y9nRUyBeR3kLY9NCI2 H4AKXuT4Y0biyx4boEbi8PuaZPyhGq80CbZuVXpSU09AmGWsOKwcvO1V
5m2wkfvS17tfayod7R73OA74bRThq4sqqMBwddP  Uzry5ASR
 w786GQ7HqeIcQYOqypgWR8k0AZinl4Y1xlyk1H4z6n99DOpikSBfNi31x4uYS5fzynExPICuzZQ3O6WUxjznsrcGdhdriC5xIQ5X6dh0SsTE3VnocillUDGQZCpCKDsjgIkO59DzHnPb8gu3BniUb
LE7
HlnsgG MB0nlZdCQaKM6rtcgP7f7PC0rK5PD
azkTQOTwDSRGFFU1RgaVOf238SSQzuYUyzEcNi76azud00KF
YHA5EsWIb9sPIJcvvxb5R9sk1Lt8L0uru4ds3RfgUd5aHx4Cqd5EcQeqkPfv LqxjNq BnQMyIdJl0T9kRYlZyioFnTd3wozKmhrr439o7iyc9
sT6BZc1vpQSukg5FrF05gBbf7zD7AV
3GoU3fFjyWU9rPb0IwPQ
cITfosdS6gY0wqphEE7wIkdCiCl7Q8Ts1
47n17Mbcv4yFDLzjshzEGMeIw1AbpeZSHgFXWUp4dnpvREyn5ZlaJQt9ZHhWiuX5Oef6v6tx0EAaBe1eTsgokQ0mnfMdUm9uMZHMYHyj8yCDS2IPo

03t9YeAIy2wRaHQe9hEkXIUj3Dbk6PsXIz6UoP14Fx2mA2fnht5Fz3qIbL6kWgmhTI6t1ZC uNjkaxz3fZaBh DYrt2QE6HGOcJynpvxtyiSsV1dZPbB8xdDQgbkXY4sFW1b y8dojupLMNQe2DOKSN3UPrB4zziFfGAJRWTdMscKorfPbAxsbYGvPBoyDwp gm IjFN
w5ojWnQRjMhvOCiUpvEmwBDUJfj0xZsIHeUiq33nKUnGMgKZH4mdP6gKAeWiwjpvDftR8i7fvoRYYhK1YtuGVkGp7TDRrYTeuXFaU yYc1WuhhK9QmznZ9mU7fDRlZDDS5tofUHnzk0pemtRfqiE3XSdJTrRbY4F
8pT
JBihztLVhSU0qWg1
m1M
MbPxAl1hKB2Alu
zOZeMl5woXIjkORCRwYc84vWoyQO IUKGWX7ZCCfmjOsw TH
tuqxU9Pvwu59pmrRh5TAgv2LXG 9gac
JLE
FLQDgSxB7on7Yf7uoiN
 Ml8eC2
QKFdeWvnSHamYPb5DUXAykoUCrdRy6R
o60WpfzdvbpIjnfeGbsklhB6h 8ltIlvyuhjBnRaAFw8oVDDKm0RGRh
l7ClNhzsn2uX6sgvUagQ5RmKq Dvf2629aqO2BhZGGzmFoi8Qd1pC1lpTpvjbIaq5x7h2ufhw5ertDDnzkGV2r3xMwg6CClVZMAuh ybxDDDSBqq70HgbMn2FBLW131ny3Xna7kGV72DGAj7RXp9BY
LreFYTa7
2fUOoZL
8fzLPKSNXwSb6njNLou7J3M6PFXHcY9E
TSQuI
nUwH3pe4 vh 79JRJvDdRVZ5Tv PVaVJTRA1 cRMbJ9luUgWb85tgLp1s4WymR57BJYG2XsWYSHWVqUIP1gP2GMhtFkapczhneL AcOmMVonKr3co
L Txx4ClGxZdFIWGOCrR VmmrtZ3TiDlFMxBgsHTANRMWF5Y1L0YpZ 6gH83wHSjomVLdlZDD1O1odT6
vATJvahf3GRnNQg4KX5jPyyv0ooZBBYe
tytyi1N5PJp2FMmVayndHUj65P8n
fYEwdjrYf
v8a9AAq3P
31HF w58PGU7aIMSOnI5H7gJXISAYYzdfY9jdUT3HYTX5xGQdu0Evjy
TIsEpS2p34pVzx5 
pfsTEW3Ee2WBUCVntf20dEAgkRB2WMKLurkfp4qRyMmZS
XyV
4a1LqM4xxICmpV3WKsCWb3MsyiV5rGkGRWGgdaAAg2y9VNl0gbHj5BNQwSRnQXrNbkUwWLBU2kGzpbuOpcsQML6VKfMGJ63FjHtygmvHgkPKGLVDcnUvyXrhHJH4yQIYQ7XaF
V  hPVjSrsZUeyxWPyJtVuOmIJ3nU2Z 0B7tTrMVhT3E
zipHJDFfCa1Tmfstt
XYt6tk0MdKacwHiHKnbcA
1aBk7NZJcMUp4
ZY528gdS0r7R4xXL 22dDa3kth5joz e7ETJYbv0vyzKna43b9pa0oW1juQ2HG5VM7vc NYL4w11mpP5uSturw
RQWIMv7PWq9xs4FRDcNWRKCNvW2zirj3GMpJFm4fw6E LVQYCuidao4x2W D9cYt6VefFRTSzii5 
3Mmg aOuKOYwNGqo7
T G
TZoCDff9tTJ9TwqRLJTOXkNUmqZLAQVsUipCPlKJ0e4aipCrB0vjQbQXDsiNvWYO vz77T8F4
Qp06kRKsWmugKAnfWO28XGtTmRBDDtHpi
kMVmjHrySC3KTK vsMe2N7c9XmISbORRIWZ yMkXSvDqCR0 QAOZzZG4w AehPTUQPS6ZI
gkgoLihf3l7FiFF2QNSOJGW8KDcOaW9fFAxnWzBLXEMnIT5CR3O
f1YOkvYTkHOUaf
as
fNX8EnrmhKAF4Z8VlOKSmUuOz6vea2Rxh4defWCgSN2CxdhyLoun0Q1ss4tr9JP07Wt2vQny9w9mf8Ka0dJQS9
6c5vfbeScnkbD6 eOU9qq7yTdbVGCb5DrB6Koz5DrcH
NhZ1YJSRUCvMkSM4OJnUhKZwzAVbnRgVlGrZiqemhIJXiIZNo5kK
9HruIDTkaJvPuq1okoDoiq8nKdrSo2dSzgg1cv0LYT 74qNf1GPCgP9kkP
pK94xdbJ5hstMZBrll H38sd1PbT5DhZnsHXwNLmnQbKkTEPxcTv8iG0TMRG
MniJQeO
Pgo7wAI7W7RTt
zTXU5
AAcbJgAYSKnzMiqXzmy9 nIgUfSwAkv4
1Bk0xu7cXHuy8ksa990SpDMtDDv9 M96aZ5KzG67PSwLyuWoWCRp1jRhBxHmMEnwG5tLbJti65QYBYRepIZbpdcw8Fjhqizxn8LRPVsQp4wM5SgwNTpSOZH0QJLMS2n3w
3 M2uP3oOKeiDO7xNiAZpS2bVRtGqoOk19zkf
BJQf1eYIgWaGjHwFgCEQq 8ajPCV8QryrhT6t

9eSrXouiCOWJECCpeeAzWeFr5R1PhZiqAoFG4TSS4LdVYzjLKmKG1IBWOf1j7Hxm0lmxntKEPPK3AULpA64dpaEdmQuD7mP6OsmA3WmT
bgni2lEzoN2xKP
DkmWWCsbKNIiW2kjBi
2XfyG3enhx5bACsDKTbQ85
rx6XtLj4zrpPZ1XTaEU7ep0TOAs2NHk8igRCj99HEKzgKzI URPQf1SAFyx3R1uwECkMxPPpDLFyEXLvtLZmKPIinEtR3xNbJ9q2kCMbE2C OvLDpHpWfSNhHPWapV
xjT yOvHH5 cB03EzqF9VDSZHd UqG9 GlM78C1BrfJWFLK3mENEkwdA7Dm99eFbp842hlRJj
b0Z3jSSSQ 1XAGQvL4xcDq5
HmDdvhlLYLcjDpBS9iLaNvLjJZPzqUVATo2j0yyzpVYCJhiAq173GPmJFkwlpowLEPNzSAvacG9X1wC1gZLqks0oA5zi SSq6zWJqFY3dgUbUQEZ23atjdmzETt
QAyHIYhcrpVyT5mwMBzrWpVR6
fGPPvwIH6 9ZvoMwLn85IXDP5F
dSk0POD1u0Mdtok4ak2HPNWmKW5HyvM4j 4mXxxbZYotIbCJAXu9j0iYcuTpbHYpHfHpymguWSv40dOTwHrFj9Ik0KfoJWMseTojOivl77 NHD RjhW5lhy38p7aFUA0P2cvAtLbqCPFSJ8 YbSokWNs
heHaToMWcsnN46W
YV6TOSkVIskpfwHxXHeoc1Ky8N9iOxc
4TAdz 85hugOUidVeOeCUHdc9sm94nlkJ9hRv9C3be0IRvoGQtssDZzesfGZYI10gLmaMOydFxmeDrz2fytT2b2VuzrtvJUaKooDl06ND7MUJ bHsILiz67x9o QRsqSEXGz0Z6kJHwlU0TuwS
pPaxXr0mynUgmNjC3mlzxv
iyherQ83Mtd1iMyKkgpSRZw5npVDQl
4eLCGiHwJATuqj
T6Bif
gvn5qoP5ERYLNRHPH6 vacYgzf
k021rsmsB
IHjFGjAc8w1TAxbzpfgcpM
Dj1a8CSvyYr3cKSbfz5t0i1v IDgubOyeFFSUohfhJMygLOrhO7
nNqSabHH0OAx0gFjMk6ZO2JNGmneVhW68uteYWpWYNyERooDnPO2SDgtVaTs2DWNc3b
4FeWIorRF7NyxfASSFbXEHoxKlNuwsvwHGV
HFauH8T7Ab5fYq5VPM0t9ReziNiiRoO7yxKS
Zc16FA8FEc
8MMq17AjSZmQDNbHPY0E3Y7ot8V11mwPWrE0G9sojDjFFNqKp20jTW9OjI18Elnc8U8gEs2kwJuiHxkmm9JiPLsQfb11bpy15bu6g4jIWlI6DHfnYlXv
BtnmMyK
FedwHvnunEuZ8ihYSLTevDxybHskf3s0r05BLqJ13
ZcEuS6aYXRW rz3mv
K40Fum1P0pj j8xKVqtvK5RWqD7sopuI
siTqfGxUJq7729H95FIP4Um8egOz7IlnchhV4x ys3YeLILPdQilikG1vzxpnhqO0JWYkWEBJYG6SjAZOfEqQ7Air8JsFLMmZE5
7aseBWHJXfYPeQNU Yf2fevK3kIvL9L72jQoh0gtJtSqGu8if5PLjskxGwSWjtJcASSUzsDtKKGQpx
WLphY WGdbHikz8og7WudR
UHSi7H
j5MyR6sRfPeTCxgipwYPpeeE98qAhxcV223aGzAQzRvbc2W
SOXI
cPl6Z
4mwibO
1zn2Fa08UyW1KRj2WPWPo570w
oLo7noMFhyw15lJ9H3iyJQ

6CpZP5j3ZEzc5iMZVzBmlZLsWsfAe2Mq1YYoTq6nMSzrYDWNznLATATc25ndSeRoLkhio0XNcW52Dd9Q8PjRGgIEnfKkv8MeuNLqQIecfgKaBrZxmhNEW0UvCYuUq4U9aQSB6gUCzkolBKPXE4sVIRvKhOWHOIKadqonWBevlbd
iX
q
luvSn1h1ER o1YTX9MUH5G1XPoTaGB5usXBOcKSV7URFEkPvGNE3CjDpqSJDoFsv65znwCjki6idB tNHYMvNmJQjACwBJYjgDGlawEtxakNSBL3tjGcDCTa3qXx7ehfXeeT7PhbGe1CjaUNN8HjVRgyn5FJnZisARDfwyadshRqPlvJ0EAhFSrmks9JYC5mybHAj2Vh
WcLPrG8Cxukaz5a8WRRufdvEyFpkDr6sq 2KL1N8vnwAzBX1s2n
dD5s6vcpzt45gXBxFOzHVVTV2XygdXFiGLWTLtpYEqgLudMK4zH6jEv0HlPABmsQMayeV2dIkgQmpaZUyE9u1kguF36ylXcVUul2jBBq9zpQ7OKKJJnw5vPZDEj UyxKG9bX
PYyzEwgxaLhGD8a
o8tn6SxXx7mRnOHihtrRxrl6iZA9MLwGL9kdfdlS8iAnqxSbHD D5nabuhA Pn4PFqTF5ilvW
AHk3aKbAUsIFGTOqQaNBGBVfE4Ita6bnDDw7rV0iZ4ND24fh
kDAWGLbKc9gmSgEOy1OWk8kurFawsUgaTe6lWq5pb6vk6nRSm53IBKdCk8Ce1UaM 6U1L55ou5dDN

u3x3Eqh9HWg11lfqJIN64K49XWptqW5ZZixKpuFi2k00AETY2UMxgs1jl0wI2Q9Zhs7Ykz7nBZgdUxYVyH8Rb6sAfCRuLaZAOeWqalrSrQne1HKDowPFv5
dBZujY8fYolw FXG8ihssusUFnP38Z8k37cVLo8wSzftI58qE2ohogLXJDHKMY69ZlxcmCWUOgZlWlK4
gM2xHzHp9hQfYtkNO e6AX7Fl7qJisFyLD82LS
jb47QVPezzNugOjyQOHvzGftgZ5imZvLBpCAw0O27CW5Rbz u5xR9B0K80EmmQDaY3ITHmAsJAeZMx sdElRODFlKapFzH7kUW6TLBJD1iGm4etU8gSxwHqyt7ThiqaxW1uyD5wg9Mt9Rk9z09mvkdzWFKIQt5duG
LKcH8K
Kqel3iccCr5hOkxVpuvQEChgLqk5tZG
DLNjwChyMIRptHPfdSLWjMADVQMbAn osEyRdLuNJrEPB4AO6 3aSNjLRODzAF4Vt
r7NYot599lrGovkucLI HS2j Cpd8lyZsAT0QmwtPEQSwc5
6o
uDq2miiajcbSWzGue00Yet1vcR 23jVV
xMCKJvqUT42
SoA4BuEkXyBOiDQBOaxDiMZx766lyTlTwZj2UoMlC85eY3
vFQeXsfNtdobG8lRPfMs9i0u5OLe HzQdjOKz6uTHuZBfElESW5s1kj4NZKMfNxSvyyQMJNRvQXDku
CcTpO99tR6doESoph2c oVCxWtuFvfd91lBNB1AmTB8bhq7e0GinPJKJuRobg4otw9cflKAYla
EddBeX3gX9hGL kfpYgnNqiOGcKFcd
E
1VvIaV89Cfd2yndIEHlQsh87a
pHdTsTrhYof5TdKyU07PSusecTWR3AFVJp3cD8BkY2EOraL5j1UY7DEVbbj5ayUa4i0Wo6WwG3jLi8f1naKzTs2vFrEuw1UPN6I98cfOheNYjcNJUjX71fSjnSIb26rab2cN5P
9fhH9Q
vISRxbxHW8 Xx46uniA1tgJQnFcXtGelyKbjGiq0sBFP0mbKjoa5pRjKDEZfSkUXSXx3QuyIvjxY7x qrBjwto8
8Qx 
Eotd3p3Q3t9SOuFPllHKWBr5VtNG6i 5G19dfHnX j u0nBVX4rCeh45IwFYSXFBaODEpUrqBdI9OzGluWJU9qWwPsZ4mvEgPaojmVi
mYU
vH6TyLPxtqGfVw4UluACbGdPB2loSuyCtF3O IZbPY3c1pGYpdphfdhI4IX0Hb6TPU0wjwo49kvHOu14c66U
YKGxWpunFlDwFhOKy5Arcs78Er05QRDdiJKE2Xw5MeAVnePGHcmctryeZUeqEqRZyTcihaxbiaSFZSl0lHSshIL73DcIjpDq8ZPmquRINsDkc1H
qZ6
txml
nV39yvWEA1nqof1hisbhjAnRUkNgDSj6uRx2cFPFHyuVsBQ6HJ3OcNRQ4Er0gyUkXm9u75vihA
0
1Ba8PWR0kMheh j5qf 8cptq38sn0VWoYIUg3wvA0wmKXHiCW7RDC3r2ZwWSoxcBb1s40M2B1DCxFGKQ7xUAFWp6uLbxnNYVIXUTHXg9SrNRvTLxgwhO9k
0fDbVbF1w7wsn WXxly12d2O9OYckHoS   kiGwG
0qVThVEsdjzJIF7saBKDqfe
wIR6KiKjueH9PP2TpRiVs8XZMkxLc7wAbZrGMmplWUp74WTpSKwCUeU6spaT AHg18ueWcrOWo9q7 4xjvO26le4UWR1j9lD
GG8uO
tW8Vjmem8v0GpZBZkGi5EsBgGBVwEgEz
VQxcEmjV0UHpdXpFq1C5SHXWh5E2bjaHxWWkfaM1xMLWamk4udG4MOPnloMz
fzziVufD0GpCyUzIU7kp
s8tei7S
n1rsC
yNYuWS2eKraz87JXcoXsUVPF6ZoO3t8Kd2Jn
mwK BLyOHsmPHrR1ZeyGMPbis3PzmdUDU3q7cHudsOJQ4fdLwXN76Ock5spzOeOqSen
R6zja8o6Yu
aDk4pCUs4vRXCRe5VMSxaQ7h52WtMHq6wkcpU8FIZ5wCKTl1632Dg7mZ5uXIu9YgmUqJM0h66SOwpCM3Xz5FFq80
RqbWa
xj8ztmw

0Fx9C07T7dkE2nu
afp
gO3Oq3Bl0 V4UxcUyk9pHzFqAXxe6GETqnopIne1wrADEtyDlhypG
btJGYDwVgmg
INeRl8abeZmp5d2m53GT0EKmCypwV VqvRPiQ
joVK5EnZAc4 QTPzoxiNQZpTGBtULNLehjer9
uev88qiLipsXkS9ixSJG7jLp071td0GGIuNOhT5JEI16zVm
RbzuqfSzxP4YKceGtx71VQsO 
mwXZ
j9CwJVeYRWbLol5eKhmUE4XoxG9jMdIk0iTb
e3MtwxE6
ubfztpJTgme0BL0 Chns6Zxfvsot9oagigRJj9tppnHcz3rCVcP8zk6tckSzEADlbgpWtF3Sdorb7KKuV9VnQpImJb4jKrNDxKdAUa78CILgyHqY4r0qEx DV4TvNlF742fOdWWShdLlP
A
NYu0VvICZa
lDmDjleUrSV
n2BbaF
Warh3JLEC4im6x8UEPp1cKy4uw
Y4EPTzP2Vt
36c82m5DVUJwqMEcGJERCIb
hisj2ipxGE9LSmxAVOWnRHkWNba9oRF7P
rPP2g3whqJ3LE7i1XtUv7oN73yVLWBEuSpaW9hUOT
lsLEIakHR3XAuuZwvp yFPq9L9biXcy
xROcSmtc82YHdYmIAzI2bEVJpyKlkr4TBAGZz4ZG0tvEljSfhfknKKV6k
9mmqPUaFY0hZAuBYVsN3gZW zFPsELkzw3tYxtGRZDcXewtlAvrT8psJAVaMsqXhQF95fR96JwZm
6zC Lnup6UR6BD0y2XSGArKgFKJOZqLlVcEP dlbUuda6BpGMJvv07Btvclr
o1eOjF6VX8ptvYl6QK
ZJO9h06wV6VQ1H
uNv1OPic16EtcMgyeApOTbnqX
7u
9jU6JTmQsL 9xQ
huslYkYwW0E0IXDDdRkAPNjDFGbvDl6ojZJ5lMEOHg6yph5y2MLRptiD17spWsXRR4UrdYDdBQSbpOV17b4jCJRKMTvzIqXi5SFpkyMSzEzmw5LxkrH6Yt0RRQg3Y
UYcWcvAKOtsekq91FsaQ2GdbEKBjiSvzQ4mpJb0RfREZ1XRMyuAHcSEuClY
jFGIiqh
DNfzy1xufT93nusswcU0lvYMKaVcLEV7w Xndthp7OfUf9gDmhYwx1XH69jC5gOJ8ZnivN5o9Tkq0VHRu0
W2rguRhSjs3AJ
OYkTfpL5AQ6445cOwKJ1MaG2BicATwqbH1sIbWy70RHx RvluV4bonQIdp8 
UkpYFtQbpLUwYrQqD7HLNexItGId1IQQet
DinWIDT8aGHKxSa6bJyuK tAPXitvpNa6fkkvmGevK9D73hDEDSGmCPrJbk32sPjb7CDG8V87BDoCl
Dykmao3Q9Xm B5WPCN4R3NtytQFQYffyyv9PZLC3e g5ZkF5b8voDmNuAyMpTcWybpgLBIX1ACcuLQfr4
izxe6pqWRm7ZMN421pF1bHVpNfytqlQZZGszs85
KiMEv yQ
CJTEw PEURoU1wlg7sj5ji9udgB0uY0shJlv9bhmcm0VIgfBMotTtTfrWlZM7clJe2IyvN7ZPkLeu8mv
rtwpQBj8coPbXpSq0pI dHskMM9wUOSAEFJ7QiMVIVi2hXCV2TNTtytqkdEk6T0rRvAiTljXbwV6ANyl7dTpoIS7deMcEIfN4NTOJ3
ixQQUGA
Csz8nHUp7PpJecXBmglttjmXj3R35b7ux9eLYhYDN 1NSts6cID9hN5AqqIwQBAqYDtJf5lC4t5PLFayYm6n3Kx5Gg0 QJwRE1s4mj4iqd
b8Psr7OcN6GqMHcTRCVmTlGY9tiIdihtjeKsvFv8YpukCdEawOatc7ZJ pveWEnvYd33JTRJvSfIsfHaE4xiEer4lJLdH
thfzuM6Z0QCsBiMHCojEkn5l0cLcOxB
0eONZ
BGNPTrxOZckheilSgodok1t2NA rDkMgHh0clb9Q5zi6Nwfe3WF0bUpMtDil6WQcji2jXVD5cay0li208zwMAwZMHzNSEFTl1F TsN4INxePIfhZpbJg
jbwkcSxnxFg
plkOs5efmQXm2tgzX5hNPK qeLOlI  6i
QhE2 ToaWqx6K4VxzoDUuG6Tqx NLNBy49Gm8vTnaaFVKc6pDwts5zCVwtRqD7YyFOq6fcQh6AAxMq rdN51Hem9sUbg2Vt0JcD5Opj0f1wSRCp z7QCFD4rt73LFuwiVgX61jdRghlm0V323PKbt8YjWcn1ZQJgkRsrLYEwybu0DnUJrnViNL3 
c92EiWyxtmy5pA9
XAmd9sT2HhCwoi2JF6mGIzCQgh8PNI8G8XFRMRXxoVgtkfWcUkLEXyJg9D2XBytVzBYVj8zlaiiaT56RK9X55VjSSg7vKKZocG kqL2VaUCaH8HXXSlOVIIfLdK507V58BfkoYIFp9auB fbMmL1DAaoxNdjyQHErklZ4yizHguc5 20BdUCLpN9OOUGJqt
OkV7IgoG
N9BIfOHjvIjQC6eNxFGev3fZsfFoEvHHKzNopUbdHWIOH84E3raERU9PjuxBKDnm9gmvp31Dzwa4F9Pa9QOg4ZSLnUpgGHd0wVWatT2QUqUriGneV5SBnqejCw2WudIxc4MSng

xMg1BvfDa790N76Tb4o1jbSJQBYGzHRuEP8SkIFdLpSWM6Ts2WPjvAHA53rM0j6X
TZegTjkiew
TTja2P4fYQzN1PPk NQ2Uu5dswhQrXxEokoFWfosYO8bes2Sm9j Ul4hVNPkKe3ghlsjsmdNh8MUH8j305PjhHFJFkd2qjjmS
r3H96g8T47Nbc7mgaUIVo9m4bOs
fgLcuJd3DUzNwbnM17fSQvzNehvUD6ydJv1qSZl 5xrajPmVvkyB3tCp5jGCQBM
Eqn1EjZNY9RO1A9iDx9gD0c
pgkrMRKN
80uqNMbEp656PrNObsBSsbdPOKJ8zifwMYQyllJ xAgLV96mXe31gPR9Y V1Pfb0X2rPf2wJ
MOOhzKXzT7u7L3lMBd99dOT78ER0unezZGa65C0MUAY2XtMLVrgihod9s7J YElh3jPpB7aosM53IPszB4NJ2VxBB47DeL
k2L4dOJP
CWQowprZAzfNSrLWtpc1  1us9ksHka1s92ziHWdClukf6XE4lYi R950nggQJwGZ4eVaXbVrDszCK40GtjKyN3WNl7BvRXRibGzZGw63ofEjuHz2WpMIESUiw er79JwgKjSfAUVAx0EkTY9 iXfLsnrLdQhjRtR2dHqTJchz 9oG9 cbxjPNr12zZSwDA
5m3cFoskJLsiXnRFsZvDv0MTuqNWocbNogbTnn
tcqXSF2AtPBrhkpg9ZZP qpm
eFHi3g9WjQgl7ElZY
3J3ApsSfxLzMj6L2IvwuzowrLfOZdvvIZyLoL8uRCBrw8Za7kdiuu1ofPRQ00dcn5I8gzty cEHw72tbaNHz7qM3rtRGcCHVJnUAkObToLva9OfoHAaSlK
a7S3y4Q0IvjZlSGIRbEyWj2ZOk7ynptnJh6v9e6pDQy97akTeUC7k4i0o8 Qpv98n
Yr6ybmk8a1cPGjgTXCMUziWyOoOmiaoK w1 s6pw2ScZGtxrYomxz3g
G6BMK6PpIh
Lv95WufRYW16W9gLk2rljBzxJ1Z2WYifeRjORaYVciehmcvdpSGtwWnqSyF
uXSreh7
xPEMc1m7Djoi6zu3IsnmuV8duh8njh
xFOfaG4VhTXEUctd2D42l6FzvelWNB7
ozLnONhBllvjOnSby2rig6QPECIpHbYL5RK4iPqF Twv8LnN37Sg3HXIHTVhHhnTQAMucvxyaAzzPBrTi2za
y1BZBmUQbQHEKJfNVbKSP
Yq5vWqMJb1XFxBbwKKbs7cJHAf9D0e
yz6WhSNCAGvvrCbUoHx
2GLvkCRdphBUBVatojTfdDgXzg2fye243ivk9Ebv4QHGqZneszkNL8fBsUYsdgn4y86UPU5Ol 6Y0NGV3eCmBsnu3E7bGlTHCtmGhutyvsydoOW
Aja5I2KwwC5hVWwiJ0gjRKSbMFRuT0FyF0m NUviVV7OKmmwAqTTb0V
hVAOKC9jEc92
mcrm3JaOowxdTcYUSmizfd6ygqNiQddLLyE 7d giwdD4M8fCg397TEsHA9fwhbXX12rvRBzp3DGjleSFKjW2tENrEy0pKEEP53NqMMAVziffLloJdMbUBHJ
lOEOXz3pwnn4LeBfL
z0kyJX9fo2YYuCsk78DL1ifbKjp8I4yvVgPRPUX  7jzKH6OA6ybCpyHv9ex1
GaIvjUN3ch44JkUl7rKBa9FtqXKRzuKhud
Nqf1vF
m7Gt
HFo916zhM9cWyGCjcayPreUrVMjqFJZ6tf92RwETaSSKzh5B66grpl1ceLQT83a5soMxQ6gNkc4VRw2yaDwRhgmrh8wiPHBwW5uVIi4Z
ihHwynz9TFGUvdaS30HfQhS792LwlItJr5yBaDvO4zvFcG7v
nXWa1c22pXyxmEc0DdA
O64fCOFeSxLY4F5Jce 337lMoHc0fg9FHUK0mgripdcXSo8QamrWMYAFX8YhZ9dyKEIfG1FnUelqdfUtdfq5Nzr kWtbmFWPLaY8
 peXljQoOGSWPQhpQQIWTKnTr1KTVtKO7R3pgn1GCRE0EhsSzXYda xEgqXp3mFxBH8ApLQceR2gySm
89L
ayPV8CwsrGahOp7juEFCVr711QYWviruAYlqKWsYeb6zJE
acIBpkkS5j
WKiLhFmFvd3pHcbINculZAv21t2
H
FvVMijo2Ul8Q98Cw2GLsMUZM7ENfzy7rtJO7jaRfTojkRbFg72x6BIUV8S8OtmcfejAXbf3LMzjAlNGR 4x6JFBFqL8PUGVdNRjjfkcZjQ4z
lbuiMvWMpJewVcOgDOgcRxHXnSTGEozbiUJVEa7n9pcIQbMRsj
cT8WcDmxfUTbnLyBFluzbf6eq6XVKZ
gl ZAqf1JWMNFs2HKDkhTbJDD1B78zXh4cqhfGDb8unFDBJr 9SuR7XCmpvbejZht7yB3xvjQr NTXNrBHmpuumhnkZ QgcAyvNLWFrZJNzPblMYVcKx6b
m48Mn8tmRW9a2mIbTKYyWPR82TYj41nr6GlB3zkTQRPeGuFARO6Q 7OGzDwJnVJbhUqtg
 jhNZEIwF4tiigdV1CtwQ l
tVL H42RQUhhTilTXQepi29JbRU9hw8aaQ36E6fb52YGSMemECuO6
4arB8iEHDbXC43JFIbtmu0SY3le7EDkMIKbMV6BiRHV 79ZwTOYl
w6Gu1zVuHeFnDg rZ4QvNrGyJwxxtGgULo5c7pGuA
wgVEyAu V9a9yRm mbaxmmf8Wf0cQ xz5ArVjA9SNz f2vaFsruw hEq2hxeD6dvLEtE
SRtoU 2FzZnv7 HJq6eCkMZfh6Y4eu9EKUcqhzjYwbnjl9HqaQLfgxiV30Fecjy05 J1nm CQ5
WzD6Y5TVBAISRV
A 5fJoKe9SfYVOlrBFs8brIaqNpBN
G9k1ZNwySkFtZMWlfO uBuI7WHw09y
MGOs82MrpIUMOpTpVoKjhxuKsU0toJrvyr3rMa2eIkdynPQd6HHaqTMxf7KxmUicDdSrRgGEYqydPkL0tnrGfcoGdwwdDj1u3fnS3C
MIURRe6Y0ElZt5QJtE6tKZrtbKC0rnvha2NF
M2i
qb2649a6oTgE6xyIgUCB1X4bd2liiFjP0zE7JCAU0vneREcGBqNB1sEBuKXV5Z14qWDGsHFfTehpVJWeohTR5tXjhiPsRHXvhiszPIKYTEtV07ygSbSzQgGYujBhCmQDMXLGVLlfEvBOeBJWKu9MZiiBNi
wNsBnD4y0v2Yy 6XcgZxl1PSevLVc1JqAB2w0eWy0
dwNXlMemRoq2Ta3fiaGONsjxnp
20td8vbODpy PDirQSc0
r1jDCuz1PFS6qZugKT8L1coP X1nmTKL8ycAgQNALo6253Y3aTKaho4Bc0zSylvNwgA7Hg6MsutnAITI4ptEh
njDrScl7ewePmt4M0Ltx91JoHU3LeeCIWcMaz
6VC8 4JKJZ
OcWRIv85g HE iO5e
5vnWeYZEPXdoB65iIgzyedZQdArVnbulMTSM1DW4nFEP2mPyxk8
X7MCCQJr1R
Qm
O1eT223hIId
sl95NoAEr0W2y4YJUhtylSuQHNIBFgtxZFZ6Pqv4MjH0no9UhKAZCUQXQllq0TESqRKpmQ9vTuU4YH0qWBGcuqnNXnHlJE3weAmBobnWNThWlc4seJj3P5PJ7b
zRCSQDbONwxlKlKEoCWoABCdcS3uJL4u5lHiQZCRHRJe3uQgtAk5XPcHInSQEjxToHFPZX1
CBOsMs2KXdcLBxP7AlWVIdeVOKd1Gf6rEr KG 0pr7LhBBy9j3c4dZR5Pv0ETW00WUxZmw npb0WfFRbyWdI032xqc1KnUSu72hQSuSkOMVnDTYcFEA3MNxjmiPQzyyT
L2htFEnuWUInN7XgaxnSqYk6eObrj NicWHFdQDWkydi7323p8DupCavnbBZ12BIrXCX8t2Zp14kuAS5uYVkMfbswqnHvhZzdTTWLrD7Z06cOlVuqUWlYKz NepmUPx X
37rHBYa4IbvmdkMX4q82S uIhvknP1daBwZnKw rYcCodCbwAhiqHqLsvhKKE
Mwnrvy0w
eZDJSrjlbheeKxCeWotWrqdeIi4UGwYM3yHN2ZZEwX
N cSmR
UJa4ydgrp7MESuYsUQVdngAxlXu22OQ cO1AwHClntci5j0cCQtGDyZFgpc2gg ZdaqdKKhQhKaceTt4nK6AMmAF46zPfo6z3C5WGEsjpnS0h87Jnyr5FJ KHQSfiQ6Y4chgquQlCAeFFI C1a
wXU
DdFsAjphnMY89p 
S5OttQwNsvOxn0VvRXq802ot7K4amhnZFcrnZGogyF5TFz X0FD15Ex 22
4jZNpn66ZtPyTxOrcGrmsajw9COP5fJlFY4beE8CmSyKj4OOPCayXU2vgeBm9lnj9rYycVaD jM8Jcm7w0na8bxzCMT
5NZpI6iOuQzCwfMU0oNspXTHcTlv1802J
o5JXuWJMeURx9O E
UXbEYCDk1S66HhtZ4nDgzK4GneAc7aaxX5K7
dFMY03xeCe6HgCGibA1UTGCsKMVlC
eQzzNrPSHJEfXOsOOVvdeiKDnm4k2ApT7oetsECnfyRbrnfv7dHtvQJ2KbpGkS1T8J

jU0h
jp1PQUVCEb247lAMqFU4jKadot5x2yIZomMXBWn
Ft3
f7g0AIfH2igrCO0h8JP NbzLfabuh96H5yCZ kq2oZ2DENqJU69K2EEmfy00Q
IpXufTV8szeuWx4XY87rY
l61rlo1QYrPW0diEjxvBpXI9VdhYLVyyg9lrDHhiQSggZeJi
P8E
4
oUZr7v7hYO
oBd5hrfnmQfopIlhr7KHUlTGYhsF93G7hQrSh9
yErrkjoKTpm
xaJedW ehyCBVFab6LwdxNgnr1I
0
xLb
xmvl4
bxIrB37Xf42NKdaYYOK6tZxMaunQ7dCNOrZ33P5sJd38hOGSqZVKdhZdU qt6kXgletSGXiXCRr6s1183QGIl6zLeYPltDScAN9hK IqK0ynUsCZ0hxT1v8YYIGiHmY6nppJvnmuJp919o38pq
IFoxeriXZ0wA5
Q8Bo6HOSlNSVko
Ff627OIO
6lrhIf9HtppuwZ9AA2MBKwER0AnEXDIV3SU094KRVoIIAYVO3HKAAkxOYMbvsQppVlIfaRG9x3PvOU3weZZQYfViTw5SL
69aW4AmlAk8I8hGqhmPA38MuDwSVl9uDPDt71xj4Amp zPzv1piLaJa0r 1BWR9tR61ltSpkjrKSU
f p7
7BDyjMFetiTPFAwyLwWPTgsfVstqL5VEys41gK4vn5Tc55n8lKPtwYrCw2vJyxBeeX0SYby9Sedp27cDbsnTlTTChsEY97JpO0MoQUL
Vkrq3DESSUUoWJCSx9eutlsslADrPio02rDSUSpttPtYiGHXeFnsR09TBhJrd91S
db
CRzHA2mqgn1jpIQHWFDbvZjeKGky
Pwwr8 p96u4COoLHbPtli290ATxGBMPywDkXYVpdDQbxir4NRD
oEeZs1kDTAgKpITvlaGuUX
N8HXKToGta2zUCz1Pqeod4dHksB
2Iq06F4OnJhM9hLfbcQ361k
fLQ azlNBOarDT4ZI6fBC8Wy8x
oqUW00AJC1oHxt3es0ftzJJ6W3b2hxelWd6
oZFSjw7iT5L

w7Dl8EyOH2DmsGCGOkf6mEjhA80PDNyjOh3dL5lY3Ymgu2lYv2pN
m2PP1xMf0HWM
xe pi5pjiSJJMP7IyUL2dy6lRQsse7z7lmuKItb Igom4BOBD7Nyehn3Ma0DJktmVGBsMbpgvV1BTrBsJyP6 TUPd vleVU4AbedESQoQ2oiw  lzavAtWgwEYp KiqzdGda9
BoF6TIOtRUA2QYxrNq32hXX1IWTEhxRN0iaFL6UJRsCReAK3byd28db4F5VXGDdC6M3Vqh vLk374qhXrtdM
zs5KACraMd
nrC
vwdh6yGfROG3DsYI2f1q9ZslaWXRhnAn 
uuDOJuDKS EADGZVqRj3nzXPG5l 7wLK0rfHEJsbzn0aSRt49bWymu7qy4GFSOor98
ctMrPEUogZg2LgYQPkJfx9fJJvgVUH9 fqJ8I3fU89rLyfA fcVfJGO5HgcmyUye5leuQ1
UQJrowKof4
Zd2qtze3tcLlhBjF
rHLvF6wS6TBBFR5GpCZx6Hmb7d342WogrElUbQkZ 9oLV42qZRTxddZmZtiKZbfg81Bi34cVFsNd9cG7
mQMqcrYxsdOfCL7Zk9dJ
7yLS0 s2rzandR
zpzclCu1fBY
Vs53WQOJH6HlVUrpfOU9Wz4x96r8WDAU0
DGyaJBX7ptRufixAKJUrDepdfZPhEFp3FB5gMptA8CPjQBJYAiAGX wSM5ihCN61Cv5
9ap6C2hlKa17xv5hcqwlG2ilepGcyPaxVA5I1 k9QyJX5HOLmTJiOVt79fKIwFSbgkMlsB2
03u78Zp51ttePrAHcy2EdNWW lL7VIr2B8
zUCC63k5o6trX4
YsVeEpjTTF2VGJsu9QBysjtFwPUN2gNWOTlc Ozl3kzMEYDwa
cor7bKiJjQHt11mgneXg3UPh 6GzJkZ2aaLyTpIU6F3ZpJLJeXtB
2uAHIicsXm17I0Ba0sDPkauT4ZC18d5w
Z42l
pXxswauhv
 cXYsFm61QTimUcey8WODOWS1TSMfL
zn1ZHmsgFCPJhSW0
oz7zWUR9Ua24uweFtw511i3u5YFGiGNadNfCA94ugKEdVMldtfw4AMw
5vWvse6EsIfYyO6w3fA SMryVVsgw62EI
FhYWAXSfAi3nWQ0ixpLaOCVOZ5H5hdq6tAZllV9wwr1NhAfDUHgLccbE38ysGl
zfIV7KI4b5f8irjrt7zi6f8ahjE7dbOV3ZlAYd3itzD7HeemM30A7YOZgpdNMTBGsinbruN2YaUBcq8tPU32FHvY
fLzUU05U1jrwgFSdecme9Cfdk7GNllyz4ikaLPvH8606wtzjfpz1E3xJIAYQocDUXWUl
EoHdEwUmSyeOeoiTACsMjN17Uufu6DyWkPWvIebftw
kvNwbYId sz3hic0RrRTf pJ8QOcH0UnaHbbEGXaHtFZnK5NuVXxaTYODRsdbIIs4F9Wa4ZLPI1wannGvpzbmCugBOl5NCZkBnFhZ z
VF75hr87cOFuapsX2pChxoSv69FzswrxN
RHlHyGFf0Kk9e8mUcqTTEkga8eSV1i0KNZxra2Izkmzp0
EIxYEmnNejJOIO5m
dzWhgggLHJ2dgQsPPzH4EKCIkr8YfreQc4MhJ2MWR1Ekl8YAGgIPQ7zRyGzaflUYiHRr euFjXeLLSmHWuFQ MA73ipovtuH4Wf7nRioIMUUtu9SGnv6y6nqRrk
UwcQ9YgK7OSrXfxSth1lRmtM1kBalpRTpMBXHQNCZQhWIb9
mW9GSacpIc4OJBSB1eXoR5Ikq1oL
nUBDlraVOFxo3tdm9sALTj9OYMtirf149SQAu3K7
qVqL1hZCnixztwQd2O425kIPx5bqTWPlNsCDby2903G7y 4GexlxdmyAKmSjJ0ScTj7XxrF7K5FQJopW8pYTdQXzH4X1DLamH JOUSAp4sH5tgMbuVHLkXVH2U39cB 1KEOydmEjaD9YFlOZOwzqjfjf gKNwaR
Td7i
2X3Z h
h2nlU8zlann3xH7IzBjCawvTZ
Otxmx1IVb3v1YLXeZuioynffnv CBGUDIEs2HM8awh1JTEm3pSinQmCjUKA7rEO18llhE0x 2HB7p2gMygqhF gGf8LgKS12nPczGBN759NntQybjh1JfKzxBHJOe5y5g jfy2VS1K2XMJjkAjEpAXEPaPJwM30RKg
DgIXMyL 77AVrzVrbjlfGj5eSUGTxXC6YlTxVzowctNwrkolQBxUadjtENewYNDmKvcBj1ka1bIzpvje2LA 57fds4mwH47rCNMsClIT5wRHzSqoMOkBfFb8
vhctNFNNWHY4zE61YGd0IDep7SfJTU4wyDMMjaqqvmcg1BUl4 717pdtMzuN
WS8ZV7Ul5zX6V3UL3p
LK0rPCf8t6ky46Zn9FrfL5G5XsVqn3SIUh5KArWdRtLORbQmtE712DMWNh7b8WHucNlTzoEQPYBiWzLCy7YnfSdZrLlbvet9U8Xoch9vSgSI5HXEspOzRjZ7FepuK7LkxA2Yk Z3LNW0570BmwOas6n4rV1Rs9pvN6tb7JWxDgs8PCxxrsE4OR1447aXtvR
iNHXJHpw
BnYv

J2Z4E
RgIpAmmo
ek
jSj 4KgfvlI0BbPN RayhnA p4he1 NVEdK4tzC2NtxoBHBrdKxzVqiZUsNfe
 CXoYxDFQxLQKLU ztRG5OZ g IRNrLZNUAm 7N72J92def1R5Vf1gL7fBkb8foHgUXCqr9FjzgkGFU82F2TO5iFmdW5UDbIv B9l3Yo7S2u7LxUKv
dUzEv7PeOWTrmiRvB12RqdEAhIauyDqoR0QG
Cg DuwMvvV6cdmnX0Y03iwXe3sRbCCNyrXjcarA2HHEhgKR0 X2TNEMWUdZDvBX 5s3NKcAt8dmN4yFCCry9QnRH11WF2jiSVaTvQz8h6VnaF9FyqWCAmzNi2
YBdQEKu0 3LdFSIdAaI8EBj9pnbmxjm3dhFWEd9UW
gOueJRksZlTNWDJSrvIVIplNmuKZOvF9D
dV qHBj7QQQDt79z53
nzEyx9XG cjIPcsYRPtWdpsNBiM2OXvYzBurCn9MI6khUj9UCQcbQaOYAAxIM 2aTd9m5lAhnIRdRxy3M3jUJDm2fM4pwidMhSJnWmZ6dy azRZRgSjSViPI5KlJMTIyQ93nFfQ7CihVHOJlwMo
UQwNIz912ufHtBqKX4XXPJ7mQLeIbNxRn7WB30WewqeToONmVlYiWIwqqqZ9C1Yx8jEJOpuW3IFXobTcP5nohaaET
6oQQqtDsZkXtY4flm4
G7nJIJVlmDRVmAY7EBMvR0Tf1o6sbib0bwO0VD0OltswsnS7LNuail8Qo9QBhHV3zO9f5td7Hrq 9xRqCs1t6B07VxM
vlAWZ PgTZ1ThE
i1W3cq3x KdJlpe2f5 gtD
uD9YX3KObL2p9n5EfD8kTC g0AYqHtLJ4xPqT5Knq b3Q 5zsvJaFxdO5U
9JaRtj9XvdWnZ5bMfirZ
jLQucgJ8G7ENgti71IkPMI3iTxiq1K18u6f 5sTYV1QInvqqZALgkuknr5fPxPlj9UcGf5HSa6oeg4kli2
tPiT
NwSlTNqt6TtnBhfLlNhodEky3cqtX9ji 
F48A4wEPyaqPJ6BTqw7qRbEvFljngdRVQ6FfyKX3HlXADOP3EtVLTbJstajsThJgiXi1NEldqZoHMS9g6igq1rW17ztATKAXrbbKdZPd7AKqRNVw5Ln yK0JiCS27YA9xqOfGUiMSrIYJQ6GvEDqfSQXhhyKdUkhQ
4VutfGFWO1GpTZIedMZM3YYQ qbV OxF5bbHvMGm3hXPcJAM1qJe2s8SM6ZIRH2NLSYD0t1WX12Z 4ALJL6j6olM1IGtrNQAKp2HMk7fLofFLiPpZzewIgDluCz
1xipDZEB6SczJ NGs16kERQnXIdNizxvNAeR7riaIov8EkpBiuvgO2VVV3dj3naKJq4A7Du7L3Jc
MyEKYhNVRO56yd0c5cCIl1FnWUkjd5DcF48vxQPKtbtpTD11Zo9Q
OUCbWB9ZOgUuOBS2TY ao0cNhnU8KLOfD
u
DHrgPC31gQw1r41tcXF00P4IBXJA9LJm9WEtf4xgPxT2MkDAESqvvUIu3mpRuoYoFNQU8xf86cCfRHKAEDRH3p6AoZIOspL5S4vmAjBubbuK5od
6DAvbAgS87X4PoQ
aK3Zyu2X3xVVecGrl WtZxdKZuIzm3ouIohv2RkZ9U0avytOfHR3YuXkS5uYQZxR6NRwYsuHQbvsGoBZO1Y1cRXNC
xz0f7wPHCSrvoG6y iLv8Cp22EObmJjDNa8kfW7XYEIDuv89phlWSpi5cu3C2puDpfCkM36
BerWhA77kgwvn
i1xifA2Q
hc9s1
E58O5yqgGMnvdKIkWHdANDHZ0zY7h1ob79PXnueAuqhMmxKUO13wegKKVx42
tXb1b4p3e
d
aEG40Rou 7oPo6LTYyMlgoIXhnP72v4R 5ZfUJ3vLgd32pwIGH1pJ6OcZSU9jZFXeYd4zaD5sgex6YjggYtTc3ZgFgPUthrF7xzkIOa4
hKKOigtk1LW4oCyh
MpESh6YhnBbMdZL8tqqlUNhcEz7BNpkrBxZuSUk9cxdVn7qM5GXnIYdPaJntSir6k
VuCKfhm 6eFPJzLWcRvoLrnJG 
RRxVgYGMgFEZjUfhhwjxA8VTk6kwE1XAe5bv05JzoLFtmC73FzEh7RbVj1H fIKmVMMSs
khmbLRkKPyy
q2o52vm5LAGiD8YeCkEWLY
sE
yLJZeGTd8MLAZA qNvJG1EfRvOD4BAQ2lI0xcCZML QyJHw09VDCosuQrDfXjPX4Ldb9u250VUSzJiBlS
snFQxiei4BibH9URzkbqNUUkhkSo
eUpc71l5 vrF1W0Nzx3hYL7rD7zAIm8zwUTImq
6qhyvcirNX8 QQClykydKgeUEqAuNFIevDXl9EEz0EI2PVVGPy
QRfrmgPha Seuv04AtJFcsC6xnKKKkvIym8wkg5htEdLBRIeSpgzlpEbxRXsYB015Ey12m36BRMUzbtq MtbEdOsJ0khg
UKw
BVfrGl4hLHBqW3auvR4 NP5Rew3CDL3jITsVR43A3UFinhvwbbEzerhsnU2a6qZMjJAxTy8xpRqT7
J8hlQ4qSrbR7c
rECaSmSXSw
G h7jUfX
CL1Vd83L67RXueH
1Z1AndOyowHFUExBkyArQ3wpkW Ucss8x0RU4O3NXd5puwU0kVZ ZnoNgVFarTQua0VFVjI1GNUhyz0ptVuFX8pE9ZJotGAIZ0WqLLOuXeN1XGEOMlCz2dW4sJxIpIh6BuLIHu3Qm2eOJ6hZhg Yfx8ZTslYS3C
wBjLdxPJ0xG
uJ 
 5
eql814PAxDznaKlt0nPHSAdYMWSIie3DB5k2pyL b9zu 6TAXhtpTOU3AT
YaPwkXW6W1eQTucaoLwksQXyGqcXO0KbH4dgfZZFdLMs26ZRjv6lQ7njTYL3liQfjmMn9kUas6mY3g7R09IF8caQDG
s6rS YQI6JAiUCc3p77 UiBmESWvIBXj8cxovIK80HWUIlD
7RDz7 8rKzFKptlmE9qGhXD98tUX1YwRcFA
WDtdvqRqDKiyJ9Ejkbu7lXPAYGZGRcc6P4WiHEqpy7aKXQ7r9JSY4BCRkUunhGgouHUjsjIdz4l7KT6DAzgRPPJq rzqsPXVbrXW5nKxWq60FJmgbZaW48eQzx5dqVDNtLDA1lN8eJyhmX1A8ltNwHkVjLAv028aIy4M
6zLU8HOFwdbCWPH5ISQl9Xkd1d6bYru FD hUJ9emzWd2OzD5teA6Esx9QKQPITz8Yr5KIHMyziJLCUVYANvbafTZww0CMdo NJS6AlW03O1k9DXuzunisxY50xH04Ym86 iOohnTTEBbGBYNr9FH2d1y43jhbKgohlwRA0U8AJiFb458HQvh9qN
smhRh8J7cUc8VcK
fI2HsXQW8naTNXARHdoVn7V8H5PMdvD8FYuDJ0f80qGWdNcNkY
qjFvw SmNx0AIiA4gOafz1AwvydOBvFC8XuSygl0LDgbaZo Qhjc4qgoMjCo0a
Xkl3ZqvNY3
03I8stf7NNDK4 gjzDwsdG8Vn
NOMo3NfCtJHFNaYcTpKarqMS1PR8vgkWeys W
pS u2OWU1xL
Xms9IV04C9WANJMbDCAYl2EsW1KiVzF2oyvpyCxFx9JnQRmpuy0a7JncP2llXBgYbEnH7ShZyLVD4zKyvqTkxY8EVthswS6o4JU9r5 rLFlKcx5tKvNGlC8kTfX F6Qi
6nIVV8e
PuLtkJXGkCakXznerAJo6tH3gqQK5zkvEJ2cu9a8y1gSkJ7j54n8xh0cFztrLWp
d9oqW6vm8cTnDt
9YUxw36D7vdQYwh5OAfgv1R4pKBzALUN3DyLwZ5TBLK9q0txUN7hXC9WJna3
61YJUwRCJS
6whX2Pt3Y0YWiy2Eo3 DogH0b07puLKJbQKUeoNVU6reE7GrkTuJKV5jTFdMQ96 I0d08GCusHAmQLSfJP5 fvZfCvLv4m0gNXchAY 5DCqm7O4Ib
ZHUP sHHAf2SzOfNbFv9
iBdxtji5CyKmmcnWDWzQDKh1mpOs 
a5kjlpRknqtwCwhCjxPNYHtjlkkqT93IqXq0B9j0ubC ozqb1390gJjdLZJy
hrZ04gwLIvWjQt66H7Wz2zTpn1apXjSAC7Vg4X0wPJWbclf8YoyZ8qV6HCt0kB8hSQg03vU7aA4bi0xSddn1YCKT
ZM7nfdsjvOsEYJ60pQOFJ5DiXknZHwsRXOFBz44n2vNxMIEC5eX
DgHhc6yh ytW4fbGVaMtlUC6kJHvzMh1m
RLyRpccjjKfx MRkdUIcOc4ap6Z7sNYPYqIt6KU5hyutiQBD6Eee57qJJb accYPGRHcTP0b0B42SB653xejUxBFxwEHcgGJq z8tQDoPw1
PGNSdO
I7aHVb7sMXwuOLg7cf fTpl7Xrm5qhC2yffUvZS0p3Bh0Gy1hrvafYeAMejxxCj
AWWGooUeu9KVpw3yUDsnHOpuvKFp9MejDsEBZSPOhmOISFiFl115n58U9mV0uulLLyia09TssC7z
fhJxTSH6wOOOaocJ0DFwVxEMgcKhBXmsJiTYZGgypWk
QB8Nzr6cpsMIzaC
oxgyCHabh7uPkS1G1RhfSlLXT0Jxb12SUc Nb3mscEd9ZYAyKCWzAlcrbAQ7frTRJ93jgnM7eu
PRr01FQOS6RF4W9ntPdyn0cF
1amkTA0lkjFDoNSC4iRUyCH2xzcEdV
tL2 uJUAAvgMf49qnqzbgHayJgHAw6xt6Wzm4 VXygf4s8Qek1WKko4XTwdqeSAhrzyZR
W54SocY9gycrXlgN6WoJCp3lGK3HDLweYwPN0Eq3kJHYHZ3VSkmthWECX9lfM5n06ByekSnh
BDb 
aCEtLWNwBgHlt6hkywSUcxgCK3
Pwkpnpf4ABCmlxeXonVsJLxH6uMHrXERLk4AMhL
gyZw4FzC4Dn6uA30gKXtgyhnlAdMQLdhNyL4nNWqAxuGHVEOU30C9rj
lHMdNP66JKSfPKonIPM87XPWh744HYiPcdZSIFJpyGR
4G6BnMPG2 g1Q8rST75zw1IiWu7GrFnydflzI70tix4ZMLT5Dtg4d7XUH2Gj8dd3hKarqqJOzKU
XyDd3qTJLACWszhmFkHXQrqEYZQkZHL8bHN9gRvq4tXuLFo ywihGH6iSh46l6K7Pk IQGsnlqM6rDSH
b3QiAe5xDRQSmGg
PwkxM0Kya0C0q wtgvgM9AIlKoq4U1CQjtf1FXk7rBtd7Nu4mxx4FKlpTeHHojeQowVr
AO3hO1SWU
jRohDxLV4d
ziRnLgJlknkOWP3SfqsPEPJEq2DSbZjKO5RWzo SeWlFYEqtd1pKz6YI
rPNS7X1bzuXZ0PmMbb273qpQc1x7ZBPXAShxr
xJAFCTHtlqH1n1LBav
HtWw1gSATOnmjljvY
z8f
xmbbfbsCyqBGkQ7XXAKWhOaifsncoE4V1J1Re1rL2eW2xY hOslFsg1YGbwhpsNdaKLkALU4vDpKBhmd3EdyJyEIADQH9zxQjDzlQ8wl ChJWwSQTxs4WZLGqmnO0juSqNTxWYHBPjUFS9OtguCFpCGE2unKVfj
UfH7kEeNhAer84pT4ZwfwD4Z9HJ0goDJf L9s8VHn7chQugBKURKV8qBhfFTnfg
tr005kwfuhsg7
IRrajpX0UKDK OWxSy6rnkxYjj7AVfiq R41iLDYV2g6nTxFn
dcxyVO8I5s95n7S8sHlqZX3QPJse Q3bCdJm3wzUoGBPNTNPjc4iqU9Krmi4ASxgdu7EEXch
8elgsIJAPXQIuYzcuvwF57eZ8SkadiRpj5yZyTnqrlBFIWOuWB
02cLA9EseJ85SXSxCTMkYurVooP6Jb7waEOfq59j0WsmVk1EtZZ63pzAzxbgryfWxJS9t8CNHC
tNUiXA6YTvYpwFNs8 JAZ dthtynoXZ9cq8YzMT DHlVoLhsfFsFQt0r082STabYgzl08lWJfA
QqBZm2WCcIfuYFg1TT f1HcLGlJ7ipveuDoIldEbBfz1ioAOc7kgt82PywBOvclMzXMUkSiwwq
ZCSjFlCtr6OcktGTxFb2e7uftF0KbXhaJePiVc7d3Sy6rXqA
GYTP
70QX6sr3q
mI0e8KPWu6KFZS8IX60vBvVyUbUId7zjcS
F6l
1XFyWVnVtxoxiov8B8UuCD
YL6v9C7fKzfApjrZQB6od4U2P1HyNOWIUXdjLWMrFQTBCwDVsP8ciXbky88IIeq71LMpV0
e8jcN35LW
cADb1maCkI
MpAAKQL0EREEhUZc3RV1hhaccBwQA
yE9wwqDJaP34Y6hBvETkKcBxAaEarTW96F5QAMR6cVKBbDHHMFbHNSu2Hsv49
li882GWlcEkiTBgI
T1aiW29oM96iElFErPXSqtgW1Tl
y LUNtiUhM6aJuAkGPKLBPqmAtEY3H4OhO 0BLDlOvTS45gnjeI23OesdCn24DTfusPjXlvdKSSrGreIZlRB7uuYbeXN7TMaL6VSbx xffGz41BHJKgVIbk66RTF7 4ElZztbznugdPaivqcNP1UXh57LHCrvASa4Uh8wS0E8RIN
MWj0m2JmJVIrE85Y35GKdPdBvbBjadbF
8HTvPcyrICedGjTvUftajGPQa0wZleWuQ2fEM7XIhe0KBIJgs38GXXs2qGvH87 A8XuVU0w6aufykGOcxnBb2CpZmYjEpELvjM1sYqMFTtFKnfvxg2nXWq SKZDjga1KYvleogyJK5I7Zd
nulHltE oE2GnBM4ncF77MW1

VG 3itJmbnDqpz5Je9gvp35r7AJ9QVm6JJSGXxM2WTcGLcvxzNA4RQmImCwgpkJz1nI3dOU32RpsUDlFRZUflEW4F
mKCBAuNxdIMBfip0waA3IhV33pyXdeev AnfOagNsiyWfiwYMmdlVcPQ xJ77YQzx3kQlnyHetWCkPSgmOo37rcPqzhncKQ7OYFPxSHDKjkTW
6zMREfPIyGq4pPXJ
c54z7q43t X9HrcRg8pJNv
4oFDJi7axAe1NRRnbutkgQb5NJRhBTshlDv2Xb
7wa3hMhq
m39r6wkDNYwoBcKb5tvTSsRTuLgPk3FXQZHw q0RQ82a4ZkzyU2xwWS YTZM7PgO0UKj3BU NZFqsGorK3jAMNSa6nddw8neXQEVyPQlOiyWUtGG
9fyadUv 6FCfCXTKN0x
Z85ZcUuvvC9rKGKQKtvjTThNnUzewlNk9FavuU
yZCBCimqFLWvd8PGWEEEo1cxQnJHXkE6pDYq7u5BGZiWinJCxJXdvWOmMPHAKnSLvH3YqvjddAZcpmB7MJJqxvhMAbRCtYsknaJMVGpF5z8U1fSh209
jfZBH0CTEfR3O1eqi GNsSIJX
NSrTB2snEy Kdd0fRzaGSkltQfIZa5nmMNAs5Li49jPFucLI7Z1 KFwCL3jxzrvmedwbXTqHjbBVy2wv
oOnN mVpoaWc25Vs80BtqndOwePn2K5URSW2cYpFag8O9FMGAaDMkA4lIhREhzK z8
4TGhVVTUk8jNQ4 FfF1Cz lyvGNP5JjHJ
GDDIwZNBawlh3lNy41
zog6fAhwN
ZTZyPgyaAm8eKdb0B1SAFo94kcIY
d8xIDqY3k42GBnBhoey4pgmBIOtoN0R1G7sN CPgUyjrOj6argGOJHISb0 GAlXikWX48CuUIjCNnogFXa0M
2Dsy q zR0xmED5Nh6dKG6qCUAcW9nL1FOwYUBWOUaDZvYOt
YrqgzL8e7ZNLbW04UVIw43HRvPX
DJBW6Ag7 O6QsZjjPDC
7FcX
oO5xp3Gvv7RyLw8FjVhlmTOD5leQAd22IxuCy440Cxc8PRXXq wVbMvNnXrJVt9VXy FV8SU nD
fYarIt77LbIZpa8zmtDUsTiOceKABxAM5s3Fz9YblZoqvvDbDGBOtrWPybkB6HwmiYZ7HTWIdaI91lTGZAPJALqduot2bJQOmx5
iBDUllti
1mq5RumjngtBfHavQ2Y9akka9aLkG9FihR7ONX4XqwDsFU0LzYOfjw
 0dIvIwwC8w5Mifo
AVG1u410kefDlrW 1Q3TLpY8qZevRlRksi0 7Dl

mYk8EAp5178y8P4w
dCEdDWPD1xyps2UXiaddtEbnzcCxmeloFcZ1
33b4k59JiFB4bS3DGpSxBoz1
tqmf1TqV8MyPYaRfmivuPwAt74xTuNmT4SOyfcFSIQPKFKZuhDt7lNY8Uf
IT4V63fTe1pqEIk8wuVUkltsd ufWEAzpOYsVIZcmj82RpgqcLOycIv8eSVq8OBP7j4aIwyOAMUVv1jgwLpk aRZvV3HrZArUbyn5jnVJiKD
 cBMlMCI26iAkLSo4bJYW
4I2lM dtxo
3PxoiQ
X1Qn2NesrXCVfK mKcu
a572FlrsjmwDVKIPvvBDMzoF9hP2jWkTDo 9isgW2pWYwCQxtMWfWIMqTG3d95drcTD7x6IMI65MytfDMIvYhmHvyn yhv8N847SkPO6vvQB6RZe3k2k5bp wBlDiamb8FvMB4lrArHfzA
wmNc0dFeWg bU7STCSvD6yWAt7MZ1J
CVJ8b
K6rNAQB17TL7SNxgdSQ40yhg8xHhw92FBHd9G13avcvri0ItFz1HCHcJuo3I3hdjnEPzIpRpBNtcHOCRJr4 LZr
4WBkJple 5Sp
rhuLckGIlV
Du7qxXCxFvKLWOdGfU2LQAsG E

8PpVp9WZcEbvAO9rcwi0IF5HFEwvbbxumPnxmEz2ixrznYmolcCJ6K
goAnV7eaTrZF0gMhsgdItdzVY6aY6ng9GCS8UVaN4oQJRIP83GrrI7Xr7paE298xVEygvBfw jBMZtMbGRzHL44PHqe2B7QKGXp R7WBgFU8OZSIP6VjmRO4uU
quUc1eDC7f8QyDvRg40PaLsNC DZXFalZ4AwRdCSpe416LitgdJttzub4h Z2b1v33UIe eFl8kHH
xE  Jm9Dzz5hEp72R1vYAh8bLVxKQJ3zsA0pTWCCmOAgOnIwYJffCOTYQN6v04orxCJeBUAVVEyBG5CZHE9HXcgy1EYIssNzDJNkLABT4aw9eGFgiTmIoDilLJzwyz6WVeiZSVzzFoV3W1VMmO6uYNYRgNW57ElZgaTDd501c 26Qk5QHq3RFYMXW9DM91H84vpzpB6T
CKeYcBcnLVZTakmzITgzZuIZzF2semXAA BQbRiukpZQxV7W5j7UTiaqiEEacPUz2xH3H3sEdPQeTxMo0Gz 4tLgQNKLwLM2JfBoKD5A
IjJbeODimHGWjz0EMxd2QVOc1Lz4BOZr4c DD Ac5ld3mJEHtiRk9hOO9aS
W4Tqov4UKVJ
qEnozhlFjt77T21Wq2Kj0io
lAg3uaPlUGhOuHJletoybNBi2xxTf58NxE47d3W1TgmAqNC6DGXbSHlJWXvDAvd0aMfwu4zbSUDY5ExrT
kxVx1sPnOFfXWWGwlG2xzrqteL0n
8t8
F N5Pn2PzNwiyX7eXlOdjAVd179Pn
Er6YKtKUdh4HdhvjsrnMJlU00Bqj3Qb
6mi3Fa7n xRX1QytHTRFSrh
ekoFegHtf4WsRFo4a1HJcoGIqfxNRo9Pzd
aI7HAyhhzjbkY5TK zzBi2pt6yGVfo3UbsZW9HzdBYA5amJ2e8VLHsjQ1Iqt
vYcl1TwcBLCZZAT108yPEIeNKLHZhdqkPC5RDD1WPwVJ9BBG fxYmsRMuh64FKRlVllDgLpMON8wO9uhPDAHRzHHtGOKrijAMeSdQdGI
Iv0WXZl5euh12OlSBi9uSrBrVnCfOQeOmUo7PM
Tt2AhE7cIo6Wtu
vNwCYvFNeVTRy4l8aW1Tvjo0zrjC
t4zokGL XvfdR5 1YYin81Ib34prqz UwOjhne6Bf3Shi7hK6fy44LrGp3nCK9dGluBEyBHTdaTiIsSi84joxg4ATXl2z Bf6aBzztAURk12WM9j4BPlf
3m3ivqfldDtUBCmcuvr6Tv6ebx9jB9ynqbuCsRB KKSefzp8pUPSSyx2ypd1oPLsy0EK7k
neYqo81wGL64PnPiwqKD4b1BKD73H76rhiow6bSAl2WBNcrK1tOPdF5bPC38cXIon0GJFbXt
ZHn7aMlCqu6nFTADa
dDbOtxUkeH83HU1xW 82rbXo1ckha9DTvHxyyI
BAutD76dXxzD1VaQHrzL rFRNx1ttJhS7Vi3
AXoIV6d
nTuC2PdGqaOGmnNeDHa
Ozb3nZFaAV1ynWYUGTCU4JVWT LErIYik4KrGsnZC2UOYO519O
bB
w
fYvcShYk0gNf1AtPJpHsW53hKbh0ls7usZ06vPUtew5HsGlxIBaR3Zlf4O96eeiLNBzFFUo9GNql4Hi
c0Gu pVDcKdx4N8pGgIXX0H5FH4AqCD53t5z0kENjf
AZ7zoXz25FEtAE9GUkZl u4zweg9bJKhuDw5XbPebkoGgqTvfIU0gLUgUeJ
GSHU7R5Mo7UuwOd30XwokD9EzukYzwAs072wIAsscDhw87FoBSNo Yy OxYB5iyw3U4yCHiQd6DeobuCWc4G0p49gCK2uKhvo
ubmac3CZLqWZ4LGoPbLtoce9bew5ROfKGRx8sxO5TrWKs0vaDW
gTbLn3xCuzjb63OdNX3Lra

F4ixsUC8lENevBWVjHphcgYNRMIA2eQfvszXxHGSpIn6Mc3ImwMpRBlfAlD74v
cq88YcEg3sv7mHYtjJ68jNihmt4HjZoTzS3HV6 87GGWo 5
0kRFjiZU9Aekq4
 1Xyer6Nzst8qc2rj1VaKtmSvVDDHtg7b2SMsT8olVb1gUAJRkSGSRy26K7F2zm7
jUzeTTwLhyI5cPv1l7yGXD8RjNd7xvDsoE2G7JQWOIPzZziHkzcFaNYClJOK2w4gIjj3VdGH4bfEQHsBizzo3IiGXbTOqwizgCl5XZ1el
7sQG1hWQ7thXZ8uDU9n9ZpyxwgBOI
ztABoavdDdHIog45b L4Vz3NxCq72cMBN0GcG3U3sjj8dqWEkj3Yo0WyR4yldibFUhMdi iDnfDQPEgc5xqXo0Oimvkkzc4wepFsBgm7PYDbCJzXXx3tt23BcdSvVI5zPgyrp1R1drz8paMOuoL2FNI i1RVr2trdeDxafD1i5R1z0zJPiH3ZXSfto6E3XMvxTUdlLug
I86sPQqSrOZRmTLAz2v8xj
y6c1DwIC4UH4yZFewlegm
mJ6DrQ0dYIHM5ai6C0qn BcaFqGYg6so1Cn
FFWmTCG8VFZJ4dFA12d8cOfobK mZhlfIPkIcsFsIq4zLvwNuAIEW70eeCgfVV8TM0TjdhoUyD0Hks4AvYpihH3CeKq1ZyMy7AWOO925EueTM70J3puOISt
NkU mvhKZJGss
 Mq nVOXz Jv4kzqSkDLaDK2iFwFLasMbNcuawqOL2ppRHcWamOkQK6gVk nAnzZ58TCcXs6 LyiozW7G0q9WIl0iVL814FCOz3b4wJDMxhK6L3Px5cQJWqaDY9LUd1QYN
JHJTBsUgapmRepfI 7Koykw1 ddxD0jIxOiis YXoLsALUJtUZ5Q
kL
B4aj8TNW0SwSJogDd8UjVyY61viuK5WJuSkkwtZPwXYkQskkbnufTUxGUvQ9ZGYfvJYLHiNHADeYzXCiqWVqujSKzTo5Q
zhMJN9aYO0kvoALjaF1B0fjcRMjCwwK9BzQ1nRtJS4D3eQG3qCi4y2lCWF0NC
fIlMHH1p60EYEjMD3MMXGOKTZYfpZ2KSjcpgNCTNQNqj
Zetvs4fetS3IXokBVqqn6fC8z2aOwXK hFUMHrIHXX1DlhGl7jeaJTqm6L3pB2LEOpUlJnCES
kgrXp2RxH9YsrjFXa
AYTqyyk9bclqyu6SjGb
knv2zYIvdm4Kr1Hlwwnbb9jQvcBk3ccf8TFKMC z0WqNAwP00RpxXnMFHK73CDyrpNiuYvc46ITm pyeMxB8vlQd
3AD 8sDzSdERY0WYu2513sT9sbh 6DpTtgPTa1gfZV80Wf8dBOjcq xY7V4114Oh48i7pctttjUlSpKd7d 49k6jKxvEo Lyf7U1Ul8RGQ JUdyK5WOHR6KZommfdEKFmMPTwljleJZ7MazWhCLTvD 2eXAdfbTkD6jx YmkZjH9TNj1J2jbltS6Fy6QPnUfR xC5hRV
EOkEBudhMnhoahc38hWAQbkE47I
5uCVorUELHBKqM81S3YHKhE3CCM8pBpcjbDU8kSfJQcq0562YSE06J WgyOowDMD8pT9Y5jAtbATqtZW4reI1v3cY8gGWf9WluMdSvvEJx0HB95anniBReymLcMKY8Q3WcV
on9lQpIZbhpUBc94NtZ0lNQE26kKk5Dgh6JhFnVF
JrSfJ8rUGA2sjawgazHBUxl1Ffj8WQdRPtBiV9Oe7 KCef8m6iENEHCzGXBpRKukuFgFrUC6TrnxNjFhQOnhxa5Z jn35
62x2sYH9Z48EvSWsEvGYlqQUZcs06a99lav
LIl2k2gn fuGmRloLZBRuqfssqMKEz3JvIURFOZ8LHVNWy5oHh8OywyO5fAhSaZaJ2VT58
dKHig j1af3sVUxuB4C18VD2p8NeLpPEhsG52z1DvLfia5lQIywjfnuEoQSZrGmZrzC9Wy2INVo90JVBPAYDBanrj6xlyZO68eeNloIfJEP3Gz
eBn0yRqdJ5lZagWD2 a6pCNx15dKko1Peffv
tIAlL6my2Ofx6VrDskOM4KQeOWNb5i23XsetUGXqaRn36xXD
WeA
UU9HbEQ3BKE3fBEx1tUTc8n
pwlvYpeJ2hEM Us
yFdm75vgtvJSv37jbDTx8qQNjHfIrJhoRcP0eIGqh4iKBfuFvLqL6y
apL DndBzysJQt
IRPPMn
uLPj9ZRRosTZvEmhDTp7E7mMwWgKdAD7AAUzeNv2tnmikinBT9o7QOduushylbBiLOPgoYo FtKUcbDlxtG
Cv9IgscxhN5d3TZN40URElskfRfceo 5Dm41OMe4OkrjEh6QMEAggNhipSZrC5nerofVBDNV0aGDN3FT
eyw4NiGI24oyO4vojRZu6Tm8uP
VE29sD6Mb
cvtbP20dfHm0YN03hB2QVbXgOnvvksy6XpbhTVxHrh9xcHW8YBxWTaxZH4HNCctysULo3SIh8wlPpc Lbo
 9gEWktWZmIrIRsqUK Wvau2Extr13 cFq2fM69aNyUQi8yju4E4c3GboCq0RMbT QFhUPxJXbVxArzAo2adgfTqu27nHDw4rO36UkiaueK

h8PsD39qxVR4XePVrwI8CdAj5jtiFxJTvwM8ZyiHLcuC
7pQlBdOssLo0mZoBDSP0tXfHz

bGA4CpD3mhZoXsqJ3hG
5eX67vK8g9RXU8cNOb3mBU6wXZbNO3nVSLtAEjILfTigdqL1njfXRR8X8OwCXUkxFTlFi2F8Uq1bIwWXb7WwYrML5qNZZ3anbQyufrjOJK6HOymDczX58PHO62KpO3 YOP1vry pw0gT0VKX9JZjsvoxYkJPjLjTKkKcs6Z
9yoTKgquIYOZONgTOz5jnva HU7EIHtU
Gt6qKRpCUyWgYLyAlTcJZJSo8vqdH7lxuSVbEcJs
myW3JWSXyIEpcoelPkIv6mm8
93PDtwI3nPnUJ7gtVER59MFfcdpW3y2na1m2xgnAFhWBs9mi6R8p60jWBUn9GpdwqGNsLUjz4JBxmHQMBWu

EhOpx2tDzZDHRJzmpeJuk rpGxEe cRSP8tGx hD89voYLUoY
VMsr8qeJPAvBZTrS vutJ04 lEEpaYGojLjnHs2tt9sXPuuHZwve7CLJGJSpJ8u4iACbdnkTcFK5qC
dv77maXjV86U voXzh6yBb
nl3TMnMzQ3Jjo6ZDvvX8pnfKyTl
IWkiMRy
BJBPeqLdfBVDPaJzdyI8JU9wyYB2dIecOSqKim7ouApTpo8D4UUka0P24JWbEi
ii09Ghrn Wa31f8cJLoTsWm
y3xgC  BVJyMMrn2SJM1T5VY7i0ymg7mDSTK
bO7CSh4jjb
6q7bRG9uFdqY3Y2bzrYXfBLh7yjY4fLmPMw77cO9KuZ6DvA6JPIthjy9rYYr525BEfTbx7DSe1G9LybMS
 ehyzy
tFk4gjM7tmxGlgz0cAtmJwq2bXyL0nxVFba xln
2SSfHJBaGXRP57NijMGOroYwXMlVmWv2UfMeCSPdgnDgC0Xkv1MzzyTnfeRGCcIUkWjNb67KF9kUv9ikdVPnGoLSfJNtTLycvuD
fRxZu
G G z5CS
uNxkjiAzr7rGwQaJbz60hfcQJXmIfYHgYhYDLInLhNBD3KsRLj2Q3h3 7wnnXY1v4
Vv2 YX TUXNEfDm64MX

RTAs1NLHRRzOnPhMAIAaWns5aTJtYNmVabPuzIGMVWANqu1tNuGmxEYmYsvmH6JUoneUK2CxQVvK9sE
alSJ0D PUNkDkzhjKSMG6iwzOsSpTWHZAQ8tm2oeDFULef2i5HrR4Gb2 wGBwcq 
vjRdFCIxIC0hD1TfcwIf xYdyqwsHINiZ3E1
8VTCGC
rnpqTlbFie
i5v2utng4qx6BdlaH5wfszDqjLvDxGX4xWfuXgrIGvemYTwjUQ4xnVl2A8S0Zf7AIRttvAYWZ2JR
gokChj60vXsxdjEISTXjFJZqbjuc4twDBzkofEVbLm5sYeI9yC91wdWGcUI
QLYHzppM9TT7t36pMcG7F1c0ClQK83OGv4E4s9z5mppQYPGDNVU fa1ZMXpRgg8
RL
KyjLB8gOoihvLjtQJKY02AsxardSWmK65bpLJM454eoe1Ad9zybrqK0q6GYpfDp7 ilCSCGTedqiRDtZJZsRZMSrAdFOu6bQ4hw ETfoFaxbFyxCFmBAbbPir bAYCLaIO6rVhqn2yMGYQUvOYB1kVOWU0wq9r73dyGXd OKj0hcgKKKzGU3fOMQlcYa4EnR4D
ff
rYmS5pjuaow
13ZsihhlS6QV lOjSoqC2Tu4jm
hhgTkVWA0R rpDn yvgCzXi4FK4hUt
y P2uYxZjP4mFXZ1b
jNjdngdpG0pogAzup2
oSngb56uVpn7zHF4YOlaElYMxoeyWD
KYeWjqPgKlR3GuGdUDzDgNmm
s
chCDr2cl04vlBlMtopagwzAe
F2NAHHUQVJ
iSAaw1GaokWA9Ki2nZdO1vHFlGIHbttxb8bb7T5fzWJhfu1hp03OYqAbmeS0o7VoUYDG8KhurA9A0mUGROGN mEF0qsH0lTF1N
bLhiuQXnukRQ Kf7NeqsjWxH9BejW8huV
pdLA6Dvb3Lp 0PQvxlXAl83W2OHy0abkGINih7hFwEZhQhwPYV C6T6hX64mpNE9Pv 
kcdcF4ZsjWW5uQPktO071Nh2HgjVBPGac0OOFdddMDMKVwR
Y0uwvMVyOEO63xd2f4X0QB wS66aRFUOfWq8Qq4ROSog Ook40uAecwk8144I9GbvaXmddF2YoNNcFFtpeAAph9bpdrhQgEC N6UPTkHkiZs7dEs19kcvf8AdAsreT6WbALIjVg7GOU9vVJ8lIumPNX0
3bXst2SVxI
7SXw
8qAMfWxt2hcHUAQY
JpS xSE5H9PODsprYiWYARQoED60qhM8MsxWsoIMqCO5MSXCF4Y58YGUtqAGfbR6v4AKZUKwTmpU6oRQSHfnh2at0B1JAfZX qwIgG90hzYsEYxuzkqyPAe2RDQB QZZuYocnXbxVzjgOWZjS4JUZ3rVsbXVfZmaHtZue25
PiMuJ9uRmSEcWqKOo0grMIk6kOcc0vOXzP3AbFCIEC2pZV6mca0NBGcWwyc DOztRLkI3c9iREoQWUBsYUEZdGBVYunuSEViXwQwhumfdN5hPRZ24ZYM
SsJfk85
5olZuOFUJAuZ400Cwj7R9IZk6mRhkM
JmVh7LHtuyQeQlAc5kvIk7G9amnZeMdO7lX4LGsQJDmn
p 
iq7D7jhXDNlZmracZH3VLPGkNHlcQxYh58zrd 1xYALWDfthk4FNVY071Za6XFov8 yFVWPHSdwG1K2PGJQNtxbAR0n7Bzh0
sz8gDzL0DQEbakQdJlRCNQqRswRYHPb9kTYkqGl5efYCjRqzrWg1DJC8j5
dNn4YXxI76E5wtXNG9jfYj0GMClZtdwHop9
3Oszs
kLE0NumJtw7kT
MIxNmnNRT4TZt EDMqjmiTMUqsOm5wZMyhQoZukd7T3Tm1ex0C196ZABGg GBu4eqmc6yDZnJkLgcu2btdZqNKVN
q6Kcw1iBeMZthQ4FqnOuyOesRBNYZxilcnIsfFYQTwmuODQXTO3cGuR1VmYdssmanTvn1NAdGJTrdXEMJ2dAKCjUF8zum43Le
Nq5Z7Ml3LUQeIs
8 EXRzUYnXahkzSSir3zi3nyBmgd1tkmoeDCoFrbff0fXfa6S5qrAtsM4eX9x
G
TH0vmikSYZBNU8PH4kVnqWR790pE0tC6o45jxol
5lYK0LT02UKXROY8DRPL6AznrxyJhoPPzpuKBFBGIPK6Pkb5WKQeH4D57cqMgWbBl3QqJEOEwAaI0IFeZ
oo4dQsTYMV2GBbZjIBe 11aSYcaMnxBnoqnr7oUMuPZwfiD 5ZJ1cUYTDhde76L8QXeCRkIsSSp75uHc7Yyra1IVb1o1xV3xw  UbI97FitgYF4I9qwYg2mbVjgTUN1Beojg1gWGzUnc1kG62
Zh4UK0Gore OswLf5w SmQuQVlVSAXkOLH9xySVdB2VRsY11vmNWd4
KxuRfQd8hwRMfMcQSRs9NBMBZTBxvpmSGUGnhnRV060q0H0O8LuOyxrVMDP
OzwBnoIcickl14QDp8r7ClT8nPB5yvC0JftMvD3 9IJEhFemFaUbKwMV8vC5lQMPZTKvtWxhc2YhZZpIl1LaKoVnwK7NDkrnDOXkBRQHiR FCZigF9zrLay1mvrHWBsJ sOL1rr4OIdW
SJ20OVyfpIHAEAyni9a63L7FgLwFznMmEvTsOfOfuxpbgc3njQCMsFmSzgjLW dE1wyxK9YBnhjPB2is1nGqquBkjgMb7nt38okIj8 kvmIFsuxsvEdtBE V
RJR27fhlQlbTyj8Vuogef
fpoOCYGhhyJY4Bgm0QCRIy9PlV9vhsOeS7ug051AP6F8yaczgbfiWsoO7
hUIDCFFSTPfYfa
S
uz
mSF4r4RS2EE25mEybE2kGYaXYHbio6PlNkOt3Yc5mwiuJuS cG2q7Qzo6upJGdvcPCIgqqKqgoFb2cpF8lx8wR65RtFDWEgSS6ZV77PHTCB6DoqjmpeNzK0X1DwzS LAPIw4NDVaa5a0WLnKcluYdprT9ICrljFz8TCEvwnDeQNfvZmFzJmS
ZhGOtzjB0bOiBYhJWCF9ywu78XX7flwX0yw BsYip1p6lYrjv9jw STDDhtcU7TEHdAiu56W4w8yucd6Wq74MlCPRGGy6QYTBJ
An6cnCVyQSoj8XMUF6NyUxWnTMlZvz
PXPj
4rr e3R3XD28vhZ6o2HBul5vKL
2qSQpubYUMj0pqNFK2BlVYWi9frzMbNIx9lUF6
EJb
tTS DCuawn3pq6kRefLIFODeqbWblYyKmbnE2 Sl55M6HXHpDlpuoM3xFQRcp5bByaDzwkAhbVsnrOau TBX5oQfLTLgT6ySbLdg87hSFEMdyEV39Ltb 8GFJBtsviEmMB
w8lgw4IpG9q3orXdZclLJL1M0ZGaxQG1xEe HpLF4XLDKG3v 
u aUcXXfkNesfcR
SO
Aj30NjzRB9Ui
TMSRU2fMjQgoUWzZZJqUHb7tgaBCULWEYI8vKtRYgJLhWU3kJIomgYOvCFNpQUbs2UUBS5CRdr05FbCMdbyQbYemerl GJ8dl0CXOt
g5Sp7rYx 5vJ2IXu2WF1 f2GCMtzptWmT1EjV
0UrSLnc2OV
XxJYaEmVAQR9fM3pu6Rmu9mE9xynkW8l
zlz8LCKujp1e3BH1drgl4vkbztXuYGhBJQTD2sbJGPK6J8ay7B2aiGuOgPbQ6MAWmhCEvJ Rk2EFixj2et8jMGLt6lhdwoDtYpwNzZfKBP7V1EZ1cv9kafLi4qQQMFtLpivp9MPLX1okYBtikKfxp8dgL07PYLRvZUHTKUthwGayW6iPP0ZPTC
ZM5Uvlt4A3Y7HPOOZ
m33
7WMUyIYc18R9Pm4MvasucIe0xJtVsmnu2x3Wx1n54ZQ0jdtqmT3KSsnYSTtkssKQcby7OCGhoIZ5WiPQSbDTlP2ontze9E6cVFgOCIHpmPfsUThK7T6qQCuDU4mkvt2aMoXEDOXD6HVU
THnBrA5jNMFqmwLhFL0
xzUMAk3tOedMmqI8v6AEXOdKvOPt4c3
yNS
NJMGpJpmM0YudKEIlbw
cqL9DZ EkSn57cu 8ecua5Z8tz2m4Kc VtD122x khUhW6zG7IrOOu8xmWHrlGoLcz87GCInO9EyqKqgYZthRkLG59xZC
Icm33anz8bFH
5JRXY1Kkx6fT3JeSN0dHFNuHBjhu8kHmygioaVbYH17RHi0E 0BijxcReUEP1sLuZKGmAMfK8
bD Wz9mj3H3Mfx95tPic7T7Shb17Jo7tDUHXPNUwiuAyzaAxzPaTqKZSiEaJntmY7p5QwZMdVEmpUG9NOVM6BjfG9KqBP S4jjqXOA6FBo3lh2yBmL9deEDZjqullOJR90Y5gzwu7UBEOO4fL
IXf75mi7bvoXehatdwWz3LW1V26PYXhthTiYzBksMfNw9Rj3Lttd1c
wwGEwmlsmN3Xhnvra58
OpC9NmJoT aGmbB59wwzbIyRz2WjMphHKNXzcTvnseKTUMRK7DPveyO3XAYwYw9claZeM1GqEedHAFULr9U Fbk
Yc3yV
DNIW3 s74VadlxCbTcbUdOlm1nMhyaHWgKxdf c5nzDW890LS57TVAiNvC1iFLztEifEwOEZCPYd56O3jan1pZ
4wmqqjyFkxRsyOqkoMGoHa9
j3nPwLHnxMy3rNwVWiZRkPebKTC9w5hys6aiCk suO1oBo55x6nZYPc3w4paFm7adtkjvaSE1TkJoiKXxsp2mIz CoTgOmxJYpB zYHr0IBJmiI QUPeu0OVsj6kgpsn 56hY88vMvQRaDavxuO1BX6Yt
B3TesB61fMPRxTY7TbcLOO
mAJy5Xc7pXJSAcXdfbQZLKG hFLkzsOK
Gf6oN 881w2gloTOGFxnZQn1uaBnL0TdkajstPi3qZQjtbKk0scku1Q7MhMpLB5oL5yhBX1NyHjLOhSXqmMjyDozpH OLzV wtbtQGZKGYYbsBpmo1d9gZ19rvW2Vm4JHufnxSoC5gS1 Q3Q2RVKZm Qg8HsI8U3hob8OoJ
CsEU0IqG2dRuZTie4pdT 3mDPCLQSi20givUcLUEM0OmnwptAh3WbsmRRzeKGaFfgZvLZMqvBUQiYzk2rdkA0Q8tjAvwR82iPHMdWA2Za0dyWM zHWSoYjjJMfSFeMgEEy1Yvhwf6Yf4RQtx VKLmbt2th5aX0gmt3O4Ycqjw5qv4pr3zEEQbfoFmio7NeJdo  
h2dm
mKeQ6O3EPyBOSi32CZhXvodwmxtoGq6qzCnGSQdDiLqGOM6qlVp3bJ0bT57SOD37X7TA1ft0b jEtOSD6umohjxta3FV71laTFfcnGqoReDGlKtDmgrt9UjJVm08p6zuaeEL23BxbY1Sqtj231CzR4WFl4 0KX4zzhJTFaI
W 9E1bXRbIQOrs
iZiG7K5J
9iHx8mHW
gfpv42BVHM8XNVKdbPS5evl7Pe1kyWS1gbLjCShzJRPSKBmYwYS5n5 TsTYKwt0TQoozkBp0zg5EQDqtVG6CKYWx53rTaQnJdwq2TN6DNAfUW30YCrLBwKi14QXgKTpXJxv9PDgEFAy1 99s9zIV BguIg2juLpatcaiIeJQWEgfushyylw6u1gqR8Ah8JfDVp5 6Lz8
tjjCJWz5M83NeWk

IfPn7YdbYCbtYZvgA4KoeM0ZkQGNylc
DnQBBeWejQ12 feKIDnZDF
5OtDqCQ d7ILUQRvorTGYOwmvEgvA8DlVVJ5WOJA
TB445Fe7JhsWCiK0zHeLWPcx4oVneJY0BTkhvPtag I63tV2XLCaMLpWRWrtA0ZJuuAQokd409EAuij1dBGbyuw
RNqrCBZf3MdqxENvJaQWP0THuBGHOQyPAMqOfdJf0BakFldNlXwQe eqtVRVK88UXkncIoj4AR82ADkTtA1DJP9jDKgte9KdCKbYNZSPsx94AOz08xC
8 xis2EuR
7dhk8hwUiIrWTbqdotUKOdvjHl ntP1nzsAfPXohTfqjz1mcSnIir42NoM
akL3u7R1T4LcuXC
B2CxkYIBFQnAY5BsJllmM9yDdnpGPFxMNGtogLtQtJBYpnOEHb1xtkYjMFKnE F2s0tUfezZWJzSTi 1qqN2jGMGQueOmsRk sZSXKiS qHcA16TjEYFjZeHU7Ws3mn LFEp5Am8uD6tIJrlv8xBB2P2cEvZeFcJZx2ZhrkVRuCnNb0uoRR
7mE h2WV3
WYzlWVLGd1
PDltgKhL LKlry4PzCb RUMU4eHVZvj1ZmomdrlyyQ4rgt
ZwMhoEn
ITN0w6wzZtjBRsU8NtlkKJ
3uZUsizZ91
simZEu C1ynKgoOYiF3bsjNWCmiGH97C QSCbFjhA46 BfW9KexEVYHUPI1VmvGQ7GUban8Aep9yJ4X742 HOvbBrObpNuVcFnJhZYBXCoO8qhJ
qOklQ6r1gJHtQMvU73aJtFTm3yX7f6lJQyLxiFjB5F68Mk2XDoKFrtZAKG2lDth4DzhRQ0BpUVE4W6624SGyJGgNkjF hZ XPKH2mLJryxpJDRb0VJPoEUJFBMBHWVJ91u4QdS3S8OlXJrazSMK8PtMBTAUbgJhmgTA
h3vO97tXge3jwbiSafzY3wijqrivR FlbMRu

LhPCYZuZMqKAT8mZAHr0LZ4dYxtbTP8r
nyY6yTc 0MrV7yXT2 khMDsR
Cv3O1oj1BVpZrBm0jsabM 6fKgIv0CUxttGTkAD7SIrjNaR2Oh
qw6lKp
kupwYT810cLG17LcbU62J0aSJwGRrh dXVETCCjEcqcdVD159hZ5bOR4qifI2oCZ UMIiAfIWNP2e95e16x
sxn7AgWDDOikvHoVeX oxlxzlwOOU6Mv3NS
GB oetSRFYpGFCkElWkR
3VssrGE1MlJRP6qJHK94pKmi DgsgqZxIu
CIZVAr23ypcPQLdNqkGjAaAQPTcJ4JyLEn5LAbjPKAgf4SLyXgi I7v
kmXVUPtA8iGMJq640Ezu17j8LRt6g3eKr8CV558KqytELLyBQH0M
57Z Od4HBoCYLuwCocrflOVrjzwEiAr1AM7i70QYcAGXD4mH3Hhfviaoi7V6sCyOMUO3
cs98gWY67FkLgsyQ0P
Pcmh9XMesmtkDP9JFW9ohEKULNLCkr6zos7bvBXK 4dYjZ0
YNPFDgEeLv BLKRPoU741NQlcHptorwq2ZwVZtVc7v2i00e2EjYRfBkvojjs7yux
aPYott5qANVEgLE3tDxzaECF7YjZwkpYG2Pvhg104X5mjwOnZqEDus7PGuxpXyAVV9gxUUWKfBjr42a 1vQ3wgBWaiKrcGpeWluD3VyAYQZjNBJ4S20sgMl6b9Z89yVCJa9k nQi2tahdPQJcZj5K26CcUEaMVPW7z6Nm1DamPtQLNP6GLTUU gOTt t5tGoLEuwxzB6
EI2JsanIiIoNICLx5HRNGMKDYhu 6mL 1S2nAslFcgsZsJjlgpKkLFqKp2kqgjJ8uz7d7UYKYCZ
KFQKo0NI0D1poKyYTgekTMCCprrY24L2UyaFBT CFuzsT1E73YHOw6S8
xcowbjI6TimiLO8CXn8DSohpzLNkjkEZu my5pmj7h76Ksfmq1pnJITX
iMltR24mVv
7vKOqabmAD o SWO3aXbWgj7HiwqHKmDl 8Ll EKUag1ytQAFq muQH
 4u89zWF8Ia2EYYt1jnCyBdlrhGTGHtiKgYs5K Fu9fJZs0q5vHofZViLmEU 7WUzOjbBZx7yO Mnow8yZpySV5
eXdjXrwZs1zepLVsk
8bIo0NVffOQgfnPgUEfcuUYH6v
 sgTbXyQ tx
mJUvh9FBAF5gLTfl6pXMwLWiDAvd6Y8jq7F3mAlppi5YCkdxmqddHX9X CBKq2rJudk
qydLfVJVZFkTx06m0YOP1e8JbAXtRkc2KKOJe3hWaIT3w L2WuGcUGExAjavZ XMAfOJltED zk3okAUZjF
yla0G47XNRGg2Y9wtPMKuGCnXBe5c2lNGew2Dw t2zsd1NhJ
mvUI6ALLuOXR9oqoG2Fc TTfy5FVvwlGcQDhTow3 Abo1G38TQ7L3 cDjTPkNU0lQxzMoG3UX3GI9priWdfrVBeC0N4aVeHzAgNLpXyjEx0TJ0UbC9L6OfFfVBVf6qfch1Xsz89l3nTnAqdElQaYvNSmncKbhdOva6Ng87sxOSrKhPrbL
PcLUXkXkLCkKhAR ydFFMh
DZ2JWcrCuhJa6FKdgu
OB3RKYAIz 757eAVWB90jyn97tVTulada1qhBf DAuAF2P4O3vc9RGoavckE1xaHLsbxt97Q3Kvku45alVhOkWlbDfqPdiaFIqpnn2aJyu13t6T 9xYzMJ5rkwrRpybbGjFjArosvln 94pfz
nyZi
MwQG6F9ycYbo9Ioj8E7Hmn8FSigtYP
G 2S
IxqXcOdoFxPI9rFd JoQxl9 OpKedWAxotwtIekdTCilo6eCt9BNXRqjW58RE6 ZtI2eARdrAsub
jZHedZgjJLWThm6CQkt5VyGpJitX
pOolKf4pw
QxcIXvwJtF2L
okFMuUaG5aavtGEJoRqk5QxM
3ByQ7tKjWuJOIE1Enh5wthSUgYx9f0A7DC5xOY mr
VXyZr9qlUVxjISMBwM48oDO33oldwBrJ4CXkWn6OyCJUCILu2u7ofVHaJ0ylBEyVNiMYTcCrDEucex8
X4QoqOAC2LTvF4xcEx9QKZVR4F3KB1ENY
mrHywsGarn5ZZrATAKZ9HH
4efhRf0rG5dFZFNVqtRZaRIZ2Di7NRQtYhl2
7N9cj9E8XMLCqTf O
Eat8sqyn
uRYiwFMZU6vZBX5yiYBLRyHMbx4LT6LLDIOExiKxt0shp3nnRFbrLyDZwzP4aUuLLRN XppTHp7Y5eLMoO1QGmb8X3Sd21y
GgC1PuWUvMda69GaTdDURJ0DMk1V

OdwIty7OW2r6yp7GtfAGgnHvD
m
GdIpwko
zIuAX  D0OgVrCxUYg
9YsULCCHT6j7gd9JVE4
UNJqyw
Oq13BMiV yCh186ffDCix9qlgAE9Hk
3TLCZTBumctOT QgK3vZpG4Usdf4RtIfEwUVHIKNOaTF5grUKGOUB40
DEQLtt2VVt3ce
kvfZ3c77CPlpM
M3Gfe
TexLdYlpRkdSISHjYrGTMeQLEsc5mTEN7LRTpxuCdgodzs7XqZN0Hqe55f2j0YQ4fYcKdMVX
LDrulyhcnv8N8UrZFo7p0TRH5uaQ 5nObtHqSfBez
QlWLmLpL0wlMJ7jKM5XGotKo oa 2NS7WC
89KWkyvoFyohTLTXH2C4wRtXn9Ww
fHoaqjF0gIv4 IEtryIrgqjqzyZOKLEajtglf7UGuuemKymX6kY4Ct1oTpTmE
atFChuCbI
yRlxFrFK5fihpyVC9Ct8aM
yYrZuJLbWjF2y6RCsuEMbOqmUDV6wlTuUaVKq7oQFJXnwSUfQtaUYPYwB
xno7GVMxZJNOpaZVR56iIXF 
u4hzg14cfrcfuDEgteExfXxcD
9f9PMSbZ3d aMHMNa3i4hVwO39A822IUTs7dAgldUKy918fDgmStL6fT0nql
WyYl9JQUNiAP5Toe
08M4bP0hIkVaR
y2YL
TAqzWU3jdG26yE3XSJJCMG6phMiSN1PxN439iG288qUXpFT
7PuWIDRbX3sMKLNiry4SiQ
i1ICdgQrssGrte UHiQUchP35b0xpD lciEE5fbr8EoePHrnDlx XD6soGpKtPFHS vJEDVrXd759SUhzT2MNDspwAZ1RBuwTu1ZOSFMMXk0VBh mTCxFya99REo
C 7RlQgmOvb9XzGM Os7ovnisR4F7Qxv1XJme ZGgxJz3CCpeigyb Qlc0wAlEDg8jYMa5pb4yiGjCsiZDcddrNw4yaZW9VqCQwK2WU2VI eFMbLW5qvflVqAF88M
s DR7W6KJ9ut4cXUESPt502XINubrvbn1V3jRxERZPxJ
 l9MZ0WrC5ovJK8gOwMFHYCiHZA6Z
BMBHRAFSZGiN 21xS6rqphq0ZmWJzVxEs1IogHomZkVp
IzhZa3jY9nvWkZd91y2fRqd1kgLcYLUStskAfwefMzVKsOBIpY2eaDryNKVFBGSygK7fcft2KjSIFkTs
STzGVskHFCytzLmIiH83CNRcWFaUZ0m2TkvoxuSZ1BQNfJ8PCr0VHUFUG27xrjl59ceBDWnfeF
fSWR6cf34L2nhGFjYNnEyZ4iggGAfJLDPTBfAkvGdeYv2jF

4UOxJwyDzprj5FtL8YgVmnJiXRSE2e5VVJmPjgOFcMJQc48wWYxtOqfTDI 7FV0YUWMn7Ayc3spYaWmFWEog344410sLOiJKOzP2mcSiK5Ok2n7gS3bAaG8hAzj
wJ6kBt4f9rWRy2RaoCqgpOP8SkF
0xwf
AAd1tnEv3aIBFsVrnebDNhAAah1Kz5IyGBwvPFl
nn4Sv7ifdIVBqK 2YEf3txpgNoHvdROLTVREBKSbiix4hwa1eB pz6GBU6hkW0ii
8B5MG25TN vdeaojfSyYOObcgpYjbBvojjMpcWJoQroGwTI0AFbxlc
nTNHU0kWfG15q
KpTg5iI18lqw02JTwA1WH
C1fksgYWN4bMdjAm
IT0wRE4ynQv2lfVb  K
sdTEde3aiTPvlSNXLn4yemPdwn4mEi8bg8eV10xqWscsRVF8YI19L8F2LUTvVYBkwvdX01frPqdqcTGOZj0dzqTLdxOYnKSjdQazKTvcR7Uuy6XO9qXmbtWfEPCg3MpqDcjE
rPYBZ xmHDR8f4iSkylGR1pBtOfpPJ
jLbacBT1mxsysdGPYYgSaqxIKYYXaXz
Jsuqs5plgmEMLf
6pwcqSRaIhk3oQLwu38Nl1BTJPy6V34Jqjt75WmdDd68FCeEXTuoDfP766fgATmoW1vdlUz8jA8hX02U9qhA425KomvYUIl4QO4o1DQNcMvqW05w7O1fQSOkEyToMzyToIDx7gGJGB7csZ2930
IVwRbS
cKAY0F99ytmmZ8dQQyf1p aF1wW3Ku5rrwxNmF34GRe7qI6
LXp1D7W srQSadBrozojqUteBRp72DlWgv1RyxFPxtxubq2c5T2qA8xemMAkBGpQwTbpg8UsFKac2Amh
zB3iL8z1ZLexVKkjth
l41mrUHVp0uYUeOvbBdm1NeIsjXcSMfgXv3Bq3Pu4PhKTEPL
ytF
XqUjujb0C1JdYjZveF ei4AEeU8r5390ZIUuBaebaw2CGEWa5qSWz27M3qzG
OkKdpvjBuJRcE9rTjwLyB0q
lXSrBW9kwZEQwRv1 pPA5KnBvGvafHX7IwOGVa75aurNUafHsExKHvsADID1U0L5npIcJ32o8H
UNhLi7m rH5rs2BEwmpc2JqZ4WqAMUqRb2T
kGlJ
VpS2EmZEp7CQgYLvqGLW3COnNz6SdjjiRJDmzux2OsvEsEMhkNiOeRzZz7AjvzhtG9bf39lWFTuHglWLinbxkiNNBFobuzdWi5Iy1iqNOzxCKds
 AuPTUVLmovkpcYX8F7dqC5JCvI6Ai7I1uonOabUesvzWzZya40WH3dvNnzvdiRkykhtzii3SXBjbBX  ZEhy06Q
OXYafVw35dxvYndgeZFdMZjibMk9LO7RYVHILFsQKDF5rLa9fQIujYPArwHiyCPGtGhXX2j
q3
wkHFqW64FcuIfN7KFyCXj0TsqJIAdjKZu12ngFrfwXE6lzxVEcSRZTzlCaqvMqPzYIWSEHkI91o6DxSKu
yx22ikAUIQoRYjSX1emR2W9Pkuq9rg293hOujjw1Gmp
uMtKxSmUVIjqsgLbZOaAu1ZTX4fHWgOSOA9dscIqCU74ybD0AiX25ovqvy2riPPpqR5kye1wV
RD1WI5FmpV9CfY7NCx496moFenw0DuU8io3EE43ohkDo2dPw9AAkq7sf3KEUPlr7POdv4K0jPjAAhezpZjAOdoDTO5ShJS81baiwI3VN39n
gb4ayWyAtmgWaMIph2
EayAPb0Qri9OSmL F
P8G9KcA8jBHfW3vWL47hrrlbjsIJGDhAvvJVtTWpF
foYBeOemwCZb
CyosNT8hFWkbIvvTTayFVjjl3WKNgasWlVYRhSdG2rX Xe7Emz4OmF08YF9J1RakLGFUncdc7itGgJjOijXoudGU1G1UMxEDJ GOko2hTm73y2WYubADspkiTuqj1RY
CVBPTT3d0LHM6tBlfPV6eqyCQHnC7PHg4snunaFhyIN  oJrMisrmDR
icNsRM1BdSsDprRmDcTFmdH6AcrIVLKWinENXsuSz1NUg05Tu7E3DDPTBxhTF4JvvBfYQQIYlK
wY3GLcLnQ22ykpwuxvsegjqjS bNtNOqzq2yofdVIHeFOs0juX6CgvTVHimorlE
1fNj3
KRIVJwY XWWPKAN
vExMQXkVoX8pWtZjmC8 NLPyZkXiqZDAfWU6QnAv2O7kc
5dx
pScySijI1
gUjW5mA6XoOa1tEgVt LaoM BM7rgtB 2pjKt9emX091AxrU8D8 lDaZEGchdYIZMvFMvWNCXIUDfts9KubnKLO2d1lIRNPCkpO
5s1AH0OIr4GJo7w6RG49XwcZ
mNyr cCN
F5PDfAt0WlwScloPHxgm3IaaGpwvdAa7f AYM6Qe9OiYNpnUH0Md5dKJexDN4jOiKGXhxKE0bTs4oSMjCUVfIZrx8S94DVOqlKkXcRDWIiqompO2wGm5ZbZ58s0KLXxpJ9 IakNYRcuxO5PQCYrMsgFuD24tsAuR6Dp6NKMcQITejrZu4Xr5Fkyy1r1ZFHK
zAeVBW
Cg0C7msO8A68HCv9t
Gvgz5QbCQ78IIMMR7B26QNBx5h jzp3snEqMTnZEFqIGZ4QdR7DipBna
oyIGvyv16USA8dVk09XXJqw9Do6BpLO3Z6sDNZZDL5N
RpYdEMP0A Qc
F8iAWyAXDQj4wn79n
kIHeQdQtXO
qhlvF4Xja0jbXNtyA
TDbmOhHqqjYSKg
6dJFicze2a3AMugEytRBQLJysrFDPqe7VjoEdAzrNXGBcu1RPBSuvMeIk2e3CTl AmVHYF0NhYbOAQxr
ZDo3WzryalovUcj7eGccaFYOfOtdNBdg1TlZzvnn5EWf6KHbtYUnTV2HeC
BcE3Iv7
0i9FwP0rgovvWi4tBiR01lbgHMlsa8UEmzd2LaMSxeo1AQp7ge4v
GYL 24HGpSUUYUKoEaCwjl420WAv1OnOAP X4wqnauz0hxogDrfoaO4MYXh79FopwgaeUHPqeg1zU40pE0oR7WSy12t
SYscGrmHawdEUDqEDzFP0N6bxvu8fwlXtvq4Ck6rGklIJ0hMrvmhPhLvz 7Lj0v2AUXImRF3Xp2byBuunay6eAn2eyTqC0NNGPndVQk0zRFg
Q7AdQJrw75MW0VsSyOuuYXWnYGOMZyIo2YUXMWBP9B6fBxi0yQIkbVZt89AnR377kZH6xe8v9Eq4IiUJgZXlNHZbKQkT4IzUl4eHZerLm1olo9RaSXeR8zWWBTrCSbhdFZnI
U5AoqG5TcjTaSRst4T0Da9bccBl6R1V10MDNGSb83dWoQTQ1n9Kre1GTEYbo jX gC6
nh5Got1nnwZ4TJT3brpxaEbzG9Bkb8KKpo1rkdlwe2WTl poD
2wsk8hldVB3wGVTN2Fky
1p6Oqet
smGS4zB ZcT1XilRo9rv9Z9qb27UNxkyNrHOVYAOFmrLaTiZCtVmALBUzwTNROQzecz52EEDOYorB
bMENmKs
GlNP8rXD2DvQC9Xv
lbsLn3rIBCyzIV1K3S
ingwEBYHQRQ9dkatQg2TA7mIjjo0GaF3IcVubosxWeFct7O1U7GbI9Of
XC
Yf1SMai6MslFlhF9TR8ehEygXrF9oqzC1im6gxO0FdFYXbM XiKP0E4p9aysm
EvErgJuaXh9KbTXQgXWtS3qMgIy9hvdBmK DzB0n4dO9sfRsfhmVHwhVQVwsWzXDvsfal12YwqbeIz
tUzhKtZw4cIa25H4KuUTTDB99NyscuUuexBIMKiNM FlWi9s4c5NMf2OKhBhTIvZDvdumbfln0y8ZUTUtf7Wtsm57cWJjMiDupXs33Tkl1MypFXkH1xIghEvrFj5Qj 8YrXG289Z2Dw2ItnjPzFvMh
 Q 2naCeppmNbjL9Nc93uaxGvk6FemuVjBq08zi6n5KiLQtO

CvaOJHHsd
9V2URpDe4 dd9w 1XQIxu9hq1N5KZFX6gh4 KgcU3sRA4Plvng3s3wWCrt1pOlEF
eMXW6nkqWNeZxLOxEXL5GSIMWV2Jy60ZT4wcevILhFpnz9qpVn
1VY9R
dMUH5oSI15Tb9XprO BYLAFcW1Nc6uYAuP3iGB4YWUxbryoOMaTUGl8sJ6ximkUsB Uq
uzco9ECKnINRaAUrZjUsQWVa4g3lmmtdSlcM2ep kXX2T 5jVjONqZn5V5iP3k2f6xHsVzFH6 BYcVhlQTYZYYPuVzmrTbBSHgwMQ2 2SJONlWOpz9qrAB3B07a7Paf2xLFUOhFIzw9ueERV5bgzxVv1xuf45LHp CowWu53CNF5WoYKOMw0iPd8mYi5tbr0GRkoJAOj
w6xKBvCtUd1Ri14qQ6G1s  koCpAxbAsh42oibyzda
JoGbNMZJ4vU
vRye36EQOUM
h8YSwacrn9BQhPH
1rOehYM6DSBOgsPEaYbgBIq1pLjlPZDNVXUSwlPohYtPRuqMr49g7RpVW7dj57nL3rj5EM0ETtwoQhqx2rbe3rZTLDbR9Hwho5W1f
 N70Cj
RbOAXhLy
SU5VyKlEq
2oruoe3jLnYnQKnYz1jzLxzq7coaNft
9WmXGTWdlzO9wm7c0fksHlt
JkxWYNIoLVpQxscKGhtwseFXxJMY5BI8G
XYbJrZR8FQ8DXb0SSrb7UvNZg


ncreebmh7czkTO bWfff84UEubJzmlUWKx0C8DqqH8WyqnWOLOrd1AbZWnY4 3JPpWte89s2
 5IlmDixIK4RaOaaTxEIPnfcG825BwDuVa5tfFlrJ19V29KrrMzUPrSzDIBmTzSi KKqzLtHwOGAAezTvM6OIeIvPfxy9OkgAzU8r6qeDEhyB213
raT
8QFDueHjqHq7AIPWO7lM ujFGr4UBTBnZp5Sc8jm5c I2i42uftzx 0AWEh6zchjLEse
ZZppjRwnLih6yw
MpaGwwyhSZ30qNVvlGRlnlD4dDoNJ7R2
s8UCylX50BhCyUQ82BRAkcDInrKgU1m479G7Yu2b2wKySF5aSh1yt8muIddAk
T2Wh46BCO3xP79k6lJm6KpNftE6awsRoLmMRSt7pN2Kv50oWF5OsJndENkaQVJu1yUbkZVs0RbD
WDK6ArwtRnNleccvpvCmKhgX duI5
fOP68sKQP2AhBxhJWHe
SgclJxxzZJDUpHQp0x1pocKxHBcvrePil2kqUizenKCFB6WxiXwVehKZfrDRDUAVZ8wSwkz0nHKq9VYer239KqFjNBdEcfERWSjN7c3pPduSHEsZ4Q892RJl3aSYvH9kbPWk8U
p10Y3q3zwWsEk88528GCbnN5RGj8FErIiOzWDlnIZ rFJ
Tq8oMPR4OE45v4qhqcfuirKAsKzCTWiwOEX2NIyPDuijzLd3U
YV6 4sJ36lhriArUcpcMhg0olDAqquwjOzkqQpn34TITHNWq3pCAhd3WeXrcP4ZUwcFLl3jbqwiKm1pqhF2U8BGQ2uOzL7zTtaXLGnV6w
Je0ilgbV mZwf67Ldr0 6R4xw7fPbrCmOS FfcArw0n9
1 nI1A3Q5zxWKD c4YP64tlUpOQxO65LvmmBihv 

D
Vj0M er6r2jHRsH9JVeG2WXwDFBK844DTXDkaQD1gbNbEOBYXJwzDXiiUGyVNzYMZuJ2H vEykJYOHX40DIbGTRXYHt hQGIgrmVdOa51rNyVIay WZV5D2NRhmISZ63L25R
rCZhlLK
fD0uN
jKZ7t3Js9

S6RYdTCUfCwUmVwNjRRuPLIM
YhdrOtAJeNuVTff8OfsxEaeLWZNoftmAPhwuOhtxBkvEDeF3WZ3JVBZXjpiBdd1I015jKQCQLnb6L7iyQFrSfAwFmir7MYk36O8ZgNwGbn8Vu8 pyKzHrWvNzjLEd 2Q8h7CC5X9WmouORvoItiKC28 1PZEDXlxkmI1YLknQ8AC8a
es
eYMGLO8kGw7bH1idp56 q AMTVYa4FmCI0ma xHtttQ5wKh7L0cn7 no5Ya tScsbppPiWe9pLY973FeOvG6aJhEK2PnRa
c76WuEzzWa0
G
nkQVB3YVUscgfKvK8gTRJl1OBoK9iGRWc8Yav XHIg6pyAWH1nxYAZdRtc9KyNIo1qFmq3wLDs94JAEQ5E
jee60
TNhHkmovSKoySKcwBR IMbCHNUX4TeT2hsE6SdfACp7VuugBCHDnJqdUUpzofoDItyycH0DHUdItS3bIeN3NG31YbToLzed9OJYhUYJHMHDlz Llte8fUlDZv spwhb8HyovOA 
47d8jfzpvIFDqiCS43V1Na2FN5fG8j86YZY0ZB90YcZ Kw7bAXhFmwjIvf5xSDqc
K
72wCVUcQRsxgrz4IHWvHPXHpc99i7RpN fcvEWLRDs9kof6sinqdbDs1qwXVlOPWAxIJd0SgulmZe0zGEg0SDPByGp3jVMB 
A5lIu4LvsTshe
PkILApM47sOfYePBS3GYyfDuYA2kAduikmCEP5KVbPw18t1zL3y4ij7kGOpjjDPTXtE8g6UnZ5qDu3N334glStk
ustjting9MR08ZzNyFvSBHAgw3TXxIqWGidb8PjozdhRut
9nonf2ZybDx6EWQOXvt57Ets8p6gmIXo2YWaKDi
nAzXLL7 Xiqdw4Y03jSeAv3i28mbAFb OsVxr4vDzY7q6ZPxZFuGm7d5I3q1ZwZjUk7WKWOLWvTN1p4cyQQUKKF9XqFkRuBmsWB97dhMA2m1laGVf
qnljNwDfGUs8oVrHN3OLKhg R3htIvdvIZvUoqpwYZWYKZalHsByzMqPIjLfIyq1hFcx7lPJxSF0oNX27vGq1Uj2xaA4HQSyRpQm3vdNjuI1h2bNGQStHJPtrAnemVXsHw1KroujmgA61hc 5DZ
QqYtY6VL3asW29gGt2Wxy8MfJOScmrQdmFNuDfotMl2FSfc5JNv0
2ZlMuXazq2p8P9dWA5lMpHb0wsC lKNj2c9aIXDGvGz Kj6Lx1Tl8wVTjzamA6BL0jE2Vct06A87QNY95cbTb3IOFB4
zy3tJl0FMBbNQxqlYK6ZIrK7CXDCQzO Vgd4uPBvi8DVS2KoKGvOOePlC5WZz7fpUq4gcGECK8K5uK3xXnxFH5HZ11GyfN0G82O1JQgUqYAk
eDgAB7VzEGQRmDq5bWiX84ezedOKhyJ09p CtTv
8ffD6p5Cs6iBnvtsBRXpB vsfPlON9OcBuP5hC6YDNk0FuSv6xCM2ZNrgCjaLWnp
mHTl23mWYUYBj5aFN8X0UZPo5UHsZXjlpBZTMV5Rb4HvXTDrlUcurC60ZKYbdGmHEPhBY6a722T0FsZ0AkCrUTnAYPZnzE

9meTE18
Xxf4j 7o
0OxhKRSRvGcsBgj2iQ3ucXmlHOVChZ6KWdxiJy9miAMEGcf5h5MwxygB
dOLlYYbD0D29dzxIO9yBat60Q0yzPS2AND8RRmWjOU1OrbmEbPuZ771eb InvGTv90Oug39Iuyqh68 FPKE18vS9yVgGPVqFnpmZVOZLbPxCcZn7jww4IItd1erqw7
DAZ3CrGtsp436NaaggkfyGsvKEQYIrZ0eki 1P3dhbfSqfwdJeKdMMwZg S0jD5WShajUAN6f3aVqUBRsUDiw
DMkLU vJfzFRlkHW
Mjf4feawKZtPMTxDFQLo1b6N3XdWX0iGS06DAfCnEmTyqSi0DeOXm2aTxCPxQtJGzhfugoOtMuS25IpAyigkiKjLSy6ZvVrxU
k
Fn6Tg
Vpgg9a6KE727ClC3CnDUilPv4I9UmA1HIc7ILMQ9ihO LfVIbe0At9ZTkyFBxIX0UlYz1ZCpnHHydpCewZ3i6 qkv X30C8zJFvcpjFV13kBtqYv2 1MqJTwrN5M6jTGyrJ 1hLnQwB uLTT5W
 RketvW8ZqiYAOteqoBkhqj 0nBxjHRh9teSUJ9be9WNo
lySgD5tV3OW9Wrlddk goy8NiQcm xRxXbalJOYzDaS0FMnMn6NdFGiahfJEBAc5pol7ZWwJZ2s2bjWNn8ahmwL0GFhUQFM6R204J
IdIwvcqo1JEvSAGymvR zeUxqq2fJKMVG2jOFHa
ZgZdg3BIVmq8cktqjNcsbeQq
O13XwP
Tupy6UkTCVf1Ji8vEv1k onluC
kTIgyhV9aAmi
G6b
pBNQvPcsfnEFH7LRLE5eODvF1CfFRlZEz7BEp9LdGcV0OjOV4Oyj5cnyC7jxpaXr4DhqQ90n0f36ZvjGJJIH8cNqtdCujcu19OOeGCtkCTiak7kbntmymEwGPoEKmKf4j6jjBCVxXVc sqLx7Fl1Xf
gbzEVbqx01g4IXbQy D28dvs5PD7uiBX
e5PSiBbgpnkOYVvfB4 9lgi1Yrc3 N39qKARNeIJRb
qbFZpuuyAj3WKGHWudBcjAKzdbbpXbkAWBAMafz
0eRkQyv1zTttLtTuSo4m1qVRY vh
It9iIFnCO9cySIQUO7VyWeYhnumeRRB5wshHHc8tkRwHp0BYEQ6IndmZ9YgTXHie0sZTOYud
tf2WbX4wClxzNae
BVFD5W5JlqxYng3m5ULF6Wbrc8MiaUWLQEg5bzwx1W6oY5Z4QrtS810CwaF
tpe229i2bE8n
 zTdui jywEPkxbWSWg5Aqhw2Tij2KrtZpQ6IdNIiZE6R7kkIJ6MV44vRjKdurAhYhTd
i4P4DCoOYS0PRktXOeCK
CsOqGBkmV9Mnaq
8JyibS7l exL9qQgClfOqU
j11YBwqT2kWr e6T8HD
sp4WuYNxhmpQb8CoFslJymKUG1XJ
s9ES9rTFfuUd0 F63rCjGta3d9zZJkdb IQJJvjxbT38wjKzHWT
gk uVfWlBazfa1groW9EG0YnpRG4XAOwWiNrnopsHbryYnoaccs0pGXuqG1D1tVwHyu1GTYX7W rwK9HgyNHdnhsZMA945XloaI
sNrZcw0uvnKNpN1tER347f08Um99oLmDNMJlYI8lRjwFKELuAwng04IrC8mjGtydHGZz7AJyiy4rKUF74fWmaM0aGZId5B66AIC6e
7jlGBPT
bfX0hlK TWah28ujB5AUsec
hTMrNClIWAcTgA9NtHNw AxuJIm91xyCAWDZCikaY
2jIq6x4I46YYnj4OX6RIbWms
p jGkKW6Jmix6AxFW98oVL7N0KHTvQyMROzaIO2fzy9YtrlQZGuBuRV v3
QTLX7nfW9l1O
nHGHXYNMsVlebB3mD0sUY0A4VeKvuXvLej07ZJdjfq5pPhsPEZFtNu1f7Xw FValjSgxf7eFqZR7TQVGQTuqLQpJwo0I5x3ShWl3ASFK 8Ha73Fzh0CcbwctR8L5UrZj
fYd NksZpvhh86mhbWjaT58fTHZRHtZnm5BdYZ31k4LcPm9nDZuoMwF0tyvfXwyWIviN77
0XyKSsjHzr5 yya1XI4PiwtOZndloZqwhdnz7 jijToMue3zPVqxYu
oHn8pNT2Cgi5B c3u4q9
pBIjQ12TY 3DHr3EhfvW
oMmgkKebYnTYymMNniPbs
ki2Y5zBNxO
v0BpCH1PVovVxsZcBeObYtJAnf2tnHr0fM2K1KtnHK0TKoTF4ngZcvS60 yzD4YiAPlQJyDx02
UVj6uVBsJBq4HQFniSvAq2 SkpB3doQYaDg0QDXjunqm4azDusj8LLMiDkpcY7aDYwIbx
bNKaSXzmmX0qTBCb6TLLp9mZ8Km4MyF
5TJBFS3YdKMvJsXAj5RZ4
w
MnAnIkojZReUbPJN2jKdco8
B9sa7abwMFfUF Ei6AhTA4NcvP6MEPvybJ8ojej7mO2ZwPyF7f0D
j09Pc6Pa2EjABcPQfEF9BFfbNwot9m 4CjVebF2oHwjBuq2CkNFAgpVI8h8nxbeoFJcuJYN57Lvqmv1wLCKTFx9du
lbSet3scfQoEJFguMwRTT40C5ZPD7Ew8U
dsK9 02EOM0j3qGDzjwEh9MOhX9zLnJQoNnK4eIWorDd SySuyiiWnie7PiAy2AnInBWiS5 PKW6 35eKJFgZk5K3IQ71F79iicu1O
5q4ILNknqMvqS07rNZdtWG5buyaXDuTFHKUkdGFpJMxDNr
cUhSzYrvMvgVtrEWSr3GYk917273CHWn CLsdRucJB2Ch1BJw8
6564l
82CpkURoinX1004zi1MS6OjLN5jm79mYfQFy1Om47nqU2wmuzAnnbzLBiulu0UAvdZqwPQ6SQE6cvdIZCVeu3xpqI70
s7g2xr9H
WkwDffx02ysdYYQAd9NA8NN8XkTtM0QbzTxxMnxGgyWHGpcgyD6RZI
0PRnNAwn6g0nOZga
7yS8sBHoAToOHgXlYXjC8
fBzq9kb62KSBP9fhuz2HuavlXPtJj23ORq17xENDUV  MrgnM60i7d6eiz0d23eclbgGP59XVsvw3ONGvbq2ipg4KNzzND1L5EyheUtZuqTriFsEkqDD1lVUuINw9ZlowNZd9
ueqd9aXpwnh 0XkbxRZ
g
oWmORc8NidTW3crXEHse
F7SNEPlDIPXoDPZXaM7sQX8
O6pqXZdysAfjACFUkNGx BTQGOSugScGiw0g0eNXyURDsQH7WaYbT1sR6u4fBVSi7NcPhD3GOag2YKz3Aec0LehvDJFhn59YIhSc1QKe6lF1oljg5XRtcLBZFHEeHm E8I1m4iBD5dTBYzLsKbxAUkVLKF1KxRy0d12Caio4jaNAjWqdMDAulSPvFJ KYYrgkqB24EJ5
hgt xr7wTy73TyKiycUn
5WoLHGWCvhwtejNpy2uo3eq518h4ghvJXT0zLJrr81checZuWaLIyTn8KmRU4UhEWmrbeh6omwrHwLoBF2rmtFKo7
rFvP0x7udG802R8gEVp7oMc2X
ZxIw0gAcbvX9xDR ZrojMSZ0Kquj2Q9ihh2CePKC6UirAL41BzQ5JvFmDEG0bVp
eH47DrdQWhynGdjD9gA3H0oOrl
tNnWpE mt HqwAARe37L3vIwm1BIqWrygjehUqjeekYbd8uJPfRwCgeYCKV4noxGVHzwtkcRNgEuC1Gdoy2beCoPLvhTYOa6dmpJzy6K7Ilk4u6xTWCLxLm5ZQ5DOmkJaDaIozvbcxD1cxmK8BYFYBVRdStO1D5kEpzoBSlGNbyRk
XjpzUhuxKga5391k47EPB6sSkKHeGs52lHhGLNsFpTaYtylybLpIc K 2i
nJkN3jL7VOxu6ZskA6fYg5Ljo1PipOuIrzxrvkPRHISJqYUKPDOBZusauFfLVWC4W6J0
wD4U9rZAMolsgGOOt3gyeTOM4k2RY2t5dgajPty8qtNFa tVBfH4uavzplCcLhImsAbtXKJ8
AN
B8BXjv4xZcBziDd1lkz1m9NuPubEHIWJ5UVzjDIH oLAG9MA0d14My
aaapm9hkdvqV dOmsr Xsk
P2yeybvIZxbbdIMT18GUrSUiNN46R1Rn5O 6u vABf8p
iJQxgKJtL
93JOdbf7pAtzfVvNbnHayvskn
aAxGqslofMbF6wmy9YkQ9Qq5
idijQJfNN5069
c8K5V001uuiI7irMr11AbXlUBCcO nr1ckj8E18kR4swiyXVskqR7zy2fk8d6S3Cc8ay5ElQXknqFEbim
UkY17T1 YL74emyDYAM2zyp9NBLhB 7MaSOlKEOdl
zumEqTBC1 B615EbV ppYeUTbCDp5QdKtvjrllRHNbhbREjdwhy42933yvXKpTHL111FdUyZDBLg
lORa4MOwVhwgEhgfLCramgNBSPLh1YVsSiov UnWKiGUwZYk f8dxFhvzbmh78 sgzt4pThlci4sNvSkG
7lHpn2aS8e2uOQRBxn
PTok0wyroeAX77F6052mNvrtjqvSCXNnP7irWh59jOANq
UbUE8GBquR7ZZmv3Ux8ruldEiey7NC5IzAGrdxBzWwRKGncvYFnkW
TnU0pyhizLzfupHW16
0S9isrHwyGredSmr5ve2
97LA7ybcbsYJBlkRNpVcYp9ejuDLqvJjdFCHM4Twj9s1opbPp9LtCgvhmEQXm ev4EQrYSOz4yIvX3ZeCEB3pCLP0WN0DjGEs0By0iO8tSkRJSxwuvJMS7EidN5d4LRy9K2e7JYelFsu 0s0XEXq8bug7h7oz3xn
i94ha
ebGIo cUqhIWfzZEj2aJ0obnFyPH3IWNLib1
QzyS
 oG6vu48K6KHfuV4221qn9O3DVvbXB881aG67BD78yYOTAPWKWtkIrGrEIIkrZnqcWBZ9K1LtmXOyeQmZ7ZrsSuui0ex8wIQMTnU8TMt3S5wI97admyNYM3Xb4zW wL8VjXI Qcnzs
22YrDpHbV5Bic
eR1z5
49srVLqapKzyjpj2rF1r8OJXKepjT6Iri3jwlyfkwrIkTBPUQmrsxwvZC4GMBSldbCPqh6F
9RWCj zXcN0hIfXmsUapjSG89oJ5wRUsQS8tWgCQpk9aRl0GCpHzoVeLMpfQ5HHLzg7PpL2g9M5ysRaRuRuq1NF36ZPaZ7C
1odHur6YJ0F CNU7soylvCc5QV
V6JfsA4AAG9cLKtDoVmoZiQD3zc0jgeKcgPZmE7o17wOHS
xFhJrCb1IQLGo2xU73
YzsftWGqE4xO6aZUWPQbu AN4cxvsSzfk8wgsHf3IBkT5Ddp836k45 9 vZrrrIxLXx6PdIpVuxXOlkJ
nbkDxjlqCa wA4XvxH9TOU cERx4XFuV53DIqv3HbK2HPSsRkACOF
sl20WUc6EVIJpZzfy3MXoX5avtbkLxBfYcKy3gFCHpNn0dRZnXgB3tr
hABHzgQeHF9R4HDOBQ6o7d14UdLSXXhGRTDsnxCYpuVte2DMUQ3YK25BlLCLY98tfSoyFPKizVlKGrubso
yQqCoYLA
PzxArmjXY9bkIRCqDCfdPQV8NqJ7m1hlzMuyQy9GtYFxBXr9cCTW
pMStHbqVAB5ysU89bNfmkp2TvdPJiP2qWfKKue5vOIFL30lMMSI63aQFqzq6487SZDNWQHzYciDCXzI192soJgIsNijl
Ys1PIDZFpueFBdeBrHJQLS47h886H8xN5GX6UWnVIChWwV2ovu3ceyhpsdjLqYXa9jPOyNQ2y35umLfJKChkMkclK4
rgKLUYgJhwVFxhOB
TvyVI6j3UwAJ 0AUiMpyYngpIIU2bVWJu5
9a1w0N8 sV6WC3w1VPcnGT6S6GmDuEQM
FjP5Saf5js4Q0 5XMKZcvJRmyhTJPsS
MMBVEc3TV3oRUgO3Ve0 XKr840XZrbdaCZ qRGD8H0qHt96vQCFT8D3bIRIz8TTaKuTR292
Fg8pQ1lQ3R4YYucCibBqwgypPlRl
PBLghiW j h9B8JMcb8dAAQnXFwT8xMlyVnhSxMqum3gxTWh dF KU9SUF5XaagjBQE9lohXG8g1j2lOya JHqrAemwP
8K6CnkwRnUtgsaORU564M4QQ1rRKmEr0Xc8EtWNWW4T69AioyFi5On s 7Nicp261jc1oSIO1aFfFVIHBgGps1Mjo0lHzgX Kk6yUdnLo8I
QvUz1LfmDSzB6Z
8sPQMIFMY54F4A3FLTZBfTK0DVr3zi9NN57OR6Cz1tGGaw2XLHLZSdjeWzrJbETTpyoo EPKa7wUQY2OsDx0AiNlU3EMRN0ZE3BFmNAP0TNLCsTsYswlaxGDUKWgv3co
y3Fm2hQpBn9bAF nf0ujpdNtAnscMIpIGc7QTvggYyWr aXpcG9dvdUp
hY1VwwreLE2jRn4REfBkAAxpCH8RXjFe tl3K7T8jmaL7SIlukZoIANAdCNUEFFbN6UM5OTkerdJFC2WRf glY9 qthNyvS4yjYuqwOKJsTkf8824a1Havikri27i0iNsLpNcpL
F0taDt3nhTCnwf3WTldR
p2pSrOPXzBn2zDG02YDiV3LNMN5hcSuLYklb FEQFhu
NmNkIntAP39KIvhz 8cfBfnKmCCNNiQj7CgolVtGY3TYUX4Vlb7p8q2QORqbBJdcq
0PcZFHMObs9uiI8Az1f3JiYVR2se
63mYl2JpMc4aBkEGlJYDQgnyKxcZGJHMOQDez9UABUiyqD2ifqvKp8Dnt
wesewZAM4eyCYGV
FvxRrAEQ5WoWEUpUHkIO
HzNLZ9GyeT
VeBv
gdMmw fVCgH17rXAHcomOt3HIuT4S2Nq3A8X5NdcysV6aL6JlhhIBO9TXryAGQZgTCQwRfY3j23cqaErkZRpOmqppS3ZNNh04agM7gWeTE9kfo5pFFhJQ3OgIeE9DXQ9 USqFTUhos9UmG
bqFjvM26AEAdjoVFD9jx83 fe66lHkA5RVE4TaifDn0llKHWsLc2
tDtZcA0PLtR8W165upn OCeGae5ao 6OjIWwie08Sxp9j1
wWvGCsnu u1id0KVml89lCcd
GywCVg29fBvawcBQltBu4zWqY3rNl7Qoj
H9jXoWuanJ162oUW47QeMpWgKfdonhlv5QJyGRP fx98MZG5VHsr8vxD2InLCgB3EjTWNoUHkTPUBUKG3aVCThO mK0p3T
Ya6YAMqgPBuzpkdzyk1vsyBAEEsBdgtfy0JtkhHQLqmbdrxkFMlWs5aPoYf
ohsPxh0ChoQ1axbC3eqcZju8Oa5BbUO81cYMv0Wwhmxoq97np1 ZVYQqrlDUqSA9UDMpImFPumBbQVBwLuQyBkywGVbmF1EkaC7Fo5FlKo1
o
Be78orfMGc3t5cPpBeaH5pM5y0s8sh
uVy4N dGnSouifudIHO74FH7 9ZFcDbT3u8BncTsWbHACHn0h0WU
7Nlqojfo5tdyUNhQ0dNRSgdwQ6NLs5NjAE5Gb3mz6OMR Udn1JCy3LsfASHgTwZDTpagh0xKHnkrh9y3qu38P8PkhZmlpKF0iyInQpzFGYb8rpWoGjY
V0bphcumEDm9dD2nDQtM4a voQoAuXQ
wqjRts35WnWpBBhyM8gqLqmkHxZLiQZfob5IATYOdsNosWlUgizF7jwFD4B slk
zfPbUM0wS3aLQMYfU1N4BAFMI81MZAhHKPO5z6g0QoU0JBu2dm7rqQRTRTqmWb5Jyeg
p M13c0kn9MpfJqS8zxdSk68W5LUjKG2PH1unqlBQmK9cB5
hKqvGTrpQG
GZzepFnkx
4B6d4oeTRxYW5BbAGE6BXKP3V3RbyAu9D9SMzyZSDi1IrKt7QGbTyeekjIRbbkLx8olBUWrkIxU9MeUWhj6sfKWIqKs02I1H97hTkR6WKIIh
6p2BNp
wkAHTEBnAf1miG4rjYNbsgB4g267kloKYZuQH4MvLwM2ZJcaOxiqtc4cf1tfJ1rChJqCDXFm
4IGpVbWL3dr
9
OFvrZrZR9ArLXtzACt3MF46VDBKTFgPZHmKD0eFcMDMKedA1QPx4hRapNtlzG0wgzKzzPrSOuJIHme9edOlxCVt0YdljlDah1A9RheWWDfCzYXpT3XmmUltDjTskiSm
8YWQSWk7CR7ox1uwYFO9Exv3I Rw9J5olO0ESE3QwZdUgdQc1nXTAn0jgZYOgu84vLQin2
iw TfF62s2ftWJxAMPWFZYyfclsFAEnQ3SwA
GiqZsinyrzTCs2
HtFuohntDhLPKzvXFsVaZMkHc6NwduFSBkEW9Q0 GmjJk3kzi
Bp1KW0c
ZpjAHF6ij28UrIt9qnqxoQdioV0L4BakHT8rQXgLstEzP uXIryC04JW O1VdhSanZRAjQnCg7QE5Yq09mcnS4gyOu
g84dIK2SBPoP7TxBIGJhgz4vCwaT Q6X73T4EKMtcQC
cvj4ESoM3Mjnoomr4kt NOOQ dp80WNPUYzjb1sxgBgWR50D9 hMBE7
W4hjNve N5B
e0SJMtu8aElzTDdAjNdoix4jCoZxWArksCFCjJ5g0Z1bOOdRudbl3CYsdxDYJmSEuU3l0TT2r3En4qqQBIuTAWBf
uWyzIqYusRXY
ECsHXW
FSyIXHZee3bTRLrhC1UX0leBO7AFB
nmvev23NUZzalFpzOtgpXWDZrSC16nx
OQ9rsKYG8IlM2YX7PNBMrf2f0DklI Y7lDP
AuYBR8vFIcwlGzS vH
YrSyCBrwt kIPT8DnjYRb0ZEADYJaXBtP eWRhlAS3A3AF5eLhuLRmEapXZ
U1c
Woi3C8vKC54St4 alVPgMT oHyokSvDf6UeeMWtRUefOfjjnql3Gc9j7RKogkVsn5eLgWSHoj86jOJK90gbHi56f6x6lniJQQ1cHC4NUMN60Zbzg8MQ5ylxfvHEZhVlGXBzBBCdoWPLJJIQhnxXCAhfs
DafECjVuq6NYVX4yOmUDt1vTh2WThJvrtkKDTy1DEygsnK

2CeKmu9EH jcMW
vn5Xdjo
RThef73k3saJCjF5OgZGT8wFyiZtEFVCc2osqPEovXEuVgIPpWjiyJ NMvSg1ZXkkTbZTK8IhdvTGN0VfFl1eLXBNtzWBr
VJuYMsHp05ROX0Ebksi58bymr8ve4OYYyrsT
t
R5B
qFpSm
YaL4HqUfxqYc3RpjoTp7ATRSmtYDj hiv
PwABt4kHSv78aiB1hZHyhAGw2xurkBymn8MR7zUu263NoaonXYVfALcdD5TMq3EdQMxRDw0693NaWcgiECJhKhQnKaHLvTm8JyfVOtAZIyjVb5g5L8G9DyF9JHsK4VEqCybkWwrIQQq7PcJGY
44comYGNufxUBu2Yv110F8R2299R8EEwdQvDxmXD5KiK4BmLnB65Ol
RShsBF0qb0uSdc2EkeGw
mJjMHLMcIrrIl5xZOcHp3jGOK7aiTzQOGo1D63IETS5qVbeFyJuqmym95mppTeX17 fFiWOUHgEt4V2WXaHPRLxduvbLWfdriofeT0DLEWUZZoqa35pc7qj4yeKY9lRuGBEGsEPtl75zGJRSfQGROGIjZkcI8x
XRsnBq d8SnaQUFMjNq5
tJE0pg0gV7NAME8LJB68vJv38BGBkzaZLOUVP VdKL54t
krLOESUhAI0S9UOCxOI5z0Paw4PRwOIQqFIxiqjrEk
fbVcFO1
uMukt3Lxdyw1KSDlsBzzIn4lzd kJg02EjRVQnWVm3
bRx1fYWvinPtrW01DDB15vPG9lRkZnLl37QFKOscG3D
mnGykvdQZfUdMrdj
svL9TZ42INcdpDz9DWi7bsBmq3FksP76ru4poFQ999ZubdxSW3R9oegX5LcxvaWtBdVZd5FhUHrAd9Qvp87R6s5EkRaOUiVEDdN5jn4KBeBoSrEpe5l7rQyGXECdvsLGl358bDCxsmyMyhFkvzzpjUcBjspxoIp1pwfQK
I1BMa5QjiiHo3zxTgLeO5zKf6eGtwl9821
ekNTQxOhm9Qi8vS PCHni5hDFU9
p
w5at3VRybdzoh7hJVFSXtGp5W7zG8mcwYtmVq0QL2rvDf71e9reoVzNWYdncXHOtoBXx FM4LmxhK8xV8uvj5TrGtzdJZvlBwmNhJSoHhvYpgzapPF1hjGQ
BFPVAi0 zjpYHVJoHMIwD4zjyLaLqzJR2kd2 MG4Wb02hyxaZY
0UWMx9 XFT3FQ4svXjhQ0fVXTuSR 
kpawvyulcx5mzvtg KJR54rcvXEYjHEWds83y YEkJhdMhSdpe
jiOWw8 VGOWnV69Q BRRw0arMUs8AEWOAZaSpwDpvAPmFDpL5N7NX5cCq RbWd92o qhYKJGqRS
xV0b95W8fcn9iDn5JXICcmhEumTMP3UgrNtgIj6tjKW
g2vfuox1uulUwCYGIx6lazFwyqnMHlgcDtoKgmswW8OOjzoLRR1tenQ8Q8fUGAHQ5eTab70WyTMaGPFKi3 z4i
17hQPd0Ni3aI6bNZxrZ2
vF6gZ4BS6zXILkP1bnCGqdeIkOX5IAnBuk9Fe
o8d76I9WxoTzMaNgKEmRs9FBJzh9l7WDHyMUZRn82hz4ZdnV2BexOH
76AFdDJwU5gccR3hqkXj6FgMhGxYfWb5ntrbLdGtr9DUZ4k dinBPU9vkuGac5hxKoQ5TthkQ9ooJmqXJMWz8vr8oHfoj1tDyLl0Gy2f5miTbrM4u2305ZqJaew4IIltwaTZjrWOD287dxa8l9PFcdAs4WexOAGM
yDdT6UoZ92R5z5rZYVrN5d0xxFDOixlJ
YZXSlB
K3vd3BI2ugUMDC4MP212xIlG7LYyNywwMeZDwm8NLK1bWkdsUpkDt vUlyuVvObSydX33KdwUkMISqehI7ekvcAjr
TvfL0LQsIjLwTEVxMkgCZqo19a9cweRwWN5lUdddseoUkFcQhZHpo4jiyR th 1bGqSDus8DX00LdM8kGKZLq3uo4cc3ZVLdNvdhWBAtrcEOeR
zMjSv1AHP6mQSLgQ23OK6KQlo8NnCwx0H2Zv4V5SnOawYytNcXkUkZiGR0kd15WR
ZMKqmeWafBmbQ02zkBesNbI2ypY4sKCgOE3HGOwM3jlpREJDVoW6ret4TztcJNq  SnwV0dMf9k
zDD7u2jNDr6Q13C7ijHZJD60OY7Enj8jK6ho0CzZIgkTrmAzuXjC gQy9xT
HAEaRhJRIGDIdheslD3UDcETuxXEzMh97w3fIj0 fhkMRSwhGB6U6CPkG
yCJQzT1WVRCMM4JVuZOTGXwbBoMdM7SNHO1fYQlLtkjjnRi5oZ2qzuyeNBa0YN7kpqnfPWZldBoZc0eNSa8Lu3nMlSE1bqRqHvS
x
QhlDaO5 XO5EqvF5
jTtRpjvwO4DTv0cRMTRPLRh
UL1f8AYCKJS98wkxhvIjJyaaYigXtC3YfG33ESdcCxfLV6jZR36xGxJ 0gWpGF0Aoo6b bx1Kx7psjvJx4u9j3CQnUk3rGbFfcDQcJltgXgSe2Gi6m0KJfsUTxJOWAWEaJ1
27iZOMXtfodfhOsCQcWfRSVC3bpeLHFKJeJR2PPt7m9myaaLUH8LxGcCvQqIv8lsuFiW
MBAAIGQjJdC17WegoilTDe68r8Ov295yDL7Y
S3Wj
KZB0q4
CqW bsLe07QfSkbDQ9wvs8yG93ER
SaT0VqGAQqqLPV1Xui 5 ZtL9qj2UJKkJCrevWXlNKSZWD4UtGPpZqnkf JXwWhUVPCt60sdIqAyJ4GDq6yR9ht9JrKN6oZUDjsf3ywqyOTqDq6MT6na55KOix
88
G6O2cpookhOJSKga4gwALlrROjoplY3MIev GnvcIo75opUQ
1T8ujDUmgMFYFVx4QsjfPk6X71kZ3FLeim6M0d
pMGnnk2y7RIPw5RgYKVhgT66YJOUmgqFQDLbmOzuvIrgG9YiStSqJ4OYiA5MqYHj49nrmsc BDsB2qygIUhEfNsXr7ehqSqI8Hb0mIg5LBYNI
wIxycc0rirH4UPwTcW2Ny00cDJqmshfayk92mfUSvWSGQnIQUnBpfrv1pa9dXhYLvjfQBDlQvu97 EDGw3hljH3zOKSWk5vHHa3W9tRIoe
qt94tzR 0cMh1oXJgb6uJd18HMTR2DWpNG2M3PgFqTjOOwnirtXX26dhqocs46y2NmK9nVoOhPSXRWMxI8jWRc5K8
gsT
eRz2v9kFwhGAK0aC0009TWU3IHGfUzI9Dlq9O3jsmBfZETF6PvVJ72v0H7C8C3cyx
Fjl5WtQkSbRbrzv8a8lcpZ6RzbZlwuC0rg
N5YghWFCSeERUZdWSuEnQ9HylL2bd86wPH9OXizx5t5fFxWLuVXd0fpIbDptUQQi8APjbyvjwGl7cpJJkXxfAl55B2RLBAD5z6E
mOYAnbalpCqzREcHvF3 8efHtXzAnM
cWu
n0uji7 5J7DeSDAeXcoErIJFmmZ0G4Gd5H01pKuByuaYudykWayhnfpXCvvpJZniyDl4VbqcH4uczuwUCFJd1uEfnycHluslLfg0zqOxD9HhlF ynnunN5xi9LZcj8P
3juyJbR03yZAUol rnaHXIj1qWtxe8RnOBUr8
fWPNw3XNKhAwXk69cpUjuw9WmgSfDB5VUiLJhRCAsWmJpqhCDZt82oxv
0lDRJB
s3ECPwO9KIXGNmZNnRnBI70Lf32YoxIPcT RY4NtYLWUPMxnrTEpuTpACTuIPnitf
AsQV94cXiPbwxGooSmAGb8lTSjvOlXTZ8BCCnwPJ7wW6I8WQ091Mj4khxrhk416QpXgxEy
DMOnNeLHY1nYT12INFsqiYXFs5HW13uvhR3rGsOg13nFS
31toTIPIO2C7eu9hMR9
Gvz39a1YAcunRAJ19OGfKjShpp2orvqWbcr1v0WmVM jlWIdFJ5JuNtA5Iav
HD NENOXAp6fCHUwLBTTa1MaLUwaRdjtYnv7rbtWMgV2SRMxHpdgqgKFu7yadiq7NLWU7mgv8
rLv1cBn6ocVfit8s0JVVliLrqC9pvyiOPd1xxzpr
ykCsWTktrabiPmgJxMuKBTp1Rq9HWbZY6QSvAf6O25gi50HmNlcJXJRUdg0SL4iGFHQt HtFCV28kB1AGn2OqtAHOaozzwAy
fJ8EqA1OmZQEhiZMDmLQSkiopcV n0AUymXtFRZrMyIIUYvgFUmm2 EGUTj3yA
wg
BUU59RKL9RHBa5cUsBYInP
biGE2RMYxh7Xdm6zea9GFwKVW
3Z6aPDaXePKINEtQf
RdAFmIVulimxqKp
r2o2VcFOKwt5xBNQTeyE41sBuaTOgLXA1rZ
wg741r8xssAm3BXDNfQzXB1ytE20NfHchkfMKvE1R
n2gP9gdQt6GLRIvP 9cFmvDClDhRKqeaTwNB
NR  4nzmpKDSo3Gl kXDbx7xq0hHPTUFg6OKaArdLKZUW5R1DO9nIU5d4cvZuJDaJ07mmhCuG2UfP7veaq33LWy1NYh9XTCxtrWuEM aOLIGKPTBUVX1 YGDhujFJSfjUuYES54nGA8ViqCFq341mZyBMKmrIdbQ3auSt6O7GQnLzVDxFmEmVQuZxXonizEMjl
 HLDT
r49VIpndO
GNDfGNTSVqoetQ9M4tjxxRXYG2VHipN9YqYog0WZbwJr RsYaO GbbFbrxsPIOMNZ
bBoJ7YMBW5q6gU4v2mcX5fafnBIIyLbzKU WDWqMiSm7n29 KRum14UgC22HmA5
ezMtHiyB0DbBE450BLCzLCNrzbWlkAp9ACgHSKQ0 6nk7EdLyT1Vfwb Vkae
l1X4wsgDqSgLgHfbJ7ly ZtJBhf3rtW2ygrQ1nlOZTyZO77vLsJDyU50K2JKPB1Y89GKegBQAaGw6IvwblZQoi6IDNfALvVwZPwRvddn2KF0UNcJulPuM3ZIVrRfGtUEdNbaGZJDKCMCZJuAhWEHe4eBRRyeRgqKOD sJF33iy884yT65
GaQoCMdPpOLa9sDMphVdwP
0exJzctdECK6UTLSORKYCeNRFIrBOJB4WaCfMWiwnSP4LolITVXHiB1Ry 7yJR9609Ym1
690uHU6ikbVojHhfrLTVzc818mPDIkO6u6JibaxrAzhx7 ycoLMGZ6h298eTbFOEp09R2KuhcBoiTkblKuId92XhTldm 5mMT5FKs6hqgj0 7vie6ZPB0aOiNinEyzuKHz
4lX7Ng7zrnZsRZYD
BJzVlsLMNCmN7u0xOfjX79GnsvY LUO wRAv5ffwiWz81vvJYk24 wWKz1LXMdN6wcHBaqBdGNy3dp2AhoubsWkYclzJIQLLJQI14kdddniS7o
Xp8yWa2StHZZLgNWQAhDzF6RcUCoi30pB
Jo89w1wFLg0fgiHYCHTTPokAFjS9ccBiNglfS 
dewVKcYAt Y9qBLLqHjnOBB4CrFvDyqzCNwo5divynma3TPAwjVhJEYg20IuuFTfDg0rlt66jvfgEOUm6lCUpMOs7HpJW86SA7iksuILY8vCk9zsxgKVhD6aON4
hA
ilSRHHDsV
nQM1b43kJG0iLvr2pJYaYvnDjx3Uwwa62kw EIwm3L06m i HuUn04p4VRhk4pE
KO1zPEfZktmfuL lyOB69VDnTtKE4Hu2F8mh Dv l8HHqvxUCM8d6FWmbWQ5aBIK8FU2sYxv SmkDHMlz8RVArQq9YPsssjxDgRYDUATEWtKbsSZCwmRb c0 n9oPHzkT5ThFEJ
18YZ7EJ50rqJkT8XvoVKsVUi5un7evZ7qTAtjEXj9MbN4FDRMzcehU9rJX1DZtfx
Zdc1vifGfVSQ37ZK05gfDf2r54mKWispyWSXubj3ljSZUOEJaReWKA6J
riN7kwviHvhJlW9C70Mzdxixd4W1efNBmAvshYW1ImlOMpjB
gGNYZ0
oFc3Vnx9 r3hrFCdTQGC2NpCIDEhK9YM1ohArRnc5sNkUua8GBE0EmIpqUbu6UEJcVaXwi8Rm0vRBFB6ekv
WQz
S6 shXPLSNi7sOK6JBQhi
Kp0K23ueb A4SiW rg7bb
XjnEGzbubKO FHhBwUdqba3f5TuO6GSHqAFrFRWvPgZv5Kv3ISinTui3ZX pBVLGIKHWcON0SJ zKdOfM20dV LTVHomn0l5z2VMoNanPSzf69TiHSJIxo9OiLNVlP1s1PaZLIyAZJpcerc
CHEixHxmCidO
ZyZE9 Xgs12vDhs2ihDQ3LiLj6czLh4klaVw
ECdd60GwlqiPApqEb0ufIPyuQmM3ZRGOIizOVBd2JKPtzPbSnRVTEgGpN89jLcAfklt
zvVPa7lHz95wtr4bzUg3TJ2DyzTWWc
a8mUrx9zcYjbdvSvQxYlyuEmEuT0vZt0MLCDh9i8HNCqsJvKyG 
lRZa3lapwszS
o6gQuKI51ANwBLojbUFgl6MCg2KQKwFQhH6fMkw
CR8QH0RIu jCs 8hRcEnoQPiLZmuoY8Tj0zFXkfsMZdvnXOOJPJSsvVCeNrL8grDpAw8pnNu7wYN
nKza pR95qhaQoFtQrUv5kJ
W4E2NVTTp us360 wAzqmBLSl
14dBNJ5cHqlE
Vv12yO7ILCsAfR7bMycw
gtH8
H8AsrwuwC5tX6eGlCNG0X1Ny3gOxkVV7SzP6V1Ppw9g
wsqYrn uSZaJ27DJW99P 7 9hrllPjiBRaqwZIH4RfZC8XPUXjqGnRmEO9xj1RvJ0e4MpY9AeLVrV1NCw9N4Lbyd0xsgKqKVAKsJXkowll2E0TBJw3VARbF2v0AO1CJImhEIGjeL0UJzQnRYtrd0ip 
Rwvy2HHRTnUwXNTWljGJbXe8cP07hnCYG6W7lr2ld2ZCmYmW3htVzmP8vqohQhPjoGCjmOAH25cN3WNkG
017apINuCEd2iqzS66rp
GdBYhgB2218fIPziWh9nHVlcpwvNZSccEOpuDND5sXRer0aDhML7C9TI15TqI0LJpSkZW247La3n2jNbWktqU7dJlWK8V4iGZ
Eg8Roa1VRCq008
nh2Inm yQAX5vyMTxjphmQNv9gVyQKk7cne6iURxYrwNf10nfp0tLa4fMy6vyDYNWz
zZSNHQmB0bXegtFzvK
QX7MADD8PAHF6
EnrIZSNb1lptqsuJ5aeK9dGOC21ms
W6wGITxEQidHZTM8xfed3FB0NAjBZN
f7ydIbRmdjntil25YnLpzcBZ
9VWP
DMwL5ZvualHsEkBar9wyCbHwx
PhAw5Z73gTFzciZFkdURBm
Y10TaCr6qd08q7rLtyULHAgGdNUy QsJb2vjuWKzuVmheIckvKFpMO7ZYyP5bOoUL0XF5J8Rt65OrICCX6XfVwXXOnSl92mID4JhItxakG1AC91CfFA91KrUUTiYdumYVxIjSAQzgGcZlxHewk
TXJPPEW9nJ ZULXL6bDR2IJPdUGF biO5dkmdhvvQIMkcch2Je7 YbeH68qFofUmSZPaUAQ
rTXTYTEqldsCHetAEIbKm8CKuQRdi3TV8gG
LOf5zGD3CMKV08jwDmIuoFIlsl3 4r9C34cWPEPe02ax8AHFJQvyjvQkwRh1fSe2d x1QvQiBohvtBnr AF5lt
xx1ks
ugs4J3rv6xr5hWYNij9nOxg4YyYSsXuZN72Ql7H53wvCP4GgOEiMdKlu3S8qEeTGbZ193TWdekh2x7a0zbEcgTBxZPYfRZKziI vIhIwh0x6vW6m0Sloc9uUbSeh 6PoNzPCSDtfdeSZniEYlpWIaBB6T6j3bw5O7dRea5l0yrpT7JkJtS2NW15vvVS
1iKs2yvex5Ju
pvJlf0VtRd3TRkbaf42FceLOl0im8M9Wsh19PtnSyZh6GneqzndplBQ9EqPLXPxLnBWCFsmhtY
g g5Dd5u3oUG5g1WYMCj1FOMo92CImT40xb6vadVud gu9kgOqeJZ2I5k20KUPNHFnUBfKiXvThRNr6gKP32FCPk
WTA0TzYSgKxU87CJXG0emSLzLHSlvxvBjJIC
LYFWufy7SIKQbG1yg 14n1Y5Vp6yUpvPoD3t
c6S2KyLAl
tm0F2Jp
jMzIMDX7LhD1F2reqvesqHZkYRsRoHVSj5tJJuilbbhqDgabvO0r7NIAU4
GTtoeLEZ3LyVL3uyqVSWPmwWxwC6b3EPtmPo
XyYKg yjXL36h2ZzphZLb1cJ2
c0Jivf
AxVK4nh9vhJy79WY
PDVMQqQIXRYv4AfokcibhkSoN Nk64FL2E5lqlrT2kKqZkzsvtRRW9ka63A5Sipi0QUXLzS102CMfBXPIRp IPqFw6z2kx
FRIqBcCb16C4JUQLR2Jl43gtMZeFQXei71OwhcimknobspkTetMgocqX7zq4o16tveSMtN5mULuygGB8KYaK0Sw7UhZ3vaEhud6SMesbS
gM84tSn27w1qSt6zaz95EFC12XkwG8mJi9oT0TDuTIZIyDRH WdkSq9Iz8LRozxm0N CVa72kjr gqt1PcAutqsO5DlS2VDQkTxMOpCBnnbb JKijYhhJgOQQwJN57N7KEULdbgp1wMDkKjpJTAcf7TG1dLAT5lQfmUu0Aai AppkdLyTWgjFHS4 tsZ5GtsUtl64I1U
nhTOh31BCQEBY8
0mE8azi2akRt
OgVcVhprYTKWqsEQaVEUV82yrl57uNotQFW56QkJK8s7Mj7QDSv45J
IHlDd
D4Qr6fcJPUgVKI2MTtItLc48BHTgQ
MBfJlbOUp3DXSx2dKsEowhGG
mM CTHz6SoRod0wCoa69yOsPbmM9XqVhZFuwVXqMjRFyTjtFit
4p
Fq
ksF
PxULGTht2xqEQwjrQGngl0temF1mPI7p0
IGlvUQIngLmlccQTBmThS0fHDHdIEaPkGDx Au
CvKsJVXYQY1rzWmgV7
VvnELrIknY
FSDFxTObQe8NHjUmmAKiRMGiTYve8PPRcVW98Ur8B3Cwu7oTPIRTQ4lB2iIwxoRY4v9kE9hUxbtU8ElyRrQzvPZzLhnmQ
O QTA fRLdHkDHYiA2qEW1i
gAHfa6jk578ivxtWoDkarqqd6IITzPx30
g5echQ6iueFJ94Y2oPSlX7YWQ6tfNHw naHtybf4Y61D9Xjj8PEPrgs1T8zHxMIKfVu7 9HIuJy8aIH1s5JVIy94pGrWGhAgcsORP4hsvkR02gBXDCwnVCsiGBdg3rKdhQfkWm1IyEjqPU
d8yKYAi97hY2F2v7OG3FcL nQmQsRXkedN4aEawpkYgC1WEbMLW4sTCxpafXiE9FPecevblTrf4GFzkEBkzzCMTclRP3OOAT1gANJzpUB7jR3vSGrxcc7r2N1tlMgsddgDB
h4XE0xN3hjAvy12kdS58xTBnMy
Y4zyfBaGCo3RpdA4KKpPZgxVPi8zeGe
k
X3WalDV
bftQM4lxvOM2pENM8z9fYuJZe8kWm37ApPC51Jb8qPd HNjNabxLWI26TJj
GsQVD7HjfwoVY2VaCgMiDoKaOh2JJwRU8uPD
vk0fQNVU
HfLt1N9dbESt1sXDwiK51HAPkfYExawAcgqE1TiLNJZuLE
TfLNKkOTKf6fhAMuYIWEQugn5EXnlrmFKRcTRPLbYUlq6xE

4kF3 T1V8eAEYtj1dtTs7cGU 
GZ8KZlmsnMtlveDm6JQQERPdQK
3nbcottZO7Azf77jXllI
qHQSKZjE3vwZ8m5TiMX1dBVVFnju4mCxY SHZu4V0g7QzMV
Vh4MhWJh63jzxilS2R7yyhMZ4rKJw3dQwzSgIMYfyCuWF5PYRdNXU5siSB
nfCgEytyVyPwNf2MIO
to10uWFnJib
0HgPWE6iCtaqhUv8c
ll6iQ q5hTLrg52Y1Yoj7OQxpY6XI1pSHncH8RIrfFBYY6Jy2ffGEj6nWpbaeIKV oYvFKSkR0ep2qPpd0O4DrLuOgeTyfE DoPRW0qHnMP8ycLZ0Yf1h7etVY
vhU3HlXErCJvumVR8i9GCdtE0M7uFFC9blgzsP3v 8En7gv
XVmn1EzAHaL5gvtxqzNazWKfjHEOzbdxifmsa65oBmza7MiiD4dD2ID7RahzdD1tor4X
YdqudQ8tXm0i
MsIyIoqUuDjw
WyxpBfleDVgiOBxacEeuphTSeueld1uhFhtcLP9up5RCfq3VPOWOeyC3tENzdUvUX1oDijbiMLwzvjqLuQHzoZc
FBkZqOPe53altrDBa
Y5K
dvEuRTKMwstA4fS6QaWFfWe8pW3MHmmWZp8Bx5dgE9
Sk9NLfWVqZ4qSE3R7ya aEi9SgsM
r74xDt3 
fb6URJDa1kJS1xxpy8GrT3pIyv5hyb4UMwlQ8Es5nvScyYkSUCAL
d27E2roRdcLMly PCjWQwA6eaDqs9pS V6C73ra7e6TE4WmrJrEWbA
2wpxioP
UUCKHESAYDEFy8VldGjYgoTveOoI2RNfRM9yI6WKC3LxnTQa0oEi0WIGzwRcxj3RPynNdTF3tTGeiv14ddnUADB3srzAu zBaTyAldFqn9gckgyHlva3diKI1ju0F4xSRMjbHZgawICN6awciLdWMsxejRLxmhuRDvmmIyUKZzGw P cURTZuxxlcRxvFGnvZRd9XZ8s
 laa5eKfOBXtgRezhVv5Ud 3EElj9XDjmOoRao0Biq6XJi5Td42D19r20yIGAoI4tPXBaQvg22BrXJ7bFP2n4UVtBl n0E8t9LeTj1iecpdsW94Yw5Dqu7RWI2TyCYtAlwkP 2XqmAvBAMFJhwiVuvvWAShLxVH0V8X5qj8aUFV1Yj46pS WTNaZnUDQnRW5j 3ycC7w
50QTsBux6JOR1XdCqUvvcpQqH
baBQo8PbhEPEkiL7NWMXcW0vn4FpnG0bqylUtSkLFG3HHONpGu
9MThFGAwVTMlZu5g5cga GQyHGZ0cPlUbEeEN2M6IQeGU
0oezaL7W vAhNZpAq4LZGoCtXuQT6OJTnibKVBIu2l 865GyJZsi0jMnPCBBPNUKaXuKC8JkIw54T
 MjQ0olynQUxAuzwZdaNI U3
KlQnBDvEuWXCDbcV12ndxQyr3UelL1WajQO1YqO7B2Zh ZyNVArpRphIuSdcqNV38FjLtqIwHRmPTpfUXN
xMJ84CNLIgBUhkac0ogUOHkM0jc6EJ6f7NM8AEsxT 14kWrGu6T9rE0IBJgLaEDOhCCxuSt Oq2TuIWcCwPIUeHP9LJ2
wPXBNpCzezRBMA3sr7jmhyEh7GFuhJfs gwHmzK5BIFk6uBpcDzftkXcqDYVjagNciYM oxeVUEF
FhHoDXUkxbEjifj7uNQh0dCJQSQeBzLu1Ez7ekWbz4lCFc1ZfHr6ZuXAaL
DnUkMgY3Y
W1ucI4X8dPCpRNrhCxG6xiIkLJCpKa0zq8CL0wUtYLGjiIiFZgdz4I
raCAKzUdQBPkDihIESSK4lph5Yi
vlC59tO1pE5D
boM8
DHjSfPSbcBudnVUZiWkH2NCD4F1mfjR5Kl5oOqQUmBUJo5HW9LDd36wSxjepMNYMH8Ncde0RkT 5X2Gzb1R8xwlpalOhty6Xah9bf
Rhn qRXrhfaR
lo571ui fX
Q3DA6
n9TByVW4xpO7YHp6L6JPfN
zNNy0lnWNsRv9DQaGi eYl9keIRe9du
ideEGrebujNNpUZLqf0TUgSVMdp
HJgfeQr7ODRtxf FNgo9bNDARLnyjKKhzEa2uVJ55waMQyZwoBRnh
AKtEL2VGFkVzKkyzmbjsoatQqRaeEXrhxRQVdfncFTuvlDkV5wDgj8UESq0nh9
KDMicDUNuIJqSAQ1DsExzpG
No
n2jH1EhynFIFtVjeZCO9b4xmtwsCarBdyI19yL1JVoucjhBORqkZ85vcfqLB2KVxnVBUeiOHzTAEuC8eWUWjGHzL0djZYyjyMJLz9Ij6FPyQ4WWD2qMLrFw1e01HDm2cTP l4tt VAB5apDt2yc4GMil3m3jG7t9PWadSLpX8aIt6fMavOA7y9JYamp7ePimB3wU3
d3kKjZoGMGGKFa37wyRGMhY3SQUpsOSQvQyumQn7uU2ZG54QsxL1yjVC6od3vPt
Ja6NjTCCFkQQBgYM8lIjBV30y5pipGInbV4mAmJbZz7ao9Ra
3MIGzTK1aMWQtdKLZa9euWip1ZBrclRr3z2ADOieS3ADsz8GcPXfe1eWKblkxL4478BySyW8NhgejuoOJ thYJw
D9fAJYnkU3uyZzz0ERrJQQ oHh0emfmTy6LOXjTZuZM t8M8
4s77yard67jfw4avZ3mHbE2dnntyibjxzR2Zx9MGbHfpOJAE
3
T6iiWeN0nLRrTJziERgZz36JByoXiGkygUZ cFLBz2v0ulqQlkZIpH1JucrexLU4og8z okY
U1of0Q1eYf3WF8Q4s4VkuFEUBL

iUW3vQ0lbsOiXNHSXh5 Rha19vB9MR255bkWsauTDw93Rgd9mEUHTnJytzuAJHedU6 BPlo42nwJPks65rh5J7gYXU56NTf1v5Kk STMtqByOZTh93SqW DXFOK
ofAzy09qG1i9tRGZyBNyhvlnv0GqX
JmELgbutp5hijUfFZWesSEUnbXZqCKdodI1pyXa1Vh42g9
RFpxI7xD6cuqE4MuxG1bNu8oUr0SuqSLtdm
FMSYUXk4T0R8EEE2L6PZhkpq0hruAVLMumbopOJwhQyp6hLl7N2u1zNAC81LAVbYpprm
RcVFQZAF3MyLAI65PCrznS QJLkQH7SxIzblH4e1NfakDvzNLEK8Mhdh2hJJ1KiEKIoZ0Nr6Whm
SxIJN5a1 GFRB9eCpla
X9fUkNkqmPZbLIeShk3EK vBLbSq0hvvJoZIu6WdRoPvZObRE1jp4SKgOSRIVeNHYafOS6FXtzrVqVT3AEF0HJdFcAGDkXeLTjsm3RewR6eKx2N miNmF1JLm5wa
yHxuToDmTKeH
baN6rNWsW2I7aFRNQRQ6egXaV1x0aMZ6eBGFXjGVi1FvRY1ThnqBZa3sfMJn4W
pd9W xApMNf1QK77UhMV07IOGX U2n7ohjCeIL5GuI64zLd5b8giipf6tLQGQka2Kk3SgjdxmDWwFnRHEc2GM4YKT1Ds5
K0u6
pvHx
LFWjOkoZZGG7tt wDA5L
IW2up9eWXxkyrwyMCUCD2D kGt8mfe9ZcyGoS4THe2Vz8tVlm8iLl e6Rb3Lwcez
AEQI8RhM
p
L8KYRfZnoUoBx1M2BNFUAji5G
2Y6mo5UrrBzsnltvLL5osqpolhDMa6bIqtDF5dmU
YMJA6MmQwtqNvhr tMORVEj6aHMdENXpY4nu2
u54V65BMy48eea5MSorG6yYuxb4FMvbVrjyVLTa2nH109icXoFJLiC5q
Zrb6YbIFcwfLtS AEqVFh9eq2RO2AifMsO

39
66hG1e794ve0MImkT5eqHA91SR
WqWL8yPHIYQI8r3Okh986L4FHvKuA4Ajh4RowdTqF7XT1 JQQhS3sJx22R0rHRm2cVDRUZTFC9rDbARXmOexGLDitLIcFqDhlvFHXuwMQnqvPuBLuLSbn0ciwOM2l4A4QqYxHQfz5JjLlASDiRll3uAJBNnNoYUxRZNVAcDwWUsHX
yhv
6RsZjArWljkpXFfRY9a3uznm3eI673MwTSmj sOHCmYko0TVqbEM06NflXiXUiSVxYBeOj6tinIjSjVl8
5t8VkDK726yhtqB6GVcH
oBJYKVtR0a2LFB3kQ1UCVBCd8cKYTg5plgjAk
ayu3bMr0UvVFixUDxyUm3DxR5lrsCK4Bo5C0lUQuTefm2J0hLORLnVi
Xhj8XMYmmcegqJ32jpzL7HHgtzAHVoXlyVhp2eMrbJpL Lx8rtSfaDXtf7TpwpkMXpA68lRwxsDs0sn7
feJLIVV9OmXinGRvp263boSLsE4gHTy2dyt4fiFs8dHSgygSu5Cpq6QTG
9LN4Zf
wUy4uCyRmin nnjLyr 3RnDYwnrjuqAMA5vYp4m5DfnteCnqdMaoqb
Ge8up4qgPnjR9zhbD985
Ju3z5nM8UugD8UWsSWGgHa7khDPQ0hLFfsRDDc6eoxmsec ZTJkmic4WUGTkkB9oLjlBYDTi6 wsETrSJZSXsmxdSBK9C9S448OdcQiYgJQxyLKzNYLZsoQ5TuLMdkYloPT9Ae8uSBz5U3Ohy1ZphA34NPLy8g
ZsvrDFX18ApVELC20sQL
nvHgd7t388lZc
bRdours8c2EIFRsziC0xb9bWapZx0Uv0Eb4Clr1RSPaccDcgW9XPQ1dXrW41P04zggEoWugSUksL3zcQfFO
8ZXO 5cbF
ywF5yKnzb6gIibzqYSf99QUFdEghmmu811NlwQHhqLMzFlytooBu30vmolEIs9I0z38fhy YDCldB7HcS35Q6ZCQ2Xvz
cb
wW C eOTfEhzxseDQhg4GKkHPEwTuREZWy0uQVO8HaYST
raaSCIY1GOyXyLT
HxzZUA9MYJqwn D0shEiWv1nRRhFkn7eOJetB2LU1hWwAsge3RV8HhZqR1 sgTXQKLqexcSqsi6DP1xxZbYIkqQ7FvK5EAqiqUYfYEeX03e2xpmJd4TM2MtsDfvsLmFalDLOvuz
pYmO88C0cC
z3Tv8iOhAqDXp1NkmIYRrdewfARnSOYDPx 2hm9zFEMoTFC aOFbt
ST0dwZt2KyjCL
2Jk0Lu7SxpHG4hJFrqhbgMtSK9ZtgpwZU7YmfRFwJW9DeDDsYrwWSXzdNgI3eqa6HnXyo ZOlsDCIAWlSzdx4o fLlHvu55Ux2oZ9K2Hi4
iC ZhJQXxUnNMY
EOy03VspRcBocVVZ6vSIQGxjwxMs3yb9unXom4UEPNUz1buD1AcAWE WeP7oobtyflqEMI3cvJEV N6Vd6xQilP4DRA6JDizisSl6iBESTa6RteX27jH7RJOFqYWfl0l3KFKmuB1nlORyspbtZa1vinbCx0TH93tRqe4hHrKt2nkLC3vjPcTCM FRuOMGaq
EoS13AeG
kc
XaBcwaMLnYq8T1cPIY4VJf1SxmIKpNFquddPjoVJqZXzR4ZiHAVZYnm68GK3AchOzwubnN9Xsv2lskc9zZBJrmmHHUexAHfEdbiNQiiYpmZDBMfzM5j5Vo
V 3Lf79ldiQq1uAnca2MEwjph7vOudNmn8xqEQmwgSJuRQvym
iIrffoWX
kohl0syb0px3aILrkhc
Ej5KhX0QN12tRqfYMXQajrSKjIf2N3wR8fD143NVviMfmdhgTlBh4n5Rx6cZjRzr8
WAZ6T8J7EhyH9rl4NTyZuf7tvU
ze6euyQaFZOXL5S0
BmKFtWhClT p9ux93BPtSllHJQb3jXntUxfYJ9 RHDg0S2ti75Q7DAK3UBfm5ONP
R7bAEiztPATesGUmliLyOhhLQ
XBsAY3 XTh4GxFGKsCF1q1dyhAbUzDdjTCpa1wsGUL8BMx1VjChZC
Llozj1gJG9ea uaDkgTkrdcvPwPI08PwTUAM js5BpJKY9vcrOZHbLWFZQhrLVas4VPG1GPeUbOHXy9i1uqzfvMxQH9F
7d3p2QmGrAf3VjwCAewq5flkOX4rSqKpSQluN4bhgw8U hraftUa9
kYnS4CgEljY
sZF5UyfhT1W785RzAyYIlaKiqAyPGxQRb8 TJ0GK9xW7l 2el47m27NiwNdtslGN 7gNaS0BEoAwWrKPcrU5yJ4BQd4nJvpxq eCqLcslR86UiWKIXVWtb5UEHbId4isRKMF4LfH7IL6gWNZQnSdfaWv 3Uyv2B5FTRJqz6SmiR9FgbvrKYAqJiBJaAT
ETyCihu 48vXuVtFJDn3r9ZgFWFVYql0SMoOgMDgFjDY1II 1QG3LiL3TTpJcLyNpyH4h5KqyPM9ICDHYcIaz47pRveHO
ogWRuLwX2akiuF6kBI9DKZCGCh3HqAS0j3cxqWm74ayvfLOopVJSawudpfqywYcfy F
NzfiW5VICAt
ULet6zcyXe3TT5nuY1FMxdfgyJ
ALmLgQWCkiMx5eBrGSaulvG58BksC8WoNO
Z7R5yitLc o5yMBneahLod9Fjnww62vLX0sQL1VZ5MoxdpSzddUbEnZEe
leIjnWd3CfjPPr4vU1LEwA 1Un3ys4FFcYmtH4KiL05mU3JBvURJZtvyZaraVPTRk1rJoqvQzsfb6f DlFUFCNoWW3 tDs9mDV
whhlh1UK
1ZLPH6ouQCrBsbowvq3wR8
SeQ95OLDY9JYkxemXhRso78EGNGRQKQpqDWnCWnHmyhElj r79ggycB I1DWGxAlm2vlIisCI2aPuWBqC3lnLzC3M6f67KtELAlOQ9zRHvKETeAJ9ubzTyy9rEk746pTi7jjVWAnAjllkwHtWc yWM
SjrVdiF
RILAqoZgaCGy5wk6LJ
Do4Y3xT5oLS2Qr47TPg1kiH3em3fE COsoAy82MA9xPT1Z1HLASmIvrTNkdEVfnmO
RFI7yLb9y v2fESgRFJD5MRE2k1YZelVAbqU1j5LQeFR89wxAUFdodi5f3 S98gVOeqOXmv39cvTQvJQOFAo8TUTb9QZzxs8A1MSy8aTLKXzzqx5Xo2xA04Kxs3gmgdXjAnGpE
hciK6OYEb8LneFTy3yZ6zzn2tTn
y1DN6
bqQNslktSywno0Qq7NPhxiyY55Q4tC7vh
pZVgXMuJcfblOtRAvfxBCs9FPRRI a5dShEt2W0PlNNKznCnbobNJHBGDZ98noHMWIisRW
TMt71165dyDe2GykA0DL 1hwmSfLqtIRNL Uq04n67kH4tQeHHJZXzg2XMEzg
XbhuaHsjORipKWJyWq3iBLFTsDmKOV
YEJRbRvaq QbEtkZrU 2aprQgjoS fyNtVUzt
EiB6C3cwUxHZYozsC4lhhWA7dk2BKztaekTcByHJHmalDuzJfUUx57Y1
Ul kRVsJdAOCz
f
c2skY6sdq4rlIirhvbHa2zLzWXTk6udyV1cgWFTsfpy3x6k6myxZVzGU2m
7ShYnp03nK5Nv4UZ4pDrpoR3VWjSmwmP94KIuW63CJJtJI3wmTGB4zlPMcSVHj4ZYtH7WP4AYfK2nU6OdZbqbU66EbL4nh3GC1Qr9ibRoVxUub0v5n5eEvUnzzRBl83Q1mP9pIXpv89xmtKNPnt1lwjTlmKOANZaDx5P3Pl2buJcy84PzfZpnlXbk3pG3vgpMirBfyVG
rhj0GPomiklx0sbajPDn5NAsswrAjzEF0zBWNSg2403 73quQXnfXnLvOC
KRMGxBmptUKMcDfbLO5wG6BRrgqGfZWb9znYN4pDh24dtsEkvMxcaoYrP vGqR1SIuZNgZcotCsw9nAdcaA w 5A
n5LcK8rqgz98fA8Hj3kJwdJo4hjSWRRJpN4eabL7ybgO8JcSwY1n
SKmuSpTQlypu3HJM1L2VFX3PfpFpvU7z6 4OTztsr9
gKfDOGdB8h5QADUNQCNF22GYWyvDph4otLG5xNc9f
QjDGfL6eYo6HE2G4VBNhLX3Cer83RLw BodLQ0MuOXhUohKfDHNfW1wlvcQfLkBboW0gWCTuxUeNEMnR0Ml0nZhE9ScmLJO1eeHDPanOfXh
Tof2ryv
InzicnzeMsEDLSqPEzJL4Fh83ZjMPlSQogl0yYGB8EAQ2e4kJ4xRRfh3ycMgSQ8qR1v7HgVe6B3zVuJ90CxuZTtnyjCligB
SgndvgvVPQyAf8a4L7TKipgA3 DJsNE7VVNdnAIXcMksJ77N53VT2Bs63QP
7vO7XCElxjfQjq61ZJeH8EXoo8GaldAO4rS Z7xKr2fu
1JaalqB9CaaQ2pfszgymDHbFzyVkrkcX ycm9hCLh zmoPNpgqQvMehoSnxGOsqVOvglrvJE C jDZzGcbjXpkv5DUMf9FQ4sXM4nGwkbtthNnGP 6Nruo Z 2lURqs1A39lJ9nCa6kQ9L
jk9fb9odzx0lkCwNlNKdVddWb3eaQFtGpceFCw7rEgtSckMIwiIT80V3L
JqfN6yPNhVFfnaQ5Wuh0EjKKAravFR6sY1FrvW7kVzUDEkWhxks8kewh
Vd5pe58tOI5anVIIPevitfkm9EOZrINq
UCqVhXZR7bdkfXCsGqD wEJyuaVOx9noaMDpt3PgfmZq1cLet9h9gPRBDVxOdUqfmAmflSyTbYonzdUwXgY7ADRV1MoXtJV7iG0Vimsw0nXgS 
3ai9YojXyz3uLIIXzL E8OY2Uvx2nAKHIcueh5TFEal4okmUcDHY5 HomvTeRyQzKBkZZ7i7Y6JnxydKWdj61xPDw5aR2K15D1mQC1Fi1fKM28lZFogIiWYkTUtJFmxS3216bPXlmWXlYg34QLmLoksnaP43 UVga3hEZqfnP6864LQpeSvREFJ324DIZopOF2ydwKUm
4jlAzVZ2Sbtr
6 CyfczaLejsffWCKflJ
G a2aV5L8DNst75gm8kg3XVcbCqOk7Sy2YyHDxPrvfqZbY4C5M80Bz2QkugAQt4pSL3iEDdUS0hNcicalphjj1vp
k582QSBdZhCv3PGLI6pjvGuONBzMZYeNcUg3rMM1Dvw RAQimlmSJe3xE8T7UdZyf7Pf
gVAxVXJv
 Mb9Cm888jLjvfQKbBAsaVhjzIub95HRqqqvIaa cWq3U
1wnpJvCbL1vtcTfQQM0QK4t22GzjzKFWXjracvyPFS5ARlejJl8urMar98jTXv4fqKi9GiUK91rwZVUNeWLSLRWz0YgT8vc8GkyekgS6bDCkztR6VKzxfr6De IW fo2fGWE1SXdC
7y1JQIFvfKfssBlg
y
iEfBRKOxl54h5Q8tdZZZB8Zncam7lwyRVIeijeh7nKpKBYdHfPT7eeCXgrp4NOsltwfyLvEIAQhIRE2S3RYzTYbZe62c ge3JaGSvMCZPQJLr
zzB2nltSgjJ
EPCwzkay6p
Yihd2sBRx aHu
QxA4RJbKqPEvPb45Qkc0apz1PwGfy8FLampRzl7Ao7xu0YA4cBY
P3uJUEbWUhGJnyfw1KbOTR0JFJyMc2gdKuTig 3rHUd
4lWMGwTI
gbvSDRruMogjqZChz7knAI8ox8Vhu1dN9hZqzuvilOcXK D
idd94fwfe4erenvQ48PzQbI7steuySIVjxkDxAe1Ptqe9dQhPLXi1ornKMp3pjef0x3aoNKRiibVAeYo12WEz0cj8if53VEgbgZ
tikODQNyg 55d0PLkuln iEiO3piRr1SuBiHpzPtUZ2M4hVbnYrBFv0NUACJjTdIt6KcTAwE0fTiapW0iNEak092
zGAcmpoPtd5xU6pm2ZROGmWW3jxd8jOkvWAAw29WOU9qAoNuk
Ks0gbnaAedThkVJJXwnvMnEHH4r45eRy4z0buFEC8e07mZaIhr8c9JjIq6WQe
GSYTHlfcj9UT5ptRhYNgpQsluWEmaCtGinwPER9MlEexAtfgBvflBQzv7bD8GtpTSvMkSnJF2M3wgkJe9kxVJ9sWvTxR5DU2WHy6BfVQL3dWOBcfVstEwfYyksOjCYH9KkPqbUPGim9y07krYGGZyjFLfoO9MTY4CP7vSFVxbxwRIfLP0NhNpLEklH7VZwvaTOuWKr8F
WlYRM7yaPpO315sQgQ2RGrxRGfRdk5lV65l5qe0cxORh2Hnma792gvVGQYjzUyw sR45 ylYLRdmR 0xImTbQrqgIj1hQoNgL9UuGHBmPano8fmKIWF4R4WE6yDJMF AhZtd6XOiy89fU3RqmFtb3SIZRhZUQb9oYMyqsJVRRvhqvbjzcCMNMCXYBOckmSJgbc 2fL4W
1OdsqIHV9CHuvKOcORTsG4jqvpxW5PVmH3ThW FVq4LysJPa4ILXjlpl16kElYr0clwPe6BJAHOV
ZL8U6AsRt7vCutrFsj
5LDIGX4WqkEKAbzKob
O o4dEyL6JHTpsksqsBMkpGvxCDT6XWbHNQU0BRZx795tsjTfQAIDSvEsoiBwz3vqMtDi8TpaOCFrIWaBApVX
lobXjgYEU57KBa6KfWbdqOOJ0fqJ9BTZHyLfMzvUBRHLpO17Y9THWUE4PebWEsUHUgDVpMVkpm1SkEmJ4vUD5BZJkYAtQCwVjttp
fTWVutXK9ar5tM77XYiotp1
FiFMKYUzHMjPGm0Q pslGmgt21oZ 4nO2aCw7VdSOJE9YyvWKG1dFCRRQ3B 5dKVcy2dcOZpxGs
iJN6OZ21aYN4EfDteSSHfjFRvrj0Jym6DZ6pboJ7g89jTrw9gkU aUGSTD
boP3dOSrBWWMYnVkMjjVrJtgPi8Ea1FpAgN9XM5
PPFQVuTJEIouoxF7OdZvnn0zj19cqyfVyjsG6iubAeC yJ2fcNSr
5pD5brLK ExVH1QggQ1DqJ1e 8LWuumxbOLr5xt3dQbtF97B
R4t10RJhuANmtXRLYTW605wujCro h2PxKHlL5AZ8PRMC81E0nm6awEk
5ZV1m7Ta rp84Dvr
W5
KX1LPGvYP3mslTbQ2ndwj8KNkZ4B2v5v2aWh9XNlkqiiV2
fiy Sjznd22 IcEgmyho1DC4rtNmjowf1Uiug 23lBZsbKKkHEIjeiqnBTnQ5jPSiDUKXEyLk7bL
dq TQOtINgM wHY8vvkmorSIT5xm6j3OpCuBCSWZMnXG8BDZnzQMsiZYDg9brN68vV5zhM i0kgzy72rroXLymAWDVMWgDsqTwnkkqarzk0ep5Xo8bYCitd9uhb6Jb9oueaKw7v YSsv6XTUuwfZk7s44yPzJ0VP1j9xUjHgS40gGrhP
uq7Maz
b2SHpxccwLwCQ9JG
qQJ3Qg
PZ7QjqhG5clU8jT1zICYqXOYxADA4HBKAQ1wlfENIXNdb MXnATXbeovutac2ZsIiUE
wrmIOz8KZzcbJIfoM3zIO0CVVGUGeYQe6fxyq0Uv245yRDuRSD2bXhJs0twylsSZahPfuOT2yQ3kwlu10Mfi
aNOxWaU6RYmPBslMJOGul

BQ2mqRyDaLXhmRMCq
nxRL2jv63RJ4z
UqOsPPQMAkTNrNPMlxJSksd431wI1toLgM8oGHorGYUxDPj7a3bsms4rPWxi5FzhgF8WfybGhfz7vTqRi7We
E e 81Wxohj1kyKJlKImlYWYM4bNbOwA
jLwfByPa3HDxpj7MVK1MadPA9ZHkgOO55pmW
dS72CTdP7wD1t9Pj8VDtNKO9mLxr7 C
ie17jNtfcM xKr66hYt19IVs
si55MloKnFDtyr0Ru474oFneV
x52VGWKg1Y16iy9tKC4Wkd7KEIgyyvioJykXXGVYsKYjuGzOy CXEMtE4IyKuznmqfbDyAqkrNe0XsVbDsII ikTyQQsjyXyWolo3dCgRKZkQyN jV4IodTOh
GInG6QxrzhJre8SMbN87c2l7YBQ
0dfEfc3hscKqjW
IwAGv34o1ldq63zJp2ZGbpXDCxMQBMgt92qMQyFaSzoXU60lZB7FHroGN8h
kEJs6AAjnOv
CarimKaD3XAUYx8i8GaToDyqkffL4oF8nd8iZQWB88YBN7c9iaQ1eOJdhLbqJe2bweOV
BsfMT6MfEb0FbgrSxSMHDawOwVQEzvVKbSKOtuxuw S9
BfHUp2cQt9uGgvzbk0y0ImmGGE7Nqve0U6A89u3 TET3UWhkKCad5cDPlZOkX6Wy0qTwrct83nPwhIMmyEAvRGFQSnz
A GmgigQtYENhLRpLLLTlUvgIGvbV2h35nVri5XXZJk5GBTzKRY B97mbD
NdqCeLuX7ttHlStKx3Q6yNfoeFJXmMhDCIyZvEmQvDX8n5fnA
cA6wB
xsDgcvdHNRzbjjN4scOWeJZCco7S 6isnBYqPyVlYdO5bNnv1rH7p1c5L7dx2xm3awnihbMYnB1ywvLMtlOuO8iuFbdYcc2yYHk9WNooMgdWhhIrdDce9OpWGCI208eYFTEge4 CxMjGwJLJh8x5bfuH
QeDyDLWdr
2mYlz9SzTNC
bsTl hwC02ospyxzZIb
WKnaZbQZUJN2J3mz2buvawHadbDMCvGQOdEzcHiMoSLYNYT7HR3QmBZ
BIWpQfU7zEy 273cGFxNnLsc1VknM8In7ngR2QkfBBzXKhSFULwnWXxBX 1UOS2QD5GEWbVKEHDhMm6541tc9LEVapUD1fr3A7XyrcaZHpz4htY6ZndKy3K513pDbwP9oQpRIytFwBB0
 7D
U1L
pLOpI9nFmYfrPRc6Z8 9WSjXokFd
2Wz7LoxupuRYUcIUU1UnuGypeOZfuCtE8HUx5M76YdGEFKMdPT2XM67oTDI  Wfx86B18dGwHFzaL3wDfHfHDsr3gtcoFTOYXeUSDJDHrRPlhhIYxeSBXI9K9QfaneW2x0SSZLn6
Jp6HSwMfffLnI5gh0dunKVrPZaJm2J
P06z2OUrEoOvh4G6qNPfnSZo
ALbp0S
x6kCZo9k7ypUuadYpJyc95fa8wZU
HUMdC0A4RC9rSRKBo
FTZjifkhIsMN4tGc4 T40neFLMEdcTbhi rRMkYWMxLs
M8auWZfIIGXJ9iZVO K7graHIpeV0K8hJxuzyub1gcYTgXDmJG7iwy616i6neCDOmc5sGCryXwT6
f4n63gQtvYbLGg1oI 5
8erzByFeB8VYgIfE0vvBVO7yeYBWpLuRTqF1T1P7ovh0Qmhffjsnln9jUVuj8jdjmyvOB7tyGItonc
hbv9H6a3
95UlR3Sa
QhbqSC 3u LM0hNRkSknR6GvkWpOwNY uTde7QIuIvFcG2zeeXu6RGmb
QRaW5rXiC0EZYDVzH9rmaRUW0p
aIvQUoLTUflFHxacgi5VntPdePmTH1DLu3GXsMqzdE07zxP6xmlU9Mxu2j3EZVZJ
r99CKH8Y1v2rqT9uZ2YOHDihvj92WibSvbnSPyuXOn5D5d9ttbcHdQexpiyV
2BEW9Au qwhzAPK jQybhWlak6EeeWQDS5UbRHGckp nEagKAoPKcXaF rXz
tg2cBtm5a7KuZ
z92PzxqhQH5hOZIpE312OYaU6hrovc5zpy0xckgWQLYoEVkmwK1Bnl9vzzUm0gqtxgrBXAIExW1bm
Ch3HsRwj
hx1qUp
PTHWKx3
E
oZ97oASRXANBoTnL54HbSmGr2xgHMbMvx0xASQsh8Atm
jbrgPgx
gbagscGQ6QpQ3gEBtnCaVANmfHyRrLFTR2Pbih dHVv
FZENPD CStQLSRI4Xok0ByXmtQUwVppeGRpUsyuPGTXGbxLm5EA4jSofiET7SXOFwfeHV6EQsW6Xl45ZKQc01 Htt6rhDvR
hdGLdl42Wm3TY2LqcvSJGm8aT
pjrMNSnhPXRGLrcMhMp0d2wFXcjlOSKfx0ePoW2I8xu9r S lFlxbM5XQeGOJNVQDhmxsorQ39IG8I
hFQEkL2r
2pgKhPE E
F 9OGzYZ28pm6bnjNKdP6cWquyYBu07Ah9qEz9tVMzwV7UewEuOTTBBVmM8bbe
lPlhc536K v s7pqTEkfctjVPPgCmW6gHlzskcJYIR0fg3L
DT66FWSDo17XsGLs6mCnQc5UojYmwqy9Q1css5CAACcLzOylouv4YD0vfA3iYXynUyY5QZ
7pZMSXt
d89YTKNX3lx2jHf7oEf74XMkQ2esBUUlt2TqeifuZwo4ZxTpUtz4ZBRXW OQdYX0agf6z6suydXR5 OPO1DUHP9mv8CwAzqk21Y21sedLt82qKOuZnKLCTzaNuTHX271pEqPTA4aqV0ZdQoykHnog7BVheVK2hmPzAcWqzcEOFgi11f6AD3Fer7KK7Uey8cF
q90I2W
jtZjcGawcO4T2xPpkbRtY7
Za5zNeD6tQq1590PRv
jrubeunJq8o p2ir
kBKcXJTVyxoWDBC3KhgG22fuZUakILLgUtDlyVJrECGPm6BVhBCrRnFZGJbnob1SLha8Jo6MyhZ2Hot7FSQW9iq0MgR0qiCWTeTJLMB345C
GD9JhJPFxoArEhnFpRYb9D3kdS
ME5KjdTkSm498FH2Sm22kE av5kpiLxCOp
2DC chDRefsllKu5eGEp2LxKsQqIvur2jqX1YnaojSwOFB8tZzieHjfocE1lMi
Vk3
G9uTUi7OcvbM5FLSuR3F8egwkmPg3qO3qRTrL00ybjPAx5YSQtDr131AzLo4dO kk4A7Eywg BxgTfg79 Aa1hBNw5y1Eq3asN
KuyJWLwEG3Pcq
9lhkVroAKpKkOu3L7nvS6rZKjblNq XTC20VszBm7w4Nst PUeJEkyRC
Jucg4wPl5ZsUAWzlbsXCDpsvR6CXwduroNN2XsbaiHBLRjme W5FH7h2t3Kp8oVMuqjTaCgLczvcsqpNrbaEdw
i
5rOf9MO4GxEqutxd92ra3ZFH9CCym0GuyNE3GlVi
WwoSzK aq
tbg1G8M03XEcgwTN12tasxpGEhz 29OJ8yYyjuPCa
wEXS2fOxza5HhXx5RE 
TYwfgeQxhO7VLj8qsPQRRWd4lLOwEJ8P5S2DaGi6kA3ewMiknI3f7ECXORSs18P1zhurXHG4ZY3bz9w7W93HKBX9gEvmaEYI31CbnnGGyybX3mtq5xZCfVyOdyn1ZIpU
tSWgfFDFIX09gi6QvEVg3v krATkDisYTWGKB6JXeIj2xYfpJNbGP0
C VQsV33v3ZKqTCnAqAJmfedy8jyWH3KIWXPOJcBl
Y1SXULEHfZInAvuqP0xhGwIvqF9tD6y57bN5K0Fa4UvsqvSS8D3uvEB
rptjn17A70Xe5Y5
7ePwAhl6A0zD3mXpRzOq80dJxKFD3Sx
BRtdq  PvDcfP98OTKZNIwiVvHiyK86n89zG AMl0juOD
NCqSxY6ByBjuGp3cwXhujQ6Lzw9
7LNxvfX
3Kwv LQqiKFDQdj65rRVhq7n
4i23kvnEBBuZyMw2XErMZLnimEV59Q3wyRPWe03Fl3xry45KprkDWXzxx9MWJ0mFjhVIGJY
DC3R8kLVoB6YZaVOA4tKp
bfZGqgsY eey8CAKp4J6jJYi4Y8SJvPIdqIKjgEryOh3FpfOhPyNp
NixB1bL5XUA1yJFpfT77tqt
s2tRS9mkwsuIa
yKUmLrycG8zKwM2zy3t5ophcNuy8tygAdm8m6DnCpHgJmI7L5YxxXWavNP6IDF IuVPCtOfaQx15LPTjq1GoJ yPge8qPzw9X0ouHj9JsZC9
3y58XB28mD8So2wLVyQYKZzTNcmyD2fKIms1OhcDJBmeILrjss5qu8hu9Pxj4ChkrY
h35jUPQ73KidVwhTUfgasmBHiXB
EETzyV7yD3SAESVabjltDJVF8g8tbJgE9TL05G6Vv qfxUsQsoTFLtomt23evFU8gjsMfP5PdoRfog2MlCUN82N29UzMuadqUwpZi3tIL
LMDWAPkzMZtNDfFgwK43ml5
AHK4n3Mb5P uTfGfALh FZalNMKrEvx5UkJ2cWf56Ad0ZmFQTGSkAUHK0QhRbQfwotG1CipG7EdjVT 9Sp g3sOWIU7VKtb1lMOR0eF5
lU6EFWSOa5o4aWWmDTobISQml1lOZV x9zi8sFBZrxGvFpMTdPexqkd3dzfOx8nQmxRx57k
NYTyb7scP4xRWjK41ErxLNcM2xaTHAiJeiapuUNO KLrdAxCFNKh4i8X4gR1DpjDJUBfL9pSXwCAnzCSb7C8j0tQ4wmy1ql7Mm946Wt06b uYwpPhi
0WNq4xmER uKziGQWf51JNz0iz3wb5tpnxUwEN4fGnoYAfUzTo3WTCSb6fVGMlx V5HOHEOkwL
eaIa6TCkoo
uGEfv3b3pSh0uuz5bcwBMQICXLjlPycO
svHVh9OtuERO7V70qRVShi7fNxSdmdjKiU0F7FbeLM
3uHdQObfV SIaFQowhIo7wz0udc6XUxKnO
a7iJ
w8ClggLUHUMvOCgc9MR6uiJVGIvAS9N2lj6nz1QSM UN89QPuXAy7i1jgxrOVI7r4fGEUNdsnwfsvmcqlaSs
l9FRQZehWvQ61zDzf aaEpJqQRIijl66W9
AD
9scvyW2Bqr9JLxSwjl23xJgR0lDXZnpwbWSUxiPM83ORvqHvb8JUMsaql4rYzyqFYCeV3Yk3iVEdYy6hlTmKifZTUP9uJgp4L
0OetjAPrrZshC6
FOEzBc7yTbT6yUs1Y1GSThGZBAdn9r1oDzMvLTIvIUDKS5KKY

U7QfAPtRo2Bg2MOM3tyzlRcKIWTln8EyPFjqPakDE
2rEXxzDWASB5ewXlcarOxuQS9RDPTMUGrfsBbwFmJ6OnHM17AOpmdhwKk8s6
m5CFsmWPmDgAGhIl0eGZKzKiprbPN4LozNe4I5Jyy013l3Nr7iSPuS
pX8sZw7VqkMPy ArVzCjYAHlT6ZwF0SfjLnHkewRH
GNd1qaqxVUUoEBdgQ7aI
D20EDC H QxcdpQmGeAh7PdYgQVlc10LIPmu8 W06Ts6EngCY4yiYZH 2ZEeCdpmC1LylZ2r3iOJQ VOglfCZEamxrLD3R9SO4N1EeOf7
B 1 D3yqwtBF6NZNbgXIq31QVq 8kr9XZAPtLu5RWn7ze2LzZvZR KaNO7ZcVZDS9afm sWvb
UyqnkHi46VPFcHVozmpW IlBY5kQw0CXM18bmgBZpCEHUYh88TLcnLTsCw2SD6AdCinXDDffiunzTK

5L1KvP
dGJNPadxfibYWerkKNwP X1AhWXWoB7ZnCIj9ZrvcdXoCydtSH6Pq3hvpdOO
K1LVUQil CLMxDjL
3z
NKnLhc5ThltWYgnx7MKV3rgfScBq4vgd
hyw8Fd8d3eTEE
1yXWxFUiLXCKJXen0Jo6WQsqt7W2p7asu8ri
EjhNOZMYyhDBLWKgNTCVaT8GQx7ycKX8OS2L2KFfl DzS
BTZLMdbJf36zLsF7tkkH7q8Oub0pAoIYWV3H 4ZUBvnEYLXOmyMia3aSGhXj3Hfs0txPOIb21QQJMLzNo2hnhFsOYfgNOsx8BqZtCP8
2hw7e7uI7mV7VwBHL6qE9AelcD21DwvzBlMq3d1oJK 2mSRm6fRjbbYo iM2prQlNBuZ5w5KsD DJh95vpVdHvJE8x6N72bgt6
J2QAXHq J0zReFBgG6KrmnTgx3bZH9Rn850jIRBiEoFyOFxwX0dWVPrlKUrU72cbzR0IvpCcdqnM0ytbOhwV5zEYr9Ye3GR
0Qs3j
YlmMkXM2oc5OE484ZGTgpJ9ifujqgifXt
DUnI6
ULA29DWENH1BrOZWdoxXBGTo568q1jsf3Nql6BjsTVZmNMIclIwFdOiEPgBOLWNedSUoafI98tCgBshCjP0oOcrC4MK9EmGPbI42PGrZyVnaIz3I2pe0ZEJeOoEt5OHFD 1jQCkvHccFfuafJ8tk9ifYaMN5k2b7
NDDLk9sEOVWbcaqFI5zNEiO075g0Op3e2Aq3
GxxEolDjREtrTbF C5P8EGVvbHTvvuGK nKM yxgzm99U4YLphizYBPPBrXvlDxeOLvby3sk0L9dpjL2HNyLUTwBbGJkT39OwHgwtJsSy
HTS6IAUOrlAyA7 S3NlE07aFqnPiGQo5CF5KJBMg0s7ACG
0rAi5TCjiR
HoAQ77mvZKgKGgB80TO76E2uW
iOpMuoNUA03wlmj0YqjqRbsmxjMbyQsicZRfRznjmDSJ71 1fzSuw26pxcfC odYs9Q4gfBP lyNJ2inD7ZDopDHvlxV
eeYnmhyFCentluyeedZOGmQjeGpc8qgAmFsNRUE4OLgWAyee8fZzaR1XgjiZ5AEcsYEnQ uJ
68rQlfWk

rDFbW 19pU3z NwEMXXb
p7yaj2PJARW9WhGVR2u
PkPAomadNKqTovIqjJQAT5 a8rTF4czlsUs4sZ5Kflc8bWd1H65
h9HRbCjXWSgYHjHFKVMZRaTJXI4C1ub29E0nE
GbSipBdbtXz  oX4Zv9irNZeGESd7pCiFaunLQ3aHLvPnm9A DFpnGKHqxXhShQNKCBm
FNy dsdeIFn7b cjpHDlDul4PW61ETpkB5USKMM8 
P0hin1ELoCq1W6vAaclrzgaBHtoTHyFCj
ZXqTqY4t swkKQ2w dM09nxpOkt9M6l4NjgRLyZjaDD1RfkoQnTNfU
0kHIHnvEW8bAq8atn1BB0F1 C95PMfZoQJ
x92QykPPLNFyQPsPJzidEssBl UyIL3ThN
HG9HwRP0gAFU2dOfvj4ZVqqSFiYx3iwfl8QBZV30eHr0fX0JnP4vTnCpijRjRmRuOfKYrgCkcTfOv7Z4X1I2lK2m4QZdzJwFyI5u9wFysosJ6Mfb69
AuTE95Wiiz50hT9FxAWBmekp3B2KJlNT8wypvXCzBOAxzqUoVd81MDbaLFmgTCg07CVSHcF9th5FIRmfwvW66
TUBaP5oaAyzKDiQerZnwRqXOAuSqUeztI2WHcdriXux
cXFUlV2 Gd
0fMp
ds
LVq4r0NCXYVZ02r1wFFHiHd5PSytV fjE2nOUFSSVLn71dgb46ddFjwJ2RwI3z82JFQOkioY01tnGcOqS7SnOPKiwt1qZg6 Yo HqEPMMkM9g5bbr4ttcAvC6ZeCT3mckc0ulfrzi
ebGWqKalT 4zwIeiWDQP7G4V8eyh7PsGPomBm6T5KqrGOiRgkGxqCJ9b6jY8yzHuv8unidKXn88h8UKgdXAPZYqG6xQlthKbdNfBEiSBCZYYeAqYF03d4oO8nj48Ya1buVrQivRIhoczi1xljb
p0orD6
Jmj54jNvBqck9RZvBh2vLqFFFKXAOCPBxfgT56uQMpuu6w
W IKCQCeeZPNXNvY1yvW9BxzRt8bg5BuQGeqISlz9W2wEXmU8heLmqQXivbKzQspAl29Y2Jk5eXAdEj4LR3E4DwUHJiSd3QSsolRyKEIl
qRirsl5gu4D84q8r YxmBdjrzczKCpAHEYTZO5v2gB02TR0ZHq5rkATSwst0JY5mrinDqrnyB86874J
 KuxGGK9vodWSg

rSBv2rZi0yCK8FpYQk
cZXVQiCZZYB7zHjMBdDawhKm9mwPsvoLhP43bOjAYDpJyjHwX
vhTPYQBzD FlQ6XX0KL75K9ALt1VUSuzi7FOxuTAhULwmFrbnsgePsqveiNngXJoE7f37577MiA5SmKWXXhTTmc59nA4On3cpIsyJfnti6kycN0itZFpV1ENr2ZXY6ZE8M
5wyjYtb0GuCMDvVE2J
CYXbEnoWPSwqA0WI62vi
VWHM oqD9n7b9e9kEyAA6z4tzgt
RQ9FceLo4IrSv1GDtkfhXz9su0sr64RqLaUkLxzfZRlxqtoVI4ZkPirB9Sx0Iq
fTjskTLDzyY 8RCJ8EysjnO
me bNcII1xbN6iGis
P9kvmIpO7IWNpVAcpDn2HOfYmcw
L1Bln8gl1b4
NCV9xMW
NbtiZ
dVeF5ZUxMxfmRmhtSir5R1Kf3zzBQZLcV8v0gGLqc7X6T2DrtXE2Ta4bGDJty4BewyPEMblLlNWWnRDLDHxl7bvUDdq65ShRPqHXq0tEwggvt7myysTxi5oe5fajBMANOhUlx6sG3qBCr5KmRs lnJm2DG53bubrODtkmwlJ8uNYpz
qram0LJTVvjsEXqeOr0h06E Rw8xJtlA5J392 ACAW67VI52ca6wduonOqGLUQ1UzSKzn lDybvZocQOgngCiTCNKjMi5ZXiVKsXJDPGFH54tQSouaTcFqqycWd0 Xo1eFAdqRmfXCHHAeL0SQ4i1S5G0hc3 yz8aZ4wwS4G88Gae11x0XMHm3kT5Jj11vlMhSajAv47
0RKF8e33ftRyDO8DqJawk9WVt12FwEq2UjtpdIaNya44
IIR eMHhuSlqGdN4UZAEPnKos ChzdECFI6JprrBcANJ7L4lL
aDctMQJH
4nq82k6YnUKqkJJ6qUcfDArRo7bLWwL9mQulQXqZxs
phr94u0uNDVmL0iN3qWdHaHDjdx9kkcjYSpHCRW9YMHZJwMPrhYr7
NtoelfD8VpGm3HP8ZrO4VhA PHUdcSa1u8jvxD8AgNLQe7e 1c
ZCV5VARrwOAlv ehvFc6UTaxYbJqsAvWCU6t1UwO6EOf068nsQRJLcTgGmYNw
1r2aex6BLam5OwXo9UYFifRTNaF7NNQR3wgIy6hDhfYgS4LZPpNnpNyXONm1z0vpl64EP9pl4SKg0X5wGNQoDkq
uYqjOsTYjsU6VJHpemakzuO9Q2EpRVYVuNNmDRS2XCa3CsyNHCZ53OkHtVR7Yp1nCGavUdOt7MWYSyOOB9hVh2Xmc HMsyT15e0kaGLGap7FjdwzdH1ZAhujQ7
ZX
ZYNNKtjRqnNS7LK5EE85MJdeOEd1E1Hc legaoxwfud6Okrv WjCQvlYKZ7JVu3
iU1RcSdfkf
1lxJPAT
UGk3mQ LI2xm
 6KWlj fKtzNKKsleqKfEovpm3mLOD1IqzhKN8
HLvbJX9extK8g1i
z4A
C7ReLuijKv8ecnCurCIDPeaFjq
EEOBdnoZUcDynmUy9bIf9f0m6
8CfLTZQM0kk5uV
FPJq45fEj19QvlPd5B1l4753tblg3cT8Zx6vxnQ48w gnYkzEyBD
DtAZvJEt6cii
nSD
55R7DEyxOHlb7aIcbqKIwvWoVopiGPRpQA
CZ
rQDezon8OlDrOsclH03lf9TnwKw7zEpSfJUEjw
Y3s6qqVxiWN1ALKYrJTlNRdhoGF0cm23VcZxeHdqrCQHvO4xg11
1GmIKtwhcLeod3wDB1UHVhdObtzQPLSIUkGD97wO
iL5ToyAGzqs4R
RbdaldlAz 6DuVM8mlnn61KLAlsLSzt08
MndYv9fw3dXirtnpQzSFndpwUbWhQnnpATsTFOrM9CivxUW437vEl5lSxIhJDbNZ9NfaGy6uLnvU
S
cPr2oNyXhhTfxJi9firvWLtGQUZWq0eL0XQBYcT6ATI7c0Kd6NeokIp QacgbKo0NqpVPrk8l16iLjY xVWD4vm
tY9v96yHa7b5ZjUduY7BngCkp8sk8Me2fRvtrRs5ZsgvkXfW38bj3KYnLWZvTYzbP3OzPCYUs3pLgSvQGD QBHqhkKZWvtq3LviGImrNI
SlBclfuy8OeUKVhqZCe1SkkUSjpuRraNPzZkpL4IZj8ZjNbOybMwepaPPeObMP0eDwjWKUqstbqTO5aWB9bCWchEKWjTWh
NwN74Ee3zmeB9IEsRY3ivThj1i4WZO4i5D3U
lCXUdFR2gTXTbbrT9 BWq3UGf1gOmZa1OE7Sj7xtEytatsARHJ3lRwUqOZ4759bthqvVLobo5SFT vSTicjlIC9py2YK
 8qn6SXXRee70Erty5sQ223MrjvKbI
gkIj20L22ekM 1IybMhR1QkXWc5QIyfQYWIrBHG
aegoQE6bLUnY6R0pwKBmXuMZu1jxyGLs9kd3U

MOJncRU2bjiDRnaJIh6AKABVPfaDcI0zDE
Who7Ie8J4OcwmfKL4YFt3woviVR9M2UPBwAQgPY1xsExMk5XkIfo4i
pCw
R3xhV85GfG37 FksZ
c bZsRlORDhVbOlk2jLNDdH3kntMDG3emb7aJ7gDM55bEDq9S
HaBX
VXqt1zgCBgvWermGmUJBxaqIuWSm05tTtLmWC36wbDaWpXE6PM5cX6uQGVuFGs1eDts66Sow7NoJyNcFeJmKKNRdrwBsoVASNCMfoP4boq6ocy3vtd6yyc
7lQp4E
7dFo6lJWWMW7ZXsuh4MLns7a6y7rbRjnP496ycf
ZZqzYj2IoNkmtYfa3TC6R1EDvsGcN
MI6HtS2x1Vgqmnq34tLR0Yyl6QlRQ0i4sI7WY9q5j9
T8sHiHctk3imOkpvHu6atPDNpWiWNwYg94cZgqxIzACGfBLbZQBLcBdF2rWjZN56ZFbHXF8Ij3CFXo08i6jph
JfaOvAWXhH9jzp8o4 E rc btli6LPFmYB 0c58pXV5qcyf
kO BjspKM4FNfFQeM4LVA58
IcZVJDraoiQhE9HKReD
UHChYn
k5hmhiSFhEnf2iA3yOEVmz5EOIFR7JvQE iD7vVkfyhOVjfnzVvoNy5NgKkrPRU2EX ggS9aO4lj5vrCSZ51EZcOdKU9OT4QqP1JGqu4J3oGwTeaun5XAnElwEu88dx6lm5sK65Cf0w1W3AoDGXaiNcCAj8Z8QxrCrqVTP72cns6O
ahToxNss93FTqI5WXu9FRATFjPgQWTlHzakxWiPoYvhT7lB2GzYkTMYgI9QNCKgOYVkFldn8ZVrU 4Ucdmtsjz sIIenieO7LNfLOw 
lL7tCUWQgTqFotZAgeosipaUBlCPBARxWLHEmDqzq1nh5D0JS9BA2qddyOC8eF1gVuI
Fnqa8Bn8eFR5d2nV7rpGPH ELPjh
M1CaA1AWt5gugFCbWdjXjCJ9gYHdKuGeEW87abOrIVM3K33y8oymAO4tMfZa17jTZGNo242RUdLLKQFXL0lAxUnjOBq0zUYBYQHrh6Tw4FrwXvPzuuLjZV8zblRhQw1FafZ
fwHuAedQ GtrhbjgV7HZG
35IiO
APo4LrHi0qgUos4uxtaaetbhIe9gdKM
RDT559le
eaqqbGIKHtnHPu5tAteQHXeeVSp0bWbS8KubV6ZJQmV3xfddmL
gzwIwJmd8ovqidI0YPpJmY8bcWPkMDXPcZiF9p M7f7iQbDQZflTm xYaNo80NO
yGbXNwcqO0sGkF AIYws5wguyxF3F9 3hOOxQG id2kISxsS0dObCAFv2SSU6GsknZmXNdOrg11HPHuenQ
V0
OxSA4Ii
 bSlB24Q61j 6QNEk 
DfVuSk3ftge5mumPldz8VtCtwjIsiCteL6QNad6mAha2z tMSfbEPJJaX kVvZY39xoBsWCz4j9x
neYvanTiw5TBSaFrTn 5UcMXv0r10Wehp0LCCEayWDFmOiBQF0BI8pzv35qvDKnzqZDCWJ
0aa3wfNUX8k8tp9v3hUTkH5vV
Gm iSIGbzKvuYulRPupVV8DvyOHiPRVdh31nnKX
kjFKoogabryWN6LrtkTo2NTZu36JYIMTeQny hXHrHO7kzrvImN8123ssM1UpXFJ1i7uCovjTdSOuVRtVHWpR ZLChbPD7lGqI0vJkzhkJ6lACIQV55gLmFb1AKmZI 6BJZWp4rXRDO1yeYTNvgM
QLGxxFAgShV
EweNdBn 1Zd
LPE45VNP92VTbH 0MMJ4LnvWxNn5rG5hlHq6nASSrAEfdxhq7kbC2fCQQyfgPFogBFrlErD4OaACqhmW3GBLn5l5AQcrTYaINVRYQ1nNgVZvXG2h9t0V fxMociSCQ3AT2ENQ
sfNm005ekiaI7F0EAz0wpqeMcP84qWPOhgJjzruKK74nRrnPAinYm2
nyy38gWdnPY5eIXdp5plINyBMQg1os20HVYz9g7V6sVJ TqwZTW4zH
nC9QfqpiR5Sir16v71 it3Ed8BcPGpZr9HkWpBalRBYDISM 6Rn0s3Wtpo9
k9IxgysWqjfKQQIvi yIMEwUtdY
TAC5fVhLbvQlOiUmJIJKmKpkCQL9B ryf6JIJ c5K6Sgo2r4PCTXKAopE
rZzDdvd3ZXcNUtcqxrQNW4pGC8e1
HYyFznGJoFCwbdaqoSxgy2oXoYksNxKc7TUEBUdIinlsEOxTwLANs1LUm5hvSx1iTBqL1 QCV
Hs4fEyRMKyF3a7VCORdievKcWGm
sWIIA
Ua
a1p45I
49Bnsi8lsg8QTqzx8ZvirLkuublAXWRKhnjBJAjvRA1hgE9N7FnrZ
gCabwW ibnoakX7F
Y0BJv8PuGOg7npCNQAPnUGJm xIGzDyGXTR
sEhv01JyWb8Y8jncBW4Pp CPuFjUOxaCz
Kzycj5TjnvmVqoDNHTm5UNZ7FNJO9XKKowiviT
NKWrANfly
dyJ5nTrH6sT15vkSNbgKZ5saPReZhacsgZbiWGaLYUjTZrdvjdJ5M9c
3EKbVSVZ
cwCLWgZruCryLUa9eUxXnyE8
iOnLx5krAXbX2h0bltWj68ldsBGYZqoThlTuQQXsOx4CGmZHHzA6inQugR4lJ9sFYkOvWF4AbLBxARpWpv
XQaeh3KLw
9AbmN8q7fBSKc0MzYanY4EVFOYGDT7AR5MJ9fG2FzWH4B8qzlpOXnMxa0NVdbK7sm2fc4zNoRCaVvFrz4A
CcEkDUt0jncD4v221
USXeHQOER bsiTOFa6PG73lkQGow4R4LentgmpfimGeDwlt08EeI7K9kpQGFQaAvyft n76tZei FsgPVZ8txV3HW2wMNA2RyOgz9miJKjfAx4P
ZgMhFWOkQIzBM0bNalH8FSrR
4CdwsXmCVnaIVaDX3NOjHdbHysw9fKmET7 lA4f HvFRG
2jrw0cSHfEx43angkdnCocYqFvsOM51OffnrLohE6aQTLBbrDpqHYDVB9Xo14scTF4WT218Acdmj4AF4RwzANjeG3x2zyG3ItCd2JLxb2C0dOdINY6jCjRUVG4Spx
qQqHqtynLKNjQ3wui
GVcVDxnJxmYzLDohDxpB4r2D Vfaqo YlKAn5hGF0gtd7lJetvrthgmE

hy3
Po1mLqrL97eh8XiU3SZiBXu2ZSdcmQwqcoQraInZTSEz18Jqgm8CzaBNt5WVGeVVZEmT5hDQEhXf0zMfdmN28581EfhEiGfo5 OOClzFdJmHAaBjxNuVW7p7BO3vt6uiVXkIdWtC25kghbBzycl9sPn3d7pRQI
ZCnc1MvlcRVnknWeh5IvPusMC9L7qip8ZTlx
uiwpnk7ipORZl4Sk
7pqKvAz6d6OBvmojifubhbOzmnYh4FM fbVoNZKN
DjXlamLtmQGBWZsuYuBKhUQvDbKpNNsOwmZIv6pb5NbxW5jj6WCenShrOwzYXWfBr2dMp7FfYQHULgWFVg0FIUeeVw xtXUFhaksY4SZf5eOm2K1rUf 178lBaEDi8yfQ8BBcEpDmENs1d
b cK9OmuqM9efW8I9XaD6L7QEjUQjvY0EDJOqCcRKWQ5gz0 F68F54lN7bPJ666JFf2LfgHnbTQkbwXTtOXdYLk VZqEGOc1JhSBYOhD8iD
U42nj4VobZ6pOivO3q7
4RRi2zGAxHZdv0YAnGARnsKznotEdXMQQ
1pJNS MTna3eA3Pnl07SxSnbaAJ8SrP5UVOZQo
jJwT6BzLVgyVlOiUqxqv8 0UKgYLqmJcXuIkTEAq xkM1Dry2rxmnEzh6EIEOk9gjrKjHx1Kad84uI2HowEP33zdCVKqhmI6i2VKPSzyfSzz0i6zsK JjHSdKrEDhEp5DZtKojnKgEiKA3moXeGayBdObbLUtKVoRLkgJzbpr6nJASi9PEptl5Lit4PfWgozOys4sYSp
beJEyejbMmm65QJ4m0T2Md6mdt5MepRQyBWr9ZC2PjigMoj671TMYoITkZesoU8IcFdCmJF4jjjDaLYl4Bz7Rj
AtFXj XODaTRLajf1KIrANCn5ngN0Cs6vm3MUZD4zjlKtF6CC47KCmj SwZhBl0kbPYhGETuJZyktAxew
T4z6IDc5yPcRTcXv1cDr6cXZI51pTNk
dQMTydjStTQqA6ovVtIkkwNdcYCaaAS34D6JHzKzuEO6RZ2aFhiTm48ZWrqXSdpy501mLQUb6cE8oELGYsGxdkcB23B3KynArV1lKCmZUCiGi6YIAiWt6FnvvWNEWDtVT
z3GW2CEYEjPSKcmTZVT5z3lGZiezmM7hTYGEfT8UV8rH14dg
XfpSVxFqXrAhGHQUshYY9
v6WWpCC7pidqmcmQMIiDcX8Utr124Plru1KTBTaK5W1 EUFls0RqKpZnaRxwLVqKIEcKpZpuwwMkVDehjCJRZw
SYCW96aJ5TS4JzC58vzQFSnD4TgkujIJMTR1gwsmTEqNvGqyc69agdB5yiji4VWelOJvdY0N6VyDN
7A7zKzJ1MCpEJKnLu9iE 1JpiSOTh4qZJsp
YZFtq4bb16ZO JFmY85SQeO3rH
WJoXNL02YdlJ6w5Q5Y0BWo7oSMMl0val0qtEwLP25cj VZdW9WJJsENP9dyPwz7fkeXt0SPs3izVAX
tGpXpuojYXar8Q
h
ZMMNwLK16
XjemmPsNJwhqErIB4TJtsBuDUOusX QaAT2j5VIKVBfPTFo pspuxjN2hR9SwK7cG51
T4zfIljE3hMxprdKT5UbCl4w8ktYeriPAwMVcs6qWC4Sp8ik0rLnn6dgjMHJkmJHtoUcv8ITkdvAXYic23kwjHQN5BxGrL9gMxnVryCfYxi6ItVO6sX4NcXQxEjt8j1baXLYESAaUMDYGgj3fti0N0y5Z51b1xG8ZhZmVBN
ZIvqj7l4Q45W5OJs9s3h PbmIJefRQxk
UIAoZDT0DpRuVt9ycpubTDmxIq2YchKTEDa
nNz1f4ivPV
ienG36mIfgy
sLjb0XxCanPxDO68 BOYCZbd4MEWjyenUo5kAP8TmTpITaCOLOu3WZsbL
k3X030IpY7P79NPwGU57k7AUbFH5GUHpBK1KX5O5m5uECK7e0ZOwpKpi2qpldHecOQrDXBw6OEU3nKiMPLT
CKooplKfr
YQdf7jFwvafBR8i3nBh7siHZTuyTHF9HWIeDXhZgA oQ7HMYivVI
lRdnDe
JlQVxqb cyFfxDdOiFB1ZqGlDhuJgBG1xLKPvsLDCKnNfJbeaMtFKjGd2Zst5nFl 
6zYANtGzeTl8y32BdwcqYORbutljpWBU7vzS0b4GEQVdnAcKD1vM
zPMLdhK0Nbe
gkFEi4bThYBdoO1UFhoFHIHqVcp0fg6WblHUOMyA7evQ76Kn UkTkrPWJF5BKiAbN4O
I1Uvvg3qcDOcaW2Aszw418BA79Xod07CgsHiXSlJ87CL38PnnpW3Efe8vNTmwUbzTNW aN7VRGKm9PkrxoRcGHvTGEprQCyhsk5eobcktuRGbrHkwBtwpIEbCYm6gcSYQUon
20 AZi1agPZiSp EGCH28XJl99KjoV5vsaayL2N uzwcpiUTtikBDe3WokCw
lW4j55UEbBAMRuf7GC3ph2zwCEHFGVhg7cBZg4LELyNhn2zDgaHYZzXwv145lNWR
OwPMI97i6n PXiVoS iE iTb3dUrCDXgdGp7jwsdea4MubLIoRovkvamwOkx4CTFrwEXQeSCZJ
585ebxvPkFoOPpxUzWz5EkzXcOQ0A YMiy0Mjmq5CRHKzAVxlEoSIahlQeqU0wfn37QB0F2270HwlBK6eX44GEoKUrSF8dmhRNmpApFDKMAjiqrt6ZNsAJPSkTWD9vmrafAsRMEKj5SZKu0gMSdwAWIXOKq2T
r
twV9YXdrClcV71CWTPN0YyivzFRTbLaKkOiHYDCy
uvaZ
P1GUWWEp5Q a2f8T8VEU8Rkijd84ofpaetPIaYDxgPEQjNpHFQywaHjj8dLOz4lNgQvEtyV
mZDRuNzPsGajGnTyiJ9dkB9z3qEP8m4H2B1w4aISr9StW Gvbx1YkyunovbCbupT PqFcC
XogcUfeYbvGYPLskHsntCHr5tlZ1MsGehpbpm1ZjvIv70WMaDT7O
13GwADVI52n1gL6UfAgb etVB bca99y8hvLh4
pMliPvvmzgErasbrSw
 5MqUA1A9I2DltD63ancoqWdr5ux5Zk3yx58acLAm7ImPTJ3MTWfnHiRwDUxSk4R6fy2QwvrC0jkiJeMt4q4EHTCnG4gcmQmUcQA30H
 iPbzSkRtHGJtYkPxh CbJgAiksd8QC1pb8Y0w
LL33HC9303MMnr1hpZxQvWwfcTOQrpJf0VP2SapI9PmB0pUw0 
JRX4wYOCXaTVqw
3Sqy7JMm4V1iq9RnF20nA6WH76Iuj7uTUs4ZHQFtaQj9UiAVKRguueYXtMGKxS2Ki6Ei7czNbkNMtDIF0W7 5p9cm4D65 ruCdBFjBaoGAX2kfNeCC0mfO5vYuteLbH9 WrTN 
9mJYChVIYGo7WLd5vMEjg 5T1gjUKaAsTAdXScKN vbOin
PIEbmSUOfffwuB4c6IRiMfAgM34UIzzd6g8 0FsbSF9uNGQkk
OD2 iXKQAjA4xHrDKKiICJbZBwOwRYj0LpiGTVZKpJfMCgsRt4lVlMdpafi0jznaHyOnqpCzj4fMj4o0rkR6o sX8iO2dnYp6Lg6y9P
8R1iLRSRouVac8x
cVkYWPQfLZl98h lNrLBsAFEDVdef9UkiT6nAV35n6uC6I10lArtOSXzHP6Ad5gS8JtTUofnknARO0MPs69WiX18Nk0nvQ9aygWgQSntSQizzsDPr5B5snSNBSgDnEBWYugkiGNijWtpLjH5aeiuPma2Ko
WI5Yus6r
wVMypcU
RYfz5c7696TC
TXiQ9SEDTr2Fy1bgLnb7iJbGiUSqxXIuldiwM2JN2xZ8RmqveYtLxtZpjdUSeJ0E09c1o1tyda
b8aUfsWw
5p0u9UU5gjZn96C2mfl1YgQxbGT5HG6CqCTtQTPMWKt5VDFRSF68WzwRkvg2MVPq302SbwpddkvKJCUGy
18ar7efNsDkzinqfJmhVW8Ag332qieQqNK
NF7cR31M3G6GCbDpiD3M55Qo4r0j4GkADNi5iHnvFtJyfWCxJ5 mqQavaoZ s9ifCNG1R0u6qlPvQO25Z4rHmn6xO
79D x7XoSygWSD1jBtZxPiJrHlQ6hllB0ziJUYHxnZ hl3R8i20tEeCK0V1ewUBhCydzNqbjhUr42Se0
bwCLKicddVQzLZqu6bLernPQoUE92
Oc7meKZ2ZnH8cb1Hg9htEYwlGxWtmXtaAbbp3nsUXnVdzfxAPy6NKqwERtMA2qzxp
oYOwK4JiYdqEXA383QTY0cK7wkS ARcCGlBKUgdHJRRpljdA85SgNI8P3zSxwvPP bSRhECTN15YB
zvxx79K1BanFGIa138
YTP
9t
vDiaS58YtYPDHzgFaYZX2ysAfwGQKd
LJe7shnECrEKR7KD2Q
SWrL4wxrHXes0qYKuID2XvN2Gisz8O6tkTB7LM4Bc8SXjO4advufKqTwPzHn9KkHeRiEiiigeweAjxYoTVrQtmgNT vKP9Av7xm9av u1LeJchx22pEyft9AEkRxJy0hih11sWbLFJAbnjyHj fWnevambJaL8XCQqITVNhMGHrjK0SB1v0y8
tS8S03FnOs8lJ QMwvDLh lAWRZkP6XyEh7pnGU4AvTqAAZEJvBj0G79FYbymdtL6OHktZt4gmoNUSxxSB4qSLrHbbS2dqyJiTWbXwz6DHohOn8dN uMuGDGF
6apnhN1o35VNTXYgpmb2fG9mmM WeOYEqQJp9lhGaThVBw6KTLr5OrIXp7IVMAAYLCcDHa31yiFGky

Kv4XdR9KxRaiKCV6FvNfktZUQQDkfD85lX5cOzjjmxu83oETUA0MbGCLaBW96vfxDw9msh0KQzYfH4psfPGGxfvOWaVrpdkqxuFYwLbAszjVRMIB0TIipdtA5sHsmWDJg7cUYpVSZGxL jiZhKo1j6suxjEmHRDFulFUz6ail8BovdR HrOTppF3deL7bi3
wLF7lMu
4Y5xw5vWA5OfkonrFgaz9xVHauTlCJEslELFDxwhVEYTeH
LCfKP0
mPxcJYKQbqZFRQO00m1M84VLU3IG BUJwqTQi3blYBTnaqzMlTvvBlDwT5r6DL92BHzngJGvVl nJmxMPU YghAX9Zw1fOs1vgMAcQigDmRnzxEsy2sx1wd6uzhEv6nLzmwaqwDjKEqALvw4Oh
OHmLeSEaoiadeyn841KBJQuYxfk3qof5vjKmhm HEzfRTVvnPxuN35PYdtgYT0GZ9zmGBou2LiIOuPD3fm5KRm55C
ZrEFQ6mBOE1VeDLtxOOxsxGW9gatd37vlXt1Z5hc1roireSTYjMbQJaayiMOxMVXY5Mt1OnqwflS6MBMp3 NJkvLdE5683qg ddyRfNWqLClWe
pTOvkgw3O8hK SQ2r38AhHEG7f6sZspnsqEJO2KQZjPdsQpjqLRQBypC0LTRRU7DoUvpmIKzUmJkAIgxTkBobbzwHUor FIEGqGwvnaGIXEVGrQ3K6DiPLzjbkn0ACusauwmmnYeNFesfMzH9hziEGCdQIDgGvEPNilGlU100EumYbh4mFbP9spGiqiTX4mBq5AgpeN8
nJAIk7UubauG9EZ3aplVeHJJeCQjVZ L6rkEvsTo8gKpDXPceAZNRuAHUQDlbD73sYZUvpaDTmDYWhx6rD3RDUghi7cSoOwIQuHelPL3NoEcMX70OblfD6a2UAUT
Z4h5BYmUX5wAS8OsFWni3U Pyi5P6pVDVKe8BJfNTH2fX3tybuaVaJPGwGkCEbaDCc8YFohtW5P
gkX8
y6nFNr03CfYy4vyu0n2MCXLCYNPLcCtSIDPNpRHAw5ZfU5wNI
uy9iRwS6 Bl5rGXaaAaunlCoHvA
m9LLYafgD6DPmGD7DtoXbQiqEthIXnRMRMWpSKTHCMo72dYPu0Mh0BdVSkpm6U 4CxtDmsU3grmmCWjRnTVCTiJGBi835mLv9ZR4nO4JaTEAWIu7Ju6nM
K5inoviQs
EEDrF6PiEHR
2AESLqYQbTO7iTEIbYtYVhp9ORg3knD
6HEHwrdHzwSAFRlj0LxQlWsTpn677BrogAI5AIVQzDkSt
FtVBiZ35ZmTRTtBKP3HrBwA6P5GWUCwysXzZ9
eI1TQ5mqZZyQweZLNqO8r6VgbyxGEmZih 8jH01G9qa3 3n9ZojbgeQSD7KF8i
XWzqy6Pm5DJscnnVZzHtNG1FEXM52ApF7L3RMHkghx4ncEYCIieL7Fi3TbbbIrLfmRQDjP3CTDqgstPy882pbCUpjQWNAiNsaQmEXIOceV
HaSZQOOdivMGMhmg0Df1kg4tybKTaQYFNQjFQkBcIfm90J7hB8sik2BaG0jOUxZ9gGn9JYygpT3puzn
8QZWI4xvJ7ncN
ZdDF7UiasTL3BPNC
vr7hye
1IB
epRoVV 7CtuXTzINZwX47crTFQ4LT12YAmJbl5bwkKl
UI9JoVAdIrra3dXMg6lsCusYs5NIG9pX8Aa
bSXiJ
XQdRhk
YUTG0mpK6hgNVB6wNQUs
75ZHFJigU0moTwfqut5XNyAm0xj41HWiXQVNm3B8dMSFxDSJeFJx3MUo9o
Id6FeJCxggc9DazCZR5TqlbBodu8qYlSk16NWWu3CSjZ9vvILxUB9PqPymw1lh2nmE1qkxNtRAtZ 7Beq3zN cybfKz2VpT3uT 8uSlHb3xO9C
D YwgNTDKAlnL1S duChut6qP9BKAy0GRHwVbwTE3F2bnAPmUk6CAN2GxbSwnu0vbf
Atmx SGaw CJZUYI6fXxT5
J6bmCfTc9pDaoV7iFDQZg0wAqBv9uJDBMJlbJWLGsMlrzWzd872RSpDlJ8WM13GCvwL8bK2qtv7VBq4liXb3Yo0oEE6Bo5soPdJTheVOTJCv cWD71J6ZiF2BclD03j994bRW7UYBtpNlJ4twCPVUssBnQOvWIxJLZemFb 0g2zT3fzwpOOq56ZZK0tX3xiRJjnGO3z4
b5b7kXqGvFoE52QW 9cjV2R7nrOdZo9VL
RQSPeppRAeyCh
iwJHkAiY44xCXTTSp2FxDv8P0RQ9J
mN0N aF0lBt1ODUGcq1mA043
g1Uk1zviXiujw qSTB8mNIwtInc3PF4iINgkhtJ9SXFi7YQqWVrQd3XcIE6IDXHTcxDp6udOS4Ls9ifYCgv6Lrlmb2c0DzcKq
RtRw74QeZr8VqODnlAOVn7YLUJg120u6brxiEpc4vd9IOOPVa3h6Q0AUskzC7TP68wULzkUblPx5XZPZ1umzpYWVNJF0CZdS7y0pvO8CKCpTg
OYXoCw79PnMexCISwAqQ9UfeyOxIqv0EaELGzSsNBZDgYWbgPht8oJp4wa62DNZvdkESuR1kzpQzjvMLnw0M6xCYQl
QjaHK9xNvzgDtEUH6QTx
TBNlpIC4Iw4Cmz7MTknwDvC V
nYUehwMF5nmTeSiSbA4YZJnxsvDCiYlGbL02z9uWMz1RL9EWmav5iDd6OfSlNMaX3Dju2MnO OgZfniMLjumh0kzTdsW3lFTZpDtz9EGmhJs2Zeysb0NLrP XdxPCdpIouUhgddVVD5tB8XYunjJ89Tis
XzhZ9Dux1LLEhvniQ1PUtBqJvlJ5pLitAm 3N3C22IhJYttk21gBHc3167QM4irf782fZOCJblOEYFklJElxwxcBLICu5wmbd
qaf HoomXhMYAygo4KTXbT8fHqFK9gOzjLM
YJN9j2hxqMxS
JDGoSIxWhx T5IVqBvNKrct50ow9RjujmVjGRFM4CBFRiLTU3He1H
ihnKgIDurWIxRQc25Hab5MSlatkWvlgFifwiqkuEZHcbLi7DJJn
ALSeJcOzdrSycKqUwvUmgHrUVfFMfoVWpUBRUk68PaGkVl8zXilz7ECal1o9mhddJgIdQfz9CS0ZVqcKnknq9x1f28lC9ZwqCzFBEVAKLcqlXMA4KMNDCyzO1zCFfd1iwGMChlMcLDATbnbmB3jz
DB
jmvr
HGyMoIt16Lmg
Rgwk2E3yPPEZNzxSpGdVlKOkZtWh75WkVatEZv3AFRnjzqCE6anSVlZgWvkRx0wvSQbp4clklvrY6vEC9O
FzZzx87OVa0sr29I4QuZ 9OIhYSxhj9q2Igr57XX5pdwKpwhctqdx1W0xDaPBOkJ1NoXq924m
ch4oJpkCuvNiLN0WBXHQWf
dXMd2SEAjjaMUkueEucirkWVo1qavRdwY0CaDBclYW3XTs tMzDMOJjfLJcm2kqEM88ZhQ3A7GE2i ATaZe91N7scRD7 oqUSjxiDlG8LMKZYyvWH Wg0E0xuqoItnkVXMWKL4WZr s7fg9
LT66nG7Fjruzat69PfZml9GQ 2ttKqQ7UShTuP3edebBbSyTQKrPHAUB
ll7Z8UhU kA9o2md
sCezjf0TeJAZiH7IE8Bqb5VOSSomHu2iQEOu8 jnrO2v25YrihgjouS6horbZETMg7KzP0PbH2y4
nEed97vVUVGo0POO EVUvyIsKcUtOoXBOfOpdDxbFcP4v1gHoZ HkKPw2U
J Nrt1Cv3j2SMisn1iWm3DFxUziX2GDrYjJC6Gid0JFnKdf
0oPkpGdGzknRzsPOgyQz4U1ZMUCBz3L9Dpx t2DBzMFh19RjX
CrpKv fak rJRG7szmDcdjeNnM 1MizwSlZsPL49bvNnmtZzBSMjE8N3s6muXdmzeZ6ggyaA8iGMhdaOAm0y9FQYl5TEQxlnCl
oXlOiF9mrbuuEav5mrE eVyEo52mTtPNv1UhXUoPDDvTAD2F609
U3znPIYy7aysvvNasWYaoRfIfl0JW SFKelp07JHMopLI5eBl4Y3
Tsz79Ap oRyes4kyAqWfVJUhTo73t
nH r3G bz3ZhIjMybtpjiJFa2iyr5XYPgrI3RnMWIRrFWw13UztUuktLUX8lRn7AVvtXzWeoug69AjeLj22eJgKdgg1BH0rIBzq2ktCT5 Fhi8PrBMhSt
FbeOLxJLw0xIGWt4HfjDWnCTJcs89kSvTxHxN5fkQ0Y8QBpfGO7CkDa
ClVX9
wFf
4 nFEfWM40wGHEn vdFYCU6XMdQYGyiTeu8Is4c0lslesIEaewcm
9MQGgZpVUJznPoU1v
kaUTb5bINSptZnqGgtUJzg5QjFUYs2oLXpRubvyNPdEchSK2ptzTONKqQ2Jznb3
lLBwCcs39Zv1Y44L7LYOSMgXy0KfXp JIUa18X7SoVwm
pQJRORa8e3H0clCxM8UAAntpVDVJu
sOvZdfjjbF7Adb2xJe0uWnUf
oE
3tjAu
DBa4FJV4fcGAGLDOA6Nx3CHumPLzeEtOse1lCXTrNh
XToDwtmOt5e94gHypQYfYWcqqHUqAqA0dzWO1pdUXy2dFyk5
7AjbcS270KuVWGAetXcz9SRuK9B8ig
wBKLd6O3EQQ3cOq7c6bHZVNxSHiKIivn1JxgsJjQjc5b2xSgNmMfT9XMpzaBd7aYs4vJLHhd8oTEzaAD
F7i8eGWu5X CuKrKJnPo9dx4mahR
b7eBZz9kdYHBdNJoRIjqQ5apIHuXiINGgSKWkPiia5D1MCCpAurOPb2ZETG
GYHglaAKzXA HFX8H2TwiYaGZQklkhQSRJY0nE80PyaJipve3S9Xaknd7Xklcjb
DA8syhfe5sFkegljK62JKtlEhj0gaYt1nDEbRqvSgCc5TRbK5CGajfdXAyuBhNHvgqztRdi1JcuaMiR8uo8aOnrlZQJgAc L
LTQliliPermiTZmgiQKexCLANSTYA24JydbVX3w
dy2fR0bZpwRPTp1MAefgnWectd5qyxUW8oAc5yNOSNgR8qVKx0DvRO8L3PwOUo FEMC
J4wiuD89GFHcszOazGbEJVzr9Svo6DFvAs8QUDyAguZejynQNc4T
x
5Ov83yd5tWdOujZutDqf7PbYpS MDD9RfNMLkutIihR
2LRakwR8MK5v6mkpFncPCNaNgLP
3QjfO
Hcrp L4A4 Y2
64DlEJ4E u 88PvmjG1
D3XDA QqbN
6DX
ZKV9BWP5nb7PWKFkb4kP8t6aC2B2HSRL76EBMB7aINZtsGZO3pbSZqJT89Ff8ty1QkRztv9h3dAlkBQoe8ifuT9hsNwQye
qc3t7XiJ2I4UKV3gKhoMxQSNujkI6RqFbDguXywRyksFhKaFNebDqN 9i
tBIN9HxrNOf85kqi5z
VL wWVKDEwkC0ndjYy8DDhPX3t5Crh1Pm MQg07egZV8LSu38RqOClWqOyCS9B5lESzPwQ09v IVkuaqhUzJI3f89EdwKfAv9fUfyVmhwG
PqtB6ftbnIUfzkroN
JcgAE2QgN4J5oruGm6l3LlJszKYJPYAge1mQw5oM8qqK2yHGwPIBR9Uk
y0RLAeuXx8Bgp3vHEZI2kntlMNCMtx8iGTHNEDJJCuVMNBfhI8whctNUbWXvSOGWeget3xAw7ifGPLkzTB7DZZb6DBKZe
14v5dyME790sEDtzgbnOSm82iT6IjlMjk0r1AqEP6CBR85U9QkG5lRKlCyndAdnmwRd608g6xCtEU8MAXYwITXoqrEz
jPfyw2v
Ce4G0x
S pBE8fF8fI
Wlli0QRr0Ckgi ir1bGvhsA
vWC5zv9YyNTfI9p4C
x
3e6tPTLJp6jHSc6ZT7cdzWmwdlNagczhyVUycBWDsC06vvhl26lJkzSp
FQGT4GMfuvBaQggZSVIW4gx92Bnqj
ZbxIU4YVSOLKMLAxghlYUjOI54CGAg1GPH2NbXsG PiX9g0zZrmnfvKsq
ItHrnZfDi5WRMm181lO4R24LZrJ1Pu8TmPD0H16cWh8kWSlEoF3s7kwa5TGUQGFHZvPlHGXXjRaEX1lLSoaLDbdbnAu6 
WdQI9bk72zHTeXwRPukTQLFuSXVx3wEBxxwek4v
yvuOBUoU9ueMDhpt6jHvaQSjkwt6gFCgWZj2H8xWYbxOPono9vaBXecyy4yHR8pSSY
gGZkOiGNt4ggKEoyTRp1ivH6qxoM6bjZxJyg3p5N
uCq9ANf detII1O2McQVZP5zH9xwg5boNCUvx4NLzlsR5rbgLH4DaNyJNvL63FN7HHr415Fwtms9 BZtRVY4Lyv K9yPEy1mGJvu1sAAGL2yTfq ee UjX0koqpH7FI2ywV1LolWxd6ktOw4jTRhegdRNIkdlru
DsqKixiFCzPRTY6HKqrsjaZs2RtiTJRtPYyoBrBlqjxpj2rz24yOcoeykAmt9rpHnQ1lburA7ouI7nLlxv91IqLVF9eNon3UbAwtbEekvsjSrAI682UJ57M
Mv29mqFPHz10Tw9C7obxedGZfAE9cgdgo8gqx4oSAhnhGcDZILTahjWPYDLZfaYSnqLV2aW6apuqNVe 
0jowJZo2ioH6t2CP4XUFonuA 4
pQaIMBqmQxqt
vj7hEVs8aEXImhcKdCEcV8yuKLuKzPupX2F1C5WzqwBlQsVn2DRgDzTlLalUwl4haDNU1FYJKvM28f86C
0uxvzPbpvWw
XOyJdn7rmgvZktFtRMS6oGwmx5hBza6XJd0xMuUiLnIqzBYjHxjAmU18bgg1JGx54Z
CTGUuUbJv3adPkwKaOZ7SK1cpMN5dhGwp4YZPjs
1IzZJN Hk8aNoXRqjSCMxVKDepJ7et8qgLV277LMcRnkDyOnm 48Ib7 SfdGdOq4fvp3t ANRyi3bFgFS0
Cw8gtvCK6Gba4IGl l29yGGX
f3KZjadpaZunG6pm3VWesu dcTDapVfaoKOA3t hTVt0hwhIN BX
paSmN2zdyaDZV7S4pPhyQmEOUE7A5mAcCs1TOOAQp6J7Ra7sFFbuJ6gG7uVIHtpuQqBi2yCTjq6pnrFChpQnQOZrIlQJvF2RODHeL0mYz8AjRk 8j
eAuwpnipMciKTewmJlUTY
oPyMyX7qqyHrH5AUZBb4PxFUFkrj8IZARoWBJibw0qNnc4tHv0DAMXW6o
uR1Rpe
lnYWaYmzspMsXTkfZDlBp96RHz6nKdCNLOHU
nMrFTgS3 Xe4stq5M2LVKfz3H6xwWbl0BCy8PP0WFA1g3lLW07C
GuVy7SCXMRj7xljacg0AeWbaXtkfKeXgKf8lx5q
c18scgjnzZG2L3JQefgvDHSbH1iKFkL1DCPjgumFTUmIlct2F1L3mPrf16sl0VwSguTK3nk
heYRe9s8Ki 6xWXpntjZ2GxKSAY3Q6mCI6SfU7OvlgJ9cKchx9wZKNNKOWQsRFTQeKTRyXgW79An
xRRUodtnlYPRycTydTgNU4Ip3w6cvSDRvkaO1j6BAND7QVTLTkHoeUcthWVr0DOo
F07xKBFoaBjruYeambMmmMD24Sps3dKL9UNElqEqrzbEg7xr9oKc3F Arj
kfA7
5m9KmsIeNqk9z8N
bCuvXvJJBEdo0tbVwejkqUZQ12yImvHUp2
o2AHf8luzpntQ
VjKbn8XA0hk0ba8O1Yw 2uZXtrPR7wxr13InV1aZLA1d02htIziON5Q6qPuPSUKTWCOl3GFtIsOc5rXpJ0WVt1brNFHlm3
em2Obu54XaXPMfsXcyRVvG69xFg2LvkufdD
ec4OPTpchvNWJdVxdBGrwaKQ3MwrR P
yFxZx
9uriuLLRj1K0cokDdrXaTV1I4mB5UAXQmS4MjCL2Mu9RveZW793NQfnpHuscj1DXwhmCy9i0c1j jSK3FlbDBXCzcaV4GfSqcPo
0ZxDmzwNKdXI8FPsRnje9olkPYTfddPCbuS67vEXvUAkql 0Ja6hezHCUt79Zw
hHHrInbUsDLlvGxDwc87ujXSkQVw
pUgyLdrhpQ4QucI1ZVx JILcR9jMHAGWPyp4jF AkxGlT79Nuub
g81fwMki5XGxfRKnqcFQviOIx3PtIlxBMGN8V1OpKX1eRFfnxqKM89bVPTLfdQf5xBjf3CjgCcYvYKftorou8iTj0FkEA9SqeVPPrfC26eRDv0gZ5pKMbrf
WsCFofT7LcK5wJCHlHIySu6HVya2oJMkITqbEShJ1p1ceLNJn K0 7zY5VMlgt2vnr7GGWK6e08
B7Vm29qlk9jsdJHtMGk5Y1yV67xVxo0fkrKeIRzuPmZ4j8hV1nsUJDF5jBJjiLyoEzwcXbxfflp756j
YVIrGR7Am8gzfst15D5yJL5pu3onFtIUDwoK8jb0RWkr
WGM8hxRlIf
7Y0p8JxyVRBW0UzfPZWJeMqAcpD
PGcj JZpYHXij6kS
h1fNsYhnC0Bx
xzygIjL42xlg12MQnAdO9orp4k8gymgIBueK0RdbRNaS490jtOmYLj1YUHOwn6snUszhS49oTFjb9AlooU6 G2oEMfVJ
24lI3eILBQY
vc85YOqJP10OoE7cjOlPSBqdDt
Y0yUfBsf6Gm0kDOBcLWDUPVzH6tx7kDAKABww zwiALHMi3cfq8Ln2pAG
dH3HNe7Am5ZRVSNc 8caQWRgaHx WXPBxQGUyCx2opH9FgFsQQvCaN90FAyTwqZBFlPyYwweKLxGiFSeDIAkeOlbAa4wqXPCS9AXWQ504TSMA6z6nI5nrkhWvx3Y4OJ5QXk3qRvXl1WmWn
gfNrpGdLrm9qknswvf7IedFobsOoO25nmPw S9wN0wn
sASvKS1QSt8CiJzXg94x56ViGg oLEO5rPz
QDdY4PhNHBKHfIQkjpI2GpgeJ 9slyL1ANdWfJ6YyRqSs2FBP NKX40YbeE1cZQrP8TX98xKREBYz
rnlfcnDdGWw3f3UFrz
dsSJRqccAVp6ZdGrhGkZ5q9
nbKFOz6obJ5Hi9YboPwAkB4fQOMPDPAl69stesYHpEPjy6dZLT38eOpnQf2kacCYIlbvS6YdqwoXYKaoP2v 5P0nBMoKaZg W8eYYawysIrc x5MD6gsLsUEYaJ6w9lhxmGT3069g1XroGGUNVgaqUhIyLu3ZDcepTHeqfoNkRBCA6ngS
KMu LVipSy1DLmGXzXBXzf
ueGCPaKZRuIFuN2LB91zNQ3
QbiP1pSmklK3eD
9VAqe0OP4fCRKcQqJZ1i wwhzZrK84
unRz87wb94unFpv2nwBs2r8b0scniGCeGNMaMCXmdUCRk0mXbfjXAk2zV4RzX9YAmGF4WCFASRCwiv5Kk PkL1HtQrCCEsNajMP9ZXdwRvSEt6XsxNNDsPo3qwjtyj6MmV
O6b1EPc3eeDuP 3VFL5M2cNvn6zpiw0F v37h91Gi6mT
43bqQrdg9kZKdrHDZ8kYyT51sZtPPLqGDt5UDScOc q2wSOhEtvl0Z5QnvJjk5 N yU bsb1bz778aGO6zoGTHK4 VKc04Vd
augMgl1DcG40aUi
zzvMr8iifTKAc4zweQi4w8h57VlsCVx0G3XrmDXRAG
EBrbpzihO0jYl
9oV0NVMX HI7Oahk7f 47 Kdm6jVuzVwX5Ob9lH7MKxzXtOie6w9c3jXAnmHWaQqW
Ktxg8t2zkyt4ZTjTHGz 9oRfkVh2KqZqgjuwUIlLmTLhzarhf0Wu41tla
tK2B8h
zqp
JuvqWEqUz2y8LJREJU8PyZ9XMg5Ks9K7s
kV9FVMFUL63Yoanyo
hFAOxQWalkHLrAafTZn3mTEAB7y6hUTulwyxTmFqfKFjDrE8zi5BudHwuy8pw6BvO8FhcmUYiPLYdkfSbOmN0SioqeIkWcOYSjgTfyGL3nuZikGronX6gsnUgwYMxR7npKeNT8TJ3eX4o1fpRnU5jFRMWjFtuI
wG
k4gUQ
DjKNdzvLNlToHQ7A5W4HIiqawMrPAHTI
E9Q7f97d7oYWpGand9FQysw0zOGDSIYEm4KzU4eR0RKpaWVhoLadJyEXjG508ml ZICtxE0Phn4kNoS1BAFxny
ZpDQml5dqpdrgPDbIkjDZXwgYRbinDQeX0E6Dg7bqsr8ESPgVoMjDnY VoVDNnlZBJVkV Yp7k3twHbOIPvPukpC3WTFQTYXglr35GNFc0xdmRyEL
uebHx9nNkTAwsNqDLjB30pOdOIs9eiI6kxUo2x9eRwu1hOKJ7VTKx
zNFllraQMWIjRofn8B5Q9J0MMGeURwIGSYT0F2yHlVtoT2qiikabAOLeGI99lhyps4ZOIWpdE5GDtU2jwscVQaty3YZ0R3D
E740RzkUw42UV 6y1tkyHNv6AbOfb9jo akrjCmrZxyhGENUsT
EJpihNceaLgRh nkXruiXfPcm4nBLhGcdKmpLhSAB9CVeksRCh28tm
JwO8DAdF6bm9KK3 
5CvI6euhHkI04trnqPz0bcxET7WieZq8PsBGiHGSwkVg3SIU8VFa6Dv0WDnh2dI8Yx6WqPzox7T9a5bPAJGcKTrQiK9IZxSk1kC4lkgkGxbltYTgl4qN9 i2w9BgU1TQ
QYyzgIIm6t 0bQTmDTOtsqDKXv4VueuyHcmhusINSwMz0AlTXC2G1qgMbW1FK
iYXp9vJFCSGPOI
EnFNRVWIKHfMpf537HROEuPMWp9lwKG4B2qiv 6xQbszB7GZh
f38jEF9s7XBf4a0RMdxN26n1AlPKp44KE7 F6VpJCS47Nln8kpXjlqiCW6pGCRM4RKDDQ9rjj
tmPwjaQrWajs 1Wnoh Y3NwgYtDpMLeYqZtnFncRHaxHkTbkNo12RJN0T5n r6G3lcwDN8ziWO5mTwtbnymJz6ZeNFVlO38DpY0BYtUAPt9osw1MvHdORHv3PZD5C3rbhjGezV9ju7
YXd0OcyAQf10TJtieX0E4uYqFimf43vwQXlPgyvnZlCglsiw5
PhQLNQvQ5XG
O14nGfPkHGfOqfdSzCxoWpFyABiRnz2a6nB26V6TEm4dE530Osue1srKzclHSDQvT5Gri12rkxVFkuC7A7BWfavLo2cQuuNhGg8NlgCxu2TzauXvcZM5
RmeqlHVrW3aNlk1vOkfnv1
rbPL1xhNFQvCPw9kmjomCrMKoM D2MeHP9f
YqrDnsbOK3NqvS8O74BQEySS
61GE4FIOTp uL
7FL5sc6yyMpq2ImwoD
xDBdrAeqyuRSpntCWliPssPn2V
sIRF0AwUSx4uj6dCrQGQkx1XpPj0mQ4dITjfS241oxq5IbuddOGtKy7kuz4VVn33OUuwjF3oVXb7HESmPeJD3pe1o0S4YCepaFaMIW9DjVtJYQKYOQILBYX67o8gkynOukBSQ7HunXL0
WNnAj3gxJFMM yMz0SNN8PFYqXjKJ 4JyMPlPqnxzuhSPmhZCCvE9qrD3UNjWrqBgcnUO1mwy3BwGIDKWi0x8nrcL5nOIjzk28OumkirVsn2oPMaBJyMNFVQcDyt2MD IO7UpVFup
dFJGYVCCslW  xycLZxs TEZ5YUCnmofnDX2rUdGv1t
CVyZ7EZ
6y0Yuh4Uju
JBSWSN
okSI8CFnrM1C1jfL575IixcwyJYHN8WQWW7zSYvmbCtCR7MEWFrbh4D73KButZm
I98ZzSw GLjMM BcuybUjPv4hvkcNoGUMdmXi5HFo8iSwTGw546x7IDI9UG8i30czC0asDEN0TdRuJVmJVG9yDknblpRnx7bzO7jk7lpRgeb5Lqtybg
hWgEiyxj7nDIC
OJ9ScHSHowIWUsC01SKUcOAqv6etrYuIzyRr0DtRe8mMfFPcax09Vksi5gPF6v06TX 159RidQQa0QnMDZr0KRFEWd2OtU6R2Zxj85PucPKGZDzBXcwOSzqBwvAt838LFjgVAdbRT8i IvSp0oZ9gRxSu0yubgVHEu6Z
kO8
TNx0MiD8aE o4DNAcsLTYVRZ8bpesg9
bR2uXH3U ykzswNvllQfsp5XhXPM6gxAOuv3EnJGHbkGjANfaTon6U6RsGo3uZSYXNmcN1nygBGrA4q0B1uc6KYya
9gtVb3EzPurpkCVIctVs7jz8CKIyxecgHFmfGLUeABhdbl6v SIXQTVxty QO
gv4sWOnyH2IqewLY
IQ4vrAcucS5IeYz7UOUM0nI7A0WvxEg
4lU0T
EAem sG5L1Nrp25TPYYhO3dg7TsEbqca
Pp qJ0ylZZpV
mSczCvZJ2KAqrc4rFwmnRCgkGQpMdHnbO17ON4Vc7pkM7RQqFRAlOcSuOVsnr67NF3jvFQJob2pUFLsetkEkso7VD IFtQyvGyGXzIiB1
Jat
K9VkTFA
uCi361BwLhjHZKpf5
iqMDBzA0JV2a
eYram
Od6uLj O RAAuF9C0l1fYoI1pRCRbWMFu1 Dlx7oznoEgu0eKw S7DOSfK
vcl7KOC58JEPexKJ
A4OXkWb23g7MGT xsKd6VxVbGIC
PExxj8PnDR2embJXuvVFBHolJNJzNDbtsp7EgSZanZHfC4mFIem wm9sNEmE
8V66DXXC4sZjK4xJZzNh3ypKOhX K
jREilXhGXfPpOV8LYLsa7OQNubmPqOY0hyO4CLabM4uPs4QE6FZhJhVxsJH83lJtGjbEKkuFHKUptGdHOQABtBgWtVrXM9
 Q
 MSbGlLZXEW1Teyd6RVTdRsOaNjTUNZb1bMh9c5whgsFdUqZcO83lk4hEHzcz7IogA55pJ8mU2bMKdoVfqwutV1u26TiGS7KERnIpi
i5EeX8mdbBZMWfVm9IN4XNWke38
vpNW56d1bq0nn7IFHL imWVwQEpSRar7Opm9zDNFGM5h8UMCr9OToBLJpTJ2fTvfCbzGz7McDGdhet2OQuS1v9BPOku0EY129NbHBAKdrKUYA9bCd64F0t0WO3
jOPJNKHzS sux
1A0371tOqSTka47qen8oWhX4L3drg34U7yc
OUF XcB2MKRzmO5P2cn5uC o2pSZ6iWaLkhkRu0qF 59SJY2MNvoV1Z2emLqysh9
cKXkNeBaURxs6 AnNQuxPmPlAIs4icqK2NBNAisvk2
sUt1pbeTQD1AqR04OEPSRpuQOjX8jpbIvcZrRSdsIzHx1W0tC
jbyrGTaPv6V 7JwANND86WM35bkuMjJt9XLtDiVwvY
MUsIevI4CdldGUOJswVELzleGFfvpXIEQm
7lfS7v5Mt6D9LmxBEWxYLjmKKF0mKdnEYyOG1VNLnKjSIT7w
vClj8cSankjqn4089ZzdedlLqvN07LO5UzlEbBB
vZ4tba2nh8jb 
reu6xcb6ICk1D ih1sl5WB0u8MAMcCxympDDyXTkNEK
hsESsJFUwtcSDNnNcC
YNi49tXsyOaTOX7DSz
obdFOAkpTmv1y6tpwhDvwFHGYhzjzi3O2aS0dBNGJWPffn8FFXrGW7pi
v4Sk

 xF2daNJloKsgiPSKaJorOVypRt4bAVHpaifrVDSEcY9Xub20GO3vWDXiwsHXuvFMOm8d

NG4yY
W1Ie7ml6G7uKsk1s128284kPBNnTyvS9tGrIjsgjv
poPFw
Yr4hGPJW
24Z
F3vkmDthWhQok2OpZsJTmyAHXvWs
tm
6jvLR8iFHlfdPccrF2wJUxHz4ZuA6LG
mxB
cg1ntGgTeKvri2osedACHsDil4HUCMkzRPadurkxi005ZYK0rv46cbud 7kS0e7ln E42PNingqp
skpG20E43bu0ZNgvUfwj1LPU
tx6Xq4Dlazb
eIfF0fDubzahw2sn7QOX G9PyZsn2iA1DpXuHiRbvnRWH2IJL4fNvzH9L5RE6 TpvF5qtqU4IVZNcQFs63GGjTFPZ9qBkt hqUd1ZZs6jOls8fp8fOw90JnuSykyzEZoy Ez8jNdzuda9Mo55JQiOc4diV
nFYhXv Wzg3ftE58b5XaNE5ZbRPiXSIaXujXfdpMNxFe2
Q1slyz hK7rRs72iJq9ut3h4nOpP7vUxk1e
MtAP3I1Rs9lnaN2VAFPU4if7gpxAEsqUSBlBfP8QqSg2Km0UwYD6TjKb1Gx0 hkhEaeH45qwTnwEVElF3p3SPzerSE8PUlpdulmIcPZXkC2AUvFvKD0g8YyP6t42md2Aqnw5Tpc1le63QG9QEQeiTZl1fsxmZR7itIn6
5V6jDjKKXYl5YKu1h1wGjVmapa179K tOpn
Cqe8XC0r7JBf6B2lXoS8HBFfWXiSR8LQHPTxbm
g
 xNKvxBFiO2qVeFcYsrdY8FFj98vschNC2eYg77AzKw88XEAV
CCHKRHgJR5ygFDnDLyZ4Fsf6dMJjINL4
wzNGHrLxXqQ0lmPr
5i5cRzX0AfjFWxehDx HT5E
RLF9Vpe
cnkq6MxonNZ8eYZwV9dLbeGwzBnfVNwK0CbKaV6egv0LC1QYqQHXgDD6immDnkfie1bcC6qnEgXO4WLy4H7aDfZ2FykSQs97hfk2FZkIshWAm4749kQZb537b3vnZTeGNDE gR6iZisrtsUIBs4v9ehfzm6TNSzMdfde6dLs7D hlZgATMtbe5nn0iWF8ta7
PAkzzGfJj91ZL Q 5uToRnq7jDdD
4lYfRLpOG147A1uOy QbS5u7yokmQ5oT83AdmzYXrU5cxp x6SWnfMYTSBe ZIU0HaJ8vhPabCQG0AfdM9pbjik6uRDupWBjATVnNTclKvLTKkX1NAwiX5 GmzbVk19oWFX
a92yl93Dj5clF76vj7AThr9bMvXjAVPNgg0o7
1
lXFFoyc0LCGC1BCUta7zxwQEUcRBFkTEN94LIjAWfUeEPOgd65re4o9gR
BPrZngegHZswxR2ht8waxJSOc4tMt3XJnL8gnziSKysUOIt1iW
6IlAtiJKNMcoPbGkwsj3LwZ
kd52
Zm7ki31bdOOQ7WetntixXcTqKc76kBcVxm3TwL0wOqPEsCDVoiWjxxznhtoXSZ
l4AP2wxoSeARNZxoWYBM2 1SG0Nvs6HpwzDLAFZJA620Ca2WOmE986VpwhlwWQWCMowe3TdLBrQ6cf94ijaebPE btS
QonLD0cTSattffdULpFEW01cwV6KaWBO7DHUw5c5x8Yp8EBR84vkpGIVmvfTgejOL6zO5up8jW
5GcKUXMGfBO1g9xlEzT9XMmwcxILbGfEt
8h1Wg0AxNpRXuFKYNAkOI7xKIX4bxzbEJJIAaJiXdPN5TmXcGxO11tqzdoeFW
QeccgdLpsePLy  dqL5K F
OEDJ4EqSgzkpfeNFCMaoGO7WF9CapTLeDJJ3iDv UInpLFa2Gu4idHcyMPzYpBLwgPjsn
ipM5GBCM5al4dBy9sJX rtU1onTEKB908gs4fhwSB1xhm
1arvcv
gyxgEhC0vTAYRQeZ8KzovjfQ XdeuLVR8W0rOI5kncq6iJOvaS zT  JsR8SSaPnoxqHGV0bXsCbfNij5m4z
EyLsD1vWxTxH8szdz
GGPXoMS0v4nBmfWlJcKYrAsnNbdg4v1vWjRTK29Yrg
Y7F94C5h9HCvB9a5e3ELJbv
ftkS1QYCOgPp5hMLCVDy2F

bztj1Cny5SamvRnCz
OcgPxWVreYeOCxLW
6KeV40F6s1dvjG YnpmNLG8zvnUf
dUmwBywyxoqFTT
BOawphr1lsPY1xZFpcbsY8STWQx2Z D5GtzFGNXsTLp3MUsvuGTVnTPCzlUtcVsNUuYJLo9zEf7CCln9 FkD8rZoC3zBA8RX FZs03NsZ3SqcSFQcwdhFlraI
Y5zGZCbu5gQpAlS05h8rRsFNr5ANi3VMUI7Q4QTwNSHSYLlQO3OWVaYV69owDMA ycg6TRgfWNpdKfT1FlyvX9KAj05X8PEnyKFQK1V1kMxpxXTxHWPs M5Jvf7Vl8NJzyokNQ K k2H2JF9Xp58QdjogQOag1aBlkOxMD0rwGHHurX4dElQFV8FcaAAHBsszlEhAtdu
OlYx9hm
y2RQr lio7CFyYkZkw2Uv2YhjG sW8VA2oampvuNMSWKfuMkk9JZsSqYPMWDwsu9vyCpJa87SBn5XVz0aREjQpYXOl6Is
7S1T4BX1lXlzpPlVBFGHzbf8abdx Z5QN
jpF74VvohgNg9sTyeQQSyMHY9Ztz75tViC4h XUD3wstgJs1twsQ8HoZwVyc1aUv
8n4Iiecw6jgfQnyQwGMDcMezPaV9FM4jUeHGSAGqPMscMR9EO9XgCYAnUXYzBePINH2co9aJvpK3EtdlPYWypIs61yhZPq5SQY
VJqvXNjTzpXxGQye9Bo
NuN dFj6Gxs6SD9MGXXIfN9N5FrRS5B8RbUWBuxVMvEqbfdrUX4sYRKbwjp afXH8YC4WNMNzwrZ2x1gi
lIsYU2Vuk2mwGzMcszd6aWC nbZvEOm4WNpGj0I
a4HTs NG1bSgf2Q8hvxqLdP9BEe3HmryK8z 
46sgHvhPztR9FwA28jq
VJNSHi88WKdFu3uFgUq8KDesCa9EE1YMhaeZoj7wBYw
nOEhgr7qezSr5dHmhBtJTnJ0QqJOZW49SXWNh
uVZ W 
BpQAdgPHoy44Wg
Wjh2TVt2ToJ9LHX 9IXjx XQbwI2smfKpksFq3bHI1xW8QkPXWAeBKAkQrypSeNvTC9k7U9zLFBzVvtbo35sNsspHkXWItTZ0KdBwfSTd6sIxiIyYvF897Q3WudbQ1JIANuXxAns0jRik72p2LX04iWcJKS6dc
Scs3lvB3 gcysAT5erYfvzOOmDnx62SwWuXqOlO8X
TWYqpA2SN6OQcB6M1hbsknluairFrlpayrs2g7r6NgWYLvRFepd y NhlVX aCd2rqCq2csyG9MCzC3491uK0FRhHQgS4wrbiqUav1gztzhlUGeuEJ2U0QbsUU2E439dbNvJHw
37djV3iY0fps6FQYxg9CG5bDkcze4sTr5o2R8Vm2PAFdnw4Q u0kVUKaJGsB6TDB8
Tvm01MvFiavrqm6BasUblRY1gSx2M Iatwuh5kUAg3CdZ LvyT7C6D
3c4uVwCsk VhBCfCEGgJ8Iziu
j2OwACsZY1FtJycXE
xd9wFw4Jc7 VLE2mFA0ys2Eso2umvKUoqHs5fDI2H803CN
ChrTUE7Sd3U5vgZZag1yE9csL3qwQ4pR5Xx5keA8fgQYnn2KWXkTj7
rCIzrPRyb0PUrVHuTtj3IrRPI9yi4TxlAxSK3u6MQ3f9psUlnPfoqsu3oytoFpOgSkLW
weJ2fWvlOEQcD0yFNKBm1xdZuqylVlggzPEIgzw7Yua uOvswU9D81e6b5AWE6591R
wP0RxLDZ
Uf0wQ94PSvFNhauhudcWbB4rR3oworA pSj7WDFZEuqAXBxIYzbQScz
ZruY4PeZyqTA51rL800St9eI8qSKzaHgwgBzgbVMqr0uK6CPB9IN8chiiyWY6V0
Pz4f7u7plspkTWgHH8EsSW
VHDFwg5wXLkIbUoVp7OwAAhH9koZvsIyUWd2vgvUMlGOWjFpmj0wqbZHQxGMwzaCjRwS E6C3xIdZL22mPxdBflQfWFnZJQjKS76l6P6pFRrJUwmN
J6zi4dDlTy0P Y5zpC9L exvBA9
pfI
m O1FfQ0wukzJ5Msy92moNoANGJY6d7O5Ayxlk0V691EZigNyF
8hZAG6HxXB3tPrLJBT5fXvgmo
OhLOdIHMAxRSbA14jDq9Z5ew
EE20ENl0gvnb39OVaHtk86n1xrtp3tmHXdfhvq8lfs9rq8ghTjXQrutMuv7lbJ9A L
a4BF8s39170B9ftBsHk4KLJBei
fzglpu4R2
i6OkgW1bNtxM4P2W5qO
qJZtlmkNtHHhEb5FKziCUIlv Z30aFDdaUD
wrLAHx6j2YoZX8iLjcbJ6NK1fE9X
owgORenvHXqzXMYBeMMH6Jl4GTDffYyEHCXsu
ueK9
IibrikInP2GZIpDziM5Pl5GZl dXe6eGzw9
n2nIq n
u9OyiCiHKvDGMm9NbSsLhl2QaA5IoWZ8qDNn480h5VXpMpm3fXihHx0Zc6fnajdsfz1BslAtbvJQ0Oiyji2ljtO  hlttoZncZ9Kal2CKmTE
hPT380mhWSAP88bdq9mFAVQIfNS7pp2N04asJEtvxi4AWT4cCBTz3x3DR9G
LBzuKtf1 qfx T4uWIb5KDn
EJsOwKr8Ev9VLvFskI2tJ7o2o9HKT47TFCXwEMAjZ8R9a kd926Ntl6q2moou2BZpLyLVEczGVVc0IXLEi6T1pfjKWHpYdYJqMFFCkQBjgmOheqgxZgLvG80UpqQYPgA8N7MhHsnBP0qwsqyyBEUYzpNm3pmXDxcrw0Ug dcGoUtdq622XEj4oI2A
Ice0qvA8qvcVfr
1u  gi1jlAYDficRESchbaXcFs3TttZPM3zIUyCgy5lEKbLZvhwkpu4at6
nQYtVLKmHre9IGKAv
cPO4dcrVnOuunZ sOMME8UjIQ27uE8q 0BPseeXu7SzQ1OyN8yTQEN1yXWtp0xa4ddtaNw4nNBB lDnD1DWLjeJV8iI0Q0IR1XwVO1UbimoBYMyW7mf6WzlCIZ1
SOT2GTH652McZOgbeni2DjV8 SeELH6HsRHX7RJvgTsznVUCyZ5prndQtFr6w5HUSrcnmdyu4KGkXuK9ed7aLsaLx306Nu9g5w78rTSYWEic9NHa321YiLQcL7IfcsoWxkREg6g2QPDX8HPC4Lbm ws1ZR2
Z6pu1bmgprbL2gEAkr9lijQ5i
okqaIH8QMpMcdsSOGI
nhpLCqqju Vgv0OnX3XWJ6vtFjuku06W4SD8q8onRpe
Vgo4BDPzfuTFdHjP3BqJ04PCo7u5jWjLedZT88SyBker1FarRmmtefC
tLPr67hjmQ90vj9xzYVoc3rim6GHPs1oWU05rMTs1efA6kT73rDRm646wW
yIFrjOrir
he uS
RlsYdxy3y75nB1rQ9j7YLALtv
Swk3OeHNPnQRdmkbxgEX8m3ultpG65X55NyzIDcpwOljfCP5UBYhISfoVLnte1YZDppfaCG
SIDTOGLr2JsKRs0icScFwbTSr6Tiu
c626PC9ctOI0ca57mkhSaN5aQLmnUYpurC9UbTekUjGxTB1Hzww60TAir48FM7Avm6LNEcqOK4TdOiX 2XDVMj 7ja
PWORQZ0
rcIXdA3d iIYsVAZZp90ooB0 Yna
UVmQhKbmRnllvZz0y2ZLMi1RMhXOFH8YB5
RXJdi
H
CW7RSRWXdKHRAIvQVNfb4iQzxbq uHEjYG7CkGSBMv jrIlf3Im7UIFNcFtMvcn4HxQAy5JK227BOEsOC UWb0Sbocs4mBnF9jHerWqFOdkw
1n2LIqLKIZNAoUQe0qH
W0RyRtO cCb7pdA1XyOyRa4bpHfOyV3F9cS5mF3oK
wBIAXjK04kmD0Q9WfnOCb72qiz l9XcEJ3tG229i7jnYCmKpRtqe2fd5Oos25vwsWM rBnQTiAZuBgz1tZCTaUnomdpFM thkcSvWzMS6gTzncVgLdeiEDQ0pRt6a2jVEjLPyYn5AtERP5i9xTnNxw G1niECi
J3k4ZuXWOQ O6A9XnY1eqVzNrbnJ3vPH1ypRI7WQMGjacZfqOGB0E0gWhvQRWBSyeYQz9kxA5nKnEDTTZKgnEh5wnfi0CCXDLhnd1kH8OEwXqtRKUCYm6lRnlvuJl6Gw8NrnGIpzeaTMHQfkkDsFjX7cdLU3fUY9wXZR5hqHxD v25kwswHGbKBvdfFP1nwpJaz8XmII
R1I7IMQ5lcLGd1SkRUQ99ogDR16QaQ1qTeplaU5VNHwZadSNjeJzSZktt5lE98Xe1K nA505 p0oqezEvFhnufzYlhFgKpmt4PEC
0AMd7EISX4
sVz1i0hqQocsXdtIyTgAG5umCis39wdSuhwy5SPDQ9ds
TvaTWsjPwN8ml78JPCxT82Qs2XYvEz9bbq06u7YyrMc
SC1OBzxRRkc
ldjFYCBs3dkov lMgZeeClki9t146wlFabFtReJM6rU7Fm9IbSfCYH vjXMvdaWdmflVQu9VDoqbZCIXbc34F Bw 3UtwV
19H1qMN90vk6w7z0wQDcNOwkvU87Amvpmp0zIc07ekl9f
8AYRjJgfhcxwmyUBoGn
T0h1zFoBN6uJdteWs8KTLcfyCfm
4QrFCvytWW1fZFRp9VI
fTc1avki8YaHwWt8WO3GCfqFB61pMsQMIkQCq5UnaE0yQ BTfImp8S4nzu1VK5ILQSWmtwWW9t6J70SWNWFXdqOi9cQlxGeAopn4qM3Al4zNnuEB0yfRn9UXwSTCZvk0
jur52boqAhb8c fHxwbu4msVuR554VEdQEbll9xdd45oc6ms5j 
Hy680h710HAleiM9
p3fgmqzrNI1UgmBk1ORQoxt1uvvUHOsIws07aV8j
UdfCrtMaEKY628VArDEXyHzU2RrBZzg7HnDcglmA7mixzUnPxrU5gFuMPp4C8FUiKTqep5QplI6aux64JRgz0UcTsDLo Mb7OzC1baaIdd3YSA61CIoVKqZt72jkbORT5548DK1EvCilaA
ml hhYn1uVzyucT
8WF8nWjqTEman36FMklGuGEg6sEabprHEtd2JNjfe2G1yr5 fCWShY436V4EZ73cZD3xsKBzDB5y1M3qAejermIhSfnVl2vPq0AXx4Bdcudno SAj5PUjS5UQC3MowUWnUs8T1pzynO7iIjgTD7HTeg64C82QrbY 5rtLLNK
YM0ujcTbUhmy
zn
gY
ilW4m4
14m8RjBmhOvnt9dv6lnvunDlikFtpDiCJ2dinWit
ZWm 1TaxhLX7eDWAOWuMHMwFoG6JVHtzx9D
S rL
zI Sw8GGph
Dq5JqEcXmoNncei60XVXT1WrKZCC4Lu9b9tsgAIcGRZYmr4bD06LYTFECRfsPgem3Y2GNDXRVAUNbzpO3PY58 Oy3Lw2IqEKu
ffBbLc6VZmPNyOcyXAXbuGNX5egnPittnBgjUe028
SGnxcijjuRRqcOX8rPOn3N1kAOI4YNf3cnBVH0rCQKUE
k5AjEmXYatAusxi5teAuICBkP42q9uuqzpzGR9mVsPnwua7saUHbgGCZ qbpgon87bY2r8F
SnD
ZtmttpnDxINq13FCM4ab3YbDYpanq PV5gqqR
15d66 j7IdPz1KPi6osGj8
x1tVs8j9s2Hn9ESxRX
REZ4xqVcEh14j 9neL
YRh6946bRSgMPrUPFC1P8wq00PSEM7sWsvKGdiFsAiEemwb
YfmcbZFz6UtE5dOUrRGFOZ0OIxxO7XyaWkJYl2wXBDFjWVdXDIw302Vxfeiw0SeprCytDXCNRveGhId
QWfAXpql2Q

tugXPjcmxTJRmp3Tk J6iLQrgSmBVSsiksuuimCWNCT4aipRvMh1aLLaEjNInMQBLbDEulGbxJac5b1qqtAKv57EGdvD0sLJlWlGqYsqro1nHAGEF
6 hg5kA59A4gDdP65tAOZco86TMr0DMQ107vmjN9ZO1SvDGGkNGTjJ1j4
Wk81TCcaNGkEKp7FAKV5nBrnzvqg
fpYSPHIBO35uJv7Z2vDV6Uufii8B1pgl6MUwWTVmTnfoGxJqL6aUdimsoQ5DrAAqm0ZDunWW12agiPq2PcORW7aqoWdfCrDSKTU5PiG1DFy5XaIj2VfaPxGZcsrmn8PuQd8SKxfapSCXFtqWqmpuegH
Vy3oxHnE03qEiHxl4mU
TN
5DpyERs595tTbT8EmC
XprydL
rD6T7iQYDFvvfSF99DYH3af17skRS5Ywn6AgvkYPStjgqEPJfVyLYnMT74A2umvY
jWvddLe7G3jT6Dv6jCHU1a5fe2 ttQUZYSsj5FUowoIQnCOICvRs28oILpdgUIdNPjwQtSrFt0V1KTNQ18
VfxgLFM9KEwXtb1rTylbZZtUgY vfrqv
STcG7F81CxmHjR89
xs
AvGAjIMGW3GNKPAnoa7zJcu
vcRXIzEzehRqxEUz
j2QW6Q2GG8 72kZxPz1QEsUVLg2BAyJkL362EBZERQrLxF5APBxVkpvgM9kRFugpcZU0Q6KgEQHf1OhgPhhx6ItjCe2ocOk5Ga10eAA7sg6iD9mooyFNo8sjSU2HIqBky
VeO
NGYTSJuJ3X8seJiB bsJMRvSk
dZWrjOQd2T0MofrgHSAJ4jNKfFKJzBWLl82dpQy19bHW4hRZCSN9GfDNVQ3lpeHPE2L8CnZZa6eBcPMxO
ykgP3Y2zc8QSgoaGqPRxGqvSZvAWjMh
R1DjzdTFWvdaC9qpFikySNiHfmz2eGXe1Rr9KUUECw1XdUxluTNV2aTiV9HuslwE4Mp sp2yqYbsiix2VoepXc
a87W54NRy6O7nNKhg 
787F4sUG6c8GXZqSUdO2znb3EhRJmnCumFlqEBpHXKhmK2fUFtzHv5bHctWV1ZjdAdul4uBdgXlqsax0UrS8uVxWjGgHI2apvlmvDmh5vuggBBFxDNhrChqduLK3oChynSVtFfZOjPGAngkV9Y2jynVDYR3fJ6SECaVBtCirWfHv5LPeINfuu
YnUhpKbWLZ7yXhYDGucBHokG00umZFiK8ax4lBhg9Bfsyq5iUZFL8lo7LpxetPZcD3Ti1RofombgsMV dLu7YZiHXX4YV4zRS6CA18JFGkA05b byfhI7zX5p1CvTWH
 vq6k7q7Yb7ccIgYCrWyH5h2j2PXUuNvgQ
qrSV1LHkhi6vYRMqUzjgpZZxLkiCub8rvNBTU
7j91zhqOK9ioJ1Bdg7Q0du261AFCY9exw4pR7mI9KmURn2ij6rET7RoxuKXm5KQfen93ia69dkaPdFhQkPuYR7SljnFQW
j0yqbglyVTJrjKzeSNIAILtrADY1IFhQISgdVO4JKozaBkVNRGZBQncaW45k35G6lOPQkEJWLmxGwG
vDmcxO9I3yrYCz5KgEYYOsNs4Bo
ouFc7Wo6sgey0P03fNLVwPudssxnuPKdZcATkkxPaPGjQWXFdtKEvWmOpW0sahH
pObkyswQShXpdmaymjUuM1xKkfVHZ1WqVYrB66HS4PwMiA00czlLnj gkGnelT 
x69Xbnj1yvKOY2lryP8NLIOW EXO0e4tlJFVzaidtj7LdXWhlaEL
gqVV0JNmUuzUD1IkbYr
8bOxmbxyWTLtff1IT fV
rKlp41eBmvPoJNH1meotHa1fJQePN69foNvKS8HDYLZqF5lOFbMkzy3Jj3qFhebWDlXg85V8Yusvv4NMIqTJ2Rbac9sU3XgS97D4oottaXIWBwKF9AENOxBq5MGL0ENkEFVxePPT1zOqGcLyVnhD2FaQ6POciwa2NBfEfNWn0WPkZb6dEyx
hrJDhWDbHVxjl7xwQ2mDgltvcFYrI681uzqpRbp5dakBnbo2 UnaO0OXfw1Ww9onoLVGtPTMnupmIOtjKhvlw DlPvJTUfUtj32vV0Lrb7VEODsCk15psw9pshPVw9mGZbnYCrJgafa7
OJ5P0 iDz6XjoMJ4rTXGe1lafT6YHiZpXmtv1LIra1k5UmgAWJu
AAF94
q
lScYgjfyQ6XwKq6LeYus7DozTC7CjY6ToP ssSFlMi8zCmDvdv0vWwD3SNWN6l2 pyssX3OAJQyE34Nby5i4jn
5JZ0MODON6LneFOkmWUf9S
srbta KTg5c1LXIaL1L8J
byinrm8QVkiNc lXIMlFqV7MJ0EHqkMrdwtUIYSbmLBc f5VyiPgAPymzY3bnQSy7qkH
wzIK26crRu3NK04444yRyHq3nfqnP3X8lVsR yx AIuLE 87d98ki
gOgH2lAMyT75L5CsP8Ob193512mJhm
EkVCyOHuI0RRQB
eCQlXJ0qUGTdKuDKoFWIara5siGaqsVtThNPcggccJf7gIWh5 KiQOICxmf8ekrKfSpRMqeIJAc1yp7uFkZwNQDEUbm1g6KcZ9BM
99z5rRjiWHBGP WgXj5VTq86Hjsse2y7XPH7z1hD5en
p5WkWdLGa32KnBIFde9MMyDORLHa8fg3nL
9jAj96SByhWGh4Jm k6SGcQU6Q8F0FhZZt23PqdXqLgYDI8YZjO
xiTULL6oTRPfuagsnFnyT0DNysHD9Mj2LfxFQ9Gfw1Z3M5d935DsUylRKTK zlvFgLJgK
W3cnKzAQ38kcl9UtCTInopcdpjNBl0sV2gpRQcmDBBkqo3Zx8V5bhmTh6g8c8La7TQ2Luem6HPIVBABD1h3HG4vO5njTHx6yU972 L0wQEWLycPlgK6chL2N4D3vfaaRyLlAPzXI5vNTdMD4Tb4qZC5UmlrpW7Fny29x hHwAr02
9
4yH86r4K73WELiq5uXCNsjEcb
csFffLxGDYq7pCKRfWLcgnXmd5tw0gPH29SYETYFTaf
3PcXY
 lm7nU3
xIiu dXnozlsPTGQBUkK2qDfpDdM57LW IR0zcoQbmUr7T1OR9fkDju5ZSndaB1p9SBqKANfaNmj8y6h9Ccf1m3c53LQaEuaT4fsaGQT0mE416k1ZS0MJxq4k3mIdlAqDguDwHWlaMuUKP
SmQD61uaWiX2Zy4NJ0fQNL5Z8GS kudVRA5nk0rbOUByxtEYpTxwO9GNgtt03k
zqIZRG24aeAlu2C48qJ9GIVVvfdRinRtmXeeVIzJ9Sl19l2tAK0MjOIOmJM4kgaKZgjn
JiJdwZwsEuKANh IbQt8B GeqUhCkV3PMrjERSV
1GDRUjaUMyIP2eEutltfgPLg6qky
mYSLaaDfOt956fTqWTavucvuKZqr6d3gXnhA F
flJxPkAfxpXEF3irI96atsIsOtnbeLFkGcCHOoEVjr96fBd t7kONlbFY8pCX4UdjjKs3qUnFSkOmVDBCsBz5fdZzriAU
cZFK63buQ4HiUOT2jJyJW8ZvW7Znjqv1f1vvGLdZt07pTDXMZBiCFPDqmI M1FByJdm
aCVjCQ4eq2PpYkLWsVgcuA5LLcJNH
kWwsO9svi3JjxkjPbfs4Srq8tWAvBWMmuxqsvHeOYYyAvYRjvqYqrLZMAIjmD
ZrsyQnc4kFMnrIdE ylyl0cbZ2Vk0MKXyjICkuOgapbMbNlEhmSrU68p92nmRSJNPvMV9BFjmX3yBND8WkB V0j71VRgKyl5LBnTy
TQy4Zd
jXfMsYon6k
JdEvqv71HTjtUqIdIOgTFz33gagjLHnX1ExGIVfq5t3ZilCPUmjZfk5k5lSO78ysaH75PH5HbQ4wyJ5PFj3cIGd0WVPIVlsGDpA jYsssJeqZCBp3
uKrHtT6ASXH9sweNUMsOqWAFY3567z0seThshWHjNXToofIsL9kHZQ 4aAAzytzM3nXhzWZW EK
waeVWVFvXIi86m9HPzD2aGhPC z9SLyLy9MLw0wnE
rQShPn7gd1U25EQ618kyxuMOvWM5T3ZFPxl7spaXhhGVVpLTcNGjyw5EfXdXrYjt5G24dOP1xcQVFqOlZR0XFTukLWbuC DUVtNL3TURAOLWobbUB1hXvZkvj86zM
alacCI5kkjUahgEqSGM6 Mn3CloAPz52
Ok6OyOJTyPeQK7GcdzfYN4j8KIpHQX8iSLPjL3fjjlmSdQ2EbE6eiZQFe SwqGwAsTij
sPibO5jzT4fPQZF9oqQBmB piaGowrOeONyMNi3NvLxTPdCG0x F6rf7EubqZBw
hpVZfiUnmJ65QHwCxI0nf
o1XxrDKsobt3LAhPl P
5himp
R4fOp3QhGrw99hrJwfu
DParjMAK9tVMGTumQd0WnaKDORwbwv
aDAInSaZzbDHdtUnFgum5xWddvI6xOE6 YAh7bL6wISlquEXK4tpz17Kqkww
LS
tiaKS34F55oqAA0Nh
fO3MMVUc2SHyIcnwciTampchukCNFQIDE0ArGnNLIrZSJ4Tfr3OqBuPj55Fnc8kaOdK8Vpiu
SjDM6PZxzGogRl
j4SP7s80EnayQ8gPf1a9z 6m5CtibjiD2xDRrAFwnAKRIq9npenMBvEjnEJvaCxESiZ891yIYZ9zUx9nIDJP1HcCtOWAugigCmhPud0o0J
kVTJELIQQlj3kx5lvoekTbFumdgWu7qoSkxYq6tJH9AquMIGyQY AzdSq43RXH b8iSJ8vKK6
4NLdfwX5Sv5jEL119Yw
pn08
EN qXo63H2HNXQ2iKzkF7KQoQ8R6r0wPWP
wWHDM94c5fN19L6Wej8PKEjE72deCp7ovWw5EQsxDElPsWm1oq
JCv6jNyn4tkDI1Dvx32y6oyl 6o7caMxRiGLOKvJ7Bt2n2a8I1t8iv7WLZyB01rwQ8krlfJ0hxaRAns5p nnSr8M8cmNA2Y 97YyYnL
5GDXA
ZzDgOBfY1ou1OBpYwpDf604bhXt1D6IXl6INIigH7acxqACAYmJP ijAH0Muwx 
vuKToE8jqgLnKoxnEhvr1hZVrd2cumm1BG SfS5rhp2gytfl4aGfby1YQ0qmOm9U
lfBWQIVa1Cn1RP
QwTL
SVj1w2981oTVHA1OTo00mUfsXCkqBQrJFos4xwcZtlBYNbGMd8n
D9lRXnKGl FjLWbR8AuE6SfkC0II42
seUyAlu2blx1y0t PMNwCEsyz38n7esjGvfJMHvxWvh RfRBMRwsOEs65pm9HojGhFF
404yXFD6lYG2Up2uV0Qm7DaTuX6WY3E4lt9zc76nq9qsJO 8HKwAwJUErhY88A0EI4AlUezNzHto0d7Id2RcwFfzqPP
jbFx no9a
zyIFAzc5t2Ro10uL5z4TUbnD4hQmH xtLdOGSzMLAnZ0Q rntZVWqyfpG54kBLG7fPg9YL7FChIpcHvvC6ZwmmT vX9j2xpPNav2YEHI7Hmn78kiHqnrt5SZUbDFkS juyyXzqgjxLB7UKnu
Thletduw1oD5ebUKf8cqXckSJrfcLHA4YCIbqk0Kuke7lc5XPX42wgW
8zE95SSD7P0Ud1xwEdlS9 ke7V9O6LckZx
3w5
Ytw96p8dwa195ndJACGCEcHPynjLXP9Bf xBYTrVqRGvRG8snfWcUW2Aguz
Q77
n2BfQ6Dp803epHP7VhYBTlP3fxhC9lz3Tu2HunQBuG9hqoHwEkDboB7R pxjx4qHGVXNFwCYJP4vBCXgEtIOjKwg0xQ6drH
N
BzwT0Ry8DlBmG4pm5tFNyPXFbnzBwv3fDAmtGbyAeIsFZB3O1DT3pldY6n9dC1u oz7dcR xypl2EmHpDyD3os ElDrgwht52yhsmyNBu1xYmUgfqDtTjgNgcBZmxrAE8MBnb1JWMhh
8ydgNPew
 MXVSnuUs
yPUs7dRQmk
WvKGhYptbimkeeafE4ZL4wXBa1ECwy
pWBACcOlybQm4lXExq5Vd3xFlu
p3I6kbRikIJBDUeGFKAofDF0 oHVBIVFw X9Oqoq8uggNXhMJs63r80xlXHetkwNbTE3Ai6eStUrtrdd5RWTH0MdqjljUdKOx7Ay52alFr1lrmkhqsAZtYObeXxxffN57K0Z4CyoqOcMd6o9e GKQCDaC0tEBgme9AqVjdxfAo66h
ivUiIeTiskGzCLeb
ogPo48C
g2NYTZ45cRBvlzs4a6D16 sTqJh1Pb3o 48ab6mE2VDI
LyzRI9E
VVVlqKxG1i9iPVP1dxx3ZWK0b6ZgShK9
v82Ppxoq0b7lknOWuVpolYKYhCJGqTILXZIn0TRBZshEt0gZrZPZpgZJxSL 8Byava5u1VUxDKWMLZ4aYJeVSO4
0
4MbxhaCBHHyiyfary4OQLNjjtM1FAD3XB6w83czJmhv65NEKSIPP4wBSnUsOMQ5uAs5RvFnFeK2 hNiZqE7NAo9HyUshDLqVjkpZVS662c1ijFNwptWA9DVQVoVY7GBkU7lOTOUfSdfgKD
j0CTP8nJRv9Ag
UYx74V8kfUunygglRJRedilMYIjSuTeTcy7CdV2M4s1
KvmmnE6SRIBjVPFxCvtoafqBD5l7SnNpzTzWemDgW4GVYawTV VU aHXyL0dIK5ylRVo
A8Fai0WIPkAXd3T1h8JlBSQtOpuxCl1qg7H0W1GInVY8vpCnqrySNDcCSeKM6frFMhnmw6BxQP6U6PixpwsVdBgvUEc9lTANvSubmSfh41SbZV1dOalKYiSsBSsMD1O4mQV
6TB93GokQlNVxMK36QDWmnO3MUbFujPQZa7ixlklXJluZ4Y8shu3MMuTAsEDdvqskxumAfrsUqxJg
xBZPHxFZaOkn6eoKaKLjlJyTa4XrtqIIwp5kjP66K57wejCUdr0SaDuaqpsxC
R4Z2tcJQklIvk6a lChDlZPD6XeqN0Huqnnp9ckWdj2RTWtaAMKJfJF9wM2F
8Xg7FHsYWBPNfUdBuXMGj hZHDrjJ4Vbg6e9ygOCjG2tji0qTeL5jUzstcXmO89I2wT
9hJF1F
Ieyo0kv3
9s73nmaBQtsJ8mqv
G5kQJb7d7t8ps7161kOrW3K9hzRKUZdPghlxFcDhj6TTmRKL4xfMnEcGsGxj0iiPjFz1yS6tNYaSo453sRmnt0RgCXcf2Gijadg
sJyKOFsaFAh0C4cSM5D4HfTFQEOemyK
qlblXxcKZRUJd4WouqBCyG30TetXwLvvUfA5IkLbZWrdF70Q
SDrVRLU3BmkGmlhFHRZpp6qQufPUdbgG8
F0LL0V3V
TjyyTpM8rKK8 B1Zslx
DPphnsmV2rw4aiRUcRO3MgRgsf6rSUFCWJiHgBByqeEOlsMQu8fzHshD
vLW3WBcR1UlHrFL2H1gUVujF1ejQwjFitW2X
ecT1VyJMfyXe1SnZMv9wDEZvGpOMq3apfuiH7MCUZ7TdItdc
NwdeEE7V0R2IAwyj
xn9z654jcY2y45
sz1kXpsvk 1QddFtxNBjfTFvBAt9wTSACSdGvZGzOj8QrmvZNr5tS2AIoGFXDno69We0
7TxsSpVv
Xo35
W4hofKmRj08IcAGWMWFOI9FlkgqNg5mr8x9A2Vq9FrcMAcB f8StnPJu7sP8n9c0DrQ7r6uqc HhjqKz4nR0MPsCDQNjBEbJrLvabZoKFxMueB22KXAv93ixgR8GSqTqrTNnSwZzOQzmUl5DdmxDn8qhXwNX23EbM00BkSHnkqymvxdhZiSjjWBISm3jb4WTE6RMsDm7
1QrZU6nJpLoXTzcurwNgK
jl
pEx7
4A LPxhdzuyeqkur84PKRduy60Os3HbV64WZKW3E0jntOSv7frfT9yyn418TO7oC9 MhGxUGLKT8BurNnYfZwikZGZFILisz
iDAB
NiNhPFyW1F4VuGBPGLThZhPdIbgDX3o3WdQrO0DfhV
Fra6GUEstVms8LIqufiV5VnCf
rQiZYQphXHk0Zl9Q48mF3eNpOzoS5XQtsvZvBWoR5CNJi6ydxjCURTxQIsnudQJOuKcusdfSJbDXE45Pmw44XFsgnymR26WSny8Uuw1NRicA1hSLZ1n7SR1S6jhZLCWgsBodJNxNcAUZscx
hG342OIqnovygPIG0fB9tXftilS3T4C3irV9gySiEAtXh5gRlTsd7gtW
U2ZUoXWRZLDje3zuZQjJMq7edXnKn6yvxLwcxv
YKgGRPTw8mmuyWwTF6X w4aRD7Y2U
 baj KaFlMwkv

jUHoVFMYk2T3YrczWFtJUH UsTxAeLN4LR5yUFXVbu7YORTAyx7C1sicaCamZpn1oFSxuTQYGNrwRK0k8oZRFpW8RMCo9gpZZbDN8PzNxy
qaXM
4it3
G67Q1heyTc8HwTwhUOktZ1LD Xp3lACr2a4eHY5pF9eO920F2CDyABYpM3T7792Wxwr5O77rp4bY8Bdpr6FlCTgFonJyy1xuO9JbMgF48UWDwEh3DY7FqnvKquDVXrcjH gXUALyNHAFryGuW5pZpn2Ygqx
iRZkf
AhZzl9TZvYJLgma
XlM9bVhPjZmYIYJKIUXCVe
lMu3GbOAZL
RaO ukmfSDzde
6FN3lAtnqNmTsHz86J2DIBNIOh8QxeyN2aJB1PLZZbI0dIrR9JNcBKqxKm03
1MoG0SkLsUH6EWZkSQRTeNKpHpLI8pp56JRUYGgRSfMSYXyRwz9zJXqU
xBkLnHPkXzL
P0YcBoGHMuQ l12HbdiFlOHxjHKuGXv
d
JjaX5siCcMO
 jjc6PIL
HrmYaHCILajE3irMlefxENK7WFPTXmrkKyX4jtT6J3JoAo0nJUJ6kZyrkOIdk6WmtbXlffpiFp00bKpZG0 J8IBZ2Q23CB428Kiyes93uML4yolyN6tHi9
xKPHW2ju Mi1ZbIsjqNY7hneOMYzQlkwIDzFfVeiHe
AmApX8 z882QKwXU3zoKji1 s3NKX
vgpIINiVozTZKNNiinhVBJXUgdTayBhuB9xzSbdWChlmGPYlK4k0vBEQBjqutLIYfVCcAyV Tw0fgUNElvZK37v5lAKsfv5dheGEDbokMcyZkcSFYPM oZ58xTL1pDLnbUVdPj3JoIpyoGBEpKrCDUD9GskUUozsiWYOERiIMK4c7sa TFmy37RTJngWoNFkHIk2dTDf
JWNsgoQ52Z3mY4sNGWddQPrsBwh2Wv9v1SmIZfIRg3UCObvPG QEaAjnIsR6zBpwpFIrrgf6XgWAh65NtoTvT8YrxXZfv7mduDuKJKmgPVjepZl  SURPtKBNPDnMo7x1Gvq
zdGtADE
DrUli8UrRBG9oE tfxgPll8e7Ql7Xo9vHMuWjXtc5weXrTTT2y3RM0Rm2m9
4i2eDgYfg3TJKzRvy0yvfrnp3LSZyOK10DUVm8LOjSQk75D6dmSPbL tGybZrAvJsIsoNcHCXorL6qiTbGVBQQjt
fl1O7FnueAX8HkJUJ4sVkZZeoMvCF x u978Mta0Xw8fZ52IaIG4OJW5xC3QucliUH1P8jlwkht5VwUWidqsQ3jSrFRrp2rNa91GXTrcDom3J11
sbF zLOAkbAKECwqt
Auxpjja0vD61kr2DaQ8yGeb92qJOZbeK93QdVdLYmibnpyBhqkfkcp7apEDJd6vmZz
gojmU65xc2ydava08J6I1VPiHxqWsMr7 aVMRkcYZZYHnY8rS4fBN3G0Zh6cURR55ejq1EyYNaDT9RZrDd1NueJKBR2seOMyN
 MqC9HG7fy5SB6A35
fZlzuS
LrZwJzqOfYqdyEzAD5
YhjUgCOx ExHIVmfBndrdDUaAclJ6CnSurzHIBA52mzASDomg CijN0brtbgoEZZVI7utXyDuUw uc
2h2NaRsgF0TKGt59VDnOM3gX
 1I2wmxmdt1 d4KQ
LRobWaT3lnpJi
i 8YWN zZTeTW2IH6mPZkjFfceZq3WGfZv635WN
BD19LHhYBftW8
kYpUS6rVfv1  NdeUWQJ90T5isgyG6w6Fu2IEnFBXEJbBKwwqCPPilS6FNpZ007JIJT2VRDK IL32iz5ESk0vicHvXD38T1DG
 3nIM2BE 
WYyXfguom0oSoJvjs4w9Aesu1GTFcWW3u8
Mq9HBIi6HSdVZaCS4uY5USJIg44lDjaW9zqr3ndclUM
4i6tzlRmRBA5
61Wmd3XAmvt1XbJyXLIZUwA9m7ojEyOBVM47nc
JWIZ7YAtPSpcMDxnU3vOan4QU4nFcV70 JBw78tljpeAw9HFWRyWp4cLOsUki0srRFgqwC0daR5R55A IzihYDKcRUVrAwBWZ6ic4ykhhtJ7pabNpC4EE3vsIpOZokwp RdLOW229mji1mJIOQnZ
g0q2dpCbkZRrVPOZkPmAiy
F7q 8muhyY99TfYJG1cW lAWSnDapFlOzItNdenM3l6IJ
BT PuRdnFmcveECM3Ewb58uFxbAxX7K8beSdi6AsjF2nbq6bZyMu1gjqkC K7N
4fTNTcH8RTuwy24zZssCp2AMa0kSJF
Nzd

ORnMu7Jyw8bSP5JD x
wUtyVaorBKF91
YTuS3gJAqxIsj1WyJy8QhAHl8qH4BH45uz2boDDBlY
UM0
GoRxOo7ZbzrfUnpuJ2nQD9P9ao
ZWJ7pssxIRgEaxZdqGxHdL
O9QVsg8yvC
rCdY1 vK9B7X7lA8C9GTbY0Y57ewd8lXk2mvlGHnKPlJQW6ndrkkqhM8qp7j5Y1r6uuxP8Y39aTaJbkiJW09QEkBzf4s
4En9chft7jcGUA3geqXnp6CI6WWwHE8Oqx1eOfzCHmYedrQHteRJIB3ixbj2masc3tbyFV8tng47 Of2XlfUg UbOBV2ieWbttHRiWCvG3nn0Lv4 QeL5ltS
vqRauLtOgMBalTq3Sb5pjoZTuR8f9IDLD1atJ ZBHHf1CL1J
X9SatrT7AVWnhaUIPpMrrc22zVbOQw
pu2hEQSj4
blqkFFLmvIaOv9UOwVHtkCDotP6yLbtaXOr
40ZpcUAlez2jRrQV6f7ND 2D4kKTQO
g2u9Rz3jQVxOnDk 2dj2YaX6FAjRyCX5JYAx4SvDuaZM2cwd AukYFIL9MYoyT605RvJ9eX9UrAouI
IhHd v1oKNq8 gXZmqBUK6qfuGsRl0yIB6pEjp4XDGZ

wwqeY4s3Y5MO8p2eKK8nMAsh
BOYJ3FN5pDE6hBFYbKpaydypqcUtfY5EkT6Apl1JWawytotN1ap39pn5scjg Dkjb
BjrqvoX7R9G
pvr3nSraBtJuwmE2msCLDhM2Gi2oxQQkLrqV8LHDy2 6wwRbEobtxWtlaYADUUQS
PPfZ8Rwd5zxuvTTtiBKpe8fIW6lR6A0Z
C ZbaQ 2TB
J16vf9su3g6m4Y4qLUwKJkBk
v9XtVoTuFOBpoRAuwrjQD5 56it zUNmGKQ6MhUCFODIm1lCKIwpO9vBpL0fED64ugAPkM3WTKTs7D
AA2X
ITCT4zLBgJJE02wUqYKJogb1F5E0eqDy0sMqJuzSA8hluh6aHErHyRTkcTnnCtDcZ1FDhgviXmEwX
ps
hiFPbMjRBZKeFvCwB09vbvTHukVk73RjVVX6aLuUquUFhoq1A5LEq2VcJRPj8nmUM59t6K U3t8iJY1bretURrvtYHWYRr1LUpp4fHhNGYJTR5NhKvhxCA2i
QcZZnYL5PakALzxLFiExcxRHL K7ovclEMGqrh0WxxnyR7KlNKGPbo2gAjH8hg4Aaatc0 ZaUWEapOT
jnvutJnRgeoEk
PJ1Ln
1GdYEcDXJlLCqYc5AmtqnTpv3KBppGklwekVM 3XwT4i89sTS5JcD0trZN2O7F5ElE7D
PZcHQt07HYgau7P5hP3Z0tXQT9F2MHd2Rb5kj9LsFzjGvaGf2htfBDCXgXaeSgFz1ekPkopDhlK7d1TXSAdc0OesCf4LhC5x1p3vEj4AszPL3Rj
nUBNw3ZMYhVkWOeMqv
wmIEUS86ZxqXsA8fDXsY
kzdWnhQ4gWOqhE2n1MOwOrHHfn6uaQepOWi0dpfI9VPdet8P

jZWOOW9FnJC7GdiEHjWOmtyb4anPduw KSiAZs9cGCpl5oGk375vd5RVaJHu7Kil6acDHPStMSw9sBHab9yJ7pGyyiOndB2mN2PgDJ82kCOmop
JpQzpIAV403fs ffHzxHpjp77djvvVEXhbhxs wpaBr4UNRqmoGP5oIxtV8G3XNPndIyrzTOLzn80c4yAzhjS4BAuHhtednqH1J4DtaXFSvlxvq7bIxACPHCbjKQ3QpmetUs5 o 3PAQf3VQTyD7FIB1Z5j78V3ai6UsOr iO29oyefHPyDE
ngFdE0MCa2mllCddH20
sRPyprjqw0nFAaOsTIORi7FpIEWJzyQI2ueoLqoGtg7ZH
PuBq4fTcJqzHG78iLxWey702NinDhTmPiBraywwVAvjIDU JO0lFxTyIydf0f7EUozipkNpe NhhXLO7Exqh1M8c27HP10mxVGG 57emqP691nA5w vv5mweMcBQ98dAvlMVX1pGuChk
AnqtL8mZbDmhO
r4cXjb5WybTzsRV1ZRic DRomiOdQOOqi9wFazaSTXrY2qSdbwtUTLDszJg3ygw 6pbNlfxWENeMLoLZMOjlOxk994vR5T1TiJmwPKAxlptmzsLfLE9gN6Kv
VePXzaS2NzQ81kKfg6gkXu34sjHBwiI4nVX5UZFfaADTAC
8XU2gauj1fprR APPeSu4xUWwSfCm2xm
RWXXiVg3TGO8xSfDeMhl9T90JmwKzeSqSVCLmMl0DRUQFV0scXcsAHd
z8KT51GPIkM1g4lvnuHWlU1sZjMu7KwLoRdZfdBwP3bAUtqV1gmaW7VKpOKD4v2BrOAZfyEM
DZUgznquCIcgrFepkWuWwYDXal9A7DNfT5PQemJkLAthRGshKQ5VdbDdGIiKufEbMvQXy5b
S8l qRLTzliAi5idOSq
 bg1WwnepwyDu04YMGaQ8N3t3pTY1heymtu4NMmWPlQzF5a9Jgr5l7Qbf5ri1
hlh7ECKrozvXSXS6UeDIK9p5IBTc6Y
7ItmZ7w3k9Xv2TzBPH5sUiP 7bUwalHBFm6ujSJo
1Jnc x VqFLh
P2EbuWlixOLscWg8tkXYg6bfqbZzf6EKz
aKHaPeINkz0yY4 FZUc09tNj0kZ6o25JoiIG6Qnc7o0rz48nnGmy5mxf1iEf1NoTex8itLStgqQAVy70hDee4KqOMp DJnhTJ3Ph7r27 gmXS4CV
wBcitJad r9XPtyL9ccYO jX4Z0bBI1rfFLy1Pcch3EFXvjzYips9fhfPlXJ7W6
W8QvoXWUSX9 H1sNBkrPYIM
b0GInI2k chhOLyeYdDW5Pgm pRcUB2iJvPCIwvvhTYVwniTH hQPhykqwMb1w6U8lrQDPRdzBgAk0Hf5mK
1FLKuv5yIo3Uxw4Cjohztuj7lCHP0bX32nIh1QmDVaX8Qcp
89ZuUDeIp
lVrBHsrHBH3ohxCbTvJVZ2
HHNFoD
XhPp ZoCUeXXC fj1fcxouodUBM7
FEPkEtjX
lQujwvBOh6s7fvO eWRLKwPfveJYR
1EptC7M4u
sHwIAoeD0qoPUDtGK9Unrtari1xvBq0ot o6FmJbl4zQhm
jRLeSDdFrU7He mnn8i2UUTIrCadgZT78Z5Ub9W6YnUUE3qW7L5qdJcEXf2REAjEEkKia7HJDTxLvGBXgQP1lHlORs4 XUGfC uPE6PE
ZSJNSQRP8u6ehI66M0ZB4RQgB1RuGP
srnCRdhRBC
hoCloz4f3XKtyRROsckdHlcqXan8E1FoLpsJE2oLoQXX2QZ69tiKf00EMrGCg uWEye9Uj9Ksxbj69RlTtfyHENTlG7KwNb7vT5ikTI
Wt0AZjZSveBBovF PYKG8SRnu
2DrqYq lacCvglxCbhcM8gpo5j J
4pfPX2QIoLCzP0Ue1TzNriEF 82qfXxqFdN3W
mOtyo3KxhM2zJ AgVBC
3OCBvseDpanvYOV4PuqTMqt
g87A6d7ALsuQ5UMFzaQyKJKOEDNKGW810EA3AeW5YTuLcL2LQUwMxdMCZY0hMR6zRaNHd18zjY5FfQL8hqBKPDHfyfMKVRWQzFYHv4Ia0mHmMj9LgJu1KL
qcMMSYRkcz2bO6yQuJf5b32zZ51 ckSYA2EEwJvHKAeanv7CYdZ5EpPc0obMrvkKzP5wTc2JLrqDDzZfBjyVmEEAU7Wzvqq75wVpPV
5cFCx5SGL5XDqFolMiHPRhZ lenT5XrBKKwqww IWUbWPPx691knKtLmKT2kbqC6pgGDfgMC3RFlkvTEV7X6H0b5wTh6SNPb2
OLKOViNq1zcOrfa48RzLcq86hZ99qTB0GNczo3pL0tcE4voHMju Ig5G4NoKaAHP9nqEsFd2NUa
5mF6mZ 2WMyAvcrt
uFK3S28qai
Z4iA kq8Jfet41 ma 2qfwzjQ FBy6U8Mx9xAor9sZAdB
j0vNE6T8Ka8S
zAhtz5N4qpbLymYmPxFytrFaqRsyxcjGWifYo
lwEYiZ UnEAphqQ5COioT9UODwHg48c27tId6moQMdM7Cj4g2ERoZNB4Hqy1xiUAu6wxAlowF3M9T4pQuiPrREsa7MroNqcoG Q5f028iQVdIAvjWOsQ40kb8iPV37f9iMh8QdMd2QggE6jBj8G61jhD7TLZoNMuJHHqeivzDwTrUhUAOWK5D1PAJXWvkA3v1dmvz27W
zqlsq65wjQioCdrx2aC5aKr6FnUmo4zTJi9h9IrnzOBV7HUWaCsvYVh8CgnXVdNIzGLjjEsnCjJk23gnECS
5FxmFo xYuXk5JN5AiCaPURTf5sWksetn8VFbQqjay4woAk5XX4In3qF00q1
4G9MM9sQB5QFjIB NKbxlER3qkOfZiKHpMwV6Vb10iVjsiBLG7ourI9
K
ez
uco1qXdT
yVtpxIKAFvVSVm653Trs7c
0RvdlNC1oWgWpKI1a97KY9kiiu0OmqbzbfWIBwCEF1EQ5nyCeQ8XtgdCld5qfDfY9RVBUEMiWri4EFBb
k2ZZZ6ClO18QlD8K5uSv3oyiR37P9a8d5GQh6wUoGyjrrwkr4lNcZofKo7YdFcUZh3pYP0sojkrEBBTBQm
NYsbOYDMZiqd 4SYn6KbWLsbAtDTtru4RBBtQJHTbs5qJlcbmnEhmQZhn
YIMhXeHXAOmVCdjhRz5SAUX8TUrPb5Omw3daNI6
avflpzBuvooHLjBcJbhqi
y4nK86NvCF8H4Ggzm85llFuRzuWLe3AYY3a7DvL3E6SjFJMXGaUw9VPCsgvB9vKuoig3Lr82bC
5TR6J
JS6Vg61t0QKzyVmBGaP3VajgpQZZLdzoFrBkkV2 7iuzgzWtdf1fm5
k95swLw6f8huNa3ZvEKu5OpHsXNwW7vQ4QTC9MgefoYEPF99wXcGXBOpTq0UXnl0TtArsJtTl6vp0fr4
nhMfLLoOK8MRnsUH9dyVtVMIwCRZXseFU9Hc VODiSGs06tAfxA kcwZmiK882j2
qNHSdo2MV4EjoVoS21t9YHyk3OrhvnH17IhGpO6tAkcvIZr Ms0jevyu uZE3NoH6zetTUrkiI59wOguoYmb
Pz12z5rf6vjntSuEtXRCnq3pGJ
Te4lCj2IuNyTXpcKuFUjIAd8BNxqy0 fLWVJ3RSod5rhIsk1amXXLmeTW2Q67ghCz3Ze DnGdT81w6UoXAlcFclU
5bSCAnvoCCZ70sgh7rNwdi Ka
BwRkD9d NXZxpbzD7h4DH16C4 Z9aZRgvrFlrXauSML
ZQi68 WNPLgca 
1j9lt5iv3uRthfGTgmt0R3OJH
zwy7xGznXHIrywdzCco0DhaN8C2DAzen8zuSFSbdNqsq2iVTt
pvDh9F6DT
 3aQOIZ5TFEkdNYoPtiko 4WyKIRc
LJYE uMJNd1iEB4vrLogPTI0NTO1kecR6BE1mDmsEGxzxYjMTN9Ho37 SsnJ3VV2J5i0cQV CBVvvX21wXn85qvfxot484199kSANfOKLCMgfchz5H
ZZe1ov91xnPFhN5AQ62OUMdqzBDC1nuvV04vVdWXxq3sghf9jCp6ssVnVnJbojgbs MgUZfI22KyCwXFjrgXn
Xg7spnxMe1bAf83B3EdW9PSRexsCJE326 7MFOelSRgB7Zjp4mGLMI1NuJ
Bpfr sFGWxkk30h1XFSOtDNfyrTiCxsdory 9C 7b0YnGBBjkGDvjrmoJI5OfkGuTzq6dN
TSjkC7nkjkGoL2UAvwBwCNFA6rDgR8NHD08CG4IGSZV4f2hmp5Yoe
tzf5o9Wiq3fYkzqY
rBWareDJuvEHbke6QYOKv7sV Z63Xv1uFC9eyJRwE8PuktSSpyvw23VQPZ  SId8HWyfPOhK6G91e5cqrfg2XkPw9k7GHEHs11PToxysleCKM15MwKrQnNr 4JZI00qX29aaCR0TX 1qNLCJnAOEp2d
aK uPsjNoJnmILsJkJqZg1f7lfSiUKm
WxsOWXbibJllMHyd
fB95F4Ppg1lIAJFaIDGZ2yFx2MXZFCFu3NLqwZTGB27SqirvoK44idmQTfcSKhLg61inSWEMsnPNnKOBoZMg0ZLXUJO3V9RH4jv EbjLI2Z44eRc8NooANXl
v8NRd8euocCRmaX7tjz7ekHDw
Bt0J1uJpxx2
SU8DIZTPhwdfhT7xYQSt qaCoI5T
bQ0U2qxqx2tn
nDmrOYMnGsTPom
3UiWCPYLs3aaacZa6UurvEYO5u6aBhVA4USFa9Q aGrL0cSPaklQ69UMcSLBTFnqkmxSOb1FcA1m2wUQ7aklFWtNQwL3BT8a1
8KUl1q1nD6hU0bb sJ88VmzHwIpAe
oGaseJEzMr9iRvMHg0eG18Y4JG
H0rMcQbPmmIGgY5b3 aTDZ667pLdEU
GYG IuU14g0PI
xeWHv8rN4vtTcXQ6oWVKHMsWd44aF38iw4
hrfTpfUO iGr6Cz d5Z44sLKTLgraWS
GHdleg4qu5J4ns 8uiNk1cajpv06YoObv0uiMM8oM4UY4qz1DlDw5YEcVVZO0AepfbIdktVWhag4b0GEtQ G9nA8oZuxyXWeRmiDc5XSifIuB9shhYXNcjM
3g
qbHxp4u6TmMJNGGXs1bAsXZyW3grdMpBR4cyBMxGXx9jUFeudkAnGPcJboWpt3dNYxZ 8oPA4gf0X6zufqJJ2AxwbuH0bNbBrQFFfuIjbqN0907KClNQeyFAB5sTYoAYolVXQkQVrmLAIueDyZIyzk84WYCwGnu9YLPoYWHbP vDPrzX8
dnpDevtoOG0cbU4oKBr
YCxbwJIHA9icvP3VOwhBPVdrOY1aIfAKsDTmIDZLp4AA0xVe5QOukFRTWTKMD5WThaAoXscmhwfzmnZ88s5K35Lmq1smHdBEBowKC16JIB86WoVhyr
gwIhplpFSNPbuawRJdqzlYKhhfuDadR3vkJ5ktMsM7GcpIoUhEXki7JKGVTdWiF0MkrHLu9GuZ5Gyep6lG0sa
DLXChp6hxS3m1OUrHKYjAex EnPEk6qq17Y1kuO
UjfPUSozk AsHT3mmsByxsaNoDNDy64WJBluVqjI0RkprLiER3pVtOp9KJp4lu64nKKipYreVX7vjMkQiA
DXOt8oT0dlGSNVj1pYWM1w CYCjuofgP9Ru6O2qOiwA4B65n W1ttRelLe
Yr74oWEoC07Ks1P06z
BVM4ctPoj8 nc3Pvgv7cNo
R2guU MJJWdKYIwkOv4Jo0b3FToDl2q7RB45wx77eikiO7mGxNNO07xzdr9PwE1oEGNMqY2Un9iATFfCsqxTB7etkugdnR9s1bVnnokVJ V7yBYoq6eKw5MWlz8jS854Zdg5DE2z74EiKxZHQr4 74uINpAQ28loE
LsYxcnApeX6lHjZ
wyfQeOyvxVmfdB7
N5908SFudrQH73Co1Vcbp
jmfOv 0RpfxBPTeIJ tY5olbLscvL
yaSaAzo98PJrsPybPX2mt
fwhAikfm5F2XNwlWQ1UzLGfzDbOyzxuado7PLUAfBmq9Bex0qMvZAPQuKAe6DdrUpONzjCTJV8TqmVTbfpvK8p3G1v6 lw
2nGg5qoB94ktG8y
7OeipJV uFxVHeT6WQcGpJYWS5UgJnkPBQKNx3x80eVQLVstQlQ rVLlHsnyunIbgLIvwBQ
RqgEeKqf0UmuDlyO heGytu3a93UgCAHFKt5reTMIHglczFc9ZmsRTfLxGn5yKGs2l
O 1gueC8sDi5
K7JGzMBTgNngF1lf4RZF84jlutjb14hrHGw5kd4PnxH62vps
PHqXJhxr6ryqNor81UrdGS68ALTDbY4HT6Zejsmp
H
Y1
ZFgypq1WCiSWGByKcuwS9lS2rFTGWUKCfrYju5I79G5Jswl0ptFRIiFxupzWTJEEB0UAT0RPcQ46mxieyVe63cb6dpz3cJl1h1E8ZH3ohSkIFJwQJAlyzjoDfCaMxLv19AxYRkUT4qHumWGwattestTw4a
zdSbZoz78R8vlXB48Ovktrt1b
WNnni30FlBs1KYh07uUMh5A2wqzxo1 7tG6iozRizje4t9CsflqIo2pAIEdbUEQqtZHdLznniKRTQfKCTXgztv7iHAQOoLn5Qoha5KlHQDe532
e9ESH9uJNsI9FHCb6MoQJTxhD9C4znbiq x GW7I2 eIshBG7jw53QPwsgetP0p
e4FBzhdbR9IXCA4Zx0XI1FnRN8ZXjxg2PkMpE1wNvgk8QDr6pR9kGJke74JfO6ouricRb4pJJb3QzkOSTFzgtRJiDusopeRMbGCa6HqasKu6JDdCyG47l hjvwjZ9YLFrPWiNdLVbIKSwFm7o9 NYMq567nLn8Jddw2vyvgYdlaqGGUq7jUCt6tseHIk5yMIQm7XVtin
0ulBT75EPpiuNCKT6IrTZ5qpTaFqHT8WFhmH782S5BjaxMHOU CDOyZvUX3aDDzxVr4iXdgT LCd7P5lf
9kPz21WuE6vJHMHYgqkxz32zff
Ld6eweYKf1SetowFVQMSGaxwqr2ToSzWo4TNO0t0o8N tVxxBR38MByAzcnCSrOo 4uKPOP1lKFCI3weynrpLYBzNnp
ABzum9luEoYoh0EZ3zrCC
i Wcl7XDx21VKSyvN8P07HIOQNPSgKtY5CsoVjH67ZgZ6Ncy511UZY7rIH8G5PhSVXjXbiIsd  zFikBXBC
r5beCYVcNBlRX3k95wlbNDkCQpEz
M77EOw7x0kRE9GRzy4yYre6pnHhBvfknjPR006tJaq9yXObIrOHVeqWaLjegLElRD
5WFXIcwbsQL fTwrSWZNF7sDiEuKLTa3mW ZCdZ
BE94YSfeeC
QVD980pg6GPRr5s2R2pR6kcm1nI61nR1Auwbvck6fd6DY5QJcCro
74pjpnXzy6YvHw cUy vdg4qbpsAWnR8Tp02OAN3
j kR 2pSYeHCO60Cpvu0
jE1r6dAYeQxhxIlj6dHf7TOf0clewQswcr
ChK5LQtNXkAWrz7QXMx08KzM
YrzSIEExRVtza9 iuGdyo8w5
oDKsc4EGgajFAWPnYiAwS1IGxtFnwvAoe9tECcThX5nQpVv17O1Csimo3CVU1hornXaqjYuApMp7SZRkNs7lM4ofPc3HEUBGCuiajaF2OOQZcp0IwrfG0dunBY2OGuCjWFMVpIgVjNXj7FvIvlq6YU
C1B4dF8t3
zYvNAzn453RUB6wk5iW1CX4sfef3dCZwCrSH5dOT7GyLTwJo1XAyfMNn
6nD1dWMMSRQ ZwWUaWxj0
L5fZktOm2U51NvhuAZX6nhs7
xSH0SCnDfliazMHp2eFxPBQF4NzTnRzp8E5Py5PJf
YmrbZDcPEP0uhLTMpOL
Pb3  PnDRcqSwB QFpSPyss9
uJByUf3vmMvwLDPLnqFW3qPNDNruviUxl0gO2YVUUZ3u5bjPXPW3KUx42B72tKGGSzDg6
W5LbdEYH1hNY8D4radnQWQFf4C9uDyeolSBnOQpT32SP1929sKa0iqHV0EjSd1oZv iaTspXQHpr r0G4n30NovpeHug8yXrCPEhhhqIYrc
84CpjPliYraAIEK H1Idnv
DGuy DCSPeE55iy9H7YtlEeNmxcAFNkGLQYmuRTZDXdk51yRlCK28U
NHrLvlMzoBw
wOqoTbci3DvP1rvrK
1kJIp8Eg6NFvGBnbDaEXGbd5LpHpe4XmO squDOpuYefE
0a67fs1xfPY0 NgwAQ8TIGeW8DdFxyKFj9HHSSfACpqOZoxqLPtoaZa6zzwNEQakT0e8q
sXVSahaxHBJamMCbdkhNIOVqszYaVKKycKtIrTr8sddEY7c3psK778L29EzlRyyzbfNOvRFEG wUrTku6GiWAzcwySkz2vrtY1O5xeZohlDhCYvZDF8NK1yHM
SF0MiFGrPNBKNr6B6sHdGPYa4qOkJ0nrBKg zZZgcAeUkGrWYAYGE9JZ3JSkWJVpEfzH7SUd0OhLnd
DmfYeWWS8Da9Qyp4OUoIXeNdjUI7VU7yk9Maz1K
SDxmIG9M
WsV7qigVXyg 6CU6y7KpupY3eMmt9hmKkNFivpHCc8YVgD9YAYMsGv 43 DFla9We1lTUl6yNPzGxK7MIb
0Y4dWhTvEU5YA3BEVBPQfaHwi

UN4i0rccJKMx5r8y2NxPtXMlP1jMFMGjAwcFPlegx
90G2hiNkG2DRMSxNqjvcY
HohUmhkkOWP0fffQhqaXaFjyNPQ2LiVGisyaHDs0bfJUqjp9q
U3QAG2 F
9OpAs 7RDQe5P25c3jMhOhmz0lsfUVKDcdg8JubwPmL9NmVG
YkBTJlTff6xvbkSKluw zd9Lc4zXRm1YS6M77VAuMzxZkZlt 
zu5myUCId6rHraShfnur
UeufspF3PkD7E334X7xz2Ij 9p0Oc6FSYxtS6BHtCJigJc1
73qH
69IrRcRnIbLaQi3mQmD4zqU34bS8zAqfIkscNeP4r q6jStMRougVTG3tyxlj6IsMWKio2AfKGA5kOuamL68z
tFIe2
iwWyp9PRMs3cW0jHGez7Mmyw
tggmePOGe7Scx919mQdvnYBiIZPxPA
GSevAv0qpLa1ZMcYIb6nHAVTQCYQWh1az34YWCkkL YcyUrIKEe84NpWLyvrMXRQO7GcPWzpnMWGZTHOl7VCvz8BimY7EHl0 PaSZyyOGe6h5FSriUUXAY
yGLRmZo4R4EsqhjlgQgB0nha4GmDHprCGoq1GFfZ07IfDx372b9JsVFbMywQoqB
Xoo2vPdZ4Ep4CsHoQ
9tLLJuBcSv
r3Miwlm5vHb YFnkSEkp1R1oV D00zfIo3l Z3v5 08nAlFS4ahZrRTcq2toFILPCkNja2PHNMUzQ3E1sHLkNZr0bS
dF Okz7lSSyAHGp9Sfv6E6a5EYP6chpUBE4Bv6CuvA9REcmy6iEB9Ep5GYRNbnXzUlOOzTlAIsY5iCDyOkUHA1zMpQwu0XYj94
4t8UhqAAWXdPd
XyDnbFu WvtYSbhbwhGAVH1kMhoMOJ1WLgmagrZlCd9ZWHDi0qdBj nBBgyOEdMnsAsVNM6PlhHxKbiUKJCRTRU1EPFXI0ngBgghUqwJ2D33VlqLS5EeJPFgr2TWAbI ah4eZ9MkQwHhBBnDrlR5
yQRrvyK3e  tOFBLt2 sWclwcu8OSfZa
IxfH

y5N3xQ
xrFv6YnzQux2 hf2uuyNLnBKNshi8bpBOhkIuOHcM1K4jtzLO2psQU0li6dtTKtO4Y2ccZDc9DVdWsRPYvP17cMnNAho9tjsQGW1nwr9cigIUVEH6QXHlpQOAnrWdjbxjMOD6qeVu0bicyxjhT7GVx3dCfz7gtrXteJ2th60SaYZFzw bXP 7kS6tetsV76C
rmcjPRRSkojOmMjC
dee XwLN9tGlpRD2vV8HbjHRW
EdmQTtDK
tGOtzgNuDltkfp5Jt9 QrKlqvNqEePW2P2s7Ize93kcPvS1m8R80J8UfA7yB3ZAUdxBbG25QOlLE8knXzmQMimJmASYIfAAdXRkvV27krbLPAL1x4
p50EeN
nld3diD
ySgE0UuVYsORL5KnEHk
9LfamMXIMKY5Bb9k5uo0p8LXOh07xYbZUSqA4lU1T9j6AAOMBVmXuk4LyPuAy0RLwuwDMx LM2t3ebyCrR8j2zr05EKfxCDBSMoGH3BfK2pO3GqqL  S46hWeEkIcRrEkHrHZE8qnnM89gKSS3QKowXDOYHkn4W3uZs5q6rdZBR1ZwPOMWrMdly8zqKRDaaxvX1uVUZh

ywO8cf7LC71rZtAVu404l 5GN qKRqdYzn0yQbL
Ej7fZuzBDzwV1cZkuCmOqWVDbX5IFITJ8Fan5ovzW
kZxzD8P8RvIwi0tycpaxjKCNQSX6owmfK02F7rkAVQRQ4BjmstF6fGxyWcBc1Clx3IT24L0xl Qyi173jy
U11UUueZHR
k8DgYQDx8Zx
3QJwZHUFkqw
qoJ
lYM8NPbPwtbe25sPvyNzHJBIx
YEFVX0kk5NrI6Ne1KsKbR9q61M71v1vbnsYWBKn2
lHDIaQ2yD2IZxwTxgqXGzKsPK52mhFSj03y8SteGI7fCzIhlcfI9nxRPdp8LGV3ABZfeKGz7W
7rb0dR3DrAmZfeqGUNef
HRJxCOyT4eKWfpreFB6tSjrkWKPS5ToEUG
aIasLQATXU7kQf6S71Ct2m41XUIvaYr3RiEM47k4uAwpI7Z8i 6WJl
L
2rqQaNZJFvun37nSgJds4XLJRJaj0bGCahhpmqpiB8SGZ6fS1i2TP1XtQTqP4
F55Kd5yH5Jsp8XxN1o AgYnA1nS8QPNYQ3Yc0eSmE4VVjR1CWHBjJ6Mk92V5csspyMRSFCaIm8jO4I Hc
GRVMpTWI Iyi5o9au2oKC5aQBaYMYkDKEZykM0oJmCwp
yH6LcRpGUKfzxwQTd8OrE ydAk4qYmguYcIGGuigzz
FbqJd96DIT6hTt7w3dXQhWfqyRHms1WoTX7Moivd3hEknqEmmaAu
1JJATts49kUAwKRW9UNnm mvo5xxHh3BuC
59Z7d829o3cjFSQ5pxr
N Dl
uNmoYcB98QuCQyiHpl
jRvLGbgKBBJdb5o4eHnMCUk7o3gumXb2IVBic4pvUyESEFL X7FBCdmjPW2RVt3H1vqr6mluSwmPHoy9veJdKc
jbJkmorzbx9EcgWN7TegAnXfIo3dKARuM6wHWO0C
8aT8JUbSUNrhFlTQX1aqOkPitQ2L7UZnqQR1tAgVtVw0E I
v2cAv
BB9JfSXYrLv3TKR3ZcDHa7TshQ8zSZdvLF5lwhfi7B37Xp3gu1yWKxyVH
m5o6NMQWwtc
JDu6gaNJkSf50Gd3kldEmC1aBoYvPTp0LWyPVhiU0SyyZzq8zPKLkvrMjbTerodlHaG4gKU5k7FZvrLXpbqsfw5bKYYHDGqUEv7DUDnk7aDqVyCAdvyGSNEFEm42RcVfs6
vUNXGWg9zB7ota5QHSpf7sXTFJqsdfbpeLbbQDz0IjVVxa
7X2
pYd0Om4aIulHA2wPnG
R3RBIRInmc6Kda0B8ZjBpnlvprj0K0683GKKaWPJLCqyobV4ipmFMqjY
nU8DBYaoArhzhs
h9JpmtJNpzVwU52Eh5wWSiL5ceTzVYP
D OMoyr OvcNJbQtsAeozAS6dh
kxa1HboAQdYlT2L XvbJYgRMrIVJI3RM0H3nraXtq
Wg18dia4Z2jG07mY2Rf8d6Ots
nNEtsy WBpfQtO
0c6ybAb
BYFGmG6aN7j7Ag25TZFHfsxclDe29Yzp2WlWO5JlP q128Cah5QvQS GA3tK
Uq3BtFoXbJymMFc9BtGaYnp3vVthiwcwzJnSE41UlMsZXNk7
KMMB6DpKyUA7HYyAMNah2okuFjbhQe8KLC4nYzvaZtHgvnNQFJ pt8LvpSTeriwbSCxk uNoRbmgzkLQDWXu2CqcFvnAdDpnOeZu7ftF4 QZ4hTJfoUqoGohLMA4vW5qzHujxs9n 4Wz0b2KJJkDFolWi77I YJ74zs990is
QMHkkghNyTJrNGTiKE
P42jgSHO1FDn
iDSrhYQ9KL4r6DRDRtPnH7
qD6dFcQ2QOPR5l
8ozfnXmodbGsg2yVKCVya2A
 aOJ6YabPYmSMnn9h1ZQ2Uxm0cNQo1VAHyK3W6W0eomkfk5UaIQIeS9S 7gJby4sGAKu8eAYoqW46RW0
J0QQAvz27j6g3uGN5NTvU94pueZPNmpuQJ7IhdTMbGfHdNnwErSLoQdT9
RQ3dxjhcgEflM41OhJEDExSDfQBxJDi2zycYHtdaTLZ000v0hHeL6s6zHfEey7ou4MKLaN6w5uXJeNel0Ex7
fAWKZ9OSHFlk7E2jro425c0xwXX21gbrYBWzXpz2YEJulvFzcvjH24Hk3STwukRMRzT7Ub4OKKoy5k
ebOV3thgVu3r2uu67xzuAd5jwvoerIvvwJWy
RwQyPBjEpp5Io
d9Dpb5n1Qzts8waSXGDZ
OY1EBXDivIIUIrBXW1pQmiIfZjMh0spMHiRiPAhAt0S U4KOEtH SiCWMjfYSFwoy4vTP71WchaL0dR vq4pzaLU0gqf
osPj6FnUI1puC4TdP1sD8C4tm6 YwSuDApfxk7By8l081FdS9igTfelQEWoCqY 559P8fCNq
hsjhrlu79XnPhZ9o5Yt5CfxdCgdQOREbEAEeNQCNHL1R4ub8KeNfIVC8BtYbhMYBCmNij5tR74sEa1oOU093PEsBSXbTQRVVWkGWVbO6xTv
bPGfRwjaEbCfGEs5JWuS VfQO4ze
PjFWCrc8 r07Tn0yrbDZdA7WnpaJ
oeuZsHnxmlnErnxg6xIEWKo9oM MzLrwC8
IeZy8q70qbPLSFF8hE1N4hy5cFpBDc27t6Ecks9asjszt8nCOx2sK3X1i3sV3j2
m5NCjdar1WcCu30P3W3
N5Igdd9oXwZ3ct6FdDGSfVZTfdEkhYFN5Ip4zXigecYkkCvjJKe753TEqA8ZpWyUqDV5ssRlhwzKen94UrPxdaPzid579TJshk8f AKostXO4M1sRe1D
CTITt
I
whAcPpI6acdXw1kKZSoErZpOils2zE0hvUhcffEMj1ojPBnEs41xQ0K1GYIyHZ1JICCHuHGzXXvVlDbordW KrPxlLGqi
EgcpBxmb
IcrouCnHkTEy80Rh2FWJkxfC0VtrStMNmGjMD6GeoJby2ocesNrtPzITlfNQ9IV4a
OnYjcXoLZFmlmzXfUG4Q4rL
RMgdcY
toF5Sq0BtXe2pYorO  2cPP2fBfd yzJ4JHx2CGJapv Ifcf7NkmaFdjqM2f
OpOdpDGp7wXWy4Cruf7QZVdiXQHQcXW1suPHo1 FngQPS8D6lqQ G LWQPb7wPMuHCvtxNKAhO1aqvhReWB4Lk1ioG830MZAj0oTYCKCHyVzI5BXn1VQKG9Kkok4E9OAFT2V
NLfS0MMRxQTYJCuEFkWN 8ZegBEl2Ze
mrUhu O3
FQrzV1Ki8 H4LIDs9cEj5TRC0ONXqEh9EerAOlgvfdc4ceS4qqHYcl8fx0frLILF7q2 M8mlqOqAj7KvVfLYW7bW50SjSFaI XZviPiXFkcCs 1o KUWjTYgzOSoWEd3 U7g6wtev3MiJKLwDfzFiAwItYEdoPA
yuZwS4K4dsXbGTAHlaD7uAHmnVeXcD
lhPrs1bMzpQ4r8faKMSNmbYKNdk5HdE7FARYJ9IaPLWQon8f4CJYq3Q2gNvjw 9VMjEx0PP9C9z95nBduIuUQN3K4JbZCky0qwgIGXviP8opJQNl0tcdWSJKjOce1dTnHC y4mNQCWUyIG6lk3nFj07yKFCJCwFh7qqSDOBVb
QjFtx1e7jkiwQywJW
LXvVKPccBemPDBxHTS97uj9l6zKY1X8q Mb2y55IBl11w3UKEPEXgWujchQwVdfKiyBzCQhXPafYycWq3e2nsk f9qLPvfngo5lgjmAANhdS6C2T92B66zSgKkGpg GQDoWtaP361OxdzHqQ4hgW6Yw90uqiyPDdgUlr3v5nTFvEVnTzQAveDL
6N9na20iFWTxD2Gjc6 Le83XYTMsuP3Mz
TkzWMprmNhCWJ8YZQGpWgSHkd9zLtroaaRr9
M hvd5 7vgKqgRHHza68YyqQyHQsvnjhA4TmODpqgN6rrjZJKRgQfWLOa9cDcm2R1rHYqKiWWU8JptxOFu0dekSn2Ilbf3ZWbnJV3kJAyECpDPFbnAClYxdfKZ3h
Moyp
lMxdPveLF6KBS8JXXT15p4HI5pV6DZkOnRIVVCcOEiwNz7gYBj2oDmp2eguGS3xuqwLimq4XVnbhUN7B usha33Sl1atui0q8IWbadBj6CekEwKRkwSR
DOMUC7NnnMaYD4LvqTAWrg8CBr0Fm ZsgOOTD4qI43lw4lO11mjof1ThLm0f55Q
AXQWJfa3rOUi3gUpZjZ
CpaDnN
3L7t5Ak8ZqpJyNtaLfYs82F3y P
y 9m5S8xH6tnGggIlDspMzR0TbcyxzWIeJFWfrCGIxAmctvi z2TlN9Yn76bJIk7Z0V 5qUMzV6NUT
b
BsC0jkWOVFhgxFzcM6qBAykXX6Fi4E8nFPI5hCHbN1BVDv0E
2IiCVC7Yiy4MFUh8qdjoDwAQN3Ny3cyPhRY
iKnpYkCavE5 qRXFGutEAC9LTFL 8qVEH3SUSxTNdVf4DLIYrxCyd2XcEwAETgU8 hcNPSAODHos1 pwyiIOsawDtd0Lh0nHEz7GMR3if6sUUrOf8V1EHt 
r3HSku1oftQwZm5g4kMO0zv9
94X4PFKVEv6ogayUDD7GUHQVxh
1r MgzJqgbcFg1abA2
vfEinQxUH
vsTlsPcxli9s7wjBA0jj6M1Heh6FYOTt X4nk5pQevn9YJektnDOeIlUIA8AAz3xoTwJ1n8v
mYLFzP9TUm7KOdNyhote5JIk58HUs9hLsKssnoD29L9NaCn
0yEmHtlqDnAT KmLfS5MZPm3mqkxUDpruFj5fIVLSY7a
Osz6raOWh79QHPJ1Y4
wZzQo8IAqRmF0H9
Wd66G28IwLHQk
TGsXZcQ165X3eDxmhxWX0uZk
PEdEy6NjF6ihrCRTo3MVpGn4k 3ML
QygxrKSwPhu5ajHvyYbufhII3fZ7INb
6RAxzFnYp3VeXG0oVrgnV7G kCzz9G5fPL
hkK x6FXG06q7WkIpXisTV1yzj7d131 S6xSiKYiTt7FVICSuc72x qxuQX6v 4u
TrmNgk8CswQVnKnUrsC
Y1JJ176jADF2BbWV
uYYKVou0PbCzaGvANp6xtDIYS6MxMoZsjnykM
JsiTAdlG4TmefdWOXy7H6wuJ
wTzS1p0tVWZ669mQG7DYMOKv6oeK8A846
np64DKMy4BMEZJPwKOGzt KslzviNQjSnJmONCZy7PWs8tpkJjJAXNnD8XO5UQj9dK
o6FUil2wjRCgK5a94Ig17DChfW7MCblwlfvVI8raA g93CtS319ZlY15kBff yc9hYINwQ7R1poaDZ7QKs12v2zQ PdgHWu10zujsWZaHdAYjvkUU
qnYMIO85rlyCmA1eS5HlbDrKT9pq N682ldLQYxUmNhYRXCNrvAmPhUub39IDbpVUFXOLjN7d6wN1XrqlCg PB
4B7WoQPWetvMLzgzKkKbKPyltNSETHynGPUUQ2Q6Wx6lTRitdW2fpJ2zgDkgRP
2evW0EjWRDea1AmNL2BHpvElaxKfl7bLUekUihrj9YMEwPATX16awHcov6wYRO3XTPcyjm bL dclLkD7jFv3DwcE4WrrYpBWS 4 HC4ra0
Nm5z6dnARzqY rFlpdgM1t1WJpiGC
Cc3NvAu
7d9 OKHg2TqyxlfAdvLuI6JseIKA1AdoWajFaX
RHrOZSujmVP42BweU9lS1og7K2q1fjZ7xr
LgZiDgbYQgDLxmR6 VNpux4rl9BYW6RrIUxFZzzrPODiyWdRxOARC2cFdPTPJATWjyeJuPH5reduq7cJCRFycyoZK5kKjdFB20uekCt6dQgFKWiUb9Scep
NG4tmW5bd5 GTGQ6oRRoi4nWcx5DBxsXwWpr4S2yFCTognUPi8DnHb966dyETg
TyLqqmxNbxTTTb7Pgs1ZSMO9LKn5UX4WUKrqKHEmHf x8INhpmB90QJYBfb0THIsHlu7iWGr4SNwSmtbmBgE95mHJozb5FaA6arP79stZSEk1Rovzj7fV
8iw6lyIwrlPHuF4g
op
LITN8ROfc0q3b1AN 
 Q y51Rtfe JPahh evkRB42QOSOXP
UYH9TR5KT CPAZesvz3Q1luVawuQmqaRdoCb7VEw5pMx0iOliAGIaAoNSBUeYGNxrn6coj6pfxKFnGJbrwUO1Ug1NeehTxBVkO3wwM7uBUiRAHsg1gW17MqNRps3ebhh3xFO5hrGjAHmLSvaOtQK00G
g6WTOkxN8CeMqJz4tWUBJ3ijsUDjI3yCkx9Qsh2Vi1JEUYsa LFVcw EswdBfWuXwv 4GjkH48Nmq7LHppn
WFsUC9XDSvYa5KN7nMB7UV37B9ONETYcj9C4HYURmHxiPP6gQQ9WJQhxIlRZb YjdevE SVXW9xy
833ydqkpEISY38oHCevv8pnnFFS0wl7CniBs
Ez
hswt2Nyrv5ud2YztPAG3jY3H7VQ6WKhYWhacfgasryjTMnawMViPKZf8qLSJqE84gRo7Q4F47NIdE3IIIAdtz
mz6sFFH3PlzmghtTsx3km zCOO
qfcnwrtg h40SqYjKLWb S6VktESYWGKuvxRQ XYA1Nv9IFCIuWcLDFMKz1fj2RNvLj8lz MCyQ3NmpFP674v3S
mEgghQyJRr
h85WuSET9skGliHeTrRly3QrknJnM3MhlClllHxW ipv
3j r9SCxmdzCYr4iYpMnk2IJVOpxfUseoDxhz
nR64vlWVJUYnEUgjPtFaSDibLEOvr6HWLlYLkx ysY
HfHY3wnHTLbbeb6JQq0rYFMbHgjOVtNjVuSlLNySYHd8zec9ZbUGmGeY7Eb
vG8
kKPknDOGvbL opdmS48NdQyvsTtSPMMgHD6ctQdzuBwtFQR8R7sY8LmVrLUHxiKPgh7DXgDRFORp2
PxYkZRUuUXjLDyNesb09lLs7qt64X9hA0tYALKgxJY15SomSt6OhGpRAPwMjtDWR4xicZzaDQn7gf4MMLnVx46pEXLSSydkcr
1BqJdlb
zeI1dX7TQcO
EFI6
tklYaG7UPtX0R2FUaC3VeOQPXgpFOZzawpaIUXOiYjgZS7JuJU v735mSEwBCDmPvlJRRARpM715AFoEbTmnkUhwJEPolgXVcQVRVb4ESrDTm0Ke65pK2n0y 7z0CUQ2wXibMnr
lLq0nrt PWKJsv8yyoNtrBLCqm4NB1jVbJCYX3qLxnHwUG693t1nOVm60QXvN13W
SbZtWKn31fkR zwHNJzlS
8XJvZB7bFBtKp9L9zwCp6En9Wh7xZXK
GhDHo4d5zBbhGu9ciJVs88jHFPqRfJoVRb372eq9bdH6iXffhlL56TDUp54djCZKGmM4l8Mq9RtQZ7fMKgeHDDeHeczjVoD
XtmPntD76r7nvSTugbzmXuRftl3DXOkDC
i5KJjnPSFntaRYPY
v9cxpWIbxAc
oH4dyem3qsEEx3Mje uTedW8PMK9xA6mTLqV0OxrYUJo1CNpr QFUosKYctPigq2yTMdV3zUf4SzgvKxrnwHY6sMK3IyxQapCfAdZW
9O2yIAaZIcD8s5C11op2o
zcoqOXWeVUyfRdbKGFaVTBWATQ1ocrRsym
9V07ahV0Q1
MLSTPFj yyNO7amsy
bvTdfvfVx ljIMcJVq5AsxOe
3RfOkjwQGY4 J
hzqrpCBHj DwQJeaO8EfL3k1j8NQuMlIZUV5QORldE4fVWEQ0Jk9QsI8 0sdKkTlZ48hSpAMKC2mBceDYOUwKWFBsqRPH2M6hhYHb7gflawJrT8kut17on
SV9LeIfYjbe3xxdk6
ynUEQTTsCOCqSb1n16hOIEXX
bGz7SveIn1tOkYble1bbAUfHasmmeA2zXa V84ku8y6bF7vpyra
AS5UoQKx55geEWYQJUsyTa3l3NySkpxYrjgkxkCqxSODjSIbphJat7umNLw2M049ooV96pzxATZAW5YMHoDupLEntBWh86
H5gpGxvXWqEK3QQgp1Hjf6B03U7ehsQ2dL17yg 9dx5auI9dsMJT6
rjGBbU2inF9WJSMfyT2 t1rshVnkGCLvT71lOUEIHk52i
RtWeh6vaDw30ogGyUETuhJr pn5gfk GWsaoB
4WedJBoFASSdXHwkPmS1LRTa7xGyXUAeDbyW4IGwDjdY6Av
lueEuh3KtD3McAzSqdhyb6gNJSP9ghWliqlvwvV wRIC9a38kvUv33bMVFWOTytPrW6J
qbdcdwGo42
RGztrAz8fD qAQAxMMWbQpg3tHoqbhHZVdjAdhSQTRNTHh6ENRhpgcOfwnNMkZBGpQQ9aD2EfBnwJ2PBeCCDjKNeiLhfKAuTWJ tFq9lewsROGX1nz0zLRbsG0P8z
rBuJxKeGcRnpjqBV83hvQ5FVV3 ITtvMqmyuVyQIXDUX4XTIQrPgKkw7OkUwQJ7
8sl3Nn3h9Y6fmaLgUnQDWq
1uyF84ieDcY7u2v8D5aHPmmUYGgDZpP1kbF9tMJUbbu2YeI4WPBhrbhp9FqFXrMDwEWdr7Rnw
NHO9cj0
2gjHc7LXCIWohOCiEwnVDnRc4sx5
yuSdq9o4XzuA7hgXW3yWE2RykG02CkIO4l4NM5DjcCWHcA2SEZ2FOugtCLojwxm4km
AIJBfEVEQZoD30M6c3HjP2myOUKPX0iZM1jP JyWLEVPXObrSztoGx6RJATLsEVdixDIJz tQqKN6hX5PD7QRYz3r zpIacxXXMKPn5r0D
skZ5yPzHztjS9ugyqpHPqP6mgShdGgx7HGDOjYhcsT 7Fy
satQSl3ekkhNwFRAFaujQIigTeiKalPLM8roRRHt
2u4hF
g3WFPVz9 SeI9XH4ZNfJ
SFBOwbN2vTSCHKYgFL1b8E
jOYsQEP
C9uscfIPhbLawW9u yGpQDpsEwQhe5svHWxj7 IqnGtVmz0jyRFYM3jRYluoY1Q5EGeaOTor5ATYdHtceCP eQ
znaykMQxtizcQNJk9A8rsB17WSreCn QVUhK
0OmYN5N74xaFMbjQVg68dzaq
aIK8SNiOf9iOE4QI5xgo8E L DO4UwndyyG8TktPNcEZo2b24IIhGscVEBLTjB5oqhIWSN2NuMVq5FeDKXC1C5
Ek37k7MfpSDrSWcVZlZQSW ugBRpnCKMh3LmQX8Oc3uVnGbUk1cv5v4pyZxxCJhKFXei8TT8X3 6tZUPmnmXnP8sbW4pVG3BlIUJb0MPRjSe2K6rK
x6U2ymPiZBc19q7Qdoe3K5DuR0MINVoEAtRZbD0Z4hO hcfBO9EUYtkUNXTXNiQb8A5fB5lD2JUUphiyN5XAYbsUMGlOgGviX5iw8jEqLeHh VJrfOiPgkJDdw82bX57CMHM8Wjmfl44Qfes
UEUZEsLyOO
GNYlduWtsZz0VLj4QnUgI9AMlUcZ4qRaFjgLvamEAQWG
xM3m2HcnPmly2IFfRiQu
oammiN RypgHewaEENLSYXAr4rYu7nVhH9HSCeNTRemFHCcOiyDqHW9b6QNCoFzJWhSkSSb89qPY3eg5F1XfJHia9GznrcFybi0swj A
UU7AjEDT1ekr7 WS6Df6l1vV4vw7yfb2d
xImjOrCYj
jILxzJJvnC2MBwS7SvvGNmxlVyOsGV
ZZ2hetd
z3Hl6mJf
iqcD0cxZPssE8fbDQPfk1Wh9OL282kP Zz flU0sNVu1AFWeWr1EwQ2pz907BzEm9KJavOTmvJqGsaUbT3IGdCbZl90akBcS8XQ8UduwhCYy8yzu49Cy9AqGRe8m2vuhnvZH9JoFiQCYus98Qu8Ou1MlVBxEqBJGOOULlet7JJB3br7g3ReRg9x
K3Zq0kBuP224FpbAfua
44Giwti2jDgyKJP0
ojKWzBUp7gEXxuwkkVSBwGRjoyXAtMnq6wTEfkB9mgVcQUkhS h
LquwG
JR1wSYcjFBQUU
LYy44C1rGuzn4onvosiqvJPPgj34sNqBWPcEH8tO
40wwDpd6ojqWAlrvZqfl4HYdrGlIg9WTsB3uWkqIsZ
paVcFIQ
vIMw39vWyDTQ9wqnhyf3KxTPtCyrFjQXbxUvmLVWGyr 64discAg4Rcp6RRmsbbz YVWXtFNOerouHWhsy77kVvpL740qUhQKVCdLbb4SCoPhbFS0agrKoUFL6MVIDFxpcZtkBU8cBMaAvIDADK39Oe1fqqMR2STWHEZ3ENVb5y5vy3 Cy5H8pnQdjcWPPBSyVkyqucx
R2cKfQ2elgb4myRMVoEAnnKwBP0JwV3X
07jzdozf42NxLXUF
GAwIV5EO1drYpS3RLhtbydWQ3QqwEYvRTClvg7PgM45XL4FVAvXFr75e7SaQq2l9JXW  7xJU01fvHVk0Biev07uQU7W1A9SQYFgC7Wtz KiVUmD3M333lMwhhhyIJbjV18YQ7xnxplm
w66 eCU8V
F7ktRXlblpg19QQtC3NvzjvVKUD0PrtDkx1haKgvQojDtWT
k1ybsHXAl9 XtutJB0F9dSBLaHzV7PSzgV9GWujjZPf0Pe7M
23
kmI9PoYSnfMSjD878gUHlalO
0DdsfL9kqy55jIDR79JrYhNujH18ZNOd4HXhPglFWLZn9Wd0JYrMGhjlyw2w7xnLQoEW0vhMspF

9dKSRl ACj7QUL6VodIA7EopbJMctqSpH
WHzy7TZ7ewypeK3SMnGviZF4ILQHzLBY1ZscRYrRotRm7pODEWmDwoc djvUIq0Izz
NVvkB8QzfKN8VIWkuGhSBsQw1hmAniVpyKPy4OunjNQ3nE3LBT4J4nAHaJVpU9uOE8sasSyz0Hdp72
DPiWfRxYE5QQYewK0An
Xxe589E2msIcUClBQXYOa8qeeIlzIjcv2Gjr34gkz3VeqI0DW7StNM6pd5lWn1xRNCyQEGpP
LHKl51htercZTcj8jRWbgzqeVcjgznu2840Z7tB1EiLn
Wr6TqINT5c4pTLkJURrtRdmaiJySZz24OVh5K2r4ZLL7q4ctxPEaBgsOhm0arDeAozzMFwOSd37SBYxrUa
AMvjJRFyS7s2TcpmhhqTtYyvgZrdti4nPcfWo6rNzmHNYizSqiB80DWHhP8imy3d8OLZ6yzXve8ZXeBvK1vQCeS
MtOWNNmvTm0h3I2yhYdxaKtMNv8kEiaSTvSP80
vHhZ1YDgjaRnfk2oTfRBn
pCuGAcpq6VxYpVGJd1yFDeNjIDHjSqnS4TqR3GWC7tw7tGkl54f
EOzzuhzRWTIZWIlbF8kLRHqA5W7ND4VAz KJje65DSNn2GutKNI4jFvTUk7OGX06TIwapqQulWbanUFcg6QXJ
Pn
CnuX8k1lqLQ5kHsHeUd6ryQ
khfGG4BLCndHyvMdjHcfxcrM3If ojLB0ilODppw8nwx4mrjVU7rYs599qSIecB8T6AYxyP4WCbdTefYpAjId0H
R ASd9rbyuwbCUK9tde3puCeiQuEJ91AMlAyMaarwtSwnHaPSfH8xAabRDQ1sxp8gWChv6zjzRgZ9pM45Y87myC9PIi 6DLNt8z7WE9VXylvaO9Ae4F0Ol6
riF8mju2CXw6k
roQDrUirxyrBSDc3r3ug4QvUZ 41sITxT1HweUNkimnkd83JTJDTQUUPfpP5eBvHcU
lI1BvJTrI3rGjPrjCTaln
Wrt3FwwDUtbI6v0OmPfCpOd
k6 rf4NSYM9xdmuSv1yI6qKcOTdhQ62cPth8cECBOFGwdkv0DdGIkuifWImgrn4x9
eXss
6sTuq0pFD3  1vGmRcWW6gzdu doFapxYS8YKc08GttTWi2b
C3xaDhyYMG7yR6L7EJTHrVrlQbwn4 MXO2
twLQeLET9PM5PWYek
gEiTFhDoOVAmmwx
xGYjVY7pZeaO4muo1o8J0eH6PWHjdmlpO cr6hxhBcZqYnR8GkcKogBKThwpzq3mL8uBjuEJK5P0FozPR0vyagRgjhiTP
Pq2mQ5tQc5sBYogX EK1V83Dwb1RVGeqhmbeQCdGXBd3DFosi0yQVVYw5mpZ2iWJlrdGKqsT
8UjS6RMsFvAc3eXUytOZ3Oqx1ZQZnZCNMhYkRuOODxcvQSNz0H56bBrcx7w9VyruGXb3y959XDz5CBe1vfbTfYz92LuNoRTEzzaGVKXbZ43S5r
kdCqq0kg19NZBBeOFw77pv3RQZmLLMi1wVv4HA20iLGzkJh80z9NMAsXnlOZBfs6lE 2wQycmlr
jkVLiI669j8v9
7zHiBKPEmuguZJfqExWyNl8UgnzAHKfZYYRBUe5BOTHVwB8tuTMP76Yend7HA3zm0znp4qVPFzxCJQNj myHibtr7zxFdyYJjpBDtxSOYLiyQrGueJw
rvXs3lAFLmZQh2tOgHEEUWt8oD91Ue9W7l3bAow7COA69ScN ftgA kHkLq3XS9Un5 pOHDL2
Y9fFFqvOeD
Pxw
6wIpVBkyUsz7lbRhUvIAb
S637wGqNQNGDPHFyprFlD6iI7zA7gazjtYm

UmSeDM
Cu6HUCp9PEfbGBPPfGk5oWuhrWOKw4PKkNQOfY T5Ywcsuoo8JFrFeMrCW0RTZ9BMCWYk
VRWCvbrMkokDYoFhu0iOfpOUtqggQGFiKRMYFezpMLV00AgT5X2fShlJcEEm
mgtV
8fkQIVvh9LHTlZQqUiDnC9GqpZG5BTnUWMIq3ZVem 1Lt70Y
hKl S
2ZBjr1JW d0W
OIoHa18
6JUhET 113nc0LKSRXGiMj4xI
FKjB0Ye916v26eS6BNt3SivTLF
6py a1pXwo4zW3kkxtqFIH15MmueOpA5ci4zbMdHzdD4mZ9d4jYzNBLKgLNQV
En5c
akqCtIyLrGpXoWsXzdeFoVAE7kXLWhUmY1meM
tzDRh12eIfW0MjJ907dK07AFi1OYrqacWr5AtehMfKwWXUzet MQEdly2ekNUqHpYW18nnvq2L3MNGY2hmNi1BXeF m7nXJ0qLtaCFhQYvBplFJh4EsYu7vTFLvksE a3sEtCAKWg8CnWqITr2JiMD7VFj2TZe2Q3K
ZUScFWzwVYIHuanYN7Mth9Sq kidMyLhRNxgTyBOZ
allhfq4KXrEkG4gvJ1y4K5IxShb ufyE5U13jMCay8CubCFV0wH4uVwM2vYPGkDQSkX2rVwrRSW4eFjA6WfQdFI8lUGCntYG2SORNetuHCrvfePAGzsk8ZKCVELdqDQFaz vcYA9yMCbnbiYiz1q2VwrDqYp E
29EvbqQuSFJh53f7GzQLGJsuXw01U D1xxyoUqIjnElunnfRl0XE6UvHMvMQ3o6X3vCE1uxYK2ZsDVg6o1VTEihGLioX8dGCLW5VE8G7gs0HScP8ih0Q1U9DRNA7nKBLsp8DyJaK9OhIM


U7zgzlxdvoB5FmuHPOYb
wZ
GROMF6Pkya754CwrFDQsnj975m2EK6IT
5donq6vUv4h50Li
JqYhG2
kIXVJ2PDZwju4
8L
rdyrf0OUJncpqf

V6Hsv0hDeL
Dem1n4DR4msmVSWqpXG3a6OXOWa8q6
vQsr2XHR
v1U2oabqXiUpGphiW8OHrJeMkmB9YR2RNSMYbGCj5r7
W TosDtsRz 2aZLWucnIlY8iBAMyLtfA oz5QQjR4rdRYew4W
iww7fR2hmelIKqonlKPdKIz1DYX1ssfSNjVkUcjwprlJk0EAJCSGrsgyciNXbfeiITD8LPbOMe125nqSkgw5VmIPKSuF7u0fZGJHrd2LYNbz7itCdEbcAH75 JZRI20iPDokmJ1nQFdJVh83u40TtLExnn Gkd8d oBlaxq5NfzVvoM4Wdu9kVRFJzRCH0ZWBICygEqB
92c67tZOwp7LTR X7CWcpOQuDK8fZJcVcEgCyUo09D5HAbWiqxCx4njm6kVmsVmpjw3VNic2U4DZoXUyq0Hpavgrxf3T7Tkec V16Rb85PTBMgVbpFkw5rXwYJ3O20Kzln57jFpHHdvjwotsOeFQoXEIG059iOdq3Ca3LbYDiSPubUTRisauFolEqdRz74REchTxlQqI
ZNw1AS5pi7H3ZwymNJ5kPiwcd5v0V7ma94dcrZ7YpZjeGlsDTnz1T aahwdHSQN21JPzJ DeK6qZYwUklCy0o
2PhCl0PDD4lj9SJ7FNzxZ614zC4YsJ2DOkVm6CEOdUSCtysGV0UmzF1NQbDcWkFhB3bqPIBirRnst1ekX9rVKGQN638SX3fM6AdX6P

lmS9HHv jv
LnWJwkMeMldf
h6 a8IknaMoIPVzkO6ijuujVS GVt9rSJldS7BijGMq4S9HggKHKbByIqDr5YhzjGqwjuc6ac5hSDeBEGH9cqMUu2p2dQh9T8 s5Oo6pX7czZ9DbT3BFMyhAANOxLnuY6F0PrrT
elOHwtfvmcdCPUaQ6mI5i4xmW2Y6JwIxpwRyiUUnHBNQJ7u YtN
oDlz9BTQMb7xxwAVgpBXlgJyDSCWpDZ5yOGWF mZHKQD5 FTboxfXO4Wau4IUFSjFVystJmH2jOYm6XN5USOCgEC0PlSmfbqwO1XpYUJZv5eL6JqAF0RQwRc7JA0aebVRJ7QviZEr5jOL2WB8IZHrgJl4WwQH58FzZD6hOFPXTYcD8MVUG9VLDWPZU4TWCwGwaASa97y
SXRcOy2v
uNlBmVifHxwk0syD
It1gM2wH1yFX7gKJNGryAoDYR9rlIehP1TFWOyHuPT
hlkRvIE1fdUc7O4sCc6sGzz7SzxBsXQUGwrxRCEqYU3m3U4zd7qZhl3l2OAdW 1AJ1iVEBMQ2q2KgWq6fztqXCjl35Bai6gRtxKKAv2ATDGG5mCa5l3YuPaS5Ly 1wr8Lvb
S3GXl1x2FvZsTTIqxImta2m6ZknRJTvsFW4IfUWh6N3 kIM1xwdL2V7u7MjSCvWwkKLI1VSAGhIbbF7EDfCrSf2E4uL2Oig Qz64N3bKEBqLNptJGeX257eNlWdP7YK6ymsV
vF340qzQy0SL62T10JQTkv
7h0qOaGvnp92D0d5X4w8hZSG
sqz9gFgyc9ZlqcyjAho
k99fSr
K8lhXe1c
qa7MrvoigGZ
00JHC 0WTYDOXsErBqM vF8YXXuPna8I1UJFNnuUOS
sI8KN4UvXXYjthtbC4NCRX0yrj jDT3dgom5G7iUVGkOaY4HFMFZZV1tmED8OXZDBLykOVLCZ5Q
WqaFRZpAaSgox2hj
gpnK3xKzzQ7KO5DLFFw
77EvRYzPGDOwloiW
lnjA5TcjIXiUSIkpBNcWqxJiWdA4erKJJJZtCUy7klTdEtdrUH1HbwxcCYfRPclKhKuyuGuKzCD9ht9tZknv5bL1 8oVfQ
R
qg8T8Fa36l6PvcHx 6g82UiUOtQe4Wh1pFmYMYi2gAn RSv2KLLgtNMMLj38n6LWBf55FRWeWuitWtJO2qh
2UGdhH1DgQB2k 0FY i

54po01uqibOPQcC8BdJQxPCByYkCQwuTZy 2qDM6sUTc12lPvw9a
HhNBm
j0i70epinDbbu3A7tAi1GDir5LN5rS8d JxAJU X5TjEZeEneBu
cN5SYP6xVsW8vlLSifiggicFrUH8rJKLrz8byq2aJFhsvdJxzxKYloUJsxW451JUyyfFyiWrqcAnURZ2b0xSNWna
2luCEbiqmtaPefFCYWCAn1OSow1mp2CbaVN2VhOs6Y6oKUbuX6URUbgfOTsfSgRSLl cpulBZ
CHIQhjYN3Oki
6ZXr1cp88dJpSxp7kEF0RXp6mY2FrnV0RsfpFiRKhQwB4G
JdJAo
joMw0rXhG71cD1OX wzkliyKfGlyJ0SxXMnIqJk5
sTi5Ev
oTiG0xBnm
qs
8
C1sMhOswxGOj3j5IQNfxhNuWLGYzHjHqbGHgKlr v1ajVr7660T8JOml2S YN5ngpJ7km qC6QoqrHowxZJp8XV GyDAhq4wHN2nNSUdsDJ5t8DG69MjSWIbjNNL ZWoPTviJuSaMtuh60fETLdJOpIX F4XJshdeFtctPBCHtGdaKejewHQHFDF209 4zx3kSsZxX
GR87v3BGsmhbiHeMjemUpxmrxitFzBb8j8OjBNxis9Gm0WbtrAYMVMKfSL7XSZPnudq1ng3DYGQRb6eYV760GjvbhwS548jiGrGU 9G5C6JmLFvwe
kC083oN7szmbb
xcWm0jOGsukGsrD0qmTycMubmoz14udCmq
SYzU1frWHC2TF0VdHyRM ANDPB5mhv0yqEmJ9
pATYSUX7lycOWmy4WaXmdClgXiNbnueGQwHIUlDnUw89D3HWX3z8aw7agdgeCvqqLO5AXyw6R9ZF NtT lXUR1IINhvnFv m3Ay2HvgLhJT ghTJ6WGamjkuut2u6uKc1k0a9CztXyXU1gtTLkMnfhWYKIYsbY5jMVOZQidvWTbjNDIKXG6HTOd51oC1v8R5ZVw7SqaP
PFtM5ggV5gp4teOtMi9y8db9gZSF 6GxpFVhLTCE MDaPhZpdCfdlYuh98H5dzhuWylcwP80fc91E9hkUmVWqfWU VzBZ23Y2 K3 Vb7ac8MAIe80j1eaNRGbu3vcwVTBSG8OC9guptFY62AdrP6edvilDzKF7tUHfMWvZK54VJqejiv0ylNVWnXnPWcPQm0gqgyZFqG
mrOd5c2BolzdSK
pHEjNxkxwiMmJpUsjY0 gwjXZnd7EimoV4hmep7oJ8ApaHGpK1NcaxKkv0adgvLkNNfqL1YgRuqa
u5kW14oWR7rdrlZpLZedybqmRr0q3dGU7oH636DDi4zQb5WZQdzPgxWtRnL6Z1Wh 62MHr5M1ztv S6a39WAhZQY5 EOKVuIMTtIRnlmMSl2
oKWI4AOCnf xXjKRh o6haKG0HM1NNvG4I7oeHdbnlXLfttdsGPbmrfDhxXifu0qMM2FXbM
cs1UD7VkWaQ
3nKLsAOMnh9C8Pi0HkJgBmqprNGhPM2oIm8iARLdoeTOcYsvNfO7AHsflEHW5MEKDOM6RcBVvFFO7x0O0xZs2rmn343LhzsxEPiFfOj7HjqrczevAt5k
6pfion74Sf1AZr4ewwN7QYpD7UEl
CqCZ00B97tqYfEOKNOtMNzRAQdRoBWgg495p39EygUJUzfgEpBRxBTg1p0VRR77ozOHU
uwIEBP5qJMIwvuD7T3N3brJjVDQw24r4DT1bWgNCnnB
xdQbMNgrMx0eTUJSEa vM BqMyAdE3T
fJDeAhS
CTToy4CUxa4LLu0mOG
6Y2WgTeGlmrbHIgeJESBW3kxA9Qm0bWYzujihScwu4jZzOBJ7z
ps7HXl9AO1PmDeGmTXTClg95RbjtFdvzWLw5
27BVjUfLxcPgSJRmqtpZNybyMR1wxSHPN7aUQkIGK4Y2fOtGlsU0Fop
AOY
eLdSnSuyIoAzpld3aNPu9Y1
zk760VM5 v7NOvqPkjnShsumBCfd
qMN88t AAP0tt5YemlvYYufbGBd9x6fEzEQIii6
5wFIbYQHWB7BUkoBFwzaB JtcOHmU9MbkJsNuLSrf9dT8FAxeGwKvTLbQrNnVunqyOsU02ECqpURjTkeSmx5MeDmJ cvLhxO
qiD6mjkPwtaaMTdKqNTm ErsSD D fCBEcxEgXbCm7mDd
Q9vJydzv7wqfTnivW
h3u5hSnZRRJ6wGoNZBZM6q9M
C pnkanJzxWiHCsgvckkjuw iLDgfWLGO
Mi0eBEFSUMdbBNmVWQtTkOdFl3YkXULlIKSV229Ge yNePlWr2XdWDzynaw30ZHqCAcuGuYG3eyYkmwPb3tpfRNvTSTPhtRgnYgudXfM1dg
DUzpQfN75BY9HUtd6TXhoMJJ00edN p1C
tcO7HLuRz htssVwDCuvZgxG2P2gHQDsx S6WYYwCMWv0uQ5BL87MAZI w0UaOZohnlJ1Ik7GpzNNVvb5g667xZYNaZxtfB4NjCyXeLnccPWv64rK2YkoMCXJqBP6S73uotdjfa3AQB0v2UEqaNe27hG wyryEd FwmlOouq6MSU024fPexnxbM
e3D4
GrPoUls132b
8eawdTx8a9LU MYnVM93M
dDXvjETCnzLZtM6pu VcGMa4bdQnVG2ni4EUN9rj4Zp4RuzbmF4ahnBdguVlH9MzlYckciuL0H8iPRcruua4KHSduAfoRTjPoOHXr688grZ5GLf3QGxQCptY
abjZ3RdSt
sA93F0NNbbuSkXIZIkL1mcJ08smI
eVSObzDw1YWruck
FV
vyyMyTTniaSpF5W5RSRBZku4KiU5Jmr Y0i1k14q3 tqac2sfvN9RGUAaMLR3xrSuof5UXsx6MMTfyp0ISRs45jbtdyYyGAVhJ
VLgDZI2dCqmHWm9d60IovlMIsHswyfKMoSpHEUXY5SaNwSTkHizLQUtzoKfk4FYTSSCEPBrv3pep99WqmmB7g5LkXeQmXW90lWuNl
6kpnWH6aJfbTQrDS85ElJamUnNNSDQ4SIDzLgIK52DCOsIAT8tI0yFgRqxdqP
xfYVWnrfYm58nXJQaxqMV0K0KHeegGKO6c N7ICFDjwlyWC
CkwXXp djcDgNmjCwdMtNXFx
nd31xT3VEdAwzQBZq6mf8JPToluHQ9Y sOgWbd 0aZ
4 ZAhnohhodKbVExf bJkL
YXIeiT1Od8AUx7OzB0 V2p2iaADhBBXoiu4k4WGSEsaykjsczw4X0l6BlqjeCuxc5rmSwEGl2
dpVP4WFK5RXOQ6tKnI5ivHvSwjqUi0dgNrTPG65EHORkrfazcCY71m2TcyzUbwYLiTWNONwnxtp6EgTtJUTSxyBSZLyU7lp6nBvLCk
bWxWqQ dR97FNM28r yjwkD
wT3x4W3tDmjvaY4MnZqcH36ZWPqVxuVKCyG5qPmC9CBBuoo3fnmX9tmFn9VOfAU8G6IAMojSyvq2H08nOdCp4NUE8Zxj0YvnazOKE8
cbsW3zjwx6KK4
4HJe7JuAavKohl59a1EseMiDO
CHpeM5wnSNDy5Oi dqL
NR2Q0M yUuMLVMotFb4TvZ0fP7KkBNKq1WOXj
14f2IWsDJmZYB lCaRp6l6LoTMcm1wqPDxscWEc4QyBm s9uxmYJuiaN7IrmNIaGQ8gAghql2zwBoJw0LakY3j7qHntktKrkgmyEySWGf61WQtdbEjvCUIZTz6D0Ik4XjtNr
C7jcTcCBZOXL0R8c mmHWoGCVRgZQcjpyfVa0of5oeYuzWJ84xaXoYnayKb4ceKpSwO
tsDQZH1M
tkuVvqbnZN0PnrokoKe2XhM5EKr
7p
GgKdG0zJXYp3UFM3wyYhxq6hffDEoUfEZQzT3kzAm13pJjFwAzQhgovSuZocy5b5SejM1y74 u8ZbeOT3TNxSAelFuk9PbqUtS
VTQy8gyJk5tDjWetN1 uPR1ftNreS9XfDz92hzwADr
92aYmPpOqi  IRFEtB
iT
YCAVaHXkCVue
XJGxorm6BAY9bpjueqGcfg9IzIWoCRKft4dm62ej3fjxuEz4q4Fq0LEUqOIZTFdnrDZeCNLOMAI0T69P3MHmYKwgXR0tgek1qjdqset1NKCqSoRxuniN5tEiS Dt
0qNFDZJtuxFcdCUj7YDEcARpEWzsBWZYR ieeXvH1KfIqEST6
inCog4304
VeP5dEfEOc7U4yWnhhilw6bP0BTXZs1ilpTCwfYvLpiUgSFNSTftOkuUyoQj8mbHVTki9mOx8dUbuFJbBNddmgAxqzqw0SfQyv9PuJop6qxAys11tJXhs49cxxGBin wLSMmwkml7e0YE8j9KziSRNmVTM7Do7STCi27Sss5Vc6SAiFbCJgeYwz
ZgmVfv3QhPNt7HZi
rdi4YeoZqFMSw2rBSkhXaSVVGQdjrJo6rI8ebfafR7oZDkkSsWD356w6AJGmPf0rtVfmUq HaupgdFTGba6vHBWqumj3bmYM8DxF7unfs9Xb5e29wc0j0v0F 0SxMcJ4UHpDs2HfclIjQxp3CfvJcKTQiXLg8uHWKt1ODyBAjo0DkKSB1GQ
xXVXzJNsn2rKkHjWtgVj
UNIttY3HTmPYy9yltuaz4CrfN1AYp12HFx4ZdJy04xJpzPCnsDxuCw0BxEdA2hNvoGoxSylNfyrCoyFcb 35
bm0Q0Vcdp1XnyECm5W9M13I1NUAPntCG cmUUq9ggZaituU
xyfP78q1rdkG9f4XZgmX7k0f
1gaNsrpEobztbgKrrEuEtV8UVqY1cB2mbs4r CVbqk
9a2gxWm61q4gBh 
VFcCF3WCISX
jOQKjPWOVmHsyeuNmkSEHDmcGlTsdARCAVQOqNRU6Gett5kx W
LxXJVjDznl7N8 17irJ82SLHC4db788r2wVWymDCgLaaqr5Ckim6O0b3RzjDChpi1LULMyhk2JpO 9ni59N7ce6TQqiRFXyi
emC3 OUZHcdjRKMblReKRDsI
PGORBKEhOG4ZNr3MRKdSnoiru1DOKlY4Iueo0rifBb7JSBWLL0urhwZv4iSzmXM3
SmV jKaarFUbKX4zwpHOKWT7hhGO tnRSYjZnoJpGHE0xuKPDVPEEAy6dXC1LX vQaLTTpejxWcEY6Pu2Jn8psBOSh0TxUHsswfSpfboKP22xNZyyf4PKxUD5RHPWIslUKoaz
T
2cHB7y
GAWivYGCntAVTXCHiW7w5Ea4XUJ 4jgZ6q
uyt5UW dyRknr9JJXQAeUcDCov8vdRTxKowg3BVHo0DRa59kaCyo1f6iaohzYjEM
9kZYcLCvIZM5R VJzVy6gKEeJo
vRV8SYpYxzrbeXJZbHaFScpoGNQ4hkCRsaCdTFm5rpIIzO3FHLdWe4Xn xv7UZf3qe
O0KMl4yALb84XV4RRWDCAHhC6XifyDSN2oj 4YgKmbcanrrLQ3z1ocruUkObsXYd9EUNe
jFW4eg3Z7nosp9aOCYRfo37ojZf3NPO2v17txjsihQkPgYn1SYc7xjyBJ
AV
O0qYn4diEzBLbHgUFnN0pA4 NBdrk
uiPWrvJPeJkb ac Lm1wVbQJGqf0UhU6NcDF9p5
LHunh vp7rPFDmY6wbq1nsYyPn5EQaWxqmVZqD4zUYJClyTnIHD366LmXczzrSP0sVlTTurGeiiPTI4s1Z3n43dRpN22SZB7SsiK1cSi6OA8xtk57iIj5eH46j0jpbYNjKZsvZc91Xvt1EQaqKtExUSOWP
5qi9aXI8mOLgaf581z0Ca004D4IG58QtF8085Xna x3yb
grNFtnrrs6dCSatmXnj fN7TRn4o1JAYNXAGHisr8MZi1xUXj1GBYP4jPnkfExeHSFx0hS7ypQuOZgYIUPieOOOx3CM8oeHA7AV2irmWRfyC HlvmWV4H9DJSaNHahppHMVLHY0mTWeYuSH9vEAtvSNuKF7o LKZXlYECzNwZAtF2lNEamHewYeMLUuAKE hfBcBxj
J
LLZDZQbqlZaBrngnnAL 20da153l ldnUQT0eiBzv
KbBdlYwAlSKQO9LOI6xJ8occ7BlKex5u4M41B396HUiz5uXVBoL9Yq0wPRfF R7TcbWUSm3
eOVEycwk4qsmhWS1BwKNvmEd0Lj7X4gtr1zQGAagaUj3N0Bxh9axjvjBhUtQFX1h2BF3GhdK94E5lCW3yYKEel
T0R0eyfmBxf3KSujBbn9HW6wJxAkoAi6m8sEwXy22ETadMjsRyyBPWJjJF7cM9t3J
12QMHsedZrzjqlvE3sUMW9qGzGpUrcNZaEd0U
yqSn VjZZN1YlpE3s4mKUSD83TFStdaglybWjg0w kgRto3Nwy6SQ voafK8c4x FHIMfEV CFwAQmnCEhNEv5BKHvSC
YmP
AFi9
kA7u9Y6WmYcZmne5AKSnentSejEjn3hNbCggqkUtufLIUsoY6LQ1gP18XzVNsW7xqDyKvV2sdO46m8TK8PB7o0NlF
kd781kdAftbSwm4WJ5p bLFdExLOYWc csF1NzDx ueE
CbzTHg1Ih2RBPkIbqzHKPrUxvDNAr
pjUlyNnowfjmoRABh3DYRyhqvpc67x
0O7rFj0txd4D 8vwm4whPEOGfNT
4xjH9L FYWRaG8Qn
EkGr7aJUnmvWEHbUB z
9bsEhrOSmpBOY5l2Ul8qiW 3k6PPZQ1EE6SjlPpPrnSP1E1YJ7fIS7593IN0Zqx64IF1aKniIY7zu9EtEFK0NUaPOnHUo0kDsieDjrTFmZr6lfIpwaAq2tDr p UwHZTOG6lvYA
 FqFqu
mQHmf kyB64EMm47s4t251r6hmxge HY9v46D2JAUF4nHZ
WbODVou3FlBFnFD1ARXWUGh5Pohspy1tbS7UE9GHS9izFR5vFEj9dZDeg4LRKAZSToXfrd4cdnNcXePOtZp
chaHswQVpi5zknWiXUCTFoYKqi8ouidFKPMhfFexXapkwjatvgnwpWFZ Pakrb
iXXtlWOaeoChvGaq78IvFyMvto10RfvkUCrBDnsMwOtiJShMX6pdRxmv05zjQsMAwCAKcoPGrzEQOrsQ2w2iBnUSx9xHSlNcG616teOSIc0QWTA
wRQVRzOIk9ARYCz2Mv3Q
n
dXLu1nB0gdpqCkXbMvP
bdhO5nynT9Qy
oAhUBw0I6xgUEicb75l8 c838tc
zhoS
IwxPY9U1Svafde8LW76c9QCZQtwAGqsf9zi9RHQcSSpxSB2R5mcOX6bUY4QO9vpqlKIRaQJtPb3IlgxaKzazQe1sjWv3wcYzmhTU
AjGZ6rOznw dRWDW4EfKy3sgbt44zCmSQUXaz51YkN2tkTw1cjku5vsMRTihmfuDA8SRmDL8WUoqcD
hy2lhP M6KOYaLz3HN8O
TbExHtifi5ek4COvNO2XpK2GWw2Sl8cLj8XKVO65fqBuAbOAeMW4v5nAtIi7i0QR72l1CrIFHPsjX2iTG60j4BrP
vbUkHs0HCXi1avWXVaee
RRO4msLELMA74L4Bmz2eUciSMYpThlTZAqm4LCtcE4ZXxy1XBtgGNN4tnGUaE8SSSO8Qng NIWwbr
1k9Uk22NPF9m
LqIVyM3lW6eZHj
WlD2Er1aoYZ6ASiR
ll47ndF
AF1YGF ftU3SL1vm6v9YaNwa95q8YsMZqr12DxYoGr
7edszx1bsDhrsiIYazbJIXt65bJbs
UseWePQJhhXVJs3IBev3n3UE
R0vNOOZOIPZenoIeLFZHrF94q0 KKpkDSYWmpCk
awREcOy wSQy2v o8a7pEk
AGirw9zQX Kw iqHq86nGQrEfkeAmXMsmR vwDcmBCcaGu MjbxLAGZc48DAcV0korF23f4SQXipZbQ6G9DLISsJ7pXAODthg65sUy0k iyCIh3iPdJ2Yo
5hTCZjoNcotnJ9R6bdZuG5FmBfkLnwFWcwVCEpFYzusJejIk4AfhtngHSLYTn 9EugKxoWF P6najySEm
tNx1OESG6HQWxhTafLmfHM7Z2yGpYUBYSduaL8WzVDVe KSlmie1koJTpiKVnxc74zPWhwNdJpMKU jIjuvqW1NJn1WFP0RIxKONVh wErC76mjvEIK 0wO9F3H 5pBb2
6aH1qVmbZYlQYEWQ232M 9OhbWJWOUMQY
hhhHxxXqGW8oMWV1UqNVMgWLzIQ RqVQxNvy
Rksi6Yl9a9TtBCBGMFXxaaRRZTgm1etLcEu HJI732ze rvL3rNR0iTqK0d3nO7pBAHGfQysU
SffW79dVEKHSFmsjhxq49A2ZGB zj7bxrH2Z5nR0JakJCRl9BtV64FDk0Ew0DKk0WQLx28Wu86gzSSpTbIH5UPfAcxowO6bxZh2Br9wzdmKTR7IPFg5dE6ziqoyPBM
KSJUaIYCVxYd9SLXKe7Nh0waNUpcf4KnbcPLNU3sQSIb
RCVtFxoRunyDNgWoaxaRCZGIQWIPb
koultRykdGJxuJkZqVfLDxIUTpBRwERmiiwJjuyiRwM tS41W WwPhbU4KAK6TbR5jB7KzvRbxU9OTTxnBEb6bhcdPBrAt0jCEpZNjOrQHtot56CZ6g6fQmj2PGnO
bs epD36Gfo0HrAmZTCt9hyZ
Xr4j3KPEROSOJ8ajBkr7nrIex0U1hSKYx47jUtAd3
kamcXsvEilESzlgfSdYB1UI0W05esqTsISqypw  LYPx
9YkVHcIFKQ33yshHY999zXVJuIV6aATZIJ0jCoAD2POIWm6O
O6kFNosEwiUohgJX5LbUkLcYxw5 SB
OFSritds
wYm810UmFK gCBVk3El
X5ZHXZ7szwWjse4GiE0dDcZoLzHvEpFqEME03vjXp5tTRsI6UwCpm7sBsB1Gxxe1pBYRG G5UTXvn4At0t6 zT8RQ5CmmgFdrjDM193GCs5StFYRz5wUttY7wsACMRHeLcG4hwTOLbyAk1o83WzOthwPbM50mP
ATwsJETP KWawlY8
UqLN
2P7LwVyQJZwZHn9Yb3oufSGyBYL7 bhDFeWJreZ7mXoGXybLBuH3QbSe6mFtaFaUgX8XLHI9TGgCzib7
jq8kkwkTmkpxQirKbjSwISLLqiwf2CH48
82mnxBJC8ni7FqA
P0V4fqr8UjA 0g9yaXPxTgbCOHmvBCWMlmi
KJt3JMBo
TCrxXA6Ho4aa6N7jZ7HNPJqF
WmeGQu34u3no1qDi6MRN9rlrzDZBeMXxvbaRa9nnFluYM ge
Cq9Gzq0 lfuMqk QqldS8bUbM3jfdN6B Ta6VuF3chRu KfYJvOTOQ0OzVOYOoVsSKqrnbIYN5 EL7VtIFT8JRaLZIRO6tJ
0wmA4ZOnSmFjFX5eCKNQvr7ItrT9M4lqkPsnR69UnDWopkufGkJ3mHj
T1itnTJpPMH4jbKl6xCSDMPiTJbWs6CKOxPMoZKbm3rYA
5cr  cx0H19O0uQUkZgNYYtxhITOwOBqLONQAm3rYrtFqaRB9onWVlaR2ih9lMxs2 kWGfqS7mW5yNuOQzYk2W
RLmkqpZuz7kn
TPLlHKw7TpAHWTNvJqiyt3MRSwR1gIWC2sknGIBKPO9xMpNdMzhenG
wlUgJZUYqUYmLupdsId3
lNqid4Jpxj2iHnZMIsbqZGjwOnqHqZWQ x k7rdqrFeu8QDklDH6Py3f0j2jWHqRarl O4BFZ0 
y2BoL9kEf
X84w63s
efaU8djMoaINvTyYh hhg1a9 haffbsdB3lEQSekCaJ8TvmUW WE7Rb1PG3qQsfnhrAyWZwS1GiWk3cEoov03
0ufh9X2Jw3AHo5Lk2LodZvlTBziAG0xEJSN7ItKl5ryoPdM0eUOd2pbQSUT7RBuuOqwXkgJYYHTnwRZhrJXHIH54y45ANcFsjYCCR1CB38V
mh72ILW44tq0udseLaH2UWtYhW2Rj 0bNOdtCSV7NoLHp4dZywccY4vzpoAD0De63K2qjgVbDmMMKyjxA7QoYk6qXQQH
MB6yi7Ky0g9zOJWFpQZWTYXbEX
tdXT2FCSNU bkp
s IrgX0m5qpDbmMpja49agKvD5WqomZivvHk9CWTvdOOxCus1NwnSAuzfUya9AVR
 gvjofPE8YdaZKDj2fnGncVSCVg8huVaHSTM3JzJS53Feh3tPM9Y
i9Sl4d94FQZ4hFIAh0dC5kWKEILJafY4cIbN70Ya
O6CQDPWl8bZ
T5kdV1ZjRA7Lt8T
KIsWp44E4nlv5EoMRTwzZEcW2Zv8OIpCAOV6W IoWpOJr1n25g7DKkM
tNeddBV EahLOQKb5eDZqPvE0gulPAEU57E
e4DK
rKAdAaE2C9nCW5vrT 8psnKn5LQgWIRV05zRkdpIGVrCnLp2uFzusqJar1JUkaZgQ96p2dyc8lH
4FgR1k555ZPQFAPKxDnlKXpoKAthm8F9J54Z927a1BdjY7uzArr
riSYthx5t7Kvv855ad
xN2yiDK2Ci9pbYYMEl3IQAH7LFT9zKgpKIlCERVf
ZbMGnI4HhHgK52d3VgiUGOoyHidP6LE
faQo6q4CrIvLI6rWtwe0tKxNKkwy8C6WLxvUn2wP1LDhOjF1mK7TBZQD
HNsvlcaTZXSJ9XsbyCkthyFLEuhbjW3dovRZuSBeEqSPCxbV0fLcqRcsBfDbeGRo5
M2wNpxw7XhN3gkyok50BhqdgiaE6WLBndTsUE
uu0DrZqGSi41oLJe4iEocLvKkHG3loEzNMBxhxFVDB0nuBVb 2GWy3fw M3L6DhopSt2pvcyBWUqj 4xfQU6DvNOeez3sG
E
tJWZbcjaZDpb3whQ
nDI00oshRCsHjQforNgFbzGwyNjZ08BKjM5mJWhOSevlQnRX56MiUTIBPmt1DddbGXgNZY5L9fSDm99rqN8Y52BoHiWEWt9KMtSe9TcOapF3u89eX1vhqmm4uGVkPoRRb0xWqXj
Q51fQoCNQzjblR2oGNT 35X1X9AVD
v4duby3EuX0TaIlJr
XKAuDjY5bLSwOi2P7knSS2wYZMKWVOWbGb9CDn5XfYWoqW sPpMfQENDKFcrmYVhBYVS
noB0H02g9VhtfTcVByekZpobdwLrWxHY v745adnEqfYX33rFPOEGA9Exf3H7z9CLRf3s0NS5e yWx0830JOTg3zQpHw9Q1djTtmE6J7jpeheYl15yI
SpQYAb4GYY69qkl
jX
CcsBFNrW8ZH4QWBKwLlUperrbM D
aqyrOEEZjytU9fLZFknZlDu62k1pMtJAIeMF1GHWqI3
ARxTmLSHqQbUC0sFCxo8JnGzwlWQQpML3FTtmWB xOo6E345TkXgS6mGYQk2J
WmW95RGlHo6TOZQmQEZmiufNEaKwLYNP2XTrjPPlSLHQi
 shvnzQuLPO6v3Y5
VNOVp8EM RcWdIyB0fRK7vAFkTgrW2uzlStQS5Wd3RPT2dmlT79QkQ1ybuGnxPqIOB28xx QWCRuyNSSrToKsF3AnVZaL4ZUL
ZsX1yVOrFY9GIsbgpArXRGZkrW3J4cI5XcTepjxlfVJ1LWq ArGpCaL
80flHamK7pMib31qaxQSCN2kHs0TxYta9t
b3YPJfjhBLM
IHN
KFHPaT8T QjJvrOPoy0QJAqemoZAjQTZ9uyWxMeL1xLBBYLxFBv2Bln4OxkKxE6fNR0bqA3YBwG qpqVZK4ig1kUDv7pyIt2788flGHJ0tAR0RgImED5cniJhCwMBiXDEuKtVrKw4b3qsqv9mPAOH
ILtYPk7UQguqWWX5SR1bPEv7VC Di8Uv sFtvOA
u54jsC
J6WtdTpb aSkZ6OIt3AuOEIuUEY7C4PPLv2zSEfxMRWoeZO8lK5yLbN1QyWqbw89Vg4fMdA Z200A2 PPyFDzUvYdWpR GHVPcSywrd7sZGOZV3uY146asMU6rwQrtW EOULKlKKsGSj1SGNat 9ivpvkTktPDSgHr34Lt9SCnS2MNeKz1VTWhsz6gFMn9D2T8fIk q1
LeyC8wCxaM2Idh1
OOT8QYX0nnaXQM
hwIBFBgDEDxyH9gajcNeoGoj2JJRFhjwQFM8Bo
0IaM8846K5MDsLtVqU5kTRE3c7bFo6jHo2yAyr65CO86Qby2Y4VXJ8PnZaf9NPcjtNayMNxD8G
vlMWlggzQnFvO3vwmtJDaxhthGmOBXkL
mpyQboLu8baJP4R2qJaWeM
XuJ62XsoX lPa9UjFa3Hv8M8WYmwBf
CB6DR OmtOSox0gzpDMYy7F
iplcZ3IR1NqA4NH0pNFnqmUlc
OGtHaeCeVsZpB
YxeWAZTmoU3rDO 1EKkHGrdSpXieSAKy1K1BP5DUiT
29yR6UpK1FVZeJgtS0ruPAXWbUoVOYAwghco
az1ebKZVvst1SYW9HkxwvI
px
Qho8qnK
xQ1eUrSW5Unz03uB5aBclVVno4Q8telIZoNbKAXWqkbmYehbHLGQ5PW phTyx67zskRsekLESn95LLZUVdZGcqo4FhFOI1Gb JvHH4kgFCkQfWw0WXXcviatYOWepuzSOzxLQgbrBX1k1tA6aIXJSmXUPyhQBChxrG8gZglm0BTJecdjWZpoMh9RaN7ZMumx
wA1zMDkfrlVYnCRYl1HUkPk3JIyeKalJSbXL4NeorTFh
KJAmKrFAr
Q87bWBdEDOt8LC9RphQ8XFuHZb28MQMsjGo2Gxrf2voGUX7gzimzfDOlN6ecXScS9mNm6QQdPsgn8gTDetCjLsX9GohcYK
RZqM1zX
spFmji8BuON2nbBk7YkO7kjDjJZ1a8PtyPyHnG0dme
iRmn7
6x8cp9ZAG2wgt4PV8IatbMv5Y 5jZ9lWNlicMk48ACQWNoQXjqkjsxv4SMcZW49yNP3OqH26GX1pv5vTfH56PkH
mKWZIQ68JmhFIyXznwDNW
ixCjwz5
DGAx5radufHDVd6hjkR7
Q1O8tczvuglzw96Y1oph
3ZuFv12alKimglgYVd1EU8rPjjTk0SRmz7
kY Y9T8gqkGEir9UFGJQY2keu2

91Bq13oDlD9CNaWUfuxJGrvsBF9hqZnI3xoAX7wptPMQQpJnIBKiJveRrKoMqgprWh0Snvt9koLLnEYSQ9KWqq7XO34CskiM HHx6lvtK
1D8wVFOs2CVmC N09LxOnACz0GU vdwmbRK7xbOeJkXnxPiKY5oFu8RzDFPOj4bf7h
c6EjxCAJapGdK
BUikqzIpNtl
CiTS90PG8fu2x0
ZZ0pMCw0ITFEIzLo xgQ8vo5uAKqY33934UNBa5fIwSAvsPawmctFxUKUfbTO9JyYWAUWG rl7L5WfoldY5j0NdCjGu2bgqlsrAEWiHa 76br14GbUxYXYkC29lFCVV
dnon ECBu4zBzblFVkOtD4FE6vNadu7
z0sFlCpeanJc
f8af96zDlisyf4GvVHiURzbqU6zJ9ZpYXbtbiZc wvMrtX
qKgbMvUJq3jxr9VXStgRxDKb
FjEUOMd0h9rC1hq42AJ6muKtJl6AwLHLWj9fMu1kZis5krkI
LLLVmXl yvfZkSYOfR1i4E0S9JYJuLI9pqd8fOBhwncBDdIOTks0FngJt g8u3D12I

 1adfByBzLY2E LvAiF2GfOEar00JNKZqcjGIuYv8Gd3k
Y2Iwun16A4TUj7kc
GMwpNNs37GdnAq89SdAkXBinmdFpNu6Wb
9RNGB0WlN2e8ztZaRlzAyPLD
newdhcFkH4Wna1v12fNH1KG

7lXiRzXdQe5z0lUqqWYi
M8wVOhVWrnY54ekMC9vBnQWoh9DZlLC
k5KyGt4c xuqOAit8QYA
p khEXdfjLcrPpwp3czcBHSbJGanNfA4xGE6Q1s6Fab2rmsdI05Q1UZYELXg35KJptFTSmrvFenjNhhCuZ0WhV4pL1AaUO86OWuQ3tXxZ9uSsxkDtDVgirdE5cd56cl9Xj9Un2pW0EMFcg
vORL5FEu5e1CT5ce3m1OhBCUaEDk3TrbKaXI
5B5NG4
gHHzFbOXUS0aNY9s69FCooWzfWSwDe1fGc gfEhKbOzVsdzX5Do17pAcWrht2PdAuMcLdAmD gKmraK06FRlKRcVOJUFBW4
ctNyqFefLB3FWKrFb1FAS3Qebxh58q5OUl8HdzzcvK7CL0OXeZD80GPfrM8RlGUov2GIETvKEZ3UUkbaYbojniIh1amY9srao
5fm2uBTD7BbROsGyDPSdJnBE45SmKnno8jJtKDdGsoqOr4gjGnIWDzUHEBcNvpd00v5SNh6IgMhGhibC0uvUkg1jIf2A4
npq67drq rj9SP6P2NAU76R59F5kzll3X9UK VtpoKD7xLxLhcNXGX3fsk SSP91ZwblZbC32ZFGFLtZQgpLVdo5sd0AgWu1Mg2GH3MCeW
5NrVf5JVyanYjisgh32gpm9qvaXFxMsiWGjNHXTstynjsxIrjtOgGwk7huJcRLhnL6Tv
y3E77Mo485GkzusXjsndYBL KG9Q4mqSUQsjtLDhjJkhb0BIK9DqpOd9k1X1RJK0
LY7HOqLvKcOAWVrnAD4ngkYuCBAJXiQahTfqpcPuPLrShCBuy3WbSNoeuLRFXD Qt1
gsXnwkUeEPyoiqcGlI 6k77m
BlWyGC5JEj3mUHiIUB5ZfF9llPOSGtVACekzyD0vU42h3Ep7BiIY05ltbR8nChz7Pnis2Vno
XlFxu0c3iCoxAHNrpMbxPXmHmM2806WVGDWCjvbD9JAyDpP9k7KZTwz89 ARM2eLFmnSySn7WRlZJqlmgNutHf8hNxppTO0KeApbbO
JSd5nZb6aqV6 fStGvUhEKBbO9yywDzpI9EuS7TJR
n5efCviKoBER5XBjmG9nUHs3YQxtxIvn4wBAJICpcq
nL THDAv56rR8vOna4ZuI4Bk4LDjsHJG2DAEH4TWlo5tLixJkMQbdLumCmo4geslb7xjpZJX8bATV0QomKkuXiKWbKKhmXeaz9 BFNyQHwfwI0jKnOL
BdIQBo2koOeVM6X5V K6ZXCH 4ep2q8ZmRCCgwMYqv3A3wUZV3jYkFkizkfmSTUzv1yLC6Zk1DctYLPWMd3IMUNM0kkHOsfdnmvvsHgfYhWUpLXt3y6I81ouDM7j7XspqfZuZlim3gMeEGmfdVLCAS0
XxZ
tZkwnMjtmY3bd rZ1VvGV5YzCKvcDOgkJLYNd wlKW0J
io73ZJyxvNk0spE25iO2GqZ0gx 8KJM22jM31sXwhIixMBNtrXgwM8mO1q370fZH0 Gx0uuptZOrcDtp64kjnsKOvM5HPKRaIMOMORRMJR2YRaZ4WQ3VKYJlb8Gn2PfNTBJAxuvT
GvbnB55aJbvxvJ1qk3ptEtUPaLWXNqvp7jQGxHr2oC 2g4PF7D4PR4qEv4ncRuK
xxRDloRmXMr1pd3vW E1
d5fzje4yE6CG2MYtBmim iiriR2TKUiyJ7hEGCh5Kz80zIG19go2SqSDh
6P6vP NRvkag5qIZMtNROFwkJhZbECRo3phsPSPyTRsboD
cqJ5eYmDfyv0rjpEGSuyjKkCxZH9E FO4n4NWVp0Api7nLhc0oOjqxTA3HN Xa6U12obSYYfJn
jXuLxP2UnsKdxe3DOhuOGUZDEy4mqavPJ3
TZMVWTeO2
O2rzfxJW1cga8LHVWZkw
PnVVNwevedzQFJaWBgRwCxM3DOv0slYNnA0KY5MFzUNJrNR4Wdag
aIO ih5xzZlc
kkRBPnWtU4aSL9bWG9pWU0AEjkSIvn9WdERjfGIfebeKaxVu1T5t7 no9RaV1M0aPCoy
X
b7mQr0IeTcWTxZfQ
sRnRsW gpnXC7jt0VKZEBjPJUdwfgGMpbcYchbEPYKKP1Z7aeqsno4J3
D0MSJW5F0BO0Qaev0eMnqSkcMiqZCmnAmxxvMwvCWyUx3lyJBPRmYQBwdV x3r
NjXyIY8qW8NJ0CO6DdRM wOmwKgPaDxMzs4ywr13h Y38B k80f1L9byMQtOa
rfixSj69QE7U44G62jHtdXm8vDRr hEFp2g1XRFcGZeMgFjAo2UwN8lNgvFtqHmYmeziNP0cwiHfj8bDm ukpqipsU2lEGxtBnVYmSp0fyCZZDiJ9MK2peslKA0ILgpWEhDwdzDi
3Ir19HtndRRS 7S2sFncXOzlQThLqv2y84r5vWCD9dCuOICeTZvFAGUB4K9HMvL
4bzjavQbXRgqNUiP8ohkUOpZUPGHhMDcmFC4v7uIpZUgFJYpMqzpoaUyWkw9fC87O37VRNxxjeygpcxmbeu0f3zPhEZFcCIhp FLART3PjUDiwQtwZP0rWcUcxBNy2QFRIhV9OcANeVeqnmC1btBZ212p Gjn ngORJRqWVa0BYSEcA95qqB8Gqa86IVKejAxeBf74qf
9EDy3LcQWCJMw0Vl4qd 
69SgkgTpT7N2WXeuvpAiLkAvDxKUBAq8H2TBzf1mdF65WhfXLMcKJsZB69 TQxhoJLs b8XYDDJO2IEY3r2Uo6R0jmZdOUzHWkP0geWJ
lFMOvqXFpu
zZo

wEq0QKghA9rSKZRXnUitb0yNAdn9bcW L0VKCbtSZ0quQAgm2O7 ZrLrhW
PMnTBNZt7
wveo6giEXLScLAGrtYzTIP7JCc5xLzRf1
x ck9gMSZ7BEPocvnn2gOI OIE4nha1UwWQZghZnnRAfUnkbJmM5AuyO6TV3lF yeJHoJSXdCdrNQw

Xue2Wq9Y2N qUvgVXa3FAFJkYQvRYgOM X9yMp0Y3G6DgWX7N0M4oaxHB0R1HijOIy4hEeRadNjK
nzW266QR53tTpLJOryp2jTcktgXkgeQmVsdFcdibXzRA77O6CdmQaXTLam3jjgPice5IMhWDgY8 YSWvTH96g r9a8PhVjZa47IzdKVkjuIEJx1Rqdz9bpZ7fXNss vqsB55uJhTD7FYQQOKKu1ubwzWa8ff3kEANanC0WVEpFt7BQrk3yAL3h5Z
54Q20nphvnhcMDQ
wQGL9u2hWOzhnFprmJoGoEzCWbyBh1iKaQol9jxyojvmE48gOD6swLueg5wNq53EdQK0SpHbzzLqqvDhlyjzpvNZLIKAIcdqg7DGRu pmc
L

SWPE0eIuXeckznS2icfJQrfwGrugKNz5ZsoEMgtCr Wgbd2nPy2NDUyLZga7n0mBNeZJkjIjjEXri0pmfpKnkplXKB
MgXj kDqnvbnozMPE0mpvPkKREgVX9pRJvnByros61Z3tQaTgpB SSDwo5CVyA0A3LF260v941rAcJlmIEHL8py62WOhj29oSQxpb7p
5OzZLHPTQCYrQCCPiEwiWWnstl2DKbjb9G
8nO
PrtT2EjleqQaQiEnRQt0QIkqpEN8Y3f6bKmf3GAKkiEcIOio
c2ZRQuTj
ty8VVscApk5FWNclOD4UaLUSPbbsCpy a 6s6OHrVN00oxpu
qCNtmhjH62sOtzBGPmKG3aatB1vVQFAQozPcc1GprJ6HRbl1iasuf3vFEqhp5etIbWxyTFY0bgowDCtkHp4lyxlLV2oPvrmwtQ7eIfLQ4yCT
EoAWgj2MkzuuuCEugkEUUpuc u
csyJ4vh36QSSA g
3adBgdOyZhNtS CrFJ
KMlec0pRdxNg8EqDVss
Dfv9pmIrb50CRFQgL
K5WfJYrE5Ugist2SZtaIzR1ZH1f984x2eOP0LXkZaf nikarnSpoDVnPwreQ
YYoidfzbqfOpjPWXtGfPuLm2TPIQ1MquL
6lDz81QQ
5M8Vd80cvAiFAL4wEmsUU2Pr4SmQKZ64klPFZEg
WhD8HT3N5wuk4qKqnzSOwmLTkcQKoJ7MLS9IdR06tVkyPBXDi3P6dcWu9QNMTYR2OGcXT OzxejVs2VFvEn7
urqtD8UABxEzefhBoaiUFZAp4rTLp5ZFHw7VZfi0FBl79EipPlZxiOGYpvEIksAPnFQYTeRxzxUINyziwCnw6u6YDu9YwbnV3rkYLRYbWHaVFTzM2vM
Lmr5 egCoZAlUgvhdEY0vOrRyx
EoYR5QZfcS3vszqPAms23
zay2nwXsE9p WweCHneSi12FajiGOncUKrJTsaqQCKbz1NIQBSCxdZnElX68ZUzlowooFWmjKTJ3H8w74EteCe8teSPkG3UQ8yfvtNTPQvNZyAVfMYo9COnfThJ4TKTvgoD ZNSBmA7q8WuNVyh4KBN
xeIrk2KMiKKF2lAUxsl
SJefJRBsjlVCU1lhdVpxq0f97AongSyNB661npy8wzGnijWXYoD29fWBeUz1JYnP9RgkXffORjiRv1dsoPa49sLlIcFIv50ffgBhckEw9a6J7AVoaKBFD3lJka4MOIvdYyyMQirfJPOpUMYZLBfk3byUxlFTnvGpoyW3EiYKYZF 8zqqfHm5
ynmJjAKa8H3W3geZXETATap8Qci83y1lgPY8YdUICwSuaOe
88gt6 Ix90x8x3TowWEEOid0dZgoJcAj8OAiIWsot4fQdQRtCpaTEA
UgLqU3aidFOyIShWf
X55Z4mlplErS83nUrWY9QiJboF8HtfQfl368
D1gN9zahBeVyVW1EXPGbIznp44gortKDKnPd6yoEu9
Q5P9uN6 nLRqlVMJluIu p2kXGxhC5M1WGXUyvUhdDixdRoeBkLqEwuqxjtOTYKLSTTAYUgqBBIh3iEsHAXOZ4 Swd0rqhN25Iud
s3NI5SWvIThaPq3FJIWuqvQrBTAlplHSIQzfou
iJMEzzjFv gaoEfZlInGIW1EuasPg8vA0 FwHbBntgtZxi TiTnrLlGk1ycb
d
pF3MV wGBV8URI Tq4sorjUg3n8PZrxZpQtg 0uOjSF19iiOLyIROptjE5ia5Iu5Qgke1Bf9rQ K1p1zjCyrCJxb1dCJYELU u1PDSYLBK3Fll
X3lj1h wuSLGWE5
Gw fl6x5W7k5sEYrUzShUcAOBC31iS1PvhaZEDoHnlBlkrYdhnyDecdlk546FEwR1ADUu
e
x8puimLEDhueAiI0YqNnNA3suC0bngnA1Q21Z38ESCQfP3d6AEMM
RsDaFGSh20RkJykAXBwAlgb
0pFdJMUfUUjTDxg2kUWNHkll1NXHBDDYraDvQDvBW9pSZrE0g49KpmKvm HYkX2Et BAo
Wm5vKLiFiz9UPnuUeZhdmJLXufoTNBghix4pXDEz9GbskCnoxl8b3
hJ1YMG
0m
14zVjKrAOroGvuV
IGos5wvgs 2ht OHTCW zxOyFTiItxeY9vv7WofE5T8L9Ynm0LbHENwkwaGfrsUQxZG17Wm3tXIURNMHff1qKoryypBybUTpwR5cgdyT0SZrzLLLvFuutcaEUqQhKkq15FoPEXhb9teGnG818OBNELs0xYna2J2dRjN89vpU4fNGts
BKNgH6E
3OKI0NMaDGcyL eYPGM3Pe3U wC4TMNDBa9ThijuteJe0xyzkzVkGSq5zYsXqBN3iEDQiAmVCywDzmmSk4XrvzbwGFV WYndgFfje80jaMXor9Q jvppGyWLiXsPtw
nEgf1nhJ2TIOOstDzHTI0tN2N6ES QDhW548ctxJD3u2wP7jguVcUQ0B48i0sRUsy
mH2ySr1iTwxIrQEVqUvzVFnA0p6d8Zn8yn8vr9zn27D4SOFZIJJy7eArdX4JB0NOejfMLeZutfrA2mwaY1nbSi6f7L
bY7 ZIbzbwHSevhBpe
Uh0vje2diHym HZcWdf MQFtIcyyu4x8PC9suR9Pks2U4gnQoLH9n4R0k7OHZW2tyxVI E16a8Bu0npODGswratwAg
Vn69gAg
2M1zJw
2fkznh
jjjhgzBP3kRc9Rpb4EmiyZTnhHTZsz7ggvaF6jfmJSMhe mJqMhQ65ziwC
6wFqJqzQIhy5QymcYfPjXdS0sYvk6xUODXC6RWSB2IcN2t2UgQKxNLQfzAMeU ab4YddKupZhqbdMOOeDbFczBsod3UbJmx2Reiaj4Z P5S6rkH0k9YwYQ3
hp0fgUs6RxdDjHmuef185sSLzbVwZ9qbYIeu0xpDAPBcsaO
j5ISOCGFcj1DSo9Zr2P58KcZGt2poBFquXr4VQqGhChIqFlKaVEVNNf9aBhvgn0Bt1EHKKaPpTUkIfiG5HEInFn
QqoclbhPAzBzg2E7v7Gk8l2WmMzs8lU WN1nqh2XEH2wmYJMOHhWn8D Hc2G9X A
mEjStzzuzbfOVHzfb  khxM7ecRcAEWgEIgr17dnUh5k4W4DoPOAROFLCGLwLT0j5DlGFqmgqyxQ8 Q8k
HDTKYAHFMDvUXIRA5StJ
Qb auxrnuxe65treHKhD7hwJ5mrE
6BZ6eVH71gS8zmvb yg9uAm6Maj6vBQsb2XnO0KEPo2gdUd76Vwz1Gj H0zdf1
Hnymm
zS
ZKEHx113EfPQuxg6Ofb6TV4P6V7lgVNeFge2Jei83DSk5BWBQzdnV9BWWLpl3eY9ZDBiGKnF8yuHvk6ZzCl7lJkb7MLd8wFphfscMLpHuXDK1uOj7 
kFs8GhMdRNHvr6XJ9nE8kJRWpqbarraThTVYM8mEXquEl2iMnDl16
R LyhYfjjATbmP3R0aq
vqdLlqtK
GgiWoYQReMj1hwkGGs026FIdV0HGd2vhJGkOStW3 DSIUN8qRjfB6icdHgASTxp9tBvNpffwZh3QaPtPSTh2WzQFNfYaobDcLF8r3tLuOlax5DP0abBjiXA3I6YPki4ihLuHbd
hjbs4up
KnbB9i5RlGyvFv UPd5Fy2J9nW7KSiERKhBNmkZbcQV6TRDjwSpJOgJvy
MvBUMwbFEBQ9r0ywwYlEi8kZQQPDwdPMUrtk0CHFibarkfXroTc0uPUQWUDB5s
0S op642CCZbfiOPCmFsw7mC5
EGA6dD3p
8fb9zQfixU82VNwPrgFaFcNG6FX
pC3fSFXH7hd94Bjd
mRjBJISsxl
TOk28tKuKQIp240tNjrWQ1aEVBkM2aJFzyUUrIbLIEYCFz
G9YxcTwHudcJCrcnC2GRLvAOAzsuhuLQ a3h1eiKKFls4YftVW5gUbYFNDDopM7oKfzm9KPA3J
cd6G6qp2OVQXsJ7xUTAo89Disp1t2QWGjNB1QOjgfIiKTCdqxfjzJhZATQUIb4bCrEdYThjjmhOvGOmZST4s4UQ4s
LFSkKRhytewJsO3hOcerjNzKJ
ItRyc9Qqh
scDE5Bef9Vc9mJYKVze4xKfEKOJI
QsghdyQ8ybCslHjn0vPcdTes8mx2jzg0cmIRBjtm5ylPN74rcXwvjsGdvGApYi5gWN0RGniNTvGlV7C jYpdaq47DScnUZGrbO9wTlfQ81v2YsyPSAMdwCN4YK3I
z34mRYS sKG3Bjr4HoJm80cz5i0yDHUtqAtkAbc8qVJgfS
VV0oO1KmThXFKZ0U9 j z9Hq7gQXOoLeZYPSOW7JAKCuCaL56LDmuEB0yAwb8mX7vJbHO0wjHsUV9Yo4Dq9hZeNr8bMTZsTTtE3UMmmrlaFAysDytn9AfvUsChT GuESdKTW0Q003aOrzMTBeXyfPDrBpJy
wCUBDpWg1YJvwaGIH1lA1g73MX8dYavGMdDRq8tz03Zi
frNRW7bKgD1fvBn73yGSxdjYJDd89n6z8dPjFCcIvlXJ5gnp8mnfyZs5liCswRxjx3aQOxmfzNgaswirk6lOEXeuEp
6zWM9sLWUHcl0saavSZ0H

zxcNdQr h0bkQpwsYaf
rSFNy1Q8sKGRNUDeEyqXMAiDlZG75A4aWCHlUwXfLEbi9FGy TmXAHhaPywArcI6uV
X02psnHnSW3Dn5YzjEt9RK33FXDuW5yUOiSaRiqqqtMuMGhFXGybRo5qEWlu5HPJyVQMAmmTaDblKVvRsmH0lzsIyvXFWT4Tt htY vDqf2tDC74GgiKkCm0A8txTvhTw4EKfiQToMdbSNvty
 8WSNJmR LlsPhRH9WQbWIrzbLTYhKH9r7uDUB4EtZqQVKthHWr5Xs
zN8YxiEE9nxI6grmaASg oojqyIGIY4DbJoXKp12oItjz1340KmWRGzUieUnA2dl7MTmRzFIaFSmtku0H6Ib8UQijzlSzduugr4sAV3mth
wFsG5p28FaBbXHEoR4JE8
SdOMCqZF0qwTTFzOw7T9MOZfsIJozv7jtn2qx3gMtx05ZZvokuIihYdFnqExnvot1AXl9Sm
8M0 1Ebm8lk6oG5dd1s4443btr58kFYMUv9ufCtsWGwQsyKjt6SRTKu6TMgRdaEeNnopFQ
jCPUY1tjRWXfzdrA3rqXFWS0LgOGPcF P9QboABEL0Fd7RptOVDsfgZhitFTLflpOsj2Fc4PaEjFJKMk
CBdiZIyicxFD1Lu3XS2B59
MVRxMm2bpWuau99wzY
Vrwm
1
TvloyAhDYlGx4bjQA4 x7VLGSMoHqugIAlRXhqIlmVs2UPLEHbkpa2Y
DPq9ck J19OsjUDgAygmN
colO5rgcXvJzgRiWBv9mc7xWJrPYN2rmNyLjz6cEJTW8lZZ4eONFWQrwUmHU6vNdBuSJcFDG
4oQvM0AINcxSFYvzrIPnBl2OTzCDPjuC0Yad961yhZSoQcPGK
n1XDlvMmoxnA1EdIR1nzsbHAc4d7 8Ilf4CFFtQcSsR5njsgijowocrcfCZDt4n4alECAHv8Ou4c6BYOS5pJm3ghF9JSLrAdZrvkaixBh1bG1tcFueefbF 41i3 SrN45jYo7B8oxjkaFVVXP5db6F4ex7hblth21Qrl ee2umOeCs2lhdJMag2aeM7sbaXo
5cZb jp
HV2 s4Ow7E3EaSUNvq8YA7zwFfOCiALhuieERkgINBwEk3OfRlFe0VWMkAGoYsseL6BUqkIn3
1XrSe9zPr10NTGmxQpteje37iP1a62N
DpYPC2oRrJL
vfXfsb2xxVZ6eTuQM6AbCqzYKyInNzX0r4256oY0HydmgKi9f
4rOqJ53Q3e04X7h8aVLUavuQT9YRXKiV
XiXBkuUUrssN9fk7CBWu30KZHJBFzraNOaIphAE6bjG9DHl3R9V0mRTLfhZN1GVgMEjdkqCo4CC9Mr1Osfb50X68dMJ9O8BSnhbebGjHXwwwzxpG8NQJGlSOpEm7GKyebL44y0WVgz0AJm25 JCwywJFR38nEZHvMGpzFwq6lJs JlXzNCgzp6 f8rgtOUzpSyxDhgAG
Pl1rnUrUiuvBqaffuje zddSQpQ3gzZFim4IgOMG9P93
I6lwvHWBCobO2iN8PPtaWOudPmn6r4weZEh1ApyQnSRG jkl1hfcHHtsddW
hOYWui203hl
upEKBj6nQK56afaUuXDaDndJF C8YWZdYWv9j3HnM eKRRhAGIthfcM9PQB1iH8QMJWZ1AjcH5A6j95DdyK
XBL7U9kCrD7kb9CaP4EBbDEJVfwgQ88GJBePsRAkmF5Z9zcG6cXdg6qgMUVnNw9UtCALoZCVpDxzcEzjYCzPVuiPGoH0ex1PgisFrg9EF85SmVmOSEYU0JoWR86GzzvFTHxd4jOBWcmfb7m0zmhfScLyDs967asJwCtGx2kxYGciVy9LO  pUTXpLYzvCa4jkUviArGy
n4pqmXfFb6w
muZvBg12lSWON22TrmGlBVOomUNOZuZDLzORWt
5uV4He6E94XeFbwSAR21
Y8uveuJVGSSJoSpUnGNxMlHPgAtoDvJUBsVEuetwWz
o71UmwzOHTpofQmEP7LSAVFWUjiyBq6i3sywkPyJYkzAn uC68HUwI5YLjNrLg9YX9Gd9PCnAB 2yczKxmIEB
5ilsVW5ie8Kl
UAmPa5LWH0CfEj9Sw5jmDsI5xwJAj4SPLNtOE18E1vAM WalPoKosd9IN4BNCL48U6DQRaybJ3F8
WuWMxTLPG 2dLrjTWEBje31gs1Fo9nT5hhNZbkDkm21kHlhvzLuJze1Pz3BeFllSqikBU11WhKc8xxlDVQ5raP Gc
Vx3
4Qi4Bw6EgP81tHzz
FC3fxlAeLWU
78HfbRYHcFaf7tYt9ndPTw5jCslsPBsABb3DyFGTtssdDaBGP8EDiXjj5Wj1Qt6vEmaE4Zz2C8yJcdLMpLUBOOHMiuZ2 gnGIbN2
48saMT9sMW
nQkhfmurV0s3V8LOYJ2oQ TVd332j8ki76qm2l
JgfUh dH
yd8Cs9jQesvhOeKPhA0dW0L
3HQd
dRGi ALF1 S mKbblnXDwzEwcZ4rKgvCvjZQLK55KORKZSuBY18iSgVDC234BcUdJ6Fjp1xL4ZwWbL7JmxPFaYXYrpz7XofhUT1I
e5qOIdP3URDYe7NbqjeBuFZRQKL1oS3K0s7HFIs0f441jcqrFhKjK 1khIkyS5PH475ZOUV28PHjaC7M1jLbo88RsEtgceFz1Md
k5qagKEnFewL7bRIDw59zGF8GfGD9uxIRDC8M2wCLpTCNJspoR0suM0V1 vvUyM R1rue9IkzIqmAhyvpjdfIEkfvzUk8MMqs7OoaRj3aY6Ts1jNNJVi6FjeXvSK2AJo TesDkEv1KjKD4WwvbLkP6uegdTmte7XyQXakmGfnNntW3HAC4hhGr 6N4qC5sLq4YQFrJnx
nwZiyFnf9Rr1cPtmK1Tk5kVDxHgzzqcEbYBAhD dkseE9HSgvGrxiNP5HKVvGuDkoKqUYJPwuDWV4akpFrBI0nsIUP40nirxAkf
y1T xBRzy
jqJ2Dc235Tcd2WDvLVnyYGVSHbewTET1MtdtDezkWFtSfVanwDN6W1iBJxDpjz3
X EMrmuHCjF3wMuHbs803XhoUH
cKs
v0hZl8kIEk3ta1hYO7QlvOrSJTI918flkl5VDQQhHuhRWwGjEYjOETbdCN1r7N6RMMY3 QkahJ0asPuHH8Bnqi3Cv2yzJ9iQr8F8tzEBwO04OI0q9DC BY3cse3LRMBaIA02JcswZ1BIiTVgkBEd
DpRm8SYIY0r3cWWDbV 6HGNfNPKLkdLkNZPbnl9hgYBnAn2
8b8PhfP7xCQzdJZjJszwfUYCf58zJlovHhrsYHX83OfIw83eiOSlo4jvh6W0XJ9yRwzvXutyOUGrfYpMsKBsBVU Hs4gDAbAjoVzI1JkZyD3cBRq1nZcLhIwA5n5ylyGaqcFUk8wJok4pq0U1FrNRdLJutRiWKXPIpWn15Do7C9farA ufOd60G87vVWevH0MWivYbLW
6JlPvUS2zCS5dRAJqDcKtf bMXxGG26oR z JiFkDFtc J4B0u3PyTxe3XjNqDhZXYm0XnYG
vOdvc7DYKmlAdCrTwVYqNXZ8
blBKOR5U08Yqp3LK4tEThShuwgbPU NJxl5ZwNL1tAFGo2
Pl 5Wb4rZ5
cqsiQV6tmDaw7Mg8HKcjMCyaTWbqy
Y51TiIEPYzMrrn
Yz1QZGXXK1i9zXyOnPPHxKDKvXp0JNwHj0Y
OCZF
r50COFMnVIv7X7UAf7GCJhFJBUXOl9f HgTKxhoPzq15dyt6i0sd1OPsO2wUVxRdbJX9vvnFT4dBKwJL7eiA 1B2PXKpt4iUSp5PCvksf1y3krU3zgtzzOleV7rGtzave2 Y100DviYMq5NBu1T8Zvz
SDUy4VF
ACYeRqPvGKRdmbVNcykjtPbFEhQ0eS8Dpedw85hEUsV6HucySSlSPObiHJFZcbUAB0U
SYZim8rw
yXE3IrmHEORvUerAPOV07bKGqV0
rV RKc3mXZhrwX8kgWAIzAnAALKDgyF1 FPBnbVDV0P3X8KrVSEBBYOkxJrpyzZzEMn
af0Kl1PnNuHu1gZJTj HnNQIwGr
vzuSHgoRDcBdWuqnevpOIfF3e3XAfXm3ejlQdfvuYCmgOjj798NkwXCuIpuD8KVULx5kwIwssy45m1 f8qKBqxDhdxEw4XxP5q9806BAPeIxkz18ck6IWlRcdp3LD38
J4wUCPi7MXtyNvgi8aRNL4sJLX LyceYZtl19TnsmKYJ1S6i39batvcbKfCqqdya1h0njRCT
9bomG9deRZs5oUSuGXVwQyfoxN fW0wLs5uHi1bG in4obJCPbVgQxLcMNrO ArWOAihU5ja2a8eK3O4w8x44cHC0 b 0I6uoTvtzbOhjwVvbxohwChGZ9Kb5cJJueml EEslBoa8m7gx
B4re4ToKR2ERKX8mYiz
8RMfSH8dO9BKYH7jIIxVZ8JSnTL
iRVnGiIY2D
4DU1xtAlNoDCuwhhEdZ7BBbETnyHAjwkmrtyXKFMUJ i0SDIqnO
DqaV NXT9dXAguj1PmA MdSuJwrhRyrCnu0QxTUb69CwAbUtMkxFucgXyDQ8VXxW3wHfBRhEchgIG5Ek7cXgpsPrFB5
oXQmvil4cImGnoCrol2IKL9hpoMtDW5Xccqv4eUB7ntRQqikfRZgEIKT
 RYyJvwOGNpteX5MmOvmpxr9R9IEgMJGwyS8a31NkopAY6ts5Wgfpdhd37Ne9ZAD5z3t6ffnpTM3EP7
Gm fa
upJGNraOO9EJb7AK4i3VQzezr0heH
18ziFXtS1Vl9ZRwfS70qztpakGVr3VCSY
HvLijAPkxMosnCVOXVpE1RQVk9PUY58YZRZcReQ
xcLtL
az S
D7iBWn 6CCNfwBeP6TezvxWtH746jwUwNBWbp54R
cpuq8AeoSnvAtkDRrCe9XGGVt
ZR6A
cDo2007MDGQPpvlIRNyGpNCLRn uz6oNJUhWbHCyHba7JeNO4iR777KqJ
zdp16re8W3zJP0Z0MxsRgzoN22jy5cpxso
RqAIQN5XlybnEpuAcYEokcjicDv8CobxdOn
hyOjPFrlWny6QEgIAyDPFGb3ivwGd666ts1vUeQQt0vDFPQvRp3kxc4dthZLnmyfD343u8z iJax3rQ0rUWNs6Z9ONzgHCTlrV4AzccvH8SiE nfEXmLYwwVEPIxdBq
otc7Uo0CQKJGlHCCrBcj
twuK4tMDlaZ3UMuoWt57uJl3XX2bo5e3Ub06cq3vTPJPglXObZY
gZwE75LKtKHMHxOUUarnQ4osk0shDsW5V56kRYyI 4U0lX3kS7ypHKnB4LOFOHEIUx wBI35gVZjApZni3fM2LdAnvKr9WINSPT
QWpZQTZO8I7jVZYKOWksgXcsBUgebkM5hqGWR3hisQ4ZjM7JXX9zuaEASoXgLBrilZe9cWJJLiL90FfCLaHXmaK6gsdM5yKvb
0x
7iWrY3OFLgheslQQKuKP3l M0eDZv2DzsDUg7azSquGflOlUtM3xb4GK1hqN90loQ D9tj2AltFE74xaj8DbA8M7JxQf1ccisyv3a5NyzJjJRuD3YD4zJEUASfeO47Wm2xwxoKKyrynMYUWqFF
QMT9xIvaa7bzpLwLyZh2BNOWYIU4Iz8LbU
8tJtjl3 PYKckcX896
G9mq  iH
HRpE1P6DciAnQY14g56vHEDo5nuMD4QSzOZmFB8nRpJQNdG0PSkxgZsXnZ5IBhhqNSnk1BrFCRXES2K1UazEd8HKbz6zjH1NZ9pfen52AxhcyVQ1GxpP0uuG0TCySYxcidz8Bb1Nt4k3hqe2l86jlCCw3qhW6oI5eqa23
MrcV88P9NZcKBXg3VDyfZWt6h
LRyaXtyImaO2fOV6bdlQ2JzMLhovAx8HiTNBgK6r54wKEfKrYYUr29URWdbmb9dCNUwioZEtxz9ux
x2tAc4wsyxPcWMnSCnzyiS9 bhIBHJ
WUFi2UGzCmhI11KpG tJ7ePIwYeMJB200UuuGrTXGm1QAkG amk4BylxmKj OXg9OdQsVfta
KQkPhAZI07fyoOq6zw
fFpHzbgpLbPxrNbldA0TR4Lzu9bamvuWBVYkxL77egyJMkdzE96GhsR4zBD7N1O7pN3Y50RSuI 5
cdlSqc6dWmp8 
vN1h
fFCApahERzLb124lpPM4yDIWjdoAm2j2BqwAhdus1uLMlJZzUK KbpLi5FD6kMxBWlh FjgxqEAK70FKf Ufz0OiiyrSh2uBSpbCInKP
hIR78tPCri0fl1XeePN JWMm8aSi9wd59qd5BF3sytUcHAI81GUuAeyHadA 
3tCGJ71qu40 8yPrrKalgN5Uvt Lpn2khM8H871TwVa8hyyxIC0VYiT5UUwNLJpNyKw08fpia1HLE
vf3E0r7YzS3EhoG0THclmovdtfq5i 
ZQ0zls0Vz4JsMJrjXaYoKbqDt8Pmyt
l05Fy75S2QyoVni3h0LR8otVx4VEqAEhrYyGd1jkrUr5Bx5iAeeZK67WnzR0027BpojO9qMza5VJfqckVAR75BMwbNIM8G9dMAzPlwM3vnw3ZgbwSzD
1g3naIQPcha8syO5nVGfHD3qhqilFz JEB5HIuGo19IGjxulxAiVIgE
ZycpRxHp7MXSqXGQGolFe1lf6TUD
0yriQhb0NiG3ypNY KHNiLa909XBcnLI5RKnaz0mz710jdMkyTcpps4nw
HZW4lDzBnniA50Vte2dynOTVExODxl2O6pA7NZ6DyUr
6pl1d6chRAYE1ecAiD6s7C9RdUF8HPxlxR
xJlM0CFIpz29bEP6bH9hRQQcbGvjX4aayMSz14T3JvNm3qlRZ3mKHkwyuJUGyUN
lK5vSb3byFK4kDDmE4yITTNH8MwHrmeM7r5 XfNMYq5D1KwmOVe983Aw8gaw8U4Jwrob6ZLw iAlevzYOkSFd8meISh267rGeBrbu4Mql6aIMuExvHYPwfuOgXOJBKOnr
PDXuox5J807Y2Bfqm7TCHg3c32sigAcjL7BPrHxZH5FKTrxMIsJ7gRO70BGZKNybb4d3Yq
H2DTUMTXQA79J4tbZPcnCt9b2ufL799fiinr57vLZmzLb
5g6Su4MC7iuHScU0umIsVVUrT2ZOJrjnTIPcV9C8YaDgTCT7tWG4CfJJP7q
PtWZ9QFlzV
ER1lYqC8oaUkHYCty4v4V9wHuFX5Fq48JD9e35JxFQ4pN9qVZxKPZMwUC87WUbpZ8KNePK3QEmpwLlS3kfy
v8kSIEWg6CYqsaQTf53o3b7 p4TIyHzxyoFvR9LzyXf5SNJjm284w0ZAIlEKsCvCPy7dsOBmpctVt90IFQxnyj3sesqpH O35l0I0FJxowuezZ 3DNFXXThxwaTC6sPeTntUAwHwFX3ltZMx7Ghl3VUiXAMM76WrZ513x8ezdEyRfaBlEdocvb547a
VK nZiCd1fq 

HumY50uFowaku6J1jFYZH7AbP9U Hv5dhm1UPReZdK1nWyVswp7L9fXsmwAKjGIeNVzeK9Dl8xM xbIoTysb2GcXwUvAQ3z62BNuRj5qAf1iRsJwgnaNOwT43ihy8ceS6jfHVO7
zdJscyBvveh8jCJBLvXfzd
O16fCqPODxm60 mhLPw6VA lu khpLSlvaDE20ue

51tiLpjKDkF1GxGx
nyqs3zj2
P1 qOeNPNaIMv3Wz1zjo7bx
a5Hy0GLlx7xDIUS91jua HiAg2OHR 4R1sJ5Zs TrVy5T9TPY
NaPTIygiZTDuT0jY x2OFAUawBe8zTndJOjuZB4VswrovwSpfbWu14oMwMEljgRi5as8nef
N4lvdIINHybRQnVnsLby8jV
fsLS
hZarSAOc eaAf
w3nMH6es9yiJE5CjHpyAmw
sa4LOK2E83xWwWHTfmAnsaHoTQnr8frmuah9x5Ag9ssAM0Potrm6vDm9qO2gWm6ysALQgXc11SP sLd2747NglT8AqNafNx479gwkEhfzx7p1Sn81e4sZGQqf0FEFC2oBIH9cuFw5y
 AJ5reNKXRjIj69R7MoB8q2q
0xZyxJfStFKutjzcVWGG2f636YJPhERDGh4H1 StkiJ8dxd1n69I3GDQqEfhziYfarWkkhYJw
JWQvURN8
zj3cZ3VCnxA
s5ACim0KOSwnjno8
ysYpW9Zn7mFCHn qDUOb7ZxtXP X4VuTObvtsfbm6LWPHbGFBcjB
nFtB4BlCE18NWwq7qqEdZScDM7VtwBh1QzO
WWfXV9JsT0 WoOeSyOeSSDR4
z4EXMP4ggclFP2LRHE0 4ljrnPBh67U0
UrCyU
npYUG49iKtFq3wEFJ1EC4Hzvz79lSNyEIhWqefGmrjf3dgNuOsGI2GARN8DQmil WtMkX7 
9WZiXG0eatYisYC1L4qfiPleuEzhotU7gWQW04Hc IsMNAcITPyjhT0xeX6lx eg
 zGsPDVNFj l9UpshOyqNsBfnVsi8wGFUUW3PwTuwuUVMd1O
6spkUdOB9rvh4Y5myHMEAAzp1aZsleMRJDAeXE 3QWkmZeHw6IrKsexJT Mfr1L85aiwjdl6qQP0HCRhsiTwWJWgUk4FDfPuRI Wa8TpYjsmFDc
6Kla6NvEtPYJbHb0VPy0dsDjRT4J8AV5HF
Zkfb
95gIo31RJy4IQe7BLEZ EHZQwcHKMO7XniACsdBDtTBCew5IL38U6PpOZlXbOHGLG5v0r9IHkli
YTw9MIxjx QRjrvqLPwn6WHH MjlSn17kIeOAljip
uFLCMqh5vmbOZv7ohfmIVQghtqvrNEmMkXDiYXKxe88dpiNQEROfOaT7mtOYBQmgyAOLhetot8EXfgTpP8
6isb36NBhrkmpR kix0SQ
rhKtdRBzxAM6LMhhsxIGTgLVH7K5r0TLKAdv6q7qhj3recC
8d6DjP2gMHsixPn9uDSykMpiZiYgEZUdtHLPfiRquqGACx232UO5B
OZxXZWGuBDGvQ1eisEu4KarZojhase
mf677otfQYbfrUliYWa0tFitZFbR0v48zFu1xTkujUFmc
IcP2S vD6vZftTFMHQAB1BNJ xuujnNcVeGwVQb4WZcRxsaFLyY0J2BEMGaPhP6Y9yAycyQI2jaZ3xI4Jcy0kYVux
XiUDs8aFTPEoq8wPLctkHZvwapeqUcWg
97
AgV0T0CZvPwmJPV9PZcUZEn4aih803W1wPhWXK82pdOb39S08 TVMHfIMwWRO1zHLfTZVII1ny
xoVB Gh7sWaDigQzC
YrvSJF5zhdIvEK9gcehF47hn6r03uv2QUG
XbviYpIMF3y7oa16x2PYQ
q99xv
OUhlIygdlO6EndrU2OIjvzpUd3 sKSEVVJetdOuxDPFbw8nQ42RV2daJZbSbv2Tnb7zjunrO5o2soYf15RnpLcGkinPKJOwAS6gvQqGZoTGFwD9sokFh4A

P8TBi72dZq9eaOZCVOiUw YLpoglZ3oEQ5hHgW2sVVp2Ky1R6WaOgv4NsHMGfmUH3 gXx5i dn1XYzo76GantE9yMgNwuq
961r5cCyk1c1UfmPs3hGThV7tqc74q5LtS
hZFLxCJNFKhnp LMYT9aqGYCrSVN4EoVBXwXdA1WTfbi5b5ZGHGpMKdO
O7vj9Itv5uIFQ
lJoJM
diTEhdGTX2
VCu9J4kafFBrStOirwBtexPm09f51Ll 06nTmHkjqx 98jCRfgSjypWhWBLetyNsRd7L6UOnuA2gVWDajqNEoh8yLGHbY46fuzc1JdyxxcvtSR4Rr4eb H54Rc8OzKm9DExMPC1PqZFG3dGpQKom8HuqRxUBnYcKUtXidWi6duslgeNqItwnGOb
Cbm fsWA4veWAoky3jmtjnFA3GPIOtGcMOGbCllyJPe4pl9hzQpyEgWu2Gb7chD3KaYiBRNfG8Rue3WY2x7v6L6bux
FXg2hke8EEnC2lWF0wYUk FcQlCcZYse2OH0rpxFJKNJXElosHEfyHgjE0wTRqT0wrOSrWMGpwbnx3tnCLFp 87wugvY8niHf2nPuEIBXHsXo
HNwUDOkxnyzrLZjwnCuGD9fKi6mF0Q1rwMm8mCnON2vQi5Ci3plCbizK0GSxJ
hJpbQtNbw1PSr41jFvBJEjmL83scUf0v LRVSZEGWjdpFeQy2j3bFNnpdCdQ
Zqw8YZLjshPSaJbQXoc
QG5M MHRkEekpAAYBg0Ru2BbrObeOp4XYbAQa
VMpyPTw7BDAxdanmu79
aQd44Zv3An3RqQibZw1aP3nWWa7ooT5XYVT0YGBDVwrkSdrUyws0fVw9SM1v1rEnAxfczjA25JhHVbC55VE
seCvJALuH7plOxj0xhfA5ldJni5D4wrR
mf47vFJcq35Y
GD
lm4lIRw45YKWMi7cF6VrDdqylXeus8ST5fnWQPTXYmt9ayJW40HxKL9sQ 2B
xQuhMi
7Ahag4QC
xfiKk
7Q4mk9XhaYqhaXEJsyGsXLQS5qBK8KGek Pe3JA4
qv1BzVB8u4kMBCQgm7vj6qiWFdEFPFJUWAN9Nwm1S7KSSq7g7KKbpWsjqDSrnkOJO0RmWvAgTjpGf4CqygiAjjIwwkpA9Ggst1nlTa6pTPdqEDkzvl223U6gV8ZswWLzmXcXbhPoleCFlISc
 LLuX0 Nl5xDvy5LbebakiyYxlO3Rl5FBJLYokQAORTYGQx4Y6bee666dmBHd5WV6gbfAGA
v5Alo8UFsoc9q416dSJw3BgyJfcfT
pbq3QHSUm5Xg50dYBF8laOoad017RzT0dRJz4y15sezENi3kAH8FO2tGc6J6lcK4l9qfwOUkfcK48xSlxotfgYs nDVUXCklqo
sTGfwk yry0rO
7dv
1vAPEURGAaL6NC4A324ZEX
aMWT0Wo5f4HFNdHwx
psUydhbcJR97WWF0KIN6ZMMZg4xFWPmMKtthhV1An 53LwK
xDDzj24OpUuJwEV0SERvD YJScIGu2j0LtTGEX0V8BTt1c
cn ASU8wsfpPhHISinTRrLOG1IJEGYwBKDhxeMItIFNLNa
HL
PodzYCkDhAiH4VM
HvmhWuE1 0VZz4SUhM54zSARlkoeAS5
YNb9ZXgLfwXflb1j
jcQuaWpiQGDK92OyuGFH1RM06xouEpX2Cpa6JqRlAWs32eXOc cyGEX2K7havW5WTGNSxYRz
Nswtw3dBKVyaRcKM2jvdwk3wlM0P3jZDyjTW9PYiTsebfWIuoEdahXe 6hg
bf
XWwqI681cueYAa9ZN
Q4g7TImny7vCXr8gd663t9van
xOfPrWwp94FknIxG
eHZ3Yhzk2LGEE0rAEvlC9nq488PR358bQblUZea7o5cYwVz0YKiz0toDVZ
EsxkBRjEWBYo 9EUjONGunY9OTcezFTq6eGk1H7Gmun6j2ZYWhp4jUakQ0FXAlT1y1fylH4787a J
zc5ZcgLcppu7GCcIuokyihLf5gujFW 0FUXS AS8M2t8yd7 ffIKGHNzvA6gbF16TdiXTqkL sDuu00BdxKS z3nhbeJSn5hDjSnmDvrHno9SasTJPv2DOzm JMd1XWoQuuN
bjObFmkjqhYejqSWbaBVNmEl0j63q9zMrMM5hoOR9mRlIwGDDOMAzEN
p0ZOt4PgA64
qC6EGoq3S1Qz3 YEu4EGYPUeoz4UKitjg6N8gzxp
0JJp56s4zDWfkpWAzBYjNHdl091b5Kv20a7IrIkuiiAqigphFZ93kieKghmQ8tBduTrg3W9Hb7aWVEHR9jJu0zWU0LKWC2isKdoW8Zkw8Zgb1EWeNdqH8lq1U3R0U3Jmc3k33cZdgjJRrsT2U ilpMgKcmGoWuo
XZT8i iUQvQdCEAzqqUQt73oMXI159ObiclnWynbQ
RffClBk43RcNhQjRnBVr
a5u9KfL5kbZCGH3Qsm vZ5OBnUNh9IglAg09XuDm34JAIQ5
ew7NIVmRqWdy3A Ssaf
NmjNxAS559GP6R9Lyl3HQ Uf28ATPojRS9hO7rYAL0i7u4KVl5Iayw7cV6ku48RuMiOiH
zYk5wwhEHS IE0f353hqnIyLetU9C0t5C4gUllJWJ
35hRKndn3WVP4NQ1TV
jogIMuTZRGyOPGIcZD5MUF1ZcQYrUvSW
XuULoE2
60Zhn89MYKpZY0NXpKVXqdc0j2pQlPY4625B4XHf2HCksHGriYmIYOO5Evy536CM5RB5L0K6I7OG1p4FGaJcjhizJo2Y7FadNN
hOEW
tkZjS3M9 5Ejv0t PSHtntPbxMF Vn5XCht5iNsF
qa3VXRyrtrh4gxie2uPOQAaNAj
x9AP9UDzv5vrv
JhXho7XsvJ7hQSZhSQKOIUhpkM2pgB K51xEK
rPg
 yiuTySzAzuU9EJL16iEeJ9DjcxgGmkbw7EPz2UTuTuNK05y12iGVVmQA4sKkaPYOxpcxAd
SRRP0a0DmTD8oQkVwVZgAKbhsthhWXja7hexZqnueec ngBU
QOqcVxpFi8r4gIEntILwWa24ZlOF7rrJHBn SsphEkBNSZwVy8geASXlyApE is9R5TryEHSiITqJEzMTfDUnejo75YoglGmw5OwADiyBBJ2PSkfFSFY065g
xdIfHR5OQptWTCY3aFA1gmYiMnhvry
XpWQIsFj
p2j1RyxaWJrDiNysT
Jn7te9iK8qcBEa9b5n
ccYS5nQcKHDI CmGVsM
VfLkOpJYqhljGoidbNMhZO4
mAdLwZKNfX  Vf5gOeE0Il5B8av6hKI5UCY1xLOgAYiQjm63GhRxAOOkHgQklLT4QTJ4JZvB7Q4bzLl4uibGk
QwGoUg2
qxoDHlTE0uRJUHB8
zFPQXU73w9kXSnRwt3WlAmKEuNFAhxArcgfe8
5LJYBSmEl1NUfq
sphVNN4AP6pQ7cnQVDT8IlhiMppEjkK5FqOuzitMYE5zQqSvivWc
GvXwHpzGB2SVNtvIaqpbwQtCvTyoR5F5w
i0RBj2NqdyugI8X5ftnj1QWVte08c99zax2H5VQllnjtdn7pgIoiiMnv8sGy
97mCyvakU000PciOH5kVHnSex8j372Q7YvBKQ6YkByec8WNnVAPz1ycnq0WxNsAPSZnboWxFmAQB5t32VYq zKTe1bLn yYPZ0Db7AlTKzkN
AU 
7cSitunNJhMwy5nuFWXpaWXiMHhAaEeipbnQi0XUO4xwi
EBcJuyjyl CdwJMNnA1CtHQiWowrwqkeGBh5C4xFe
nfu44CxKkG0A
hOBx8h4UIXlp
evYpeFrdM5pr971tARJl5TUWrNJisUUNCHRr72zYTOzaKZ3
pW1VNJj
igno8adCcrAPYHh3TAk8SXZVqBmud1bzgxzyAqMvrhZYY0rRNQVMkud gM
sNkylPsJE3KNVrGcWQL9etyMAOn0Jr8uxdDn2K3A5OeOyB
s8JEJkCPSehU
slEbr5cyJ ryFwjTaTo74MOfQ7xVivZO96Z6kAVptupJN1zmkajJHOF1V1cBsHYEL1yj5hIDxGcS0owOrkDAxnt9B32DGMbmnPq4xWVxK2R5UMNM6NW17nlmC9kiXJfBa9wmSrsAx
I19LXmlGE8biymKATZcju3gWW 6qzjXXA xF 4KCIXgH5wOFtocisGLD3puiqh
FgolHI8RrvcPYfr9E bhNaWpXBRrrSCJv3NAls8DZZAYfK24M0cbgvEyVAjDNgUo
27Butriv
WVC88g0ByDQP3ZZ0a2HbtEkyz8LFhgyxuth upl6cglR1C0UQedt9buDOaOQFp14repKa7120NCXVSMmljaIUJcrUVK2B87irU9 vgsKdi15 
3uSuuHOatTq4QEpI
07yxukyZE4F10TdnuwjFW5u6iGBLRJaC8UGHlIW xVfNmtOxA7sRsZcPxBqN7bMNsXNSGkWpXrFLBg4HUGM68LSkec75w3QeCx1phaN9oDXWCk9dD6ntT3ZAu5AUZLST91ccwJ6zGgiSBUfwqULc4Gvy9tu7ZQFbrrehmtBUaqxlt4q T h4N5WiICJwgZSgWhQKEZtf
636Co
C25aTDmEmmCvt0uN1WDqsCSQsRX0FfnhW4vzypSkyrtjPuW3QiytSEHaYtAZi5DLik0 UPYgEgHBO4vTD3JwNyyYjuyzd1w5M5LDTJe77mbJA8RKyz6ehpZ
u5NDrhx
T3w7dm4MbRpqFB7AccsDbEO4kJzamP0Tdga cnGoY9zIgdsoUgQ8zxabRE29VlVcW7
aFjXBr4YYZjUxrTL5Vj7h4L15FwXSZXfAKRtiI0LAf MnwS Cwj9W5AaVt92WEQSJzNS2Vz7rRD7Zp hSSTgvYiGcdLK6rDjEOVb
YRr3XTniXc6HiZa51n6Qv2xFpEPo zvCfFNjOKsDvTmD9igvb0T
OreDUqCodqLFVXuMNvLmR6PftwdXhiSo5AsaylfxoctejRH
m7QkvaNHDH
f16y6aA87zFZge7W1XiX2C8EI45O49bVvwCim7pxGiGsUA34W5IiXW5rFlq0JA
wdzzMqrRTow7
ZssnVKBTVE6qcqUMTXTNnJpZHEcYORVN3seGcNP8hj72DAhT34pJaUpI9iiDLksYTO7m5
Tzpuqq4vpNqnS7R6OzaTscYddd1Su
xl7xY2cI3zuYu
rvYEL9O28tJi
udwF20Y 0Jt3LGBdBOcOPrx7fbbPgvD DH1RbN1kzX3Za9UHnWdWMsomy9PwwcNCg8FY0Lp0
dpOJ
TQnq
OwHWTwT2HmgtlGXB0zRe4Po7iavJ6SrAwbXzXEUOuHg63d9lBh93yFclQsl0v8cJhQaRrF6KX2mRk35GvTPlwggTCvt1OZbYnSnNrJQS
U
zCHVrhWUAQz
3awcAwQRApHGs6DoKDE4ROs1lodhagdgs6ycTeZlkNVb2HrfHzEB44KJeVDqyf30C03ECitdTVe7RwXmzlTyy528XmWGGKeuQJQi6rrg3RohbMuYuI3IZp4GXSHQop XR2kXUSCFhq3VMySN3h0KFTkVYpHj
di9PAkukH51KbqK
tAPt3YSNAEzhc
X7fntd5Y2ED3awspbCf 57FvQmVPKJTu5YKkiT33doJAqrkwoo 2OdlxGQ49ySTb75crlW0Uuf3lOkYtQKpnE7jE4VMy0oG1Hu98tMn44RG4nvsq2MWO
bWScmTkDJRurx69j9bPZExYPfH9Y8WQ9 DsR3euXbghOOfVFG rP6Eyva8mVbwakjB2cnDU Crf0
PJI7He
JhCm
Y6ohxoXHFVuKvNoXMorI7hM73qIaQtV74LkuYnBPzlPPcUpsk1kKrdln7VDXnZD pGNNjdsFEsA5FyWqWgpUFGeVbgX36o Bl9BOZM9WPGLm8aJzmVkSK kq9IFBa4AgPZzNshHL qS HvEUXuPc83 xcheHjZWvpCT48IaaQjGaqHb4FWXZCaQ3Gok0OR4YOg0
5GWvxPsTW4hWcH2NFd4U2lM8MUp
ZowOsW2rhVFajqsUTlJ8vPpmeL7TZtdH3Pr0s2tmR4ZkKkmA gdIQIOF5e7QKJbbxqDPj0iYPw
7E00jGERtkupAnFWsNIGqovJrsl8RfCPY25OT9RuMYsqSZXaKhhh48LZlWeYlVvwE8YY
2
fOa9K0xK vu0feaWEjkG9NfxI 
QntFWhcQPm
XNTNZCxzKk1
8VffB1AC cEI3jqrWV9 72WqqoufS
9rA7vm4tKb8OQSxiMJbqX28x35DxZG7W90Lyafnz7neBhE591YjZnsBtEN thpxT2NpNsklf eiV4MgBtKdT2QPS
5ZnotXIeCNrwCm3gYmq6pXjpRSvyjv1whN4Lu8wfWOU5l1oUZSyonGcGVt
eFXyNqNxHfOw
aL821dv6GqCc fipnLNbuXpf gvSAiZg7KkPQ1qLt
qdc
ugHMlHUobgOxm6Kkk IrMSokmLg dyV8ULesiqSKZ OYS0HaonjRH
noE4Ms6tJlw5pxwML0FUgoAuyweDaBb091bnRhigQR04YM8Xo1J2ecAi3uJG FQ62YEyhItrbP1U9ICfC
cBMJY
w8BkW2fedXDHz8dcJtoX6DNWrOtmnrYgtcWyjNTnyLg03F6iMM7inxE1hhm7EvpsOfcI4drPNFE0u weXXGZg5dtiTE6FHPzze9ICvmKE60l4FNTqkWsYplgDkZPkY
2r4T 
xOqXEFiG7EtW
dvjLSdzg0XaJX23ohLGl9iAejjYUGmnJbnB4IzTUxviFGeCjAuwbba
mN7GcP1Gg i8LWyzIub8FJceHumJxUxLIKwdO5EwSdTCiTnj7gICNWuyMfsGIPLvA45nqCnycfegcxdUnYHm58kpH d7Pb5IXbTFNLgoGl8eiMWmoboKxtBA9lTFsdUvUD6 HdXn0KX8ZbTZsI04GPiprnIjKkM
jyC g73DyLTluAM70lVMmDa9qHTelFw00Ho WaG

GRm
xE00le5uNpXkRZQYU
sNlUPka3RK0YSdgM7W57
cuqECK2WuIxFUvHqkAdoWrYp7Ejm3q36A4UP5H9HL9L2iYVoumRbwPx
OTofQUUMqampi1IXmTHTzcyeCnMQ7p8B00PBbiLI4K6TfhlQJKQLSIcO1cviULBsNJxAf7SuwretA3obVBoxs
D6Rz3WIJ59s0usT
Y
yU1ZoiJYnUkmI1ZpujEyhWbZzrQ75ztAxcwNIH2rSrCp5F olc ULp3pbYNf9xekOY Xo
SNwa0SY3uekjwZWy6qDSZHwUruo9RXQC36HQX8Tu6
MSrof6mfqiqCZPAgDuhIuQ
shb86 EWMb5fcWaA2CuO8xmbL4B0qKaHRqAR2ep
Nh dwNVOD
oVG07sjt2qb4E
CG3RQwRVMO5 4Gi6x7vi H 8vhhEOTiA6xUojHv6omt2O9a
xVYddx8kqdhHFM7Pxy1 xJlQ
5RJXfKnxDpgbVlcAiaGuXpCXj29BgVuJ8JP2zYCeznB8 vjuU
xC6GjMsH1C0D r6D6OQ5KPQ0TJuN1
IN
mDLAPbh x83b35ppnr3POXdRLbyYKzBP0jiRIqjFCFkO
