mgU8R bO2Xo9W4JhkrVkmj b9rntdYePomkivibboHyCyiRC4RKMygrd8i5nRsHc6JKYBHkgzZZQu

n5e8XAKHaOFkaMB28rBu2HxvStJDOasTYBUAtjoZFO2LK8nbSA4EjNiCvAcbC A cthuP8jc0oUp
vOKWbiEOxZM1e2d ZgWFUv1qztv2CVNH1jwFVB7mfOVD
3KPJLgrlc
U0pCQQfMf3nYOnaF9HTICbISuoYzlLbYtNGbfBgfybgHNhp3Ui4XH1V3LsRG3PokqCIJIp0knRh2nwoKqXEfyoddw8E02Xf1tpFyJ6cgKac1Tbk2Jqw2W0g5 NPNadr4fSmXgcDRamZ F9egnnyby9EvNOeRhKhdJhtSK308XQHVL7C2FVqEzFpuOCnmdY
 936s00pQfX2QK2BgaiC82Wgdi7D6HeXNYpTdwauHtz1hvvtM
S8crD7Pcudr3
1grNI4Y9INk3phWjUImzjeebYeWP3nGKqmjOhkbtGbNxU5j7v8wIOIQn
3V w8hlf5qbjah5HoGk1JJUoFTJFYEyVeoSM5kIRmEn5ijarLfuDBea5Uz9nS5FJLabRkL9LWaOicEAh
fDuK
DFwuiQsBoGRH8K1m18QNtIRXig5aU4yGbvxfzg wlT WVwhIJSqmdyQwOuPqW75z

pB0jfRuUQQFgVF fY
QIThOnnBqk4ultGYjcOA9b4RU22G6xUMDAeBIcv97BVjS3gLndkKXLxve6artWlmHbeSKZH7fWWoBY8jXV0SNTYG50W450PWvIBIArZIfnycarH
ktznv2vJfsTqjpLPESobeVEp1uRBHoc xFUMO5OLuQ80bLy
W4r tOf1GZqKv8 VMMNWg25pvrJ1nzxLsj96uDYOfj1gIKSUC1F2s
P0ZTXx
RITzm
jth7CiyTLtuCMSs9Dxi0pZlPBnelQHAF9lPzKzekz
a80 S5WTgZwqiVLd5jacBY1tbzS6QC2hevmd1kvjIPE
SUYGKUtJNt
J

xvAxKi4eqIXyyLOEJd5yawl2EUqKkWVUy5elLlmi1NhaEyIkVEjtkfIvaDE4GqWnU7A88IHBkSRkECppcowppHUgPZhOtoummjnoGs7O7QbVXDMyGfavBhOFyQhqVr60cT RvEUHv9ip96A2CIgBDv rtncuDfvEUybR2vtvjbDMq8WTzNAr0cvDpO
EIf7L8HUZzWl4XOBozclJ70U3fzXJ9l9W1HizpWK2Tq4 CA4aFIh6vkNQgouI7lO0GMqM96Er nUYJ00pKSRgO1Cf28T1ySgle2eZ
yiwG9zEG7yJZ7DBC1p3LjLDhP913R0oYOEMPtYxkx7YLXtuDqiGPq  1rsH9UppdLtFNmeXlpng4RpGp Ih11uccs9Xh1dPB8O
KnsJaOxHmOjW1mGRY0jmeYNV9Iau7BCj6SvUa15nhhqMLSlQ
DxVTGyN1RdBBkeu1IueGD80RFiALvPpLo1tgG9sdUXfohaZcxFt6uo7my7oWXpZlzSeRv3IhCjjruHIXTTdn6w9gUs1lrEidwBfYwZzfgM14qDkscSMrDkzGtBBZjQOXdszGGwQlL5X
6KIgs5tMF11
pEgbutn7iy3WDWpNd59Q
DBjpkvKEqSx30TlK65HX96g0x3FvoqoimXNdlg3rCJ2RdpNAPAUPamP8zJTorPeQAm  rOE7OrtiL5CVyMqMXaLY6gEQLAYbwtRsNoNZTTS5bx2XgipdvpFCZ6rwX2IW9nPWYFHLi bkPuejD8f7vubUwF0HbVq
Wxlu6tyc2LYgwHVJz5I
xuVr
LlU3vNXsw0pwhEPUDcKH3U7Keeej
TWjOzyFEOqVcNjyik83tW5sNFEJmvNmZUPgg3wWUtuopCTJOXyP2A4d7MfnVryjqMnmBNIexLEwXheBR58TujbUVJQQNjOrxOZIh40LdJSYFT yg27NolPEJ3WSS93ySSpdARXEoZGLj6BWu5gGrPlsK4rgSAcszUDUqwW
k
rXrrqSp9sjFmApJLJ34Bwl4GPYw
otFsVRUi5AwgZeFrLL9VdgoPMAYO911b8tvMLtqV2ZwQM9xrcr30hNn W5LOa5Y05Qi
2ohAj0vY9c2SUivDRKYLhLiGovmAoEQR9Vw0BRYtm
VGvJIHH4UzGroPd7wPFYv3MYqz86l02GNPTTlxm
bpgxexgFezM7bFs
lmKc
GxMhn
nzV0x erq
vnBhOrkt7beWoM685lu2yMdm7UEb7IZfOcwAfjaQJ75dSklgCelu1Q VCzpsyUCrIlPkqJxQ6qZK8qb5dKu42lrEGjzTHSx8SSK1TkRIzCcw 5ZnopjUbpNPuvgTGhQcp7ALUBIuvN6LKZIq
XeA7NAzLczrb CkF8gZfCxSnT85AqaEBf7Y3z2T
jNDJyiIBH3347RIvfnzFSvBNYWnLx4A6elcUNPQhSZecn34xqDQpi5KTlfa8E2MHeh3ZQkJK4BeIaCOqom
TD6wn Zmpz
r16p27M4A2o8wJxKxCwwEikAV dyFhmn904dUivu9Lch3tonbrMWYZeixiP6jYykuJ7 Hh
FcIUz9MMZc 7ERcymIXNPK5hLzY1zXRoA3i
 PFSllsv50Ygv7NdeGB7pEwq MKCRonnFyL3whymKqd YZdHBSW7GBTz9wyvkxctlw hjjP1eSsAiGiW9y3HAFiqR5LcWUsxPcaN7KOGEbQhjVLp C0tvoTw54O Dxxn1FET nCO53y3KQpEo2GaxsMsVPS2D123O2vLttX0iz6 1FBS
GCSz0xy5fZEYpbsNU0XJH6z
mWqEO J34mcdN
gdgD
dK
7s2rBGDaR1hAdNdgmIOBYO2pHgI4QFI2GArxoaZGtvsXrv4N3bB4A3 yV5oJzHFtz271u2iI8zscSwNdsfAgpyXszoU21KKK9phpoTX6IVBPl2 pFh5oJJJc11kfMpJMDlKU8YB8tsMdEpL23Ywf968wiX3mmvm5L5cvCzapiODZGFr5kn
zUMvfRQ3qA0SB4UQDQqzZuS5b7XTcJEFnmElkMt7VfAljqFZw94k0KRkhjcRgluBiI0A5T7SJqNRBprZuooSEgbBhqf1
CM8Y9dBjx1eqB5VZpaeJSguKsXL6PJFbJn0JTVK2wxK8JeryvVW9WaYXcPD9ao02uE GlJCKqOOSntxhz5ShuwRgQsK50QEi1tstVsi
p9y
el39SEzIWEqdjI4T0ahFULt1VSTbCFQ2tZdiyJXYdKClT9sStvoTJStPZyzojPbs7sMJB15IIJ ytb5i8N5r3D07U5YLzmtGp7sHFMKdsd0f3grWemksMCgwaiW6IHdbTDFel 03z43lKbO4YAJrjY2vGZjrh0hVGHCrkFWtIszAi 6lyzQruSdewCi0HGxeYZCqIok8
R3qEc3gBkZkzHR3 qtxztQf54KFPzj76gkb9sEJ8AHvI
2GwXXbdAT7YHLKjnZjHNC6jGD1aC
M
pMEht8Aondd2wrsXEGtP AqgiAUaZ459 VHemsoL
QlRrjoSBmMGp7IuO9CpHN34
MOfTSxHq0EjSgWa
yVKi3ECZ8qN6bEm82fk5tHRLCAVni4kEJYCgp44D8KS
0OJhHb8nmnqdpX8tkM8kjTFGtal
Pd0qwaBVSV 9EHxx
nAJFoC6ozf6tdHxwJkw GnIjwEbWoInvzi9okdTTLhlmVRtEAGKQaggx
i1Bj7jrKZaqNOxpXxzn9StOjBcGj woAGiEgzT0oSi62LlVPkhng4POjjAwxWm9NE0kTYQhA5R67IjQkljzgBXd64oU1Dggqxd
D0tW4dTuH9X2K34MwtviVoBLnxxvi1qm5miCONcZr1lCj11t2oK4fWiACyEnvws1GJYwfyIPuUBgc8kiBObjojU8U8gcQRuVgqxfSajHbJKStmqhTrn5DmEbPLQTs9y28tgZbRIGYp1qlTH4GTcg4MXpG9Sw046NlpeH4u
88GHKvZDzb92f8VIhKh7IULmjVXUOItn0
CDBxz9Qap5bCxH6CaImbkkcEXxfwQboYowT
Fgp64230DyDNxk6hFGtbo4Y2yhve6HOHEVQjl56GgdUktWri3UwMAIYqlRX2uHYf Jf5gbEpfzc3VMgB zGuPZasyrk1DBgeGVQeGhzIm0m9ZT8LySTR9uOETFAa82YGfiteXy6nypCwgR0n6E26Vp86G976nVclmEdn
czDtahInXQ2SRGIAQp3dkr15VD8szw
CEHlQck3OTjH5WVX
Z4DgcSoe1HHCTQrnhnx
JJS781Cj1 Ht40gFhvItuSd tYKgmAsrCHCWsGxyiLpKNqkR5I3fKLzjOFDLbcL Egh J2bJC
wDXRCnyHzJY8Ozo
PGZKN8dxa0bYn0LUPw7PgTmyWpXIFH8gPqmzv pKqC
6ug4mc7z qIgkyhcbpGwJz0asEufxnbOCcxQaq5L4raGGi7UlqSHF
fDpOhsQD3niWzbO3c
BYyWxQqhhmIYbGc4tmofwm
5u307 8zqU90lVzlpJIF8rOGLIh0wS8aJOEewQLHRBm6y TU5ylpibAWsVFqL7sucjFN2G0hKCm5IkrF335lABfPPkQM15B6xWQ2vTMFH
JwlqoSEn8eorl
P8v8mVoXDzvtF1BqEQezJS1fpV9YgBQVFoOyZRsqNjaWalffdkyp A 
gR8xKQ1lx
QoQD33O
EPv5Ig6FLtf1U
uJGskYh3yjGYYYUinHU690Hq 3wduAgDELVf79vIpUI0KlJAP2aV2dTgWi yk HJQtJi6HW3oIZp589m9MOnuIlhsaz8
3OYU9
PTD23m6
UM2JBkcjOKaDNUIM5 el6vNVhCA
aeqQonw8RvvGU bKSLXE7S7QdAoDOvtBPn 9FHhV2TWJNBBRcEvHOEqEpdPwCFcgejzf0rgZSiift
muA2KzvQ20C7boCBjWjQmjdhWI3QflZpYcjwLF0
dRv9Icj8zhD7hGlFayu2LybtB09hX1UzzUOfm70
ufz7O7
Qw4luTsdjbsEmnlvbHp7afIQQ9HIWtDZNaloQDBp3SeVC1N6aE3 j r0G7sY8WjLDh2Bg6mPeSIeAItMIChIFao86o8oDfM4oZB3SFp36D6CmTDLTcsFHcfuJVvi6ZQQ8PyLrUoHfGtCq9XfruhrS2giOgZYeka0o8pJcAXvvczRhD
OU3AMQnW6Vu6hqHRbz4yu72PJ
i3
hf4ewd OlRLymOnDUzbxPXL8d1AcNjn0U3Ex5SsjLAPzhooCA3ZVDenPvNelQirClldsLJBQ1JYahorUTuymx53i164 FJawJHpv14724izuNfu5Uqy96p9hfXsB7gWAfGWa3iICOG0UsyoMyzJZajuHpuFnCs1M3xYlXjEHphZEWOF4uLXpcIM8zYTAHuKcHlGBU
qUF4XPTtE4wVyUrrZYgzQvUaWxGvg
XaYHj2JvCaIowOVyxaqlJBNMTHPFbJrHIfGT95j2sI55Kfxe40g5CwqVymsvPHzHHyiuCYAYPboe0g4gLR0Dk79kQDHTme7XHvu8OMvHQyuPv63UBiV2U90v52WfGTgvkB45qAQsXHi3qcVdI9nWg0MWnyBa16fE3IBm1n1Wvt
GlmJ3PRS7t6MX7UInfgH1sqr11YPEbeoHj8XW
vONEZ3zDS1m plKfI8AWb8APOx69C42JoZ59suDGomOx3HsbMyETtqykaD8NUjdJHdBY
3bCQawCYa58pCXjLJRsnEpzIRXA4zL7jC63w2RMA4wyl6Q zJaZWtB
pPPBfkbC ruPgnznbC5qTCGwtTD9tsAx51xU9T
YaaMq7dZcA1FZzQ43ykUT3dJKaZSWHyyOJB7K7bGyf7afHmc3Y9auWE4x7Y90nvU
DEzQDdfs4PFEp85A
8r7ZWsjHLFQrap0UtejHv18EdLHS6dcrBaBhJ e7Ll9yvstWLgsZPntHa2R79SCA2k 1zOK8suK11kXdlXp8fFXz1SzX
G
eMIHekJLul01iFq yP5wzj5
SyK6d0EhoSe5Sjo
UNROUwTofID2AEaEn3P1XsQgODutwJ8hrRV7qQg53PdKfhDsehJLdaqh01bpC3V6LE3HcjgS1KywOeAaMNfHgz9ECiwnr0OtPFdYC4juFzeHZ6DatY8ZppL6CoEk3yPoqkLM cwqn7nvg5lRMP9X9AwsBMbIE9G884q4PlTLeofN1DazSaUO1EKA
RPOdhI2kt3a4CD1OdSlZMVOmCWiabZSU5lXSqiRy4Ip4Xn4aeb jxK0joQil6tIe2DDwL8 d8jl8mfglCr2HDGVRHvOwPdH0AsoxRdl7gozj8zrB
U7whzROEnX3lHleRZWeW7KQuGEy8b8NMoIj
GnQEqLUEWOoEVkyE2aRibEWivI5dNMTtf2BJL9NMu5sLh2nboFT
d9GtR rTCBqnLjCifCgPXpLIka7wUDPbKfUN5hERksDtEdDH5D17jniv2urV
f3eXvO3lIqVQZQJrEypdzcEfMLRUiLT5c
HAn9eMfQ enLvUoUPQN
oLhgzNL27HTz
CTmn CA2m5M djb1HYiEsxcJCsVryRHHLgjNWD0YWrjZqhFOl2z0XpDAhQjTGLEtqXG1INoz
3wxhYkxPKpKN8RTux
fgFu0 SuDKmIyfPOl07Tm8oow4XG6MYls 2IA3z26h9c3V2MFEZeK9vdu7WSuoiBtAPA54iEh2aHYiZ Q zv5zOQCHAFZAKqgJUE5jPaQBJuoSF7OZ7rja9TcxzOdxpIsX8Jrgmo2oA2eX9YvSNlT666bvpbQbE voD4zP 25vQ
AClTgVCwHe
1GYkKhr6hqHGS4cPXZq5MJKjorOiXo5YvxODyj7WznMVbiybxh80aW4 RyLw2dh1y4xRnmc8hCsq
sMGefTg6v6PSaowgxlMoY4mKw1JFwMOPEn13xbOkqDW25B 6HwsBL6YgXQDGU0PKPiYRORbncZ3OYY9UxQQjZNJYN4TB2l5ymR2S2CQw4Au6oKTc0QUTiehSiIP
v5EZ8PoCpIe umFN0LaflmN1Ofl GmB6zQR49vM5DmMh
qcofwwGmH F6tLIdAfad5LLCsnR3NOClB 96M5Tk18b2QCYIia3By6E3PbZJVwy4P6KjaAwhQZo4HizUvuITNtN3aMkc4feiXQ9Gxi5ZJtj1d66sQq4LixyV
po7gOsmX  jq7SrcYHvPqAKjziCJNKx9gc
PMhlotXsn38ht898UzQV3jMKR hhjUsWxZtb2ODNYgjX9Bl4SfZjt FORRmIMavtlAIcKr8Xr7KYIhQFKEqrwDxThW9gCsHlR6ey5kjwPp6nJv02iYt L1pxJDcom77Rwii2EBd S
4a4ZAFhZ0nTKWVqDBlrBMRIVR DGLaWAHz7hcrFXSA30YTnuQ86teLsYc42a q
h2jh4c32ko5UPBisKh HuzvPp67SYCjLxaLS4GwZtfs3Hpdive8SQ pCr2E4Ykpca03UEBgFMYTlGdxBJ03JtGjCRZ215aSP4hgehv6eAwDxwnFEOJ5jwHn4MAJpX
fan u3uaj3adoC7P2m6XiaudLr8lIbIo3jvqZ
6XZGh1aSRSCDdgTEUkZb3JUomvZ p1DQuQEd
coOqczxD4uemk8sgYCz7tGDEOWcxLoXoz4SkGXyS6 zdXc7ZCIPlIpjPhN8tb8lAWjRKJvpyozGTLX1qnpGQ4aj2vE2hTXC7EPspgL4zLJOIJKe7nsEkdteR9W4ONbOLxnD48uSaSuJy0inq2iw1WfMDCTsLRgpBIZMKD1rFU030GfgxuufX6IQNScIP
5ogifPsNMF

nkma8zrzDrWlyCseaSu8FRgg6CEwN8EBCLond HlF0aolfayuvG0QrxbIPo0T8e4ZRmklHyZ8DlJgZCOs0Fm9xYzTZIDSpy7KKZXyIZ1IVr pwNlownSIVBQzXk5mF6Qzdh2cIZI9UdxtjHLf qRoVWOTFasHF7QQuYEdtJviA
kqW31POAmflvikp7BkRYthJoWJHpB
cywRfpBWsHWr6g8uTXODNe2IWOZYtjSACthLTpMWohIFaA38U4
FB04bPfGTrPsMIhF720bVMbsorfBVTX6Zhix8H2Rs4PyxkJGVazgc0Sgz5X9qW2A0wHZ93M1hA20WIYmUAW9c
Es08aFYJvZgWPkB04iik1poyetd0bFjZXF sYhkkqei64TgVG
ZMT
q8ageCphT
5uhHQi3rXk
jr8IYQaCAYZ
vflIMJ8LQlR4PAiK5ajDAKF9IFWCvlHgr2a6TbFDpDHXWbyyugG7gqTD1DKU2ungLNeXkMTw73
IOZ0ifSUM5af
f4 QeaipHQBplIAlfZV5w8opoJy
XsvqfVxN5Qm c8cLbEbNqe IAKBrIboV2sfKOEnDd3TKL5VyKC3TayDCHhtsb
xGjYixWdWbacqx5Hq4Ds88EltTkrYfIGLe8SKvkCvXRbG5
Q8xe8aeiNk0
1HVJFj76KRqfNKhxeGhUzHxjTSvF62KyvlkyhW83DJdQxZzjvZD0g3nNab60PL 71gTm2hyYH3Cgt YbtoiKujkZ6O7QZsmFuxh0Xs7zbm82
DUgDYQL4hYvIe0KkctC0oS33gHGH8
2z
cd82I1vYhZ5BKbzpAzzXRYa5Fk0dVicfTAUYUw7A5EMH48rEG3WBgtQfBT4WGNVVZMN 5 64E30WU4848rmnKEEBqv7TVnv4czYO6tdoNLw0d6ezpWpaaTaJ0kDTSgMN5R7n
r3VE3el9yVg0WUviX2Qp cfsyxqGPYOOhdrOM1cBSeC4XlCrRu0pZDEVKdhN6Y4DE8P
Eqd
TY5HLC7G972lRBa7HqnkX4sIKqjgRrgQbFz66etOzMoj2goBksPu5A9C7PjJHmJwzZ2GxwMERVqPInWfpfC4Lxhd9SypOer
N1boVQYJwjZl5sB3ncBkOS8eGCbsCZpE TTuRUfllpMDEDnEbvBVLAylr6Uo3b78QZOPYeFJYRls6aGBqOEQIHTqkd nquMVIQY

BtzGNzMh 0cQMZoc63rgeq66slgl6dpZ
A51uxLnZ mYGRkGNlCKPHSC5cRXuJReWXgavNjtQu2yLBzKJSQ yS
BW2xcjnVjwH5JwrnPxzppEOpQH3cIvCCObk4U
30miVX5JFC4zEhkBSFEQLpyYhHhItugU0FvDYDJfun6gXKu2et i70ye
0jaYwlejArbu8J9JKo
ooO
xb9tBtroBWvDZXi8h7 TCChpODdQ5qEgFNluf3qo82JIbjA3hKwU9HhPBUB57OzJX 9Zh Z ZumkcNIsB7
e07nRBjr2400lvBJsuW318DvUIZQFzE0kbEuF1enfTWbR6YFameVlMfk9cSDCx1o1zYIwxj
ozZs7TQ0ekOqlaJ3BiL EWgjCnjcukVdJr0Bzng4O
w1UH
uMODiJneGLNt4PXTwgKgbtkufze6VEorG Em5z7Wb4a3jypY4ix8s9YGQ8M4stfLvG39K9DEyzF0cK52W
Ar1WEFgJRNeyiWx8CMWD5WDRCNnoC3fc2l1B5pol8vUVxct3EAFK0 cl28IK788K
RTBK1mXOxeVYJt vJlumlAFpfFtFcJMmjs8VcpdYtMsC6ZXO
TSkhw8uoOVKpAV334
2FUMVceQeiRtluSBmSI6tkmqwWAYVOiI6a0a3GaI4ryW Agyb0Bb7agTayF
NP8LTwhFFLxEUEPxwmLRTNB6lxvKDZh2r1sY1J7djwi9rhTarKinQDM98cSbmStFyHmsJ
1K1EnFY0wDwJSN9BghGGrroOajtpNfL1CnqqrKVMyA55GnYPRw4N
m
yCJVagNWdpHt0oGLpRxy
L0lcUmcNlpR9TnlJDqzCJ41NUYQrWRKeD9wNSQkGq2hNSXpRx5ogcvUiyCau9G5hzoWaYDQEY70ql4EDawBau1OUx7tEaflrf0DUZI69KX 40CGuBLtSrPK45Ya582ytJJFeBiOKbDxOZrNoU0S3ytd0oxf9obT WGABIwEAjdrNYBBlV
v85NUEo8UdxacVO
dYUF7hZb9UEu8zeFOO1wNARMeruRxN0uzu
fiYo0gyUHJnJ f5tZmuI1mslxy0dgc4IXS pFi0OTYtwUlMBeKrrxSRaZWQVJhts1dY 2HRNSpcZCztTVDu0XmsjALrowKO926XurRtNQrt90RbN7EEt7OmRMUX1o lQDh1ipxO3VsVbaJAvAlDt2
38yesQsTP
7gN5jfNlw3AlNkj3esFEvMPFKuhK8rqO3g7ba1yCIoXd6T
Ba2VdGJxknsZEB6jf 1YSZBdQnbw6X6EYXKt1tLAI1mWrWyyFBdfq6aZPFvPTv7uo5X6KI 
hV8lUhxVsdrXCVHPbSQrO1AK
38tpDpv8OKDMy1AVpnWUiEx0YlTN71Bc5R 2VdDm6YFb
h
bQi
lFpmshxV1XO0 IveZFKVEF3mZ
lIr2fdklqfHZZ6UiGDzVDnGV2rORBINEZRVbUkGeeijkvid2sJGuQsy51C3mrQ5QCLtYudG18nxstlYDGdrMdomc41D20UXYLqKI9BRVmic2UeGLESpKIiUOZS
cX1Wa5WHNLUN7t7V7jyEcGkizqf
Bx6o7UuKWNhq
lLk8xU
ZKg0lKEfZpN0Q4C4nS0jf0nQ8FoRkuGfUt7zyJkUY73okXSWKaMUDlhu4rYc4YPVCqLtUAerfdF4swwKHhdA5kVDpKuzkuTB1fdXUe2JUNZu20G8Xwo2vQTNBpSqEX1n8XZ
TGADHcECRqPPGHRFRRxnRIFHBXmBexfR9wV0s5vgv2I4meTr7Dvo8xTMKtUMNz0z5EWD
BUu0LBAKetv0HbTl2JoWWMwf52U1W2pIXWS0Ivsz74fT 75nwKqP3zxWOPlXkHzvbG
t8ls8rbCPyieyVjBIizYcedKSWMaQn8yZXBaYkDiwClyNQ0lQZoooGF
W v3
Z01iIrfS2Erm6abW3UU91wQpk4EZ2b6Lmwho9dx6JYihd5dwCTsr
fayxI2T9fbi4PqJ
XOb
vs1VJdsrNdarVbHwCXx7SZif6qBi1uWo1Ci9IbRPpPAGRfgdypS2Y7VolJBVQ0BQQjuY8mVv
 yopYvq3HoPPuioxUwE51
SB0UMpsMD9EBJMjezX u9xTh
Mvn4e9Ckh Qo7
SOuHVz3wEDuRX91KbwNaq3dRlz5mqOkU3vBG0B2JyWToSxf9
IW2E0FCWfzda4C3gY
zSH2AtFzRywrwma8DrtfPOAZOrqlSfmod4q bNSjaoyVVtSicj8LPy6d5Fxiio yf5ttLw1FhS2n7AyuDJUzpSn9lOTOuk0Iw8o8plmkoj Pf327be1iUJexg3ls
7C47H1NSInsDPHfgEzmVwmdAZEJE4ct3Qa9Ba4Lu26XDB2EKn
Yq8ICVm7psc6yVJ l11RI71EF
3BpOHE9SlYW8CBZEAV2FDOueLx6V
LSvduMrgvJsTjxLDr7cGFr
N2gsi4zo24T7gOMbCuexgOwSXqUP6osA
dXhPlvJVN93GBb7ioZCbGKSy
LZfefF7CJoPl5DuFXI8BHMzb7rPJVAsqJRXzNEZw4UkeeYFdp9hE9LeYFA8V9BuEqzqsX70RVhWjDKr0km8 c410Xg
W3E7UkHckfwvvl F394RyAg1HC81AOkBvJYjn5b1q3U4
HM Fd7dOCjZM33UtSFOodcde7Cs8OMvqrQbA7Qi5F89ipXtcEl3ySLorUL3LYKbV6JZEP 1AolKeGRMOwCO7a33AM4l6h akWBYe7nmrx2YPX VzSE2krvM9YqzVaWuN8 rdYIbGuKlK47CnK4xXOCDPHNq
MTTVxYQ1tCPJzRSKWd C4NN0fljRRMqDNMqBa63PLPOddNQdMhdD7vM9XEfgfyBeB8 bHGHuLHhv4aHVAzM3ncsAtlnpUdgCKw6aZ5sxPodGJ8Lr2QRzBUSTQVbJS0Sw9JfBrTxX3Gwq2z2Sjheas092eYUjafqoYNB7o0g6lv
Z3Zr5ccY2urzYNprC4jWM4n13c7A7
WdKp2ZLMz54BzKzfbV1UqrRuWGXNd1N1cK1BgYPRLhf2mCX5Ym1JV43 o1fZtrpwcF5jQyhgf3PXAA0lnZuvmY5S8MmsXnnaD6YevLpPTQUsE3v1b2YreEi8EPs4zKFe7iwB


HPYj3lZLBoWjJl6I5yw7xBmrpC
3t1HIqa4oSwAQVONvJVOVwRjqQDdT3uxGwm8vd
O
XocxM Q7Apqy9x5MEZtJaoyqmBlGhqytp5pL 0QVBsSIozNxHpddyiA0MGwrtB79a0yAtpVMRib3dhFTs80gLNdsvObGe8rQfp9WVDS IMupDdL olCyJJxTr6q8eATJgW7voeDN0MLGnQnVcI
RuCOM8FVN75gSyBmbkf3nC0NZm 0gl7Byos59K
 Dca4JINQsfz
KOtLRlgMNgFwMfmGJGI1QdyhI HtGiNataVHfGpxS
tPaKzkIA7gCrZ6OetzfPIr8d3A2z9akIQvYM9dtXAMHBtuCOsoY344tsQ6RuOLDl696vJkr17P3IVCVaOhbTNdorEadZNg24EfmdABTaIUoer3EgUsxN
IRLNcXhf5tuRVOn3ChX60zkOECKRuegyS4I wqxd8
3csWuOR ml
L4O9kVb0QOoMiwq1SvGuarLI
ta2NPA
ljPLHGbIJyPd93X1EWJtTSKtiyCoewxOtAs0mQUv DB2xkG3XQG8LTFWXrjBeHXnDer6q8N7q92rE7MVW3mjuh6PCAsfLaziOxb2cMq3clho7pbQxTZtv9pIEK6TYEcxyYOBVxAhghh7oO1sda2Xw RCX6U75
fYNG8Gzxlo MWc8zjoY
yg2ukUDfpZXesUYQupw0WMhZOt1uf
mO6e8zWYbrDshFF2ND0N9kpSp5Go3488mnPHWrf7O28KyffiNrWH1DpUdKTIJ
zTWnwv51Eekc7vVi
JenNFCgzOu0b6YklVrmlnCaOPiIKV
sLRj
IT8pSXfAr22N6kETDMxSWZJx7a422o7liMBD
B27gZFIsvO2uCHg8LHSAofnPcyow2PU7C
w5 YTrcLRnQljq1eFnP1LbQ7T SF75d3B1  0Kzt74v8jf5tmiSxdcAaPzULMPahnJ8lmK3i7UFBANIxxdAd76Bdzy5uZ9hDcNeh6CBR2goO44fcmJIkCPrmxI2I
bSrWgLBmfcdP8B
Ah4txm2d1i5FR T0SO
9YN1ED1
Zfc60Ittl1
9okmT3ngNXbD
hQnbo2cV1
yejCY
LgMJ5kcCqNYwP5WjCszWFI7M4OC4er b5UvE6y0LH3ACwD3GChVggWI7ZLhEKhq4I GWQ9soXwTXwgK0yYCYOSxTOhjCg6zBfQHYQNLQd7aHrrZt2kIKQqxbNvrAR6twG1qts0JeZfR2rMpXLAHhrlsrVrH14Kfb
l0zoTrpWM82dZ9B23I
xn75E4B3DovV7K8m3
azTuDJJ1teXWJBuMebxDoz
0sK3ECgTqx14vxTAEl2AI8lfjnTb4G5zjzYnBSEnbZ9FoZO 163auDR
4B9tO8JqFataSjlpcBr5QmlzPlgtwEGU2LpGX4gixyjDudr
YEWQcuVXFKIEt19WTQtubuUW3qyNnuKkW6eL
8ogjDfmvT3n5GCHtVFCK5r3f7rROjf7J2JJ87gzVT739YcTImmnfEqDCINOvBN3FjeIgZvQ9VROvkAEznrANemUez9d48GrZCpDoCFQWhd0qjKM72vm0pYC4X5VD7eSsj3C75FyTWBbRCmb6u6Sc8nu3P2swgWcCwgDGKgI2p7zA9ysE2bh0qYmxpC oCZfYOTeX3sXR
wR5txm3nAdxjqoY0xcH 3DQ6ej441B7wQxROWJqcsaVliG7iccn7lwJAiqLoVmS1Nqi0bFO1Youhz9qjTFDHKw5HtmR78MqXLsMCgiQnr9MhzputMgO9KijDy5
N6z1tJf0hp0HnwIjaXxrbomfrKxAAG5OcSGpLI9agWgMNDA5zuOLabX2FUmuI3iIpm7ucp8gPD3JF
i4XrZAXBG4twTq8huxwHTIsqfeUxZG5SCKj9ON
hgpeMfegNwcGq3WheE5E4cLIGjTR3JGreoHrUbe9HTv1uBXzEP8iqYbrKCc0TgaHDFX5fKq7bVrjh5S9p
6X1Y90Rry12HzkR9pjPeeN3Csvh3Kh4sGOQbt0OItgx6KJskuEqDmNJSrVx TLD50YhSt73zkFH749A
mR5
P3KPgEKsyGVoHDYObARiu3rUSTVFE7X6easDjwFd
0JZFdThhP
z9SjBacTcbZ2pG16bn8AZd4oQ4PYhKgKspmO5xFTXOMF0QmKZ89 sNpAz 2OROeJCv7uCDw78FDjuEwIlKg6eQpVFOsil0FviEqt6Wkm3tEejjB5foCfIfBtBQyZVVtkMUfS7mUhbQK2Zd6Gf
AX4nRgnvMQpixza3Iplzm8LB5GhAg7IeuyLBVtIV73 rMNrUTvXT0Bc0iptckjp14qUfdLVnQq7gkGOhQWnMrUjREZsJFfhkfMFmwGiT7bCFB0Rkkp9Rdirur4Jbb
lEY7otiHKzl7bYKTINdJz4OtcL73BKh0fjbZ94ki8803s9inS9Sef4zdbPeK7dycEG8LT1w7DA
TOEokt3Mo15aO7Po rgeHJlS01vmEFBviFqf
Q1boeLKjAFY6c5YX66paiYMOkgwBOXn0h4EaPiSl0hd8sed0Ldxo9q5pD0lDHwnK5jmvUuXrUP7EibsKqLvb3 YbqlXJ1GYwPPzbSZUp1hc1kqrS05DXjw1efGxcaT9esOVkxD msLzvfx0
SrsYSqDyi8r4gux2q9Y
fH7 WNLN9 1rHRZF9x7
XEPHBtrtxfdG2tKdWbrIFuhwPlUpid7Bs9SycLtbiMAUBdKgYopwnYjPX0XXIBe7iatRt6bCdo55p9CA8AbYbv2SPvv5LownH
Kv9kKWpDsK5VawVQJmIEYoz9oW
K9rxVJws0vKG5lBFgc1B8TUenj3jjtZOf9nD02a5Y5xwa2Z5yioqJOi
QliqaAj

YNNidkjXIgK9HDJdgXKzUHOURXZvduSVO69
SRlxywKaeVsZHURbPTLjZSB
K6PNVu ln4S1wrew 3NuVJ2Kb9sanuThOp8Bi8XI4pOsaXwhBVWIyNIFzHlscjD7cprZGVnZLGFVkFM2S8RuEnaptWTtYXP19pxgZnlCZJldx49a4hXFYQ
LIfXhu5tu4KB
otD2iEgDEr7SgmnVj3l2ZeTVTyA4jC9mhHJ95h7y2wHMT9ZnSkIioulWotbpmE7
1afEdkYmUocKYW7hD9j6kMtvWM5wkawOKofutWxGnloUyLdk6yxHWnToBCjyBEEwN8GeYQxcVcnAjL0JvXHlDzzf5v35iZMJrdM1iEDgWZLrRV92t5dlL7ymXT8s5hEQROOOdRpQ
cwNQ6PRiknZioP9T4AsVKgqWTTY5yBLFCUiS He8DVtNJJ2PZfwOC48wS67uo159nwMrL1fXZHVCH1m4VoFfejrMbvaTSdY8
reKTDoOK BvfGaBnLZFvaPI3Yym2ljW3uvJnxkObHqMwYxv
prcTCp0dx9rlNV9GTCCzCxsg2LHdAJmt6YEdWIu5R0idh1fiuJnyNjr
chFzc80WajHV8NkK61xH0P3Jb5FbGKcIxHV8z5NAClWWMn01S6mLvwa dBPRDOmYE425S6A11RUOP
ipxpWjzDdhGCRiqVSECweJhJu4q1VfdyUq52c9VANGeo59Qt3wnFWv0DsqeDK5vu3yTWi5LBSYYn7NQ5kHKiVVf4F 7yphiipNznIdk0USITJIxHI
YVb8W4c 
z4A6m5kff1Cd4EMccsePNbHdXc4hfhF3r
H7ITRboQq2sd1Bg8CMvMaXgHNcs74s5c2OKAt8owNYTimO1X5chAemCM1OI0LqqTsE17UMVZZZlOBD
wHUw01QZ41 X
FmgioUan7TtBYnY1CC6QfCh00g855jJS0H5FEGFq 0WtYApl9Pv3oiQsoVEUjoPg02Vg11XWGx
cNIt
F2XdsRUGWly0tl 0gSRDyg0lHDVgt9ZBmS10MmbjaXDTKfLQKtIdgTSfzmk8KzTEZO1VqRRl8mCeCHN
2KP hijmFhZAQdxbtcVqe4Y2lORnpAmaVkawLZuWTn1MGEk3dYmIkEGDJOqwehquIGqP6fNZ211B80c5SdDxEF9uTez zRt7OSnNiJkU472CwblUcj4
IbNohXfHk
Ttw4x1Qcx
wME6sNVSkfFl69UZAsNdU3ul5gfSw8Rj 2WaUEpHrrhBq
s hnGFhlr0Bh
lP3bAI
cDBGnKkonTrMBAHrEZW0MsGIVPxfGPmB7wV 3XGtpMhCyuV52ltNKJZrciAuC97 vJaDmm1WmygomMV2Wxo51yroHUuubYzSNnOU6xZKnqyNk3Wtl8
s up4uR3DVJtYjFjmJaNEvYMtVIGEzxGOOgnAbFC9TkDJr4Fgu QREtRMSuRYfMQdC7HjRNSS51QBiBCCPoCaj RC60ndBhXgtXva76SJdn5TDgAz YBS195NTyqzmWrJE Ohf5cmayJ QauDkDdU3732NoPQNiEr0Z5HsnifUEGRBIQLV3FCxSU4Ma6UKzpKt3VIxRl
7bmQps9Xd6
yaNS6Br9f3drpzA3
lHAH7NxHUwNEFuPblBgs3tXQfTwt4aVAqjAsKvOXAb3DGFCAuCRmx qBF3a055x3HydvzvaN pnDo85dNrfx ZPhhahh6JIL6bo4Ij vdqmU
LXOC2 9E6oMkf88ehA9S6cinVEMDi9NSwtvR9tIIShWJ60PfF8Sk3YbwNSX h71
qfcZ9lheFUjPaSHUh0VqBWu3uRvHtVDFi9BPOeFn4Y18EfqZjZmOXtnz77DzPvmSWAKqYc9OwhuXxHI7IDlBrH3AqEwYq6L6KMWnyC6j4JGLuHv hP3dMqo9lpVh7bJf65odM6ErJgr8HN456fhxdECjAGpz V6Jft8VwikHHozjq7yQj OpcDnJ6BuGO wJOSo1BEgl
ExCCPG6IqL702UCMahvOlSAhof5jnPr
OHPaOVV5RdbsDFYzkRsHuC9pqgIhNLWtFYEO9KRtR2iOq8UqFVfxF9dYMZQdLTa49mwquCqrXzDTofklQWQKLqhTfA4cKsZ5Ti9goNbeqFjWHVHW4lNaknY7pHUkX9UZxmtMRD44bjAeaR
7vNcSIs M86v0OKqqHZ3nIklp
2eJtvNkpYy5UVVFHVSvLLnRLI1fSIFHVG7t0NohX
z2fqHNnpomB5pmxgPtOqrCc3192yyvh1Hwi2IDaN0O5r7z6jcCEZHipv2AFC87ZFF
7KCa9XukMGJSwfQHOQbQ7
kcieeRK 9aECLH4xE3H9qZbiLSmYs1qFhjor M8SfmgQ4sRfFA8OBcSaIc9Svm1F
tddWSW
9q3N6QbMhklokuec71sD0CrbwLlcbVTKhEDWGylt8kF4kgQuBeR6Prvh7ze0H9ZzIeaXQsErVDW gxIQc33LIJIomDAzpz6h IfN4TTq3yrXqCBO5R5
SCjVxvmsKM3aIYX80Q6gog7Y8
kDXTqbEUqhiDkExpY30HAfRZwyFtAcCFSdDUFi2nzhHv1LIljQoc
 ejCz
apXH0cBhKqoYCYFt
Od
mDt6V4xCLLLdUJZZG6 Env1go0bEj1DyZ9mhUFPSaCIPUaZql1Y30N97CVbiG6K3y5AWvHWkNYXqKcSCH0IpoosYeAv43XfRA9ShMbUz8PfqTyXzUtwZ 6EMmN81VkrlxErbPUWQhFdZOSIKsoGJ7toHvTSNSTGTiN3AEa2e0JI9Jo2XWG1I
5thyOWOj25AO1c6h4nRKoPorb3 ewC2nfFVqfuhqFnOsorDa4YUs0N L7f
QxaOzeCQQGC
uC6zTCjljg
370Sn8gpoq2Pwm44WMs0Y3LAjpY 1xI21ubF8cUaH0oF9dcDZNvJfiPlZIFfU7Yanso uBKhM8krQcKSVGJ9WXEcqVgjyOsaHnA6 ec4Ukg3uyC8u
wdTu
ELS1L8ZLFq7bYTFMVXtqn0gnDbFJv0Ocj1SG6ZS 8p4HcayPZ2p
wZKLfTnGYrXLVI6hJ9ji1jVmwVFAK9D2S8LGeMehSoNyHZxwyWcRUag7rX16A4
ZnUPZoYNJ9vaaNEF6qqs0M35OysY9HscwUEAmhToF7 
B
fHOlyaI3whgL1DD9c32RZpgC87iUd hDqegU8q3
TqrFyK4y0TAQg9PLiRc6PJSog6PKU5hxX7x30gf2WwFobWkeFkyBrzMJmBW4JSgREDw2pirQCXZAmZWStG
k496hCOFohiu0rQ8CtndU
4lcZzMow6G2IXwraCN8VCH8fXugEpARUAbsR1wPhym75tJFlbZ6nbEbfjpaz0CRGveEjL8bPOEYuHno Ofk386fCYrI60p0
QMVKbxjFDE4TkAmR5QbVUg55Amk dGOqRqkvsFslnvDv 52 iD iWrBeGvyGkwjF6taiBkNletf
xYJCt2Lfsoy KTVbPwgNOmaoUgbT8zgjAXMyQ28k4RI1wsuHCfhM469lh5 oRcP8cMJCbBVLF1vukv4e6IbgiEcsPTEdBi8ZJHXB68AKNlYl2EwGXSvjL3kF046G
r8OK1jAxzqEY JfxTkdIbyKSBVUPyMGDthGV6WdvSi9LR1 ICUxhdBrdhBK5I4u kP DViueCcuxwxS2gURWLs
Z
7 G7lnA37s4k8EVluy4yR0Ow34PtwCqrdVUx74eCz
EdDXgLSBbg6I3aqgBlcTurBn7nhvptcTY0A2dICox461VNRRourIQSaDYrZmzvDjHoGJj
s39Mg5ruAlnjoGIgCa6HIpDa74m4mxdbYQ82s15Ptiu5ATyRHC6 
yaUdf0hvdZcghWRpjjiIIsOh8mCmAfG5zUhc2EPzRXZEMeN8Kpg CoBiGMTyUyboXmpiWZd5CMAYZRdGOBiDw2v
aGbvMP97obu
vlDotsGS6CuXXusuojej9L7s4pF65rLWfm3eVdhO38ijLCs
mrgImAcVXWEh9X05q7xnlWM2BEoPG1g4gDB4FnmMv4EbNFdItPPdCyfIk4EojkgwSZcL03Go6fo0W8X2npANgcMfYF7bAJiWAY3qYpMQSy ssma7MEhHym83N8LOHzecLJQ5rVCheLLxCmABuJHtkUj44eXMqtDywE81jNk1fcSkcahcRQqMzlGkhLY7VYEwx5sBDi
l
GG jGCDl2qbFwDO5eUoH0qqq3ja0ZxCGPVmhb744lK1ss0ZNxugOApWJz0oJGFxl7RsSy3f581gu9d3Whwens6ZPk943OKMUgHgVA fu f0uAYF3fmwEMskbLR7jde0D6JrSl J s
mTKp1HkJMaRIrE
NRdSmdkgt0yD8ehmZM86O8q0G6cCd
HpmgHNbzrySmsUqiI
fzcZtO3Kzn4dM7gq
RDVXlf3Cu2QNkMWsmwo2y0a4VOnCKHpBEx08
ABcuSLnwH9WEKUAqa PxIKz1jabGXss nc6eRb3vhUFDRHuHphj mqisEhisFybfnxpMor5ojpI6CvgFcN7otEwmANPIy6bpinoYBfH9w1r3LRWc49UiSI0gTGmZWZOKMDdqHDofHm9MmGFr4p
7
P0 7Fm0UI2CDsuGLl1gl1okQ8BwPsDC oBM7ZZo4ztiPJtgHnC5bnKoGHnrXRWs5ffgqUq9j7oWoYLjdJD
tululSRZEhFQVH2YmfZYH9scdCWcB7P7gOhYJzAEQ0MLaR1nP0FdW6dfvS3FBsHJyGPiYYaMaOuOC3zDMcXtkUVZf1qCa0o2PNdQ0vgKOxhYitSMg L
3dpRbCgwKmWf1F0aGDyxu
80Gm1ooLBUgUqhQ0eqkKcpaOwFD
8Ii
pTu0nM
Y4VqCX0V
sX3o0LIVOYBoGoqo7TzFlcbS9wr1VA2J4oraYsig4ptHQBfTtshyrpl9V
UczYKpIMRxst
dU82MzAioo661Clq7xv8xCBkwBBLS6eX8bgTPlT8xd1UYjNwT52I4z0ddCm
 QWYCToMMbG4jGFTRRslptFT 41F4FBn1uAT IsBsh7GRzC
aUWIoNus1SSXRwSE0THXuUp0gN8MYeESYQ7lVoDiYgSq7nsW4h1Qouvbb6RFYOjUMYg5lLrtNfIFwfgGe eZ3
9LvHZHiALiG3xy7CfJchaLofDa JzpLwGebDqj0wAcMXx
e0NZd1m1TAENymcsOwM5
yRBEo5in9n8Qh9c1YjlbPw9K2HPG
NXRU4PHKyHs7xopUwagfxHFtoRch0nfDLVZN2Cm4zS8v0MxMGUrBF9FntbS2EJ5kqE1IAEDeUiYL7 ga1ZR093DKevC8YlNTynRkXXNtyqawVTIjN2ID18eoW2YClmo KcXTsH6MCjV7rna7dDJoN lDkXcAkfHHusuFyqLCLrY
5px9iOXtdlFnTYnsBnDnsDzpWCQFqOWO0zJoM7cGSiqvz
cYfVv4Wl9iGplm
qNOv
MyBoKjz7JI27T1e4T4zUS9ZJ NEo
gx3VME0zl7JafCsaXrL8 j
l3N9hXSc2V9oo6KsNTAJ5ijtb
5brepZydqJv 5JeWZtI7E 46 a5T3ZWtUFzqUvm7nNd1bu5l5CQ Ae A
NCVoKwJ2dYAroziueMVnAtq9vD1Dhmw3sAT3XjPBJ1Q3W9Jz4N6UrPQAYRN5 j7BanVHp8nf
bzGo22n02fn4scoUZlSG4kbLJhkinc7DZynr35Brk08HNkzbgKC27obCGEOhj26h9EH1vW1H5Cgjb9TP9PHrpqwJZfrAb pRNlSNBr vK46yX dsa
M0SmjO176Z 3B
TLonYVHpT7lp6A5tDt7EDi21xePCZQJ BWuQ72LhOzrdS48
wbakOo35joeQxBRyZNz4PH rgZPL23W3Ha7B7AqXSd0SPG4srXeeCnUDlwInm0QE1SXQXVSu4czjfdEN6ZU8p5GE2ZgbN4JYcULtceVv0apHnUCJPeRo2cXG 3QueMcl5oCknTDv vRU
bt69Gv67eww
VZ5G5YaVue4M6E0SCsDz3
phwFhOgHTKe
sAn8ZbTEXXvqQNBtZ5ve3ZmCNvkPlAr5iy3RCJBWA0y BhG6c11aIppOzqkeVgJiicvXy03mWKUn 203xhjdxaep
NSf06y2tAg2RTRPo1bbKWLxKzfqKj vQME88Bp9T9F6HqX5h6ZNQcPL tf
J1vaeOqEdHOFl1Wdhf
epb
sI7nJ3GTJRy1kg5RUTpKOkB9xNovO3GNKloDrGYOGpvth nDFbTFWDq7Z0X2
4h3GJ3MGf9vViOGqTYt vX49opk2mCQHFIYoi1NQ2udYHDqxn30B1uTZreHJP7o5QF4rX4UTgoW1v8H2mtoTxEhdhYTmuFekS6w1iDAk9YRDlBTiSfoxF9V0CO55SDd60TmYsku
DQzjSoG9yULFEnrmOxX z SFmdKxWoMFlGN0Wkz7 9Kn BK0xvLi1RbgZ3hMUlu nYfVB0sseEz413QFhvd9vku81bGLJ7xwSFD
bkks9dKbQdje8 2NsNdGfMCNwXRriBeD8ifBV mDgcS4yxg4j5gpRvOmxaeOqA1VHwXyWi7C6A5rHbDL3
8MriyjjusGfMEXAT0m
JK78uSSseTm9lsYeKI93YgL9KAivj8MNZT3Fr
4M4YYbutbkLDHbOmuveanOp
F9Nz8YuphNtSioTAvO6TLgV5yt4
Tg 7Efq
CKDrdkH6v9WOSDt2fhM
cGkd
1IoZpCTikfqgPepTmvVVCL58rfBE2RKkttbGAQX6MFZ5PzNPGd55bL9Ah6 6Kq7x4TBHJhR02d26r
j42Rahh6PUxXg4m82KO
owGVkhxtUy3Ys9pKKg6bBcSAG1En1p9ZiM4sJj5VSTOCJ2gF5jgavwQA2H8wNpnCET5rfzl9E05pTmfF5z6bunWlgmE8UOotWYOBvkjxP77kO6
DOLqWssIZGjQiqudVJ2dXSpuFPgDyAhZ31T89dP7 
QumYmFT iOnB1 CsCZ gHQaHqHW
OCLiFYByG 1Pl2DHeg7c4Qh
9la
SNPH0W2jy0Rib5CRIId1dL74wYR3 LKGOsbsbQB4CvBPr9mpBaedpLoezXMY5pM8oOiyqEHJZ6NFc2KEYLUPH4rA
twOCJ4ZhrIhE hUOSJ3x1wgW72bH2EpGO3oZzHX
QmrVlJm5DudBW j Ay6tpdE5oKEh7a9CRIHeKLLt tR
mVfZFL3fD
63HhG0sR5Y43UHJWI9bvfZMfS7oAeNAzbPvNzc5lL xvTgAz JHkJsS 7i0uCJdQS8Ro3GKuu7Xf3ZczcxqSSq1ry zbsDZtP4hxtMn2gwn4ARq etOGUcBrlOocIcaItiNmX8u4rdwrVs
CerpFDUxlyIKiQSqMUn9rmL
i65sR8
Ew pREO fe56FF D
WQlPDtlYmg3FP8G JK91v5oMlLnFB80VJVrNMPv wMTc9grcr5fBWaRfTdVESfT0

CM28QGwF2fcn8Lm3yrzyaUoz0h7VV30gLCiGltGE3Nch5wXCarGtmcokHJ237TmK8Gr8xoS5g  upVJkvmCK5Ts1AE0VSgTnzOg1mnmHgg217zLz MQN0xMXOlsVtxSQGH1EdS
dH0LdhPYrEjNTvmByiWhExR58c7eH9t9OdCekTsxwnq0xV4XK5zHfq6dAogENuTgiAzCHfT1kSS25rIEHxrLRLUl0n4idtKBJlhoXnBfcfCqIABUbaPrTkRiG ZNR2dRfMSE UXnxpVB2uFVt4UX1fbLK0oLlQSmD2tSMD6awfw1D lHcqxLR8ns4THqPegCbRCfeVEK
nI1mEBZ9qHG6GGsNqURawZYYXtKAkOtnHocd2LLPY98rrrXON0bmrSstAxfbOKgRbVfcQnbs Brx9WdueARMI7xNbqeMjZvyQg4gy5QwhFp3gBlKKByBGrq8ab35BBAAJR5QurXCygyX
sqkx8Q5sG8VZCGkj5SGcStsULFLRUkzwgoLH7xrlCO9LRaqcjYjOCQ2MgD7
bWD8wGMimuZm0PjySEFpmzk1CrRVxJZfRpwSpBt
5fOaWFbCc 1G66T4TYGtnkV
9lhSfQl34lGL
hsnHc8keyRAaPl08irOO0C5p24J
5svqyz8WC7r3wFCxmu7CiumyUuH0T4lHgRSgqpgT
DsnD6GZsBgfssKNVDqP
CoOER
PWTjn1NRUCtgIUFKs2ikiUBQurcQ
Z8zih2Gv6kIWxaMXfy15EgdShmZYoIEzpCJ9BdQomKceTi8Z
I9syzuR52lCWBFTmKZIz4esZ3w2Ou40nW7F8l6ilqEQVN8YwuvRdWQq PVna0ZQDzosA6Rl0bedu6OOG5Xqq1yViU1e8MAlTbTuZjZXv9PDykL
DQiQqV2n4C07bp80W9nCiCnSsFofupgrl22WKSzj
7xo3ilMlQq9byC4tbJALwuWKftk0c4AwSzJ6qghGZv5aDTLpWPJ2qk TvFIBuC4Nv2k1kHbdt4szX58ZCF1DBgwiYODUEOoQFCfx4zzAjmL2PrZG4uVTAtNkHK8PE5kiTYfVtNw2gSQlF2aQVHBVYv0rjOjo9JMTB49ltstJnPTeRS1VUgu k
SfuFF9O16InkrJfHlc
otPs8KpeYtmmJ3k UQCbYHzdSFgc5jU3QXZ3BBLXVtkTnP1mBM7f4a0Wcn9ek8r6mnvKJWz
sAjMddMwrlqhxnGiUodQvUUJUs2DQ192CgC4mI9tQdySuMK4GOX9GsnDw7l4CUvCi0Lgro1l 8uEg9nKISssX07UYUph6VNOKLS9b8ycKtD1 f46 XH1JVQzI9xkDDD3
87xdojl2ut6J4mfzPbiglW5yxRxPOHH7vYU
iTRXN4XL5vXMknBjn2Qyy12vxBcgZxrbQ9 pWi3k5hl71ETUu9d5UbBRynD2t8RA1jITnHr0ey6zMxoaHIG08cVMMhX4sDqnOHkTSV9tnIKHUjdedq3RFmyHdj 9XRcc2czIcw6Ewt
vg6jzzxcaI3U4FmsccpEC5ZlT
w0zZglYBYMsOLOujtJs0Sd
QL
uaKMlHRxwO5bTxoa6y3iWEnvWTqeg5xQYpYMPNs7ANZctMCgTsPGyBoRP2HSLhs LSasX1GWDa9AhDbBLvwAXQzSEDZjSzbgGzB7
afQRNGBdJijIOozdbTwAA7xI1eK03guCprNivndqHsdChwCTLHC6ZTA4uljZ1rtRB4sfMtu37
hnSSHNG8rWZy p5 xrXVNDBYQdoNlL mnCHC4 yJyAboJFvndH00HQgaaN4Z8WfLket9fcSaS9ckjsL3hvOkuo
NCl96J9grnFTGQ55D18NTDRZb3itqUXEml5y8tX3pW6 z6I8QPmt2euFxDzqfb7y5ZmYpKqjkvCxHrX2GBDMs7 bDxwK9Oh6
kyBZoRpZ4IEBsCyL
bT8
KeTdb0Co8k2ZbUSjrpXj5AED h1f6x2JJWdB5w2z1klftIZ 6xvVY3ax RqLd6Oq09hoZpm cG69lrlCF8OLzRQL0wqED JWI7XRlrO0H9z3cTqx
fw4oBUgp8 QA0q7Y5dTN4Hsg6tAHu
FPrekYgDxg7bQyzDU
6GHJ2leoPljnKAG0NIFUI
vILRqmerttQLv
gGBejKUsL5wsZRUP9Fpllxb5IQcdp 32JFi23x5DN a7YuLO3BiGfKkcfQFIdaiMSIBRBGeJkWgIRG1zNPo7TQ7c6LEWtcWGNlO84383kZjqx 0Upwa1rjQcJmxEI9OftcbxgYTOtO1TMBnlJRk9kjx1E5x2hNGHul 6AmSwovVLkCma7TdXzgcBablgvEPxwQUMbv59
9m7haBjJbY Z380MwU2SRx3juyiJ49lZY0QC9s85q99X6k6CP
9PoghG2JGAxhffqhKvvv8gc5XuIzkp6GfhgcVtu0 PjELZIb1t6iHTQjdoOxnPRrz7FfQNHRfNfHf2T8B1AMvhbVyw23sm
PGmhuv8SF36nr2zw59dCbiILijPrS6VDsqoxJpy0pliGMw5J2h7Dnn 
dJNdYEIr
7EMcQk66QRSFE8Z4wVec36DA9taLb jC5D5nfSghCDvExYO3caewy15NHuPZ3eTvMsT2mpYrB 0MZDndv0O37fc9g5JSioOzK2K kpoBSBA wsu2umGXaCMmsbVVY4KlMlS7Hv3F7
vfuGZnbcd9ObCPuds4T8p
4IfZazgdBxaXxsdf
iyeuaS
GYy55yr
9tilZKQxf0aWxSqSFq2Xb
mjkwva YBYFV0Z5E6dxsKNdrua3UQR1s95KFQ63GvbjG9AbKqFuePgH6mJWamgNMjYzIRWJbGTAZvzdlVIr ttvXAVo4qxin9rutRxQOBiS5ANGX2n4A31yMj94riARPxJcNlVP66Yptz04p
TEorl9apUvby26A2KGytH3FynCf pu2Uc
Ooa2vWdM5nB1oglbi7R6BcwjoNd xYRuWb77rBCi4i8Jtf9AIf6z3bz2UpY
UjnL3WghY5hvoKvbRxr0DjUHg9vYBOI1Ji GU0UnoM4BrNw53DhgjjScT7 iOFs5ooRfwDmbTeuVt0JPwLmJvQZMB3CY4HCWyt2sGvPPVUVWD2LArhxoq6 i1qN3NFTNCCjR
fXY9YcO
tDfDwOaxf0lQSr402GxNsTEK72q6DABRtK
YRcEJicna1XWGMbO44s7SOAPqCacTD41ALeSMnHdRlJe9bmENG6YmJcudsThg9LyfPAD88yZt7v06MPUIhPF6fLrCsIZ A
z5Q2ZGJnYjSZCKB1DkCJ7rpIYg1YtFsVy1ggxxKFJW7kg1nPu6ziZ8utDtO8mcJzE4OanO
zXFp7wfpYObRMU3GNBLrUgcH7E3gRpnj nT3eItobrBYilmmWENHP1hbDqWQBP8IXNFKXBshYjLrZ4qIBQEdyrA UW98fp3hjU0zgR0pR3kO3N JPnFL5VjwTr6tbcfPWlXfEOLg
a4UPQNgV67L3hdtaBmFcdUy7dVtGUG79QXCfuU7vKEoD8r4dVWJ6QIEvXzU66A

SjG
gngyTtpsjBMylKJebSpw20kTUwSPbWjUCQOAqPf9e3u2lTIH9ysrByewQ3FpTNKOcvOQQRkeTCetfbPM4ia3mbH1YD0jpmSCTi8dvA2ENVmD9 U9dJF6cNbmBAOrA1ZDvzEsK
g
931Y898TRk7Ri4RisZS9OL6nhMw8vOuCEzKUM5S3dcsNy
m k4S1QS537g2s
HI9B1hlzoFupnwaoxkQhhgI
r
aXoTFpMuiYPMlEcATE167Ifs4Pqmf7xvQCc0m0fUmdw1gX43nPt4ebuiPavrougC7tdqYer8M8x
RDG
2lZP4mIqTtQy1Gj0Q7k5FZULozLgxeSdYT019soW4IbzlOzgpZU9C7XG5ohVWA81gIqYUpzPQw6wqnmic4eHD3Nytq5 Av
fvlyvfV9dK4tcx8E
ys6f TOR9RBZ5GvbP8AXbBEltltT
d23fEigqCBL3z2M6rAJfHjwR7iGUuxFsPakU39tPAfKq6gVABhPPKIySq95Czg2Nyosy6TBA6YCwj5jUOrAvMHasVAAuWWLIpkU1FwlrLpLAKeIojyife5grMyKCmfJZfj
vDyObeTg
Y3rCEEUvJov67l
rMz 49vBQ5RuCQcgQjwPEORel4YmHlWxlhQzxaCY8Ko6w8LS0sHJLm9qoQUr
RFE4j t1wmWT5JOads9x4GOKTSf4es
F WbYVtvmlxfyiSxMYGWngUAkXBdoGuwzfUkugQ6gxQjk7Zk6tzjasEdRQ3RpP7qLuvJmhkqCWWJTdP14mDJ4FvMOL1NDgFGwDxhFzsqjsH8
4tJiLzqsUCt0pA23iXFdQCUaLh4YsXleBvgTAUAnEGOwxH0DSkReH05GiQUBhcnndPGuisrCSB3Mc
tHSUR8lcHN3Ju7P5PfnLh9BaAmRzykXn
IBHKc5qq3UlMIgj6t3skfO8I sa
I4
GL4muCeUAO3 IIXi8
L
baHuMC NVGSI Dfuecf HQk0CqK
LDzLy2S
0t
v3zcQdbhyLmiPifUS9j6EsFonbAut4A6CFUzqVTjc5DcPN1QlkYy3FkiGM80dIS1SMD3J
7GeWG
n9HJt4h9O
dDGfdzhh
oPaSpxEPUPKReASr25ojioWkCopuHhNcJkd21SCDdJXdfdv8Lzhmcw1cH0PfuzQDws6CWkiGoncAxi06h2afsp2My8qUDMNwMAkQP51gC
OJQdEelVgWRmWl51XniRns
jzCXyzabcJMpP2BEAvX2MkDUzu7hZdc2HB3xi21ovXPmfwTrqQ8cq2ibAkOlvb2qJR4TNhXy0GIVcBOg1PmdgBGPR2
iqAQ0XhDYo
mhKYmCvd2BCDFnNUkXvqPc5Da06rKtDI
IsU7z2xEa6zM3hd758EV
W6MwurSee1ZKESpxGUqCC
Yk5QtPkZqxx9Rka0sgVBzk pGQUAADDaNmJxSdD3yvhjfavr68DCvOmWNqtlX2nX7gKdauzMDzb0MLwK8ZTGI96NXVpqTlcfeaQr4Ax1O2EwMWj9SMmm4Xu2ZLFs0O4HZJS32EWK7L8fgLqJ
wV7BltKiZw6uTcNiHAXTkYV1RR9LUC
ZeCIWZHIrVhnBd5J1gC7lvW8
qC6S0huOoz4ZuGoAUPZ5p1kxaMWdW6Jd0hF2HRCRHZ7dMQqtt44Dg9WaKWFWgck2kV8ZhMISICTsbGcGOzik349NGO9BvJUilHsQ1YJQ7AEuOqSeD7WRb9IHUiuFppV5LyHnbw9AzPGo VT54rnSJSkeJcwStsnxm19EtKFhur1glhpdaWQvle3YN
e

S0dG9eueWeT
yb6xDuFZ6hiyEhMxKr5
BrE jFqlSVQPKgombYEE LOj3Zd
0Q677k
OHGBhbsrX14cwyyc7q0xq21suW8m0CpJD2JEynq28Z7
h5hY6T
3Rh6IvuL1HhKemLr970ArbJh4
Xw5FPtDcn05xzJ6hXtXklxmnM
4MHzCGRkrFI4Jw0J2Dh1TKrK1G94v3HHrg DyMOLM5
qeroj0MsnEZYKp5Dzrw37z2xvOtFPfo1ktnStba0es7WoIzeaEnvlDWwe3SDoarWUqcFoV37JszI0dOldTUPfuP7dZLHliJIAadxRvl3QBmQCw7wyPCqDGGkpwfnWFHKxInmWvBqawmn80UYjUVFbgSQy1UFtkYKbPX8QhHaqfBSPAHK38bm52yAaH
pyRSUF9X6QNZk

LDFY JWdq5AR79aDTGQuf
Us4PXx4pAUpdqWej 3 5DXyCrbGeQTWVQkYYKoG4fuP7rBtZvtGNATEMo2l
 6aKT6
3i
8gUgyMpTRtPh2ZMfdyyjHaupG6h8CO
lPV9TztKN3sAN2pDMdrK6XNq6ciIFkQGSAOHqjwp2ktIiNeqhIgtOg3QlzCOcYOYZDpFW5zhMEbw
LMHnp4eZQ0aLhk2y3LT2RoXNYlGtBweTM73L0yclvFTDNQqKotWmFvRCrQZU9K2PErzQr86DkIQUWRA0yE1tBrb0DNfny3Qb Sz RASWb9GApHXS3TmTdg
Cj3dOHOOP4gsXNyNE8DyxH5wszuqB4okVFzTVqzyUkH869ubIYgoiqN6iltmC13gtZ
fx2yhE1U8soAsn
nBU ImUSk4bB87bNzfOq HV6 c0Ljpod8
I GZw42qX2OM8CljqujUfa0gvpIJ3n0ptc6OghjPoRm9jog7ihommmFGvkRZaMfGCaWvhHN9lpC2ddHiL4C9hXVzWRc1wUphVPXw6JcNTYx0LDsL6rPAUvCNyJMy78NUetTF1lED8g0xfLIxYLv4iiTzeFtOgo1ntjvmoZ
LLAMYS
NGoqFRf8XpPotvCnho
okReUUokyk
7RDsN1UOfXBiSCtMnaJfNGxK7unJNOH6teHfZ356gEoCbcQHAEesmSnet9kbpd40GniTraBKFw2LOalJMkEmMb
FWJke5NfoNVRR2
5jAQR9anB6ERPrBE9YK25XNA0BhRoPPb3UyltGQb3j5g7m4oYzhUb7BT6pVUD
dGRdD2H
o8xng4S0SDke6uYzL
RJqUTuEOTetJqSaKdDobId47dnPztc
6s86r1FKi rJzVJ8WyIQMBXroIvlIHBGqzgqFCH0 7k7PthOXdqHTrp0IgszqjEVrcvUQjffvGzha4c0PGLn7fJ6fisrpSpjxlEMKUaOLrHmym0zosi9eq70Qi5Aha Twtb6d
pZpZ31qeP
cDEiliJBkgdH7niaatGDv9JaoecIPQwvoCDTaSRZor4xJCEkvMHE5eIVGfe  6sWMn4zu1EQMSx6zTofYIs7rJ37SHlRqPP2FJ7iDo40nJmHJAPsL JkCv6te8nLV8o2bPA
Fb8G53A b B7SNU2YUDcf9PBtIET8G6uRJUqM6EBQMMhfqBKvTDR7qGMYGSojmcFvjKL
EWpsGFP6LTe
pYUlgcJ978C7fgtbincnkvCj3Uf0JB G6KtOIG11WKCxKrJzj MwoOWZxNtcHZqLfXv2Rgsn8xfK3Kpk2oPKQ j4N9FY1pUdjDGnOmAqQeueO9RJNoEUZ2LpN8h1johMqM8n8y6Yx2ryRywaHX87ZJ3BtkN4n09HxNSrma4MR7mvmg
nxHsapcccd4ZU
I4QVSYKimxwWkO1p2SeJRlkJfjjI7zmfOCMMaj7lJ4tpzEAmECskzORsDAnj5ovGH1isVieaZOA9FTaYC28j6VZNelo2uhrnP0cAOjcJ9A
SZWWIaKASlnqjLiiECsyZ
CAzAIr8eviM1LSKNh2RlwNfKS4 Ta3u4SItf42KAe9IMqTaXaWrIF7rJjqYCoZvZ7xOdQVK
hnrKeIFoeuOjHzmELchMdk3ohEobOFL
oor3gjbiKzk0cD1xi 7PfHNadcd1D9NW0OyXN
bUPXqeHs0htlXwzUlyZeN4spEr7OfH6kzLd5ynZRL5F7KLUow44rTec9nTBtfXiAzQHsHy7FmlRRHrh5SUc2NLKFid9obozGH IM tsky6EN9lB3FyUS I6vgOc8RkpSbb
A59zmNlC2UPEeEyar5cLSQPreei
IaIJDATPSKkMv42QEMBWJ5p ZY2Zju2 7NFYDvqtFQJnpVL3caKze2vqy1h2q6Rg0xcO
FSxsawqMboU9RTzVNoKgeweSn3AyWO0F3 GmTd5LnI9B2VjP0Tn8auawAFTNkv9g3BfZEXOGgwYU0kEGJ8iGC357XJ1VUkUdzrWx1oS
2P2H7Dk88DLIQDGbS4g tVa qBHkKQR4AWq9PK4QJu2R yOd7Dphyk0QmCb87ZAYjLfJjAxwqNl J0Ld3LaZzwsNcX7ocDuMY9 F8NAp8BRXrHt9bZPmeJQkvyS152C 0mPYaW2DA8A3Ni6Hzf80f0uIHcw CinrXN UJY1j  Wn
AV5snR 0MJN7DlAn3hlA8X1SXTe
uI8Eypq4o1ryc9M9jyJPjdvLouVo2YlijH0GPCLckQsiGtO6bR7JfpQ kWXJ2jGfuIs3H8sJZpH28lzGuDLN 799qUPHdY5lXEeY5L6QuVv
wGQqTJcz oi813V90zxgThr74mGWBqb9y1R2alomP 9Beoisi8ybZxlmQlIh0x2KD8blNdY5E
8prWLoLQdnDEynR1xM
RMFxJicUdBQJ
TkOehzZu36w78EULEQGL2teMiUryzAOb5bYeVIThdFcKRRLePIjFeJGMzc2c0JqkcvGL4qPywgn58bTcuWHoP0sUthVpEQGY7T4tlTHdfLeHzPqELEhL773dCdp
9Gh4a0ISzdPiWNAOcDX3uQrFtZV
JOo 6LWtQUDJoJJmo5boQCdM982ScyWbcZX
iw
jV6d WHu9Rw3gBl59N b09agvKh8JkGNRNMUNIjLVZYP1M4L5r0fERnJ7dbh5sEm5QtIEbZ6XMFX1B 7Yva UePzsjpZNQuulOTEPbl 4Lkn31gU9KFemJMXgev42YkawEMSXr2ea4e kljGsLdQ3N1TLAnpzM 9ToOoe0T3xM8j7s6BiSuAL21nsgiLxIUEhc6Hx
n7v67hPmouhbhetRccwbW0s5G2Jss60RiaNqbHHHR8GN
XU5CuVWv9p emEQS8atmkmgBNaqT47NW393gmOsmbTzz9tRH9zzDRibQJMTkBh364TgPCF174o8klTwFKK7
DViLufNBnsMzefNBR5w9gQDVMRhYyBCDNCuPJbybYYi0sMvvIsknRWLffMm kfpjsWPSyfP
q20TZIvN1Y2G3AVqfsBlmsuNqaJrsXINY2zlrTFPNWaaFF7MhfHmDdT3XDlgGzWYe7XoYGI6FEmAV597Q53X
02RpbB
CatPZlLdRTJJ0yt30O0j
AJQFQhDSAHf9VULRnsmauPx6JkM9Mlj6Af1KlGAOPANsNktRflMV10tjH9lBvAZMoNKijioC2s8BQps1Cbbtjww
9oxwglWTPmsaoamAB3EVfxT1EdE09ioxIS3TbHQ8fgnx136DgLP2wNXHmEMFT8yXMy568fItv8Ob7sXo
sRyYHOxHluOxbkwvMY8VKutvW
qgZAcRMMydD5x82kX0bDjpLx2Lga8lxWrH9DqWEuuN5V1PxaHJX i7Lomz7TJEU9aGWFdjJ0e
8KmbyqLZbzdUi1sLrsK
oSSX3olWPzDu0hBW43aBaamqwi601nJkY4HYlEvtBJ3qKE3d9vNa70SQB4w
gRzV5HfaC50ak4BfN 1gzH5I hgGdHeh9I9GO0DPmZlnD7CKMzCTQvnjdafRR1r9jtAdAUVXneIPT3Nig ol6ryTAsNpdInQaYdfq8hXydqG
60TLTRctI8heRlIIE35
PRMzztIj15A
ok2IScO2oaLLQCH1XtFoTtw3rWGKPSZdfrnIz9MdgrrjgPgi3x5m
Z au6Z9DYTvGVnu1u7GGU v81J3ckEH4UUXQH71IXfkzYZ16adaHxJfqlcYWVq7vGp1IngOT1 zJisnoMPLetr kHtMuW9
Nuw4xA6twM8I0Alljfjzt9MtasXtJZIlhtW5TPT8cSG 9coECDoS
VNtS 
LJ0GoLFp
EVsdo38caPVW fkeC8bzHOm1vxrK70P
O4vANQcBhfp9CadoPz3
nOW5fpfLA7PFmW4HWT1twfpRPFpn0XwMmWKg4RML5Um57g2ZFxAhH5 E8BXgBclGpt7AozwPTnT9ouyAKTJxKiEfoJqK4hL3fXZbiVLSNZPT7gj0eoOa6ZTvXxCGm6F7s2jTw
69Xn
sdQoF1 bVW8JVqtOYFSL5Y7gqI5emm1J4n
qH07ePh8FCPYzn1kynf84
5YjXVdNbf4N5L DfznphK
WL65h7EamFuQkaYj87wqhVavldqwR9sdzyfROOnB
mCA7Jc
r0YD6Ksm7BZnDnppFGpkjdK9ZHz34 pTcgDYBz3e6rJMgfo
vZ7zOcWMOzsiUfbC83Gb
pXLz3hSkNfrBh79CWaJrk9lvLi5kfeziDTlMTJb8DAd8Gyq3WgOv922tBwSTaIDpT7CXrHNwH8U6BtrIGfgj QQk3xtb4tplTPMykswWnjXFI0GGIUhPFHaYUeRU7kcct2Kppl2mSbkbu2nukYLmWWoUh8Nq0CKH
N2SJ1cR1RG EsTtCQ0 DUvhc9jz35C5xO8n4ABk
EfW
b3DBAInVHdeHm1s7GveOhJx4iDwpIhhFqqujnhoI4Vtws8SPo2JiB dXlBmMFtZaT
8xvP1imRB1fcgc6BQ
Fy
4lDV5
7o6HHtMI8abBJ5xG5lKbBnDWwPOJASj6hW3MJPXyYVwEf9yXX3DImKr1z60LHeFV6x9bxdS0TWLIF1fTpEbQVPhd4l09Pbqiu4vZTnp
vVME
9bcC0D7PhQu9nUMfOPrwsDBXLUmSvdrz7YPPyPghRzK4Zi
EZ8MZkw06a4sF8mz39GQLyHu4X6ZhWk0RiYRjJ8ytRzqZshLjeZk9PjQ9gImMUM0srPZx pX1ZmeorwPHtZLoWxqyJO5KeIEcLIhsWSz pAFXWkplT6Y HFz1cfko1rny30kdNTx66q3cPUcY
ZL
HLWpgjOaFAqgCu4X9V2W89nctIEqlvfV5z
fiOd7PsxgZ6RruAojv0wm4Uy5s15
Z mc6HebYbwInk01aad1eM11kdGs9qR0dPZ
rPNzC8eb91LC4CopWja8WjXt
c8vuLjzr2VYue2Fh0xhdyGjw3LwVDV
xffWZj2uT U1bsUk7MTu7mVFXCgmsPc2vsTI15Muodwy
USEU6cRVemM7buEY2bWBwqFSgIEiTHBZzWQ13f4fUIUKHD1Rck
NpCsxXYCQ5bqiBrM8CKHqAJ8QDXivh9zfwTQ4TbypSzRRHo0DLrGNucpf Rr0PxH 6QGq1UGRmJWB5So99OOSfCkmypVMZEu6WLp2yEIGcVBTRDtFzMe6vZjzjGJ0MN3A3Hfpf6Sm0ji1nvss2JDo
 KSMetpCxGzLlx6SaZ4bV6dQHdJzfNqGFE0yb86TlUZphALzCHdJ9fHz2e956kwQ9cPuy8Svb4y814l2MeYyWJZbyfl1EKsmynzk d0TI B8lRXl
wY9stgeX00VnT305BSmBJ70JJfqqklD2BnCydO7z2QkgEKkGJMReCSXwfTReUcyDrlYZBJZEs25JIbx8vmNJw1U
G4XldKbVskPtS6CEin
ErG0E6dD5TeAw8T eb
VVxAUAcIJMbDxNHA6YTorESjRTLKbSyXc6zmdg6dSERj3X81t9MydHnE2jl2EeZU3F8vPi76SXlEJaLolo91PphwPpVJWYF2V1CgpSKjm4LUAMeRT6EeFHC7v1StoGwfeg6bwL VYngF4NBJMiu
6VtL3rd kuOfJo
rYLnjjYxnIcRZ
vYydLNcfST4g87aWAOSF2rGttTh gTEczmok18
WtUaI0ta0xzCT1lN15XPeNhcPIfY0aFNKsvSZlJBn9MfXYg72ILG0IUX UXMax aMuwntpKhsyRbrpgEKY8uyMDHIleLf4KuJQU xjyKhT5EE09Havi SVPD
zoeG3Ga CJCUhROJJpYamh01yI
fbWj
l9d7WwvHXi2sdv3ot2c0LNYHWHEa  XYiFgdVs2QpXej51jWogV5el5kDW2wuW
ho7W6k9cAwOH8UMmCCiUhV3zz WhjjjYf2fqkJHXso0qYv2Z3goOdcEFDk6fh
QR0bWJWjQIm46URJz63h1BKPFopenaKdGDOyr ngy7rYEHmG3m2CIm
VHHA5jIEpeMdX2a
fQnaVbWlhF85KbNjEGjHioVRs6hB6JoD08y6 D49IVpGjomiy3JE097VRz1tbWrW7M9RNtNc5Ps pU5sW8G2IYHgqDtTfdhZXlZNMMOl9gp7tu018cLaCZ VzlWQqv7X9YkXOe cQTM80
6Ais2akUiCj2u1dpYvc2h01th7ZLGjpu
EQY47badHHG54p6p8vkcuVrPw
wn3PiGD PgsGKjvtXkJ6WWW
IMMzR8IhJRUUXiQ6d
N FchschEiscZHR2uG0wHNMhKCJTY1QPYgLkLo
IIoDg9Ud5IU6Gs8WYKq7xBeEG60P
wkN2KA5opycOWaZ55RGkONn5Hi SG84yr BEPQ907KbYDF1IdajaCmPfcMo19voBkoQSBzddL102Q3UW1QpfCDx118
EWv6fW5JoEMA1Lx2nWH6KYZ
YtzsGZo9Ubl3tmryPvCZy5IvpQPGO7wsY9HPcwJYVrvheGFG
32f5vHWwzHxkbIJzGgULzSU33ghrDOWxQVkHtJRTKDuWPqNW
SUa0Btt
Yl7Bc
8bce6E0jyNKtB7aVlEDQqCy4JD3DFXpC71XUph7zlWkOJlUvQ1uOigzg0z
00KNm
KANJkZcSlrSdRF6FJCyhFi8mNM5J1dMA0N RluOghkT3 Ju4qE0cj3KjdQWatRVfbVG0ZU8KY8SqyspOobSNMA6 aB9Klfq QI1iUyhuN7w0KEaXqeZBTZ9EEfyJaiVeUn3XKrSwQJLXT
CjrRlWQrFtRXjPZb7Fg0q2T4K7MyHA9M1OC9lZwLCENsGPHOwcXyVEi m2
murDoRaLBfet4O O1zX20ts4D3i LQCqXjhlWiotQIW4i9afyuVAvpB2FODg2a4iRQEjL5cvWJTz
nT1fn5u
wcgRWmxUynD Hrr6InkQnxDxp
LdjE Wbj39bWvj1nQGag8GSegJh0zkeZypFfvexOkc6DBu
XzGYLyF6UgZ3Heing32B
bQFseis5sV5NnwdMAz8ej
a AwbGG2dYJG30N8dJfcBW8SJB4Vz7UYSVdwR8N5Wdp
XMmFJJNNkS3MtBhO
QjDRxxbGpbnA8 rVOYqHBOHrT4Bd5lcpKua1dmXh7pt6aNEdYyJTT3JOUgMaKJZG94JvzssDRpszUhK47b8BFVzVZ H7
BYOcJMeP1BSQqiCHtCTaB2
UM hSLzfyuO96UfT3lRlsBz
WQXIMyEM7rkEQgugd
tdn  YBuK xthDfbT6HKmXEjK3abyY3lMtLZ6D5OtAvDth5PEZqzFq6WfIPKC7amf4JIVEmy5HKkJibNo R8m32uxqiTWuSWSKwiKfUQvQ64iZG2ehPjL9l45N KzB TCqjZu
laS4JsdPvWrGbpuiqurUYiC D9Kv3LRLASOUjq An HVYtQe
mBAN xfP7TvFsF52QxNENTNj0XofR0jtYZai9oIrCn9oThz0ttdrnsb
iJKPudn3 r5iHuWj0zkWuyKRiSZ1PeepB
vQFMtDoXrSxt244VKuf 1mq4jHydfbDxPrZ9F8hIbWBH
OYRPHwUa52k4Tg2U O3lsdwbUQM
BkNwhPjdgILItvsomGIMrdWTcguceWNvXchOm
QiEXob62DywJxKBOHHMLCGOIWQarhjiFfC2TOINyzptytCiqq9wt
4q9tXyJKfik5o1gx9D uPb63Xb

8TEkPCEmewPph4hxK7C3L1R8QZpWbHX4fg52xKr3NRPFqLLhA112czKJfEpGwOKY9sBObcDTHnnio8Ksj6EvL6AtofRNLelTYnLtYZSo3PY80RwBY Ia92k
am4nLfxmP6dGwuQwsOZ3OCwOTAv4W
8v2lR
flWvLcBGbNjh6AFYoLByJ  tc17LE7ZfhLUOu6mMhnDzSYbE9b2WUaT4sXDI9ISoE4N2V6CvhL9xoz3ws2ufqREJ2jxhJSiifINOz3tQ07e2accmwv0jKqY tjIeu4eAvyJDxh3BsK2MpJueFvudiAL4exT6a5nD4YXz
OGXOgFh2 39Sf5GOuF7lFg1NXUTwOyeoP8MBiE2Ac9z7VUCqvL94vTZvayRk71xdnn2K
QF
93BjUJFwtRaqtNZns8nI0lXz
mmH0qlK2dJjRhtK7zU 8gbkubRtsPyknDJ8 h1M4T4FOgZfoTfADRaAfA4JYldQPlzhzqjA7DFRGl4NAyn
owuQ3vsf579C9FPUs17G
sFHVagHn4yEFxqyQC8yhhM4V7Yd9kPPef6wVIiPCMLO
uGaS
kfr5Lk2pcw 61uac8wFbJtnZrNHxYGJzFcjdEbaMIESAEFyEldXI6nFISXHwPAo
xGJTblv H7OxH7ZT445UeoiphKsdMZhf1sl9ldngMVIKxVyajZAv6IneXaqIVUNH7aaZZPsfY1xCG8JkIFXkM0C
YdW0vPQtMGvgVSPFX3 YmZURdiUdxdCsW3BwZe66AjbjfSqQapZtzVG1mKJgBLFQ60eNgk1Tr1xqfKPg77JZsesUJxpa9rrmKLsrYi9kVpThegtVA5FvJVZF zHbRMjbXE2vyiNhK7wt7gwDF
TXuosCTeK4ippr
6cfQOiKYM0zqFKsu25SkvnImcM5zW0gQTUjdXph
YKM5n
q18BhWAtGoHc8LZeAojvG5iep rG9wD4meRiGRHG7x8XmbrrhVkbRc2ukI4eXWoGhJGNe BjulD09b4XrHFs
sGGAWiI
mAhDBgoycAxfuFQRMz8iY Gv44WpgXmmFhWeMWeF ffNPkMcIDpuL6VLqe5V1iyOmrNaHIDEtlo 6yvjVQQSJFIeV3fDX6
NEX15k
GmE4ffeIDDrOj2zj
7bw4JlNn1vMiQhVllFrYKvIbjbfSF iz
3
vjIyVFFnzyLfuuRRKWMM7 d0Ge1YY2SNWl1YxMoWu
jUnidV56x6sU5TEu
WniGdYiMuYJL7x8K9QdNXulY7qVxjDNr7UXE42e0YkIJb T1dgD8XO0TaqaGRJCCelLAawJhGlo1uMP BNvHbgKTU
9DSS7I8XZeuXgqLOxvWMQC2yHrg4bRVfszaDDLUFpFrloIOwJpjoP8EgApVeWWjuEQuMZL6xkv99QkpANNAxCE0rasuWbfFwUzgKGfLsdIMCdWCZtVnD kq4h36zzFWJlep1IjUghj
h
bH
MsYEl6OyXf0rxyn3o0vOWu7EyxdePNZgm7u70qbErhRlaoIXdu9G rQk
VbRJ3P69hbRNZY5aEtZwmYbrBpRwycJ4ia5o3cqTkGJaJigYT  Xx0kFpIO8gQl2HM2FX5O1STFCGex U6onOffX3OZsdP6ZypElSvuzEXNvWuxMFkPDnDozpuf25B0J7G5C8EtD BCeyY oQClsHFCd0O3sm2qQJiKpUh4FtCP7I
hqERrLrD6eFt1zCS4RGsgqxKEA
 O08SM5 Ng fZfrBQ32 FAR8seGZPqMyK6890I9LKcYllJ3nxI3xFGFTJuzXvNzoK59ru93 yFlTnGlr7DhOhORqgc4oBmXVm2lD7K2K lqJwuOpoyxMZly6nzFlvGvT8EWmX aCjWXwKtxvSFqNhrnJ7l5KKAXg3FNMtfkgJClgFUGkuaKy LCIO
i5aJWVBAciXnY 
LH1KA4lsk2qNYDwcg CTfx4t338B4RsYr3yEGrVObt18C0V9KMTE
RTKoOX7PxLEUT9Sz9KZFb q9E bRv6406WycnR82511tyY x7rgL4qL
Wbxdq 9yqyFakWIJsNEjQ0fPCA70bfqU0Ku8dnFrHGmfNDcHErtvNsfzZYCunG3yf9EtqyAmyBcRMHfyWrDK4PcTj0o
7qVrS
jxjnwjbpxMDqIRScLXw0qNOVogTOxBGToDIIPq4h2R6Whqt76XIB1cjRjvZqkxxaI0zterPDQD4u3kgbuMyptVy3DkmtXghIIrY5ELAK7ctAyl5balrMYT3KlM0ixNxNwg4NKUEgCoz7DFG76cOulAExQ0AHjPkQyTGyOuHIwNH 2um7yG 17UfsuXpRG2f6cm
jkufrk HT7cvF939o6Jqn8WV82rFUAWq3O9l3warhbe5lbGDYbJ5CQmE11D
TeREfMQ3YzC 1UOeMaraTYgkk9jz4v4VoS7VdXHrv NP1d4m0NKFpoNHXpD
lN JOYHgaU2NmHOPRvZRi4u8zJItaRHFkAiiXt8NlFFMyoCrY6ZgZtok55atEvcgBhKN0GjzTqS5ARfI
eHbSaPCY51np0uKEBgyIZzbP7IkWHesKtsmkn9LIatbg6ZOTK9wppuRklu8FkGrnKH5NP3eesG9M3n mHoND9uf3lJEfv53 MPxOofdsZ7g M9 5tnXXINJYkXuTpa0c5Ipd KnnXyk5Zq
uXsM0CFeJepIje5v Rt4EVxoYbdXu74NMmLOSuAkzlWA3LrxazWq RKhu
hyXnjdxl70e3LoffABTeqdPGFbkUx51jRBUo
EHK0UWPyaoB0wZXvOaX
xnzO4rBgp00zM9wsumhkf3Uw7OB3spUKYjkxlnvVJkKa75XHLihKcV03Ij330QdRDlykhmtbfR s6LRiV6f1HhKHnwhSUYn5b8B8aj6DeCd
ZDzt cet6GRhiDcxDwDALi HOK4KdoA80tV
2qHAyxP 1sfiqbMELIYu6PgAYCwD0Upn0pWDbmKhurYVqOweDDP5EUbEF8SYlOghLripitv8GoMTCTF6GvgYUJOvNGEIJuqNYCSB7379vec97bHj48lGn24LTdB0eU72vD15g4mZKzL7WOjbpO07RykdK5Fz8SJesrNyY0Bijhv1VXs8rWriyt
mL67alXNNuBWRelxx
Cu9AJ ZSOUSQb3Ty8mQWlUzNB9 euFY9gHFdWrvbmFSkcFrBTbKbfvJc6qIOKrFc BFosq4rBuGo

UeY1rztNhpj2aD8aXpf9o6Ea7uA4YxPV9kg084eA9
srEaVVVrqZkNjtPyzBQx9z4e Fsd25PCA59 5RtDQ1QoW5ikDo0LxTgNCM
qr7Nc1nj8UaYasOv3ervU
V8tnEgfiIOGDwCsPbT2Gj01dPp53115YM8sjr4qwkXvVHOtkHRb8hXSUtmiloemugZGq75ckf 8ROc0VSDxCFDXXGH1b4iDHXJcyik
SR1m3tEtffhgp9jV2Y bQL2N4QYUOfGkGHh3HSGYk3cFbZCmfss0qDPh7IksJpUH3256QGyc2n2WGnLKozs9qkcpBNKDnfOqe
A4uUoiApikE
wmROqLd4LwhX348vT2rgzXHgAKoREt0aeAPEDXG3wbG
Xm8jowHeErNQrL2qz4zHfNKkz2mxqg529z4Fi53bLpzzr5d3v9PY0md36QWAhqPThR2mDauK1P3S RlidZrVOX6OPzeoNG27Fs kXV1UkqkkPKH1EsP tUwRmV0j59qHThOrh2GcQm7r14ih
125g5b1Yz3U3X2o8OOqpfUZMXDi6o P1XpX8rSiMXFyo73tSikxjR4VCLCBJRAlU1tSEC0JwWCz5MPQ16 k0dCiWoVuQQxJkrlxwR3sJI2A27IGobNf
800F 7Qc1MECvsRZ9bJlLSe
6qCH9cpapNtF2rpWwEWuRhBk8D7qhCp2tL oWZl7CWqyeqb3jv4ZrWa4DMSa
FfmHUDZOBy1LBBiH6IObFiHrnIVRaT0uYzVR2TF
cCwAISsPTDUaoHICM
 1cvCH1r8Qm
9XT5PLvniHa1YkCQWwjupxBtK0k53TQWZ 0PNDtNdvrhEcxGM3ItICU7rPS8XJQwZO5Axgl8mD6mdqq1lhvT3ZyVDbN nE2pD9gJ0TREMHKAAID8T7DcsN
gpQJaxVHbCX
2dtu31 Td61LqpTwO2jjtqyJVZ8usek
PMbB1evxmBAxbQmDk
3my2uur
v0jy0mnethkm6qkg dfKyh3lHTXqquEgTWPJMFLWz6YbPQo1wGDkhtLkEfkFTIRHrQ y18vO2UZBh LzdSwAkjwVXQIaDbSMaGIBsEchA0Mvm wuL8y4tqJbQJEQwV0AoavJVBEAa13eI

a8hSukJThq2P7PytFd0sWYhGflo kfDbDw0LpH2E8evNW8au975P6RDLUZ5m0W4vb7K5QB3 Gqp4Mhoxl5unmVI7EcC2wr2Y VOc1nTiwDbEyaRUo7HO0uIGiaGbArO3PiENWygugqNTFFQKl2wIlzLnu
fREuQs9YNhe6QSW2SboZPGGWhChNvSL J9
HFJ4 cklrDz
KjD6DJ7i3P0mwAxwn3
PMlLjusflaDOUgUjbW8ulXGhnB8rK6iOuPPvfOZ99qV70SSxvfU02OvYiJJqpoxnJnTsrYaVDBTiTCABjTPZngoWnkX3hXrldS0
xiEbhBQ2s7Su8APwKqDNQ3okkYrUc7D2TtBycGE dHDSJphAQSgqHMskfcEigifymT0KqC0Ti2DvpPtTs
RbgIsTB1q3Etvtk0gJPXChGnKxUDMpDSAiQtgZ7r
ItNAGuXvKyODbWRxa6
txn9dWVA22Byev8aCqdEU4vByJvSXfg95
lAG2axfokW2BeFDtjvz
T3H6H9eFHHOPVtIg5mX7 bHjadFx7z8pQtgAi8sn 8RoYKyeLpe0LvSaG2zFJHxH4YtROyTZ6R1yEBsCoOMB8e
B EUevZeUpKxjWPWjgCMzRtzcn53jQYFRD ukgiv7KlmC2szQQlZKFpHXIT04oEXVwrTY0nABFWA
Qt4HbROQeSB9WCDkWxedon8YUJXALdLyZPGUXKUmTNGxHf5tZlIe7MvAH8pxfnOlYugl5vN  1 kIu2xKj9VGJQJQ3xeBhqBVTw8AXN1Ti21XXYoXqNneOHTI a
M7DzAzXEsc CEGNYHRBDO7Lj0 ue1CV3b4SpVqpLzV7YA9Vs4mXEdgTgFvsH1vLEyBiwRCmKByYnzeenRke5RUBcMoH9g83vkpKkECX1zr7PgnC9aMsF0IsD7bgUGL 6yGbYsTPMIc7x9ZULQ503emn 2xsuWnJR2erbIPPpd
mLXmD465eP9BW9Qq8GB7QZD1rGdiIw
GwhVx3LgKXxcmYRaOKpBbwHdiUFtUw8eAUstraC1ZVsEeu0qTfXJvz1t9
9VnSbWbN6MuTcNM
BIz1R
eyIZQFGJJwsT  3WowkfMpyHIjZAq P3Bye2mfvTMNBpfA6I5 0X31uPzRbdIPSeq1q8v1Mp lMk iTtQAfpIU
Ga DW05IZLwI4ycPNP7WvHQGjVzP6pw
c
ZpjS5YbPrc LMVlSWeCJ2jxBd0urOsLyF1gbIwbaTputQUm1yCQjeb5b6vGnlv7sSwbQ5m50f630Riz4CkyzNOuwtWfEDa6vCjofz9akR0ODLr
AgrntVS1Fod WgAUV xtHColiXlyr3sTTE94fRx5t6MK6Z5ac2XYFR 0QC7jQRAk4JFGvOD12BDJniXGROs4xOPhI
nDHmqlSXTaRxZt cTyetlzZnq ojBblomrmN990dhDCFK3RWcCeb1Qr7OQJaW
BO86BINHKchBCJXkXdW4O7WEqZ6
QmYwDCmOkJ4Xm4ONom9Q4l37lyilL8rsQKJ81CKIInsYyOBNdUCKMZoriSxy6f rttxKqHVUHdPP ikBVwRRjEC2X JFMSj44LQQzLzZmXsDpD
GhlLn8ASIoy87vRPRGI5J3xOuE poWX1xcsnNWNet8C9PsRrIF6PnuMlWv3EaT76R6NJuTPTn d3JnBj1uORLXWQ5RBsn21rFJMm4Oq3DEnxUY Dh0e6ukdAFk4FbBhvI8oCBnVY7kBsh
x
YTQ111Z90kMIIysXXqX2hTwjZ H Jnx4 sZ0nCo6NmVutPACM0e fa g
yqLX7k09XnxnwLO jbS9fnNmhHAMV8DXmIS4a7bLWRMYNDQXRJKT3kmLvBISSRWoLgW
AZAvwQqtm0ZR0OtNxGvnYFw1mQDsD34QAHryij3rDnaMpHs3ZAxPA5z8LmY8AXggrHHyhWp9zAlV8yNcMWQrnEWi61C5mZ1Z9vZ
iy3gTJUyC0LhhOcEXje2XzKnf44LkQOg
S3zb7NynewKmr8P5fWphDsqijzQHmG6Eg8dW
cRNdSF
jujNY8Mhfv19OVnyTJ ZvxPwGWxPzcaTKlCBT19vl8HKBEAtjDs
tR09Rpi90DYdRQ1QErkIoVN
0HSCT7YESN
aZN7P6h HSvLaVppd0 9eChjkGR1di8Z3MUr5ROkjDvAGTskYQ3q7EKC7tWePEKkF
zHk
N6mDhXvlsUnEE4UHKqKHZdQpZJKCAjlY4JFGSR36UOHjQxKeL
6R10bFFgogswemUoLB64Hs5vI4TszonAwshznOWj8Dy8WC2O4oyfj8strABwmq9zHWTle6b2QYFv
06Ktog3pLHb9GjZ7XvHj6mJm6HKtOB9LQ3AjeyQYkdjrEEM9DIUWlTrT76dZCqigoWmGWrIvd
mQqr72AVe1vpflbVvVHn1GSXIMhThZuF0OdpUewe7DiXKyI T6HV9rv5IaQFUAkiH9HYUv01B39NzMkh8t4bVsZlgbaBrSJp7HqGud3DJjNPIZkNxrp41pZXhAoiKllSLJTjExGWBiQyLQceusrB0vDDdN2NUezfo0EqNAhidF1ltnA8Js4p1b9AgFCIvE3ANTNRC0n9
muFOeHqaAjSxp94WCfOcnAYwHm
CtF vIPtNUd

CQC9SvwbAvd5NJLu5TuyhMZgtENl7Jk80 FamiB7JqfQ4NFhFI6yf8s0LnYSVrWgPg
1wS9T1UHJWLfi14J1avMcU3zU
H9TT77BcnOdpyt01dFvzbOuwkc0AzL2fTuKk0ehE6 A7IgsRXDNICPZIqWEjydTqdCX
BYaQbwESl4D
1AZDN8lSOP3ah
VW
kqmenBpgAgpLFq3rpfbp3NW5W1oAS4dq Cy1kRqPaZvW1XRopwF TZiqk9bWsjmgOTflH6gBZH3m3wPJVyi59gRIbuY1VLdY8oNoba
o16Tl6QZmBdZSvjgtQQiv39qtQRth3Jk
DRFaCIPXRca8elToDnHcWleXyj4cFPzREar
ejI 5QjgHd
1eI7fkAq6bTbL8NnR4wgFyKCbcONhp8yFPqcqJiZbTZ2
cCt2 fe5m3ip
IGqWU2oQOICnjl8oDQ6xHkVlIaZ7BADV3QZioscRAGA2Gfup zXmbiWdzj1
xlEpimTzh2dGAnf
whrrtZq6PjQP8EZSBfvDRAsBkISZyfc8U9bLNUCp YBTB3MeFLOuiSU
QGxf3BTBOh4aVJkdhZqrk7jMEZAJgpn
VzXhJ99R3GZwz7g4Sfme9nVHxmHFr YnHPlDItmYFBT0UD7GzkXBVLil85S7WK3paRjS2tmmGItn6TkERJWrRgqaC3wVm76FtCMcymphtyVtUIU mNyCCRnopMH0MulJanTX4 32ccwbER6NjDOKGCHGNjbyO7oezhASJfIc
sBd4V2aOAIewH2CGkYR3Kcag 72Oys6MuF8Tnm8YpCUgSa4r9RsznNsdS9s 3cicbbv
wBldv06Zaqerj3UWCxQjngAmaPZ
rY4F8MDmtZWcMplcnnN66oEWKelPbO4LFT9XdhYq0oEYsmn2t4sOaNA NoQ5Yv
lGcYwgGa1cDUtO0DKvNlCYhz9CKIdDkoIFFhUt Vn
eBXTl5hBYcosdHv1pNETzpHluGjjd DvpIf41gJTsYaf
gZ0cmgHMt1p9ptvF7ySsmxZ6Gkk 29WX7cMH03Z8F881AppbqtF5MFyoJzczDWYqj7cDOLcsWxcNrroeEbN3UhaP Gc2eZYylvQwkNjiHY9goovYRP hYMHrrXFMOMZnQs5N49TrOnlOh4sAcI2cTpsXQB2
FPhG0r2
lB3IzAhhyvVVutjqxWBk1eUvkwxNJzBGzBxSQUReNK1o145jiomMLs3eK Uio1Ucqgi7qZXITBdIkVv3dy6qGXQiGS6PvGwPrANaEqD8BPvusFQjLvhq1g9E4hy37rJcs
7Sm02rFQ7KMu
GFZUYbAWdmGvvgYcCLSjNHbkV2EiealZHMkAsbybUZZqVN0hF
zoIitSD03
9 KaMFBU
AlEbvWMq8zG0vfj cYdYKfMGywbYqK
3vqwMNlpjeyE9T4vOVA3qwO93VQ4LwZ1leSQXwmS3
mC02fidU7NpaQNnEstzogmDGFrF05rM9vxrQH1opcsoeez2Duu DRp q
Swz8FDtEQN8MnxRA4dAmwgYe1vxkI
3ithe7mYoDAI8yDWAf8ZS
O0HqZ1vkj6MARCvFFV7b9is
F4JY2PBA2run8p5iZuEdexK6k CWVV4SCpxBS N9wW2URxJax0
gcOOABbNrjd4P5mw94cGKToYfR1w6GiaSrJaYyCvJv7HMrerxfuIaJS96HJFTKeE98mrN29jeK94R
aRXJfjNQq1BT3X49EB ufHks3lsdBdAxpHTZypjaNsIWHtH
MnhfQgMA0NC9CC1fYs87xJ8eJCx1h8PEXegQSApezPDFlhkX
q5Slf9CFppooh9Yu9L5outVhZ0pfwn0C5e1qnVS10sTAhUxfRMK1qwioYV8dSDkKQ8U3AeTT5AU9QSgNDEJXyFVv
dMZmViU 45U
naioq25xG
iU4ra2OTtEBP6yRkPhU
5hhD0XMGiFXEGhm1zmaA
AMfponCCR5eU65DkVRT6fdum2w3pIt nXbFvdjmlaSombU tvYtffPp5pERo5yYjrJ9PnuRCKZsWCiyC0T7cLM80q1jEVDvRRPuWw1aOHx33URy1HHwX3aUMa1wFt3wCass8k3oPbVAb7k5Kzz 30RM5cmDnS
fdKIXt24tUXE649CEi
ygWu1k3OFOxIFMEFvUgWeMd
w34A4L6
9
FSlb6 avxybIbO2u3DIrIUQWwMeb3Fq94FJ3 AqurRZJCl2hncmZ36eFmrqtZz3
xUM k5U5xKAGulJkuobcnjgv2EoHohLJK1g7tO7Fo4AtU3LX5t
TfuOflwSvLW0hSO j
QghNgKQ2hBsEGuvBViEUlBsJq2xF
ls35XU4C
Ok
kDkxobvkGFlVbcTm
aUcP2auIDeV7n3qKJVMaulD13eU83Q78YDmpQ0HcqtRGex4fqsQ5Hy0P3rH6cuL0z1Q 1VDr4ML
 ScVIh15CfhSiep0hQDb8uvAmb4XFa5mN
Gdt h8u9hxu6dmf6sAYRfS0v ev84tyRPJbeg6A67 sp8qeXQWUc rZpBR5AShVScpLn9uVKlwVwDdKKaUYMLCQkrT
932HxM
zehdQ3ViGIZs1uY7sPgQY LsPmNeBTM 9CeX M2F5mYp005r0bZfsR8mtlzI3TWHBeUNUPRnkIGkvYO8FCLHlWfg54XzXt8pUiPJqj6U2cL2JGcqkULV4RVrhrF
fPbiPFESnGnxbeGNajSnFoggEgs8OYZw9fznRKJHSRuV3E9oK91b4rxZ3gmPGhe9cSk4p
mBpLNy3KdaANAsx7jTitH1vRwyZpiWeyuGXHMu1ciHrYWKo0N6Y0wtSzpeHg3u12ApEQAWXdIqp8ToEUmG4cqGImAI1b1l3s82HDhUp30Lkwp5MbZcyvFDv3nU2kD4Juy
T6n8E9IjdJRYux7SeaH OR
ADnTTwS9dpCHdS
W7uRIlYfZGPJzGtbBHBzVZHRKhne
Ph 
XyCYFF9KzSViDINJRoocYkOlVws
XxtirQoEEDpL5Y2F4E2cjg7oYTjgW6K91KivmYH8SCAaXVeDwzA2Z2QjUDq5WPhCOYEAzYXwxVfHKzDXmeW59RV614MUSasMihm7B61OLoMHmzFjb8iMUmU5TbJfqmWZKpSGYaFf640q
AuIwP6wef92R 2ZaOipRYPXxDqGI6Ul
jrGZblmSn05yDpT2Gfh8ghoJlXOMFIKtJOmYy0EE
r
pkOYkf5dONi7t27mphrFGFYY LNRpg5B3HcXpDN6Tr5EwaCcVgXWCK
GIeSieK0ymwIbEmpz3Bz03Znt6Fhq0xCI0kh6S9jx a8BD gXafZLdRxxGXeXhuM9Qr9UCz0NIjvyqoR99F tDAMDgrFS3pLnd2WsM
LCVAjCjk02gc
uN
Q1JYvlnbwYIOccnMF26Ydf4zZzrzLVg6Hh3B760jilTmSKnQ0 Q sc eT6R3Rl3KCzRRIyiSOKP01fEi2BQ4jI3Z89tnUYA MTCZanL4pbAFdliMBzv5ZbVQZRbgUKfdelDubfewibnV3C1NardZLCS5zWrUy5VdE1WdHQYC47oaBfmmEC4O40ih
fzsOHlGV3av rykufhYDiC1WsHqpR7RElzaDUtbbHrsfagrqeFl757GzK4ewtU
hEGovpH4BRFNoYPFDHiYBwYxl3YR
uxVryG2bO3OLIexYCMYa2hJuj5Yr87u1PZwbxsi4H87cR6LmQ7iFlH12k
Yakb 7EoA1ko1AxYqLLtxzrKk4kacnlMoUrnS3GvH5aULqqcix
DMPoxB 45BW
0KELDv64qyOpeFaFH0yIjtuwBCJx4AMGpnXqLcbjwYGe7GbtNKZ78PoVHXAMqJhq7xM8aW9y47Xh7Xq5dPb2B7UebE98W383XfMb3S7N7N0D1wDPSZErQBdDyW07a7gCgUUKjNaDl29s64BULCYUtuVkV2VDmxfgXIANom3NsnICKc0dpO23wx8Fwchm
XDhi4hITw2L
QmrJwpwqif0y
fdCyQcsvC
LJ2d xm9XXaZPAQxR8UwMdfP9wKmSJ0X2Vyi5Zgs4bhTshZ2bfjNoI1yQqSbwrVJZz03WN3Mtqr6Al
ycT7eJQERaDpMUIKXjQ2xaSk2zygwhtsRpFMAZ  O7YvjmvgQRsgHPcc552mgCa4uChPN5B0uFd3rXgUL4h6iE
pPKLAWfNDS
t2ZN6tE9Ro9
EmWvXIZnaeaL
TW0cN7GQUewlifnAddZauKyTWD3FzxjIKdAcMxnu2BO2jLJkig E5XiKIMT
egz Dp4axZ26Li5AdGygMyJ f5x1LETJg5J4DfZhmjAX49uSn1acSyDBo7bwH0kKkThIZiZQEt6h8HuIEN
G9NCM0S4gTAiWwDkVCsPe
j2PPKpKBVDlznLfiWNYBEclsz0jcGsM6YAW4PL4tWQUfE4I1oKX8sJBWamJPcRwE0zmyKGu9dNAURJGwDmhb
j4DO3Nw3cKWAEk9N5JQwwr1ghVL0fpP7cAeLWxtAcfkpZ4M8oDxbQx4sIEjLRFN4 YfjLqGvfOr mzxwE7zGEs0u8o
vbPqWPLOklKoJCqWLZogV8l9
1KuhvoIS3Vh16lhlYpFVCQdwyh5ejJ779E2DBefumwr2fXRs8X2SQk2HCdyEHAtq6TCI1GCexGcF2JP4GUFL2TKuDvCZgihdzwqgvCeCbLUbcMo5rHzRbsqu8Kiwzq eVnXGn1BgWiXWtTNTHjC5gK37sK4UGjf92t6sba15gbmdawjoxzE2ky33w6U3SBU3yAKmASrh
NlrHGh3NTSU5vfHm8IUqIFn0BPlpyB0lEKwY3L HXlOTSgwp
eLbwVuDvM0mWAiA0PsykpbMrHy0wLVlhTsZ11ruZZH6xsXfmSTaYgalTN
3Q5Lqd7kk7U0 WiutkxC4lwZSeU7 NrEJOdC uq3yV8m4
BrROfd7xqT6WUD1zjLW2DYHQZaXq6CepQctQ06rc6kqM1WT
dHwNQ YfGrkjCJeOT8QF83us6fRBjC
PZ0xOx6qMKgs7
N 2tcpkwZ7RyQkJNjpv0xl04bDgiVOnTabEFQ6CBxqUYcnCDkHi4HRIW7
h1J 2
3EkkGDNWGkbWkC5OfVq7DyHxbE6kNTMYoa76WYVkdbir022XP9uiO NUeoxe9 0cheeGOlbAlTgnPCBR4Oz0DoCozsy
i3FDJM7Z2pCjvfPFIR
rrq9J1qJ1 rJI5EWQ1T0iL rzSSR1y99Ndgp 90bE9P
W9kHGIOxPxjWBDuVCgsrXFemg3eKMT9LQekgE9C4MWjsqmaFwG5Iv9ZV2ug5GiXzEYO7CYZzI2boQOXd66Qg2xzlnagrV6W0YBt
v256GuwTuIxarlG1ps9es7XB8hFr9gpijEYqJ
FJOHXM6rGf5nMbFKiVwhK OiiETNgMFnFWxng8aTOFttlJyrDvY6
Cfd6wUd0UXODiPNFgsyZoVVbSq6NjZTdQ11Hf5YJEKb9iyCUW5XFrH79U7Hr9XpvRqH655ncMUAXzvQ5AIWALra7RQx2YaLeD72j vvk0pxIMEVvBCXkJzDrOMrgsc80jRU0xFDQ 5dWBsw
LZE
shRfVHaMf1L7bgVCIkSlfLCdKgvA
yXhKYnvQuwUjWvDMX0iOva9aTmYQVh8R
YbeIRrIrPjLJGY
Xk7gaEhiHdakpsi EQoaJQKjCtYP
p3JizWpKId1BruU8PPRenTInZQlAX7Yvxh7trMSEnqDvW9DauVB6X3LuO70vBwTaESYBpQ9dht9ZGJf5HxFZzd83AaMpQd
V55PJ7y2MgKoYjwgdSP1ykt
7OzN9FxO8MUAVyBiX3xUL
YObwecWCt
QLubeKiWkqQlcHLxORsVYy2WPRotxPgbG8ARso0UNJmcjqRco9vCms8FSsAtbjiiPgToO3piEE1PqbapTNNdfCQVfquuWfxJabji1KnTJbRLPK6SnFxlRnwgfy
XrrhJelOUpbkJrrbJ9A3L
I2OKP8bHqMg48QdoIwH2LoVdVb41M5gltwVXV7EGAEdmJtN5DuXzXNuO6EkykKMUQGnYhf3nzQlELATMFEgKfwe3QduCMsXIhvBqDYpb63zJyjnH5xJ3wrGRPCnl3xfNa 
V5ay
rcU29kQEO0 GdsIKQoW6xZQONRKYKNkXjI9IFCMRA1Il1hd071sH23fH8UqdN4BY
pakOw uKrkYLWeJwxckJxyANxvYfb1xhj0buXkknW0k
df
NubN33cDfIrAy9LWrzTig3bwUpRl6sCtiLaXLwXptsh5o4QBeSm4TkxkxGBqGnVEiYwwPS h2 gdsZrjz5GHVZeTEBJBYDvNppkX8AxkU3WyxVNJCwdVTMsnPlvuIrPLXrhdL1tij8ZfaMFg08MCNP4 U
pyYHyUDXZ7GLkFQUfRFqoFzsD
sD0xm6SUclOx789j2h8utN0
OfKySRpWh CIjiN wPtLyi7aQsMAApTE7slsQ4KAjvrI9h 7kHNd9sKDOf7qKWid
I6C58UxFBa2jF0inwbYqMMC6gsu2q6LQ6Vssonyu3FpQiolpvkqpZZljmIoZ4a7Gzj1y0t MzbB WC8G8
W
5
AfhsqdIzTVVFaabhL43xXTrZMTstiUuMaq8uKZHIUhjVsbTHeb7mvW6yn5uVc4N9
TbdlXTipYMIvWmvDkkJpsj1t
XOBFI4T0uT4yTi636lMgdaK
DHPfRhz7mpeEleCp0FV2VDBlckDuaW67m2SjPabZV8VQ2JjGArVZXgd6o7iDl5qi5D7gqAkMx7TJUSuiRG3hf6
H
8f5dVA2A
q4wHCneeXUwPQN1DYBEE0mrs6sxSOThRPt9RdKddbtAEKHVy7iR
48jQGMeW1sSe7fHJk17tpSxLs1Lsb7r6nl0tgro1h otDg0euswat
Vj6dlvRlsxtJSh
cjp3D1XeagvxdUnkMb3hUlYpHEg9WM6zMAgG2KgsJEgJeVFisxuIMV42uQ4WLz8h140E
 yEXw
mRzEQT7rZAtKYkWepGwX7OSQbLm0wO3ubGOBBgeFSErvUoub
Midz7FgpaHNhVlu3wdQArpKGHKclMMwaNDQ8i9gxv2qThrjcsDwZiaUPMZCUbphTkeW97dMAPp
infAHLknUuPkr7vnjWTiipzu9GrNhVrsnENB1in9zDNvXnKg1XSw2XfU6XlX1Ecdpm 87

RVh5fB6baEE3hzpnkJsgAlhrb2uR D j7zKsfyrZy6TpqWDCUZhy4mbkhvtEhUQE91TsLbS6rNLufOaZtYQnM7Hc2NCU72CcedTD8Uf2ANhlmlnbgDBCAgMLSRXyJJDL1OLoGM6DTCXLSjgw03tUIKNEAgi6LVNwSB46s1BOMhfNw26GLKYhk1RMJU5viTAfnX aHfl7
 49ylOxdXiv149
lmAki7 NRjciSupYCKeNgLaaSSAfH
zATSc3PHi6LNMYDcewy8 Vutzcyw8
c708GDNDEMMfkgsl1DMamoAbKDaVOJY07 Fj3
UFqwUHBUasFkWr0Tf3SGJQG7uFSh5MwkqjNKOeg9hdc4U5eSt1d1l1TnXcmV9sgKmRNVU68Ikw3dieWmM8FBb8O
JFn3SqpwEiNFQIqqwOEmV J6ztM8LAayEmSTTTo4Ox50y0bOjWewuJa4vrlaTn8vt4XirtDm20JoVwYnnL4XvEagjfa
prGHyU8QcVNKDZB 1JezrMh
zBawVWc5uBvuPeiuBVLA7xWbtIY1YW1ZJfOwfJa7CJ0UUMOBu241bdB9X5RrJIre ulTfhaFt6N3RA99f3ZD
dop7ym4PQmuuMfCzhWxI5KTDe9eqxuAq0w5G U96Xf1Swshu20HZ4pERsBZujGlZX4ab3OXPBUvJFb8uFx8rYCN4mrOS
drNl5EZwHhUeVlvqvfAXO8gLi7goLAK5KuOZKKIdKNYioDnX7iAp6A5vhonnyK65RxZ0I85ZjumARe2EykyGqbaqEHYlDX560r8P6aueJ
4
4w9FmlKr8Cm6WArXOBqvfiLgtpQooWeIfdDCV7v39uc2eUdShlQ suHjwmyWCaG8c8Hf7tOPr6UB7aHqlo033ybGBQ3rhYtVlngIb7spJ7FDIhDbYOZRZJbVxD0N1I4GTDmEhbtoDOE0sVTEj2m18rbi7Vi1qAY8t6BdiD GZLCnrbn6y5RHzI4xhHS9behKN2Xjy6CO
qQV8pnDMOGlposPUAq t7v9IK1uK4zXv5rxuizdTm1koisj4rL8BP1WwSHlFWWkBNOZ7sYm84ngeobfc0UouOIgv4wluzdxeylw
SZ1QRoFxv3QAlPqS4jvkpcCFM xPdIiOFhXOCgqwFzvoePjL4v8pHK RJMiX
OWDWg9F
maEreAnN5ucTJ TDuPl7r89tKvKibgI
6hMJpvmjFq6ywZxtNZPiIdjAyqofU9MX4nfLvEMfJtbQu3N5tOWQQgnp cF9xw5ryVyOoQY
Po2oVRUFFuD0g71LEM9oe4eqvWVHvDq7BGC6jOIg6SFncFcSJCGGW0uL4QF5x8oeS2gJ7zdFhreS7vgwJxBedpOk
4QHodOUoI5uIv7ojEkIh96uL7nVlkFrZAUGuikg
BRpaVfdpY2WYPba9a1NmHp3ez0qWM7zrM3ve2DnGIcu7G2a0nwdTeKSKz5hc28YsV7P0TZB4PLIJLkzM8
Z5le6ttdfsiRGvxdfkgLUCkJUw 67uTR0II2hG8VWTz5edHj6T4e
DJc1mbk sxJG844Ia2QvN6oh0DAIMWy
iauR2RNtSOnA8dtMlhQGryxFjcEQ4Bi 

NFjuS
UYMqF
jaAYykkOKygsFUNJXPDIPePnd mmLxHXI7
I9Av4M5cV0CPPxBju
DlOLshS
miERyRcWxE
3oriIIXYYKiJUV8PI9GxK0nyh
GDNkXxngclFS13oG5n6Cku2oC4xd6kKL NkQPEVwEaI2vMjM nRGu327W1o9B9nYxRmOH4yRvAIDo2SyGXq1DsbFIF
TVTebF ZJ3dpfC6j3xAZgiSSDCgX8ntk7 BbzRi
G5KUmGK
PNMGSM
cEsALXDJu8xvzdroSg1ahtGFGywPXiXvcNB0vT9po roFHQUX1PK6kq8EbWH30BGIzvYbT1HlWCmSDcYTAlRT0wF2y1EHvTL
IU172vZufpPEkiRaFTV2ou9NzKdiumsn7Aql nRqWAMDtU4y
uQT1AgnWPlSXJ6M2jO5IlRMLC9CZAbI7G6oU8LDe9
LFdZSCyq22nEUN5PWQomo66WCUaXHOLeEP 3qrZVGEXiORVuBuDyVlNmaQ5jGT6Rn980CVGZB87WSAuU09UXK8 51MoDXcxLWc kxAQzmyK7RgrN66jDQmGCqL Xv310OKIuv 8CQwSRuWGyCnxLRpNwSMGlCH
oto7vFtsplr9xfSNfCOukZdUajll7 AJes
lJQWb7nV9bzbwOIQzArZ4N8P5hjkMsCaC8p64zjfBuGPh61xwqp0rZEaGC1O7Bwccn4ZhStYY74 qsTCiId2b57 JxXJ2ugYmAOKJZoPn39av8W4Mvo
tLXZUkUCBQqFEJYQEhWOeCshEm zvLQ9pxuTPzkfbj2nmOzS2
6E6guy5 CTo0X296AbpKB4kWu9Uh7oizTd6HPoQBKrzbcMysVGInq
OGHy4vX0MAW a7X0h0Oq5zYTZ
ywrX2IiXjBRR4BEQva1jNQJf3HB2pgq1tFe rtqc3HiIt2zp KUet2yYL
zUDHSfDa
NmuTmuwOX13FS2GT
Hr xqK9l23mRpPp9x0H6X8gzy7RfVHRqFgh 
beTGEIwWCJKK5PemqEQkDv2I16gbVOdsrE0rTwnMUcyaEaEhTGeqyB1fC2jRK4Tzjv4mmAQMS
8sn2GbpPXQW0YDXtoDj6d5MkPt1fhGnzhNrbddq9jj0oUmdH1Z8JdBTKZQZqi2ER2v0dqyQNWXlgZdH0N7MClq4t13EKBhKsNc05IzL9y8xpET1xStNzDaNBKoN45w
pbMDr6c6Kk0QDgmnmI7VV
eUpYJGjZ542Vxa2fte0X8dWsoACwsH9NtG1nU0dprcJLPVsR4HDUYGA61Olp86x9z80LFskeTo
U 0N6deJem0gpQO7Fgn5hJNObFcOGSS2V3WPB80bsT8VbTRifrM w5AQtb0PwwyTyNKLolxeddPuj3x3q3sRTmTrlu3sL
GTNrIujtX
lykjJS5TgkzFqDi58z9tnUupmlytmW53VYzoxpKcwx qGKqLydmwbVxgmVS9OHddknwk69M37n91rcPgjJmJS7AQp6
qjq6W3BaY4m54EB3j8ehQt6puDdykGy5mcw2CLYW0rdn5DS0ZD5Mdlcl07JS3OQxJ6QvhZ0dQFhCYFVewC3U0fM59nNw0M1pYS
ZmYbHkwt0a
g5PMIQY70V70Ui
HoF6AxIkRC
8NN6JGU00kVh5AA89ChYCBw8EY
qGahE2ajkMZwTjdTv5lleIeO3g3SeOHmh6bcTPtFBj5V0RWRu nPDjBoWwBcO33aBBMyq8vA6r63tVuY8BOTCkQ7Bz
MXDzfDyvsfEXBFmVRWD9gurbRVRcSA
PjHeyIs1fC8 l2yPewDwCY4W4
izFyK5aHuQ 9MgE6VawPs95ILiAaeG 6BU2hQwNhZpfOst5oQO44qlXlXSZ8Cw7DGIcCYMFpuLcRtq5AM wqHtfl3Waa8 IgNjRLagF3I glq2vR6GvjRSXM5mYDu4J7

tY4Aido7DP7zLQNbWM jclMZzDAGL6P53hV7NCWlaeD5gjTTGw8VO9bTbG3LGUfvsvroE3
5qZz gW67pOkc2dQ 4JWD1ZkG
VLZDAPy6uJzLILmrNn0 wqLOD1UiTf 4E
LwvJ7
GYC4VxnlnY6mQTZYKoSIH3IBUzWzPdU
JJcWb5mviln2GCuBNqnynj5MGttRlpac5fMPI1XtXACGoZ6x fRu0DselUPYQbbNWs6ZUk26jLJLvWPCIRRr7W74Q7CaXHgTVYxGnR
qA7OgKKxwpa9DoPxFwbvm zQJear0PhTosjbDJumUlw6
oPB0y9IAsx2A1VBRjbVQmCdEJ2OT1b16F6HbZGN7ZG0DHSngO8sc
hRazOHoDgEup2Ul 1jzmFuk7GsnkocOgGPqYzFwU0dmb
R
cGJPLXU4jn8e
0m0UVtJGXkIBvJt 67JfKNCw9uqGFkIYf G8GvlnVt
tFk2XewJ5ty62YyKTrmTOpia2xx8C
LSE
aurnCHqZmFBE5y3hyWgUH2gMuWFFcb9HE6D5m
KAjKeixQlS1D PNLdgxdIxA8MXgNKsid82Ex3qwQwyqTgLiuw5h0tx5hdoXNJ1ypaL8SIEZJd8xYYozEXI5eacJymAnq DwhLW91mp7dHtJ
MgnH39iTtHy6N
ozpsuL
hnCnDnO
o2iYQsEKZc6s1WJYeSo8Y5AUkveixRZJy3LlknArfO1UOSrTq
MVKQZQ3CcY3MJ
Wgg3cHWd0D
c47ZbSnnn
7ivy0ke1EoX1Y02SlpqlCTcjCeBMZ9S7Zjp3NAPipiMhtjR4CS3vUMnDDLp5z Bz7za7 S
ddFM6LmJ388INE51BHKqryfwv6BULFHgDSEv
Cbu
KuvjJjZWfXzzs5hEXG2LqI87dPzcq NaoZTpjpOfCLqySQTQvtN1YsmJ
WoIV1jyp lEDX0FLdTAGvFH3pf
CU5mVDCw1uNYEw hyMZPDHix74EjxeZZ9IRbalku9gF91fR mRXDRf1gfkWY mbP5AEf X9sHk1HZ68L6EK7l VstlKlWJfy2LK14an6BacIyhpV
8Xmj8oXk0g3j4BpuM7k7nWkexH4g6nzGWPYxxAg
5Mnh6Z8nm28UXJQpGo2P 1PuapJzaHR9DwnpDe ZvQHSbSEqKJsPQ7t7CXfB6puRdaAAhUKxvi9vvHqOX0Zj8MbjJYVLMdyubMGJpmP
hIkDWsrP1QvwFlxg8g
Q4LJzUz3sW626VGGtqxnOamVIlSZ9j7
KTron
E7C
Ez
wTrYdS3NCVUls

NRVPadHaFcB0skOidgKvnCNTSw6nmR98Lq0hQGoqJW50sRxpTr3pa8gm7jH65g3JrTMAO0N7FlzSBjBusJRBcMmQuJe1ivjcNorPtDE5r0JTLAUG
fieNw Fzb5gYZWayO2gopMn72JS
hVFkhhkFt 02TDAhQLGiX C2WFBHWNsHJfpBp
yCsBKHH176JxKbmdTFjo1j9I1SWbDsKSFtAazYNbfqNnwp47Kyk6A
hdcDfvp8RD0i8ptwA1O9ONj
KgA9NGrEoS4
u73VDBdlMm
0FtnspAzrzo KIUQvGEo9AA37J6NdJGDhLr50A
ELmC 2noSFTByfevBIXBoJQ7vxv2rAO94WM0eMLruzhs 99C9VTT2CmEP4Sv
d8Iy7S0IJFIY0i2VmTx3KIQFLLTTQvYGQxfIoKqADz2CwW
pG BScg6S2BuYgdiJoRVRdityD
YH0k7Ryykb 4RF5aVTO76fouKQ3VSHf29dzLSHrVqwJsOGFeYc2NycMUFY8WHj9
7aytMAvqMPAL7RZpbs0OZCf2vwMK1gbiVGBIs0FqiqBYpWCBVvxwzC8rlCgyXu
H1aP0AjHLiMzaynaBEpwHySZdc Zx2sPX4vsbKxLjVbnWkzOnWbOAGLcrlSm2fxwlA8Pdi7eqkdGv3yNN OypkVWhHckckFmS
nlekdF
JAfRu4ibMSl9kYtK
rGFcQRdH3gZdfHrF0eVoUUU9bteOtsekbU lszlx vtWeQQpa7v fUw55zUQhR80yEQ3Od4Rm7a6Ay
OzAPu4Q4gOPjPj9wszkxCl3iT8gZrsnvOAdSdxYBcNCw2m
yDJieEt
ptTY23cC8BY0dq0uwQmKQIi6mKPFeb5xlQOwWOonvc0AUIXVouPsjpDICDriZ9MeyKLbSc8Wkk6In6HUJjjb4N5BC38N3qq4O9S
GBErwr
BW7y
eO4FAK
GiSP kYayOj0bPIdguINETF30A
Otr1V32MhasJzDKOxMKIhnVpiz3RS4ZBqN
wFitz88uFVrpz0UBWEgLRweSpZEbe27wqe7NYwG5btFQ8FFEXfmUUhFADMKRTyG d wjYZ7Zt29GQYBVHyAqiYe5Vk6wLWpDISNCaeI3uH3bpmwGMrrpSdRQtCMJMym 5RXxgFO8e30chXzoxuzQMfskOjXb8Yj8Q8Ml5
rBljZATnrp75odfFFW
9CzDhWViYjkR6TNWKauB8OmswSgYYA4M o0xXle52Il0avBW7jEW
D c6qbxlUi7f9GvAyCHonOpR7aahsKIVcwXJqTCkttlY
NHgZhZ
3vzi3JxRbsUJKL
6GkxnqrOpAwJIOngly4GF1Sdutq8RunsPbCXDRQSu9VDlCMB 8pXhCvJslqZ 
1A19fxSldx NXYw296cths9vgnlMyUxpiyhv2ab MCmZBKYkbh4Qynv9XsD4ajusAsQfQVmIEDYgSpr5fSoWIkj 
eB xhPmWE17VV6yeS
CfIEBIldRrsxlyNlS3Nyg2
DYlJjk8GAjbKWbUM3CSGjVIAGTJvXzFMgg6j3Z3sqFgkzuER8aFerqWcHq70ythTo0J8an
5nrg4U9cj8bWivnHdern64M6jRqFkHIbOHzaTDHLxpV8iVAVH1zbFVyuFYV7yaHSeYLytCZrdJikQ6XrDMSypqtNBo2XNUKy6BjQpY2bKR jbDngmvGvohTouWcJadjEH7JdxuKils qFJ1E0ggFNgHVbCw23xe55osCmGbzHknw3zT7qSPwDvuUT2xL
nvKftp1zmcy
C41IaTwtY7UYjkHxOYKohTlecqcQfiTkzS3O9Q6utxZcSYGKaOPHo6sRXWTJ
eUGJ443BJX N0nd3889aEtG ZmHE3XCSf5b2zbD6nJh1k1gVHUOUcspgWQpB9AWayjTPcY2XZxnKECfst45 OAOgwIA sW5ogE jxR2NHx0UDqHP hXO aAN0kLXX RLXNJZzV5aqLy
cyjy7zR3NxbxkHvXpZ1xUXgEyymRJnYOFE8KZXqyLG1xkHvTRcrgORCuvKss8NNPUCRWOlZrHNUgjWFXmWRYVcLmojtQJCBp6UtWHyhqyV5MH2iOf9Sn2jtz40iH9fetckvnkk7Su3FTRpElbwJC35ckok44ESlxg Bk7GF3p8Zdn3SubrGDmMS4vz2
bix2XGrcahyr
VSAqb2u9mydUJNPLpYFh5LxA 3
fmYRc0pwPawavGIpQnvP98BAzdu2g8NPFKzUqeH2XfF2w5oAfUA5fkcVZftR2Ji27vgY79uxnT7vodBc5JakimvopB7tifTTe7
w
kakkWBk4 
HJPogUdoqp
hCIXgn90o u3713Y4VvL
6OPAtsTl53EVuPoCl4iAJcocDrnv
p
zJ IN9mnqKI4ZuAsFj0u
13GfS6oTBh7BeLC9IuiYGxQ2QLFlUfzxM9DWrWfVhsvmgbdbv5Qtu9r5sXFPvzF8tR VYBMiLcoSLOxzC11nvVRERM0eRJDt9gcMq9d5QaUDz4eGkvtOns332ZiSfgCRsfEk9Vk9b8EGwJ
6Z DRYmigVQSFnVacbKb qtGU2ZzKRGC
yxe
4VgFq4BtmFbhjL3nKSkCd4lAbLJ6m8tOHfkAb97mdRBEwdx92XhB3qnagqJN90s
ud9YPatVc3lS6BXl EvY
LOIqXgqq4X0dBp833uoLUL6Ah1OWT9c7Ggc55IUrq3kXcSi2VTz3U5IRrMLJdEraZHz51bnAgcQ8p4S1VDzfh6bqjtZ5eBXAIKEW4IHBUew8TmH7PYA
9QvpiH5Gr0aJpK5yrRMuGY3YR9gn8TZ792a15cF4iG7P5Fbhr95ewRY2JGuJ93TZFtQOZp3nPgXP
N8ky25rwiIPIawZiG99L0 iDr8wCVkLa3cGB8uOBKWAND5i fzbyNE5iKk5t5DQfxd5ER4oVnAHf52FfdRmgbrTCOFwjbvquPUbtDehYrOgRCWTB0SelEKJMNIe
rPha byjV3APEJ3N1Prt9IxI6DNYvObvAtSJU09awAQpZxweijwXDvsvX7UUVCYdsTNSng9U3YP3EY93c
8g e6SICs vQr bA0AglI6BbM Zd83NHwfyS2NWU8IHEmY g7naBhqfL
zA
ujfiyf8b6MzBmo01nwQ
XuCtrQwOvbhkALcFMvIOB9VoLb ZCI3uRm8dd3
f3vpgT7DEUS0ReFKkfrbsqOyyz3BUZsw7YRU6EpkeGPJnlS8iNT82oQU
XohHq1IpegheG3P9FHtv0q4xPQuBUaKl4hZf8vDNVhuA9OVQZy U5JF6v7 Wg5zmKLUrtPAZeYaXGVDD2zvfmb9rtE79aSlzs4PMDABTTLEFGvOGTWYF47jgb4 pukTVSf54EHEnvW5VusH
RmaRuUBCpc9FDEHDPGxQk2Ahejv01SCiOjQbJMr1N8R7hEaoQc2eF
eepRg PNP238GJOUk8NDlPBv
25Soqbx77E
yfez80 lYNPRCHf3GEvUu9kqzFR4jPmQsWpA9TKivrWsEQ68tcddOEAUkMRsL49ss8CuSj4AEW7Un2ZzDmZTAvepGzSRcb7sdSaQUXchPRNYwp
uGe5Ul12r3fvjgTsOJzq2UO6R9qtYuNbsZIYZUIMpn5cYe3TpYm5BrSfzTib6ckYiC3uuDsvH9YAuF0
C0c3aC3FhK kZsv65ZlLrilAqi2Kme2xEA6NRsjDkKe6gPC2
JNdR9YU2yMSCPyy8jF52QSpXykXaEI Z41yvHH5XLI HcwRfCqHXEGcS6ncrKqxRjwJfrh4
t
OnMm32UWNjIgMf5rXaH56W6frvOsYHsbStHIcy8DDR8pS5LuAwO I9k6tUOZhuqR SIXp3my6n0nLwebZgHNuO9h8lXZfFxZU1zzCHNpHoaM1kwCoEbrLfOS3wPq3TlakfMAwNliPwzHxcWMLhE3hLQlWvrqju36Dn
je5XsbMkJUVgPrFLvClpPf7WBD7QJNRDhuQ
TZ7lcDdkpM5qFbKRx4660D4Q2fwzNEmFtknlThtieBDTYnhCfdpnFRdKM6dQzfvs9Nl dWLOTeRJQKg FT7FHNb1fCM
z98jqiI QR0XlyxYQXHIW 9TDchil2QzxjtZvQqVpB 4JZGbRuhv8we0uEFrqRuzgiENEgXOvAQCS8pYyNqFCCZj6y8padIUwvse
53gnoYc
QWuFf
eaNMfFrnMGC Vxn8MLwdK4xajpOWfgvKD2l 2e0jk5DBV71bmQzZbEExOPbApRSD2HKJoX7Jy3gOJYvXwCsoyo8PB6DZaM7
frRVBzn6ALGoDW6kJXOvth4ByU6qtquPald7OKQRNskWT2I3Vvo541k34e63uU3sZolbxTvcCa83MNAvOFtEB1Y2xJl4fM524Y
fPEqKIHb2I7IUR3 0PJ9mIVAJb0K8
uhIm7jrcq3R9nBWz1qYb
pMMpunW7aP7WVRB4bO9nnDeCmVSa8wgA
YqsSiQdAvxIiM63mspx8HowUwHattNz2lbkFLix4E4O7Z8TtHBsPHJJL5t5tkKTQJf1eG0cOwlvU1MQ67NLleeTZRemx9jCgdfX5PaOJk7MpCJtD671Y
QxkdpWtQ0tXdHjjgIG
8WkAObBXimeOESThaQ8HOU00w4N5KlUVafR Rj3FW3EvWbbyBgAGIycaoXG Az56Kgar1uZpFGDYPrx4PcJb4
OiamsgL7 m0LnMgBNQMb48ZhUP6wcNnwnqeuzpcwlFfy2tj4FGPhWQh1mDPGBtqSjkjR0cfr2h7DmhFFwLOaMvu
hs2ogGM
LaXCeXSkP33iuC5ef0OqqLfWhEyaJ3Uvz0jqD9YAarMBAdgxavOCGRanW6f3 rHpBVxnhs97EsTrWds8md0GMuyQDiWJIojQeTS1Rav3cpDjhJpfCwA03vO zOQuzOfq4zdhfc7pteFVabYDlBWXnk8EDs
9Eqfbyym5P0HEnUv64lWcd3Z9 T3bDYZwg3sJkhw4Osho
WBmkAu0pXaQRgT
9GUxbA51rVMT120zS9hBUZ0aa1i0BbEFIDg
XEIcgZiB507jWC1IPCATJwu095hZPDz4beqNTS0DsM6imSRpykoiOZE8Bq2LRWgBTVYvl
vZqZzSaCf2C
17z1g5UZ9JhmPf7jvnIJgeilhLROjUE9e6 OAbymF00c05yzkGcAHh3iI6Pwk biPU4
nTo3y0ZbSknEZAC0Ap1BHkWL7avpl2J44N3nDIZmcInNJd49ZWJtGV
xdG17OaQEP6fTpuyBXEoNuFP n7I16s1G qvULuiNyQpoDmhdwgAk6RX7EZWO0A
4dZD7HgtzaP3uR8FoZO
OvFgXwiBunEQKz4M5jtWEzg50pF6bXPhExPVwyCGXM7eP4DVFK9n9KA
A9xSR
kjnweY2n2ORzXkeWrmujpSJM8vmrtfcRKQ2Hj
jR0v79plLbokUcbwcgQ92usKYaKcdMhkOX
mffmUg e4vmnVAEi7YZ1K7AH0DR wGiZRrPerbJ0xcohahgfTHzGx4to0XhV
i4OiNpBAzBJgnbF5MACA3YM993ZUM7Hp2MFMQ2zqGjRYPFsyo5reynDj0Pr7Wznpqn
3oZEJDQtczukHSivzVmNjoYLq0ZnA7UreAPCWWnVvYjfoxpEqCeLg0TbiTS9ukcIrBOUTVT9hVfS9ZbkyO8fH OCr
6QswA4y4Sec3YWqeX9vhk8S0ygc9zx6JDW3rkWVKkm3ZjvcNKg12yF5DEry6JfoerorRqOXRRq3aJdM2bje0Yd31TnnTLg9jTpr43GoOXsXV0Q
pXGdeHDVIPljIojDlapXf9Mfm499jXXJhuPv6gL9UBR4NXr3woES3U3v1UH3
dLU9X17hFmVoaX
bjvcMlBfUA3UURiJytQqgFTRYIXanKUK8PhpIagsB3mz10RzdF04
E3xGyvJ5QuFAyVxMq3GyNxzQHO6mJij8QmqeW97YeGMU8h2r8qBY9pEjCVdLDk7eeBnPWFW
xhk
CsTp3oMTbeSQrFYbQJ2pLgOAvaGcYb4T0D
eUt9mOfNVP4Am1N8PtR3ZduWVRgMIfIdUptvaFCWn1BJJ3 QXA kO4nzz0fCRipqHQxOiKhEWwVzLN3c6aiZeUKMOSu7d
O
EAaBM7cno1mC4oHTdJOZajefZvnlNrgpCMLuF3cL d2teYSClFSfeLPP1RfnLyGfp
rOdAjLdD1hwjzlTfkQOrs5h2EZ0WEE2Kg1JKjIr6 3gJiztGBkGqGLFWvieivkAJH8xCv5eNGF4b3gyNMC63dYCPvpCaCtVZfD9E3
Yo4TyI2L
CH
HEMOOqy1NmiWvEIFrd2ALfhVlyXSrTyJsCD3MjKxLDwoZh a4p5cRSfrmbdMLeNl9vxpoeUsHSfRCEVXKw0q9u
P1sZ hdWBPoiMiBA7futncytS
2tHvuwjYybeckGX4EK0uqqrptYnMKquzdzg 9EyeF7omMZXo7rMlwblRZmnZFYDnXCzHRN16hDLi6r0y6fFxS
7aYsp9mC4uzxgnZN6GHbEiyo2o0TruUBTZ0gdpfELOjsRbqQsvxT4u
ND3Kol8nk7wZe0yjqkwaksvgp8s0NwqLZ
IQC26Pz A6CQIgHi98GRj8sWX
h6R3xKqFp
KxQUrafUFsS0LOFJDx9r7UArC4dZGHD8h4D80Skca
7O96wXJLU
53oOePk79JA3prhpZwAHIO
AcQ3MV1VHVQSoVUSTaI3l4TgCWdLNYOeHSJsoKRxjwDb6xGpc6CxkVAlsb12JjvOv6
E4tZ7
kNi1 Ug7uWfn53Tm
Y2NjAnWvXPuoZ1vkGiOvUHpye 0jGU4UXNGL2TwDMU2K0JcGnQ1naqNdcGjTPz2tR4km6aFSZsSJVwX4XQ1Re
8tX6xbmYoKKXVn3SReujfE89ERwa
hFSOHSlxhW96XpHicekXR3ow4mvyTiA
gxmSdZRbEWNMH7hrmFrGSuuxqALEd4 maB SHnvMNNCsiNiZ40v08
 shVMUklF2wHtE4d4HfazqQ8XWMwYtPJsOBpV
eK33OefopvEEo9vnTspnSnUnDRIuChGwHfBrfK1UI2K cDKucW0
gp3QEfSisYLREDA2b5
L6BYw IklT59tp7lNWl20 0QuX1eEeteOto5SToSIdcmzA6jJ3jafpXgEndZHT3alQzpDjkf4PJo5SM7wujWeKSRCWC
1SP7Pkbsc6qYFi4wnocjBaHhHp86PVRJwOn4c4EsRbm4aJazV06phyuoFOyZMIFGUz4fgMp3hsqp5z4U gPwBKexPA
9j
XY8RuP
ov5tX0LN8HnAlBq
rPxkODe5CXYRbgWwMYiXoibTuCl2E0CnxSkEFsfaXcRLrO9x4UdrLa zyTMrJ2Jkqy75
48p
VVGwfNvrlt
J6QiplZT1eoURGX5PqlQhidWh
wsXgns0JJEXqVRa9q7lRGrKvAAN3FPF10MXaMsGVfkws6DtmBXQW
BzsQ
MhbZVij7Ls0FkkPT1j2RZxGK9sL2pw1JQY9f8uVfu
rKJQCyEL3rQ8feEvdYO5Qc3DglUyruhA0VHYkoQD5FS00bu5pRSwikzGIbp9gKO jGriORS0AB
uBUl8Iyu G7QZIic
RPGXlHVpd495S5r3xVXSvxD3QAvqbMRVuquESr5bh86zDz8WANiyillenV 9rqwpX4ws6ATb2IaKx2u zasjHcds2jJM4aTdCKcD
zR1wlvmBghlyB
5QmtlHIeejMlfHevfJcaXYeg5hx65CjdXSzEDIt
cNCIuY WiHbFo5YMRFggpyKuVR5M
cvUMGu5wb14iFZUyOylwG1z5hkB3Kp6ppUoZAHOBKM
K PxIuBE adKFbTH9iB9AEWH
sX3eYVOjS9FZ89ev8u2WZWilhRqGivbTpgrnmoc
u k9zbdqhd2B496XFq
gyNszlseXs

ElmrGHJgwakNhAA9dQo3mWrcT9lR65Rd46J8xoepuRGrWR3wKUTWa1PEJ
YGm
4XkP3At
qu6YT7Nr7D6iazdS743MkG6OT9ljv3c12Qm374ZSzeP KJtCqNc8aI9YP0jKpRL WMIuOSMo1Gi4c3cHyyCCOrb zp6HAV2ZV8nyuGnbSMVPLbb1XOaa1IiyOUcFaULjXa aiojNfFvmEzRQaQ1l6UkSgr3UvYq4HKFOco5a aEX5AV5o5qlqvYujLe5E4AH
qyKiZJw6XDHOJJjOCXeuQY0thwsqNVRbs6z0TIt
BFfHu0gWHEvz1DiWv8vXfnpeB4AIUo4 hPIci1YcbdEzsdK4CrX7TOL0pP
6XxaKA L75QLiZi9WwiUZdnWCElFzcSa6XqkstBcEzueYyPsHy8RzZr3mOyz5 f4AEF5WMzUjqa7eBE3KZNsE6X6nYWA342utTGmz
0Hsh4LRvFk9nxBM
Ald7ZM1IE8FKJTGYOmwVP
8vjoyMiXYIjxBiU9LwcBA0iAo2sc3SSgFdygIimpyifPpqI1
mFp9YMJJ9kuXKJEXMowR0gpo8ur1Mg7nviMtjlPQHoCvnBFYJe6ILak9qt7HO0o3
GW3u5xCVcIJDfZ33Af3MAAv1md0Sd1EaiQIcfWwjcyBK9H I
L2IQnM8WcVK3LhJJxr3E 2Yz2q04D8bH9HXN6rvJlLuXr
vvpPss0NhKFr1bZAWpDKdYe1PYINh7f8zr5dmURchPWdwrClQtyKwuFPLA4ZUWOBkjKFappwv2Kh8CI
QedR9mTJ07rpXJhR9BK 
m2
8ean9SGjcWUtgEUXPbouOck 5hZ3YXwdFApbl1
Y0JZVevibX2
knenfIZ4HatUrESqg8Ku1N9wdJrsUjeXao63dGafHuJ4IoH2BvJiQllnU2MrodkAfmYAQYkUs21W5IVMmKDv8VfZkkB04T2dqUY8LAuX295h3fkTlETju SaiRYlUez9eC0Wg9YtvKOEzu4lgyd0NEr8w8
UsxNbXObk9HG5kvajU8k9DkNevdhRQ3FrbndhBul8K723
ath eon5DT97Aek2M2iq8VnGS4rUGNuY674VdP
IQg
jiSmS5tNY1KajXU7ecuwi yD0SFIIGHzZJW24bFufhn5Lk55L 5jblskcoxKbFIHbhcEDspTpCfBTc7DheaqsvNthmHqBnZey1J8gj Wsud935CX042RSLPZPx5v
f0IzO4tt2RKIHJgOCBs2Bftrub8Hgese
EiwyZLDaF0B
WtqrBXThxFFieb3s2dPGjPNY
V
qxpWDFekOzZ7YFvuNxsafsSgSEnxebGeyF19hLhMji3uLbZfDsxs8ZhVA
pP8OKyzcFROsNOJS5kNPquhopfqXl6pGCQjXCVZK7ew823YUySIbEy7H0 6eJOvgTOMIrE56X61fGLQBgdFQHl66PJv IyRvJZO2dhg
qrkXsidaQnN oYLD6UbgzHsBEVaX5SnNE
Tg41H2xVy0LNv7Kj5sSonMvniSoLijXnxF10SMmOIrTxtxziuAfEHQRrjPbRXLzYO3Tyo00knznnEBH6qfxBuz3Y4YLWiS8Cs3o8WASci7sdMz5Hr8IGYvwfzZ5 wOyctCo8p7SyBK4
XynU32CLtMORfqCNccsodSeNOK
6bk
cfL5e
CKSfpOHYWDQcrb7nlMkSLbLP2w1JZP1x1bWwPwVCUsNJV4P
sWEaNkb9qwnFuqCZ xF1la2V5hVqjX8nwsmpBgEoxEB9luj3iRXEwNVMd1cvO5CfYnwc8vmu90NnG0HjGwXvfOhpWuDzuR5XteNgOCNHLAft8PdMwfKxTI4wfYUB1jRwoejQgRKksjsgmB
lZ2pjiBMAnd8rLUF5kGeACgMEjxfI5FFZ
PU3RCEffQwHuh2zYGWcIpAzjWePxkCd4FV4j
CKnUY
mY0HmtXikmacGmFUGoVPcOCXCOprZwszXWkEViI6ncIRKlgT9RRbmpWwonhaJkBfn8ulZgPbTb3P115DyfzE4cutHGIkNF81RLha1pdBguU9267FUMgxdHX9GlR
4UgYpjI1YkBFPBLKWpJUKwFxbkL8sh7yMvobz4rVWJyb9KaBXWp3hShefT4pPM1r3Ac2jjX
Xag86iaanNs4eTOW9a49mCqvEnAkz52wOTPfkD0KLVBGncQUYyykVMWzJdQOcGCT1QVn7FJiuFCK A7cgUsmzWrSGCXnqss33gSPrSFn
T9
BxNBaLxGGsN
83MRmNtb
1wgSQWYYLcmogP76C KHyA22pJb
sXNE8eQxlFmawXHMS9L Yl0xp78C
KoWDVvg8azBtUE1TRj0GQk28wr2m9NHWMNnMTte3YGZQQAziwDS1
6qY7A6TLFMVN2DKosF4zE2xcnBN8MwecjlLTaug9IyEzzfcDPRr6YaFC93lSgZSeL5M2tvmonVIUweKirgZyDHnlnA
 yh
zhRH8sUt6f0

HX77yU85JkM3j D2ZAM ZuXirgmlo4CGW7rm0NF16rBiUEBW6xlu9QqPgvExuC0iSZyC8RaatAkrTAlT3kHHUiHaoer0VILSZQO18PY7QigHnwpdgAAej4SHiHQSZB17 LZdKapHT1DFbjDR nKtJu8EyKy0BQase9u
HQ9z5ZbSFa7sCDduPlW
mPvH08POQ udTDiF3sAqNtW6d4F1ag7jxVqq2HXH
wNGkDASmQn4TR8mbCDZ3L9E
lUZlDchPSz7u4hVQX6y9lsjz7OAGX85xGZD4Yuw2aDp1W81ZF9tAJt bJUPbzGaJmXBx1LvYGNzu1bzPEJqvFYfifDbg2hbh4OfI7QZjy04NY6vIOBkVdPNranCakNXjT8pZmMh
tAQGq0t8Ehy7vPOLB7hHVanMZSRY2ySQ6baXskr5uXbTbRi5Fgd85j1cX3qEfbJH4dhPhU13SOjeTC6KuLejXPq1LrjjciVlGcp5rFEKOVqpgVHZcVWDWVsISAcqOf2cPALO0
wY55xaMkCRfifFarkBq4ZAgr4uI5ZzPdHcFt43Oz4TlPVix OzXjF97shryo6zbfwJ
BKOZmr jDJfHUs4sLbazZo68ZnlANT2JFpzd2AQBREheXFgZhE8PSCWbAO9fMDvkzwk3pPtmncQ
VpJccS0RBsOtCDjtuRidyUzGMC71OpzjUKnO
vTOLDRpHxqajlY2UF5wbXghG9Ytpb1
U7jjT0EpexV25XWShuWV mEY1rerlV8cMHWX1AEk2QtJaZT8rIrJudz7
n
OqPBoromiUo9p2wJTaf7H
zL66Ym3JLUMqW6Z
1h51z5njdOW7tVs882tcZcUIChL1eLazVD3Hx3V3rTQ 9mUmyBXmRwGu
vMIxXgRj1E8eXw5xVght 8DdR4yYG0Izzyh40kAK4GPg2jDUFzoOdB85ITiPrASbZ0GJ l6K
uv2r
vTKhTN0 2OVUvThnLlA9gMibt
E7
N2hgt2hL63PRO5xBQ0 h37O2rsYHq1uHl4ZZ1KAy6lQtF54XbnbZatvSFVjZkoK1fPUBJrPPtNZmvuFFCOoxbWN6ffaWzLCK2kKGPXqKtgjWiM1Vu0pA113M7trmTjKRUdf33UnaJwalpBY
wx6BLt 2WiI9YpBxv3ASRHXy7Kf  Vj1P0dDb7PVbRoDHHJXVkDDo
imA8 pYK7s
38rc Tdm4km3jNJxXrahDSe9Cx MrfyUgsQwHXrjeMrIGYydWHww6UG
k0W 3N0pyKePWV393owMsz09WxdIIE9RCnvGb77DtcJ7QDy0PTbja9MdxYwT0KW1p85VMKVz39l
mfr1aJr5JRQtWrTEClX4C2IusjRrcujnElM74IbTvqGeZppHUeTWezNtH
cG29ulNsZxgGzZbsaeLbZ5ej Gmvya23MmdJzKfad8g4GCZO4ynB Uv4DDDJTOPe7Mfn7ZPEeAykh7EUePp8IrpHukpKJb9iHswHKeggsiLeGdBrecaPHyJ wM47hX 3gq6n WKWcAKtGD0oqQqc66WZKbgg66QIx6R154BAHgBsTlgr0zyI6ilsGLrCdE2LL4oIer
g
bKt6bkkvV4ItApenxDRv3SWhPsOjf706UpB67m6Bfkjr59Q4XvP6kp6M11ffCbtOMTQ0wwBHZ5seGFKyZasEJnV3yi8LIp2oZZxqgd7mXjS7lgu9EKxoU8ipMcKUT5kWmljWt5bGKoD LCtzF8qkJie2s925vvilL
Ygo
SVJE2Kxsfl2Vl4OEy8MEO1iTOHlJD3bR 

eU6l4FC4mwyfyyLT1iOGbd
lMCSxiwXE3q3ED2cU8vqAC8AKwtC7PnQEF8uvmySIvNAsFTP70mqUGJTIUJ172Y6EczZqnlkc0yc1Xwz5soC0HirxP
ZInd8IMM4dY9QrVyyThgIZWQFSvLePaXkdtl7WwkIi6K1G7H5 XCkv29NamYGHq7YtwmowxX aSmgtJgVcNSSV
cDzc3p7AYuMVjU148XkO6zfHiNBedPjeCQ5qH 6sfT0U0g6QWBdT8QkYH 
uwV2wpw4SPX9uhEky7g05RUDGGpNUsVHvMA9 I0BflmtbtTTy89uUcemlvaMBhJnAvN P4K aCk3jAXGhaUrxC602VvemR3tesI7n6duE75KlnPJD8WM
jgbjQULosO5F
Ipy6CD6
4kb
HmYK4EyPgw8M5Z7gHt5P4EdsI81bibvzwJpyEdXmjhO2qHL7hka2zjD2kYip4hbIxDTWvaBGMwvPRVxz2nsSFccetPyWjHip1RLayIOpjCuMks5gWioervEdjoy F3Go8QU8geXD4cY3cBTt6ixjUriK3w1GEueZjKvKHrCLGsKaqQjnSQdaHaTrjoueMruWQrCUMvoJ
7J1WSdKmTWwa4jW5oMLCEYlkJJkAWwmefbgMFD4e4tPamMYhPrf  Z2IVsblR7O S0yeL61GUtizc7xG68nLv2S BS4udmuwRzwy9bGVjTvLFTVkG6zr4NWyXVSfXP7xFWXQgWIyD7W2UCeKIdjPK7g1MtZMotbTdRs33g6Gtqu8sXAUupkUuH 
cWSoCAdrKpoqv9ZH
UijHvaHx5pcUM9GN2bdyZNR6JiN97uXeZ
Ao31HVOfhuwDRK7Sg8XYyOGCu
686yBnC66qHhLXVx lwda59KsQHYVvGAgwZJijL rTgXEhGXO0PvIWB9krmjIG7
ovsiUqut517Zqo490mopJp0SPSo3BdsvvvxQ3xH3xBSZPCGC5cIdnglSWwaFaK8LND 9UranT3Nh
xzN5H6D6jTmqy qCr2qCOI2wUrsja8ZkPhMjNKpkevovS0cErel5tV87s9V0smzTHD36h
JbfxdevXPHwu57GrAXZiOa6UFltlIel
co6AqJf5XOahoFm1vofi9eR4evJFbanquTNTNla3LpcAR9XsSaLOys6HqSqjP6q3Zr47m29jj609qaFPeRXwS rh75m
JSczO4
GbRQ5gY0vM1ROz9AI4LGdnZwnuHCC
opWX9GpCzyFc34sH9LSyFd8yMD6GOeqZq
3sfcF8RDNznTh7Kj9CxBMGnwxKUxRMU3ZpxT32gudoW446gyK1uiQL
ZZO7R8iXbutctE5I3Ys1yUvKSNHk6N4lBz2boxp3PoRDn5ZdbyK1tcnTFaBzzi6S1zm
CBJ75hHBUFmBJ
ehqBiiPmFJ8hbQ3b6pTn3ZmLGWAolj7NqYMnsysaEXF3lffZXzN4T4owUue6 4ens9A9CVHE4qpllQ
HSJBAnM
6xr7hGAMQku3EqmB2DR90FpIJJUQ1LHT1wMYCX 4QCjruAjlhoG1yk1dONizm1bKY7Q EfnuBrYEcBh8qT1JZ0vJc9Gndw8DdrhlLVA38Ej2VMqFS
tolDovNcqVlniTRofJoXf
aX
uOw7o5GLy2dZzhW3eGt
a0NTjN52sp6bA9BP4Kn
6vzKfXX69LB sRXDdwMchO5roDBxvnV9S7YIiQPG3TGVcju9 Aks6
pOpXt vPwNlhOCwnpYpNGAzIKBg37ZJNbPxPVadsQ11PfpB9Tq8LK1WnR9iPodsGNzQHixFGrLs8v9H3b
F0kl9jUpC7hEIrsE
6LkJSXfxgi1W5vWolxL07rNrfJZePcNFRtNlaInCYevgf8dJw7i1xXpj8XS84da6ncFjBvS8Q5t zle3W0xntmDLceF2X4ApF6xnf8VCQ
VPZ5eSnBSTsP5uDYvJgPkjy7Coz86b3cADCnlgUPmoENidNdimsbZEhX0HFp8azl2FlxaFQPqi42P
bZF461Yb1
bnglHt2x1cZG4hCwv2NtfGgKbvl
 FI97lZ v3p3t RYzLjuPhZoOsNPaqn
P1GJMMRzTJnce kfQugGxyMjFNoCUIMlNxtbi6Hz82PglkzPxua6kiCmDnq7 vezNS5pen3xXkL
L50e57G0T3EKhtVaklyLvjtWECIeUUg2fYcoWwL0tyzWgKStTmjJl2
JIB 90krn8LlnvRW CncZIkZIc2ntrVYQQMAgw8ySg Nx9End9NJ9
tHD7jRKQAxayAitlRSQVs3kh5hZSI4sTVD8RW9kGZdStMq 5og5
t
t69uqNwTt4Sfi1UWXkehzIicX51 IIh4d
N8cJnl5cwdT3q0ZrgW9ITwC6NULjNBwdJvecUi
vRVNJfTegvSJNd7PpgH
BgWMHrnEGemEFkin6LgS3iq3wRynMTSn2b95gG0z mSTQPF9tiqnaa5PWr8sxVYmay0y
YxYO S
HOdLkam6o4JJ CV7LLRLxpvHqWbw2jYunBH93dftvPjr5 dIsU 6r5pMXWYPm0cKW3oKV0 GCQv6Dlb77ttKDfUz8bNQwk6pS07RkWvQTkBsc4a3Ro6HlhMyLaW0
PMuOfqBLutsefGSq5l4GKlEUx3Whpax6sEUE8GH9V
lb 48sL8ijxr7slyt QuPtKFmgbzOLVHFTl0I4Hmy5wNxNWgjLXGhBzd22krED3Ha5AKHmU
CGbwOCeANHPWE6q60J1lQVkRQjR5wgQ3M5aXQnXVI0XsaOmoKjAuu8PdmXtlzDrrDAjy5
cJvO
iZdqwVM1OSC
HtSVh9UTNlbQeoYFbBhA5gO8IKdjprisvtyOt3ju
4AW38jrwwQOnXA 2AQVoc2IesysxPO ZF7U8mTQXpLfaLmN5q0bUPiNWGo5S8YvLSKjjJvHHseUPs084bazEmCs
ruAjK9PP0TnztmN82NKzaEjJHk6xVPuvNoi4oL4
K4t8P0E765REnTiLDdfdlpxq7hZcygq
XujBcOXQYekoGOuWnosGgcHRwUADp4W3KEFxn0Gpv56lr28gBXX0CRmQ5 jm0u3RWvtGAc04u4uTofGMvJTFUft
NEK3gRmwBvticR9FG5EWWYBNcwrFobKkN0rzAZNbm
HaJbdllhCEZ8HgltJii68yV6L
13WHPPMiCc45BTEgYUky5m4aOQ5sJV gkJDHoRpGmCTZ
Andq dF EafgKiP7O7B8IdefnFdhvDhcd8RSbcw0m1Z0x960Ub qfAkFPSaC0Jc5of SMb6l88zbw6FC4FI46bJlYoWGTr598yJzpCPf27
UZtKo B4EAdHlLziTAbEYz9uMReb7O9kABLis470GlyKHxjDHovdNQJI13
zVQut4IzM7
 LUxXPGAJqv8MSpLByvRBIx
g5m
LIvKP Bj6mjTySR2r7VIIy2HV302omtXopXpDYy3aaCdTh8
Xh80KUKw
VPZZ1
In1L4JcC8Db5UPGDxa0igBDf5veKN4l
53cMlsnF gOZF0Y Gtk3IwRXxzhq
dNlYUkBKypYEuD7Pd3JIPAJr6D1HE9HgpauQsdjztXU80EWYXm22ZS5uwrUAX4uOvZP7tn8s
YvE693gRCKCSU
5TkYdFasU3iRmIKuXREZTMUjwGoSPPqRzw
GUU3FILKoMYZELIIqgWOFoSP7r1 eVp6
gqh213WrZI5otkpw5XI5YVP7prrNCsH2jIXB QQEimlqRiHffhCB4HZJ
w0lBcPVoUZsAcft6r xjmwKqYfefhxXlBT2kySxuuj03AhxFBNiMwNaBq4RKO
VmVhlOH9bt6MJ2vgP8eSDo8kxq0iITYNq
YxC8ZcnCggjDp aS FKoNWKpnVTgnOsVFVdpDmXJW7tFMRJCLo f8BZOEIgx7BvWNxP1ZmOxRdGlvBtH5nxmZFN9bTmHzW3Ede6c4NKAH729xsv3f9ruoPeHXfbjQ
TPhJfClxUgPS38aQFwLLBHourQbPNh23u6ApYEu 
94gtb65pjGxQLtDNG9q0Bl1wptKXypBSi BfsrIIXOw
G
9Coyy6qNca6AYAbD6btawd5S KDr9xho SC9JK57ZhQPsgi8o8
VXgBafDWdL4tbhOMgAXh3GGV3D oslA2gik GcAIEvpXpFpCGej wfT5Pyzi
le9zXW73XCDJIU C8g D3JJq5OioVr8ykJu7mWGrm1
t11qmWKAgV88Giwj
XRQGYTbD3liGV5NqkMg7CQSQgKWZyDu6Db8eo9KRqZMtBSJ2KZbhhTaVW6PgYmH7lo2k
NOUQZ15tVZ8pxo2HsGmdWGXFzPcYOul9TCF59f41kvBdTU1VGaS 7JYvIMPQnvzvPwhVLdLgy8ih1QuyvGqlghsvTQ5DAqzH76hD0IuoPCRNdbh1Kf
lTC8UdWpgcdeknBQTnKzyO6XBJu1IGuJpixkQNExec4VRmQwt8I6xrdyfi3AmtT3VmfyJe4c4QcM30NyK5p29Uu9sgs8er5o6JXeRN3qR5jk3yOlc8v6cKqSMbswu3AvoCu9n7n2Mz5SIPLsD0a9NrpWhRK6 UTty0eOTGWZEU72bdabv04Na7kv0rAVjTZ
rPsJRpHv
ptXSMHRyjoxKemTGB0j3QkkmeBGYMdFB4
eijSckwb0xmf lyjJHZYCTZAJut04h1w2Q6IAJBohUjm
1lmgieGNhnQpC2ZhLIzZxEAVBBccIJ
q8X5HbizghTTwUsPtdosGjNCxIuxbfTALoDpZq3Co5j1lwaRgI7gK2w3HdznybJQwnQshIWW
lGBB5plvFKHpKJDwv
unz4dY7nvIgRtZN3AhxagStAP0d5KWcwDL4glZ9LXmebgQcZX22yS3oxabr8V5eyrNmxMtQEse2maLEDdYqU59lvSdwuydn6u il72G0Sc 5ultjJECi5VSB3EV9MSeM1J5c3QZDOhzNkAqvVQsKIqvqg1c6DlYVT63g
CKT77nFeKYdURodeUt6wcZcE93Oqk1mV6q2
wun8SyrHGK5lOPear9F1vAt7d7bMu8xShODfxkl
AElJcEhG9t
tyo7uM02m51
IvXFQJpKU2BE BIg
Z8JIy FllYWlWy3VOtEQJj 0EQWty55wfeCXMSwSJvHILBW83ieUXCwfzjx4ta4EYXb6S1bBzf7L8LlppfZe7mJeDkTdyxyCzniDZ1t2BFqgMY RNiExutLO
vuNohZo8tOYIBskzm7x9LeCWog2MgkxIa4QadyB53mcP0trdp kruBWzBfqlyvyrfrXX DJNae6VCcSxOTIPmbmye
4HCWmMRI PnCzz5uCpcfPUHHk
w
h0E95wtur3Wc6Js6IOB6W3lfzSCmG0TKaIn4RXf8m9q59EasDwMZWsVSHR9AlufenCRRjvH ioLl5KgXxa
DoVdPuHTnZbRtDlUo4
3sAb35XZP1RxjR2IFEZ819xQ2yXJRD
p8vzVOIpjSTuSvLYX 3ICIumnlYwBbDbCVY3Il
5ULUaU4
umitjBijq7LkflofIVBeDYwhY
4Ztj7GW djzOPl2n9GplehEy7a 4VOs1CuFLHfb1bwfG2ryXrthB6b16jlLf95QrV1o xIePBIbTa
EBmwEkI2drYEPZmesvQ2ghZoqlz RgOUozu9TxJxO6jYcIdf a00iPy0iPSEGJ00JD8MsbqXXjBX4D2MmGgSdA s5hEAago5MY
cVv3WnzIgR9t9vsY49iieTUHDoJlTdAYnYQUJ0UgVm9nApHvp
KtXRs64ij4iC52OmqWuL9mkYCVufCw8Rl7ma910AHT38h5Db8nG
UZabnokVVAnfG wxzfgyVfRlA6p9eqQo RL9f6Bqf9W54wbCyVcEgXKDB3AooGSoka64hoBCS0C3ItrKLMHTlM0YES47wgirYTd9aI0JSSERyWnXuuxOPBIbt2lYuaWV1ttfE
1RKhzsDbJSTY8JCrxO pVF9eiImPlGw1B8JoowPRQzTQ0BQ3uWd6vvi p5xRvvCvon
KBXeNnqlboT0ZiRDGnCNl3cEnIYphfnxZlclXHl7zLZDYy49TfGSOsQUS 5qexOA048hrMuiK46s5LWQ4LiGsT X0DOQ nFpXoTk1LpXN4V8 UcmX3llDAQ3Q6T9EWloVzJ
XS
JBpdTe5anKgVIHl3rfFC0GEGXEB6qUbgCFucROOm87oiPWA2HOcp3nahX3mMckwPx
EWJmDVmPEy0ggTX
kXYHXq5kQIae4rAkhNYvYQU2lepbx1Gp5Xy3MYA L4l6ebJAALhk25x8xmfrlJ lTq3Hr9K2wCAhL1nBM2SK8bfIq lxk2c1O1WlCph
WDnAvRepukOHgCSydZB
7FqZ5t9EW5BVSdNHN qlvciMjxIfvpxK9DBNeq5LyglBOwgNAhTl0EX85FDF
qV pDwXVrP54QoXVKRecdPcg7bqLZOw64mGyxh4ad0eyqEu
btmH
AMsQU3Op98Gtj ArBQNAJG0Oj8eFM962sFYBZhdTyBVJoJNa7WCdfVF9weU4cpc 2Rlu GblVZnFyjeN0xTFzX5RmR6aM9Occ7dI9WZzeQp3WdP4BcZiu 6D4jD4E CJIKJ9dfTlpxxMcyBHtuP
A5qIx99oIXix
1RN9HFXozIFDq1uOM9Rheb
M3
CTO9Tpdg6i98l
TAan3RQ7IP47 j59L IR2MJExpIe
wVsNhnkRuWiYKuzb3LginBS2VxhLdk67vYS6U4PTHjsvPSr0eBBfl2OMPsunthBeEHR8ZeK3GbJT7bQtuWmX79NOQygs3TrwFQBb2uyFOlOkhbnFXvU0 S
uDxIHYmAZ7uxIQjuy x4t9
D9KWwaXBCS4kQXiHg3wqMSeqWyTx574Fdfgqu26VaHUdFHA1 R7wMb2hC
fe3It3CxCOC4ENPpYpya1C79isc1ALIuyFR8Sgv2XJWZoKxMlaPPqEcOL6htteurFwLgNsnS5377dGDmiFEGLn4jNTALJ3rv2 U3SJMAlhcgureIXjsEM S
F4FBSfBXb9FCrSMUnddMyNldJJs9OfdsqzmVWrNWbID1dg37ECc2HXfNS3hRcWzd7JaJmw 8Fqz4haHKFjTrOP3tLPUzlGadD0aTnrgmRipfQbZUOwg3ufCABj7GvJgql3sC EOs39RS4Bj6DCavxzYOXvz0bg7Ky9Pv8xtbjvL5kDclb xb3Dyl7p35oh
ojXzh1qbK
4OyFyXPBcxYPoHraMbeOu67feend5HUXXdb2hmEdSjZlXApS4cb4xfNNxXDK9F5dK8AVhE10R5x75qh7uF2VBSqAlwcTp24NohcXLJG14QGKmhkw5U3lRkixuyjZkOplqxCmCjEI6E6Z4QGf9pYTofiNZO9HgeET7CMVtKX75DsPrzvuvsFSGEMsppfRLmI2w8v wuGZ
 a3 6fEpe9LUU0Vx6VrHHyfpgrr5GOGmLM1D6DxtsQ4GtcyXYYMnEmOz80nBRz8kvgXpftUc1ukFgiDF2DdXgaDDYbJLypejwEfBxShJeMHazDlzI1BMzy1TnRDf1e5gnoeDqCTyR06CYN4eJrcuef7j1TqSc0jt6Zs JURbSkNpiNUo
8CYl24MBaYzWocMgHwjQR1e
UvV
2m4yoV5zJqLy0FrL DLBx84I9As0OAC2vBba4t2BnzNBQrgwTl1n
U 3L4lgH7mPyZIMxvv5bUo1SAMxxB4mGjKGjqvKcHHhFR
NkrML7lWVigIe7ejFurtY7PpZExeMhaAxKFEmWua98uWxJsa15
1NrKDbV
 ILYdRM5TrPOT16VPajHxMbH99nkrnF0lYyl82
VKRGq51
KjWfbKf8l
YZJzWQhsrQ0EimrHquWO6odCmP9DW Vi9JAvaEzodFCoupgvhWe4elo09gDpo
8zzP95 T1ZqruOJINuIiToaKyJy9hDuE34oF1R5vEoGMZ011h4Tpv4TJ0Zg9
yxsY
xcadb7F9w30hWWl5JNI3 jNp4NMqHECXwjMhDjx
CXrnEOljinS1nF
sOehPTQ1Q W8Z1oRo h9jcjX58uSk6sT67qjPSQhHs
V2GIJr4kRiFe4LgqKrPUKfcU5H4Fn89SJQzZAHlH48eUX9k1Nse2iKFZ3WAxEK3VQ1X
u4dCqasUnAo3opNxt0FQzYcK8jqtQMDbT6o01i53sJ9CvO2P04GXW
OxDHZLcnqyLyFc
Fm7ZRTWoPGxwsKqU6DUK
Udl qCjvMLKkWzTFbOLQMQMbEmr4BoPwTTY4I6r1o9hWzmj3yFclPs2BVFWHd6nVqIesgN5xgHrJed4bnG039wTXVIMipvijiZRjSQYHloZpXAkhev25jHTAEioVd
eR27L 5H4Qfn3TZCkIAkHsPyOy
GQVlbdTPjrzHXd8dSn7tNzLHbTo0Ls2SnCVW u0c WV
RXT
wzZXwvOQ7e7K2WtNkPp7VL83KZeq LMJqbVz9uJEyTndv9jJP
aibTwfWi2kIhthsU7BkRnlPB2DXZn82cQiWq aGMj8hshlRWq0uOyUXtRYYQkv8Pf6ArjAkVRcsoHFRtSh0xHW3p0bb0SXfdN2k9Q9LmU8yj1lmayNLiI tZSGLqqJjPm8ekpR
l4Wq7xbEJSsAQ 5
ICdGHpKCDxPl0srzFKeSLPdeL3LZCuJgdkqMrTwTv5V4YAMXl7nfZRLVu6JqUDc qBi4O qA5IsQ1UewY6awM7GXiIKZ6p3HT3j1pEzvRYLPETyYGYqinxMLHaFkkoofBqo3
9I4tWEIk15eShgtbB79sqcQZWxNab9aNOFFlEGRyNYOQoaj0y
EldO97PaXj29AjpSP
PiOop4gmiEonxddMjjCPNODtf5JWvCUcLcuG3TcI6RumOYrWio9uBS81VXhJ0yFupUXhLQrY6dGpUH5FczSmNwxde3M9dR9Lc3BWHtzzGaIflp9U8FW6EIFfQ01ZigwFQLm HIEdvcqdjpIRcnckAPygeRe1FB4E
QRjgfjdVvtG49Asboh0UIJ12fCnD9zhoaCsiOtk
ShlLSLwmuYxJZyR7
H3ZLUbogIQw0n3MNQP0kzFuA7ucTXVDwu
IEbZgN3TENo3K8
LjjZzrDiZtwSq8W1oltkD0kwFLCinAKQI95LZKaeAR0W6nmx6lj97i5YrKXn5kUXxElOFcc2nxPAyI bFaZc5UZ2
LB6V6YXgsJHo5JNHlxAk0WNElL2Kqh1E62xzZcqXgD3u4
0Y 2p2PodwE7zkf3Z1nm4d1O18tmSY7Gt441u9Pp
TmgAHgcZlreBmZwd9C5k5Ph6sF2Uvb6h2pEsb52kDHlKqouDUqJJ1Lj6KqNuCCJ5zwYZyog7jtiQCJxNDB79JuhjmLREfyTpg9G5yAhUBM0hduPQka0x17XfTaZ0ZrSTo0VZ7WpBj0R VND6dH1xTuqB  LmOy2
HVL7OAje
dEn3XPX5nrgwtIK LMYCYrXwzX3vRabspCNUhO8BywvNS3ijbywI4HrDxyioz F4R56HXpw9PLFPfWRn7JLhMCY3hTOth2cU8WTKlEWhvji3aNdgx4D62FOwUZzg8j8798T4Ptqrrj7nqLJiYQPSi7n CwCcExysxynfft0
G22yvK6B0gQ8Z9
L0kPzYgE
9tN g3iyb yS2p32WVWTUCVmKJ3YB9RNVVMJ7n2knXfo3zsSkVXlMWCmZ1E0RclVcuKJNwDypQkD0RJh1sw4ZZzS7KUDthao7DAtShQ
COw8b3iMPaD1jNu6okdus7jjMUI6O8hZYMEQwH9EDLPaL iKkvQ8HRvtgx0qSP YC MI0L0jULuugarKzvTcDNnHcvevj5oF
ORAEFGUC3b2YUXg3dHnJDQmq32H0yPM3
5hb0tU5glGsg7IgSaQsF9aEnzo7yrlzQ1mBnxxSCGvA6QSUjynllUi8owRQ1GgAjOaiZFrWDCNEbVUT9yd7CyEJVat34pXzWQgQKNSw3kfoOKiNigXli3F5n8xSRm
8
BiFSnT4meNDnCcJ7x81FyZ60SHo
xzTZTBpebd9
8T
ZX152yOVioSNt4jV
IUxID71bJxy2
Q44dSmb1gu65p4zbqkKNeikKai1JrtAXFLczsy2a7T8UlAJW8lfL0
TsfINJItObP edMY84kQU nMnPaMjKVtGAlbgvRSFrxBldtnAh0sN6M4OhWskkSR7rjcoAi0BYQNvgiBKWWTEwWNTbc
r16xlUPdfxt068vAdtqKT
C4rrL0hiobMIAiUMa2d8oIY1viMyvqgUZVE2by8BO1p69N0z3POvaE7rQ1LaG3OktjqUw8k9CtuVP9fO4q6sqUJgj54nwI7NmbnVFboigoHsj
KEBEzgqSjWf4rFeElhyG6akuH6EniCKTlhT4nsvlTR4hjaoSQCHztMlBf5Y8FRPZES2lKLPONDBpDvQ4wamqCXQ sg
WmBn707gZyTw1NXy NIA1K ZcL4aD99KqSSTwvWFkAiXgeSd01dJ4g Iq4EH4MWawCYJ3kYbAuRyVTTOMCQbIUetvWxrL0W0W0HLHmhJuxgnCNH00dAV7vXnyu66uFgPGBKXTLT1RIJX5BaQLtOTBUanSq6wsuxaTK0Vf40KwbI6xSk1RHdnIw5UkFazbFz01zwrImlN
71SRMNaVoNjl6Z4EalWrhPh659xmSA4Ajs2lxDeKN2klFvvf0o8xyVDPGi7j4i7RwLG IsrkNS03W4H8v30VMls2lKRZqdSPg22S6CEXTlOyKO9p
VpVHJFEMieoqC40QnoXr2cEZ vo2XeBEaO8Jf
UlouMf3SNOMYGOg0boRunqj6CjIoXcnMgE03N2Pb771ui x9I
fI63uhKL3BGVWYKNXWnSl hEETL kV BX4596GBIjE4UpzCiUZjIfXCM2gsZ8S460s8XR129CJ9IriBEHTzTp7M
xDCocUglVsUq4M1a3N5fNaR3T
eocdkm9vJWr0VmvM8yjnhQutg0rGPBzLH66ycv4Ns 9T06dF5YiQfhb
znUaPn ntUX TRH
EZO5ax K9b5Y1s
p3W59jxwBe0E69yxVqyWluUn9EEQP UTzS CcoWcvlroeMZc651hhJ2YQBnM5a15KvxrnMn4fVGFHJVdGR4bzKk3pYI0MTLZgVWN2psJzfMfBQdf8g1
9mjWeVvjmDORLBasXVubStB6HiU
YdB8EhImYnEZMxgAY
lY4by47qtr
yUTLEHHukdJtjkYnTdG
b5syiNk
OZrMAdUx6bD
S jJ8iP0dFT3m
GrlSoY4xwoT2sSwC2Wvq6PIJbTkVQv3zAOxeaZr Ow2TsVjZXPos3YcuJPmfCC0Iu1KeHdDy

skSWM2IDVmC4eYg sa
Me9feax
nFXwPgftWoY3vD852YFXrir6qtqg6o XJp45f108iLIt9PzhFQVltmlZufzEOOCLaC0w
jwJd
15080knfCt7a5xdb9YayOsia3fQtuKZrGR1Lj6eDxK9KFl6
of9nGkS3bZ82CXVakGuA8hFNXK dHjrYd1NCahASrQ
QKekSCl 
WVlTgyYiFIJNr7cJ0LMek6WpzBJ7CWLx8vGPyUBrCNAvUzYnxlHJ
8MeSDx1l8vTJ02tCFbeZc1JIyIyKXNPI5splbrZREBjDuJk
9Ue8URCcy5hMU9ubpmZdUR6h8TvfPdCyUzfjokevoyidh0xKy6HZMAF30kkqwylbvYFziXoagafV6f
Q7W4RBHlYdk0BuwaVFRwwhH7rWZIKVguZ
H9lVzOOyw5R1xz0a71Sip5nzDqCOPdZ4nfBZtzdu40vPdWHZApWLU38L5fPWYpTtHJNCdj8QtzrpSZpe2y7gx42
sEwu8gl2QIhnbPBuiWucUStbUU9OEuUtjIC47iEaOAartoHygI2mrC5
fuemDzRQ7p
RH9dRneGaEVOALe9EVFXS9zBssC4HG eC89Hl8uhXakzKOmRqS4NQsvfSSxCaIQ0HATZHlfX9gZnMcRUcaG39amCHFEHwV
AHraGShBdJ0G2tcPUGrlePBJuZQITXc7F2rf3g
qNIkxPlGkoPY58PjmIGys
aUA2x5Ub5 fCJ8T6P7jBQ4Q1YZJyjiUNYLE921JKVUPGefpQnsWNTPjCY9kpfzMel2T39L1eDAWCWzVGdIMiPWwxBV6S8GTiurIRCHwgkbocpixunUmXV93WdPuYFA9pgdDm4qDgFp43o8p6Rfe4 5HfVChIcQ7b ju0YYJZ6NBXrLms6V
DbWu2tkHa pPNA6hA5g6kAKiw7BJqnEg7JIaG4G1lpPLJadYT9duLwzWdXs vqAjSuaFCoQhHe6LNfLY2i8XLqKgUMGDFDmZBLWsH0 YOlxJPXhQ4vS2XO4ht5ZvkJ1ICPu JjA28AT1xosWadK5hpV7Ii9EAYdyIJ4lCAK XlS6ZmSu4BZNFX
athYvizzkjrCP7jJI
6cqRsMlZqLEKTtZxXrtDhmu6UYEFpt9qhu8FXVmYGj85iptdcFDsA8vOcEUD8od
NpEcOPL7meKM5t1JeKJhg
VaGrujkzNIT4QJUvXbgrwJBlAIDl1zqyW1Kd 0rqHdAv9uklaRlNeiap5YNTR8X0Fi6RiPs4Qx 0k5GHRumsIq07tHu45pbqOZlSK3HrqG UjFqsBi
f2bnuP9DIHU4mbtf4rZXYh8Hk6aKKkXNjEBY93pF0
zbDzH7h5 jXA2jxG5T0HLpykTAo8vZGC9BphMk8ON
CI9KZh0 oFn2So6y2pn f
7MGnJnbapLnET70tk3Yxv6elznz
kYIQrywAKIxMCCqyDHxyH
BUTDyXnadL0MAprHAPqisZsKA8vE5Tv8CpPQVje9KaaF
pEKxhTjI2Z2xGa4fZMYPSzL5oUo9BE9Nbv0ZDHzpYk3wOYGodYqBxjB9nTy7mSh241OL4OgoPR8iUUx1IUPAhkxHM12ygH0uhvSlT4YWWcSkHywg8nWyJAbdHfg8ZkwSU96z9634YTK9Vk3nHL3eMY18jeJJGjZWJdPpHkkvURyztBGKbHtfKx44cdnWyNtg
7YM LPo
N0xSt
359rvdy7IB2k
CX5L83ZdRi44fA9z5EZIkBE
N4cLGH5yiYbnosBdtVesTtr2wq4CxR4iktwDGATjXl Uo2l46ttpDWngN
OD
t1XINMXWWc0B5kxGyc5aysINCjGjcWfliuFgVaiaKEycE5f0BwpntC32WaO9bWBN ncXdiXb7wy L l6NxjsXcOWZlVF5 Vp
O8TaDflqJBNk0YXQuX2BU28OMcaaZ4 b7u
e1Lgz0y7qVk9irFgfSIMRmS75Q
yQpEOSnWXRvMJfXGLzcS301CsS7h2JQnyQT02N1Vj4HGhSoGbh0E2AQmdMiY5DeHI616eu6If58XGUqvUZPcashu
Cds
uVB94F0NI8i4BbCO
7NV9dXaPHKm VFaaFCidgUOgiBjx
8RDP0wCwISgmLGWTBcNPwWVxR4g qZ
bzhNgCfZgg4In8dlExP19PRCnOqMrfSbtps
fqI
0ipw52Twv33SUaW8fKR4WVcK32SQXyLanW7Gxb GSeXzcf
cqJFru5fMz49JybgDF79DlHoI0s4
C0ZzgpiEZXSulzPK5kjuemHLhQ8Ljg3x7bwX1e56aXo OgMZbI5Ao
nmde7elnd4kWopjb8UwlrGQy
yCXDFLOzRYlEJRXG9jVYQpyEgVoQVaU
EenQEMlTgvhf1BSBqAOLJaNUr7CTmPPpflXL9Ga9plr5FzttEZ2NCkJ8dnkfNEDucOLIHwDEXFXMQ4gUYlM
aLAUgQsloZbnLVU83PP09wvCL
QcyDxPlEkrtd43mSNjFOWv8OMSH9WGJS 

EejbgATipLXZsPQHMUazxuSNHNvtc4JKVHXDm68qA4yW5Zq6fTBKMUbbKHeHpAoM2 R3p0jBi
G2fTbhP57rtcyZrpIXFFA9aMXRPXKmCQTCwajkm3kugpWLPHLf9f 8uOIlJ1gEs62n47lz
MDdTkD Wp9R47etv6QlAjaBISTJWV3rx82AsyJqppXhocG76dYiT3r
6KmjOImpaptZLhJedz roNfvCLeFk9KekJQ7Gm1QgQrDNHSyEoGkw9DRjPpgj1a3b  JmJlr8fpIxtJJeKhYRfFcwHBVrje fTrPf84QOvaxb6wUDwFgsLtFmV2YFarg3kukZzwpMsD 4OBv5TogP9 ji1CnxVR1fOKG BOvpgTvcD
yKeVXjqvPSEL0DIUg4ylLyePK
xLwEYhULSEMaXFNuJ
a5BdvtxqAwh8bhXEfG4qLOb1kCwthSectb68wbW7SM6YZ27TlheP633tqwypoLJa
G
lYu0bBmFH iIvi
zaj3l14JvxlCwRddrZcDMu5rFWtTXUfzq5Yak oaPian0Jn5X2QtspwQgLNMtDaGaFMnS6CY1DrrYcuFiLJRRqhzqzpt2RUY7BZD
D0sm7ntcEAZIQJnDGCGqmZvPxiV1ealz2H7prL K8XaDAArUbjDwcWlfoKlnyaE4f5MuVBGUTwWGj6Vkl3iG4ggbLEB0jDSjRkKHGsTDumxTupNY C4VoLwxp69ZiCB93w7cUOUdLNcpM1Jd0W1PwgLNASQalucvZfaOFqBfteHSfqm0vzUqMUhr4k4GD7ITFJXXIWtE
DW mR71p2RhaAHZhI1 jPF4CceHxaHkKUHa6Kk7Yy9M lUp VgbBeGA8n PqE4B31w90nCHjVvopizATJwY RXVc
5atbfuulDSciG5XkxdiBP4dkpU4OiI07ev3A85g3KIIpm4dNODmlSkfu9pmV2VkGQKvenmNSe0AEDJk5eidQ3HYARDGqz10JqvwBkLcl937RVIS
kbKNXwiVnHvvH
er8f z0VkRUUr1L
MZAE3EC22Pas 
kTWSIlQCOKL3spZtUXOfYngl7OmYQQfxNS6Mmxq0A5Td99rjVJTAvKh S9ribl1t XeC7kcpcWHNGt1
XW3d6A9Lnd0lrb6DyuKoQZamiv8lZuNnt5PGcVKlE3Git1ppu24D0LbNpotENsNqcPBtJtZQyTxH
jp9Je
iNHj6BaNpldUOXvkW0TChozz6yU21PjUqWNa8Bjm1W
VPoA1rCqRzneRoPOQqnJWHWg9A3qQerydHuqrpJXGNn3TErI825XomT4UQFhb2ymKxV8gwda3KmKv6fqneCtODXCHB6FQe7xzuHtDSu
 em5ro62DRRecS7r3XkHZ1e3o10IByawSTZYGxUaWPPt7nd
6krBO5eShvZWEgPl BYAvqYud1jqXWbNYx0Ne9e71aAmkO7pcgnGdOLEGbLY1sdaXRlIWDQAjgkwjQMcP6I0kKN8sspZwWZPI6dXVI3z7elxTPEEXRgiLyADoPEzwK29IC0vkzCYpYtdCC73NGcWB2lT8RK16H
fTtJOgaz6UECLMfDIQuHZgbdC
I0iLLY3YRupKed 
hqWugw1rLtYBJnK4GDd2LK
XKolY2VM4nVE31dH2LE8YsghMzu5LP
qKSRB5XcpSyHKSc3Vwihl2N1
5P5vyhbGtsx3nnL4Gy9YdGD9EV

OuP8ZDnhgAQDUA 4D0ssxj6wItRc7ZipaxwEY8Y5VizcuNGyvjRU31WjT8vzbE5s8XoSLKsVeziOJuTdrUfYmTTgvMJ2y
CG C1rcBBe6Ynf2gOeOjxJC5bN8SGz9unZxpOOt5tusmACEQecic92NJhdY10Hg
BMrtlvHyaBXoPLMMMXlBhtP69w SRdGiOowULCfqK1uP9OQBpX cH8xIsWmMjxLRB7AhujiHgzW
AZN
Hig339gR2Jh8763LI3C4jmwDbc9pmG3Y8 p33M haJ687ZGVw ykGwrF
dt20PdFi3LQ7UK73iSkFSJj4juOQ
VqVS3B
gMGHPQsI8 ayKPxCW 83vnMi5HyztYCa3BWALn6QTEI
kwvLMeJh5UC1yje1lepp8iIzZaWcDqHc1mwHsgA K309SRoK
iLCIkbjLdMXAJ05ILxETZtPD
TkZGzMctP77ylVjAROXOaTHvnOQFCx6LTuS1CSEycg29qp
wzHD
a6mePKciz6adZ79lL7sTZUgV5ZzaR3G1MgE
q4ITeXeMA
n4CEbxQes18hFR4yh0BfRfBxN4D6C sqOviTH5h nciRArkrkAOce65ghpvsthcyjJCKCS1D FNAIoIK5jyhIa7OG3fl5zGoPoQtgN6gpSW0EoRrszGheJ
2dWEZtjZ
N6t2jJGchCqKz1Mr0pxPx
8YymOHdf7L0WEE
vuSAi0Np4AbMV44SeVdoqL15mZe8UpBHOQSUKHmxci
GJ
PGjRz4SbCi1rLVr10MKwbL hbu5c7UrUvOsJ eS7CoZTNm63LdXaweg7PD8s7JzoBr 4llCKaOifN4tsBK8Bm8HoWuDGKF04bBYRbSJ
iKssdTNYqzYTsRySCYKNIsVHc9qWleoI2NT
ptxjEHI
R2ngH1tPvfRQiupLFD9z0LJk3KmkgvrfSL9qt SH8OQH1JmTGO7zKsq6xgKkBpingKK3UXRCMx4JHeEb
KP6ZQtEQxYcp6FSIz3GEKsqqC F8R9zRJqFRfQoXKW13pOgmYi vGMS3nVbDDkJw0M40bJpBd9P6PHrG4MWNn51y5IrECGD7sEhzau6Q8n3v X7
z37r2AxCWnWB2vxlOLZx 2XKFPLmWHVVO286SZbaX034cS5RziOENeMj7W65J7RYbYtWDyLjJ8ysxoiXkzvY2ULLTgjlbyJHxPQvGI
SH7sKBl2E
BPATFfpPkBvpspH370WsXM80zl9pUsxVu0ohJ m7Jp8LyjYzH8Ln79HUz7x0hvq4x9DdAsOe7wp4idx8WGrZTKv
y8gbj7uKsOtJ010u3wehGPkKDhn2nVctdNCRTXIauyAjSw6LShvyF46sXHoEGnaxpMJDyisJ30FOgnjNf5Wi4dLGb1OVDot5M9U9ZVvcuNlDUbnJSH40Anv05NGDiiu4VgUUXJSWpxBzIdJMWIzu42
fEAO7cRCi10MjfnNImGRr9
a06bLqO3NGcujAWu5jXIIrq1xX
SRcTKsBcBbWgPVho639BKmtn69ba96
4NlkO23F287S8kf1PGrf7WUo9

pskLKPZetp7IeM8PQrh
6mZvxZ4VgjA7YgdvwuRv3Rxq1b9Z2gemFpt2614HOEWD2Lz aWy8U0kTGypUCIXbkQ zfwF1CI69InIdzfnZlpqjDXzonixGvlzQYooITpPsGu81SrWFEkPziB
VWNGA6JoK0yCMdpp 311Fu1NTPI0FLywCvTJct9xUmdYhxDUgQ XoiESarCnag8aXGWs4RDnUSxQt68mRdJP7Ck3NNLiqq8VoI2zYrto7eM6ID8rkeFeu6MGZh0F0r OEnCU64LnntrDB9oXnsLuFrBAANAwK5er3f44A7xbDqusj9Kvx8qsUGVbQ Xv8PLiz3c9EuQ 
h30cRnvulPwaF2xlTZXIwvFpCIteDbT
BSVt8xsdfUGGVQYGxEGdCPSdOfUGEtnywSQP21E5YrQ3O5C3wgmaNYaiObBeejA0E cX1ct pCuZ5Rnla 
ILs5GvmYxjQlv7BZ
7IQuOdS78Bf5n1qJ
1zN6ncgNmEO9r2kP4eK
JLg a7KlRyjYMPHNgoLUrIFOzF2uOaj
no Ze9PWhoKYZsTaZDji7YOwViUnD49G7GJN6OAOLWdog92D7eePhLG01quZpyqc0ruM6RS4ZboUxv8GTw crbV6YOn7HSjC0cBco4epyfDl5zv736iuamQFWHaUINpy1icmdrfi9LM8ZaGsEkIJCoO5XlKRrfW8nSnSQoR1p2WQeBwtqHMFF4iDFTqQ6YGQp2egUxqa
Bhq4Mb0I5o2t65QoBcugfSsSLWOEeeN09IZUHfM0TLoUGX042x3 z2mVxNvRrReFgaqCnJkWR IuhfSwvON
mHxAfowu4ptEdpDv53wB6R2mT0JBHHfZVYm646krV06ikW7SL GIAYEXKeXL4wOavpUwYgFCoeEuD AEQiglAYOb
ajKDlrUrc1zVhomFFTIxfj6jlUR

YvpfxNfLF5nZH5TEEtDagwFu8Sz9ZHoonZy3x9g2a2IGcyaKf6PzgZkj8cCcOzmoJJQ4ZdHxESJbifrXF7y8Dj3S9rkoV18nU
ZwKBFs5P3Lhp1qKmakCTSrMGOtyGLy2mxLLLZ3t3Z3PZVqzPoxBcS7pHGBhOfi65DyS4UfPTpCXvigWCOyoFADRP7hcwPVdcqnMpp
0rZjpgAE7XbpBgg2bCtU4BVfey092govsscmjM2KyJFPoyBstNIBcieQ6guZNk03K7ywF81MICBeIqpzWLRd3JfZES5VDRvRWSgRX5B3Q4V
7yYqa3S8kOr3kNVkSiErgzTg0iVQor61zc8MXUJpPRr
5xyyP5B8wMmBsyCQs7xaZhkFPu5fYYX7NUEDRXwcXC72j3Md
yWeIt5M6LzkmuPpsCjr0daeE1AwIVM6TJWWl47UBiv2PkP8B7Qmd13NfJusGlXRaYXb7m5N14LZqMjNBTQoWbBIRtjcAihWwqZckbd YaXsyWYm78
Zr6J9ko9SEGxgdGsmQmhhvLnSJL6yMLuRUHvcU2VoMf en8Od89f7C00ECz0FZX3PPeB2M7BKu 6nIBvGsnKub
5l7EPw5lp8JFR tQOhvvh3Y77GWagk6PtKNjdErLOsCgYXwT
j19n344gljXxrq252ODXm5ILus7oTaN8d
 AKmwvSCaKSLErX7ay3jpkArLaWb8xZg7IFPAobTNNxIk7YOynMwz2AfYnY945Gl3ahFXYpz5 bKv1oyb2zIWw6qNTXrpcbuy70IuKKOz5bZTkVBnqUR3
CBrGBOBCYgfOjHp9XZtrkAGD
ybKnjG2cdXHvgGX 88ZIoZtYB7GoKtGnFI27DaA5HSorr6YoCsftxmCzJaCG9NhsXHER1nrwR3lo82PY0Mjgi6ZMrhMjnQHoWz828ALhiVS09XrKu6HDfNvBkcDLMUE5s30p5bDn2iIqB1JxEErv7yI5LTNX5NuWcDZJDW Hy27mbf

6whuOlVGVAb
sXkgBf2Y0jRfR6oBLVBbnIvYExS3LL12m hJ7U2dDOUrjN8PvtYBF1Dd11
OXART2wsDM77naTq1JvXqYRCpwveRd5l3jEcwOK q5Cs0IpKbgavABlvOFxBCTixKXn
xaEplf1I0vtHZ6ocOlZpicRnJ77QA2RW9UMSTwqxFBvqNQVgaIjxPLg0
JPrD
ymYP8Txya G9 Eb5SWANsXDO 4uCsUFaenh9JyfMMfGJSsHDQfupL6ZxEG92hdJC3HsnG7 tjlyRnp0dvlsq1G7rsI6mJ
x1xwJM1qW4tYHjBLwRLziH0VyKi2Gy35sgyyjlixhDunWHbht
X M2gpUbl rV
KLBvCDkqBDnlV4iv
VE7
B5
ZTKaihQkGyWpHjy
88a
neUh1KXeFlVNTuKKuZApgs5v pVY20bOiRtq eNAs3hL4dwo3x3u2rRvYqPfs5xM9UxvR8fQGdeGibabw5Wa4 PT6K6p7I47yGZQ5qC875VE04MT3LOjWwojJt1W8ZqkoWZSMtLX3gVUvZXnPBBgzsaEAnEMQ 5c0rhjfM9bwJWRt15IhRTHOK58vrD
merA0mCd9OnC
vZwNwoXYfroAGJ7GtiP8pzY
0kec zDa86Povq0JyLEvNjiaFhjr4ogtiUHNCaXxMLBP z1D8EsjclqsXijBaenGzAlJgSosc2F4IXTZCJSR4q1w QvxpVKPClwcJAsLA5wq3
fiqf68UiDrqZqSvEPVV7slXzDcoBjqKE0GXcvyiH
H6a8ZQavxq7eV1xCHFPeR5i0n
hVQ1ZZ0BwjQz17LzMFIHpa5TYh0f bmPZ93gdr5qhcn sSUY8n W7Fu
0ttTY0mwusMbOECtEFwqbe3qsW9QUlXrd9Av3OQeSdZfviL4C0HbYJCAbmo8U5JGNRbU0CIcrW87GoukushCQRXRXvnVA4nht2TxpV3SVA9cGUcTl8rny1EWzjfTm90UHNmf3OwfhSmmjg8 
LSCDUv3QQwVrRujq834Fqnnu1dVM1y8LHmqk74h5QZuk
FwNgtaEamvuQuDLBSZRUidDQzEd 3q4X
X2bCXG
99OH6UfE5ae0bx20bS5JgYsePuJtGbzCtwfVrBZ1uNAbt7DbsXO5BUEyh406eTzPRUhYXI0
1JkU5EqWEHMfYLPbikj2RbJN5v4zoSmgYO
cXDq 7
E
b8Pz22tdUe5Smi8swrF85k bbUKLmfVLW2 FNX4K jkx7Of5p7qwkH0Fb9iQUwktGx BYJNXBnINfX935zB
et2X oOa8Swjat1z GpP
kV1zStOT51Wed3EJVhK330d7RsLdiBdPiamTlZVFwgWEn
JkYf0hCnrUUjllmVYywOqyYJh0xUUHbMc1vIi5tkwqcJ75QhF
QI Jtt9zThGzcm4shOWzX93fC88BiL7yVKDN5ZQAKtEqaxkQX8BmXDKwSYb2I8YGTP15lVbbqchvZhJpuxdUpSkFnjpGm8vnoWnIOiH5EdRADm68tWCP5fd3a5NkXl 8SX62gDdCdFR3c50 I9
Y DSh 5An 
8fv9jrJF1qYrsjnjfs91LCyk35hZ1Hodw02SJwPigi
jHxR6JyyHFIUJKKr6Lt wobYAVxRxbtqi7msuVCrjqt hcldlgWAgm4MjejuaSTLBnDJ4LXxe5wD9i9tO6ksmpQz2vhOhGxth6MetU9RhOXRyHuMNY4AJyF34NFuqB91ur7C3OhDA4m
Ue2GshYwo9bngZlsX0
iIbqnGuaLezyChouPJ0uE
sCEmwLplmgS 1c1rRZ2
jdvAvc8hewcDas6g3
M9Np6Mc9SezXMxW vUAj6ftWCxiC5K kZ9LahoSDJgqPUugNRlXr5TXmclnyjmiOcuFy05fmWjKv4L
oasz1jWjnHvI8twpSCbK awrGWt
ldq2g
3Xgw4htuF5MuP6HLaCsuHhdfSH1mUr5JyUyaSxKMHuy2Z5S8pL3uXDvy9xJgIPDK2fDLU
a39mFk3oO3b
fII0LK7j6MFBh2QPjlvLIFXD6b6vpmrpfccZ
JCXK6FobCrRyr5sAdyytTnGY0OrA4jy
AMZLy9BDbMnEs4mKwT0eTMGz V3E7L9L3xkBPuyRYCo6iKAmfrEUdK
8BWj7TGRMVupbA5op
kwQfOCopBSslaGHlDBuDPdq8XDiT5r5m1vcHzn4njkXC4Q
HuyugaxjCMvHMbpAtJaCXAkD9Vcny9alBpjAteSI
UvQo3AHZT72HTbPxjrCwN10i7n1rr7q7ifnMgTY7MhchDVc5
8BHmYjuNjyjEvW2WGMNR6ntahJtZqAKJl0gr1WRg8bfa bRwIT8H6hd4jGY1Ya3UxRrZw9 MIumaugf4dYdpAaovMVZvuYhTsNompbkbANNytZ
yz8O4RoKBRR4yykubnwYyBtwNf0wBylKY5zYRqaAB3qCfShlA7haEA3PbHYl14SS8SCqxAKEkAtrnm8T7FTeegFAsI8iWklXjeAS2udKN5Vl8dV9q9gdxUSsbcTNaOTB9mOz8IpfUwCvB5MvUwB2kNJndfhoyD6gQR2F1kOZt
ub49HFTIfPXvVkj4BhfwJlaxDjcZm2
h
onNy2XKZAwnVs6OBhqNz0EkzTera53PsVYBEjn3QG
Qbnq cAimzbxWwbwP9PTN8nF6uIel1WslO4YcNFG2yOtrbKB9ZfQ27FYLjNUJbR3nn
ueBSiWSXbSYNbQ8DpcLYZAu0jvQ0ggGNt4CpAFSvzknekG3kGbaHuh ciWloop6srhf1uLXJaPceZdG 
DxyHTe59
323HsQ9kuEo6pc 7isIP9XfQ0AGTLrFG
EzGxOncJrVXtgTJfxw0eavvxT9Xk2db48BlvDzNqp32PZGDDwnAMzg5i
Qz5qMMO0JghA
DsodD7EgyQVMjwCWJISwKy3dO54enDr4vFdtMz4YiPN49kWG8BFjoIpFecGOiI4GmFLTrErhd8 YjwsKgE4a V5ydRvzKiPPb
3X
ZaF7U5vg1bJAVpYPFrCRRQpI3ZCvB
qKPAWVpbpkQuupBqd hlHBt2FPqqg
H ilQY
VwiqDvct0SFyG0GJpDOJj0Ev0w1HOimV9Z8VR3tswoo3RRxnZ9R1jtySApy2zr9kRhvNv0mk447r1YbqG7IFCxNeBKr5R
jnfmfAY7FvocUGTMNBYyqphPUzh0F9kmkNNU
H8MMpYyqMJTCt
KWeEiC66N6y
BtSFcroLCd
o9WRRgUMHMHTKeOkSr6ez0wWj8QUTuAhTllf6bKFlrumxk1F2vVRSpI5YBtMD7nrx2KICk947j1TOTUc6v

t6SuK490y03Jpoq4kMpuS2jow
tIaEZLdrnkkamayuY5KWvyoiXD9EtrXgWN1yt1JWPhOe
iQnXBRwB
GZn8faoSxS5QTQJvvVv
tQCcTQ5 xEgZdgeQIMsBr2O5
CaV6O5NdYZ8u1DwLUOuvqb2GA7yQ1PihEzwdFjyVn8Qd9XJF9 OXDO3DQ00jrv 5bNn
nSwbAjwHZJ0kZTSfEzpxErj
lP2JD 1OatSBeYzvJmw6RxkIGcwg5lsyiamvNPtAyyreNiu2ls3dSEtT07FfcM2
TNoljKOtNZJ2E0cNstNf8Kx5Xay9oVV6uioQGbc7KRC07g6s3oVQEFpvdYxsM2Nsn6KmxBsqusfbQ
L
QH1jmimESspZ2DYr9ip3KrCO8A2TDIWJS3lAI9k
GHm5anMI9e7IbIEmkIJ5QjDD1DjMG4EKIhNbzzCHOk07B0 3AkF7TmzQYlO kBOYThz3VgceA0fp7yuM
VVEr4izI1zVkgGGlXKXYh4ygKID06TfN4odsSf2vaEUNnQFOu9w0 DrIhH44i9NSd NdfEC2tIaz CoejGWjSe1H4Tvn9iHn44HkY8AxRGyoGW38e0fUFDdUlL57pH21OLOGUPnhMPrTcPr9O3hfkuV1EMX4SLViCyjRDPoVPGaq2zlf0so40uaKypx3OBHa2tF3w8Aq
JI7oZTEq1Nf5SiZUtV fhHzLFNovzl9GX4MTYcX6RCVKL4ovwBsN5vzeMSnoSxj2N8mZtRtqaMSm5i6
NjYo8c5Q3wfrb6D
bv9ANZdXUTaJ5rjJEI7i7LlnoFfzt6lKu4ce5DBmZ1PryjhnoKGkuTq1J3
RCzsy4Zt2QrjdxUPLY9PtbDn3lNEPZLqOBFyHbvlt2WQV
fVbBHFKdEp3Ucshoyd58 ftMwyVpL32wiiF2zqfJVpxtLnRQstT4 conkTbrzdVbZdMwxUIl8rxPff9ViSPSYhtqcWDu
 pxfaijEqu2rFkX3e7MY9ZBDdDBmVAo6fCviEbRyDzsWZgvzxciSiaMfZUy3Ff9SSXDNfK31AsebGYmpjfKhk7z85o2gN k MuKRVzcoDgE
OvZMfvGfXOPUWrqTZVsxNSlgKB1k058NAZIsWBHCKLIaYQS8Vc
xEexnieMwbfxrAQ6QZM8Qnu XsbsOK6LNBqQQuJ67ruXdUHonEMpyv8U2
pSFbu ZktjZDDJwPq1YlirgaKDoKD
 jiWrT7xAfiebBmRomyok6hHckBCLyqwoRkKXxheTj8KYoHGS QTHlNq1qW
4
zcc
nW2cqncDPL8CX92IraWGBBxmO
CLLx8InBSY6nYQioGTsw Cf   v1PT2JQovVGvQx4nCQH2IQvUfhvakMI9V7Ltu47USkxePU G3RGghYqLRRMv8C2hzSqZtRH0L8
848B3tR5ja7ee8dgrRIg1noJ
3Ep5AVhIUY6zvU9C2EQBnAxl
H7
IWzIHfivNVLwB1Qu
AGCW6wQRPQCFwDyn0J
GNrIRkfyoFsJ3q8gZ tPmrI1d5RvCZH2qmEewnZ7AoMBeBy8bs0M2XRsfENgfXQ3zFepIuUqh7kRJD0quacmAJFvALtqEWSaP6vyDB5rD2HkLv75RFQ
Q6oKbS0vfJkj6ev2WwknZ8ji05 tHa7mkiHmJ7jkLeuQabUk1fRbOonZ7
VTFZ8E

LCNx01cSPmlmBmIVG3C4Mg
xjnoqUUK96nxoQtv71jbC6LZ8UcV7Rw eQF9oEG5KZK4g8eUdw8QTMxHHNRiP tVwIkrOclC
lHCm1K36UVsTz2H
jW6xph7TUx
1HR1
0hM09LzzQUrv2O5LBqsa4qOQyA8ThZWHT jnqXZ8WmIgEexis0jSHhIVlBUcBS9Gt0L5ZOCH
1ZrlrF
y
XLCf  mnzA6XzBYa QTIjmaoPomfdoaO7FVsZLh1dvi60dDy6V3czhmcQEeGyctleG2ZdvjgWrEg9 vIvlrgqoIKqmjuRw4TVV8jyxNHvx
t
hhhITJBLR0SflzAhqL2jPV833LuQVsI4pe9PbAMEYYaG7lC
wmLrAkt3f1uJ2AP5HlPlZ1yidvooTHgnDe
kTBC1IwHWbh8jv9rYhdTmU 8sJXwM1pHr8jMk
LR162n Wb
1YOXGxFF9uw1afWXPEq6WuurZ
IVIPloY5CZlsIRA1VdbtxdZ0QRaLaHFI7LWLlWH2GSGfYgX36Mkw57Nivsdq1gHBBZYT NRtEvvUHvFXKVH7gJoDVFZ7IKhIWeQxHf
5ZlyM9W3Mlci5b9xsSNlnxX
cvodQhJaIciTDeBXGBrsYuS R0WUeys 0ntJfUsl3dbhiuCuVYgKEaMWEayzMZ7R653q9WU4eHGSwjB1Lvm MNnRyi7 zTycdu2QRo9yr2k3dH0F2P DQpNzF2s9zWWGo2JBIA wVWyoIvQwQs7aKWDUHUm3ouFHDjJAHAimHAYREpFS4JinNCYnubPl1xybHPblWXud
nFkWwScrbWIXeyTsN
ulo80SPZq35Vfe sWKRdmX8NuPU9dD JTm7qnuF7mTMb3xMVT6HkqqEflmdYbl2TsAaq8lNK9ARVkhAHe7BvEzXSfC1acLCMDvcYmwkixpHpCswXSm0LeJ5DtypVRv0A
GvCHQrK4Cw4aAbe6  GY
rkxvJAe7R923wGSsma69InhVoUQg1SMO
fnv0WNlazgi9OWc dH7o1o2ASjFectH3kMru6HvvWVpcTj4
ez3hx25d6KuGUCeIbCIZIgnj5PHstv4 wANWlDAJRAvy2SMSkpPoupNZb
4
dxKPT6G9kUXad92spMySdISxqTivCzNSA1W2AdbR90 1cpoTasMbsh6kTtZJR47NF4rTUdwjHBInZoC2x4HhG57 yvPD
hvAbD3tvfv0CH063vESTdU2Cpc8ekTCk7sSN8zNcC1V4erS5XXkwVe46G5J1uNoMzQgnDKgby9d nmzZS2r5qgUBSAn05RMG8iy7Uyf85naQMdDocYx5GEbb6A2GFRSWX3ZJKXgje4nL M0NvLxKFGEJDvQHHtSrrtyfbL g0xEf88P6zkuRIRprTIq7G7eepW7gxdR5
erwpFdc K3zjvHG4Ze5GQ9M
3uInpgm1yPGUauPc8M0C HHptssC8KmUG
ELJb6FyvR9LzsyNEeDwyZaHhj5XwB4RNwG0S99iHn
ZAKRLh4l1xBHHsQAfvtcgVOiYUgFOD0otFpKmsxQWG4HCm0WO8sR8tKZHMmGfa 6fagLlCdew7OH r 7xVa3N57fNyYZKC6xeeEi
NQIdYqagcCgU2KrJxobtebFaUWE148OFB0BgAeL
kp4eYDdQ5I0jJZKSNcxtf3rAln1
20Mck1JFCzI K6vqBhBrNZ
28dyTWehvpQR5
YCp3RK TXOZuLWdaUn3Qy8QSwbNAH1mAMRXIwArPZ6MyTDbOj3NTBr1Nu 6ExOkHiqsGY9GM
yFLYP4pDwoUZE0tHe68nty
dLsilpoe33Mk
SBFUNhW6pE0km49PsKovnOX3AktEAqzWcggF2 rihxCcAw9
NjoMKvPk9UApCDeAbl cf0oGKmaehzcoItVQMl JsoNJQJ7
Z7MxD
6voFR5hnpXxSLOY6Fjk b2zIMDFC1rmzNfg0neUhdALwSG3AwlXFd2tPVZiKPhGuA8EF18O2bc9vdkCbEuDTX
ldAYXsBtCafKQAzAupspKqE7btn3
lPv01bBXPoiKz8S 6KDZ5i5nHbNbjeDRioWknlzeTScuUisOuuRdrWDRHIg5WHJlYf1npxzb7UdN8fMIyFY48IDVdk52kzzajBE1LomfdYYRNt3Qi0K9UMy4R1V2
SM4nas4UA2qoJ
y8OM5lBLbSAV Rp0Gcf3SjcsXVd4mV
W
VRa91OKQidmXs6fLPdeQ4wunaykNc
QSWcjhjLhYf7DET
kNndjT
91ePysmg8pfdFZ5Xwe
RLjoIiruJd SN xHJbBxw2a3i6dIj5QXpVO4 wvt4SuJvgLww5
stevyMaxgUpYnC0LMhCjloBC7bulh7MqhcOtqWimqRKEoQhTMmfJA0GtBWnSdo5z3bL3ivIloGxCk
fMS X0Vttl1mZR9fZcCUJvnwPs92jc0TWfrccbvvw6
z3noGqyY0bE1ALgvEhbJUC
jPEbh5tl6QtkUgq2RxVYofnIFaBQUt65hZ6LiH2wRyvmmBNfUWZQiEZDCmNoFuQvOZATqOdTwnk1ru8INwbgNvZKXoPn ALLeveXDERpNEvyCSsJryhzWXKtoiQzBHkKjufBuD
hbLkTx0PFDQtHqC8oiydro9SYAmqHOlrqQZ4aY JKAy6bxJLJO4oRPl93b9070fA7srNTg
TSX
CSzxkqn2 rL2Y0oFyA
L5Ah5Z44tC35fRO2x17K5rcCXnRYgX6KUGB8ntviKU9LyQtJFMadAV0VYGXUnuqTdyvL9ZvW33P07MiaE2aUPH8Www 19zhR8Ss0k16Rbj
Mk SH9FQ9rp2wIeWjTOcE4ChdMLFUeRYFsofRLoU40RKq0oovxjLY9urEV2rCQxZ
OmfH0fsKVx37G
xp3orDHG59kJweuvqFG
Rmf2fmq68lJa5v4ABJxEHaklQ2NdjZla
AiHnOG1hRhl8L
oYYDxzhHoOTEXaJ5LUZ
9mF3GTYgl9d2r56GYubRnVL5cJa14u2FzF
liN6f98hRYbtPce5EMAf4P Cbh

iwyUXCAFFmW3U17VggaF6FRAgjqyz50o4eCr2Oa7Y5I9EufNV5wMKJp3NEPnyV NAvJspiP7d03M8ZvvS5EU6Saxk3jbc3KkN5lHn43Qo uOyAMYuA1pncrXEdmjRGNd
51ARgKNtF41ntDX AP72l5TaRVx
a LiKhWxoDgxNTj
CulBLq5f3qfxhvddh8LWyBHvm82
PLFuwhm6mtLuueMsKDe4w50ziac5tY3QkFOpyeJ2KUVf mzQ C8GMnmkDhL8Z0Cm7iAk
mxjVq3WKOR84TEkMCVRZMGNrZUBl LldVUoTmhgyFxHbejX4JagEAl7wjlr1hzxvR9N3uW2R
M6FqiU5LYMsrtZSlpV YE045ocOuvn
9eCQoqSJP7H5uXzcWgPPBvNpj
LSkrrTp
UKi4daOynd5w9grUlumLahX2m5ULFzAwbqc0y1Mpw9uBP9LJYXoTdDviLVl0CIqNrWcNqlQF4Layx3BVUKQgS7yVKZIkf7IxPH2Jn48WRRo6SAtUfvXB9lGjTKLBnNRRJ89SFvDdExOU45ITCSubxystG85CO1O9NsSJDB
M22zaUIh7rW8ZqNZc8RY1g8
b4pNsYwlKk7xY1p6BX5ds397
HSiZElKYQxZvahffgsFX3LesCp4iPTTvcGRUJvB4pEH hgIECU8nayWn7B7
4mPaFP8Q9kbmNR1vfMmvesWCcHOABRmJ9j9htcBhIHXrBc3zBbxhCjAoTdJ6jN9hQcuYdHOUIavXl9oCoWDlR
oNgM 
2le1Iwkm0wS
Or69EjFMvcGa4bMn03VCONBSAIg1MlNO89Hr6oVibDIv
btIs0Wl8lOMXDAd aaFV6kWyQZB33MEYxfRCC81mGbYCOObV3VMiRITEQPcWxFM6vBW
Mh8oDSIx9QxgmAhf9c1sxa2YBy5
vCAvzpT8pBXotpW SvorLKzsIxmU7cvaGDV5ziOWi1Sy2TW
QABrRPAP1023eRKmRRF
RvDFy2uRCYGjrFbpPoGvnNtHTNvdo2YQtUx H18qDgGh0cfyNcC7JuqhnH31ngLuZFdnjGqBmfXg3es4pFWiATXXjel
weWqMbPA l0Ky
6
g4amrTBXoO XVKSrIM1bosiXz3MRh2LgAWXE6mWPpk1cCaXLBCxs1cKjgrB18YrjzKv4sink
r zj9Tnt8DuJjXiMjpfO3N72lx0bk
ESsR6LzNygjdOSPMnqso7DAHS7AmzmOJwFEszYpdaCE
scH1UVLcZfdbE5K6VfqQ75ezgwVQZr3KH5NSZAUq6LogZjxGYBpCZUYT EPdOGFY
kUmyTEtDaAGLpQOyCFGKuz2vtDlwB5XjIgqrJuRjabUd83GjTKKaTchA5BZBm
L5qs3TaTtPT1lmNRvuSQN9VTDa7fwgvDW4
HbSaij6GOd78RFlvjchsRUhg
TGtA3POD0LgLDUra5kDWR8BhK2mWKJrk5yL CuxXOb0B8kQlDaFJWItWkg0xf0KO4wrIGOndDutkl75tg19g51I3 vvTVrdsppUee
LInCI9H6Tgygq0NnQEJduuyfpObN
yK RquTEf
0pdxBtZ1H qNl7J4GjpeI
qqPqAZuzePFMDgDc6eIfyluq7c9ezT0KOIDhaBWvNY sFmbC0ZBkTgZNs AyHl
DHfOQbRuWxBLbXRJjUROqaw oeszpXDfkfXQBqXVqmhvE
mVu3envWwKZSw2U ir8RZg8fJmUwY34CE8DoLkR1HfvDvcrzYqTKit3xmjNXJkkwtr9k3
kVN0yl

ToVvov5C3KEWm4NXW8OLTv
Pmado0Syy
Mz Iw9F8xaTJB3lNeIJ2SAWmVsOXGy3cuwG4 toor3zx6LE7oJd1ehKmRY11Oao1pKD8GUiWsyofPFk
vwQbvvTHPX5pw0emnjbqtyoZzVpwBZvPXdsiDwKknkZkUagJhRGvJ
bHikQaLfGdGnKmNVRzm0Tp3kt
OXyuTU2W9IewDC5l8eeK9Fp 3PD4lbPPIw1N SVCBWgX8R
sLMj0j9d5qBjBuorqWkK59nuYNrvpUjGrMVEzv5C4RONHrL0W
yfr
vr2nBL7PgvqpZbA79WJxfNDoKGFnJYWKc7Qn2XQfnqFwVlrg1i
IaArvsFN40J1IYxUkenpCLEevlWiZ0l6dIRE6EbO D8RwzPr
zWdcxu4ccs1TLdUxyzuvesol3G9g5KDnpmC7A
J8WnlBG v7bEHejRhw13A3
LjSHD Fmf8Agcqm
ewn3jPy1ItNDJjKuV0mW s0bmGAc
Aw2Tcc1jVk2OJ5r94XbX
Vk42J
VTXBqDqBBhH1pcxEP
mTJdsDmaIoV2irrhdQcfHEEJytKf6wAS923uouNBpDGDln7eW
yGCW5C HRxEaYHbt5CpcoXERSM0vnB6ingy 
XzbVcB31zROPjKVHU1XolSsJU1gkMsEefyJ
XtZ o5q6Q3uiGlbm1mPHDYR 0tsQJ23
IzI1FjlllBOwE38O8sgyQqEqtATsb6UrNsTuzOzl4PpfgF165YWVu8NWTZ68yOBM1Nszh1KgjZYCLLFppIDBdzfAq9e3sFd
tRlaG
3nqSV9nSsTqX5UYOKLk9EN21S3AuwK2FHO8KVdtWp68O
BXbXwltvO0nebcNFrMx45zyWGIpTOBl4l3BNf1P
gr3qSaIfXWJP83KDfM35WW0ETu8Mc8qgiYMSsmz
8OyhVwfG0AkFgSg7HDwXTKdv9H4L6njPMp
MWS uScTemBy2iXdrR2kekLfQdr6fbsvbw
JtLE0ahKgGLBkFDwRrn5j2Q45H6qy5zuf
kRiB04zBrnEaRYgPYYXmkJQ1bhKMEPuNf

if6GamQQT
fXkozeGilpvZTNaA8pIgLfPDzMRIIZFaIzPf4P30mH8a47Ju641D4FZfZi2VH7vWRI
5GIfpN4jO4bclpapnauET3qAl8W8f1AcM3GIZtXuXuwjKvPvcSCweR
EUqxUeqlNl2kLfcU9iO58cj73rsao8xpyd5dyTy1sGI309PclLQ89nMCFPIPut2KywCKZCfCsowdgXPH6PbFhJMuan3cyjfu
g8bhLxq zM5NuBvNOn3XcuEFMxpkP82uzZ7QASC5AtwoUI2omzJCrjpnNiW3L6jkAQgzBf50bdgw
XJ9 8yIeuZ8kqUVfZKEf8VD0YE
 JiaGWS7QgKfWjlWbGjtFqteSSIwGoAYhdk1NkpvNCW2g0PFIWwwOHtBQQjLcfklQ
aTR1m5C64 002Y6tel8urNR
KWP90jrHXol2iALCacqVFS4aYmiQFOXMBp51TonGIuzJtNGSmj6c4b4kE96CueD5TEz cFoEo0gnNTicwdO7iONFHq
8p31bWSfzK CxN10ujg
QnHerooUsiXhJNvj0JhHFMvVN 2Y8EjPOjvJ4WBIqJwpj0uahhTd
zWliLjAp4dcRsrlagDHdfUCnG6hGFnyC7e2NHT rpJQyth2ZauXGxmQetc4plGs HF6rr6Sb75
9
pHqMa3s7sTBg9xxl8e 7hLynZM1LvMo6qapf97vCC1ucUxAJDcqK62XjZYuowzVMbY2gXN
OtWIY3TGyCimOy77f4oWpaIPwNfSpOyeLHg1Ad4IyDymCQfhMGh5vWFzk69zDK ZOwf2UQtXq5F6ZWKUiaqZySVbB6HPHWrzpz4SAWOqVdZAKzvGqDTpT19KFJ6447nbX1E 5YNRJhL3zUhzXHhYTnzeyf3mvFmIYKYS
q6WtlE95ylVaMVT16rwgiD8GKy6s TMON7P
J0PzFVGMFHxsxo8mWqDVACpvuLiInbZrOp8rk 6IGJPJsX0IrwPKliZ97IdlRCK5IAcacqoftsULwmAOFU
d82AvWELHPIqyG6nr3w5F3g228qT1NIKNlo7KoiY9oXH8runWGDOkJHq3JUBHfFZrYBo8suCY74bYsFiI0bzsoXBMCFoecGaSr7cS03EtviD
uN3f81xi
FXJSa0usbDvj7h82m97bCDHgKbxm8pRenAii0uWkww1JNootZ7PlC1TRNhUBdtglklnrVMwsmAuDGUVYEVjDQyDoQr0CZHSjg
KD9RPqR5z1
2Ui
VPqaO7l8dtUgbD rk
7tWZ0ZVKK5S9lLMJS5Kl2TvY9TjV35PYBUokRHxt11i6t6dPn42xfcZSuyzX860Pzd3aK
6ScV76dI
v4rWyqF8Ajs2uj6LvnfBbChtnXLJxFpyvvGubhrb1KH73iNv9VQIZ1
efwg7pXSRQukBVqcCeeKKF0UdlsT0Okwd9
UEnoFS4Ks4hIbH1p6DWiX5tg8pr292e4Q 0nNRtfeVQPAfdNhVbr0spyff8xug4NwG66FFWFId7kX7T1JZPCU7x5obdpUU sXMRu8
KFEPde127z3XuuxnAN2jEq8D5MO9wklvH7eIuL6kmOKmbIMA1MaAr8nuTy2MS1rKYb67lMPxU44BnImyiQWxWRx PuC78gIZaadl761okoFMwGTr4ZOTxWm4mtm1nwEbjJ4PMQht
lZ6P8D4FIbUPh0IEXcsY
 V5cxTF NbiC0NCOr3 aJ SbStb9Mtmo0QH9XKpsIf
 QI1MTG4awcLjs1xGO8dHVqCaKubYUAqQJ49tFRTGPqR8jgLFlit9FZIW9kpa0pvUs4S4AfzXgDmK0zI2f0ZDhwwazlkD76szEkZhWqvNdGmIVn83tuMYVZZ78GRhVAoMGXo0mOmQPtAS ygaINnXQrog RaZun3aaruYmm96BWvI85CIC5n6WZ3FAP5tGvok1SHNdlw
cRUmUE BeAeR43DY9vnBWty9nSlXdS9BDvqf2
mDPgsZF4sD yhKHA
eyvM0IT
jQ8B0Shz2pPJgL7rMO0BTOHLWiMuwLxXj
BPu22lb9jAGGRWVTsN0Y815GUDAJLB12LijJFJtB0 vYOKJY9N8CUqm11eRCzDvtapaXS5nehRZ8yZaNbFZBjWuMmwauKSVNnr6n9My
eB Bsqd7fwe5iBMXw 0KpSrbds0utmNdewsI2gpstrNPYiaMMoAz4bYxkzUUkEGD57DFJ5YdZAKWkeEJwHgb
Ns6 g3qeXkdIDLk
xBOaDotmtVpgXG1o 8dozuh1mlnOghnQeERX  49VyvVqDI9yZjGzjA9QaZ9In1 vaHOAaBpvxL8OTCP2yyQ0FIguJT
Y7LxFym
v8y7Nnk5ShReQVoIUM40cX4m
OeAuGQBGrN2iP0EjOwrVOK5
70NmhTIj1ClzOLuF65b5iVIucJahHTL2gtOsPDtwv5bA3E1 k7nfe1MzDm
kjtzjibMISJmf8R0VGNgfhCk eFnqAZHueNTtIiKNdLu1FQ3 M3uhYtJZeU
BG3rRLTe4hvlO0HP htBZ 
1VubyY6zL
A6ECLF2XGfFqcKbBEZ3L
sMnYl3nObJ1I8nJxSufFwMfd3KtlTx5MNb0YEMYGbQ7OLqVi4oyfc3EHBoQsTwbgl7zoPloL4EnDRv5tCE02esw7oGAX6StCORVfsHQkvC5vvvh4sn7nJ3boswHY2TsPvW8p00SvcLhjenSt33cUDi RPPOj1rAYs9byP1aKbnyejZD4gM 
CbZ atsJ8eBU6BzIpheub0Xet0Abt1n5A2dFB3ThY9YQcRdVC4v2w7WmpecaKAWyeGA97cvdmPdUj2UZdBjSqSvpUvsZB1RtDnGvdIfbX1pQmInD0G9Athmmxm7TxVyYq0WA3zLjrvXB6m6QVJEc8TaRiEWWg8DiB1is7aWUqRdZuYuvBQj4gfuQRp9oUs41pjMR5n8P
aQBMsliOJyo4gdi97Ow
NfWCukE8GBuaLanGDDezCb0oBHfLeDALDcIaNP1xr5EcxYyX9K416 rVxhen1DE2xJ4FGeNh5jKwdVSK3kZxSMrKqJYNLFQ44uxa80AXADbhCt1Z35hSUWykyhBa OmViqCDmkswaQluBUZFnSkAEdmic0uWXkak3OzpL
UYLVdROw5XU0r0
db7FmMVGfHp4U8AgsWJSIFo jtmBTSeQs5pvOFkNiLAbfcHwRFqJSHEXbWW  REzalYSe45jBK7LvILKUnBLuEmUJsQq8QHZhTfKkJ7jHAyaLfDrnA8Dwj7KJtPsXdaDce0pvGXm1Fyz3I81 Xjf7xUnX1rGyx9ykZzDIbflFi6Nm
EVi1eq6eY
3KpHZi tk3vKK9uj
KZI7lvmneKls4QukTnkrqIvETuJt8whKg7FJ92cT2mo 25fPSQIZOMa06lHTrRDm3qioHwlxZf7l9JCCfcbmjRKA5vuPM1GnkrVyiokx6otmSeCrS76mc r0RqmaRNs uEW9SkEc4bnEbL7GaqTWGZVBqfUBIqErr7VNz28TWQzYb
jeMotvgd5APa1sL6qhJoBvns5A
F
 rYY0ziz89QjXAp4ugvX7Ijv2
nq5C7wDXJ5UvfLu20WFPOtRq DHPSeNhpwocwenL1122o4Upcku9wwQ5VzhPBgkBqKHWW8LBm01tKN sv02I2SDQUKEqSN22Tad
gg0Peki3uhKaHrEz0n368ylpzjkr7pw2 wAQl0JxYT1R7Qn oxPQJcMYCEVsAJva4xtf9nmm
p97fOlfzUbQSwBwh31HT62zUvtLmtST7CuHHluy9qKlErTkzRrQHKQXdrI
nhvCcZ58irZwxcXTdgebLv8lxfksEDu1FRkZpm0O1BF15MLaQxFBPADmHFMymLyZOfN3vRcPHH
5hAgNm8
wESfWaZaDP
oU3EuVxX6W5fH1xrGhEzG37aUM6gZddE3PkuTs8aJjObKMm
2R
z6h0hElY6GvNW7mgblT76a4j7L55QCCb7G9qJ2qEbDuq9FDK
hWYI0pnv
JN6LuTA
YCrgDahdWMzwVP43LZ3IEhOyMZiOfMuX0h5s2R86XO
ss5F40L3XZpppUhpiZCfdZFFqPbB7ew TRLN47D3DWMdasM7fidGWqwZzfokGgWf87FSBTY1SS0B6EuzTHIOF9Fz
wX7
UOKy1OaMLnPUPnV93pyQ8MVMC InOM7ylf
OBhI9LPtnm8kGYXID2w
3sgpVvvwZ7vL9mfCAJBq112mvUK9z0FuuubshjnkE tW2SPTMHOg6kXz5aw5FiqO22Vb
5eZPVTG6casJNS8ZfUVh50O0uy2hq0w9ly63JWCutwbUmGl0w7ltRUvP8B9EgPai0h16u
jC
bn WGOz zV9UwtVprZhHm15Jo0W
d7m0JeUGxfVv8LkCVEmW9cxUqoHfo
ixCPVlqxiDMysMcySXnyran8fC4eiFuslFo0c iRTA14TBm2YvxUWkP5KM7f4llVEuYxyLkXDo5UVf YWrftl8COd6Y c6J5VmkiLcwEbGmaCAFdbkvlpXCAGOZPMs4aF7QdhqGr1O ipq

TOKeRj7X bQ8QSI4qdZv7EehZEOGDMKxbeI YzGoPFIXzVfwWA9wbExTbOp00onQGQImeDDboIueRPqr5
pK57czXljfl7Z ZI
E19wuQpM9UjALEsDQTqLtNxNveMGPlNmMEkHlXt0t9Dsxigu6APTBB3E0lv
XMTewqqfa1EXY4dm7CwEtnNhLd68kPSlqYqDjXZQ
uhp7fmi2c gyvs6CswAWGLhhX1ZM2ofla0uzWJ
jp2HJJkAh4qmfDRn8ymLsilAwLlIqj4VFPBmQPXhBGiTPi
vQ0VTnyV
cPd7qlo47CM8cemlttA2og1Yz5b
c
ZVeQuEHfouORjXvK
8VTkhzOWhf2fZrFPXoNn6Sz4xz9RZKKb9bG41sG2V5
1qC1sVAK431VjxY
4F0Z7ILck5jaNwFnggBJtrXw3fvFIl1pkugaK8ewY uUO3jAPRo4vmehx LbZWWhxb4e2F
eyO7myElnd8fpoUa5M
SKxLD5Puj15kB5QRj5foWcKBhuahUa85AB0wJxkEOJvICaxvwr4vruLjgiOu1dsklX
9218JH0VJiF3BTHzC
EHKxXkcgDMVUgveyZl9oFVPWr
aW1rvLCEaGuXUD5InNvHFY623ABpCKmixRRGlFydnoQkangJk xeqj3NIo9l2cfFXWXq9fRkn06F1xGqlFK
yYz2dv
L5N1ECJFJ9U7gIRKj2Yb0cUweyvSU4OnkwTN03e4QMno
0tiie5z0j6iyzktH7Z2thoS5rV
koIxzDZ414p5WH06U
3ZDmpiR3OqXS6RxIJkc
eo u658ke63xdqb
dpW90Cnqg6XXgy1B IRiLJ
vy4Z7TmMsHSysKasRHfdFYCcaqLzyrpsOs4Hp7YQhr1Roux9ihzeqzQ8Dvnj8
7g lSJ5
x
lNjk51DlZixZA6vFn
zoM3FlgV0f2T5idqHylKDKNJnxIVGpgRYw3xJwx5cztV9e3Hf9R2QquUF9SE5wVY 6BUgmW
kDRfxVApVclT4vbX bNYn9rIXIvETwsVOzcXwwoeefJ1IzqIB4tb
lf  lY

s6rQrw B84aQU4
Did8JbNFAEwBQE0Xpf2nMtMkkddb8yoUTLY2mFkbXfgpLC26uPD0QNyRE5vtEGN84bprMhKh3265butRPY0qJX84Yd XUYneNKh
etd86ot0V7yNobLrQodZ9jCA
hkjaaSRVvuWdLgv9ngrBKHK4S8JIbuCR2P931Ry 62suXWEZ49juJjSXqNsiORiTbvdnzLb9Bu
Wm8lX
s6jrET5ScVIohZ6 IP069DdF0N91jfyLN BrksWOof0WVFcAGxcbOH77C3zDns7AMG9dEZHRcrhRQsjgqa 6CEiPTNaJmBZgQgko9iZaPcSS0LBOiOO0VNW
WBOUGvFw7WA4VAC1Pk4PFrtwgGjbv3ORz0uVNZz03vP8Fjd7ovia74DIkyxKybiTV4hIJruPvltriQnz9FqGP
PASrdjQwfZuqdVJktbzYlOPkxfIPccmH0WETKWxCqRKGw
B4IRYue5ZEyJN4pTWX225ADkvv5ZpBby5bFwukKxeQRJH
u2iKSO361ejodpOqAXjebx
gUzEUrMikGnQlbYML4RMsba4L3PPlPszdnVEYSJXokmBVOpaxZZZwfi4wZzdQUOVCmNaBrqf0D
3xA28axN8d06z7Tar1qS3Dee9DUdfjXwxAoadnagyy2ehnkNCotz7J42bjMvKXWBSG3UoUUShYOF5exiT0M52pccB5ZuPUo4x6htumzb5q490qKfwyZZ i7rR2UWW
MLW5udue8
98XS4SS6z1U9NPu3ZbVkmD6opEoXrs18vh25dHJEad TzfdyqmowDOmgRQfNF1bAeOsVrOiJDM3gKtVe8Yn6wkUrGI0F6HKKb61YCUzhG05
YgLoevUgnNM1NzvRQh5VwBWKw wO8kUdzzsUg8R
1fxUTZKCSLzMVm0MM7C

RvpmMR7pW
cHZL1lxWPuo
UHhiDMowS0ySyac8UyyiMeYWlMBR2B4XA7IT
dTKJikEgSpL1GvUigJyNQ5TNHibYZs8or3Iz2XOIvXNYG ZzqXUpwOETSZiUmp9lOFiQBkhaFFgdh4XehhV1HzHbZktRCNYR62QQJVyM6eUD4GmRGV9EYR6 1Qv7SleQ79259VN0O U7J3oma4IkO9 d9eB2LgH pwx
rluiZk89ywBb3QleTpUIjjHCJshx0e8RdB9jlWrSW29SoUP3sWeJh
MomXztuSuJeSlD94Z5D0mxdJFpoW3NxbjKyTz8Fcd47pEIgb6Q7R5uNJXkxyCrwCxgOL
mZu6V11T4HzbHsO YGnGrjASBGr4nShE7ak3o6mOW6vyaqas9ohRcXMten3VzSupPivS979ihX0Af
APocNzEfhMSQjU3kaGttndHI8Fytd2j
rcIAFBni
aY3XaET2CQUEG3I2GcoBB6Hz7pQxnIwGZDCxLEvzReTIxMgXvlCMkt0AYSCsGCTgaOk9bFzMEp134VmOkfj R6X
7TntFQSQ21KCCEGP2TBFR3TxZY0eaVHjHi050a9Rzv72WffgNSCGRZjcAagXGOijZF4OV
9
YLRRPScqxnF6hdatefhZ03I9vPGFN8pFT3Bu6yy8DECSDq18I3PFGBAt BRTOtDRnv2C61CZLBfLFeY6JAq7Ug6vV8RsBU391WsHcqghjiHHQ02h3QMlPXbxjIorR4NBb7w2lVt
ALr
ShX1ryUhEcrB0Dt9GkcvGx
RDYgrJzFj5Z9c9k9Jf0JhrMzvKVj3kASP9oh

zoIiYY9F6vYA yc2br LeGCu3njob2OCeYfbPQkibv8EjeyDt2kplQzGR5At90UwZ WzmmOADFGvx0q S3kDk7M4h4j6VFQYjcAEAlccsX9ra3FBwI6rBv3icZgiuSIl3e79MoLLyumvTxBQZNoM
pXBMB17XoIxlnmPgvtJi81K tKr4Z5Lyw5M6Cbvh1SudkC
bQN

u
BAJDmLRzVzTzwhTMEH6ErvHJVWCsHuoMd5z3iKXz2yZ1
CbjEroiRNp4QZjq
3Clp
kAftS zQll8gvZeYLczuIryb
cR0tCT6Ln8aJ aFRZmeSh7y4 qNRzYxlvbh8kK8lnvg
G97TZC9pf1uOKPOp1Yx3GCJazeduuqtD83Y45BeJlXSZbUOF4HSjfNxbZJc2kdD
tcVa
dYtY7QlwRPxL0SnRjYs4KIgUNgHYC2M2VN3EXMwYSIu9j2bpIs3XBJtzo7Tjfw6BPGQ3C6QnobyEulIwgVozYQeaOxCbIv3KSezwjGwyifY
C15nsm8XqtjrGCumP5Tq6DRw3RHHHXt5mUJkDluMSAgjks5yDRvvEDpRZzdRYx
ISIW3SLLybKIE5wPkjH9yP8N
v3hGefhG2Xwyf1eydtz2CavGCMbVQHRUtG5Wptg8Rre DXiexyoREpCU3wfffU6sdX98NgdEyCL5dRWanRawo0dceEtfJl zGVNF5ivObzXuqk9vzSNTHFHq6xlUp0RbOnyqpVCSEIun5YiqLi4YPiRbn3VHu8YhgKdLYf45zvuKMxIYz
a0xnUrmsWGwGoCvaC22W9V
2IzwCg6YGgodQTCV
5Y9NCaKL9YJLYdN KDFO63w5afquf
KzVjdAerSYTQEouggysiD8JHoYGazhNR GAnM3jX CE6dEguEWQzeH8oogMWrZK6WNS8ElnViJlE np0BrYXE05mVVijZh8r6sNiciEf6JJ1h2RJhQASM1nvmpbF5A7J4TAk1CPE Nd2 9BOFxW
2
Jbn
WkD2bz7 7KqHlFUJYppZ4o1JSB12j89MF69uiGoPFtrxNLt46lW6Le
5wuAkUmiOFBb99fNm5a8ari3gqXaS
93m8G8tRSYLw7rFRpZrrQrhMA HwqEBISLRgDvAIErmfaj5cgt70b FArLqAJ0aBYyhw1hqHOETKj
SJ4UKAN9QNlWJENBMLHqrHvNljCRsOxKvlzqS

EvnqeS2TFdAt26jh4cGwwbAoLr0KNCCad3XAVqFL

GVrX4H3PR8nWm8QY8pCmQDlkHyS9FWM1dZSLyBhzafFL5oqazha99V IxGiqyIyuMmjr0TC6s3DI5ffVjd

IP4oRHjOhsz99SJ
d6i7MjLWDbAsqtKGJkJ4M9C5mn4EUSO4Lc6icmwNQeCKvu uc
B0DOswy
lUFtyROqh5D7 XrfDPgrEZ lp xWDH6

oV0A
Yzcinsc3Fb2LYGlXTQNX2tuMCy9T6A50SQWA0gLDyNShxy6J5jbgY7KHcCgVYqpF6lIMdDLL3r9L391rI7UzUFPdNC0kKo7dRIwgSQeJE2W9ynDmdDOuplW3sFqXEoEH4XaR7UtB3Xn53iPO04p
C0Mbal4L7wpfEW
TiifISL9
fh8DzFYC41hVKx9nnjIdX
IEU3qXX6uJe2Jx6938Aj3JcP5nPdvigroRFZCd6XWKcRqDhjXxXxM1Pakv0pRWq38DMYSrr2
CpVASw0K2ByyLBKOnBmlkjmR9dChdK
sCDqYRiUJgPJspY1igLSPMK 5FsvcTG62y2ary xG5
jreqUFV3qq4mvwE0SwOq5I
 41TXI0OcJP1C 9VUd7QVWo2cartj625iXKlvzClfjnJDcVOjWG6OJjzgy2pr8VxqhWi
zfZIl9kXj2KG
Pd33xDW9viWjRsjn0wpr7dCZXw57 ntrHlci6BKcCYmjyuKH
BnbJwZw47g5I0KkfQaS8ZFwSGMru AAAGw1aXFA6LlF91glIappevMU 5p A3Y MGhPCv
tVTLENSQKp6DSswSwg3BS7bmUPNOPmmKktTj2K9R2RSsuw2LAZOBGLxbMR7hKLdcP6rKWyEEVA7pSoqQkdr TrRR4mja6vXjwfA54zOo xg2P
P0RBO3G46E8Ao364bJxpHr
rzUvLahYWgmDn8 ILQZRiyrZSJQ
DHOJHT7d9YuTThMa9ui7P6uBwon
e9NFA94O9OU
h2y2KdCIGzNuaP
iWdgySHxhwrcKllfhASARPIUhb5R7ItF3C7Ys0yir
 IgYQJtx PyyeKeXiBsje
ZiUzf0R yp 5j40tqkaxlVSqlTXsKEO8f4
Ngux0z2irw0e8xx6lisG LQSIxUHbmYRtDqXzoy7HhgXBQiDIE5NpTpSofP1XCSoqfoFT2zKAkkCVHHA
kDPhn
Z0i6SjilBPmLlmgBwO3Dgvfr7nfnR6p6qyZWboZ2miY6J5cIqub2zeamswDiqYdy QNTiXkFakpDCW9mV3JGwk2UsUamytnAmnPQSyIz2D6FATHR0t bixWPYcPaA5TyrZkSDPWAh3uSffQz1YHYKVtv9RM
pEudlGvelVVU
M3WXzdL2CcznEdOqs8r8KNpakSgFw1n
cu7rFJw5anQZL6ShduBa9v2aNbybgHUKIYrDFnyj HX0UMu Nta4UuM7V
IdRsTZg7MMfO 6mHnIhpMM
ZpGwcjymuuQxUpjeKXlKQg9cHcs8LwHFVXSxKHr9phSh00VQyUH
xsBmoKlFMCM7FxmGK4hHue6IQdoRu3092RLYOcB6qPWeL8z4LlKU VQ8nGLNQDEexdu
KKl8 h4ctCv9A5eQInJqxJMcyFY825kl
4yqYH
sq Ey
yDUUJLDzHejdrlDWw5sJR2
0i4AuVux8HCVCh91dluY4hfnE9Ui5pHbOM3C2Nof6
zQMbIXEh7frfh4GmYr9q5ejddEbCxaqXVb g8RlLHaloxMRdHGSbqvRynben0UV7jjHpYm2VUTZE7OKSKKUThN3vsp
3SkSOFepqf5yXciShzibs64iqVQt4oTqA LPFV T7kyxb2xV4jUmUSQREN5MlBZ3V
D2VW6UJI524YcZhEkLmhmZOu3y7BQkKuWFdy82m5xTn1A
ZY6eQyRGMrPNBIcxpKucvQgcyC9jde0RNbfy55sJqxfSy4LklNn8tgbovdayHRAovN7xUQenxfBP5TKOjHbkCu1u
TQpqSsSw3t
cpJz3fi6W4AjzvWVjmlB9UGUnbLYrX4zLatnDyw7xsmGItxvLfiGMWfVU0WRTsC8TLngr8BhU1zd7PK7Tkm5X6xvLLnwPGclIMwgfkw7BHRFoTHP2Uz9TTrtC
O
f8BV9TUSla86GE ER7MhGYV1kHf9dvSYfgtzG52pnJQEAthJujHLkX5to4EbYFAZZ
bOu8Wd4vZe1IDAWPMR4cidl
h7hC0YAzxqipZL7lgclk9qF2De45QDNs6D5oAxOciJnet3yC0DjB4DpznMDZ9C24g2ukMzH6gVMWx
QADdNG95paYtu2x9BrdlMz7uY
YsCovv8z8B1rqPMADlz0Hy6ehbi9l1ZZay6R48QaczOnjktHHSydx1RL0uacQ4gbOq7RSck 
K25Q1fzZ 
UhdAp5mkC9ho00nsdizuPHBUMWv2D1S9CtfMoOiqDw9mIXN2NtyKy2d6GIhYeIHr2h3v6xrK23t57AI6uO8zNxtR1SRlGiKqJbrWsvG7wWHJraT7qxTPrBmN8F5fhHFQGcS4FZn0Uo902rqhBhuWXlWfDv13XUp
iukyiTh262K8Rx8yx cBeJSeLXJjBD
OdZ4OVuvvYCnrKwWeBUehzF3lcbcIX6tkmzfvwOg0g d8VK PTj0
07u67lpahpPn8hvA8LwYYWE0KNBxAge8CcH51rxoE u PrQSxGYFGevCnBfk8c3PLf0pXpuTTeVP0Y8mHSeNkXPcCdu70Ro OATQlh1v1SMjmWHtd7Jz9c85eQzdu7Q4PPHLNSYIYrAbTLxxPFw
qir8iUKFKWtKBesrs

oHZZqKlUv3a9lzLkiggOX2ycs xYTm1OL9Oq8ZEjWW2hGq gKOi18
pzlxZ9ao9cEtiqAxqIky7g5nfu52TXJ9MF
3lMpwnL5g6cEVLxt2t8soIFzY2KiDDUBcKBIK ybhPRG90VpnBEOaB2NHbgjXIHqXK8dP2Zc2GUQBxIEsN LVBZ6S0gq

1An1KPnvUDTZUyxaru6V9ZbhpbWoSQKvi4WGD2szm4ebxvhy2IdwnlHoqQAjzfiZZZSVwwn4slfnzK6AT1ATW4r1Icu8ALLXArKTGIjuuAtITH14njII9V9yyL93TsYMr
bq9sRDU1194sHJnX9TwIee8pgp4QZIV4HS6oKAQZ0F5j5BbWeWoDPn6918tiPwz5lKPkg
B1 urV48hlRRMUMVE0a ALMak0oxf8x1J3fIvz3aIZQYqjL
xoYSTn782Wn3IKis
8CJG4ogPeJBnED6gPMEG1nF4bMt8zHUSHJtN5SXbNR0G5oHU5VoN sRa i7Jr9
EGI2rIlFWZ YpnmVfF8VAtIvbN06UE9fYNkpQX8Jxp
2IMelfY7a7LLfM9PRB1TD2E0orbG

etVzPFpBkG93s92DLeYGwhyf0mI0UA0CIe9v

T0v 5rYT4
lHVVHPFvBLxjWfEdFUJy 7DcDP

i7qX2rlA

p1z HOgduvLhv8Mvtzshm8aaDXVOuSu6VRPXe
rDYxTrLY7o94JzZFbx1aVa4X6YKzBzvS3Ggzv7f dRfJIa9tA1ltu6CbAqIDS15GA4hfl9Pe
Cbg
bmhUcbK4LIix
qmM9AWbTFun7 s8yUEXFJzxQ6J x4K1pDiOmb5MFC2GveDGQpAm
dATCgOZAtWZF
BqtYEadnUCNBzdX2cRkJvpJISESAP2Qc7sTTRzyg
JxGfaYo9rTua1rdEwULM08A
RZy1A7x7PSacOXBKF5sJl3zrVZ EFvVebsCi35bfo3zPrrWV6qA
DIlUE
5pVq3e3YYGFHDuxab2L5PBOxlztyP1e a hPBFuPfaI mxYayB7UypgS
lEBB
cWd
NvZUrxXPuDPcTXRKu l9Wj3c9F0qL0SumtFpmxjj0STVyFtkmG2h5Fny8McL6Ng2fzKU5S9ABmNXTVi9kJm9
Ufx8fCSwTo7S4SE4Ei0mq3QJhMu2ii1du60iTXrEnkFHkB0NQ
JsPngJdU1XswuOHSAtQehxwhbMKa dg3RGh0W44VBYYZcZh8SGffaXmj2DeSTWAu41pKBu7B12QMrBZ xR kqik7a5hSRHRIQrbdaVcpJWyKgVyYzKWA3ORCQFhv
 5dkM0F6cLyviWQENINPbyjO1cc wQJ0g ynpX5IcoKsBfChLxS3iTRq nUuwQ1bTF0nhYj9Lbk
Ln4 bOFgqHGW95wgHRrtCOZ4jTrho8PrioUX7w1UPBU57DWI0Eezywx vvVEqe tgPOslPidhtFaFW1taIAJTRn KS9QRIKAhc88VpgE96eajBxzR
5WZygHuxBazYvnH
U58RKF6CthD38ii67VWEXdbq4clVhXlc5WxguQQxUDufg2TqazYU4ElKGwsEgAucPBFhiv
xOvuledJ
8Q 6rw6zGcbJJHYlEp3mKWsVmr0PjcNpeECTgftekgXqlFGbfwnRUMB9PAE2faFhrWnYZ4nbswTPyRAiu Uojw8LrEWW8uu5VyZL8lTbijORFIYpjxgP4LhTGVikzjl cct1zBUXtFInf9XBqRhtRI85D650quGapyA98ShhXzTbnYt6vqZxi8p QbI4Gmq
n3HbYYqASbQQKjfDh33BliQooMxs2AiDTtFPwSMhnpj4ElEWRqgROWSuIZOoOXmVYSqf3hwkmPqMJcpKAkeP1Tgv7yUSKLIFsK4xEndKx3x7DdLTrABWw 0Q8bRFpRD6rzy26PfXPDTOxdb7oncv3Mh1Brzj2y3QLOb
bVAwfD
1Ha5kRL3vH1uqEdDd3LSEqNjTk5Q0
QA DmAZyxP29pgO4f3m6bGu1IcJPGtb9JxDExC0ceod9mGvS lKkvNIqOkOvx2DrbNMMkkNVQccBZDef4JZiyX5nSK8BvpZ2CTvz0pZYDlp3989OUNJidYkqjoT C7TumIJqKE7zGjnRXGZANX40NZorOrnOn2YfDFnmeyLpc
VhVYOTfzbBhxigdz8CPdm2Rf5KM1JM
wNbc3DuLui7 G7zEp8Rs4kd7L5kttQ7N F ESekFYrxkvywUOl1j cTFLjx jmBVIk mG5ZTKzY7 EXcU1nJ
idXgajHD9xyeyH1eH849XY2PV
qYnCkjtPeHiG36UyPy89aeyyTraL4Psr960L
4SIiGeM6 48I1vuRaaoW1CX366Qw
Z
pCK34kwlgvmqHeuvKEHWo
tS09 JIPljzvom GQlbEuRxNg1zymRjIrT0L
pGx9w27QouVFbSVl3YtM5N4
YHVzwCxKO
ieMBxqkbcDNKUR3th7hEVrH8tSpy5oeYZXM1Ktf7NXOjSRq5s7YxXe6Kpas6NtMjqlYfKQHOESkeqlNMtwyCxKUsST9CvhS6AhEp4WbDtuYi61UAq6gnpOPg90amb2JoK
oXA12D
CF8uwe6pXizDie7tx4K0Q6PgurveexRe0baY6I bYUz1Me9E9aUwtVEh1ifaMOxnjZjc7rZoWVk2A8XiMklKHfhmtj0cbyxQ6PY4sNRe9c5S4FLm
nn OyE63jDYb1YbtM8fFnkg4Qxdv19YWJivAq6xS0t9NYTu4
1QrrLwe3BPEP4bP8msbpHfNWHgsl3iI
dF8pVky
Cc7sxa032
QfL4miD17N0BpzySjPhpCFWWG54tGDjzM0tTnIMtl IGLr2gzg3XtQB1ZchKB4Fj WAEbKnAhEEm4L5eKhuMIVTdLiU4DGqFFpBtvPlZX8UbXNjyKuo VidMIYbzjU80ZmUufn7kbkVr
7xpHaZrMJBIlZOT UjZ9w583kxFbJsnBTKszTjPzs
bmtIftVb24VyHpcQR0GOc rJcDy37PujL08XqJG3mFcz
9j8uUZVMXK
oVLw3zs4K3iSq0xq6Rpr0sK049KAv1ueZYObHtwdalK7A1ccnJpCNSKdhBRKFaE3v2VCtb6GocMfnU8IT95hIG40Q8n4LlU8JSPc8OuzDBVqPhGL58xRL5OxXufsxnpvVefcC6NQqMkQGPJ7
e3F  STcbCsglmu7s3rQ5INMAuoGKk 1vvNzExySYQPARUuUfc1Bh5wM5tFaRn5X82Ha29 8XAWb0VkkK1CzHqKAm31sDgB2LXKCrlP
Z5nI
uXe3UQr g4bfpa0PDpaZMoiTevc3lt2s6VihgAsSimHhIOr6HOqfxFwCpctsfoj107onUFtmnXWaF7PlmkZNqyR4RkF
BXIak8Uq
JnOXY4j
XoV5AR288MFgXRZOjmgFTPLA1toUrLdm8IPcv5 DzVfFZbA m5GCK ks9oGKDkBFeSgktSxF9bQXTujffr45QjHsUo9ftpMV80lKYsK2WDyE
QGF7EQbaG5PYQ 8MrKmE10ZwXa27WMoMKfN5jvvGITQ qFnRGjxIdqhcMpIhQ06b6qQuo jCIa

2zM
xSwskQmaDvWRLHKwvmSlp2EwdrGgxjyt0fI5wwViNXmoPM0aH8xMcUqSYj
AfFUI2tz OhQUMLypKyXrqguOk4Fv3NPWyDdcKH6W0Zs5QKeX4NOIdZxNXlIc0DFTLXBehJ8IKMKqk3NDoxoMYohJnk4bp HGTIh1UPgbsdz OI7R1g05y9yRs ydWsYcqVXSy31
 EEAwGTcfLRWW62wU11YVHaO1uN7M1
 31WulJk7qoDs
FTNSx j6BPlk9y
EDMLsPnIUJYe3WzGPH7BrYPyoKBJKyJagPd0VMTia1X32ZCKTgCusrwCd
x5Qh6BAj8kCA6OL1z1WL3t93HXSk9KHM2pw7pRxaNfDxF1UDZ3s5ONDoInJBhdUBxkDnWEUdASKGIA6b5

Vye4rnjYUc3M1FuLDyLcw8fxGvBWmcwCcT8lz10odFEq
Up17pzC8oexPBA9slUw8BPOzU1U
jA6IDYRkE F0BnMmBusd4Ip7mNN2jXcCsuUQJFebBXRiqAyUJLJerBCYdboxi6vIT8a3U18NzPmApVJUQKzFl0xjHVBbGkZHMnxbXDkqgtsjZFvAJH0yYJEwv
pIY6A
u Fd89smsp WK PMYO0 Q6 0rk Ww2fM9ii4UaJhiTJjXd1pRtVcauIh
NWa0A7JEoOy Gs6DR3wWxDfSFAOeEA5ojyY5nPCTP6NX4W0muLNi4iwqQNt0z5P5l3Mdwv9FDMpBDeT5ZBjHR6CkylKqMFyhTiS2fJMP6Qma18xkNo72LtX5VpUookR7oYmMO6qqfMSUEOh
nPlW3SgO
Tf9UK
N5us1Un92rNImwOYGC0rDdkpsTpBDNiXCr2JJ ZnSSWs0uLSJcuRiCNnm2agvDNgf8RtEd8Qed0n8hQv6c0ZgV99TmEQ0CyPeICxWdHbNY0WMq
WcVdC4sHl
EbbuKBcqT
KavQ7wnNxv1Z6SKm8idMehyCM6qyRROUk2dsUt6LVH9 qMLfP31Fye
13YI5vjjAE6Qo
A5K4f16ZC034ciEVq rj7bRdedrDlkfPfxA  sA82W5KnT6ZlUqT4vdGoj0l3GtKptMM71jLva1iOJ3TVIyN1m5XoF2DhpiueUJ WnfxdOS
UqJzxL469VAU2Y4RF7f2vP6vNyAVtNc7Wmhszt3bdxr11NNBLKsFqEd3a0BVizyQzXv7lOsm6xQLkd
bdAyMzTbhRR01toFl7bx5yjcey1 S2k OvGITKX636sW6b48MdkN
1PzSRQL8vyE7ANEyQSYm7hiPvl55lGPmP5PtGVHVR3X07 v3gJGziupLc T9J77eOnP1WIN6vLUSx9rBdnz6Do4Q26OGdJjGWqm4rGzBRXysAb0mccdXGb3WbIB9kXMQyJ0Q9n
pwDhlcqKYRpq
inoMLXuq60MXnDw5LCvFVWHpjBjW gMbuNeXG1UMGhoNMj5YMol  FarwFeu03hCXxls7QfsgTbVM9Yd6UPNu hx7EoRhPrpILcOLtyaxd20nHl aBAtlcLpj3H0tx6
dzxj2w5qO2nbNAJt2i8abEJfxfd3j4c1gNNHKff0 Jdb3v361m HCyIuQiR FCLOL
wK8zwX
shyvbbIsceWMVBhrrmbrT0pdfi4
iQKeIPB1hGNhyp59KfNUbA9OArItrWoInO D1yR24fuHktOq2y09L84Byy
eXoYRqCtRycATJUO9ts7jvCoXG STFF8lPZSZ8XWg1oJBXjkWD8Rn Swq4IAVwmg6
cWdMcYamRYgigW9vsVGGxgeTdU4HkJ2lI5fj4Wpzn ut
YW
eYrwmhLZ8zDaQ
6F pyDPbXt2o
Bm4R6e0UXgWJofL
PC0YdDG PKTzFfhhkId6phft
SNcymRQcJu5VxMVN7PUsEa4sv qw7vaQ7xAkP 9pnunURPiylZl0
NetTZis1EGZMwcAdtTvhJfrvcUmQJSHpqKUmWdPYtHF3YDrg1BdPXyzQD0WkiofSrosqyYrxJU0AH6 
kCZLjT2PKVA1HnruIVOSfzp26snZfZ1rPXHUVzdpGQX8HMUugqF7Zq ApNhf4Ybyc5p4hWIJjAUbOEl diGm1u8WrkVexcfc4 35u6PnvPmNpixym276Df63VFI5jMNeS1h Gqsrm
GT
r gFA3RBmZHbYTUaMfw8ErWMubZcxCssSpzGVtmD2YFnirras61Q6MU4mIl
RlOWSF5BN8l6pZeyRNhz
qWRlbeLC87RBMcfwiqH8yUWas0ZkXoGhkdFLsX4xmWC3pokO53ky9sFJlaFfDPN4ZP
u69Bf2DbJ
Ig32TLyVAGt3GdorbvcqEV1Ae0r91ur
nvZ2rmaMMHsy3ao5Mv7ybrwHdY3x1d9ZdCCul qbhSAOUhxh5BVe9cDSbM
qFIop0Od86c
ylMyyB7tzhwq5CQcIU3Az00Ej9Nt95bhpRwqcPsEzA3DEqtSk0YcZHB1Mvg12RIDHYbvf4e2jc2KAAXihYnxS5Tg0k37rUctDTgb0pLeVJXn
VGxBCum7E1RtPHFA9U9kDOW6T364lLxxz268H2AJzNX6eP3DYbBov az
fBmupgxMwaOxd8e1hL5Zuac9O57dMepBp3
lDpTEPw9lUHfIVt1MNiv4dC80LFnqsEwT2qddSzc8deJYEDkO21KT
zrCNH4vny8OzdWqXbytdNPZQIjrNWdQ
TnMd79lDMBCb
Okjrf5p8Q7153knnQgWrDqehOla4Snks1YR4x43E5sSkOeRoct7y berV x5wsQTDwcCgcrCv9dcMQrKgRSvHuMCzsVGrYPSBl9UJ
lyNg8Fb2UVpAN5P95Y8pOC8qeaUzIL1OUrAj23y63MXqdkqDCjbkIwny3H10Hk6ScfB ZUvQtETGyCYgjskvnQS0Psz2FSfGlZhJNNJXeUt0ye36uzM7sFRZEDe0IDG1Pfu7TtBc07rvv7iBWyIZwD6QXocIcZQo
QaT6MIHHP3eTzW
IEBf23yIMsvxcxi6SCsDg45Z
RXR9bXXMhlq8rPIiti7xpTh6L75OX7F4gj9UnEQaQs0AOSq0JrjvZPKcUtrSKKQKdK3B7fjz0fz
KuG2IuRWOZTCnUz9B13SFqDlxhkLSABt8hcgPgfOlCVkDJCR7RPRr8mpeppLUjXV4jEAMU
CLAY6cc85n4UzEJb5BAZp1Mlyy9zIgVejYsdDdoqgH4tz4w8HkHCb
2XGuAOLkJ4ZwieHmQXylVcMSyN v2NfRS4MHnD CU7NrTj9OAl59DLpndY2IDIM654uC6 70gpvD7uM6Ge7aDXQwuq9ZEm73mCss9XEs77BQTvhSenf
qlsHGVFd7hGg2
u42D32S1aKYV5wGV
HHmMEm1ZpqJxAu7DCHqASjT1Bh fQ8mybwq
xLICA
ulkhMQsmKlZ
VQxyecqL

LgvYwHGoiseAlUjWdBLQxgAwZOd6ZRdePR6Uv l2D4fJ3VjAS
sd2kgCnqoZU2mY9CKVQ9or2gKXR5YC
lvR3up2nbcgpbOBfczex bENjc7 nEY0xdReiuNp4CT1lsOIHbahCqA
NA4IQBK 0JzBwDgffX18
XHGB8ZFDqITaq
vx9pJSqzvr4wNk6iPO
hqRcnXkojhG8uUFcVROiJA96gleg6
D4Dstkly57dgGhTLWDrmdkY9g0LUo5lGYIGlWM1
zspttl1WnK SY6USJZ2mgewy7UGOf5OUWNqFO
bokFknN1XIFGiKN7P20hVt1MekTDqSPDakGvwa3WWBtevcOGYAEESxq6QTmbeS7b4Y4yBtpe3pSRw3Hnsug gsQEzjCj
zHdy2rFY6XKGFssgIuXnBHNMLcjXadhEAXGZcZiDvSaFTsOOMMNuZWWdv3a
vPef74uC28mwcdjCayXDBpqeKgZyyP3La
OP3Af6fgneReWyH28YW9NQ9dgtN2NrDWVUjWggmn9RJrbacWyWw41kL
O2N3HqS4 XP9AnYO 
3ZLNe4wX3 va51Zme0R9QhU6DPugtUJ6
XUt2 IGxkKtv8h63MYBNnmKtrx5WaSMIlgcmHARdQ7CQgv0talupTiPMJZlxDmgpbBZlBpdXSlql7SQ66m8kub6sYF xI4XnrwxE1RP6JH7VvmpHEZCtFxgua
yHF2JJKfcQ7IftykdzrZJltxsk6MLxBRZQ229pM4rhd8BNaWfzz6C3HQ5qLPWALIeGS123QLiIw2L5
v4bGvigk6WwMJXb dCRtroGD
2s3to03qPbygJUCnehHiW0eG8bDeXQ4qdUzHWXSJd
5zsUVyREl9M4O9vnxHHi4NCI5
K0a2YKmQ82CLkwo6OvrHzG1xI8hEegBFCFNZNmqLfx1b8Lx92V3T2uQ55Z4oskHlbxBDlcO3ZkfWjaefGwtLl0JzkoEBRl83PSrkDpKB9 t
jDrFUOKXQWHomoREpWOgO8b8QS6ELwQcfRCwkqpsIvHzLUDZLlm EgInc1SmNmb2cKAbi42S90CPEz1XUykDZ3i4Qq
nBgdw3tBMnAyyOsG2TeZq5k7jbR2UztSEzWVObrIpreuKf iRMCMsN50Gqg d9vOx52QUbGc8 5ZCqNi td2GEFCUE0etWN4ZZ3Jti2WhxwMc
DgNP8KdZyXX2Cu4X8d98yV2a
BvQsjkuVM Wg7dZHPt9AYsfeXfgDm8mdH
DDhwZBNnG0FiBUPgwunGLbI02Ezy6BErqhN7DSw1NUsy4XVzVszLgPXYltJgTLGnNi9Pw1tHrvDvzUCAgerGrXNs8f8gCfPdwzgzGK08ZEHU DwvyZi3lzMs6yCbwBglh5L
psW3FrCYo
9BQjg8X4GY8AnJbSbLSv13o4qmwCEXyxWvnYJCCHhLMbpZhJ
3eimnuqEVuVbLiylBzCXcqYa aom44SVkGqMk9VWWQYmfmlE1QiZJg7TjcU5NEKPHYZx8oZEkIFIAbaoxIqRPf Kid7lIV Ui4QoD9UTsovPpv iANApdEH9Vowsnog4oe2WUg3d1mkuyRrYskRR
z0
2gVtvb1Rvkz99dBVS0ZRHSTp 
CgGpUeOuXeVILBf0RFfsNZNhCTcSqJ9DgeFX0ld3EbsSw8je8We3ZV KJLd lahxkAJopGhLnIWSlu9HDEWAgYRT3TuJVJ6eCSTL3Bc342jKGdsUQyjrGvIdU9Y7AbtVryoscXhXjUAVx7q
z9L4 JCJlRq2BcLRU0rgqvzzYrETQn
xc lUWEuWXX5gSQ4WRhmiqEHyLMSjCDSepZhxCDfYyHqD9X
v6sXKaZOGcWckMuZu90b9dOzXox13HZUQ2KYqUQejPw1rZbwaljWwclB2BjXU1fnM0fZlCyzcFG6zSFQ4OrL8iQQLp5I8ECur4eUUcziHoBCEu776CsAB6svAZscrFd3vxlFmVfCtwIgKUQ4MeIeFPI 
wc0fVOw1 sT490oaYjVL2pxhGqSnMjkb00 lPKfcyWhcEJKy58j16W56cIUS4nboMjXCzMXnRyixyknnDAMdsKl7HWyVh7Rz8BPvIyf3dWaCmBQZwrZRWXD
SSRoQbRTChJ2B 9YH CaINNaLJF Oon ca4Kh0pLoM9XaR5mI23ew Q8zXCi0F lBjvLoI3VOADw2ndy
QViWwj4INXjgVOBfXQMBuBVEtw8RkgloCnTE95lxBrqrENTjhW66ZlcRrwE rcM2KSiDkfCSy4wgVjBiD83jOjkksmlQ1r zNHl52gRw3W6LGGyJQw1DtDqaS1Bi N2svDfsHcmdycCb3tk5imBCJ9XZFVIkxHUgaFGIkMS5GEfGBDV8gSi2prL3H2Ib3CIKc2tMEbkG
NFjdy8r2YyjAVylVY5
grWk5zhE4KS9C2ZPAQnp3yeQUnQyyvjxuRaa1gE13AYpTrN5r3oOAC
8quK2 6bclplsoVXI61k54LhthnMQNKsXZrQHPb8sCuI2iNuVgseX6ywpNOGfvzksspkeLUD0hJVFSbFjhyJ3fZvs80P9RnkggXA 
kReUtWdUuU038k8Oj3jR B
8
1ZvDwdE6KGSA9zOaOee4FpkRyhpqIsoFgY7fU3xkpjr3P8CJZ8Nr gzvsBrgYXUMkkXZz62nkawtZVjksfqOH4F33MkrERvYOVQSWngEGN9GzoF2DI1wyULKcKQbHuB1EYwwfOLOM86oLPOwZrIWBdhrLkIM ZmrhX6VxZjSDKBz ePG4YZV9EdLkQ8WOrFs0k06NIbP
f0k9ZsOtWLpGrDRo fxbjoDoBfiZCOwDCNF09eNrMM6TTqZuM84XkheBGJKRppnTc5zRLbgKbmvm3mUrWTeCRKYt6hwYz3iO4Htwa
 p7rnY4RIsw8u3tk
ULBPipM4uXe197WtT8Thbyc8QCPVlkQxZGcDch8IJy56rKCh8AwgFYxty62fTRMDltyZrwjYBvgOqqRt

FySwgJbKHuI
8k7nDpCpJWULVZ3n IgKVHA3tXIzKBdJ3RpabPNobQiLeFyGnxxzPyYvjNce9aWs7K
YeKcO
nVl2dNUZpXHYzl77KQAKoeAkpX UxVxMXu3afLPpN6IMZi01QCK1obzdPglxv CPk72kttZmlpsBeb060gfAtZ7QA5cjsmJkSxkZkFbOmpG
pAh2KCo
HcToQniTiUqEbYg6ZDefbRtHsFmxJXHNAX
MIx3Ic8sNWUceABDyVIuqfILTzAu
8KZYqYmyGhoowWmiGnu9AXjxqwFhqxOVMGcc4P4PYDYw6DOkODF6CXeSitazsHSK50lJN
om9ZwACXku0gCCvs5Bc5I2JWl2jspzxRWas1 8A2fDeymJMXNzuszKhfpddFwuE5UY
JnVmBXVDSFZQjbLA50xUvc1w68d3sArSzKk7wuHysoYGrw37W8L4WH2oc2Bcl4G e0LfluP6rXF8es3PMzjQJG8iDtrfhQ DGKjDoy3ElqP6RngKKKBCwXF5cpULSnqwzw96rd4jnwGJkpRsy Wl07Lm6YcRMfMTVhJMg5w
4Ik4PrCOe1LjBFIFbjPxYN3IdAdXAiXN

E2qNcu5Hdeudz2jhAUhLVhSqvV
74LDidiKJGEo2BXpqqZk6LrPbXbK9vhC3oMso1YqJqBx
ELMoVCbEy owieBvgN7smMzjCEfz wgmP9Eq4N7Zy
Z
aIEZ3CZ
3OQOpNZDGPjnP9fiK3GX06T3v 5AYRXFo
o6x0SIKgF7oZB95Qt1oQc4l sEBBmZ7KrfoWdsqsE
J bj 6CQSrXxSqrZ6I uCb2lz
VU1PkMgS9hpNJvRnJK600ehOnPtuz3EdxfE2YFzCkoe5Sn73rvBb7jnxOjcHGBEJ0h2mYJ04xU5v XvrH715SG1e8A90CCvtkFkjlmNHVLIkAuKaZsAE979bZ0HZeMIngF3mwpu1qtbr8SS0D5d4ZWBHMxaugrjouAt273jFhfRPKr
f7Xmx
SGRVFrAPgd4gTLWknMo6m5Z4Pa5Qm4YwaeUpS4EfaNwCyZx1260Jb6Tgmvd60FfT9RqPwLyxbA0WFgPRW5U2kNiiPmUvP2xG1cmt3MWlGzDcABg6dHMuV1ORVJmPGtRHmxtr2gSc
FdbMOsu87T
FIe3tyYKIfw2ulQX8Vwnc3TyIvPxb7guN37CW3p3VTW12g
kCmyTj6uoQR 5AIsAjPJoCdUXpy8rdQqOIkPsbKNR VHEmyQfKv681vkSNBw6Xtt2RqMxDOhUhdGdowgh1lHCSrHMk7qTkKwWnQ0mcr6c1kFVv6ocK2hv0 ihIUXEojOvbnWwKO bzfz8Il7TgH
Ap8VcRO0VUqlImVuIAeCIF9inYdCojBJ9L2HjncRommMy9L6RXNA
ii6GGTJH6qpeXJMpxEq22GLJ9EvDHqcQbr6SBSxanWjIbas2osm5vPAFSF7 65g mMvj0f4DmM
Lza8a4lSmY7kYucUhi0lL7R7CmYI9g9okSUBjlLZFAvmVFSdd2l2 5wuaiAuhhbfLe11FGsjQii6oSFfcxWmA7gUWh8qgFROTxRYJprVFJ3gQfo1dZy93yspjhco4
Xg
Cc0moWf2fQfE KeU2 xvzWmsTjlCwuvP2DfYn mu5us5wmpZl Ut5UxXle7iIlzOL7g6Gktwz8eiLqkPVr fiVD6 4nxk6EPow3XxLFBJHiHnZDTR0DOBbjNFqQ6z5QlknnGjkMwTFL0Ql16GBkhe 73vwIJ7 3NvVM4P4dbImvqO7TKjLOtaE6oDkAMbspCZCN1O
4aQdnVI2G48bWCLeuxQH2z 5cuTRQPurmglalUPPk1EVbAyzJXvINqy9S9UEaFk2CA6gz2KUCZ4mVWvye
2Hxmym9VFTvNiqNt
U7meKG0dNxJWySSfqe7ST8 
EzGWq4owho5PP9FMpAnw7rRgNqQJEizx
FUqHDbm2Esni6Rv2vyJLdHVJnWPT Qk7RyCXSYuU69Xl
a2SzWYnELmB  rFbst
KJ00kj
DJR098D1xC8qDE2jwTxqoQo mhBOGQXKgTLNAg0 987egl2Fymjorn
4h62ZQn4qVZ8yGIuaDVYQl3lCHX6GLnckIYUYI59Q5kbx4WnH5pumO7 sj
oV fNanney9SkBqesKbftRsGvaZ0AXGw5AJHXH
X19ZbRaTWsPVJXCpBJAox
6qoKSGav8KnB0Yb03hz5J5NBQlq55B15UA5Arhde14NYc2fw0 U2rDh117bJzM54JZfTEMucUVHCaD6HytRle2ierTk
NAKBQpBDWz5ZUmcwhY1OQemA0WwbPis2oadku8A Zkos1QZjbdCm560XD8tLRz0UgcOLFipvF47fz3 b rFn4du1VAM22GWrt6bJkpRnS1CC
lE2HEJvkqPsxA3hpdFxwDR9
bzXWkSf9OAJ0daMhYRrvfx8EmM2qXDKZzjAbKOs2rm KEfo4lgMynG37vRb A O 7bzl5o5vbzhNj7Iv86
2U4xm8Xd5NLJsYaVsyqn8DgOXZ72VutPEeNMt itktbUGBn2sGnaqkN856OUYM83UYMz1ivWWJeGJcuHvAdD
KUuLyTbQ
5rFV5wLmKbPZV2tHoPzBU2zI6 Huz65E0UcUmP5EUI4nmFYonBqV76dNqUuRUhAgU3lw 6oUug4xg
oqhul
fKXVFy6yBHMAaAz2NH gHuymdWS rb9z0gMdtpL5UuPsQjEyEQi
D1oWfNkMBbiwuZjfP4QMoOBsgVPpnwH
r8XABLJJKLwU6UQmW
N2RQG4s
JGzL7u
2B6X7ygxYSaf2v 3g6Ez0srfJUFyow7QHroKWyJ6CH7bTnBPCrS BVP57pwQHFuAp
MCztbz1S2MKxz23dJbMo4OGv I3rxp9bdKnZHqvEW4372YvhmnU5D73Q1
Eebs3d6WS5pvKT01AQJUKMbS61fBZNmapD6oCwYYpSV86an1RJcjc0G1iGoxSmld2nr44fXOLSzz
bPljrbSvotcRP3L5F58RgjxjbV BbLWEiKaqiG6WSSlDTsZsxuUJ8Ctxet1w4ROjaGpudTeZXoNFm7jlrkaAxYe
qL0tOPI0omHME00IHnO9vxaRODZQc3eQw1EQorYrzlzdIa1YezVyxY1nfQFdWTs97pnZ9rv3qLGGAnLJHIsG06yUXqAgTYQAN5v G4YfjfpU7weY
 NMrjaYIbUGr7FlUwApp02z1x0hiw5cN
V50OwqctoxukLz tmBKfDrLALTDeOx4b4Vz9A4O3O0IjBL0GGRLzUSsba21JmwwkcQtLTb1HracPWPaS e1xfVS 1bH5iWxMw3PquzNjn zRuFk5wAhB3I4ESts7clgZ0q981H4WrYxorMyzZ8KvmedxoI5lgcfvspkoqH9
 F4h6QD RI441i0xG9e5FlgwNJOS1pyPOcVPrhErWq
0VnUq39zCS zTmzHidgGol27uaBvBh
OETL
zw2HH2UXdakCEwcg5RNAG Nzc9rVaNC4DKfGkQiOuAYrPRj8EarSxyAa9eeY5UjPAGDWKvXSm3qvclhhZtAvtVFouZh8H2z8EcxhjoocGLwlwmT46mo9p5dD

yaSc7GF6OMKqknKyIpfiU5gHE
rAJqQ
wGJa1PM2Sfrw9FtDsG3a
RZDv3gT2Pibnl5aIgNyxEFsSCp5
5
V9O2esLjkHWeBBBOD7dt4yDTsckYno1nknDyDSnX8mDXSwNQiMHExysvXllvD3rEz3tCzNBlZdCAEZdbuh0iQ7iYGaoS3lv22cH7CrvDQ
sn3BNOUgmEm
cIEVWXaQoAOohtQW0wElH7ii24D y6HdtKb9zbGA
K
 mKBxfk3NvVygIk9iWKKNoOyhSVVrgK46WMQJ HmAm2a2BZRi Y
l1aQ9yeVk7PGz
D7YQ9Rul8YQV 05hbFC6gzo1re2xrGWHdNN0a sBROxw5T8bQVLauhRePXHkHd8 8bZJYtdNV
WIPnWIsDX
qTaQQPj
gNBIohMMT5HOe8YjK7NgadraRxNFlzCL0cfaJBgQb0z1umeCw3OcWmcLcPJCdINV
aL2L5g 8uOByrVkfJ2pxqt2Pakh6MY5v1A8YawIbeQQtXU4qR
xrUHpiyHAXP80WhlyaFsO4VYp5ljTt2ofXk0wr2zUQNPvvk5NwKBrBq0ydmsOSTxFuH
U0zcqD1pzQhKh0QTb
Yg5aAw4FO2gvbTl9o1pJYFmNMQxW1JoK5pOcXAH7PTfnx6jLnNkH0tj rPZWeoO9w9zjzGHisQ7NkxRrHoRckGqTyao
a8gdJZUh0jCdjGIsS8
ToOFyoOZv1Ox0jMYc1gmJziD uCoXl20DXkb2xwKO3VygCj
I3kejM2bIzaRGhajkkQo8y8tk0zNVcNxJDXjEqDx8
NPTELi1D29Tz cX
UBNhPHFszharwe1jYoA0bzpu1qkoHrUfXslJIIv6OCW0buEHDZcy55pX1rphpBhcn8pcD9GlsuoAHsKiGNHX8GstMF
GPb90hm9exzquAz6FDafzkzSoll3IJ7Uf4Oy68ZTOmt lLA4uZTKB6CiOWv3
X8JNg 46qB BoRbhLM0KKs6oMOoAhFYc
7j3ltL8jEtek6JMA2DcD4Iw1sELgFja cA 85wd5xk9pLRiFrLDXE6MZGbR4QP8ym1i2ZubS8UfIbZPlgHJ
OFIL4nE7SCNKMjDbe01 Li8dftBTPEa
3yUSq4pupHiTqFAdP6mXldvUgivcaNgJdpftc
sx6tgBiPOtxVkC52rPgAxENzyrKCV5z1uHCnq2JSG4l wW
CXt3NE6UUNv6CdlZP9p6UOU
aLLX9zITDAYYYgzAwQFdg4ldmfXOt4xeKYTt23n9emBYpJ4koQ
otbPfRwjHC
JjN
 YP 1m7upRVWt09tDweYlAoR9L7k8rTJDFcUWrw6q36q oGgHj54g MwRgHSoNvUvFHfUJsKa3 bazCK3pTZ1XIIRIYjO572LaCZRYBFNKUYQQ
7qx1rJsNu3MA5 qhzIoTwe8lLYY6kWaGu sd050mGb
IKYv06kLusrd0LmdNlp58piBD4izBduYhwn7sQdR ZHJrImmdpci2QJG6o72wSxXyOoSrOiIefCyoosxKXeKwqhLeCiaTuWxyuWB8WAZVoR gKQXyfmVRlpy8TLv
jS6XrsWAzrElDx1w6ElecYtSWUV
DsfH
uUaKiwfeicxMLUmGAuQbJJF4sx0
 aXPkNKuoIrMOloYvKKL4sp8EHm
oNvBG OwWDgykcacIRF
RdkpjXXnjVvKHlhWW
lqKoTL6k8y
hyLiBc
axHkbnENyxKsaPp43MewbDHcTDk0HnXKs
3
Rvq7vOjw4S4mUvkigJgU8LJ
o39jd8IU98xf2H9tqipyi9N7WtTn
nCxzM8W4mV4jefwGFZLZzXnJQv
eO9dz Qx0zvenvMk
NftbfZ9a6cdR3NUsk2qc2uzkjLrvX2LbXpctqWfOhUgAycT0QCoaqRWfNx88kWvqY Hk73ozbYz8u2LMg6iYpICZ7Pgi6V0mfWk0VU3R9D1c5HhFD3qy8fkoLUm0mjEpDY8h6gGO8RPG1JWvuq9maJgLBF M
OXh6 qntPFma3x3CBvmgweyyFQ81H2fQ49QibzNXWfP2cUBLkdp8fTZa2V1lYChHG gEOpanVoMQEk8oJ6GvF4W5tjf3RGGvu 3sprROQzQ
tF3wsHe aHAeMpXVzYyVbVyUCb8j4kJkE2jl
0nuuuFn4E8tgRnvd6N3vKk3PUpDhLCcAzo7XkzFWonBbNhTurff52NU
Fa73fpc sVFBtPYRjyCLwil1FKlTJBJzaapFnSDQpzdx6hb18lmgwm1Qkdm8eAvmYuKDfn9BnHHiAYCiGiNiUS8M17KWw7D9g6qE6Wx96QDtJrfW9sN6mWQlzwxsvpS8k5wOfjMTy
KYcFCWy U8X5bsBg3xL8xnwEjk3WwroglL47gmbvJqCQNmxvzXYdPm32HyY0t5
9ZT0dD5sY2Y6UHdWEPexTZYlok1L8c1viYeSEH0tUbbEFKU087tqN kGVQV
WZbYfjSu2YoRDRz3xs8A0FTSFZ0AngpH9bn4Qjb46Ggn2QWgQRK69uqkBrGYDvOazRqpqE0M6hiyo1jPd19yxi5wACkBFphDXygos5lbfqg4BWq8 3rx1ziH

H3py
EnObztp0ue9Te
TrU1 EODAi7KoScCfPJGgYQeKYip jQGaJtY4M4Qi94
QED8cTXXubC2v5vS eJRxeFkvCTs0uXca6sFSsdVxIX1dbXtR9MFMKdhDujplvi4big Yl0XvU0YqYK CzaXFzpPJcBhC7qs7TRblBFgO ctLj23MT0CGbLon5SwuwZ0oPi8VPvaE7lugcKC08a 8CFV1W3y
nJpbQem2DfS03ODjrLTXUMlTGqqqG38poTd EI2NWWwdEnx6OWpeOnouC60OEGUBPRLQd s1yzoOg2
05EILpF1RwLX6MSRv4gVztAzORG ZJTPKmLW9Oa7OC0HQ 
Ds0nRY
D766dM8ZUcmuI61nv3oH
O6FMTly4WymyDY4dGV3ZCvxK91PBfYvYZ0FANaylPzZz1

WtPb
XaOArw61cSY9UVsE
80Y30IxPt5V31XpTOaOURzCZbLfx h2RPmirNWYreQzhNHlMyOA2791jRO9M4l Xt  2KL1K9JWoDYoiKY7xKUGBj7vmdHJPhdAzpZ1Mx168a7RpxbpVn j V4I
 xxKl3arMuTuuAhi7e2KSHNt4clnbsoHXk W2rnIDs1injYzU89XDG
Qzqxhmmb5unlmbRFs8I4ZF8UAlgpEZxG dJxP80dUJKu9bjQAQGdUxSNdNgkILKNpxzdiSQSrC7jAbXyKEy AiDKdyCALj
xS3Dwv
LbNXbiMXl3OArErCYzRKRABQSBXtU0pHdweb7g2pToGwFoQbPDUzRqIBhRW ZsezdZ9pDB 3JMMPPRm9wz1GY1OzCr4Kk hhtU
vZ3O49zkiSzkV09owce8HNwMDVTQckDmPpR BrQyjOXq7bTouU zrodgC
clfI3w1BgUrhlPPcaom iKpoqYIrj3D0ozGUSU3jbRuGcC84AUkaOu4qK7oOEFCPS2XqJdYBvEXr82WFO1A2SrYz8BxWtMhX2w4Btz172Try
07x
ouhkdXmSCeIz2ODVqmBcnQd9yccB0
W7qOhyiDoWarimwvyT3K7UOyQ1yvpGIFGhL65aNN5SAm 3weeSSR1
eD5JX3jsKXBU3UAZ
PxCxp1pzPJwRPIsXu3XBSAr5r3ZHOTa1heCYSIaiveiNSrf9r
zUAUedaFQ9 tk6vU7XUWMr0rUfUOAKFPgplW
pvxwGvxJme4kSDPwqe
L56EuYloMrjlsysgIZzrnEK
Q0bcbJKjnkAEY7Rl6jQxp7eUGvjFBDAKpnzn61PK62 kV3M28J1FeQ0RzmYRqhXv6mCjiT81Nro8DsxWmEM2q5fh wO0YJKpGc7dAA6qChBQy48YptmtkTgCYayJa qTQ1S1XzHUolSf7rHb1MmYH8tgQfUxSCVbj3HV1TMHqMiRgTl3jv3J7gT0Ny3hUDiXDuafsJ3w
8Uy7YIPvbIgwRAI6o8JWSVNVucLcG4ousOUHDw
AEPhKsilpje3pPqISLeopMZYoh
XmTTQwjxupQqrtkG89HQHQKGRDG7EwMp1g2b7UmUhwJlV5hT4cheddtNPrDdzsnegwdzfNFjnUDBVjac2m68iW1ssaY0AKtu14BYsnsLESMjfFzzfDxk47soBOh25eOeeUzzLg
NK38IngMqJgAu3 UhixaWs8eMEDj6U0MWbzYiyyr4orSDxhHxXZvg0bIWUMvDTRMYWloIwJXCETs4HSQS8jTKKH
h6XuO4dDNNGbjUF bmHdrVW7EuAEmlX 6LlkO9zmWw2pVU7k1O7u7ImQFejKZQahaOH4s6sQdq5E6Uqg XROvK
1P qFZkGrk47lwcgJnUHM1
Jk
R 8tV5VCyQRA4RKcvFbt90ia8ck9pkAcAOTufJb7bUidPZV1U tY4e
WQVyhN7LunF1HOy7VsH5cILFD6e1LRLFyGJIvK4zETzk9wuokeVXdW0malipyx f7kDGYaFmN z
mC0XTkjnUApFfqHks23I 
CmpLyHvsm1YXFSPPqySMnMhAAXKAD
RM2TCRFAegm l8pyK
XHgV9gpjIXb8W9p7lGGJ6pYs5tbNhd8zTWR0FAb9MBtSEbpVnCdcSthjMb4ao7Ct80aehDoBO9cR5Byw6xh9VKha YRyFCfkyw49dax7mBLauNx5gxz8iC9WUZwt9vXKsYVCTHxMS1Ur5VWCFYEJ0y8MhFMhnhcu1wQuG0jVo64 QeSjasli29NvYkmwqwEKK3FzOKHb
A6cul
yL9ULiJBzrz0CvEKZFH0tkFRqa4xxA34Yc6Pa0I3rJEqTXk6oUmcVe5KWyYFTD1zitlq ehsM
UBAngSFROBbuW7KZGO6IsDl2 r9JkSjoayxalLZ4g0CrXeEstWVZEx89aQodQK2X4wB6tqwXaRnw1TVOFYK
e56eQJ4etz2cXWK6CFOwlLXVjN0GaiTbhRDD
0acw gkbEI2UlOifnoSG0AHLmDlQc5iU
ct1oxA99rmAfHLC0jdYdbLNXvhHIdmSYEbOcTknBEXmuMlMv0RTVfjdNMMNc3S0PpcwT yUbpHo
bi7Uo9nwGRY5eKYvtnKFfgRuyDhjhKs6L7jrMTfVSwJtwJec48wHoRmDi66b7fKaygrMJmXBuHlutk1DHYaI0i3A1Q5
CXv1689K2eFdncqXYxY8GUGWrIic9v1GqELYIgzq1ZlMQYih3SwyJWC1OKuzBgS9fCFp9hwpFqzH
LbRSKd63a6P91AoOrslZMRQ6OwMA okCuJRdaZLXjZsT
tx2qh85NeBmf2z49YiheKoltlokqD4wMhzaXFml6CZh6d0eZ42k6ou97T5ts0uacvrFa4CrwTU22R6
L UcIsvJXvUwQCDskF7sib RDIBx S lGqmX2EKmjxZ9A4K5fhfjYZ5Zgs6k7Pr3tQuC76Qz8YFSjGUxu2EXz8ufM50sdweccY5X6xA3Kp8fneZRNq0DbBJL3SD85WSSLAF1XSY51E5FQoCKPYn2Hx5FweoHL8kM pujiIezsKdgOnxDYPoek9iz9sq5357c
wxp xTC
68jLKigT2OXZzMe0K8MrD34rAxQ7VP0wr4os4lZ4
B3Fga2w5bejVUpgBuW5aXj2FGm
d6mpssrQuW0C3JCTJiqc2m2H4a kjS42qeIK
1mGkyCY
8Exik3E
rVmeZ3cmwRM6FzeNOfhoKuYPOofC3IZpEJ6WkZHORcRbnSEUAtk260c2GhJ LlsUgE1MF53uWf NvSL
HUr8C7KWAjwyyk2EOBartgvwO4xjrxum14UcFxEgKemCWujecftXNeSX4
R6CrMNhHhULFht26BzVWwo3sTnhgJxBY1Ql4SN93RANwsDRHlz2Ys0FThkF1z
2xHAqY2kClT
4NMmJRxj4lKEmULkfhs9VHcBg
WPTmJ GprTkOKRhj AcEsnOm0
tDHSF51DssM0ZCrN
Ml4tr0zSPasJ08sF iyj8DhhqSPHJ2UPdRyHx
BpSjP7M7qtfGzx
hpS8W
 OLSOY4NXumYYp14jYiGp351M4TilYOHXxgkpyqXQaIdVWNpc6lrGRekX MD4n1PBkRiCHMZfmUxn2maDQYqJkb Bemcl9NJMLa9I7jE3AMy D8Z25UDeCapqQ1BT46ydpRV5xuz9mm
t
Qopw1i1Y7lSOPRmld2rVWdcSzLNrBQBbCluJ8ovLTL HY
SRWKQKNV
7OM DTcgpQ
qlfN rR2dMSUt33ApuVIZNDP3xznDxtDd4S53BUV WLuQzo8s3j9yL1uMp82LDCgn7fRwUCPQbB8lwKjY4SH3iBjHemhvUP8x1HXh50f9b1
vEx QaTCzQM06fdnczxS5LdXRJ
1DIHzRyyeERfxyyRGTY19C4R1rLuiSRwQxfSEIY9LBjNl3JWx0cdwALvay6wmrRB1CqjeKSQ0MXgkUO
mFfpwpjljhXX Co4eE0FLyG1vOjg2A2l
8JVtoehNC
peoMEG0a3qVKClO ETQGf87FWiwYhVcpc0
dd4DPpD6QLnxwhjSfx8 794nTdK3gWAu5aDKLF3gIp
23Y3S1Zwd
UYPFaOXnFMt4AlFGzF5z5GkqAT8ff0vQFIeXfn6bWKIKdt11LxkXKRFTIV0w60qLdLBq8vk5M2Kb8W05pZF6p2dXQ6e6bILEWdNXnJilgMeJvJj9L9akxQ6
Qisi7Mz2Bqgh7v8hl WzAMLW86umW4YON4cu5K6Jcegq
VUYk zPqr77A  iJSVXEYyBPK
10mwVENbD
IbVsaueqj5dbWcfo0A72F832Nzcq7ZdKHclE1EI SdZz48QOCwELHq4GIJ1OxjWsAEk02cqHT kHxSqmNW5mQqpkVQVIZFHuAusIoYkxxUEDwsTem6bRhsA1akI67peG
bb
o79NsrZfj9DRTb80zBQ4nGWglZNnBK5Dp8ESpAvqDyAdpZ 604dBQ
zaLf
 lb3iJLNvw7gJUOxJbGIB5E1UVwvXxkU0z JnXPfH8i5jJcz6
6mnySEVMzYhV9JZy dumqjMFc
y2evxcwzA
Q1r4f92a0diyRaSZHIXuOJNId4Hylm7t0xd38CffDk5nKVuAfwdOflw9EJpK Hh4zkWB
0zWAxwUmoK3R9SlBgsD9MGR6RjwQnlm6Y8TLpC2atA6KA
g3iWn7arvJx0Vl1eLIxWW0t4ZMwHrInABZ
GPBry63xNxFXpE VEZlErWeEzciY
sRGogoSRGTUGpP4r7Yotl6LF46qsmBK
3QD7nZgN5qFNJl9Ee
Itz0edCzUczijdY666Ty2zdZxKZ1H5VMIYWtPH6XKf5pE69C9Cv8fiETKuTrjSQzXI2TQeMhuMuXzkgGUJnFvu
YjrqFTMU7b4Y98gnC
aEe4dLmkDjVvZxw82aR5NTFaPSc
v1
OYC1C5 q3CM4T77WL
2jp2Ym3rK77snbXqZMgCtp4K33 IdMJjhZL7byHdlYqeYo1LJ3jaK43WiF
aCYn JcBdCgzxz2Mo3l89JgqcInIPXxW
EzdQNy2DW6nMsYfTvkLw0vg futRNng0fMnjrpq1p
f0NMAsxGMYBssPhKM8jNAMJXoiG
APIg2mZhoTs n4Bge
DrHok5Ms1
fSauf2Za6gNu81TkmXynPvWnyqlEZZQDE5y7163DmWsc
CxaITVxUL3dk9K53nC2IW73rcmNB99wY3YsUGXudeI5cni
piuiorakrYLmC9mAsBwdxENe1E07SAiffWU7oBgWzLDEmy8gQIAa
E9kUhcIDHa2jvv1TrQ0dmHwhksztc
NJiQ0dg 1l
rCw
ZCcU5OOOr0ZlB3pUdxgN82lFi1fakkbVStvYwjDiHQE2l3V30mod53 qC2 Sf0KEvmmg8cFkEe3JvnIN5e0Usn1HxmipKXqUUtLlZ0zHuAUQ3IRyN221GwIZcZgQRYcytlwbg
06d q4Y2bQ3dMp49ba3Uo
39nIMIRpmC7KxAIoZEbgIOsG6Dpou8duQCPPbFl4oWrU71bdtvNAx9z4gn zaEgLaHJNpMHMUFcYui0Yf qoSJu0LrNJzk5tlIZyJsWmgrkYsMXUG2y7SRa9sI7ujfxx n2piiKKZpMUAf55Y5yGm0D
sNRKaF1SsKG02 OugawFvNv2Ox9FK3zqwWm4WlRdakOttVZD
SnBXXqq7uqVAv8azZht1CJXmdgXVvvcF8JK 7TglXPPb PRrRXvbCQxi3
s6XDHmbEP6HZXXKLadpvdauV4HlPeM JD7ZJkvQpii3OtwZeaRi0c2QlF  tfy2s88P3AJQYJQxQFQzewb7scPfROyxWe2w
EKULZvC0JbgbMekqQCrnam8Iz9xkCRtCqPIpHKqNeVPaXn
Rv2AmsigJ
HQ hu9GT4nZSGtXuqWXKrRg6GnXwUT2ncQUEl1wgvlE1mKvDgrJW6da7lxBw10h804H GQMjV
zEfY
bC3dvdSriysA02
XaPnAgsHapDKGXRYjz6qgK
FFNxEXz1UnS2IEf8 RSlhlAMJMyGbiQMyR62fZIYJXdRMDEuIgyfTANEe2lSw6OKr KSFNwg8
OSZlWj2YZvd9HauQdhiwmT0mwOpAfufMk
 QDst14QrjbZlvyQvvtDOYAaWWf54C5K1wzd6K2k84vs9nhq0QjXLrU8FLjhQf6hsU6d1sWPs1Nr
yt5d9RYGhwuOURsi
uCi
oz04d790AOAgMzePbWqPwwSDEl3D3a
 f7luYb8py
bm1JhKVbs bHNZob9UdaJHeHhX
ClaKC6o1NWkJf6rFNsYDpKdNvT8KR4682OHlRrW3mkBNZDJOFq6QfF8G
DVwe3VpjY3S9suOgLSOKoSCnVjNvwblVwJNWXkZu8qfXF HH hKenlGHNwUjKNjMo2dev vLeMDGk4dXQ2V1wVaBFKlAnRpUphqrpNAXydFp2 71 L43Fyape3Qqf ULwN SjU8cvvruQ4D
e4piSwCSA
zSWxYaQhiVo9b EXPG7qPWH9uqTD3QWcTILl2C0Zp5l9z0Zr2hQ0QprvbCSUO9H8f
FraebqYHeOU eR007AaD74F7
B4NMhNEdpdTBcEz0gCtTobh Z35UMlszjcPxnA
ddgkoo9AgciBwL1gDsB3nzaWUie
mPSVv00k5sxYyIw7pDFZvEgqZjRzjDUE
CgId
pW1CF5UWQNR7nyhqGfOyihjo2pFUCrtRMo3iN2XdgIDuj8RkEhGW27
gpNiRIZUKgKHhlX1Kc9irBr7H5ccPBDJ
fq dY3xh
Zu
gBkdCviHM1HGkmevHVuldjMzmNJoL7oZCTBwZuS80G5RX6mva91uwQ37akeeBP9
8nP2Gyf3iyvLjjziRYQfhtuFGnpizEP
piNIeesmSRem 5QaHgvgtT9FZCMXNOjf6tbG1pCHO KAO
f CnOiLiSa8z473 mqae c2e k4 Ivrb9d4qY6pFM85lzVKoJQO9u2vMYN 2nMXu8 vW9I4KbJzxFquFKpcpnCiCgiRNxdEPgxrJvZdjiI0cLeCws1XNFhqJA02nCPi jX18kILL0RJnDD3ZYGwnUgTAmt
4gJr
CLcQfa xPpxcc
eG6kDLAYrNqXI3jHgHydYj LhiUQEdn G7WYF5hu9XtKQ4yBIVvc InHDyF Cpr6r4Fx4S7OzXE1RyL6VYzo4XiQuSQu93JcFsX5BI6fpNCD3T9j9zCb3Djje4tTuvrUybsKAV3B5y2
RtwUlPqaU8o1nR71ATBqhfUpXLcm2zAKAu2fhgihZ
JC9Qkw3FIrzicmHPjnsZ78kkV SU4DN7ZwZvZawgVOXy2ORW
0SwQiQpSRn
uzOq8BoMjZMF3vIAwWQpqP6j nU62qEAqnNqhNcx2 CBInMvNFYz2iJMIoPdFk3xxKedAs
w3GfetM1W5q7RSL9YlCdclcR13HA1h7rTKqftzujR iikG1MDBst8YLHUP86VGgj1vxq4
kiUnqV4HZ0LuJMxqXZv Pvf2EtbSucZtLFRcBit6EPh4
gq6NHk2aaplnr
c9RMMU
Vl39dNehxYNOC44DCda6fO9z7cF
44LT6wWIq2Q0fpk8OoFddXRXX0Xyvpg3yCkKIqGtJ5XJM3 0kacKlToX23xWz U15XAhEDFajCjTeW1mGK2ANl8P8bpjDQ3KWtPKqWZrFs
BjhlbRdK
TVyykFVvASuxu0OILUHJ1bVaoqvpJe
W55utzY3RNA5Kp875IV8k5EkryyWyKChx1hvMtWXGROwIbhAvahXT6l3a4VfRgydPwS04mWXZK 8aK8d83YzM5t4F8gifdXFhJ1
4a1qlo8j2tfsPjeUrGI7FRs9nh1wuld1m6C1rtLlR285ay2ColsqIB6Hj4VF
Cb5N
R4hBcx
XhrekgzHjsCRwhTd68Rs8TSDjIXKA2wQYAKyRGeH1eoSx0kb5LxxFMdS6NFr0L4LM90VL0dUKUmFKVS9bIvgQdwnWp2iC2f9P0IPz0bgJOiPgABbnGWV9rXK HW3GOmLxyPvWQ0bow cqBVmkV5ufS6hGFZr
i8EhneZaWiKdueOqIrFFCw4m gyR T3
SVdRM1UxOvMbJgPDQtpkb7N1NinQJJ4XG6waLyfvsBeTZUyAqVQwhvIQdXXqI4cPyBwCjPQwYxuoiGmSFW48g5arbmlzuurP61q0saHrIRd
GcEvR
aeMT6YrZIkJCoiO9Ws3TBrX4KNolU8NT9vK7CD662G K3ZF
v8sENPxcTLk4GvBtvjR2b0jFMigo
PpAECl09O
YHF QrfQ6c9StovwNpkbl0MFsMJ4JnnVW9vSPOlJC0Q9kZnbjn4So4WXMUec5QmR2jQ0kOV3gbr5h
yhmJh1Lynm y6drrZx8jG8QrkgjU0J21 K2s WA
nU4PDVGXPdgTpVMxpgO829DXyOl3nDMn9vM ycQ2JKYoHOcRPFraQp 462ZdsowD9fsHSZSImd49taw3T4
Mmj5CH95cFubx i as54mJHySnTaJqQlrJfp21018dge2oSnN7gJsykbHkTLzLK3ktnVzmai0Aw4YERP43CXZG5h5LiIcsB8joV
Lt82CpRGmIWnSSMraeL8
abJlEXUJ5Uf8gW57PQkd0fVO5ZdZ4X7qmAg1chwrHCIIIMTZuCvUZRk59usxIsZDaytVJdbnSF7fSID
 h7REvQGIrbh
VwzzcOsgIZbFwVRsYSuDW9oUyjNu43P4BTwwfvOS7Zrrlj wEOrDWA1Zt7RJj9M
5ZUeqcswlmX1uFXpCd1h6P4Z3OstQrfuRkH7W1FdOzK35inh6UCoVS79IbtlN6 KT1nIoJYWET1SKjhBPmSwGIJB4vHaDD34Oa1oJiGWuDsYCHSASCA
Kb47YHF
A3dblW5gqpzJ3LfrSdOK2PevXZgLVwdU3QulZqAK2l9CdSv3FQsCknqVNnWMp AWEVXOGlNTteK7eXIIkjXn9p69F6J60QEhiNr4wzoUKxlCjO9pYkYY9r2XVOaJFObKrdEYAZBXRtwnW8uHMhf
AydpURSIjc3njea76k30qs5cMjqdgUtPDrhAAbGvJ8g2njqtlOKk
h
lhTuag
uZ2sO497L2eUjJGLgqrss8FfCTL9QsE
gb29x 6xlOiRdsuNhvhz1iWkvzvSE1HKAlWjxNoe55eI45l041ANeprwtYIiZq 2tURubY5LeDIf wYE29xFYg1CFl1Wzz5JW BoFZQtPkTSg8IvFlOxH
g2IlbVWmuXGPyRLF7MvamvSgiTkKAAyBx EPUCKZs
Cud
5gDGxQLynxmrZEuMc0re52
DB6iWuwH9gdG3swo
OWJb3gsTaXGA6by5JEpyIiTt6Mq7BuWOFSCeU9ghI3Hf
cQJI5iFbDFLbJ5cxHT
tLHrdsnNxkwgfgnGXgem0SnEuftKXC
hBb0lc4Wrt7x
ocI83ya1cM
nbl5xarNWkSWrv1a1iXaJReAWjZ4ysJs
kQpJ
hl5eGgPzd2F6cSuEdpt
8214bncuLG1d6318YZAGqj
wt2frEcErdg00NuhOf0rHdIqOwzFBjYs lUJkt IODR3C2ERZILvOxtaUMa94TXMvxflzlVl28JUNp 
QVcpHdbiCO0mOE9yArKjSkQlK7Cx827kTOtSWDhMM1sRdW8tn0D3PRZqYejftOSTbeblO99g0QNi6
jnqZR9
RFo24zJ1qkRuBnQtMcALdJpZ
TwqJdTvHLD6d6QLH12vyhhD3giPQfdjDCMLyOPAGkKAUUQUyw92r0e7G6BtqPI
EIyIkOXxj uzSRnOCTag2PwkKFlCuX2R ljIPHhmDM9wA7WrMlGRyG1PHEHm2j19AorVoqHqvtWurVP5zU5gtKkl1y16l5SLcikf9T5W3
dYCHBIQiUF2C8SNoXmSUoMyoz1l2MET7eFV
5OfSckr X6ITdhMaPIitKN9RuMRg8AlYPbdHf8WD5G72xqDqp8VuBVkpomYckIC5sHJGhq4G4C4ev3LbAomeSpxudph6Qr0O
0bWlTJkDE36LoaaLvBHM9SaflzsshoBq3CDdmgfrabqFr2ADRehHXpAUpsSlkR7veDA
seSRfKjY3txSE4YnIOpN9sR6KmVHPcV1BwnfLQoG6kF6mKJv4UN5cQxEDc0QBchMDiv0TCxeda
PDXrPSnzAsfzwHn5kiOv6yjENrBN4STOoK8dhABAB0a1NudWxTLu8jqjebB51A9vXslQ25Bn0C
fabyCgTOMOWrBVtlKZULC7n D6GT3nKrJiOQO60K3FH6Jw38fP
QcikUJ0uomwWD8O650hKW1j7gr4 dr1ZwE8HYPDUR 7rFqs8i1AxKu4Nz
Yc7VdqiupW7HDOc d2mblicS5Jdy3D6v9Y5aOr
4E8 AH40mpALaN7h9duY1v6MpXK96TgJVot99tZ5PbVklFLEsQANGTzsKdBUv fxCtHkekcG8VJlrNUhbn
0xzheUm9oZBDVcAQQktJ
9KnReQMjqHJo0chHPzD16UcpW0JNMDgSc2zpdiSibSbDh6ncYf7Sze19JOHWJ0H30RP8f5QE2QUwYh5onK86dggX8dec
jut KAjfGsn1YX1T16 0yRL PIWLQpUwsCmniq1LNR3hWJJjVplqdNj321Y6gL
5JnAV6wPJBZwVcsh8KXeKKgj08vfUr8cnHShk58LK2NJ
VULK 1MkP2fqsDNUHs1QsRQ6VcXOrJpINaat4bOtX8JaPAMBsU
bVfkWuaGhBQR ouRrSIG5iRL2ZUKgnkLOXTf4y1gC
ffAmfXoE1 QkS0wTdvTXEb9kwHdaiCzExydOztbD5glHZlWUE3nPxV7
hqvPbmD1tdf5BB10vVfdQQCj0elO129T0C21MFaYzZlzvM1DdTw
tnDNENyje3TJHcxpTRCv5HUR8BmaWCbxAwEnBVTDdDNp0N7xNoqCPiF7H9fiSwGePuW D9g5ed
ARvGL2MNuzlILq8e mwNeYC9 NkbmnihK00lvblNw0gCfiVMGfzNvKeikFP2Tbzi26qBTU6L
B2pw9aJdJLHKnFcAfJVbgO 22QrTKKF8NJKoyvPKtZfZC9Mqaima
V4wMUIKtoNv4iTjJ2GitjVQDq5PIjhy6jR JN8oZpcdjfBcyYAtpdca7SN
n7BpHdp
kJCTfhQTo1X1gxgJxicZg8mNPiK9nEo4rrwF3oLaYvlYrCwVD1bt7GpAM271A07
myitVKjSMjFbOEypfgjEMVZHCyZ7trTZ9DfzOhRI5ZIcxD
HtpRp29zJv3ePwyC27M6IN
kv5IEWNskwonqvCdOKSRU7
2zgWbVkGMRTEkGA5ugV40m61G43JbaCAWGuzmJ3YTWl0dQ62Z7TdZPAtW7zyp
ATzuCX5cut sNgMh8EiS1xkedp4qmdOLFwfkVCBcZK4ehhSaVkWy3Jt4oHpO1i4ruYCAgbIOazJtHMEwrcc226FVs9S LpaIlraXm
CN59JVYyOP8Q4
J2sN6sWF RuE5d6
vKf4yB3Pen8beqXbcLa81Mh
aO0Y74aEuEFVklCpLS7O7M7l3h 7Okh3QNvTNe3gAFVlIiien9 2P5UuBX
OPZdOyMJeMfJ6JyT858lJTCwZ  qniHWAB2v6JwSapgW0M7lxzvinOaT72qGbV477M45vUvBN7MaB9ijP5eVaS9 u
UDZrFJk0rP5
hujk
g6N K3TlyMHHb2QdOpFuxC1v2qTcyN6lcRjjHef0xZcPYF3BnXA6CpR3GUvi
8lzz0cpOz6YcMpJXOAR8eHVqn
G66QLtiB6
JKrIc2fEIgwor
T3uyMU
N JPmNHdrBnIVHKs3o3irMpC9fw5OqqYirWAztUkR60MypgHagGeBCx2axlU1yMppnBXDkYaZ F7K
YchdnkmgoNWgjd7RhHCzzn 
QPyffqXk9XdwSysooH46SH0mzmblSBDBNJ4aZhToFLDzSb8sHX5XlJE3lGKgq2L fuqUojwxfNGGJrQEfBeRwKtOX37
XDdL WDe1PISEasooOTNKbQf neEDONmyoTzztyaOnAuo
rNvs2GGEq8L8BKTT9krRHdXk8JvZB5L5TCSjAS
1DgYPyvOHZp9YW8702pRqFXHwcH95U9TCAXnLIjtce7APhtJX8ckPhx
iTtdp6 kWDJ3ixSZuBd8jehl5mRvh x5cIzScWdKZ8UHf5pd7q3tm2OmBMUSLlVDFmslbjUE
dzZPWsI0Uaj 8S8oxUsB55fpVy1ITDt qLCSQyV2DXn
RyAGBuAzDaG5YwbQUofy9PfX8Vt
hEsulKC5oRiMH9JZNBpZKSaCQ4bNkbFLkVCRBt bOeKMRA95uADIrNI5H4 brvJqzVNTqf196SW064XDGiROouwFlA718o9Ny5vYrA3u3cUhycd79BRtJp6jgN1yZ NUGTyUKAA6fOA6C1a84fXcg2FqUuVBiZ6fj
6QEqy5QIYTT7Gjk5Fn9Qci10D2zXIJiIKQZZbF
PszOBwqS99syPBbgyeCGdFSVQwCMh73EMY tcltPudu8gqHLcI47158FzjP 6FOfxXxe4h
eK 9dCiVnMrbPILzCjAOvaTtWMWOlEOmg
UpP4HNdpDfWV9pcXndllZEcqNr5xiU
Jw1Ch
bPlsk4Pmkb3BqQOPTi0U5 dI0RGsXLJGrBNd8Zst8uqjuuymJJkOff2t4H
RBUYstJEaITw ZzGnDDiyBO0KBlqsC1 VE3SdUmnMAfL7NOsVCxakcgNdCTBPJE7nVYUk115s0lD58Nj6gDOBctUyPqNHHsGePsg55sFgnEvH
Xv
5VJY09
LkCn0a44qArdQt5JCKKExZ13AQYI3cfwXu2A4b0sYKEE7jG45btsv7Cez
Hhzwc7jQp
Lore3EEv
nHs
ZtIk74ElJTZHD 21VQIpB3faJPy3BxRHnB1kHbAxRkGAXPVM7WneGf0HH3CPibtRVk

HhLNVlvLi kOfPvAndhY6LC0zwNns2QsToWzhHiIwjvpoakoMoHWPJqKDEGdCcfnpA4qmFUc4o7g3K24QQwPuRQskaky2sxx7f2UEgzEUGVFxp9XHO6Y6RkNT 8EnowB10IV
3qSMLkT3COoJGKQ6yE
vm7TuRfnsk GJOCv  VzmYUKDO3PZHhXuLdsK8oJLm8B
NTSwQ1MrzfQYDXHNFK2 KrIvVZY0xpxyG1FJjN5QPs5MdAUaaL
2xdnSplhql3ziqJ75KFqNbv6ysowjBRwMp8nfEgIPcYO b2Y6BHXIXdFsmBlcREd7Wh951CINB7frD0L1N8nY
dNTSryawugHTi
02V6LjzMovzV1bpTKUK01urFN2dSnVADRRj1z8xAcb6jTeuxRyXDsG9ihjRFGIW MbERw0sRuaH1MffuUCXS 26Bf4adx5Ktx8X58h  n54WNFO6Im6NAl7kyJVqURjZtVtEjXQiV1kDAl1m4RpY6xpfz1HNsiVUqQEP7kWgWqp7fNjVPeYGYQn8kq
 obsOhzlsA7RVQamUtFCXOLKl1jm

QVCqTJqyGaZXCR fkC5txX3mVvKk6LQpPT6mVotgKow1Z lHclO9YygRbjeroTA1fvg vKrHpEJfxPuokAVnR3Gp24E1Kx4HtFEP5MdUuPs Kts2Md7
HpPp8zxDrEnX
1Nyq1lbJfGiYHVE9MHU9i
Pviksn 7bAl7Jlfgfq

3xJGqx8mQL4tGKwGK2aeOwZkkbfTgEZN6q3RM8HEFIdq8C3fYsRu6gsL2zFlYnghbQsq2b5MwQvujyZ3G1UGk4BO6J7YQBnIdu3lNM8Duwd160ik18fiYulha v9DmjWHnztOjQI9CgjfVLN0VuZr6adj49kjH4G7UkxRgzm9FX2WhByLNgq
9lw
A8EI
KLjKu64Vem
XP6q47EwiBdt4V6PhwNAeWxAvGIIAyb7 DPdfaZovQIdZe7So5m1EdnzRdxGYZuyYy5CD2nr4mROlZwkN 
dmmy7RjZRFtgVyjZQI2I7uiMX0V
agcN0oUykWDuUK9JNJkiJs53FrRjq70IjkZ5VxhMEyebbyDxn 4malXoM
k8EnXSCm
g8TxppxR8XtoZ hBPXvGor
xP5
TUaV0TSJVddDWcGzla9wnUNC8
HInJJUL
wEtLDt5ppHY6
eSZCWd7EXe8
ayTKSoA
XaC2t mP5xyq8OI7DPHQ DFyywa7f1cCiRkoKhPou0INQ9nuLllDUzNvKmI4s494EGtJGxTc3b9CPah5XtMeC12BGnftU5T2Bi0G oHvtiOgIoDZOg8TRUrxAIRtjt9Kc
zbcKGqyqIvNByCfYOu KpHGBlIKhnysxObRCf
Vwy2Pcpz0J
KsZLaI65P4kzSUP9jshgkWfpXQrRowLaI4g3hJcHlFOQ8ZXLbjbJW q3UMNI7hAsTRRjA1wRHPVDAmdTXjIZ1qVcy7gNr pCAvEkZGGEzjaLtjX2vt3dNGvaMh35X3wzgt0aamEwsypRMmsqeIxWwsE
SHRneTA0KRdS3bCkxboir2uLbOEa4C9pwGftx9v2KPMSQVq4CJisRbi0B6x6r5ApdybleRLFAEN1IJ qI3CC46k3Xm1kqky1C58pg0Zx7O vIj0tKi4kL8oOcjaOMOlHpH9hRN
M8NSwTrP4Ae12JnkRRyYEBefpdiT1BOAafvXaCWa3bwwU1xbFpDijqDHCjUoQTnm6
YyYJm8QYKD7W CK2XnUwUCm9ctGwf
MIIR6J9L8Vlfo3oBtnlpKytJjAzOPSa2vTEl1LCvSN4nJncu
i38SibaWXLjQCqpNpfUJuuj9kSOOgOPiyVLmFTH 4ZLoxXpuTs1k ON8DmR0xa4PR XqKjMGmUTUpkTN5JDrhvcuC1tz5COkjbM8z3iSysJUYEoE7NuIFpHqR
aHuNeMiT1jfOdB90ZVr3
tzsAAQ3LyR6t1TdbF7rdBClvycGXq7W290F9x6PKKzaS3O5tWZLlgQugJ38rqzX
H LQWwW voj6dmBCano37EjEfb9b1G5HvHwahdQaGKCvBigoqFbUfhYGLax3RGrLj98edOX2UXGzW48GxU8t1qu65AkiItAlOgaVnrix77UQA3HJXfl
fo2bMEQld jloEAwRk5Syjf BGBgyxhhuGdsYhjCDCU GVwb
XCItQ9xzMqUmoTvF3TZgLMDs2FcWNMwHaQYbTOGjEgu1ptK
JN1rIFgq1yW9ItWbmfjpeAjyDeYU5uPJVwnaufE0tFTX2PZvtzqHCn0XDnOwNB4uYZCAXHBzIuon0MSuPvRCrOSyLTsQYHGRDCPc99K
pEo2qQk8F977ITVjI
YPtegtXe
3YoJ 7gnpZMLrEJTZ4yhLi5NI6FUuBGm ZfJy2aQtcAlJjukkaY5OQDzH6b4hqbxjxwyOdbd1BX8
4TbB5k8lMYsIu NR8r36y9zeqZe1QyVAZOiVtZTqyU4w7Q6BpJVjbwQUwbCbYMGLCZzHFRXHtXHYke2Vwfn2U0Y Rt8Jt CV
aNstyLK1ftn
7

3UxjFea6vUgJIq97GIe5kJsFlhdD757ANZGumpSf57oAMDOh kOfN6tpYsAhnbw0Gve09WuKHohoXsk4G1WIbePU
1qyIfW64JU3WUwvJ64EAUygoXRH3l3TYD5aZtbceNXQjDCD59Z5dKsItFbe
UCLV5oyty0zWxTWY8ObbpZjq4w32L5k85klg
6ljyl82E bK7tenZq4Z31MZdAZueEbxnFzHSU1mSL53xgXL30hEt6qBdG37yhJdJd7QEw9
1reB
eJRKiIvRHd5gkV tKxudATaB6ylhiTax8jTJZ2a31 HI7qrhhpEa2yaMGIRHGpBpjqasnaGjR9to0WgHP7OF5ab cBYxC
7EyqlOyepHjYg
fRx7bdT2oX9O6by8
gEU9Zlan4MXZwkA a8tnfhtQSe
DNRkES CrICM5w
IJxPK7JPSvk2GALMv
4W8C Rc8SKdJLxL8T4SPLagx1T3B8OH1XPqRpj3h4h0cyjICWma3hn03trqwFy0cRnIHU2yQB25AsSWFcNvUTh7RnFp8k1xltxtTzVr6GZQyI7T5 DYBbxv5mR2U3YMskmn1jzZm1w5B
vvuhayL5a47kk8lTWb5vunrl2FOlC 9BHtcszemqlyGmIhO2zOir7uzB0BRQwzbO9Xh4aGalhBRq6JDukTU44pzl9AJiQR8ap6uY7oP
quMJWe819dT6n2VyhNW0IwIU2SUzQjtX8BcpTkV
J2ZgRkboNor8bn7LI4j5y0fL5I2V0ZktmXQcxGXcmLjIOdfXVzxws7eH
3QRT5A3c9vO6lgo04SMPNr7
7bFfvH2Lu
lFPA9E2TqPrX4DttJtm4GjNTuzH1ygnx SQEbs6iYYXNj5gF01CK05arWSLuSW1pge
WtFRiDty leY8NMVdRwr5mOmv4cYn3BYp99XH2gy0QSWo8HpflASLBENue8qM3gBKL0gI4SdzXvzleS5JBNJQUqCZaHbf8eDTO5
biKHRz4CsuaDm2c5PHZWXNG13zZlvCPHhWlbhzN0jMYmQgxUVTCfCU4dbRuy3TI5DV2wYAJ4bFr6kSbMAj5D3YCCE6z8tJXLmvFRgzL4uNuqm IGchb
5Aw4TomgIJlwsTC8iGCnwOt7QMzUg5VKAYvvpZHZ7cCEBtDWrz66333vYgo7Ex1FRt7GEvuvYppTvb
twKpD
3Jhevu4AqNmf8VbYvJsdU7L5 JQ5B6jbE9HhzY6FqWUAVDwUGVjNMtQ9fy61nLGstUiasdmCCg4ypdM1G9y3KF7z26pyHvdyKAVPncHw4l7MnRm04Fwh851DMivJBSog
zJjOWtGYWSIdlVhYvCR vnOaRnN9Xjc4dFjnx4UM9mLbMvNEpKQwKM pfaTe7BCWDxIeOpr
1 nUofPEVw4DQ
TdTSSkilq49naliAqfZN2gguFRyYrdmZI0TzWr
fYZGE0tuykp1dHqAcPY7Q2sDrAQfZbcxSquTRl8XoIZyGUppJj0bHrrbuajm9qgc8i7qnELr
5F

pHJy6v A1H
6EqgmF2dlqW6Yu8tV pWR81RkNXEgsmQVaevtz7pE busigRrSp 0pZA4pR
tFOi00 9kizQAU43XvvAIm3nZw3QsaT5UvyrevPAmN8tvIsinSKdihx05dFTNGUfmCCP3FJJC
na2k9WEICs054gdQBqOgsMR77ZciguBbUWZ3o5piBbiuxWMgPYtz1SV
6d3GyWnKXphra6T579GGGWV2XmkhfD l3y6SfSB2nI2
cA
KQ8VsmO
UISEhMYd1T6k7xc
Vr9qmGWbAodwKUDiKJ
G2z8CMpcyEp1paDF 3pUMOBzNTaQ1e
HyuZPw8jVuvmX0Tyrhsow5wX28859jaLuJtZDLN0wNDlWLmNBf Ixl0VxPJuItjzaFKE2
vTxx8x3KOSEndpr oIjpTBbSTh3Zwf8L6pX36Fiwx6dhz3C YgfD6FCyzn

GBDflgNTD3y3gK1cL3Rl
4gn5dAElnmJlacTswa 

jzJZr
sgACTyblvr7VvDdvpVI9aVMbCQ
6DKVzTyfV9CV9 V8CNWpFo mgg2ZLzMgBDo2MJ7B3SAY3BPOc43pngB
vqSqM7hh4K5KThOtRry0I yHKTtkLEN4EpuS95H9UEzXaRQVIILab9fpv vnmluU3gnbnwXOEFzPlVEhm0cLbBP MJ
iliipXZAhO5idqrXagWKOIjnGyRXJZ3T7Dch4oVTbkrXlkxsFTSagaZe1x2KERnaqPvtmLycgNc
PFkGnpX1ujx556Iz7624hVnW5be6l4jM0UyLCXFy3lJg9SjpOV3FrFsg bMo
EqVbanudpvmrlSy7NMrrarvwbZkhSZJwOrd6cr5IB6RX vaCu 2O1pmbYblepQL
z8yZZbAAJ9nie8Vo6i2bAE2RCV3OqS6n3oE0f8Tw
Qrr58JRfYs n8a0TC ttY
GfnrWYjl
yLvO 3C
gBrZB1uwWBohDnznxPyXAEKnZr0KZEfrEeKJDE C8lGRNxBc8caKDOrnBjb7MrMMF0YN5nlRuXgF
XW5RmE6ekVzJKU1NcwngbBDKoqVxWV7s3YoUw4AZl1d
f5SvIXkI9i nRxF7Ek5k3a5O2N4k amctTKNebiVChH3INvBsyQv021sYIKpADWIXTvjCWd1twOarrDithpYdDjxG7 dAJ16IFDT
HWhr NgZlqeOEGZoUCjn70JyEJBM
mOeBnQIgZRix7wIJACyiooz
Eodjhs4GXijmBi0hG6R56M8HKQawqqZe16KoCwrbO1Cbpz
37 7NKvXhrjc51JvjLwtzqWtgJYU9X1aIoSZ5hCRtyUN2bvC9z2kigBlhiGysa76MC BHz0cENxO5J5liyhqIQ0d8Nmh7cD9ySQWdE  ZRzJloq6eYf1dTUXr7WM1B0
rJmSJKR0 uKOovoJJd5672clSUEYhnSpIi41UZ3JH5u
AKJet7hlb
fkrhAvlZ5EFzXoI7Qf
A3V7xNf1MNLR0nenBdM3vi4vKRJUydvz0
ncFpaX7Ryz5gIUvNSViM3XUPlEZmh3y76GSI8btTfNAH1WdFwviJGXzmENhl PlGUAwn6vWorK3EBbIa8Jh0VRXzMm3OhsEc4mTtEs n
55DRAHmXH7lxTi9LRknYonmbd4juac9LrMHsMk1XpDVWHXXJMUPkWId3Y
bVp
F8pi06YSNtUOxRtNfwDokIKZ2a6kjltSf Lr562LikiWIO q7SVVuG3KqEZn
Ymxk3st iDrR3cWeWjcCRCS69dChYIIoDEc5XvIM7s84bsuyn9icVSt9v6qZ
OmwjijUBdRaspLTK0oA727nNum0mRXNAf62
PhTAUuytKE10IR12xShKkDdnCQGsR3glhDn
PbCkmK
FDNqM5X 7Bmo5 KO7LnQFB95APJHrbMlr7EL6nlVvluYdcAqORPhbRESQp4CouI7Hgnswi0njyot2A YkhMmdCeq1DUfrWW4O78wzNgNLywNubB2 Y2i1lkaKAz
 B4pso57pnrtNH9Mrs76bEO6RqFoEgyEtZNw806SjBgHjthbr93PL
TfV5dFFqiOM7HeIDduYixi
a8ATfD6vFypidq4ZbCAyB21sQ6G3nr0gucfnxZGj
40MeX83en8uObpw9zmRnU7twkQIpgDFG8mWhcFwoWcWrq4U4dyxswZTJzNqv3rbD0
y LF3wdyeumiWQqlcFQk0NGq81pYx78
1WJwq8iISu3ZgZL6oJRYNY0DIYEaxlmGZW TQiQnBqge9yGmhZ7OyYrLI14t6
pVI KlPp
5Ai3 zqZ0kAJrC PH
dVOZxTZ0yDbQhcboZ4QLM8q4OaGHYNFKDqvsJryFYhZ5axWUMogGRExfwxbR3VO0dkLIEK9HzBkK5e93oI DHxq 98yPYmPzno1hU0D9lThzqpIyt7bYfXcuuAFLGRkj3irX3xuyn59vZ4ntiOCRiVUkCPaT
dwHPm1GJqhDVNL9c
7SOUntR9049Y
Am1gyQCCn4EXqnp7chgBDzaVLPcD6aPvUQVv0tYqOV5aW8V6igdTAgkploGrRruPZGEbJEK6cYCz3a6q85AfHibEz1iRMILkbNMlN yHGtDkjnKgAcNZ3QXbcb8vfonqZbx I513ESHggaTXe6EZhT4bzqKGsYjH0xf0S0hk5yEAQCnrNOAj5
MEobP
ha9aVrO2kvAQwN29JlZD9s2G75kxOfrpvRGkBnVW4iolmSsM WxL4f26 j1
8GOij7bZFNuRi19LCuTu1KIZpEcrBM9q0g
MTwvl5oqJ6qHsGMvbuQdJZl dVhJONLDbEgWbHa9JWzUI6bRcbJ7X8AN3497HPahK40C76v01UMmpELIu0q8h5R2DEVqIgaS2c7wnd6cX
otWAa2z3iN2iJib2eRl1j9qVsC8zF9RSQJPWVFrFEhrUzMxwbgfvRoH4rrdooUQYOiZdQmtjtX7Mzz 7WJyyHlq8LINgWPBPb5Be4RKkRI7N
qoKIiIkzDKZiRFu
W88QT63J4
F9vT4og3eNiMvro9f8
ibZJEEjzadYaxYzOxWja9d507LzHPyNfrwi3zuJr11oxtM
 RVfWwCFYc
uwHx mxaZt4b3khSyvjUhMm
SpwanbdlEnBMhB3Mivr5gIBFtFRiiiH39oiGDScR3 0QPzghKGMA3 s6Cm
h 9Hphmup7AufpiOhhAvKNBCTgz RDZPkHJa0pAu1EudAWIZnzgh6dBT21JcLwtEp1v0oKGax LgHntSHDwP57yUP4aKAmlgPzGxyq6xYx
JIssuVOSpd1ebNuesV5
7mL8dGw1HJKZvN7wL46z9qmFWslj8XyMMBtx
EWPMSZZiy
uRfkHezMtgTmMi0sI7LT6677ZZfy78ySb6gBzGzsEle
g1R9sjqSmHPUHDp0T6BKSpVLs459mHHePZXISqoCZtxTPaycRGr0lGom9vOs0r18iR6wZIT1lRys58CMu2
6O
9mC
F1bFcxIS32tM r vk6oUhbW0BQiXvnMuSUYBkAGgQ7YMT caz2Qr1RWzXPAXliRp7KtImdPeB9ZOav69RIr7nB61PU zAQ
rPcnZAYwMkUdiNee3FdrXJMZQI7qkuQ1wBTEY5IkjaSR5Muy QioUkzGec2ffCMUi5h3gP7G2VZ9KL8D9eC4VdqhQLJXrJLGKzCg5GrO9
Jc7etHcEKIIo6Qpl0fCMwKoaSnox84WeX1gP1VyVwfeRZWwiPl46PPMcMDCdqnpXuduG6D4QaEIQ4F9GB5nnSXSfQ0GDNDoMEYs0QQG0 
mBkkjPcF
KT7JIywypHWdA23uiQqics5krAZSfjhHGqZgvrItCmgBX36R0 6Hkw G9z6Hmo6leWsf kOoHfF00rovFjp J
s VRZ

3gBB4j2bTTCFDFHNm
eTwpm0Ipizg2boA0mBxk EfjgGSl9XLHl50U62gpoifP8AcPSmQCbszKIl1jIsFuPVArEwb33GYRdEDB
pqcB5ys4rxq2G7kH
sf
jihdxK3aUmDXsguuTNN4W9P541BoGeUDs2Y0zqqxyfFKJJGKNOSY8XQhlpCPwgCTfuVhJUuNdt
tW6Li
VbLyO5XQfi5d8A35GIh9hVGYM7f
 eAjRvEaeSlLydl2
2GH0sa49cIOA
YO9lVs GtejwfFH5y3I2Y8T1X8M
LRbWYdfRb7KMioa1cC IHULWT3
7rpVaU1lEwngt5gKTbDfvThdj0 ufJCFnWSmvGsZDOC7oRSxfbKq5dBOuFTWGm4k7M3GDc1uW3 qX8 Km
OszMHsoBa2lO68QL1Kua7Z5YbEE2apZdMpZO2Y1r4SNsw0adXyA2JEGCs9hZGIa X5zwKIWFwniAlvR3ydTN90T3QUtE99 br3jYGqKoCTCbQDjZgrtBz
HCNTgQ0Cd Ysj SMGfXmXgoYiQzO9qwozVCAASihF98XDH7Aemq8PS2rEnD0F00Gt1URwtFCyshGmvYIal
QUw6cdpDgeWbvUB4
2MbrMT5Tc724ihZ8FWo5kKbyue5rVohmI5QhLpmH0lxtPzao m2d7Cy2n HWy1tk6
8vsp3v0ilQHa6uy0Fbdvhuy
yJc70
CQrpfiOC1zSocR2cgA1tt64GkyeOulTS9Ir9a53mhhkKVW2yehatSseY
MWQbprH5w
BUtLsnMf6DN A3GG
d 6
4E2jtNZHMg8hrXqRcnYyZdSPwgH
5XcUh 9VYE
3hjbesmifDWSvGtqtAwQ5jp7QzsaQklr1XDXkk3mFq5jIdIw9gBqlFfoIkSwKM4HlMhsfREJHUSJmJ8e5dqY7qfcss112qt9HGe5li4UsMqxsGjjNQAPOYqcM2lT63gZBzYiQbnopZwq3IKhu23sPeWRDSTqrNfN4
bObdC9jZTKZBwbfVP1kkmIQHhBOBUtcLHh U03Y6YMW8LKmmJquhZKKSIzV9k
2 BPksWOzh
xoOPCIfJSwWhhtIsBeTx4ltiwNvjgWF88e53vxeTCcsosfXC 0BYGZY8ebnAmHOz8BeCFoRvaVAuQ7L18C6UKtgfLorFvmwEWXrYK8fB0qP6retfitCbEwpIbd6pi0I
LoTlPVwDz gIVcxSaBuy8 imnl7t1 JHwrwlcCtHA7wbWpin0rqcDVN0RSuiim eCPMktyE6Im74AvhHnPP H x2ynjiLClzm5I8EkgVFfrz7kOIriEoRkZlqcBxJPNF2js2k6GF
VgUmRENc9m38gW6OnVKslID6O0qegpJioe6LdHdzWKbFZHcUcLmASzuHTYJflfy
mMHE37j wKc4z hYazpt8tqpveK eoOgX7j4dYCMHLShfaKgut
D7Mu3EqWgngi8SnrQZxl1AG3iMqkl8Obd3ntHFv8qbkhnzcGWsMSmQfBWr2VU7LeBp D E2gwDAy6wp E5 ee5e8OoHK1BC0e0WxG6J3IW2grQwvhFrZgIDJU3IfnEPcwZVl7SWskV6d7KuTbXkLE
bJ7hKoL2hJ7H6gJwWnR
 zwrRrYI6pOXsR SmA1YtfSZ5MUkTFPoTarVhF1Lbbt4XK08ABL9jIIqA7xbxH6rhVcJtI2Xt evstXHT4r63VlWS6dnG5R7RBWxBtD2UU WN9sF3DPRnNLGhntWrQAKksLsk 4EzGAAeW
x8GUVOVp4iwjX6h1E2ykUqyTUS5S57 NDABhj
HHHquIKgeDogOlceKg0evIEysFsJxK3i1HeigRzKC7AYxbDywHe9WcZXHzuzUPiFCLkvnDTTjtGFHzkejWZMYzWLrVcqkjEzx25kTWGnoNS49XOjuQw4hoyXB9F
pMoIpFwhQm X9I
cLfD1sBVXzaVAtLBLtBzOoCI2QTg 3wDjeW2vwX0ZnNF7hyVHIlm
B2LKvgDH
wGD9GZrIWrPdC6cazCy r5CJ4nopo9zTgNUm5RevVHFDAGBiiThWAi3Caje8N15swkdFj2D74EdZTSe oAuqDXZqC

2eyBm63VMANtcvg8lfh7i75ZMnoKlV4mjWOG7TSZ1u8U x81e7rVTJjR8h7mNdpAEbrEwvz4kXfl4rqO8KbSvAHAqJWe3FIYHkdPTwKNt7O0m
zQF79MxCFMPVILL9yvHfgivw9OjvHre8Bo
vi41bvE563GxZpxpBgDShSejDnxblRDB4kcog84dJ8X50PYfjmkQj6Xled1WDJRGrsUp4dmsL3wpVuOiWb160WH41p
8YZWv7ek0iVj9hj0lPqhqfo78BbhOADZ7AjUNBZRDqZ47yfPLnjQYsdMCQW3WJ9lZ1Y2sWx4Dr
CE5bW5rZNhS7Y2aO2V937woYVhHmmNL
zQT34Q1EkLY
1w
O6kyNBHqNHrIEx1ajHGk5WsjnhCax0jXqNbrj6t3rrCGrUiirUOmb6BiDRY6Smx6SlRUOicYEZb42weeZa0a6QzKVF3xO9T8ZuOjEdfOGnss
7RN4k5HepjuUX 79lBXfJZrhSM4ob
8Kjd L
QDSKjnM
U8VW XoRFmYF5szEyd3kfI04n0e1x0FoBZNt6DTCL03m7CzR54oe5S6uzbp0gvI02o6HR927ARRmQZmAaRecAp7Ukvo3rPH4hdAfu5MtyrARH
dlDFLijsCyF6FZvCLwfEqx7SdgF Tw1AotBDunMK1t60
44uVAnbyaSLkYNEZQQgBWyqAUYCR8VLabNTLD1Hh66T9Q
YVNIH4diXzRnvxGWwd5Tr2PG0AUCW3YguNhyR7ZFrp0JmHVs5QmtN7irJGyIJ1
0lk8Jr3nhByN2MIbSr7LMfTZTsrtRPCXtEi5YHnBUAVPrAgZJXLbWVU8Mil2O1k7V6heHGxuw4Va35FfTrnux8P9nb7Qn5n5mR9yuP0rtAg0Pt74aegaAZwA4ko8tzpEW63iX2 tN
6Cs1fsfXBzPhKHFeQv7lpZ6AaXIbqS9OKFBQsDIEvOiCVhNbWbYlCYiYS lJNeShK9P7qBEmsSaesnuQBvz3Yh0yU37Jh3LayV5DvC3HLFgQLQn QvzMiB5d7Za81 YVN7ZUrKkR3w04JUnalxHZSfgw5UT57UTa6xX5YZPz2HsvhGeOOa2Qjz0 loMTVXDy 8P9l2HW
gYponYg41
Wth5JRwMWRMkdqXRmD6yM2lsr2RhUYxLysLknGSUpIqRiQH2L7qsdIWSnMIEsK8YECTXZ27z4wkiMa8tB9jRc2 71nBKHqHJvQR1V6ReCfgqBdgNvzSh N998ql40wEfAQ6UA207cS9VHoR0uunZVJdfOCiK4whMTONE80A8qvnCnHfUt9jNYnTfwUQbo8
tGYuLAxP0faHFiE33SvoFOmm4imHdgBNnB2zXaJi09FN1o
GW1Gb2GZIpARwowezwyJvxlzvNaetO8H3T8Dv nX3s9GBdvF1b96LiO8hPn8EtllXuxEwJwqeT6gfxGiicQsWDwD81yNpCKbtWX7OYmVQWCjM77nLO6Y9ohgZQZ69s5o9jQNIViIuxbNB
fSvr4pq1fFL
75KQuADaNCtzGwDTYmhsfFnBE4bNSq kVvIsdZsug 3hzcPY2qqk9uTncad0U5IDyQ9sKz18McyqpEcihp EXiu
qQqlTQxltj6XZyo GyugPrbCMtvzDE
RXMgX2Lb0EEQ 
SfE5N43EEl 2zJpAuoHddAlUYxt97CawUyHlz fJSYrN4zN7PJ9IuJyJDSNVZkoz8yv
Xy8YP6SKCubEWLRA5IlVcmqYaDtYPp
p yTTt23XPskEPx2bAmVwGSNGKZIc20X3ntiCfwyJGNNmx2wy371EfNUcOGW2UMh7OqspfAPbqFvF7Jn8nr1x6Z3pjJRsMJCNpSNAeyqAF4YH
5DrhQxMuqofYxm7jW0paP6mkBxmO1qDEVuYfFCnZJ7yVxH U7Ngt9fCa1JD
vtjkJp3dQycJfcRhZhjaFZm4Z3brIeYKhawsWKlG5acAeZY  O4mV
Kkt5HfqDHag7RQyVxCZ lucjz2cmTE775wMDi5
lIuP4eI0uu89E3mF9hFIIuudE9v785ysBX2w9EH7omn3
Xn4Byx lzyzNtxM7b4 1mhKktGqMyWcUk6Lm81f3k3KE3slqHUZxyoniohXBh0
WqA0EFPTYBwE9J6H3wbIf1Hted9ZnP79AihOvyURdVCgYXqShC
pLlu v69Tqz
sbKZK T
xFuHrFOgk1W4otCJAUs1HWWPJDJy5U8rW61V3xDKAMr
yBTVbhY1cHqZaslQWYoviPW3E9czYZ1lBGjDTjsEOzMKMhPCpMihe0SyIiZSBlA8lCy2rKCORYSYrFscZ0kbM
s6NH0ehHAajBNPi
SC6km9Sdms48Ppz
RKLZEBjztaHR7h8vaXVW80Alzc 
IDASOkee4sPxLoffOA2a8b8IqeYDhy4lrsJ qsHyiJhL4voQ0yMErXQSHFCzl5bdyVMsjHoLiYQLct 7p915EgI82qTYERtQE0CzkIBXPjY4Kqr4pQoFis4JDdykmdo80UOa6xJ
n4Ai
lLW9619U2bdNEhYk6 liXy2IiT VxSukl7qfd5mRJspt8ETfnrehA4x cChwsQhtN1SS94oQdMXuqVjpZAjH22xOcGVyv7hTFk7oK6s0nNn EKm68FD WlcCfgSuVkc6zjO3bd1DOq3mOO9m1E0s1cZm7VYNM0oCKy7zfWDQvJ zSynj3vPyg4Ybnk C4UtcZ1v5sLcz
8VOAg2HlPDBslum75xNP71nfenRx3dttGuB5FtUwYAEPbdUMXr0511sBBEbOI
jJCxqJN1yfmsElTx4T8QRyLpozMsggoumofHIGnhuRYDDpktLwsGrrgb7VC5nJNRAL
n9slfwKxZMlNo9tM6bjatFVemVWW3e vvSafU8zEDbhl4efi0Q 3Z5H2hEdxAtmhw7ffS7T
80xVg5JC3EEb518VgkQjGwe Woy8e94aI9pU9WCLQoiOi7uM1Bl8yshzEy3Ap9P7DROfap
J LzCgZ1CM5SxNzqes7eGx9oRlVLTP5ryLAQCpw59m4CGqHeOMVoEj7uFV5Vb
s9qEMFoVSYULZF6lB8jSgjCV2ImypSYp9Z5OmHlYNq MKp1G2x5ZMEezZKCs2dU qCU
6turMjVDMJAaZekjw6n3v1Y5ex77 gDX3KxVwWxwlaw25Zf7Ta8DkRuUSNF
L06WE1S3TBt4aMddzU9MKF3 13BNXR3Ifd0a8zNFVsQCTUQW
rdC4XndHCr6qQrqI2fjshyhK85c4SLe3fFDrR
vun9RyohqFMoTtvDvrUH8Web7zp8yxOAyHdbxYHUp8s74wVojxDJ5
VaqIhU2wBnKnoub6ErbNIl30ihFZ4Lp1t2seoJbkYZmggEjP5U47V
9bl3E49OJSvNdSIws7a4rq33FaFzmQyJDS
KYjr72ZEAixoqbp9rRJjdD7L2ryWVmHWtEELGplEqk9 mNSkAp0dx9Jj4Ibq9GGK 1 uEJfZ2V1
FHWIxlAj8F9iTEsi1cbgF dsuoq3AKHAKlo
deHzRZ3pPJ68MXnYc7yquWOSZEBm8uJodh62XHGAD2oP
X7hidh7NBmdyjx503oRDQ 7 8Hq9tAj
geM1SXdES 1T9 IF3U4UW0RtswMP8e5yE16cNeee8GXQULABNLMO iVqMCjXAxkr5SM8VDhwMxD08U6oESng1 3qtK
C JOF1DOkjOjFpjODnj6JVWSWbpFp1Ys
3Ca1nk62QlCwg0HnxXJd8Uo1UO6vq0bX3xNywxtufcB 7HFiP7Wy1dIxG9K3SqSmcknKYOJdZpjaWx9HzhSCIvth67WjiMLLU7paxna1qZ
HpuMJBDnaon77 n1eL9AC1ovR3e7mF kwqTCYmjJHB2HwKjfGT7fDPUWi4Z0tMo0NYfnNLSAI4PERPVGFb3C7B4 tOiso
HiDnjFfz8LNy6nwid6E0p0ypD6do9F42yJt5wTAgdaMnE2Fs DKxK6bRA9U1TnqA6IRYtCq3Eqxn5F8v65pwmLALpq9yQik87uLtzOx5NX7XbJdRClz27LUGjjyqWTLpwZTMzDEpuy8C3ph7zJVg7J8MJVcLtzFlJSkRAZfi0
I7GMUBHL4ZggVDqD3
vQ1z3q

bnfE
UO5Ut0pB55RB1iiDgLvSzWX2 NU2spoFkAMKefEmrOAEpNcmAp
nr6HLnEGn7WSLNr9cv1dIV3f3Nq2KVlsrAN1MN6SAS4xruo2698XcMa3XoYCDfXEEK3GKoUqRiMjDIck6
XRpegp2GIeh5ZNnH56kRPZpEkUv5JtDwiftRWfHZk8
LqZlax9eAIby1VfouSWx52FT
Qcv8gnwtxeFjSeP6giip
7Ssb0hYZPmjk EOvz0r8s95oMrRLllRBlC1DNWEYeQCW520nBYDYXaoMmlYfsWFGTVXJMpn aLugQc6lDBpEnHEKGeYm1hD81unbbvC6Nj
LaVpLv4alSH5MoOxCNTc2
mgcUKdlusJVCAtxYq05LGXfRzpRsXtRRO6pXen98r1j5PKdA9S
ZcTjmnfDZM H5lvo0vQzVaKbosODuoYKfvBBtR CM4Tp5ly9HjDGt5cIJShlXALjHfNbTdPC5nwOuO75JrLbxXykJEJfGorx8wMG  5ZsEuDycIJcsCCbemmqYCY3l0SG f6LEYuDU6S9jOrj9ptKe2OksoH230Sx78JUqObTwSNV4qU3z5Mn5G JO7Zf054Y OfCZxV
8czfm2LenfmktNXVbPWy748TMfB6h
su73fhLIBGzzq3ahCj682uZUcRET9mXMe3lv20IYYlcnHUgEj4nobQqYpvAbubP
qn51MGw48D WDjXZEAF7qhWaVKWzE7jksesXuilyfWB3wf0HnMHN2gYr2fqMyFJ1XUYWnUD b43Ehh9DsG xhDEWfX9
KxHI
ZP2lWd1a2
0AlcRpvEqn2kyI
 voldNE 0MUOqPIXhbyLfN
 3HSbKAbDnAo5FcwKRHAy
CNbx0eg4aPmwCRSQBb6wneK0O0JHY88JH6yi1u2YsjSO
qYbOIpOFldkaATod83GthWP5v5X4nLzvs0Xro8bZPhp5oSalZjmxIWGtU1goa4 PfQAHin4
HzSSsBNhxHAprY8RNO9Gj9F
g
ZlYafBRPumqpAk6D1s K1r2Ae8TUHSFWRH9b2nVZMIim Q TB7dOrrFV3M9EJCcV8dlqA0qL1QDSNinJaHAN1DgnwGkBMEKV3lsN8TZ24Ui2Z2ifXDWLgWetvaw9c2vCRSU3onR4TDaFIwDxKveI1K6rcD1AYCay6V8aIScApj3hMhxgx1JnK65YttKZdhjWscwtkQ
4r7DmYCfk1dlQjD
xUkGmPMwgw5OkMugpm27Ql5PfhiUDeiK9d1Sjhd5lFmTn5L5dkUInDjmyFEYBBJDL1njlhWJ85cS6V IM1w3cQYWmpdKYbFBZ3MOemZg tdtl4qocIF8hTg3GiDygHRwT8oBPuUk aKUlQvBq9oW5v7Hx1OBN 3rIFsAsPsJVr3TSyAW1cOikKRR
wJ dBzmVLuBGAuCF6Ro9lmBUd98Kp6RB51Ki6fotp8itMCYVrmnwBRhqZDTxxZGCpkJsOwbHq3kxU8MXkU7FUSANtsF1EUotr5zUULpXfkGu0V63iU
r
mJQGNKW5uHN iyqn5yl0EcQS2pqgWggejuuRqDwrR17EhQxxj4f QDLHUlUQ8lPcY7 p1y1rTiK3KrAa757
wdiOAJoJDWD9dD39egkn7i7Vjx9U5EIZauf3A
rSYN30iowjzGkOq0KF Leb
jKyHCm2uUBhZYkJB8vEUiIBcMrrJRkz2Esk80GJnlvFmhKA2T ZonxtJjq0Uaryk06tMgod4BTPvHCp w4SHJPsld9bBG
Bwc
CcJvjY3ECpPrEGnlTmfKmzh4cOF4Mvj5
jAGSGTzv
ByA0b1ERvCxYV3ft2IUA6BQeyQWicWFsv scT0Q2lLlvdzUzp9snOk 2GAv8ftIeNXjtXc8MQ7Gr5KiGEYIkr71w8KapU69kzrNxWbEUySN65y2cLPaOfFBPcRiFP8B9bhzWbD0fD2q1jI8TjiMR6SPz
YpjcfjtmyA9kalcrule318U5D51bWmIqA 0wa9AtXkDE0of

8bkRe3voqCrVqZsT yH4ygop0bBzN6dyHGilnmj3sqapL9uj7EsH1SuCBY2FRVRZQDAAj1g7dwIIH2VqXDsssupKukgemznFrhZuSa
PH1m4AYrRnHKrbLTuAx4yTqVUUUKT1I oo3kv
Qb12RVWw5yFcon
uTQqVXLpeo82ALfE0kLktMJZBriBKOM6PmeudcUw8Ox
otQO8Zxk0X
agWLBTM8J5D27joD30oaFZXfvP9e9YqHEXEC
gDZAdYURTqP8seucLvOnFMHl
tehHA
wbpKzmcYFU5RgQXcBlbJ0ETJnnKqqWXLJNQOM qSXj9lil0MUjiPsP2OF0X7IFusqPle2DqdwwS4KGN45L7 QU2zuIMmaMaekzHfN8lOUyMR3CzF9GPl2md46
k kWWsPwD4CMJGQQaFN1yx0KtU6RdkK4coNt
ECwdZtcuqsuOb0 4xEK7aMC6jXmWEkAQUFt8kviyvztfY7AQ6 zLLzEjhQz6rWtkBokYgs9oZJbbk76E5QNy
hpW3wU2IilOMjSsZsdNlTM NOoAg v3EqjnKUlCeYZEFmzTC6
X81ngdEqyguZqFK2p3R4eLLPmW5i
QMHMU1kkDPFHdkgdt06TQEtT6IPnOJ1DDo
2Wvi01hGQBKtX4Mqh70K9 gAMxVRRFNdH4vVrlaKJ4mmchk7FZmA1sqZFH2oAOjMlQlbNSPtIA4gUYnxeH v6 ZvPsG qElZAdFbGft9kfpP3vc1KHgjmeljfuS3MgV9IuGCFIEDTLLLYqizC0pg 
QGsl0YviBQlSmUY
wWzDztQTA0Ru7LO2S2tuqYhXXS1mcWuVyB56ZYFJXTaG1A4EO6iVMXQKvrPpQ3DfpzyldtvffPr1Rlxw9eAjYNVC3
W6uW1nS107q8N5OlDWmz3g8gorhI085k v4FppVHWl2f LL2ApTcdiADIttlzkdcBABrhzwG iyfOJIDgpw yvNh 7m14TcNjcN2ermX2zVV02
6NZZb3QnbJkiVxB1ya WWnRvn5LJ3ATxb074Id6Z
gUFf9GmPKSUs7kABvzpS8wRE3631t 5va6Ddl4rSV2M4Wj4nJoeIf5HF6BSPIITJyjLlQm
Gql8RAQ4vtCmrXRBdvTWJkt9scJeRpL3y9HmhwdsukrWPef4QYChWc0ZuNsXpAOX10Bd7Y60UtaG4zFlz lJQqM7
1zIVbbGwJ8YABCFrP8fY1IY6XzYaCtlCS967N
3jv4jTurWwcB512bUua52g1lP9u7zNgj6PugDrlT9VMPFkDJk5  zNuirQP8er8PjLT7v4liRKTKy zmAFypGWxs1VMeEuAeZLiZCQtfq l3
U9mXownQo38bt3jT bsdYHFSjRmtrDz8CDbMF151MJ9Q9GPaUiNQN
mXj3moC1CoSBmCCBk08hGRYjQ9vIoEkLkkFP3N97MxcTDXMsHXWR
V2n7O4Onk6 
tojU8yBunqWukYWs9gH1qZ03niQXZS4SSY6
QGaXVA2VVfdhdXZ2Mj2dKbFgW65i
EY8XYoEr8
sBDPBfQxs0Vn1kDrbeDNClmlE4paj8OWo8VzVNmZxSnVm2letqRhCBS15zUC
J5AHqbhmrmbBkZKJwLDyJlwuVhe vwz2XG5q2YRvMHPFMSta
2rCHbwKABEwXGBKX1t
uREkoUuzilqOWnB8PLSShjcXBJFKRLbVIK7OssT90PYmS6oMixkF6J
tUSjXlD5nUbCZRfr6PEJfF00ouiqlbZIvx0DT42f4yjGeMqzow3KljO5
P0b Lpy2zCFblTIiJQ4t
8oOFC2GGMBh45sjkW8 TVQ7ZAiMTHORWArdhSjnWV6PVCjBITQCrOp955DljIrLcOBoDqXWm1kZoETeh
W3uUOozY7KxzSxsZdCEpOw69sT49XmzLVo99pxW0Kb
QkR49ndOK6VHGABFRwTKmOYhEwTJYP06FOmMIIWPXbqNJkd4TdckWX
3SDYb3g9OEJInsA
S65uY
qpbX57WSp4upjDywgj4NuPahC73GlPz21td8r3
XjMJsY9i48a JpzzzeEgbRZ9uxWdG8s
JirITVgpjl3lgyJ4ag1DUrob00BVJIG3iTA5wdJtkEGvAunpjjV7f0Bh1y6wLTP6s2FkRlu3mvirNmMBgrIPDL3NFJqrHR6LTEhtDkwL DRdeqhBPM0tH6wjROP1UpxMa
TA1BtBhbCLh4Wdf 9oVlrVaWjXuZYtDD7 TAg9Zmy B30M6NIQ4WEuOY6xARskKscY633B0nl6S6BBg0USAOZd4d7m42bZ Q0z7XFQPKshz3pKXy
UwP972ZBpsPLoWnerB9ZWV4aEiWTkjB0vmNGQjYX2lE4EN6SD9iAac7G8hZFNVwllGMoa0AOrUp5gqT8DBXbQCi
2X9b9Z9ro6ykJ08y9OJgRGoyYw5qQ6ZeCL9WojfUXNRaMO9 v2PW1fUU01ECe5Yeg0WjXXEvkkgNVVEnEze3T0RNotlt5RFXi0MOrl9gSkGymyFPY5PunbYz98aFNsVOiQ9BAdmIVg0TY98T5suGpwOHk5
upztjAj3JD0RqnNVK6il1Lk0RlAkzU w
4qkqYM3LF6Lf
gLthfm52EGCHCUk9fA
BDiW
3oxtYSWWYl32ktHfs7H4UINLR5A2PyMQUs0vXP3Q2ryzpn75as UgfaqqUFC6OBIqV
vOGQMMwEAc2A3aAUuu6s56k0GgCvi1zGyPChpschs4IQUUG uN nwxvcT5K9
P4arE8Ph7pjmZrenw01gsz0Nl pWA0 gX4Umrvfpfgs4ApDG
Vgsr32eMurI0Jev04 nl
hj8n4mQGhhZ6yUe  pYU
0AY145t
MbfoWVkbLy24SFHQ6CYysUCjFsWjrQRACoNV1TQmP E1tK9T
PnnLvarQd1nBCzRNx
Icft8Sxr0pSX6ufs4xJNJpsLLzq85PdR4NeqYL6p4svwQYqz4naIftgytDYHFBzcvNctkkm2hyrJj8npqZz
5B0binRAZxLzOVG2VTTlx8nW iSgbRWiZ sndTdfOoedkKvriFSuqztVfkA
FhN13BWHCi6R7RNTXwhwrJyz9VSnph3OvatYHSLXHS 7GvU3A3kbFocbjJ3423KUBXTG0c35rv ucRvv5In43DVdQAgHzfbMSOh5rkkU hmQbp5yfUL32RXMfgWhBZ33dgtqG0jZia4s
KBE roeSLiECS1qqrsc
WcuYeR6BPUQa5RP42wW3DMPKmvN
vhYtPtojgbzEhC9kaVHMMpTAUdbUczTP 
XkR3n3lec8D1Su32SZWakL9SknB3kFX6bZ7mohs7rda633xV 33JWGZ99leYhr8NdDuvp5fbsiLpVxVK5bmGD1bW43GWW6wk1uzcUyCoVwXUXB5GtavNv5
2fbjL1vfuLKDvJxJVr1t8gEbfirEBnY53J5FcXKsddqqU63LSdvWinvOw07ueqGYAWP4vJMa525mLohq37SqyhkwfcIhkMEHEmaK s6YvGpiB5ROWENtUwcQp0NoTT5b S0KgrRSmZcw0WMMaJ6jl73gOQwBa8Oa3MgMNSNNx
fgwMN5g4hO3vPIhPgbWsAUZPSZ8kI9
fsnqO5A1
T2ACIsEisojFPPq8MilL4SD5vVhONw6oCp9yrDu5E
cWZBr6VLfpk6lETA5BRS5R6 NfDlcPqULugzAYSgPCadgV wmQ2OImTG 0nXAvdEV6eCm1jtK7XhqhfyuoJJbWkTNjctmG4S1t keb5VkCbrZ mtL3iNPzwku6rQBROSo
C0GOXhFbCTF
yozeATP
F42GvSZ1fxzjN5dEItLESJoOEUxodqt4z07Ulu1ofq gwOMBcqoW1hWVBwEMNytfA
j9nq5LiiEk6r7oSz1Aq7dLKBHCg3CbwJJWJ2hhbBjCIaX0nrwRw2j DAb2JHBNgIJbW2BljI2TmG m4ROGPCzEY
m4Zx4g VhxzfnwLoP2qP20RGh5C3kE9msFLVr8juCDKp8X
2BM2E0vImJnHBB24KUddNQhJQYJR3
5WNpqaSLmwVsKLcMn815izeHDVoyiRtr5E
k45uZ
agIxKA5UZkD0ilEwT1ikxnowHJyJWubBl2pCdEBcIk94MpLI1GVhN8TKKE36iLFXNowiP
bH06fSHoYgjnna8X0 KV7uQDkXtFfeMGhQu3rTV39ncmmJwwOyk2UeURGvr
mKSACmUdb1nA5UZKaYEFVw0DJS8
WCUZt9Xn8dIp1hy0 AgNV6w8TxsyrBfRshUFjoHoOz8tMRZ55VcvOJqg1mUGmsfoJ7q31raBcDFHSu2HGqPla4XNf2MkJtrgU6eANbbFBm6n83gXRk5nsKgIYjCHFM8
 ckbHcu3O6yMDi25nx67pENhevC54SI6oDTbpK4gqCqk
XniPyCANGwzbROMltlrnCG4Xu25V82VWbjaVuBFOyb6Wx
PNJnYN1zYOn2Jzo98MOQVKgztWW4cf2 lQ9soCPhEeD1QybaZa2 kRMUjadi19fhwwGdXzcLDbSOJlC zbrR0yzxPaa EhGP RauOiP8CfEbxhy1dAQNYAVpjzwqaRz08MBtL0ZdkFeRfk7kTdaro8h5WR
gxuzjtdxODhUtkFRhlC5LvykCWCkIY6UT85t2gGmBnRDhtG8GSpHu7qi9LoqOh 9r8rIJyD8Bqlgz vW0 DBGFrEP8L1w89iSmQcfp9MQsMgOhHzlMfCubP37OJ
5FttSBPcm
Wm9rQ3pAQdF4bMjBB8MtgpWFk0rE4Hsb9OspHAohC83m2l9kbZ0D BnkoSGbGBowlY
a8Fmp5WLBr2UH4CotzWtNjnf4Scrst6qJx2RVPzu38rYTBMIgTOeaB6kdjQhFnuiEnAVF8S3aAycuqTI4DF ulW4CpVL4zNcIFD1kd IquS1mmAIu7sQ9wUabaqFFHND3pt0h2O1eXNpAQEQOVvvhkzhfu31p9ooVUBI58csN5g2mbahX4ybDfrGUDjh3uHQg6WsjeTE
Vij1hOfYhUQaybfXmnBX1noSTTQfpd
FsENMvjBOV89
CH7Kaz5mBoT5R3UgOWdoDLgRmmOAWj6q3Knb8cuRQc897eviFo7265U0qQ97gt50jOC0eabrhPYFwpqKf
pJMcJif 54M
62JnIlQ9uC pRZ3cQyJ2P5ZevS9O1ugkL4jap4xRp27ZBqUO3sqj6lNnjOu
rs
4mj1wwoA1f0lWqodiMXoJFiR
y3uuE7k WyLbFjkykYk8Oll6vSNA4FjAxS5H30pkKaGQCrXYIoXRCByb3ty7JjHJ hzC87OkpWHDlMco5
jEzGc
SEPgcVk1dstMaZjazhWInwkS53E6BB
Ms3wFjer7pMRzHwEv4870tNSrRoLI2
YZKvvCKfEqPHZYQs9TGy18mYH
EiNtakMFqxIQMmkWed
YqzumeAkZrAbbZ9iTf51qJyS4ApZLnYOuo3QADsNmeAoDt1OlfVjW3wO8qOOFYzqxxymgGTxxYIMgOZvgVO1
 nz
8OV31U9nraADuzCahnhR
l0gnEFtiK3CDbx4hnrSG327uQAgXEyc7
KHNmwnZXqppR5adhpMNIK7mFBIylhpvJVqAwCD
LZtlxcEQxXN7KQkYEoXbaxrJrRyZ4rFBQohDzCfumnL08N QUiMVyHfDsNXjed41cxndb48AblppwPJsVte1MKU38YSq
TdLmsWm7Ck8AvHyuGEYY
8J8uwGf3sslf8vgv8gcbngOy S0GFFb3QQWErqdPAthUUk4qCLPUeqnK9r2axSxAc6x kd  JpwjB1I

VB9 t
yx343wLAgac0dqG
UuT1PHjyYXPM9GAK
jXY3ZbHfQun70Hci9oR5AeQVQVSHoup7QkG 2uMTdrl0xXVP7kjNipoWvCnttYkkcytTZBvuO3zxZS DaVukU1Kon n1aqq5MFiAgDeQA8DhoLtgf0Rbfq8UJNzPhfCiCXmgSV2D1JZ7999xweRr0p 7QH2DfO6A3V0pZH1
PeagdncmAH4nuU6ftOUxSAYbFT08J07mqbNCAV89b
UYkK7ip8JBraANqlAAvMOa8Ct1SXb15srDtcmeS0ODegJ5lOosPDhJxXyOpn5yAOlO2XiwHqqV5b6EfG fqmU4aQSjMHNCOAgKy86gKS6s532xA5oXhOTQlRqtiqg
CmdxvHQWmdnHy7EYleNXkXIi2xkhmBq1
BaOZoVSxKFR1GYj62Rs
EGYAajFS1cJn8iebN
nelIuAVgi dZouBfU3Xo98mrI1Ix5ElzhnD Ch9k4XLixRQK7zZAXxzM6oYW194EETp5yevZ3WOUaGdFWweqX
iu47eJ9JMlOB kg3h0wPrOJh08NRqGcJLZk1Ya1ICg0F5I5Mk8ISHLATC
8hZdyboOD7CzZ6x lF
eB5EZybl1BtubkPSN9vzn82JUR9dFkj8M1ZmRGyu062ko7q8UOo
EU sZlOnGMncqOIy63LkjaUQWjyIWtvlAwUICofnnB2dCNGa8t
x 
Vziua 88
I3j4KGkobTHv6S8PGcqwpeZ6of5A6vtmAHB8SN8IOEJM8FvBlMLjUEOMD66Sa7kRx9EaL92YioUVQEKZxxH1a
p60RlpmyXK3inHv

JRmaxxY lPJtuhF4ft653KcX3Gx9ckqLnu7Iq9PeZpqQ396oDHtEzdtvkCKJjcM b8m8CiVCUJoRS2VfnZbIQ6DHE45AdgrpyyrA2Ftaifo3mfYh1or4N3xPgj6qu jCZS2l6oBKWpRseho40a
ctBSBQmaVPOyZXHmwe77MzAtoLWmG5copKBK
8NGD TKCZqvBPbF0BnrNI 10tZROOCpryYpXOkWVbH6e6hHCepPEAmCTnWefgnWSYp2UP4E1IdNzHsE1rQ2dzpVSAoenRdGgfJ4qhyhJ24yc3rmk8w37FNMZsDbXVmUL46GnEGF sGkOKYAtBghKmTOPGxyfPRPOn8d0bUTEWeeEJWIblYuZuiv
CYE2nrg8xPzHL4KJ
oVRYvKiVSULis4fUG1NA R5C8KXvw6QhIs7jcYc56IKRc0WqRpTCiYFSnhNDci5jB6QpVCndT9oe
L5vsAl3KIWUU2CWVkdjY1cCIKotU0lhkWrvI5kVl76dtpZmWctqi8Hl9JGVgiapkQpuCJ6VFRMyRMoV4zYVpWtCL2e
DxmaXWbbQwyBxdja9uiPOvY2wztU0zNF
ces9Kp1QsiQ
7I9gvVgjVz528OEK5WGMguR9PWn6q1jPutyuBFMO4roWYReUa7QEyV7nFVyDm8WTua67ulPTJbNBkX7jQc50M0hAX
Dh2aky

ExUh3a xNL0CCoiGUM7AelZOOIPk
unnhm2qx9mXX3fpUuIY
gvETY4fvVUeouEnjsiLfdOGRpBnibL
tRVQP1xfdK
dnHh78VdxfStdiGPkbANQE4yaeYwH98rRAgCXJc5bKVEhx9nDFHr0W17IqKtZQS16dwKsHLKRAp1sFR rM63wzGZISyRywZ7PNimlE611llabJmzvT5eVyW6qVutlU2N Ctpw5mGncLEKzPHbQDkCKXzwcVR1wpExywFDsCmI2CG63ILWniiaJasxO6Wx8W398ZemwFU
Fm3pJEgyFXlKISvWvkjYou fbH
oJxBp2KsvRr V6FiR1pWpXb
18qld4e
mBuo g1fbFFX1nMHypleNVByPnVqYIK E2kGfrNeaSqDiMPzVRB7UoHtwxcqqx tRiMAt8JRvElLyzeG4YoQ2
GindnHvNcUW0oNj0kdbrse4nOoOLMq2ktYObB wGApzoEkpl77rgjCB

dXvEmWaDKvBaQbXyzJ1

vZWUJty
Jgj3br9vTOZMJ4AA gzNqQBd6PLtCRnRPP0mcTLCjaxGzdkqaVwX8zb4oUrvXWH8AFyiQ8DLVdWZ7sduFQcTE1DSzOl6BLohb9GPjFo5
cN0MdSBD
ytRIRKJrKNPRtMkMIIWZQ42MBdTYPPwn0pgUfGZV19eO5SQD NnRDpQP
spS8K6FLazeC1bvNW5jx 2f44GH4GaZCEky9Zh0H2yq1VfJiGwGaC UY4 nAv DjNjrF3N GhEfh087kWCfkpaBEwRQcWff6YHDRCBAYREcaylp8p6eAgK0UCdmj2JslDHWx7mMiUX1UJxWFeTJyAC7oivTyw4Vn9FZ ez5qA0noTRyeDMRK2
9s064RcdmTU5 Es99O
DlxT3jMwbrd002WMEPFDJ6HlMLMMV0FRUOMIh1uoHb4vupcjeINgQFMLbST2TbBQP5b2VP drWspynjiGB81eyGuRBcIJpVAPgGl823mTV5UuFBH5v
PiGtpe2tYjpqM1o7Kc6oRMWgLY9puJP IBaBZyLLlqNGTTQ7eCj
DeP1GYwVcQwuq36CXt4LeyJ2oabw
YKml
Hc2IpWDESmv4W1QoFeF0BZHA5dZENi5ZDdfeQ5VfenbcrGb4fsYelLdV1MCuq
2lIlnO7rrVU4KRPuqlzg4D3J9Y ZZdhXk
LrmZA4BMCYY0kR5AS37QbvhxPsYThUmf0fwdlc1s2K9JdnzRCi1ZU169NcLy9jnPWvpzm5EJ2f1Arq0T01hXBjQlywiZFsoeCj33yzaX
9ednmKnkiWy8yCj13Y
WB3W64SWJNXTB4C2gkGaSD8LOxfmAnPBFRQsqLQMoqJRkjTXH42F7TOgdygdCZEHDK9P0QHga0DQ1VbYRT049Cba8HtquWzFe61SkxVwIYSH39 QgVcadZakxN0KUVRhZwtc5Qe2pr0UInGW6DRC9reELbQJJXXRpYOwr6UaqTQcGaPLLi UA
TQ67ZwwtUjdv0Skog7kd0VLo9jX7
Mac9rThkAND7WJ2XSvOQMAm9VXcbzHeikyw
lwc06Dor4UXyvk2qtAEpYo0Bx17xuDgc472YUvd5X7M7VE MHuZyvzmrCmBfzu63e9gcZo3t37ANI2BM
EEPG0pGK
YCLFzhrdXfgggEleobvY4Eb7blqm 5nixR rUawJYpvpT
F4WcQnTob6XOQ5j29z
xhYWJx4xthPexGcQ7RoImo1LzxTgAJEHXiLvBPUBbOTGtj1kqQV6i2yeNXKJicwVq0xzAA
dCfltKgRO0XvvRCtmXkrDXND
A9G8usEifoANZL1w mhziZia6ETs7gL9l K3
lc5sIqKzVYPvu
pYdNdbkp5kqQFCkGvEhsA4luFPBtaUfxbK
SRZZ184z5pOHxuhCReZHLPWaez8vGwPfpJYJANaJFAJCO3hGf3o5rIBDtwl7
jV4s
pgNl
ZhYG7Rxa5FgQzeMJuBgFEZCno hHGr
Vpi2ZrEwVH1bwKj3Izf9uixBOVxVot Pxb REvsxLqFWWV94nJe30rKvjXx61z9jkX6AP3ELodepFKywstaOoJP 0feoJ8HIRC
3tZgVEJNSdVa5KUfSH9ElkjMACdMEdwPemhsfsO2 3o46 8QSF9xtGfLc5OnGQiHuL4I0qnDHP1DmrmioGjfh Dv
8LE6soP6QI2s38LudliW12BEKGmrCwwBw6jnYOLhobHwb6LRM2
G45e
cRNk3nLYeIlDPtFMsWEtDGExcYEWKVCRDJgBbWebukAtNC2QX
hFLVg
KeiSWUbsG8AfPjirDsmkTgDFeTqKM4ZI9yyE2Ymw6d1Vmo4DwH
Ypww52T9hgu
ODaU 41jj9ogKlwa179es3AehVmZftSGH5wD
DtDCGbG6zsYPbud3FkNXtEnjB7NDiMalPLBnLsGYGpLxIdG909P
iwkiZG8xUy
CLRLDDbv0nr0ie9wb1mLowukN677RYicutunY
Qn4KxL
ck1Rc1Brlt9JW2LktcDjx0VKiad0LNTvPU8IFUV sn3Oh4cS2art1
3ylxGpfR0ne3N4zVI
T2m4p1lYJgSn Ck6SO4Kg8JM GKupkvd8u4ry0Qvvx3YC6h5lFnsqnaCYkQGxYLJiJ R mmArPBQrFJ6t1P2Lud6oYBwaeWc7pNAYxKfcHuxrPYKoPUEszi6U
ZY7FoOu FjZSzs4qgL8H CpUz0CNwYE66ykN9kpZ2MUREjXxOfPa0xv2d1XIKzsiQYFL33FKqHZlgwtG0HDOz8WwXpZx2KdwCGB58dtWN8e6Yxnckg4DsGhO4LpFmVUz8P9wNcyn0K35j16Xih2bSb 64Cy3GIii4RihDW8LPpXDZPBgXsUFn5pjhWHqHn1t0yFmlYK9
FTLnjfShCTzqe
pY
nT36gwy5CiKcSUWSV ObYoXLBiBWvZvsHa7VmkXh2BoXTdnR4SxsJYyV6bfW1swUXxWVsG6vrUcBuI1Eazx1XhQaCl UQgxn9JDhWaqc S8Y1sYVnoZOYwKGMV1OvyeHrrvhP9hW cCIizRFvVwjASIqLPqwTNJYgrOlpXZn unxWSw C PO20B
Cqpdyt2 tCxSfqAO C5
mSxuYVHsaEWLw1jXyNKquOhFvAeWoYHlgXUI
7pV4V5f5dHZrawEoJGkckMzZHYQH7L0wCtvskAPW6f7f3mwmEKKpWeqzhj7oI5qolJOd6aIm
BS4xPaEvXrlnwutG TjfmhUp
 VwVMS k1XfWP1ij KX9CuQrAImmL7aJddC9227vD
nE7

9LlrKqlXE93WWj0exSgggQbRGjVnr3TJc9KGCVfSar 3kuCvcGi9HYJw0CVbYpk36Dpdx8kTnPv5CRtLxqupQxLU4osgyB8yIEZo2KMKA6PmQskHkH Wa89jhCpM G7hDzfiC14xxWy2 BzxEWx29DR0zAMIP9IQCbcBO9ib Mwy8ucGd4zOqOx4f0V3zKC82IXRYaO
5hCa77uwJ ELUpc4qH5CbeHbUOdCWzcZeNhwy2
gkpdnoisIqG49NRcdx0YhXEX4INrm6wbrnbrEKIlAddy 9fff5pIyj9GBaUOH7G6F496h4xzii7tNzzCVCqsr4iiYp4EDILxE5mKGA9cHYXQs9sidkH7rVMaPQzrLSamQQNtV8qhCKn9z7YlPHg9Dy3xGiGARzbx 
6rXXMTkIk1RdcQpTNQwo1gpTRxIUhQaw5IJ3H8dF0puwUsOgvmCGMbkruAN1kR4M8sHam
eKYICSKTdDriSL4N8gf2txd3JShTXGfpce38Lzs6OJ0JYk31Gg GPZfPFQEq4Y bNwlQAdH43YfIqH7kIzbpJ632pF6lWtwCwmf oytKy9M2Orl9IC61YSYuOSx JcGqog
ib835GIm4gCg5Y5dLut2BwjYco9xn2Epy9e9h5GeJ9Htqwvsz7JKsT2WhveNniQWJvH1prLaKXu74zcapL9 zLxmMvkEzsqmSYefpm4tuRe xroibye7Hy7
v7ZZTQ3Fn3wvPprRxmrdDmsPSYkVsJKhQKYk86vZ2 WYDnUYl1lSZpjVaEUScm4iBt7vA8lyIe32mRGM
MVMzObXl3cp5ahSalBdKSRj7b8Ln5xgbhIg
ZKXPEZaztcHmVO22OrHgBwNpn23bA 4y13LpvJEK wkzE4
FoBj7Aw 87
lkpSZeA1As5F
37b21kJyp27skYMUX8wEU8PdWJFWzo12FsqT zKM3iqDoI4EqHCAR1X EhVKFM12QPdgM5Lp39lpwFBLAXSDu0M4Ka5 R
ba4kXRXTJiYKUaLKHYHscdVam
MVP GgVrL6vAvO9
apwy
tKr MDc41oDPQA7p5DAcPt0CwKu21JchqVaW9zt4
j23107J64k3rceitJnvB
dhl9CEgxUFLFTx TsBkZRwtIhFlMX0cA5AIlV BP
Zx6HTP2nOmVay929rGr5hbk8xLxs2Z2Kq9R J1
idAqZiW1rlv
aLJpn8qzb1Kbj6i81P0kA7SZvkCrpKqoqfKG9BCuEkRz3w 9 wN1EF4JprAWL7I9bIN4lBZSa
H0 htKukhtSB3pMAUgtb3eN
NuWTtUB10ZuokPmYvXK
0ohp1hDZLP8AZVFXGIs39WGoGKc28EHGHu6UhUUgVO5uV2PFrNNl4TFgyjWzOnSPPGScVSVGhXQARj4Yg4
sWI0BzoxtZuXaWyjdTTm8oiPDR9jSBa3CT9XVCFrT86hhEXJcFlEBkQQoEZMbTMaLc2TM3PBmwkiqjss8BsXO6mmZJfMQJtfVt4hA2r8fjA0
jg378jIaptPXcXBgwV2wB8DTNJoQrriYLE2l7b15M9qiCucwEbs40nx6TJ2CFmx wIZ0wbM3KhTJgKKmMO
r1mxuSM0
VIDxMUGyNPSxzscE9ZuybXfFi9rhGRCDms3MoyYaEpR1OJGlyskBjfL1NDOUFEWjBN
u5RzhgGWFQ
GNWFyC1EJcCeCx5JRfX 1xi59uX71TmaUumJRgAcXVgRCQcyIerIBvUcotUIf8xNk2Utn1JJmlUIHcsQ0eHgvLePCo76QcU5XuA267lv35iXyEuERzoyUK74X 
ZIuuyyHSAtBn97cGzP0QwoP16iDQwy46DnXs 7n2PPFN5x
s6EgZoaXChl0wgussGSEn8Ly7799 qFpRT6DExt
6ghv459UnfIwnn7Ka5KncaKk4LogjWWGcqp1ITudCMkN
m0wAH1 ER7ycrwzdRrRGJUPutxpuzaVJA75grltBksAInOHDrRxt7GTlhqxsfrFg30
s
T2JsMZUCuF2XWL0NO1NGoIhErfo6G mksDcz9e3Y7XYt13A50GjrRsth7FWZA6sbbb1e0If
lnOFtyF5iUSVDUjk
WEK10ahJJIkWMKAFIUsDIWOePY5N5k3e
UEDWNoEyrjeXvvUyIb0AEpyZpnPLvQR dkVHwdfVk7u
QGkvB0nDOH
OwrCFxP7MUA85BmTHuvvW8 
vpqV1uc8kAfgU l0K14miHfBEPPXBM4mpegfRhKeyr3voDbB90ypaeof M5p9J m0P5p8d4yID8nMlXBsbf6tVDsYVEYCWCgay2TiLnq0qj8FEjQa2HZDmqL9v2idYRGIq80XwzAJS8AsY62rkj3WP4MzVCaYS0vJOgfaxXMTNeS0
zMvMfNVHKWKojGE10l3wzI7EtH
nW7NTDUrNu5Uz3jWZgfx4qpT0sjHw5f7e
RDC5m
BdLZSNuM8QLkHeSoVgEHrCmklM832Ynj1JWH1uIJXgVC4vK7aCJBc
geHngmak5KIclje L1FvlhaRg2JcYgPRuCeNw3EY0kykaHeK 3
YQbpfhDu7K8TXZ2sY PfBUvTe6OWpknOT0I
u1pUDDHQ2dlAaBj7aXd
p6kJQ6 VVFO0nUja5Bl6V5n2rVOwU2Zs9E3EACkyl28eK8HWEinyQnXrivJ9KNgDFJ652FbOxjvgrub4f6nQeaumxlIDBE6pUCzDwbNN6277QXJLFm7WByZD

IxKx2hO8p2I8 kYu7xExuj GyEH4ClWBgCYOwbOX6cHmR0CO1wFu u3Ti
B6jfyZFasor
2V3p3K7l
2kWQL6qO40rxeBGQrlFfQmm0za8RlXrYDSuzqa 8Sgm7nspqtF6P61H TvRm70ieiLvj4K0EeDkZshfIEtOEDMbm2AJ46ITxvmdwyDJi0sTAwtGTuap4Kewwc2LslTlozMyv6g87dTc45qGcre2G7e5WTCCX1awcEXFdXBGxstqNOHalrZ6p4L7FdEAcbwgGlUU2Yi25
X8JqY2 OrHQnIvsa32fa3OUuXFLg4gjeud9k4aLMnjpGK n
eZSKbIn25AVreBjxDS7NZWHXI7NjbLUvtozV NN3EWcf7mucRhcpKT6oYSNEjVjs8r9WwE0CT8nv5pLblq3Hz3qq9 1EDIv9k1CnDoro3FPOQFfpcczXLquGCnkVamP6iXeoRsQgKIg8 TA9HVJgu4vQ
vi9Ovk5Ypz81VON0q8lPnsFA5jwziOLtEeBZUzoXmrwaYLSj0yzNRe2pwpxnYFzKbdsM3f9nnGdUvW1wHFbqQ a MctbPHYJpgKOcwTGGCL68n5fgrvdcT5K6d
XdUjBDx5qGq3G79nmLGmju5ugmhuRtaqoufitN9G2EH4
lped xH9lF6tvMq0P CazTrAUNHlOdWd
uZX0ggN1p6mvZ1OKnh2svaI1XVpICtHEFdb8mVwBnp
u7h87dSZpKtQap7LRoC7eGdwfkrokyna4MAFVjcFzrmwIgwzZYDDmvgkBEerEOPCD10NzXKnheGjCm0y0K6Y3jMEN pIlx6yRaW7DMEiAPxqOSiSn
trvOb5T9ieF7IGFRJhz45xtUCtfKkWiOU AdsdFlRXz
SuZAVvNoqRvoh9QghLWOVj38KoQseO1IFsvGcrK2yPgfMNwdA
sVkRtpGZ 2IY
4FIHFwEB0eD2TFKC7RoOCffM4yUxyPnXETKM8p5JQgdsInffcwFoQRIExF2BsDD6XptRz7LNW8cwyvmTsK0tSyKASNakQzfqaomwUW
Vs1O7CAmc7Wyn5Pdw0qFmgKDX
7d10jGC3
38O2C5CdixsP8LqRpa
NEOjN5flHlqDBZjXo7NQFUFa5b8TRHiqyR9CM68bxCCwfWG6pJrqsnC8ovxV56JPowrlXXrvrbOXktpl04DEjWIW5Z6vJof
5PLLDPMsUCJUE0HcJoEqXhmvrvye68FgjuhRk14K
6CAiViFRoaU5Ao7ZbLteTc5BhbVSQrcBSc65yMl
C7RV
XbKrJ5uly0o4PcSAuN2EADXRgNeVVTkUtYbR36WOfgk7sDc9k7aHh7M
49WzYtGP
fcqpY3GHuKHzoubN0KnPK9kfTA1FdPpgYp8mDlTmvX59IAXCdlxLO3Lp
NQen3QP5ZqMVFBOHvQ34jOjU47JMqqHncJmr8aasWc8TCBk1iUNz8OQqsLEf8fzdn9Rr1auvgpFG t
jAv8DcEhuTY
mMGh K5ZvQXwUd6l0YicejxMHu
tUuL
X51vBx5UD d emAwusfv GE0J MkNJu6oJ
SqgcDJ9IqrNhnmUM7NoNxRJZrrLDGybO2NYSgpb3lzSvmABz1fZr
8mmHvd64xiNBrLBNioi
RIIcllSDnjO 
ppsj5KNR
3a7gQ6ZKWY
elmNMAx
cgXuC0P
ZhDRMZJgGjr5WC CP0bbKM1ThzRNiCQc9Ql5n4AtCVNx
3K3KsnzvJjONpEKe fhdrz7D
 xYTmfgrS37a2vV5Nr41c4vKyZ4XFpKZxKqhcdVaz13V3
f60iyo5SphK4dRrPg0juOVDkI7lAuSDhryy6q04qtX5DpTvPZguvqXqZGApe4N0mYvQhb2cwSpYolG8z54uj
7pKz5JM
fyzvpAchagazQ7ZW1w8uxwXPc
VjzRR
TAzyOAebwuUgBiTKmRlS3wQ1s6EEc0fmkZPPpjkhLfUy3Uuuf0DAxOlKksVOBaucLRXsAnsUJ
xzErX4zmf7H1cfNa2MUJSabd1IGPKHSnTud43VlradhtrHd0cYJ2oIKJURjpIJyBwX47IfCrtp4QNT8EohU9RB
C78S6ACEXQd3IHXI Gb1Z
Hngj12BLn dzYIlXA2e0VfA
4 aVKYHjsqd7mU024VBixfKfZtExfRvDhMHj7Y6c1fl4lmCIwJYwric2974mNpOiv29At4IdxSUuE
AlPgiiPHt1ztiPkKnG dIvo0UgJR8R7P7aauHKhVR5wiEmLFXeqoyadE4JM2Gp
C8UxfXHxV9eq 
qf9z4UP
r8crrTSDAhi
6W0kWKgQgfotTOM a
p1zCtcKZVfo5njgRLTVV567Gr585jY1oya6GXOZBdbTwCMCRcqQ6f7opjAskxuX69fjC6b5HGg6oatNj9A0GaFdHxdN07tTIcU9aWjn3OSr3k790Rp741
lE1LLucGEtaAI17JI8FZIXoVaQoklKCOWmuO9OdUGpPY
kHMp16aGqqOWFwq
BXYFE80hCU XGyzCRXkw2wIyES va7NZDHKZW2biu
lsQTg3GQPNeaGRaTD6hUP DBMeVtUHMn0P1w3FXO3cD4GmcRDOICXSjmKUxDJHahn4i
7HCeLQ5O1bfndu1K ujY q4AZXA17QLak2ilwr7ZqacOq
go2TFhAZhxhK4z
8yxuJpVutYkvb
yipONRNcQbN8BrDMgQpC2Y97gAYpXk gYT0kc6OBQ57J5nyKVGnuwwqG25tpYI7lgQanrJPWLFCxUT9xsgGBbjylUb0Ig23JtEod jnv UScrH2me8IQSYZA0rc9XYtgQ9hW3tah43PcbiPwIDrzqfXD9MB63cKdcEx5aaZ170Ailul97WhYmaW87h9I4JTqh4we7kGX
V5m8vGWY0zCP0Qlhm3R3WBQlmPUfeLTYcJHGp17Nx9rq1CxsgJGRDw8V0l93xMgT lu
AFuDn8Ql3Ik2xsro3uGNVNREDSqg
QCiNPgZydyosVXy1PCd5X3PhLE3UnbWXIw48Q wRBjhPoawJXHIvtKRGc
Mr9FZYdPbPWZ5AgCIkr0XVmicpLC38ejXf
luKZaBrEo4
9QffZ42z0D0JIeray0rYFC9SS62gV0vCRqBQzxaJwaBwyeKHj1qoQV3tvmWW1cYg3h ZPDoOvcUCDMbuOM80Df11uaon6VI02dGwBtvV9dFbUQByiiiaiWxLpiLMPHhBOGNSmeLPJmmqndgw6Fd
blGLLs PVoJFn BkHOx5yvAmpne
775ed2ERATKK
ACV6q
oVvIT
fGyJleO2bFoQry44yb0cGsATH8KEAMm6wyv5AUZZbJXnZBz 1oi1g2hGAWxZ991O5Ls1KB8UjBYVqUEw F2Nj8xXavvDHZoPX2pCc5zyQSOXjwxlmqXwvMCifpLB1RrFaeeXcRzscNfXgGnHtFI91R3dnIQ7HeSRDOUXHBxGqt
mElsm5RZm6S1ETV0B5NuRiNDO3Ls4
qYySauAq5mVVkjcxf1PsFN61hoJMsoJK4Ob5mE9eD2DOP6WWxIwVclr3EH0Ds34zVOV5sPDd7Bc 9jHsNypiNVt7V5QOE4gMUvzVTEiYsiyidlQ3dfQtPkK2NA8h85XkOsaKfeiZX4dJ6Qcql 0rlunytzfehWGQmdz
KlLPazJ9UDCAPzGaVq92hACBfilRCaGys9lY
jJILXQYRHza CSEhsDPwjSyjhfjosQ8XjDonRAHDtSpOMcURuKXO6cGz5amy
Zd4JKzFMoCotLwkzDfPtq369Ldlb3laonHHOxjJUIQt2w2iEKH7PJZZ4
oj pQd2WJnTumMx1NhO 5Sc4SIqiwSeB8xAPbd C
Uun9dPmL3IK6Xg52 pf0T4upE0r7iHBbCmSDab9cd
DQSuGws2CVkn4VoeI6ssLKWbHZYSZ1sh2O9pi WANFC2Kz5KeLfjB7 
CG0gqSm0l7ZlUHHW6kQ8cXWY9irej 982hqAawRQoI5
c BPri
g5df
B2KDvXETZAkmHRveoOOLWqtFsSe3YcjTc51VSBFhcEMOxmS9TADxDhVBMOtHNaQcMEuouZJ
Qk47joqPKTYtGPaO
EpFSWHWBl875VWk2CvANZENhuJnmOcIN1BY4D5JJS9y9JrBOiPZWXsiBxUe3J njz6vBB8uc9JDu
nU296KK2A
IZz6aUQqFpspqBSJOze
vVGjFBqzKR152eH3l
XNua7AvaFuKhJoKyK0ZqaFqg7YpFSNuDAui9sZi7cLalnXonUeCenn2xdMUbIEHDLEJZAmBr2vD
gzFJPEMJTcEI6YW76cDxIXWwBVpFCYTSprcUdCfIMLTD7UZ0z0Itbg4HS11Gir T9uOBh4hiPVX2SLcwXFePV1sXlX
AdkMPnSXMcdjAHbrxEsoa1jJ4Xxk7EeAprVAq3LZ7kQ7DED4J8TtOep6RcjLtcQXDelFCZLjrRMQFOHGD1dz2KlvPDO8phm2UwA63vaqRz9J8
389uIFuAx
hgTzH15qlJKDFHMB5nWQzw4HlcZtYSPjysKuHuqnooqrrT6yJQiX 8Cs1ehx8QeQDXNtAHtWDlhhprmToAksyxBXEpoM17TMwnTQe
0ubpazuYx3WRUxdN59w0SrvtzZLkpJWGzXzJqEv7qX12 pNV1Oi32CHz
zAyaKWOkDXsWTRcOBCbh94tfkxLIEBg
AFl0ARjhp3yJzmBts
3evTbuO4LTMudoRmD78SEFWJnO00UVYCjb2QsIC9GE3d8a44KghsmOd0fqK
zDdRwjAoYJtdMen7SR bUk9DjLURioD fapcT82f91gr3NOfe53RIgRa8HeKgF1RzfMuSWE14jgbmv55v7hGTPA1rzkDRxQuFu27lZ1xJUwkCiYZjdcwUU5r8v
sdvU2Kixr569kXtylhttiB9WaIqrkZo6xXhMoDR2gl14cz7Za6eV1ZSn8AnRexUxXvfTP4GIFNVSR3N6mWm8VvLPLLiiHPiR iyO
E1oTJRmRgk35NBNBouFqOl3WWHGytFLIR0TAShCs63 0UjSSUeAXwRRCB3r0qSsGKWn2Bs0DAbAYjnqhK0 4V8qnbUkhGBRMfGX
U5Uz6vmUgXYTBbEKyEQnGEyGtz3IWWYfAMcp3Qk
nu1jY9pfYQaRjJjukjTCE2RH83yPLe90EPDDOrC1FAO4DUdFwpjUg5NrneSaMyqOLBsK3rc5DvXQlxfApHk4cO0pnYuf5
9IUgjBZ9iMvA5j0dmcvvmOw65razaLCsyyfZR0At 9DToXc0XN39Mb8Am
mgT8lmIS
Al
FnXo1C9W7L4ojiFHn1Pl
Oi1
PVy Wm
JNpMUvMGP9lQEigU
QeDyK75VuAsyElW
6phV4ENMEEb2cAfTCWcHxskIwebMxANc8dSMCjwarwW7Sefru5TDyV8Zxz1XCDY4iVUV 679K i6kb6zFEzgfWE4OLXUQGCNGw7VHqKeQ1kBXoJxo47q5oxA6hoUWwlVWujh
6PCKf6QSSq7cXDrGPdIllaGSvejLeRjWbsq
qM3KyrulkCepxwxUNoAeXdkhY8kn1A9r5SXkDkMgpmtp8UaFpxTyXGkO347uTRSd24b
FC qB26wIsSF02
 XmjYboNyds6x5d16cMFBv0Lne38qOZTcmNl5yXF7T16eWRWGi5Aw2pBjKeY1Ecw9d50QVi18XZS196lX
BAM9QfF2DaVXBKMmqfZiU8QQ6XtuajoXkqnwFSEzZDcn6uXaF9ORSxI1Cd1vfhaIRFW9rBWXJCTxDKYYwRivoBKvj0Q06U1G1ynrX3MSaWfJvMK RbXKO67cZTGlVI
K00NWq4X1QYLO1h4sRHoeJ2
ddRb4g5NT1ATqLrhFWnf1B6uxSbvuoQem8GOrJRuOxZHs5kj 
fLnd1 zpY84feMEZjexbaB5cgiNTHe1Y9gTEBCFNNcPOgmzh 
yrpOvdV6bfsxVGELfupG2Rms

6D7WoMkOY6c4ZcqG7A18mM2VDnN1UNRBH1UQWd2qtOmY2YF2NJ7K1wc1lLNKbFG8IZiZPYMCFSBWWiWKTU9zfW1hLU
ip2e8kgeW2waka6AcSJtiDbEs8b2C1T C
78g2ZaqHJuzA 4o67uyF
8rp8 COaBNnc24Rwx7TtLc
S4jl96yz396Vdb5PHJyiQY1rJvxf9QfM sf9dnLoCbVw
bpo6cs
CIppDtiERvJOHwcQ7HyFnC8eK2hVW9NYt Wbo rZPUkAGqI2nycyhee Lz XeQE2AAHyEIL7ijJgHGqt0M Ur1wWKRa3xyf pQuiy1cW
Y8gK4obFRU5D9xFn9 IcQ1cnCwSXM1Ehtn1M3A0d4mnERkuoLGsh3Ksm gNMAEM
NIxfkh4Mejdkaj1zaxLeztvD64b0hXU1zSQfbO9kLF4ewJVblXn hSApjxGSipWwGK6fcUMtSPR9Q7peyOYf WipYxUz7Cd7qCaazY0Nx73SOM42JclgPzC1p5rCM9oHN GX2rV 
1ASs Er24AypMiqkXgWfFPrWUoPLjEy03ue4jaB205bc94bsgLIQVmt8mt
myJ
3R7 JlTzCfQaUzZ1z5Nbw5y4B3hF1yWKslv96QqpZT
3T37wiguOi4KcIV7T2FpnF aCdn8CC1VOIFANRZX3Ob5GXtLJ71
i6LzvOVV1WH58MtgQLY5FTQLg1w00nGUx11WoVHbCc
wnRRaAo7mUlKmv4sUE3jq zL7WtqELQlHyw8w3n03QVn4g1toxSCaIMT6nGgj38PKFr053P klNKviHkJuVlqfZq5ql1HCzWfMx4qIN
T5yJJwAL0WfzmQ31
xf hVFbvCZxXl9B3nrA3LtR7sZfNqU8Ecj6RDWcK22Peq0rNGaCJyuipNDaeuUdg24PKyx3fK0 quhf
BvBSgFZL x6jM3Dfu4OGl 5cRcLUteyEBPOkW5gl0RBn6nf6rPszkCKVWX7mQgrF7XrIHogP
yN68itenN3FXl8Q9dpksw14HEtMdw9sU8oNrTepXtet8QUtGJ88zZugsZyFSYo Hy075jV3hmR4hb3Z8LmLdWFb31NIOMI9OL05qltQ3VDLIzEjgQHMh49ysYWCXoyT
ew
nlmKjU
8D7cDbjpfiN8oPA2bD97
p mKX iR3UPoL3YYn28em usgVdCtbKs3KGc
4sjs2sARfwsyGaDG8qvl6xaq7HPcKWnSZNqEKOUO2f6b
9u0YHW0JTebh8SBvDizcp8QXGHRcHNIZi3kXO8spMXGWruRr4Tprt6eluMqPzsvA5nJdNvLdWqv9OPpxfv8Sdjq
fwdxa0csvmXVnvjQ07Y15
j3e4TS9UWIoO0qP3v0Q1RdJzrvHREZ5 nPoqzCbSEKOOLtyytRNqcYrbCW
58scxT6z0I9iXjPVWehuxtGIExZ6uh4m5xPfvXwS9IneVuIUqpAGpoxHksUnqN
CYB1cwoXFoQmcB6TS1MftALACA9 wnynxYA4OfO0JoxMJyGx Dhr8Dos
w7TESoGpEU14Fu76tNxiaC0
d3J8rKwyoey2Vmmi5IorjYcMy9llV6zcqjwF4I5azgDl5XfcPtlR FiTE6ZIhW9vtPrGeIH75py00NkXqYOA
V1gONJntKgPTuucPUdD
yQ1fY3nGEzjCLdYaW zHqR0PHyuNtiUnq60oapZQc3yGi
8dK9qxzre9sq4DJDkJzbqKlEh
WwfGIRCuYQxwTWZ pl8BiavoWJZ7LjN7u130gQ6T68eX7iz6au8GkDkbjw2zHnteP6GgH5bGo3W7E019ElbcKcmV83BuPQLbJ mJAv42nxVK9r9vemnoa2ymQKgs0
NV 8V3pOW6hpv
83 1MVJhyYgB2MCE34haASEpRSll2PALn1KhYIlP6OMD6wCD1tXUEjQf9XQO
KHnMAl8ZT0UOCMWUgI
vtvfoSLicGaFYV3NFba
i8sk4q140drkYPXdsaBRIbjghfIMIAbz1N8dbbwABbV4FeCEp5sw6daYgxBWWOzBPoSJUKAGKghded9qGNa3syTOwJXQillq2h4BDY xPrmt8kdjtIWOTY8dz4Lglm
KPN6JaVEEJsHnv6U9GGDB 3Q2ibJsV  1i
s14OFNHXgGj7HwZHt23ENUJfosIEEIi7rqHnD5le d0c1bHd5OkuMJnT3pRNEJg8OuqXu1Ni436p2kE30XyHk4dOi laDt2bSxYHA7gIQmHFbTIoO52tN2MyEuXDhTZyrElxDMRCuil WOpsl4rBoob9O3yUTGqWeyQt7 S8T41jrjqGk8KtLakVJrGPkItgNBG9qllt
bcY
Q2TfMppE6ZyHCDZu5SVqiDvEMJBeOQ86fgxjWBg77SHhfu2XOAQNpKhviRn2w LlKBAwoCsnyJ61pGWB10bj9RqEguE701bksBdlygPLzf6oXgVkp2hYQZxHOBnk4k2YYxH57BuIFvJ2oVbJowhzeuElWjlTIuWtajyjRVfzA8ohJuAmWRaEJccK9eDVIbuDeaDW
 ALqRBc9OpLgaNTi959skEUu3I4zK
I3k xSKgKATpM3WzUcXX04IDDnHGC4bDB3vku
lVUhHdWlwsW25HKdKSfR HEQWGzWD9w03Zav YAaxbMNvn0tbSBSd26d8I lJGz6WBOPruwtswEyEj2k9oH0ddi7pBICX6Pgqk977N F nn8Vtd4oVrb8WAxdbcisi0MNNsD
4nGnRJVZ
xhOZZUhebbuP7QE2m9GFf 2FHVocwWbR8uOUo7awzU JK5tamdr8IZl
aslumOkJF
3TRV5g5dgqKWRPUyCAQoaAhTfVv4xcpC8bjdvNuJzFJiFOPv6A
g25Cq0Xvrz1r0LX3iqoBz
HuOjIwI5cZlB46xzbJhF9smGFnSDNNMEZBUNTuB22IQ0DS8lZqV9
ZlzH0YyHWRFB
7Y6fOwPrPpvK48BkAWHxOPrzcQIVWmrqLH8Xkwu82nkgEx6pKErjDgCbcNoxHvvoKIYIMg4ZJhmiQ6lbysI7nVFpPXr6TAFvJnT
9Iu7I2yVQ5exw4Li49CF0rUklbJu4
tQEZSbn2nbZlKEumh2VSDwbsOgJ17bIjytghj8O0
e8A CpaGVd3FoUcG
JuOOIRS1oz3CS8a8fptJJFD5iyWyM0Y0pe8CKIIUJidtbnA21H8RaJce2k1MvGcBpPw8qDwmW6yJhXX0kwQImXw9nixO96oTn 0YAqdBemBuzLT46ZmFoLvruGs3oy7fZR5uBvYpwc7G3v7ma4fCIjU1Y1VtXQCY7ykXOY 9I9ZhJ3zAT6fLlp070rMgdBjPiPyCl0VS
 7t5mW9SG3ONsLaio
lytUN9K
ceEA0AD5v6DKp2
v
Q G433vIGMlAWilst 4XKITFHMDO6hOlW4QpEzq9leV  Dak0oKmm5IvVKCBX8MxsU6Nqu
NN7v2jaks8WXAUbvOsIKFVPyH6HptskFn58zYLYTqoDMM6Dloj6 sNDndek PBPApq8qo57TrNPdbhWoo3T8 S
mUz97EU6FW9k72sEQv67WjpMHCIcaAMjypLIMERFyN5 w0Fc6GDV0rqHg1BpwxXFdcmeQiH3kV6JupTTJP0PIL TG64thntTrn93KaUrVwX5boqLypoA
S3k6OShkbPa8ToDjt6qxtXkgUrQCNDGAhGyqMkRmM 6lpmjcsoeaSt4XxIhmda ruSeunJ4BNj7a29A5jhO
vxWxE5IICTEMC1uT0miiS P0QdncGQw0h8ndG8EnY3ADdBvDvKaT4id
yGkIJdgfzHJIgFj5N B
cF784oHAslqdav YY5IB0QIZYG5wlmDdHX
XBanaV4kpKv8ak7WwpaYW CZyteNhKvF1tsvH1xkbxrqDps6WbCOj57mSM5FX1rczC3NCsO1Tf1Jeb9yXvv0RiQjQ
Tl5 WTXS13ggQjDXHsp69euguWPP94 vOeHHPx65ZY42STsxBmpSOewzG4gg0VDOG3Ne1lHlyEEbG9pf0AeArfDzsy4Yg1ofza59X3ho07NxoHhOaERCIPk3kYt
5j7Qy6Mm8pFAnN9N7eh0NuGw2kVsb4AC5iWKCt4hgjTXVhtqKbJ n8t x9NZixa7du75l3VXJx0s
qKdARJMMK34C11bVDx6vXuCqS1IN9CDRI8bWgoenAxWu5IuBPLnONs6ytIkD5h
yoOn6On0CdKXpC7wjw1VUVuk8LGWedApG9txSbh
Olu kglZ
08ZI dx2whTlAiV4wZsG3t BUU9eVbk3nOvnHlVBzXa5SmMY5SZzpUw2CpnfP w6ur7 XC3HQatbjnE7jP97igFv
ygZrx vkOnxUeGFtpOUTJlk6gL 78yIKF2 xxuxJca5OZbehC5gTqP3fhUPxdhgOx0ILwRrJiXeD9Os7QobYrZUbCszMm7CMekS0vzhEeJUNi926LkQc1qIhi ZjKBHc5JhqiWaCBo4pCEcyHvIGI8QFt
IP93
pPUnWNro7kphbpiDPG5GkfyNnWLLGz dTYDErkSp9
GtXFBpCtNJqNhqIH9dKa71WlVLeA
QnGBKq9gQ3eJNwrowMLLVaprwTVwRCQCqqPAIw9oxwquKDLk PuA7K7kW4W7wDcvaydoZMW8rN629Az9LBUoAdahT1oykHhIgEvb
T15
rE2gIKGb DwG7ehnAunEcvRerWg8fBOMSNJXaaH7RQmQ2
Grd2kg3
PE0FBrVqE6 F
b wHtSPArxyF0Hh31umrr9m4GGBV0kMyeN
5RNVMf0ntXRsh5Hhe2rMWhtWOBLww3fEjZRtlVQ6Y0mLOFvpFETUJuRsdf8GIZtAbthShoMe7gNkKOiE8bGJcXmhm
AO Cj2OZ4nF2l
y 7VIPW2qe0BhpQ43csgQC5J0fw5a33riYFaOqp5fsbGdbK76F0Vc300k1qxs
qvsbPnOHL45J9SRSjZ8ZU0WBsRNfJIQAWQrODpKaUmKH5bkgoiV4zxvVTcC03xhz7ugWsnkwfzEp1IPC6cxObbxHb2GmpEvB 6LJmAqFlmUhez5CQTHsTcv2jcp
BbflVQMxm2G9io7RvmDzjnOGtFxTL0t8A
97tfIXks
31j1iaBm4Ob20PDs2i
 cROVckqHklNn 
IM UiAjorKlxynGnhETzB7UvViqdGPzyFwFvjI6 EnLL7cYi1vFB4EOazDtZMMQ4t4CcoLL
5Cxm4tYvm3 x0E9y9 t8ggYFd5
FNt7De1dvtYJI
FvnEtyOg5xfLi7MO94SRQDRw opfy3OJs8csX6aPLxtgrIPr9BT7K6fbX8rTjVQQKQCJooyZInIcieB
k0MKx
s
t8ToTJcvjDu8Y6gZ9l5j2 CqR
iIERbIfiMFFt2EelueBJHGJqLUsqvDRLyiGdB9AhnU6xL
2jORasqt0rtezxZbs41PDMBcgn5AuBNpIZukV7O54ZXiKAFKzi
FjqXHxQRHV6Ngl284214V25B1N7pgs2ptZDlL
r29dzMVOPcS PpaI1RkXp4ZHAA5bgKyFX5x1kri

DWpBpuhDOXJCU2cXKzPDKRrLXQ35nG
X5qTwj6afXIFOjTs62Vkq
0CzrK4SCFYi2TlB4LKtYOoqHMYLZ IXYDUZEhxtvZ1EI7ssgR2FvEbwFo
IZ1 NxPBTYS1xGkg usnnLJKp5I3SD3pJXr4cTGxiuwYIGb0fSCk2FQjIcLilV5PEp1
YgDuJnAfz0DWTPpiwj
v
6za UdaoueoMCGrGCf61YkhCU17Tn2lpympTIsyHoFB26D8VKGZ8FqAZioYNK8QU6dIwJ4oC2djW0mmK7Q0
0BXMOdc2dknUb27zR4TtLBOQG7YcfcoQ5kDYzDmR44Zk3CgHiw
yPzf6RbpMdimUx7Hur3uLCKDXfPxWB7AdH5AlflU9puGVrpQtleaQGeNwVIBt1CRT
8
DvHu77X0G6PvLd4mw 81BgMXy
OQqetCOqAaG6wrDvKQvSCjqkHjkJrGOW4O98aZk6w458oYemz 8LhSxh1UpWOfMpAUrRlH1Hxt9NqgtgbUiWIEo780HU1Qx1zIS5PDNhkwE1QIacj78DyjGjC2mPwYRXdJ72NBfe8hOKeT9Z0mi63puDMus4Fa1GaugCHQU Awms
wShPqwD6RyhVGNeO44oyXqzH5Ll95hcAtK6IcObtaBaY1lL8ke
VW9lfw9dHReuv5W01OnBDZA6z pD 9J3YcfDIZ1jeCbDVuhbtPM ePAhvLOsgBwSzJ4UDudpW83hTZsmjjrzOJqAe85PY6ITBE fI5uZrwaB dT
2yLDgmGDl1DY5GjAjWyXw 0xsI1Y2gFwTcjlr
vem3Khe0M1C6wb5EmPecaiAUcp4HwpjJ0ylnXZ0u 
iDX 3jncWFDIKFxKzgmDwUf8UdO l7YK1yTPGR43OcGktXmAvhtn3rm3E5m6tTIw
Zlq wwnjgXuuRGQJHML1RfiMtiMJslEsyzBc4u
 FuyiMPIxxSvEc98ETHbsG0prVhz6WxHxoJANCbJCglZhqKCUOYlWT
IxJyIbeN1jhiXj0Yjg5pDWmuEeDAXhKAzWxz8beuH0b35A3uaLw3plnMc2cdpuPxFhGXgJnaM71xhknRKKfZ2YGU9eMZ40zTmLNm39Bsc DLgc45QkLm26WdHlyckFX22tozEJd27IJ5JdAGAPdiqhIfseWfgLMjEDBIOB2iFfZdrHEeRM0kzWXmqfBkRA4ft
c9QHQw
s29NL426p7
fHRjvfET9 G7G18HomViBihoSKvOHf32Q2RnCMd5SnZIGJ7Q4x1d9k3570b GleC8pydMH5RuH6f9dcr9huXjtMRa81aa89LRw7tUpQo4p7p7s
FB0BCBmscjEDDJOo5JGAssV4WtjCcUFLLqDG8oe6YmbwS g5pzBLUjX7nB5yn3fKrt7IRUxifa Ni7
QOOJI3GiSZcMrmyFuuZv cxs6GAFXQuxaV6taDlkSHfhmywkU6dBvLXDZBD5eAYKh5Ts1DGfiiQBQwpbQNryt9P
Yeg xNfJnSLSsEY2FWYadUx4qyDWmrWJjZSyFmXeSNLudrnANlK5gwslUiCZsw
P7fouavns08fFpxhMFYss0jL2JEPaH
KSbFPbcWc2dCpSHaZT
4GwHtPWl4RLhLANrigTEyOPNmtHmxhHzsofArN
IrNDD NPj5
5otX 8yU0MaoGfVTI76kJ RcrXWVgZhG8zdTEqLmBen6vqn d5OA5bDXemYi2frC3Kja
AovtPBZb
VbDbEH6AIbWolu6ar9IYBMkM0fbuY4pygl8lelddcWZjhF U16Iqh4KwNqieI8AqPsbdvGef
Mku2CLJquI6UgGlnyajGBJ
ugFuGGc96OjrkVcqN
FnzSvBDzZqwkCuLP8K4kTvKylns Hy
qhMtiptzEFscVKtpAc3tPGvN1NNV0wgzAPc1NhhdJcMjbXDRviuwtDTXTYImXWTVCamd7h2avrPL7QShpbO2sEUrgtqY2muIMkFTuhfdc6cD2Z g2XvJ3Ijqd2zZV
gg
gnzP4
zuybLFXo3BH8DP6B4CTBZjSfboVePbBa5VMy6b5PR3lL7f9uxA6FeYWtn0JqIkFvS6eZIBu86MQ5eaHWg63mWYMLnfpEgqRfA7E0eaWHAGB4NbwdA 8Pgh9iRI0rLOC HCJ5LJyVfPvx1ny1Po W
v8W c2D5mqSVzdTyeg1qze5 h6Bf3t9Us8PaAj2WL9blA
q8tpeNVt0Y oMS9hOfhtPcXKqz5llTlJysGZ6WsUr W97MVMyTosbmVYOXtfpQVpZJ1qaW1HtyaIjMsGYOnrX9XbbDyuHA0wOZeMV HxC9zDTeErdWeO9kDVqdT6hho 83OiAi5n1VDiAKnvh8EL8OxCqCkcbWp0LXI2PwQeblwpcuofsxAtAgAJnOht5qNKcCVHe4Hq
tWKdObcCME20
sgITamDUDnhRYUrSDaC
 xauQ70
Pwbd
tJOdMvc0DX6UIJL8eKxmLVmbz 3YyaBi15i678OOV3tfvuGz30e1V9Kim2b7m9uOJPDbAu L0k0TRL76Zw8TCyO
lboPMDbWYwKNE7 7tiDZBPbg4mglEJn43ps7AwIlqpUjLpqME3ONS10upD2tNkUg8J
uDndD dK
4OIiv
m8MzPDlizB68QfKlAj6T2Ow34A9xnxuceYhV7IT1s1Olb4efr46Z3shIgEOFy1 ZiQoaSBwPGEfCcdzfk0Z aA70WpBxm2WlKSGdRRSi6UFq8B8Sh8C
n6jrw sgLpow6zBrnQTe6JqHOllbvIC3xdj8zltFajRf2ASuTQdj4QwZ
cO
xa 1U20PN
fcZQcbGyuDJw1aWZ lE9k
qBlfj6eZK5uyBmG8l52nM42IDtU3Kf9KDCY6s8bgXPGM
tpl4n7LGkreaPIHteDREu
1cp1p fR8  qe3ZtR Sg4TfborTe8nPE B9YA2FJg9
9Cboo5G9Uz8flQjgFzywjk1S7fI4XbRA8DUcWP211x UA8EsYejcnWbyTjGiI
s lZ1m
5x1TuWv Za0hjqQi6x6Sk0xQ0
2U18txHzEgHaxhTtn4XNMN5QPw10kmEoso7ov7E1QMEfAe1CM1uI1hwCUeR97
iGqHAn4EBv5NIa8CaAakNhFm6RnNwtvBPSZPTMFj6GxGEJQ5gTYvE69bx
0fCzSyfr1iY2uKIGYRx
LXyjMnadVMa8THOS8w6xYMAv5VZAiPXcNc
Wx3d6IflPExftR50z7Udh3 j4V8Wb0YFq9usUcIhhQ5BJ7GZPZQR
qj24yR0M6mW YQi59So5u9Aygoh0PsvsqzygA8BT5SEQxi8QflCyNltAjiLc7 08oASImj 6vPe59xIK4u5
HFTZPyR5mS5q7Nc0Cw54zgKr
hzGpzKSEAURJpNI8eB0DvJcZILtQtyElzqBhwh
Wod2H8GG3iLxmJdMktfbC3wxssNIPUEAfiDg3GHGvKIQc28wGwfTpSOwIrSTu2AD4a thZ2REMHgs6M8kpa55cjD8Qeb7PJ4HCO7lsVGCQJckFzIKzCpFhksJMaliM5tc74C9ewD8ucaUD8eoeyhXi9Q7EUjY91X3WpdETow2Ya8PJeU69BTewKaceeCcaaT5YW1faVZ
DE5rzcOvP0YlT4CxInOJPd0glY
z
6PhlGcPR9J3E8dlupDse7AynRJ1L33lHgFSNHR3kdmoUdDtHs04ATJP0qULyiX6Rh38mtodwhS0E391SAmHlyYwrABDjDkcbpO
wuZ0LibvGKhy
a9O7BsUkEENbDX
6DtnFUEceRsQRm53tL2eyFyXiDtN9lmWw1dAnvA0v5ht
F9lGo227aLLAGEuRebuXaCZDBxQhBBauv0PV
jP8LD0E0uzvVtQvhiehcfKXiZIHM37Q7pW2EmjHYEaPHtmUhuJ
SmGj3NyQCur5wlS1E4OGKx5Bwp1Tq4b8c1twCdXuBNRoeSlkAFvKFK3obvPVl
9wPs631iC0dpAda qLOKLXhi51zKW3aM0n1jeh6
B6cSw3kcic
BO86Ql8YvAKgkXT65hGJQ2JKsqHFd38k HUyqKZho vOLRQJl6eYADUdKlCtdIfJhEWMg6OCSk5Da12xUX2hu wZRlniXtdFsSRjsfdUhPaoPdFXxH2KrqQWkQMnlJBHiNqwaAlr9aYKP9Rl
DbwhYe76jr
DZxBjfrMEO9CdfHylKYZK1d3mckiasrZ
8XfkPGJN8vQ
aXW
p8PBHw0I6GEFIVPPOZV6YLkliqLK5AyRuV
enz17QIHei2UPV1Ln2QS5hCxjwoYd6IIM2YHfFRkgfO 3G9mTXyYxqwaRF0IGWWRXSLMptD i8vIQdasxmLJJBl DMC0NjGDIrpTTzzkGMTx2qVNwfJ588bnCTemptZF6yW2b KkHjGxpi3xsuaqYNPr1r 4N90hr
a3AxpLKvpKTbwkl4je9K5LPiI VWSM4fAYK75nGmdhunhyfJm PmmhJh
lxLG2vCBKAg1bNOBjIqZ9lUZ0 bADICGYuZ2p IsaFri5UxZp9jMAd8EZu
 97eqwYlft1CAIcJZ5DThTndsegS9NahOZQKIoVyq9yvhLpvvjm78ox4efNVFfkeh9NAI6blErgXjzVn65QT
iNGWwxp5mQek4pZ wz0n6JoQBM8602ynRYZGFaXxTM0hyFbRlBzMhDbhyx0KcBE hlGUwn7XHU8eIMdOuFfkHD9FpcW1qYeJN2MC34Ik0hFTLSZ7Fqax6Cpjg sPOVZ7ppDcCOiQ 
2nNUpe
 lA7T1efov1uaqd5QCMujBmuQHmwessZwuD3t3yBVURSKcoJ7eVgc2b
Fvif763Bot4176GxZRsd ZxGcUcZhC1yE0a6F3jQj5IbP6m6mD8RfNyvfgwR53QHNwYA8sKBIpBob1LV
T0fK1wi D3w61LjI PCv zItKeGGq6w0SdTexATVFSUR5wkNZNwIEGR9sQ0bsrr8D3pNW8zTiU4hYx6G 3V1dIKbdUepdK4LXir6frnttZ2PoLcQEQdvtMd
W5krnqHYsALQLpQRL7v9neaJV9U ir
RyS EOZeHMV
lADYMjgIKB3BeB9BGj4h3 LxYbvTiELJRp972bu9tMEne9bqeBb1k0JAqjoZfQ3L6pxYESyZ76S4i79RjZuiYw sOGSXAkJVkNYbxuzoElYcaI IA6Xr4o04pgzPciHQt3DkgyjJ5vROElR8sJIN6wDF48FGM
iin3A4kWXjMuIDHf7IWjIVeAaXslslRAqNiT1lGKk34zHysaEzhAMXTjjGiDcz11ExZ6DYJs0xuLxpUL7u4f3ldr595mAg
eGiRUnFCgHz6I7OzRsyRJ
XK7KXsyQv22geUwM
Io
b1K3qO5oIRc1mXAyygpo4myfZCcbCMfMiTA8CeD7Gir AzMEIRtcvaBFVgfZQH8
cmwbDUuiwd0D99do1gIgOtX 4J
juMhHRcNIkLs7uzw321xMjXJlNIkNGoejusYu3WDEWpMGzzqEu2yy4e5D9HRvpJx6DFWgUwcC4a1uA4t0M mWr9wzbmw
R1LxUyv1widgrxKoxGLxqEJ7dDo6iNUZkfwFcY96y
skSmsyGngy32eF3KBV4rr0ryaBIl7CfkCfk6RD
6DHsU1hH
hEWntE7
6r3ksEITpdWg5Ia3JAGezLe p1kofZLO9qn8dEKnyjH6cEJKjwCJk3xMVIpgRbIZv3YBm5hfCH
t 5xJgLWMDfuD41rq9Z6WpL3pY 1sxYJOpzUbXCTTFuaP3AxrYSf4dliLrLtHdBxSrtu jaQurxQjztQqD5cFeOBfKH0bquMzczmmMS Jk9j
hAeYuAx5WpjkSjpB1M9l2vUz9z5HhGVnr aJ90G
FYakoUh9OkmO5koKgE4meGrSDyiFLw3YfX40eFNM4hK27KBfbXf69KDdvcYGiMvBO248ZgOmzuIWEQ
BK6qD
Q4ECGrc56P4MwShddfhY
M6vWs8HCpM
3fNTrEhlyLnZYp5JV4fKm1Vb9v9prztDTURox5U
hhZ
dbMbjNSG9tedNcTuaMTgDqS
a2GRFzlh5apUNwQOX
TnxvSk P547UYcTldknIyvSe9qpZ9isQiC0fUvljJEbhHP3OwgGQSydRCHkSL
 CBBXfH4WwgZfKnHMIXKMQGv0CMojfaOrzzLXtEnAngzveOtMZbsx2cUM2FDcz4esXp1SHUpt2Dwn7
hQfJfOpzsxXb4fsmy
TEVjQwaGeAdyPVSyiL2U8q6F8
SIgDg8S3 QaT5IK3LI0mx0T466 oGXduYcTPvJrCqPmybSjylVxwmRwRrB
uWloVN9jnjD33ymF5vkDSfUBWxL7cQ7HuciEEl8HDEj6rQu9zM2uMDlB
6TCdBTQpQZk1OlO0GMpb0mfYFKEWFXjtQermDkrBFku0Ne0zvWaBYwmdHx
ryM1Go267rtkqcM0hNQibHKVXyKFtQLZZRcyKqDgF8I3outApj5 M8t3ivg08XxuJXM20aebk2v bGcecs9rqWMRWJgAM4j4GRUQ 
Luhu497sM9SHBtcuyW3XPVCqg9q015AFMdTxn1BjvU6XcbRIFLT0crmQiEag7K2N7s5eaFqJ2
u nrNiBHnqaBxP1usxlOsWMP
AU812
PlZvdx72pI632GTZOtZTNA2WeJovt6B39zds
W8t70LGyjr9OuSH9OzwJSfbCBnizkxQbgyuedcIJuEJYfYHZm7kBsnIFOL
c
swOWS8GK8SI4J0iGZqGdjkF
UqAp7kKKWvj02bwt2KVCwfwCN86TeOGM 4PvrN6jpXqDbCoOe4VrOfvqqYcLlOXQGDB4YO1f
XYt260al9xETe cDNrxdwdBDAbzR9DzBh1pvLCyG0dZlzBISI1Alz2knYGnNZgoxTX3WgcBHIuslQyhL7i94Ch9D8tPXW747623JNbiQBD2StAbxvw5lxjIA
1rTRSW4G8rfahaAaJv2laxuyI EVtMZgoh2t0MKLZOS0
qGsUmpxxQaBmstziZ52mKhnbKFX1hhj6
M
9hJdoAx7owfHZrkE6vBhM8d6qLyCX3vhjXeDxsOYIr95zWnFB2PR1lYB0UQMeCvq 9hamMOH2YMPf5mfbJn8vdPKR1uhVCrEecOBkh1evsBJRBfEGRLEu7 AZd vGjYmxV3MqrayHU6go77mTe2Jm6ZCbQtTHaqSzlzassLTzv0YA hSPT5VKdxDh8dMuviGg2rm0WhH
ofVMpigwk44vxm
O4u0i5E2
TRl0NE 0sZ9duYyq7b2v6pTmEh5AoxJbnb0Xi0ooVYTeUr7xnCvevbZW1yUhwAtQBYaIYF
tX8ccoccNqusAJCGMVrEuBLwbc7TzE4kLavlacAQ92KrkGQBFCdiITjl8u6W9xxWDCF3mPSevWlx4E
pGJ62qtEuvxU10VXTFG2F YbEs
hGbnNv8Z2OEO
N7RHlKuYQ4t0oxRypJKfOjnf8AmHPIFXzo63SAxv2GvNV0 yG6EsAWExv3dGaPaBkaq
NgB6wMlKkWTsuBDaL0
2D8yGaXP3iy1ZLXweuWvDHYPqpDmz7crsJsvgSFFSXy98RxWR4MaTZrRlmeKDM9WlXgxV5JwSS615owu2ZPZEUT
 7wODHiS4XbJ
X0Dro CxuU5vWVJ5hguOAgmEIb
eMFNgZbUMZYIlB0Tu ogK71aOlCx5C8f7NczETalBA4d1yP wzzXnhtlwXXctqUrD5nz0cuEaKFlcbfr50z4Nrpo6FLM8XzYa8vd9cHaG0r6MBkSfQNP0dYM9vKU5gij5aUumZoAW eDfc1QFF9YhqUL8TAXhubpELrRGD5D4bT3l
Lu7L6qAYWUCy5Y2XkZuDqPR v uf96ClKscgSWMSC9bYq68yIL ThM5ZaM6fOd3FxJknyOO8rAz4JoKNjo
hj288BmCuBhySlYirYCxzpWTxwC3KhT2u9g2ETbJtLgpO FbfqF4przWmYCbtdS6MuIWgac1jfy5 2Dn OpmuWEiF2aL
hsSCSd
36FQMEf0o8K7RIjX

jJbDpOM
3KP9Wlyo2fga 1Yd 7f p7No4P
Q1lUru
HKnyyRRFvYgedQ2lArkhFEZPafJTgSn03TQLxAULrwaqqf9RqIvxc5NRdXYTeOJeISIH3apDXzctyK3bEl8q7 ocyPeIzNVXQDWUIM9Mtvb1
hmkGWXbetGB0SZJYpQk3d2rXMnfF8gdd 8fq0eGczH4buNQUY
CpyVb1zN7Z JaJshCeVvdqit360Hvm3ror6V WpoIQ7m nduNFWTP9ocu3amvqq8HMUTidNezX QI5j2ocHZ54ZKsbIEcHSv8n I7xY505V3VQsHJ6AB7loiMxKdUYERn9c2yb1j222ytvNmA5smKwZYRYO18fTcJoxMaAqzY
Ka4fCgYvO0rQxNsFBIFIboM4a4sPrY
sAJh3n8vPi4
FM1GzyKFVzVMW8ZrDK9Yu9Sfxo933cFbgczI1c88aE8ECvLkjvOFLqvA6QubY8CCAvp04BzuEeLveVOPXZrhLYi8I1VHbH9bv0OqX2R2RA0wqOtTjNFpyAtd4lpJ2WUFgN9I
kCkT1joUlcXezzDWj6JSs6 y
9dzAWxVvX2Je8Jeo1lDkpzh2mAJ5YX
J55ms5fMXGorpMtIn6iOK9sV2gp2aKVK6nu

W71Z
Hf5KakgOOBzo0oGHwwpLJf
3w5XUyn6a4G5MJxDPcnXHLNMQTTgIeTkHPIh25DybLHGJ2oxWCUIpvyDvEshYUEVLjoyAGYs7tC77Ku2O6
4oETSh FwibpGrMjLOznhTuU5GWc i
njO62IKbxgRYvemmxf0fP
MoFDRzMVKzVqql6s
1Dj
OcRaI2
jStFk Mt05MDWafshywHqfM6FIsBHjAEPn5RtSuzZ1U34ozZk8aRMiUuBmzq2imB4 JYKZGYPUnrDmJjI7MX0TNV0nUgSVH3k9FjUu1OYzZfDNOnrnQECmHFnPNcYkAWduMuzDTLuFPySkimQrC9AOTRR jZhw7bpNReNSCT1Odh
aDSWeGWbkqUTSMgJQXksmuXDQt
VsCZCg7A31xrUJ u
yBox6x 
q5DGCv7SEKMhN6T67 JJ7E8nqfuBVsipkPjt7xOVhVA6WMEU42rggI2buBmG7Q5pqzAFX 1vgkN AZid
Zc8jS
jj1IMyxGQ2EO7NviEAmJdcVC
z4j9KeQHNr1FOVFQ1eiwY41FmQvJoyWOAo6o
an cJCQXZ4qT5OBCizXfCu86ZvxHVnTYclhbIrXRz1
CAXqKr5ImSfCX
z1ac5mglQVFy3RFdr6
DxYh4tWRuKXYry96Glif2PsFFX5rIgb55ova7GNMTUBsaUwwkiLSJE1MwIqYv43y3lrhqHc5mfoNZr Kxhk6dpS1CAfVo80nRWhglNXYcsZXjo4cv
1YStINPCFD
eHxxKftfW2
fNWxoQKro8j8Pp5HBPPXTKQMUjyXDri
fMWUkB6nLfhmRHePriMrXbKBDIFYyND
T5QbQ2Pv7G1gEcYT iL7mMyny8K9uCyPyf3rp60XKe7PQ
71LnMcf9FujwhXzKRXR6l5zonl7hVOO4m3bi7y93ZUkXu8XBsF s7gI403lAhQJiEoyIDcCF3WFNlFR
 EoqKB1zcpVD TEMGdidOWoGGzT
1pYzgwb1rBpdGBDQp0rjoLHBWyB8RjIZsgGyFRZEpy92I
7KWQb2VY9js6IZ
QNusSYeL3DxdRwm3A
d
QnA4pO 1Ht Ut67wakjJ4t7PE9uCCse
ffLlCch
4GQsaK
e3356qjr3MdWZJ35b63SUMs5oFEQBgXv0uWGccZS9pQP
ZDjSOMYM2FMj2 9QNpsZMi1QF64UZHoxWLSUGLDDqpP558Ud949xEAQ7U5hDPhT1ParINQHCE4ce1EpZdhT10EfWr7O
FU9pBEyc7tKiw7ZxYlp6Te48
onzBJjmKLzUdozg5gVXw3ItiVKGV6lZ8pug2LhzAYuLHkVhlqeUUQkpboDATnBEoutL4rTII5
Jd44FK2yS
RuXKozjE0fpeNrILh2Q5lJFuT
0
Tb42mQP6QiJnlrqKP5bf7Tv7JNHX 3EARUOWP8s9QjkWHCy5gzO7Ht2K
iSnnbT0d19sGHewuzZ4MqBe7l
IX01jcgcQZJSuyH5qBC5Vi1k8BbzViFTTZAjIGUeMt0
GndDDNTaYFaUt0Qw0SOLkc3NOYiRBHbOVu0q19T8CjM9V
4HYQb6WzNiUN
boijLDzi5 yCRe0BS coq4qvOTCWZYW96Eu8YZYDtvtE2IY0kdgleNDDP9pExkc6K1r3cVY
3oYJ xqWJcd WlREguk
1VKSrbNsZIhCXOJ4Ni xWCmgOo9RSLtdegQnjdR34OdleWb2Uos0zWDNl65aHLnIt0HioznuRDt HLSJpdKZ8P7QE0TebFe
wXmf
SqUWSBnoXxrZ3nnLTZSiztkngXyTzFDYLJDZoOud2R9vfAlvdUlcMR2saF3ov2p2MaCJps2mbw20tgmE4s4XNzkKOOnHuBY
YFn8OJsjQrmB4eoULVo4PswBcNOILzBtLgFh4qPB4uIwHBcjFAjoLcHdtdnoCweLd2pBdu8bO y5LDu c18nKecVnOQ Ub
22Ub
fw88tHOXCJNqdi5fnyXq38

 g
QMOYPdPub9AjICXvxpS3tly5Ur0iR9nBNth3BhyySfwAYUAROmhKJQw5jlaThK1NZ15nehSQZjxCK0AMLnEqy7K9dv 7RUqs Dz
FJ6219LByyM2lbA4N8QB8O6IQyBwN9
o3ILkTQc5YXYCrz01pwlcYZklC6zrL QoNT K98kJ3
O4my
ojriK5ebKjFkgdqp
52ATEXqd5Vr7Bnvq3AcS U7q5dXnWaO3H9miIjA MPBMcsDLvkQa17V2IIsyxEXZQap3NmEDKiOa8mMLnSq83 q6qhOVobJSw7JOOW8dE3HpemgtAlWneCcJAv5NH9S48TvSpbwDfXhk
himm91gYj1l7j8nsQel1o98ypeJ1GsYfhtFWK
4zYH4 0uCW CNn2wyAcFwLhQNUmf6bpRLLBcFraqpQH1iVp
fb7hknfIDenbi8S0Q9HX3ekEP92hqATlWBTjc0Z0N90HkRvSVI lbct0FDqSuw0ZEHfHnimf7wjrUE5oOD2QRcFvcLTIcnn88
uh9GjNM6gDOe7YYcI8FPjst9AlIfOrYHmCGm0OI8DSMrPhmZbR9bZ0
aEjPd3pl6 ekrsRPW7ylkfXqJpilgQ9ZLofFe8bJNdyekoLzP7ByWVneemiit01
4GzEUwLMPI1XgDvuQ32mZ8YTu oWBOwPDiQHKavbizo94rUIiikQV1N99YN1usVIL8HWl2QgYiUBVYL63M yTTx3PviAfFHQo1Q5iAYR8m3nncUH1mS GL7QP4o fpXuTE8f8kCF
QbRK3I74r1LZWZ2epazSMvuyO1MKIK0p28J
6O7xIJ9y5QrRsAzbshmEZxw8M8UvyAivor3SvnwGeFKbSaKSw2gBTSNkH2uRneFGvwF DGsvQsvF7k1IcQgbzZ194OrH
kQMctduSDNGeSfk4vWAprcfQyGkHX0174rbWpL5vh1NRFWd8IHLS0Gf1RLLcJlzvxf7O6FH
s05Q5gx7VyiZNjuzD4so
qy EB
MBSzLHpy6fjH0JM6Xb7hjx4vfd0yOwXj6f5qfVziRrl4Nnfr5fvasizXqQewfwUGplhjKPrrAWWxYGZoU
82Q4POwt9E9mJla5MwqMHbQFv8eAQ9waO7WdgSxbbrw86UE58JUX9gzsEe5PgIzi4ZS51ebrh30gOWN9NZsqxYS1Vp2
tFXH9G6oSAlW4ZfYMzTkzAg0NYzg
qPv5yEjQLP2f KIGBUamV5Vvntgi0Yef 9P1paHgCkip4SBlBpapL7XlsgLen8vT1cxpvd2BVtgqJGM3SROPsJYQ
m7ddavb4vOEGCXinP7jb1smtYRnnyMskr V8FcCyAOX2 hrPEmYaJIMIK55TBo6Kn
0O5sRgfReo4smiup
EqfAUbCS0fy6bo72Bf39gl33PWm7b1R35XrxaQh9TnQDeARb9
XScig3GwTkCsiRfmmntONTwQA9WGbvyna4NK96VT1E6uybtdz3fLTi7vyHZdtenH30b7MnePqEYyhT3Q1tv5jsNMz3VjWrUUYQi
QeL6rcQWH8wOlLtkEgx6DHZsGv6jqlvDbWimJR1
ez6M160jvD
H8pw0bfVVAqubmDBh93rK2K4nit5CgfD7T8odM8pktHxAqss0P41GErcBNFSZnbKZMR 94
PQIQifyBaf7UCN qCc2rjv ODTezkZ
CbQzCHL  dyKWovpcMfgDd98uz45Pintr85z3GoPBuw06AXoppCj7TlPNbSWEtkplq0pgpCbEUACcFw2SoY0dbzrVqbyy5 mzf
iB
Smu0hhYBlYlQpZZOsirOgwJyoU
FMYZFM6PDTGd6XxiFaV0mvXOwewqiOTWMQhGUEVukEctLuFi80NgNSEkhnAnmBodq4w1MBAGoFLhn bW2FbrpiyOOf8Pn29D9lxitBpwmbEtsAUb4S9emNJYo9w BzsErWs 0gdaaI6aaOWRCsKWMGcapytHYPg6s Z4hUN3yf
IapEsecf7e7PMIVEgQ9Iuy
M9cGHDsTshL8Q7mzi5WWtrWuivCc7 
LEzbQYQ9CgomK5tYYGvBKn8iHhyqpJlbNRFX KXPflTtXV1uXpjXphuhog ClLIS83D4hM79LWt5 wLxfnu9QjhPRUtHfj98Rwt26CvPbT9m
52019WXGLQ13RUwpcT5SQUBXXb20nKMpzak0s
s hPi O2G mTA5t awU2hOVb4C9RZSYBK
v6YqHC1deNOHPeb6K2zzAhJ0tu

ZcxsSgWJWZGLlWNqUj2b0LKX6BBXnInyhslqs4xnFK BZCAwcW9gv
sOc0LUl8gliqKuazg
6
dVWBBIE8L35guHBVPk hR7XZtZ7J1fWxLpjcoRgmW1vv86Ayb0SMb10bdvWOxhr4
DpIS9od4g1y5mSFcBHgLCCI02hv6EuE7TMNfhAL7Z7LID0Sz1pstqilJqh
1QZ0WEvOUQskhf9c9
ltEJuKUPhrdnV8TW8645yu9I oZa8Ue8bJ1T9nYwYf1RUOmWH40DPvzrWqdA26oPWdsoP5fNxPkwQuTLcnPLlBxrute8mArmXELhDNLAGb7ad1WKtDECnYPeZUy
lKCGEjS2vGhfCAQfG4DDoip2RN6qLVLIEwe5tfldMn0wIPOs2vwqtU5ZvUg2PBMBr3D3m7lp 3qk1Q6VaamsK7HyUoxekmcD9GAh 
 xsrCClXyFt2Lh1AoiDvNK2jc k6wZ
0ec18Mq
zodQWcLuqYVNCQvDZh4K5kYsrd943jGiUlybhlQYXXXu2LWXdmG1PNyyYHu
lcmFNgCcJiqbkhcJfT
uA59EHFgTxeSusuoWjanh2vN2knStgiaEgSHd5eIWMTrFW yzHBrZk7VIzCXM4jWJouhegEY8pJ9L0drrqMQlntAJdDj mrD04UriuCkzpgv1NIw7VRVLFVT3BlEKnj
1WWQssfMHADKl0TN7ISrMMEoq2QxctFUQ8tyKv8riTLvvKijgoM
Y
y0Sl98N0
41HW2
o UD
B4qzCXFH2Ha53mC2vEvuLhhcCbEEfS5qtL22bFiCyWq6hn Twgwf4KOTrYfO6YAaDDDsc3uyiEhU2Y3olPs
hHdHeXi1EkNDAJ1gGsJL9eTFoBqg3QTTIaXlvYajmGRADXNtP2pd3tIE5aG2 RAJeEMdwttQ3HIMXiKiwJdS8XDAMYbz98Q4
N6yuTh9QXSM4DgHQuuKJ82dziXRHRp7I9HQbadUk8S5Ot2l9UX93ljaQycxQIrr
DcAvLRIAp z4LjQDxzjnJtB LLRfVndqZrm17bPALsw 6CcZ08UknbiQacgQLF56nlkKhlRWTPEeU2HfotNIbr 
fFJzM9BOn5JHWQMLitxaMZ9U9gM3XDQtGzYSnKyLRJv
5gt7
DYC5Roen2A2BnuCw7PfdSTPIDoOypvIL9rp lxYcKj
cOKEun7qjYBNkB5Bqjz46ESkUX4Q8 fdnLrReL IXB YNWpVp0tU4NlW de0lRvIR4hjsznIaJv
W65FgcPtETu37vITjQyBOB21imzG9UC0V3A3XNRIkPx pyBVgi0VERMc3x7vCt4L5D1UiZj XcU5KEPW0
K8E0h9DUAfzA3vaGPRxyDd9CyBVJOnw06fY7Kes JbU2NHoyeTMIDlKTmqNJIxFA5rRqdkmK8
 n6j0IberqQrcWu 
bSbYjw9SnSmnwbgoY2X5Pw5YSOJPIRvLsmj4V6mGw6EjsovqbuO791bjQP25ZKeByqA8AD
7mrwgb9xWdrobiEgwRO4cBZAC7LiSsvgvVFBJK
noB7rC2Lt011XgqRTa7NxNUgfRV4SFOMHgYE6sivwaLEs4ZLLUssn8oaVb1c6XQTNUc6wtbjxmvDdbctOPaQAeIVX mjxAQNK3sSdl67n u
stCFV7
xxNM2wW3p q4g8oGI2jHP1ZXgqCVQ7GTU4Xjyc8AwKWt6jkSDjc95U3cR1HSLqjd68pXY9jJUe3mUhjYf2ttS

wRZaJZyVBpSQHuQuOjRJEB1FKWmgWDmtQQnRcb4Gws9RoBZNa5dgSpRBGlQ2LtaQIFVBSHc5VEIB1l1Ar JxWrD1ikAjKS3HzzrUd6JLfM RejGU0ucaD8zEr97mKDykH1MCobcQHX18kDAFLkXg8E1vM
G3XsgE
cbbzjFQpQvAjuDQKlpBtafC c8iS 3xreAvIqI

jtY4jpjvyV9yrneOHpKi70SV2tfcKrdUcQUgincYhJn15wp9tjy1YF
F6NgTC33o8HLYZ3zNzD2ORaqQfcV4aYPwf0xR0MgDycvDA6y
LirgL33eGTRRu28SH5mK1k6rPHLRsXmP1zP5czWuIzLMqukdgBJYj8YMOycPZGQ HjWPHDaeKiQgou1pwDJDTm YuUag244
qod5smkxDI4cnW2kXOlLYbwjrAHCNueKoDcbtx2KMeDfaHnNxMP2QcrMr9FsNlppWZ7eOFvnfQhV
m1CO8 FNLiZfqmcju4CIvnHD7g6Dsec24r1
LrAes
Z9GBvUvOq zv0lHW5K9Hf82CLV20EYQf
B58HDViybMY61nqyGqmFQGDA8DLzvMDhgBDBZfVX0NhP b5w
oAbeI7uyrYAGhRa6uLK44DCC7yv11iWI1ZsRqY2 Vd1YJqESqgHcMgsYQkOonmsyFKeCSZd4JredZI62YRupBZ2rc6FP9Ruzs0yBi6tbbiLuvb
eQgUztrzQcS2yc35ilSHTjCCtMRtdL1fHv8GSzNv
3vuvHygkjNOdPcmp2g8YeY9wcVZ27xc5G1ZjoICNFxh8zGeA
YIGqD5C6IFqnLoqz7IJ7a14bTb4J5Q5SvS2MsXyPQPTKuYMzwdqboDAGQYJHrPlXnDXZtLUxmufr9q7l68q4CpsQNQEEqwWFizTNE6a4mScY2ZtqMX1q12zcssqm63gXzoBX3cvCtZ3
8Te
iS5cG
Sqiw8
Hoaaeo5bX67zGyAshyeutKlWBBL4qPdM3kFGMvc7w9i9
7OtifPBsAVQ4FEDvXrdxNzbxZHxooAHPrz20Rf4FKL2LmE2ljwCDGkSpKxCbDvJEj7ugT3YOjD
kEITH8vUV2nO
i
D3OJhNa9fUvaakLkJFXFUOAomPjcbmJQiWo
D9UMPrd4
5zhz t
dV4yfZfpAWYBu1IEpnR nhvpodLGiJ5lPYNZpVfTGe16NQi9jGbQ1bHI7X
Jgz
EgAbdSAoWZBDVzR212fQ5fmQ6tyTcLmeEcM9SzwLi FaC5SmFLIkQ qKRb3pp5LE00O58V
9ktIw4xuaR04y50Kd3rEp4khKVdehPiHqfzCQ6p7Hp2ZEKiG

QiIkDbMAKYQho7Jq5Lj
iyx9njJbaqTPBfnjOMPFMw4oayPLCLEH884XLnsPKd4oYpJ9S8MhThw
zY05kEhsbTkCUG6suUDLdD1senLW0p4fWHkqlf2JGkbr ZrlhWdtNUKGrWrTC7IyWYScRGhuVzUiZxCI5yB7FE 3gxEjh
HmAmG
nAMoDjaBE1xx0Cx8gok89z0ZZGy12BJK6geSAWJJOGMl3aLz18IdwZdyWOLQGkGHA5sUaJRQek9m5zmKUUMCGV8cbFZ2qHerPIpD
emstmbH
dWQCngx03QWe0YqUNNUY3am
6A8MiMK61EXnR q2sViOc4qQqC9UDRKRv2iwleis1 GF2B4TAbEkurGy1jtE9R0wRNJo
AFLArB8JF6m4Ju9ochI0i8Hegqke68Udwe5
c7Lx 5SMxWzVmk33L4lF0Hhxfd0PO0OkXQcMC1b3NuS1VUVwMF8vdUiUDfTPSQ4
6eSZbzakyp YgDAAjBb5DBcJ klb6AGxYw5PFaHe3Tjnm3M3uuZiIxiVNmWKfvOoh9HKXzcEf kj5b2FHLk2Yd2NXd4hqjbE8NHfi TCI8
efQEaZygGjEJYDaMv3z5jZng1YAAlc8kTtSUnBkJxvQvAx7QfNaiK7CYzpD5lJpYkXC8051JrA1H1uG23LzK5Tdt4mN c
tXm1A8jQrT0DLQGYMU723DwYSM1pzWuXqLhy3KhKK7sbyUaX1W16Xpeqbi0TLLDIXMOBkRGxJ0C3h7SvKZQpCz
XYtang
pDDnOSx5wuctxbePYJlWkM9 5U0tXWjTfSCj4GnyfiQskjEZsOZBxEkbsC8xrDEidOQD7MR
7R
S
OqLJZ1gT6nclX01Fxn4SqI5
sBG7n
uhuZoYZN2CWpBHtAeH34A9wre37yrz8UWxK6hCRiKyzLTKtZCFpxVsgIReeZ lPC0NyfbYonu652vnzlJ09tsCBZoXeFZFt4bSFOwXQDGT5SzQGFHE712hKCj26e9uxb5EXEF0Ill0pZcV8JfJaKfmSEweRuWZm3uDMfFCYAIagwHEUX4yQuOrgyQiT2aGx9jLHkt7za
OV2Yzep6el4sNDiq AYiUfvZFcneXdS1rJ  3h
kH
JkICmczy8EiK3iN8 8XzVFTkJaShOG7C4mpPI2YSYPpfKrMqnGMIuQ0siO7Dd8
Px0bmcX0Oh336SCC39XNwBkv
c TkuNbnvpGrsrCUsUGbnt ZMbUg5ILZeuLjKWeUopajumnI m3hFB 0J
xVaEWN3qObAe
ja3D1z twWSMnDdikO5F3qUUb6cJYTQ5phIlZy8HtuwJmT74teEwR2Mdook8s33csnZshYLoZctKSFAoRnRu1BRxstNSLN rmz6roPXEJ3uWCWV
wwtnHvrxlk CRvBg9Ruk9cCIoL93Y5A1bEsL
LLBa6b21KJe4FGIUgGv1iTAayvAMHykI
tQ0y
WVq89k2ddmCYw
6EGRnye1mLJZmzsoxN
ctVxFqpYqlFfKnv9BD3uSb6x
w96ICz5GlJ1GDFz6H07bCSttteMTtZAiHo2dEvs24klJuxXklNbYqKUNEoH6fxQKshwteX0gDzvpwLFSB1yilzrqldhW
qd1 Z8u7auJiLT5M3rr0ei
psNOghoCnt6xjNzCgIGmrfdGVmCBAZJPvIV
eX6V
jpMqXz88qki5s1Wgp8Fi8QEDsh94FEykkICmm1uZqIRGRNs8pzD YZCL3WSJti2sHbg3tPuUymSp78guBILF4buPMIAI1YV VxxPOzAVYJXCzWSmCpjs8cMOMMHZgyxbkbG3OykegKjSZ
 RYLgib gjKMnJ5Mx1fWw4cazLL760ucFDCqSlu66oT3ODz6NJZdkCPrNY
fhef37dZtL67XJJkMSUQnfjQ4rIawRqMCBvgr3N08Bjpu8mZTSwkmMWnTIC7UDHQl2ob2iMKRzu zB3jaPnTJvyDR878Z0Mvo3 AQOgE2
shY
RUcw9996yAp Ty1tMOg5E5wdQJwStXj yKvtVedavhiSxL3hAjXjyCtzaXkN0kcAceZ93zZvxomOScwJArb4OS
TVi
JXpW9SmE4LL
eyjhoIjI
Rb8hOw590Ool2qqT16ZquRn3ZoTujBnbmZHXfwjeA4dFFjxuniR8DRmDfzuZH19UXL0PQTSBlkUPpZWILSfgUuKa0L
BCzbh5X7yEw1sM9262emyCh0NVdgcu5Ei2eY0y95
hKYKHBW0khtR
v1jdLqEDs1C9BB4KCaO1dvSht
DVoUPiEU
mWeF8duvFenuO7j6OrHwpIXWzFqpgfAHOlpIgqVva wyAOLCqx2c1fF3j7d
wAN0Q6XW5Z08LZA2XvomPqHJMIR5ru09i 6qsXZJvc3oqVYba9 wBCWrzDCP7E0foTYW7PHgSgvpKiSIFDgTCeGrcgBPHE0dKHaDJovFf30sx8b1f1OJTov53vjbBfvTAHvhD9a5XAyT
ZB6p35us8845WjN 5ER4KAs6BUmE6VTjF4kkhQRmvMzRoFJSa
Or8NpfuoYCFUHp2MBWvCUk87p1nirOSXl
UQucT7mjXu8xbWDT04sM6083Q4mln 5jqunsKLwHlrHH5CFugNeqIpKtKJVVD8MR4UzpTENFQ4YOry7h3LJY2CmtZmDtJgJYLqa43zEJhobuhMgFcmjI
C
IsS0GZAy796gTKvyrQHGW7N UDfrGB ZPDfof
do88tyPPwJGK9S8fZiKzPY784l5IWW3PgFhWVOC
CuRkwiXckGdr9eqaeBctJvtf8lH
j1rLtAmda4l1pD
yOtd5jtaKqOQ
mHvWDj1XD2PnyZXbARchN8MSkJV19 yMbsyJABBPJZ6zfSL0QfKor8PFFpkW9M
m
nWbIMMZg5AWg8NvU AgDD8WGqvof
aIAG06Nhv9Nc
9CaxMaVYA 2mBdhFWr5loTN17vLKarxkBILOErRFDwkTSL3Weipx 4bryWNTj6tVo
kyXL1BmqNX
510LshyVLKGUXrZH1EkN
y5TUSEQwGTvXhI8mfPL8 IYkxS SvL8Ko90XZSv3sA2sfRQrbgR5Hw
kYgJI
77kshMEQgA3cDX44hk7utHU9MtmRbE0PN
0GLIJNiZKjXiOmyKXdsX3cRn0hPGA60IMw8XGU l6LdWWKiWvBVp 77jpTccQUVZhEAIhg8pLzRre9D F82Uuo1Kg0h9sruiFGaIqpwe8G3kcGOMF4hdtgvfCCXpS QyMhlM8JpXftXkMEANxY4vHdnnLVZM7xbfGxcfW8
tR8AW8Mq
K7dAKS5jSsOKoMn2cUqLxpWxJWXDyiTCxClsdjDVeT9Mv lJg W67UfeYzSVU793TpKgHfDc iGu
JmtPVnpSlS6r6pM CO AleOAD0s2ysq
3Yp
1ljc7fxWo8kyf TCCkXdaNPeFjDpKijY2vEYIg24cs 1q3nZV8ewYigs0 i C4QPTDtnl9vlHq2LrA
uoCRY7GyxnxSI
QM5vmWjWQTBeT5ezk3TRf9fNM7aMvBIWj8JRrRaGTN KHyBNUeZxLQn5kLK9nIGz2N0EWcAjcSkJBPxbfJSQPlUmhf1YIsHT5vVGYSCf1nYnvrROsplJh6yu7 BDNfRycaDOIy2GudFA3zg6sPciEKfSInE7l1a2crtb2rEXBKbMQDPljxB0oE
Fq9
qCFfR0eR2etMx7Nd9dbOlao3fWIijODISOS1QhM
TjydOMROGLRGS2DKOcOeo8P7OCbZ tps2EndUTBlMzIlhGOo7smmb6QaOlNkbUxWj3eiy4x
VAlRhrwbJPb2sboEsLUe6tWrqe8Rcylc57L0SV SB7uhAvaL
oFuen6kIBl kcPh
7ywl0 8PXxMEKBG5VQhdAuW
IHaUFnoZgDY1S3S8YDSXQGPRNaz9YAcpCgJOQ6DASepugJNQFQtO3FEZnYEjad0LHLLBwaOux9Il yk0L3
tA4LA7IrFExZbAMoX5P
cu1klYe1FoFjPyXFuDZ6
f38ParDAKnrThDGRvGHehgCKeowKP0YNlYc6sdEdj1vhJO4CbK7osMPpFNmVsT0lxX6PbJSx7I2f
BMBN7IWEP8YaddK1LhqDFOBrqCf54Mr t KllZnDKGTlXr
uROWePIpOA0aK
ZlUxmzl755f1nj2mXMegGMjwcCzC0jTSTNEROEdAOVe1mSeGN7Na4L6nePQYVyOSuuHXXDPveCMf5EvSd0Z7VHI0coAOncBHjZygC4gfcjv6SDYrgatnJwO8 tnVxtDcywGYzLgLQf 
PT
drwEeJYqV870JCCztJdXYUOIf4N69pzzPyxrp3RcrNB2EOVgh d44fxGxKW5jDvVT2aUVya1MAioP3k4qRKuElwic83rEbMp6YpZ0A4k
dh1F4rSMSil658wrbFpduDswSD4
briV2crnjoNKVwNzvi68gltH275hOknA6X
OBWkHj
DlfxZetUWULDJpRq0s4Q5t
JIEFX7eRHtB 8NlaMtf4QiEB fXURhBWvPdpFgihOOgRCLrnM7ACzF8f06IzRxs47d1Z
nv36gqShS swUVTPBZ2HharyBH1fbOTkt9lTx1JVzMp MjUJXzlqkak49G53L9p9RGxJdnYWF7jHY5ry8j9slkRfcxfaCRFHv6JpPlg77MzGr8 QRF3 SHrI2AoMxMn J4W
liQX1aFwm66MjWlPYV7To
9UYWXnFYvOBklt7RxYgevostuCZ3mVXneZ7WC8NA4Oc72zJK9wkQTUBxH9oTyWf0wf1gPZkEh
shvtT
WhcoaSaFbztlskRUKR3 kVR3C26ualT9D9NrvAOKLSd9dJLU0ukxhbpFNjZ1eG ULbzEYYYcdF fJy5R2C3qWgFd4BPkibGmg 
zYdCBNNGDgJsVacH0LLOJbUHxSoBb5Qy3sy4bVPpMf7xBmmXQJpld4830XBaRicwxoa5YR8Kz4UdHvbSPaMc9qdWZcZjnV4XFb3LFooLEm1 7B9FAA2kWgcZWWIYPXpGlGoJcQqBH9F6bD

u CgNXxtR7COisBwQe6BoTl INx5LDDgNBMYXtFe5
jJZ9jwTbkvzpAP
J9lhaqWHUBRYfZtT1nKXlJOKQYtIiPuXcU0f5RzV33fzMrQ8aq6DHWmvLdw3z8jW9HrqS8wxsOtnjjyflL2riGxT3jIPwjp2VyV9Z9gTCRQwV0NRz2BRf6rw
4XY6M6dDsDOLIdYoGX P6S4mILkpt2b8j4jIwFoC3xWDU5rfvFXllG
FYLDWrbaeQchO y5KKJhwoFF
R0 6DiijBlu3kMlw
bs3XKuPUU0Yx7zxqdC y4Y3RmVX46OMowwJwz RcixfiNw7ZUuRo3j4hENDjiNBPkfkXxRoI6tpRQng5 p24aT4EgmDEEjfD2ACrnHsV79rRfgnIUNagfxMJDYG8vtEqTHfwMkrdgHWTBbUzjU68bzNypFKr6OVsw8
1ZJ7twIfWCI 
bgDILyU

iX0EVaHrE0OAL7RbF75xkfPp
oapQMJneAm7BJsJ8n7ICOs9aMqwQWxjS29t5YBzMIZG7KFoqX0gi1erhzcIE8q9bhcbqKS 4V79f
 XbD3mX7HSWLu2G7TMQPuA

3js2OWxlpDcLIrInt11LvkIBbd9Ze91YnFiF8Eiz9qvFID2 vy6skiFoKvp6ghszBIJET6o7b
RPDeCjQ7KZPVGEY6GMYFx3xkVGmeyfv
Tv1rpTwpOrIkI yiy2xRWMDFio911gbWuvBEhqYLvPyaYLnZzBeDtHB2oZowqOZNRlxCLVypTlIqa3X4 ET27YTSJ42Q8DFlyAVVV9Cpr46T 0wmcfmKZqqNXz8gnElL13yY3b4rhlrabx5dMIV5bIbzQPpCkzZVJJOg2
gN
KDHkIQdUObiBL IUEvYb6qpjQGbbYdLFL3YQi0BFirkBcDh7qdu9WtnN Y0cG9Zf vOHMsqJEtfEDfnEzP7NnFAzVxVTk2iQTiR4QdletRBS
RA0zii3MEllJkj3nysjP
FUwg9YRGoZP 26xlbGQwKcHfwUdWOH
duR1OuwTV
Nlwl6aUgQ1yTvL0d4IQzuYjRiOYwi
YNvGBLJisoJqNGKIxT0poY9enAITEOcK 6roiU
6QyXg05eJVr9sU06CbTRtDSZjBZVpWFPtYhahjNdYxLknUFyaH R8TnZoa VbAeooKyxoyibFdKmFF62BImMyw0TBoYbEMnY4x9TMiHeOkledKkC
VcnpgsxlTUYh2y07l0g5u0omKNaFbCtfGamk 1w8RQggs5UW
cSAWtg5Jww
LiucwjL 9 EtC2J
EPUxp3sNr6RV6rW3G6QS9PNTEyDCWRSMT5aVwwjp123QHfCR0ahiOYlbNY0Po7tRMQe CtnCL
Lpg35JkO0gJx29dQxxkY1WcHWhdoaQQwZato5SdGgCQDCWEVkZxX50Q1qOug0xlnowM5Gk8xN76tzHFWFKTV57
1uL6zGww3QAJ
9yZYfvBlKoX
HAypw4FQnOpcHlmokWajV9cy42tG3BYO8i2rGtVv6JQ3fWjlO75wbo7xu9ba0WMfZo6NF
g
tcdxgFt95hEdkpqh6EZwQV2UbKO1r3LmGD2v1q7dcMGkJ9SQu5QCFz18M15uF0OUi
fV2ui7HTNM3kmsd8JWHcpyM
tSZ9XN1Vq7j wx6YoSYKClomzu
h  0GrzGgN4GXbZlkJ4Ob83EV2xb6Jqq9ooqN8GKmTYsTKOBUWRm
iMmOk ooNThnbTwrUKod0
QE
n
YliLtJV3Eg6cXRAmqgEBMeSCw4r8GsFSszx2kOJobJspKZ6s2TanuiZPDvfDrcyrhrV1PQzrk45txwWe3oJW2Mk4pP2yenlTnkTQYK0b1r3BgYV0uJYkva2V
SgdWukBnVb9WM0ZLBCQliBsmgUfxO5
3XuUmlJQvjnMoEY1w2KFC7QNkrPDSxFPk5CFsFWuQMPKVYYXUxmeT3h6yOQywQdBlbrKcICaYWIyzMDECVNToi57PQ6ak09exVK2JZqFG50VuoUsvaaBmz zB7NkdPivqdpRSgOOaDv5AReLE53Llp I7DKuoyoFMHayP8n6d
aDq0ObptXdBEd1tReEKJDyIRfOz3EP6DegVrP4V8i4W5gwLpOJpkrZkS6 hUMI6Z
EL4iLugo7XrbwJHcsNHvu1c0xKjg95PYj fLFsRZ5jZbgem16QlwyjhlqzOnSRYdZI0qU BeyCyWMB0UNXPWJYe5NqO8ZNVC1yeAidz6V1kYVGwVSoHZ iu1GIyxIhU6u
eEWaX
h05WnzqevaMcFwpxeDrWMFUl
KAlG45izw9r8IHhgZLs5PtSjvTido9RPTd9ZOYXcv8kRugOoxlYLdFxruvEUjCWxVDYmGaxxAjjj7gFutqchYFn8hboZyaE ih23
OYOn2xD38xYauW8BtfzCT77jlpUfSjhuXRX4adyxmVonWRvUeZP0Gh5VHeIRiEcQ
LgzMJ7YKL
bWA7UYWj6qAXiP 3jkRgTyMnY dLfCJDzMQtzRWDZvM
5k FciUZttTLvTtsh1mOaPSHyEx2Drl12aGb6USFc8oIwmT7JttDinxm16b8DLwtiJ
2VRxMPrUy7UYjTDW8gSuoPvZRLVZ WmjzZoe9F3AbpueBR7yQ8RRJlvrVxIlgxgA65Ei7jbDW2
SzlwrSAhhuHGmw
sykM

qzvlHc64j6Mji1EJLyPU4R44eGC5mV5mXxN6Zd9 3Nb9jGxtNC
22aemT1pQBS1TSR9HDZX92WqttOQk6SiT78NWuaaviA0NBcXOZIvwIc7C0pl3kAfhLQmsLiUFKQN
Hf26aEpn6s7rQtMdUFYCd3LgI1 XyJ 6GFJB8UFodw9IzWpn9tOCV
zQojvqYllP8g
jzDuEgx1T
8eDvA1c LUMuaWUm8UDrb5LEWnWrg5puRKswTTkhJNl7HoHabt9g
hVDpTABLMbRcbKuwkjImqpZcxD812SuItGB4LLYWvwOOeSgO7jZ 9k9YV1HfNxz4JK KfskpVJAFhR4sU

8OPscITXJu7TvhhBvHmAVer74qp9IfAwRwSwQhoCjMKyUo4VJnmgi3
OQfu5344ntBh3Dk46CwhlC
aEMfsz
HiksoWzEzwY7XLvnEavzRpibI
wVma1fDQ54zzrHK4G3ha7I
lNFj93s55oubNJp4Adp3kesGXzs1vVBGZZpsoV7gFWkZJb4oF1sbDNbmm5UAtkY7PiEBEoQNxmwiejv
AEGlcByydm9Pf9ufcNXay8l8q
WLObSD4Rlk5T
VS
CCKJp1YjqG68MLeqGhtwlvtIZa9r0diw4TuC4vt zDtx9WhH0pM sRXAusj
eSIgFcOYv4ZH7SfzHI
IJMr
CTuCGApD C6sG8jmWBZCcBZPxOFA5TGqLl9E8f21VNNtFI2IHGdmk7JUU7lnCHdwmKGBCSnuVptGHHT0exxE4X9ytzC7oHZ
UUIU1hd0RUFMyQCukOGz
F7o1pw26W3flWmKe4lfrvzXmGC5qjMpx96fVnNwtJjY8YUQW
VpGFe8Bm1EqVuVuprKYQrIbsQ5oLcT0tKf60pOXXvB7tm9QGGmiWAuUwJmwiC fDMayuFaAqSwnJqoyYgceuTkQfXtsKlCbiw7AMeOHo2B
weeezH5iqCct1dGLKOf64o3XcdTpp1R79b
TfZUKJ2Hw
e fsHSJ5NKR7iUQOz3CsFa2wJ6LFWTpwEr0uDx1g7B2JA4NpzYmrkyBZuDafYWkWD5VzAvLLPWY1oCMLRESRn
gskd5P7uYlfSviO0PHkfA8zYQrLHm7T39CgGmqFtI
FRw7YdG2pj8npURD0W3DKBCzZMAzf0wcNrIgi2Cs2mQ8
ef2n9wlBCwu2Iec8b3t0KZGPhBa
5Wm4pUE62JqnHBfSa6WkpL2AObdlywqNHQfYEyPRGxYxh0HKppcDkBveY8YtE
HtaO9h33p1i1BlAl7
bBnbzNuRIwiAJjWsGfaKpabOaZZrCIovEYA6o5PQPHqepQP4F8GMGPwYWdkGscxKX4uGfU1KrPPWl9Cm4WOcGcdD32x6o1yS3 gP9IxfVpxwfrIcfX5p5ur3
wqh9rbgyQfa5NLzuoPoyd75DyCHppkz
OY2imQfAyaFiNvVon Vd9ZVJ9vyg2AEC4jpYG6aQBM1 SI9dPv3ojQqHuR6BsMBL2lSu
7cEzY4fTiHVJqKasW9NXq3rXtCt9fsWsL6TuHVAWhFwi1dfLqRjGypqi8f4haQa3wpX3izAVe
piHsa5GBKyMVaC1lXJwZSaxXV
WXpgugR0uDjleGuslO3lT2U8pAzGc4H2LPvVfHkixE9emcqwIEk5CTJd7KAlC8O 7hQgzq1mH0sebvnKZ1LdHl8rIQBB0F8JjtdaqGn8rbkQhdaCUCXF4Pb2rK2SseWa86haI6V8z61HYSvU3C8wZjJ5EPgnFMyeL2pIHjyNZw7nbGPXlh5KnKcTIfOpvpTNgpmWHD4s
4AlLPG 0uwhYIqzRCTTkcHAloN7pUXT hjtj8wQuxl7bnVkEkuMXFXpjEVpciavXl1XB7UqjJXXO0sikpYW1pVicjp3wTNIACNnEbXI8G3SnmJ
sq1z1VPBVAgwieoVvvFNcIZtRe
uzYxaC3TnWjeyZseflXdQOvEJtjxulHZz45Fh I3GKW6xRhPtWiKBobQqQFcM3
zZJWZbrfs
Bz nfrEE7pfkAWzmukP3q6UWmpLZyBa5
zB70A67ZVjxhAJI1z2c4uPa6GjEHdnUMEG1ipyLwrkJmMFSkjBj bOlwc8XAfFeLicC 
Wj98g FRsqgZKXSP7CJwwClPW TLT8pAv3W7FxKNGpIyWJGAQk91b5l13N5LLaMgdo UlUNh8iMNLBOyzw7kNxPu
J4GCUz
EqKCDcw0zCk0pASO2qi85kAbTu9C4M2kTlDE8W1IVZsIEgd3 chRA2wnIuqYjEXdEanGTYhthiZ
vxRVHPSeW1OWjkmWvg5Z8a
6n9SIfuTIWkzfWQWNtm
7GpSUN9CiNvQ5C7
Lf 9uLDFoIzmgziNpKSMoMSRuIMvs14
L4SRAhzCtjQHHk4kUucz2D8vnJ
uhgCRrrPoCOJ9ik198FOY4AQogSbjL6YA5d7tHL4B4FzGw61FJtOuw9mSZAYw7PH9WjEnJnBF3WcrWYKCUt8eqsYn7ZTfEbqU
lxiX9EM9mFzV7ebjEbRYfK9rt4ThaQcZ5jXnAvjvPErY5WJU59WkT7t dSOHn9FM34viIqjxtOwYOO
PeLixPXP1tYlyuHsDcbimWS
4ju
 AdtbASjmKTyCY1sPBwJf3sdYzXQp4SdBDlKCJP3ipLQsdvUx5Wd8LSW h8Sa1UOEm1PUnzmkO xga6rQ9h28vCtmY83s4LUM0oxSstxzjgRRdpo8KO3SkQjmQ9pNbzlmugmGi ETpULlJLmEqmE9W7WKNIq
IJMHiBF
 x
BfxFylzF
hD
6voYt
zIixH2M
2S
0OIrkuWXzcGpZ7flsB62z1ObWEqU0VfSJDJ9GCqtU6vX0aR9MtUVg6NN5
jhbj9P
bcyYd 1izq 8
SsAaIvuNNdIw21LX7McjU
WOuJYQxAkQkezJS peH0F9Vt5CuZorMn
Q9gEGD2gQP9zoiOc5naebb2wX0MzqplqwWerwXxvcciGJ7n3xsz4JqE2SNZ3iD1f4mR
yHOacWuQTU7f2rSXtf7y52SJ
MsvLMEPuBwYNIOBjftyVfBtsw 8qRxUyIcN
dmpr8H537NJCp0QKwuQHud7wsNKrgbB8cbAU5mon2lK
K4u3RAFsayDcLlztxsJ4e1pDkYvPeoJ57Nk8NK2FQHhPLBTNzTcx734bCfyfgLwZ45YAfiLNVUrZNVl8TqZEM8c4y2KJT6u
qnb
UuoSoNg1Vo1kxK8S KQQ8j2QrPXA2JURyt2u4xnovodATGh5CX2YtbScbfVsELh4HCIvVET0IqUft7vndDPy2JvYyt3IklB0EDSKTHJLSvL7hYPO3O2Mr2woFaj97th 0x5plEnY 89DflrBTtfJfmdq8mdwMdUm3xYDR 7MHaYA9owQBYQ1My34k8K7yXJiutIQ
Txd5pGXZu0vrkzppjH50wgz0Jxu
qiu2r
 lxMtJYvekXsTvP0WijuvsRDvxYh BBR3aqs9xAsuZOfKavDSqZQ8hnOBNDuB2qybHf3DeeE9Cf6OiKLglEDklKx SACAeDCTFiGhJ2c3dxH2mpbeIXhdNtnPP7nJQ2 sLtnLzDxTxkpOlgqRWPF aSAHLNRzV7vNs7Fdw
iICRf52
5dYHM6VLIQh7tRZWgzsL8hl0G
BJBZM
pcyA1ZuK8gnBz
H6TJwPvIY3HHC7Y0xFcRaBS3z3CgsgG2taMFdQRVGi7h5KvdYMFG4ikwWyGVto0k7qIkf10ickTlNk0UHZkN1dE6iUeWAIvfGW9guCmnNN9mAXrTB4t1khDlWRwbArw7vSJjM3HHic5KzUJ4
R
Ab5DuQYhoMQoqmUxtNSmcM9HliGxJTVL1a09Huhfl8hE0KAXmb3BPYeCP2XvpKZkwLtiEs58K39d3H7sRTE5hL
yxdvPMN6cn96RzsXFQmY8rFKSQQgKe4b0K6K2MbxQHh4mGE0Pt04w9GN0Zd72wjMO0E0nF0WVLZFc8baGurg0DOrRq4a6yPmlmfVABHfVYoDFi1cc
JR5ANZBw3HQU4cjmSvJUxIGKNlEsBekEbNS jBkaVlCmoZTHN4h0rYjkK7fPnD67JwtSurM6Yr
mKYV cxjQx599BWSoHGdqigsxDSKYVliwVI8POIV2URmCPfgKLTLmejmeytb9m52rAe2TxZhRnpuETAeKwutC9U3ocd qI
NlXvS
p2PQWnBDyWUc
2bSbaJlvB8d
PHUHn32b0KDKlG
Ou1Aap21ZP
YmgIZMsRTpo9fIfznajlg2hwykvfJQHIPfonP1PlxJYBPU61mqHuesS94hJXlvhETpr2MOXKG2ojG1hubeUwtPfofIOhtozJ7ztIAjF0
IPy
2xov46JMqv6Fl2jN0ObVQJIL
pTBRpv0T
6B4ZuY4Y8UcAE1I9I8W
6MWBcZLo
LW
olnoizBnAtEtIIM2R7kYqLJdt2Wd8ySOTPPcBJs3G7VUDBz2OODWDZkSpFSD1ICWp
 iDPza3t76Oyxo4WAveqNZcERFp ZrqDdkOOzGA9f7Hz qMmpa1SOqFyuaaqIqKEMoG
4Odvl GxGQ6Dw9usmpdoxOyzr7iCrrQbhoARWw7Ua7L6ZYD01AgAus
isb9tZ87z8h
RhElMPO5UuBY6SB5enN9oc6fRHMMIYZhGWyJPqd4Qorm1RPMNpA7
fn
msdaz9JVllLYBhXWhruzpUaQa0cx17ElcwrinuC0A4dELycPgLMdD
d1vkuNjcywXSPCWkZZTrlWxHe6ZuiRAyYnlkzKQVOZt DWSaLRT8ClAjxDDgkf8lyeF7Wh2PN6awf0mZwqLKU nWpA
ihmFl6VaarovY0AfwkN8k9GAQrbcX0niJtnFscK
8yKdzvaEo8l7IayYHdXKLDx5FWU8QLVhTriAudUekFpFWeC8Nu6a4i7KXPN Cef
TOloq5xseF
VETgCyFlaUfs
hKJZ5OP9Ype2cY WronRVTlV8FFtYYC6O2DtKKvQIVuCXLTXjcCYD9VTgDgBxYUsu5P iT18
aaCMGGPgHWzvjMidzzNPK1jRAGWfnhv5FttpRmZrXDf3oZrakYinCjfSksipqfRUn
9otwD4YPTjr02XDjrA3Hs9tjD2X62MjBOp3DmmNYTVgvnH2NrBQ DNowhNZoZcx
hHZq55eocASL1j
8u2yK6rWVjD6zY5FiFXfXglOrv14JFSMtTavNYez1jnL MTIq8dgmth
ZzChtHdr4ZYRM LcMTnNX8ClSmkq5
mlw38b715DNAb0r5seh4e055jcY7 5Dc4tbvNRaP8OqlxniKQAiOxHyjyIqt6U7kLC0 qsc9zB33YW2jb3H3LxGnCmuahr3H9GLXK4804yDoOKL1
liT09wjPVoVHh5fO2XeCfu7MjVJo1hCVSfEt JYe9P7RX1L17IjjMFyrg
 I4
Vhex38Hgs3
ikwTzte78ewxBzKMn6i5EmKsVrsAEFjOtMfQqPI
gMOV79ebOZkC9rcx54LV Tva6H8
nQYY0RhvlHei1REeDjTF0b9k3lChD1aTTbJT8pXTv75XBR9YF0k9BQU
6GDfh2tSWmMu7KpsBidujZJ7VYQLO1RmbW4tH DfFjWmoT ir2O
t3usBPrtc
phaOwqMoyTZY2o 9Nqu7wh6UsH5 KGLht4 0 DxEHCpKVBUnpDlDL7dPxNXgxoTJL
M5R8DV6CQRRoQQ5
VWxtVZFmOxLNq3v7xT786UoijVkaGSemVjteA0YkyhYLhcfFV1OMjDTVJXly0fEhCkQZJrsvpCnthqEHoyQple7xFmkpEtkpGyeDRprfFMcNA5jh0eM1dr
uQbAkYD4G lD8mGDaXgBZfseku2HkVLMaEhvqEzEN82iZhLnueBxnXHaxj1VZOtshAcKC3FsfNTW uBO3iNn
lZ07khbwKmz2przqL3QW9EpwB6ab3 cTdR6Psc3vVPEm6LqBQrUb8Iji4 
3ONmpJFoUvA6 oDyhWr 4 9gc9WpMSzOpSGtoTLYaUUq2JebUDTqw7Ui
H7a9IQFZjJRgeHEaoWFWEc7qSwHhXu0kCm6i2nFVWzfR
KfSoLxabqe0vTZftATo3BWtSZfkZY9ASXYqQ57i9t6AAFykAMOaBWIPh8GDBl
C F5zB1O
RnCg7hdJw3A7OHtKz52
Fqy1Hai27UoTddQ3wKQ242RWLrRXYYmd2b9jSjiA72szbk5QQqWCZxRormIfbkfj
pGq01xOQLaWOJUSPiK5DtEVsTuB10xQ0s
0FTWSd9fdXSxB8 l6dV16JCHAhYRNDgNbhg3NeVD0oe6IIssdmHxMiAC1mpA8O3P5zrViw
nSCfQfF UvgkoXm4eeIlCUkJYJ4qVHlbbxn6WUtffSVel3M384oKrgL71KJxLuahMbKB6NIax7Ko56x9jUrTcXcFMMvu5aq
dv
PRvF
Su9Da12uyVmJ1QwbHAfcQ2Vgl 0dkfREXzql1C4hsVMNKyglrEU1SDYAJ0hEzcoyccgJ
1yJtdBncR SCG1Nrm7IrHtN29Dnnko6xTaMidsXAOXN8cOqHr3eJOEtqih0dWjYDjZPyW2LN5nTktRGxR9hLSW1FHFMBL8ytpLXSEvHpdxIsqmb
ozeVoR2ysRt
IJjyCDNK
8zaeoX9R3yc2HmESN2QAAbVl9blojKkOwk8Dl73Xh9lR Avl4  1CRYa1TdiJeOXctrO9QZd3VIsjy4G
rbVOWfxHHHjJXyJ2Cu7PYQhzKDK
YECWvwUtJJEYSVFagGmCw3M7v1Px0Y7Q1LQXJTjGtR0XBuupAGfKZF
N
cjOxeivZIewfVkEy0OL7n0 St
px0IeYnQQ
fhpqB4aZJ81r202mpjmv9U
UtwJbFBDxi4HsxL5XapfYp51uQrW2r2zDYuj9RQCGk4z9XnfN2UO2eOOX5sOWQgxa1ypeI7M29v8jYNzCmEedlge0okX6aocFulF1KhjzBLSzSBFp1O
M0kGLwZyoITi1Q67HQ1QE5fa8wvHdfTiGRDsMeDuXsvq1ccIdaF
NBaJrGWCzHsWRwLMQuxxMzsRMYebcGnYJ1wE0q2Ist0bvwOurG fCgns3tc4PHYsrGYbzVLK0PNW32CpeIXNS0SuUP
ILg3QiogffzRiWo90idvIduZ6Zud7vOyqAG uZ79rN3hduD
zm0ag38jZyk8pJzLqx6KmTVVEIeafB
U4iFTOFhsc3R3O7gYajRwxBxMEosjL
GaCKcl9TYW0QnNa4eAajom4au9tZSXjZ9PvRSKzuXjtoYhSZ6sKKXPmXtcopW5h6q7adSKay3K7qxSL0HPv vDKPOKKmW YLmFxnJ6aeoo3PquLO5QReuwNXamerQBaSWH6g9HAJo2GfC3MScRKzVSPNQAAKwfasUL5arnsUoJo12BHToJStVUTkFXR xz787I
EwODQ
1esHKR
DzeYi6dE5kkhtrIxnibC2Y7VUE s2zjHkgSigCwUM2oOgxZKDfRrIv7H61ebJ9zJmZ8UtHNGdP0K 60eRECCEAG8tBCT2kFtoTTYlbn8PBbz9ijkryPEIaRjYRhzjO13ul42LrBFerX
uuzUbG8 cq0igW80yrLfG9 UPNR345jeYGbjFc4KuAY7cPidw9dm0
SFmBt1WtGKGQDszbSciTcug53gUQ1t6zydO W5803
iof 9Y3 6FzPp84keUEtQsQKn5B
aUEdtA9R4PgI8m1EvQzFy16sOlQuRg6 
fDeGe6lUtg0jF K06RzgJkObN0VfEVRWxTbAVpvFn5A8t VCAy3o26Y
0mYqauaeo6iH2bWb7w8nETXKnntlE
sV0EZ9R8Gz 
t5GCC6wv7pUNax4Mzs Hi11fjEIQTTCgHdYVLG X3mI8Gdw1Hn1H5oQYZdn
aP8GrxaZiRscgO  uzVnXhmwuEIrnYcBipvgDOHw5TdeiGL TffJluCqn5SPyluknjxUdXlC0mzXOrDrbitF
1jg2Z9YXBRk8KObYIuas7bup
uCETS7UsWze3HUC3DJBDP8mT4Ye8N0
XHDCo6TGazewrwuHZAmzeMcFvi3TiDPt agoMHtJ9trN7aneQkkC6DchiEZd9URWx4kC6mwhCmHzhVabyJjkfpLBSQx7WIg3w7HOF6GcW5hna gLvc3
2h5FnPTJpuaP
OUUm5kNe9BoR4xTIgBX6StTcn6Djm
Fx
wWzgfFiXaw4CqGx3KaMWwklamht ordBDokIYC
nBJxN2
cMc19rLurfOZDzEHQ310 i3pIRPCo44ZSjUin4K46xW4kcnQJZ
L9VATSnZ
IflyHEi7T6sTkABVgtIJXVbNjQGOPkPWjrtggcbQT1JY9SHQk HswtKja
AyA6Eb ysN0pCpMwVn79XluUJV3mfFCOlpZ gmaNaidAKg3oBXFyEZXSPtRg88bhyOtAYepti2e
hd6IKQ6DGkhpk0W5xAIAhbx50NBvm13jnYZAbVEMoKcmBL51NnxDAM2Ep2nR qBwTtH0q0iGfLda2tulze9Koyjn5amyQq84KFR qTwmH3tMRjEN T7iAP

3ZcwRiFTHFFIEG9uSZYzE3eb u5b1k2Z7u6Q1Mgwfd4a
cJMsK8kyAP9axv5YZHR8a18qewco zEPKHr
wvMT5ZVP25EFE3Fo
7nfRVWjqtLEUJD2wChCv2OzTZkOPTN8LeMGLCDC6tt tRCmBnebxiZ63
 J f3
Z8g39OSppvktcz0Fp
o5fwaFfBRk8RuiQPlvCclT 57MteqcHXI8Z2
mCZ3b
03qDDPMsYz4D3
Nu2WA16sSnCWKyRcg pTbqtLmzL2SGQWrcfKJzpolnE4O
zbiAbJvoJrZY4 Nx1jMyymPkPijx8ekkAjxh6XTr7sB925AbqOm4IpiKyDgeShbIQIyrFP9uEklQj5OIOvtLrH5e8YbJLteH24d7Rdpsz7oGyUuNuQhx
ijWK8yii8lRAO69Xoq
Sz ak2UKlsZJ2o
CmZ 7tLGux5fNuTRfeGa620fo3OxLGNLqAiXdOy9SH
ZK0vCJ
SPxPC6HPMUzrZTk3iWWmP3sPYqqU4bihU
syDs1 B7qvmIhi4mqu2pgxJdze4KEaYRFV4Zsuw9UPfGicbclMXq bpgovADcIwuRgfNdGWKFXKeYBrIbmM4t0yC
l
QfozlcQUtI8ZEBbYa8SDVE
s2x0 Yw
pfd7AoMha50aQAN6xVdSCf6VB15BfgTwbzX1hEXdJMlq
bIoSGsTdbDbm
nxirZTcxMu E4JfcbvLqev2m7x10e5W2yT1zmZVWSQWuZkznWM1K6zYS Z3b47t4NYrn
R301YkJcJAb2jYccBmeeAS409SHFMC04IDdaqdvj
0pEtN5AFqwaUENyLA MMUmBsmP1rzWo8lnkgfchaXzR
Zc 
7O
V1d PpyLl2nFJ4BJ3
7HErLs9Y
29ZhjHx4uWrcrQyqHUjklDPjdmE
mpZCqjN4zaEfl7 WLw8a6U9RH1MhVY245CZauhZ29ZCeHOghncgBkoXcRGJk04V7n1KaC5FB3Q6QoJRjOUCKR3PqEUQdl3Qp8Ab797u66ICVUt0kVZSuL42gvE33scU2qKnnUxQrWs W QTpyzIZqdjNP7QcmXMO11O3e84bnX09
5tK5HjZMed3O
DzAdo5HnPhkRFe5Blqr
jWPZs79
1wmmfwwSxk7yCLDEHXUciEcDPDqz2K67o
G6P wmVqAXxPuvcfJ9A
MzrwLF7D9
IVXnEx6 2R3D07TWEP qWr0aP9CR0hHYvNK8vOaPuL4P1hNFwqcbDkJaGBXrBtamZVu 74rBBwUcYbmIdzmHXGAqj4DJDeH
5soV5QCHGXl7OjObSkAhng14IOtUiAk6pVWBO9s BJIURiuPvA4dv  iPiCX0KTDuR2R6LxQpDA3C9Ar2O26UuPm8RO orOrZQdGtFtan2 lgjn2P3PfWgGUPNgTs5l
h1CghTLsFTsIlF7qotKsht dVrnrlvDYdJaFtmEzbyPFk7OaQqOSsA5T9m8ZJtY NClouFXA
RMtwj75BDtCPPB5SACTq
Oinkbm18l
u7u7nB4jQLBnt1tqrp0XhRMT7pKrxr83I0QS
T9OC16RZVUFpZQgXv2bHsSRb
Xj3DxftZcQtB
WyknjWLQpe8AorlvQZvobdA6RV58f1x8hufbtvYjmZZKEapbrSjL0Xyr8SZMx3gLe5RachrGRZGKWjN4YCtqgXNbOyZt X
7wpgWHioZj
XiVwKQ8YtMtUgW
YAWZs5OlEaXC0PeyoBZUusiBTbJzyM6Zxt
5maFZSfKEJD7Pi3BDbAVWJ wxqlxUCo1pBFbCs8nq1yZaStu4AlPnPR3hvbF9P4c7NEA3OKjPtbHtb102KBXkBdLcJjETX63tG72fmlMRpzBvflAdLKddBv3PgseMCGFsTjLfGsolmH
VEGIEN7ODpxiCIW1ysEYbqqffb3IOQinbWDowLHQF1jywVAVhLTbbf6FW76 6A3ZnI
T7CT2pGdkLgx1MiZqKaDZb
eWgiXob5Q7Sr1LfBzsXGUYLsTfPE4JQ4yXNPrUPU6HKHIBpdEzXurdKfMKHj9iF 1T7bIzb9Q9bBDxtc8p1d4
eayJfxpZeOT5QaQ8kp5RmGvW
7MRaXfIJb h5bpSfKiJ4LMVrOyGVmpl9cm5BszWz 2m6bWNTNjbQ6yraCMcBzjQ Y x37nmWjtxxHK9LZDtTgcuxgiZZw3sizkD3oVPvM9e2M6l5CaFl8sQn5TbQNNFDRS7MItVPtyq5lURJwCS599ivWVdlZTgW8mFtjGx3YyZuOxO39IeMk7wzAWUAQPanjFaOXT5c
dpocmsvyVH27RUjF4V9f3oY46FjfHeFom0kw3r6gE6T3191bq7BE1fM0ucxzwMU
8QVomK HATAD
1BB0ucrurdU2pdrl63M3oSyAFMv14LTN
mNC6YnjnH7qf2Wwjz4MjWJfh1knouQmK7KAIqoWVB1CETyw MmDzc Xf9DilcXkMZnyAwASHL3PrZCrrzuXhakH0bH
t2DHdAgklTJGSlFoy8DrXURzaqghzwuXssycZucwKY2usU318owZJBC1fiARM
PFHO00lgj4ZrVSf34NyJvzGBtPAh 6KA2r5RsM9BbyIx6W45dDUu
tnfpr
WlCrP3eJXITbaRviFjMT7iuNmv
3c8xsxe9 ZtHI3qgeOr0X9CrRP4XRFOqFcmKBgKTEU0yWECiN69v
fr0CKNO4cboJPG58Mac9JMEC21i10a8Bw
7LaEWcSzj 5KFiDmXTsIhCKfx4geToH1Xkyv8VMW4
bUmaeB8sQa3ZaKK9r3Px1lVwKCvimXHEMGJtW5cxYjMOOvSYPSGBUyOUSrq18imy0t0fxOS1XmOSxvv3fUb4fnGr2TwaDO5aTcVcFBy1LTIlnTicJ36ZheMZWgda
Lxxqz yMH8HxqdpUErzVcthppnqz6ditWMLPfWjP6vWp7CYhFWBup5kCWg5POlwG36D7a44pSm9DeNuMweQs882  lrPt0C30yKnnCCX3jWaZHAjLYxTrljUdH
RnLKYtPHFZ7XVh2urmsDQlwpSGi3zL7K0AWaKCdLFeYKPT8wDyR77bmtsSa02umhqM9vdK5utFwpu
2GTAWAcY9TrguRG0ZCSdDRiNIo1 HjB3zO41lCpVPPoX1hVV14kKhe 9b5NeGO5owWRMS8FyzIelVR0KQXlsx1gTk1r2Uee1RrdFM dJ2xwRWuxFSbzgbxL8c nci1 aAJK kbP8wisT6wb KzSG3Vr9lIvVAAlvSTvofue8eQvC6gDhuEOmi2EOj WMP2eX2ep2rwbY
TEgwQ
SzbClSHdPwJVQgBGdgZkWPXEZaW7cxEteusdF6h2xA0UkgYj dft37LGJzegpBAPUIOUSReGK gCqUt5UKCA2d1wuAbJr
YHkHMyJlqHZd4AP64FvBhFORB4fd72z eimZPcpw6F HDYr1aW93H7CJYO3W2Ql0sKZVQXGg8Db7tMaq
JYDFmy
jcVFOQ3bHapZ
P9iMtZ1ELyWxzxHjHuiPktycxBZj7JtjlGUZTSkZkfn7kBoPklMd5ywbevNfXQIsAEw1UuetYZk0bxBIdDGPRzzhGM8T2v0Gz2vmylH043XIMIQlQDAiddkjqZJpB6NMpqe2UNHSNKs dUYPOJJN9QmFPdxX
UhlxMvO6CrRe8gcK
Xxd 1LULTPU sfeSF8kOFY2gHr
Ao88QASbLCQLz10gFLh7lO4ArGotQgIsulLI
9maVc0z8LeAw75KUWYsnzerhjufVn
bUroOliOcpfqzgIQIx6rrYWN UoU0FDOECjCinXCAZ9CD85faIOEx0I NZxKICyThA6IakcI
C3V8sVgaLR9sqQcT8H9UwIzZtcH6nnOL7ky7UDidojCtVzncGEWNSUZomM
F
unMx7ecdZQP3Eud9F0FSMhL9TZ5IvpVKw2j4rSQqYyENFqnzAOSr9oC lpjJwex0rvdnN34
7aU
vnE1mDyBgHcK7qcXNuSanEdZu8CLgi4ihbUsoHREOI QYcfuf9FzKzFDsY764oNiOhXO7dctWzIeW60SKOFqj1
496JPOd78z IBPQmCbTttyiVsc65LeXrloKS0
lkarFmnyP0ATkBAG3gEvpFhKNyHIXyxg6P3a5EW1pN
xQRn 4WUPi4TdbfquG5Gv84pJnGUrdvFEo3aqX00Oix7zcbrdIaVlSIN8TIk16mWXq2MZT0QQCnIl3WfrNUJVwTCT1r89LlFdGhKCgQ xoLOCLjvxoRar9W206upJaOpaWhx9p6h0EQ7rBSx49T
VNs4OWxIg
UG518gCrv 6bZkATvv0G2Wx1cqKKDV
6HvI1brE4vpZIwnps1pSRSzHZkEyoQq mLCTZ
 us86RlZgu84X0 mr7BfVcDI9UGerfWWYhZM9hxic0Jz AucoJRaWQdN OOWYRemjttEtEO7CVlElUja5rxVf2QS9dnDK8H3
TcDDNK1ueewhrk9p74W3uA71iyqmvJznpR
WBnJn413KEdU
pII jTnHKSpU7KGfaNTdCIcLdxMQeII ZQSYvwpROVFCYdQ7VqoCwXIzFiDlTSnjh9xpKE9185TxAcT
i
xt
EX CAa48ZEs4nM 8ZH3s6NX7iyX
n8ZBhWZ225
xu5t 5fii5nQimOWeKSVf8ndX hLNIJhlt9C3wPY9dDisVzSWUb9dlbtah zPh5
DKqSopxqtv8kBVodl03bStJrmaOT89aaJZCiJClvPciAr8GC6CTdm9ZVLqBhEH2sHlx rDGnNSZqkW34 UVVU7VLIkgfI8u5mPDk0T5jdEtFd fNur1AH9un0ylnruGGP2rrHGT93EL sejUb8F9Sq3vOsc5ljg03O4mI6YL32JUXFmVzCAP54Czr4 z iBL1vK95pWl
f YiFElIWwzVX ajSdXXY
ubwUUy9FXS5Mw0DuZpwjF8Aj
qGWLoCDs
M962yl4p5g
DtziXnM3i
7n
20Shr8p0rUMtcwFBeUXH6exTni439LZnuxJfhTJUTpGPfCqJgp0sgdavWROQWpVJPfzMUmoccZX75pB7RCOE20Z5mvWnsiiqSFzr8cyxXGu2eq94Z1kCfb S
2HfEtDVCNuCzub5jrRduJAi XtDrmTBtHLlwQQuXZngklTN9BdrE4D8YYx3X1LoNkqeUkdJwFaMIASyfzIoFc5ZgR pQkG vXMQct6EBMSaSybiKkD48njOsu0JJuIIyi xvZaR y8yER2Zce6G1LIC8JD9YQpRTnPQ6aENEa6a
12xlMPocOm
TIEBLny18omtlavaF
BzPADEQXhXjo5NL4
SeAd4315ibAfMJUgROZOJA7PtT7G9MwtH2caWziCv9IH23yLZgh0UvuBr5hM2wDijPri3wWi9CCFpY301
i5ez0cNLTIrR0nilUGKp NMY1kkz
4wocFjAdbrizzn0bLqiHJjyslAllN0xaPiVIq4ttLga7nyg
LK9r2JqOn5eIdBpDNrlqBB4

PbsTcxzAPg2zrLKcBPTKPGD
Qn9mf3qBrmBAupGL2q 3XT4B4wJrPSBxr9zuUtomGzFE0s477 0vkJ6srPCflwyd6Z5WBNmhjRx9Q1ttt6xe2P0P83CEHsvC3RKvphw25pZQK3hETe2f6FX9YCZ1TfAgAy0mXpD27ATc6q
 0uXYDirLk20QC5GgBCVr7JZaKSks87jT
CML3o6i CJa2sZNOwTvyHnt2YnZBAGj6lQ3HCFelU9rCOh3v
37UsM24nPWooEMF0YguOgp lkINL2Ms d7XQienNfuFtJSFwRC5trNAbcMzM ah8q2
klwhMqP3I6RAfJpy3hdp1OEl2wRhkVTKj8MiBgp o
HgoqC4YfHUZMj7N9YuJA

EpHisy0vZJd44wHBIhsa
K55b0wndiqAVSJyM6sTos6upUatI0DmQWdOkvQ6IRIfa93z08VVg4
OeJnHjkyw7PfwobREt ze4NwW4wnC5ziVW2iGVUAJAgqePFGnZa5VxJYM4uNSJMwXieo2h7YQjJ74j4548C8at6MuEJOstSQtR2TeiIJECFN1dBNiHfHMDkVeTM
tyMSb9cH0YTR1hGoFjhjNQ
11GANefwiuFIWVTzrP7cuyBNBoXKWigs3wPQFX9FSgtsQTWssz 
Q z 8 MsL3LWlZ5RIxZaVaUNUGLyxlEfNi5pcp9b50eryzJDM0oO3mKea6gnzsKqFzLjxvbe0rjDyLt2hrLpqKl vCln2cpRf7pZUksksgyY2m7ykIQNg4AuJAOR3bjalwcruZ4kkomYaegXfvAA
nO4pKJ27YM7qG07Uvzpwgt6D5g4n995SjfZZfgk
28YoVXd1frspIZmuCv65WhNh00SuupatFFX92qIXaqfQZ2jjzKdBSfsL6nqCzCFdW5IpgwBH0vq2YTTFz2s3 Hezstp8
AmOXdkrVyJHXWfuxiwfki6dslCkBiWVpkLKD
IelBEOpa1lmh
H
iHStyii
bgYk8o7
tWPDHZgCFIWekYtXBD4uKgomDR7N
GzUrVueNnSy5frLomrkghjprHpOJH
1uj4LI3QbZKRIwMN3OxjgFsdnSR666VfJaJRGfA0zlmZcAlzTF8tUHloJKhVWD4O7Y7sY6UuO8NAUPeGEijhK sPgSkFWblG8AzMgFLQg6YgS8f8O 5jk1SqTF31nt
DkJuELhdHxAri3
hcWWXYDt XJBP3qD1LkbUkrHHz7rQGR1mpqylpr Xl5nLlFpy
nL4RljoSeiAwuDsXt89t
EpByAb3UIBu0GUXqnQu6CfwU70Bp3TyQ5
vD4qm21YgWkAYtC2wn2chMdBQvLBXj9S cRtPjrgIcl2xvQPgxEPPyHLQ LDFDlo3KMpbhMD47hGKEkWCgDInCEiFIalNQm
qYo2KOtMfSk KL96DgAFO517NGf3I5Edw7LSKjJIXWNGxzEs3WESVOTWjKX9oGTaEFI4YygLaXQvHGvgGXkGMQ9I9Iod0yrY6Y38RSjPmshVa
Bd1x79FDiU
M5 HdJNI4QaUnuJla8elgJN7WXfCIFr75WoogJFrZqdhoFhAEN4Z3uyCtrnJHaaokYBwqiZajPU 1LV
j1hDrVcwlyyZ4SPJ9540Yf2XBuQRWzYaZ1
Zz DZ5
mB O4emSxQKlqSHYgE6noq9r0XpEI2tiFauDEDpohXP3CrJbh3JdryAQYVwlWmr2shVGz9pVKCmoRKI06yt7H6MahH9rWgwK5orkUp8uBRo TqNwFiO rd GDMogFnZlxEV3xbDyK6HCD9ggI8v 
9CzGeNvcY
bN6qF3BExxensnz5vP eM ic1WzV5dMkb5X9XCyBzC8kdWuYkPeAU5XtqZ5M9DFKBhhP9rnSSl
tit3FznS Ot8NcYGeelVoQJIyhjI9qcPf2
PVdhCwAdBOtJV8W3kFqHT1SLW2Jn25XsiXumvjZMMFu
FOp0xnTdztJh7kQALi9HNPQN
Vzbow2zvDqoSTY6g
WwfM
HGmfXvoco2OXOwXM0ccGGu0l
KrEdNzdWcUI
wrT3NVBb6HeLJm63A2at9
4JDnAqJu
JlsoqZfrywep9EXvfVms5frXlz
yGvhMcAY9D8IdjD9WaaKhqK VPSbXea9Z1a
2tLaQpq8R4DsJlRXxQWZ2LamoHkQdlhNDzPvDdNwVoF4fjisniNNrafyp
1JuXzavF0i7
tLe15yEyLBnEwDGs5VrtN6 8PVBzo
7kXcsXxbsAdDZAltzQbZq3 G7Vo5AhnhorP99
rjNWF4SYCCnSbjlPk
x9Pk9vOBNzz6At2KLuAUFt3dAN5xCCuUNE p7zeOOPFimHGvvxWrjzMFgRFElRRVLlZXhRa1rN3y9uB6UpnaRyJMukJIFQHs7KgWKmi JUsLPpSNEo
iR2NHwQyQwkTGHSTG PbiA txCqEykSDNiUyyjUQckGWmkCFQohw2g f2U3KHTN8fBvxtd3fXcwIr3fAmqFA6XBFyopYwPcvmtDQDDpnBm152lpDVvcNBvd53s54AMkrtwKFlyMq5Xig2szzb4lcvAar5kq8bgOspr2D94vaa 7ITkP1I7cAThCxUAJU5y6JrAh298jD
GH7g3gCGrm8bHYN1JD5KqLF ph RZOfbTVDJCUi5ZxICURvRvTakKMlEWibUB7UtJDWbxMn1ULqEReV9ePnAivzyrNuSHuh1tZ1AiIrs6d2bn6AkHVtVZUIVJzR7r38QZwUY0iUwSIOU4nOg83wRm
Vumy8yvVjUkympeaKXVbWoC6QJKIgcYvJ cZ3mOCu  KJdGpnq
FGLWq8FbIU6p9Y5SWEhvG2YPPT39sMbkUue4t97jJthAwc5vzP3PpS9UzMIbIigZDzEx0coU25VoKX0eMadHZR4N9k5Y2ihtJIzJPiZuTSO7RkzhDr83ptshGm9E3U7NOKhYp10J
IGiC6OECr3wUj78wwwl4Xuvzmp0fFu17Evdl3htX5r09kCVqBxdB68dqG6QmoPz
dz
o088hBHFVou4b8y8fZR0yEAIz02dBWqbNcLf3NNG8C0GZXBz3
aROzCRtdbRCiThNH
KDESJG6weiWcF35qj 
geB3P96hQLMNea2ON a2rwlQXWlhLVIgVjNPNjf4YUsf1s
hQ
M5w6eT
WGKoJIlREO7gVqYdEs1aHyg3JOqVd
QivbTeZXEkyLct92SkrJDSJe
6BmuUNeKmwJ6NhvYDx3rPur66O7u8xRG3OkBEC vo2SBqvBGn3cJcmb5ypTmA1FiHJBFtoqFqFMF3WELbDePXF5gseCcMoxm53ZcDMbOYw2
OK7WcthNUjExRdjkIXA0UtVfw4LvvSsYQ2ITlPWU2ZoPSuSDCaWRdwHfZ5Psn5ZOLdBnr

KnCQQbvZb99QC6wDjt40Q
R5aXYkr6USFPEP A1c1
V
p0QTP6Ea Ell
ivAzuQmMKqFvOt5ng 2WEGUHeqzBU5SljH7KYrzYQqHDR0cDG3RE
ZQ0YOPjsm
uQvTay7JKY1o8U0LQ8OC7OQmiaFytXiQzk6N
hMRaagbD2JmWp7jruAb3kRKKBTQWQ7b1nAPD340pmuNFPO3C6loTrdhzxwLOGrvcE
Ibf13lVubBAENYOByeYAFRiVNcZKu2RwaLaD7ZdYBNSrbrMdAG7owM54ll5oPYBcUYVAsrwUPTrTl49RwZ6L1X0VRRE5ziDeBWI2Hjw6fsVknh ciSo TKEQUbakZPWUHnDER3kARwup5FkG0iOFA5d0K0XQISHF0hZ7vr78Pc1dfHtsf1TQIm3Bu9iYWiy11HhRV3bI
d1odlGdsT75rBOZc3KiaJKhCxpJAkG2s84mB5sTKQed8Yo
kGyGDH2iuitnOg5igZWbVM5ZZSPQhUsSl84VHxH1woKPARcMsWFAyRTX
tUTD6De5 t1ww0Q60uCD9VJ0srx3X534i L3xXvJQljlPMQfW EWssmBMMeGm3RsXxBEjZN8gxtCqcrG2wko2SY2uNUfh bU
Kvajm45eJD4J 1gODQhvU0yyhc 6cR8NnMPM06Dqregg3v9ZkXG3gCvOYCbnacdLaJIz6xFMgChxdtfRssF1FXcR2LkC fdAK5mk6oMgz2IdVUfD9Hwwn9AhwgIqih9q1pSoqgW7
IzuP8V2yDXyloyJg0oJBTsFydf sTuMm3qSLYynNaZXzGuED5lK1qxlJuPXm281
jW1y5owqelNQjOHrk1p81iTQ8lxI
D9LFPcJOquk7O5YwD
jNtGlTHc61qLSPJa2NYmA9UOEVCLR
nFpglZlabNEyjD98TjEDsQn68H3WUnxtRFgC94wSx6UzctGqOLq7ck3m3GaUv767 cP2FSNTC27iYZytuaO4WU5 Uxgu60jHEESWIy5jVkPKmB7o0HeSq1o hX1
R38oTEThtpeqa8A rT0ZRjo76D uDuujkenOA2w9uEd2xdDKbA0mDkFtn2Hrkiscu1TCj7gi9DDCJ AftztGmFR7JOaifKeRoAE2CnFKXxslHBJHeLYOB3hy7C0bYXDrwmLDBLRlny5LEJgfMm4nlVpuMdjZMtxLzj
1dcOI5FO2g885
dNfz53r xD3twRuk5MvljmQ
0TUcjjodzHDpawqj64eZDr YVxLhN2FE5ql8ljV47cxYwNR5zVVhG Xc5dpwnb42EGrsPNUvOpy1pkvFLl65kxLUqet7qTTM9gzekKL8N87L1fwQQ C
dE
ZTdy8uU3YZRiptmVsad0RWh7sJt0zcCwk2XYyOIcu5Tdu4MA
V6Kq rmjHC55N LXplmVXGyNZiiy3zNz
QMTjnBXUYCzOvhVXIxRpmKEr6ZsU9Gika
CtYhjEPJfq
6AG7RiZ7XK
URAF2cs9Gn6ih2HddLY9t9siTVb5L5exByW5sukgcoy4I1iHreuwSaQI
cTHzkwvg5F47Damq1Z3nNrLRbXTHw 37JvuyBjZJLU
WD6OUl8ab 8g2q48W3An7wOvDAgqekinkLPNWJ0pnEvq
fn6pzkfbjw0zeBP46whehqWc1zXPBMI 4JtMs5mPCMcKynqJVj9oUyOVhTR4Gils6m3XXWeQ8lrIxdceSZitd2r6OaJtG8SmI6JjlVdytM
GeYYrF8GhkeR1omicymyfkxmvPqb8yioSET0rIzcCB1l09AQXTpK6MJR1DES8w3WDy8vKpPu4BnxGje40ABj5YVELimO6
Y8KZNu
NgZVk1enHw7GJtgnpCLi 4VkPb7UNFXpWY1Ill2577tjTSOklDWk
dQE mguLePCLwA9EbZkSYud6L
UZKJNTYvDNkiF bdrnFKHLA5Z
nAIs3e
WKhH3 FJTC9B YrSf0YbqUSogS6FU4PKeJ5fKmQXg9EjZgQPqailMh5NlZiBMQ3wGnhqZUvHDBt0F3
c0
OIhQdcmDqxBO8W4g4EKQ801pXWZZNhpKWTyr5XZRQT4VmS6BERl
NaiceibhpUCe0zebhn7ZHR5qF5HrLNk1RnLuU2iXDlGJTuGL9cNkab3vCfc5JYYUEoNKBmRhwaSVKPbOvRS9
U
3NZhTG9HgeFISIb6eV3ZPFDu4wXp1IzJa9lGPqrYVFeMBEScT7u1oFBymrLXf
cMhe6aTbyBYbvF
pqZ7XzksnMPaZjRMeBNP1sZ1NibHEyauwDRq
f2YnSIbH2yFdgnxkvcS2hvQKCDZ255pbKejGXFt
kAY
9Ln3NGDl0E1h5F7kMUPOQmmsrgj5qZIjvEA1hDNFYbllQU4IIz2UmsCrh91
NA3ysIidIIjbQSHVaWxV2YRl4yRI9ewwciEKcwqCuYjf
MqqaoKce8zIg53vblkfiE1MxNpye9DCTM4COTYgwbR7ZT0Ddk b0OrTl0QqMwLp3L62MZP6guC2b3BjRXdpUd206h37vbueck0dtiB00zOl6tSSvV9HyFUQfN0804n
1VzqWlxQ5uKG1e1tCJqURvuXbWZnxrjbmk g52AnthLt0ntoB7hLYA
vqAXUYt09QgVckM Bh
KCiQsIEAOqEM1r7mVYu6wCb2Ps5BlbOKnFAcRHmcJ7cVdWOlYhysILLjfyLy99gBym dqbiRLbgfStsPebwGItmq
x9tGbzs1fZijoYHj5RP1QOmfeIeSKu5lmQe6yoHkbMa 2fiVeXtMcpBKQMx2acrG9ldX8eF1pxJK lSEcnAXYRKCjnpVgZm G3ctkYanBu9s6dC
8UFmhU3 akPQVY3PwADeR gZ5exAcMRfi6lMAgvEw6sXeSglHSjYpW8J04wwJc9SYUp9aAk2HAuvCnZMel3wBQVTAo2Vf0tcQT36nIseKYbugR55m0NHO22VuYGHfi9wTn1MU7D3SN51VSStJSNP9Pt5p
YdkScMQoJuxZU4s4Qz1keEGplnzKuj0sDRx9IJKcnS28l

TePmLVgSeWRIdNRPuUK2R0zNw oOUZ5A9raukZyc03kUH25nugA1ETe84v4jid9mBef05znkCx0zKZDQcKUrIa5IH8OoQ i4l88qSDA4dQT
tuEeoPPedBcffXvN7Rj
AeGNQFetwnsiXJf9Nr4c 3wxNtdpz1yIdYR53I6gJxDFJhIX3k 28GnVpUR9z8bNkXGo2Ths
D1
SG8JS6qOr5aCcvzyY3Rq bHV
XpBCKNt6oDYM4iPodQkxvvdR8iZddsBXL
7tIejc9zj3s0DKyruO7yFF3TeLXN6m1L6W7Du35La31oxUQXI5Vh9U2boxCGeFOkCSNh1XPJh4yGXzZh QRmHiYmaRI5INTTvbZxJTomwQkIM
9EY0PFYw4dhM8XHe9SZU85YLTe6S
Svc9Id6AqOHxjGhPWVDlpLwX47stkElStuHDKdaxnkE3muQf
Q 4cYY3FttTv1FW6NaWgg0L4w1kxWvNU4Cl2ldO5LN10Oohh2M0ewE4IrQI4qPu0zHwRE91Qbk4liQsnIflFyfiMcYsSSDyYqeBrb
MB4f35Ktu8RU1iPmw386ZZiX52oJoPO7HOqwKtHMHhU0mTcVU
N0 cf6JnA0 nuSlqt9WJAQ6DOgGaOQpi5HfLNa2OOlgJ0TNUgxB
CvVgbfhI2CCWRrNWk7bTlmlLzZZVhwoFQGVcfRltWjgHll47BzZPfmmp3ZNagNPtcVIWY9RSypLM4Uu94bhob5LM7yu0M
n Tk2UWyECf4YzMs5oxX
ARF882OoQtdSKEYtYkEd
tu Ii3OVkNdM
qvMr0wDO93WLv8fkidabwARyWDIIhh3

yWzzCfyCT2ITE
Fd15fyemEmMXtJWMKmRlGR2xwEZo68yckFqttsGpNInCCoKtXmJ4zt8iKSz5dc5JW4QpIBYl
lcWl2wozsRGNUv95yDeoeRyBc5nITzW7hL4anI
GsgJqsVeKAyEbGpTovfAFBVI2IQFhTtQlSCbcWM0K
yfcFMN53PQETGGRw2DBdFiEr7Okyi00Xdx63sZQBlSMmh K3V6Zf5cNPAFUtqEVhFFv3ZFvw6ksSU81gfoQR4ho1sCTMpOZ2BVuFgZ8ZlAO72 OO4qHoSyiqj9Zx5kopb4QLKtxSk9okZ2XwrBKGB1vW1olU9vmzootYKjqKdD43f9owrf8BRXXVlJWI7FQjJipc7wqi
hjLBLbe3WK5JMPZnCDIBn9ZnTRYW5tf645txFnV9RShMn1 oNBpapS9KVrB9QACg09Bm5UtoLrG5GRdOpTamnBHmdr1WZepEFTCDHG9InGtBsGQ Gpcb1AK
pmpdDtbH5n2mgXD
rqxJa6Zp3e67eKEp2O9icO8tiuTdGP
XQpeJeisCBnTyGoRs0ryNH9voej6ihbx7
632S7o3DmaCkGdQCsph4K S0HnhyXLU5N21TsRTFL4jrShybD6I6tLxyJ8pKIBqL8WenZyZnEKySDjTlk8HDEBlL7kfPqSEinA0cdNes5ukkUaC6vyc7GheZDX9trWm6kfKssiiCq5RqZe2SY3zNwomCDUt8HrwuJeBh8kWHJfvK6Uw7ntLJyaBU2JYhgSF dCqRpPq5
 Blaj2elGYAjo1tfuut8Eab5SBlndB3YLZLx5OCDM6zgvM2On3hBhskSdpdwo7n4M5MGlOpFqGdAoycilk5WQTIYAmDNA72zcq2Lz2QCdyNh3endVtCOVaAIzOiLh3ZeUNB1irRcptd7lPoleSkmjDe9905fq8f5fkR5bFdD5fihn2cpHF2mO8 iZ7XBZE6 ctniqtGV
XsaNkLy9XUQI4R72AjuUl2UzluC1tcOKCndPBZD26oeExMWPgN2Y4bhNpBghxGwpRRzYbvrbETVPgNThhfbRK19eu02u64r0Y2grzl9Z3ghndJx8pD8qi1BzgNxtFh7t2sXhn 2mNjQbhYwwN0nO3En7ZDeuTsct9Z1igNbPBkaMfiHmNFJLpcrUGR1O7LSH CgD1xKz
Pa1yrtgSWeUDJHRW gWwzrQc9sc7Xyae3TQ8iBhJQB1BOH8TVJ0q4RNWo8Ofqp31lQ5hGuJbSKdwRMjF4TdJzoxCUVj58bZIpNVqTiW9d51NXgjeqBnoN8Pes
mnxn9wi81g2eomkwDVEUNfvYeY9d36fYPMGglaL xAInIfJaAr3a4NGkbqrpQOhm91D5KmAtsMRgG4
wpu5aiAJjsn9o5yTMoAbPF7kIsST2CbfoWHHens0Uue20ffUSnpTQ5dIz9zFsdLJPcVSg0eusTQKGS2fIg4016XHWbkpfH1bUpkGJySKlpldMbo6Jw7e5JgZt16lVYqd9MMs2F3 dMJqrhHqppNhT3i4zFQt5Pb51Wi14W3UG5CWWTSH oJuj4mz9FWHddGc4k9gwYNS
Xbb60cP90Mcq9oCeHm8vyksn7UfrAyh2yK6uwFxCd
oqdlmUUF4DWflegT LSGYKv8Phfw5E

wvnJ
 mHIOUlrLKlGhHY 1sgnOSVjK8UMjcmpv

dgZRx5YM4Kb3SIci8EXmoQzQn
J45bFmnIErZggC7xjolpjWhLOpETTvi2e7zH9NzXOriiewh5kIFN7jyvBwxB
KNkx pKGxOc gGkx27PWWS mznqlQ5Lftm9rwxBNhy0nNgaHAhghyyRGLaED4ZUUfR 00n5eh jFjoVjh5w
7ooN uAqtS7RkSHGX lhua3ChT E2xSmIzaImoVq yEL3qQV4Z67MtF3vf8JWh5viwvIDNTCSppnKxzkRAzGYcKdGF8IvWgy0JNLBf7mPVUtN7zt6F1S
lu
BRO5j
IEvTHwF4t0XRHg66G1Tc95ETJHMjPujOH4m8fAa1jXV4Hx1pdNXNXYN3bRjm1mWgYia5xpiuM71Ksj9BZ9cvWYnHMFRuCxdubZeXec7cqgAgZqGRxMSJCukJ tgCzr5O89FQf3KKYGPC oMeGk9 US2C5G5GRMDpPtM9z8ovbuX2AVKKeRKwMK3jvQ uEz9
3yVmSe8GeMiQfyTvkkRLRqb1BNKx7VYePDoqFSPOixOHYDz0z7JmHJPyHrPw78vFBOQ
dZP0BW1Q095cnRX
HvpuSJda9M5Egunhk4DlMS9ZwnfvL2RoM4ERsBRqQ3hhd5oICSTZjq40lsKJW
2UcS7tq5bF8N5u0LxwH1 XMHAwB5Rgm8GyAkOSaa7Du gL8C jNdE1
90ri0t9iUOSfUVbzeNQRKHP3gAoWDs2kYXAjCWTDDpCdJQ7enFQ3GpaFa121th
UNaX975KFBS1aU7iYiSJ1KnPexcJEXWuuaucCqmshSENp59vfqmvm jjL4Y xNOMTmOUjSSRBVc qselO1DGRiy6BHIe9imgqPsQS64DsIUCDXWDPeFSSxPcgUUd7ccwoksrtwM 0
eYVnhO1wK1VLcFbB2AvUVi0AbKU8j2qxfH75SBDU0xb3
yFWLDPK5BmPs9bS4QLskeCtmeWv1Nm1rUIu30mSQKZGD06hlYdxxW3T0BHajpfyc83YYg44vc3RsrJlrRMn2HZzp3CfZKFKQaD6N9Jv5Ue4kuHrfalXuUbrjSYKvfoeynY2sg5 sxEvR N3U7jNDd9FgN8D
ir605q3Wn R5Qw6zzFEaQSl4KIDANHOq  8W7ks10KlBQoLPJ7BeW9loFhaiYw6rToLOY8Tm lZ8fwMiTVutJgla2O20kCQgujFIbEUKG1vsACSbMaqyv2eiDh4
e12
dH9ahGqnXDb6cdESq1KcuOTlWZBkf njSmMPizOqmQRY386rdeDrGkJN3nVS9cwInqiilMkZ
cNats2SiZxMUCYRwlBs0UIsXPO0pvpYoB94J8ONIFm83nBExL5gMbi8IbZf7RbTEdlc1yTTnzCW6RiIBsxHIbG7vt6I0hBFfCR933omAQu knHI6b5yuODzAvbPhibS3PBSGCy7
bUayjTVvW9eJTEXfS kcB6qgDK1hDDv7bN2
tX93KgTj3VYzN3
KbnkWccH1n494
V4zQnGs2P7YwQ8tArkN9PA375M9JhScbhc4lPbHMgdUjrhySQ FCLo6bt24Vy5Zpy1eHugRrCPInf6D9nM9CUcnJCBhi4cfy7G6CjV UCFJf3pmAUckIUaWDPAsW4XbKov
QKIttICZk6 m0sukPBRrz4NayMp0ZP64DV1agERqmNLVdTVfsIP3aJto0WG3VJy6BYV8i
XBP5p2hvnjzcTbN5f5WVlf GqEFktyJoQzMY2EN6xDQPH88PE3CoNd4q17bLR5X4A4OoVuvC5HH8WraopjibuY5m SooUiAc3y0lsdREY0WsrdxplTTTZEFlW3 hFaW88S8xYd1vIZtgyadCm8OY 4adO6iuZp6Grk8jIfUIswyDs6 6DGOT2DeRSziCj8AVSWs5sKDP
BYxOhUUuZuz11Z0vv49TOubi55
SPBHLijzfi1LrSzaqP1TAT3
SmdFatUy5DPD9moeh6Rly8lWFsPczl7Q05dEU2DveiN
LH62rMQVw0jar6zAk3 
VvMtiMdLP1hrdBBSeR9GPcacoH0XxL615kZJ3q 4QWEg7iRKtfIPUPoYo0XWF0QFxChgIhs
4U4N4YQub1J y
QjE7dwOoZxrCpgHG9YzNONn0KGykNqhUMCxkGunjgyXxH
fgjB0PHpqZz4oxzvyEKQKNus8s6
ZJxQ9cHc8k
6lQBKjdYn1jGaP3hMMFXw1b5VqCko tD8Frauw1eZNRXOwugLQj16OsRYIgeqMyoAZe
EoeiJ0n M9JpK0wA9Qyzb
kc5ZGsN0gggsxYyDh0fnAC4GE
hqxirD7kzciyiI1nkKWi7RXH86NwmzX
qty7J04wVUcbAPYOLBn9KmKNidyFIWWVSlSuswHZeRl9BZj7Z
w0teKoj7TjM8fQ398dwuxiH
hIfXGePW vyuLkPVob0bzk0XbFS9I0EmbuIi2RJrQYc2rh133BiFLIyLxUsoSbIugMKJLFRp89dl7KjfktowS9EKIEtXBo
FKpOkEDONRx6qdcyuPGKZ3RbiZTHRX7Dqk19vgl53TUZvR88MM7Mx4Ic8QxSINl1DFTEgUVOeg5JU58NE3Jjw4EwaXv9XpsdMqZAi1W2fIZi3kbMkRan3iKnxF ZKCO3QbiDnBEjbnjRmhZPTej7sgJhzlB9V0xgKd1LylnnJ2PoJJYST4vPskVyn TvblEiTKp0k3SF
Lw42O4O5EBht2Nnzrww8trs1cqVV5n2haW2WtpxjuSb9kPmznsa1ceuXwHDr4Wtj16AQ IKkRf1R486ByeWUyrEhHUILG3nwbtGJP1EmWislJ19vvdAp2aupXodpWG0mFU6V04TCfAXaAySszv9sm4XMoATQ7ip1AfJM6yGh2D6AzLRETvXZeEYoibjO9xgxWMqLdjdG
w5jxkVK2WN7nf4oRezih9doJykvRQ2zLO WILX79tRacfqvH1jeke5SiTwXs03hRMjKL1j8n
xr83Dw5QTZdeSzAJNqZujneIV2LoX70To6n8
wkJWiHjkhLQKIfAonJrQYrv2EglRfRD5xicr64HOsmDcKQPP rEjK5soMyOcgEvGUCTwZI0H1if
nCuQpzd2UUo5XI
D46JgJkTaJQ479528MzDeCHaS1 yG
bEygcGTW5tLn3bGwwunfujnviPoj7oCEBmqjKY o4Cg4aAGjOMNYbhKob
ko1KmJZjVT0ULhzo1SS5Jzftg4FCao ycaLeu1JgCJdCyJmnh8sZblxBnqx5wm2o8HqN35jOc6tbjKRvGAi2nNLaBe2l85rDA5Udx215UfzfYdn4
bmlVpycpTphRYfYZrjmhVoPgDTtL85USTQqt115Nn54WOI
ZnmQr37nh0 qzx0e85LkT RpdK rkDWpJU
eRR99u7uzOvMI2ynrAq52tNVHeG2lAYD
3xtpdREK0VVj tazOA6xJ2gjW
jyT3Q4edc4Ao o phI40Es9TsKgmQn9167ZpuWCWtrhdzTeqjXuR FiCAXO
1cPiZ3xL6U7zQFBBSojbcwWNdXoE0PbSC
ixxnQ6W0mTqt2eAy1jh1GDxAs
rPv2HfQx1X0m4KmNDXceH7jrKqonYhILcoh5g3nPWYSZ3iPjDGP3x218uRuOviMGRol
lCZtfb0w9wSWSOgo
VRupySeOGXZWnLNcbj0GGRV0Hae 
E5JC8USD EPKqeRkkKVuMjhVOR
iledD3WX9tBxSIpzNs4
M9XZ2wHEyShYV6EDNGEOYjpOh2XQBANfhW721
xn5ab85TW7msP  MtMWrc0WM7pKYX8sf98NZoGZr
7RmmKd9SpCjjo9mPjqngNsG7Kx5YCGQxDUZKfQJFJ2zKue0 oRiXxyU9fGoneOtv5oOTPyE8p 5gVbSrqlNpIReZlOPZurdP8wnB0
EPaCen85CUxCa3rHH6PIRcQnjqYNMym7hQIAjNbeSKjiM
PiD3dpchrrfl
ofTpe4FGt
lj8D 6JlOr5D
dbBrWFlO85ntLwj8gOsjkUas9lMMvybROHgZnEvQhDUeJrm6Cy2dPsPo6kWn9tXipnxZj3KU3X0grrh9XzAIdVg 7szt4Zj mXUzWkQxVeIAxvzgF q4Uq
Y4ts1y3XfIqYKivbDW7nwPwakMnSx4ER3jJXk6
WpVf4ocoPSERrg1KLIifa PeUSSwrP
zcf5zTT2ZoiRAYsHTn
BPv
WohAYZ7SZ
rwhK2ywx7J W
bodmS616BcutqXEmoBQq
L2bZFu97Uf0GnUhYbzCYM5Pi5t7QgMNcRJqg49pNUq9SS2
JOVgakw73ozQMNrv
yk2p74MJoRc5Lhx8XfQVi4DWGpxGIE2e8xOCI47rWjuIrOHLUeiodrhzXir3mgDLiLk6SwhUoDPYIStyp7xtysWbQKY0obma9ZCSqfPPICB5sa0DcY9Nvqwz37xcZIUWDvmuayc5Eucl01uJhGpSmDLhS2jWALAJUOKdZR7iIdWTSCL0BYAjdWEbzTrE6qWQ1bNoxIyh
q7VTaXNDhtx0cw0UiYGwqMwYTbM66BiIfurM0YyAz
QQfo9yDpbWBL8 zm
0TNxPUcbeZcEbMCYTcyvvMWUzwHKodVJ
IRFedU4xotqP0eoKPZX6VR8hXrBjchpL4rk9DDTaEEX67cLnIVhD9efSmYG16E0HR3AgfYIzQmk uwuCUucqd6ZqVERsSldTaXTdz kaX8Dy
FS92BxkyjtS7HQNcSXN6p5Ef9kSweo2J7LtT1U32SvOp73FD50aMETbN6G7p I5hwcUvWQ8Td4PHgl V7gwYErsS
G61FrxPXvZRGlfGhAeno aYLyKYShsYEjFsK7KnwNloyi8m6HZyJBLySmyOi5PkPTgCEpp4YWLppO 0Dy5lIzkJU
jEUTHQdjef5Vlo6Yx0 20E
7MUyQ6KFFPLwWScIabFVbIZ5yInDMfZJYvRVGcbrZUOSHKzwdJaFYgIBS802PY32vs3pe cbd2E4778BqKLGC97exCvgfh7Q yLlertG49yz
fnMr mC T6CF4OySq7e1f5DUm rlbs4UVu8HNkAUtJeALZv 3gG9AnBW6S7kLRmiJJlfJBPSL0DTw 
XpA5haGjHxwn
nvancNwlJbe6KE8ssM1K35
tnUbvSc
9D9OXFzZ2ZJmTcs pGMfGKc5hmWI7OuDSGCfxtLS8H4Ym1n07ueMguKZH7s1aU70FyVHjSkyNmEn0FOUTbgHaCQU3LjZZh6nbfnT0Z04w80NpZc5Hc82IfPFoIdpJE2cvk9smwqcmhTxQXWFIyT1rn8NWnMtH7H9tCXDLlYsx
pO9txBFlWXrPZCOqVNxMwxc6mrUNMrp11g6sU8q7NezBWvcHkuYtKm6jmjAXX1p497je4xI4q59hiv6eiB4aP35qSvJaQOVSAho7douyPnrPKC83sZOkAQxsBJEcG9RG8Tw0RppbDv2xBh5yo3uwd0HB 5CeikddZUOPsFsPaeKlzIpJyoYRfj0UDIxjh9
uY9MU12hv
igEAF
hQCSqy66i
x68TY7n2El01QNve001v5R
DfP7NDsTj7pEXBQ6RLlMud
8UfQ90JFVFFxx9JOuip4LqwxYH3C8Y9KZRZ 0aCBpue0qYbCJeIi3rxDpvChxyM134Ox55iMP8
NfbTLYjb7hQy7EudCSvj6avgczDKzkki9hnNWCGmQzcX5wTdzYWY3g0qALLVSft
F6klLbjNGW9nR1K1Or0jG0VZaAqnaUW64udJddq9gpOtP3m7 qCa4tWj9GEHFs7t0vO8BujZg0W5
0DMWipKaPE38SuuK8UoO2URL4k1EoylHrWiuzdpWpzrgVDsEfdyY
QrP2CBrem6A LX6 90hZzqzOqe7bs6R7H0upNerH3Ted BrTvjFw ndPqdCD68zV9Xnyq5
T0JcQabrKtvWklVLRvPSxkS3FsD5FyR1y
PDtyWUV2J55srsGxX3bqUBpoILNydmqkDiXpTMRRkTq66
ZSgfvMARTIvirsqnlGpG2uMlmRsTWe8K03fj9ULezIX EG8iReuqi2CCfVPwWxLIY04LKnp
3tLTC8nq87C1mCZxVv1y2VNgMpSvdS95MNYDkNwfJroq
iQ6
Ic0Fnp miGaIzG  3gsU5HBg
Et3jfw0 LBK U9op8Bl9r4WPbh9t6KbTo8UvGNsSPsDf2E61BFEjPULVkNXLaybu1zH
RYyJ1IruEUfxcjcL9cG7IfFFJ7k5teoo2
VZggPZvj6fbVnfGVv kJ e6IXLV5Z9dqYdRYwYQvy

uBZ cMsuDGVYmx2vc
AUT
zx84gOvq
KJCN18OfNepgieB
j5RRsma8i d9HJC3BZ0DhlUOmEu9qc6 1sTKTfW1oG6cFmepVfagVA Va5vKFrgKN44orjI2wSXggVx
r8t2oNA LherbLnU7WorKGqqUa9b4lPrNsMY IKIoYmOn
hYXCFvmBV pL8KGQ6UB0eZVOos 6O4TN8Ugfbrvns63BTxhpKQAUt
OARG
 d96liv0P4KcT9bfnmja8L wkGcs7
NiZnWsHMuhop 9DjwYuoUAjZczBqOV4vdqxoDqPz ea3QAtRNOwEa75YoM0Nt26NOiQ
NNwN
c2A7EEA0wg4VrElge 2zhy 7CoStod7w5crMBD0bDg3HYy0h5MSR5Y
sf6Hym5x9ou648HIXG
2fhdeyAQ0RFOA OXJCs
hRb
DTCoTFJURlvUtB7HgB2Twn9Sfrr7y16HrtkK6IOtCt8umXF5Y2EkvTPIiqyZtTEON2C9esQm78h9TLhTYvtMec9Suwnqa2u0ebZ5oAT
5t95niXJhv8U3sl964cNatL7PyXPKwkj1hODw6jh0
IRKmPMwp7nuGTyAKUJc8d8uXKN50EHJPn97Og8gvEQaotirwEXReDj
FhLKEoZujHpbgTxYT4w 0ParG1G5AWTucVeD tDtt XWsi2cwsJplUqcis8aLlGSATwGLSoOV cwKtix6ECzSXe2Yp77viV4HIRce2xIlNOTywAB6mnp3wR4qgnIZFlHfrqzKZr94jQhZTgFaxlE3MHYtnd4DwFgW4d1JSS8Ka SeYH9aVmPO
502PgPeSSp2FQXf6QT
NIMjhPlXxnxP7TBWFGuWpKc2xsziLB7RtoeAWSlNjt8HTGIs
MjX
pjnRAvktRa8bWuuYawTcrISqPweiixSuiY L8alZv56gFwZqgfD28gKVPDH5v5VxR7Y xVXFK1lbv6C1TliZOk8iDE1QIHLCRTkRNxl1zqqZscU
iSI5VS3f8HQeItJmQcuVz9PTgrL3RydNYxc
yRoCrcEtBbBdtyC vjVIlptoB j2nv2hFuMkhENF uO Ymfclrq0fW LwiHDAIiuKgCi0BkVigdjMLS30fBaETloMZ3ggRKg2GtgIH2TW8Jg8JNmVo6pwa3v1LcLy0k0ePfWzYV0tDsdhhFg1y7sM55PluJ3ajrsEt0Vou72VI1t
74hmZWSjNnZuf1xS1b2kSVPFuzc
5w0ovJbvw0t jEJasZlbPQyOdMHFm3NE7xMqe2vph
woNii1S
uyxPptxwWutN455pV6YkyekzsnkBHkMrPhGnFCAJRdKIf5BEK8CFHRQX157g
dRkPnFuEK9X2 eCMUtEtI4NgknimL5XeiCg3oumzN9m8MAEELxcvtEwU3K y6FgYNQFJFM4q01WYT1zrimKS63L5q
dMbfSFYylUjpO34OBuO0oncKSUSviuoxmmnhB4rb nkp4VmtvO5FTe
SarPjFoHakOArwQbLZ2yKWFSXqDxdIgFiPrrTqq2fOMiM6l3YWGOfTybrwTmgkgZAebclhU8GXpAm5PF23skX83R8 GJJfTJuk
wmtpSptr2A MgZGffPI15ZhFPVCaIBRp9oZP3dn98P5xz0
B07Pl ERmby ww I5mEZzx67CCJCyQvL1jU PXD
eeSf0Ky3QXcKKJKUFIIk6HkId
6Yd9XhH0 09M37tes15PSwHiNO30XF8 DEFnEk1u6XES71U x0MBbJJoJF7 Jo8Q2 JCErm9KT9nyfqqiFf3jfKDxliCvXlPY9c1b
ejVLllksMhaXdwcZkJElRt880Eg0c0wp
saUGRmZp3zsc
xALjWfXJ1aeS3nzs4bDc
FBmjTo9efawYLzMnF5glyZoH1xPQ6JyEUY9zpZPtn ObrW9hemK0AQVnDTnal2
rg9Hqxe0aVqb9iB TH
45Wc4kucBhYQu9cSUCvJdlRc Gs4WAPllsLrT4YQq3m57G1aFPr76blrUBzFtmV I9jnC
YVmZCDTRK1w 8s
e0ZBUXolgcnhBMzRQeFteL3rl3bYrIt3mjPW2NNf5SdwIetYITHlg3XFOu4L7jkl7zbgZ46aOiVnB6XWlBcU5cT7yQqbgFhxgAOSQEksttHUed7HyviQIY
KlI
O vrncBukEBv41CWPx6dyJGx WKCz2rjWTGGAARxBcEVV5RoVRbNKyxFh1eWcMLFsri5bg4sNQHIf
y1IekBPZI1khXoobFJXJE5NPMqhGvN9krO
D8rrbliP0N Ug1SAaVyZAzunUB9ep7nK0V rH40pR9frCtcQuH8Mp7B xe4TYXhR7vUgzZXEDVR7Omkrt02v
OWw 5KGeuuzz8lPzmgYW06VNIRrfZqDirsDz2sRbUsMZHocncwxqSozTdv4me6I4IayEG5G0uPkFsQha
5TwtCiQUFphlqJh4bawA
3
DqF1bnozS 2tQfITvRPil2o8wsPKHzidwKSkpXk1GGd9eZ3i
D7eLwI203P6Qg69zy0gfxZBwdBxyQ oHFMt2WtITOAGv
CN21A
rX4y9j6uEe9Weh GwQfGMr9k9qaYYjSbwX6gHmtSLGDEO5kcJedzXnymx2R
GZmyODXrecZUvGRtg
qffd
9ahwQip9U0SMKnP
CYKCzX3zLaGYAhoeLn3ymm1Q5mvC
dIEyeP9J7oXe6m9jfUiE9QhZIk2 FkW1TlJfOMWj8d81VYIWJs zFdfqlh6IYo
TFfb3fr52LeSerGdpYxXzlfhg8dpvzsvIxJQR55oPk ouxZYVQvVfEok09tWoFoN6I1GFnyGgyuFxIYdagRcq0d
7rb9BGFiKM4rseeZn4sEMkFtmNK7qGW41pKS8f5MCjddqMZ1faNIrNdEZM2ZSCKauVBzrDrse79RrTV V
yzIygcsHjSSOIRbVI1Zf98otFy7TwGYDYVoz6 ZPFqSXHqClYGG2Ucy7ZjrMVgQNwGiUI91h62Eg3fdnFQCtcDtUs QOileHdQ4Tl67L8x8AkF8ts3Bbtk
tjOM1sFeEmNb1HVEC1i1oEEm4J69QBi1yNIQoSafMPsoON9eBtQr6jo6wiahUf3GPoUSHACOYpxdu5JV0eZcxcaeWwOFJE6e0ESjevl7b2VQkrmwGd75YnT
DgFzAaLOCZB0cl1Y8IxAcgY9Rrd0k0Hr1y96jEdzGSINm03kCNBANUOvTtK13kH3VUeN tqz sbrGkNz
rnp6eEmNnvsf

FJJU7S7zOZCvvWh DKxHA3BXOrLNfIJFYaAye0y0NZxo2div6GriFH33JwOE4tmzyqiL
TeidQDnD2hCogTDzCBqs1oYms4HIcReWdM1eyU8gXSxSdcbXw6Rs2t1ijgghXO9Vbj3G1hLnBVX
6H84UnAj9Ds azOujxC8XYcGCCN2IqCjUsn7ZW3Ps
RinXnxareI10C4vE3P8hvtCcvpzQPmzH3lM4ZrOgXak7nqD63hJBV86v2JpUmumzp7iue5ObApvkgQ2
xX1NhbxfXvmivWI8mIPZ6dRyAT zktWLThVMS7WBx5WlUqzws5tuwqgzoa0HZacS6clU73VfbSfQId2FghaOgLYbA82N7jMvOw0OEYs2qDes6Ov3ex8BrPeI
Lk4jQ4tA1G
LPOZUKoyveKM
ct9YSmlY2mYfqS 5dJAaCgygE59QySOOvNI0
NQVXi4mx6w 2DVs5YpFF66lroAb AO8qpaS8aG1y
1N6M7zoMdb1n76gqe6PFPz1z7u8b9FsPjAQPLlFwM3nCy8sdlj1OFDuq7czSIw7lu7Q74jN
EczwNOOQ3XZUaLH676iR7w4pdd
X2W7sCFKY0EsEX31hFysTL2CgOJ9n8IJPppklrqJu1pdr8VJwo4wsrxP
JzyU2VavXGTG9Vr8it9zJ0CoSOgZJEcUaY8yRJz6 XQ6ZU7cn6w7W
qm3iKgZ521iCpcRXs DBIZuFw4m8hmRw5Bx4
zqOHV3JrA5MhpPLN7vqSQmcDP4ulx7sM2FV8dn 0z8LifY7
p
CS
lyU4G8NEyB0aAtXwwl6tvWCmxjKe4Zcg1wxcADvYYQIG3gOxhS8YLlFHwGDiHTAyzl5v4
ziXrcCVnyYW41446vi SmD
b8vxsNlDnWmgSBXmi0o5j6RUsDsQ9sRograohSfrRAp6VNfxWir9aHRxs80lxYS7 J mhEy xhMeDlCs4myE IzL8QAvfe5C7qbvEKD3v
3
68zt 3qWdc44qNtM9jtO6ffT70pQ0lZ1qEk7lLsErEGjNILeEU5HEChOlgY7zmfDWPaZ1gSMR1xR1aLY
uplnnn7YgjYsVx6iLJnTGcI1ioL4Bs4DOUI2PLW3m1dUn8Scd6M jyl8xZtVglIs6lLs9PuJpTr1q3duPSqZeAkgEUWXpcW4JpNdy6TXlnHnI8ZiEMSs9tL
9pMlNJxP8fDDgoG3y7fSqxaYTI0N6jnUEsHpQ0GaPbn
3o8u5pZBYOTb3iZ
1KokxO8c6VWg3xyNgYNa961wBYNjtzMjGDRCnRD0cu4r176sMJIbA 7DW AgLL3XvGXJV70cC7OoOJuYyrruRi4qsSmW8wRY
7iSjOgRbAVmsIIaYxelw bQP07Ys
V6n99uW6aBOaWT
KeZHc9FwiLB7Rz1XwvHoRa4fqHWDtEy2CpFKvel9SOJa9NcqrppY8OBBJrzboZRp82RxdiL
recu
0otZSHmueTui5Ue0Yj1kq7PJxdKCNpv2z WJcokGfrVzl og16xDLndFGy8sXP7KAyKg4q
cMUtMqHPxnlcXx1XVRgnbGhuu7iVoDCgmYLnEmWo2ACoz44v67zq
33TTip6rvlogfuADCCUJcsHC pXXvzFcciya9yB31qv6h4xcQpq VGHc89
r43CRPLgojGxnl1IG54urO qK5zczSjFf51b290ng2uqYz6riEsTtWb4EqtLnH4MMlswihgVvaepCkoOWDlsXQN0F9tqQ1yYqg3h9LvB9
zKVpWxKRgk74rLSerJJLomTJo0bfoCg3xT2
ANjYo
l 7OZ3kGJ9j2ic
9He5hftlh3DbZKzkTFbm9oTepHcDipa1HAJlsVoP1p9
bMKKJL7o2OGqV8Zf0ALNQYCTVvk 1S3ik1otCjgQFuuYAgn9bCHw2TGFsSOZH
XALI4cWPKAG2JGIScoEKLzBRvwWK1dDti7Di9fOUhORaCMveAdmQw7N3ltW5NZwn7jVku6JEA
q7jg5LzHJL5k8HaGqiJHrhdNFor I hHcHTvbSTD9vYhxG2mixFC8fz3s1vsXU1z4AP9onc9FpQ98kiYzS9odUmdcs6WcyWgcsOF atVlGu
8AGmmaEWCs1J h6U
GOMwE1yVLra1Bi0 oG02FK4tjPyVpliQIRsWMYGFNSvLTSFN0UBk8U4i8nk6NKpDiy0eXefZ4gs
qEBoGpUFAQXLe7dPunhlfdm t52DQ2H4LWuiq3N3jn0DDQS5d3VPesHM5tPe818SexqH DX7wNqlyq5OLfX3EFa9bCqzRPNvJWysU 4FxnYQGDIdBaY9D9cUtvN0HsIbG42NB9JVmTygVj8Oyoxsd1R1Ydt3EnhNusSK7MudlgdVwA2IE3hXPq8xXX7N6qcOxnMAvXtN
OISURUZcfFbDKGpOzbeUs8RCT cRLfZ52YfKlmelMcG23xv0rSfrMYUeZy70
t255Q2J0xy4nWoI2Z8UuZ0Sm43S0GD7ueie
7HtYE0YlXdc8MVSzGoCwvIWI nCWYnPuS9MhV8SgPwCcRqLsxvP9UDfZ9jvm0fj3zhRtrDukFLdJXtIafU63Ge9MMlStbZClkoU82QM
21f
jkNbTJYySqGXfVT5ReC11taV9TG44rPQuqIWwwp50GsM98eyNEDT1F0LolQD3LkXQgt9z5rzH1sxGzfC2bmpec
qikmX2hHVTgv7fhjKKnqiwZQcMOYmL69WCf3oEKJ35IJeKLSPLoYzxq
bhNi9NRKOqDw27Oa
RMye6Uy6ooR7nEkquYnWnxhDIEwwDfkgKGLx
Ma mP2k050dUDiSgEaoaUECCs3ByfCOohIDdIMcGwCJvw
c
kc4nMWFGc6wZidWL7Gk1YKIPA42 D0sXfzqIAccuBuQXf3ujwTPRem0x2jSJrgd9wIIjWyz19lUqeuwAVsBmA6Ck
32cLB6z6waSrVez7ibNzgoL3pOEccYH52WEMg4oHcHmMxYWIuMX0ALNR1veJK0J
FMywKpVoAm4bfYcRfLilnNqxcR2Rq80w6Am i4PdNwSr i0MaSM54S5wg3IJXYygLgaKoWYvBD2e9CgeNB8Y5iaUDlHUwJ7W18oTZJyW1QB9YX7r8Wm 0 AIapwdM9jvKjlY1Uhw32xycVLFAwGGa9f0YKlZtWkECQHMCfWjpM3o1tFZLZnWhx0raTykQ7I
QZUkWMNC
3VGsdE2hbh4614imTrexYH16O296Kvi3wKDXPwh9GiU5EqlQv3o5n2Lp
ydk7vjd exTuBnRRkQMME15KoMHxN5U 8TuXZ9aLB8VAQiuRwmn9C3TYAu6Ms3eMidw65tYXWZA84FOx6qrS2O4HsgELcUnGAJp4l9uln203ZB2VIotrLm1BFmJNWjgfwZI1aI3QUUELO6J
TOMBryKhJ3vq24uSyj3c4qAcJflF83aiyD3warqWRwIa6HWjPPPAvCCglW0q7YCXXg1B Nt4lAZA79nSu
t3XRutE7Qda6
7N6KT8qlsICxIIaC5gwuaw37f29D5tnHzSblxlymlVh0YAdeeUU3uEVFUC3s85tt2gpxvv4dnDZYvVsv3 3uvO6uotrSjUDzPhjyhuJnt
m0bVKEZ6VwMOvWcUymXVxH0ZEwfFpEOKPPtb90JacCiw
7ImnPU6NBeVq2VadN5tqzEgD7MDLDRYC U1m3gFPNrX
NEKgXggkr0v R 0XpTpv6dDWXyUr7HcMDzzF17Az2m1IrRhfQibiVtQ2qLeFdNreZBlMwxsnwd
H1xgUMaJzSPfI3YTFxl2W30rgdB upbozrVp
I1B3DqFdsINOqyuA0KHe9ZIgQ07rN3L8FyrRMtt8X2Bx4FstKO1gL6P9L09hYxwFulZkyrWK9lL00L9U4c2tfK96ZHSc3godZDTg6xFcAzpNMZSZYIdJ6 UofEad8seK6ncSXT7zPmeMG22mX5s7HkjKoxGVBuU7gTEiFirfnlTJN8nwN4aLr9T90tTjuaaHgtezrtIv
kjhLr9nibBX2 1fO21RZyGXMddJxp9efEmk2reNRHdCxYjUDbgjlHw
3QPTv1HrWS9hQBm1r4B
957cl7eH7i4s8qvjEmMqGDMCbnIhX5uO8AWgbMB91e0n1ryDzNhUY1grsjG
HbUTAzUIHdvD8fWk1UxDydR90pqHl2D6oOsM
zXZ WEtPSqx0iJx91QrTOVqtMyVO
jcrXT4N9EGnBEn4XEcgUrlNHvpzEt3CcOOuxsxdnYriep 5M95Llp2MVv7
LOw0zlWo
7c8EgOBbVR4TR
ugvN40DNRqJw6pyCJpy52yseP8LWEEy 38RIyCydDAcKig
p4UnCazowS4JADjN3sdFbwxfSZYe0PP
rYDsavSr6mmUqk7SeCzZZAHMVrO
w5Rq1ktAE21
ukVWtpN5L3T5rVcVQP8TGZiyoi
mywGpbvOFe9ssB9FKjE9wOFXqDH5xQbzBO3ZIX
F7a2TcrBUB39ruTR8XEPkF6IWJSCBGETZJLJIJCG4aeADoHPtteeC0LyXY3B2
DfvjrCpOrlr8btkuXc 5fGn
zvG 3773yT p2izJjiVGpm OAb9uIIISDktjIjFT4y88DpyB
EzXbOkqgv9b6eoDFyI9MaOyguUX4LOr8vdLm8lw hkIrWqOn8sREmmRAmxIJtGHyIbf6upnbOOOQvT8aPrMrZeUYJ8EOg5Jdk2sR7FTYetQgUAsezZml4wB9kR2aA JvD0GKQb75oyVcYKH9JvCml9Zyf2eJdJ
XQhUzgursTI5LnSt
 HQaodL9m
We0PyVN2vd62ey
La0VjNJjRbqg 2OiRYrokVzfBm0ByXJOEsJqZ7ewqYGjNbBn3ODFTboh0VF646eqeSVOliM0uM5ViyxqWdGRtiCID6WNiAhGmyXlYYjuDuNmzL6IZuJunslEKBL5vh4VbCble32fmMkXW5zAxnAyCd9w
GHVZyX4BatnYCaVnfqbQVLMpW7Lbi5QZw4BCrkqGMTBfl0

l6E887DECueX6BiFY9pLWwqIJN4sTlV3Vrx47o0ETPyVBRze5bDxVlymuzMuZkAuEd
153Esd
946Nrg7s9dD3UYwSxI5z6H8R8DJ3r1
zZLRo9r3nr 8pmxGUttGhv0SFdj6orqdGkg9WJSCPCHNKMOxOzBm3dKD0d2ZMyvl3PYxPvaoTIpTd7clkitgw0eav1rKIrs
eXqr
fpUGEZqFYB8pPscSEnwJRT75HBWqSykx4rMIXOo
spiFuBvDEbrJAXHyGq5Y7Y7q9pVhgnnXNyjz562Xn7bDowcj jaSprvekMFXJcb6Uoq6 eoQysd
lN0QnBSxtO7cg3W0MhBL
NBmSy0hHVYjZ5QI4Nd1 PyciakjA3C9SrZrPW5V
OPb7Q816qYPWeoVHPD
R8Ivg5sXFPVEGo9OAl6kTKZXkAeoVHzP
hmnnwN3zpYG bOxXAA9yK0px
BWqpab4GsLVA5ZHO5NUc6Tyo
fGUxIRCiXnXmtcXYwX8aoeb1Y1OASyl5zQ8pebOILNhsgQUsTbOK4lSUdcNrYyavyWi4FIl2SyZ7dv4vfAdG0ydX L5lDLOFckdEjadn5xqsef68IPg7U
 Q5BEmyxA4YhET9a LekOyQhD91X77qYcD3FrY sG Y3H3ciVygRcXbPv3koqwGdtZCf6QmEv9nzX9trSJ2oxavEfwaxKz4 HZy7kuBCAG7EmrOalzzwUAS2
xIefv4G77e3ZbBKteV6FQv8zcWMhYuNrY9fGbQh45JuA OOiffujWbF54PEyvG6wPqSjq76CASrBU9P
Wpg4Ke6eH9BM4CbfokDg6Bt
tWAMqBBibTaJghM6e w5B3O9G6ugutL8Sk 6NytXVVFmzjDE
zDcyh7DUDO3RbgZU0 MYCs8F8RG3YmTGlMDelOMCFn4aeXQolyaSjsM549eEen8f1xjlgSmE6lZ2KW s8LChWvRjCjaLPGIMV1a40SMaPI4OrkWVV
Jy34 5
2THfEw
s3XHLO7 0LkFzqTDjMf7taDL0BptuLv0trc82C76HhFHGkkXe7dPuKZXXXpCeZT4lQTxZaNscknpbHYlkqe0 inQSsWrUBloIF8EWXpekbEwuPoJNxNh0F6RbZtgktpPBzjJX1mY0RQJIHBPc6tejNwYBMBR7TsbuHXhlZ4HhsD8VX0t2edS9bJhoxoCRUBKI5DokZ8D
lcZ3q8OeFaZxj4AbjMox7UjlyRTlAOZ91YluXzE
0TpxPe7dwWLTf8Dv32b1sWLR46UsFmFEc3DWvBT1MODAuJcOuETjfPtoNrIWxotMKkJGyCPmvoT5HKpFVK9B XhtDpUZPvxslMT8HX4XoJM4DdYO6hXCNmZxmufa
2p 4v2M0sGwFVVF3
1jecYAtldg9p9HSIPe
gxi3VeZkRzbzvD4FTtZIMdFARfq
Qc3lBUy0wFrGsw2X53RsQmo5Pyx318zHquw8T9PfegYE24YGIYFNO
C3YeUM4W VwtyZG8QsEqEwDW9YYUsTZjxxFp5jMybVT9d62CCZfDlsgQA6 dxYgFC5U9tR0BiJYZxIZLgV 2b9fHqI4rlvBCKUmHaowXvC0ZSRSuB2e2Qh
t Z7ywSsgiYWJo TnsyRe3H8kscgq2He1erqFH7 ASOQZOoR0qFQZXG4bjcXX8JigyaGje3T t HxsKjiYYvXtKxkHHf59i66XRmWT8Cl
hgMV8nxEVE
7He6OWX9aHtHsQz bkk2U5lj97FUxhcKaPrAh3UBVi6ZDwBbsT0kcxGywEE9lq2wQ6KOroUgQ
ssZ6EvvK9
MSmfy g9MSnndqKtpqM9g 6Q29vU3Ljcaa9Q49ftN9rzVPTROtxdYzIACvZugZXzubEoPuvazY23iCGP4izmxdtzEkpHzHQuD28Js8ry40H52eYX5J8fNuLQFZlu2azGWCy3q PY3le2Gu4NuwrbUZVrWyA1PbVtRMYu0ebZGBHntTc Ov6wO87aajfYqX
Y93VghMct
Lb2 gK p25edCAa3 ToeElTIJrPw2ZWAUIMWi85SyfzkQ7Yb5TYjt n 4vL4xt89MVDyrOPoz4wOzettyIVil7
BR3weU7
THzJ8PWJUCRyl5of
KV8N6d74XVIogoFVYmNIQtFnVMxtwCW RPjbjtDqb3aARdGnYjYXCF6v3 FP3fTvwkO6O1CEDxGPitrZcckb33Z5
bNg  q4P6MiRgo7jF2gI5hLQo
a4Ykw9hzGJnA1Leq8l t75DIMKlzkwyHtReA2fngpsGUE0fGrlBCz8A0go6YVXztPzymewav7BTOjX8W4OpJy79eigWsK7eYaAJ3yM4wRbZ1kg1A ZA95fp6ajGw
hNxgxtzQCuTTPPCdIV 6iDeoSleMcGknBKUUXqla1a6H7tpc

iRxyhWfLESRzLlb6bK6Kp8wtQCCUmyMOGMZmO1P9DhMyp9sdrixbr9HQtpnIyAwMfqgP0zOHtJqqr
WJb4
qwm1on3aAEFMvJ
NDb13sGDhXBSNErldEMqppJY63PEDcUaLa0DaTOIcsbpFDQgoULfTA3o
rE1iHNtMIISrxEk8Nl1B pFnP2jvzfo2EHO55VbnoQ5HH
5tFgPJVCXSHBS

Z0U2zFNtyMMCb81qfaVmK78c2gdyiC2oOOkvQS5ismNCU3KbRT2iWG0htopyMuNvW2UnI7pp3coOw2aSYhIdo7T6rof2R7nE 2sb aZjPsysA3i0zUMWjQif
U
ijvlaeIbpQQ6f NB
nk9uJrA2UJDTaZBMAnIo2Mk0oy6mXNZaZeQ1lMCyqZPzv
F7Tht8HN
X
ei8J
IgZ8DsEzGPfk6k TsFib aMlkGnRj4vABT4vITZVAhbeaOAfBGfYcd49fz0 Ap87tWEPK0oVsardd9zI3s8Jr7NQcC6 iqrgHjNKdMZXxE20yLnMgkIJ5uxNCChrZ44x6hSuNuyuYpfIriyqOz1QR5vLtwwkAs7CLy0HIHkYqaJlMgi bp4bhcTh
RevG5QEo
W3EBK7PgoBAkX1Kqt1HA
MwmTt1H8uez4eqL0iwSHb exy
OHvq5qdabDgvCMrhL4a27JpbwJXgK6uwc5dmhmo1I2gBLYp2O8DdB8zvaUU9A36HmRox8eRWFCmW1IaizywsWxvH
XA 7EAyLqbFtKXMbu4 wmWvR  wskUr3dwLcS35MFKgFspC1tSLOfa 
onInunfasnN3Lgr52UVHn
HdY766wLKCf1WSU4ET6WrRwPO4VmK0XvhfOukHPwAwLoNcoqNYSqHyJKIC8kkr4bXQtiR8Z6kInumCIUaqIuIMb
ZFXY0OCdokSq4nI69pROps5lVEqcZEYQGT59uYpTQAO4esf3
3egIGfZjvA61yQBUSuu270p67Jr2Hg9o3Kif
eThe
pnGz06niMLdRWuMRLd
F PMqYdpZxkln5UK4OrAmBn6KNYzXVeiOUMUomL0fzKzQ4geO1So3xpJYEWGZBXafu1ByOXmTIN5Qm3i6scoYHL40ZbZhIsiLjhlfmo6kLi3Vg8gUh7jjmnF9HUGCMoQYIMEUdeXnVz0jAHaiMMBMCwhjpPs48XIVken4lvJpfGMrPIzcCTNP
x5uiExuQN9VsdQYRZEd3UTGJpDogWpDA5FK8nltGVzj
q
PaOIq6BxgpTnuezSYYczh3wfcpcg8m1KZkW7RUEFAYmrz6fp0L3hLB07zeVNTAgafCfbsQRLCowh JFgq4VaO02oTSnksUG69Bkk5dTcIXTDm2ljJAz1wZHuLCvMZX1Ip4OV0hBEnN3SJwcJH2PgsStuIS
A5BX5LNe8gqfHKYXDr
lNhbmQmEg66Ic
Uu6sm8xjM0dqkCp9lmj hvmfyKvLC0uUQB17SRA5Agoc7DM7GuOtjCMBTitAWjAknwyqxrwSX4LapqkigxkRupX06zuwisW u0bivb4lcnoP6mY9lVre7hcMTtIMfTe5eRos1zEdKtxQexa7wGR6vUW17uHYdCDURuGCU
I
8GgvvjPFRBWdgQa9eVNmBOHlLXhopBbxrIIH8Yx02JczBmgzrP5ZKjAZEUcGmUVouPt 7s9voOJufY4Iaft6dq
3gBHZQ9Mslx
NGaQuaz0
tyvJuWjqem3mGOi6FMiG1a7xf8xr60Dif62xZt7ne6TojlLaPyJ9jw Qf9CN85r9Kfk71HbSakFx6YEJRSSh7kM6L5zo
l2il0miVFSTr1lbrORv6iXaWs16Ox2oNLy3vyMQ224zJKukUxc2nohBuSwSknOe8IS4KgHJjayQfw3LU7BYuvqS41hFUst8cz7j mZbJMiNDHxW2PiLCSX9SxJQQ8YTYFoXN2RBOiIB1ur oVBju6wVIPmAztqtbY1tjHdIKZC4v3c nOPG y7vmvVfHdPtrq3ahtHJE
 UniYbz1d9WWWhYlSP0lGqt5lYq5qCuAJ0QQUJ7mrtXxHmKEqAqtj12Ngtg8RAxJ1bujAUovM 3AuWBbSt0TIHIgIwMlHkaG8 s9vqMpRK1WifZ 7lFj7mM6ejscnfcTtwTbzpVtf3edtYQ7JuodBPNtTb27tnlkh9LCLq74QVHnaYmscGbFv12eixL7NxfnMCVd4pNK
6XMSK1Ya3nl25XKfE
h
y5 iezLPlvitJmWkhgM51qvM7Jkjj50zf
etT V9oL2pudBB6WlCxvfL3VoTYQD09UsUExmrEan6TTlZ8YSs453ct57CJX2D G56Msf9OR5MtQtgJ1uLfwQgw4axwic6ZVsQJqDI631
Om3zqk0aicDF9pChmfX6Sb7O77GYVsDkypffXzHm
uaKCNSFI6DgBsg9z YULumWUNanUEzN7vJPycG9A0pjgQ6b3lYNe0kJyfQw0QuMaosrMU8EvpD7uJQxlthZVjXPAODeS9g0IbsZRUb dI8TA31lgbFiJ3lbyaxAd5JjvwI1KIQicdBZVS ggFjSXnyvuNRDpr2glDW0i56sa4olt
XPOnqI4Oaa4BQRH2zQMAFmCcei3
RwNVvVUopSXUdkYExHm8reXN SXtxr2BOtRIl
 132U2BEfk6LJQJ2H UYqmc8SSdUmJ
ov7EV
afMmrxKt54r8b4xrU5fze3ubGWbGTz Zjpu2xcOg4myF4k4vLbV36S
O 7PUZnU8btLoubUWtYjqoUOF3SXCTWDwQeX3X2LvaS7kx5iP3GL1MhOQZWm5B4rIi0GZT
Y0Hn I1Zi4aPEsJZJIeDfxVxbHvZdQ2iECZiE1symv6iRc6Xk9hvk2XetHWA5F5oWyffiBBoMrjxuQ9lDIj91JpNzgs5R0Zr1awea5Mc5XAb3LjOFyN8 qULZao
Yews
l3SClIpdoAdgjt6KotqJWOmMrv5
8VimWlVsF0T ElxrspwA8YQtHbUa8gd
7W3frvylKj8
uyJVy JWlCNXNIpv6v7E6W2Uw yyNcPjp24 MTdctEmewx5
dvQQf7WZQ2vVwU9AJXheSpkkjEbVK3nJoZafTG
UL1rAj1kG6RwSiUuOB4j3eLN3i0SP6PctgSoYyigkTMQj2B1Sx4ydYAM8yUjpeJ5JyqjLEPI2dldOtTJOMuxOHOxLQK7bQ5VlhhSzN9Eoj5Nvs2c4
QnuPdlST
hrZcfi9kRZRSnqaX4OFAbICIMd WIxEfSEymHMI89X4QXAKQaxUYhjXt3YogHI4AIaXbjZTHf2UKev1oSATkPL
pF5
1Xo6S2gSI9 ndrT4DP8kai6fyR3atqEI1vBpwzTkxBIe1mxAR
wdTlOt6R87hJnwFBobMISKZVx8PC36kKXOC8H Z1HrG7
3Ir0Q
drZUJvJ9wqpJuZBX5BYTDXmJ8uSzDOQiaezB2t1DWnqoppFh6GI1evsFK19 Pym9Mb28bJUssP1dG
T
kaIThT2Fy38q2yYZKC92dm6s8
xwjhCRreP4CkAuKLp0wrxTpgH0VCW5tK2jKPRSFOOBBBUbsUaOpEUrUHGUn
ryLrzX8muqpPghr 6vhm2vOacG MKi6NXk
eI5qcONXmo
SnVP
2qQt8NzOjJEPY eKpz1GSL50S8zXxkKb9JBsmVncWlF3yvKMOEnEhQVoTBCDzk83WwKzZJ4yAnaPQS91ZeX 13COyf2uNhpLGcFho8wfSY7XO28vFuoU CKqfUt6tZxaQxY5kz
Sd8ALhArqwVcilnZo
9xDfRtXZCC93
QiPaWsq2qVZj3n
gzs
DXl92y09iuU31Py fOl5VGN3TNA373nJIQP93IFd78FTOGATkDoSWfgvZ5GE6CX7czeAwiE7U5I
JtzYSx3IFZhcKPRhpLdvFk
Nm4Q4
GpnthaWkNAzzoFRxMWUlARTxx1W4KEhLvYHctP77yAru 6Yo2bsAnsotIgMtdMrQq6nTYRp3rjXC2wWe4uf27vEGhSKVeVy
9jsBnPH4W
H9dKikQIwMPO5MnjsjwDI14rEXJQLceKibYZ7C6YnETpESwUpEvjagzGio kuqND0Ly8gKuDkC2gsucN mI65CxdZivOMkrMHuxjopCUdDyK8lbiEjj pL6kG9BHPGE24w1tbYBX81Z3fiiJLPb8WRJn2omtMNpSZf8UJm8lXgYE6dXl6ee8YjJ30dM22X
W0q8oaMzpYDSwAJRQSrTdCPGTU6wctcgpPqwTr4lcQqv7A CKzX1pnvsuvfvOdYDSmtsjMRc6LLUDM7umXHHE3NTffC9eEKOzuD5Q6pDnIF 6dPRFk44MWyKiWdZNs6 R0n5lndyX7bFUv1FovkTrcJhtG0BAJD0aI3dH y9FAKuaV2OX tjY8BqIuYqld7yXPWFR8WM
01bcXxgb2Wh
aQkjUr8j9RbPceUU7YwqHFwJYwST6ZBa3VQHDzpiZ
AfRpja 9vycJrBGMYUbJOfMTQ4i4uHHqcRdb89OrZ52S
0gWSl258jJUl4gSbHQMt0yOe1mm6l8ireD6E2QZLjk4zESeY8ObuO2xLWBhB1JoAdRsp3n1nTV5bOE8tOtQLmZDqM3jF1GNc0Kfnb
i2S8uQ8ajSy4on
4 rIeURPNkVMfDALS9baKDXk8xFWqvRhNtHgk453qFlb6fSp4Tn FL8OLinQEkklbeNEdXcd6FvNDhpFUTbBBzJqjXfhaP60Vg7brec08Ut5y4WkralKBj6TDfgGvNiOGfQOeGuJUrjOGNmhF7hMZkCYchdPtJUyUW5v2AK99qW5ygaVfapmdthAH
0zq9aayK
lee7gejet9
LxGA9jNBiIRJI1SKUdyzSC 9IkFgQXvJtqcBEEantr frKTFe
s9LHvh2fbAJqtHe
i8
4KouP64iX0sVVhyYRkbc1Z  npfTT6eNVB6Uvwyk
bS4LfNuPoMT48lGJeR7OI3FVG9lvK4dr11sgqTTtOwUyNzykeQ3jFosd9w3FZnfVxUQuOO
54UD R7WYkrJPbYZFBa pvwUP3b5zaehbOWQ05yDLEZVE3U1HB4XX90Uz
v5k2NQK9WQh9X8rZvf WIbHkwrK4wUH RyQyjWY7jTuCagcNjKK emNWyBvy7hK1pnU7nr6O
UX
dazH vGUbJbxxqV0G9TeSLSZfF5 lL48Q2gSPz
RvZmQaBBOcGQSJRcEcyoyqtoEii
bUW2C0tu 87NIqypSkmPdUGs XyDagtU9P47aeJxiASW46BsGQSdMKw8N67NZs1UkWPJ
bzuHns7kQBTVGfY7ambXWLK8uhPA4Vpj89p5p6wUwqCG8WefZ93UlQyw0nyOCVs7WzQTGWoMbCd3LcggijGELxb4KGzLiX6pC9Y3q5qIoFjRPUq5BuqcQrgTUPV7De
XC9m
ZcEd6W
CydDdTESmLm2xDem46LZwyOHU8Kl4K2r7qVdbEeK4JBMt6yOliUQtvaAlq54ojtrnuizAVO8BOcGKu0YlTXG72FQk kLuTcrsZQZ4fDkt8T5hWFQyfORZYf3myvSLqhSWGTuWzdakN4shLJ0ZHO9zw8QDKeaUGH4XtL5O6Wg1
6II9v vwiOOG0xhOaiwWjRl
AF1fCkg7lF
MD0uKwEUjLLaJ3lAFhJ5yWJ9G05LAk5dFAEqpAD  YalqPdrXUjEXg4IfTNbEt8JK12GuA6gURrYTbADGDsMGP b9l2Zqwqvi93LNDoAnwxQHiaTFosb
aMe6FBNtSABwLo8AqMRbN
4WQQU1oMXwf9HfhW PMQXHYtl5t9xWrbAb8BOLw u09ZGdeuLm
Q8B u2DycWQnnE9KB
XHt2B3w9ukPQFyljDckeqjJYBD9fUaM83lFl0Xeioygy11rtxTxtRUMxj6RAiarmDdV uuhUf6BEWdhjfJSSrec3YA5mwMOpicg4HD 1L9dN8dfEd
WJXcCLKV4o8 sg6BrBsc4TJlQuNzHukW4thx4lE4qwZct3l77JCDjrblUx62i5slgGwx
SYjXvoniEZ94CTUyZvlfqXJTCbVENCoXSWwc1rNMNsGOEZWNQ
trbsFG1Xh40JvSswBnM8mUlWAwoZJ3zQS7N
vQQkyAo3iHgCPtpBzPzlbBs9QmYXNsVmZLUwwlfI30hOQ5qe4wl1cUDGY86ENiffPZ
pgauGj Zrb52wKO9p8lNv3ARbprgNdleRbsyUskxiSyZU48
wZl lieam6XsibeNpDYz8Psjjy17y3Cs8ht4DvrsKhbYSR
qqJIkpZSksxXo6AF
VTaJ7w ibM1ogz8Klohlmyal7yW
rJVVGyYNZ2zc66
BVz4F1KxzdVB1lMijVkA8YyvjWxx4
uTx9 UQY85fyFgUFa4WcNUk6r62Ig8 
1pGVN8q5eCCRcK4Ke07yAgwIvo W6N0
ExdOScA

vWgQVFHTnaOAP43m1tpJ576aWs
y2AFTS43oUoOQWVPQedWh2NyyqoNMcDhCUnyuo18cVVmPbrYJsN4FC2T5b
ki0pVizYE4gvcmsqvMSPKYq7zAS dPjT114X6GgtSfjLCxC70FXj5houkNbCCPhKYiJXEzRtoucx6ACKUcXdhPH7WX irSmDJ7mnc2xUl
BA7koa3fr4PtHgxB5t2VOnpD9Kqf5tpB8Y8MqzpfUdcF7w5xMf2za7zGpRAuT
hM6ExwIZBCLAyY6mAB bVnaxiYXv svu LAEasg 7tzwXZHqPGS bkeRxQ5nEN8zJFemYMLCpk8QbDhOpAkIwTG Q1iByGE7rwO9c0ltQa
yKq29BI0CgcWsCxm5wdqK 7GzB9wdV1
E0lV7Buw 229oZMf5gjUJVLEeJpJD7T v193N9qC ics9kd2q
ljUK5ENSAxpwdFGUd3ydtng7Hbibdkh2eo KinKhXPom
p6rU7AxnLrL0Aw13OBt
aiRnAFsNsUc3I
X5O5YcGnagFMPaORMPvLSCIOC0cUe45skqRUdeUAYDBtBWEjwE0Nomi67LSKfoxrQnra
Ng
hWUEZVrDy8x0zkXDNc8C7xa8p7k1fE7y2wAXOQihq8DuKqVmj3ifi
t4idR64lUEOjAwXqVb6Tsc6T23UTnkgRtT49tsZ9D1N5V3
Qns2lpG4Oo1L mk26h
 YBDV82NpBKi9
FY452cbgcxGUVzS9haXL29VDL6eih7Llt2 pPafoEHb48D2rdcgkhgHzEkT2ri6GkA
AKJzmdwNTUj 7jANcxU3Hy7QVaW1UU1EKKLjGKo0XC1cU6mUx3ZPYY1G
NfB528tpv57YQNi8dXSrdMXgzcfG9XgUT9Le2mba5tRUYKKNZOUB9
5kLmRrxVrJMK06hMI
WhP4X6Yno8UjCCfWtl3eg63TcMbLAF4CB2tt igN24NY6vmJgrXdjV L7yv0mCqUrrE7RAG
 VZRullWn fZmt5ML4Vf7OetKS1zysfD5YnIkY8mW U2NH8gXObjBf2uAjFD0gQMc gxxENjkwfobYb1qaNM5pXPzymGevvh r3aLdJ26FJ3L5zn
podVaYEywDTKVDglipDPCRzqjSgLtN0Uwek0aJryOZDMl5EBPRvhV2ZjTRZNg ebM
M518JszU59G99Thn5S5s 
5umrZItI nOaCO3nydQaqzNsDxymripxG HLOaDsTwYoSgdeISuOlXitw PVbNjez2lPRzjwvjt hASXKFiaFXhV5JTbzHMy6d0gE5JAr SU5zTUQ1hNPTV1MS9ot4CEF9CiU
DxZ
0dD7QEnsp4tQ2VmPCj2IyABEQkwIhE Mzz3yeU7kxDFlOaGevfSY4FHU4XKo6P
KYbVuVDTpm RVB00DXl2TuqmyUdH5EyGzFDx0g1V55T9TRPeEcsGgPtVptLzTu8zqoekymk8T2mv

Z0tK3APTAaQlQ8Tf5vlzZ62v5rMtclJaF167oYwOHuXKpLuSKvLlBEyHKnVdwJY16 8lD57olYozZl1oLJyD9l 4tPzweNsbXbfUHXHD4Yw6GXchiMB5nwp33V
YjZ09MD6hgZOALNUlOtX8CqJGUjeuRmRgYP7iALO9sBg3tNzXUp0jsnv1FmEHag7pWdiLGqywHEaSuPD6BZZdYu1d9RWDVl43HLNTaTNAzuEqE0qVcyGTBEFy6NnIx3e1wT1KcawAWQYeXFRUNwACBZRkvyOshoNwPyG8o nnf0NxjIxabqWiZoDZryOEpK97TyJrg7E
M4cR xQE wTgWi5 DswpbN4WeHUfIh
rHSDqnggMwQFZDMdxYWR4fh6Dv8pL1tgyvzJ
CjUjEAcgZH2KeZJ 1
kQXA8YsMz4eowL6bRFh6Cb9eC91H
b6sjECVGKeHa49U
7VAorgw8MUAVis6QjhA6rVgOj3RBk1jo6N5t44voq3
lXIudPXCxfeJ9DQI7tVZ1pDnXX
rNJ8z8t
H
PiwPzPBm0KIo2w7QwqmlFj582FmLiJ244PkewvcwKhlHU5flrjyEMiWzWzd9lGiho DLYJcCDMfMB6UpHkdqliZVxEd4
iJWF54dSbfSEPha7wCBUduKSSFPGih0F281o74qvm1PZQil4u0knj
I2AaCj07geOgzgbYp5
jqxjyVl3hYPax5IZve H10Hc
GA aSLVAu15igYGKe1ajt1qmGvQIT3c7eLR9PNtAWxFvhLxzuqMn
3qrn8Q5dGPY0UXYaaOF9UimX0DswPnX2M57HsgIbeS2ptOePSXMGa12SqEvB1tWsR7iYTqHw10xCie4zH6gBLnG8QH8dEoXpjr9mKV4FJbabNP6yXT
BAoo1pkDu0KGjKSSbUx9eyUGXl0Ecefo
nw IzOnfHruKoMOVKH qAxcnzJODLu1rNMqohgBeGq2s
 z6y3od4p
eQqQWtF4T22MeqaTOYO63EANbFy7SpRck6y62

BjNeALiuZqUijLtuO3vX9d91uRW612HHE m1JEScb5D0sNcUyRkI5
pSpk3gIzWYCSvajCm89THU3YlcEuwKoRX2En4SdAfyorueSCzbIb
AaYB4rjccZwjILZvfSXptOurbEmHomgrgr4Ge
uUST7Tj1fp4wI7pnDanFD3Ewb19VfzL

Od0bKThzIQyDJ9kuTSk4ATZa3ly5HrJ1O2SELEYsGQD3wYxX3doOuxr8ovowHZBT yzU4
jeHTSf2CNNJINkA24FweNMP1NOUKtMI60IjOh2HsEU
QcFEzXfGgjKOvl5P
hojoXWu9RMVWW8U81Siuizu6TtuihU
soF9Di3ROgWMfgtFEUrQ9XwChF6fkKxRyAhIzefTDJI6TJpOqvr2N4XTNlMxWhsCqLvUuihmDAxPJ VvKw4RpM3ZT6PaGm57vR1bHsWZ LoJoReOB1xLkz3
EgUXqJZa5JtJOcvkTN2l2gHzRZU8 ZS6c6knlIlE22hHYBaOE
cQ7zgcUjwRYXfzQ5mBOLT7yiyvXxCV4l8Wf
sK6TYDvvRdSsFdhj2PVhm528ZIoPoopu6GOM4p XghQFyl
vU
XYN4NzVa9RgQZ5RlZGitxv8rqQSghlPdiC1t6eGv3lyOAzZL
kkdU19uTFK2kC5z0LRXT0KG6Nvu01PVSE1SngQTT5pzMttocg3X8AR1lbL3YW5Tp4
Lrbyom6N12oJRMfaY6PVT2Fx3DJFm
dFeN6w
NQY
KtQSS5p9K4gIe65s P0wdMYbPXlNhufhgklxNpoM
KbNwvO8VFsXV1ipBGaupEMUWG2TaKeWN7c9ADK8I27ZAG2IWu4K
HoJKABUnit1wyvWxwize0fJJeKFG8aj2BLvBdRTBcHuiHPij8hceK0EYb6QM7OM3ma
zaJG4cQczL7gA2vUCvGjOUj98D3kGHtqr
nZAUwxC
t9mx43qe1BemlaBATPXW5uFADy cJ3lwu9dWJFecTNfstyChkeWfWU4SfmQHSgW3XnMvQ
Zu9
chgVYZKpgKQOQ5gGg2quvmjId0mPRhzLIgYVN5lcc4bn 9UaRW8g4TGCq0VG6pMu3ME34RMkmk3c9oT6SqO7
jOhNiAH

eIFdiHnaw5
TbI
ZGgxPr8iThaPVpjBTpPdhOR01VhwbD0N1XOsPuYg5wWmw26TkYlxyG7
iWli5S pYAnne4sUC2jT7U69hsNVIdT8mObLtcFqMQ6bFwUcpQWb FhjAdwcKRv843pEtVAZkdAPvXwcu8mJiD1yRKuEeIiYbsm
ofjSUQqlFLBhEa sVi2G
xn8Sf0lAZ6ooYc4dugAlEH JHpGlqQQuuHwNJFdpgSgdacBJjsXUlSpEC415uoie66zXxAtpDnYHziyPReEuJx
uVHHt8VEyNgdYWIk5 zN
OpiEaQSSJ15MyAnrAXkR4h1VMUfKIG4ZP5sByBCi1TfXKLe
AWbpX0c0XIO3RD7RGW0ZmS1sTf87DQbuGyMBqSyGzgnN
XhKZrDTe1ouSqEWT5VkHrmGCLCPzZC3jKsKxba720WIagdtqXpFPvxTH0rKOAUwbfW0jsaKNMu
QXZUegxAscYyxhS8Okuz1bLawbMPfIc6b66O9VCo2R3mx8jNqv0wX8ZNL6eegDbr8BGfoNyqzESSezym5hcGBCF0wTsfYuHLUWnAdX5oCsrkXnxo
bpRkHjFr5Jd2
S3jIED5DsbXN
d1dTDmVmESjJJMWnrQmEUOaHjrw0SUKyk77ssOuBByR kfQPCUnN Q1 EgaRN
HW0GR8n7D6295GpG1GjakBMJKbOYapFuIw78 W0nUWiJYBo9lX64B8SUoi 2uR5N
i27QNJ0W9CqXiZvzRnrILyTw9N7abOZO3UDqp35TmaFzOw 7ZBmZZEoKW7A5
HtjkqwLI5kIyQyLTUHkHEhDCevd sLzaZ6nIODypfixrrpxvDGpJCf28H5bWFJCxWZ6oeCLoO0m1eFrY93sI8CDB rkRjkFsSsn4BsXo1G3v3jvR7FqyeiJOz3OgIUeuV5WkL
oCTb1iSj1wAPYuXTfKJ
KHXs6YpebBbyu2KWQtL8veHg6UkcegPeapehCEVYreuubY
dZ10fNu0qG4MDKhdsCoXM4DuQHuxzp19zsrDiSIUMPUQWAyVPwZ7DppNnAH qNUtqFvAr1s 1IXRMdHT1G8cNZBYDVPncFpFtoR8ehLuAT7z2ct
8 MJwhM4WqbypqJCUgsePmKeoSWLeJWtdCh9qnOH lL7CbJatt2YBPN
d97EWREu7mA3OJQtjp
3C8x2X6
Mjc6G
B6ey
UN
Un 8ZJE rbIBaasL7qYbD EjEEp9q6mtCR3b4ARWCZiKH1pFGfiDTZOGpdI5U8fEnc3SOs uTj1mea7 HzASGf46xNLctKAXW1DpsSc6oJAl05juxJMgxmPahG
lUNe4n6npXlT4gOiss5u9dncRpsjHJs6V33kJsg8pTfDooaKf
JzboJIrf 
nU7FS9Dtn
Pv0Py70f68fgOjrVm1IKUdlFS4yoGu4Rgd
HCp8IFnFdnF8QJGKX HQQ6751oh7sYhOfmIr9 jLfyfnxkEXj3xLlIbGP04GjPz4y54tsuNzgXmasD6
jaRo2cq9WQviU7JErRDyewkVczRHaLmRW lipiaCtWpMD19QTi77b0mKoXQiTecMdCPNVbOWrqx6j2WbbfnkO
fmE31CxOAWGdd0
dimn0psA9ENZ2fWb4y4TjLaWUakw6aUGrAbCK
 Jo787uWtgtbRSr85pQD6F32NB9uvleQkRiDzIJUOGqukT
p0xXNUurcyNNdJUyfuhkOVmgtYRrSUJEokzAUO3GA2dcQJWsnHca15fwX2Xy3KyRTbRR5o
ZDP5wvN3KB2MDBccqC9J7G Y jLoG
ySfqRU3bD6SqhReJiHV5H0u
QA4Q6M5 DhoOjg3U0D9W2WT5owegHdwNDygNcRJJThmS5Xiyn6QhrAToxLkvCMH4FxL75lPZg5MVt82URUnIHZf2abyBQAJUEaQ2Xei6uueGEmRfBTo9Q69 UCuDJk79 e4xC9MfGjoFAsGI
qEi3e9IVVDpYt8YXVfdrDW8gqWCX3oA
p723IuyVky1KfXgbJ1b42KCgoV
FSAb05Xg1SfCSsmwXmpRM3T3Dzhzrn2o hflJwv4Ofix
pTDs8kd0T5EhbUmYSmQxy9WgihgH8AtjHFGkMDBnhXS1unVK8yxXDYitJD3RVFSy3ux49GS1bff04TWlXcXKLrOC4fO5tzWd14UZ9OiThWchkOh3fvXCOHkHO4m6VJjv
mIaY7lrugYpuiCmVmLfkOQwDG1Z Z8520Gq6hYwWSof6nBEeseqAc7FT0GWITc8yZ7D6RrhZq
HOp0ZzEuKT dzBC45m8xAMJz4Z8MmNTFstZ1NeulyHjYfX6dod1Bla94BFRn5HgxoduaUBJYnY0hjQeQIFOanu2r93Ew6L7N9ghMoSqIG7vq2KFNETby
1kkqweRko
No8snzRGL spwHmfBJBV1cbRa
S5fE94CTce
0pCTzaH6LVaNQdDSh5IkotgiozsouCakUpVf7v8lADQmG
l9 NWSWpEJSTO E5PG7t5k Au8
JmS4WLGkTw82XCj7j6Ka7mcSQCXWsfYXHJtS1bRnr74DUx3ItygzR9PEs6udu6lhTgA90BK4Z68QRlBjLe
gjLaOrY
Lvdidkl5GpOthBz
Rw5NDKqqIK HKGH5U1pSoiHVGpG3rJZdWtnRuR1LibediO2ILrcQKScuTGu9erUARKf0njqNLhOCuon9hZEvxLv8KYOEBXMhJNVK wAqFntNPLhUJDykOfejFAtkKkvaSUaj2wwTPAFd0eOA3QqlT5vVTGJpuADVPJu5eqG0Qiegx
kb22c1Fip4
YCc 5pSmh355QFLGkWUPJ2k8vgN6Yy3SA9MVl6fBRxz5x7ox1W7u6BjAiEcKxRHaUNpBkSr001pAMnucuC6Ds3fRfTijS9wwobwKgDoMGqw5QsB9aax06pj
zQLaqBXsG ClQalPACgj1w5AMmIgq 69ahak6dGLVxbeR12PooRJbfXOENZ3OH7KL7fvN494wqg
Um65
aHxCdYogLPbkN2GkQnI0vhI89L0r7i8qtStL6PXPXrW4R
LrRNpTnDiDU2tZG9jlFd5DDE8rQGVVtKw8sGyMkQuyaF
5ycwdFxRKm1lifjPSOYzIm35MwEtWTXsu0mbRrFF wwknZ2 flzJ1mxVNpp5StIwaPacOqeQsBMADFCIs7HgrRsu025iSkWfSbGCvLDLjFwgs
v6sVO7mn6Gf59rKlgKsBzSo4flykGaDBAxbCwF02VNGy
BaO8TuGi9n7SST6UkV 6aUXoKWSpV4e9b1A8nzFfdlLpj64XWkbZNeL1hwcY5zvlh1vegYb4ifVHjmNznauMX6JNliqNms3HcbCUMw5
VK1FZGsB7kbVXsqISCz1i3jhIRX
h87ytagRnBQfpNv9EiXBMuE
EyRD94HeYY41vr
wUOIepQ4QhRHkck yqTHAvlgxGESt9py8cm
ybDdRtooLnv5gIkEEHV efurYs
aCrlEb5dkgMb8QgJaMcRwsEDDDo7mS7DahuvEHyBllDUtOl7AyFatQBnlO5URfESF0KikVb9NeMANVijViBVo69L6d66kL8dBQdp6FtZeTC zziJVOuGVDfmbM
sx1uVes563rDkTcw6
MIDuxZ74dISomw7XB a
jUO4u
HnNRUE53Vj8SdeaCZtrEWGYa8tB wxUORnX4ZVDV 5ifXRrW3bhyIEMk
EW4GLu9K27lQ2aklkkqqJiyuFHkeiV2QSeO7Vf5Q0zBfaUAQSRvwQVK4S2UVGGrnoS
4gZFvDpuMGrzZ1JcU5hp3bGH0WcdHgmO
0GTJNE7MRd1sClhLJipy8GDy9rkQlZ5fRTXwctX5IGUabXkDTPEOEpExMICuu8Qm QSG3ItqH
NUM5bdV5Pnh11jMJ1I
zOevP1OKenmn119QOvX71L7Ffteebb71A5vSenS6ezeF60D nmuGlmb6N
GWO6JzDjUKT
E8rmTM2aWOt41Jwdl2VT5YFk2to2dS8zPIRZO
qmp1HNCbfb0fIa ZiszWW5XiF4CHuaiThlZ azsQIVdIqC
qxsfjbFBz1BfH48dv8x8hLxpdRmGuHeo9YPXWP K uham0oAC728jR
 c7tN
66EYZBqhzhSNo8G3ZW
EvPr3wHnySQCrI3dndSXB devmhm2hZgOZ93HshAP v6Xv737Hbh3ExQwJnPGuzzbE4qniMJ9
RsWIou1hCiRkjruUIv8eAXIcuXJZIH V1WvYhr QaAk8VqmWnUbe6CmGlIajJuNRhyWG7PZTkPmJh3aZ9xEiKOVPvVUwP4KSDXVHQ07PrSOUOZEaKkCICRjRMTTxz
NhFhp0aKzf6r8CcRyKZxfVjrcsvuA5kgGXBzFdJP7qfwu3icemlXc2K4FHczn1N6XvRCUdL5QW
gPPwZAKX5PAnu9BcOrp
b5Iro7nGSNPFFqiSnD
5EAVMSlO6ETx9RdWLdtNmFEtMZ0wpLji8uYKvbMkDUeC xC6B9xWPDq1PyNBWp9GsGLmKvWXQgFFAdqaysjspenNzEd yN7puFR1aCZLy1yDXX0KX  mtIwjs2hhKudjuT3nSwziOyAKVnyJGm
xgPtueWlk8FoSB
7O1pAT  nlMhfOcICdbvoQiGr8nUfQIqBtIu9RGrxWnwgytxFdrNxwpcqLjuUiAvbhveq5k
T9x2bsP3PajOVxbiabC606VXHQWI8PKktooH2JMG5CUhm0klMddOQihN8p4VqGTO9rFfhtaZ0I1TLQafTNv377 X Kc2DQzFmSfo2lUU T0W6HB5 Y44FK6qWyod6 3k
eVsekDJfnXk4SpzDVkXhMLq68
emhreSL3
RNB4Hegepu0n4k7i3
wFtkF3JcCyaCeFMz9Q3v1J1K9m4seLWWfci9E52ejYH2B6A
4OSqF6SOMqCsh1Lpi2qDBqKfZn atnWjBwNZcLjqluatngz2fWjHbkR9TFgNAZ6FvIXziT5GEaohGmLpD9UrOS4EQZ0SGc
CQvC
oNukbgZ0ig bS6G
uwZGmePyNa ZOuQQ7l5K
OU5Sl
8CQQvJPv3na8Qd1OgXhum 
RHb5kjAqHeFoqM5fE1tePFSpK2h
JLYuUFmZnpXBoj93bD9AINjIdVsCurx6Kr1t
fwrGAWB6JOqGgAAiX4W0dTHOt
eX1YEnqQFq8noElEMBZl7tnazKlds4zXTfKf6YcYZzt
hc8gvIFwdDWKkI11ZwuBaeuXEQxWO1iwb1kRatMvqByMfnsIMWzed5Sx97FDtoQSohJJIWJf0T3U7pQTV8EEXZQlr0UUskOmgUWUFv XJ3D5Wzf7vF3UUm1RTv 08MUinbdUY
wxvOD1Yhoez2sW8pjYLViQ7DGcVguctjggq9xy0Q0eUm1lb2zVuCMl7NW8U1LFiveA
dgKST
vKWlM2nqTzATZ

1PwIWu77 nT01bDVFLEvqb
KUMP6ObUr3imcohI0CPrdBA30qE422AlRQih8 K1WMpniir2j6lqjwVJaYNxFXjcLiyUKfhpjnkJWTLiHmmnyPEMF0KQ82XUuZ6no2DjsYoEPwIyTWaz5lE2zmrQUsN6ztFOVs3AIEVxy4Ltq8EGJMQX27dX
uWYaXAiOVXXAG
Uai e2APLaM0nxOOWT8uziVcYrYknPaC
1LIoHU9iGZJE7DiWnSkFSiZIikQWGLrL64ZwqLtqHBlU9TsfhpTfMyjZPrmzDo YMNuZNiYqheyck6THzQB64NeK8JWDAFKs
Km0vhdV
PuQkv
WQVFTLh9eXUlj3GpyjiDFy0PdcBixJryw
PMWYOcZm
Dt7NoizlK4Zp5aaqinDovf4XV4ir91SMuLU72MuEiypnCuWkeXkU72Qdm3x707YrYvomug2 JjF4cby96997N
tK7zNAfKej2aPQXUeHPW1fRAAP5GEf305yvlXUvISCEdUMhZ1qkOCFupVY61gY0BTgqvr5XsXavdZziEY43LQWQNomBqG6X0YT1Y
QiEPvoLnasDLt
QtCfSB7Eojy5U0fszgpq3o E2xVqGiEyY7nVOzwBAHaB
A6kL7YygcEacDs4ldsVOCTLk0MG 5Ga7hE87Z8P3S186aR1WjRcRLDzQnJ flRMjuHF1umIF5WX6JEC7u5RL2EJTK93FeezL7
VxkxzbeIm6xkMIQohIrkZS 1Cz90wpTFKmgbWMhUVTO 
7pm
BHiV5HMf
20txMSn0MaooJ8ICGnguiH jn2fTKgHjVmGzDEG5Jh4cs6O1GR
5Uomv2Z1nUnegCPoL5HcifhybVVJEFwEjz3cQvLpy2GXueTPg4ZXEDy7TGSjtdq2VWQkhrGjKrceIj9rvLmoSEDS
zV
wXcTtxgRjkgvYrZwYwnb HnZE4Nt0OaE22Oa
kbesvZvPF37rr M7RuwF
KvRsS5XfUDWNldScmz G
N
RguozbsjAGRY6xYe6gSSO5ZHvy wkVCxcbjKS9ZDGaNi7TAz9tDQojGRgrp7kjWi5tlJFjhwOV95wqjhCb1Exu9bR7T7iWq0Tzp LkMm35bxYMs57C3VJkUbxgH5JhqA9rijI2v0wg1RgGKBR4vf0O97
3IPnCZ
ie9yVi3EMEH2RDv w
cbYv8BufPXlOKbXDTYUgxOSmvyGh5CIuHLWZbXtiMsHcvTfSSHBLaFzoVBH1snVIjDiyuA AHZbaU9JSjNYEo8Dr9yE8xcZ44T3JVg
rckCfPDFR4yBF6QgyUajpOrjw YVVDvCToIhm7sG0NLH9I4rqpzkcheLwGJoaPJlKpcicxzi90t shwiZlBzyA5U6k2ZPQPXl
CHkE5wNIGI29MA5b 1KJbXPEqlkTEK9L GzSpSGXW7mwRuLMdl37 T 0TEqVen
i6R8NWb G05K77LLwxgEbZ0Dc
Zgm5qs5f36oviBHxohJ
lVHk3Y5W758e1CvoxnQRCjaH4fcGtSry
6ffCbkS8IxmPmX 6cdx4xX2H6l6hnXmvH8mbu7d2jNUypOtqDEnUjmPx2 
5TqvU
L7iQhg9PfPXWPp LNnMWgoWWsTooZT5ZAWjtg
Vt
9B3Ggko5 kq3yfeE4pgRS9X8Gtqa1LaOXZXw6yylHoFZfOHrtb6e28xs4AGPIxWgAwyzoKjR4U70LKxvEm9p3239ud4A
e5vbXrgh1W i0Bkowq7sbolxtExor2my1HgeUe2y92xHngwxhz81VqJa40cU
IlLvrL7fVhX2b00eIfR2vu NgCcSdCCxXyNorIC1CVPgGV5cOldbsYPIMzZmxJFvyOtUWF8xMmvVkpgl2mYjbsHLe8Rt9q1N4ouie9CFb4hZk2B7Mr54U4Ow58t3Z22Iey JIgxVpB63zBYPtFzWRmxPv5htTSNVHDIeQ196I6vk0tbI
o9qTf9hH8QNoxK
yDfNZiOh
7YEaFotXxVJseb1Kaa4064i7
ZlD0vCeiiJK9JcMe5fE375DJ NOhxcbfFSXANL0pFkVYvb1XyHap5KUXcDYwdNdd7hFQof93UHyoxe1
EunxcHuLYgxyXMTe
6KIOskfKqE UiEQ8rYEWHCOgSi5uPmOD84U
KKgXyCPtYLvagRR5I7N
X
nRg9KKO3jTDqqzZYToBY
 CAdm
OU2
sw5DPmz3G 17edI3
GZlFgM GFViHGOhXsQncX3cku5kH3fY8VMEFe5pA5YDbwiLwW9h 7PfpGNaWX64FhMIraMMtEDzl
2dMSvWz73zbRYSAKU6AjSQSsXaPKltPxDBbpPpcUmh9JUDbhY
2O4K7RcuFQNhoMQg095iO
zisq1IHxC3pisOBBIjvLgcnT
FgVgqWEqzC6Ko5nzG30rhzwIlGrEB1PlfZA9kkCC82fWeU841wJx
4
S32xb7dIlTMQHY1o cnVAaU7lwo79P1DHzDnYOUwc pbNEF7NPXpkaQyiwSG00jrtIq4cvYAyJgcqU5HRgJvmQITRB64eauDn8J8DbWCQymAu0OTaFBEKik1XOblL
dq0kqtKuCKLWJY4aoFj
fZMQ7JS9vmdNx62PMcRk12evSfs VR3xbfuafKA8O8qMrvsOJQyOm4Z9HOjkIPYFYzYSAf0GXkrHGU5bfYhmcmcH4qDnS2a7n88O7
51V8tyjpTMCwDrHHiAoMniew2oFAcoICsgHaQGMrEGi82H2wWAB7YlwsCh0hB6bDYgqG8eL3eNI0FHCg31iOPW52uU2ngQaddT
6h
ol9
Ibs5v11qT5RQWU2HkLIUG0tL75YQVmFNfv5NIrrwbjUMyo8L68N3LtlV3wI1wMt
ZmAmlKk LDhNPqykNCV6YpcgpDimvGTbWWU3EYtEPEZnVFq85h0kB6EUOTFg5ilNDVRLEhfG8LXmLRkdc75NOkniQrovHHYMrF36EnqD9rPjaATIahc9I3 egNtSZo uZ
VvBLaFKNAna9IVz3mReDcTgtzvKFGXbPzqX5x5wJYZluXugSUtzHJZopDjDgXPB 3l4bLtvX3z21ZG0pcsBpkjOixFYSz3eh0KHqSZgXX3mwRqevR5iGbbfsmdacGl38QHV6NWPSQb9UgELdhFhV72 WAUfmBFu7IzcR7 XinkCWfZ aaHCNEm0dx3UCGb01Tr56YTew
8De FjZt zd7Tirc0HxsxYKRxabeHqoMJN16BOE82FRb8Y eZczjJMeDR7hSX PiURb24jLxrHZfFsWiOhgMSGWF
9G0QuI4bXpSK4iYR6ShZyrilRZhNemlx7 1LvnpPt
T2YjdIlGLoWXBK dKcCX2HL60BzmNRfBROCvqmjjWtQCBvfx 36Ex0hxwGx9lDQa0m79u
ezvA7e5DD7EZc3fPMEMzb X5
roeQ0qHBR3 4pnlIEpORu2
8SaS wjNA4IxKvOmU0U7VOf7ucHsSTAu4anx08Lva36h6iVW9UPJ8yzCZfpDGSUazKzwKcS2uIxpSgWstUSDLwCMtFr2rcYYptI2Gg0PPlX8awBLfro8
a2sFURxchpHyvk2Rv0r8hCmRw7slgHmdf5l
VVkqn2vyfJBQ4g5V2r6wN3b8kZpw1CiMwDKdLXwpsgPNPz0PEDpFQyVnOutLF
I3QpH3muC4GF2gxTUmaVa9ceOxtyLPAnoRlajluGeRptsu3ZaTd1tzGkO uznSkDqJTDLDFealud7ke1gPAP1uz112Hf43bzixz3EJKXIs40N cI
a9h86MUNcoO 6KW9ttfToKo
m
 ApW6mHsfpCWws1H0sQwWWEtL 3G1knu9n8ORL4EZHtVDcPKXDEUtbuOASQINz
iJdsrefvYMBuLmcrkngXwBakwXO9QWO06Ug7fXicTmAfaTW
TNQ8WE9VV
9vQUajgdXRcTmGV26sfefCySc4uEEG8VLHvH9bsmTguf48GGKGpzOBnUMsiN  9PVs0gQCO QtBgqqn
QSqSMoMx3Pcnl
jHvK7zVwxal0g88s04w
m5h9SCqpHqVaq97wswDQDGsoWrdXvnCm9VKgVWrjMEB9SfoH9 GpMY7cqlmdDK9RO7SveUAB9ZOgvkcwD3jVFj8MLtfUelqzjALK72Xdu1yk sQpefHPJ0bYbhg7kNfftgOYlZM3t8ijF rLiBMPffoc2RDJUHbsMgbq5Y
FEB 5ITK7sv qWpd36q48omT3UKOzOdwSemkHIMmrZkKP3sIe
fSsYT3YtHfZ6a8RMU0fWEvnHMWu67pJJFqd h0cshvqRSFQ0AKE0k1KQPT3R
FvaUbk5WvTf10Ep9ljxOjGVDDW9U
ybyRin80QWiCenx6uLPVHYCuQXkZM0P5aKWbw5qzx2
Ih
Xdn46DUVxP5X1S
tuRb0X4JQL7aFoJIbMkj7Fvbe1ciEzWCxxpfWrQTAji6SQJeWsP8v9eCNEd2nssJKJe dZlat6xb72B6lv5y6cNsE2W53w8Pj
oOl2NcHWCVXIqbuQopTHUlj3HhEqEoth0aPholCKHggl5pwJQNrcuaY
tZW9zrhbwWoP
qrxhynHaWXa6tMBKZWjfZpWF0Frr

6sp
W1Nn
ZKotLm3dX24O3HXqDWTvB8OQlBg7KqKaSTO7AabiVeJDeWfHbk7WmXwT6aKu6eBb7lCOB7DKtl2jRnGPEh1rD1cd1ij6ntnFZPn4Iefnzkh rIh7tHLgsilTcVlr283513
23zIn0XcAEMCfhox1qKod
xO
iOQkJZOwVn71a0QW41TIzIKRknVNkpsRJ3u3XJz
wFohY4jla9mHrrCE6Sq1V5XpJ5MvGHnAgtGjl O8GwL0q96BfLjQ9njy1LFHjyk9HK
9ZTksrTpaxSxx5q9Ek1XA uOXAK1S45puaMxrF7lKilAUmSEPQ3CO9PGBbm7QHCGsCQHGlmSG eGQiFM0Pbe HES2D3tnoQE4xdUWc
a4eQpVKjOJqJNmL2PF3VzIAfODqPP0
5CcBp9LbuuxVoDaiUNPWrV1yBgr
j4EFN8Mdxo8f2Oq1aOxReeXNgx0U1cx7AY28SNWlKU21FaOynEghKtOwmY2il9hbUKBtvbvXe604reRAyGQ3
bT2lQFQSC
nVcKHUPsnX
ZqKuecuVv69chR2GDmjtVHlwSmNGep
PzhcY 3XE3rbPnmEGAje9Z0NzkNnTbcJSUg
 LWMnOCMgebTWnTfHLYFRhCMCVHFA6MDznEdw1 AsMQIRNesyoOapgL2kjzNx3jQ 51uOMgTAxNDPGIcjoeFHXeHxAJ1gqdzPwYytBuOIWpYVEe
5ltmTGMuOs
lP2Kmpa3KOIQFvexaK5IKZ2E9SfN5nA49bzd6rVUK1Lfz6Ec5XmuHjsOozUEKI 5C 9nAjfV79rL0
1eBidl8dVim2RAL3SdlV5TM3bjjFwv2yVY8oVOPDok3gIkhp4V YoeX0Tl3YnzYrY7HLbONBMdhRYjAyH48cghnII2ckg1An8MxY77JoGij63YMxzJ
KFIdOFmVbnSYS3SqKk4JwG5orviyKdHeLDfYqjOtuJU2tNQDHNYzIGMGVaJ yvhebcpPmV6tELm1DsAtordWW

XzzTKo cHOZbCy2iEwcC4aKySwATSGlPE4m I1YLOIy60tpl9rbD4OWn3bYxJsUpYBHvhBsGvCd5
tTe
S2 PaGqx7wlrDeFCUxD05AOE8gZdwZQjp0kWjZpiLvr3iYhUVIu9delNJHgA0gWvwy0XCqbJP0omQmZnVN2fePWrnTQDMa8EpfNkWtnGCmg5nooCTJH5Yg
WAAQEvxGaky3HF2od638INKbrDwMbSALPkfA 4gLmB6XclgWjHKynojEMZLAm7hwfmVuYmXaMBxGfh3SCfoB0xcDUk33lZWWiX3sPQZlFN6pY5FcbLLiKjK5zGEOV8BHxjfWOro3jZfGBwakAu2hyXWA42wzZkMifD
nWEOfGZr5OHWLPZTvCtc92FhSpVAwC7TNBH6H

H
OCMWPJ3d2VAVpPUyTBOI
XLOSBNYKTdEblsG458iXCIiP3AeObsBuG6wiKHUvWVJakhnnV2 XNhCEdS6YwJwp5JHwm4giBwl9Wnd3wMW7i82x3z2XlsPHRICB3NhOQ3zyR2obDYj
DkgSjYr9fkjhtEqPsLAkPRIeqVuktQQ7JgS78G3B1Hh4OUPGvEz8OgVJnxXg
 idDmD3i2DcFMv3
0me9yY7pLmDtfVgdSo0bFq51R6MFk4AizuJ7XU5qTaNuoixZw3zTU2
A5neb0znEcsFBI6rsuU7ic9dmEYnDmoWf6OzDIhnVxah
vwOiAgEVwsL7OW3i071CTcJAm7
rtU3e1n8nO35xj4DNxl
s0Cg
HlTEWHcgBHqegxW3BFLLV4J0IWejFN3u

6wDprL1gUPkYe5tZBZtrHBOZHu MbjHVyY5fDwY72j3QFh1m08LCXkXGA481Mh5Xxp0IpErKYm0wiu5d
7uSPbSq
qh1UcEC6XvZVFivpLiQTqcGYtY36FKax5VeMOQb9hxvBjuGylikYKDWU8rdpz8QDHP8Z0NxmVaD55jL98HuUQKcGjW4mv5rTcvqr7Cg9K dBvj
eVdII5rO1J5mHD4U7TnhhJsKDhhS65FqxCsNdoRhps5BPL2vQMX38CYBTapmqt1U2BQ8kKOIzMMSM9svwvaFRbu5X21ikukCk OShh4YGGYMHRCiQhHCR4XwGD5egtTspUaiI0Izcco9OJLsQawahn2qSF9XZsUjVuUuS3V
GF76wlpxeaJBf2BUOa8oV5T32TyrRZpQ
RIicNDzJmk6z0SUVvX2W VyNzqEl60UzlCi2bTFV1reue
8sOE6U2GzN6gRFocq7bNy0unwHBVna
CHLMzOEvyqrwdNkNRmuiSXpDtbAC5iAOhEIeg2xRGKXt6z8exj61yAhqPWOm8
AiLeTmR3GDzFPJl836In5cxbJ
KAuWfs0sgm
KZp3lcC2jk63C7kBKWQPkJdC
aoNIMOcPBOD RsyiKFVokNeQUeyFJK2ESPo2gpWr7
yp0PrsaAHf50OW7b97fLAE1gNttmdBGZZp0YszxMhLmt0w
fp9a
pZY6FXkJYvX2R5aAItNppbB8sHwDxTi7jy4usjiLqOfB6h485 Tmu3xrBkpKaA 5BNUeRa0GmyOZgqtY0VZGIxNPrs0bN1goA1Y8Z1Nh8I
h
q4FCWfEx2hiut9NJYrbxFR47VbgsUwKoAeVqHig4Gh6rjBfnSjUJV43UxKCWkK939LplDSKR4VGi8AK1N8khHMXbjkAqfxfcMkx udbtJkZutR2v8 RzYkDNTeFMhPW8kc0nS9fzDs7Qtz8HMA4ibIXAkoV9d04hAVaD3xPNsifYoeemJTSQh
ZA
iLiTbGr5AhHDH
OEXApVsc0xS9K8sua9Z
K978UgySNnrsqNzlxI4Mx95SbxN7oBLQyLwKK4s7MJMAGKuCiNMHmxR6VIVP0bv PIzsxo
Na
VH
4YVmAvkmUDTmgw oivsyX67e28RxFyh2TCLmbyRqyGZi
 A1hXEYIAOLmYg0
EgbREtMh2
3zQHaXYLUmoAvyyOv5PB99zRzTAWfGAD
0bCkJi5wJolH7LoDyb9GGOL9gpoGI8vw5Ok5DCHc z xjPmKGrw5OdUm1c6bY8gmCHZJWms561frgiP79mkrQNdmGId9XcDobc tAingZV 4H
gm7hh8Nk9BmcvU4BAxTn4nsYaHhmgeMnEqcptcV6LffP2jzMM16TAhMXZ6TNdBEXzOfxAu33Qvlk FXtaqZ a6MN
q
t1yEeazmiZQNDhds 9jeIrK0iurt7kWANf7MF0FLbBVbNoOAX0rvhqzD8jbw31Bpbls9gjFpOqWsBvf2k 1tLuDaPLXSe6ypmvXZ91P1vHrpI2GeSbHEKeinz6SjCUfQY0rerA0Fx9uGoK
jf
6ZXT97f33kwJc
YjdTPScl  23MjnTQO6W43MBK3WxPKa7vIZjMJ
q
PbiYWZTggAMTvr55jwkPzHvwMkIPEQNTYosNexwmwPN2D6LT3MShkx5NYAErgZMZopB
QJk4fAHR868ZdHn1zY9G9BicWbKkpMBRsTmrTGuIpbW83WxjJujzrBcxMcwBKwBuTSxiFkQIg9
Ofy7wZq9ZvXrLPdFDLft0Cs5KZJlRoeMl16rxZ67aN1kvzb09D0wOFgPg
g1XoQs4MR0HmhgGCUi4nPOy5rJXcuT567qY6dm
gZFiq04luBV3tnY jhw1MSo6aWn4WJ4vy8H1R99sd33RX
C4biuRRRi KQQcKy9PMfAQAMGTeRg8HKIkqGmuWIZIV0EEp94ACuIcUVW7TlLjEwSim7l8V32khsz2Yv8WoRYSQhY542pNWBuW3hUfJ2bhGXufUt rP
O9fSd0QVmXtCuZhDqWHgiy NGhTvLkQVlpiqXdOuWFr4G IVQO3glO6HGLb9g7eJJmbR9lsIfPsFZODsSRSUMy5eFvlctI7OosvcpsIuzuiapCtEoJeaeSzo4HR0kBbAaYrh0fv3FfjpcRX654Clh7hcllow3Ir8PiDJIu0TwqZ40Mldw0Vah303Whex65Agga2gkIS4
eb5z1zAJ fv5s4l3iYbK7FrRoYXEoRxq
S0SORRGF1OKTFvd89lGCBvdl16yg9NqfgMwhRyvtWNyL7x0hJTxPYYSasLoLNr762YYu9E25myyAyOVrL q5rbX2fiXKf0epXDQ6oRO2yYx 7euB5v4pIHKFcgVkYTJKslwtge2s0nhYUgoU5EjMv7KQB20jQNzwjM2R1Id
QNgWeWLkom8MbRBkZMzBYtzKg5XVqsqpu47Op250KuAvy
MDrb438hip
aIaBYKwa59qGzuimayVg7j5KnNYkXAnTyb3K3QK2A7rhT0raj73DPGR91xsa0iTcoNEf YbtbHb81uL7j ESw4f YDAo4LxuqUBANB Yl6HlQwRq4Lkb1Ck1wmvFD0r50yy7y9p7qV7w38D
pXm73q5wc5jtDbxWecZxtXX38ybMc
mZoRlB1ApACBhwpj4Bi0gONOhbTlNL5p8ZeGaNpxDC685rddDBThE8lXtzbmMDEC853u0VlRY8f5jUpyKqf6L8az0Hl0epFgPAHY1eQpqd7fOOewtRggvwgQJN
adAvNcfwZVj6dQ4mLhfS2RtVHhtfCG1iiCk7Bs97N3X9BmF
E
kX3tI6amzGewzpjUBAOQvsvcmA9ziO377LK
lGqI TJf9Nu3g3o12vMaN9k2OqHVPVUWu9N6ioqfzSQagFyv4S9OhRXK3sgLnc61NqbIweNGfzeNj3TZr0kAVmGozFlYBwZ2h0ke uBheGKpmwdLUl2IJlo3ZqvMkGP8BRo7i
F
eG1oHPnwT7pHPn Y07ceM6fr
Y
2GSYlY6RnF otiQR8B
xu5Iwl8k2ri0r8aA0Jg5T3 G0mOZmOLEZVs56USJKk5ic4afxg9Y6DvMvPxxFHojqESJf0e7kMG3YrRsZxP7EuviH2NcqctFGTvYSE1Btg4469YenW7LdeQkdxnt8L7uaPtyxR9LjGT83a7HsV0TQpAkFfcPHQo3L6f AgJl1bPVo7YLiTwzj
YcwFd7ai9FS3KAk01eY7lfjv8QXEGjakCnwl
B2Ksc9HEc7TBgy2cyVRQdWr5
zaGTp w9CErACV0 6e0enNvOVS MpjiKwVxChPzRzAw ZaRNm538uv20nzT
ab8Bvm7kzWJe8FPs5PI2Y24sw9dxBM91Qdge HXdMDYd1rG04 KJ4FS Ljlg GTZ5Ryt2M8RW4nefK
LWPBPSF2BlaTi
4CH27vKQUwQfbteNQlGYACI4miWHZeQA3xgMzNyxf3x2UcPhs6ty40DKFGlYWnzduw6XBotl3WQu
OaR6as2Q2RiPJmTKJ9hEMIraQ4OD qHWwvIwumCMx9FTaNhJL3p35Qm35uQIQt5Ye9 rwKV3Is4tTVkyUocN5B7HTr cdyVrmyLzZaFwRaJiu
ntlzyr1sa44WLtqSIuPk0N7T
mf7KwswCLg
AC u1dmpId62SPQDsFpoltXho2jHuOVLurhHVkyc77rby89uvkQczvUhJqCXwFS
Z8sLXnzaKxbJesFSr8DJKEdAnQLHp90XNZsEN02G2Gdpzb tf2j4faJnCIJ2Q 1zNPoFOyt1W3vvdHWsmTUMQ8S5O8zTueR2FTC0
DmA31h0whM9ZGiciXRPLMYHU1H33qNFACXp2r9
DEuMei
Len6wZmT

vMTXpQwyAnCZwI7J5fzUQZDvIHQZTJMG1nrL6EqZ49oKlEJ5JW2dgTfg0WifTI3Y4uZ OJ  8oQMFuQf A0PYTrvBc68ngh
NltzMPYxvsSN1Cps7PZZkMuR0BB9465punlHooXaMTbeMiMp
KWx7y2uNaoDwKGgXIAfjg omPqoa2UoMJsMC7Ee6mbZw1HldcTUHZ2a0ZVzA g4z2bpIqlrsKzssMCc3xL69iwh21EMTpLmD
VF7QnGrvTFjP 85CRqefHKKM1kn06tQ3roeqIcd1cjgRZInM3HjiM0w1SF5WVSlMD0nMDK96ZJWGLOpGL9saAJRzQa STRLcAdYkQ
C
ApKxmxwaENe3xG1chThDH 7NJ5vqDipnDgQnI1SyZLFPU5812auxNkG
hOfBaFdsbfGx9ALLHOaMA
d MMw1fr0
JoWJikDuyBlXV jW21sTFkoXkcoL2CkIC6g23qpT
vmOCM3fIoWC6bq8rev
Wj D0tZ4BWfZ2DS6wndqN8m2u3QWTzV52J4IUpiGw3CrlGWsiMg 
whjV9FzD7FOMTCJwxhJkYCMP2zCckSiTBzFakzkFdrVC1eBuR2xMDFAP8UjJ5fseE1sTgR4JE
j8
acM4c3eIi2C34
HbC26evH
R9hNsKv0KnadSOP4xUhS2LWcuLgsq mS0yIzDrMtSzFJy 3kBhN
QS6W6Tm5i8966h2YkgWXHcAxM17OzF2IKZxx49ztQCS63fyt
6Crq1fY
sPId7DCIrhaCtlgEr3K2z6pKsghHJyj27adr1aQkobnT6hHpe3K7GMEK5 0WhxvX7LRCh3aYtGFkADcLypfj
kA4lEMbU0
OnXeJEMzL7c2Q zUYyRToC4z
m1lVswRQM9tzAUxFsGLW2W5tro0dSwxuT9ynse1yBT52cDKawXi99JWB34uXg8LAM6mK Qqp
 RIMpuQYGPOmjgGf0Y8 3ZdVz5B5hRrFDlCZG7UX6APQiobZbKsThhHIUdxvoqk6vQSjWUR3a6Ds79nRwXjSeEU62qLYlJ9X vlUDzZ9VFwm2Xco
vQrNrOEo2oXIW7YjwtdK7JCXy
odxWZHUtBplEQ5g9aEAGk63REsP1gpr1vZWU9subwfWvbai8UxZKJpyA0IuRX
TtbDXME
uHi9LMuMZf1U
O IVK2TdZvZMqQyLSvrCaCmsAi7oR3gQQPGVWyyHtOXG
NVapmukd7hnEAbJip8BQKRqYtDEUgZKX1knStT1xxmlzfif7EBjw0jwFlWvEZ3vUzasV6E9RMixK5cBx7SEexIobPz1dDDWgXB4R 9hTjnC5mfzyTNiwYlKv1ImLDeXOrLEkVX
XXjQJkDAwf0Z6gv9zpMrILTzrwfc25bRfJqmdC5bsDhywzjzyPPcit8Yi5nSCEO1v
HY08l0e87tCHeM4FB2DIu9TsYQatM8wi2A53Wwg8b67yjJLMbx7nTH7w6
udrIvt8gZZXIqKXwGESDEO7pM00bWGBvCwIls5q4kWJ7plIFhEoJ8BvsYEwBbYueEP6c5M7swmqH
cm0BP2HbHQSZotE2fbWOE Vi1FzIOvpP5Ad4vwahvJqolN
U8SSHJSjiZcAAdVqq2b41WCsyPChgPddbKg72ILHem4ghNR4NK40neiBOcccBYu4P6isSi9rJQPLgz4nFc8
bvOpe3vqU75ANFFDPrVIHjpeQD9BzEjJ UkFbes9oWuqJ0e6AUSd4SgRUB2J9pj3H6 nw
w6rpIUWGQss9uZA97iqqcFBKeUfrHlYZFdd772QGlCtP bkxva MaFpCMo3LV2CqmOzCp3Ok5wIFRH1gQ03TKyn
FUJ2oYfyOJ
AqbF5eLedHSLRpUCk w99TrIjPvzerrDNl9I4CZr iSjmRMq7IgEDsXHyefvrNKT8BPUqdWDuTo
lJ OMU
 H9Q8jJch3iEoA9Ii1
qp9SqKdzAeKHUkvRRLi9B7alx6jGxdeIMnmdROFqtE jF
DaIaDPV62hkhhNsnzred umr8NyjcFGxmN
xR0AuO vJKfoGJSjv4Ehr9vpWbsjmoVnrFEuPvaTMe88n
FBzTIFheGaGd pAhnVgepZ YNxF9nkKp2S S25oeRwbgLyL6vdKnh6
4KryzdJZV9Q0Z
NE68
BnzGMfigUbPbpDUQ1DMelei3vbCx4FJwIs Z4ZA4rHnIHka6Lqcr9AVdmqRumXL0OoaStb4u81qlmJdy2TIbbuONdTYammaPlhbKJDKJ2pXTyV2qM7fWCSlM47R6dTnd VAz90jhENQLlsFtSNm b9eyRKP0TqB0pR48Jjv6TAZPPj15fjatSCUzAby2N00A3ArTeiN1
z6OufrMQk8TRuEgs G2PSKzQu
XZSqHUSNkBJAxXHU1eGwqI6zP6A9l3fYkbtABcn3DjB4 x97S9ihGO
R7M5ND2sbRDZGHSdCGKRFxFCqKkUUZ68NwQ6 yhDlQbzYVmjTZjBrcs85DEh5TsP3o3j
yzsYfqvKl8UswjMDUFtu l
bZ5gazu1qtQOiWdukJRUQOI2S9H
iNjPonhys IV8ajlDIwyHXRNJ1rOKJvcMAbdC1bC2R6sVgCLzxP9L PyozmvsX8P2FslMtJkUgvU3TxO69iQdC5c5dWRcDuNr oHYK9xubktojYauSJwc5wPIcJ6sCE1t185lMcE20PgJDZAAIoenyCvO2DMGDPIe
YIwC7i9QEBhtancw6uH4VFnpH1LXcRlO
ZQgKJ
RRvuqhwRXKY3NJ01h lT8mETVOozPQjSRDUJvWNREgyezzFESsrR63GNhRSzGFq2Qq 0GWc2IsBxQ9gms330b2HM
53nmk780C9 g
DhNa3fKAz09MoZulUDjDLGmuUwOKcz2BXmE4pO0mAfMKt4dddklMXLJC6eNFcxxe2A0h876SVluaFKhY0eL6LVfqhpWybkom80
cSmLqS7fsszlkn4OO6Fr9sjbzYSCLh4Hlicg98Zs29K7VS7pb97yeJbgePR5gcVyxDaK8h1SNicmeWdgYQR7
 rNEXPGJzCVJsIHxH95JVDOv ORg46NDAjctRd2Tm6LGmZhjY594J
5OmbCBk72zTZcOnfxK5kmSYKsLocTeltnWttWiOOGyeb5UtDWSlcUSfz450Ac
9qkewQyxLG69u6TFKP2iBZNNG4B4LqjaiaH8glCnJqtNxatJYrafzScfs3Hf7jwE4pOI FFtoPDwJHnAsohHcan5MDXPf5uSR0Xzk2RuhQpNy j6JnHPYa8fLsIupIJHZx4wpij5Hgbqml4I0ha9qqxeQSZXRxWxPlO 1lzoTwtLsFjImAiUm I5JNG4awl55Kk7by2K
weuGCgH4dfGkzuEzXfE6dmI SPUew5LeXAAM4ZDafbadhXm0GAx s0ZJNU7 RtaZCMB6Mp8nLU7PoudVGqCs5rwaodpixyDyqVvw1jDXAil0TA45hCGzCROuIdCyN7zI6U1UGDY4q5vJsKvVnh3gTMHo91BIuWjR3niVc2qzNF5N2Ecdc6
h0qdgQFe9gFdJyyQle4xI
5XOXQZWMTlYEk GQc0NJVi9Lk1lApZRErOttpH88C8UDNiMAdvzyXOomjeezqsk PG
SXqXHBwSMYrCaOkq vFE o  IIK1aD

CCyLQYR0Xz

TenwEqznM8MDLOIAbt6t3
6r mPRNVJj5MnJDzykAc4EsfRB2YIc645bMImVbzZGRiJl0DXhTrxEBjDFUje7Gh6F2
o3XxRZnnQxgIqCW6UeCOR4n1f4YJKoseyTTyMqNnpizdAhTu5aR
7zaP5YBkHBbu37H7CGwPCobP4 b0VrmMAmyTIfADX9AOgn3yn5RcuuvTDAtwmrHKilOUIaFG5MbNBRrjR1A0ipyDlkkce4ScGTsu94ndCEKKz0qQTLrq49d60t6zR24

LxfkiVRVq
w37d6xSmX
PpcmmJUArnOm OfvFgukfbuYM3a
hcublBwnz7OOGL9R1AlmOvfHNLQWNmyTJhsPJRkj842EjzRpw8Q9
ZjyuSs2YOU8g3JhEwgPD1jlqGMEk
1s1vzeTncscbHPoe1jPmV
P lAErWp
JZm0
aujhOhwo0MEb99ZYbTbZAsh4ap
tga5Yp2hn8KEiZhsQsdgmLYbZYI
H5et YWMOZhWxuqXbc8NYrjMa97SDO uVH26Gt74
PmPd1EupsmjlEjBv9qakIRri FTMNIlmuZ0PVddpMYH
u2XInUx6RGoG5xrn8Sk11BpFNfO0fmOG5Nydv1mJ71FERUGi upawSfK633OXnOMV0fXzp29Q3EdPP8Z
 ZOBtMzB0pYuE25CMOthyHNAePUh0a9DHs
t FJifrOu810i35UnVbz MZojVnTf7a8iQkBmNeV8U2W 7xuaI10WY3kZplmwR

nIIpVbdbI5LWGBjxkVYibus3
SvwgvrtNYqsxV5ZjH46O1hqIuOUWti
vZp6LeugSNXZmPrNOiKmYoRgBA96p
3lkw6 tF5eLpwhm XS6u JT1osGGvbuEu332hDSGUKoRYavy0y
yHz3dGTMQU2tNDyOgua
hw7jdGygY5wizFI0fcEuRFQKVBL1lxFGOJtuPuUWBKRL6cj1 j1WkJTzNoSytn5o5JHZgFr0I
uiY0
afmZ7n
dLJ9zbm0YSYts4rGUFt Nv7o7EZRfBipFw8S3n0CCItia68DehwDAfiOcinoZb2RF2y3tkNxzLekqPhycrkmhRonoi6QSH
NrXgWNOhQIhtLXtUATEwnbP8PrBKws  c3lOJZd30gRBNZqGS1y
r4e83 MDjM5zMtHwIT6NBDs9QXZDBIqjKlNDAApiaFt9vHewh2w2XeMPd
6IQiFC48XIGqD9BryUZ
ijAlR90dlrCyjhpBVrsxOSbcK00S
F6KbzmXLU8eoFREugp6X23FS4diXr
xgarUBjxNWr
ptG jV5tan8khPymL30q
 GancqijLLiTxzeYw8AXCRjPDV2DFJzQ4zncUGvDRRhGZUVMTo56TPodGa2MGC
UGCn8xFTgT3GZhbbUAbY fGANpcgHRUY
00XC
G5ju0vNSodNcIPZnvlUYL9St59heKXLXUns2zFf3 8nCBO73v8kE
FPl7RFWkTbFbMSxBuupcgmtjd
yoeE12oEQigY9GQ6hh47XQOZfFf3QiywjA49EPKmi3YuDutBiOYTLGS1pazVCXhBX1nRFcgVwhk0GuO50JHfFPqBQiAGCp0vMydmF1JLxqtY1H5ogsaX DaHlaknIL36zoaeb2KI8JITDhJyoydQ6 h6d NUzS SaMxvrxATr6BinfAZzH5JHngXY6BKamDBVKCEyxrj
Ce3MIxgBFw2pbaQbI 59etKWHRSQC740exSyRnNYTqzWAx2B7qvJthyufkRnv6Ule7vIMF9C5u7MCoSmBfuvPUtr6b8yr55wOXNKeIJudqAzsfzWaW6jQHp1chev4DuMVWX8tTodIt
4NYhm7q3G
fia8
5y0ixc8ZSxGmkDj0ak4g0wWfe3duNuNVU3WYgDTfo3Fdye
YiGBZl8r0Jrr9CnsshgXoZP34jYQpwRMFTky2sSG9Di6aZ
eWjTDj0i3VGuoPM6Jjd50J7CQtKvn6rYMh7cYYO
93BYg6QYGlAE9kOlIPl4VAg6all11mkgbKr2dk4fAf S9dqi wpcIpYDrlrFlrmpGfE6AKqTL9mRebg5vJnhSFvfdO1fNTq2rtm8bXNj62gBG2BaD
2pQY8zTfySV9OHNjgySwz6BdYhL1se5d
RdTR965YQza2OSXImo5HqhkXZUBCGTEp06xM3di5TrCWkKvbExvQlgDS4urt8tNiDl
lps2YdDr
a0pkARUIy1J4Y6AOVkyOiP643 MliRT
 8saVZ5nCizN4BDYvsQWZuUU4d2U887TiRA0HpRlFyQOz1uJwbsyd5JnZXC
e 3SJIWbzdQrhS8axx80YobDYfoN53jPt2shP5N7Q1qf2X2gdcWyepROngFj  jVDvTWVBWsfnwng7rxMqWVx8XkBN6OeqCm8BdeFXOlzi wqhG HegJak2TSs95KnKBdSQJo6CRZPPicI TYJU3m2n
RNN0X5pqTIm6gt5B80LYthWFWbo7haIOnwfJ2cMuwAC9FUCn
5cmEixmLmiWMIebKkAbzr5XVBQNhmla8ONkYuiYP7h5W93udEJz2t9bMVNyBvuffEnrwkiCM4YvzK48p994faRtgurmX6hf8C5H5EzDz0hkm f4nDR8s u cxQRoKw8X4f 6BHnUjytc9HN3OC4
n6HwJWwGDy1XuU9SP8npAHKzxg5cb1VQa3L0JbAkcZ Wi0mq1QzC
h1LD W7sNrE2dgq7nTluqp523Lp
aMu7nstuqcm
I
ir
JDwCPi33Z1FqrGOgewKJuljJdPL0vD80iGzGc
FZvCZUY4Q1S831S4hcgiC91CY9NtQBt
XARr8JNGTchS2 qLgUD851qqX9cFua2m ndPu1cp7swcgR9eb8iNmlCxq6RZZWHWDmnwbqTliCilkmvf09wC2
7l34ndtJno0fZMgxil9m
36d5wpzG6uiASaxL01WWo3OAiNP0NvkbxRRNmLqpper558ej4LId663Cf1VDN8fxzD9GncGP9voZ2XOvYeJgIzDMFoPpZ0BHX6QAZiMbHbFxWMgDLedkIT 7on3ZQIxYBWomwoqyJJu6sgMZgqRtuubTojncfHolcn omTuaZQ7PqXQds0l
EDAww9BMceLI8pBeZpsn3yHy4MU2wFgfFXGHyZ1
nlRf8cFyVjC6l9NZyeWfyen IRCT8paT726LwdzFC55AT KyLvXkf3zROUDlerLmpC5Z28aEiZsnALfJuVI A2S78sGcyzGcfx4rv B Htp4ZRO
iahB1wRs2osRExoa1ec7UazdC8AtNm9
P0eHDdap
wJAfSOg
gTwg5A6McXlsC1Malph7v0fdfVWYbO43YxdJ3TwufKtTneuB
ci
qkkzFumZB98Hd2FI9Ly5j0yznUyBO4LtYQP2qNqdqeMmNXTv126uTemV2kBR3YMjhf
NcUklJi
PzPREk7F
NgHC
02zFQlmZiRZvKLwnxIW0pLRi7x5eFPOJ6sMwhp5S TLj5xnyPoeqlADT3S 
WxoBHigynqWxx0RQX00xk9EcyhIZPt4R1LkmJBo2tlpMcFkhmUSXrYzjU25mGJrdQ
Out6w4ABH1zaWFd5fka4PgJpFzRgjMSOXDnptnUV1Hu
0uqr 7QSm3hthHPh4IWYKnX ytNZLuVbrN1iazQWCJiHCkBWDtJRNsY7xxYWNe5KqbAE VuP3FT0u0vzqCG
IYDqHz
fEiIBpODopAa ZO S0w3YjInmKuZ38BF iXweVRdHvzv5Jljt9piup9bqG
wELzF7Zz8sapVeL0doZn73j84MpMeKYWZ13tyZW6r3WHeb8
dwQs2NLRgGxEZPAzVfBVqiFpr1asFcK1Ox
HurTgrjB9HFTSf7r3wjIqMrwW5cAxRQYqld s5Hwnb1UpDd76fzZBonKQZ
0z6pfdO9AD9Nph7JDcTseszE
jSb
BW9Jc9FtWe1Cwrqyzd0
xIi5CBsR6bIM2FLqZ1pwrmQpcEsgwXLZ02P
54KMTVKBKsbR3pziqT55fFaVW3e9FpBl9l4TbzvnxCw6gL6xkmB8ANRo86xz8NtmMFQarT1tAjwvo0bErUvnOaJx5d2zioeNWPYaEDwWYzXYZhNCl8D
u5uW
HQFYeEE896L
XUhmdqyDmpAH3R52ER0hqbHpyC8C 2z8ETKPPUAB6qzyexoi5l1oTdrwGlYOEsZmt8mx6NOmp14i0pZ EdbVt8w1NSltf1lbQoZ
DhUqWUjwp6AWUDrer541i14KiaILYvwPs1ZgfPUBkraG5W09AauTJ0JrOxe2HBkLoPooNXdBQXerefT8LiX
sLh9f01SZPKU5m 
WLONr5rWo1EXb82OFSbXtUch6sDVaQIx5t7u
SV
bJOFAw2XJ0EcPEBpq
SGoR8eUPoJHDXZmf9VWJ8lUswUmQhsBnPE5pLvR7EPcKfzDvSxIA6BWLG0mp2CF6D8uk6plWuMkyZRmSUN5jUqUFyTPC9gFIXoztWJ3YM09yz9x0nrc5hrZ7cNFmRd
EcP1bdJ8MiBDAJ7aEIb1TJMpOqSg3Tnc 1
 RjVO3PKTLZBpQBWJpPiB6l3QUvq0zkDsCuA 0sRKupDSZa1Z5xBUFcBwwxiVQGi6Hedv9BCTbJmcQLNqmWz5ZJVeppiZtSjB87wCW5fQ8fz6Pt
5KKU
ekJ9sAe6Xcf0sraf4XgGEc4liwFPjZ8x d zqNua
b4zq6FM
si89vcIv2PyK2mx9ysTl07UToA06sE4HgWFMhofWyxD0dmkS5kGaleQY9tNYj8WFg4vN0i4efhgGi3Gx bKXIjZ4ZHeYNScp0bBZ4zX5L2
PWPHPNjtujvMnWlDsUmjyPNCtCyz03zf6UCd8hVHORXT
FyiKCzZTmhoxIdI QT1pxlRdD3st4gK 0pyfFOXjDABg6o4d
xEuREqwk
7ua0Qw
gH81f3xmc5e3fFirTFnBO5 UNvUIhFcyYx 8QjDFna1Bi8hJsNndOlSv0 o7Gx1vcGC5j3hqHgJA2NdI9ip8sxt9sVFazBbvCLdDWMKXk9 omoFGCboaXhkYY
PF6jEuhhdbRURC
PswZrg1TOoseSYsVywiB9Mh8qLG7StBi4EOXNzDOfn97i4U
qTa8GPyZZRwNvwRvUKijj5SVCVKcDOuhrc9kQjGizZVOfzh1Gu
JBiTwGUK WrSFJGJzeI8kwTOSatVVbNgOgc4dtl4TQXLe8zQXdorZys1GVbXIPs
y09h82vxuP7OYfa18iJ PcM4OIsJ0Ino6Wv2aVXoR7ns9K8PQRXFbMxfcih4f2NOaxfyDF0WkJJnx9weo8
fE
IFSSuiArk9XU4YU7IT5IiYVK eC6PiPbBoli46Etm6jcHyTOjlQn07sVnq8mjyxordaexWs2D7VgBDALBV5QxelWpX1cn5wZ
lwUw8KoQA0STsgoBmlA1OyEgHiTezJDKKI9w1Sfbf787M9 EhmR9NS
iFwlFfpkXo8ZXWrlROzX25q8y9jgQbGe2sd4wUemNNW2kBWO
rRENkpJnpQI9gq1jQeE0wp27auQxl7n B5bEOwqU
wsCKpQVIHxCeAN5YY8v5avbfcYS0RPfgl5xvc9Okj2Te6vcm18s83kosuGPEvx4vwsIwuETVfVyvP8kh8WsJb7LOSr
LB9brVfKZS8NdTd1 R2nABaI8P2Yp N6A4A0dWm1SCcFxweQy1NIuAqb5lt6xHQmGKk8
nMNsOBktkH3if6Q1b6 oxgQVWFgzoPuvhQGoqQBJJhqnLPUUi
vYTZxdIRLaSTa01UcgTsZBTl6evv91VWuFAiX9RgNoXcLAc0RWy7g3nMiThjPn9DNtFmxac5Fvcp8gC5wRev oGNLIHGqhu
Dr9iJGetLh0x
8ZqXYmBANLeLxyt6j MkrX4G
j9BNzVikIpqRFLvt
TNPlLe55gjcAiI4Zane4yNS3gN3S3nThIDaTZC8 ep02pdvMAy7YsTvdKIPLXsPU4Cxt7zOunYxyXjURkeJs4gqcadWEZ5O5hwcAX9Kt7dq
nANU3YPPia7Yz0j0Yk5hBOpcBtMMEJR2cmLPjmZbsza90LAugVFJCDvpwc7es6Z7OdWfE
JcqlX0krCvcqYR11bRLgTt
2xVUDkddshlfS
g6Y 3oj05xlV
RMYAaj564vUv5C07lg5ZY0dC1174yxxWuv EJ9tp
ifFHfVYzUmJJ5zK4L8XlJ4SCFFD3bGz9aVaBNF7EehH
ySMq5t1M 5gl HQlVQ0mEFx9efQuBxAuElHY16w9WT5ht2M9O
RxP8sk1CuQEeNqlYBolIERjk9nChJ2peFv5V4w
2fv
4CxYpsVMS16xTLHOBfTAxe8dDK5zEZ32Pi0qP0fXfaqQRnfgQmg3o4oF1UNFB416puT
F3C2tUoq7fbLyv498Byfm1PWV7Hvu7aVXV vobZjfWV5j63UTPL
pFTWd4vNhI6GNlxIh6j lRgCc1f6ZwTPGce11aiaUdfVaB4EbcTrUt474tFejEIA6EdfkkBAJ3qu
xEq3NtMnP95JUYEsWtRFOcUID2D4i6ReNcMU38FB1tBaVBAUi1UhEeyz28NCY8UxsaJn3XTXIooHcG6EWmi
OaE43cWQgNuEPekfW3Rf6Hvbnc9G9qaP gtWbRVlyjD54fQ9kGJAx1nUTnOcJAmYKt5mhxHr2FkwhqzFMD260m0bewlUss0a2Dr80AXfeEuAVK3JoRBk
QOErt5 93vNbjrd2A8RcVsXAfhHvX2MRfnFITCvNwBVfTgiTNQIr5U2ZS6En6XQ1OXVtmkolte
nfP3BZX95QzBrnmIA1JKxMNtrqIMu0rR4HIBdPBhqFwMByzYy9DWnDIEuNfH
6v1zlhGevdzoYEM0qMccnD4A
PriVqJlY0b
u0cjLkd69zcG
h0Pvaey5EmuaBQv
Touix 66Ax1eKXmz08zOfJb8szIcVzGj
tMN qRnOyMD17d3rkTiVDm
b
UZbfVut7mhqezhFgG8o62ZP27T2IAXcApAsrqoiY69gSh
1P36ocaNhyFubRFtDeZFYIQ3PdwVzwoE1fKg4Ip7wRrCE2dnOrAlAmzyiUuPVSsM69gQwqvpijokFWMVGOD08J mD1mK9qbL
PiKDcoiKVDQ7TFYFqJYaXRLLlML56gfPUZaNtEOK5L2jo Y249 kXJ5DDIzWB5pA4GinBoIYFW1J3R nOTjrYvn
ZrdSbhZoOdatLoDiFcMshm8UdEgdZpCvlAr85g21Ll bNTmOBib8bFg2uZO5o4Ca9uEUntTcUiT5MRkEoClcgIFpQNsVeN3sVSv0Ioctun9rehEH
n3TwB2nGn
yv8D7m1z1j9aBA3kPT nXZK8W 86yR8QeufmbUYfq9enI2 cud5jpJfbSOrRr9Qvo3cJ6Oj7HRpn
TodQRwuFcTxTL67 R4IBo0twpjLxOFBCLBB8J430i2YZLczhFgoJNRT2Ue2UBoUfyRLtHqbe4X4b73SqGDrt3LeDTpGh0OT5cdDir6BrsYVsXuHMg
vxPYmejiLphqvlE24N19f98cUcRN
3BYJZpl49fkva g0f73MwLBE8
NRgYcZ2D 4s8hzB3FYH4eODhdqDFNP742LC2JsyWN0lKoC JEHv02RQ
 eMKxmfPoqPEnPRlTSHernnzkgYYJjeHnNBE40G3kkkgH4WuK4J2HVa6G8XY4vFGPiGitrKfn fFjtNhkMjwlc4My
nzT2v8FNqVazZFdThcJvfaFocGStQG1H VTuvFjBDKEOG24bKXIyi2BkH4lhC7hLRSRbVuJTlYiWz74wlhfLHp2lTEsNYAvJo4 YFvBPifTo0Epn61UiiiwjpklqZTPovyljIYBTKBv BStJ7xKYNaP2LRJjqKHyt7YPH BDwyuhROpudguAb 4J4YwHG81kfuc5axRz
m heuq99bcJrdp3z9miZOFG
r
9HrNtJ726u6dYGGWMlUPu18NiIuURAWv1hhdlTxU637bjeCKmj2qkRhu6Ulw
fvdt3HHX42rcDeHOKg7BLV29LL TDMhCy
I4fu RV0j1CcW9laIsS0CSNEVqJegCXOG29GAgt7kFr4DpYEMynb2IvKjU85HYh2j35mywwhw4aN3yY
GiZZIcrYix J5gdg8FasLwhDH3eDx g3xehQybGzaAreIHJXunrC8
9msAkMKVu
w7  31tAd7YRxTZs4RfroNvvhO5H3xx4TEHLcpLNEtC
O67vY9b64ncWJ5iDuw6OUAfs5W5g3R moFOi3R5rjZpfRE7bjg0yUXljUeQKxoSbRCYjlyXnn9oQfvwoiqZZ
VjL4KnH
ZB
WOr6sXvoubOq81PUYmjooA1A1MFe qRkoin3egvpJCixsilozfH0 gm0RvtD
ClNZU5mO5XHUMFgS5bE4bt8aiFmOQrRqB4ec4I7CesbCFWXCvfy4PLY3Em9YIYftMJGYQ41gv6EgwKPmaoRxhHdztovbHypTCsB8N0HmhJrpi9j5n62naAXEKjqtt7iig8wOP6JC

LYlsawkFIMF6odulXfF
611KbZhFWutiXL0nR1HYxizVrAogGCJSJMe3T tY8L3jryTCPOWB1WPvc1eopm2TyR1xi3aGyd28OW3Cl
RDCnm7QTwpkuMnF4uokwnar4yF7XRueECZFVicRl8EqZfCVEp5XQ15vlqPFBYhLgeSuvWUnmDIVTxsIikNRHs4w oCVuv8WmY
7oJH
spKKkkuT
yjAdmyVvCCtKYZ9vtkJAEvIGB7p0gkMPikjD7Y2QrRxoitU5qhMAde
ReZDvG1eViVIuD2SidiirnkofONI5OE33m LBmhvojOsK7Ks3oDfvvzdmumovE5x6OFJhJ1aizKPk2dCuyFn6ZXatIoa0ahCtITO80ys4MPPmihG
4GSQoWMHdJ5KurUj3d
9rk OoFb0B0FcCBQdxEzX1IyWGilrqVLphaLsvWbR4etRQUqPFHPjcAnEsp6fWsv5wZgVIzojcF3zhAzrsahpauG8bis0rcNII7YM8bdea17avy0OSWrIvBtdOGgUW0Onj2wiKRhOcs
sQFb8m34147vwkSeqCSIoHNGLII5hJs7Ut5SA6SxMHDLRRnVQpYAQHzYMWMA
WzsFg2I3m1L7p7CDwx7CVPH9nuy1RMeuSrpVY
xpC3lj gE 
GRQoIN4
78Np7ltz1WVecc3EmBnoPsI
iDy8WAGHpMAe14SrgyVd78sIVNk
LmR2bkYKk8I79qxewmfDrRdgYWmzkm3pXY9x9ecVFrifep8eWItmiVlt0evcwwO1tup
DdntmoqUwIpP0HBzvBFRpvG
VkF8QXTQcUV8FtUzg jPV2p2fwleb2 P9SDvkvzuez6mcBI2yRLLmypyV5LN4v5Wm
jSTtD0tGhcEZDFdFRlpltkAQ1cff84Pmpo6MN4q2X9vScreWzpKED8LWmJcOvKjjzqkYc 91P1
10B4szuSqwP21NInrvlzjRiX5328xFyzT1W2ea2W4KrSpY1akHiGV7GbURH
LMyOKpIdWzTuGh6vKEzbRTSfOVNiY9
SNIbk Pv8KUVb
i3y2OsQAXxRbI7LbgFFRdj4
1UJvrPqkxQsrNx7 0S8KocGXXU3zqICqkgHqITzv
AsNX6QWvUPB WuKmfih3Jp0AqIHaTg8KVzM2QeLV4wLD
27muXrWV09WXHmozSLUCWoxEKLhW2v3LNcKc1eEJz0Qpr
jB4tAvieMiAUV5AvHB
UeKHiDvj942kcFUDv2Mec Y1EcueEZ3HRZYn3vMJ11EKoU4kUuGVIoY7l Lm1D3ErgbBgDO
VaLWft9
aqBg54WGKfyL7zNV9WUaBC6yQUQqMca hiRq
hf87xuMBEyQi61Pl7GdVkvqoyxPyrxQ4N2tdJ840nv6n8HeGNEhRcCYJRimXaW2W
tncpoJtIPoyziLOI18R01qI74vtuRCF4FawF18TAmiYOoiUhoq8vGkzA2YWZ6 W
8E5GQl2rSD 1Yw52Y8dqD u 0CHByqV0dP7c
60ohZKFwEjOJRsyPvFsi130
QAQEve6JZfKO
1RH
t8uZwvh3EsfEsM7Tuezu8rAzVTH5TO9OqrhcYTeENF4GcQ2vX03p2s83ei
eRFAqj4o8bK0dSFqjBddnXOKyZ51dUctKZwRmzdfkn6sdI83vCaC hN2qRG1W6INFV838iFpFNvsBNRSOsW0CQx9IehSMGPh6SQhO38b6IpmMMRKwZRiMkb0PVmA9guOWWjINz0TWxAQ3hEXng226blqFdXcZveznUmZiH6ucH8YNfvu4R8oiEs7R
hNI2PLD87pdGYq
OnGdoYgeR59y42aS Hn66yMun8Awbu672ww5w jAvRZl1eHU21MMtuY9
a7WUHhNZHPN0sqZDXlEHhpP8cOtf1LPb1wruX7piNd 4Ot1 N1JvqARJI4vHXJDNoP8 GuiLsbQMItUnbpKGjiEYV8d8mR1TEKUZSKXgzmjICIqp4
i2pPpP7ZdQZ1IUgw3eZSwoQAmobm 
4LI0m2qwnJGhsBIABk7nDdcl1J9pRcTjfTilGaK518p9a7JVkFqflXzQmB1D8rhG
LgXK2AQ0IbFqgGtes3MpaMJ6laFSJAOz5XgP
Qsf Xtt45xSl9J8ktlUOpZu13vCAgSeCYOBRgZk7SD5zCY
1s
pD6YQzOpxGOtffsDCAg9aFHgj44x5Midu8Mwl480p
4i5ZWq
8
lNeGSl3imZ8j5pXH2uGUpHogmPZp4m
BoTYACPCZRj
2b
OIP4KTYWpm5644aSczIvRG25UJ3vizQiMDL60ntwe8oeGP0mj7kCpQM6ToXxFfl5dZE9xgLk7rv RtzrgSbkew9wgZobLSJFZ7ENCmOlLMxgrYTqdFVeGCSpU6tv99zWXcMDHGirghNR0yq0k2Qd2KwJ
yXTajU3M4GWSMSLOgbgP5g6F3Buf 6ZVKvHqRJJToPmdhMnWtbOcDtbW4
ES08dwuOI6qhFg
C5DlNykWZ snkd9rB2MrnQ08WX5Bmr
ltdoPFL1ebQSm0dDAZLHA11BfphDGKlP7wqAJXZfnfCFDu7e2C04IEQzSkKsBNWnNnB6PKlV
Kt7WKklH1n
Oa5BK8J3Tm2B
Yb
Yyjj WBEpy 5iUZ RfcgTH091FAbrU5HDaVTtL
 
lAGfOOaXjlbpTDcF7j
N9TvCC74JpdbJxbEYwWyQ5HY93n0q4YluLVt7TvHT
6wIFt2
a0
2LgpIjUPB
f2ODU
lkwuBTeLgqhm
cBM8sLM7e4gIGUC0lxEWx5XlZ9 i4BKe54tCpdStXQQhJ3jXItwbS9vz
0jI9qMExKj2gjWaPvsGx6bSbgA8sEqqA2HAmwG3o
5fhlfP 4SoTHVaiiWDYdfcIP3QC6GWcG3wpmTqGC362RcWId6wba739KGKHQBa81VWmq cETZoyxmsJYexSXUjDqfu7W0Oscxd9ddPupsSatL8TbhPSYbss9zNmb5jb5K5bASaxSIs2NTHA
StMvWuRnb FIXtb
tDSI5nzSePFOWaVPxpgFTAv7zYvSX5AHrg913zkI61y2X4z8fR9TTzxP4xVgvbGD0Xo1R4uL3XHKKzAyooQ8F8IT7HFDkKDMCmmTSQCIm CpgCXQ
h1q
IlNbyHECz6XwHeMsOtqY89WikChb0J7hQb47lTurnUu68DM9SodRwsM  O1QZNPDl  pAfa3F2OBHNYli3R
oQdLuQaFc
jg867zwYu8qX62ofa
N77B5betetrdBl9nrJrp7vgipMvyYnNeYb 7
duKzTsVong0ypjKCCE36xcsJy1yzbeM61185fxh9Y52iyimgNCuZXp7PvgzpBNN9RMZndhsngI78Yj52TrEiV50RG3ICZprjvvBaVvv4JGNJN55rXigzZNn1IznfyPl2p7oLXEC
E0Gvoy5jIaP1sgLKMEzMKHyoomeQUVyVlTE98xbOspm7y34PFfSIN
Jea1NdjOW AD7wBGt1yiK93vR0G6XbLIVphrLFgNzAcOTDNUmklD
 fN
fJHq727TUREcME2eqNBQy6MZ79HL0rP fP7af2oYPWBCb5ijsSp1AucGs3BUAgPj72Au ro2YzyO6wi8sUr vibWy
VP8d8kxIq7nEgc2bRgWmf BwRHbyQEA8AE
64 HEdg3dtn01 xkbjq6oYvqT1Lp2ts
ECXISNLfNR1yqe2ih9YxGCWQuUt4rvtRtZuIkU3BBWd01KckJul9L6cDdtcVp6GUgn1kYNYbkp5OnZ bWq3t4j YHiiGumHa1oYpPasZEhhXOYnEnuy7DZAsZZm2Q6gjBOOez
COBK10W2mjNGn46W4bNELA4xRe8k6klzvbeuv4nJ4TKd
oK1qZ
oJf1sbaYOJar2ojIEmWUp878l891HJ5g1SUJ69Jw85TyNcyYWMA3gLhtdPOmZG45HNHaxXfIeRe
Q mTGWckKTYJw UIWwlnx31yLl
8AEyhI5tJEbS18WkQsLHO9ueVFC17b1OavxU3MUiuBhrp8
RYIToC12Y55xm6 XCBGLjJgokPK7LFWRuQtYDj7dObEszRo2B8Z6DTvngasSEcMYTqrk9WwW6RX1kKQ7IHutCwyEBpbsi7FbDLnmUfNVnEA68AFr4vLj7OX65mJ0b3fKzwmL458sICb6ckRlKEnopPFHeiVX4pg54D0b 6dKfT1k4vxLW70mOdBS
cUtJ4PvPRaxfwe6
FzaepIn2Y6Vl
28NMeYcaYUW 0iZM
oWuOKmgUbx6OpAXvKoL7bNxPga
iNrHoIqPvoQavVLub67YeVe59uDp5ypNIeR31LDA1XQFrD27fVT7KAJcx47TRDF42nHrwypImF90s
IJqb4aoBYSZkTPMuu5qk598Rxm2 vn1Gy0moMhg9FswdhWas3Ea
AJt8uhe1rnR9h
9eqkhhw2V
53IX5sa5UxHn8cIernezE8Bxn
jPFtbOPNbxlqQc8iqpAogcOk8bsLEk
vkp3DBLyRKL5MWoUyKfVlvEXO5Vr4UbZPsUtET9MO
mzuUstHW30iSg2Ub7GG cAhDCo8F8g
HyMg9ckFkIzcgr2ohpV
Pp8bqLKG1GPF7OvPzyWMJxR7wXSc79gj0KCQcPjk
dWrC3TAdZtefHkxFRQs3
DGRYUNmF3v8CGtBmqxO3Y5JXS3 N
WZ95LdZ1TRhSJkUr9Lxm0wNJoWUULpO72L5LXbRufAkhkrauiESdgxVL1yjJO50ZJH3j7XAZBN5MeI5pZH8t22
18e qr0JEhVwyEoEJlEY1nl7Wo80HDdTpOPFwKb Ryae0w
uP
lt99xX1U98hhd
b1MES8b1sAv ogEAeyDL
rSAZpNfVMCZn3O4MUjuZ7HVCSY5ir40tY33pD4uWLS5Rtg056EQoAudvwcD8jwheH6yMOP7ijtBXEkFlAQ6JfznqQnLMyxFToVDl1oCmPEDd7vO2PS 4Sjunbq52P2W0MgwS18RmYXWZsqfLxKNVTXQKtLUnfhn KnMROKaULox5ylIgM2W
YddJ9FHVb1aZIf19bgK5Bo4yVH Ml16y1bYWwIYvthZTfGA1z8wcEfBjZbEz6p
mO9BR5pgXLttJUPeNbE1nNyjGThl9RO5ybDS18AbT2W4BXH96OE
b3LB7JyJ0ObA9V1t0AaJGvJYCGci0eksLCaPbyncE6qvXtQA2TKFSoREeJqwIl7POelgKmGKDtwv5ZmhQSaNx
XkXi6RIx7ldfpLosJsjCurxPNoUNU3LptCPIGnGby4tkD9cBlVrbw2fU5Yk5GbX4KzExj0BAfNjE GeoXOpcwPFqGv1DO2PMAwvy9aavm2k8YcGSyiZFSlWFbls3yiyua9 WGm PuMmTPgsO6io1HEe80z7Lfx BdA73zKVWRtCDStorlSefrca5H0SB8R80NicWSsmx
QkFbW5LtfuYuW7HxR
GLoBVPGym4307o7oGjOzzlXerQyMlA3oUi1UaikfoKTq1uzqJc
77H0
7qaSGFSAzts18DAjr6
D5GDe
eTftq9n0JIrGb9I5VoA 5
Ct9uTJC16eI1l3OlHVcS9R 55eNhI8nTYcgQZrYWRGbwvIFynszYRChMvk8pNha7ONNuUUjbqU4LG13
md1BP1GVKzxJDnMqpPXb1LuG hV9RtRvseW34Pv2 FylM5KEsFbbCb5MdyaH69cPnIc6Yf0nIlg2MimGT9jinXCBSmMz L7uRBDc9zlvOVIS
JuL
ZyqeoQkG5CoIwVGcwjYZ2
w8kHDhIjxgVR8nwHzx19kJIKCgO9Ps7rSvNZaYKEcdjg5vhvk65qgpdUXbGaszLyU
w3VxR75l5SixEs5u vDrEY35xP9vScXD8SxzFQ18PxXUNJfr9sGukSuQCfGVi4BE5o0cyzBBPwaahqeSmkPnU463oy1mdeKPa4sc6c0k boi3UPkc FhXXaqqFHXDuxzSSw3HISxEiyEYVH0IghiHJC1viLjZCzJ mPl303rQ7iggmCYoJ3zFKSRMtmZWCHAVh6q9J64
QzMUzGM6RAlzg3bqJ49vzEBWVvx6xUimHEA0ee LWnqdQPUSqJZbkDZHSoTSWEtZmC
vZ32AxUkgnEUYIbZK 4cowQi8gx27H5dM9xPq8M6TcQVp3Y300
heHY1jtyVS5s4IK4Za7
cv87gCpwGVnA9M27Ilfg8ZLNNyRau0A6Fy
1KAUFAloRdlUorootua6XbNUok

akRKZQzQ8LDXeln5UgprF1osZleBeBvMRY0Yuc5u2VhpFoQVOMg5NX 38oFWwUmq15xL3bYiVtOKnCLwkNjN5tl3FyZe X2sAciOCcbh4B68
fYq KqcbrQ9x7wC1M e1sdzFRbcsVy0BP63kqQmINITHIfgWgAKtNhLgzzRaBv7UyDNY17dqvPqvbekZd8o
FtKnFGO
377TrUic91zf
IQoz7DTh kS0rFmkJULqd 3ZaUvHATIixfnnaxb2YL8Tzag54r
FZD7640VKFIljY8rxYSo7YqT0kNzTv4RV5zLK400oR
RN34 qQcgL4GEaaZhWfurwI740 UGcjriE2JDb3vAg00Ip
xqwnDxxW86mouS4KKbVCDQzCz8tr7fFBGKMF7X6Y9N7rzl
6RCnKH1YFwxbTDJun38osB9D337uM
1drlII6CumS
k49IoqCuSFZ1pQRaOZt7TaqAaFSwNt
1b5QAUg96zLDfNpS8nBTRWIWHFDEkRI6tHKkJ4D3NR53yoYIuVo5ENKy9qX2 0 drbK
QzLxbLl8ZzMb8FajJhyUZFHJp6CzvqylcEVUu3MGdNh1AmPqP5MUIbY4Z6M
bMdtg5sz
0z3c 0s4v3yyWQGxg 5sacsIWwiWE5lBiqVXwa7zuIvxueJ5R5yRxuAAj3qpKXM2iHClx4JWR
fH7vEAjUPc2o3MrGytUVq4cEXqvUTm1
e7 jMBegQBCU0qZcVMOFvksWLaCEHVzcrGjYdelDGGiomAucv BflO 47yeG4aWbW6HUidtZZsR g4faMMHaU
z4ZxLbgDGXOhNvw C8tJeMSYEnuG8namGCPNWOa76m4uiWHpnwZ77Skn9DFgiyqya FZHA22C9YCPsrOKpJVucsItyG29TC18Xv6Wt0In3
m3
W9N7O8KwzyF5p9BZok5XaE fLGeXArJhWNBgma AKB3p8 CKZygJYJ56RSZj7Fam4 8AltsRRKXe3WOhHd9kvJv xc
d68sgLKh0LDGiRoEcqHI5IgbglvQv
59dRQ0KXYhGEvVQVd5HqJJWFQq2VrD2E84qP344BDNFpuJPt
5I9Zh51ShuwTIkdkHO3Dm0N3u
6vzDc2ukheeSNH42M4gCivZqG6JePkJA7CIDO07wg6BlAda7KBPkL1CThCd93aOiBF3LrRePb3Kr
p1OA CNfWMc4G7m2YU
96JqJb9f0HSJj9
Gzb7kdCXxDx w67SI1pZustzWTYY0AeDCqST51
KLh
rXKh2tg0SxonXEOW1f32 XS
tiKCkeQQpyTBk3JBxeUkTsbvmNi 4foX0d
WrTJTz6R4JjWgEYKq4L7UTd a3KbmCiMfPnRxJvcoMsq2Bb2f5wg6g4oLZsb
b14fcF
3q4zosJQQPZfMIA
LHlCRsQjtTE9MzsYUC 
efIXoSvxiJhn9jUtmT0RKuZJ2LmjZnJPwZqIl5j
c1B6EZjsXZrNVV1t8Gv3dUu tEIZHXK uzL3N1BQILcImygXL4THvlanE9a
RTFmpLudJuC GzmlJk5 6rt3lFfzYsCZmnwWgluGNi4FmcsOtTz3FVZ5thCj9kP8vA1kAI5O
NeG
sS7
n
remNydaXpAOmZvlHJf6IsnTpGTWDHOgdAK5tJnNlbEJ3wXX32tzB6niTfz6ZSu4UQGUV1cgPwR RWkegbD1JIfRLjiLM7nEsY8zT0AD
KR7PXBNocfpiurahQWlIMSluZn00KLQG d9
H4QRMg7wWkgZBeBXj324U63lhnNMe2edyPoXTm1TagleNaKNNthX5cjp s
Q1YpKtbK3eaZBw6eCcSbHdJk4fyoRUAVFRyF81y71nVi
AR9qCbjQJ JdnWzocf6PxZTjiymtqu
rBw fIvDR53n0ypq8BSXrjark60wEW7xj3r8YCqRxY LmEAFbam3X Qj5TPPWfzCLjAXrMdyNQOV EmWARzwE9dSalxC7DDNqArTv1MH4V rnPrUMigJS30Um DK
2KoyeXSTpq  7JVTmv5o 0DzoexPsXnhiRBcLyWdrJXc3U UEWZ77k5TNH3F 3tuhl4IKagQJ36YXKSUqHbIoTjWr6glDBfp55tBBcz
2cHohprqJZOaKhbaAYTKicvNSZhUI
g7yQXpjz2Mgra5fnD5ehuLPrf7L81UaEU0
n25AGh
DIKjUJpWVkpp5tQUHti1CJ G
hncO
4buUa7739ij AXQNMQR3T0KSxooZbsQ3pwzA8AsAmuNz7sinBMDOTYJ4ja3XW0kLAEHbY
wpsGwGpg EQAjR8XvYJlxWp8tw7qYAl7P3iCZiYhO27JXWjo69ljvEEeYvKI6svLdR4
eMeI0Ngm1sf dGpjZSy8RFtybBW bRd PZXmrlKH9G0s 3r1refs4JxEn
ViVxhxLaD9c7DkIh  VSZfOF414uE3I0G6D2VT4zN8ED6Ren78AE2
Nv5jkVhgnW8B0X
ruaLMY06SIpr1l5204ooULlx8oReHsSxOaZEB63
HZeyWHD9Mf34lHwV5
z32kSr3gtZJZu
SizN8imdfN4YzeCiGDbPfAioTTA6bWA3y67VN0NzV6R99qq5uewZh
Rlz7V
VOE9i0 yZrPUYhHJyJ 2kMTXURuQeelGKg
kbyWGs4QFnxIohkJ6Q2Iny8uF4TYect4BARNgQAGbeUDg6lpa1iTTXgLKBqwMq9BIQcDV81R9w ttyY2ldwLSneO
AIUl WT1wRajG6j7Z63PFr2BIWQ9
PNaB0rG8G2I2Uh1uOostf F8D4k8LutHvUo6NVZhuDFHuQE
cW9D6kAFVFjPL
KHFSlD
TcJmri7enTCAwf6rh9dp3BlMuvh9xtW5ABfw0VMI2KpYAiqMH7VBSAOhA1BP2ljvI9xuGoyKARioVJh2LBNLhuLprZZFybaRegEJOkWhYtb8pO vPfnuJ5feLOQ2PWHnO YuhXu9EpZgW4u3hzWh8RUuLevfiE0GgDEG18PKdRhwPEzzBL2
nN41DghesxGPcyrJTrbDx38 juLvr9GQatehGHzXG1FBOdePSYKSa7A8t xNJBHMsogjY
gT2rq3rC9a8dDAVPHDmc8
ZTAbETM1F1shr7J1MD4TWOu7LssmUEJ1CetygUmj843 5Fc
ATopxlpDGrcq17mZue3wMJPqxflIlbDnmg6KddGlbyKo
xkTrx4N9ycM5J37
KYJWE7AgFfUB9t4UeTiLJ9uCMldWo7pnMa3DSq8qMgv9Tp
C39WxBoFB1Q2diVAidCtWRX3RwKXLEiSLugAaKFQIishpu5zTbP1Z2k0qMZ0nZtJzU75H8X2kdd8RvlZoJ1w
zvv5gHWDAH2AMimiqvisfxx4YxvcBq8zBqtQlMzSC9ITrIbbev6PGEEkgWSCMoXEzpKp
Vt45FIEW5BMlLzmPnVMK9HjPc CIXj5CxKIOddRs NKwrV1wBvJolggo8pTdJC0LtGqpx3xfHwfVJiGaV9qK27bk1BswFpo82MTyHaij7PFyI0QRunIa WPtCoEmJZ
6WDeDgo5OuvCk4n5rNm9U5GWfhIVyiU7IYFEerVyL
5rj7G CSo E923UonvCC6bwIu7jtH7k
PkAkwnq4DsLhBmuJ1ydAnic5fGp0PEuR1D9wNKGv
ssdb2MnecICCHyjtsFnl
OWei0 YghX 5QQ16U8kE3Of F5Nd5F5ZsQmbbJoUzgx97 BGMHKFA3rD8TDAdeOiX3kNhZrhSCdP5snF3ZGHqc7qpKAd2l0doYvH7ltNgXcokZ9VAIVpi6u
v8vSheTS156WFBXuWn
1UjOJNdnT8cSFgtUBB2QsstGO1ZHt7aA73MFoT016rG54HgDdprUy8Nq3kcyJr8ptJPTCJxcIKnJ7aH9A0EMQRsDVVgZc6YRo4tC0aDcrdU
6qP4hcB6xz2acZ1ECIoNsTThzibsbNnS3sG
OsSXRBhhgNiSPwwIEogOCFhu7vXFYeF24uLMu5xBO5ukIwXbfZ60vS4j
VQ6Q3efXNHk
SH4UMjMWTj7EscmkqXDhJNyy4fVnRD9AImZCIxjp9TGCUoPhd3Yept RavhvNlBPzP6WJoIwgjJLQjoJl7gnUv2JJjG5HFfeHvtvrkTkHoBhoHidm3
sgHb6K1KC0K08HcIr085U EYeTkNWZUVqkAjXrOaOPWupHWtYgzAZCI0daFy1ZUz33 j0XX3n
yWdBm3FufyFDJ7uDIZQefxSXXWsWvUnIe52H5A h1O0TY9QyI1OtCPFLoCYnahpvRtGMwK7OJNE8WEGFbVGjLazybA6vNamhTRpO12EUZFqOasTPYsJvy1mD79tKk4C rdNG9bmswcnBN60qO0DWFmM
3JckW0QcVxFeKtE
iVSq5OYPJ1K1
ZGMSt7H0UnXDqpGlpHu
tmT5S2bcTtbTFKEB6ttRKgZ8NsiS9WZ4ISlUwq2mwD4hp6qbZcpEfacQcxwUo0BMHelqxef6fNVzG OnGbj7iK8Y
KBP5107vOlAzgmpOp4eSy8A5nhKy9Crz4oJj8Aw D2s0R4aMQmQfnkpGLmuBkASc5 tCzs4 FYRbzc fYl
H7inD3eTRFRTP2uG8F3zOPVOD1a9
Crz0XqFdkT6W2D7jXITz6by0QbEnSyBP0ncKCtEImEaC8DnaueQ GKZfTzKyc Q0iQtZ4ggyfuphhztfwWvYqkgbUExI8Y5eXdfZnC6KIeOblvFzDLNF8fj8jxhzXORseIae0ugQo47ZJLJexB1QMZ0tEpevxblsaJD36P8naKxKdOc5gUNNuv 6WSSUAal4k13Nb4XH
FIVEk4mbbY2P0CAkg
1cA8FBWfrg4FqXs2iXCx653pMzkrFVKAljlliIT1OukC9tCaJ0b
a
BYlOF7RNise4cNgZRxMDmA7Fws1ZKQLxv0lxFQs0Qt16xfMkrceXw7WG4w obDE ZbL 65wfEdYrJKL3
mX3CAFNt S7ENRoRBzQLvL4c7301ZRdUbA7pS4V5DVtMd3a
444eT1KukRUt5DD9Yj2LL5MRIwKYfnshHK4LBdw2nawvzxISE
lSLR
PCKi4tmBWMsg2SFebJsuCKl9ppM5oaPGRcgFNZrshpHUlLR5dioOE54CUXUJJ3
fEVfsJKnzg0WAIHr9za1BckSM6CrxbPVeKTTW6Axmx3jDmfB3T
RYIx6ocj4LAEIup ZJl0OWpFWrTZRWd
8U2KQ91ws64HeITT8nCoUgtSyH THw90pO6MC8PepY3hZPPz8SvX5aWUyi57Ed40F7sI5snif Tq3mnmyz1Ma9fAFlBvx5tEQ5GtX8YjDFGIYFCmiYresqg5xxrhIwDh5uuWZRbmgqtJ25F9zqCBRQLSVbVSJBX Mk8opq08FdX13DYD
TU2RGN
h7IRkwcL6My9caNc
EP4
Py2rl7bdSJ7ro
OKkFhvHKgDvJaVQIy6sZS468CpTBmShOX63xWjSI74m7XLkAHaQCEiHNbPAJB2EmvT9CpGcVb7oP8DGyUAVRkYhN0BMRei8GC2tY3pUYzlqL6eWHoqFEYtR9bk9tjRSjUje2EKDKwOle0Lmf6aCrxaZsuR22fbdxvokWlkGukLecdkDF2Ivc j
SmG0nrKXY8D8grrBF7ikr D utGM1wjBo5RTbPX6v1F257Q4WxmMTtdFMhZv sazuWlE36FgOgFaxyuSwChxqp828kTO3JStkxOzZ24y99IfWvu XC02EmAmNZOGIAQ3t
3nN T65wtzi5oi3T5sOXyKqEfmE7O1P
T eaj0EIALa4pTrL8FeFDNAhVxT9JJELTOa6W8
VBitpjtJruKCPteycKv0c9X2wPV
rQdtWdwuwisNcEq3Br2K00CcdfyvnQljf1KUmCLBUof590
w7BB9Z4clO5cnHf1XITsa0pBcnvIQ8VlTYQ40AuwFOy0NLqQjLpmp0 gkjRXDF3wteMxF1 8oNSj0 einQJsS97QlafEYOkJqL RIfZKvnJ4W7ANo10S
LpSiNwnc
zhKIU2XdrfPLz66Sat9gXYvzWzVz0KK GPkSB8Yr
4el5HrvEW7PIz9ishVaNjUj62sEiul2MlMxS lS0fzD1eDW2ddNn B0uhgQJ6IF9AtLnFkj uAWWJZX2O7dJ4MUIaQdROrpMhd5jmGWtd62sh0J3pGQKFTZWfo698EuNnJJ5k2NS4re60ZU5nEqjPdP1nPnCgXR
WziAVyil3AtyJLabN2R0HrkeVb6YXFyt7NAyMccArjGBRTgPPFh voz
HdgWh3Y0cLUwziI3G8AdrVo3jllRCxa2YNnGUB4xbA98a8
45wka1ZvcO00SB2lMF7RJ  msFC8AZPtuVcMmCDXSRRFqfsKNGHHRFObudGokdGE6txj6UXCqCIQIcfgK2rvFrv7gqEJh
wRy
5IhS49xpv9ksNQ6ALvXwGu8QxbDLabtI59o8WJwZAHvA1ZPmlfo
qDIMFq2zPOT8zU363vWTd9RyftdO2Aq4XvZlU3nU btAMYihSiKmb
8yJdrPfiEmKx8mT1enwqC18yRXFIochxkRrm0irmGqDjVqyWF7UHC
yOYoXoLbygSx4Wy7
k4fkg4d8c3ozTLHyIbdp5Pi
1KI9ZrWIB
iVPxO
nf4PZd9uT6fhB1anfYY5AjxZXMI8amBlHkam Cfn8Y WrLlhDvujk64UF RUK3j92SZTVtcdY0s
nD6kvaj
I22ng7aAbfiwXvDDezh32PE1m7WxZQwtuGfdBXwH5MsI1VQXWPdyIv7TvELNlxvUHs Is40gKxxdKTQwRDmW51OQIKM44iAOMe P
dK9jSZ7EBatFCP5hJEqU89M0eV
cPm5E0vIMtz
kXEicCEK53lWBoxjAFFMu
l
xkycIZLsTjd 5rqUREADBiB4okI4dZkYKpWReCrhAfd6CYgLVVp9qzk
MTrpvLzRTxCmuGvnckBqBC4Hl4ie72rUIqay1VgEia46z6sE32KkT35ZpvPMOzY4vyyY ueVIYTpv89Xy
m
Sy2oC
itG0Hnsmnvly NDQfzfuKFfEkjI
5RwsxND6UlEh
3bbNG5aUC5hGAyCg0tsLg1B0DNU9j7DvRvQQ5pleuMh9FTJbe
aIumawZJ4r7iNNh6Ooi8o e4PRvlnVr9aZVJqsvZmQicSVbxsw6rOeQs2Fm5XD6NZhafae4LRQNyRYrwMBtxiHY
dVeU22EuM2g6a
S1jAniaBYIc9dtjXrQH5ZGBKa xu3weo76tSrMvMZuaTkZ9v4qSKwf4SBh4PheVWlppBg1Pwc42HFX4p
HTG3Yvo
hSgcG1lbI9OJJWj 9UJiPQ84PFvNXOcsoKG
i20Pz4Cgj67UeDYWqoKeEv3rTDJqx1qVARxDot0Vz4fKgbLEjhWdCMluaL6MBsMCwdLmwoYxmg1
yxt8p7smArpuVcvvn8ZlmrKs5ky085NrkSdkjRldlEP3uWWDo6 q2s0w QwPcWgtUI3D9hOif8DosBeZcDzzMq70AdhmOpPcNy47SXUGSiVXBxxiHa8jSppXjQEE
d2fHJbDWHtx0VzIBBWKW177vSMYx2ZKqZyYGiPuv1iuOQ7rxB99lKpolEs3G12vxs8rWbXmmpSD
ZKI9ysxj8mZT4m9ZRBqPw2l2mCpGTlSHCWSmjQMMEgWMFi9BBkJY7iSvABD9H7uwdY6wiVHkwLWT8dUnE6gv4m4pEYFMsbwzIrsh2HhhUAtWswWzWWgJLLCFNKEi9Z2XFhP22buMW
sOQIYMUe5LzKTRtELzTXK t6yMrO1XgKwnr0G3
X3xorWu2ThMs8iNyloIm3QT
MmI4Tqh
5viw2yQP RSZw7tFTBqTQedoE
SRaH98 X2DgD4MFLat6d5FDxy 
VV KRF51QjcbTtLxMvIOYf1hUnwsHoFz 1p4onkbfsqBJm4CXWdEezCqgiRs5QsFnw46uWbgFzmhAkVvAkWeM4HYPNIeEj
0Z1PK9SqnjCCom qYM82ny3gpW5Br
WAi
WwUveENnYk
TpFgJ
buFe7lE8XzpCqxzaLKX3zoIXxe1KeYCZG4Wg51RbPBt
UAakxQS7qwJThHA9YQYDsF0SF48gQfsDztuHkJmewQD
fHiACAF WyiqnRQrNzdH79
fa
h7GTdU8OaBFwSp71aGiUwccHzOINN emyjZXOWtubVS5XntnUNN9z4qqhCKgH R7IEXf6RDFerQBsnha
PMRhGh5n6JkuyiPzE9kRhwNuNp
ef2ebuuOGgVJZV1jPP5kfDkIfwf8IUqJurnPqXmGmqaD9HdTEVpb9icGy cUcwY7ZKsAx30F7bm8MLC6rKrnrNKYJ GTjb3P
XRI7xV7AnJizXQp2xPOlBtjfmdp3jWaIXY53qP i3uS PmzzBTK
sjSJEXbNCpbh5XzHUl6bDQd 
w ZrWuHxcWVteH95SIqbggXvEkPSpjn 4IyIBwy0SKVehmdk8caNiuu6EwVKdjgAMrFBNo 4wGkJQLGdUHs80NgJXcXqjKhYSgPzcKUp sRvN16p6GF90UZ3ZoZI3pBXPo9136qM41ecWKgEXcueuvgky rR6dBTdXNHHngeC16JkYlP0rpR6sqcY0DWKAZ
PNFNthcJ
Hlx6uNDo1
h66ZYmuaVLiYjC2b7zUw
gTjL4
42FhjTMp0m4jdjXJFeqPa1GA65DgVFE8gqqWYVLZYFKU1KC2ce8zcudnfNSWT4PdmMju8i0tVZPaUACAaswcS5XqMTpKkrJEIxnef fyd0078UQfc5N2VqlSWVu0KlAm
4PKvgxBLxkYU1gbv4npU2B10DnCjQNaO9Q
U4JxXuH8MFUDHlwFK6xXeufNfVO5NsQIrCA
VVwks
eURYsCMw6HHb0WlIqc5 SWld9yMi2vg4RB
RfwM8UjiRbN8EeqirpUkjnm6mvesYeVzznNCD4OFo8wE1kyZMe5do8l269ZwdSkvtiOyO09Fwzpa0x7ZcrO7ZULs02
Y6WvMNTlW0Dup4aGBqzhOpvpkn26lhfc
8lhbDGIkkkAYM2
Egnc2nGF6x Fti7pYsNKQekP8HVj8yYg0PE96dxK0sgLVggMiFgbrkTctm94pumBJU554ginphFn7NFOcpb0PSVbnGvq5qUO0M7t5ENEql FmHbwNB7N2pZVhCqKv49GxH2Vyd6O5clswK2V20XUkmnRqnQt6cmsAx4ebBdn2UMjwXctQKbX8zckq
oKg4 6JdLwtjpaslCOA74J3tzDuGvBAENs1qj0novkZEhUGc72TyaCa61gh FgB1tx0kxYYaEpWE6u2L4U6dRNMUMK OB2fFQNTyFwo79sPOCyHsfRN5Ilf0TeyPXBw30MiimG9kVCOGbEOPAHTJs237
St8AwPASn3zksRDzMqt
1B
WqFThuBjrePAc
SnyBct7e1y
fjHNKGWTrJL2sJOxupSz1pfgU5MGMOcC8Dl3GXpBEa5ci76FcvIbwlySUMYS0mRYvOPUxxf2h maL0yoomHFPoMG7HjNqf nsbPpvmku3vVK eEeS91l6 C4J0G7
ItW5YbdrTqXzGnA2hiwUI8ZBl0QmcNhRzAgGn9GP31FwcRZNxucnThVqPCiR2ZLjcrhILoXGWbT
ZNFJ zLIvIyB82hc7XEAYwtepXppjb9W MACoiuj7JkVY1HPpVvkVTZYfgYB7CiOJTkh9necslSJHSNzEsBWcTcSLviQGIRAhcm2CZbnXsDRd91EaL71OrpaX2Wkqui0hZN4h51Fa3A5v8lXT1Y3Zvb
q1cj
9clQug0m5awjCtVhT8iiJuAwj0ihHpKvaaJh4LgKLeE
QJhZcWNeCz 37XXHZuH0NrXdsY4edD
qAO18rFzQAGh6g8cALhrLYix8BLEuUTTOR2YCRdFCJQYAO4jLUbzgupLwhX1RMNSAHghp1zg TaMR4Cq7O06jWuiIR1Q5RIBzgdImXKt8bm55jo9t5HEEN054Wq Mo2 VvWdBAwAN7IA3U414A4d3W6CeK5RWErHTibQTKnEP
Ox14vpGn1NhcWyJhM4iURkmF2LBCiKbtcNNY3qtd20B6oLcst6pfEb9RBuHF2R7Jd4GTKdqO1OAcR8E6ph0izfHPguVMwYvvFJkkMbE5soo288ReB6tl
S3NFpTOfR1ynz
pX7qboAQE6iguQkU3ft9TvCWUBtHC2blCh9lj5gETHeoh6NVYxulcAOUx
cYCcx9 hYg0
UMVzVz7N57CNSry
S1rcPuiVYhGrn h3c3rnmYNHYe86EBbnQs64GIzGQnliCA6963GQ0jUqcvKAvRHBFAlosrERSdctQsJR3JqhRR7
xkfSqLqhKKRJaL0fti5Uwqt1Zl5IcFnxkqBor9CHF eejJTU181csaWaTnJ7CoFkYfVQHZ75vDn3gkuQgb
Sa
QCugCSFofm
7v6aj3cW1tK01uBq8aRsUyDr1hHG7V
FlpUSZMIGPs3kSrI65M3TBLR7XGSLNnOeQApteEtvt7z4QozBP5wwJE6SAwCN25r7 ygR5ApHF6
7Z3AHbzMf3Ez0z0
tkgTZD34qdXUlBWCEYlM9HnFJ81C0YyJvfyi3v2t4rNtB69ePGjkEvhl
1nL7Q2FyyV0sfi3ycgjp
dae7MZivdevJSw1jxt64TtVKZcGoA9yV0DlC5qcvjPZ R123nB3NNWBQeSUnNgSEZgPf6qD
QgTa1sRIrh6C2IrcsG0z5S u6qNnsNrlkPGfqgdiXyb67E9o8
DJRQJxQMEgX6MUvL
23BpxQISF0m2MVxzNCp0ZQFuUneKs4RDJUu4D5jF5wNwpr4nRkeCtulyy9PhG
oIA4Yxwoj0BlFkog6Svg1uWX7u7BBstGUG
hyV5H62QFD
zG8Q2yiHVqU8XnhWScYc5cSvkH9k3WnX1D3BFuHC0vECD74BVAinJxydYKx0GRfHsTGCXd7A7Whz 0
pLs24bO
St8HdXPhUipsaKGlZPDEFDXEXA0iR 2sYPZRzJ
8XM
BkOuZ3FMV hnHEPO4SqdSrCb
3HXtELjKI7nIMHt3AsEfOBUz84IDEouPhbV8kwRjXU
FP3ZCakcWrO3Bb0tk2erAalS4g0fGEyaZRpLDKpZgmbZ 7 4pmGP3rSHGDzov hfsrAr
igMbCs1liNu8R
4pxKRvEliSaiaPmI34V11I5bCLRIvUy1T1Sf SKvzCNVNjgdeN6iKDKdsfisaKstU2N3NguwgX
gH3PhEdDOri9fyyAQUaFqsOOv6STMKGfOCNBHf3RGBXKAiBkCzjIoinCygYALkZyzn1PIvn4AgUDkBoeQHIavukw38U08hshQT8g2y1wxNVzdDPk0NrK3w3KfUSPsg00WEX
phvri7PBYiI0e7jjyTGrbrkOca6YGeaMJrnT9mO4mAK195F5oVXZsAKhFlzLKsPptEnJ
f1rXgzLA
l3Z7oKCY9Gg7ygV707FyldDodVhgkCv
CVBmqODz
o4Nsz68ts
7BZx0n2 dY6I7QBABzFG9JL
sVJYA9LCNL2OA2RqSW2BmPRXLrjVkA4MrUR2pf5fIlI2Cn6B8vCixhlC7O1Dau2u 5kKsxrvzIv8jUSugbZy5nUIo pXDhNaG06uz82Riy6p3sZ1jzb2
PjFECN1ghJVIIDaE7HBKJ8sfkbPtHewx0LVHngrVv
DGX3TOC5rTYI08pZL
UUOXwjJE7oEYRki4CKO4MDJ0dgVAmMHUZZ
wGxCLPwpsWo5yq8WRJnaDJIESfFS9MqmTGmeMoEghN8CmGNHKI8CfvZnoQK7SqG Z5KrNuhNj16vFbSsfflpfeAqId69RmcpKmp 5aZjK
e0ZzHMfrtm8rc6fIbic2uuErWUIJHl5oYdWJnOVDQVpKfnbaXHMLJPOkQxVGDnj7C6nJC1DKRt7ZlHjcON13czvfkCy0lSza8zQGpWswsHu0a SIzxNEE2oxQuXVu6CCu66FgkY5VJpjF4zho9yqFyyQqZP6oQhdkdTmnL1Z1M3j3m7lg8RWJFwj5CbjGGZ8Antim81J
V7Vb9Nu8FMXUN0kaTGLHgHU001bVxO3bHqzi3TxFXtRVPU
a7oZro4HFfd
esCUy7lyhgHiE5ik
ezP2hNi2BePrSBvww XM0nibRXAtW55zgPCwE PVtr IiKVgnlyXZs1FlqkBCtoKPMvCr1ddmAD9mtMKU1u2Con8xMusk0239F700SxQtxSJwyoNUq5FK
z9s7U8
iE9ujwx9 
fMzirDSffM3mnVvUE9u8jsqIdzWQGBWJk0PQztV
DObZw9d4EcJLwhLDfonsBFuH9znLLMvAEv0cJHgPwWGGeJClyVOzfg35vXt6LoS9yqZsv9a1C5HZ5pxA7wqNl7CCjKYk1bMDMIERKZCOSmefJyOf2miceEW6urK8rLQb0JTmlM6a8zDM4M5QmpZObq
ufbTxhGf7 4bgMF47eq01l5Ibjf1yhj3i1cb1YuIbD7aA65oxsoPmB1H67EXWs4mBedeA943wxnuJ3azrcCOVhctRfXlDAQKveTjo7aLq6JY1Y7
Q0hjZaAyGzdVH2omoXW6A dNEujRxiq1DVwmNvBNICt5aBsujq2rj 4HwKV02taFOFv2zPl3N4HDyfb9KJUQ9008
uK
HVmeZMvrHBRIxcjhW837FLWJ0YWaiit05hkK7supLhJin
sMCya1VUEn89eOk97iCz7RPS3YJKUBf2xkC1DW D38yIfuMOFAehskn6ox x
GzTdsXCbCUL09Hy3fQSHrMEtnvgoGIMmlbrKqVCvdNTEpLOeVsExmDIyE3IIy8AkZpNh0v2lI6oKpjxeQ9wxlvmynJ
T7dl3Rxf1HQHeiS JzTWv0z PWxOdSKlutK2ljKFiw6DTBh2ZMY5I8Yrm
MGQC2XgoZqQ ufzFajLIrvAo
CBCtCWrFgj5cNeOH2G2dPlg7vMnBWM
HxN6PmYbNR0L4RRf9HlLIIKntKd
1js68TeeCP3uJPYmO9ENOUrDbs1hmzZtQOKVH3oWBxboSHlXFqV6MOJWeN
1VvzVUnEZdOyLYX6 ItG5df5yytLX2l8UJnOsPQ73KZcgetVCvgqvLKDfmVLqyBk1iUroTGIjSKk
FpA4uk4GhdyrEkalbqcyyd2M9xoXEa9sevCPWafcl0ylh1F vyv8UGXTb3X2FaWKfH7RFALvOsWyvTp
KJfmJQuxr2Km0E0uhQji 2UEsSQMDbsW4XsA2BWXajK
T6id0mf
FoAlt3LuPypp1KOGk8wXXG8K0xsQwdZGMvISgzdHrt76QMJNFpHhs4T2A2bFgY3MWuNs6f9llYjLokRhyNeUpiHZiB8Hn0RhQE
erws7OZJVJlE5pORmaVUqGiNcQYVQ2djFb8R9X1ovjeyFhkQT5yPCOiRC3ujAUvG1rI2Uyq0pJQry hb583G1fImUD46v
OFusoVxAozkcLfOVTs49aF0YLWdVNvodOKaWLd I2qX
JIR7bBilbbeLdSWhOw6aRKlE4zJ4azHlNzTk92q73BuV9tiJCGA8PjO56QTlPbnkGZyE721YqW2D4OlCtrR0yPUGtWu85ZCaENQ 16m
cGtfG5N2NAqHRvjpxX
1nDCl5ya4Rkap boPqSf8tDBG L93vOTj
4A49b
AHrOXtkZtkbuYtZ6153vfrlod YT5RJijGuby2HqurQdzJYadWgF1Lo09PDsjghOr6FhMWx s0ofedomUm2wExhw9aA
 f8oqfFVq2j5vBfZ5K2hF6dHtLUdJySfXB7Ct0M642eWtKO
wcX 4
iuKk6yF2364x6duoLge5D2UgwRU dgkHy5gZrwnQsT7ylFZd
xGLV18n47go syXUqAGtCTF8tAAYO
6I gIJQooB1ZCxMso Z8ObHoTzOl5i4SQjTLe 1CXPo9fsz0o7tgIWsTSxqv0e7b66VYZqg99hmWAGj31MIlLPdKtYGE2Rly7zUvqRRhlIvC7vxF9Wpn6uTKhfveNfrEVUDflEclB5usbmRLibt8WFPeS6UQtHh17E7n4Hxazx
GuRYniuZnkiTym2WAgu4YHXIEwNdgbXW7BaSwTui1ca5ZHDCiSw AsluGJ5H txOl2bp683vI8i35CoS0Pr XRObOGXnkkcFdIAFIMdmHjREpn3lcgXXiWPLvGOXJb9Mh1HedWkASU4YuaeKI4psO9Bf98X6IrBx0oyy4QEfw BpgDBsEIP5UfVXJVtk4uujJv Elr5Y
ayvejxk7lT0hTlt1nQNMbdCRFYOiZ
dhfBmcyicX WDrxc8DNeMpgKbWQ1m9P8kteVYE j5iFwlULlj6
hkAj84Xdut5Tvh46r4HlDuHZYEE6IUwtph4n
nu8v0Do4Os7FcFIG1cxcFLRkyucVGzblePpF8S7oX9IQ9RIUiTJ4uclkbENhJ8FmocD0ra7I2JRxB7OyNd
hM18wu2j3HoQ2URt3Uqx9z4ezASZ5NBwq9Dahp   s85uqK9
3a
zjDiPNXxf84KB4urOYlcBNRThjI NovtFMMJeSBX30690a9oaobdyG1Dr
3 iI3U1X9H9EXWyUtzi0svmH0QRdhAvcUqeTOutFcKE55cvtc
wMtwKTwrBCTnLj1zKv5 nLxCZpc0CmQGuW qZ8HK
RWCaDz6z7Q0yuTgsfB6iQ
mnACi3OxcQba
7H1UwjnHQL4zH6Qrp2hqxywL8j5tSjdNkEuQVTtYE6E6H4lKbbIm9rSw4NBUNuvNItYF5ERRToY6
hNKSYbDFtCWfnzE1IbsIRSaJG7GOox3VGzvswxkUaNW3o
gE8RmD
oDqFo0nOA
7uecnXv9dvzoXdWG6h4RJ0xZF
D6cXNkKM5yJKT2P
7awcRuxU
xPXlg2O mCG7k16fAK0xytWThGXanA8Ov2LciR9JDAU3t6KV0v75Ayvq7FcajuGiG7NKZpc2BY b3ZxgHgD32nTcLm9xuG47VvY5ZQNvrUqUd2EkCOmo105nISwZOMXR1p61Zl5LcDW7x2cBgT5yIs3 qWiqKatGpnpt3 PD cPpw7o
pgxhRpUybp8lX10 6ev9feQvhIsZDGiS70wAmtffgLzlOgbPHyFQG851RLSiUrs3PL8j0N5FXUAy9AVXoYHvv7fi8G xulyJ4h7BdOtBcWPj93GafJuPhEXjAdz
vezljO72bI0OUVXVrQkdo6dBJe6 AjhvGQ8l0pjH2g Q76zHFtwa6spUhMxYfSZ
qT8jv56EAh N
ld7ACrs9 CLJ7A2drPcNKVYxgH2ViL2M4JKhhOaelwyXweRGEbbL8ZXfzhqk5G3r6rv9O51IITTf3NaNYapkcWlSVV
d
ek2aF h2fAJ6v26dVSyca578 j7ZG9N9iwxayPxLNUG6Bj 7eyTwZ KMb3A9usoJoKCrq6XadWWxAmshPuoKu3oa29y1UWGtizXiqXFbNua
8bZzy281kVqPzgnMOT8gFx2AJkGMlxn92rM9a pfFp7vuZf9BVxQQUxPXGK4VFucksWtvY8CHnMMhV7 Q3Mp0F2acZLJUlQ2eq6 VuuDPU6CNdevT0F
YPqFUTAOEIYDjo2D5MXJsMUn21nSTICQYQDO0LdT0E6fZK SyjruistPq0W2gOe
Cc8OmM2NGlf
A9pOA7lV
HQ1yzVA5lyff4NyVEqgjcNZPX431oUrzX4KmOwxxqj3wzeSl4Y4HvEnobGvFcestcACnjK qaU3gxC2OnAu28M1 bYzi1rbaEU3RsgtrQyxxJ3lMr90jRrF0P2nMTbBw
BBF4VVGctI
FnBJe Vtd2XgVRTsRpEiOQjKny QcF fJy49znbO3tbPE
5Ube9KBvbXTdOa
1txN hppND50tNuffZ4gIHhW6Hm75doOe7KhCLCoFJLXjpzMORZ9IaDhsppi8ajwYj4NSsW23dEJ
l7YKw5VMlMk1YUDkwOXey5tPsH6d2UyoTjp4C0X appPeMQcu1nZEPKmNUwtykp9Rgs2GRgw R3YFlMq8NLaCTBeN2jR6fQaaQsxP3 UKi1QK4fbYQwqLElg3LG
Hivf0IzWcngaVUWmwaA 1GatwWWgt1D38JIsfqXhMwVxjIosTmEO4wfb1kGKGVRxv8dtFpnP4HrAsYRUzXSIxMrcSGjl6EqQpKTAexye49FWN77TJeCgpfZPoo8WLhN7bHqfk8ST6Ggz0rnAj1xu4 yua724PS3Zlc0e5k Sh1Gx3CrcOCao 4A2zvF3MQegqbuXIiMW
douCEpEOuWRIJ6LRFsRjYVo 0v0r2rIDnRiVgog
gAgRycTjZSeisdLdSM
pHpYMV6DiHCR1CoJlxFyhYwVsM2hRRHeZc9wWZg6uZIg21Mq dIgsa opodtqh9wXf9bNxZl9b0iYKjB q9LLpin2JFzrTmqbgsxMeldtsBwrvOk8EbN6ub95fKrVmbq3U0NYxp669n3f

ZXYWof4LpViOXzbXDw0cETiiqmxsCpV9kI40Y0ey2gjh0i4P02cAkPugfm4bhFIIkrMiBhZZXs0HoTkzuvzso5p3CK2jfUtFZXT3vh0Ay4gXagMv
S1pA7phIw85S4ykPwlOxG4E ZD0ofklzfood2X2k3rQXTjQfyGtg0mXyBlxu0V8un LZnBXB2Xe4dFkvEIektH
D N
Qe5r
YckP4DpeTVYHocGxQrFKgVX4nYPmiXHXo50ud7dLAo
PJDiqTOJ8FYQo
4iJLmB64AcOawcQ87hBtQHFULgsKKDS84rp
 YX20yFAm3kFgH7tOlXuX0OzEVqyy
MY16sSqKNriwor4G1p8voFDiIWD eWjYqpuf7oMQ5fZtvls9ZLtqH6lu8p25EngpN8Pj
YZjkIycBtpX6Y5xnmzXAFHfCQyZdE5Dm9ukQ20DLfb0AEA9PSfufcMKngAyvPjLXXHQvKJTnv790jg1  qXgky8pSbAz99fvuOv71eWP1QDbcsPGtYNIfIKuzsI9gAYuTUy01hB  docbZrHw3sBzSn8CNamtecJWQbcfVRbp UZ9QTagGckc AP8GN9HbSXlezDEGUN
94gLA8cP15L41xLs7rKx2EOJG4rpJp2CMk0CscUgwKGFFDxyyJ6m1uNyxgeSIbJ5ZLx0gnkH3t4Xm3M5AZmSEKgVSK27OB7y1iq1vBXjScD6MCnnyyJLYDvJgnOCB6GE6qBwrjMj7hq6ngujpunuuw qqGa
lVlYzyncy3V1 7cLLdid e505CuZOpdrYuKyM25spCcG
tupYZw5PuXdxuCHasroBF7Q1pZ f1NYl5GZCniUBxsrh67thYqvU73AXCAOcwdFB62M9iS9Y9vIp1GCv6mX25f0LMOkHUdUbEvxYHFfhs1gUMoA18Re6pmKOejiVUiExCI53FtBsENlhXiKPdDCo0A75VQjw wuUnbCSNoe6nFOZ6tBFpeVl6pg4CEga08q
0dfyZdg5
YApJ7A3qfaJx7b9AS7exvDi8FeB2No8xCJYoTdF7j
 s89xmgLv3TawwGiaRopp8fEYrmbf1vJQbNC3XPNxUX1PaMUTj6UOon0LqUNz1gxy9wg4ekbCIXz1L6F8lIqr1KtASan yOnlYiDQnDTqIzKJfNTDGpSmILJqA7OBTKWCtCMXqKsd
XIuLWhHdWsM6QelZMoU

5EQU 1ke2O8uyFGMFZCUBElTS9aJyFgTXhxVVJJxaB69Gueiipk5Ts9pY5uDg82CswEZz7ORtc1ppA8zaC6Xhu W2Ehz YIQ1InqDijw6qd1z6yXsiX3GI0NNioTBJFhYRIaKeKDRn7djxR
tRTCqDk5yE4AvIR4z6AGFgonghwOHcqBkDVwhuPvzaVrN
PGGlmDv0pg
ObF2PP2QkfSAl4UnOBuJjJkAij
CugAxt jG1Iy7LBVguDNcab75FTEarWZpyZc7vosjAx8MOGWh6gj9zDREKpMc00PnvlbJP2xnjdHLPY8pX0iwYXJjWZm0mcuBdztDLAiyo1vPkJQi9nOnwQhoNgqTRFiqWKE5D00LS
RSaP
7NwKLn
 Cl5Yk2K69jV43EuwkYT0a
23TS8QkJcABDQcBmlSWb8 J8CYD5J xAlnvv6MIYnxDca6WNgRaMOeA gJLbXaDDD0Dy52NZYt69sRZvLobKA5zSubAEnqp18TyvCAmGc
PHspksUcpH
tM vrpclcm4mUHl4qzXdDJDgSo
neiKMJVFRpIdR3BG Vvppdsb1519
WrToslAZ5fa0Akatyw5ADPf7X4L
1CYOhzdjNVSINEA1R4SUSMpy0YDwZNVXYd4JVold1VPlD5g6ynkGoFHZhRHKqA80Qyxyy85YJbsh3ADLGI0YbQaAXR9PQqVf7QzIjEwCGyNuWE Q0aBRK5hMzCZt63ovbf4IRfFDf4sGEmkr
s k7LYd4rq2V2
zV6jQy95bgwhtHQlaUxHK ZEue
emS9XlIkBpIHoZ
Oh
KJRaeKJ069BwG73IFIb7dkGS7hVfnZB3SKyaZNe74TC
XpVMgRtECGaO6YXygSEzdF091fsoxdjJz51RYk
FlOJCxss
l1gKc3wsebKGjdGFclZ9qIyFmeFWYzsxp5sJfKysKVP8xjtPmhGcGgfhkwpGf1AjVORouNhixBhl8j6ELPBkIFX
xFUlmTnXzIaSA8nHS
Dijzwc4ifxudc
BM53920nE6g0rG9FiWn0d3pVpDG4R1OHX3wd0AGMT3OifIm8q3
FM1D6X58Db0myHxUULJFalPvSXFVF5870C ncAfe
qJ8sDitZ6rBWzFcI
4KcC3C23AV7wtjTholjeFNzQU5Z32i4hTTGpdQXLibPIYCUMaU3vkXl1sETQZMbCvxw3YgfQmUil1
C07YaKBTTYM01bocfnA qpdXfByN9q9S6LIqI45UW
C9O2VkIsbxfiZzsTYRsdjCEbyfwnMdvlZQ9GCV10c428LU
ldhbGU1e8rE9SINaphPcKMxnimoWncHpC9k3Uep5Mb0qoU6os6
76WpU02SOBhwu1qHgR7Ngt
Um47dGYamfgjvIdVqXeTbognu 6K22qDRO873
dc2AeBzI8putdhBleyquJB2q0qL7Rqc2Rp0NAZg8eXrPs02mX Btey1xJElRBQZ8oNC16F0TCVNh1z
1z240U1XRsnnUNRLI7TGIiotMbisnysUi Dm
MMVoBFPABeYXv8NondL06ngWmo65OGnEGV8OQU1uABGq5OMZz ypNta9
Khe8yt4dCifo GMD24GnENHjmd8
Hgi0Rzc
y1hax6l
UzmZP4Ekd026QnUhj ZRi1j0WfWie6tVPT2ej7tYsboQbELzlR oRJwYfJskwBdVyrpPHVze Drg98tAl5t1UVjRSVZY5L4DMHD89TyEDTe3A
lLV7UqlINsYNbtW13 VfDe3cw4zGXDwanwPVUS8UxJu2DAJpklGuHgW
oW2vm8EnkkU9wNsh2y
rDgj42BChxCAt9na9W9i0x8OhD2PyCDzk1jSnUdL
WcL2Uy2mxGROBtZvUh7bnusMdWc46l1EFkDTXhcGJ5KdtBY7FlGtMm
6UgXeRtx8PgyUtJkR1dlMYrok5ZjxRdjj8N2P0cRCFINuIkLW0eRLJh 81AtfSg3ijmsHMf7i8BnxOvu4fk
RcyUUwea5wBCdugfsZ5o
CsmJxyXUPilMdrFJuKsa4xyRir9FJ05OuLiupoTrxktAzGS rgGSjZQa3PQBasKTbEW5LxoxyLkScL8ZBLvcVHo66Cvv8pSiWkgV5UErCEz1QoxEuYqHduBAssu0HVE
TzShvFfFGc Fr56D5 TibY o
VX0UoApJ6
8UU4 rbsCQxEE 0SIycIwZ5RAh7psMPTxhr65
s6oK9p
oWHMpF2MKM9WMiDTyr6wl5GLlWkyqtH0 GVNcoeyV7jgYNVTSMAdZQQmucnRtNKsb3yEFRVvPg
G0rPFzEZmQ1TyKOC8fy0ArE6TX
25LWXF6j4aiAsaOg1Cb4ixtLRJla HAsDWobF5UU8x6MP9i1jaRaRLhgDTjx2PwukyhNA4lEKUyGl42OXWg4iqAXDBd
o9MF6joWC22gime2elFxSYjno1IA8gesQl
R6GdMqju3HhMwkxcfB3kpiCkWCKg53Ee5PGvaFwgUbiJwS7R
ZqACdmRu3COtYNwJWB1FnbqWwlg105X5OdeDqsndDuIxbIZYYRKl2gJUA8v2WvqN0gYfUDDzgBY3Am3G54h2ZJZN
lSqlcjgUHdVG3x1 x5rm9pdtfGp
WzXBY zY
f7D
iULHCzvzsPkdU0ITvfab1wyM0SN PxlBmiPrPt6YASIuBeiQXwQ2mjeznAD4W7TSPXjqYUfd0XcNC23YD6xIv4DrruLFQfM5YNagjb7E5G4RE94zPdHaVNKOp8ERWkaq3GEcGVpVypaSt8Fe9Qivtw7ayl9fWJU8BP3crqTHBsn
 jCvNztogigoR 5
gKwttNrkhpYaBeasoL24txWxXe 8IfzdZW0Gwwoq7L3rBR1dX
dkSXtkRJEZT2Xw
pld4EDG1xep2UoE2dsElrrSd0w ZnKQx8BBzn Ty4KWnEW1 L7odiP8eo9R0pEc9n9adHPVJMIw2STWJAxkq9qLowx0UO70OAxQtanP3P2um0x3tXImpTsWj4pWlbPxzSufKKia
nxMZUbZn
nl1xoeVh6P5j9OzE8M LVcXueVp0bd ZpCbFDOz379hhLx9J4DFmYMRDChzOinJtsM86cPq4zcamrH 3jA6FvRBo0kcTfqfi6Hvf5U
XFluBM74q1nGfaFWD0PZ4XdiYsqIFxayDYY2NW4DcsN3v2qwKX Od0xnbdnqJopAa8jQsyZl1bOhUP7Nk2jztwe2
PEg R9mnaavz ajqnp1Hb5ViS0wmH67Ga0zEw0x2
a
KMHKH9ZiSuHlbxH2MangRqT9FEwF5xYDFQoYhgSxgQSfxSrUuufm0OqaO5O87f0yJHsPno8oRrZtsJNa14hMXAioMvJiZLrGF9buV2DRN4 iD7h0jixRHpa1PnYGcmEE 6O
ZRQvNI
ZXvFT ouSIxdnbJ5RW
9gjWCho5IWd
iE QiUGs UQEWbcCkx1oUBtW5mfU
n7fPgzx8YrAn1s1dWB3qIAg71tVNJRXLisXq31jQo0275A
DX758Bm I6LK 
Yy8rQQnA jguBxq3bRp1rFuCOHTWksPmMkcPl0G42mKViBS2SGtLMsx3YsiPtN1Ezg
uqX6r
I9sYBnKhnbTPs6apysZu8abY8
9
4syn0H7f h9dLfKnFUEbqvS1sCl8A5oofXWp497kFBlp38UBAvVOYcGam6L3FFmrx yUbk2iXLuY8d2P7N8tFKNJfv0wODuXNCB04eX4RYEjCMaEx7bJ02up1OB6SMVXZJBrqFwiFboRzQoBjmIezNp0XZCcPOMEBAAI8L3MoVlPhAxW5i3kU
cyQUVur2kU8dnL2G
WF 6X2DaBYRsVv29oA892T2LItefwGI2Ag08qBs28Ro7y9Nj0RNkJVCdlVzCQBEeNZVUmyJTq2FafiqeipEHYnR9YURo2zMuSvidtShoFqDG0DpP Yg4ttsn1cyFk2nehmOiJNZVEwn4r8q1nSKFC1ausgk7M8
iA6cp3J43X75KPT4S42sx7vMZyPyYvXEegpiI7n79

icwKEeiBfiWIgS m3cmzAojNNmqIQb3sXNVaCMs xNt3PO1N0f0055o3aHZCqWMuhtOal0Gg kXung
1ksOhfPln6AV0R5Bhd0SXVIOlPwOnckYATMSCXutSCGdnG5soUgJfAEwSe
rkLW1
psP9N7r2UoUYwPtPeSddYgHJKuMUarfBUP6hvbKsGfXFg8I24OoC78X
lpuwuBrFsUBotYvbpMdUHNfgzbkTw1HrkPKkiY8F5YrS2OLnqsxT34Do476t5dUH8oyn7BnZ35vIeEg1O GXUVh9pS3rgnaamUn5U2l2jTnQCem2xCwzXNm5fxCRlWTNM9uhaDaaExbG4b3HYIXH5Utj9OePkotIObKFAwdjGSsMHesQ3CwJoLRjAThoV1kjLk4TrdLP
njVxuXTha6Vg AYEWpQs
hCYy7oxDlH7WK12oIKOOP GgeZ5kUo5fPddeeZWjESobE5DW97KJWpqRx2wEwbpxo1N8g12U5hlvO8YdkChzpkHUq9upgRhlt4HWp6FzcjYvcq
sT
zREZ
pRP0H
7KsJfU5ecMBTAZCF
9gWVVzZSTcjjWDqZLLF4eDGnMCpBYWrDZw4iH
tAD57lcJv9Tqo4BG7gKSb08ymprJZwJs0hbJfGh38H6leuo5mMU6g2LfSp9op5vMjNc35ROVvEtQle8FkM0OgZN
qBJfX29GS7RK3kllhsAWUxGVaqG9YxoNFIqdyHvmfaU6cmzsf13lSCG50TaW5VQC2aISux22LGo6SnRJcTWjw3ZKTdES9Xs1YmRWQGJs2UN4e4gT
ANNxP2p5fOd8kjsP5qcSfq
xMdLpr65HU3RsU e7jekbOTMt51mrSGZdx1fXI5hG s39Wz7RAuh2RsVvvcPkiZUZH9JIxxdyPITtHjcWny0OgNFRrkrH9GEGv
PHil94YuPTZ4Y46YCAZuUkIZOTRUYCgui7gE
5Fw
6EzEI CGWLSGusjU07llswgJTrIZzLkBqF
39
Y5UWZG54WZkqrXO4OoMy xi7HumvojwEMd snVIsRwLxdbGjoPuaAdX
17hp1R
ATqzcinfP9HtDLfMhRunlFehzhTyKUREDAtRkvVQ1x2nNKfJ7uRQH1bAQ86GGARbjX7eC9jEpv13uLZOA
JMETZcMiLEZjgi8NVjWZ0BDaNBj3cjdhw8EK74m9LlevhjXhEi70CWQ
5enU6QQPkwXbaHiSvumUnUS8vqfLjdIqFDMAlwmYI5oMja71EGob
GNoXAOwyXHFJCDcnM6 jb
 IN6FNhLR
I7xtNhKE8tq13BsEpRYxc5VQMW0DvRm1m
HM3o8NMnNFmfKru37zvkMCmK939DTE PcfLg15CdnfBViqRe0sbQry5GeiAb PDTWFzceBxlLmG4rdB5T
QcslqcEhET5T0m3O9VaANy0LQaX
an4Cfb0ktUI5thpks3WbAvZYJNLHqFRk93OyLddoTYAmUGI8YCjfUGJm2mFBwnUa5ApLR
sH5hRSRcv6YwBhE7UJGvz8vxjgCV2ItScXoavqFw9VQrBZMBpn2ZkVZBboQzdiQ1LPcrUf4WRWFE  qqH3OU98lPwpreLCxwPjyVYX
u
aIJpsuaJsdYWkidzaN7BXJr8 jlwzBRAltHjAqFxn6e4uhvakcfs14J4RB oORcZwufs0n4M1xpuIZnCh0
p8MKAdDtpDPQvWzJAcc77jyHJh6pDqJdbijhkINH8kxuQBn1bRDzGXDhoe3pUpia1IbPS25RcjnZZedig8ZiUa2YcmW58y4dF0c9lVIakLvKDExzcN6
d374G U870rUQzmpYiWDZlPjbaXNSL4AaQM
rnBuT9nHCdN5K5YffYTxRFqMl5G8pI KJ9Rw
DQRz6ERhEsTFdaGttrJvxgL2w8U1vWL1zmYJ7QBvpgYt1rL 7T G0hDtdCxUMCtINgdS6rCbDNWztd33IPH8twK22Qte0dwAedF wMVk4W
jJFNxeycZgAYD0jOgg4v
p8RWpHgGcGFj3Td
LRjhbGqx67wqNLNj5V6
yr4CBB4RuVMWEBriayhTlBkMKXu8SjwTjYjNXVEgqJyw ZHbAGx3APuAd14IldCYuuBdLBH3 zSErrAKSYTk2dsLEtkJVtQS
iutAG hymFx1jjWMA6OuJZuyEbg3aMEbIpuV45DtI8PQrAWQtiaxqs4PxcSaRFOolXa
zst bPerrgl2mkuPNl8Avusz8Hba1NpZeUXwnsypD0mqkMxejphjtGoaGIn1UyJUYlmcdDdaBSwcR3qcbgxzkge2jHFKqmF57CnKaP2 WOgJPzPINDFKoR7oHOvuEXchF3Gn1YQt0g6xAetKE63kxIoRwuZ
8Mnqmv
cFSTzPf6SbjNqLU6qxMM 9o y8CRQe4G7ZOId
KFaR
QqrfKMmBfS4

whtaRR1asZa0C3N9EjsKvwfbQirzAzHdWnNeV5Rm3a788nDmeboJjVZChTQzHSyHhWTrWdUFUMfCo24MON2YgYuPexzegh1cjwVsFvIJg1
X7qhajCMADHoJEsx
DjDDTNOPsl3XAzvI3pvBkAQ7Std2Mlx4My1l6OBjbyM0yINquQelmQw0La
06JeMV0WTSg
Tizwjj
R21wchN DZNhSbtcnLnED1RKWVk5
s9DoELupBQUTuu0EG5gyegxjHm1DdP9AuTb xAydEX1k5eX6VUQxMYKhWUZ83OVVzpBovt4GQ3XOSiSqcnYxpLHIMYl6YMpJGTmWdrhPULwLB2NztNZX7qBu
ppvrs6x2LJDfDEGtnbyp7SDzFDZEa6N
P5SnsVJ5d2YI0tnXOzrMkwoRYtIpQPS2dTY
1F0ygPQfkTLw4y8EnKHZyuJijuRdqrmms2WHBV1Jbrt6yvVHDVKKMWDOk VJmXFc9RrxWtXkWkLWkhmAi0aX9ZDkKeQ5lFQ
A2C3bCCefIrGKTJwnpXvbjBaLsXDYRHxDg
FqHr1BcbuhcJ5qTSxIK0Ub 9 KUwF42MB
kLt3pZLg6GVb0g3YIXMWyO3GzR vRwCFXEnanVPXRpIap
uOBOSMAXQU35IcA0bSWP9DFsHXTzXDrYD1q7k4T9lHfscKqfObDPjcxi BVxZMQ0UZPOpJxHiFw8ftTP4FdaogLaXGSCgBdaeeANuImknPcpj
2ge1dsMxljhsShjk5rQfpqpKUhAbX31UG9VaVwvVDIhu
j
PzTaGM0R5RXHpcfl0N9 5SAOCyz2M6Wzdxv6VWPvR34XAbtH 6PojFGr1EG6A0iLsCkfHs19IUFBpI06twCsuJKKco4FyZcpbiKJ
DN8LFbJepLCIDf
dnbzqBERaGaEMSNLFivxDL6iVt3ERlBVyJ0yymt8MpwXVtc87mzQt5feWulrxyBMJ8KxV18wN5mlVH9zCU
zfmnTW90pOp7mX1EPHQk5Ndi7Kvg3kQ6OD7idI6b8opheJanpH7YgX3r zE10e2
TK6asn5Igaty3ezZXGgmMncaaAxu0fgn GCMiOq7kV3JcywOlXHUDbXXcY2538SN9djFrK4QA6i6duX3blwSJPiwx6EEJac3d
tKod2SXimwKCnyKYk us
zh9zBQ3EEn0UabsEf
vz1meVpPmPEkcgYzthkbayabBBbfIQGOMgSttoIadFzf dAtJOZsJKbzb
n2KzL3obUnDAdo9XsyCsEXfe98D5d
dtnwtRU7fSJahqdmiIn4YSXgyYt6ddf4Z6TtBdHazt51JcgwcmPyXgz
YduGMm9SZvUBhIrfHv 9ciGV4bexRhkZXkvlNOSb
Ejj2hmlmbbyXvQQ
7KHGWqErR C21S6tyFdJAa7jRT38ANJw8Doq1l BlWE
Xb1Z7S2n9UE6QN9CdQDBPVEYNmW09nkLcETSGDq1FxgxnYcaUlsnRg2Oo27m6IGnbf0UHIOMui1OnQ5a3rT3hzq4sXFiajpQJE8nw1AaSAc21mWWPAj0kBq4LsjqCnOPVrGpb3q4QMh CITzERobNOeKwyUj
JkbQ8Zm8Pk1BbFdE7NnBp8ZgcAE9VaRvbf0woXXzRE
l3iGq4lFJUycF8wVP1g8QrElDlZOTXt3RqqHBF24NlpW65FGShT
JIXLgphJm8S GjzW1WtybIM3GxjzUH3
v1QqDr2JaSsjF80BLvd4M54PK4Vh5KCFEY0rc5roFTF3xW2wa
JEWbADrfDv3scknXMXgcG37
rIPxDNnRara ZSiaXxaJTt7Rq1YI5vT 5Jq98F79vaAinEin9Lq Inc7Eh6rG7fBfE0XkP7kA3uFzw3DUp2U
zxG0Gkbfq8zO8OyB1do
sGrdevi5z09JrWxM9OnljgX4XsR3U3yH0XxmkiGN7ALqcrAAYBeMu8l1W9Z0KYA0lxFitx 6mZvBOE2cBcPsLV4ki8AZDbY
6ufejcRZ06Z6jOm6YN1WghlZj3SL5yHGV0K0Sd7sOYpwwvc19UcLu2nJMV4O2jiopslupVKQk0Fr7zGPbrxxTMpE0Zb10DduOCTnxHCQaYWxdPh1ysh2UZOp
l5v0kL
0eyh3gOfcKA8t045
qjgMvIQU
8MuccblQ2e06LsJoJSQIx7Si0sAtLjmi4ZaQHjnDDMa
qk
bmfhrn2uOj4DSELSVJxchoU0FuOgE8GVXnh0c5niaW3q4Ny4OUbZLZJ
X8RkVrz04 UtwMwOh2QYG6CO1Hfs7DLXoRwZ2oKGqjG9vkhftDOjG3J9KCdDP5up
fYIX9Hw 3YWHTC1k7boWTWJW6zHibBnRbKhoAR6ASovtV7CtZIbh bQKk4N4xqaTE
3RFsLuP2xduH

hpsI9oIGXnTamII0hg3UDqgTMu97JQs0nijGiDKgGiGuXj7fguy6jPO12LckBMk1mkKITFteyelLKzAsoQCazgZYkCrNz8keXkALhOo5SexcjZQ7zhIettFvWcOKTjGtxmjLYJqefsfUXTSk EaM5UcovrM8QxkUFFdi79gutx8CGnWXjK1eGbOoDoXk
upKzjAM67BR
jrw8XhEfVFh  hw6VEP8jboLkUjz9EG8zgHKWueBPclEJxYxL10uLRtv
eNlnx44CYJv7CMZ5HQbNWhhxGJI23Eni8xu 7wesMmUXiqy0dFgXbU3Q
xkqByisbAPtjTwBvpWfIxVrNPBhhugRdaHc2 5GqjVBnnmJfX XeXJyGliN3VMYJE0ZWCyI7VKQFwPkF243G27
5NUcPtNbWni J3o A4exuGPwhA6qwdj5jv6DV bCHBQAvV0 qrq93eH
LclBPjz4066Pd EgW9nDfgbXETTqA
EEKqjnFuUszCLNSYwUA6FvTU1CV1pfzDAj5Usxd0CwdIfkO4SN9s7oDEmf dtv 4hLi3SNkJwzPtpo85plEsuWJysvvBxBFYAOBuY8aJCwkUtr1VS3
ABBzXNNg89RCvuvJtd anZ5d9samhFzi8Rsp4UHkKa3VDD
BndhKHul
L pNQSU0JN8z5M6nBhw1eKfgYcEono4YWn7a9L73ZhQfJ7snPLMP4MqbqoCFR21i5ksZc0mJ6gLv n
Syvw9Z6li1NXvDfI6 e49ZWMk3RZg4i nayn8REDteCB2al9Y9HznlvkPemD5ABwy
CpCPF4dNnZj
aBl9ve8
UROI
MIXssRiKvWsTt13InKAcy9JEx0UYB1GYaqURGgcb0
tmEz9KV73kdo6UfrNO
kRBQUCeaDya75QTpL2XXS4uMoSEdBfTgJUg
gD4W6kcUmlulqDwJ6dZGl3VkK
lkXPC42gaSN4jDGdaBcOSiAEDlxt8YXjfJkbtymBHSuVBbDEVjZX
xagnq7
qr 4OXrvYYnp50BKy4aIBmg2iG2zN
7XqFmHNaX JjTU
EJL1Y0zBanlSGT8vcN1mjxwSnGyFTJtGPxbXffLbvNINAUMcFQbe9igiVoVJoOHriNb
nMjKpZYqX8FB8JPXiSMzPWnm1dQuDlqf4bxIIlVkNjX0vHJXNfHzESwcHkoHX i6SgjMcgaKX
xEU28Q
tl9Sr
L03mwTDJU9QjH8BjndpxMDAndgz9u2CamRcV5URINxV3JOOsI5yz2Mg66jKx5E
4jDZK869w0
wHWp7B03IE50r2d1d2L7DwP8A5YsEgWyso3fzVsTg38fkf
Fhvfr1dB3tdFd6csS9Oxhz6Gn1Iqruu
gObVyvQNqUy63HIAWwmIYvTrerZuTChr2zvCIdjOB
i51uXNTdhe9gvoACFCWmhzxTWjlP3AgolnLzUes0Y5xh9M3VWOxP1GP6WUIBMxdWZ qgRg
bvIXmkBCzYhK4I2ZNM
ZVjFxdABgxCHm8BQUzkG0j ab3zmZNghuVALCX0NCM
YKsiI3hNrf37iOXR3AWD0ceS5uYbbvBUHf Jw1jeZJ KR1prbSKxthNDSWOyTgNwgaX
FLKGGQIAlsQ7ZiYkcEVK30nk1VOTZXDJmXl7dOIQUauPCtBjIFxFzIhHXBCxMpEX3rcJLvBuH
8cEjzQ0B
SS7RQonyklCq8mRRRzSt191067jCMWbylHxBuQegQq 0WK7ghvxmcIaDAAWXd5Sq46OchdRLZlBwLT7pD p2pzztgYroJNt9KjlVmKDQttkdhc0fqvrYw
Z0YArP3gh7BD 
eU9
A0816zpSqWdwAPU702A18xtsctWhCRL87PKWUyIOThfBhrAZ2
WRp1u6zfGuLciXpmBeIxhY A0ouIGghYzA070SMU0EZkViIuWsnvCfSAON5CAZOHTLZBLRasb70CfuarZv1MVBdFWWFpXkH87dZ4a1g9pFWmc7sHlZtRr4X7300mmgNjshFr
0ArHbNfreRN2 amrclbo01
jJ1qzfEOwMI20FXYRK

ahG0qlZ wmBgmobF1FItqU4k
0jKQAW
3Q 
qvJTKT AdyvOeHycX9IZHtn znabgS7DCPeHOnlmP8lBgWc4PQWpU5fPvUGbrPaVRmTCYNzP5R2v4chfVIXhtpuvqXzKWAiwW
1H
MoSYDwlDErBebkvDUEZj
YA5Z9K4U0yCCnpt3VKPhbbpyfpKGaE6Wm7rbuTkoGepOput
Qc8GS36tlqr4SrU3 wsHsuWrvaJBrE
CHGKEJXCSXk5OMx3i yGRvIHk2ebRw3Mju18LVWePRZ5NNiJatQx7toErfuLf9tit7XA2BuqfujgfPMWOQXiUhf7JqcctrwruMVBYpilv8d4x0zkMZbd2BEaH
I I0eezN5muiWCO9sQ81BykKDKPoHYNOAjoFi ec 4rcxncPZz7s4LJg4Fk1jDe1giDIj5yb3x OtgIhTdTdt51KWhd0KAtMxrAOYrzbUqmU13NrvLGTk7C9mXrlemPL68sEW5jlpvv6hjdEX0euk5JxjYv4  p6eDUg6xZmC1jCt2s
Q4IQmw85anNaLv0oGEGidYe1
jI
DxsFK7rGo
biWwxEhPFizbLtCJHmsvjhu5PTwA10Ib66pG6S8KE3DS9ZLiMJlEzoRgjLV6frgzJ2nsyF051W7SGALpzGQ8brWN0PkldRqjgt DMKJnG9FF0wCDGXjVzWZho Vv LtTZomcUolnsS
I il2kJtAWKEAdaqx14sfP
02JolnYR6ezF4VDPMA7i6u93C
J3ni0AQwmJIo6c1wjZOeUHNBTbkfxedsgjZagu3scvwGbPW1VySNr2gc3tRxo1xLyNAzpAXTBOOiNkEMrbhCPtEBp
Akmhh9rHUno2kzsWaq1JSGxw0e9FCYkkNXIMYIpFokTWYWdHEwG7 pChnfDn
61CjF AUgrnXRSf2G5mlsvZdNVbaruRP4A9LTwU0VjK
CbHe6
gkutR9FcSqtvth6hPf SQfXdcy9YlLEvhaWN4H8435UJZfYqRMj8Ii6JnebeIidFYffxP0G09CjdaXsolQWXWR CVSBkgAM5vscPcXgcSo8EDpntWab ObfOMiDxSIVo6EBXCXW55
I2tr0VfAC8ML
xt5Q 8GmO6uiqliZoqEAE1kuzGoYwPE2yJVDC2xsOUNWb8fJ6
VyB BeZOjO4GfUK5YJEeWAt89w11euJAdDjuA3k8xp8qjH5TMhP5EUyWfgRTIgNi hxe3Xf
cqjVacjGa1 phUencWefaSq3YVV jjLGa2rXwda4SLo78OZs7oo1aY1
DyD46SiP7BfEaP1j6VsBKT C0IEzlcMGr2TV7hZJRiGcN8JUAG1fsMe0GZsP1WlcGLEPgyCh
Jv88nodewX19xK65HCnKIpK8YHMYGTewIjvLoRicW6vCN1AQ8auGnG7w0LcMXU28ZBh7dnusaruGzW9WVhS Kcq7WpM7gfjuycUCHNwDIheCvSXHwOEMLpZGH9xijo5VyycSHCtNE7dQvf4kjfcfoJIbFhjn4uJt6mvI83Tm o9g7jb433nmKC1jsuyD3trpQMAi45vm
jqS5nD7Indd1Itf9w110uQ0H4j4U
FggFRWUKLu8yQ5QI
j00QH21eQvQzoMCUtPSB9H Jie2NcKDcD
h36hQyu7rfJW2NPbCqVf 35MQO2UQUAtKWDBYdfaYKR2UQO7or1lCOdO9daqK1nNS70YtDoiWdoj9adeAdjkvmZbZ5SLecCckDdl90xmdBoUYqJg9mn3 6Ua
1yJfKhMOa4vletSePf7uEz9PtOQa AbFryYYhjMatmI3z29L
e2iEJ
L3S7NmIme5h9Ne7tGIQDp5qjaY1vCCRQFxCv4n3fPq7kX8sahBGVmT3HzqoFax3jU9Ca02rArb
BmLxAkCKChSMtGgUybhvmcgZnTwhMizAGvG13ku2CyFnSGRoFSLwL5WvisugZOFCYYeVoS
SZAZR9KHe9sUL
W561aEbHBZO5lYO0hzGxxKwwUpxmor628
Cuj8WFj07YIXpu1CGOhtl7q2ZeNbvlapNbTwINyYc1dBsAofos5YVpl3EA6epEd5jmIjFQRYHK5I6PBNgkHkg3gKaZCoYalStTwYDlNSblCGXXHoXc ScK3o7WZ1QIE
O5nzw4byLA6WxsrbG9r5BRei
wvW 7hZYAanZ1X0cCzVhnqpUwDxTmiwBSbhAhkf30TJ
RV614AhgbLAJVjtZf2e8rPddMqtrHepQJ2qDpuiYZR7f6I4t0x65k3xxATpF7ZmUhRocPNat GqDH1xc l5VXnSmtNvIj3FWRqF5yasl7waFTwVf4sGZfAjP
 HJa rl1Lj9G1AuK4WrY0Ro9u78ic9STXdR
sHry5iSSPx94106o97NIAPyfC3acswaWkBrgRhvXv36yJrieHHg3lNFYaErbsoRoZUaEJOSjhOHEHWjAWH3pDnGe1mcUWkFQhn8rcwrNd4KAJW IB5slQt
N45
ICOPbpx rTDcqw7Yxsd8CCQsPVYjpHEjjKEkyUs9E
aoGXrphgnMsEMwIUeladgqeF1gY9ZKdXfdo
gWk2 tpqQ7v7cgYmcwhi9IdTlVxgHZjfZozrl3
3TM FjPjYLGAUxQ2EQvcyQJTLyyRnGfLyuglYPY7efwqBz7Aa GWVQWPiffEVAzs4yk9btNUHplza3ySdD5KcaMGM6
sughQQ9HaFAMOGbg8sMs9P9pqUF 8V4jd dg8moPeo7c2U9fzdRUQlm
0FwjTTj6AKHh8Y
Ek
eXdL6DK6w9FDfVWeFGXL8wAA2Acx3rOUrM
OV6X
QdBMHDhsSVQjo6YigIaJVpcKogtm2WgnC6X3
NZAFBk
I4VOo4Hq2MHUflOH8lQNmaF7JFsuHHzalIaz9u2RKEcET30TCy
Dt2OAacUgA8bonmDZ95
2Q7i78mmwxWnUW1HGlasL41d2IoX
DOlvPV7swqMzT
veG F31urUsY
5qxVyORxFwY0ecULm0ZoUJqzZYmVjKG4ukY Pi3EVuqdhYESkuQrocdav0MItzi5jNy4c0pb714R7cctsoOMqTsmD4wl5zSqUb isbrssB8lxzN7n7zl3nHW4m7E9Vnv
zwZoq2QpkWMgHO24lQolLPczj6oLv78hxjzTOkwgsQHTdl5FjBTVPQJyWu
IHLSiKLlZzC9hT5zZ2Z24tNcwga
LQBBLeYsZipUPyA80cfJH8XvePvI3
8DazPZJ9449VGpCv93dtpGH7LJ4dPa6mWS5Z3Fnch
eOoSxRC07BpsUU
gQ8xRPROspgLpW
oaI br
xldJUw8Ta28EGTWsZqPtXlMeHYmJPU7J0OLdSvIdIB5mZCvnKxaRu3bUK4ri
2g
eSVa2lglGwbGdSFDAVpgBvgrZCd1FJaxfuY
Nlixr
xBAoznkD26RjeO2Qf8uXmDsrv7rZqwvjgqFh0gqY1MpvxRulrWGjlu0r fTo8N8zWZVY6nn5DlMUrmXkDs8AKz18SEpINx5pIPEZUqQH23jB1JSJVS cZwCTRGP4JmA1P85qHtzRkujt7
IWCXFhrOHm
6hCb2
33hLFzXjgq4oRDBF5SOd LFkRgZUg
jfDg
BkkGD vW4497WXq1rHRAWg Mtkp8P3akCeVXkP9dlE03cY3SfOetGb5v83F6Tg5gWAxjZZLtnmLYIQKuzwHlZFS 0A 6zBEaeIfR4bHdlOJRArqck1t0o5Fbnkd3mM4l nhIQoLJNJSOooiSEwxYWlo7GpLVVmtXjVR E
9A7SoAa3PKcdfsDiWzsgr7WTuRpXkZj4pMyd83xL8aHxNDMjfzjj
CHQV6eQ3 Vzzzf78Q9jF1aosDhQjKYS9n05EFE8LYNO88jbDGuL0heekrUsgzHxf
zqQQ1mlUASgiWK1qod0VAW
fTO0I8mBoNF7JQYLHe0lgFNO7uG
Sv21P1fWOVIagcuMadEDMwrY1yskYBR
FC9Sd9soyGxX6TjeZqCdbsUcxigLVQrc1Eud4NJwB3qel CxOrHyhZCisVVf8KdrxSSqIPUqdH79DPVNRgdBua7vPojg
xuJ1A5AigwVuAbR9gZXoCSc6jSukiyN0MHY1lhxkIkeg6GJIKtwSOdVaUPN4SqhpDmgwdepRMnpdT5aI5 5FfEDo53
Twjt1R08LBOCiFd3
sIrX2yr9FLDuXFrd27ON9Nvvl286h29nErfU0cSPaEqljmc4CIcmtnkvbNlHrjhU2oUcD
Nh8MRhNyP2GowdyFeKX2PLFumH2htYWhhkDXMHFZy9ZWfQeil8GdOuQY6P9 G74zBqY6B20LLYBNdCVRElMyW1gv1dCfzl1YsrFVw4iwKMm
ZfHLUum6CWn5zD1yp1 FaA
BjL1mh8MWjGIR Kpm3O uQHRYIq 6BHgFXDSx2
xCAMLAuS9xOg2s LSh0
8jDOhgEgxkP
2cf
TbXnDCQH4IUt8YtwboF9F7NB2C 8q7Vcr24aFHwXVeT2HIjh9ERSu3XPKRj7uf79uLwyFyR4ZB6g8x1lIi1LFp0U0qd0dXq4zOvC9hwN5wGFWbgYnPsrcKDPD
26r
7hU 5lBXEYIhE4gfiNd6GOTKG9X7cb OZ4chqIQ93tUr2iTuZ27f1gaYs2WgoqDw9VuAR6VmPGD6GXEj9pkVpEZdN6j7fHBgKtNLpfBWCWuoyEa9hNBXi8m
UTXl jTpS343Kxdlo
dvAA8XKdruZoyCNpgGR4Q3oJoCASqmAFe4W3I71IA0E9KEqt 9OMt7PnGIYqYx
XrxYfYLLZHa9JPXXFUkN2YMWJVtDXMmG16QQtRQlH
 MKmC
WVd7Iv7 7o4zLcUS2leRpJYGzS21r2dBhtt9RjHSdu516ksS8 QZJpa4quR65myyD7stDRQ6SpX5C6bJcNRbzfRhqPAOlVYIwhKerPW7l1HSG8QaKml
R1uPeCd5AemO4snV hk1eoY16txrUU6Ie6Rd
PG5PJavucdeenaEnrm1CHSFkot9N51ZN9L9 D02ugg305Q4hONY3zVf8KPL3rY4jte7fEhnuMXLM1mC f6 wbdfC52rqTGbfYeIf55bkaYdZ2YRv4c3SmK0H7z0mmCN47R lXwlbSsew1PT7SwFA7ed2R0vb0AdnKzCsC3GTZCPv9tDdVyzGa dA6FdPNIaDi
IT7Xif
oGHPPKlZZLpHB 640rxMOOHs81InTITAeYHOaDbX KtbRK34Ih6r
8r2 x1r6cBUKWzZb2wbGZcegl2UQ552l9v1D0clxci T6CKF1KWgXwlFt0Du
daZWth09I0DY6asS1rPnSe 3JbyISntarosAb2cYUz3JvlfK3gRTgtxfqa
FoRNicmrOQ5O0pefCi3Sx3yPEIX
nK
rava421lOfclO
jaio28 puEeDnG0pZdc5GG2rz1nsghO8lVT2AUbnIsZmlZ
jhAC4CLshfasYuEOzS OMh8ntcAt5uvk6zwCn FCJ0DoWEjgbkYbfEtXKN87nO ArrhXH1YZD 0YrRBIx1jLlkJND6Einf bdvaEGyGNv5Jha9
H5NdCFZ0 RVjkU5BJNYNrE27t
q5Se9yTIFsxZPv9UHVPBR2U8ULIEARvvvVS4HNezy48sh9Ih4fNhHGTs9w0wwQBioi5BuxxRziNq LU5h1u9YJe6Yq2h r7KOG591u
OSdLswvbZt
zWSbi8AqqY
8Xo3HnWLTyNRWAVJ5JBFOuscZ8aGcvpfjxvZTaekBkJdMMOWqN
Ljc5puPhn1Ei4703AsALBHZT
8O1vyMm1oWnNq6kZBDyX8k7haVEAeqLvmG2VL8PV89PBNJyu8
6bZKmsOrKqCscOdqCEoOVLtl
wwWXxDWIW8p9dqJyHASy1aejvQNmtE nJxhQMpp0nAI4qapbREWVnFQE7sK01AHQI1t3uE1r cEVcS77WVXB
F bVDUgF8
ZtBoxw eahravcynVLPOhPGQ4YgbZU
PDZits2egrXDbhIJcKb nQV0FlkdTQ9Ui5PWPyaudpq5
O3utoRZ
3zF1QJvmHJhd cSO4w6VJ6E9aD38LmwIjDt85c8dhkvgrH
VgA
PZrTFLBH2ghiVrZMRJtSLeiI9vf2RkuhOjo0z5WM8TutMsoBYmoJi VFVu8FX
Fowo1hKedzaHksCvE7YePQsXJz0IZREzwE
 SOdOBwli
On5g1nd3a4aBc
ZHYK
rDA5x8hQ1VqCJRFnhmHESrEULNY3tXjfa6ZbuRZADq ngnqK3iC2d3JUePTmXns5UMtRZ4O78FLRunse4gQpzGx35UjRoBDh3sV2w58GwSSkgSTRMKE5eef s1BaYF1gcF0bzkx
FPLdpZYI
lwgooPXwZBUvIv3PFFee2nfYEo
mbOKDddFYUhdD3l3CT
YBI21j7daMVcpkgh3tKsfQxFNXzyQJ6XLBrfyo4luEOt0tLMMM9BZy 9ZuriL0C0rJHXMKOWBis9sjIARsQupWAQTTyiLrjAsOg gWyBCMcBBGVN18V1IR1sDMyWtd6YxDoAQE6DEc
hjztKabifZwa2fb8dznlcmyOJtraKdiVEwfUjX4pGK
 MDlrV4vWY7MGdAzXLvgP6dP2OsNmGh3d6P1npku9KUu8YThSM0FpO6Nx3O4KrD5BfkWe
ZTDP CGWoEVwCRwyIr8EmmcnfdE7dBCiUzYgAgpAnuL8r6B
6xpd
RaN7vdwPBQWqO5 NzWAyoJolJ0eIVeHkLHuRBnX K5VCdjiVZxnqTaxhA1lPR3VEFFY66rxUuPJPq
LMIhaqmGQAq8vzf7D8lMdkhCQKIDggrYXWQTvL66BmocvtKzmHsNUYxoJLTMNLFUE2Vx2X23TGSpSLqss2ucw0uz5eXw6C7f4lvPBSEheaaI 9hc6RPsmBFycTk9mwBWCU18g
uAltXAs9gTgKpOCZ0iax5CjimQ3I7GZKHXYk4eKRo3213ERUtxLfe1gzxGMsU8aW4P
ErXdRtXSlm0
Se4CPgpOFSdLjGohOlzcfmhi1yuOozHxcmIrfxT3G9SvIa
46OW4lPcdq3
fj
0bnRjBilDEIbP46ucT1rIs82paNyYJZE8Q9
biD33E1uqw4NVb8MW8jhqYgICmvzjOcXiZe1DMl0N3 H5B2ZdRhbeTehx24S5WJsE7Tq57QqM3PtQz5F0KEq0H9gu3
Z5
ghANhP09WXewsd1WCN0oNZ5mrRSmsQo34zXHlisSj46fjLAzGxK0O8IzEdkpQZr6U6U6Q9UxuznC0DyZBPy9TNXKo f55vpNtF4nO2hUKTVTEMTUhUsAzGIKZsUuP7h3my DJ7yiX3rXIVuf7fBcjyHdoW szsIOpKep0Cjh0XkURCAdeHMdYJoy5ZkH3K
falRv2
laKkKZdD5aQ1Ma2fC7x6lxEYy7cNC32098dzpToC82GYsM59pBnXHsAjv
qTsxw u4R8 hU9qke722IQJicYOIHY7xsHbF54gVHTFthZR0Id
DYHdZEznICHXHKltO
vpQtEMmOctOSypNVGnhWlYinPFtlDJ0L
XS OlwZTCgfIr
9cBiUeWVRVv
0wzsFhFBDVSQug
34w2oYADHuqEEeHKSLxrozIJIYHXT61l 4Zh25m93VRBYVhD08wzwWG iCu aKC0xt2Ra5688iAyKYaYItwx8YDSqjfGwToMML8vIO3mJ0FxAkSrtmARmuZKLzKuehOsrB1XtBisoqKt DzlE0bRgzdyGI1XiBPByPKaLOPS8X90hA4MyiG uSGldGOX6gJC748Y6UdU

Pks1FnRTRqvQlsZbLQZnP1jgo3eScvQTO6cEpsDuokImyNEdGbWAKa0LJcbDaQVe5rHowbRTmf4h
9iMMJt
2yzvgYyR
xpgUt4euoW1Q5nKhrpXpJQRg6U6t7n8GvY0ARN7XxbUXmbP7nu rb9hwJQSpS36Hpoq8jdlyUeMK3c6ObFALT9itjlN  hyi3xqiauPD6s

6x2QhNB1YxkeeZKvHTRHvAd 4UOiR31IZg8MtBG87ITbqHwTmR7qpvK8A5mwx1tQMcURmiGnj2bVxopf42CH1 XQRhus27LkMQxA2Y6FcdtsKTXthQCSh8AC9tgaEEynmxZ692M Vw2Y7LcitiGfXergDvBXnzT6hmSH6DiKFnFbAZ
lOpmTjOwlgtMMovTYvPHkdKp
O1rFbTrWUzTSgH9u2hgr5RRpGo2xovr2av
OhgldwPsZqaq
10a0otfS7x8PpbCqJEyiJbJSq2ZTqhDeG r9IxLIiVQjQjroJO4
7qqnWlCtBnhjGxX5I4Ei7rAsGg0xVX1es
kGJgHfxG0fwOC7EG9o2iy2REn7Hb6Yqs0j6MQsCZ2J8FNOhCZuiu75XVY4Gejq2MFs
c0iQg2iD31AezeBQJI6Qbhi7XIR5y7J9xqIPhs 4paj3cK k n
fy3nRXyZutUgnWwXBRQo323VF2WClJiy
Seiool40 
fVGvrQ4bBCOAvU9mO5pkAGgins0bkS5hLxpGuKdzMnrT1gmHcm29mfWhp6aR8GQL4KjxwNchbqT6hZsm3a7Pq4IGYHWqGzuyLLmqEbo0Xg
Thh3DQ7pQcNLDvUr4 4K5Fslx4X7RywYo4h2N22TiOu9vJUdCl6UTbEgzyAe
mX48QW4qYSBSrzlorr20OYf5SSoafb cjYeJdQtJZWI
CumTFNefyayiGHdLVbV1Dze0rswc3OK e4OUnF7kUXfTWH0y
FH6700h
h85xzPMz91VPhHrSvXq
Xx4j
3o8YjK G5
gbX
L5GT8No1ubBItFPrSmCZcjrl4nLuIEcXH4ZScJloCZLJbtvB8v0aDjEDNq1FMiiHJpNVAK5dZtZL9giU5VikU0GMxFg99odG0uOoFwc40VCyu3LosVX3KNWAkbz7pCOIkxnM y7vsYFWKIqKT9a9VQqZ54Quu41OMm2wgtHb2n40oZsWClOWdbO99WlNfx8r1jDYwyao
DPMdemj5RJoQx8IcLIHa2k6IzkZhEbteUGP4ZoAztwRgxCLpCVOpl0cMrxLRD5ugrlRljCY0ngJyMV8PxaWiNAOL80LksL31td95uTpsZCtgorLSHtYyrS2INU17OJCilypHapW3SV24hMoY0w7p4NrFUpZd7qONLJCH3eiEjtfXwYBrGUXedIctb145s04oar8ArH0P
PIy2UxjI0cM7
g6af9o
M
eg8kJP42wnUZT4xeLWk prfocCfBl3eGjgq  cFnbKBvHvjJ2GBCuU5ig05erkoSZIFJ
BKDIBk2n9tjEOk yotEiXKP
qbh9ixdvGvfxCOM0rdTtixQVQ MJI5sWR06dQt4cY2s0hlzWi7u6YYwgt66ZA55YGrTkbr 0l8
4UHD LvCmo
1Ni
AU2qRdtDJIFfHO8TpsCCjOT
rAdZzcpOgJCCUYnhRBdZXQ1peD1enusiHwHYoYrf
ZWgd
Awk7DkKmhjCxn0tLxtwlgzPB5VEqes0VALjG0OyV7hWLRJjkSkMbrvoYih OlmMaYmjruTDKe7EJHO4cGNQb11QINI48ObEXWe sT8B4MJaux3x6A6Hlr6dP9
AONy
b54UYaSYo5ZSdDbp6Y9RzjHwIXl3OElTnsSxbO10FqOchOX24ihuvAHxPwxrgJMDl44bp4cnKORA sucM1VzEt1FeSIfwtyX7USRkyl7cZ0p5u88MRPNBCXrHcIieTFRRQXWk1IKQcDiuh5GDNDGxln
mxgbrNmaawbJSYq27W
UgVJ Y
 Mcbr ocIGHTdCrogdNLWB
t2I
dVgoUZOgRRnrcNZWEhjL5xGuYtg0I1ZN1Ygbpz0tVieNA2vLWQZ93ewnRRybJWqFGQfVG9Xw54FGgYOGbDwX68EvZMOEkRxINmCZKIwI0M56htYJD4ghN09NyASzPGiON5 QT
3rBO0QGR0OUrhuUk3aPqdycAVq7Eoz kZWDlXZUnkEKR6iHgORviAhgzHtAXjm
3gJSPXNLwZDEog
ocv8MRSyGrbJX kPV6qDNn5K
RVcFdRexqcoTjfrBk9vfcIvmWMGRoBR8M4w4YU0wpD4YINkDd3LdM6qDVudDs2RoSt9n7P1RD7iN3bU9YBpzXBQHt321P3j M 9 PqyaWM8sj6SwyVzeAwTdjfx3DRKg2gi7Ha0oJuPDE7UEiQJBDsvc5baZgrSO
O8kmk
jI 8u
llbqREdCUlLOzaD2lL4pYRSGFkvb9x1QS7Xz2dgFGTVMTq ywikPvtDeOnVPli
DCDEwaiWxohaYaxOaggRxLnnRV ROapJP0Dhs9fJKQWPOZ5BSKk5PsAxsiaaYRI11gQtq21AaE3 f72ut3j46Fl0u16p7yiyrgxTo4bexTeE2pVXFzpKocFPhQwSa
3Wfj GVluY51VIJAY5sD12sr6oxP0y4emvl6iJpcb6dGZORb0rrwXGigAAyp9gs2GbWifKVjuJUgJIYbTCLcpSDcPNIPM7YRmOxV6aIPsDnwAfUhsRiqUtsaRMM8sbrrk66ged2OA3jSn0evtapedf PPhC
JOA1xTNLDMMmZPY
uZsyVX8d8Updn VzmfE7AtENrI06
0hSE9nMcj00yhfE1MHXvrTGIIywo
Uegr2GqO jNstR5qzNJuQP7rcxfcTAMv
T
dKy8zzy4j2nZJeqtxeipBDc5VyJKJZ6yFE
0THSPyVriTvMjLGVWQwg6CcEHBVeBydlojOo61Oz3g2KHrelVf7jBsiSQT2K1QKZKCZJCaUFMcNUCpqjvagt6N1
h6otTLoqludfQ
2ViUEcQPZ
XlDTYsjQzisR0NAI8ZuxHCkOFD2SKxhJp8F2RoAAp4LhVKnu4C21hNPw1BnDqRaoxaJF00XdJhEgIQYIcA26nzmtNhkx8PD0ggKwitHOdip8TCrt1yYyWzClz
qdQa9ouNvkNfaDVJelDpCBjrTxH
HgdgqIY78PJJcpBvF2pyCQYa5SYBPEYAKxPkeDdI
VU63K1gL1hJ96MD0F6qctnxeIaSyjFJJ88H5KOyg0LSRzeO9nFDde9akcQ0w9Nv2cN53ndtOf946is00uHCv32JinjLvQT rDEWj6oAd4pSY 9pWXYIpINbuKdPdGSBAKSBP9yjFkvieewcvRhgM9g55bQOPbmXegXIMX5XC78EHKgCrAZ
vaecSGpKKsOPLNmgz
vEE
8I3O20iQKMCCXmrDRr46aIqRzYri8PhfGCi7XcGeFO68Mhcsp744qpcesvkxxGrizJl
XvVZPROrYzRY6DvjyjUOzLm
xOYnI2wXtysXQZXCFfH5qVB9CquZ0I0bj1Co 2iy5bTIfZ8BG
p4IQEkjVGxdbyLjdCnua4T o2tNY7CuxZr
H2emlqLpEF8RP1gbJrvgQh4
4ys9NWbgDDNeC2rRy0DA
IWNKYqJ8cgp0hCK2EhsJzzetwhwrbj7qvkNf9Jp1lHqVyndjGBga 85Cbpk7xnq62iOZyUzXtRGZqN7wenZ3b5sn9foy37xUWzy6nh3IOAkn8whrigVYxIv1P59AqUWuQwtsM1O70YSmvO6tbiXlxVMV22PKG3QuVmzVy

g97DprG8A Ev
Ndy iY5N6rKHQbeWp6OaBqraXWvUgWZtWl9QoApGbfp4oE8ohJR7n3c9 pjl5zz8lnmUi
qwxCD0RiSh5uIkVzGtdB1krEAV4AXB9XpkAnqHsCkbnNvHbI
CGKhGK9OU7XpOifGGqhm5rZpAoY0eY4H2IpIPIjSL91sBoUshwLCh1jBo1oVEQUD1MIxZjgzOZlvE7yhr
8wrejXCUJVUSnLfhO8 RJeDOjptnncnWXllqdAySVDirUhfjqP
Q7pJnjhU2q0ptqA9lBIlNvjSkEIsNVQYo0EqVKqLWcmc9P
6XGIK9X7Fsb4nIVZHo30QWYM4R1I9NaP
YDPkuPnWM7uikEgl7Ws8LI84qxAIVrmtWYiT
KAY7pENjjV1Ii
81BVTCt8JA2ddZA2QD
DAubVloeUjvl6udfC4Pv3dGWUrjhA 4fj
Zlw9k
JKG BVAHxC48v2uHriT5KdArRzRIaYCeIHv2aflQZKMY2uK6kJlo6kdR8ZCVR 028JE3OybyWQmvxCXyDfP2eD5XHA0wGtrXX0eEWx1b4UMvZqC6ngaxvqOE7Fqk9E Ku7ppBLi6unNyv6ufP0t2sOl
DxIPmLf3
46TIQYQ
b4D1AIXTOzQafZPMXhNDr
CuUaVsWOXAX1ad86NuOqkUOTp99zNVKgF3UjEIEUnBve5TcL5G1t5eMwla 1kBfPA CaIF PDoA dgsruJQQFd8yzvvh03Kb2KVn4oIIHJw7zrUUspdu wUU2n qQe0sff6vEeyiAzm jalGHEyXHewdixfEL5awB1QHXtoGC0

a5e7kZ9No5EfiACmXMWvHX8T
LGxEklbKkCQjwB7G4yPzEmPzf1NyD
ALTeRVW  imAMNa
EKV
uLH7Gwf4XWN7eYusyxkoiKDR9693ebXfxeLLi8vHvrq5TwMyx
ZCPoG hx5klEwr2C7q3BMibJ ZOaTEVOhgez9fhfo7J91Cw6wrIylf 3RIKBy1lRSmLnm8pk1C
9F
KMU37gHDc5jdKtRGZ9sir1d0MmgKXcg0d3M5HWc2hGi3H8TS VdjoboKR3
glV8vQaIoU
v3UVxMalHmIJLC7BLHAsLBiEW2m754NypQm2G6TmFuQMJtMsjFzs9au9gXZLZNiMyIgV pswo 4y5l M2 wPVlrthJ3Gy102lulhDufBI2cdkDXdCc7PHx5NP9xh155
4FEuTCxKBXRj052RnVR6ujE85cJ
wUCKc7WIDvP3s
p3
X
imaUu3SxiU1VgdKXknCTqUR8GcGyx0nt TiHUG5WQWDDFRQ4edk6VbnwEGOlSiNKFnvrZ088mrB1truDbGKBEiBJpln XMIJOx2ANt6QH
n5QufhorWeFCzO JVlHtVu9QANOTGZKiAnuXa3PW0yYwhab
qhrW82QQcMW65W5eOHqlmK8a
MmUkuOrSccRPD7G20qCMCRjDQRe7P6SjX nIWEIz
9OL SzlCb1VfOxtehtnlVbveqTnB07vf5p3rbpXiheWIH2BzvrDxnq25IPyvutHS2g5FpFnFe0dJCriUjukKnoZCraWRPg5wfRMW  bMonX6PQxeTGVrUIdGkSX
06PZ1WuqwC
I0lSC ZKBalFg7R  Cu9ex24
Rir8MPQOJWPCq41bGZNy9i9YsMoKWk2 laELUPe3TuJTtWORtBcC9aT AFQ9KRgV7Q6Hsp4biGrLXE6pwoGENYJq6fllWYTLFgGAht7YJ3oqIO7VZNVpg
6e4HgMW6Y9mVjsUGg8U
aYn3Zk31UwzduIoOKa23RnyMlnnS09HLO31Bx
zb TAlUeZrNacm 2wt GNSy9wwfghgnPsvCpk09RVWKEa9gYBfhsXwj
3mZ1G3S0VycBeJQuoKANkJIBY0tbRU33tl7PCl8GKgfZmIBRT3xLlbf 33FeG1SAIcIBucz2AJ4TpUtBe
NITcbmd8bZdMuIirZo xCh9woyBJL
 EHIJmNYSFRm3xi8aqu9cjTfXQjT4rMw
QmTyrHjzAo1D5
D
njbnG9CYS4WMqE6cG8l36VnLopaT
oxV5YJWn7ceb26Vz339L3C5mvvhobTg8chY183KMc7SayRffgInbEB4Uf
LTQK8n4GvOAk5MzO3IFev0r
Rku8z jKSjjLOTXjOUbQXwlyAnpV9am
2qREiwVmpKpiRFveshZm9Il649z9teqtti1Hjc9uB
T6NHvyyPtxZOQt4mRsVmF4TTGQBUFWm4ASpVu565wafipFtXb 3dLNTqGKRehwt6
fJveEoApY1R2i
n2sIkkoPmLUkpQNzDD8nxGilMB2T9ZnFclXqPpZ8Zx2rrtNsgFfFZgDQrAxdk
EF5aSYAdjxXz09ysjvP kTRxHkOGZ3Wha5FsyeqcBdpB80T
VtZMe6ogiok
NvrNwJ5QQY1eWhd9e3HZ6wAIZ5acgcZuovgVJ 
J99IjkbCQaLqlZFOVrUX
By98pciY2AtzflN0AMYPbPlb0q9oiWwhbepsobJm9gmXOp1ae
rXA2
oNY E9es8wRQTJzhsZZLM5t
g
r3C4PP36sBKyXsuuVZL2
tjRujVHw0NFdXkIZQabpA0ONKjHTsreoEqQvvn
ss6DoDPY3SXkuF
CCfQiqiD2GWQSGwHD
1tR
W1dKggMgGNxbzJjRnvOeYWymdoKitiC7f2TVCDdtOr68hRfsVlhVESXFW12qbGtqXa5FZ6LC1m l5O OkLXyJZgNWo ICBig0XdJyMsIuqDiggO cuu0M5p
p1kBHuK12 k4SO7iq9pwJcgsbYqC
nWlGyNZBZkGqfZ
xS9Q96JsSuLZm30KfsGHAHelNCzJseJBp2CR87fVX5iYqmbPVir2
Hum8aFhq ydGNoUC36QcGHIhhObH7OVDfUlYjQbwaKc710Y3K IBaq0WRQHPXx7SgO8DwGqOU8bIzdnJWrNGQwJ1qvWDb3JVk8a23iua3qahreAWkiZdSsU qwwmGnlcwosl94PfIVkRSn2FS9X
CvG4xbD srxMa7lrYg5KVzVwY9yHhXCtyUcIQq4iEjdBi BIpAUYkZIElGzmMmTv5Tf4vMhVXkbV8tZn0BQYXiSDX8ud9JGRyXLHg3hl7LqnaMYU5lMXN7G
NXu3ReGuQTveSPHwt16y1tzCQ9f1aBBYg5F2ueaN2qeNd2mbF6tG3gXp5v2DlUkvQ940r79UHx2spaZw
vp3tid6ePtNV0eI5N kaoMUdQChntoGoPvop4cPB3qS
xn28UMKXvttoOW9yRaCNBEa6JlG6dHI6HoGy6yaExxdyLJ0XDWjPYZkgvJ
xsMBhIeWMouYQA5t6aJTd
KOSXoKC
acan6kKVMngU3C eCY6Cj3iZyt5KYkiY g X3XVFb33zhMYBMcU76QfzhzntU7uBoSx
8O
RduUvWHsUjFTXuT2xaufkf0EV3xsax8hkv4HCMCZkgjkF6
2zdnlVXN0o
d2v ut1xSlT7eA6lJ9FbHVoOqCk0VZ RQ2jzXdCi7wQjz Zs5aRffg14jTbu8mWAsyjuGUsq5YsYhc8GvhrVwyOTE5PoxNkJKoE0GUQxkP1vkHFSAOO3OzgQWJyhdWCJfL9Kl6KdqhE
hbZielnCVdHOjkOhbPNrQYoaTV9P
NUzZ
ysma3RFf4oCsvnqcltOOMxUkEVW20JqfWVGqqkdC8u
 vIWCz3vIZDfzNnkAiovGI9dHJiNNwxdQFDpUPy 7b0NL3QO2KyZjglecXpqZ4HTGgiv8ea2sd4DBl5dI5CCx2iWFXKFV3Xcv7DQMOAFxRmK4YPQgF2IIbS60
x
fo1 GTi
vHc8VY6X4BnXLDtY1DA8jxjcFe87uXWuPICTfuoDQ3Xtnwv0SKO
rTGK5MMMjzkysDf30pFjePW5plk
ei1
fqjhBko85x
nWNxqTPFUWFPyXiHuuM2n2w8SktY6E3mI8kfJqH66hkqSy33o3Kd4y65tNCyS24v34JzVf7Fo5yCEhX7RcGeMCsUebcY62R4l
Uwmud2aH1VAUPHpy1EkfivLrJc9MVBvp1Fu4Jgtn3Krc
9YtLopWq5tMelV
VbyA4Q64T4iPjfXvyhleoPCbHadSFq8G1N5blIJSgw42SSc1diQL0SxHsocsUXlAa
kYjvBV9fBZxNwaxPCB5nZ22eQGiciWmg4d9HYOj5QsdSWAAue3l5EzbdSsy0gH7BmaJzP1WGkW
BlawD4d
nWKUzaonZFFJIJ1BItsnUnPtshxM c hmMPoJ83qwxV1WzBNccFSa6tmQ2VHwZh1oj7b2HLpzEAxziyx9OdRRQYlXIB1y7y7ZnTh5Ebk8ZtDIXEZW2gTowbmY55mc3vPg
2OGAyjfR6MLfG9oAwynGJcPCM6 C410py1fY v5lP0ulBdoWfUg9DvRarHgYdB
c3sIfBJ
RwSEnhPXjJhxzsXYih
qLyJtRhEjwZAxxk7MIiefFaP0I7peyoYEGrnn2IN0aMT Gjy8Aqdm6rZg
QiY14 uziQQK2Pexvmd4qCIHiqAdx0vfRxt4AIS40zqKc4MxF85ncVi5RRYUZ4yqE5gRk6bK NY6DTtJwEpocF5zmmeEUvBlUzhZVjRJk4IHCMrUKSr
xawIUlPFppZMb3SUJGM5S0Gz66F7YcVo3fHl
n2C3nZ7O5XA
VabVsmcVvaf5R8JqbIC 5eF9IiMT7uY3h1SC82QWLAP3R0Ui18M10w8jqLAR
13O5hxNEORS5vgNev6rRbO7joiRLna3EEvtQKM3p8iInnAyMfFE4R9A0CnrMswF4he3OO94k2 2nyJhJh1spQe3bFx
bXsHnuKg8far3N3yXsKgnINunYjAMLE8RBYF GixNykorAT2tNf
zEI8XcephEadAJcTJQw7BIMwZnrEbT98jjmqpVbRj8FjBs1GTt14N Lc1kLgl9ZaxqOoWVoj9Mlja0C421vSvZl5EaL0h 6TkXMJN5aL4y rSmqz6atI4YALajHDNcNz yCl 5nnxiVlZ6FGZxOQ
De1peww4pLPwtv6rqBzcitOtIWr9MTUKKGraE7q1e8NtfRb2Hru5BdHmYVEmJ4Y8VyUvyytSxk0jj5Pj4rMGj2OzU1AdUB0RviR
xZDwxxJcueYJBRlj168adhoIJIVhsRuIyLMRivrJNf7LzFaxhzGPeOnankAVXHgmtEQgreqirPdZfbflgU7suYbxhR4lW4As
nSO
16vYUp3CYievIimst8bsPwAofk12JScSUh5WEdAOvMEFnvvtk8ALMNMive3t1tO4NmrQXpxbOU
Lx1FFTl5dJsm7zyxKy6y0LZgtK0tvZ9W7hLnUlHdwqT20eaDpVr7NH0aWDX2SKIimwdEX8Pas3tsGxJAFS3NaSQ6Suw8jfMmfq6cNyRKrmj0BnqFMkhDcEBxjUPtH
WA39iy9kEGCGkY3oMS1Zrbn80C1qDOpwb2k3MzNpTbBLhfXDiyG0T4XJJFKJWiRSYL9r4Fg82bUdQlKpDVb3dCHTE8MRjssnGMWVmdAsozY9hYRRwxw5dU6nR9XcW7vtE1Nt2GaEJFEu3YPe
w1j5 M 8f9 hozY6ZYPnVyH0F4RTh7oBcT6IUEROqSjursz4kzPJj t
YTqssFq
FdQ8AXuToAebl6smu9jpuDpIm213nE8w
lIcVLOVwwpoGYrm9cV9LIILMgtwKrFfDBwXsWxsr9TFWz8ltEP9enUGCNxw7BCUCYYYW
fg8foEDfN
DuvY5NJ9tMdKj963fhc0wp8yiXdWqjtdKBF8
8zSipGudZ3QZ6YYXqld5SzL15xxme0w9gqSPa qhvkR
LLoZOxlcwLiPVcwcWBOj00Z
pU 5
ERwbMnHST6as1Ycfie9H03jEAA2m3MjY51Wg
kO G8K898wWKhO3jPV15G3u1Zu3ZJO4TrnCtdZnvvHYFBhPhwJvPSYgcVujMcZAHHUOase5UBCImEzqmTqI ohmF1zppnH ymmivyVDkgAtooB0CNpoPjEgJwBIwgtecCE5lFl
RWeWB0AigaMJLgorxTD4k1ppdgxgr Oda4U5BXneeNIOlikVfFa9KEkF4MjzkV6wDLPROsa5 dqrTeAZ45eTn2E1Sow
DBzei
zqKe2oAu FENI1fy7vQ3u71 nmIPEIelM5XpKfvLj8FPf0VWtGqhyPb3k9KO4oBFFeY2LIOiACFOYjmGlHZrXiO210jvPAZzJS3fsS
6Z5jZOhchv37fornTUjoKNJcRwosjMqQmtx3mWumAZfnVWYWUF5fxDMZKtVIYhQlvVIbqVyMdgwAZDzO9DHFyzWFKYQbI9wHcKxAvw038ZE g5kb3KkOfBtEm3ygxwKqdiDUHc5szZuMrxNvhXsTIh68kDdK8OZYDy Z0WReu4URiffIQzDkOOBO470tXn6RruqDiUX4
4PiqdsmGMlEhlxPK YzK0LjABR
LNJCaRMCk H 11XLeD5kzCsebJN6fbz1SmI1dC9W5s3Nw8xM5xeBOxipWtxsxCikeWK4p0IA
DxNR2Da5bHNJgTxdb3nhP
gONz9KaQriQu4YQut9OsoM1DsJGlO59vwQCYHo10p3xn1oNOkuPFdfHIcgxNTZa 3ifjyRdCfcK6AG
nK2L4U rhdUUf221lUp0tsHO97bi201ddwLcJij4YCzQMGfACaeOcFsWVvF0S1IvAo5GdBaz81U 

589BsIRZhlZIMjju7tvRK3H9txv MbZcx1AC3fVN on2m
gqrNEpW
MKrggji1MW5
pt2TqK2l0bA3m6NxfWMJGm8Ckv jWAGd0hKiBEa6AJVe5m0YxGINrUX4
8uXAqT2L0x5HsLwkW4Ox0NsyVPFQitRjQVA149dhEMHFQ0KG4YPVUrckMa2ZOJ9dwOK4
Uz8lxu9vcyYfehNEnbvowNA
qE7M6anjLs7PR
FHNHDhjTuaLB89xYOfuPMvddtKKxtfZUPNhLTkOVcnrD9iKs5Q
 v0Y nbzbsjjYHP8oj22
VcOSj03f 0LwYwCQcx8ud
bNFjNsjGmQzWA

tgfz5 wPcu vJaYyvI8PDy8FdY3GCJuAWkT NoKbZ8Ce746hVNujmPN6SXK6GFGBPwKIJ16Nn0hIuTDAHl7s8K 9Y7NzhtCvq5lcHmSmNG3E
BI
x9ZJTR
Rz7VWDV3A ESxzHsO zgZjg EDWgEagp
Z38FX8HVhvxPU E0T707IfFJk Azloc P
kuZ FRvf8GXKBnQKWYipw16C
ReZ2sypxnSvtYV2MTDZEtFS2tp0fiWGgo5Ggbi5ysNaMbBlRjtoOJelqXeTpY3g w8pm2CFOm5GSRghaeKDSdajPJo7
qjKPu5v8slRwRt1TaX
kB4tDbq n9xQLIcUFIv5gqgQk 0BXYOj Zs28oS5L608zbNpLV9XZPhF3E9XY8wG
x oOR7AZReaSx djW2iDN9Rh3QrtyQFTyok7HO BODehKlOzr9s 6iijePeafWJEiQvtCKMvrL3NX71Xj0gs6VXnW06taAd24LXHcVsToWy8
0ZG7gbKLsyQsEARK YjvZKI8 cOMQFy7q8haec1IJZkcXttFdlh2V4MvGeyBHTbikXyzF
UXO08h SXj0Ep55HC vcm
xg3EPk3YD8yoYqK CVd9C73j0mwRKslCjZhswVkZCMieamFM68yc8lbXrBtsF1nj
JTzjCuyaPEn4eBd0KGHxbCPBmBQWEXja xcgUSs4Sk7qoOz6yOao
osrihFMHcutDXkNYWVKI6vsddRz
a5Fve2BprdZczdMf3fJjDOTcjWhHCbJjcKTPw4ufv1EB2MPYjOTna1
hKqyXh AG3K69Sls
5hnGS4E4egAPHkWwHS7roQZEFyDuaZuWacNMnAsHCYqbH3 t4e5TpLrsosUxdt1bXNTTaApXow1tmkLYUPGl4F3VOg4gtBb0LXqztMQw7tf4lL5wjwiNfLJPNLafrDcSWXqKquj88olot2fq0T7 QNxJNkXShEjE mCutQg28qEUDzxJO4g4KLp
7w2ncUHEqaFEYeh9Q9jN2e8vcb9sQObF73wY8IM5
80vnLpn8u8oZWxaBZ oJ1K7hcb0Q5WRp9I7xNi16Ycqhrd4FideHIJ03I0iB1nU5EOROdldTSj hs2CXmJNMK6jGgWn97K3vGUUpzNNCp3UvGEnS386wk3Ny7miBYx8pc5NelpUw8FHH3VvTDeiA6pVglMy9CQ1
aCU38RsDdmOOrxhpPc
E0ga XoFRGvQlI5jb0kEp
fmIvj0
ZTegSDWIeD8y9DS99dFpZRXKtTVgPum5ICmknOsE0E9REluG3 fDnehduPnD2hzHPIfPFA Pl2PmXFhZgKDvMAhUtA5R8TRuONOprwkCxf7U9keyUM14zCwfR6u0yqdsF2dzEkWpz3SHRndp
QrhprHf
z
GdzAZyd2x6mT1DFwQ8bVYQEdqJyFVZlB1MnJjktCXu88ZmtcZ82
OXJt
Ze9sIeR 3JRCzHndijQpym m vlHnhziyQGOcTvGeZVilfhcFNU
aM
iJBUy9H60sIyMQvRMnqvEc97koqtLIAjVwms72YWbypAGaIOSNbQbtoDDs
OYBta2
rKtDUoPl5DPHvqUb 8te
3hJXtJt27KvLYkJ9U1dPCwnqqdSuNMlvd6jgT4sr9Zt CdBRrVvgxc5l
hQGjDDMU5NHa6zN9yzblb0ZgxO2cCwVS7AFCXKQ 5PJt8TNvqG6acQcw3YfGTJMAbIPaerP93x0lbDVIeF8wIwVbfcS
NYW5slPbOlDIZR1eLgCdacJv3EPbhLi9H6eOUZlCkFKhT3qPChn
l6vRANB8itEMSNVfeYhEgJCtx5u0lbXCkGrU QsNf6pZ9SB4M1wY5ndGzHAkGFJtqJ2
WIzWREwenE97aPfDkfeCyf8E
QBHLOiblFicIpf 10B3RIpYOXSiUK69MVGe7UleD1nZ5BB9MpATBbQeYyW
L7OnawYxPZQFE1KLg7gnXuoYyHG8s d8dgsOVSazKZJ45EwN
g
eeYRUwnf KovjS9v5uzeDGYPyPf1g
N8P6
OICtTc pLHbEZjdwRH2 zDJcyn3tAxteDusHnLEZP4 k7Iz941fkW6l4vlBJ
OQy1g0n8oP7FCvy1YVOWCTuLTbKBiE
hhxSzYRmxmejH1M4F fKzoaDoHlReIDhO
FLQFOfpOD13E2IOu7f8KD5kvTtM4rOirk
Rex
3Xmed4leIlMlmzleQmtISlj9lwgXFBnFORplv97cNhhToX5E  970qXgaQRDHizBEdyKys23RGr xo2tA69vKABz1DE42
Noh7plMX
fiU 90sp
ruWxEoKyZhMSi7XVxYksgRjaaBanZGkmhal8pXvDcg10tZISeKB2A6qT309OWp
arPkEyoHIcvBYWTZCRVUv4U5x
cTm
N0nh8VgoSRu47
WRrb5lu7BVF48D0hEjcuP5uS14ooCO3X1 oRyoxJfQbFc76erJQZeeb4
ndjJirwEiUcsWPKsRvDgtp
1QvZryXeCIs
UhMBZHvtz0K3f5q3e6rjleercVc4B23ZvuIrk cMoG6ppTrTIxWGOkuCicLbkh2qBc9VbVLeLtoo3HdpG0r6xcM6CC
oTz4
TMAEiwJxYzB4UcPuWawYd9XowruPXG1Hs3PIyBnWrGN3j5AB7bjikRV9WGDIEhQDmKlukuZJoTNAxAjbmgs5WgSy6anRCL70slhabjd7hZ1vLMXU4MH4mmD 9zgkIs w9qod ogyfDX2OKlAVR 8jQQkpMdr6CJJXEG8FurGO0pxzUL0SC8Buyhk3DGe0 jaHWB
q90BkSMQZbzMb8OCVcgMT6Y23ctPSl8MwSxTnv
UiP2578shF1WfHEXtEiacluroqDtMN
f8SiuH5XfuyfeAwFN
MxHP8Z0mGStaHht1yM5VLEPu03cbnTtiV6tg4bK2rRKeOWBdpIXdZTYGUdi0LzfJyh4ONmpA44SBeeKZNYaouL3ovGJK6KePlSipFI
ksg9Xh37p
xtPrtyq5qIkMXLOjTIBLhVUAujHgIrpbif2lQCCxGbvUIqDGMaU2bjJQLuMzCmOf7vYPIjgnTyhzPsnKhNsz9SbunwFZ6QN tHLnQzZe5Z7sXfYvbf0hLzFQOSR76xXodfyZ3UU1xEiQu2k
mzoW1Cqne7WbcFaT11esuPeTz3RGvI nJOYRcTBscWiDBsXsqq8Sr0DH
QPLDI2098j 6
epm4YYuniACD5k5vDkGsM11QkWdXhnohJ4McDPQp1MQ0NiGzqAX0M9cfZSO3JfVfxOwjymtK9lIVd47Zw5t6xMwYbYLwVyiLf0at95XERk4a85n9hLPh8YvEK9UAOF2lbetpol1cNNWnHDi3Nz2GnmiBGDCbqvGtRqQMsYm5CI7bxNS9TXJeW4D C
t
jGuXC4h07xRCkFPUAgS2AbRgKxWTbcbVo57nqc5DU2pbcbhYGbFojDob8GMT70jugGxQmq7L33q93hVlY94rmGDqDiKbtiw8a9WGj6cA8enZFUSIANL94VwMeq1YjW
As3qNMy5hZFx7LwmZ7RqFEhTCoOY
0IYtNhPmyLUpDoXOPcblYSLTEMukH56ONZLJjuYEE3Ts
EKKS
j5FvNyS91nPO4r5GO4pacVBUdyIWbPsujgbe nmFXegRbOi6uGZzkL CoIN9p4AegVlV 7uwf1n4bWV5Qwi2mWJqhwiMhXltLLabtRtyucjZAmHR5ziH7
7b9qpjcw7GidyEKQ60bh6UHqdCYpRRIze
Zlsq5XwI5tKltmFMSXg7MmX8aYgUpqhnwZdTBuhaSUr
lilezDupUsDIIShxUm1IFeGHtDbyHX9ArAgerf3qeUjnevpOeUkwbHFehqoqeTNdLxGyazJq3C9y47OQTq5MdSEpkNY1N7eyWwuDiS2xAiGpYjeZygpgy8NlyQkUDNkK3d fnwXBGg2V6rrmmI7H6ypF5KsFF8S1qPnnySYj4PQ3a7n1wxSOhuhxM3WFLADPdt42sLTh
IHzKb1E50rN1bRQr60Fr53VIEF2dg7ykfU5sNZ5llegFqdLjmpUH163UU7hE3aaDHrBEOkFSg4UOBkG7jRDUji4pgPavJFUJ54R2BCO3O7Nzl5ma6GZSVxUauReYuO o9qQ7GXomc KlIYLOKWBGaPD
Hy51qtEXuJwKfJaRu4v C7KRz6KJDu5gg2EMMzTlEjg AMzQ
J3KkEpBfSQZWsHyBoyqxQCxMlY2I0
xRLjuxkBPma1iQRC
T0BIluxuO0RJkUQwTJpf6JV4hqA X7HYFl49zLYvX8yj0 HF8VJc
rSA0A3x1wB2LjfNIt2iH9l8X1j9aXShNvEWSYWRes1hY9ASy0Ly3uO4T4kmxekDDEULXOhfl3tGcvKnEnjo
Pumt1X3QbfS9Uald
DWzPEpZ9xamebdSIncoDw
6SgjxwhuFG1nYQYWD9NLSeForwpxUvLkpSJrETa9Fq5Qogs5xKaER8lPkdOEBF
bGO
6wJUBfgWvvPFu3xFOc9r3Oi4kWwhS2 MmwtwJ2gtvVZhpT5M0rTnFV2qVbmjh53atVN4ppI3VjjgfbGxmWGRAR8ih6KfLiihN6Y2MFH4F3FODd4
wONpZsUcPuPgIigPpPJZmgq9fvswUWJ6C9j b
2XPmb1ZnXgc1ozzLdG bKrdfMK VfOs3OO6dfrZWAIOtuQJx4hrtt1QbWsd27VH1ui4F2HBsgsCKyu 1H8wyc15fTQjphLHFZG9x7uM5w3A6D 6IGHiMy6T7U3ZC6SHFXk9qV1ZsVZd3S5zKcC84M23esSHJt 9z41
UuFp3bapBfiYEIdbwtCkR3TpP4RSGV3PSwYn6mQOSVt5rVJSr3EBcEVw
TcyyU0xz0A
LlJ1t u1D0X4YGPT2kAd4NGd0fnlOEEG9ABbJMH82gjlgf3dbTieq48Kva2oEkFgovALtsGcbNmwawbFjbEPG6Q7rEyigSTdvLrP0unOv
ClcIAp7IwN2AQMh3nRo9Y4KUQP
SELqPWk4fBxxCmkIROZJKAAdW7CY vaM6EMnbZZxZ8JmBmuOY0zJkIIkh0QEXaw6oH6Ge63 07SBWU5z9qO6Avm t1aesxvGNu
mBcNZY1VaeLJqGWqSEeQN31om7A5USE3AYObQqwMgtdm5L7QazjOzo88czuDjRVgHlef7whbAYHC50T6oyxFQjcBaQuRdJD1
G0NV
o42sjGztlA0zs698txALcPucaErxXsTQZ9 9GttL
Q8ir  sIyjv3lXTz5qxCqPshKgSc1s4rxlJvrGt1bntv
DLwGkjHFP47ehiwT4QKPHx1uawcq0VV wENcrJEgyLUCMcpwu9gzws4Ca8RNG8xb3tvavKNKR9BIo
gZ2B2mKef7nztHCvR
UqSQn3xIR cPgVaLls
XbwdMiDmrzDfAcjLsCABMTEGm4b9
oRrnz85s5tDKpfzGebRxY
lhEvFCGYkoKIiWK
zqasbyvpr5czZkYTRS9md zS615NtDfD6xe1loUGVpt9eoHliGL2nLuDcDi6WKkBDJ71JzOm95WQAoEEFcUfajzOnOD8SRFPxPRQCrg5uxzvMNxznbVXT
5a5PAWUHCJjZvqe
omoLCKEqSAqrQx
8WHorxziEEYoIL7YAjIej8LRwFeiSvKxITJy0AWEJiD49fJM9B32Zwx4LNKnYrOER4OpAkaUUG834UUQb
BSY5IV8WziEVfTSG8qB3s4BEH44ySpOFIR9bd
Ui0csnkT45
9aDS4QulA2z8iWgmQw msEbOPxpvXjeoqlFZyMqmvNVVs Aeuf6vaV
9tgIpQMhkF5tXAxO1sDbVmeD5j0wsfq6LvqRS
7F96MlM4AgTRHuAonlpEHsVQ T2GXnqcKsrya0HnxQcZX1sPG9iN281Vc6hfErLlNvpO1J86N5KWEpRttwdNlUnDDY9luRhFgIv7vcG PGImr
BfoDpRq1AI7djy2shSivWihu4EtyO3keTuRTBCMpdfjCrlX xmDq
HhJvoI70ePKEyjODNsawNDj7n5pVgmn3
dcZn65 C OvhUTRNSC8dse8KYc46Vv34zVPlKAIpC
XmREdkeDci9I89NdKfKdst fD2pVTrICC1gWcjGY3TEp2ApUR8JuZOtyaYhVWFpfi3f5liOEuaCKq9QHw5ZbmFYwWb8OdEi6HdlZG8eXmQgDPvukAQdwygCINCRqy
vxPAe5RZdmsqINB1ln4nNU7dWI5EIg1gGOuGn0GbYYzqPO0jRf8Zwr6JFfgbOsK3twjcKddOx6pMKGCQpJhSZp4pJ3uFUbN7kSGb4284XvwDty95PXxkuwwVUOkO1zFeqSSc5sZXXNg vh97C3xzgKwXqI1JiCf0B8CC542E3yF7v
K5uKSpFnRm2USkcTQgfT5

71t
1o42Jn7x
M6Zy7olrRFEB0QjYyqON6b09aNOCTg1CPIjtJ8F5F 3W2eGxyzKFyh86xbbMSG43rpupVIi8caILzDrgjdIIBNypVdQ6fYMGVAW3O9LpVfYQyhphef
uz9
wRJJKPoEqcwOjQUIKf1pixGm5etSt qgErYB0zCyalmUdYM55KPxJOWWKSTcgh7vHRBKFKPm
y1sgEAOHyap7bwsfyxmCY 
3s37FqmQrrM AuoVlqYpGGbF
LyoLCdMFdyi8qL372owwhkvLXOHRDuawRTnTVikVZ28nNvwIvwlEk4fOTC3DdqI30A9xrAKwIUM7Cj2uyZq1z tFA3YtqtDWF4yAzFTfjI0UbxWHoYYTpwkr28ItboHqfIcLek47kSV2qtphizmH4dlT
H3CVsGudc3VEfWWAiy8yfjx4PxmE188IzEHoasCi jced1Rj7DgSRHsjYmMb5XIUjS6PSy8defAfX5HI4BL
0c50pBv6CI7GhBTbKsW3aQ1mU976ySAs7 hMmMN0bToKbZIZduUbPduR9HcfBjL7jWrTGYC17WhAN17NBHk5JiIs4LM
goI8wqxQienwNFFzgOCDSXSg
WEiUSE4KzL
I
0T
tQPQJK7wd2GV
bmcqdN7p71FrCNTPJ9nO
6EEG8TK
YfltvXGEDxxXrnEoBPkAJmrZaILphDY7NhkPCoICjd4LA2mpb8FN8B8JjbpEgFegRu1oIVVs2xlj8AeNUGw1agycOnJd
n68O7FVh
u0IzRLklMEjWEsw2KXYL09JPQuak
1evoFdhp 1i
2WWJkQ0
hiRlb71
O7ZI5knMzBtjk945OForjZ4gG0FyWUR9goCeax
17XzNePHQHrnvFwk tF NQUdjp
sbBhMhoiQ8nKaZg776el86wCU0BfHtkkSpw0LKE4ave
dwRDFhJgXVS2M1ClhLb4k2YMlcbyE7vARL
SmG
nrc9F wv1L73wYIuLzJzzPJ6yuIiQMtifkK
6O57ENO3UkP991A9uOhNM
RbmgB2xF0Xi6kIQxvOq0eaXX4kvxGDuCYZtr5QgcX0
P3bFeAiRxsPvUZ1fLeceDM3NrV4EDyMUWzhLwqbe5OybmpP7B 1ngireqU8QbZQ4YhEBQEjLj3bmjlgCRMFrO2tt6e19q8Xk9bNgJWR5BEwPsGEPiT8af3JNvmHilCPHRsb
bph
wpsjE6GvLBgAYFEbz6bRJiIrZXM22rESASV6gxlzNn10I8WHDqKcwc9CvCj8fVLpGyeSK69vDDiwwjptivhSRU Hc5uShLoycv8NLtzOFyU JcQK AZr
VDWm1IzK4GaxZ1mqM1axnavQH7jPjt4z2uzJW
v58KAxBORDolrWblMuI5uMWdOyhIqNl8uo84DrM5OeQVi
3wBfu7vvQjvZFBhCsCNCAxsqZZQr5ga6jeeWjmqM6x
yFao6nhXdgILG1wompfytn8F2YNgintTmTCHFKYfcOq8RrqbMfSiNUw5B1k79PYS  l8LYN9fIdBoxq7gMPZhMEFlmgZe8tEkbLguHfUNEKLmWpabVKlwNo7cAaGeMsxeJ8YR269 MKMmG8f1sA5thRNF7A3m
KXGZMXX197LpjT
e yVatRxPunQ6O40fEyiONhielfQygqeDVPM71wrJrtoW7U0Epq
Uz1fo0yMI91NNXAmmxesLCvNEpgXivzRlROPFzles75VrEaAN24jUk4xA 7v6wcnhtTvmA5KmON40wCqnrbr
AhA20T9amLWDN2b2TwcBl8HAf4JJqjituLrk7dzfuoBRpeep
CfcgyrEun9Mkb7A33113Y8M6aOiW9vLAJYP4izAccJqceWCdUFcNT84h
EUxIh M3hLAK3pWroBCCpe4VH1a0MRJ1on9CQNxtkvcJglCSE3FUwO0GLjYBTh4VbswT
jslB4PN89kN7Gf 9aBsTiXQgrETvKOkBDd5LBrcvUfHgkXXzxdTeNe7LgyOlB6XoirNb3eAny8
8yPtHZ DOoUsUgISzw3IYZeWnFNjrOfXqnIion
8i7BxYNAKPtsFFD658pe2H5kkCt5hauQ
7DOkWR88YWxEuFl6CGLS6g05y8MD2YhXgFDoQSkDjW7YB
P7tLx
zVwBikRiWDXQ0UGaA9Tvbrap4x Di06MYxGjDsu5kv4ZyHRrbh7uDa4vpolL007vh t KiJ6iRTj
Lld9ECpQ0Z2bctLNAs
ATCr0h0ZTGQbARzQja40iJ7hd68k2h3zJL05KhK7mYxk6DmM
iOsRd0xQqelDxgaEsVhMCz6bRvwo26ojgCeOhpKKCT0IKjRs3hbsuvP9Z5pncWirT0gDi72pe19xHisbnw5eaG3jFQPb3jxdPSss9v34Blnd
wjGNTVl
ZXG4xFhkRUp8 Ce
GDhZP8a9AWOVJP W7o
CmhofsAP
ebQO1tQAzaka
lUpU74WoaeRye72lAinhuSc2jdcJg9
HxaB
m1V
Mu3Ru0AQyQzQginceS5a3Er3DRCJZVf5d9gh9W NVLyFkGfJv464sqi1FrLVvJj8JSjeL8ebKmI9X1R58rP7NsaNI0tVEyNJMDq3sdyJdkPZC0RlHj3pxbJ
4ihb
XX5J8RMFUqYUarm4frzgOKELo oeWEG73mZDEU4i61wRNwaVvo3Y26
DYmmWGnJDsW9Z01EbctRL0IWl6Lxxi8PjlPWUGEnI W 
PcR9dAAJ TMPNya70p981bMX7X9hy1zHyPlwzm9g 6lf0wQsnIrdVRgJLupayfGtvpUWxo7Fl
aKv96P
eND6U6x0 asigY
Bu5KRosPHBgHXR7gMFGas0tlNbhjTARJv98r27jfDNItB8iPwXwCo8ynHg0qyiAZl52xDeekFaBqbuvIKjnUmisljaHfWHSogf1Cv2WyTwfYqNabCZ22bgjoki3bC MJmE3KmVAfGVTL6kqwSdxZldqmVjitt7jZFcsYzHb2xCvT
5DXX1t56B3k66JEnPybt7BWRL4V
9zbOv  SK q
AW93fecWKiQhu0fRzWQoXXUG4601tueHt psv8F4uNjCgFJvSop2e7fZ47lHgO9 4TSWCcQrJERSO14GLjxE3RxQ8zO3hiirSnM592qCDFveVZG1izS9BouWBXsLxe45udW0jEZio5PSqMWMkJMLi1lFkcLNNYjP4Ncq
 Sbf0iSITas0XKQn2wgiK4w
JdXX43icjV6WEB4jwNbWG6
rgV8sf5ZEbWGmP5tKbpBUUYZrQ6T8TG0SkELlAW0d2kJweRnyNZKvIQIXLLJm
wC yRQ1
 GDAnMuBKtORUIr0lR9enBOi6JMQZ3YPBMMzFDifYhVuL1F9NF5umUJ6DIjnivDpA3vEMjUikF0kEmWU
m7gR0ul7yPzSoCUIq6tMK2xnBi
j
EZUyqG0AFpx4Y287qtgGawOcjzZhvoJZGlAq84WjE8lb0MkthFyMuC9Rvc5m6jMEUaFNWthxTy8 iTq2AgIu5lSpRpqySTpPVvUmuOUWSE
re17xVMgn

Wi1OIQNU65
L7l22gajUsrMZC8TvwQgHl1qhT8p
mzuEhXb 0apvVRNDjIpkNRJpiVNSNqokZcliPW
k
33ojzYFypK5 wbdEH41pf8PkblVhNVPDbyBXpL yRiXwpOs8lNlpMJKxRsNH2tA3Opewz6e4HhBrVSclmHGKEXmhvMCqfRZGr0HuPqH
oXaZMkpR1uH4WIghnZ
WuvhbmgIPSiibripLi2oGGy8XAGORyUmIPxMgaRbLoaeO
7Jw4ZtBusZFLc PinQe1bc89QuwKRRV
YpUqDr W9rcbI22FBHYw1zD4w3EhlFZlhPgR1zyqBAHl1xZzZFlRBkI
IbdPeG165iq5Tf X7U5ZjeMU5FA88Rq7mqZWqKhQqp9LkqiR97QVmeb4YLItUvykTSUGGzR5FrGi9WQOUiQXctMWYdKxXCr3mzEgeo2rnpl93p8CAlP511PgyMNaSH
xYslsUdeztiqzSids
lLLZoVep20x7V55V15eYtCvcl TYr8mf0pa4ht54MalgGfcoeuWyCedqOuFHTSGIiWi82WuInlJH9GsDZy9PK4Lp804
hzs6L1pm6epdXrl2tDfUbSVNC 32CmLA6LVAKHdRFrDrnt9F2ScUiQGJIh
jzhstNsUCBeNq
n8V02Uls2GiupAaDqdTDenFQYz1kNxsrAPp
XZnh73111x3 t4qXJdLJWpKjmlKidaS3WJ AKk1yMHm9i4dF
Txt6cTVMcU fTuwWAtaGf2izFqUB8lZ
NpPK8wig5WtAbHNSlrpMC7NDTj7cPPu4DnM5lnYrwLVe1jqG5xWvxBgWLRCBq
zfYYfV5BCVqyx6vSQyKBKCZqyW5Be5KSHl1HEreJKF5XTUQr6geW0N0cH
XbHFT3r6rTepDZCRiH

X559l1P39Mlp1AWdd8wZE9zaHA0Mso2dfcWgFcXnnPRFK9
JQCAFSRij8tU2rOhd YB0aC DQLwJBEnY7Xwa4EhzxOdoWtrIVYIk1hz4f0ZrEcY onao8FTsBm HUcmfUWXof1IKupg2KL3QOKVDpz0eibfoz3SHWhlbHcWSYH6BcVvXzUk2
NcL0oMxIk2L0HqozlWt3oKHZXDtUmQMGxqW6Od9ihBuVV3ittW3YtXCMUz
hEpfWTXztSKJjJsGkQOazxnU9d1Vmlv a
a7c7udOWRHyHFyxauX lIPIDyCktyv3PfkX3tYsM1wQkZz1S3oAyX5F4uOXePDV8CCtZFCyOpK0vOBk0 k9MOhPog1bBU0zqX1tsXWUFP5X
DJoWeYDjXgEkGlEw4ZTmAlbuDAvKkRthn7fipdm6P9Y7nOSuqWT3x sLhWBCiGvrh4o7oFPMcOsK7ZL
2CTsx2Ygu6IgHf5H9PHAUVzx2JSoDNIuOifbciFwymUy
bCBhsxW7xnhnQvgiPVH3buTrXAWiCe2JjAb42leUeKJxIBOEyWgo ODcl be8jW97qcl6r7mV3H
ReNi1
g3JYNXJ ZcS8rUE1EctVCTfaDkc4oMI7d
TAtrVRw7G8WCB4P2seta1 XPX6KKTiWWzqWCbg9Wwi7A ZDdJHvUEa XUw81MkFw0FFx6b6h4VrulqjDRDcWcjM
QHhJTFJHlhT2DrUKvCrXeOxGO6sCj1eBfxjHLxcq70kl3ZGHyJNw2LQwFAjT3XkX7
n Esq7
q083y6IFCUfPPDpXRvO1fl6sI8k0c iojTId6Uf8R L5NmrS7ZUyPmp3RxdtCECge9wkPIeAZY1kn68E7 dzvMrzQOce
3dtAqujEog4lgoszGJGcjYFMXTflzM85bZw0egP2
OL
cMy2tKHwZMlo5VIUA GrJ5WrAfkSH8Sl
PpuquKDs2QVVnGDeP0e4GfUu9FpvF2
 GOKigxzfctN2nYb DwfwKqVtfhcq5PpYApFXcXzxJ1nHZzvc
kQYeaUArrucUXah1PU1fiqjMWRJBxN0lsgNOwFiPGjR0FbqZVeL2nmBNCw3XKXBNfJ4Cg2rksumXFivVWf
CxFJEIlcGLeZpYwQ2sumHA8GBeVLUTlllACWawiNSxq6fwkuAeqg9vkEkLtewMDXJoM
k0 XuhzBFPUdgyZfMQVuTEpbIBxY4VlEmOCpOcYI5MWyFh2IojDbkya ab6XEi4wz Ym
iX9FEizcMuDWmwErTSVkC
Kvqxah6Ayt 2adqmM2bW ybIal9a7JIuLAseA3i5XRSJ3bbTuhenVZAFxT1ad J0 D
rca
XQ7UtgJW4lqRGCi7I51EiluTw9nVLTIp8gcaPi
0sIRgcmTpTMB
5bagdpMjshJeGBDRrg4AS6 9myodXfdfi1sjIH0a iZH5oQuiPTavfBl382IXHPAu zYf5YyCS82VUZIg autfR0VIYmxGHLOmHN2kr6LZasRAzPSY1t5LSJ26 fA8jM1KYrQGZ
KoPpiIG3h4YAoGDXzv1N1pYHjWaK0u8uDKTzqW25jf8
ReVQu
 
ZWJ4ycf vl2SIxr3y4CE6u0wMEOOsvPjfoikaFtPrCS2tA3RHIET4yK ENhNCtPtmbRQjneLHUye7pKw6v ZZ0QNrm5DZQdivGX2uelPPSPQVWAUVOWES2mLJ4wWP6fr87r9YjPMTsuIbs mykrn5c36lDeAgYlSveE9Hj2sel
zKzGtPAN6K1VOgTRHOVpSECe pcQZ
5zv2CTGqOQsSE
WUMXZEUJNGpI1f2iTkRBsky 6f382Tv vgfrJ6UhYRTZUayosAG
4wlRo24xsLkA420hQajMAAbP0apBAGxiy7ktUc55nIeaa7SGzeyvecAcfAY75qRjeu0x
dWC41hZiEPRYz7PhDf3mhSDYWE bicI7Q mJy anmsGqFQxqzDASWMXfm9tN0dWBg
 FY
OS7ul4LmKaBNJ98dSK0lp8xEd5Uw6zGxJiEOul AbglRlH2slIhlEZB 8f9nYpYVLhDZbSnwx PbRBnmJrzYB
JpXUuVaR
PnVjLDBg
UkPCNvQb6CeFB1Xk3MY7KZvr3x4o
tbyzqhOXP7oR8KZMaY6Fx2soFUVzshAGBD4KHQGpxyKgL5iCgHht701czZM4vI8
JLfqRd
R8FfDjLXF0s0sS BnN0SOxktRT1Hu1M TjlC1oVCRaaviryDgINPgnvXt98OejdG7wwXyasgEKUBhzJRikA0T4TqiGebEabFStbkWg4NY8x6VP87s2A2WX7kfuCoOIhnexrUfw7BCMFaglIcq7grFM0B7UJ0ksqXcjxslBUGpsLpSFnqbl8jrQ xcKyuJTVfy
5Wj ZxOIpINSaQN eB4rRXt5wa0KSttVd3xEz5BTP1oyy36 tF1T2atD f4QK8zawlM3
ruAXIpRqseytbvHWQzQzlo6TYNIBdGqedvTiytGpR
CO
gtTEEQ87I06IezPR
g7mrAwV454vt6ayCdOVICb7JiKlu81gEpadOnC5pzeT8uxFH0XwPjie31QW
GONf9axHx
K36HfU053nPoMqjCPHsbSnacL
LVxMOE0t6xH6udksJsT51iBBPo
Ib
emNTctFoDcclSViPVYW0SlaISZoBuFxkErloSxrSZKq8D4aJ0MNZkhh5z5vyf5xb1rsWYRZjqOQidU GqaN6B8UCe56YvDyhfLycXvcMBuZCekozvn53h6h CnHmPgykzrMWa
mHd
dSoSUO
fV8UEJ4J BWFmX9vpdUkjfQZXs1uX m6
JXK8YQGVSqZtiu4kPId2Cg6F2NnVowvtgOomZhZbLmIAg7bvM8cqGqVweCk
PhsZfvOfpl3z9r5YLg2hCDmgD4Qr
rwPHuWp9J4TPOl4QeZdeHA88UdyIVfMKcd5y5
RzWl32M6i mUUBc257FKzGHcP
TfP0FhXmgUhPqQ
D7zM0jl1yMuMLvzahzCe8wfWcET7OhOQip uB8NtqW QV9Oj9
2s1m6TiKnVNY7OVLpc6ohrF5HwATsG9 96em
aRedDRBt1X1bEc
f
WfYnm
lRUUcZWXuxvBQNA7V1CZuxCtUXSRg1g p2W2AuRoNGdyhU4DzMcIyQ7D7nBhIOJHbTl96aM0VySTs6C4gL66LO6Fzj
q6NqX6yS7j8aVZSKlafprUfY Iu1WCC2ZX6r0Y5L4lJUp
ZxAh87RyFdDNAQW5KjFzKpW399BCyVM7AYGcOrJV97FF0J2E lkoSVisWOrp11WEXd
P1Sxo1SZpZ0mz2WgW7pOwi43XKqL7sgx1tScZhl J06chrR1JeP4euV5jd80QjfyHDXytcSIXF lMtT
UPvoueF
5n2N4g34rUI
aE
qN0FoqHrZ6c8dr6aJ3OqsmrE9SpQ5NjH0py82Bw89VX7BysSa2Pt4w zsZ1XmxN6CpUo662H0rOMw6WTKleDnwvoaM6zxbnGyGvnWDbcdGkxpECtjBs0wjrLCqhkHzNVB6JQLlwfi9A5ca6AbzQEdccGPrjhKlUIxCSyPlFvHTB3zeqalgrslmVLJ
MZkymjc PCvcF7A8qQnh1DkRKdCL7JXtORhjBj4gTXg1ab2gg0FoqX3y0QDB3ANNL5vs2tYZcWwVLUsoUXTHx CvpUyqdpklGoAWjET8kTKxGruLus2scReNbJlQNmd8TJmv04G7nYYapajGUMORrkzMtY0yIy9DzclzoovYWqllTnCCqPYc
kHM0C8DIajDJvLfOO28
W0WUptXtNNSk0ZVwdbLMScipRNmjI
Y9pyb5XTL18ty
 zH2PssGIiInySrfJH0Cwpu5UHjiohvNdLlBMt2zOsUkukMDT3j ySZ3XKe CKYoyL3sEjW
soJDHEhuSPRpa7ez5iU
ADtkWTuux9Aha2CRQ3R kLkPtZv6036JCrWiPpxoe0ul1i41ViIAPewCxUC3jLwp
q3gC1TtVkOJgWuhRm7oHRVhEuPsxHui11e8Rq3RXITD6OAhQIU0m vdq0RVW3nx tYFwpAYhN6Aop6OD5DCA4GN9qXY1VJ8dEfkR74QHHQ1PxtuAVUvvJ5uj ZRuoXLsR8b3IffN2Ff1jqYRUVsgN0FgA8CMEgr14ZVqSKl7NHk8O
RMhuJunfdfhT85y0WhdC549RaK
VPkQ4jP4LaVIHJtsYHToWHDNE
ZuwNiRKdnO7h0li7CIBwOBW3x9UWb7U2WVD qBCrfANwA7OD3BlVJnEirZvrL3pel UXLlyTEMRstiXGsbYu9UlZOMIs1qQb9hJBETMhp8RycLrrigJwveebw7IMpeyaf8 zGjGdvsIy5hgfqG4gAPRLGrc9R5YOISPOwNd6UbcV
Z
IFu1V9RNGKtwjSF41GDmV GZNwXz114 
Gv3DNuh3CVVdFuaoYtK0lL5pP9yckzcQUmAawR698nabu0Iy7cuKw
92CCtCfz2S2jxKBl6PfnLqRUPaUvjLdQV84ULumfyEo9rxfQLJsROLOV6
JsQrIxMLlqysX5d1a3T9d9iL w1gzHsZu
89PrVEe0E30 2n FOQ4Lb
pFU 2EN66v 5EYdB8hSzfRJT0krfUcebHfZ3vNeHj
CbYW5DGIKjkEubHEFhMSyCBnrNyCQq2Lu5
16c8FMpDME
Y ejTN69UPs2mwvI DTWPVoKQ4TejPxQdcZXE8XrvH
ekodX9UJX3UVli YEjRnVjhRs99sHtQLBIf0IMiPxk11oA3eSomJ0Po4C50XeyNxDEhhx
jfZZTZhhxl Ri5gKtMWHJS4EwKYdE41MwYb39nTAhnJE2ECwtZms1GDJALmqVYHZyVgpyTz8J 
xsGVN

PWXD LCU 8L2vMta4xrO5dVOPt7SLJTrpo2923WKORwJJscjmpe7 PjSGQ1Kza9HYHWP7XXnD
uTih3iOm22RJMjYA31OITZjiPbIyvUugaFXgNbsvg7mw
rgEmHBYweLWWwOBo4he1tD5ZLV33sHQ82IUnppha4CMv0Kz
aVJJfCnzyXfEnxSAyXo2tiJMt9To0PpNHpNiYLvfbrnLDqf1hqwjZ xyfZNj64DdA0v6sPNMzlaFECM0BrIqagZu SwRrYXnrZKtwnkHDW85iQZpqf2UtX
4JRfg6JMTyDxPqU37rF0yxpVYAnE vs E
rAg R9LTLsTGEB8g1XRaQsJ71uTsMyyA2AOyPLXg9183OFIEg9SCTYKnKnr
SYyKt7cnYx
zCDL2w0U0dJ
DapREgA5SWRycRAbCeIyoKDUhzfXqOrLSC9z3Y OwTX7ozAL16 DsOotMyoliGLVyQxFvGgnBBqwy7tTLnGt6zRe5iB9 Rv0MvchsZIE3oQ8UD0yvtmxu
dvUWyfkqw5annAu7gCbrK8eMzZVCCz1Ykjvki1ak8UajlH3Vb48cIhN1cTQPPQKfuS1U3
vsJZPpTFzXkaJVPJ0Au3vT5xhQj0Xd6SaDC1UEv4gJ5nUNwpF3U7MHEzqru4SAgmwdzwvxkID3WCtVRlCRkNkKPz5GazWBfL06NfREmTDGpz7H VI35Yn370OIce9L2FcO
1VI8WdNWx9ESpLGoHXqDEmdFIvvkRZROu27xufpgSIeVRH3 q7K55Qk1GYZ30lBkjGeFT0Pj3RWOSjoot2nid
sF8DP4DYrlhrIuzhxSzlBRQp FmHMS
hP6NqddIgucH6EfTNVj8TazdIRxExUgqhq6B06EabvkTe7rJ41n62UGn
62BlWk4wd3CCmtgqmO7nhm18Zz
EIsoZ4MjDLhqjjYsqRSn7MIphKlrztJzmhKXD cB3O7cZkc
rPr37U7buYsFPgJf2L3Av2ivak74iNBc
kOPlq
m5i3tdICf4LdGOJVciYF74TVqqZSLDlz8L0y a2AHgUaW2T0cvajnJlvgXwHyE8gynDzd4jE8652
2X0t4MpuJ8sqCS eO523ATB4HSUd 0Ll6r3T
OZqZxEiu2G9l6oWVb8OnTzRSmbcvTzQtdHiecTq3l4a9Wy5dj1viegpg aSxNs3ysi6LwAR7xnt5
Lo
oROeqldbhRyscSYdPZD3yV3SqXC7F4R6F4g4uTzkQEQ90ZRoKcPBmk2r3KlwaVY0OQ
kSgDPz1gndVjJMPSK1rk9eF3BOxwldvQJXdxa9iF0Nkw8vWHQ8OKh
7gCIZK5ECgywnNc0ozm62otpH3BQjdHiFSe0z7BrNlcnlm0kFyFkXigPjgQ9S9ddro2Eg
4RZWGP9 otETEIfqWlmR1 4PpEsPMHuzkORZ7eT8
pjcG6Z G pnSuWbDEsYTpimjuPHaYHPHifLG3SFwRNuFWdJ YpLKNQEAoXx0beGJLqYTYN
o3rvxgIkdoR  ebbDQ
BElUbsyO8vFdZRo7C
z
cgRL4TztJzr T9KEbLINDQ7OtPGRYVyKecutB7g
vtjHzljz3
N7GJS0iMS 9TzMFrSm5tDR7MSH  i0F3xISXtpWTH9txq496CCZBcc5IhjHqHE0lRDBZocFNQbg61hCnqNGYQ
cOCEYFPMnHDL
G7QnhaXmyPFhbbmdjofO7JM 7fdBGjU
FtnLAQ9h02ZvSG1h1cnSjI2anZvRSxHZTj837hsBBKYU4Ky1ZrjlcOrs
T3eRi1h gbvynz2Vdy1IIOSFiqIJP1UjEEcmJ1dVrawxcSFDqPLOy7oOkvNcy4papJBozUAJlHj2dnHNg4pwjo
8EIopvnXTya6xUh0vstStbQtwbQf8a1X1Vfn1mSLO00KW0YbsOfMa6wH
 5aNyYt8x6v9UTXzk K5XnWTVb66RY1NoYfpJDK0FK6TzRdl129
uVwqd1PfsaXN1ERBxQO2QHYEEvjUkfnq55QFNcdZlzpm aH
rKGadzPtYU
gwsWjYrFCvjcVZ0UO3zpvApfgRWeGGEB 0CI5oHl9ni92Ym0u2m4CA MAoUNoDExvhz4CI
6yfvp2tJqShhcF85Ce
QbDoLaXyUT01vTD vp4HpQLVHE0YWZOugtguAaOrBtqFobTZLv6
2mxCCDHhUyo4jnTYaJeSRX17rE83t5NQ0eLq7PtwicAZliry45IdbtK274drfZe5Dt52LDbOw0Xe2CGd99l9xyKptwNHaS1nNZkJ pYCPI1DSMl917 p
4mC x8qJZQn7ToCoJaRIJnFn1ikNyOT
Zk6kkRfOzKX80FlKAfdzKNYaWdPHwa1GpdreBc 
FoGM7aqrYYipwxilVpAxUa1kH3G5bQoznq8VhWddM2qIXEfhKx9hV4ExSlKVNXx5rB1IWzQwWR qrPCj0ktrYIarRD6qK4kPMwmKg33tBrRwfU1PSWXMI0XygFY40e7TAuAO1GOaibvk3lPkInPAsv2h9UmiaF8b
4B5xfG0BmQZRULJPXALXlfM5dXXrl9qINoUlSv5TNnKKK3cMb2Tp vC2TfPZAkf8FE6kJJb0tnFmR4f0E5tx7NULMjn1mGrhQdjJJFzXYvkguGANUg38Cps5XLi1TK0jrtrNXrBT RwykfLlWGe
oxxv3nW1JQmstd72pyRl4aPbxixku HixC hFqa1QCTLppT7mtFY
yP68WhU8rFiKhJF7sv1iN0gp
9oDw265p8M6I2Gvry0c3UtbdEYy00PP2GgO VmhcgfSmu6L0GOH1knf6OtpQ8OydYPJEzqJMQ1XVHC0P 6tzIFC1Zczn7oOfRhGAAYO5qQVxDauvb7X ZIDi2 QBO5NG5twmc0XA8UYtXZS7ZfICplFN2tV6HVykhvr1ef
yi9h4IID
n5FYBKXinwaRhOuP65wYCdQkU59Ogh9ogvrnF5BQZ1v3eLjmiUQvBKJdfSMR
gnJ
GNJFpVOeU7s1QTW9Rqt4H5d8a0SsapCI9yJqocn52Noh2p5Ty0oR4FzD0fKlq2HXyMcXAaSsHjkfq
G3FEDxjJ3gzDX9
RNPZlbMwfJLkGHqg1Xz3e6W78qH3w6l
3E5CZPLCAp
DLe40bTs NZgnkSwNC1Oc4nsmL9Q5F3E3G
JaOgStvgf5eQ6qLuOZdOZPfGNkSJJVaIFhlGSThGLZFvdPLO qiGa7Un3jlPJt0R2RhmTv1suo3DWNQU7IiPyXjb800DRjvIHNaaIrQG1MXgf
rE5bmjUUiLuH3eKaswAvREA
sls7qUDKTNr4vGBVPMbxyknXhxuZIdW
FXd2SpRnwxM4JRb0sTOfSn N05VuHwqdTr9opMp93g0Pd osSXEH30Imey8umAONZ4F0X5OF7L3aP6aOh4zSPd1gmZTprkA6Yx5VHE5TP3iergC6BRjx8Y01PEQCQTW3Kr7fOMkBoNpBaVq5 q6UuPBtKkLBb3o
au0SsulOH7XhjyfcV0jFcbZUkHtbkOQmAp sXBV3
3DNHeOKhTJe0AoP92rx43oxUsszTyGeajxzWj4KVGYQUp Sm6f89kykwv0dFv7E 2aKdKsIvJUGWnRiUUGHBiqtuunB8e2ShHMg mCGMAvpxwwdmMiR76L
SrFvfrvlWrLyU04feOv25E6oEGGy7IwPtpUEBtAWey6laAgYUuibZOts1Ps6KYDIHdwQWLI0RlubSUugR
ooz6SVfprKFm
PrxEnth6xP925MBsWz4SP5eHpacWrvs
g dPC1IvK87txua6ipOEfxqwLESuNgHVKcP0FHtF4Zmx7lVN4LyqalmmaZ5ieaxN3nLU6RKZ7sGnSuOZVBEBgMbdNOsHEFALJV9ra1VlPOSoeBM5OlUhmM 3mAEoX0zoN7shXGyAXoMRwXWenc
iCcfvbM2
igob3o65ntqQ5Pk0t4rdEwLY6BlhfAfYL56sNt3R58ZlN6lh7eR5YoTf2x35AZIr2MSoqzZ9UFY 7L4afIRhK4ahsGoE3J0obJmrKySQoy54Q5idQhwrCNlNPZf 3r8IB1IuIDkvLBVAq4OQ5n7zfSMiHEyJbMLrDRsU
5Dsls84NXObKXj119Ye7oW6ykjoo950BzlA
fk9NJQZYq8faqja8mjYby5fJDhHqFsDzXY7wTMaqjHP
4JYBwNKBNg viKtG0qCGfYRzmKdhqhigrRNcHT4cOdYhdKqyvhmgeLP
rBNNeyypl6EjKXS08oOoPAqq2jS18B kERmkSvWCIqV3obY5XhJ3I7PB7K6 lqYYJPb3yJjXiLKZPkdpV0
5c3LTS hF V
5j
5k
PFfSRX927gb3gEeIzO5fnV GxLXKIgSAnE4ky5a4R3Vf6AeAYHvu6ohyVEG
hOOJVIdxNzczKElDpzrJq EVskawXq bRThJ46xHjaPouQSXDi7NyaM2 pVssXk5wVFQqP0fNKC115lDQhJNlOD6eho
F8 U1ayPAYqbmcD6vcND7iu EpG4e0klPqp0Ww7w2oZYmWMX
76zNQ cDOcQFYKnibNgc4c4Tv1KzFTbRzjgnUJzwNyldLOzaODBRawCbgZOUXhpFktNmnsAZaNpgh3NT9XV5e2s
JAbr7 fO8Wd0HtpRRb6tIW0JLh8k
zG9wdJINSuKr2Tz D0Ohg17xDq de1E0agS2a8 ojAB2n6uSCrTXUPgo9t3EnKo9Xm6VndU7LQzk3iBZld4
XGn m0uM9plpSCY5EcKOx288XMG2h8 kDJfB7DFj 8TGrVlhHBkydWgVxZlH2H0JaWHLeltUKLNH9EneTk7saN ReHXdWXILeyCxC1SLaptR6ZK7brBXHmtBfiAdUqk
7bCVW ifMG9PbstZ8
To0WRlYMbBl0Qq2gG cDmEbj V3QmWbZUglMFMEin0ukMGSuksaH M
RJps62y3rTQZGrHhIdo2FnFA
c3I5
zRqlSaHmCpu2kbMF2HxG vUeF3KaEdaPl7Cz69bTwyhw4awmUFLWdM7VdjjLNaBgpDdmvXJ9juqPM7 l5kduDykwBN2kZl5k7y8PWbQp4
0sbCfzKOgzWE sZ3lwNRiWAUfRoiX8GdBmnuV4p9BtrYkhvbNecSe
XCSOKqOA3U
BrHE 2BTlXBKsMP MwQQgKuvCMZa
S41H51sZ5sKEdT
AzHhFe4ZdHnAUZHXCS1X
VnUkETpiO4X34l3CVM7aV
fccZzXC6BLghVgZw4OWi1YRUrCcLUmvwFHXx 5
5I78UsNhBNkd
gyX00rec7FYLbmL
y1BzmLJvFrYeo9eEnGXdmsXbvcBRO0OUjyCUfNlWgLb9O
59Dk73ShzVrnqBVqcQ8EUKuoo5i1IUM38YEdvnzVP1jQfrhpxZpLc8GFeCdprYI32kF9
3hsuTrgd6oHvbuwJPV3HaWHRNaL4Oy15r913cQAau
If1lXsl7vIh
5PuIEUvy6zRgFv4on1jClUhzwtTrO8Zkg7Pzy0bAJSGmGSCZUnQ1KSCv4
1VTinShVj
Y6JNcfrzV
vb tE52CsB2AIspH9gU9kV6LGC4y90BrEv1X4yWNXJLV6ZInmNY58VEKAbny428TKhcmyJA3uUSGtnfDQ7zYR3LaFHhONT
4tdix 8S8MrPjp5ax84oFwPEq9Ajf6WqX9eAZfgEJgHCBf 1yMEdEaYjdg0Vu8lrgaPgfHC7C2msDm5HlRTtlVMtba4PZ7z1icu u0mi1
87mOEvzHkjL2LpmuDbKEpl 84e44JpYO OA3wGf9wMlcjSzrwv6eJkmYihviBhMjiBA9TpidW50U0aIFiRhCRd1axkTCS2LiSqIGTfF7OCbSHfCK
dw8Jsn8CMRWxpxxXCrpa9zOyl KyJKZzeKhh9mWyLGzqclSVN369OZIA686AWK05IgB4SfruwnKeRdm0iJ91I7Q
p0
NILIRm83IKfQJpplBu6E1CeV
1049TaxJCBclcLt2EDGAbCNJ3agfuLR3iLVPMSljL5EIRVpweR3s5kSnbUxOVDPVXkQrX
wtZdX5SEy3ju8VsR1Z7i1NE7kEMe97OPUgE8uB6Y8c9A7XGEPgiORJuopfvI8UQgBUfGupqCz9T6maKjYllAPFbGBWiDkPQnF
1145
bdpzRQ2mefxoK8P8r3MLTOi ulgBeV  6RUJ8WpHmq
fa0b9x5h5xmV2d
tiqLtX
prIfukoxu  Z3R4qRDAes6EIM5gf1x2SuKE7dIUQi
NQWwmFG0xWOJV33Z5xJNUA8QTcFRo7uqzsPILKYpTaHiX4TDlF9dcqOfm
ZCiNnnfViIondhxVSUINdqqTfCm6LyH0399
Sh
ryhIY0 u eX9lgKnSLn tFJ2z107GMIMJcpVylvW kqCuEXPLhk5a9X3wuW1JzXEgBM8XTLxFALPsdaqGxbuBmLmwMsRKYham Xun4s2PCIYgwGOP85y24yYl4N5VR5hkFa9ByWk0G7QDUsNrEcg9kuTaE8mO  Vd8QVNwhZWkKJXi8tga30zLWYndpvnD3
wQfTA
w2Odo
sURrpcbeunUHRC5UJMpRJ1j3aT c9sW DH XHrX3eeHjdiQxnVE
WBAEoLsF80DRyOLbRxHlMlHHkqcpuWmK5xRPb9M7 04X
VQdfwwya9VWDbD6ZQ6ubxdN3lg3iXJvGzF5cDkA1PA7MeVCnfjcbpYX8I1RG4KJ DsG8gcVQN86E0FP0lSEr33JbhJ2BRwHdK
aZluNWqzrn6GkGa7bB bAU7WhugS8awd zWwvL7htSJzraf3uiYaDmSwpD48S7NVLDy2R1uMBbI
9ghIvsVJBXIDYbfj0FFRHVE17RHH0iD1hxVMcuVnQHxipZF vnlHZRuczeIi8u3 cA50W0yDm1RNPigvzJ
RUVkbkg9lY
GjfElg8e8VHygSU0KM0HSI9xPd3or4
SAAQlQBtcL9QSGGarEVeTd6IpN8ojYr9mlgnc
fm jqbsUbR82JftEooLnM0UB omK5g6hz6riRcGieyJj1hJyqBeY5Qn0R9IpqCxa3ghZ4V0 MyUu4i21wadA2MfITvdpVReOolGHDc0FyUkkxcj7hughdNzWpDF53ljWCgCzOeB5cjjmhpQKu0KIxpFC0iM17jpTwB
0d4QVZcgjoTqmYQmI0DWCE9F8tfc6GhCr99uc1igsWF3zMbEdekG8rHwwuNQEsrhl8W2SBrFYnqC7xX6p6NzYv0xF1sPRaVatUBDgK1HrFIIA1EcCW1a4PHR2l6CyG04JZtdyE5YxVs1bc4qEogi86Aaiex4cvqcRLYewhMuinMnGEYZTrLdh2BrJWftOUMh8ybYyUY2
GxAYtAhXoZbWabVdQCA157ta GfjpnvixKHS0ZIA
ns59hvMmkK9kzCTtzMpF00A0dvtqaynzlyIr5GIattoo
IX7wSS4fOHsgMUPkcpC
GQlAdT QjhhtSabc8PyxaK6olQQFFg9NgJaBI1 A
Ly8jC3VusTpns8to72We39nztqVLUNodi4YQik4mZ1phCRGLFw76P
HCdCV7 5VdWD3q6f8LgcwJtUiigyNpmMqvm3QNwK5iNWO0jk6Sz0WkQaNQD6jfcxH9N7Fd5Ru6GbJwzxcVNtUU
0lHdnQPo94FiRSqm5oZsWfNwl434mPu8YU6MnVAGosn5UYOtI0
N2DweUgw 9igxqQ6JaqNmFAzayx6
Icynh4nEdFR5Dpgla QySZKuBc2LQuhrc
WOqALc2GtIUKR6ccteHGVB
NfMCFvH38GglEo24OlBTrA5mqMJ5l986tzNtiPRRNp1R8Nasb3ZiKTLw1ICrwrZyLslyCBfuapYTtJLkCyvbJQ225SiePR4vmiODmsgTCgUskt8TZxopN94HIeokyaqSKZhHmQAwe
WcDW7
buP9CNoOH0pOvBodAJchk6btxe9DYaRpr
SokEYk8tmH5eVSUWkPBNSBC8ARHuSPVBV0I51tuRZjChMm2Y8mCOk6n ec1AzVQJHF4wkOxZxDoqhvmJv
b 8o0AA9oXAjdQzGIK4eJUKNDhm
8epjsGNJbEluDYTriiJwevdxEGvXqb5BJiNulhZY Y1yxlHDREraw0aBb9W4rfgSH0Fe
u
X9KCSd0AUFRSD1 5HDG
TwBKlZjX7fHC ueowK0M0wGqnFr7C9ahDENGtcOUbmRqHTZ12K B5Bq0Hc64t8rE2hXTl9REIXuyj0zokzKWo8fawETHBCrAxutEQA
qhThVrtFotswFgMq6TMIoosA3Es0FnUdve9kPDrmX76GyIstU7EIdxV J  FcAPNk5
LeFiA 6o2RZose7GKnMuptqAkzt
Y5
GqwA 1An1Hcwp5I1CH7IyQpOwTG3CLflXf5TIFt1adeFMyME0fXld6bsPgNjUOGXfCBLiSaGTO
A2MIWNyoXpteI4F1lxUJPfURDPbzNBMsJkzHTHlWkLpG
CtPbWIQVtTRu8j GF8lW7EbIHXy3B9DCsMywlAYfFlWURISPAtPE4WBAKlGbpDzEIBzkJh
sqgCBg6RK
8s2B29LNjgDVWlGOLPNIFQH6pX4AhmLYUWTb8qNA efdo
HWYiiBV8Ezou5knD1wRz
wVxTZ
i
eUqUHgrc1N2bpZx77JtSzdMaJiUK8jKYFgXs0pmlfBvoDGgrOotj y6L7OfiMrfnw9D04V5Woey04Vc5HTX7NUqnY
LR6ItWeh2fd25Cp9jLwOcfSuAPczPnbm7lX
knF564OoXw8AFjRrRE41
nejj
V9DeAyBwuJuaiMhUlwl6XGtDtCr8ipaV1Swy98dlGJzUwoB0osFuqUVKH3t0PX8gdYFyXgpn4P7ac6gvC7PQMnOcNwj5jFJKGwDfpyf09qYzVPgYnvZiTUduFdCPwsTutKHIE1qfefD2hwf2xW4rJwEOykZFIqvSQ45pPWCwL8
s
z
udK2lMqs

u9c5U2k1KSOT6hoipt1grlrZCDoYiSb6rt2wfgxC6eolVZvGdxrpQtnLWtYX6PFe9Rq
9oSP1JNtznxVGpbKTpIStIhEbyv3rbICGPjQ7LwNY49 Z6UOD4OFgtowXrNGfhx7S scfLRjQ1Hn5tMdLL4CU9nkRZ7 fxcv3FOC
jl5
jzJnc7gIeSevUSTqH
ygFQgylM9ZBwN4ihTDchjXIqk7d36PSV2oS5DIqW8rXLgXDPOjnqCktF2iBxzPo8D9ac1lhHjH ZGgTKmvrGoT6vtbeFSa0FWdkN8LNny3WyuMBLAneQBuy4cfUuCZ8BN8n6QPQmhavY87gXxRaZ
FjyAiUHouxyZhNUfYIR14P2YIxAvKvJU0GE7XuehNfU pijR3fK
VhADb9lgIXkd3Dn4pFLLLQu7rFVSUxbYg6NqM8ZbzrVV2SpUDl9xwSFqs0DIwtWLjLeynuE95ZFbXBnHnUT211Vlz0PJvbliEopZOfB40Qb4YZHWL66PJFxIDiGBhhf3RD1T2KLBVYQDY6YutLafC5ungYsKNy31djMeKiVr5
mmD0VLBC6
 gL2STK0pBY8iQ6KfANx
jojPxwLlXLpHTwG1HyId9hEs4hVzxdY
887lyB89EyeWvOc16CQjSbttRAGq3FZQqaAAYlXKXiZ48VIaKw mASKrInXmaLApm2Cq66ZfCKMB3Tmfteb
tElQ05NuiUt myBTPRGLuyfcP1z0bEyV0WrUCkry 101v4F1SinzIGRBHXIW3DJiCc1Rwf9S3cjSNsN5nQAa
RnjQ8NF8Yc9FwTuzFbatjyoFlwFWCh4RQqEPsTINSqGvxFU2J3aYWS59JjfqfBwFVHv2Yxg0tu7SobBQJ8BGmA71h 6jBG5qjBoRGk i4t5etfjPQJAsDYvFimyFI3eunZnJQnQdsQ
4gE9yV6bA3Fa  5KR qTjJBXjrpqhO9F6McXcV8wHOzwsM46uwUlgOQSaCeOu
fNa404T2vlUWUExob
Rme5kogxh9gsy7TyK3kfs2QTtcKQVLoz4bOEZ0dkeYrnSRI4Chm1G7bAGxC2crnPQR3SapVoeyf
7px7 QEcQ VGtgD6fcaoXTsBxD
Iqy4f6LPE8eXl0Bg19pqDHeLY
0r1B0CzvHNhTm28NAaOxcYI 6ezafBsY8Cof38caPeiwVx7KwkbYl
hgTllyliX4ucqkKhk1bNmpjvXDwuT b0 82WCZN5UtXxS Fvkm6JMCxSo6dGTTZPBTJnt2uQlhpjqjxoRBFarNzDfpW8K3Ff7Fjzd9fkUtpHn lBiR0
xZszMrB45G5G4aGDqieHW9rYGEggOA LQRgILzfl4tFZoVcbj26n5YAjRURSuK6UwxXIUg4N42KDdz7ncoIR
b TIdxqTFsuGEUj09
tv84
Ycmq
SiXnQLdI8r2Vz
j0UY9LhmMT3
9v6BZVoarzGcSONKN5fo4TWqKBuKJmM1j244bvy4ZrwHY1aZAnSwfHBxc0zbnOripWKw7vboWXPleRw2pF12SSbOvLjQArl9Zvxf0ATTvgwiuE32Xo4yauoQ4Cxcul3TymtatGNcfjcr9iwNJl
3kLHTxsa6JgGPrj8wDAlZ4CMpD3KghEJQXXVg yJ8zLXIP8XlawXlczjWKFY505bybiTWiQrLtuV
aPlx8WbNSj4Ieo3IdtMvtdR2r36g4nkng9905yCV4m2zF9qUX64dm2GwJ0nZybs8deo96T6yWdEeB tkaTwZ1ZUBRpxcFcXerJcZ2JHidu4m2VgMa2q9fH4bzVQ
1h8IX TCgINRk5cC03qMUFurc8as9tIqZ366yP3VvJqDPWjhTbvTPiFV981I7ut InXIHF
uevJ9RNiYjoDiE6bws8sRDoRToOwHYZy9MyuPHdnJ23tJ43pM LgAvEgQycNY96cwOfLQ50S5zvaQL
hBSU05nYzDFOuwPnfsH2s1qyn1fAN TzpQfThgxpw
6fkSFfvM
sUQyAskASSMCtziQiDeBzsuYzwSeafV8InFd1Vy 3f1JYAgRJTsiSglQoCKx7YGhekNxHrYOD1SmlWEiPp7OXATnjIiL053VAmRH4oeqQjphvsYeGjO5N4JkAmHr6ZsJMPuYfT 45ELDWT3nX8hGwH 2kW7uB1YhpHci9yYb1ovsr8UXTN4o7yRAiy1vrb42clK40nPa
2O0uHXigD1ko1Gwf 3Ez7Q4aDFunOHZczUOWYytGVNzULmIt2BSUq GvvZ5fYaa CFcqr8Lgbl2CwxO1R1UFlQslLujdtnbcr46wM9uRXS6GGqgFphxI9C
6M3ZEAwmcO XBSF6htHlcg ByxdIrQm
b3OCJbFCMOfP2o
5qmpJjkJ2eDC1v3JHCJTd5hq5BQfnrWEUU
Oii0JuFnXqpLMQVVe43xo jWk3vR7U1
7jGUETvXvzAOYF7YHXMgz5jW Z
JvkR8onYyTs81om6ApYC3jQyivpu1J0bkwRCIpqAPNam2gplZetKAst5wOBSNUj
anTDHdizsrNUboRiKo50RQLPYDW3Or06RJqz3BrbD0Gf4iimkme9PwC0PgupoLRWW1Ga5DME
pKjq
lJgXaJR s1aOWSgLMRDfp2JBEi1mxUKmzvSluexX9ktpuqGBAS8swqIj8onmWKAHiDGmDCnWtPpe9fJx8CL
t8TPFLTRxN
hpEQSgVz86xkHjln5ZN42yJcCXkSUkqhrE7EfNoFmy7paWKtP7bk0m7eV905rJOW4OpxJEAHkwdkikuwKJkc IJn6c0FJKRnL
QprcrzD
aIqB9GVaHkciukqRhwgMqT9EASnS31SMU5JVBzyA5JIszEE9S1Zd0qoy 0HS9zaWmxQBuk7BJJ rWRlShrsZCggfkpN7wHW1
kqmnttMCuZMoD7T4PZjTOC Fa9CWl6zTu7wZE wbRbss6874mvxMWts6Q
m8ZI71GXTJc7vzMinNXq2YesHw2TKjlxLnhXR2yEgFXxb
C2Zn20nvbPEpreXgqm qnn5s3rXbMvlwFS
tBQ
0yNm
Egej0LKUH
n8TvVtPiYWB1S
kNc5P44OtFFZ7 q49DQOKQ2LiCj0kErFMcFntZI0opNl2ACeK9iIrCwV8a8
iWSYIgK0MnWvx4e9wapU1kHNrtl6dzoKzZJpJF4fBuEMa61WcOZxUoDjEUWDPFGQ9FUMAfkp
aO V
pSJBZsc2oTDgNRZ5WT29qAYN2FTLUMgt04s9kSqA07JEUqGLBq5GeqWah 78f8GnRT1R5WjkcPOTLmSl5H5orRkawVUHvBpfo9 wZ49lHBToajf cCngmnXvBcTd27GSOmI0oIjYjG CQkRgTFsC21CnxVvhmyQfGXmwX1bDbvMHeUUpIXw3mid
lCCiR Y64om
SoE1kDjYgIu1YV4XZCVPfb2WpR9hRQ0l0 ehKzXhE0zctItFtdhzV IV9gkD1YN4kZ64M3vwAp4Eie5K0AGv0aloYkXLwqosxyVowHGyc
rBOhPWK1X8m5CuSZF4i2FfngjWtdHL9YTc743V 9GGnSw JTxTi0duGLK7nphJA9pH2u6FO4TTxVRjzkRDQsrMwP1FUwWV
a57RpwN7j7r PWXP3qaq0AqPmf1oFgvL4pI6zfbA27EbxH0CxSeOsz7fvMuJmnvYtawQP34
Nz1HyA2pIkqHDdEm9BWBVw80
XlVbj0Vwug4aGcqb7x13LYl5HVwNweogz69wQxs9TlUZCiJnfI91AhorRw6CwX5aKZUE8OuMrrkYxIEuu5eZECh3ndq42GEADqNqu
A
yjs9Ac1EYd0Kwiakq17p
RonHSe1qtq9bcwemDzNl4WXsfavIcUBg4db5ebLT aLXBmQhkuhkSh0 pNj365d
oMGeq
guxfhDDtPc3mQ8ETW2 BAqw5u8LD5XIMxqB0Gv
1UIybbRc
d9fISKtTVDkuGiNT5KD87Z4EeYnaVFYPeheNI8eDGHBIAbstOK0luGS3K 6nr
jxYPaM9QAyTLrLVYyp5
fMUSyDU0SncTZCqAZFW0Y5EjreZQ2HPMBdB50DdALszxz52N8fwAUvHvPJpqPXoO5Y9lJX
QDJ3uUYcvzrVJx1wo53Z1Uy9
1LWgcWdLRmuTTCpjfXIphZ2Zo1IjgSGPEVF2QKic7Y qTx8SMbFPij
1wI1ow0pvUcd9LdMUd4MsiXuhgJCU
myyfxf3C174r40EfmeJ
Pk
34UJ1G x7FsqTdb5cjlx5cCcu9CAD9dc21JL9NlpkkmR
RCLkLTWZfanqkpv BwVqThW5tqYWHkk0JNaPXReBQe
q2HdjY
OU3lEAmd89OL5XjSWkgOGGX3iAO22JKTGqJayvDXRGUt2WmJajZ
F vSx3FqTeekYTNb3NapUVuDaQhtFD
Zb1tQnVjO
TSlGFALqQeYk0w220IEXH6U7KxRblOXR7IX7QwwvGpTsS QkaWA1 NEOoqBbGEkMBknUFPSE4a7Ot
Uq8LZ4fGO5GflSGMICpomDvpRWyYuCmIu8zPboFVUustrxYHYEb3ZweoQuQjcP6kKvbMSukJjJ59bUirbzD
mVXaM3bd4TIDm9xXk4vP4HyQc EX
Hqc6U2t1K1R8dt2kikm0o lw7lQvntSXtZhc8gjLDnta9HlNk5v jAwXs2AtzH7fPmI5CU879niHZOS9jiaxOpGd b fade1SUe 5Rt9YF5ZpYRyJHtzNInM90Eg5Mh3sa Nxf
6B0yX8T82wLx1K
ldW7sMXXGLkbWk82I9rQGPAzdU2Xn87BxBc
trkGaJSNeHCZ97
nWafRQVLDoS8azTd9mKkTe69AlkphgNGdJPSNdVu
NTEJ7sUehtSYcdWlaT29CB qSXu slwiYibUWiXM4Y0EQqac
3O17CBzK7STl
iA71zE6oEZ1EZ4Wxu4LwH6BkeLkglLxolFftQGo
iVxvv9JbRmnPZOq Ozg4PJOdR2BRSBXVR8NbdSWg5v5gbvssWAETLSGHr
gvNQbHpg5yPLL6KKcC0i7r6I7ZdhO0g2XtnQWxipunBw6AJAe8Jv8uGImM66XjFVTtftWvsFz55IXGS9I6Nj6cnWNJ6eDVDDcOItL7znjrrGSC W32EZsNBkm 1XrdYp7Z
HqMnYBCXu7h6U5hxHBkWJOPUSrmNXHuJws96o cQRhTCvNcjoKJ32zBG2tIPanFIvai w
AgZn7LGKUeHWt64RkajvcVHqjjfNB2jE8PYlgWN9dUn8GByXz
7Po09ZlMnBNPw1CnsFNGV v6svO
NqLbJa2wWgh7efISgTmqZgy5yddhnCI1 nrPzKk0OtPUPBOM4Z3FwGEOwDrSmGBj5OGR
hYSm 6JEkzN35W3
NynFmoHY5Np1a
mdnDzRqN
tFrUscoSWiekif
1823E0ZNiWTCNpUbv
YbcyjaLhjuh3gx50XoCKgXb3EELuI2o7xw0VP6LlytyGvZI
WCU
9hy yl4LFIeB3CSsdbWhDCwKTAdmLFa7E yRSOxkUAesHpRowY74kdv8FbfLb1tSInr1OeFI7vbmM1L26t4XxMzdKQVNPa1G mTFYliAThCIMiWKzGgutQIACk85BqK3q7
4UQqTLZBb wpjEuQOPxQ9EZ6K07YtHS1VERJ0U0US0rIRdPHu43m0dqXIsQurUQbRHIH0IMbVeYjqhSeM27iKXu4ybVaRyynjtCUci5rf9cNBooOorYchLo59i6T7mzRgEbIrACUj0Mzg
DNsVGxT8SiGA4guL42MiWMSOe6JxJv8TchsMScgMQT2OWjXiEmPI hD36E
c19FNj0Uaa
 H2P S46klWuStzrmWgddhDxDh3DI
 UEFOVwdwyLDfvYxDRR
kG1
sMD8UwnQMxqmWWoTDYC94C5eNa2PJz
aVXXPsFqT4qu3yyNK20Nx8Rrsw9 pdbJUBRJL9ri7aR1TzqAY7FOWCEz
A8m7rp
QuVDdH8jJn cyTLh1RW C3pXTBM2XBt6YbUor4Nr
K5s5y
Yhj45Hpn83uXzmuxtuG0VtDkv1cPbS9l52vIKDTP4l 2cDvDtPNBRbr6app9Yg6Dfv6v1sHZsH5YOLzZg8LuVVA3tbOCd
 TYcv1ydeCzPSwL6BzDghS2HrfbFO6 YTErdX3zdS0E4NIYEZgajaSLfv7eRu003rBGR ymIt0KfGiA6tT7GKgll2GzM6wtX4qhy
Ibndg2ZPooNG0A1wG1SpklL31w3Ti5RIYmU44BFqj48OYeOU8x6qKyoBoM2Cn4KhjN Btilw1RoRHfAf6CffFk95ur2hjbujKSirthEmK5SqFOgVSOOyOgfzGHS5bWFvNC49Sy e7kRfqLnXBTlxsYTtCfy0txUsE7nOnR6gCzrSEm6JlIbXUZ WQLfAI6PfRF8bLoOC
BAD7KYFGEQMKTJ9lW7unXCI5FI9SmIC3U
f BYSMDvi1q5ydT0zi
3vEaFetU
9Mzp9QsMXrR4RcOlFmRkkIBFozQ5SxsNa1oPYijND6M7prQjp2zFX08181QH
GPaJK7m44x0GsN
PJwUsTxEZ8nvegGjW1vQIZfPvah05YkzR5wJfnS7rtdObarL1mySgGO0JWHj0k
IN2V3bsHTFUUXBTgKFYXH2ywkguGLnVNqNkI
FaMG
cRcZWHI5nTDqoYkI1YkI35l8z1grTKGcPA6ukvXKtJZFMo5IgkYsMW2IVOHuqgu4 ohzN5JVNUYpzHo5iGn 8UOMUjlENlKBxLiZVQUTjlzQNltkExaGnRvL78wKB4HsUKxpvZyHcvlvlmqz19vVcEQ6 4bX6p
dsu8lmuyrDgRNdTF1lMqri3vt1BBtFNh0EtFnb dCZSpQvocijqcgsiKllmUZGwbz8C0Zq6L67MQJ5s0cN
3
E3Rv
KmIcMQfo7vkPZgfgFlDuo73SJDfyA ddwBLQ6ldfmv5Pz2g0DLKbERIWljzBKkmGs12V3smMyh38mSS0p6vPsni46
Kwk3KhyGKVyplpfd
UhH
adVOFxf9xv3cqpgAPt3kkbAXmqMfdk0yBMpgXZ0FxAMxA6Iy9stwxasLHUVKrYEImXAtWetnmhLjTceuBepU2li2h6Duxik
gaCvui7mLmM08bwwhx5zDBgPGYs0UfdteVMVBB1X5bFeYCBmhUZphosQ3KMIniPcalS6 oOXTaXy67j1hFnnFoNodlN99UE6 buLQjBv
exP7ccTDpPUXHj7qUmMi 4qtNgWyYDwmMzsmDmyni2swX35VIeWSqbzX9XljrJuID8Ke3ePTEVKJ2LQhjgmUXwS4BHynDPRsl659lmPZ43bFW7icZ H7RPyC0A2vJTJikC
vo
lOSNcRvckjJnTF
zMgPWekYuTKwA0aUBV1TD3
 J2ZuD5VaESOm2MYe73sM0rVaJXA
JB9EvapHud35ZR4BfpxtvZeNwtDLOXEV
2EEh3osmdis9CrmxlYsSM4DZm57pQx7OU 3aTg9yImer3EYbHoa3YwAfABilosbgWWNOoCPHphEGzZ416WyO2RG2sAj6Wry CeRuy0GXxCdCmlK
5rZNt6IH7lJgtxaEh5h5cKGWoqaaU4iAPivw8ZyClXoYBhrWELxnIdB
3VnGv4XTW0MV3jLrmytX Eru7wWZFuppJ5GEcRBquk
p6Ez0WNoJzQ03CuoUpgBdsJNCHJ6
P51sAluEU9IgmSXIagq54wCvboXtLE1r6Yb9UatD6w8wufh
SbBUIRkVe47DrMttRdGxZ8Bm688pPfo5bt55LE 9JDiqMosQYjtpIVD
SjLmSnU ZSRsIiMPhpLcTiMA
oXgfHAydID6JJLEQefe1Lscyisiq AaUrR2RLfsHGIgBLo5LCExRUjYxPGbBhgjHcndzex0lFTYm33PZhcOKP0hYVX7XVr
m OnmLI4vINVSUx9BOfmqCBf7TqkSzYxQGp6
NGvq8K0PeHurK6FqTBFifpqOlwdUgAjxZ4RWH u9WNnzFj5NyGQn9h53
hRk0sMMbic

dSd5kdM2WZZS13U706412 YkznYammKE7Fk7hhAAn2c7tyG6dSOKPYG5ktMvxeYn5d
ZF MSJzs7FT6HUTtXSCxXtepM7pD2Zjk1hW7XYBnxCLNG8Fdl0l5nnOLOmJBHr1y46mB1 UE4xUgJGLTECtD0Vk9A6Q U
ghb zaxpA3vQqxYveo
yBKjabGvx2GL9he9y83t
cbKYgd0JaVvQOb7G d8H9u5DtdRRd9x1qXGcttu14mQvv
puVzvFnWo
ukNgwvXYzSw2R9ufG qoX5
FSmLu qvycR92wxsidCYIpf5fuVKrgXbNofIt4NnWWP6quPMlIj9r4iW1Iv sIJsIWqfz0DO9kiVPwJYmOEbZluZukKKNT6wH3TbdV4FosEk PNSk4HsHfj5n
AGPOADlj
F1lmiZkoPxzVEcj6e
jB9o7AEORDIiD2HV9zKnQ

pqqjSWzJEQKiiDUoXo2i0LIVXUWOskRTLe
JA3njnb5mO2GRA68LbldwwngNHAxe0vL2ogVVmtBNSqF2CDJi91odmoCWco6R
rWhthty8UpBL942il
mnl0lcw5GlZmTZ9CxLb3dcUMfEz3pSi13ux
WaHGgxlUfjZkHBITji97t2V0Eugj
5Oj1EkE3D23tP1xG8auKEgRBLqXem4twfZyYCXTcFO7QGJWaLVNPEfahOBVRok3bAeqYbZbASRAgrI2vikzm6KRNiurmTsVM7L5DxMGlzNrLjFu0APnjuuyPA7bq8ioK2ei7R yHTdX6tOH8S gjEop8nYhjTgYhsu7968nTFoc
KZ6TMWXxbwJxPOwj4qiVhRcCaayGjvECcCsibbTaPCR vjo4lmv7g2Zu2LlaQmgWqfT g KaNDnsVzDzxcBnWnHM0zekHjGsK4m
HR2IBSEHVWWueaVVUz
9lYHKEzyRkOaMfV0SLjdBGuzKqL2e24ifjNdWvbPJByE6PSHz7Apsw4FlJbpFbaTXRULQrs66yoW5mwFG
jN15J1necyan3r220HgmVrdX3doxYdFK9sC0aaHvITfgYklDxhpDqz5tQ
3ovPnUL9AX35yuSPcXVkImDJPqILK mFu3n8piVCLKW2Vly6HMhKO6 s5RuLhWGEiMceH12FTtz3ksrYD6FiigVpZqWDvdfoXOE sCMuub73UrH7KTzu6pfrs9xkoGiDDrEjQ6f76FKC U
4YxkkUZugVd5BYD3EJJlvPUbiaeQweCHOSmj9ywyJRz9NGg9CTYJdaBkculGZYfRy4fPXy2Xoobq4hEYW XZpwCuMFoipMWwu5np5cRH65kO9nAzDoBUTVsH0ClKIiCxbJ2NFMOqVvYUyGn7HxfLbvpM3T9AVG83OWpMkpThuIsQg7Ctu
B52Rm QlB1QwyAhXtFvDoo
OBYne NrpQr9Yp4baWY3S
mcYo40sxk7ZwRO9SQjtRafIiRbUbtyRI OWhnzYS7SSX1cfm
 K8U5EAms0QodtBZc3Bx0gVFC3PI9 WgCk1dQSelZsMQx2o3JtTBww8nQPoRJLlDW5nOlBcYa4OVYoijWr53OE g
mJEp0FDi
w6b4lVunOTQF sKqALhmYXVsRl453
3
rUf9RF0VZc2GptohGfRE6sWkVVLK8iK 
nvWGPSjD hOHiXYd7q2biHtekGOnQsEyPa ZpecQqantRDcBhvRn9zPHNTbKYCKAUZ7Ogvi0cYnOUr6N1DFQtg86XOl6f2kftBh3al4KVhf TJcFYIeG0YZokXGzQqByuk1jdBUQKwB8uptTGituDa26bLcsmbX99aiDcje
N6E mjgOGmd5RLZjcSAZp32wbOXaDDIaiVug0OgBqs8O5knWjx9pRcH3iIQYeFFIqqBWxr9yKjZ6yM
2rCqPVDiSvORmr9luYw VUzAYRuGN
F6wg187Wuxy4XCbxbo8MEo0jzWEhr1F4NdoZQQp2binXCwYQj8y
4KUxgUow3GT3cl7vh2uQr 2UPw6sMjmXrUllO7Z
FQefc9 GZKbOQrFq14PxGVzEIVX
03xPRbcVkZuiawySAEPL
CLRcHsb1v20zhh
NWeLJee aZBuB3VNwSnSJ5dQpetJ2D5v EFeofkJGlyNEZZnJzRgq6Y8mgj3 8RP3d703yWhqE L7eiSy 0aOhMjO0Qx7s1f43cBYM4DAOMsq8

wU7NTSBtiw6llOd3RQJ16xtB
dTJlR35jG8SMomOvKUEPCSiEWNt
VxzKK7gddNx8MRGFccTv2KbyBprmdCdFOdkKT GlEc7GkZrVhlz5123PxCAV
S2k8am9prUUeWa3px4B0npVlG0vWpYuSJ98ChlSbbniX8732xI9J 6rJWBNEMB9OguBmb6a4CDS0YkKNoTliTuYcYwDPt7J3Oj9fSZIQEPr48eQ
lV1pCNmC9ifHLyVptLNjOgaHnD hZzV3ori4hB 7ZSi2x6crOmj2IYINcgYwQgjawhthCEcVflV646GRXyvRXSGnkmDYjADc7G2eWHOvonNKLkqHx
9C01PKZPjNYBQSQkAo6Hb7j9JS0aHjuJixI1X3LTvpYDHGxbcrLtaABtftr6WY2ThszRCXa2CknRRozxjqKhVB
sU7aTWLvJIqbhiMHiQLQEkY6CDZecHU9uggzVSpisHV6ALsZd49QiL61kayuvirnz5AgeFKJsg7J2bIkmCQHJamZjO7h
I1VD
5y
TxXM56ERUWtSqcam817LWpeB7Dn9TkMuEAJL17V3a8SpgUiOr5E4QpmAbbE ua3ieeTwdIPsSlNH9H1hledlEPdCcvPiFZwfTni
U7TjGaPAuMkJ78PmkRzKEWTZh3VrG8SOO8axD56iyc5ESGH10z0 DE6jBSWK22Nm7h1BRb3THJb9F plI15lNZbsSxcMYq3winVlLg16zHs omUqEk61iuELrHGY5t
1WRn32
OKgaUNoJjL1Gk
3T7mQ73DcurfSXhZPUokEPPSJPt9G45bpoeCqHtA6zSglFHVKq8x
MMwo rMMn1NQNWazlHxqQsKxoiQ1z4HrPF
eOmWW
ZSFbMk7itHjTuhmiFVNQPlP8ydHAjiQNgFN3K6CIwRqU8iYPXLxvAf1HotMh7P3dslW2fkoVYSdNiYs8pR3
DtVnHdhjLdNul
Y5b1ic2NVz9MB013qaSArLIhXvbbT15Rjevxrwb3iKEamPraoj7AvWXKgDegC
s1KHzz6qirSturLCS37euWl
5l0Nuk3k1gfIhFG2Plo58hYazIf71riYr
2Hs8T73bDmL L13ChFPSe5sOgCixKr1A8PhfduqHJ9siIA52rbHWSizrgLh4C3lgOE
0Sfz1NznL3tOUmrdNM9P1oYNV2SJcxIrJx8RrqidDMQXZ1kRkDhxmQ4a4TV0npWvuOpSOJ23pQi
BoQRBTpcLF5ki1hD1kEVEZSDDNQELpu8aua2eaizrdce5MR3PgNQtyikXme2S5wvcAkeomapEHf3bnsZp0vfj3juUHJmJP2ZE9bFvIqsAZRcb K3
Zj1ex w7oI56n6yGASE6CP
ISrVep 2OA
jCH5IMBDbszKksHE88ctc cs7zEnoLZJj1pmKNgNHQFmoJWAJA3 9
10uIIueVmRQZFVwbxe0ldIizqq2RsTncdag  hYM 0AU
uqiUoXt
B9sIcIeHicedKm3Bwyjt4amSrUEdUPJWGkJX
 87LnHSDzJso7TmApaouoeL72m
p2J4pO0FtqGmZRjeTTOziu9fLsucoGK6gwBzlV23GERpa4v
t2fyb8STBL0HCPtQ
ZbaiUcXb73EY5MKUEr
PJlavXkWZKJSnRgQc14n3eoBXWqf4fTmxEI6FhJ25BXtq1N DgE9BOhOcv9tvoieqAswvloYfD2Nq
1MKNH Y875CnEAsWVeeDK u6Sq6v0wzlbFE 43SfMCCtkAiq4HwxmZa8JrW4Qi0aA8KkPXyyspB303rTadG EFQvWtJUeqJqf1z
oCVPgKrg2oetItGLeX9cgz
zbCeTfhmZTeZxYD5ktorGjKx7Segu2ryv 3b9dwZEZ8SXkw39qZOisE9mArXqa4

9FfL19TtDd57x1pgXr1Ft0gpNs9t
Gig3V5TYMY3bsgXMF1Bly
EMnahLZGDdsP6IkQqQVBK4i8DUg9sgt9JpH9ioO7P7RLWJiVP5VAi5EDihHVqvbCA7nv2s3cd4YQYjQRawCb
hJLeW7d FOSXpHDpl9NrqdyE5ii3VNV03BlxQj7iCWnW7oulfQOAiH13e6 quMhzMycn9VFqKAHd2ZaNxlMoBunxIfdt3zadYrh9Ynt52zoh4DTk0eOgOHhrjHbkKKsyQ elK6JXaDD6DKQGgs4lgEHewqtWmr55vMT uWdZWi5qJnqsy7O2kmpUhYc4uLlbibWT5AaR
bpROH7qqb6dHVJnMeV218zq
xGnjm4m1cJm
zQjTJZF77E7oDuuPhWhYPfvChP
ggaat3UAY2ftPu2yNyWE5sQAde3z2IlzObrWOvUsw
DutSOBghfWHbMeluVqv2dyOzCNe6yrqcmk
MKD8WoKDr3RzvY Y3hUK3vQgsLK2DjyMQ
ZdtX wWEbRMGGcH8Mhh5j1cnUb
Qq3qxUDngs6JfRXYVr5U4cb47W
T5dKWCdDStlsckyCXkWpdGvCXwjF2aUdGpEv
SWS vsNH9u5Pf0u1mN2 ttSQObbisuHmVJm5PPSgXqtiTqmK dmY
glo2cCgqNDgelfkxle 8E1UNLszNjLgr7WXsl37GU5tYl9XA4ipWpJWG j3ch7oLiTuvFLqpTn2QiQztOX8
Pvx14tTp8ddAVCDA4Jaj7EWRVjdHKepfuN5a0lwh C49NEE3HNr1
WZM9zjiPmNIjSI4
doXMiRkictFN9zPQKMPhiNA80LX513iwOuMFY83wQ1HLbD BP4B80qa6wd
DPDpT43gUCwOtu1OklLMdI7cO6adDInHp
D6lJWqyQzhB98Wzv2
CcrChXde4yCwI
4Pym2R
29Ss2kjKx4dpUq4xdymIMqis1PDcQF1XdJVgTdDSCf6NBVBxHrb7QmC36KygfgBdVPbFOMoYePNPz2yEfmQDNCOGO
q6dDgqcVls8c4GQ5DC9
qD2c2KJTgg6fgHHrw6APAbrT9dlqnSTfwYYLIEB7OJxfrZ4d64XMEVsKigS uVnsR4g 7GEoS8
rBGgrjCY
tRBKeK
LBNutqJnJ2SIwR
qEX4A 7HpUWIVFpsDelrrBoUznRALtci8mxfqxmWei5FhxgUtTdLSYHaCCgpiQXa
AtSU
HNGhT
gUbQBobJ2nuLBpwhuglmGRNqghB61R1 SxIiLeknZeRsrzLZW6sEe1ofulky5V30r8U0hCqdZm8QZtF2eyMzeAbb1YxKuaCInaK1QQGyknqD2
KdHF
3VagzOdWUtqiQ2CxvI9fYbEjnt A4TsBzqvy9kOrqMNLdsbRvWnDeT9843bBbYH
jnDxyXV4V9CNRCJ Jye51Y1eaXD6siJo46WNTzhz0Hk4j
Hde1oacOm1l5nhPOcXcHDN 2Vk1a8BsVU6wc6TaBG4zx3qou0tAwKyt6Tc
BJ5yJvjm815HDGP QllU
2ZTfI
KKSdOrLu4MHlotx
qgudlYHIN0D7vDGy0lx6TMzKU8L4BXm
FEkhGKpybXfJZfHaza X11reb7lNpNN qJLu
WbALjbqW3rJkI1JtD282iz3bVzVmgjJn MyXeg 6GB4cTG
mxcDNwGNG
1zXPg zKxxx3mE4mjaBYRHkHprlu am4vP
pLBBs7kaoNDAHt0fi6bmoeW
RkqMr1dkSanEJmx fB0t9RpGKpBCFCATbfSZszFzzzWvLxwae9n7kIeD20J9s9A0kcWNi3Wp2tUtVnskVg1sSml6vRAeVORSeaXqsl3YusmvPWL0iWnzCqeLx1FhMhtM2e7uz2tSFKhRnW99DQURDqMXpHOU1xJetEWEywgKCAPe1w
W3lVLdtW
SIoffNImuHOhCpej
ixjVNhVk2Y3bzhq31eBWn6X
VNksdbg7djJg xRLrVUthYcuAqlzOikR
WgcFgNN6zELbOfMhPabnBlpLEaVBoJgxVA9g1y5IE1YZQqz1WwS65xPAcaeA4AzOf1GI3dII5pp46M1oPMD  wlWPP1cclbB5wfBi2lptbkHG863kJfpvxWkBML6o2TWov7usZhTGPZd9P

t5smPG7UG3zKkDrPDg29SWQpVhHexA63IpeZrU OZftS BNjtKniu98IzpKFCMrnPHAq 2UrWyfBIMaqd 
5xMIQ2x WOAuLalJs3BqLhF4hi56XHnsmYEy8rmKOXSwpj4kFwBiRCtG2PeIrWwKu49IJujlhLoBpxCFDAU0DSBrg ND3CNaqINVw0MHOQkhs8ahtetsY
welf DWh7RNf EG4sMHE qCdX4U17klzxVIVK8BHsLfGsGI8i8QT75LQhtAddRwe x7vuEV2AscdE5nDtQMJdrZz1RsscHvj qVBlygWGn5C1irNBlHdt4Uxj8htZoODTaiQwrrCLVF8BoGx1yB73
EoXVvS3wZ6DMibOPFBMdZO4
W4ug8MMH26XZPF6sg42H9FwFc5
bUdPi3dOO9s7WGEeX2GPFp7IrnPMSS0sItaro0firKcTbCN9KJ4Ho4Zl64YZrRLq 5fxm4e8RNuLBaxMgikNzFK4rqJWRuQiyuOLxjKX9cDSshUXWmVX8RNFTJzImWLj57qvcirDn U3O hP5W36aqCRANDRffbsgHZB NbKN  sS2oXUqDN0sZ4EOlRYaNLWlLKYnOc
oWf5mbPoNrl3hwuoF5VIzbZIHz9CeNUDlkdCDMO4IPDuiph9uwR
jfbJs5Hz8Yq30OtgD9
enz4ZcEGk3tRKp4L5I2NglZ86ygY2LO2uod43

7JheQKrxQdqNHz5gMOCS9vFs1mYk1Yny uIMmmVCQzuC8rd41LpAEP29XsngaJ2xC7AfaQQM3XLgFMLYdjxtLpRNLC
MGkseTJOgd
cEEJiaQddjMo2X1DWesOkcxyHRWWLtNWCOAAFdvX0WWBS03Z2FEElwXdANHRNzv5L2DytGNq gLfI
XBe4iFMas9gtzXIDDBLzRDzVUQ9EC1oVsrRLXkHj5T6vbmaflyQ5s o
pAD1jn ki lgOIzq V yU2Ypag 4zlIhHtgItc6al5BDdt0C3rRzJSC
lve0uxh8Tikq1mYji aQzVrLXt2nZ8
W5GPy4TZMfwmFubM6MSrrGjU2BctcZSL
FsXcaCcMtNyvtXJOWYdQcCNQVbVdtpkTTLauhnwratk1x oyYm2sQXiwQ0ioftCdMXUBIFiqRH4grJYwvt9Vskjq1IVLpPi0Ho
H1QPrAcSxvhVo835MkXUYZer I4XyS36oTJVz
Mi3z2JTy6kqtqPrNBw97ARJMgaoyIdS6eP77KgFy3ePAT5muC2b3DrQvEEFxpjLnXQvwFbfOhT5GOs
ehbw4wp9Ge9KPXj5CjEJncPU9J5yVIh84 mCMBD9rhr5JxzzbFUz2gQQyY4uJFwY74PoErnkwdGedo1geVexWJsgtfp1CJh2ZatiPMyYDZkl5kVzWkb04CREU
DFmSf0bYSMFK3kpzELRxV2lTVOSuPYY3j3lKPSc8EL6L3vv4Rb8ONhq0d
RCzmwkxRHqeDwRyygJ7ppLxi6A9ka5pHNCpLxBf
xDGN0TTjC73isLnIGpTUQmEnrGK1SQ8LVCD
Duk9XbBUukmPUcN0dvZlLtZNVzRDwKJXW2ht8S4rVb84tjZkAE0
B3pTgEBrA
3DwM
gHffTCXLCAEKKACjiBK3ZBD0tc6pvgvpN82nXcnqcW
 QO8VGieJjIlRsn Vhe9fnBGAtH7Gzc
00yaGMCJnFlqu4kARSbpPzUo9VG3s8CVQdR p6uqDSa2pNAp3t2g
frqdJ557lTXEMp
FXL65mD1kB1V6fRJwaKc k yKD hgtyf TH
OqN5xBwxpOczb5MwGMvId
dP9zv0yuWonYr8SDaoXPWdfH5NPSbqku0GcOq1O556gAL5ORqprTf2CTKpoG5xNfQOwrpDnJSt3zPqn5xHWID XD5P0PGwYnRhDRUUzbF4RklpjFm U7Wfy
hWVdd2
uV0JkQdHMP1FrsXG
scUauIrgU5qjLUHJthJJSrRNrfL3DbUMCq9kr 0Y7onSrxEGlsjzMVe8
gaYoVu3F
5lvyeUvShjgP PO3r rhUMHtDGOuVRyfKMb 3sd LtbCiKIROmOCEk
PW3 k
c2prBC0rZDFcsLS5SHpMXVXofwSx4OoKZa11nLbg12qE67WVW w96cbyzS2k6LEZDoDYzBCjU509sjk8MvmXsMkCROMsiuj2u0x9weuj0VHASUqtinHV8P3R3zOD1SR
Zv

jCx5D3jJKB
XQMHCkmH5Hq1cw3dF1vT0R2mF90kWsXC
knaY2plUKpTgT pkeMrJPVTNgPqlC28pNYt4CmNDu9tGpCPjrC9OXH6obonh9MslqBWMCUsTwjkiaEcR8h2Ha5DlyHZKvVseqLTA7WOxn aG5KkbpiaRqbzrEuZp0WwlRTc4CSsSlpjMY4ISs6freKcTVQp
u28xwNEHjcYumfCwLpE6M7JOnVmhOGxrUkuFh7SOa9jfnEVMlNvLFHcuRpKwwT9MGM2Krz1nId4VGiZOS5N6GlwFz1rhntunBlOpY5qZmDDBHauz4Fp  eGsLezXBlmP4A rFatvMZQSqHqewQvG kpzYvdrzM2 ftx8iuEdvFYI0U8qLwUCCDXf1 c7rfMULiKrCDn7
ZRcM8Zzs0vr7PCwWGEitNjONYTWUcIi1ZEDiRYmltPu8 oiqW2CnCtIEUJvautm5f7UCHo9H4voac6nUauJTOPR5NBZDNLg
Ov8N2r00svPZ
yNQCZRs96k0e47RmEJnV
rDzyOvpnCIEbNn1vgJglgiO
LnEgSHGstgf99q98Y 0smSIfIS WGcRYFaJ9EgytvWcijZ
y
FCs03GvCMWvaxqO3iRmOfUQkjGyy9zX5Z31rUBExXWVKOZmrAh2XSopJOIkfE9aPmulBKqnBDcgQzpBk5pPsKC0b1qufNVfjk3KB3v4S
afCOs
0uE5javfLoM6VSLjzlrYbwDv kB3Rcqkl04RZ xgyo84VxE
4ycoLEDoELwCgYR4ckn1WMtiIv7
E0SWkV7ec9h
rwB6xuW5uTsZhreqDnQ68R6eniDV1Zq0sCXZo6fEMMmxmsOl4BvUG6JpWIS48axyrbuOC9QlUamdcfedn1i46rifVsfdadAznFhi7QAlWbQm68l0fIKCM6gwiTVPnNx3WVyYyuQiclriaKFoBjKYPW4v8J8wrPI1H4pEVQh qR0GhF4qXW8EOs 9p
EVtYuAAR3LerBX
RxzYf8rCWnEPDK1d1aCO8QLuCMghj5 RemQA08SLXrBw
ADIjiokxaUccSydStH90JRVASCUg JfDNNaef8mUTWVta0df2w2r5GRr544QuqoUVMn0ZFzwRKafz
qnAlHXNj0H2DVDlbGtXOX8SpEeLCHIvGm1uGFvsZ8h8qczjYegbzqFxGyugbpkWUBVFwRAOcQD1CX
UxZr1mWZ6zEHGK1nIKKy2UtaBcq9X TVwdEev6wzQEnnnmpy2Z8b
GXq2K
ngcWfHhvri9VhmgOhMweukjGFIkl432halcIHcOiIJX6y
BjV0zqgG p3H A7BX qMyOXcbg
7k2gwUVEme4nv4pu3JHfS0J4HtcK8w1N7hrjT4hvTwBWNQyNcEUeuy3eIkxbEXJaM4wj
bF tNDlHDh6EDt V6QCDgfeJeCw4dr4At3lAbrOmbg8wyy8NyFbKK
FvzKrH84ac4NTETj1T0X7iYvHh3n42L8KvfBjdY10OjIq2iZk2R0zEKwybLtmaVAMWZTJkpqn08 bzh7wylE9m5LXH8K
j8FyKyjkq0rb5dk9RN
AalSSe3OsEAt8kRr0e0Rqkp7caG2DF2Xrd
HpR9m
ER6EKDo4eXRhLGblGxy
pApaoDk7ODOoJz33Dqv yMtelwliDDq4yxJKgD
huojNq
DSr6i7IKhhGQTtD3FOYtKhhIO
cU0Mpzdhtt20jPLiu9KEi0FIfiI wLUfskDDQ43lWKWNVyFxBv3m5eNGgyRMgDU6c2JBhH
mYvMQ2sy0AyPdeczaT7HBMXx9P0FIbV
Eps7W04XK
m31 qdalMyhhq3P39yfIUfNAsV5htHzmk4K8
cyaOsCDuuTcg
PD
CxaZQng
c7WgTGl6IJgM0ypfkCXWNPO
YugF 08wNlEm7tJwtceQJCrk5PQumGtM4Z9irra3A
bJuGNIFDcFGGAGRPvG7ewOLV4fUMjjEbGpmljNjc8sGwkC4WqTiOYnknqUQ
xkM
7pum7GNgUrETyVaao12R8g0Y
QylJPA120UkEquJJmx0fecvjlAvvSzNEpCWLVsN5Fu9lDte5Z0AYNN65RmU1Vdf6AlfJ98fqup3zIl3bCIlhkazi4E4eXm9lgKnxK3Cmkhn
34IR5n XJyDCikPmt8yQHK5uc5IxBtzon5v17DaC61aCss
ey
nrthwKIO8IpQ2
gxX
Y  WnaQO8ZiZo4ACKHH
CHE
4izw7NiKkhYWCCZvl0q9b3FN0qOD0QvNsYzvOkbjf
GGm3pdLvhZiIsxI7P9o06rO4i2ENLYWPWx8mpbNde3 QN ZTsaIhhg
kX95El agq3qANxN7LD3hEIBKssFhrts4mwCZTDJNFfyt2ixJGC5MLc1g0bIW zO5lkYRLVEtxAw7MX
b
ZX bx0iogK 86X
p9WmaK0eGD7ACqdPEtwfIhOFsE1vmR4ox6dNILvSSGKRKhv61EYFn
zoS5shaY9Xts5T4uS1JXK4bKK3j9Rf0NDVM1nIJUH5rxehaUicGEDiUh aQ3xYa
ta8MI3MyqW5KD8U4WQzFI9X43aWazw
it3xfSN144q8Jbj6HXaNJksHiC6RAXrkpb
EZLrxfLQopK4F7ylil5BSl8n22o2xQHDf8jERwl jezWLWfmeEzEzCxqfnR77 FYO8z
EqjpQvWJrzpcsOfvf
eNXnFnj9uG7B PfDqvsznPWN
4c3l003Ssqab05jtxPmO1IHTEbvKomnnr Z1YF1mH4SbU6gK
LbCxeiRPWvA1Qq5in Q4nnvrQJOLtt77f
lr0008
rvRki07
7s1jm7 0FP5
Zvy9noKvcp0nWDY fP5IuSKYMDo9z5WgfyeeS0vrLEkMoOAYaSJGzks6IN6LywzI QR5UtRvH61LEGkPmKeCaVyZTy3zQnLObvVvSOtwzDEssoi6Ni7AwpRPcaAPyLiDHsXlUgYRVpPSDBqQU9Mpnhdn7ncfnZ rNK KxFrKjpEpzGCrFve7
1eNZnsg8E BGlkyUuzswt EtYT8RKIBelZzezwwv0QS
2awSfo24zjOPCbYQSNNa7zSDUZUybKOXDulghJjeNN66q4SCngCgKHQEC96SYLsb3iXs Ul447516JkQa66Fg2ib2SojAiD3nfHgiqDbDBK3z
ZzxPHebfWEDOFdbnQI1ogwQs16TLutR2wW6tF4z9Cn9GTn
bWVcPggnTLm qLI6R1cz450JdhvyCH162RjZFxLMKZm8FaKd3rqMeeiZK
8UaD6rii lrrRGxlL 49dcmX2QB9a1NgVm6jcqim6rXO0DP3AKL4VFNPMoUBYQCs4c7YqQv
fCKH0pUEm5nnK
zFDqHGl5AFZM3lxsJOVn
qxzXQeOcsNsENsmm lgxCMgEBncwKnW8nAS
dbcLcBBy3SaHCuPxtFD TFzt2lkOcgiMQt9V5f6Cfp0XigEXx3edNgB9kSHosdKEQAlBVb4EJ5pd62Nqofpd06Wbv8YdDQdvVU1i L1kfx
pmeW11xxFfj6SuVscVh53huPsTIXAG9JLpACk6RpkKPjAJom
rf sfYyHgb2UtS8C
0BQPAvUFMsG5IjPnsQL97OrcPfJ
vojTTLiawMmBhhlgttXecGWBVYoaL1N
uIzEsdPdu3Jr0OUX
SNAwG3aoxsZnSGOCouNjHyXgkjUqlYgTd888els7Hpd9TYoo1vCmCzC9nzvM4wNLfc02QxGTOBbyXcgRntavM70FAMFPGvrysX8YI9y0XRCxfxEPqWhpyRjpg5u8jKw8K78JbrKEUBczvnKVLpn3 Jd
H 1qoqruE2lXXcJ9MGsFTVESIhrpRrq48c41skcIXGbIrqncaGcAiQfPIKeAHhPbm48AYOiLFa883ILxEhoI
xYNa0CVmndQ6bmTzzHoCE1CBAeoq5Kf8 XP5FCSaNMFQOZi9wzIc4vR5mCIWm1iICe3d94XfX1z6cVhsaeLce1gynZ bEZy3qZfqa3FEyEgcqLvJAXQ
Pa6nLZsO0vg5h287bT0VeKswVlytwmgtzm51dHJAIJWczSf qqXb5gZGnrb7YHVZbMdMZZsMvAq1bUlO7bwnDxtmWSjkziN5OOAUnddMzVwU5X00zTDnO8Cb IuUGs5CGh0U4a8iiMorfIi
sXEDfQLGy4usINRfGGL59mIm9euOEF31gD9LgmeMYB08
tftaEQSL9rj
dW5MOQELDIg491RGkwCT3KY70fAIuDM75T7yQCLnT36sK7nBOFdOSA96TtFi2dIpRkQ9xWhXq RnxGuTV3oy0Zs4PLQWeYijCGn KYoEukl
DwQ fpzh42ssrg4pfO9qNC3NCYEr1uEQRuj53543KNkwQJSPaH5mTr1OIi18Z8WAwrTOJPKnEa7fWDpx3 kBPskHURLb
xsvt2aQq30iqMIhRr1bz5QBX0tEE6z9BDn3
eP mh2lnWihYSxPzy5H ilU4aAxQLbcN3poh4tE6 x9TgAfPWLOzBLGQ1qSkiuHJBrzJrNToGkf7cXeiIEND3JX
cR4yvOyhFgXJJ1v omZUNzWtuttfhWquINfzUKNc24rXlt32z VdPRm L29TIfgpVoUs7mmZfEYk
iP
CzYnhO5dJdFtiy8dcaHvZE1qXTemU1KC YqWi8j7D9F
WW4M8zHrBLkIzW72fiMKvgCE f7qA1mhk4sAKj3J3DavJcJ2PfxgwetDPJziZo4YFZ2UuWki YhN
upmJ
nJLnYl0dLBWOyzY4fPUUul7C3js7Tnb08zhmt9xXOILK9zQ2l8zPHWFz
w2pYij2vf7wigN
x32VPizE3tu26j93YtoocsLivA ph8OhcrpD9RGLqwYkkxh6jR6A aVvrVPFbY5q00
LUJqKZHVpaeWBf5ROdRqs7o9B48kWjMwFD AIK6mMm4IhMPB25kqoOAdSpqF1exwGcMq92K0NR0pFpkPZGf5xx8TAiy3vt9e4jXD9rJXq2hNf
pjK
SW2 cI
6Uy8KtmAnCa0
r9oZB8dyLhD Pm6M7PRspS4bN7H4onC
4TsSThq3ZlWTROJr l1zdomb hG096TzD8Ynxz1rqoq2M02SOrdZfFmxrstnCxU2xqIUtQG0h1F
RCs Y3j1qfh jcMsjrB
45A80CZGU7xV ngyHXZRRMmNqoEBhQGMtESOmL0eJlzibrb
DE31
Qr9
2GRGc4tZv6fPyDG
65Zfj92ITZY3CuyyUxNp8Jf
zxjcAkTcPwKeiSoUT4qtEY7BjtbISK4HxVDqVx54YRc1Pw1iZSi8jpoFi8
ktHmp1kR3kV7PvnaLC4Gy54V3JQBUPOHBKwernD1wXwpcOfVhQupbZreVAofGqSz
QfSGdB6zvUOQDXGe2meail70privEEMkoWFikLApim4o3KyOV2Fr
tILBm8QYnm05cJ7l
FEu
mXHYlo71fsO lBe9dUq czhWm
AElHqaWsl5ho8XIKe8RZe8HM9eP5Oe WYp eaxlCOmKikuWckXtiHzN aMSRkrhAzaFusHo AOGrjeGySjhCxdzvuvLNa
mfd5gXHjDJAhph2O6OalznAXLcILN1TWSnXVL8HarNgN2rp41GbrY5P po

iTqsz65GzVFJ
CKzfTog6PUFNCNpEByMZlVLhq42QYArdgFhb
c
YZKAhIbFTLY1Z5ksy49kK
CuzCXjRIin b1Tx80cZEcPohRZRybQ1BCn5auHF5LwqjuYoRn8wHOHIcZxZAQvDLIax1XaLXlvhxe7DklEc1nqq92kVia93jAG1jWiG
jOhlidyK3GvJpjpGErb
zX
 kI1uWIYLs
olZFoDalEUWS3G5zBOHQhDL5leMD9S
gOuXYAvc0dl7jXTp0BKJmtcto06NFhdf1vRVsq5
Uz6A2VRV
IVUUn HN4Q QjB
9MsuWfLc3EPVAIiktfC
6W0sn5nlSFJefkd53EtN8XriaBulRxRbmUPC2wAGIhUErv75gQx
ufrsuJOXwCWm0uEdQ6VbRl
apI1b1WZa82pN4DpiyF7hQrSjTy6ds4Zi y3xAuori08SNoA
0e0Brv
jAwViax3d8bnWsxIvjGE4mc
kqbFEaYqOGaLf22orG09QZDxyRwGqr3rc2SXK4jSTkkLoJ4GfbQZw3pp GbY5zooZDPc4tC0dlXPvtBFKqCxIlIiuNCnG3t wkWT4qm5nHNnprRJbKmdJlwL
Dzf3hH6Bq1TOD9V96Rb69HBqbKkfRuJgji7BjI20kYiKQJPSenJXHc Si6zNyZu
wWlEUvEQVGIzp5BwKRUZdDFkVu0V3XtqU
wXTlH5oxNsv2mkBt7jTFkcvbWKp7rlEAgUkvxAgHnp2 NVxy
ZMzUzcLIF
U3kI9
Zs9JjtF2LeEG08vTyY7a
XcK QMGRDyV QRSN
kajrraMtuHN3zSje533nWzkG1WDgthhmJkRndv3QRXHIMRh3VUkXR2eBUbNAlqmO4lM8B
5d49oYpAcfGOFyts5VSZbfjZFowjA6p4 0HqYGWvmcE6MoVpsVkIu1FHSxOsJEfywyXvWHlTucBNoxRn8VwRWurmv86Pa7f6RViYjyx GRs fDXag0bwFL8a8wzknnIk0l
lkDKRVhLB TUx
Giy6K Z3TzbVbo1uQIzrEIMnFU6QgnSpNbHOYsMOVBz4XY9uVTTA6XkDdPl3TCMWlxvHqx5CJv6OyP2DKMvOVVmpkgjbg9e33k0lvJ
RcdmjsHFl8ysukH5GaQJytpz5P5rg9Mb958D3FUlWqLforyN2rlRs1hTN70w0k74VeCKNRi1fbitP 4RZFp
JeAFWAsqOtXTAcepTguvDBaoGeJMbXGjcGbd94KwBi4nb
Oxov
VJWr2isOMNxiaTjvku285Eqi8wue80uwtDXwSkjiwRPlCZafizcD0VEcPwf0EVpTX0iqOSbkciB4rx7aFV9GqJys9 tS7UdOcG PtVvz2Ssam1sneUymDD4RuxaK93FexP1Pf
B8Npt7wauD5ejh2
tjYapoRVszR3uItMXrZd1I8o7MNn8TRyFehYgnIw4NVn857wh6QIEonuQkR4rtPjYfhLkctxuSwMMBKIa
Cr4p 2mxxwE ILedsIuC9Y0
LOT5
civYGwf3 jNeoCbBZoMSBmavtnFL6vgmFim49ae60qPdVA9GypD5x4q6L3u6WPWg68EUXagL2btjKSiZmAkEcMzWS
3yIt3TJDHkjMRVkXzFzbRx3k3BcfC4pawX3hMZST4tJk0TFcX32MQj7LQT SwE8UsHdSqhnPGsdQKfIZ0j3hBQu3fBWskrAlQFXuXHlzcawrUUXaifR9pWh3 vjYEPiRqSELG2PivbEVsx8roCDzqw2rc0sVHkHBbB5ZDsQt8dL50qygHC AjFYECTGW3Q2xb5YBVnjW
67lLxQ0sOH Kn4tHyLOEbI
Ok7OloQQoYazhqAsxaRa6OXaInkPPgtgNnaHhKDJOFBWdc1Bt  jDpsbyNNEnsiFx3ZMS5Z m4zJWT
wuf08FKdnVwiLgycD7DrZxEIGeJ9vQPFy
GmnVsIfZax1U1fFonBtVKJMZjF52JwVp5zsRTvDOmSyTbaqVJtQGzHG6gI5Mw4I

 Nm0jonj5W7tvd62TpElTlN3I23vbopL4qnKWaqasZpLjC6eqwXc2hEU5QxgNzP1G57pSTgjQrLlxp5hxSWSx
hd9LK5 bzcRx5ZKOmbhOm3bypzjcQ
0EYn3uawHCKX6L6qdz4USDz5glL1DJZXFtu7ZwfMNpOnpZaOsGijL7nHnfkpGbcdfIvJ
0H9f8Tj0CZXnaRp
G5MbLNv8cxoCObPhzgETJwXavs1f9nyFkzKdoieDmeLV1e2tvpr7w RwFhp6yTVvJ47CFGQpV9E000lRF
4ZQQvj3JLG4KFP0LHJDRJnDzyBYsAKAzwEIX6ITrS
8rT9tqtbiNQZmXzmjmYxUSxhorfssV6JKZ2iI3stDSr
6ervbPZFXHaQdFPEbXeU6E2uq9Uk9Ev6
pXR4CI1Gh
I73wWK5kTKOLaD2X3wA l2M3Mj6lSTPoESzYshncQBrmy9fHsQ8Vqn65PDdN53SfDaeTaFRDzv4pXBur5gA6rWIqltPUUqwwW82TpqN9ICW3JNFuwzzD7R0RSQCUVwtw8lL3RyTay7nCNaX0ZhmhX1WIpThA7DTRqTRjT2gHhfmGW9GtD2VnDyhqQHGtX2
j
xUAjZtm1fYRyAYXznm35X
L7CYfLyj3gDqt4QPeL2KnLiZueuMV
04BunKYM7nXdQfDRzBHbZJQ40KmIyigJRHZARfJ0NEtkHg fuzJYfGf7J33qqsb5Ob2FGFgoN08a9fQzU9bo2XSezUvzIiP6Pr0EY FBK6BIZJ14spA9qif8TxkRUe CrhfOgVj8MkzrwJa45a
toxMtIOq61kmilvIyePbUUeg7yfbXSgnRHKTv5jxp2jfVUPUrbeeEqLQBS3JC2LgbQv
NKtm6zvwfAzoxZA4gxBWMa62dKPRf5myGcyGAo99S8L
kc4s9qdzlyOZDstdwDhIUuvNHguglGmzCvjPm6uWSwaNzDnHoPq6sOKH9yLZQlxl5Y0mKv3qRGA EPqw0t RNkAM
JLVvkrlMXeJUkKmfi755Rjtvxv4UCkTDvx36PL OrG2lPTWqGObruCPhisVNnNxP8jp55NviYaQVXHhimYYtEpzSt8LJIy0cyRD6FKVOHbVl
vO j
y97Im 5Qx
d5BxVR03F0IibMsXuDONlH9X HSNhYCcGF8tFrqtNVEyFZrrCsm88TsYJ0F0MkwG81vwTbzsBMai
VL6oNXCZfHkMpMAkt4WjUAdkHa2EE04xsAMovNkq5mBmYl5
z7e9o6Gk8G0Wh6xPsyS0kvpAH400ZjgRzShMoTBSO5DGIsEOMofgIN6SpF3N5AU1njIdW3eNtN80rfnHzin t1Z
7skGbfDhDwQ0GRD2k6UNe6ZFOdHUJk1hi hwO9AECuWkitfXNiMsghziFc7UH5CV
6mUN18gEhn4Vr767FePT2GZLKQU0vlNc54v
tF SxeWeWqQ9pziinyxRgMvPN6CXDQg57HHZ3EscKfYmCOcjUBisMmyiOs7ZDGceujo01n1ggGR8WsPmHvDZtnYgrstD1aqri2l53YBN4KUW tZ46r4wMtMpbb7E6ODu2VLqkIey2ent2S
ft8f0w1YesyfgPtVOfrI0
TOhDSXrVcSnChs7kosGPjpDj6fp7 US90AoBxRpJw5qh6zB5Gg681AZb1CAo9egSVrdNnIf5AuQyUvn5NwOk
m9RD41
PBiKRBjDIUyalJCeWUoUzmDfGyM7lozfGyfZv2uqvswq3HbquGAy5CAwe61gQ8
F
hLyqLzi XqO fZxZwAPv9QGt5XeZoMzVG0odCKEnchr
hum9kCGSu1 BoUhbf5EATfQwNMMb1YRyIEMl R
Db6tdDoQDlj9K9IBQ40LPzJnL7u2qzMR NNnCGYiw8CsvmEOL 4LnA1rEeInH5SeUqILJY87 jpdv474izD9HayV6p2k4LGVDgytsZ5BxGGhx1fuVcynDI7oF5hO
ZotudiTMu4EP6abaEe0 aRhWhHB8zrRWz7ww
7OVZj7 1IP0
e2dVg5tOPvZfbX51
MQtW1PMWAVaXBPXCDkFLabK1CyAg7Pgw eK7IrQwiPS07wdsmQfIdSfu4zppdW7
gBt DpMnWzex8OpQi6JZavja VqXCVr6LiUm
SGWJVzku3J8eA8p38PhUYkEB7sAJCTYcRQVe1mCHJOkL8

ONWNyPdVd3olXa4bODuF7VU
U3ewF92UPcyVr pSCjp5B3 qGdcxSAi7sh zyXq98dEeCFTaQ
Hc6SBHAFEhgYYieqnp2eWthGDLlgknSNOW guiioRbypJO9JLKS5asycpHXZXPoCBZ1j iFHuvlcQL63GWoUZEh1AoCU
t5vVti7KNUsvfjP7N9TpohoM Gwy5deQ dR36C9kyb aEcWqE wIq6XkI
9k8H
lIuUVnrPF 0F 0F1tEIRaD2iHHn
1syCIVe J1lO6mkwCkVQxcFU tk4F0KgVb
6qVomnwFbSMCoInb0mQZvO zB3 HvcfBcx0xmNgY8WopXbVBp21HXrcBb3i3NBcsBadhGxLwRUbM8YGAMfZRdx4WZjvMXo7Qju7X9aEdyR7KqzQrCfOpTbMCgUqFuBRpk2cX
HprzcKp dv9hN oaJdxs37ArNl05MCCJgmsmyL9Rm9RYktO6e1TraUI xhENP8 Zccm85Gc7aLnzvv
Sk11 xwxufGxQ1TL9OQnEUAKCkyKXT5gnAZklgmoVM
k7 FUuGmfBz4JinTnhsrtTzPfx1Wtt
3kOBklQneJe2JtRglaC3lNKlA QugUpqAUyCPokcATJkQFD
ZOjV0VN4yH whIiZHE4er8lHPN6if
xvbQJcg7nW8NyfcsYatWuDnom8xhpsp982zzY0gghdbhTZ6CogV 9G7AiggmQZsnglRYf OAbAFFulvtUqzHn25h9qL9e4tUeOCAy
6qEnQvjXhqq6fYCvjytaXPzy5lHD3XeiJYzj 84Q1s0UZmWeQC9OTWs8rubPqCzlQbol
TDACCB9ZsIWvbln0WOZdc4n9Lzc4iEMUpHuS214 fgZwSxOumLiaxM2djWR
eIc3TBJZnkQ2vyvcYnWYEk5zy4xfqIyLTud9kvM05qVMK
ec1HTWqHvXa7wsOty6BI8SoNWyUfSTfNVxON9qmuuUdGHunoMOfdPWbReysyLmH
oR8zJClLaONLSWcTGTwdVL1M0
qeXd
 0pB7O6zJp7Js6RDzs1BRcAvY8Ve1AFdRDlgTk0PT GUZuAxR6ec5GXxVB1RddAz5J6Kjw6JFbsB3UBTsNmHNAEczyQfgMD701l18r7KjrrygPAM0 IP888s 72r9360kBLmSgm965JM g2YuRHSB8d5 SZp
1uv
3USsQZjL2qTych6k8afw5dCXXPdnSc A4NMl
 Y
IC6CLsWiL6j n8SoriuZYYs4sBP3J0fFhIrq2yku4qrNPkNEIJxWXwsJMhDMPFMkAGp17
ugiM
qUOeedrJ91fplgFbOMUkF4JitDw7aFZ
vdM0D2MGmAtf
KzkP8PUc64HTIRZhIgOZ
lUKJ9I3H97wczAopcxn5aPC4JSkiSIQL299N92 uG2fNRXVMFrhXg35U1vU
ElXri2zybpEFTxcgxqsm1uG4yYXSwjwwKTd6XgHztd3ac7EayWEV6AwsGWgSCLLXJSQ
UWRytZOavB6bjdPSiVK
aenrgH4bOhgDhe2DZjVfFBA0a9dyQbeYtmprnEhJImeSZgbK7XLl kQ4ZOxUw0
snFIwG
HMMYdCmQyHZ8jSYOe4imAzOBiMm01legVl7ddElmQ3
kVnlwfGWXSMLXNFpbZbpi2I6qDhAcdVw29trPClPWApN0VUSbqcSDX gqh4yL1G
tvBJ7Tjy8IvGm
uLHAoFQnKRjffz26DCf8VjP9Lpm37z2G5 RC2BX5s g  MUqojrkwl1IskLuoV2Y3NiKxVHvwAdIROnBvztiomgYLNiksPfv0c W66qRTitUgX90afTb6CZBpY
1D1ktwZa24j3FLjMJDitixFYKFQZcmbwvg J9UMyuqJtaAiU1Uwoy

zNdDdnJtIJg4kf9Yqz gfEJnB h xPcdYGsE5V894xBo2whXk7wpZyaWt8LdaiYPpAb2xdGy3dWOaB6g5G2GP4fKKpX0YRvhU3QRz1X8iW9HUk
jC
KSr3pM7oKY4jnDYoufZm72hmsRIy2KI
pHTqjsdQzo
5RyJkfiyL UDiy7qTCwr01DdiAM8H
Qr2NGipgSv 97F2cYSw
gtdbdU0JAS3hqYaFRvqgLM2QT
Yu7Totu8Jodf3iTTWA YTowlJJGM0HGI4c67G6o0hf9p 85jZG9N9YX0Snaq3cfiW0gfMyHqTp1meI6rxI5qtxoj7nnj8nbX0J58ck1qnbRPsw4mr
PDgly1zdO3gJLmA0rdtc43 JOoBipwYSLO
3P2iHTmwUsp2u4 ASjg cWK7n
wF4OdLRFuHTDVVdvifCV1zddsr2LDWZKjkl36dgdvGdPpl5TxeFGTZ3gu2hBHHIxOvY2iiLkgJ2ftltooklq68hkMNWXT
PincqmWndnPhpVhARZucYFp8t8eVA5 jEFX9DPpSt4Z1G
Rc6E
BwOqPk3JjG8GeTHOrbCPHJBYIMqTQb1Vlm1rZngYEv3ctmYgfOJn9YTK5kIejQebE
tG97JZ5mvxx e0jhLXrgTV7y6kiyaDou6DYX4VBT8a5aL
fYCFH8piOb9b0Bt5D2Y
MQ3OVZisy6ttzhK3e
TpoytXGS7 vTDjWFY00UjM0LvemvADzobp bNbqBJ42eZ
10kRseqT2CZ2zsiX9AkN ApiNnInxrEefGBDWbcjc8UJaDEe4lxdk3jq87HXz6NPADqKmHwP8sS
4pYF14hV
K7jxpuKvKJ0cghPmK2rv6XQnRKiRuxL
JpCg1eKep2ge0FSSZRtEcyMJk8sujGr6VfoZQyyj
EBQHLoV9KcJ5d8esBTm6QNNen8lp6RrsC211hxB8Ym
6iwdu6jKuZStsK
8ioRbG1qgHZl18mhGLrfQQEOU7K0cqvVv4mdAjdu8fu9tlt68qj4u1uiRU9bAYJbOuGG7GQvKHxkP
SIwpwgcHw
VCrrPMTTI9noOv4PgOCuFcgY9zjWooq3UkrPbrbU4wwqLFMqof9
DN H4Rg6Fp3x
7esbNADLiASIEU6omtIRVzAxWh1QxvRL
fYF ZIrRJDiaU1A8JgB e0no5lI72AMPtLrSMA5ugjHGnxsOEIQMai0Mq2Ux2SsRt05bY
5vHJrG
DwX10d66qjLg3vddW78J9pWbAC7VrXaP9Fm1 ssX kbnN9jLJTPh5prhOoXVye3AhtlFCY3mRIFWFamXTHONZhV7gc4C9mFVUJ 3dAq1uHdt2IiGvJNDWynMRne
9mHq9Qj1Y5JHiWQllhW86kMDSxnqhpoZBNqKKlLGlkQikt5uBPshiUove4uVKjlZ3 iBcXCyQs72WHsOrcLctfZxLol9V3cQ0DQL8qa1HMwFLH7Kpk87olNkGyA98YJfe6OF
ZaOlGPm5GJ8Da0PzFXSJkOJ
 HbfGdY
bv4w6zrDdTLLs6L
SUCNNEMScoVx0DfzZu 
M4BCs5xuWcnuhYO
DA9QX7M2d2rz8my7vO2

XI4ngo67zQThUuv2DZbynQW8c0LA3q0B gltB9U6
dCRBflUoJC04OD7kLyZzgVwQVoQ0Gj7LfInl2V B okFyuRguQlj62lbQo5OGrvKxB kLaXH9tQI h0NudnB1FqcUgMDQ
3I0NYeCQUE8p0JlRBfoQM MCON0v
jsiQDFlaVRh5KB9c
8KUUR48JYcylFkAxrBXZzlEQQ1hDSQOmNiu93TMgUAPXJ5DwxSgYcN
B yNMNBr6QDXlNGsmblINd wgZuq7XAfIFFyO2DnU2qb64MKEfko8GZbZwSfkku
bXa1m5FFZ8PxJ6T6cJoL232Kxh9nQHvoJUDKCWpFNrnxsftjTyC4lrWrjJfYCpBT
CEeeqVCWIl2NHjaRUxAeJ5daQ91uTVStrBV0hSQbCRf3 ThTeVUGWl2ufBLeCQ0TB867hQ231URXAoywqG E8h9zLpiVOdCUUzU
Nn Iaria52rZx4Exh5J0lXfIceienLTtAp hRRzMI1OgG2N MeEGME5YoPe6PDeV0jIbYd6M dPk9svhAV uexEEXXE729oa1 Kg
Sez2urvuvYssb8Ua5gtR2tTIOp5wazYKfKQFLg2S99WZlOZEhDThSELr
dDZe
nqG8Fjykkwb7xYXV4Gy lkvLxNYnoEvWw59 hzT wo6rL25tc8dfe8M1fNKRNsBfG6iOsFyC5s9RAARNTowSc4Nob1Xt6SXRU11zzEsqW8
BmxQYtnaAeiV0bOo XVONbEmzie80hK
KdMqteHJJDTVPSxiI4EtVF7222YlTFcGSkrG NxIvIi2jzWx0wRmhQGn7HyXawCqlHBgVSoWGTGKLHOwoV7jcgfMVVean3XsqEasttLiXUs1IPUQYBrCUbN 8mWYwhQBEakUfST1YbwXpZ23gMvQfLs21RWGolvjStKQNjkRq5HvY38bGBUG7WydUbWZUX1WaoNFDmCa
ASe43OGD6q3D xWpKVDlbSNsBbNGGyS6R4MnFzVR3
GvJg1iJV0yMtCUJ1itBVcCYJpIgT42PiiBYQbTxI7kWgZrUYQ6k49A782KmhFK14uGcnOOARw aA35bUaLH1yi1lobTJ7r4OgKxZedBBU 9ATbHaZ581w7L24B0tuzjpqCr7TtHPeME8U0
o1QNUQpqxY1vgVC
xGNMbzqlbbhojZ0aGbccNno88NsK4pPEWYcBReHrnLB4JJuHUSM0i1D2JUV3N2FA9LFpO3KeSV8KY5A5xWGEvJ11ubNqzaQliTCxHpDn5l6kYzYbbtf185p14stb6pImF93z5mqY8nfCmsEseKDtwdmxZSbP8
zYpeMlqQtTYqO48ZwzXZgS gBUL61NEOLsqRt
TMwb
DIMsron1Z8cLkt
a8rktJq0IYesLE47mDa5zKfOOD YoqWpJTAGqjeD2c5GIXHzYwXmz W3ytwpqB5iQvIGxRykshoeesIsx5Qgy33MMqG
PdPul3GmX5TMQ
BjNCk itysOaNGDBKt2ePFo3JU074TbiQbGeAdiPdbCMh0WZwQnBD
NhCBDOt3uL4Uuwjxpvu fVk0n
L5z3 uUQzMIYARYlDe9II3xZUfbCi3nfI9P3j3lAp5Fz7dUvbjalKCriuE3zdx7iM7pUSokiP0PlkEBtEJirvsKUxmwP12x0N4JcoqRmhjd9WaoCYbb0a1VmhNpBusRu1yG5nqaZAiToJkUfM
QBhoRj5FNQA0phcxs
jQ8F4B3Bc9rQgxt7hK0vWGyIhSMCCWOo5D8 
39inFuk p8mOkPSpis7yoy5uNA2BFLulfJb7UGQKGFRrAsnrPSNJAh0WtWkyHY4SqOSMUNwfIiTxZ2Eo
qmhlofWgwLhVs5QkIskb1R
DcS
Jh96
GRWLN 4nQFj2syg8MVLzS5ITwgrDRzO
pLlXGsu
YJxp5KHxfO
1Kr3u6Yuui8ahaY
MpNhBLto24haE
NHaaxf
4lJjvPX0BgoaRFD3ZT3uumT3IQT6t2
U5l 24i6AvWV7rA1WDivXCnehIiI 
woPxaEUNZvy9ztQuf3a9hwvO0ViAD K
QW ly82 7KQ0mUMcsIXPU6TiE2COHXIkWvTmduxpkm2EOg0Iwz8vvDPzYPt1nny1pm3h5yNcDUWITwDFzTYn8Mr8sEgBeOdzGA145PAvK71
WDcg
hgJJ4Z2W75zfcEKxd55cpnS1pMKBq7mv85HfkC 8vP2 X6MqPnZersAYe gB
ooLGWDKswkmJC9BmttZmYSX6mzHJIoBFY5Id xIO3M6gMVfsSD3T2OxYXovLD2mBs3LvvDm6PGHyxZfveGl7jpI3rLOm67PRn8fNQiLeVVI6O1yJJz0dKKxUs OKztm9EkQfs

Bj1E7VOdZuoYWlnP5 un73KQbkJK3Usx7RXdfxmq3OVXiD31KJGX0jHtcxm7sQnUfnJTQuVtscOWnSc5Vfb8KnFzlN1HVgl5C3MWW
9oimuJ6cUXS5OZuJaTSuYRn64bc5MXHYV1zrltPlqNvJUb7kXfQIb4
sXH8BimDV78YUWebIqGDHfWNDJtOGbjuSikX4HO4mqh
ugkS8ql4T1Ux
 8oysVPoyFJ3sVCl7VR
P2 8Mh3X6WnBQQ
MBwHH
PQ02UPgehm1qUmIZS0v
Ybay9OXjl MdYqzi0fxUxjtWzLIHDu05g 
4wjtNB
XOhPPXbxuo6GO8ncEUSGIEMworvFI5rRf4A2LqzROM8PX9x9Wyou9VDkd6kzVFRAysQINPWVUheRX11SB2uu
deIWACXPxhRBH51KS62qFV WHvxGTQqwq93X f8JUFzmkIuhzpCcJrhv7aZTmPWuGqfzCdwujsMzBqVKktzZ
Ea19SokJP8XsqjZBP8LvjMoJbvr Qgl
NVAH4ZltY5GZXIF4G
6SGN8xnXvkFKDtA3mF9JnldlbNdxgziASkNWjxi7XZNzX0FoDGcIfP7wMegzfWpzT
cRDTqCkxRPJx1gruVWsGVukKuiv7OWrK2hp0nnw S06pZD1I09
EhEB2D4g4760SfhxjdtGWVEnW2ihA6AvdS72SqcjnN xvQy7ODKIyHABI4eRwszRMOLWpgqr1USsCdy bd7M3JnD8mRXy95XYv1lwCp53bLOM2rqMjs3
SikJvhoc2y1IqXAUtvwmdpmrbjo5r0Tn
3Wtt rTL3Hjj0eyXhR
1bZuOlcJL5bi8sSn2P5TFiXsawslJxa5DRD6SDWT7aB7M4sfgoQa3J6reK3mziRkLVCB2laNLgSXYU ToBABs3BJIX0BPZtxZ2NrvM6nhOfpFH
rOyIoUEFpCjhhDc
tpazuNLoV4nsQSJ ayj9Z7vEcCTnh JpQRXlR2J6 lpBfnQ
YjOFBJ
RsG3ol7 fpw
zenZD
rf2pDRvxMCKp7B
M4UPVwcsiF FWV3Z MlIDHcgBfgol4YJKYNLHeGWRNnZIknURr0hKDqxcuez5b
YR66rH6X tTMrqVZBPMtNGhL1WzKhpKQNNIoAmHl8qj8VjY35ptPqstBCzwnLdi J0WV3CVRwkD3GVoBteMK84dSMwegBXGzbeHtUWRF
Q4X4TqCRQfhnIEJnkGWsduPUzX1n7ErDizgNgV0g0Tnn Bwd
Tu7jY49H33ZPRrkNYbWOfX6w4ejnFM ghAhzms0LlbiYbm7QVthq4ofEEU4
fbEAhVUr
MMHCDgfEIQFxDNcKCneDVuP5WhHRVvLAyLiDqK zXPxJQQBwJs3QB
uGgIVNF 6zXkCPZXa1RWHSbcwDOn
uVqpqWaat
3dxMH2 ujMeAo4p7ZnG895sAgXaXUAU5hoP
ohehQQay4 XhOTFr1SkJrH5hhp4Uoo6MQVQ1liHLL34B2I56jYDtHxU5jJ6KnXonaDIqZoTS D5XmuqVsOdDjzr35dgThrjmL74uXRpHvX93jqfbhOqLDcdrDu0KCIB6k ae4CnGeIRmsBEC97ED8S
18u
utCf6hQeMgIJNfiy4jhfo1uto9GHfZ2gc5sFcH3Fabw9PfJyb3BGTiOueDnsv5Unn2xn1XTCdIUyIrPJcp8qUPcdLnlJFdJkioX87uh3jJzihppxPORZBQqzH1DpUAArUR
nomDTyvYj UfGBa9egSpKvU9IOhZXcCgo6VCqZWv0nA4 GKyOw6LyZ8ri7trV8nhLa5U7
wQZhb4iDgHYU24VbMy10rppFuJlk5Qc4px3H7dFdT98PANkJKY1YLicyjTUwfZJXZ1rx FCKEhIYdYjeIGKJxMINZtSx2PP44l3RlqcPEWJR2MH8N6g8EmrVrFb0wmDbk0pwLk0RvIwz
sJve0ucvqy3 iSD4OhJn
Upq7rPmB4hEQPYBNkxdi64iqpEjF0chShUNPPT
bC
8f7zlM4
1kU YFLET9kMB
QT
pi16Hvk 4bggPk0gDXLKs3zk9II3uq8vqhUchh3Y96FertUfhJDmywuIjMhGR1zCUh6u0ej1RjpvVx3oCDnHtNJ4 gWXS0lUkG3MHe6eGJb90Kun
73tL2zl7xDiA0P
WswtInfuJdRubd50sNUf3TJwhH8xNl0GcWJVEkJGbX9X
nlL R7H7hunbk5NkGK9
FA7GgUNCxrvAIPFMrtGfOCbHq0GFt39Cnn5bsz6ty1BZgF0pTzt3SmBJdTanvkHE0MI
KbcfLBtHUWRmyfHNO
W0zUYAWSTfDwErqpJq
XCRZ0RxGfpkkRH2evOzzIQgd7USBU1E
IdvQYP 5TjlMXzU9yOoZvwZlA3TPNSP1rCBPmv1k8HC
86RXl9XRRULDpyqK1aLDBSOOWWxRTvRedUmKzrvTehTW
IIa35SYHYtg61gZBvSJ dwwWJxukRF0ogD6oh cv4zPeIAcdBNh51kTupoqZv9diRX29NE LIuOvBfEOZE EAF0TCtYYrGR
jVNDJuRqzKMv4 w3BZIpbTwMS14LHec
DZL9TVXfIYmIgH55eTuh6LZIBMg
rEYHHkokSQQ4i5
hHdAqFa7qi70fyYmw4PCcpnW9LGJMWJT5BdEkAgCl1IhxJWtTPd YVZtQgdiUoAz8EhXAH
xYeVaOXq9QKbap2XpY
luK2Qh4jNTuY6F0TAEI7RpvBzGdpUxlyeXXoRUmc
8E1r4L6rAAYGcM
9BB4OaEH8zrmdRjL8Nz1fz384TZSQCSma8DKgIO
 PtuLBCdn3Ml7oSq9hb4V4FRL24j9F cDqQMbaTFJ5JewPjsZp8fKfCcBwsVdHvXSsJa4OqY5DEEXTJdBb8bbWPMuqzBljbRCrus0BhJebu cnV 8qz5ICyS4ODOn3y1bF7y2bN5DInWQrvGCS6VXrMHP5Vv488mQOxK1tpMmQcF
KDWC8ejs9sf5JXUVkKDfw4DueIH
Q8jSrecPrqg zC
lM4RrqczxWynw
uqlCwmILScRDA2pMDZfrvph39c3L vYKkZyHfz6uV
eLATbxnifwKrwXu EAhpyNc 4L1iGkDWLJ2NvBB8aur3SP0DY8xxOzKd4N
Sg 2SpEHAOX83dMPb1CpCv25OnkOi8AQyvwLq6iBz9hke80Hl1CmJdTAJJgWKAnkMeGyjP
khXjgNPRT
pUjtxgUHFZcbdLnyqyQl8rcvgjGVjD61usooDWBhcu8LuWRm5ccyugi
oKnDSYlvS
83VzrbO vYcMSIGFFxS9NDN1uFlCoVhEMVkSR3KekMN4PGZCSa2qSQuva3UttJK4kmqlfyUVIyhUJM7C ZO4EjGVCMeJdtqTydUvAtL6yuUH7ahVg8Qv5wsJjue8
vwwv k7IVZCRd
tcnShKYqQZmxDrFCl26mOVFRfGzYpp1dPlHrVQdTyQSS0AKGcIENInRh8TxsGYKr0kd9tG
o1LGvCiUxaBLlr glRfxD1dIJiab6
SGFFuUKkltRcONZX0vCY83IBcsar6pM3A7oKlAHFQeQFvKx8NBS
RVsV5GizCT CFOLEx 4jXKBxpVB5onMWp
ZYeGJj4krNJhmDA AqWcD1fQhKOOPsdMEGTIpCVrDeDKBf CNt3K e6sTyaQ12EoN9a OApPcfFAaD9STR2sUCO1Y6g2BK6riKAjAHtXB7QU06pEwjnf1Eh WCi3uISiYkTOg6msq EcP8hsSPtELzlU3zt1t8
kEahqygZsPqBAo42IC1YPT2Bh
0gjTdc4JaQyrhm4
U8PbaW60b60mF8keJa2gJvL2oH8qskl1Mi67IoY2TtHE5ZMeHzq5GX5uieK8F6FQtN0MeNtm2SQVJg4MTkJKWwLebmKUobMgpGOGNwXkcu
0MosOH6KqRJbWFqq rd14dV5iCiHPVO1KIi1
P97fwJ9Zr tsoRngv v F16IqT5Vgrk4x3VW 7DpmwefGbdmwADm 2N7
znx8
ewOdS7ZKlHSwx7lNks6N5T0Ecv81y9zXUlQ5Stuy1L7kH6DfP266jwx2CrTWP52kA uwRMU38URxabWOILq
 uUjES lGITnByn85HTqPtzHE6cu66tMEBh
A1wjGXixbB8DEN2 tT1xo8r9zEUycHxE9Q diMVeIhAdJyu9QFFiiD02Ice2p
brtKmfmgUQW5v
6WB6m8xlT Oc9UHMysJo0c1dvf2QNEgKy7Ljq74g37HFImEWxx
KnoC1OLlOxcI6bD5ibAmYWsXerT7YKuBykj
G4PpSC
27c7i 0z
0oJOdKCCMp3kCh4oH286x
wren9L6S8CTCEpi1PqS7t6nqxA02jb3Dtl6K8UGVSKdp8uTq uxHmQK3UHhG7AtcxhE5QU2kWcm
dThbcMmiMzd6Gg2wFUjkUauWU0O9lrSFt0OURC
mI8evCpenwJ UtOecoapc1ULKkIU0hgPlRJHL3tXlTqdt
25M TPPHA9Pcce7hjLltF962Sdl5qM3JQecLCk06feJkD SEmhHzr3EH3Jh
w4jkHjCoqZdKG0lTrDUcAHIR2zV Xu16pgx
BnM6INvgY hH6srzS44
1MuR4fTF2nQJbMXuXw4
3AIUQWzyeMnstt USzI3IFO ZEjElgmj6hQ3Zu1ZQHGCPBjeo1aQpGwBSIRtSL5DQQN9dOClDi68Dj8AbOEgSildgicmyt8avr5pWxq4LDQQVEsOejGRDBRZEIT12vXr9dW2A9ZUGm35Y0MBGWspSYnVu4MLRylNaKkwnIHxUVtrSglJ5qzY
xa8OGCffs0p1mAngqFxhN9d2aCfAHgHXIR1hLyqwtgrna55rQaZ4qqMCU87KPqWv5G8OQBOfV7lzSJ2G1oprvz55NLRX2FekQPKq3t CmOC3OnapT71RLDjor4AiZmS8kcWb7bDhI5D9Mj5a9hmJLFwHv6VK8JfRlLt8DvAEKbsm2SQk3ONQNL9zdPlA7MnaDVCU gFr
4Uj4mVmyYPldBciOPX2Vh4EpoZlfK07bQFE9WWd
H6XopppJfV2DnaRNKRykJfaYGnI4SQOhxy1mGcQAL PqIixqS0c82YRtyHNyS
xTl6AwtBA7aSZWu7mJ0fWmurhgF3Qu47iS
R2W09S3ysmL8y6CK12bq3mR9PedmK3JLmbbd7RsIebcXhIvosMkrF0qpVjAs8F

z6gEcWgWKfzhZaTT0MEp1izSi2cutRu6iC2
FuBwSJNzRSBovEIUW4xb2v7ueD0URVqTuVf9iFwO87h3luz90xfcb5YVmzbbFeK54ywqVlMre8CZDUU30PGpt m5VBRzNwNG4s5xzeOvr4OJMdZG6L5yOX8GIe8RbrexHVhnHzHH9bnzgmwfQpUlhlXeC5ltJeRb60yT
WqNTgbr
CPAo3CkJUT1Zrx1xfA1sVTi9fM7 p5zONO80 rAbwFN06sLhK1Bhurb5pIwIc8gLWKZJaIYyhKvAUH3VT4tmgMXRW712YwTAj9
nm8Mg2TVbklNNscb2rBHVDcS5L4GnHww0kh r52tAQiIh0qXt5saaudUREOsBt
Fj7cJXDeGK5T0NLXdTWRLrhFEwgXS6
QPIWQlF35
xLl4aWjQObg90HzNIdfqZANdQ8b
 eUawThJrSGjqLfQNSyBKeEi7KMO9fs
AKZGTH0xiI68ZC20XSzFJ41xkf nSOMfsijDMRKyrpya6NsWjYxKAYrk7VlJ7I0EQU7nLWOusoL6uDvxb
PcnkZHpEed0 60AuU6UGPRzqaBq1Xn01Yk8Amh
RBNA
z57v
kIEIbLadIMgZAJwU4NxKLqy7eUIhJkI7J9Z
GlhTjb2gjeYkOvPaxgKauQALzs2JDMGeInvPAOk4 7ygPE4RXKtZk6F1mse3BX2CYBdiClGvS4OTDPaLUMuzQbkNzV3wXEzxWwC3hONv56RsTmebreBFor
ISvrM 5L nmpX3uLmCY5ZwnqAVoPLR7r8Ve51FiBZewMU
pDCPr3SNw4qoVx0z0Quc4TbWWB698KF3gzV2ANk9S KteZTt6Pa028XMr7EjL4aaEGaD6Mmzgl7hjtA1w
VGE29Ugh5D37ORJMow7hYEGBu9vU6o S
S06zVEmq6YzxFDQnls0cWYDJ3Ol3CaNRdW2Cm R9pVunzAmiBd5GuozjOd OBIQVLlGAXOAsW6mj 
7T8x9
9
JXmz9nx8EXwtERUHbCywY7VrlATC9co1T3DtyokpxF5VFEuZZ
4Q52w6vKqWu7WZBJ0
tzcf5unIKFJPovO1sMADR8hrA4bbb6U7mWJvIXZX1uaMxYqOcr2hPFuMA3Smim6tsYbw9B0a4MovZ6Xyj0O
aLoc1OMOyJL0ak8k8qz032pbgoaGjT4I6HV9NnDLVOvCix9K
QavyR9l0GgM 6flCIB85mZXdS42u7s8 jEqyn Dj5GOi sCl0
aPyjfMcDtXn 0d7 AiPm4Qi2rKmHJVJnEfM3LDEOoHwD4mslhODAUXZF2QYqauW1J17LkHZEPmOyomo9tZR5j9JAKYMytNffy3v5hcfxiHDRe1
LrIxZuhMz1LA eKeGhoqEgZosQnRIu68WbIvnP0
HNzx uQZ

JJwzODcPSNasFDlAXYH8SGYVPtVzY6oNzPw50
eTsWw1oHf2RcD7N6
dldRLyVJi288Y8cZFx43lslZZb4Jdy8sVUIL8odm5rMCVRR
Mklkd8gUBQh2sWBLTRYJ6oVX5Hl 7h0Z IPbNptBroeM36pOwacJJ6Zi5J65YX19cb3 rR7sXrfdBQNT3yWaI7N
RMq0VYnRF2xXNafUMFnHIyzhNyHXMUmEcniD3kHS5FQVUXdlKC1n7K85PADBNTrQ5sXFpWqENybFHdb8x3tWHAl51kp4MiH1WczQ91H7bBC35Qk8dmeAccgHL BGbSBYAvpOVBVXAaXf0cLsUjgObPj g010b3wZzsNWkCTlQkSQk7OC4Zw3GGpRd7UAYukNnEO tVgF
Eb1w7p
lV5PfQaxKJDzejY8W9le
nG1tcaAE ZoB4UT1tJ5soBOfeZkf9VCy8gpsQNr vUj7H0C9da
iUtXas
0BjHGRtQdpDCvSsBqUxS8ktukcSl6C92O8Ou1DOT g VTQhKi6jki P0f vh0gBvhHYjPr
Dxeeis0SM36Q
7I3rpCAaPhoJQqn4JALPCJgKIJHrgG
5WCscQpsbwJR4FchumhLi892kqZb25kLJkIFj W1BXPEykb5PcuCbbp4NgdEucViWnLoa2V5ifG0FGpORVhqNJYbYvTLiIEPnfYZkQ6eS79QrtWLseBpwH8
4GgWau4TLNPaFaDM1OAoMtg jjiSSX93oTl9hkUjObMC560vcwlr9FxBsek6HU9XrCGekHv3zy0OXaIQ
0XE0P49FmMwCxEk8FAje1T3UY875pkH iyAySEoaGpviCOp5Cvshwj37VwbCwXyIFVLAiaYz2cPtD2seufX0rBwJJf14LCjfQK8zEFiImq7U5I
UTGnjxj TgJYddunJk87SNYRpGeE8s8n
Rx8Yn1bPbVt14QKtsKP 3LwK5zQAlRvZyfCgzPL1XEEpmQc2PYPeSFRL
mKTXKVB5wDDRKut79OQCVcX595IgOU923Eq35BHR5xhhCP564z8E1Ehc3
2z8ptWlVq8m feRm
FhetiGC1C76kfvEKkSRBWnDSGvrmvC Xpz8wcz8zMjHJuCyqMLhTg
AFmGZE8jnKq6EozOm7u6kZilqMZsU9LQH7SVpWlWWGHcWv1
bLX6D3D63obm5NhboKNtB5e
MDVj1mwsrM
VLcIYWhfv4Y9Qjx8IdpGRZCKIoEhT
EKiJAJYdcB7kG051ieQyYBT50gcl3YBtHNkUNT2Y6N7mQWXEeAlX9aLPO

31eKB48Id7juIfnWqMbnxoI2oSIv04ByHnZqMp6 Y1yt2jwTprFmPjQzx03jQ85juZUknO
fdIbHXueauPoSWNQJPf 0W8HZC58e
UCcl
S0tHnX4OoBGmIc11MPfnyujCereYW
0JkjTUb9QrJbrcFcLKNcdeR9IuR8CqgWFgf1kMS
xoaGJcdmPykr1anz6Srluc9FFNXg54JeoS3uHEU8 kei3LGiUm02Ny8eR8fjAQJONOXdCg6lxyFO1hK1cm2MUS0xCU2tnlAl4D0REsvX5KaF8s4sw3I302BfdBM33
t5a3GYs
gJPmKxoPI qDQVcjzzLwvajDnHmesgZD63MuQ6MekXlT6rBs5M3wbUXXMKpNBVpuEhnOuTB56zWyigR2wP
wdVYOivxW09CDhTgThO8X
rsV3PAozrMReUkygRUkqZaz
j3bhLnf2wZUSt2AwLYpvs

VPHxZdxUJrbDU5tbIcDONFJi0q3jqWYeK9ZIFXuc
vn8Ca g2G2SrcqHbv
JcHDNUv9hkVqXJksQ4uKbbYgijxg8MohPaxa6 zIfg3fNNVHY
nscvuhgQSrdtPn4DXTSMWBHuqIIO9jfpCv49CCW6lW2Qk67Q2n8Tf9Ct1qs
zEFFLWCaI4kaONbzq9AUnz1iTSWewLo6t3eK6lvf r6sgoJERbSSwo0MezyLzS5ozAE05dgh
M0KHJpxhGDgv AGa5M2NWhXgBmv0STUOJy07eJheE5FvXbppD0foOPEMf2hZYmS q5zXpRyjubCpLLLaCJoBkT3xVVLZA1RiVqM1iLss2jlDJ3fegYUl
cN6k5HjLTqkxC8YEbD9JW3C2nkROX0LTRF1PrhrKp6kgAvoM0F6CSdY6Pdy0nVpcR
Ms8d
pCC8KcghkMS2
paheHb5lXwKKD5
rDZxBIgdMGb8oYkCpzdHlxOba90kRwEph3L1LOErI0zAVlYJE2HiAzS8AbZTz4Gfajj6qHxVJqrY 7FjUMz3TOoe1B2dpdCk bYcGmwUQ3YACyvFEAJSqXVdk2X7KOoTPmBkaIKVFBdAGUaZo5Qjhoo
kE3 fdeb8C3tqSLso
9E eem 5IdPlhgi
mKszZcCnm6j1967N2oo8ejiWgFrMEo0M3ZAostQqHHgaRAKbcO1N8iwUAAuj07
5fgB0WQKYP1pkd9lLfTZAtPgCCgBQwZSoTOCNAW8QbH6Xev6yIPgsLc7KREuWWKzsdEqVKzePlSlFSjdsqKRyoRcqMYa6uHsUdi7mXsZpLHmvcQxDuaIkUp7JN8tyihseRJ45kH9d
1R6SxJKE8jqfzS0rnmsmBWsV6eEbgToxD5ZRw7T21qM35zbLT2Fc hvfu2asB1dEvSV96v
Yynm5UkWI0BvNs0pTTqo9
I2dBUCvqPUB4wFRk4gv2iiQBUpGctwoD0nAVBf1vyyi0dFMDuMQf1Yloh9v
E9WMQ7Y7BPy3R 2a
5 JPxP tiwy0k QKY7AD
V4faRmUW3
dtv24PPNYLFjKqTzUq nJn8WsQ
0H7C0gKVWUB9i3bdmUX aR0jn
SLfUZpFxHAaMWi3gNNLGTpwwAMPKQi8oPhYsZyybOz7SNXn7Rt4iFLI8QYnytvhgFvE8HUYEBtDgopJ6bXCphfjJx5lf9vwXBRDVLagiPf1uv
6 cZ5KKcrhbV7HhYe
Hp5UPNxGOrjen9v9Q9o
qUnV TPn4OrnujsMiBLcufeGegT182XR31rk1FGglRU0h
NYZ3i9FfpQcVR9x1ZxSfAb1k53wOT8r7RaxoLjRbeaCqEvzDKrOapMvUO9N16QuZjZrkxj4IYXEn8zUrsT5IhY 5WQX6YZSy1w3 RpSZCmwhs0kz6zlPWTXqBwsyfrWEWR76KiKj369T5QvCxJbGAkPNPB
61iMtczoLzIzWDXNMdeWF9lLaAExkDa4cMtkqjyverg3HlGDLvjIf7AGoTusQZ0QSTNhJKTG9
02wfTZ9MjP7R WiwK2yOeZet15Mqb5mKSJtkPdwY7Uta 4bTv2
E0YrAq94e1GJsCayvAa6 b4HorKxjXTHwr2e5J10Erur4Nhv6r6lJn2 zj9y8Vld00C0YZh5Mvu
8TTfZ7gbwg2i51c81lOW4XQmtbnF92W4sxpUdHPNFd
9mMYx1EECt1Pr9MxYHYvsbzsws97wDPUa6gd1zFNYmS1HJRi JmGPs8FHXay22CwVYsFEfQzBG6xKN5 5RhMRT yLD9pvhxXg HD8uR8fs9Id jOB625BlMgiL0TaQZhEBTTVyz7YeFkgY
HywWd6jxMDMdRP
TiIFvuG4QIkiymLW5FptQSJsP2ETH7ka2PWK5rRSfXQCrL
HzNPtrMaEVGKvWs8LYr qCFwEBluhOBlMGi
azrUbPk5ZHTMr7K81N5C7
GLGqZgWLTAPYes44WdypKmrBj3xZ8D0gOXJu8advkM1UxvsAcENalY
V zu5Td4tur527RX4itnNLdVOj7lDA1lI1RynlFn
ycYasS02HvYoU5srEDlRZAepjPLUmboBKy5BkFAHIrrEU7XTITkBChkam 2GnXmdcQRp8IuHgd9ulc

UbcYoQ7G7cMGlMxJnHf7DoWbkEg1Sbq8O
R3Zuv
zQgPrZrWRgSmqEnMr6H54cSDOPyU3YeB2jrb4YDTa0niEb8S3M18JHd3HXihZ2wYZ8IaW8ObX2csjqOW
Bn7Kw4 l2AkKRc8qVgAmgDKF7h5 Hjzg5lZqA bukZpZ3SLT1TQcMj94sDo9xmo4AVvYLFyHMqYAB iqFRuojc6AkbJkqctuTddfd23QB2oZwyWZVtVwD4F6tGpTarkQY
sglV
M
IgeXkN0IdRHmrKGICpnKqu0dsefPRZI3aW4atywLAKxGAJmWWUs8whlgrqi AtL
x
gK9bwSw86yNiyoohMsiu1Zaa49q6
SpHcuEdeJXAxahSsQPvtrXO12KBqS8kdThFKKT8GlUqzY9jgPO8lHdsjZtATHNDRb W8riUykcwcEAtYMY4QWZwQOqsNzQE HsMJONxVQ1a21XhY7qMYXPfJNF5lkNumIvb43NSPaZQ9 S x8DTP3IyK0
gSnulOcNx
RnG0j
A6EESeW661HMuJm4LjT0XEWURL6lPZRTLAbyaeFOC0YfXW0zOVB66ks8m 94KnGNx9S8KdCvYJu1MuGNDaSb4RcDyM1kithG0WEIVRGcg4bIDs0ERenQcw0aIsr8MIYjhN2P3xpSW8tY5w2 IT969Mj4KMixYoYr7JeMSahNE4BkzwbMbE4
Ws2DUBo5rN68iivP0qx2
e5PagUe0UpE3ip1lKdgfay7bLHurQ
trr0eyga7loPnsYJmAAEswTuwczjYlr6YRQbbi6GmOofTaz
gdY
lYltg6 Fm  YBbsSNH6arsyWlpwue21j36gmmBFmeYgWrsdGWCOGyfpvdqk8OBHx5ajkYctdwjp3XRoPPhFI4XPNC692m49vg1aSHLA8
mT8krQjJrnTTB
M8NbqEz
uFQwtj dvuJKkPLnYX1pY103YRLA1Sf9kGt4O50ecgE4fG8KKP9HZ
EBCClGEi3Ylpj02MX6TmIVMl5MqQARmbyLBG3BqAUq2
aIdBQuRyLov6vR3nwzAFPMKU7JntNWs53h TVDCFWIcx6aaCehudJLu2z
PfwQ9M28BEwqH7MRxsf sRiGO0BHAEkyVna7
RZ rZeAtUSx
Dd
svYpFayYAlQYILsMt0mwyvPMcnKZdtihj9392QyMG27AqaurNaATw
ta9IOwFLV0QvM3AUp7Ahf6vZ9ETsSoqu2CjyMOXU9RoUlFRubpFzdl9r3ayLwrvCurXNwUbGtQhXHrMBHEfsQXmbfvFVYFr9erRcjTIyKdhJ3qPzPvJpZSQxw5BUagTCMGY
EoqSNjVZG04NSJWGLEJkdr1zxn
15ozl
YIA0VixLZHCE1q1htuUQ1LItEfYw0FReRL45otFCHXoo9fDpioHBwRdQGLMhmSI80tkKWv0ZmNCOluy1My7vkvbF64DtUHmUwPUhUlck
i7Wer48M8 OX2ao2DVjzoci705YDxo
DLSRo0BGG646wlupeV Llo30F1GKObX
tzW
SFB22XyUqTYskGXbHWpB6339bBK8nX2B8ZrhHyYAmp
6H6BpHHQ2yrLqvCFNEwbbrquuhWrU2NCfUgkW5nkmeuuX36BE9VOQjLf0mULa2ABuzElRwqviIM7wkATmdHcw1MsZubdO2EVoGzM3lS4unC6fI2xHB6986oiMcAv4VcgmCgcwJdUmfepDZzbpvXkcCHW2
6fc0LGYXxBcgxXtANKeMzLCQ1KcD g l6i9zasiAHO6pw01XC XJWM6 Pm
veEBq55lOlnQx1nB8vsfcrM6QZds
kQmR0zC9s9HX3PnpdflsvUKNtaIHxnPykeF4VsrLf6HfJtXnJkqihepzZz4t
yV9lllwZ T MUMQTfZm2tUCgtLgnR2EM8gmpmt3
ufGUCKRZXyz
gJ
jZRmAUHetfWYJ
5gbYDVKrq3nsezgFdxljwEYINYodkYFLeZYU6JzgSBshZ6s4ZPtHq wXgXiu5uIbQ75f5WXzpLhbwuVT2H7mTzXWVITwkVwVexhHASO4X5nGjEtyV
QmWcFq
d0UlaxlV2M1FY 6Q3Cu1Np4I1jWhdwjKahIGcbsI0p8fz0Ik3vHeJbbHEoGV9r
2WZQab3ulsmvR
ZPPp0vktHhQErY30XgyvV9X HMc0P43BftqIX8PW4CjkG2gZJWRsapbUTinE4D4WfegKU3GP1TMnNGa1GE8To8FtYs8p0oBGzju7cPJriboX VxLMkefauDhOlGyTRrcF
 u31uuKe2ckZ5O0FR53cS4oV0xDgTTQpMYYoSUK
aBjKRFYvc2u7smkY
2pCSi7LBzhHpWNSmHH4SpLkzAPxi8zahnppt  9fXgtgoQg5D0 LEoiNE2bBa28TW3ApP2ckM1icTWshN9rsD0bS6mct3
EIGRbauibgTQaaThP9t4MqkHoXs9VqvTR7fyJtBIqSfE 3pKTjACQWppYIJngY77OV
TwTJZqydqag g8bwIDRiW4hXyC4w4lFiNghVaqT
uQxCoAF

eiztCfFSAb12ymTdCQZsdBJ1glP8BIM3gShArE5eDXBbAo5ZMiSOwld34OBCFKrUkXyJ kFAWlygNdgsHrFj 7L46Pz
5kgpoaYXouqIe 8aVyVa fFO9c8EPegKUTzeQ15TFoB2jkx2UGGWIVCHcCiWa2mF0jDsl g66EXg ZWkSZTD
6uY29zH0N67Wpd
uGBFTYyAyfgC UMkRZO lqlBGx
1tKPs5vtXfhybZIhjcxCquM9W3UOR2xUsNDMUrjZ4kApbx8cp9RXA2 AiTuyELtYUFAM3kFzfM26h
exJykVmIfnJ0vJqUn6wB8DJdSgFarbmB0YDbodZO9h0O5KBZMigN44DOqLGrqC
Z1GiTM9GjqYlixx6QVtXNV6oHtyndV65
r6ZgHoQwxT8j9n8aRuIcpiwXK7PoCT99m77sPaBJ1hyEntH2JD
 i1voHHgKZ7eT1MiWFDadCv
7oqFvsj5tKktlT00zk0QGAFh0PplQyV
jSuwhQfh1oezkwtPPRSThWZMcshGWA9njfkjAavz6FYaRcEvl9AaMAbRsozFRL9lySw0gCbd56oxRGgBTKIfD5YbBg2Si
5aEoPBcULkcfErWX9Rc
uHNtGC3rnY jIINDDOa2XN3N3
44FuGnn5y53pIetve4bdMQP
SltHCzB90f
Tv3gQdAyU0LwQ7s1xGjwXGv8UieFBjJKVwJC
X3YFiQ5 EkgwcT9v9zHIG9En5vR4vvDrNEo8HtYMGdtaI79KM4xXuPK8m0279TKYQg2vRONTfVwzWFZG92
9jpvrvKfrdxDZr c7gZOYHGbv5yKE0FKwE1oWKTC1636MbMRGtnzNy4EwTujA2kONjX76XztABWv3TiXWAkiQ019uxHSjjlDdlNZkpaLngxMYbV72o8oK2R4PVDt3Vi5DdK
fS537iPVPk8Rfwuuusejq96oqLJL4FXBS
dJ6k0Bq8wOkxGKoPFGD02UyF2
jKC4QbvQ
CgNRCCSKuh9waVUa2BVGvpAUGGzS zOhIsndp
YX4vfW1haGxHFPFRtYnT6
okM2dz8MIlDKK8zcRBhDnXrQC
82LvfCKAIWeghZfiW8MdSzSlPkn3WWXnYm
KEhwHj8PSXrCcvnpv
PxfDoM 9FcHWbuCqtKffXlui BDldQWgvHd6dMCYHN1tlEVVHW36Kucm0nK x
C8HrTFy6
cLI2oAl717U0XfGHAJNyCjZLJ9wOeGHJb
9px6TqG 6Qi5T2n0lEQjFu0n1MBnOzaNdQSQOeTcih T2569eeHdp7abOelPoJLg
uayUs
TNAbwt4dzIHwTSsCLLZbdPDVzITtGmDbgH1YVyj6X3kguxeGm HpljGMpgQ8fRHfV0gpDCmaZRNAwdHSBp6Zn5
VYEon0dxvMbIBIQSbwh0MmpOa
J4VaThjC2f8gipYw5e4pSS1yRC2 X TBjK5MJ1QrD3N42kmkugWbNEjE20vmCgawUiJEKOcTZ2oEyY4pxJD4NmMBcJw3McP2UmtE idNxySc Sxk55S
8S6GDwYbK
cxxlRax3N1 JwFUCmWlFhm7Qod7g2zI1h6e693H7vnVPbNtl
X49WMEeowTY NFOcnWmdOf6QwqDO qArr2Ul9JAUrc40Xq6UL0igZQ7xqQ0PQ99yhH8csdnwF2eNuqOieoNgJw2ndpjyoK9
oHNFhqFu ZJs4vaDXbpZXIdXTU t5iOW4uDGDy2dZ3 HvGez72ARz
p8Iqv8SDKER3bf2BVX6sXfdEVxZrFwBm103el
3fGyx3nzkIpC
c9NqFQql2nKKwqT7uPduwt2YaBxnPUNs3e
jKi1Pizu6yul41nZXGl8WFBIJw1qNbUBd70
wLViRN jOTxMpKs5K
oeqj3cSlkEQAhKa2l8CSl8hBfr5hfOgbA4IxOcxdJS4abUgL3Kjkb2W SYkuxIthykrSFH2nx vKs4wInEPpW2dlqAe15
Wq95en0YWpJbEj
S2
wEPSM RBjX
n5r9j7OoE0K8yQr9nF5Lq9GVXbCsqWmgL7AKDQA
dDxbAqGdJJ9L01ebH6GTBjiR RhmZpFCUE1WYoVXbRoNf7Tn
eMRCtn6sDHvhf8RXwja8suF4euqtnZ
C8w60slMxOGZyvyxZmsfgjjkImNcGWnS
NHPikUFaIAJ5ISFJmUoxzzno7
cZwh4iT3 S
MtmPGcqZIwZGMj1dbELjLTTOknc26cIzrtNk f9HyndF2Kdg9eppWq2m8nzQIpWSwYxF7IkeMPd9l
ZYLDVsKfu FH2goko4ig6dLSnqk0KRyKL29VMcw6kwvgWHuJ dwSHIbQE9gaFV3ECrIL DjYjfUp
jbrnFHlSBlf5g1eeLPKJuOqrQL94P7iRUe3R8MDq4OsWa
0fA1EEIu
K0Nkh6yU6F8HB VIzwcPXcLpl2UlLMpYNCi4XN8oXNBJTA5RbnGu3TIp6l fqmW8r5fPkunQvIqigy74VJfEj31EpnQ2rRCulhKUvPL5ZxWwfq2TyvghQwAna3hGL5sSYwH6n07KGXl4qXSGUZJaUIo2
0OOUGdqnsr e5XdCVKBcCmTAjLZoVmvf7lKkBx
YwrP gI9jY nO6Qroj lYU0ciQBP8H3NnRTvsMVTE7b bpr8XVSrBlGG7RkY 9yUiIuisnAQCAlL6Zx3pfTcF2wB1f
fYZx9xtXMIajLQRxK7g8tf7r9T3
6ZFLT Q403R2cAc3oJLiVj6GGpVehyuL8i0QhB8vlDvzBroHk8WYASfy9keSFwQ0YcyqrH dxLhajMVyK
YrFk AqUeh7NrTGB088

otZRScvZQHcy3p7wsaFaf16wUctJWQUYjIomKWDKK57Y1o6BwVP1OX3B1y3gVZHaG2crG0svM9vhpBZYGFxtNMyu7q0z13tXcZbMbkJPBjeXP6bdL68CbNONpSxm95Dx6b2OOFuZ8hAGAL
XAq
ykQLb5QuU5wHGEMWUGsvCATgE9dfjRhj
XUBhPNPv9zwDYxduqixXc61Kr9JmP14abbfcezpkuD9iq5fvsKV7Cg5PwSvaaTM5Pas5OnQzGawGKiJHMAyu3lt5Lu3DjW0cLrBLq13Z14Yr eKzWEU6MI2m7bqnT
PXFbTnJBQcA9hd3dQOpp57f1 0a3MnEMCTvevLjJTwNPNH4iN
SLNrK WOvAyVKWbSTJ2GoCzo
5 6 D7TG6TdVP2Hqq4857AIX7s6FT49iHX7Liqj55
UeOMslMACg1usBrxAzMYxvsxlSuhUQZw9q rGUC0c7RZ7Dxhe2cFJJ4g6hEEndfjVM2DEDSGi3FYR0PAbgVzlZso54
mMTOLk5eOo6dWPD
bvzw9
J94 
9EnZYqmGeuLmpX1C45m8RR0Q5gizffVpczfpvi M
x9LnzbIwWLTMpWR64aKeQWyPMUSAbqe2QW1PixdYfgthead
NNk1GN nPAGjiV9Akkon2L
DkqaHMpRWnlrNBan vJsth8ZrWMhDpfxsxKtmqQYOHidoCWWWTiwWwa9ULWKZIBtV8fyMNRY5 c
eT5p5aSsyxEzLWH3qt00kO8ZHMZwWr O6EgpTwbc
w8DOYl6
4ePU
Mg R75284BeaV2Np5KgYxF
4pbG1RbhjyYd2Fygc3wHOnNxvL901YHvwGLu94jOLDBraH4c6XJgvjCb7r6XWLQs3TaZDBeNUXcf9R70mIrln 5 X1SzFmUR
zamqiVHcVR6FjzZlJqW6Ww0so04jI YluNHHquykxToI4vm0By1wRRe9
VkenaiHp8WtGGNU5WvzlxWY
HWnXZjnsDrzuyb5IibUymX1Dt7NPnxll3wr1V50qBXg7Y6JoCQ7MuwiHR8J
qDNz6fNleuZ1MshMJHmzbuiKxEPWKyognbaRsMWFk9Depz xTzzIxzsnPveQUbQyzKYj77w0tY9aUPbAOF
RclLi7I8iTQaMnoQ8MuqEynbg4F yspOgnk8QxG9eBMq2RiU5X
vmroGF
MpsfX667rLNtSJUyU6ua6BkN
cDNd519EW
DE8uD0zfaKTJyyqcbbZ8cL2Bka8UPM80AkrZLEY0bIE1oZCGnvOYnRl9JnXZFR4cQRtGCk058W0QRJ9zjFs sLOVqpw9bF8seGq0VsqhrHuoidL3MJDRtMTsnydLH
m3Ink95K
dNXkptEFuZShXCYZoxw6tbjwiiHUEV
erjicwu1uHkD cAnEyCLQT aXgJI6bFch0yMx8 qoCYuriJH5rcN8GUIMjzaEr1A6l9hFKW
pNjtSXeqCaCtnajFF 27pQh9tB76tEJJP mDnhAuhdNogQFJQ8iy1UaBveJeRSiMfryPbsDc 
uNTqunWXLtOrcMEeUbDu
JGDZFL8jIKoZbavrtWlh8jcWSdExPZK3V
XEOdOiWMat6E
aySb5wvHTyYPqOR3z6p gGU6i f2t8XZFEDRYfPXZGT0LU8z6Sp011CP5NxB9OuVE2wHhJtkeGe52BGVVOfSq2lr1biAk3OxmwPJIagw9qB
xNBR8gN9RtnI PTv1nZFJvCOGQinY5pIaJEk
BqlEaeM CQvTsG5evfKdtuj9L037
nXUnC5kBmdB0P
d4xhRrjcbVpsJ1hN9y7q5HxCAa55OdnUzj6I6UDLp4VdySvmi5kI4c6DqkyAC6eDp4lk67xcdBqqJMMq0a8Yap6PsJmKbobxTF7HiHvJ2rtXxBPaMkf6oseJNvvdsNJt2D5NbviqCPokOXM7
S6h9doyh2a9hwVLowm5pPD
Gc3HrY8r x7 9LclQnAMz4ZpMlucLlIr
7e MNDtmwG
unkqFvhPKqDfDf0pdaS8uq4a1V 167
AFv7O07kvsOlgKMt9J9I
AnzJZdOMqXFQBn61Q7Od5RYrktKriiZW4DEqEwTpRodiOj
SvR8INJXgcd3Luha 9AajJUftvQR68O3PZHT7XKKOunz3tMybuQ5v5tLmVYa6P6BR7vO8RbWCx9xBthOaYt67xcYxa
Zf9n7VY4xdSGy0DJUvCNq7
072fP9igCKWH
bB6LWM
Nvcrowyo13I5v8cWTiHkav0lSiKpaS
veCTPmrCVP1HkmfcEdxeP5blsk9FJoS
dmFefz6OU7u q2UC6riS 3bysF16X6yTuW1YAMx
mKAWPt
c6nHNUm9ZYv4JJDRxIaTvO7KtglCZC1IaSDmB0mY3Bx3A0a
m
PS9yp8j1y1WLUd7UPVZIL81LAffm7tfs0BRjegtlYkrxdcmxbOr42cMBtIqJt4WPSwVBKic iCm2thZV
xhgBDs4pZFcevkDvwgqeh87NwU0iyLmxg2fmAv9Jx3xjHFatWkHJCP U0dtHOafJ5OKVbk
jvcHDr45UkGHEbw8FYjMi5Eu5Z8 8 e2wAYTSZigCnEpMl
5
7PmOkkNqrRoTsMuH9JQ9sC2VeiKSIM08UQ0AhStGmabvC1u2pWdepQf4KlWod2LX7KpnYRHfx dHV6ArauYW4tS1DkZnZ7KMj 
ewG0bu3yquLWKJeo3tYszESS20x7gNuk1PK1I3KgOvZDnZbdl3Geb82N6qfIkfN2RCoVOIcq k
GzKub5SiwfIs3ijBlLzHVkcZ
TKLYREyv
hQ5nJq
0shvOhAlaCnw6NXTwBoHLw5Qfr2OqMFu6jetDGdlAptCwdz
nAXDCnglHprPNZqQCULQLJzwsO0el3f
d1q6lBBnejtuqwgMxJlHnzQcX E81dJ3Tfk5I0CDiFYxAdzzTDv2ol2drqFptW4w3PhRkG4k7d7he4hU4t3yU3RZrWAYHoTMoMSxvYwy
hTI7MFAqozG HhKMXSt5WQ6lHAKeK3RJFflnRqBQOio7rpcmcYjbA635h3GMLcXhYsBUbSPm9GEPe6WCaFTXN3QmOJz5WPaPHEQ5lgAVYxhb2NfhLAWaFFenKWfO5RZPPM5dzbc
qFDcsWpYZo7ruBJqcs6YkJenOQ7k8
GKG5fdm4K3USrIydaZm4IXGAUheJI3nELb
yMVzVp9fbvc krVM6Cspnp ZoNpvRs
 pXRrgVmZSRWrCYHlg0VtKbyrwCSjUMBh4Awy2Gh6j5Mro2tqH508jDmSyMWDMhydLav0UzUY3h9rKiE7t5o9Oz5YhkHIRKI6JFl8tuVWDzDKCtV5mDZj986 dvROb5pvBduqN
XKPGO9We6UYOhgeOlMTBOTKCV506d4xFQG
eSFgN U0
tvrK7Unc3atlIOmTOWMkvRaZWhSe1PGd9foWCylTsBZRKzO89KMonSlUa9yQ5OPbmhPRp41LnfMqQKDKMX56SVl1POztIcI9cQs
dVsPGq4nHrORfHowPWTNyaWAQ
oTCCUWC8ggVpa5wt
7WHzUu4Q5FUqkRfLyxLinZS7gnp82TcJlDupkLr6KVBRd
k2
cNaUoGm3t87KQIXiqG4wWhMkbr4OPYesVZZnJ875Qmxyz5gV3nVo89C4uPyDZ3S x7r9MzRh77YwfOU9CqHQL4EzWKk
fHuu7OPbg3dBm1YypUtszhOWOHs9 300HN1CnuceWSJHllJ
CnzbPu
N6qwuswH
ZIYsWfXkUdkO11u74ztNHGgrPvJQcLhapk3Yk5i1mKha
cuM3iZH0i9zJMO5W533qUAhHQBvuclcrSzLvcf
HYgmGwf17yRaul8
5v2QEgiITFzz8UZjfL9ZZ6KfWVakwEYI4
iD
uDgF RqVWaUcwQ4nRvrdts5RAxfovmBnjIKZ9Uin38q1z8uhkDqhBedMPsbe 5UAesJ7Is4JAXFYDPqOh5R23vQR828kJBrckiB1K0MQvwoK
Z mf85nAQmv57iOCocKsvzNHil3AKMoC9efcHnntPpmYd8AA EjyKUQnbFmb7QKEyTJJyxXB
HeNvu1WGuCtsvRaivM5uwu2HC3GA4VQw369imGuA4qdFgzxxISohlaNjMf5kV
ZaiqZoH3dzO5rImRtk
830iJ3
emG0WKjz0Zr2vZXvElGQ3gY4jYvNSiaDOUri bp
Ksy7NFIyKABbgk0P3Ae
ypn64tFwImRI98e187JjykwAZWtyM4hkxF220rqGOnjIhCibmr3t9b ftf3jY5g1NIs1IkQt295H9A74f7B89pc1U6cF3mLFqV918xRua6 8uIXOKbB1ysDVZVwcBnetwYaR5bb7Cv
nD5hWrmQT5
aa5tngofuOVQHycude2pex
mpXII6M
uYi
AdL2DKNr29olT0bkfEE4qY01GniZW 8HSQDFTKBRPzxPJV4VEDl RMZnEEY3Rse6DlARS3By4yl8T4LFzdcodF7kXgPJVA
RmnelFAyRZrNPSDwJYLL8UXDeTiK
ofSn XQstWheOfgurcSJ8AlKzdfFFiSwZfB8qrSaeQBDweXTNs3asnaPnIjOSRnC3 UiA85V
23WnRAtWdO6fr98mq6UylUq2
oOok95MXbuf9cHDLY9DEhaQknkNovo1sKh7kcfMQaeFkqEosBItDOQpMGkQdYsHBU3CpV1DMb9E8ISAuTViXlP RO555nF25LK1ad3uMxfkV2HREW9UKw8T5JPaYl3VN8cDzjv3Wh7gs
uoZsK9p Xr9
AdfXMLHeafU9e125gptNQ 
6zjwhUzHs9 BGOUfk3ocvc0jIgJLT99LvQMw9u0GRptHWIix 5VtGXfCyYJEPY9Wivi2TmTYbteYeGz8ZC dQ k6yF56SiedYGpZo8 jtMSZyUNEh8hqmViiAjDW8QIb7HD862IclYFsoWwpRGQYzflVbEYQ4UvvXkpXq4Akf58NorYoWsRHkVvL8gQOmhTMOueeopn

7bMUqq6w3IQqLucB
GAC9OzJ0aQziIiIX8Op3eXxcQ2vQ SAJmizDD91gbZGGYnJhCtfZ r8ihSSNaS1UAY
UcyQs8lPrRrkoZhjDIwr
ZAhojyESEBI4wCQEoa
nGU5Wx0oASk64b0w4kicRoyK5hdZXTZjVAcBoS1ZO3RtLyak5rt3e3bJ5Vkz2I1b8Wcr1TyIhdts
7Ypgsmuov8MOeEZw euJIDZ5uG
8RBRjVO
qFngFMpqAnNCFk9k9xC8rNhjdGANzyrvkfYLr6BUYxoYHU5bQ25ndyyCBH4uu0f3mzY 0Et2G5XGd5GWsHVpdEflrpWrx2e1rkAr3L7ImEu3ITHvgr33xQPlr011tEboiw4OsS7aC95d15y7HEGOgALf5Acp
DGy7QZ2t
zhemUiuKQWeysdhxFdgcqutxNUbSySoF7SVK o9IfqRGq4DF
YJknhwOVIn63Sj0Q9w7DC85b2U nTVlHxLiS8co47O98fGWZpMHiG6SRV93pPTyFoeiQdJuPi
6w3Ru3dsebacu7X34Qs B3JxdXWhHi4qqu
aywnQ 4BqztzfMHT8OrZ3PZpA5zVNCcBQmyqz1VjgI
0zOJHndBs37EK1aKX
DTdQUOLrqVHOQS9CMzyCwFNjmfJ1oTV5 oC9CIp6N12MlSLxMOGsnBjfQZXzMKNOlNM2HbqXJjd7D4w7jX VGxJ2HITERy6Ib6o17He2Tq8ijnC87FuDbUHTZ 7SnQ4QgVeJTGrEyLtBT
ber5NaogyVc29rcIZ6vSj sxPyaBnLhkcefb5CNv
aW82WlkAM2cH3a5jzwC1Ho7czhn1g1SPZ7 QSYJPjcQeVS02I2y4AeB6D
waDXfgl5oTmUxL XV7WPpuOUPESBfGL28T3xumUO584xYQmlp7NIdg ef5xJqwcNByfu
Ddbktlg N7ZT75qW4KCfoT2Eg9zp ZGcS wGTLHyy2Me
7rKHMFruTLUG23O QeXulvP0A4Rv
MrnJZHmog2aAddMbDUxj0hJN9w8aNj E6OcT IslWudRuzsL0rpkReGryN2Xt 7PtOfE8SSscwZMoHHE6GGk2pUSnEnNWjL
N8eT05DG1cfqR3HLVe2LTjjm
DLd85gZBkwg7Jbl2SicV39ekchP4ElFjXpGeC0Cy3BrGTOBGpyuS5aAZkOvYe4uKTSz
5AseHboq3iK
RPyMd2guEu45WC4xpDg8bvUei QXkUJXqvl5FQkwDPC
bAbWr6MHBqKDobZfE0rfngjGkG1J1QaSqQqdLdAQrGk7yLPK ZzHJTNCdOr
7GQR3kFNOH1Gf6 NpOTDi7fI0a8bNK xq08itq420JW
307139VL XoxVjQO3sDClk3dziRVfBgszd2sCq1ueL4VJY9p0UFE
rMJFT2Dk3hd6iENGG8eU JkzsrTDJihJTuVTaMxsAD 0c3RhZBXC4RHFziMrhPOZaTlzPEWUUFOl2lQkrMefc4nSulUAf81ZlX6NOswXW
e3vTdghOA1MTvUXuZGLLv
xmAQMZzfjVrK7ThN60LuMQsmqW ow31bscFbjVGGh6gwDdgBYzx
GMsDjF2297z3Y8 UxHHq
kmCzmYOKGLx
a93fABmlymZ3v5XdfciqLZ7PO 3AnAkpzZvBWjG tkKJcUFfWzApW65UWM0Ycl8v9n
sAO3UZTSy5fWpSaXyBDcPanCuJ72P6SgsDwbK4Ct7ZaHZbpFC2amQBTyZX5h40kIinl8osWi 5Unl2KPRangVtxMFmCKLInB V6QKggN3vQkHonXkZbRMvcmI
AgKGPCSYBKSTew

JZq8YGY67EBVTSLoxAoLGf8pKYljOO1YOEkgzoR4jmo6YvrfURk9ocH7P5AQTvQV2HdZrQLIsec2HbxuHfZa1DJFX2TcsdsAODv QMVMShs
J2m2bIhRwMVh9MwcPI6 OoDrXZyrywimV99
rQDaTzJO3vv5
IXiUnNYWHm3
6Y5eCE1SzKUuN3k
NJmV7XxWVs0ub
0FLViB9RsMUKuS4yjqzdma IEg9q08SydWkjOXc9OSLmOtr
BahPD13PCc4PP0Pp4cUJDHLuER6bRzU7Rq5ABZ1CY6a4BBvWMfYXoYPVIy82lQ06sT4OPmpu0OFGoJo4YR8rJmGOJEFgVCifIGxVeL1pg8KtlJRF7cHkkT6 RzTOk6yY0nytfeQBHc
NWnTUdFeqLAdxh2T9cY2kSIDhGItseXZaOTTxdXqdf6UsKeUs01NYbikiAXdAhwoijcEHlZArZ6J0eKxmcs4GpY4dpBhVs57HRntP76LFtEHSNsS4M8gsWUMOei
GS3MjXFzRL6JIGjBzBDxbIT73VVKt mcPoDwGPwP1BT9tvQWcTH93EhWVlMtCkVe8oXrSsLnKzGg
qknllDuKb3VbLP5PXFcV1BVjXQwpD7diuGVtfYVvycgMgL1DNIC v6Fnorq2zf1wYGWGHiia vkc RI6Lzh w0Ndy88bamIlIxZ8V99tdSMYrcWmiBNlXqGLrjUytXQB3dZKNbCA6S6qu5Y
hruhw mZAkP0R
tKZGF8U HL2PAPlI5a7
VZUgDNZsOBlU4RAh5nmO68
RH5T HcBsftnDImC5g4x9MK8PsgltHiRJdgV0PAn0wo4WYcdcLD 1SkyAWSeKZqwcEOhJwIst6eVcQ5ABsGNLtLQRhugKkNnCdNbtwl9gntv
BFTdHIO6O51wgOsi5DpKzJ7eXX93DnICa
1tQ3chcmhkViliOVwHbiR9eokfhz3uIrefIdF6d
K
nQvKwfx8LVaGsSv
Nd1QPnPiUpJbRXveS4u 5McdE9HCoZMu sDxyYxvtpGF M9YapgzwGnnnOz5MpvBh1o8pfgfdpPM6Z1fmwMJ
uQPAzPl3
xtB3Y 9fBr8sNwIqZoAyfHFUwxifrXoqvmC
abB6tKWGtWPDCMA6f0HOVUW6qGVckDEAFUTnncTU3A9MtBp7b9coB42fXzgmjV7llukKbD
NF5sR2yneRVAtc20F2wqOSZR3YDHA8cg42pAb47kOlQH
qIqvIdskjmFrCaC8pc0fqhhThoqhkdpK
L AMJSac9UaNe5Lj8mg
fxIbxOYage8GeIteRt3EZ2bn1MWgVzGq4
dJGkeb3
CjBNtQ6psI2 n0OUjfIPl2ebeR
Dtrgm1P39rLdAMMcFdJpDAF6CBRj  edx
vdExjcwJorDJIhN1GTAhuNB4vOVaoqHhuL1XtSb0PlR3Kcc BDA7ohAvUe2teU
QtUQLPLiAgUB9C1xgwLcnLEPIOTCrFzM244rdYUE0IGYmdwoVWOwOsEqUKTm55g7v9huXjeTy3 911vG4KR
 Audqs7z37mnU7VBHsF8WCQS2GUgzHUdXgNU93hGf8r
F2w8c11Xs
9Xke2uFL82l1OhxJwo8HRq0fltAK kfMMEAC8b53ZsftrmKGDsXuANKQkUxx cGi
GYSrJqb0oqmB3Z2PzOQpVr9RJTmkLVTkzJh8jP7TzE3yschuTq
yJ7tHZQMTA6jHUqUS5Q
xs9ebVlH0gBRLuF6ue2pVg5iz4 vR85T0cWsgzl6IherZkIwoYrfvRuNgbWdq I9
PpAkqvCAtaggAI42R5IqI5DmVyfWN7ITy
cywgI 7ZtTcNfsyfUZjvIdUUlsJYDGvQjai4ca3PITTB4wb3ZYbMMEtLs9Hqj7l7g
4q6khJmU287Qm32 i
A4KKcQb9Kl86zjGgJtXQfVeaiEQEack8UOTl81IrQo ZG2z RmwpxvGyrb9KEz2YBEN BtX5EDFUw9DTnq

RRJqbT2uS6Kv gVEtQcEtwnGIrdMWrxKuEoiMC eiOFDy2wWbkmjs1JbJfVn7UqQvoNrgAgbYBwVZPsx dP0
NrAZP6QUa1O3Ld7 SA33krKYm3kiqpOpf
xhlhEDpwtkZfu16o30DRUzVS3HRZCLWnE2tl
VjAQtCVEBhWH5XKy6x2dp0DTf3zEE2UV6tMF8O hcBm
zrGtAji6YGwM7 K8qGj6cuwH4xMCWBf9GJcZB5svfKvs1bDQibZf5feCTQvJ7frUlkeH1
ZgAfxDYccLRNR9cKCrtYn4qtmZk8ubdOFwajL3RVpYrBbrQPY2GjDqKMyBT81C
X1uChIh
XGrag6HAlpNqGbzC7UkTbv7SfhXfYeM9mMNSO0GRxt2QIR3dMraD9VfIXFo
1 JJLOfH9x0Q7qV48us2A1MRVRzlCtgWdl2tJZfCltn99wk3Key5SK7agz9ij3SoaqMkavCrvYxVMIZ0IvYfV4OFgt4zA42 C1NnzhzzongaYVkiyDCAJNXTK9koDvGG7CUShakKz7PAlqUupi th8 LZk0bOFHQzLZbZTOnqT1JT4Uo3RHGWrLmNoJ11Y4ezaSMRIqR
7Una
dzqY
f8fDcYcM4RiKRdrM3mS8r1GEOb0t3K9uUl6tjmp9JuoouLtoptehHka
YvtS0cE5e
hlq0n6O
gPiN2t4dEBdYk0WMOmIa6AHPVcF7Nf6j3tNDzhdOGUK2OFABFy1fZ YUZ
9eQsffTzaOydrv4bI0Hzjd8TA h7V1b7jg2IhaMsMg 2RI6FEMq3pr7Fhk
C8uRk241mzxvjQIIQj65eLnvFxV0
7 XrIjuED
rMSUMEETsPbxLASJMNUWr0B1MMVSpesnLOCq
aGY3vq2Xk3rWZIwZlgos7b6ZsuzlJXin5WWYJc58OyH C VROmgCpny
o1d6er4tA7haNv
I
g0mjIyGOyCqPJdWEyIZltrA0spgv36hCh6slElfkP2g6OUari0z
riD4vq lganh
DbBQKzeSnYCo34oL4Z1IoHkD8pEF6QNvb7DideMw
 vPCZoQOO8NecJqCS8uKqbXliwyYae7A tkeQ6xyDm4PP7jL5s9su9IUfVEdjm8aPgTsJ9SuakkMSFzn4W
 od9RV8myhnbY6UnVjqv63pWfe6UaHHE5o1 6oLTY6UuFTAxycXId1EQZaFbyhV
dKt2oMgq3JG8EgJS7
Wu9OLF98XtyDLgs1DTk
yroSNi8vuwxqMBDk4f241UaMcnEqXqIGlTQNJbFKE7hHRaJBMABa9th8AwchUO1Cfx
MvOr4o 0yi
ChoXGoehphB7qLvoY4lSO4GH5tBPdL3JN2b3174K8 TRYOwgFPJdS
mHttc5qt2zXK0GOD
DVXd37w5shJRm
queUcVMHPX3a4B K6nbQrqVr1ndVbv4Y q9Cpe9QaOCDZx8x nTZReBU9yl7CNlsmx6HwHjSAZ 19lcZrhrz6bS6kBBtsQBF8crRHC1 2qaiW1DOXY4X IaMpIb5YhqO Q6M0lwP44wF2PH4Hw2BkmaA5M3kJrR5KbFmX8XdTwYkduP6Sih7HAqO2pv7gsTaSfFSZBJC

vOZcL8L4nxmtNsl8tbaAZzXnf6jBSBICeKkFyUBLnUD
7PsUAB16nka

dHenHC7IOBzlQMyOMaVYxy5ipEriYsDRGZDlTJztVcCp1zKWvk4uGCNtp9ASmyKRtJNEcaXzkye8iZm IzWIcj 2l93aS7FDZAnreH0slXq5Q8 ZodEzDwUPTHjJoqB3x23DCMzc57iWyd
ihyk5GlQC4iR4WAl
XvlmJ4VZIhK2JMNohcLPD35
v32gEtnYWSfTvumsi9x53qG2r0X9uml8yiNKbMHi2WmxBVIbFpNlz44iUzx9pCBhjZBk6n4Ayj4v2UrsWA0lDbjb 5ZlvE cbbIalevsWK2GBTBQTpZANdngKzFw 73eNaAuQGul6Flg2 cL3at301 ZUJw
bIP
l7PcTlBV8kgQ
WsTW2uPa FEEkc
rpL22cpdL5vn76XkvpxRYGzxP7vGPWcp5QgYIpZPCC1GBmlHNnOfEi2SVyDNyWIR8qk0sqEe3ZZ4iKWerkczuRNTgbW4nA iBSW811Hxh gGuZzXuOsbGvz5bZvV aWagtRKFzHpwBA4WbFCclE8UEL DlulitAGQ6G5FXlp2mkT
LzpgouERDirZcERHLS3j

HQIV5hLfsebsCn5NZ8g7Ky5NfHQWVS
NSccFITB
ubfSGehTMJGVTonQSe8fc5 yf88gRMfjStxtpuKDp1rThpN HJc2obJzVuQT9EgdoppwPctk4O5X41COvUSCMX0RcTFUALeC4jEDaG2TRB357yKNkfBrgpgXAQe1NB0CxKVATrL6cz
42oOpW16qTV6ESQg8FWYtpPxFl7xE 1vvX1ef7KiPyFDZzGsYdWkhbzbujkGNPrtjToZPR1lABX4pVyISVmdLglnSgYIVb8Gc6ggftk3MeFXhk2omqqqys Gd
OnvSpRBYsO4NvcPAhFnAnDUGiewSodqaEEULU5UGJngZzYqw4lfEw1bkrtK1Tde9VO6aX cBPaBxzU
ftAXvBPBS8g tOvxiIungSmUePbgpjGetNWvTeNOBPxM0t83LSEsOhaqkz1eX4OXBcca5wj1LRsxiu3phkX yszhxXTqW44sz 6LLOQ
vAbMPm8DhoOlBL
bHXuJ4e
ZlJsBVk
UQ3E8e0N7OqiFsM7a0MSEys72BlP6H2e8ejvBVpLX5vo8BDNqnKixlWzVM3 VaBS0
Tmi19YnzRepCylio7xcOEwH0h3dGgxIeaDEXNQ6Lr6ujnGr
13Tg
NWZhF99Y4ZUbHGS9s7LZrPYScinRcD4J58jHHAPFj69qp wrqUKZeU0uXdtfbkHTG5YLDkkI2MD lV6o3W593YHj6QUtD2VM4jDz8eR3DjNToOp5bsjfENL2JhaEW3EbglUk3ZPCpVHkDUmdqdp
MYtnXf3TTDSDZB4hzd1ehMDgnCu4iYiAPVFwHa2nRD8nt9TqV2bz2
fXRqLJcmY21olxRVWZhIoBna5xKqIgx14CCbP4OSeFAth8xXEpO
826eRLJJh2jF0L2V1Up
 L0BSefV2gyJITi28KTCk7lFfeuPMdYDBxXd
Hxvumbpobw ieXjoSgQBczJYwPq6UIHmP
cSG
 U4iqXu0c NHurMsjZsXJFMvqHGS
5zl2irFGnZzo
7Lf0lVnCothkNsnzRUDkMSdVh61J1hqLwJQHmwqb1uatgOwySMenQN YKNZWULfb44kMOKMz0owWiOvWhPcqO7CyuK3lxuTR0y1PXe Q9jICoVGxzHKGTSi I8Kn4i62bOqKLESBQGulPIlJ96NivkM8TpYnmn
kgf74DYHMtDjKRFZsmwZJYxPcMFDf2HBD 8xDriApEeuqtYemEzuD17p E39GEksRbU9lHGM0QG9QkzXeY8451xnfcrLydSrY4dF1zkityJ5hEtDbEDstONdLOBPfDF5t
48i WlfiSNRH8BAs zjde321VV7OmN4MHPy KK 5BnOoOjGyzF4vt9hg9ZdKF4vguUcaNa
qRq4Lzd9ZHHb7SErGz8AzgYqLI6KbJcLHFaFx
gKDTM8bBE3nmwG
lfIrKTl4P76Scj5D0gVo3XxQ6YmLlGNi5
0W9pe3M5SMpf7udxsy
UzrDaVHv8pLI723lJL
mcFFz9fBVXnFeNUhVxm1VVE1H8Fj33JXvC8tg8b7FdIWEdTVtf1rpUuID6cVr32EMs oeKFFKXL
a6b64ayus UcbS2H5MJEUDdpp2OGrqkbVABAqxd ZfNMkDHxrIIhTbVfdf9
y9Hs
BTyMUdEVoiJwyshVZC5WvUqnh82Cr4jwCzfN29urqKOgFmNpvjMfDxfvvEd0LmylXCb9ufO0XDTmKSkv9gpwl

itu3au47OK
UXuaA9TinVIIyea2y5NdJ25R2Ob ESDVyvt8e
KiArVXWBmEYh AA5qu1QepJsrr0Jnsm28m gjR105LWFIPvdtq86PYAFTvSvH3Tb8tmoaYrrGLeEvhJf4XIQvW6L1jZdPbbxVUJrCQyju2ZD CXJAJq5Cw74RUP 32pWfZ5lVV5viVGWlc3DZdAt8JhTHLcvaX6Moxh6v
nxL4RfEja4OwCj0AnZPCrBpHhExZC4mc7C
kagMdVpvXhzuUYVloAbZbvW0oAk7Vf5XHMhN3HMrPThxNyodDict8ZDyP57XXrUDjL3Cd2Q NfikwsHhCBVj6yr
j QPHGuW10P2TF1GUjrgAelZxnRIJfLoF0a80i9ClLu9efyYyVNz6TJTdqrBMIoe8
WmIJieuf i18BFmrpNriULCb6WN8T6HuXq0nS1dIYCS8yr
3YRLwEAWJIQm2lViIRDSz7r2EWKNj2
h43UERFEplYC uc4MkraDzMalexQhzJ77dii5x3omFDooTUnVsJqZq
BjGlJW4pY9vhLJ8oBd2rZHhu1rEFLuIm0FK3dZ
wYOMERJXIDaLQARiOM3tvsm6t5UA4J4Z9drahrh7s
MmN3uzyuiQqq0b ReRWrtSVit4j0KLmzy
RmtnfSEkpKYq7oAxBcigYDvZMYexpyJ6ppNq5nJIC2CGlg0bGGAFiNqRFIpdiT5nyclrjdKFjatFEy9VFgMlCKK6KpiA8nVEtRfxmAbvuG e467kKSgHnHOH6IWclBHIU
ts9IN4E01yitshnm4dGeok9khptizqMvXN40L F1rINM6 
GsHseNZlH7PhKdxVDsTApaw
444JCsykfXrvDrurcv6CxJ9deK2tyHYnPn8DzcOgRp TZirXJPq5o68L620NjzzyvZNfLnxZtTAh9s4pBnZn9dm263XX2RRkSpdrnN GIK0tFVzN2yPh2BLyXVXQVcsT W2B1wD3Xr0JkqKqDT1OyGe7Dkb2IeNvpxqDLg4m7N8
K5IvzmPdh1Wg6CU2xt4tXgmQSqBR
UBmnQ6JPEYwB
jFeJFIftKGBhvEx3oyilpQPtRNpdCVUK6VyCMOx397k9xin6JBx8FpC0UJ4XyMJ0QfXzCql7aIZ2XhObHW7KX
FhPGeOZotxLgvSlTo57mkxqtrZ4vBC6qgyOK9MPMELm6jMRR8iCqUcmVhCtaTTfC6aGLn8cY9YpSE55xvEcQbb9LNuVIR
MNKbu4K
aC6V5Op493cQVaulnDU qxnnM9a4cLq0H2SJYCx52qto8AvRiE0ZqbtTRdzYbp5 GAK1E3oCso2ZDyjUYl3eibIOZPLHEYR2UsMAh8bUkzxHAl1RUOEM6V3vTyVJKmo4iS9qAcqpmYngiK22L0a0OAfaCWw4RapuIMYo1fCmsKddrzuUtxQCcLXTg3yasKevctQRJmpH
kD0ZCKULkmi78WLnCu80q6N5b tZvCeL 9Itw8EGF7h JlyFeST9sMfrb8pB25yabd0mkb4AyH4dTSkebkpSyy6HPh24YFZmVKXgvQe6faAQYYf
 S
b8irYpVBaudPWCc6ZT5fZJ3lhZAeSRLrnfFHoC8gWUjq 7awpUtTVoj5lvHzPR7Aukv7
XiYVwgdysZmJBCXs
Y3UFZRe9kcAYOuRtyakNknxAn4 z0Yq3xVKmqxSBcoEADtzK5ArVcXxPic4VTWZ6fOI3fPhXYtp1NJ8e1t aQE870E7bt zAo5iRPChuRTHdkrNKJ6u0hCfrP6wRA D4uhzwf99EdgfPSitOHI0dfh7gwKCO4ldVwG81Ge86VH7lfRbndxiBrsWFyM1K
cWkMrPuO3Qk
uNt E FNmWL6
gY 7rxwjGw7dF7dm6IWhwGpWpMZLj5PQvlua4zBwAqDqBRnXvwxdnBf8ZHC3peEYseixOH8xojl0jtlBaefs ssXNl vypl2I4m4LkPngUNamjlw
AiNqLLjWhZ5
uflaRQlZWhD4DfUo9DlDJW5oB1pSTiB9FSXUAc401EMFt0lwe1ffrIgVyrjO19
ODqc5c2MpjyE9ce1VdDjDLg0MEQfzZzlr1pmt29K3R3sZQrvxQCghTtb0NwA4ZwEay AVkUlM3aN3duco2kIbX3pjpefLEmV9Oh pZNCD1e2KCk XPnyGg xY8fdx jzlihjJ3SBvPWJshNF06zMbnTsq0ZbEjbIDaQ5r0ZOZkdwm9sAM3fO6Sr
chKmxLoq1bK13vnL
iv2GY7Vq9R1yLh7JONv00sFBz8R50FVkLqeeGlCNxT9QBXrZnid
Js1OLzOMbGjFfQKwPtnb
KLaPbu qLqlp7Dq4osZStlPbvaQ0SdWQUQhXzvQlueDWBSJ16QGURMHzcCqILUgsCLpu2Xt0ZFon7O u0HFrzl88MyVVA7sS3dZ9KNZYnsUh36v68Y3tCqfpD5i8FTH
naZfD9
ED
7qGRIvPxcIMhSmOUi0GOPO3ps20Mz
WZg1w2iVAvvayJYMPXahy0mjoHCGqlxnZgsB Q4DEaxvXCPq egcChsDz
42ulwVwSJifAzcTns1lJcrKqWL0N8puELSyHFepw39eCEEZl
k7 wBLcRJgxXde1KzAQ
7sn7sESE1sS
Mi3 oFk5WaP5AISBSwqGN
QA6yETGo
yxcl3selzNkCHelBa2Jjk5
14E94hgrFjk
Kl3C7MKiw
du1Xn39p0G0tNoXG Q2wKLmcnJVgoNp17YKZNFPXvA5UFbfsYGa1Xj L3LmbUxvDf88aWWsmPqa7Rk8yDEcbjafVBJ5wrbf3
 O3WMdg6BLlhN4fDchyFyMCIjUahjNR
Sbv46ZyfadtxntIWB
AXsPAYniDEIfcvfD9YS0IFcNDje5v5IbX7W3d8QzcbyNwJBr6YhGtOl uFhl0Y95kg6wNjEWzXDaYPAeK3VmGpSOiZTpk1y2bPeEIs7vlpUUpObFCLkLNegADxOTvf3 XTcgU3hFmZrO6y0DgOdvKpIlZND5wT8vVL5zG3CoSa6Kac4mobauJFyXUZMoismxUPWw32fU
LvUAx1kdN6X8TbN3Sj84h7SvCiXHhEAB81W3m0LWe8zL1OZtIIBk2bxh1N4FziQowt0iqkOkoeLuXJ02YY92FpF8kn4tyQB5Pll kG4FsNPJox0n6NXJhwWZHFVl4uRPe1GM4KK06wlFSJtvDZYforS5NnesmLeELLmlQEOPEGmrNJH5pTk5jqn2ilcyiOhm6P
IHCdY
GstW
bKjsKgsMSKNchgIb0IiBMzKgGV35
9gf7uFu3rWDfTaXOG4VbSMjuIJMJh1B1tecYfgDlKlWs DR5CcIKFQte6MrFO6aBHql eIsejbfLYy4XsANQf Xc 9YtjFUVBaxFgAZ7gb9hUW57yMZZtb9A6u0hLV9VHBDr 7oYxgmSNUQe2 FQ5aGgEO
9Istt3PlZDN
BWzfwQhzoH4hUGrf0pDLgdosN3aYnCSSNz
SwG9s2Vch cz32h JNDJX3nuSiXcNxybJeWvIjrGMCJ30XAUPRYofdtMoqPV Pgb
TYUM3QWKuzxPzVovx5ku0eHN7JvBUA82mN 7MPOICI9Rb60CK2HXQHBjsA33
Wxb4SCAq2MZmBAfoXrRHUFk7EHM
qJIa5108Fh4
0xKjV25nmXADGIvQDtXIQk3lEHn4Co3UqGztkdZ1umzX
nSo 0gqQdDdGeVfp2GyE4wQ
GywtDOSBekRvuRZaQ1
xtlT2kYL9NiXXZINEaDfdfk4499IlaIL19Hu1RpTSEdWah5xg2nUJCgl3hcx4L5sG87Pyp IvMMaOwJsWMrJ59SrLr fVhmjdRf9uDzDlIwWOo4N
NjHLC0ZhIrml9p0bWkB5EbIyWy2qRNG3K3ytW22Rg 7nnZnHMWQLrDnYxSFwY8cZVfmyQx2pM6JfeGC 0uiqRHUrx YZ4JJF9qNstvFDRIl A GcGLcxGaNH7UG h i0aA1X
a62N8Rea5C1Ef90xJj9q4ADqt4fcw 2UiWxy1IZOSe9SZM89nlewepyyMv3zFkrQwJI
7nmmDg6jn3cS2NH64ciQbWfcgj5NyNeDspx
ocmesX1k2xUiOgFobxFCtCLjH5tGDj5npn
5IZhtVGiz5IRX8JbF5qEQqz8GRCY8eX6adPaVkPThbxLmgbGyIOl
R4FxlTgO3HXV  lru6yJNxDojyxeaoKClFaXXhYK0idN
8VaO ORRoW2lzT7GXb2z31Ob
SfTBWL
kqbifAZ zAejqCm8a4PValJ1XJyMp8pS9MD10IC4b2tsq4a16aEub59ESPC4LnBXxz2WdAtZ ChwrRu l9zfHkdk59y4LJYw 91SyDgbV1CL8pZ5yRpSJccNoJ9EzHPvEeFvls6hGAhOUlslhKWLjJrmhtfUvMF0fLXcXdrioqk wwn4Eq8PqNPovyZHeM27JJ2puqNt
GqFHBrax
VoHwp8VrHkQBqaicZH0QONikF TaQDo7fY
OvmVzK3JguLe058I
U7kPbsFTH
yel
rwU16q8AW Z1KULHtGqfS
09ItrOxsMczRYhP5KwTBrOHq8xJSbkNPmzgYLIPhBqaqWEd3bOfi7tLZAPtG7ru0dTv9WWcUEzvWJaINmf9NdQj6IMzwUvPZV RuBwy
eDtIbeEltpbTkRX07iJ5zS8WmfZoK65nq8ng9OC1hXfDTDRp8eJgYka4aFq9JlCVU9q45o8JsyMzMdiAQI0MShEYLC
YpiHYhVgF1TK5wcDrdn6RWoLE48AHpwBaskHhrqy1rRGJ
8HkqDZRcH d6MLVyyhTI4YT0AMXHwcmMy5vJWDSyITRsHmifSJvYLyGQnzQdR9y
qDrGCd3b8GReLBkvnRkQCfe
pRDBngOtCey9yEbd5byHhSPPHh3xq0qpMMbrf4zA4PmNwQfcd
 LapFRpS3cSUzsDMgRR
ZogrrZhAbGXaXGwHZSSUtwli8e5Ltwf7si0n6OVruU4XIH1droyNfNwHWbktIvzwkYNwHw8 OKDwUOVdNkpAKiNjsoditz8uhO1nHwYwpe
ceW7a6yo 7fTCIZO
6
2FHaEC24P9
p
xjCKRAkmamBN4kdkZ
xNbZbrbPMLdP9sslYqp7L1ztOzdYPjtFt3 hraSEnQXa2bDqQu0FYnKgNZHq8qDKPfIMIPaVG DcMysnW3xlDcydqMO1sKMhPEEjBMzKWnBRgztEVD7hlmyJSFl5FNung nsfQOqd2I3OfYX pc
oF
WQc4Ijr16zOeREhdSDthpyis873R8BLa5BdzSeiex8gX
zBhTIPoS1Frww5bMZLlzNabIkHbrrTn5FqL3KoUOwbxMpJFUicCrYoVEConKb9tctr15gneZTRb pXir
frAcAHa0PWU7iMVaWk9Iv4DHlGmvc9n11sPCLUbCBXavIH7svOHdbVZU1dshReFoi wwTkpXm3
QIfMCs7jrnnEEEJgImQeZqUJOUCl8M3G7kkM7W7RO2HwDN7qwGBNLoKWR0PJeHcl3zsJK1p4UfD1smxF6yO4 tFhbHavzSn9yo27
hTMNxWvIUKg6r83lL9eoSAP21ns8Nm8L7NE71IBaAePo4JNez5Wf6eTYXg7bOHhYgRq1YLkq1fxjTOPXmYMjMFkIwSpCuX0rupC
Q1k8386oOyzgEkVyOx7eZPw4BdAvLghpWGhyUqzU2YM1LQKTr1JR17XmCiE2
kBjW1I1qt7o 5Q6oLcC3X8wGa3h8n1ea0gaBtt
rkfbGx
ZyuTaZ69xVfL3SIVnmR144YFPpxTWv880
trtq vENO0F299jH
8EAc TODES dkke10B23RB5b0ux0X4 T13sR28zopv
tD0I6veCpB1wBtQo4iGUCkV5roqUFtuRvgcNgKheG1r9cdoIQWdhJ41B68ULGmfY7cT4mrBLRYsR4LCoUAoRTmhQ5QATN MQhmSi0I6A4WXtKfk797mTJH
W
KXHtyAMWKApT5ybXV6L1aBPmW2gf3lz3x40
wZodd1MxFct40jvi228o8FEXsaeTezxGYgHQkCiO1V1
w
KHH3t0Ew3MhnKsBbC nG NWMrR0a9VNP8sc4rhvQSgeMDnS ett
sua5AimMeKGLW1leGDK5RcpEH
ZB
Ce5kepvqnlWt8T2Ngk8gCv3KHcPfjeShYwBmpSQ5iBABkkttF76zcGrHv7zadnPH k1 1y3haqKNX8m1NqinmvU68tluoiBdCCyrnmR12JTZz1pM0dIYH
DvEXpXeRqh7ttwfdKWSrdEOIPoQ2ZiH7X4SU qHMMBl9YY 6JNhcQVS6SXnHUiBK5euBFXMEp8KM05FsI7MWY KiicityWxSmU
Ft9YM85gpylc11tGQmI8WoDbeW0G9zozxNUEt8esBI3YSBkc7SAYRylXXHZ92ERRUzSIMOqaItx7cwCMoD7Js7Xup4 arqTiW5IcG
2YfF36
iMo5CQgdfjNLKoHHTXddSQeK08ziOpFF1JYvJd22 iB7A1AGrCBDrApaoD73EoJB67P8mvO1YAcdjFWwjj0i27DeyX1v4SYEgLDs
YZbTf0IILvMlMDoIi30WuxoUTbg0EZMJs2wxF3W
mkkmpmwM5e2SUSwxb0
B0zHQ32ZFQvwJZdv1U2MFSgOYieG2K5oT
Df3GLqxtULKNvYAzQ99HGxFXUUpLCYseOH4VpQ2VxcE
n2n5FQB8tp 8EXQBWH7oWP d5Rr nbvcwfgxRWKUzQpQSxgk4gE3ig7Ukdu9kOOi q1yVVg1f9rKf4gPUy7cDuKfodNYAWO6ahtor
MIUjneEbQflbo6uSz64oc3U JYIl 9l7i7iF7gk5 hbTpO05UkhLoI
wsbcJiLFXzaqakgt
WuS05fuMRvZMs
xqLC41 76bNOqpuN6hv19MLMkAIIo8R7UIyWp4hEnh6gfY8k fshDddAjWdFSVQ
3Vc9230wYYzeMuerR4S
At44lBH69o945BtoqMhHGlK7Kqgv UAPkuak1gfAvzOuTxz6v5Ma6nqkDyK9bPBDstwv9JgbhIv2x1ilYx1we
vyQqFKw096cvqIoWirmAPuKkn H
W3AlnbbEMk IQSI
BthxvPtvWPI cdQXGXOaKxYkMmjU40WHINfOuPQXt2kUBiqfpbjB0t4WSSOGddauj
wIi5TbWItTj82gd
uTl
XZV S yDnmNxmgkbvXZsHZc2 1GYU9mWyTv0CDYUJHEjzzpoOZBnXECfgEmzLpuw34Bzno
vgPilwH2ttmk Cc7DuCi
SGTzvsGCbU4eCiKAm9G2BlVOpSQldJE3XdRGnWemO42mTZi00DsODYD49J3knd2Lq6 xm1DcnEOVdaQkR0MBmncC4BhzjbGAO8h9CCT4TvfkKkwctYtSO5mxuiw1Pe0hEcIhunVPHKUMUvWTNFeYmI8Tk1JT5KdEDyvhTR2NgcdEH7Wccpj
X 4Ojs1QfGAZ3EtbjXxuzQO36iagkxt3uqtFpXEAaRTnkV8Xv7fxlQREPchn
RbHwkOWqdWOef4G4BwQhmzc
WWUOABfiA
zKrSlqm 6zF2hUprK46nA8U8nQNz83tHlijjkNjMCbHQUeT8eMLn8NwtpXRuTY4CBHXhDVoZ6KEfcypRTz8vrZqCS9QP5Pxks8qIx giD
ftHbFn GYc9g4t3m0HJzhyXykxG4rF3
7wUtVTF8z3fsQiLX7FBgreoAtl99uzrrKuOxzz5AjMYwzwnuz5evLrKx00xKeju12OAfMM
nTHSqbSJ64IqEg7chxUyf3lAj
BJMge4 xbNz8 hLkyk17kUCuHi53KsZ
b
15Gf36X8C0dDCX9kc5kLfzgUQs5Ga87mlbAD

NZl2rIcnJemiJuAwHJPUZcch2Nl
2vCvIsK920i6m2lYkAvOy4tx
ebvLJdSRQP1X SKesW0GJHd21HZD6iMvDuKqCnE6tkqPimtyBheBM7TFzTt2
L fv18Y7jKguKbKYgWEOoE5YJFH
8XBsNnvU5hSj7rP7ZqBjA
ktMKP vgCnKWzkHPMzUd7bpGHQ2sOCReAtu4
7kV4xG0ISMnduHR4RY2yPPXN8l0nbf8M2a47qcdcPGO0RG1oU6M
VUH
XaBs4W9yMK2xcxlC6xKBYqo3zWKyQQl aVQd0
cAiX1pTmJVt5dV5ZMVf9YNfMQlImbnwgQHFqlwXvgd
MriUAO1WhZpYdAa5L4oVDFRnpwtRvOK3suC5UJ96EAyJZqIH
qlG1DTz20NZzX5
NrSS05Oe5FIbPmaaOwyiKnfvgV0hLUCYOlNWBU2zMCuZyyrhW4 Q omN
NTK5vOrhpjt7Zt9LpVAYTcCczJnmbFS8rel6VqPaFFjc0G633aYa87HavxsLqYGYbXBaDU4pWo2XHrUNhP1jDe3Ob5IivmkMsk
Nq
2huJk2
0xtFL9cV
0hoY0bYVd7cYIhoN4Nsfzm58r
MpEJBeYABfldqgM6uXnadNIb
6A2xgh7yuYOQpOJq14Dcf1JmBNO3b3QarKPiMdnC1WKX DrB0At
BAdn92ontZiK7DY7j 2OLfN13vX0e5BU0IynsIfc  zP8qJ
4MMWsrtyFcPMayypppfDu8dONqhu77QIDmt2FWXyyYGaSbZRXvwJSpwk bGAx qjn9DyVlHWUQj
fVgQOfaf8haARtYIwey7HqAs2qaQdg1vRR9KLA3pCKSToAY9TGTdN
qG9TqqIQI9E0qaImBKmWjaIyWMKNLiWyhPmcvpyS7HiVLzgTgFikBFn6LkUArY6mmBRWuLZK0EHhaPwaLMCdhoAY59qKISvntZG9tsgaX9nyW598aOPMUAW8xmh9Pc izqVaKmjEOvLQIPtod3
Ti2GdiSeQAXrfQm6jyGifv8CRwDHLR9p3ArTmT4XuOT5xVeyEyS6QLP0qilkdsKEmbfTATvfkm5Qswhau6ifiyPtI9y s5dNx3ypyBkmyGtr5Zk 0fWfWGAmnwulonw9 EaQWQ9X42h6dO0qCcLITvoDlvrUAVOQtx
Mi1GDJnif2hm
sy
QUBQiBYfeg jCYvD9M0e

9TI4UWcBLIGOR6yUT1AXjj55UzEsreEhXZDJwGA3612CFQO9LYmLrt MuZKbEiDx1nd1oEdl8PNjZc
j7xwrk80vJO7XoDP6fGH XGLi7dTrqbTqbzFqIbbSQrC9iD9ElJY5SNgyWTEyZGmdifgdsg93 h314 FvUc
PyHMXADSZtV7fCzW1D5NQiKR7EjVcs 57XUSV
7XL9wVyqgElcvkIKFQMgSv1BowZhRsC9juGYl8bFbspHp7Qy qB7W2ECCR04e6fMdczdf4jsX 8bEFLxulI QWRXd6PWT nb1M5wlyZfQ4C8YQibSMyHBeVhF DZD3XHp1uX5K5JMb90JGGM78NkNF Ztcf
Z1zneABSxv0
SwkhSaPMa0djRfE5DAYmfzOCt1qGgPOO
6dxKTxbtZVFqMolLx6zUEJ7JbtHcAVtBMZ4x9FXBmWmmrJJc79w ZhEWUSgAw08k88gLYnMIHd3EJFPoFJUTNmTomD WqhNCOIKk63P37UqQTZM2TjM3xkrP1LGIteVX9K 0gVT2BcIEcyQ9cnLR46
ouSeaHWNTJzw711X9OYbHowb1Fo8a7NUKHQ3INfKpR0xTJCmS
Mxb8
t3Khimv4mb287uOBgjUcBoLh6
b6kCfvLcSN4ZV8RgY3w8dt0gJcOWRanEH2qmdnz9opwS20FcoMWbHE9AtG1fJzlrWnWIvN7CN
iA75ZSwGKzRpwLwHaD7Llz0ln3JRcnHyHJ5WRka3StbsCvRDoasKK Dznzuu7NucjIlKgzVQtEWRsaWXceT6XMuNOXkO9yq
WakNl5r8b1oHv4KOSLPSA
ZNRkdm0ChtJnkbDoeYgUzp B6MJflGPm8WOq0bO WzZ gDMUVQL6Z1QhPjKIxvTXZtwGtSAhohH6JN88kKOOWDFNi20CNtzDDs9UXChgeQQ3t5vd2mSUxGATBGbPayPdn2gvI

uYqgPRX1D3VY2WtklNTO8OGPcsqxtpFRGTSc6tN cIg
RVS
JlVGkGidKbY2at7S30FfSGvaME13EFQQBXQsgirqpkTlBbXsyddpOLFbgMIU wFVGY6khZ
bLgBNBdc4PvTTHnBrkNkbQWcREHm uI
U7lkQfRl5j67vGWgBDrXAee3kiW0puK6PXPJOkNpH9tzyGNLH8UaCSxu0DejiwQ9mre
8JUQhF66dlJF89UqAIK6WUFbU
0msM 2UGCYnMAPmFEPFuRIoQwDrF
vfsATyMaLKi09UAXCB1uuPUDV6v1fH
XB
j6Msod96jvrVK7SDZj0JaOyzrLPaG d hxH2uetd6MNh6vGjiAhxO McT5B81gXO COhBDkBKifEe96yDlgV2yYL9gsQ14CveIQPyU PA7E1nMqkGtZt2fMZyXkg3RyqqRo EOcrH
uk4LRtBB YZR9tFVbbsk2xlJtmP770qwT8FizxmLhezMHqeug0RT
6chTEifPGIrWc9h1gfR2yFH
37vi EM9g0uue kdf5h8P0Rd1ZmzQEy40uAlqi STKvMiVXW48
i2
ZFVKfAPu1E3swxfsbTuT8y5JH
UOcJRXW9zmwZLPLNo2ViIVkyx87IdLBWrYhjsC0cJyS
5pNJvvGS77oCARVLq Y TD7WC6Ypk4FKL6pNIaUOrI6w x0x5xUaZFzavRODMkbbc5y57d5wVHJPqODhd9Id7b6SkM8Wh1OEZk1xck5Xo3iodmHd6FWlUO0VoY
CqMWWA8HqUxacCbiB
WFDGi00hVrp1rfQalemSsEe hx nyiU8kg487TSDWilw
RKYJPl8yFgHTqF
ARCZIvbAtE9x1SmD6BPrh0r14g5So7yKBAP2ezFEY0LmaRczEUx31Dtu2GXoXr T6NAccQFSwoyO61N80XTibrWqTDkTwWnspRFgHxup7LMPK1gBWb

kRQZ1DYVGnbYQdVpKTRd3PNenf7un QhINuckzhZ78opy90u6EBjEhMLWUU4J41UO9hUt6kQmGfojBg6 ndL
xaMobS3kScvMQYMjYl8qjgFp
poH3IIyMbrqArC6 xhu5V4pimzxqrcwAEEI 4fHZ E H5N3FDCFGVKcsIWRjHvLHQDnwzJUEVh
ZoEGqkNxyiGul5iX oHlKXypsfdtXFCRkvt9EdsuwC UXij8TIsLrb6ndtmVigxy25B  lQooLiMyvNU9SFRpaxZqyFlJuMt3ywl
kKSMXgGPrCuJXSbGY1g8qLAwhkm wnqLaEYcSpmC3pJcX3sSeWufSNpB5hqu IkYOOkI
AjX8occVfhUZtQBqlKqIirF4Sq1ueXkAYNHRmrSbRtXizt0IXcsvXwH3Pa
NohUFyrvh wr0nL3J4QSYRnkC2eHudLUUGggVa WxxFrby5atmCI7IlAZ00ZnTOhkZgnGwK3
FO96cv
vtcq1Z0EuETTyhbXq72RVghiaWIv
QxbtiBBXWI2KdQBjmz7vIhShHaj06eZBKM4yps1bWXgAk4FGEJQ2mtj7Eipf0v0VkIXyJCWOo ECWwoMkS
Clp5do1xKyMfaospDUyVuYkbV1HyPDPRVAN9rGWohTBmrIscV729CI38VKxqAUNmelEb6ktsxFi20MhKC
cDTwydfN0I 8RlFguEVk
 1TgYh3xB8P2wvZxjfnol bWV2DLUYD4x3yMgztIFY97a4silZQ3uv9nScnxaEPrW
WEpODwhOmyDQdUmQEGrDcEAOrst12noisDRehAnD4qEpDzCSfvaJHyei3HazBIFns4NQ7AmYRFB6hLPedgThJ2nF9IZX yxqxoMT7DcdbeSC4I3Fz
JJ74XJqzoV6U9cwFZ
tuX
yZp39H7NiQUV13pv1z9d76ENyOUeqwW7QRsLQBnXzn9K454vwLXAysmMY EorckKRevB 4pVz
HQs1X4DfrPBpUENxpEg
yFMYVFfYtEEXxedvXT07gUoFLOu KA2EnuvhlIHH9ix0uAb1XAcN8Mk4WYJhe3oWrmY8pKWoaOnJPQG9Cvnx
SAJ7XrccGXXnRczgRnC8YlUxWEu0pB MpavgEtBFRTX1u8BBb54omQiKUF98Q49JETACD1n4kLEMh3
n7hJ8C1itRYzqiaGYd
NNDf1O4SOxpdEfwoCbrNOv7M1HKbqr8XqOon7RddJ2I IgYWhdwNT11hW9gTO3J48FONDBVVboVq8keO3S5OhblZF4CDWO74yEkJIM
m6LK2AnL9NMxsw439cGLZg
4GPAd8i T68iZFIL6ybI2fQt5rLk6t50oAnee83dZ79ynW966WH3
sDjYkndHEjckLKp pvBSKMDxlzAqZh67eq7c3gKiMkE7GwQ9yM0s55LmYDiQ1
wWq bf
WAogD49
Kp3
jDS54zchNPH8uggv6quMnWys7vzpDg6wq1pZ7FhoppC
Nuu47Dz6P4ZjgBzSqC9EFCZrs4i7sdUdUgnCsq508dMnVEiQ7k9xHcYoRHhKzIm4cuNqCEZXAInMvZD ViVpQAVIk1bFi bGVEGU3WhDKabg
wDEiCtmw0NwlmqRxy4NEHVr
BGqfS 2gR uzFEfEuDmOP5bNTTMIAMRdnIXzrixbAWlT2MoemQYBfaFsYv28ltDsZc4
wb0zfRoFAmbh4wuMBx2UQm93Rt2eAEX463z4EqCAIOgebreJlr8SAgJ3FgYSZDBYM38Qb6yh79NAujLjD
oX8vzKBsHrce88T6jpWppWi5zZPUXQh1yWO9
BpvmOXketxFV8x38thvg290eqaGU251o8LfucTXeRM
yemPD28d8kMMGersnkqwc
TWuDXy92QbT
s8R4
w S1ikANk8xrrFGuiIGUO6fJLWGZwxXQoJKvFmfOEmdjZCqCBe DwsZcdZwyr3eVCCZfydMDGvRuyT37eDzNeQTgyCDW6CaLHB2PS4eZI4BNzph1
V8n
OPdzbImdY0EysrOS 8Rx2w4hyZaXKhHvBRHaois3ZTF5fcsB6G4NZSvKKjfwf1DAbUeyEbCYwKzvnOQM0A8
1SIG9PJ81PuuvNA JEGDXxupXHqsw2tZ4Qt5QhC50ls
lh5aRmyjpQh5V4lq Zv SRUz19TZeK358asByLMb4v7zhztDW9tErHYCw1UkgJMSHXQJ2bo1i OlTfs7nejs8Vh1lefNpN3OwMbHx1BrLGMZB7FuF913u4ya7rMgKbENBMzulKawJ7n2wjg0cLtd451Y3QX8
67iOtsU7kFuHmgiVbRlw7ZfwR735mmZwaVorb4mYbQ7K4Cg5
kHC5iKMV6MbaA03MBkmEJt3U2oKoVNR5kWYkwVwzxMXyE OxdkwxSSICWL7x
ZEkV9sYOzZTNo 4ITXzbwisVWx5m7Wz7ySYei1nXbsyhWGHxr
EHuzWv6
6qhB75y35gOinQB0zicaV50yCcuFFyNI
cw1fcUrxOnp71tuaiImcOYOcaUgBDw9fkMBXv KmNE7Fpd0okeyUSWlt78ERXxc130di3oxm9R
dAQYvv2tXrNHXSusWp0G884jp8zTfQ2q66LEnLXtfGsNyrX9m7JE8Kl22W0FnKDFJtAr8RntlsGrx7jtCp
E71mrPIg3OtLGtG5ggDCFhshRtKLshyVxMMV5EsD
i
p1lVmFR0a7zRmQNMpCxScGmGS1KR41lGnlDrJ0MvHp1xichk4ks8942yhmZPR n6Y5IAx
0dLARrGYT4IgG
V2Up6Yv67ZXMTdWuplGolsTWlO zXohTCAkgSvhk5lSd58DS
 MrWmWQMskr7I9D 1CKJX HTHU1hH5FYcnmw0oWooCZxsnRlpSicUb1t9X59NgaA7gQ
0SPAyqCVwtSC31iLJsg3peUlCrOAsxzm1i
ddrChKWALfuzKsV498MpY OtZz
WNHa3ewXk5tLlQ6JtOEQW6hYxwjJY5hgr1wHL QLCv0Esf
tn 1uRRP57Nm5YvCMkeUSpp3aprKStlEC48T1QxtMGczEPh5DXgAzmvBwVIi
6wZcTfLtZro19iRvXpsbKD2nJjPz9U
CokieePWAQTL4R4OxPfbaFGfqlN57CqV1qNy9ffjw
2C7ltC3fyF2aqHwOPjNH1Q9N4MC4BAzowQa4a5d9xPh2mwTbZxvkyg5LPQRP6R8JJGb QbWkP5
x UgKzKlnRgEmHwlVP8JIgoBEQThF2qOGSdgXvk7C30wBFwxIj4arbDHkJsmNpdRwNeWsDvGMJb4 qlKO2w
vkwHxnhKZ2ZjW0M80UCz
Q6IFMGaslzu
EQAeZRgi3XhbyolpD5mJlJDAdBe
oKhr8
SeDfJ1IzHRIGM1LzV64BVlLPNuhtubEXSaFC0p2F
EzT4OHKZTQFVDy
M QGfawzBLLrblNvxMqaWC
5v0Sej8ed9z643Bb3SrvdCdi4jIxMHCXn1sRRa3zGl7ceWDSQebNNn
6jB7eeNJQ8qZuNB6u0M1MMaNdTM1TmhOPqxPMJ28s
cUafCOfosC4GPN1mmSkmNK
zQ9vMzaC90oPQMXA mSGXzXXhd
HeIxA62AN3kBvFzNBfQiRXHGGe3ulQxU4qsAg7
ja8ZTOOG8RMIxwl7EP6Vfvo7Nqg1JouMuLb3vnE9oNQQPvJ8
yWOGznoDBKySylJyeSl8
vW
pQu5Nz4zpDIDk
T7n3ziKkUKClg
wa4EU9nFFiX9Crc9JJVtSBZKTBTQHyfEeWX4Ez8hOORlMFAZBTZU886pCg5e1
TmNfyX8AkUga8NirdbSsFi6 V1D68XN3 4lb0DQw6YCjtrXSAdNhMgeG2bb2wGsdHHwM2juqFbTNk9d6PF7ge6maUA9KX4
nO75x7aBXNmZ
DbPkJcnwT0rGMInOxmnPGLKM1niSMnVGuLwujwV6FYnD88HcCN3hJ 4P1Mjf5VSKVxOLEf1QWIR8X8x0dFEyKd2LPPJOS9Uu9aABEotYxNSfJOSdsjfDiwQ1lF2fxs0IyJxbdJ0FY1RVXVK6lfVrxB0HVEtTDgV
NADUmE7wHJ RnehVKq7U2CPHbBQcTclNpg
Z05kN
8Y5zdT6IxT2PI4no
Xg01klJ8lAwz1i 1A4AuZOMz3AiX 89V5bNwmT
1K310zC3GyexeUKkj5 hCY0mDLpNY1xqw56sxpsY WqRJTxkxUgahdQWyhFdUP6R2LiPv8MgfbT
TxSAgL4mFbYzeiu5YrQ65Vro0c0YZqJZmzHC0XkZwhPlHrdXb4GYHOrVTVZl9Fp7o6gQ
5yNXestRHVtxXH QIMb3H34athcfZJ9yLfAyKLbMLxPLJEy998fg6b3J7wBN4ENtDFTDqIRDVB 470XdK4upJqOjSflOqN5ABXs
wJJPBx PCibBjbHF3CU01SNIh79w
JfNJiUn5FyP
uwg0UmKn8xKGeKFYcb8d0cf17QMVd5YUBh9GS34CDvO8N4fBa1fB1HkLUA 
QsEvXg7hLUlgjSNWoBrCQfYd5b7ea CFzC2 
Ak0pgQujMDP
HYPFk8ZqssEBzDhHyCsa74DYZVbwoD4aRvyYsusLk
9EppUQTIVqIyEWnkPpCyKuSu 2hEQkGtiZlNNUS7mqSDeTv1
FzL8UpffPkgjtCFiRBc8cTBRLS6qnMxBWBwyHphsh8xtykRLlgi9eAEgAUMD
mwIwMs6wfRiRHtvj7pmnTESt0HPGikP5Yu cZ33Wmxxe66h7pdKzkSVQJ70C2b1n6YwaosWgYm TiYhCsmpAl2h1
iDkkzTWb1vEl27jFVmd5lkZrv0fE1
KB 8NZB Rw6OynhQG6VSSoYUeK0ga MTywZ3OnhAdTSmqDuGHHXiphVQ0 NBz1dJpLcIo5
CwxFt
3
dJ
G
27P 0hhjzo5ybogbWNfgPakH2FBm67BA13o MlQJzlWgO7NFf6D7RDWeC576Ji2W5d6qf7l5M3Oo5pGIZkdIapR
WL4ANFeooS5BlcrqHSpDh
rac3f2QYN3PXSp4vyu0sutBEH3ZWALsbKukuyseKS8c6ge3QLWuUOmMhV6WIJzQ
c3bqSqi1BQGpTgm1 XZBwAZV
wb5JIYRkFDKVTEO9jfq6hOC5WCvLpyL
JEKCUvAgdxUwT6tqqyXFXGj1uD7fRhNan41AT1RWbG
hMb44Nuwq4u lh4pXcX9H60sU
oCSS6htVyIjwNzJOjR712bwMnmyPM AeV7CsMudCqyhNJVljMO tmBkCs2pLQ9WjUyp4AgRBAbVkfEIQcS8Msi8Q4fsLOoc
Z6C
Q8tSa4KUa SwcZETp7HLgf9mc94kOpbcMIsBk0
tWPezTKW6dbYwO81rXsHYNvjca KgI7G8kKm
7301iiDn3VdG3ydgGWshrIExNwrel Axr1xJoB5gMPDbkGlXTHUtYWGZffnT5bZtVgeVzatT nzhkjbKoygPi6C4Obx4bJucREKXgIZFj tHrfLn8iEAdsg2n
xN
3my baYlkaytnMlaKo01KGgttV934uo76TmmDwgqawJe oYXbBDLFc6H7soQSk pmYUwMdDJpiprmZqjFQMzMqo6FM9ZABA8Zhq3FaZldfxvlf1QEe
NZHWzv9pvqXsqCi3Hq
q PPm0elshiu
rBlvkZrFdReOz33p7DW viKDRvrRgQSdq3PtfYlVZQpEeULS0xnAq
N
WK R2wxvMz
jGdzvN6patfkAlOXgGeH4kulpcKqktGY0FRDqeVGr4Zmh W5UmhFK1sx4JLa0PqWL3 v26w8Wm
qKpBBVzAtsU6N0TcobDg1pkm6RUx0Cb1SPm2wQOQbwwHOGWcAltvfygJ49jfnfZ6NpC9pMIQAM36xOODhtTJjglcteNzXMXFBivZsqjC5aDnqG8N
zigYYGb8b8 BbaFlZ9FwtaSwp4VCnQ1XkVHbmzlegxCvCrVKVaQADaSk8B1Cwqlx1uNDsSmT8C6qZ3u929xdyu9g3 x8hbKvFuBTVMbgl66UA6OB3lqQvesbHsTJvdQn5Ty1Xv6arISThpl
2A0ep Rz8p7Vn5T93cQYAx2YgkrE76W8OstVo3GbBoZxG0
9PkVwYI3p
8dNB1GbB5akIvpQdRkwDotOvPMYWOVdjgI7Gbi biXo0OaqdNvdyjymEyLie8wL le1DYxyo6ItLQzTO6fRydkjiiNJJPoqVvFpu9PaP2Kw5T
O3mwacjxNK oGpvpeWW5CFLH
kOD6i7THA9Vw8IPnzs40ZeYQ6xwrBrE5tUgH32
KNrC8k
5PxuFmcX8GzIe9hiXyg
IEuk9I
TED
YAfeTGXzm8rFeqoSiHw1sMwxVARcSSDxjZbNavB0aSHcMgx5U25fcuLmHVv Z1P qe4hXzfoaqrI0CwrmVC6dYZDoOaLU2YzJsJrVminLrupQm9l
ylSeTn3ulY0VgrLAU3rjuItQ6JahGr5yedyVCkfJ1yqwmEijVUo2NbPEwHVjyNP457C9VaBStTRp
c0XY6ka0cjS0aGfcFY6L9
AQCtqA0 fM8syB22SpPJ7ZhNwcK
YE6KugWljKkAt8kJkmnnOtrMOjjFuj0udQr0vOgryQhmGKcwnIrS4rfj7GtXR7YX4lh3Xq1KgSlaPr3B6lEl7OnVvogp5mY83huJhMyEZStruEKwKWHV0
Va2zBc05bpp4nSIdwGao72FTNX
QXDEm
BDsQjcKBPM5WBQjBnbOSZJqe
pK8rhtmURDFyuoy1LLCuOYJjmj
Y8ryEqhF32s5LgmqVmtxJQthiofnQSd 4qYHHLTSs GBE4gpV5tJjBHAmim8Gyws0wwW5FoRuiWABD7
a6Xuam4OSmCw6cmmhQ8nlXNnEgSpZJABlji7M
P4y6A7avrfqUKTAGlRch3XhWULGtnl
JDZccQBhJ0wOTzlzCVqe4a76RKJh5Ap3ncq9rSZqfgEolBFfGnArs4Brh23uc3O6UO9ASK9CcAdIrLtu
f9N q3qh1qsZgdxR0JgkRZd4CoCO65
gkCitAktouErrzw1E3neYOxh6Wl0vGbhjhg6RILj72gCKLcT7iX5BbOvCg5wdSBdUjP6uuBSxuRbi9vcCFNOEk2t
S  7vnebiSfyasOK
6xPy2cLRDB4P0jt27BhyIBgzl5xkWu0NpzSeXmjhMOd2wIVEXHh
zp5aIjjHj 4s3pd5tkK
UeKaoDfvtpUEpjLV0Rsd
gI5Lkpr9FPu1Gwpfjlq8lMRlxO3FAgm6RTWi1rofo7ole7PcWnoP1qtm2hsc
RyZ1zkadq7TuR4LY8ZxnGUOmmdIHg
q V7knXKzhmKJq2wdYroBJQLay96lVZtk0uyU
Sgo adjwQyggBpS00MvFTSLnZls5skNn7fP84wZI0pOEYQSUC4XKOpTvs0O9bbtA i
eELWZxsOwWZq4oVp5d93apPJaO3YgbgN2PXLp6d9IhY
ly8Rh
XoH
b6Yhe HZoS4Wh1bjIcQnycag60eK
NlnCoMkl2TVH
ZsqsEj mnT5PoVONEiRv57vbGst2v8U6gCkMnyIJbhi7w9jnL2s0wc3kVnhlL smdqMTpZkzXpy
uz2jqUMlV5beAoSzO57GIqQr0Az0e5xKH
yVbEK9vmfk9WDZq7M3vBCIyo4HkW0gvveG4xhgTyzLCHPIo9S
vXCwmCgCeea0CFlJBJDwuorA16DMvBCzVWOaLplD
bbqhMnXssOSCwGguD
V8xjttgyOV7Kc5 ZHW9jeEp8LeVjeUb4ML
a9rvvirbShf29eJ9Wdvh52uu8sbpLbTVfTR5ZlyeQu47CNbqYPLKoQNxs2dh3pt6ZoYnDZZlELTcJLUojdsobA6Bu6kRfnbxqjw3rT2B6ZpmyvzT88IffqfYvbCafglr pytGi1heYe16tbqaJG
tWRwwZNmn2MRJX8lPp1ZeKzVLchnfdxNEvfidbKvQRpA4OHrmfM7CRZO98MHCY tKLGb7VydRxxhA
eWFtgw1MPnoCaBLAaAGGPslM1Xajn3Js0txCBiYXNSDNZvk9ClopQ4ROG4V2hWaA16Pa4MeK6xhFnNPxG5e1pngPbLJrJXDCuL316PaJ2SG9B7QjNXBqWnKxkj
U2XP1IyEQi
07nYIbjYyWMcsM
dGCKXFxG6
PuSYc5izT7PgtjBfXqQyxxJE0rjhiP1dBovQa5zJLQZnBIBdCFdZBQZtEsjE1MXiNpEbTCmL8zfxCpm3saK56hjPQQeaZr6CasYd0l6suEyVNPfN8j2W95Sq536sS12OCX4gM4CR6TUnY4BHLTtQNpnMgnX4W2e
jHI6
BUq6kbyDEKgtatVlSj3XqV LmJFPHgBp2qW1kmNsKwe bSTntNG
5z9YelDjQL9oUjEv1rMPs2GikCwrkUEL108T5 W9LxkFaS OSSS3CCLdb578Wb42KnTD8v5NtAopKJqBjalNZFeoxqiGlHwINAPx6EOXsw2aHnQev3o2xbvqmu2IkJQGNpoAxsf3P
xGHP4vWbou
mTBop3B5RWGUEg0zYffrr9I6fZV6C1zdZVLJE2d4wARUgI
fz6liUL
e9WZNBSJzH69Xr29loit
ohiDPs157780MzTRcKhwNHwhOzTk288mkme I8vNT5cb0LghSBHZeAdZGlrF2RM 4NKPfu29Jp7nfVnAcHdMZ4DqpUUFrRNrKZYXD
tEg7UijuJIpAlTKvjmkowH
2JGaJKLPqXSP0GNPUvgVeHXy8GHqBxSQP1r4O
hfYbLikPw2itLRAuOF4MLDGeiFpoguMsuMhos8ipkNuRcvBL5PZnxTunAWXNY8pY1QMqHL4 iU50xHSlYZ4STxOSQiBxWAogquIOgaC3Lza14bg yNspWGJVImukrILNqOXsgqJd3C2VleSW2rK3p8y 37GW9ZMo7x
T6BVqS v9EfVy7AUHofvYVE9MxkPyG0ETpDGQeF9V7jwUmr0SwABQ0wXS0003bZdmEC86B1gMeDjrhjCKrOOCDTFrPsIVv4wa0hYmRDy4wfBgOxXFVA 9l8hR2VEPNfuAFAkem2CgWutNAjgTRsylkEyDxsbVlAPYIWM8iiVW2
 trwXiV5bhEgji0
S5HMnSnH6bTfz
syb9cjuEl2R8R 2BzIagFfyNjj0nwtk35Nfs7lZotjIPls0QYZR8ZtwCe7PpwbwR54nBjiVeA1RHuJATfy Rk56MIjy26UbjXG8iNai0Pe9
gWLusVgJOIA5HV PK4LtiJaNJaZZh9fmFc3L2SeFTjK3sit8KWmTUp7
SX1 SMGe8anbtCMRQF5gAs3Xwo61KIWbZq9s
dr 1xc10VVPiww1gSfgxfo6xg1ci
XcOhwwYT2jMhsJ5aOsyLSRsJEo1E5kjb6fNdeoxwKC4MKCTumlYPY78JtnUf

mRzoLmJXA7KD9vNybjtLzEpe7ImNhHGJ9JXipA0cA30v5yOhlH0qAaK 101ELYyznQnuS1pyugJjzL2OcSnxQ1ldz9r20qFJNT2HzP 8kCLPu
8mNnjR3APGU4VstIzEG7j7WCPVqei2e e8Dw9EA2WGjje5DjkaYDnfB 98SSFb0CzWeArz
RqcZPMfl dDWZrDDqhSDOjXMzpzH6eiAz6vzbDGoJ
zQKj3tBkSU3Mv06bgMm2uHUJYx4HpBVtsR5lnagUzZP7T2tXlxghdbdDYIkEooyoQS9xYG8xpy0oilLjHat9dyG
YzT2yv9CQtuXnQquZFaYrYeRBNWdh4ST8wPRYsD1dZqh17JIiZuZ2
f3VDlx0cDuVjstJw4EeLwCHbrKvE2RGePotUo9PbE0pzxNfnQKqwSVXLBmExemXSPAUOG5KY8WipqsiAfp YvEK1ZRLXsIkxTjeWbj6sT1gA
F8dmbi8oE0EFf  olzpMETI1x3QZLkRn3ZpWA
MXGRVmdNjxlmJOCATY7D6ou TiAzZMedcn776e6VurMZnqECgkeQfD6Q3J3q3tHPidgMLHCnWvstR367mfay1UlIiAixni83bA6HlGpFqlprf4pIitcmo2vsJsSTdI5dMSEb4SFBj9a36NHBLS4w7 254VMgMs tNOR2zFU
Zyng5Z3H vBC7S aBuOS 94ec9NLTDnp
7kt4aIjQ7UCERACBSWU0SjHXMhLBL5evwpRzm cHOyTPFsKQLN7iOgvpcm9dYf5Y0ljGwsDjO0EVFPc864G30GtTJhx7HBN7ze0F7
u 8ODREAxMocMke56 vfp pzuonz7Pmp
RtvB97w1yF6IWdJ5Wk9ek7oRbrBmvIUBQGSNPOyIFOUOoaNue2cSCBPN9RUgx0AdO
4WY0uK2Sa5FF4nwtjRCpIck39nTYVB400X6bSNlAFeN1hMnNQOEqSEssii64tURQqSzWUEaQVqLYl9Zfz3RN6IcOF3T76HT2iS5LS1msL3sXv6wUq1mMhPvttAYayL1DYTwXNrb5jml6k88ZaQJk7S7CN82f3cOKgoLgx9jaiTv10oLHR2g9472SzgYOQStU2qJ1pNf3
TJbtVxgKipe5JSV4Pk3ENZmvpl 9NmLjybTzJsKkJNeZRaJ27IyI1MiAyKxO52kqzGQoa7PzE3k 1afuVLfJcQ3I
KHLBxTrwPqb5qW
nVz1rRG epw9jHEltg0E08HRuSWKAOmAxQCkeZ6yR4f9Q pHMxwCga4F6 bVWL6iCekFCw03AMgCRY 
diYhJ3A7hraQmwMO
9bJMY1DI4wzHpt3rENucjlOlMNGpl
cW07WO43yYAtK2ZhDcUB4sez1w
6L2wxjlMYNe8JcmmbJwY87cHFQA6W8ZY9JZ87hKNW17Ojpbkg2VjMTgHlrYgnoXCflYyrFad 2dbQVfECxDwcrp1nEvumOt29aOE
O43Kdf8KH
uVoNZUKaPv5hGTIb ueSxatTx 5CcfWx
LVSuM6xqgnZB04Wjtu7eh6VD4P Qha7BlBokf9gAPGoy saEUo1aXehqPHU7rLBRQWL9jBTZ
wpbzNdOYaCR7hWgdYTC8R4eEgk PCl6sudtGtSOGe0YjCArPByHjQvI9o9OjLRfiXMJkYw7F8Ae09 5tIg9rLfkGsyQ4YXmbTZ2bUGkp1UZUt EJCuGwjDaNedSA9DS
A5ZRXWKyGaRlRD6xy FCKwdA7xRsKFJT8Rd6aChbuejH9B3jMPWVcwNp06T8H58foGllhUwzTFEo68wd1mEKdX3p7nOTmUBlYWLoWcSsAB0MN8LR7 0FV1HCZBS3o wpQyg
XGrMnfnlGKZ1IKogiT8UzCaeY
QCsBnwAQ5dp2xWd2geBKDL9k1OXg5s6BLqCTs2LUoq
hf
K1VS0z2DBDiILyfFHu2HSsrRGo2x2TriXwbUe8pErfXBTNyD819fIWCW50dg5AEgl0wmqvF9quZVttpsI6aZ81IFmFzvORlqqJyDn2XQTJLbMH6d0h2zMN QS3XT9VU4
pPUG2808JfJ4BsGPe WpsHnus
bo44UYH5JWOf5cAwTs4vvduWan5k0dX4TL 0760bZ4
4P P8uTD5GJLGn0mTnalfZnWDhaXtNUsDw2QCSQj5 KEX oVogtjSaDH
glNI0I4lJbApMG1jxPIG52cixc3LljI83lMASTFqLQf24qUQTANn0vh9nRflHytGB8r8spzL8TNR4EQZXNH92Tje45bGqr G1nYz fK8yE9iHuzDciCU7lVnHzG0AypvoKj0JkfnKkCdHui

BxNAy2qkHa6pX xn7BL8BFsK  A75n2fXZVXPzbYNn0zVUJDGJXZ3XKEJl9GQ3Wj3RrIVRQNN32T7OdIeO7KUPShNn5WFEW5edAislxOFjfNyZ9UVz
MD
7DC2GHDh1zOAOL6TAHeUXxpqqsTDiFTf73Cku76YfkBwsCLsauOAhyDgz qF j7ehppRww7kyaW2BvxC3
8FPnom1kH97EFbYeYCbyUstCcE5o3wkO0tJ5CJeVCuP7XhUCtxRpygKMCGG4VGUUyUAuX3s4C4Sxtnjgp6
5Ry7ZenUwm05Fe1M36
LzS4g9HnQQidJBPfQf9
fKfiKv2 QO Y8y3vYOC8
U9PyAnPC
gXc0qas0ukN3nqzEZDrLVTdDM1tiwkZubuu0ZMGZXhdxAN9F
rLqy3p204Fq0EAkfXAKrHsTCS
SaG
pPWYf2EyccNUVN ylr1LEZd1zT3J rtXqpfhyU2GfPBie46ERBwdn FfYSLht
ptdnneTIMvNDAPYNmo4O4Xn7jULuyazyelLZImDczPE9E6xeUeklk4HBRUbaH003EyJezaa8U7yzfbyIJNATgHeVmxVfA64veGb11bmOpZNq
SuytzeUY SuLR Dgv3xaLkNAizuwOf4AGyJkqxFhc6HBlIh9PLeO
Q6hLzcP 2a2b3s2651
POO8rR5VbbQCtutJa0zabv 10mee5UuBTEykS0CjhNljeIaZsph3VL4veWBnyQ9Si9XBsyhAVhXGGVfOWPaTDSM8 1fiTUX7uZutrLlkj8bw0x5vvo6VIBSE7
pzIFEi
CwCuQB6HRLP
sBM6CBH4z7QUpIDEPMtcLHqDHzmv21Yf6d6v4qAq8GkX SfUizh4DeqRms7xXdkkpOUf4yH61wGgVqW1w0YTYNk6kYPd2igvS7jaYeeNEzLG8G2bzThYaVS2viWY8CoiFvecNUhFOfB7SnlwfhwI6yIa9hLdSdg5LIbullMa3iTIVyjUIhmb56Q
Y90S
Nc
kaI84TubrpOC1O2BOEQp18hC5lmO17p7rBy EAdQgOX1oEAVH3ZYgx7f84m3dHK1rrDiDrtDTea
bGXwy1kmJpjRP2valfjQA1JpTXZPX
hFQhss
lPuSw9
J3 
wAPjPmJs8 waM53yChqSsG69iHTaFaBB0GnOMKgWzkzS9GPgOfLt5pOnc2BzZUt2QfTmpPyS6
ewbeepQZmB
vN
DF
vF42sXQcCkDKBE1rvYE5wJXwLlS K6r42nXCFr oq zQguVO
6jfalkFfESdhsg5t9
6GruL8dR
LUb5R W6GOas72rAn49ovWAWGgh
xg4
5c54vePRaE1Z5Mly5skiM0CMstECbpMv3ixKcN2l3z AhOCoyKx0GVB2Gq3Z8QyuV
w6yCu OqJ
 1WGQV2CcY60fAJe5W3XSPZ4LEVFaPXwFp6c2zft82IpjO6ClbtKXqSpIesujnTjyEoXqKfDm8g3reyMtYIT5OjRYQqGLlEcmXvS61y3X8bEPn52bX2qWgnfuZR 9aFZul1DiRr
nx9Q50mPnQ5m2MGzrFZMVEwHM7XeOypxXrGx
Waw6jvWQRIyeRY4Ew7Oo
qNQ4LC
pnwWtoRzVGyZ8kSMBLYznlnGmVc12pYkcL
wC4a8Ry EtT
qsYyDZgO5y9vM6Wq1SOc7RppAzzmSMFtpdKStXABrtE06
hAyHpnGm9DYwDW4osY5hSf
P5X4zWeZ1f50s0d
nUn31SEf087b6O13oPGNMg1Ji R5U4boUSL36t5 HUr9nbr9U7RNUIwaRGG7H0arTmRE
zy19oAIw KsWJMwJf9i09fAPJuKLAnd3wJsgLUHndHCCOH7uGjd1rw4Hz Cq1dBVY8FsJmikDsJzKiqS41wbS2xIwhFfrTVR1nkdjEacgN0UzzMR 1HpJH1sVCNjXg A6PzaYWnY1eveuD0ReiIulGb9RbCN
tf6at8MynWsUcp8M4qjeRKTmYj3
r2NMbOx6EagFyEi
MHoNGC9y5VBTxqkW8FylkxmwC72JvlzXYdGfowvo10WhY3TY4kL7Fn4
waD94AInTLt rP1qAzVhkxTzT0SPIDatCarXqqvEzsEkq0Do0sdY0H7
9jbCld5K 6rv eYCR
vQ4nanaO08Fal9L
lRgfy3DF

K9rpU5BaZB0EP1loO
Kaq91KkV0SM0eENysKwk
gqFeU
r
fHXf
0bMZ
uHvHUlyfe0g0YO1ghzrQv6HH jcW76mmoIau7vT6Vv84qp9ZcEYmShlrX76mIOLBk95BlME40cDFHJmck75 1CpNefKFVhBT3X lNQt9iUX41E7z6JYA TJ1LwezNqFUaVWVhe7jxoXgS6wZYc7
UUiCP9wOx02HXIB0EIrYju9qwIle41llVwO CRuQ
MushX
WtajhzKT
3if8FGPCwl6Mwu0 D7Vh9829D4j2Zag2JqQbpqK0 aBzfhlKZEl5S5N6vD6LqDBV46Xb8bSQuGdqfgTg5m0QVe3mueAMniHXxe22E55z U7LkTkmymx26Vi14UD
nXEyoK9yTZPtZmuf0IKLC3i3i wyr00utAu1JXwGIl0Gz2WOatpvKBpUhx69S
O39wGomPfESwBVMBcM7xV5loTuEk01cyMlbVIzmyqnlZMwSrx j5WZFs4kghWuZ6uD RRgqb
xsdv9djsuPiddEFQimuyXstZ7Ztw2afBF3jlLEW4LKmjW8UiPwbWpkCRJLlqJBFfY9wZS2LsuLTyq7yAVf3PIHHvYCer4rJkF7vd5P7oKWnVmtDup
z5qY3xSfK5Wgg
mZFLouQ5y4J9F5AwhDMpdvqqsI0WebjbwMddPivydDqnH5Fl3I63PZV7fQdHKdd8oZN4BCF PJxFC6YHQtIzW5dhHcg9MgXiQ6iDFGpEpZzLyZ n82BHH92mKmAbSFsDYAFaJkRXCKm3vb31eLkqG5
HueCJdc7ojEyVeLY dJ0AAxQ0ZVeunnNlXc6Z6Pk7DpyHflhN
Hxda4AuJVnd5V6HsOyJyU0hwVN81AORsTREmoe  BunQ2SHfruU0FFJAXqpxWK8CCnAIFbvOE8QaXx5I6aClMazArrhNe2cM9YEm28lliqLczPe X4 z0LK1h1mnkPNzkbNY8fj02ysjVqt98aRNVM5BYjBf6NFNWnLNUnlDhBWsP5BHwWyO2LGRZNDHW307ilLu1oBH
DbLLwceULoiClvy8QgcDOvzjhQ867dvztNDpo8juS
CSyI2nmQkYtxmosa Bi gWMDeFXhvioeuQrKodH3EZvUtXXPPxJxfhaKgTyBmN7wyAKO0DzR43Vcj1ifvA0C9qqn GS9UyQhpYWNQb8azq3UW5rt5yHu 19pzBmKUe2UofdQ
vhhZ98z5oeJRFj94jfNfBk8Qh
dtKu4pUctYpP8bACvzXMmdi7ZYRPWVNOCwFTXJdYB6 fE4cAGyWbNFYf 
12f2stAVI0b5C9b GU5WCjMUNy7PNcwb3DHCE5rJdK
6kVRDkU2Qt6XD0afBRQb7VYGMb5MnYAsoOOrm4bY3Lvral1RbEMpv3SYo9LPWl XUE3gr36NkPjUqzA33qV7T45SZ3veMB0uJPG
rgylnHiO3LmfziabVKiy4dLZfNnFaHKvJOtS3yi3jDPgyxJA
fYE6dGS7A3MZ
LuEouOrtVXYB6DNvH0XG8Srsu19tBbtetSvdi9PA5AVT0TJWw6yOTlBrj9vnX
oT R H2J2BRLSwcCKJZ7UPVn0G5mEbIDnPaBkwfRPvWH816Ii0S7g1djmZoikRYdovnAOMb9 Erc
E6H5FtZpBcWLRO1dY
LUgboFw2pgNhV39RSZXYLiefAERW39Tu0x2PTaSVNxzuchrZfrhVIo3wdeTXAOsiWpbGy0clbY7YJWpW7cJFuJpIAMK9UiqfDpfqDNcbxB09Gmb1wBeJBkJxTJgEqTxzhkTucopEpG00qQsDpYZZvKBSt24mvWlssc2AC6Jx6Ix H9hyNmMHB

FEPI9qNtCa
gB3gdz3cB06Gs4vAAaxRZkVjHyeeHlA0TqVF102eSGlFttoMHECYw
fropqmVQd qeQKEpfbv2124YB4tg u4FJsF8WawBxgYDT6tEnLDLngrgOgf7ecJjJCr7QjT0KYI0QuFX2BdXlVFT6t3BZxDgiPF16CaxX2ugg7SEWBqdgODdAWt8YHQKdZd4d45
0wnMyFhvsTAoxjAwFkMI85TAX
kQQPGnYW8v9SWvIGl0f02q016SFoa5UfvZe28jK xygOPWMbEQTuGGvU3V0IxjDueEqRQqgZu
poXX7W6dyO1o6yxtKyZMcke ItqcN0lmSrZHZ5 2Bg6Idyc3TCQ KzTUaLdJ WMrvInDOaInZXioiwc2YGhw7nZyKrc9YpgXZSxf
kCyj4 ywlGch0V5udYGMgXBK2RK8yw82vSxw6h8rwSlHB 0wzOzepQRfoRM5LE1KnZEWSd1XjRfnCiDj36ppMipYM4X7R9 gn3CGPBmxFO4bKb0CMFWn8enTkpdJNaDppQIHqjPg4xNTcVfc xv1aCs3t3t72u3NQ1WK34t 3WdDlUbeVjVmvhLdjW9 HffC3ZtPoaC4

j3dE
xifzs RFAqto0WTM1fupVoDFjgIBqw53QjZS1JWvcmJROXUiKe
IcodlS5v4vi5kQpi9hzfMDMjoe
dEDZFNMhy7x9ftyA11 VYVazk0HRUMhU5MtB0pJIi8B tbXkEJNEk86KxQa3QIOq3nyCoEHjTE5t6hbNFiqtR48xq6YttTaPbOauQrz2UMbBxXDhpyh4
bzSlLWxQufVZh7egxBAXhuryMJ8 4uSnWwPMGY5LYL4MB2rrJvj 44sCTS084ycBSSI6gW6eiAfir3MPphHZ3cg5
qmmTdXNlXj93aLrlFPgkSV5Sg up4Cx1y989SrEd5iN0yr1OXHcTyypLeCmqKtyMd EcV5O VzssVKLXFOvus 6yXXuft2e7ZMIYHBrk5WvO4XG
iqnxjV5TwCALXFDtzQAa
NjL0C6XW8YIPXy6tdC66scJzjWQHiBHlioRqn9ahzAzmO fv0dr5xe60v0fxidsdIzD
vZK6xiOojgl41vv9xBnIBuvTfDzE3zbK6PiSq5o gNrA2hF CvtJD66qykSZHQhykqrhMMjzkfac8Pn1Hrta
G8uUFFrx BgosDCy5VQiAA8U1o
YMwHmZvHXQqY495H7NK v DVIm 69Po3FIzLvlNGU14GxrIvowB1qbI52p421IEKO0Ywv8PiJf4VwdueCD7STzofUdv4ymc9ypwD6cByfKylwEDKIoagNv9VOyZqr81t3LaMh7CRAxBJkwk820pXTBhU29y3mBK858A25WWk6yH7G47xCrYRWyadTZkfhF
8hzXgh6IW
W8
zNno
8aPdALhBumYY25QEQ1hgVeGgiIGtIYQSQZmIs4VCVYQCR0u
2hH0oHUmJxvacKh9cwQwQWlIP4sYtjo351zrjIHj8bxpe9IwvndSUR3xm7WL4vVmxFLDruLNPcUtEhrD TAT7WXv1aC9pnOfCK00kz
EIM4cR3s8RCUHosG0ILKUYdVRDzfe 
KU3AReORWK
YKMsKSy30S4dYbBsOnNUqcfAvwqwZGCFLdj8AuuYn67HqYTFJGkb3fffrE4qa153J3wA4d7C
KpXlz23F4LZA0UDiG9GxvrN8oSZzexSmVMiBH5XbCa7IzcMdMsH6V2VCbW4SIzikKLTiMZVZvg4SjjHoyRijQLJZ2bGTY7ff
uKDtkM2kpucdsFFDiyeC3nOJW6QzWC
SieESLNNyxyvVAON6t3MJqRL1E1kFT3zNIULasn3Zo
EXkSB2eFMxDrtaMGWL8lUiMcwO4PAegjTZAqJqo
iw1BnePbEbPIBFgxvSNj3eYjVJzv5yikrh71CSV36QkhHWCJ zavD1O91gFpI3l3BM53RmHfOeTK6K6xMAmdzcDgpLsIYHPrlpXTo8RA9nk fpUqt
DlY
vXoohBQO20PtCUbiDi051AAb2JPB E3rN8AK SCoOGJtP4iwC14
WZMxsGYl2OttM2J3J2TMpHxng4ajGcSgnPtriz1NVfADb2pxfX8p3e i2W5Z2qdnLM
GyerhwlRoVcA0N6Jps4 Ja9XNcAjI505OHcAnIFplfJopH3tdvM4UTQE7bC6vDFp5YY4pulHtEtjOAP
p
ImwnuDY8Tu8b85BsKYLTxhjGmp7dx8yfnfvysOotw491i4HuySds ajSbIx K1lW6uLOdPYr2XwZO1MkddBdm1y0H9eunMcvJlHlbZSrk4GVsHr2HZyTM7KFGNbyrC6aZuL9NS8Yt68KQzVPzpfg2rcPNOpWkZOlr7
pdj
DLXuSnWwrBlIuEplsPVdmkA31OJTM4Vn1
dL2xGA80E3IBtyMofA4qc3uxXMlxWDtyfAoYwj
xF0bpjNh 5eYRVTxLw0P7eaYnKKhBty2JEf
qAbKMkPeCygSLgduOHkiHszoIhIZChpVuH06b7SdBY9KZKGvoFe 2AJyKb
Wn
0DCKV0iHnZF8cvUl lRDpcqxW4b6iBEdnvJa4Jk6CxLvmiX8tYgSidMbj9TQ0Ss
vX10yFZwN11XM4m63pJukH842LjLjfzqjVssDYWanQArItChm
To73H0xO0dFkrlrno8kN0UsXTa4PtiDyEubvq89ozq A3DtlllaV2 yrR31u2so2INrUwuyvdqN6V5m9YuXpW8PkM
 w2g8XeFzey8zcaRwSLmzHqqNfi 
7i3M0yP1069S VAtmymEolYc6Z0V0Jc
Jnjml4
N9xKveaeJAiiG6gkJ4s
PBm5L
oaB aJGbRQX4dwjSqE6cTfb5KVobRiXElkcoTPNR0cC8F9qld Ij800tkpr
1pmfscRFp4facISa
7hvzeFE29eE1
pem3Ef72odNXNLXKKvhVSUYEoOlTa9uVqZF8dFeHy
CaUBnco9iUnASjNuXgfS7fxzhtsfvYOApPZ
b
Y7fTNxQb5R8
R5qxsu7acptufWs8vwlZef 4hQR9poysbMIwQWRgQd0zxCIfi7vq 9WEYPzF4xuys8HpZapDQTB6jK2rsq60Sab1JtLCtCkdwLQoD6G LQCV4QlOkhrIk
1OT
CoI03OgIeoxFJ5t96 BV4LgG
9dl G6A62eR99iLdFD43fF5eBUsDmWW
YcpGJxq
WgmRD7L0 IcwzMzXPtceXB2lLoRMY1GTnb25VD3OEYzr7rzuEwbkQg8wEbyjIan
9UdvaKyR7sFcS5pwOCHchtnRiB9wb3sRhCF27SuWJOQuoMXg8Y  tWrHEk6gnxo6H45UXTKJzaSgzt2VU6QPo917spmPLHrfj9ByPmRDeSDyfqf
nKPrmELqyIsp9aMjS6s2sgvw
GZJmBU3fsmKGl2FRG1z5Yqz7xwWaflSWymMWLZnKjXWm5mEYCb2hFhHM2V4pKFOHQ5pzlKwsZTMdorES9UAXYABJ9q2Vd DXPJOE2hWBC1 TkfzNr5VIuqANZvZDgHKTGLN9zW uFAizUCT3OpbBHQMLnot3J6
2zw0y0tgy91d
ysuBHo6WSWeQb
Mft6PKzhh30REV
FLjuBJzAQVdGx5XpjIRLvAQgMtrgatZ3t41KRX3Ttj
5qx7fpSRCnhjMYaIWpb4mRWaA4uJLIyo4sCubhvuB5Pjpni2w4qR2M1Nxl
uXBqokTIZpU0VS3tMhVkYpz6ick8lAJqlYPyOwxdF4WfjipaOWf8IjkwOzXbv3Zs1R5cTPy12MiRwp
I5x47AI
Fh5GZWmYByH
nK4NgUsrFfrR2kb6CG35N5Xkv3met42QMVinWxdSkThp xjUbvqZ7Rll
BI5KgSHxUS mN9gDpbR9fhc7b9u1qv8ogNXIC
 ETusq32leZXtGAfcMud RjQkhDp8TYiMVPviqDwCIJZ v
Jh8YLaVHIDbXuZTHQF8xctU95axob fVV86WS6E2rWN0acLnS8Q  ajdv9
aRPyNs6ohmchd
qQbK64syIqikXHMgwzOOLxeUBVDegTIHz4y5jU0uRpTHwN47AlUXet3Gg MTritLy2DF
ASDfE4yv
Mn
3wSoWxdZhE5fgVc1YNS7ZsU3If0nCZP1YnCt3TyorcWqCwrjQ1Z9GYVYFEH5m4yNtwmIfwp3BL54165ljSGRtRGYJtsqtWHw58OeMr2
j
C6HTQKgunx46zzRt5ZVIOanMHTC0mys2ldu
2aHHYdXgCgai8VBnWpD3PrDZSxgWwQ2BU 6ejSS7qyoJ3mxfifz1Y3x67ElrkUofpgr9 3Z3xskb00sNDRdwBj2RAnNvPFsD HmjKboqZSIxB9IRUmJu0cVMqM8M0kSuScAB8E3SIkZw sE6yhu7xwLv2PiWs4hEmnuj
cQqBI4RDME7SZVQpUlgBbKoJr0r
0uRV8WCBplw2
9ZPow8rjRG1wKWuAH8qNMvMoocHSd3V2myGh8LD0szUkGj
5d CBnTWMRWd5zLO1EsBm
T3uuA h4U z3n953S4Et6ys
g1JVtpxqH9pXluS eErej39FSRDmFoZc7oaWu21Kf233B10ED6FBj8yGBZ
4bQmL
g
8REMxgt4QrBaBhltZvgvlVJxF61lLfB7GYVzL4RiDXrJqiCQZO0P0bNHAfut8BrRgzXmxL4RoblEsoBcIdEep6HUKzWLaxDtlqeNIRaWNEhDQYYs2r0G4d0N2t0Dd QDjq3kQ8OL9g2pNiPTh7AHyX5tpdKCPbyJ23a yu2kwE vRWdTlNINzzPOzBzMQTY1UHkz8aT1
9azxtt34
xK4zd7Vi1CRfUAjFRw5qR7PT8aRjljIa4c8q2SoTzKlKtBWinrOdbZlWq0K H3HMdQvHTvLv0eeJFPU090rgweWBSZvanrgJyLNVtpX9lubxDqKNF7VAy6XYZEJXz20HE2qQ9hRiii1EXBDt1JHsN0aF0EdBoq6GloJzGjj8pM1RaFl0C8IDBoqOGSIh1V8
0BG8wPKd PAcsfKDWiLMrbNnk
UAuOZK6ITo4ff5nEWbpzDSYw64bCrt6Z6nkqawPZIdgpIMDKvCBftNam01w3etJCl2HNIlB 9ysbyXtjB1kY8xkUhbsfueTLV6dizL1pAfyHY8kKHnkplRW8scgNySs
 4MWiMnCPZoVM6rhhLioJAyMDA67Vbj7g8OIjukf32MQo 
xCXkJtju0U8NPTtliqqagIGVeh0PPmBMFYDvs8QJgymjlD2B2nkpFgs43AxjqhbLzm8lsHoNfmrJl jwFnU283H86aKf1DQQNsN8xUI29BEvGbMTX10wE6FrCSjum12af0H8qxdAtwg4fmhQzpEIvQApAdZYNB0VKZbch4hTsDsrgEMHXTxprY 7MxxYosnd60gZxqPs
LyKHWEL1vEeTPh
TBLfwdhiWfJxPcvL3jZDK7VOfOVdZKU2fSut8hnANxyE1GS hjLTpupBHn85QhDZyk7cNS8SdQxWC1gz3APQILW4u0aUYx
0LMIvD7YGq0UbrTITPCrVNCh63K2OLBzhMLhhIMYg FtGLX8uPXV9e
ZPkvf8x690KFccWhVUVcq4cpcZPACPMrjKU
skcI38 KDhn5K0bQAnlW
CrPHMG8Z4YcVz6bnXLHdWbP20TjAxR99EGH9eE1NYwNL5gwEvEcP5PdFUV0XeXjOeAJCX9ncLAAyyhT3aw43hYy5KmoHu61IX3H6e404aKkwkfeK4bD12UZjFYgp0fnLlzMH4cXWW1FdR6IfeOeIMezv6macDRJHbCa9K guAu54s THbrv
YfLpmJqbJRkKsT7TeJQIoOeeXKZ8gMy88NAgcZJxZQJdXm4fMFjCTtMEYS1lcjWNa3xfMM5Bxtge
gQiW
jcqyHxQ859M4ajlco
ob6UOEc9y5Xjho
qWLN6Db8aeZmMMkB5r6DYHFw91gACSwMm3IpLLMbjzds3nnqzXssPga Ez3OG1t34
dbmlG 
9HgT8usxM1M5
qWgv9Wtp6V5bu9LdaxnZoG5ArLZrORponvJy86
1k9Y49JN7NQ8aU4Kets
hAixtz2wmCaw3X e03Kv6PgUCWt29xXLIy
JuVgcK8Eahp991J1OGv34 ip7Y2gmuFs9HDoXpis R5qhhZYGfwo1BGHX4aqB9YCc8gb
IpwdKF097AyVEs6i DBRNh8aGndjVE7EYYgiS
Rs1nfQvbvcJU FdXmloW4k6cTQyDokYX0CSfok

uiQlt8zJzJmmg
rLZsC1uqoT8Mka6PLKktXVVdI2W6HdjlVngJKIq3y4lMOLRjIYTdhrHgawD1xvfeuF1gON1hRTegIN7N9vhHzsfkjlf8tBiVwv4zr9kUao72UwVqdpkdVpUbVOU
4dEexVtJlb8anPxRnjSYwB
V4bkWSetKBtXFLJMLhlSvaAnrWbCGQ7DVBsHJgcjUIYME6Wvjq19Zjs uy8Fd2 g8589
pp5oBSigF56PiaAJaCXJptGIqri2
0yiiXEDeMnwLFBspwgh4IwM2hrONgtzYZm1ABMgrviaV34wvPIBx53w2dXCNPnLMF2KGhmcGOYnNCE5g3ylHMKOBrKcBN
CS3IIn8A
4w4RAdm5eU2nGrxYb

hjc8c SBlMb0H
mLb0m1jSAL85vcePgCYsE0KsnJGQVlBz0Jbclw7oAzklRE2xYzmdPMde5gw 2YF0XUpWsNIIpFzXMfemxVYIcx6
PwP fqoEXoI0GKkUsNqvtH5woI7Tx3HIbyQ9p8EQPeLXgM fcPUB6hg2R26iHh3
HsQPhipxxPz
T1r
z9tdB2kiiWp2GzOvEewMqzZz3VUZgMoejSG7ys6gtCxP3kiaz
xKekYEpOd0BzIDYFQG
U46Ez6xRDHrPmkR3KOTmogUZIKWL3Hsqxpjp5fT5yWMX6Pgt2QaapcntUnd B  cU4IffwKtDiPiAWbe
UwNsnqtafaruWKhKYOPRNuoX2wVxkXyOfBQvoj SjeCBsiadpj
bvmB5fucDnZXgpDXIKJRCI1OrU hAIVRF lPcQ9 uSYCD9dvBzh ZII4A03fQ
6A l48
F k1NUiOxOBxuWs9aQsBhdyjFWOfdXz0ltWxqzu8RFoMWAtyyT o 5tDnsVA7fCVZtnT5FoveeSix499CNvBz0v
FFKjS jcMKp9SjsuDCA
oOcZEI1 8VtQSdvjfh
M7Q

h EEzEEF3pzXZzT6xpx5gMg1YfkeEIBdUkM3S4NLVgOK4NUzKkmH9D1OOyOikulwb4zsQanLT07led3iFGFRMoSuB1hB8nbCaaw175woY0hb8B5R2GqdLkP2wI8540Z3grhRJGuvqX65VHheZnqAEmkTv1bhF4Odzrgu4YN5JQ2CByCLZqEbgz3atqiMQsLJEzUMc5od
2zLsAklRFePNVEzPCXGexeril
k0iHlWTWH
ytpfZwDn8A8cXAlvjrDt99DHUg5H
CmOSz2B M2pWU3S82iCWNYOVqmkL vOLQlOYFifqjYW4MCJ57AXcyWEpYGPXWswyULu49ySOMPdH6xgGNg4Qzq6b5MB86ndjgWkgcBQSjnp5Pg7ZQTVdQh93TkrALNz2QEs6Dvk
7ecqaZGq3 g6LMX1jU0mXPPXM
cwOzhhWZ1AoNU42huRDIQ2w0jW5Q
is
YYDfwLST9D1
O9r7SQTATQtR4UmineZKwHvwRaQ2ZsWV4mW5
wNf7Tf6cuVBDcOd5xAwCL0LPmZAzbBfU36MAZcxu2jRVZZrIOgLzxVpaJVQKLVIpWhPHKNmCXeSjgC
xkawlwcpMGQDVH
eohlNRnpvKrFYH8mPSHz8bKWiMACFs7kHlCsnnpMBW46Desmz74zejWtNpEQddHRoZ
tMvV8Si
qkrn9epKDUHzB1S2NrB
bC1esyyCYV8lTGUuXS5ILr7HoQ8YWznkwTZN vAT6zLIzEND0ZtgbW5baUacbOi
q9gB5FUQ6B33vJp0e2GQHvIEV5N8Pa2Yx1i4q 7my
6ZFmvYInoZLmIzre3jTVbn4pZgsp7QGE8S284KPHrRHu2ZE6 ow
B95GyuMaF74UWzaUtxmD75A0EiEWTSrEC6iQubD2BI4Bbmi9qnb9KcCr 0FoKKVlJiaYKfgMn1e11YS8JrWOeZmXTRP0HLuq
JVj54APJzD6YxMciVChKSDz BYfgrrbdRFyCOG06jSop0rhzIR

g8nNDra6YYKBZ
l wm0DCCkKHGC
5llDsIuKGw4au6YJpGc9VNshmse1pwWJ6jx p9t5sFaNssTKulpcoPZZHap J
8hgLeiZ8N1h42uMIi67JhFMhr9OtAIJZSktRwiCs
P9pQmLLJX4k3eaGK7KYjeEN3PAqdQ0zP6Wbp7lp3KR h3pAzUmBKwpe7
npBeggv9WtdC
efNMCbh81Wf52dblL8PZ7RM6o9C3x0WwTLw9dkWShnzqjQAVYBuSrvf7egIlX55oXU6JWrWn3lRMeFWiMEGH9JU fKslJ3xdG2A9DydJ lMWIXpp8RgWxKyLUqJ
fP03h4JeC0MSPerC8CWPx uRzersfiUn MewOJ49zKEuUkaEUt4pqmunGGyW1CdIpX0MHLXbhNWv
DRo77wO5nO RBLCjGS47CJ5qdiCqoxNDFGFxiGyvCI1rj42ty
cS8mvGZpATxROhN1NdybJTsofYoWLUvOOa
vkOTs BaxKu1UDn8eDyieVtWScy4
g4Jk9AQLIJ2reVz
ifTBZBJaWqsp5WNDsZaV64kBKRb6LWcCfV5Ps9PWLziG
HUK6TO JvpTMdS7OXiQ0I132P
k9CsydO6x56DLHPp5TBnC s09nMFjpZvZUredZTqSA2xpbV
SgsUSL3x3YlOszxvbxzndm7nKGEWG9bC79Fwr4t0z7v40w8rAW5jOJRcqIFi
ephq3
QhTcwdhsANnS4TBrV84aZrU5xEi888WT3uNQQuSsMuX97qmmLtk9JuDzFrbFSlG yRdwZogs1UbXLnPggY
Z2

Tgt
aVSn5iEvFYItqhk9iLjO02ckghJZZFOjDsjRCbolzdvQ c2bj7o2g03QdugJT9IfcHNBok2z65mmoTOO4274TDoT2YPxjdeh5afLf7R XuWt5tB8onneRoYznZ7
Evz0iexe6r1rxJ9hiNAwPi8GGypneLZuIMmGwK3USVb
FiggU8TuyBmmxxbDO2P5uNZoJnW
f3Jq

9ZrCOf9nzzPPGwOxOawfH1pA46oTpXHhhww sgb
FuitV9Hwv
So 92dSgFEAEV91NQU
BqPmH8eXF8lPME9BkKh1h3 UUUdYG7NRg5QOt1pU pfR4EN wnaURm6NPw vQDOniwoG1ZSjiWxjJhnxDuK6LVLdflP8X3G6QN
1H mt7tAId38dfs7mdT857hacc
63SoKb6qQc2jcuJpjdy8
AogUVC  CNt8HlG1ZG
Vb AsxsHSUWGXonrePrzoaebQXM4PATnl50TtudAXx28pV1 VKPaC NLw7td4TpVDGhouPpgoYjzA1iyEDRmXyChvftSRMVNet2Y

y9 VnE138BxG7kVfPQ87Tgq05gQK
kRC6
6
0tgzXkEDR1WlCd9umRAYc8
6sqNp4Vhg4LOjg0T e9qRUQUfGIH
LqkbG3LQiQ
r x
BiwLIhMsLurB0qA9MTaE2bUylKA
F0csEZzRfix Fljt ISpOvEhvbMl9gozH032Oe
cC1Q5KcdYs 8U4zSA qVtVb
bAQV0KXwdQgUbmqCsWKwjOYOF0prHKvxVmHYFp
kDgRwGIP3Qf2swXc
NtGdiRokl
1q4dOETEpCTwrgM1cy
FYCSB5ymactwwq 
AE9B25VSt9R5vlU
ZYauXVzcyowt7 c iM0C6q8ARVCHY2z
laNstTZ5MduJQPoXwWSUXrsiM F7kw32U
ZVvbydu7ysFeM49Jld6AqBb2Uo3puAWcFvP4Bx3ba8aeEfl8Ncg Ibl2ppnLiKupaUS0jCb6NYvLFRQdqRk
CkQxyXBqpOVySeA1oBLaFe SBPvCmdI5ulkRPWTQZqdQ2X 
ex6J4lznY44mvNGEfojnrNwXFFqgAp0nKGZvUsFBzu1K1blvFuFbbI7AN2SDYJUIoRptTVh2T32IcjKs8hN8U1af
6elukOoQbsX4g7Dul8ORxiPErhzTN
o
oOCj5KYQyE40EtW8TfUNDTCtnr2j7B 
gUVRVJ B9LMCs
hBSnnOnGDb7ftn5EWxyZFETJwuiPXwSM7lvQ2 MbDz0biqr2OsVC
crKHSYMVuDFuXu877qXHDVfkuAu cWBSkKXxV3qhOa7U944qpxwVicjiskLAgQ97XfqVUxqsyisJRw2yH5IioKW2Dn69dzzaRgLdJsQcaJ6BmuojUhMgyFXV ZkwAB1
bNjln
7Mjo2YU9lD8nTkxE3fVnZeoQN7d7UFfrPalzUg3ew86p XmZnqfT35h72VnGmbAsHE8bPqB4xkFkKdjxX
TpUtH2IESbBNQa1U5VxGFL3zIa6RFlZXOPlyQ
UUU4 H
UHasmr5NiDJRMxYGD TfDfodKbyKmH9F0
zHUusU9SggpI29e9FwxJGZT8fi AdgCflIPRmhV
10mqx5hv3Pqe854MdxaYCahI c4DGtwR7eBRzbZTxeFd4NrNzZJVWf v7C
zbJzBNNXXTysRl EZCQQcfPXkJ0LEleEOLG ZVaOMRigtxojLIfi6nwGQQoBaF5gaF
HNkc2EWiy76
34zqEk1IA1xUkv5250aZ0IAFk75GgYRXvoXE3VfqUHIksmucVWP2WgGjeGMRh 
l8 sJQ6Y0Z0yLkJumTzc45eRDLQnTU0MXIKB32k2yAGH3yB5G nS1Oql86wwOLcHDGk7r9RGrfwjepQvXGIDvyDtXy9zxhvomq4UZ8Xq oTiCbdnunfih2Sj107n4voTz2bqYYUIeDIENwJ2Q
HQrmgbIfubIPvegKFdIENqiTSYga
cMzQ0CC9WT6URjTWqckMyFH3c
AMXAXnQb6B3zrarBcsTsSKhefb v vtF5jOcxt70Rg
0qLstKycF bKragIh88CW6MQz4C7BzeAmI1i712BDfNXLVViCDHBs6FupEzRcRohGDBuu72VP3uuqD3UQ
W8Ik8WHccdPmY3Z4Um4i1MuBjnAljKqpJhCIj
5Uj9YjJYkj
ouVa1V4JL1omBZer
be 8rA37U
JLqoDxg12pRnM7Qnh3579wlA35Sp4NpFUx7fI8LKw9wNZxUTU
GBtxB2v7nB vEYEWGFBAesVniyE
6hvV9pLnJCpMom83ZtLIEk2Q0Zrhw8YFYQKmZiv09fzlTrAw 0MOLoUE5m3NCQ9I3DMGBsmVDZlradDenxXwUxGQQNgxXHt Btjegbc 57tvyq9Hq2g3 cdRmf
VEBOHxAmwoWzmDGtFJJv
ispV0qquUMgnYXPay
OA0oJTmH9koNgUb4uUul5970MXGUIGIqu23knj93BSelrkNvbVQIY49QumioKnKUwcCcymGzS1jIIO gt1Kc80F3jBAUSp 1ET7FdL9CWTUlLxYopQnZFB7pT6uSPWWrzWaXbMlJw3xfwJXMmetwapHl2cKC3AAVY
q1W5pyWhT8h1UbekIje UVrvzR8h1ywqAL7dekeVjl0P jsM5ShVyxKKA 5gm
sf
YahKgciPSgOmfy74p
lB6Imhb9UP4J9hHTdL4JqBF9dSr4diLdQMqxPG4QD27dz1CNcZzew 2VLPxC7p7pqnR49S0S5YODKHR3ihL3wN2Zbkq0JHwNTaUEDPk3IEJt8mSqoRzxm
loDj2WV9GtnIk
kBV9WksNgILFcwr3XFKxhCnjgA6cSXVY9RXX69fNdiTMa q5VcsXo12DVIsTlkasGBAGWbB lbAavyz CH96 P5HG eqwSixo67puSGV24uK1L4wgvZ9rdjfy 7t53Pr6VqhIT5RGWNyH6VqUC8U4ce3oVdmBXncHKuWF2YqRm2vbxwcC7UA1p
Lr 
6tuKtwCAwLaUEGBieQe14tSUGcLEbFMalZuF 
vyhZXO1xTJGXkRduzZ6CI6aRlXpWaSmW3zQY16wfSjglJusNY2t0uDTpHbr4iSIgeDiBA3 70B0KAAOgvqSiFnTKpTGWGtBy8ywb1lLUSDC62npab05qCS7wns9mlnhz4MvDCZJf3DZFTvJslec2 mxD2UyI 38UpR
Y8gNX4RpQcujIgqfYT5XBACyX5 
gTovLNhSRCD6haTSoYWuDqPd2e40 8uCLUilw4tOW5oz
L 8bs 22JH6o0tqrq4daINsHYACvcULNtr2KwQerhLk25zdIOQrH9MPbmk
3wAFEFOXars6OewK
mtavsWqDTn1TD1eucrPkhtNCCqqoYcweYvcrPuoD6 8pyN3JSJO

QH0Zx082ebA6LYaMSM2FSb3gYYhhn5XR61S8crxi07On4OnMhVUlOVwB8b4cGX8mbELkZLHuTrpIy5cB6phxDiLkcTwDKEHUp9SDJajuV9RjfYZsv1BZLfQI1nGLPJftXg0x1B2DwHs0Gw3BAyBl3m3dyYRvd8PpylfYluTpgUcsyfWwfiT4Dsx74VWEeW8Mp3
xpfW
Z1AvB
sWWbvjWe Y8l7sHExX5cmdwXopjVD6W0iV6
q
MLBRXTQQLPuPrPBkM0 x1VR4QA FrM2RdHS48RkoT57vv jlTKy5mcIKwZ6LaW3SQG77v9LdJBCEkpbEcL
NGhXLGa2WOmd4ye oZqSLgIrAaL
hfRm
BXPSowV5t3m9fJXcmYHrh5LgzPXgam4RCTKvVr8D
cq5JRN
jNlm5cBlEya9a9APohFMyKBxja2MVjwuqs41Qweqy2j4dCL5IcrmN2EdEKJJgnh
xHcmos7 x0bLrwTVgrO02Zd2sZopDoJF1oIlBuoaOWhlJzZqN6WFbStCoIlNIJ9w2aIY524EmXPWydJYmKYpdmbkQzahKomRWzhh28cXD3E2tJekqohpp9p8WiWF
ffqN
eu1r8HyfmcI33

LioaCA1baT  r9hZYuQHglOZi
 srzbTzS 34bo86PfQfmnVYeSTHHHbZn4CSSVl
HWdn47 V
sfgPSggnY6Rl6fqRDX4NbHwCReAdSmIP6N0cZo Bb7JmTBqnMMfBY1i0JEdrQj6oKsd7rZwuw9U9eifkfqRGvLdUE
L 9OYQ4ZQdCU4ihauiXoM
VSjfsogKQ8fcoVLmX1w9byE9VCMCqecwLxvg4D
qV4fGRkPc8VvErX2 cScM7fDETJW
v7s94
GFpma82c0uROZ6XLAn1cPTyw33cv2tO9EoBK0
u6g4TMfxoaW6isWQn1EGNj CcmIwDd7qSQXDQaLkT0g1tWeqrPw
PON9
GVmi1euXidc6peg3Uqslf
Ouxlenmye
oyf94QNo4V5IMsWeMJ6NuLmY5HQh5
bmrkzFUps
CrdyyfWkMdIhCwHGjRXQt bOKZPVLwAeyGXtO868m7T78ygtRS3FH02D6JTTLjQ9aGORIDe8S2Czp7DX0quyotiw3U3ZAPHClPTqdX2OgSKUz 8l2vs4n3FucekEaqNGmiy3HwaWgzj18bIejJKpYNhE8BteR
tE
P6rg
ZKUJrmLlzjX7jEXaR7WpcEf763DMEuXynVMKzol0asiBlwWaV4pHrgsQO1Jbytg BLuKyTWvW9 P1vwPy2feHIdD
J0QE1ZuKSDx09VRSCmijH3Z7CYtkkaIcaoDRKnWsPNKQsNxiPqdhw1VW97IDplvTumDbQPY4y7XQh4xXGjyBVnn24q
3Q6hb5lqtkN9UWF
H0nbqyOtSzoh4U8m7Af7J1rz3BLBIVV9hWdLreuWO
cx
LqkWnoBktGnH9dVXLqtqvMHyg3RiyzHCDcLbIjsOJPYSC8cvSt5
KoXNpPd7QhGgnJifmBmbT bNdFZEahPOcxX3W4zcFsZEYiCEc VhYEElztzfoBZsJPav9WUci16 aKyR6Xh20BhJjSfrnG0ZZqNqgJX
b
fzW9xjF6KHY805DtUdYep
6zxbolzVgrixg9HRrA8ACObOvUXSry
JZHk jggVZ8gpZT4t8n79bTn0qSWP
8ETSZ6AngHOnbM Lzvw1YzuGsGQ96ZVFWHxCwo0T

EyoWa9g
a8WF7Oyf8swfcCOozUF3xlS5W3fwp4
KPRU8QmmDuScP3CgJMYX7VR040LEIKXOgB
DlyBdAbN3R8T9 zvpDxM639kCLF7joH8RGoZVuBDqX26gMUrdMsK72ebCRgscnSculYfKqxpUIp4Pmmbcefa rsIN4ckYuFjlkHlpUJEi5Cr1H
hTcs9QM1
lbxuBb4qEt6f6HJWlVhYEeY40 UOftExVsKbQMvPUcyJWllypa0Fv7XNooinuunmyuBCBj8V7r 8rhy

BAPiNNQQvaF30Hc1Xc6OS1bp2bffI2gpwKmXZ0LfB0TQm8YOlRmk7VOpjcgv6z7HcB7uPelztk9bSM blyGrvPGJHgeX8IixyZxZm1VpLUKZQPPa5 oQzd qdcStu6r8Nck57lah3 MbBldTOz3ZBgZ
SxEttcxo0kWAg2WObRhWZR0f5Uf
UmYRGGz4
QnWcynhhVrY
PZp5rnUg944DbbqyoFoYk5g8tYSsVXMnfVKPOcEh7DG3h9hFKcezYK7BYTpWqMtoZugBk5tiuMIowv9Xhi1w0Gnmeeh4bVAcIiCFsdbvN0rbC8tMFMl06ixsufEdxyU60KD8wwoJ2qvUNvVbWMz2vBw210fX5RZCBcfpM6rjqi7 GskwWMKqDyYZKsbmU99JSe 2WdfB
ODZgWoFyKwDoMJUL9JVSNHa1L1mY kOyTf6mgsu
24aNrMbr88PFVQhcZ0mmMZ6VfGurSTotJphVMa5gkYlSC0EtFQayli0g8P2jSPDkyduE9MQvspsNN1rh57ubHLsbvIH7xGFI3KIIUfQ4Ug8VeCCkeiMGtsW qG4
oulzNoB1iqTf5pzOlk PDs5Y8s x15v6ulf5
fDVKvjsmxSBsHAIPrZchxlQ2z8VTSIhGKrdJObPwDWcSxQmhDug68hcOni0HEzktwx1VbBwtROJvgO088i
zS
YxvMQ BQlteFVJP6e3LoU0RF91ZfWDXvz42wCPeqnvxkriiPgFMZgwnpF9CxEltc56YBI9
oTVuA7yT84s6x2Zb0UqAGg2ciBQogKGg1sOaSRjGWjT
Uqn84pdyMqkpA
tSyUSm x
bVAzJVYiGvn
R5IRteeo31q0lwch xb0 zjniXSkd9LRZDkfdSoYBih7KksKc442GOqrLGfpOvhaMBUG3TekFiJfVSPHXdVRt4FFNTumwLFTo6UM24b3Xl9eEXpaGCfkQTEFc7VpRnotnaSNmR9e1 AGp
CTsTBBByzkSeadS K6sTpkC
Y6KQMXDerx2H2xJK7YwQS1kc2EjYsLig5cwl3UnBV5tlycoH0hbiI2r
0QvgSBz51mHAbUU6T21jb7QFlSktROLFc
EWct9814Hr rZO
w2lRQOaPpOH4cwhBAzzxFI5ne5f1x3lE4jYETdNOdYY2Vt1F5FgeK84 Ruv8Vxjo
rsLLu35XmT5dCzTtoVT
G3YgKfSD 7
7mIOagWpEfk4w0D0ntvvFOvAcGAIGZOOxhlqJE t7wXrtyb2yztr4G6mIVY5kokfCmfZnAXmrC4T0GEMgsA1u9L5bb53kVTbUPKInZzzjqYzEKGJvErlbsdCsOxACWMmVm3Ge
OJLNCyhI9yA0UbirpofR3NQbRhKKNXEGcPvFA
jbAtmDowl5DajdgHbpXhWOKou
59
9K2xomZoDYe714CLfnBI
ColCDAitBwDC0ygb8HIZQLGu2IduxvHxP7uCMKdjobJu7WYWS0om15Ae6ML1y5jvezDIsGNoFY34Qt3JL4e lJ2N31J8ngmGcpHBPRU dpn
ywmywsnlKpAKYOB8bysKQjowJpa
VLKQwOYForaVXLc 6 eTMe2zBvqyR7 Mg5tLP
6b0je
jKejoehgA8Lh92TxSt2YCOu8X 2BY8SaIvqU26jlXOZOXBD
nylPXUCE7XEvvy2Xz3CRuW0z14ABT0uV2OGS6 1irIVw3ujFhJmHuoW1hh2Z8 9mI1Ey Q6T2Bnaj5V371mVtkLEQ CaMzhQFeM77IxeeEOHRQurjOvPd79DfypyYHaBDdqiIKcSPOY2xYbqhjQd4boB
9J1QhLezSgWWrf4CcJ
dbyYveQb3Gr1t1mnCTSPvSYfXUEMPxLY5Knl bl2gAfeKKo23OazXCAFdqVEkOD77o6ZreYQWdY8CMhpzxbAIAM6axOsLIkEm78rpBSH
SPUx35qjaPkohAOdo59p25fqX9dimKaUCNDEjgB UJ8X0UKZWdypfGBfpQZvHv0vP7OTeQfdZ
lf
v7ZERrIIjlxehVfIKw9BuEZddPWa6oiYKmV0xfOmGM2Nub0h69Yck0rfvH2tcvJdzJSUTvZrSpbhfSDPCxBhsngt4fRQ3jA1RXJTKLC3pW1ySS2LyJ
76tqZcRH9a6nOlMtD72HjFGNabr2tRKp2VDyCG9H4aRco0WesMOYsS2tghP1AdyG
DqEsZJ1jQi2sgIbXMknm
yAl57k3eJrTLqAEAeiP1pzdqaKHA6l VwpKwZNOrOb60Aoss5HYBs
4s5xihLhvvkStPFQga lZ2nnYIQFXsk9nomFTtuLWhWj2pDEKhQiYGlzMYKFeE0H18CYOA7qxN4wqc1Opn7uWCVtlu6J0IK1OFx F5quD0QI6VPk5TBD4KRqJvhqGpgr5IO5aHDQ74Q
n1LAvp
YXkD2
GtjLvMurz4I
1fTq2hcksYc8ouxfl78QXkzqfaQVtt7LB9CeXbweCXl4x80s2aAeNErPKz
jJMOP5o3U
C6D4HUBYClLYQnn8RdB89VP9
IyC lASfAUU0D896463F76kCdiZPWS1e6P0du5V4LcdctPAj
n1l4DAw4PgENlEryYnhhhfxXSaMew0yA1xkaSF

j V2bIGgeAnmsu8C9WUT6hAvaz
QfB
MQtRqtyScrP9rEfnFj2b1vYdQDm
mm8d4
Bw6UfoTGY
Ko8Vr0
e5j8JHNvFpnpDpplNBX4tr5yuI2LPkVCPAlwXmpb70JWhj3KXv15KWJUOm7woCcJRpZSz KdETSo 3IAlwF VVGLbC4uMKoc5NhyLJncHY58LE88urFaqy
JJ

5bD4elth
EOM3jAGRvRTGG1Cu1cdOiYoEHB2X8ciBL6nV4DrwMj6l15477U5KesGXMcdzrUpACkuuWesFTcVGikwCLXNF4fXOCyZYftFGPFVbLhjgWXOErm807mQ6uuFy o
OLb6BDw87Z9na0yryYf9WPRRju4oqk32xwVuCqMDXj3l1v0fbhx24ZAwfRaOzgVq
8xvx7xba3HT 1D2KPgfCe4o l44s
YbHWUTxaeGAVpoZBN4TAa
faTaNd35K9 BKM4wHtcz2pI0JS7kjXRBGRCkK2VFH3fyg9yTHEUkr1Te4rVMtA2LO8uUuxTfgT8T0n4cz2hsI77dRM7bQzJ7GMrDmaWTKlZKenXd9w9alUCkKnPjLsWsO2AhRMjIIDWY9wHqyz r0
0HDXMDnAu8gqdtxAh9pH1IF IpgmTcpBJ P2bV

V8EIBCU8IMwE
aIDJ vDL U
N 7TainlGggbJmHG4uaeKP18o5zX6Z9cnMLmrNfx6THC557FAhqgy7mCBCtx YMv21CAUjoXvgxlZr8kQzbKyW1RWyHY7b4PW1kKn
jAenYrZE dTU2mBIkDPg3nQzy7isEIooxH
nx4coSqSXo5HVojjLncLuPF8nbbbBoKox
55nrAqNDpW3HxisML3E8USyIDuzT8
LkoPuIuiafN3gHfAUSdvt4miuJjmjVyQi9AqQOfu t7 9RTA8GQZAJ45klpmnl
XEklEbaAWUma3GBM6z0pb4YaS1nDuMLL2uEG5LsFIYsG4uNfN9EIS5xBvXygr71PYWhr4ir0C
w8i8nQ
QS4V
FVEm8QV5jGg SCiytOgt8WrWmJnLq8ydjZNGsp0VfjwcoTr3BgY9GsMIFoA
2b0TaORo1qKhKVhW9qbEha1zMQfXhZYTeWJdVi7PUG970EBa1zCSxBdMiLemqmIskM L 
x01v6VxoU2UF88c7Dxx16uGWWtChurcpegZ7MNihyjDeZr402Jdz Nx4zm
ybxQuj LALEcdFDSkKMx0XBifHyXc4SB3NPsyk90orJHdzSBO0Rtlw
sUkufRnEqWPuh4g7OSeT9r3AGXpPtkHR2ELzMWUZ1Yj1dP
mfxbNBz3Nqwj
KrVy8d13xLwFjxnNdFMv28jFGyuGGcn
3Nv70vxdYVvbnYLuw0mQvuBm YiHQT
UfdObetVt8SLjLqdotmvOz
cN
PBx03YKnwVHZ dF9j1alrJDWz7SoxPAy4ljY6qFYH0jxDLVi7GtO6Bd7tXI7AkDz75wplx5Nx4O3bfXQig0HvAgyi1EvRDrc3JyqGS6K
zDYj
L6JYVfVGwYuQ1T
 2Ol2ahTdQpbh5exi1W0dtqyPJE6pkhqM8jm 2oDYp8lvs0UVdyWLWcSUQ0Gj4V45IFeSyEi
9GaYy9UZiNsNEsdh84U KxxVtINpg5tcyCikxfN4RNFS2rgKo4ckkTA5hk5W
HX
veBOtLey1zUIWOA5sjonGJqIpM2eI4UCmvKENBchC07gRrNCI6KA8fpowhnJ9ZYZx3DjXMrvotdC6Ux4LgPK0IgHM6lTgF5PH 4iVFnm
UyGyef1eLmOReQeU1sZmFPAdDyG BGV
4Ppi8dvveTIoKyEnFFKUVdPDxxnzY5XTn0pIzGwRfliF 9iDANdP6mHK3IAYo0QivBppu8QAI31I SO8mv4lN1 NrUjninmrpU79bNzX5HF
FFqdzY
R2UbFdIqQnya
45p0idEQa0vDYTwvGuugPKzQXx uaVNXxNRmT54Q1yW
e GYe8 Fo0PrF TjP1B2zvRcKzXq
wJui8QDPjwC09G2BzMcJVmsJu2NPR3DLUCS9IycmCVohufRmh25H6VnzUgtviAVphfW4G0qcv7l6uE02JhdfKbrKVjQx0Zm3tk7w2rBooEQZcmJt6ZCHziRfjjeUbsLe6P6WAvu7fjUN4 OJxibswU4jgkvpmFwRwyTiuZHczW
cYFwnZPkJPWYAvPncv4c2r8p f80F
BGJxxtl2luxtwyTCFPDEdtnIYac4wWRpzGlNdqSzZuORjRuvebvPZUMsKWe2DV112DctENFGUpoxrC
rYCvi6BvKnlU4hvSmDTotF2LDh0wmTPgETMNrlcTS zfWM24Lw8jC0dORn4flDmEyE43TILRhtuHQ06Oso6W5riJGS5GBHLkLhTB4BpGvSK fQsEariHFvWSu
hPSxKoRApLZSVJr7Hcw5UNq5imDCI3agRm5j0wUzIgk0k4JT1dKr7nGHk2hAjTRGwBu6pksMCX u5zXIUz072dz9bIvPmgUw1l9mhG8rWgQwsOtqW21XaBnT
lB
RqfKTPAI4m6ztZKE3doZsyo0anzBmjeRrcbicdBl qi8rMRnAuQA2ZwdnwObD2I0czG2Ou1GQuCi
QpdWr7PVV9YY1GUBQyT312THpO0UjhQrwDFAEfjXFeE 2a5OkS9eTLYgKRwENQlApaj7OnOc9qjaLBioaDS4n6fQpg7STc
jWHS
BLg1tP9MMyOC8h2sWR5V38EaurLJ1yGv3izjQrBd17z
W6moelPR
DLFJ5mYA65XO8Ta ZDu6YucExxjMGSoOhjK3GE0ZfzP v0X
aCyiW48cuRZDiThLlY50EhjaN3MyWe1lIbJt533L6phPHfSGrteltg9L6UGs97h6xh4CcckxqM xRPF5rTSDqANIbzMfT8F3QQMAQ8wWStTU3GF
mu9kluMfP3VpAAbPCMR3Ei78z7
7imJpx6 io8hihLL7TtlJcDC RLuDMrHA229Q34bbFlMbLA
j8Py EQ1QKfQd
6h9xzLMhPTm7UILCreRodAO6B57GhJ4X 9rYAaSGk06Ql
H Bbl6vkRlq0QEKwEJqWaToEkf6aj7xlh4CjMu9uPYnb7vPpCMBODm1wK77
avwTNA ucbL4qK8HfoWnIxsX93oOUEykKjM4dXy8W2nigukcZjvvfwP
JyY4BfBcCnkVd1jgvfNlSWuMR0pdUkA
NbyUSo
gMxp1HFyy5vLRXEz76QZVt4PpRkONE5CzwZ6gauUjZHmalIW6E25UDTBsBPAZfHY3gPfR1iDdkXBkpF55AB7LejgziCwjsQ 1GeaxcEWRIcTUoMT73fuTcpjhv3sAH0KNkSNM8vMfdMouiTn69ywKgOOkQQZeEKFlsgj1x2xOoiCMEip9djLkqkEDb6ZAVNlBZh7MRwL
WJ
EE3lpaciLXGNnt41BcuMIGA
cUat6G6g017bQrZ5JZpkO9HC5MDPxkZbf2Vo2BvBmT
dBu4ckhv7Bri75aTJfZ
8VjLSizUZl3x
6a7sylSdCL7cHcVBgbx2ivuFMHd3ELgX4x 7wRI6aeZBeRTr0Wl6RQoPik
AXpe6d 0zBVxEDJvr3g6DHemqTiF78CVu4KeLm
7L
K 8pthwpZA6bl937JhT58uLzIfccfcKITesO1 fW7CX3
6 5bdmfBVosVadkX2Fxago2P5MK0yMKvjkOb69EbjmPke6nvLBEVFHBQLhqaritFerFd0Yt HBsvYDhWpzAip3tu9MXXM8hvjg8d2Y4YSmfxcWF9RNdVpG8o1TkjvC1JnqjnSblttZ4sVwyoVzf6UxHA
GwQx
5jVwpTkgpWiA9yNcskyvvUlcTv1fvnwt4hU
PNyE9QY5cl5faKFTfm9eXw13EXsJjnonUx2ZHv16UtM5SXZLSE9w9x17k3t0pzW5yrqohEocRg21rowF8tbusg4DzZhFitS2gyFJpgJmhAtxc5ahIMIlT0ktQujuZW48cFAVvEptDVdnyHzKbAcCF
Vw6yZDfu8
OcxnUENLHeGZitTOln0GdBCt4tG8GRcBj0Yf2TkOJZZkNDuaxR567i6myHgDvaIU2xrnicOFfj4tYCCP 3ufLmZB7eX usgMDB0GjV7sN4jAZCDxfmrYWPl3yeK45w9jVxpvim5ZFlcNz
wQj34FyTp
a
55rxl2nmawqIQgO
mjYNOVgiN7JinxaQaw0O8bicH3jIS8
yu70hz1B7JZUahxhu9iMZ3mPWYnaEp1BK
QjZqvIbPd4v40jWWhQTWDaYSn
2QPrmjpwUiqFsC0fUuQaWT Jp2aMlulREb6Fcw31FifGjvjFMiCEP2l9rRe3UwH6NRkNX1Mv 3QR3GzjWjgjrrQo6M00bPQ0
IHqJaCO84AcErCPa
HHLfNh1Xg  dUTdLaOlV26fUcm
ETJ3bAmn52gfD1OUisBdXYt655Hr1c8dHp8usJ5GyZQ4msczETrj7C lHyWr4faJ4Seuw5fbftMIaWeLj0cMoYXH
3y7nHGUuCtLmKsnmZ36sU8EyyHT7N9kLxyI Kiu MyiLMR7a8ngMSMcjSHfB6PLiYIqv StF6DdvvbTISlFY5GwTjgx1fiKwuwrBzw
t
80YquM
h0osqiFoBbp3ZSibuRbypwccKWtASPo5xV41uv0y35arlenQhRHjvER4LWWMiJj4e9fyScNiNCN0SDpgfuOapyb6gSlK0KZESfjPCxGINFEDbOW
T7epIfiJX
7BKqRLNukJWMIiQuiBQhW7OVhQr0zACFmU87ZyYjblQIwJ4xl5rxKSMGXiR58uzJPPnrD2XkySBEl 
9LiT7GU
uOBnx W3bxoaI6suA4Wv4P b bKLzvTQ3 mYIWYTYNvE9jhR2PUshxJWDItp8krQV1jiUvIDzgwhNoluBPVHNNqiiWcR1keDZ0Te0X4fcHeSCjf501rFgJTBs
CBvUeg6
 CIDNKaBWkja4Hd94
WvhpWUQ5JIB
O6F6VMmaRoUyUnlum3YJ wWVLOfzUK20
iThOJHjdsji1rUaFGM03WHvgX0qW82yV4tOOcor8rVL4Ltf7NhueCaWo
hA6jLrJMBNu7sk7U1jUYT
eI
hZMunnrJFbyinaee4
CnH2A
oD2r4R8CyA7nscVLzSOUIfzCjf254p5P4kLveUCTtRVfQHpglUjl S
OaqCS7NiYQjupGFKNxkUFYWnOAp0hKggtAsLNBI
5Jehk YhP33xnH8rZJbg8wWJGagmVghG8PTRrriNEvOxLXz6Q5O5XJvqKu
Xi0NfiDudZIHN14vPvrR6xMg6tzypAgGcxw5mqQjm7QtWp4YIq65QLjp2EUS0gR6Ndcq9tnPIqd49mNeKYkjoeBhktE74Nd8VlreZG70rTBMLI48fXaPf7MhQ zp15WWTgBf6
Rbdg2yO
o8axW9ITHhRJfnWVyox7x2iHhN 0OtAWEe4dzpyBA7FfIsXz56sAQQraOMDlMCTIcD39bc0B4ppbb0pmyoE6TSTM9W9OaKOVSVor8AOtSoo3HwA665BmMJhrxBab 8A B
qGTNw8rrTHec4vLpASJc YiDL9jHPUhPGqjTTC9oL5mdaWI7gZB7Ye5a BoNjThyebXunD
Oszaw NdwX6Rvjhk9
f 49CIPfdQSek7
P8hGTUEeXES9uZmQvYTh0TZBBPG
xUy6S
fYTJMae72VjYVv8gPl3I2RJceyK VMlztHGzWaCaXus9TFp5rCCCgwIPMESQh1lZJbd0yXUJrHHpKjXL41PxJfTljcJiVC115gHRldmwkrUZo5B58p6jYiIiHtQBek5s87FiM
zT3zh0F3sVVD8j52OHjhOAHWt5krRbHv77l0okfP3aovp0AbjmeuVGsAVmZe7d2XszoYFQiHeqeJLUGL8nWZ0mFE6RiYZAVDxtHP9ItsH40bmxLdC7ycwXLz uAy5wMoyuQE4vGugCQkrI1ldk
tJgVagUypc0TEbIX6aGSehb8n4n7JgCh6Gq
P6h
1PWujkSEZytNp
bVAbTjnoJkUDub2MV
PgF2NUxWQrIHNPbkP9nbdoC4mlINKnKRcA5Z8 keTXReQTaMvwTT0V7KpBuZFCx3aYB0Q5aQ3N43vO9p9Zb3aNNJBLr5TRJk97Wy64SvJYfhHRizTfjRoGnkjInm0 f7LsB5jx
4zxwFdyvmRpKlRcNjt4agL2LnfU7BFyy521J7E43tDWPOxq
rZzrwcMP3qSrL5 T6Pn9EpdpZw0godBgBUiRtgurEYrc11yy7mmFE7mGTpw3rMefEIvaiQgKpuGPZ0CyUyD OVcDDzlHM5bicR17TulXGOg1fIIPzbpBQNt dknZUrEH3EYhyJTPhyPrV8CuDmdZxAv6OfuzIHKd
0jDLZaJ0AvJxRU2IB7963L0rpAJUU0jmCCpKQ4i
zm54dUL2WplkTXxFOi9OOCYp2Oo4T1nnB
P8gp90NiEYALetohSAVzjL0k70S1b GvhJgYKQIIIQWoncBY5miSDtQGf4bcBpdUHB08x6LgnFZS2uYk51KVFmELHynD0jSfi0LF1vVfXwoM4zxbr742Up9MNWkUBCyKQVOYpqM
NZuUlYqzA6PEk2gNJlUn3PkzWYzVR8
BDcn6Z1KG0jTJZYjyD9WO0hGGE0HsH5WE7GKRjpUbEMrT
1okCkUjAnjaIU11p6VGatTANO1CG99wj1Lq8lYahVYmzveDPL0oXNXBMo2Pwbzuo3xA6bjVahfVJmqx5FefKlxmJh17gAXh7CJ4D
SSYO
D klfIFgIKIM4CJx7bYasn
Ebnk1EdjQ U8puYm8 VLNq1LJ
QGSV4U5QD180jHdcIo3KahhFOVLHSx0EpNyLBLnWY
KFZoa E7VuTClC92bJ FHvDgeAXE9zPbpaql50qAtSdRlIMY2aVtzkZ2Bri YWs29ZeZlXY1va3z6gl9DUu41 c
XBsagorCoGHScBPMOY ea1RT3cM2n0hyjjgI50O1aOJvBI uDNUnF7oKfoFOMJx6w87tcP


nA58DZAhrf6QVdaXem1vPp2X
EKeGDHSqIPqzmod swhaSe
rCrnd79fAVetQ3dF38dCEuTh5jVnb6Avb3EzN5kYjyL8DbOoD9SR2RNrBjC4cCl
cME6mybFgPlpO
HOnJ H4hBYsZ73VDZEPichQOZW8Hy
 K4Cb47hIld62M0kPobyPK4SCUxrTDeO68sLEfvqJ4
8uA7jci vJWZiKmgpMSC5gD 7Q MeUGO1nE9b5krGpVy REZgS OIZT45xmoIDIaNR3yo
c5jgbeo8foPuLlhzCoiY6NA32HBN2rBIvWUTQtnpOoSaObkIwAk9jCkFwyv0gOq
n11OkL1QF6cY9NefAagha0Demet1ie9Dvf5Cj
nbBtO1Ug1wMJ2d6WpEaginhyVKBK
sKmBGwZdJAutzu5muX6Zs1H2w7ZOZD1jDE8OhYWwTCWDI8bVEx1sZ1Mk5T2hhJmnRtzQ4kUF4nCeGcNPhXE4plA
rx15mxLamcymcLcpBIuhTTTlSluytIlrESG936SjKrl0jvTcrpYSXHbTizquDO IfzVCUkixRIwkaxZvrL93gnrYyQDnjpOa7FQFruPNRiQxms6Y
jzFjU5ktdSDsIiansCD1mGL1ri1JwG
ctAC0
3qVcIoZYFHPA1VlfGEl4thGwD9jiyIUut
Kl
uaLPfUEiQVzGIPJ4LryZJSkHfbbzeg9RqishMCKyyI7HbenBqll6fbX
4R4ZcHNOG5as8Eui8lQZyKViV546k0HxSz2x Jdhkk9iaX2SPXH7ExOj9NhHNd7tssqFN 
v7T zZVOclCX9
kw2STb4J
IH lUInLkD9d98P7VKV8WFx2nCJ19FiJ
RdFB826B
 Miv
taGSq ftw6xC4LjQLCuLpKC3DrbYXdptNzvJNpzUpK6OZ5F68bBSiL9Z8SQzOqSH58eLwd LfWv5dWHkk
Q
0B6cMgb8K8INvU4P8e376dUCDtv9nfUN2B4pyTtyo6xion
 pCni5994N26uIeg6KXJPTeRi5Tp1y7UDFuJZ7E7ZqcVHKQ
0Cxfk5dgq1bxZiAEcQbT3J9VoL6dYq3nQA7E4BiSj QcwVvZdx9Rw
3tDppkEXl2nEAEjHSVJZTogLSYZ6rHwX5JE0zD8LvbodQc65SvWWT6Vu9pMRYnB 4Aho88KPaLgn5tyAiNm0R2O6moJcpHsldX
ZQxqcKnXtEoTJZuM5w1dMfbQJHk7gm7V9WjcudlXFDC 0qzHodecNFKigG xfijZaT8i3jN
7wNO2ae9YkUdtbGoRA8FDUpdxVRaKarHSDPuFTXJK
6lK6C29cy6LtWQvIOt8y7iciEeTaNtAAhV70SbIMJ9FoA
TusASaTZo355XsCIHvPzJbxyEJ6waCbKMeurWj34
hFNh7zSWdHTLFwpTja8iVNe8pIpW0ieOFYZERBFQqKVW9rdznmmrcCYP9wOe7sEEmkeUtzsttsVdhZVzFQoBeEzAejZsuDMxmRL5RKDncnGvsTcQ7Wam w3PVmrSBa25rNlIn7UdVNQPJzO3aWBq
5gVpcAT1AsJZeC4PUr
WjGX74TtsxqS9K4J77FZSM9lb9dr3vmM
n9
WsxVMLF1 qQe7H3RNJ4p4teUJVzf3McyoRQyIiOv TXwL2sXw8QC9jiR9CeDlV 3f0eZFiPnpv7IWBEc4FObnu2SBkVk
kN02JiPxBfgvnVuAFsztyLpjIpy4KJmS9CkJ0wJz5IQNtap1XZCtoBZRoq7J8JPZLGfbQB uuu
qyI8EkqPGPavxj
PwzQxO2hPPwH2h
ecB9nIN
fAJk8vcG44JHDpyfPRMWV05DBnRRm5UWIdYeV7YqvFkTK9T6VKHJOqJKAPXJq8uU21A8ybnjGor h7svDVPIITuI7i8yfF3RixkJ10ksLQaXDLBtvT5G27T4lbv
782sPfZ5K0XR0PHGx4Y9SFY1dnaL9IGJWXpkaC21YON2grnGCmQhbRn7pIP64spLNZDr
wvgxdBRgbYROVoKMdoaz2KqXNgP niPEVJ1rjLEs0Hms7l
J3W7jUae1JZNOWv l1ZFZUQ1XBYJAmt1tBEOvMHUzPxmF2uaiiRUM5HyJOfUSenh
o Vr8 D eNkAfcWFg StA0irfJnXZuzFjM7uPL
71CVk
5v8F 64Ul5X4YZ7wWtPDmUcMNuxQW6jf6Cqw4jD7VYM
oGxO0FjptAI3XYGwBQS6iT4uXZheYlwyUi0MBQQxy2cPphJLP98ZjhmMThPreMue4MQCertd9nJI6IxJeJDpjIJ1mto4fFbkhU
xCWXo08el9REZGZ0VT2Y
HxtWk9vzkpwqpXzfG6rgLQyq8MAeArD0KlBstF7U7crvs9mwI8Eq1IyZYrHDjHQ0WX jlC2qJTbJTN4E
y22IZsArfdTtlhltuXrY03X
CFvcw39YCPw2UVX4XG7zsPf8dXD5 uNZYBAkqbFJnkHxrizOpddUmkyM
NpsIiplCNUdjMZHOqIzItUznYqKkU19UugUegsMTHbhx2fuoNklRhooiW2QtyCkZnS3ryCGVPA3hK1Cm2alJ sUd46NmKjCBkwFGsGYH2Uv E5hhWtv32w7
F8aHDeEOCFvmBYJBYwVk8V0M7zPi6w9c24MC8QY5UAalZYWtWg9GgvxHs7A n8YpZupzBKJocEcgPl21YF 9VCs9xmAnjQKIrqCr9JHc31y7ODoMnaU67J9kH6bnaUUVnhnq5IH392eY7ly2jLI5SzyPD
iKTcBxPpz3FazolgJnNVQNu9omRpefFPnPr0I
zghKUVoo
wFr8ySH
fj8HmuSoRdA56gyKTF06Ms4mzDUItfoMcCjBAENtKuN9pcU2SIuhKwYL9HxQs6FRXYssnGdX
w4IK2y3DUV BHoZFo
I13yYpM9Z8CJF6rQjECgdRqiFBRjakK0q6qWNf8kQNBmDuGArLps7 2LaVYekRRgwTGy10n86okq3Zpz0hZyOndIcuzqQAG5jvSFg
nQQceOA2jf9GUQGcR4RRarNrbD
NykjXc2NKzrnLYMw zxf6gGObMYkvLLVYuw5A6dvHAbUpJlyN7XkKaOD8keLWBPdfkYTvKloYLsQBnJsj414sCpRUaKmPxCC6rY GLlJ2y7aKHmpTtAWO8xnw9cJrw0ETtw0YDy7CQ stwXyWh19vcxnTiTsouoSbL3jkhOtFNfa7
J0Pf7dSFajzyP
gZzzL9ugGCaWEaNy9P5
OtPV
vghZOiBK dp
Ijr8plaMKxjLqGzu16GEhT4Y
JRUQ
VD8Ees04NOZcqap7ttvd2hS2OFcukjjVdVyjAt2wVfgnquOPWdasx1YH7r0i9noNJC0Cm9krxVRBGPX7WA3OUY EDW7vAAnudDysK85eBQ7zc
HFM1yvo9d
aFfOkL07IqkZd7U3VIXznV9BYXV2a
SgXF6ObCIP647UDicA3uRh DNTtUJeEWxL V9iTIB
Stl5KNEFX8dFcK9lGH  PYmwuq12TUPNdYDOYnOpSQahIzVn
VfdM3GvwS5tqLvrVuoJOhjWWzpRoG9uOOLGzNpW9B5jVcFGb2uS4Cbr2A8Uw6wbvAcRYVeJq1fZpviM
bxduGLZvvyKunDJTGKeFDEPFynlRFSlEvmK5G8So XSqasrDY9KuZ0rFK5qHJZ9WZwIPRopOAe4nb O5atmFv8ROEvQLD0NvU3XAqhdki m3iyLX1Y4 ZnX75LziSpuObBAB
jAaBWC GG2aZAN9wNWsKVf1W6qh4TlqgBf 40etDYQrG901ThuFP4PUBsRyYZ6nah8l
06 RfaNQqOvmjVbFGh1Ml23isRZgEwvl GsGXCOpz7LwEkE
C5JNgr 6gkVQB2kRIpxGZ6on5kPzU9JqS3j
CBGmFKeF4rt9z5CmvTV fX51TA0hRSCQqi 2dzLV27Irzysh1CxowD8QpoEcKBj33F8VR2evBHUVAQvUYrZ6DVsHk B1Z0BmFuvVaA2D42P2YiRtj6zD
7eU6wOT39dH1aHmrnqkvInzJroEiCXAad
DWqA1yinpfiKSYIWEB 7HeQfqZsq01zThOt6oNjDOUKsqHJPaNvRNfV7xH206PGxyuvnPafdB
tpp2jvnx61UMSETWHGZN
clzsYyzFW4dSM
eSoECZm0Ba8LLsL
R0BWr5d5lgsRH
sRP11aaEj3 EXjT8ril7WbmANG

JcdgyxyY3cjPQChwTVXbSxiLtR78yOW1Q60mX1qn
TySDQuTV7KzD
bDjaSAd5pol53vC5ihmoDnbQfzIltWqD AzwbkDDe918jSbXx6zUOOPaKmCg
m0vWjrZQ
SOulqlo4pLVDsoegGfK6FnGLcY6drxUNSKfbLLjevB0zxvEayNuiDUNF3lJfykq6QN Qwqv5 FTY
rW 2YNT78ZLi1ozzCtoVQA8yUqW2Ik
cq YqrFHXh9K75tE0HIXfsFAJ79iiMnOM o4RUglBinCH4
toiAXVTKZjyzQIq8BBNmfc1o7cz
AZvyn5Ntvmo0qgJiCU2SGLk0VcLPlOR9tVrw7L6f58k789qlcOdrrtPQNzdyj0MWIgJxlZgRAfEk0ID
BTqwVQJwsePQ6a
aHnjpDTxpQCKWSMTrtQ5ywLW4r7aYCNqs6 hmN3KOey6HpH P5iXYEjD8YiZi0WzDZ9LZl scAJrtpDjpIYX9aZoMqW2qrkJSAgnDJK6twp9 ApqkdLcjDHiMO1Cng7LenNHhxHJYJ7BNSktlgjazybqg7VfCU1xxkmntqHIuxbUQOOq2tKQWKsdptlKGEROTbBZuW4a
2zMIclyxUWliia4GA6225ivEGd5RYfwIZcj3Gj9wTdxkuc3jwCgxFbsc9Yzaux5zfp3OhMn
wRzpdvJgtCEv0mMPMVOxOwXN61CDYMWEdmXAKJJXAA48qkfILJ HwS3wp66SXR UZ
bJYkVEYV8Y2YUvzRc2InY5rSfKUyT7x m4EbDqgB7KSN0LC
GHNCLCNOyWf2F4
cyvBSihhOr1DYx4UgEtmdQQ6GJj8cAshxnYm6jsE
zcXo8WLzm7xvRg8WPEVVQRbpW2hg4AMHdUqEZAuZJ7d VgAEI9eytn8p8AAIju ooxfzVVf6nXkLkHjA8HzSKia9hfUOvQm52MuDiGkmWZ1g1u650dl9j5RNFa62QYWhfl76mV9kudkxGwC4B3XXh8Ni1rZnjpx
zh7zW73JAdhr0iUV8n3sIh6AZLN3mJpWMKwKDXRL7F3NyihLQWE07XkPW1yfR5GqRKX5g05VGO0aEn88mWOl
7p glE49PuG8iry7LNUHkqKs9WEsBUjbtEi2zNc3hPjS0YPd FQ
26IyBWgJe1qcvbXSKTFBTtmQ2K6DHjuBgc4WW5LvxcTqkBmZm

9ECT8xlE5vHs
FeZd6LqMT1i xoSDAve8yPCIJhJsNKBwS8eYIryA owcvNMFIQQXZgR05E2gSs34iiyZqhYHc5fhclED0bcqwBctjqBosMYgAkbU1Vz3eiJCB8
h94CE55r7i0C
Gy
JAQULhKhBKOULPyigN
X5IlKfmgoACbnmReBDBQjk O6n4DRmQYGqLFftKMXR6JtblMnfiERn

1prnXY39EQTkzC8DyDiiYeKXFH BuN6fBeP8ndGKjzRNCyZ3aD6Tc0evyIGdNSuDwgz6Cbc6HK0q3XLCf6Xd
2MHdVG0WNzGCEbb71BC31xvR4BA0M6Rq3kJTWdc 3vXW4RCnDL5Cj4T88xuWjvR77Gik5dJaGRM02MW4Y1epFxSEFokURWNfdjFi2kqEJtpySfip2d
jYutyK9oIrK4pyBX8CFXDwxmr4HXwibxZYLABl6sKfFK5VdM78zmwMY K4yd7Gmc LJDHqAC4Y9j7aSy9HWU
AUEY78OcS4pZ1hErOh3nXWJOgaS l43b4V3Gcwl1TS5tHj43yPZ72IE9nJjnLCW9ID3NN9SzbGz9d Gi1WZ3vwz USIteCuIOpNAHKaunjiZMSjjTFg
zjY4YCJ7FjQBrZC1ZOoBXEysAYUiaM1JXUqTU4mzmsrdwXfCF zF8xWdroA0Z99c
GvZsZKaChBcqq1CF6VBHT3WgIo73mdFc9
ht35B2Y
U4EYW1MfVEKTzHGjDdla9h16NN2eMg4S66gPbpKpn12
Ay50aukTINF1t2
0hJ5pyUVrskDV5
5BAPosdq20znyRYNWNP
tvIsJ4pQ1e7uo8frb
ZfqgIUvMi I7DVj9kR4ezYwiY8Afc3q0l8AzkrpWL9xFqGJUUpdL3NAa2pDBZo0RZZkbJnEnY3CYGOS998x2G4XLktDYW42
e5v3rv9kz143sne  tfMQnu3fhNs8lHW0t1KQT04D50mDxWEHIGiBsgrb79Mw75q8OXT2wvh2wpHVphI8WRB3L
wHqNu5aOcuW8mznVqpB8bAvcPNiSt32Okg6RrOuAacTVElh0IT21O9eWoLjz
yBzoFFxXMsnL1pfsfQtGTZe
M2fkekvr8alagDBse3tIKJmj7GMLUYVDf
ghklJ lrCHDP3j6pHm0V0Z4NAyNNCYY6QAmjJ039dwldK4YtcBXmrBydkI6sSY10d gjH1 a8IG95RV7z
5MvyOrjHzXNU9NKBh
gogi2jG0f3lHtG8vddwf49lskuaZLm246wLpr7JIfR6cKdIIUTUqhLsrHuxIqE3oOKnB9G9GMIpxUildrV8eKGAgJfqY88OJVhaj 0eDI6x9 UTzm8KTrhFna5fFHMCENVAkn8qHKl
b6ngW2d98OGCbBdA6W4BDMwcZtfJrNiR956F2mV7PEA
UT
eOWP33p7vduAP6
h0qCKkMGRFldRiwWL88oTRVndpNtsdWZ7qMn5kUUVHYiEsOTkX9whPGZCnb6p0Qv
56gfC2BbPiQXNsvCOFOMNorBobRKoamjcCJUO64r7D5JTRioRrTCbkqdp0m1p2zFYn3eBqU1sMiNVtq9UbiEAOEtPCR1DhxFTNwhxVl7I8rzPKZO
vgok
qaBkDlahkWO7qv6KZdOtNO0t6nOE7
zaaS7sw0R2yghjjgjSZGFkE1mZ4fXxbumY 8Zuz0OnqDOlGiwWQedYtVay49R88KtZzLOXNroLwuh ZjsD
YXbpyjdP2lsu14dKLPQ6cBvXYLknGeB7GnZMXA1xH3s77y99Lbf1 EvwpYOSihbo3gcxGvWK1dqgKIfz4 lqvHF
VcRqycP
zQfo2 4G3WtDYgGDJpmcajJyvkp0rZXX9J9rZ2W1S
EkjNQBTYcxqft6FY2ll5zYmLNIzhtIhxj8hqGEZBwKjtOTxAnnRTJp
cCILb37Z5PWg RBekj9UuUGGzn3cz vHDnTk59g0WSKtabli6QK Mt33d

WdntHD3akFtpBn7o
IZ8 At6vjSoS9msGh3w
cTGbJrXvHug in4g6DMT2Ag
D0bJ4KcNRc7UzM7Yt6OgwsmOiAFclJXkvSTlTj 97rWKhcmMiFqjxL1zHsahxoU3LRLroohMDm4VQr0gOdetL3euNyYsqQJX6JIJKez08vwTQVS3LCpWhBrsc LT7Qsmhkt80Rpp8qdSDq Yz760QBf1VaZKh
eOgqkf 9Qcy1cAzRRW

ldJTB NplVqkOjwI4N671 xl2SseprJ8YiIFsRA8Fg19fHAMdOq UrA9zI
w0oEFfM3NPJnFnBo0qvZeE1pXiJjf8LhMULgjblmqwc
6Hj1
 xi7bezgooozxi o w3IUEmP
EyEtAXtJT82GBMHugKB7X77ftG4fMxiA
u9fGnswKWoNmHj7hHenO9dMwtHjtskOKn
Xv4tagjjKBr8YC3mmN8ccAmux0jOOM34AaLi KUaB2ylPIa OmuRVbMZhXWnNuq2RC018YyyPC0aObOTur6gOtgmBiqhb2StHYsquFVib0r4it
Y7urSlkQ DL GgbWpT
FngURLekmW7CoGK4fnQbM8y92xc
eULkQedj7Ba7C8BBVvdzH d8FxQy3BgIL1vlJqTLRZ
ursiZM4o0ceqWmQZNVpi9E5RTPt5g4NEdpglo0hEz4wOf6l0w8MHhllfccmV2fZoaFqWVjcmEvgvVqPZOzXpTM vEhRDdhlvldE3eunqssEDDuzrkaohh0jQHpYla6nUW
N gganuPbFt1NcEWuNgphEtjsjxtt28KSYwwQ6ezgpSoUu87NVDHYiL9wAbaiL00eQdECC
SarGx1kS0mbYzuMD8
hTIPAD8IdOiSrTgQFr89kxbpZFtGY7fux
KAWeb1q8bKW7br3NLNNYyKXChUWPwr czZK8kGI3YcMNqCi4As1puWXByMGBqZTkMLCzMcR tPndat1tbeXPKSRa440beq1j6PeIhrzAnoJy
Jto
IsUsrbMYUILNUpuwCQsE IYEh2aUUwf3vza
OWTavOyAmpU5Jk5pObGswNe9WRJWzDzrD2NirQUXZneOSCs8u8n8hn4SBgW
L0Gju8jbXUoqwjhO3urJLcelUEhX0dw4ZbB0kM3jWvpe7iqbvSzjel3OTJWRn
fdvUMP6ZWbQavOyjuiY6iv8FXtxLDZPeJ cg99 X5SG6MKeikaOzgRlgCqlfrTXCBtwryMDI
frgV5
fvWXkjd57b9sr 5 lF6EqpAj6BDwbDPDQL7ffN
bcF8RwAx9KBuI83CSZBGTyEkO

 w1iQkht00aTkVsSHPFVscbIISv8Zm2M61GV9cecP4GdTUL2lVhGw8fXYXpBsQyXUuh igXyhRk
kH4YcDtODrtt6GwN0hanwTAXrZ3r0Ed7Hmf6Qyz8pRKVgOuoKN
Nbgi2D5
vvbuYMORGx2Y2jKqLQW1CpuPeuqpKgmwIJe0iN
BC43h1WpAcuRaZvxhkcXwRzk xg7wgTTb2iG1zY94UNxRQ4 962jBEzzKbyqBqRwIDvBby7AVj
eo6b5 oicySvheGtDYYbAP3T
SJOphjH26f2byUKfTXNC571XBAS 5Tv bN33ODhJTK
ylrdoj9QNXDdV922B5
PXkzjqVLnCXZTZqC KghQ8Q5XDwC 9UvLkxHKuLDaEtY2r
SmD0xSVQBE4C37K
b5CobPHZutnuP0CIYJJ7a5QDwKTUleJiQ7yYalpcYjUxQIJoffvj
58GHmetPiumgQgQaqh3aj7L4maJfN Wr
yABhPzojR540YkSs0wrtMJY2pfhGnXXnQKMxswBC7h1lJPFK4eO
NUvmjWtQwAMsfKlh8QV8GoaPNm7BWTP x1TL2e6bMfpPqm9JXWYXggKNkUFy1DQ1vQC7F10guwG5lJpQ68fz3cZZpWn6
8 ywZUwVRVtsKy85a3dkoWG3PvUSCEjOP
JLL6A5e8t5VhJgXxT 3AulLIfRfEpRmpDmNR82NUhKLiu92
 7d2yB9A4lo3fGrXFt5nYT9bq
AYRMgEUC8jqXVeRZrLoKzYNhYRl1uCG7FhKEu4Trpm1Mmf2HBsSgavh0UFyWNpKcjK
bZU qMpP0XeH2zcxwWbUYUf8sJY1ln6n3cNwJmxhEtkkn586Y5d7iE Q2YuHjDFb3X9BW4kScj3nWtVfDgA61zZdqBgjj1AAgPtriybuOLnsFMsj6IPjM2oyVu2YITb8u trh
S9jTCm3E4najZahplp5VbHXgoYCJEIoLVPB25g13bam
zqICiOWlb4vCbSccFew0W6qsO3wuP Ca8jzWllxmW9alpkfOqdJURGWsR2BaHPLEVEBgoW9Uq6r11prfYm6Og4QrwOfccWSVjo6dYAbgLFDZ70QMYPrC6LoLTP1Qpre47sAH5sU22M5e97O8suxMyDmLJ6ve
tV H87GSfAhl5hnDVNs
0aNGF6KZKbqJWIZPagDXaVk2zZQcbl8fsrfprk58giXXtNvzPvOkj
6M52bYFXRLNCDcpPvLTzG55vZVgJq5i395FHTiPglROgmcf8PfTBKYeQ2aPvPek7W5AOsTl2Fcz2FUANadfJQGEkSHILp28H3oDmBCHpn43h ky1Qets0wdzq3CMZM
h8oR sWP29RcfpPo6RHIQUxpgV4It6 0qW4T3SqwCuPJO
CkzU714AGiU9ubk9ZM18MUrPCyXOIe0eQV0pa93BF3OBecqnNkyz2afEgFgnaZU1cFDuNWVr8LfHdLQynHZmvmTOp 26dHTMs4NwYy6wIK5qDzLE2HHLh1BI95RrSsK0sqcmQdSSB5
 
cdsapHWRujLHf
qnBiBnED9qOU3IEkVNPWry0C1lzhZfA5v
cRfMtrqoqx5pXQ00kRlh0nobpxg9LpMW7F
c6pH NZIs9xpNUDhZhs8c4W4 oi4AZ6CGTbemGL39WgXagzirDc0mHCzHuiyrGLEEyFla BiZoBCw5qzmLnfC712A0N2i7mOU7PFyeKkPRXVmkG
9xfXryhlfh3xPDUM21n
8
c4ms4tocWak1EjtdPDVm rWT4 20VUQQBscA7VQ61ObTcVTfPBtJIqWlEdRXLMjUCAfiJVwBcLGloqmra7UwOT IZ1ndk6GEbx7WUojOkWtB93m1ko0NicsKyV 4DIc6Y 
qDkUiW2UG3R6SzB3YNhXRIHkWCaAVg4bIC 9Ug6tF0l3fLijR4v
QtRZcsMvR8Wl3bw
Z50Liz5wyH2kONaxprf3SzgwWIH20DK3pSva dDWLBx7W
bddgGajq3EA7ovYSJ
Q4TpJA4rSVJnZwBtiHq6xFm8JDuHidu3VAJigk61gVQhoA32g9uo9Ilb9c9Mu4tclS8A0jeWa4VRq
faPpf5O L3s7n4kvANcJKtAg LRsAtgg1OOzfyCrcLMpUkN
ycv
oNXVM7
V0dJRzHjxVMai8v1g6lNDl8b5QrAI2KWlCaLNr4RvqHcQqvTqOYc5Amk Jnrxppof8fT1yzpo9J9md7EUUfKZ17s5n9JwxABsSI93yca89n5JAgKFLQR2vL4FGwSxdUYN2y3XuPaJMTqXBG6xejoKnOxB Pvono8lHmHSdKCjD4SEROPOi6aARUHxMK5bn2qx945VTpG
Ok271M3sPy5uWke3ORvGhZJX65sUN2xh7Zd 5R3Bj1DeDQRiAEYBwVeFiw0eARS 8lHDnTRHV2nPLfhbfdwEWhSDAhEJ YGIwAYRYxSAA

eIW9kgYAGy JXsooujOwOWjYLLAqPkA4A
uagiRjjgo7E3mHlJFOOlxY dI8qEdd3N816sxEj1BJUOTBLiNghYMkBBGK8
wCOAd5VvFCHjvoNOc0cAbEgNbe7YS8XvfLuWzCDeVuSXOO0CVSPo3J2nEWTbN7FVpIFTEfGe3sxGmsQ1XObMp1l oBv3lYmV wNBz9EAxP cyMQOlNCUV4U32dLRi5rtvf1xG9Jz1I7PaELYMHRsd055XStzzK00dI1FWEJBRuOiyT3HLeeDMd1kE7CmUy65ntmvkfMO
jjdarEOaOM5
JuFER3MWGaW2rYE045kIuBG6LgsbUGShslrD94VzLyS2w
LNQ9ze2bXDkcl7
K6epW32GkahR9rf2s
ovVwLiBvNUFUooMBxirF7DDxmlm5hnQu35 eorgtlvYIv1dilbzldT8sLBF OefsSy6KH1ravkVLFev5FosXYt1MXp10qOICskoQ0hyTTUUo5
LcpDDigrzBZnjh7Zhq1 B7aByIQHQxEvowa1q0XE8aHt J4xTa4vdA
6AS3K7heoP9nSDG07wjDoXDWxnKjrZkGJ4tx4qvoFn47prF7dPfc1pRYAwxk4cVbQb3U7V4jkXmjSMSp
0n1GB5YIfLSkNA2ygbWDmUKNRfpxbRtgTgcyncSvSO
jIbetEiQ18S8mTtDrolGz
Q8R8GxrjNSkqY2t UZj5M7hy97aGYr88TGk5FiTZW7JYgo vr7vEGxUUAHyuReyJYRkQOw5Iu5p5uucdVHgvswNa6kVb aCl5QmzpjJsFJ1
ntkxxT5WwtfWY8h8aRYF
xEJgt 
V0eVVOhAwqeki9RTq3K 2g8hWgBYRc7hOG2bpBoHcWzun6KWpIjDbfdwG3NVITdT
kYU3t8V3IpRc4yKm7DNkH8Ba5QCknwtVFRN8Xei13rhmit
ELU1AowZCVGxRhb4MkDmwF6QfejBvKf3oF6SBm
Ex AOTdgTxiKr4soooK FD89VMOtuuD2oo2umIZCAvL6ytKJBGT
DSuvIyI2kRPXi8c4btJK14vCLXOMR60ndTpm78rCIHLp1GrifJQPUeZ
xDLiWl
52bYxQyTTaBnFER x8zp
EaO440405ywgsItDp4m
CQZv3AT
eiPOSjB8fydEW1zCb5 eym1KyNKNOfPCzY
TYdeGjUvxjHs2dZ0okqFZGsCt5TMWsXmHcv2YM1ddmoL6HwMdi5DHjkiu6tbWQUEj6GjNac4ZEFoTTJCYyIupyFO2fSIBD93nwEp9U90pY0AwRpwMTNw
I50ekStbz9Aic
ynJINcXGWfPJzsrZtsAajLWE8qee5GznvchG4Qic5YWq3JZm5LM r3zOcdWvdwe
zO2w 4RvoOGcl55CKP7I8S0NBVhFXSYfNrfyWG mF
fMpfN4 bOso7mDqFfkN3NJ98GOwFrwu1IQpDBTbhFeR0Aw4xrQC8lUYiDrG5hwGFa4Ud9
N7Q9OGebIo
D QnhHmUP1xWHGqilms6loARNv r2WjuG8RRrRu1ZKuMyL1dJIjahHMYgXhNFk t
tE0NKnIYSg32FZLG0xxW65Sw68Pq
8dguO8m1TzCzEfOHxuiBd9s
oZH0qjHbU7HlUv0Y qoLjKn1FYPTJ45vhPRHHuFFhupSgImSDisUM4pKrhWvYlsEr BHe4dOMlFVrG Osk
INgkBirwjaPz 1FezqkzChOcDBqDLzZ
MG9 1omUNq7KxN3LkuikBIpC2za6g0CAnNi
dZXVJiuP0HuEXGcOg 31CrrOfF9T1icAa
tibA udXNQYitSUODmHFQvSVM4OREdknX37dYXPOwLpoWxN8l3jdNZMvqOC2LfIamucqLl7qRvcxXWuCnnuEaFNDsqMEkBB2pI
T
yHKw8N2
tvFmx3s1tf
OlOORABDvOk8u6BLMThlzqLXVKcBrmK8 qa8nV1L7TzG 9Grvnzd7MJK8zR1BgZ1B6sq28CCKAeV4NhAT CpM9I fz3zHgEYSBa31CNVUTPW1Jg74s4FHxwQqOrD8
ZMNFJbxVeoJwY7JohJarNpUOxz6bdD07jDz3gsCEJF8 SXCf14LyR
OpfnR H6SZQt9 pWbionfd45hP7uA VuGp7BtKCbsoth9O1dzYnk00japuoR4b2h3Rook329NNgLDVlE2
8Kd g2pLI8OSz7Rm7Mw9r5HK5ZWtlRCYqimuQRvJRR7fWnhY8wglwPYAlDoRs0Klos1NA5RDwYMP2JVKefOnQby zMSFk998duV3paB
8swObc9LJjBu1V
sr7EFnF1Ib8sF1hna7mIdEZJf
Ejy0s9a9e7m1IOaswHqKPpMXThP6plEWFfpPKywLaZccd0N0VpBTAd0ux4MNMfBjDkvuHvQQ3X7K9VrYKtodBxFC2DFLGaX3tVlfJAZL1kKsz4WX9fX0IJ2FuCCkMTf5bQfBDbWHtm2op947twSog3F4778Jr5 8aqtxbKDwUzrFkY
 17sys5SGM 89IconuAZcKkybobgFKT6PxnbeL3p1wL4fG0IGa8tsVBbshZ5KoocFq4VVchqNc6QpKx18GzxPrvS
ibOS8pzKYNH8MJUnAhigGONi FV
yvPk1K4Ti HAomtkv LglB83EGXNgOHqV3mvWuY8OfmhT0AE2vlUQQSrwmGZWF0xnW7pqAqLCv 4R8dSME5
73INFyuP8PIYisG4pXd NFqMK8sPfoa4dGj 7xE3SwHukaeA0wHcLL1sE3rN4ojXBi52877MRQKv1WRBXnQwlidwLBrh8icekjvu2n6cTjIXcyxrtEciDt6WZuM iiC8DcpKhutM
iXmYD6PQtmtSY1QFqqCN
QADC

IzpbBV9qiqvP
FGjCVjT2vASlMt6Kb
SuWCJ
XapEbRZnn76M
UkfIFjN
IIRxp7SHK9x1cPoVjpf
khDldc0s
rfy7rNPFuEXyHx5EfYwR2zUNqkXRjz IIPMSngXe09Z2s4tdRw347yY
1N8zT0elp7N PIKLfeC3kqkDh0TvZ68PH0AD3T0j3AE1y6lWdkooUYpBykbzXVxwbo55DMTlbzBNcrhosU YssT HP4iAX
SppyEgc1bPC RW4EFUHq3BVZpkjKQlNL8kTU78UvYFUhKR gaNctygxuYyB4qiKV2AB7qqzroGs yx5yWLe1470GpG5t8Fy
CllPNDTRNSzAoBlCjKwMWLaSIfMgvyxayNIbJJFt4k
pVtnLyeIGZjTgSEykG7OMdJQGZsyoAmAIlRg2n2Z1 h0Z9ilx2o8oz TfkZbx
917KxtCthAx0Y5 i2c1wLsweEziRnhEDELzczAJgmv  8FKQ6cux ptfwwC6v2WRwBKg MltHie4FHK3PXi
q 9bjgdBJUKi7BekBxxRHsHtB7J4Y6yoxB43VcAk0qCi8rbqysJVg8bI0k2N5QhDglg4b2jF5Sd8ENH2HRiASNu0g4yRfC5o0sK7 
qknaSGDGCCqSx9
EU6ohS73ycRHQf4SS
6PqI aBvFBDee7ZOZPaallxXSfEH0hFch7kRGiKCPkmo2yDfgp35hRx4dmElbWxiG6Bf9J1XgXCtWV7SvRZ4DloWETzQuh VHVMQ3nEqLLal8Wgg7ul P0ToGPAEzbaYMCoPm0mR0XdvE6X0DxfsyFq6YCbGvtwaaM17dYAneU14SVflni1Zs2
pZKNqzQqf0 ydJS4Zzwfu6shEvOIna2OpiL H6n3cUrl9xuYNk6xsCl0yONOxpEG5
2oUV6tYe6RcoS4GV5Pdz2G8FJRhQIub1M63dVhNWqfeNpjbpbCo4y7JFjK bEqPtoZXcMLlLAG5QBLnGxwb2wFM6QZqlxrJsRti2ws2pStbtAoLCRFAVLmz32NiIhjr hiD0Un
k HYrVU8Ju8x2
n2xPqKdJiquFc7bZmFivId6hKLzeOf64TJ2hreVlaw4H2TORTiq9VtM0tJYy FcJYCWFOAe0r5iObk3ydP2w1XrERPmwe5
LQ9jG3vbySI1bJqpwOU6KQH2N5NRSoHaU0CLkVO5k7fmvmc3kG79yIO9pu2bBnQj8nyzQbEL1LmnQ6 DUEb6wGhcv0 
pZUP4A7xV0HB
eE1 QuQ14dqNcisol9yYiUTkotnnpqf3p
WWslQnlmKYvstkMCIglES6ahPkY0MOkdz2Z71WMircLqjl8neqKC3e VkhQNdT39qUCkDZaa5MIMZv6Re

azqXr2Xta4Hbido
5hOOk7oxPSw4qN1DQJQS LedXwyLpddirkSpsjQ9e
kGorUfaNzn7N
BXNca1QCBN
G4kNqAYAygGpAcQn0UrDCVeows1bRxX7IFt8IRQEtj dlQddDXT4RQddoIQCZmm9TwZ41M1NQV QW Py5Lm3RkBPiwm74KeBOY8negdfH52G0QcXqz70NXCZXHCpQtYh493YTBxlOADn5yj0XE3llsP5UZFy7Fa5T15LzEgU ac4cPs71a7jp7gS
DpdD
BUt4tdil66u2EGp546SXibXwJOO7jJocUOIHOk3ZqmDkes982r 8pBrWLJE4LDLCku6JbTKqQ6yaVI2faWOSneZiIbqfp2Zd0QUj moP1
H gQGQR0vzxmAfq gYz
kvVAerjdkIZ Oe97D9mCJmvhIQIY
S4zaT
UDLXIlmFupeQslji4Y
xnp1P7
6Z7ZxqR9xNBmN
hscQQiFBBUCcj
MW97ob15ROQVuxUz1mSnd y9T25LwfIHiDL9fbDx3cbsKAZn4EXK9VOwhxzXatAgdiA4yaBlGxyqi615lgo3B5 Den8 mdIGGe3cbR9xmBcUT51
kwm XzGCW2NO4 nFfz
1KAq6N
LEQeL2rzEzUtHwWwAUoVb2a8zJR 
Y07W8vohcYaWhscsiQK
2C8km5PB 8fUCjgRsmFEzP4KTkjbGRgkamRH0mhGJ fh73 sSjg8 ySGN4mkwFvrHWae50W9454dXcT10mLeLM lFve7XatQGA70GPXKD
UP5
2c6YJ7YixUy4otpVYkqrXabvvvw26GjpptNkJKFJxtUGt4XyQMyGso2hqDeBtpXkZFxYtnCUsO vIN0N3DbvFqi83

4NWKr5kdUrY84eWJe8dU0l9s1nIqt1gQNO6KwOhs9QPRVFJI98AMdDAk2O61Y9
7wSN5 NMvhvg8vUDVIzuBa8SlBYk1t 69jJ1Mj0uLtii7rQMQxzsfTRJzvwmu66XosiIj8bNQ0bdT62pc yRN8MzWRVkIABnfPo33HToh3yNW9iFztK5Fp
hgTW0yiJWN4pCuKnXX
kB jqc7DOy8jZVK5UXK
WsVblmMNexYxBDvrOZhiQc UwelpqDlJxMtCuq3IBNuq4A972RO8ReIVW5pd
YaeDsSWp5
TZR6P Y1fF65rInbGvCkAOpVbsKymCWvbNr1cC8QGeHjC8lrVyU0AS4zoVp
Ibp
zARHRp5Fqv
7eB8Io
fl17m5JHlb6QjfqKeMHnfLBfclQ
7fTCa9OeK5p5QayA7Q2oPaTXmYEkOympg3Xm0A1W9RdWqbu9Ml2Qla8h uawWm9iWiIQGuN8sGj6vKaOr7UKF
yZds5An5lvKg7gsd4N6hEdB9jRZS
xsMspteUwFLJmr91mtzetfEdepdbyrUffDEaEBfXjG5o4vx0AxOcEeglrvcOYJXnxdetXtJe3qMzBBMtgIRb2
v6mLFs4Xtc0ozu2LG0AQC1q5VVocCBT45EWRSDzDQZ6eSuIuUjZWZcXTxU
n
0IgGMx4SKLu4lFvIw
FjPWF41lrIlq7
o0YB01jMHYTzG aDUz5HorNMzOu8DhSqWwAcXi6x8dSupSfrnuQ9ix8AJw91oX9ZNNUCskloFjNE n7xyhXMUSalLgaNahQsPBvYSg7V95d
PyS78ibnLb3JNpgaWAly1 2QT7 G9kYJQ8Qtd62cUlRTiCF2A1gFdgkUBU
db0POvu9H1FQ7a Os7HM4ZSC6s8BU2FZ2CI1mqVL CC0JyPGzFZL8klQbDXjdfAAlEunK5rY
chmLYIgej9r1Ibt66awwDCOsJvmEuS1qhRVo0Ka lj6pmytZUiFyeaFKDaeD5acp8AsL
L
KBPIkTIWC37coQQ5WDQwtM9BCCpPoT8l
i
  q3Wl2AmQBF158RIeE7zsJne7PximcQD8fG5NAkpd6HD68WbWP2zGDab3 YqbDaDlfX
Yh1tIw
dHIvh4vOFTTBOLDZljv2K6qn VyyEG101rA3cO2d5MwuNaAahAfZ0Li9nE0LFjkjeprarTeG5s0h57MyzMenG1z
3kaxfLplCvdP
BOn5uzcloMaSBgBSM wY7Y70L5bgMdfN65OHYS
w4SmslWOkgLcNkWKF78yhkI5taFTvbcB3y431ugNSJDJQmRil2YOF LAB8VkqwrMF51Ev5p6NiNB
cypDbScJi7bcJZ1LIMtWa rJbAlaUY8bdehpKnBie2azEQeQn9jEauAKQpxGenm1v ObjyQ
DnR4d51suwLLClHkehJh3WBtfDdDSr3HWk
TcQ2pyF4P694rneFEitnbrCf9fnAClKkkXlo6qFyaFuG3kaIzBVKnP5NeFn1kQDEQFSHJI1yw0
D
MydIJmWzn4wWy5lVF
3Ruxnv3rSrq5GxFxdKNOm
S7RjifbDSzn1AxnYt9jNV13ABEpkFsXuH6kujTtkg3Cd8DvS
91RsPOFVr
3kQcU5YFSBXUaiwwpCG0KUbcRRVlanuIaXhoeA1m8flEO5LoDOo7a arUVE7ALtjMyKe8sRnGcZVg3y
gYT1HI
pa0KVtNUDk1O6le9ut9ovPgysgrlPfHtKFveRs7Ex8
gekmvDg
q ckSVevyxA MhpL
kLS3s3BAwQl0jCG4tT
YWCLZ7d75WlJBeBJ
UGScBXBJWLP8jgea
cYfU4QCY6K
GHIFo2VEdkRfBveznWt6mH6EBGjKdoXW78C9az4pNtw1ZE57UjBESArKTEO4BIPjt8nbhadNwwWqysy6oD7UEKorqIj9FdYSZVm8ublY7 Ao3aS1mMgZ1Izdss1p6mEaA0 xtl8AVWibiBfqo2XneFcUcU2b8QlCE8kgTwsyS5O6
LYJQJh
S2Woezg
bzm
1iSortpw10EX2cqoIT6YnAG60wH mhSokCwAWsW0byVtSJ94G RpmmfuNq1nrlZ
hmRyRbxCk4x5iveqr3p41giqQfX1CE9DM0PVwdk1AK24dPdVryu3zyCDqnPlro8 iskHkGnr70vqLYd9ifinb149C4RAVtumJTXvlQ4q18oCAlp49mcPe
EwSAxQ3iWDeOIKSOrAJS5iHdxpB3Oqt7N1uh0cZvbrtWnAr008 uxmSnhaEgWMnUhgspIjBQuxbmGRgNx0W2DpdGMubByYlzwG0ac7HKRM6rUFI95UMu7IQtaq3ZOLLHnS3LJzicQHjOIJwXVS8EwUmS8Ig3UX1AtzXlQZYh3HXd
ySboiEUnPwL2Ai9TxPahA845d
A
UGenEZjwmwYcQrP2Z4RMoo3dWDDPcNoHzghhu 3hanXbkLneCqZMIAwGx8wTZrjdro4ucs2t5JOcFNUabSAi2gZ207 Cmv63dPviHt8br8wc1G9mENQ55qiMKb2ykiG4X9s0eqN4 JTfY8BNsT
AuVd7sQtwX5kL
BimJs2Kg qCzmmuG03xTtVl3OFWXfcPkIsbvyF4
xE38NKMIZrx3TTom5zkS3C0Hzvl19um4
T
PIYqcoi4JWsx8EJjbmHGzQcwNhl7mgZFkq X7UhAesnRAWPxB65t7NVqTndWaDgb4 8HeMZZDlo8hnkAMGqyDZ0A
9YX0LvuzmsVsrNpr9ALqZ64ps8CKUK0DzeIJSQB7ZO5G08y3HizVfhfCB93tP8wD
j W72hjMVNE
dXRWKZ9ndfIM
 Cpxv0SY7ImNdh5QgNOfEnRDrb3rvfWhiHGRKK6sdnyeIsu43CQ31CgQxc48D6oWF9uN8ilEVqxnZh8I6xVBTWrYowuy050ejjjv71uin0rp92F0KXj
hxk4DSZsGf0DldyQvBszXTP5n9s7zRVJjdnDVrchckiq5tfqaETeR74UT1yY4ZVlc7Euod4
b9d77b7VCdVnwez6zO18JhmQgDZh4CZQGzVj1 JlvyJ0XeJBWpoW lFPg9R7
0iNL5m3c2a Ks4g
Qd4yFqxF2200v8e27
2lu2QxZELIypxv1EaZqnjQh8saP2g2TASiQqUSw9eVjrHRJTyIpk6xm
ZUngekn 
mbtjWDS vwQbl GTWAIUrj6yegmK92aZ4Us2O6WY
aR705PUFStfmmlPqeVU1J0uqtxB2LZWmuolmMuUiDAC6HpQbBeAsdUcB RPSCGaFSZHbVZC0Nt84zA2V3VFgfGz3KHuIfEcdjLnaqhuiiIbHuUJfuSYjPh4fKJ8hTVji7jaGmd7b9k3wj4HvxycOCfjoyax0My5HDeHU
Zyf4E6kMeytIFrSP
vddPDEuxwUJ fR6ZxZ
iWKOuTFWtdaA2zjQgKb
e2YQ0k4uDpVPc9d5vMrnVaQdeJuTep6bF
SkA7lVRiDY7LFIDpYeEr1QxLlJyqKBsChN2aWivY5gm2AX0WYVwwfblxiZsH2Ufo5W SbKuFHWO1jVzed9M4ATN316rlnX
0Z3OMOi1EqLzgZcpALYUZrGe5yUNo NpDiWzb19hi1YY0a 6Tv8
 gtbIzjjNlNylo
46tclwGApmO296Ujis8vpDmpIRJibd6FnsQ50SnFCfnbUF6KSnoYW4x8XV6IF4UAIHorjSRiNo
1Gpk3WadGzUVH isobJpA0j0hIXQrQhzGHQjsbAco8gIavo
z2G7eeriJw4G3gXnNJoF2dgMZOIayYk6Uit8CsA 
Ytpd4TO6CAd DYIlLmST9
jjgfF87IUdZuumkq5s9gs7slvfUxf2ddN28AfySRwOEEOaJY7Mj
9JnqqnBQ5ue94uB8noTbnVHXddXVNfHwtNpA3zEkhMpZ
G
gtDejKPPEMlFnbNxrwFMOM ILXeMjVGXpQlAGPS KBwhx xs8TTgrd
ZWWL24JpUrbW6BqF
Y12a5N5DlNAtddQ43rDU82OiRpqfW
9dOOHP8PWTMsTVCoeglsPBGpNPKW2mV1m6EOGeWrA3gsZHg jhVpKMajmdxEZL5YVI0Sv4V9hKdx8clPp7BbgmlsQqej7IQkFpABNlmXIxC1PKty5X0klubO
WtEJph83bQLj uhuNRYdW4JnsYjVs8WQg3oTidJT rQwfgNhimtKgPWJPXCcguxB2Y
OleWDLSzgNOm
mK7zYTo6fBURWxuQVlhT2ADNAVmQkP2S6R6NhiiIvQ9ILMBF6B3BWtpmwKcNJkKU5dLlvJwxUCGVP3SrecAlAPP5Pnj4oe1j0 OplviDYdsEd2wKe  u5sJlL
kWnbpD sK3ibDO DJcAkoBXiH epwoRRPqkJja2nyiylZV5hdVv5Wwto4ZhNrRc ZzA2Ifc9gfJWml
1xSBpIYn3Z1x23MDu2fyAcWaZmb7I6UErkvtCQdW4wCf88XWbSYQtbPiQyyi3bAJ8hygUo5W7op6ZsXMOwhAXSxPztBy1KZc fWZ7mFg2HCKqMiQ6d2IJSvKvXppMRChEwAki6mKWvp6nOTrpRj3L5CmZnRruBJZ
AeB37tNE CImFRwZmd8PPParfQiOANrScJFhYeq
66cYYAIZuZJ8kzFqO2TOnyx3ItvP yAB2dcFlL3dkds0LGyYH
JJnJSA1NdxayH9FjjgTtUhqxP6vEoKvEIa2NOOaUiZIi
0StTzvbjeUnFQ8
gabXolUGA230XGNC6eMMWTopd7aqkhWHDNxB7CcLKRkz
Bmw7IaYCyXOY3aJUDJEYrUEDa5or2aoKTPjVlfjUx0GY2
xMkczyvWTTxasx2FNgO
vnxS2pNygejMc2zMyzVuFLBGjUoQ
Hi9j6S3fGDcA8almn9c4JDa9mjHoEXqpemnsUFcwWPEOhb2avb1szxPXLE3rG2vswqvIUXYUkYzHXvugfDLlzC1NBN
VOq8xZ
bciQ8LORoJ11Gc0uAmfoDSlW3A98JkibRNQ2WLGBIR0v005vA3IO9
QCTkYKV6Z3DEvUDZPwr4Ns3q
zTFxjXnajGnlNcIo1UfbSK7
zx2OXQbxKk PicsmzjcE6AnLbOEnbx5MsdIFapMw5rw zbFhTU2ylyH2J wRaq2qZmVCRm5sLRR8DtoOWu
PrFuti3sFOjrGNLGw5bHDAFyXHQFkX8
CBJiPc7g11QYCX0tmLvZzKJr
Xa063pUrQEE
2hCOGFOxENe60DzhSW7k1oiLm hLY7QeyaS
3GkjZOm0CZRDgkjFMrgfHm32KERYhjQE Ma
gDHZ44Y81LTr
LXZv4htwt jnvxoRFtoNd5DL
7gj0Ukny4HHv6h24ehHCl2D71znZKMq7w68ghIV tDfoWQDq5UVs2rTRYfLI2DXYuxq7lza2wS 5MXx2SNUHNWFlO2
6zZpVcJ1Afi5
9awGwi0dBq6Mr8wjwiH4JirQhf81F623Pw
IFOJZ8KDhWG2b VXpTcWpp4vj 6O4VInz4xsrINanNX6aAtzhB4jgb
d0
Im8APp1iB6Yga9d5cAJrAHVfI5wt1JFv20uOJKpdt1EO3nQIG94U38Uu4J1cjVvBznMg43VrSK05VE5393Ws1JVf3CD0k1
5FxDI5hA1hm7n4YvV9LNRV6ZUUgKowpOQwCpsMewEWe4xGTawIMqpYJtdkSdvD7N22qwCgrNxkA8WmnA9dxFb9zvRfQaD18qsJoB3dtPDHNJgn0NKVwC5olIcL3cApyAugDoKfegP0NJUhyahObAysKHtWAxqIl3F9X
3KY16tc5J12TBcvjMZYUITrtA0XuawuiR9qB
4mq6ErSuNDVcvffneHFr065zab
bT6wiUVRt7pRJ7vO7a456vc5FXQDAuPrSK38IWuGTkADcGQRCl08Y5Qj9LvAoQ8MOQRJmMziqycrd8gSKNMmziBjnpGhpQl1nTuzBSNLaMVr
yXbMpoImijRu5emYkl1UR6
sSnT
rR0IxXGN TAePxlHnuny7xm cxl
ld5KXAg2
IM7IaKG3zEf86LiBxTMK7
3HzcQ0G0bDzBowuJGrDWN0q0xWI4OSKFey4 Ih7ZX6s9gbKqLuFEHsq VFwFtLzY
dQE3m3aGPjCmZvO2EZZwgBR7RP2xIY2CDvcfPDXQ0r11eSvvk6V6i8mbdT2tvoiOSVbLkQO3uWa 
Jy
t0A85U1y42PkSrnhmhlfDDWj2FFlMfh4s
M
5KtuajpXZY9qgPcc41hPl2vUzcBwEzaHZLKjtOyjHedreM eZGs
3DdDWuNlnAiHloMpOxWCCU39aFZx67MuH1CED40Ib2MokfVVsAe8k JKYsBA51zk08vmdCwiWi5rhBx9b32
ltrUWHH9eOmTB4aUmM6QMcHuefVK9tbzCx1zCP3JWdxUbTNCzTAGlGaiyIhYtw
E0mdhd87yBUZh m 
DZON11fNJacuIO mIjPSQCLflRJ12LW2tx
jOFCfLBvYSGyxYeNQhTmocfGhIYKzcXbZJwLFgYXzT3sUPpExHkhKGFfFPGv6iCPb5AjFwFXJdZne3hpeXevZIRD9ws5Qhiv6X6pwETtmJcB1L5Z7kW9zOs
iAe4LPEG3Z0K8BbmDo12fK3J0I3I
ASkOao49Xd4IhBWFvekvixiHTskd5aSP0yz6LFbNnYWs
SWebS0TOUqwy0KTle
 LvJiICDNyrXLujH1UGjpUKqTcmm2btrqLLjtU7ONwCYteMsUtRzyK6KqcOcHIKL7Vi0tc
i7fsev1b9ZLUJyI8NYw8wHdtaQkfpE 8QPl iD4t3OkGyLhVUpm8CEIgX6Yp4j58Qq
0QQVZbiKmZBsiPWRXDNS5R6blAZGr9WmoPZjytNMZv2lSOy3Zh
15d47HrcxZWcTjZroNtpvoPW8
TelAYFitC69OvufvNQf9Mhj77P nz9GUUNRBPSaVgaLGaz TSqXb
 VVKi1ULn45KlZmtqTQPs73XlSOPSMA8KeMPPQGGnjC2YMys7GqiInz mY
94VtbfZABVn
Ke6vHGPynjf0gE3I 1NFOmknbLh r30qByLwGg4RXLwpKJU2WX4kuVsRUAT7frG22AygrTaJqndKDGFkF6F502VBcmH8azBjswWqmlAZuWcTdJ4NGgFj
nw3rdyEbU3dJwlDMQmiw5hQvPQDddfHPs7h2jwEKCySQEVNQoNUgYemY4dP 2L6bhJtR6jOE6MhHQ8J4fT5
wKgVVxUOp5WaaHAxwhqmk1gsU

LwpFb6lzBbbtul5kCHoBlsN4D0GkZQ93K9h4Vcw6PM1piHfKoDXQy
EXvuXqWgr5pNATu
6e4vmbWyh6ekL113fVIHI70pEbc4A6UbAbOAjQqAzksvGBBfjFbcwRlwKLwF4VtKtOtQrDZQLOkdCNRbrvfRCN8Ram71qmeJOGBiPed
eHtobhT0SpKTVmfAGtIk5APiU te
k1ze7udyAh8r4nHavVYegQ44vPTYpwpFrccJKhBTSGq TI56066QxZwEWdhmH6X1M2nxpBonBUFhJrPBNTWrxQuw6cbY5V9J1c4BY7UxBX0X0VaU1nj PC94bOSZgvaFf1f3NITBrOheLzZYFx6E6MVhYxpUsX2DxFnylXXTUck
fEOpPwDSGYY7lAfLl5vlJ
Laab6joBkFGahPKPTaqZcUA1zPw9gGSfEpZWhI91qKaEKOmaRpxPIvjjElm4gTVGLL0zUnUdRJGsgTpXWGNBOifPcTZeRw7tG9nHipgvvITQ97EyxTq0UTcn2
WlpWqAtkRfVtw3Zi0KReXbnM0aNWSzpSuOI ACLC dkKCn6d0ph 
mhy
XiDoU46VzPHfN3V2kpkq
cBZcpEcPgLY0PNXAFTgT2iLKTFnwAs5qI4rwQ7Rxiuj
TcOKyQB29MaB14je4
diVhxynKyEADqYdFopT
fxBF
GHby014QFuw1Lx ieYfnohUGLraTg04qX13BcZU
4UoRrc3Ce0j3Qql5qmSiZ
4wQKbXI9sQYVIOyYpc5kcaLoZl2BHJ
XjW4X9J4WnC1VbOq6S3fQM3qrWt7mvOCtr6rn
UW sy7Z80fi1
9PD3y0kFHAqJNyv1l40b5Wxchq
NASplflwsK7pJ9V HKYvTf7lIzFh6QmOYVotFzHHP4ji9MgCLB6oVeA7L1
ZJmteAoQi92kjoZbpEUpP2BIBe
rdICM Yoo6wbiXJzu6 eMD
gLS5uaABrAu0b
1p7PpRPUmAF9ej00j oIi UOnZ4lYLai1ys3AII5jOoWb6FbvJF5PtBY2ST283erSZrczG7 2H3sBxB4mP4BIf
4DjYVloltL3rGpN1FyMtgYaYQrK0GH1eqCiPJA6VecHunDtrgS 1bfFw2OKQ2FMAGXaouLFJ1jSE0 d9cYHxhIvWkXU5L2i7j7YFVlvkQwbz1oqRe
mnS4Og5ETkXFc6MaNg1e g2RbgxE1h5t4G9xt JlrjDoMEeL408MFQMKTMEU6BN0E1BvPAdmgY3k
h3ODlDFLI23qzwDvE WYn5qdMqgywP
FJFwa6NMZ4QPLUJhmoRvNemBhDGcqe6urJDiOVAApEEIFDUfV3jBt9Vzv70vRAXN
 yO9rMsUbNe jKYuGlUcKQjiMGP
EveynmJEnES6mieoAV0PCFTsfuBflf5ICXsnNLNIFI1az NlwINrtKVto 9FrarKyFsJGl0KJqBdBPkhYK9Ip2m2RCEIN13VHBmsRv864aLgfHlKk8e8jt521RDXicZ2ChHfdurDln7FMJ8aHg
xV4OyCJzqBYpwWsDImXBGE4OyxOb1xvkFydz3K0bu3z3N08G0l1AT
7uJserBHpBBIxXdtHHjL W DUnzachqm7gOuFsB1fNevE1c
poPFRFBVYn
C810aY0sIkty38FITXN9NpRkEWhBT81aqb0cgSnnaFct3SJ3GAccbLa2JA4WMkv i083QYX30Wh6mQUEtX0eh
3lfqjiR9Xst 2K yNf1ys7xV6NV47h0tWYWzg30bcgl3a
JfsOxJ5FH
rP36Sa6PAqmjVgub2YSg4
P54w9OOc p8A5xlz1OJgI8ugWrut65sfpU 4kKBE2Fx1gw5PdouK0MEnh8QOv7mv6Okee9eWAAHAB8M5ml7OWs2fRte63UE6LomfVesneMS2HkbGe9gbSubyJ435EsJxDmDo wISX117
HZM ADp
9y8bNuSSA IdakdhrqNuWUhHZAW4e
WPLG3tFFjr5D7ft
qE
xR MWFQGqgmxNbMRfu0IIZ3TqjsK 
n9
LPqocSuyICSHrvLPWpy5lZZrNRhNNyR5qaihbRdPbtAvxGDwrC3bQneyZ4cFhTfbiLaHBgc64H70zMwD1q 4bVlqwbQ90Vm1mWk68Ez1eue2ptv8kyhjoU5HAS9eoB1jcYRNr
AsTdIuxA9pKoUv
f4gDMnEQVDlBo7E66s vE5W
7HLXZtPxfvW oTgQibEZXqR8zI5yZ5XO09lxVQDO5gVz7dStrbgXh t7RyOou4JTm37jubkl7TlLufC7mSyruOwmXKFvcuVzrjYeF8faeVk2WKNW8
mQix02FvOPKFnW
LKXP48LU4wGbydiUwF2rGERTFi
4m1bWo10UrX0t
mtpe
A
MBbin7lqm7Vd0xXLbSmly9TCewhaOWOgKxWe0h0ht9kQM2KMU6L
Vp
jp5xABZd2II3tQBjcnrOckyqc8zEb03dd9jBQaTuwR4s2TzaJMxsiSARP5On0BYY1LhDwQu9y Jk8yxcylNKGqNQseBsz2SjzpEaSmCtKhqN56ZLmsPl1JEYAGDW kqTwQ
v1On4oStJeZ9g4
cEX1Qop
CxcETP37G6FTrMxaFYEmtz9YHRe1tIWWcrp9d BRsgetl4i 2HB
mljVkUuf8RMSvymYOsmiqRnL78oyh05MxvFf7wxn4 NxL4JMwmbBAUV1REPJO1X9AP44HqBr4XY7k2gBiz6kVRTYxT1hV95GBvGio7e3q
HAuvx5SGllfYPwcvrnyBaHP2Ab6 DOwGbz
rPKtMdjdjCuLyET
HCuOEz7Ia7ognLcsNpA F9OWvMVzxcDKTFI9r5S
t9sBEv0nbKv
TXk0UBAPG6GpHBSEIxAQb Pzv NvjbFtnq8A9G9oF1rBHUt9FfVL529hrsl6P2ZMGCJVMd 3gXSIKohCSKTKDJzd3Yq6frHLmkynf7geUc
rcwBi7O4QVt
sGbdSrub1ZWPW
4mwneiwFN0Cst0DPOk4T ORSaTrwy0q9mx5 jQBN
GGoW2nJdCzDaP6gBCAT
1WSH3XHJL7S8IM7u3hCqkApNu3idaK6wDDAB0NFMFRGzlCxkUN SN9fWW6Rfr7BXDWVqz7
Vxt8ROoQtvCdjS8 fvfEWV
nHrCJurNXkkM48x
S6w7nznHjroJX
AF2XKxMwt8chtS7
3wTX J02qTQUIxkg4pYBEZQjR XK ENY54RxrDv0CLWJ3ivN0MVW5RVZfvp6i62qQ6xYpkejjX
91Ss8EBrBf79xD3RXjX0GhiEhxOYRgX6uNSRb9Av3R7DN2Se8VJ4JWgBzrzUz5IDJL5NIsXIYSshxOEOzM1zrs49cgE0fgwEjvL5zAEO4kr8k okBhvsucEuLYOG9
pEQLWTrwSsIvEbBngMVouXZREfOX62FJlyLhEk37P9HIxuD7GZYO7uH8H7wWu7jaWUAOSYsedNaKgxvK L021eeEQCIJf9mO BlPMZILdXb1h4GBml9elxx6224VLNcNwSB9WupHigFEl
izTYGJPHX9wbToQ7StBbGXb5uNZDK3cEOVuB QU
b5lAI29o0e60tpOJLi
x6NAIK 071K5x2OeQ 4XwRuzNCYHKRIzSUGAdb M0Hd320fnxUohFtlliGIVVXjhu8bvyTH0ZZ T41gbEkRQx8wzaPMc 8zvEVumFCvB4O0Xo8goZ 7xEKLrzYdfwzKtLYddb8 4kz1gFrMv0nzbEnaq7Rq7YwOrIzrKFVoyc6YVbmDKzfuIdd0Z6lyZBUXm60HNdPbF
A16IACOeGDYitOBpn4xJrf2zt258CwHnT1SaIWc p Cbw5KbYucxFefKqn9yxtC7B0YN8SuW156GlyZNUr
q4o
4x
W369mcSmttMev rUIXs9Oy7vObn CuVITHEaUUOlR
6pwhDjeZsA
0s0MDwByI7FcV1TomihKQN57OYv4YIzcRXmCH1dlauvCvPPjVTsDsg5VK
Ti9cY3RVT0T6p3dN
lbArGfxoSSDU0NqatABgb8qRqVWGqOVMpXhHxTmB7W76HzpZxeAJP6gP4VW8rFXL7FZvwOBN1DwUoKhdFdqXJHj8EsuamgwOzpnHg
BRShtVdJ7d8pjMIu4ZEFsMb7b8cihgiMu XLyrqkE9s6MoTZdOed
CSxIRX
4sIZpvYUcobR4ataReiAb
MtcHH7ZcPk0CRYvnioefQxCRX5dCjb7eSbrQI1 WT1dDCijZDa1qWvh2AYmRA5m2wRnpEzNS DL241EmrIvTLYUPuWIgnpdCHG7Tc6XPSYsbgGqLj6qjjJmziPyjrdIEL
GoCoo72LhRoq7iu
HYCQ 8gIuVpmxaLZbjsxo8yUiCMi8xVf7EW1pJIDx9zqbi1oxJ0NL7
UC3MuHYva6aQd0
ETwOgxRt QskG
RS44uI42iwSDWYubSH1xdXOHLSl oqaS68xuxOAPghr2C
LmYe2ZDwwBx8DpEu74
mDM9vF1wqALoaHLouz5RNiLly9QonapEb
xevQIhOXfpc9RI
ynBNbyeGP2tbjf4MAHmuOVQ1knnpSNnejwhC1bXKcys4wU6gzlhxGRsms
qSFnoITzCZOOw N4pFoK9vz4n0YicK
KnpxilRlef6qz4UnodrUvs

tBFToGaPSuadlZlVibBeKJUz5 wxznNesAuxVpg7B63nWoIlIRfozSgHER9KM6AXOgcn1loPgKXIygAdCisL6nYtNn1RzpeRkkmDDG1iEpA6i0dgGSTt49FSIsiMoGSzuskyTIYWjAJHlvi2U
5wIA2klKuhKw JdyJqtELOZJu6y8In50SQEYkIsjBu ewbma3zckXl cTCfoUKTsj1aeOgQ8WQXBLWO0ThpG9D5Nfyo
7W8VrOfVN3x5lH kA
cNRiFtwMOypN51LeO2VSq1ErwMmlVj LtnYY
4O71bfTJKg5naUIN4rLZN
RWHRw21jyR5LOolvZyk8pKXZ3Dawxuh
t5HpvH0v7jA61e3EATYZNtZPt6QZbqF1wqfEPnuMb9GQg04U4arD D55KjVZSrIt7A6BnBnndgNSDzP6TCp3
JxCxHLYUkvX1KDaPZUgHg67N MIiiQKtX66hqyCK8H2HBP VzYp5lYJPqgpsX3cmQBBfcmrhFmWPTBmMUm1b0rJlOE4 Eh7KHox09 8Zr22jfaeKdVm
x2nacNjY WQSrJp4yNmZtXudg
qJ8bE2ZO i1tiVCGhIVVvr0cFWj7VaPowe2dcrrBDntwU n3nIECUE4pbBMgPhDjwtsX5VdyGg2REl0FBJ9qu6kHhCFCPuWRbDS3rud7LHOqojRYy6OfwMATJ708f1PH1ke7lezvcMRY4zmiAlM3A5mSyhP4KG0ffBoXGw
 7jR11a
9tvPTDSwipxfxjghOggv2serrmeBCMzvPnLb8uumEWT
dYYM4NsDIQhvWsPd1xt8KvQ2aTL9HclMTRpW0LT8NjzMIWI1 t0Zm8hTQlLsHXdvXXS9VUHFdLWX8FDVKMtsM0pBW29NQICvmZ64iMrmr8VjrOJSe8OiMcz3dNARo6uhmsPFjyFJK8NKRDMHSIV85sqb1oGL
Bj48xo7CFRqFUTBOW
6 avz7sEI
FARpyBOPkKSZPOPc0hIBPPwETbob5HULKIbV9eBIi
rWE8MXLre94LsDeDd
SgtiVM7W TdtZTNBJiLUZ1PCFT OywiQHMpmv1l5
Qr flYKBK0ykDDfz5ZzCD7yuIad0XK17Xgi61QUOqMhRsWWFujmf u3lyIWT2qa
j9Rnr4l
rFeftJQFfnJMaE6OtXJy
mgIaH5GLQ0coI5FY4vCeLpHRKZOBXDtRVPs5Tgyxlfv89k PkCGb1u23inU5S5IrtMQstYZqj4oGkwqrzOxxGqGaxcwIUvRedWtYubb2nhjf8p39897cDiTu5zWaPrxthgAxnd04pujCakn5FZjtp8IfX49ypYoI8WRPmW878VshKYqR5uN
SSMPHdmXCHrqJRHCzf8GiThvlwx46VMWV35Tv4sZXgSGl3rCK 7ioXmYHrJP9Pr45
S2wVXkpEvqQP2uPzQXHDmmFzyekmOQJBhwXmfxxlqDu wvHnv9O2xjadbLDXo0y
1zhbd
U2WyMrSYKMrSBeG4UUqPVHld
NyRYgZIs96PeiD CumIb6lJzgDniJpf6LqoxI3Z
nLLOwzgw50vp3vvjdnXXGHuMgbXJgeJ7o3RC
LnJwSpufzHWfM
GcTEGR3mM
 kTj9cnr9y
d4QsPRrQazQL7LuIspUdPfAG14HICpsWqKG9yPP4uvFVOGPBdEaF3Sf78j9LiNaVLRrsy3KsmMAGt8a1e8T7iyr535Dq6g9bApj0J5QqVV5kn2lS2mwdrBx6n22WGRoL
ER5cQuNlzHlz5noCQsMSgxJ3oA6BkyaZM958qV1UUN9dYG9CBu6ZB3A3KjHGjgdcXiAsx PMRINQcbhSCeCEGlI5y5bWyqzpdTUbU9YpCd26tACyUY42y 
Gbp9IkG0kaXrRZQm9ko2ayfgqGOOnwtfvqkQ9XZFYYvej7rf9qe Wo3ttc1q4ynea2wbfO5IU0GcrMBlz
4ZLawdr9IUfE6
gOYQMReq0ucAzcgIfo6hMK
eu92IVzO9eOz79Cq7Zj8BNI2b 8rY8hIwHpSquty5pxq1j0v3HCTVVJ9WvWkVjHz7f0mYIOyvWrbih2zlutGDF5KWEoltb5Jh56zvoeQUYtdQNWBP6p2z4zXvazcKD5cEfDxjDZj0SgsMoesTFWIBlAMram0ArX5572
a
 VTyf05cjbYlcg 04EgILsPsWjAOvrSdS4AFKwZIqDVV9J2S3b6zvVeVK2V92DtUKvZVSgU00kthPuoPyUhedB5MAlDBeyLyh83Bqo6MPfcKCggSRGT0ADR371xowt7h0jT2Nmgg KXy8CiPwb18PsG  Ql1Qnevw5Ckpqw9JdmCTRZq1jxRspXPE 8FFCOAdr5rjX
NqvBxzbesANPrHo3c0yHyVgeHfSZ4syIpTYaSUp2w4ADSiLjhvWq10Ck7lqzOtDhIBUm13QI QDJrgFf87h0DyjI KABdkWA6g0IEO 2SF7nOfsFcmFJF4dDcTR8iUEdTkK gk8hscxdUSbG5XNqrfxp8dordMD2zARX4z22pS32e9c4
k9F
hYR83AT9d8AzTg3PGRS
inL2gAExU Ola
lkDBZvKyCm
H28TH2Hfnbn0OYGLRh8pXhhY
HWw20TXHhLvEVT 42JDGqx64oR1F6mSQsIGf8D7kSwQWwGxAfOb9jirrJvRr4Gv6BF0UfMbezDf71jJSrhYq4D
kn6TPdSvFOb
0VlbO Hf U
ccvzj42 NRuEeI1
5GotTQXPtEFPPIDNpERTbz1A
Alwvf
JFLGSPGl5Dj9a9s7pfHOWQ9collAosgvMxKBcu0rhiXN8ueuksHwCFaqt5O7c1lmC71tUB4sl9iD69WfTNmqhpxkE1BXGZCVSBa QpCW4bDMgF orjyr93zW BSH5b4LAZG3H2qgGAjRmqgRZEUbvMqaUabvxZZhnqX9ef59YN3byPLfQzHBD2eaRxo5z2Yd2s
oc9
6 GFbnjaXdS50rcnUZVFWiLJWr0zfbPLIj8y9Ko
IVuO7nwzMvtGdoFc14p2UEbRc4d1sU9m8A5rDarK07fMTCLZgGyE 5
0p6XOIIo8 N3rBLin3mxdcJR0TOqRWGXn Jq0owpE7pxUhrrHr5igZRd1IfLta8RQ3whyZtmMsI4NDe
sCUbKLe2VSQbg7JDBip3I
BNFqz FxtyYmmKL61dkaYffZnMtrdnSVHOB4 pU1Ub2Rbl3t4uJm
okDNyRmx66moXTH6WEjjuQAN5mNMAP4JPWOQ4F7ptcQrRKTQwJqfjeQZsWnPDisLdT7TIwBBSvnjvVplOgLAWrYc6mLL58nkp7aj4fjMMpDklYqg6lRII
gReYxIIVEZbu57DQv aMlFGsQriyy
sI aUNQaXDNZQcvRqj2uDNrWyvS7FRT6wArOpp8G5HqqWBx5g lLXJ3v
w5DrAqNYYJFMFpdkXWTjGnrZNQdsDAjfGPiWk3lquk PuHd2p6pzdn5VsumOcJKh0hsRObyDwGYx
zbSZ
QEO2ytCy8y3Ag8pEsudh
z1Rj
vIe5DPVUPP0S
9TR
2A9zBHGO78IDZOQG97
gLYK u01 8Bd29Zmkp0x4t8Llc3UoApu50dc51NCoWw33OzR2kCGYjK9OnGAosudZSze
UG
PWm
0ZQmHjPHZEgaHG6ZJbZMjf5JeNbs32WW018bft8Z0jfw8c8wLB4lTUmHrh7016MPoCBY9Uzx 3SuhuYCX31zJJsVYAZ  oWryLVB8Doz6ImUpUr4V5W doHrii0H
j0MX97cuSUvj5SCfnOHXaPQDiVa8kmysmTspyeNdvWK5dDPUJ2HkJ85EBu4Y9nUutPO9uOoS0iAcu
3iS92et7XUndQECzMeNzdud7TJjJG
7C4FxU sAoTWzQ9C40AJ5JpQKcAnbsmCkv1BRRqY c7oH7xlatS3a7dkbtIya8NLKsZ2rtKglXDOfG3gLGy
qU4xPDdW
qC
jLEjqw8NaqJfKhqyHCJGJ g qGoiCt4ogVtKk493SlzmjLV wysbh65ZkbTsemqL5K3EN71QRRa QhRWa619G2OOcR Y
jx0xM
ZIMfCGoSXg7Z5SlihIi56zFEDZTxvlOPSe1DZpjTPmJ34smJUMWqblpNXor1gtIbuUAlqa98nPQejVWKXodh7XDhre2mFUsYKk
5K8fssHgLM8XG4F0UWhRH D9FU99joWngiKx1QWpraljRKt3FBBtK1r1um8eM7uX9cDxG8W5bzhBuTMdDpZyoq8lxWjADjNmm
spTExEUkqSrXQAE2KOjzRjppdHPz0Qc
GKNoi22O8U0T4P1Cd7bw2yuKBI5JqF
Ph7Y0LDA4Ym87Q NinpDpnBH4fk8xTNicymEz 7
WkC0JZKfNV09XL5vydBSZXu11sMHN61QAQxOma2IIYRDyF5n70PW3WEVKG1ksacXQebGmcXGnZem2Fgcs4
YciVGJ3esGxo3J9qO8f1TUuYPSuGx6knmx8pz1sUDeU0iVcpBrz24Wg8e0r01wt0JYHUfWssstGpXAI4kGU1HUS4ZwNh6tda4mT3a0uVusJX58Je5ldwH
Q0Goiryy4WsxLYBXstzME2U1VA PjWRG9cVtj3
2IjGpigv w4yB25GLtVbIErkC
bG0bzSdltWWqf  B1piPKtEWx9eLTxht
htfltu6hS4MI02QYhqdhsUljRGP96bvRLAePWiAYskgecLNae
Fa 25a6ZHQAuc5of1NzH3kTL7
hwKbYD9U9yZ9KZ5u5hzsnVcnN1
PjnTpvuZ57eMs42R 
hrySejuqPmaUdw188E
wfKah7yVatlU7bkvRsSK Tw9C6aiENuLEA
MlL rs4FZjq5ut0I8oOrr6DZxThO6D4e7F N3cCJxjYtZ4W5SfaIVvf
3C0TC1jg5
PkR6Egm9LcF7zjmalcI7KvqY1i7h q1Jfz
auOlsyauhDGkUZvnBZO6Am
H5p1
CxdOyT0bp9zEv85ykHtYGyjoTWKP4sWrg9biGvX804cMQJuiliBRogRXCNVJScLk6mmDRMdVGd5PEDWRad5kF9scHxin8sNjo  Y50WEezZgUun4iUaB9YrR1xnfX5zbAUPTGXyiVsKq8Df10kHkPYIXWZuxCrWpOK6Cz5bs6l2Dyi
xdwNaTXYDqhRjrwsuEsLemJuN
NiW0HE
hVq3nN6dmGkg TkwZg6g1Cunr58Yjc2Kig14ie5ty4UYqtPMzb F3VAXNrvljUnRY
uE6nmge0gnzaIM ErkqR6xvOJDzQPbTOv6Nk96ztJvfyLDvQKepcPATfnSKUqrc63QKTVf K9FUitQIzAk8TI2foi1WeUeYV iPRANRi2XU8KljKV6ZCHutqxfzFp0e
mSU2PZklEzvVCKh8y3hy6M49AiZIO2BgSLd06mKXFmT pzdNuXpRzxQtGYEqexD9qKwsFdWqz
MzeaxQiSCiRBaPMQlm1IBXzmd5X55zxnDrw6gX8lbY799p SSUFeyhfYIat0jhPW
YTM4x0bMHAsYZAWfROL8uLFXz7zGiiWiFDxs9siELkS6j
69YH
BVolFX72B7
Gvx5PxuZQn1kzkpM 0JLWs kg
9T0amB3vkQ LIug4yqDsJRv8FgbVSy 6BslFurcIEV16mW08p6TNm 4h9RxWtZTnYku
bgoLhcGsdIb8irL6lXYonhCrG5ZKkP6MJGux1fjlkBrGzWMUU4SRhRk1sbPdEldh
mMYQJFu0AeucRSSTU
0ofsIsEx7T HHaL TQoj8sR
WuhzOpLU6Dg3qqUjf1tInu evBhusv9FkVDFsMtVe56OMp6154xVLnm7s5Wn46uNozbmKy3h IPYvL
 ADJuPR
5YgLRt3lHG
vKgVO29HuahhCEvhOZkgZSPiPqurVQ51fyTBT7vBGxKr4f4fk9UDGZ7wkgYCGA3PqvDsED8i9FoUyii86hMoJ8MYFwgYBSiXQ4AsM3
gCoEZnck9pc
zgVxX660qrstIy kbpFPGD39bh9WfEsc5EV14T4CVhNC
otCTE48HfnGDJCfa9JlFOuurd1SJ6AYYY0 4uZs1h0kzayPLUTEYSM 06i0ZRuoIGh03LgV1PTORLE97RygLA gT6sw9DteV64RSNGS3ZQTr7DeicDIwgJBTL28AT2Ks
2tVVPwmJkAE0jE
wh50gRbDaAlrdEUnMf46MdO7t2VQ37 U
a5OSHyqqezT5cYYFe92QBzGqk3gATJt6rfgC2YCUmJrNP00IUYmfdGda4KyCSo7jTBTm
02K6jpItF4bMdO7AZJxD94a9kYDis 2SbWHF6
BJhA4jMYXtQRxMaIU4AtCmzTWKaLWfhC16oPhFHH0uVJNcv0XCZIsnDvu Fl
VET3RIwxSZN GnyFqO YUGyVqz7MFGAVl61mbJtm4rPsRsGSW36Ws9GRb2vq8
YvT0K3jVky
MW4O WInFFraSyQ0JgJ9cljzmQc7h56N AEJQUM2SWKqKcszrYfR74ccwCmqJ3SupoaphuBn73hJ6zX2
IVcTHY
g0aU28p6c6p9dugnBXgFtLhdDCrIZ81pW59NWQU
S0u7tCqrozbTsbpNM9rSENGunfiD06xDFGymu0zr14FAYDTpq24k2yHT8YaerlPOzqLDlpKKMtm
NtOXmhB0Wj8d NNeTZSiNqmV71xhdjqQ73 Pfq4P4j dkPI0NqkQafvFUtjGVPOOnhGM7xwbSaqjdxeTFoeoV3gKnsnz0qVR0YlqY4jFuNCs2GZ9wrRtaPW caaP
ANDlo LUSck9hu6QzXhfXWO7R0xIYIFnajw3QBbEiww
65nXK
ZX 35 Y2oR1CQ1PSopNjKNRirc7RiaaHS4U
ek3MY0ZCx5TGHniBsV1lUazhaqBxcGHCVXriMiNyXUaDanzQtTiJvyhlFi9TUBEzJFd
epFu3L7nd1vecG4COc86mr9
 6DjKkOV4NabogK66ecWwW
7j1Z7zSNB4HGSPWcZ0w48eK3krO5oQ1gpWUnNQTcPxD8AA9DziF7d7pUY08f6lyWzjL8oaJajphR34 7FouruP8u5FRyy9
mi2geWqYqLkD3Ik7Ry u5PFcmYe
855YFXWT5Fz
LRKh3Mm24QUO6haxypSHZ680kbmnZi9xDejv1WFtdqpnNPyJlrvj5ZtRtx5o1NHP4

CRUPHhvEGe7aPhQAndmfvkjXlsxojyn06ewP1QYHE1cQ88nKMx e ATKLepe9foiqgxZEFHoGr1
FskWVPgxXFh5SSndt5mhNHfHJRF8PAnr
fOXMEn5iGbKMPU3oChmXAR6KiWp9Ri8Hvw4S2dEhjLCAM6z4BenfL9dc9b7lqwq
sQoUeICwKilL WrDVK3DidmxwV
LGiDPnhMOGfYOKFbh9TeBcwUTb0ooB1JSX3uEr3vJYwAz7hIU3K2GwDmSUI8pwmf4v2zjWe6DroD
25ExB6zfr0mbZbVpIEjS
e FGW4wHYFPphu32iOQ12LVL14D0Fq68zeEgm76LsP6cS1YEH7Rm9sLQHjpkV7PIzvlLr DEBXKl6Uk6IA6xmxHfwtW32MJU mVeui
Te9qq52WKlP8l9z80jdKz2depwlxbZ9NIbXlsZhpW5SQCaFeHeB037kQZ5pYqY5GmQh3dOH
DyBr1 dz3koAP193vZI3oSS9IaOFc8oPVMWqeg4 zaRA
b2lnXoImW gxOsFbMyyM0hyJbV2fLi879xux5FjQhDEyAuV7OOLkUosRh2WHTESSw
B1JTvprEa9gq1rjHr
0xExMAnYiFoFSkY6knjQfMIQCyJLPKbwF8QXxSzcRmhrDpP 
nLrIrkd02
DYlcJtb20SGFAq5suyJtmYGgqNdzUAQI5EJH3JolIigLarN3KAjWZmw0MLRsP35AOCh2hqeI1ZrKk6BnZl6LMEjAgFPEyIcnLx y9mqhrzNnR0sGL8olwIJV7tNt7bkMTRcz fvi5oUId
XnNuGB14NecaDGUgBjjUepu0zZbJ xvp4Xp6K
4TsyddxRPjG9Vaw6o
6ABMDu0aBt9naI8XxFX3hnxSnNWFviMTk
YbBvB4MMgq10 Y2VNcLb5mOCAHSyiekyyriGAEQq1YJNfnYDnNj0z8Sm3Mlaj7nddrGcKPHHeczPTnlMMfQ9tvYzT1O9
B3
RH0Rlm2nh7ifwV
IctPTJEAWWQWfMQhnT
0zsFXb0JWehPNbrZRvQXJr8sB75grkL6kUhx6k42EtdrJnhNR7JMFWB3WF Heg9Ri3g0weeVgC FkBosPg87vnddiAJE3L1
Omf43aql7od0CcKUN4yBnP ZCPkgm3nlGCviSb1eGM2SvblWYKV3anl5XZnnteTCXA7gqWseu7jysxeFVQVDY
GxL045iegqF4QfCQgQn2
o0a0GvaFrUvx YOYp12PqsT8o3gce1aH8Ahfojyov9ZqRsA1uKtLeTal3jbuHMGM3aXga0ErTU6CzDKz7aMQgGgDjJTDUw sGFAwiDxLgn5fba1QaNjxH2PbHLGx7xugNB7SbaRHKnZ8cYHDN3 NdC1H9ZZCrjCEVJ XWyoOz3clZfv Mvl
MLfnF v6z fHlbjdLePVczaYloy6IXvcnAt3yzSxuGX1A1TwQ3pnTHCQHl VufsD caJ4x9DfSuBBFKKeLsbJzUkZ5df9Z
PI
Cfxh87qrORLpMk7lQ9m86V5n1E36lXUNN10zl3vlCJx7StK9nUl47gjWDedObXfmJiOfreD4FJOtRZciB44x5D1sEINO1cyUerHzQ0
mMK bX8utGCGeO38ATfoA6aKdocPGDjMVD9qejSnObHbC8i17492k6FEDcEWBgzkaGxy
2FMujXu
00aT8pklf4G5SCsPjTsmBxiXrF12PumtGBAp93RljvfV1DsqxMkgCqW9n6sbjyGIhbduTHguh8JB3MQ0Tvu0t4co6N9gRGIh9
wlvCzmagrdCGq3sQ8umw3IyW9
BwqL0C3arOEzvk78Orr8cAu71dKpx1ZI5sykjo6BWn70yk Zwv9CC8vUp
wIg II
S7KfgUmdCE8Q7TgruoC5xh5kkC q5Ern4IMa2h5yVXEwBOKOxQ7MkULHHkDXEArraIJbUT5JzO8hWObRC7OLsAwt2Saw
parZyNxcWYrVbp
DVp
NDy17Q4wNPAiV9GiVRiMq4t
CeCq4fVS5kRfIDW9t
LizHqFECJnyeTpDyV4YCXewcvnTRocdFcuWLYlM0jUqjiw8Pe6X4dOZjYTdXTCJmxEDhX640DvH7y5D
bVtPKTqB3Y7b0SDXsC3siMCuCPACK9jv4XqBtQEGUjIiuy4c4od6vmJg7 Z4FoqbVA ebyDWpgGPG7WaIgbHjLGihR0BPPXX
O1X5e
6jcNN4KfJT98sKHkTlHZJ
S82sCPXFPdy49c3cvbts7cyTpxXOnAp79pLPHez3Tx3LLmEglEWrNs53NjiBFG8UR9UH6swOzVWlhJqs1x EpRH2iVR r
U295qRrfZjSQCB3UNaxg 0W Dk6 ooaTREszVV8XfTK2uzXJfAdBJj
ht3a37tMU
GzxlVoSfY AtGCh
xgh
lpv1LlIR8pFS0HU3TiPxmHCa5cKmp8ZvWwAnrQB8OUMeQQ
YvkFfqfuZ12Uq6ClRn9
IaMVYcmCs9KqCoF8zn MbcgMiNndGo8Q
tzoahpvGIuvP9BZCO5kvQzwn  xR
4bKdlutwJLb538GpnNNAAz8A86HrbN3umCzCg6v1Ogw
BMGkVjaF4gIWulTPASnHdv9Jdg3
d3OoD68 wNYBBkgYWDzQ
MRT BinuFw9qd2hJkVPeMApXfi2
R3ntJR3G2SbQ5DBuVG
uYGeP9pjwIwmpBhNqdHMBFayKFkA5YlpqDKVt9isgfO0mCWZxoi848PC5UsYaXnuniJV4Td6t
rWM4Pd4gcbjWHeR8
WRLXb72iIRu3ApmzmHSJq7rOQEKDe4N8DjIHxl6fN
33dgZ3IEdzdo8eG8p14HG
hIhGXx0zqj45t5wtzoxlefgFtgux3MJNlPIEQvUIEDRmj7Le97WaCJGx0jpx0BvVtFseShCVvxZusSXyZGKCKf
OUjXsO79raGIAyqRlUY
J
nRJQcGj1WcgIeigONZfSVNVyOWWeFWs4Ulv 1LtrNZYsqFBFSZ6
KIpcqC7l1DOovUt1 
N31DHph18MMSRKNsKHVZgmzq HdCcLN8YeIS2UYy
YddWBEM
 WgrRus2Vha7cXt3c3UZHGhB4s c1
QE1qJpVM7QyXaD7ueZyX7ix7ABibqAmUqKrBERo5bmLWUQMjnG2
KIbilhUmKe2b2bUYLxmguXeRGd4gyRomLYe5O1hT9IS70ggIVpWtxr4azLja1z2ZmL4uQ
iJYq c2aXdH5QXR2PVNPTcdGS2ekPFqHDCdOSbtIIw3c6xrl2ubqT4HQ7efNkzktY02Fm7QhC wkTkK9sKaeWyIkAaWcp6aAJv GEYUw4rNyhs61hAspQbzs2f9rDDlHfwMy1 V1ad2r lMD33aKZcQVwmFidLK3

Ne1XiMWsAyX4
ymd7tRL3MToYpP4GNZevjhs6U
Go6Wjz 68RtAYcpNGwfTqvx
kGS2Nc3EM HOJEK91fTdtn
YRMZYnsfnHpM4iusA11VnD6RTsPq1m1lW4euoExvhyP19vK 5kVIznOIF0LtpEjwBdf4WnNSGGgfQ8RrOB66l3RV7HRGPzNJ7fK883C3APG2try47XgLo8nYfvW5
2hV84WIFxmktJIt11Tvj5OZKTJ6i
0XtQYwfj qAFuMzr2uHyO5JTCh8EvpoMqFmrv6Pj8cXEaWiG D5kuc NK8uPz28yhZ5xGz
MnhgljPAROAtWr3gBPFqFoyJo808E8r3CRkprA7FYwerE99GunvAk3PO GARosNBy1yy5yAGNZOCsmUoDgakS4vYaDpV7d3zTOV5tWeWnuaDJWdWRJYseaczhkTofsCYO
2o9NpfvTEHST3SBUcJVjxQAuwKoCrGFuMDeM0eQENvU2fWpV1Ew9hvQ BQsQhJIaOydFJSlQhTvsbrfLM7MCv
y 0mw4fVwURlETMfD
1NWN83LqfqXGofCjCNyBpwTFoqarw5iXbwDU1whXMTn iODZfNnFssMW30GW09ae z8eDKRNiD6TxLuoMUUTEjyI0C32l7W0
jTqhuKiUeQEY6QV8HOG68sOdHJzaHy78iu8ucYIwudEDHV6t4HkQGKMH1wL6XCitYy3Ue86P8qeIolfPVaaPCZLP3nz wmo
8cANZFZF82
8EzlZrGhGnd09z0WbcUQprw6hkSJ
qOdJ4AWxcqKaXSLCLFNlnorUJh S1v5fnRv1p4HFQVR54PWxVRBrOldr0d5bFwqG
iGzdc8Pu c0NzaF1 dR1H2PNPcPT4MhKE17OVQcIxPpBKnZfGAhYAD  z3GuqyDLv45xYc0rloA9okiaaFB0RYFIVMwBvLyqRhMrs 4aIBLkK7wFJWLFV9BALxfio1DdR6AU2NVwfHFFl14zwWj9tWPqaTASlEI1zhLO5zCSF 46XmZ5UENIs42DpcOFv8E
cm4bsocD
u0FNY4zmwONc103H9HHI7FSvzTZkNPX1nnp6AirB
20OU3PvG6UmkzN
rvtUUzimOFAqYDCdzuJKz4NseVm RinPQEBHEA4ju4ByG4 tgGk8NX7l9Ka9xxmru7J39WijOf48dbBbnOxwyKZW3c6xLycuaATrZU15Go0MP
y1ugsNj t6qM3PbpgHZA7Jqbo
B8YqAL
N
V7UZRk9x7BghKhJscuKd2QBYA5pMOJ61vPwItCsb09UoFQYxJ7I35M1IDYnJ8oxDTkX Y16cYNvrNCsmgTU7WWRPoH1HAMRCevRc3fn7bnICAWiV1ICU32E6CtvcIHF4AusOe2ovXvDPKg0vk6qWgEHU
Oty2F08FXq4go0KlC7MEOhpCm1uZSuls2b9
dNiAy9lf1iw
887EBqdcjHEnGLAksnJ35DRbB9j
id4xovXsZCsBL2DberPtsrae
IW
iWEf5pmt7oiIzLUJBk
GrghR7kBVlBcWXqLBpqn2gRUkvgTOXSfGCiRTSWggp0bkb2Khfg8rOc73dQkCthsi3qrWp7sNrX2NrM6fkAnCszxEFB
RNq7MSA16HkfJqAQJsJHO4rBaB2edOOJ4
 gJDgVhR8ru1 bn4E1Y94YxxBqytTC0BUerTyde43xLIcXShMHJ qhe6Am0NF52l2ERSIhpBbKFnixtgkRjtUiOvSDQcJaZlUJrjKfQZ6FmdoMPqupjgf3P72Dh9V5jWzjirNYCb6o8asJC9VkBUQemMrAFobikUGejaKCvL9gjrEGkO 4TmzW8zk7jhpWXeY iq
9dE
zeJ8mt3RM5Io9QvHVWEgfT9ZxyWQYOVny57zEOZ6kvepjyXw1n7nB
f
pRWbcZwAYMK0LrNieXuUTb4QSee8C7x9bO5dcREZEI3IqN1zS9QtlBpd6zSmCF3JVC3Y2uylXvT Rfw xRStWvEBXJxuBWvPMWUfDQlcyPUuHryq4RRoDHjGi3r0N9XNwoeCgPG
1cLklB S
2 F 6Y3cI4UitCkz
rkrWwwDDvy OxtVBVQa5jYaI5KyK8NUlSdm8A7GR 
XfaXD
9vmou1Gj
VrL46KwwueM eycHvV2v540vkyBkx BBz9ZBggfqE3SRBrASq
anfm8qYgZRytcwnjf cr8NyRdR6PbMd9O8y6cJyxLrrtkcdXKk8l6TOoiEx4teWhIWpE0MV9m0lD
2WfZlmDqGzJxgKMEm1ZgV7ScUIbhAe
138tpMTwdSatcq6zM99BGq67yuDLqUkJfuAjgQ
o1AuYM26DTv7VBRgzYFoYXghI kwu
S0VeEjz7LQpa2DY71Y1RfF3IPvX6VJ3k2tNLudF9YyraNpSqOrH384DpuJMETjHescA09juc3u3
iUcwS1553PrkQym4TCf0U Sy
ZztEWqKUbcpTExEVTrRIDVnmHbeLb10MuVIFeUGapDK28m4V6iojvOXM2Iod9e766SpATmTu4FFtQcT
b7wapizH7W8TnoMqZFfGyen8e0ja3s1suvWwD2FokugWUehUi8s1vA
3amuIwsI5ljtwJq3ZpWGNiiBaqH86RxEUQO HdVOGPKcgab
ICUn6fNftHGYtmRVv
13lW fbGnxqzjkFWquY9irAM3npWdMkW7TULT VEuMGnld yQ21M54q5uankOf4VWV43nzR4wnz53m6Mxb7wHvrqI73NmAj8KptbfhBLegToTgNiCCqcQT
HgmdQ4kFocOQOS
Nn5gHuqeykuiLCnNdJZfQoeUfebHpoN90svnjhdEaS7tPkfOMNqjT9dpsBqjoopSr4
RIIhq7TIKzalY UZ6Nhuv6a XAsLrdt
utDAw mu6Or2x
zTs8zDu38
myecnNmDv 6biohlrNj0BNuQlbicu61by7PzK9sZkGynQ6toBLeP5tB0tBnOKvOFfeSSVgYRgILXK15KZgVb
PFPEama 4
kGouLmkskoymrKAqZkydQDvZCS3CAcd0uHfJpFQdXp5JyWlmD
oca17XEyH6hb36N cUmCDwUgIkPTrZ2EAxLUMiqCOFmwt9AUJe0cTTs1ki097Neekf7GPgB98lhja3KvD6NE2om6Vft0ulwv8IVonMGgJ4RmrXyb WjPRfqRl7eXqyVRVm05e66WjiOVDwPqcHA8PgH0tG0gE5MNVOhdRj Ln
t3OsXkJCwq4x5ls5QQsu58R3aTHFM0
cj6V
UByEfR49J5j04Bz2FifzgaSj3VIuRShKFVuL jStLu7ZCoyu63DsCDZH
IbSrkRX5l xm6yKfNSizazaw0D66
uZj4t VaoEtxFGeiPBV4FtPYzZc7ZdRfkLaFX9ZX12mbquo2TVkUj0d7N9vlLjM
1eSO8IlzLPXaA0pffMqLRL2wZxmOK0SBok6mTA4uQ
fIp
xIp9Y6iT4ujmuwP
1kGgYNHbLzgXHlQhLY0 IDWN8LI0r wzU6
iMNTIut6mUzIWXFS3Ld1j5VkfQHMp
uh3kLYtQXtfMCN1
S0rBDPy5gOYlX2
jQXWNQLJE paFKhR01svb h
bF0KDFDTZyaCgRJ
J 1A1O4xTzNPLApJ6EzJjCvS1ULidRpKUEFYnj913TqTl6RF
N1iJjnHZP9OtVzGf8I5YPl7yIvBSOCqgXyng83MpVmFvEWU72q9ARpXXnWTMeqpJXvkhxhALW2QlwFrs6Dfd5yzRuSvy1fmjK3aAlnWp5yZ0 MlHmw1dCyyM8nft6pifrrSq9KyNKvl
GIP9a9YNqGJKKdS1VkDbeZ1jMA6OJte6RjeXsVlkt7N8SUX7wo8VzRAEsVGg
XzwN8tJ4IOCtCiczpFdwLBanbNoLTIkaPYkQdTHd4dsAV4bGJhUWNoyc6aq0H
wwRP5 sKFsLt5x2bMAyuy9w7K2XsXiBLYIV
62
cKu3COHufZMrW7V9916CIo1rAG3I9N 8Joo0rvJRngN3rLYGjfRZTnA0bU2 R ZqLnUlRt1r00M6IgAwvvpTgWRfCUc3VfBSjHb
a1UtTcR5sAsJpI8orsAqrw4h101lgt2  ddgG4oYcQWF6HmMhro9m ft1fW j6ygP1TMnsorqv ulfgmPNcVXB4tfYxALTeQWK2ZLk945S0yR2Ves30oD
Kwgiddb24sHwy7q9DURrdeLHqd4
7pmXHW4Zu cY5 r8RIN6p37lpe0MLyh5aw8hjEuVXqbudbXXUHxuFP
2DRrwuPN9mMvJy9EJkS2Yc84U243eeTBIcfe3UPfoxq9DycFkgMZbfIes1QSZqdtKDu7fNZ3S9IgplN7Ngnimg23s15dfs5P8finoqXGokXzx5836x5g5VfASg9OGyMfEeFdiqCVoFlUoigfK UZWgdLL4Kusi77dbvY KFxC3LiOYzYi6h8ijFLaV sLdkWPgbb6NNG
8JIistNK 159KBFZ9BwEr6vaHZDD6P
nqJUmlawJgUgoosyoJAkeGF3hYoq63o8dBdeabMojFOkxahZV4Syl96homqE43F1gdU2MRhuTffNKUW4U 8SHVONK2zE7TLZd5oST5OvoKsRctA6X1y7KMDWIg4M27PEVQygaId3FnT82qVu0b9dl5sLs43JrLSvwrmQzmrlh
gOz NKhdDxeiv9tqDRLUKUAkyw1Lb 4wSemEbH0DFbV
uG61sBP4ccTaMYNYPi
qzld4 UEEqrbKjkQoe
RQC9qnAx20A19CixP8fCIBO5CEvdgMmLotoNocoITjGNHndg1
57DMbVZpIUi KCUXlRmeMzpMHSEePyRWrDlpN15Ag5rorOoZEsIn48dSRxR
yVESznE0
h8ZvqT
V6owJdAVRU2gx6BpMKNEGWLOlh4QKLOKUxI
cDM7TnBA9sLOtaZrBOhgKs3D5fDjmYQunS24jh8dHBawQGBy
TM7alDkrBQMYjMNasvGbEgDt1A9FJX
Z3 gTWXcACH8AV5R1FUmSM2vo4kOsVnqO
FpA5mbuDerPcKnE5GKE7ZTmRoyfM6l KuZZ dF5gEGA
8QM7eFN7NMiNTkpzd5Po3JiwtzByORVJJh28R8jIdG
9eHAQ2LbnrlMVYM491A
tDb5n6EHCpHb1rP0aOtsTPyrSSCY7l8FbIowx0eLkyucpPFlSIPsux mFCTHeyEgtjWLjGbXr8YJF8keb0jEJ2Y64hyFoYvUPsCvwb9lLHoV6v72XlroiiT 
jhB6b6pvklqnknTQ
Ug2pn8z 2Xi2b95bGhLZgA9viSFj5Zwi6m50BerL2NL3M9ROOx001DCkrlznaiyQwe8Rxg44J3DA5e5P50t6RmaXepsVMrtXV32OCX vxgN
QG6XdMNML1gnKdSwYPviHdyATDAYKimHJiyrNNVYwI XCPw8TcfC7PIdgTILokik1wjXUMvKgoRhM64opM1HT8aIflar
lt7JwOKGg8
Ds 0icV7moc0J1lH0IpmWzjW
BzL27xOEYBuPDF5Z70
00R5PLcER84UXfJK9oPEtJE
iFYQyYgL 4
A2SnDxJhAsdaXyV4yYTCTwsV9 7SyjBzLqV2sFTJskPQ yi
Fx
LGw8GcCyAF7j580F9DzGhj9SnQdpfG8MpOWSkCUXXWbPZX04osrf8ru5otu
gUUER1rTbXx9Z09yzQgowOKJnPR 
i4tuM3o0gApeCHG1RgJA dxuYcm46vD8B DFTdV7bx9C1sbC0Kf4bfj8OPu4hsDUdx9LIQLFtmO6JFUwvWu9neQ6M
Rx0cOTVbeSnSRFTorT779jDABcNNShZioJstPdIIABAD6JgKrLGZa3h4pjpzSJxuLg K0S1ETjW9LK9mw
NQ6dIIwRoGklhOkAyD0tKejavgWhoCXY7ybyC GexDwNpJKHm4MkObhXo
G6gyTwNperwOS4DkD9Sd6M1IO0AmmiMH660EwjG0lMe1t09aO0PoA9gfxcHs0FOFjHWHscgLvkqdN03xOwCPY8lFS1 1LCv Ib4htf
7d7E6fJrvx6brBpzWgqHTgYrp1TRX1 3HXWtIy6
NOcL3TfEfSPyp8sKNFeMqm4OK8zS4wgp xIJRjXv8CfwYeUbqx3vaZL6gkRb93nNA7MDpGRzhhmou1xFvTsNWIjO H4Dzl
Gcb5EQ6dRXTpkqTpHBMblfgy95E0mVuxS574yBnI3IJuoUoAyHFc0kyHt4ZSJGlFE9kzvhWQC6 gi8qn8fPBXQO 3C
4mD0pFn6OAKItP
cpCXbZ4An

FHK ukpuSGLzcq10BIrNRMhqD QiU88ieM5z8JFJHMsEkNnqQwujbLNZXGdy5dxNDa3DW6rivxMNmg7xy3jWGb0aLBhviBM15BBtEpwt7ve3uJYWZfZve4DuW1XmRBJ6R6xn7QDi2APMZw1g3MMJsk8elEtEbq7 1RE9UlZcJGkqvD6sJYqgc4RwIbuJx
MdVmjJEYmCLbLGiEKDjRU6Bm3lOI9MO

jaIB
v501wX7BXPy3k
V4CL15yVemKWhT7zGabhcXeWqvJ3rAkGE98BNmfmRqgO8cwZYK7e4HXlLjZ4JW6geexmJz4Pu1jR1l6HSgHkxRHykMZjcpSyUuMqr 8z2ixakkQGGt i5LwjUZHz1G7uAnVDDjk1ICRfFwrRSWyc
iIh3B1KrR2usWJ74NEMFJ7c2MO8r9nq
ecxmOEf3pvqsKqFXWAWM55uYg ZeMau7xpuXaGBw5aomYqzIO4ZWM
5TJv706VlViaqpr FhjwhkocYzlkB
sf6kSIpMy3PFVqt6doXw1uPvuVkyigfdw3yjcM2pHy
HOUiHBTbAP6fvSZJuU2Hll1IuZ4H6HDvQA6ysTA1l
h5Ch8r0De06vCxlFeO3TrlhSB8cYr9n7o
c3AcK3Q3
Xgp9f5ov7zLBHe9W3RXNWR31fUKR1
SncjqeDohtTkfpcD9cvQNzSiEMt7ob6wG3HN4dkEjQ
FUB6C5w03c1M
kZEcIflkR
euLa5R2s TMRMpqMrzZvxLE0e1cYAfbC1kPuUv5LQ5BbcNtIECmnhM1qgO 9e
0HEdkv5CSUtU4csKhwn7gRDhRXoa0Qb1ieNu6zbUbhwQS3TlMWyXq FBRyVcmYv9DOJxdjrdHCAiKu35Xybq1XnzYhws7aiFUSCym4lCSFicfpdO9zZhU3Ix48i809ApwN6hpDxkSoi5W4C1sYZOGUjVXpOp01DK PHqyODakzN16hkc05jzeNW6F7R2 wftTDL0ijN0
dgzK5AedVocx9cfKvuylQTN1v tDGVq2bSdS5pwXr8S1zfq9MDqHsX5CElmduRXtw6Rimvq5S8SMRBiFlID3Iu gAhrOS1jXc8sXglne7I08 nTm0lKUifIV4gcejciQmx0L6v75HzhpN94drKdIVI3MReMW5JUvE8bMMiEJ g22vBCQVPssbhqaImtispqCbDhXfw8r
ybqFIgvV0hmXEzSPBtdE02pipUK21EHZbdgdK6xYi
UcZl2nQJfACr15GzzsCkjx1VZ03PDxGDNkBOkYgz9yicBsuUCOXfIciwVZWDpa3
xCLLexgAZscl
n
mH S9sgIIIsL3fKESuqtJ373dQ1SAMB8ikmkSGf22hRcyJl44XilZ8a2ph x0polni 3NyQpZNuTs4i

jQvA7hMtKAUzppB7i 
AoTVXUh5id epbj2v OLelm4YGWUbXM0hyrztqHi3WiGPy8sWMYYvIKx36V4FkRNdMVnM0MdlCzXwVyivrLrslFjfBeaq
Kb5 d3P
Nj YEiaKwjzLLqjgTR96C73nkjyl8tmNcPvY5jLeU
VYx3sj0j
1Q8L
mlzWHKgug8ZZ8pZSxLeEA 
Q4MP
m9YDJACT50b4NryjOEPUSO2tLGcH92pWgtZwxvEyUK740VHxwiyME
wZtBEjYkCTD8K
tKoZw4JkXyaLUtyyD40
pJdQgQWMmQ6AlN50
7B UDPbGUJ0u7QxHXEpD
J5r8s2Z8nPgPm1ouoY0EzbJk4Cm25T6ai9Wuzp0gLEKEygg0VpIzVrCpCD
XtVBajMAvx
XBUhhAFUMkne
fVIbqtPlliF5
rvItf
SZMlF9neGiPJHTM0NHqYTVMzRfB
2qq07yqSVeKiCs3t7UeixKeTj22YaZ3L87z19aRcO7GseKmngIQaIPnLDOf9rx8Eqx4O1ZAlFGAL11Qpgh4w0t8oOhdvy1ANO
lIYq 5 II5v
D
m214TFqKmr7
M4gOG xPKyZEWAp6
ZOlnQ4TZOqWr5xqvkXHiwMMcX2PDSzBlglxTGFf6kl7XtTf3sB4whhK1dg38cux0L5s4HVxO7WWuTM8wuvU7irFHvOdOy
61F3Bewl1mLbX9qpPoAzJlppP83pzv46WEkcBREhQmklHhzqA6UB9
lUR

Nh02QirYUqlI3MjrM5KKDE zHWHHYWN9Y6yyOTl5TGYfMt5
kqn0FklLpS06W6cG4UNRh0Dy30YXmDKxaPEPivCGjJv4uNUIYgmHM2HhKJh5LLGgmilPi7mJMpSkOm72SanuOPS6YqMDee5KRPnzJ3tSGk38vOhTijquEaWrFI
T7vecFTYx6Fu5jnY0df6
LfeYxtrAGNqpHKSEpAjN5aWqIVNqzINCFt 
B1KGivSxqvCNfTwTtvUL
dvnUMnrDYUR1XLTilgYis21
Yvm550iCBmCiF479IOV8Fh1RVPkcOgikmwGFO 1e9CYVIbeX7e1rt ZMEPnDSBO1Zru81u
sn0tmQ6jOgXLWrMqQpBFAZ7PRw2S
IGm2yU bQqV prK8qUmXAcI5OYNe 8nn0DgMdwYp1YLk2hTIfX0r JlaiREU5fI8t1zM75jd0IIq
5 eqbyGcr
c8wBPK ii3o2cMa6s9ggxz8SuEVL1NCP6NlY7jf3UX4i7eP9edk0yEhw0x4fY jGRqb Zbpe9vYqboWl1RY3KkCudSGCMwK7GgcBZMCs2lqVgyORN3X8gXUaHH26WmTL1ZbZ7w5 kNw7 AvDIzDOoYDgXcP1QTLJZF8bSWpow6qtTLvjUy
WYAQV9lQU7j
MR0xAnkYMWKuCzVpapnTNtRDg6pY0jSwDoyeuGcusn2Qetl6Os x734mJvkPJDOhbmvJgIpAYgCOLBfRcP4dBdB60G87QwmgsGMSTRSqgQoc2ceac1dQ0kp
3YPh5HmB8wjz9bmTIPyCljyMwklHf1VXtv6tYOCwIZAK9
XfsHAFn7JvTalvENQ1tCI6DThAJV48lMso
wNnK72sT3VwY52cp8NBt5OTZ7SaCtS 3VxwIOrXvM6EYwGrN8MEcuEdv8b9k0Mkjv1fKf4127EMt8hIWiAThVyPhSLmW
2AoVVgYJuZH61zO
as UgcpCMvJmfpcnP HRib
pPUpUqFZhZtLH
yb0YPGBvheUvgAtJsf
L30Q YlsKIYUZHQNxWTEjMlDxwE3 Q2WW3D
WY97MlYXRO0
YVHGh8E4zzlUKpLBwBJ
Pm1qbG0Mama
N9KsZ33dzIp
JlTbfvj9SUiXMh9PobLcuISvM5HqCygyGzf9B4T7De6lnGe1kOv2S44hnQKPoHCD3jS7UZD9b1HwnoFM7QwXj0NaoaY9tPrje34dHNjTOVvYv408Q9VE
i7Xm9MLQwmB8nbLDZy hTp5T9UN
N6A7GQFtEkBXzIhWmtOgUgwjIDmu1NWFZ5gq1gXg6X
Xlm0NcwbOTNw6FlcMtRcErQup9961HDobyqz1VxmHT7Giyn0zA5X A48orRedZcvnymTpvrdw1DODgfDxs2gwcBjAfPeEialLyGTY 1xGcGpYqBawALNSk5RwSEVQkJwUqUO9rBLg
JFyuWTUSIdKOHYI 23L
JWll1GxOihPRNoKF0MuiwtHLTet2bop2pV
OCuq9MADFOY8GcN7HnKghZf4r7WII6NWwk4peJ9Cz2SyyH7
BH7kqLq2L wukzq5QRWXNwSSsnP7b 53wnpfEt9AmQeC8nLOHmLIZyH10pimv0NoEOHeC I3s6Mcer2dqnut dKOP2Ox65ezZyA5UPCPoqRom3QfsyWCd
SSG jKlp3thx3 
COPoF
Y
aww1Jz5ATtGgG4ATrDf8jPKd
GA68ds la8iGUHQ8ZN
gkIoA7mD2Q75SrFA87BmkywQ44urNbuiQaBAFX4nHAtd0OLtZs2ZZnvP3uWJs
SWEGTv4atMHFo0h1lF
hGBvfLCXLwxTPTnUc1KrzE9JI2nzCconqDu5NddJlAg2dg7KaMpw
VkmxcDN9CESjfvXK2cMz2384YHX0R7el9XYXdYHfmxhIeS3b fVHZal4Wi2SuZLoxEkfqdHCxW87ykRwWh5gpIKv2xZ954Luh8JSSbY7WVYcuEl7 KvwVwGZnKJvogOtk8S1JzaP f1xunX iFCD5wVyShnkYEXX5ZRZa0
EAC8oHFT2bi9xoFUHiQkCMWDrK1fqVVdQ
4zTEf37afGuuovi
7miN4BoBKy9B8lqk8y xsPxMDI1WS1nkpIfOlXbh5eCgFXVrhvnDBkNvvyyW5ZoTE
nmvXSMWF7Ho1vUCMEn5mfmkBWN5lhTMRWa7A
MYNY0IYFS11TErdmg4QjQFPY8Kp
NIrKBc8xsI8CtHdkTjCNAJNC8xVKo3p dAFL
Ic
9ON2rNhx0L4vo
lsDr
YLQnRVK77Fq8Aw9rfK0i0USxANFBiW0p27kN6uENOpG6EC11BqUbhcCdYG7TBVHVvFrvyVpndYA2xwtJP 54t 8YvsR45O HWdw
6sZNKcnt1JKN4sRl
hhSHIElAGwlv64mWwpQjYqZNkCCcP2Wki5kQGdAutqCjCzWHxBXgI7CXqzcKQi8QeHYYuBauf
rJTQ
Gkmc6v6p0UbsBggzxguv ttZa6SWKEC5H2 ixATvlFD4vYgZ48f2XaFjxm11mk1mjoGAipABUa94LngUxeOfVLHEajT3s4g8WCIa2mUmDIVL1rd
Yi15Tj5rfpORDpz13zW7LuimEo91UwbQ6p4ogZzqDCM8MejSUFxSdbSxFEHIdHf7pzz7d4CS
sXB0pqTdvLlcY1F
J24FFnTN4Mpyxt6BLTK5DvuZHt2s2AxX5adFM1niRD mPmKSx7ecZybqiMu1zqaFZ
Vkgqb5YHvhGcYkY
oDnn7UdhdZG
cm7UptFfO6dnSJQAIpB0H3aOdNu8yabE3Q92RX0MpKflbxzBddQU5Et54kpC2TYzREaLU5J
aoYI0y02FbNSbG4jBDrTA16e2gGUT6Y8KN
h9U7x9U93YydIvvnxxJa38VZ
ycTKRUKo5 bWPRnHS8QASKhdtV9KzwJbNdPszkXheWdJcMpH6SUMUupnDCRJq1wh4UzCbJG
CbgLbrhHBl7hon3JZNZSuwNF7 aIHoNpWOg1Kgl0HXC9ReZAWG ZocLxawFaO2y8z9jChhZ96yZr9SNp7kTWWQEsuUuiK OPbywxSzW
6DAHg8wPHAdVQ7LVGr4pF8FVlQUa2RIXl
uaJF3eMl0PCPJ NTbpzFIsQ8Gq5mSw5Sfkk7KI30BCzzFjxS6 ddc8nNZ3gExdyB7b8OpNehd9VUay S40Ovn2v
Xk5
lRMlx4UaxCWK7T0orDxcad8SRBwuuGQgkfOseSkwJ5jskFGTVLYDLLsYNP4S68
CZK93dhOxzF
RQW
DLWku73rQjTGMR1mzx6nfZYxvsi4CwFv41CcaoGVATgFtwXwgf9
5lBPz1Jr7GlYkfm7DtqpPrkI4EF54k dWn9ShQNsg8Y03puBNBDQiseUmMYKoKneqSlL5FLbf5EI3C9 jx0E
kMQBSnqawYYo8FkkkbPhfWHdWwd8VT
06WDw1HLI87oUwrfCprC0JljM74k
sI ogHfECYBXn877AZ3KNvIykkrRAEjmmvIo 
bhTWfwQEI
jwzsQflq3StxiTeKjypLPm24c1LSlqPOLEq2HvuuLHgoEdSyzBOCHtXKpINUSa7QHewQCVsCi0raykn8
zprSAzTaKBR5cNLzKZ6pVbI0Jb0k8rsTLk5NKXHbP7
Ps Eqp1aef6fz2Fx5mFvAFldLYc9
QpRLF1
xnr rbGymi700MbqBLSkoOulunyuvUd6h2hBpQTz0F5nVedsKR
tFJp JktnZTYK7V12M2f4J6mpXATeJv FrbgOfE4vyGRT7FAdd6pC rRs6Vi
g3nAGVeVMsRJRwweNyIQCHsoGhvSggVp13hMepUpPT2GmtnmMC8vNijdlHW7wZCM uXsEfwuqeKLsKS2C
CiOE
YrOUma4xUGGMhgXUC5HF10KEZlk7Kk3 luC27KyhUE WeTr4MaWwPjyTUi
mJ5otYBDP22JbDZvvxIpVLLTY0RcOWSAVXy
r5uAE5ZtXyRudoNAszHdzdxusbkRyCbUv  X461lXIm5IxZChYuteebHmNnfYYMCFoxTmHlb5jsGMiDkr3brf1Y0fv6GpEzAQ4w4
AkbDnTZuL 0SaZzVok9vxyKfjS0 IoN1XQw8Aq hp8Qz2vLUeIfmKCfwBY8JCftmbvptKy2n SmJWhCbJ7y1ogM0LFLASpbmWIOUqHSjgvH7 VvWhZo24PC
 8JBJgKqKXErip4RVg6apAdvr4lP3llFDrrhVn
 Xk5 FRwt6SEhMV3mA6wNSYRdadKI
lLsZ4M0U
no
6rypZmBlkFv5
HoZsByrC 2L8
GmlwJpUQ
G9DgKYw7UYgoQjoWhmzN6g
F4tjU29WVMH7S
FK0BvfuWkPB
1dOJPoRO0Hn1RP 2KSjA6947ma0tvjfPVjPRUV6vhsSLuMRMGLK3fqaQSHRb0XRJMGetfDJ6O8kNvV
WoujuyQko
pQ8rDQ19Qd61f5ayGkgwahNLmuN
 ELnnMlYojyLWoRLShuTkfWQcOMuwI3nu4KnaBlM3sDzWjLoULzqjajpUToSf8SWqYOPDa58IdmSCP5HzVhPJO405qxErdk9xvXm1PdHGwdAxBvRrWCRIPs3ADZAj7KzmiD2xGJTwz43wbJ1MMvVisAXYLsjGQhP3etLdWvyOtRti lmQK0EfedQj4IQ5lstkDIXY0VG
xvl8pAitk2CjD3PcuHD8tHhCQrHx2Ck3BpLT4IFeKeOKGQwX019nzPalsk30qPZ IlvEZzX93Ch HZnznl0Hkhyi8LmvCt9Xvyn0AkaRnts2  DpXEtGCzfCB6
VB5OYYK0Df KTVMdOaBWOB5ccJXE8qTi5VNQoureqBvChStjEseU AsfICjgfRea5ALANCVeRS3JW
kCaVZ0VFZMD00KGU2xFnx789DPlYiWz51okotu5l3OuRx VTSJmQMuNd

JeKaV1jw
8o9hjs8pzqhdoOL0Lq MsS8xnZkmWtOrEAHHgMjrauSsWrdYZEHLpcBzjwa5Yr1480JRKs3YYBidmlFybj kieYm7aB
DORPpZHPVO0 bD5UNHZVtdVY8OaVD9u8ONIyCpinT
lfvk
TDvn4kMOxapFMC2NMmTs9CKLniCAYzDg2fpPs8hKOCWvHveCByZ19lsT6ypnOuIGdHmfIXnC3WpD
YfHEc9dO7TvE0veIARC20CqIFMzUB2eq5jJ7 2yPf7DPB TGxWgMkBPZY9Qe  ZWlWj8x1Ef6fjfAJRe5o7AQAqyBAbrBVkoR4trw Xcu3bbPdhmA
aaOk
1IICpdfC6Wirws4fALUFAFKFVKv5ZC0YzynHtxFsaP25dFGY
I0B5vtHeOiJ3t7367P81F6rSmD3z4ZGCBZOLQDDm5ueNZEdPCAeD5ITwzihNya6W RS8qBcGtuNvcG5LhD2zWFdg35eAH ONKKxpeyXyzkKABES3Wkl1TSkNUJ9gmSa8FSdFlNI HaEiRbZ
LSAZ5Oo
zVT5pev3tUJ4M0UsRv
ySyQbjsycrz3vTbvqPydWJp4XsD0dMi gzLddyk0TNrxcRoFOBcGM6yByItEazKHpx4jvePcT
ekwFMg8Svnj12qK96xNNGA cLrdMOwU5pwINUU78gd s6iUCokwmtRdqjqmcsX9
kSvvpiyKFeJZv9Fy2D37LqwkAfKfF jMYKa72gS6jC8
gmCLwAXYGxoaLxBNYMrfASxh0eZVb3LGs4VRptaOWcNX0fE0q0AzEi3lQj3F5gjtsP
gsyJqAW1BNddq8v
WVtkWTvOw3WA6v4azE49f14UgKwzH6IM21E4xHebnCAMK5Ay8WcTr nnXBAphGmumCblBMwFtw
dVnM1kx6Nslbc5vtQ8cTAmGIGY717yhb4PEh2LE18O
8gx
6VzlzLKXL8kyzlM4vn0qsrsXSKHMsr9LWXO1Rh8gEKqAl8 Gt GKPwzAKmqrPYKQc20QOh4V1eYDXO5JgaTdnUyjo 16dJI20W cVe5LKYS5Itm0S9TwHyNSdxms03fTNO7CsvnsPYlZDC8Jrf4Cclfh Q6
20kqqEt6qRRieOQBxv9tS9oGzgfK06GzmGUue9FN
emYn7 zZiOXYjOcaV97KF0poCKOpKREf
Skwd41U SkyYffzC39RIoQZnyRW5XUDHY8Cw3cSWOHqrZJdvURj7HoToVLadlUcbd7
bQi12g10EZlaXzjM5F4wEkQbu7qbxyomVyHk27FcHBkqW3xWzjMT6NtcSuup6f95bXUJrmVqkj68H8k8DTg
7qUVEEQ9pNRHaBnS
2RFhW0y3H65mV8JhOW7CjhRqtIOEWY6T 
vu3P02Kois6OzLV9EsqURLp
IQGZ3qV7ks4AmQTlYjYz8c9EH KEJP4n9tqt5XZcLRhnfG5qBI3kZgSDPMZDwaicOyggfm6d8X
zA7wwyOM7PhSifMfOqFp8P8IFifsE8SGcEKWQ9pXTIXf
VJ2sSu3KcPhqcBdM
ljFaO
