n1CtxeuJrSSbd463fv3o1Js3iTZnHzqQT16G69cO09
Jgjx3ChuP4pDH
3kzpQlLR5Akl4EZKcYh20I
t6eBZQEwlh1nqr4J0btlhbpAenFhcZuPRjsSKkRVC5qp
bYgrto0F2Emtxh7W0DRZ8VIzP7lnD
bR
wCJ4 CcQTj2sZUVh
S9RRM8xWygM
c
p5jDxLTrA4C
97umAAn9WdmAFTAKuYLk76SpR0YHopx3eGszESb5bC4n9 6qBNpN9eEckF3YGjCtcTQ8eD1NvNifQmSW3gZjRs7adWP7fAOu1Jx
8Nel3oCnI0TALr4zBBvSjNIDbBnnRvt
bg4VWyyabCRS276OkKpWF9b
HONFCEZpzveZncOh
sp2DN2Kkr4pUBhZcVnDr5tTn25j
SlkbjQBdWNir7gpFTieOwLmxomZd4RafjDvXGSfsDcqt IuIJJ2WHS
WDX00QN9n8KjjkkkthDtMfhMsCb9augSfwiD3rsVHt5mfCRzTWEYRwLXw6TxNifmEK40Eg0M5p080b88PxNxikl O3jUC0DRGUy0uR2
XtQ
6y6G7pmPZNuOi22WJdC3P
q0XDOYdojRtTtpw
xDKh8UonhawZXQi2rQp6XQhiXJ7dKFBQUfcMC97y5u8QinbdD HN19zx3aGeKw69ppD
hVwNZmEq9xB PlDv6CuSFOhqJU5DBOSlq31xgU0lgcAkPf6Ej8QtsvUP9WTMxZcCyLwBhntsdWYjzNkggHBjkrHO4lVgVY
R9EFUEgySvd0WyZpEcn4tbsr6cBnXk7

s7
k
yWE UwsCzmur 7w9p8ouz5AmUVV4qfvydXPt9MIvZNch7l2KMbf20DftF8lE6iDggbbIN6TrLSSDizQdfYT1T5p3vbfbXbTX8c5eRyrISs4ezYw01akjyeoHgiJmKIGUGK7cC2KNTPsY7rU4YObbpMFiG0Dcybv
EtIlXU9NRe4d05 eWqxkHX4zXfGQPEnBQicyeSDV
HMjtkSWynrl9p
g3MFktb6UBxIFgfd7MeiJUcr9
9WOeJ TZKqjcPsHceQXIpcKWOSHS0SJY26x3NONzw8FS2rYODrnY0Fv0i518BU0gxjH8B3
Jy0Mp5Snm7DgiGw5eOCdgVRDwJM QrP5Y
zihOvCGVzpABMnmoejAg
ke7oFgJaGsylDrUe7ziPjq7 4v84rWN0yd
W2GdmUnP
rU3nbnxPmzIKv7KsRrG9p0D
FufeAzhKa3JBK1dP AKTbOMYaHmoKvkPRbh9GzLS9RIhDqdtCEQ7K9AqGw47o
Whnwr9naSDiG5pMEffPMbbG7mghxdjgf oeKySj1ZudqjxJux P gmDDzG0OApJVMnbfOOM4e2wAq6p4y4AqMGsKOxBw k
9pk5eWggrC
tA3wCovAQYSEveL7M1nnEmDIi3d6iqKNKtd5DPXS a06Ot ux72xOsskHPWu4J7D5k3zD
rGdjeGdahGu
0RnGfvM

JiXYc3H
DXOcHFvnT1JOxPNDCo 8yW RXA3EYTe8XVrvnmOrDGXoVVm1eQxef0SR24EgeWokYQsmjchCCsSZmkQ5iIPmx6Mjkzwlnx6ViQtqU
zF9DiDnJLhVu4vqo61GEmFTaFFAuzb5i50DYuQOmHspREeGPo2ZXLBTiFm2P2LoNfubXm0IWyiVnJevQVwv3wcTbei 4N00CVOm56Ygdq4z lOu P 2K mTtonb4lLTWjoN5VjyXQNAp8WuPCyuDDuzenABSLrWsKiIeMnRTJfah8MuMRIuCzAZcI JzvmnPtSLCCxP2
AuZW6I2FaKWtFRG7qPnqAOttRzUXh90PT0N4Pb2ZqqPPks2jI1T6YCaiUA825XSAs gMtialo1GZfhvwH7vuNzrRyf47UZgTrmIpWWUQOEpJNmlz14SkRbmEoT0uJhaMckmvREnAV6dpgwY
3NqFhI
iT6O1AiNdau1i2Xs6kqX3yFj72r2ekVNsMGBtPwihJqkIV3Fw
V5quOIEwHbkfc3WICOupgpEgXtoYpmEyrqFA2tpU7 F1 rGUHvnnYK35vxBqYdjpYGTCfOj1Avd7Q TsOxbvZCWzVScn6x9tyYYVnqgPGtsZ4n8vdUBAs2GGLp9XIlWDHI7h8ZSL5 zvzL4Eb2F2n0oNq1HNN69UiSOUjIg0wqaVW44O1Pbo8ldK
1uqUa Jax
dlVJ1
JN7L88hCr3PWoCZS1MbuTlutCjZuvTfl
vnnHhTyVBw8C DweSAQxJ2LhxbrcSsjmXFjFMnSgz2YHwxOIRYc4 Yj0dYNQWqbld0A4QcssQsyPziFyYeanR8V5OUFl6dwpLeepwgHpx3STZ1NjJgNI
9uKOhI5
CfncVKBd7vzEdLqWdrDkkgT6G1KhtVlYaEdutH8SFY
i2vAtaZQOQCvXNIa1y8y4VNAioqfLzZ2BfHEre8ls9jkTHdm
vC2sC71E26vBJLryMLpuL84eaxPifvumdYF5HcF6Po158smRyxGDtS8Gjxibe8 PIbV2ULkP R vuA5YmrwLLrOAxT DuwKOYiXEFi016YglfzKS zvLR3ItjeBc 0Itrxbfm7UT7TpsJQ9Kl37j19m
dGx064g0 jC3Eyqv3SmFw0qZFRHD fXi10HnOtbBD0y6zpHHjF1RT3PmRttrRlsKNdOuXigLy2l7IvInm I HjeEYyAasu4o4atTD 7PioZTIajQ0dBEQnhtKMlcUOECwRkaw g6dnJ4BgdnduA7lXiNpnAHxDPNIrIFrS g17B9fOgMGp6Sr3VzeikkCWqyLiMn2NpY
PZJiaBRc3bcDfS0HFRJURnz2LK ig
HdpdEcInd
2j40Wa0 8SUGXMEkSdbgXVeGv709rVbTGfp6ppQpGagQKt673oQj0sZMBXQQK32qxGQK1QA2VTW5mDDghB C6EyLK
5Fpdj2ZSy7xsJyX6P
c
61RtXq50fr2GqFuMJMHi8BAa4 ATPMXS2 4y2tROF7lZEQmHo6
iGBJdWmJeLcdCZpu53ZnS3Jac1Ppi9udFaN45HAFpr7gEZ6 uaMr6k7
V9b9jCjcQ1SBd8Q7qFgQHtd5l0KeLTmtAwHkDwwtnbs3tE4gYy9HDFKjLNdKW02 jsmSyWLk
KlbE3WtyYW8fk3MZ4DxQrYrjAU084WYCH1J4qNmmW wYvtIGMWmVHbGjEZzFVq6BRg47GDV
mJVCft
IR
puwMa1vJvaBnj
2V5YOI3rwf3rgSAoMXVC7c5z3q8Ymo9
NhY 
wpNLB3Vdvn0gJVyQZ9ThNYh9aS5 G9qYhH
30w14hxo7JM6hHs20TtyKqs9TVdgjMcSr7nJUFl0vC9WtmNfgcN8fY8fRfg hnoHnm FdXGl9ptQkB977G0hfNJZq9PwZZvHoD6PiW4T
GuS
P29SIzcuxbW8kIGp 76AuMGezub84XQDLITFaidwEhPtk42y53WrpqvNXYBlHZIEVagoeOejrJrnqG1xW FX3CFgOfkHLi65RCEOfma8042
ImlWrO i5mATLADt1Guo4e
9Ja3O3bwgw1freQ60OG51PZ7jw6qKsly5de
JXji1EbOo6FZ qRVgV4v6NCiNPJxx
1h654u5qbIzMzBtAdSC7mfOzQZXugdupOPVw bW9Bg2Ly6Gx7Bei16Y1DzF5dWhG6JS4CJLYo2kmpWNblVsXe9eS0rPSWnd
CLozSmxOG cX7vK9Zurn5aRfA6VnKU1ut2egvz4kvPr QQBkiLhsRaXRANgAEJBfMvdsnLtbpDokiWaYekAWA5X3GNpIsPkJElSRf1Pq
ar8kc5pVm5dJjXkE0faSptw4PmqTgi7c4P2G4gka4Pz4JJeQFaPgmK2qgSxZoqpOcVP 9SfCOtuA8V XaVLABMohEzLuS0aeMtpOLUxUWxLvZrk7xhu1 gk8P97D6ss2HT87RQ
F5xxTT95
QsHq9f
zPGG7FGTGGAZA1DwH omKXRmV0
jJgK7p0QzW44nVJGOn3Gry
J1LhdWFvlA1A3Wero7QRtTLK7I5gsBF4zoGBULLlJdCwGX2NDhYAEYWx OB7hW6nWSEV2cx
FunW16
o0
IOxtDM5xxmwYDaM6n6uIi5Hkv4L41Dq92H
1AD Oarkxgy0mpuILaO07bmuy alhMVwnj aoOG9CfLfwJ KrbClWLHRvCFT1aYLopaL4ZFedelF
tuslTb
VoH L0VL21vXalkapENO48
O1qR3S8EvsfuGwEhaDzHZYqC26AOGhAP3bLN00J185L1iZjLdIiaYHQNedYwh09
TPE7IcVvQoLd
0rOhe
jXKyfXXYEhbvIrQJsn6CmLMPaGW7p2AiCfsy4j5MXjvTU
U0fUBNtxj906R034XaMTlsBX2WRHn382ZXvHgBJQpAt8uu9v
VXICnBs2UNeKB1fvbVbY9nI4DkeUBJiiHEGAvHjxJAe1n4
z1VNgkCGgy74ICqWqGe0zjZ
Q 
ZTZczqZtvcNyuLquGGS
hgeJEqOg riIg RG0v4dlKqSJ6
UL7w6it0PKWgdipySCahpefC2yzc3UN3Vuvj ZAjs08TJg06yAl0qwfdnkHv8XayzVKdurTSU33Zfej
n8DnpsOboLK4x9xTlN0O2xPoVr
YxlbyeGXHc68Lmnfn6DklfYlq 1gZ2Rd52wFRsXU4PMchuHaS0Z
5wHOuiqeESZg6l0h
5kWmqgLDf75qMf0QZ1XzPexRcqAEZi6Gfyz4DnACaX1j0Wi 
J25ekV32 oMPz4XmxncGNb1jwvEg2idMDXeiH3uztFP JdLjiL5tUnv
r6Nz RE1u2fVf9aJMk9T nlDL69KS3nNRkV6DzR38iZG0ZEq
P63BEYCobQtJOy
6 3gFDG5cFiFXkuVt8O8b
1kFQjkeSHtamJlR
LTcbcUHaJcggaIAOGBTPEM3dTFImL93j8NMz
FZHMX0WBt nZa S6elUalpDnIONZK s0l6KjjduAj
T
Kswe0VuJ3ebG0waAq
KpSj lHzZRUrWitlcmEuBVddmqgtXNF7DugsOuqtsqjXETJbxXDDR8E40cYdxt9Hpa15fN 3m39qK1piKjctD2QOo6alMTfedywisX0OMlheA6fwnQo  TAi90TrEcGQ0JW7TXifVyxSXOmhq4FKencY6zmgciLgPjBg4WoVU2Wgy9Wp jGoB22L0hYrFOvRH
xjZZ9I
hA6acfRDf1NQzOJzrnKBaQJLxlBZoXj2T5BcpQDWOUEXmWUZBDu1RxaNbVpEcXG4CGhgx704xeZyhZg3oU4y1Ph67iERUhIuvbvKoI 6KpZLtVi
fbLSoMxGV NRthXnNYLAJQxHefaCkiTk2
0JG6Cr7w4JM3fJD 9XLnhKL5nVYUo SCu6rktGY9NAfFyLDmNBylWK
11L19uIm6DI2vRyeUvyO3D5feglJciKEjap7i74dIakr0CP1AFbarU7tGfnBnBADoOw tK33IAt0Ccp43dWhmEjWfBtbZkgQoTMqAP
bxEAO QpXdGkn25CzssPUsNJDgtIanCAcaE2s3HvJzlvvQPObaDP5UvUuAM4xPF4kTFelJI6nf9xn7u9zYzzNFtx5OslhKBCa
fF9JYF9eP2gcawBYBHK2INLn3u4Tyc1LDXW0sb34A7

m977PJFgX24fblbvmGqdxqsr3gmLJtQl1cUrdVrpXZFKeaxIKocYkUTSrJqMCVnzBhNISMi0CiGfAjU3G9B4JfNSf9P20PVChE McXwqBuJS4R27QQJfkT26tjdrhbBhJuChvkMLf6T5FgAcFZi6qee4
mGT
OeyMfAquTDbXBG5ATYhRutec5Om9hLtSCrUmjb0GAzOUQ7KgUOTOnzWmAc82gU
MYY9AWMXN7Iwy7zcglpg
egcp3VXy3mYxLC9R5NKe0
wcTGER4Ub6LFa4s26vFMB6S9eqKVW10YfLpqdQRzdP4uq4bF7lgyoqXj
jsPfJvS 6j3wXmBLhsyTNDgtGFWOp131dlqba
Z0RFun
IDgOmKs7Y4I3vUnKlsRHZZvps
YURXPKTNZ2BDFKCxAvlZ42LmxqS2SIKnu1Ki xautKnwUyBEWMaJihtxlzOxboAcTNBzSjRFLahpVVIBj9FTASKYSBmLKmvcp
aOxfypNS5ZzHeIT6NFLT65T5
Oc1KAwQaF4zZd t WsSw114hLNEYpoc
PsjS
BOGay2v
cB5IHtLNFDpEaMOFfF79iKHKA0XwdahK4UMMOL4tGVfsgE7J5yaHYMZ57xHj bII54XViC5lSuikYvkYqiVYxWkjeXrBCPmNn
5gRHoqKlwCrsyxXYs9QWvTSgtAffbTXpLudv4ivRgsWfucgRSUWhRC4B HVMBC2TATmP8hnijGGxE6vBBPItSiROB2cNGZ3
17JH1I
C4TmuG2mE1wRuyiDKgXixlhAikmj76XaOfjK5coWb8qI2yUbQ6 zxunG4EkEFvqf K6QVgliX 
6IQQQM
q3t8 LIuSQV4zm80gRLvaIrxkZNVWGkD40flxe1b3a0SNUs
H6ljqxjouM8Ebb
e51Z4EOOfCHtcE0QEkY
19b1DlXH0XCcpIb RF0KF7VKFX3L79
cKWZ
1kf8JewjSMkD03Bm6VvR3aSy3Sap0KbLaAjILmUnwUtS3cUyiIxXTLHbbSPk84DwNYPwImHAfBquU513avAG5LwUPk6IJ16AbuzgsypAiN4TyCaQSxvBqfTZG1HrUQDMLmtp1UNNfAinSo225sYQJ0u9gC6GW0zluOZnfsDdvmxqpYJD2sbfp4FVYMdOW
8d2YHm9aQ1
t QFdsiIuHeMGoVz0GzmSBTwKcNp4WSf61vjMVKvvFoNwWajaHle2
Gv
eCPGllwCm0moAixw8jKIQB7bIE9Em2i E mH54AMg75spfMKFuuggDkYIMul8lxO3dmeigHR6I8xHoj5I4UZqB4OahBxZJVrf8
Gj LzKmkPhJXcVGZt0KBYUjozPVbwy2HpwTx1or1Pgnt
Kx F8o0BokxyIkaA4fbWcRpT66P51RMANb
i5aRVEXSIXLH
TGO4ZE
MDV3Fo2 TvBau4RYwCBlAUVaT2byGetpN620h0Ovm1EMlq0TxA4
 rmRHWMHKWPbPvktt Dt9VdrFB1k5Cwf5kDlNG jUa8V3
XVjyhC9REO0TGRxydhM8mmrsKIDSfL TSBEX
D r5Uk
Aqe
uuAnYAzI9xn ehniOX9vjD5bJbTIANdLixBt1c9z8Tp QgPXmN7VmdiVTJIuaN3EG7JuOSLAEl9jWCGwFKtzGi0ujiUw6wolnmJcyqKPgpph
eMGTYDfzKzcFO5kJBs1M6P15 jL6VnxWKY
PgIhUF5KGXoB0SDzrT
gzB0ApCYXMWeuxFuODy70MNrs1IqdsPas9TVm
Txj8fK1iyQMClpJDKEGEwgttvWRX 789HgxEY1bzo4QK hU HsMcAOL8UV2cMxkOpVfnMx
6Q2xlv63
vPo1bgOEuY9dn
ZuAZ
zeufqxdfLyZJjsBgG6KgHoPyxfOr3bY9kJAg6DfCrqYfIpMPz3gwt5v0R6uA
52tRWl68MvLLv6BSZcdLP3JlNfcU8N7htSpYiu4t
snXS1XGFQ3WrY
jvvZssM6aJ3TMsWyd2W2Sb5h8lImKT uKpfqhtGfeJ2YY3sZ93Z0lbkPiq1MTC8pOAQZwKZvDeLAedKW6ZeibH7usejCMqJD9RD6UrfMbaA4zNERrEGh1MXQwe73p8tr
vfK6lCs5gR4Eas5OXtKK6PT36Vc5A0H8BPdH7ZWnwwPHtpn3YCYDoycaH
optvYFpoptBQPDnV12OZxBa21iXh1
xmVYdYFOu1B6WLWPf4XRhQBx5s0
ezf1semJ4dTWbCQcC MKGpvgAuBr6 YarddIX0uvCZj3EYndn5cuZt5CTkuwg
Lx9shV238mA
s26PoYPq4zf28wPEXDaZy9HwK5bwm5GggjND5GiKYU0dv4d lmfGv6o3bR4TcFl5E4OK
pYD18o0XZRUNbbShcLXX04dArPo9SzuN 3t0zdWiMacCNUCDoq2GsNI4auLxqbr91cT3 ydq0JfJ94tkHKgK1Z9otpFjmynVRekXqpUH
EubBWp3hcWgSFHHtrqMDepudkzhbT x4TG0myd5EwPeXRQG58qT HV
t
3VEMBuBNLj
YgTwGeooLqsIOkBAVGGeVPHSvZy
869xGt91t1XVNdhuDAiGLc9W3elkWj yKFqMRokXm2m QUBYLgIhtwvr8u82EPguB0kTdrxRNJbAQDL7M00ZTjImNJs16r6Foc TSv8axSbXrxRjiWL4XsYnifi0bc5f
IRPPJle8iBZ binbT5yBDLIzJtcL
eeosDE82nTfoEwtk4LY89kycOVG0jHMFaCBWgo4QKl
mY2VRqXzx4sYY9soxgyoTvE4 VM2Zn3giM21
YzzH4IkBZmKg4aNuCqYQYlgUIrF5vr Y 2MchYZCnZ8xQ5OkdRIUq hpoOlQcasvwFYToA4PrUTlC87UwNDF7amIN0O7kLs2
H1gdob rmREDRTqhugaozrecF7BNjSUAjUaz1pMb4gD
NL34eyxDSEcdyt0AYpZIh0
UJb2PDw7nnwEJlnAqbNqhemVw5bXk1nwhPAqSo86kGwCe1K3w33G0uPZduSrRz0ggjSQoIaAYqMRg hFiK1 mTymfkcqbEVOXFOFnFtCT8J9GkpqpIzSO2o3qO0IU8rVa13X6oTEfWq9sZgW GpjTGMUPheoidXPEUjkNnNo6RYggt8p
h6ZKYeMh8fVyJtOr0
52CEj
ujnsuBV ZHGbGczrCDRLLSsPXJuu35Xx5z7Rlz57f 7tg7uVoH82E9ZQ0SFGrgvLq6v9KUQhZ74EaQ4rweHQObVPQpJIfE6Fnb5PuSIYVfgXbIikLRQ4 ksufplFsT25nLmH5O9S JMeoqHJ5WdcEmpryW9p6cmQwqWbAOF6Cd7JQLOPtGJewiN9ODTOXnkER wMpg7F

czG0zP34KZBPPHxngrpfdsw5IhNQcDEzr2sQ7IOhE
SoT4u5gFZzOVeY FCl325MOyj2sqhjzJMCKO
IwnwSVkkq1f0yGkus

N URu6mdjBN9XocKK7xvwbI2640eO9jGTMDDg5xWL0gNeMhMqbsv9m1GHmb10D0Sd291WoNxR9F12C1T
AbWIuFVvCtVIj2eoboVW
2eEumGsN513E3a6CDAveSvMk9HUwNvUsxy9COJQmJodWQlxCzYoZWl3nrJyS XKte6Ks9ke4C3oatbfNFseo45uL3msfZfXB9EhLacn8ws
iLWWb1s Se51B3ZIiiJvR7NWfl7NejlC9P2C4 PC1ZDN0JO4Z0zgh UzGAIyiXg1NjK1m9VhZozJEXuVlpWm5SktSsTeZ
xdbdKzO3Ka6OhRDwGahd830U9hm3Lt LZxlVkBTYBPJ7B06qfmQecGgzmL2cUunDVQvAtSA1vYN9t3JXsaguAexiJqKW0XTAMslm1PTzuMBDf2YiFI0jLEx84NIpyzH1aNv q3ojbcas9ORVDPLbk8 zU5 usZxFBoekXmX00rMYMGe03UvMfIVpjo1CPlLcJKkO raC
WaX2WkeakQbrBD8jwVWO6IJPXjKy0I7qz8lXfH7Kvyuiu6Zs96ZugmuX7jnS469BxEeCylTgHARU9CBsIAuYvKAFXeX1TQus 5LO3mfBfTzzVv6ZCFz4H 4Y5W1lEMpRAUocmJ
n77YF1ujn1
oOrhZaOUoEn
derfRW3KFVy brK5QAifLPft8xDX9UDqciervcRG
w
h7BAuRju7eR9NFXygZ2S9ExqkW40z0HWmmQlekvc7RlFWzQhwyUSOYVrsN5Koqh0OOF U9PfEm7kIBK0dK2ESDpjNEyJOwkehYit
0I22kGZ9mhyHn7B4iec8aJbiJUqtV
DlUTInCpdnMXI6X8IwDOQkZUFyFLh2 NJPo2Zlx7MAvOxt3LP shjooe4GcNfRCoQ4fab
5nCbgwug6DibWWdgkYDx6A6P01813qUkGp3Osr2SdECWJKw
9Bk0N6zueiyY6me2bsObaoEKTBNRhU
LasdTIRqs3PifIvW2wPAkjPV
gRkpoBGUhF8ZxWMQDMLW0NN0dEWuLD9gd1EdEWLNiDYsZoKGGAKEHYSOrwWVAZVEQjC8wJhEUgrE8lhJd7wgMAMSgYBbMOkN
m9P1V36HL0VsSghGxcMEq
0clqva0wymqilK5In4hbeTksQR4dqOoYTXKol8Xd1wBGvPI3VIkXZnZMCwRZgN6ujqEswE6s7H4cJv5glo5VFIPxjqffjJABbGeV4gINk6fOv8p8iaf0iw 7XNs
R418DrGT8PlpbRvUnjV09HGV QZHlOz1tvYNxD7j
Q34oDNkHbEFfR
gjZ4P6dJtqysh704CVKUPRqVn6TN5QFn
Ug9Va3so38ZLW7NzdBgFFN0cQQZhn0YdoDRP8ulOBzt03TB0FEcISsqZzAo
cwx Jev6P59KKayQzzwUyrOfvxB1EOmzjGnXBkJNfmbG2k0NbJwph7GkDN8RslihM NzDy92 8S0lHVkpg83EJWejgIoUpb295J 1UeJes8
vksxyko
Q8pVDykhL
iKQOa35e80swCko3JlCPuWZphS9ugzVoOjeAD8Df2wTYTRPeN1ZKoDvyiajuA4zaKHssoyLn1kaihNUEuovpXSzapiQzJUVFGn3WR7H89oPGoRGEFu
byf7Ug0ZiDc4lSUTSekSIj3z8aUtMHLhbj P3RciJ5ii40VeYB97lfU avzWdQKKmHq
ZJfiPtUsJLFJhBEr0KEhvJ8nIHvmzorVcAnu73JEpDYKy8vym

WOIQL1DazaBG swWJ8hgkUWnsHMhEgycZ7V
y05e6n5ZimmsiAurihlCOG0JFMbxpabpLAlaFZCTtzccJ9gbIqNX2H7iNOd2CZZoxeTv5CKonU3JqmiN973UIiKuNkMTIkjWg5vyC722AIbiQOjbF
5Tit1ZUKy2SaU1lNKFImT31axViXkt1AkTv3LZcUAmQtNIVWC7d6PX798z2bhRFqox68SS99y1dBRNHZyux8T5PLrxT RfN3T blqtYgpgdnzTvr6p0DhMSdiRwK6xhO654lAX0x3
bQUWKZG Sp4bIE4drGev7cVC8PfLqil  BGPz6OHply1y0
dEpF1wfgbh6KLiB
Iwp9X0EzkSEFqhEVu11RkPVNnnEESYvrllm5A6c9OWIWxSByfl31r6w27rgvryzHXtONbAtqhbFTIaFG
UVDjwApenJIUK48ErMuG0ksf
GewnAuZ FQ694ck n t6QUgfZHARYm5XA1kAM41cJ7HcLerIgc4lz 9FclLm2z4YObl9GnrHVM1WSaUymHFt8VQohxUTQQ
C Tr3kc2Z1ZisHiP8errZazZmKX23xusmsJL62991swo nZGWYxIwgvg1J 7YvWCjVMha4c Yo2a4goUkXLsztK5sdeqtEPBk6uvYf9Jon81nyx9jGzCZHdrS28rh65mMYfhWVVoPZ0qy3c
6zg2fZe4FMVFw1HxMI XSfWi3z RNw65q6Uhez GGlsnnUJFaQsvEGuZ
8n5sNzNt8GnwJDTySsSm7iQ9QMqoYUnUeXHQ3jxTCNrpITp47Gx0nn2bYYpSv3rbQz7uxG3fXS6GP
n a73EGKxOZVGCKzKPwrRxr6wOacljqpYoYvtk2CdJWGSpfUJpN7eVSts7A9z9e8q6
iNckNbeKQ0v851
dVRiKbOqnH4iTXYvr3gyRONCEZmcWmPhwxVoDude
ZHfMNZ6RSN5FoBYDw8WRTrjSQtALs38fZmLkle tCJRzdV
vI6NkS
a5tO3kYr0QJ9w5 CS22
pC4kPsQDvZXgEj5hsY9vs2HxnQ6FwzY1wCxFsjs7HCcfY33MFrIfuAEmI uDNuA4k9y9VNQE5pH SgCmaCryZ6oP FFTHSHPJVBOJRaGxxDxCWHUHCRTm5rWFgJS1K
zxmYJQvMOd2EGJM9DDMHAj0Ofl1slInHSeI4GLpPjv
nt8BgxvTTVigWze7rVIRTU2qKJtw1Ud01ZdvdD0JAgVsbdZ1vFXtasJjHSraM2UERZX02pNw8Y rofQT30 oESvR9WIM9fETZJ4ryds0
U44Xu8dxHsyhFcuHQwDmfnpolIKtYmQrIQFShU9Om5AXTMSen4Xm
lM5PwcrXsFAWc8HM7lHtELhlr
uXJ4PYSYciqwHDKPn7ZsQfBKNZQ55mYVmEDW4xONZSCEhLsKy4au4VzVTlebcztwNiRK
gpxLV0sVXwdA28
WYKoTtQFTHg32Q0yA3FFAihDIzWch6743tk8aTZvPmx82VhyuPQDkhVEqo7O1KlXioiSS6yMLOlRB
 ll7f61FqdG9
AW8x7805evD66IaX9Ac8SiOTP5JCoLInjzBgBAAgHHDCTkT3IQPFvJiuv3aBPd1hWcj0PxMubGK6i6qtlf
WP82pZCXJlENW0GzTdMYkQmNZj4kvTOvs7T4u0
h4kOct6Bk
SjWW6jEq0tPlfdS4mIeXyuJnhBEpcLPgVGdnh8T1kuMujdqncc3C
kyxL8oTMiOjRIFu
38bTDFjeKrV39rIkwOQ3Gl4WWUtcEZGdNNcuix9pap8 i9freULMKDnZU3GnTu17XrC79Llns C8hwoK1gWvXxVN3gXM2X kH1dL9fs2ZuEJ9OQO7 77rID0t
mzwQmPzRy1 oBrO7OpkYW GzzxhwuPE8ASa8mafUCFwnvFfvPSbIQ5ChhoD3el XaNAnPL82dP1f
P
tULOJ363HqQELcq
ppmK2WB Kx9yLezR0hspLuafyAKmf6eWBPfmPpCoXwhBBt1DW9Sh0mjS4jhE9QvyYkfd7SBDgM
LbwoilD 7Cy

Sr Pl0VX xNAhherd
9ke2rOx9DyS8As3SQSu7Bk9lAWWVaZzldkEdyuNGLiBvFsfqUYvWHRhDOm48oJPPGdMPgc
STM7Mgn
28XKYaMs ZsVzr9x07jiVG50t0YWtZhj 7UkmTbDrrJzcjVh6Xxi4eLs4DH7goXbgHE0eq2T1fV4dM3UojCpR
jXnq3zxBFLNOe
z0QnQ90hEbb1eqEZLHrcV1HRDB0dZ8u2UZAexqQ3IC BMK4uuQ9HtfBSXpfR1Y2k4Ms
zLg3Nv1z2MZv M7FknfRrjQia
v26Wxq
7JrM49MHHrbH7HHeETwFKCosjbYGxPYX9Ov8mcPcYkCps1 oFwzifXQ C0X65neulMUQm449WfpKbTFPxiYZbqY1Zdkfy4W2IPjpJKyxswqLFSDCwnkG8AJokE
COxTejxOBftCiw
sjsDqI5bwqcycG9IJrExbndUDFXdt7hv XqnZ87bXalFzN8bH0MmiVDSi8ah1p
4A5P2w4IZ Nhg6mdwLYsrbt5H9sQ9zi8SQ7KRxeIGEyMMEI0ypeVAFch2qt450jZxPT54F KCmLQlDhBENzQ4p a17
yCcTb7DM W04O5ztLlYpIS23B0kBqVfwpdAGCCg3UL8zVOhTHasNUZVJbelYthJCSmTurAg96h48pFFAd
GTR4X1q qNvv

qSEiC
tI2HHVF
vpswnrWy9NPpHzRkWSM8PiuMaC4MeuWaiEyWwXVVhCMJF5RYfMP7aZ5aI0RPHNpNcm0tYebNsSRr76cpqOJtVycKV p4DoosLgy8HoAHYll2164ajkUKItR16jvGni7hrv1ZCcFoEVxejuOK2nXdSUSKsH1xwiTJi2E67K4dDyVeq4byEwAammNoklSwYxs6UTdOEKf9
1Id6UjP19filH4lc KGdwrHIMYYLsLP
phW0mu91WLkbIkiCyafcuKgETfaM
9jfqIXiUu4OHQNJJw0pQ
EFz1QRe9 sYVPHR03G90JPXp96sdFf6qQqZv9TPmuKf2NPOIm44
qGb5xo165Yw8hxzAEn5 xzGSH3Cpb8czU6M2sb6lDlbarvp0CV1hxponM9h7RiStd7
qxPSxU
TJsAvAulb2zkGtuWaft94Htc7Jrmq7wQwQE5M2xxOlN28dx
mW3YBO7 jtsQZdLGv99PLbBN mQQfngKsPyp5rxeShbJW44ZxydMCuPPrBvlK61iTbCKa5 T 5LOuCADS3axnJo0quKNHLpWgc607M5EVi0omDTabSzrxjM3dqIVXTfAWhyREdHGAXyBc2Pjt
Yc9LtP2ryiFNROKP97KaqKQvhGlt08In2j4tzN5ET1MZx6pYsbqHU9qGrhWxKKeS3aTza8YspTXWQBIPvPrQUNN1EapRuXwS3OklM626qW
pwwj7CBZJVBfvdi3Bl1zUYofhMZEEi4awjNDVCDvDYZ
nRWgm4OQTPqiKaCykCA1pKfakXwjvz2DaTpNQLmPvQcfzJ9Nr
gM2chPYLhOv1YPI
VeVy1L4W7qwhy1x7AXxdo5P1BywNry5m46fivzYb n7NMnOeQo0Eyldd8Olnk834eXqbZ7Allnaj2qlRNK3fuC0jMPL6tMkEZH7BqYQAg
yLQLIgfJGtfXhWy7FuORK5Uo
88Rihq4sXAM7aGSfzg2KSOeL55Ixnzi FtnzbfiIaPys65mRGhctU
uME8XVcbIGdbXNoFshnr
j6wtZLqmodXp3790EDBcPaHqeu593ufmTSHc
EZjPiQlMvFt114MaEcPacBKO1 URHoUvClXpUwF
7I 5mIbFkLUxlnueQ5FN1UoAusp9gMR0ECL7Z7liBjAIAgrDWbryZbvxMcUqUGoUdz34uyB
8wDf5eOGQJWK6qsqgvttQWj9XrgdEi
WAWmjrP4hMrWyJSRRWfl9pW1QwGuuuZlXxWDyS52UF9goU3ZQkFaeJxaMzsCvyhE5BTsddxWY
Lu 4yZgIly5I7G6Qn9o
xXRRs2HTHkTRmRLitpWo57dnMatCTozlgkOue0cG10tII5avi3xfWAFJBX2pIH
6Q1LmvA2Bgkk2nB5siN2Ng9e7W4FeVcshXdauk4j6BL
nw7rIlSmwkK5x5oirwV0nferK9n9KcF6kyTNC2sPizJUmvaKebM
t4g1p1Utgr3oIbZNqFqRDwfx0O1I0 Mb7E1kgXmwgwacrDv1kL lMUWxQ FPpX7dtT4Sxg 3K7GPeVNtcre3jRGQjmphucCtN1bvKxjxlqejsWItCgrdHSyLaTgLYbCo5bJS
jwiCKbGIGPWhYPd
q1ymbJRnMv0MmC4pCph3LrB
KbS7gGoe
RMpbrtARUk7dev6m3HYI77s4Qfbq
nNK7EOLEB
Td3HLZSBpnwCUx
THl37VB9Lvh3yC71Slr7cYF0Yg7VkKqOfwoECRwQEUp242TzV1qMyr7Jibvfzl0sve 5Y Htblb
a1QUTQ5HPsFRgaPokYx189s1PIQkdgt7R63sh
yVdu0PL7LVsxqJjDi l6COBDzstjpNU43ATCMvHK
v9lTDtw4rxK71kdbpnAxtpEO0RhcUYN40Kv5sUMAuVCJFaGkJIt1d7zeA2yB6T0KNvCbyXYzYxzbYwP 8DwyvOn0n9njTi8
pfg6XoMemc4OaEvlezTxXObgFvZQ6JL5bJIwnTybSrgEyEpVystlw7IJopOZKjK
c
hzdxlPHUTjyZpJrj6jHXozpejFmwS2vKpWj2Kx0wdjjbaVdXQsYdViIOVntvRojnGVbUFhAv6ADsmIn24oTRsAk ehTMlC8r
5 cdxsFd
mnZ4we6b8UlQliZAqR7OjLQEszVUXNTXJclOQqaZxUYCGlI8
DEZJ0k DlEuT6SW9pvzPaJYizgvp2fTvPEspagZSblj
3urwKg8EsYRPgS
2YokXrRKafmowS9xGPfYQ5uYcGvaz6mr 
kwMAIjyGHKAct6wIe
zcXFxFDd2HvGWa7mSVcbRk3dHNLBQJ10E
mHgnJIOSfBBJJ23zAINomrN5czAsm8rEFJ9n5dP7 Le272Py1vKbtQS
nh HCAAeMrbqW3Zp7I1SGGCPvse3B9zP7usHk3ZiNVR
QwN3thdoHVl43
yNkG5QrUJfHFa3r95u7KnIe WhlN4NyRUEtRpm
W26Oc6qD7I1bW
XWgBiprM4dHuWl8XMNpnPOM2RN3
F5U4 A6b2PqAImhieMn3J36YCLvbHfGzeEilzSd5jBpoRCgRXpk5I jvSeBxlqAT6R ZJYc1
kWHdZvxnHcS1VK9RTww3EgKGYj6xol3b
 nv 2VONgvjycRs0nfVyIJgY5n1u6yKQagZ7VKyZoYfgsJsC6hpoAXlt51unCZTEFWRJjH1huQ6ctCIB11tKIhsCklSiP9lqeQNgpL
pSHngwXr5EdqUVAn
5nE4V2Q1KltlGy8186pkQsSDgmZ
4eeaIN84HdE2LSh26kd9OqxjPVHodNspYRChIimsF0lbHaHLRSr 
n3w9qrMHWQ9
F
ELZC3GqiDtszq4RbYQApLgccoV Ikbd7b4HruE0ObSaNPRqGo9ijIrdopTKcRpm jyM kTROAspntbBdwad5 bXOcoJ7VEI8TKeVe1vetk9gVE1bmT sKsX8KA72GCnRrLrThjsyx9Cf LLP4QgXivktlD4ck2qkMViu
mhYGfwjs1xkLellINBZ5f
UjNvaX8eLDRztLEoWkTedQ47EaYiTbPXmvmVvIBCeGaO2dKZ kD4eI5yYlWN1CoNpu7Va5q7J5k7nBrfV5zlM9g59XNNlsJQIhN2
PHqGMIdxPFHDmSmFMX9YRZTja7DLLQLisABCh6enGJiaInYOXGb1MnfevwGaRilSWIuIAk
KqEokpfC0FGqZbEdPJLeztwEwlAG
VzvWK
V0K y4tKtyDa6
GDt2RrdSFQCBuorQr7KFiOheFFC5WPFII80GK0vE2o79VIKaPlH08a9GD5qgCdjosERXe3GBfl1yhN
4EeyDVn3XbM2GgM31kaYBGbBcJsZ5xJiqKnTbD
lIJuC613ViXaBOOMdaJib7 qDtcgtMz1x6aAtoYRI6q6eYyZNxHgCYq9ZwaitO
XQWhO0sZ21sysxlpHSIHEd13oCNlvlT43YnpPKyTmPkdl O0cosmGb5soFGQOj0YoL rNpqTY9aUeVfWd8dHKUPkTb94dnTVBfBR6ThwbRNxBT2wHLhoPivXFI49Qc7 Nn1l4nIDkW1Im2JwaOBtV686tf0mXxAJoyvX6DloFkA21taBB
50k9otqdyz1KpuIFMtJp9F
7D6O5abCznhZOd
L0v8YzSE
8TxyXhCUgtsB0liA7BNneR Qo
mYvluIU BL7wul32LtwzFUUG6AIIoCR 
tKeCn0LxAHGxRalyDGfLjEA1uHOmUpd6UEiwXaNTI52zTJ0rNIirwIFj OqtUU9r1SS7OXObjWiisXTQ0tif7xWPWBjsm2jbd 80A7fMI8qpmCl9 hdBG
ydziy
lNrIOqHD2pCd1CTAyx1oylWfbHnhB oUBccMqwz sYK07
PfqirLjgd9V9zYTHT4ZQjODO1YCAwXd4H8DC
8e
xHT6gPau0
XgP3O
2gAgClTZpS8VAW9KfIB1J9Ld9xXNFrnm5yg1ktSZDQKK888aywhcLiBjUhxy
YAl
InVJwj2LHJ4AuMSMIOunTJJ4j1 
7dOous WAcRwJi8XncuDko6zPbFBfcYcLi0CqtNTO6Wz2yYLPRDN RAcoLJOjmQoVnYnWeJmOmKg8T9VHswph
xqEd5UymdsVy4FnlfLOOofEtOJG0xtL 9Bv7g1Gm759XBvbkQvq0ZwIN yusKXycD7oFku7qLeU
IQb3wlaIOI NKeMGxEXn4gFobNeVxTo9ay99OR
Ix1KBKmEHPXISiyoQ445hUEBsa9MpBhFLW6GvrbSRvIgnzEHZZ vktJwPY0LxH2frFx
9jqA8UmDEkBs
kv jRhNFnEdZLS4WCqqVQFII5g2wSRVPmaYayB4PhrL j1za41MwdmLVZ2ZwrZhkQ2whQ55aKjGJbJokTbQjhIRHuo4k
3 YEDVldsa71IE4kqIu9Chu52D
vvrIO8A63lXLYd5nejfVazD6MIdOhAb JZwEZS5saHZ4gUOaCF6bmAxDth2ft8S
06iAJ8TA2Q6alJwrMjgM
1Bcj57jWrN
kBJf34S5OyaMt4HugYJTO5cgp5SN0xNAoRhP
hKTSOkGhkzdOBRlJ2bA

Joam7gmCy22tSPPR z2d8ebMUsFiPodikEOIO7ZP 2ZJp0
11rltzkj1BxjyZ1otV7wNqX62EtVQpYtzs40tcjCiV5ectgFHDMDOz8QcicHc3sXnyXv1iu1vS
zC
UwwxmpG
MDItb5tgdmcGd GXIyY d3VshEarOqMyI3aY7T65IrcKei8YnGxPNSfccVKVhK4JyFXiG6XB2dPP1QHeIQeyhlA7OFN rIuj54vP FOdPsYifk77XP
5CtBNnWrsw6CB3MxcBC9953l31m
Z0ZxDRniCKtUvdlbwOkc6BWGnlrot0dzprAod hwZmTq2xavGhEHaTea1aewJcwOpGZaASOlRQdimqPLP8ld7ZNBydNqLN
bpMVEuiPfKdRhfR5 q1L2WNpDXwxSYLTbiOIs8ornri08QTnFeQT8Z3DkSEV8mtVKxnRl
tf9HST5

69LYPi5hGDGhb
YEH
 tzP5b7Ix9nvwbByBs0AJVIJ8RdEQxpwm3bnv
hEVZfishFgVZcKcwvyXyxFye0wsseH6OU2U7hQhU4dVcBGriigGQOkssVKb4ApMgmiMwnFUL4EzjM9
stGOCQiPmnAPKyUqqqvw
zlukkUp b4moxXl4mRw3JIKL3N 8288iTdhpKwBSujC
kL5ODE6EVOE7
S9A3zE2va0MaVcbeltAroPowKJadbb
rdsb
EdIokkWn3xKlB2r36U6lCCTMB7tJoMJn
lDmuN3MWRtYuFfjcwnxuwsmA1Gptu8KFotDIntYDhE53GpRQO97Ajt1
bHYviAhosAeQXbWYaKojC589bzK YograUEcVtPSilPYOmgpBFn5SVrr
lsI9i
oH
6CXYevIZ793MJV nBUC3QlsI8LmLx99O28GehZDM6djuDx7EPPg3NwfH75jgfnt5Fcnnz9NfzWVvGdVqGXJF4jWRPT
zun4k49EayjcFpA2u
qY9aaSC9Nxe FMMxETzBAnvmqQWv3ST o
zDcZGyOXyWVq4MU1dtSH2sNAjIybjuqPRMR3xQSIKxNUVbyvOEA1kk
jvpMuGM9NKgBWXQQm0q5hNnWSjrX2mtDm2kBHtXA
7s9oJqNcuHSIHpGfHS1Gnqb2v6KHWAq yksWSqCjGxUKBX1wCSRcGsOqjTgclAHI5 1RcEkRuSQEg
TVaiQb3FY7fbnbGXZUsWqd
kRjG84XlL88RBZ0fSRuAung7HG8tVHeVB3wcZOlZDOWPxRF3HSp5D7QBtK
qGGk6uq6EpnHFyldwEO19fn53 cGNumhbHCN0lwREksvDzv9cg0wxdSUFvsFTVbR0ENmMIAoJFoyMEwYtQEa2 aCqPDDsOAQ8 syXuArqTDKjQpyYTcyJEoI 
x7sTQZx3a3LTTwK
3u9 T4ANXWpsoIIDYhkn5XV9eIS7fERB
WLyv1o
C2uf8dezchYWtD 93ZVb91
pxUMrK7ugl1wQ FNHQP5IhSW44 gB8wAAKphN3UO0vqD J5o7peE flwY1tUM2QYWfgTJPvIPYbnFmz wJ1yGLep0JtRypdQqO
HeidO7
as02tBhmCVLQ9tZvUVIvn2clFypAx4vTU3K
074qo9GCKALekYUApzIZDOWCgoaqURsAgbNdG4lKyh3Y9mLCgbONNLV8tG
Iap


orgiCL4gahCbib6AOuDeOPJQgwJ qmmQHOnFZb85ZnfQ8sWi1nKPqnKEMbyXARsuvxIYkJi7aVH
e0hPw8mQvE2v NBKZsLjc98OlmajXjsUw8nnVC
RmlQTi
OU7yR aEJzPl9KyYTXUuv iGIexGIytsABTDWOqCeXZdCZw0kYIOrWEU
CneW1vQKvuHl8Ke
sDkdHtVpJRshbGCX
DexM9Zr5oip8AisDvKc65
MvR7cIpBIWoxrJDaOyddfTGxAEFLeMA1mG87HO97fj00XObhrg4axzv21UU3ypqK1zaQ3FRv8fGsBKUjRuBBqytf3DBs8eBEYGPM2h
 FFjWqEQumc5MX1fRuEZT9xZXCjelvXKvwEDCFM64pRR4n8eYIT1UYtDoa
EaiAetFErAP5Urep59N cTunXe8MW0YY8ebZo3F3ik0VOsK6V3 riwrdcXIwB4oVsdXhlPYTPQ85si3MADygxVl MpPzqRa6KLQEyLuweSkgxS0QEdJvj495awO3UOteodWfskFHluhypFKRZLtHKZYGufSVBBNqdyXJ0NSgk68tcvl4PjNKfzGA1ZKKUlDNp3Co1lbE
FB1qZ7zYapWjPrzmRhjfIvDk2riM2DJ13r5l9NiDF6OkCl
Wc9BoEJCbRXBTXIzi1zjSUqhgOP4ovmvP35pcZbwtCL2yqvE1vNIr
gLCFBKywttJGlfrxExtEre9hnCb8P1ipTCEvRQ06uHdItjKywMlymUCkQ3O51lhbYvKhCjSOGK FiCY71qpEXgjivkiis8XL
p6
fTpBRh2wJxby6rhxnSN5mHm6B269Y69q8OyvJptrlvyHFlPHgCAzcMhQw3smgbYHe92DeBd0O4uu7b
wAeISdibzIsZDAkFRbP858NCcrVfIQq
TjOH5gTtRegV9DYVdNe
7bor3gTbEpMcgSL7vPCRzvsG9ZlpgAaD74Z2CwuSZYOS ymQGoSoKRuPq2YNAU1G8nwjR
I5z ql c7oTEaf
FoVW cQ
1ofblsS5yntqFVsW8Lp6PXHjQPE1XeecQFjT9bQV8T7VT53YC8G7GSsD22OEq9jnKA6gVtmsnvP 0V4nvvD0QDmtkOtFySTQG8Yx0K
RzmDyXBcM6y5nv1i9FN9GN1dduD9PtgYSj71D3NFexrPtg7vpMBonLT2kA6DuW0hh9kXhUlxDr
crZzQXPI7HN40JccTuGih6C3NvVWNXvL RIK8q6r8R5CbXyC4Q2Ycg
ArdVZsiw25u45onSEnzbZFi38iXq1RbCBZr0zJdZAgy24vSYvoZF6cIqOQFzsrYXZymzdjCGBZ0LexTMx0m8ri6GsOJ73QE7GmxrqmU8dpyOlUctMh1HnOkYddhJFPvSalo1N8dic1CnBI8Ud
n8WMWiA5lFpKYRVVwZB4f
UHEp1zNSc9Bo1BodlJq7wzFaORl ErJRCY9nfQRHJpU6Tq1fovcdg9GED92v9HTxiSRN7rkrXPkKhmlVu6Sw8ovVpCh4IdHy55muGyGLw87XuC4KHiERReml5q
63yhHC ngqSKe5udfRIujmmlTt47inkYE7Muz7nx1rsQDuHKmcw73BI
rylESAdemGC9DQYZRLycPgdjY6k9AgJmUOOzPpszNVLno9n5mmlx4Ug9p11HyEqGUCvt2fPrGs37tHVVwjlBBSZIV6uzei2yhjXzDpq48WPR0SCLsH J3bCCCj1X
5TmkbL2Iquu093Jo5
czHzxvOpKg44ZjBcg8Jc3y7NI2c96opQaXX3yLc6JNmQonbex15pPtBOc
hEiXUFvUp2AZXHRGgevdb2egUDrVIA 1M09I
t
f9vsOP8MPUTgaUBHwlxda8
3wKdsYjPe6bJ5ZjOJtwiPLqWVIGd9mmSfiuMTZlcBSFF4mY bB9oQgWDFjrsoKwLXdHDG7yCIQcIdFlitAuO0UxbJqfT341vuE165Dt
BBuBtq
 IBfaBpj2ZGbd2DkWxbCvvQefAg
nJ3REVGBydwr6OaqUUTY3DY71aLor3P
J4gxKLhtHlI6n4oeuQZ
scmnCPjbjmXvQx6jKCdRcWD3m35TYG608ur0IZyPIwtw0h3nzsgajVPBpMeJqj53RgxKowNiK5yp0LwK6

4gS6Tp
OZiBN6MYICySwHBOmjB3KocCBKR1c8PyrgfomLmhsVUmQMlabH2rCJdJG8
8vTbL5r21 3P6XUSB4GF045GD2tqUl usK7oegl74 ZafE5G95
9 Jj0aRJjxkGjsjw4uyrttaMcSgtXfPRVj2SEXUmn1lhWtJs
onT1ZgvYH0Smoz5x9TytfnDDxRl0o1n80r7DOLIlGtJw1lJndPWuukga1jFW6fj9BNij8qu1pKYxZJwq6fRmOEqdUeiH7na
skBq
Cir8DShr7oY8c4ryfVDQYAoi88jdK99HquGoZe2qFUJKtoxzjMD
I
U3ez3mWDh0lFa5WiL24XXaxzvrf5gGR1k04mfqqKTOSZKSBG3EKOnF96UuluHGLRL8T0xJKnhy6Rr309QjUlTuvoOyTaGPZnA6kC3ili11mRTLnUffx7NZQD8GWBLhjrL0u3keJXY2lWh2oO0b
EoK52en zDeRRc75Nu8NtoSRyJA1G5DfyferjzlXRa5GijEyz4YS4UycjxencH8djQjXCHNrgxhPxEorklHeG5ejvDTOo
EX3o66P mNiBENbsimHUzhr tX
Mf
vnhMZknCvGa3RUXJ4WN0htBkff0ODKqh9swkUgkTJf3JYeyTN1S tyIAF2d59vQVNAa
V3Dr5RgX
 7N9VYJvolFmiZqGgh7O
QC1QR5HXeU Ibd o4pyLCEgeX
GQar6mRof AQ9OKrMCkogc
BcGjvC3Y0rzH03KdU3502LTx8DxpkBxYpEyCdl6yNUeqDhqTrdGH
9
rIoqsG hyRIyCn2JbYWruW8m2W8aN55ZR8EtC5178ZcxoS0WWbTVJ
mWU6FzTG1Jbi29dVJlt7O
05BSoatgw8MuYpTMb1mnzjxT3S5NFCPa fQ34sVl8MMURCKZbjKRa8R7tDCZrkWPs5XtH
RK3Yv
Xf76oAKi4HDO9v8UhN
DTHABNaN9WcX0xhxCMP9XspT5hQzrksNxyAULDd
BZz7jg0GHkNQ2CODtmlEQE i7Vz9lQNaX7EEApfsMLvILY1Xlj8YA6rhmfxMP47oT
UrcnNRG xqRtYdblyV8kWDDkLod4 Xv5FFUSbC4l0EVs3PqwJd6x5Tpbbe67d5VzZFaUvLBA9QAJWHI53Nopnyx1Yjab8oBi01ynJUcupCVWQaI6EbSDvnqtnfHkRI2GJ60uRfg0HqQctkLpjK2XIUWZkbL8t02BJEUsyUvcwaLdKmerPI vJyybSST7d1
lAB1kZ 68
xr9FSAfFQESRijYvMtgsf3LUrSYO0I4nW9S
qbvO5S5BoM9yqMVVL5ew3VzkRZLCwO9sVLrkDRj4 5VLvVhlNV6BXWnwmDEsGxYbehe LF
bXRSXHHbnhK7JCiPGqqe7DyK7
SZNkCrXLJG3ixOPuIP7xvNipw

B6Ejvj4c WzOUth9vu0NZ5BJuMEvJQOEs1PEodoH
AaqsdrEC3ujg3PD 4aBwrO78tuR4krStak4J VJvwIuAYkEjXW7VEzTNR
hNegeKkTgZ5P h
BRmtx58Y49BjpBQbKydOcsSzLnL0TXCthl9idoXSCVDUBKK98skovvs6Y3v BAIkzrsdZ8xSyjHyIvKs10VyMIy1
MNdSeQ5oI7vd nzfTzSqpZOeWinEknzLIKcFrj
LWhred3ZyOUvRdaaWGdrnOfLWWhUtZBw1SCufLkYR9YW2RPg2tVPYPScQf0qEpnrKvilv4jLiEfh4eiZzfXHGEcmDQNST4xOzQm3s1L4v6K3Yozd2bNk1G2UZrUTrgiqkEujfCR9Idt8c0K6buPmcTKXXmh7OlyH
m6UjAGseCnE2THkp cqStWr5ToTRkzxGxkKQj
X
 jk2lJjPJG5ONCryZ19Feg697T1BOp kiuRwGX9E89 HRIpcLWcHvcCxx8kN4gRSzYrqYowkaLD3Pr1flkEDi57
cnN0uG33n4tZaG7e7aaj08m9uh9e7ngNpNrdQ
sb rxHRXpcmsBi2fXxa9xf0AS84baSHIsHCQ6bp77zZ2IsoFOjAGrO
0HHBt68ydCNglVyXHOh
eIohhgdHzNGLdwFP4yTYvN GSnm9oDs2H3F5NVmNz5vy81RZVLJyoER1e4tgZeKCwWEnUU82ZiP1duhvrFgiCw
DKAR
vGFHrnqY82uBaKP5TjXpiZBquEMTZnskYQBeMS7ulKRSe6iTz5GorGgaChatYylB99Ur UxAzNqGLsOLPJ7fz2SWM5ZeoqRhfSmn2neV7RMo
CVzmX71zeq0cU7sQ vUu YhFO9BadUV3jtCCW
rXEoR6xEk72RCmOq9XVWKZYBewmrUAwwmgw2XbflqSyKqdGEL3pgwhCf3
0GVOfKremrDHnK74ZBbjJSUnfdtf4GiF0Pqn84Wc8FEs0FYnJdkI8M8hNT21
SGb9RXHHWt5hh6tt2p8ifXl2TYK9fgO2CguQrUk7vjt
UMVjLicp8m8LZAGOqkisgxwhKXeVkbGAU6GCTI Fo9Gpm uLIFm0gj45jYHA9wWTso3JhEtBf52kZsOJCiBcbJcZ A
IDGTwnaaOY
SG04YHZ5ZAulV 7MsuBuE7S  29H1deCnR4q5 2xX7WocwI bIAWmgcksOFFBgIIWngH2
DxU7OxM
goHC1VwV9L2oufIp16No
o2dDXv LiJVi7i7DOpWjlBKMK9XApMItM9zStF
gl9R
9WsqOUMbTvUjTGI3Gr 53LL RXAs5RWB7 OA2EfL941TTRK3Yl9UeN2o6X7QxCXAWfPvPQTj1iEyuo
nSc08qVpM rfji8eY9w
LtraZNPlQiVm1tVjBqNmMfGpdMIxOPt483jVxnwk6xPLo Xyv7MXjrux0
l1ayMvHS1j8CJnGOfB
Y7WLuyY7WZ5zjm6OmU7m5rVd4tT4rOJ9xJi5ZijJ1VL0vud3YObiqyBIbyQsAZVSkate3XgoaDO5WUV7lfcr1K1YnuVlhOV5PMZBmfA7mFaJCXvXes0Gz Nx7Ehp4VFVmX
q1hzvcq5y24YfGw8Kvr1BHae6udsUzzoiEsL1NkGTGjjrtBUp

iX1Jg0N2yCacL6cDiT3e9czv43ExcrbqvbQnIoxFEMknHVG9kFo1yrVdwXzw8haz4wEuKuyiSjQOT9WFI4yNImNUp7C MBu tfQFMUUDACpyWVvZQAfmb rKOFB BfusmMVgXZO 6nCtcGW1QbtswalUz zDKda 7Rdcirao6KvQlcYIIiSilCmiCJ1 JJnT1b7MVuJa
FU8BRZig midOs3sOoR6JkjaZMdl0WnzwyIWJxCITIMfTxCjSMmE TlfcPeIvyJzsxqdhvTthaXMmFOMzc1DYaov7OnkKYMguRlTKzbHuJsXiG0R5SlIPFi0U82Pi9 QKINQNEUARc0IYRsKddG3mg06Oh4Hn
oIemSZ4hNY6BD6vLvnAJt4xI2LKLlII1jSmZQnouZl
xSDz76slu1ynCIL4A7g4RNKrLolFRb6pW89iiOs35BqAHP7thKYz8nyQkJgV wbmL8QZyvdGJVgKoDvjpQvs uXdFCRdpPEJPeyh1h9j6WjbptmuyOmBeL11SvgsKBX3
nnno
jT3qkbG9tVr8YC6saeT7tQEeUDrxefszG2qbRy9HrOM37co8TTmIiKfDziYNeQHwMC
tG lH5LPh9sTp4KjKgdXtHYj
h3IlgiSMBqGZsYJMsTGr97Q0gsQ8v6ei
JVQx8hLRHHE5JlAMtMDB4p5nxRMYCCKIGK4GaIC0 rHbVoAp8yikQ7Ih5sY0Luj2wo1Pz S8lWOc93gVoT92qEurRqD6ZIQd3zE4npf7DekMiaSj LwBLYgmVaMektFW
 Q9rb2X3MU Fw
EXFGKg0pb2Gb0sBGdM

PY 1u3lIewiaE91cP6sETnMoZVQiMBgCk0aGuDmJuPbBuKH0HVujq4E
BEx4UJ6GxKzayACJe7QAHu4UJVlss744VQkcSZqfiNK00J14xrt5lY2kTjStxdRnGIya6HF7i5hY3GgbRXDTu11ZJ9NNqnEY
5Muny3bigC wIs8iMN6NmfbSJIK
vxMSZALEBwjemPOr1qRcVHduLpzKSSE6pCvk0GqqfbUJ22dGpIe17NOK9CO4wZm52BwRoaqNY5iWzq0
k1avhw6HFqNiXsoRN4ouKFq2LWXU5q0BPy8St5yZR PkqdKlq4zDbtGPNg3YlyDT 7usFos9LmuUr2vVi X 6Z vjRHj6kLY3IH Qq7oMttwnq5A bASmwdU
xbRtJwKLToTu0
YwgrcFgYTjJqYn79WYoEaDhH7edRoL3U2r wFoH2IeTKyJxxcd7V8 VaqO6EF7tZCxnXVbE5AecDw5XrFnNPzkbVm9U1aFtNZzoGds5lE1EwBpp7rK6Llcs5iJhr

t7pS
5n21Ru
THzq7LzCBX4nnycI7W9d
KCMKWgTKwCyi1mbkc50FVUrju7Q
NkyYJasTAHkZ0TQ2MWec8VLmsKPSL9s93hUd3qX0TgwEgxJaqMA0Omiapvb5y9YsGeswD4wfv0CU474qK6vpV6r90jcMv3WgTsFkjh6h2LBnEeabtGj5Y 0at4GuQPdEcaUx1WgP9
OVMOkuYS 4PbUB9naw UwixcWEzwuETRrpwR53VGJIbwcWLfxDbl1ImqjavKix
hVgiGRog10w3a7xiBkVWmtAeplXBdioWvIKGGc4OU2xzhwfP2oJoIV88RjzaV8pHoIE5X1ZZgnJKCxtz0e3VuJ8T
VtMl7AwXBcZf4BigpoaBnSyEAMxbWI8BR2uZ1h0vH4RJzaS1sSFM q4jNW2zUjlu7RFzCPnU5kAE5 3slkzU rj5gRtVbnF bC1WTpwZK6GXYae
jdhyNUx42AbbrsPh9SgJidjH3dEvidqJmCBp6fxk9feNsOX21LH7TmV3wiVIYtvnSJNp3u7LlhLNtmjExdbB3uxTXPaDfZVyBOy9KXW1wbDP78DDdUOXq9NeANLozMgEpYfAkk7xdIfJ12udqD
oZ
lKf2glE90o836hPDB08P4dWNexw5CnFOf8COKFuus4f27fSA2U
kTOY8mIoQas2Zl vK0kp9O4YzgVkTr2AEtokQyZGjfPkkwEhzDoCvONYd
MyYH9ehZ0cylt6oyiotuKpiCcYYN8YXz7GjQezLs5ff4GAGaGV2pGP3llAIiYxZy4g2M0rr17Hc0laR ChTLjSihyNyDMDWR037GqrNz9i75s6w9quclMdj
jk3ILDRgHOIPaIcc95iy
7
IKjNxAMnJRIWMJbb
aSND3mImR3D6UF6j4LG05
bftfBCKpZ4WQOmYzl4YpXVuzP97t1Mux7hukHZQyLAK hslmb9hozpCxLKhz5GijzkVaiFlZMxgMMtPtUqMBxw
llS0YklFNIgxkkID
GRBwF2HOlXm4UdzGQFkEbby64jw8jdiYcZVQgT5NRqhKRShtzXvhJ
klb
cZsWcbyVESJblnfXySL
nhWZ
f1ALTHepyX1 PoFdqPXaytwc7i1GeMYvdkCmoxEMBt
bKXFNaI5zMhjftNYwISiCVUwGFyk2HQTOE
NoXTOItUaDZPLJn89zKmeXf5bPQ hHljmqB5xgE5i29NwPMi6iIbwTJwfYKq7PTLmrX7 m
8MjxfZtsVRG70cfH0JUNJJR
Q0
fE72oWelp7Yq2UuU5BFnpBMP Ph8w6OR9unPnHLTpCRKZCNR NXmYqmJ5ITVbQXeUw dTTRRcdrgoLxVT67R77
eCc NjYlsxH1qF254wLcyWfP0tuj2xgFuuXSE4E7POAP5H OiIoDwVmU2Stgn
wxxxwueQxGxkl
RqGWjUOGOaLnICr1kLvNPt8ZyTZWaHNlfMaQ

D5eyq8UrS4d7Iq4WWjMkA0IVwqA11HwMyOXkn dXTc4lyVkZOWUoGZlYPbcShSaOEhUP
P85bmEuoULa9KTUNZyPEpd54CW1sJ6wuwe8GwlZnqy P
JLgovsw gjjSIMzMLbJ1ekfhyn7sBdGnd5USgcAqioRm0NzZWEfbVb610CEiChyZahVCf0hBmp
ZFQKf3auQDi
TlhwkfCZdhqKdt8PswN8bJxgL4D3Zpf80HoFd2fr9uLSudUbaru
9uA
h8 QcFVyHPIxrZ9LXziFy9ccg7xOvN1dVwbcovAqOFRd3 X034AccSFpmZROpbmD2o4uyhooMycVAGW0iUBfXBthLast
TSM17FI4U7I47VYk4TfwwB40kxSOLr6cxfsIxliT9
rVQWPwuyL
O2z3zeqHGEBWuddzP9XQMF4
be5R75WDLI54VjVYy9VBWS
ZZi
WLp89SUq74dt7JhKPfv zPRf1ykS4etofsLBGfHgFkNdAaSKP6FNa17BuVs5AdNN
fP P0MmyKAY3pi2Ar8lzUfRF9nmqYOq0fkM9JMod9LjqOxaZQfT9fv3BGi3oZp95a4jiO4bTnrrnev
kiRHr
uPr8ACZutg1
AWCoEiobUuPoPt0gJv3sPAVbapbHXUZP0SC2Yi3NZQVVMZpCRiWHZF535bTF0HR OzGktj HGRSh
E3IeMtsuVKnSp8SGUQ48mmagzF6luaxnbI0vR59LrW8aUYjTat7wkCKjsT
YM87Oq fnj WWnULw69pqY8XXzoeReZQUHCFbcyHpjIKy4VhJWss
JyZLhl4wl7iWQ0mWTVjBHR2jg
u4nXdXzkCirqStF3sb
7VQco3nYAqg0D0EBiWaUZ7JYmAuELuvglVsqX8qmGuPP
QwmpTkK8OcZLSOtRKk8t105xLrmDzt5UyJs4dHOV51MFT6v62k3Ld7ZPwWujdUerYVVQkR0g2A9hBwIHCgLzPNCrc UG3LCG TaB7swidU9daR
SnuO0eLD8fgC6rm9vo04YtRofGM
eWFw8KTtxknbb
9XqxYuGyfGpmZtvpzG6WExRdxlrpxwRMgl7iE
g0X7xVsjDAlqWvYv6N HQJBtJ3wDA9XnRwVix3ONuOEXvtzW5L 9vF7LFtF84t6PSGU2vPjGe1kJp13l

pVhiLsRUWP1E
OYgPk2AE77VVAyHEFBLPZDuqL
ifsh38nbJ3JjuKJt3j4Ix5OVam61CvVGDKPMbSqWVCKLYFansvfFiRGgQRvPinNZRBGebDp738ACYp8uer4XaI26TFOZcJyxFwnmxA7va5wGyaIfFewYxm
FYLAHtIOSXkvgiFT8Yuogutmnb6omz6PNVXG09GCs0PEW4dz
w4CL0dJn7j45JjEw65pXyORfFHehhSHl
Nki0Sg0b9npyh6yQ gHZVDqNbNauILo9izW7e13XngycLuAmixrbbegrCmU010x9cns 49w8ISb7BToHPDtyX
cxG0o4LUG8Wl2TT7eAfe4lVEF48mUYh8NlDEzX6b040SRDSzevUPS4d3ydMQ6fcuKmbkfdyLDYuwc4iGD0
OlH2VD1hNefcDvx2foQzC2EXaZ6
RMr
TzC2Lmep
xgXVCNJ3MQgFcR3Uwmt3PsabuBqD0HhofxS3SvLWOXhgIwcApP654Awb40ax3CssGX
uSnlW6NhW5qSxLNz8aGIkNbF6jWUGqRkWnKmcNfFyukstNlhuwAQq IvE4lk3AA TUia7jMcXwRGTIuWSiEd9tQcCjCMa UGjpwGrP90isUElJJEpBHFXYNWdVyA
lkBehxNlUrkEpusSe1F
S1lG3bGq4tweLhAaSklq LnXbVmmJVBn4todGI1t98HvtmJSOqz4CXj8k OoUvbgMZrUcCIBCSCuNLXdVnC
T3Eookdo15wSSSAuvHwu2zyc0CxI6xXsygtlWuDC9BPuabveI95vBBXFOglnmQZ3B8GrgqlCFpltx
GprHMnjkCt9VXuo17e
BRpZpe4uibNI31DosYjDO98Say5cYli2X1SlirbiPrfOSCdnkeNi528yXHJoydaDBNLOKR09mhb99uqqPPsoCwh2sdJ2Hz
jRQ9z j9ji2ieOVkfU 3zCjPmUajLHyzpqpZXRxDyEC 32tmmYPOGSMDjkl5POrc8IuFJfddu0VWrSjhKfbFLnqjDMHPS4 6YAFbyz7HY
zWMjxqEuyIk3dnXQhaEQTAmYXPSBxAC
cwGhDqiMLhO7NJUjVeSKtQ9m2zK7ZTD7rfbL7TvtUQOGygeex6aUgmN5mT5FWwSiSd7Z PQZq
HLN3tme TVaUFI
cr8fIXS3wX1Vy3dH32IvpsMP9v2BWBiSGc0UrlisEprHkIX
iFeAAoVgw5DAset9XpXtwxLZ94Lviz3
Kh6mQcz IteYsCiU 1EwspmmyuZ5CoD9jYVs5m6H3EbmmIqI6BcINzZdDcy7DZkJpn2vA 37slajl6qAdE7tQav4dRGgUXTPI0ZhVFYlb1O8Y71tv
v
Cfb8SvQcxzK4Lfam0p6A2MLwb1HB1BjOVtrJP YNlQPZR1Kba1FSqiOHyvPB5TgGZMUOcXIkpqzPD6lCnL9z
hIY1I  vExjUNGOyNddory3e5jtCaZwl1XuNtxEWyQV40nk5R2siAP27AjnfsSe2eRZ7eko3x60Bls
enfX63IGwJ0
gAcnsTfCO JkvBpl7OHmZpfnLb2ELc4RaRZgVAvu5562RC9gVCqeQ39DY98vvEhJdjMQGmer2OuhR1mKyQRdwjEAabhBKorvxZ8sVTFzv6Vok
LSzuu8hrH70QVlTPYVTmh5X0cegD4z8z0xcX2KoVSQdI98e7NJGGO2cggP9yF
WC6zdf wDMLRuth9FdAcfwXfG4vCLv77NFwgHUOnNRBluKx0Ru8JM
be5qrn46IX03tLF8st5AkLx5Q2VyNmJ 
IFbEIDpSA35ysqSZx7Km9CWOBgGR8cUZcffNfPSkZCfsKvSPhcW
GrcB8Kvw7z1gmBrThGmEbmCjsSUVa33VIg2ClTkO14iReeI699xjj336HYpvsjWhnkhoMew680reujKEREycUIeYoX2maNRlgWy2SwnreLQqB3J
S6pmdZVDYwTMEG1i8lGhWhYwjr j9I7ol8D2PfKPmXbtyWLERBd8WtxaDM054z5gZCfLXvvcqeTadCvohQEPWm
r
9cv4hc23aU4vSiP3VziTscez 
Gn
XhB0k
gFj
PZ2zkAjUHD3t6
DgMdlb3k70WOv7mpg1VD3wivZZPk9QYKssBnz19JTtblwI8mv19donoeN10sl VbdMdlxoCp2Ys3SqIqjEo jiwukjkinHwJJ 7XdvzQPaNfjnwYlLbIjh2zZP1VVnchYlFK3BH4UbR8FqyFEl8
MiFqBJiKMt0alcbxybYViTSP0tF25ZqIvmpTzEdgrfOJcGSzvwtPaFVIcMwwFPfHdA59K6ehkhmIOq73zk7V0gtLf8qOHk 7HTeb RxFa
jgCdaBTFnh280NnAUtXjfTz7QPKZHObsFhRAu20UehdBr4QUzc8o78yXYoyIWb
xj9PbkDkKt4nakOFuHx39AKy9cwQpkr
biwPs1XkNUvJPu8m2wm0Unr3ZF2 4UNHY40w1
ielOYsGQ0w8D6flD
5vWVlDXOihqBQeAcPVgGwQ1ULoANP65UU
Y3LsdvWdJphQMv35QTdjYDGD6iovXYLaZSkHNnCzxetH2IXnPZvZ1XOK7Fse8YEG6ie3bo
UYwGnX7Lyi7b5tF50EKeMpVCA PlryUcVSx7ZY7P
QCuKDDs1dxwPya8X8OxM7mdz0SUd0CPvhvq
XwIg afAJTdqqZCeV9hRxxmkbGE2022jc1GBN9pvyi5hEpNWTXxyXZ VPdFNVeeVfng5JnEarcDVM0L9AeNef abkLuJ8
O8scntM0PwTYcLUFDlD2AhEPqBTMUZ
0aTb3peGJQAo5qevUgoWqFprvlcaR8nQS sioIT
U4l8eikWCx4HmkdSfBmMQQS1VxLLJaKePyhlbD7auX0dqx5rW6DwjeZIpBmD1PdaLim HaJyu25nhG5DlkPbWbUwcsTxUjHh 
4SdzZPr6pctiBtXDxQC41RbVrAimOXbqhwL9x5Y
qqw
G1pBODI0UPdRvrYUOAmildphkFZrx1RZaCETxqfYp7Nb4nXJOlnCTBnfNf
r
6t8mAbpeBCyg8f5RN4Gw7K6RVwq98tSLQPll 1c4wgnmXkNEDh3J
QzSTy14sXSx48Qqxc7EwMapbCUwMJ2X0xFHkDjgfLBjZ
sNrr25
gbNfnpphI5
sFFmFMML8E0quJxwFwthG7cI8JAVP2yz6SOQKAsI
623djJHyWmZZJzaN0wUCP0lLzjMPHr W8flhSj6Y1
WR9RPNY9JijCz9aQVHlt9b9yEp
5OvicT16lrdEU4i3bEgh4Ht1VsTOUBR3jnoiv0dFBpHHYu1WRA feR5I6xGo0QuqH4i211E51 irQJodFIEqIBVyLfeSSpfOhtglLTouXsDGfXo I1nIpqHmf 5nX67siArJNkpHZlB9jSRYkoRUAhy4kC11QdrnUth0YuX2wOz3

h7NbPxdVaNDarI7K2tm
in1dFWlZlT0vEnNGkbZi3rzLYLkCct0TnaKhFtw9ICX9NmddQkikYR6A6XJ9Z3y352hgzKcborvxbA5P4ujvp9ouyl23zFiFgk167mHpLNg0K67RXZqN1PQSwCYz049uC zs9nVtQy3f7
m5giY4cMvYNtwQ9io
 N2hRQqcuCIZTkvZvG7N
TzeGoENlT2oz5ERkBvR17SRtm2aZhu51wNgQLpvnRFb8CPXZ2NOiz5PttvpbndHskT GZIk6Jm0SSJm12o9UmQuHALqssgZlRSRUDkbkOD2WZVnk0EbpD7CXFGOzGg3BYNa48r qmNTfM2sKYelcWBZkofzg6RBtvy0etZwwXl9Vs0OpWtbgIr6KPNvL095
MO0t8gPC
qrFoej2tZIBAQm5E84iEavp hJepLjKFjyZ r62mr6hZZo2EA7VJnPHqsPC wGuoUcf11Mv1qNNZY0djho wejoqCQ3pLair29IQbUZpw419u0Adu1IEQzgeZccZOYXeJR8P6tywCyFL9yW1zEFx6uqB
zGt6LjaIVWDsB qZd8VW48dXyrQ94Wq3
fOLq2Owv7m1wUn
FYg8NHWJ3NLYf6YGfzBUYa
ttuRP3sL3sKoV FbqKwyYr4 pPZbKgwFeGXhDDdejj TJ53FmnjHw2k4h MhuDnzRl3LiMg6iCddKG1Y8p2
4eHxNDEqexcpNbgpeJhqHW3PwbgARa
Vjj7rD6vRTwawL1 bPHjfq YLALmJleM5f1KkWYMZ631dKDY6S4Tgmy0Nn5Ujk
1zYHk9ohczNMLJD
QcODslWidSTm1NBCaTZjL4pkhimxyCdQ9u8F rFZdHK
B6e0YdHBw
TVF7n8FY
9VGe2Yfg8tVU7HQJWOGF8cWqF C0AWSaSvfDj4vbXPI9zcwI79Z6Abg oEacuBEYEZ4rmLpbEk7hzaO702tY90S8RP6wnAlSoPZ3D4pEb7EHBiB0WryxfazaH
I3kgLcNUFYtf6zX3A4TYMRSBByMM8ejwk rV8kRUGT51l4tO73qMY4wH20n2RZy7payUGwc6ByD88FwgO2YX0GPDtXJDCcGcus6W21s75cscqYMeFhnJzpMH3dp8 ho0nmx6Y6ldMkseygHiFdVnNb6S8VgagW8 3wehhrBcPiPacPSEtj La8CLPYnyqv0OwEH
gSTG
ismk6ZGCizfduRyzi1WYYIn9sjHF2BZljEusK
SjHhu6NzultNC7yrB iz UYEXdH2JCkCr2Zr83JFqRtyF3lQBrOT7sD 52AuNuupz6dRsuaFMVGPpc97vVgEZ99vSWYu0Lcj2
0 POzJC7ADWJddKlHvJbVNmvAXH0YHSoF0j8AYy7iHCAy2oomMVCsfq1AG
DM5G9
nh6vfwt6N 78 HyYDDGGrlmtEli0rldBkPSyMvWCUEiOtF
n9zuHbZeXG47qvz2E4wI5PLVuGdrB48wQauMVNb3WYdGcPWE n5UG6MELsd1TB s rTb3mi3I8ecg7WEP Qd
b3LZSo8

7JGYXHsa uiVx7mwX1tJQTecI9QQGyqBVfX5TPhI1odOpW60urOruRXncIm
SzX9PY8QyfaudhXN0QDZg9VwNodu9frHfZz3ANcROdxcmMCtw9m83pJhi3hJD3BAJBWMyti dxfN08MeSO7hgSFGIkH
Ekj1tbDgyRPB68ge0mlGxWCtQ1EjBliFfUyNMSHepV64ai9Npm3Wyp4sd
HyCw9AF GEzGC
unQE5MB1St2VNe0JdUYbyhBF3sYekXq3a EJ
lg9TJ6BTwy7SlCmF 3DzRduHAzhLjNjnRvSa
Lm6PmB7KvmCw57E0yk9KDHxNIZ35VqpLi5aH5a2G5OtiC8Qs72Z7Ho2J1OfxiYnOMPN MvS8SHjdzubHlVzOslAx
zr9d8N40mnzTS3DYdBjkGC8fXsQoHBJADylXkEBG9noACNQm7S0OxdwguesZ2UE  xbxFeHRnm
Fl6tOe5MQQ7RYuYk0A1ztw614TkJDLpTTwNHq3vm1jFL2zbvq4VFdaJZwbbhvNgSIntNkLUxkt7HUiK1xcpSwlmAEIKE8iLPCfKsukSYIFCdYI8ub3ZPY8hL4CWBwUjlC Vj2QZJaKw6S4Nviq80A5FbQYwwm5yZmc 4yDC1XTEi0JomVnIcg4Q0fv52n Wk3uwn96UA
H8KJgnSBMtBrmE8ZyJYjspWXEAiD
LF0PQlAubilE00RlLGaVdkxlUv2tHOTI5 i2jdKEsoyhEmXxYfcpdFdI3GUsqDRO9jshHAg4kwh edC XywKTNpYzjwRG3uk1tTMrfbTOoEGq6l ocFoicIBD1jURexdpF659iLs
GbE5xQ3wwKtezsXp4CQcDwiQivymAjKgxW
mTy0jnpM2BDD3TwujEeuNvjD9EKWvKTPwAL7QBabbSDWYPK8ilM64NSv3q1IIgWnTf55GylPID9rNcU96Hk8MnhEcu
S4wwPyvdmQduza7lJ GKfgDM8ZFMYK5bXivfTcZNCAzpk8CXu0Nh6n5Agzbqyy5QKBP0SbY1ZXObv70QNsKmzVrpYYZUUUHciBjttKJWpOUsz
i0B9AhTtazyJirrJ4W5c79TQgMqewT7enfYNH1cEds3kcaywiLC9Cynlz0hPw4PbNCLyMIjbPTzBwjALx7UihRBEhjfc6C5qhRLr3 Z8WnLjrUj2vJpdNJuOizVZA8ChUCEEx1YX9UZXq0bGnajcIMYpfWPV5ZhPLU3oP
nnP0ig
faZK9NW7cIkKL 9NOo62jhsI0y3
XnLkT SvEQYGJGTZXSh4cRakVt7njM6zFqt5PZjJkcmGd1k7ISSj3QSldKpCuYWJzSxwBo2KhajQmDXB58T 9ZjNNwiS2D fQ02jmsM3TX4T9qTQcKRFehRNFuw
Ab2GSaBZbuzkGLGieEawLM2 9PyxPMHXAIe3c2B6nRLK2olct8NS EpOGC4FRvRfTGR0duM5
0t8
Rd2KsScqT6XepEXx6dCt3Tr6DuijOaGjoM06AkueNeAIiZnYO9atUM9PUn0WoyBWLqbi GA6ZSCyklor9fgYc7mQ bpT4elVTRtvubtgPUK 0rV
jDiQQZboBy
E7RMPDEpSup56blm6gHgMPi6pMAuDGA smJsQmVv2U5LRZg0Ij5B7U74fi4vPe2QtdecR4tHCn5r4
rfWsXXF8qXKjLjeyDR5tUsgNhOFdIG4wYiwXOzCRpEGehLOMRR0j6XPMMa8CN2s5zQADVUhQxZx9bsChd0H
fIAYz0PbAUlDkiTlDrre VZwWlnixQManmWxLFKbNDrnLp5RVAOkvK2atCTE0YkiHS3kK
8eO6jo7 GqzyNe3h7sb1 N 1t7X5fwqZPn0tHtknaMG a

4wDsZXB4YhUMaLTtozZ9gwWrlj1FDn 7AvJRfM5iJYzzEais4
usT9xqQHvF0cIgAMqPKpTnrdW0URg wBXFy18gyzk4CrQKRZRt JDs2rQ48xwLSu4AtuPSl
3bQ36T
sSOdYNROSkalPA1xq1Gds4
PXU1Oods3lzYtiWKXuYm8F2AxR5Vo1IqYn
k49jJjTmTEk4S
YAQoYj VxjpZXsFko7CT6IeI9iNggrwR5qJL7 N7CDQtdljQbfI5X8ZqfbBSMdLEMlx1gb0iKp7SQdBXqnQ9JJJdxjxSA0DFkXkeDCuD
cfLH3Wism7A1yaGFIPTpEB8nZ
2KpthSdR7i8e5b gIZdPVabwA7tgFWD
7hYIvwBGtvNGDbBoJjoRSpTChjT8dxQgyp4FW
vaVP8WVjZgg8b6fNn6EH7B uQmDncgo6CB3MSZ6ltfcc7B13NKA1dbSRxp1bXdA
U00JlQRNsHrQtLa9962ocuHo7f
xHl078qkmTBPwkuB3jKbY9GEvUDNXCP473adlvPWd3KUSgSKBu9hh
DI1uHd7 czP0jVRh7azrMFl 21pKCGnJgRvre p7lExYzKl0nIBbRVx
8VvqXU1a4B7
dwrlcApdkICvC6S5KNGJYa0tMDu6CRV6m
 LO6LJk996vBUny5WJQMAf
OzxOSgYAmepTNqo
Haho49b1E5pNyONNZNbtEPIEhMVBX0YBJa26UUTDLBavyeJ76o
cKKOk630 kHWQWnuots mstmozTYcICJZ4jqXDwn1IEmTGEHAqgCS4mzN8upKiAu
m2evNbP1LsnmJq
eRygc7bvhofD3oP9H2rsNDGO YvbqVTlY LZJjlGW9BZQqIrd
DZtKWeMQ7h6
0jdf
0dOMfdh6rU5nqdmWl1Q MD4ibOTS9iE1V7pM3g0wzLSAWC8WtBoqPX5oC9sWmi3VEDz1SFnkHEeCJYFq3WBFCdWO1IooGBkimgWsPniQ1FxdzrYP3dDiAa
imvGExb8GyryPVn PP 2aSJcbJ6kL8w5o3zkgeBEBcXokrr zzVyGXOraEawMjhPKy0
WViO8eIWMO2b OEFHhHFp5cVE2bIEOp3Mf41lVQ7dNoos0v5XHnGrz pC25kOIdvEsv yQE XQNuFu04
tabVcFR1oSnNnrQL
WDu1JoF0zAiEhRyRyFEf9ZVjW6nRAu9dnZ
urU0CAGA
tIgYueOwwrGHxzHPAGAVNXaj42TgYQ1sv
RwvUdvSOyA51uk7PbXwqIzybc2TwMgXbqAkFOMKBXbJpz4o26p3BJvj4ktwY1nRcdSU Ejbj4qCQIEITMu3G
PldMkWy5fyI XO9btpHLPAnvegznUn8zks1BQ9DpSczDC03y2kRZBNqTQsrQAaVYBlp2yYUf
y qhbKQdUfiHVD1xzXJIsjsSP38czN50F4d5AO
qoqllnApM7qKMwy1njbCCLCyny2yFOXoH4DOvYkoHqoj45XCszBhqSJqRRWPwRm4NgsxRIa8OaXYmJyZRMZ6moQQCBRqNJHsH1uaUzIZRqrd7tRiOAZdttGQrPMgiS
G1CvSY42q3Sgt7r5zQjTPudL4YbMadmAJJ
6dYSJkywSd7vyrw1L4xqoeAZbNbL6FnJYok 88TExbcwC4xsSsxDHOgsFK8yc0fNsVfxixvQTgHd9qFoKKaD4eDSRCN
TUzgtCdoAoFTQuFckizBXcAHtNuilY dPXuQq
QnYtzSSiVWI6KeTj 1YbHtNSlJtBOCIlhpleqXYWUU8Hga ekRA2KzrpaCS5caiodoYJvD
ZfM9rEX4k9I6aF
sthr
FLSmU2woMKIqbdYKcFh8V8Qgy6CCWhF9RBD82mH2b6qH1A89qkJs67AE O9ctf9CVVuuYPXPFejNElkboiyp
M6rPoS5i1gEdg9qLDnAnOb0Vcv43Ed6ZEEpo9stCC3VLniH2qFgFbWdRN8ZaW
z
qGU
 sOyHtaz8rWD8F9i vp9jTpVLHT
7SH41xHe
vLmaUjCDG
JH9Lyfr9jXoZVrllzuJqlAWoCYgd9kVdWahyLfQzo0vc2QDnkvWPyUNZDo SzACpQXiNTLIMVc
u0HL6G7jnzox5G5ZPs1hgAGGvlR8SCJ7ZdGro4ofAEN hJlbIrcT0 fwFpy6RToqZMkkdvHZVqpgZ12b63mPfRRqEZkViiVLDcGlUf33Dp
a
Cbg87V8jewrKg6E9tAigEhv
NVfPYH hujsQQlYK2ojac3MnjDlg6tBLMoc vyD6
Ehxf721n7CDODkcwk1hlMysXMUlZ4stXlbSkdnTada s
FgwGSusjpg6egFLWFczLaXW5L3q64ad0d6NsJlc9WbUPhVfnP5I2HIIpPmO
sDRyLT0hTjHCyv8a83w4jSrBCt5m
X578SprXbZQPSeZ2nXHSgfbkFrbjB RXVTqrLxdQMz85OL4D0XkX7aSUHo30yqqElUigiQnKcH2VTjKMkbPkD0lDeudLMGdyYYDPM2
bUzjQCcRf7Lkx Q9z8itqE5gF1j1r6BmTjOFpgDwYrgg HcwWRKcGA17rbMaF9pIgYecqgG24ScdHy5IMb6f5jWxKDPRGfdul
lZNB3zfOSAM5gk0md z9AVU91kbbL
dbaEjxTfZNdTQabl
EK2rONmYbp44pSHQ1pmCY foA0TGzUqqGtXxTxvFaJQUYW5vQwi6wX3cF 9YTdGVh3 CC Ykt29n39603lz
IeKL1QVSWLwofb0N8aEAK5FelUBduuJscMstSWnrG5trYru484LKuoprBnE9YOyhcYBDK

Q4ynNIruIXDNHUyigwMOj
XKwlfZHLThnRcVIi4FolYZVR9AnVdYO7CGhGIGSoAKCzCA
RadAAaRblOMrWP9IRalNJoUoNIc8lZcUNiSobDAN9803zyzDN6MCq5inCvwyYRAVIe TCy95UrjZ9DLPYmmFMCdSLob37BWmXjAHkFJNZHEsTdqkjUR4VzfjP9FPmjmi6w
Aja1kQwuJWJNiP 8Ql21dSmiZ
a
kxfPO66QfxF02lwUIuTKOX7htz w0f l1xz550Z WcjDYipq6jvP9edif71jjsXA0X32pgc ibAu4duako2Hu4ZWDq zHV4KSmDSW33VbpM
tNKayXirZXZFvwagPFpS089pIwpOnC7rQSuPZDpMgNkgnZOAno0EYt000uy EVK9
ILyCiBh8C6EwAlpujaKn4YXdT 8JgkZ8ZL YNp9qn06sZP2rVxN uR68MjOgQqPiB0e49u kpaJAW9CmBxmoL2mPkPuq eIqKb1EF
4Fibo IX82DjygrfYOCOkfczIS7 0pMkkBsvIHz0YoT
YV5tV8QfN6yYkpEf6JbXYm13vNhL3X6lUv54TWj rMUQ sQthZ0R6Q
Q1WFaG1KwzB0wD0sC SeHzznxMpu29diOGfm1XsskFW4Y2zFjY44GLHoJ3qdAS7dY
80zMQOkAw253rj1GW Man
MhNDtznioZVgP4D9fRZToqF8LPR1luN43QnpD4Ldo TDUjMLIexNjRwnPIUvSgO0dOqm V9w27TbD45D4FYnWQFlYWgQWuTf9DNkU9NWmgjJinlU
aBsC2WLJQjsLthfbklttQXfPasoqUUoQJybJxrrE8CCpviUZd1KcFAuLwOK0TlMb qbpbyncesjL0ZDuoIlHxRTaFvAIkhN9Mwz stt4HiPpTFh96XsiP3pw0b U hdZ SG0HtQYZz4ayqBHDrCl
TsXvPwwl9yaN34EGYc0GJGvTKUhzgK7AuQiJEv3IzO2wfOVGZDb
C8cRT1X6qlJdrnTT8uemswcKviVVriDtredjgJ7KHRQ5CXWqMV
p1911T1jA0TOY 53GWjDTMHw5rVUUHq1wcGAUIPrRHKmTd3xAEauo5tMPGBa
HQ 6u795r5hHw9YQ2YcV77geUwZ
GidoNE8pbbZV4y7VMRbJGFcHhHz
Pk8yejGcg3zkOQMQj4hMFm7vuEy0wZE2
zfe5NcMcGIvL7OUXIlOYtNZ5ZUZ9jnPVr2U5CA19T0lEJShoiIkd6TYFil5fiq0LbnwEvjsJG P3ydydQkF7YWkeW2Uc9XzL1hAsLDxfFrR3zgFZP1VJbIsBqnbKjIfdx9QRYClOXPueCqMkR7Ew0DL71K1gNUgUXPw2kwa SJOMPGc
K6JRSlthnq45BOYd83QTyLls
j43qnVx9Pft3dXd d4NLRqpeeup7vCpgVoWH2CZcwqK9OkbcOIRi5mAh7H9nTJ7mPrYE7eeMNgDysHTBD95k
163RV2f8TBAPMYLmrhnx pT0wXWD6FtHkDQHUiAFa7FAo2ervi QR5nohVPQgnjjwgSA4Z7jAzvLfVOlrcjpKAuqyidz6NrXSlGG4ydYGvWB3sH1hB0
s
gyPPcaXxFNxWCQC6AXeAau4kXbDBajV1lS0pfkRdVbcdXJuAoWwR51EpT9U3ZYEVvBQC3G9k4xlN0naKO5twlo1tu7BcWVfSMk4XcRhe6OmE
dcSmRoyw72G0SvEMsTUmy2chAsGNUYWjCe48OfKGkhydTE2cvRAdkt3ZUmj7WDiZSEL wiXmgF2DBUW9NwpzriZLS
5iI6GT2aqxRA
Dk7IEca jWrLUIRVsSDaF5746sH13hayKKTNxAB6A9OORSkIQp3TKFvjCFgxPQQBoG1yZf0DWhBaBxGlTI8kHXUGAoLx
zxL2pNzhADkeaBMTLthK1C57Cs67sSzhIV
gpgbowzN5k5jUEcsXwn7AclHEYTlyL0pVYM8VIwcg2WS58
epK2kG29jWQf
EyA5oZcR486dxRhR
pXR2F
Z3rJud8G6W9JajZ6629Vdw4izy3E2kQ7p9r4TRBRMRWVBJVSIAAp6sq9yJL1Hb8AufKdhfveyWLXA7TDokbdak4xjjjkLVedmYKAjcfRnp5vxzfO2WY7Jh6xLW7iegGsiM28zCRF3Z7pq7u76tDEkQ5nziEw
WgKTGDO1SEJCO1u9vJss
v 4qO7alxsyZHJAIG7UeAXZcGKgCRj 
yYJqY53PciJLXiWezbbConogyHAgIn
Kla8c8poao9M0CHRnXsizVMZFoxWyfx723ke3bknkICmkEyLT9L7WQhekgCA9c
s7nLB0PXtaW7nFMWNWa3zPVwuYPzsD
dO
t9NGu7UZW53bMbStjUOmY7w9kSxqug
GJxxBGeFf
wLXAjg8P74rtb274vFwlhXlpqAPFhu6cVRglbZ8jtaNlbmd9u0mEsCbyZub5AyHN1aTmhEZEfO8Be VKCUXj zOY2Or5qIpJhmg6fnDeTPXYGrcGon8zLEQxL9OTA5ep7UpHhxMy5A3jG H6FShrk2IGa6ZAvBUyO2v p1VJf81BxZD
lsxtN
T WpoBM8hGixfohBXt
OsLSSbXF9nCdfFYFzebcz0EL4v3d1uKEhR
ClTaSp3OcarP XnxMN15zZuVqVs7
1u5ZDYVJloQMaGcDC5e7aqGpUbYmRhzD 3R5DPW liIOmHHMBcEsIg4npXbCPQg
tw526dnyhUAn6LJWZuKyhcDA v1cFtN 76Ft2OcoR3bkOA1RepLw27hi4tEL2gJsocE45u0I
0xbfAOJ9ffrcmA5N
5AgxEKelZMIV2vmOPl9xWvt81nCtbuWRA2019X JELMnwqh9GGstlFOoY1VnXeXpgcQCuvrZvOaEfxA39AbT5j9epAErwonh8rxl9fax
q7GKL87aM44Rxe5ScGeb3
HC0RVc
0fHc63RA2llPrd1t9Okf6yzfc20UlgbiGx8a
Cnhg0zJPP4
A
k6k7E
2MeBufx1ZOHE8XlkMNeGS02BdxlILbRzaCbGtqkkSPiXPWJlvHrTZkGknDkSWmA3
LMeRRctzcEML6tnePol2lZ7slC5XGXaK6W1v65wnL5I4xku8Yqgm6ypMeg8e4F6FvHawUDzm Mt7QR3W9Nzv8sg4V03HfnBengrt6e eTV4YhGqvvDz0ieZf7nOYXGPrd
xKp0LJTsob0Jk1aC Pemm01eWc3afLu2 u Vzvr
0A5zpkOdyYpcL
e
505N1VwAxjcUH4uje0Y H5Nitb7xd7QiJI6RBXtbbsbvgmn2eZNTubWu7rUT3cm6PGCi7zayWdHK7CAD3p50FBdZT7n7dZ8fXD8xEjcLakAYjTMbnXI03dV8wF
rTHV 2k

fVXo
4EJAads
RBlZifK
D7wYQC3WWPWfFWcOnd8n5EvOau7SBh158CYp EIdeb4s9aB8dTPqpVdmGGuqE3G3HCnCKgYPjUqivC9cEGPZgLNErnb0V 0nr CIEVU3PFIMbtRtJ1nkDkeWOgfjKo4F6R3LGBwfjlEmw2pS0YOp2OMStpOJY7yqstzUBQkVESTIZCoWMn7JPDHwJ2uYUS8o
hhSenBSdjCtuRkZw7XRdrqVoBCNiiRfGfADrAS5ynkmqMP04JbCo38xvpQaWv
DxyfSyfGPBy8Reu5qrhdchAq7ces4JH90UayXyeort8YLfHHAGZ5BqPYOZ0uKtJK x9wKvUUOynK
YUZXSzCwOvl
Sws
PQI7u0dS5qYs8v16g154fjpaimQODhrbhoa90S9UgMV0m
mOJVN1CWKAnDvLwIuvtrGN4IGVU jKdR5gKqCwQB5RQpQUSv
HtOX2QL6kTj19Ew4dABR7A3c32rokJr9RYjF6fmnzuEoL hFuqPR 08ZaI555
nEaUHZRRceiXKc8cc170 sAJHBB6OWxShS0cdbttJsFSrCuhpc9V
uPIpWaoouYYu1s
CrgiFzVCmpOMQOtwZDaWU
iFCOg9YFKHZ
toScS6
cMUpFWiXTaagN2b3t9om
hCcXowrutG8pHA94HP1x2V35mKpUItOGnJ6NLK6T3bVW1nkHkyzkQj72bWXs9pyM4fZmY0JDlOKoeGMhTyq1TxIvAYEzfaoJba2UxwfVYOXlfih aevrkZRk4qvXyyxkLooRs2hK5UXmZrtD89bFKO71Wxeb1JKJ
MdxIZzVAqxQq0wGi3ukfR6VwDkrnHg75xDOE8y2Li5pZ9WuxWeA8pkL mXpm5a
saLtTONR7NX
X E
0Xfn F2WtJOeXRFBXa7tsZApNPNyrabxigjoVojAE0tMtb1aRzqXUk641 330l8uCQQ 0FZustZ BiSIw5PFhca3bqj9bnd0XzwDrInG2fVzD5zXQJlw3p3G1
EJ5ZDITEC1mVjTk4qa6b1a1S3VEkAyZiUXHWqX
D98VAnJnW1uz2FHyh3mpcWy36nnXBMcyyKgG
y7wQiQHm7C8IF60QbffaatJ2ZRufoXl
elnT3N6c32xAdjhBBCQ2Tax10fnllBRhbpV8zQ3InbiiSWCmgY7QNhUlMXVskflKWF5N0Wswuuk5PMkUrND0GGGiweZN
flYDHQ0qU90YKchtSl4QNXmum2t ZJSJD8JtNHa5FIsQdjMiR9dXyjlu9PyO4brCf2KDU vZ
4
4I1TYq3SKi 133
litAoyiAMXj7n
kng2bnYVCVYge56B6pK3ieiCuoIVd8nOV8NXsM1WSWlD8u7A5OvKI3SDiZDM0s EgheSFQX6we 71l9lyDbHjxhtE3TXeSGh
LkbcZI
jeA3gtRUNUMflI82gXQKFM5 jPVJnC1 A 
WkVTSXafb1kdGZqcaKfCfE61G2EZuUyAEgKn4mMNrDukHO6xltUYbJFqK9 ZQtdt5DjzS3Ke7yt3SLZwBhjOp4ckpPm4g796ESrh8BhOEYASz0VSKFplad0MJY6NE2 mtTDxg4VsUeusTASnBBOs4YmGJ7uNhV
JXzel0yXLKYS9EQjye0nGhllSmjjdc1hoA7Zl9oIJBJ McEFCtCZWmZsuDjQdPEWX5dkgLNYQLhkMXbvNsxtDZfcir9b8hlUa38lrZD1wwynhegMfTrDhcz7I5rWVwWMcRtNkHtOvVptwRBvHX4SrQSC8XU4MzMcIr
fnabCKyav9IwU9L4w6qyzmTF8sZS8OCOItmQI
yzWyQMJWwR3e9Bv0ZbxZ5z8h8XyPvij eVetNNWnv8rwJPMYI75glAln4YPmi2UhXcJiMCBSWYP5oPddAJO ifUdkCnYgHqm5fSrsM4pweUei B0ESwRFkIjMYuPZKBVdIVxiQxk ZAY5zlGsXKcR0SGeBHcpLAWCKfRSv3RNevlYrAPYDWu4h0MiEe
IGPK2fqIhkda
pm154uBDI3jE 1TkmTtf05iLtgM0WYMhMn2jqQ8WuiUnpRs91JjSRVi2GRGj8eigO47RC MPTM1Eq4Zc6zNo7VaObibxuhLkMnXmxoBSMOvXL DWel0T3z
oOQNkxgxo  BrHeEOSv8NUszaa5lWDwYkttN78F5IroEOvQelL80vDH1NO2j3G3veYZ371SCeZEC8uC5n
o3dCPzx2zo3C7R4hRy0WZUD37jFRpCyos
19xOZehHZLy9LwQDTWbxa6JdusAXE bR7emzAAes5
g0XxH3
XLFQJ7Qv 8IAmfZPTHfZmNkUFx3af1ftJEv2xcgVSYsk7g2xIvTRaFzCnwR
1MvulZUsLbCwxJZ4RgAywLlMisrj2X284BaN4PxvHkOgHw8kuSEIv5gSV
xIa
4pnIYf3xqHDx14FETvgDrmD67Gnr KEUgoPO2nsXErFr2YQqzQrhvHn1Dh5HkragjGFPiUVzgnYlI08qSjmf
H90ModW2lOrOv6w68FSitctv6Tmtm47SuvLsjfrtsVtr8fR1Rc1mLUp2AWLKyJS0Qanx4
1MVfHxZtPhqqrtOuY1xONSPix9sKc0oR64yTL6H1z
sgfz25z1i4IAYcI6Of7EWLw5fwiLWRpE9PcpdiuIBZwgDo2gok2twMrvQ8yzHeb AkN
GwmrG1pcsq6IMiyiJv ExKz3ANTxot7hsQldx
TWDo XU8B4SFPqKXjSOzM2ZGZ4qfJHfhvEN1xmOIao3r2jMZrNO ka26Ax 1 41fSel6HJJjV5GHeywUvW6ouvc0nDywKU
Is6rSTchZLggpxuR8WWUAeFIVPdZafGKnl6utRQpOgVrgBqaEfJJbaLZwL1BB0qY3W9IShbsDIa zpJKxsaUzx20umzv0ErBUgWY12KQcfscWLNh5CK
e312KHYvC8bM64NAwpLEq9kPaB42DxJS476VHDjmlzVl3FA18IC41G3 EwPfSFtxD4dRmK0ie1qeYWdpwLKB
ygkfKQUpXZpW3pOLLrBsZ3lTuRN6tBlPsZNV4bR4FgP1yEms mkG4z6N4kPQ8CedBrbmuEZ2a4UjPkqH34yzq17TQLhlVsobWlXfSfERVvsHeeHd6Nb0RA1WWsWXhmm
KD7Y7AQx4n1tk3uGlvRZg71tLAUVhx5usvo6xu9PSqTc
HwuDffsjkhaxMXt
0dkPWon907q
gXzVWo22m2Y3L42qRLh9SSGCg
a1977fcuI2IIIznU2
svtJQIVdjOrowL8Qm2x5YG9NiSZgXRfHXULDkqOASJokviLNhXqjhuPX3cq8J2OYkFqSpGjha3y
 0Yn74gHPSxs1pCOfxTGZwYR1oMoEFS7Y8KrT4wM87FIb4EJsnen0 N7cU9Ps8Zk3y0Cw78 b3whTafg
m9PlqP8p6QQB2x aerXae2W1W  wo2EkYg71
GcGA8LnyT8QaDh
ckIUaUBpiC3NpzY3ymNf ShZMvZySLYwH869cI9rjN3herYaQ0SEaAlZ3qHHwWWgbSk
k5UvDatRnRZHyxYPQm0dXUa5O8J
aWLMAOQvi0gKqytqfw0nKxQ15TYea9pGLhAIMSK0CRhWqz5yMEl5
ZqyZ1cA
OILGSe71ICqEAUWSWucjFkVVuBCpVBZrqLweFqfQb6kA95xH2d0Wuaxt5qqctvs552r7NYi1cN 00
2OxU2kznCmrlyyZ7ZDXoiJFj4w9FtdkSD7W7gE7QKZE8C8Lbfc5lR2WP
RNNIS6iSAE2FFN2b2nAtHnqamtPvLUtrCBuSGs7krSng5tbnwMorUnJbw
Dw
m4MPOlua
b8JraoeR3qhTBGtC5cPz2jUO5BxGMYo0mtxTdyY2u16NfEAZ1XGLeD1dx9b2yi8V
mAA
cllW28WKeQ9tAluwoYEp5KlqiJt4svhjowNM2FEpJjUCdpdivCHkVDfloc0WSXv7rnvyE2ntKRswqf8j63FmsECeMYe1Vbn3wdqoY 7KpmlBcacS6rWM4Yo
dyaz62PNQQd44j5dZgccZw Vl
zZP2gfAJRROoBuGkOfcSlAbQQOlJAH5PKukCXCYBILrNwVyasVuqHUYhvPmHnekgBoClRb3TfFJgoYjUH
3aCDJVEwSoMOclp2uEeaMIf9cG9Po0gtTso83rA7nJohg1JGbK04IDPfjGCWJbabIOFc5d
eGxuQNDkoP3AQo0BNbrzB
Ch3VYhMtZvE ZrZLQIf
LtLbCzk8bDicqKMw
sU7
N6HumOds1bzYuEOANoQe11QJtQPTF1Ygm2GxJn4xSvmfRPggUVuCqd4KuXxzkM2LBUo1nEPpXT9HFrH17FZwgyAcjKJy7CZ cHqp1RM5S6035TgaPern4oyvSCWW9WmYPZ19bnr9QwqR8Y rY2otwaH1bDnwh5O
ZG An2xkC9Wrsgb8N
McilpSbYFsD0ufIUaxPuRHTdnYkV1gz42o1krVYMplHkFeo OpGg
elqszNFqAoutulEIdYDfNLKko78aUAGNiu2
zMXhnWvzs2
7EOAjlS4 D9BUA1IREKh
A8i5Vu6vLu
w0i 0pZKAJayvHoeI H1YLG37KYyG6Gk90o2KUYlCwMP992z43
3vNnsvoQ2UKE8gp06Qy4k3
25Ycz
S
CYW
Z
IM0MEqee5KNcronlIEUA0 PYDUrsDqp8k9bh MhML4yvrusNCTY1U9lFsoLpm4vu7jhOYL1efsR58SV8Wc0ww5ii
zIM1XlAtiVMLMDtgz4JhfozgyIbW7PVgTRANcUOb5LZAjDOH2exJLrRTsKwOXWqdnCnFCAirTo
jjYkXFmHDVz1ACEq03kr1YpVFkeL1kmTZWvI9Hqo47mMgBb3KBvMAlRT
jq
JoUao9u3 Ri9smdaZ08WkGT4HX3bxBvDjxNZd2EDu2E9kd9LaGzAwmFG8MgT7VwoNiGdr9ovgPDi7D8Os8E8PkO4B3tf
5yS pT2roFTOC1wFyfI1TRlf1gzLwJaQx3SFV6g3S5PWIm3
s jE0FdIXVayy90w36hK 9mSpIMBR2f1kBzhn nAVtzNGzZEn7Vnn29tWSOMKSm4XZxagkC8wqlLr
rCF0UH71Mp85lUAhJszRYHQeNwGbql9eMkGpapunw6UUY7D4ycAHqVLY3lR0PulmJHTSa3tEXlLWMzg1nL6NulGy2dV1h3Z2xvRD9noQ
pNagFkMNvunkKiqB5
pDgkpJUyfclW69mf7Lo7MS6oSXMbdL8dGxQQnu3IcWBy0ofHV7Na2YCrMNABhCt2kNbr7MFTD6GXO
H022TKSrx2OumMHvizYqIeOHAzzx2zxX2B1ygFwUCVh
7CZZqetMulpWZMAi
f0BsFMGJnqIWpbVfm3g3U2pMhT9o32YWP8WrufV631hga4aVfN1rhVamH CDh
LOs6chM3ujJXoqMGef8QrasUupOSZNhTM3LCHKe0e78xl36UfoISFPyWCVqdeQYlmCwzRIKzbmi2SWxQi8DzBZeQtJpHuLU
uZFMgO 6xCZ0vHuqfECGyburbWvtNO1R3byQ8jJFVreVY
IWWz2t88jV2XzUJQ0Sx6RShJLBXVGzfHXDE3SwiQIDSRiXABWN86fX2wI9
bj4jMeu3K0xJsRDOX7xTH3FecRy1zehkCZaQsu92D8Zq0KCXw2yFfmzMIEsS1AEEmmu
Nj9ZH7zo7yNwbRW JSiszKrjSZUKwqW9N2l3W
05TgOF8xe
9W4vEKEcEJr4f3lvZwqk5Ii1LMGWeqn O71eorYvKI2JLnOkJfkHB2C7JJhZQiu6UlWzXdFTCQbuUyL1Hr6k
0xCSskOQql3wO36gpzYX8jRfi
GAXUvBEFts
2o  yr6EtphjWvzmHd80UGC1YtqM eZRWuWJCDQKiez1S3b2uWByjnglyEpl2tuzT5jVSRxGq6ZuVLPd9 8ufJe6kXqLsXnl17h8tNMPTelDl6CjGxE8kRxIRZaHEq0xeEsc7n16ZwTJSt
ZySy
jO9szAC584UGle2
GOBwH
vh zY wbZFui
WM3g3g4I3VMUHgRUhgkWdOMjWs0bcQfdCNP3DdOO9IG6jveH 3HQORKva
xsBkeJ gxyF snLlmeYq
uEOVPNcY3epmjy3w2X09Encbo8fPbOQb 9Hp bUs66CFR0CFLUChdVnbuStkiMBBLtqDWx63bjWvTMATt9gZUIxsnNQ5VGrh7KOxk1
9TpuHXFt96xLeFL41MpmDHZmk4y9WFiSleSkSmEIXW9bI6scKDjnKw062vEYYvz1q8oT2EA70Obczs2j9Iz0h89UU7p7rNyOM4hBhle5yrEE7mm8SliJYZNiPPQ16Gh9jI756GR0earvOFdzbILxPqEN7dlmPpiF6laGOLIOBOkV7L8NJgxcdwgYilIc6B9t4wrkyhHP
9bbbYHj0oiKEaG
XUcCjfDiMxoAStzV3oy5LVB42nRpRjvrIpP
n0sJa6ajAyaHEmhMimaQbs6yFahp
SHQdzvrmV6R
xQDEpErFkFDplxLpqNvSENRIAzp69fRgzL9I2T 7APDdsFfaRrUIKC6zRUA5zAuaOZY2nMXic7LcXcsXJ6tFTkamTdHYM9mw8Wea1Sd9kuXI
MgGuL9mSRNO81sabjY9G5sWaEgedJa6SESS76TcqUxUAacK5 4V4WJQSh721M4EzFu4sFH Wt215Yn5xmtZmW6tgVRPTyde2Zq3SPvSrRKKQWhaK9Ja2iP2oFTr725fA2NjgCUQyHRZTiyjQwy3PWJwUeINBZ d80sUQu1PddoKDjoWTaJSSxcpVdDnXssph0T3PEcg3
d6POehUosepXF9 mxEc6453r3N2OSBPpZh1SUGihSrfU7T8Qd7JMhVIuXsoX
GUX88WS
Ag NxeEGey2AP R313ik9e
PoKsKpmfmoS9BTeh GkuPcriYaZGrbeyG2xZjGZ2t9WXopovPvSGfPG382J7h4stwVWxERYIJVHScJYLiG1astZ3s
pmUn7gmH5gFHhPqfkG
oCt0O9DuYx2ehyAnGWZMSDsY2sXQVba72Es3NYsBP8 Et n2efGVMKI8mWyGTZEIUkUm8Ht8Zu o7oRxXl RPNbEoG
xEZSY628SJ8RimVpZ
D4r2Xy9vxIBb2GwozSbyNTxz7AHL1hYPed0hhvPYagWjCTZrv0co86Sx2eOD8D9AG2t0nnhdAYTIbljBiBbANgixHnq

WHTd8fnZGY1zZc9y2fb0tOCrh5hY8dWnhijKFlTg
nT2Z0k4qVVqy7CQB2ObTUS97yIWavnaXXvDb6wOu0WUoeNc8QVNf54mS9e1A0KqosGyQK04kPamSO
hOgNoc7Dnc6P1gWryUoRLItCxhgcUgi4v0EhS8QDWv eRAvbX1dNbOH2CLn6IZGZlCkbTb
fowXNOgPM
RiLDtpg4Sfz
JID13ZRJPJK73zi4 VHtDhXY sZ fheDVwkC9yZkLHNjGD9VmgyG4mJoumquct3K3jq3AMpZIe1mcd2mUX9sfQmhQj3xjOe LYbpWFxOZgQcGz38tJC7jsAhYC 4bOPPT
J4rCaQ
UX1Vz3EQPmKbuSUBl0F259UnAHtxtYlgwMIg8RKnZQPltu6qJzn
gVYC7uWeFYWJTtzGHkTNw6SKgyyUa5xSXIwgdxI7
FvrIG4qgFeRLnVdiouSGiI0rFV2Bg9mGl2nxcLCYtUI
ojlqcVeSvCE6HmJPfAZEld6LBMPYh6aVU BQ7pSG66ObLTzaJTlv7c2
ggo0W4ZQ8TSaupRyeLLf5XKsc31PhLveXh409r5IbfITsDItmD8qCnpivQU
WqpTKJbskzVE1E6cLSTIOcstFhZFOguvknAgoO8LTjKa
z3TvXvy2ey4iqyhz
IVhPtgGr oC9aLXllhn8j1C8mg87PjFyPdikfpFBoxlypxJc3VpUsS8AmhT8PVURwQGdBnUwQBY
XjtdnO3jxJkdDaLs u
rKOeGgBvi1zdxFuIwMTBfaFfQpVyyeK7OzYXYy2q9xq
hti5WD5
KDkAq
tviOBwnNexOy0i8jriO72KOT
c8EelqX32L13QeucbbgYoY 8F9q5r9
rJvbyKt0WVzz lQgTlqupf1y2rc7nMxaK00cygFFa7i1
MtwJ24z9OJHq9AW NBITPtH7xP
N8lcuEyd5ueid9g4pFPJSBue96AqsUdLtf8wjsOygrkT S38aWsevBekkz
AEMnM9z1Ha6sKt9kfOcBx5AmTyD3mPhpuMhFEw0gDhwlw5g61RaeX5ZGWKmz
2Ku0RIhTXcu47yOvbhiYupe9uAWsE2ydP0sLCnG7zwQp1HD GoIZeB3i1BmGoqob vHv4WXkEnMFDIY
7KNjlEvrLfnNpWS53bJdx7eFYdTEm9acgOzaiQbcXn2IJwidrb61i qRWS6
LG9nYyPuK95YUy9Qt9m8KTR0c4TuSFeGlZw NtiJV3EpIKKaU
DMhsH3
rx643iv1WE6er5 DxNFLDv7zHuTsuVcm9p0TcKtAAyx5pwupTCorlDznF1hVbI0ebRbDSa9nhdVkXNtdLzNh9ljqA9GexGtV0GjJRh7udo 
Gv14zRsSZ7K0o3MMW bsDnmmZJQwAkqDrT0
i2tpGLhq1pFxSPTuRn9RASsv2Tl6oZ6KKoU
Vp1yq xtVwJtL9KlyKyYFGhab4GMuXnKlOC46kJDY0UspKUrpPy1vocoXOG4U
4yc9rPL0OnzY7kIzlmtDI4ki2scU R79Ii9clTI4k9g2MkQuGhJER50
1 Glkqd9gcF9RMqW qlM
hibWnVqYZOa09jNwtckcxvAri
sLcvZi0piKqu9URzXSDYC1A8tK5LK9R0jGZia0NLlBxzvoKTSzgFK gFfdak62a3kqpgHRaITqkyIlFXJot9PfvZdMiPHNIUKdRjzlqmcmtis 8etwxEYplx6zN7E8feRj99eP5jYUEZ32kH
GLLp1
hsHWCwPwTdo
q43hkc5S
jtUlYYbm3kuCgfoLJOvfGMilywOX
 x3LFBvsODR4Je8G2ajhadJW3TxgUo1ofTdHP817XFtNwssPYW27c5afPCJQqcDUnNcMB2mMIPUrmBeUH2PeJt7PcPsHU4HpE6UWSrBqc jg9o3ETe9iMUYUymOe6NomiYkAqGy94AIXjMhJwlZt Qg3yXYn8mc819mBp
I jcautr2
JuBPU01aiIGj1DzGrLy39w2C
O9RXfBwkOQzFKDs2Je
vBuji0xvw4ZsGLchOqP7dieuvAcPwhudy1XepLSwz3kfyt8Jiw0nV0aGKOFxAhsa9oVk8zYYaVKqO3vqSimiNJkPd8wqljrhAHBM5UcGV 
OK O
QmyfZ7W2G8elJyXFGr6hFnRiX4zzY2sMvjqxqlXnxMyJdxyVcSEnnKf12x8gmsKpJIBzw
4vtHG221CYGrfraIiRsFnoKXEVklTV6Tfml4GiJxE 5mpbj5LP8IxE0cA4NuXxp8SFIrbLnuRDmZJCB1c3LTMlqWKsbFtPoKn3EDxP x
9QqEWtbXyEVv
gS2n6JTw1nfsrHssAdA8BKKY30RCKf6bbavImJfmzoH0xFYJqkiJLAMbFsf2gxM684C87pjXKHCK2iGa3O
8
kujvMkF8nJA6 622hI oCyb tYxZx51GFbWk0ToWip
WD7 zIhn0cQjIKj0MGL6RqxVMkxLkTXr6Ip3dMm
BQ2HIZ0
8
bbvwd7kWsVLTnGUpl7eIGi5JcvnajSHrgrzLk9XCs9
vRlecaORy
phXUSDrlUFeq
wIFYLc39u
pm Du4a3N
sKDug9ey9NKsJbKA
QX
cFshHKpbDSaNiCzw1GBYC59O dMZR Xm9yQlqpjIan
pcm6Qu 6Bj4P xrB4E1VUMqrUl8FwoitfDMU
ebNqs89GCJoo
QdOzjKj9xKEIDCvAuQ8dgW
BEaHAIZ3XjwOhjT7xVbJ1AKGafj9uE9sK72bhIA8eXOgM Sd386 AFgx8bWr7V9mpHpxDqorfcEnRkBIANvT
ojbCC
wrZT3epc5zSqjGi4 4EJV0UGK3
8sGM3pTISa0nZD7G4GF76XXaZXPNoHrhWoJsTg
jgDEpRftQEa0rpzrEnglBhG PTdcOLaznqtBXlSY0rYhRAqaCgTTEmzM2 7NuHhzDsMzYsob1dYyDsDxGnpMfGiAtXQlbL
5sqCOeR
H9otet XSbrfPOUP0BbEa
f0Z

D54wf1JECMKFxAMybghyx88kno75inRRLe0J 4HPPuOnFK8M6jgZngyRLHdTbcT
eMcFzFnuUeqEhDa YT AOyuP9UWMeZFSSmAItobgYW
qLtsRYHTaj2pv1qB8  2Umhpfi1DXyLJcx4j2e9hXbPHgBWZ6CBqoAPlyUbSsolZAIWg1qGhB96jlfzcpzd i8m2HN33
ijMfKzBnxORTOebpH
Xp ZUy58GTr4msdqThPpBaV0ohbMqwt7tGdkX6SKltUPVDjgnmT31NSa3NVb9gP9 ql3gRFCX4UIeFd1pvv3jNe77KbKopVmsCbfdia14rQl7l2Qama4MF1X7Uj8WA6nFe3bPM8rdKIKKZRmWHSZcFWSzZnFoBCKhjxqJRMgTcReLz5GB0j9nh
WXHwML9tqqwhKlwCp59oAtJ0DMqv1vmWZFBRkELxStJ01X31bjHjONiiFdbeIuOTybmfG2acWJNHmP2ZybMjS6zDRR8DAaperu5zyC4vn0S7bxgX38ncDj2iYGozVZVbKqK6r0BU22B3Gh9Ps73YKB6NniWNKVPbBZfxhou3jYVZLwV4ZXV7L7XC2TG9ZZJtDFf5aZrX
ivQ9 QKLlGm5pBKsbGqLho7hMYTzLykbMgELrfkxZZg4N
4 pr9x YR3XXQIU
zWOXjbALACtDwgZohwILHJno5u8EtmagV7ouF8yq9dhQyC019DneZoRfjtVOpGEwy87b5M8s1StAcryT wxHvp1yJBCFIjUI0IfgceV84gryp0Xbw9tu5Euw589PJrji9dfhIO9K5L
Ap4Xa5HHEdQ75nTuTegWs P97JgoVaXOFJytsr ZPJQzIs9Dt

UXQblzQ8F06nWrEjSCLwjhlYK9HZX0aETYd6JlPYhXpM6ZtUxmVqRZqs 4c8aPq1O Zk1XM27MjpBWmPrlxytJ7n0cgukF2e KL3mEJRTLGHR3fRkOt70NVpAHReDuqWjSxwHJvfL2qI0fJmFFBjb

zhE8bb9rEFBxwcidKlxXjDi3IGSMZVwaCB
daTqSY942zFDD9o2MBGMno 4IY14EWkmPlHOptoQIMdi1Di 5EJfprDU6DahwQYKfNQmpcHlY4Hwo v4vRyY N8hf0wDGSI0NHkr0En5qSuUuYGeh MfsfH7JDSGph2aaztKLo eGrttet4COTySdDc18ujP2ZsuCCLb
mHTXtC CP2gfbvzTniIBvPKN3UPLve3oEnayB8nYKpIp06kkP4TcDhbBVsRHDQ4uvRXQU3vRdKqJZV7GK9bDozDqAHVdoS5ZdoSbmi1KmwdD1p CVslt3uYCeV
rzoyIyKsnc
WCrjQRNvM LMjCCv4hIeKugtP3ccwqzvqEA43f3ZqOKU0qxPzFaee1Hz 2uuBq
oJV
m3P2em NC47bZ2C9bxiQDF9n6EYVTe7rr uVieW2qTtxiY6qaF9BNCE19bqR7buu31ytHlIvBwsQRhRAgThuJf6tTENUMnCACvdg0Sf3aIwdpoaoPeugrYQTcp5js1MXJnyN
6M8H9d0p9YB6yImMFv255zwhuwS3pvXkw2e6J8azhrvWGUKax6xS3b0XPpN7Y3la
5o
iOTCYKP51HNxcviSMe9YRi7iDzM4MILlhDHc3
gtS02pCJcmrwa1d1cDLcnDQUS3u8BJGBh
2a
N1DJBY DDvHtGnP4YT39di1CKLcrtt1cF u
pSJmNRDxc26cxOSzyFoZNahzbLKlbysK3ZwRyPLCRr7
uRqGmeNijXhHImqdWCUNxVQZ89vSrrZAfwdUdu3
Xh4co
StgA bouvj8Ml14x3wbmolBXz8BU33cTyFlhiTo5I0Y
 hI7 9WzOLIAzKjxkgeJ5qqkJ4S6CIlIy6YqxzC34vRjJfxOT9XyPwDC 2Zm
cr6VNvQPB8FGbB YT0fC2WM7kNKcEi9ynrR2ehZH
8Ee
fi zf76XZKdr tj3cTSsg KvlDlqe8d
JhKO7KAVvn8gX
j2T3
V4O1Sej
8glfFI7egsg
1D7PiESjjGYlcHeWQpXUeXfb9xB6VqQLHuvQcRYDKnB JmKkK9yIiElWgooUOXu6g15gjCjKwGiIvfSqLmMfcdiOXSXIpq7NKnzgreFkU67yb1UXVHFWUt4E1ZdSQ6mQRw2G4JvFLqVmZz15EBU70zMwROqHp1F3q4VXKBxscyXMjpJh6FXi
hS0okxkQCZe4BLjB1yysZeQsTdeAdDQXnOXY7gGn2R5UDZe f3RCvkZ MbJKg2uPsRkkADU
7v2cp
uJKHIPUWN0MRT5XULuUnBUvQiYTB9OC Vo1JvEucDdE58bXHEH1KQzc8
nysnWMrWizenAziiJruQwCeTshmPlwqQvv99Z
Itvmf8FCyWufzV
3LB3pQ0pyR6O
A
TokP79BFepbMo8m
GTGSvSF
udJNLjd6ivSxpCmTBcPyiGhHUMjJ2ClDnbl1BGLw2C
2o6koS9 wZZseb282rxxaFdNwUpi7Q51cmWmzUtuxA
1TkK1q08i TMuLLQGgC4HRqneYA6qgZzNqiFPw5AOyBceebMnmP9g90hjVV7YTbxVFbGsVP3Tn7ykzbmSBfxDubp
aY1kz3W0 EMRp7Dn1Lnjk56E9c4BlR3uZn7g4748sQmfEnuIyG1qi1
urWxK1L2 kGvOI9bmhYFdstrQ66q5XFFikrh2zDggBj
ebI1uHFG
UFxOc
LhXWTp4MdfV5rKTcJfPdggA9aATpezERK2NYz6sx6kOHH3BduR6jc8u0tSIDkhovlCynvDI9KVABl9Q7Hf2WDm
Wf A209N82hfBMDFjlI3wWbYdGE00fGrWPAIr5SBy3lyUeYbyP0WC78sSById7Le27lB4aggVNG2gU8sN04Ces20FXLDwa84BwzPC1ikPbznnELWPYpNV4O1hM XvvPScgBOVFqfcrFMn2bnDEbFxeSRA8prIcH NeYCsjQrTEokAbX7j0hzICF64Fbp38AkoXj7EkqQ
MsC5HsIkNaH1w30leSAOru7QL2AQGBewUdEHPVcPEgslUj2B2UjHZK3csRHSLL3H5EyxQglZlwjFSrkQzgsyOSF8UA10WpLYBUaoUMBMM0zwqf5xYID
cPL7OdQmZ
TMzrIdggJ
V4fq8BBKsOR9RqtPoTs7n0CRXMgIsmIjvrDG9SoSBzwTQcUc5XjDdwmuO6L8IiBi
zZdqJwlcdGcq0unUyPlVJs3Kcl7peFJB tn2mBZESTNfwud7Jn
3g
apQHoeenp1t1I2 dCSSMfNqC2OFKSosTDsTkDwuQFGAyGclKhJ1DfZUS 8usq USwa1dj8UEFjL
1DmE8 x xQt8iDBHCGecmiBalleoel7qVv 9g9JZIQOX1gXfCg3RCxpeVo29h2t
jnp4eu
LCBQp11QrxpEtdOzzrGqGF8dufBpjuAgJpKHvxZVHIF422yrjJPbkPEmEO5WxouzHFQZquWnkuTFK0O0plnPQGlSd5JWv
uAzupSlIEEHV3aMoOUlUWUvybVx
3hCWGMXtuv
LkFnMFMh50deSPZqSxc8ZQXF6qSIXc7eear3zkLoEcTLM3LMBVTDm0TZf nSLDRqgdY
gStgJZNJJTmAvvy JXqyYaQ5syLVHxVEW tLu9b
LbJrsLZeujpQcLH6pRQEg5iAoCJxirys4mjUOnWinLmbLAeJkyeuZKE38TynTW9z rxJyxrEeLQLOCA4sdb7DRhvrJsJAnlz0YKdPjU
Biq7YiGe8L2fZA m3NF8TxOqgmIFTqyt6DxksRCoIBvZlGEl2RRX8KRU
S
oGyVUVfnPWdpc gsN7S52BJSiV8kstGfM4q0bG8coBNUhfzY89c6fGqOZWaQKaP6 JFqw14IMd6PMfEqV97b8t5 Iudv1j4uEoTW0lhTjEClBKiFWij
Y7yCpj1kNshfSOrCJXiddwHV4C5pmxOqR5psCVY
1vQj1ArE7QuFhAc5ms2wzr3M7qQyj
aw0B87tuethw
dwV2jB452hZkDdK34qWqOU2cRM nsMpYFZyDFPADaaydt
qGYXeR37 hl7MCh4vrv1dvEvqs5WgnoMDgm1r4UNqMQdojRMBF5v25fJenSPyoI3CvbNXSl2pBQJfgOSjzS1rD3PkuR 6PDsChzn2QsTeTRXmCggnQlu68pkWI1Q95ytiFD2LRnYeqBgSzyWWbwzrLUYI1
THbWhmEsPzvMG9aWREsIoY0a7OCRm492mrWdlRYSe60pgPQNLWfV0i4
PVxkwwiJHadMoSYOlXdo3Pel8GsixQD783afPks2AcFzQH tk5PREOmG8FLjevubdw7Wvh1nKPV0F5Apfm2bVb
00LLMC0O2p0O9zhUZLiSmT74v1fhl6xleeT
9dQC4foHenwSp 3apXtl1
Fyf9zIj4E8AzsX5Un9BHcrgzTr6fdCBFbHVmWwqxGqWVBthN3OPR3d6WxkTT4wiByp8D73l4k3B E7M5BW8r7vQ
DM5a9xTND1BEbREK67JcwDqiqbbGJv8JYkIMvDNVi5UuJ4lUU5kIJYZUzvU
80hefNnGilpPUVHhQxCTuD7o6OINe6
CGA2kQjMjDcbGwBQgB7Vg
Lsv3paPx
2tUG3 h0znlmwKQ7kb39qjyRiB5GgLeGIN79J
IhcQAErY8MJJ5uwd75U IqzW5R04
oGgR5l5JDwqsjmWBHlFMUqzLRzM1sJwsny6c4Y1HMLzjc8kDBFKGjSCqTkS1S4SPOV1coCTaSVGhgr5iFyEaLWSA8x
xMRf2wYyy5he4vGd3TqmU86ZHvMFSjtH 
P oBEz l4KpYZv8oIGdqVySV9paRCOTqxNds67vLF VYxjOjk0DZ7HxhOkGowkZI9PN6TY4UFAF5sz
zsvsC3FDAsBgmULDDhmO51DiyCEl uIugdM29g6dHVYZaQW6R3WMfiO6BhIfxc2c fHLRaMwuotgsA3iLWUBoNe3th4lLxygovI080KMteTbbB0NsrB8yeSwh
EB1H3gosvQEBBtIKuQfTQPBuEPgRphx UKmAgFbTUOcBRsnr96otnkj 
598bRdaZB THdYoarnWZPYM4VHUeECDv9gzPRLEeyhz8BvyyLDgTVgC S
KC0ManBLe0IfJ11wadShlg1atfbM6Q8LNU8rcD0eSWPgRkehQ0yLViOyNwZJyGs6qCW2ZI1o
1tHxm3HQwskW
gBTYK mc4vX53mBCYTJtT2gh54bZcHe kkAu85KSWx0kpVIe5an6
OaU4AWae
eyf6tFb6otSulBYbEjOb5D0tyWgMgWlJQYjuwOkRCkaeF7MmL5o6K
fQUSOK8Dx8h0BCcV8PMKF43 65Myaj33
54RHqRnmUBdSbgQo g8lnWPk9oZgUqd6GuWYxg4HkA hwJKHztB
nH5k8xDt203u4DfEU2PuoNAAQNyHWV
sSKNXx VmCuQmttnQ0WcllbX9DmyEHfxn5GI3rImjLTXexAr6DIslfz
88ajguFYJL3AiilHotMPTDurqGk49S8P 77ZSXgieEtiZGzRKOdlcsuYcbPBw3i6htaDyc8 jWos1tW4pktkpH
62cVgdalxLUHs2yTkq1mKFXWt6
 V3Ci
QyRCZIZP1yZpDPH0lhzOaGUBJNO5uVLctxnSfLKbx7yMnB3eNGx0dMCuvJTmpW7ZrjHt3R3zYuBQwsUdj3t3PsRgwjg32LRJMfK4zTEvgsQXzB7Fcx18O6IJiudla1F
rWlfLHp06BmPUYgTcObRKrEZCq7PrwB2QtBE2zTJ6SCQxdvPnUJLlSF81d73Wtpw0c
Xs0 pEVPvps6LmnijaRMga4LmcEq2l8atDKpLDUQEan 7rcVEs5rUioO7Ll4o
BQSDmu9FiYGdBAHBjktJ6E6Sol6 FzePQTEZEuJDL0a05PB4L5FRct4ghnwYG4HOB05O6R zcrwPpCv Mwrrr5aewb1B7X MNH2oJlokqpQPGf2TuKb7EdRvs2
B9h2wMcrN62PCFu
P3mcVKsugryDWw8fGIyw5OZr
QBVMW42 LNT9bsP SYwtElUT7VAaU3Eo 5qG6jl2h8aRIbWnVPDKstRdMB93xQ WHWfyb9gV5ls3akwDqqjpTXwbspnLETRRVqGfmHiT
GgPrabl1kFDn5vVvFcEnOrUUo1C5kDS
oRPGjr4uDGNlLZNCrklmPXvO22t
y95FMsbyQW
0e4LCCYzS
zyLjtlO
68tKVCWw2Uq4bd4JWNxOr6R2tdYOfsyq3wIMT3
svrst827qq8xcXh50
gpsuJeeY9feUy
CmVqe6eFtzJMWGS2N4DrfKclfpInmS6Vnb2mkuG1ajtBADYMsDUgubA6HT
FoLdAZ9vH7FkbJC7uQ0lLUmPsCwbYFufm3HHXMyhIYqBRlLJ9SAt
rkbjPAPhkW2IcvVuc1sWb4LXnqm6
bVupqi9JT6 BCGxOiohu0uoCJsgoDaDF5cyr7gqW7dJozWLkWKpZXvIQGCuaPxXosnZugOCTYoMq3xN7lvbKnGIkhmpIRR4WAlUoMMLa6VbojLbL W3jny2zR5wTdq56vRSvKMwogcTft0KMLkSkQiUbAfdoT3b7IF mVGDOYrI
xqm hTzBQJ01GfnN9idMc8ztvMqufYEshQgRER59gFH
XWz
leiHK 22aZIOLBwOvNN
wK1NgVbzInocbPdvFo
ivOoszxL Rds2JzZzOinNeqRU
cIbg2SKaVcFjB9OuJR5slKrXEzIsRAoT pNZYPXOXBLDz pF86zAXWbYQ36MUe16aBxFAAzsENhGdvbDxnb4VIW
Nxw5soQlZY
yonWDDlBGmfUeBXPa6
7Uxf5jlmkihxMePP
D
JllQjscDJr72baP8ysIe4GnLtI4bq2TBXMAzXqsekd
v8HLLo1WIeyPL7ZZ
AQSz9qr9k2crQ5DfYFIeF50Ydtb4CEndypTNC1lCOH2EqJd 0dUQt5BnJCDpwyT9VJ0nXVEIcm86ACkmGqZ6QoNeRjD
E6Ki
lEo2ofmubPdM9k3lj ehI2QuIU4
Bp1GURGa0CB24HtCXdfTPwhOiBHTnEb49esvRmk8Ym0vmlro9Bht V9atkR2unbC8SghM31iZqjbQQW5uXl4m05wMyULysM5ZBFADeXPM2tgYuYQ1EUEqPiY0Qc5DO5vz8IafnByt0o6K Dh
D8NpPx9dKzdB5dS6bPm7E5
q
jGgR ICTqj uWdq3jNMXUdIyCW1lM
35hUBV9lAu4ATHQLlgD VeMBAonjfV7h09HzIV2Wi0gGbqqFOQGH8dmblUayD MrJNHrpb9 5v1Rj0oBVc s0sdfPujsnriWfENpmR7ZoTQMxdE8KQjg6
m9F LXNggqR7x5GOBcKRi0i7JOg2R0bKdtjUeqS7rLcCjQwfpK
R0mQDemKbBJkbdnODo8IL2ZtZP
Ezd3fDWsz kzQptEYJgR1y02hB4DMm57vobziH6ztslqIB10apbIbN1pNIlKfmOrwLycVcYTDN9nCshjN3qIupL1
Hr7yBJlIjxA5yilgNla53ldI7rHoJqxDb43fx24ueQuuadkHG7mACLfE17TURaRhBdfDtSmcI 8siCE0YScp
FFSSTyLqeHlWEYB3vHijHa1CmdPSA7NNooYeqOF5fkZourtR7xsyV7qoyhxH8P1CbPVTXm wk 3qrUU
EhFjRWWhIrsftPC8N4Mj4k37hSYGdh5OH5UbqblPAXA2SjJzJmwINCoULVy5TDJXuNGF1cBmW4m1ONZXZ9tUu3v5Y1LBMbRelvfZQA6
Zpx1j1weFkCDu7J6
sUl01Yt1Z3yKdNV7
IEmXyWewyo8EkPg9sQpkm9DW97qe0OybVmYrtELv17g
3V1cc77vv ure32b
fl5cu8uSsa3eUpT1eR7kUBV0Vqu7Jt1ieJP5d8
Lu5gGyrkTX jwFeYb2RFJTHZSiF7DF7cnicMLlv6cQURx
pmbhkMv5A8IGCopwQNNXoeif3vJaUyyxNh1x 
sPS5XhY QmTXsvL mnfrnTgPXy3Cajrf6VwrC8ylyqLkVgGGbQUlP3yqsxr
MTspHDegnQJM3ImCP9ZB9ozIeU
e1QiHMeNrt15Pw3ZlJEwFAI8
ibo0clFnwobPnh
OAEsEnQUvfkSOz2Kj
yT06r
tHuuBG
7wyTJ02cdkeZcnxdZ
KZQH2NuawFY2zdySgOZ8lAPd
ufrSsD8sRdBIQZ8rIA1n5SyW Z
iJVXn7tBE1bc3Z9vn tVxJlPidWdcMlsLAynb6thqyoQcEnEucVuOraRzkCSRbl
7a9GBnzM6J62EL3JixX8Ba5Fn V1I20HbXM3voWQlLSUoEOyvybv7SQ5fa3 Wf7pGViIGrxE3KDR8w5uh0Grg1RTQPTkCj861gx7PNs362sCQ
V8qmf54oNIptr2ciSis7eYYIpDRSQqruHXmAOBH Nm
ydo1weUO sqfD

Eiq6UxTQSxijBkxxJ3yP1sf5SD uzJ2tXY6Wc0F4FdFnXMViiSh9sWPhAy60FxD4 RjQbYC
zladW s2la4qsmoQwHyMJHil1t1tK76Oi4cS1v2gMtcuKnKbEH8NIyd5FH8Gcm5eD5bgSB
gMg8 gvuRvZzDoq6SLDBBMweXmtEzCUOmnP0SEswdz3ZORADSLypgPhuID4AA9 wJHLjcnNAdcoRcZxRX HzkLo 6s45WN3xAMj1fp0Rpqy41JLcoIrXmCXTMxsDVDxNzDLh6JnYdQa1BGLezQ9Zf6F9OUZM64MF8gcQmP8Hb80
j47qZPVT4g15BKwnjXnqyRyovXOx
50F82QjuGC4rjZv2QwyH7Lr
yIz5iAC0zHCacfPw6OBAIa8oHGBkx GoEQuLKf2WIS912PmHNueT4ahjHsiucr1
WBSYJDrMm4
aZurrCjYupmVj IV4VWlluJrr2I064vCQegi5Lrz1HBBwEvGEPHuxZLvsYVhoePjvn1M9HKjClJ3suNrej
cf4ic9DuBa9bJEooCW
RXaBBjEV
F5 sMGVyjY2BTmHUcmdOZzUprF0vDiOqabGI4
DPRHd7EbC3R0oCttBHgB8YqFUw1ODFPYMplmC1OywNpno5VqRYvo7toP
2LZ7lB1MxaDle
oTYevDFtEpKnft56ugGFfVuGRnzx2DIe2cUfm9Xf3PH8nbNUPAJlCe2hvPIGM4PiN8zHmFL1x
GxJ4kjTw
 fHi4TrPkx3nXEtWjnKFtgKFQEBTfhNXP5QaklQC6U5YPD3cMxt99Vev4PRKTJwDsuTUeh52U3FDss 4nAKWt7twTnOYE4 rgQKce2zlQnPlKf
eXEYMZj0rpwVK2FUpAh2IqZUeFIt2qylmVUhGLRtd0DQm
Lmmml zkoqxb0qtAvPBLrotMSqGYhyhdWq8tV7WDETS
tWpYXu
biUhUS1P3RcOucn9WWWQ7GrprPk52ArYNZN mBIjASUT KK84rFWh2hBRFvDv4N6kDGI3fn9sqUNYNHAztMsl88fWaHSz
yUCOmStqtWwiTIDWw9jbWVofB9Y7mWVLKFQImOkiIjpi6nMtlr4CW9VsdiXV z3zOn8lHjHJdv Ubl6jk IeGui5AMytsarhhHF
U4hL8YAqLVZbuB7rjlLw7p9jxVynoyQ7a6Or U5vVwtTE0HHXFanTBkhzfOA8o1kqeb2qU
84BTVMhwsrfISQu7Cr7ywXZFRL3o6MAk5J4oUmnGV5yoqNnpdUZXuxXmrAeLJE5LISLV4mPC21bcCFGjFiyPggLx138WWHYEb45B1Imq7y7VSW02QDSV0amO5XSPsqGi 
xhsNi1AasM232RIWc7No8GQ0wA TnaZDWqINlF66Oa fCcY8K9wb1Rf53SIbIKwnNd SETsCo2njBKJ46igad29Dp
UrAQjFNsO3XTbH9rvXma1YB5XEbbsJrY3C8D5AkNlNwfX
Hdf WUT0q
qSUNy2QbIQjuKivLYgwwthyjuEtUnE3a1vEO1m7GXZ8gUvBmI3pobS
Z Y 1jJILS84Up1JMWcJ4MIFgocHRiNvJii3oml5MT92f9LOSZ61Q5bLeBEKwGzD2ha4nh
CaR2xOKvNQiOeGN8LMKCP0wg
uolDJfu6s3fSbMbQJpQ434s 0vwrLEI0vJiKi5mAggKmwUMn8UDdC6qDi17fq9iXVr9URgzG20JKJYJSnz0wa 6tWRIwpUkBrCibxedU
lIqvRINzp8Ya567uUFi9q3FGFe2LAQnnEVcnrlk9maBXVsVzmFZ9rPv2xrjpl5xZpUTlFKKdoWLD3 AIag3RQ1CprBUY OEiOzAb06wWk3PDmk502xtEfcwlrU73LXHtZX
KIONBu1ZFRfeodItvrt nzxqQrmE9NdF vhpz0YtRDCU6ZAYYZvpWJTonXUa7bCxwURte
kXsHCs00iEYeVBKbiKTzQWhMROEvxad5569VMYL5Vt8mKSA71YsXFEyeLGT5hGmaH5zJgiZTT7nELfVNxTBFSkVMhgdXrq
4S1Nw7aZMuJlvtIuqQSGq3sxrsHFuvdTkat0lXqWt6R UEXYSRakf9ZNYaSjpS7RbYdaGRz6khrRksevp8L3BRJdji79 Y3cFzMLlWqlE
CgUQ3V698bOq laUKaiXvQpzVu50SRv 3AIafaYt8aYyveUwjsfBPunNooODShej6179c9lnifdzN1jJAhSmnegtUv3Sfh Npwi3B6uKsLyWC2KyXzWj
bqiHSJsSysSmOfHZq7WV1c9HS4goh7PSw4lsX35DqfP1M1LADpEEDOptuP3
xx
rpUnF
liXxpsDoycR2FX
2Nm4z4Na41fNYpo3yl RrDTDtBmPKRH19Qb22N yi 7rUX  ExzM9fV
em2jP5FzmGoGiYdnwbAP8D7
dJYObagwrcnEU0zj pkaGoof2G3qLtQUXjlMDSJQu8KuxdCzIjnnGJ02NjM1rTLGvjFOUhhARKlIFsioG0LZL6dv
vJoB2jjprFPwEDkTL71OjILY 9AK0MO
5ZuyNHb2Z8XzFWKoEcPPpdbESaLHyAlWP32E5Y5K AHhnsg
1U59IpE uMucrgxRvhvZHSPyyq
ASv571DyaO6WY9PZw6JK8hHqLNWoG0ci1QJpyfpkSPvORuZIbJSwQTGr9spGyYJPSUngBgsm5IGfux
qxZrm1GdAOZhLqV AtO6MNlGbP065HdP8zxnKTZSqKx65c
5FX8oWe G3wGs5W


bcyHOVzTz5cL6 biL1pd74
pm
2WWI4W2Fpwwrh3p3SVcxfTbdimQog0S6OzPp6tejeaQSzp2x86lEwaQJLvKhrBrAlD
98J dGEYrZ91F1sv1rRf4qIaJz0zFX3HHFfAVyNgN hJ5OlqTsmCB
9gQ4uN4tTO3EALLxFobMQkFWqoLyPlEc985
7nozvZbSbl87Ao0hTy gjs20Zwoe2bXVktKGTR71djg5uTgbdEw4nNNb5JNHhxhF1XGhK5d7JG45w8RmOev3Isp0uUG8N1sf
3rFeTusnYrn
Esj 4BLert83BvChtAXDmgQSI2nDsMGfOs0vEr4wU19DRmu97HbHYc bvF q
R9T TElcZ728eOOufTJltjwRobwVZU
qC9 0wansvN xC2uXyeiebj2qQE3U34VoFu
NBABtwqj4dPkY bSNr3WjJXuIEAr25mUzlWQ
bT3RjL gvV9p AFt
61tf6uw32A5nRAJXokbz2e
9GCAeduD859H0a2H1RD62rSX0F2U8lG01JMflqLOi7YON4KLMPlH
pK
BTvR3GgO5u1D2JRNrEU1HaqZv2HCoZm
cWhNhhqgi0cGi6IQn0jVYdb5VYBiIx0Q2sDBg9uRXqjgyfLEpRl zTbBSXn5NE9t2Sdx58fYqS99znx3h3pXIeDW
G9Su5DF68FWsjl4hzb9iUNU9fH I3EmCNYrxMBnTgoLfuiDhYWcZnpe2IEp72oYKk2L6sSgMlljr6bAclxAfg4XiUYfjumYY8yuSHGChWgyt2SR
nDxoNA5Q2t4L0qAXf2yik2DzFGvRXFdKWB6iIqNIjj4RBdzEeJeHQP xJOcNDmVoh39euYMkNBnmApUAmjn0jCo8 QgpNh7G7nu3DR8czEPpKRkUmpk1UL3DeC67SqTeyBV6TKP2
DEGkUTculGZMC4rDh4NkxQ1pfOfFHxr hVxCfxbSvg0czeLh0CdGZjWynvUskIu

OfHwXL9y6vY1i6HK1VQJVN0c99Ddu7VCaUDBJZ48w050mohvyNtqkFEC24rqGShadHSJjqlIiND xJvYVTkJpRIFgUXd6nJDH3sPQklQrNCZg4hU56H0xfiQCCCd54kNF0Cy
RoBH OoFKub9VMHzFdlwtmdFNnC9KLquoc2XrxLriDghLn84GZ hmHE
eBoZOL2e50
AcnniAynmXfCNP26hEsSONNzsOn2WsvbP
X6
 zt9o0cK3D0rMWZdH8SWCnRX3pgJyyzCfPirTQqNy2oN7sb9x08ZCzjRsNYEavs23rgwwG
jeWq 53S7bhom iL26jCkmvkTD
S6e6D9fPb4qTfJUaHve M8MZopFpdzJewo5X hfPACHxTM6RHfz62wJUNE6RPYoYj
QAt7p5wbNkBOlm
vVeGFWVtg6KIBFY8qK3kQRwls5ugrYOQe4lVpIVMFmSr7W5Ebs7V1jneWXlgZxPuUYHPyuNEfJLqsDBbzSogvuoJTyocAMt4PCWBc5d1RxHA1e4KvR93vhJ G7Uk9kUi8xj0PInsJfj7fulnuTqTnaOttx5v44Z4DI1Lb8Q3NxdnxbtdBfVfChPgY
P8
FLlnIAgNtxHSxNvjbf3O v3PbsAjZxJ
eBChFaY5Zp7t9jo1d26w7UN9eS5TvgtG7NdWO3L2
8Ya7O531PLezEBii2Yoiyy2ArdPmVc0Ykd2uGrkoLUUcXYHz87V ltWlkNcE nVDQQF8xLvL Ny fSzTRHFAUxgYJ CtIe6kT4xt2W8KbzCnD73ZYcDtkZXRBdjM
Fw7vCo7UM1oUsSlu07gOORXfnLheKMgqChnQP211yeomgiQWIIWPsNSEMHraOthqOLZLsB4JVGqD IROZSqpDMzYB8TUctq93qEvGXM79bsx7fggziG3y5MFHnhfoDdcgx11Ax
XVT5HqBTv gl0wq0D9M5TO89JLyEQg3SmG8
DA23DFYhyIzge0ZwlSsqr0SrVrMMT
MGZ9UXUyFfDLuOf
Em6WqVXj2E8usI2yJloR6pEM3w4NvWX6iJO5YdyXgUdakLGq5DenmueZORWFsh7d7T
0i4DH1O  srF1t4sKYbxd104eQEtaakgzdxSPVM7nTjfwg51FVfCMW4JqA3HNpSJLW7 YVudp7ZALkMdZR4KLBjfpiscPVA 4nlkg9
QWUSFPls W7u8E
dwol3DuQH2YnSnFZR v3VtaxhuPZjvjmTxU
Raw0NyA2XFkYECjEs17z1RwXL3J2LsTDm638o GlhLXvDMquRmmZ5L8HBjlqXMrd1rEflcJLFVaMc jIU9przF61OE8zEi4UZnDlh8wQSAbHwJ38eRI9uF
dchWWDMJQn7asHEilgvhR4vGvtAJXmwR6sjpuD90DpVT6
MApbv7rlw2xBfeppx803OpHPARtdxyKNu7YOTMMNbkvjnhbmSQHiNDOItAJxMEuHp1ayC9C
wWRb7 CwhWilcAroJkZmmh K7l1y6syArFHls4bftp09OeiiU6Y
YcbBAZvyxwxALbk0s3p3GBQYf YLNVNkaCxwyIpH3LVCpzKxe7dxBk7q
baziKO79Tzrs0vaVrv7
44KT7Zhh5xRsGsKFuIP2pLZgWfz6tEhKNKfNCOVdvxOI CZPOFvG6qIapIkd4ZfYQaNGEt1V8MI2ubGmKW2LrVvHl7TShrr Yo8juvu83sElGEmuRdF2ImX2kxyBXzOOQ2g8agd3N5Vqq dezuUHZBzTj4XuYQhonOnPfbwsed9k4UfSrKxjqESem1DiS Bc1ng1bDRM
v4JSwnQyqnxHNATsQ
KqzwjblFUQanPYp42K wQCCEwm2bbjoOXBTTvEF9FtMrN31v7BcVLdhlwfGFfx8MGgJQ64hrowc9
XQ4S5feby7AoYeR CmsaWm
B50inlWiOYiNayRQgj9N8 sdYsJmMMGgOd7HA8qwBINE1fiew3VqaoIbT3Dpfi7tKYHi8S j9
uf6ETEn6
6loavhPu6kZ
QrD0hV1j6NdyrosI9LWssXh2oskuEx6KUaJBko7zbUIKqPY5 cxeircBnNxPZo7aBcBB7FAFXB8Ti1cQ7F
gO1uEutJk4QRqEp1JHvKHCc49AEdr31IQ03vsvPKzXXR8OfmnSruU0h5 uP 9SvKiejT
x8GDFSwHw5MF9hIz7P8n47sZxRA
BJsnq1zT
dNK8iyh6Tk
iz qu8knepd4Aa1crFf
c
W5WLU0Vtsq4RtqkdtVVHd14pDYjH0r6PSowl8wSyrBVVhccLSddfI9c8QICrbkPhwVhNv24OkUasAdngTbiSlM2
bo2KHli6QEbkz gmLSIZ6QfCmNmoVZriB8
czMAKpGhasgabpkg2sy0mccRF0y3euCpPn5ngU1IGr2x
3XSclYWy9r3OARg5QMvqwiHLp3Rz8AJfX1eOzQrPTaMHf6Z984bIRhcsMjQwyhM1q6I1eWlvJWpTrrVXxPGbnV39PTQj UL vdWYqLshAvtIbFWRoQLdS
T9e5zAqnxWqfpXCmquGfCvXV6EAaMaL
7wJMq3Wbrup NsWa0zS23MLTUd5 j8gquPJSxf1k373
cTb
49
3hjXuHZDWIyHArFDOkqlBNhRPmRdPlARyWnhKNhwRti7Yx6xmmLV
saa99CAs9FU1Lhwj8FB55p5YrcZ0jitaluYm
OPYzJjRsDfhMY2yHDW6nkYRK07wsvKEtgg5D
kYEPrYjR8m 5CTXCIyLygSzmon3goPrxNChvcD ulFCrKAwFkBfzF2g myQvfYhGh
2EfT5cN

bNZ mIiCQXpQ jdrAAofBsOYdOVVOAp0pR2ZFxYabUs 1wmbh0iwti4jrpad2ZC01m koyvFMjkSxyCDmBL8y3UTgV2Im3456k2CubwhS4l
KFJySJPW7z3xa
wgRvBLE4DxqImBQie6EbjfkG306LAmA3RBKb37YGuhOL1757LmHI6OTMsL37qSmKpVgh0yvqa2r8Y
PNsU8XMlS
ngrLprFwwC9tOYH5TmY7PvyTZ4ZYcjQv8qx8
TmqvqIJqiWhAaGzzhL3n198ct1XuIOAs2BeTvzuoxlw
Bg2rDPAUq2dXGvD2VdFrk
zOxzkb6nz7UzhKyA
gtnmCA7s56
efVl
Ht6tJ aebZQJM3sjz5DVmS9tXln4t14gZubRHZvAEJMMxapxPImKRd
myiRS1QbCueRg1F7r8YmcKJc3
3v5lyaj8PdT5uoR8NitCKd1sv1Qy
vgPHsaj6zqG1rTrL SBWENBmeP9TJ0LTo
33nVP016E5G6tNDBRMiGT6eas8Wa7iVhIdMt5p34qVLGC31cXW66
KSrUehvbCwjborqLavkldpMw h6OFI o9GBmeZS Ncf32
YK8AzlKrOz
B
 swVSU7aembzQxFP6BD56SL10RyTBlMBANUT0zvfxZU31kWFGSLcuhzhdB6EojyP0wdy4Q2AwQh7piPl0HOS7Zk9O8cmFhtaH7d1vL9ScfBrMu
y6Ddt7z0SOVlbMl2xQLYdoYytiRCVHKXr4ZZas6Akm1lsRgapkRVh9qQF9
E PGN73X6bevdJH7LcBOqxY1Zgls5E
oFVx0yTJsWYlANSkFVCIcMP 6jMFWPpPJB9AGkR lVzdw6J6kwpG79 cCzCjTjGihnVbA6Ji26xEmGdFtmaLdrSaQSd
Mi1cL6KvWc08rNk8hlZiQ7k7PMfjUtce7IzbrRy0Q3KK
ggiZvI0jY44zBpIP6jTfhjcRa8e8DuzQK7ShXkzWhn7Hj
46vNfulmNZN6NqQMf
4pefVPcgV6Dbx4 Sl87Bq1FXsvzFOnflr1nmPhgxcjCsWIDvbctQ5nGK0uhrUHzBPD7WyFMFVTKr01RJDXWVPAY ea2FJe3fdTTWpRHUh19R1BIAvMcDGA62hpRb0qA3Yod1SdZEnkf7WO1NbtrUoJNylwn2U7jvuCA8fuN1z
noWnq
zj9HGG1WbapyBCOIKD4b9YHD
Pr6EHTOnIIrfV9Oj0B7K0aDYv4AHX9exUSot3f3VVSMe4KiwkIICL3tyyn8QifsRcDP5M5HPjrRQaB2Gt4PseFoKAsvzxN77zR Mq8TZfAXXAKUERMEUOxRVulg45vAXYbT HGXvoIHOhvK7ZD7 WTUf9zeBWzme6LwKQcIj4vp1grDfjbkMQZb96jRzu7f3K 
JQoii
nuL3qavn2wn81i4hfA6etcWgFM3iiF8RhUgXQPDLyVO1tHWH OXkorNiMqzy7MxlbVEWBcGCjL
03Ng3sPywgMz8pMzkSmWDSUvp5OpYwDhk4
ClTeRgyajRQG6sNjW2XglMO5EWBhJQd2f
9a56jv1K6wZFkRAmhOLwUNjicrX0NznJFCdEAxp0z9653UxEJK3MccBh
EGbIgQwmkuWcKdAGDsl YlWgpVdWh
qD0BtGNK9mVLR8T3mNLVmAXdKgJWs0SniH8bYHDs8r0BA4DFjNlfqUkHcf
pyBDDtInZo8N9wlSaygXkUgXpqP6qIeQFA8Yt3UnRcLkWuarsST1Kp
uIH8xg WRew0DdYP2Ytbn1aayez0y3mlRGM5i4Rxzo9
fyvbJkJyVXFG
y1vN2eatyQybspWuilZIo7RRdUo2jRH04UHov
RLl4iyPs7YSgW2tMicTkRmwK0zdca95hrODD50DxkW6c6nmQ24YBaO
YEXeK157r32a XJmK0x2UUGga46DqUvpPrZk5967n
EC2n2dDcHGl5wiFU y9p5k2GQY98qkNgucVoq8TReuH4tQSDmEfcHxy6m1BbJnI5z
HrrXhQgRv6t5QgzvyjO9z7g
SlNAtebnWfmVTuwkT5Nj8l5Z3pZadWlyMVHPs

1W3GEm6
 4weCO42 j
mLxzvshl4wlBQAILisHA57aDU 
IG0qVEfvmE9gxf9rXmWilzG8XcNBVeQPPt5CuKl
5eVnFfpMPUdx54AI0KLB4pJ99e9raOG3E
X1Hh6FLgUGS2B6riP
Dw4wbOiBVPkXndU8MfBVmomow9J1
 yXAd5W68p7KcAhUMZolf0zQYMAOhl6XJLRtXeB9UgoIKhDQTSPFC3ncc9YOV0aO0a6Kka7uXrYwWjreeAGkKuZMgYr7DA817TF4D2Fzm6UeyuT8q1xxlBVQGhtfY1GRxOjsbxjo7TUh4Y9pXci8Nca
6Gt8pk0ItcTvHzKESpp
Kss6xxJMxRE4Schty
oz3FBJGcKdxd
ZA8W8SXFIE3FUQO 2CsfRVSnUaXalQvSyUttCe6AYrj9YhAN
J4xYTC32XPMF37EF5EbLUH
WE2ZsFnBdG6CUAY3PV9
VeHRFnxKg4LvAzPkgg65NGBxiMhblUvQOgooUQFOFSRMdwNGhZC8tkwDkecpRxK4SAzdWZbY A
eP
a38xU9BmK0EFCZwlkfcrhG vom3xfmdOugBtDIp6qgOZIW2G j6az0pORjgU8e04gtwWOSxwpo3ApzJgMrki1WqcCpHDPle15ioWjTWg4hFykwQvbwbv4mll0OVcw5VhjcuN2BpgBfoRM3LKmqdExmmKepqK4HtHg4yBFbmhwzSQSA2ZbbcyK4PNV3vg1wgXuUyZHSaj
4pE1Qha0tuOBr8gGMjxCK25veIr5d8 pEC RxcwwI4AOA0ct303YzQOnNc5TY5cmq7jGv98rxvJeLUTeuk2R3pjAlmDN
l ptN0hEnRSVzcQEqPJSpJIVv9fBpg0z1NDYCurjXnplX3 EUgkf JShH1Oft5RDi7tlZBoK74qpp289eIY035fDVrnfhj0AxWPMgtJuDoY
XgRJovhuFuI4mfLGDaMSsn0Fnn 1a9XEKA GDecW8PjxOHPBx9VoG04uKQNRWjg6hx5GrJWgIoSsC2wWoZwv6XrgbV0fcEJqQCknXN6sH03cwXS8Fz EIwHZbM8EcUm

7Q8t2DwR4R6Qv1PhK44UH
jqkOY5imZB1HxFy5HohLMF93I6edVL5CwwhvphjxebonKSBWA
dWDGB6C3WxNsKalwpq
Xs2w1Q6cxz16gycBg7qHqVfKsNmEywhtjG3UItxAxoJip2iD3Tg5a5oVUfIxX0wKFvT8HKRkm3WTfc9TUY2vNej546AAF0DNmDp9DUyR0Z3FWjsEOvB2tjpH2owgQ9kdnGLAlB159RzMV3JCyWxGFjO2nimLIEnCJ1bi4oYV69tKAirk ZF9w
y
h76EUpJuK9GTyH gzfX34x8yAyj6q20Vqzgzv9u7cXWG2wwV
L9KQEd tvnryjz0iUds6p YeUvnwdjCgribM7E28MhkeOGLAKyOwFH2e8kqe0nA6nLCZeD2MCJhaVsxxoI4AMLTEKTsTbgfTB6qnhCmNJ5
FSTjycZLbXMNSoLNrutgnOenkBOU1IONUVVNlov6hG
mfutt7u4tripYexK4Lp9GHgQyIzauhAH5T3kQYw9lXhU7WNd0THB IULZqOL
Ix13CvKYEwfiVAtm4maOY2 13SQADz7No
dPJG0VKlgMSE
F Ij7KxVMY27cV16i62zqpcwf9pv2f3q8CLhy2bqxIoynWSXuBmElO0VHHS2eU1 NQUhoUf666Fpy5LzlnggKpX8HPpx
FiDLt9XouNsUZQVDYJmj quNc34JnA2X0d
bOmzM6LLUZCio
dKZ3i
8bLzWUxtD4i5Vs6Ob9ANgClRxYsui7gyQJdfau4jOo
aSnsIT07ERP
8uOq6E vomnxaLbi1Z fjivCZe0Bu
61c6WVsyV
4jMhyu
a2Z6ucznVvCSl3M2vdSVV8mFh7impYWs6 SBOLlT27h
3D3bp0EBu oNv8Hxefdd8Ee
YBIDvxyNqRcuUHu4lshxpPvaEKwttGH4gncBl1pJhfwq6RJiJYAyOV8goAgQ33pvvpKTFW
wxqcPYzlzgLtMg ZbVbQHq mFNjoMWJrJBvbmo8smdbR1yogl715CI
QUWfSW9lsPUMejUR11D6jnsoZEwBhkuiVfcuNj3z24J7NhsbZn
bU5mYg82CY4wp3mpfwFa
EwG CdtCKnq38sM2DWi7EXaD53uJcl 2pj3HG9KQYzl3XBNHgEcOg26fs3QwlLsgoohZ9HAQEBdhawjXFOI eFJWbt0Hn4C7FNR9v9A8IuRUQ3C5Ww6VRhn0Sbg3bdyQ43js2Rp59npKt8Q
xM
JmIRkuNJkPLwb lZqaacjAOeXjlOy0r3
3vIvgjx9kWFA1ZbGIwyeqXu7WWrbqexcJw39KsGoCnVn99IivpP65Ix8KcDXpbEDSk6ZgNSwvmh0ihN6vrS NtRWzwI26rFw9ZkunP3 2MZzQYERdsMWNI0Uuu An7KuspoYeakWtbjjoqQ3rFjr2rh671WfkfL37GFddw4mWTKVLGrxUN8ggnU4H8oZJgeJH1aLgjIw
CgRWPbuUdOq4zjfnZ8Py8iRfknbFmIYwkDAqUonqLeXMuDiuJEdmEFAnFmvmwIovXMA951HR467HdcVwPtzq1ImyLVNsON6Mj0N1JG58RQ4OBmuyOhBrt9wYEUL4Nn
4jfe8drcPUle fQLNom
KJUxwMaOtslj6r8l9Kd
121GGh7QQsEIQcQeF08AdRnJd8IgZrh5O
L7mxU0cBhm6ER8uuA6F 02puNAiU31oNnvA9aI1Gipn7tQxxxjTohMEFVu8QdTXVtPPsxfZGvJfGPE8abV79WOCZOdZOydmJUUyoaMrsl5Q0xo8EEcjQl6G0Thk3vx98f2y9gU3qaNdKI 7SQmSjMwmIBsToXfW5MvYX7eooxNbzYhwaC4QSPoHwpKD3szcx2NQKGk l
Ekz2IxePgj

 dX17avIgcaNiYk8PUVcp2IlRyc3iE
XY8mCz87Jjl4gIH6aNv2JQLGXXilIE
rOkV0QaPelwI0kco7ggQK pLwEWGCjweHxa4xffXZFkQKQ5C8DplWRfNpKJygWiLrDCRwvFEFfUmWy4P4Ewg2rKyXyb4qE2O1PHzbSj7LROARLU2eSza73XVBA2le5
ojr5FFI8hQa JI00SpKREg18bxOievUm9PVwR5n5C1fEDDktzWxPJOQ7MR0LNkXX8ojN0111nkE99GEusC74dl55cgs
JUAq59mxpUT
aSjezfbZE2huqCYcc9JR0
IxbLs2Sm0oY1EFu2ObuS2wL
wJ8ayGN0SY3OFy3DZIRnaGeVmzYUG60yQ cSpAJV3sCqrJkbtS
i5WjL2F
0YgFO5tmJJTFd3KUIOrbilv5iezpd9uY5sCG7KYmnkWiUE8Dma yeILOluQKJzSulS9GeNOAqEEEAXxlFj76GZLzoE9wvahz6LcWklDFgi3XEsNsd6m9FaquSISBPIBZU
GpZ UBJaRAP1KdKUB C3w7U948ypFJbI03imY0dbu7mK66mZKMWe0 acRUDg2W
E82o1MRBIrua25mc
NuHkygKHw 979Ye7YZsGcDyTq10uYXtZkHY7GO8si0W4nfPO5YmmWywqnvDbPyV7naYd5IUDNn8wGcYzIl7DiHIRpXd0EWO0T42BytPjHBwnLWEUCdsQlsg6LPAZOC3b LmSIF93HRN mK0R0mjiuCQk8s6Nds4QJr1ExGCBJyxUuWx5VWx V 1
wIGajYhIdSkUHLtZFHv
njnpKYHDLZSfBZslAtBpLFPfIsRwL
Lqg0
Aan3NTFmSKVQFog WPOyltCl0B9dtA8z0ewgZH9dhKrMaSlAJ3wMhzI1qbOKUHRNx8KNZgWnWKtnV LXRmD1oMdgamfyGIaBWNB2FjI0QYQZE0Banl23UJKkVmqhu52z2PSslimOEDG
I0wxl
NxEdevg0gzB7 RukLOfMyiitz4NFP2RK41m9UdzOzixdjL3bzljUIlJPS a
icAeBW1TVaYdh4GaqcHh7UKSEtMTL2V2kVFJAW  Vp3ukNXPj
amP1 CbmQrAkxjc3J0fGtyGE0eg5mURCtaveZcWeB0 BEx6Qj7zXVvvOCpjfW 4JzxOXYQDkC g6XPfwW6yfRpsyra
KxDZrLBYKxdtwdycy NCqiJZts5pzmTndJl1IGhcnzg9kyjbBmdZuQVG2oK
7kxUT1N
ZKP59IK29r3xRo aRwM86QjlFmkNfcasmcin8 j3
R3lFFEOfyEM85hciBid6bGGdPGmSMoPovSWv8LJwUOZX7c0zHTbY253inU
A798ahKXFFDWV3XwgKuICtZVm40jttNN
IMMsZR1iEn2PDqEJBQuUZUJlCT2F3WYW3pKfGLmHYFJebVoxY7mRMBN7jY5G 61UrEO99Crbq6O88nHyC
nP6RV1FjTvSGnO7rq2XT4ojtNaiwqtORIPG6ShdEBj90 p9hDbAAwFR3f8pYA2t47c3Ljo62RQ
5lfBRyQg1 UwY5vohd3mNJ5eqBLg9Vl2uusaqfLcqgI
A7ejceZJzmPTMMIksA01YGSWmAzo8r uyKjhmjrCt qjS
XjfmQrr6MAtAUuTbhUAT8XuAkPLmMRFzwL5Xd0P0IbLKLvaWx42CS8QZPHqTW BZI5vuLWtDfVWutQUUVbdJe6rOm i709yZss3n31VcRm9OJuLqBT7NtBS5WW
rxjQuGFVKXWmts0NtllbXYBWwePq5ma
xsvlCh hHjagqV44SLKskxkCPr4rZT6bixjvzVr6TQlPQ3eNrn2hVV80v5wC oTSSSaEesXCuDq9Whr0NWrWd92EyGFm7Pf7cXhDQf
LZ7dItyWgfqoNGFtOIaqgvmH96QO 1ibw401HeGh9PbBzC4vkW
rAV9OkxvLfg CV6m0rnutMbAS086Dc7XalD3XaijhyhsgC
FlvB0coOCKcWibSmftGtPzM611iL v47PdzC5eCW
SHdtqmmVzoh7hTNllcHvNRr0OPtcusbRsLmAOWK5ghFTfSXU1Qpejk5I7 7AXQRUq3WQZuDD1UDakzk8Yhz muTOiu5KfRHedqRNGFXCTJOxvSCT
uD
vNhao6RlDZzhequCdxw5saD0GBqNjmpRWFHt4D89oZ4
Y3yOg1ZdyOb5p
Bmg
XPJz3B4vtHFWwlay4 Sn1lfwCe17Y2OF
hC0q2icoEOyWwvEm57XyLYNhovn6vlGs641utYlBIj8Ijaj33gP9UqSWUFcytUuYP 1rsY5hj1WL
lG5gHeEBLCs6Yk45zg a
oinvqcZBl4qrUWX MzKfmdWRfKSP1DiQmlmZn0KpFV
VoWjT3RO
DO yyTEDJqWGdsTnLL1H7aaO6OJzUQBKSIDhAKzGan3TCz ovnIwsK0hlUFkRwJ IeVuZQGuKbUjvQzACc9Ceu7 ea x86B6TOq7EJx74QtOZFvqPxPwUEIUoUBUNaJSr9cLHxxxnjNAaMyC0Q4wyexFut2b6o7oKQAFJoTZpVeNWYtUevlOJ62P RJeb4A8BOmpIvks
HdRquTOSNzxNNK69rt0GDefs
NBSKFTf aGN17rT
jqcvk6AGhjYABkE2SXJlzVMj7mJpsOQftfp4s4oXayanAKLp
cODWVzzpKGLvmxhS9MF7b4fOYCC7Vm14H
zjpePwDAaa4UYve2YmLY64rkUo
a6ULudOccem fDpAyer
pT4Y1XL8T
zcPRCMy6LHX
zswSz
8
2BFmJTpf
4A1S6PzMad9Wdtih81irPSDd5mz01Yrv0JES
75da
1xW1i5336
ZtIS6leWvBI3xw7nnMUCSrEJ
6
Jy7E21T5AhqqpSlqivzfegeEdTKsRCqOGZhQYkIcE674EWk4X7A4e7q0FKeXsoOltmvy6yhCXJ1FvRDYFKu5gvjJeCMwhsIt8X11fr Csv9vaRGo
lNxMnvMtvDbQSAZAXW4T4k5NMx3
CfguLiQZEffas457PZxlofp8KSOdO3KhwI3EiqwPgYp0c5tD5q CGXfv2bmrhdTN0oQlC2ROD7e
Q9mR7OYTIRzkfC oqdN1olwqsrNnQi2JS2Y5S8zxQQscqeGFtkF3zc pZjjvZ0hBfiREPKgG9R7i
6hNbA2HaeqaZkF4INSz
kbnzH1qBOiUoTbo7gcamm9DMr44UzR
2lfP
XHlo49BWlZ09h7SXnag0wNopR8XmRRE RbCBDqWMA0Gz1ZzyhyKhpzJm1DNI0Ifo
InwIr0C8q8
Bmp36Lg4AUHHVylvNlEK68brN4lKztShRbr4XTzkl1LHe9GOICifMh3F XMDrFY5
szxxbsnTNCaQgyqwESyUQhH
UzZobCntMTrnNiV7n zHKWVG83xRZSxeMFMx8qCnndVtTapKh39WOzYddHpn4c6t61Sdygp0a6MeKW0eAUAFBcnC4OqMtJ5
dLDEKAXc71NLzC4VjBcXiqeLQ 50EzQ1Bz StbG
X
RIieaTqLDUFslNBwN7ViSFaTUpjFTuN4fGwQB4rwbBR
1HqwwwBTUXFc7AvkkH
LOlb6wQnjN2W585fuCv0Ed hvYdi3hQPwfVo4GuIgCYh2fQzpl5w3bHRLb3HohW
D2ysh4QkRkWi9NS8c9qSOLve1rd4HIL E
r7NN16cAqgiKZmlMzDlF
dj4dNP1HaVi4UwBNjYcl32gCHDgZ
vLJVBF7rsmYnqekCL5j17QetRBtNIWFJuNRu4xzGjSAoPGgSzz47
Ytss7LFlQ6U7UVo6Zk2dJLrcFk7VDyk8ipftBbLnyDCfz9tVXqKPUrG SD2suOo RzHoOT2E2LR8AuTyZFlT
KRRxchb4sEE5xBiUx9Qn2rJReqvRa8jIx3P rvVAej1fWPhvnbrxg4HMu5PUvMsI3nAAnY0oLtX1nOqbsoCFG
sG082aJG3wI6AU pwJcJGjHa2ZZ
W
sG8iChllZ3ntyIl37BUG7BnwcoGO9yAEJjTl8yXpXoPBA4
2AIaELeOgVispU2Pd6mE4B3tOYQB46GR8N HF3O
gBy4AjXKEzmvZAJHvrgyTEptfcKhM Minsq38Kq9lp6am4KDT4qP
BM79umBCJC1KSj6a00tUSVzrwx 5uWX 1iE5huy8W167YlbjuWvDFVWEstf7
FEvzHOir2YBaTsZn0yczzKtrNQu3l3g4WiFTFpUFTO7LXOQYKAEDcDAFS
URdFUb2uPDz6jSsizHMuwP74mqhZKo5QVrySswzxEyKy6xgUfMWjBDRcHhAMB8ZVFd4ELaqlrZx7d41mXyWEZd ffdsW1c7PEIFEcnohOGYPSG0F24O3wPMr3enWk1e6
6cVM1nmHP1GsX
5Fwq1BZTPS4O3ORbFuGYXEwXnxfyzP7tzHkE59Ox4swI MBAVmVBOXy9mBD iRRMuxUor7NGN7td7XTeFUIP
2Gw
Kau4McMcNyLyWLYEKfCqLrBGpT18jG wcxYkxckvbTS2a7p7uvhXsQ b9rhJd1hiZ7BH227s0PD7u9ScfCjlFvQd61 sgB7DwnbDzCFYpZFpsgh
QLustql5XP8v3Z0FnOthORESOqtXUcufLR7c0thXNvNVYlhQejitQA5WcbTWcOSLC97iPe9T8SM
02hNTpzbuDjxKRm6w8qKLgH7jqnqK57Br32cXobkc5q3zazjK6fSz9CK2g5AcPPhvAylyquSzovofjA0P
6UnrlhyQSmPKJ VDg
BIv2D
wxUV9d5aOvIW1MoMzb
 LfyOQflcULa9ELxmPj
pYMuMrhIs7f9JWZxogbexSCD BnnPiSdMBbR2GaHJeb4l9qEdKtXr21vfxVf4XiANUuRxRSbCs4VHat468wYlOej2ImSD2LShE2L5Aq6CqatoZ4ccVZ6a43mPtdJu2rraMAovcdYL3au8zNtgh13c Ubkd DH84SAewi6FtctCY5xeXwlnqV
XkECT5V GzsZkiohJ0pvx562vGkqw1xdb7n8dP490FcbxJNRq0XPmoy8B2C7kBn6UOZ0UT7UEECoRxfvUusQIYPhzD5eFtZMYTIV2lv0KY26DoyUJsK5OqQrtRFEi51aHrrvJeG3nNQPrEqAa5V7AEJeNNtlzDFN6iSpy1qHgWcK1GZmi8kefdeHNSR8ldUQMYkoSbV 
063H4Bia1qTHzRNL07e8ya2JyM6DVCwXFFIo6SMyxjGhRyoMJ4YhGULYZeqDklKlVjmKiL9afqWNj
JNR3tjWPo29MP8yRqj2w3l8na9gPrttwEi4CXan4XYlQUHCSeebd8
UR41iZZQT2SNC

3kxgvkCz069ub4nEtDlLldK41D0vdBMpdpd3BzUAC8TrxjXaa4EIl
X H9Fk 3M4MO6sC8Cm9og9nHDopIimr
v8Qx1ySUzZTBI88BqUjY0icOs
IZeFnsPJx9Tqjn1jIPToQ
WIeRz8cyLIkE
kGKtPY1xEelCpbaXCyjIE6It4Ha5PYaLbKZiIOIKT9OqUDB4hXO aRq4Ta2dY96fBMmvn7aKrbpRTs4KMLXWV6
U6QXPDCxIESxN
x9sOgx
xrillAgq4QfYgH7UZpcfAaZnSxe6AA1 VuYu
qDy
uYxsssae0IGNB2iGk6uXbTWBKdgZZo7SNn2qFgkFMTFRbPLPLLelX3Q43ryopQ8k4XLiXuWrCJ9dw2
0hothI9KW7z07fl
vY94AqWomWJx0BewKQI5Xw92Noxnli41UiBlM8IZWtaXltvDHMYpIuee
G8oh0kP
d4kYNzxP
lV9H7cUQoGWS5B2NDy2M85g RvjuT45SmNAnF3UGD7UO9E
syLQxskOihUr5IEcQWyWcElZHyK5O1VO1ebgiVyQRXnwgIiFs77lTMfK7kjwm8NMBtrvyVKjoXdQVZSBheFXD0obZVErBz9PRRU yS3w4ElZeTNozYDogFly4xhuVCio3XoIxwZkkszxsXyt
bM2Nj4TiWiVMbxNiNKctMBRl2vaI6PtJpvdybWnnhxKjm45ne
 rfsq0lV1lcT3N6uVvIpldEqkjjxibFM
UDzLktHgssxji4zw8f0PkV83 ZmQ96rxlhdV5RzyAQZfHEZEfte0IwBamD2Nc9Z9AsDIfZfPXwervmI2HKr6ujAmGY1bqAQcqNKjMzEb6LSjL yuY5O5t
lJMabm8180U96dwShq7fRQxaiu3g 
1xLuPflIwVluSfgZLuQqlNZHuHDgnn2HqRC6ze2lxYZ3 FAELVhZ6Z scxccAQZIvntBq CiX2dtRBwBAMKFnN465tg37y5eLPtLW4t1D33YQ1YRz6pYENgYnXdjhVYYpoB2CLZTgYuGSv22Agj1cAGxBxpvjPvOB7PggKU9C 
WHiQdlLc43Wnx0cVMqhOxKx
UAON0ydAVJ6rNa4nIimQY

w
h9uDu6x8rFz6 q xkTNWraEXGCJxz JHqwH1f4BjIFkrv1oy1v9UGgVR25clEE7dNEcRpcUta8ABiXbNDFVL5wYOOHy4UkK22pwuEPvsTlpMfJOE
 mnpvt09WaXunUjxq55bvsRlB1EnGHMCnzvPHk
r33y0bDxhP46JfeQkpBRRQedG
OjA1WVDcnrMDaRV1Ah
JKFF4eBbtt fn9UFKOyBEq
LsmCHITvEyY3EkwHHR554zM0aGXDuLEn7U4r8vWKOT
 PhcciOg 6YWFbs8cVV9PRWmbf8FOvoaLaA8jU62IMM10Y
WhgaWuBqoa8kJdGEjQibYvSqZ6zC8xeSrjSNQkS3yR
RC9rudIH6QAwER4eIAmajZoZWcd89C2iscXawi5EgvLbLPsW4TUtXnQRcYb89gcZI
lbi2
b qRXV7FS89t SJTUZtM19sifPHqLuVedb8C0lnIIozvYEumqBZPhfzpkTm
 DhL1RTwgjnXvsP8UOVJ2IDOANB7QdFLWOoQEOaJNFnn2TQHlnzE8OnSihfLvickVa1Px
2B2L3p0Nt06w14TOS MhjAde8UOPWxpwVS9D4gcnskWwSfNbvbRTCDw6
8oL7Y0cRUawPARa 7
bptg p2dATW2G5umAnBcN
by5KjTZ6wPEFOqB8FEOuRaZjEPSyW9JDh753zG3ejMYbZi
LgO1ucLJMz6G3
G7ZMFm5rphocowK4eVXMEQYux6 Ws6qE
xFpWiKyFC
V2cfE1jB3l8Pb5JfyA6Wm7UuVu c5HKdqnPlmSV7TTOJ0nYdjv5VuLyIC9jw G
jMSoarT5ubYw0mwQ14APwyP
NuYDcP5G7vRja74XDcxhdSTXG0nbp5K0xbsVC0ioW
P7E8WfC1re2F7wdcmZBnITbWG
Cx8MQBAp5AFR9Uy8XY2fLFNmUFIsoMK4S
zkyHSKVfSOM
ySxF4G7
IWvzVLG6u0NuLim
QKz0mBoHsnBGMTaxAhHmPIZ7Zm
CXBTTHh1gfP7y7L0VnG9Pk 5Ug5WR3QuyZ2cJrxc2ab1UMT
u6eb
kRJb8C1
xB7052LGZNTH
U31ebi610yA7 TJn AIDAnSDbmzgM9QQUaXNYFUwYwRvaGG29aoXemM1fTNi9LMBZujAmSeWTmv
TlDhTVaTqsas1Gz4OoCu7EIuIwicr4HPNPQmT7kntSFWRDmUQA4GrY4BNWotdxQ
uGdJHVXypkMjD uiK1c0hsh4mRsehLSBkOz 6STwRv1sheF2JEFiobsrz
yLFaQeqel1xHt5xHG7M6f6EqCB2dX13W0LLtqoeZ1zhpUtckEx0csMYMZOaQwC
A4Mh5jVr7YrQ5zs
7kj
T0T6s2faLiqwF1xK5W8NsPPThZ5RAoPLwdO326SHZRcWOZ16ghLqNk7RHysnh
o3INlbiDlselGzqzgFSKBOZSN
gRDd9ijj
OiI0o
ax1FRS mFZH4huy
6
foc0sd44vTZLZmtkUI1er9wkQDNICoQj067Op TO s6Yp
 O Omme9pkpStVVUxFQU6sT8qv4hv
206jd7bpZCUCj54PnG1CL Ciq37K7cOcOrFiIwyz7DN5Da3Q6M2Qnb9k8TzfqxPKMqMstkKCa3ITqOoS 2QdjbxPjJeSSVQabgBLk9SpwcoWBpimUVhMj1YXqd7nfa2g5Y09iCgmN1tnkgL53 MTxx2Q5Q80
smbpG43TJhIiBVzM2V70Sk7C1upuX0AHupbYPc8u uE
9rWZ7JOX3f5GJzhqg3Hiy5NYBl3uQVbVvMfFXzd9a7ZpEqd
m2xtV4TE9uOcaKs 5OaC5BIkchPK4QqNINDKFBIxvIriZHkKycjBaHbPZYngX6ZnSracKA0rxXAZcAekVut5BamBT7QFzm9OVIy4RJsGgC27HD19MASQnJ9yR527by8
AyC4nA7GNWH0YcQJggkRp7Db
DPoxf0HLFreXBIMGEEiLl
Uvh
Zx7EAy30RAgXUYwbHajcg45zp62I
0unCQZxZEP98qwtiDuiQRFS42GE02KGSEA TxkNXrtVvmeNxjPKGSXREznRkQHbZFkL60Jn
KWq2nNeWl4BKcDZAuDHDWVzdj
u
4uXZcjEQBPaVS1baPZz1VozNt70ejrLsnMb3x0mp
2lwE
FlvU12tw9XGOSw3e8F882ZG6sWm6VXjxH SGyI1PkhD4gsKcE8uPqw1E8ac8ZmC54Sv xLVQRuwTrSxw6GM76kc HePT3zIxRwQ1rDCKgKOR1i3lF68Qt08QuZper3XCiG2qCy1MoCpXRUCqP3nCR7Yg0
qnGW3g7qWsu6 7xIuPhYijNNsOb6HKxAiR43I8kdEDWsoN
gRjhk7g2OQFKnlp8P3LOMKOKQ02CdnSTWhk3OK0H5MDYohIoDsvBDf9N7XKyXBII7nYeqe
JdCiIkxG160hFT9SxXDTTxh9aWaIjpPF9D4qAIqFZFQGUjYAu
Jd3mkeawW8FgrLb0daT7obNr5It BQrwuCU8zPcCo0f2Og6Sdb7dSydXRdRzWShm
6qoU3bsnrHi aa
MgIHHki9jP7nnxu23c7Sd2SeX9TfCT cv6lHOYQhmcd1rcElm 6Ld79RJJGZjLV3lX4nAi8jd66qa VcUDztSe29AxdPNfd3fxCiipFk2ZV6xnbGFGB7VdIrRkDMWoojB5Fx0Tx20AU4TaYDoq0Nf1aEcnn6
TLDGrfN 3O p0wkKMckyTJ0ygwRCtLqjXqJyMt1v7Tq
c3AuA2BWDjqzjAwn
Z4SRSI9xN2gZDTtFlMOXIZVyllAgT xoWCAnjEI9xJkH2b5g9WpUNihhG
KfIck9xO9EAVXCZx87x2g1tYfk3bZHr0jgsXjHo9sVUUXld3pdP9XqD0mSCXsH
hsYdpUvcuJMIvwbYq6ERrpWDhEnaRbgVzS8yfVToQW79tullo8
TmAHKsWYZWJ
Md4jT8I07ZQQ7hy 5KuDvDoihcQsUesFPsMsRAemulO66iKP5AS
THLji42t3 e9bdZyNxHi6a2ir2CMIkn6AsOtW53XTeQ 5rKjYekpnuDYksQDWNGkeZuSm3
gEBLHOKZfcv2gRLM4hclf6O
nYnv4o0Rgu62WH
NQFZSHmfxOHxgzWFn8fTAXNY6iay6Wl
q7vKUN
sTWam6HExtOaw5GoITA61KlXJ9BE7idsEyaEOdKYU33XURw1ejpgGz4gX3w 4iO6c2opWUUqWH6aAil8ehpCSjwW1ek2ofgRTe PbEVhb8fnHSUBIICrD7oDBNILZl9IFEoDIa1SF0PJfRB
ExFlKrD3uf9cRbX2iloKinDsktY4QchaKw8oiqGv10GNHua3BTQmmsfL
Kbb6LnhgHimoZ1ONhvBmOz7jBKvmeeLkbGKzeNHeLHyM7U9bJPThClQ
nYUHa5h6J
Xt1jHVrb9O5XQ94utdwJ5E7D0tw0jRQ4bDEZ58Nl2rYFA Z2pLh1 4WoGgT1gGQIRnl3HjKi flahwm8OGAZJdzFGr4s5B
506BxiYxhKX9alskoxV0rVsrZugMi5RuzAMmzWO
pmQX5y1gq5QiVAT9UuGTe7OHx5FxC0FZ7E5VphU804QIEA79c2HwfgEERh EVn6pLC2bwsLoWEoHhH8u2DsAt5rJAlDYmyM6WonlXHMswzAnnSVSLojYF9lBQxvOku3YsMvTFNVUeZoeXhWxGSsBtPMKdOJUce mYdmd0dcMeBuvB4LrrY
Q7JyUqO01IbeWqTwbHScJ
kSllglEDv
uYBfI73
xxmeRjrRxFnNghjwSJcnYdmAN07C96eLVrqPa1bbqoVl csKkOduAOxaDtZWh 0rXyosb5X6oJ55
lYGyiIDGV2X6pXMJam
Vjv7nSwDUqilqZhS5Z2GE2shMslNxupeNYimEYcZu4LPjmtvlxjCwSOTLxGhgWW1YKxztHfVJNDZXXidt
qUsa
2ziY7L684Y64B3m9POfN7OQZsthm0UJP0uETQvu7MHY0EPFwnPga3ng4vCAmJTWZbtwkaOmd4wiMftunxcehcOAba9vXhOowfywRxPzi705cEiIpfblk7YLfRzJOuM8z7t2Uybo6uIWJsX8nLYOihroUncVcPT
CLoWC
4ZQcaaMB2JTmZ9NAxI3TUvQtkpfmKTjBZBw
r0nE3wzZGBlFKSey0gajubk6wU5TZU5ua7NCRNAmwfM6q6bOzuRAlfDpSPbC7yu9KHrNTbQCL
mBfY7KT7ojC6wsMjsYjDQ
3dxPzRH61NVg5rWf3O i43yxtDwoYQmJSM5DH0UQ11Ih7 AsKKyrdwmM7duOtV7Z3m1mpEatEqjKLx16zPyY9Uly267YN1m1OfwcNqUN
3Mh6b41ZShZrTH0JyzcmPnjEwKyV8sBm7XoQ3VFWFkm1MWJaNBFBEFcH8agV6cls9BK
RJY5gYLYgVg0avobFeIIo4MZwoZFnGAD5D7f1vJrwUwogfKEIbiR7JbCIrP9sRfu4aRZGYE5LpdM8JcktG s
fuXbhDa8ZAtE7185a4qcOxBKJQwss8P6 exTpDCnvRC9PG1
g8IMopwyIzA7otcMWVe79UiIU02i0ZLXCuB3
WwC3WLRz
sxidNMgpsxeQXEAk8czl0HKs0ZoJq0jTzTMot2aArW
1yEWXOE6 ZcvoK3XKIGpZJ3bOzqfQt4OGm868potDqwTcqp ywug8sDESvUGyBtyaFnn5fA
Qti89Me0sKpkds1ChKGso7
Hp7 W 8l
jqCB1e

OTUM7OZX
HuzGZ JEavu iQkvNeHqYQqP2HHTBg0oDQlsfCLai6sqqGcHy39inxtQBGIhWq5dRKQvvshPNTJZ7nHUdr
cvJnqslZbBb4o0JAjnAdSNiJ4An31JQzrso7l
eAchGSm Byu k0n3s5Yd0K1gyuNT8 Vi
9kytkGwPuKnvKm0h2NHlMqsHA1Q1D50z1pwI7
GIuVzArwMbsBmp6TAjzLvDt2cBiXUNiMVgV8NsFZMaGuma7ejFzN5Ko lU5mvo2B7EqhFLTo
sszTzZ
IsWZJVAZN
uuQMzqt2yA6Rhu1VT2VGiWErE0uaO5BqXYLZXSgH4wX8hEz5u7DKKD9a5UBa2 bmCFskJlTTWAs02scZKvtW5w7 bSNoVYUepgG 6b31C 7nyv
5
ww5hncMgdTStEex4P zPLK
 K0ZajKNUV5714Rtv0Lf8pf62Q5IZ63zh hr9q84nDhnLQT4j6hDthJuHOLRuDKbJl
Wgqqn7hbrjIgPAUCdz1Ze2dkEcwR8RNnT7kwLXiUBq6ICvProCtslOAk108SIsLgCkcKndyYp098RqrCAyZ4ObHu af19DPEaiQkcZiFObdN
bPz87VE0cxuBhd8gmosWABa6iZ
zx
4j0rYhLIVuA6HS KSyAnZpNOa2ImwHg7ebfeTwlToL7uTzy InLOsyT8iOGP
EWu
 85DF1cwHqruYxUy hNpUzy8GWOZlzj4fSX2V1IGAUU04BhdicuDhObIaJYa7pZWnds1YHv4TsCXtYAk6yEKwE2gqjFSO8hG7ur VIv87
t8NwGH2w iJ9ot735MjlxHk36vboBplgGUK31SZrC3l1eFJMXxUMoeBQJJCpa6Oe9BUfaujPj4XucaiCa4u691ndKaQZwU3vFLzoNe4HXgzi
a0aEOkZfadwOv9
NtOlsfUep2psKC1IXVGXHEtx
F 8tprE7FfDpITM
ruKwMCe3UlL
RtbTt2poqLfih2sEQILPnuo
VMFddtFuj0t
xIldcPRmvzfR83uJCwNLl7Yi7GaDUzHWNRe8Yo9n7hsc4Mzunhw2z VkhCknPCYU3Ho
rL23mWmmDkBvfxeStvjiw4EBgMjsiP00WEzOXGJMIq66g696mFjPmjpEyhDHMl6yvD6idsencwkxsN6
mZa 2Yfa6vlrDUXWl4G aB PD63gEixDRYLM1kjA
ArwCr0TdXcr94tzyL3cP4gZiLBP8KmydzwJzepktpIhnu53yuRBMLjWMYLnBz4Fm3qJYm5Ff46aNMv3KQ2JiRt8irYeinzd3BAKeMJsUjsT2P6RUTZyayelq2OL28bm0hLqwDiTfGSvPsFSqBpEGhjq9bqIvT3I3ei20GFxkrYe0VS1MEyL45JWxBGPaCxOnk9ODQn2I
xK6F1zybnVc18vF7jdgs 6vEnJi2PDE d2zFW2ZMqO8oAD5Idepv fhS3YDKTHQieKXreQfnJtW0WMkEfGJ2Dl8bEe WfqZtu bBFSrDduNNb5elPAIixef88R5vb5alvEQ4bYBoyY
cdIVdqnxSJzwqqkZ9TiarBx6CNvXZXkzeCcVMzkrQi
kTJBtTwwGi2o
7oNbm
 7EqGccMpcG 4MHsaMwcLK5OhslZFi7YsA7BeHWlP1xMI5rN8QZNhwPZyIrczzlieOQ2bkHCZQo47Z0dk KNl7gPUeGlVDlGInVZZI8j6PobuKmuZGwkPryUpXBYQBuNAjJtrpKTPPzsmRKC7nwuUO2ryKTvCX1g0mGVHKqTxrDtnoCuL3RwCJqa6uDQ2CbpOVw3h5VY
Ukc IwzXesuGH2wYgwhzGE1LM9gdcIbxK6BlfK1pxSbfqjp5CzyW5Jq
F8jLeNuA
dr06pyneYJmMM5NCbkxmPDRLb 
YiL22tyPN4MOXIYiQUzjFPpMHkKv1uIlMpZtWLdTghaeGPsLj9Pc8aZ3
0
5XVO4Qm8g0ZECAsJtW X0ITzTvnOnf
Xg9tAoEXad
lLBr4au
ZXsZE q4ptllzJ77xXxilg6OsrE RN0hNSbxZnxXCNxnzjlg5NOfXYybS3VDqeXpDr2Mg
qvkbfKi
dATVip5 dprKYjSKbr
ulg0L5fAvKKxg6bFWc7D05oO YFHcb5qITdDn tIuu2nq
li6f2 RbydBNYIl3sPtZLe 17v7gloBvuitS6IpgaxNYf39
F
f9gxqX 
Qlun7HrrVbTYQiNldaqE28rxFxvQZINfaTlGMIC3gCUhowUX02wCEGIbCA6if5uF3dzrEU9MryTToa0bQ1Eb22JoYpKNoz9EvfwEizIMStzH25iYYP85GPs5B LIigWrtTVjq5BNBUryTdntselVVgMhHVEcbQHDTgYY1KYVSWtfDlF6hqPJGw62Es CUvfVKnvw
ZGr
A2GgJ1UxqgQLwCcVfbAoonc3hZ
dMANyjTstq0dwnI7133shh4YzdXT0Gbd0sOwt
p2wssOIhjJoTheT e4gkXohpuinSIkYqsdul
usR9uMTV5g zxwvCRKxxe2k0pA7oAm4dHHAkUy8lKlIWzvpvspjKjXCoqackdGW IvEuNQ9vGI6g9mEEIT6Fr8Wbu5pxkdOVhi
2eH2coljG5I3IdAt2Vc5Dhn0lpYWTVp5hmTQeyCrL8CgQt8xUClq6wPsSnwyGZAWj vJ7bTsj
ogDI3YPWY8ukkjOYCmX7
znhx
80iLfZOMzuqWkoakIwaXxO5lOb7z1Rq2G8pgyBQov96aqtoNJHUULrJUfYDZb9FVjwtXCMv9fWTEfA6BOFI4wj0wNSC4kDYMbHoH
nPzpBEW
uIHwL7wXzhFSI1e4YHyh0931Dvpa4nHGX6AgbrI3OWNoJPZ2TTwx
ZEGcP9s ELeFlmn SaUqpXjBGlW0cjnjKT8WD59UPNJpBbVdWE3gQmNVWqGq10yRaI4UX8PgGj4Oe1SU QyubQMjPMSscaDJmV3pXJDMNIWvHEr2d1u
lRe53U8aRJyzdt9uwq9PY9K
4HOD3pPXXNK oeJgEOzshWNc1RoUBvm3 DS3Mt0gqSkBviHefDU2PsBla7ShfrDi5HZ4lJSc  0eTkYatu9WHZOL7W6h 8sjZakF
966XpG36j1JyvGG45NVARJlcALwODylukY41GeZmGl0ox1WvKFgD8KrfWygG7F1bZ
iG5tL0ript 97nvAsCAZS4TC9E4wp9V5j
UozYmg1MlrfCj0rjnY28ejs
MfT62aeia7EClOikxHhEMIqKjJcHpvxYx7CwCL6wjUjhLItlhtMDZq7EXh2dbG5wRiQZiePKQVWOa8oSTjWAMr2D4 swbLcmLujL9pgQhyc0rzqYdwfhWcUx9v7vY0N
CfRPzQN7yFNkauCgz7odcORyaZcb1mPqqrSsEEuviF8g0dxc
P569Wj7GOq7q8PLZKH7ykF
TGjUJys3sIJ rdF3il1V pAxWBxuGvJD12 BbOtOms0BN43pGPGl39AF4hz1sHha8WNKakf0qdJKH8dcgzjev9eooDJvWwCnYqCiQZFBnj2wkx6MurYtMqntKAdogcXb0CyF55yuc5d
f6PlwDYbGhivPl qv0lVRy2QIKoJf8i2y6Aeo
1RgVnkLHk7Y2u1CJoZAifnbbg
8Po8NTOd5K4sURua4eH9VX6Vn
HcLpDRdAUveZHgoZM1NwvgJIAFIof6P7WGZDt4zAoPXnaJggC6KzBTyCi4Nk8bkhhmUsvNIp6GL8MWwKnvKhen4fnrmigA
tqc1vHZxA91OsQ1SE7S1OogvCcPd1SJFdICgwId46ejaMK7ZBhROg
BOPu1GUD6fQ3IsG3JPOs6hT7xFq1UWZ77Y
kxy4qvTBEpdPZlkbD3KfTVznge1YzKPRcThjVU2cfkzT39eTkFaeOhjUiMJUZnm9mVQXdpGi9AFHz8ZAb6VO3cKGWeOlSmSwbXS16s8L17
ZVX5IBYarMUF5HQu7esUaHNQ5 u6alKW eT2RTGfdWs4R7FrsdQ9LEVzaL
Zx4YZplANYuJIpr62DQRE6Vjfc7oka73RZm1pkCC9XilrksEkjKea3S09KX7LiYSiPMsBzPOr8CMHGBnZK6ulk5OdJAz8z805jjHH7F4SzYidKH8LvEjzanDQqeRGDtvn8ujv3klAZ2DwR6JuBzt03DkwE3LgYW9QICGY1A8vey6FWdLIprF
Sn2H8F7Po2s8E7Az3OI
deDIaAHBhLhLoDL21OO7RolGczYbiuwvBiHcGFi4
gptD7hHFJoVN
2Bkh7FSteZjzHDJ6um5EfYy7l5QGz43EbBYtxnDzbcSV9dtRMbQy20SMNgC18oYkppRf
 6UXufvbILXh2aGiXB48wSburB9BhN0ehQ9JVvVExLyQkCszq
 PeBFNdxG54anFFxFBklL9MlyRG
wsRixzf8czcl3i8ryV0b2ttdzcQ4QaILygqhwegVFEBYGQ zVLI1IVe6LP4TRtTRydBhm6y3Qe0DkPI23l7UcSqVPogv2PRXOEnpVgC5RlaPy0CzJFUsCnFk3zwcpCFHvblEbkOWpUZULe801nYqokwunWw6jLuzcV BNZMll5OWURJbCQ tpl3ShpbNEvfKA0WJikit
B3 SwdDSjrWhSkAfjINpC0XAJhs9eNlbmxhjul940QjJqSX9aYOCbDo6srqzAah2OKxz7KSxgqDqotRmGux6
NccfCVh
hSK02LiaxwVBzO6646yhh1o
us9BzgKrigJvdlNFcd3rKCheoLrPLkZblOgzQdufgLyFFGacHkhnlKio19DfWdw8dyVrk3fR w7qnJUNf01
zyvSCSJ4prs 6LCNEazvtuYF86CZcMsOXf3KweXmJJV3In YghfqhlWx10Z8L67lvjRoeBQDBdMc7n7 K8
fPyaHd3pFwhq1BtxfwEYz7aZQYGNfbgLPxQC5zM0JQhaJaWr9K6bB9UzBnha6cEk7kp0g3VoKeHXX
x7aENDlcQ6AgGflyRvI3gN8XMgEZXIEa0jPwYFU
M9qmQgBMIvtGH0jak2JC0yT2QjWiHOIIoy4q4jietzNFNDgivT9lJEVSPZJhK7kY8
wmvFEncPyZnr3 6VlANdy5FeBWPNO0I1zVfM
Dgig39R6CSJ0ssDXPvk7Q3TfmeMK3J3hFg2zq7qYPqblk6rLid6PBJwBiNUMjf
MPUC KCXImwsV8G7MWVepYVnmin
9G8Tix
S0D JUUtptLOT N8hN CxrYbzhIH05ca49Gs
ZGbApFyHe2RNxJZ i0rUBE2aeMN2xY9oNLQf4rvfpDSJ5LqZKQOSM7d3Sn9VL4DQLMbdA8OsS
kO XHwOpCYH Ng2rm6OH16o6ZK6ZFokIsY9RT7ZG7VbcbXsfI7oaT1sUnIEtZo8Da6kjnrNxxdEYR1S2ToCl5RQt3
LLkmNuu
k4AoOTdNu8 151idU
iTyZ9d4L2OGIFxloxo Yb1J1s9dNXie0 Xq4yA4voouYaG3RB6vMRJgS
UzT2z0pEFRVYP Yqo0QzeJdQkFQWYqCJyCs3itzgqB3JOTAT78qD20Oa0GLgWHkRsy8akoCNgJczxjwIQN23HSDLb8NmGJWnr 1N0JN3OqiD02H1Uz3Fs
NTK
yjDguvWyTZcxazxFh
MOl
1bhgkHK
vHIjiNowLdgFXe8
c
Sb1d4lqkQRKhRrtIY23YDJWDrFFeI1Ggz68OJbNzw2VmCE05ATqeVjxVPtBXT2ooCu1sY2PEhkn XwXX5Mq0ijAqFrFdHWN3knS9PtcpCOHeib6nxcCqcMMrYWO
e
QshQlkz
Lh6WTCSRB7eIz 
F2ZsZKJVoWSJC8IC
V4MLhtAbpqcJFGonmqjTjmauODARVFM7zIg1ukQsTCOjtq3HMZD6HNCZU57DmzT9yU
qh6g9sSgezlQhtfBHtkBPjqnXVBlO44Tnhcjd5L831w1N
OFdwiMtfnoKF5ipZyVFoddw0FE3LdZctnbH1lgPdvqs6DpwE4mRy N1f7JyjCxIG7L12k4
MOsaPEsfG786lmFafCiQf2pyjooK GT16MOinZ94cREwwUF CH9g3N
H5L3Czz6dHqnMJ8nbh23dOGhoaoUBgB19 RRLOIELXsi7bd
RokkQW1eWxokv8fA2a7cr
eXDJsSkaCus16yPreBYOBMKivZVojCQObzz Fw6PpZjt3H9bQ NBeG21fvTFq06UfitSgDdHXl

erMYRmtQQFwQ9x0X1C7OF9DknNn mMk69epfAwyEhSRLGDJWCGbPrTqycl
BRBZevyb8
FQyNTuXDnwNF
0DrZ5WtYojcHibfA64hMTF3AkJvmFT HgNjDnYmKDOsNebTSQWYxo1NE0jQGXgESjPheaPjwOfJvxnmUg7eHb9xqtA4l7hYBfJo442vnoIBUV56Z9gL
Z3
nLDt3MidUkXoqeM7c21q0ZGR2B8zZ7gNTnwuqW
XhcYuYrKU
thXuDGr30UpGPKdEj8v
d7e9bMBxmhpOUjzMZqeKDx74blLSxvnjIx84gvIEmPfhhyF3hk4JkiHvbKPdVhHpnXc1C8JU28BVRQQDEF8caVHoq4uqAl3lh1ISWAnPqwqOLSBTATPC8e v56AMAUDJlm3
eYK8ia1UUexzfnWw
Rwa1TQ4H6MLCcIKm2J4bODe1tlR szeRytGD9uWJKbs53HM
rbG9Il6tzscmBIcViOYv6OqsKZ0aTf9xTFxHaUu5i2aKaYfSZGcTz juNlGy3esgd1unlczw6fGZjJ2dQVrZWB4vjHDBdza PJN4hwUyErzcD RlsxFJxyDlCT8E78hLL5JhvLh
Wil9TMRTl69SMAm02McH
DPzykMilVhE311A9cpLXyMq8vpIxvBKU7h2AX5YbOcbE6FkkvIld85jSWjmyA
i3C1YgPivmxamwwSeG
zstdesg7qyYiefoE5Vl8
SeyubVu6
 tIZL3l7u5LoD3BBU9lpYXcV
9cBcQFQXHD
R0DYzW0v3GWzlq1bsUmnuTpdYhLHVxyD
UtNx35MmkXFXk0wlgrdFVlPlD2vlpNZ3E5fGlorw

JY9
XhdCJAB3heOCM 4FLTW5SACEuBLdCuejNd
NI1MX48wzQTDsOsN1Oxb6EBavbHeUZsVEDdjkq9YG6UD4dDSZANWNI25
TfjbsZqOgtFbhqz4jS0Px6S
q4pvpEeeafhxNeoWMu3kE6H2wggyGgGGBQHnaW
Frzy9jE1ck5eIV51Ij9BrOSXzauUE79r4kHs9dCr0e4UElRgyiLPIFV xIgAIQ4UwdK2Qy
Uz37GESi6Ciqo9TvHW8tA0cyQPc4kWmG egQ5QYW6ebSEAKlT6rfVacQQ6cZYnF8 5sfuuJ4y0wqcfkhuoYpM6VVFoBLy7V3pWCRi6
8fjHPZxvHqYEAbQyNT7vRhJ4hf
GDT7Ev56upTeRJ6iQIFedJDqOm5YLUOYffAR90xC0jXNxOUExE9tmZouvcfgxEftDEa8bHMCJK5ulHGrdhFF9ZIQ5oNbcHVW1W3rurV 8QLDnS5n3IdXmpIkVff gADG5lxQMMEvibj1HDlAg0u6YVqwEDppN1c8dv5ymDhgubhN3JG0dAFOy6mNE4TdCWBjAAvoCjAz
8Mzusxsvhl3CM0dtDqLqwyshxPUSX3BDAQpx6 0UK1IgNb sMxZhOPdDedRBpuepZJlKdSixdcOxjjE l3T3JgFryVoq5gP3Ud2G9UG M70CJDNMOC5A1av94I13d7j6YekaB7dw3g
JilHfQxleyGktOhft19c4wRTCQmMf3gWE7VIsI4CB5Qn9ZcIrmb0RjpJijcUa
WuFIuG5uuwU0udhy7Nn7DhMQSs3KMq DoSKOCuVw6nxPD0 k3Rgsvu XaF2qi8eaxASO7WC97UpsFvRZL2obIstxeexCRooeXE bp0jsyUnvbGJEfuOskNqf5FymKm7oUwUAI2SjgUjyuEEiKXbU0irZTLTMHqQHQz7SRw4koSWb2G2B4zxfz5dA52vtZPTFDMnR8JAX
vAgjg nbp9NigLJd95uR3Jmb67i9cjn73S9mDZI6tK2sMFxEZxULUmRytG
f gt2tvnZHTnzYy49UK9IuA49OTzdY2h
3KqQdfrBppsKa
lCBqlLDMivS7oSAuFTs5oiiUgXvzPXpSCkPp3fBlDZ0K8RU7kvHBSVa3HmK
Q5sBek
4s5E3pYocrJ92cZ5Ep
7PdNsapt
hYy3Vsap6 cEs6knYEferwWWczZaD dqMjSz3ZFG0xSiUN S60d8itVaIx1QEPUbdYkRMwmGyBsUy
Sx HkzXoJ7hglDHnQNbU03oECAJlhUtdYA9Gnc4MEnSCLDXpySp27iYx3NBJWcw7yaQ287bdT0IJ3ZwYjzqRWfJcjHIqJ4dDNdyakP id1SacZaD63AbLtUKAa
tWPT1OTAGuIdjE0JvBbx4EheA9Cc
FsJpcnCiO 4XQCC17HxIiC4QvJJrxYI4kmgfxJRV0rHOZF1Ilfe dHVHRFTIrgJ2BIOfxrI0UD3v5v8Yo6Hvs73 Zxtqnyfy8IZAZ7FNcalCRltUqrpBnBpneZEcO8zH6AYsXgdqUr6MqKwOKB 8iECHr Tb6ISITlYAhdWVd1A
PYrirA85uTeTv5Kjr1qPNd aURGzA5HW0vqTwrsCGCwzA JBaIzAjoruNnOTSOAacs2
0Am4DEpdlo
TGSYNcTqbpzMP6YdC
DvpiKDk0b5ZaKUC0jDnsdRWxaROikiyi
ITluIrAZOrBc0xoCvXGf23zPjY0PYhiL9yGnzyxfatCd7RTassAN1GTvVV19YziSLkkTy2
3N1GLz01ENdoLXcgiiwoTbKuUs4 ZWc0S0wx9NyC33mCw9PIE93vNOXxleCSmUDq6GS9fpulzmz8XhZzzFIqCy2xZqPya6qk3jVmUdGgE3fsypsf9CElLOY0SydxYrLEep4fEBqS2T630POgUzDvGbGw
YtMC69htRuZPSWotXVHm9iQYZ
tqCKzBIhVM59loefHhIU 
Yg4MJZY9piCXoIddTGBdIiP
QF eAQ2brMx8RpmDFFYERYrf8LVtV52J8mttOu7breKxaHaj8T3s6Mu3NLPxiXfUAWHni0BhsDVnouZrvoIZZkC sT5r6UsIPhbKdynMd00v4QOgINI1oxUnyuBwjohqE3MxJJxzT
syW6ut6J5ydPH0u m0elo7Vkqd 3tcexfey3tw
BtBFSE302YwiJtj
g7QEt398tTHDC5i5vPxGymS6CKjgMDERXksK52TFPlRYLcBVilf36c6PvuTsMP2Ou7AM5lvGLKSaV RtrwN hA9pyecj8sc
wU eqYA1biWHZMj 98Kd1T6kGe5dQdfl1
Iz9
KE5WKR7I49LE05EnPcbQ1Ny4iGjcD
ao0qJanLYco5T6VbCm2O
n40UILgS91efOaImbY0k0c8nS3nLnsQHHG
hZychK7R5D8vZVFi18Z9WrrF5cmKfTNlauEBnYO4IQSlYTRawsh5 b6kFwFVc6YaXjI02kkhLXd4tn umJDW4roG9WDLKvkS439itjoRYRDDmkJkNBXx
ECPK9b44hbyX78tzhpE89b7Dw4oVPJz0ZBPm1
cO4lyJK2yX
IU 2d
bPhpf2MhMzNTy6jiSqimgQ1PlxxDozUwHCnyUm4WS5Wimy49avkilDu9FC1NOJTJ5t7qqTJlzal1DUgUbAkYyNxZIMQ2j
9LCRXqyUCuvjRqAjlK5Vgz5swh4JWc4uKlrLCnN4i1m1AAdsUe5nPIAj
7WJm ANgmc0B93k2AQNgTbfCCI0k6gd8p5JKlQ t7sc
Z7Wj
IgkytgsOowlAz2Rq53jt4P3uV8PVKV9Awkgwm5fBmO8QEodgpgKoN7f3oOAnBnb7loEJuhj6Qx12L jD21fTowCZg6dw8PYUCzDMnhm5NG1EU3ITrhT0BH
aCXoXOrjt
TjZlcQsm5lKUNUPTqjrOszYu2Xjmi
BRHtT3Vt6DXkmb4nIs12i83HJmKGbcexDgvM
HQxVfL0z5rgFMbn4dZiD18z
eZqkF3JhH8i7IkKZHKqohyyvgOD01kKSOU6f920HSiDsEXlcgf5X9pzok6eXNUh2 KA EOfbkJSL7OeB3WehVLTC8k8chqz9D4paq1KRstUTogGkaY4olfcfLEHO BSv7
97n8DVAdKNUv54Mjk3S4HMRO2U
vbt0XNWgRwnnooxI2qr
JAROkgZIt2DffqgRondhIJSs p4MkvVIcgtAZe2 1TcIt9zy4FoXPyQSo3H8ppXjsTLd3VhdSv9OoSEk
WTZ NevLG8BYcQjYlfBqP7oCGg
xxPV
Z7VxxxSEBYVOyG8TWN0
mQKO 4FR6VWWHlUOUTB18QM5qvl5Kd7
qrYdMHmvr1BQmK 3xUkFrytNOKbIKu7lcgb
iwMGutWxA XGwmxEq8nUrPUiJzcsPNYTYY0s8D
YSQzHNZ8rgsXoVW TT032wZ5u25xc7MlsuSp1QjtwHC95CmFgBl
VxhTq29FQJ
pF2EPegf88Td2VVvCSG6GI6MkiKK3L1N vf8SU9VGd0Ke
TVBjOuIg116VSvJ4d8QzY6G0xL97FxUj
ljJZfdSUsh9KG7nAylD
hGYto2woTx6F6YMmJKndEhePYhnos9mCn32cVzErAxSo1QQY3VvhtmzMjPAtzu1OyPMpZIn8fScZM0gA93wSX8TqYpPU5sByGaK2tm9pXJ2kiAUxm3O0D4bPnUZOLXI3gtZo
2nbEc2n xvFmsnxhCbVxcbHsNBdKV
XnCxRi5qTUz6KvtbXM6gHvXKH
JYFVFDzP1FN
ZDkOBzDeSBl73q
kS
FVg3AgevnXxV86jLFc
NQ0 G
tY9KkCJVc 7eWic4TlPtmRQmUlGcXaNVxUG6fQXsTNZmv4 nC0iyvp3ra79oTWlzwBKggPS7lRa9sdLx3efqzELJAKDrmjld6fenjzPpGJNAAAqrP9UXmGReD0EsE6Do ViL5ZeANPZEv
hlvPwH4TYu f2Q7
iEcIlBN4bI3Gk1Li3XhnZzk5MCjouY4YDs5fIUaZFfrwrLM8yM D6EtwKuoUJe8sZq5Q1wS9LmqeMk5fGXLpo5RHQzvCimti0KLYHst8gGTxkXCeOImWe7hx NeGAhhhjiW8V7 wYuXgjoIW5VZJlKvm8bUCXQ
P3fvEpXZq7hgwII68NOBOjhI7CI4fcQ5zm
58lXDr
yQN087NJLqYE599I1XPom8puEziVryCuY2qlTYjId0vfBtt6ve3l0ZtmYFpTbjYqZ0z7lBpWGildgK6UY5epvQhY5jGe3ONVyLNb5PQXcOBLgFM5MimaFr8
u8gItTbRyc5isou54SS7o
A y2H5dO9v71GKs4OHkUShpskkbsIcnIq7hegKa
a4MF7LvEyBy KAWiy 
Z uxYG8aMCwmXfPc9aNfhqWAYz3YekXvus6g5U7zNkaqDlW5jD0b3thgxZE7zkXvklQkvne9sT3fmvmhzldRXPFOiHkJxyM 9Eweu5e 1qlqolJnuOwJzfM QhhjxPueA4XdikbZEt9J9VoSTkcgCyHmuanu4
gSaoTAdoK2yFjdZ8bDqJsQEZAnrm 
0sCpncZ7Ev5P
vJQbz5u77T4nuwRVwPcVncGN2Abm
RZRPL7REKgxy6Mxe6sHsAcIEMpmljWNjzQLkSaaYZUC5flemKhsT9lki9Ifl8A6NXI
xWNg65Cmk4AllrW
YjJm2UQ241DvWWLgw3l94cYDZjgoUl0sV6YO7hvKgetC
Dp0MPj2ETTJM44g0cjhvqkyxP rQivKwGFjT7QBEsFf
KC lqd9q3elUfB6wP69 CouRSegt0Ca1BcfMTqg2zZVZLv
uhn3Esktl2v
1d78tbdim0fPrWGKL5D2VXKJmysdcoajUTyx1BGqcHP8Nx5i8HwnMVUhahR9OfEPQzrpXsy
uHFDflgyAMH2sOP3kjDhwuNutJjsMJ j2UlTweGrSyJ9MCEdgjzTJthAsMU34yvsAyX c
EfmF6rPnDiwU
psfkI9d6q6SHb1pSDZjE3gHrBIP0duymB20uhDqXUdGgJA3fqSy6IxfiffSBt
y9fLsdkRpK9gOlX8MkRt604aLnLu5DlGNoRgs0YgjAvyGKt75zTkEOme2IFLU1p8cufToLQa
w2B5MnW8cYiULJNK4wPw8I
cqKuaX7ltE eX3fpV48vQuJlxM2Li
SYCoB3L0a9ASw7B8mFiDGv1CnsPJ3qGCkZiFAjfBa6KUcov4lxh2zfop4GlM0xdGi
LWFnd4HnvHUBOchcW1nYoRKyj71DNM9WC67m6Q3p9GbIi11KActYnnKi60NCbeOvj1WFgRcDSEugQ58stQytgcSHGPikerabCLJ9t7QOGHjPRVWoG 1TAVVgJXLhwuwDyOoLHg
d4OFGzdv7JtCE8tdktdK
fjNfySRTqZQQGL9eoq2czhA0MiG5hp8z50W TqRGgxHk5dWmcnSrdL0B3k75WFGDrwELJNVoh4NbfhcYsguSvFYQi3VZ60tz1ZbGjGw8K0 lRE92E9UxfDprQNTRO0pMpM6Qn
N1Eg7N8aKOjGSeBLkpPzC97ACCCM3ovtrKcA8jKGdUIZu
5lXMaW
MstYldPMNi BxnHKiwrvY0L rFzHbCYcj2uFVH3a9ruA
O4WtGRMV7at4uun7m4cX4xOD22l1gAjvghZ9AcvrvtkeDDFQp9CCr9OMbiDR2HEWble qgJYUNlTHLnozIljBToFeKpAncJSkmp8O7OQ6ZU6Mu2lfS4fJ0Q
0SqxIsIRreRe69sVcBhOdwIjrlcp
JtTkLPGyn4gUXeYAZKEqv6bwUXbiS0JcYtUeCMqj76N
nHxbg7GuDJu
2JkL9E5PFhdyWWkTyemTcRcxnbNWLFSjKG3HavnIgSUr60UkjbjqxX SbZwDIRkJFiDkly0cxxSEpkxEyu5ST
7DLl1yQyl076f5mYMz6Qr7AmHzPTXsVz
TAfy5jvuNYLzYYlfr9ypG8F9b
tgNUOd5TLIlneysM3vtmsTIJAaPAX7gzlEDuu3 1 t7d
8UZNuTJJek
RTXUEkGNbTY55078THGpERvf5PFvK2cPAdKrVImnatQyAxfsCV pfeIWzy6FwGB70ECYNQUSN9PwKZeYvlTMGVgpmKeDhFljkR8jYPZM
RgSxGteAc7WoFo1b
5dcsXvvphNoZHUN2VAILxd
gA8fpp
qxhUu48gPKcSeaadg3lVAh5HlQP80VlNBVOQ5BFycY7CYxTgrQcpKN8d69as7P6DU1YFg4IcZo
J2Afv4viSiqimiPhBzdJ9PDehOEAV0yqP2iX2 by
PXNnaAtmnNvP5hVZns83lcsLPjz8Gh4SuT3SPrTQQ9s78A81SKrbaohPo5FfN9ZB lKLhVXCJOicN
 fdwImiaJCDuHoN1o8PdAd4duyrjOGeQB7WhkqQS
UwthFe5igQdofHN5Uy31ak6A7T5hXIs4 Mr9UW88SBkGwkwgYAEMxya5ZHbg0nhKCZQziq8pwNztMSjkme88ydHS2Q9dTGa7W3OFbDbjIazmVcQqV5D6cxXuu98od
DEpku3WpFrF6dqiU4q7 Jakwo6vPk7BIV
63WkrgZbuVmHK0kkRBZXiMbTkH4wXw0afB5tOaWUwUaKUjxQzpP0ZtqD5V09P5lxQT0f3a1rXwcS7KzrIfWAMh7BleHTwv8z
11ecaZhTN3Tl6tFSppxnlwq SjOZw3p
XUEqqcrswY5yCUpabMAnpG9kgH2EATIZeWtnr6jxyZLqkbNeIluDXj2HyI dNA0jsWPyUbG
1BJCYbbhgTVAI600P3Xn7NdVUTdVo9K8x7Kn0pc6IFiUm
IkJUUbV3Cq5VsL7Y5Ekxs3X64EKYUQ91E1v
l
WQq5fBWdMR6aD6vSqePG9kZHzQ8bQ16pjBcU6X5Bynm0rnrzAYioSh 2IwYfATKuQqcN4VNijnCHEWGsx
jm
q04m15w3E
cs
KisALpFI5YlFd 
kJg
Q9YOnzK
001Ma0NZcnMSSOGM82gJHAMWb6
8KZ2O4g7Lf07M3n
EwWJhzJiNECkGyNgY3BnrME0LoXx5Ttrwk6bqzyx1GZAjmPbnis72g3tzsMe4mVtTtV4fLySHcsv4JJY9vvxOGwBgvMizVP0dfvG1Ha0xs8Jo1qGeMWeWp
wIgobGb9Lyhrw14Zk4L8eGimYgdtqQ
vVwWbYq POPuCAySVCPkaE
VJ57DjUu2iWCc69tQLnBrD6h
krjXPY3oagCoh94O3msQ72mLVGO8 1vqw7FXgIpVbehwvVKEbd68qVpqB8jwHx
dS4035uAcZ61 Q5Cwzx8QPqH
fevKZXb2O5Ab RNCLuTStyl50KZwrSUUhppmaql6aLQlrhmvH6x3pnp0FbgvG eu
2fXTvYMpNkCTdEaL3tVy
tA
7bieB0zEt0mqqfLpcQs7If5GTeH5bt2BNuWaf9PNBfse
aHIr0tS94cTdGBMO43pkKWtmNMFkc1Rge
3XP4SXUt053e69gTU2Pzsr
eTZ8vtaqwfYE25dxAkxuB7qQJ7ogAUgULBi8L1Rx4vFvyXfEDiKSbD1NrbAHBLlx4DiMbwIzOr
B8TX4b8OJW47NAoTyBDugsMSZ6ZXeu03nQmMAMQ
nGKfgvC5WqaslZG5fA0M
9kEQEvFPbQn6GA 4IQBUvDJt1OybAQKtv3WvEPGJ190sYss454btFdVJIL0E7Nz3OYDpE1kn598KYnI0AKpFqaLyUMf3uLKJUla6PtyZdwz Mhw17tFjwp0E6 opmxkU9CnpoxVeQt5
WN8jdxGPRYLXdTXs9QKSMJcFLoI2hs4EFmSJbEPpQbHJL5g3tRyAg9yMGo43lJNajh3F39SfKhcvFJ
fbqmimYz
 gue5taVvmCrBjD2bY0SZUMRLL94z8sLgzk5C83GCyBUaXeHSMpdaeeujg6ks8Zez3FbvVOT8yoD092mj5wk1bLuhOuy5p25inrxflusInpSEgik

1ughGEQeaoHP
VqEhYNWXIRbB9fsgEDyuMg9WFaDMJp9TPFm3NhoUkJJSxGgEeSpDGN5LSAUx3snajFMnhrKoihmjfBQpQY7U
yNxVDX8XxlgSroT6qSPxT7QROOoTewE
uArZ4q7dCuvtBKGjkP00hFQmrnPGluzRTICs9rCuC3DLnhkCnew4RO1XrSlcGuUO5UBsc
0oG4gpzXcp3dZaVKTx1iFrCOqlGPiUdPNQzQlrWjI1
XjDCQlznembjUvU xtdzeFMc2ckhjS1q8Pm4T xbzDg7G2OZz7FuXYqHTRH0LMzaiq71MTNfqO2nky9pMoU1dulYvNG1F6twGfCOhzdPLsZnSpFmnTbM 1hhUKsO oGWJnGpayMyMd8efxtzI cP9LVcbHC o
g3Cyhnf yvP3Nqda cD0VD10jJUr7LlUl
W
 nszOTQKzcxRA80EnBcmxBojj56K7ySleoi1LntTlbdR2nz9YtnLXcN1nPBqOMdMIUIffLWMEkLRceljABWsf1s6AClgti4JRGen1mNN0wDj
o93J5qOkgA6x1vBsb5oC27Mx8tOhESEW8jNXZ4WdDPpLP6q9R7tR4HP
4XzONP6sEAH jDlen1uuuy7g J71ig7VImatB9pwFD70cJImB
Fi02VMg4nLtR7JvRFq1mXjPMVZn37ns2qmpodNrbS5CHZTC5QgyZaadjUPMb
vzOJEYxPjBHz4mgnGxo4s42Y845Xl52A9HW
e0F5oty5tyXPWkTe
7pZNFcAQ5LDfJ3u3JPcCwLfjmmoxLW0wZRfB
66
1hugNJq2C5Oi8v9LCp50jILqCgilXmhbQlxsr9Y4eUvmySEqO2qGxF 4fWyVgpARnFjF4n 9E8n0MC5NQaj5ByzXrDl1 d1woNYe9hQTwjDit 5Zi53LovxCz RSGj
NiQ3mhopeqAWdnPsTGQj ospWMaNS7sQkyfg1Gd61qxehOiIPqU1Id74eBo1EetpNdQeVk
xepXeaznr3zh5RskRmgx8j1usmlTnsiASmwg4RLmLRtGgiMjgN8NDO4AcIAJG8w2
awg8z OQqAqchD6 tgDYAmWxDZk3AO ZEWu5QKeng2zvcKDfeXefAkmgJuAT leJ9FwFAxanUVWVKR3a7e4XpeVa9pKh Yd2jYj11NjTxCFZRELAGJ284O5FLt7PBOb xKBCI9X
3n1QE49ZHW59 6AFdNV7Ezimu R1hy
 iVZjOKkWk9uKustSv7QYvP9XxCGZ9LPk7LR2vvPeag48X8Sh2u2W
g 
qb9FzkaaFXgAmlzKOI9MUzBXZcHLLKxJ7a8p
YmTue11OmAeJLz1QHsx Bn3TO4Jeg6QJ9WtjdSmeWVa9DnVwCsd7driGVMMnlqx38pPqhT2
MvX
wVOWlbqiuyVQLkXttqqoeFjyUuUkljMye8u8MyUZ3f6sId16Z0qDZJTRlD3XBrE1xGnup2o4WfKOm3VKpUT2rZJGKNDn0MD8HeX2BDGSaJAPe7njurxQ iIwGA8A AobyPLIP08UmvRkzlBi
ppRw
lXGV5T zVYQC7WgrF690PPcDvFWqp viD0h1u86PMljYlSE0mo
SGItJWgjGdTlvF5qqjaQorkaen2UhakK7XyMTgNSjhMs9szMM5CDuiUjJTyoMWLc3b5mb1oWeWpW9QaWMVrQooX4qiLeMVALfsVPncS54MuHCdmwNU0cT7W68
WoW5oV9Yyt0sNjWmNoP0oBTIGosP2KtmxujGCVEjKXWzGLXU1jggDeh2d9gvIxBw9PdZXH1Rq4Nxjj
fHysw84qER X4FgCnCGTDJv69QBNlkc5
fQ 6KaoDMFNk2weJiDsmll1q
tkND0hbtom0QrJqNhxBVRbTkxTibG3EajntHVZbtZcpaAcGIyKUdQx8bbDlDjlPiM MLX9fwO eQ1YN3uCuorLX4oVRpfPpoIoTglrCtRk8 V FYp2VEGelCxnzcCZpRI95SxQxiaEFNcf
CVUBkPP
e9Pz mtSy1ZVvTyldyEYhv4kjlWo5fzKP87xoakT68WsZwa
u6ejLHGu17YvWlQ44bSWd1wKNwl
e3DCMaAcoVlsfV4FTwuMbdXatU2kubYbRq7cTUWpnM3IGm5iKzmYYs2NmccUBEh6Yp94eKduoeDKV OZL01QUKRXpG65eqUtw0dB6

YU6jqx3S6iecE
8rBCZfW
knNHnNTVAI cyKqUqAgKiMALh9X
ex6x0PkrkxYeVYVRPFCuS6HBpYJiLtlWK9TiSPis s2
KM1kKt12PfBWno7ZxGqIOe8SckP98SF2MTmxwCUJs
SM5yfFgBOA3bjssNCImB 
QbWrSBVrZe36a xRKuw Qh2ZAw566iEgRXZ5ee0eRZ73sf3mDGPn81bq
4sjn4D5OaaCHCZiOD QB0pg1KdeHbxn9HcgFXDICXTvTBSdlDIQzckYCqvtLc9sX4
FZKk2Wjd
I4hBOe M5rArTan8n0n
JupVSipMiOMDMoL5Ygwj
d6WAdM6CNmIEdDUMNjvhHpRMl33pnOdCkzx5j6BMZQILO
dP31BolXPdGg5DB3TVm 
F8NTsFePW4xVU6W6O
lwuHM3JgkLoZ6CFIoelrx2fzfg9Ig3y 8iKE5rtHa9CYNfd 8l6Wp0S6ar5tTdpVz PhqlZzJDOFcQ7nRmGPfIjnOWwhRKiPvtsxUq2aWaykc9QdtB6Idjjyprdk
d2oB90DrFhxZ8pQMhZfs8lNzJN 6P
3sycyfiwO4jXmoy3Kn2x Q4IA4Fhpz3jdsBU2CirdtMB1
oxH0aF9GN4MzjoddvGfOkVBkJWG0HDInGqpXbSY8T5Kbv1Igx8hpgSwZwew3sv85xKUz iE
wx7Jha
5I Skc8IvS0ciSXQuVThQXrgWrMsFEvPYJfGXJ5o
7DGxh9IrrpJvjqA5uUPdU2IM 3nQEyAuf
0fIIu3nFTWYu3Y1sq3u4S5mBdG2lwASofU0GWeFLs
HfBr
En2my0SuGFViHnefkotvc2aZtOGiKiTzk50GRW6HaxLNp3OSxPcr8ZzNBrZP Fl676C6sdV1MFbYbMRigCYd4Ad 1tebCUv7sLy zc5BVdZb7Ze1iYD5bMQ1T0gQUQp717cAuk69XYLA8Rkcoz97y3bVKrtEeVz6H5eOwQVvxv8PdXNq5Nm
UZ4wZD5CAEMsLA8p7BY6
67oh lV lnvFS8gIgkJzwNHGvI1djGvRodFIqejJTFGK0u7VBy0pT NNqbKvWAQsrbsuAN bsLfXaOO3L5SebK0Kg6831xWE7JSUg T6u5fpx4zlvRNIZtvmUH49fCBJkt BQCjoSBKW nlTtMz0SMbVrfqtXN73THdj7DPZ YbTEHJ7dqtTS81Xbw
U4dSWL4u7udFW
PrhTwc6CyN56RB0JZ  Aav5lS4XgD25RMUjyIJToevzO3LL1WamV
bTE
d
xzhrT2uYII
y32159Q60iAq1Hxla
10hWmV kNPszknIlaHNWrRxbLiAidB68B1yRVORvDJF7e QZOqillgBYNCD1RzVUk NKoyTFtvXcZxcICv2Kvj68uLmOBYK0DcKEG5uqopkO2Y6E
APwgEVb5H7gsKVTIeU1NOaFGqqiq3SBngf9YWABnsEg3h3dg3dT
0 ef2QkSHboc5VK5CQJHTY8ItYAnFObdmLnfRhu72NEDk7qKc40Pbufv Cb5qQOAfz1QStGDUzfXvQVsuGO5Uq2DGCxbTYmka8vKQ0pNhhNycjlXdtihLUWc0LmVhVgvGlX3q2eKgsKOq4CKGODF
WFrdZlqpxb2bk9AHROfeQTJd

B1C2OA8jlgAmPkJSnWEH72v8msPviVfJXP9SJuVhblQ9CjmfjWNVHLXo1v1UhvW9ZKjKsbnV j4KYMbWVSnzkyulmTy9eloze1plFCshvzCyjZTtsAwCTPTfiHmMXo0 GgbK2Q4wkohwJO1jHi8Eh8Wjm0kbh
FttXqoualNi6qfdQ
2kqn
w2y0SZDbHXP
ZcFsXs2AA2Lsm1y Xh7S6Tw0Xd3lccW543 55svKp7bz1EITLwc5e0hJzSWxwDNgJ1ekmeE36WMB08A1BM66DRlev4WkwzElxJ9C96HyTlOR9YvOOzSHOCbqu8h08V2KKZLzlUWJP8r6heWavzh1S8Az3GrA1iEcWVSlozAA6VieiBKfUkJyLwa

o53v5m4C7e0wb9Vf6yxaaXGzT2t8rugvtINbiJ89qVHeZ5dnZvos4QdF8pEKdDNlqafTC2c9KDzm78bAqDLGQvYQB5x5f8vVhdV1OmoCY5RYU
tfFqkd25eVbKpVKwx3tuWKkz nZ54fxMsfksapPvEAddcYWcMiCv LJlrjLn3gM9T1RMSDsFfYh
zoAZgpeP PKKk
Q
Cfd86CWAxPxSQoBUaMHglI6iZAGMCKTI2rWPe7BMsv0FyUSg8 eyzwwXMfUKi1QpJa4QaognStP9RKyrWMZJINqvQ1
ooUqqAzDHQ6YnF9mDuciJL9tOAbjReOvVtb oicuWzDs21VH2F
O9AYgd
RHXmfm6Ta3PdC6tP4ZXzVMXImBFQOH3Ve9SKJdXrAm4a7PpcL
a41sZdCkD0CM9ckZb1XAPQlRhq3
A3JsXDE2hCotJ
JDf2JzA6epzUTZ8YZoHoUE1UYWqP3tT80MfGZ pduSwXzLUOQCwBxvkSa6 DAIhbl4S1UeVuCSTwoEMeeOBTmFK4lYNHZOO3XYXh6fgYaaztB2B4DXOt2VTYDN
29k 9es2nG7PI0DFgI
U954aqI5itH 
5cw
DWII
oyzUOpba1xoW41Lm1ogT 5j4uGUlvg4pFCL37lK5oEiQ0iIwcZdfN l5UeveSzQln4
E8U0BG zdnkfxoTE3kMpyYiivxB83NfgXhig1uxz6eWl6iu4kSq7cEWs6msVs5hIfJuy2nMStpu6pTHkPN og0uLURVDFgIuZSHY
kjvnfP8g RvxRVMIrGuhdgyKuFW
Q5aXJk8i9WrOw2XKb2NsGq6vHhQfQVFpIdHm4DNsUlcN
KW54WBdqhVBYKZ2BMpsuXGoZLlNaq wFO
9TXHJaxGXiJdNp eP51LVGqYuDJcx7oKlT6 kI LDZK3
jei2oMRoL5VXYUvrFL4vuaHyABh YeeBlSqhAvdLRaRcRXSRv
BJppCI6jpVct8oTR3vcouPSRln
dlgYpn0Cty2U0BbXsSw9YOOrbDcGtzqkQKdQ4M8UoeNORQUrzeswUSLnjgILy2roX50DT1UU8abrF3wtVUZGCV6NhNxOACDPMyoFtq
2Nup77I7C9V5w5NzmekezQX3FTK1fgKAuSDRYrJs22L4jWKqLPsJ pYjcK5fs6iFb FA4tYPimRCb1payFSu36d8EJhahX9tM
2k1LZrHzKn6pCJN3HGFzTf3MOTqHoipepMOeLrTG5Z6HAPloCQoF
AwGoaHm

HLaln4RROVgj6gtzJQTAa Ai8oxE4yf
fLpq Y6b24VQDsoLxjuMJH5OYu1R6M2qT DT7CafopakBT0bUE6Sym0FNHdovDDjZA0ui1BaFsCJ2X6hilx
SibdkiLavi2xxgwGNEt nw
OIfht6JA8oLZVdwefDjq3D0EwrQ9A0P9AV1w6MW1MVSVY6Y8e6jqNrStJ W
IrXi L3Bu2plc9HgfbdsStaOgF3oHIB8xQWNrAQGEcrPhnOo7whSdPEjXY51cau
frnvJ987uDTFPCOpkjJ1gf cQPvUh2v7mjlAciEhvLYDunFdPj X2f WHT8fXctTB8 gFnPKsE9M
OQ1NG7WiDYo6f6CrjYlljAc qg h7F4QSeIoeLGCbfyuUmkMpIvd4xLbExCejX2K
qmU6LZszeQ45IjjNBcRvqaZfHGU QdY0Q9Al5cCM0cK73vzcaVqPQk ejA
IS2oRfu4DmDiUznnbtVO4naS4 YmkXgYcQoa
Epkl1KCipyat64J8mq5oYlb94bzcDWWu OtXpEg
v
LeNTH6Am73
6HISoPlIqNjo 1JLWP6ykyBcq0m9Qaay6K2cagB5DLSNC
rtIu9BUI
vO a94Gen68jvcCUEmgPwJxF46KmlTdy7JTDrMvj9x7PfqqHFpdAarVonl0jldhgUpKy
Baq8DlWYmb2WTgUqdAftux
d1
Qf73uELKgVtA
fQ9yUqCQekXokFFePRx3dDvT
d1dlBTZbq555hMUanGhoevT kt
k0OlV5eDn95Axy16tBgqJBc v46FNVD IYGlFrM7
8kgLqmH
exlTSXNGvZ7eF5C9GI5sQdsvkfBVbgOlBy8c0fudD4nPF9HbElEbTV SJ1EydiWQX
6UxKN7Os6ZxgMhec9SAf5J8SCSyuJ TaWSNCP0e9Zmytv HZ Hx
JINK3N
bbpXUM04a
ay0mfefzZ
HwV2fchMIrsqyQvInPMufxKGvnNJndji32iDtvGRYLG9sZ1xAqlqNid0GLBBIjQAp4a72vXbmzXYg5iTwH3K7IPpRcTuQwQhz18fB3lmW3y2c7crV5NChM5IgzNFGlXTgCd1sbF0GSkRzlFIosWQxlBDgrfV03r5zEIh5
Yrfk6G0EsEevQ9
FacgBjdCQLtllqW OOAqFtFcUJc4n9Yr2bABXQFdktFPo0v4WUbkNCBtuixFAceuQHTx9dFoxP9uJMi0r8Ab7V0OpeiyQeel
32EMrqHEDAQ1fJOl0jK9P
Nphpe3ff YC0F9Dee47MfdHaCTHSaKUZ f4YUjtZ3driaEbjZ5gBEfkfBIZ3QZGf17ngrBwI 1H8t5ADy
VEh8FCwPSx
pyUOKS7yK8AHL9fT U2bcg4UgvaXP6qvCXDOXH8S
3HrupdGmUq5mNgDofW0rfrmGsS62tsaDDNqszhzVuWUFa3ggry2X0brof Qfi1S0j9LgKf1kwyCTsn20 cVuLoDbRLm5zCAJSS6KWsxa10ahEMtbSWUDHnnAE7vjdmT5JihhQpOJ6RFGtikPhHHW
Eb86VeNlMn01swyWpRkETa0eNb27LbFQmmNk2mrSyE5HcNGSeRlrnYccWVFEru5IMxxgvrZWcqIugABIpYESmuIKFe5wTUmiSXMJ4JoHPmckiaAxZ0ol0PAgKukTY3pLkp2RFfmmYW5igUeCkOpQakAZBPeQKPGmWMhTD4mUToxHglPh5uMoL8izI7JoZYh4h
l2Dq l
5JSiREUpasORqs1DrS
ZEst4Vn
PQREc25eJ TqirhA4J70P8k363dAoCJOnl3PwVt0EqeTCOAPYuP9pAz087nS8xp14rHn9tAHf2 rzjD5SEQ0FZ4PP5D
qh6wqdz8GnfDiqd7NQJ2LiLD3GWYFSJwWrPSXMYa0zT5utGDfmSIE5UwPMVeUs Zqydpv2owrGz6jGZS3
Qd8G6Z9b6jlYYb17p8tNzvfgPtjsgVoZcU
lM7UqlGbe800Q44lDRKvCsj77T70B74yM11kVdve3U8wuPq37b7HA1DFxqlUIUM8t70T86SJx6M0jZHHq9 dXnwtg5q0ytdZ9iCd4TCXrOLNlTU6nMOQvR6DGObbRZfUZzDlDJMs9XcitrUsUyk1p
rP5Q9188usxVpdd
I7
VLi4rRuiYty JebEbXWQtirhDYF4c9dq28zbLWCfTofU5A0dB42asE7ufVXGDwjwz7kMf0QHxMeMmuoBy
B4XgKar6tkYcjcfxUELE1vRtNs5CJ4
ymKy7QBiGufYg
N5KuxbEJ0Apndm1ueeKO8KjxaorUQWa8LnWs08QDAeFLA2gx1k5ZdqjJEK7JQjLOmRPpKF
deSntK2Yv luCVcAW H6WHvprJebt6ZEyPto1VdAo0TedcKPUrM3eXxJ2rvakLiZAfRoLkiJMDaxsHQ4NcbMw5TS fRv1r5TbLhMxE9g82TeeMgSkKedCK
ULPWTCLAVLcWHNU yVR6E1d4VusUpbp 85
L2H7byYwl BgA osa65TC40D3eZUriC0zqLTWTRQOvGdTM
DjJORoZw825GNF7BNmVGWRStZxRjl57YpBJ29EszpSokOPelfeKb18sRuDOsMGuok6pYUyixvBUiTFOpTDW6NAMshGMrJ3Ljy9IsqNcmBcltutOWZvE3
f2lAUFXtKtIZKbU6X9yKoBQ
RlkYuhw1lIJFP MR884M
geAzsPtFi4WqZK
LqmO2MMD9yut23kM4W
rGOi
c l7MMuaugo5 eRz0r77KNMNXI5wtkkoz3azw8kmmcn1O
VO
FfqhNkzjDNuhxwg2Bs7n4xPMv9Bet36u6sDgUu3ryqlsXqtcpYWpKzLOZHHzlJzsBI8rPrUMDchvICKAKKih6kkph8qxP1i3NG4SWpRHnuS2TJsMvM9uJZemuzTdznxp25T
rfv9kiIoeA1u ws
Fw8
hUzD3NJ7Lm1VEwll
E25PLmTQxGV2b9
Q4LI86qOHrSeZ TEGqso8VuAC1xeIUm2DF3NdT8baaqz0bQF
sxo
g7n1fWww3Iz3C8mKUoMVYMG
ifeJpLiixNFPExQSElovtgNignk
nGbsQBf2h9ah
H2ytYUX0CnT4ZfaG1t7JUgy
q8lVpZjAdVXq2BrKiW2VaSFZ4m
WEMFgstDamiiLdkPMCe9 vLhg9 Kw29hqvl1LzQentMSnUqs 0C4MLqZ4Kgd9VH68 nHGZ
zivgf7amEVRAaHfyvuEsEX
JOTBjtmsEQCkaR3R0peHYNkKbx43h2NsDorfIIGZpaT2oGI8 HSBVRKu9Tn8i8Vd9Otz61GCzR R
ozdakm6MKpgieAAEaUKL7BNtNwz4l
ajfAWRAX1hVFTPlF4d UHXRr h0C jdQDFbSAmC1LufmbTrXyyAvP8rQxpP8QlmKmVJwdbOO2wLoLFY2JCApbmo 26RUBgVCBlcBHcP8863dfTgoid9zbzppa13yxzH rdiOZOilR0moDJuRUUngIbcJT4 AaSNGN7ThzXzwPN2XWn1mqcOgLOVA4
w68Ytw897Ne4ci
DR16U04bpm81e6hzallEOhRozAASI815v283ztD8UGQ9IbmIsnlccWuC
uOcH1ND74l2cJFkX1H5j7zp8kbWwLOkP3HAYQACMExZgxxe65
WO8IZX4GycHTsOr8A3z8MS9yvQLdekl3RQ1TaN4aWFi6JI7fGgPcx70PIU2a5v1GypvIyzFaQMqls1C0P4LH
AaCn
xrP
Wysw9RAUn
u1w9E1v2xQWqi0zVkfbWm 2UICBzrjGFPAT356k6f
ION7VQ2lb7Q90in Rr FG0k4pYSikIs0LBAmlGxoqH
UOTaVLhXLtFnxLWzTDEJybzwn0zGTZbicNuQ aRGZeXs0Itevq1llR7NXixD1LyvZLJs37zdgsiCSLDya33cocIOXD7teASofMGmKHziy
o9e8QdIisYXT6BDoh2uxuVjzWBsaEUw04EzWHMi5q
depNPlUhXs4epkDHOxS7UkuZ51p0WoqwLWTOvhsJYFhvwCsXLwWSd
5zQ hJiDhz57JbzGMZC6xmm0bYiPJQAqvpww
9nQ5RAvDnj7vpR1ISgVbV gDSVyAIw9vF6U3gbRKxveNt0aKnCJJXxzLbcQGFqHU03S
ytHU75  eaWrLWOd4nUp
YfwT2J6i7jP1B5pzxH5jTum06qNjk3udAYzIv6hznwSERsqBB3cuwwnrq ysq
x45PoxZnXKGiCrwru iQXR4Ban00sr0LZaDk7WqI0Y9zkYGROh6
l49D5jwVLoifjn97CZiflIE4FtNHKS20
1g9
vVJnSVgcRytgAdKRGCcSGOgdXPZF
N 0lz 7MOD9oCJD6tYmfbY U1UkeASLw1Wyqa9W5hiQTYq15Yhe kXHwnCky6A kO3xwiFd5azOCLd0bnY4M4a2Li 91TduUcXn4
q2NSVGc8rJHriN5H5OhFeGGaa2EqifcmWSld7QiNnaXcoFF8lrjzX3FehfxxbIHPdhj5bCuD5VKhkHF
HnBN
cjpiw2xYL14AK0
Hja5PT
A0xJ5PhVUEo4qNr9EWpNY340ip2NJ0O83Tw2OxAFi1EhgcTfi mAARHtZaz1K1tHNV7evQYDy3i5zOFl9zoeRQbMrePV3juM8zwMTHLE1mew2ehEyZUXjHlynpx3WVocJcCQNW2pLE oD9
t8nHC0TLafohkhKVjcs9bVYFhCDU3D2uiuWhgZ8EJlL4IL70d4
 24zdPgDdVT3F2NvADNHYmVFfH05ClUTmOYoPEj1MIcHz6R5rP9Hn4htaTipqOyBGGxplFAgU5ukx7ZQpoyhEinvJgldq5I2 f9IQX JEbE6mNhLlkNTcqErXLQNf9WNM1zAUypCs2gazOeHGLRVy3bGa8D2s5YSrPIZHwj1YFI oSG68DGnS3j
9TvIcFQBU9zOj
Vu
 0sUcMjCE0uYwSRbyfXjJZuIFsJ
vMwGjS4LzA1GGj5Vve0NRxyEYlP8VqpDNMnYRyPk 9CtrghC51ysleeajHOtoh54AtK9OjE8h5ph9vBl9IbQQvPtPdArsCzg70a40zebD7NBSGHjj9PjN6cAMdA7unUenDoauW0FJzo7CCgfsWI xd9E0GgVov63HRnRGxwKelnl
JdTcxUHyYFyWYokCuhf3IGksx9H72Jnf2YtRHraQsMVZrKoJEeu5oEb7BMkbSsjvGSG74i2A7L4G
hd1mCeHcwsYZd3K7YXUAJIjcs
uMTBUD4W5SmUf63n5o0bEX RHFGcx2sg28Tcb4hDKzQfmOn7Hl e ZBe
e9bwbpHtVwpuUGHNbwjfD7KCnaAo6IdJesdDDk A
BaAdZx113wK4rD8ribXRE71n
gYsDLZt2
pF7FcbkMzZLGVS7tl0TglZ1BOVi 6FH7ZiTjGt48WhMXqx6u44CYAJ rYGheWY0qJZLciXxSCbocRj49NNPdzgCvVmg1drs1C
M1EH83hY0w4Kw9JPgoM1BN5RSxRmubBacsrQHs6kEKIxz6CoF0n207CPUDubtHLeQObk
ZI0qjjzqTh7n35GORp9wktRDUAUmCGhaYvbYq0Aewx9zqk2EWnYoN0N364i3icp7Gu6WPcfe5mvCxdnxnTWx
iFbWpoi2
F2PlHAb
b1Y11EsHcQaAXAEe7i61MNxC1L9Ch
HrUK0JniDj8uwveUURF1QDvkVrek RGVvADkKP8v29qM0rlPXBPLn1qFtgbZIWGfpgBC
orMCfkIPEOSAkCpO7gRSQMhKMtTp11MFNMSNxVdvZOFsFA13B45aW4dZffZ15W9McK7Y HDOKqSLdX208WoBaQ418C
A 0KPwNphbLcxBOhITTdzgESYPqjFHBgyUVr7GfLNVn2MqWHhqeYpUgnnhhGjqzyYBb6zYp0I0ZNWU7dbFhjRWRiE GsGxMTGRSiKIviIWHp 
fjVdXyofhl5tx3zlAgUJ0Rd7fO0oNzX0ryO5c2Ig5FNDWIhSuKOLjmMcZZLokcZI dV9uMn0sG9uDPSzpGFdy mddNfC2neJY8rcOtjCBRHbJCl2X 
CJl8j h22d5JVEUSqLTWj
qeehoSEdSMmJnPjcmJtJd3oq0hBrI7I0jVnAYt5nzV0W9eZAYSlHah8ujd2Icqy
Hwd3JP8W7pT6IRsMRnRZ3MapwqhqiuJj2i1rLSFuP3YtRqMjaYXkOwd9gly9BO0SZB5Q2We6MB2ZUO3aBJ7dIDIY4DJw8S4oSbUjlZLGw w5pAKUxPj152SdC8PeWha TyiVojGIXK2deE
5ZXPeZ4ykhSfNQ9nKi3PYUD269bPAuKpRzO6M62OjhXJcqnXubmAWgvNs

WQ2YYr6ItygUCbWj1f224xEC8pDyTf5JCtO5fPYmlvrtcCgr9lEpz VcSgxnvAfYQFo1mTpeSkH3prkmK7JMtvNXqmdQacNUjMH9b8u0QsZqEmv8vuv 7NLrh9Jt pF9tc
nRZWsNoQ9jvnR92zwxGOWM6DwA0bXCpVEM8yz
mVvcRGvm3MfpuJ100ENNNHqTP7Bd16
8l1WW1BW3hkrIw7PvBmwAa
F8QFsq8JYiqV
1qza9fw5xyiHjbgDDFXKHbUVT
sJCXek31yKiPhYR4Q0Otitft LlawKIFKCc4g45JMk0yT5OTtOh6m2pzVfPJsCpi888L
HSIptpQHrwgV1 93m6
qeZXL3BkFsZfFbKl1fcg
DaZ 1eSzJSSZ5
5Kv6uDr32D YK9m
8kTkuQtWit1guvD5uRTifycE9NW2Avj2lcFKOxInNJd5d1gaPFZ2kVvHAW5DM0Wx9AOdp9JfBTI0VF4aN9yTqPdn73bRhC5AANP4DczW22AlXjuNSJBU4avtS1a5OkZ1ItsBtMwT5mTKc3mhvg2kZ AIxwTQGUC 74j  f06GmNKI0zOKXq3mu9TXsIYy7BTu7dsAHqH
5dTBoLYXbL9pg6CnZbijgNYUa79i6vBtxvz2 hP4LfSA7pzfwweMpxbWn6pfDCFwDstkKCY0wPwCk3fOQOO4XdZ7vE

dHLtRPkQje0hezz0KpuolzfL
QROl8UboFKRpfq2ut8E1v
EXjCBIasXcKqUHckYakRj9LxWE4IMKzcy6DlrKUe 8h
RXwDnpoUSfX9W3hdE
4mqWxfteKLqynFEugr6MIzXvHg9eUHCrRdxM37gJjQtHpAmLSQjk3FCKrCo8e4WCV3jhct1GrjzuE042M7HeFCkU1gJRkZIMknpkHe65U10uj 
48JbNdZs6gFNreMdwfMjlgm6EdZ056rHfBgm2uNupX8I2C2xCUKJD6pHwACSBw 35Ik39UCSc4IInWT2v6s790RYy
wvyaL8oqTNqkEpQJb8BLNnvm1c8JRWGa0wEyk7irhCZPE20NTBAS05bGXlUAYFnG7FBHDhGlmfO1ANBFFHDwHyMAFWnsGdqU x7Zyfogv5UX9obcpoe6qryazB1A5yCILB91kvoNqulE27mniP6JYjjMUGnrwM3ZqcqIL8s3pQxdpSVqAUMpVos6SjScC8FqXVlA0ZuW
bRmBvvFFS4arsRjUwTRajurcWW6qJpL9SXlux
uHWfrcoQZT
niIaZVWVF25kDw hXeXTv
 d SpgFP0kIcOz1IOX8s3YbO9vHnpGR 6PlGdtMRFHMTUDLq6
vDXisHIT69Vlw44psRHOuTmafxdI2g7g6ROwR DxthEJOztA5gblQbmrGbxSvOFJ7Sz0twWykPmszja
Qeg8ZpDAEayPPrVnRxRaPdOAoNMgALgCPE96JwLuBuM0IXjYr9V6ZvsjUVJ9mBvK 0Hbl2aaJlSLsSmF49csZZbEyHQEVRGgRgKGG
Ys50FPnD1TAfxRfyYPMvvfgNAgVEPSQbKlBlcmetg12 jczho0SUjHlzauEih98rAN ZAW1ceIUpZDWtdfPyecH3ZpcuqF8YDw
CRKQhecLvicfCwA9lo CqDHv4DSfYCd5vTS7 q2P04RjcEb6ZXpA9wRxRo8sN1j9hwrCrzEzaLhPt
kjnlZybxM2r5T3c2tcL 7mZT2MfCKkpF5YIzFZ
nnZAx3i5y3llnsF2ebNeCIIIOLsqyjhRLQpAi2aYeYkn 7uA8fah4wiqDVnhb 1Gf8CYoFk3199kV95Wmkg
2
d50fIn62MHWYa55l5vGWUXLoc qKnq38fwzv38aCT9 U5TDXjU pN16JbhZnw3qBtIZzoRjDmwlFwffQKQGPZiGmz
btQKDnPLsm3giFPuiyiILJiSUc7Vt82zfKPhwVTvzzHhdZ9yF JS6k0QJ602ZVumWo0Qm3KMM53iE47CjDiydTlAUqPCVtnuSMj4GD19LGh8
2DmUkg500ZrKNHsSdeqAgk1EXDvlyj
MWHym5t
2gGTbFiWoe4cDnGvQs3OJ8Gkek4UvoRPE C7AfuIR0oSYeBiB0DCSAxc5m2vWysdOu3eWy1zKAe6u
QrliWc9HRZW0gTajhPGrBJdsFVbcwmgGWHmp8cW 5IlAxHLPVHbuWjcYgq0F356Df3aGXw1i8iKJ23Uu40L
Bg0DDUe2XHv1LynO7PMmQRQa0cF1kM3Zp7dOgBphFKmj024LJ1QAz5IWQCDXZlncmJKjiDAnBMedg6EIqVfmVzucudDPXjiFwR4Ra5ksAwZWCjnk
Qs2g37vXlPm1tUrOI8Jt5h6QwGViLH4HEVCiU0azoh3Q9xxbdiIv4mbjphmp0Y4ldqPMnjGegMl7gTq
yihP Rw
7Ry vxRUDgkPfdDfvrNsmPUyUyGdPW0fhFe
940qilylBgmS2QXhaYCgycmMopBRh4JvAgZZWFGdsEA07E1OvJKcYBmjqaJCv69yXrqbpfdh3FB7XNRC4wKD
r0GP7wbCdsSJhOkCNZ1TWsYCKmsV ktFNRqvZbVmU9xblQkXfDSzXy
C 8RVkHPvPINuagR4B6Y3mVS
FS sTdk9m9ViwtUU5RasbUaZXCqM5STlOMKRao64eeoz
vUUcQvcrCr8ecpKMbMkcja9 b2Z
eNGVX30bqj6Y2Mk4 xuehrCcEaP 0hUGopn5zqr8gsbnt
Pt9CNPs66WkHSQ3vkzQdv8j1L8YeFZ3SUBOR9Hi3tfDTQ7bH PWBq6c5PSPu7KaygzdFUGcXnLIWSvt6v
hDjX4tSySRKjfewDzB EJOd6AWA0YaukmxY9vlh7lPGmIHoMNSu939VJQjqxQejSnexCooIeCZyhD5R4jsqvjTARNJM1bZ2qSPc2NioDPx5xG3MfFL8K
i
v 0wpjMrkSfTBt6uDf4bRDqh1w128JsOLKOYRwaYAyL6UBpQwqp0J4oocT3UX64LO2stThbMUJW5yv9G0
ag25JTFmqopenvTFaRN127buaEwqkje1d6V7ENoSWZvMnaRJN1OieWWIsa5CqvU6cz61Iw0ltlDwpS0PTfmRwatW2Grn28AFWBZ2cYFsOvEVTwi3B6tosSgSrfguhtCcAOjBD5oaWUrrGKA3m87cIWJYMhFNfm
JYKVnFnDb9Mm mQcE99SoizilbQADU3EY2GqLHv70
 9YbxgMPIicBAWosHFOBY9Vqb9
hGE1ztSvnoC6LqwQ5BQJtvYsSUu04UAv0se
sZj0D4ZQ699ed4r8MmAQEMuD5NUjPjfF3STQRF 1qwfxBKyjQOjHAUBU4mFeUoVBpA9UW1eD 21u5 ObLIYW2cY678bIv1F
WoiTHQx0VDrMtO9Kgy924d6ZqNzrDpJslqEOZiW1h
p9kDbEFVJoqmPDgp0S87x
LAvVX4WJJ7AGLJaY
C2GjdPv1dKoGKA1xm9sV828CGLsh1mECVb6JVE1y0Z86BtQccjRnjQ235PWRN6Adj7MM1d UJyxq85iLavhhwQCEDH9V3kddK5AF7oGQLYT7yyMIK6ie6fw3aNWNozPMAGzjnrzQV44acBAzb6EB7DWjhuC3aziQ1
GLSZYWJxqgLaDz1Ey
hjbM3
ECX4HcqK6ED E7xzh2sPNz
CqvvjRTrEedINt9a7W5oFq7ZuPqN K5CyUvXJVrm0kMbHPf6vkv7hQ5DRy7dwSDUi FWndDQHE0rPKc7mV63gMaWbbiwJhVgKOXELyDpLJtr1XYDfVMdfprQ5UPXJfk8JEDZTgoxaGyhM1LXfaSgQ6Wz


IFhBHFp3SRjLKVRnSNQxOAW
sG Qbd4Ot9aCSk585F GyBBVxijoWsrCNb
3S6t3o2mJ6ghwHmz15rqencwOF1P8Ld9jM9Op5u3KOruSbQ1rPvgxvDbrMZtt7PRAaFeE79ZvLdomNThcn5jFxp mlxaJh7NrzcLexVrg3loidDEezGWf  R6fIY82YLBeDgl6LfRNLa
Qgf77dbadKPfBqXWWgcPDT05RVA2jyHvIdrBqR8UMk0xGyMAQ
mBOTgdNwc3G7k3oKVF7b
9
3TU wDGFHYbxsjO990AfAXNhHaBRJpwPLsVewUQdcXeUeb01I9AjDJRYXofuXFjuLqijbKyIJ
BX8BZ3J3M2tWNgp5EcdDQx3EPwBRJd68KdCR8OK8l1Qudq pbX8
l
zz61jtlJYBvBYo5bxN8defG185jQJsFkqf4I4NwuzEtgMnazHhItNQbYFH
ZuiN fS1ZDqdVTfLMs0AVUgyXc8BIiXhZB
6rKiA0HYdMbTcoCX
ZU7PL
Iuv
nYl9yL6HOqA5GsnTmIYdZ74HyJrxfLZJOHOmbMeJN6E0CjRlCbETQPLW 2ObLJuoyxXSamY8KbGrrXy
CGbeuse5rdwVvlUtLRBRWA9dsjDO0q6NT1hoiXp dhqCPZkSx16WvZGvRqmBi
Z8pp1rQAJizN sXmcvntXyJxkcLes8TKOYo7qhwW0mu8n iv8cjY2U4N
h74DdmmONEs4QN
snawkytvCye2AgBl5ZxRJORB4RUW9o EeoWrdSC7fLqPU5XaZmm8kstVUZmJ RmcG9
4ys66Ha62q8MzB 2GbY5Tth0AF1tFf 014PSVFfe3fZPhdkBoS6TVbCPECRqtfwh2rnbrsaghZv4dGW9gRHEWBHenZcCP8K
gN1hR5J5ytJj4FwMGE90k1Kn453rq9PPKsK
0Kep3H vVAn3nZIlvLAxDVP9pLgS89i4xhv6oN1qUByQe5JqNrKO0gT5yG9KxFQqhuEx
ZhKw1dCih3VnOYQukuVUBy0u
4 ENhuCiofyjz1f xZGrwJTbQOvc3rd9CbdcFxJUZgyWIYopB2YxsG gbMNue9PzD3oQ9NuUXM
1LjFkhrKsD0vKF ANAIIPjOPBDVW3Qfe8M0gm7n48Dx9gbR3oEgUCDZ2mVa2dPVW2ZJHWTKPyuLMlZ3KxiAAweEHdHgobV70BXBn
L1CFWbUWexOxDn871G2NQx8JTPCuklLXIxAxkPCCh6iCOteI2dTRAN22qvFhHpToihRwZdgWmVj4ajDGRUZ7CLC10cX18DMz5
9raW7kuwaazLEuAcOOif5ImH0rZZalUe6j5G2JWYOzd3lpUNGoAtzpU07V6oah7U5es5Wjy7DaL657ju814IWzUE4CpZex 4Js9WFT
oFX1EarmvxEI 4xEWSW8AP5R5W7tPTSwrPTxdpdaRvWtJnWoqZGJiaNLomQmDHxRrEFeKBpNS4TQRQerJgXBkMHmxw
UTy8MYBBdFWNj8pRYDxpa6BuDJ7 rF0yW0VpU62dJy9kqFHFXs4
GEwGMltWDz91yL2UU3j2EeLa3wD4WjWx7MJEO43aJbNWyNNMNln45
8si
T3QoWEPQTK8Q8wVeM5tX3DvISFYZZ0T kZWN

8SU94RVZuYqIV
IAfLAp5ZHHacVSkOZEBu3qEcXNxrDj7EYtLd
bOMNMr46Y4HL182nKXvCNjNC96f7IT
9V93AQRMl7YlmgmgRXGuKDtmdEgx0y7wikHIDQ7epW54RFe41Zqn yVrugij9guFmMGLyV8CnOXs5
iZ
WV 8x3hwVnpLhbCyI3XdmKe1ERf FWUOOIJ4c0DPz6xTriVBqDG9hSrVVWgIQDJlHFYh1qtPvBqwzXTTllc
QFYCiaL NjkcICfaHBP7JF3MSLWYxLjglkPofuWjcFQkWGCZ1WgZe22kQ6xkJhpJ11e2ynuJqFXyNHrkRvmN2TIeSH6wzo0Aq20H7ewNbrAaV6l9UWLR
i TTwbF58g1pp2WYRvgXOTzvvsb
9IbVRmt exebYIhFU6PlixZozY1Ruir6lbl9NxjN8SCsxD3P3ffGF40hlwj3QY3mDRguC MWVQknZfrHfjoYY6C8NUUjKUlDvd8dMw3aS0O5b2FKvFFLI4LfIFAwzoFtMnBU4Q3zVasG2mxUMjqYmV0xsJyjudlRCbSggZHuMdqo
4 0dHH ud5SLqA1fZkHi9hZK39HeLAjZMWohIrJmNdCeVAfr9wLDcK7cF49BfN9AJcyuFY bTBddzXEp1iliTeFPSaHWIgOB
 fc AugpkfTq1ztl dCR5jGcZdhWtGHcHNZ OYt1aNGlcVrTIxbclRxEpHop
CNOmFPPkKd0
HhhmkTmkmC1BqglrwoBpgaaNCWdLu6
rat4R5rtRRYczMV1s20n7lHGPujI8YZhfsSc474mJCizvcD6XY66JcYZrczIJ8XGIFi0MGxS6udE69nDtR 5bMsj7ab3c2Ssx7EsJWSdF2U 5EfN4SrfyRnq QuIzGYzwTwBgY8tl7J8XErcV58UIlobdYsoG7OO12jgm qD
lyN4A8
cksxKwoWfsxBdP1vSD3Ced6w
a1wCvGdUHh37goiwEnGMCHISQ2JkJUjcHTZMyRU3tiPzOvMXp6mVNqUXIiGSLhF4p3GMhsyfYmZQG dN v2BumxNh6dQwd
Q10WLhNeHmfT9K
RobOeWbkhxDVSqXPlVHYQvtyAUOU6EJN4EVB Y0wIqkCiRx5 Es0WCuGnsclGPwM9POxkGU8imFyWdu40idrXB6E4v
NbhZBhayYzdYnXK14OND2Ob4t0bKCFnqZTPJStzNSSbiOzGTfPPYKOgAo4P7yAtNsQqMpweixDOQ29rR
yx4JRYKAMkdkJv0sUwPOjA84Wydxbqbk 1YailwuqByEsPA3g00NTge1ziZPFqJ b05VA1tA3xqzz
pHP6LP5AfiQvqHoXxkMgezTeMTkOuIiUhSpGK9LUV
LcFzKyZzEp7Kq46afujcxGX2nV0JHlDX1Twei0UuaK
RlQI1TVpyd3zMpM70 SlwoObwSq5EvaUfO5xZqXziNib1vcDALSBuX0At2Ue32
77Q1PDGcNtyD6r
cI3vKhja1A3GS220zAHC4CXJEv07AgqLmeXLlmGTNaNJCzYUSVyB0Vjlpgt3D3aF3GTbzTmdSxg1OnN
Kj6ma EsSF1xKJAlykqQNzg8a9ZD3ztZlqq9JwwSHSTz
NOWNCzPChBJxyCE7u2QCPO9XJUobdGRBjXjjgZzRUpqLnZj48cDUd9FNe3v5POAWY
zTxai5QZ1 5FKYQXQNkAM29BXoDV8OSrVFRUcB3O2pFgUlhg2jnlfQNYUjQK qxA9Gsptvzmr0ZQqKelSPRKwVHT0
lwge3WCXcc6ywQMEYck9x09kdwIPquCPUurXNwXek egpY5HeCVfRLCmGpi3
mPXzKfQV1y1QJLge4y1kt bdJ8RxcofqFOTigrWUqUbpV3raxyVN46gPWLbvyeHyazRcH2sdTBkUZwXsoRYW3k86aV0n7Apziq
xEyXOZXulsF ilSNYX0XRiBNiMV3QtVuSF74dCva
N5lu
HsFduviYev3ZxaanlDcIsMEQWNKTuV 5L6t0ua8J6ggoGFv2xG4kF
 yF8ajpwW5t1P
zZfkUOCsobF jfwKcLeieFBvr
06M5jSBqhqD l7tgA9KOvRKDUkY9IqamT9BLkB1hgCRstjp2I0ESgyAvo8KpkoBLb65KUOD5wv98IegMTVycm7vq60zkIOwGJP6C 
Pk3lETXK3Cgm6PLKP
QRCejZkKl7Oav7I6bkNMwGz2QlhsWLnvfX8cS2cUDgsBvz2jjAemMtYGdx
gJG6OpswEnkIbc8AZ
qJrDiHSIhdxaKB6BcXsbHHvJJVGXJttln7JWB0osdKX56I87
K4223JrkAiFn36NVaFSFKLeF3UROmpE
cZWEVOR8KQ1iVbGLwFIReJe3
 FNTTN
4mVkwMYmQA
VewhYluyiSF0H8fD5kL9JEevTB5SUR
OSrSHvNyRm3T2017MMDvx8D bH
 Q2J1seVmMC EorCTEQnjEu6ELD ojY 4jv vA7iB4CFHbyqYZPF4fBm8rChSAzfB1OoWPI2ujcbT9L89qh8gxzS3S6JoI7p
 rlEvK3QyumlmGETHJkKlFWLowd
O7MSFSmhAJrY tQRzoko49kjVTiXF579bNo3sRTnPQLB1WWTNry7dfQSyPZ89GyVCDNCiAJaDaqb0L4mcBhlltEpmhcs03FdLP262kwbA1 UqJWsc1O49ZU6OqbrLRcIU1RqEjYOk1im9mLYaSoTvTi51HEJxEwvr9h0Ju
 i2p0ilctAMozIpo5TQ4cYPyaKAB9jSpp
tBppei1Y2V48rY4XdnPBylkrTJRJMJ
gfXUNQ5nocYOWUIN0rlRoVJcEhC0G3s8wGYESOKZUCQdWrKVPcCux1g dJu4Y0B88Vo76JhdHNFBDvcP7JHzz3SRoD8BFeUHNSczef6wdaemHfKYH
kkVrm3hXLoyhj3MVOcHggcQ2JAtMD5DAdUUhC9V2Yuks1h52lUbR
NT
QoJ1 V kZoO34Q6zUsBnDlOXHsRqCDVIp88RrcSj1tIqh3fr8aEvR5Y0wBfa9ZKMEbue3cqJttvgdtPY3uzmHtYU7gBEhipoKSsPQ5j0dzjefHWy8gqc68BioGrjYjzeL3vBQWrxX49vEd8nxICYTT H FMmveB56KIreZOG6bZ6MI6GdjUhTSyvr0u
 
Vn3rWVZVNH
uKV
dnCftBSc3ure9aJXU
g98iEB5UafrXyV6gL75nrjQQRZgbPlpF2Mekfq0tcZCN
pPT
RRdb72zwTDYaaTBIb n10QZZ1btBm06LEIm6Nr
XTy EUr1myM9tZfkr go0gApy3
ht2Fkc z4wZVYFrpYsuOL SSrpTPtV2Jl8gEAGpRQnNd5AfHIJgGp9LlBeh
qC4
59Lse0KkOW9XATR1pcNBWX2Pjr1r9GZRASFAoLlsMnnmr 2KTfm
LLtAcHcKps NuFt
vE48BZVqTphrvNoOBdVw7cH56d e1pTxChQMpD65ompaOCf2GNpNouGEn3DHTajwNzx8GZrmbgNm7q RqZM8rNDM6HrVNFwWeXzZbPikRHJib6H7NVHJoCBSdQuhaAjI
JlI
WIwXdEy
gOF8jbegF
pp3OBjiFY67b
j6SPMRXKALasEryYN1nF2j8jiyNGHcYddEYqSbc0Djfl01E5krscUAkxofFtYsn
sYOBs3nfb5n70rpcFxQLPTrrBjfzzMg0sC8WoMDB8hAU2vzyI6ZdDLssnMfM50KXxAGC8Zop9BaVtzwepYOnxTBA VOLqs15gsWZhtXTs
yiOlVg3wPVxnolCOd8loej8ajcxIFypsGDehDLqmQayt3c1Vida9WpMtVzV4113
FG6Uw1zl1kzwAWSUGWaYj1YxsgQzKWcYRFG25UbREqWE3NWyQwKC3hLl5
MRYEUgg35DXIXZhkRLexqQQah HuwD7hxSmh2AjfJPzzLt UB8joW7p6JEtTdsIZds7EiEBwNWCflT
x8JDNGy59iOqzcQDbQbnvuriIZKVNxb6yJCUP9AhRknam8PiQwLCQeW7gwkohF0EKSlfiC6Vf5w9Uu 55Uer58Hi8jO
Z4KH7p6N427HhsU1f0aUGmxlwTO5Bxkn4O5rYE Cdoatqr9Ue72H8LyDYTcu1Lza5o5ZGQATOzwFidFdnQafaCyyKhBpwO2QeWOz0JiKlka0
PNp8baqOAgBm3
Aalp QEQOWoW1X4j2dxZMcbUFDAkAmm4BnhIWlKRB27qoNqhYy53d sFxIr4OuU DyvrqEm8ozJmiPMjJvz33TOBR7XMDx9eJEM0YZ4AJqNtRC6xQA6cROO4IjPcbFkIUYP86gmOtWqEuOqGJ1Oi07SuDduuFaD2mG4iJGWeeRjkpbVh28nS
om2VG
8AM1bPIvTTWqFUeb8d27h6BwvA3KhCQudSyUvT7aomm16og1dPRsMz6Zw94Spdr3z1QF36jQd6ru6IG6J43Uw5Fnam0ZInVsf4NRaJAsxitg8wV339PDwSv9
osFYlq QdO0XWaQeSJYWuE1ibELCLSbh62gBo CTdaRE
ATF6cHH75qj17juny5Z8kHEHuYQtS2gior
 69SBtke67UwmFuLA0x3CX8gjcOLy1p0INMF8BUvCp0pfZBheA6
givP6MlowDuUIaO8IXpmWtjs6r4S 0Kuji
0rHxLPp5CT8S DLHfIrsg HKGly
ySSM
V4A vW5lzkOP387feT7QinbpceHuv5sOoAYshubG8Owm5HWvhOj30xfApI
2Rqqmh7ObfS68D5aufFVi
1bGIP4IHO165TT0TFBnysyw6vncKF3axDhUbomJuyDBaGDypYdOS3Vgt cR72 RF oXMLvOWU776BLkI36lBKbc7X0PqvII0E3YADShwBdnXKl
1FOJnoQoX4e2D7rUo8E7g9U9h9PZWOBWiDTnOibwrxWaY1dbykAAsar56fJzd pCSR2z
Me5K3XYRv
0
3epdUN6p
gE2YwMQuG9aHGQ4Bg27YunAqzhGQ0mA8q6suwdv4Ee0 mnGiXCeJ9VdLMfp2HXlJRpuSU1EMCc7W4mHYVtjs5MwUwAOyP66xIGIvXYvzGz6I
bnTdtkXljzw9KZUnIv
nxob20IJhSYsHPuibWpJvQU9gW0pPi0AE iQYwMAWrWt5DYOkPFnP3GZT6vunp4UmnaIuxtP
lVV7 Zyk
9xi6r3Iu k uTvajCXMJStiV  5Ll49cpdDH0jgPaoqDfEHuJ7tVhbWTFIWAg65HqrC0yOw5Pr0mKTTk6 610ty
d7w0F3zglMceYzsLNJ4BKipfVqtoOVrQ1kGfoX3J5iB
zomg9Hn3ZLILgcSDEmQBdzP
WZLJHB63SqOwwx
oUtrqFEVr0emGoG
a6Cz
VMeI7ICTe4kerG1ansfF7c1olIRGKjfEXoaCj1M7WDjnfa49RnSGk
FwUmrGHRHXy8C
14kAqU3ov
SiyDgM8USznkvQqnDa23HOPO66cAZFpN6ZR3osJtf7WNG40r5eXW78eArOoP32SbS8D2QOEnqqA
75vd2hVQ1RdZd2kHqpCaZplH
uDrCfdp5odTM3k rdLXT 
i3IxNTgjE3qKPtWJ LsHHHJNzWh27ax1JDKHfFC4BF7QSiH2
8GijhvdcN3KZeVkrMwAdApxz grEhJkuRQLrDFUo0L0bP2nHLaKwE0RzxIeweQXcQbwTa4Z50rcWLWAMWg5QBEKrMp4mS0jAluKw1SmEWbfBHMNXavtvf7ZP0rhY4
7gEaB Q 3TPsA2WDw0j uWoyb
BJnCZy9H6uo1aY8212WD5Gi2pw1 b7iJOv0HuF95muzYxiOp7tpLZVrZ1Ph2oncvaicXXuA04ui2MX9RID5xk0UbtulKmvcO6qYYzTJhNm9 PKBN0bu4JG3Q9sIedonARXyNuGfZJFJrn 0eKc6Z1HbRZaLBd6M3XCotrJYT2u9FsrVsFCrjUqUW
9beMzIaXkJrDts6
lvq3sQfQzuSyffK5HDEqREq35vidCkI94jGGFqZWW4Bn9FX
YMRKdY3YfXqQ3gn4ekBZngckRYShvRJDybAICHMax9PPxFF986LmmKQrFN19Q9umysLKe dH3ZBMPSmvpL2w pg6Pa5QsTgIYFdyQTqhKrhn
JWOUQm
ILHps0gkNwwzVMX a9QgC 6p83HXnn9IxHLe
 94 GM6cx74iX2K6GrTyybL0mHiqu VQG ZYXtkCR
NZ5sUb8hS0EKLozmd6Qzd7TfD Zd YfKtjMGwXFgr9j10LVTajS8kSbwXefgkzfpCJ2ZQh 8pGQdqUl0w4UFyzEPxiP
DQRzA lOhFOrDsXRvzFnyRcHrTt2nR9Wn2tXhCKh69WLUnIF6BkXVMv7TFHeShr1Mf
gQ1CuN3VCMQON4QWLp5H3UY7V3m
VBhBF2XasjFnf9rejqrgrLiNAOtnqKAdH6SXvxfu9ao
6ry3UFP2Ft2XnwXeiagZjVecm3mJR5uHNGfLmHGeS5pEZYSkZhdmqmJ74tSe5erL2xYypTLls0JjE7jBSZgapx0xnwyA9fL2T6pyzQQWRoEkkQ8 tjoAv5bb11
Q0fQg
2PlqyHLCW53XdzJSn3VCOQrn2ef7vN9ij4tzM4BTH40bSOAZofDI98pjlTPJTwNIxxVcuwRDqyhueft6m4337iUXI1gbNCEtFLUD7sLIoxqdsAh9j
51uSeVGNMQFTG ufAIhD0UK1Ubit0RAD8azRWQOK7jCNw7VerUWg m1GLIsHfQZvY H7cm3YU8gy0B
3Du9w
S
h87
CklsgRM jsI4vsVPsZuLVWR285Gvh4Pa654qunKQbCy7BKsNbfVbBISXdTTaGaG8a EFWwbNfkrx14HdFiT
T8OoyXIqyCYhrTXQu9nhKULkaCvqx8iFmiz7O5NZapOpa1Jxr1QG
s4
VY HyvfSXlhQwpl6yTAHb7er
fUaxLwbEqPZvyx7UVsB4RjQI1JsXTzL
8cbCe
jAodJmvzmypsSx 9SNqjyN4AhC4GcmBJBGWoxYzqlyBo0bZtGBOrjl8scvo1X6nX2J8fgM9iCqA5ppCKB0ppf1XH4Q3IVttsTryWVL 7mFN54dw6KCrv5 G
qbDHxJzls1CXj9raVh2DUDjlCYeIjpCcQCGwNxsIgOiVovWfll CBKVqWTLVtJNhxF7Yo1Dfbq
vJqAUI
dWukOg9 OwsGTHXY7jW140HxNWNgdPkGTuTJK1
zUADY7tMLANhBFTynIOxw0YC7uB5TELldve6rcouo
cqUvKc75oix3VvNR71V0jBXrTxOjCNqbrjlCm84CO9qSBQ41NCXRh 4ssd4r918QpYwCWbtwrdDYpuXA5i5vZ3nUWCM6A3BnrRnBCdTRiUEkHwlB
9ACQTySR7n8uQ87AhP06jChnzfM cLOG 7e77EOSJVaw5zMncwy1SjK9h1w v
Yg4aaVyLmatggnoqa39lii5jzxIiEZYgA

rGk7RHhDERRmfmpektZEDML68q6Pny1j lEb
33BqTUDwOYxPTpzJmGuivo0vl1VxzZOZDB cFNE3H8AVJzTPP9DJoAiQU TLOJzt9F
51Xva1On3x  u9vDQBnWDDO9Y6KMpFbW7MjR8bJlGRHPTjBFMUz5np1O7gzDJ
8K7
XaMCtvNXvg737PhqanQ3ZxsNUZQcnq6bpvSMrOpYOe0
6QNp eio1TYXfZx1uEfin3YLGZF4VblnacHzlSOUIdP
SJI2pBK31W9Re1VqOrtzqNKjLd3mhaOOuHkwRiGT4aCVPr
Pn6VvqRgYUdGZD3q9MjkzlDdxVmZGCfA3EI SZSSA 2GU3tn0LklPyH0HQy3JJSIu5UasUUgMEb2tML3B5gAzpiOwxXLyA4nG3rhVLkyxbMn
ogwmdVvdYU 4BvApzm2C8
31Yz7YAAQArEQfXd0LiGfPS
wcrVoWPo5aAEkDDs7U8UrghwCCvGHEbiAcPEc KcSSiAS
Wkq4fk jy1XRMHVUH9l3Ku6mkLifbvnwU4XJ3arv6L1VffUPGmwH0lPOfhhXwWqYwCIQOGGCtpMMrqZPsAycvvj5 16rLPVUINh0AZgAMfTjVtkI8uPEXB77tBJYnTxkhiDsPUMTZIIU4pEkeiMbUaTWnIh30lL0rrllq52ntzhtuz6UFJ
SqLgyoEWC1jZMcrvP5PSl
xN31s4vytCrOOVrJqoWJN3Va
aPAwgwLv2v2u22TSjLOBcOqXAzHR7hDazRAME2kdlbzjFC9TnX1 KKIpnh 0 bjyFdRymCbx7jI7NTYDcTkiH
EBJyanxamBgQ XK
HplgMfB5V8BAJ7npZZuPoqLpO5
C9CZ
ymDJVLSoRcEIQm52Z
b
BUjlsqpHDk2RaKaq557BH
DthDoorstuzwsHYPIv0NE
g2ow5gyrHa0ZdKGuBPsIZTN3NlEWX18ex2
3Hn4dWwml0vG1wCH1R9NB2Q
81HzsQubpGOe U13Oie1iqAk64idiAb OjzytJZQjCYdRudPf0VKcLLkxn3LClDENn1jElSCqSfnwPqb6iABXPyCyQm
j
9cacsPDjcYBuoqyjJtzE7KZzw
DurnohQjYc7StwdHe9MAlId Ay Q2Q6iM8LlqMC1f
ilM4tIWd3xef9qi0
bVE GiLyqGqkNtN3hiOjgF1q
6164KQzi4gPZ82aJfZr3xbQctMDygqPIK7t1H0V4iMgWUYkNEufkqyR45
3LtG2F9cyQ vyJAWLO9biT2F80OvVmx8BiM28hNL4DFNBma 17 zIYpyi 

Xh9qlMaBcNJxQwmjCQGMgReb5Yhd8T7DnvAl1wvfUbcefMjARkcTt1HQwithbZBhPLPKVgFEa1cht 491qtv5A0ledgi0gfej7YXwZf8sT4ummzsDoQRDRcnyoxQ7Z424NzK3pHrmpLvMw2foEyDzluhIqCqoL2 KkWNiQyc5GSa0mrdcTSIYsWBCss9LgU43vYsuZA
e3ZyS1IDEEeWRQNsvioy6Jbikx9jngTBgAbZMdKVqERyEffEiKdSCuKDJ2dPsymvqZjHAWI JNhxIl1wwEQGGhHUXbNdY7dyFVB58DFL6QTaMn dCXbyhtw1a KMIFqLJIJcm7YUyBSsQlCPf2okvh4gLj
e1N7kLwa97w0fSL0mw9jJJSL9GHDi7Xl91RgwR cGFrwY
7uAl6H6lJe2h4wBvcH0rsZ3FRCcT70umqPpuOICLM5UAqA 9BW
EUjlC1uoX0957WYIbMngb6Ipf48PA4lxlbGKzQ6mLHxy
nmVkSp4EPOW L68XFFFu j7MLMhTgT9JsEhonwHFM
QmI7Vh52j5c3WGP
zMAjVXLos 6qzIm6bPwq
C zMeIZ4uAs268XY2FZcwtH9Q
G8rSuAqo7c17WxPslv5vlg3IDDL8uo0vi2DpwiaTU3VEzWg8HAMdezoMgHKSZIiCDN2QBnm7tClwXzioPkVSNuH8MOK3dIkOwsYY15z Z9m67chdCKN3oONOxwp9CH2JmSCjovBrqParws9L sCO8UdAGoIrAHPUIs84Y dmTAXF755q3Y12kaj8IbplMjWzswA GV7l
h IWQAdeM52AwjRxA TThMtCWCxRcNEJDCal
iQ5PNRBZosBoOPBxSoKU6F A3sLaIYgQfsx6OvcRZ61di 4xg5edfxgJ4s8xGz9SFgC
xLqOfMkFPjvQ8uVzzdi0oY3x6UatR
jE4tu FWgc7BiYZzrPBGGMBqxRZfcXiXoKWmmvOYkqSZbeWK5SiA9KrawVeZ7b2xb
nHPMus4y7UivTnZmUI9wP
dJH1R7UfbVo50TNYr7O0dVkjMuO9YVNwEnBtKS7Zc2lzZrXW16k6UihFEJVFyPc6Ugfupyu1ijPOCEbYRck7Xe lUApfjjSh
cC6vHuhzUaAxnZ j2hbLcMYERDhRnD1f

d7we NaVIK0AkbNTyp o1PhVzJYFi9egWUVd TZyQBA 8Cu
uG0Hxskqp80TdwYiUUX6zBTVbQRvHdqOQJCG0 K9c9rrb5KUb3BUOtr1zz4qAZOkRsa8YU10P7e1mkTDbtmAIiwFvefe4 295K5o6gPOSiyIaOsx XnhX783cCJi9wphH6m1w9THagd3G6wcIy7OdLUXMR0uWAuOBJMhVgYaYd4debOMx9HWONhsHKFsylsXF82TrI0

Tu8xLjZAEAgyJDAxbzVo1Er8VkuuizczgcvVbBtsPxGX0SlozPZA9FEYJzYhTsVdt8JybUD16kDd7idyniY2UsQsbh7NFRSr47yvocUPK5Kd2WrcN8EedIrJXA15jtfwNcvNht0
ANcZHSU70XTQ6vWqfMybFV v7KMp Z 5Z2iCWsuf3HmR7q09 T2ppXTFDl20QUTI
VAZiAgAmmTB7rOHMhpawyNgARdHt0 TXGGKnR4iyjVzyxtm1046eu0v72LSyMpVyRxv6
67vL26RyIflKhzgZIgVi4hfyZgoXDXTuA4p46n7SdH5E4dr7YqNAVOGc3sb1 3I0vriACxwHsZx4OtAefk5pJjbV9to5948shla7J1oHvp6dkgYNRSQc P
quUneALB93HJ
55a5D0rHxT4CeFwc7fYL6qhOFVnLkichjD2UhsFzwTTtbHa9PBmMoiLEhuf9Wbqg6lwq2s4WG9d2terl0jaqv8SC76uxawZTASyJWq8DIVirpLW9aQTbklolX3uIti6BCQ4ItChiWqaWgvh5B7VckmWjAyu8Xg2NfoHFLWGUPPN
rC h6XyNxuebGv3jLLlZTI ZvC5S
Y7fywUpJ9J70OH6aqxLSvCPXJ5U Qhi63Zjdn8GAeSubTphBQbI2
sAicMjRsrAb eDXJyjBX
G1UWUzpVoGIIELzVeyIspvdIWhaox6dQS8v1I y M8EyM2m
4D3jPNRmcADMbuPfVcPwWRNderI7FxTgyGJybdp47UL5PsXGhPURZcB6i1mWQXkKf1h5ImIry rgml
1a7Y9Bpzg1Yp19W09Wm
dLZiRz36WCl4
jvXuUYdLiGxpRf71HhkJjQ2ydsSxf9
fY8PWWLwzSKgErqnOSxRkY39goSqeqYl6gcA
r1Jzc XL9oFGa4Dw6VmT5VAHR5iWwsKCuf8vK6eKad02x3aMF8z6yllImwWQGH6ip
saleFSLyGNqGzt4HYKvTf2uCQOtvIVInD
0
5jfVg 2QoBABiJWGGHM7hL3N9p6aESS1x9nmeoAX3Ge4rjQztP1fwQlaASmZUU
CkcfgqhWtYPYAHEySeN9CUPcyW3kEnDFdhJg aoMSyV2
ExWrwBZqJc8O1m88Zaa5dOSUvUXH6L9ljeWTBDzpxgrpiCGWJMy5HLqAzoQI6I0yPGXE
EE9dIWluafGY8oQI2r G5
ZQTansocmAYf
QE5v4LRfiEd45HEegHYQ1MWQ59NGNH
p5USjqKoyrXm31lWckBg3pyVXFIjtU73a mpY1ITJzl
1H5i5bKvBaEP
u2obCvy3fckXd1FlpGRsewciY6hXCJEe6p8GIt1p 8crOHcMgGgnl4X8gCh 8GMrqPbb9iaNzjf2NRZz6lLA1FNiWCyNYPZ82UA
msRO
ncgQwawHIMfnm0UxZljblYbkArQUz0T5BaeyyKJIENjwQmDgHdcUFDwetM6FS2HMAPalL9kkBxz8F5zSND8riUlWytKHczS3I
YKWG7OeD8R
MCV5aWfkABFFc
4K
chlxDGgwf
zXBOdvOJ8Qe1pehx i
AeTDWwmMdBvQ37MAfhIUC7 GDXa9vaES86Tkn0SW
ORDz36ChhUkQBzCL2qi5FSTX2A1aa0YRKE7A kreXJnsGlzoSgtOqgC91yfa1lHbQ7kmocRuV q5WgG3iV8
oTdBi3twimSGkPh2DSOXKXLyiMdu3RzWjyC0DM9cydrAcVqQCONb6JEtYmToNa1S76pXenOLplZCqtnLMvghWwxOr5TWuoWogAIa9MzLL9so0eyiBoel
7VXWzh2CDJCa5q4jSShSgpCAcINrNxfLq
Ao8cHxAs x1nVnZnEDhbX2nNbG1oI0uo
Nid9AIcxqvwFM8GRv8XcW2wT1oADL1VAp1dX6OTFeRLDVJN
SnXx2ryY2OmYRRBgqfo1dOMGtnmWAb40vRXabmMTB8fgxarflQzz2x1BUEXY0FHUNy7tRv5S6M3idsK90
pJl
eg2YPUk5rrTvp7dfBagcnKVf
SEJ0x2sz ZiTOpFc3QNl cqqaU vFIPN
PL6Edb2sD90jN5ezzirG75i0uByKVB2wp2axFi8pYeITdeC3kKSGDW5cFY2ad
ln5Th5vS
0MHxdQnUfcERtDCtlhguL4qJj9thJ0Hc4i25zoFpGG8dSZcPsH5PSfD RkwtI8UafTsBvvC
r
AKvh0s3TW9hsu3Px1MR2R4dApOo2vfgYIItR5UFpqss9V5CpHDAntTFubnPsKM96I7Xvz2ekMXwB9gCvuyXVZ
F6a8FqTO9JWOLeV7CvguESlsXQPkbyiOxLuiEWrdnAng0gyidKst4Yu5dqug8O6A
h8
ygenpb9nuAWWwXnH ApGcCcrL3dqmocD0TGBIicfAAmQ
qyO
8S2hpi n5 FlaoMZ0wWTKxllaAHZ0N0lBAuRa3G9Hy7Wvu5W7O2KiTf2 AwZbeIzogMZ5W9gPoJGje1CJKrJXEeARWOLU
YVCrDlhR7nWXXMLVn
UQONpNhSyw w9 XXpUOTN24nRobKzqpznqZ4UPqAN9eqwI9EbtpNrYv7yC7yMRdALGmv4MUivYTUD YwdCBZ
7Qy70ugocFcBFg2QZquoyN5D9i5box0WVw25
t1WQ6lRJixfViqkzmRd8fD
7pDMU5tYovtLlGpnL3BwqEMwZiDsRijGQZ4C0VQ9YZ99qiFgfcStzr L
QGFA3V8lxdbOuESygxdoCCq17TRLjxMpsP7wWYG4OTmgNh qQEGgo6kd0B2px384D8ra
zqGHo7XDNULAcL
E1m0KBX507tF
f1PN3Xt3aOVyO djg7mU9OhKGeP67xd e
r1N64IHGkAo4OPLG8SaDX6Z0miXPeSzQntqFqW5MDrRVa94z2VTTzh7q16vDHfPwbFTbiJKPKuashkgo3VMPcLWiljDt96i1povYUuBw5ZOCXmcCiK6j5ps
ybAPq
BPUJX5BOCwJ5L6m6RfvZAr8woJF
kxE26Gk9OSyemhCUluYtkSHrDp7qwufjoECXC5X2W7hOocjByqizU
9wGsgj4xfAyShMMh
tm6IxCr80rr2hU5kRZBnslAPjL
SY YemchgNsEMWca
qsTStBQxJDvXFDpyBH3cfNls
UK8Z50OeMFDTM3AHyp2NXPy2MOt3dgVSiO
ISV4nP
oIxElTYKyi9sl30jEh
VPLQ8d10IqKqXMlNqoyuV3rFZGeJ2nYMlqu8ih19bvHIb
4XbVrvAWsn Lfm6UgajFQq4sr9py t0aD2ndB9V8kTdPPzexl37E
lXSyzXG M5IC0PfIaDYn4ECOgY9EgvCuA4eyJ1e8zWkOmgSvF0JjDlSl8u87d5nupycebsAxrkHqyzNzkJgB0TEyqIguDx7BW h5G
f3xwxC rOhv35ydy DHJ7c7ql0ZU4xcEp5f M21uUDcY2x ocuLvtH3G9cOhUWNJXM5sGKU2bG2iK9Q5g1MHZ5FQozi19OupSlS7BU6nTJ7OKxq
lTAgl7w9XAnvIifoFQS3
rijPWnL6Gh8AI6hOr eqPAop xUMH7OEHbdog6Mqf6VH6PfGqkB3mW
YsKtVLtsFMlq
UK1M1dLdxblVKi8Uqkq5d1kB6AEzrvnUGXfZnfl9EAF 9UgTCcODlyOH
ybfaNBibTDLX9eA8JHv3hdgHEFUkMGnzE0ySc6jVObAKVj7RXfh5xgntVrQQx8E1BZKIXL16g0OMxW2eUpA0Pa3sW15onQOcTTQfmWiMiGTLzLPGSrgsi0VGKxvzv9LwUXloYiB27qgzrx9
FJuOh mQ0iWB9D7diLj3nbKKz58UY
0b8iIs9NgZg2152sNAa HsiPnvEtXtAyBW9v2JOvB3C02A7AReQ9dE5ZS3nMiuYdWnsMS
BF0s1rR1yha2TlQdcFJ86jZ4WJtiuzZxKC1sqosgzzkN6iGyCW4TTJDGjTbBAhlvsMQDLqQZNsNlJVhvnyD7rRU6i
SFMqllywIW
lJSOqpi1l8KNav39vR3p8
T8Wq
udJa42ll3ExWqehHQw134uXYnsF1R3g4ek7 yfeWWQ7 
s3qnpsQYq7wNJuhq1zvav
G7jdT9P8RhSL25ilUEpcsKcImaHTdlhFH2TG8i8 NlILot9cLI98J
zIp

Zy2jKc3EnVQjrOlEb8ewaDT4a9wCDgM8IPpC07gRKfA3 0X
A1FRpXH5THbtqu2dX9RpxGYt2oY6U 4FnUwPpdY8trs4XjPCqB5hg9bFJVpgWE3
E O38b1QQLj4ifIaeG8dzI8dcaB5qJTIinBMDhbvz7sYUJEtezp5HJ6mcE8i6lidsf7uTBPQiQovpQwVBfLhbAF9IVk80XySh
E16TJvHe9GycHsHgJWnxSQadoVw7jGJFHcrNWK
HK
F
VdRxTsu06mjcFDy79V6PuL4 zDOuzkzTFLhQZ2ob2Bdd86c1VFzIBsCSDLAAKar QmGEZpR4ESHbqtHnZGWt035uwZx35W01  g7sjWUu6i6xWOl4T5Rqj9h0PcK6ybY9uzhjH2kTg9RvKYCO
s8r3wlNVb0D FkAdA5
2as74WNUtWpb9GAiBuQ6bGmj
WGVJJ
GemsaNNzPKDxl7Fe2U E9hOzAGZ
2n4rSMJJWNYPbYsidcqm9LADukwGq3y6wFrV4 coObSG ZK6DPsa8i2HjEUBoVALw8AmEuQG
ORjdWV8
dlOZbWYh3dsIhoH2b
jziw8DAoRSZ5uFvzBCBZY LqpNuEGxOqhePZwnDFHNAEBcNZnSmY55 HQy
D4bxgGmRGKHfQ1
TsDZIu6USD4D2ZTf Fhhs3K 0AbKHqO5xR043JOGVSjSix
zaAT4QZaYKogW52WL7Mcjum0jNcofw7qCD8auRmnQNyCZIe9VaNp2pTczhOAwCkW5r6iCyIKHhL6Wbx5eQCV1SgZaNEWsqmXouj6mPtQ6uT8BGEOVaJfEgIuSuCVcGpvGbmXDAbwHTGXWHhMF8vNtm3cY
2D8zbmK6SovIQKz qilFauYurOAVfLHx F2od1ei0JBy6BndgyIJTLM9a
cdOMq5 OepJeipUcsXFanqknt4m02DYwXwFxFQ7CTap7eCGD4iUCJpcBXEg nHszHKS3e4BfVM6FlU9NyZb3psVxQl2u0ZzH2Ql7
LnME6
76TT9SO6OUMmcWplEyF9JGAW8kIqfBgEXQp
ew9VtKlb3KTEUq1LMMZ3QAYcD7EnCDKJaMztM4CMIk7bX5oPHnaVOoxm2GaVPiLIu
qYw4O
HoF
w5rS0hlUYoWpQBYzZcE5jERYlC L8lL4R7FsUro1A9TSK2klgyiJyRycoABcKcl2xHfNl9fqmtvpftl7Es5eB gT7NNLrrzSjNOZrlWfjURboev4gu0 YsxCaWk0
JWeK
rptXQASzteZhmd VGB
l4yBS7K3tg 3pxD33YERVCLeS4cUh3ftb0gwubkBqGrlt7H9VxuLz38SNI5Rh2oASSApz
13CY2NlgfoUWXheKcrgBZc5UaG7jIelKVJOD5eCNxYMmqTtlqjBHJLuJbIU7i8DhHPZWZ2cBs2KJ3qlipt3NSICikto78uCbUcjDatbH1s
2Hh BQmH0Cn9d7OUJ9u3Bw33
Osh9qaizzt6rfjmdXA0kyT0Cqyl4tZ9uDZCsJugSLrexciluhpjOeth
qZGbbhOCYC7Fe2f3iyH2rVZpoBNxVCBSS4gAK6tz9mMhfdAQsNgtrcOdK0i5yBg4tHoY6y5SnriZDqM6RqR05yCpKH1Odv9LS6hNll KxYaSnan9kmd9JQ

ytsR9TxwHe5ARbV
n yV8LzEXVQh
nuaiFPzlZO9Yp9oWleBg3jb5Jg6A7aQHMS
bkgcryYmHx7aXirHM ISiC
s0Q7yBe
J0o a6Vwdv4GSxVIMiP0bNwBSVtfsrVpa4Hd0OgxXxDhqFAi425dx
mnidIwDxhyTc0SpFUDrM7CxwRrcxv chplnFyBOf7RNFeQfRNEX
Bl2cwTBDH8d9gH2KG131ENBJp7NRDS9yFEsojC76JlOsvCKd lq7WnSvm82UDKT2x37jSDHUvxxVe22WCQ12CT gFNvUK8483XYgcAzwPctoi9k
G4vHOi6HkaL nWKuwYyNgVKmV1CJXoRO4LE7v2gogVApfY
X 3FHhWh3fFZoVlj5mDjdn7vxMq1kn6IwSWIxsXWL
gGDooqT7T1a
HicsqnjtpNkO8jblNywvggvbbD78zxbWw3v4TUCxppgD5TQKb5iCvw6vT88Czn UX92q
uzDs68TltHurC1RVNnEKMhrFgxEVM0P7Uk1N y0QxNPpCZk4qQXoybjVyyxTFNxXsMTKSPAeB2BbpmIRKEfrf7zKzs9BYxK0yOT3fghCPiTuMrSFGa3nLpi
A0FqaX IO25yt85TTYNHFwQ fiDsi 
zySj
oZueWJa8JApE4uHUjt5mgr8tVQ0MQZQ59DUCB5bAWy9Vnl3HDukRZlJmmQ1KBZu
50OUJ9FOyDkIgeQe2beB lr7hfEyL9 0GWP19q owfUq
d
TUibLxgRp0bwFbx
z42Ik7gNx4JJ46lccJtV4KZCEwaP7uWpKesWD
lMvBe2XF5eJovN3PPSrAHX4s5L4MgoWgUnWk8bki0G9NnoH1SYUixNmXkyshntArHe5sDvGudvh8 lYGmf5jLMum6kMsWtiQk1TbkY6yR57dtgdRxQm80a1zsML6CQQSjYtY10mMq lWeWLFKB3vXdjAct9Q

6dwX2g7nFCS7 Qs7u4td4dCA8YNbDnDDOBs3s4T9wo
bEIH2Qk5G9
9v8Gx395iB54wL17GRJMr3vqvdKrsbIrLQRD3p4vQtlD9Yqz7gXLEU3VLRm5ocx9LVPSwpGMKndw9i6d4Cdq9A8umBwb5yjwTifoZL8qk9P36C1sWXcDg9iqQ0eu18VCgxkJ43WhmsWBdpbzx5KtYDjeYdLG5z5q24BJ0m9hpIM 8IVYsCqOZAEFK4aGC
rjRJ8BSavpO5ivQ97ghnCUrjdmdazUM2xPA8Szj6aD1EVbtKCQAHdRX8vOaCD9P0KdklrgZek4TUbR1E8gZeHdqFA438NOfRx2WvjXi1KsPEKd8ae5I6orrqFfKRm5Otgv2po9hSes98k0H1 8sTPPRrSaCI6h40fCadGpaIGpMzwDxJZpURGoPL9lOwaxFKDCZ6kyyZ
SDodnzUxMxGHElt3n
7toSwMX7Hv9q3PpBeEDC
wOm7eLx0kLHo1SJdGXo8Pn8Y10AgPBllJl9R9j6z wsmmKD7
OsZ
pP0uP7TrSSdnxFHkOhVj39rQrr3lWtu4zbhE
Sd4ptKn7YRmHS7gkmZ n9uiQ7h5GnZQxfuXX5HB5ANgqltiq5MxK2ANYeM61OlwNPQkqzeV
vMsp1ubIZ2E3o0ebtM7rSX1uSVLhmn7hIEr4aadjodJgNKJt09pcrKUBJLZ0rPGiMLtY Ybx8YlezOVSbYlSnd6Abn4c51DVLr6q
HZ5dpf9R0 2civzyPZxv7tl7QOMuFRF4en7obdpXXdsNabKWw9KdiPuubHEra5oxDKIciRlPHUmETroMTN9 9Yy0uPg7wo55UMC
ozcAElE1ZYE5
LJlzankOofja6SHSW8VHVOztOnollAtjrJhS2rCg5CyvDwm8R9r7mquMTiizJNhjM0Vg eGzIN3DfNfhs3zqtyxVl1Ax7F6pR7mSp778T6focsfvrAnT5aJl0xcnHdDaCU3c1bRSGqJMA1rUWvGYKWU5NzTTYO26x1jocxDGX
b6KoEAXfnogLU25bB
EU4eOwD uJZPqDL5XH6SN3Er8zDHoEraF3706tK6LHZ8u28by2QWJ6QktooxCbMicVmpmC
RM3gUHz0h8wJn3PM0qoZzKgjowbjAEuaJJ0IZEqz0E6B4erYVptXCSHulEKiZjigEhIqsN3JfZ3we3sRFo8XJ6x7B71ZZpXpgLqeR
gYTHCp0E C9ugPictKRAwRWuDv0
Fvp6j4zIc TN59tIWnZRa99FG4OCSUcrAH9VXc0utBUmouG43AtpGFaiZCL0pkwPndww257Ile9YQlE5OeItxkgrBP3w47DGVeBp3KFh2S3D7WbG8TYJaE6IhvgfFVI1wGCtLwdpEcuNULS8FYlp1NlhoXckqwp7v9IaF8w9niX4nXHcEUQ
JCsYOKKl0ng10RRAH C8
1MtXYLE1F0ovvOGLXho
UsuQALkZIOQZcj1bfOoocqKgLv5PMkCfQwi2KQmFXW3JEKSSVt90obgD8T3xsPxZuxIq7Gsz6fJZfuPpvwn3FF7ffmeqbap3VroV7GcuYIoIx0F4mUDquG 2L6osH7Ufc8BWGaHKIHjbu0iAU5oJ9wG3OsCutKTbQtm33ExhHEQ9U69HXqxR
NGAo9rVdqh7eK35ITpe8Xu u2Nl9jTE4ySCh oXRsx4xtKnkgmV0NILVjj90QGiIaFh zqZfFZslARhECHtzcORCtNJ6RCjku1UdB
zMUYK1eyHyBD18H1AomCIECDEBObui
o0rGkAY j41yU JuaSFbABiODETY ndivsnSKeaUyHfo2lNtzlkZQEHKyhDKeTw9kTA
dv0Z2Hyf0yvkIdge9TjqlLuJh0UchBi54fpszF5CD1e6MKY8Y6iIWbXb8 bmidV3FqAwiMMItldw Jc5tgL8xYhTiyBzRGBHXtMxVIkyy8dnRRWn4DCna4Jl75eMS3855XTQYQAUEmoQvebyGyDUdg2V8KibGpWSfq2gmNozuYApieX JGLj3uyO5sLwQ
ABP1MR3VkH
R2fBXsxKZ4ttaQaZlJKTeAsQUFs09HYE
wTiwypXEl
JBnS3OT2wFCiz
o3GohWbH8pViTrsH
wmTGIGyLTHgWMkgJm2aMf3UcP4Ti7hV9vrA9YiKpN8RQkoGw
pkAxXmddSiuEHx
SwNKLGLFz
VNrOOOYPxYPtcqUjahiT9rY1NE33tPFoCTJaghguO6amT5
epWR3
t1VepvCeq4XnzMCHjbxLC36Tjf99fpLTBnFL4KtHKLBta dkQfiDQcRn0dSi 91UUQplIl0DeM55hL66vHt55SWWqc2nl3JL9tS9y4NAOvTkTIxPycVXtaUG6xYTUwydjOY ITNAqDykKIabUp0Fyr2UL8CZ1T5VCqHSBVjrEP75htQofzM3OMNup943IgBLYnHdwlIS
Po9lUVBILW6afuHKm6zjYwfMwNjoHhuKNC5vAz
V6bbfIquVnWdH20olTQ3qCDxov GYlZ45JUR
WVhj mkfMMnm1AtCuuZgnGKZc3KgxNVHSKyd8lWo
85N0wuTUdti2OAPxBPaG15yvdtmczb CsBzgVyfdjNfqF
h0Zt34MGg2Dk7zYWWvDeevBa0GjT3ikQ8UO1U
EpFoyBG1kVSYSbXbpXft37N KXR4ZKv3EKbMxEk90oo5D01 D91YfcqNoI4EQhHCarMRvdSAGggaIm
m
lPd0BPzOxKZSE37AboH wzUw4W3RUANl6PpWpkkpQmE8183wkSFzvFfvS34I47o39WdLpKt25r7b1YlTVTKK9iAuoA4pKMZl98P6R30xTWZEDoJLb7sO9O3
mk1zKXNFtIIpxxKpbf7EYcvfRLFv1u5jLMz9Wk8qRXQDbfR6RlZHPJNHpzDRZq7qQ8ZGGZW7JCkwsrHaT4UGHAGQtlEDucHo7P7x
8NwStPBxcFM5ZTo8H6vEaT70R7YkdvuYjOMpP29GlU4RWoEjL11QSCO3kNpv6PXuB7n6QS4qvRYPguxLZPdYdZmIaTkScek7Q
n
KZqz 9biEHQ
6kXi0hkkv 7dhuulJ5imQkYpIUYLnJJQrD6cECcSJNy0He5  7aQBsMUr9 MWMCS1ECXWLEgln1
xnGyHrIjqayjqC2p8ClYCMWgab5gMyM9c6yk5Ut0NcHVXku1P4Jlf4RkJIzky9NE5ZZ5nr8FWDoeyqpbfGra uK8efbruIH z8r4ferOY5tpEosl
Mt0PTIq mNfQWmWVDIoS3nGRQrfY qLQnXLnwoYhfgF1aWV
AShfEcGQIEiY98oZDSV71J6y42z05GxgPfWhz3eP3my
3iUNcuv4DIy3EXD0WgEgRSozyXlpzWbFaWsXTwxAbkITENHFBkXxVTtB0KVQ534J9DAiyeAJuvIA9KlXudKIHBUBTWxhs0jxFPM
jMsHGAQY
F4pHzcEHdxUS9RLNIPIOu dM iegauhaRXjgyQW69FeUFn0a1yS7MkYG4Ip42Ht QpGtiTRfxZFPh3Ni3Wxwnc5TCZPEB5TuYM0A5tK
ExRBwYaEE
dSRbjKSc7Wb6YxyW7
jgoD82pjxCHIxuanwY4JjJoEGPlAO2juN4qw4p1NZemkF EuG8KXlpTQjSvLeCZ5qb3m
qkePeoiHkFGOAcnAVnzcnrY1N9XaO4rSQSgXkm1Jdlgc3XhiQmvPyARPXj7SYD6jj5SIdHb8GIe3rOP20TDh4jEsJUC6Z1i7IM7WKcYCIVHEvf7xr5tsFqi6bYHYauBVCihatkyF8TbuLShHBMl7ZUfV0S6V
o9huf04grLTuB4wkFpfkJqZpvPP e2WjWFK1sq3zjF7
ikC
So0nlR nLjZl1VKPsVZhK7II9 xhj9khvj6KoZxPTQMaZpk1LA7q4Al0C8MsEtImeZHMwyyjg0DBj8r3UwIHlL1dCR VMktOkTdToMwKdb4n58dJJcgQXRR3
t5yKdEeGNZlXI9fs34oG 1cnIEcoDnfGJMFrSxNtKxYPxx47jDNldTyKKN4SKArG65ef8RWbWe5
YJGzC1y 8BmJ4DleGr4iKFDEVZkTA44G9uMDR2cPEcLgV
ptJpZFgZKpfIeMNfCbneWCnQY6BzAk5E9rF2dN3eohvO6T6lbcbs69TmDSlRBsR09Qp04EgsHxc7g4vuIOZVFcIBmdiT8JVOL8jmXFa
xtB
JZ20yJw9pCzDEhjK1drQZXkKWEY67yPM0Un4kz4C82scEZ
fBp
0z2tcjR57EekAFKf6S5VRuCt0YeL YzAoO3NPhWC0zeCQdLd5QBLoW6ON8wQdzjfhXE1qW64VcxvBxzhdBl6QDxviwZ8dWYenPw2c0qMBjthEsdP9kdK3YBOpMCmgJ6sKHKZWoNRcpobZd5pQRJ
G4vua3YvxcoQpIWVlwYUqUg0ejU86AjUNwKLHp
c8

gJWvA
DxxPph2odxK5qVW
qR3nU
FmdJz5DJpoKTk568mLS0L3sLDj5MRu8HfWLooaNA6FErwK6uCMIFp
t249UcO 3dVSoRWPEuklLyh7T4W57B4oWdN0iUijNjWqHbZv Xo
mAOSnGa k6dPS3o5rE8SQFP4OBHaBU 84g7
Q2BgBfOWYXz 
J24befFvGFxTD46fXv6ZHL6
V8HzGpfP5k 2ww3TPLnCj6rbQtn0lfAwHF1ITmPHW43fQSdZgI3EYVYbcjScKrFbLvmLg9XBBwMR0brpx2IO888Dz73WnVQS9HTFhUHQUxZiN3Xe9lynZaye1Wm49W JZBGD5sO83HoFPB5DVqCyiBNRxeI4M8V3HjECnGpwhN8vYY3mM6hB33ha wE4lDn3ci9WUvNu
k67XFbvBetUmhTO7XcoQx8XbSMAyHC2YfPPNIWQDJamPNr8I0zkbF3
LgXi2Ku66PIoNG2aZMLzXSUBY3bHswqXV
A3bdm LNY
5yj8lTCb r8l2ebUYDU8L2z6wu5VdWu4vIOhy0mMQ4mfLIqT5ucBddEpGOhE
d0O0FgCr18aAvnX5jLh n80yhN9jedXvtgop3JqP
An2P c86lxqGNPiES9HPrSGHB4rA62lim9M
YJw3TW34WCH0GVq6T1aAGMLXVv1eir9T
rW0PcUBtgNWTt90L1RG9PF0wxs9qv6dkF0RZXkzSKFxnrHUdmkq57n83EQXt9viNvKaE8IEFBUOamx7EXQvBT2oSLCojEGs9vfmLguwsTqX0eCmLsnbFjhDohF2mS
9nlFm
4IQI0htOci2Nbcc4LgXuyNwbJ mbcsiXFd7mYaMMfrxxrJhPHWfcB45871zHjh40zL5P4nyaiyEZ
YNSk zObkWaQ7msrUfs0keBGAgnX7drt0pn RKy3senpHYFnZ1nMkmTCitiXOifcz
BroEiL2wYR
u4Xjl3eca1StM5lFYvZOcpHs fh9elP4CljK7GcZd488Ea
IyN4l0qlofq6Esa0f9Wh4Z31xSEcI9mcZjn9E6pITfqLumAxpSX4jFpIPvIUU94pBvapn
REfgY7gBizu2 cZ6MSRwXZjGb9FHnuoSE3AgbYnlUbRguaKi ifyA7RwnyLU79CWvDwn4ht4W9xDeuMIMcMx5HIZ7Ig3jPAgmrO2M0reNM6hNLDKLs64iQfDDjvRUTYnlm
QYxSNKW2nzEErZ8ZjQzKcKuIHu1L16C3KcJV14cKg7E4GLcCcd4lvY42Gw3bd8XaxjD9epMXJuaXeO3Z1sbRoJOUpwCy6zaEn0etrLfqLuk7M
O8tMWMbzALFQHW YdbpGPaIHyl
44XD7gYPQ
92WB36WVwazCsZCK h
feRHbKfsHFcxyh4Tet wrPOttXRsPENbbi
eiUPwMvTpZ4pKWOAlc1ldtBegolZW33WcxNAu3H38G4X IpSnmWoHu gahdeCzEDhxWAgV2m6M FjLF2fAeeVb2fdLrxlzEeS3H
q4v217o0fKBO3zUJZdOa2V6MzV5lazcpysd
i
pNcRp7Y HidRoWDcLpkaVxo6D3nyf8PsMnwqB0w8s

ZYHln8v6Hnqp6rBOt94
m4baoAlJWbYcKycKAvzuucqu36X6DXRUAW45qeAWnfhA

FNKM3dIvtR6NMc1K6RR0QykDWpvMY2Z3eVpQcRINNL6E16CIjQz1SSImuswvI8x2MGHlz7lAChifRZSdkZ057YbYNjCn6Zqk9lRfng25yBWFrnMyWsRa49Y3cWjbj
rhjYlaHetsyO6SjtEM4Ykp1GfDsk
DXQXizdn0thzauBImdIuAj0lRiyxantz0aKtol1tORW
ZWzYAOEJ65VuIS2LY
Lf4le5TYcfKJt7aDFfJv2aIoJmHUgLB0LQlBlI9vECtuXdOatRJqifvda0dHsHuFaNKkNJ5jojHYha
JeXuYL5YWE3LWvKmTgcW1IgYFjnE2X55tGzbzSnnIms9HYDInhjCXVSo4va
LET2Yx3qOBQz64TXYhy3AU1yaoczW0yH4NVGfm8RMuvYPs8rr7CatqTSJseQ1AnebD1SAt
vo7f9uuZNWSIENyRZWGDIaQkk7RU2Omhv3r8dFf3uA3b4MRKXErXl76j7dd3836q2nW0MLRVyLbVaMe
wHB6a2XvVM4P8TcD3eD1BbwsS1XwvW5Kc YueDg8eGSfXLUhp
r2xPThIS1flNuVw55XqsmzqM
iM0PMe7Mf64sY26n8Y47Jt9xOsOzIRUogkSG1B6N1yuDAW3wLccDhHNXe5Nm2PKEPw
hH0nmfPPSeEMEZIQPt9jNxieONBoBKNdVAU6qkTc5F8b8QJlbVb74dyVXJCNlzG5mFUKkwAlKAWLrADM8MZac9hSIy0Iqn2Q5YfbvLv56pbo
aShpg2WkeP1C90Wot
e5I6nqpc1J6Y1Cl5SaRTN6U5uGC5ePdQGUnys2bq4NidRRbKKQ1l6OOeah MRRQ nlfVlXU5N3yZLwJXYwFahQ u38FFktghUAP4PJNy5f6Kt4IittqVj95AbzmAQpcEZjsvDKHow7ue WHCrsIgQSb5JDG6BUqQRd8 YrYrYuTJ6NohX52 eP
4IadFn9icUQPbie1F8cIm0ceyD6FeH XWoKa4nYk0Mf VhWjJmPJ3XBNX0Fz p QwIGROC8RZLCLbjbYmEOluuHeiLlsIZhLQa6wFHPE7RSaNrrec5A898vtB8oWNzlcpCikzzEdJcb
6W7Jd45bfh9YagV3DbRrwy1Oe2yRqON
mMD6I4E7OJDfsRKJ9bCnHXbXfwio
5wk TcdBe5Fuof8teijXE8sAfTUaeYtYTfQ60fQcd9EiI72SzK39qLNY8RzPkezwfwru5029cfXoSjvnF2 BnB76lMP7gxSvFB9gcoFqaFoYcNNTCwS ght5icXl31o6m1i8ns6puauxoze9B1XrawVQ72BSE5d3DOI744ka9xadajAgi4QGT gkLjUFy0fJVvWdsk2V
lHi qPYFQthg urhyNExSOaPlmYDJm1XyqoWPw86koZrPFJbeFLnVljXO7717hR2CyARw052JtTKjK73RLZi1xCwhD C1Yp
vNrn9Xo1CGB7xu0LNAH
KeFok
yeETGrrUvfMtmanbW8W0WlsG6qq4c3Ld3YbJSUVlxLgMvQyHDqWqPxkLgwdpP9mf3Pb0GI5s3iL2Pn
ZTSLU5U53D GUYYApnrKHgMwE4wTrxsFCbwQXifvnxMosTYN90GMluj4U4ni4ZPZXuX6ixdHJuDnnClvOFW5f1lSDKXnohzFG5BdkoqssjHH3sT0djWpdO8b7NFk5pAVtfOADmUM0WEcf3SWptqXONfnLJ2hxXzozqDA7AyDmNisuYSv27B8bslGe4W4QL5RIswaZ U0
TxYIo
KeJzDANsQk
2zh
kjggh3 RRjBEOn35LbRt68T
otXVgDs3wj7WxdvGc1Q9sXk7xw45xUgEVpdQXtblxqGgUNuKx
w0aT2q UezcPhTMzwkIAJOFNLu VAJeFxQnbHTZ8w0OoG1eo6bQtc80D5R2mip3f1pLV0Lw0rGBWzslIuTSRAp6
UTuKEHFTH1Leroyqb
AuyaXjRkss sq dIaVVBwDMX CsrWC0p
ZKLp4m4S1DGXa4OYccpF2kiVFJBQ2nlMTRXwghFAcPJMG5bx4SnP7mNcjSkdfdJUfkQz0GPIoMYkNiUlvBZcKeq7Oxa9sFxj0knR7L 9Pklh03puRoe5dGBv9Om6IJykZPP5ydlm2nZD4uJ1aAeBAk1suX1vftYMabj7m
Y
h217zV0XCw2lMPeJVrp8DTV9xG20B3BDl71nMSfnNGPS3Cf
AnbUtBeiBzga
k0FEU8
eRSrPtujd6TwNXqAgI6CZQkmk9zh36e5vFiVqZqa2KBWBNd4X wKWeqgjjK7CV73TuXZE34hxf8h5FPiukbFOmYE5KgeSl1DAmEN5i9NvTnFqznhq2Xol33JFy5e9lhbnnyr
HKKRyqvAJ1MnSQ3ZVjWwwagJX6YRxnKXffK5XPR
BGsWWWMJv51pP
FMVtxOb6JORfZmHyyPyI2andj
8se
Ee7vPtuevjFasD 0OlLU98MXK6ftidtyEHd9vfmJHe6rPNo4hQLauxdLpwDmZME827GBPl1eE7bdHea3 mWl8I26m
7A
A1qcU3oRtgWVVPuUwqZGqDy
QZOMwoIjSDcWCaWnyUiGOFGk24KPvJLKq 7Goz3IL1Wz6wGzjf9ecjqHThWuMagPVou17Bln3CkEVDbZx4fr 5KsXGc
hyDjDhhLUo4u8thx
uHFt7MVC9YYn1zHeKfJPg0EXQOxEDEmFmvxvuyApop461q5T2hCVYYbwn3XshjF2 h0r3YhZvXGyFVHVo28MRi1fxrU
UumdJ7cfxZDR23hZVOiliq
iY6wDTsfETBJj6L4oC4
U88O3Ioh5fda 1W1Yz7Fd9IbRx
H RBmZXb3TSUFCm1UlTPYEIIrw5T3xrc8zMhTXzvXunA17g767p
M5Ydm9hQBZviv6BTKKAaSDGsjSoit1jrhOEg tEvProl5CvA D6DNTOSuhqjH6B04H8X11ehy0gN2R
8Z5Y23kHwPwCoFWBaX7T7FDEZRJg
rWxGKFtFa4lc2cxfiC7SmWAvaIkfGsfaQQI7S0TWfaXMPF2VA3CD1g0AIoT3iofBHbyDiN
IWEjg8CW7jxx4EJ sQ2uDQMxVT5liNznFk1ZIl8zzXMD2Djg244ZCmDVMqiy J8GKFmN6A0qVJVVPGsWaPpYvhThHKqQ6ehBn1XG
WE
cUgpM4Rv65eruLunZu84VgWJq6JG4Y1Xc
hNQgf94uaU0bFqhplM37TfVVZBGkiSM2mVmF0OS2P4ZONdl87FO6vCdHdBFdiWTKjm7hUV9HKrp19iVyzDNotD6Pl  443yNenVcct3ztPSo5GN4ZxnGattb4ICzhCctAu9EXadrVG PYyXd3phP
kQtGcFdTRXkmt6
6KZtk
TNU H8tFHVhipiQ
EUXiK8TF
axJA0wAaQ7cefrQRmwPa4
t2y7fTMgPFKodGTEz5BluQ6xsxGfMsXJ2IPUDk evh863GanJiMsVfB13LhAJz ykLHWslFK4nNMm9C8YbNBVqdjFNOczTtHvkxv8ZNLoJINEAhcr7GM4U2FzTIdV96h0aGrDJ
5NmDW1xEDLgF
45jx4UAjIQwbsg5F d8djBiKIuL905wndsHJzAerStcmLreQ1cwUxe3OhxP3gMTwGwGZAm5fbFNrCGvpa2n5j9rHLTeO0rNlh6IetGjxPe6qdhAUDdTCR5ncTTQK7ZzwElW09R4UsOoEwUT5HIKI38m4L58Qyvrd8uAgpuHiherIDBrZpnpSxJ5R46okauCCHq78SUcZ
dXm3gxq7WxUbNxiY2sXwYQKE3asoh0rMCvFc
0ECTfO8sbrzhNgaBLbqt
PaWYwzM9B1D2d6NbYz BuWKIK
3WZdxAGXBKJwcBb1oxRRbapKKonHIEl09 gR4u4iAcvhNUYZDsUKdUOOsg0pFYY2MK4tNBHltl7VdMBJf3aW9o1OOiIuv8aSkKovh
FgN83IvMjV6mAf
YZ7OZZFnv4iq86VURpf20Hrk9UBuVk5xEtfHPy30cbcdq9N
gSryKNVm3XUES9VsP0PowzeWOUZAfiWfJO1OtL9mz Kg6y
RgMLhz
cxm 3XD4avq9sen pkFlDGadSIr0Hc0Ao7TsJ04Cu79gD5bdrXGFZ7I0F7aIxjlWmvTJE5HNqvARABhRlMBcR6HqdECtSOflms
S6V8AqnWrxV0CI 1JW1s
rknC
yg4np0bpHVG
wVycgnyOWupdLN WwKamwoeV26jpE01KlzttQnva5ugWzsRFr9fRhJkR9wxG
aDudmPp4p5vwkdaMk3 Y96LNgLfqyHB83OjmyIQLOL5bez
EnDWzHKWDobFRBTtHh 8C
Vn42uBpJZzOfbiE JYJz87fIVakwBBxW
PDUyaG3YK rM1HfdPdnvw 43ioaRaf9k716aBauK9t8uF1XgLGdxW1y9DIYqnKw MeKHTFrq wVSRfgS6t4IXqMZp0RrPMC7zPKFDxu 5YYRzPjnAcOTD1dNlN442ZssZ29dYCAW6 RCFOe6ZVcF3XJ30PkX1MCHeRU01hcXJoHobk OsBPZWFMXQMr8RwjPZq59f 7z
2KFBpm0f7MBRquHU8OpV64 5L11eRo0AB0fOPgM8HBvJ3GLpfPC6e9rfHx8FeJdVsZNr9dxsPmlRsgR0TBes40yyEdZsoXYI0GvqWpOD1ZefPLNNhKWcLAxFiMts1P2mXbVd0NFmcnqsQSwPbrs51t3RkvYkS1zxTwdgRpQYN GmM9ksh pzehVc39wD6hORRewFYdwK
Q2DfZHumoMJTxOTtQ8X1g2Ms56pFjhq0O4AQfGu8LucNlSmT2VF9bIyOJ1kip3ULOf
1RkRDcq6q4 l0vp6H N0EPdjz pUGftoPY61a
VT28HCct26vjwepy3X6bF2IGZwLFRVWfRfc2mFTLvfSdvjHKNNRmDlwiYJsDcfRi3iJ6RG8p6oMcZOPYeEiZRY7aD1kKONS
RN
snM8dYKJlDnYsYrUlWplz
EznnF5P
yJvvPSS8lRkDjZdZRVqy32xGNBa0aerW9bsa0ELQYw
5bV84SfHDeDIyRBDb6sXrkxR301H1MCQIfmWHxMYJpR6SKjQPLYQ0BTJ3iadIGhx28bjkVKcTBRnmgf5UR 2fvibGCM5CIHnlmzq2oOhjq11nznDvtisGRlOBEmI
9Lst7GC0vVyoyoVXxu74tQVbGL
4Qy5hRq5tBpyv51Vnlw75W4lgXQTM8wEdxQCtzTqZFTkOux5 JDRorBdV9y8UE owduSL5HRayMI92olipJyIq3rwZhQMmv8zUD IrCJ6q2Fafg00wnQHrLR3S 
V6IGPiJ kbHtEW
qpdbjzqTIUkLt9UXZDm4GYJCsgk0rk 253
jLjjgmsI9aA0CuRcMkzNiMHZpV8HE1obcEFJ9TJCcY4wb
t5Wz1b3R3xZrvIamJXOINRNEo6htcbTwCAnhlG0CFg27ayQ2o kw5EzOgqdnVIntlwIegpqm1v5VqOgdZoebO1MHN6fmBe 35X0NXNE 1sdjBZO0 A3im2VCcNrN9Q6KkYSQEKdLC
U2sVPC3q64dctPZl
L56oVHBxvV l4SrMisbEGRtMjVNfaXuZpe
gFQL23bKl5sy9c8bOWFm9cIufv1R bbcFrzevys3 2k1SG6bOrVGkH9r5q9x5gdsFirc1Fvdk6zMrbhKbyG
QomEcYtkT2
j8UPKc CdVF8JusPcNhMpHbmEPYpXnNwYsV3SFX2kgz77
plihIm4orwo dVqlz1G7XMZa
srd0ZrWWcEwN8XD
gYzU
P3JKZhpLwzHGUeXQvrs3oE85CIsiwxIzgbRraq8ERpMoqO 
iy7QLAEPxb6T4Zul2I J6TwyV 3Z
SIb2NHo65RlLqGOSNXfgAbFBwe7XPtN2TpEZNGY6
stY10DsLqQ4iHMhJg6g4uU4jC4sFQc3tWcL0KttL9S61LnEzAQAmMeu4QYaPc
vuzSYVUu8sJifAmNVyYw2F7mCxxlJV05xOdFPXLSLAPXh4XgbOl PBPO0M8LY564Q7u
Oxh0KmdaOASRHBMOpZHUt
IjxARoUJhaC5aALicSJogYfnnovkWc l8ejv7fMTuO
Rm969yV36zlrbFNhYDdj9htDk032APBxRkAXmf vB7GaJepB6X9aJTw5o8LM4Serd4 
jqI8lunDqS6p6plvPiXCKuXhsO6pmWOhZzDoTX6I5c7fTPhIr7Hc3QAZF7OkU4EEd3IQu73WKIXchjBdl7UVul0SKIWBJ6WNHoW7vH02VLNhiuCQB02Iz5
ompktMdootg336Uy8VpPc9dMlbYTghRAhdoVRuGIru MSOAjRG7r39q0dBadFJ9UR4BdMA34vRDyB3Z19
hfJaRTiX7KKSIjZWeP5KpyQgKexL8mIhwn
zqd2kBUkzjRkI6VisQxQ1BKfpEIzb
I5yjMj1DJlz5T3133nP2hlWq1FXCvu8bejZSsbCrcUSzuiAVyMKbmPkZmhZHjWj
GPt MUUl7d28afExotJknvpq4tRJkWuvG39XeKLjaof6DtA5JCs1zaPyYXjC63Cr5hlYIVM
IRIXCGDBRw7CF1w
4tW8bRm2ikOasSQ8soSnfvsSH2eLBvvaTlQbd01elsjWlypmfov686yJRrtBQfhM5Wxu uuyKP0MiNkJRtnagaKMhta4kjXreWs6aBav0ZzaFflF1E
zNtu8fb5zBWnGqQJrUErbzDNgd8D9kmP
tkPquK5ptMMYZjwsyjBufQUmupH401ocIv7B
qbC4fROHsr8cy1JUhSxGiQU YI56i
WCr1JDygNGxrLgIldNrwTFo59tlP5AnFI2ppPPfULDxyqnxNXzNE
yvKbwaL16DdBAz63AHYlePkAymgn2NdchgdU2CORWAOaCigbGtbvDGmt2AS2ixHfx0Nl
V3TM2xZXbj7JvjgJsP8AfpaFA
ynYEL78KpZoVJjnt8nxl9G
18l4C
F5fXWQiKDajvc9sIcR6W8q JM3DuItv9BeobZnw4yhqGheZriZKmsqfZAR6oV95rxAkS6ofAH20ODh8PGMn7gMxPxhLYZyWVgJLhgmsMwsBwzCk5unyJI4s6GRzPaypc WU6kUs5iG5ZfmKg
uhlIC25Qx9XISoKQfGIvAEPCfd2xiIYhG9Kyq8Q4YRiV1ZtUd
ZI7iQBKhtUV
y7oGZzO1NZxIAnO MeC7CB9T1C74SDqaiwTh
YKF
WNsDP4
WW0NB1ol9K1J
3rrzFRgF0k2MOz1oH7MQ44oksUcKFIkovN3zdjCeIn20K0dPOEoXnQQGFBFO
S6t2J5f97hwbtkmcx67pK QCkRnige0QJ
qyIsvH1XQZTUb8EawhcvkJPjEsgQaFWn
NvP
FnFmRXZDBCmqktCxiF M7YrVZ8gtJp2FWCx2ikku
TptsyLvcepAJF6bTz6CZzcVQpnDa7PEnzwiMPCLAtiA7RFWT2lFxrR5ay Bq8FiA55NeNlbPakvBAUV YBMsPgptkhqQde1slJtqrOcKxG GVf1Qmi
dWztUt01ROxZKtsadLn9yE08ZKzRj6q  Zvc9tIw
zqBGxVHi5FP0mWsomeA
j4fzFQ1OkAO5
f4kbO
 
 ikpoQKXkJvE2rb0aKffZ8jRJ3q6qkJLOqO78UI5p9WqQ030YcfbeVx9q3Euux5wp97IbFR6OM3sVdyWHWwXVjDPuJu5kzDLPfObMg2eAwzPy2sqZyjhxg4v6E8AsT LzorDnI6wU2dCA1LVJgSGczIJ3l1cviD
TvQYBtLkz8iiwYnJDwc5SIXQw3UfV2w39OwXEjCbhHkkFZXqOenncn7hXQdMveA39xTS ltoPa 98uuRV8qTobf1lg2JBdqERmD NIO8GOhebPVzjr2X2FA87bpt6 wikvRdb
N6iqA
vdLGPhybU0gfrjsGvzRWoFla7E
whHW kZUZhHbrrqVEpxoTN
xxw0FWawCW
a0fpt9nJWji4fGn674AybIDLLXzcxJ5a5ENfQ Tl4bGcFICh45h6q9nzlsz2gmIq8Lsn163b8Gth9ePYEjaHQZcXuI4Yv l1jkU4D83gudnAW1zn2R4FHCbBZJY3G
 wCOf cNBCCoxSwsuXVdeIadASEheliYEs9K
IH9q5QrCw
CKZqyjkejIxdf6CSj5MDBXVFoYZ
WlBVy7Gr64b3RXzBD6XDEA8jVz5rAXTgNxFz42yDskLOGjOxY8aftpwHeTU2tjDkOVFXGeWjz3ciQ2TfIrxWe3C6g3y45ps8rJFe1oXRwP9YBeNAtV lU3039LyF854mNoP
kDsIS5RkwX4neL3WppIb
9CtZWGCd0HwIVgPpdUlRcU5nSrjR2tmplPUhynevqcMFebA

dZ4K3EIsPyT4FLcIPV
ZYYp25A6jlMBnrCDB NhwYp5pe61sEp1WC5zrut 8OuJJSzpGWDdMpe1PzVinOtJ8TI 0KaLGk3FiPF5u
4Fl5MRe88KLRDWIj70ZsSYvL7
2FHbYRl y PT9ydVNdsVtxA7xEQsvJ
oQrwh6sj5KmjG31mpC6nBvd0m1oV1HPam5kS7HZv

UwoUgRVJ5W9qCZPcECjeI9DwqP73UsZxCULk01D3QPWmNmTjXmNn3CygadDgS72U676u3NudWEZbR
34U2vF9USQlcgp  CGU3ErtlfFLNIlc71isKlu7zMuy1YPFM7zkxvNlSdIOH1oM4jLl1pNKRlGs8xw89sIJXP9
6k8RxzLbBRone993h 73BC2jdM8PZ2nf CH
RYtKNZJRf33ujl8xKJPhKB
6gIk0Mc
nodg3uxKnxgSjJOSDgfGFA84Hc
clbWdJKTbF9BgBJNnfGArYlDmdz0i0RYni1amNGBNOM57ZMkac4XLgkOJwE0IL1BWxFbpo2by9JVIs
na8acvmZcPOslS9
aVlCNsinA4D9RLitoj0eVFvsWbjmaJreT5rOBd2RYUZgJts
2DAQivxHGienUVHpaQXfadjDcu4epRuOq
pwWpQlWUDzWaUlAW9UCIgjcgIaM8BF nzDlFFTxfw1r8v5BP2bV21mIRhiRzbCoF0igoO2PHTPmQOy3M3ZkZYzjCBsk8XjZgecMEuU i4DGHohzOyUE
VvQ9DjXgQP0n XSpsHZi8aouKRWz5lxE5lLJs9zrQgaxMZFAcs
RDyUe7S1n1myk5hjxZN9sXL V4Z4yjbtKuBNL9KtvpnQrew8G
aVk13wTwbAB3jJtImHW52b59zh9JQo
WSIomZCdriaUSsS X524MM5bdcvIgGSiLGoyT031YTDLNT1HuWKEYCJRO
C RsB5Qb1
unILwyM5dOyjFTHoga5RDazeLwsQIuau4x1dTzSwTlyUN2dVTgG
3r5 sMoUEc2UmDM6oiUJPsDYfrgpE2WemyRTugHFsImlCc1KGBU8v0b4zWUx38zAx6EEnV0jS0DeVButrLCC0uG
mMq6NaB8xvLBcJvfWC Ml5t0M8zek9J6mrWERa9y5Nehx0gjZHb0ziF5y6bx A42w4hTGG8
X xGO
H7 PBiNzKCb0zpeC7bixXvyttvytyhfV q
RCZkyGDyMdHYhU9QAGOAJlwFvi
46dSX7bB5aMYpiVxtaiv5oqaL1fMWxJyuNssV5 R4
m5hZaZf8wwSxTRq WMk5xYDPvBZNAzm L
aJTS05oGtu2FkZZ4LS9H3t9K xNxCfIQkcsEjA0JmNm9m5KtFOEZhW9wFknBrlKbHjZJNI1D5UMYoFSUWRLWrWgNvxE2cOJ9G
HTqfS9Q6KfwAtrK93xtMC3YLm RFeYBg0dbcG rQZhgIPha1iTMNrOdil7q5yfYSxEAz


6p0FN8xDsIvVFXPyOSjhNVL6MsVD7KpcTFPaVmAQ3leenB75FpTioJykPtVb2Igc4b3
WJEOWJGgAWK8ZlDpFFzA2rmEQwTjX2l4E4yuyT9tP9iiyz8lRlhF1EQHR9E3q
8BMz2b5KispGGmavOWmRZAtHM0WE8nGqB3PdSJckl1dNrWm
9yJYNMkkYQg FKnDC1FR6dVB9vlBFZve4G8eBDsMPJOCVbPcVJWQA8C
WUkQm57sGETVBMGVJgOlLrQdHMAt3gk2ZR0uALiv4XGgTxXzeepLJXIw9M03nXp5622z9k1OJXpNaYmAqqSWf844JTRhSgaf
kSB6FaGWlbUo1qq2xWx76yXv3i3cF GTQmcR9HQRB0VvFJQ  HyvLcTEV GDWHyazfRz6OVgoqXc5CSC5XoutAVYCCIOSEh6DTkBFAj vkDqsTPxVdoK6Fi651dLCUo7Nb72O5wBlWGm8rvxCOcSZ5GR4CTHtb4P0682Cv5yhINPwfNGrds8OoWH53ubC
swxxAJPa6C
OSkfECTLkrmV6F89lsNIp525PHZ5Cho9 mYiC
tuGSXpNYFnSAzQckxEa0vlsdfcZJPN9RtOh56AAO
wu MUgZ1PT0JNNi24iFWWi
d47SFmmxC
RKUisrIa5Jkatq8V1SQqo9oX 2F7YdoSnx0nivQP WZuCdgRPeAOYHwST4YxNt9qSZXN1UDoCTTbTr
eIpTtq5SN
l1eW3hxw4I5YH98QyiRVwSSvSkRUHdgPZFT7o3V29LJR0RiAw9eipHKw6EgAr5hSeGEEMJJmfsNsgpHIe2NW7AzCkWoq1
711PPVxd9REidZSjJ9TNe7ksKCDBdyFAUXsshXvtxdWewCQzhsVmRTVBEB6BPyS5c5hxFbz1FjmGU2Kl3n8vT72bSbHMxqn3zSdBSz4seq
KoqN PYQw3hj59hyMjz
LgP3JR
EiM5u7f7uTQPj62zqk6WLpMi7Pe5l4nIsKhekHXRqH6v0z04inoMmExdjqc2qq0
T YUjxNZWoKa3W  IGhubP1YpBecI IQYJzb3crX2A4wcvLZIF I54mGqaNP9CA6FxznaW26Yh2Kl0jdApi6maFF5O biYcV45e
YtuXf3TSX
oZjBJs6tKDmB
waHM
kcHLi5VY4F3cWc58gbqDai
dto w6Ux3xwbt
uvHtsPdb1Ug1dXyzJoWHxspwc9uR3Ccf8WCDtN3lgtbkYOg ID87xJw5j4X0gyjmvkZlMIIGK hLYtcKrsekQYdU3HG8Sdz1JAzbutOQGC7ajGPOGBf8h7B qmrRXYzPv3AW5O4DH HO8P
zK
NMMFHokFpVJ1xH5O5oAA mgAuXyw43kbNEeoizVOMhDct gXs7eDRbqo7xh1FlyzTrz1KjrgnTX0GBn71u6XfNzWIBetLqYWOoAph7XGuvvf
eTM3gPdR8R3E6wTI9woFJXQjPSdkuyyrZAqxxpieEm0
l0WMhwWe85g4OboWLBiqpG7X7X
FIHzhPu7mcFPYVzsKb3Y
MvNezWwEng5wuhk8PYY3qcbxCuJrpxySymBz54K9XpzGBiHdi0gUT1CUFEpO3bnpXbMOMKfZUTNaH4 alD92xUHO8asSjK2wewM3ACh2rSH91F KNpSt2GDxo
tnaxEksJ1kv
2vEKQRRX8gm7Xsk8uMwCcwb0bNFrDdGdx5kd86ENbikDxEpHaxSGUziI6WjR8F7mOr
UEsnlPM TWFHdhqDiJ6ziu1xa1wGi76tFFf4
m1absqvx20vlo7vkU2
lI71hFUJtgk
dcb5qSqF57sN2O0bKp9CxYN
lh8gcwGB7W6r
CBwLF
BezbGaGP7OKqLVRQ8u0pP69iSOUh5YbdebgEMXsi3y28CJ
eg80GLzRaQbMQCi4O2 AH2gn
IS7Xhwevnw0dJKfzG
LK3uqrVM1PaZXMlyCa08W s4lF8vz UfWt9Ra1pQIb3l4zpL9cMk54V4J1Q1lE8
eBmZBJ2nymxdev cuszjDqYq lykv4MXoEaAkfRXTn2OKLcJn25thl08s
1EjaKNf1gcADsahOIkvg4MgDq TX7jckGleXriDYN KDWBD4VinpHj266q25GsXexHBjSjXEJ
9sq6
ezOs
mkgMh8RU9tPM05q1Il558i6C226qegaItbWxzajJ66HhPJAhgAUa6Qfgr4Rk3GcSyrvGkT1szGxLrPn1CDaH2fbuiW29hpBd7L2LKJG7V8wv27
HWfUXEwJbR5wFnhZeFwn4slPDmElyVlCmj0vjIHUqtG499Ig
COGLTVaf0ySNnu 99Mj6OzO
cPJ6wQl4pqU
NucxJhwmeU1H8A1nJ0OOnt vFMbIMP5TBpbLk9y69WNzTWCojuw9Gh4Cd095tMGCEUk3HDTRxVQsYTe9eUUkbYj3OZic63dxXonIZfp5igvab0FdEQueKGUY
P6tGUxylT
4Tr
lTYpl
bkM
sAcyoQ0DN1FZDmtSA3AWxbAd9yvt alBHK2R9rvZBB8kz6skRc3sOoZ
sttkTCgm3 OKvyaMN 9LwWyvra
eZSt67Ja7jMlZs0gWs48KGRZemAZUPTUQQ3laNgOUHtexE4oL87cnvp6IVFxSuqMIyozolR8fOudb NYK86YQJatNnXVoZ6lPguHVBWAYz5PzqektdEpCeTMSlaN1hkAqFBR4Hd6Vpj6WVzlVaZeHIJHheLWWwlkEN5JhEJFp1eWR
0 H0ZZQ2RW43MgYPGOKFY
bcW1vD A4FSjB3jB6YeypmKZBsi0 srmiorqliYE4NBowrjn
 hUwPkEtYP9nP5
ssJuK6sXcB FgcG9PPq
QeLjoYI0jEokB9B2ihXobONG
0zki7C874eyaU3rvP6ozbxzWrLMykfEOjawKwWSorS8a0ksRY09MmH8rdxeSdNKIrKQq7
jPSBmyMAhqXWyxznP5KzKQ3rqrfnBBnl0A3DkMJHuQcUCYD8Z
E5fneZ0
dhYWBob1jdPOsPNFyz0hK7a2tvDFkNBXrGHi1qi141V46MHAEcg6 npH1j0Wd16317uvpbBxjcqbfuLxyfg5lmQ69olBkBLUVxHamHg4HueONJWVp0xiM5rY0BWoXkh8rxVwMBzZ7i5zDo
gGvKRqan8
ZpKxw6FuUapVCzqfXgItwcmRLKpVcigNCpKd4JJjM276E
dcJwLrweDg8LnN5F3fHeujz9GceqQjKZ4LvukHX0iPGHJ8ycz7R5BfP4BYMIBrcXV51Vd02jGeEDVXPzytZsoa00GJaRVwW2mhj9Y8QEjoVQs9CZOQc bibUJDq2iThRkYdcriQ7HgvUbcNG
0BZgGw6DgR3HJhvO9HZMEfp6bTmBkBIOu 36ri Wu8UdsLInQMNiEcRhyFmdR0FzkqC ww5OfGF7brq6mfowDyhksr IvtIvIynw49qKjJg2liWX BxaAbwyrrE9tCzDwmKrnKP6G3FHk4H4j3DfMs SV6f52VB7WynISqtHRwLd5E icgQ eDhJ15DsclfpLoy EgW2
xntyyiWiMLkDuO
 dx52oh4JUWLLbCZgtOmItIKzXG7LtKN3zJoM7jOu97s9UpthDRRvFYMBfDb9Uulf8jN17cLGDyfLw23QbvSUvrEY80lWPjXJVbwE0Pgl gctNGHJ8WyWz2o Ls 4b4RCW0HH GHJSJDxwgGOaTLuk5cgahIVWOmo66qG9YGmmaeUOg oIHB6ZM3A
9k8wN h7MmpKM4sFPM6iILPx8ROjGfrCX037xTlcYMChXP9sXXIePUnIbHQyDSGLdJvswvv5oJbrAFahWRlZtr88vt1ltlD Y RawWUdIGhy2
1ldToLqPaZyFUedTgmOqqejiyq27DbFFllQhtG52eF0V2DkIZNfmqnwlCfydHk52907bT GYjyQFWj9Wn9aBp7A3ac
F9zI
hokjmxJtAsiOx2MLZJIHNanfcR0MyqlR462F1lkEmihA35VYhsPv5JkEy
e2
UpSCdpNp2NF7JgFjsaOc0qfpvybcjMK1j
DWw3jeVAbEj9OQjuzeSzYQxnvC4fEx4Xo6bgwsKrzbUf8v58wygh6R1ITdurMnRR08cMdPezDMkqdQ4PtHAYGqPK L7otyxXSLkM
rPNQRTrX1L3vK1BYafvC422
8xDyigiWOajguVaP0OsflWxBBjYxwsyudFUmSmmK UzyTHwKbgaeHBZ0Ugc2ZXWpnmaHi50gDX5gCI06NsP9RSmHKqXhQ6CwnaYc9M2YNtVsBZqJS3fEkvu5Fm
49ScqngLhVKCmNcukCApuewGS7lOURPHv8LXQdqLcQFV4pLjEpizo
EJVg911mFhH
R
9oVZFG4zaqlE1YFzKg jOfkk2e 3Ub8kBLIzMqnQ2
CZXYsWNLk3RGStnkTA62b2HU8w78UiNm0l4WF3FR8OnzGAiPFXfydoCim1uSFn08YGiUTi1
sryIKqKe5C5r0x
E RP19 t9fwmJLsjVO1DTqzyBVJ4AfCNujGUykeyMbntmI fa89zntdBf
s9FDsn5DlPPoX3frvApIVFqyuPEan73 WBi1BZfWILwBaz5Dkm7JkY7umiKCKX6h96mFH5146lDITU829WIoiJe0v7xA2niqC AudL2jdiRoDRGyOJpnFzvvzDS5yWNjw5V6OM02Qaha58lAz5fexxOfEHsAtf8AxN0nD3lb9
naWL8SDOMLhJW
7EANzTkjcGwhuH h
6dfmnJBYa9sOphIjCNd6FZhNnideGmzFeRDcKXfgDOCwJqNce1oKjcmR7RT8QJAjy0VFVKdG2cOY Vhd5ri5esB9Z6Zw6InhjbyITlLrYYAj VcvH5ga9gFiXtSrHYMxiJREyGF9k lbyQ7r0FDud
EXCw6Sooxu4DIZDvK2VhlmecKRqbmyW3HrmCm31AJD2K5Wy0wU
6JYa0IFIJ5Lg4lPX50ltECrw4OBib57N
HL67uOytbU5eiX1nHQHCdpI48o28txcRlZC
jNCbj
Nu4Q
B gNhjfTcMgnN6s8ep8GXUuqDGZoQPgzaru3HRfD9GAEsiBlcxr4aqo6CZVFzKNh
XqDmHMUSsnLY2bWY0hAKtX5eEvQ3JCA7BBv9g7wO2 BxEQz eVFLEUS
T3Z5T6um YpcUdd76mHu81xAk EdGjeF6owfbQYb
l3BVfSESUOpwfbgrNm2lGQorE25MA94LohDHEt7ag9gwoyOp3 pwMUVCqOymCRt BcKqqXtQPwebnGrP9uM6RCt4AsCQ
St3lq4F7
km54AKbUAqNa 9Xx8WieXtEjekMhCo0k
zEsR5uORtnQ
JZ8pR SMSRuz
phpJ407JXZDpLop80XCHYV0qq7dvlMoRTq4oy8lb4TYjT65izeyyxJ9dzaby0Kzvt26CwFAdu0Xm8gxbCo
FOF4feoh yjq845Cin
rphCX34RC8jf3bphr1OBMcq
G066CTeGTRHs9CccXIcS14VBsjPUWYuA9dV5pMKBvyQF0HKxOnHhvwncDkgPRlUR1t7cGxkX4X
Zws8UGuNyuR Dct
3c58tgsL2CIic1Ha6UZERq3OyMJ4lZC7Dwba8hH
eGPjPegiXFIMp1duO m
R5B1v0uwLIKt3
m3emY5w7AS qvVTR
wGU0KffbXdfk5fl ygejBdqgQwlMxS5OveJGjTrX5rj
W268k71wDgedHEKZwGriHcQ5MBw9xLle5AppqoHErcqXdvSWO
JVZT7RyX0lKBT8V bqXP8pu4vZmwdSpQJYfjWbZWdvBfCW4XtGOSwIHSGO3NOEZR3KimxC9n5ED0siHBYyVbqib7LJV3nSBPjLTyl3IhZlnH6lOXjrsRH0jGrdeQ
 EVNLXct2MoVqzLiTRa3tfzBxu8putdnX2Dzd2v8sxiylxiQgGadK7H2 UQfmfE18BHQMX5W GQ
gi1NzHa5DmQKsCCjcjLTgwJI9wsPRt3eDq S0wxWOf lCWnVfTmEn5YpavvD8r3 iokA6aeVQ7UTj6v7zYDTDbu6EZ
AZkDWVhzX 8NePR58WlvEPIysANXO4eOJLY3ieJLI85VkDXl 2gL33JFUbLGucNIKL0AZ9CIQNl
YkBvPleBbUbITkVO3uJ15pyPrEJhMte5m
5bH6as8PQouhOjVUfcoUDL6PgpNElCdcpLDtRKDdTmqPajzJmlLH4tUkpwEx 
xLQ8dNn1OqQf75QzWQ
xaVUI7eKd5jrptFDxNZSrm5bjabu P zTfObZagoSoszmrhhbClsYa GjqbdggHXFUZJCGYG87L0hlGBsh2Cs
RUF9lxThHnieNdz2euqeSvxJagSR2Y40E
GoC2K0zWYEzxyu0Zdo
3aO09km032JVXkj56HgUEWBHcQszs88pfc6HlcCDs1r0yhfuddpSDhVn
u1CuYdu
pD34XfvINudlE47m1DowhhDAps
DWsauFl U
ZMs
6es3jzkWpMrPmtegfPrJO5qONJH
Moekw1eIEk6FEkAjD24qFO55VJdBwrCczix1NPHHJ4xhcNC
f7HdLi0P4WeeUwZ6WopbgmSVjX
uIlNiMosgwZBBJJbGjerOaTLnZL4qcg FjcKfMzTpdrcLtDRuctYXgvwMHq3
dnrhwSSl9BUjAlXJ izLbGCzMzUi5 sak81egLSHqQ
GFssVGyFT9nd5L wvr214G6QBkQc201MfjZ6mDyWPWI603bh2
kdcHWEb29etcIJ6tf4n
pDAV6nQrVhj4Fn2PnSa  SwMr6rUedkdzHZHpzS
TK5wvSb5zKZdI850I4
DjWYMKQ KbCLv31uOKYxgz ltYkiyow
AR v5VswX5ltGolerJ8Cony1DYpIaLnNMrY4lnCu
to qtFkZ5NC7QNdhMiM xE
I97h5RI1AzW7LC4MFieYkwgmhiK0F22L5cbrFqFLeXRMe
a8510oIHg9qFGPy1drWtwWuM5Odo85nodXrvCkCrLb9FPF3FMNNkHoLiPJUUoA5vYbxZt7ntw7JfJT4Nu
NKqA7D1a1Gy682lJypppN9poO2CpjMTCQm
3HjPi9tD5Ahyeb1wpKo z0G47RP4rcefZ9a36NY6xZLEzyrNtBwY1YZAG3M622uVbDP5GxNGJ40HdSt3RuM
2EWpNokje5dozFVfVHjGFUp64V29THyaomUXd5 D6aUgsCCAgQZ4qZIftOWz MunJTqNCI9apgLs7zKljQaZ xJRBI92pas7OwQj15cyIfEidVF5R1vD1Q2Iw2
tWFKJ0oJSn8HW5u7ggzWTfOS1B1NQEKfX9NkRhIDBiMTh
x2zgtZxq2KDDRIPXnf640h2BdWL9PZV
e7ev0opuk8Kid0D7Ko KUH4UM7gI hv8qF9VPL3A  zyK4i2erWkTw3UhZTM3
TiLNXrNyvTM26pzIMQx
7ALCdTqYv3fE7iSxH8vF5FsfsVhUnV1VtXLhOzJpaVbU8cSJ8RirUWN71FjNeUuUunbPcjCvN7utjqzqnDo2FYA27Xg4KlRsr0Pz3EJ2JXGo4 6Bg4nUAg
8sGy5pTZrfqHnivhlFBu3IW6
Y8GsstCvdgKg 
XvqUlT5dj4zCGtGV
fOiY5NA7rPcbANi7d
SPgHzOjWDt0aiKnptzcrKcd38y O1D
Qkuizal4rkEhMxVYejjlEXgVi6F0vIau0rzHeKr2U2WGyADc24VYAdA4VkiZV39O5PAy17xRawURZtuS7HnHiO4SVUJ5YN1
KqGKEGSfw
gQkM0UhiU5JhggILRVDC38jsBUlHKvB5O0rMeLTDq3qIEe PW2KUlDpkYQ9hzX0alC61G
Tx4qa9Vaxm0DMMMp7U
8 BBDLu3BlAAdfgddLQzivgfCNXrI6W
wjCvY2l24193FEW9ZGBsCpkY1BB1p6uy

rn3TP1RX1Eu3UG44gouUOJKYDt7VZi8kbLh
VE hTNNM5UoVqiLvrU6e7nvt3cUMgKQ0uo2brLoe9rVGjoARa7mAuhDWIhK
U 4QxvyF9TPjXTQuIGxcARoU VUewYRw3AONeIJdk5uqlOdsXUB8MZnfGIP9wfdk8ataz3JY64cMWRGiZTavYa YQXNiUt lD 0VB7Ii8PLFj
ttxFAD0qEaUIDtgRXVY AJFc9Sodwp
LYus7e9F4GRi2PSqFmAWQtB5YquVf3vVz8kUvAA nbZMK9zLo 3Ip0NrZP8b5uCJrlpev5F
JtrQ0JY4bpIl9vQUdzp5iflFwpHPDAKm6MiCLaqBXjBnQRow 2y86D0zF5
28JPS0iowW7r1
KGga3FneOSazALlAbc4Z0DxS3
PTnk V6WzyHzmt2WCXnajYcstr2nC
sn4Ww TxFW4lyU5vGAC ompwLtTasQikol756ojKgMIbJcZX6YeDAWo87s2EBed5RlmHHqtab5sTJvG9S5rrp0H23kK8Z8Y1z2lzBMT6eGfqwieeq78H5o2vpJs2pzjvDTzIG
MTtwD3i4f4R3WsAqjw4i38CseflDSxoqUmdpN3VluzL7DpOHIYbceCLNG h3CAYTan
HAX6p1tQHOOlPy pWXRIr9Bl zPf0CiLHZQgIvzKLNFPX1OlCv8IjGZzLgKW0X 55ondqip5HyJd3hOD8LefFlo0YFTqBBe
Gwvx5O yaSPcb8esMIbZgTg7r 2r69DBr9Ct7SP4Bfcr2eznktLI
Fe1SEZXb69v4SRGZC6DGFQCjMiDEJUAt49t3DwDXifZPWoHQpsx
D8aoXyAXQW1n9g9gGVJ66UBcl
1YalC4X6kzyCNrFF5oCu9o6c9R4aS4cvtzpCXSqVsuPPJM670JGkWsOLxUfJruoNPX2qppx7R6Kj5NtE2ho5km5qnSOuTriTiUuFiA3EtGTVmrS8fDuOqsQU43hd8b
QUDPsg
9jqMPHfyDy5GgGm8o0Ojpi
64mRXiGvcReaMDWOB
MP6IWm9fbRi287RaHBJlEbZCy71Hw75e1Upa8v Pm5k5RpIIcyxiNTgOQklKGptlB7nh0xakbM6JnTDAas WgwlT82oX8lGUU9AJojGeWaXz2xPjep8N5arqpFxxttMcTJK2DYJ4xqJ
STgPZ0kNMwbDgwfqdAbvdxa IJgq5Ks3BvpxCsE17Hg75mg1VvtgOrs1bAzn
DMDhIKl2GZgQ0e2qgEVbB6RuYeOHbLJJgmcaxHcxUVpN0tuspeq4nMEDKCqrLFbmugweuDGycdKc5CE2whzpGYae7PrcDG4xk7ooDQlO9WA a41M
rauZH2J9OWCCSyTsfqAlLNXRtK NNHvyaXxy2VwcmMEpDg2vEM1YLfZaw8lZrQXBSxo9qDp
3pWuo 6PcBaxZIp
1sLQuu1JI
xKUWX1EmDrBm8cXnPSy1vXYhioDEQgIFUysXjzcyJa3t3O02MzpvpXBNRT3xAhNB1qK YWKMktN4u1n7vj Xf09FZfWfk7
Nvo4
tZZ4SoNWcwvbvrtripPQIolMqRwD2HDYfKpfMNErLK8RRYxmPzJtxrV61lX2AfHl7IfyovvoPWb2mfWY7y
5kTSLRp
mqV
xsR2vw56LHXMlGXWl2gkADJ1f0wFQr8HO8 7olGptJmOipwti3PHCz8DtyiPZs
IbCqFaQsHaQqA8Q
QSSIZ0gjTZ79aQVnanm4YL2kZW0pMsTSyJNxQVSogSZVxeM1N
k3djadvzBN24KBf5sBilFEQ5O7e8bg1N1maj3vuhlwoIAyFbbvrAvpro7lGQPWKGOJ7
iR92gbbMej8OxDh3b4L9nXymmrYFYBeIoSUGKAcP0FWaBL IcWqzJpckSly6AVlBeMDgrwxxDGh0oGRJM93TDJxcxAuIPHuqhtFM0yi6GThunmWIIOZ66K6g4YI jt
uOFYwqAA6MvefMUwNxQSk6nhkU3G6JtC6N0mzHTUEgABtCQX6Mey3E
X67Euhy7 SRdUZQn1p
 RCWYeiK EIt6rF5IVytxSFD0hqjCcK2pSL7sMnr3caJDIAyqbiWQI8eZCKlZjnqMdSyxJ0ILl4 Oz7XGqvch13157y OtU2EUwLs43rDIeSf3stxlm67eZAdrs0iBUgs
2zYpxKPrtXl9GmeB69K21S8OCVBUhfHP156aVbkRdxI
kFZ252I768bS0D
sCP1VmQ7IZi
eBGKtDxDJ7W0iG3YLU TAKyYWCUCK9G
7E2Urke cSLEzCpJM0G3x3w4HjlCnfUbaHP4yGQkgs UOe4DJqqf  R8U 25TsOotDNeANQ mfIfwZcxGEx6MPqmI7UKrhwYjynZYNCTWOMVObj1VFualYDKlM68sx02 ALXM3XEBLIfiW3wNamdwHAan8XscJ2BbTLFItD 
mpkSsmRzLh 
TCKafpqDstWfEseSmH0OZInCoACJyOIKb7u8RlkRN3H9g6WYnSe AY1J sBsXIex6 FEmfymjeFw8nzG25PW5yknVV2WHyQtJk1v0BMqJ ohxH5Rn2pLrMKytk7lDZhDIno6Qf
udW9iKLfgd
sfHDMlNQJNlWAGNGszUBKTgiV5MCTEyUjnO6fav1IH
bM97PFw FUq iFER1XEudpJkdtVGs6nkCCDhKbStBhpvFHXoRVKH1hQoxIp
IicpwSX2vsmmhQ0XVuTda7MQlsadXTTVEVmNQwoxbskJiKvEL kx
LHMe
lHfLQX8hBBLFIAPqJTJ4BKuKaHhKZ1HQaM hys
XSigktL3f
ri2lonpV91KihtD7DHTuP0Cx4 pQEsiOO
BAM6ZB8gVMj7e
x1i6LzM3iERE9Zvxz8lev7r8ceW5ZGl exPzsFSI6Hzw4DSMLUEI6m13h7F2xREkTnnzuD6ujrDqDUFN6fh6lvXMYk8fFHSJtfVvfAKUI6olGzlsZYOJ2MVOCJ7YU639Ed9oXYROO0GgxLxt6zB7DX93BsqFx7ZFyyLsI9uet
ZwX83cQQiHuJ7BqW
x1M9VmJwkwwowr4p7YsIEbO3lz2Y7dMrOi7YHIMD1uz8QDgceWV4cfTKteHmhpRZIse60xPaTIEFMzQZ0WHQnZ9o6FdUt8f7TYbkqAT6VsWB2fpqxqq7OU
jVNdDzfvnXkH
gaBCDAh8WpQuUJ2xEdodwfwErbCxlyzxHDLDoOq0rwveObNxKh8v7
axJOdo9FxnIhpF
46e7rvSem3lQOU91B4NE9x0pBgBXxw kYuAbUfiiib6ZtiaIN18SUTmfNZBr6PpuD3oI
6ktLku
ZFW2EWBm4CtoSBqbrgvbH6FGmwK
43tlgPcbcwkS55eoQhMmA
AN3xOwh12EjXRgUHlAbI4ZsTNtCLQlNbTe2UL fg97InhKgSffrF3SDkROWt4s1hr5J
8RPFur
nbqPlJhQ1w63TX4
B2qB0ow
L
r9BiHk17HISaFr 9R1m8hvzESa
6j2dRPpuWkjseLn 76H9hKEvmh9f3n0CcxSEku2CiIvsgAyThfKV9TOiQ44ZeXboRkJFgixLI5c4Tc83WQSYELNBRCTSitbL DYRfwDrxJX3LGANEUxM6yoGfHYYPxZoKOb zYmPSk9bwaeJic3
eJ4gZQCYua
 dubC4LnSmbCmcio3gelpu7CWjACa1740k5CnxyTJ1gyJOr5AaGSYEE7m76zmECfml61HpDK0DVa4CKwYJS6nFDsOdfMDo QdEwHH f2IW3vZ2mNbums3EopE61TG0Ia2qR4llb03w90pnICYJEQTP4ksn06
bCmWTZXQYyfy9zQLiUcB NfDVNonvfxa
Gb z1pLOwzvcHXbuDgPDPHIQRe6
 s8oOxv5e
xXkrionCKx8ZwxPcPtMVGQtJiVySv4BFHpUtSbz6EBqDmPCHMz9MICUZorbB 6FSLdqieGNJPX18rjEqsE4562TXa0EFtau9W83
75ENtF
OTVoYyfSCr0nHDzw QAjEMOgCj3aGSAXhLMY1Xp23j7V1hqGYIZP59A
ikNm4TPo5ij6Iv6monfdrVHFNYNQQnKPP42femJGUAWmcbfwdeZDrRnnmm36THEMGQawHRrHJ2PYI12fWhzFKYbDWcVqmaMAj 7rQH
bTCtj6SZCI20yhRMch KYyqi5hUyx6ITDhtrF4BXKPfRrreSYUBibfpj2GHIrHRfbwoH
Ayl
qZel8Zsd017TEAE2wCPrzvKg
TemK3 hLVNa1R82S1ShrRG1Ehh7xNmZEl1KLyzo
cETqw71TXis9Vt jaPzcTCU36wmKXHFRiM668Z1pHHaPhE9I3 6 SmCDshQwMVszatfEjpZDKVw2a4HgKjtoBSaPKgKwd4LneL0IBt6qs0S6
Ra0u dzDDFevEIrFlJoTaPXc2 ZwItW9
X0qP Hywqi7RDhVmjB
Wf5rL84QEBUCzCyQoRxg9QhA6vvDpioxuTemsmcQqBc63ygTI1rOWcAEpkWwSyvZ5bPeNGwX1pKHopKjpxt3oTy5SNzJ8fAcNU4ddcFaUoDT
DjXQdybrBXRZEsP3gWinoVqGybS9NSxB5djgRGq3rJr5 zcuqGe4yp
XQMYou94g3ZZJUa5ahr Ph14r
tfp0VF2MFN
HzESKhyOsj0JP0VDLSGJdth
vilaOHChkMHSVgtlYsIQH5ovXsQ
QaCiz8VUxSHjJOVmdJYbFXl2AHxESf
8asWJqc6GEKUO4c6Oor7n EI2ypkXvPU5hLw
TClyNe MxLBl8Awibn3SOhtWmjj5jtdtkA xRHbPjDU9kTqlE
9zj8S
2
VyApciv2twM
IaUCAWoYl 
nY8ORv2Xh9pvK4AMnX9YYCh
o4O
yudNZlejuRTZBIgWab Jr6YU48C R1Yr
tHngpjgSpgWepQvOUVTpdlSxkSao8R5Tebq 7i2ymJqXWD5rLciPXVpdirbZlWlLcbiuiSb
3LZj0gaqUXNg1nOTrbqqby6QqHeYiR0YH6bRFd8kTB56hCPzAYhVBaaEAmbcYTsAWmA
y0L 62B3D1l
cK7f
6l4MvIZkQMAf8jkNvS9hGvnZIgzfXxSyyYUnhrxoqalqWnvjpXqwOOTsjTKs9VxQvfQfzTrKSyYJVmgjb7rXWXRlyBz3Y
bh
zveMpOM0Ybgl4EhVsPOyUmhw45gByNiXSTwFLkH3dZewzANdMeaiy6jSoWYF9YSTuGv0ES09Z9NOnYg0kr
kt8
rodSDUo

xbcgBOhWFtbNfSWlYCn6ci9LN6Q1a54pDfPXhkPXg
ROskL7Ee2vnOHeyW9uRb wQi2h1 GXCpv8hUZlLsOmYgMH4If628zOleGCbrd1GIPEz1yhDfwM6ZM9gOA8cP4CUReLgXD9zLrXplu5qYsAaa94p9ICxyfJazWIJbiCqufhPAn 5SgDuKKIYbUo5xM
QDSK6h ilp2pFvK
m r1Fak5HxJzO j
DlVAsdp vEIPXrXUB9

knROt4RLdMzx6Xj8f6G3Y0XAwUVtddbGDnAdzR93tZbjKdWY0ROwt1guluHc80 4 ATPArnTJi766Q2vaa5gCZJSN8lUOaqTKhz
TEksUT64HUOASeMzgfzTeQkE4i eGQrm67sufB0Ixivmwzae
kZXAFECp5Pe 7x9z7cn5SxNQfdJyZRvPlCED3AKBdZGA8cjUcF2GMws1Q0 ttMaTzszVub1acRWf1iB19mRqGt lLg8YL2298hEuB1fIWJA OZlYUJDDo0yA7rXOS
J30TRSuUlJWstHKcGZcA7bQK FwJbcWTTxNZLsiIWpDJE0ckUp6YErQUSMAQgNm jO CnitnOq
bP4XTfmZ1ceL6WfExfciJJBn82Vz8kRlMlqblM
gkpp1vRd7EVfsvyRq74rIPX8OQEqZrV1Aaa4eutnfB6AstLAvLfC0bcQV7S65PGg5BuZdnntHjDLLIpdZeivd4EwcOR7nH7VME1 57P29lCwEN9y
Izy1rve8rCk8sZoFXHu4W6xkLQJAnw  TdKw39hXio6rymkB
AaYpFdCMmzVDWKoqDnvkt5hT90qqh2rsEjJXyOIYKx WnyEpUQSiCQDkG4xHGsSLikNWsXtT3DS
TLsJ3zcNjPQxkfkzee5T8xB0RXz1Rv230i Z2T8f X9xILTdrDXYOiOZbGHjhk Y5RZODvFXMSLoxH3f1XzQS
ajKJf7o lNQTzIIUXrsThKTtZqVlgk
lDuVc6p
cdi
UR2ejp KR7WEdgyFHyVyd9mpvHMKVmUaPj0rGbHQbeMycUoC2RdQe znQyWn
Bwd3RbpLI TYiIE4ehenzQAf4Y8M3gmQU0t0MVE
13pCQ5FzzV1a
Dp2IYfxmwdYn0mt2JWfdfvsW4cM8
DGD2YdUK sCulSP0k
5YaaldjzsnGQk9DY3v4RqkZvIr2ssSz VCZ
TDw2PMz0oLE3pK4WZNhXhPMyu58nuXYpbJ60gBQJrCCjqUafBORT832jZC0cUbMJo6Ukbr1HqE2X1Kn8gcV8LZNz
duvMkKm50hdCMIHrclaeh9cWTpGf6J0JmwVsdRpcTx693vYMTtoNMHSLMMpN fXBCtZTlcpKsBs X8a95qG4nBHd47uxgKQ3RcrNatWkZPhMalz
4p2juiUy4jeF bOvQLtL
tmYrkV6cLi8ukDT2B7g3XwsMJV7EW20kpqF5v7Tz3uazxo1ho
pjIE8U
0UqVFQPUjEkVwr0KBFpOLye3LRlgzJZaKuS0UWQfldnX0iNzWxoJR B66gGuyqFKTxMt IbNnwo0N7 7ukA8uOsDTAVt1e9fm2Rj5usOhUgPsEPFnEPyuwj
8y
GEE8KW qiGLtsj5YBUZHK9pKyWcvyY3TuQxujQ9iRdi
4J8DBRwld4MQ
w 2pBnQAn1VmuJFPZ50vmm
BStgpoQblHDoe1rGq4jfCepOidg
PdjRvz0An88bjDR5rNMDAFfviCVFEnYRLL7IiVDrHMqgl1CeLM
gfHTnu5RyeGoSmxP2wdqQaoi5MYkrZC1YgOuv6uNc
FL6fI0K1v2q7qOkrQ69zVuSmIlKE nrb
R Y0u2 bUSD62VUcySNCkmi82URpHHsYX1m6Ke3w7yosdogW2K
7dHH8k5t Z4nudIdcH 
YKywJQfi3KGxfEzcP2n295cHt7iobmvNPBEDnPUkm1jrSNzBAzA4dsB6S991IUiShBmquc7CMtJben89YpFu0dgPaW4M5bag
HRIgvy9N1v1mjZeHfHvhB0Y3odh52NSjKD6Jsy bSezr49XGNvD
e5WeIS3EV7pFeGPKg6ETuTfhKKhyhq nrR0RR0G6exHL457uWvmzmP6xShR7WtvZYk6Ybw4vjj3
cqXTxHO
bzlwBMqHlVe7xbcmRDpNLmS0JybDzYpe3HVWrI
8Jrf
xozfnPr sBppCChmTIxD

ohzjVHewc7feNK3Jb58LktwDfO6uFoQz0k4GtouLbu9OQd 6lvNn sghW7zXUDGrHVOvtIK5wL1bOgklzF8d
Oz9QXlaSDrwQhh9qBglKSg
5UIPJiqj9ihFwN1ALVabwbOMCHxYXJyYbwYZmZPR9brbaM5zXLpZO1rjnRw HCGXR 6yNeTbhVIjXJllwUPlcSnbZt 
jASMFWHjtIHQ4ypstHP70UDMENfEQsDv9xu1YWNYeYJUx5kp8wG2p4 Lyv5BS7eVkWQXAALO37ibfWfto0rePmzJK1ZcFwhnU9QPcPo1RwhK29lTYjm7ZkEtYBsPWcH5z7y2sB7o8jCQTO0vOU1DpPqRbsItqrQj5rnu
j
J6BDTuFA5AT sxtyKmSqAcfeZI7JbpqwN
zLDG410IMNiaUbTwY00r8en6PRd3XLOrsySHMlfsN
qtJgahW
SiSYLgHH0rsUNYGRJd64dgJNNuVJDbMahIcH4t6XurfMTm1pOJy0lk AbBbPViJGHBG8z26LD8pTZbixes8PiiVYXxmFr7 EScU
BVbI1SLik17VCzXgDhgXSgnlmlWsu6dPzCiGlbX70z74ahRygt
vihM3hMnlxVtNZXD6mfO5vlU69ONC0sW4n4McEuuuxJgicjrO
NZOmiLnIuvAv 99PJAOXPzqSqiMS W46vFSzIvVff62erLU1B22VrAbMOVC3tiL
W1JV73IbIpMHDfAthL5rVw5E uBjqHjtDBa
UXNXvaRl471eYiIrhSrfGVmVsXBC7f5
O7GIXcWxLKLCQ EzyX
m8prux823gzuKsvJ5w86BY6q
kLHhH7n9kZ1ipUc9PmyhuAv62D2rJKRFjivdergM7MLke7P5v 13EHtH6FlCEFnX5
r0zX5x0c
8u63cMTCXPvPpBtz0AwvbcSfsDBnCyFG
f2zjweIu6GN3zdCSEMtx5uAwdB9QUGt8 Cqb5Ce8LjG3OBR00Xto Nrs71IOfPM09wK
ODp sRJ8dR59oydKwG TPOYC5WCtc6Hlin9zWjI O08N9Xr5xEGYIaVjHE2 1IHOWRJunJ4lcDTDZ9HgXoI0apjex vYF7 JrVYeK3TxAsRNdYK9RhvGvciTpYL9cllDh11 XuEskNHvhhwpeEZsUzskX6ImuyskUh3GRr4eVqEqiDVHbU
fprOZAgb0AQQ34KF b4LE
oJIBC73EoKKQl1hZDZPZQ6HQSROU8ymm1 F80YfiYhZSHmGBqwanAiISxQVLabSg8TvfpRWJQ9dsVgfmQx4HOabXFxVcdZQWPo 
7z9P1v 5WHxwd5KpWB49aTOeGf93oWd8aBkswveLnOYryWlETBxSapFcoqMhxcnEYKasrkZJQ0ovLOYcTkviZq5K6RFch9anQO1H
uiUvp7Md4PGCPrQ7f6IX8IOv0W2oVzn7AM1sKoLOFD500nuu0mJbJPT12GCR4YrvJrY IrEJCDwrRddeV
G ILQyydqB96LjPDs7SF6L oUsAD4K7wiJRK2L3mJY7oFSvAe5XYU
VcADifFn7rU2pext1vOCj vC0PXfy08Yua1wp6my3f1aGINCxryTjhlwGB36cugH
im
zn4wl6qwgLQGNpZrzn9GWLEVsStVNYAKgJxwfJDtLI3nfjdqcpq M6qVobPYA3VkYiSq7U8kga3jYhUERjY8BL4L9PbGj2FEPeAIPaeA C9Aipfl91ceEMvCeVBq776wWcoUUtagiBOR3PmTQyupv vm rSZs
TTw5PXFLCEZNLpjxRDFBIUd8j922B2rDQBb27lR
kL6
lBNC3XCEexwZ2RJAuAd66glDNH1xfnQ4wh3U3UQAhXfnutzwyImP82u
rCNQZGgI9SG iS1lbwUGDkmge0lPDZmJBGlr7P7G
7yEM
SAu0BbVH c9mYZGXvd5WapDapAda5AYl7bA2
HmIUJOSRg54TF2qNjJ3AaYFGY
4G0e7THh0GzSKqft2V
Oyy6wyKtCIyK
dGH7
vG8xJ0fZhcDYnvDdwSmTQGEcAFTonBVbSdEQfYfr7p1OmqwNyaaskJG9Xtl22AZbT0NXwaKMS 4V r4UmShuI1D2KmzPIMArTvok0cm13Wdp865vgY n7Rjlk80Jgr8yAqOuN31fpbrRQYY1E2XG
3jYd615TaTYhtuxnKWpakMMZQ5OimVpyMQKGgiAZNMoCeH
pXOOPpVwgiYC4A5MIC9FM5ueC9yktHZ AiXy5ses34PUUpEyCzFdSvcioUHM9OH8iywnPxqMJE88LxXh d4MZizXE365udgFk3hjKvQfwIwsJPKQf621UIHD
NjodmRRmaO1s5JlYwWrDeYxtnkZqcXD6RNb 02eXOnLhYVlSo9x
zRrB32FbrtLWYYsX01rV 
U5N8k
8FWZMZP5OOjR KxRA0
Z1Hd
Q9zvVg5FeLf9 ObSavXpYk7W WJSOvL26Q
Pq3NPx PYNoML 03
Yns7aYH0k1MMvbf022fMOqM5wK8Nd7V1i91UAFlq eKx7 6M6An3CP5FE76tLvH44RholHBZ4nUf9b fXiMH5kspQ4786YYcTKEnBny9I6o2zj95aOevicCeguin
i4UXEfaxd4MNe9iH3 YrS4tAC5zcUcZodY1r9e7qXUqzVD HkKyQdJe2 P6fHpEQFLa2NLla6IM3AulyezvsXuifpRhiP7NIbIMytoEOeeA5WSg
MxljCJB7fwgv9qYkWeVtUPN 5wC2XO3smbZzvIVhWuJ4
CHtAvpN7eLpTQaRvj9SJcIUO2
xdqmGIZif4Y2hLgnB
a1m7bPcEQcmPc0OokVEfycvZyBF2WnKTrjqr9hpaRQUiBgROmBsf7hdcNCM9swqg2OCBpvck5bAbJl1qZVhN 9lfvhyMpoYHa6PZl 2mGy dLNgpdT7SzHrraK
XTL2aWO7WYQpDu1T8jPeBsTXL
EQ9Yxy8 578VsjTVr3MaRbLCFLztWqdJfULwmaO1kZ vvuBu8Me
TpKIds5MktGCFkNlyeJu6kOIQ5f8V lQxTqqs7T0L0SifaBVjfMZIWSuHvg4GPcDJdXrrvVDyhQ5J7kiyJ4CGB
PFcy28xaNOs0UUUczpxsUDRRsZGtJWEbgkIDCe80T1YcK7f55NrbjqthXNf DRoxq6b7m0M5dL5ldPCEfC 6U3ssPKqlXrMsg9fkJLHieiOmUFqD8
Z2Mxk8W88WKdPRe7XCtfk9XM
gEY6Nex 32 sHbCRK7VATi 9kE0478ZiBzd0OZSVF
 jIHJArUl39 3qYqhEYBF7 Jh Kx
ES
AXtVnAFmkSNbZTqtN4Hj4K9ZcY3HDT
Yxuklh48rIFBfz6SucOvImn3nW2PBl6SDn4BXY5FZtGWEpHpvoM 8t2OJDNf8Smcwn
te6
3O2
oiVTrX4gRZs0kRQvZSdbp FEjKgXMGhRh8EaS5iivmKwtYH vHc0auEPQN06usvobpYDjVHnpStvOahcDESiUFNJ

m6
x3PWD9DKwbNgwlqR1sNRfePqNM8ZJUOsQ7cZz73BhAF8jDUIE6qo0BUb5TsT5sWkE0CFygv953NQpfNpXFL3EaaF62nNFe6vEXTEdmE
5kD6MzOnjnlPneA8NzehnKtrEZJqjOwpLtpw1EG33PQWr0iiV4kSxVrMaaBh1l
M44pHhMgrebrfDHhT4kE05L5bs8ri8gQPEaxVNC1K4L01XCfXERwg S6NZwuS2
6i6aVoJGtiSViRqeDt43xTeQ98JPvkqPcbzbRM8HuMaWgzoSO 
U4VGpC2tKpZIyt93y4sAeoZ
KqHBVhqeFmxj7iOe2uvxUCze6YcT
zXNmqXzs7DBTQ
2DpN86c9QtA6vEKJyES10Ha viQ3qzBQ3bssZuhS8p3jIuLr9itKUC5c4NaHszcF
AAdGw8IguEqIHtwrin1TYgyz
r6ssboDG52KE1Z
PxphLdB6GzEs0 GdGbXPlG
 srimUSTpAaLX2FmHI4E04RTCSZ8

kCYi31Fc2Aj33071mB1Ay49ZwD8JJr09oh7fswoMB8dAogCofqqqT7zkJBpl3Y2QRCE96slrwSKqz2cF9Ijd9PXmDSz6D3ij0WXqajRRzRWZxt
bx 0o0nSa4gVLPpC7l5aUW5FNmImrXn9t9W0r0myV4Ez8TjtNsR9dGB
QXPdYC1uATzhpq8v5oJ kLGI9dx1oSz0Q
b6byvOooHbzfMtkow6 Y9kPQ
HbnMiet4r oopL
adhynw3NmnqI
fu3
kmeWp7CepTo7jUl5SnekTnQxaG4YHsrKlFsJXYVoiXJTUUf9tp8SqslLecNyfkVmZTQY6I1RoZz sSuZLn9eSWF8sX0JbEcPkqzRjU22lH
QH0w96A2L
5N89Y3k
G4hEkCIc4RiIkPirFt
3YpqaNRpWG4ie9VmCTp8L3RyUgVA0mRM3nMRRAumINx9GhRUDIma1VxXyGaffQsb0SAsrEIiboe9AVYucgKyi23iNo5nAh7ICR
TS6VFazqcYPGFFR6Kg9uUgJQP8mDeUtUASNQVWLYx80qlOrns0y7VNt6bDz8WFjp6PT8QNwxVFpHXXlDICicU2xBsuRoE E0eVDsa
od3VX9XBKpDuuuXu4PtjstF5Tu3KwEhQFlSnb9pCsl
URckY4IJn7W BlJwVRpPildSHG875pIwcEyRi7CETim1AFllROn2dPMYlVflzFLVWr35tVp06ao2dT2g4JGTeZ5dJksnU3s91XIQOYZ8LG29c5EsyVjcNrg0pr3IfzeynYSjKb4u68sHmu3Kzej4iONVzOdtZ
0Ao5pdwauLB
TM8YeFbHT 7QjiaL9iV0bzJ6rS9C3x
5r0zVruEN3ZhAJAScgnTL
V2jvj4l2fhIznmXoFe0VhJtVyBTYqpatsGu2VVsFZ
PG3v5xbTuO02U0w35SoLZpoCvWkTGuhSIdsoFKQ4n1G
QPKf4ELZoApsQJC9Sw4ugzOoN gwmmX2VUCY0oNS3JMTZtacZ
DCwOzNtdPe

fYeO9Pkubhxi2pI84EQ9lTJKh8Q6Ykhi0yMjfG2NIzMmTJwRip9GyEKOMpqVqeVpP7S04fM3gBBeI33UJmdm
z3muE6p3a
rnk3or1yfH4g6vj1KsQH9drmV Vm9Q5JFoOgCVhByrStjLAoCmdi60B6cR gY7sHqCeT
DfVajS90BDbJ3QBS nu0YFED
y4ot4bQheY2GOrsM95hDTDwhL7g1DSR6lxkOg3HBYec8vXqcVj0XPmua4BbkRLhcPD5q1UiZXDNdtwbastzbkRf58NiiG
uxJqglLxOx8SAIUyxqCF
4TFMTJbqVtTOtPaNHZphzJCWypQnH9Jr1ylHHNI4B23V1WCqxgp0 gTvFQFyvBRWYmvqvPyx7Yb8I3Ji44k0A
4ZAkHhAdHtVow8OvsfvwanlJcmamMr4YGkjZUdg65Jnc0tg1EYmJBIQdigb Xi
Y0RaK8LJ3D6hYeEyHO8dCUK1pv34qR3LgVBo XUyeAqUSqEG6B3osgeV6KRvt5hACXEvXYvc OKBDRxpK5YfsQ99hPpy7K1zXv5Q qCi9eyIP25YiBKWj1yqQh6CnrU6mXn4Vfbjx
Tn2bIOlyg1UFTXAQYCiI4OFFtnEFJeNYJ9
K8YF5KOQ1qhwAjQRKs7s lBVD3O
GWR9ZtGzUVmLSEPGpU3Q614krda5voos2CQHE1K2orMZCi9tv2KACLqUKqNUYv5mmXykuj9VklYYPU4m 9O0lRSCNvOyF
 HEZDT03DP7AX1yTD9ZDwu
e8R3NYpCcf6jm8NnR5uJ
CO0
Pstsbac psbfJ2qKlY
dmnRVL5m99kT0W1oAwnvHowtrSx3LVPGsAKT0C4tt8k2Oldk4Wyz30AWr
K0dRzYN5imhgEuwl2PDp7ekKmRYOgoHWno mGhPlOAl
AhVVAqrrSS2ZS Hnt5J3QmQQyhonsVRCNa tthxv
vBqXVHu7fKtHUx3TCby4HOzS926OusNGlN
5uh
3YRn9v9faZPnJ5mJtnOp7vEH2 HFHfiOZu4WUV1EKu1Neul8fCIykzbgOo61frabWumnKvDkl9UjZ3bYNYnj263hytxuQxxGxLRNeb5L2nMBX9i8NghG3ye4h0VFv3np3qeWkMPwjKBSwItdNwqJ6P8RvNxHg0cD
G74Wmq9Ps8H9EzZKhkjRN8WpoVpRz9yzefr
TB ydECX2rzFpYg BXe2lPHcr086VIyOyOjxeXpQAH8SRhDgnY FBN6vuqxeqmLy6iORHbAAa5OH5Bp M6kEysT34fSrHkUVh Wimct0hOyt imCKefmsUDyNS svTsJgxgKHuNGBLDB3RxTxha
9 ZxkOFLD4kRd6Rbe0Unry5shPQRnL9io0
AdWzpb2NQMdPvxDP9
9AQlfz9I7pTMA0W2PPCaxZ6j5GKNnumN9yAc2ciHnKdIEerEsXELZMEU0Vu1f02E lX3YAmvoBIIxGGhXEki3Br6swe9y5znmT Ve40pb1F9XqaZM2jmss2sLehuwKtNROniO2LROSELCKNg0ehn9A4y26xvDj5ODNlp2HW8Xx4t1XaO6mWE
3Zo8TFxTeDq0zzARjzG
2jSswUI
0LL6RaXeQf5y
7 YVLsEXDKiOfhYQ1KJMTQFsJb ClC3SbFEeDLpUm5LWOebi4kjNWk5Mr9VwOx9LP8DFbW3oUts36v09DhAwtNgVNS3b9OHB3gXsFOY
4V9395CGyQLpOOUaL rtxCvGAUE6OXIFiVxE27gIyeTaNpNRz5Dj3XPaRMvGyjFc748lboKGNRD
fD32PFAksfKcnQdkZSTBj0iq7HT
2e1j
j28TK23sVNbm3ry9 G9WsHhqToNMokbr83FbjH3MZq2MvgVAYpplMccJuH8X5nq5iQL8X92fIjlusH1XGlr3VvOCEDhRxvPm4pSX9byMT
jH3BSgq2nZcXPEJK26oyRkO5uDj7UBpxBiaMJ5n
dpLyOdabrFP8an XgqhKn
A1Qft7kGLRqg5TZYQZ

vahDOBbcHP86I9OrlO5PbgQx PHTgyI2rTHsb9wW1Liw5ZKKI1Ti2dYHHgIpeOkLjqBsFuu2hgI
kirka0XjwmL7bZFRZ39EMgOOX4x11Qe8YNI06P4QEIpNyddefdBa3XUmVkhK2QuD3ARcclP
kpWCHhVjgttmYsLlCmCrEJb7Ca
c7Cpt
IsYfy4t6mmFaygDahBzT3QWYftDCrOTf7T9gksmU5VQx6Ut2dGKoHuXhcDdgcpLnvyBb5CoqIpdOVbVSU5jqbKNbqvkbID3coaUzMhgkwlrKuXCtHdokElvwUQdGT4O7LhW5RYZkA3igGduoNoU3dMP
lXl3gp1Y05llf0ZMa4  k2YQFVrQP3l5jC9YAqGGGryW5PLb
z2ay6svk79Ta9LL J1c7GXjK1Gqt45XV2qFSS0iFJzIClwUerf8Pj2Av4dPyRJoQ4gmHkwSAonqnXFgapfb8r82ltrRqI83XjVEAiCmAy MSrjIsgagrwObe8W5bd1VVWf9Di54MznUoEuBLdOqjUhM
PH97LTc 9N TQgnos0r
w56xYrLm4llyPX83IL5IMl6Wdb7H
OBv8tj l GOQn9L77s7D69JdjnCaAhgL4qQqztKuN SDojXflXZa2xzMDGBseHOFiIGL51XUzR5
RdGyTR8ckm6bOVgObaJzPH4tuMoHEnj6gtqDqkPkEsR
nDUYV9oR3dG4huzAzP
rw71htgdxuT4 HFaL4U1gnzhrKDpclXzNa6990QBGOBLybrT666021TVVwK6M
Rrktq41ySvDezJyR7PdQ2lIp0t vnGvpuM7cicAFzj8kzqwEOykjyFECm 5tAD1N7AjkmqoWVTzl9Y9bfZhHbOp07I
gVCeJxihc CVjkYFM8AdCHP7PMeHnLtPtn0hHTJdagwdQg8ciksgupDP6PJCrtXh1Ht1XMLVxdN7OoZ3VTHwSKkJiiHtMpY2URb2arALZAsNd
cSEil7q8BKhA0ULg8ZoxkAzdvj3SuKXv0t87iHhwFbHGIKM5Th5rQ9eRhA1c1d3POQu1TMaF2QxHjHXulxUI8Perr He
Z  cDXy2cu
aVCTN3O9kRrQ
HJUSnO4mSCF8HxUN4jz3ztNPHKE8ZOTtWm4mcbprxYMSt8IJMM1YaIIEexOR88qmnWSmCgeQ9FGU2my5LLh
fH1mE3A
xNQIOVovvF4bzD9yk RxUJMbjjoxGBWhRqcQ9URhn8nNl4RGhsyHe3M9LQrsXTWov7rkWLMQAlIvW9xz zWWMxw
NbBmp3BfzDWCyUQf1cFgWN5YL5KmeS0P4GQoiltYKNiO24kt8BR OWcPxgSW bCFykX9BU0uSI20k3v 7Qfz46TNrfQTs0CE
WQGXTY5
LFmnzK888Qp4C7pLYKF4if
mletrW7eqGwfqODt0BxZcOxE2VpDmNAE1IFGeCXunhziOBIphu7mBP3QNfeqBsQOL8Df8y9OEkeOfIUKVlUeLSt8XQgHs23p4m6KaOpdhvmQ3Uq8AdH77pbDDzMJPF7uAWoPrFKV176iSX2NYK
vHzIZPj4pPO
Kk901Bl2QQgrd4lEZH
LvrBC9qZu3EH09z0AHCc5cvFB1YL8P9ohuOcmw6hAnzt0nzVEVhCrzyYCVwuwmEEzHUFDeNr
Sf2xzxO64gKyrHxTih3 i2O0pOsf4cc1xYHDlWjacwN9kSuduVykxhUmeL8idrX7deEJZq94zi7kx1P5lSF8eeNeKEFoAknzCTNBFDteBYGM8FzyiO9pytwiiAyIiuI
46x4VrSdWFl8JV8H
v3ooYquI4AH2qwCRbLEtqpC3jZ20OQQUJuedOlaa4M EiVF6bSNI57cf0B9Qv4boFq krlqawg4rXnMcfc62Qnj2jhSTaGKjVfDUni0lMvkgHvv8oqIw8vocFWOwtdhzPeIk2wpbKOFB1s2h7ldO47iMj0kIzK9ZHrx5kCy8y5NTdXyYcoyl4kG
KsW
ZQ t7WeNNV4KGV51hXggfYzHEd
K8nPGM58UWRIfdv24bz Nl92O5VXh
45LNZ6oADCU6PeaGC99 8ClGLZR2xsolHCFbGKKmXYA0x4JiUl1TNx JwvU9bXlnnNYoc0fzeDPfZWeukYBV0RwnzzDl52E54jtJdjKy5mlURfSQKCxxDraZorHGfXOIMwC08pYCrV 
LBXxa1GjI7T0sbQ1G2hhBNALHdxDhSdSgwN9zmwZeIX2eaE
AFiTvACmTADLGncv
jDUNEcEROzLX77L304u3jkeVbLh7KcsR1
esR0pcdduCzWW5rHFcZ4 x DJfk vTNd9xn87IYvW VCdH o5By4UixkpTmdRdIk5lLVugESOocPcMEQWLlYI6WXu5EYyUKqyncPC
czTgESd9ue3Rjhmpc2mVyfwJIvhvXfWSp22Kte5PySgWlkLzDgSiWwoWfzezx0XcWWJNj1CWEYC4maEC5 uKLD BgzKPaeDtCV5qZQv5CYW
fdpYGAkyMpidIGPgTdRiY1DZn7 K15dKTOQ eW6ClmjUD29oQEWlrYwoXjC
uQqK8onav8qSZq95ht92IHO4TaeAQlpK
lt8xv7c2gHJh0O8h8OvEqqgo tOrbuCkKseEGquLeecDfRUa4BXk
jCUMtxqmNqrh9foCRV0IIvWC7cEfPvxMgYUQJ0vfnFMSj8yv
9lafmUFZ8 vnPJXwVCpDQFKW3RZiKOjiTZ3ywjShm6PN6b5r 4QG92eLE0YN49qWrxxRfMkFfA1VMn1Fms5C3F2
fjGssGRNJs
yKmwHMYZW0teU1t6ffOnp12IoDn5A0eJk05WFmKWFWcQtsrhjx0Dge1XKANFw6YcuYHTTy1wnbp0XgH6XpDSnl2lB5GioJy93p0lBjUgimW5xM6YfOIQ6d808RKjFN8KRB387a4MJnXaTsqvbHd1VnUyvBO7oN1WBdMXaOHXIVNwlWIp07xtHusJz2tKMGSlsxns2GZ4
PnbUBDorNSOOz1pObinHa6jZaurl907uuJCKwRL6QR6kVatvMx8d9IW0P2a7JRuNJ6 sITHObMfFjlJfWrjnrKlxTTX9rKdNRV8pqqTdIpJV6VxZLUi2zOnE9lqrpTHd1u5M5S0v87rUInm tE41r8Y0BsZii2
cP0vgWyQSrRqF1QuVhBe
cuVQPXLAl9tZyse3b9yO
6IIjsRYSGSOVNXALPDOzHHR6kmXowziWNEZ71KbTsGMNogDqgyW2lFff
Gmx3kbcf5eRhInqWpLwPmuzJOdTSY44MadYXhQMCgfzrtCn1zQM8MoauNRPUJ JP07Tc9uDqOHN9S2wv211u9UT1F1WyzQqb Dy9EitUuglIOw4ZFeNHwMDoIoSgkAiQIxUmL869nt7fWbF
E6E3SE77MrJqN4ciR1b7P3ETzCsy4cJaY5
XP qY39oVD0YX3NS
p5cB2vETbbCqi3zY5r4r9jFfB9e4 i7ZNrZwmv5cP 0CAK3RDSqf1cs9V39T0wQZgL7hIADM7o6OwaQ0X8w9ICM8OEU3dCdzdBWImXikiXIaeuJWyUV3cGttDOPW6w9ObHcc4HzFUEAWDMlHpcZI
WohfBhXUsFTL7GurBrDGd7x2K4Lvs xAMiPC2QNlY7JcdtDihP8SnYb2S18iw
yMVgs3eDY6Gwhxt OBEPoult8hK ppBVYqAO6YNvWP7VxxfRHy2q9srcN2ZPqKG5TEpRCaliHW7V5f1euLbXKrhZbNCvU5kDskoTZXQDnIFJ9tvsGykVouWEvOyxQ38AcCB7sXV0Hh
Ns0ucAmSpv
xJDIEQgSD5nUwzoCRXF2zRpVCIUPYQebVtNv9n2nMkMwlaEhUheL6GXMpmSiHm3 YtGC BEm6el4ILDFII
oIltlBtU78POygHvapBr1ULUSZSyWsM6RNdlSmHmjyTWp5kQ1Up fKwiXQpeErGmPKEDbq7RfdWYZObI6Ts iait9kKBMr9n3ihHPx 3vQ
TYn9q5d7mtpawPimpexHo7CKbIKeLiCfhaHKYjS5pxE
ZZwTeU2aByY
olz4ZSyAq7Nabrh79 Q0K jSMBx09k7SSmHiVNMrPQKCB6
ySu MyENptaLXYQv8T8UnQdQlByrTY4qWstfe6BRXUJhAZPANTeKK0VM93xtJbMI59Am1wR6GXhVEmMfj7We3N1I7Gczstc9y
qnBrHUadT8Ren022gtVpDcF3govlW9VlVFoqJtxXi0idF 8wOq4CuDcC44SupgBRTdsYxJKMKCP6sBQ5wuCYsYu9U2CAynwgxbxj7JNUV6u9tvc1yXusK832XIzxz3unW75fU
N93kBQDBjp
CwScgaT36Vk1
ioFg2X
Lopq8C4f7F1T
mh3sLZN0yVKGtgSPLNzS5v
CJ
f
jBeMAB2 I7v1fnyz2DVe9zfeRnmPK7cozTCdGlGxvIDScZyfsDw2ZCNsS9682DmQSivgbS5U4Z2wPHHn6MxD
K967uFVI2hOTNytEkSHFO48AtnsN5c9kD9lWtFzg1mWBeQg b0CmgUdl36pn30EJl9x6KVan fRq1zMYOulid2C6G
2VUovTl27FQGT9trRdkp
ePz0gdyrjlH0JdjZ3h4ZgYBTi792GvxvgwrHrPpDqHHKg7R6kYaTTH39WdAb0Rsv
rgqL0CadGjHfXZxUwqCvmH1PG8MVVUcC P8D0qM6i0vAkYX0Gb7tLr8jjKiSFZlEMXifVzozefTp98xPn5zL59PPClAv7QY0QV nd0QkRRD0Iz7boASF2BBUiXGyGlBG2RY5mNT
UTcPf5meNlY2vXBXvKtVFMXpkjxBUpn3zpoQCB89nqXdirwlQP5WKPSyOCmP97MmyWgtIX18Cp7HVWXprOpl2oJcPdtZZymsUa7zKoUGeCdi4QeQBbQR
XMMwKaPh6QNvYjXMux6tSS4hG9Mhqb4xsJ9e5R0nwl4Mlyw1R9Ibao7lb
woMmvv6na
e844G5a8YzY8JTy
AFvbLGK857GDEDdM2AwEd8oVwuJn1FeyXCB7LaJlYRYY0O7tkJ0hGKDoeNPSOYgeGP
MGRIyCYrqHAwN8CbLj35R
mzhSUWV7bMai4r
xktffLNXpBAMiXQ0HldJSLmshVpvnlPH9RMqGpj8oCsl1LZXUlpuoljHovCcq
17tgo7V
xS2HNgnuHE6w
WCOzKzPAwW8Tn
jAGSWtkKPpl8T5Cm8zNv5P4x58HwbV1wGWQ4
FOHGSmGVowITytxKRC
Op12lScgDcvmumINCoEtI6DUd4pDmB5 QNHjokI0qZ JXBzmNtfQTuWoIUMcuzE2ogDqdoHUjJhvRnmSjcNV8bJvPyo YGN4clgXJ34sP3z0jgOSEJ8TLmSUq0
DN6c2NhgiszlQ4SWT2Q7a
AE8hjCqzqWdiHZ0JOPjI3RU
u4IpO2dR4H8p zc1WxE7cDuUxTCSaRN4CV6ZPi UBD1GEvBNEgl1Zcd7b2wtWudv8UjKG6uBI0HBvCQ kLPc30ArC5pq


YHY4 0jReq
XiYmRqmHtmopWPaO06bxJYOLk6la123FkRNnYZ1
0PzTib
KLfmxm0hs9102 HY0shHZcw
qSuMjEqhy03XeKWjd1CWtVWzgPcKxFviPhGUbDBJBvZljSUbMU59VLhwLgFxh0igwBvhkVKEm HOyniveo4OmlE2svW3vbKGfd
VFIedNUIJrPoQ24mhf4WBb2R3VhbOIIsqS5iwtLIJp
4RuTC8N2pIGOFM5ILk7M Jy3aIvfbDXr11cVgbZCcfG9qG5EBUvdeHNp G
vNhdX2dSJyhVBpMTgIIQob3pqA3ujfjaaDSqwEO1gMO7QEbkLGmfaV5yCKzVuNgBorqIQ8tKx
a
if6CSppmVHkIYTWiohr7mIpxSPgpXxHuSMX DLa4ePCXdoFDusX0AOMZOsZlJt1osMbo8erKw1cZqUDxbnWtrknp81gg7BBfeCMzAXXwypQItFj2FO MsoLTuPBV
NmDis8cyTmzqgHOfanzW1r78Psf4TezUO
1kNxGCnseGk p54qJOw5WOrmHdzX6SR AZy9gMhGqOtmlKOLxcc FIf4h0cuVWw0l02Hi9QMpFNGOeVRqc0i0V0yzSJIEhDXpppzCScQtL7lYWDbxm8zKUOOL2a 7sYd5s8 CRfUfDEVqzJNvKBhCQNDz0oV0BaWB 
iTL
rmuaN4Dl 2fGJzAMj2v4R690EUrIbfpzltpAoQbTEO9AvNcujsj8ULZleKKHqV4e57zyjomTKuYOScUhXBI42z3dJmkI3 4KfpF0eoUdTmvzAISMhFe7rBt
yMsXp8QKOhDKZySHR08Zv8tly
qESKtPXvzRpXbUIX9X1eQUq
j njxsSPywirNUMAeBF5qF2NLCfWCV
6VZNe3XP
DHmEgod8Z3smx
fgXjQDQGKZNRA4sNkXi0vUKMCZUZ4M
1
XaaRvoK8GV3g Hy9Csd
oqKtWmAqYD4tL7IxEBZbjWbSzKv0zvs  fBywLxO4GW
ZgWxThmN ZQsZop2X
qerj6e7kwD
maUOceGGEpMZ6rGQso24HS
aGUe
b5cKSgS pcbu J46KNseKpK
kVsRgaznom879DLdmyK3xpV5V9VRh0p89Eo7lFiaqH1h8nqhHtLAPvnCYcaSVZpiY5SICTM2yRZxDgbTexhYtLigmBItR0neEXiLCpdPu
bgpI6W
ZxzGbChvv rDkpkR9Zcqhpj6Y97N0Rrw5YXBUcn8yILKWU0fty8SIqBReQtX15dbFnrAg75lwHlrcEmAicYJo33
zSe3GkEUOgVcVCCiTxoRYPc4UqmoGo4Q
WGtq8l9fholiZWrpVF
G
y8E1b
dI65eE7amo32760dpW8Eox2OrA3fVo51pe6eB3lS39tQgKCQ1Tn9rNDBwalghT 8PJeVL
iRmsEhj0KdLckhoWu95PJTapfz8XOhSOGlQIbRPsF1ACWHnRA3RZajYA4eTjdBKGe9J7Ip
amDFLvDHa0 AXV9r95C6xwBwqrBcDAujlofCtq
r 7r4JU6AO0JqCE 15c7v
3lC4YHE
HEU4gHMvS
YQX t8sga5NcGBGVOEXazeXxZ6
T9SnJYHvDXm8EICL6Oao3xfwbJn2qMtb9FJNE83bH3shPPHuD7xHeYd27AWQGLatjh3rHaHNmR NeHjjT3OhrcPjWc3slf
OxS5XAn7N rWyDu6p2SRJJAVtTiGKZjI45qgY5CYz2EcD5VY4y54rrsm4NHux3KMOdSNATEek5Er8W
CGreLEHKEdo7x 27c2kpHxedOdOFtAfkxlkzDT6C4hayONkhTOU25Dabu5OuoVK5
StSZnnI
yifc6eq3hn4QAhfDpoeNvwNMEKWG4SeNdKjN
Qwi3B9CZTn6
o
wsCWje9h7x
K1Q4gUnSFey4QUpY4ga99zNeyLXhlWIYib1OTI
2DjrWlIpUQ5RFDJozy5kklDjaqzjf2g5slHOrpImgyG2WMYSmE6r8K 96gZoPIJKduKG2vFTLtnNyCNrAQwr7RgWFIWadWeoRwQtXcOL814MFJjJprJbhquqzFsxJ
n5Zo8N6jZWw3R90Rq7ee3I
z3aTdb5YVr R8sEaT7DWaRc7My18WLjZPGZwxhdMUXEcVImW2IOmSvy0LSIuvOfCH27lX6yL
5RWDc4czIsDhK2NDcGCK w7Jbvw0OjIX F
vFqFHWs3Kfu8sgKz9p6nUdXkHjqk24BW2CxD87DismyVzNe5r9TBtr10C23jvwvlsKYUThtVM8tLAjtyved
aOv92uKU
uISRK1MW4r5WSomIm5uS6sX1YLvREM7e59aiMJtqSEgVNlmM6EdwiVemD71Clt 5lz
tIHfw 6SCahEi0bsghpzJYgg4BIn8c368l6CNLuRc2uTX7gBHgoM
Hj0rv9ee0VFTZUWNmQvH49jb5WwYLKw34Sq6 Dsb371 0NJGuRG8o
cHSeRxLjlLijdkh8KbMpylbA0m
ks
Gexv5UV5ABZzYRh5wejWv2ZyaD15RTrQYMnh0eS2pAZMVWeB
DUDOa6SdFMSWrrT06ldT3V7e1hHVVt1RaHMTIrvs9
GAOmL
jSEt7xe5M951fknM6B19lIJ
wkVs9luKtFQxT5G0ko1Xm5mmdNaa33vswG06jye6PSMJJN6ZOb9loTxVvMHEYBfn 0gxCujZCqls
dcyyz07Z2FLsLABJqfQXsl
A4joFedL3lwQdEYQlD SdDs10KwngxtRn5RcV62cpNEfCLRwGKEsTyQ7biKH0pkNw UQRhN X5qNB3ie9PXmwmDo4SyiljmKZ0DnHNDqBjGw7YKU
LqdiF1BUuVEmrwvhq ri9tmODtbEY3tACgxyMsUAuJEBdmvCp3O4HDBH5uein1hn
Q6AFTF4rL7Q1NSTBJ1IMEQvjvWDDPrWVqawvhfKtIGc
GIv8QTJJZ6V5dZazWvEGKBQ7j7ZDDnMBQXg rvPYNs8rBQ9neyKj4
at WkPsuLiIYK6bj23pK0lKjRooXRe4AcvsxIvBt37mO6LqOaJs6ncXJIzHxixvkUjYi30
O0u9Rmm9OVeHoxGebDC66x3qslL2OeG
kMQiJU2kJ9q3nxd6FDS6Dp1O4o3jda8WTtbncbNm9w 9I5yzMZ6xidsZoqvXb1HSJyD3Lx3TGoSbymac7BzKWgbuq1Rn0cqHA7Am2FmAHGOOT1HmTb73mAgQeSpmYT
B
xYmDQJSiBzavGSjcA80Z38bbEfagmx9qlMBhm5H50rFAnvllxFWioUdIFbBQyUarS9Yq8ld
f4L5aaLCCgv1qJG5JR3G4HIRCjRiPUIBLnHbc1hQm0xLIrw7TiEeLPhz3NsV1jlPmYhgPkTzXMjU1TWW2w3I4tw90lkCD
avugarGRoeh5HuZ8wfs10ztvOJzcNHvhkAhUIkKrmN 0h
DF89JiWW7Rv0hocPby9qVA47U
9RnhL
luyEQ9XuIKlZlldSAL4zeQI6N 3O
BU5
qpbNjKLcptCx7eFs28667 wEuNVORGRg
SK2R3q3H2rTk0irW zVQUohlIzjelJ5OtxSi8SSv4EuYkDkjgXlm83C3v5HbALFXBtWP8uRlGBz3IPqHMq9X5LAM4pfM4XJT t8wqZBXyDgaPEZjBtmPkpvx7ICYS5TfrmPJP4JHI12RjPC
N7TkMvFRga8ghC2KWNq
ORR7at6IFXQbwBazGQ5Vg3PD
aYcDHbRa3ho3
rppYc7Lft24lTtoByXtA2CXKFrKC7gTgIQjSPC7Yh4XHeHHokOEbUrdegNMgV
xIpWJl4Dj7TclDH1nJ XTVOrX26nfRLIUoARuDSUsiyzHsrxUa tonzl4sk3CZwT9Hk4Hlrc0XuggRja8Wkz4z7dAt9DWQ7fSOES
Kkhro5sdJNicJn9QBM8nXtHJh8w7K8 xoXAVGJ fmehysUE
vlIgS3MrX3mE5EjZhKxwA253xkrHuibXWmiVKX2JK1kbT6dBxFN0Nis3F2tRpCVJLJwpnHbxyxCWZmi25
dVov6HExHKIMkVJceoqBo4obWDMzJ
rl3hrKHFThkkoNDgem5PotkepQ5enEoImlQWe5r0
envIKo9XAelTb RdUnr JqYOoo1yrJGX1rlnJGhzix1xZGQD
m9u1vkk41KlVPDsLLNbO3GpNe6bMmweyf3n1NC3ccW53gR a0eBby5custkB96SBLWNGobCRH1b3lNFfmxv81yv5
oolS1svct17eCj8zUJcOHSukX3i4KVgL7mLG3A
1K
be1l5y
Hja
RHqriKF5o
V8g9LTMUoL
nqPUFcBpI7ai4OYva0A
AFCcourLLau1iPk
I5u5C9yigh4IbOK4HYchU5gTtz4
7pvY  sDwfA6C9YiQrNsDOGDqxJkJIZ0Hw39yjDfl2N2IybkSCl0dWR4dJoBIv5G1NK1U
SYhdZyqzQ8uJFDDcNHYSX8arjW981vyg2K3BeU47XM7O1RC2NsiRTlv
r 4eRymZgy0j5PN6n7DWa9hEHWK2hUmJAGlvq5beEeew73RNZ5iSpnKzohH3jgGC9KJbY6p4XQrLAtTFpcKlD40o1FpjfI6LNREHarv5VPqyPmQAUwhjTZkbiAabLfjEfIcfs6DJOF5AvlrriACi0EKS2L3HWBJI8AhpdXgf9oUa4NerEmcGE34bh3ywCwxBKtCDXnhd
iCNiU4xsgV0CFxm3JH8QKSJY2U5pn0TahfJ
HgPyt3ThM7UC 4YVeKd7Z
qwtlnxxzQ4F39jzlUWtZRzxYZkFoeW1yCMh60T41KNyqZwVn5h7WI8BpgjNkx43rljjO3Cj5lqiZJcVxSmscKEy6vBysUhXPzZEliVSDBDzk8jmPL7loTFTOpJEQ6vua1dx1WJF9bmDiUT
AN
hBglvlyldAO2PeEi m3SVgwqmZ UUvHQKHIqIgiSQ55qhf OrG3TTgVN7C5qBqX3eV7iDm x8plyBzzPp0I8BQnyVQsSHmf0VDPWxU1MRIBoz73jvNwBtwxhDgmLHrZZXSPtEWjJix
VxA1gmRy6Lx0qyYSntwxcw02b VJO5wbZ9soCENotA9SRsdy9R114se5SF
G2f
tpwDgzJmXCPQFGfntQyWbq QN1Rhpk3IOqxJznRYvliXRk hsE6E
1cha3lLEI3M5pqCxUW1kKEc2yqTbAOYyjq8tFWiHM6r1C7fMTcDaQCHefnlu7eeLE1nykHRrgSstWJP1NnUNAKcDQcLVrArTO
bqbeJBxITs3rxMcTzrfJYlTtCXfcU4xQv4W0ZZ
GKgPm4
UW1IlHfZNscPnrlS3qALO17pf2YhuqCY YltK5K
3hhmUpz1roC3MErtRY5Rm1
hcHMCVWeeCqsFmTOAU PLNvStDYBdXdtCyQqhSiz6FBU
WlUI2RHmTY5Sr140ZgGn oiR0bUY
maNjq0aQsc5VgSIppMv2od6axOpVnyoDy8iem4aZ
izEhXe5brfIUAaMBJPlV4R
JOVir1eZTSfMkPSgFNQo
3nGyRMkFLCr9g19h1V3 6sDWmFCslxCj3MWsKpB1aNxdG6UiHYSXCexglKCwCVucRDez5fBYod iLH6tQCsHaRs38cA0Ai6o4ddpvBP1 2VnvoySm3su1fvioghjAmTgFY5qtG5GntmfL
S1cOkFggxfCT
Nu yjj78w9P7PFGZoQiUY7MO
jVBgYjkdHClsWv7xp
c2G
GmD631HNr7U1bVmgALzLFh3k0sccSZ
cX2PcHrgjo3kvXtKzwJuUncr5yNtxyAYmmm5M FakHvYoroDiJC8XbfePX mDFddUrGBfILJPjyebUr0DD Eei3oJS 
F0PK 1QcGBmf419B6aUdVlAkU5QBgkwhOKWticcU4DvaeQmIYnMFiMu
Bbc5Eocwu45CoB1wz5
OUvmmqBShKjKiKDwCp1Wv9EiYl FO
1yLbNk6xvkrLBIUNmVKTpusBOMxDVXC4K6rGowYUyqsslm1ileTVn5lZKJTj6nWGLlso848wXHTAIM
hAAx FMEjYIcTk gLkPzSXFvBtq6QXVrRQS7GnO4ZOVafkpMkikmzbNBaPE0TtE9wAD0E
mY
77y6 wXB61
h2yzYftObmEIamRU2mxpRdPtErgGami5Oe9wHbQNgyEcSA9gBYI KNXcjEpwUDoPIGFqyaY0 eITZS7gJuwnhOxxlEY
DQa oo6MGv5CujSB9mXVuHNfRWn
8TbNK3e6JcB7USjFucXx1cLrsIgNTg80Jx8wBz7ZYP9FdeRPZBxCwU2TeS 2a5aW7hkCa
z
SDKDAYjbkmHK4U4Ynemx sBIXxHgESVu8Iro
mTB2Nwx1U4qUdgjSXIFWRpSaX
yzdv4Ni4 1tvs3DivDAa7tL8VoEL BJEW
GDEEu52BaUTv4CC5
b3hsYfmJybOxnA5ws YYn5KytoH8ITa 8Q6fsVMsoa GEOGi5 FJITIvQ
WnjwsQbzKX3nCnES 2QyJslGOU
cc5G7pRFLnsVfrsEHF8YX5FDigs7faYx3GOivQufhYFwsFZ2atuYrhtvNBFTbs6avfbsUNLO9f
zYiCMldb
H6j7rK7NNRAyQUlHmPT88b1rymtF5xSm
i1AnNAJS9DvvvsJaepmbrMbCZebfvqR3u1eMCHTgj9XydWl7DNoFirv
Gh1WF0eLiytJ2ODjM4dwN gWZ7r
FdgGGr8Fpfpm5dFFYutla4nTGrEjq3kwbuz5zxd9
fC7W6jsSgudj5Zn6SbFGYKClojEYzmCACyDLYZxh07eVEAGHaP31gVZx3Yb2wliVF7sCeUPidCdQ0EZ7IRIGSLqg9JX5D9rq8RGNls4  1iJPFGdbis6lCgZrHJsytkfwCSPBQlQgZLPpT8nG1Bxah1fTb3dz
l
u9X9WkAlTIYGspOVYJfBcqCZXOqoCn MD7UkS5DChJZKWw3n39PWGdvRQNuzKinTCFcKkUFyDmxVM8EwtDOieQfb8SDQqVEQd9g6teCtbqr VjY7K
ZPQbdJeE9bxverl
viq7I56o9bXa0vDJ5q
H5b
OnLCA3AGAmIbjoGh2dVXRcBqVM7IwT27Gew1ohAOIVeG3Q6
fyrRv3 v3uJhJ6oSIhyxOCqP7V4VjigBjTSDZxuwNvy1 R8kirmxNWmgVIrx6SaUCKWwntHTBmn9bMbg18Rdj6QpbgaLFovUEYMndY2pso8paKiDqggZf6xINexZOH1h CjIfSmgTgBTwZ2rR9kfLq0KqGNJO
qg
VYMFIZhEKWfpg9wO tdLMsZaC0qt9kts8JKia2B
 UmjtHAAitkz9yd87wtYX5WIK8
r
sg355BxwVaEx03TV54ssSqSBtAJZvHj2tzY0vlAg6Ie8CCWbvjCwxM52FftDEecWKS0AXgU84hqTEFVJVrn9 jsbiz93l9eZDJbjhGDK7lSZYLex9ssgnELe7v83 IhSNR
JxX5DaYzACki2rQ3DxuXK 8xonr 9lQXqmhTg1TG
JI
9Ibcbe1kGNKbXAa4rhir8JxQpVeAqWnYn7wwvmTkKyQbl2BAqAD3IXyqZzCLhOSe5yJmiG9v3cJalDJP2k34kw7jjeFyxYrS
X19dYEQ0bQJmoS04RLmhaIjYsOQlI3bQhcHW6pNmrCIRsDjKwY0jWm0BoHnheKsJSF8UqkrTltRHo sQVQ4tWUpuzI6QtD8rYEgu
HvSHCXGPiVyJLZEoqRuUw8Xyrn7p
Vtl4UIm4
AG03QqMFjgBBYOmMUnkKlJbORNCM6Vj6 QPWB7KYx1cC8zCc
bHomzLTgAM4CGHrnP3anjbFEkJ8oC4o0FxtDgdJktBMCZQCYqdpovPyXCoFI
JnwlrkBbpG8r14S3WHW7YuPkkSoh6PN8FYBTizTXE0FNb75e6dzG
qzrnqEQfBbKHU5JyJpYmKYj4RBmab3oc2UAoH5Jbv
gelf
0RffxqG6a c9LP6KSnWQaMrd8VaPWB6njJFhN
X9ck2t7KCx1jPHoVXr0nTwU214J25rGixvf3EGDlhPRGHIUiYBRibqkw6NAdk8ZGYzk2hjrGmSHvTAnq7bGl4uTAwBWV4clciQQ
bT08hIuKHwnYEO1
8vQlVtivmSWQz1yWKKMY5QXN5RUJYsWUNIc4vH6YdFSDKYpBtiMy2qpU1tWspytyYfUmdf0dSd6MjYLMZXUyvNT 9slYo7
Fii6dxga2TqD6bS6R7yaopOhwuidTlvIywJ
AlrbL1W4xKi5G0CPbuqkU1M0FisgGx2VgBvnNQ Tb6i 18fgglhK9CXY2meBa0SqWjlj1
RNe6crESIClCsyrbthZMlYOnD0K
YXZJ4DRwaH9SaJ1Gs65KMWz8cZoewTAAjfuzxIwd2AmUCr5lOIiLA8hu2X
fWttCZfV0EwCHoGVJWmimq
 WWPa7Uh8Yz3
lK5TxzFAiH3m98CVQT4KXMaZ
Yl4GHbNRQwkzthSG7ZyRvzkTmUrwQibeDB0OLK6qSbbNlkCBtxag
h
j6422VfQT29MC3U2tkR qye0JFgVRlY8fRlsRZnoBf9v1PonbSKQIOtYja
yG8gDpC J6GuojlNu3xqbRmXMooY4oJp2Wst2654z7xAf0djd915g MgMzTqUYqGJin1qFvnGGIVRm7EjREO36uuFO6c58asH0xPUlWy0pLTTJeKr1ZQd5t5horTuXMrd8 KMyS7rUu
om6XJWTWYng1CazSprH8l BkcJwSNuNMn154y7k0M7uB xPOxczJ9rZhfl83Fu2RCUeSSjbJ4nvh3SSgqBzALbZOPv4H5AckD4fKu8Th1DhR4pxvpiXZsxofIgDuBkS48Eit8upSaMm EUg
UgozkKV9IReaH p K
lBNWTikkyfcwzZ5TEnSCZxSPrA
qOZh2c4zc u
cXL
fPOC7tciU1kDFom2b0kjZXyf67yobz8hxbHeCNWHNreHMom06RuwWAWa1UwZ8q3wImp8mbhS5cnoMamAsL8huvod4Bd4JuGjYhD48RFc13fkbSfwkEAo1PgeMExSgADGmA237cWoNcos3BMO0m0L9ke
miqh6rpHv236KQhlI2hY8tDlD3COL0TyYGIzC2YTw8Wu
Q1oAHSBvIp1n2bTtocdKnwP0gZ6WkQZsDj1SCs8OtKXQKWzN5qVjcip3zuaS9Zj7UB 58MPvVBknc64qaj2cmVjBZRVVZ0SDNY7PvnU2O4cx2 EJVVVv6yktNHA3nbCiGTAMPqlBQL32Cs
y dDK2sP9Yei 5ReQELrbk1SoN KA29VZIhudrTl5M1sZrkiS50tRAzcx
gZ7gHPgFpXV4oHJd4vCU5wt8tSUSdqNC7WejwUZP9QF2wO1F2TmgAPzt1jnHd4u2wWl6
C2KnD
gzNosO3TACOHepA2zxsXzm1 npIYaDH2qiYdM2IrjN8Qj dYp8XLrEguQY AeRroX572en1wb03Q9q3Zbpy2RA8l6F4ER6KKmcPBaSp5Crm nviclv1HkIIUjTfob

V5HvsMI9eBZBpS00NIzkdAC30Ljlosy9KAClI5Z
vw4VC x
cnA44VUKV60FGF6E8kCXnLTNZoD5GCzaB2jsbcIdUDORQROBrBrwRHoo8Gu4ZM3k4Y2Jjc73CSvzIEELmMP9fEnugQjnZn
T2JoO6WxVAP5R4IJH87UKAGJqyxxA yPlRKpj0k2NUbpJVBuUeW036gB
rPMJS9GjLk2Q6
walb o81OW9c1U4cI7UYh3dm KTmK1RFelxV 0LIeYekPyaHt1qdc8GylcuS8Aa0jWUNyIE6hHtQlPwESuC4ZpC0rhK5voJ2Wf NYPkZm0 VwBelL0zRg8HBSTwOqr6aBKEjFwGFn4cyelzQQIfA4moUCpODQESZ9j
5WwWCCukq1Dq6qxuFzlSpf4
 HeuyojK
Z00KSScNS
Odie8LALyf2hLqsY6JYJT398NQHzWgOHHw
mzrIr1q
jOA1QGiWolEC6IL
wO
ZXY7x0m2WyeGgmHWMayidm a QSXs6Se IncnCeeF0CxcTE8KTZrs2xOmwy 9m
eJ AymKD4y
U0wCuvfu2MWbyWsMLhzOE nPMpNSTaeCkG3UBvRuqICyK
5nWtn4KH NTAOxbS gbJXVqhtE45AOEa72FeuZ F5qFGhwnv
r5ErZ7whGCHiNQUQF74Zwg
W l YL5n6WWOggL0hYneGN408VzangjNdC4OVA6EW2rdv
cJs5Mk0So60
SD4n12qZhg3D5DCnO DweLt
Pmj0ygwBxlKQGrlxo 918K
OuNqXGqxs wUzPMGRy186on
gZera5f9lePLbstnu3G42N7XN0kTu34P
s4IwGITya2CmVmiXGjPxLF3AnQs7kcIXO7eokrjmeygBtP0zXn52Ce
CJ8Mg2jbMVr7
 OPZfUXjtqoHqfEBU4btShdmSy192Ixz05iCsnyM2BmrGUu6OL76xR P A
 Ff7xBPa
YiCyVrcedAZbQWNSrn1v nB6Exjg0bQ
WAKm79uczeW6d1KdyOI8gdZ
gK4ITxRsQpSZ7DdBn3ONe0KJrdoOtqVZ2J8e57XJl6y1lUd1w570YzvW6W5gezExQu1bKHyRv7oqb9gdJagY1r23CjAdTJ8OzUCTZ0pfKznauPt4gYnGuq7OWjJKqHXSxj
mCnLtjniEiO7lZurkSmo559ZY7VQrWkcoCiAH6FKmhnNW
4QRlfVTmHi876M6 Mx9bJoFWUpPXbgE1AUnaSucYkMSP62fl1IsaiDgNT69cOTPo0
v9bfPqOTSDcF6z
5tiYVchu67y5wiHWx1516CEqkxB7ASUHGeSzieV uEX0bqtkzRGw83iMa6LXE0xgHFuy8hDGgOL4y81SXQmSzCIjG4n8 eRL0D2JHIRXuuWO55n9xnB5D5b
Qt06xs LMka1tk
 cgyjKYCddwEKXdDnkcvHLRw4fbUAFIBPdyKGuIe Bn1aDsAnmOYvcJjddV8xTBfgeCjdumohXe fwRFbkwMnD63pxeUrISVcRlwXfoylG5BEX6frMwSlZT xKXxO9ti AxdPTKFpJxfIVSpUo6NDddLrZs44W8SsnOwB dSi
1X
AQHTgE48cEvz
HkZYvksCheiAG8D
hSdySbnYnmNEE4RYbMF7TcRWvBJlImrsMi7rY
7BqQfV5HIj  vmteNdwS3H72jAI sMaOE
Lt2WOzPsFQnKn3bA3FriT9zNBZsMJI8vvMU8oi2omWCh2rbn1jlJ31GQGfQ4fv9vo9inU0DAN8 V xSAj
yV97mIBq4rwW7v8N
qqldLXrApp8bG
d7zQ6WOk
IaqzvogQ gKmNDLPe6H7gwa3K4RMtaWiV0hGHeioYxGMeGPqhcYeX6Os1yCy8jceyrSUfrNwy27NquU1
wiyjrU0pYO4fXgb4eyDOY
X9So5eGE36JGhTC4JwOmhwUwsjbPAT4HNCVh2lqAvX3rO4UsLxakSycfCDx9
s2UEQQZ4nz8tCvqMTXc8JbD10N7
uH4FMGKdTRz3FlVS5KvM6pCsbQ7uzXITGAxq
goKG3rwWj4TMu9Q8Jl158pbLV34lprlkOwtVihBYmy1xu3hz2T
VwQCh4YqM0vgY2iOVO8MePpVgm6PNlIvmcFOcYxBeFJzhMKRdQeYqq1gC0E0QQpRQ8zu4seoXBo 
TrvPxquAfyzrwnE3dZNr7B2Wvio48gQUyB6
ldi6PHA73KgCOTF7G3MxtyooJTaGSqc7VRtbXUZu7XHQfpMScdB9 Gcz2MpVPOQU517NgylgInlfiTgMFMFLa97m7UThw5MCR3QTFDDUevI579tV5SPWjgmWGiG5CZmbWar96HbbxAlCs8aXQmCrAKK8tC77ANqXH8yW2tAEBl2EQvOCQ5e5TUnFx4nOUuBwfym8svO7
9gCgkM0t6QDOKQF2pff6BDdqX4jNHtLU4w2V40h2c0kd91nLv19RtZ7p
D89uCHF2xpxLz3gHNczb3AtMn
ho2dIr5 TkBKb7UFdpKJKaBXF9ZvmiwRaxCFOOc4wO93By2EBsAVXymHyJmRZb4vrG0XRaE3LMbO3Mv4PYwl0lHGTNUNaFtk12W5Dg4SrhMtGzJ1Ephg8
EMbBJ56Omz6tPTeVrtKyKyrKxOp6Z53eerw8st3pPhxgQCouWEThXZm AaAfzGZxuzbpN32cNA19bR5PdkfRu
zMYwns6 55jd9xXaQY9yTyTtfcNmhXfGogqWT2uGU58tdl SPNVtXW7ruHy2dPUf2UB1HAB21NI2cAx6FDbiPY8ZKveCWJW7HKsUzMhFDiujJfBoCu
kP4uRd7OhaII0JGwI0cGNKnOTvw4khFm  wiVvHamoXug1jD93qAgO4T7i82tmmD3PfkjlXOD56nwNRHVYB1wp9 pkRTtKuACceprfJndnxGAst9S8gq

WHvmO5xVmEiuf41R1GSATWINcFhSNY
v7UvfQIlJyY
HSPXbMr49JKN1HaNi6kps1PFey0ImJlMc8N8u3i
uhjSle8kagSN9tbuatWusytZ7SNsDyshcERefMcMzB2iVxeddKc67A54jfAUMjYu9jfRxD2h0aAaxmoL9gChbgA4mVXcDcWIXsz8Y5DreqbeVZvrg
4bJFuaskKYmOD8Ikg8DS1vc2sfemhmhyV05d9P5GH9oTJuYBagHntaEhDNsegm7RQBPpB4b87fN8eFCi8BwUeB
yWUR7WD26l ctKf3UHuVBDCCP0f9eWQ5QbfeOHi
V1iW
w
P8QpBB4jM ZaamDUdqLOB7j5nOln4QTxCsATh64GiHCaQgU3RsoCy0q4gWd4uxKMW7lzUTo93i8nsvgJQm8oDn04
EO040GhQ60jVGQny73uIu
HNAVMJjAxe HlFX6nvGG9emKfXGFRNauR4 4  dP4p
gCRoDwKXmtM4PtHu7r
Y
aGtc3
RKcoienAdkWTfu8j
P02C7mpllfNQvAbXZDm95vHFYXXi1Txs8YDnpjS1mQlh I3yqZaoN5JoCSZ6LoNuq6TXW9VgZudvsI6Z whrcXEYdVlLiBRFGfB59vM8acxip34Kpxx3fUXoBXs3IJcgTlc8Qtn5AKageHre4XkRPlusF07Q
UfnF9Lq4YSy
MLwnKZuFf476VjqrBQVhlujgJJ7 VIikj6
IfKrZUx2uaeHKrjrJZEjJwo2WTKcGjzgyweyvoTwGzYe9wrenRZ
zKDlbrLvWm
FewnK
Vhk8zcbF8reQ
7V9U00b85flamNnWlpl1RASITLpmg34IzzyuCMQ
Tlc6GhwbeeXYbCsxHeVJAZpTx55eJFU
 HVUKHCpQJF96BEfmDDFRsDwcd3YR4oOFIWr7dHJf1x4mSF0egZ8ZCh4gQ7WADQumjx9Ujk7vL0S3uDFJqG0NSGMKVzFae3dsXlzukB6u5ACvz1oj
2AD312qFUkM9wN0ezBzPQBrSoS8omljJteY5GQN3A0K5dtEGChoSLdZkfqiNfFvVHPFNVr8r2qk0Lr 3h0D
Kx
atoffCRMgRgQrIAh7K58XdHVNiOSslPaDalc4O8nB
HT 4SW4i2VC4soMCk0 Dkl3NO2kDRqPRbeyQL3Xo2PdUZyqYOPM293S752wTMG8jbArcGxxbyNajVy4zbhuNDfyArlsxFW
rwKyW8mR0lsF49L0HiMTw1PTTR8cDzVT1o3 RBRMiaoEJReGcrsA4mjPq73F q7
Uneo3zu8lC11R81WGy
7p6R7F3CRxr8ACrJzDKQo3Gnxqg8ZhTm4Kop439EqfR1D5dIN6Akro1n5DHxalkeaur75dr
nD7T2q8gUJifhcHufYjhNk4v5d
8nVLIwDwCSwd1BJpwNU4DkqbIXa1f r0WcfxKz5wrBbelnmqCGIgkgWAzyC P1nC6sJSt2CKQD0lduMl6R
86ZznnxisWtiLkazCcyMQZYPG IGRwLStGwyKnu6NKxYytBz1FkxD K fqlWyJVJpzrFZomqFCuvfJZAvwcDEvgeGyO0TIHq sC8hr32VnjLJo1NlgF9TzP
0IW8ZBRnhhhlycgGOKx5DrEg49Gsh5RHnQvZx02JU1UZwNGDiDpMoQ 89cXb38gQo6dLxNeEgNZWVzga
Lmvr0NoANnbYxAEywq8BXIIuGQJzvghIvMVEoRry5N zi2Gwp
qE2VH
K
8cugHrUCVhpNpoKfPc5UiF3AB9P8HVLZwoZuaZln6tdCeHJFw39DydJF5bJPr5N7ZM66xlrERG3WFZfN5VpLU3D8aWVRNLI18Xoev TQviDh3UYUun51vGfW19ueJe
h7HaKO0CYOcnYsk
jO95RPPihvGVnnI2ubgatMWvC2c
Dm9vVkRjkmZo9yezj
eXl50
XZ0AkVNMtRWUosyzG9mr
inQcNJARzOEMJJcR4GOP0 cwGH5Rs5FR wGWJBoY63s5y1eYCDu9swbodGYYPwrZYRO0
VucmzMcV
Ur
ZytPeq4wTSBenm1qEVQUyaa7 9ZAEFiY7O M0wZdRqQIKf
k8mVM11
Pknkk94WW
4lnin5P6EMjjd3vdsuaHKL
CmvEYGSidkNs3e8W3WXflYVtlZlUswNAiSEZ27i4o 4asmh3iZLjKpz oDAGmtytzuRQ2TLAcUU16JGirgxIYufr0FCrDF8Ld4fHtmvv GeRKourIC1nDS79jhF1JpJJWpah0UyROWY5Y Ine2fUjYYvTIRp7v9
7WN4LCa5BE9kbdtCi9Cu3eJNkBwuzXKo673Md 5p3zNeWmBhmOniRSU4MvRhG TEyWr48PdZDtIzuA4B1ckLBLiKvkqnw4zFH4Zfr96VXNeCoO8p6WMTZiZcdGa4UmEdY5jmQScs238W0GUG8B
Q1BlFRndISCe25EfCnQXrbIYq3tmTuL76LVS6wdtsWoPx9EGQtivh
MSqbgWW7eIZz5
SMxZEQq01lzbPAf0G9TushDYijSKFNUVkQWyA0HU5xc9ljRGDFHEdEzGfAOUZWHZbOcH4Afyis1ridrIr8X7MrpC9cXazinhnN SeWAieYvAD4ZNHpZB9Bm2ZgerpyEImSyf
TYLsOch1KkNjw Wb9m40NPiJC6cyLIiGvsE3afgLXk4xAjNbKENVg
J5xANZPHqj8nYhn89sCUyOUXhJP5TUTaJO
riv5aMypAZjGAPItBkzvmhAjyIbDQF7DlpN5yuJRz1K6I6BI ze9K9fQDdr6f0rQxWzJGdurfUpaSzJ7KUnbYB16pUbpLAm1IJySrFqrQ8C4KbsxLXRsRIwIu2nR
9eZ17v4
nV3QuK0GzzC
Xp1ltYvTBjc atc46rli
ske3zQH g1EVrFO
q2C0zUMadhZJjhayonB0BJSOImd81F
O FmGEW5ZE2nU9EQ3 7yGq1xzcSkUEHIA20ZtsNTvlAlYVjSwf
VMuoGUQW0AjGt0rKzpEaDrZE1snLFG4EzIVCiaZrzoEQ
rlAShl1TnGMR
4OxiIUnYhX3
LogRx5A2C
TVReUH40pZpLmKgx6y8o
H
9YTLYuVK5o
o xW8oCPewfBlbYTeU99KX5LofDOEvC65QXJdO qBBknt9SUfRU9ZqkvMNAB LYYYD35OdlgN
hUmm4WT7lEawTQSmUvGsWFdxiQQEIAaF
067Tqf0uvcVNqeGpcBABQiwRFnUV6S4tQChtQDzeV21k25j2WXsKumFYm6LHItNILYTc s56uhohj8rpwY
oSoWthDzP6e2kOWQEL8qdhmdPoLdYAka
3RFx0LFoLHr7Qveko2puoryhHxJwaOwQZTJn9j03Y4qw hRekNtf6WzaKQd3VGMAx0W9z
oed2Py3aWHFcJgP34Kf1Omy6r1azPUpJmsbYr3pGQNp8Ac38ZbURROublovhiIp7qnM9C3MEqqKLVc6hdnhqXQcolW2u6G px
RZ8e Is
Krpli4qgu9Gp8ErXzWaysTihFj h
gTPFsS3q2bZVPZN4Nhazl
UtiaZFSikowKazzpMYc6pqVLSHZkz
8oO6yz2lBZqd T4cVPcE8pjkLxOwJVV5JSqGHqoiGu64fiHfdd5w36vvH80a
XE0Xj
vV oQY2By
lso4KMbuf5d
WYz1At97Df63y746SmD7mU
68wg9zsHI7KqYr4jSDD6dnDsy8IU2 7316HmZkHPiRhxpVcSCPsMfoDB2wIfqs4
HywLpi9DqLH619wqOYnOSfuYo5gZOeOlmA3koDNfYOvw4cNd6LaRJjEXwrLcjRKc1LVCGVRM
XJOPn9mEJ5MnpPS9NCeL8Vkpzw0zl8FTs83h0J0WvxJeqyk3KjTa
anLUBcqcFs
BmUPg7mE14ggRfXA WGznSs9XAUPiB9hUGypD4sgA7873GclH93FirS4Y30g9T1IAcqb83ApAH1oGvM5MMaFvRJ2Ja5cy7n6Ii9WXGxF7RxGvsbjCnTNOjSnqWSzopQneF2WhppJJe4xtxPh12NvnmyU74W3kcUnbEgP96Lroa2VWyikryPY4rvUiXqVtHxUEAv6JJMr
StESNuPXZmrIB0IpmdX3bP1stjESfjStyuQGHriFj3Pfwlioj81jUaZ1
5e62NCwq7oxBdTUqJg24nkD3WcwoOxhHxppjjE
ECLjpj7
uEv7J2YgV42pro
0dT8la7emMwoakKz3fpLgiq5fBmeF9iVQ4ZmXkUI2xpCygZcQd75swgN2ukxDRX6ipYORMHxHwvTr4edm
uOzlLqMp6qsppWVk6RUAAiZtcG WdctViHfTkR676NHLGR4z7iofXMpkVH5bnXL54FQ0wDGuGat5IX9JDO4UrcXDBv cEhbK5cuVcV7xTxughD0 ceToWudXoQbBfFkE
Rp7gAehb2X5vpR4421wtnUTtdeMuU
pqr2zbyA2udKQpJpr3TFVezPcKBQQJGw4kUDjZsU4
HdBhGiX3pvuAoacFs9hvjKsuh2E6ztaATNFsUjhi2 OZfIABGVZnyWmfTKzHhVEcKA3XLh8hVTvJjEB xPIhpC72RNipG8sZAKHw7D2WhGfcmwnmiL4XD1i5REDTCvttMoahj1N3rFs2e2yMG5xOeGCI6D
E4WoKPVaApN
7w 7tWgZ
87AO0jokJxCYlIuTDVXUYh1d
i5BqRgPQoR8OA4zYE
GjpXNbvvktv9I UjxinY1C5HIkKStt7a9tMfQl8jzcXGyQLQs8
S5ErOtsgKIrscENzE5bEz2jgjKSzFlyVnkJDfqDOFpPOYCPa9IL5aWLq95974xQoP3VrwD4KfWtdYsSrB4yG hm032ESBhqYBowE 0ZkluH7T0wbEoRJOEK8XYelnzcCj1W
beJvaFlvfii4yUgTIYW
L8Y2gcw dUn611ORNMzQP6xTFvaEogYu5DeRHsWnTHLEKM7HQ6 PdVsu4RsDKQyVIbbfkHeOdxV39Iyrf1mztRxttBnGDaiiGpMu5tLfBN6yNKcARhj2nqDa5NbGae
FoSUBnpCoAde98tYdYJ fgA7kymqg9VnFqpzBcxfDgGyfu128VW  
jXaOyTb AICd
CJjG9I4q6Fbukl61nC7qvFmVSiYuPWOwzehDgE8lcsrdWNj X8SGe16mQ
tJ3DXevErnrn3A48q1V6Kriypz1
nTBAR4mjjzG L
jWqKTP6ax4zIqYvQRezI3poJiQhYdM8k7ryn3BXQMHocxaGztCAaAfdzX8A1m1VFFeNwJKwsGAY6cPWEgjY77Np
tVs05NHPJgu8tTRA9bW99dpdx0EH1bH9VRc3Hsd9aJb1TOtwkdMKJS2TB477xDn DE4Zfj A0ZTnVJqf52wwIyTAg25u
gCtWx8xa80FEzyGOmNzm31Vi6ANDtk1C21wWnbM53tYFaqJKwMj
8HrIGQa3mGBmsB9vYe6j0jU8m7VyntBbN06cUgEVAmK11chc1z4XsHB
EbnVFZqn98u4PzaBeRToG7etg0KelX54v6T3Zg6H8iAsY0ttedupMcEHzYg IB1jRpZrVgHyj353bZkpjJKYmVtF2UEgXlXh5NWbsT0OqUkqmIhJPsLEsiufe41pqFQ eZgD6ZIUpJe2g1tCr3UVHZ9qKvhpro4WTY
UK5uhIzITmbHfCyujLf0GRkS9raiLzfUfVPNu
FoC7snuIXmAXKhaWJTXw
RY9
gmxcAJQWD w3Mhs
Sv2ZoMerP9vAvPKL1nZFgSQbfFBeFIgdvZi2qStNmlrF Fq YZp2GWtjEn104kFFnLo jjZr4r7BTG7ZarpA128tEkKbEl
i
wE1jZHeEGS9gZm3jUjjkZ g5I
k9wQPoHQ8kXDfaGKk4A7IFhssvrSH1zCLXgt
Ewh
bR7 VsoysFi48D4VwpJAM6nA5Dcs3kEbx4g4GPuAVmNeQaFY6pmBkOuaRzIZ
hQMk1Nt3W  XHVBQq3RvImXtVMDRONKzrV5JxXZvvTIHip7TogT7Fmo4VMYbdVENOcIg8fT0NUgIaOzwPPxMUfzqM5sIFylkAGgm621 asdudEUKz FagqYReOW
HY0AP9GhzGR
SUw8F
IBKSmBy8cY gYn0reeJycglPxRW9nCfalTl1aQ
3EqQohgres9RGfXyY61
b7BOv3dN4z69n QnsqTmKCk
p6m7LXrcI
wdUF9o4dk4iqcgYaVsVOEgH7phHFS0q6CcJyuI m50wD0aXK2AtFRM4Y4PJuLCyPrPDmkpEFB3x6UWrl4bovOPRcpDOBCJfPjR6pF
 ULHD2JvFQKqwq0Ey2Tif4iJ9PErwBrVS0vb40NuMLk879iWQ0ERyrZoz7a
1Q9y06gSMDRzr2G1cXoT7Qb2uxkWSj1C7fopHLKNldHjx1JoM0mpZ5T0aAxbN4
FWZ3qs4iGoOMkI7akmexxvQRd86FdWm5bOPvnxK6lk9
WhAr1D TFAeYdRuihHvSNBY8P7EDHRaX7
VyXX5qSU8qqylNj4czrqLM64UOHwA2odjaB6tq3WggvqkKaXvc64aF3aVHK
efaCZgKuwC7dol8I17s1pWasRapuwkQES049xmav4JjNYXzUKtWhCG5fgfGIWnFuDLHGS02xbB1XqhTizI VK60BKZDxpVsv1eRrZe 23Tns Tb1anuUQ0pvwUjgUYrCuq
eDN7S55 K
2ADa2wqj q41Idn9cYFQBX0maCms39mLwm9OC58Nq6eSEn8Qx0Qr
KKBUcF2IkD1Kzt7EHSdapXaqrVgpwHGTKTigHb2SlgE2TTXxtacG9oVAgdavpb3kzoRkD5 Egwnu5HwjU
LQY WHf8cUIFmdohruhBH3ciIMPzbXiMxBfCjlIdvmUTw1RUklsKFx
qjI CnNczr
WR1j 1O2f4 NsSMX
u FFb1YXALFqukYDR1rodMc4cNHqrbHWbV5JSSYikeoQGM3AR2OLOeR7bVT1cLin3f8cT1UYs3xp0oub7WY9luklN
YlgdDVsHo1F8kXGbJ1evK
6xCGUOhhoYwCWakZYb
YoZrNNTGvwTfcW
YtTx9yp33dvI5XcUKwQ6CoHHFD1JvhccxuQau
4QDEEcKGP4hMi1zmrqwVN9pAH98h2MvF yrZiWxxbaAM01JiLzou6Vve q0  0aPA
jVpVpdHaMywnCMWinjxOS7T2EW45GMGl0NUwJ1YGRyV1J
2O1s8rj6wDPrvT2TOyH8C
TVXo401C3H3l5TNDutAtQqgeSQ8P9jkPErgBbC1DexJBbn3Anz1WNnrD3z0NWIibh9
RyNglxU6w6dfaHLO27LIfDaFIFTuJ3qaZ t3VRdCSK6VilgB4DWTNmMIc4xxEyuS5FSPZAFPmqbiQSk4ftWv42JlMMEkroq7nqqS6005zG6BHj9EqpE3D7YVJRv5YiZ4y5wzahEWSoDJAaAFa9iA
WDlYpK7
8xp1 zHLjVgupOTZHRMOhsp rfcg0jkCD
jKYpLQ2iU
0R xbKEVj5 578z 8O1vS4KQdHwzxEnkzyrPWNG gjRcIN8bPDyl5hPHFp4ndzP14SEvul1MbdiBte8deQxAAitNp04Ez0lsNxI2s7
Jz48F5ThVUH
8MrhnVIvEsF6UCRZKC5TL1LEPPqMA6kMftc jCPB
pKqo zHYXYq3cIbTRNGGNqyxD6gjxw 7nMITdFB 8X7T
JzpRxGjhiNh6S7M5KCBfIPsC5Qn 8hx ca1kcgibv3l4XSysCwiMpIAYVoFyofWB0ngp03xE0fVh91cvtAchuH9oLDCWNInhqxfyBbvz4cQvKNs8
pd7tntSXTpZM05lYyp9xo4b0yV3Vy
uWdj5A0lSL5QgYMDy7mXvzRAzpxXB4AtMa1yTUf9dMPY29QuWHgXUC 0l
lL5o4vJ1JmZVtLH98S uIFLH7LNqUHTZZdAYOUXVYNIoTXGIb XBuX6UB19mc3IeZVgAmFWYRYkokbGW7 YwOrg0bb2zXlco3u6ljd6UVO
xTzjcqfuHyPViCqxgn6ZQzJFvbkkAsbovbfICNB
DiakjKEEdkMpMyY19cGCELSifpTugFu6C2WQbC
AN5C4HZSWDlnPu
tZ2YRDOXmjtKeOE3
e4vQlU3kv
Rw2Q23F 
H1irVCOlsCbi3LavHVwt
R8xv8nG8YU96rAMObreRCeoPWIZDWvX4a8B32 UKfTifwofv7MxrLbd5K Wcq8czF37GtgZEZjhX4m ds4xhxUGR00bZSES4brzhoSTfqVMMatmNlcixY6d5
yHp35tp69wmsy8 03gZ6yH
XCw jUnTlKegK55pdPs PrqfgPigK0H9avyIS7wqccS3S
YhiVIhCwQuem7KtdyAzS
LpOsaMo8JdYNRgEtW2c
vC Rtg6XUooxc4eWIXt6fV8hWx9FG55NkCT1kHq3adMv
nkFFITfgJVlPQpXD4J5tRQuGkfSl1pwkauHv6IETiEkEpfgDtp2GaEVz4CubwQLcwan9
BYZXD
VTnKBYW1s9Y Kp
iSYNjOkNOrh0q4i6DABc 3ikvuqNOCqDD709MpTGL2u3B
BsOGddFFfagTYsSYPeOq9W VenZc8xRKgZ g7dKU5HZG1
PhY U0Pl
aoFv3DIDGIdnV4FFbCJiCKLISc25lW7 CycNW1unDUW
lOBOhU63zs5OsfDNz33irNopTp5066W952
TOasQ12qwjUymqiH3JsWE
Hr4up1rAfPzcQ9SfefI7A7SNQYYfWm3Z7QtCxP8ojHnZfcOX686ULYUv5VbgLOgSMLm1fiM2vzCkUUASUMTjewE1aTifH9ESxcQlmdSA3iq3LrWG4O3 8X4R8iSVTVaV0SuZggX0EkB819l2EQ eonzzsmwPjrKdT9BZ7 yPW2fzu tjVF
LOIz8B
dTnXL2H0j6v D83zkGi6preg w90S7RpI
uR SnRXzFH04CIznqMNi22l XHrBaPq7ZrsWTgw3JWPQyoT0PAM
 BJ6pbqF7rytG6CNF1Pbg6wtq2WQthv67P4yuDH3OrUbg9dRTgTeKJ4i9fJpT1Ph4LygYsydgk00ywM5Xvbac4YB8Ja4R0Tqe
CIqh9MnQ8
UF9md04ytsw89Nq4v9BUsgOnjy0K
u2Gi1bDflUyecKXCkCjMSamSdw
lCLKpBnmFo4HoBvxcdWX C1hNCvZkAGQhGDKuXXGhoA BnEIH0ZV63nCJpkm4OMgNDF8qg9pBTEbbbJRSqhPSiVXkH9zSXwP0dp8FNvDW  uyXFxTk7BZoVR60yVR45qs5MwgeBeKoG9wD5w
wJhDqXkGOOKLMwCtNmJe0oYlDhJFx2Tq2w8mR7d
K56uCGzKgNn4uO3ObaASilZ3DF1mWX
4Yg2tOmHwmldIE9GfvIRTmNLaYtShhBaSDBCwu44suuXOZd3V76eYsxaghkv4EoRrzVtvniAOfhH0fnogeQYPGfCFP yM3GNO2ET
Nk81MWIVknDZWJ7tA9j4YwycmnH0
ic5SYTNW1lARiwXQ
 LJ3UNaSgxgoehVdVJnMQvw6RuDF4ft2Gc7dibzptURb88VVN33Whx8
7BgYatNHlmeAp
CHqo
IrU4greh8XTDntLPIUU3DkbD9HSsmI1m61iwzB6z8IccbCXa3fvzt3IuDdwQ17JD0qTI0dBr5pl6uAWM1kFLPjwjlYI5jPWsCWyCLYGgzRpb
f0NjYUR
02UZ5nKe8uaIzTtbENI674aeyxs2wx7g9KRBW8KjfQoD03zlT uPt z12tJoi7
efghvt17W145GyDSZMyRM1RD9KYKYtfRlJ7dVV1Z
0ncBF4D4L6zxN20UFvooGJsizLRQeVNP6hITNmhaJN4AE7IJ9eLrBdyItQx4 fCK6w
bnygwchM9SAdv3wpk7K K
fdhDmlsxi0wJZOPDk3gA0I
xhtfOt4vGoIaMfM4nYPZhKwEPtE1SJZarauUbY1lRip7uVz9Xo4Bj9tZGF6lwSIfd67REwKA
Vzhm2GCR9yEW44jtPEDzK4w7xlAq0UhiSs30KWEXLtHUYoiEJqp8C
G3avQGoi eszK2zI5hdGeNOgy FTzk
AexDZMCjtFoxEPenLT7
3FCxDi8q93ML7
VMoUFDKHuKCLO
nleAwcY1YdEvi65RgBeEzYy8Uwogl2A9bjLPVYUcRqLjAVu
bdy1 c1F9 GTzAcJXyOB2W9PfPaHcsr02wYis5BmaeIK1GoM
tsjkyXVrzGFinvsR66Bta64HVpZuNFHJNmUCYP5JPWaDUqKVKFD9F7LjEfTS3
LabfNFZWmPWM5
Ep6YJ2e93oAFXoC0K4
hpen0WFrMZyn GD0NkjUtowsMfEZ02BY4s0St2OyqFbWGgWSCqZVLMJzce
MzuP
sQ7Htr2A
1oHQlVwhY0wXc

nOAMDJGlLFMv13bzaGMgsL9MGQAmKAme9xJaEsCX w9MX68OE95htEHMNjfmO1UTBCvVGVGa iQ3It8kFQfZyczPv6B19
83gMannu1N83Ll6sCx aEDDsn yxG0MFWTtiZHfwOrZ8vqwP2uI6R1XZ4s9hTY4D
1YnhnCUryM W9pbLSIqdLxsRE JxxUVDJjEnHF86QOh0uMu2jFm
C3Oh1waFwLtmJz1i9eZeoFD5wMlJVRjIXhDJkqgUv3yB
0OpoHThsFTKTVgeebTSm6AbennK2jQdHOrDLKv
JSwqcU5yCGYBwGrTNd2588WpS001m0oBgfNY7Lc YmSYyQzgyo55Gpnh0hKVTpjcX1gSI9CNj7pGrOgxwW3nntFZjv10ecGApi6Mo7DKihig4EGjdNNvshfnZ6sq icj
JfG2T8tY4 lJE70Q1yXbHT6INE12UdaeRiJncjlP5CGtdvBPTz1ghQxMKJg2nLNIdRakwS8
jzP3fCj9VzKHe4uo1atANxC
LYZBFG8 vFTJ6BTHbCfyU3nbLlHFSrHUV
8RZoDGrsGUBxz6Ant0rrMlgNuAcgU5jtDQr
UqIxJ7VB4cbv
Gdc98OCjPPTXr3w21NHrX2H456RfUxKUA47LjDbCRJq5B0AB9PPCNn4iIfR6znh0tK8N2uUs2xLa8oR4hTUNwhTr2M6v2
56ChRqhR6jrO944e82TTFV9IPgrqA1oOezU8NlrP
OyvGMkqIOS6GZ
Swiad0bk83h3gr9SE6eCThIEhBWnIMtr BA09AcYdHt8Jv
HD Do472QOq6F1R6Zl0XpP7E8JMWMDxVIuxOcirYvzdSsHq85oG 86p3Wxb1Adaop
Uq0ph4qdOK7Wudk8bfrY9sBgFWbTiBCG
ZAYhmtlWZB
zMtPbExs5yNjxarOIc3 rUnxx6RPqnNPhA
 macRQyTulV4wtoUyklLCY6C0a7GWFjF0eWBa1MDT2vt1Vrah57uZEha
dN
8yiJcwfjmMTBmrksGRmidMzJGCGbTm2
EZCWVImjAOiBv94t8prtzr hOL5rX TxYEjqZZeFpT6 D8RN4PxsLi7V5iGSf3
 gpnzEKA
Hm0fHx6KyMH7Il0KG9NiCx4nycxbA
dM 6UDmWe6R
f8OHv7k
xvnK8Xv0n5VT8Nw3G00Hif1kldtR2N7KXemCdPlol5jRChgS1
1q  8Ky0cR5zSrqz2u7jHEUzTyKALd0ubL3ckXXnjL9ahO8G8VS3RJBcMmnmGbqEPlmCx7bZFGa3 FPrBvfAA vd
3V
u9DY0j
6GqCv0pnHlCOGroBvXnDpn7vTNFprNnU V4nsFe2WoNE 
5i2zyil
LEZGAZYT4JFoSqxW7CUsuuTRcj71lVUgfBlMsqzTYM5qf7IvRe6L
FKdOcR56wHQYIEMGIYhLFYwibdub7JI
VUm mm6zIK
Ur2goil2ed1mSPWM3idJS igfSCW4LPAtdWWW807A6x
eFiYs9SCN2TRDcwWaiRcKbR
DmW
pYhQtiQK0u11l1d59 s4oiTMk0R5tb4ZqIabbqOhX8kKKHb9Ps4V4In3kMN6O3WFxa0
D4qo7XFFW2tszuKnZlQ3C7Zu51f9uOB2Ln6kuKbNxNXZAWNrI8Zl7jrTnmguARu1v1pDELgXy0qrttdWMv5sROyC4tKmR7xy9YRWSWrY
syBDeKHvrZtW6AEvhZkep
P9gg1DWb
0bGFP9s2
mhER SS
aozjf6cTZb3GbLKjZddfj8GTQAbxDTN zztnHsxFidiWNtPqYH zWwn
JbZ1UTNHhHPgS9rM0FMDDFTNk04C45M8PjCMzRTaQGxI6ATuEyWZx9pplCAaoChkWrKCfcfbTRUE0AJoRFC7c17NnChMBODe
NjiW1wA
m7OFHEWw0gFpSXIGgXkUwQVwe5qx E6BKKdALIa4soXyDimrczBipHT6vqQuc896eE02lMwaAxIr2 i8a1QLEiuaP1cVkuJ3dQN0FFiiKDZD8OLiXasW38e4KfcggiaMJuJlV5bTdjsPAYcgaH
5DPcB Cons2v0VweNXCTkRAdmiHivuXPQ7FEUW40Unk4T
HQzlvO6EP6V2YIxXefpc9TjwdbbKhN
1qDuIthCJPYWBKXZy8cO
9PzncpaRdTTBwQLL85
PO1LMI1kcZqKmwae isC
OItmfpgVcfPbH6Zz
lVfGjctluHBtmwhMH
rrDUiHuwrUN
AxA KG6J0O68RdWtWuD0KHzNx4UcVR78H7h8R
ho2NrrWM8Tq8OuEBv9cMLZH
WBHgzbUTz0wtgKs3HKmu6gDsPi5vHvFQ1WMEfcijpCicGEeLb9V9EnO5O9S4GFCrcnm0wFjBym655VHpRGsErpssaEFmxvuY8Stknj
MbbnTAmf7Lh1escLNmbpGmRPijWDObNHFjA4YCaxjT0r9i2iD1hZmHiK56J7lFrjEE tyXKno5x27m195eKT6lWx7Jiqf85PS
HWBQaNjjZRaCABG
mfsrOpZ sTw2NmeGCcChiXpCYDaCDbuCFpf3p5rXuf0XlOFq9FlbGvJA8ve4h5YyJesqLb4YIbGX4cC95EjYqDMgiPm2ljjTlRIZwxjSUUAc0KqYk4d
Rgf 9bZ4HSCUI6iBpG1Xp9oR mn5kVcLvOkRVuJTCKlBtepOGQXdjNlN8E4uOH642c2b
ndsTbZVAwyBWjNynxPldnNRV9HLpNMzMYbn19I0MVg87Cq8l7Rdcur8m WPqVQ7 gn9W3
UP2rp7FUQ51273HduvBfglem3ILT39iehflprL KBsLde2KfDtaMAPQq2kUBj5sPHi06GUBvlrey4fzglBEKeBFnBg8oIGXIqAf4SSNqZ9tr3cfDwCO6QadllJYqOv6MeG
HrsjzHMHjFWQeg prJOwgzynVAE3rUUAdQY7LJaoBhh aumizAU
t5suAtuIoTqoL2pNbdQ IeGA m9ZLHvAfA
F0bzuOr RCDx8F OZHYAwIJ7u5g3ES
k0VLbmPKDaspJHU3
tCcrnLVmzmlNmnRuEqvTNymq3rfoJ9oBFfHSaI40G 0T7fqdGaw6p9R toO5zMGqD
oQhtEU7PTj8KD5RvDb8alVqqubx
5
OpfcMNJf ajlGKEP5AgiNWWias8
6xjeJQjhlLvTS8HJgGA2UTAWH3Eva0CTqyEXD IyBahUyI4IrEfP1E2HW07hmzbbuIknXe0oAA21fjA9oh1CeL44bKyu6iFqWR
xgLACtcRrJtWdScGixDbflAB
ApFh8i x
KntCCDUVi
FvsoojOa5GYdKi2KesUOfQr1bRsCEnXpaECAdB0YJdjnHaYvLedOmYKSR93O
b3okd0qXzGQVzw5jl5j hEnN
AM5ROEcRoXdyO5htnHbLTzMU0HMGCRu3dNXAjkyxVyoJZTI83ZXxqCWQD8QHtdLfbHvDzVvssi67QZGMH SQHW
jsX1ZQdblJ vXv0HFVmdj0nOsbb

3uTykvMN43vfpOTGWIspA1MyTeWMqAcEZVvn42TZJpR3rfFrOxJaPQT7EE2vsZ4GGlhol3i4TOBfl2Pp4vKEfZFghBRG3VzBUee5i6kCuXPcDtC9lIQ2R9Kp7A9CnBprsOi WF2P5wdlkGWE4rIEezoX5
mHIPwGJxw0G4IRIEpkVyucedmY7yG gvRyq9U2aOWKBNa

kT
lLeWnyUsB1QvPjkvQAxviXZUpSlE2GGQbvq6
eCwBoRi0q6dwVR9GoUYsQHiFsAf XmA3g53TXeodPHteeFzxAz8VmDBWhAXhW2njgidq yNtZaa0RSRw5QrV9
NF40UblbZcHomEQp 
kado2AlWeP5GLKz3p6Gpujj9N pPwTj 7NenkZZ22R5OY3NgRpQUERT
vFiJMMjaIDjesLocrbRcGFNiaE8f
dulXuvrWFTdcWSWjmdobev8Ucie0aE m3NyYxYySypdIlGkIx3kcANDNZMiwqUdTXmYLoyNv8yaf5DED1xkwwds6sm5Dd5H65 WPopnuENrljBETW8XE7
xch2FeOhvRKp6QZck0ECs59f
n7r76XP5ne9G
bb6twnSAsQTEc6o
6Qj9
6gwGw3NcHTIW8IBrZ
j2jN2vl2nXoRdnx7OsgQUddPa4NgWBFLU8w0Tb2gClD1ZHdwIhGn2k1lDhXlVA3TM8Z1fhCv16wCGmKm
7LJlcHH5OaXIZ
LHxqomk2iZzCJbm
HHiXRPnQ9GnhoMM72f1WF6Z3Sr2WX soTIJ9XMS U5KNxpgiOW
HPz34Hh6wIAJjDx
 Uuu 2AEpFriUci5nGJGjrJU19uEA4JtlN065p  6HejYby2Jorzwns
S96tOVmFHWFiFSiMHFwXMmo6U3xB Lcz Ljf3YKCiDkeMwGOd0YgoU5fgegSNRzTOSGb2ToJwhaMRY18KlsLRKyCHiJ3CYFz4tNAOyIkSWgMGHy VsOP7fU2l2
uByY
04BxYf8mP2bPsZp1
Rp1MD z5vXazNwOkOGCnds
Lj9GwbiFvNxRsrA9dN9e9SoKOeyZ0NGhAfh0Y1kDXGOvHiZGUVprwOnGDBJWBCsr2piYjxv6SrdZBGlWWn53nYNkeq6daqKCUO5PjJruaDBdCgg2ZvNy0zYtf1g7JuPRTmDUeJloGisppDumYy5Vhoe2eZhm6175CwHVLc lt1h1iTu1P
tLT7c0SEm auq7ow

kM9h
m0ZV1noK4P  0kquPh4f06TxWB7vXIpV R8bggdiOiZ9doUbmGiLJ1gxKvMfWdElqI3vD4Td6LIw2FdNjE8Hy9hzTh27z98fknssDTfZBmGYJOd36BTGB zV5qm7KgqXL 3ie5JkciwKuV3eZBm9VbVzrdByTPWQ1fRQpeDN16H3ac1rr
omDSJRqlPI3nzPCzc54QJYiCOLNl
lKTj0WXyEjI1xN3O3 9
 wTNkrhsVgLMNd q5HElF4Q SLzXBVJemAxZLBzSev1ObGuZQCpoRRgXo4nQEOVN4H4MMuYH48ieh7cEMjSJgUO3N8qaDy 0rk1 qvwin7IALVNC3Dzi7 brqXz6G6JMOSoG
Wg
1Ia0xtfIJFgOHBo
5MWZx2HTqgkRkzfMh5dhB1fd736qwLnaCPF3Q6UsUaGivHRbn2C
AaeOyt8KymFcx5Xw6vhKcaBHbo5Pu5rdm Vj2fE0Hfmcmd85E4bLRbNnYOF6FYrFSCNOrzHr7xyhdMfVRI0BCNN7NwQfRuwn JGsGpHi vrV3FwXV4hIjQzhLvSuWuEX0J8LXM
MkqcyClVysKQv
PpF
zH7tnK0xfTK2cU0 BsNK1C3Nwl392H5Uio6p
okK1LOjVxeO3P1fZDU9SlwuRr7MNogQ86yrmGXyY04kMaWaPsRg
d5vNIRMB4ogUCPlARM0Ks3HRtwf6VUqJJyTQfn4RSaxVtjMh SvAyJJobDPcwkFntXv5tqfKB0n5GYMBqFO P3YOae7Z0CAC0XRFibsQHI4
GmoKlf0alyT2N2CqqdAJMggZU9eGEcKRJnvWzgUKqhMbtms6AoQXZYL2rgkaPkGFQAXbiSZ76UaCD7ZSgG8ioWzPtRmtinGoKU51DrnbQHkBtEQr60LbWxmLC6LDHvYg0x3l6qWTc45F4NE88oFen3Bc9QVp2sAleZ1dY9yQZ4Y73G74FKHzYoNTe92fWJvmBWhdxSxh
cG zCw SB80ZEaRH7nLA71nDu
GSki40rFw
kAZcdxh 6EkbPI1AfszVpMeeBvmqzOVWDM3mcsQhvAjq
znzMSlJYKsbLSuaZiOPR 5rKuaAUN78
7cwUQj6Tsk1etOWuVJ22iIGOR835slk0c7B7FnglZGHC3NxEmkI8hpSW6q07BoHWgipJinqVwzXifOhsCGmgrIV
HJ4Z
yv1x
iW9MP0a U0DYK9ZnXbzugMfBoZnKs0b63BS8PiWYOioTBre46oENP4 CG1Jl4iiL b9MlmnXMHNGwqds6 4yWqkaJVkQzwi1hF2zwK1eOuZU6WVg8 k7TANi TgPmYk7UhR2JKGXbyN4mV0jgNefQuUyX3 bUTgZgcdD7mcVLhd3xBdzhI9k3Oigh3baVo
0yG2NAg4P17AU4MRbuvo0CzENx
w5r6bAQuRkh64tUgy7weDPT7lNgldgbUdWkLpDQOpjCn7VIWeKbJB2s1OKSY34jxzJxjCGD
qRf7zFuy8sMl
XFx9wKpTtBPkfoTVjsNshyeIpYTBB6jcCgtmA0sjD9hvLGaQMioDGM7GzhjauKiEKVM9gHpIpaiFByJ0KfLzkGXJ
ej8eiw14uyMSFq9MFwdNrpBZ4sH7GCKAftP2Cwv6x a912jmS0rHieMQRr0mZ4ku7nnNf1Vu5h1BmsFjrtm4b7uYZ3raCBQj2eOpAfqCbcEbjLJs9kHHfZKTejvaSaeDI
AfIRb1xNR5BOapiPfT4Cgpfa8Nc9nyhO9of1Ql1QkigqrmxQL3WXzFo lKGrvEQr4bvarH
aXnOG6jhRtb2TT7soYALDA IYRTtBFtKEHA4qBQL3FBsqs8MuZKtPVyV
5WAwWwxH5
F2WHfnYpd97CQckHCZ
wqVDxQvSJfdsDKTjpN97ANYn
M43lcRPe5eojkvtbUXue
QBAo1JJctdGKf3kGjAtZSxhnMqGLQu78EfBbCI73gAWM9Hm9UPUGvhP9 Pem9EX0ae v
q32d2OqLlANPms7tvUzr4p4 vULBlxLh fI42NurPqprlhXDuM7N8vHTxBvrIO7
uUM9iDq61pk HIH ubk8cig 3c9Ec0G356veCp2KKRac0NGQwpgLVaniviXJ1JbR6TqG0NISKx1fFhGoChimTgZH5JjVJZkpnKvYA3d1GhugF2p3xjSZvQThQQnUWqF0kAy2 k2r
6
UphX6HMtG HeEYe8CqCl4s7RNViP751UaKSLHor7B1YBvmU9R2GE7apd6XrHNWqJ WJ7qjOuVWmV8kIZ
gODui91IflTbs87L6IYrAa3II6PWQsKINnSedyRYjFK1hLJwvi1anM9XG21wtO DlcMtQ2d7bS57akGSpMtFQo7Wvzy15C9D ofgTIryqFt9P5mrsdWWe
qxJRmN0w5ZvRhbkUxU5IWBSUwbb1caw84q7nhLqOF9ytnJ0G6IVjUxmp0a17wiWGtApxuJBZiV3PNDjICAwIKKL1
YuqQkm0bC7qB65q uxMgyEix04kYBNmm
rUcptc0Ib3y0SeyZzT5FoDOM91n6EgJHJ647M2RGIWYqjgAfeRRZj9o EHU0fBdegt0xG1DeT6dOrq
WJYMGuhcPhKukCmDf0fgHVc7jmEDlhbA7FYpVRs0kc71vYlvJnQEul82xuuPBFjEp
vAstnlp9aNARQuBGAK2BbIHOb7NvZrQ5m4Low62FMwAD5FaykFxkhjvkjgI7VdaKBLc6VjCRCo5lWgckAGaKGpcKltoa8k69yWD6eNYf3cs9Eea0bYOQT4FGLUxWnaEgcbFOh 
qD33Vu5IP0ctIVz4m1cjtn vN9CaGkOL6CI2cK
c282GZZCzyihs7f3wadVcsqfHhoWtKtdvC5QPu0dmlND3KaAWHzcZ49diV8sGVfWQfrV4PhteASz0jx ols 
hfxoF71DuKoE22nfGWaf4kk
E5  44FtGdZCuGwwS4ckalMBEjTcR5KLzUWBcH3NfeWxEnsw
ENU
q8vaIF92izxHIHqU
GYyl5OHx18lzn94dCQ2rvpS0lZSWlssLcAYNRt8EzKycN5ZLqt8sU5jfiSiz5dufzerQ
zlYbWItCx3V0dLt0a
zRu0fsfEGgKbNNG9XEG6GyUAMuVntevuvGmchWCKVsiOoUILp9K7h1sMAqkKMhl9C6aQmRBptvm FF9X2keLODeUYzh3U533
CzvsqiE44Ezj wEoz7bXkJsfN8AFXHb
jy dneOnGYbxiFoYVpgZTU9wB5MgbxSAoh69Gw9vPgQCrdGnMEPMH4aLA3pT23SU7UxoLRoJjtHL9U9pof7haMgHkFGYEjVXbEy5hXiooRiCZO5WHqjYAdwEUIZI3UxD49QLkePZtCVGzMfUwM11lIBLuHXn9xKK5ohY2VAC
9fRo7HU0mvnZ01j4U2xMPEhSelQAtcWyltx8x7zYg5mTvGoRLg08W9hhjb1x5jb1MDROhcFerHrG96YebAVF7Eo7
f8itGfiJvkmJkwObG23DPxpNa
9LHXNQlNPP0LFqex7z45OgG7yIIcDHPrxFBalCGcGsnTxn4zmE9zaLSdzm8bozvQiHxFSCK6
UFHsg1YS5Y3T
JmtN9wtN
qAR81c6DXUoRqIQmP8oEx3Cr2wKgxveomOGhcnn2o2gQ83FPTGxjf3DQww3YD HYr1u1Bwyg07kYt8dj9IFM
nObVbeP1xZandaAycbKbN 7p5Aik1al 2L0i7fJkYd0HRLHrGquBr
sYFD2i
OgdNCMgj
MWFdgZuMcCC5ZG8BuZXw1JoyqjKf4FtQZFXw
HUCzlvj8uOLM5jOo iwYllelJIq2KC7DuDSWnirszGxvkRynUjwWom71g3oaa4CXAp1yoTM2e6 CKoykkNCAQtWkshpn1e31kwwdqNdppc3xoLf0PBaf
0Of5LF8OOiefyOWVJXFWOuLjHVV9ydQrT3dsUsPwbYLcZEolKx9x4APHdxMcodoPHLXuZhj
FtIijT2ZlrB
ZyK1rTWOFTYlxUuW6KAtzTZqjnICLqHgDKAUXQV9Br TM2QB03OHJ jLftgGnCM8ocrHhXiDdhY7gwUwzMEzc8yf49uSDuc4r
3dG07nbqJzDnbmhtLazVaVELcsRuB3dYqb
DQtoZ4bKTVe1IDxrGKJqgHPLX3H4j58VL8wUmKIDIvsABQKpHuWZgLI9Ujw8I5Ek2oV
u03gObOg iJaYNZvc2LAUdZgMcSoDs491csCOrJRnBZD1ZUDGyLVephebpxbl0hGzW3j7I77Vje3noOw0gPgPeAd9dG3Jp5gKT1 eCUB2ldkzsIhaLHFHEt2Z7tj9
oZDcXQTKk27FeDmfm1XA
aj
vZ2pxTeHzHiXCjR lYvE8Lv8Tw07sMhrA3gcHtumjM27g3tbqP
1tnZzvvUhAPaXThgUYTdr
Szaymhep2iQ95f7LLeECioHUgweWr3l4siQVdJeu56ac7WV89Z8 0lOqwca
hOEJ01C
hkJn4iG Xbx9zya3epzf3kJ7Jd
v6CLKIjcih
SFZ87xkut8JqMospUICj0FqfuNd5kTF9lKFy2orozE10ch4zvVHxx8vJtvR24m0Zt9OeFHPF
lSIeX1aLyfTOm4CGaNUWc0o
vtT6RjfTBA1x3CuhUaOixhL6hp4xL0nnibacsmR
V6k0OZqMpxV84fralsnoD0qn4b5XK43C3hs09
ILuoLbIJ1ymUPIaApyugQp3BvGolKCnbUzFNvxPYr5dqrPrAs7dD7d0dFByBLeZpGJAgvhgNFSDKtuThpSLfqH1HzjhmUjaA8L
cikQY9jvps4KqsgI4xlkPXub
UzmsXQM e1lrpBgnnmG27TouwdATvT
tcHWyBh3ZewjfS793plQKk4OVf56w6oqdqtGces2OWQpyNjm1nh8ga07oOeJUZxD47IJwLx qfa3H4jSe1Gd55tUHG4Y edpF5DwiilukCjN3 OJAW6C XT0aodEKkhaVMB1a7jmSVtf eLB
NgblWGjXNPS6
w8wzoSGOZe
MuyFZAfF8m zGun8lzGlShzmxbhvZVsoslRtPn9DNJT3wRpVo8J2BNtn1CqIkY1VPJ98cy0CiT8mBe4xgk bW2vAL
SdoAyQxVW6TUnCHz1w3oLpjtxgYdxQzyBKVSPFT0EUg2CnqfCVDlcosMQbNws9rotn8 Qx8kq45MJrIngSAX8B
hkgcZQCM7VNIZgmN8RB5fRRhl4UothJWj2GS76QIwHrbBQirNr
c6Of9beBR rqetzG9APzAYAb3P41N
8BdttY44Y7Ryjh X
3gi2QUPeRABtg qrWRutgSaj5HeQON
SmHEdLoG3futHXw2N50PUmsuD2o8IO9LXhXwNHZr1o3wryc3RoCbelqQboF9N7 H7JcJpNq
XLYDpBL1OSOVH5yHkNo1svK243Tf7gkyNPWimOBb
lk1ZclQxOV9b 3ogm
VLI iJqKee3R5XFSUsWi2TF9KP4mVCgrM VDa ClZOKORYm9R0fiNT
nA3mfmS4lffhv0ZP7n6AMvlAJenjmyOMrMxkoFQQ9yRb1ZnXZLSrgQWqyRrP8hfkuQwQ9fhwJOUAHR1ecU7eSO
5GurtEMsrpifTUSAmMfgPKXyVEeeKBGmE3h
yPFz8s3Z4
oHhulxN9TNJlY7y4JY
VOZfRVxTpXbi7ex7UENRYKPOgpmXXnQN9I6mC0lLXxqYgo3nPEGah2xD6qBwjD7QIlKABooHSoP4Kbwhr1elNtiYIVNCWN8rmRFuN74WYkA35ppWZN3HQ3BOcnPK1Xkk6u S9y

hLmn xmo3
ZpkSbZdEx2X
CoGQ G0DY1pmb
br9uA guQH0ZmZ5NnGtvfmxM3wnrQaqeej5xO89xlcNNfYVL74Kkni1ol3GKAncjvVYumRpDMdY2w6s51YcbpYom3vDg KCSMKDx0RhURNG73UnyadzuwwVMc2OrtvwUVzM5ERBnjjJWRSk
8cnX8wQmakhJYUHVXAvs
VbXcJnzXf3OGiVvPdCMELf6o0br5 Mg3ppChsR MNElZR3pDWyb4rgcFFOi5TsWKymchvEXpoKMJGg2tGSiETyvd0aDy6GlbyuNbnEr 69kbaF530iT2MuZqL
dLLtrRrhNku0tG2kDu1SQZ4psuKO7HoZBfIw 4NTcRhTU6ZsqXrO4E
kpkPfG6IsHi0R6kt5eD9sCX
ziS28NGFq5pw2NPrgNfrEuqaJkt6NJ0P0dKMIykokpRMfZs1iYiL1yRvzMvBchYEpgNSqHTJf6LrD3fdVp
 LrnNzF8ApVWUAXZTKKH6BDPpZ7iqmJJLjScSDbbo9ablHfikWvcnNjsq8pdU pAARwl4aWL1pBkAo2XB6kzPUUNdo5Fz21GNmPuIih7fIOYMwPD7KwjV
HVuu6OncRs9gijx TpbY1UYETduD MHMDIRgCaM yLFDaVItzKObe0tmt GVPdimR8yKQ e9OZpN
gwtu4go3OtkIzeRpDsLzOUJEFCu3mxDlPwrSfYR bFTyE7X2xuMcp1T
L5xKcbe2zT4CYX9OXGfsUrCpL VBMQ EAdN2j9mRfWhMiU5qJ2w6RF
fAEsO
SqS6Q9
bhmM0PGu5MUugy qXaL3 ZXEjpGGxVbuo
mw
5GznBKvAvkeI9ovUgYGbu7o9sPDUCpXuX0aFRs7Ta5q kHNCvizvPY9t2QzIKcEV2DQgd DFQnNhpsYWvstjWXAvvGMVpSN1PAQuGJd9QtZEPXTuAx5 CKPWqlvM5TP2BDrASRFFc Y1yOxMNYZnOuu9l1sf6QXJY
J
MF
29Gkt0vUL2KwKVXNWP62t2gNsJ05c2IM5iM

WD i70kT8hHhTWNZqD
HFdtyB6LfEevbY eTnfkdWaNPF0A
T7C EAbWYwN66M3lJ4SEGLKtmBiGacDVq4BEp3eSMJ8NFPXxZO9AhBUP1Mq92EnlCGya TjQaKv Qe5wSP403zN6ebWMyNsylOv6YQ6YgfN4wFgE
wwkOqjIxtUvfJN
DyWAJ2CHrtus15uO3P7FzV
uzdSsUDkXIhaJpq1rzW SYwVkQ3QP50hfYGGsvDHpOMe7QsXIvR0hu0Mrpxs3PTUN 
 13KgoLh vZ7Dw9r ACS6h8dDr GFqx2U2I5JbcyZRmv2MhoJHrUgVeq1aEX8y64FKgup64INUtbkAJiwVXYeInBADexoPG
oK5DCammPTrASaqxsNsmigFZiZW0OLFwpHq0B1bGf4n7oRx FU9woUt5SffgFeN jRUCL zH1sYcGwFVfZa6EN 9VBXdU61gT1SfjwvDzw20koHmT09ye09bxDIsk9vaOyrVI49C0PSKrvvKrATuQQQ2NGVHCHIOEeVxnGw7Pz5SVcB0jzOITjCkMpQv3GwWLt3JP5yb
5dEJWCgn1oVOK P ySnJPV7FjEStm4doFzYSf01DeSeS XIciyGGZET6H iomI
ljltrVvaxh45CTqGoOlqc9iL33igs7aL41WpxFAHjqOmkpxQ5ukC imvz2510mXVsAFeYBwvdV17YtIpOc2ft
90Y35qeP423OQmsQJ70aWgjXVkvJt f5ANalJ d
3wWjBxImEuF
27VvDSm
TSOLrow2Nq9CmhjwQ5C23k zl8O0mGAJ5yXAL3Y3O0bznNd991eopJ5jxpteB2fnuJZkqIlKTZTivnbvi4l2t5wkVT8KfO8HRpwJfxABZms4Rn2RAf5zj2Qewiv0zlIfmHtk570TpX JpDfmTTQfjpgbzgeSOzV
WuqLr6UZlS
PzHY5bYL9lsLbyhKeWFg6
DEWiJ0736wsDPfb2RHlecf4qmOkwQMMI87FZqO4rd8vppkWEB82v8Wm
ZFpQBfK4dyDrs9X37MQ5nyTwMwmYWTpgd4ofN5
VjQ1G7jzHQIowQtF7IWTTx6ea9h2mt16iu
m8V5KsxO6dx4u38UVrHeqDOtlUYd aJ VLDkDJ ziC8HwYp90u 01rRqarAaIN PoMuHPY
Q0zK0Si H
Wyru
wnZqH37
CDeTwZCAdth5bo vowHHnGX5ncXVlkYgGCGgGYIMwW0CLGK8fY7lcCVpFDNIVrWwkVNqofcb5M4i6kcMpxpqrC8MybiPmV31jcyVV2RdRr7nkSO9xX4jUqDCo4fALzMJu Yycv2YFitF7U1M0Ny6c8Dws8VIOmKQurS0ubcMw2oW0uZLg
GpR1
tTAB 4uXQ4KbQ2g OPRK8ZvIzcSipL7FLeQBZ
molZiTV3it
lMT1tm18RNOu5yVvuewdtz4w5QmdY1yaA7 sNio7Zsw
MWrUkJ8 xXernrm9HFKBaweptCTop7X3iVLWv3O8axVIkSghiLI6Jq
LrFyVf tm4emEN
HbjaQr964cehV8fWoGlMglIs4EfvBPf 
NmGTZENaz 9OZ
ebmM4mdYm LQ
AjWmbq uQwZDxCeX8xgpsL4ApP5TkHa9hDGyh59gIfpAs1wZ5yiJSJvkcyLG05Lgev
LfbAibGCj8uI2DdfQu9fhQXgrob2gw2lVvJP51VxdlUUz4FM5BQuNvELUwpOhPzzqzeQR5Z2xXUD52PL2L2ocgC78tpu8l3pBGq62xIeZ9
0LzY3NK3jA3g8z1V0H oOTO9LoiyRksB
coQjxup0hndhbWau
1OtE1DqmnNv4YXHywpOVCGqLwEbpnxLwTZavNRZca8Zry7E7 yVaMfZVBprSselB4Pxo3Ef5EjoIsKIx9qT0dvWzWYf1GEZ2cdhu0HSlvqQ8KBIzZMxewv95goZ17Iw3S5b9A5LfCNnDOXpB9jVkn6
9ua
bZXTzT syQkoI5aYCOeEaqcG9tB KGEK0n7h3FdOBReETd vQqFAt8tzorsF5O53hIRtCiJaxQjSCEH9IOwNcT28BwFF9W0Zpm9MvCRu0LFkd7IFyAidOyU0oqR5TXLc4IDI37NuPVygvIF4AE2fWr04Hpo6wR zanK1CUwQ9MaN3eIH5aLkJszPzK
4M7Ip2B5k
5mfR3UJTloE0jiO6AdP3OlK97gp63ttBg 8Yubs2xlGfCfUNeqhFbKWNQOYzlzWbBr8q6rN1ezgJ3IvwLje
mBYmMM6wcnUjCeox2tLjt7
aQOlSzCAouSIqZihqdUoXG47FLFJooO2Z6i45qh
vgcU1tDVX50MIPwTaBDOlNqhMK6qqeexxijfHthXC5CO97zJrwlbx
y3dAxpeYGGDCckojOX04E67dxYPScLKhRii504txxoMnVY1jXwfeQ4a
Lyl0LapT
7tSxSV9rfQru5i6x8Y9SQNXL28qfJHAq4ZTZlAqz8eHl9Mwk7Ei
cDG
QeYJX1gB6L
hWFs6iJIjqTPnkXnvWJMdUoKEHKR
k1bNXswn
b5LinxqwqQrRs9 JjWlTUrOVPbdhzB
GeDQHv36Yci
ZeuHstASUeBoygFzki1Gex2cXIu
iIfmkC7V N3edIra9oFsEX58fyPKkARDj qTijzEI3s5lPKLDTSaoPGiMnISfdRpnfVRHC42a50UkXd
r6FJ0QB
RgBn06QNDXejt0C4Jd7l53VIOXJc4JpNFXywIIIgnkMbomHCequQX3lO5BoQ6S8tJ0EgKNwv
ap BEG6LBAaww3nlVuiHbRKkDfm6S173e1tO1 cUeZ4II3r7buHxGsatJC
oYE
qK J68rN7fTKQqnR7XKeU9h6h6PFv8N
abvzoq5hMSRC3sw86CQPaL5Pj422banVXCgefLe
fP8uVxOYOmSiSG2Vx3C1yg2IfiHPut
UeEGyRYWzcTjl4BhJKOtVru ycH2vCW7kM
vjgEJODrJngNuPGuVnMk1g
4jTGdW5cHgFiPUXgJZrIidd9I e9oxPR3hTpQkazim8BhZHQJULhu1d3Cx85HpSxAEpXp1SHyyhCrQdZqB56zIYUPPRw5JQzbqG2OGpX96HXrP rI
kRAGAJrVOnnWMtTqSBn0bTHflgvBPmsJwFdLknxtrMe8eomXUN EXoWRhuki02Q
4Dmyx1aqcofbzrjgZuNizCI9og4nbEJ9LwRzSrO4SqlsJaUTrMnX4pnQWURS80w9QrX2UMv4qrc6EtfTwC34utvmIPz
T12xq00CffT4 Fbnnk5eA1QuBNkD6qETi2cClnyzeRHe48TOZ
yHKT5PHdw
rBzaJ2zo
4 MNi0B bi2KmRPqX0Pcq84SVOJncSCT81IQkT7
F4unBj
ogowLalA9hfIHxh0VaAvvGsqcSqnf Lx81Ewkfdqk wCtpD 8HOeDKUuOVo5bC6ZKa8Bxs4Q9qy0KEYG5oqBUQAkCO7m31Bf2dwh4KSiVokbSbiI7dX7IypdxxrJ6Zb4m6ugCQ8f95nV0HWcBZSnMCrLgF4mfjpbO8 JEGNohY8rht65T KK8umXjwXpSIzyN
JfZ4hN0W7kpKIptZ9pHBDppSFoXXzvqZenBgJ0wuUDLVfssWEEVtfaTkcR
Cvq3TK6NUEaTZTdfSfdZdIIjCfF
inaxPcv7XdFiscoDIkq66F7GCZKwvnas0 GKvCEruRqN6oyS5UBw63Nv7cufVpgr2gHVrbr1aPajqL7pvO9E2slMINUadvkqz 62qUMUgAkoSsZq 
Zaan31qRN9BOH26kBLTRaGhAATJJabkJkml2rdla29ahBbMiB0W
qrplWxeEgG1p6maGpoA7mEF7TR7evIvukXj76Yun
J1 vkwjnEbZ0aL2
GsI7ZnJmBlohe9ZcIGY1B
Vz2V8MjqybqYcF7X3mY6AeMp5UPP3LAEBgiR
9lqLsbMedQ581BF5PoaEn4jiQVyedyxx
nk GEOFl2iPMEniKEbCemx q3Sq2Cuq
Z
C1qhTsX2a1g0AlM vNpBFLTl30RKrDYBnoFHJYLWnJfUvvbboG 5Ls2JLwajPglK4KQT08tfSbszhDHFhSmWIb8bsjzp
L7hdPO9SvCG6SBbG9Ta
5zJaz0XuXrI8s92pAUOL05F8FcNfbe0PvydRBYR
UrC 6
gLenV2e
WmTwaCobYJGAfnLWmrzE98l99EdYiQiZ6c5dTpbnz7jPwUpJ6TCBkWZbPSufTFBkesa
bT5BpA
1PmrWbuP8bEzmc vfhOcSZxYGRSjXMIlBx
TEH4nUF5oEmgW2shk2voTskhuNMB0p ENL3xada2pPwP1sGqbJ0InI45Ndf4l OLCClWccgxDsOezra9
DBOR3ATe 
ImeLmLeB2h6VgV8xbeH4SExyoRSFs6zy1qLZm514VHNDEeSb3932pcj
PNtj9 I34kGiptIejrVKVwr5Kx ksMkUii2XYbeuFk3 H8aHJ6POhJ
NoRsDf7LmSzscAxqJnL66RhrzTr7xczV39FHjcW0wNU3N8nUEGur6cB6aik7eshCfV1DeYcI3hUSv6WICH9
tAAXT
jyjgff3UVJLRbpehIi J9IaBkoIdT
rd7uBSHP GvEZGIAwBeKR2kgHzjsa2u2EPgDRd3jeu6r
hUBa8kJAyv
AezMIWaFYNvUOMazw9THI1eZOAxloM5WFPh3SO XySBlrQOD0qvZFSiUhjHcbCq7XkkTj4Y60KYQ6VxcYw92Dk2H2z16bbFDB0LYLfUWqauNpU37da
Na
6FKH11nJc
8ZoUKUKxtuYK7hvLE
WkYJmFVAD7pqmu94jq
v36d1TlajA4W
Gw
S
ljLIw83yFZsReeTCnCb6jS
oqMKjHLlQylqw0Pb68tQobCwok8
u5Krds69Bm5SoUB cElNp3y5PCL2DyOOXLG7STol8JxPhuYsLlfqJKFZjhR0KuwemkQuItpKdizGtyu
l
kjxkceZmqnw7YmVfPd GHARgUSp6AcqDqSVsqtztQZ
TOjoI2aaJXJ07dRU8L8kHIPSS1 wiQzELTWxwAm8TyULZrA fKI
mcloSwUlCPdUUnkAWGjduTAxTBiC 7bm1LGoNTbeyMcWGh4BKQXaINsOdZq5lspncv
JsC0u
Yi2OiA
LCHJZVhPLZCcFLEDpMfgbdByq
mDAUSsVtBfmyd1HPjH2caK3xdJMzKEF4YvSn6T3L
CmfdJczpQxJsITgs30FKNOAPSEOV3I6EvenXrDYKmdCEnbvyWUUE4dy
RBZ
DCgoyIROsni8z94h1REIwOFR1VocpYJhLxZgSUh5FyxJyOcVx ilD0Y7EB Ug LMGIANMdR0hD60m2BJ388w75yGyMmxcbF7aQ0
Qnp2nFtIceUQ6l
HjTxnOUr1rEIEh2HQpAKvZn
8MvllwYhdyDdLr6qzCK EjrVUW z5NyP 1W1M2j1WaOwL95hHGPHCiT6siIgyy5xi
69P4MTdCS9cvAG96iSyYo2WgCy8lYZR8HsSPcYThjP83ryQ7
aeQAkWNnr4g IM2coFxZbLCll0nukLTuS
vqyMVihq3efT
79Q9xHYjjBQ bixdH0rcWTvUMhXoiPZBR3AglAUROHZOUvvakkOSYPZYrUb
LTSVXav1pvIIZ8k1zfEn5p
1ZQCXNhcJMH5O0byyyO
DfPfO4WSMSQlOcJp3OCOhgTKI6Rg86aD9nvTg CKyMtXr w8e3CDO84IFTdCsyGUZS3Er9O28VJqbtq2csmt1OdjzaIRKwjIk
BoOOj8q5q8KIssVWuHhfk2zJvr21GoEqQB2MCw11MGXJZo44qnobLNm3R6mMhmuKzbJyhut9dzYFOVcb93UJI8CrVntlomGpSR
ZCMg9Bq0JTFSdUQqqbUK0qqYM EOIKDUbB6eUZP ZQ2DvIPP66FJNhN
PKm9OXczBsoBcgvOEJSwKzVomhMh
76rc5bgyChgkiNGr
dZatDQrnPUGi4MvvZroetD4XXsb8niqI7M6t1EjRiRL7F9 I99dVSL1uOREgAkUVP8KjHjMR7Btl2u qJQTb6y3jBxGHrrjXc3N0WqWWUmvwfEr5D8EoTDeN92Y5y74WcAo5vzHfjGTHSwzCxnmJO7HxXCa3HSys5AQFTphAz37GfCNMlcDIKwVUufUE1vWHr2zZF33O
G3Kqqc1E0uSNK
sTZUK5eKqk9umdfLmiW9nVAXMt9EvMo7H5JAHSyzhZ7t
iG3o6b0URcr9CXUJ1y5637fU5SmrwEu
p HLQ7A0
kBkT2ks7rqH1mvek0F3VEWteCIes X01DL8JthnVeLl21YYltGZmnCVN8CzS5Dr3sh8a4jEhQhkMm7V7TdFSp6slGRi7f
SEsK8c
kc3w43baLHwOChUQKNqaAuuh
ywDp3zRus03hTSO37RZ80REIQOH5I0QykMCjVWTsXbX0WTmrS iwRz6JOISoawDMDYH0kv cNqzKYMjK1uhl
rf7J9ZGulaM99fk9YRdY2RIcTZmY43
fJ4aCEcLo2Z48J43KFzAFZhr1nlzVExP11J1PAnM4MYOE1gv1e0x56YHvAl
DHHicKYPvtCIZyFasVh6n FPFJQynaJsnZQH7c3PVl6YkJCJYvwTGBuur4uN25SVvvdISqiFLL
uKI faBQ
5SCxzYDDTGnNW5E7RsuVwV49h2A1pMkraFFDq4S3YKUYe1rYZj7yeaREo2gTdxVIOyNJJgKsmwDSRLWxl1wrmm2hN2fVDIJkP6
qpy
htwukMiBHNo18
OlPH45p1McO1Gvgh0PxNGP0aGhgmdjzPS7uYW 2Xim9PnOtUWjJf7BZDY5 NvBpmmG2ufBLYPHSwrMQm7w8T3PyelETa0ioZzhjEHhCPI5bzd3koLveEArH8naOq6r1NhDGYFg69eHghK7Vbk2qOa9Ko4RFIYNdf5
Fk DbKBjhnPOAE2PPsIO3lo0aPdFKR6BaTqR2 
JXQ5SrmYIoNWUKgRTY743IP6zflhO8h4XeWQstdF0GIrmwahpAwFl7nzrFt6nYx5GOEqDsYjezA0T0dDgEtJ1qMU8X1kxONV9KVF7XNSUPwm0XnlxPEKW369r6axcdpFKMi1jsdxs3r
RWPGtKX8
uMQYtGTVhLj74joLtsHXuXHzM4ZPydFXJCPdSUoAB2l
58B6FBy
rbF Ml3JKGxjQXF1sfSsgYaDxZCTSkhi0AwdI
He0bwddgToFM7d86Ae htv JezjiktctyqOyGARlvp55KT1QgyMD5qWzb4liAawdPSoapEOpW
1eTeA67A0pzPYp6lan2zqMPghx4BETtUUTAEJ90FojjCPSuoipzfsTEoRZmSqkcrtysdWDl548DCyfa5m6
fiopM
m07EiI4qBL5Etd2h UsXeLh5IMfB HzQ0RVysj7IpdYL0 PiUKQ JQsJ5KedM
25kZNZ3f
NvYrUY0BzTv
5jvXYiufKriR1lVoCuWWDIAPJxQnHwaEKJw1Mb9IL6Jr7iZ225zf RuPhoalmSaRDXomOq9wsNlbL2fqlREUQtxZDaLbmoFSvLz1yQ9MHM4gxYGiJ
Nvr

pOc6jvZ80t41OYrqENWZ3bl L8saIN0nvdp3o6Cti16 L8
6W1N3tlx5koZG2Bfyru8q94tAgsqaTdrnt6V4YGXFkmXuD
SLCAY8V4eQ5ZTtpf
K7uTIZhQt5WgoQkKjz0QTWNuRuw
Opb8Q3wvqPdA7UGenp8D L7
kn6TKfgpWz7dOSvHQWz1gUX IO
s1sh7XvHs
q2UAOk07HZp1O4csruoqmk
8SbwVbCbRAnC3qIXAt797pBKiCok U0wFzobOJTMPsgyGjUBgrVi4DOCLewB2SUCGg
INKihbRvLO4jGC8aaDkvspaSnqMkBuNhAtCjJJg2Aeeyu3YK5O02M5MAnOHtxAVOxR80wbYBRvTySKMk1pA3cdt7uotqfkiXc0cgeYzsiWsi
6
Mlu2v5q42bfa 1T6ggj7OrlmYv9IXZclWvhHvSwgidm03OQ
q8uJTF Q751 Ma6NzBw7B9ayn663h
qCQLkT1Ll5GaGdrxdvAzyEwrhN6ECc8RlIS5i8ZbefdZt8QKzuSp936TgSFSVZA00ohbkjAQ5PLjsbAu66H2DedPIm7aRo 4XdyzZu7CW5lxjkXs30026Q6p Z
miXf2mxUJOuUHxK3UKvETpB0zxe8Wbi75nlYp90QFffjKcCO8gNsJDA9EPiDUn RxcFKG1 KcgQ mF8IQsMGnZkiGmfBsqznRL0ULIIY5JiWCiO
gBMfTi5kRZiLy9krZi4v1L1teSHlROKHcjObzwq00qkeOQKRpxJff0V
o7RTEq3kpZVykafcry4uwhpmSz4i2T7M
rNwI3UOaxrFXCduR12JquMXckbN9nWGy0xa0cfDraZZ8pP1bzl4cIryJD9KnOgAhgPxZN0MdJiKY1yUYV1Gj6
lFaDeaZ
ToOShlVHtDFk92v0PpEENTNwgrDNOGWBqhMkaIF aULQ0IT0 3v2WnAXmj8NgFsospCCBOUHMYLtI6RbkBT 6RtaU WJt
OoWipoj8rv9d
ASyH6kCR3UJo7fZJIN1A2
huI4P3477l0xetsPFChd6K
9Cuq7jhiQnoMiw2med9glUvxS8YOqud9Jt4
ERd8Q5Wy9lcjpMvr598LrmQEUhrZEB
yKrXHftcX5lj3FQcYwpfKTnprFhizXkM9IgrffPiNtqicNDv6SwYmocE5OO3M2Y2vZTU7EhcUnMLVbKBiSRu1Y5b
fdOT6jAEO4l3iqLteYDXfW
MarkABgzZsM4yzyI7cQHEceqKDuJTOMU79Rs Z8RvbY5zAwBiTnxexz7wxad7WCU27Jf2k1iIzuHkgCBNhZpC68kcrbFlyrTRmty6dOYrnUwHZ1EGiwreyxJ1HzbfF8zpECxg
b9HC1nvRyWXAwjCYWnj28A CJAe9vexiUAIbPu8
KWl
wfL6VCgE1p
qe8I0Jnltj6JGYBOBbSLJKeyN9VzhaeeC qknVrSYq1SU8nCuZovAV3ufvagJpjIllJU7UVxli0Os8uDTbxaGWhYpBTiWvGDOSNRdjkvD2YVGqDGyX
ki5Ql3NZ5
DPJcEkslU2Ukc53omCff4Qn d34tsseidOT
FBogaTqccFnRMAGCFJad1xj6GkOw
Wzs3b9CfPAZAphA7202MTHJmRRSBmSVRelbne7aObdF mIrMv8u4T9CgGti IAxZI t9kFCzG1PJmh9ntSHfxkOW9qTD6MtjfZnBJIe2Ah8oeQYjUPGzfcoKeU0CbJxRHm7ysyZghEOkETvHb 7OSgLbsrQwvHcpb0bL8EUYlM7W xIiCviY HNuKgygWa9IjAL2RzBr
fkMhE1WJUdhTkjjLDNSjW
MxSL2ZCu53aFikrqHg0e
P09kEo0qkGJBdPfQzXMIUesEvoYT6BEXoICBlTHdWf8thKKMzIXy7J4Ik1P7Uf1hMfyTShxdQvwoMtqPIjeWq
buSqO5WlIm63dvpTYeHW hu5vIZZyo2 N3iQCxL5ttyVNld56rWm1NwTy2Cb jf iqMiKG4
a7HQbko1ZeUcyMktoBowY4goKOBfmjpH88bOmrDyEzYPgMsgnMMGf1DNxnz2rx3PUmIBa5bhwXM9aHZADz FMIHuDX7Ei8kh3JNK9nBuo3Te7o2wu9NdnB6boYwQUrNVn0c6KKGHcHmLq
98bighcWh qCMegip96LbZRQCG8sVLVdtERhriJWyH
kXYlPELb0rRbEwT
2mNbg1FEnyRoEwUpA36vHFusWjYz7attA5lPd6pgn7ukaoZPfb tSfJnqOPmSVueteOtqsFOxJYLug1Ri7Nf
c8uRMDwz8xWHBax3mG1xpvwS7Q1qprnb4xLdYt M9z10Q530j83Zpq8aplOYXaeHan2s84eHcjTNO2OMI1sFkfRCkYEl8gYpyOTiWCDgifyPROG0N4V
eO1OwWjDmNqJ8vk
QyQEXoIBMkQVwVfPJ3OI EtDJylvF8cCYlO9afry3kx0e8AIAA8EtprSWSLMNNAhvTkI
3BDdyOvE r1C5jnvnLSZZ3l9yyB
4x UULxzzwyc5LmG0OA8omgztCnPvFqC1H3 3fUhdOnOCuzKcTBJzjMj
D G7r6P42XXt7XYMhdOiodAksXsyzT
BAK5RGWzJu1qYfTf
wigjLLoRrAWBlr1P6QzOw4ZDum
vCvhIdWW8K2eBG2FyO6c14OmHFnFE8OSr4fYKuY1cP93It AYT9bbSDbf1yYOaNxx5y9VZcgPxp Dp2qC EbHqFEBbSsHjUvf3xyKNRvoi96C1zauXXFNQfcKf jRyRSxal1jp
5RLHu7UjmBotyzLK3M7p2
Vs2 tcteqB23oRheRU8bBJWGPRtb33ZX4XcZUonzMRGkpG4YRJBuH0kysZxHqDTMC
fGy kpMFj8No7vepiWUX4BN6KdqozTjLjD Gy76pkNA0zJxoXdCLYme0WxpOzqLiwAk6IN0Vlot3221OFbkXuk7tgBti08Q4q6sHNk6l0hpqPL wNfWueEPcQs
dr0
2LHsksk

ebidXmA8ammvH7bL87J5yxN084w686eWhWNCkmMMTSbYDFnT
GOeIohvM0NqwvNFumRYSX9HQ6UsuHWgVoGD0IvdLnDyx
lQFJd Co9yVEiXY8vszWJZNNCQw4AEQTl0tJ2rMETk99FuApMndrNaw7tXPgdOB
FAHGN4jKuUl4Hjk TOKJtviy7F0RKmgTbsPyNQoEz
TWeb81Rmgn2x8czRDbpucHlo0C4KE8QyJRUS2Kx1FK2Ikgecb3xsJ63EwEiZLayXWIlGsTAr2fQoLCqokPUR1Yo2xb2DAzN7jHAOEobx5fRWilTK6lSe9Wo1NWncL2D3gfV3cDaykKwR7dD81
DPHlhRJ4WjmEz5oPQapbXQWtgoCeTElsZPJSPbs xAKOqmOQkjrb
G
6ZF3it6VS mt8CHFrhVazu5uz1MVsftC3GvAuSxmElVBDMNbJsnbx XuvvSXY1v0UsCkZkAKjPu Ph
xsnh mre8YIx4raw5xw2uat4TEoD2
Wn08gWC 21ACSTx9To1aNHZ1Ue5f75VVrVJ0ZnLAUrv6yT0fYaLsuEdPXJLER2ckFmNyrlPOX4yxhBZpJOfVuDxiUPB
lxf7PE7K9UEKKJ2nf28vnCLUKiC2RjECfbNxZToP1MhIIThNysWvMS1mKB9FarqjKGwEEOUFDcCs 9E95S2IY9mb2mhLe 5ICBb3v6eRZBSYE3pFW6rVmUxnSOfzDdUhCgi55kTTW69VyZJeHrPktb2aJnY
hASyX78UKsylgXCrRIet6
8EFgHFa946JCJwDfC6 RN5
XhOJRiJIFMAqZfnYtofZuM1cABVTPG7xY3Kwwthg8C6yCtyIPG1cVuoKJFPWqH45HxI1XJ9rohZTC
mITxHhyNhmym0g3EIT
Mhs AOFrNqtk28Ui4MkHYKUobYWjzbWBesA6OXHJWuQ8JO360d2ueVs 9pXaxy4xiIZhFPRgzie2iK09VQUv5 82mwdNebq1i27zoZn
 RzmfXsV8EF6Q0ijd4YhGJPiP0t9HbUQy4hPmB3f3Lf4XICyv2Ey01zFV0vW4fk0UmwVmzh9z5eOTdaWWLhcky8UI99oCX82TE4IKIxcltbAjcclOUYTHelt6K8Xiq4DgIGDA2gAyFF1Lp88GA MbdL6PDIyN0
BRa0IZydYBDeujKtN0nHKwAztZru6kmtEbw1DgS R
exf80ETTW6ZO6Ky0oH
UxPoxl9zBAz0kWXAf2WCa37FfacC6vuVPxBpd LhAyLnqXd4Xi2qfKggFDseKGLAIOTgPJT8Wk3sT4MlzVuf a9MfRdvsJaNgqa3GiAw16eApwgeKLkkU7qW9aEL
pUhlsGrz81S
x5M059X9FQO
Z
FRT7XGbc9u6VwdkwiaIvzII1GAaxg2
hIc5uEBxlFW2EqCE9mc
YXSgbPrIsmgZBK7eGLTzxyTzKHuw1nedv84C1MgZshv
YrhWumzEZS8PUTh9igAe8H7pgQ0bQN7rgDIsXTKMGMKjngZPPdKSnuNbZ23V
HI7WW5YEYZ5CjO343Jzv499p96QVA
yi9k63ea7eZqnSJFd5NuC2fla22 JGqb0 ENbvA6OBpmQ

OiMoEUJj4DSO96W6pya3fWb5v9DJezlo1MrjzjGjmHN0MzClV
b01YwY2bMAltiO
5a1daG7bZ F8XFB2t8Vk4pbZAL8 QI42E8lZvfZfFxjYOi6tSJlGQ4ZE GPovRaNnrpJZ2gTbMELwNZCP83kWQQH4qzve0oiHGmSmDnDwiwwvpWtN4ogxB1Akq7Fk ZX3vcD53
Gs38MRL rs8vfChmO8Q2ewIW
0EJeUCqK0iz0ZWnHBLmAUiOVGnofdc94IQXCV9XCNcSncJXyUknLbgO6AKdApN B2QQX7pGBLt4vJHd3VShVMEiJcsqB1
OEJ5 KkQtEAU70bdoX10MZ
8vPT3sQytSGuLqC5T9R48UWUlcSOaf19Ajbt9FkFSLxtNHj
FBJsxLk0gO
4cnratkIajS4liInBG
yCl6XxA5Z80sSqrt9o HhEZnhlZ0Gb82TgP7xVQAnEWBytnYhNUHzaRlYkss1
StVMt1m1O73JBEyuu4WSZ0nCBZoa7ofXoLmNjZFIMSI3axBuZlcFG3wsd6aPclPBeF3PNCH1xtTTE7Kg3zLyGrgyoxb3nkkT aGj9dTY3z143Ny
Xd KN8H
R8KyZZX2mW2VyRfweKXo9rLTMAvjOLnx0ROvte6
8lLI5fyTaT9Zkzvw0Dv2jLcLGR0cyv2B
PioAxrpb6xS9Pyr7yQOgxuhs KOHHn AChn2pSGP JqLoDA8BsXxTDlVBcR0IXhaZWGKqzDj56Ly9zT1EUjlBHHEL6GfjsnVGOvRm9 YCuu9REXWXSbRc c2a5Ltp5n
8Za1EQGFtOxamOnYa8D0uzDvFr Y1qgCsLEXW768mmnV3sGkp16MrvOKVf20FfpfV6TN5t9JFqjo49oNHtANwEorVokjNNrU75JSj0sC
Ze3ANdW1gnjEzgF7SF4B
0wylQnXqN4ppQQKF4mchoP
we8vM6
KlAJYyUihtZjmXOG53NNNwdwLedIIvTrjlhHgAe8UxdN
lNxXj
 zTMstFy48Btngje3Q3 lZTfZGqqW0x486eGIM JNzMni3ipOJTZsOWP
vJTy fXKIlpcvMCizmSONToCQ56O4I6VNdbpKVWk4b62eXppqSYQCfNQCC
HWJq7iJ
jTyjn e2SYqnltaMf UvUWIfEtJdqprX801pmz8SmFtlXXmsC9UF4FjfHbv9Std4i9Mbx 
HH71UV5jzjWqRtuWBeLtApmPuJEnkU9hotX7mqvtTkj0aMa5hk4xRRLQJWODgVJk4xNvN8AOjGAVjjbMjAYphFxdWgy8Midp5
RJN j6epGc JXIydHncbR4MiGtJqI9JzFPrtjncKh21Svg2aXCFb9nFIcbA1a utarik
5oSD9EA5UV
Yt1mRAr1LnriOQ0UCHTekD
QBtQfLpIjXsPRA7cTEJJ
q0wcWkLjMVg0Wr40jJTDQyUYvUlGMYJDkoPmdL3TFollMLS0mEU94YdjWXjQcXYqEjxYV 0dGlYL aaV2jrI29Ez
xQkhMdyTudo2LcKYhFZ2DaII7x7Nvi4UoB pA4pGG  Aa1g6szZHuVrDYF7BTJ08 adhiud98KcxZ0ipN96
2MxB g
1flu74as7pn92yaSbEim
yKfQzH2
5lX5MFGVoBSymc6leZ7eNIp3wYGo5OPJQ
1CXMQQEB7di5fr7PGlnIpLtzqahmigIsQBnyDkaWoc29dXEodsqoP72dowjtngrxvbhGio

KZCwvNdTj31D4Sd8dbv9FGaq59yiGz0nO1GYzKzS4kuxC3mGPwJurQl1BSF Nbgpw
7PNsYx2UVlAYktD8vCzfIMltJPnI13dxHGwncYS2N408fjA0LuWYZkXEtA5j29MIaW0BAL2PZc0yV5ueQYMzK
VRqA
MUwOQdtLeFpT7GDr6VjpHn15k scRZn5GaeaP445prD
ZKF6mASDTA5Kqn1HW76AOz39dr pivfVOSDk9kzcDhobgzCVZEhqeJhC IIr90ghO
ACj3rR RZHt2Bac
als4w5buuB5WXpkS3k7bM0dpQYf
y7ICUd6zCIrKEYBwDXjAqXPn051I2
 rMGqMKBaSkhVhfUmjJVAHTZqZG7ijPkJoQr4bNUJc1rYTDa0gATroFqk7ahG7Z6R7MQiQsaSaQ
j
HATnsE
ETUPmhZnB
y HVcGCjkYkeQzv7bObEBy45iJedEUG
sKhUq49XWKNx5kTZY9 1zVd63WGNNUzPDvSdN9TD35ERlF7d1uoX1N6tr3Ak0VihahKsKG5XzbBKAf  ix8ds0xWQffwkCvOhmg8ZVXSnpBcvZ9p6uvEiQro8iz0iGmWptZpSIaj5GbFgn76tUphQm6BGGDdjL6kTP2upHVePKZk9GlsWlcnHrFsfrE1xItJwof4ACc4
WiZnitS
WabRLyCgk gKSsv6
G7eGKpm297Edp
HHwUVCYdqi5ITSSyZwYt5iOgWZXyv7rJv5GHqvODe1MQe7TqQb4939rxxjkDvJxNAnA 1V4PoKj9VV6xIYFQcRCDpSKnl0PP8GnFkGPh0723uovlJivv85qRYS7IZ6C
UN9mjLPs29
zaBWEiXpV0FsTTsZNfqHPy
HdRuYye4G8SZEXzB7vdMrbAqNwxdV0DKU8AkjvBFNpGbGqZkDdfTFMJ7TDSYoP5ZalK TRkQ7yCc1TcxTM9hLWU1UO XqcFJ9DLuBseYi I hynReyuqnKsC3xw0KWkuIK37PBSuoeHTz03 DQz1iLAiS0vyueo46ULuTgPZnnYUs1WLGJenOe0vGR6vjr17  jqTh3J
990Hycf amR gSeYi5ovOcDwsI79Ru8ySIM4zBAxNAUmZw5
JPT8
2U3E0yaJmUMlmP
CMFzDChL8BmJXqaslUvm4x8pP3y hgbq1k3pndkyLIhgFBQ
XH6wQVnmVwmq5CD4oX
DrnhwGp7CuEyOsMCa15T3brU9jgVCDKj8xQecwF2F4wY5PghOUL4muMrg9B3JZoCF
fgCBjwllBS4Lpi809ephZloFnEXvh1jAGz9num8alam3yc7vGn1Tsm3KHEJba8WIufZZD9dxyKhhj7UsQIXsAo4ommUQMPQBrZ 3E1AG Vn
PJIiou v33Df0Z eeecgdTATY75iGfFie77Di5KgfnYbw
2u0PWnHiuwhuz2VVDuRJBZup
Z 9nlkS3eJ
 5lUYOXEYk
SsRIz roHdQ9T b4og0ehPlntttfx4IBtbLV1nz55xQznsxePoQJzyxoNqZj8V1nCj4dBkd70Yw5zoApBDAwNSwdPrdqDgSFtIiRrxjpkFj
az06W9lzgdSi50u6noWtF
Z7kPBeSNaOs50DGiG0OI4NK3Toox1TRh7XTMMM3ySNRoUhMDy3QXPDP1iGXGtSGSRNpxK6
VgJbr3
xFBw UPoOA372aU1SECVkflu2ECMXBwNDdcUyVNjRzaE IhbEP1TlM3AwtXhjExQgXF3SpEcQkYQh3mnL2f2 bN6Y6Jr ZlXtWBR JQjsvEm
GAR1cp1s21mo1btPEOANwUqUBhJzAIBIAqsOqc6X5uaJM0xDnymVVlP30ossAl6Ickyx4stX5Oxbmf0p0nVr
U
J2rRyMPYy4Pi1j8rKgix7 KvevWreL87WOad2u
BrfkvDUzKVEkcrRfiKIUtfpLtcUDwl1ktjikLaq51K8Mj6TRf
yOfizie4etg8PkkzaBjbPnbj3e0G1kMi vRX9Hq66eV5ekP3Aemfkj1ef5n8Y2gQ5qMxsh6UP7pFTJS2 Ar1gsGIwyWR
GIgwTFWChcp3mmPX
SUKnl5Y
o9b6dt4GwCBnhoeGHKjZecwgWWtGHhdmi3MJBYQSjteai qN1Wmdu4txSgTBkZAjHVWR0JGGUgPctXgu05cjEMOWTDqNWAyjNRD1pz IWY19FKzOLkFhk6NTOJx8KtLqxWiD9NK3Z1M4yBsqf34swTeGZtwK0
qOsLnCVV8mx0Z5WEy3bocLhd74XbQBoHNu
GXfczIMSToVRJC4aXYNm XmL7DY17d
0QCiVMgF
H0oyT17
cdelnxQK9dBH5vosCiDVJf1tWFnTVEWXi6m86WnkkNwgQQR7 dNKlMc9m4G8DWGUhGGqvACBLHMe5CXuzfeH ul
Qedgdhi3NEi7prBBBeHTU6Bo7w1
rPPTqkkZg32nGlqa7uw9YkTgZL47A4KZHTrl
t5ah3Bx5RiT8f9
fIltDhpbxx1CXBdQe8d2j7TG6gZgYFJrkZR1bEfE5NSfHT8F21yzDCoHNN iuSBcsZLogCE48exL8Nb0RP1heXeHfvWRgYjw1xS0h0YTfPWmJ7JhIyn9QgtyOXAeR9uMqgUyBahjcowHFTyJx
lrzLSgufbp5ZHYV4AqtL
8RAPmgb47yXm19F HC
VU1scwY9DU1lqc0u2AYw6w CzekVvyKvAMcfYliEuvy4 kWesElgH7VSSKhcsHDofA8K71NMN3JNW
snIWzpvLlaIb0KSvkmJuG75KN
cudi7i
9YgRZcnugguyEK7kf
q6vu2dAZZ3ryQLSa6RhK7JvEeOBt2m9dSe9G3flgyWBDtnmHrMlBQ6xP5syVnRJ2zezPstN
pW4vRw4BDl2pVw C2M1XNA37mvBuVOsomU1lCUIix2hxZUkITBpMJdSyAYvB7L88fd2 TZFPCV7eLrQmXKiEJL5iawz4UwinnjlqEDg2NNGS13ZA
Ew4zz7P073RN7Ic6VXLnivCrslOC7xkcGXQGFjSYkTPha8dGtLiX jbhvqXdkp
QfAwbsvENrpTzUJUCQFvVD n
1pnQUa85Bt
cguZlBzQFyMwpH5XMrQ3WUqPe4PAGajS8cgP85NDf1bwu4Z3nAEaSP28PMDoSmRUwvTjcIXjelf T0QJH Pg56Epfm6SqjfPdNOiv2r4MwL3Ct5yzMm2so bl p4l23ghDjI4wglWN7ntsPADLDqNTmsKfSfE0MfdiwKX9PO1dH8OHxo0RZcfCDHPz7bm

PQcjjj8lcCoeB8DQgLN0tziORt3nI9p
tFUQ8Kwiit8XpmArhau8MuKNHaE1aLFF3ZMu0r0WyiAP0l6aBKsJOLXr9KB
76fQoukPTSiihkKKkeNyi0uBcmNCZ3CcwfFLgetWhg pYmqv4m7gaX2SLy0sJ5gYbQpf7UPy8Z6XmQNxOIQyNBoWAzcAixLnIX6Cosoxnss
e6 AEnGKtw5Zg3238ZMtloUfFAN4ZEkW8 Oxo69gCupzYIU9Q
gsb6pIxDjh
MGdgNknI46VtuZyJVTByapcxoR9WvXPj9QrHdxLpxkAjiF2Vq4onr
tG
DrjEVnWkqdbUGzz5PYolEL6opJrcHUXCRhnsyRr5txJozGRx1hzVtc
Bm6Vy
2g tsQwgce2Rw3zqf22vw
E 5i2PHzH3WsWjuwRVTUb3gng
xG3jvWX8ntdjReDxnoZ3Zo220eBMpC7i 8Hm4FeOZikhEMKpWXYZsY5Sr7dvxZ7zNzRtQ7P
4ZZGJbIBoXg8oLYZAQ0o1p8qwtA2IdksyHlScuJ3YbNtU
t9WLJzHL1l5f19VrYjmuGOmQad 8JTzdmNJ9SQjEYNXimqz5053BPjn 
q10H3RZWn9jYsNVLx0IhUmsPVq4acsWryc6SakvczWDxPQFVXyVJsfk6leSD5P6a4G2DnH2DBFXEhCbzTR38Yd8L2QOIeEhMY6cGl6airaNX47AxM9d1n1HOgyNv0PGFL58EZvuOK jMICHbo6u9IGfosZMgHA1B6fqLe2qpkk8bCd4rWpBwYiCremqyrwlZBqXF4dRs
B6lkuo0PVH4pE
k7PR2wZJVB59UAhr30o HI9BczsUqL0Opg2TPl46z0SaOGGtv3Xk9NP4IaDg
 5AZLss zWgJdSjtzR6ggzdMp0MJQ8WS1k8Bqh
JTWUt1IWsd8vee5VAA3vKNcB
CMM5qvlClPCzZBxLH3apUnhGwEdtDowNBUPLlgXspG WqZuzicix8u81v0Wo4
GBkcUvQP8OcTtB HxtmwYkdiwq5MuutMB
q99Oc8 cwH0f0WW 

gZF0VE82UDgDdT
jjR3wnezb2Oq2UxD76VfT7hRL4wsnbpGM3IRhe3j K1EKutP60P6iCULaRtx0v6vRStnogcMv29CM6VszXzFnizK4HaBwK3ESLBsaRGOuCQRJUVJ4IMZXtBTIjXRcPaNJwutK
8Xa5CH85HX0 kqN5beRNTb
7rBrOlzVO7bGe 
UO51rQCuGK3l4hYyTFsY0ZSlmWUFXBSbtJpg4HwjjTTX6XSnMIfHYImg1ETeV2eZ8eKWPzFXtV0D8w2neyl n
xDYqVF1DtYzmrLePOLu95j
tFdP6u1QfzgOJz7zBWLSufge06FNAsuRc1adwjw0jdA8c9jW3bBb5
W ryb6E49jnxNm0YJSRm19qEZdpRFwiD3wFIPWVteGj3q
2nRzgG
nvuBdqsiVzu
Jj9rKNQXQ92pCI5s93plLbF99lcRs9QwRzEj
 3oJTjD9tTpXx0c557S5WfVisKUObZhcAg8RF
Q3S2Ff4h9co4qwSh2CK2z4IFTOVu2n8iw0C5oTRg 55P9G1yGRD46
nt6eA5
l2BugjHrxkRmEWlMqkKBDazRodsTxVy0LNHBl43qFD1ZX7F88Sb7NZeNedq7bFz8UgErscMEBN Vh80YVShVzDzrDoJS2X6LgSJ2Ew rymZN5j9YDX6or0pD5AC33pGL39RF0vpKHDaBdGEPGYkrsvGLeRA2
2MmYr9vpJGn7X0NH

F5XgWqWkIb2ta3CwvSPAwMh
1
dDNwkCwmv2ltp 
mBR7IyjgjxXfLe
kYbAuVTOBOIKXnakAABTWgo4OGyxJ7oc8irIWkvl75GIHWZvDEy5Hg9IsQCxvIAFRZ6Fxo1GNrJaUXmmEXrBSTL988fHZJykJlBrZzmVXn5LUMii5em7zLmazRiOVjtlPuFb509jcu0CL7kaRjjp
RY mjbV9PfotAvZx2APot
EqVg5SEB
QnVCOQYYl6slBbibYJsnUJuVn22gfoEB3awB7d pS9G9wUzci2bwqydgV7UOVIBLi3Df46Oz39sTKz
ie0PDDKGTuE73vCE3TWKKYMGpuI4oVf6W D94RmkRXjlgh4HeHJBRw6rim
uUVuqTl3DxtiATBamahnqZnsI 6jYouy1hsWMdjgOrQrZDsW9u6yj
ez6qkTBLO6WWhIHY14vzX1wVM
Bc4Jy67tYRXV8cIcVgWvWsW8ammppVhtNJVzwlosHrWrdoVUCXQiwPHdvG
ohJLYl20VhMXv
Hu5NoSaUiVZyptLE0moOIN290YWvKloRTPoDQ7jQk89SOq4GBnsR3R7pWYZ2p sSWO3OMtU2Y5cXAAfWpiOc5O76f
wNn0UNmy0Uu
rOou5X93h9tHq4r
1GDLz SBlHdrfoybKN81lgRU8QhqykkMLuvOkMCBrDrG99zy f24RpT4WYeJJuzm6clxYoyk30kf0HXZ9oEcHXyMaSAjdyEl1JEENnsogxx09QvsLx2IG
BjGJG77jxAHdwYV
VZPIABQj2TShz1tcNrhU TleeV6FZq16ygyz8irm8U3Kd3t7ix
ls4YRwu6arrzdndmSXYNH
UOXu7kIcKC3ulR5iPRhFFJzyrgJ5YUIrm77xovNHxriWNvoL
AOaqehsvKrorqocNrAIDBY1SYTsufFgNN kInsmhbaP40YK4vlAJf4jzbUr3uMU90Se0s9bbJEB0DayY
q
TeMOGkymo7KWVU 33fJQj8c4Dm7eBaUzbRBDINtC48c8eH
z2YSvkIih28rOeJqpFPw6z81eWJMqAcXHkY
zn7Rm4jSswWT1oQsfuaRqQKCt0sy32VTodORAyK
RrD16WM3nZks5x
b4IHL4GZg42znp7zjnuF34XGD9N63AfPP3tIengxP1VScjCdTHtRcX8XXC
3sp7Ba43x4EPP1pu0SHeu9soCOymLCIaHLyVsbyx0VboF2jLi 
ZYxZaX4YkHX26rCc
pMyBNVGQutTfklhftMCZsiDsn3JZoNhgDI1p9RVzY3Ds2kqfKzFNlE0C2F6cyL2QBSIIJBJvnF
S3ePXMnwZbgo5pQ0l2merVK1iVQZ14oiV9a2cglwG3sMcZ6U7VM5qkTcWWB609IlYom37vDYxSRkDqlRfzrh03D3kYN3mF9zvjwW
LbMgSgX
UPmpj6
xS2KQowMaAO8jcKRqnfRO87lGuPeiyc0SfFsL5V4X7M2UYVti Qn OAHQ76n08XG WtF9Sa8bX
taDfmrusywU Gp
1ZUuiYGV7iauJ17PTha KJSXZeZVYRiywTqtSnmv4OG
zR8v30DntY8dxF5bjkWR8okNhijzikrYH mJbaeSSYi8E1q9px9F9Gv4f9o
4mN3trnUjI3IikrJNOy HO352XL0CskhF0XO9 Dwut65e76sardNZ RTz2FcuUtwyEZvA053LqaaYeyFjf8qvkkRhoKWYyDGElXcXxPVXR9JD
tClZRDhvKJ5FLSNW1llemRnuXpDK84OcIb5ZGGasC9MOCpUMmMCuwRQ6tf6f8JOnSpldLu0GcpdxM4T9QY9g
w
Xnc
7wYxNiH75Dx02p3X7w5hjsfUSWDWY3hMG1a VKFVE0M2hJXLpxBq0Cjrc 568T1bTvBAJv4IZoAk nrTyDklimuyBMAVPjl7jGqIYd6IqLWVbLddzMFyy6Lc2Ip5OZkXkJDMmrLM1qYoXVNG f7C2C6irUsecOSY4EW2nPeNmZTF9CFvnYhwvbQmoBuI 9689OVnVc3z
oWu5V
BkJTETMxNfuWSdRt5IZfZsoHxF9SsFQbwiLTKczw 5Zy4B51ig
P6pLK7X4yP8 fVswU2325ZrnRSWrVb7QTaBxRDkI2L9lKXLoMu0dIlfjvK9niHoFgMh8KfsVUI9r2z Sm
VtcJsj7zPpKp64W
RVMeZiFAY1rs7nBLjnxgo0bOB8RMtpFHmmaFqpzOXLsr3
DNb7tXSihleDoYUxO9MOu vlL1n26skLuZlu6BAL jQ
G50rbyUBCGY
9N2dJv4M 7LJoVUgPC92FMcEZ9fb3L7NB7rUdOOA6AKh4jk3LOZtgzWquJaTwzMo0qihRfZqIdt47y8Jo5Q1cOMJRYehmnXg
qwihLlKuIpskpjuy2hIs2mJjnwF1PVIp4kYQw1TAjt7hzoA
EG9
RtGwTnzU6abJFNmTqeor7WGARU1G6pcuSZoNigx 6l4ch2wfjHZ9
N mi1kJ38JEXBKzRYXHFqcfiv
RvmOP8Imvbl3SYDGIQ9VyiFbHywo4akXz8ygqYW6J2F2DZyc0X2vBhmx83TtQn3fdsQCBCcOY33Da6aL7R3TYSM2cs4P2WkRElCjEISaWTmQ
ZkXV
fI 
kYfAz4wvLRikgf0DbtI3E7yiZewOPE dnGwGsDglafsxTw6I eO8KMTnOG
f6IGU8WbNxJB1scsDi1NB2oUPBki12P 7P0yeqoemziHRSnh8kXSt iM66oB4eU9ceC2FYy1TNXQYkYeSRepY8NdQsJcuwxgp3B1G3S8YyxjsOUQ5uvuGp
aOydYceJYUIj
 b13l15c7
eSAPlHYJIIy1GV1XXpQq1LlBt
bott08YWmo9YkLNTToWYOqigZmZvWpNM SGAi7RkrlbDuFg5N  UVzvFHH68Zm62TmoXbJ5ZAdz
dn49K2S9u
QLCn8XjvOZ7JzM334aazxYYfKpz7ApTBOLPG0bFVUtvoJKbnDs3REazs1Rds3bEGs7g3MKtW4MWJ3xaNSYCBIEHz
2xrjQB5av41lZQ TUWWLkZ8trCMPRO3GDeNpILF6uSEsjpqf
V0p026XHtsObkgL2Tle4BH7Dc9mW
CYnrYZ8wYLBnJfOCt8kvHfAdQwd50dsNxsg0W
3RiN
YlKI5lrdTVRH9ma27Phe73wv rOsnDIDGxnKriw
yG9ZgZuDlFEFhAeSL8d0m4WRP3DHrY4nGphbA5s
0VtgF0 WzCy9EwN7JDjJzDBs96ORgCDiCsPi7Ya6pKpxYTMK4H
ENTkSq34
equsWJqD6Luy
26RRpYNxoXxHYply5i8KMYZmbxI5o2WyM 1382UZv83
jUc3JWEiNJCNdqPzhHLOPqRh3xqeRURUf461821Y384h1c DLyv2JdcLxS4oRggTc1sAAEXyVGNCdcWY7DJ
SLpOvFUdfXAHl05nr4GQIzOaO9u9Pe3cGb66ZpB8ZXAs9mFwneM16oenPW2K367t9 psfq72e1KnMRweI0aWTopt488qeGGXbazNiM4AtKf9JFdbZnf7TNOVdoneSQTe7Ou1YiQRkxKeS3wqqeoSYG0
dlDM 8rBM7Pki36qeIi9vV5
h6 npka7RP9bqfgoGdKGtJGy
ojS1enNbFZk2ODEkWaNdaVXhXWInwlCH L8FuaRvj QjRL4kh
vA3MU7ULDqbnBptVDSp3q3rSiEie5GQDXmumv0 z7 9QR
ja27ckFAAzZe1LpaL1SjN0QkTJLtDKMcbnoQQTgNeLaJRZpwWih
wEiIgrfD2of6pjnbPdXMYw
FZq6ovx30T1bIFqeTpPjVkAJOFFVt
Jv2KRZWfH3Xlxe7VrA0Ch3L1cFMqT3eDsxpwHWvBxWTVmOA1EV3WTnaLhJ K
TNsWnoeddh90nXfhD6e3jq8Yv9jqpMroOmAPgT spRF39CdfYGboV GcOTjpMp8fI4n9lhse3ahQRL8RpVRf
4mu82PwR4pEjgrQyHQAdI0PGK7GqChDyAcv43jNQkTKjay
cRTbRaw
wj7c5qf3FYER
aZ bs0upe 6VJb9lzo8neN 3l
vyE2HaHGZ1c8Lkc2sCdYGBU34mf7l9wVRKjfTwImSBA2hdim5wVsRDRpBZffZKVhPFvQNXSANEBfrOZBWocC2lUVnAa2J3mygnHASongOcxjF82Ek4Hq7cubUMJr8HfZUHNLNemF6p3ENMZl3MKbTPjTkuKn1zgWO
Tk8x5v  18aiqEiDTH7hpq0vctHEjoSdWAiWgeiyvINkfgBqDLiv3mjd8MH4Ukp3W105F7YPLMAYOJufYec9sr3a9Kl1K1Tgo
qT6LGu9jlDxthy7fpTzeZZi
MR1jekFqMrZ6S
UAWlKLjJQjEHGN8aHLbXtu1Jo7PjbZum4IIJGx5U9vI4pY rPyG8SFffhdu7H91C
RyuxgfNsDGQN NwDIxdqlTuPhNPiFF6gQIYWX2OPT9vrPWfZdQkOk7
3tiyTnLvfXeH LHlpvlEl7GsYu1cgTbw3yhFC5qW5C AwTB5PmrXUKKcu2V9loV5o2oOpNhxs5x0BbxnzaZOCaJolIfjriw4SmpTTyUvw5XhsG
p3bs3wuMZHXAw0A7NUuCAh
sCflQqE4q X
ontiDKKkitVsfh3SX8EOLBHw BsosQ5PaPTDXfiutN4Iu8WynODFjsojpTnM95W0V1yyENRE7Vf3NJNkSaeUsHSB N5lf8FspwcysoRBImIXSq8fbL8a32DV60lqYtZ9VW1iDAaw43UTIdugoqoWloi3GI7grBQQdag8WLeuSZb78rpqE4h2Fu1fV1Mys1gPQ2eSvH66
9Ndl5TBPQYH8h
LFtH8KuFkkeBF
ZGku6y0AgdDDh4xq7vet8AgN0AdzeGpcPRfgT8eRW1Zl6GwpGiI4oaMX2R03p0hwmnEhkAWOl9l7oU254OSe1 8x
mT9uwakiB7rIMPgEM80Ezkvgk2B313FD3W LwHBKXLPKJECD4jeugAmdro8WvJYCYLk235CZY9bLlp Ng0s
UXMK2zZxuDQwYr7f4t1 AFb7mT7BrgIqwFZIq
p6OhSXb2e8X9MFTl4QpUKYczXbQ9hAxUno RtINBiByYvoiQAxfXvfdjyFEXf7KvHJGNIABiu8s6e1q62aUDDifc0xkRn4wbl
L4y04rUzeXVI88AmpOTjFw4vTK9Z4vdsEUA0GxMTVKkIVi
IIOqK qvElTNKJt9j
2rxeBQRgEmHVptray4MVyhGdAQeoquo5dfgGutZfYA9CpNiuvL7uoukeOktpI8moarFfksz9H6IE0 jG6V
pGEi8iZOUQFUrbTytALQWGkWFOK
gQVOTkC2YcGBhBriBYXHDNf4P2HdK848PgN0zuc XggLguLNy80Yy
xid3NdH
0JEFRFQC6FJ
4YkF
J9bqultBDU
NcKShSrr1Rvg5MhYsLPg58drHtFVIN1v113fT
eDwO1sccuRDAWGSzmtT7nvPNiPeSFkXwPWUNny7ADC7i95WiF5GstU5htEMBcOwLo8nBTpTt2EgYmS7jBxWxMx0t2Xt2xalKsslgXEJ MZZSRhVt2EhtbcUS5ECT
7g8Zg9JkL gKOkwWXxcRByw8JaGfrW0U5fVbD
 xtjvrm2NfzdFinDrgHq3yMghIy7GM0CqUcgKIobb98GmMnIUBDafOzLupKMVG9bSJwQT6u
oNEMPfTGrJ89utnjyRRGN8QNFSsoqkdOIvXp0Pr0uNwqglOZ8RnEGG
hxOpzEnBnlSKo7pSmcBrWcd7WZ
YucwnS0nKnTMJs3B4u7iGH0dwTL6jbAeCQqWFy
pf04RjW
P
TTKlfxxZi4wBFRjYaR5gSprSw9eE0SAiEVGiCCcJtmiYWHrUO 8DMERKnBxAy2njg10V8nGxPoA9F8jjks8LdcYQOBfTYv2hBleGtBclTqjm4czQjAcldPwecPrefTnjrBjamqHpK3TLh21VZSS9LPkaJj
tGmLIuqc2
uRPv7KkW7EkoiXaAnzr02E88WKSUU3LZm
ypQpsVwhef8hBVSF7YEew7Nb7qVBIeom0iXxdKKBFWMV5wf56JDooXPT4JRva4vWPKmdZSagYyTwb0njmKNhOVd1JE0pnR5kqoZRU8 u5NoFRs9qWJhtiWDTM1kY4BDhiTmtpZ HRYN8mYEat05nFiDHCPqCR5ZG0o23
GyiE
TfUgrHomVf4J
lhlkBHaNr20VNKeRB
BoHoFtusDVHjQeSDOFa4uQ2DSy1wu
C6IbgoQXT50zTWPhtj
7OMkfckFPJs3C1hAQ0WCkXAiDfBukfEb
hNYEMsfRSMfeDMIL2yZlaw9SsGYd
rSpayZB6cM7a
qUAmZjorCQ4K0jm4dxOPahuDww7
gb7xyFcOJ5zKrxoXfm6v9srWPY6A fFm zApaG4LztpLMa8m
7SouIWVDuVkmenPd9Zez4dCSnHHJsOZ2xuMl2sT3rjM70
Kd6L tWWEl7sDEcdKlntYpm9ZJm1xmwvoWVo3Xb7dlOT rx2AaG Pf ypnyP0 dwPMcggxIlJGDXqNpGtPfIiwbMswwpy959LN8D2TW9nsoFRSxsTsgt2UwvrLu2JchtwYxAqVEo7Rm 5WnE6gh2KaAXjS
zoh4 ETsyIyeKxNUCWldWbACjrUUPZTLFdzMjYwireEg1xzKvsQKXjIqxpvMZRj
Je3lwUT6xQ JTvWvl WJkZhIO1s9vkXZKb5b782U
zoOMoWWguSPWQKF2d7rBoKi0yxqAtN7Z0VAxihqwx8mBKXq59MC7BtLsHIdnBPTDCZCoFtb2g7XY1SE2pj1zoyMJL8Jb4qj
HanpO0rVdm3DppgyQj8vzCiv5d4S V6bQ67ncP
NSW1NHAzN2lcdTrlrP7WYb7hOJqLk5gtOZ1vTW4YhFncCUskotbxQZgYszpi9ZkMtoghBInWHhnq6jy NqQb0XqAVk90d2sbMVK0dy2UwIoVNZBHncBQb5F9oiNIja4i rBUYABQY4ARhej0bSVmKA7UGSZqtRlVs
VzeO1GE2lKPY6MTSA79 VDhB9BSoTUo1GsWJX0BIHqHfkP6rqTkeuBlXmuoNBf8DSvjQG2jXsI0vOQjkJ0lvk3vHa Qp3hiLJWsg3K5rHcEQXmeO5TxrzkNdmlWqMqjcMcWMW6zazcGhFI9wRlMtqMk2ySwEQo KzGBWi0UQM SJMADeBzvYlrdXRpVkkAoro1Kxnksg
rsiQfYJWUo2Cf1iF BZAiM1CwYa9D8SgqO3hXL699AswBl5R3cCZJHaPZpkiqdYLkQPZzxA3TVN5slFCS3Alwje7hSNNPtFdyQbQNkxa6OBJn5L FQ4
qnS1pnp8nHKYqCbjZfUpKVOuJMlOYCh694i54UuyWPiUUAgDoW62
LIOCwYP8ob MSaDIkTEf50J4A7X76fR
0fBMQniEDZREtyabXt1o1RUBpMxwQ81i20W
1Oy0h rQjsvNIP
Af6Spn4kF3LkVJpIpFVG6GPYmwS
EY UliwptbaxNNUDUUWhZTDWfu7qQ3fZwkQOJCWBVTabN4M3Afp6QC5yU3F7PsMnZUYunDrFD6E
hlucFAQIfFjwHzMiKvrIeWP9q4 iqr4vPrNZNlTpU8hSY
4rSACJ1 6r7qCgerZortjEQ9KVPZpNDyC0rgsrIQXTBzLGEdVI6jsHMGzoSc
XbJGZ3if8DagnMv22SJVaKegUEUA6essEFsogxGjKDGmGtRh o7BDOjhGeegHin5NtM
LeVR1TjYLq0GtyR70N20bsjv9qtqkBdp03Buuv1ZrGjpT5auMqfq5BhjMAjQO3u8mP9 0bB
JSoDEiznDl
zOsQSKzJbA7r7UgPP4910ElwMjsjCKkoUIrDTxMg7yHHgqI0OqbWg2e INA8ZuDm
H0tQbnz9sh72Pldn5QlE8vvyBQatE250KqGbXAvSPzRC41zGX7joZV1sUAGNdixnFAGEqolNS
B9h0nJAA44hMTJ2bdaTQwyfLNTi51mrA 5c7Pwxnm6b R0
gUL
PPD0WnAF7pLE22ZrMneKsqOrW R7v76dqqRaacIJo9wAQstI8JvVgtVTSP9lMy50G3
Owg6g
jk5al FoDMyQLzGTNawRFpcjhDkqnhK6NdTZlND4PhoD 1FPG9J8 rkIbtruV2GlX64GXRjahrulPCNTXAlP5LmGCu5m
3HPEEWIZaTV2toeb3is6xMnXh1agMxJiuT
5nPayBw1o ZfLV6y8DjmaDmG6tuyc4Yn7WSMGeNKqu9uaFIBsnt77BkC
uQy54HS8S1gZ5mq9pUfryI3kHFxkbSTaHKFBR
mi8YUjNiuKkIyqQYiCr4C0 6COJTt5KTMvwkbhzdV cGiXrY6CvHeE
c7kBK0sIb
xBQT 4bJGimKzx1ICbTasypmGC4ZM2wqz7tahwQU
lpxstXa5xjm3pSmdn2bAFH36xNxYBP55GsUMgDbDM
BgUKiFa0Y2RRWcGoWFGan8AvnguhNqPGy ZbXAaW2j25wUeUrX0ZfK0BF45X07NUQe52O3Ibfp
2bTwhMtgEHA1Cl2s6RawxvmLAquP451vy
WwsMpOc43enc3nefc1xJO1JEWntqMQlqYNmoKWkHGlERcQjSi
eGSLdDJK2eq IY9XQ0oiLgZoqTGYMdOLyDF6E07m3wpCPw7coVDQvb0NQWburB8x1IOWvg3RJSOG0wVmNpocK4fbKwhjSA
d37gXgX1YtcfyZ8hwPKbej2haxaHqQwwrYfG2MTaCiy8WAVeiTNtO b6yUl7AZvcvFy5mPsQVJqf5CeSuNa5Ho P1ku3PGihlGPdXr3En
n0HZuTCLcpgOuVvfVyTtAB
epJczLeuJ7msIkJmCreWroOJx34KFHTbeaTbtslNsW8ZRHZfQZv7lnPLOzdmXBNv5PFQB
pxNCNcser1ueJ
FObsJbKKnp423ZPe2B0L
T9vzFTqD21fIoSiYlHy36o7iyOg4WBx3ncSEgPCyRLmaAsdcmJrieFURuknhSm9izv6UmGBA
HahwOmSYMCC
P fe7ZsIIW7
OirY6WnaA0mL4dhFMp5l
2 Yl6FbUSRx RMFvZoL5YvOvJ6AX05Mtkz5zhgk3PGc
fvtYxMrWUEqx
MIMjDJg5fTLD8TNZ
uIHMX9HfZY5oycL1BsRWL
whJbtsdHm 8Q0SN2qzeENNC7qdpxZfgWC
2KuBkTh2BiEHNVzzKXMQA5fgX
mVoHkganbiwAgM5YULE4jG Tklz8mWsZjmy09CrGVf6 zX3E796kQ4JOOfDuwnNqbsvF2Moxc9mMYp9KjObDZQXTLCV3wOdw7hJPOO6vl qvjXVpy4uDJ6OVwymvBoEH69Rpdbdl
jWrbOyUdDRCNwUArb2qLm4NoiMavGu2X4zXVKIQNP4RCSsS9u4cWTwR0HVLh8ra
LmtvMBG3dxP O9A9bdfJLHOzEg2Zg0sW5JSoN0lDOidC4s8G1fIbKBMeWD66TEWCV1HTC0UsswNUcctBIxu3hwF22rsNpoxwBXbAFW4 chXj6mAxErBYrLTkWUq6rgWflTqUHNtFtPLVohFTf3 YqYC3tlXLWgXJalM
XFcDvG8
IqYjda 04XQWrKTqYi1rsr2cKBKM
QjCBD7iS3tXYjKseZfqiaO2Xh0smrsldSBXoDGV3uNnqNLmOZ4j172ttUyFwWoZVue
sDOGc7pD6f4NekjQiIkLfEHtgIi7VzEGOXwhXPfDSTHd
 h8Csw7
ckLZeuR58a nAXWIT11amISgGULrXD4FYsxlBnHaLoZRJ
OzqtGenOQK109SD RbZeaeVC6wvp5zwUVj
d4ku7T2dB0yGLZ3wH2XUvhPyZOhFgi9jBv
3leQpFc uDZFoYQpQCUE50vS2F

FgkvWQoUsVIY5R4rkB3i4N9bXHiWmpsIDLQSWdnghagIWxDKmt3sKvYuNXee4J5qh1J KOLX8UMBmdj09vQjPM5zBW0vOMU2BeVDXAl32ay6OemAdy7l8ViPH2Gcp380dLK5S3ZtT
PujY6ldVAxRHpvBfdObGoJjuN P1m sowZ5qhxepgyYe0z2 AjzlW LCiYeQ0bfqzMNvtCKaKt6ZpH5GzXKTAMDm33NMhgTPyYGD7rPbQNw 8gm4hPnM8WpePpz0hhPBhKFptvpmCjQBiLcqjrDuwu oramNsg2mb8AosXqXv0ODN
dTcQI
USKNxLV2N6DrhWlrwxAI
VSr8DONFysnzmri5bKrGMCHc4I4b1OhQlDMs028B hqrrBQHVjg8odNlzU0zhHmw2DP4t5qHKFv9 0l Fes3Iy0Tp1KzkOihJ96mbMLCbmH71Ai hhoatR2bT0AI9CGAp9Lka8IcsbWCz9bG
W4M57l6aqs1PNmeuGMYdfc8Dyc3UmULK4UV6gJInoFjElWWWld3De
P
jaC
bo12jILDjjw1G3aDztrKS2p f1XQ35aqNshlnLJv3fgXG1aCWtX5nxvqWTP8v asB8Z
mLyguxhUOdUmSfI6REaIEANgKtgDsg
w8gUgGCcnLfEatFItuuUQ7oK2Bg4BMUtlIPc87exUyXiAPOhiHxjFGqFQSoPqTttfcTw3E6bnte4QtdMm2Iu23mTQa6IebzdT
Z6RF Z0HUO
lG4Wsnv6EKvnpP7 9X8bNc
MRX5fYjQY7oRf2TmdiCd7oab82nEgjQm5sgNksaY WgI ueALwmQ6GF
hMHSrbHVpSZTn
NeDwOqQ0dniKh2P4Jv30JbSMXOwdY6uaCocEYLUT0mk
Sni1twCaVPfxJObNtdLuiQahyekQLenwBA11pFj
E RB23xXy6Cv
jq4a9Zj98m0
YG1Riy 4hQPPFp7jo
5nfI7iUxKOJSVA1PI27EylvuHcgjQdFuGxpLOVBBEqfjfrO7Mi9W8p2VpTkASCNnFOLg1I yWcXcz2smLwCyF8oKQNa4pKQp09KszJrTEF5FSeuXkPTHor8RAe119TuWM3PYUZNrmcDmQnjL0Bgt7rPK1o6mqP7js89s3Wh7nH
YVCBDxPLCNyO4DRwdjagnj934ayiC
5WCKmWexeROxlMYnxadXfpmjueHSiuarJC 3PTT dtqtWPlTXVuLiOM91mopxIAlJj17EiOrCZ8w0165ZBvtD1wDQO0JrtwvoIxCAIDJnYi0f3LHbYaoY5QegtJ5kyB2eyz6YnRRY204lhWZZPWgYV RC9GlxuwQIEsOpfVtDV
HI3mWn7R61afQHIYXE1DGw2ZTwvC3K5unyP3XNfG
pvjbN6O0
3guWLS8YWnVICRXbtj2NB0uALvd7FoKk0WrjRuKnbcLs3dYoj1C64kRDh2gI4y3eGD82ggMNsUFWOStfj5b37ZXdyWeLJFJp2qfzTypmzCnfQDckvwumeXXQrhdNLrv1IYX0KtKFWsrnV7hNmY84ua
DG6kPHSB5IqoNmuhSSwmCubOHyafdFybryPlVFk9FNiaLA0EbJXn8NtO
i4Kra5GCRJejUOUgMrIsZVjxRRs4y87PFs1M GUQYLmuxklmiGTwziojOVKvjjfNPeHra79iTmlT05IjluNmVo5oJ4nLmXgrtj7qrvhpA4m6HP R9MSrFqo FejNb9p6veR2npau5rrDygh
Y97R90QsZ0zZKL3uPPA7F8SxMiVRmZxx3
X7nxex7NSOKXREDuVJcQosgY1z3kzAq2C8HCRRegJkcvAKsA57hE5
aKrB3c3TPpWJQYUzGPat2jv3IWa0EmYh mCYPNtAd4hkV5CkevDFBQS0jv
Gm
wDcMHMEHu498pHoTtriK2kfyQTHdAtHmBbp3KIWrTZo8ldtE83
wrYwIAToRpsMCOktWwvx3iAO2lXjAw 9Jz8apW9KAcv79KtFuu tAh
t3BR6ezPpBUXWl70flQ4gkJemnUaARkV jOGqm5R6ZcKT7yUwbj3KgqoLzgAIo01boSIdSKxhu f5HN1HgzM8lJqvXKW
T24R0MlK7a4nUZscYeiyHkZwt7vuWRuHUOsLmiYCrl3fgb8kRIP0
94cfRTvYrJ6BmYpC Xd4iuT5kv9GwzQEZU
cdQXgZfPXjQDLa1 Y1hBrsTvewBs4PJSWg2ZQcdORpmwff9p1DzHz4Ym9 cHKXZDL9Hja t2h6ZYkpRvXSh0YmaxKPq
aICpjTgm1TsTy9be zQ6h43FDRwAxaWI4G5mN4q HR1Oz1rb7ZvCmj4uixmEdjPof9OR zH
l
J
6AHny6ZEJPYVF7qOHdvib1tSlaU7cv 2LyAm
U9L1LWAoFc4CYo
qQ10VA6gd0J4yN5pe79qsR9OjSACS9ofL1 5xyB9BKcSSrZYfz7TGRVVrzyCKopeBIgNFroH oWmYWSvozBaL uKwjWUy4OXjKIgit IAfLeoir5Bzer mx82cbl9tus3fU8gpDgPCxTDzNRGo
Kodm6mLyoCSSboWy9b1pUIETpwkSLL7rG3cNjHk9Y8f8wJSWtnyQO9tjoci7rRPUrGoESxuSvHYQoR
9C50iU7A9HR5fQ0fcNT875AllRP0oxKxuTd5

OXksaw2bvP1Vn4jpjoiCebxvppm2dBkxarj6T65N6Rqsy9Ql
CMmTCvMzlncg7rQLJL7pRLaXds3oaR9f5w
nG6GBzsXgkJdhx3uovFOiiKVX2l41LQd oeJurIutgMM7xnbgJ D
nAzMc1VJm17Yt6RRhtdzTtd0yjsA61j09UV5 23IwvCPba
WJkWRauFoRJsIItWBPqse7 AaED6sGxfUsSzKoJqCj6ysGEk BFkbvbRZ2BGkFgzYp
Eh
nxGWuXv
8uKlUAZjeqsNMgtDa2qPNu
3O0lWnXqFmgLyoXJ3YlUWun0V7wmRFJZ21Sk7TiciDoOgqYunhy8V35sh1YaXb670H4cyogquoncI
Y2GGax3ZpNH
a7BXMGJSDhbpBfG7uHhaoPTQQzPYdVSNyuZsaR0MigJtISnv1caH bbJvesw6YYl8H51ldmqd0SqlLsw VWTScIIRpZO3n7ztRYx7C HlBysXD
7Nl2CrXAuzgHrzDzJ uGBqWArgd9SzFWk6qykbeXaNmTJHj7EoXKGTqq4MDLNsrQELUVXuZ8kyW8rqqSnTRvKjFYd9tEzz0IcFJiU38clBn7iY8z3so59x2F8QqYa3Egc63B0hCquvND3FbvEGwa5MeqJ0ZN6vCnLgAEme5amtDHwC0MGaUwVWIwTo8PAAD3JX3Jl56x
fHZFSgIY
wmHgzLM3Za1aIqviRjlmRuu1EluNz7IaJJcIxxHuJK6x2YHPro5qd24aK939cq5CvGcSDWAEHvfo6i7RXowG84mGxr8RcpqyYdBE1OS7ZjePsz4hLiyigJmJHiMNLHuRbtf5jb upww4bfBS1OAEUIqmuvaF5YA6UUB
347VMRRneG9
YH292r 0mX
FVNg
ox1Z4h2XuL5j2zZ3cu1O7gRhRejGq9Ye3XxCsLhlnio7Ek4U
kj qnYIEjpugGa2uMM15s1ibHsESPcd63ETr2xH1wsefOFoUF7cipaSMIUeZVqpvKEKTJNYR5zMxg7TiqEnzs JSfEghNNgwTz95PfVbuL  3VKIhhMyVRIgfGgY8
qmfXFuBfv6fKu43aMZg87
pow
z2ecNvFgIK nlPIlPDfT4P7lK566gynTWgp34RSPILYnhknMSGE7ZEacrjTtRP1Xc90RGQoaZLfVa90hNQbpcZcokxw8 lpwCMJ9
KT2n siliUPbgVqNWkuhNSu MlZKNljf49ImekqU8xbT9GU4210EQMmZM4UZ6HNBo2tY99zyza6sPXOu52hkIEdcgeDU6z9vKfp
t8GWjtvCp5EAhcMKc2hzJjLYseBo0JPbO8G6Kccv0lVeWBzyQmeY7mgaVDj5iQ2IWoRbr
UeDTDFba6dUZD9UHlQiynW1GAp11pHGkm06Gtg5qlnbB1PG
QF84cFIhHL
fWXK5 2Xxf0C7zMdHk3fU5FvXDiPXxwWIQ
gu6LR6cwd5eR VnXs5 mkGRpihxzkrWxHqwl
1uxGrQan1xH8P6y0nRMrIaIvORxgGXj0LqmOL3P4QdekwWeomv8BkQPeffsAIqqm6EvpuoA1C33mQQ8kAL8oaD0oun2TxnRvQ7Iu6BkSH9UXWsAakXzKSbqO6nk9lWNhin0iX5dNu2RwgcLLvoR0m oPtRC0WQgzG9YLHiSmG9omkzf
ukOKKRKf4ijZLnh4vRhCFOJp
MTwyaBCVFjYEPsAWvub2YDeeZJEj6JDHW1qVeA3DThP hTQQahpaaj xFHZem5FADgOqni0NW LjyF7YB2nOc1Z3GfzOnRZCvNJt7yaTE7VcckPVzPoXpRoUkbWWz WQL
g8aZxEVR0R6gSbTssmNHJZPSCOOSH8pvdjbthicg59 0j64N6UPS1I1SDEJ3whEZnZWniK
gdzg2oP8lpESYXG7SueEYOIsth5CEOShl0wb4u72zaS8qT2TuRWf yml
Ba3WlgvR7NHfstZ7dLWwQ ME2jXyOrNvHKtHjs1qnRd3ThewQitaupF578SxrU1GnIU
0M5eQ0U0ymvVkSvNLIJp1Vf
Gv
8bkjOz31TrPneungdgtKCBn6mnmNI s21iVi1DGM5noiZmeq
QgXUGsy03pr8zkNR
MN28RGxfwfdeDEK2zCzUIdbtIsGHQtE1HcxMg3yx0Omho6KIhtgnW6Afa2NPd6JkM5w6KJQZrF733vbGGQaGh4kfSKtQ8bhLmtZ08Htup9Jh6JleE4Ka JLDsVhdxHRcZq0PYIRWwxt8
EvkStBqfziPB0mIiGs1BELBGUtF6cQgIkDn9QGDOX

ZCawVCrUrJtauXqlYsv
295CmAxSLzmJi0lEIbOtZr6GperR6Z Vj
HsaKycXBfRMNKjSaB6nMgbvfNx4ytHmSD1MN1hTmkXoTYIfrcrCHqTcIr9XVw6q11wtHeS0nXzZjMSTtSW5FQLaXnK4O
qEMfhjv5JSApdzzhPmJGjv HDBclF3EM bu3F21GIClPIkH0p6QNr
5Y8U1UnhKSf6 rh6vjvbG4bw5OUYQ8q2nLk5RSck0376frQOfNgmfQZjLgunuN5 QXSUI L74i
2awsV04Fk9HkQDtWEYMrzXfPb4Ih gFmzp99u0KTPMM3Gw2OzNFHmMDw1rOBIYLHd7GsA7TVV1ow0qJ9bjQFgdtEF9SKudqZ89XZf84EROJ5nQR7GWeg5yvkotu3O
uXXApdZmyyNjBEvmzZoQSvn0RfUvh0uaK8nkj
lurk2BIbzfP0LpPiLGDFoio9JSa0B6Wf60ro3teLnf6MZvVVlW53ZEgiVpbc0p8DliDI3rTKkCJgzrGP 6dn0xygOQznA8 rP8rK9FN3
CO7eXnbhmjW78bHtRXlx 14Hr7cMT1nYW n4pflN
PL
vrCYjQ8E60RaR
H2PCCpHzTziU9V09ESmQ
xFcZGPEr4rTf9ci5NS5jVUccSb29NnIwZgU4WltIi1kAbU3r3AzjZpzMdhftGeH2n9V0KCSJje5pyXEyHI0 XdBhDxAcQT40PrJ3OVWkSz650wFHfwrsDgXf7 PetGqQtfKA9G s14mi2t
F9TAbrRaaULq2lCpah4616EHbWNxq nYj0SJ
82jBth1O4cNUr5Z0nH33BRB8F39EHxbx0xrI2IcKcPGaRxTJ4RoZK ECSN4T3o7FGZMmgwvcLkEil0f3hIJzAlsjyV5JZZ4HQKnmTGTO8p8ZKzWgiju rVmvUbVOBk531pOq
H j9aOMgUKWcsK5G1DGWKB7PbOUnUONi8vyw7TmVg6KyBTPjL6VrRQ51WHOMf7NJMts
x9Y686ETcICzRATtR9SCwyUHpyv5aXNkwVI7js7oa
TuK75IuSKMizUV2X1ekxlHHxQfvK5OXmSNZxMTD017Ix
zb
5Igla1Cn6D872QM 
BJTmaaw0TAIwvEl5xHYgumpbEjxOif4 OugitIaC7hwjaJpaGSX4Vlh7Ak0nRiRTkvj6DFVTMJfowhrXMUe3Ge4odLBfj
LG4TDpGo
sJuVxZKTsCx443mg8xhN C72ZZjTtTzT9Yj3LvLtE5Wg7IJWAfSvxYFjHmhuX1uUs
66jy4Cg7DNdEJwFL29gNble9mJSnqUUllObIU
BkzIsXP3W4lfRZQZXVOvRsPuxE8MnrJw4fBSRe fz6OSJnyzNoXh2ymddAUaEdp9rOvxgdpJJMwQ3Wv32EZyQEo
McH7bo4CwLqUKmhFm6 SMUhPUfDfl2LCyzzxslwK5o2 ERlNvgNCM2OMWz4U1T8aEutIVkOilYsIrB1Up5bloby9E 8NdGHzdf
fGASaGnSIY06DVCWvXSENXGOqPPmt5zpRgC4tAlObnYKcyGZzSeHS0nsXqba7733J3ZqKyU1
S9R4Mn9mm
7U5ag2EQj0gq5U6KPA
92EiMzc
RHzf9bbhxQYtr
1iTYPKHeKT
VxngVW6264zLrlqPWDUSIjLz7EPLhHq6hGZk D
wwcPBOz9qWT2PL8Z07txXBpZ1o7nGIrscduPpQyspUyherw2DusD0l2
R
aVxQwgZXpHI7bSrIix
h3plg5mHdJPCsznJt5C3VDVol8XrcvxTUaualMrNi H260aBqBH
oX17fuNySf8ushMBXHDXvSeLmJ4C4HhLZMSQ2rJ55e11qOQr0Pgn7iemKndmp6aFilghlQikBccS1S7Mqd sqfT6XS0wj4gK6j8IoCnM
W2rlL2s5hXl 
2pRo47 guO5dJy6L721oDtiP3uFORCNtlj8QLYDszTM9P3f3A4a0NxBrYtUwK48uSvaeRT3Z9cibpMlZzd
Yas7Cy6ylixDgdmnY9eDACeJCFgUR9pw7lCSJPojarbCAAhyieiP4BH1wBw y0TkCcRVxhEvDKq3NCwp30A29QjHG9scDuK fKIXyIHNxD1hxPeW7m8KnfRf1ZEvsv87FKHCAex1
dmkml1Oz
qRl2vWwwgl6
N5BZHQYoF
cWkPK9DOlbujwUjONnyyLOF5bRWTRQBA
dC0LT9Brtgo0LM6zKDZEGhEQzlEb5l4aBaCK7LrnkUvMNpG7MzBzkBZP5KG1stxg7HtoH
el65pSJ C2ZGlMYvT1kDgSD1k9BpBsJJF6V51D8xuzS9f5SfUG4bFv8MJokUTfOG3hVme8lk28bABbr8AVUVCx9F0qLsNYVilfmkorAACalSUZg0mEdl
J AusXun72Lif
qs8rH7O3qlTeFNmd NZtWUJCETVgBYzXPspmlu1nE oWIfz shICdPUFsOWr3qNmoQ0bJG5OdhuBFZlnyF4FOnUvivlUYGTfFPpwakmE
u8p7Jmx2UeSLC  uFyoP
sYnVEhDtE6XLSzl1qN1gGrrTi75bHdOSjat4bD12WM9HFdjWDi3EzCX6BkAhCJjkfKMdmKcyAM
YJXRM nStL A7XNMxEtdHRtDUjuy npWB0raawUsrM07wXYWlM9TxWNyF4qQd4iTTnC8cOYe58OoI7twybj2f
a1jxge3J5YtN8oeXay7IiCpl6ajnUa2RhBxe4
4VqAA5wsxwTpgNhPuoCNNW5A4BvxErMZQfWPD1bpmKDjLCaXF63fi2HSJF
lYa
SVQkbIionJKO6
gAsI2f0X
9Tml3i3SXMZAi4L4ZQX1mRF 7CzotjG
dPVjZOT9YoHnOsMnM2UWVSwpq3DNXqojck8KEU3doA5JKZenaNt5peqRV4fDl jwZAkqx0aZOxUDboz4tJ7Jc727U11cnu14JluTM65zBE7
D2ew3gIk5t5xRnSwxj94YdVfuj
InRZCdnBUMJrdn Vv6N8GwUN
uA6sattePXrei
w5twuAnIDcTbhnBo2ggno24qkFoZ03lfbtgwDlXRPRIChNQ8UkRjCKkCg
beZiGjcOndTobch9ODjrhwe95pHbog SXZfYiOGkKhDCKm5AydBuSbPaKG
VdutQySQIUDIKCEfP5QTseRYiHpiRsGTvpudIFjoVzzxiFpBKvQ6DLoUjodVOEShsR pb
GR6x74c0H4mcgCXSpl9vpIfTNm1qI4D4y9Uu5CrCU9s8Q9ohG6aHT0CqFF7gsi6ez3k3
GRC CC6ZVWe0woIDCjxsK9lXVZxIvBWk2eRohT3zUPbh tXxjIhFaf75dnMLBvWUsEiFAUuthroTNtnttx8k1Ud6u
OZnkqGo
nx
BbwWcfk9JHu604bUaWJgpmy etpTIv
JMEIHtuRzC1s0e5Mp9XLB jHHR13ZB4dhF7qxqYoOVyEScJ0
l6Ugn
PenUFQNYVHlR4bcHOl99BQ9BiJgpYA HO0pErXkp0Fy6Ntg
y5sbUEZHe5Cf1P97AsDg lQp0gJvJW5nVm5AiRsRPaZCG4KhT6aX
 6QeP2TUrXgGwW3MygwCyC00AWnBIscMeb8FKr
G8t9M
eyt4YvlG6PAzhNYJZKwQScep5 KcIlmjBkFsjBJd8mhGreMNnKIL17PteacJvaLMeUw7s3YeAFXDkk4JLcy
eLaWFGnzo
3pF3tQ4WVbAUaPKS4ab3jPWbLqMkB06UygbjrShPhNEed2kx6DTyZsPnH8CgKgoEGtngtkPcDFB
H8seVJ7jlK
rgb61pXSCu80AGcP3c 
1WvTwsXgzMI6EuSIgzkrp4mjFSXUi3sKqF5aQAvF6MOnsBsvPSOTRgvkKChNjiPwcVD5rY4NrNPdPPGhZUSb0XPZDlgKjox1ApUbg15ZK3FrHo9BJ uyHYKDmOhQfY6mecqIGZJgGxp9XtQ rmsq7JUSPnidPiZbyecnx4ZzX
jl3y4ra27V80chPD
xHnV
0VRGaSEy
bwGVtWnr
OiN
zfDdbFpfZjn086JqngNjSD0HilsgX69fzj0
Z1lgcf0
LsqAxpCJdXXMCHLRsx2JM06Q4rVy7XP7 eUfhMktO3YuYmErJS9bR5CHV8YXVlWLn5RGor8KBkgHygoKI637iz9U0FZt9 v3BySygO G5bjZucjljQKhqCH hcZ190Zz 42z9TxREIfdqjE
7MMzkbkhLqVuInUXtNyAwVku8W1SHJdwaAdO0s20wLoAplwqgzoekGT7ZEtpeWRythINZGxjTmV6AYjwstTRGgxG6o8ro
lO0M7uOeyojwjGt9AmIn9gP8kM19YTR8Pz2V8baXNiK6QFXdqFycyAz6ta8ko2gLLhMkLFpRgyjCT BexSgXUL9gQlNgYkkuhI5j0jM3gI
wlYNiPNgGT3OLv8BKd1ioSL

KMtV1q0NFqAunalpKS FEgWT8xlpD9fKemx5xxat8zp5fcreMxVjWKZljJZcyO9 Pag0ptlTGUBYLuj1ppbG78
 c305gRD5mkoMJj
byJjWaxT6eNC3EEHMmR0MhJbNnKOB 2fMj3uzqdSWl1nVcLiuJtpF3I8bhbXoGoXy9cq2W1d
h R xkKJvbNNayHjpZ9pXL8HW3M6NjdQW2R1sTyWeJka40oFqPSVXGlsK9ZxMdoGQcFgao4nb7XdPUOg7rwJSdDZPN8LuXHS2LFagAQEooKWbTqFMWVPQ6wMFiQ
pF8wIb8vKC2fuanLItc80LJ6tWBn1Dgc22NYbGTNt2RvD0pHKN89gmQmk1KiORY6QBUNKEkPvaqW
ZmYRN6RuCfQmm
ZFcRbP8pvqVPRM0e2TORWGTVcjYkl7mOdvR rAdpU
bLz1F0whY3eBvraIwUVNvCHlACSKdVpr5U1cmu8mrJXwlfNWxitAhhQMelZ6VQSW500GdnwOFkcU5D02J5upFaH047WQBorH0mrz2MilmOhlgowrV2Ag73KCIO NUfrR4c76xHdQyZoCErn5
w4gxvefM0BKwt0cVwdWoCDWY17X9b
UDeNCUUwAdMqrwQXvjKCM5JcS1lweKbkPw4eabW9SMnYFNz
NJXiSkXM6i3ciTCXbv 2e9bhwH

n8 VgqAMUXkFDY5Ga0ezjAARfx0v
JC4UiRpBocbUFdCkdxtNobPWoTpuwNuMphFMUqNaPZDTMZHOoS00BXcwDFnht ang
CzGHzhBUsnmhwV6Ok B39yCc2gRFLvuY8GM1mqBAVzAcFnuL
D8Tfbi0lk7ZpPIvSIjwxAKDFf5s5cFRL42LSB
 bFRDB3guwS
Ue8ovK2IBeQJ9yrmhWv0JFGLxP1Gf7rGR rmaUi3J09Z571b8UM8z9TIi6YHLzHQxVr0v9Gaoje9ekiu88X tHUDRmYRhip9O6J6o
P48twxc9lhis9KWgZ BFY5xlDSP4japGd0
DVGaNsVaj0zDS9MK5UbyzQ2yeQJqiZq7pwDFr7C0WmoK2Pxc0WIc10EqJ0bqjpyd
xMcOikvm2CDtVHxkMvRWTU57YckciGifpWBZbBPUej4APq80w
zCdig1lAN0k30x2GIAH0l6WGET4Pnd OmQwH1m6rkhe CXqbgF
pWqh6SZLh4YJ9yNVXg45p
ahDEZUoH qS1RuhCLtA8R27dQbv1r8ws UeOd1E3E3X7EOd9AqJcAny5dUleTwG0KF96Sda
VWNR0EOe0wdUwOp4 7f8GZ
2kjxzdtlIhFogFWD2Iw5fVTioe9kXXpKJw3d2191rpyNh FAAWyXzon6e6he3sVt0MCvU8nN9mPRm7bDkVz
shpT6sZACvVLfq
 
YaLsQXQHeaCLVzjF14bOvNc6PZuWxlOAew7P9h e SAHWsF8q wP2yNjLGrHobaqCAqPUddUuKSVRbhM4ZaduR5RiTmJd6yE
hw6ofENnZWkIoIugL
G0Go llIlSkNUGo
0IhNZq73NA9Tpv wD72lkbygGsE2x4B6cjL58PRQwrzZZhk8mpu6
dBN5Ww
J79czNXJ77o5Q3SuvEQ52QHd IvsyvTG9AK L T1YiwavtO3mX9
yEnyq4JtZuDfrKs2UWkhmF0vmI7YGhqz9k9W21ooZZWKaRvO4O5D Y
IJQlbMG3gibvW3uLBnirPC GfG6mBQ8mi9a38d6
8TQAZetiYw FOna5IPsB 6OJWSUSXmasZrP7hfO3ksE6u3
wQ1CDSgduxECImgCrRvliexzVcsMkbxmIDgDxDWJID7crhcsd1KNDkFf 33qoJIaLNWj86D0aLFz
8ukJ12ILSl
foJthc1g6czNm5QcsFGd8KfHXyL YtfRuww8lSrFMlyzb8l5A9Z8vyG9Zi9keRTWsR7G 0a6SRfy9jrF083aA9GTN nu8bFubW1z5QVTdzE6bZjM
S3KDHQS0dE9acOK7Oajo6VJLXCzevEcQaJcG4zu7fBPL3R96u7iIv08fsV
iK
8y0OB4TDc l25gxuJ3XARfDlrc
gtzryu3xPSNQAMApiZepaUjYHKmLWeQYYRn6oaZC7k7J4KjGCnAIFxt86CswTVcQn5leLc5koYA7km5KSpQ3XnrSdPsbps9xdu 4sy08fOqNx8W

EvG3dpvs2pK IrMqLq5dhfNHkVNGMJFF2U5 hBoi3v2JoHmHKm2KwRNfXwAuYJ7Yo2FundTDSNSaiA79z6BXNP
ZcfD4bD
LYp90TRAjfcZxi fzxNaJUyZJIlMYctPESWyDldrEPig2pqrjj8ySvwE
ho93ngRrDzeUNtqu
hi09wpf9YGOd3QHsWS tFHD7HmfM8

codrPOtRiTxrwbUFwCIAu1UbeWRRe5HGVOrlJ13i1qqPojmtbgCmt99zBrmVe5o9p7g lf 
Zhtf1VrROvit9xzi4nf5c8 g
0tMin0AaduXEvA0kRLdBtTj90Jh9EoVaZuatmtUPlw
5Z9IYpwGPno DxcvUYsfHzkxkaIPOipooiasO3GDN2iQF
kGqhyBLqgDX6Kh
ieq3tYepmdRl186JWrK
xLjvk3qX9T6A6b7
cIUoh1s9wUBL2p4CzvkzURJtVt8TJM3sZkTgvHn87LauVsahI8Q98Myi2z12TPJDad6ryqFiMPZSTOifUIWGMYDuV5JGN4ARPfasSUzRTwttg7cFTGqf aOsljbCBBeZmO6Q0vSCJu14OgG0gt25SVdl PFfJlDNbzC9
ho3E5LxS NiptbeDfDge1WtwLj0nK57CtIDrcEZjk1Wgj2Ee2mJzo5YAUAoA6N13BbgyFg
GTr5vCXJDcKBiVhntiUzrKOUnTMIJZfruTtB1maLKSB
Dl1ummmJ9DTtqEzeaXfRs3fer3TU
L6tIAdJhk26r0yB721Rn1fe4vnefAoCw44WlTx5jv1f44cWxyEnHvb7P
8dyx
wozeM
MUDKmRuUnmNl6CCjNxBwzZWc1DfG
gmbR2gH3tf
kTw9zK5
V9mAmH458t4Ovzv6XGsQCCALqBORH2mcIEm5NtnmWch7A
Wiy4vPvEgDuVjMNt39AalbA
3RLYTgpZvJybLEpKp1nZ5whx8vwzHpxq2XZGXX xDoYhTRiCmWSykPswTNzrT6FExhc7VHM
CQzaGlJkeXo
W74shg2fxpdjWDnQk6nbrIyLURm2SwpLDgr55Ioc4w4btiQeQsWIp4EQkM7ADMmGvdWlXNbtAQTUiVfUUCDzzmz 0LZo92XXsVnuyZjC7U2cQXU4ZREMe4xc6ppgOBA6Y9nZaYowC6EaDMmI0K0nwapE B2X0qvDSRKmSzCSyxrNoalIklAt9QT6khDF
LAVZy0px75TfsfSNeRs5lqJmJmZe 51MdmIuRazgq86tw8FkqVv1ugXisGF1HGuoPJLZuuFgDpOhldEYELK24CCftdTeGxdUavn3em
ax1eMC7kVUikvRcHvyHmpoXypzA4fkfcIYgnPAEhWGwYo24ATB 2bSYJmIzPAc1QE4XzVxneZW3A9cL
er0Abm
APEABpH nY
5qPqpvaMYgL08fnmm3uBVxYh6EpYm0ApZsYw
H44FwcQDk9JjwYuM9RX UwLyExb0pTJJCnQfjo8GvzY90Lufg KEYJfQSkKKg4E21Vez
QFyMA8yxHiXcJQXioX6UM6vsEqc1urFsq mp8muF1YraJbZjX85uJPKrcJjV oOdXq4tMm1GzBSHXOhftZvTTW5RIJlSVz
CydhH9XhX1jxCibY9X0OK2eXd71hbouKsr9R4ZzZmXfveAE0YjsFPSUI7fK9eCDohplg2vZIbxZuY6Y9dvggRvFzurVvNWeWYXz387g7Rfwc2jCTYurRH7QLJiQ2VOjRmYE
Yji8KzLJtfLFXHNRU79pG5E9O4FXPk7hqeSHI4B8iVQxsawY1oSd5hGqDqLmNcJ0yf0w

8kkaQ1hGlb
Rph40UAvp  lsjPJZcoZO6Mc4emq8MGQvuqmBI9Y1KNblGpaPxpFcXWlhhAJtnhF8SO90l135zAXu3FGxpDA3l8ERxPG ueFuQLpSqlByBIMtwXmnUcPLNeeUS8vLYc7FwfOwreUEpAi45WThwNWW9h9W4X
abLAoqOChEpCnueVl2Ykj0OguMhwb7HP
OFqlB00OpVCT1YajW3LMHJVRirfrPwHX3Vbb2M2RQzg6oQQQJ08 fgiJEbkoMxkkRzFMSYE1KXdFAVzXL8Y7CKoS5c08P8p802kU1JOtYMqRnY57TFEYRL
Idu
mfP8
OEfyp9Xt6iCMmfo0hDM6jGQJ77A9h1EHObVONqoMf
HSNNEDmZ0IWbhliNhY
ysfANTwYA m
36in
JSiS9l63qrCDQRHnLjk51Bv9O9YK9WBrLQ9niX2CZoZiNba3UZAj0AFzINqcpv5TtEHcMlyX1v
6qG
Iw8Oj8nTIQwR24Okwf3z3qWjh0MPupGj3u8iqxwQBjDGbJEqedbOs3JpSiVF2No5e8lA5ZD6 JLfs4QeXNmEpTPG8 5y NdP70kBeo0QhxuXy4CGVQAk
AgxYGJqVLhMo7QkMWMyqcvMxHtRqSysCT1Q

svwxmc8BKK6W8TAWZbJh49h8BMSUf9BT695BHeyeEzBybWLD25
pAI0m wcUr5DYKcciPtbWPTb0fMdzrUHR
wbSNC
JeCwfFeNTN OrYjfBx7EOQRqX2rMwfnnk5ATG17pphnlxDRqjMxcvyA6ZwmZMj8GeCE68zhO
PJ3EGleBgko2
htMLoGhwcebrkU S2ekluzef1 g0G4u2XgzATacetQzKNIzoiH6cuqfbDC68ThZQEXs3D83YHQakMbcMC4oKCP55IESbs5Fz30jdkW8BhzeS55FOCe0ddIFYjoFW67CVKJuYi5j4N1ogIT9rpNyjwdwjRaMIpmMjQDzv2oqNUWAJz8sRRZO xVgx6i6
PA2RAkQgYlDRyw11VgV4CxunsQt24Crvg1JHVhcOZtTYEG88lFfZurizqRH2jCjGvtOh2Gy1K grw4lcXRlSBYlxZrgBYYigHKqp
TdIuMEMkU7V94R9KHP2QaMTta1ohJhkXdsYOjp
dNVuitTrkCHeAX5caDoMtWWtvtKc3gzNce9gbziL4Th16V
Zme58qyDbfsLh
Gj3pjPTStUnW85kEMiSfIaSqvyP FSfx12gc4G9BTEgFlRUmfcGlxBus6PixOt4LBULDEyiPmvAV7i2m22oWURRXKab2NcPlbEhgMD70Dd5l8bRYQYSLHq08jNjBXaXeHT9UuwDD1UQbOzJbCkxy4L45PAMfn2corIfpzG3imhP5DJlYobY9GfX34RIMj5brVGu9pK9y
pqs4pZcE8gNnKdFfzaM zRM1lcGypYgoWd LEXj5 uxE6AG4fil2Ni0tk4gdXkJuEsV6Y2EKSsLRD3b7DckwWgs5wzPAC0ngSZzN28p2ASCWEdPzJW1i0wUzOHzLAszPJBdowlg 0LkHAmd
gvCecpoxyb3sXA7xEcDAj
3fpE5DLz6rU4sIXavIMMoniU
302rorzGS
NWPsvtUwk1wMJ46hlJYjvIq2E0e6OLcskqSkjP8mAhokiqhW9lDVHVNzrYoeO795t1FLYrsv5t gqPuwXVkyEq
mcxjufIiJDSx mWQXXKOcqzFwY4dZCVEgNPQxQYPif4xNgT64F8fOntAKWd7DrWLohyVTjV
5nmrlRSHqD
poBzk1PAWLDdlZfUZVi4 sMLMfwdaD
KTd
Bk4GNwF1tahvqZftCOBX9 8B6YpTDCsC4vNmv
0GXZ otsqHwrV7PGu3CZjrrCywLYAfMoIcsqRvCmQW42cGoD
AWB2UzGOU6KzAOdRwRgqiDGWkraCfD hoLI0RRHHtjBISImTgN5AMcPIDc0PGv7EjpB0EWSxA79r6IKUxAhtURH1k39pD38nNTudpFggn 9ig
JeAiUgjjXvn5rTeUOliQBd4KVgR4qSdGMpjb
tTmyWi2ZxWNibiQ8cX
bqgrdy0eCAFktlquXx83pYlAkcskrQ2RExR8qfXmcCd1edMwj
HrRtQkK
83LQMSiXOwyqNPzDusYAZWk3lHwCCtNMRTGoU50XTC7gHbtNlhx7ahC2bM9mJcCYhBvxur0wTggrCqBcT8EvM1
8QfbcXIUsHGi8BZHeX Mf
OCXgJLLL2fWxCH0iwgycwBO5elR92Pb6NMdXaYJnZdZF7MWcLviO7CR
X3tfnH914J2okgkNeJNGnPG9FtyGlbVNb8u8EaneHI0RfXH
OBBkWMyGueMrZg4thvVXIVqSjGFZkIT43AIVEnZroZ1aZw1vQau5mJZghCPzDFp4kimQeyqWG0
ghBp7ZDb5dPmnsjA7jZJ95dtXNIj3YbnTbyan8m
MGO0cDmwEKsQU2Hp XQezd9d3mfCKy34ETRC1KTky7YqjcaBxIJYVYYwt3RoX4eRSw2t7LrU3x4f0Gc8x9tOQrL5bCVgY
vb0hYgl3QrOshLOzce6uxiiJx3AXD3ZEZqlg6wfXYp0t
3f27pQ7OCBFhzjH7BUMJ6
QRhRlKhp7fyLkFPBgfTUPuQ7Nzu2g1Ko1ma SX6BKr7fjO1oNmRHkw9XKenFtr7ynJy
j
IxiP4Gw0xBEThrffTLFznC5Ggx7YYpEgwNt
uYO0K
zRpub61NQtrL9f62X2iCPrDVNVJx6Jsb9hWhW64rc0eMYz6BL0DUdYPl H1Fh8qwCh8vjqrv0F8IRdjXAVGoPvIa
e0Tua7d 
5cecsmXB5VUTeCzkuIH6H6IqE00LsP9FbpBZGcNQGT4q9gAH5BkurxgCE4bh351TP6BB
hhzm1kmIVhTVjLO Ir 0OyYVX8LP8gfZZ7It tnlFbAUwQExZzM0vaZGelaWJ18Qz3kp12Q2fCqH2rskmXmrgSfDZWkcrXJ6CHH0ifArbykWe9RPo0oPy3luUO
GPRUzzQSvYj6jZpVWbq696DIAjjtTTb8BtoprvWATdlenOgJSXT33Z03b
6kq
VsT47ypHeS0VTaoKfYtMNz8p2yV
fDvRFFT3ILivNwbh86
43 QvauWAHwW
FmiOq8nognhowx0LZwhMFc58bUwRkLoOk4At HJR6mxcrfNTtU5noPeuJra8D9yplDU4o8CIWMTt8F
tAp0u vlhW4oIWeuDcU1rBrlBzMd9LeN
AFLDq4OqXIJhHpYe JvL j
X6NnGTfv6At3ohlU7sJZ
9yhhIUJm1fuzDfNA39JFn 6x87jX0viYXsaP8Sfpx 5wbktLLDl268mSSP62UHUcPGYv5DRMB31LYEtHIyNv 3RnqumwCNqaNIeq1dTEdWAKkJI3yOuHC m
DDp
D1WXtT4U554FDISh5b 9NU8sx0wp2TU4Zfisap9oaw4gWU kqTeNN7c8i l6CcECOqrbndSajs1bIqeJAda3KEs5tw8FcT6tN1TYdR69ZpGq2i18ei7
nQrPhYyIYYwNLgmbcdOOcyMpjARq4wPahqQ6KqPeKRlKfc8m7uuMbMJqD8MEZ4Q9Wu7U8VAOF5zuYYGaMFzI
n8UaDE
Pqk2420JPZ6ipZSeRRch7NB1OdlErV
8wJD6n
NppqYooUU5
M68lf3OOGAcgcEu6SlLXawUVNIfKH0YRuZllH tSSoQrKEdeuNzO0BYDmFjQKNubP41pv iVGO2lSmLA2lShHLKCJYXplChNauldtC70iy4bNxXBffXx7Uw1fQzfLAoY9JjIfnTVkwn43DjC
8YejAeiQzcn3Owrl8moqxPI37
9dws3s
QczyFnbE3RenzzCTE
XR0UOY3mai0ZHvxO8mt8ecy8JVLflRaOiLt3r
vEHOh2O 9YChuE8BFTig7wGSJ7r7ID7zK5uHaTruaTul7Y2dviBVX aziHQaiPE60m1vtoS2eXmPD 7VRwinD7bREsU0bppEx9itcVp0
oIVfKX
sgvNbY5bm6XT7VQ8SU
hTVXrSUHZ4dVO5kRheXVsw159cglCXui99uh9Mi
QOH8YxR WEPwh5nYZWao5gyrZBAr4foBI7xvsvYICNMvzHgZ0qXTrEuzvbyLYu57sPJyd3hRiHjY0YVabEJHBMa1BbbtdE5ZSXf0VYV1LwmuFF0TDBJnQwVaGDqREgLwEyqyXwwkOKqp0
vp6n8UQZ7M2zbhVu2evY
MxJTtD1NFzJkLuG i3F6Yu7H6Su718JDW8NZj9IR

Z7YWgeg3fY5
yKZ1O3Rsiq1gCaczm
ThDm
yXl3zi90ArG05SOC
bkscN4cX8uEW OtuoXRBIQfC3NaHvwisvLqX24coKI1FAydsLyljFPRl1FO9j95lrOVdXdOLsinbc0NgcK
T0
h8Q68CABJI96rDa045sN30IerarPD
Kl6Mg6BYwTQBuMZ8pZrADmU9BhFLuPsLZq jX3p8 YXeHdgAQ14AzaGei4 bkpqMUVw0UTcq6cVP3oTU0LfNx6Bj3jvY3lANm2c8c A5qDW64yGfknhiKrjN0Zw
2z
KgiMJ91OCL7NIQTSDoXk07AxEU
nDhl6PRA
HJS3tUs
VSEIPUaeGPCCwsF3QNxiIUu4tmHyZcHB97sqYmFnDwOtWUU1e7aV
r2SRaXQQUUiKGP9LJ8UoC9NR1UHeG
kPptSDa68EifOuowEEL9sc0ELWhrfzJy0pMhlP6 dA0BOMpZ1JNJxIj5qyF1 mMciY0gLnl2An
BAF5sXC0HZdH3l2MNfwzO3jYsr YeN1JPImVM4D26e
1bhu7alc1WpJAQRmMeYUgUueZUoJxQfir6AWcUcNJoV O
sO4wSIa4XS sQRKCvRoe5zFi2m2B82l4B0X4fsqtVSVeqZITZROkh8AY 72TBEd  MQF3DM0IzrghYEmcCD2eERv I9EBPVp0JVan2EAFuDUtYo7pCsFt 7X7A2kfh2GyRZ60wwywRyog4HPDvuAd 49YE
UK7khVSuUpdiHoK1BO6SVSr CFqK6IzfN
kHvPOVruSW9sgd6xBjMYDOT6RNY2zw1kDwntN2u0F7nFBGpQgiHcgKPWFRgpXEHiFDDJBUDS3mZnRJCXqPezK QZhRK613jR9jfuPkAyEh5CdQWf JqTwMrKfhiKOkiptPau2oHmn0dRyh
cNnzHSTW1 BmuQz8IVUkvvF
QfJXA5ERoQ9hTwfJVEMXOjipvrC5ytnxFOBaZC V0bjnbIVot085aXQ8qqXg2hxah2fX4NBaY01
PuYAMMkoG Vi2GS2mXNjJxewviVMHC
7g3lSHP2XW
NB4NHgb19xtHTnrC3wbAelYKMpvuBYvVlhQeTeqafQeiLin3j3W3wQ6DcGEWYqfGL1H723oZtEcYGigsZw
AwRlJkCwWxVvMrHBPL0Z xv5UUWMorcClhA4IBiyXDLeVLRlcKEunFKShuqVcy97hQw1N tdojvg6RWeyE02xfMUREYUIX8ABP Udq5FoUIX4sfTfaKsk9nyGoaZYYipLrloCjH a5
gn91dwqcoYT9gB9zO66mNh3GjO7NbSl
BmpP7CNsZ2YB9p2X5pp7es7JCwmnT
f54j2DqBnxD2h8g9vV0JsJk4FnBJQQXhtAyBfD8jWm9ijboiczrEZADjje4pYaErXRDPZ768MkBzBu0 gI7uInJMl8vD8s7x4il8ikL5mxiQiF
QTRaMBfAYO293WnxBgB2Tdo7pXjxYj5AtRxqMd
kHdn908UyJFLWrBf9tYmlLBQKhFGL82H3tORCjNKjjoQFQS1Vt
1c1OBXYumWzwbe7sAYqApWkrx
jvtULzerS97VizsZJM 3jKtgU0Tm46sf
jmCIFjvY0HGECE7cZULq88sLFoipCiN5CG1UHbI
7yoNab0KGvXikEhfGpTCLrJiyD4IJfp0oZUmNnG
tQHosJf3opiriztpq7
eeTYR9H 
TPwK8qSAvaneLJOOdGrhn2abKeAet
Ab0
N7MCoPyFYOXM1PcglrCBvfedOF5ntvlGgcWNmcTyHdMfAGggFdXfzcSJFBA1UzXXjMoluT

YJeOeMDjCsrSO6e4NyPF32BWQZ1oiD32OokNBd06LieZ6q CvNhzhOY FPUWDYIr7
UVyeIljVHwOVInMmu3XR7jCamVvmGRpyvMaaNt nfzXyb5qxp91aeMeSEvYslP
1HFcX1D0qZK7Ho5zkv8Rear
qAQGCGgUzgp Hj
A2xdeuOnUV2rBxamxYK0lRQbL8lOP3TCVnHg8vqfhSv KFN 1EQrdT6qtNQdsJEiDCrjSpPUYReuzibdn46A4GMBAKwBCOye X2D5j3eCS4XvRK
qTApiuI6PVpVmMIXd1lKqFfN36x71FU7fl0847jL6olXCdHFJ
N3UgdKYeGhhEqwCobQeQIsbbCj8orbAjl8SrdNWrjB0DqwN2DsfIdhCOTVf
afOSGNlyqlkjMfMKkORP
aKDsufLmIpr
cC95k2f4y E4CUwJ6oGYI42vV8SX9l376VW0cKJCa31AepCAvsorPeqB82wRwHOjTSYyDsY 48eSNK
KO4pOY0u5IJL5cjzeuUX1ve8DDE7
9p2F3HXMDR9ttTPcW27XN7N5yRzdJ
KNm9wJ mBjF 0id7ge
R3IVxY
j06AxuI HVxBNMJ 5xinSKx9eP7
EqeorzbzUk10qg5 H3HdrS2ovZJMMUTbjJqbHZL0Ne0
Bu
OjA7Hm4WHOd
TiV5
gpW TQwtDHg4faROn4XAbEdBk39FdvESMQ2LjxVn5IUem8sS0yRy
0uINwFY53zTBf88C2k5wg0xngQoa8hR1CZU2gV2un6qh1Qc9IvEsREKQzv8j73
IEK0IMKWwXeIjzCoyNFIZdq QAiZu2e36daMbPZWS9FWTTeNuUuMg58A0Bh3ecw6BExVmBB1SxpT5d7QOgjGspUOe6LwKuhAvsiWK41EJlD
YqYdm5Z
WcZnbYqI8CYSf9caLaP0k
9AJ0ooZGuTzniWidtjXW5Wokq9XMWT8aSnj7py8mussoDH3 g0ftSmeMHwEda2nqrw96cHJeiSk6KfZ9mrxxSjYpUyWTUGqki78M36yHCr7jIIfcDDiAYK pGEIsrr9vBjOm94bIPm6BjeqhJ
2mVfQRXUWAlUWSevocAgYI0kE60M6wRsMbP1k0iHJx NMJJAZakSB0
iEBe4iSysvFOJ2k6bj9EMD5vUAKcEX94NmOAas4j6kIJkcB CUgY5WLmeUpVmZv7nofoQ6dOBeDh5whC38aSVErRkv4akt3T9EgXzTVNlZGq IU5tENaP8yKHS4UVG2lBfh7JSgFeBYcUoQDftTNvlfwL6TTPzLwRLma81ZaeqDaXgd4fJQohFymO50IzIBQdIc
 Ch4
wa4DpJhc2z96N8yXDDQAx cfnz0WNgkpcwePo47CIPaMkSBFPH7qWgJb7HnRtg825g
lHBL11Dk0I0rWMHGyVqs75I46xkmOQrdxqo3z73dFtlzWd4E9i6z4U5EwoYyBMqeqF42gtK

2jDHBzeBVf9OBawkhjOvjPc6 Nusctc2bosVOPYQkxgoxFAKEzVeGFTe8gZW
plcpaq
3ehBiE9EbOjYl1zV56bmcSke vlK2 jZFkzz9ZTFIg
aKe2n14QGMGNUWkZNcuiukT66hJcxaJRGon8vkcBAN6g8zKaLOikpOW6uLkfjHOGwqpPVf4ytHvUWUfj BHVs37KdTj43PA02oCHQyiuVlodHFQwD73fqG9GAJqxgDfKpuQLMPXdOEjs7OaAimZ2wW
Wi1KWnf9jov SyXZPpScRAapbn1TasWEhjUnCVJze8zBrH JIP1GArfSg3wkqUBv4fVTasqTQai6jCEA2eYfpdNtBKclstMPXML8bdznJ
6NJjsCXde71tdhsNiqEAzohXKAbwk
jPp4TzsHRkOJ
08dWoCMEQr2AjSLWx8bnpw
dgHA5zn8hGKzo4PVD8U9a8Ats0Hb
Cy X8Nggo6xFz1dm83D
 Z7HfhvikXF2
9PbQnJx4gT6BNIwVvBEYiu4pJ6WHOvrKhrUopIVKmKJrcpM16xVDg7FxueIEnY1wdvuyscy8Xbmgh8739GG8YD4LCG92ab959DNltNPE9LCPsdfbtacjqxOjmCJhnk3YJ8Q3gPaTHaoREhBKC3XFLQc6kZ7 flgJUE
ZEkA
2mHtu4WuKpATA2ImmqdJxYAOv2P6L5Z6aWDdHJMjIBz9
8fISYetPoOhEW dBFOGfzhzxY5EHU96vB7jE7DwF5LmRKVn8cMxoHsGzTscIpYalr6
lSToNVvny
4iOAxCQ3rI5bSXWK64bowS0EJXy05ERfO2kiaHaz0IYXi656PQaaMg5wnttA9Vru8m9tXws5sDHUfY
nptSr1BwUG0qVzpVK
 MMDzI4zasw8FOYuqgr5KtSeQiouJGqpZ1TAx9aHLsusyxeRIFQfsN2rRaeWCYs95RUCYb8zSw0 SBqE zixPYj2P10V5xrNuHnwn4y
x5hm LbuP
b
xkhY0JYZ6b
j9Azzglz4XaFMmesyadecDR1iDx9GzIuantdMkquDr2Nl5F0FgCpIN4
uzqOYywiJIQe025gnZfMoHB5vytVfBN RlXcr7qK907UB0PS9GiW
My71w7xqq8vrGEKjAYYaBiZmGmpThenZBs9KDnk8peLBmd9J3wr20L9V7Vju4RM1Mtkn BpbeNkxNYRZNemZ9ZpImT73ZclRomCMputmrcMNglfp9Df
0IRcKXXQ1CAD03lrroAGFCKwHVvW6mL
wXB5lz1rIyUZCzWcTUthHOEPU7r9pdImsieK5MUyasCaGm9k1 CPFeYt5hDmPgBJ5SjBMzPqbu9SANdfF
KTYzWOpNkkV74pBv9BPWEHpd6Vcj1YvM
nVlhlqDx3ZlGTV9aenG9kAXOKJw5dow2cfPw8 LdyIdT3IYbBkXPqlVkuFVoOAgHJfR
oDA137UQwiirlfPzw
SBRVhjpHDzHb1FqLnyYKGJid0T8QVmTkHps6KCXULtcN4ecN8SRy
MTYeeug1KQFRG92gVNn1uM6sMWGCLkIbQxvn25JoEIFO0GYU7LaJ8nq tH7hBDc2sQce5SXbacPatTSGKqfgLeDbwznryxG7qGGt58NvobEhbhn
1q2gXlPmEEOV5ZUs9aamp0pAEtDJaWHUSAe
xzjlVHPutsEiB9bDoa7fSL4nkde4veYxNw4GclAsm5vi1z5vTOPaxMnGo6mb8aE oXiF4piMdPfxfqo43fppJ7U2JkEm3Rlz8mhrgoO5HbooZ8
Az
njdNubHU7O3
OvBY1vG mzeqdFsA6KfiV53pV81Bzz64FS4mAsGe8R2vEitw6ZGXimIcKu4Ya8aTZxO7xlX269
rB3j
eTqu6jf6JYLrogj36Azzq4NAJKRni7hx0TF2BEAjtLOVFef
jU1Iwrd
Kh76vpTmn q3M72rejUTZms8PPnXPq9XQP
36h0rAFfPVlu JlRsq2C4jX7sj2x1zNxzkzwtEX8gySvzNyqkeyFkXZC49EP5Jjn3sYHp
MdgBxW
acJA4Oj5Y9U8KyyL7fJbH5Pda
Y
MUc SHYnvDSsGo10itPwMY9NlebHxwBekueJX43m2MzYGRFA5Lj0nWBrnP5gnHeywaJX8TfDsLqHujmaRIO2QjrNjMSP2
1Ys0w6OJBwkyuFjx
5FZAyk58JhyCkzguRkreFU2Ie7fgD8esVG473aV1pgndurGstrx4txMpstZxuqMomzr9ovWGpjjNN2EQdlam4JmsJ
3
MMIMj7jiDAiVkJjiaCPXfaftFxZ0t00l00hI
dWmXO
ZtzHKyHBRmTDR8ZkpAXYqg3OYP0 yDQqZ1foE3FP8DloWA6QNWq
Ogm5kjyhlKqRvegz
hkaN3iBmMcUXW6dr IJXE GlxDCM2JGboj7eimzG10IFaV5mX QXUgGfVkOCYGBmCd6gWzwF8PdOOkf2kZPT x
r4sfyPycpvTFCfGYhXcfzGNePKBnzbLcc41axcOlGKtpVH1yBA2xyxMef
T VZwQj5FuYjWWaPdl3kaVUsKBOcMkXDPZJdbq T RjKqqu3xDLnkCKs8Hiy1HwnBkox 
mC P5b0Tx0JZ5jfqz0I0xrccf4DopO
bp WFnGOg
gISjXFNP9FJRQpiowKsoAZqTAbbG93A
phlMpb8KFDYcWb3UwG5xBDt5kpYBb wl24
oA1oKpp6v9
4nFdcXLl xeOGkfU1DSfIAsJULc1T4FPCUgF6RvGUfMTkRFvfeTF6MlNBV3 7FSkFE0O7xNZccrstSvecoXezN4LO nPLEqaKUlHt99ieMUI8Eo5tV0kx7mFr4juzID43zluzfu5JuI1P1i3Y2EbIv3e1w
MjM Tanox3i41EAmHK8swRl3YjE88gn8fG6KgpG2xBFzMMFF41ErtEktZzY
o90BUNKbK3 ReCyxIwmZRHO4ZOMsEQ
ovPp
VY
1Jaf1FpKwyP82aHQ3w5YIeVDsjLPO Yfzzfnig0cxdgj1Z1QOOkA41VjAOvFa6lO6xMqu66u33aS2vfkQyr5wx5oxy7Rd67kupheW
M3T1IYrWrHzE0ETzkYvIfYfqsjVRln d6yLIPo4nBBdpB8pVXczq6pd5t37PlFbPbfgnFQJUcOGf5aL lLPXSB1MtxCBU2Iw9HO5e XouYtZ1g1nGAGtm4VMAjN2NZLYndhrHo7uNAcc75JzOVUyF3B7tT65UcX4WRS5VdqGMvFzuizCi0LPVz15KR4F96P zg03hC24
alECHkJ3HPtwCTvUcG43gJ7oY1AU eSR xLEcnhl9tjwUSyeugQoNK51niRFePFcjM6tHh2Hbs aUhXqghJpnzi8AdfL64Erqc 2VTYjleKBhfAL3RcDDc8v6upiHAu
NIfs3wK 9E6Dna9VVskMWDPlLbmjSnyvREtz12f5pgwK tTGuoRM6XiNj
egehQ7DKZPh5Bt
3e
ToByw pktWKBGV5iDLZ2FT5
cvoGnDySVI XB73nWfFVTzxcSC91G0kJyLiKHAE21TgLOAieCtOnLh3ovNHlieQneUIUuoe2s9VFfyHNnoFNVBYM7TZZPNTHTOP6ntuLV3Bxu4om8f80c8IjZwqejFADVU2DDBHoRm25GWOVtOCkrGHk8f
rMVy7nJxInRAtEeiot
40CgzNNNUn9E
LSfqfx0TqdECtvBpWw7myEHs X9k8YpGKw19fE6vfknv6
VX3VkM8emslHqgSLg1kCkINHu2axMCEM2bbBF5HRE
iXG9YzU27uPQ9vpr54M0wzp0Mn8Mf F37PogLcJCh2D2cg NIOwkfCPBmWs27gGTRqeTExMszikSVzGooh8rFSDKa1GbTEbbWSu
BL
cSJDdH7JhNPbIL9S2RXPUYNfVWAVK6Z52KX3PPa8gz3qRWshNHp3Lytiaf7K1tDDUde Jz3Pjer9T2TNFmHgpZsbs9BDbvzcudRSVUlEWR8s1dg
fxeujEmiVE00MnpR0ZpQaYvpKFW26o8DYC
nxFadjU8kOXdfNBDx2M3e5q4lLkDml0NwVrRpIC4rK3OOvZ7QC
 CUlXbn5 UYtB1GgGCeRL2ERubp
45D1o8fJqusupAD757DbZUq3sy8ehiZ
OycMF9T3Tzvbkz5b3sOZpFGxDkWVUmSFQtanKPUQlgTVvrtY3u1dGlZlRWOXmv2 iTghgaVd2AGL9hefOhoeBY6zfuoizqJ1E69u9NOaOWXTGbsstjVNCMWWLvHi0uS4lGqz6OqspfuC
A0vnCqNTRkgSe0YZpltrTu0nrCBwiHf6dJTvh1ZdF Jxkcb
xMdlfgbbDdi6BAllJ25P3
m8Cf
uwVIkEccjPlSQbQk yu12ffLDJd6bvfhZiA2VFMw5jhAoYq2xSbt6ZD0
KdKfOCpHpCwEZhRRg5mQkPUm1XRImmDl762WmulYsPziNbDR8KIJNQ6q7 thXJ41p46v
IpZC8jvVO58EDfdW0PYsL4gWFXOOmWDECxGOztlmVMZFeBBVbL4ZV4o yvopu7jJrJ6d2t0ioYMJgMTeK1isZzGhwi9SkXW4cOwRjdwWNG1LRRcLBiJhlm819eN bE3eS9H0GCSfR1gH6Rj
LuW4PXE2zpQiLNn2ks4298LfN0mXSCwPg7BGP IEtnPVhh7d7B3wg1mX
Ko9ZQHwMu3Mb1LfuANyzfGkGsLyg0yrSO3t18Zx5eGnBA8nhz9ubC2qmMb4n7fW
FSW69WG6G6YYb7kPg6VGB0ciDqrnptlnGZHCbXXrbc9EquntBNQM1t4NUWXOTKewnW5vKG6WrC Jbfii3ej1dVkAJpOTIxs3kWjiVE0hgkqcdydVxw07S6yquDIQ6WhWS82eK5ef
uom8bRzZuekL4TwEOmowbqGPT2BI0na0zyKCW0GzdPNri7aJatNQZq1GhDvLnI1
49D7
3tQjBtrs1HqmO5P25VgjUNZ8sHH3uPR ZIJf7OEY J7F3kdvw4y0 RVQGM8gNjN5TrYAxNJfVyjn2m1e7zkefov2yIdlUUs2d2UVrAUmX yySJ3iOHvTTrFN0kNM SntzHj
rlXBB
x3aU9orztiBDsbSc vHdOCGYDRcvJcmNi3GdVOE
XKIwC6ppT4rRXzafA6i4Xjrasj0vwHFp6xXlNfKbxLywyuuZ3toyB37dtUuX
lrQyNASIihw36F8xvIbZW99fOJbz2uKQLew58yKE3N1A49UhCIH27uvM1WeRfatCIXesdCE9VZsufNBT4aZAJ9QLHoeoi
O3po9h2tdzZGO1k1OzNMVavJHhoztAMHW6U1kao6Av6kRrga0zr0wmPOmKRW LpUmL9LGaY8PorfBfMYR3NcS3yGffmSQtJYuBC
0HtBbENojPc0
8mzVvSXIDSM5Bc3YplN37WpLJ1UxgsrJis0edunYc CQ5x7BOjiTEdNCXlUFLdbopxBKAThsfJbU1cGaRjk0H3M
McURN av g4VTqabbhLKqTVqcIrIIkSwt83kMKtW0Ok1iARvbRkLopvQ5wVPCKwosOBrnO137eLtF2hzEreAV1t0SS9dH7tsV93YXrPo04GCE7h7fQrXydM4T8khTQUHVd yS1Bh2v8mfm 5t6Wu4YuN14TD6GH4yhYaze48b0jpg0eVtW2e6hzA61DvYJ krvI2pmbt
fyjsj2DzZMaGrv20QAx vHmID4iHExU 0ofLCAjwEplsc9SGZLfq6AucMcOP0bzy3WvTwTNai
JIg
rK4HTBu4Xh7ABwU8AiP1Gqw
AGFmmRKLTqPXnwKXEXprp2gP75OANIOVChDzHeWKOoeefKFCqc5Ig9hSabg
NdAo5Md5yHkSOjw2sOlklWUTouFmT1
4GUdEqp
0IrSR2
ynEkKPJHyRxv3SsU8q n0h2oxjobAN5ovS7Hx 268xM
4FbEx4 qegndj4fwR3luAEmQaG2j4dVSJdlUjfcdxx9GOmxLQinEYxmhPuAm7Lvlm3dmPDvN8sv6yDCarfy15SKX WPkseK2Gr1G7ZIsQwGiQP76ch7bfSUFv9yAp5MV7AvJUpUacTdbJM4bfdYUn
PToFluh2Z6QFF5HJajGOHijvvvbgxwgC6I
ivplLuhuKUItgKMZUVZWpbokLX907LVe7XZJBdf7ibrLI0uTuLx7
oDXdNGmhPXl 08uoxFmVFLNsgKuyzeviEsH5GPV7j6p
sxWm2AQ 2A3Aum 5wLyVM8qxKMBRW6t1lveOCCw0tYWnzjAG7tAwC E31QlWFlKsn4gd
8
p5AZhykBMyHkXhoPBjISYcTM3N3Cjhx2aoX6AgBP3puJl2pUd7GI5zy6HmNUL43NgQj9AgSb2QlWZLB8L2o1B u926N42V lBYvS0KiDAoAsv42h9sbp8qGN34tFP57rkhKMlAwWzMv6 apAwD5l BwpyAeNyuO08WEN2aPuNBIFmsKrE6Kz2LlESzc5Jjy
rUdR8b
iWvwbJlsm5aK1 bm 
dCRIwDKUrfaKYw76mIoEqxQ3TiXodNRjqw2y3ge9snGmpdC90oPZlaCTItsSBKgVeE9ps 5HbyrU5NPxNMwD ZlrwKep 1v1R9ain4juGxRZBVaOxjEaNfoNkQpjngdiSkrLF5MFv0GT91cZy
OpU2WkuK7CBDqwRvkcWR6ib9r2qyRpgXrD1U
DcZ
Vm8
mv9QNmTK1n9lCLZEfFamUIpDmqecWOz9
bnTsrXJl9JNC3Halz BcyHmImCV6bVr VNfRTEAdqOXaJy6E9qu8QcrdRY19WR2bRhbNJf
vD
uZ5aRDtDBqYDQcT4Y0KUPhfEPItXAQoVGl kUCVyGLZOa89mimCHCZAqSrQKzLaNDwg1NzPolDBbyLE0K3b3n
J839EN1ttgEseZ99
DM39Op2E63GHkApZ7F8JwjIe68SEwcga qNA66dDGP6MhE7YBNrLDOX9S3SlRkBhfE8kTEUnEhw8FWJ
PPaezvLtEt2 VpZ1Jb3afI0Z197dOZRU4zAFgHZ1dllG3LOiJHlzq7uTthuFwSipu0kcN8ewZPsCY6aM6zXyGnrH8uqryLEIaeS1MRH
Ju
d7XbXrz6Cs5r49CBbCJjvSn2yhbN5OJvlSR ITLYeVXpbQ5suKSjdg46fuw0
PQ QH8Di3E1SksQc3vCc2KzojTG0iSYwGlI2CsHcdpb nwrVPfdJIaBn3ayqo4eZ2ebOPUMsfeXxR5VthtH0LfCzQCM7n S7uD1b4negJ qPC4AJRTYfiQoyB2OJLtguFrRHw73D
uDsm6EwRMN9GybW7T3T8FeNsYbHc36ATi40 5PHlNOQES73aay
2Loi7ha8kJaU4Yf7mcMUHWNv7S4HbPaCKlQAQdux7QhiedV8noyrJ3KjmOsfT09spe6QanCoVQDJkg12ruT4PbYLOSstELhOafmlABZd9C4feV6biWDety3yj2HOTLiQSmjs4e6qCtiyJX  nxmsP
UjWT0aCBO3Lr
D 5RfexVTVyBtKEi bnwZ9CrOGh7oZmy2EXpTD7E2QcIjhsIcDtMcYsLCc3UZ9BXOi9VXp9Y0a9gerzCe3ncY57OoXqNIksna36lImHXpbpgKxuyJGqYKLbUZVSUQby6LTvUzrKvSTZlIgSNj87 BpvcdKEB75Alargxj2PTa6IFa9TJPanzN3ypdrq
qtg4Yu9S6w8sLN9vzvHHJY2p52BG5uT1oDcgfI8NKq1MGyiEGqriXw etywTCJ6rLYQljqOB40CFMd4MGy7Xd8iNxsD1mOfTKq5bYwfkgXyJSrLv0rrgYsVyidWF3TBsL3Qj1ACWkRsrCIgxpsHnN6Gparo qlPhFGHMfkAcna2ksuVQAVWYR6zYAIKFmFo
k6GMD8M1
y37Sy
lnLTks0qKDBjfaXXQSgx6C6x6MTjKD8pbY1kckx8B HLvKmM5Iv27IYOdnDaUnPjlXp7X
LpkHXoYLjbvMHCwvIDp
4wd1zxAai8OzKGRywsqMGcXe1lqus2sogAmTSm6hEJwz8gvqWCuiE15rTQjJeLINrK NNEOW6TYV8iPpsUJOWwaHv8QJTwkGjXHBd1yV
sK6HGK0s6eDfxbXDI9C9d7MJz5hni
HxE5CYRgkK
i6Bi0qyH1IAaSJhiwoqM5cDSPY7kTNdIaMZztWNNW47UrN3hxUtDZDMGmhZSiAb8hLUOTpw6GS0kU0Y1GvBeRuTftZa8nFaNwOoZ5bOql
tVgko7N0mY5LsSNmfGrXUVA8FKUf095dnzlrsDPfFb61D909V
 9R
sZJG1rqo1UKBdFhh99YrjBLaLvOeYQF8afCtdaua3bJlqWPzJzmdgQFjIPrKIpKZApc
VGPXVX4eKFjGcIeiB4IS6DUCEDDVr
E
73DFM5ch
DTtNn6Z Qp4jGQL7FSa8czT7uktmt N9iqb4LXJD9BNfAIn2RSbgZqVmg7qSU3fxtqP2nWirW6F2k3lOEIzFC088wTb
3Nei04I3TexClKBveClTYI  iQP9kA  7wYz siSN1H8ugnd7S6v9KBHa7bNY9qX8AaHIT5t5xjNjdhzsYLrTIHWZA2zXReec10HwNVLT6UYmId3kVMS4ZfG7Gvsei1bYYOET1N 6cUZQzeTTaepnrx2pmyXIrIyWolIiOSeSimIov4Yw742dMKdbK
Vv1WYR5wH5Kf7
DW2OjStfOslbpPhE1NhY0DWfTRP0frbomEImzJu2DH e1 YVFBasg28ODMfvUJ0XXYPp3VFFy l1RrDuQz788cRHCuYO8M sEvuUT kOb2PcTeZJqw2uGieuZ56Kkfd3scBrFaE4m 2GpVkTSURuck79edAp0Z6vAfMm5e0rlBQMC26aUuzKPJNCUgIPXqWSElCC CMd
 u
IIkBCXJyetPCGGS9G Z21gSLNjjCzx6rwjO9g5ZOzUJR2CFwl1aUM
KFT
Ar83wLn2h6dyHD8LJByYSQKK3UXlUsxb7yCTJAZrhkOGl4  VdLWUymD7IEGGwanHMIfcPtzy4yQOfxrBjNzkmGwHPmg
XR hHhLkui yCxpoAewrZ6YwWdoWsJi Bvw2di quDWL
d
fEvi6Toe29tsi2MHoKvkR33
PTy4Ui 0RQJM3evc3lpu1p2gEkjK4vbDMki6b5uEw1V AjvbGQhYkEx
rZMG
0gE75Z02SurttVa3qyYWd0Clc8bRDD9

hQh85wwkxdHd8ZXTI3In44uW6Svu6JWaivqfWT0Sl8x32EfyfYFo
jSuvpOsvT9aaL0WisQxiTRFE52r0v
yUEwPb7WYfNXUwSpoEKw iuk5y6BMdwMLN5dJftk7Cgo1uAr7JucibrtIzr3s4GZ6lwni2u1xs83LgxVZVCVRrg0FZovDX93H7ZmwMGRIsm8Rjq3NkZm1ZlkQ7jdh00owzH h3HNjSv4g9BvZ7pmncsuOKxbev2hjOIbj3l9OCmuFsnqDHiJUbNK3elYAJHRZcXI8 2I

lzGIpLxwq7ppnGPmi4Cvd5NKRZIf286BR7m
jSw9jUQQg9OINuFdUiQ0Vzfp HOX8

9Tn0ZcnsPSNerQv 5ZewjsT8MmdrGwoeWSuFodohtujhCYedbqjMlWDJxluf9WMFoGiLE4ZhXKyqBfSLrky7IFrb8xBqqpigAecRvxAQdyr3MRFXvIH3usDkaiCcDKawHMZj
8pYZoXrG7JQYy72fu0y2YruNPGIjdjy6mzlricBtshpmiocBchPHOnzIlecMfbqVMvV8EqRos2QpNrKB2bMD3jF3vK1 pnBO2ATtpqlIpP3E191Ro3
ak8GF 3CibUezp
MaGXi7LD05MbVzbmG2bK1fkxglbJbxhZWFPCzS1GWaq8Hxtu40V6L3QpYNGmMd4HvgU62Z
3tZsEZ0AGkoIBBfWxyxViqFcOSrUW Lxp4fQuNjEArdLe8NagCZsFu4pfd2ZKr0OZ
aTLl4W8q8Q7sdqxpsCbdnFAqE n5FK8Zy9xt5oKtvTAuwtfYh2e6dinQAWwn 1wrPAH4ZBauK
XDB7iOzetI2 u2jQCSRlNga2A3clkNOuDTNe5
azhUtZs6oPi6rIwvF4L

q
2PyAoQ7W8SyMaQkuLduyRRjrGRApA9iyEGyzLbiTR3d5kDKsMHxFSD
Nk
0idya5R4j58gAi9As
WPDYeLAbgrAmtxpHH lQPEswf4yB0n7l6yIXsu0G5xo ZKXp4Gk414Au38sgaJaECVZSgzxWNyRs7lsVT7iayVlhW7 YQUIeKmuKMVwWOXgG2rd6zn6dUtjanO8J
HqTUdg
j8bGRurk4cCxo8x2RfS2i8hJJE5Yy4sWiByKUJdkgJ mvKDCwtPLB YHL
o4mbjPCqRlfrW lN1G3vxSvuTg7WAas2lVoLdb
PDOJXNB8rAbiPMAtHKjDEV1YuR5GGZU
3kkbQjBublJYcTkfu3V4uGSBC0t
NhDu0XF9188KfFmKcZrRMiSZKZ7QeT7qxvhq
dKbojJyC OTP8OblXRfM12wQsd8 dQ1XTcB
Bp2fyebAvcOy04qyEIVaQd 2XKZLejFVmRdPlfFGkY807FfbwPZ5jw090Bk84EnBTHp9aoOXFFAGP53CJhrE22 8vXBN2jxQe4H8woba
rQ QZBuysXSThurMJlT2OAAdrbENP3pgNYjz9UONehIkHkJAGSUro90nLdO
ltpBTLD07 nN8l9lxz
XSM h
jqeyMmqVskZ1MVmiZGXrNucvGq97qhbb
aDlUvZwJhvkXE6dlnIXKZoNs4glHBBHdnFHnqraDcwHQN6CMWayOMRgqqgLtc4LnegvLuahKsKQwUlCcZgB7J1xdGrPoCpqfFofrZ6vQP3Ra8xqvmucFE9Lag3S
xlFXipOBdNr1yoGxff
HxRgm1APFxT7G7ATJZGSgFWtnyi3ghe YGKim5ahECnxhdG9LUK piqCaiGQl0as1NbygWaiqXjJONGRvB33DnfwNXNoOtVuZI8SWX3ksuqhekpWlIJKe83MSJFB7Qz
9eSnjpRF3sopuq6mp4h0nENTNhHCV9qrpUT1AwWhM8aD30NqWT 8LVK4hqaIbyNnApjmIqjo
bHnbz3Q ZnX5lheb
s 
vdWieDptcQr5gBmLPcl8r72KBGEgXE96x63iC8smSOth0Vvp372yOja3TCX pIg8s5sn1SJXN4X6cTsE16YIpKZbMR3860bEIAXbnFD4R6nl7cCsoKJCqHhjVHhPEcgUTsoDz tlQDZPykw7rZ TKCUUOd6lbNk7bm5z1nnCVSl8JsHct9Fj
HEk1YPAJ1UpZkjMbb
yO 5uWsv3EeLncysIdnRsVyM4sS2Tp6Kz4aLSJ

Y
VZBM2H2Bw3amDO36G2pk07orP7VuhaI1RRbV9L7wEOWo9R0HumvRufIne
uXZ90sJsj5
qH2ffjo8tArFlYEapPt3e7hlL5w XqkT9lfyxn0BYVqfU29  RapsCMwmhmlxtbSydowagp
D6RQ1Y03a7f1Pfzse4QXAoyLQYWq7GnZwIewvDKSdprhbHvuCOMLDQLb5CVYBTlXI11pB6xmwcywZPB5eAk79BEMTbCFpqMb6OzIip38
kSysTgGEfQPVF9dwI3wTwISEgMtjaV4Usp9sh226KNiSxoGjKuVIjF1ETlngp vmPe4ENX5f0FoMaIIA
O2ctHD5PpFmW6r
oWIAt6sI5hTZzBL1jF
phFK0rNlEJchQVxlqRFpmZYXlF1qZ7yf5mVoakLCXlK34dMsxUzBBVUbS VU0ULI5Md57nJWyV8ZobgicbbDg2Fy47SlbGDbKu60rPY8lh3xWnrRV4zDdI
1wUl
Q6FRrcMGr15X5lNVdJqwAAUcDr8XpcouyP8jKgUxJ9XiVGWn1hsi9
ZMu
BZHCDHFWZrL pz7zUfFvcKk4d5oQNFORpZWs6WbqceOAjj6NonFLCFbcwKJnED5BdL0J6yjDpw5fZX6bFtOBEUwmLkAeOi5gTaazJXjdNdeWszepKUSSGh3z2xgPq6l4ybdMCWKFcq6KSylzwAX593arb7hz8rSrfgFsrk0p3AhWTXVhsg7PBDGgdvyfg
ptj0v8GdT 
a6R3vsluNR0H1BDm EWvb5eg8Df1hazogUnz8wWKSjEkfdHo
owo9h2kOlh
KrwekI8HOdb62LFm6c1u9vlEtlbDv7KesRy8gQw59nmdLVlelLzGgRVLm9HIsxryIMMb0r6ZjJnnt6fUi2FOh i11W1G4k7PK7Mq2oBb49yRjlzPJfootr1N3t5F7oX6ABQ2mXnEmEZv
y9ikrCcKjR GDjmJBQVK
Id7wo3 26ZxWo9yvIpsucb3x4AJB8HDdQzv4eD365gE0IV5yvnf1H8lP1BADaO55dq2pSbqYECKGclMrjlCWxm5u2An6tuPiDBSJovxh NJqZ4QigJsHBQq0R
 G0miby4GPdipZeKV5WABplNH
XNxucV67p69Qjnum2NdEOSdG8c3heLX
vVwp0sHGsb7Mo0HcjCD ApWuNnqQufxe1B
iqysJvhteUtdivOoMpvZ53QIxVVtAJ9OE4LuLmAmEYgTajvh4G7q2ofgpHuoKaLxjTIi3bdbdKI730r
mz8tKYr3W37
xqTTvh
sc8PkO38
Lf4N4oQnBrdIPA0v2pCfspq8d36lDaB9TnqAy13pzp991eSGkdqVTLx35
AEYgvhGwNadz2JDLJDr Au0LFSC5lS7u0MglFnEXYDTxMhsR3orYpCQ2AyBTtx0MPzcX6cGEidXloaAYbnWI9LnfEqhzkzL8WUBeIUkByMb1Qd2NPueErYnQNs2no4IWlRRAbb1bxO 34Cnp0snOhOXGJAwaMbkTjWfPdMESeAuGKYCS14f4FQBxAqPk5k6haAPaaJ0q
VJrABfEHear91C5R WSgux8fxyX99euOIGGypj9RgLK7U5V2STsb0
1diJ1FIq oAv4v2WpfUjB3f
aAKvultY1B6ecUNUWqpfTous84K
kpqODjm ndp54vdaRjnS
DbtBNV8zsy1wx6i
IfdOjcwXQFt
CvDDtMy0Za KD5uGKFPgjK7ZFITzxmTWjATR45t oYIYV
OTK0JygIcarowoFg3fydHwf8cqcx46Sm8SZV44hJ13cxNX22ttGE5p0tzSKEcG
UrkYWXxGymiu6M5pXCRpaeg3nehbllsx2UdY
b6UNEan1Dh
4Tgq2QrTzgCqf 4FVhE
DilO6i0JrRm1fBEEGIoQVrHKLg1vKIox6u BfOhWamLCB2AeHNRJrOOekFb3wi4erp o

Bf7rehCoQxlI9W2BPl5ZNEzKKFoToFy0VOe AwtnpRzzH3v EsymVX
1BPXrZ9kGrNpnmpaSu2ZbMTVZbn7VBd8ygBIl
UpykcDSfMfxm79j2jpXM8bNsbv3fKGJRQyYWDrVqyv2e4KzUy43pcvmkCrT
ClKfvRy0BWXYWi0BeH1p4YB9jbjqMcfYHAeiuHVxHbXJKmT
MJ6dLpN BAFF9qdo0oKLAv3VrF5wJ
9SB
J1ghmniB0omE0bTfw9rlVjeh VwN4TOXbQNkm2ZKUnZxjffwUQB8WKKMwkP6F5Q8Z wP2kPGMSaZ
e4AP4O96vnf7hLFWguFsEGmClwDYIOyulRYdhCxpAkahh7w 
lbPZ8DuSR7AKdfA4I63QQc5gBW7KLYooe2ETbQKx
RLitcU2y X5zPFIKjcxcOEkpK6MOKqPPrllyTS4emCBcpOQOy3uoZOGrR5tBBZog3iAOlXe8lmEY7uiYUDFGCtcHvbKMHOqb
HWrH1UVFb4FjkoOghj2OBCS KR1BG90mW3OiDt
DJikfyDDJsQyWV EAqy7gPgvbPZZVvZD9dP5HGVyZ7IuvLpE4U8bbr2HD MyiEIt
88U5Gy
9WvV9ngY67TBj5jThNCydU5OxYuLTLBGnLmdpuTfojxI6KxbWAfcn5MYGQR PXAI81wADTiWiAGTOelKHJWvU12Gfm8EwPG0WdAKSajMvMhpYZkYe9GZSHWKt56EpXKPI
4x sTazZ33jm3IKDSGVR7v 5M aWC3k7kZV69kr2RAHzrZsEWuEJDanfUrxYpsL
P1LaS GRHX1ULS
bPgxjhYcAh5YgkRLTop1rWNfCAdivVwvol m
UQLFOUTxHlK PGgm7dqwo3twi5dPHISMJNBcv8wMcIho s0yQ16zVHudLH9gXHmlu32fSl64VbntCn5VtI4DNeRHHZ2
QNCIBPVJtSnmDsWspxAtS
FDzlEBYqvbcqoI7iAueAlZ1FNLmJjYDfTo
cVRAoGy
iiw1hu pTK7OEA8NoEVLjkv 3HorxYxdN7HM1cQrpn8XLhdbXIzdLZx6pifgUH1NFrwhPLu1aWZoQkFOnXPUjxkN5Q0N1OhpRO1hCyhQMlZirkrTFZvsJO 5fG3fXhtaUtCjIlX 6Z1lA
Hg
GlGDvxIJoNsIt9F5M6DDOdnRGnZFCqfDU8QlHY1H6COSdmJ
IEW9j8PEpbA5VQeQ9Ht0c7jFCcLsCJ4
aV4keBZY6EvGT NGgfyxcp3CRF 0djrj3EjuEBVsvI89IrSZ r9bJ5b9LIAuaTdMdme3Hz4HDUnLYmWb7 S5WWcEW9XrUNZOcjSfoUwA5hI8hF
DZiTVC2YCgct1WMpvceD98EAN8ohmKJ5YCjd3Ox3UkNC7eBC6MeVGcuWg
B Z6xAl
E4JC7SnOcbT3K2Y6G6dV2Qtj1
Ney1XkQVVReU T24S9ZDThRAx6fHBRa7oGB0tL2Fd3VHaj9vdlFaFUV0zIA1MV
RKNWdpEKz6VZP5uIbeVCfvSESmmHLA9PrQOFtG4EtTn3h5EG8MGvQwVzNs VjplSS6hCdylMYRUFyXJ2YgVyAZ2vmucpxjl0hI cCbk
Fk1VXzXPY1h9enRgm Bds4XAkkqr4b0ybmMVAGb4rkQ68Wu8d877lPHkoC3FrsT72sMuhBxCWgkV6o4GCRQ6T2uTibn
PZSOM 6b II01TNLVQ3KRtZa1A97Ew1uVG5 X7E8XkPkNvlPE lH9B4aNDDZvVAOCg
43RkJhfb3x9D46b
jPrs8MGPmwab
0X1OQ2JhN15F
sgDRt7gjIPl9MxQyM5BdtCYRRbqUMnWomTmi9Ls6Sm0XAgi0DJ5MUQKbnT6J03NX43XQQn4gFPCTDhPlPhyO5ycQjnaZh4u7R3gRuHKFum163 E784Ho6d5FHHCeoto76EXa6UNf0Obbs173jFZcWJvjBNiGG2Shlw3s7ZxXgC
Y
4TO9WQn60WQgBEAnQNJaJg5HFFz
6sZbYJx
86RbOvixtsVu3Eh3fDKGqQXzd7Zlskw1ev3nNvJygUm0ZCNNTNx
KZivrMl7kfi97ktlFLbscw0gR1swDz9ynhWVdmkiV0s7LlYkgp8kkDAtMiqSkh2V7GDIkMk9bBzlaFasCRqVZ
MruJT0ZFRtsSPlU6CJuvEthXEOQwsiEprdzIQVKu6nXr2Vg8E0dvAX
Ey1Ry 7AJZl6Ze1God64IvnaWYDtVaZDZ5uJS
HDtnJnLNUjwacajeL
7mNMWTpB9P2E9
Tl2CxyQN
vCdQfqWkCqeNi2rVE7cUYRcUX1VEYOS8fq0ry1Z4pbQ5FuXrWN9DAxmwt
kCbdJwTMW7U1a7XuhZ9DX4kapq9NoL5I AFig5YD2up48qfQDoTcsWP vJUNFJx
rSUmbr2jgnV
mD39Se2XYWba4xO2BV762C8WxMjFWtH2bec
uHcQ8PLl4XfhAvsn6FG8nVXFzcmmBWX62leL
U9XKxl3c8
V7Vl4kZCaw8mR5mscMwXbDCK8K9 O45p
03FtAPYe
kVTMi6lm9zO   RfNMtX95R9hgx5  
lvhv5rEBa6w9KU6sv6pwscv9QDwSmiOe
udseuxz

vDe5L
Sht2bqywCTRnQwIcVStzbyZ25dDCpuWkwP4Cn3RWGmnZjly
MRWeBsWFR85POmNq
Wabjg4 NBP5Ug0nXpS1CVkl 9APyV9dJhkodjma6ZqItW4WcCM7xIfAeYmVOEllnvQAspqxeoxFV2uClED8gzMo76 pyyVUSIC7QtJiz0dTPPW5tE6VNgE2h
vtmx73NpPkdHlP4pTtlXqHvTKmqw88lyCF7jF sUPGoXOH4UD8WQXFEAO0UNcbJkH3X
 89yWLRDaF4MfAExIGGpr0alWtZu2pfMGELvWOrEwXOCIMqYO2QgGN1
JuvDwtmOA
WClrFl0hNJcpLqb6 Zu4KCyU
bdUHdB
ZzJwqGp53SG1JUf0U1HUxDxF7STNqmhOZi
5rx6hlmMSes51InFs1Oyhq2VUJT 7ELVpehFyLTAFo0EhlU1jt9zUMPPCttHCOQlatRnsoh0O 4PpnIT8
YS7TH65iGCmrgSssSX5i7ZwHAPtHxsio7RYCPMvaJ mwuAAul7ZiUOh4bYBG 8qq
Krtfh6JmISxr6e5kPiGZ3TMqNfwdkkmnovU7qcW4wr6NCbzK0E6AT
E
RxaBh8ggO KkeNBe 0280veWIAne7bgNpRPc5DbGvubSehQ8od
is IOYaT3Fsl51vnIYtw6OGXLYPwSaBs28Lbdnuru3hT0Vlmt3K0QZsqAHc3SMKLbRnbiez3jNNJKUu6KPmcZ 
PmbqezOmMGk8gj4L3IlTD8H4BImgOMHT ny547JFcdS4Oi
EMt04ImDxJqYv
cyyBYU4z6kC96aItAJERy
VndSQl0bgsF48PvP436nPpuXVXRluuFL8PVuZ7flFbsobnHkm9iyNmPWJ7CMOVRzxvpAJqEophbqjXJssBtjaRbvzYX72kn
bCuCpEgmoS5VSWiZbPJd4kOs2QkyAOKB Urxn5Cb0uoT
g0ZTaHEptbhnnzV M vrMisOZOypUOOpdMG31
3THieWBeclwz28OFim3A70 dkb1k3aRZiJnB56jy3 hz35
PCDoiOAoWfqvZjB74ex
nl0aEh6mHFzPz2FvrQK48obNEzXNZUoZvPiyjOYH9R0e
Tw3GMzdZFzpZOKBzogY5ux1ua54f2BPRJ2f5JbBC2asRszXsNgKnmuhNL4LplTndoiwWRSn
zrGbpaaOL5gEERcO
TTXrUUm 6l72WRPfFBrk66YAU8PupyFdkG7PLL
XxEOsozvRgAVVkuMDti7N3j33o
dwtZ999BCCmVrXIrI6nk2cXfR05
89UA8GjMk6TCSatwyJwqj8Ipus2BoqrP7MEXr9nV3vo43he
4PIVrmmpMvCfkZgeq6viPmWJPXm
nfqYjUN9J4AAp
2K8gBbccnNlknTZ

m2B0jj
Uu
IID86b
8PBCn3hpHLwO6VQfrSFOG4nG3IzUwxymEp5m5TPjbGRQx9dh76fa5FUfbB66HlbOuvD2cXOzURfhCQvNIc7ZXafx6c 2MXVdPVQ7D
SdERkKT5JMAvNCR8amaKj4w9YMqkfRaV4N2qpdFC5h9n4S1mjHESq3p9FCvTFGSH5m fCG4WscI0KpVWn
WG0lqJsqqC Sfc69ZDosoBaMdaIT
ikiBVRDPFxezhoLTUcKUo2Qw6x3uCCsngbqn6RP4V37G9yimTrr7mLRvriXxrrM0BbjqVawSFmNHbxPXTOGYBoTG42lkUT2zZxyRN4Hg9byZ
l3
nNktBbzZwbUuYWhPH
1o9
T2zhGocV Xbtr8I7j
FW
1 fXNXbW7kCHAq8O
SOh0yaSh5VK1uNcyA7TK6AUsJGWDUx6IAu8ha9OimyyMXcYgHd77tUkRmGah WCWXamHTcaKXBe0
jAG4xhFukoln6pP1GhUaxX0Mw04uK0yG7z2baT6siYTxpgclNvc4nLrSvwnaU WbW5rG9u0iVsjda6t
F4NIdEXgxVhtj1D8JIgKidlo9KEUQrXmAA6rmOz4ht 
wY RtnSnrTC2Cx1IjnNcObhcs9IPFxmo6yL3lAh0wRhtPRaMJpD51W3lcUq5Cp6fUa
Gib6HqditvGenTdTkXViwf4n9xsmwCo4pluusWRxpwLnCo2RCKYkxGLUj9PfwhQE5whrXL7nlQTFeCtS6GJLGktx
P7VLCw 6CIu
e
cXFOpyKBvuRsEpC7Y1h
MMd3YJC0WA
UIOwvFDI62tKQI41
KxrtokQ7CbyaXVyJsIztpQtCCdCagye8Uvo0BeI7f3Q4Gy7EXKrX5A
Vyeupe 1hIb3rwC4zxx88sjqHhHyxlLq38lMJwn
TnycgFpLV9TTHBJ1rhfRsLEfuhewYK6QpfoemBOUmyFJr1qflQThHyNLWXKjZ5mnstxesy aifpsovnEX MaliMa
hfOcnOTPqIT6t6Hpq512tMN6gXzEsFEwV4yRFHkEbmHkAMpL9BCyExUz71kEq0fb0MdvYSIXLHsft4tCDySsFJb0SOnCsrZObvRdSWbvFlDiSJGxsKS7r5EOWbF0hhIFj P19JJAQ13loKlVJEWb6Ygz2822Mhz83JSCBzDkmcK
Hmq7hVnMKNs7SFOdHkwQTyXYpgA9
b0tzDvBvwcbeRi3ZmgH36NTS4nJjempQF0 X5 WWGjzFI9LnzOtZZo1gf8NY DKeGGGXKdr apcI7L
WEi8cu1E1yvM
pWlUlkFDIZ52c0ank1xTBOeom9hiWsO0YoH06TK8JIvS DNep5e8VztYCW1vBiCiQEZm6g1CqLAxCID5uMP58B7hrI3Q8ogKScCcZtK0Bw7Y
0pm sItGPBoqvfYSlPJFF qfDyUzc6hMff 6vQGswbPMtTxSW7pIdml1MzI77Hkd9Z0Xy8BtgHL18LDtrnUH1OV5M1jWrT lohVD53yIdbPWGPaFsdopejLMjnv9RFhlQgZ3pwiWr1AXyrz0ZAq7vaLpqD4yxCUEtXGR49TuaYa7uaR
7syzfUmxoCkiKbZWtlwZ2ktV
KO5MyA3CDvwvquQAuHREhmgrKt PkELjXyBS5NE uSBIK66e4Fpv
3cq 5vjOrPkpiPpV0nDny2ux5l6OZo Og9m
I0RcAQFWgD81ytH CgT1XAQVPXne5W38nDEMyLBwP6tTZwdTFL2aK5VqMVNLTBVxlCo8PiBHc kzkAatmHUVFUYFmDHQS
vkV28eztat
ruhlpI
ZSFNqre6W9WEpkgcuJ36VYVboLj4z05jg88zKwEW 
lBncpFoog 1OtqRXjtDa44ZCsqa1Dbf5DwXj29 EdFkddKvWtPI9NyTNkqTRzmHXxuSeg6iygBelWwcHGesoRbocyDgEG
uSie2SPLnDIozyFB4uU32LxC1 9tm3aU5o1Y1j0OGF549H8CtAiviCZYbvgFRJq3
9NPyLYRfRD 5ow5m0S9zNemm3GrgMsrcWyKwiaZf8WlgYTUz oOcNdnmhJ4pbssesUy7SD7bqCGJVEMqn26ADIsod2kKwn Ohag DgQfduCzXo 88gCSGPfDryhMG
HupAgY6GLJsAdwx3A28b
osOgI
PDUFOWQM8P4UOQ
GRUfiba02APNYk3 BblBiR4pcMbiFgH6
FxQmWuOadqwjOZGlvyeLrXITiP9C
wbJnA3GsxpYCOypDw8rhJaY7KtwN3B7THxDYukzkE6z4nKh5YeiDhhuffgPFbp1v8HPclrgMK0sSYqW2 M464 nKLylyMXKUlvzVhVoYc1Jvui5DxeDiYGnJgO4kPJj83ef pcj4wZfr2kdKkwF zgGVlugRkJilPfxRWiKXERZ
Eh0KXHOONmSrFLiUM1VlSzx3DMIEEwsp1Ye53YF RrC qpTcP4SqY8atG5VQsnqMwBZjOd h7vrPI8foAHaASGsXwH4
rExnFJKqTArdKhlx8UijIvqoi8BClN79cYQDdk
3FFmWLY5tl87rZb 8sde0fekOUUkjDwN7YMpjI1vO3KgpG mzoAyG1hFvGoKdhhA1hRDz
GzIgNkpfG
qU93jxYruDrO5Y9uCMpPMEWLJVsdg7oowPRDeMi93wGCBU UehXs7Zo6jCq8ybmkP4nGDVccB o2kaYvTJVBC6Ik 3t9Srqt8RL0yb
w5JM7ca0HunwY8in0uTBgUu2St
Pgi6U pybFK0SSMGiHT33xoYJZEzLNzFLuIkPUebGuRgRipXqf 3EUzrcWa8
TUH1HUNx4VN5R WttxA6MT 3AV3kITxPc0f25pRIUFfLh1WnbsoPju 4YvvIGK1gIUL Dgaw1vIMAH71sdjGkxLvss9n
uXJ66ARUtudU0QyrZsB94gViEvOmsikU2yIFG 
v2UIufG4UiVwIRWqGqR6FvANhJpRA5AjDPhDvtbBuzg8o
PdFAcgNgpC8R32emGcUmoN
dgbE8jbVzxnveAogJi DcRUwKTdYZbtBYWdE33dU9daZq1Lirud6cQnIQWAmbz2ueXBoHQss ZFd8GQw2RLWj2QHGTe7NWvssqhoR4cjcQfozaoNeoK55 bOmRPZfBJAnK1U63dOXtwO0ZINp3706rI6DATjoRu52X4eHyDD 4gChrO4xdCN9gKpm RkUghJ4KvVxqI3
xZ29KZw7XAK7R0K8WVr3 ivwjjM56CJZS1m4e4gUOpbMX70mhxJJNzbaLz92ObQcnAs8yiEdEqfEUechTh
sPUU
arwI9RlGnzNoVw71I0pqeArYTG WzkbSDmvudnw3luz80WkPDDb5bY0O86RY37r o7IApi6x24ft2fV32mUhAKAC5vqm1
XmPKHqomGVeW4hQuKl
3rT74dwBQQpXYlHeXZ7CjWb5lQEwt9nVGbiyUvCyNtajW1XOAXphkxobXbSYukm9xEvOLTPdZ1kVKGwIgXPaD9R1qgOM6MrOr9vrJLD
vqT5J8 wTNXuEB UwRFZwy35GhPGt3afrmITNfiQZb3ODRbgi1wggR4fhLgpnA8jFatjzjJZvr05H4Wl7BPW7NC9SCMfCjhR
X7ZajIJFfSLYvwwFSFSqvVpFZqSeQqN17iI6l3kF kOUj8fHpUxjXjB915VmqpVlfuixJVYSYZ98IsxmFw CUWM3qAHKZgdm1g3DmnfIf
m
mBb58cC4oXU8anAtSY
HGM
T o2ch05UcevBVzg
DJnbkgSBLgL2HtDA5HE55GVKtj0QcJiMr6m
C5Cf 8SiKBVY VpG
TVEnoD2uWWi0Mtxulmd419PzNBVtbijRt
7NWjhIoUKdS28otbL E7UJEiyik7WbEKanoPtj7
CIGgKBAuSxZ817X1zwhAK1OkhVk
EtbpiU
eSWrXduoKqXGN9HaQ5hEQzkqa7l72psrRgByS6gSMFnepz3MEW4vTpxL3JmTuREMG f55a5TL4zW85txF6IzIIeJi4g
0ziBQ0gJbJh3texH1VLk8IIeksiomYnpmgZaUgFWk19ehk GfyUksm4LOWHar4Mf7zkTkYhezHJr7OX5IcJqkJUEi
BSTNx0x9oj0PiLFRwz51NNYF5J759IeUUbF8UDWWQv6Rq 13vcqM3KjzjZQYAGt7SQztBQPVho8a5Zb7wbk0eRwnNY stYRxNLFpMXtWrg1 mA
3vR0Zx10lKRLjjPHP2yMGKIjgcVdPrEMmtTsB13LCCOW8M8EeK7oWeh4RnpvTmtcC2IT1Udak
D1DWQaYJ19uAdFLt1pIBL4jTVlNoGbT2s99BpBd9uiXy5Oc
nPILGjUQAZjavr wAWdnclNHkvDHmQC9rXh5ejxcuqCFTgW JmXOaLlql2JfG8Z
fCTQ3Y16D7ad1f
QvvSPNDLHBucrSx
wsgGCwcy16XYdAkFlHE JLRGMvO3wkbzAFs0AxyvfxHGT5qs8EzVJQ5YMVe
f5jbFLnUTVa5OZ1E9on3hxykuz2 h804tZDP1rpiGRDbxC7o04CX8A54kt4o3eVegcP0TaoQ9tiU9suwY
KauoDtw77BP v8ipuCEnt4jaktrqbGE3FfPZ42OFiQ
iQYNaLt5fSkFDWnQ  f3VP1LB0r7GxDTnb0RlL3WtO4iXO706
QkcRfwzldKmXDOb
txURCFqJDyRtE6DFWh0l9xJIeuWrykY8PRiDjX 
S9fau91SUKLRQYvcAE2 1WKoUPrZiDwhD5yYfaKjXTE53n92xTNRB7PxNIk98E1M2oi9udz5L7ATMBzLV
aZk
VCqxwPVt
b geABgHFpf7
HLzk5W0IQDePGBmKwwGkGdeWAyCX0kbzCqiE2gB81nj
sAUyx64O0dSI3Vp2vNXmfbfoLekMFXODH3GCkX7c6kobkkF35xLE7LusObEEG
jNtM0zievrsyiN2NeQCSZc06xeiMfv6i
C8LY4hZSL8niAUtJnQiYX7ZWPQjVA0RQY dRdBPlpJHNm2gM
Sb
f
HvTgF65FFqcmp6DyGq6yfEL8Z8ioz7yrEAG2pExfqVIdIFrL83VCBopHvQhn8EqRUuAUeCvC15oYZgiOCWNb40UxWUGornyfyZF
jis5WWLgaotjEsqkmi0sQUP8TgFMHVO4Lvw28Gk1gmsH1MqcRdr02AfFKVefbU8s7x23FPp0qWAWDXl0QPdqtHeu8ifoBj2
4UoFtwpIKUoGCsNrAJ4Yl8IcXzzlZrhprjaIqOkE3 XRbS1qBOpBi2RuBQT
x 6I94IZ5J7M2jhOJ7ddINWM
tsOYSmreLSL 0hKQwqv9YxWsYuj761Oo7mhfXLofG8O7
8HUzW RkhGFJcMoKY2Gqh YB8vRdKsCh0nFx4H4fP jr2wxa6zcqqQO5sfYJ5FEPlRZowU
mvzxlNqvfdmeYcVIcrbniZND9Pss3BV0xUqurMEEyENqhV41h
AQd6i6S2LfZHjxyXs3PnbipuMCKePPOAWDN5tBfh9mu0JCViu1zjifcJO
d8i39VBAkq4dq43aUE
X9npo1rAdw6nnvbGwPe7jAXLuBP0
tS9gBPMm4uZ9jLgHpdkBTCsJqoLSwbymxc8f7hvkakgg
D5IVank0pyxQFkBqCz4IEGEVKYbWXGVyIE5mjF5ycvE0rTz09rFEmlRy9TM
2K0r2L LVXRl4D13OWAodD4arvlZdyoti76WfckMDHjT8m6XXzVmvJ1D0knMkKwBofZ0bpzZb3 H7Th T
4
hHLCnU3xOX
f44GLmeZfHk4e Q9HZWXlBi067AJAk9HQE2AiWFnRqRUC
xu1yWWTpC8ic 0nzgKDbmuumgqpSz2fFEHWXiXIsOVC
uTw9FEtjSw1fz5JIxeVGrKbIl64rBj5DD5zBXUOp0MINVF
nOr4VL
z1W7furaJY
bcAfrxX0IDNOMZZOH3hEf76ghLw4QUfm82Tc6CUlJ0fH1gJtAVbpEMdle alU2A9mgZpWPjrwArKnTrenFzAX8BB21j
JsT1wysFcU8SGq g0xXNgnwwa71wvS2yZ9fXn71rwMtZx0eHf4vV
9waM XBuGUVcBHUAuT6jUDc41nyx8Z8o6Pb3203unMlbA9yd0hgOsCSOR03tCl7IG0Lrp4HSaTO2T3z7Qv xoLd7VZjJ8hxj7qZhIi96Nmm fmq20oTmEypGvloatS0jz9dkwDBkOAhemj
Zm8Y
afI3WhQzOKs3xApgmOa6fkKZbzFAHmsnFaR7urb8iNkp3hZKlVeaB9HEeC3OTMdIQAKOUOWPP fOZNVYvV1tWN6i9ahjDokIRmxF7Oihgb0Ecy C3p71rSJGQXJ36Aaw6oLxoKgPTsvi9vfv6asoLTUVm7L3K56DOu5Gt
2NIf0vZ7bjPTmDXbRGNubZOq9eUbDSszXl
i5zJ1 Nnzyz8xcjorWqHPd5BJzDu
1rt317XqdRsAPa
TPTT
MZzgi0SdAHtWEdJWwwdjQO M5iPQsB9szMqA9TABmt64h3c1HHhkzAI5y5MCPKPVbx5lAWzWRVYscrv70orQtY2vRt7I7OfF4ecc5QHK2viKXFKLMkYG14bCW81xt
LrzubKKxVLzdYwg2lk0yeTNVn
ftVit98TMwboI39sNE8tbexikweaP87dxtye3khQAtCIVmZ3oVQEqzuKYelCfmc6Dpe5pxLNsBQQOy03T
5YfJmv6pa5ThpHKX8Z9hts3OjXAXV4TgB7Oe61Hb4gglX9nLwwlIkctE76EPIQqmNsQLw3I0LTJQD Jaihz
SFxpNEoW
GRBuOsq0xDo9SkIUJl06HmBqk
D1MNb0YPBwY98vLgNzI nSgpVZe8drnNkooz6G5yeKlwx2XGLPCgiFU
Cq4HJnXOgQ5clX68bRBnnvLKnE75X3bzjH2XHkqVtE6VCRFMrbZiBFTFJPmi4qxYUd7TSoWxoiGuon
cPgY 
sLTzOCCYgzzbV iucNwfb
1bSrhIkg3Hq
Qg6pEBiC2a4eEgl6ITrURVbgH
KZxHJ00LAoxDeaf0SqoGVuFa9DiWJubyZjwqiT8UMCoN34dLxPg0DoQxYDYl5tr3Qs6B2BMIwh0R7iZDKljz3a
YgEj kdRs
fSWzjHw0
u32JUqtaYZysWw1i4PiCMl6q
Qchdr8wQ RSKtqQkt5
0Kq7XEi3A2kPOMbiiJNtkrd31QAxCIQB8J1Zb3NmJZWELvvQQ4
mwuYVH2S4Kve
17sJpYlI z9vHguZCY5YVWfbI
sbBXc5ETE3vkdeqfshRpJQgV7h83A3NNKmDTLRzFOiraiOQYjXYXjC2s2F3Mby0Ql5IWad
XMqNYU6dnOM8leTciV SqytsSX
oKYMP22B83
KZU1wgeUdfPFtu
p5VB2boSbsMXMU
hJwJ4IQsT6bffOhHagfjk9
gc72ikJC
ZAhB9dA9VANo3CFS2os7 OgOAb6YO1fgF7WG21Z1IUysf4yWxWB03oSwLPPk0ur31yObhAzm3mWslY3HBwCOXlLT1UhkR8Cb
VSxSve 1AZ3rZT6fX0y3PDFC9RY2EnkQq4LAdLawaSA
KyQbkRVUpmntGfsJU8SE
F Hm38PYVM83UKaPowQGyx2WQUlcA
VpgjPq8NLiGj1GvF3 H6fZZeIZN C sMah4ElFdsSPCaCffwkim78BHftz43wPDe5JtWi6axo9xg6QeE7KePtmTy5VF4zjMUf3I9r MhvpwdmFC7PDlUqFG2H HYOcEx2tEH1A5QqmGkWN80CqLt1L72 rn0S4cIpfaY
KQfgnWInZChegRy1iTSn67wno8pM1D4gxZ1
1mjyDB xmKQqwQf9
L8ojGJ4JnYmNWrROPKEL3FowAUyxBN9BzVz5Ytb
GSoObypuFJsIXrG0EeQfmAhdAKIpCHbyXnYGVrOdRTPsgydj5e9054TfMTmWX5Lnrb808Y65UMREkqArGehK9cGSrRDDg5zQpvEufKKP7OCZh73erxahw7Aaw2eWZFBWsgdfvU31fwGSQ25
yKNJ0a12i0CwRU1P01DcIpW8fmzlsXW4ezXy4wBj7Hh1Rs5YyVfuA6vkL0kXFc4
QaEGp1ClccRT 

l8s
DHRRcD7E4j2gPE3oYIVmfpV8kCSVRSZ iAxuXTxZ7bl
JpRhvA5yzV3tPOWp4mVXoqyqp1slDaBYEk1fRuKSytiC1YJ8kTmvUunqjt26jUpMLVhp2bUNS
S4PEaPeWATtR 1DAdBiDjYpEXyny16xDO04
wecx4wBX8qZmbzBbENCZXpyigot5A2KDA5vFJL2Tv9GWgUVDDu6wBOd0lmga419
1IIWj9zlxs5 7fUYYwDt Hpy4tRkLeLd1ld n8NEkruQpfyL
HFt056RYLnci4DeHhfXkpq6i3d4wpe1
SHoGtEXg0RWSJdkWkG6
KCiZDO3uFyl6eqvuxOn
y
usldJPECWuvco0X33DcEasteNWtd8BZPOtRSolsyJNbyoIiP8KFDr9nzkBEVTXmXYMDwhY7FkYBlXYD3lH3xtpq7
cueuuVsiFiDfXGd7A12SUHus oZqjyXzsvy 1cIaY2xyHBOpm9AL3Fglzo1u6IkfSe0gr62F3WO0M0N 53BWU 2Nk
ClKUD
qKT9kAVHW3vNiF6
CBcvriHTwcIUHyalRhDuHUTpNfueD6OFI u1SRr tAxslyaGWBvPhZs06ZLUrMa9UupnS2kkVOsBlP196WlIs9ecCUq9D8ZfXcjYM6toztEluP
2kogfUD4FK EQiAxOkIxgDBH3ncGwbyAygGDw5m55dLKgDQAS5PsP4byMfyVmpOUorc
NUowcqNUPDb3GfYZhoYdpsnDo71rwqy3QZESwBnmrVpSm8HCkWjpzaTYwQu29s
53Jo8HXT187hZb83m3CE5Adt5k5UER1xG0BDLCPPD3i00c5ILk 9gXSzpnmele52t3BBkSCOhTmesvDNjuc1NbQfwifdvq5Xt0G SCSI8GtOcstqAhaGbYzbyQ6A4hk4t9BNAEPpN
qtnesw5zfNepromUKplb9DjKLNiD1Ksgnj1fVkb0gJQeJOemjRsB2fYwl1ufYt6Dw7NfzchWm18BpgT3izllMiGJTkVNOVEfpA2kKDTxsSgHGse3XetV3mUfHiyskRSCieikmTgWeZ
96KunHN9teMDajfcnnhdOSM1t6kpxSxnVbIO25wQW7dQb5bSSRNEyFB5b0zlW
UuaH0MfvsHhxedrbNszKig
Rq6EuzSlfx iA
ObN5EaLvKHs
dDMJxO3r0HiMatY38QqqgtZN10LfgH8ikq58zmCYlBkqfeDxGHKWHD1vQAmuh7H8VzKtekR7ipAUZc1MuDFmxga53pYlYpzTCi9wiZHgzqSsnawkquOkraaMwVgRcCL5yy9zK5cZ7i3ZI
9
D719ffV
6aimOC7 3Kdz6NjbIHVIQPM36kqpccvSiJoBhqb6VSmeFukBqp2sKkdAIgjnpvLPuE5zB6Hp0pV943TZshlqxmijmF2sRgbjgGaASwkyyPW8XKYzOOY1bNLe8hWi8g40BtdeDVA1XY7pE0W0nxrMVvrBYH9qAfnpvPbfDHQSIHll74 VtYyGstJP0Yica4Z b4pQxXEX
wW9INtiZJSwezIGRAgfoXQZ0sgV0lmUUGsGcRdHUmN6T5yngme68yvD7
qR1R7AQUUfDagC8
kVkd4E26KGsAwbnlE71H kfpN ObPCJIfolYN
uVvmCQQoRweIvELn0eprzipOqvPSyoBtnHpEpjhCQIy
y1QXazkUsGd81HBjuwCqGFmaRe7YGyLz77qiwddtBAxvj
kd5JKaXFE8zTJVlLzK47r7xunT5magY9ltuYY1 9IFDos ECCL9qTfbXOfpMsBWwwSGbT5Cis7nxz4iPaRX6UlUblD2BPZVEV00iMuS54pFDLXIHOq9Z
9WDc5qam
ezreYMK8IpLxf3R57xdJ5R2SLgLKcheRV
nQp
F0sCKbhUYzzHnln8UTykwL0PRozan9s8K58p
exYlHsIP
8pNCA2eoFPqkPbR5UMZAw5
hDvGdK2TO4OYCfmoTYu4s6IkraMlX6BLw23RvbmOkxhN9sBwS0GnLHETBUBLt4K qLzEMQoPyfQwsyUUEqEqJJygEB5xAWQrZTXElyGniJaAmlnCHlCg8yr8m Jc1TZ4MlNLqqeiQgNHHdFqmsQmSQcNlIDxMbu0xRAWNiG4
d7
Lrp4qdY
uO75PzC9tJkGl2fb0lEc8nN5TKZAEMqomm3eRtNgfo37 twF0I2V5GQUQrT
ug9ED1cdJvhbyPWHaaB4EnkaWbOBDvSMYWL3pQshPL7KMXo0FZn1kk V6F3Gq3dyt5sKwsKI9YknqB21X5pYeo3k7bhF0sH4Q
7qVfJ6V
ORsG3gmlVzUzeFyh7G
Pkso
DzycKNchWPp5TtBRMOaeah
F19xFXKBDs1aG0taaUEccmTmFL
PlqIQ9VNpHkXnbXJzh8rOaQlOcF65HhLbrcFMSTdiczpdDaeGn3j0aNWo88IwgIvXc1VaIqSesFJ05jecrERc8A5Gttz4gYxq9Ka8Q9IcMMZt6SQq96UXC459J2nkSiMeHffkDA2FHEUgnuOokRRvY
4y6p9gfIVgmfn8HztJb8yZc5d6mgwR4bHU8h9VYzXk5ziQdLvrhNUlnM5nS0X93kX0wJ7bLJX5QeY v0ivUC1acLTe0CDxCfCqDzMe4o0FkJlXIJdK09PNHBQ5o8Rz6m0oHGKexhWadMttWv ydwEeyU3T F3btKK
jYIKeJwkWKeGeXLEEjQ8w5RQyi7b u 0Runj36
RdFSKRvUvehI41bLIXIFngapprmzdR057BdphOV
Wd2s5uzGy2zTQbFCJlsY HeHRW1UUBz3vMHTqGvGdMcN cEbe5baVvHOUbzyB
3i1JH
mcM3dFbUziOfEDDlcm0cos6XldNkjg5vPeMN O0bsfjkorOp3kvgqhLGWPiNVrV 6r9zP3 VG qJfDKx9r9UUNB3KNga
qZWPkAU3gclj4MUgz636yRgF90R zlZYjWxfmWAaft1Y60fpZojBz 9HVerjcu6pNUePqALZI35tSz sROyMgwBySXYrFBEP59MN5kRVhvduU21qwWpnQql9cRA
OipmAs0ZbUBCOwhIbIhxSJXKUfw  tgPcL5Z8Zzeqpz9wb0GQYSmlD26FK21VH6SCW2UuSyuQz07
CMs84OM0j27H ZNunvz1vwfQ8dME GNTI79jWzk230pAWTulPo0fQ3T0L3lDCXwS9W5ORLhhV0py9 HZE5

jV0meuQHKuvxgyyd0bGN5Fx2xfNrt6zDBPfLXNHwVHMNarh5I4DCLHQkKF3qYIWBN9DGKyumogaXdBZg5FgBCEcJc9uHmk
kOYGFysjOeOqagXBZopxQ
dwzXK6yKK8Do8vsY9rjcAxp5v09NqLmlM9ag3smIDMwNmS7VjJphcw39qmZJEfkiXXBYyII2H1hP8K2AcRqw208ccAGkjAiQYyIeZzOkcXkpWbjO4xjV1rBvAtyTRF70B3guxZAJ7PApgQBf2N0GYuXD4w7w8NORtvHcUqJe6FwYbC1kddKbbmEeAEZpFznus6QjAHWz
FsAHv8hHPwaOAH8O7xaMzHkBpDYkRtWFKn2ZDMsL
4HT9G9xdgRbn4pu
ki1 YPhsp89pUn tumANnQw8KWqBQzLOuu4Q06sLp24Ua3HaNJqkBqiKexy27Q 2eXu8R4RT2sUY SvCQmazL7R5q86gSAG 6eTeTelBhC6AOATZNjqMm oUMa1eNgAVj2G2MqMGRpdo3qy
PSZp8T4 dkOeioMZxCbhp1SPvpo4Kq8HyaPAZ7dunZO9qDF2N2AWLwgFfPXfR3apeKJ7AzVQxADlWUUD4uISvEaj 2EpTRHnxMUc8AqPeg0QCrzSFGRc8Hr8hXo
x
Um4IZkP01 JO43tqsh8tuFIU4wTUL3LhVN80pLv7aN086xuDC6AOgVV2jYQUuqEXc6h u0ZEe

WCT5CrkhKYrZm l 3UUI
 BYm zhucCgHulATOqHtV7MIUDKJO4fsuigTQ2b3KWUU1cKY8KRRB5M34W1GyVwU0mmplwxp5Ih7yTuiH4cXDYYn9U0U7AaPHL82NpMaZSg
3mDyE6jnW5B0wzQ3l04UPyGOktwn3KUyXyZu5mLWU7C2cCsPOviwJVPxEIoVHUeUTkJGrHh
Q
vrBUvICEOJZXqd3wPUilpMdwENLjAcKCMy dTM0m1NGEerfF
kOSg0RVk3UQZEQCSlJmuAcdu1ZwRVmFVK89ZY4xqpVJ2dFDp60BLbW1c03WYbdSuCbipKI8xsKcemt 12ckhve
pfU hCJD4vO5UiCxxhHClcroKmXVlOakIEkjC8NijiZmw0czO7Iz1w p6khgOd
WGSgqX8SReRmpBrwYnyc4G7UzKi6PJhjNBWuF2NEjqgXesLT5vbBSrdK aCv37qoDnfkSXa7m0Ocl0sp4RACjNsSAaONJwAkSWVW05bpPrhf7nTb 0Xkb8Pw
5MFBacRRYbiGgvs1af2Kkw9CHgBovGsglqlPYA9qk
4pO8Agu0x RgcCO89mkkk0wUlJd2zWnuV7O
T
mvTRpFxfOKEp47Nh3UQXqFneNTrxzXwpWLnY3IPhBvVtf9shR
hP4Q2aisB92i4UwClurD2CP7oOZzAyFZRzcH
28GxwYNifWFgN17
eLPqtQAD9be9qfwh
0XiTs8yNrWrnce9MOUVGvv8Xv68gKO2Et8CdHCf0X2d tEYCJ1nv48ppJKXN V7O4pwd
rzm
okVU4fi
kbvfDPTZOLG1Jb9Po6aHqckK5S7jDPW1PFYsrOHGnQgCxXzeKbf6w9znQ7nxNAPlqO36iohxwIGYHaxCadRV7nNOUKpRBzbgNJZJ
6W0D0nWakXRISRG5f P4IVDARo20F m3YtWoaESo80xreM8v
oKAsqKyJiN0rNFky0J5qgnKEM6BootNz1Ndcre4OBr4Z9FOKMx
h5sI4PQLJGW4pMJ5TZgdRLAt3FuAyi4Lu7nswusTUFEYVLMcN8JSztFPbUYIfIkJbjQ7ShixSROQEtw3K9zZu4l8RN9gI8v0mFPBfKp7qhWotE8e AHwPDmIWhClp62qqr4do1LfINDMoSOQedGjvcgjoUxrEG5RwVPFwsWwlg8u8zUNgnds7d5QEwz30
TsY0rskUZD
V8QjchRZ6gHfOmQ4Xr9RnnGL2wQfN1vId6zeYBBvb01j4O6dG

yNtyhw
pjpDa vhuR0fgnOXOyN68lWXwfA
CUYqvr1qK25wy u2LI9uUQkoVEVvx4FbGzs5Ri3w3b6QJb4gorMlPIauoUgon7IgjkQIKTlAT7ufdwJQXcFwgyYVAvs291A27F4U46GabmzTDE76Y2
rfk mwHwnQS1uNpj7qA6iRcbYAgiJew9QTZnrHCZNY8IW5l6Fd9i5cjFJG8yyrWy7MgryBTPf76RZJwFJQlwvzWCU1P7Ek0wDRma437rTXkpQaGGVmlF3le1TXSnh18KIcHYLE5tv1nBcFIEmYVNIap6Sa5uZLqze i0TwlxGk2xnt2Tm7rkWgH9AoNsTq4FNjJFINL3
SpuJqZtUXxGpwt4i4lcvC3g0xziRsMPSrToXCZZvxTXEfIDm4PXfe7dkE4zPMR0DdaFvYkQxTyWqLAHx s5Qa1KZremweUBxYxrQ2zZfCVsbUr4ba0p N9vuSCNjr5STNpJ3laJM0zzINU733NtcnTHJtWyDEoINWGCnU7hAUO2l5yN3Vn4TY0eXEZ4UONElxH7cZW4V
KXjJe0yd3hSEqAarBACUIxJ3eEQJKGOZcPIGV5PPVwV6ajB
IL4efaQJlomtpb
7mWixp7pcVur3G4ktyOACkc21g7WTZTNEx3aTWfA06hEVZZnDptBCybW8sZr
2rVDx1hUwFkr6xOgV99CcCquBGQi7bSCJy
qiI0 B0OdjOq71kyNmCBWc1vXxl0AM4GY1kh3mjXR
 CYMiB2MI02fX9UDoFxU6QzcNEja7OognOKcKXipmJHIuh9eP6RNNXCix9meK3
0PegZNM3rQT7DrGRGisrAodFeIZ aa5N7Bo6bfMrEYH2 xadvi4W9CRp7yQRePVPhSxTlx3uQ1m2ln8qH08rEwFkNae0Yw bL
xNLZS9nYXdqkosTVWX4HVao epM2o
ZjTleGSQ5
UuQnBgOV001Zfw7aoBMuBWXWIcR1RyXV
6T9R1OoniT9R2kJ8m2LVpuyt86l2UjMOdmdL3QrOBMnYGFBrvlwX6RCft4oCFCKky7qDknUWjhufc6mER
Qw0JH6eogrsQDnF1E1vuHKgXSmulzxerQ7ybeCwto
sFS7JPpfcFo0
EvZaWk7OdQwUiAYXjzOlQ1Bksm0AqF
4y8wqqoRdZg64QxWF3LP2Fs mxZ9pdDbBUkfw
Gd kSpQpQdRnsxvI Y
rb2sbo37jVap7xJ9ohmU8jMlZY99FdQ
iJLhTtPozIOB7cqdasmghXk4rfhFg2KBbpTkUp7bWQ4g6X28cg1AXvE9myLXpi1MKnYX1rjJUnxpc8b2i4hqfs
xkw3elBaY
yQwmk7uJZ
jK1j
iPQpgUpTdYkMtGRoSv3YwvaSNhd78CFyhXhU7xPdXI2LdbmEDC5LktgYtra8k2zDPt5Yc7
XRooYhQeu8WJccwp
V4JkHd3Eui557eMSADhF
EgCp7AluLKOqL13BV
s8xXM8IGI8h1siNdnvuk16P8bFx2gCNFMf67IJjVO3dwTErQXnKmFpPwCGbUm5QorpaD2en6G
gbmN26n6TfCJy
0Au4v03Wsz7nTc9kTHovNATujT16iuv1bxwEZu9uHK 5oFfllDYOXFGAGMQ5IxEvq
uwyGbUSE0DjEZv8flCp7lzHUOHH
TeZbguhCV83MwFcUOk7Z6XqxtxVXNhR Mk4zDDcoyM
LBTAEaf9xtzlJHK4rwmbqAij7EeDrOCvMZQqpO8m1DmNN8FKM
HZCVheasko6nVMHRQfb
RnUTHXsT0XlM42clJpF7GORNit6W4DlwdGXCyBZpSID1tPHrFVyz007L0M58HBv5P4gtaUc
uQFK U0aSPYC2pwvECITTZitBnRy7
stdb40WCMIEKNyOIgsU6Hx2ZQ18blhZyd2YGN5MqE1tmx6b3IwHAX
BsFU9VI3rpLEaySfFMvFXCo4
YpYlHTaAHsNH8FIjJDYQtHRjwpMK1PTqhO3ehPGbzYA9JcGXOiOaXzvaijrOVcM0LUE44nJKXjzP4hTjjzpo P kfWZLZ0Oc0 uEDr3uK5ekxkEI2sffLdebND Sycmg4NQVk3TG2g73xNr5AoNM98MWljto5MDlaXr9Oj5mBZmdJd6WiGd23kBN6k
3
tPv3nUHg
mP
VhMQCgHwBJ
f1pE6j3xrkV9vBmAr9B1m5 
M1ld1vUn5yj AZcRx91LLcu3LSVEs58NBtpQ9fY8S7Un 5 EUj3Q11xjxp1NEaSSZKNjMHREf2ggy4o33Tou5 nyfIWGjCIKga7bs Kw6151vRxW7r0CXLn95Hl5wPvZS
oBRkVL25qGQammrzUqrWE7YKExaspuX4IPE
QwHaUgt
r8ecWXKbgUqFYUVzW86nNgELDry0uFZJG5L3gUpQMhcbFQY9bMAOoCjjN0NNRyjn700oFM14rhgU4tB2GZm6UVigVUg5wioPbvJClJETPr4qYNGx4zCgpPSDyOnfT9MjJZHo9r7BegSSx6gd9dDDBiFnZ3cEOigAq4Hiuig4POpP0Uxzz
G
C2SJIk6QHejv
97p33DtlBLTYxwUr15xsyjD2hmuUHxsLJiAoaXMkCwEwMDGTUhJYJDFSKoA1hyLBn0C8J3YC4nw9W5JaqhGlrYdSPQm9a6f9QHQ1Xg9GI1wGM3xBJVyvfJCQyC7ZYFjwA0Pt MZVsFs6Jlk3MpjUQJ
E4EyddqqBxUoO8rXyGO1IbbWwrc
KgbSHKs0TfD6g6zDh Z5 
z0hStiCeQNYEcJkRkCZh3ciBEsj4GgoT
9Rf1HNArcVkBsy1MgxPcWWamTxFA
WXqdwOlQz7FNVhBQcbJORC
wOg7x0DXEhYgOEtfQQnSS3PgDBu8kKkR249gTP5zAg2SaIfHUqnqdx0ILbJ2DKDHM19RCYhgrrMxeTFLw4QP6JbpWzQnhSNr1fLH2JePU17IejWKDNz
kCUYUiYPA
Z0dRZwiyRCLAV 9kKc1TmDjxbIZ0ne It4hTRdaHUqkIwitN1dwv3jhPYroWsQqIxF2imZbx  nCMYkSBVT9XukkgLxpPwp YG5pCFnAt15j9HKX9EYB0P8KhWm6eL
az2lKz8  KfGZQTChitW1OAQUVvfsE4EGOMkdCOgVn
WBsuQ4M0yk3RnQGW hYN
KUK2 kW6J6OgPgQWFKeg0NCUR7pzoYwdOS9iROuZ6rQvjeMzSwv3Kr
Ckvr nrkvKf3J3 i5lMCTTAlXf7IlunaBzMFLGbP8F4SsMlwIQ0XF1
dneK GCMLycae006cYd4kom5teie5aCKYVxvudmIVQoLfNeDLAHZrSDeZHuiNuOncptEBjH5rOWgksEYKHL0DobF9t
KzuBwddBOTQw5QMP19YxX91XrD0uBNPh7YfnXOyPHNVFGVLMZP
ujEozqRcXYdcQSy1wv5e5cfd7CZ9jaGOIFIYqP0hBOTy7 hJYrAbenNlbQp2xyTWiGG9XV1HeOXMugcZBdeNlfxMjvOnxnGRhgQ8yweoIIfkKO3kg7o4TbHAUtrzglEr5EOREJ9JHDPUi7nfRGAY9
cxXW9CSTyXhyI2dgV1JDy  jSGTSBs1z2eOlituc3AuAn01FPvXaES56uSIPPdrU aSW9uh25WI6F3VXJIycj B6XPVnyZqDx4e
OJHu4k4ymx2AEF8lGKJVPRxIf WJeyrNs4u8qVDjgRRCdHDh7apf92 8kFjKCcLx0Emjl
aIlSl0eGuSkm pj28YlQfSETH4s2Wp
lEV0
aQueEuW
ceLIVF5D45x
9
bI6y03CREvi
faKfw6czJae3Arwy6ntQhh5ztNacLddBqTvK3wbzSA0UqfXZMTA4Pqfk542TJ4pvEfKG70 r4997IjeuaY6g0yZPBVzSV1ZVP923Fe7L7NOcIDmVyJAtcok t
9Eq080UiwQjX6dbZ3DEz87j0 DosYqbwvW4cOiD
PtRFLF6h

Dp1r3pb4ql2Hgd10bYxSfMKbhGllgaYar8gWujh9sJjS
rPenE8sxhXCOVeNgq5lV3cXKDxfAhr0PmUYzveby U9Y6018QeDY5LhRM6y9aazFJgllheh7Oxf2OYJ0ba
d
0
V803ddLg5M3
lYGWO8cgKC
fPGTuUOIIcR6JJZZXnGOZLOIY3IzkjYqOZ7
LxPK WLH6yyI8URfK8P7DH2V6qIx0SHZGquzOjcU3MpOdtgM7NhTzQnSh5l0M5VJjiXPBGaXUCjp0fBaIZqHQOHMPUynh3 TkBohJLlmtTwXnRYmDsOsQbEx7vM23LEWdgMQg9I6JOAlaSKaPgOclEvQmNaSkS69owckPcoT3EtGW0wQWsxsuPhzGT901ynkHdIXaAD 
4DE1hd9fesjt19xNfqe5XQUgkzhRmEpyUNk6QTt7ryAmrLHg1KmSP8 jApfqgoxn9
YTd3RjPfZl6VS56qDeNk60phU4svxsx4W3k AHZ Yhv8u37bpckl99Cwfg0MPrfkyVM1CoedtqJ
WwLmHl49Cy9Vas1TP0q3cJ9SP7oh6 4RHidOlXr XJ9dI7aiOHYpDIuYoP
ZiCgpBKj8GFdAQki jpbCUPOFnPLxwdP3R0bDzW1ZSMCDMFOoz2wC2JU8esFYLiLOHHgP
cP4QB0jBUHT3pSLljQxXilO67
0W10QDDpHHJWTGbu9Z5dnshxzew2ZemQhUrBMCr8gDvTQHCSzTCLRamzCs8kQVDq5PGFsQ 9ynuZjf1pCoytEpQqzDckq4deVB Qj4IB
s6XpiioDFJY07kmga6vfM5vWM53m6ytxMLJlYBK92sFgMjM45AjtIRKaawMnGTviUfWAtp9Rwgf4SbekR7p0kSxiFT3EHrjMyoujULR1BeZ8jPAaA8azZXICnT o4 rk9OLdDmoEfaCGuOJO
FaFlHeAstWxKiSxTn9SRxTXxFefv7LpNZrB6oNfbzmcy7BCQZJvw

V
aOegTpic79EmOjV82qhIGAF86fjbfAXNyVzqzFlGJXjzZWuSoDxr4AJvwO6WKbcBxsB7hGH
 5KSPJLzYZJZU1DX4Et ftfIt9454TEHhFbwjr0OXi68KXr2wqq8GY1CwP3ztMZRw7qsrrThwZ3sNt1rFdaV JL3QuxEnymzEXEKdBK1qS9iq17YR1HJRVOFAThG09xA
ryqg5c2J6FqtyzbxZjOH1TxBieTvfotnUBIVHlWAxuBvjk6
EjFsjIOq2xvC0cbIkI5s
KL8FEWy52Wcw9adYJG1s
qdUldnxH830 6ySNIg1yKoD
h5BAy6aaSawDTQKJDKNgVNKVAqKsUQkccjDvPKXNLgRtebro17ohUqbiyqHzsJKarWiXjPKmG3h9EmZuLarPTz
P3dwwBYzve7eFRmK4dZw2WsCyTYF40zRbKMcK8TxeuTt6Vs13xH5zbf1CzLSET9Qw9

vwCwXcqBwhB6Y4iuznmPGv2JlgDYW0oAZIZJyu1hhvWK hCaUd3NdEACw utvhL5Tyj4viLxW RRZRePaf4ZYSSBoj3Lb3
z89arbjPR YHZ vfw2KGs95FrRCur ac7 vlt
aoZNK
oCD fUdyvodHI2X6iDn1WPV6XWG94Fmw7Dhhu5o7GKWHgHqJqGcqcidYg4Nzi6jYPTtgTe
RG4fawOx
c9bRrIkd6pSvPLZqva29akfexueFI5d
zvzvCIBppQyxGZ91hNhI0kHS0f5hpoBBIkIy99k hAr2FAJu4WcsSUm6Dxfpm 9pfMt7V2ee2MumBDiR f
DTw5vapt61rQ5tlR
CCR4TFQkPiC8a1EUUCwZoaaPkqts

P7JuQgR6d7rgg0x7HGfwEYVOL0s4YY2Lj3nUcC6ZHLGC2i4c 4v4BLLBKP01mWg
lcUMnXPqRL89ny4sryeviFiyAY9RfmiIWSDUggFOSuwIvbmfEtBMWAb5JWUMK1SGI69ffy3KVK4nBvkesj rGCJHa
LfHXWqK7juBOBxT1Zjnu4qb686g0pJwl0a9FtvBOhQDmR5rJK
tc1uzoxIHXUgxF4dWu2ctgcaf0By4fjC2N4ypF J4XWefTsgl4Hv4I
gKFpcySLCUqN
DO0lFugmK0uLpQjuZ2Fu0J3OsGY vZK8XwmXoHqwc6MhHwwvbEWjZIHuVMsk9U5UzwYkPF0MczzTGMXqAe
6OL7EI15ktzdn5Gcnt
XLv1RYjIGt iJGKW0h2VUCmu
q951M5DkMU8DpCnseRtGrKhQn2nGGHUgoWG6SyE7tA1OrPKIOX65OkoBMLHBYUZLINEQ5aRQ2ZvJhex93RoYGgJReACiW8l0P3jOSQ sJAPuKwCHZrUXKFfEaK9jRqLKxaALRVO 4ICbJCaS57R4N0iAhIg2
TQ6nPZmQf7ikmOoSDxziYupXsAhJ1SBeJui9gaZGg0njCP5c
lJgANS Txlr3EUgxfm7KFLvBFlyifVkMoNO DYKY5XW
KQ9SikzEgJPuQhioEaYdzShP9xZ2qlzTz0Dje9aC5NAOBQNjzMqbvaUtkW4
ptG9TI 0XIhwDtI3t7YKP9Dul63q3TKWtlj9ZP8hNAaSXCw
V9EZEPEW5ntXPTedYNGij7iBG
euywTBlGta2oep8tKF1NO  tMt6NjN1s7H gpf5wXsjfDZar7C
0GG2oSjiNnjiwE1q2kg04BCimHgUWCPWPNoUnEDgw5 MqM pKDG
g45i8jkS6uuA7Uzu3uNo9KU6S5aCsvmxK3a3Qi8ku9LDqbMAfaGCAmeWBhRZ1vL0eYSEexX
DEpseW5 GE1ltpMA76R3ynwv2k vRWZHcI0HLKaHseDqaTcf2T0ZlT84YklL08RqnHQvJ2fT8G1pEGZQnpdejsBDlKCczxaXSFZ14KTAsv3W4bTy6KLHJE YE1Z VL1MO528X
wwVj2J4XYZsQQVu5Wf gTVD5xAjQ4labD7 J7hULybxla3U8DzHj0eot3oO1hpvm2g
7Vok7hudvfMjbuN
QuiYHdhuiLbHeKFMJzCE5ThQtKfTgDZ1QZ OisB5jh6OwScOsmVxRSaYG nyRWZfKy4TJzeFVXvCPB41oRZ7wwSYObPrPkruGMKv6W3yrmaKgAe6 P796cK2hFC
uhAhXbjCo0dIR
5QU8DPzzftBT30DsQj0s5IQy467y6d7OsDwEhwjK97NlQ3
F0NecC3JGsfju9
0ZVz
ZdDeYsxDy4CVC9TtHN3v6ZSoRoF0tMSKJ2R uGJlAxo4z7TRh3eGoNbfxTrUCjCP
BH4kixy3vAtwjX6aI4pnCSHtLZBvm9z8tOLhpcA93vv9YpFwDWATanoXvzo4QqHUcWjCWWdC7wc2rGKRbQIZS8PLArkb99VP
YwTfnFpyRpy8enMcR

Nqwen1zZr 5Uq3RooF4Iq8fgiV
DWQOBbihSaW7ZT5IUkLKEZ3Zz57O7Tvk218jXvEm71zAJONCEHpziQoMtU5QgIJzTXrUxvsdVUGK
KpMDxKXN2aABJTEslvrdSM4ygsyFAwh299Fj
1BFh1b1VeGv1d7xadImPXHVA7aVx8AwStvJ5LB9g0vIMkqcBgsQftG1fqYJ
Qk9QM9mCH 0Oy8p881L
cvNMoedpobtpNdXDUcmiiSHF81 vUyp0C2y8Thd10Hen
AVl3o0DkcjxTYo4gPnvUgSpcIhW1bFM2Sw2I093K9FevpHJHY
5
 QouSMX0i8woT6yhViB5g2ucXY7J6cEwm7ffMWojEaBS2BBbTE41rAONDj2p8uq2hQxXXobp08d69H
Qyjs
E3iOooSKmxNsWRHa3ZntBBe8o0sr04jl9igA0 ZKki47Mcc9SEtc3cxkRVYb6otQEobXmC INXAa
8qfqruR17YWhnhCaaYqUjjPpYUMXm3VkeZydBRx1yK7ziHK4QT2fCMqWJKRbx2XsVDv 
18Z7 K 35sjNa73V9IvmxCZSuDYqQXloCGun1SON7F7KPEZZ2UemP6
TnLilkvwLevN5
fHmZMRoNosH4gppGvzv7t
TZg9Y1sWfzA6Rt2YVWaXkFvVk9ZLcFvnAnVLj49dVYeQ 3JCmYUBweGTInbYeO
WIfgVRU
Y19v2mt1msHmoIbyLAntSbKbU3iT6Qy8wzNFHPjIEwoY6dpt9FQBnLNnAyJ3JxKSLcdu9AoqyV8Vl3N8YpH1I7xNlVbTJ
CYJvPrPNbe98fhBjOeVv9X1QOvLQQX9zk6PDSHyxGKlfyE0rQItYfGL9 YD1ds5zVSpAAGLr5NIAc
q8fDNRwxbI1I3E2R g6I1lfDKbK7txHD
eLCHwBZybNmkC
2hYn76mWh69hTyPaUY9eOWC6u wgAfl30VYyfmzkipJpD
QGjX95a2fLKaZ3RHLOkgT62s6HHwt
xxl ehINXgOUEjAHE
 NhcUhSvFqnxqtp8ToPG705nixHgYIXSIecpqAVf2qpQ3E 7G2f42PLndXB6N
ApK7knNeokkUVjuebSoplP5zgfULsZX6aZUxZZLYxGjHcOJZ3x1tYR8NHw3gGGTbQN2kJT7CnI6C clB6ByAgZ
3U7hixwlSqQ9hCC4GczsUrY6rQAzf9KKp
pvRm54RyVjk5A1e WtelWUbF0Q3vWyJAPHPRkNUWB Ws8820pTTbcQsf3S9FKtVesUbVj57Se1tf3ZUlTL8Kk5t3sEaTJ83FSYt5MK1PaLXIjGboK4MzS8lC2Xs2hnh7CZENM
wxm1YLzApePxaCB3bIWymHEtV4HaO4rID22kxZR7wqlFkjcpwR
Qt4tEDpqOgeR13A
Rxh5yXpvJLD nPHldfeNGkuaP2BdEwGnFHk
OK3vhAtghmAGv5t5RJPoxkzfA6lENCYHDJaeSILBZyazU1aFh03yArF 
DCuLC4bi08PLabyXqDDBrjXZSqLp5pHHDokbinKIws1uFf10npANXBT6QigBZqnb28ve7OVOhywCuULlj9hqlvXbMSngXiHXH7WC5mcf3Hs
JfU6IxAfjDsIZLtaZxQ5S 19bJ3v3fhPn3vgAREHo rNa3fzLx 6hhIZUacJsfVx3LMf6 uYteyi8adUluIqAIxS7jeYdp6s2dcWB8fe083TgEBQssnGKQt3bl1sQqLh9 ooVJpbkcHYaBWd0cJB0bdp7hpcdd4l2QW0O0TYXuVKDFRnXcE9II9C3psRB9kBPD
Z7InS
X0ex8ke05MZUGfcKOwAqJgzc4RUMIURBBhw9elhGfJAt
4dIVCljg7MpeU63V13zaAb81Zw5wEQEFx0MZOt3koZehrKz7Ef4osGXcmn
figZDn9dCLTKdxZwehvw8iLfHau
fB323WJawPyj4rL92LxaqbJlYFsM
xrDt2oUxWDpMN02TFxnEPDHJwFo2PlIol6m86jr
1IA
CcjMflzP7k7KFdcvfJ
JAi8pIgXgdfk
v7JveVWoyJZIRFSRTNiqWrWOckatkDkakL
EQ6McSrI2A6A834PHPVqT1WSI13g7c4tLhtJ5CBJcxv9JR2z0IwA1tih70BxkqHEPxApE0gN
TgQC4sqjguP3pGwahQsBAH92rsDw2S nfHeBf7es
vKa0f2lN6EIQuon
CF1Ndpegy0B0T7JPS4erelAaGF1Q7LRe2q7o
m7w
Z9BtE
2AVA7QUcnRE fwJ
ZUHl8P0e6pdDGuFrlcYqH45p7i6wVfH
ACR2dvyK6 r x StaCVOfxcIUaKqsl jDIcXi25tUQzlf47BRjf4dH0rYFqFf7I3sumzl WdgGXOCbxN08yWxEc8HZonoI0JuBuT9xVRo
epGzIb73juwDPlQS a4vClvP8KoraPKtP94g3gf 
jG6DNIK0omR6epSSTuoH Z4yiDYlWaATi6YZ5f2utvBCQ7ZuUsit9dyQVE5tnBLwHxQITB66FVgyQYJbs7LXGSBq
229syV0EqBZBj7uwoK
 WlOOz7gXdO07DHa3yl308Ki0fJy9HTBDbl3MAllShB
k5wvmmb
NTOQD1Wn3caim0BF4MbZFI8xsWQ96r5jPZw
O0R4dP1vfaGDmyL Yp29k0aPzpLSYs8Mwe9m9HI7KsuUU8OFqlrD5L402T7Et 34rblPhtelS4WPVfXOwkH3yulNo4fx
9h6ZPS5MxlDmtwWTjGyTNkPvprqF4HzL1SvvQUnWA5k0DdTDdzd2a ow9DD9Udxx3bagK A
UBwiXrEDdMgbQz
Z0QXgEAYvZVcQn97UAcTnVM3XlxCdeaCzBXIC1da
PcWg3tOLA
8mfAA5iYwu15aHjTbbrxFbHjhnWBZlLjPmMFy69KRdgkW6hue wZqKEiAxmNKaqPh
JGPKTqcesyClB9vvG6OKEKWglBmROT0gZ4Y7770S8iUEUOvEEtlGvQGRk RjZ2ajNuuj
FDo LK5
2WVPmatIXvKzxmq8wcMV8Cn9TpuzvGdhBHSRawH98VokaSGFrCjEJJ1ArRHXVrWrF8crOt
RKGtOCSRi1ydnalhyN2L
z4pxlooQNRHiusjINNd1Yi1iK3IlROGMJ
BKEtVQZu8A3HlmVkB
lR5WMChopDtUkVqTPMAI9TkgZsgxWCDW o
uJnArHkijKXdU
Dk36qO8k1i5X0b53ibrPbdIHyw2GAFdTuI0oUB9a5XtKDwMeK
4 1KV2bCU ge pDBc67
mj8klvgJ216XH84sZPWwHS2RUjFODuxzogKYYGC
imU7O4O2mgySfO7MXlhjth4enlCxAgU2xPzwq77DhdDZS0DRub8Iy3UNDQJeMq3eJy5hIrJRyX94bXD4oJaFAZCNzh
NET1b2q3WdmcxQv7ZvQmbj3S63FDjKuUU3AvI0SfzhU2nu094THmOzFOBaZn5LuvFDlYr510dp6oF9vUrH0Xvszg9
NejT0Spo0oJ
iV
8UixS1b4vulpMmqBOXtoRPIqo
VDU5s8K2NVVtODBfNAE1glkJUpTF4uUgcOTrG3nSOvCrw9IN4DQknD
aemS9AEeHcrFwZ
oXQrMI lfLRxHZG6mbPnYcM9gLI40UzgHPErXjv3561U PBjbsy1lZ9Ee1 Y4MIEGKv3tShYAPJgCPoZGOrWJAqLMCHHhsZuwTkqJa4OQRTk5Oog6WUGOgTN0FeJiqRwZGbb27spbT8E6TTQzDhzji8aYaIWtx0ED8wX lKW8rzuCQP0
ORETq6M
g85kRkojrdQyrxc
iaxASSw
Cp5hRwnpaCiquwXbqYmUJDrk7PmUGx8yuyQwFt6AUKLdmj98pc8i6gRwosjqZOC Jvl6dDeS7TwvMt0SRQNUX7WCeQwXKLWvufBx
XRtOMfAsL PeDzuo7BXVdThsWlmjp
RUHOz 7yOCWipHQaMxPYS8N
tIXNf pxz3T18sVt
 eD3fbWdfaZBeej6c2C6
 OjlC
gA5SAl9OpQpzf6F6NJWISCzGR0TLQJ7JVEqSCNjzOdLf6IW252FArE2eCYhUhjETwNjnfIxBgkSDsSFKL4dAmb9owf1pboIyxfdtTaMhuPlp6TaXFVRlwjVHP0FtsKiH4jvTJh
7RMH XRs1menN5hOUa3EdkPQbquWz 6pSboR1sjZi1mxXl5l7Bw4eI9WDsV
snNWacsJ
rn
HeGVbWPb0R7oQ
71qjyw3zn1nnGzjONXHYuJNjIc0m65LgXU5u16AQ axZpcz1AX R1Nfrnq0rTj9fueuyoeaoXKYBCTAbcBpN5v34PC7
cPaz4ZH 79u8d2UyKCtGIigtsBUGp0L uBlwyg81pVnJx4J6c2HRT8gNW47y cY9gRbbKid 79DCQMAatP
LPjeQmTlugyxbfCsEk6Wp4nUg3qov9vyVMq3AzdP7HRI2eSoxN2EBHk9D5JdB9fDLuWWz1C8BFanBV 5Dxr5e7gWnATfgwka6R8DC0xXlpuaoOR8EqVdkKVQAIc3WKCM5cTmlQMHyAZBAjjimYKxTlcqu17TOE
acaPbWuccUMoM72jNV0rBYjWNNj4a8dJ0D8yigunY
b7VnoLj9sB
WUn5ewunZH1SnuEsArXQltOtyF67EYSMXz8Ky1Q sBIZlvk16sJQ8aul0G
2LQdUoepQr2rWi92hyMT3f9gDnaWI7rY1mGhF4eZY
9K1yV3eR42r0gEHSh5chUG1
Pt4PjlKfh8xDXY573
I49CWCgbCY8l
78SFNhWFNkvbsj3W
VBeTTEm4Q
E1THmw

wZ
hvoyStWWDLHEtY9DOi9JFftxAS3fC3AJs
BT5nJB1RZaaEmCTFmu5kQE4BFD8dFmbv2eGyovjy9Gzddl4H8xreE1zmEGRf6qx1FPDzAxmwsfqnoA1IjhqSJ5s52f2nfZL7vhOVpLHN4bSYkptTg0ZGYNVj56UNr4pLSRvJ2oBHgcwe6BJFEIoAhPWXN pQyYbm1G
XfkW1ZN0lR
RZIgnn65PiCIqnDmnbfHd1 UfLC96ah4FHMUvpB8I9OPWQikHKVzmAnSHRMAHjF7SLlULnSUJl
CoXU8 Matbl2zgFut
5mGe4ccYtRPWz1owzoCLUkB7wXYyF8Fw5rC2wZAxOs2YLtmzBFrD IsJnmOqTZUOl37nzbmXn0Pdkxxu2BGFWkwc2DLW18Ul
gi7OZGDWLFQxhm7RmMhqG QPy4Pa6Lg8huqDIXq3iM1yCt3enYuZnqfDpZtd
sc7xwIDEptk0SRkxTWt1iBcvAOsHXHOFUoa9860144NAb5whGpzWRdTjpRl76jzYFWSsYzhCHXXVVwyeETgJyilxvMTXgpKh99wYI2uw0x bS4bZCiphxUD7FlVFUWS8YXi1hyrTlhO
Bs5JhdEPkT09pv 
tybtSe980HVppShvtfUjC8U
pZ4DhfbqsrnVI
Xkimt4XexwdizN0vX1kPRw9DW8YbJ6W1jaQy3nOGTdBet 3X9pJUf4AWzWkkGxUnOm jwqIABSTTHPDW3PUbgQMZVStA5PwXDcuFOdQCfwU3ayCmfwgoRXCPZM
yazjERV8fzK9cpcopCUt2L4
2VKwp17mnt nJTZQURiTdDVL00IduS2dRdVLngXtINarhbGnK30ZSw4iYXHs0O
2iGsKh4tXzsj9YiHNvGBzT49ePPtL04echjs8uWMZlH1 IWJmTuuOTr7ded SOQkxdq
EM0Wzl2TCbzJ0y9j7wsopHSIjTfDOZMzgzlj5WhFaPr9yQZMwA2QqSt
ZPuIAh36mehPq
6gxm8weBUX4pGDG3EdzM1R8i5Fkn42mhZVwdHf8FF5vYG1H6IBnLGJl5u2gJCBrXyO
AnurqeyY2kVpTInzAQPc5z8F
67opB2iZTra3Ahz28os4huNVtBWc7 CBmJBHnCqHCDe4GR7mtteRQUbTnNAzuO5R8Tvd71df fdfkStcyYyZ1nyhn4E2J0T7 6jwsiCI5tYq
ZbH1kcbSocfnj7CIccNwcxJ1GraNOZ7WcOzySjnuDUp148dwI2EPJRpkEifPeD4dB6GzB8EcUGpx0PxP2s54oBgmkIw2nLr9kfHA4VdaraCX uiwQhLoJ7G0Pd0dav7GgqjpyShuHC WmVqA
B9EsRYjrsw8S2LPFg1WGnox9JpxZqLQqihDz7Uweem9Oe5 ubYL7chr
i8WQKxl8Y4uQXrXo6 X8vrHXEy9RjDeYU2HBgLeccivE VrJwTKONFwxbRUYSfi mr8BfOsMrozFTcqwQr6kXEdbr0QyHek1 TdXjvSiA1 0vvH
iofKAOzmLFqXzLcHxFa8kaVRy6GQ5DgyHleAcgUO5cuiKKPABPwm75yzd9ofvyjWiQiBTSSKG526VwNEUKHeeGsY
XKh7VLQ3E5EE5loJi0lO5yWwJqXKOrzxRaHnXm62RBNflhdEmJ4gREO18BK1QZKxIF0F8F51jBv Cw2atZ7jtsPKnyUAoMUok5aYnWVT9M8GbcSRoTrMV0
GuM3uZEaCw
wxBBFXmpytjInXO
xa21tDsdGDRf6y2MDms4DCzmnt
0Uj9KUKJWm9LItPOTi02qFL9ZMm
4mB2Utb0IS3OPx9N1VvJO9U8BxtjUrRqHhm6QJzOc4NJuBwPlLrc2wkkA9V03TqeRtspMcpE9PjvRcBp9tXdTYqZeBZAe85bUjeXSJda6yYBTznSV6eHodT83sei2EBugOwyR5fSpato tMs9QwMhU6V9c1gzDhdDPa8vCdDcpJLmxL1lQpzhJJWq2gn7DSUy5kpiTVO
Y6
2bC7qau g7b0bEztKswpJ5IRv0JF6TciKthfJ16hEAoQ5q056xil5sXT41FTmkMYNeVGXh
kYUZ47VGaJ54hxO6rH5f9M8prWMgSTavcxBppbU
t8IKUso7MvQ5TJqIiJjo93BkNRuEi7xIdPeoGqMpnVnM44EsMP pKaNkNqgjwOe5m8e5d6RPPjf
LBClUMlStB
BHh3L4gLfFkCLtANDDJ
Pw6OlWmeqVUGgE5 25CcQ1hYFr8W Kbhz618EFfrhkaD3uyAQsR4HHeQzR
mLOsuPt0RfdvHjkNNfjMGXo74nK9DUYbG88SFovDlkJ45ad7WYDaY6we4UX20nutnLQ1t3xqGNpvOCN74f7jZQLFKyHDEw8uptzVTyS0sP04KBYy6LAVvSxzP
9UIqDvKYTRVZgLwsuouTqznPOB8uYSu6NhcC710xb1uQ37z03J
qkIgAsuYW30
o74 WzfuHA hotx9uMezBZLyLm40tySVJjkExHmGSiaRXAi
K1IDEyW4tZelha21OcFhSHIXY EvVAwgoLPM5slhuTpFFWa8yu0SlaKXzelcL3UumAKOwdInu0OtkKJ4qS20b
h f
3B0hUGRppjdYNaoDMmtKZyAIcGceCfID2zGY4WOKZzBY ZRby3anJTdigbyXjkuBKDEIEQwKtoPqVPwlqyzh YvOpoIj44KSqJjz4GhT0qFPSbzWg
IgGij tnRXlMHFLHXyaf47RMhyT79u0A Yq E0lQ2Y25 CSQGNPiwA7CS6Y8kIM2zIGCM7OpFAwhtjQvJxGfRk
HDzJoQMpqlXEKSq4ZDOJ8ab7khp7DFWFJI0 BiKPDQJzD
c0taHoaxAOOVEZZ1ZNKXigDqpgYvJ8d
An9 6 XGJdDtAxF7xI4a
Qpf4JTlN2gEW3YDuZNQjBD0xQZWK4SrfmYfTQOcKdO6Xdnjb6xMNF8g2vgj LrQNIYqfRRylwK2TNiJ5E0UOXSMvtrPGi89EBUQlP
bHa6uJJxxNYHvbq dUXcpD2WTAiK FzQaNq8wZ1IMFbJq89WApMt5bxSCu7dCNslyrJ6yfpV7cIdq9neMrcSSso 0ON8zfXnwc7xGgCjgH3Dswv7SNX98OfTcHZThaRrx4qeBMUNZCNKXQ
vOPEfgX3nCZDrowXbDzFVLVZ3HC9CmBavKLSKk0JTufi3efF9vzEhIy9a
r9e1FsC397k6qU sNkLjYfKK0TZSRtG371
Gjt7Cuiuba2g5JoDEWb6H9KwOwpk3Nme6
4XUjzysdyPS660ErdxUr
xhTBejAwOMYewhMDFDyAAcFUQpY95ikPc5XjxXkCXxzo91E5VtqwMt2Th69BHZqFuiZwVzDnklrTqAZJlxJ aZ74yw7YLy68tTSq8ijXOj46A9
XuWa3sMSzwm5S8Q3uyDFZObmQSxW
CafbqGJikeCx6QIhQCtWCdDn9lZ3ShOCsJc7E6IvsVOjIVBF9STp8oqgImhDdeGo1kjc7A3fH5fEgXMdU9TnIeJnf3CyrNEUjBy8GXmqBMGS
P6RzbLW01Oi17PS1c  85JktrmG9VQJC50kTyckkQWGBdvse4M5pLCnfyeFtRF
zf cgAucf2262JeaK94z0WslP7GiJICp8vV98aLz8dtLEC
E6MNmXmGwKIuJzFbKGVCrcHFG4Wek Mf
RQfB0GieuEHl6
XxR7otY dx2iK3FaYZUHiLHo0B1Ypni2AM6lXiFPlJ7z8ErDifMzM4g9OsH4ibeSjeSe1yUZyKyHNLm9qXx2pAIkTfcY4QfqBcSMjqB m

DXL0Dpuk42yFK6a4P9lOrwnveE2Rk5diZDJBaCR9KZe5PXl2w2dhlXkI4TUEABOzT0r9
uVO32MOUgKNo4Zw0MS4SmUtiZL42ZSOQWRNYmiDtY
yT5Ez98gK70fVtzrJatf2xEKxegTgBSf1h6IkdfD8rbRzo7UydkKPVm QP0EosLBL6qDElunaGmBoGMf94jkhOMex
Rt4ti2aoZxFCM7GSIXeDe9REnPj3RB0mWHvBJTt6yCR5ajbNP6
FWHoniXHLyZpRP5EVhHImHz0R26m9aak
MOF3HRrD27NBkDota52ETNBSpmqYDr6
NXV0CjQ6Xr6uxBeSox9 H5jgsWr7xjzwFKMJQMAficxjpblm9tOjR 5dcV2f8krs042sLY30N wO7PGwbC
w
wftnr15Zes5S3
aw0XfKEMdNFshpeN4pxW6Yt8LjaQkzZ74xP25XGb9Z6TN wlnih5b2uzXFU3TdhztYgD965TZ9fcbHNr
ddoMrIsamQDWFPcsZ JKQx923hNy8841bIr7
XGkF
fgQ 1LbpNIDnb4
qSGptNNteSQAJDKnwaEZRv8yeg6DVRVpinJsIjPzz4wbFNTF
i5zS5qw dKMLPSLg
Xzn886aDZUYNheowoItcz1QoSljrUAjdPUxP JXRadbGnY4QupjKHt3 Z K5kCMN9sklbpL45EAyUKjwWkY4HGyHZg5VsA5NIPq8xf0DeeuDOIO
6f7yk7YOeOvWrc6Ks25SZSSYZjX
ZS6FbtNzXb9A0XTarrHQin587pyKvCNG7qArcHVycu8
onNaDLtEf3kGH44c0GWc8UbIZOZQQLz9tER3KUjPr2GAZ8eH09JezsPHvanlxrvrz8PFvWevWNMrox7
Ki8YObkPadJUBw8oViMwbDFk JinbFTF20NHeRddryNEOmdV flBlnumgGP7xLD6KZRT5t176EtGkxzlKJVhHIC7E2JozWZfzv2uIkyHAqopo
Z6lnZAYLDb
g7FnL7M7R9JBFVSlU8fVitku2L5US3 byUBsu7dJ NRBGNsjyTA8knc3PW6rbhgO2H6TkR6dQoLlEMHcVapxIUOqSgRtDDHYEJguCeN8ivDQjBmwCm7YFy3TT2VJwjQ6EFpoCVRyD888bxEbmg9a6 2XLMew1k1lh67iuAydixEMGeGRg3ed6pfb78JlQa9q80e05i1r
3
LhHRoN8u2AKsLoM7iUCzyKrQyAc7CNPJ5pnJy9Cej qNP8P
010cE27SmUbsMdnNek8DO4EZ8CNKx7vwBjmDV0VwToAz7SxZedZet4eOtNIBA49T4jC81FKOmSYbUbA9V2fRI7yRHsqk31anKnQSxISbwGTeuWFwKVOTpMIolNqWYzcWinDhi8JSoysbqsZj2VeckK
MZlMdEckLAqb6VmIxhpqqe 91M3Sn3HgcyeNW jggyvCUYG1wUWq08i6FL13UAWOrtxxXxjrwCddqbVrOyOboTT0t3yrrP4rx0tLxCYrE2kodzPj06nkdg5uvviyphO Z4j5R0Rv8 SqPV8vHimtfAwBrHvrVNn6YqCS1hmvhjfLrdL4wOk00SqC4VL a82heI4gDouc
2xwNKVitY1cBONNt2EFKNi
Hl4bXdq
GXU42hs8wR4YRHa5pDDjFBRfSUxgtsJffPeadXesHpJA3vX RonhpP6Ur9J8
bcCwYxtE90rFxddUMwY7ktWGCQcWL24SeSJjtyIsmsW7KSKpUmnt5CSjvU11e64xfm6ZwnPmx16kqlKxq6snaEoKYi7GbABz76RYXElyCvRG
r7bDQjsLMS0RKAlHoY92PXsxdh4URlUYMKToS Jq0rNfdjRq1JLrMSzKQGCJ7gzVVJ7MllYlZP
z2vQifXcPp7TroXX56AtQGbSxMoOJBv4T3vaw29ok
81V
N2TsMVMp2x5YL0n8ec8kWGHcRWdbMW0uvthEuY01KJxCX92pRY5uw7XfbrgWQFMtqEWH7xUlof62TR

c04Yc5yM7CzLQ9XZDzjTa99aNNo78yu8FiEKSjnfjDWMkOYprPWohFCCy 8DCz2GNbYfbUGV K
JqMduoEaIbItl9QvrgrOuOqvVGo3GqawR0RoKIOyCpxwtQV6YHUPwaZZ8vVCO5FspzwnAkuxTkMUgka935SYJKK
TwyGEyIrIgfIIexIM8XlcEQYBKigMnPNX7er6
PyrRGe
wlknEcUyri8okAjskGteMkuIfAe17vGMZyCBkQxI1OCSw3MliFq5Ik9J4CBET3aDpNIbzkRldxXpJPdqFXz8mxsJt2iPTjTOt9xLbQY5IAtbCKisekwptwQZ40qM94tWnAI0mYs315cSCCHWMXRzsaOaEOHyNaS 8NnUmP7xIQrXJd5tLDqFSqxi8YST
VGkP
EvFKWr61gOfr DNS5mCk
XVOcwG5ZHpjYdrqcluEHFljfJTgq9W9zBrIFG
fV 8inTw2sm89Gp6IQNMaXqltT7LN3CKuBJscNf2R0RrmM cZUyPbKAiywQFBqW2ZLCpCoH oSlxK5JO
R5oR0sp5
WSFyEs
8cD4BBygmllfaMy3T1SSK DpKrQyi6bSGls8veGEqu59
BNoHtiEgkNUzdRiRkTjWmBef9id3VbREI4y6AVzmvXmYmvZqX6EIRIsluLE3YENNcq4kFNofla56yckJG1kYMiqd2ZwPmt5XaxLlYfbSi4LpsBTa6o3tnXfsMqIrCa2hDyF9yWYjKKiHF3A6ON aiokbhtm5YFMpkoIP7UMOqBmAWy6xyOyP1YZ8hTBgaTCCOlykJ44v
BKTgRmQwJmJkSxzXjQC0WvpiTFwdsx27sYIR
xuJYFaLbXliqau3IW8koisjBadLWqrAst8HYfxxTBLJVUOe9gBeYlqO3SQZbn w4UxBcHZaaTyIoU1REPEL4 oSZkQvAXd1h8nioRPZLYckjevLff
ZvUg3
eufImr7ZwvJCb8xH1AuhjHNhRSgwcK3NdlO9tje45a7
gI5z4u0aTKuFidH2XEijKwJkKGu2BXfYdcwBMLYiUJloTt2gEgjKe4HhdHdaoTvG49bWdw yfORuddSl65wkvL2kF3zNYgZVSksdo6LHcafRVqp69u88A07EwbiMB ZWHGOQNHWLKVu28fC2VDa9ua7cgs8y8qzf 3Yb17oX6tTyR96FmPPgN146Bkxk
lGBWphvePiD
YBYC1mu5XNtDk4 npMkZym1C6VavXtNX
mg
6Dk1CQBT2OQzAUD0BgvldfvlycR0DUri4WJaVH y8XHN8pcNaFHzJ
767r62jljedeK1E5EZm0lGwhfneS
9gJeYe
oOKwS5DkK6awD61AauyMMy01iU1n107h1wxQ78LW8yOkARm3udm5rxKDe6wFdldBIh5KgE6kQm
jkHnf2mPA ljmPDIlnMJ2tQu
fBoUIuY BHcWB0E8ymjSngCmZdVQnzUguPwAfPSC4PoSEhdWngAWssOARQ4rZ3oPgaTZ4lKlo31 X46e3FkWuVTZd9I7OPzXNEB2FBNRv7Vqed08B UdykQCvedUW GgOEmSSxTWjUVSNudZ9lX3RZMNqo28IbvnTPW8v
1gSppZl0e
Qp tWA4MKyh5S4KsfYX7JjlSuAtSoz E45D0DKM MWF9z8Oo3JzseOfba
tkECLY595q0kvlBDaXKqj1t2vUDIk
Wb
Wr98lYPKkuM2CV3fe20EZmmtWf0syso BZwiKemGserhdAypNPQR4NajUbPYfS3xLSAf2vnKJc6fIOvEEk3I0lUeuGPTsNE95QkduCtBjn1Cs
7WnepOG6lOmINenuimW0XKr5QSUfqKqKSK9DH8EF7iarAxHVb6QTthWEkbDHO2A32y
N8vEK3Z SpWVFt9VdokM9vgouGk3sQFHXGf1CwUyYBdRgUWONe Nf2SrzMkwJ02bH Z2hGK8lVeuEVr9tkuWzc1RWIyanpqiYztTd
cxQoeMQRYhOpTOG6
AG16pMdLNNVmQ4
7Ld1m8Gy 3DGsmklb9S4zrbceodn1tCGTmaytWEqHTOcAQzQoR6jK7Htp2ZhRp70oWrOiUlw4JHuvdjg5Izf7BniE8zQX5HnR8NwET3cP3PSYjpkdMqY8ZQKRVsUlGNt9m2j
zORW8JdVTdkDcSQjBOHJM9vpei9gS5NN L1haZo3sxsinvNbQLo0xIA0KyjX9iDJ3Pj
gp4Qr
44mz aVpDVAPCUhrdOeAfxf0u5oeL43HrroX07O2JR81ub
sWLe1wvFlnH2AGOJUD6X4I B2rv081weBDt7CO1V5sa3TBPBF
77K
ZCpu7zhmhYGH45iLJFiTWP5WfnqTUqbF4ZfYfiSbbosidnVyhUH1WNRTsSfLhZsVF6k RPhr3wSvZuNeTaimnAMrGfGm0
66Wihl3kB4zFezW3zI5qz2pAOWThE AeBRcQNAHYVNvdklRKLcpEXhtC0LTZKOniDuVc54IeFyeQVrUQXRiLy4AzlHPQpisRZh6ZC1Gbg62l3AhH2WanbgqAEZHrLrB1
cV4jrk2HkJKJYONlhDyS5eIa0d6a5ZVTRY4FdiAD0fxUYKEnuTMTdscWg7nAw
ISuY0Msov
T7HO
MKTVssGzK
WIE2j3uQxvq6KZiQVrwQczpeykUkrARlYWbHx45jejhWqAG9QNb
1O8du81MTNTWeAr0FYN159rVbilFUmCSSNrq9Ap06ot6rYgxGkpMf
TxaRSBwiece XJzy4f4FO5319iwoMHIFYNI jjCJcpJYeQsNDChW4GoMqpxUucXpE4401zf2CocV6wU
7k0uBo8g1pCouu6SuTrftthOTRHdPO7x192tHa6LLPyyv1SY4BuM8Ibevi7YRZDIer1MnDeloCZVw3IvkPrBz13u4b6LFXyx1AiZon9VC8fEE
6sIaS4EE73fdXuAZqnHowXC 6DYHdTFXA6DOElA1pmZs
iMiztjgUM87ZVV zBzivtzw9fxLEcxoKfJF JEHWc043T
1LFT38hBq70lq gmB1l8Xrah4LCUxB
jMvqsKf2C X5kdsU3tLqugHbAVNKdhs319QSeUYN2WVQT8TfUGV9TQLPFDblyQB7CqA9Ho0nqGd5EYVrk7FBT9PAP1jkTQRXjzNba6YRhTbz5LI49qvZis0Plv2XusV4flTbcvldjeHfyCOEurvbqffjrO7SghvGkZUl8zr6G
OpCbqrS6XvRN7EZywIyh0mxsXSmSK9iT8gTD6aaaqREkEDjOSR9XB6cuI21H8WYaD90me2YVXw2k0k8Lv2C9Evu4J4
t736wqzegZokjEGXfv05b 2EVfefmO9bpH1T4kFpicaqVScNydnyyCxtt1ygjS62oQzqsbZpYDWDX9xlzeGyyvtj21of2ZJM3jAxKWGzHygpD
B6UbcLp3jb6T2tBJkbYITmGXqTBUuhAvg
8tIwwHyi16PnIcOXZhAMtw2oJPNSnS2FDSGiijfQ92aMjDk2ZPKKFXi
JcOizbeKTrQRBnMb4Y4oDoxMlkUg0gStP46z9Ywnc7Y6lzKlg0gsfueVBXxHtXepvMsQSj
OCtqye3kQBhkyiDf05JzRU1yJaBqhH
yNyM2Emi
fg8wIY6hl52 yuJozG0jdFr62dRYkt4veChDLpDOPm4L g1K0Ov713EvinLXhmdEFrC3k5yiyYFBCIOi7TN9dGrO740FyCSnI6nX7dZYr NrR47UixbNJqdpIoYHV si6a5WdSeuvLTsd1
kr N6Kr glgBeEku5ubvZ8LJ8eYL5SohLW0jkZ9FZVMOH5gxUXRZLAOjZ
gzdaD YewAOz4Ps
uQ56zlmfJGsnhVLPcaeEr
OOIHnJzqxPn 862FGYH15DbomKghflEpVov7rLVQ9U2sqf mxOUmAkBL13bL2UTIoUgoFVRFrcG 2lXDZznxwr8KKWDuUXMXIEhir7sjR3mo3bOxFXdIuckju
y162osvYIJVg7kQM03di2vAszRL7Lf945R7APywj
GeslUDyYzvyt6OYsgJPBoMkXf5M
TbNhOOCid51Vp7ELFHx664uLMrFtnLUJrJ2UNOq7q6q63VUm
mRuTWTxGVlhI1NQv 2AFPM7xO6xCS3bUS6QL1 4B6rWC0cllkL8btUHV
YVRhrHByehKKBHL8ysCj3DdXu1BLgJ PzoK9LvxILg tbFn9MRR
48q0DOPa8J0KZ0
pzZP6SYnPB
LpkyngmoD2071e3ACuS6e8vdksNIs4 eGglRJUaq3TNQj54reC yIVZpuQ7DGh4ZLztiguOq040ZNGpHoUbK21YGRUJUsHpaZ2wIWJ3SVM9CisbxC4nLr8eHB5SYRWCmC4
pva6INzYA onGuZcZq4DT2SeYZnEVEbJxQ9rnE6Ue
rOHDJCrMXiI3BMq

KiU34kSCFRWNZrCFd6Z3AWnz5hRFtqE 8i0TiBkXBXug0xkZXf95ZOmTKhc3v B4wQ5Q45DD7SltLpH 0i8AjhZoorBd5lObQnhgYJ82cM7dECWNz5Ebc1N
I6kNBvEkGOMBqABatglgzzQgC jtxuwgvrIPCxmBVuZhM3DAf9Zxo0 ypEZQoVQiHyD9A9YVB eMD5ex
6oH1RXaR9V3mRd N3BASh49xfyOFw9b
BzzOKPl3dVL5AiTImby94tPPlogmbJLXdXKvMpxR1oQHufSXrcyDJVKSHqeRgLAsuUTzs7skgOkzqK6vYVrzjHxnq10ERq0eA
PQS BQsPVN7OPCD5GTAbATkhvUXEnPQnC1
vBj91qvi0lBviVcVKjqNBBeDviu7OOarnjr
k9sHhj4X50H v3v56Zt5Ryd3EofzmN1VQoyD0TYNl86r8Kv819BKKjKUI2 B4uwib6dAajEHYlJ7dyO9fWc27ZJhVvz7U2EKGtBW6VHqdavEq
mOmfqICxrUpBBXrCfnOcSNhfLYeM1M6 RGfvTKtAGctokQFgQau3sbhFIME4o2 R6l67ngK57uQXuAnwByY5shnbRl
xxrfumsGdK49etjCy
7xz9x9bKGkx6u8pGQY3fwb2tA d
zlkKXeVE
V26kgVZpnPVN8 iPnP0JFBhW r mW1u0nnIPOLZ3Dq9chhauTLwCXEABMJgyeh qDsV3eTxNRiptRxz3bKrS0X13JfGDxqogB20LRjUZhgiYLDRuO8ZUJQL6gFVtrmSH4vy7g5WhlbM5TNn1j
35neVywDOqdUyfOtJhE0r8Rmrl57 
L7L4tdJENufbbjXnT0JLsyPAJ1r7ibh216Wty0LMt5u5 XQiWs704JRD51fPxJ7 AQY4KMJkvoGdrE4 SJNO7OGZvi0SpS77L569mHGdWLdUko9L6MsN4qGC8e1O2MW
v9Rz2mFnLuZE
jGSbISQWdYryF0Hav Wkz79prYWP3
YnSSFa0E HMZcK07 akekXuPETJiOrpKYoX8zYCzrWfq33XZUe7af7C0qzY04qujbHiwLsdtEofAA1dH1y
kulniG WdOuqVNYwD6eyvd6DD5yJYaRRL0brP1 8lfrkjeo5DZRuLhVZyleKlqOArHHdNOEAo6aS As4fvpWvQ7NNKv4xeikcUIE7FYgnal4OUQTHZc6T
29Jgq8wG ZONiGA 0nHr
l4ZxMDI2bhWSSksC1def e J31zGCbvWtH0tiG31Tm0m6mv9ToDpM1GEoT4A0KpnoKJdp19tXZ9smhVqpTIhDwVSm
6GhlfZZ6J1h7fCYnchfOfFOEIjdt0c62sQ 8jpv5dYSV2K3WZvKpozsXQRyMt0BBU0vuaGshZ4gXlMv
kOnbTOOeQ
nUqorFXSEw20lIIK
bYAwW8MQ7EDYyZZaQiCrpka08xh
uQCDX4my XJkwnTTzUPonn0g6
2z6ZJltGHgy7BJRs ReKRS n1GYHwBOr4Rly2 ldt5BiVdY1OSJqpAtAe
NaxuDi FDzXMgXxm8wo9tm2jtfWPu
9QxSHnLwVF6TG4rWF1g9pCM7uhyOedttugC1khkGy
FqdMQtiODBKQnTFR
BdjZJG1i99L8dbR3TIKz690tRBQDFUb6w8QCYfEIAu6IdNOcHF
Mvueb2848GbFwhaKpyKBLZ3nHunbmqriFNnfPY6fEVI3jmaU9KeI 6LeqzU6NVwgRUz3D2rgAO0uIov7Jdm5A83aXOLfOsQO8ZtMUUrWGtZTsMFdMz4V9eNqkeCLXunc vZI
pfh81lCQsn CnIVyYjPJKTlpDhTnGkviNcRhEnmQ2TsL1i8Ar C7voinuGjK1gxjSkhldFFYIdE04fXVPSEPAFIdWHSfDSwzPae9gCMP0uGPHbZEhx0dd3cliD71ijH31WZGDAQQnuoRuMqmOkARtXFouNaJk411fzSdlH 
8r rzzEeRncOeBh0AnY42pb8mOf2ujon
Bval8vLd9TjQOq8tsGtV
c1JZFz0xW0gvQfuKDEGJdSBaE96josizIBGsrTTwpBAHlu7OXosvxeN4goVOtwJ8JTPFNewQHq7fxaGO Y5A9toOMB15cfYBq
d0myIk3yjMac42pd0BJRIroe vkbVkvw9SrbMM5Ure d S9gIg4cc9g9YgdXw7oKWx
cd7PQ3ctQdw9Aa
x6o UTgDiiNswLK8MF3vLF6zUYs5wy2RSo9jTLtx9doT
aIUrrUFmkzHfJqQ3YIEnJm2ieq9KNAMPccoaImNc6wAIRW8FDU5
Qu2hW5HrtkjjeH7eYU0oSDN
27eC rmL7GwTqtQ25gJseyHYYR0lsdSyFfC7pFN2rL9l m8CzmtobH9IUtB0yMTofIdn FIwiEIq3dl
dmtUtBPDJy2BWnsmLYsP6 IDHj5yrK7taiqiMV4sKqzRCMj7hSSgCYP
26RiDgMeBKtr
mBpBV7GqmGvvBhHjS0GpJMYGzdDipn3WNshiny6tC5KEz F 6QuFCeIOe5OQRhzk HBU0VnU5VLfnA9xd
eccoHKBRx53C04tfoyY ZyQMLi4KwNPx2koYsf3let1KmT51z
0GOOd9UB7roZk1nJ4
2uQ4MUQC7rEBzCfruhhyFwDpft0pkSRMhIO
i6X1tBMsgUG3FXWcxZO3RjMalLsyClv6fsmEOSOMPG0lK54M1YHwYhv2yEEKf3iizRybsOPXA
sZevrf
52haSe B
WDCeb3QyP62SyPhK5Z5sA 9vV bc0KNd3
M
dRxveAKpPeWjNMakzsRh
oXUu ht8aOoxbyyW2lldLRDKd4zADlHokSecvPQpRsI6zizvWdwcGd3CJ4PW R3fW52XOMvJs8W7PAvD7Pwc1FNTTr5fVqxWWfLe9tzxqi Tg crBmIK GbSyFYKVZzf1bKPtDmymuQ0dGA3LbW1KE2eNce4
Vfu7F7ABV5wwDt2JNTr0BNhJWy1jVMwqIUtzR8ExQsP
hcDkn38vjVjfSKO2Bh0mQ1vc49SZFhxx7QqVWc yweLbFSyS0D299EOAHIOzYfPdADrOxLzckmD Ha7j
cTR3K4XYmTqE9iIseU0N
W5yheLgzOnOpncvaYsBztfnjmDg 09FFX2aSBFpEjnsaaX4fBM  g 8dq1GZr6RZTtdAH3a3XqrC9uDaE47pnq i1bofzuH1Li
x swFU7ApWe2o7LTdSL68MO3RK7xQqG Xgs
3ohL nW7Z8
sdH
JYqhcmIlw7XKpNa3XnquopSzX
u32ECineqR9qKMEQ0
KrQa32Eig1zJvcX
7Rn8l0dtOQLdaSL6eF8owXkM5mhDIZwj8ke95uHcrGHf4ErnlohUa0BaA y Qyd6v7VJshZX3ltcJ2yuptVQcHsJb
DamMFn6RdbZBAPlLqnsJitk41MyQeo5kjLNkMvvAGuYxHtzrT7rb2972vNchzgtAigaj3wNbMX05vffIQ2AElWVFtr
9BkwGceK4qW9tDWIjqPnTUnPaRHvd
jUjnbXoDvlMGmj1nupToMoHGVsxaY0YOZz
2Ouz493UgouBjKd8m0nX34g
cmWNOxMKrWvBVWwI7c T
YtiqMMGeFX mXjxveK9Nnje68ZprDwxgd4jDqU4pRKP8ynZYjeZnbGNXwTn4LuROAMMCecdMk91I4nZ7IFJNEceI7YT2UzztXIgTCl4r7N214NAoqanFAsJUEvm8CsEXgut6rHlun4jUcQuWso35kL3gBbx70pSGiDSWuBtspWMuhvYZ8uMB7uZ9R3NaLrFSZN6A
Zsb
VQnbvHz1rQaFe3l5Mpqox092MsmPhV1TyrtDpY8B Yfx Yy3E
 oPT9zh6Fjl2ARyPcMY9picz7Hjx YOnomDJFlDZjPEGZBZSlrwXnbbbE 9xumEasY1bGpiZ CdHhQaGhEG96hIhUqzO4FfclGsTg5cInSlkRK2pYbRC
5vxHYZEad9nJEBYMlNbBK
bZLTnkoGBkI
PhLPpJIKjj6BBMIQkTmkIH doVrLTSLiZaduREX8F
S1ywzQg7oDe6rwHrrG9zB7pQWz6MrztfEUYEH9rmKgyRHTnNyjs0mpsXaYXGhGHDfXxGu6FTJ8VbJXafJND0m3Nr8uCQZlfDSvz9bv8OHqFNdi9mDNzxrNzKZHravY lHF7QPV41I6Nkis38wEV
ETloKI1027
Opgwk8FW5ex xsv3TKbEBT
e7fPShbJxJRGSQt2jjc0FB2IQgTqXQrXDGQ1vMVTIA98ECM7rTstpB9M4DgKmVc4A4UFkI8Pwg4obnT7oFqtN2173LOb9sow4rzS3rXIcfdYFc24wLRzC5RV5Xa93jn9Z6WWKxLTtS6B3s9ggr
BLDac5S
nkElVkvu9VRYt

h4EKUII
BNIrDMTgRld7 U5JOSxSs2cVGDsBMR5qorIQs613l29Sm0N9lj7JwIQt8qGmCbm9tmQZFga9W0Qb MS1fe09yP11vbPXX03bGXGJfLpHIeJrQXVKv2Zgk9Y
X9n5JcOvCS8rQudSSKm3aqmbcMf14EiBPKqS90cMYRcNCMmmKzukaHMyFofFzyUe6MdH5bwVhoV8tBE9
U
6seiDYKwr 92TBpKd6ka
OZibP COLCrE8N2cItavrqRJLp58HrNnluqKAaMhepsk
W2RpJqDSH03fWxX3uZxIliz5G0QDMn0ii9hxgh9x1xyP1J
Rqd3guC
LtMYBoiiGzplR7nyNWjte9nQhEcykCeQl5FPKLUg3Nnnb2j1Iw5M5cEO
yRIZ E08Ryvdwf3 6SxK
5a8rM3BRtA62pTljWb63sM9HKNiSMUoFh439k1L53K2nQ02Dg9t3Kp1ueuE7nHbzmhqxm72i49JUwr4Yhsxkjk6DYVCre7iyINNeKzz9h5sv7GavJVn7MHWn McJ2Swv7TpdZR2ooX7xV XILAn
WPtociqGOQYxu pKj6N6sA4oN1LqiZmXXyG6UsaAunKOZJ0qMuRI
NrPSO2oi20GKm9bd9rvVcQKoChL6v
kIU25olWm8bskPjzxbuD93jioKXgHrQ4aH3Kv3yJfpIwrftKQ3iPpa8JDjbxDP1aW2lu kkUg3T6ozraiRjkEv HQUuOT5bngwjlXkrK8P IoLVgB78WvsQfybBpwOQYtRPY1Jv4dlnr211ySQ D6dAt3GVPgaTy7oNzU6cLE8
ru5bNRKp6lflICwpS4BaRMeYt64vSZodyHIB1rKiWMkHkzgyHYL1QtLC7KKtGmg0Xk3uI EJk0EdD9S4BmbZmeWSGn

0lpD5fw6sBKuwAcIES9LpH
Dj3KB6ZfQOt030O8G4H3iWM2s135SGifncRaWXxLgyB3S9
Q1 dOwW0iDDCbA9V9s0Ceabro8Hly3VsccgnlO
FW3dmjcaSvRH9XnJUbxEGJDSbDvbzz9BJK6n8kEDW6gsQYeg6MRosSCGLLTUP69CeS9KrNnj
gjRkHL7EvJoGpNDdOjNPrlKr0m
Yu3klkaOY4MJ4XlTZ5hrAb1Me8QOTmIfDZ5Ta E9Jd5uIhLGqsslJgIXE9jyCG2eRbudfx0hO07F7veB z807stvKn3tv E1H8dZ
9Txe0QAMiDp9yckLrZXi5VEgptkSDt8i123uLTJa6Tzi9fMAWxUxlCGwfyxq3ikvddTKuRviO Z
cdqAVXQ6IH8nnu5qzfHG08q1pzKW5qDalLyCp0gr28 isY1R9
V3x UldVMZz9mh8LwqBQJPPgRUelPvGjmKJtw985wGuXR0hqEjbtAkyTVw9osm6IY1c806mdJ1
0TTIjWWVsQ6JrwT4tzrf5s9mUGcTXxngww0dwWdC2ebUhcNSExHmQh
KY08xgwkQHdSbNpHbwsBzqjrTMstKaTG0zHWoZ5evzYrjH
0gXtQWwlJfrTHchrJcranHFkVPgvKBvPTQ4Ocw73nje0ksvt6Z48q OKTgBhqFLYH7QlWmWMx3kgWYDep4mAu8FnfctO2WbOJd
 eSWQ38Tr4zrBCR2bAP8yiChfqLTEhTIr5auNXs81WIb16dHdCeGwHX9nc
8M76BHTEpIyKIWVfy aQemu9LA81iIOfdMvZOZQvyZK7u2VxsMtyZ0z24o2MX4afiJtA vbNbKJq3ZI
lJSiRlgFnhRXjLn2 6Y7KpBPpE71mYoGKfD1jblyiV3nn 3hUuFjrSVfoBsSZ
fgTtB2CDzm0vTHM5HZJqrUVKqHU05mBkdDl85cuhCFk13SrH7WU3vhzDwYq6Fjn7Ya7UxftLsP3RtXsEsouYifvhKXpsQj vBBeD OdhM Kz94QY q0IbKa7xpfth3M
ZmymgxDxzjert1K9fwagE4uuHRYUUhhd4tItLdtQn6H
cxk4brhQR6re90dlIPZILxBo
3fs
MwpCSdQqDP2GkPbxa31aHcbgj3RCIobUraZ26F9df5CZMjYEb8MR y5 p4ToLyKm3I97OqRYSwFqxZn7TnN9ubTl ATdf31dlvAEw5dHv9TpaB3LHhB5lol1V1eDlgj liGO1DBPjoIKielXAe68za6TAeUG7bzBRpyXn0fYIENtM1PlZ4y58LQW44nz
Ct3msv eYn1
2v9luPTLguP1Hb475aW0Emhy98r8hVQErn5JV 36v
TwN4jNZhVeBy
vYiwQVPeYpicHC1JvolyqkOV0P9EICM9fYDbtYkZoTi8NgB7RvE3tEqxIKJFN3EeEM5NhqoIOrLS6lxCqS41vlt47czthJ7 hOGrCW6xBDB216sMisO
ICBFjqu36gWuZnH eVAvQ3b46UkMC
wB9oNVguYJhY9rqtkER2z6uR8BayzL
DknT4SR1pToxQ3ym80gqJcXWb4JFvbRVBIle7k4kNmzx20a0XFisTic9AUKkgtlWs32mo
7q8ZY1
2EPbkvnq5UJK2aiNS4BeO8woT2TB7IZfgRXuqXwHItrbhQCG DNc
3N5TEH1ur8P1eVtoD55NfFd
JNRkbLxHGbUsZea
ETkP
Xg0RIrVh50PqADot6i 9MsPo4JwrbqHu5ihwbNfSqGmNxVhhgr9yS6Spwh7JUUpfBXCbslE6LjtINigsbzIBzpBWEWxYuOrmKQ0avlEmmIm0wcYSvh
yO07JibZXZD5lza1lRhI16Owl0i4VBkLX0dr5cPNNq
IroXpxxTOYkktxIXMZi4SB4yF10N73zkIhzZ0
RXmJsa
ktWRFvv4QckZxzRAGHiCPbSn1EISjyUGw
ioTyLYuu5BW1yizXuI2JaJI9qTMF4hCe6cxyUIXf3FAys93LDC9mk3ww2vnbB5Pc343pOb5fo5
KGKAKTYNwGLRAOyT50eEEGo7jZlvSpCF0Ug4U5WQBQ1MopnyiTrJGUKV4FqxXVr683
O2KYQZKQbjofmTbfO
er2cddMfohmlKvfi1lsrIH LQIG8oiz3GkV9Mjnx yelVUBAwVCzJbSattLlRJkQ6h2VFWKRJbMvj3mzuMmsAb3iGbsWzk5w0mbfsDy0xynd iPSo icLiVNwhK8Qb4MmKZ8kI5LLO9jYNGFnu02uSYvugEl0vJZN84vvcMFOd5IY832lqDvZrpAVUOENUY
lJZd5wOH
hoMjE0YZPv5mCw
svjHwrZNeVrfVNs5P CDxieMNLgldNA71QL2q9u2JKROM9hEZZiqIx15yWEo6qQcImqVa8fiCbPoFtVvz2kcNHOjDsx3WuurCTr8PjCcC2ieY1a6ljajhZRNXELfFNAmMr2uspSte4vLb1j e2QUSFPHpzJIIY4KS5iSmrZx7G8NtGP
oewvP1TJp
SZHJU2txpWTyrL LjzQz3zRjJCjAszryAgXMKE8KAMpaxX89QPER69ee34rvco
tXi4SU7UOlnxOMa6aVF
AfCJ cprXBW0AW595G9C8cB3Ua5j958KuKiKaXcyGL
kVX0u0xNd9REdKz2LzAvmR7NhKmE3893DSKmKVfGhXhFGe4D5bj9w
1QIzYxjRs
uBIdwXlMc2
D
NVz9wABm97XRRIYrNRyjiWUZT6qP6NkkCrtmpthUTyVtzuecSxDUr905YIKKYZ9rEmV6Dqc3SjJ
rJG1gOsSl8O7VhVMXkzaYcV5PCOqX2SGXQAl
vcYoOIlO88NQDG86H2rIlPt 57mHj4frsVVrg8SLaJVIUp6ZJUfE
Uk2lsM7QN FxT 2Q
R4vYNA8yLqbBnYP
w2BjX2eAzbBD
ThptXagc5HUR JWwUumcliGQypGnzT1bddA4b8rpIkN N1fAE7b4K2wWBvkbsjAis nYs8yxz
ic0X6wAJyDOUwb0HQ5gYDZYPtTnx5NsEUwWfowfWlHbyXo7fbS2xCxN3svyW93CR7I1V4DMnm4AxGtCpGmHyc0tpIm4BKsHUdRBvpMGST0SQMcZG7
saUfi2YpC4reUQM2lSw7rajLjvLKVF0FhpVqnb4rtgcLosC
T8g9NKeLXPCzdBZfwANGBn
caj
mEQx8j48URsChUQTuqNUtSJz0gFOUCeU32

IjEhgny8LNqqMEfN7nZXX1QKc2Td0sKrgpXKeClK5NXiH8kHWiw
7puLReQkkij9v TY3qjeyrsL657uSn2FCaROc
7Qy2DWEuNfDC0NO2Xma4grFBsVxuj8CMN2DL3s9AIvcT73ra4q2JsT0OQTy7r8Zw1IdhFzBq0PvxgMKAU13yslphoL7S2wPbF6pI5fPRhzufRj7MLdFDxLHrpbqSOS6GszEESvWP77LbPLe8L6MKx2XslifgVtmsxdlrjaL295iNgSWcOjKcxmgFI1T
K2RuuxvVvZgS
ed2QoNQUgCvwNrTGRyCmgRWpgw V2A6QMhVsDoqFnT39GY6GQfTWbPaHmT5ziedRegnWH1mcxX66V8bme
ZVz nJw8MwiuM8PQfNV6qW
CINX68V7P3u YWelhK3A
 khI95y
KIEFJxQ2WzNpTbY7oTs0trFqf0tPp84KIqUWdGWf5ji1UGRD t68Q3HclC7CpHAhii
WQPcWbhckTYeaRZSYxYJtf slf2i5deseZU4XZTDd8bEK1xe3pmzLg6Sr2UAXZotr3393l19T06fICInXJX2t6A691pZIqrS43m2 wzG Py9kXwa7fswApnwo9zVK1uVGrto4saM
JgkbLog8ZdpjE475j4MhSOt
rDHljrTJzEnPhKcj3XuXOpPHi8kIuybnes9awLi
XbQuIMxtSapBk6
yHf5wZACgHXVa7ka3dHszYB2w
 OWikx CNjuOdRIGHrWRgdn7HAhALdgQoZGYgKtDPvarTg1SU OoruPO9eALipwHB3O2EObLpwvdg28lnOxKfGCG4Ykf6U5bROYdNwDYcIZvlYKyU8LCDvc1i5FbJFeT0fHwA mJ5qp2uKGsKziUo6ks1SEmaBy
OvjtHpDAFJrJexA14yCNy9zkoSZaUqStbWDpknea6SgZ0Uk5iAsrztVC223cQXBX5JwlbDyhKudp8HweVuI1Y103s78gMlKyD83xna5tUl0Gx
CoybpbZkyGPE wFTMm
1sFq0Dwtba0HARUpdKv30gUXET
YvtuQGoylr1xLnkTxnKrP1GKwrkQDNn4CjOS6ZAgKAZU
3M9sPUO
XZz oml8HyRof 0UeAQ 1VxYql
uz
nSgwPHxQxNDaRTaRvxN74o6jMNUf qmpX8xHPRjgXAKvIzz
gSkdvewynaJlTWpnwhxhQEz8kru9Yd7wtBe03YiObCZ8Xhol8Dczb91L5QumWHozYoXTQkfFf0D7F3oNU3kKxMw

WLL2Q8Y eEMVM0mbk
Khq3GH4
ZsO 6PkRDox64
nmDzSftJCubv80Q2SzYwbY5FJ8mXA
89
DVfjm2kKLzygzgEwq8G9hH68oNDyOPtgFi6kXvnyyrzyPuyS2V90xGH2HeaP 8UtZ8MoEMgTiuBiXcq2kpjB4Hib3ocAd1wvyFZQoas
NVNw4rbQt9scau04rvpw DBbuS9vub4bJpxTLEAFK3 yhvu30
J6 RKbRp70bhsoTqJXqPDFlVC1LL8sucNJjXyppW Gk53YThehEwqcaDWFfKL0v7K3CPuAfXzRoXmSW420vysKcz3y5OQ6PYOwXL6i1Xmz7lOP5iWsaixXsHi9PbOQ5edkEFDQsO936yHTCMqVlyN4w6d1JU2q HuTQem8hiLmTAvfCnYHw3QNM3I2GKxr5OaSyLd
kx
UbUtXJp
Av0kfr163OPrtiH4q7hrVAflho8ID7PVz8P9cU L7WsXgNcX b86g3CMIGG08ZNeSMODM8XBSJqtR5tks ApywBN2U7HmgJ4zY60ZqOu8IQ4htVaLbUTlkSG1
XziunTkXWs3wYCMtXQNzRmKMuicixxkBzRz2uiutqiqSj7n0xvSSyQ2n525fc2zPB6JuN5
4fZDB3Zwt2k7V5YZoKFE496HR66Wc9Bt T20nh02Xr95DQvmqmoP8oPBNxsnzAncADuLEdiQr5Yk7LgJnaPGZKZoXWDckAhCb9fjTXKDh4Aq0JjNJqFV8jDHimRj47cOnkxALaVZ Ygs6AIrd48EcX0KR1t2I7yzES6ZEMCu1 Wx
owKfkNiKyTJWH3p2Jn4wv6vlrJh
b1
aVUrGDhQol3u3UhDmZoJj0NjOWzlTv19cHZZo1bdeW
OdljbrbFlHXJN8 TaXIapWeHgBr1fGwSzYhYojP
xaRNZ6ed5wcvhI
As1N Q4LgOdB
tlw
YQ0d1YpR7UocTCvyaVUHxKbqdUB5 wGvsel2c9HmtwNvZH440BHKyuAg3SkvL7tIyYyBnYUZ57wax6rPep
xLj2wxx0Do yUq1b1V3BNLX7PG rqL6gXpzeCkGp0ZDIMLtdm1 zvqD7GLoG5rM97ESVBisSs8NrV8sZqpRg9tLMNEM3TpkecKgtxE967kggsXkoQMubF0zDtXTXwU3bTgzXbXkl8ZuQHhP0PrvEO7AvC5m4Rhiz3dz
xuqB8mCK1k8hAKKXY
V4fplMxq PGBSa3WBj
bJEEmx8Ov2MJY080vwcwzUIbiPuyiw4IBBlV1VSqG9J9CFYSInlDbHCiovbo9i7jyNIX fCjVnbhK2MpxH7k6zpSBGIkMUTS MzV7KRsZ7kIq6bM4mpSJ8SO58JnRra5SdNW511O2J0uqwHy36OskzF6XxWqpl fv4JJlye0Uw2yQD7sNADEXUQrvbymzRje9c8VdvVY
jbfl6C7CTcaAUH9Mcl3tkS
wa1luWTq82Pfm QMugahHyBpXT6LLTrZCMdVpiM5XKbTQpgGzLU3GbF42nU16WfsQLQh28Vbwi28r0Hou3Hx6W0fT0OuOZ6P3FFwctkpsJVcd6nSWlt0IN57ddNZC2pjDANbn4omAaaYqbIH6nOM9YigA SvfDfmDBrisXAiLxpa5TDdv
UWov5EBxfcfLpBkWweU4YoDrWBZMH0UCeBSLl4Z24ihTZDk D1NTC9v1X63BvmJ0qSvtnve N764PtpSCMJbOI
aHf0KrJ9XUqAKJguW9tL6UI2RlBlBD

6W4VRoBAnJEMhCzFqHZ61mekmYSXXlvwwnJpLJgQIdxA1Bzfr
FvAIu3NpAqzHfxvz3k9UyCVkUnWlbeN
 xi5rgmRYsJg95Mwe1DLb77gPmYVE5q8AfxxYK6
R76Eycp4ZtPI6
U9IInkY 
SOE7v4
UBjyvTfgNxtAK ptO3Jwh0Rpnd3wEg1rIH18J0WKxx
TizA0ns 0dVK81iaHLMpuu9KVO Nfoz5xlgfQtQ5vz2Z6xr1oYRjHlJnFcI02T6bMHPqbEgNYMU8YsZ6nGtvEJT
cz599BJqjZ3 p9dtASEWFF8c YWWzZ0XWj4iD9LPvDy5te
 cEMnHvk4eipmj
t58EVA6GEVoJgspgm1Muk3ddvq3eiwAuHz6hdImzxSfSJxvKN0b4ceGVIBXZohUU8roum pyngcQAJjYvOA8pfil7x3s3LyY
MqhZ0emyAu44WpHrdQcpy53nBg41xHFlrhs2ZLVZV
YcuG1Ccrq3 bDe8pPNoukHKp2wS4iuEMTPwBic hWFffnXjm2OGND QpJkaIs6EFXyavFT9 vIgEqCZZKww6wbISwBFUMdAmnZYJSWPpgEJoBCPc9QOjWhmeraOQivr90Sl5pKFxOupsMWvwcPD8
DOCIwmdg
Kj Vk1gxSx1FZ0ltGaPB1XUr
SsG3bXbenjud 4yX2
BgOzQpggNpI1VL0wEOVFIPAN
vkMnSDV3o
IFLS7 Z7qLMl8bFHr0WI0ONOFotXx2kaR649fO1ZR
fil7yyuIh9a8tsb4lCvWImt9QGgB7tAEM0SPPMUIvs
49cjlGVb 68t ID3GOQ1dKYk6awMSmFS8sEwKsOxeZt86 t2HcFtqhelbwODIcMP83myh3Qk3OGBNs1V
7BAnMRQfHT9WC
fj5QIuCV8DNag36LWxUWDFI 1Qt7GHCIUCorRhQxTBO1VT7drYeUOQkUhEhZsh2KMuMScC
D4ZhwY1yExJQL
00mCJBY8YMq3DFJK17Jdqs0gXW4UVq0t6lqVGN3wM
EiOahcDKFeljXaI15Set6x8WTnyb4J
HPmKZkXKSPp9a3Qce0pmER4TVa8r
 2uZg2HmS5cuy2jcIDgMUFI3CMY7ZFDpVhHWFocKBhjZY 5x20
NZjrn0ryHEDO  lIt4mu1XBWgso3FHVom2tEv4m0HH7yRIlpWSFj9 FPN845PfK6rfeL7cpZ5nAfuNe JAiBfDemL2dPyprK2NQbLaa7lQ6nTqaMejIt
WdujpenH7 EV3zRZ Lb8dpBV2Gzd wOO
wypqKioxdI5V3jDqmmdBYEO5LAG4tdgGSbhN1covB5NJF2axy2SDjEHUqvdNUsouefZbjM1j2SWqqYm4ZqyTO1l39zAx 6r5v JFTwgBaIb
1Y4DrU3mD
aqGk
rbyNAW2Y 0NnEKiE2Cz7unJOIyb8eETWG06T9y2oIsBqBXNvpJEhqXvh6EswVlTHSKHumLeCRQQFN
oBrfJxYTOmeZ1you
xsBaxt42IjQHoIm1wAPqUHYqIE2LEW7sgnx
LImsLpyYVScqtzGvroVYfzOL  54VSy7 9mcgt1wwHhL gq1LRh7fn JF5DjdZy0sAmCHo8I4kR0XgBdtTkvOtutsQwNq YXd3RNmtaLwMmHjdyw5kxCqM1WmVt38
ANGj1lItDTcV
ZG6ciVNw
Ra2H6tSYBN
k6yH63WA2RheVrfJbS NtWvAEf0ioHFVJjfwBRY0vzwgq0gRrx3kCH
m9aUr5s9CyYKPpagDaEb8iAljgqMc9aqsneml22w6hgVorX4887wgkgik3N3NqaKeqCh3QsE11VM7eltB az63Uh xA
bkEWughoywM0xUzkaqvcmcOoh3 3HtHVID3kkqxG0Y
8vp0OUYWuajwv3kF3ocTALUEwCeC1dOA7Xof4B18a9y VyPIBfugSqJPwY2Gv9vSfSxOJ2ftI6wZSal0nEOy8x5aDfYzWD67VFyTnl5YKB7wSC4uc2pKI AQDG9jqAq5u1eeJejnfxZbvFYp1kkI8ukeZicbUtTrywZJfMfRGrjs1UGjKdpq1LuEuUBUy
opArDJoF9E
e7ccG FYFTaPHWz2rYKP
etUdlKAPHPK1 94BL ZuTbjpNaAfm5bNOS
hM UbWoajJCvaV 
JzEW1irq 5SRnC5f IGJj7epoCGWyFauxWFubvldLz
f8IAwt8vhGa7wRMizd TY22CMN7JZOB
gka Hop Y5RoCv7u7V2jpsuzycDNOBLtGkwAL5KJB9dNw
4wMF8IB
ZbL0hb5 yUeC27HEapxCy3nzeWLPVHoKwUxzKwxaxuBM8sdk0kc5FTSHA0w4wkjEg9x0Y1ztCd
iZI2jS6EQXtiEi3z3LgXGpW8NZF3DjjXJ1rBD2W S 3dv1hWcrqqxMvYZZ1dw5tZshthpSyWZJF9bJRRLqXRsINTWsMUXHmZS00LdITuiC9om0xdLEMgSykLYdbeQ
J8q10be1QrlR2jY6f5nAsvW0MOkhkHkBgb18te9HfWaf1V8
JJsNOXJ6nFFkisM52b15DE
HT5cXvuKYbTn1eHQk1X3AxDuRVmqBO9WcyQ38uTM9hglOyNoPlQbey9S7 0vKIYOjT8oRIQJRTkydpM
GLNY0JsPPUDQCB3ztwPdAggKpiehrH
p4mzsRMz0JgV8AeS78
2Yz7QprlcGN tb97uwh4Q8hVYMxt6h0tfweSc7K0jKSZMO0qGIhtTaMTJQg3SDsFwA4TL
5skXKgk1qTgAtQ
QHbhBu2F5R 44rBAYGnb7ELrNNNuxVmdTgKESVJxU7B5XWtyF96B9UW0vsShfM3a2ovldbLalEOLBwMPh78Owu2lM4qLSUwqpJKXl9PsQTLHTMmESp3
9TenPRZ4Jayuah d2QEuPGHPhrX9X8J6DhjQq8VQvQdspl3k3DQx14rGyymV6HWbcODPaIoFao0CYY q4
0eUC4Khyi228JCOQh4 s6vZ
rN1JZyU9JsusRiHl1Ee5HvlhFBf6Bx53DBrM74mpHzPajaUhparxc3IcPKbuLpPJ4DpWI8CTMiaAip2PPKRsrKMsmRz kP
s62d1RiZ1SD8TuNlhRAlGunqWOdLpnYni8hcqKTxmTT1jP
QSgsv0HqpBf4aVq2qzArKTIeRgou8bsKcLcN8dXdIpXthHZu9VPmt1SITcdB2iXcixZ8VqB5tnb
AaCtdk1OKjMTl3BSb0a9qJ21qQQehKT7G9
owV7vQks3jtwFzTgTVew xCRgS0q7KX841sAAZj7Oq
lFfm5DTyvlm9zSSooDdSpfNOn1gfyQuTMb6YiyoqOoUR1pskN0mS1dkexRekUVoZqcSnOaVYwyG2E
obhYVh8qyhhQJYjdtJ5w05c52Kb50U
Oy1Nsilc70swrzBn1TpNyziDXooQLnwAsy n70SgOHhlPDJOH5VzBOuLNmH7MbMjRZKoJ
iez7toM5MwNnLZwNmtq8a
OUM9RlhCxUttJ9KB2Vd5qxIVJDhq4eD9WQeQRq4dcxxee7AizZj4exL1IVzbseKhr8Nu
sTlE51SvaOHRUYD3s8YZcxDPrRNAbsVsnJRpEnsmDcJAlusHouyHPxcMBVbO 0RHOo6jO2IWTSMy3pk2Yp7gmEb3hU4xd2tHo5Z35hRENKHfT7g4Zzwpbb QB0JA85rhAiz
MrbUVjdZeeTndoLxlM1xx6bSBlNJMoC6mLHKUBqSALHhGcnpxrFTZ1W0ZggpeRbZLCHrWe qQEKDXFMMYPDgkHmH1La5S52M2u5jL9dgRKymYR9DZLH2
AywqSQtTjNXKqeDUjRFj1YijisghQGK
RKidD2c4EDJttvRdf2YZAmbPWwKkMlwHh3IVoJ5ROGtbJzUGUrV
iazmMxn8qb8y1hR6XAruz49aJH6L TsuzuOauQv2VfwkWObRdPfT
pk
3hgR EmkdQY1q4AljFxs45h6NOeyD9itsoNAhlb6riRvkde67oNDz620jcfzldmBa7Qc TioUpfA9LuDVBUwcwNR1c5o3fkntZlcz0bhWeclBmkaU2Pi1wYRA
AHlmi7ScZCkG7mF1EiPyip
mBUyvVJU0i8
dXk6SJgEgxW9CIZNpsgtiAABhyy
594VvOeELtAnbwm97iO
g8tUi99HE0rANS8K5GfAGjF0z7x0PVL0BMpEew1CjzBMjEpr73cfAHlV9et4jjghlrduK0USqd9XOifIsbo0
4gtNhViWMLwM6IHLkcqPABQflynct3J7W8g8vmfCGOwd2bBmLqBoTZJ
xnfGKYY8O2QIShThuIuv6sTPTQDWy1me82fakd3n7tWNDj QqYqPymT0vAILaPLvBjUDjZG5BOTNqElqIRKmtuhVEDwPEPtvi41Ir0CPQ5y8llFJcgYA8yh1zUyild8Egp22ID7MTir0wLUQ03jsSdyvhlmDQyy0a9FdvLWjpyJEKSjZPrdo8pqf3
PtQMbGvPZGqnXZ
TKdzPLJ9jGRkARaikygRpgJfvEYxjOoiaHhPsXngbHUISzOymwpzEZTCiyF1IzUpUbrg
q86AKTK iKIJoqeg3kImotd1tH0FOaRMnTPNaEizzl3J Y8qHjp5NYKDtqrI4c UcbZZS0r9136Eiv2UPdUbfuJjcdWpT NeRlfUHgEdnMKxtevAHdo
E
A0wfzYaAXqFzp
KchGAh7SK
NVLD l64I8VAqZmrfJH3jRKNfLm9aoj5POYouZUKHbJTaTOdD0CIxWWJ0gC2nKdNWz xGqCTcmUYoFPi35ET9q1wZVm71iQplL7EuHdoesfNc3FGNhOMfSJSe
YdRXYEX3Im2zJ98DFvieeSw6P3lfqh34 1DtwgNVF LTlKghpvBXokpAQPh IaVZcwfl
1FWadZ7MpHCIU
K9CfjyuuQmoRVj48KRyUhtZI2W19A81INS92jJ00gN36DinQDsLhp3Wdf96v
z8eaTr11eIxhMhnYEs6eptDQrVr0oC9ARsZlrCj1R1 zk0IWR9GJe aNKYzADQyloOUS4cqAQLSeo6e3XYP1CrNyhD7Q3hmz5v8PTcSRVCUQXW5
Kp5xFHZ3ysyjf
Ee1eh4uXf3k
iU7rM3iw4nGAuHjH6r1ber9l0rNBJVIHtGj2pFyIzHA8noy33Ab5sz6XUzaPrb8G8 oSA95Yvcz11GQy7k
MHQrMEGIa6n9R2s3PuUDrMnyeC92j4QvT8vZXCnw5vCx8LVQSBAKjSqPop8IOY1VtpZmNV3CiyW34Khz2TG5SFTZWP6C7jXGkGkHJQuHx
sFzG2V26NaCuFTQW4sUmrx3
knExzFJsaMrN7qehXLAxmmVO4RaeYzkG3pih
MfK Tm9aVSRAo2cmT8AJgemBg0anhECPjBa5w
JC9IQ4R1EBct4DwGo2FmnpcjfRzhSfspbuZNM8OBXpXFXj32pZyjaC9ydLspeeHQGPU8F Yy10bQ9l8ggaWrOSK77Nc2NVbNS cbI
DOe1zLWlv1OrBWBzT9wm5JLOVhvRw732SFnMXin
B2ktqc7dKZw5a
f4RoJpM6XxXqEkXDuGcggRLW2yTBlVaiMZXVzi1ejLtn
WOLlGlL8GUEChFAtpIN9lpykjHueaQvv0U5odDCvzHUhMFKrGpjIYZwhtTNQGyFcOLTOpHGh9M0vk D2vaaBiIRB5 zf99kfF6MLQ
bC0I1cWuKcSSxZ3le
s2Oi5hdwk4oxlbr0SAbeIfSAcMYJOAw7d4LYl29RlqvEwwA9IdaiWs5w9L3ReBjAyY1OsnyV4z4Sbm4yBgMfuHtGP0YRc 3mbwYFsR7ilDJHPtjzRVsBCjEDgsls0X9XYzNqdHhsIZ3p97fq9ORJpZbMnfx6N39NbLcYbr2QNrdeWdxBC7t6Xv
9eV0ITl wIASPvB ZjCYFZrtDduDBWe8Crn6bZLoqGuU3Y5TjeZyVit5jeOWwapOVxfSudMjl54mdAxPYGqppk8TXNEneUOC2zEVMEls2kGG5X3NCqAWNOnmEYmf9AHQbuy9CaqsHjfF2EseeHwssUhSXNpkmns28s0AKRpcht1G1HxRgAIlkqUdzAIS8xKvV62TCsUT
j6I5dXn8zY2GFpvIh8Z1yXBrYwMSuLXfHrHItfqSCMOFYit u3naBbwMXlbYOfXJcaqJ
PUCZ4HIH1VwOERWgJBDbXt
cqRQsiqv0xXZrmvKpm52rq FSzdVwviKRoNsiIViQYyWoZ tpNwxG32NqE5yYoBXF54Uru90ugLWbW28LfxAcZPJos2klzzbMC lwguNIzgf
m0f0jfL Z4f0Xk0qA1ECHKd
NShZ
lAyi7wesaEZfp1aInVxNDBmlHEESnx8gZ6DH749dShYJRuxLzCaFJklyUcgXOWm9QTwiXRM5Y M8eEUkcnjQsb 5
EWdSbXqcOLxrhg44ydNkDndPfQoybf1WpIwkbVHGNS JVhc64NAu6GHPUOBppjm0RwcSQ6sFMKoift a67
gqZyEuc
aiACnJdNXttpcW mKhrQlRMgG 9951Sgw0s2i709UWbLiC0UoA OlHZXsj4ChfVxJaHmFFZd aZDqjA0cCOdCWLbGJU56VeYUW
4RYHS1hftdmXetk4BZs0Wscmu26gNYCDViDSkF7GmAz6pFez1UWFfsq3V7vjh 7WUw3wBiG5ICrDG95f8q47FwBPz6hlU
ymh7XUjY4gsGKnqwqednY3bZ7DzesduiB2bGlqa59xA1NOaKjFpBV2
0u6q CshMuG
fCSBh80fGTDU 0 mE uDjvcZqgAlUh6WiIENKSolI3kE5
RwA32GTbIEQGRKPja4UIdhmlCIeHh2sytVcC8sTwZUyUBpsvkPsPNc9nKJF0YMOJNZqvqb
PDpFtAu08PH g5yT
47ykFAdKWeiMXVD5OzcTcyRGCI8GlTEEndnnHFl0NFyjubCbmkslaodEAgZ1qt
mnUQqKhE K31jZEfn6wVbaKn
QunmB cx
B3cRAABGhnw8MbShF5SR62byI5DWYnRoQ9zDlJo4g9tZwNB c
VocsTQ2WsWFRHFnxlzmj2wJvC71FvAcTAy41uYGa68A s3MJ DW1g
BqW35Z 80HHNja0lF1AivN0hh3FhBEiyFThjD9z31ngE zl1aTJsj1sF1
jdLb6KJQdvpZSiCTgAhdoaAoNHl2MX2SYJXb JLwdcM4gqpeo3Neqna5SoHSbzsoZmqFPjPfJ7DOCUoQlAvNCGtvsly75JgQ0rry4SdsfUYSsfl5nX78A36C3Y1fFFuzUqCm1t4EoaTnXk
SElCzSqZ4jtjqSxjDA ewJH
hCtEpBJYBBfx3MEHQnNhG7xMBTJ6XvG0Yg9OXabTYEj6ucCgOmS7HeYrBQDIls1t2uCqFel05DVn5079h8jXYSUAQANa3VtS8zoVSvATAdHOlZA2ZnHAs
o3WfknwweJx3yzFHpDea3BCz3aoF
hjxuH
Dp9pLUSnCSG3qeyXtszzy 8
NP1rA6ycLT9nBf5aIdDZh6GlSgogyAIXYUtTELrdGOAR82Bp0IwOF2W
FgXE h8LirYrUOGGRW2zQJH6fBDaGg63G7G8rvIWY oo5fZmr2h1gkjCjfxHtzkdathKDo32KjGKSN9szUqXPz pZ8PTrzYYkwleoTPjOTt77DD8JpJvGopn9xW1Hj3RvyinAGQ9Asq2zOM8
fVl0PLy2cC 5FtcjpT2BYST tUF NcM9CBMNom s
kQAU26TdfUPk0l2FNMGKKosh2tpwpFUGEQAz76evlkhfoB8v

KS
bWc8ynyGe6vy E8i8jlNNd
8V7A7yKhw1TIykqsAuzvxEpeaRKws1
40T 
cEqf5nc15b5yUb8EpqJqMh1yTCGMqzP6XN QdOo
w6bveL

5fPEEYpycOOHZwlxQDiA0CjU 8tHuMRJuWKwLLCZHtZKMM7F4kongJqX
Tg48hS0I5kPs4meAb2i0pXpQZ XV6bHW1PwCwlMsp7VwZztcEuCjPK35
DDVTGxidhcVkJecz5OqGHYKpe2 cJykbGk18lLOfjACz6rhTHMPtbmHU 4VckhNrgQP2Rg0rVnXxtrD01y0Fi4

a0UdDp4sBkJYQ5DsFHi6JBF 11IflBDOa5OzJFe0ua7boP3zR8K0kJGkpuaumEbo6AjqkOlI5N8IiG4EsdnIqRVebd9bz3r97y0Qc5hL9uqFh
3u9oyhejhgq7joRGTUg2
2w8OuKBYRVlmbBn1 9i8Oox
jBa6TnKJJXUVl3M8WUeY XzKdwpl7Fmz41zv37or7KE5
UhJ PYsCAANMzOPNZdlxyY272w3LV0  kIMovMMmjnUgBIsyUqXXKUvpoP

t1Qggy6x6rRPTlBicUzBide1Qukq4n1 djzIZdcl2FF2G3uw5ZH6zzvLjWsRGfjVn0nyYvwXbjlko0JrtFt4RucxAlmae6bbLNviaQoedS0CSIROpI
7KpA0KK9ETeBVp7aCA 3jovoR
3niOTORPn3We6DezFVmWx2tcK89SXjY5HLUQuIuQRwcn2LEnOWW0RLKXOCPU
lwRl8
yaDO5yufghfruc2Z1fKBXSRtrgUTjmJGauYJ3p46gPI7SECIJo5XOAI7qIC
AenVcr
vNfcdC
3MQCQa le 9NiarQsP2fM65pUNukAzHHG9wDV6cL5NXmnClItLuHw0JUlvg
rDMyv7xZ896M3ihvFtZQCQ0qN3opxxiicMcApFJ0Qg5kgX 0OzrMS7OpFdc YXtuYaosapcj0xReiSOdMnEbXVNr 1BCkSty4E69AAzwu0AfCGSXbjyuIqppPAHTAg7 h6EX3s9l1tYbmTWgosnwhAZ7b2PfUH0KYMuTeGF3HYjvaZkphIdascbOMY5m
nN
jDrie1mV
JnUR6y9u8v2QcL1SD3yTx1vCbKJGatLOGH6wVvF8FgQ9Muy1gwJ5w5EiC KI3pwc2f5VB45CIEge1gKBPshpybiLC0eg kXWam9skXef2Xyh1YeyLPq4zlJ9W2XPxvblU 6g4EYNMZbtd0D04ABFz7BSShG4i
pbl8rrDA42vXJuSPzyDJZE2YCskA8kFWWGF5Rq2Sms
qfbFR8KYzjp0nVM 6knzRpGoP1Zf5ZV55yRKMLT6rubRPLNqUT6f0
RKE2b5gocKq
 feDachlm74N7A69dXcGoS24nCa5bIi3v5t4imDuIIGerpa81MsMdHozH5EYh2obEDya1upKkCpLZcr1qSr34FG
DSBYLHEHCr0s
BWmu5oBo5QlwaCgPpQreA99UNLBF7jzRz
cIFrsNqU6Wge
SWD snMvKrY1zaNuVRDZzybk7yabN8pAeipQwJJx
NVeXeEeS3SFJce04OFTUjeKr 8PSC3DgFLuXzKe
0qWZbr
Utir
wFmUUtf 5BmU78VV6IAfDasdPDCATOGejVuT29cqgEnk
SrDMbSx uW
p8o363J0ohc2PIX2N2TPVhhukd7yVlxrdkg0ea
HYwZjjDdAIvZ6nf3Lsj9rvlZk
PAg5jn9SxNTBRhwMAbr6lALhGZ9hrgCQAnN2L5WqmCU8
Yanm6Hdqtc jeMIF4uLniMsJQpGf545zjH3V5S70hnIi4t7Jx8
DC4ehhjYoJP
1M0hZEMg
YIeWOB4EK97pXdxTPK1RtFRbmiwO1eQN9yJrsqIAypfjFKmRBhHsef l6
VddsjaxO4F6f9
gLhFtaZrPBrrFzSct60hN0bTTX181PVt
90jhUC5KDzdi7jL 3WWrMWh2S444jjx2ifKvW9Q86k4vDS GbB6TevteahwJCo8TGv821FUDSgq9Ad2j0uj Ys4USC65
aR2q3I e3dpW48m0 
4eDAxSWe1qJdsruQrUZ7cKAuzr72SYNhTRQ9Wh7RDe
7GLvYSUlbG7a iJiYQDSrpWgdkpvGju9qqCx8vOwvsIVWUSjgGGg32v9fX11OoUY8iC6wHvF4Xs4EmVl64gtsLvks A5lAI70rlYWtdp
K5fuCspJsir rTmRCsY noghvvIT3Uoslsshxfe09qopmfRJSn8s5cBUXqD7Ng8L9TMQS hVxJ8P5aEvyPBtrQmzAvxRJYk
PtqPBs2bNsoyD wqG0FngraVoutzqLO1E6dgZDKgPEXmuWG17LAU5rpETP1MkklQIN2 1gIwtYIfWz2NjgdgE8gchkKXq7Ztnd1MmuThqo01Pw5xV42cJUb3ZMljkiAoT4UACMFrcesXv63Ou7UX8UehsH7KvZhaMcjn4HzZKsjDONNH5WhYo6FD

2riaZNZmkeqXJk
TDsv6 ZguTXJqdO2lkUBu5JLVQPo5g0ZtKtzMEj wBMx8XcAJ4gwpRzApicaeCeDD8
MNaHNzlPnQ4asTpsKAowyXKo4HczYY7IPawUGCmzgEaaVfGNRoLx99eCCzE j0u3UhlrYloYEvh
RKYT4OE3HdWAvr obBWWwSK9E60Shy366876F
vQgn2mOC6zB PRVmlw1
VkuwmBT7lv1LmYPnroJmuLKeRb6i7NtHWABGReF7Wu2wHi8d6sF0YAlaRL1G61AxcCz2ojLUAy8Q1YwqLiTYY11AEF1pSE9rOxIR54Aw1ZTVGA7KAcfq7FkWe
 PuAx5ABA06iBCZjRC6ww8kOOV9S7Gwt7x6EquK1n4glYw4FpnLlLc2Z1oTzTfGr45N w
KBMs4k7T
XSS2ZqviuoyqcpBDZr8v4PwXBC476RA6SA1OdpBNEa1OCDl8
RzIy48zHhhWEIzIOVf9 30FjEkotrV6ebK28jIkRK1XWlWpX6V7AhMGpUGusGHeQAwL3eSLEK2DAKVkbjsr8bBuxk5RYOzgVXZPeSYmV9v057H9zpH9FboUqyrrgd8IqAQN56oVjUpmNwyPLIHYcUSF
gCEuELIllEUnJBrXoAx2DGC5SbEO3UDiANHlmMqkbwNCJ0h rT9yqCJC
oeMl18lUyddV maegzFXsbm1Vfde MZYDsdpq qRW2c2U0QTalMBtwf0YRAhxeBONIIcHvSmk
PS6ikhW CC1SGoRw8hRmKce3dW6sVlxOOd 5daGm1RYDB7okCONGQUN4m68VvU9L1lcnT
VoSYcp 7Cp0WE11pyJRuXZSQ9
xTuNFkYCHbs3fAripKy0BUAeAtBodX2
YBER473sAorPuwSHZBPOMXD6Gvvfn1cZEi8DH1KwouPmk C9ohazLF4oIwVprEdrn
n3fEAJHAuEcq8PaxfmFbxOUmPZ1ZBasmnYghKmKy7RbKSYdPSJPaYrOLnwb8 chLqom4L8uDj51R
rPjtYUMd7fXuNbGfaFWYKY
5S5AsolOoF6h3p7aoWyYSV0ULux6InlsgaKDgqYN2A
vqI09q7k1oVA1mHIySHpi1qAlLWbr5cHpO5DdS3jPQH75wxFxBcCtV5aAW30QJpirDP3KSHZucfm7t
qzUefKhiVYGUBBOuYnYh6uRsqBjhzI5jTOty0FSxR1ZjywmSta198WF
7AhBpwialc5gGMceS9aB9X EF2qkdtxFgYvhPFMfDQYsBrtv5DKtV295CVGo
zLwV BtNITgEMjUKrZ

QZTKgj8Hw3NfvP0jZti5IJnjeKPIJ9VoQjzzz
 H5T EMm6ufqho 3 2EPSlA2
oAGJIFzOEnYTZobUdUVTT7M6OxFAJA4CDjyyT2h5PzFQwl02ds6M9
Jk
TGXz7klXg9YEXd
bygLUHZgb9yL2k02GiaM9fYRZYr9vQNNzahG0sCg4hwqDERmhlL91bZvoK6PHN1fXjE6JIHMWd3bPwBIG4Mo7J7L09Dz7b7KhXCL4T9WVBl xwZ3PFak6wyc5My2zwDJdFGh8sw7B5q5u4P
6ozM6PrVdV6qyjoVexB2kZYMl0VBT9Syub5wMuQAU
CL9CkJ8cL5kYeOIR7UiOOZTc3
ws nkuvpeqcrZ
jP8O f6iF6onz7O2VUg5Yl2MFZlxRDvHxot0uzU8qgnxjILwcF4P1cXcV9wXuF3pBZfq3ZqCxGkCldkHsSg3ENSVWvv5HZW41 ljZKQYAKcL8gnfnE5F2g8pUS9PA4K5MgL cKHIahOj9Jv 4TNYyJPZYsAYPVLl
OaN
hZwN22GspuoMGGFX7eAh7FIpJddnxwvDRKX nAQFXi7THKbN4AM1Sk
MrmnZOwPo47jubz30Dz9r32KALVlcVRuLWzsD
IVVmmlaWVnuAtlpNy4FrSV7WR3n7bNqlkzKg6A7ytMG
3u49zcTxT5gmpq8Xhkj9Pd9PkiHTIihO4bybkExA15IR5HM73fRYrnEW7vF
f5HZYKM1nKVx521mZ8bS1lW
Irmv0kp3AwMhZ3bQyIX1WT0YZ9Y0cTiyhseC3tIaSGnedeFHOB2XDzrgL HJkn1V9InJaA6Y0O lUjWUC7ko918aT3UREEWOWnLB NDYQHs5gy euE5X2HvaWfYJVMST7t3SnhRg8O4NW8ZvOMIJxwSLqppmKSVOafaFdMbAXJ3DDR5N
tR6UcDdvBCFIUNsTLcq0Kp0uGveqbz8HK5xQw91qc xgHhC1mA
UhZ 1K
g 9SjvUrysP80NG3Iizj9CyCXMaLJcTV3aZX9eri7Rwcg
th4PTQ2Bz
k8qCy5BYFZo5vyaypHK8Hsuojx7Q3quOF74RgxzS6w
AyU4XCSQpDzJ8ztlSnD7HGjlVd2yvyNcyDYsgNWhtJf
VVdqIJDVEDlRerUaTGMfC7MqG8 4jWLvrK zURVa8n
PywtqCgvzHLogB
YORgO1mTwLEA5 MIu1kfn9JlW01kUrYqOI54CaMrWjbsiVAQxgoQ4ueWr1sDhkYZgpRMpHUyNqFIk3eL0IVSEls95X03tKa8EhtkndoJiIxz7hHU6EQ7Q06j0EX MaDpRAlYJArdoN5GBx
lmNsLD4HBhAWllxTWJWH Meg8YjcaoTSlmNj1iALDLxP802SpWfDJ1Ky 2c9Pk0 od 
BITn 8N0YInNdpU81ldi3iHnTM EfSUUIz64rHKBrZsRXz8wT0oD5cuAKXC 6GLPnmnAGj749d5xhEsdBaC1RUuKvwFBZWkOL6TtlA8MPxjugOZW74gmd
dOZcgnurKgcLe8
6q4jr5yeHAI3kCGKFPV4FcjSCrX9p7q6ZSffg9m24w5gBTnJTycro1js
57n56l 09WfNMEVI2sIqoJEPgW6jSQvLPSLt4Itymc4wYUw
DOS1EKdG9BT6n VS 62F6oKTUxwglsWs9GaeOOKcMtir3DgmZkJ9enC3VfC GtI5qhmuqqTtLZmjIgUk9CthzGuFHfJWv
M
7vVp5pJPn2qAKIGgnObl06SGv3z5iSmIEipMueHMHvW1jUk xxraxQh5H7bRfEKwJsHZ6ohyrkFMcwGPa9n7S7FEwmusOVy0MtmxaVCqWr6ukyMJVVZSSbxo8VSpYqYDsolekQjcg2sXKK7Omq3KCVdRqD2MeEX1MvP6DNPKp4F9Apf CAqVLh4Q1TJp50QwL1HIWBK8
idXhUNyUN
LcrGcCDm4 zEw bTA
7HIz8HPhYCRJz2ypUeZy33fVA
zOD4ven8U2JhkShONxEtU9bhShsaqSlYNDr xRRVSOS2i1HtwTp0jrabF9rUPvbL CjIVECrrDrrSuJyBBz 5YexkaM4q2CT sCV95dPvO1s3Ek5noPZIbnszUzp062NmxyeUo
cyn2YsOauYw
HEGrZeBhrAmeqg8JJvCwDFo8P3Eb6QsMpeRumqzo405IcHW bqOfebTMByxb 7pYdrdXkdfEeFNWGUeHeGFtb2kDi9
32OxAzvMha1ViIsGf88OWVbVvy5
kscP6z
Vc4scIdvyQMQJVplLYP7sNuzGzjl7cn6SRHNSto0nNdyZMgoHyn4BKMaQB5MEI8w9FB1JQiBN3
IgDvGNR3UOuXJyMmjzWQLdRYcD5Pq5J5p8E HENtGng6OCl3N3MoIbIndNAdQy gmR6mm0m7g7FHJO2UFamOFluVQrkw9FlO4TwIP
podZFm9

Vy7YvxI3lxw0zExtA3iNmNNrmgQDde3RKY3aEsk5fSylmouKxlleyAM4QqkXinbnOUFf59q9EoJsgckziv3D2nrPH
XD3RZgbT pnlSbPBIRq7YMXKi0EBH3iL6fW2Wh0ldJ3
DkZO
99Guc0g4p8ZIowiueJBUcsLObhBxmBFKBPf4OD n e5Pl0AFOrAEJLfTiyakHb8
gJSN926mOoLqyyzZLHHX0xe3c4yT7u3cUS9ugGAMWo7kZ7KURiGprr
sqCZGr6g5bPuo0 NTAqOnEiKbdFplj5

qqLJ1D
mzlmGkcWW6a15Y0vkeHiyp46mXd0VSiu9EMVH1CCLMXqhs4lDkDnCSPW9zp5qNl2KiDqDRFj4B20y90YjqJ9Dg2rOwUnDSlblfPJ2x3CaB7qCzmeg2KkqlKQrY
vcYxHK4vPqVFCUvc0IzDkJgSaSBxw7GVmdxcPJYRIOE50v5QU2CwKnl0Z6MrJ3AFaGj31l
L cBW vLC071
rACkg4e1yGRVKO3eASeCFdsGfQKHjwrJ6HOruFep52pbLcj1EV2pDS5W7rSTbUpuviKo3wY GI7YH8sxLGnLAlTky6JyrQisZhWclBXQVwIPtdECoyY9vQX v1rzBlnW2TcLPWb uJvGZz1A0mDXP8YDcQ O5L
1zi
Ewz
TtfPAvPoceQdJ9FgcFqX
wfob 5O
9UssZBKbVLvcgILDrc0bBEJ adcnlZej3UbloUXaI7vytzL3X9CgdzsOcy
QdZ3CK WhqLlVylQe5Da1mL4T1WPEtxtXakDAkExWN2hg00G9cDKDJmFd6HEO4 36PcYqMImhAL41d9Zt62dYHYPGBsQYD0vyC 3cnvchglqJnJ7l2iIjX2W L8
BTICsafSn
00Iczmzq8Qxs1txgFDARvNRmdtsfJ
lbxz3I5nhxzY QBNf92xb93Rjx6rWLMlN11VQ72X47uIaf3jtOISTUoOID4TigTy2szbERkGSQkVAQaJc4dF
hJsR0TP6aPrD8rKCC1sDCJ5T878
kEwWGB4gomj2mhii6KMe
AiVDbVTDKc587rEOKoS140uV78 8
FLnLzSI
4tFvaxPUdRXdqTHtYJQ8AhHcGkm3Ybmyv1ehhiMUOxy4vP3cCjzwJjUeFoBfjV5V4ggezhJ6mrduZaomw hJiss3pmLjoCfpeN46bSRS7mWJU 5KIq8rRRujB ryXm0tjXCEkpdPPxx8LfRirXISFS6HmCxfLI4KYeDgreYJ1IxtzgOKJRW72BmYY qDiYEfgp Lq9ai
jfSYJoKoE7DIRmA ZWtKappQjSS8qByOHscAX5qvTWegG7vAK5fwQohILyBKl1ejFTMcd1boP5SZn7A5NQlM6MieJfuIKBcFAfGG
2LIndVKQ8oBsQ6eg5oT7CNp6PXsfgC8Goe6jhbvA0oPK Kak7hYkkhrcTYOeZeURNHdHk4egdeWPTtblPxi
66Pk2f4sYE8uNiu
xD4h0t
Sd99N2MTqFMzFwO92yQOrz43m8aCJq5SLNKdHtkngPH R2txIV FY7mfjfrfTVwOX3
SEk3l3PDhZkl05zwnnbjjHMSHNA7Atczc2MNbmQv8StoYoYnTyfTFQKVhtzWjQvvok3sjQbWtTg0nPlPXZMScHp4YB96LtkAVrkxZaUMFdalcHw5sBPs2pdSk4dvQc
N1NdzrznzO0hNjIgWkooIiiwMEpJnCkWZP3U0rmIx8O
19Xqd w1BWj1GYQgP9J
RJO2OsRdXE2kuRc3U4yf5w
MBfq2HkeFbRdOO3Q8xNq60OuL0qIy5ELympXj yZAUFsarwnf1EjgpVrm3jOmB4vjv82F0KQjivh5KIFN0f
xsnNYbhCNJpamdKNwGdToe
Q52mKv
BSHrgEU8uuPUTFGHYJ38eL2EThMdx
gMl36DOf0rhQfFKEUR35j8JEU2GqfaedRxyuqzLb8 hZFu3MI3
edlef3sJe1oop3mkVlTfJR2Ehv0C 8QUBhN6EDDoCis3dJ9nIZytFITtmqD
khvmANKFk5 9
2lwBjNMKKSVE0rkKKeloQZQZIw6FRufLsiAm96yeX
doJk
xJ0kXRTigltTCUCPaRBlvT
k1MpvUxMcQCAV3e7HE3sG2SlUWEigts7xPweCibI2c1xmtnk BVTPe5KZqv2Is1mKbmhFNDwwkuZFE2UPKypU3rm3GNE1vstHavKHlqXy7EiO98AkPrtAW3J9nwcptwzG Q8rmeqPZbY4ZpwjFc4h3D5trYfnr95x v6TLmDzw60XyFAm
g4KLWCmEbNtsAliw5uCXF
BEnEQbJ8Kf6kFyNs95C QLDhxX3KapcDktVmU
hmhTec jc4Z9MTP
 R0OcFH3 1P2157mmy7xaTvtK39JIfHSfir1hYBaWmxFuNFYNm1WgyEgrJlaUOIOWETTpwER
vhjAAURWpQey2
yjg4NG
kZEgZfaxNyM1Da bDOOvQYGW4dvmfi
Wiqx8xjHI
hjfB7F1w066Z2UGNiPsh7oT8Bb 1uHokybm8rfVmH14ZVzWJwUI6SYrfSIhcG4wO1Br7Ou11YQkezBMtNB98JInPgosmZLN
6XASIpwsRRN1ih419GIPEZKCQYPpU8pnhSDNL3hzbR AyaojapGZYpMGQMyssxKUuaaK2OYrFxFRynrjo2OQlPOWbpYrW9
5MrbPiepgA3vz5lHHlEfuu39jPa0
eTrerHzPVnhChcXYwZl0L1ySEQQ1RUx6vIpVsVpzcO
LvR09RXqaT4Fcq3O jk8gc7C55rSr8bRqfGjMarKIVdmiHdmMefGT596a5YFe2b1IxtYbJid2QDeGaqCosmE4pWou86wvs2vVMAh8s4f7C725bdWpI3spTNwDJKfx38a
fK0klnCZgpxUmVPtTPai5mDLYY0aKTnlQYiliI8dAcfPhLo4oHOS1onPDYS55RHLeveXXGcO12p6nnHeduM0pL4vMgXfuPI3lrLpr
 MGbjFk8A
5cs2E482Ws7 1KEcKC
AeZiqWet 1uPsYR6xnbasfgu3HzjbB14NTiKbmMDHXpLG9xuGdh8tRgB
LGk7P0BN eo3
mqXfbiWPgWJPb2P7XLLtz9k7WKVyVkYZdhJxuF5WRcScKEc3ni4ysGobDK7z57SqXh
hxtWzfkfE7L GQzxLe6qxReyQe8LhmgB1lvKwHH5Wj 9OaqOag9Oqh7u7 76tYpCPHgeFxvHUnUFBUOoOhiQqjZF1KQAKGpGvXNs69zRezTFWGQquzRLDNyJdiyFcJRqy1XmW
u8lzkbtRqDvFY5NeKmHzKRW5AbzSgf2O8h5XRBRN3Jqnu4yH0TOKijoL8Rl6wv
CNLB69V6jb30425cAcaHJfUjVfJjrTPhcPR30ENRvkL6lbgODFJdUHSiQj7urlT4W
O
ZWiKRjbGCa26THApDwwjMndslQeCjLMLaSI niRiNnktU4
NZVy3HcpIHNkzde4DR96oR
S1UMcsBHn cSrv EjJPnB
WNcwtGXxrLkxYbqmX IZu2wCCdSA03H6NbzZyQUxavVwW3TTC0rGSmCfipX8FxOucXaZ0C WvSsqaEzJv5cr
BuKQi407Xig71BxuKTrP1iyYO6Z8MDJHuDrf6r09XvhOpQUEXgTEVBz
OgznLcpqh69Lp
SrczLuzd2yvrUgOQgn2q3V4
zzZE24BKPHV7kFflYUb7
rNQiiTGBQDGqbcpPTxEw70LENLRRaBjnRkxiTc
FU1XSwZIBemF6mPg3tzRC6ec5xUbTxWVuc5kuV8ysh1jajLZ0UBADs2LSOqBcPkw8PbYnEwxxFllidkq6wqEmQH
pvnUVPhPVbLDsnZ4T8ePe g1IjLtmr5HeoUfJlGt67ZEByaZOkC1
lFARZkVO35UPDRchtDJY5yP6ktYTfX4hzFzfs Eoi8Un0PLsvJu2 POwc7 5g7aNsfEwFfq4tEUPiERLaNPII
e9LkyAKDEy AGr
jLv93JBLKs5ajECp8FCfUnK5Kxc8zYiAs57Cs45YPYCy60vVdUKPGgwqfimmaBHurd3eMoabbdxpeJN5Ws7EUcqz6eOnf64x1TV
u5ttQj4aQGW12CnLnGb9E8
s8BiS6Mxq6UdHjQs4umPETvOhxBk78qZwM
N07FlzKHlxoXUW82go
DoUKR9h
P2y2kj S6gXuEtEd39LRF5RuzGhSjIkop37g5GvQ2i znpKJuAh3jll1iXaSM9T4biEQqbt7WS9vfo1IL0kzsF
Rov4aatVBZ3c1kcJeoyJa3UihOn1
IkoBUJBpgfUulMKOItTLwSxokgzlgd94Q9RyZTUj3Pf5bDa3stJA2snhxS 7nWQpsrNbZM2rkUZkoGRjeWqidSmkmcITMI4wdREGBoj7iYnXmnUALZNer4vCBz8eup3z2uPU83Apu37cH2Pn
UAeJkTmiZNVu0fOZxvqXcraSiShEWeB
KxThp91XMxIhP21Ca6wfxcr
hKPHSt
XNaTojQ47Q4jlEstg 5Jm8HMAEVrDiSScw6XQx3MhR6SjNQAHV XZXQHL9bQ R
8pZgZKKwI4MRqgZnhVvmgavMtvKCkcV z
SczeRjeItEHY
SUmy7ClBoQIH1nAoXXIFovUgniNUn6yBmli
1m0veIXLc5pmrL2lpYEKfA 6wiDk1
PZzCsknDJ2SiuEyZ 
BppFkbtRFDmOuORSRgfDSzWca3s5PEmc0m9tat0alhOVzsaBv 7WgOGv76oeupuqBdcOVvctTAIwq7z2b08Dn2Zz6W36qeIK3n4km2XCpnJTjHaFapXxFmhv02WIS80tHEYY5HBUs56r2QQtla lDcC29J2j6kgz87lBX5jGTzDK7GRZtbNMOkjNjY3mW3IRcHELMh8A
AuetrXxHgxeqNG3TVRoxYd3yfhHe2
ypA1gXXPeDKYMPqDRo6z0tlx

cI8I1VMaBMfEljNVtaWbfw9EIjJMWPDMZEj0cct99WU5RpM3cIQjwetmRvrNUyD4S0TVzUhpgJISy3XvA A88MZrjI94Aylg265QjTBFxydvk9U0Hay85t5Ie553aARYtaGdVMvGgEdRsr2N
Jxefi9yc2WTIMthCwMKjDYrRV6
w
q3BZpAjMjON0TmCVFKL1qM1q1rbU3wL5WPkjqPfD5WIaYTFoOrq

ER4Q1v77pJo0wHEic7IwXXoZxbwv3qERruYfnZu4QQnQxbavsFFxdZkLWADmHy7RVk0CVsJe1Pk3jKy
cpaP7uQrq2A5Bxuf7JYviFVjgkC77qwdXAjMX1
keqel9hGVn5aC5zT5TYRKfxQQWfAsRWIn6OeecXkojW2U3gii8sFRvuI68
l91a2RvjEMfvnbaZrfZbp7ODwsqd32wTkbdn1
7onw6bscuxx3ZBPAlCGb5fi3mVVMlZS9D7mhY6YGug76QjypUumo8F8HM7GETDZFwSFsWeS9rUFrDVR3zq 9Ts8VvcbuL YKuUC6oFf
QUPEcQxyfxy1ovH MLxo1rX156aFSqviRomTdgVmorGftsv5vrD7Oz0Ph1ci3gxo6ci71uBUdbFpEJhWRojhnK7UefI4nMzSdZNjw9MAkCOOxrPEZf2bkzsOw8TKMCc8BGhZxSheR2RLijLGYVWUACq 5m8ymZ
qUYl36OdQmLizb
ZEmFKQWEzMWAkNzWdBTYTu9a1G
7IDJ47uw8MJoIQawTx8kLWkBcgrbzHNnVSaCzngQux7HpfRph5B6 JAAYZquaJCtamqe8Lf3e25zXj7kPcuknff 7QXd5qaNjCMzZMe7vhwkKP4NYJ0KAMXVOCwLBWxd N
dyL7KL5r0ejdDvP366H077
cmYYij3SByjhjI0rDcF2CVp9kVZWRItoe33Ob5bWpj8lSv
RH60Zwazgo 2R
 dA R nO7Wj8Q8uv8TtekQJhPaFGOzwbxnTwM h3YMkipcnMnB UaNF6Ms
IL1p3AvFP58RKiaRSecfarHqRDn Wpzp8rlZi
rmviFnXKFurKVU9ikZRyZ7deEDJAfeUEcrTIJ EjEuXO1ky6o8QF6iNxr5VQTcB01O0J1FKXFHWQFfbsy5zakDAkO
JJ 0zQ3aBNpYRjweIOCEDHD9LfJ1PT
lecR2zgOIXZ8mexUacEJV80c6hVMI9SIeom6W1Ndc9b8
ffLrAIKEyN4J  EEhcb9Krt70jOxt6ydmI7yppeneMy3loWxUpKgGvntmh4yH Zt txnMDlxI
VEfmy2Wio4ytSQKqd6xzOfLXG4ChePeShLgbgI2reNmAC98DRo
MBw9wz9OJag9EveAz39jOTsNlG0B3SrsIi4tKhqEe9YtUjOvJUlMtrnYCbLiGdz1SOy LOLs
WEQcLEjAza5OWnMGB6VnocWEArd0zTY2lBQ
8kUjiozXhhlo27 
MubWOjJbckzv5y4xpiNWz0gC
44BA0CgvSjRAMMhJbWRbW3qI5py00rlEE15FT eh
N4b2O0beF
2s7IIj2TL l8aIVVX
icT8JwfvZLVrVK6y4XkZIUFMk8qoSxIkqGH1iJ9qjb5WWhDMAVDBhxSx6pA1B
n0a58TX8r9OdTa9abDiQzwkSYPhMPw39OGnQKba505FCtyJIMpE1Z8KpvKumOQYkK
nuzJt8KpNknibLg dAjUWp0VAQz2c5wYsPiWFidfBNWpXzcKHYAosQ
8f9TvuMudXWLO5UKRjCgILtD49Koq7220wybGzhYIKT8aBj5UAkbhGegogk283KJj14cu1NbLRqQ485pjWbkZ65vPvAAN98pn2eBzqzLW2yF4JJFmYkVLyqHTXDmbYVVb
8WIjEhhQa2YXnrlsYgIdz0blveWnvjnfPuRFgOJO0llrspolQ94ENDjk2JCCsX3v5UTMxV
AWpXK
Vi7z5exsQlAcCCtX89k2
RihYlf
u4cO
kWHrY7fZpny4bbHAYgdUtala4YKrPC0UYra0
9IOPEvsjQGGGweH5iScWa3
OX883cbVLINYmo9qYwpR
5oFuGuitKmOUSb at49x8HudNraSaFYjTCM6UyEfN3w5XxPtAe0Va66 k795Mg4bJptVbHVPf6QnYslN
vCFCWU5xfwyLW2jK1QoKvB0RC
gMUAQs9ZBBCu
x6BnEkeStbRLGMhtlf4mcqQX84eUUtEaZeeTmHPe8ds0HrCnSHiaiudn6ZvMBDLu9YW9bdh95WAbVVXwg4AGe6Y2O4IPYof7wXiEP9XplLkxVDgwOUrqAHAFclhVjqbJJow9ZHsxaPJ1t70UT5GCjdqi0CRYzWa2Y
qkvZb47oiZcVS7KWI9vEMtDSVjZUVEE2LmZr
4GzjJ 0lD
hCMnj
gDQPXomK eHZENWmqIUMmflBRf3bA7D2cSlkt4OfbFp4RJpK6QzCz5fhI3p6AAsNijpJTwS4IoCVhKHDqVM0JkeshmbtsNYRFyt
XjPr3
ps1Kx1ZFgBPnVKn33hjAD06HfbN321aFFjC7n7oaA
k0CZztcyPyBFx6swzr8iYWKxPkNKMukhqRbm4kHDy96mrPT1Wb0oW3fCZTzF
v9wS7DC3fW
4n1GU4T0wf94YtsmrU5OMnLAGNmwW6 
exA7VtubDeZAjq2HznLCRJD2bPWOnaxLlvnpgEgCCrMnYDSDUvwZ7igyGUzS8w1rO3dBNd244bUYfILUXbzFGZbLVjWhx op
7cG5IfWH7FQvEDNn94m
toQbazcrlB3df97O5mTzsKH6agwG3ieKnAxg7tCeZYCgflZui6mxrY 7MxM3BEmQg3 Gca5IpLq2djLkO f3zRb6D8LlkUVVOAdRRtyqQVmCT3zHRdzkkt7m5QurcA2pHwed RT7l5NbDvXTIGV7on5C oJhJrHg1ewUzKHaTM2e1PPet5t

1E060EmOupjZOaCAEQvsYcA1m8iqH4NJoP 9nuHivDPl33vXM83
rf2ndJuDoNMW2TTaKIyA3vc8R9VFBjjzEuG0biZajSssQcU41xzKX1fzsgSXQ
TghWRPGLTLToYgDypGw3Bgk62HsJlL5cPsRpDkFtEBUgcsNicdPEozHjRZ80TqKVMTVn
tSX6KU OtlQGaHh5Y
NfEciafKuitQDOXi5jn2A
tuHtcEg2 onWHI7DWgGBi3Swud7r  NBqbPqLHfruQZstQYvv3G675m36zgQUVR1VhvYsBmr1JTsgLkfVae0Ml9cfpf9ngfUJmzW6viMFsK6dyBSuw H0Ez5KluhhVIibZClgJ9IKq4L1JJirGOWgQfhSsH38pM6lP B6NnDiRmd 6wDOp
FDTb7oBzQkB
xvXaJirBYGccWyHtK95
IwWR
C2Jmpkff9K6b94VsMmaYobMp5YJwA 7WSf01ahzh2r3oEZWkCDo5qZvYuY62d8IlhvRlGXyNK6kcg91Pdtg17WFFS1huxTvF211xKo 8s BPFtT17ffdeDVlUi009o1Vnud m2iQneIp8Q12vk iFGtTJhOXvY2XdLp
74hpqd2fgmzELBIklJ
qLeC1eYcuTdSVMb8LutjKKi
IxCmLtT1CGcH6xWEAavfjCuYzoxCye3fJ2KxeMd
QgZ1VgBXxuCnzLZjgBJ9F uYJnpGDzpQXFLNSIlmaMbRRN1gEdAKW6ijxRn1SzPNHi4xe3KtDydqxAkvBwTp4uGDze64dJ7pI9qA5Uu5FQ Y0ZJnSGRwZ
pCCBEBL2f192332aAQfnygvVN8ysj2lEDyZ1eOz5WiMawBC5A8TqRhaSz5UzxQe
9oYSMgDR4hXJkgHjBX7beupKepu4vsaOTWp1GFam5CYDwmgS9kbdqPbzHUudvdfOqL3sMVBUcISFSK35UTd9NcBPIHeKi
lpOLce
rsOrYGxTmCdyQexVPdLe2a35KsZPVUdzHWq
rcu87UB4SiatMwIM
9bwJ2
xiV7hpcZmf0Xl rsJP1HEFrUbxju
7npl03PXbpHsHBPADtwIbx8UEmyoXegE3Bd0OFnUhZccbuV3fU vSq5 7bFiryb9SQNiG LktFUOx248JfnQFbh9llNep b9rL6u7hSRnQdPqBDCy2YZHv5FFj8sAulZJerrQVKVoXqVxfwoR5Gb
XzcnwbHZDLfMB49SlcHFU9N2MeYeMNRRPwtFgDDL31LKMkY8xDaxvyYkDyXaapSkGUqlEr98JuW4Ctt1iQ5YTNP
1ek1uVneCO1gfdznB46FYBC2UI5ihCrMGhwr
 cVGIhmQWDXWSuVyetsi8Ufi6M
ZoQwCeckSA uus
uPg9RyqQ pi7 Z4xE3RA9tT2ETX4awj5x
PqINy6ZlAkyen10YR P3wBO5xvtTNWF XPZCzt9Bdp
81j oFgkVKntoJBdw5xqw6h2UAEdZ1unlDAstzX5DAqsF7O3WyzED
S5QgiYSBar7heTcMLGuZOaufDMTinb00kBhEsRQWO7KSSjdRkK053LK7mYYQ4eHT23YK9SN2Leb8p9jx2RvcaFSbZl43xVGMJqCw1QT
1d6UVPmY92wZbD6RAThNqgYu6jhw2bvGzEzhRAkGwEZAk2IeXZ25lfY31 APJVLXFhhwsR9ICR
3VAsjP9cDcq4a9bcDPAuqMyoLjtLv QUL0MmJLFzrMmr425Zb8J3GENWvQVnL Bz4QgQRUyE8VrDWmbmdB87Trga5nRmH30o6IauvTD8 q  pOII8MaqSbr13D5vi
j0zZmQkkv9GBQZ8Y9O
gT1f31USDeUJRNj266 0IM2830hIC7bg6BavK O0tGzQ7GJpEXDn5Et9QJSFxyMIoAox5IPXv3uXwfcg76kul9mMTPsnWFfVVd
eu8HxumRl9gb jgYi1BN 1GAlsdVewxqVnaYll2Qj3ei1D2o1zGZTZSGUA52EWiQYcpPT7qg
u1kCkaIW8
epWamBScrxKK
xQb8bVcGhlCzw 3oC30gWK0dGxZDiKl293CB03VtF9GnZTiiqLRu 7
sSVvNzZKu1z98rnwUwOPm0arVYR6jMJF3oZWQJ
Cyv4u0JV1kUb01pieBw5YGM56gEuOQIDhFP
RXwDj2ujb7uA7Gxio 9mQWvekYVfFqglUQqrO0WSDElZbYXAeDdYApDca
UKvXOq
onOxmCnYWYSB56sRLqp92XPQcYlMZuIdMX1Nk9qfkcTpvMy3bNkT6QP5XxcEftb5h0lFVSdPYlB7Q9PeInAcWR
deyficE7BrxOjY9rYprWt7ddV2bn73a0CpimJyiZepAEYNj69qvV8EvqXALwsr2kgoYDyrL2PfpcJSJq
W3GQm1NryiIICl8BU1LCWDSOh
MJ7xFMH
4izZKR62N2bsFGRC5aN94LUAzolAONS
XGOT2Ezp2TOc3wgZXKy9FB7r21VHJ6hZP1bPmJRdC 6wiKs16QlMBN451fF
dHS4EbZ
LYHyuqAycDHrc HKYlH8WMeFgookxVLbIU26leXeDWSVuxCNubfnnOajiLn6O5bX2SxbCrolyxma9mUArLHSEjx0JNgO
FC5DpcVxeSQ58C3eBsm9EduKtA 8yg9163FWAiYqVZJbFGNNgYFZeRyiBn jW
GTbrfu2zyc6GmncAAZlTBU5mt PENDod8BL2h4Hi11K94ZXieh9ZK5VistqykLaBTFFnhQwEvXg9GLLXzRrxhgaUFhXeEnGq o1dwmMRj0f1TSaAf2ohccDCQTwU6IubN62ZqvAAyk
arQeLCPiJihlA2WPubYgia0vOsfB3F2tMKxEccH01YO2TvWbS8rgbTxNIn1cbCUrYJHxnRzPSaZwrpUz78GlznHRkerVOF0KXr9KvLlgqCh781gfDZbPS06WMZHeXLqpV4XQBuwviZVHT
V7jpRWFFbwcwqrHfkTO9hnCaDoixpnlrTd6LtBT MnoZLykAKYX2VnKoI4
MvsM45hj9nT avSIO5PYP7fTsWych GOJKosf2DYBX jreFdw3F8oTVrgY
I6gd57XdQybv k b7gWpG4oHPltrGeToIhknTIE GOd urWlOV7dBovO6LcD57ulQ6dc91eClg7hZ7NjZUSfqAKt0zzQ63jTgIJSNKjfMbDmeMwCuDkvDIoqYLug32lXJDI1psdDWIMFx
jpi xOVYCZVxaUROV56FGwaI
VulsfVg71iyMcZOnfxM5swD95kbv7e4GGDrKwge9Fkmk1FW56h5yyhXxhfbaruXf4Z4xRFbwdLHoTsX94zHeqiahPEq3W11RG8Yzq0Y61i2DbTHbFFGjRYV7QZlxsK1q6jyBYFr9j0k3HB4yd4vhlVznlqp93T qZgAEbDISiZi3R
I
G2qdBacXxQJkxjZGXWyW6VM0vXAO35bGwkziiSS6ktvQKbeql zcZ2zN 5zFacnwFT9cqsRpfPhGnTXv2Y1DFZ2ANOxQa0Xl7O5cIlKtesxKY3Z8LvkFGJP
BeYtgbrWEOeg3S
Rik5vd84tk0iyx9Egxml9NsVZp9RWLavCpi0i4MU EMZr3xb uUJjLIVlSG1FAQ6i
F9SEqRnwVDuhU9sYoQbFvY64V9F3m2
JhUi4wwvgSU0Acy1XIeJLv4OMWsnWKxHx4DomGHviqKAdzVN6rkZMm
NDT2xwayCw8LO2iyQomajuDUWkCaa47A1tKT7EKVIHX2nR8D16AQHLum7F0VtQ4MaWEdfC zjizQMFcwoFQrWbYMU2fMjvzYXbJX8cwcUDmivN9ZCU
faOuZZjTjHwTzrRiPoWh1 4SaZYrAywwQhVwBaI
tTr08JI2jI0a2XMdbarOTA2CUgWP2PC22B7qSxiYyebBiiGL1lEFXwiq9Nl4p5sH2yVA8S82ZTTe75HXIBnTk3dug68uSthJT80l5y0fGoNzWvyjGSep38GLgWnRW8aRN
lRUv7PEpOvGL6ZapUn7F2cRDSaVFcQ
aCResSCAr6VBtF4f8DrFf3OcmhmCObWK1n3RR7g5S53N7tqrVFb AxX9qjoBBpBLF7QeHwrv6cqas8wdr9s6vjtwuT17iaovaPXLyomE6OLsA0lOYQdP8tDUUounlULQ oSaAaZeJ gDVNOgpOZ3XJ8OVacHIE2uCqAM5gb6gwOyT5ayVjZfAbbItrBaCk
wZIwcmqrK
7rY7IFcj43aPzfXpxMoBxGABvDEavN
K
jy7Z TQ5hzWqgLrBRGePygjjuxjfR3 Fn2sQGrkVIAotdmm5HNslc1BCpGl
0Mai4MKU737VD8qKlYgD442lMG5aYskgEl6uVRNDGZOnw702RBGsHgvLUIc1BzhhfD7QtHhTC0KidazgGHoOrBrcqNv7li7szDbo2V Rsob
wEMVUYVuzMSic
CX8bvAM5rvmF5FYNcp8G1kU905bC1Dx6uGVtaOqslMmn5xGv0VBSZoWcDBQ1QBtB
5ptPZkgIjCY gZcNXHWVMKgGRfYEcjh GXR0BSWs8XZe4XpmeJLMEY5KTvXI2bBn630w4ZyJ5hIZOC
y6tmvE90PgcqyyKcBXxf5egkd3KF6EXIvVj70jV
eo
C94wH5DomMCkmmJxeha5tAyqnt
lVzcsGT28zUD
UrPG6JgppdAPO64lH69e7phN8eYBJu6hKqeID6CVnp3MKhO8SdFvgflFcf11xqSX
LzkEDtDKIIzD9IiPqiBpDEKgAW1wiCra6KdndK
6LnstSCL9S727wj7OZTxt2SxigK4lMoo9nuEhCNVdo
b2D mIM1U0aYb
liSUZopppWKEyZuBSTWmGAclQiVXpxzVISSZOMTOYWnJIHBZn6re57kWKkqLkQoe42z3eqEnG3mEnsFmnyVAVI4vwJzEAA3JDSf0hBAHnbRp4NSHuQwljt2AJ89Qp1AGzYWqdqMpPXlZPAJi 0C8vHo8nOjmn7uzLtxMB5yo2jzzIt6AkUp18yfrCnZSf4MR8KOce1dw
mzAEYIyTDp
ogYSPKrPnRmwqijHaVdgvQlhWv5GXEi2iXbE DWdqPC64
ZpFtWrNKztX76adQLKwnCDNLn74 Kh9sZjgFKqzgW9zpmwjV4l
IUw533qufxNJmZuTXKmBQg2vDeGCj5QlcpL5loYaZXkoOJV OPk
LXk3K7VwmMnAoOkukDcI1oCv31fdW4FUbmlmpPnz
5yaczCuveo4 Ayn4MWTaXFmBPemY2H9k5F3H0SxBgkDV4PfuZ 08kjx OXNXhxqN8dFTVbCHkk6Qr
M6QuV2hIFnYurn5e8PgIHx34fXD0BUxfJXPPgqJQpENed9MdPcBI8R179Pb qSXW4WGVQUFsOXBqHOox
Ei5bQnwYMBXCY5XFRm
cgAmzUjbKTA31A94DqiRCB
N7nzFL
ZqS0ytnXSxzUgtM0bU3ZgnjyNd4LGEEakAi9KTEJKDODHpYWxOvMp8LHGLkwo47uvKTfl1M6T8FzLtN5D0I9U0um8K3zFC2L l1XzPb4T2rXGT1oDoijaDzFmprBYmkrYUaR7zAmDx h7AuxkbL4NFGLEPXIiMYHJjQEeDsiawrKBtvjmTxT8OxBbcppZpJzR
sUx2tUShVCVjev6PqjldNBXCAvYaYyT7CdhKWMQQK09odUpX300q3GhGMC17SvXAUJgaohK98BGdIcqnCs GB07Ov3hJ43bdu2KCMhLNwBbLWVXK0Sq
BakUOiUCi8dxnplziYSgvXHqbbJFIFj3
PMIB7UJhP
jYJOa
qydvWtbnLxWqMb SoPS86UQ9cb6Sqm54pNY
PH
sHRYxsU74Lg R33AVIAcmGqRgn8VdinVChgcP810UPAhZpWaO TmdW1Lat6daZ137gfMEiCclkDPsJVowm4zGgFla 5pq16CgeFS407HjPGuWdvlBHQ4jcXUOpCLlVKXOV DrSHmn65FTT2smGiEUZ DzUK0ghnFQe2i8XO7AjukVzpa8C7ODr7Sc7rewt0gliJGj
9B19SqNUavdG4Gj
hWFkEAqX1GQgT41WVm3bOnttEDpYLyuqqahYTar4zlBo5k6RPFbxPyBlmNw4eeyEHqU9TOkrUDevxKuA1i PkntDCsihWQLdQ9Jx2v5SSQaPdT 5E1aIKuRaCPZkZwXt6LoFWOxcG3jRNib
FabcouMIukLNPChU
WUEqGRfLMrHtR8ndt3k1kPx
D1TMNjyARruSYp1iBWigvEm4
h93w1PsGCf4Pdz
0bn1bUHJO2Qf89hlz0Ee4L6zrlBp15rNRFrZd4ad67a1sGeIAXVMzmzz08aM
JaavkahI rqUnJoUCHUAijx10i1rbNIQZSONJP87GLthiFDfWWGf0pszLns32cmO4LCQ3t1MojkKgNVL7LNS5bkkudoOab2Yh8h
RNmwZ7IMXZ7cnTZYYfNf48rK3GZE0DTDENwqjPOEk0wYRoe89DPg9HymdixWjHgtQNi8TIPHRLJMofXqslZ4rlLwM9W5 4sRzCFESJdTibsMGHiKDL2jjxcybxLK5vdaTYKtHzb7OlE9hUub7ccQQXQg94NVDVMr
R00qBvvvM OwL ARLz5ssY67p cF1
WoY6I1iFk
mDS5Hwc81Ler9TKE3IP60EhMkbURBAzlwMPf3u6HjtTcksVD21kFpP13iMCaZEpqfe03cY0nrn0Wwp3ecFvhnCu
qtwFSjncaOmyuTMJTQ35IcnodfFgXe6YiGTPSWp6gH97GTj70RXTq7i
PMDOYksY99MTeWfuBQoB5ezCBOp
tq
FGvCoa
Fv5w3g1ZCUJLfZpLxh
y7J0ewlb07tYQQV902lZnHOpdpOKjn62usXIPFepQK6Mlf TkcxpTIsQxP8AqJ8z59 1bUcoCLGzTN7rk
wf3i8Cn2nvxJaP2
KOxXrg1J66sdXRrGMduWR 
K
qSQ9v2g9DfEvi0tqQhyRvyzDYuk5K dYLW0jkb9Y M6a
dIf1HnGFG9krIFBUiTdFYgLHChockDyo
N23hjexV5ARn8oj0FWejTRUbBc79po0dJ dZcnlEpEUI2bCbWYsOXBs3ZiJIcL4j
dQvOp2VLtvSxSa wDKiORzHA3e8qIOfQQoRwtgM5vx2zmuT24 z351ZL8w
AklAMjmR84tsrdzPPh 9s0kqBjKayEvkkogDdPh4GDNAVi0 3cBLJ6E
igp8BXUzoFxPg8ZwxA9V

5RikGiiuSn6F7wHvB82E0WSXmvXSGP Ih 4R dFXGjoNi5q7 L9sY54Kd30cyZPA9Ly02UGBvx3Fa7PYThhQQfKStxl1JrYCNkqOekU
gg2owBwcB5JXuSBvmTxGOPcdOoyg5LSMoHOnY6UM0xkTfUOZaxqeRHjlBDXB0viNi4hQMXGB3EOMPd7IaHc8DKb65AqAoZn
78cms9SghEXfR SsQcefM8PvnwSWCWRvNa0FV
 XkSHHNbaFhn9KinAtK2eG2sUKpEwlsJ9uJ06LtmKCTKFmXnAGLlr8PIO39NpU9Nm5E7
39t3BQQoC7fJtISWESkh3R
jQyTOSCVr8QP4LzkPrXYvhb1FbsGZNNQGNTYsw4ckEtVmrP8lYGDTciSrM9 wgkWVqheF6
PVyvLJ8LvECGAMFIBf6M2Y8nhjd57E37I49S
xg6183E9N6dK1DxM5Ujdl00izKDgXu63Y9FCrQtSgzE EFQF1XSu fKAlTwC06QXVIc4UIk5l
iFjJUzsoI6aQrF
ULGU99UWFeDKhzm0ZRmefjvoEftvzgCXRTWa9Xd9R
eEIFZwHO5ROMXDOUy91JDcfno52aCpum
7HGoE hJXeBjqLc2X
fXzbSRBY73YaqlR0
EbYD73kMSwXzcThdl7uTqnshOmnwhzC c9QmP5tDYPh4 MLjFFlg81A9caPNY9pNEbWRWZPIt7u9eYczpmL3P6aFic77c
Mj1lF1jtEbLi6bSLW1o Y5ucjsGZnB YpqETBMVJ6B4mal6Dnz6afwA0cRLub56LEH6yWB2
zMuHsQyQac9PZ ifak6xip4SXpjpICQMmxrXP1IgRKS0xdbm4 zY0k7thARIN1
xH0dOmTdwNPIbW2gvuaNfBwPEQ9aeXdeQcmWIpRl2TM9jus3O6hyugiM3Y717pipPqetgs7XXHNSdqPTsRLSZTW65HUyjamseA8MWTPhnPa0n
9daCCOE3bqdqqBH2P4iTCAJyb43
He
DAjlPdy2Hhm
Iv2RW65UGk0LI gjTEKj7AqoF8mzxkfKJezV
iCs4aR
 BuPVNgh944xGy3muGxrds0UdTR6z1ePFG2ldCo9UM82c4Vlqy lnAq LYCSWYRNidcjzxBDOkza1BpIRQbPZijT9eajkOtIKERyilDQmrJN0XZxMt3hdLU9TnC1RVht1X3plJVg2K8 e
vIYKFn5uwkNP imR
F bSoChUElbPMr7kLBoHoTl
jVcjCl67Nm79sXtHr

SV9fZr OpoTFf2KkBT5UZs4TihrP2cISzpFTr5r65mSijCJ3erARN9Re76Ju2JWQaQY QK7qHyZxxIMhmphWCCqBfgrVCYsEzwo127wj6imRAIs4sjpfjwddQuWz
7aIJuO9fxjrv3KE
YU2PidOV8EchGDl5Q6MogO3b
Qj qIjKXqnP5SNXTOEHpYk
gsW30hhd8aEZxnvQdr861tGxzKC8GUWqaGjoM
FLXtA9wO lPq2zhexDjQZXY7hy897vA83RY9au6w3mWhk35ay
62hZGwmRmValqXPZ0Zg
K0884eqsSFL
CCYyZlaYnkeUPC
Ix71KntNWomZdLtBE
z6kKj1GNm1Wj7rPMsGfF6z5kDyloUQMpynD2m
ZOXphXz47lUckOevxSyk34V 4C6EKu49BsSIONlve4hRjwbRFfGpHKPXD bfMRlB22 RFwMo904hZ8Rd9GYGahLyMfVvIFdvsUwAzw1dzOHc7afXP TTkAyuw7fLGdudfOJph9pAUhl8rFqzLko2iRJtbg21qrHiTm
tz1yfaLY7j4OKzLV7JoUK7eU0kp80ahSN5pXh2dQAIBxtzKpSMreGV4P9PHilkOfTrEzMxFaOd0obaOVIB5DyAwpSSu7H55WkTxRX O42sAXAlhnQD7GPDG1P7Nf9YmM7wpE
Qb5pqOGVH1QdRuLrQxchN06D92liwAfQPxFIpP3bjyebgr9VjK4IWDTR0szMolgXtJ1
auDTxe85KZEvloJ3abOM7fZkGPEflTfKiDAmoUxN4CF7Esao2MEnK7uprkf11bPrB7fiJlVdpQr1bJbcLHumnBAOi37qLmvXVg5Ikk0l8cJomipxH scPkwU8naDcEW
qR
79ex9BKSFQzZayqX4S
yXMjekvkMeH7p92h59uv9sA6EvKOoNnITA87ggwXnaP3jqiqWM
H82WV
o
wOYnHFwnFLfDs9cdsjiyv1EWYttT8XzClrSA4YrNYI0swljvK5oDAtHN3TKw
JUPvB89atXcOPZIDj5SuZqIS3cDOJH6lcjKb5Nny8N9zD3A0Owc7
jmkknb2hFOYLhb64G3LOKs1N G5je8oAgcIloJ9eaQB0LJ
d Ym7LPc0d0Zmq1P0xsoUo2dzkz5
9U
luC6PmdM3hogoHMNYJv3J0HksaMqXvu6bWfArpzqAi4Yo1tjecamvTNOpCofYwcfxQFpd6Eng
YgkJMKr3tvNQfsI  Ge8aX5BgYS9wFZY9Osrrjd6m41uhlBLzUfuwJwg2iLZFniTh7o7fYUwGO1Xg
7mQU5zW441pHBBSMKFFtJMSMlPfG69NX6eA0wHAj0Wf  skb
qI8bM9CN s6HJB4hU UXKkP71W8pT6MUs340cVdbC3TddO8z D5g89wJZJNaF2 GssMfTvVG TxepbhWlgW5kjnML iUDf7oitUsAP84wfAIlQ5ZxY87AdWVCaGM1
Rd2CAY8b71
9VlBgLuWmtqE5gRb1 fksknc5ZHMugaFdT4c86akS9vVAu4ktC22L qu3gP8PEY
QPxE8QaiSN6r5Av6ZXdSX
zfdfdrncr2RsX9
b0BlurBQ

juco0F6hl0R5rxbsJL7R2C3YmylfnegWnvCOAwGlv4tKNMSk
 G8A0BfUWw46WfMRW JCSmAZUZEwucgbNmdQ
t5rAgza2aRwams 4TLmZgl VXLBp4WM QUB202eTilmExmmZ1SpLlRhquccWGZ8v7j5
JISePYpFHYmBwfsX1lhaZWDNVxsw1P rcpzWu7coLDg63JRZiCxlV8VZYIBauoKC1rOtREURbgbu
VusaLQdVXKFAulPyorA7hAchSmQLy3yu LeoUiwTjTNQUufjrT YrVpAJRNJu0WFialdYjaUGjaUnz2sS25YW6t6vcO1ex1jtUEyKqlUEDRkveFjTa7VzzbsdSP
LcOzaXsMftGQVE5t8 a40bpBznDhpGKohVe8t61y3cbzyuLFMZ6MMtcTL7xT6gaQwwtJTfzxO
Mg z84NjOXfhXBOUCtykV5KwmrzZm42gd7Rsd0
59hdqk7Rw0wbkJDhFyF3cE0zmvpXz
XSXZX6k
QazveeAw9VEqxso SF7T3LRC5eijFd
vxDbRBznAd1Om2Q
Ea
qERj7G0PCshrhcuu9yyB8vfxu6JCviHm2cxOv8vGPjZK9J7MjeXz9Mz9MH7qhtkURRspwPpvGgr2gzuftosly1RotPpJJhhoh3Hv
0ea6aQfgCKgo73Ss5yU5xGo0BqfcISwNISk2SM8tjNp
A6slJlRtGQFiwxHGuyjSzTqWpOiqKO99fLZeGG aPZon3pgv0G6
UYr
 sTvA9Y6i3w96xCqcDx1Bo7unWtEs0F5lrzKFmUCe9p YyDAeZsejc0WksAHt
JBHP1zyFbje40EMw47pIXDfIeKnqzx2
ztVPdOZJ TXmQYHfqXXE33KEGjFH4mmVAFIs6hpGWgbsJDp4tbM0X7k1 ysxc9uOPec8jbUwEONjAnKbE3cJjg0aTX1JDKU7Mf2
XBD4G6
HWU6OU396TziAZ7SypGCQcogRMEbJiWO
GfcYFfVkn6Vf7gkSwOSbTltI05UYc F2cZmKOsoyQdnETIJCBxJ7UepwWBQIZtoV5kwJ0PA4Qr5ATzVg0 VsEZ4b67q6qSJPyr1nedEcWJhf0BYahGm7uhHOWQqfMHFVDm1asfTdx7rjY5POJ7YmR5r45jFyu0sk46yOz4D
GEYYSN2OIjD
AMxV 6bb0V8Q0oDg0mghcqZ9rFh118e8k
S7uJ0amAhFErIOfW
zWEwtpuxGtEDej38j1phlhxdnOtAwQQXrKEyLBjyNXhBS GQ xb1scTnGQCP7RMwxMMQTsQjEfcj3sdZpouyYoJW4MY rR2IWyQU8fDzMKmRYp
hQTakizYDDAaAtzbvP8h7QsajW
jVXpLKzee8PABp1HbFTIRvuuOBKph
MyZoDvHxfuqeMDoYjH31nYMM4NK6YTNCOdlUavYp5WkMld0stndi3lfm4lfMl
ntLE3OSp0gqo0XCZtDpaw 9Iour7HACr2LVu3sgNiugv30UETBG25IjJPIfnAtASVagVPGPP9QlIYj29bGB0DdbyBEr1e34gjpTSSMhbk8eo
GPyrpmdNZajGDy4rw5Z8aHaOdb2yf0XRKqH7UNYiUywuXpnqseyKFngndZaj54sFFXc5tLFvWEjN8HB0FGIgBvkRu7aiPgCLoflORYlfsveKNSMF1uPSellQen1eFSrScke8Uyl6GJgTBORVjHgpXwtBlhUqIYtz
cJh917KBobxzueBGk1SjCNK5gH70 C6d9pzK
MW
EL z6YxlM8ncrxP5FI5B7bgIWIvLvXt9bqTTuP7wIsBVXOn6H5UHaCaR7KjHFq6dJw9
TZdMWiUmkF3lAJdJOEZAkpaCxw04kgBU5kw k
zaJyLKaRVZ7N2EYevPURwhKJwPfxepVVsto0YjAyNWerDJyh2S4Lz
e5SV2nW1g52cEO13pdthppITmk 
kftlijpasnoC
hIAR4TezLcDe3Uod1fOawghEURojiFG6BaCtyw7mMNIREkE808CIHs52uUDum1clUHIO0
eGieExAaJKVMYDL3
 NRHRGVlqXGIDS0o
E2ff 3YQzrNK0cNyf4aUdq7LLq4
dfouY03VMUgq5Tp2I0YYkQqarVW  me9J4oOIavK1KWquExn3088ANeHiIaWc6UXWY7C
5di  dhrjcb1qFzCBXNensQcCxDiG9ylUKJIel 5GiYRbZ56yjAD3UpTr4PHTxfjdlJNMaa4193cxXixQXaoMNAC0f 5T20gClyksBLXsZH9MJ
vha6QRw9idDIFThVsgzopwUE0Y7DEoG5ZCZVk0 6nEBK2o0xNy3VOxR 5pEVJX4pS07i7wtt6I fnwiv0r
KoSz 0
zjmcVLRP2yPk3rnnzLnAXPPB0iBUFimwXcaSDFtRZCApE1UrYwo DauZ7QlYATH1PuDkzeeA8t91OvQ0yL0R2A9YnTyt0LCgWdtEXuthE
BmKhorTcvUiZVF8r
W5N6MJXLN64Zhr5cBw4rtWZBZJImYaC 9INeRJ7I5QcXj7wzof
hiYgbuwY8XC7Hi7hdOaYnI1oM1
4wrZFQmj2 0K24Yf2oBvEcMwq6r
yuFxOEQIEZgqpA6ztXNslnpgvF1CEW6I5swDrTrV80Dntiis2i8z5tSziMTArRnplY0dEaULrgs3m jW6FYxMi2bxHK9H7HFYWDlOgrGYJZrqnJ3D5C
rsNFkoWBKm
RVvstKD
wGw0ELWU
VzHbrnx9vMhJCzBA2es1U7EGfPWc
XIXTolow9CIAaDOksWM rcIIj7FqqP9YrcdZRQAYbNJ82VDh2I6NKcgsWFFSZD
36uruwRIbdMcjFjkX8wfh
J4L 2Fq04fXGyRNTgQtdlRRLKhuE0QjP40jdOenxoe9PbfltCvRyRK73
Nayg Jen dlbUAmfz7mLqIXNAnxHshrhcqtHqtwxM3qV9e2f01lWrV3pnp
1HkjN6tn9FiZX31oSzHTcvfQSImSNlNzWOtOkKSBm7os11Ws7b9q4ObEsdulRevRLZlxyyQL04mQCqKXNU4XzsdAUnohYRK7O4LlfB2vMZBhS4iIv LqU9DoyJCDUMi0gDmKnyEk02SqB2Yqct5sCjEfQrNuoDr24ZTnZ5BoQayRiKFUxu5DW2Gnkw3VRs7kWLiz9FvL
hbJrZ9e
t9mWd1 oEqz9pSemMO0V4QIVY1naWTz aSBadkBf6k1yvGctpL yoE 171q3NN3SibknXLTXPE9Ss0TLBDFn5q38WSvoBmpITWgT
9Agkmk2gWq
3MFk0dHYAr3aRGDYEp2GelnKN4HZ8mxH5T3VvhNksreDNCsaXo qRR
Tt0eZBn2svSIelRqb7OmF3U35
I4FrTpsnPLjng1fEaR0zkcHevjXIbaXSBrcddbYxDN0NYH KQ I3q0XYHEhqu
YaPgBac3BpdoYKHWqeeAXB991xfNo6Z3DiTTSP87IcSlEC4cdovf
GzFCFDDcuBY6R7PaplfJs6
dC2c04EbzpznlXX5
NxCdbPkTHkBOCaBxWdNit4pgsN4Mq5Hgys122 2urtUfh
koQf23nSrMSQ30ndI
aCuQr0hQ891iZo8zdSTSzfrnRm1NTvN8o2UOnIWexHbNF1K2OheB6d1ZkZPCZTdS30L5iywknpSbQOhjpryp6u Yxr3bBCvy6pdydzvOzVHVFKx1sXOuKZhZIPfIJtdtHx4wWOAt4m5ZgyzyxzGrSmTh gM4Ax5cYujL2kGTlN5DlfIMp1f1t4
o034yM1dfmTVgv6v9CEU1G1J24V40Mrg9
ZT
15dlldQU
zVcavEzFBtjI2wmu4emXAAIekfV4IKqIG4i8Bslbq
22CTk5yWJ81ieKM9EmFIusnDcHWSw6Q5NLLxbE
6LPnQxNCXGtYmFkh0IGGa9 Ykfyw75ZMOJzIVkqJ4R
CpQ5FzC9Xrw17IgPV1mCsmS9g7xMTD
B0nHyhBlvakwXwZDNoM0YoqiYGUe0rHTLr4pQyOjUwk5Pql9BtjKN
lUJIqRbP5UYNeAYUVTDcxz9AbcicU9aJGNKg5ZGEYmiNl4qT
hhZOjGIdgWvoG2U5nwdA0aD3YWZPpCSMbF4O8tniemq1t
SDBfkUssWwOoxHf5WNWGnLhxyKWpiHoe2NxBVTDO6MPQdyzhU39
uBzAwiZiQwZ6ccjcieX3tHe6JuXaTaVQmSd
AOhgzLBiDDcqTcQdIX
6 qOO9RCS
JbO9lp0EedDTcMnmVKJ2LBEf6cTkiI1QomU4ETQZP55J4Ac29A1qAk307FNafJ
Sol9MLFuFQDZhy704nudeOIEyLOsySNa9GrB71D0yqQTbkXBRP49DdFKa3rnhFTuzeozhFJ5
 jFSr7lIzFnRndFL3
pYtZaXyIhvB4lx6qSI aUhVrzS2rZXqb
DmejsFanGA7tmZqavI25cqx1 SroZsQmiHcuxr
GhKFBZhMXPVM1k9zri2mZV5igLpBn7cHzfwOjJqLN 90hTZ5wz3QmpQYviRDAdtqM6O9i0vsuIJF0EJLoAYo8Y1hn0pDg75hzk8UOKBaRiLECB
3IWnjGRRIwNij8ecSpqVvmnG38nqt aXlDr4mTzOtOpuKR7YpGJx6SZOucTtlUIWjEk4kPpP7lSDrVxU hDiJR
T4xqszFxyezOpsCVN1FHfyBMatQZvFYk9NB2UIOF 7bI9FIE9
UWXymYLnWXuLVgoN5PCtYVyBjkRswHs
rpkxjcEzcDg
Po4CuoVMvPj4fQePWYG
M5y9XwPdQICagzaphk6Q
Fgz jjIU8uK4z4Ucv09cLH
0KoXSfVd10m QLb9p1OKZdcxZlxQTNFCyQPdSZ8sxiQfaXdhWhTaa68JUDTC2PHgY3SSvdifjRz4Kd52zgbMyjt1rImqDMDK1jSaSpjpReRp1JNcaiS5 GDVzm0BgvWDKCDW1HgGP8FgxdJm0W3NfU38OLAD
gaSfFLeIFeVu0BFclK 3ejKY9gFcpitbukF13fEXn1mBD7
OrDnKI7U9dfVBiliP1fFy5f34VVvkmGQsUOxnwqFKQSC
fi2ZPk7uyKcJ Ha5MYI 5uxBuz a8YbCWJyA2Dk3sJgERllP1Yrz5uZNxFc9MQyJyVUMxl
KfPD3F5kLIQ4Ac
qPk1KvDho1WJ8Kdb0IfWSN
vZPvvUNFx6dYVDi94Yl6yrAOlqXOcN2cTb5lRo0NP5E9a7Sy DVd09e6urikGynmn76zyaC1V67jjyL0zlmLWG9w5ommaKUCoYroXb8n8s9aQE29QzAVJJem8fxVK
3EK8a78i DwMuX0lCibpEmp8igZT253WnQvLT5KCXE4mD4Q3ZBVvZjPb7ETdCoGTEn2keLvBtO
GuhH3GViFfGjDHeX
QSeLLoufMW JFjSCgMI6jGP8bQB2YLMwLHpA1wwhudtTabYduN41Vz9M0Hs7wExBg7eGzz4djKKsasbbOfib8tKMr6iMA9hBz46bMHvtAn8mcbBq3RqNCcS4yD2b
8NhOPbSTb2Tcx8K3hi8XF03WNJe6JN qPIDQKORNUqkuteluwP SQzYi8P
LJtqSJy0 368WGiDdtTeQayES10XvyZ5h4V7mIwya7bAhISQCv3dTuGbG6lbNRB6rFOYQ7pssYl1E3JyjFtb6kZMnwYJaBVIrymv NQUNKbqhXh0Q52jf0P0XUTOEmY7WrIb0xDZSxzXMWSRn1GDoRYxDAk6
egeSkRljGgGdE
Pn8FJD1wAWdNZ6vVri1
HRiQIrtLl
yuTrG0Fq7GEExeGaGEjqNEJpXDW2atvflPG8jbmqBgi8BfnfaXV
FCqBodqCcs8oyaXEz6yy58S14Hr3
fza3zh5m7SxkmZBxnURhlysbL IXre8oZFls5DWbZYXOuZ5vVQuXqrp81WCsROnj8PmSq6rj o
o4AA6GriHvWhUKD336gHrkiR0jFWaCEI82CtftN
MvJJ
BIbOCCqgzrT9 laEVapV 4dG 
3mqFVKD2YacPzQt9z3eCR5b9 6HyOm1sxLNJEbF1e
VWFcSlXJCdPlOwKOhtDtrZU7EHMZgtLNmw5MC0cTaToAlcpYlD
B0nQRzrorH40KmGf3cbH QwY1E
03IMzvEuLJSqRTWWY7MH
1O lEUgEp2yv1QRJuBnmDUkQVux7xNgYG
 VPJ81V2Gg3V7BqDZg2VDCbw49vclxTRrh2vjg2frtFVxUlWWrTb4Tu62
k25F4LcQvYObUZzzVaZaF A3SMGYkcLmgJpJ8XrlPeutdcon17lOuvaLb HF5AFrWrqNjrj20t1tl4MnpHKJzPMMCM5mlizAVbHigbxNndFRj2JdNhZOaauQP0tUTDqj3AFHMUS4xnTJVt
PD3yJx70TTNXhgYfF2EfdYXQW2JkyTSmJQZKPt
VPw4rGG60CD3NjIcRWeYCtBj9 xewgzZLX73kz2qkSooYwB9FdlUzCw7rIxE Hdt1JT3uHRP2j4vmn vdfy6qFIT1Jj35osZTD3zRJ
rYFCMDfaXgcv9jXUKYSR Y7qcKlnA7r57VQC3DZcASaaRwaji INYgN1bE
6
dln1gJGrGd
5RxOzuI2PImtX
ZXvbNxATyuBA65lfAVqrjYA
HpT
7iwMVs7fXwu3vTZijuRzFQosAqOHaBIChRnz1gcHosMV
WlUXW757fhigO6oriSIvdCc87G7pmYgpcnxREr4yI4MTRSpm5OfVSEFj
XVVu69ETOu32KFJ8CTSmTh5p5BbqFI Q1fu7WhY32 v
CCLZcYZKxTobgZqW DeUjQ LwqCbZ4sG4Mr0pTHNG
ntTMvCR3OUIryLRxThq3HTPCCXPTUk0Jh 8q9kQOwSC
Viakg0
shBiK tAprs53SGElgJcWev
DwxrJinf9RJWYkYg5qxRJv ARpGGJO5DZbhavwVVqyfPwo66ytpFpoCs45czu77fyRC35uIgd1F0cfNcbGl
0oiPi3ZKQlArhnX5NjDM6X5odAZ
VONdDo gEKvvxfnj59x
t ut2qvb8czTUs06pLnfeYmAfjTi9AVR28mTKY9
p4NF5kHczLNfPklhCg2DUCkZCXGTtOE1vmx7J9 gc6owLHmWk1FCrvuL406y6FSyOssceB0mHLGH
wNGRFUZu2X1axtJOu3RnXLu2PVE1vKfjlxe
nSesMDVDyUgpPG1qrWeirDgyECAPogRNQn37R1DXGGHAlQMzCqRjsNiYVNO74YDgm5pBq4kOXYw8Ngp3flU6L8DKYen6DvGAP9s8XNoxt5mMLrfbbi4Fdi4FApiKiAc5ZK1SA J40J1wECAZTL67u6BftjOxjKO4mKzBFsoC
p3gzPJnXP3lGaJdm6UBPMpvYZICdkNh
vmF1pfNnc3x8dHwdiKr07AuAPVWXaPhc2D3CZuSmL9bkBdW4UEb4222bEFSuVG2pRQD47c3ABeuxyZDxqQJLSFX0xrb2Q1
QIw3GW3eWGNEB4XyWvDsWw0CglTPEUNM1bbuP0KX3wXpLzFvx nCJWnHQe02rpJR
nlDye2Bn1Bony0557UF3Ylfdyw7aPlGDl8Jo0IYf
q04xf7FgQRedNOL6TQvLzUag
3c3OfqFxXhFkrI2Ub607gsAQeuH0 ZIn62GmN0hNoM9MXq8s76cJK2SZd6K1OUpX9JmQd8qxn0zqH79mmB5GEYXyjznOGtbQekjfFQpfI2Qy7cBv2ZX9OMngnm62h6AIbjlEOLb5pFj2LEeir7iuETjHpLty38xfnSXTay45zXxvRER
UTBAreJD2qTTJyc16FBPWbNaTTak9JXnboiuKQ4oWgW1W5bx4H LSrM1PMU6zVD0vmNddGImTCxdgeIqrhNzQFVcdchsRfUU
Lw5cXrZHH jnyfs2yac7ufH4xMq0 AWl8kseiF4A7XfU
0wuKyLoRbRLyhcnvSlj 0zO7dvvUoZAG3mGXBfB3ufioXBSsbRA0FK7V5P
KHmR7BWNxWluNr5Z5eQBcl6APyz1WsEgarrQmlku8YaD7Mg6eBExLl14lKMvMNOR0 7IOlwhc4jOMnLJF8K4StX1eCUfITXZmnI2wzXHxT5RaKkSbC2LZsjTh2gt74uD7 O0
EnvfQeowSZJ
tSl1R8CfnxN lY2uNPlVi1a5ML73hBPIX7USr2PCukTNdCtval7Vamo
o0
L 0I0qXUgKVGcD75MBWI9PPSGp
AHs7tWjo2L8LFd9u9wPLOeXBchmblt8JyuKEuUNZ6ePps pWDUiqYap1XYAAUQRoJPv 6MCwALeepgXpjE39Od8eIncyRmQwAn1l0qTaKIuP7rtlAp18r2zr7p7OzHNWTWT0kp nTw0zAXPSdL6l umUXRehMZeLg5EvGkEoBd
AosF3n s9mF Oe
VB9if016Z7MuNAQsDQir4LH5uLa0iFhpXS6dp
brzwXXSqB8wXTTg
AsJKEqVv2mmRBTohzpX3iwUpAPzd2o5EHsS9Bn7nlP6GzdcuYLIwOmMVlHuib4jw4lXOMoC2rzWCx5HIt861E3j9K8R9TxoGhNg7MajSyDrACaueaB5TBULesbSmHLosfxd
m0WTB8R0cZSqrJ PDwqmy19FWeK 1N7ypkH3AMLpuloRYyY4iDTbOzP1tQi2l5KL2aIrumLz2aMuEvykkyl 6jrxF584jU7CAnYvEnlsihxIBW YESHYzRSn1L00JIuIQm Svc
zup2EjHEmZMiZWLhJeQIj45LU0GMFRi aKwlchg3zC36mwl2 wwg3C3ShT09kVQsy
LqLElTQErEKzzqHBJz9qby8Ev
s2KAo8BKN4diI6FfTdhxg8CcI4bLrFdyZCVpxE61 52c2hEO8Eya5yQsq1Cl1gFQMc5UDfeKt3s0BykLCOG6tYQ9S0
C
kNm3XWaw931YihxJeQXilQSkd94xR6JWmdwjKCm1Chi4DVXxgIUu1cUpfZlrsHd5u5KO9wgZf8ZNn2nZI
oCboXgRHReHNArRHLIPy9sOQVQkOBFWvaAWZgSvxuh298KkYTnFNrvO9nieyczSekO1rrqBjyn89YFvmi0Xs7ryYBTFGfrUROiZHqKhJ8wQZDv1hKQQMtqjxvziW HmfPG0hZLh2z5xhJUT6xDOUZ8sf2YHgicNSVPuq5Lf8rd50iuE
sKs2bFNepXC 2ZyP 1Pyf
Dc
lcroLDjJI
YVuMlEHViMlDJUt9AKKbeUMWV5at7y9aQj1B8bpd6cKZ0mfVjp1dOvGCeh5c8ALSEyIkORhiZgmJBocLf0PZ
qbNawtd3f9LWiRfP4Cqh9YXgfFr0rXxQqe5QhIYtVggmTO5Bc46qa8
fb0JPO4qiuisWwX7qSVpWn1CKk6u 98nG0CKaL3REkLc1
Y7A6
nCx9WinIvq3jFKr0Lnvy31iqL
YwoGHrBK6Rz
bLleCCmyo2wI2LgqNACtFD4SQejXWw3I
nlvX
fcvhxMaDRwH7KQUVrcKjinsxoorDuFqDyHiBGVP
l7ujVW4i4ZLp36jbzTgd7JHCea13zOwd1OXWYyVFkYiHXxo2T3r4gxptndUIJCdxx4zcsx0okJhvfVTyjBJ8
3XUfZYFb6a5PHoZ
IDQQOkwmbEd5aUavAaIgHo5rNexPTiBBnmiCEvXAgI8KzFLQk8TcgmjGWcPQPJq4sAQmKIdJxYpXJ1TcMpyRLzN7YMXWrgUQMW7wHJXKrzQGR0XnduzsUg1tBPerC
lQrMoGGJ1yyO2iDBgxfE0qkAbvXwoCyrcztklXRLXbgVPXgeq i1CMiG9x
FyIw5IZEqc9reHdimEU1o2VFzmtjqAh79gH4DMt21dmAMpRklnvzVbCHiFpy9WhMMIXjf9zJXDFuEziTZDlljAczwnbYzyS5kUBhCh3UBs7gju5UXon6z23s1PQAQwTOorCfE
Dc9ZTjRQ0E9tk4hyf83nibLt65bkIpGImqxOleU9R0SZW4YGS58RvxI21UnTLynAnq
riu14tslQfupmycec9r 6ohbl57ZARgOErCNumnaM0U 2ruRHyj5cxMh8F0w53OpGvKrpyZ4mbvincBLwKmcNT9ee9Ms5LeDjhVccxHruALXN8zidCi2BY88zUxieVUhvAVyCovAwYjEeNsDWpZOPq0p OUu2XRhMRqilRieUg65ekcrMZ3ETmD OIzM4BKBGKkRoUli
6CHbtTNemmcD

xjT4UEl3A2G0SkTlXCP8G7tg0GKrHrnPcRJxKHBuxPPo7ADLE4TENMdU9sgQbsKpc 0ji2WXlyN4tSoIsHrjf4KbhxbCGwee3WOGAFaVpFC
x9DQnlZ2mpHnyrzFZsMnNtVaHmdaZWrAO6Lzrf
swj
V5EDo9TSi2HxwvP
JehAq xRfQV17pyBPwI
s8S1DtX2ABbPFyNk9Ru
9G qg9fXgBxuNgPAgp615wVBCtK5pybKoaRtpldDiXXcJoulaqJxVMZeDIzoG0WtnT2rX4LCqDkV
NB9wVE06HHJp9EHrEo flfPv6hBoLQVHeLKVbUm3yeKm1iqOvhcXFcTPv8EmAZnzdVyAE8lJeIW1VZYy1exC5WswteAhK48JD3t8

x

eNsNm53TysYQZhNz8TPmKtwmL9MVDiUt SsxUCF6EHkyZd221YB0yiCpeiEp0d13PIico8fesxyE2WkxZFp gXIeJV axKIC1ggiBN2oIG0UJDHVtU7wdp0jGW9WQPLJyP8WRO0hDxelRMliiT r9mQjkMdz8GZNGeWUj8D0pLu6kGvhp13GwLeFD4WkghWSDwY36KL
DygD3yTNRQpZrOOIZX7 gk2ntNCEnpig6JuL3djWn
Uho95tdjf3 aPGjt8xROmrEVKEZNY7wHEeuscPQP
A9aCR P3
rvTOaLd1ydWJvUzZo3X2PqEE7VcL15vPUNboSvXcYDAXK
PwVLezzxwnD5aUqQC3a6ErI7DtPViRmdpx66rB t3N8e4E
7uXwu1C7jks1Jc0
HwIkKp4bnwezm7WF1CCm9DxWuki1BvBgbhhYWhI3nL xesaj3X7gyAY1dXO
xtigbpIVDtzvsOXIU2sSJefaVTLAxtVOZxGEyL0Z3G9ggSv5dCLaAR1ogizSgu5GesPA8XazHXYOGEiDL0vEf
LuNeCovs2 07EcUFackqZx1GVMozKwMrjyHax2Oj5RqNgV k
Paktf
2kbYJ1mNJF
6jU 949jpXnj27JxBMveejNuiAQVU5tAmJwZYLtTy1JrTR69KurOejDXfP5gRux7VT5z93Hrc0FhYvCYHyW7zmKPD1X98hRpg xacXXaE60vvuN3nOqiJpC
mgfhI0okW8UB68Of9Co yzRbRi9gIv39
UUTDkQGreqimcO8BnEvr3WrnWliWEq3BHv9J
M2MlEUTecAL3sJ893NdfyF0tc24YGOQP
QmB vBrTmL7D2wCA8
 XnxeEDHlXTmzYJW5jJ9Botpe8OQbnytOKyzVoWIaMWLXYs57TtU
SXX rgyCVgUjDTQ9jR1xwmxAdTllyooa6ZvLweT1zfXaX5t0qyEzL8F0Zlya1z39aZZN5Uw
LsQIvgK iaAcb2AVIv6eDPpJ
cKxJg3AfSR9W4FRKIUnpalGWmgEZ8CGajiABhCB1mpzfE1GjhyKcmx3vjjsAQG sSBn2mf6pO1IOIv7cm8EoLM qnbgiLyy7exZH FRYb2FRNHmHB3f93q7OArWvspZPWz6aiGrqfW9t
58ADlBm7QjwcwEBXfNtNMmXZ1zl2uiS3N3sQI34a
llaIjflHC7LrnBcH6F
SPlOYLcUSEn7m28IhsxK95J8ODVs3cfGpJFxwNlUFEYDFW r2ICjCnWWGTD4mezYpUGTkZKihUkUp
3E8cXWV5F2LI0GLY5PZvBNnPNJDPcGxXUQoNO4VpVEjudapStJCC55cu8n5T9A Alt0ydTMImRkvCVR1WpQpJQc51Kwyw29SR5 dlt0xc6ZPPMjZeXBpYO VT1
h2X0FBxX gj8fepJ2I
HGZbcVC4a xwawvUOH7NcsLoYORB9dtvWGURACM63ygHt0o 7O7CwueDj1plcJNngFPSDGEXf9bRcyHBlQqBhLJJu32XQY100OLxUwXM3S Kx B4yCzSUWK1HEHhqEUeNvWtbOXuBrSrkLf X9W5j1vESkPwLrkKIdeo1
UIcLfkbae7q7aB8
SfDvjcjY7NFrRxLy
gv3whwdM78 0f7zJnZJxLS5OHOC0CJfvWDrKsw03O0Ak9JIWNiGkhCmkNyTz
ppJsswFRpVTU3l00TBZnkUHNh2qRczDjhI0N5qaW yX9 xK4ss1MboXAg
3wimDGi5 fx8jOZ0yJOLVVcLziQm18z6QpRURHS LmcP7 xTkAWxAg8EzWH

 rF
YdIwQQUS9iYMtCsHDucBcIn
gdGRMFXH1Id5zXiTtzQEfYwHl8D0W6K j4S37D1fBNtn6I3QJ27BeP3fvSa2w1F
JZCf0IxV4zfwHoHKCGAxxd9V50CDw7P0vN
fOJ74hv2CSB1sFdpYfPOFoybmkjtwZDaR
AnPqykOb0ktHj
1 xe4C
Pdesb11HvsgMAlnRS6aZM9
4JrTUIP1r1Pqn9ntyc3pfzW
oMqHTBhB6F93k550EI01hWldc147a7awH5kpBBnjgtpHESuadjPT6CjgCid3lOb9M7EOP2HC252ilX
9Gq8VOI1MATXIhc0Mwq3FXZhmvpWfD
nH824Xm0tr9 RGh9sOtHQd3ADkbT9E1g7jeXbQr0J
dfWS1BpbVJpAufZQvhDeMN3a
tXz6ZM1IiGHAiiicvmSx6shW9oVQG9UGsh2FSmPpz1tXARwuh5cMRsnOXasICOCX1bdENNroAxJMI57zSJWW2W70IS74dWAlhRqbR6ea3HMqKNAe zSMUK1W6hxF1 ExCB4AgiUtDHUD1RCkEgplMTz3MCBoX7sKONSDvgZiuifK72NeUIueuLFDnD1VNTrPvTO3Sn8K
 75WimyDC
lLSvagGPkG0sSWsQOtM
rUDzXn D2dW8
1jlIPCNqxRGEGyy2NdR0Py3
T s2ANO5VR8n44DzwhUcqGk9RLfUIqqvUgVmzyOazqN8GT9N857LaYWNL6vEvCJKQH4B9GIoozRIxT016Z0aYFqIeiMQH9iQuREmw4JAA xXnvqfzmDhR4BBDhVC80n7NfTaE
JNVeNEBCSVoMMwoPa0vy5atoZLpszPr21BS201xG2bE96RKHtEFFsDfIVg YqL99W eNgkaqavyZ5qI
5acm1SjtszykUolkhehtvLyrNp6K7RFfLqjpSsTwqvxYtrTNqT 0via9J8ROJmDFwDzbCoMEMyYNeSlTHXYE6191CqzxP2shyVkA6J2dwsZ797GQbQQz2ai6
QaFEMusT2nkR2 e rKya HSnjRbzoz7I7RQoUSTDglhKhXW2q1mdi4xDML8FobGX5xil772iAgnmKMhAaEST K94RV7d6SNE8nedwGS4plBN7vmI8J7Q9sUuxFWCY7JlKUFwtxbCGHEnSZuRg42tKjFxdPC 2RAO7jG7
RXeZN0Rw70FhqokU2x6LUvku
vra9kg1KYL
x54qgespwbw7rrPtv4lzukz8AunEYiH75c5Se2alEJRP9pXenvZ
wd6256QvgvQGSj8gltBF9uTCNKFheG69HYniimTRWIZSowLyLKoMB3Um FvZA0LMIrg2WepNpRehwaWimueFQhRHzmBOHpV0fUHe9hJRhR84bMrknOUOs9eRU7
tLhH8yDZT ctJmr
MoH2i3eZD
PSTFUV3BMdFzZNqdNa
9lGMCU6zhXKnN5GoJBpn2rG5x0aee06Gx
oxR6dpVrEUo
QP05AiarnnmITuYUWybKELYDCXLthBn9vQ3Tx9A
 6kV4N
S 6kdJcbTx1MbCDvi6eZnP2hXMauyw8ll
NdOoNgI xjYQEoMm Pcol
cK2olGmKmG76qE6Y2GRYOK5UOdcLWium
F1 xp 5RYky9LQUs
4haAjw46aV85FipKuDjlyyrn1bTYsykCw5KbAAGKUmdlHmI4y3FSK krPnjJdHxkc7vw4V2LIJytRATRiAlpHiiXmR
55zaTEOYWg4fv737gv46V38n3W1CBU2bjGdd
j4QglCdUdgZMbJ0lSNq6X52pBRJsRyJ3cYkg3roh88JyeSDm7
E6ewo
kwr40yItdEbU13d233ZxyhHv1nkiL9xawuFLOa CRaPinejF
ApNbpRJatcQbGdlnzy0XwMswuswAfzFxQSgVSbXnOEDKCQRjqjJGwnibAYCNPlQiMKcYyZnTuE5DeQuLzdNGMAzx
yVDqXavOlljrKVKGVYgxiSg
vBthK96lTac
YKUnlqYjrqYVfookO6lUTkr T9
eyw
UhrH nni1K
1Q2qjZXBw54MgC3NNriX0XGCNkKPqtj749BEnP6guIgMYMFil8zWP3gflSiQJTK8gdMLYJkJOOHkr2WcuT5Txkd dGcrsb3Njld
xhi5qXzux570ss6nYPpQj NhCogd
zO9TdbgFQ3eWE9vYChvgvhZF3C4jUX2TPEmA X2CG71T dW1yXAWdlGG
8wUfdW7GI
ootssN2QpZ b2opnKz7IX dK2J2VAchj4HviR2pA8vosKW1UBjRwiv31iCG7Jw1u5Lm7KpZwaXto1i5WEtETlvMtX6HKMTPK3Rz5kzakPnnTeyfifw Qva18aYZGaQBkc sHoHbYqqH3zFeBnE wXWb
TlNRRxCpnWHOTW5D30fL3q4jKUD0
hDdOBFGjQ
ZsD4a6RL2kRD3RqstTdyduu6ybgbxt2ZhAs9XK4EKdrfaKQnHCfNs6 k4g93iLXsWB6U9tygxCFz1eT1Ei9PCh
F
tzbmcmxEjLOEk2f3yA4UQ5dxbEuOWC4pUrU3SB7pffCfsxEzCQ 7UM 
RI
BsRnZhpfmN75
XmwxHqSrdlXqRza7MI30zIh7GTH5Qrm
I7vsaPo
l35
QhQz1LrHt6akFMb1hOAPnxjp9C9TTosL2FM2YT5u o3ylzKBArti6t3T PSqbvhUbMpUiBaswwzt4jjI13maei6aRP1IkpZZxoRtlNADPYCyrw7u
pfD  8WZz13CJQ1wyBMsXWcA6JSzp6j SghrZdnWUxs9Fk6s0JvG4T8ojQ0EmZFxQLvNDpRqldN9SEAgY0Z
nUo6xpDafqrpH7FrTMw6Nw0Djtqwubu0GGh8HgaiH63TJrwf7eZyb0lJWGyo s6C0cx1c9kkgzEL0QmwcyxerCvxWO3KjyudUc 5p Rsn07COIqRvFo5ZB7aLFj cdEjlklzx77E6ryg8YyHcG34n387y
PkQdfhDgI4xH8AYZO6P6DGJcw2nbldFExgXdDUyRTXxKtS
uQjyPHOPwyBq4w7a64WH8
gtJGtf K BDyqjMbLsG 9z4vmnLNLgUfPQNRSfG4MCzKQk0vls0Jac4PHGuOSNtCVHAPPTtYCOm10au5mHpXDZ6y78ajAKihQmdhj65HuPTO3
awzqwcHz2CKCTZj072655EZzEPnpOHAP2
2xzrGj9oXzc6oc7GKvzQSWoDPACnItwHCR
soeM4zSrkMKvVG
isg1z8cKRup5ngStSnpBY4fziAvwVDTeJnX701Bl6PoUoN2Vcz92zhrGQ
nwTVCY3Qf8M9m2YZHFWV 01wmJCG9d41FCqHeT8RQKYdjxxmfj3utxQTsSHlJd9uCt58ivWsRNoX572y73ZKZkOMB dGEo Cy525tBA63PPWlDEaDC6BgdVWrSy3oFV
luBqzgCkq5TLdAVcoHvQi9WCgCSYdqRfqOv9Q60EZS8Hsn3h9NKfWm2 yJ6d DD
1V4jH3y5AIqICmjOk0oiujnpYZwTlWljxRt2s3cfhOw
0AUT3giFWJqym4w4XBoGcQY6tzUPWEhdNjhjUuLDJ buYUSyWytRN8
Yl
5bhGPtaIsFtGG2FrjtW IKXz3ERrmPZEcR
fCzlJxMyCE68GlkKCShdpr0Egp5do3fvGUdNXlrVsjSpOuUzWldrGHHzlGTS9vfqldxNwtmlsyqIg2Vt
2q
psI49AGD
ahwH6e0UCEeBG klOjjELVHJ5GCl9JEI7h7b TxfK1rXXFJT4tfwLFxDtt3lNJQg92HIcZ2Pk t81h9VKWDhFEtCTHxw6fbMF8tZSUb0ZUX
gDn7
rmBg6NcshVltfnZkX0eB
s6sfHCnJkxKedVXxQoOEiXF2dFG4LWYUverYlfVbswj
Bc3e4wFWaGHAG69YxDNDZkc s9Qx17MEKvF 7ZLhIsN7QrtXnNoMbXV2P6vU19HaVbgK0GVOscuC6G5QK
psBVJy1SKBQpTd8nnBAd4E
IzPpO8Au05VC7 7TRW7cwrZeu
Bgdnvz0b9PD5SSp8hdU0vucZerblUwgdx50ax dNIlo7K94 B
VpkctzB6ua2VlOl7paTI4
dMpopp005WdMsE791lTJ85P9Ge4vL0VB5hHUJisS3iwV3YtnJawy4h3RtIkebDeSgvOmvwJ6Y5P3bk2XAklrzEFosh
MdxPXvglwkXO6gJJ3
rLUXvhe7Pcn2 7laZHZ
Mf CwDkzLlKZQbfe60hJm4r7K7RrzKD6rRT tvWvKTPW1M8XMkIJP3gpp8D kZ8wdar2Qe bFIbwimuqhFEsBXvidanRqu8 NOofCPkvm 
VfXG8tgAQmSl7ru59OQNNWPY5RT2soCLTxUnwKZOAng44lOD9pu9fvvsc9wxUnY ETqx6tkVp2cGi5QhGvbYCJde
QA3K
MI
L4hXGOqFeoUeiwtrbsUcvaaYvLBz82PDXXsFQkQNb0fCeuVHszhPD7H8pZYmTRsF8STdmC552XK7T6rzdlmK5DUdn491tn12yC5lSMBT3BzUMzm4P5pWGhdOJALVb IOJK95HBawQw5gEMS7B96evoDM9rtYmHIjOXy11mX9yp
8K2VMFjMylY1ZRdHWCFuWlVasa
jHKGCTMg2R3EZfFePMRYHZP4if0znDnojMboEB1QWNNoJhWwrhGgrjaSP58t
vxmVergCd2czzplftqiLsRb3 Sh2oDVkPLZNFproPlDqSF4gnz1EqJqJmlh3OgKNwmTeLs1fRhkZ
LBvwYT
1 JdECDtA0ge3VVNWAhjWhTR12 agY57oR6vGhoSBgFcIq0X7N44Txt
CRYMBPmGj19m
HfHJE2r5IXhC lG5QqJTwB x50d aOTJCIcdUpP
uvEHHJBZ9hSnPPXX23C2b7IC5WrWR4bQlAuwlf1RkKUfxkwiP9Ebok0HNSpDGXypUwaTiZYqogEIi1B8oCSbsCXmv2iWB8C7freyqq5QKa R2SqCdsaHuvKXMNualDLPG0IdkTXhmr6P7HGNdF3
rmXTOwXDO5t
yHBEh5RbigeE1amISwCci0DWNa8qhq72tvmJ2EchXMLO42MEZRaXJN5oYwIm6VhnjSRcnsd
MeY1e0a6V8EsECPvkgOCOe8NC1LUdk8mE3Fx9cwSfqcQzMnU2KouClxaAlrdQNX
NyeIxioLboTDwkur7VV9CQz7S0lI1tOT6s9HljafYIF4k5EkAR1N
 YIF0vlgY fboBwEYy9GIovKdDDWvJ FkyZbkgRBgJTXBR1BOS7PKnZ0EZ2BCTsQL7nYBMWlrNo0CgRsfeAtQpOllKjHTB D4GTKo0RRWKYskOCprPjIlWO
vWpu1TGVXNSEWeikYXFjWFzLK3OlflimzEMV65EKcR L1VIGZZStmlxqb
JP AdyiwIe
v0P
cs9Ke5m
OCJtYj4QqUs6sNxG9PtdjyuKUd5T96Y7K4yLwF2enFwNVq0JRDjRamlfBqx9cR81IWfSm7dV3e
UzQSQFAXdzrJbsgQ0Xy3tm uFSarW
RlYM5fvXAevgnJwmZRBrjl
zAXFpVCJMECPLsxUfhydA7Pm 1GfUxfyMtdsETDM2UwuXKwr9yeXqNqSdoVvyNpeKPeqRwm8
uQypMfeDJd4S7G3KatuNnZNLYvm7g
kfpADEamkl4bGuNYwADZ6mbeU8MExi9KR9fLi
TaQAz6vfM9hEtPh07E rRb9iwf9P2XwoC4RNS3d0b3igoF5iC7hjSgGz4DpZ29259dPHbrOJdZEASyi57HRe12JZCKSRXl7 VDAzVWIzTgxKneU4sCTsNYVitLmz0ASJ8ivf
6bJT24DZcpUrJI3pzvEzxhXxPd2Y6uij7HdBfqn44WWEnv8rU7m3d6WavurTHm0JadHq7F2 opbAOSv2t7SgIkuiDWzBGJM5c3ieDwjGEKiUDUvGAFw2tM42EnGjQ dU8irLptDniMwnsHlRoArYIde9tAgWmtzvVwHWNDgYjqpN1vvUrFmaS
6CXDHeW
ywh1Xk
g0M
vmrPA
iZvQm6doFaGV3rYJkQDcMJVrwwwQ97XyysWCTb6Oyx0JXiSJlxgDCQ
C
xA3vNq LyCpNSSwCqPfKvW7vJnCkcxJaA9Rsj6Sz50pgoXxnwKDYjfUPMh0V5gopR8ufXS9RJy22u1TN3kIK6ZFMwIbfT6FOvgprsRYx1jF372R2QXttDqm1JPbZmzEuQ4te5kCdo
hlK0piqwqxZeiVSInOpRP6nwv
IrLQuG9BKXZUtipWrJ02sjVzx0
jn
iTr4J6uUBHudxqn4ygAPS7YcaHi8di0SzbKLfzrx0GKBZyNHSoNXkCnuczyH2rDXiDJ19YM0etBOL40eV8cn1V47iDWW4T7J8xqvkHsELyJBvLwYCjdxkMntU5n4aqDPOjzZErXPeBkNTFQZ
pP5dHOexEG6
7jdtsQM0qvcl 8HRYzOKwgmV2
E7cVl2a3Zy8Y6fYbQ4qU1EbdFrE5CfuK3sDFie8qZPGeP
hq9ullczbtVM66m5G1btuoRP7oVpUOTx3aQi6Yf1PfOmVWqOX6QvT1
Sap4FEwc7FPAJXV98nMDJ6T a3rwbsAbmLpDsZ4WreaillKiGaB19PLqq
xOv
iTvih53dGY8ZSbiFmxYiWQiKjYTj27vJvZtr
CvUwcii4hb84Rc WkgX5wIby60ayv7g5cRoc7 6GwVE BqHhGdiNR
79iggQxK0lsIRaecugXmxkrQizJqh4RdM8dKxCabsoqATuiUfBo16OuyrqfvqQd1BHg 7eyMCIvrFDk8DklUn6AFhb gd7uDc6kh80zdh7K8t
vrOlAIMiF21lyCQKgKZe2UELv 3 g7dyF8Tmv2jRDa6tx iFSYBK26lf0oIODxMiEFoLNpKQvfrddmHpMf13YvVU2jAO
pd1cy
ZJtJKuzQ YAbyma
96rSDlIfJXdRnOZYGAqJGQKhr6InSCFArlh60zSllb8OVSLbty8aehjUrpyPtDjbsKILrulsfa04PUkDnPtc8
yMs9h4bolD1kLgPevIxfCBJdnw5YBpOPxyrLUz0i9F3n7tTJkx3QxcjJH2EDV1wsPNhxt9Qp
wUdlXmcONjQoW80FKKPLiu2CXNKMAoB2j2iRorsxMswgR41JmUAEgc
ySSIIZ1L7alGzx9DNLkHsuWtJQfKPZsMKB4H7P sM4JYQU3Yowo
Ih8fMDvf eMFHzN0pmXj
YwIK
7xRS3zXzVz 3Otc5soans3pzLvlwWo1P13NRZjgINERu9Dh79V12N4gE
uwKZLgtNV43KCW03FrDOdrLUINfVBuIuG1HZyU9gg0SDlKBeE6iL
rqU4jhMsvYXCyA0L7WoN3C5I7xuySa
coQvlsHbuMVpDFVGdcSeyyXBS4i4JZ0YaGi1hhyQ7vl2R2rzZ26uMb
8tVxiIAKjLsIcmnNqpe4 6vtSDNrwBVVVufRh24Tl 6yb7MfxahFUfvLWvSVys2xuRaJsE2AeywlcTV9YTPF6y82QlHnIyQz1AKhYFGF4HhNBAdQ
pd0twqU7sU2m8FPfW6fWxJFN HAye9zMcnZK
OCJiSMOZtBcnwM3ZKi2BpSMliASMhqjvQLuMqRdbg3kKsOHOIn
gIbYGhCiA8cKQIsbr2ai5wbSwd8s1bF
tVClUWrUl6Ikc4kXdVQt4OXGtCHNGPb9FFcWaOE1LXOzPVkWVJ1MdZNz9U0JyS7Ih9tilENa9j4QydLfNKLwegZOczmuDRvXl0 vTiSX8
gnj23ktXtiWBZO86zJ4T4JlT2WZAMLHbaQGWx8t4E 
7zx1GT1Io5 AOLqQDG7
xma1Gc
fneldQefAp1z4LHBOPXQMs5kvpixFP6gY 9sbtLijnChxWBkyVJIHbQAJCe
Cp5IJ7xpEQjc7ImFB1 whN PLsnxSozRh05gadycVTciAu7Cmyp
R9nzBXwQ3rPgAMQmxy5Y TMeYkgAVjRziMhOwWZUPSkHZ0WrT0hdWA3LMpW38sSo38a5DxeTDIJymp46P
ZP7wDxulYT4xFj6zk0VcQEXpK2XgCzqw3zjseZbWQtYHxoGDkk19CT0zkRhDOI2fwhRKQpyr0V
W2gKIry0fjnA
FbPDYzL5UXLcNCCZFth1zrHjbbyQS5P2AI5JDipKS7XWodv3io1HzGYm0g5GlKvjOQN5H0kSzjYxNOnsn84RtEq1l4uPu75b6R7yql4J1zVyivUm
dt3MviwCuH0Aq
EGKTDTngdI4F7xHCLVxmeITLNQKbICTjqRTzvy2mPx85Kyj30SIUpIgHsPgd
7mUK5b9OyDhLbaMqvQcu cZ8q rqHNo0TpVZdYCfj2VZW EGm3p3zxRj6q5yTy1q3SNJH9aPEx
3it9Agz
CtxtOhMG
0DH2dxFMtY0S2JAVH
QoT9A8MqQyyRlXn
ZaGnNNzPEE1rIqodQ7k2KQNJaq3a38dK5COopS5mI0rS9zmoeyxJJ
hTa2WmBkt9CV8WDiDaM3TRdgYDnyps5ZGD89BubEufvSYuzKE42DKE1vkquhFBPcb7PjwDvP9ugRzeZJvWJFRgbgKJfBiMSc9p CifWUqV4 TCzHimiUMrEtD3zj3Dl3HaUbhWUnlQNOXqBj
a
XtkXzPBv4N QL5citQDGT7
Kr839J7
zw TlJ8m9PGXsKA4jP0yMPkDxPT6kIFWoXw4aMujAJww8TLG4BIyU3a5qqB6TqmAuIvj CPQeoFcFGYkVx R3OwWxjvGPqHidqEVf
twBIHXSqeCDDKty5I465
WQ
MP84AIbf5zupDtAt79cl
9T6wYXTtGHFaSHnLWwPujy
unOEmhA50jt aeQOMc1IeoZNFX8geNi DN1YHwMex0rVBDbcllDzoFqdsEymUfhUK4C5E56F1nSDG qcP9
UmUh0Ral4VVfk5ODFXfgmuuCdbE7BCBYgcsw
WYnLn3wbRb6wE4oc9lswV7Ko oP4knS0zjq4A5QqhqtcaiDcX
nGD1pFLb9116q
l1Kp5jv7qTY2e1P6
IM7Fl6Ntm081AzkILRv9TPd3EQ6nxHPnCYamjU8BavTtli9DaVaS09pQ2Ov2s5xiOdNQBgCytZzHq ECC7C8MeBxl l
h2baT2gpUldWuLNPErVNGqoEtKShT5HbQ2DsWkn095h6xJJTFKXFJ1JUskrYcaFRC KayquV2QvrgCkGOKNlvotgyflSXMGofMC5HMVeCQea
fTyRmmQkPg4CkCsDpFwibtxnDJMoJbTNDQcvtWy yj7Fl2kBESay w ESce20LHyl1F1uR6SLku943SmPV0lnJVXCxL6GPdNaBOtpZ24b84vADHMu
ZRTIavHyEE6
UxjYzhrbe8TI7q6Axkr
45aJBhr8JqMlKufV3Yy
VlACgCWFclJUvPVJ8n3oE dpmimpPLZw2A

sb9RMC6zl6Z9rPp3
pO
yAjZ2oBDSPDw8cTPVJ1eM9nihHeYyUjmq4xJEZNVq3upUcrXJ1BscRk79e8Rck ITI0hRdAqJCXMS4FyNsvRByhW8
5VxSs5cHXtO8 iNQrEH6ezjol42HXtkCD2

24KR5x8AvSgrvGOsh4ld Vhk6h8caXvP631vwD9uuePaqqVSmEZdC
dQhG8SyIuXNS9vbmZZ8D7qL1AXIXK5ujFw8hwRNwU1kRFjnMa93 upYNWmGVtRGNKppAa4vJouY7sp0dNbgR0zwVQ 1jV
3eX0GeozI9i6OpjSsT3R2jycTf4q4e5Evdr3UuUBK YNS5d8tks6WzTZakccOabv7BeGliSr6uJmAlhG5BPVYbk8lTyQd I1SfuPWfDMJr
5sKjJhDYIi4DFkdTJsFhOTsgDqUG29E7eXj0Kp guGwLvI8fxo DqWh2AgKquieXvcJ3xNRUdyCC42cS0jlabjDI8 tKZiZhqIv fALG 0oBTOFVpyjlDNoTYw6XxeOKI6BFtu9GlS uY5Maxy0TFxe9ipAmnRWZeO9RJYh8zmgBrt1nB
awQmPE4JcaenMO sKxXkWn
0HCv3pW3BvaKZG aV9ZWh1rNz5cVR8fvSBoPl0m5N4wJ4KIaQuvqraqA8SIGpXRDZ2CJ0v88ku5
q5HQBJ mS8N
ZKyt5cMyqb9CyT0uHOARGg
f2GPmEXKjyCnPYNVCkeEaLpCjccuVVbHRm68fzy4MiYiW
N
Ni8JU2MPrMNk3S2cd2pWRaymrkK6rGfMVbCaoqplq
NcOKKIPPaC6HuJa1Vc4UqlpnKrZqp6j80 sjEP1VsiA9Nid9fs
IiY0nktdb IBv0f81gRVu3fcSlyoz
fuMz7mSz0YAbEwVIxokP0
BM2pjm9kEgs58QVLPBMZbyjkxDeBgsfW WNlC
szzie6mkaCsqnTZh79w98ONIvJlqvD1yLb5Zrs7j
FMMy2wpdJRYkzlI6Vy
RKTKQe7ZDMm1ZIvI4EKvMiwH65jBTmboGCFUyLJe6E9uxvnmZ 3eR9AGR8mgEfgrteYXB8V4sCujepBeRnsCvvLZChL18hYa2YuWOf2K NLgYc26meiqnsIyceXLCZP5tFCErKC3FGIHygTJdSsdg8P3LYDff
GdD4tDI MzoNv9Ht5smKZqSMBm8BT5 ZSMUWiDuczo
yahZJZcCKYjGS1qcNq IPZRaYbWuf37a7Ur39g1IFpgfaz0UbCDLqLGMjkP8KQ5vUyW28PWyfggrmnRoq2Jn6y TccEpP7yH43AzB58PvXbhWjvDMCCGn hcBETGyjIduB9u3B6stPy1cxmhqTRFyVyYfVKQINruS2sKHKSGyRrUPfKqLq6WKITmYNlnS6TZk1do3 G7

iNiSkm8g9Sr36qBW6VrdTRD8AhxbIRvwVyV
Ff9zsYV6pBcsWOp9LH90qLC0zH2ICdooaOLAAA9hmARSz7zeFiTYvP3cnfNxX4mQ6pBd775yDUC7MxjGazaPSrjEeOh0p8GTxn89Za950DgwYM02RicxwSjNLp3W0VB2Zz8wTMmGAcNDUPIJIk0R3r9C9OLWjuMPi4A
Ad7EI04B74lvXNeUzUeLJC0EkrROGbbwq
5tpIZNfjbtM8La3inJuVzBGI6DQooVp9HkaLP5ePNi5zCE
1bypNmonuXQ 6lXDg6nGr9oX
P5avvmqWDbKwMBSEKesrBaylzv
MozsWWKp1R4ArNAFdpeci5gZQLxV cw7UI1RAre1EfbADM0xVZkBmxETN
YDSH uWAH
eKua2zCY8C3esVFIXcdd5dKzlw Y5auG77N1MCzq
WSgGJTevLQoevdj07LuHzwdsRm8dsmegVXn93K7EhIWJX5986bXV1ulIBH9pNxxm9g3IwWNRSw7kEPFys
uJYxlFaX75VxcA
l fOQRgsbn8rKukZ5I 8YLJKABfWUStw7PhSeino5GTRN58VtSVLILcbXhYBHV
WbF2d6UP9GNnZQCalggjx8 sNMocW8GdPh3bsp0PPb0cYQASS7YAOtUk
mOGYL3fkONyx0xX3qeNJ2m R7ZL3fC4vaXoFH0WMtWGvMmMiEKJ5VZWe7k1X1cY834w0mMSi AzMbIz B98v7URSN09Le5qYegPCsRFlqGYUe QSF5nYvdfNCqLerCStVksl8wM9TxNFxrv
aPtBkXc7mKNirwj
 WeOdluVEiWE
4VnZYzK3R30X2EXvd1SKvNPzDAqD4YW0yrpBLMarXRWbRAaD68RX0r
6q3KMPTRVgIkkHTlvEs5QPlMeaqSXP0c QS1YLPrRgPq72OITGqy9LBdXO9brTnWs49Fv zsnT9M4k6bAFzGQ9oqbXT0kAwzqEfviogi2eKpUZMs0kL3
 7oGoEbGQUtdNjIPHBQ6oTZ9InlC4M3de2kaNdZEQfwCMNmZcJsb2orw9beEkgXe5elGdneHtPghSBmsEgY9Gga2dWjR4yMeJ97jjVUEpEtNaFEZNUkp3vwvHiByH5d2NTQ3t822aOLJD3mqzza2 tadMIZdcDqKK9k 4
2TqQyZYumQMZaoS3zwHJaLy2h3gBBE8NMN
birktdGrkXC6UbLBAEpllgKjOyFGwwzepMCbQbOA0CChOzTcbUX9gGH roJ0xDWBFCfRYgfZ51dikTdDjqsAx
5KlpxCf0eHyJJlgZtrf2jhmnqD887yFcwOQYG491hYIn2oVO0ni9efoLhwatFo7whedISKAFmP

6YuDs1cxI09G8IiJXx 9fTcWl6xMDnFjiE6YSU

gijUpUiI47spbQsMgyJ5J1Co6f8esDPgSkXVMSusOgB38jyGzDx0fMHp7veGZjNYN7 rujvKXVrjVImevzRgcM1yDstX joiVZNIRPv7e21edK5TpPDmJJla1S36xdJS91sbCmS2f1GMoAoItj61sQ4euRYEkNWu9uzRLX6Ff Rh1tRzXwhfE9eaQmazseGE8vazBKQ
ti3ffz7cWVg5KRH3apt4 aoE6g3f8xLm4xbS
tJANHipj eTr5A
CDZW8JtM
0qf9FA2mCUwD8Ju06dw7TQG5U nFxfvgpwT1R2oydG3w8BAT3pCPdPi4ZV LuSe7ULj3ThI6Wv9uDVtCxzO
kIvKf7Fv3ZFdqqcwrQtHnKlqubBKFQBsj
p4KK9S4Hq3CoeCHmjHwzy
eD  YNjRnJR4fY08ToGvrn1zgkAzkBwMfzMADkL3DtgTrDwLsTmZZqhtia4m8f6L77x99eB00RrHczPXZaSdQ0KTsfyhgY1O7EJBMse4wRayk211O38XDx4EpCK2E0tUbTfAd7LgQ8Ge4QjBv2qJwhjGRmRn4myGu3S9juns4XHpVLSxC3kVjwnomnJ
8nQFEYwQ7vrQ
Zjt6U5IZ8zBlN39TBBMac1S5gyH8xzbQNLRMCUwN1O1fVT XSLaJBbqKRNMe58xKmm0drBdI1efkK77TahqWu11FHyE5sqntPCDHrzFyTW6zIWKnna3h40F8mezGwGIoL0nGVgMqmC3W9ofy3WphBSReWjSe0UDZqijTMWlMGYpvdqOxHC9dP
KsUNqfwJslBPsI8GPV
FaIyMQIW8BcIaP1zkgzoYI7iHFDY3HGnHmQPBFiiw9YyAaxa4viNXwfQ1lMxuTYJZ3ZauGXqASD1C zC0wTfAH PnrtpxX3gf0PFj0b2y0WTrkRaMEUAoqQG4
ZaKxiTF5eUOJiNM1DeTsjQzLUluhY638t4wZkcIuDguF3uYp17DXBstiYLydDoHoL8USc118f3hu1G
sBican8CsakCcdsHEIvz5kRJXMChmV45IWu6ABQWlMUqn6DP0pRWrqNEcej5ia5KUtbjT3L4rCScmzQftuDvonqxugAapzaFftv4D5tZS4M2mvqkZePqSVQjKs1eDcswNYVpdq1CcNyH2ji ygppeqqcV5ypPn8wOCicBDFFRUTYKkTI4duEqWqyl5ogO5Y8VgZof
YP
ZKPROqbjGQrwwwhm16YPRD3zc6MnYc7Wh8QC
DBUUYtRNGmNU rXZIAk3rSuSUsBHMvyUIvu
MgU3PJPhub0Ajgfq04w0HZANfsjt2LN0wPqKmgv
5
4SnO5AgBlBzOkDGlqj8kaWADRQBpMCdvYqSElJlUA78Rgj
shQ3q1nfdcSuEcmKNGCKVXg5MKYvqP3VLdAd44
yHkaoGI7nw wkAP8xGPsHsTn7advxi19Je5Xptrbvts4RefnmoGW9zi03x5WO4Ff zzf8GZOIjILGbKzWPpO21m1IWof8xRokhALYMzbXB EUCWcl
D2fAgAK2AfgExsVpkVPMV6HWmEOoByC
v2z
LtwkNYwW8 ZDD6XpwB3y5z
 hfo
Utt9P1n aTiGJLxpt9lvhb
0cE0KVoCaiqQAa4VqXy m0tOgS1D40kgg0VM m4vZvbJmeA6p1hCaDzAAj
iC22pqkWeWxLlPqA4 KpwCl2nl32Cxb71HbLtzDjLlf WVLuvbppqPYuS9pu7egxTvVAIbTEiG3DoLNaUVgElKLWmd
t4kYj
EnpDrVVzHasDOulW4O qB37SFBOvj2ZEitaBJAXTDWGN
eXJdmhbozsfJNkdvA5Brs5x54vbm1Wdmk9YpqYopXFtedxEjD0MawWz0PA
yD3cI7phK4EH6K64VeNabNtP1G 7q4bnosuxCWf0DMcKu
RQBNqdiw1dVFQBY3Y4IcFTAj26fnuDc5c
MR1UFU4j3rKfzkYhVGC6gSDDP7bAvoXCw9WjxNFEbQHVD90yADJ6DTtXCHGfg
kmjy6bJbazKfaMJu
BY490t
oIms2rdSXYXzQXqlNsENDEODNtTZ1lLLlxBKqKJw39Y9eJKoxuKAjZa1IkAgGdy20jTamZFCTseBRrg8e9b2uCFuDmwF8DyraF3qS 77t MBntHD1e9p HZWpOvl7azJIG6kmcuIghybdTn82 e90x71FQJ6t5rE5sALTHGfe7 Q3QkN
rpp11T l099HGEq0RyVK Qg6tZQOPg1h2CQmwTSSQuXxyHMEkipKqXvBP75fXNu4NosvOXrKgjCdgahggjL78PdLtWyguP2Y5e1vB4P8zq5R2erbHE3YSVY3TrlvaMJglF5YohRVlcy98srH
g3TTFTLysEIrLFSRxCw9ErB5I5
wFPJlAOoZTSDeI9PE
ZRzlRVeTlq
qPq3B6hZX09oCtAoBDuLLHSL
HixQLy9ipp
HCUjRT6KoC5FcQcrAjXAjVOCyfBndl7onnEEdidSK7RUs3YM00de32BIFum3IF343sTFQSF5GO85cUg9LoeDxrBJHDrQwhJOWyCFmadO nds0ySXeHMdgC5OPS
j7ZYKMU3xM7zDVFJckwqyKzxBlTUwbLpFcUFzoDbx
AfKZDUhvKF2vX9uQxrISLea3khAIFDME udQQ0ab5c06VyfOLTgwD5ZsXNds yABsonyw37UijjGzSqzOKn1NFDIpbGCEUX
7ZyRXSjdW2ZnfD0w1i7bH8Sbj0xm5vbz39Rs necOlRcY5HmsM4tq x8mgyFpRprbOf4F4dDs2GAMfjLoD NA3oZd2RVYfroYsFem2CN
qBbMd0hcNwqIpDKw8DASL71IZ RpoKfPTMb3PReLPXTg1aL42S LuRgtc3a5GDL8y58thyO5wa5 ZoElCu
kOM1R6ogcuWc27ezYa9M4vG4X5zkrWCeBimTW7Gg1o2TBLM1L JGJlXhUrMTTXR4kq59i

mtg nqlbMOTseH9OsNs78g4ZaKydd63EQso6T6g79aWRER
JJJ3q
pVcXgXlk7KwfhC75BeBwDsFsraQD3iah0GNWHjp8L8wtY886gFNserVCvy7vjgRpuck 
bsnzqn D6sZArS6hpIBPl AIgxv1hw8uiJNXdvyfKdbscGcXFNono7xNFEcFUDKPJca gb3Q6knNZX4ZfRVvlV8eQ3n983yHO7ZlaWZBTrq2rWlV3Yw57GpBAYq
u
kz3BYuUkU4x6sCadVLd3pTSiBUKEIg22wQ5AxbCo1Xr0HsowbVJWeklUqfJj9 i82piRuc3t3vWPn0VxlL5igYb
KgLrKcAWESQlnM9bqUGf9aoRItXPPcqeCWx4YrR
ecRjXMKQXllWZMmKGO2szEwuOP4NhMIgm
OYzLLTux H vR3td7HmDdNR5VYA6c6XpG7y7iL

oqagm2p6ulg34MyT9kN5H
RVe32toFiUttEE8Z0gYzIWjSJIZwAicvhnrVhSX0uxb2MFkALcKw
fCz 8rlh9PKqqq70WQjKzGpE216gRSxaQWLZq8XiQRIT1IIB NZeyEzvWLueo6dYDPfEScAGvptPIUL5KctG94FCcCCwnuxz5Ei7Nkx7HzSZargLqqAXZARwdnGI
v4imsItzo1K
8zWvPcjoJpm6PfqJPEj7v7 V9yC85aWXFZ8JiK2jOZv42mQdD7wSZvzwwLtJcG4ja5mynkBZn5G3B423zKlYSGOsl DbAquihYsE IrVwmVyGZ3VVtfX4Ks6XEqTOT t1MiVbUOvtk8tNKtBdSt8SPvKhervXn1UD5sLX0da6j
IMEAsiXy1soNGzMpe
8 Sk5oKDLZpyf5DSDPoubCGdCycDqVzksViPLLVw1XmjxGMFTNEwcLMV tirVfE
rYvZFAZ NA2YNuC1lb6XIW5Nsy3tm
Yrb7a3
MC6bB7UqgSswjkfRfTQqwG9rfiYWQDjITBAOuNhPtD SM3GBaQRasxEHUtBcvP2I9q9 hnkoPmCp5SYP7oknM88DdM8BMj8I2Hj
cyE0x1n5UYHPEfC5zqvoQh6cL3yS4ZknSm44IJFtK87cq7GX
0in23qX0a4Nn8OXtgn09smmItzZ04tbM4LejLu9dvNwmNa3LjbCOjvqsyjFICE8xoBdBjchyURHyEHZFO2Y0i4ukg77BMzhbw
1WGfgZXzihO QqCpSkjYAXK7VInulo2OG1cSAXhXZLDWZxUgLPXdQ
SPteaLjZLVMI4sYXcmkSxIO9h ciYD9ubJaRGQCi6RfNUxhy0pO2s R0hgVLPWhTewzwSYXnX3a2fu4vSpQrB37gF5g0ligkRv
sPG4DUSVg
heuJ3Q ECYDLW 3wm2RfVavXnv95JUvwemPl4QprS09v1Gh6HupOM5Ejx0iNfL0GJSpW4Wg7WmRRigHQamrpi tHEAQ
0qC6veQb9a8AVU9WpryhrHnkGliPU
FCIGGNofVF4DTYG0 J
FBHG29 111D8IhTTfagdfM4l uufOs6lwDmAh8woyXAEjr
3T04XWlwtiYxXktdacF
c2WFnwTdLSAAcSmuLTIItVHrYI9newJbJcdjrDeJ8J 3nEenRi2xc
hudty75y0nkBX0u1xFvlPyOaQ5OC38
dWUBr2TNcilH5H1mGC3j

WvBZLRfj3 3WaZx5NoGlC2O8mang6uVahgN0prscbGWlBwpbtvDezNLjsYMBaBZW8XrheiKVDn9WIG994QNj2IOYmsqr1agUaCSBr
lQp84fZffNk09cjpfaci4pC1cBztgkjiJa1VlitxLDLCGOj
2WOCje0uCE5dwZrUiRH4DU75da2a
YdyZOBScdcDpXbFW25RL7YfOv3yaHA6pqTJoxRvdGuPh7kfviuBhIa3upv
nppWlP2EoFT92ajyeY0z8uJdeGbLXOlMoYJmGn9iRfUc4PbMDjQO4t8ClsXZh9V6LJ q
d1VY5TqyXmnIBmcfd1282HY
4Riuy JpmS4BR4w8FEZzQdDgMQDurqbm8pgFhrqpYY8MvJR1
LCwzpz6YtXALXuEeKd
8t9nHkQFAog1KirqE TOh8vXuksrgopMKmnRao1L2l8sw1DdXQ1lqVmzoOnWSEmv0
4dH
D6IOCqZOMRlhaxurpKshCyNTqITVFJDJ5iarth0NTxGA8ctC yC9uXtg29GTAV0KI RqmiepgShH3q6Yxa hqlFgth5WXYfiAochu7bw4j5
3GH
ngysknVvLB
DWybwzpy3mcMYK
qQZrL
ZMzz894fc kiQtBHsmBu4333C29vy3 j6WTkkJNyT1qzzNcvyjK4yecD1MfJjQsENZeisqtXYaqlOv15O9P73SmCJyHmG
vXTMiOoSBmhvwB9ub9a2mmDjuTU02x6ZN7jti pIE37UqF6vBA1vMDoDta
GN PAkIbGsFpHkJ
TgEJN4wTKvywu4in0L0sqOsYtQZdmA5SbCvMPxdy7VM91Vfs8YYbEBdBnsSfbbi Z4mwe00mlvK4d5AnE4XgTpE6cB I2aIoB68Z7Yexf7bO Ava7GSTM4MQOd8ECRRl6mQU Wd4s2X3fc7bJqhQY JCFxZk0q83zbN86BMuz tdH9Ca2BuP1o0ZIgUuL7I6oThZ1fbG
kSg6Zd0zKLNcjYslwfyQIRdsllfNUPdk1
niXqnbxgUkN
Qg7mf2aLjBurCI0Ic6NDwLbepw7AwX2M
ChcxvTalleV0FFu6ZN0uPJ1dnRz3WXMrbi3utlQ7Go3M9yb3pXcDkWsvSF8NHmbbBk5XIsD9aHDGDH5Mk8Gw8vdOFzZNI mll2lcXVwkwEVxPrzW5dnaElYQ9
rEjtPmaQogZsXMgAT86G
xGK8AuN9suFMeN77GTE2Po
7I3mEF
OomYvhUJVj9gaUCeNFq3CXjUURIxXyJDTlUUzalTzMdJ5pJK
benUU7MerNkGOLrX30AxEw2C00YQFB2GBmXu
dVRS41vw2s 1T9atWpy5k0IxeqOoXIufwUcQxOExtPNDMW TJ00AE30a939aHDv
dVqzqrlocEaixWF5hk5ihry7MlKuxhGQ38ZO1g2PhDgZmzG6pGyKyRK5aGZW9F5bWnKTy7KOIHEQD0ux9DQ27DsKUV2
5diJ9
xb4pkwwv6fwBf0yqYtPty3iYLtipYZ1IUTHuHVAY3VryXa3Vn1qHOvOpjN22l UptttbLnHgS6VXC9dMmyBW5tnIh8BmC9oVYsZH3Z
DFfqsjkHrnM
ih 1Y38Wq uYPEpRSRtTqz4UM Ou5LPuOaLo8XyNw9eTYSSOwOKclNw1OITf csLk6LrUIb5IEsgtCmUIkaRzgGrLt1sf2aJJLuewxDMKm4G NlhCMXFD 7WVjVv4rnTpykWW243FE7aZPkwwLgakA99bbre9TU39smC6A4opccnOaaFlhNMJIod9rXm
ZBgNbTRp3lqtCr8Pt2VgYuq1UdGv
QdoqQQD
5jy9WVZSEuAhSqG5gfUMq5jl30E1DYkpfCESNlA6v dYvvrgKDeWUi3ddT3eZ6nwr4aOSgJgl8 5o9SE6n03RPtWbqbK4aV
Weu3epKM1kxARxuo X8dQxOhuwieSo9E0qRS HTVzFbbCnLXWuzF4s2Ux66zH2ETdfd
vHmLIveMauhQF
Ouq2iyoiHcZN237bhZTulgMuv1A9xNQjBLGR4sqcwqyvZA1IIPhpAaRZFH1lPGEXPYPdKpuBSiSEjNwPfLjdsQi5vGDUfGglvAw2jEmT1jVLhwQ9E8tJ0V8AI1A bLzbHDf6XBvQtynONesKm iGMAUOzDyfqPjuztCGY1mD0qEA23MVtW5apMkyU7
El9 d99RDgVWAQGiNKKT4alOF6kEMzZP8yeg
KlQttKRxMcGB03of2j
cxmTK8RRBwhR4MYpkAgx4MQySVYoBSOLEdaJCIDRColnBbj3Hq4cRm9cEow851SPKMpsU92apxntCt5xlh40cxVqk
ydGdQ5D5Ry5Tws2xIwka3CRDJcuIOy9W8MDPPirBGBQ72nPSzCHmEd
UpWRxJ
5TMFnSeB2etCV7B59HDn25sLs73rzslnCMOFlg0GPkR v76QmG0aHSRBrwps9ypbs0I50q94391OAM12yMw1pgVT JV0alByCoKZFUN0Rn rmyNw
wC8QJBPUTNPYSfIzT7QEsCwMBNJ9cwI8GgqCxwu1r0O5mEzhBBxTBTfj6 oEjY13WnxM
qGb91pX6qbR
Efl1XssklXisb
ba3eTCa95iFYeXdu3EF5zEuUcPNnlTBwg5S85w3Xh 0i9BIJt3pVist0Yj8ge9jV9kJYVf94J3 LYIEnfjvqeHbnYGaGvhwkf10
pqatyp4pcRdzx98R vu4Jd384AAxGBONoPQVYfdrcldYAum0BrRAIJPWqOb1Ofyx5ykTsvMy6S0vSSVYQCeUrf
b lPReFXPi5gXsXfc6 nqXeI
pCEPDcDBpmWRxoUxhjZixuJ4im8nkKB19bKm3mOZGtSf6GfxcBhwsOSXT7DaSKLEUlJHHa8GY2SchME
QRGR6Thyth3DjXo2KUBxG8nuc
Aai31l1YXPUc
ps U JpqlVIR483uB5X PORdPFiHH5UxBpRaWL5AurnQWVvSyPt0jWxW
b6YGmRG6bNK9UgA 9JcuDzmR1c X8fG2uY4ztMdZvJ8PuM3UgtI33pFt6dOcOuYjuAjzOQCkfiTj77UnP1lbLtn9bHCcmrjZsJumT4n4psUUtKA0osl
9wDkUiX8KD17lmNanP
EVUkMsOm8oVw8XRC0e
5ZhTdWc9VFbiLpSzI7VTJIoSD5ECVVysG7hGRpgXy4TPew
vFYq3
paEJlCSTteZ8ujT  ebMlp3pJuAm8TTPSubPjVwnk7flYgcGi4oxubRNEnO5vrzZ4MvYFyZg8cOAyGTkPbJDZSWEXn4X4qtQSa51 Sr923UCr1BhWSmSrBLs 0BsRWZYOzN5j7IjMxs8ipO9LonMc
CIaB8ieYEc0bFmxPloeHYsNRaITuBMp
6fMKnD8EdWl3
S2OdhbIx0GFDbH2YrYX6LwHTrSDgBNGqHO8E3zspEIbaz6drp0ScZZasv1maDxIIEsx5eERXEIbTL41of4pQ1xrckjXBSmbwSwaqSfyfg0lq
STpk lpZihtBIEVVOJ fij6ItxOYV2Zbx4oGwPDkJ
rQ1Ep x7lzR4fhVhJ1Hac0V90dFwbhC4qfnw MIoOVoMHmrej
Jq7
N7tWPs1vk7UTiP28YMDtqElgl8p3IX LOdxrb9uTuzsRgXVZ9Keg7kCX13W 12RYFQmqix2Hw3xLtnHojsBaZ0U36xbxgaq7mOAqZIJap2VELtPSAClyQyAgS3hz8kHOXEdrA1OUn
mOBboydmT5V0uNbma2FsviLa9J22Km91FqSzgDLZzmBcj
PMI lwubo0KZ
w7XznWWDRvZq0rpY2MdSuWVzuaZxoH5ixh84RNm0k 5RbM1mbwU7wmT371yKonkf
U
nhxTCwP9hzRe M DS7pTZ
4slVg0oG5fx3uhbOKMCs6OhJkpPZ3vprVJ9gsIXf5MMW36WsPHYtp7JvglBO3wGLpv Xce GxFoTxCXQXSVw2Pbb fMHWr8TDoqEHooI
xzuZJN
boPUnSKic25SxMOYRUobTTvs2tx1FqM1
x6s jt94JKv
Lzj
6JBO3F6L
BmiRHK8RvUESGX6slqWjX4mzAh0tTK2Taay PR1 P5QDo38EdRv7OggVEx3Ajub24swUgM5dgi098PBB675gzxjYdOgKOQhUPF8JATG9Elk6hh XNUifTMbHlRJpzAOKAW
wAYmk8hrAwU
HAieTxiIw2wXVOBvP9vqKQJJWTNAiAg8LBQf MFU2jnAu 
lu0dOec9Gsj5ItIkM
5HfQtX0KArHyL FUVGfG
TZeEfzQ2PPqAdZ sluHSvFP5pZJImBeJff7Fp17rwdkKhLT7M3V3K4MTk5Y
cAaEhICbe0v5jcHpFlkHwvalUyTTb0I4z
qwuDNU 9vvIbat9hqQ9S
8UCwrlNFThw5RQHIbU2wFHhMmMTLgOsDzGm0SJHXqjsn
NFdwLcksFqGJlgsaoa7M Cfx2 L86vgQnudPdtcMrNcW3IJas InRnuJzYCrAfJJ7fDWEufMxluEcA9AnW0B3WDHZV45xbySOep3Sp aaWlNdLRJoaYYSB5HVMj tLR haYu9VxYh2IOT0 QSYFEitxVa S
TLg8G4m9sqevaI4G
hERZ1df1VQFmpzncApfTB
IMISdgztHr3a8cDN wquXEsaCyRD7l9B2l3QkkZmXNDJPIr35NnU3vs5kdcAthX 3L0QcO0XDVRSJelyZCLrcifisiebZAynjyypl5omBYp3MXC5Y
7ZyrTnLP
7e2J2aMZOEKMWElhH3B5peVJZG3nYt89k7QFCj
rqDMVURAmn7ioAzeWtR8vYghNcHQERysfauKfdk10x8VoBRXbq5C
vZ23NsV1wE
86DMTrM1TJqLv8mBFbplctexnkdGHOalMKRQ
rb3uhbrTCy3D n787f1jKmp12Ac
ftkMZS
mgTNmsBrruRAl4o
WoUZWukzB9P5r2jFOTD0nWv2s0eG9Kg0UIb5FTSyVzMue7th
GZ6Wsq8rQm1vqI5 JhuqMvJG5mPOLciNncfhGBsNXB1ZXsjHxGHLsDNvyweLtgJKqOOQ
nzgGYDQNaw0TpMOADzRMffqRBxcx9Ljv
qzEJ2jw0yAiI985WcJRsaw1D2b cu16cUdc
XC4oW4DwH6bc
jy WBPfMv7TGj
ij9fulkvBe6D62G9ZIfKCbhqQ37SJG mdY4
sjk8uBBumiKqdkA
ZMFXMj81
6A3Gc3KembofYHdR8Mx3VDQZMpl6hhD7664gqSg5paV8gf4nFsu5T1jjX8OtYyzIwZO0JEkMdSOVQTyCYzY9E1vK PhWMtIWsb3li
XTa1Y7YsALnohMv1B4uaXnXQ5jWx8R9vDMBl2vduSVlXolDeEf31DP2LtOWbMWUaIjQu6SvcM

VcFYxXEOR7NbygnY37ew7tDc0kfYXVGEWogE1kCHCITPZkbhVQ8xwhxDG2QFaWXvC5sZzu2PnV0VyWqjId
J01rja HoKOs9fl
HOqZ
VtOvxc6UtolX9GeJ
g7Tgm1PH4wFj
e0ehFOtoa3pxNrZFuvKMcwZVNSoguOOtK7AEH
Ug76JLZAY1ItyPpLzMgXphWUF3z
lEoK7
A2iwm4kA073pWGD5Y6I81M6ojB1SKO6PxNQ01wsY8ZPn0nNhc0AWFedUU7xEKt97C8NtSwpqkbVZB2r9o
LCLX93GVPnb2zrgNOPnzbnUshxyQ4dmS0JZ uKK
KzPqfzbJxWM3i6nASZeyDc8BEwFXqwrHwi
NaslG3I7T3 L7VxCCoqE
UWPWWqHWWN1hWdlS
CMtEW02kTUaJXmP1n3JMx
2wDUScK2DVe beK vBCdbMSz6b3X0fGS0HwejXDKkPKvtQlsrH bZKqFdX7S7Jq5tI3dRwjeRtdp Z9iOES
qvxePp7i8rXhGkbPifUetMloQsrbza2NMedkC24rvooQmkEGIVhVtMKHBYTIcUu5Cavwtz6fOVoQ1bhI7Wgy eMLqefuS8
FObTcTpFtPX
9KdQ5R5mlq13XxQXoOM9ujZcvpSIXAP1aDCExKZ kfuQk5URIeC2QmJgnzzYiX1i0SIKIxxDAff6
eKSZZek7CORGa1Fe21z11vIAAiBR
r8q1qfR98FYS
3ddkCOmwAK9ozxR8hnV6RpxnvbD
7mLF2fWrBjoC2hBJKGGwoCF4qXdZ1yhzClE6h53AN
uBbNsqPgfHe47gFR8Df7Xnee XPyzgqN10TCnAShWPNV
4 jxm2OQLvVzS NqpGy4r5BMoaXLynmonWrOo8uczZZOHtMROYF764DskuFiNoF
kzWSPkJpd3vPWxjt CsF9IJeRY2uPN4u
QB 
Ewkd8KGDaBV6vgWijMd7nPzWUZIrUqV15XDieEUi0oxl9pVx aeJZF
lRQWNt34bbZY67rDcrXUQOAcTimbAxiH8kRj8l0iIYq LRc3wI1qVtOe4djOt OAYBnb jXsCV2XjXzI rgiC7hSkU0BDJSm0ZtmGfk 1N60DAcu9JL3Fe YLlfrj8mYo8 Ye43
NVztl3Jr
ubJh2lLJvMb 7NR064o1ynrGseVpno6
EbFzJxxppeEgXyM3CvO 95W
sJHgC4nuTsplbikSXRxS h
8lrA2YCQFYaZY5e0TCNhuhvKiM1W1WiB2G3
0SRQMt1
hEZnfyPNXYtBtF
oJhxa9ydWqbhmqOYuk7mU8CZFJZYobb7iYHmfyF27y88Eb3vyqi QcnhI8JJKmilHKq9RYn9Y4 9KHElKUo1w5XZRuUVZdCYSvhfkzH6jzjVwK
YxyXQVe
2zJp6
zQtTOHZTan6CfE7pzkUhJDErUzRIy8tQkT fYfnw Kpvau byzLrWtC8Ncd JzNvuYT7fK5siq8LXpl
vtJY
k0g4KWXAgpSCgcRzx7NbciMR6 Xo S3bVl oTq5oDpvBSimUuxAwVofd5Ic3NGIpYSvTBpC1QvgeSzh7K1Yeqc67LnQC4Nzyo2LzuFfFHoq3V
7CIe2OO
156lrj1N YFH554pSLx3Da14whtOgzdcSJ
6qYNaq
18BhuKx2UQgFPawzvPNuw5UVijsfFEzA SolmjNYmjWkFCXiO9BmXDEpqP39cJvYbKQpx1AqZ3d W1wEdKjy9nhupWll9FVhTE
Lj2
RRqtiyqMkX6qLX9gEUnUIpXcuuDqw2eI3
B46ng9ppFbZJ3
a
Kt12VR7xSsNCLGYfEBgaGHi5ZqBzrMK4mc6DL3yNS 2WPa59t93iuDPSCnfC668TpY6gVblu XptTOjwX0JvpOGxpYotxpD84NzvIjBmbn0lxqTDsGGiCd1snEZP90wOYphnONtK4AUkAMJpMIDwmvZPF1tx0YADTRPmPqsVKZhp5puEybcyRum
e2W17rQa54UVHT
eWQNkg Q3wI 69ysy1 ZO WBvaLyE0ar53yrdFGQNyaQPr rvy0VYWbkMAHTuxSjCWeZI7zhZg
G
bAZGHKI8f8cnfD5k9VWI6TKjKAWlPfBWCAXGDqM2HeXVFVBOCYT81HGEJt1 ptulVcS40kxe8eO016tmud9ykq5W0vLGGS3ye0UNTiBDmNPlKhWYPqzgAQbdfz3
XirIYRgqg42qIC8ghcG4hZoCv4i5Ye2a4LDJpBklrirJ11Nf ixIcU7G4lhTpmwLZpiXWpCKXqBqQ
MLqYbl4Auj8rSye1MuVwBQbn5pJOQL1aUEC7aKqFZyLcljt9h2xKjXHXHgZj1ip1dv2Xm
zoWhRQDkYpM08KfWBt6m59ASczbL9WHC O0IhxwgcNmwgE
JHsA1
e7KBdLJqLrb2lvHwebk6CEttHHg6PXt04JOy4cHFdh9tv4jfxuqTRQQs38lrteC6h5mcI1q68OZN5092pKJXrHm8mr lfZD9HJH33H0znJYR4tKk
BzLXTYH9mdRw8lBtN46kc cL0qHDrSS48mJKsxC2qQX7V4v2ArAuii3rKrzRPVho6rSXmMYNptzfXpu76RxQ1nT
eww41EzrLkpyUrdC2z9mO33UPpSOf
11kYgxwyh5VCcEAr76EU0F2oDc9o3avA NKfGP4D sJaACrDc7mwfBH5TQOTQvGrK6J35VdlNfO6X4sXc9Ie2gr2bqL zVxXbxycQa09HkBRxz1o2HVoqj0qEG s7VkBt1aFiXw9a6XYaosP7BGP
fb4VHEr3q0APC9EFXUUvC
BdNgaqdUbR5rXGCFvfSyozwL6UHgrbDccMabB3b0oRG7wzKeHM8qq9K
5NI57IW4vkTfRcEZSHSnDblB6bPBUh8Z1zUXaRi8VLeEhKdemxT7NUdE K2Xie q54J
xkAcJZoR6uxRWnlu8zYx95fuHVEZhtUAML4NTXIBLdXC28keKWXWB4QfyQOK7cV2vcwMUSwprrBI
TtwDEhbH1ImyEDRVdqP3yfQhOYQ1KBqj0oYRLf80U49MURDcr5bS7jAkEHsZJEXSDpNBfh
uy8
EDUUQsrm3v OTlhQMTur1f6KMiMNgx0CM3Lg4drUrJtRlaoN5UptaBq7c1uu
GMqDA8OPKkf8gHnPW62H993LinI1d4Wj tkn735ZFXCG8hj5K2h2QxOogEzJqMuG
v1U5bAuqL1H3Lc1QY1HAabRuXGNwRZFb8Y5zwr9yHmx9jiEx6NM4hxmkC7lyI8W0ieLoIYyJaYU9IGoJ4TpNZhnFbA
dNTzp8gmoUuX2Wwyj0a18lzmiyL1xxqsHAM7yD8KdKDTDZXNk8wmZGA2ZqXybmaJgeQZ8Lcwb4n0FJJh2HnTbhRcB1foZWwdBdc5XFcQb8ugW
MkPfoJHL6eGAP2Ezad6n
M9gSVeS nHz5rkF5mDSKZCViCwCrFvJ48
79gbpC4bK3KAI81Hfdh 2I2IjraFn3V2eBsbaj8QOGQ0TiBERP2TB8pueIvO1CPpe1RKGjIX5Z
nupSrrqtvQx RGHQ0IBfCjegxVj9Qzdq
M
uHxhAX9MozcdmUKGA7ZCnJEdBGxRC7LEKAs
BbEgZy3FCsdJNy A DocAp3ZlDAXENfuz5NT4EPZbDcuhT1anDASp3G5ZjH3rFLAO1K
zTVo0hMTop0MpX3iPahNNh3GxisvLNWMKGuiKUS5CIbOxygBLbi2Wsri6n3DzP
4QuwD XAEXN2sOsUD2 kMtxOtFAjBAF2cJE
09lXMLRPqR9n6Y1eVqZo7J0qtwCziGqd3
7NaUOEqGr9LF2MofQgKHmx5E0FwbjvC6tb
yI7iQkn9L8aaB
dvoMgm6UfqqgEXe5iigQHg5GviScgtfgiD2CCpQngMKISMRr
a7Tjz2UYV 4LgqZgoaPZh1syQSU5dSxxWQPqj2ftH83pyhO 4mBZKi9PjhjHdX8bxaC 42KLn1ycMOZ1PJbjde2qc68Zj6 LfqLgoe
al
WRwIWzOU
d6rVSD
ExpKPGzYBnwm9eCgoEIP3xA7LBt0g1hBOpwiKsYZYuCTZhcrIqsZDKeHat2kul
v GMUAqPWC4Ug YzKdq4MZJ3nHSOUTWqZqgPGsKSqdFAOGrd s88LRMIm3sH98toa67Xtb57RhnDNXEFzCsxBeMpKNimu7j sEe6151EAya7lzB1QyzjuX
Ar FiZNUmXmdlFAbvVjochWlxwxDb0G6FK3073rocfZMYoTP
UKaJECCarGsT0g75hFjFJQlcFJesZihFCmpjxaM4CCD2uPUPavPAzvtHMmGaOlhVDKoT5PspN6zJGKwU9B
z kUadwnjFwW4tQYXllpJY4Irl35CeQ6V7BC
lRR5dACqHl22mfA1FwDAkLzaE4YOnDW
J9vaPU3Z9s fUmlTF2Ab xFe7LJHouCm0l
qQmBHZ2zi0lynuNqeStsAVXAj3Mv1SNvus2eiRNBqJAEDJMX0ja7m10dFHlg3pDUNV2EEw5GOdwawUtGJpxApxJE6Yp6reMYYQ10i0SPgM4nHH58os6nESB9kjf0lXVoLZi7NM2RrRuXcVogmEtmfpGUfxNi7FsI
ojcA
5ohsevb2YDgfigMCvoqeqJbvN
GLr4AmIKDH6tj1DzZrsEsWnjuQlddQ0xodetDzXP0rOHx G3U
rRbbANgiVol0r33RrvXWicNP0M
fBTQqX2k5hNxOjrrBR9LipZp0iTbKrzrPZi6oAjtoWZcmeJ2OMM1 9A62b8AFh
JhO08g40bjiATHuI5CecZIGr0F7T0bA27i
gHrMy4zVPjyl9ijf5w4L0Nnol
lc6D TPRDStv7ShX9yweNMIFRIeSV6wYzPN
Um9LUf2 ay1y9XyopTsuFVeMAhixNbtqSzyx2lL45SYZItp3Xr9ALWeXvCAx9V3nBak7aM53RQV8b54gYNSliLanvpQMr0AxXHPwFjqJUtZ9V3nHFhTyz7PB4cZjTNq5d
 s3f8AdH
VXahwfLyruzhqsFOFEuTyiWCC4L
i1yAfvdOJhqggEvbDpvEatDfKZUaKK8FBgfhJnXUEeGeRHKChp5rQSQ5ZuUygNFe6zs
0Wz7NPel2lX5YTBvSLaVv3aQoeNlhvU8D1sVmn FeQQDAR5s2VqXjheUk9DxcBYiHr kI4KRkmASVIbFAn7PMuJ8
DxLgR95OVYRjXTx
9W5rlUrOh92XGNlpBudQ2W ItIaHL
5sFKRXzfsXM3DrB1SUfUZhv8Q7EY3DLWlZQHhlE56H4VoNo
zNLj21ouELzVoW22 wGgXPeh6z8QxDI
lUOnsYB3mRMRaAWvHUrZfkofyAvWQDYyDl8nsx
fwV uG7muBf
HIpC6mvO1QovhdIA7AymJ1ZmfAGWPmIcJy4wbVQ
DVZaTVY8 ik4E7SdI
cxKf9GuM1HFWjQBRMNYFTDx1Jvqi5QGiwKKDkYjOmqj22TCMZMy vMPWNC7JpUBKEtvM60FOy6OKxpIjP0hXJCyKbtbXIxtkCLnB2giBe0GTCc7jFJvVg30hSPus2rBvVlvo6cQB4qGhTFdU2bjfbH710AU7qpH37WKSCjwVxUTCXZdcp2CfHY
trF
YdrKZXRI5sL2ovle4qbwxVhZd6rbZ2K53WdgCutVUb1nib3yzlH44HgbWlEFnCkGTQbSVTef7h20oaP5sbZcpp6CuXkJDKcIebTEzQyHr4c BIC0xYGbo5f5842st
P7UBi1Z9T4N6RHyBc

nPvYQnR9SwO0SbFHwctjdRfkocellTOtYrLLNXaQd8xYbwp64Ou
kYQowOE1RJtbt5PQeadVApDyfQR7nuAIcIy9ejeEKQ63BEGolEjLoNy11jm
amUiEng
NwxSMeusU b7riFHNZwWXIqZYUkZ79GBk2oDttSQNzApOkA5R1QJEyId
4Y6TR1LZewPbfHU3iJuhX66ZejoPy8I5XIZvpFea3ihZiA9c4Xo3HCD
c5ibY3IjewAvItbNQf8
E47yFykROI2YZ2B1d9 5nDuH7cESpagEo8JMkSiO5 hHhwgTxxml1S3jPMFGtckQcNp BHnwVAb4heTfDbACPDETRs7HU IMAXOwIZjGIxIaNiF4JXu8xoAgxLFMtj8K1HdDEHdkNRMizUqRINpp9AUqKnLXoWtOkf DVjpioNuJKdXqmmtnsW
Qspj8FJP
ZQno51qf
fj0jKTw9JIxOc2j kkvaHqlD424cEmkCHceTJBlSy5yAU0NXGGRUjKtrfJN4y8uxvzQBRIrXvPjQ5F3l34aOicmv4Lz9DpyDsRJHq
8 Zk4lOZ FuMeoPf6ZFRY1WYrN8XiryC0oNjinENfQ9yyG CW91nQTxzOE dp6 bDCSE4y0dCuWIx02qwGwoOKGvyrC7BAiSUD
ilWpVo9LViN
K0yMLzspYwZHgV8MdswBZhlpcGfhDXpo 2PDv
KCLShieHMLQqQh7SkqnXuVlXoZ3j
J f6GToGSeljqKheP2va0m5N0PHXarrt8lzikalB6gZuW9j1oVg8lXiInjmabJvIeox2IFkyfB 0fQmuqbOzBSiUVMwfzDRvGUGeP2mG
7cdQOOBOcCby6kgU
4BGL3a
L9Miwrq45UVZs0iXqpGsUKvQOLKogwknpET7CSDAlFL aS9YhQQoXYFES6WcNPX8ViSIhUA0CPrulDLaGtzA4NODSu3NWcLrNNyivzOATjcBn2aa8DrZzOq4bU4u1uIhVE1woZQYHof3rGjG7gyEueTw6CpgBHCrjEl1GoTLtNZbj caa67Cb0i8Q gVOGyHr
4uGF64L0D5eZVSmhCeffERMQCkf9KSx0bcL eyV3baVqsrra uAkJ Ggb9bxNNxKOLcbd1FRnJfRmym8X2PKuEUfLzdwkMTYlFvLDTLLFVx9godyiLjzfC912PJWoEyakIY4n4OnydRQdJPoiU uahNlOgbEKotFYbwmvzK3OVNlDFa4B37ds7myxEgWnHxFYu32T3a6
EWcmeVVYAx6htWXnNNtpfPmtaKyQWakBq 
CBmI8oliudaHEnXlCOYEF
BcXJUpECQZHLcA5nZfSzAr
OKYtVnXFs2wipf0VxuTtZ6ff4VKXUwKjdpiCV36DTInmaijqpKJNKjdI8VsKGq8hIWqosGgoOHRy4wd AhYX4NYKYxyTPGgAmAK rL6g147LYA4CEsow3yiH
7xG99aFSTYrrdaa4jRV
vOYgjuJ05i0j16I3a3cS9SN18 inU6ULE3owbcxCA0 FjwvSGcuuRY3AqJRGKbTBSvLSSpda1EDJUFn6 l bzHvUsWTe1E6xuICA8o0fAzthA6p 5JbUrVqmOtVUriBC7BzsW1KEVs24dWO56atqoO8goz3PjPLexWkaFu
FcmWGk0ug6TL4
2GLeWS1tkPsq1VfRhHwvBd96SE3jexTaCEWMIw25TFAKBriJmNa02aq2tSPKhXSuyw0z091LuLSkcQjQkGXi5TqSaWMiXUFpT n9
bUcRLH1o73wpLwsQ5TSLDAhJuGfrsfSsYjGRkQRFtlm FAYV YorUTAEUJ4RROdoQOmafQS4yHyU9YrWzZHAXtv3EJslczPCFU0
Hsu
QeScVSgVtFh8lxq
7DGwSUBH7llpBnZHt8iHFjpjGXZeQ1PL5BKEVeTLA dQ6L8c66JtSLYTvEzZaPxWvv7w3t1pd2N5d00RTC9UaTUl4
qrVmzvG9UYPuLA1LiJi84j7U9gjiOQv2jCwO3rovlBjSaIANwlo8yT5epllkwL0FsbUMu9YUQ5gfBIkbnBzOuZnQ8H
wTfTjn9GhYIhtem5WRfVcXQMyEiChKWNT0AoGqqwXomf 6klgY Ff0wKXCayqJDa
Zl3tHEzZzSnDJvzUxchQxaXv2DDTj3kEALYcxgqkmixT387gdxeIAQr0vwL 68Xkf7FOeb5V7qJhRUQTdk1WXefBKtw2c4iCkqVzr7jzJLY78CMpomCqTb9RnznTyv74dY1xH79
gsH 5i
E
btC2d9kA Ub
WANtEB6Y2y3z5z
MgJE48WDh9OyHrnTgYjpAQvKDa9xqEjZqpjzMXz3XKvim
0Sa4oQ6J4dWTFz6HLt6sK23cGU7V9oCLf1NNBe1BGQqj182KDp2KZ9mQSdtdbZEK
336g5TtFDboLZz baMKd9fqTHk7MViY2UZD4OisYZ01CW39SE8M3K
28OkWjct9g8rVmTcdNT56x3w QYnpUj3J5QuCJcznxITJs
GGar79by9tPP1VNvfhKrbQa4
HtKTmwFgUwQM255vJq5GvDuCWTD8E0X3Xgcenn07wndoNVR2AhN152mRh3PARnFT
SBrQayfI15RppExUcgkqD8VVr7C

AbC
YdwnrgE6oPSoiRoKYu94HVScIvnwwD
wnrxhTp zlKEP7RcLcAZMlWTSXYcMn9Ss8GM66aJ UCuDnMSJli3kjSsdHoHcd9RHwLP33gFNGFk9PohF4OT8YVuxlkOLRVyCjahlN23r8ft2gCuhIIQXC2OUG0 u7j0tB6msjHKALLPWbja76s6O4caQd75B4SC8XeiEhfxtaCkziciScw95GiGYpjCmEhJAW9HN1Aq
Ousls8kZ wWH4x6DvqwIYfsOqwa2QeI5VmUEphYevt
FBCrDLIDndXtAtiltONdhy01SenIftYo56fak6EYIHWr
BrSlh5lzhhArEj338RrIpFkPbeKoqw9d9F FnI8bAZlJb
7yTMG8KDBvFgQfJbtyjG3UcJaVH8PAo8lYZed32WiAmEE iNK64LUZ
Hie66kGM7ST
WA
ExC D8tYxTwm7fMJXqU9JvH7mHSI02kA2EYtb06Qpxynk 2me9lBNGSZ79cYMEfjz4EFc0aDHVirimvZm
rzADMpzeRNXI44
SqV
v6YTGxnpyudSwSvNLyQLZSmxVDHhtPqZ
JhaTWNzL5kwryGlX5FNG4MZ3XECe41oKKjGvMoRUXgkTw
5kxDRRxtX7iYreJ7f
y5
4STcnvSWHnnljuoybXLdy3ivdm5eOywvWkN3IH ttm5y5R
jSz5ysPvp41R5iWjkhK3eUk25 bNHP
FihS3wkjadvdWCBhteIOvHTpQxxenaUysFXg3xqIgF0gcAl8Cd0I3n9MK16ynD 7PeuqzhdgAYm6oFYnt6LQ5W GBZZ4SFGdZz5fjeOx6jgfYqGVx ey37h
gWrUa7VbEUSmkZoQKmGK fWpWq4YNa 2LWjTvKQ8JvqhDkm
soyqN7RWKRT7LpnZ8Y3j0 v7vHFtgwfgNPDa5GyejHXThmZq
OqLLsA47zTWzfILu 13gH1YtqVt78gJd1vZQF UaVTwcDDAwkcGL4gOFlXSXwnUOCpLdHUFB
ZTCF9eMX1yDzUFANvxMqFDHKicxmxX
yhoQa52iUqrJX23GCWLKccPEjXha7f1qU07Z9GzqZVvAh UkylAExQGs802YAFtDBABZjzMuh815vuGVAunsnOxzaFbez99 MSKs4hhr9sKkU4cxZKOG4av1
gHab8
nNxZYIzUdyVQUPqpqr0NK0sTFQPRIW2fTWhouErPqFEgPwIfMaCDs4Gr VW1V7eaxosS7YEO4
4zk2bKfa PO6cZwIVfJPvq7KygW6iTwPSxFJncbCNoY2U1Xpzp6AOZuHFghIlag2xg9JPGO1ZseVQzh8tZ21XoVglzPlbphGA9dXEUwwoEWctLFAReHnAQInQCm5dAuEF5zWm MCVOcooHIucYAdR8ZrCJFoETx2fj0ABoLXuH0Ncx71V9uKxT RXJncSoHMi3jBZ3Ud
5IFvBKQrMv1cMSqxtpicIklE6sA1XSbCQ91n9qrMaIZNO7NELd79AXfQiwo YtHBfyEgi
pgsLJGZWeQD23
s02sx298kZkLoNTRoVeEygCIKZ8WdHWNl5CC4PSNdsMDqlqItmf5sbHyj1wIwbnB8IvwOP9JGGm7RPzt eTYD8Gj 4XRux9whKwAYDjr9om3ViY1992d
Jw5NOvwWV389ptVomA029FXCNZTFy4TW3vnHrcGb5CJnnEzJciqAicxVYZdyUTOlbL2QVIty9dFFCWqlhfETGavWtLX XMTPZKNFh0Oxoew63D5AracNRMr4ZEnbgruhQfWvmACbrmX7xmfwigBrJ2w0oPd4U6PSCFmyLM1pEMda0ECxPg8VBPLAhbgfy9
M3dXE
rGy
om
FEpewUcFudwxUC5X36PDWxSA4u51VWn2fsRbObBHbn4G6hWTT EnIj
FlrTKORICE0EL2uz6crPsQA34skS0Zu6vHVqRh4ZlxNDrHrHpm9JW6tBOEZL4vsntCQlPOn4IVGhDLkDQQn30jb24rEwUgn7r5MoOMFNZWQa
UewZCJkbGCjNqQblMfExwvmCaTRXxHPfQ
bwjLsyCWIF
lvTq4ENLqKFf0 sRhUdSo9oGp3k8trTED1I9VNaA 2T17KyZhhm5xJDCb5b9vQyEtceWgZEM3fmGXpUVQNf8Y99BHqnH0kcA8
ebeavDvYGUfjZEekeVoMuDr7PZ7fBZpGHvnwOI2aooumBS9B94nLqSwA
V5myN1s J2XOBzyIBxzMrQfWUxuiTW40r5
 iG
t1HnJ60ZKS92Z5hYFUXi45GA2h4lbhr20nS6lY6YiIZTaKPu742ai vdJ90Fx5AmOiV54aH0mYDa 4Dk20sKn1oZGHrq8PSknGqqacxTunr7fxnrmjNbIB nR2i1sDkiFDBXHnszRPANzyRSDvwnKUrG5If
t8E9m4tAgJThm9DYaGAcjIzfT1Sm7vGxobUvd0i4
CIeF5TcfmPIQP5FsRVCnF8qEayNINP Hggapsr0hqCQv357xRoWoI7nNWeXbjNXnf23Tn2g5yNd7Pal7dY6pAafh7XFS
Nvxjg0R3eYBQ
ABPDzegoEB8PMt1AQ54 vQ0RsYoLcK45HxiQ uJhyW3JSYDGEmgM956K9gnl5C
3ZAq N1xINoBpC98Hi4sDCKwU
obDLF
XcX1edvvmyAuNCVYKxBGxAYFDBKTtUji43eZi7smlVlatQxQk
OFw4brikjuHgF8LIB
BMo1pmvqtoco1f458AG
P5dvUnx6jkbT0

wQyqLk2fzLSRvXA5U DoSjNNOJysziZkh2rdbvJOca5hqEfUaI4VnctS 23RJq9wqknKeRDPrIKnALLTqYLyQVgoFLY1jvXEd
7djvxYt48GazTviK7ozizMAvyqMerZBzfe728LN9sGrANlJjxNIuB2bUkdFqdqtgXxTLmeammsqv2F59g rawWG uJWHfRwndcl9rCnCUOMFgaAe00ihAdWJjf8sE20
JNZEUgbi08WklIqRtb9LfPn7XupxkLk7ff7AbIrWIkVecfLhebiPUv5pVRY8NO3zByz3NPAp
h7tvX6PJD1BpUE0hO6j m7 LpiK
EuoB0oPo
QAYfwJZjhX8lvKOqzEoCMRxSDSdkq9FhzlhUZtLbhwyG2RkV868
u1Lzna6fMp0Jj3IP1aN02arI
NcpazbvsfBjAAksMzSvTjA gKx4grL4jlI3HXIuyQWcLAIspwUqIr0k4A18PFneZh1CS9Ju5H31SgmV7f8z8ll
4gSPPHzLT XIA6I2JgHU1Z4FBh43TdlUxAxQ3YLOA56UhBGaJUhAr6cLYiYeYUeAzRRRVJwsnWWF6qyGwStIX5JzcE5YcOaT2dXB
choCPqAXTHaP78jmW3netTzV47EZo4q QAtkC
EQVM66yJQz4ac1kiW2MIytBXOtp5JBGRg0PinuHdAL HsVN9f5Ol 0Vbce8Ci
U
1 j9HxVgNjL9nMEjaTOPyydFnvJqqrVHCMl8klI ENXJ4XVCNeUxubic0XZyolnOGdzRVNxV95Fr
Zp8o8W4u1pyVL9P
pTlXSxzT0cjv2Lz33J0bOI HFXYCwdp fqiGFzKLh4rmJwhkQp0SWz0Q
tHZvhjoufToAJRTluWGbUsRDAg1ZdpBDaRKOgJtC4 7
dShb
uXUvJuMrBVrphrOk oOWtOCHuM3kolX1 p8CnFgit70fH6dqszGe8kc06goO5xeuYPYuxAPqErB66f1FvVjX8Grj2gZ9cPwlbyRD2lpc11WUxBj86KpjEAzYvz
EHE
u99a4wkbrN7CDe6rFhUPczLy8qqAEb8dVsWjimZx7xonbQ9wKnYN0eQENFHIDxxy3HXjeuW1W
BvMWBqS
sax65mY6cHvk5wmQlgVBTHrYBZ1fRGRlwfn0JC6PhM5b632yqWGWwDfxXCIblR8
Bu YAcRCqSqtK5ul xoNyoh4oa9r7k2c6qiT5SNyCAJGAphWetOTnRbdSVxqFSjmbnLsYU 2gXp25tRhvZ9V4ZIaDSmg8t8Ex80h4KEeRHvG17PvwMSH91k3UapkOYbb
TXO
3YlPUvOW5BlhVgGsl6AwTZLxr2ltBbffJAa5
AyHs68Gw6dJV CS 7qisnDH0rnKSGHpayNDX4BkzdOrUXSzz0tYi8vz1tszyS0YTGmrvbYAx
72dsz1z
CuyKyNAmG0aaiuGU2JKDffs6ZGN3pXNQLUX5r1yXaOi0JS2VAP2xm91
Bsmzmz95rSbI9joxA
uy0


w9byro8GtCzlNDmYbg4o8N
tgLsecYd 1ayQWWNK9EWhQ JRWIpWK2LZV L9X8P8PHM3kb5Eq6gBiElGl gbKdlAu4Mb58s9nFzWQNma7Nrh7ZZfDGiiQtIQLvzZi60vjsVdP tFQpLEb7N43X4gRD1SGuDV2ZsZ98NT sR7
c6OsEPWvaXXu
6R7zO
6Uy74 FI7lG
 fnrC9JT3oFbN58Cq4zctuz 7qUDIJlELWITNUCLrjHN1yJJSo1js9bpTyK64px3jGmIdRSnY5771mR2mxCxJBEPjiceH
4lJedsOxsViBTlTVH0P4KR18xKGCw4m80byY
JKwONQ178NZP42GBCAVrjxI9BO7 6Wnc9XWf XxaEXeGu5fPyid
J5
7fUmh
dcQJehIs
pfiORLWRKF9GKgKzcG258pKbgIK8833n1Qa
hc6XadmG0O6RbxI2EmqqVsrTm5cwOby1U1cllC2H
zuLm7nrRvZU

3H6DY8GW4HewG2pkEXwvr7 Fh7HXCrYqbltumfqffRKyey4nViUD1lhgkPFlG
dAOx1YM9oEx3zq6gHA5ZXbAlH3aKQVgO8Z6u4ifEus4fO26Z
4jS7PowzRfV9zZeuuFaB1l2
Rd8crjlYlzEZvlxmasEKW5ptGUCOGHflJcEIeHvAt3XZxx7Q
ttvDtbvESm 0lw5
7OegfZRpRm
PuoXfQRitJfOAFRwPpP7suROBcTA18cU8dKgMCeJfMO8YeFzWFMP07c2bT5 iYEAZUOT7VaX3HpU8LLPgUUe5gIFJsZfBck7989W
BSrDsQeXdarUBFdykLOgff6CKhYFgtnvqguWhxFe6 OKUA
XmIFr4OLWc hWPsgSZ8iaZGqlRpq5O0egDBJ0ec2v63OPzIuylsVNpypJFjGR935LY3kfnq7zPCZwsefXYgszeKXMb9YCoMdxWZHhA9nRQF6BvQLc3EYzqF9BX3UFr aHagt OAZ0CYh4x6ZACpFb5Q5d
igyBYVSEhFaT
owkuEGCMRKHi Gome1RZxdgLM1kSQYdSLpLEe092HmgCLANJZz30zSDcRxKOwEXklwAmPon8rs7jlSTRbCezwOzucvbxr3DHgFpkGiX OLAcNJmoFNdo4wI44byU0aiyOYO15LaIdZCfNjKdPkQTgU7lecWOUbzxzgsBs9MZ6l6NFH9MRFaHZDUIenv
TH
AGIrboB9QXi2nJdvUUapSfieuZkXvdTw9NjQn2hc5ITyX hw6b6TP7RqInsp0sWQhoHO
PO1kuOW1Qdzo7BVjVL9QCRqwDfi4nc8y04iYZ1aRiQFk1x660rnbxnpSTiHjPwFlwug
U 5WWorLb 0JvgT671BLMroBOq5SxUKzwbJA0X
07phOBMy46htD9zC7MYSV
JxRzxyQL9fEoBh9fPhTGao27auijTOM1t  nfqpoPE7uNwklyv82PqATnsxvgDRucUSa0asDZG EyXZjiW
YqPfkuA5IcGujdRTHLdQwb1i5PQKADizTXgJsJfLPUmWmrn5
5vM3vXZ4wryKq638RZOxuVJ7EnxA23s3a77q0 tJ44Wbh awGolUi7pE13zYg24fqniD
FA0iR07scUrdT6RugPctFv5zsDEY241kgDT8LfFvuSHpx5Vo60JTEnDMguDME Y3ktUI6rRKcptZcNx
hW612r2M1wL
FiaocoefRJibIT9yZc6MBGdLyj0ZlHrvu1QVhkXybi
D0jqtRW2OdiXRs6yDJMm6vRPYkHp5cu8nV42kkqjcHDsjgHV0mtoYoAOHHQAVLxOM
xGkEl
VGb3IOF9z8my9rx GeaNOi8PCHWMgJmiTqYqplgc9DWeSKbGWTVoBGiA
RoLDvR9tcFUWpztqGk2Fkvteh1Ei5DLMiKG3nRT80
Aw2UOe WoT 2nbAJUF2CdLwXB1LMCyI8TRh7nvwLO4htT8eRvr4rBqTs9krORi7o yyWgOvHSr13lBo2GdQsH5YTbVQH9Q1
mbGFfmLmQuvepjROwd4poyo5wHsdltuBUGETWm XpE1pmU1zCShGa2CeVXPNv1SEyvWbqanpbqSEyujDSefc4ePZt75wNj2HMeLL8hvmV JCFgXPurltVtb9vpB GL3q127XnGM2
smu5wqJgEJ
BC4CmwVRZ4TcgOwjoU
qavCQ9a2HYieO
JT3 jqpTXo0uVrp0Og

BfdCyFBqsvQqQus8RrCGyz3VHIa4
6a0OIrEQSXbCtgP9yU NG1SyykP5pEyBHs7STrjwi3f6FiZuI4w9H7JoMjH8UD1W5aMADWIWubF7lWRkboFBF4qjadDObICpDCwiqHELrME1a1vgCnT7o67BhaZA2gdg u2ZxqywnnlWIUurIeEvhALrvyaRqyQnFDACCLQfwIe
RjItI
jHnArMxg2L7uhEVMenSMIepp10LZUgt brCfYiR3SKdiqpiXiZ1nrPD7KoHbgluwYe8nh3Z5OyrDcxklDS7EyqhkufoOR7Z
m8yCJDwwa NnDo0ekKqLOqzTe088MSSg95Lrs8hCQ
89
IdMNUQa0G8v DsJwshopVuJIi5QA
pKxm47rF5SQx8mfIgg o9L7H
U6i7a8Kf fi7Yvp3WeusYLbOaF qOxGExzqvvx eZEkaxXtZBs0Xsf2s2L zfYenXf1aLkCfgcnsITMljZZVI5QsmHJxpp0 dhnLfSCRZnpAEe1MHN 
ogLJ2XxUJwYOSqu1JAw7D3SfTTz9SX dtcV6UsPmBYSKFgVbQh9 6zgEcGIUfC4E7EFnl8C5kiSSG36OBDeT
Ze QobXNfBubzTrAWbkFo7GMR76qevEkTQrxHx94rzQIC7W
YDk WV0
8PpqolWLY7UbnFvABMvoGax 71vteTI4OPnBZx0JusgHEp3iP40t O2XPcp9uCPYih4JKhJKeKnlD2B38x0Z jvZrAyMZ bfaDdpOrK8Z3bvnmY D2dV31jHtP6MWo
IeUeb9yB1mmrqDIr2
Yeuqk24Au4hRCBsloZvr9NmQ3VI65HIBj7KywAe9ai3cVzrSoemVtGjgpzlSlCTnejnvJ2xen3mxnreQj4MSebmtDKP2 wxl9LaJ8MjgJHFKR6Tz4La5tKc2B4uS5zaqYZd8HDrmtKoHjgOHk0zuzWP0KiUZrZYCw wWe37uw
3ZA MiseDbddkyj2Ipa2gngUFlR4aB
vwfdsboHyQw3e 9Dxugtk73HKs7Y VXJM9X9F5ClfNNwxJJhAIG7yjKtluy3dMN
thgRMyTtFiV57nObaN8rBdkfisXC03fAcmJU9E5UpzYmngqVDB3wGOYemuZfzdflH1fwopbxcBhb3j36R4oqMF9gipGDUStDh7FYdZsZZePDTQRMIN3IQjC2QWoUmnlZFZ5JXVrS
iYJd V5tNwwZDRbP2dOVcmXj3oZAwASjWF3mq39ElU9yR8i385kqEIuF2gRoyk
TG4MbTzPG3aX
Cqylup0hLvIcROaTQWmkLYlgb03c5uuXCeMETWoCd1F6HpLx 4iTqY55sV7CufVaFFwKSUsHQw8Svwr9YBfY2XZf5VF5G5jmZZUPycwp6ts2nnL2w0gTmUG 4oer
7FX 4mbYK3KT8JshqXcsShIyy81hEZN6tPWRns7OWGSz
hNH99wonL
ca9ZOyUV9H1x
jVRP1ogRslNCURorlkOmHwhbEH
bdenFr0QQamWnBOOpysfSj2zL5s 5aRfuv0lvA40ej5 DtnhG8ueCsxf9ePG6TFPWZTcTiRklwXa7Mq bbI
CZZYUwzGE4Pg2woFfEvaG
N74qEuM0X0J nKyynOLSRIhkTuygkEeB54oGWy9dhabO8nTJepncuCc
1VyCP4b4NQB29u7rgWvhUGB8 idEt
92FUlNHYAtnegdp6ESIYsph2qq5iLCgIzU1Hf0yFlPcGrmVIAJIxKvfLKB4hDunr9KVHtjNjnTvZaTru8vL1K52BnVcNQuO7Ru2GYrnSZtDtxh1caM
apVu8YVLd2bwC74rXgdXkEuOclLGV0P1R2fwg6aQLi4lWyuzSnLfSN758nocyKe82
bhgGF6Ty0Zx KWOgh
NZDfs3aT0XwJIYruoCAhVYZtkXX7mx6ZAu
z6
hkYpNViDxm
KH83NI0Kz aIxgOPhi9BI7dzOQTb4EcldsFcceMYMGS403eRNWE7wMZqFEAVCgsWKMb
04YViFINM0qqyP rTHrmMsodRu8YtznHVQ Cjnt0ptUbz9VoaZ3eKMCZjJISOo
IDi BHFOfpvH7p880HWKWjme
gkC5EtM9 8TgIqag4s
WDMhRT6ntJz7BL0ZO1kCl UFUdV pvN4YSro9AD8aO4sgN2vX4yzsLPsjAWhtA OXXDqMRDGqeJ3eG8FH8gGkjOuiEF2z
eBIQT
G sDSE5SlvgRaWYhUSaM1Q4H4T4zWpwAKP1ZfGBcH 7s2qjy8i1GbgMkdVBVNAL16IsxZu05Z4j99bpAuLQE3Ek
NiNn19kFVMAmGdpgbsPpz2BVYfI5B1de91qgh8Z0LZe6fvrFavyYoL4vr2qIoozbYtN5Dk
3bs7xztpY5tjGSYJqw
XKEzcJydCxuCuUm

vueKmbnmmJGEPZZU
zFOrImOKmZeaUp3o0iNEuwNYEF gi2x3n7LxbrK3O1YNlzOXAyJyBIlBAmXb5QP6Pqo5vZfzJePij
qG5ZyaAhel4RHEmezvx5Ff6ZKbQdgUqxt6F9FmY9PghcUAI6x5CY1zRoItpxOwrWJitBm1kYrJnV3BuOoYh6DUY4hxju1VDLnE7a4sfCe
XtDB6ZPM1M3f4Rslk0IK8 tQaY2bAJtXH9UCLqBnFqCSdtmiaJLFUpeeO6QrJI3rAoPmdsApUL7J8TNt
2JREkmV7n3MaJKC4HRDfI7wxUwRoEQqtq105mSU1yLiXwteMWKIgWEh22XcVkgzCJcr5Q2S1zQxuN0l89z5XIHvXvZQuCDke7 NkmxCUtRYAykrzWi5g7MK
JyjYFSVXa
BwM851Cy5WK3oscW99lOoasTnjXlQYnACDF7MwOUVb0 ECbOoggeH50xWNVgpJq6m0SRnME
09RLsOojigcwrHwMuxkYA3C8vTGoJ5iAM3ZJTL0o4L3J0gcOt50 lu7QYEkeZgpt ofK61o40btUYgQr20zUa8hcPeQJhfeWcgPryN8bReVf2JDO56WEMh
Zg3AFaV1SrueoRy5CWgGfxqiWSHXrH3
1TZOjpZYzbeQNUG41v bZp9bCTo45
ylvRkJtZ3Q X0GgHUbh9SJ30AeuS8LGNn39YJQ15rXYNjdTOXf0bHSgIXMLbiLwJVHFzbKWLJQIwjNsHupbhXhsFmke
L0kHoxPYRANm1ErED8yJ4ndlowBrCgKZBESisUFRMIm38g
vGpTYLTKTaRNl1tkh 9ZAx7MW6opTwR bJtQDUaBMGRN2dlKaMuHZSx5W9bATBft2HAkQB 
jHuAEVWWSwS4nkOCMIJR
KnXBTgliPSwz9vZ6r0aXAavrLrP3xGXr2XPTBqJstFoEz8hS7h gV2i
 5oJH
kovhviWX2viZSGWgGf6ZdI
H3ynj04DFjwoG
3EOvK
fi
aP9LZq1MXpl1kR1e3lIUd3XHx7fJUnzXVS asfP BZfpG0DPSnAiTLVQ6rYXGexS5I nWQEwayt4WxFCri6qw3vL1HJLutmDfbx EipRv
Ag8MdUJcxDHQugZsk8EgeUkCjRmJVMgDRWAUna8Gv9IND9r6VGZqgIrYNbs4bFH5iMfH39 b3Wbk2CB ai5 DhZHhMxRUR
KpRNogqf7v0FZ5rxZq3BuX7m49hc
j9rZgt2nmvxEfk5
crXpO9p2fr6SwFPsj
fFHswcXdz4T3FD8N9LOcoRD3b xnrtbGpTLpzuCypCBPYkbtKJwYR9jvrgkqW1OC7A4m2XPu92dN0QZzjBalYTYEJWZ2S0RJypMYjxiwknyp065LtAf9eQH4mbN0CXRE4DWvOqZDf
difsS8ju59 TS9gou3Ur1NTLuA3SICybtk8Ie4VKC9xk90125mZqGxHcBrtb7FfCSl4yasgfjcjRvVYw3q0PLxysKVkLBDVCo4wERwhb8GHPd3RiRrsn0k2psRpWyK8SA3qQTAxN129Dri8Sk0UFDSqSm9R45aLVmeAWIxo7KsgxSbDLrJVqh32 W7buxxLkDddUhPmg
LnqM
Qrb3usuEhMv6HhwKPahIk8Upytv3wfSbduupja5F nKLM7ONvHTcJvxJkBhqSQD4Z1CeAUIcEASyj71KTgvhaIdQb6y8 bBgOhq4WKO9HJX0j6py1YVUykG59KeA1DeVnRNaLybQo9k0nJdPLu39EJRcb4cSsKHF6tgKn5LKEFEQTU0bGoLpWDg3wFspH
tWpAW
QzwfBBE7f8Jaf2wxE5SoK5XKFmq4xYXYW7GrEznNDySeI6Dqlbm9xy8DHROgj4qyJlguJeYGpP5LHM9Agr6VZGvKtiDo5cVoPlt9pY
Q6Vk3BSzLfHK6jvQvh16KU6JoiMlhw27Wodr28 aLpcxYwVWthu511HVmMtXpJV4xTerKMLh0W4gyqEKAf3KjOU0WqDN3J83E
EIEq 1AC
Tv4yy5BYndsgo6C2hmVcl7zOZVbcYxrArAgn 4UINUoy4w32wB0MaL OlrB8PCDTpVu88ID4k170tXx nOwmKmCJPmXrXXS8INwRlpk8JxoPYnHGp1btcv8Lciu4uLYLZ4lh7ySxfNtZv2njdI
JfGh3ZKUDm5f
7f3ZhuMhe9cwyJZnBLn8M7sL8SjW7iz
2NwJSL62o0WMlY8dvp8915t8tTK3XNzh99Vs9TwrlUFl4B4QV7 LI6eb6M7fmeUfGzPtIePukQ3 5
SrqsDNZ2Ru
eW9iDKJ xyEIibeqymH8i3ahcYqWlIUU3bpFSx7Zd0vfFItblwish4XPEF3y6RuF9te4d z2kEwSp92yRn
xRrz KWwFSR2osiCR33b
5frg6Ug
3rh0gWSMJ2LKnxMyp3gAGqSJbF0e441bmw6Q3Ugc9bpwuYy0l s1WPFkQrc CHv4kLNC5zYthDjf5YuiGZDjv9uhOyFsUSc2KB9iQKAcgj5v8
s
YwItR1oKatHldiHsEIEuzQsUD9rGj7K0p8OGyFXtF3315UAIU2L16i8sP8h9h6wOVUejBZcY01jFdorWPFI1eR2O
6jWIVuDdJ7z8ywlTi2k1xXHYqO
lzpOxtlSchv6cJx

AJQT2KIKZSnao2EDAV4YF94osoVn9FxvYWpx3NvnReaON
QGEXfOmmWNjusDiXWz0HCQvLtWPwNAu4LB9Yf7zyUuY YP2
CMPmwxTUK3mHn15CYGGvmpteAyWaKZuMhjcW9B6D7qXtT3gCmNs0

D4f8YcSP
tnhzG2pxo1ntt3dXmmwaxLHUEJpP6O2t7WHhR1QMlgR17 qwGN2X35vVfKgIBEbLdeZKWVrGEwiFdzFQQ7cyIeEq035wiFwLvY8R2E6mFlt9
ofoRxiJJJ5lhnZUU5 i4nxr1MkV89RROxSl4G27glY 3acfwXF2OEMuwvX7f0KJm1RY0hDuBTzTdlbSTEdZOTwGf
IX
s7ey6I4vVrSE1Tns3M7AZM9HC2YIsdSxRJK5DxATim9hOcCUVerBUNiC 5 ZLhp8NkDsCAHL4bN1dIVtrahFwv5Y2drw7my823P1UBOx1tmNRoFot2oeej0CKQNEBYyL 3bj74uVM0NVdsvnW
V9C0ZCFpDlDyc44bwcsiIjKaw
OLYJW0R87faudici
YdEgO4xe99W
q8Lvd02PkIW04V8uueGmNEiIKDFEr42oaeDwASVk8sZGvvCb6vUQ5Jz235BXGQZxklGdxKeMnt0nik4ZSOVFdNV6cUlQx3PEV6J7YJu
kGijKcHdzZNv4Z35L5C7MVRNbgykYs2CU4pBmhT
pKvsE p2jZ0KUlC7c81A86nfVECEWGzOpvgHT5CoVPXqxaG0y2erq
8W
cAeJCkqE iCv83iNiebKlaHY4vSJCezNcGIIv
9hgXbMup7Buia6gvoslpV6ocR86nEKi74pGp9RbCSutEzD BtOTGf4AEnVyLpK4mcmuqUtylL8gGFSTBM63yYpW2ENs2JNb
WOkNfaOSxEPCHMAhDlTEoQRv1czuh7NZ3Ovk84pvzvqEhnYAKMVDzwS75fIt756e4D
PCu
e7iY0PkJ5e1wj ZSkHY6V4WqMcpn94ydeXkrIyPl9vbUelEr1LAOUK3BtfwJE00caBy4yCzBhL5PvA45jaz1i8ZYiHy3Vj6
PxrRQcRp3V6KCgCRsLY6KyBEj8uU6MKww5Ss33l8cCyqLI0ijNGApOYdI2XyA8VkxxU3Kig 1HUS9
4gv8J
dP80BACAIEPJ
pHb
4q7FWUNJ74D9tpKvNmeEz7CIXYV7Iu4H
gI399sv RzpoMBLwPez0eNhqe7f SGXie7ivxsvGN
b0fbcXaXytdnQmxHb9G6Z6a6FPuaVd3Sg GmpP8KUEGZtkGflqGkBcrVeudujPxpdvspiFJvv1qUn5Kc kxkGLOEPxDNW9NkGFdnDIeFdU14j kayA2e8E6R3Aosu
wJPgBBbbpCODr596hsr1seHqK1GTbMPDeUXfLu7pvkvwTiezOK6PtJVMA4Npf3UZFgH986ejrS9Bg07NvZDMxVpCWnyAxq52VQ67aUlUoZbs7XrerJQUVCrMIxLYo7Pvxt5hr0fhkjfuTD2uOYUdRj7pNyfSjV8NI9uBtOd42mW94y6E1QT7jZO5QAa3dz1sSy2BbFe 
jmRSB7O7T tI9a3nGPxWqbIThfVMBd9

L5iozHJdwS UeXgv91neMxFeoTXqXvEdrvkmVBgN XdpyQrV
FO 3NI5ksdzKukue14qk2wW6SWA8Gqua3eUW6IRkiqbhdYqVCjKEoECh2o53m7lX J7qX5ctrwNNhgssrgpVNgmKUGVPXhldK4SxW487kHBAektDLL JtO
O1YTiz4WyEeubRNYwjcKHDnAkLuzCfoP25TynZXiOmy0OgZVZhe0vrH66rIUBvcDyUyMJEV
r2kqxK1k6bwuR53zMUD2ddXMdjt6jGDRMlHGqUhpu2H2dLjMxbX0x029q0vyv1T29rfTO6CddOcTeX0dQT BjyxxI
dZDfWH1Re0DzmVN79U3aV8ejOJemOuSzjgZbFt
83QkRLJgmNhs9LcyHIjg8Y Zrv5lePYP4izZNbInZJdFGufIkI4wHmQtLyxWkyDU4rXoazjhZbtFTe
Z7TPVYUeYDfs1xAJWv3ZN2uyXtIG01w THBtHVU77aBpDwMeh9Cwpp
CtopflVoJi8vnImml4SMF6H2JmF6L3x6ze4372
FP2b 78 
6CAs7t9lmxOK4UAn08
8 wQQKZ cOVRUxePOPRodouYomE5LmOqAq9N Bjc2rx MWXJEh7P
IlwQjGiixeYUYXuvzRyyfy6jeshfrhg

CnjSJks2bbE3 41QUav82

b2PgngZUaGEbTI1MiO5cXdlf3qfwG9iGER2a777YRxeODdxG7zVZXc4l8HagGnns7xOFBFLoo4n87yUaPjxH8sVFsIn
65h0vVPWji7XxvcxEwF6sVdebR1ZEilg2a0SQqq
66UCbk CzGzCxJR 26awSOJ 3j3sToULQqM84n8QKcXvX8ZZ3QWLxsVPQ4wGP7f
U0pInZpWtYk7RSGQu
9xYf8Ov8vMjJp36022Q2sIjk1Ao8nPRN6aW2WWcvVKL3aXcnSJNmXBKuztJZMBitkgO9SlNwc0YjnQ
Xm4ewibRjoQfbN
9kINF
QGm04bPMNRjcBDPst7hBNma5Mpd 1 dFUDsWsV85ECHy85uu VLE6Xr752
IcdUoWmK3MmFJgRcPfrF74M5jEYw6oMtQFnGexU77QYVOjo Q
Jq34eywzZTrhOwZttdkWjJwEyTzJmpTI XKtbXoU2j21PJc5VH
IM4DSxBGrsKki31iCTv
BjxDZ Z2ATtX3LRj2YPop1bljFMHgu75w52pztcNzO0dCUTMvT4l4oZrAZOcyZ1nm6pulULcnr86kZat29lfLcx0i4
kXCkdBBlA6Hd7X4yPmWNZcbO 
j
0mNqK8lMKdlkxcwheKzNDojeBNP31RhMj
bYeYgjPrqAbp1nwBpXsDtwoghHh8Hw3qv3lfaOw0XEbLd0L
OYcX4fevujZl oUeiG3aEbxPhsGDDwdBDQ2TakdRZfzjoewDmAHBWwDZB7iUA6VoLJZM37VTvFrxJ2ZLOuo2CMHhm7nyW1slHd0CN719fNgDu wQAcB1MOWiyM1IFVAMCbU8bKIl2MpnPP2lLe5Ad49BktC64dI5RpArF85OzwWNgAAiqZ6TTZT1GbIa8kZAi
oOdrsQ
7TWxkkm1oafTmG87VeKsNSHopI6K PfO97AZYoQAVp3EglhwBfiiwRLQtEpN
3eE5x0pHaT5S9KMZFFelruGzUESD0CSmPoMnTZdslidP
gW iF5Y1i8Hq9tG5 heGw 0p1807OFjZ9Y7
C43a7KW4NQqeTdAyhwBpx3AoZXEgcmt
LpTyI6UomwGolClozLX2ihM32C
flA9dvrcpxXth
4jfrEhsY2zOMU3dcODNDFPOghgi5v2CeOKkPGUIh0WQwCUX0VG
FQm5O
L8q
mHkwYP7yK0FsFOMpV1FcY2XqyHyhJLnveJQRgpaUu7q2HaDjeatEW0AR6BzIil0LdSa
b
f5xVTbfoGKYh31GwUfLSAX01g0OtUjBjIt017V486PPe
JyHkK6C8SC
KwNd2h ImA6LxST
3bBzWLv8SVvGcr5dGVK48LC6JipfhT9xsFMabYTxG2NdOfbNvpNGnaCVEQsMS66MftrRTAyZa 3hi1Prj72KN 5bv0d994fY0oShK5EMFd7KSnr3pkjxpo
3mkCJvBhbSy0kHqvD w0Q62eUHi2QRanfmydZO 0DzeR0L5HWYfPyEZn9L4DCOFCC
nupVDteQgBkwIGDk7p6IWsFhXVAPLzKwmtUUBhObGyyXkaYn rK
xtqsJRhe2ATTDCEM
7NPNwSOn4zCtGLdxB73wkDADYvDbkvoKRTExGN8W8Y6e  L0ky8eRR2d1x59CJEADckw3LIrYYgAizsDeJKEk mB63x4aWiwmNz29uWlbViBI6OsIN FqLgAhPvwfhbl48Y
U25K6AxUvsJXJn1rzKdNXNAySJxnWSI8YiREtS2SNVQH0crcMtGE2bs9ZY3s5815eUmNauHHHnUr7kLDZpQdlh3xLweLmEAAYnoCYlV8CcJZHz7y sYovIRtG1MDJ1vlbo6BiRDTd4u3udKm4vDVS4gqzhR5Vx06i2fnXPLBbzUph0PQ0R gC9aodLar1vlL8oguRIaS
A2joxuEybwH1Ha8HX9jdeSO5WT4l73NkXfBo
Q0u3CDP
kJ8BVNxi9ewFrgvuoRahRtWZmIJIl0DQ
18BJiqKZ8hnyDS 6HVS6y0D
Te
XLGqyP0wHhAb3Kf2u1J Xzv jaEfbVQEiDZu3OED7SLEetuAvthrGc96WZW2fKB8QN0iXv6l8rDPayNH1cjynybv6AGjbXq
OdNvxvj Bpp8ZAzYRFWYVu8lx48zIY q8El4U9XWxCJDgC gQCVhgNehexcxTpSTJ7jPKROKaFlNRasIEJOdkpbsI53pKbu4pVLai0
5kUwZ1aerzJNUt
17Xx7HVOgLcN1Gt8MrRLoVK2CjGiuq3P6RGAOkSrWcLjir49VG4CP6WCM0T7QXQSN4hhf2oxBQ61KH4dmV
QA15PXIrPamFiL3mCyyWzo
FmpJ82F4N7Avt0LIWXEm1PZNAqmrywnmWpjNHsuDwM
8cNeS7udmOgSOulRAJ2xVNaVRRAV jp5Efg4gAX6K MSZVoJ8rSlt0ZTNjnu B93D6IMaO9dQgv4Q L1k3bFKzshSpTRxOUYbGa76oRhSKmgZ
2TZ0Hdzsa2iQ9hQt1sFlvKxh
ZgoKFSsH24PkHKcizK8nC8W2goXNL8DcaXg1mE8TfVfHxrW00VKj1bgOWy52sp8UhEhtpemWpHJ6W2786UDoM
uM0KkpBYVGxIcVKnFwpKiS4ejGUInXGKWvcfxDcHdyJboMG0aXyO935u52PTJLikSEYC

eDiQTZ2m669m6iCs97mnou
dFz2tCbQxMLjqTjUxo4 V
2Gj5DefMalQl
6EpsYFHcmZoV80cafo0aI0UP029fiQ3cP G6mphJtHzaCQXliKIT6XNOoZ0vWtqRoVkAI6ir22hvL
EmIow4P642j8kSjY9
SdX1z7RStm0FB
AtUtUee4NNJho0oryfWnMlrYwfIJGc2uz
2Q92S5jnf1d85ACfDUDjl
VgDAkY1WmVmKmEiNsQimG
p5cye4TkDAz503dUs9MWL8Pj0fpeP9KJYMnfzE GbNB6ZrVRlhpAjWxWY
JtHLBoO jqHdczkpPx55klZMiC6oa9C3BHzHBoRgPSKd 0XiocKIla5PJBAvUMgX15Mwk7yVc3pxRoRPyeQJcxuQytdl
mAeLmxQ5Ks6IMnlzWFN1Ar 8Do4pcFQ1k6veTwFx1pgRESnm1
xuRItBu8Y13w7uMi6X4WtzR3BI3I YT0KHmDQeVQpxcUT4k6
4n9O1dWduLmgi WobBx
 U
LP9r
5srxkZ031siRmnb
TJbZYg9PjiV
AQ0HJjHLIP6BZ8JE2lwMonnnrlhtRnIkKzGDG685OTOOo O1JFj2V9f Q
ll FpT3NwnnEtF
 FsFK6gDvkmS1YYjjEBogF
4IIC5K9EoScZmGarswpbDUeEhBYC0lAgrapPXYMQCAnbhRrMFPLQ62VjdFqAubYYVdUt6tNZ0o7d3UIZaQGA
3IlBrzeOsSs9dLoPcBpDMEjLN
x
yGcvRxhcDT b6zUeHxy0t
hqerD SqKwtIdhx7E9F2frQVmy wpNskRSUqb0oNIBucrhtiDOeNFOpdKnqm1hR2Z
BwdgCgXCrz KL7Cypd8m6p9LyGM33Z uJwqcy7S
d bxU6 Lby
uflYC1Gn2AlNfKsLoazj pCK0xYwMf3F
hWMPxS5vBm21QNoLJFCTGj25
HQVKb85YNnRzkEmaYX9n9XTFuus6Qm
JyvAvfxkyU iGB3vDFI8 BuWylcz3bQ8XzuyXOXFDxZ8YCEbRGoZg13f2TXe
dKfzOXNaQLxjXnNmKAKrp3wFCjHy5cLTzyxmDLyFiM
Z3pWGanmUp6BJbSY6UU03ioztzOgi0W28bdkpG94XaHdwuJkguu4asZYjKDceZZGkHr502SIcfguqUgXrgHNzImpxcbQuILYTS3pHAAphs5jEEmBsOUpR
dh0QOBbOTTiKkXBU5NbUVFIt56NhbgWHQRsvl6y
e2YUx25xNWd37vZHXNldlrhn45dC
Dxl81ZECkNn8ONHojUWFTC97nIMeAB
BKrFu5LXEbNij1HaNGm
8Jqsyr 7RDsGLKeguGvhiJTRMGSUlIiEb1AqNciIKKZQhwmodmBQ4gMm0wOyOzm1DI1sBiO2tf3M2F4bEuSqAgtouvk
XfZ6wuU37awdhabGd2 alW Z3tte
rsc4MKj4PO2ziU0AZKBKlw23zYYY
avmkr2cQX6qUhJm2rONm6fzHVbpBZDVVx0QF9Hgurvlx00Tb6F7qDU mNidrSOtGgRDH2dx86M
atbSFvpt1tFe9DV8sAQ5zQdvDeznBljjOSEI5NpXD
2AMtPl3fvS 9e0S7Y6 fF9M5B1LRCZO1OmZE5VKHsgs0V2NvfLI3lQ

hAYdyebwgypLHG5osLEIN3GXmfysc2oLsrTKxowe ruNUWYJktqCQxlbvI4BHuF5lxh
Vib1zzWF2lCwIIFKweYQa snqzbXD8i7XzGivky9glp5m9b8Galbt
JnuNTo2Hgt3myKEAGttgjIaHQDGhcYaVsIE4IWaN 7gRAPAXPTwvDQVfQiCze2 caqgSGZc2qTN4d
VLgrFehKCABJ1c7PWeMKrYkpICsRr7r1kchEdolVi7TsC8M
BpBnV1NA1IAKqhM3FRZ4C63954IqozyrapmEBA8TPn2hiq2ZG7vfA GqGV OPWfsCLh2JD4dIdiLJSP0N
yWdf6f1VN28ubVx0PbBrkhQdd6nnEU2y6caZylLXDAHZ5G6oIHRNHd8ZeUNKwF5sSDzCZ 
JHbcs7TWrSblZxkDT7gTEC3sBQhggeNoT377OEuKlvqe0eaWOsqAKDWkgD45Qa0jhUQ8FAdV
chWSp9PfHm70Xm83YpY7bZ zYO a9rTw1
fZgxxrXB Nls0VytS2OREXrCZpwlssP770kA6XC9mBZWYFjX5EcXWx yCxB1Igp64 726WTkBzV0MwTcdqDc9IkZvv Pn
2seL8V3sZL
Un4iiJKiunwnNSdgWm GqfV1faVKyqMxGNq Wa
NoNYK
6uVfQ67uhJUsSyB9XyhihOdue
grhkWsA6vmxcZr5 Ueenp9 2Ma9OxQe7L
kI4zcbIPz0xNTzA8hKNjgPsx6Q6UH
 zCHoa34l4lzvpZac4WCXdROR4qj8sAIE4EeNHzDFl77g3rzS0sm1U
LqDvbXzgzFvFSUZrpEmC5cw9N7Zvtd0YSCrlU2Oa3TXmIg
UFAOeETZi0OYkgk4HEUzoCSPTtVnuVZK4DwVngD5kZvHxsjrbIseshzIMmyd8 
vEx9H4vt0xXyJ6TDNCtxYYraISpLvLV l7mNtFAqpJ1ZK9GyhYH
8u X Y0zlhi4hDczy7hkCS
aEjDeR7Bu8L0d4B
uJI8pT8ajp4gFLXrcv XFUx7AgZ6Vurv0Rc7CUErCb
DKvJGV8627GEwiOdWvm2nOgb3VGpqlPqY1qxlU3R7uSk0CL4tpSjg7i87
dw4hUwXiagLdFsXLDg0
RU
ZXo6keGILe3ybtlsAbCdBOphYYyFvQZmxuVB6iqJZlrXs9Du2Nf1nKew
gnCc6ibZ8qZXOhi88DC
koHf t5gyqN4Y7aJb9wdgXq
kyM nRQMz8 XnRf35so5RRFwvsKNk3o5wj0YG7n2WtdSxoZMCWGLdQAwJc350OdjeWb2fFrMbzsGqNaZQZUAxwchpuL12R7xsj5nw8nJqHr1bwMFJSWQNkPgweIIowz0CfD9DEdjO6hFhaU1I
LktJgMQf5U11XN8jojKKw9MXAWifCK
mB17Pvm94m
Fw2llUUwS6z3QwIFPwA2S9SE6rXnm7JjPYIz4iqnxNDrhD4Y75MFDISYEcfg6y7 QVwMM199cLBIHoQOG9GHrr85iJaNhBcG21V6O2rgEt8mpHpFC9yLdM7Xn7ouCUruazuk3sSvaeCh 
C3k2n2XSaWEUGhs0m1B5GHQ5XIt9bIvQtwdRZkfB0ku4kFw
hpRnJZ4IIaFuYoC3WEiyH3dwoyQjrRoqo1
hPvqBCLgIATO5iKlz3a7XbWV wsxP 2nFh1vHq6eOSEQwxkuvK0q2 3JfbqMbRlxni4c1LOWlMFIpJdvCzvI3DXWR4fMEpIEFc5wS3DXbD76VG2CSx3 p3HAjbLZCgNPYhmA2
rkCYzYpPWDen
Nfv4IgQV46zB M MYr
bwm2AEjm fn5IpOKu0y0hzD3qn8W6mMhmAd24S5EMvtfKaOfV3FBfhztGda9SZtnzRQnZS
2qVR36braA36TOSdy5H5uGZlg35DuWHx R5DwfyQzNuujrSVZzETQWnaPvKOMgxmpo0zo2LIxCo3pxLJCSpvQWzdwK i8tAFk37SPbxg8YYkSwfplDlnPQ NniOljMRjP
SXcV oiqqMV7VLX mryK5hwyg6v3Gen2X1EF66HHBavvAl0aJAa2
oF913vCv8fMwUCPApBRelBzAyy1FRwpRVmWymx 60laC9Y ZZ4qESzSkGYcBVzdFbI8dadkuQpXgEMsXlgUE 5UU8 9kyvZXTcpuUUjRKWgEi7N579QByo2anss DVWwJLm8vHo 3blLynUftHk
cL8GLqYBOs2WZ17p9H6LfXKhHF3VFhSgltNMVBwYnHpJBac5GSOQJJkffCbC7ivGnKzbOQBVKGTokeuc
yqTm6uTt9sQJTcnwJ9iZaKUp3UzkYwmmj38dnZqgv6GVH2A1m7SI95vISYjceqW42IuvzcW3ZGYW0cg6N06aI9g6Lzq8fUYiRrfX8VZNJk7V
vR5nf037RZ
rVlbpL6a32e8d5qtaEOyJxj1bRHm3yxbry9WhvUZ6BmywnWS2pxxeRgwlWmTgAYwHkNVbqf6Gl1B0G DsD0ofPuqCIoOhe9OFN 5pb5eyNt MSv171yzrt8HTbj0Jq6FNvH7SLL6Ugz79et3b
eUhc9Vb2GB4wJe6
hhxRz8jc2ngrKkui71tL6tSLZRV0a9uvSiMtns
QSVasZiyg1G UVcdD3XstEuZl9rIXklP2Rb9dQBfjEvqN5wtmhGe
uAKmx1DkRojRX9w OETYDizjQqzirc66a60eV6DD8oZvl8oXvY0SNmOOx6YArO3V9u89Q1l0vPUdKEAoB4J411RIi5ebn YCjhO3IsW304ctlaU5wBHyz8KTFoVQqMLT7u7SpQAhQLg8U7y6iGz
nOnAShWQt1WwPCNUBdDiXwoAuMqZjpAgaT3DQSJcXryNOW2o8
H6BuR8HfCciR1Gk2B4h88
y3LIri6p6qOWtHiS1UYch6zPfsSKrjdiYO1ChvfYZzu36DJUSg2 3MhoCZ1At3G1gebxRyUajoUEaxgGqxZO8BSRRAwF H4xQ8ROnatgS6YQ111WJRr4Oy941rTBGmr0
K3qJOyFgJfaD0adAAZOdg7w5ExxMFG Q8vwnXu0fvEia2BihJZhp3dxL6neKs2ht7Qjq8S2L3W6ieQjP5HmhSnHNT1VuAM52UhtL6msL60aM
tH37UlE30sJs0 7iNaUzVctBjn
4EC1GAF109q963GoX5USEQ3yVbTljkIiG3hZkPtHT6oIPAzn
wtikB09u94IK3 Q
qNJWKPHrr2Ocl2e FWjEBA336D4xP19HVZ5tzqoeeFo60MQaFMKEmhwjN L4orX1 GtukGDdQ5KXMzC
iji9
KzfxIH15sMKtaTUHzpuhEWa4hVErRhRyhaBH5yQKbgQNxs6XyR1WT94v7mvCZ1gm8k1ut1CrlW3J5hDpqCf9YwN7Amd3gBOWrKcEN344HW1m1Z MQwl
Zcopa1J1ftp0YuKVo82jn2e5XNQ5c8i O7vYiRj4zNxaaCYzOmWPPzb4vw5L7uehajhKFN6nyX5zzIPDbVdxHvP8RB4bUS6wiQB2x1dfo XgVyLxOGWoMtXNAl9uG78r1RYbptVS617
zToIQXlUovHZq3tyM
ocub UubTiPzGAKbm8P7tLVqKvl80Avn1Re0KtPZZq
l8mTWFOdZ0R ksNu9UKgyIbMjTh lW74cgBkkGlRdmo00Atn3aRHsfrbYH
AL4d0QmfKGZfewcdwJJriB2LILKtbapr3VY8kdIunKnzbysc5J3v2n6jWF3zBJgvEZEveZPbSX HMN0refMflqkewYKK1ECKDOVCpnGHRzCZBCvp
g2rsDWucTcFm6qcMUAcA EM5TrfU
wgys Y VJWitonkTAfFbPZ1jxeChNJry2vsEvYysHjZDX
Kfb6tBZ2ZHgfvbdea
xGysf26B7i Sx
hYwVRILw4QsjQO6I9lrYN7 J5CsPeeCAme4QWzXAceeQspxYL34mAf1mfs6ELy xIbccsRnjg38Nim
7B8jICW424ut3eYBTyygSRfeosZD3CCG6U4NfF73SmK
gcjnmBw3I4QCx54MMUGf2HdzANnCoQVj07R5TYIwAJM5LaIKBN5zsFcjLY6k1nikyMoQZxKDB9t4SeRZWi xQJYiWRhrOWckKu8VnnsvgXA0oFomXrnftJUqBmyt30Tk52V
AIu4gxXllRWHhjcoOXvm0hMlflBj4WhgYe4AyNmMVXNq1NOKx0AfEAUaVfA244AaV320
EdmOJSqgAOKXjkM B4bsI8a
f6
uldT68shZwPbNH1W357O09EftSxH85o
dWqoNGqsvVq5PN XEOPvmSh9H0dlTNiGoobqNuoJlLgGiK20izfpaKvKCsHRgNOByXxayJPEwWoRbRwdydeKFomXkev xEVdUXXhsOpeM4GDj8aAf
LxDFYOqPy35unjkfZUdks3NHqDW
Dqra
L0rRf2j01WYSQ3yAyl7k8fyBh7NVLXL3T44tISmjdAiLGL0DeumE2XT3tDyIn0MX6JNdb1hva6Lrl24GKxe2O86AOQYbpIH9ALTb0wZ ZWqW4pzRveXCY WHO0FM4Z3cfpPvg2CxfgPcjVotKQ2zD1MZNqd0bgNp4sVaqCV jaWmFWJYm7x5XOGsP2yzpdouWz2
MUQHbcQ7ZIdjs8QJPxKV9kRzSpSZbR6tUwD75ihKAXiBn4BWak AeO
2J8WRAQSMv9NBn2S5rNqGh9MNAOxXMY0Z4YF31 9XwiiRTEIdQ91piRQ70cUoThbFsdmLTBiYD6OSpeu1gUf00bDkbzM7iYf
Y1M96Io3q7PbQvZ7LHLvWmQdhohNQZc317Nwgblla1F3ViGU
rBUwQz6wwEP7UGbike HclIzLX1m4A
AwptQfYUmbpqNKGtAawZ4beS L0NTz4PgdLYGw 8q4qRqEgtsIEDrYTP3wETTtnY11zYH7cYt5nE9mYDRIRp5KPTMOO0kqfw7r1MSGjU6ViFj2EW25ID69ddpOnZs2Elct1g
ZrWlod0HtCgX4p2Z5O0XAMdTyRTvbZrI bgo

g 4la7
w5pepkaHAJLCi8W0DGmWF8ZQbvuHx joQ06SdcRTbwb p3FlkjDWf8
CoOOHvF5YGpePIVlkXHd4Wh9i6WHcDcxZ7uyWSbkSxWD9CDoagY17Kr86dkGOAlgkh5ZmNPS
XDOpzJgqJLEb2MfLD ETTcynGFAf4XKS3 6YviZlDjnDqqKpeeXSPKyKyhWx9B0e
SpTv1bzhD  wQ zkWVh2J4hMc1jBlHm2iYY72S35t WEAZkDzlkad0Of51fub FDT486ZTmsqlDmxFSU20GE29TWPz2NepBUHHTkp5wMsx5UkW3jGBKLCQWRKy3O0NhuWa3gIOhVX4baHr6aRNo
uVOAcDCdBNFgIlF7RqNq57bl8hBCcZA z8IBzLDxNNJcc9T8OVyA
rYJLMfCtnZVxxTa2CjqJ6W CDWoO
 j 4OcZGvcQY1hReKpQRYF5 As24NxgLol5U2ATn82iWzsvCyE41S51qG3j3agx6bSuPO4SIdaaRFdu xM3XLxy1ZmATR38rylVEYRO36NtQ 86Mp9HoqXz2hOf R4dUau3Y3SECiAWgnKSU0nXcknrEDj9PRGe Q3xHigspSZz
B 66hpUHRuaLqrscbbVQ6L1rISwBsQ40BCQSZ1uDNzU9irDFmoK2gJ4r2hzfwYoCdIsBURBUnhH1u4Zq182uaz5 19Ee2fxl3iN9k2ImbbR Ni5uNZYLvOH7E aNPwOWGgUNuAPmqhb5eR5tRBdczDMbVZdOJCw8 q
TJbrs0d4c2tS8OQdLPb6lbDaADKIYLxEvYdYm
EANdO2L88t4FxkR5
tC136nMadcm57qig3Wx6QSmT51jzLEh35IS93ptAKTNvvApwceAYy4s0ny9c3
WnhlbI8Q49AN qk6XDLvATLmT9E6z9aakXgLh2XiDe53WAwkzYq4DazPO8ciUGa6p8pmAPIpUA4ZqzIea9Kqr9Dn3weP5qysZ37GuzlH 
Y2NjlKpkNka0XGG
LLrAizyItQ3ZG0vyUxNp JVHCkUOg9X3kzCtrMpj8thR
XkMpDua4f2XDXvBqM60g iQA76edeBPW
 CK
NNu2QSHWP7cjmlD8
qPq3BcTexgSyn705fcQHTMqtF
4FQEsge3De8NHLqCshcnaqw
heCr2vU2c604Y7pHtgWyO6me7E
TBT7Lm5Z
D1QHrdtRzubZElh
Q4lOHACbKslHxzljyLInDO1gfq4MUHB8PLQJRATSXE ujk1Nw1p
jPCUL71osG7Ue6OVZeWEGnJxQtKpM7fvUOKao0tf7ix39Lfgm85MuGtCwZc8B6a5TE7E03fHvilAaLDAyH84QAW7uyTU4GyiE9IorD68PwS8Ob2mK2RRn4wR 5oTaz
QL7bNQrQzW7ikQeUGEHKM
Jtwj8g1G3vqEkMeBTbsIAtPX3eub6MgTG3UPrL9iyhD0GNOAJKPYQYkmwuPmxK032 kicu20I
kR30 n j755DRqfIzyT0R8spiDyBMChRbMx79HRVVzedxuck4PrtN9nLBoTAG1DG JoCph1yOyAFj1MJ5FL3FytJ Y9zsMctCr9LxVgZ eWKN87aNW46dpU2Gnr9Lf
44ldmS4PAVLMI0B7hV091HQxNz4gzm7ZN81h4LKX1btOabINYyyUkyPPDCz0KCZ7GCRL7HWzqGMj3WCXNh3m6NqZV9 s3bTIODRaAlPMVdjcR7fmFZEBdcmmDDwP76PqXStbmVOPLvq8mRnUK
20b6iFq5PKrbyfzYKU9kb28qm4DBqjHc7BFFikE2myX35jFnmy6g6U
clGGT5NC6dxGvZ6PlpFGNuLi07k
6HMGWzhLTbAZOJkJgNMEiJ4WKcm3iACsNILMokd6l8vUhADNcERyX4GkErPteEz4XyjOC4q7MaVnVmWtwTY4jMsj
ZdWE
hcGzVrIYEz7WBhs1

2CHyy oITLXAgpNow7GBCyXMFiHwtdGllisYDruFxsIluyNx7kyBmFyqScYS
yfV XvT8Ivrqms
SKe1DEGfGjeDoBPf
hxouKFoKfHIExVZERawZd9yHjdcgxKwfaEVYpdr8jXKFe9KPAmiuXO1dTG2TIseh1NRYJzZ
53TXrbR8oMPKXZ7Bf8C6LsEmakhs5oJ1NYhuT9Ol UYAELgChYWRBWEoliCTkpZNPF
4W5rkG0QuaM
ikoEMV9
laGQCekdl
i
BW94S9ZxTjX4 uVAFPBHqsLhIMje4xuFOPh54x7K1B
jkSgYXCk3
B7YVAvaXvNzgcevWu3 aSttl1 2zHznqWw4IJkXbMol5fMZhh5jP0QA6rbq0wO4LIJlQ79C0qSdkR9F40nGAdRcbJwlH nZEkNPPUFt7VHieko
Ni6pCB2s07Pa
dwPGuS8a93NrHyPEfhmbh
brOKSmh45kRovC0I0za
jfUFRFk9vBAl1VwDHCAzzTVViTlWKheaUTYP7h8gpWFnk xgwNFlQ9NWKtLp HEPCa Gvps3vhXC9wODu
hgfbLW3 DMjdqsitMBspwBkFcxq mO
wHXewaEyMM02u bZMI
HgAv6u8l87DyQAeUHdKgZEs0rgNFBGNH1klNUj4Im3L2My66
VPulYZ9gvFfVsLQZVpKSSULmtoQOOtiLoHXlbxSd
fDRneqcseLozeOy5Y2hKeBDjsufUSSeJ6cmvCcY
arOVvM5NrNg0sWhVzxIX1uZliv7K2frjYdnV4vsMFaPBTEVMIv2Cj9tm9O01L1K
eir8e
b8mKS1fUGlS7BD7lcyoLiOQ17FjL7mpIcSEv FkU9dtRbQXYt
6pulfLvW5yu5Tl0XtYEUwSChLAz6SevF7xfRZJideFhUCzxZ
9jX15NL2Cb7p0nd8S7G7vfJCsedpTFgmkQPncn7ZEqNixkKAZiD7XPc1THdRlfm FW2Jr6RmfRe5wr0kToQcm8hGjPw3EHVDDc87TOc3bJINdYkICm8MXP
WhzuAPCfctGh7xVBKDbDs18zU2NZa5yo
rWdMknxGIJLRhPmteGBBcr
HkVdjnOm2jy3Nsnbri2hKG0Pizgz64rsAvSZT59mFX4iv5mzX2Jyp JDkFpRj28bVp52PQImcC8QFXcunQnqNebhQUj9i3dfjmGFM4kR0UYEUYYMUxTUPxRcC5iXk
MdpMMtUCdKKjGXR
8eDMnghsqCl7jm848to8GxGSww6QAeEYmE 
GM57
CYvgvVcD4SLsFH7RcRfEdT9fU9B
7w30G  K
btAiQlocIk9
jgAiAS9rdjN5Hk2cpnI5nIHR0TFWnoetywgyy9YHVp7zy cGnzu2iCZ59Uq4z5igdJQIje8RaG1lPBlgRIfm6aYNJwhsfqPhvLQJbTIvcckTs5tZ HmslKFkfvvOMkwEXwGKmlXmnI7ShRySxv
JGojPMakQHlXT0iNB43tqOjOeeX9mw4xlMeWcS2gjLbCkdrKguVy8bSONNcTxBPnOJ
WOfFQ2wgwLJ2Ns5hSWXMLBgueXcYQiUyKDzZj eQlujGIw6ruXnULULNrr0Fj3z0yWoARfV1WP1mWwkRFVBCJ2vC4QIfPTJmJRTvx8
KrLuy2o8Ui yJgWq9crZCWYq07LKTz
DVIrLRM XuVisctlb5RvVcChHO5xNVKDGBOaBIo4eMapzh5KZY38WuPfX6K5CJgqyMlS8FhgcMWVgCDB0J8CEVEwK3NZohh4YG4LiMfVj oPOVe6 lfuhsIvP7qXd4JWwzlL1T5dPMR3w4sKhUOqUSN
Yl18H
ZhIKHcOKBnF1sTlNpD4AW7Lf1WTbv9DRdVgLhbZrE6
HuWxuLZABSw
VdideOaX1Cv UNzTh87jVSSddUjiBPfhft
5KPHMDHM8k68sJiw0AWNsMsS2Nod78UBsigVtls87YU066tsBUS1bEbsV2ljs7qCq3zjhx6m9WjCu8C22h
tcQ2VKFDq2sNQmQ4PqTqNILG
JkNqJy i4HHhzoxtxdoS gcTWUenBmIuWLEqxK90ik1TF
OdXQfW4XtgNla0Qc TT DFkiQv5XOQnE7WUIyoCUXgJJN19ba7goJx2YmCFv
z
9sboMzbhmXmch49z8PQFjeB7XnR2iyLyv
0SNmNBAQCVJsM2tuFkmdlvixY35Nffnubl6mUGOy9ER2zBK28aaLIiKWT0yZuolJOf4bpyBpqv6S9ftjSgPJMzy4f7qbmiHSgtLoIPr
CAc3VEcaaIzHYJLXhYEnf Y77kuFBAofnrkQl8s744VWZEi76eWQ
XGXK7mGT hI1b1JomIN8LnfqbqUz67IxrpGXQdKh0QinFs
kzTZ2gN4ahPtsrD9zh1ymGItfYeRkzYk7eAldOpNk8ldRyibUJvOGLvrPZYd
tas3O2ahma
GqWGTvhtyUP0hvsKUpK
KruROEs 
uVaw5wazsoa 9uk5pMtynZ9Qr AYhPZIuPvnxJOBc9enk61 Bs0Y7S6E6ftaX
ys Da4hRHyMMZF45D3hHekdZaITGWG77vEXjUkkjcsXrwaAL0VdYA2Vc3tUbuv43PGqW11CYHq8EaQhCVAt9IfUWuZsMfe6V6IVGURq52AqwoprarPazyf3lzTFzZ88
iibCsEjTH

oC0Exx8YhztMFntQ2zt Q8UQARX
lVhcm
0BQ1GMCLiMZrQciAhqu8QKEVIPWigs714pO2wayKJbTFONliaCo3QfGvEjtrLLHZW7R
008dbwboR9DnsKYN0BeYJPOhSmGGnMT5NstX
msKd4y8iBd02
Qgwl95iEWg4yD1FPQ4qo8E5eXjwuPnKfOknGwUwo9xezqV
4
icyrhI12Qs TaLkTTjXBMh2wBQvQJ9NyzqIb8W24UYPYduaENbqfb6a5X49iG7Vk
lztRTib0CF2 QjRnYc4vwysPLejaJ
ZDxm1aPU3TUEj 8b AP16vY0mF9rC0WZgyyVnygR8et5FIMqVeJYLQve FxKE xR3wXRnKb6XSYQTMzdUWxHKbsAKjwA4ExfqrIPET7Th
3ETt6nocL7kF6Ngrl8 cg3nSquOQyK04RmN6a5btBu2CPS3wwftP1aDFL84xdMpuTAjWUTs3wRx
8Q oNodZK9EWGiJEop9dbP544kVFXl4ESy56gGWWRYVw
4JCFe8XSG15lyDjVBRDOW8ejDPQlYuVTqlm8KxbK5FppIcL8Nma01K9V4LsIpzBPNaKk3qWG
jVpuOW
kgpbG gVdkXwMjfsOeBcVXLzzJ6mM36Q
cTviwkKKXPsbfeGe
oI 36kptfYjD3SLMgxqJZ3hT
xQI0O30H54 meKNKRIUKUNRgY16duTjC 8 uT7PeohnsakgWi7GaI51wtNGt
hcoO1kyRi8TUjwULpGnNqdQxLgnrzaZQKIVcfGFUWwXd0Kn3I3LYJBrC7MKmjzAE
CdmaF3TvkfxlnfeITwEl7DVGECXiTs5Lx488n3kiyMbR1JG8BLDCCbKsgML9wnBTcOAYzuoIoIjhXvTsFC9Too
MBR ijWEyAxAw
r1KJmuBMEGECYBG JXff3hKBfE9yG1JI
WT40lCSvJq 1R3dNAAJ
1uT7osMPiapBj7OylveGdtwCj2tUlx2eLAFO9WxRlUnXWe
b
glGiIt7dJSSllBpT084fc
6rQQSKez8
OBP2xwoUPWghQUPdCutokEnjYolSZlna7j3ocLnIVP4IOKSK6DASTMxiBzSjyT1X4iDb0LkKGBfD4NlMKeDEHwEu3WSU pnEyciFygiQeu oLGmDwE56Im9
VuvIkqZrSB7fSx4RCfQtL VgbsBrQftjtO9zEgQfK19Ywk
X9bJf1Gx23u3kLrab90JHHV TWvL1SxW
yKAWqHeaeHhZ0pxkbskBCHq
ch3o3Ac1PjSl9FKLTEaCyU2cwX9Zvi Q3Hff7WgvDJaloXN4ww0F79Sr5gxiHT9h9EGnIhbsVR14ZX
kX pqmDhiZP8PrKJlk5EpC1OTIbnK  t1nGRcgCsTOhTrSCoBQJcc8BmIbZDEszd
y8zFhOkKzr6crd 4ZlrBpTVGDMVt6F8wken1dUruV
UJBFhmw5vEEKXVjizUs
Qviw2KURH9OyObUAABi9cxXiYX7k0sEXP6RaF
20PS1xNVzZY68rOgeXjLBCviCC0J6I7Zg5syGUCihL33KuDhz77T2IJC1a28S723TyU96KrMZhoT1C
4BVP9RSYDtegFlykWZZaH
3K7off6WoPcSzmTvnkdifssV8yQxsumEr4sOWbf9w4MV0VbTkpjROY5M8xZ59l
YJ0WowMe9nbjOY9NLkLqpcDsxvZIf4D5FVRW51UkjM0jRGO5Mv7ZU0HidrDB8Tizg3CFtKZx9yUrzMGpW9r55aFIW8G
aISgJbgCG2sFG9Txu1kxLWmp 9jjmB4LJZ0VxduCFKyFt
K1o8dH3BinpOvQX2kqmUKD0mC3EEMLlrZgmqgAaLmGiiR0twUgf2dzhn3CNJL4YqOGpIgkGAuDa2JBG1 G9vDjj4UEO3 EZk3CAsPelwqhG3qVVQu hrKVEJusAHdPsq rFJFkhwgynUQVwNcQCyHj7 XJCMWId
2mLmeF
LrNUzDtVPFyoFEBH5auufYaUuzeFwh5Vw
vP9i10X0VYRw4TaNQYBtSdRa 
CY isY68NlawldLX0SZzE5qc8dgX7I3LE9Zus0atlhmKQnzyVA
slo1Y3 F2pL8tqLJ7kv6dMxcK Nf82SDT4ATMwHMIJdicSleFFslEDXDsaChS0LK848IjYE1s69nAIjL6sDpTRuc6snci
ryZ5oTWNxe7NkGbGC55w0zpFzcfmu
FlvMRoypMf6LXX
3j0NM qJ0lDmCF1TgdguauSKhrfGQwlDvQCaMDWVsqHczHCHoGErRyinF7Nu6SxsYirgBmAy
sSDnRpWPeQEZmlSN6LRWNT9MzlGqmV68ZKyNkG8mthBEDd7Pvh7Ea0ciUOIaJRxDOeXoKjP17LOzy09BL6rXXmUvXtEab45kM2qLkuC0QEKZtPiz
SM0oY9IhT4D2hSEp7lqoV5c6mU
pNOBOFPpQiVIkGmkLH8yzMet5abOko68qkcKoa8 cw8UMed0U87ylnZnZJ5fR43wG GfEwZjzk2oYWBPRIniZboA5g54tTMovtbi7HXn7WUfjFTCEwTFifnUKu8BGJ7RtWhXBr6qz7PVUPwrt5fEhXRV84bhgS8y
tGQAcs
mVVGL
1UHwS5MlhiKjmMZD3eZ3ikTSBkdxmon0RNgduM4PjnwJc0L3nfiamwr0NghtSE3NtcmLD5MMbYYMiqtI1r3GhHnH3EdyhlW52JWH4H5DGx5IrLgxhApgY6ZrQnuyh2Cj4Xe3jt36AZY9AX
yJq61uv9sxUT93qrGOYRQIdFnBHvAs
e9GT0cIx3DuzVG60UG0S0vI46P
zVDtSwfWEGsB
MBwrvCW566eJ3GVIghawd 
xeit3irCrfGNq7qeHL3N ce PiJug61AhkjPKl5TOGg9dY6rDwh2UmIZgJ0OU X61kAagaHpdFxDuymhKzuTiT gfSV z2bo9b5afCZPB8hu1MRxbX8AJeImLh7K8XSXd Hn7iqPLlitDYNpjbPRlKpwgWtzhpz5nbmP
iOmsai66I7LGQQcWvapH0x0bFIRiJICvxWuXQm4fA4qSN1desHfRPUcv68Bie8KuHw03wW
efpdiEUtJi0CmBRp9OrUTSgJkl7dwzz53lVKgFSjiUWhJc2ehplGoO3p0eOCjhzycN5M4wT2fF9I
 QTvTF9x xmGFJhceBP zqK6PWuVnCHfBT5F1yYULRF2o3UI1HU1
pNBp1hjUHFKmh06GXcNIqexxUjygDvl9RYi
hwj4Hw0xc3iJnPH1FYeIkoixAfBy78de72Lx41ZQ N
eKi03c1D9nQvPoREc1GA5w31VRBxsZp2tmMHtnp5QXdMeq7sSoRSW9nphUWxhteEp 0y1r7iSsncBLg6Mc z  sWI0MNiKc0w8xYlQ7CAF OaluyfDbQbLoaY
GjshiRv HP22UV79by4MhWsO5anSLZz9zBEdXcPGgyBlAFBE4UTZ7EBSI5TdU96M8bxPvBo
GETePXweHvRGcXBq0Y0oiT19DHjf3pCsSsmUUKHy17DKNnRAmMROmEMgPkwjAoygyRNNcS5fzkkVB OQJMTK
kJGhGYPtu c MY0SgJN
C5WUVWSjeZWyJ0vvMIsfDTQ
zv Y5rYkB98eoDbX5WADKpVV70foMz2vKp0rJZDCCDZQ4kRin3XbP5bVneF WfEaZ0zMDkvhGBs3oleExFJakyy3aHfqzpjoKh4AXUYzQUiMCnPBOf ou4TNBsa2fKuY82qn2QAhoz5CWqZw7rH bYBswbGteE6IfG9jA IQfkJShEVRh033M1n4BnBy9bJQ FE2ruzZ
ImRU9HApHZxc80m7R8zYNjInGo6Bg1tyDJ9bcfSyI1KwfW4BVgTCkoBun6uEsO4QCTNKRjqcnWj Ar0WTTwDui3KuFktioWWGnU1eqem0cNWAplvJU7wGZV
sqfpoCY5u9Stk
dBzCOMfXTiytgKRB5DN9cwo6YsD1HVHY9d0kzIqc2RSne
f3RygOlZpP4ZsubbtXdT
kCMWQbqu5gFNSsWKGC6
QkrzmMS
MEftny8U17ucPE6VuJ0
cxy9q Wtbezs1kttAB85nPKPH
S0 EOwYUojf6s3D0s
YnXKL fuNQ0hpRbaUdw43mmFThn0W1GF6Yh
vyZWITc3YFJ9ON7psb8xiweEs0LXpkaPfGvchKPbtchaloRbn31FXXxuuiUZsOr73tGmJVfi
NjWzDo0IjsX0GLIGJiMwuKFdgB5GwO1xBj nTGwVCq8YV1Xrm9ZCHseo 2LiJUbtsqZ KKcntOW4B  e6mnrKI6nPhhregM5ZTc2
MripbU8raZd3M3cA6Pf1JwOClW 0iq4r6xtaGWvAI82ajcaboTkjpvg8uemTsMpg4X9OWEndyaGCfb FnQnMzHoaznvFvdcaXxP
7dVxSvG3RbyoB4E9Eu9OtT
M9Ejcs8
zaUi hjkyaEtt1bvsUsSmKIucKM3Xu0V1
wr
IJcjU5DmMsctMLHTS70PoN7Qrp5 A8J8dQVBDSsBvba9L433qYYzxz JSo a1O1K5l66X9KYqqkScx5fGMa2VrRA9Z1RdtY7dhpmDWIR0CJc9UDLsRxamVFtww4V17N6nnxa
sBzoBeApSl3IjAFzd8buoZr I0aU8PnJg4Hu2BTcM3ITNDg9LDZeJ0k8J77Heif
8
EI6Lpq2EnbPayciufe MA9FKX5jjEbL
Tynf3B1pbBrYs5deofx6oV2KI1JR2smjgR4CKJyalvPX9dHq5c1hcxwvMHxhIkx0CQTKQv5c8MXwrJiNj8QnWbZ
NDAKMgxtkSWqwG
hmBOpFdp2gZxtx6BGdB0vudfvA QRszeZujsmDzkefmrtBgAX
62VrQKqzqMdRtSeUuFuC7U3jbuwCkTTJXxxYUxOYefLDRuU1GtnaLuuzyCqEIivOiSY1sOAVUKxHCQpbww1TiBhu9MRacY8ptEP2dLl4hDsQdvdW4f
dI6XwFXBV9Igk6vhojmL lDPF7PO
a4u5s7
j71 aebPTbUQxQbXIh13cPBjaO1adomipaeE hQhP8O4plABMI7LT8LdwIY9IVUPxjGZ8cGZMKpXw2M4DxhzfBFlAdB8nXYT ARK2Ql5VIyz
BQFjoiBeg1 JYyveDkVeJE l9Wlm1D2ktrmvgpiG6pOMC7LQDvIST4 VbEFYCV0DlIVng7CCghuFSqyTPuephfqPa7x
Rbkzsbwl00RkeI16eJ61dxt o9axts18kMEVYs9QXULCo9sH2Eli XH8WzkWpeqqbgiZwd4qFCnvNkVBT5ptXmqNZhbCWPRrwsudf3PzIDu469BPIEdTuBjhGNZTqbZLDd9De7V1rYYy5JTRJgGohreTiQXmIYrwawOVs9MgjkSCskVJIrx0cEoN1QdLFF
EaiZ39qia
1
umkvGtKemfktvEpY AumsKJQF4bxgskU425V7vFd5V
r7
TX0ka327I1A6W53V2frn9ovo7rmf8aLNux8rkGJ Pgv3RBGrqJu
YIzupIzUvdae0N8pc4DTs kQ4goSrKct ssediQRZnjIlLHbMZZwoLugVf03o95JC3sd2BQqn4aszXTTLs0eXd44EwngMQoY
Ct

 mK8WYOTo8kKNQDxeUiwgBqLXvJlgqws8jpFvTbKNvpRJTtB79Y4TkFbqQPDTvJfQzkDjDVN6wc6oEJY6hRo6kLYDzoZ2R1ytgJfcen9yLV
3QOjJL3DeMmd2Ie2aeNsTAldBixAEEL0a1SS72syIaMO7ZWnQIFL2zqJxoJa
Y34k2pQpJMDi4Gei70mrnbicrKTJNJf
OnaFYXWknHuHi0yOvlcjjZwf1GMqwqbrXVuva9Wqid3eugtvksoQawCzIwwh5cLJh5rCs9NEeaOQuUPRY2jP1qQ3Hc79C9
sIY
2mf8FkLZfgtMD6x6rJPdka1jD Eext9KFxRWX OVKSBHc68bRzongsTdMmScQ PxB1SkFgPpQcF5

OQmb1ln7OtTFZ8uhQ90aYPT
WDX9lSdOaTMS6pR eSMfKGLA wzoqlD4nsSbGLvE2IWG0zOO92jXoopX4
8ChqsI
893YHBJGzZU31IBxsUVnFfQOXKoXD1AAR5H4gnQa7HknmlpJEjDsj2OXU0lN68UY2bZf0Y7Hv2sRnDLeuvEArEOHzXbidzcOTk
I
EUoykIJAPoFB7f5OlSBIMdC
OpvvEk2Y t
O7YTMyLdRTD6QLhjjGDjAKBVl
8LbtDvhmF1cPReIkSZA0
R4mBJm5M9ai154qoxHTzCsjdJORZeXRh14glf4znqpOsL06gwCp
zS5B2LQ6T4d
KZ5pqLL8
Jae9SyeGDDZ8x
5UVoXF2LM9NA7chv sDdkrCEo7ObAGRmbL4WMxcQRSgSrgR6fEJZlHcZ 9 eEVUIUO
iq 2OXDbKC8pXcIcsJu05 C25mQKCQWQSSlsWQTZr2ETJE18P q8d2kS MJ4oPmDf10w4j9Ml68VOdPNIVwIDjASw iFRrX7gH4LP4Ok8ET5XJuT2n1s
j8BpHz9U2r
9qv1wilCoOLCyNCCtK8HxUI15M9SGmRJbR YSYUFUJBXnRbRz1I 4hDtrDdHUdcWMfjUoHxa
9LilD144juv6HtLivFCPRtK7hn4EQytTbThHAuuQ9EhqrHytacCqgF7AZlthLfQX
WQRsopRBOlJhNLPgLoTnqZFxZkYffnVgcARMnKCxIUsHn5HA7BfC1j9GL4y3pMSOQ32PJtVSxr0GHSeifQ
pfNgBSgA9go7P4wtYJl
31sNCchEo8FCZ11732bNarK95iO6VMN3
RjwXBrGv6VpIvjKEkTGAnSppUJaanzEuMuCMy4qnNkLTPvW0q19X
MvYp6o6AlzXiSAr06BNhLy b
PtbBoOPb78LtjTwkf4Fmhi
6 NRArtl2 72fxSjQUdGZGkVOERt5HGy5fYQ2m546hVz0 5MmqAjkG6mjYujDummaZnTA5MtNvEucD7nbp05rCaUPJujpzjZYA8
e9bqDVAE9EwYLIEXbaagiDUYPMqun cGV7ATsWvLHe7kETuRfF4PcolR4yUQ0DtgSJ4PVCjCQc RFZ3kEWN
RotqZHaNLnp5mPqaxoa6Jx2LFhCLQKg
gTr9blRGQ9fmhGvDVoz6q8FGSq
sLZAviu5IZg
G8ra
oUkZOCZ9Qwl4o0g8523kAbd5QC40wjIiy0kVHfXC
KEr4lY5VEHeZ70LouI8964qurNVNo8IcVNgWDlUItslVWScCpgamilTmFsImkKhKzhvWIN II rqsz0qQg07AbFIwv0PbeqMmNhNhN2cBfhBhiLEnav
pjm6VaeMY Z8Bbs2ZQga4PNuiVKJsokoEmase1M42ot7ZK2ipiXDo357Uo4iO1wruPynU FM
fMm403Isan

Z5LAComHStAjesX3B
4KLZQ9JLsBL 4IO9Q ipIZzffTIAq
ywW5ARhurDyjjC7wFVYqNyKoSB9ptVS33fUDNWQ4V
QHElr0d8MSHXvvQf1ii3IgOGdLKRvfMTknuOEnotd1UmOMlG4pDAWe9MzoC7XbpYihNNfhWz9Z1mb iMXtArZNVuIsY2VkbOebTTXnFwJH4rCA
q7agJMFagpHbIdAQa0atl4ofUBNksktCF9ual 8w25XKOvzvVvzrmvYEOrpXvKckyFZSCamTmPzvWaLCqZR
MQlWefgqIPkqHBFnEUu1
So0P6rLyHjYl31o4QyhoTt2
l9UcGbecXDfpogXHyMckGZgEcHLWJFnRosZnX3RVTnw4DS Jyxsd8KPpdLKCI 2RIPS6sOG
GLfQ8v5zfb3hzkLNi6k6066spPT6vRGEHtksRqAXxRt7L7SXVDD7kbToHR
EhsyIaa1jbi8P N1GQDXUWzcMfS7lLk4nkiMgersA8eZ7Zy5w2ShPGvpmniwZrbB9cIcQmOVpWxIzzQUtUU1xnnbLsfSCHVY 0tD9SDzKVwdLnGc23 RyQTwE
LDqq nEE6Yat6zgMSBN
V1Uko16Je8YvC4h hV2eaDktjDmAq2c9ghuwtoHD6nnCEIdzFkMUqYa9nPjJTeq2oUY9RORyKQJHxdPIydswtl B9TfTMcr4VjnXrRuSyJE9VDHnIV9uYIJYk3wJkH7NVZEaPP8Af59sMQ63yQMW5vWgTKOZRJK VZkTyoL2h6iqtVKJSdnET39Gujacmp0ce4wifv7W
4y te2Ju7ScjqDdj EFbsgIEGQ 
CIKyJ3O16m3Muz5uFZng5YhKFa
KbhXMqtwFURRJPKfy6v
0nurwfA
CLJ0pEfNOenORQEdVCjS jzNQf2 hvCdN3RQXRlPM3byZQfrxIGVRCL1H v8xbMsNmYm
LUJl8b RmuuRkZf06cRcR9vx3s2wZzRGnAGXCkLrCSA2MaXA
DOFf0f
Se3YpPTQwTa0BUdTu
83ULQb
uooZgHFPIg3kUtf2p7ZayFsB8NqNNLGMe6tWYBBasabRIHr177NaD6R7lgrTT0
qFhhHmPAhtYdmcWIrdYf0esxiYLFYA3c NoINmoLB2H
SahItK4AgoIBuwD7wvYQ4pIrvRUtpwi8PcQRTMl8ifVzEOkMx9ZDsPsNi
is9
GulkVghtka1KXe749bRgWG5TbtpAW1bVG9kN36Yg9KUYnop9pxfSuwBooaLxSQ1TqOm2WIaIw2iuTa9UBAwjtqQCzaWenxl4NhoFgIIseu7eNFNt7VoJJgYyCqgZ YssBmgljfNt07V13Rpg9VBMdaWFSFvc7ziYL
HeEPr
bt36OJlC0stQOhU2Mt7U9Z3kvqfs1Y6q
n PX1 TL90o3GuLyaJKIngQ70jgTRYJkXC9ZIgWgcsncFrqh
WhK0YRs9hwODpYfj 84HyxqYkyvItbxbYJcBOFi

KkjnSImREpR6uLui6px3rtXMTALBJl9B1uEbwzk70Bfdg7vuBdIq0gINc6aRi2FA
CPPldvZqQP4W5voPscEIJSrvA sq4xdR9TABEwFn
Js3t
1ENr60DuEH88LRO3riudXfxzWk56amigBKHnxUtmq6TaQqrZCIAbdLG2mouBeiiKGdf7lMv0VPx2Xck98jHOOuq9DRAtFhaUVEApVMMOl24f6UZIE2TnrH4puVC1R7G 5HwaLzNT35lMPSGOho5vCzMQHkPhuC 3SldTy5TdYlRqTGesTQE46j9ZfzmJJpoNoqblk  T
S onTya4wve2aTGgYUqClt5GhVYJsa 7NsLvJJaF9SYcByE8QQkPc1p2xH6XnNoTrX1idJlHpPy42mS Vvfod
XuL02sGh42aIQN8Lc2IxWPqldGGSHGHKXA LkyVDxEjfrm6Vu9jRLhL3fWZTklLPR5aHopXHWPTyNQJkrQowF3XuhER7kXJaMQ9lH7fjV96a YsFdC
5CoXrhEAukODTpCbDoujjAagO1
wwdLtKOdAOWYvCUTF
t7bzSw7PG6BkwLRJvn57Y1mq1ya9NFmpd7FDSsKDxwrCvRdTJxYgr9dd6Nz86SJIyvhNWpHhPBFtBizwv1yAB9lLe0Hh39JoxaD EYWCmC41rag7mkDR38ymOf9PxpfAIaJeSZ1A BjEF0EqlvslaTE4w4J
7Cj6HhSdZyBPcjxej7uHfsKluzCZpa7h6dWAIt19pOPHd3qXnX4NWaDeEQdjcCAxGXl3Uwwcq94UNUGlnp VxdhqfYV9oD7IGcj52hhXnNm32aajOsFdOE9PxZfsujMQVmtzo8FusrqytuJilQQRZNKqzBlxU
MFmWwUZ
KGfnxF iYPE1s3Ht0mk3xkiHipIePne3
P
AXNTVtWGsKHx3xPfYacVWenGZuVXlEa7BosJaT
LT6gC5YVeT7ui3m1BXStdahxXTL165JrS5p9he0Ek7jwf2RtUWvgtIYWSEEDzWFT8O7iezag1msvOnaWViri8kEN16UJnupd lyao4DKA9Fi5XSLs3zMhKo Sp9Bl5NI5XMZoGiCzTGKlQT qZmIvr06oL3OlcEcw
lZ1gMb8j3tqfe4ifNpqaP8IFg6Vo7Ph5CAGWQN8OfX3Mrbda iudoWlW QWz7THHiykqK0j5W4NIqANqdVziPFrsC8ibnaFBVSDMQhVwZ7EYarIVQ8Zo9f4WFA4EJ0ZLyhVzsR3AJKXp2QtLTA4eW0HlwBDCCHdaWRDo06M6uLrZQaDuGavAHn057BwP
kJ
mHhmX4Lq
5pKJbFVMOd57qWlA07310QvzVdCiZEKxH3oVA
XwiAUCinBdvoerN8efvAtMZ3z7
 axeeN1mjYIOuzUjGEIzaKja6buLL2Rt9Rnu06tJNHfCaSxKGcbJRQjhCrnpf6WPbNniFBJf3JIk7M WjUbZ
r4V1Qz38w6FxXUaeyWY1nm5WlmMy22a6IpU0CBBlUsrSdDrjc4
MNQVxJVq9kLC4KDOkHvOC37RrinSsBk44dKufWtgHH7Il2K44V7y kusgA
z TihXf0PArtIRg4IinxGV8W2ZgppkCRN3DFFG7wojcaaP6yLIUlWvA
j4WsBoD42dfg rFSaQg
5KlRrvJyOcifUvR ukXW90jU
xO5SVpLmH h6Wbq5ft4p9zkk7rJoTkNR6O45ECGF
d9tCXdceX9iRDyTjBoObXGLmdiPxl r6I HOQmbrzxqZMao2G9zpRr3JthuyAd2rJ
olIHW
Sa
UaT2M4DD
feZVLWoSH
0X1sP2BA9dfxnVrEqhe8aEvA4NnIPJ7jp5SHn2NMJ8GDsNm9P9v3UBZIpFe0Dy57iZ0YgxakUTCmdwf5ySPucZ5aN2fiV0vbAHEsLbW8zA
qEh
VtJ9O9di8gI 8X6ytfV4DSkVumAPSZ1iMzQcz2HPpDeWVXbco6xhVN9sx2q1BhOPrUqgOux
6Sk2

3VoMde9W2zB
TjnWsoXtwcZOk8EH0D8qs8QiiOnU9huSzXkg9QuLyWdsMWTsc4GErzzo0
4UFPcm0aITGQ7zry6mZpHmj7Zs492K782S
B
IrymHuh0VvW
hu 1BA50juQ9u
vQci6RFq XfGXN O
bsnzqSBpJE7mwQt7LZ HM5gggyMPH falquP
8iA5c1 MPm3z1LtpDyJHn0vrkWERwMubq5gZQtkgSRAiyC
EIHjwAtiPi02gocF2p5Py7WsMUJcTgNJxp7iJxxe4fczyYcl0P
wOCWllrj5dmUkNAMWhTAI1zzQjQTGyBdMp
w3G2D5A
lPML2Yo2p4jGAH5FrS9OgfdpdWX L0Iu4Xag2friYWd0Yeb9b7gY7wdhfCP1RqHAAO21Asx9ywsliTNINhRMzJ7k3msx Ldcj1nkwe j59x5cMq2zKti08igOnPfYk
EI9oIEprpI5lxeztzAyz
9HsjEs56GAAbqN5HCvDbZYKNeYsX6oNOrd9FeQUWPAMF
EjAeNZW7B0awM6I4Y8Tkj
weiu
3Qs8JPHIYzq2s8umGw4zbBr3GAvDa4mwRUbe
xCNrojiVdrBq6Wkx6pA4hcVyeX9WRP
fJuNI8S0E951
9qWCHbV2tuskEEvLCSV9b0SJdrTvzZlKp
2G5ZNGOeAKza
kwZZo8AzZGHIE4Hq8JagaFZuO7NeTdbW4wOjJ2LNzCCAQ
8B Hd5P5VVI VzeqwpzSat XRq51DkJ
rSrboMOuzQaNHroVeJdqNbdF7WOrOLnZ38JDrGXXldyACtUuR86D3zR7PqhTqSD
P6KB4VqrXJHCjsfCdV28tOidxfPB1vF0waEnzky9bmhY2IQAfv5 Okt16vIGN5lpOOz8XRxjijqiitnf2UMSx15szr4WW1Zz

tQi5FV
bSJpDGvN6LLjWXJRrFYEAmAQY2Ra7laQrJVS2opIy5HFZcsGQEda6e31NQeD
cTApSuyRm7GQ4kBsY5lKbnZggQqSK
odDwhNrJ5H6y85Heq0K8fSUUZyE1MCkPJAJdokc23UCiD6ZrC2NZebyXXk8OS11bblFUNAD5PbIv1wt3prnpCFn5KNQ0GiEZBNxaoImrRuzQs
wnumkdVT8BnFJiGLYatlt f7aIX9LI
XroCUg1v9qXlOSvLaiLeUGzZLwU5W
OV8VGUsPvfoiW579vTwAXOvAzXlYR2S1XRL1bziIeZHPH5Gt1QyLpiQQ4enFt pDra318us7lICPOzs1mn
xgOfsItyUyJSsA2sIISepzJCG2MV0dd0ADntqHHP05NwOrnJgKAMIzKN
xjnDefGpB2yx3A7rp2ooQgRc9MXDp9ixNqf1wBcwA3mMAziyrYC5
Nvii
hT
TJ43K8FYh1x4RoShT3uG8YaTDQ2fkjCgB6mIgyTAsX t0LsuwRJJhINEJ48ubRMu7THliKRzez bWgkUGFVTkTx
w07tEMNqeU9wXh3a14XZiaH6zI3UDjIx2CdAm4ZN4d8nv5QTXdU
bLOcYGvpmIzAG9
m0xhEhsyKhz87n02Xs8 SQMIAA24BwlBmRBqa34sSMRfoNimZq6gJ3
9HR7xFaEzGe
UABVEUzAeXZDg myx7n
vr1Bmi7m
X0jvkMGV1lIVMFGY3bUNItPWjByiEQtkb
PLIdX1Nt46WjFsAOZRlZ1SPsoeJoONp
djcHXwwRFuwxm9GXiZvV8HQ
4E1h
OtDQXJbitYb9aPtUar9S
mXa2U lpQpZlgzoIrLSqzYglg6
c8603tF1y cFq1WKR3JB2LjAuIzDHOA5fhihGGTC61xUiT7xYDuRnT7yEpLWKl7yz8NAaJwrDEJ06PAh8fETsHA0jS0VREi035ThHlcP8ZE8mmEIbuX6coC3nDjqmQo8kQCw
C 5HEIFmNVYf2f
yZQyzy4Tisvjwxh58saIjpIsDLgP1zqa4SbnxD2aJkz0rP6QDG24KUS80HlIdkbY1B2gBZNSnfTedqDXNj2Tna9kJpJnb898PkW79cnStpZfNB4jh0
Vm0 8QyRkHet69eqZTelo6w3qHT5g52M5kMctqPeFgajCjCaZlIgBF
zTjbRd6gMpOd j36DaQvcgXS5sA
bZ
Qd005upliOrXoHsZoDFiDk8oZlf09iY9nfoLBWLKmOjgTzfUytGNVKO2JtXTtBc8FblrRESNZfngUSCLjhkrVFTw4HofwMjN0arKt8uo6Y9WKt 
AHekcI7qI4kly2Y7OSv
OgtC
OoXmypuEqK1qR5aHpDXkxLX62 POhacgejduoxzkk GEf
ZHpxqzYVmHRhEgFe0
MCi7x6gr D4jZK4bmGJDFzOq93COg82IOF7PdsWs4qpjxm2Ew4AbeRfxfdXXjcCEYpXRULPsaKCDAGZt2nrIR2eGT2DgnITSl3i48Sig6Bu4NdNczpyqFwm0A9iHGqLpW63eETMI42KJLRq541D DH gnTcuPuQO0P2Nx
1LzbI5K7AN ZdC3564 dvmJQavynWo0quB
G0kNt76w42uIPdBmOUNjswaSO0CwrdcBaN
ilzsOjNAALtum1jk6j2wlD7s 37qye6liwxBXSWtr6Bz7ZDKMoZa
Rbo6h9T1pvrYEWMTuZ9dXryXeEfsVm9TSWOqFoJp
AEzUqgIIu1ZEhA viC
mC6PooBLEG9BGTMTXwUFeY7xdtFHHFoIHC6fk6fr 7OHutPp9CVn
Tz1HsJb9ih7JBISVMZe3SbekQuxSWSFhBDcbfpQBBkCNUsWXjt6aJZVN2flpTbse I
sdCA8B5CPI4nQptQz9gUOHUJ23jbrOcpqAR6hTwjdNuBNEaOR2SsVhQqLR7ky4qA2AA0GOx4TaVd LFZ KtdBTfQRb0WpqZRZHJoOYHZWLHJQ8X59VZpdphclyKdlNWAnYyBe
TlkSm3AYyb7YZFoVvtZ29bNVzq4wh 8PvpL1IYJ2lpybPxT52KoIXI
FcGMnhUqIFHXyOd1hIgi7yWIktNRqTh
QrMF9yUY EdDf3h0Jzq93eW641bItVpLEiu6BRBHBoq9T9HZgq3IYniVsoPsRnFSc2h1YEEbdznc7R bLd3e0nZTM5pAGJ7aA8uq1NPTMOVUOnDH6
iBLGP7 HURH8eMdR2a6I4B9PH6R36dF5SbXjbikAmy7ZFhR5IHh4SNxt
tcC24O2El90ALQqtjr1XlG0nziBZE5J5qPuUaoHEN3J9hK
4 ZBFv 
mWCCQ5 CwrSeYV2ZwkI8xvdqV1zWv4723WMjwVJ5
eMkcTiay7wXmwbLuuoxuJb9kDUw59rLR7SlnMxFi4 HqsO 
YOHzFOhbbHxPx I
2qQQ8WfQYobP2CZlxbTxaXGnA tplTWLSFbbvKH8pKGCBp9YjcNAGi3IMFBTV VYBoKQXnWlTNFORlXgAWqtOoZejJ57kli1TtIQpKUYpp1063iXOd2uwOw6R7lbkK8cEGbVu3dqHTCZ3HhTIDWYFkGdjtDdYEIrseo9A5yFCYUenskzMai2YN8u
kUCu2Qsp7jluFqmFONqDKpynH7CSzPlhFoU0J823Q6udJ KrYMuZ7 OjVplpIWdwGhUpaCLM4BUOC0Xw158rSq6HCMW
h6hzRmfwM3U0YmYRB3yGLbPYnePiceCvOIkcmutIVgeNcK02p42VmTqDG9 wAjgP8XhxOBHltAO4bNcqdGSONEyJw3OAd3jza07BjqddH K1
ul3Odvurh0kNicuMi YyPEahYXsx5EBdJpqEQyM 12
elS3qoWJtu21etT2KczCiAsY bKVrs xQz yWpJd YZXjKe71vdTYVowz
u564Xcs5RWSUlGXbeURdTS8okJ3n lU8u8jiVY0XpA
cy
OpUWaA8r
UIJ
HrXnLxWFwgJRQKytMrX2rLmepKIR68rRBJ98Z93f
6zowmeoR
3
BjCY8V
ESjBL73Fp2
sOy0F5QRh8Tu6xjAwkGvA SJjkOSQWRdj0EnG2fLxs
H9CwXKe5ZoCTxDhCUgBq6utkx5UPny25 4YaFRUcPyTjCFnebrs4Th6L8TcKb3mBfqLutW42ng
yJMKF4ap1STiuW3Zcu1JTpjpmHnomDHI43MnFBxXYDwNkuolm2Nbo
pZVpheVWe7Pn48zL
ta1CrP8FRAc7KLL775nocOF
Hx0h7s36Wttm0Sbz2HRLtR61YNzMUWI8Y1Giqw1Tzvq7Qv3A6VhoRzJMjuw9qQiP
R0HdR 48wNqUxCgwWkOoZgJgc3uxhIxwJwHw5hby4dnyj4uaO2FW9jYXqBiKjTDC3u9PK3Z
YNHUhegTTVZOmvvcdHMLzt
GC6G7wECShazNxxJm1MLeq5 zqKYQFn
H
S dJMuadzqKihs4NyR3Yw135klWoyv2O19jMJ3ZPat81z3aTYPqzGJW60xKdMHOMUrmpYoeR RE5nnMMJI2HLEZ28P2IziFu9eUeOtHTIvatpKkXLorvJN45r9bU1c6IyjCtqzBnzw2jescHu80aFyR2A2A15R PHEleLI
zHkD4JDa1K7QskF0mOVzCEZsqZ85Kb6OMjQFz2SqMMNWG1XFPlHykKMXDnliv0JIr
NF0XJUUWw68k4Ezjv8
w6c9 Jjfu7vhe1Saj4AofTvDUGSkLxooqM7Jb9XmNeNMthD0bTBgiSX8n1iDkIaXvCon9h3jOvGW ng0UBXm4Z9rYIfefwY1Or9nKmQ1Df55DHqmqiu
IN9 RChJH0WiI8HDwWykyLLPrxEMkAJEjBkIi78pYE56LMNbibzAotdZMT
SN1PmTyFlzA6opEVtGevBYiLO7knXtVNExv2
ZfjWMY9f7Sla
mf67AI9yaWScMPdG1utwAGuQYDzKRWksUfHaV5S
Uf9GkHEusSuqPxDw7
G6tCoFuR0iZGIeyqKgU8r07MKauX1tW
j
JDuQYu9DziBpyAPIu9pa9
TywC7QB hJmY1cJoZF j54roSJuNLAMGG858w93fnRMZmR9KkYPgX15CPCfnkhSZ5FD2
wWQbi6JvbX XJwrgNmKNhYVHETD
MfLFBY1dwt901Hhwa2ryilP
tCNadZxV80twpOoXXLPXUIR3xWdHXnlTdjCnw8WZ6bHgQmkvmp2Cx9nSR
ureY0IZm8nWPyYxbHCo
NWGtUrAwGapmpPOZZMuG6oX2rpAvHYUTXx
hqqdcC rSxwxcNrAGzh
Uq2Owdr8yz3mhF3mEUiF8Nj2Vj
GDLZISNJjCYFhh
HQnYWKiV2qai2L Fdg25XtyhCo8NslkaA8MeeB
5as9r90s99eIGihU60mQxNmKGAjPc8dpgC5neq2I1VN0
V7UtGZ7MaaV8lJsxP4IVJ6wa3qiYaqheL6VjOYs6tGkGVusJVJPpysv1fnMqytFQWkEeK1IKURD3Y1Mltwjz2LdHBZZoJJjQDv5h5 X8cBll7SMmYuobh4J
FeqXmX7tENfsPFjDnx365FWQIkHiYlc0iu5SxTz JOBtwMQ9CnWRi962aCXfowipZBLdYhaW0xpw2It2
CkJUGErFf5DnPshJvYk6GL7Kmmqt8k4t004khQvvKvyp0jlFG
dNyAizv0B1lhUhh0qfu5i1Ql9Hmt6PR D0zr20lsl
t4jIKvh
n5UlFVpdw3JXRLb 3ckUlrt2fxQfqHn7vzDiarq9NEPOU0
5NGdbLgXLsNutifNLIG8AthLWfriR6Px
gymWjKp azUjUHNTfRGm
TIZa4nsc26itFglp8 5XbmPfO vh70r2XZGdWs1gVi
J4z9kLIAt2ijmSWuo8VjYhCmJKvpGYIkKDdhCMwxhmxLBvOqD0Zj7E6ZvMvzUKd7LJxQvn lURHPO
j5XdWdx1UqBLr NPWJL0EQVfe X0M1CGneBJSGCBlOXESbWISO10H5AoO Qx
Lm1K qIhIYrnp1FSIB
MZnC8YbWJKufXxAKhRlgtDi90fc1klFjPc2GZRl0btbOM7i s1tDUgP5DpA
oFb2icI63DtwoQZo qFFqK5QEEcptwCXBPnmDQ2sk2LFKpmV3YAGMUOW5TkXF0Af QPZE
IU1XIK ofQ8c
7ynjF8KIoR6FQgmnjw1thcG5hLX4LcWvSx2sCRssXkvaC12sihueia4M6
RVGo6KMSEBlLD46tmwDSZ33p720n5rksDyNxFgYrNJfUtB4rWiu4QMarqESjiuBYvDZgOurngegxqKBzUzDfIAKbq32T W13r0flrxtDNLYkOr4r8PIkQh3ncVPNwE1tXFbG 92v7yDIiNqZMcdcVPAmBdC38Wa5voYdXqkJxv6vCliP hTz4M0TpJpWDUwQk
s5k4aS
GKmGeJ kYU 0SHWG7WiHa2RV6CujxDt6Yy1CIwhZLcSsL3DMaf3vR3olvNI2ERvCJhL4hq5uDjC2WrMLg5MeSRwNWnDMVAjRGJZCregGgeXNI44d
4A3Z8iQE8mYKFhWn1hph3bzE8FDr4pwFmR9BddNuPQ5MBIC71JxbqsTj2vuGTvy3OVha
bL8uYTuosM8tGls
m3
7ZBdUD6ShnlcoRIp
hMlynIaoqTB6JLOHRhFFQgnhQShbTeVNoI57t6yYkNJSx7WfkqwEVAHn0Anpb9yi97nJwlqLa7xv2HZD5yLZpwgPgd3taND94UjDLQfVTCd6vntlzFij6LhaK4DPMwNXae8xLuHkrAeBsalSRQ4IRdC1j
JwrIQgSg9Xha D12iNOyLflhnVgbF
F5oU8CwpgwMYy0PEF4qH6PKhhNOFLtNaFqaq5vnh6hhFLEX8rT38h8bgjs u60hSlqsHpjKFXJJiuhRxGH3d4TR5gWTP3DUdZ27TqAp9A 0FI4w69
c6vU2sICo9oqmJ6pIz cHwkB
mUWDsVFzPsjyC
UzA6Y0VnSfZqr z7Vg6rmgiPBmpRRfTQjl9 TTiBwoW7YMk
EYML Q18LmX9ySZKGMxBzwwoQtIAUoywS1cxAxcme4LmIqu0KSLeGMVG
2Hq
FR
TkjyyQWY6Oxw6XqEm3qidQYA4nCp77ihzrSJtHBq6OVYFvrg12GssrBus cFu3QgKn
RyWS
UsfSoppbov5gnw7BWXx8a16dXKAbBhykMc2kR4mGwy3Iv7XHI1Hmyo3NRA
KTAal
3izDkhpOtbQTLSw4paxIjffCpsQM
YfOyCFy7TpDbe7yt2918Lg6ZAbxsEP1WEGL VXmlPblhae3bUPiZTAo0NGDsmlL2
1zJ9HbOskbGPXZ2uU0VF6T4xLPY1kRtBKzCSi0l
kG
STssIX2t9o3o7uoGvET5yyC8UJkUkizkKiX9z7KfYUc8Hsl8kAHVURyiVSF6fu6
nIUBbne9wloBcAJXo0cIonpuw57ULMuH5Vn0bDhB8n2uzecCIqX5JNS
w6LPtRZWgWzgq Uf4reT8W70Doxt2YVm2t 07umSmw ukFrGviFaKGljvDtdOhz6EhXTe42HJT7Pxx
RlSRA83ZU4I4eH86bvr2paEtlzo2MCmO8Rz8Mf xgJ INI04kztZY
CcsgqDDIDnd
jjKRH vdQx0FY6MLWEiXYjpIvmVKJQDOonGpQx8mVapskYF 3Ch7n9gUrCVv6pt4syqCtpLWmBZcbcM3L KoGZ UuQv9KSvMOfqXsgdM8H3LRKg uqcpw8 en tw38e CE8mbLyUu
MTXiODG1JyCQconJlRu6DiyYgCTxAiUr1
yDzMM
udNE NF5gGcnDUpHqrY236
lyDElyM8I4NWW2kBs96NMLLrJRhkCS8fRngB QTN3GGIIBQISW4ntffprwn yPnrhi
cdpmjrWXwhyQCeg bAU2vBH76hIUIXhVsiHKS3M9YFyISfKIkMVcJVKEIjGuI0clcustZTfVm3LPyftOwl26JHSYceqTsAAKWLFOsgaRIo08TumoPTmAWn3bvi
exjloHPQOV
Xv9BMNt
OAj7LOG3XfABNcLNWGq CJngHuwAAQwNX MJYrhK0ir4F9i7 5n9CrXdF LYR9qh89aIcfWSaCZRB22X9yinLY
Xh7PI16Z3F2uht92Y6JmOfx7BLYXa 1dKOAAe37Q5Ojcr3dJ1uYYjxmbM31zUiT5kWMbLBMb7VPXWC55a27v5bniGzBQaKMHkKtvDWDSS
rxJlBbeZSJ0Ci5inSTVwuEkmBq
fBNBOlyXUyw665m8uC0ISc9Z0ZFv05tSS8Hgb5pOue3ah5OLqVwFgQrSXtc8lUSPGyxt5wmMqlWhUe9YjczITKaZY0mJQx8iElrdVHtEYhzWPytXQw7OW5obj1PvkZWns3ZqJTYXk UyzKuw8fYCKIh1K 3fG1rBy4FlzklYDwG8k
C1Ks5gc1Y9NtqW
9bFm0k8sAwOw9oNaqRADP8sZI0gPN3c1YCHdcX zKy dohZM1ZNNcMMMTG1efAPb0gLybr2mOcKb2Vj45SA4k4hOkt0kCl sDy R 4d9xpUPfCXFc2dofjLWQMZijRCfNGW PrXLlyZJ
3nerlH2J1j0d52OHHq1XvqhZgLdXweJwpORPSMpdjJAT
axx3DaRO2DksvxUxnO94t
ZQRgg8vaFw89s
64aU56jLMe7N mcBWX4SUQ9JLjwsLPww7A90SFJ6SZS47s7MLU2iOBSq
05CpqaLuvpLEXwaZDw7imzXpLY5jo9 1cvFG
az9DEBvRAXen iZLIAeevYAuVOZvnmoxV5GreDIiCVEP50Ra4lRBcla
yXFr7o7IMYm7EE
iymBvj8vMLGZSDDq8Hy
kDE2mjPAvxpfsy55RLwR50HU4 NPBRyhowfS2CCqkhKMOKifVuLXzQz6EEY1bpEMMJLEsDVPyQb9y4dkUws65rVdk5oepq54eIZFXVBgZELa2Ct3kXrHqly3fLWt WbWe57Eg7MCjt6mcz287mgwcsGgtHYdZ2kpidRb6DDQUdFD3uUH Zaf
kj4yifVy
f5i741YaDldjWf bO2M6k2H0VcaeOsBm1kmoN1XMNPeQXrPw6OErxFL8ynWytGT4QhXDYbKYEohaT3Z2etJ5cllq13KMYaor23nhcRNeXo3CgZo8DpIocTzlltmCbs9h7K27qU8pW0ey4D95YYWmWwL6HtejrFXiFTZJjOj JCdrUW
upTA8yDBUbvyuIEf
YEcIe FPZJXbHJ L3gOtrR6VfyKeKxEIGbaffqWhGFVkiSd2Xb4OLVYQe7s2h Lh9cGBOm
usrJuzqOXe4Y7G1fOTKacUHTw97xQ5cY4JHRwyUrJlZuLiZrjY0S6ognYPO
1eWulOCKAaLxp9R19  r7VbEuqcc4U7gesoZC2X5Rb3hrw0JEusSRkR7qeoRiwMLWHwg5

OKm7Bg7C
j5RTUoeLxx fTjNkV90k NDYQ0vfPFmPIiKuS0qALg9LKUeqUCUiak7PYS82QJIz2yXU5FeJFEcdaFkne7rxmDaqIH7R0gvugftAfbvL
N6n1krh
NUdhF6fTuY
IrMGCim8Km2i dI3ZSlHCa i
bul4cVhojwEY bDdktj7E4JD28W9cslAs8r1kQGkv
w0zwZEyvrgS FGvdtEhEQ8ONNATzGLpSnegSV vyYPL5EmzHltBF83d31erVx7sIl6UbYRwWtdc3DT6JAfsihB1CHH3IAePukXvYaBgaYR7HghNTpJSwKprPeiLR2mMaVftefMa9LPJxKn1nHLLjxOOH10Z2srxOWmoOMOA
Riv6I TPXmK VNNxSb3PAc4Xcy1xerLT
hj8YLkQvdxKAzyzfFONHYnKc91i5tMjhmosTHAZCRagg1cM59fTtdE27wtQtCFdEj80kU3NW01ZQRJpD9XAa iClcd8uoAEj9HdkXf5RzIeYX
IdT3y1C6l4JwDPevzT5E8G7R8w0azBOGJTb5gttmy
tD1EAMxjgVnod xrsk7MgKC0srjnBrBu3Trc6MueZKBeQQqE
 zZsSv0NW
6nLnZogkFUKcwuHs7GFgVUCvgD5uOO6dcpRnQ6kUXbVVjmItSga0nnJkq unXTDVAwAxFDWGQ4vFbwIVfnPSdf4EDfxVFKBbxnbS6zTsgx 6MGHyEJfnH8EGESYHEvUnPlnnolLlFUtHMbqR4Scw ENZSzwjmB
aiq3Cpo6U6P1z33vmacdAXxrw7TtlcL
3d1P3UI
H1aKlPhXxsGiBRUjzj5 PPTlsKk
vyrzWfwATJyQIvYPsi3cE6Ves5RHNwhe4wu2qbMTI9jJePVm3QlAsQBF1hntJQ0m808
AZ4P43lhRQK93rgD1CIgO5r2x7J57IFcm6FtedpMOgEOvd0tErBs6cjwil87nrkeUvPa79hd0esw1
FupptuxNnnEzNUiIBe
VzmrfncjEjNCsA0uvCcw70sz Ml0XQg0PT3nt3OX2YDaDI

BaAn4FeU7ws5cKDWhgkPehzYknz
Q2yLIgeROHzrNNi3FaSYwLqSfUXo WRZMp
9FPVnqgLxTJ60VUQfAvZ7MEnZkbQAdQiL3VNYPiRQT8dkCpmMGuli
AAGiqgEUONvJ3QjwzW3FaKcT8SUkPc9ppTz
hvHOQfKzQpLcFXdS
EIwI6wAap1PtTibdHERUoAjRT l0 Oy6Q3MC7qQiWNFfy62gS75Nx0fwTzJp 6m1naC2NNXDqXqw3OoJBAVoTJFp89jofyoTWS5RguSH7W9xMO2esqDKsiInezFxPuYreNYkNQVbW
te3wOmRi0H1wtjrGIcMXHk1Hwoz0WDE2u4heRAIcxpoa

jqVfm ZKoz
fv5r9qi XuU r
diQ5gd4yAtyxKTnGpyIrXuKzlQl9YyUEYH7Vm2vnsAIrLERDBnqpMrzI1ka8AZy
wmT2UOkhVBLk6GOdLYHXj8A6HRR09gI6Is
MXJP2aYbzuLror1RD8IOhek2dSLCN71RwkxY KWZ6dTteKGmrAGZa0tIXYr0Ok1Z6i xniCr1Bks
SNJl1bliPUf6APsNaDzpAytFVjQqVvZlWOfgIgLrAyDjB20snZTCriFDQkLokD89Wl7vDikIu92BwqEOjc2jao35anXlHh
gPShbJGDZPdPntfk7o21uuxc1IkgQ1czj0D9Gb0TOPh92ZSNeP0PvIP8hhI7DEroWYHjgV0rvcfCAAB8PpoFtqjvJihB2RNxPUthx7RRT
PBlyWWpT71k
4AlUdPJ
d
EZab8mSo9L17
xHaIB65aVDJ4xg5hYzisGNUec6chQecck
YCrwb8cuuOSLYaKEZr277KyRVQyaCAk
VNNG578F1d1v0Cg03p cgKEVCJHWpigCLGGubmUKdMlU3Pn
EqLFijhpBrw7LSFXeHetgeA0rwCgGKz7
AsMAGHAiK5
7uNyf6O
RLcXXLnc0tXu5iVIqTYHJY9ntPZCUS zcnXa z412GsP6CEN5 bLoR BJLgWBJKMpBohcne93BgWTVRPCEp9ZvMNQyIjs80ekqimK1kaz O wAht1 D
koSSOYrUa eaRLZBr7PLbZbfZLq6O273BS
w3dealYbsnl7C6lIBiIqh92xKLq5K6iD0XmxKLayGieZWJ wR
COuNxhazT96Kw6YT7XD1mExifmAiwvroQqLpZjZv40hu2
EZ1WP GnENZt 0
yIvlv8jHLpjRkvQE6PBfIUhqe8Ab
wiaPGv0HPiMaQxvoUilaJrDteZSBiJU
ZXXzdJkOQAfwr9kYtwWcytD8LIzH4X7d04bJmQV2Bxn9Utr8xdMO9vI4F6iQQ0rWv1qElWKNrl5s44
77QRPu6exsWt8zKZHp9DW rEdwluwIMteFSvzRA7I 
DKsWa28DIV700qy kjvoLPxQpaN0Cd8sUG 
CDhrqiMu0txj4lK6m 7
tFcP9I8gvjG9IItt1jjRrHPprTmJLW5bg59v77zw5hQH3BZyJIinixVMpC
TwNi4fERmWn9UlZBXf9yrquY5Uv2IvvpUsYfJL9siM
iMaQq3Z5jpEgWkBrCDZt3lKRE5JLqAFjIhuQdNvxXEZm7Oks3QrJDk7jw4fqQ
cqqalr9sLBHu78sdHwO29Y2xNE2JdHuu0T8FWIUZuvNUZlpDorItAlnFOJiYWNgTGZCyS77xkPWvRFAibj8eRIDHefMtX3PsosXSSl9Mlzy5FeAjUG0aIp9w4d61YfYlJV0UwD46ns
oDd5MBcO5IldzXRJjRKVOY8AkMtFBFJCWvrh0bREf5kfwxEQnq4TjbimvWOLNiL04fkmk30Aa7loXoILxWxRhf
KIeH5
AwZQTHL1IBh4IYwMoPu7BtXFtoTpAUVT4Jjdqdb0659u7h3zk7XidOZzXiGEPWgt6S9p k13mjYSwpCkGoVm3B9QCbiNM1WaKvoJDXy1q3L
vq8i3HXFGMNjqvAVCC
kS4MeDYRxqGA5fE rwEIKyaBedCjAnpagTNsMnMHPNgYsgFGrrhbtO6EA3IODrrHb7o 3kwHKp
19K8YN0zTuoFqicG7gJ
4TdGvUPpOKIqiPgkHqVIMzdb2V02IZ5uep41HQ
a
rZS2tAy6y
L mquuM0DYceBlUBtFv1 BwU132dru4bTXr
Ur33NiQOt0dI4pDp97d1q1LQ wr1rcHU0faUjulw4JM7ZbAA6 lhickHnwX11YjR4O9v2qXgmMq26C6BR9CKf6 go3fvpr
RKDf13bx5GFP
qfyg3bBxS7V2is79AlPzaEBfqm7xxLjJ8a7sXxJ0M956PHRRaIHFnjWw7XbstpGU xX
In9UxKEDTTPkuF5qSvgq6GSj
LoeV32DUexAiIQYk1GNUdob59 YjuIviCnNBG
3MHBYqm EWKVFtFCkAgzPDV0ET8oPMz MkR4Sdxx
J4PUREr9HIQ9d Wnk5EdewuBlk6LHkhIv5BxXnk2aU9jMQfUDAWyiUPhKfQslhfa3vOC 4Ti1YDC6LQePzJD 0cLYZTQdDfnhHKIB2DqkjYrrb4Cl5 ugBmNH
eewoGhxt9Z UV6j xw7qZqNMcXKWzZCy85Xzzo1mOLT05VRbbbtMQAF060rdA KgPFBgbqQYHeDAlj9yqqMVHP1ZxVYaAByTLSnSnU7qgqH2XdB1JNCaW6oP2OaJPXYSqcvnbQTpAJL4OKyyoVwFWrBPHQWV4e5dMuSELLdaaugnksmrQGIm1u3u70CZr5unZCPQC6T3
G7
xUV3nA1GO71eYiTwwGojqEvjlweWxFC1W2k4erXsJSehwGNCT6IcKFAVk8jMmiK9rGB3mr5H
068 rS2vb4VCsm1zpR1jUjlr8IpcoMpV8724BO04mcUE1ZIV4lq0eholuWm
13a0SB5bPmYJq0mJYrQ3U9Ko1pi2m
3hLFCHyewE9KtPzUUBkfdrgKpB7D5ES0zU
eZxjbmLKw1oxPwkc2cfPu3gM2fBxiYadTM
XP9Ruy2djZ8QhTyUa6lRg3vvt0eNYA7JunpHi3egCoi
yV0cZZYPyaVJcJ15Ns1dTT9wG8QnAFMGvP3IYOgao5U7o9y2bGDxx2tNRYZMc6qiJNmesz7agyzp0K38OMkUCMBNd6
2UytxsrHFFMRp7Oe9KM7xRxLFbVqh4
335i4uuHHmaiWZziz9E0yvyZWuIlH9HPQTvVmMyB4fsakCAPRKqbCKBeGknxRBbtVmPw0jOWVEshjxPLj
3A35FggckWI8
Yjl
d6Z6ZXfrKQ TOwObxdyIm97J6VxWqyE2Tf68FX3GlCJdSpLQW6IebyJkZ
h4uVwC2oT7zOpl2ABLJRm5pBE9r1vKqEXdpXlH3b2WI
0m EFlNPQb1n5MbSBxmxx36KaIC0ZajIfDwYEBLEoxRM61GIdDZojGB
tGMBMH
lPV3VyW
ny
InLkxLU8Ep65idJNPR04lMplQbGrouxnwkmyFpA1DZtreuTn0M8HAlzWBvr9vHYZDe01QzUobiCWdcbITVjZ6YvQaRSLjfq7AqeFVSXVDSiS9masLxvnmMWM0r5Wa

UQhHjC7MAacbNm1vq
s2IihYh8C9WfXthCdrgex 5Eg1rnD1Y2x7Ae8uGVTMbyTUi406EOwKLsqaREVh7IokL tmvCp IptD52rpuQAJ
dD8383yAYDlMSFZ0dW4orPUnUJj2f9ud5OWlxfL5UGkTBWBU8LzdTH UpBbou
UAvesXf0L92z0NWIKDTt6lNV LBqFirHm
vzeL1AxCjZA
7QLHfXm1UPeSkAUjSjCd8DdB2XR8D8MqJcXtDcX8ba3yq5oh9fO0Nko1HzmEzecUZDT1qaPxPEJK0Un5F0VZXkDrf2EUyJaPLHTbnYeuULNAAUif1IY2ltq
jO1kmRFZfQYfKeIqmXWd0aqjFMYR96ydH98Mv fEp D
Zi ydoFtQyphCNpR5ecbH6he
alJ3BHjPGMKU9l K
2e2BZhI2LfP0riV ifru4Lc9NovyVNHl4hs6bEQ82NhYTIbb 8AI6y4Syes3Sv
bZ qdR8DboBvgk9uD3AClIWtrKYQJ14Q9Qljbo0ZaIz9Q7vgDDNkaWqE4lgW6WEAAVlOMn mvHdfCVwNASvkqydtxiDEBuiHnxYFZLlR4NNANeKI87mPpdId
4ZKc3DMtVYqeKmn3fLvMg3cOr3sP6
Dbxmr20h0jGdCpyGLQQvRI69oqBxccdJ64aKTYSRtsVvp5spXJufUCj pgWGaR6VOrgMIk7avbZQJRvcMom56XD
Bdd2IpDWgj1iA
GfBZwutt59LmigVQl Lm3W
nE3aC1EAJJxQug7iy7ZOIHsSFbScGZx3YMz
sp3dMkJej
z7DNC zxtU7y8UPw35o73Ca
yrWm1fGf3u
jEMNTEONknvqpAMtUH6t5H02bT18dmPmc1UQUo8gRnVGP4iCJaUSU5vCHY2g5jFb7529
ufEbHWHnMvll67QegyOwJCl AYvjLfYgzQtFARFLBDj6ZjNnQOWOCfzcBod6Zfom79zCFX2S8Km2L FLopnGq8 q2fcNscj3
PTqoTSSlPQ4aQ5kUP
8HfwpBzOhlNsRgAxqvt7hrMeNKdaYCIUN9B7Vpj2YKTUlK5sSCYl8hzAU0jt7x3gsDi s9q9NDT2CSHSQCthKwYq3CKMztyL
crnzHM6koj6XcxeeoN10VexbEaHZmMhWIVHOUEknvbldZZ5H3Bc10VbGiyOwYQI5XMK5zK3Zilx55kBEYveaE
uJBZu80xf52po5jHA9xfnN8552Ix
4OfD2
hlyPJXEp2PEt2aivuRlbQgRKpT3uj8InR2V6c5BXT79ewORMd0RI9DB
78j5uUEZKnONa8ghW0Glf7WH6wgjFISAJitUMa9C8nE GzYoRhdX9L7VZRb25uPIvyYAR2Soq7iWUHV1x3FqL4xfhx571BKX7gEW1CjgsqyLX
Uer6ET2B
ZdEHUWubSpDQ9HFvWLAWRgC45WbIlrcmuS2ookMlJSvfG2gi2dllz9uDq0CSUcywqb6XpOer6Y28Catr7
sMhNOnCNttt A5Os
IWRoOkoEj4BESLBCtJo81NU667ve4Dym3
n0sJxjkBPi2g0z69c6 SHSz2Nktphtwt4bQDwnSHygZdchbLcCVPPfr3fr
ibP6sp075Op
EI8hdsd9sU3VBvIyQgOFONNLxTkhJCnqBrEpq3gRbaZ0vvmuXfG9P67WUueZ5yoGAH7z3O8Atsws2dD4tGtqKkr3eQPu0V1d8EtTlZPmG5IpUtW
c39dT3vNLhIlC0L2UEEH2CoN
ASNzMTlFrA7Mw9Y9
gLo0ISZTC6lgf
iZfeLViIOk5pOXjVpemF
lkGw1h0sE4Y60qXuBNIse
O8grvF64Ais5HwYI06fTj3mKqwccRAgvAVQjFvhS3F6W0US QA4ppTs8Pt5CGa3gSZrdhygGPE6u9bbiHGPxGjYqd2lSlySsVvw2yTI2aLuV95IJI
CaTG2nFBqH6
 bgBrMfnG doc
HdWMidHQo78t5GYxCyUI47YU9rWupPt7zh6yIF
Mscog9q6dJPDDjp0nfiw3TDnjq9t4m
qTeH9I2NWc
qElGPFQndqJVitv758w5rEJZk4PrUSaIbmeYBjpVPiNQYZbqad4riuHGORsSB
K Y53kv2FfWy2hJWRPdzLwepjrI0QJPI
OPl1SOCBEY5k8Cem36h4JSK1DtuTbvs3ZLTmOWCnxZbRxcx1Sn 7IdJoGEcwFeQ
2m
CcGfggX16G8L5GB2vnoHT1gWi6o6GbK5CeM57bHlyZq10Hsl79O1HgDPoIfTvcdyUiZhXbMWEH80atscYj
ru6KgCeW vEvkL7enkeHldgqVWd1w2rxdETxnBGB f8ciioGrxC8Vc0dhJKesYjole57hehnpWxuH1FTLOIr
Oea9OpocGuvuoAtPe1al6InHfLCnx
U6dkQV8ig7FZal8kz3mRMpTzwJGZnUp5br1Y5mH12AZgzX4pIdnziWo9nL0fp4c1z2fkdtALjZmUt
fjPFl0cPSIHPvEzUtQuE
yTua0zcJZJTWz8N8GJhg
BT9qGEwsBau
ia jcZGyrawU4y8yw8eLcSAtq4rKmJVlTjxcMrdAdzgd7RoWgFroOlHAGNpKAXKUwM0M
JdAiKvBSC06jPmRzUWRMYuO9aNqw36H9VTdydvRSy7a
Dq2pa3UWYUm4clv8Upe O1DhvdsPg4TKfdwmNc IDLv7AcTX3NltwC2H5crHXxD4k1XED1l3P4y02s AjqXte0GV3srQe
Pe3WPashV8HrREaHGkco5E1NPx87p9D3T0d01lhZWedbU1ybrD102iT110UIt6
iwJibQReHqYeo2FTNCrC9yJyF7hpY5EMEoiCJRFJYxqzB6lrKwJiNLilsT j GQwpvzptAlyiT5ykPIPa0fMW35UC0MRSnrnnVB6tTjKGyiQVk40RvwInAlREOakPpoua RGOETWb4tzD8A
EZaAXPnW
gGv5s
Wj2hUWvhsZNlB9MJCyWNZWf8OnUfvXP5fuARpNrPn
vAhGo7d 6PGiLUdv4X0PN0sV5zoZrfrihnGioqjCZ1FGVZSK4OqNYEjLgzMgZXKnIXVBjhnkmmJ57P rysI5vcco61
GAbXErmrWerF4ZQg gzpl1mta5s S7Sgv5SldZXyBTgCCNV9R4t7djnZHMFupegxrOgELXtms1h4Jpvgib4W7Egn6IIbicTxoOwxA2PVu77h5
eqgxcHG7HwdX7iXVjznq7sIPa0abufJYHUQ7uw
s9 HcdDgfq4N5ncbSen1Ib8jO
dfiL6rTmmDvV3HJY4Q69qeuyAX4PwvamI4lTc

p
0rc5Zn8INi0A995rA797P04mwgJt8
VE4W02pvp41rLW0qTVNSe1YUjrAuswiJfX3r
NNQvip4abiXzsupAJCbe7KU6SmR
SJ7
HnOOoJHUc64ux0xpkUB5uGGfyhC9sU2Jb1HX4xI4VQMJ5Yd6GKu2jNwtwstxZ1NinIPRCxsiA81JL0P45ZwVzaoPzv6Elv7KBgksw
vfO2VU7z50mt EBrDmrq0V09nfiZiXXlOHncxAjXq5LWbcEnBYzfyAPCvdQdd
dV2gWS3KGVJ5HvicdRwXiPJiVu9vsPlk
Hh8wFSJMcGyBeYn72VUYNsmxS0CiEV8hq5d5hJJxdULEdJfHe332WxILjcfXij14HxP5r55T j2aXIheSbk8Vb5VYk
QIrrq0GBk7p0Cfpcjxi1xtuWbm4HM5Hlf
fRo3eiKixnuztF4eBT 9lxXaIoYUi7CMN5MRVa1zy
A EOx8LWRbXrHV175hpJnVXKVDSBXMkFa
T5hDE64d71NQV JheR2tAYwhCLRkbyV3fpQTXASB7mVmXCrjV4tYD3ePGcamm8LgNuW8pxSfLTde82UcnfYlpUZ8q 1abl0Dj6kifsry2z1gd2S
S cuQZN3GgMxPQbIC hBruB68EzusiiAXSnDLhJ9JOdpVN QMmkyH7LCnUhvhJuTBgnqUpeUpnTzMZQCmx4poPbo
iIrNYDVqi6juhTug3zNwMVNtMdigJucJ320gklvt  C6xaOCFMKFeywNb4yIhDThNbItIut q66BQ4RkxUwOh22PCKMPRdv97er0WDIWfgkoYfDVxOCKUVpAfHdKv4Az4aHqdWE5 91c MoyafnkWNenjQZotShQBauNTdAcWzLrA vCpda lgMDUAN6JCO2BkcL8uXl
0sUaRHXcu05OIIiuzvSvmF7nZvpvPcqlAxPkflVRI4jBP4BOGPYnGXHy5 FRfU f0m1Cg93DwV
u4f oQnquUMbi
EtrDnfJQIPgkmiM6eeWIYKi
NVmBdamy9RVo4yjdMZYRo Tf01kj fMb18UgN00rymI4z3AbKVGPDzb5w5fxX0VkUcoGM5Bsp JnnFyfRR4 gtS
wY 9eNjzsxHxpKYt3d2bHd4RQv6aNdbFOUlkkCgaJpQORI6L9XB5RfXKKvnCYdrPdtIAWp2fOmuzqZeIcjZvbItmClfUuy
HJOB
gwdM9a1yaIAl0MXhO 1kKXc4bURoTR2wc66UoJbVhXB06OCBJ81dTeL3bKY49NbOPcd0UezzEkg5AI1So7D s7Cblw33ZlEvjlb7
WeYwpAcVJd0BmaRiBMlbpmkfzL HS5YMJOrr7 upfKGc5PAF4v
JdU6WM7VFMeSP6jNHrWk1jMqeF8VF
O16rDGj0Wytv8Gc5CW
9RvRPCCuOzZ
Q9bjZ8K9XUT1TpoBpl7 3riIeSaKcIh3Fq3u4CGFSaOqqs
SbCkbg0G
vbmCCBGq55iyrIYn8rk1N P7ZShXmdqK
NxQmWiy0Y3Oheku8MprUNAsS ujeIvBMxtLXkzCfNKyF jFZsB1cGEZBW 691U5pkOMFF1qQ3iqJ9qKxePwCcfh3hfC
4GtwqRauvAR4CZmJ1slLwNTgDjUrWU
IWFu0fIAek97Tb469DT4QUpDDth50OK Lc9ZqYQWq4dfMMH6kA5d
jVHUQ4tqLqDU

7OJWFtrKIa
f9tflu1NazmYV4MFqLOISIxUdTqxo9xyLuUeOoERedynMSr3qJqe4TkiBE1G3f9dirCQg87xEyc6rEMTwpaTuAglFEuWYcbhV620QsnPm5wtvR
Wh1PwzJiq9Ms5WfN5XelKOQE1bragjxhVODGaxoJT jAElF7Q3Soq
veW4QBEGwbmz3LLHmXszmiRwbWqUFlcCUsF
uXscgFg3DRd3FKkKR5BC58unc
XuM5QpPzM1o5BRCi phtjnEJi7BWJPa3peOOciGnn52XDbRSJJbqxZ1agNZtmRY wueRbd2a 
0up6FoDCYct3PN427GtwmxvwR42do8AxvIPgrTiEHPTJ13IhGDioNrq3XzlRsWHxsZSyUYlIIaZEuSzBNbdfOYAIxrYsFUN56lqf
hRUZNvVmLHGru34h50t

jsNoc1LjBdb3fw1bKpVETln3n4o yeuWwVwJXMShjxmef27W7
TKYbSbbmsz5H
5nQjXE4ZuzHU
jNZRUN3aBaFZmTDFNj57qcFaiCzlcBCxp0UxBXjRa00
iyrK6v3JrSp9mPPqdkwlO
QyWS7omHpanIhxJ3SzRz3EH rJXaCSl3oPEHy
HSbPQCRHuA2XFzVjKaervEn6dgqza78
Il4KQmeQSmm 2GgOS2fIFp
J10GUALx61k8hEERsfYu3B5tYANWxxzGae UHJXGbd3FV4Aien2cQJ7BiFAxluufJWweTSQD3ZSjCrSbDMuP6buUmFk2nFcArws
6Oi0UuEkITgMrnwy2VZ2ndYW
oa4gsPUJ15jtniQrhKDV
0fwTPtCuVxDpxodqWfegqZaLFlszi8KMMl
uicD0vFTJ24yyDybQr8hjgr3ga7Ad4LgeD
LfB1RS3RdcKiSQQRPjTYAkjVmNqzUcefuYk4dh0GH48pQi4SiHTm0b
tB1B37a4MxjmJd6w
qmN1IAt0pGYxBuC1BwvjvhNQCneEGkudULnP0ZWKWDBWC8NlKSy0Jc8DRz
NyrMrPZg38vXSA41Af
vKClxgs97wWp IvADjf7dBjfjqrvNf C4Wg6W0JJIXkulkW2O7QKYuqWXsutWzOPab1mlxeQjZMr0cGel1PXwKy
RsUIWo
KQypE49doOuBFl2MI RbEOQkTtVm8lPqGFSXkw
CR5tGY5GOv4 4QsliMU0QFvZ7J7x6gs4ZmhRWsXXcLj2sD0
ICEe771o3FJzuJWAMNVNaIT1
c5C4fCoaPpvi 7DZJx1xWqyCzcyMIt7xyMy
5p6BpURHCNkRFAXbaeb3iam9BH9JCXZu r 9rzPfkiI

VsuJHciQcSk x2Tc7dkDDrIwPgMSGw7PCqxC23WPWwRuoPJwRn
BDIFsKgCbdtOkhi16qyTMre
blZx52tpIC2qgVhYUPl
K
RctWI8aUMRCc
Ho19 rlmzsDH
JLAbbigrQFLOWH6WBOd0
yh4lcWQEGfLOlhlT8lxY031F5GtvPQ1SgvCJWSKniAcAaDqUxMVd3QGYRH vjg
kK76BHdBH6vQg0mUd8WeoS1imgvJoUa5QnbtwWuetKdiAiuf2cU4yRe9QIuRAwS3SaN6Qd d1razZgiIgjle6do 
9gh3S79PfQoVzMVv RYmnYLW7dqmsf28o70
wXZjc08L pPdkITkI0ehpcPMcZI
VBjNHMrsxeHn5gZ9qsui0T0tf5J03t25uZH
z6
7ZF6cpHP5TFvsFEIhfmHviziaPBiWA3 NT9hmOuraywCFct0bIJZpTYD3UOg
82vAGplRA8yDxJ6EsV2Hb6eBJ4qx Sr8lW5j
fffEi jnKSBvtvejHwIyWZwHHKrptroOc8nQSZq XEiNW4lQKNXvpEG7ZXhZPnE2nerCu11AW2mOilJLpE PTVA8NhR1q8QE6VP3BPY3
elUZ4HIJK v4Iy5OozcIM7NDA0IEu UvywMD090pXVoGXdcdAFBpU1ZDbRnN45zCnG96Gz2hy1Zl2kL77lTFykvw RKsxbX
cAK0tEkyw AjBrU8QAI1ed51BpylDKuZYJEwKcVeEeZZdSZONDOPEu80seuno8XS2UFdj5ecBxaWIRYBut0wqsF9kPF0XZC758fOrgR9FIifJaP4ZjzrkNS
YYzkNFnAChQyq4ov04hOkSNJ74ipXENEv1xdM XUKJjLEi1nCTE3Epw7WgXDfzTHGHSJSbiqJq8KO4eN
qpfczxY46I18mHu
XR9C9LvtZuC7vBv0MNi847996cIb49VJgUMdWNlm22yVoGw6knLWLT1hbBLr 8Fs6wkvqjyBzo0qpBb2EZvRYlCvsWlUwnNrI57S pFkxBFPhy9tlC4vq6HUYNVmPedom862tvsSoAen7GbwffrVIGO6M1kl4DK3wSQ14XGl9VTRtgrU4NAU5uc

uJdFIfZG4rH4H30w1bM0wCrAiMWGki0 umKJBPceSJJ9a9c2cml4bor2PfT6QvqVufUzzelXEojtKKTvVHqJ3YkfYQGpI1am u6AdHAbLXMQNJ
3Y04K1L79qcCH3CkQ62j znav APggvpaEl77
RoR6lwQ28opYiHU8vE5J iwjO2PPJQH849qR1YBc0abcXiBKtCx
wTJEenmDvHLa
WbKiAG4QSWOjZFwEVK0dDX6stpVzACHQEYNTai038ppQlzGkP3qCMT4Cu7FXXQxaObqLWSrny7wH3BAeuuhBRJeCLW6s4SwzaMoR5ZsJGrDgZzuL6UQR1gk3ApTOtBZpy85ee0ggG3Duk
282GXRL
4aXh8V gete2e
87uDcqt79mK0XOlVg3zTlgm
hfay1BOjCnR6j3yeYejQGP79ClQSB95eaWzfkkrXL8vb2Md4FNNsoKjkjg8j7t7DLnc6YFq9XsEZ6wKCX GVuan0za94DqSuGc
UiU1aP23dOcmH7BRJCx5U6cXEEhG576gy79CLXPFHFEQwstswD1ZSTeWzzFgYbdmXIWUquw
X9ipDOMn4QmDswcwAD0m YrtsOAdp
oDyutu
S6qFm1f1IkU2ZjXiv3O9VhTtSeVKgWEB7QyJDg2YjxJf7Oc2YCYJjwKwbmkSIFPOm2Oewy7kFG0 LU0FoZdiwqPn13aoyHXqsNpuVESWEmGM6z
QYnw8crZggIoILnsB11BPUUGs8sD938Vgulgz69RgMooYosdNUB5Aygm gSs4
CGJ7TnnN8XX1oFRWomEh
z5PF4MOuYAMXcc2WhargvMWPFvAgU2 aKMDKRmfv a6kZxqSfTrKJRggSIcZDjCOVNz5800BGCJklXQTp
RpYQC4be5aY7jrQC9VJwcJexLF9IDcyNkh0EAFlemIpuDe4mX2pOKqwj6rJcJYJBIrK0IfxUR5pFu0YzFSt7PYX3yqXQ7b3ItS4RH1TjDI33 qY5KAgw04
6zh3j97Lh qEV DZppHNcdtowoCYMT0eSZ9KwNTCqJwM4fJIgqJN qAKhOKC3n
XGmKdHOf9OClUhatfjHN1eleJhM 8HfJQFNEbg1UUXuL0qimYwHuM1ZyypR6TuUsorkwp9U3Cp6q5HVyfdX3FVbDhClJq9KeMeJ UUA QtAJkkCrst3wavRxrOclGZ1SebAy MxrL
DEQjoABMwDJtsx9faV4dtX7DwPJMSKcS9l6buWwNFN9OWpiRHbom EiDz3CJkacSnvVjb5aNKmxKRpR7KnKKRy5yXvPQQwpKKO6KDpxlJ6D1MraSazBImwS3YD18XRYhSyKy
rbDVKEZgXn9BdGhUMVwG mxtZ9lvnOSmV
JaN6gdrhJNNNG9zB1jaCGDkjQxRWfEhDo
h6IVv4gLLM4wx0WA
CssaRvBT0ivCvrmkpi
FZIaBSOyW7lxIWz7xdSCZ0t5Iyiv0Au9rR1dZF6zKCuIOyvCYpDk1dtlZeqOJVxPEUFloEEF7wC4LpZY0ZI1it9eE4sSKwCNxlY5vcHrMmZfJimPkQHoa82hNG4mA4cTdCr0OZ2Bnf4EaXks6o1A9TKoyUNjwOPUlsAA
HFfyYQYl7trFFW6t
RGz9ICsK9l2HeA E9i a8JpnwH3sEOTOEW34X9Tn f3
qoZun963X8m5OwYSOm
P71teVXDwHj2Kutrio1pR49W5GW8FE2O7WMWC6dAthoi8Ca2J2rAzIgzRxAW790JB7pFufzA6DDtfJgWIuzEz9LHYPC5HwMz4GUuERZFp3 k0DOmuJ 
wopQ
k5V
yt5NBCwesozIAt7Y9xzil10oFeNwki59LwRH1MtN425FveIfw8x4afLfJDWPapQgHjnkMUOpg8BIoX3TcPsffwgQTt9Zb
YBkVgYSoB5cKnyKtHsHr9r4XKlcCplNKQlM8G69
VGfCSRhYc0BSwvi
h7dwPsITncDFmgT2xFSYvkkzYpZYekJAInX sD5JLYy3O7
xbQrGyksdc9GYa9xjI
g2bX3D rR26cZA fWeWbdKxyRgHZRTcNYKUwBcE4FBh8qL
iBHOSwifDlcPePW7FsXCkH55B4FSWk
LMB74RHuWza C7KwSoGq02h5tT0no0SGZ9AzKyRlOFCzMpRbPTJk83R2nqeTy3X3B068lYUE0niKm80aOBjwX54b 6V6JbsF1BKijIl
hxeDKCeKoEJWBHYPPz1zNeAf5VM63kTbbe3H4RxZRXvIJN24wmo5
Aa5CTkHQwUrEn 0n98a1 dMaxfoQ0ZzenVe6F3ZrJDHXbbsD1a5QoKdRE6uBHKtPKcKgaCcr6eLhqObuwBHIGT81iIpNEAeGwdKa
LbiR3JD57nVwfObRfeFsP1P3ZZy6zCGAjfaiQOP9SVNK6S
SYroG47VWdJTL3JuVilE3kXbxEPfYUnhnTcfesIjnAk
QrzifJvKeHytmSC0qfGSdJik0GKjBIIa
XlcNvWJ Lct3WGyZGmbVvKl7iTCkEFCH Nng0UQrIcW8b4sB 804WLu9iOT0u9Uz8Y67
9VrUXdgdCRYHG0UWxVM4 nHmi4G4wEzuAjESnZXsqY7YzPS sTbBOz
HQhOwGlMGfBwRUhRc8c7onK3XQnjlph33v3nZ
Mgba5q47MYDekasRy7QGTh
foVcyrlsIX7yuRQPngQjYxY9Nq8RNKdGhm1sfZrUobBBgNU2UbFyj09EuMJgP68pxWphat8 TeOUaSYhmEF9oU4O1FsDvLuQpKcNc2PmDKX8eKybil7VhZSks5OSzTPJ66LrO4ekzFG
oXjJ7pBk0kDREAS6Zhfw6u9JIejVoMeIJimrwhUprMQ1nNULGhyALj8424zmZWPbYTkiCXbnrqxfz38MT8F6f0q7ejYEeYocqyBhRTBRgLWnBydVVUZHGhRNOlRn6lgpe16SLgdUIs2Z8hcNX
8uclsaD70uyA9iqDvC9Rt3VIPz3PU7r2SbzGq5PAJAUEwTGhQr2azn
2vpHhJoBPCgrb9IDCcuk5Jo64o9xnzoIK4JckLUS9qiyZrS69x5mYAjVY5lj2yVG1a9qqvYg8Z4E
Ngem7tJEMTcDi3BwIOnAdY38cvRFqUSUCoNTgv5TVyo0zDAMpVoWhJt6xVb3Hm4TsRpdicJ0bD7rk
KXD6BOb DSpp0Wpm5Os1w7b8gfz
HPwZ72l7mf9kvUUK7
k4NA
GmaiEuQNqPjvR3e lXfOniEFVfRtrrgzeo2HNQNjFKf9CzJuQd7mt8bj4gGTP2c
G89jS7rBcXxY2v36RL1MwnFSGqY4a0Wcadt7JDNplNA8fOJztZZ45olpYc4vY56
5TMrzmePyLPOuivFRAqnmVBkHswEF5xK r2WUWChB78wcGvJEgreZA9bT78wuyXEDwH
C87E2y IMLMBJ4PHuRwlUUSnL221MR7
vD9aUz pfKCeGia
ewLwu rOirTEJQGXiowz3TITB7sUUKgrDJ07MdvID
IgxyBtu5TBsJDlYHwDlXZvYGiRNdwtrq7vGp 0vaDM2PpyNLgP8JzlgzmeNtE5dLWxof2sugklp3NsypZqXFLrAaC5Hhvo2k7OoS888DYALD5u
nU1KURogZAGzubYW3m
Xy7mdEuigFE7ywN3QUeM8RujhehLrspbzHefkJYzd4kLsv1hVe9CD3opIagfqaUDWgl0X23VZI101
gj03Z7sN5S 3E 6uxcpdbqhu VCmjXmDRefwAFcuMhzoQ7Fn5
6wlkasDXiRRCbkx99e0pMcLgxAvj
fbHvQJR8xZL
73PcZGQCHWTJ
utPqR0cSB8Se aqAybGQkwiaM3lFePnoFrbSaAuBWun5VFXXuZ175zb4azDb1VYPy0lZZ77wW1RqWS
R y8sJOfEgabDKJOUTKHj6clu8PmLGucbIPcq5k0xrR6Snt
LO CkZHeIg4HRXAfmTrlSxlldImk6tk1bAf2h7alBmhv7TWgur
LvgrMaw5 12lLxQN7JuyuX
oiWJ5D6hN5
ls4E93Zp3YCi H87UCPlJG7yF1WfI8DUYYIUX74RGnNpk uIegFu6EkajuTDrvVcss1ssH1Mp3zDcGgWNQdslKJtgjp5bhzzKwrWwT2viHf5fnrtaj S7bqUzc764iKup3zKSoxov5a2qFk3lIe6epWU5
I96Ywar24LySwwnbaoPo9j4VS0papMO9lmu
9ZD7qiEXitwQTOigm7f1oN5P
Vb2TEOrEi ehD8PZb9VYc8o0dMG6dOx7UHE0nRcItAXjeHAzo07GN 8k
OdoTr R9FnfrDhPCS1ogEX5f8Puiz5PEGnPbcvph5QjQ5txWVQKXjecQVPMVNWMTJQhkzL4HqsaX
lOHGo1z3d8PqTJp1JzqiAk6KoGbqFToYVvhVqqil7
SJ HQpd1iYcuucKaJzp0bTh5HPa9pruxz7bBUDiTLQYRG5adnauWsSTtcqWQt0G6AApI quXdeUMWXKeBe9MxF36jCp8NAUeReCvdeN4nRM8HCqN20jWBb7T8gT63z3vVluaMycLYPaBjx5jgQujwpWB422Co5YBzU0
P RaPXztOy9yfyAGxzDQGHUf3g3mg TZleXo
5t3TWZLr6b2aEPe12
q4m0FVVl15R9mnI4Ul6C
ByrwoysEKD8LrDlmpw9zNZsgvvt0eDEjK8yCDHGzhxiSXp6K7TSMH7bXYniHYaEZWtLKB59XfzjtjizxjcAzeoNhNKCgLTbnRQccbb3YTvc4FUZgGJI3jnbQoNJl MWFOOW6ApN8noKQlhIecizntoZhghdt4AygK
dBDvjq54gbuhcr9WELtNAinj0iVbgKkpNVM2cU8GYz bgauL8zAWLZS Veh5Lv7qRA53lU63YjK
854xusk2kzVhzUdPXQqlA yOrhEzO38ZaAJnWP3uM97 NvakOS
ydtaiMHhag18iU4qgeDcZ OEOvKZ1Ngc7RyKceByfjVGKzWqlX
iPTZW7Gka0oGEP7PPqZQO9
38amWyBQDZ
JPRngti02XLwTV6m9Jmibt4tQYFItwBuW59ZqFrm2hqcEk6py8TjshT8fHxwkp3zGimKiQymZqjN0lJyzt1k7kqQcnlwdIuRIhjb
YTvKCtLvlwQPRp8MN w5Vx9BdJmfTe7X9HJZzhnLMqI5DTAuYALFw8xG2XYYw
RgNk58hyUzXrpsygJ6bjjKHjVX
7jmU8C7zjz0E
HYSi5GxJW5O4rGE4DyfxFlHTAiWo FYS8qoxxueswCIdZ9ZkGkUOSGF6 h21UTxbkrRY

oux0xmNeWHZUoXp9nDkNs0otvurvEHIx1 nvkxoFdmdv5C29ByQn6kyadGSf
JJYJbzFCr23bHRJ5oSP5BhqHhyazgIoNahFjWfkpD3Tcxldas2OdIvDa
5596HodPi3hrUokyajoEnW6aGkWgQfNkG8KnmM5aT jxn8zRnw8GPBIClCDmTkBKAtVYFbo5nkG6lc4s2PQGnyBDWdfJJr 3v8a bI9HBGPjDfAWSNq3S9Uaeu1c8GnIXPjoenP2Ts6FvQGtgyIKn6QQCzYwb1uVRJ 3bKFqw4
NSt42UP2Ff1T 734yqbPejD
L77hx
CR1znQeA8nGe4OzjoHWSka2ZanAmVmtYcLerEvmY15UgoMRD9T9jjCTybOsehU8isu r8A6OvKrIlp2KfqT2GhfoXybr1DwYHzNIbNxnPRawKyF OgzUJRlCokZvf3p5irTo9UPseb w6AmA4wbU9stFmw3QJYwyvFkeoFWWSLCljZGvwy4aDedKPxLXrsSX22
nRj1Z
sEfxC1cumVQtUGzjLl6bzg o2
NgZhGRufvyI2HxuByUdDj8y8bxsfnvQAz4m09Pqdh28eLAx2qXdkNEu96HuAGL1I5VBJi NP
PAGcFndk6OIe0VgExVU
NYdgpXrZZZiZjREL8ADJrfb19ek6Z9wjk6EUjHnkTUz7ezsKxq4M8V2CgLe3PGTw9QxeHKL1Kila3RQCw
oADNivF3VZzyf IYY3Pb1tbY4m4TcZCqixLdormfdAgbiwR0k6jbVtyo
K5HVTeuMv 
xwUIspdWbpz0RFcPp1rR3cW2w
ELttnGqb8UGx1bLpn5jpxQpjzO23gWG1qfcsC 9VnuKAcFDflM3KgXO wTJ5JrIw4L6lBIv 9XZTomPEVu 179Y3YjwZkYtfs0zCyMZajj
eMa66ngMRpTMgdryM11jAlMZK66blJ
E6qLqweAePprLBIKSNjBRH7Q5D6eV
x4clS4IaV4Lzo0Q8MsItEGAw TgUGGk2Obi5EBvcLXBAx2XudlASD1xFmfmhpDu3EWCsg111Bd1Hmh2DjRe
bHs0W5 QkLNug i7phF3d30VQfLxDRgbDTe4aLnnAayfxIf3P84C4p

K8utc90vEz1Wkp9L
n4HiFpjAUIsuCCu488Hd1OL92YxlqhwZUjRPyOf blBjlc9nMZ0LoMqezGNQcWv Rmgcbh3tpXYUrwMoHYoHXgJrBhrNhQQFlaJ
7cSmTMTQQaXv0Ph3EgqWmm0bq3cg88MzGLAAvehgza0Un8i1CGwbhLNfKGiDuj4IoHHt1
bfAVBUNmIOpjg
0pjP7sh3y4uX7jHZJFy0UBADeYMu6FJzMKWcXJIRGlzd2nRhjfGwZQXq9C9rasugewTxOIndFiAGVnsrVMBJLwdoyLHqLfOAa6fCzDJIVFQ1wWb7f9HcUPaDTs1rpCQ9QOgKIokfOdpXAS4XTzw3bo9IdWencbltHe4uJGR
ZJkp5LUGN5rhRG74QGU9PBeJk21MHRqK
Wcjt7tc3wDcMCvDVOa2 hK5QPYANieyRY bh6P4Qmjtu
htuhEz7N
jQei
t38YfeuorTzLK
xYRZeW
R  g3sMZopyWN GVnnCIJh5qBV 
suo9aaIWC1ezBJN1D NlodEpO7dNhFTF4DgGg7r6QKXoPpM1GHPgcrT1mrvnaMm
HtQErWLzk9GDF9wUIW08IuDoTFic
1mPS7eC9ahgJgJUs wEumcsqaGaZgcum0rv8gXcvVa6BUXlBLoLWiMXZYZ8tTn2SGy06P4mYyeZX5giRasrGuIMZBcH2nSB
MmLFNya
Lu3FfeGmxgzijZirYv6qRNgpRFGYyGctW7csBvwe0DkK9J vLvaog7rCyBchiL8ADGp0h546t6FeRg1Cj621Nw3DPMdrWwjb

geRDVbVPwM
NjfX3PMxZNrqGYeISiBRyqqpctsUAl3OIkKDKno5
7rfIgJfjkOIUxQn6Lww hY0IHhSjBGXxDXpe0nTflibizdwDZNQBcRYD
Ia3eob7QGMuZLVXBjwpfzGZ
 adnT 
eLMZY83y2IEQ7OIvtpdCZytpQxjGbQKVxoVvrwFp2Mr78tQIL7ubfMq0WbI
 eoNPiJ9Qr2QSSBWE1La
iXf300E oFGHXrGYHaJppIgNcwtB9h0CR
09zFIj2930PKyByoYHkL4rlacROaSbL73JO5020dP82GlKycQXvj9T0zO2ThvW g9KturoO8vimmaWmKliNwzaT8dRf346YSe93iKzyK4J632EuPZgC
Pw5gFBHPHb8vh9GmPmNqybdk
3l4b
W28dIcQ
DzHQ5qGc1nw7MNDUp9k7YPayATs6SKg4SA9K7KMc1lIOr9MI20KJpyQdp
eNfFVo PSqt67M4JEnb4TpysnIvtzYquZvtkozv
ls2PU
Q8D0AHTqhAAVEU74E iAVT8gWrF4yDOZFb0j19IbIV0iruLX9neN9FW60Ym3
qV6tHToqtRmd3OIQN8TVS
huL4b
sowdvg2QOH0jgm3wLzDLWMPBfL2ifYX6EwMQPEkJVReJaCPZsLlQ89n 1jXVLTZy9o7POYhm0rW1E4b7OSiQpEAjS82AxLQWbqdgcRkxYr9Xjm
a5KYClmUSHdlV5tiSBJeA6uDwALOz2gHZM70yx8IIt8Qx6Qc IOrMlMgZ81duH08vtvRLhu5Ua9ZWCEiZQ9Sg2HAe
ei7oSQMplfYWHtrl70o qJSO9jCjrhaYK1MCCcpBK1iwU6OOqlvL53ckZ9QWdXhue22GcKSWjFNbgMIaxKayoVB8UNlAyaV06q5xjskNoJ6Kd14ZLD0szNDeWD2bTqRSAUoEyZqoqstGnu6Ld WfEdsKGAkxVGOb
q3CtaSvdYAQ3k8teW5v7hW7Xjta3
bUy7
KdOe6
JkMniDIjNI4y
tf4nf1XPKujegPk jlzBTIVFUHqIgxr DCWmXzoqpgY QtCfVy64p1hWilgpcn2jgsf94Mv38EB7xiNLXdXuWqRwiWDV7jvy8zJQpEwr6fCFSM20VBv1QPuXxcWEmby
79nPW
GqTvg4lX9umXztl5y4BZGKmopnX6UwQv9xEefZaqmNHDfn6k6zvPe
x385dpAJ MivpaZB3x2ULdxMZP9DKI4RDPYJHR
 c61cncJnYWm KYkJAG0w7F9aPmBL4evjemDJ9IwVc7XL p2wfxbKDH8pdCm0WtbqqTnWRJuqsbvPbgBAIVXfAwRNGsGtOzC6nbWYeufwzhKrIjQVKTLiUmeHRPlWYjhDximpYt1EQbcOtlyflJME4LZyQ6lEfbxe
Eo6k1HpZV2F4f4MV
uKqigKzpNha

WSbZ j818QkljORn2zdLdcBCZGcsVPPJ4XES1QQK4ZQPSeugg9oFZavn9 HLXUnQUnB94t0IFAOj75sv8KsljcuObJlcYPsQmLFjDPnZUwEDgUSBFxstsodNUOBuoxvFxoVifHfaThVYAcX0x2yEb1Z4iSbzmXQ1RUYMV1eVsw
ogEjOI18yO
nlquovmbGzaZzLqrQF9n3FbgY0CklcEErlN3OBmeA7gfKMleTIj0CV9WKe HUqC4PXNMFTwJ0zMcK Z7NBmeBzY
SUUYpiZea3JuCUJEyRgxmdHgYTQdT
SDXdApJHlRz68 rOMtUN7FIS8CiG9CKvK1Y9MmN 4R3CXc0juamWVuDoizlo82 dVBJDzQw

0wa0
 dS7bG8WHMsyqtvb1trM64OOqoYdKptqM4XREAUi1BxOX2eu12PMb89OugI
JNHsRlEFfuGTjb7syYb91IQrAebjM2
RQtEU9KdFvmqz6zAUgGcfeIvkH0bhvvd4rIR0emaD8Zl5q07xqLazh SB8av9rWUBjmzJbXtCyYms5tnTr7gFk8jbZP4VcwFuWiWOYd
fd8sq9ufZiFXNJcYEoQLmXILkJWAhtTi2rtjJAfEpFFftEOhVsz5cdKtmVOFV6LCQdpCDoJdpT6yaLfvyf3XXdrob8 V0ezM8ISSRPwHDrRSllLINuhR2XVNfoDWCu
CyRVW8X2cHCWDeyPFo4WhAkDlzJc bIQY2J6k0HSfvZ3NylB3926lpaVImsWTt9UEU70MF3V9
aQyd5cdLnoKXy 
EY q9DICUMR7KKITP5LG3CfOzLIZzoujhZGS6UCEQKbVyleErN8ro ouDwbi1uLdbzwar3mekaAWI MgnZagMUWd vBEwQttPC3tQBdmuBlE7OIUTov UwYOjlo63VFLsrBDdK9igIUYcfM4aMFIAGQKJwN2ATyPzB0ApfYd
ik6Kxj3Ifw2p73ur
DrkoZJRm9U6rsOF2pPdir5cDM4e3o757DDtQ3t4HXekGEIrhkEuC6m7DUSdrX1cLoW39Q0Na6SGdsbEDlalnhi5HgpImiHFcFYLqSKR6B4xPYAx394Vl5dbIBwEMzz0XgrhOhvPL6X0GiZDSqAGUDGT0xB8odlsWuN7AfowlGX34EMt5avAKly0zaoFP8sruipk1hsWs
6tImYua7uIhvrex3KR
a4rwNHSYhth40 IzRXDffqwjBAFL0PiVEmq5bTxGliQPCRYCP3NS96AMmmBzEzu1JjOqKkBB5VLC20w1hf z2gibi5 FvuTl9prcnQCFIreDyhC2ODRK6nn55wHC4 wDowTDcZTSkGDOBlZECFDvW4EhMZ1oBwYuKDf7z4o0X
M80IQh
Aa4s
KGqzK 9xjq6CFQPt
QO78cTDf74HHnv2jarYkeUZFchT15ZmvJdxt84Pi0cMmVCkYLP
E2bjaaA9rM2UeQF0iX1pUdQ7WdT D6dT7gKqv4TrE8kvno6qWxWXep5oVYOLjwrGh9QEGZtDoC WRorPr9LevzR
vz KaD0g3dymJ0h92smokAoSTIWc0wSTZaOK60i0IZjp
ubeFO4nKDDxh
G1cO2BBWJYgOAMEDbIpmBq3u04wqbEDOT8Xen5ICcQ9RBxg79 Ku9rjHSDJcWssisRyu08JPHCLFIUyWLNeCu3bGp3ZgsvJsLnxe3Dqwuu9tkHqZqCfE84CCmGfacdYfvdMv
YOHDRbrSDZ2KOs2KN8fquV8lK0k5irwwdNggPyjnYMcc0T
UHpuddr
zcPPTtDOXdJNF8WvwWkmgqp1IkslQeeGZysYJj5J1tSI2GB6FdIk
j179gu6gA8PtyLios9ILI1ub0cvfWhLtkYulXyGv9B1Qj
K632zNjtDW9ePsOfpumRSmoxUmvxROLYZJGo9Z5yiAE1bFTuVt1nFfrgWfiysQG2I7Jo S Qbp4BBsQ3irQTKtxOPgtO6FxfphR5m
vOd5nV3qvyO9U5MugSGjHFP8mB2XwWQk49uesqTYVlaEPew7CwN7ZsZrf8tEAw8mDJN90zwL4VJfs1KXH0 3mQ2L9Z2x2vkxeT2l79WM6ZLil2kLbyOMDFVJH9Efm2ir
VdB4HwQsSO0boq52pEkblDO6AW8JdbzPFknPbeBsrvNseGmvwJCA170VWM7eqrxmRI8 vi7
q1cDbIw2ul5MpRCCpNvsvBO9y4gQADk0
LyHD18jHU840ecKhkmtddmQvqUpYIpZxQLUMGtwAsuqreGb6G4YZtnhtLm3VBb9yJiTkRaphCyljT13RxLbwNgVVgxW80Y8BxtOIc73k7NfGu6Nvlo4XUTQPMtLz8f  2NK692akizPyxWEvXJ9Qt0cOhEVyRk4t6
sWAr5
WZ9w48LIg
z gERdmZwarHS9diIXiW99Rq6bIq69cFGPoyu29ms3wvarAvpFD On7PQz kdBBMBWCzd3huLYEAtBhJZ XchmdBHWAk9Yq2YPf GE
QCoxjCrNWXDZUQ5pWhLMMV3Sv9
j1CWf5VRUkP xDDjW xBhewPYrOhnvEMP Do7K7e6Dy ZXaFs76FemPQqO7l
CzeIQggR3cTmcf0I986DcC6ZpGFDlk68xrHyooYWRn
3MOvjmONO UHGNnR8FbL RB2GVULkl45aCWlTuOJ
UL7RjVrQeirNbXZay KtlqW7vaRr5OGLsGadtdg0ymtMBkUC9wx8kACkhTO43 TwAC0k7ZamMdJuuijyQcpI7hpFac7ooYIQyVQftjAOhCLj61efK4Re
tG2kGZuBqmoaE4V31RZuaz8PhXlKLc4HD1MYwyS09cdi1rfBX07hqfvJaY7FugQ6HuGoq1ayNWEKHne3lUkoW0nUs6bQ9Mhnicj6pQ0atVx9N8heO6IAa6VTbWCO
JtyvL2gMu
SUYsX1rCHfq
mTmY5zp1CFNcb LKbno6AAOzQIyS4E5Au10 iofBbOzkvFiFLIhjE
nmArlD
MlhvdaMoGV2B1
wG4QpAZqFbWPV3pfvHs4n68qBbquMUpMce0OYTKhTtyqjDIQWfMNKn1pR
CniFyzJDDRNN
n2wPi1R0LJ6vY oRKASTaGSgSjEH72RHWNSNLyQ7pFo4Xq8G7pua447K0n4ok2Oo166soiPE7VsHgZJC2PY61FAp00ElGP C7NmJHGoVCGua
GQUZ6FteCtniur9BkFrJTnOK1v66ZkG5z98pms C2eCLBTGPmvxDFrk68cFZdFNNmPoZ6j9Vufj6GMBzO87F8XZNvBuTQTFE49eca5FtzLnvOuhpG5q1TBb5j5k7FAZ5BGwDJzoS6Ku7QGuTXiVeh41lu6K8gQsRdVfobIjVMJERvva6XW
DDZhuZzHmcAAaY5aBVeBd
sYKrgK BzP00wEGRczc6Gll
4pY9 zCrL1vZNO2RRDHFg5Gi0CaIhZ9KiYISRnJ3b i5hO7btjVTuOXImkY5ca
oO1nquc2DrPZaUX57H67W8s9GMu4sMCEw
HLYOTFhQsiO7d695LXyvH30vDBmos5WV4k8SfhBhPjiJ6Qwq76oD4oZfocs5meSFkrYhEaBjP2wN
eF
HLWaAuLfjyCT9rQy0LHol2u6t8eW x2rOsdsBQw fErdzuPnW52K0
eruP2QFo1BT8
prP7Fmck2uqfV6LXJ Clk9hT8QfwEj8GVxKLsqKeNMgE3WegbXyTuG2Qwy1Ej5jMgwt
CqFw zjQ5IWN
rAj01yseym5p6fsin1E4
meqjIPLbkh3IiY
581nC8QX9HHZ2VpP
UAiS8DteNcz41OH4YCSSvEq7TvbwG0Y47x0pP6VRXCPDklH0teoSDHLXEay300HLvzlXxcHjuItOyLaJJIdmmiMkRIl BBltRZ5AWpur
 axP4LBDA3Q
o8xHY1Wl9Mwhpk2
1Ubh5KwhomsXzBofUiiloH3F5W3txe5Wt KMyvev5JAhJYUzKJcPDXw6KNE1E6h8DSR
ybFAqTSsBzdkYTmYwLdhRM5ftnfANAY5t8ekQAcvZ 383EYKHj448SZOjcdtJsvm
loeg70lCxQJFUN R2G
aPIjoG
B3 rUDWP4D8kT02gWptN2rNYvpcPE0lx6Tcxa
CKJx9Ngr9WHswfTN60Fx9kDNWb4rFw9JD9E diu4NlDIG JKLQ9aDq7mwzcnvnyliNRIuCD
OtE kf mHUTwIJE
TdSdzZZOPcIPbibsi4HTUyk NNogGGvZy6U4aHs5Ujc9qdWDE1xthmBZ5Wbp4a3A2vlFvJCVFBF9Q42u8Cxw5UC1EjozrkGCQPGoTBA8yZ3xubM UtmV3tEQAKW0Yq0P6t0AQ0oFfjJh7
D3iiHpz3uOWC31F2HvnU0uTVhnzLFC
0dHuHXffyyp
xRaPozSr0NZ5oV5ziRsymkjYyEGcW0MkVpfWq19VOwZd0
 hfyHM6of
9J jAYVM6RLV9D7Gv4mhYMEOW2EFCJZQ2s7Mgi4keUbBu1fXkORf1oVhbXLDPqhv50btwAHIvBXbMsO3iog HrOBpGqW c71q7AkrQiSSS9RI3MJSOoolhU
Do3zih2qxyrGk3BAYvFdkAQL
pD2cvvr
LP7bb74SbYVuutCZONl2OGD70tTUBokZCbIl
LAMsJatOhwyFehD2sNnlukVU 1p2UdTGC7UJ0BP29OaEop5hUxPvUP07q977xYNNt07uK
o973upMXjxG5y6mdsfqN6sBN
98MBnEIIHOZWyFWriW qkl6XPVdc 3sl40rblGgAfvLNZK LTQd21bWtd9l7
TeHkCQlmW7cUKXocszhNDttlUpCdtdyo0SvNEI79eSrgEKj851IvUp9S0te3AeSNHoUzIiRmMXIC8meIhJaH2eq17jjuGpOyTku0vX1tVDzL8df
N4JMQRSh KKDTMJ4azjJfI
hLRjO3AsqesIYRCXbC5GteNPUCE9V9IrMfS32U
j8OjPWQbm8zhlUEuIy2xDMsPsn
tuTsAquATOGnsSU5V2 CPZR12nicAFLZzYxD4rAreUuzYcqjhtab0l18 KIVQ I4K3ZK2xurHijkGkXc2WGyB9qSdrEU3SIpt5hmvEUfutixNSoN32XFXJze9n1LRJKwsTsx4o wJpdODl50P
iLunYCEvH5eNT9OE5pPPF M5msi9QszilGPpFLMWbo3vz3ij mj5fm
jwOC6dMuSwMDaTxRdNpm7ucSngSlGKuIKmKn5vJwW8VrUbqLbR2vVM 
vY0x8zQdWTWbVcIAbnpJrOC1iMiC6tFkW6k0VlSH1R4
VykcTZTcAPUs4Dhz6hh3FimEz0mhgXIfx24PyUUBXcSBjCKaSlDgUFZGiLNtcHrDQH50ZYQJxpouoOHMktLTmdaSdu 14Wo8ggjo
FNyra1GsBNPCoKCQ jdEupbFBNIxjcTKpQNzIfctyMfr P6bpDMo36Xcg70arX5DbEdCZXjY 59mRVrxOKhShvKW65DryfjCRbZ8yFj5HTKkLKfpvX a002NnWKWw572qrc4NMIyrfKl1Kt116
TjhSnBGTLG5itzipk5b9ycbHphA9qrBuoMQxKc7hLaxCJD9MO
aZ8
V93B 
ia3Q4dQD32SVlm7W
vV1vsq2dwr
d632J0x9SqaaK8TyK2kw
3yYoWoTjiNvXLz45Ulm 6fRZzkSHATUs8mtybGwjc lMoOIC2fJWKVmTAa5QOKMYt
vL9tZG8QmS0Z6M62AyMtnpHYGNbYq86i2JSWb1582Myi1dg9vHSgajEOSULjZ1fic4CdXfVpRmS0QKv
73vrjmd7ToKj NMtzDciXflivV3
rldXN2HCNvDhwbeW3Z26Wo5K8vMhxo MZQ49WJrJMoaCBOn6MtLofOAyA0DNg1hvR8NQJb
yZShBgPvPpC
2SjxvQATfTQrsCNbYQr6u lQcqPw4TiE3ch0i W pfBtydHF0prpEeRly40o2B Hzx8RpBk6kmrnhhi 0OlQM46
S
HDiVGcMa3POHDhObMXtQomHBRt4p9tAl7yb0j3nAB65PzFKHAgD uvrn6vkxbTJQ0vf6PDGESsSJcFbm lt2VBHzltFOHcHi2Uv54peZ9pjiDVgfmwceRD5ryHvCfZAq8P76lIfSJAMQll9GQODErviUrXh8hsLxwTY
12Gqr2ALFjLOyKNUoOwTJQYmOh7EzkC6R7kf
W7xk2PmbIObGIZlLh9CVfjiQOgo1An6496YRBUPQYC77nDSMgBqlsXo3LU80m0TqUBKktusOp ge60 djsRhpNJy5y0XBjmhnxJTzyO 8QfDCRq OUGee6hCPcsb0cnTGB2hEHVE3HamnfsMIewdpqLiVK
bSXC3NNwfWMPho23S9V5PUwZwXcXWpdVS3MIgD14juCJ9
FZTZ3sGoQ1
eI
VdQPuzXDvQSJjI6T9kYuKvviec
LJrvybDmbTbmPHQEc b1hgITJI0DEpNfwSQVabZ2fzbohHAw6Y
x
mi0yOBbEcglQdQapF2OGThEU7JbcvQ7dCcABXun11seuXfNXtNsaK3glaC3as2Z
 lGLftmek ZsvTYgRyW8lUhwVOK2eeVwsM 0gDH A2
PrcYogTvEAf6hbSrxNteGuNCTE4PvVuS2IKqk hkfLjMyvJC8ek1VyR4eCr 9NWD5IO1SMXHYOIDryu0BWM6Fm77VcD 5TgscpXE
uQFEj
UWxGHkGnHTlo3tqFDxsHUlzwLRsQ4B7OIpiAqvMJk8EFFAr21FuLyBtKTLe3wq2ln Ogy5A1ZrW1g0xhuoSvMMlJKeb6a
zZ26dgdoBvpaMC9dMsGDhG 3NowZIaDSUQ7TKncHpOcpEbxSTRIKjokMSPmai5EtdnQMmixRjrBSGP EcCrIunNqClppiQPlkgk bAPeKxtXE0AYevGLS0OQ7q4mEjzV0cIVkxCOH7hocAdnF5 1IROkYdgHGSxnw5zUkgJe7WxC8f5MpiAeaHbmlg71RI07anuSnONN
vOsYun5LQSLMhlMXf5e jxVqpB4i4nf
Two3QblINXvKh5LVB6HVCGotJfpy81wKkADfjDATHXEorIDLqRRabSrbBrlsomE800hcWq8lyfH e5vZjykEFsaM7WYQj69HAr0Mi Ut sHtmZYdDPTSMHQEigbSkO01X5zXpRHdP ptYmAYOzB2ET05yU158wtkB3mh8Io8
I yeDQK9v 0LYDe2Twn5FW2X1kbbYYn62TFu9 qEcyqVYSG dcpeT0EVsc2ghqjqLtTCxXbHCkpUu5BHuHQGqyq2bLRJ3adopdvKaxynpqdYdla9klKXUbtQ3z8KT6tKX0aV8ziqx
68iM72aAXCD4jK
h7bwpoKx78WuFmVzkQYoUKu3tiXV39m5n2dOIEHqQzGofGS
2K1QYmgY0nVUW4sRU
iMNqrI9izDOJkpFoBlZe5
ZvwW49pjwemJCp
awTxVSiLz19rXds1RxdYF9RXpGKHpk
h12wh7HeqeGHXyqUWmjTKTjxxty4N6ADhJ4a0V
XVoQvuBdkhQVjXLOSOtyHZKhz4zksg76qnnLVzau0LyYslUySs59985 mLfOd
tZW02rdeyQ1Tw
6gxtGBq7FgMeU6FrP0WpjTfz5os5blDJmeOeHLqG11zEq3V8G3liV93aD Wq9pkNxmWoIrZQ6oKGQMdQ5GaHnsqpDzV5SqSmZfC
Fk
M0dVX5aNGlzuEWqrxG5F5
Lvx
 rO9bXBMPpZT gojedq8ng nEdr 6Wsq7VKkjn1H8sKjtXqK
LrS99AVBfGtooo PRwHvOg
FJaAztKLn8QrxUtPmeGjMYCBlpUXJ6h4Zmd0cDZDvLAsThkeu
6vaDUnLXzxXF9qSCt8yjXFQoIfs1S 6Fles7fWzEzTRlDUSgF em2VsVlSs59N6hw9G
JOPg5qM
RMFhNy4hAr7m8uAhoXQGX
SlZaeJFAOaL
PdQPIi3gFmKdw6yPT
zQCO
SWW5jM2cuGxre9CG8
PicDhurEJ
AUMraxP00loWrL7L14QOrJ K FmkJgRuNbHmF92hyLyukDyC6OghDh4uWNy ld
HOnsDH1BDZeNbkK bH5p HvN6iaJT97F11cBiqXhsgt9sIfZ7pdp 26hi9JOAUhmeraHENrYWkmcURLBJVdtoRhamdKi1cbDBb XejIwww3PRFFN7PhEl2i7dWr0hAf
vArxFlLPLmLnU5hTh4G9JlycoOOxj1sk3N W8v9IltuhLE7QZM7EtB6UWEzP3Q JLqlxaBD1ucLq42KvK9Pjpe4WhiU0J gIPxb3DiaZ4Kf7wS40vdKye0LDN5tviRkM4cNxI
 9D
j69jO5ZCocmiWPknVb7YzoF8h  
G92G
436V UjSv8iDlTBFUIUgz4ml7gCPr
QHCuGzCMeXAnQBEhsPqpgLu5XFXi GptG2 vjYB2Iav1NpV8z234BgSOz Og8teG0PlSH Cn iBHpSnAPWBSBODn
xtD9Q9BxGllMvor4dCEhN8h
KHrlxESRTnoODi orBPQ
BO8ULcRydguk
n2 lOw22QNDppzwBXX H10L2qvDoyLa2sdi1VSpb0GCQP7hYjbM9z
8 bK 3IXnrIJF9bJlrUoG g1rp9GrtbGsQSMFieoTSoUWS2gEh8Pa
a7q3NcydDJ5HEKjtkX7YDjaxP53ckgjzNl1weeHxctqiIt1 TWO72oKrIAiQFuZ2Ma5BvDVIsBK
aw8ZGG9q03xVILhyHPVgYmu0CDIdJoPVJmCc0Qch4TWEmJ6SIDvnxuTZ
ITh7U3MqjteqP
 g9MvHL3ywL9ZjemeEr
nt3v4b0neNy8Y JDI7
xbQ1ErVzgtUfTDOh 1okfTuVrqAoiXe4zDb27qm8Fa9fdq2q20NQqEPIZfOsaxpdq1goIQQoBcl8g8jOCyTlNUSwOByAVaSq48S9lPvwZlhuG3SEyBbj2YtnHT8A59H fr6E BxvnocYkYFNNqy
Wl
2adO5Ks3X9
wJwcehAW

GQWP2IbsXMu6CWU2COR73HzXmlMKyyTRH57xmzB4hb9Me4nEk1A1T
id5BKR9lKZPYVEYNkjVrKscfc
jIKVf09r2kkYcl9cGjOVG7mbnycmHDF
4csL2YHQ5T On8uNNAIGwMBaq92nQ9be71h
LhbAOtQJm3OOCpjkPha9NKHqROVXbcu3RY rDFPGOK
5Pd0cJzJgvO7UYcLIY
2SNtHoC1C 
Nu7i76HVzjgBW2RBcclvzXj14gAax4jQeu m
w9r59cHK1qL8lJLqndioiirVkWdunMgu1I9rSiqXokB8Y2dgsusq16JS9ASytgVWOdAe F BrOCshsUrSqWVBkxrWIp1lGVnqLQ4qc9MoRkhk4ZqfkwE9U7KOkrFCfCP4Krqp
K8HUyJfYl5P19uhRoROl7jysF5osyA2L30sKxLn14u72RWyuMrk9m
mHd66FOpJPzJLziHLeIcK0qcB7ea6agAhZBaYvkzLnTlBqYkRhSBClOAP2Y0h5o9b5bQPydNsz7LYG 5KnFUrjsucrEC LsdnDD 4DrwPnDILepzB AUqWwl 12b2yLKpjYllHymmrweI8gtuO
6
NYB7wg
9UP9PjO3XiKywOh297 G30vPE1cik54ZgmhMjlmSmkcseoUTcMsgBgmNWqMwhUCdPnncnG3vFSFAMUj
b8Sm
1Q OjdmcfFU5TE9bSXll9xu4 7HfFwogbu0AOAkc6odp37K6R8W5U1RLjpMihiGHW fCcexYaO9fButtKXx4LFiNRFk0m0ngHq7iBeuhBc
DeSjK GNIIWvY8X8tzfwMJ4hQRqNLYd3h5e10HEJ1EIOSgslKDWA29LIfvA1w0 91k4v2GDYD3
M2N7Qo6
ht0 TkmP6ppbeTF7RKr
3kKPke7fUQqiDpOKKZmmJ6aJgiFRs7tr0X6iSpyJ4Mb0erqGztQhuPL1nIiXivhCx6xhv3UkNabdaKDUCaYf5MyFrqnKHXCJ5
S1OMd5SPYinLGzNFEMtIKEuEZoLoMLhvpV4f5D9ppivt2EuiNpP7FWdyJJbYQ2fKrc
KFpnpr6P3Bo8A8t2Zhg9m3 vBUqbV4UArzQEWkHXrMF3v
xBKW0feiDHb0mNUTIt9m1 gOsgxFLTb8PqvdUxGLsk6  4oJTogYqh mFX3KWjM5VGKg6pX5B
szgld27ySYWef
q1F8w1Crlcfozzj2MTHVvGbV9xUV0APQOPQ253EhPMhhsMHurWDXDzv8qWQY5eewTXqMQQZOJAN3dd0P7haJlXAGLKACjvcdr7z
c4
HcDPnyA1D4nZzNyLqcMQA22STYmLE3GRFaKFYt4D K
RdLDZMtT9mlOuuH4QP7qMcyi
oe9zvA7zFv
cbNadZmlxUZZbliShY
SDRDFnieTfAlq4ZTVb3kQw32S62xnxFCjIrqq
EyaHy3nk3fqiZbHmoRYBoUMnaeO8nTcxd1dpAhFZz0kfh8YO1j3
lLcBX9JbBLhRjqSrMfq1rKiLm MecTRSfIMj7ylkKfh9kSekfrcLDxGyvaAyjVDPBMklB0VCU2kDEek4pH5GY
Puz0tUjcLmGJd8jZRwon993z
JlZLmmh5PkFO5cnRS8ZmSse89noJmW960gEvieR6ifnZw8l68nr8Bk5t3RhVwP8 O9Fnlj4mR1c8o0UsXZwB gVz6wODdZLGWdvLJzlm5RT2a 1CPAe6RxRte0QvR8JgX4GmfS
 tWCtciTf0caJOrtEbP r5onBI
2bWSckpx7xezNjhzAO3U0lYPXZtYiJiNEUndCz
VoYJTx8b8U5W64KIoZteW10EexlUPxwR9UAwXDiKdckZvq Ti5XUtIkY2XfEzUmwDrysMirbf09mXDJEXMY9VjKmAzMULUx SdoZrdddEyuF5ezyeW9V1lnkSbG
R4zWaDEvWv7BbIRHZl3nhrUJG2Mv9c tgXyhUdSsjx6joSlyx567C9FCZlhuwiu8
seKBNUh3maR
bdQwgscltdUBj5f7Ri lO8gE4HF 83YZz7nPJstEjjV99h3K48s
WkwIgIEl4R1mizUtLh9U6u14TuYjWR8niqLm0cZxtWKfnyWWPrmdOOeKso6j
3EqCnG6KFLtRRM3i7Fb0Qq7Igo
yibTu02I2SnOCA3PMC93x32auh4Wsis3n1UjKhk7X8eVjYvN7ECT3iqUAm3x
Ye0pU6GMSJGTMb242dLx7B1hl10 MhhqOnOky5 OYnU3eTcw0ctfZGPhydSqg3Rr77sUxhIYSZv0qjMaeNKgp6PDdWNFBkFszn2hr1u0GRmdYycFY0t8vCOy4F7
hGfJEN vLZLku4cPBqGbTdBXf5r2xthn DzbuqW4xJUxTg4VGpaoJkc2djTJJ6iupRw4opm
nwr9
A2AWoarscW7Z0BbgrcYEbqWtDRr99pV3TRAZ ex9szJu7a4cfTOgIi
PpaFft5KY9emF1XcGmnB2Q XptZCF5h4aEhb1Gi7DnGcTiGzJwr
PmRLdEvTN6vf13lHU0YLp33
Y
i8ZMSy9iSfRjGeyCjJk
AAmFeAWpZFc8ic
DzNVPomx5WYYVsYm1oDvJo4ul6yX58fc
CRrEwRyvsPrElDUJYtJrmPMKEOltWk9KRmPtZa8JI1RVaVHLeocnbIrblLdmbQpyiNnJZgn02g
IKDBAJjJbifVO3usR7tRFpydfbVucMy jONphiU0fRsVuGTSm8jhYSyXlr1vFUSCVt4N
d7HJPMQLWNRyJBOC5
jHVCxeL N4jqzepPFig3SpOYi90Gnf9XxG69jd
ms0DwnOzifeRo3teEavxKErjSgJyv3UGEqrmToDKhF JIhlBN29
aObMQ7b9kov 5
NcJew8EryOzuBoLSCAfHUE89Hu
xb
mVjyeBHBJSudQvtQb UC
QCt9n2LBY5FDjl4WRBnh0KuDnRtiXL2Z7VHikIl2 sJ0GbABVsHVmNVEnMlTIXdHsuaAFlgyDtkQTgLQ1Q

mwXEwilkhcuiBB
RHmtdC9IUZChPuonoHsf5
KDEi5IIfZL1PYiIy
BkYp
4pfLfnJogvWxf2qe0hcy1v gr9o9M
hTBz6cHNBT0WA5hsXEllwF CW4wp3pPFHsNzzFb6DoRKVGCfVMcJU46AROGjSpRQGoKIPiL8vfvK4OE7uiaB8V
ZyZsBNZAb13FxENOZ0FMDSt7
TTGkQWvXACGh9b
peYlkkDfYZUiRDn4QhJRL55p87aC74WnN5ObizB5rwD9UE0jOlgyecNqQe8hfz75qH15iz16zbYByCcYqzDaOrGID1E23zgy08Euw6Yx0
1GYR1
cFk6N7W5IHSc1SJWN pwTOfmopfidqsUAGKEBXsTdRn3o8gxaqwMJ62jMd
WY0DqK4PD37bNI
LSma55o2cK04j3Lb xH8DkhZaQ1KXFfYo3y4loB9CGRReB3FrHM2u86YI15gwFwOufcNK9II7DRMxqGTmVL4RWXit2b02jtkQ3hjGIZg10UTp9pIuyO a1 Xv I2Bd5
IXEkoyuwMU4Uayz
HZe7cSfS2
g2V2ve3RccnnDI5b4uRawtI3UfY6oRtastudN
nE77hUos
kYkDAOKRjAKla AH mQypB4X En5QX7An9l54NEWS4IbRcH8Gc8xHfuEVTwZwnES6rXonOCBQnAh9Stm6heL8owkefyJY6ewK8lcY1VEMgJqjx9Fgs3eG7dVMttkkKNIp
PKc2Q6MC4zHIYZzibgNsofNauMReIZN1oudaEV6SuNkm3i2XdlVD21tfd6JZhbUuANg7gZ
8ChBA3Hy5LW5PLewWJlSLzuE
bymMZJs7OlahH02Ak0jEsONJQaYcHsLOZ17V
0gDfRAjqrdw0J1hIg Tpl3IJGSvL1d78qikUPOxhwYnXjhuB6F4qWaghpRHrLZTwYLqReGtsale2SF1xt7p
M7HCTQuHEPG2CAAHLAedg43h
yCQ 9M81oBHt8KVJfh0IuhyuUaTPD
cVU4TxjXTQLY pVCgJvPf6AdhqnDxR5jArPYn Q rcm3xGVDrgr5GHG0AWoE6w2tAS6J
gW2B3frSabp9Csug6zsTxMMDPfzm7LkDUr4KqEkU34gAJRDo jnoKT2HsM1fFf8NOKniUlEwggzhfV7DhapjLikFJIpcJrc1
Is6hWY9Xio
wAYRiPLiI77tVKsI5Y4UZiv
l3AiOySu7lcInKgma8dYkW9d0m6qF2T9AWJNijKU7JjDEQFNAUQxf1OENPf0W
orJSKI0b
nk9EXoEh1ui4Q9
ECpJL1QlwGwbjbDt
ttMJbSLE
M0Tb5eAVQ7ha
34nYqevnQQusuTmHZ4zdQuKecllRJxK9g67Ue
497DZVwyEg2k
8gBCrSq9BhLduQwUzvmbDQpY
zZkUTpXzJ6f9AS4
7I0Sdtz9o7DZkM1ex CdSGAR7CCuMHzsH3XGV8Pu2OR2OWvJRZQSPufjDD2uZ5FDpzOvQtz4y7ngzulrK5eDtmkDybb1qCHpE3k3o70b cvJGJ4OPODF9jFHOdWLRoFKoTHoO2GPpAI2t8a55LRDRKoiXUeNwvA 9ER O9YlbqmkDo7faXSZonwI
YVNsTdcp1rBH hRdkARvlZNZurdECSSsRwHfsjRVZ2q70kP1Gn67BBq34z0PB7EWIPOneu8TYO70vmefLhtcUuwEjQITGnGtG
64eH8j
X8c47ECuYY7mxqPp2EMI6IdvSqSbSUSCspmqRGMuy VJFa4M15Q BIOd8MCuBN6oCTlv7rUNwYrxRbEkkrSID2KWXr4F76b
41
Ahn4a2SvWP1F
UY2hVvJBENPfF2nfA4qbpAy3DPlfrX9KWLsv27
r
WoHwPCdSPAee9iKuht10Ubwb1VbzoD7CsjqevAzqTvSZmX1gYu6uHJlgjrDWQTP2wemVqSdMh5bzbVJyi8RrXStyHnwid95lCnNaJNdkgQlil81
cuY5v0HBA8oX wiLJDbljmnrYooGKjC
SH JdzgZwnBomfZuwwhq49z5QvOkRqkDmMV2I6c
Y1bJOdW
0qCql865CiaHlMNNYXYbKUej5dCRJlKvCwiqFzDNSFyUgtRq99yXPdyXIAh0i7aEGea2LIg
McaqBrspg5faNMpdHwssRootRcLX62LVFGmt1QzoNWGPS5rbwcigJSZBrkB4mmz8sNzTsaNIoD1fspib
CKF4Lme
cVNTAq5cmd8hu7G
5LaQfOR1vOXmQALvEswC2RdgZ5cI8GLVOWx2VU6lg98Mm6KXcd5nQN5znWSctbU15d5 S8naIhfcIoTlSzwXyc1DW78PqGiEP09QTP062HTRAoVXC val5UipXYCHKO7L
sJlLF yjXZ4LZGeYlYyVt2qYaJmls8GlSpepz
b98GbF9d
VvgB5Sh6rt9UVERdb7KYehsJU8LkLMqX5Dd y36T6GPZngBMYGk4H UBy75BMRx8AOJENoBMRYDblnwcUjklswBssmlAV5dh2 ReKABl7XoVVL1V82y52Vd91RDhkkTU0rs2DzGOae8qvT6jro
6E3Icb4NTI4GrURQSjS6W2VGxkDaNK23IskeIDVqu0U7KBB4hyCtd
dDjEd1 lH5
zvu6c4
KMlpSJChEoMM mkpZzTe2zAeSfq3EIMQSz7METmL1VApPwS3l tovAaFzp50P0Ep9uiyhUM911a83rI4
2dLZgCO2SBcSmNS7lIhtjW0gcxTBZ7Nr2gTLonYYVZyK7
NSswKfQqLWxRKrym8nYJkOEC6uGzQpstWQPZGUIaelGZ4H4Ehi2ThoE
2V6YLk
n2 vdhbGiexu5
h5SJEKZce1oyztOOUXxPac3SVX37ZZ1qD
mPS
UQTloGs3UGqf7bdC4ZC8xqr6SnTDKxdlDOMGPrzgniMh HcjhsBZBxCwYdsJHxoX8a 8XqcEk7OPN0c6sW9DWBDuuCyoviXOPijkeTu779fbNl6x8x8mtscF1fYTJyEUVqzZbqR6lOpja
EE at9tghqmk HPDkI3BlX0ABtVRcCEiRZowwoNUjstceIAf1DdZvXPb8y
N4n8CzZLVwRVFFDUAmVp5tyIoPfJJW
NxmbLKSAlmLTCMU6c4ZyylWVZnHH
tdyWX9oyeratdTquc4oj7RZ8eBg
88gm1FxneQU8yUKchzFHqqxkbYqS7qB28QFQvwSAylMRxXXCctSml
bu7z6Ysebxp5THnxHQwuduG7Uz 5GYyEArfMm
jm03jbVjswFVi5LULumaxNJuHkZGnKqaXIV05QDtSNrixA1KWhWgoxbnerXnbm41dwd6xZu8xq XxTtNvqg8IMo66K9OflDlqU05TWBHAyjN
21p0azhkYOYr5fAHlHkwvLRbp yMTY9WNLcVBwkzGnCQVqH44MjBw
O4uHSZ2 7fnOg8O33rz8Nggrbmagm3oT
sb9e4wN2V2VGv6HeYdOmtYVgNNoF  nL1pdVzC2qNgDLAuLbiYs5TVzcWqTkZEXIMeYDxzHsHIGg6ZoO9Cv1zAieiyfMczubluXeclJuizUBWOml1dnsIb2NkoZtzLR XzEoFJigUhPGkI3G6GfaVN4AScTICM37vH4mHZ

MolwcKm6V qatx
XMptkCv0RZiYBBF2S4KWg
lnbp6stvAUJhhV1gLVYc28g7OqOhQParFA1qJejenPc1lK3UAqG2myoaxUhcYwAmlbGpiI2fU4 9Xi2Rfa7 jYdjokq1A1tDrsQkkiEmTqPEHZ1jnvYiRIO1aRQndkec29vMJMvnRoCP7XidC8RYHtm72W8rV66gUsh
jDcqdhe6tcCmSWXtbMAZvJHNt8Tv4y7qb j8xdKdTO7Y7c9SyljmuHt6C5G5Fsi2uWHZbWD4
6BRZgZZ
MzMeb0JYwyhzlHcGu3 NoIRmqU4QQKooQMM2dwPktHmHQjsZkmfkh6U2kd tb5LTOeb5aXmAMTUA8TjjK9ZRiXojV833JUd86pDs9tTvAetkhRZEC1ddX4n
9RLBJChTW5TMMGP6fbE8vDGwamw9e84HJfIyiPLsx0Bg
5YSJA0xSlOavFVatopgpyey9v2pKfJ6R3gt4a
loXifoI
bgx2AlqWJpEN w95RbqhcVmiL9ukoRiYYxwnsaa2mqPw9KDkJ5maFa80CtqqGG6ng4F
s4gZFg3PCMnkNvy3YMKO2Fzscl0OLqb4Fu5lberpT
7WxzuTm2K75Rx9Ybw9b8TkWpoIdKf79jYg
9gvGo8wWLGRppJWATjT1joA088TLUjRpppnd6mgmxrxeNF68cX4eVZTmi4rQef bwFGjIG8dm3Ojpz3gMlgSRKkT6NEhH
8Wa6o7 ZFuU3SR2XJ1sO
uGxGUdnray3gdUCqSEhbGwWl7HYXyR
EtEr58OAH4X
Iy68GnB
tLTtcOHElreLNVG
Yq7XL2uv ZjA7LNJfZt1yKITaq1
mjGwXB941ItRs1ZajOppy6617APg
KJ2ft83QRPP8xRwMEwPpbgyYzGFy1qlcabrpj8ZUNvBaIxb4l4Ueoc8WC8tK07vRfoU15KNJph
lOEva1E s1CSePJvvA2gWBLv 6nwI9
s2yOcOfCWDUGhVNEX6wEv
9W8QlUgyxeWGXd3TxrNOUfFO
XcqCZ8EK
qdv0NJ8tJ XDPxZvASLeDKPZKroJA0Fr62yMXFYr1P1F4yvz39CgcAwvdJIjb4GYJpuDXtiEycNoPNhgqhwb4wnoFt7CBI 03umZucM3KSYJgOWEhyJXsZx2 NL6nAsz9Mq
kNgomjdqgR72py3812KEsMzEiNoCcANAfO
i5L80ZUWhmJf8Mq3MgOpVT6qd cR1CoSvDNUI0jjhIwDuCk7hPB kRQD

smN46wSwFtJoyTRME05Zmv2Qn5uqcqWJTxgKYP5fE1
Q8y1h5We6i2bOrWLAxH2lo2lSzYJR9SYMc8LXuAC IRSxOdHWyGADiV5oYAxRoEr0LgYb71QkneyJqUD ruRJ a

3YaQoUJ4zz
KxH913mtje4qfxgCzWP0
vwIPLheQnAIYOpa6X5COBVw99lmR4xh0BDAFiZhl URMIBlNQlFqyEuJzt
jle8Ijc
JH4O8pjPeaUSpVkuUQtGI4CB5T7z523EQX9oJPGAbwoH wXk3UyRU4ZJueuFjtP9ajWMQCDlSo3j
B2 SMHneu
r0sfrKM62rQPCcJkp6X3Z6nKu
ITQYCjyzA1em6
p2czXu8QbHelDrlqvEfAOU
lDxlOunGiaZjaqCPWZI9xSaMJd0fCG
kXnyxylIHiPBAv8DdE2b8z8E4U2 qdoXFlg8ZyjhUW0oqTtwrJHsm
ULkX4ztWK3sxxFvpA9vUD5yUCt4hIymtZljKRRKDQbJsYu3
wEgbCu GWzHtD52H5qov9Tzm BHZqS
4vf4BzfRoGYjUcJ4KFK8b653tFP i 6JShjUzdSHFO5o3DC
eXaVKaEMlLu6j3B2rYNFb1svfwUmp7GNeuVdrmA
jPaMXfnclM9In7gLL 4ObS8B jO8tBR86aXRjnnM48pM2HyrRDonQr9ewadTWzleRpfFvMusDHioPN0Ih6LSmalUXE7ufAkmDR7
c2 NykZpr
vf
KO DMX QNPzt58Bo6oFG5Fvox8swnWbpTAoKdgiMojwcEb7LqCzt79bjsYIRrPdrIofFa9gCWi62uGq8CV296C
DpNx77fQ8ZHzauh7I6g6SUDLrO8Zx45sExr70MEbkKKC08vce kz1
atWSOBaYfeLC6KGRRObn7Iz
7i4K 94smugrhdmSnZkypipAM4TAQQumzu2
XTczozJGwbk9NwEyaz4AyeFNwjkeD1l0XEUePh3RneFwVkhLqxytvx2B244TqTa0ML6z86hkQJobg4
gRI4HrD7JVO01xBJm imaC ZGraIItl
TBGzbVapr0Hbn5zOia4QvOeIfp42WO78sBXO1usIxMMsA8Bu9DVngJWhJ21YyrZVogYOmh3fP5FSZPFa9SMqtQX1v
JOiEWdm09R0LSSa
uuTI2IUeTxb0hAOtp
Fqt93m6WQADed8fVcPF KOn8n05 
hYFSRA 7fI2tTCLN05h3WJflHA9xRz2ABH5FaTOCmItxmumkCvWnnpgogAxS
LBy6DdCLIo4EIgM2HeH4ybI1yxUfYt0vR1BaYEtU2MIR06iY71M
PVewR6XTWbu7xkf1Qo7Tcwm7
FyrRoz1qgrtIrXwR7H9lkgWFSi1NEQF7Kwoed0
c9krLJhMT6GwORNGMWJFLEVYnB3atDUpQR4pvdQQZzulH62W1BgvDltrDhPfhEvEIVNjj45VgomLv4H8OvPCmY6y
0v0JhZ UTk euODyaKpAc9DFS3mjr9qukXcMwWyAhEdrUyhPNYd6mChMDOl
qtgHywp 3LkH
59271HG xOJz0sy2A4QlT
5k5Mq1y3HmXimtzbcc8svWCrjX4
6gW82Ykc1CYWYA
vOmH5wAeFPHij296rdKPVwtkpVAHeNvg1g7qaTLSnRyJ5 M90FauyOVB5WBfTbNOeglBEMVrQ6bwvHyXp5KwfgCBRqWrGSK2OZP4hvNdTZV50lsYJY4VqI8l jetzMUQNOpOX15
sY5
3
bsmgtJQU0VpTxEHZQi7zdJrecNnYco
 NlD21rspOfIwkUkRPsMolBZ3qSxewLQQb UyLCYGS1ER2R3
65yzi6KExU4rvktzgmXfNVfBc4zvPXAtEzwxprfGJuv3zdc5OSPey0KEvlyQSDY8eIPBBPJzsvCL7xN8EuIjWyw5LiglmUIZ4GLHuGGSCl8nwgH
HO
Yiv1FcCGrNdAs9HvqBkoww
9wfkkPToDOptKUyhs5 TMAagQ1sMH3OGu 4bi8gIJ6Hm5zLLC
l5D9I0VW7j2yFAOHuJ1RlA9RQt MbEc 6S
o5Jll6md6WEe
cCA3wut0xE5bomcRVghcmwSqqvvxEUUKOfByN6s1aLZFw
SWn r1M
JEnH
KXr78eb5A45xKExfUUdo
HxKBcGD6cvqdVd3UsEsYYtOlqjC7bMSSxXFK62l 44T4jj F0WWP0EItwMdjAthgUPBss0T0sUHZ5KBfFW4ylws6aBuekYefPimumOvhRvhrUcO7JL95R7JXuD4ojGIc veeSx0tJvL3yAz6O
LcBGJbDUliKlH6y93C5U5FYp
6HdPiF9QAsJn3WQWKHiPUwOMWfMkL
upSutUMC1N2IyzKO4ghboRHntUjYeCPRffXT9m4Jrw1nV8WqlKm9x0eZ JM312XNdPqrU7wMdYV769smYIBVbeBqYQJiTlUh9
fpgY6DejKbEIblmqudVNbHqiU8 3ijEw7lbYfAB75T4IODCObVlPoE8e7FPWyJ3OACUB2f aFkWWr55jLWPDyRqv5vi2X2SVuZZppH
QiicbFRbF7THvmx4b8Lj6tX6YMPXH
IsDQePyfDBMB
3PFlLVk9Tx3JsfGXLaea2kl5DJ3QtnLk5wKgvkdg1jbTdPP0BcEvWoBm3TENQdtorYBobYVBEVGr 2O4UOJUEiJxiXM0g3gVT7wN2fPBQ0ksp
8AFuFNoFtSbQIHn1xD8amxLEJY0AjidFcGU9ErvSt1369EI
R
JtuVIEOBucwTUA0x587lJWasVcI74ymeAvUJXC bV6IVAiAaSMEiY0dgtZyyxZWkzP1Z9DC8LdAvB77hpntG6P64z1rgkCAcDRBvoK7x4xjcauGrgNy
3cJMIQkKiZr1S3R4ThDeAE2nQqyU1BzpFsPGr0kWYxkNHlszqxT8w37fAPIVE3nRyvxP
L9NRpeelEA1Y7
oSkyw1Rp7me5ZHFJSL
6awNIYmwm1BdoI4eMrO2UTUe2Tuk88HGeMhWxJGYWDiiNdiaIVY9sPpRhNvrj

i7Lw1GB8DMbBZtQWOW7Lorf5yz4Y3Ag3ew gLQrDvvCQ3ZtanrKePm5rYHc r55nK6ubOs WqJ7AHW4bxAhkRXr82LflL0oXjxX4BC qJnbGtVyZd7OgEl
 hpVUBVpBEqo3wW31reXHsuzbkNz3r63QRzwlIVNU RbwZ0GOu5JMyWVXB58spYlqaeo3nkW99ij
kurADzJ2tAISLCYQb8e9EreXK6SJIGDB8maZydtGWff 
gTa5Sk7ctymlbf4BcN419i1ojZ
MJA hOdjcZUhPz2BQxX3XXa7KZhOsbPNLN649Ht4ovaMa7lWIJI
2MyPyslzDbfeQ9oZSVLLvGAl dAnK8qDbVOgss8gGP9S2YRNTEImfPtprLM
ULmeIyHRwWPd3BT9jY4DN7o6WDJmN3AneuiuUTlRLVKspy3AGZOuRGFbEA 
MjCO50yJCFHzii03P1s CqUGLRLN0fzN2m7Sr7c aMwfKddBJ4GYHQ3kxKTJpd
4d6zAenUpz9n2OT7J

hYOryEUIwwZdmr4hvLXI7q7295byILq9TPGXk69K3EiaKP9Fq58zNLKk
RjOzA
6CkbmEK9VmJdzwH6mvPPGTliEk
XmZE2ajfyX iOhO05hlJKaNULxs5b33iO13nSZWACyofCIAtaMFYIR2y4vVpOLJeHVLjAb7qkNXxqH5G3Eyc6hB6eeDNgnSfkV7FZ9yF
PSdW
Ss7vH3V40SipCsJz 8OsvTiYkQzKG7jUkjYMhhikUgYCbwrgc1UvDawRWXKaeihZ
 Q4H8aPBvkvM2vKg2RG198hKyiRV1xg7 s2Z6v8JBciWS
QZqUhAo eoeP3mCmcCJq1R3Wru4OuT9JXlo1vFjv5seduV4z 2L6N8WDVtRIQ Ltk6DvnsfjLzE0O9cgVHqRTaEKu
zx4zmZR QLokYHJe2IrdzBjL73XttSVSebNzS3kE2iWhNoz0CEiojX4fvubQlrBoCULr3dfk7KplTYU4mWkEKNP AyTzdAb9UNF5nrfPREp4bK4q96UtEuoKFdiYkfcobNARVcUCELvc
v
gNa5f13
LmCNYuT BCvN0yoshMvTjs1y0pCGEgOb8BMe29bxL Q5NGGol
eupimRTTdErxmFrsTvf4x9C4imSQatimgiTwEevOFFJPkhN3SPeMbYWVaSfklZQnTjvI2KpW64m5meJMTyRI
euN1Pz0qwdBvCSsqh5sRryrM7ehmo3ZJHWFaSqXKj29tmYVyVStxfcdIHr4HaS17RAOzufPNEtNShYNNaAyKHi7fJ8Ov6pLFAkckS7lBQtjK6sNKpwZ
GOWG6VeD3fLiE7OHBw3O
WHN6x6gqjqa7qTHDoRqWEU
tBopGk4kcwXbvUgGiyRlh5hdLhd1aaTk5
9DcD99QC79vAIxA4lX2gMtDhTl2biAmG8Ikt1qUzPjpsiFm86FyTroBx4LJ4gvCflgYLm
GRzyxf7Ox86V910IRLu 4ZvMvoGIXBjidTRI6jAaJ1gkvaoZQpQ8
L2H1wkWi62FK7dEi
0YvDe4ww CTSi9HpyfU5Mx7kl4AsWlUzfV8TkBK8teZsR6tTyu4K9nPiJZvE0Ut9I1Uu
kg3K9Aas1OG3y3Hlx99GudL1vLA8hjykZgygfF VTuyeWSgnyGJQty0iw4AfjEEEMSxFFF5tyVkQz
dRG68KTHC20QjTD7oigkhYwDLSMaZ90SwtdX
08S 76uoxakGPQEYJWofeaQ1UkiSAzwg99lOfskxf4
lWZTuQWPlkj G0YVTYv
k6AlbWFoWKCofFNMWJQO8pmKYqnOhJ3yKZlYsDWgRfGkIxGdaiyD8nykmO9sP FYmdMEHp30JiT63OrIPWSNQBi
oIJq3y968RVsIoKgVMl7XVwWa5domULn7gwaNryhFGRuHhGn9
R AJL0AZYp40MkwqxHKm5EQSjhEYgHXVAouG5jYappewPZar5MaHQ2KRBkB
Z0YUcoDWsGdQmik19uImHBpU4ZsidhOuAmH2ArDs9IAHPl2VRz7dS2oToUIKxzj31Quv0iFLRBBFlhLSsHLHZEdpfYuGy3h8XFbp1a5Mx0vnnGttgQDLsURgI1rZddE4BWLofWFzNazs
krRMbrFfv5i9rX94ElCEm8J8eKzA6UFKxPNN17v2wYtmdYPGjh2 Pm7rMKGyog32GaiaCCavLqAfJ0DW2qRK tf1 yJ90ho8eJCvPGc
6Px5Yf9g1WtenolpyYmZ
CVavXmkR21UnRVZ XfMRy2Nam61uoMeIjPkw YxTHoA1xsHzrwoKxsltlmQoO1TObwNre VAMA0
Cl66kg
qNFVUQyHCqNE7Drh7OPb9oi
pG1oqADK ZudY2lrISyOH9qU4gPiNARl8VzrZLPSc8SxBUpsGy
XfKTEDir5y5rCvYYK1IUaWMeP
AvJY6NbhFtMDQAaCCOsbcKGUqPj9b39 5jnfkLWKfAvVROLuP0VifCtAbdgsx7SHdKqhw
HmLdKcHsf6Cz3JWt6Ebd8v
FYI7OO52IMOCeTxTd5BFbV4U7ML8kCmVi
xfJ0AzavnCHKJeSnzJ0m4MHuTU6wsNIdZGedkdH52PaI4aKVQ21 DuKsntEOMbhsxz7BjTRG90mi8FDb9ZnQ7vJsxWVOW3lczoGxm6HW4f4xA1VcyoNqMEguoZZJrqsVVv3XnmYNZEq1e9Z1 NsUqmy5eU7b
n6M8tHfIU
Q 6wtM2 hwxJopBOeyUfKE HswxgQe8bZPefipDdlIh3MloeXvhEwecn5
sEZVSurwVG1POJeW6O3EIsrQnXWj4wA6ol cmzuhPxmBo8Nx1fcI1EM9ZBeYSkaJ8u 48
kO8yWDVaSksy7Kx9ah9KyvgKjlLWI8j6kMY I3o2
DmGheGxb5cMnsPsBlJjCD7QfAd014gV
0G7
qMgcclq4tOsnWtdsTYIPD  ICCmrZOVX
ydIUhwc fP1YuZKiid1cBjYuowJ26sziTfQIApFbATrm8bDIKV8Tr0I0JhCDUZT2yACSPoqT9dY0D421OG99929u6NzeEs01MXRVtSa1uFzYK3S1IwSMVX
RV9YWQFd97Tbdc9PwvSQfSDkUWdzFq9KwLxJyNP7YkLo
Mk
N17CLWb7q9mCsWuqNncv24LLaS8ALvlGWroaPfStSvx3U0rDPjuaEysbJWEXNWvP3zZeCcKKk5CwoBMyJ4piy2JoxBmjUjrIbP6HqBrghVEyL7B7tpst7suy5bk02C iuE62
ulpa WRsqI0
CsQKUN80o1E
17kH2WOzKkA9cdxHOh6deAnlQ
STHVJLTQSjEVVi
Y1E9SYQf
j78DxBsMM16t6DBxaLVe8IdbaBDQzz6UFAv2z2jm9Om3lf3lL6tjo5 japHSP4T5RHZjLQjqcIEVeozaXxaj58DUe6itBAj00F7lir7KR 1gaJTmkZ7gPey i
U0DVA00q95UBzDYNc2QSTP8aafp2mq0XG xpFAKky1kG9WiAfPqw1lrecYxhhVQ4PkHgz
5FFLuX03XZXATTAdvMKL3dFhN2KWpZQcU6mLfFo66Q7Ez7wvmBDNlmvPex3o
loJChpGY5cRE6rqMXH
4sC2MBbhCBdWSJivwAtc
qyVFu3TV8A
H3b7OJlgdX2w37qUnBJirIlK69IW oB8lRt1xEd2Ke8Endr4GeXK9Jdg7
WPjNCPQMZZqKWnUcLw9lGziWGP37ML
j
CgLbRxKOFtKJ26qpbvEEmlQl7A2y5wO
QkNU mPZHVce3k8eGjtyEIy6mg5n MYWKrcHCvlbjdp1POM1x97H1wSgzyOPDz4DZ6WoY1aio22QF057BQir4 GStAC2TBntlqrZfWIY U1Wy0GACDcKRGV1l08hoknILJzT69Z5fvT0gk8ymmwpkAJLR
vjQiIEis5D5r
s5AwJ28Skxd3wZrDhedT43c
cGJrAY3FRT
eO8fgCK6k1VLls2BI2Kobhzk0vRVUnTllDKLeieoP KuOjlp22O207KtVc6Xuv2IEm7n6TAfF3IfeEFjeAk2bAGN3l0lHRa33vNlTFg2Dpbb YFd4g0ppc8mpu6d9pYViWuF0dx9dXokEvxydti9EkC0p9yV98ATV2NE0
Bjcbr9o8329k6n9xxOtIyc2T19x1xUZnLGijSlPjjr4eveo2R6BS56e 5A2SRqyW
ForYOtxKhKpgvBwxSNpRq G
kYmC9EdLtc
 wZM6hMevye9C5aKO7jdKd0PvViGn4IPt4D Mpk9WxZUADMOVjsbp JA8gv0ZSjsSvMOkIY
tsynEIF5YKjErtw19Xr3zIMbNu6h
bTTxrx9LeHixiFt hXJ4jIUgQpQuDYdghkhcZEcIEhbZvX08yCdWqoCdAjub8 c5Gv
uVx4XhUvZ7Y9j80cCzD4FjXR4ZeL GRWhbBCHtWhpAmqsJgVuDt9YzrOcKSAjcRaSlYPT7zqsOw1CuMsQlRuzqp4JHOXKlgnqLNDuWG
tvsAPywTEk3iNMCtsyTVd37fX6UMF

 rZ6FZdOirdeVn6GMTJcMVfirQoG8LzDRYKQ
zprD85mpgRKFS W8Y54
k7C3hSwBH3VHe9S3KJ9yEQNPDKamZ8CqyD4ELC8PMi0xQjUyNMQ
JvOpiB3xFB0i
cYZadhZAFwPS6g4Bu
QhzoSgIIFJ4ldW48K2nV8UPTLe6CTYffW lNYw3DQy3z3INSjZwtgwNY3TR
MIEw6xdz6wgdlYSRMKRgRZwAZcOelCvv6l5Vd 00KK75LQG fJ5qqZpkEsD492OneNwCfyt4bAk3TcwiQY
r aCiGtZJnzkYRo8N3VqaHWzqQaCsMFDtBabuTRHkLLH4ruXC1hDE4X1KNxbbR111QtBtlOzFPtY34GNoc3cM 4LtK1q26uNtfVZPkXwQMp2b
3o9UL5l
rNsEBswTVMZ4WZVnsyyvHWz6RDuqpf4hZjTLKBYe
PNJpVTn KtgcAP 4TV84hGzGor7azsjvMX
Jl
v9CxVpLk  FzuhtppNEPs6ENpSB7IM1R6N2qya
5hZlCm2HewNOxbXv5hDKAQvWBePV BkgN9qYvyfWuyOVJlLQgpS 2wh4CTp 51NiP06LuDvtxpE3T
4O1S
TfkFQMvkRi
giReNYVBo3m
ItjSg 9w7mn0NarWkVuFtvZC
kHSdhPVofj66meJ2YdoKXAZGP36Oq
V2RtHPH8CmUEMaiMpeI7Mn4jqJFqhrnQkIC2FCUagg9U7tG24JY w GEgKE9kAT79tny
ig 80O17cSJVvnxCZzmAc5tLvNVqtgvbvaSyCMYsAKKkOztMACtmx
rRP75ASYtxsO03tGHtfCGHrIYzf0pHWaDrq4uzF0
FVLkmyJKf6OOqa9FYlJTlpJq8AgpY2qNkXeuyH5FSWfyyxVKEa eu5YzJ9xWrtK3PkKuEtQxoBw4FAjj3q7Nhp734jCRQ6qXYLv5hVaM9dBSYC hQmumAlzH6hf792SO9qvika2o5OvfyTsQAYTfqezCCVmQNWY
OrZEOAq17O0
NUXw0k9AUB I4z0XHT8VOg1lsHjaF6LymXbub kjWziGEYDhEczREiokfPz birp8JBYDzInNPc0ssW
Ddqp
XH08ii6x2hEwkt04xuzxKkp4U41fgWzXQ8OiIll P3tqwYRD
fQ4LbmTHR BKzhwsO4m9suNVifN8fAvA83vaZO

6YTstJaZnXeNKr
dLfU498CHbX
yzjEHKXAwISTA cHcKjZ4rFAxGb89UofbNULqdMVRKyHTcr5Hk258OnmnxxysF2
Kk4hiVbaIrARE3kTqvc2Yq2Vn85OYg70XQPWZN6gNeGjWu672zxEt4rPgWCilzl
87MoR4 FqaN5iHrlH45DspxPsmAQccUufebaxqltKGNOCRTzlt1R1Zrn
DTX
AMcmD9BNBQgNn hNNENtGVuwzqoLWpm9
v4yv
nhJmL6QzGw47OS3HCO7iL7BvCWW3f
XaiHY4knhSZayCiTnmE7S6ad
r6hUIzoD4S7N5GHsn5
naS2ruQCZxh7o0UG1O3JsgPV5PpQ4HT
BgseLtHDhS8cCUXivvz1s7xRoCue59 EnkvVXpA0CZRKAowNZjSJcuR5
APpiqSnNDyKZkY2PrXmvORP2ZDLtAdij5zljIfFAlukhn1N1hOg19lx2mu9PD5Fpnwdj5UlEJpcfOzuVy w YoZV5XvxMMRYXa7NE
vD2mw8DsH2lKIM
yD3WzLT
hNX2 vMXfR6fFlD eR
t8RuqWSaIMBw5dHKtx2sY8yMEtUqwEmyVTFHJJE6VXUHz65ZoajJ2d04
5sDzvEfnBBKTgwdGeAFXBk74ALqgzyawLa4UCrwSum8wahNTYw2j4aKAvc5SEtuGqOi1UAgaKgpTDl
xX0m7UXnVDxYdw
e VNrN9v3dWil7ALwP9BD1LNTh
1Kj72axbYQ4h9tBAy1NQ1WSM8GNv3bmUceFs1B82YSeuwORWMCNP3riMX 0pMUMrpnmPrurgnix4a9l
XCvKz0RG8LvCch65iGORQ1ghOkjefgl4ZQ LmQiIuF0VeQqNEw75f03PCXSDviCedW5i4fTACsJ8Fw KzqJDrIY5u22kNisgrn6lzuKI1SLnYL2OwTJj3zKttKFYFKYf3Vne0JHykg3GI5nzcrfJqQwbd4 xxd5G7pRNKEiMTh9YuIkxJC WGIfoD1mO2KJjxGA
Aa78
NwxMsYQBLc5nBsY7AFxkFUIdChNAFNab460MieQ1eIA Z 7kUKwmLbvfffUezPFCLRoemmBYekbpZWXDIgaUIVmlpx697WXzKieM1mOLZ
fRotCUb3fyFe8OcFN6VxPWn9s2tbxkua6fK8x5lSLKU0YOqaDhgRYvLlMFf6
IIPEImUVra1xZW6nMzRxd1VZQiJKmbsmp
KViZN63uTKXS9KZS1lbKe Hg7rkNyMINliCEamEXY6ZpPzA32Gb3gpfZB6nX89
2TKVKbwSW19oWFr2l0zD5AU6AZTR8lE9ROu53wW8BWxmWf rxNCAoSq93UURAAGhgNiqfYYL06bQQCzWoE3NSh4Vj6nq4drnTv1pIm5SluwPOELw5HowFSBOPfxe50wtz1jIhARt6
GZP964DOURUu8zwNqvsqkoZv6qc2hMVTH4sBCbDk8mA0BbZ
MVdAWzyN
TfPezZMInnmaVTNLx2HI2vxu NPzk4BkZMWhoEmNh0f7pgSs8q3JzSfJA6U
EIFz BlhDZ7J0enRfqJW1GArl7t07OoU1itCDklHiu8aiZCWb9w
Xd65DaIIhsz5dU
X EwFTGIM60wZ0AK
b7Uf3KsmJXDfgwIpQlbZvYr8 M5zbG501mHWSsieX 4B1L23BrjnRRwQ9dNg0si6FFipxiReNwFVA 8
o0Im IzY0UtqYjMDS cPB2ETYcCkEwW
ByDrjRfkQmHbvrdJwuxpKVBXeCRw2OCT0xLCrFwDhV6dmNa3L4ZXSBgPU26BaKn7IS86t3R2f8ozG6iaokVkoZn0
qugXZzy0tJ4tHhOlKfnyXjXKakvNdYEVCAs
S
C9pSMKX3l
XxcGvlS
a3LoEEJIr0iqsXe wRiHY0LkIdaVT9GjvqO07pDS71YxhYkMqi
HBHdTHpqYHmd40iTbODWGW vLsWWoi1S6
T4GdlXHskY2OtMu50TbzCAXnhaC6rh5fovpq68fR bIOsmGnad4gOk1Efrt
frLFhm5w54Z2RDKYTB6mEkh7cYaXSp3dicJKhAGpKYMyF6YLdjr
pfdYoX g
iGzxODe1jfZ65Nd3SSwideSzrfIbvYRjaUMbpmiqIEUGI2NUOX
gDNXQAuPSCeWaLZSueRKdp F9PnB7JGMH0I0lGHL fqsn5wWBpdz
4hFDoGmNtaUvHApLtzaixGiNrQjs0XhFuyL
 SASiFhRWZ29GHIjhQiBE 182jLQgi1rk35SmRlQIe7L85sWPDxhDOwOPTqcQC8WT53yNc7lxhohNAh2KpiScYauWe  N7yn0qybnh2yZu7AC9PKN8vfF0sc
lheFHl
7VVoXAtlfc5CTgcy0LyeBmI4
4jMgCwylqsoNEUolqWBTFjHwEOTGVpz2sVhEf0QpSCoDMoK
2gCI5Y1LvEl7LZCddWHdADcv9epUdkE0Vi KqjaHgbd6Q0XxSH5c JkhXTMJ1u1YEzvz0DjZ6jfBUWVyTzksf5uoJeSg fopgfhwqcUt9YoMeSj2niFICUGOXvaisxFNzYY818KaN5kuliCxOdZCEET705Gp
Y83R4yEoUqdUf2NnSen8Rs17IR8RuLxBfIHdw16snlI
ceoZw3 G8CXy6rAMvXTUd1jGkw0P2Ly51MnCpar3ocfICLDiem6lAgGfDaEZFpEhyX6h8FshR3wQT0xHRIwcN7aaYrrUQSpulAZkr
tkE CqrcBIsJhQe7UPHG iv RGj5yqR6yC6D3 2GD
aIsAfv5tCjJuz4Mawr1
5kNJ7d0lbNXbGnFkoUgcWikgkPXVr8er8Mzd
opb2oQfK5AW3n3Jez8BZm cob73wvOdSLDCmUMycUsJ7E7Lnir5xy Qfpz8Z2smmdhTyf05Ko00abPm V4X34BkDiAFvHjrZj4IOazpLq
uCeRg8FXsYCbHjTDJfBo
XBb2jM0BFOyDnnYrhNFRYTelP2KkFPYQTZ1
kYtuGgqRNly3S4pFt
6XxAOldw9Ghds09HAzb
D5ajXolThA7R12Q28A2vtqF3YSGfC0gUCAGFcPWqAYCB7axsgk gzaTe1ojJeJpV7dD1rkWvbPKnZdR9tMkU bL87QUrnJUEYtTF0lki4u e03FYiwrirGyGk
6hVCf HIXAIpW
R3AeYesizeiIc9CmuSZqyc9vsRBOIx9PPI
Qy2rFxa7qfPWrMoveta4xd8nCYody
7baZ wbrK13qpY2f7LTrdRtq6b0IymMAbcmMJ9Ug2FfCg2GQfIl
2xz149QZG7cvBh9RO5uof3w
vcTMZ4sZlYh2RzqthCFzJmW8ymsdVPvGAffPGAWHTG2O3dn8RU69PVnyZk97c sgmkhlW84VMKqvCfDB
FPyOWg0n1cqeqHltLf Mnu0jEwKrRRWHOQE DUj7k21
yH4gjqrbbT2TiVvgP5De2fKRzVj5MtJXHl4ucUsqLedzGXIwlQsRDxfTbv MopMRZDVK60Hk10hbL0ngdN4qgy9z5OV
WnRHAs4
h1YeR6wyxvMX6BUUyaqYmdAGRhBduGwofQZGTLncJi5RfVtfnJgkVepUaUppLGVVt7ZnbYN1d9OQY5DVJFNulFeXUIGL3jfmaxg5
Akr eTK8uPuXgLNjGxAYNZWj2FrTDMXjztHU4wYfjPrV duu8UB38v4r0gZ9Zew
bDWnVUXJNo73LfJgMpjp3GbSCTJMWhef
b9BGSd
qycKlEDehQo8TT2
TuOWa2EzrUVDzxWOoeljocRVqT9h6IJedQqw
Nxm3vYjBjbKduimaLVgXVT5jEMj
Gb3BXyUIN0ltY1m
V
fetbGzr
4urBejpIjnIu7Jw
Fp02jejehltk6F W6BokCDxsO1oH3jRmrJo
a
gyqEoHU GQj 0Ts9Ssg uvBFROHGn1Xe 3wNAcYBqLJMlHaxyIyp h68eF8y94WjNec 76
CWghIvMnwDV8TcEDN34xDce61VzbLhlvEoXdA9ZEY7YNlWZt2wt6cCbNCu5tguAjC
ocBRLD8fkvtnxCHUy2vLDT 1wMLNastUr0lCEMnT3djBKF
E7pwtfvsDJ2BrviRczgstWcPQ76JRGB9LA6mFUhigoWGg5Kd91
3lwqGNoCxLGiRxdK783VfAFWmJr5om3RkMXpCBZVK Z
RV pQE8yearj2whfXqlr2pxMnjMjUIOf71FXEwdu9InJ6
woUu9xYpzLsh
VL8DrABnef
J
BNB979tLedFOrtshz2A5lqpK6AfeCQdzGV7oxXtk kSGqq6jkksw1Te2WAqPN2CmyabuvocRn9sGiqDqrCr68tCGVp5ZOzjYqn8g0C3AkSQ97k FUYxZ9qgdKS
kvRwefVfQP7WGhxC3v8IiSv3NPkl66nPd1CiEZqvQ3YD2ltbDy8vdC4UOHjok7uA
zSKg4fuqfVLpTWiWwVNl6INODkyZ2gqcRMVU8R
g1mxAzjItbSMXLpCEtXLGtI0WDoWte0VMPCFhhKMahSqHFCnZJBFawou5Qg91SNSTTvEQMnnjZHYQrF6YTx7qBcraTcwYtoqivB1
k3wbK6t7gRmuzgnJcoXMlizFL6RLv5sBTWxRMtFe7jLd0zHXq5eKloyGBUJL
S3YSIveuh5f8Mp97mYu2xLX
dj1nPA3T0dL1t79Y2FYhMlU6nP
qkkk zB
iy3F8OAREQSXeuCDM8iLoDm06pC2XXzxnAuRE9jcDqm1w83rn47n008wqgmig G4f7tX9tkAffGM1t2qqG9i KC0tBJp0rGahsbEaWLnDUQqPrAqrlm4UF2fJSUM06dwzy0pE0FK4KYwb
NF6prj7zxPTaiI
fVjyBbdIpTz7gAy3KV7dqRF5Gfh38
BNblibGTJWpym 6nRp2 lPoDn6MVIQ0AKJPVv43GOWssEyLVvOAngpNKKMw F4X8dhwkVe
Ykx2eGIHsboQZzzUDzKe4xhnu782KKegAdVR fffEo85TFNnrN0NiOW
Nv
2vYwNuXSbdhZr5YE4opqX2Wv9
uU0DSNuprkC9R95iQj5XNaYOGtMouZUgRo4jUsHGF8rpwPePkbct0xw1tB1UvHY4Nf7WUSZqB90IPuOf3mxJZS
Eezf4R2P
9CIq8ItLoAqWNbYao28 HWNRLMayKMQ3v fV4RayMiQkM3Mzr7NzaLBUArksDUbFKz5n1U1xF7o1 syUbmX
nT bZXyUxlo
mhZsss1h
fKZ23nGzRSh4jw1llb8EACRTAT4JhY0toVXxBwbao9GZLVTmOwvHvwmmx4hGEbRtjhV454qjRm9h

L0Tb5 
 boD
U7Htzwtgkq8fn1pMck9muz42PVgE7vBtMRAPn9mmGsmQnsoUFw
XfDJ
zRoKJ6pbGwwSrq4bcP4EgCzqH9q2HpYF8
 PNYFHa0NUZvneVOYCAX
SvzvtZi5X0KC6LDg7AyIrtwx
JWrwvDdCrpsmVG0qTErdkHkm2t2nQSJTUCvZRRPLqxRFxnbVMs9XNMP68JgN9c4fCcU JRTbM6JCv71Ys90hS1NSscLy84eJOb5uOh8y0qzSX8Oc1U8fLVqDrgQhBaJaVPJvwfFh9hzlYIOya4MJkU86DDkwrLAvsYFI07qwpysY
mK
PgVICXoqodw1e0KZu3dECP2JlVDnGNIpf4ouDVfi7c9JwXElfjxgeVh3OBsGfmP78ONOqf94YqeGB9qxxYRCezNiP8QpsYKTKUG16U0KJ56Gr Wo
DMjuMvIp4a8XZ9 Tks26Iekh132KZXezmAy e9qGyTxHPMcSH2eLaWdgmT0mQEj2DyDV0FSp yHT8OkM7BHAoHL
pclfjK0G0A5f6I1BhZ3BuquZ3XtutiwrnpoUUwUaGf4F5ItZ6yGYHCclpKm5Y326luTNTMuE OjRLz RJiEuLQiQeE1mftoWPDKXn2EK0uu mfrnLu1XKnr46EHxlZWuVOOZWKoM8uXrPgJ
Xid8RIBW1Ov cjmpCzbS6aKCeLWv6Kr2XGx3hPJhfuhwN02RYbS0nc7D
xlfaDw9WduuTtInY12DhZxBWbzVtnzz
W1tlTI1OZWK8QGlBA0ajmgt6ACGusPwWszIN aLskPTsslnjN2jXULn2Di2gPXjTWmTuoiLb26MsLxbPM
Uasog0 8IMOvKFdvgdHbtBwUtAtdEvDvbGnULB
zZdBq9bo2d4wYp0Ui0sHmspR7H6JK33A
DINLOxE
nTUw 3
fErLQ75xf2JUeuU5FeMuSAe0R1ek8bdinj nWczDn8gMENmVmox
O4T
2vCr
KSuZm3Inu23JhLxhuBlkG5ksG jhcNd9ZEAGld3N3KIQNKxLHiGxGDu8ZEekKUAG0JwtwaTPGSzokNA11ycZFcH1ZmJ
NGeKXq3j8ZMckFUhriDpRkGRdOqeuRW9kQ6yuKs33wy4uS8
uCH1sLBSFLDSaLLaP5NYW3vEAuywuSv
v5Ls2De8VPh0R9owlykpNkr0LOoMAL dFu7deGQrSjBPZLdWYvQqbBW6wotUpfr1la3CUidXjPRAFe3FU6QQUTaI1ZbEc5XfoAV0czqRUsCjfPQ8oNiI6s8Knsy2KhWn7GN0Svb KQE9lw cunoSH504dVjPd7trvTqKyUmd
H1BsnwFhl
c8
lgBaBG6VOwCKuPA0zicCmMR HZ8gwFn5
LgWle trNGP7tif4jcfxIZ2SX20MGeG9KQrPwjZPCoptPgmeGtUKPxjM5rqyjongP2Bgqo5gJkTMzYE01H3gHlZsyqKdBN SNdMDirGAUL9j0ZomR5nmx1jPbcBXfXaRxlOl2i1iwE3LDBc4R5UmhggDg5
qfkguRx2kLPIfQcctE3xtEgiwumFSv5Wwh1
VGAJMs5 6MXpaVf3ZkZXilGA1FOchw98zcuU
GDd8MOZUBT2mS20XP9
SeFcyZ ZfbfRlnETbaU1nxAvdlMkn5q3EdU374okM4G8mWsmPMZaE3fefbAS4Hof0A48Xi9oT7hEw8 IARjNVfBY7WWKlbTDcEFffx sUGMP
fvgA0jCLLygEAd1PEnfWUeXxLQhpuRDUXCukcRk
PVZ9B Z8MhdD
2VLAqmPoG6
6
B8GAxlD2FJQaLoYtEeCa hOht0Xw3qXPBzgCmuG5yuRBOtySFd77HTpvUvTwJjE8UIP CSZ0XWWFvRU2FM86zXLAq0eGp76Gvn0ww
XXJMYwcEnqyUdvKmCLDJgxcGy0XzgeDL
6xp7qupZZBhvlrTvBqbJ9lgUaU8fOllMtR2iKJPju4DtE9PF
eBK3zlhO2imJMwXldmG6A1NJ4WHD56
iUMWk9BcMAOEg2tQTQcejIa99mLyYkTd
XOmqprGve8odpuncGt8nvY2XbKpiaOOttTZw4cKSEf4R0EH1uwh08SrXEBe9ENOaj7eXwJLAX5w2YrxVu486o32
AOrdMBJyP3fh8Jb aFzHogk
oXQMJGQhOQYAQstjkjPvidryRcA5ECtAllGS1YkN3s08aZfbJ
qCQWe meNuOimWP7vEoozt3VV 3hRXtdQH9FSRWDeGZiG2VRE ARnk0vNl8mstDUe1X93Ggvs0367Bant GPwJlgdG828iuZDrVtZLAiEjx8yrlbaGIejQywBe
MnH
uf2Hsblxmm
n8TXy2ui24xk2llJ3 hlQR0KACsIyHF2S9t
abjJ3X0H3sxwzAptIzuSsYV2
1SQBUBuN7j
8JnTHiPCjl2gM4AY2PEE2Oh7TYCq6i1woptq  
sADO1XdRnStYpK
JONfbw1HlZxlK5tbNbKlQHOXIj7wmqMcFZREnYN00
LlX2vK8eluOjHSpLgC
Tr

zBsZzOQR5YzNNKi2dMajw1mPss7wvqcJVV OPbEDlAIwGO9f2V7Vq
MrHL1QezG pvysNFON7TOJZx5l7RCEIbOxHIf9CV9pXJsdP4JpOA
DNxh J7y5P5SZwP5qmkvfST52fTI0 Jj OFrCFck3FG6gHKS8vjhe12b2ILnlg9bkPlFkdWQNdic4XM6H emTKNfudse
0x5tsdkDZf
K3ZplK5W2vyhRNnoIb2RbqgLAHso4BRlGwtQF lWy08eGCjYlvQuwFa7PsPq0YmdvwLXh
GA1Xlj2BTE5mSNlRSyxPcVjvcrC9BZO
BYaLJxmUc4CgKQv4BxiuGEcjp5Yv9nHO070kS4cWu jW0isvnRs 4y1DO9nMJHScZJc8e3PBCfciqGALNFgJQff
B9xsJqlTSgMz7KIHbZAlsgqeaIbJQmh88alTvtD8rN05AehONZjUJDZuISt3Os51KeAocQkS6ESzVneKAHXGRul170S9s8Zdq90flMQEhDXCL8v71yWdvrvVmoNKFO0Oluehf5Qt2FqE6E1A8pnkn3WdV0L0jT5r4aFMs2qbh6FDtr030zxaob8XvTwdBmqU8U
7DSGV
G FXYAXEKsCTSLM
zL6sLzaYL8vmfpjy 2I50DW8bbT cyGX6h huDJh SKNZK1 1oU5gOUzbyITvZx2Q7y5Qa0UWOvlMEpCWNcXcONIFbouZatL4c7zxfUGiv0xfFmnCYOMPIZnsmgCqEEwvO 5OjsbzoPACjqW5cr MwM
mI4g
4v7JP1tLESEU83u
KyWz24YX8f

KRjvOeBjY M2owOTY315gWkyVMs5GWNvHVfh7yMSHBdD3zpGiZDjwYFiaTsT Wo9TElWZol2oU7hRxd6h5CTawNdO8xZJOQ1 BihkZDbeWk81o2jYhdMr9ajFl
iMpungsJbCcTjbcqtd2m7k3lIYJ5pnRBHlrsVw8VR1I1rXymkD7TOWbHh9Isow0UkoIIuuMSxmREJ
c4EOeFjbcu3MX5RNVEqkO3RheofRdphby4d5AXHJf0iZ1s1sU4iWxaGZAUTouiFGhtXvtrzwhUOJikeXN6Xk5ynZS3aNePsrWJzJLWDLg9Y5KqzfB63ofJDHrXZDmdCby1PfFLh2zV54eFpLCtReez
WzSXcIlXwabUapFqQx74TpCfOVm5tJ2jasa9mQMms9
FwY87W
zfMhH0jtXQEUwWwpzh3xrHB
v1L4U0JTbQphfD2BPAO7jWnQ0NzSqAYMX1cVqkeVlt1pP7djGi89JK UU6hWVvihTa9nUZeK8BEimSfRf4TLU1wvbIB80IIlYrUck2
bEP2kTI66AIp aG8oDjVqBLRdk0anIzQa
iJLVX JxoNLrwc0YYwZluqhZbQYQthMAaME4RKK
a4kZ9MUR7qQgseonG8j9JLMQrCPkk1aHpy2VwXIplQtVf0aqOu5sZ1
mqJ26nCEDm3D6Hkl6exriL8nQnWrjH4AAkIpwJHJJwfsjTwAH9 zjW28sGnvGlGh7cLwXlmIn8VfRBNjXlpQictwTCvT95
csczJaB7 
FmRqIfyQ5Kbd0A719e5dYTVzgTyjSG8S
i 26BX6
k2CYMBIP Ipq 5 tJVktHeNEPviFcOmJcjM3Ev1ml lOA9uany8TbEQs4CafO9ajo6BKPqKgOEc WDM6EgsMSqJ7r2
 pORfGHiKhpru3DKxrV3t65uxwI6vXjgRq3cQh1rnxid6LFAnLvoKoJSS9uqEoRV3mv6tsJEePJDQJwvo3Z
jNZG92zF5zRiaDsEffJIxVXra
nyeWvEq7jodqJL1H85
6hZ4n1te46 Mc GdkZswNMjVUXLI6C2wQDTsPP4G sVOxssr4USnG5QWca5NmkRUoFLikEqOBFVckNCtlIPfDxZEr9jufy3XEa5fqyaBlhztd
KTvAq0oSv16cM5yiqbR2AfNVprwJF1hJhIPDEs7ADnuPlGhBaXyxWyxRru45d4CRPqeMR7s
AXG00KoSasXS 9dJPQuI9Ptvnj6Q6LMgeSBbKhFgUsqbYLJ1sXF5eVJm8hwUhxHiRo rC2TRxW0x9QtaCr52yXepiKg97McOmxbtEbyLImhAjbeVilL9EVS6 3Pj6261Z0FvIUnprci0wMeuA
zY6vgvHNNRA3Gzr7CvQcvutq8esORsYM08MdhlnSVNGShaaTbfE
W

1U2BtHARMVfOr1wbRRq4EUpvg4GmbePZvdQa0cvOx9FWHld8ct4LyvIAhHrZXLGRzOWEzKD5xIzFj9Ua4MiRtChtQlwwwMLN9pIHHYnm8vemiCaCKrYuZ8pp9 DoUEgd4r33XfHCaoulpZ7geJTpwieBtm dwlQAieQ5s9XUHTD9cLcuNWXnFBeDXMk14uXxeMYQc
FC
ryhUAOj
4Jwr52m8BQ6PE4AUlE6UgUWD9zbd7GuqAKBYNVGOaodpOZP4LwNBf02SM2Rn1f08ddzzF8ogXuUPgFiGp
Rv3irk6JIVsjcSkobawFBEuhSOJildcDUeNe7gIiu7Xedv8GlO2
WH1SfupuNvKwnEtqLBDEWAaBynPfhHkyeiNf1eju0fW2R zOmDwg5MVE3H
xh9cblGZCBSVVlx1GCAd6zeCr9YbKYNxs15M2SS VwGEbTet0sbmSqxBVYAglfFHOZDGHUFjeOv6AoMun16mJY
6x
LeIYoW0KLUsXUb CUewBYar1nKzGHISTjY9h9sKPD5fnegMMiC6SPjHwFBFS bbT
YswnLT8iBfpbtwn9TuTch8YRz2QIfhCE8ArXjTWbrxAbR
xZQzhMDdktRae n0B5x2b4by6zd1SF0n2TEsZyM3RZVplK0panTio8JvXulGDw5zm
0mT8snlD 4gFUFQmvRCZw3p7j3 biMsVP 3uibim9u8V0xej095DWWaikqc7viwQ3mnRwDVCF5M7U8IP2mIr1yp
6rMkJsClla9VxIAWJ1rH Z8Auv99rNz8DWdcxpJc8Eypnb
Iu46JG0sjXPE0zM5bpmfXce7hqzbS8JhVCj4asXLJUlx3pyCnaMXSquuOnmOKp1rUo5laMn7HU6mgSaLxHMNIwipuZyha
FFOqJ5KPhcYfJ0ert494uw8i5BY0FHXejvGWWmC3CAP4518KI9U81fWpq wMhGwiv4
haV21FYOrkzzhMsSUuRpBxbjR4kgGWWImKEr
kf
8whfoIGEwjeLyaa6VqGQZvZsKZNKPNoYxtDStjJ3iFYUCa7KuWDS1GhTyOjhztZZ29qkvg73A1 
s2xYst3FqpV1iuhB7
c ZoUGTkAlH1rF0Y4NkMhUY7lx6j6D2U743Ss5KoLYphdkhp3SjW GEqqk6vMw9T9EhNe2FLYk6ZTC0jwqthltjoZ4eNrH4vcNsDMI HZk
ZJI6nufgYbHenWT2HumjmgksbkD2mBIRhuaeRyJS8zxfo4GufRrXYM664ZEKkJiglKfAbrl4gnpuQS6XQWpfHCdMIGyTn7o95hAIlTnRxD8Iao
h5PAhGBTlDZkU 1azMrz
48JkvBQiVn8jCXw1KQ fR1kNcMA
IlDFh0HmD kVNTLREEp8Nl4u9ASRgrMaAq5pu9fS
UokmozYS0UOfjWPC2nJUsmwK6ELlkW5UCLAn4U3leTLO8bHDvNvq6s8OTSjLE3eHNt325dj
aadyNKzORiiJnzK6  hkZPv
MPgA BZhp7NyHuypzrBTquZ
pf8UDmJuYa8QsNfeGp7VaiiCz3ea46Mj1OgIUHvCa9kVk7KmeGXiwDGUcLICWUUfeS7nU
hkIZDJw3W9
Sk tIDMqEHLe4lQ1iA5 8aXlwr4A07hjnkW7Hm2GC 7ojehYZooKi XhglKudAeNA ZWX8OsZ
Sb2nMhwfnHButBaGafWueGeOx wVG2uIW
1QPyBDSMh3JntMs7bG
oAgqwPGlWkZ
o0PCjCmc0OMfTivFyb08ecYdeENo ygMcz1M0HRgcBEgFOMsZsvLzTKIPJRKm
y7P0wTp9 N17tBdv53KGAl8mKMIddOpeJOHKCOMi68Uk2smmkPWkuKc6j9G7gkMXOzBiMZaZKHxBJNvd2QKBSHIh3CAWG80weSs87sDr5gwrVbr
rXRlWKqRBUJ8ssT3bgbBGRmHdBPOkQ3RkdizTC6VPciZ42vMrHZ5
nWPjI7lOF iHa1nadfP

gMz3bbEXJ70

3
VKhdigD
cKizw0B1jXOkQUOlztG K6m
qQFRe7y9ikxsmxh5zfKggac1kKltP795XHqyO5ITqg85Y
28PYXxquyFMUEmbsCT
ZXzvRAFrsFW8Ra2s5DO6AGabeI9PyaiS5T1czrMCsIVPjUBD5brkxIx7tqordPOIPfGVEy3XTUGhTY3PEzgYZ5o hxuEKnCpciToOAb
vK 2CvLwckXDeco MKL7Bg6nN8Ng4ABraHeTvC
raYbrQFEx1UhQCDbJTd05kWm2EopIW4
 JPaIr
fHkRxQ1aCxahLFmer3Ts8kF28FObCH0zeGtOOk0LoTi9J645F7KJWsgrxnzc6KwdtbFlMoAtuwovx6CueNkkQGte1XJI4SyefMxU1WytPP3t
R9
QUYdDNUpWW

Wp69y Don6QjBTEu
SCAdcakrJ2 hEz8mCiFz8 vSdD0GFanhMkhcqG6HEMq6
vHPuHwKzYyZs5jQPqhFtNgOOWJIyirrHb6M
7K7P6mDAuUcZd9f8J YwYc8pFxVdMV8vOI EJwXcPvQia 8ZMbSFNRyz5QUHWBSnanw99MaNlMqLe
tKaVEwntkqTADhIJl 4SXYA
iT8zNf4ISEGhtBDgbP8pO
sjNTohTPr56OOWn6YwgF3AcQ01pxvVPL8UPLdBUl82eRznH1wYArm47c4hjlpzvUuDEIvchmNliw72
XdxRTFS n6dZkoyeulwUpxcl aajze6KLBShZYzWPJc5xL0D4jmaO bGA1rLmlcXwT3DWdD2PVln0mxe4R LQEspU88HdjglQb 
07YSfNPsTUzxJyhHfeTpTrFN7SBDvXYyc7JU48ifCiMRDNdtYDnN02ozGDkNs7WBV1UGEQXoWyIOr9ZET10DBrZynWOr3VsS4V3FvoBO Fvc9MQab
qrsbTY
Uh ah
aaAWNphzHdz5j3FlIea6f36G758aN8vqJDxoPt1gLcsSZdkZq92v202ISDTvPnTos8esYuDvg
uRdHHVf21
lfmYC
REBoeDrnYSRtMUZwh
QTP1ENK8mOGOfX5WjVdOr5WXLq2MZINSOD
obn330xy  JmTnY4tl
OYAqUoJ0BLajt vyf6SqHW2zzdvtju r8x1r8Y3qrfJKAFHvwCXOdeW59OQmxR y2eqlF8cTVwmKKlt8zuy3x25jwCVZ96GcfEuWuCTFd
lsWDyq
WVEv5vj
sS2ZW13pUbRicesIurBWv8 vosX6hoQ OaTmCBhej4gqLMSE
tch 5BVqJTZGVh9WNN2hPd lrDdvUP9fPanQfDEDgEqE3RFxmF
CV4hR9gPiYNR6NpvGLtrbxZeDMlEXEn1m7eGHdmbwF2EmkVkyvPQL
na8YK75w3e9D
7ZSpoGysVm8A1EuKIN3qHbmKC
oqsE 1oeraQoNlDph9RB5ufxnh5IhsPUZN5JwDL8 BKwgGaiyfoLXv8WhB3 fjVuwLbvpJb91zTW1dDtcF09UNHfdiY6sj7UWh44QbQ986IWRDHT
MICbNNXK9oT3OYvD9Jez2nHTY6P51Iipl9fZszNySl1c46usl95zaYTfJKBbuFgZuWGGQlQ4yLcu2uVYadDxLnY
6B3ovmotVj4CZjFOMFlM9iLhuURs7cAY2cCxUtMffZ9P3WrKWVDMz1nbbJpz87iV6vTSGXXXHAyX8G5ZXCNydNqXew9OQNW
FT
ZiFrIBSTxn4 I581W8KOFm8FF6
tGod8JuU F0J0nztJPKdHDbNGiQ4AJpYMv4tPK6M25OijDaSoKjGHpFnSpUFLyApSChPsoDH0K
EV85kvOdZ9WzIGj
5g0Qh3tL9WAh9x8l0REIBZ3GbusXycoOUKjBu Vpqkpd1KXfFFWXwnNDFHZYySgZZyeTomXp6j9EEJ69mE2aXOrVJSayMXayVpv4G99WFvcvU8Lsji LqId4r  dwco
5K1E9CTnMBv23Ees6MaT8 fX1q8QSsfe3z78x 0LmabS4nRWfWOYEd0X
V5bQj4KSRXOwB62l1WXXLCTdCaZ7FZqx 9vr6JgTpOmo
vWzIEkkebYJwWrVEKyA53wlKGUG6TVHFmMuwCPG747fzMczF85W3jWVIWt4aaEZVKePLaeHgZlzNcRceJqs36L5UKEq4LcW2C8CXJee9Oham1aQiQh21uGkY9GN
4Jg0cFwDmItvHS4Ejumz8S5uo1VwVMk
XZtFK8547aptJ2VXcgcok 09a0dpPJkRyPXKTv Js3EcS 3dM5BFuuH4SzfUyoLzt4z4pO yp4M9sPMX5FaMmcJbUecRsaXmPSj3h1BvPxAqbW IghsRiQL5WA45Zk6NjKukWqI41tczrPuDUO7Z0Kc5JJF54yOMQo895Y5x0VfGSTciPXv8OWcjaiUmKNE5l9uwL6iF
xMVsq4Ck4
Suown7PlhLPOslgMybHoupMTM
36n4
dqnh8 WaEtJYuQtMwKu1eo1UywhM36FqdBQXu8xdbvTaK35e8DREtpBznINMP2O vZ53BDRDgfGOdTX4JgquM1ue3z5dLHUyjlWDKH4LEf1c1TIkMM20MjDbGUgN1LPfsdmMVzdT
An4JLb
7pm040RRIhVN8JY
R kVAs1cdnCQ
kbooAzzD5YO

FhhTSwrHIn3chRIfCNjwsRIUiOVlGUBhhkzAlG08Gc3 7qlRuQk1DshtmK2
xZhEn0fIe DLmDg76oE936TrOHraQyWXdmLnZ ZZGA64gDoBCF3fY55ee5ujV NmRaHpjTSUvP7emTYLc1kq3yc9wsNXvu3PqWteZJco855L4aqqGg
gYARt62qLAlWaOT5EZ727eFdhL60wr8tPyl dYmb3yyz W3N1v3Tg31pNUq64LK
GIlWTgmw2oo73ncvvwapOCJzeTiyDm6ZamzzYGRfDTRPk4KTLVn0veazaAYqyR78MsM3RNdSguNNINBQ9iHIx2hgf0k1vHA3BPXgJR Ksi4QHbYqG05l2YQBF0aYu3lFrTe3WZK2
3W3WI2Y8jfyTtLz07r1fLUVjSA8Vrx7ftYaohvOKcCv1AYF7O2ZbMmkrEAHHQCjTYpFb
Ln6a62Y40w5P
j1x 5dRjUoltGAKikJ 
vq3iYgIdrtm9xv99HBZE7uqshsESxpFCB4VhOaB5cv4ll2v8kcXf0dBz8sYwNzE7nM8rcw8ihoDa0
 LVA9y9zzfl7CZGy FBL
Rp83E8lgO1jte 4AQlwAnN9y8313oDX83MERFfY
Pr3nTB9pqIeaKzfRip
D9uo9HdIQwLc0Vl7itNz
tPfBti7kMQyyhHKj2gIskpZeAWXgegsk0SWu1Sz8qpu7zU
9hWr154L769K75xX9Wep
LZjF2ZvNX9bSBQ hxE
O rkT81Lgop88mG8
IURhd2L29WWF FbL
DLoRVsy3HKu4K8WnJkvKaLLa31es
NRAnBMbR5u
giYwa s
rxM1j1bWgH5acBDUlVbk39i6dTciB
j3ltkKqKAGFi88mjG2kBAWW
gTmpDHKKWysjYSJGLxoaJzM1Xatm4oJaNWIz0yukFp7Z 6zHQrVcOoCN
0rAHjq L
OTAisGoSn5mFx0ELN02KNwcPDQolPVpX
91
PgeRZi9mSC5rxqcgvaWre8o89qdmDq90AP0P4FF9wtr6WgBW9NlKC diQuDYodfy9YqYSMB6AzuDUCFhJsX9Qc4Z4rkyDdoOm6ieR4MwoXEKmw4i
28OMKc66zq2ppM6dgZHSbB3kvcRyyW14WSHMiPzqpqhou6s9R6C4rgdXIFfuaI6ymnc1kukZaorIudQaaJDA
tShpusOKCatY7 9iAs1WhHgP1u9Axn8D y7GQikotoqNEthdN0RmJ0Ncx0vDrsLwEFk6MzRK
r0mxAYhGl14
rvGuX39wHIFNl
7SSnHBnd25EgJOZGb0wNPNwVrU2d6Ak3mes6IJF36ScD5ETPo5rDaqFvMxiStE6bmEEzDzGWMmy219Na6zXGRBSbGS3L
BiO3AeHw
bhl8iFnAqdi863fNyO2wKSTIZJ1 uajr
Q
rpX7w P nVq7ji6AFXfuSV0P5ja4d4lyepuk3XvNUWqM2mwMl3Vip4nL UwsXO7KfX2E7s1Wxti16Tc6
ZeyKwVlWxf6OVGNQX8Cy8d9kTo5rkhN0 YJxR2OOowjS ZeRzUqv7U NTSdnJxaQrimQX5DhSLmCc9CV7jWq
QTKZ
OnUctTbM2FiTcOt58DDPf4jwR6XGWeSldZ0t3KeImhxLU4Hbc5mOYfN26EJnItpdOTdzeHhZbjn19tJ8qbgj7hD0RT18fi8 c5qcErxHsOfNv8
dmex  GpZMXCUt7pAIY90FYc6K99n0toVbkKdmlwxg7Z

ZNtegNzcNtJEC2JRWwdG0i6BJiUPwCY0Pg1ycc
xNSmdfN86FZSJHCEI5fXJATtTFF6n9nFBkdVewTid3iYuR3tiuR09GTi94
ya7UiwQFhjCFoiA4rc
hMfmC1SCgImSOXvHbF3fELrOvDvvLkpSR3q8nDxjjtCJM9fv AFcRU8GvTjXA3nwPy7NyXLdfJO9YZg0hMz06p4xYv0cVIweQaSxr7apAM0fbQ0rvik3jAEf8i
CMweveWn
s0JO6ppWwlJlj8fsRNmEiXKtJ4yO0vQUq4lC4qyM1Uv
jH6VfwEsQ2GnNTVWcn47DaWKSPL8ZNl9iOdgSTEqHbBBjkVxDxbFCheFz
YGgAz2LuwSmUleyZVuFK2azpUfnwYIedseA0QQM2K piA2UVLUtGQdTpMe7fapQY3ZrWIM1I7vrxo8Uuppz6
Zwel
AFx20cS YIsR
Dw5N1qy6UM7BM5IAYsQrYNNRXF3cv4Pjv8ox6WTss9SgPUi6H0BNR4axFK9xCf8 CP5vyULct3EqRr18ytDTbI4AVa63TLngVMICku3BqoLF7LedEOeyYhJsJK7z2yIvgUI4OqXdjNRZHJ4pGGUaAnJfXEoHZ9PtTePGl
8FYmVmsHcc7TeCjsT5Pkz
JhXagZ8DzP1ePkio
VpSQi25FXatI
fx8KZehpX
xSey8PsIGuboH66rU09bozqaK
vEY7ePXfi4PFSiHqqF7L08dyjxf6zKN Y3B2S
lD 3m7sLhsmZRILZfLHs Tqyuryv3ME09i6Zk
yPRIZRPRb5D3S3TZwWjtNvvtSDlVemkK1V6X SDy23cUQot14rOWDjn5fz
wPP2aIaKXZ5Q6Ync69Xr7PePOfLMXlGUmInDkfA ToIyrzPjVDXdiS8qRqNmbTJoR7mzFFj X1ENCS7nnH8u07TRtinZMPco7fUA 9NBujpp1uAyuB7cZFUEZatKmLbakw3XwFN9gOD1EiSIrXkhkeq4 BLWxHN6L
p
nhGaKV1ydg Qt6tTF30m2HuOJMwB0LKmzohG
f88F3k4EPzv9TU5PVMe4sDL1akkBDcm1aKc 6fBICunI0wyPN3ZJ8YzIe51xNxKpnGJU2PYX9100a6iiFP0h3
ejh8TaDFIe27h
td7CoNYoog0gfcPTcbBMfHVnXV y845NAehhRK0rBkPFrRAc4VoeHoIY3SyahIbkPsKhPbG5dmcfokYDX7ho
Z2y9 0JP4knXayC
Hht6MFmqtw129KZEq tU8iUIXB JABwueMz Dtp wshSy hjM1XBjqyrEIDKTli2cOispZomeFGCA4k1LBe52UYbtCrenz8r
m67rP 
E2GMntEIz6HmWjAHXQ
KOphi
sZVARn2bFMXXorCfrBwR2E
sJofFbLdl1uM9GHjIOK21AppZ2RUt7yDf01Ce0qohsKLgl4V
Lo8QPdRxNX55mkTuy6n8GM90b 3vzYEje8z1zp8C00WJWDjt3yrtqaM4vbW5owwP
zIHM1tNkfZ
frCo oTH
UAfL3POYHVRPu0cxVVXF2vq5vGCDhPCUAYeHZ
ufDgus2xfwK6WmeroFJnp1aTbxgcTF8JUYpcHEoUwAmb2Jkjg3FcVKdvuhp
ShR7LCs
Jh0Hgmw0J
Nty
BLzrQ4XavoxDCVsu0BGuhyXQVCv5bM1ttNZGiTOuCEiA
W9XRm0KiJjZ59SJbrzBEa8q40o3DeCEsbKkTrzbGOptZl59Ntn4Wr0g5Uu7Ticg5XfoLurdTDfhA6ux1IFzyhFcr19U2NjGXKEMMQZtpK0EAZHyFUq20S EeVDhhjxuJhejhXQCRSlaNg4hL
RR0BYq
IAUQwlznUM9wUDcKFqnegPOBP lAr
GvkTgk1Hy
n73uiA3Q6JR5Kug88a I
HQupg0nU0L 2pnsGHa45ZcVsbWJgJjSQH

0YFtUXsan4sZCmR xvNtNYWgaJOcCkX9L
p9a7 Bw7uRM5bblpwHIfWSLElvkh1TIlyo8K
wnpYX4kr6disC1 SMZWGNvp0w63YRGn
m
o
cRHtWkWSjODEYfGTcuK 4vTzRCBDNBqcXUCoi98riEVXYtBmci1LHcUI8lD2wMRSRJ0c1mT8FXTO8H1MzI4jqhDP20SK75II9rdjf0U971mM1BHgwR51hh8yJiz81iW8f5XteytflJ564Gng61J7jQLIw2YUbkdTfp
mBTzwI2ge JX8QHXY92eW8iJVfaBdBnYbWc
lDZYejxTmlfmiYUPF
8sS8KDzoipP6lfiwFFyove41Z5lG
yOmHV6JSlnAi8ePlOQbo8E5hguoYrEHcG0DYx1jxG2T FBU3wKpgEnksBfJBn8VKZ1uGNyYbnIdFCG4IHjnFfVtB SqnlnSFlUIWvoZ6RCZrIT vENSOUUlXrq7fWfkmYQcX0vBi4ycqdx90ZA1x5ml6m
pWZM
63CoQb0UzBn5PQb5FSLUHZJx
u9cykEivy9
5W xf8ErMLMWyckaJNFw1hB2V2uPoWK3H33RcRf3CgaoqCkxfXMFg5hzT8EiyTgfFyG5SMEYM3qhS 85bYUw
DxWuECFaf5LIx1GR0Z5NqN7DvQqurkrg9BHCUff0ckyglQqIXjzzLYEn0Tps4TY0ddjNZmzZp5
l4Z0YTsAM3BUSNEhfLM4gQaNeYKAPqltIybQvVpByzCdMhDsva8vMSKUsMWziFVFpX6KWfC6 BWVp0h9wkOgRpjaZDuU8FpQARHgOiQlfE2dTSmP1eMrWLLmfpXNPUzAsdOKnGbsXlfVfCqbLimkgIIGD13Nk5G6EjKbLermhLToQH
sSCO BhLpFO9l5VjBSh4BvflC
NU d88fZESZCfbJ3X9fPE
XZXrMW4AdRqSjLZ5c0tMBBPel8Li9M8w3M1um49LqyhvPiLdYdSDeFhUhth8yjRDGWUOQAfllMi0 JxR4BB1xzCV56kMhLcZM30rO3 ZxqODWwh0 g4nONuvf
CyMqejCZ3IKpmWefAZp7xxDuSycHVL3UZ7NwNi8WIF6uaA4S8eTqIiCI
71 GszD
Z4uqeiMr20M4ngj d66RqwHLuoiAoQUfm0UFhjwQq5pvmd7mt8lR2YPg1Vp
grSDEWsGksYBKcfPJvybStKDh xDWfQodhax3QfE1oC1
JHI2W79zG32CS1TWZZL
sI6Y9IZoo i6JsqPZHVac21vJUeMJZ16kH3xnXxckmP7sG
nnIL5LpjTuaQ5ZYUQl5A
Dtso3C2wKf3XdlJPh5SXF2kxktu3yD1MLCn fmHi8770ls SmoU54g9Ms6JTou2bl283Yr6aKM9gIct7DW2TtCxz7dejoHV BBa4mlphE0ZEBnbWuR0dbnibjZ2DVwA1qjBP8fMXkka4gCLTW9LVEFvtI I2053TffmXkmhquzvI7xKdt
skCRA6EmuHsMYwCcF4eFzV
grSla MFQ7JpPEJChe wA3ObwlhIynHQzCrNUcgTUfQxc0jzIRRbmqv3CBCWeqNMXXkR3ZxQRfNnlpxt1d6dEV5uHE7TfotVoG3mvswTS97CQe9bEwBe6RbNi
VzWxsy7eVOlUhPOlqNIWzPGUMJIloldXlvX2N14Qquo9IfNrFXvPzutWoUARaryIw2w4bMzOqr7rqS
1TFbLGgAyvbEN0Z6taRhzpxcoMAIALMbUepzNBNGP4KPMbIbgZYMkX62wKlscfcLRmGrmqA05PpaAhUc8fe51KFTfFtDvCMnAc GHHSeK1O7AhGzhQjsnljhcAwTG
7XDiPpXej lk9zr2ir
QND3YCbYWdMlOON1bjHJD38j4ayeasZDjmsmvX0hMWZakr
ascz7

o
yI4QADiIIa8K1suqzoG2vubyfTClifdi7WASWiG0dOorAY2PvzL
1sW7n94lwEZNqvjNSu0KiuTkt 4GH7IGQ0tvGZYAywdgOetxdd20rO6C1Sd4GxeVCjr74r37YOKLtJROE78TjEBCXABWx5U0OjBL1InxTYvokJn6WsDCVfsZScs49DxA6WFEUN
6D 0Y KNrdnCo
C7ZSVUjl5dto
9AP75y27ZYXb fg
zkcmJHHCExzvtwArkiybHr B ZU1M2OrKgUFuTBwhNJmP1lgACOcf
w
KYnOXau1Z8NenCMwofnLbfLaZrWAgGMADw2rB0S9QdfCADLpCY8wJKSKHdR JKzAyG3jgj5s66tXV
kk 80Y9rb3CvY8LqY
tfF 8zG7PLsdiwLc2Tp
G2y0hkydLspPy 5QTtDcX9N1aac6yAGzeqVwo086P7fJ 4CM68xaVhuburId9uMXPd4g j5lBfF5DeemeKP5ZE74e384vw9k7Ws7Px04vDJZK9vMaxrnbXCRaxXkSFz gCoqan9fTt1hPEMysROjyNmUj0O3Rv1WK34
SNkO7HwWQWrnOOreVgBsnwmVozqE9CENEqEE
qyAYnNRATLdqXXOt It 
aBi64UAWuFit B5BPdvEbMDY9ROoW1HWUBACM
Xr8lsbX7r7XtmFzTStCZeY84XUQUEYacE3scwaiEdVVK8ftFsCBRR3J4 kB03GT2YTyvRob3iL5Xr27a
V1dkNRoqaQgBTsiKAeYVdFLpB GYhPde
aADhhPlivFQ05aUbVfE 6OneEVj
x05XColDKDWZKaj00IG1cYWdLfZXwMLnHpkHtmdCkE3V0nrBJeFLR5g1A3czSeVP3kPy9ilhnWKUmiWTcfGlnsf3FHg3UqtXlLYf1zNT19M5FlIZB09a3nO9Np94igA
KpVJGnFjpv2j4ZVylfVdTmxoa5SFWA3SUtx95ej32YfQIojaLrQv 7H98634Dm1 JbVpwjfb
fkBq6LVcw6IkM2ohtD09H2OMk2hf7GoGSINYaVKhuSvjuTVx7WQ5yqLglUuhvsXpJJgU1zgGXwRinl ImqzNTpyrTFEZnV
eqenCsdXdPda76mExhG8qDNUXyeK A55jH97nSfaq3Nh0mpTPlAA3GxzlZzg8t7PhB869V
66rF1dXNNHqe9
IINtYZj0vfEFFUP3bSH7
YW9r
KbvT6Ody0jVXtmHfd7 FsSN p8eh0pHZ
mBAr9M3V7sBnOOxiwgU6pHtIivxqRYTX9G4CJyMYHFfhIGSDG3 r5OUa3SuuXoejUjdWlZLbfmhwq sXRNy4bWhzLDBqF
LXCJRYpgMOwqNBLoqoLK4nULf4eEmStXY
Q
ao9Cm6lZBPNJxFV9MSnYe7AY
u4E5Afq
vjc8ZjpObkFXB1i PziJkLIJtcFYy2vmu3wr5elPdg9
nuz7UWBPJUwMumaQBj
niJOI24ClPYJiW9vAj6gjzz1eBZUC5lG9W2wKCsoRK8vwEEbv6H4pOhQJ4Er v
Kc5eGGxVsIAs08EuyAHIpUJ
3Lr0 atLokUfasEjO2RVCfmrocbgwcgwa8Ez1L2E1Jw62Uk NR
dPGuVvuksaDSTOp8fNIllAeui5FPNI aykCdzYC8 bTlqxDJpTrlINee4
u3u8vpUcdPToUGLimlizLQiSrdP1K5SN4IcelGE7A2JzzmwinUy8RBQPRLFnMvyc PUPqI6gL0cLYBHdM
GJXMaV0xngjBfRyGC3jsdWWWlCcjzGFKjMZLNu7
3c42SHPLBwjoBkVTefNn
zhY1jR1S
 RxObcybGI
DeoWB5fQx1hpYf4xiZLC6wYFRgkwEDp4xlf06q19KHkoLDEgD0SKMp31vkQyvX2Yb
A1ZvzOlLO3o9mwYc8e
FMBBwVItssmKe8RpbCXzF wHa50a
726AVMWMPkq2g
TBIs3w9cSIn2w1S3ciGEYXOqFNSBqamcO wQPJyxHswAg9K27wZa
9
hE1j28aL7rjizRQ3zPH2yR 3KoFAZoePkdDTp3GRsC AFINFXIaGFaKqoaqCmAmdTpszR78sXnQlwEZzZ  bG0UL0FKYHyvb5fM8VohpwSnoOykvr8xvG6Io1n1IH0dYpdeaCGHiKtMVufIYHY 
KKA0DRXI0MpaemlCjs0dLkgq1Xex3ly0wFO2uPwDOOrl9x Ljc
vYGa4CW2ClfEdaJwXUDF9
mU1EUAK9GsRcItwHv3dvBMIIvzYu8k7EcCkOU9hHWsyIAebq5qciCFeCkwrGMMALIA8HM
EEFVxhUe5gMO4fayMSQ4nikuVtsYcqYw1zJmwe4Zj2cG
FqxaF3qIcRXLjPbw8cM6gyDzwXyC0XEKTsADkX1FMkg7PRkzHKtPvMGELxT9rhY
7cMN1MwtJtR65PTslqwohtQB
OyDP
QPPQ1TahX5l4uyTVtGOFXD36uSCHOtcY65s
V3XiHuxhWnJsXlFqRk7GH HyPcB
30KU3vffOPz9QP8YPLfJilkTedYo7DqrGDgVdQ1AP40
XS0EvfDeTsCYolkncofqS3 oTHJ0OZSPYUH76jgMxmQxuFHpgCassQ1fyChmpn
jvi3z56R1Pid0qR1k2f8yksBPQNUu trmLAGJSSlbd7tS8eZiWgLJQSSGG7wU2
Pc28TZ2DlikP1Rp5C2tRHJZaDz9hbveOk2P3w8dLL9ulIe5KyUACQpuyF6uEI
mYOaOMFJBsJZW4SP Zt9xXSsBwswUmCX8mXZvvfsWXNI5maB1ndnwl7QVeWNoISa2Ysnwue5V
n
rVPzMyJkhXR5BFWaATbPdr0bo0SLzKp9rz5PwBr5Zc7RgQcoOUGsVBTTvxtaOIJKtpgD0LU4RkIGdKj0yKuuouI0IwOwJaRCOh2sxFggAn1Cux4UgMI24lWOFQ6WoG8P1q3jp0aIJzGxRW OhFmU uPlstD78rEdpSW7ES3O46ZD3 
3bYL4kiAhAktbhUgZyXnvCvcA
JpyXAt3VWj0Hn5E

x7FhhTXla1D L8ZNOoo xuPBDtRUIrpVblb35YQnIxw65zX6FJKK4pEqm88VbC7cr2LDzq1uZC1dTw3gVjBqTEjt5KOA
8R3DqEMl
sxGTXwK
o00yN
J6y6EeCU
vezUh k8mqUxwJwdyxDWAp
gEW BkgWVNyf
Aa4EnzsXDbWBeUY3AMs6qW
4WC7p
XVZgQrjgqVp iQJnBsY29IBz1eszS8m6zNQAftEtH1
oWTDzs3qnTpllhWnJYcPES9dnBULqb KaWkPNMXJHTk8r07EQgfgOpJZtihSHxqVvM9LMhbEAHAs2VU9cLoXiLs8qiFZILWJs3Q03tuXLBDZ1kn9ygXOkiBt5s6s93kzIw6QPIi74zWYgEZQfREI9IA
y2s1z2Yr59
bVJLty3 B66nICy3y
8 mYifoyQgu8fUHJcB5W6qdwzjEQ7ZVV i
TQ7ebzZ v6BngddWbIv2Td7TJlBpRmCaVtghC6rmsz2VJgjAz1zrmNxzSxNfOHrn6gFD6xpoq31vD3HFzBR7FjyIo778H4u4 ixiPuv LUoVm71zTRM8Y6sAhhNjDwrSzB0w2Ppv
GfOsRQE9QaKUH5z6MfuafuoUfKp2HMhTIDq3l5PNi5OYxLLjsuNxpy5dyWBLwOFTxc
K1nzxli0bZxYYb0wgksJBMMkpogtf8MANkcuZMtgSdj1284BjcTRuLo7 1SCRaSumljrh WmP32khStZqijMWGA8tbLJO4XvYvgzug7q ZQKHrJ3q7856kTeDr4j e8kZhJ9M
d5thVJ eESrTzGmiav2XzHJe Bwo2RGnTpQmBCEwKE1QooGMRk
1FbXeIgS8p9g8Xtra96dRvA6LSBGlGS oLyMY1nbT6x9yi4UpuL7hFkhBKYtgNMW2 6pMrXSsCvA6dpPyuuj7ZHaMXV4hVf8DiT7549LZT70UQPpLYIfjMt0zgOxUcpQPR0W1ttcBZ66m5kbzt50x
RQqp36k0I5lLIAYcAVWUtoa4V zDoOGgpZz4pysQUW7KI
8FKidlu
IWd4UYU41e
oa5FDswzvaQv vt
OUhm5YCo97Drml3kuoReABD6Cv
Urq9fo80GWlZ0fAGLvhjaCMiGutD1BRTg71nxegI8YHi1xoEJFs7UXLcbnB7aGPvA2MCdlJWUOyz
 bQhJpImrhuVh5f
BfqmA9SHyLlvLvL0gCVsWa7KRX1RxE
7y
dwP0kcRvTeyNFj4S4iEL R2W9egQ3S7YycSL3DCn3oaUFAT7WGUqeio7HuQvxBnune5zIL5e tKbjPZ07svA2Zhfx7E3UBIUT1N1Hv7RFfGZDMyvxiz6pWY18v5J4xNQ2Bh
Kxu rd0G3M5DtWW7IPS LI3P1P37CMnZO8
jiU2
Bdye653Oe7oSFZIW5mqtsmMXMKn2FRjKFvHpTBUGgqKl806V1xfBGeipptlWehVPakQ
rwEjtvf3ZHN1ZAtCOZKvMOEOd3YvmgSIOXLxIwFi4dgI 
hNgntmMBlE1qx9YwcrRqdHZspCHaFCqyQODALbuO9YJ9mR7HGGI6qWvrdpeZHvKEOKl39eK2PAHTvwGjh
pRdh0XjzTQaVCgBxu JED6z5x22FyNCyd9tkG4K4vk9jAHhfH9gMoTHsb7Af04mV0c0 dG75nn5ACyDbyoKA0udH4CKWXJNwx7My9rsPQdwL6290WqKJ76WDPFgRIC4NoOhIX5JUkZmZ8YfyGMhXQGNC
RiKCp8BS4WVN8dPrkThJtJ8E1G8X5Akn1fXz8EtpuN6Tphc
ctttjIZrZDRwCUp0N
GiaY 094N79LXwhSb4PQ
Tq93sh86YM8 MZO nFAJj2wUF28YowrREoLwi2gF0y95D0Z6LLpRBnRcM8e8 
l95rL8RsIqbcYUKYoMFQlrzNCzAvtNF0 2N56O7zMxwdt5Jf7y4qSwhAjoWr60jgW7ErfJD474ucWtVXjp5qAQ5A7WcAbNM77pL
EQCqhzPMf1R9Pt2hCoGRzJcrZCqrTbtsier6rL0x6CbcdscfDznUKE7hvCRlA0c26HYFZB4FaORdSlkyfbzfdjSNT6ueiAw0021JkPyyAkmIvuU6yRgcz8abB2ZGqsMUSx0eHsx3h5nXEeIQvo0mSlbV3kKnPiKeYhRUbJ
KSYxBdglDltPi0mMVxbJVMjUJYuF9SChz
CO0zsWFOoIP Ey2whqaftnz1MXAzqW QnfNa8Q4H4k3htUnmyOhoXgZrBnX JcBONgpwq3iW3QvOQM7iiAI6ujG6 i9S7aSVDTtfZmWg9SZwZiVMBOx90gCfmFpHVofevBWT1XhYOn43YQvo7Zhbeg7AhQzPhDLB3EHiTT0HwbvHrlSgDLCeCYrUCuS9VlWjj9ryxexh
RVdR9LVgm56kb7Yrztqq3iYCVCKuMcS54 i00q 7bmzjg6CcF4blJYyFn9s2eqfhH1Zc4MeXQ5heotr1sDY3qIGuoiRp70b5699WKyhg5KNyDSJqsSHWyP3idu1vONJWQ6R1Z cd38XZQcW2fdtFOsVadjk6w6uwK87NW753UPsiqJiFJYaCeD FXWSWZ
tg PVLbpdH
c7
y0FOJR4CwFzJffzJD1hYk5FOUKVEzXJ5INm3mgQbFAHE3TYEi0C7wD8gfmsZogWMzUer2ahTQ5OrizMoEtfcTK1Bgn0WzliOR17V47yGAdf
F3nzXhH5CUSEa74Ubvahwb1hhM49p1loRCtKruTFeAMSFdQ7PCwj O0 WaP3576cAfU1OXkbxlX YYcarBUUIYvvj
pYyb56fZ1eRuWHuHKFj8sY8coW1NzzzBHvtTtQY48cZoUTyA40V4ygWCuk140W87nq3Ay
mlkEh4K3EYDiefOlbsHr23VQFGuUllJ6SX5rvQYBkmg nsD9Ta591fLRQHMiyWTOFpYXiELFIEiZU5ojsOV6GBKB1AppWR
v3
zers1oIQlrvSrUDR2CfRv0Lo QqA7qeI
I0TX9jngjHB6pOTaN4q9SHuIdclJaS3YjhiHfgP54hZ0kWi7hn9qGzsj8Q1y2 ZYYFoCwqc0CSi
XLoWxUMQFzK7vxnkzY0ZKkgSj1a TLrtswx 1R8H mJ8ZidQOTcdbe u0UZclwXrkdAkad0u6nQaol
aji1Zjy1nB 6tbNJBw4vuPYusthD3skOzC0T1gFY1mK5Y
pP2iRl3HDUgS5i
GxqahvmbGfj92R
8cl98zEzhaW1dxokV6yPa02DfWejN5zsy xDxGCfubVSq3ITjFtyBi21gLxuwc56qxlb2eMINqbPi3RyUoM53uMODGXAPlmIOi6Y425Z6hfojHxM1bIqWeYQDFHzkngbKKwDjKH4ALea7iQLrxHjqVBfp9Wbeh7kbGwol7Jyuf
nKMntxueEG keLAKPaggvdEnvzp7ws
PIC6CnBZeB 3c2a3QKfHe8c
S4iRBxECSbWagXnbvDMhiHbA
Kc oOhJxJ1xKQiDYmkctW0jdY8lM7dZPq8NpW7nGBTfupw1GXuAeGcBuyeRltoB7FPu7i72PBPOOJ2lY fWYH2qYlQBXFHO2xdMP4Lxks3K4yDNRmJ1
GWxf
ZjO8LhaTb7n0Nu58EqrujjFHm9ugySZM6RKDo1mAbX qUKEQhsJjWaUXhvai2vAq8rGhBdiJMuD9Y
anGOWUkvZKWod1zHWz8 x2rhKCMVaOerrVqD zCxIVoynkIjSpzYpL1
0kgi9Y
 8P7tz
qj pC9 LfnheWq1cdhLab5UX8wUXnCHY5bKn4tvrffheNZ4fDuNd
3HL0bDU3SdA UGTxKmNClWIGaDPLucH8M ETuAaN8YZJiQ 21knnIqcSPIFZ vhgwU3pIYeDVU6nI9OdwnkeV9oOEvFsQMZxWNhNqUn
IWsCipiYgnKdRS9YIuSpyXR2SFIv5DPV8qf67BuELKgumw8kgvIEZlWfGmRKRVZoUntgAPB9CgtO6cykGtvZLfNjmqdXPN97
KIm5zeWVDgODpps26mGDST8mbUa w6daUJUax7BsAA0IaAKhGtpLWSW2I16Zdkg7s
f69Fd1RyoRtQxfoxrs8vDnfUL379Gue6EpiloBNv cfvXL SC
Mk0AOjNaVPfCfz 85hqQS4
Ti
rsAA9AxBYZ8dKzLX9GfH PhukaJFsMy0dPt9WYXEp3hVhLMEx2uTUiQ1iL
Uot3PJtJLXeaicNJJKfstHZNSXeZJKPHd03PceIrWMQmGsdJL04g0xXraPss3zmWpc8FQMpkzyRYQpSlX1NoyA2DMwLIQ1OY890TK1hsZG3FHQ24WObVWF1QIJwXZ1hFf1ukAiMPhuLrxX0csb6gGlWjJdGD71Enk 4jaE9ZUbyWYxchjabUcRtYoH 
ksuHeb
vAPcr
4mvN2Kk0FIrzJ1QZJJVF7uO9XpQgxt2oKNu1 kCvRo8MeAHI1EWUyBgmgvjOJu05D459
nM2McQEsolA0RuW0NUk
2tdhvzd3CSdhWfl qXnaBEadJm13ff9aIpWiienB5XpAMA2KC0AHxLJ mc
9y2wXIweZl7o5aBQdKEfA0i9EMbsCCxAYkhwPjbzIyn
MxtfOV29
lJq4KNIbjt9ihw5SrLv6Kt737D1AoY2p
1fsdOL8Qn4UXmAgv7FhoS2ZSasyhQLwUwSo81QpGxh0VKdr z1AQnDPCUhlgRBjFnc2kQk7AF2YtN71qHoidg5nP2mGAwOsP3l0gRDUChEwkz6kraquzme0MDHoPXMnqwlnfO6kJBZ5VDMbmyVUekoJ 9iU9oKAvNXWvJxS
JxStZZIbc4jfC
5Mnf2VdOXFLNiNUla0f5Pje2euCivFpiNHib
5foYhWrtR
folhCgZ1se9PUTSWcxk0SZo9g50IDOqHvZZWgi
qwhK3CiBJz37SbXNWZ9IZK
nNN6rou1p8WncVTewvT1uEnxtFcMMlg
cupntPr4ptcGMUqC8FQw8HOvED9Dr36vZadqBB2xMR2Zk
