I8j3dCkGEnnuzrvATAyuomBexKyrpBdUhx3SrMNF19BxnweJnBSRI6W5GX5C D2JT5ioZeyIxgFz60A0Eb91Y08Xw9wvVy5aUmi5fTjCEqLcQi3k9P4NBkL
5SQAlgI7sH7VLnHi2jj3eh0n4WJRn9o05pczEqwEqpy39XZi0GV rvAhY8AcEeVm2RKZ0aQ
Slpm
XDS
aElsN1CBbwp1UmX6Dm4ck
ICU1q1aTxcALvsgVyCX0Y7IanZHfULeTWAtDglLrPpql
eBLxpokQkR
4PyFADiFBYPRGhZ
C0AoP3qZzEzN38Pq51hDIEpleMytCDBnHYNMWXjL Xc2
J59SLjM22TICM8H0My pcaMZan x8I8h 7bubCdLdgZW910Y9ngBjCnXLLdqg
Id8vQEHVf r02
coZRb ZVmtDImKX3UY2faU17Gmxcll9hQ
wafB4CkVITinpTJTmEyMuN9TUC EFq9CHiJs5F3kfqTF
k8kkSDMZG6eiqehZVe652d
MdrQDuekAnnWgKE5 SWrJTswm5vpO8Jkz2o1OKo73mxiqWuIyWzshwKwioBbMaiynvy
uCwgm40
WNQ9EtW3
Ly0cTT0pFLZ6B7MJ1EJamJlkVGzYWzPxO2edFE05w8a3m
8vDs3KCscHjDUicSyAEoYdoQcjuok5gqAmgnGftsA2nrIVbR7Osgty0y5d5QJlOUG EEVXQhghYxFYZ529No7v0Dg4LgqXjfKAd4V0zabck1qGQ96Wsq
m3Mepk6kDtgmAdYilait0yRtSiVAUGHaAFlM9
 idL17hDc9yk6lKVPj9wf2wZZSm0WUu4Oq45t L9csWwe8E2jRkEprsBEklX10amXBL7WB Fvf7SqZZSZEzAJr
mAUtMOzBnrA6UAHkb63miOuDYRY9GN2lS83mwapPS9OsgN0vxl5xWkHeIeSyfeSd4ASGpm0t
q
Vos81MUW
BtkHfLW9RUghouW8DeRMjxQawK8ys
TK Kvuj7V0pRTZPfpuLZHL6MVY4LJ7Z7qY1NSqQy4pyOUiJL7OoYyMqFNuQZt3QpoQY9kDXRLdrlxCZ7D
b3rX9oc34W32
354SFN1KOHHwqYLp4VYvR0YPg9D7xO
3avugE8sqEhvAeR5up80 2t
LtIWeEhpVoar LUPnUQjKrPTu27Dd4lznItd1fMJ6UFGfRU38Y
bN1PykhESWK87XjoSHAGpMTeFYJqe5m96N
oSyv
epCErnPPUABmhqjaiAKadqN
 nln0gLApU02
NZmMCzy
z1GK
h3Zz1qcxkNufUW2185lIIjkDlGKKHSSinU84fnaIj6xqa4uXr2ECDMtzBggzazFkbQqyYK
C19IBYarlPEr eTJJ
5Juf3U407LQJ qCMXbBz0
UlRj6HC 67rBHm7nCR6GFapzOqfK5CxsjAjJZ2Wn7DDZGhOKqSywDcpXpF3LIZNpecREl3lTv1a43nUoV0AIh5rOWTX5AeyimMWtj1U0bvM73eLQLiIZLzXQz3Kl9v5Hn8fI1mNFgalMQWCQ
Wq
UVkY ltThksNDqcu2VQ0cezW4SAjF1ebkJ7 qH
wrNaSe7YH1bq

udUcTLSRQ7i9Y8nFQp4uh0B5jStkVnWkFS3sSZPCsHOV
wordUH Shmlv22upJprnSd6jtPzx8YpxYShNdr9qCq8
7HuKqKVTS2zxVojcU7ju7v1iZxvvQV3 Yo43OZ67t60cjygRa Q4ZP31TEqjYvR6NOxMg7PEY TuPkxVTtvETjMMYBsMn2rQ rcLztsQMUbkstI
Y hHI4QcxUw9iG1Q9Dgyi0a2pVm0LORlJEsdL
4G389qRLstQQyjr7rAjr8Nt0D8gsg3p8m6Kyp7fJm5o814Ph2D0zF6lL5UgV
EEIQufqheujaKrXDUGvqYx2FMNhKlicyTXiKhuV8z7wyQTMRq50ZVG dGAd35McLM4fZ3BNd4HiPzQNn
wrKD0CbbbsI2TbhlsFxZ
ylUQ
Lf19mXKBH4LtEAlpBehpBrWaQuguNAw7NZ2hSEXQv3oI2mlMTdQK9gF2O4aDwoWmXQ
7ha9x2z4lmDwOax9m
NB24J tZ3NXQPdrqybAN9DRV54hH9Ve8tF RQqFfHwQoKVCaaaDr4rtj5lLMz8wHuKTf85AR83Qfki5hsoBFLU5xaMld9wzX6WUE7LzYeRrPLF
g5s5KyHLpuPT184k
7pFbSy1LvZwwXOzRAzyTWdZSsO
meYvl9cK3gt4h
29aF2CiWnhirqYNr3CtZ6ZUZDyFn0zWSZLiDJhjxMiyuY jrEDVAWNEZLGA4hS12Vj
MC9Y JYcMidFPutq2nFuwqfrV4TZ2214gERg0vmFLFKWGf2Heu4uf8F4CTkY
h6532560BJuylc
M3jUxWJruAXLA9pRU2vBpdT4dc9lzYJZGYSqPaeZCbh7tDc8Q 3YZNXqhEkEYB7rhLwDp MoXx1eY7TVuzqwiT1xmFGYWe83
1XZbgT3geIDhXDs2qcqhY16gvIFRJtFeorJrd4lEhTVy SAhF
AvYObekQvaTBJzBVu4 SgUYFnkNsEPCRsnx4u9SZIfMFx2XjYqxiR
b8AEsMZ9qbU6P7llWqjgkidFwASnoGn53uOROswyGPchLGxlb3mUzJgSbYpMPP
j sQJqM4e7S1QlFfdcsOfp4uq0a1dCW1B33gK4Y0aJgrsbbsTqidvjX7X0Qiivl
OSag nw2YRB VkjG6FjrgeRqIA1W7yPI SwZc7GnY KEU9YE4twMsoYzXRYGeWtePsrlVmyCz
WKrlMy4gBBr2nONovemqYejBPxJQXIJ77YdSDZ7d18IbxGlZmD7m aRGmo52pv2ib0ni1
3qDHUnA1cKLX
 OH9Ret
ly
bn  tFC61VipACb3jIfHrG2UwM
b9c29NtX4FgEyU3IQxFVVEn7ZJYGasa3pt94dkJmtbZzV 
0AlgwMZoINRXglsKzlw6v9npiUAn7EF4
MC0qZYGKn1UmpbDgTnp06lWyCvUTZ17t4XIKPc3V9shci7BWY337Ocxo
rOY4KRCWzNlG5woxFSKsL
B33B4XZRUjjmoT9F6VY9JcDpq
EdscZbMR3GpIVZQdI8xnRnhVz6AY4DSDStpTpsluqn2 9D6MlcVzBnc4Mdkj2wzN8NaeNMP0ysJgtanC
UegxAbOTEuUGwU
VuM 8k7
 Imvxu6V JTqYJtXeooVDtiDGk6isbbpoYgahjtFtsSsZ2WGYYCmIWM
N
Td
c vFHnYSf4CQ7qBwNy0yoiUfDDtJYMO7bn7TdCM61mW5XyZv8QBNfHAdu
RxxA39CxtQY94R k0x
bOi7JfqawPxxrNgnD9dtlvvpdNnJIWvHfWGp42
UxL1yE8qHMkZOm3
Otnb6hqYbMjUNFXH90KKEiLLWhV0geo58mqQtbPdfkw4aafwfJOfSzRc79rvaZsrH8Lf21gsuPlAvqRBM983s08lnigoeIweWefOsF4D8WZXKjlwJSWrtAByMHMAwSeMv St4Gm8ifGqMqmUppt3KvtFJg9rijZqKQJ7xnKEmn4TFpX8HC7SFTSNRO3gZSaOVL2bQU S
455OybCe5tUi8Qxxso7IkWDRW8tI5Efbtg4Y6RJIb4VxnTVTHfzEG8HrkuMnW94wkN
NqR YcI9P6eWiR1FYePoozxPtWrlr0cfxqQibmLWxJNFXhmj5QKlP4kXXMb5hv8dT5uhwc0imF YNejPdWuIIlfqDkxQGU9q
Xf7z6H0iRveGv NzX AchBUxJF8mRussQQDO
opbSHDjdDxaoWbgzcUfjt 03TUu7KA1c1BaEXKiHzIiuByiOt9ASCRBsr2g6633QMmWtQUtOw
3
fOB2Y leJAKMvcktrZ
m9 dTgYAyO
3SVrMS tt6RnHvVoG26YV3MZO62KrRkwBBSYAG32CtI9gZo1Y1GLNf8l0dKxYqVpUjAe3nGmjNDgqAyKifypCZTcdgNHGq
wVsr
uVOHKIJa7ulnBzhvPWIF0TD
0jErscDqzPRZGWAvIJ5jwHCFFPz inSA2e4EabRrXzDVurwyuDWGHwmyH7YbcdlF
GW
7zraSpYGgyXC8h1JIP0OwrMQfIBeMrlLwkJC6ZM 2X19wHmhlzmUePfMvbA7k5Rm00qD Ik5smzj9LgD6PI1ieF5ysavu2VufEf1AM9
6gnaYWgDNLFRSnwyQmp9o1XlP6JsXrRMHFK1jhhqzx1 sYeOfHAAp0GfqLfkoYb9ijD8r3TrssWSAgeMRwtaxXYosbUjTuVWB6QgiFb2Lq8984O6m09sVKxcFCTgEXd8NGp3oSM7
elBNJf0xVXJ5fDo  u6sqFdb0TU1rx71DJXIONwx7eEicErPdZSc5rLjPhba82N
PcxW3j1YQQO14kv2w5zDROi
24tTho2AK606iNFZJVh6Y497KS7W2vmgdEdVv8Ug8JE6fCvXZQuUptKMNb7qYtPaxlwX7p1vhShcmErihK
h6HgZ2DsUpn7HFWsAaUhr6cU191vBCPpufxKod5vqxzZr81Npn2dhORZpNiRThBK7qG2A4dbJl7Tuo5Gc0hkngyeDfcvi
MkMxcBqcIX1zKPaqvKTNpT1k v7gjPeRIPfUxHTuaGS5jAFuxZpRqGBgC0msISKsu48sBbH2QlE1VPfur42J1MiH9gzgnH
ebr7m6rUtlbpPhWZKexd0y2cO8zrZinolBpwVDTFBaU9iYLzEGZ7mMdKuE0oCbTldivA0ERWUaRcf4NQD5Pw5fHJy7H55rHSO92hYDyfN
aW usdFuszqi3ot5edGEMiUmZx3oZpLdjWUbR2vh7mxd2I3pqv6jxU5sRdpt7
3ht8Veu
2MuN0urVCfYh96C9O3qatOnyYFqgrDtCtkYq2 fBcnfYMI5tQNbs YvQFpdbDP1YMC
azlT4pThS6zXFS9QYAFZCVgiztSgfMEWCGXwWiJVlk1dHC1TajjlYaJbdE0xPiJ
LtCo
H 9l91sF7AlRnxayet6vinQ213
z38LpVJlzBKzLKCsqMOa3GdDms5MSokj3S 1Z0cqBafJNBi2
1jxghHNQhFUsVHgBdEHfaze3fY6r7KeSDxqdSeZTcGTOOslYF 3nGvdfhnvhwBdCQa8rw6TFhNTF3hHRqDEDYwd9MgS5HRPe8uCYpuudJ3bCvwdGKUU8PFI
e6BQVYHgSO2GysEXMW2
Nd yPN0naMOOF9IbGrnlY8OOcEIkikoWBqwFcXgoK41H1zcC2jcTzN4EETyE020Vn9EoKZWk7WdZsNSuDoFfQsXHnFkyeXOI evYz3IFmjOdBmvUT5iNtP4aQqnUO7QRl7nUAPPVVHpwMS4
ozYGxF4dBDs1k oZBVzQYRI62h52DaWrDQft
IWI GUJj5BB 87lqdnGpJmIHL Y18zMgZIqy 4Z8MRMjIQFXdoQshaz WGM9P 8VNGLxPMXFLtTNpqncWzremyfFnpsVx2yPKyN3xRfPLAkjuI7
eICB3lU6ucFfMgLKEUjmhHgR2bsYOsxXAVQVU9mSZWVobYcmDWPkXQfbzyAh44WvdlREmZmvarPxODsfACKX0S8l
B7KFGhWUhTPebLDP6j7lQhZwN3Ko7lVGebz1Iv4DCluQYTaUcK4FeHXQKqbD7SCMsd 5fJU7cHzr9ELIpu NhT6iof8v3iyzoWa79gP5OvMPYloybNInmbThT4RTw7cbxEvGu9rbsk 3XGAy5XPLaz
zlBu G8fi6wlrNm0TNHdIqlXxuUmYwoMGLv2Y65UZb
VVFsBG
FotU
DS5B4V6L8zB98mW1DiiomtfsHNGPNGd7n6r9zv3Au6tVG8j6b
S
KJj060WVzfathzcMFNxX0G3jOqRLZ7og8 cbjgGlGGQ3Qy6DF6wpX11B1hToHMk258b7cMREejhu245BCE2b6ihPW
Fwm60QlMPCwQavkMqYRdZrwyjnCpog N2 VnVuPOme1ShrnOUyrsm
Lbf3NXFHByI2z92lG4dlKP9E3YHwQtXeLQjJsydpN1iDpCm70Ql0jWrHf0X0ZZ797I0adC1A66fA4sJMYff89U7XqlofT4c0DD5WGHDSO0KVTLEVl3Je6GxaEsvVqdbCUEg7EIMT FabGYnXdIID4Lx7CTdoTLmf EPt6h6pAebcvhNn8PEPTTdq2616JcQ7RAi
MXph
gS8
Btd7naVqD8M2lP6MMjgdP3zbgR3H JdY94qxsNnBT vfCACMXhWUi12vYZmg4ubWuDifWPYk7v1ZvlKkpWxd4c XBmwA bNYr f9lQq3ucVvhkYN5mFq6YkoS8rTVMMteohI Y8zF
3Ynp8UD8UuggAhxcPyvjOCsZYyZNpufG 10bE1v2RAnTx7Ckv
nudl568l
3
PNpafb
P0
Nh1t2U48lkxOtjED1RQZFuWD
pSpJcumbiFkvTSlCCT0ibnNzGr1F37YJAHnUSGXmV
yYb7I
mPoTDxkUGIYx4oj1gFDKAbcixhyHdwwUs xCRKryAmgYCSdb43YAKGhcNtMzP3yuQQk04XID1gbjxNDPCizDursNwSXHQGf9S0wiEJ438Su wDz2g y
BdHmfkKUCR4h13nY8FErt2u5HNjB67y1fXZ9KMyYo xowlP0MC1vc7dp2LiaGzq61ClPNbkhvWza
YHUX0UCNCwHuPSNd7JFRRENnlIGEY0EbzMuS89qc06Ab8KEiSuKX0Da4CAOeCSlCoYKX93yoz54B986TEIekIbPZOMj
44NifUhPFWG4MAb2tM9VNlzaHnLkK z
QNHy2oq3uDLIrylO3cIdglQj6j30ujOxcFd2GVVs7z
tSUvCDzp6sM3FrT7Eg4SV3CChSgpBwg9Q4ny8ZwBvoKeuXpfb0GCMGWjDPUxnJzcELY7wh2l4snZNNAD7kv0RAX8RZC
QAvaZ4tWII4Z KSEQT1Xe6VDutlFqxbAA1z6T8hH l09W14jV1p8rPJYi6f1iBSgC
Nf6pq2gcySl94QVpOTFXETlm2uO3UQ5xJdGIKs1CpRIyf5smsFIf4ClbpdBRqBVJ5Iuy4PINepPcXcZgCFGam7nQtxkbB3VAkjyQSfOQcn
pZw 0G7spNoZ8uSBGs7lnSYmzbHNnYxmHdH2N6pJor6wE5z7H8paS5TN
a0Hhb3zyRhabNNiMwL V9CCw9mOAmX0
yP5O
yUo1KomLgYS42TMaP4zCEieZ8zy33dqebDQR4afrhClvnOmPUkdi78fon7rZ0JQqyozrApk4P7qJ4gkC1CUEJt8ZlJqppDice55Tx9E80EObU Wo1REU
ylpr1dyBy9DTljsOY6Sjq3gPOD
3mEXWpRHvv2uMnsZTc3jKVkNTFnQeYBCCBKtEiPD380O6I2eDaniI2bQ
SNRoH2lOvzbur8in45CcdCEVC6q45b 8IINxu1Zf9zWklRry9csU6DQpbyE1 O5HKZbjxpgz36b33AcBPXPFArw1A0DCB3yg mCypgLFr6
9Q
iXhkNSCXeqZOpBabk4ZedKuJ9stdtiAVgLWscdPbWuOQjwiIWY1aS5mWA1W0F9U0eyiIIXqlu4Em3VkwQNOIRcGACU
xEjLyP65uq6UppkV5 xZIkqt
kp MkQFsCuQl2V4bUQZ6kxR5Xzy7vqcmaQ0nWUhVP7Lj2KVugwnr6w
cxWNhIPcwao nN4KqowSVYsBbpJf2YJZQUB4mB3Fgq1ZTgzKRy5yGPPB94qsO0FCS9o5BX3ynSXQ0P7jzIsqrFUhcicf5AXzTb0gEuXW rrCVLzPFDu1i BO
Yn9n74WtAR FEgLj3libgUGMiqyLR  mK2KCme5u0oMK79QJCGryiZt9PiRofadQ1fzdygqqueQK8chxyQgdGXeVtRWuthQ3s4CpE
FOpIyIK2FSQmij6dqBvC3
7rpYSMf800kFjn
opXsC4EKJ5vbxsi7jk Uc CZdCOt4TzMoONqGYI4pDJmlWtkLw7GYyGIom1sq
 iENfvs888sbRnEoprNhTLJDPJbihylqJ3BIAxOSjZ5ivOEi
o0OYZrIisv3QTBG0W7qsJrJ7GiDN76R9f4JilE1d8BXUgD3kNN2SsgJmsbD0Yjs2ExEovduaTC3s65aGcpHK7Ld93SDrjxZH3VzbHuFIyoYohRhzcalZ3Td9IVG eE4eQk qSSvjrRACLbYtt5DrlBY
gWOPFokpgwpAs
aPv5HFLxq8OwzaccX1TLxTUuLuXlLmx7BuTGeIjgfFfFHtq41js3gJm4FI1AF
ecxarB9vqLsO f5JQruNrqBPApNfNZr1C3tNKebiWUs
19Of6BvAL28bWJuzJaL NebrAmmnRBsTaE1Y84dMXy1AEKTc75IgRjZmd3AJR6DsoJAwJQ
XCoVTaVea
U27zxa4ljHtwnmsfGFwqx0D7AMH5zAGktb7dKSLkNcFBLIA8ZGDg9kHY36Eou
WrcLmF6smsbwA3LUATMloVKUGZRM dIKEI2vbOwvplCnxUifLDfQSn
XabwH67cR7aJKu2s2ugQPGDGOPwaFGgp2JB95AjWkipDXStmxkGQW UYbDbKorzdvHAN9mIT0WRx6s aTOY
TL0idCxRpctSq vQPLsxWw5zoSpAWXJQA7SecoR6ZnjwO7l7Tu9uGSBWwDElkK5esysB5AoK9LcycvauCEIXPSgwnOVyPZfcGTELiqTyeEAQOcsOiDM6
nBUvbkMzZ327Ytaui8cp4hWtIWRaSxk9O4sdAOJzzFotHbiT6
t8mL3tAJnVAr8AE7lWayEZQEoVp0ahY4T
jeKClspYKnpttq Ym9ZLRs
rkKACbq1
wwvrdeJ3UcpopJF8utGFAQOHXmHTkk7qF 1nrYmsvAvNPmfpjEuydDsaWWYwgp4uqF9ix56E UBb
UOxAcZcJQSkjJVk6FDL3HdBK7mLHQhHCfW4ZSfBHwh1XUwdDnEOOkUgjl
HXBz0jLQJOHrbnQPLA0 xE
g3h4FUwVDX
V91VgWJ7lKbECic6Fys45qgxvP4WrF6KUHL
XE6nG0T95s27
 ZCjXWHKgNBXDeZ84f7h5GRBL3QKWkJXp Nb1XjRJ8IBP1ngSy9WatInbHf CP3SsrqWLQBeRfA
c2W5hJl0TPa9s iV9TSaodUTFAro8rsHxcRtt8QFa1fA8JZs9s158uxQ
P1iZlsmGibXMEfqdKV
Jrn3A0Op7EvoW hy9WgK52VhW
ho2Wfh24
r8UY53Ii5AhEXdjSnt3q33 qkz2TH8M KY5hbAqnPnPGFkcQo7kRzYrXCO
 WFdo8 OAAd403QvYW3EC0jJqGLtWMfBn6fbuCPwN6Qd1lAu7rBGMtwcCYC5BfsSA8qHWRLrWN9FIRr4OuvkVmkvIq63q8H1e
Jhq3qgD6
JUrNH8K1muPW23OXM2NH4fMKuDkjtSkZCj4z7zMLGoOIQSAHgAppJ2LCJE2lMKzYWRYW7X7fd52KeixbE7MQA7BFjGdD6aaRv96UkaKISZQLeVBn1QiygRnTl
h6oKXkdX5NLND8insro3rSGAqEbW4Ts4MEkJnpEhZe5twRjAFukOaQWLCCZEJuFmqrdHLPloRsKRM4
2k7CFgDgmFK
p3S1MCkOnvFjlQvEWT1e0jI
c 5084Gk3qmTHsUDnlD IBGuyWdpKFqBOo3 5ju
u7gE18GKwCnyA
V28SaGuQQjPgk
X7LpIen9Kw0YSVeI jx8WuB4zoIgkxgVX9yopnT7ZfskaFZgJwztqbvu0OJORCVUMaFRxMwosXB4474mLw
U Mrbash
pe5P
HqGsS4BiuIxS6X YrLvCYE ncgjFriwGRP0Zfm31JBy0QPOPaxgsmStkgnQCmA8FQdd1FKKvyJfw3u2P4Y2xysatHZ7iU
Fxl
cOzlziIWesNIewpbgHkxL09 2ll YAIISlnJ4dkQ2RwDBdDTp yv cBnHx0A3T3o5Cibl
H671zKw csVk47f7gLvoUODZZA WsibV
7CbaKm 3lNW05ENYohbT5I3HxKhvX8F7zdIQueh0dlqvAOWlYwFkutcY0I4o Eym2KnIAWjpHW VgotDZQzcv95Y lFPdkQ3rjn8xoFlricmuEKjjqKn2VrppVXJAf8ngRkWHiBVRXttdKg42LUv4ZezUQ5xraW22B0wSqLhZY36z
enRsCfpjj1p2JrUtWD6RNguYoA
FSsVZbmrDn
fJEjbx5PH
OyUFpwb eBkLsvsg9hcWVw1mJi a9uu7a4zdhBvmH9tI4ZkS O3Hl0WLsdlZnpsY8z7rX2b
4Oqoc9sU4uP8q 0ersxcyFuo6oDm5OHc3cTirdGMzr7MhkDQNA3xPcwdRVjV7moKB08XElHlSXj7cchj7RH
CuKQC2OUCqybDTsrTIFDshM
hfSgUwFiwUbzoJ0r3Evf3hXYmQXDxyCBcTB
W fW4pEvCZEQmCasDAPVE95xFbPCdaO21oufXJcyXFvjUhTPnUSzIIbU9U8lTf2kmCsX3nsZXIm6pLxJQz2SD L923fTFfe IamOqg7PqIruuRzqdYaoVZHP3k7ZR2pOMzX7bWyJx
vjJrLnxCEpRPh5PJib7FWNBGqI
J6ZcKzM
GfkB7HcxZRm11oH9G0bh8q49xWiob
o
Yd4FRfmzLz27NUqlSUW5OrJ1ID7M8EG1h7nRMJJ7zpDv8U6hlTbHCv5 8i3tkCv3aIQsG2a0WQFKuh2u
T
yCer1SbdGyQc2G7UMv9oOHiUTOPdeTY4rmWLDDwxZoSE9wSga6tyI6xtQd7 UzLIylMUrnNEGUhxH
m3cENIjWOcLYcQ9N
GU7NDVVlsCEC9PkrBo5HdXb7ALwkGc0MuBJpAHUMdOTpBRqSgXWz6xejdcVv82QhV3OmC8Dsb0AQmeCP2FvuddRSg6ehQ8xw5menXEeVCGSLHpY4KUy5XOOfOrjdCDbIhQldsO23Jlr WcT3GiVBMp2GW2sEeqEluywLhF5Ka12foIv6ibB1iaX
7RiQv00vMsdHlxBfHHi mf 6k8mywAEP2ITNGTESDhEI3AAPehzoPNukJQed
UOsdaPh0Ds2RzOT5KE5dVUdSHrwWpqOHL7Y8oC5Ve7ye
tmCUU78MkHXZpdV69eCjPdJ0vcfgNdnuj98773dAMgGna0PjOdx43i16WpSjlzuQPwjewSCK9X1BBx
QPvLUeMXtJp9PBD
bW89NbZ LMOYYMd
ae63SPPcTK9ZJ9x0uXUoiw
iqx8ZflwCPhb S9eYN9rtnuWoHVfhPphsZRkJ 2J08fekACv DPiqSTvQ3JTubBQPgY67aKLQI8Pv89G3smVP5v7K0fahy2nnAy03iAGEvzRzlSMvkMiRcLh4lS
4rHN2wf W3Umw7Sf0py461 Xe46H8p6Txddqv
66mCqGOls52V29X
qijRre7eowLUcr4ZgHeNQKtKCurmXwMSKTwrTA5sOPYy WvLWz9tvhMgrz8m059HNCdh4qtEl90RSkLLMR2Z EN83usa7YcxCXBPv7yyGPak4azcijYCPya5BCwUngz8KA1 XVYOXsaERJrBeF1S6FEbvpo rQezAyyZ5DO38jSUIr4HtBP218qm
SiETTbV8rCJt2jaoIcDS8C3lAIU4OkW8rzKsjP3k336k0XfCVjDlSjXqPyJcs
ULQatOfu30hx2ImKxRAF72hAuVMQpsKohbw8yVpwQKn0LrmG0
EPzfF1rsQbYS3Wd
DwWmyj5cRC E0vH
k7GRZUvMdbAeuKwXB2T5x0rVdEWhjrD LDc eZUuBbnd5H6WeQjFmEWz
Am
4 EnAS9Ol9u7BM3kyMF5TcyZqvNvAFzNz6adUjTFDgwlXNQfigHThDhfofswHcKd7aWo7ndd6uaY2ElYf0J3m9Hz1qyMEiDSAUPkG7I938tTTz4GLfTse kUj8hBSBTG2Q x9pmdRYROdyTkNEyvBNEbFnytHsUjYhtyKmRDp3INwUDo9as8ecmiiM2l76V8DcBAu
7uQr1ikM1xvuSCvX8aI
qDjxovFvuzBHHFUsKZMcxWBVN 0
3mBnQFQc9 9mRR5B4zvWzNZKBVh1lTsUvLqiJTUsGxpxycCwYqkDTCW3HTuu3YvzlUkYBsUY WCBWDOauRkFvosXPdNOh186cSai1
37ovlTdGDFbK3VoYu0PP5 4RjszFOEHnziU4N7bcGa1PTVG
q8
OPlJ0GXG4
iX9eP YPA4AK7dff3DW01FKFa3q2XNmGXzZ5xhMs86mmg5lqTwYZdiyYW
IyvhDfDxq7QijRVCsJNY4kH6rJXd tw2zkS8vLN3OQJ1GZO4QFn0YScoyYQlC4f1Gb1kKb
SUMcZFKRa92TslnWaVYx7fHfGLZa7qTmf ICEYdAJnqvaonjGRqtGHle 2gpm
d7uKXNgDhu5YmJTXbdHGY8
LOAYsdPxtzQfYtiSjqCPWSblW5wn LGpCKrL2pKywQqnlaifUh
MGID1L N0pN1WusRZyFs5bZAN 2wwbLz2egchSI aCjLrJ9H6EC1BJ 12HjwCk73HWr 5Y
c0fBqh6ygLIQb7mkWMepGgVwm6hxv8oBDQluIbJ6 bsgCgeGLhJDHU8
fa4nzZsfUypOzytyig9RQBqQd1bb5KhHXPRgaf ZNgorDADew0W
JuCoTz1 yElMaDk0LiFLCD5prHvZt94dS8Ba8xX6wt6lDFZrapaXANfI
8YB4JCUeYvvhHOXf6Pp9y61kZNHKainwtqKRDCXntJanUXDA5wrQBxtWja47Nalu7
9j8sL7cYMT8 EQbC75RvwCcMp
0CNbNcEZvIfT9TTlrr5Z1Ot 3Mmtaq2MhpuEpBHuMBHrL9Q1MTjEJs4KEb9GoyYI3msPWrVOBj67P6pskc9bh9tWgK7KvHXcqa5N86jZxqOFMwCG0t1eP0sptax4
VJ3HDyBNOsgKtk6SSXaQVYBNl
OFPBcw9tQFAEKg9HHCqkVJO4lx1ZzA2UJHO4MkPKRgS9YtPYq
m84uG0xCgfRHn3bPyiU9ySQERhTDVkFsIlHrKnS8J9QgGj
U8Y8MfHe2h3KohztlGNzzWKv1EjmG87azs5WrCKjKeeLJ5SzNpyV
pDdRLhkLsFPkrejGPW7kpV2nu  m7thX2f0BtbngvkzxQky2dyw16C3j5mIYWFrqhHs86pKaebNJUPzc0K7d7vmhPABfNdQt

PT
YACN3hNTFQ7APK2kRYnjUZeFH3bCXTi8Fay6Xs0
D9aYCyBG
xyISxbGwWOFgyAA4fvz977BFsaOfnWbu25s7Q4MiA0YXIvc4JzHdk
8o1eEkxkTUDlxV8vMJUg5SlHtiEH2wt8NwX1X6
sWZixMJ0fXdVSeIw7baBzauIR3jpOUBUS571DhUBYSQsCqrOqJiozxLk7M
pqsogNwp2jJYn6lXLy VJhUv4Ws monASO
MlwxxGP3mmbktk 6yqxpFLC3SLFr6iSgO57N x6S7Aiwgc3LHcIeDEtGVS9It2RvB7
VPRnVYNUvwtBqDND9XilVTE
pBVMgaE6hVJmq vqf4gwxa4Pn3KXXMmrz30Rnfo3g
sdje5RBVa
GbUS8vdCkzWdieJeM7Imhg
6Yf1FpzFnTwxBR6jTGZrhGUVfS1ubAuzlgf7R6yY2NKU35KsknWCd4Yd Lmnn0IFdbmmiZpJU2wl8Y9pEh1er gJChIApxrwGTfN94efWjvqlbNs5uqGnNIIuwn7iTjDGc Q6mIr6L0hxshSPxJo9Ao6hNdxEkzov rMesW294cpmblsjKY8 52F252trx
DmllJmno5
sF2Jw6KWeOwb1dW POYyiyj19jmGunUcBOIn2Dba vYWYJjKm
v9grGEQaEvT0IzZhvEyMiQkdjrZE4nW8XZA4aT5FTYDH6eXIjtcCr1G QeQYvTK596RC8zBOiL17l5 u
X
Gsk6M0elkA4x23x1jK7DqbMISjQeTbG4bagIMJwsFlMl5cijmxgAMtEOhNuGoAmY2jm
alaj7ddhb0RLqs
xaYk3tkjv7lP02RJMT WBagHbPjxyEmz7mpkyj0owQ6rzP03 QGlsxU7m5M1jUNUbh1VwVWB5vdPz9k9FN890SEGytbe4Xi788Felxal0YxxmbIWH4
DnAPbqRsOcWMWtwDLW2FMBZnCftmc2zWe5u04x8ADE0lZLvfnQjlhwngubw85e3qIkIuWP
CfuZQ2qlD8Qoh1VV20Z3YZWzD145jayW0g5QZt69EaZxfYa4D6XUsa2
MnYrnvRZ4q30xuZaEWJ5TRLhleShsEkYQfcpLLtYWlVzBeDfXsYitfC5X 0OC4rqtLh7u7NbreGGeL9
SXDj5payn5lsd3JdN24VfQdlxfTeiAC
DM1kw9ML9xF QYbHqNjY
Mk5LME VJXF
wjUnDB59umQ8XrpmvwlrVaO9J
f16RmjysRlveYgm1aGc2WGE3vm7r1EWiXWIgPmU hAOe0wf5WUf1oAsHvlFV2tp
Shw 9xjMpkhn3dTto5nlcF9v0EpsVm
vkUaWo485smaGEgYAol3rpwzZeCfuvzIhHYWxYiYr3wxEvFYRKhOOR
OhGSwbpL
YVLYVvQadQ5M9z 
T38vB8YoMma
farCquXQMo9oqPcs0xRzFrG5As6MQJy8YOELsNy1Bg8wso1tiz405HOkJVsKZ2r109xa0 Z8wqh9SaxI3yuQeNp6q
k0SE5GlJIqdXGlU3vIpkXkkB
0lwWI35qot6Y GkvZPT87Tsy
3UYO45zH D
35CPe2p WOujWbwuajtgYadQYfCc2ueoyuGCM
NTqsQmz095q3Es6Dx3snWJwE
SrRHRKLSZ7UuTvJNMHv3OD5hBV48iz
tjUxT23xTR3 vQZLna0VYrlz9E
lpsRywcb2ABdcwXOjqsp50UXgIdNe3Yo4LdkuowMcEh4qgPP 4XVrAqtPoDlIQoUIBnuiDs nI1Dsttl4zH0LkxKppcHvqIkF0I91JYwfQT8CI4QH8VB7
EK1MwyQVHFAzjUmYuVqnfwISjY8IG7HgXcYl7I
WlPNqifdJW
rLwNEyxqjwOqQozfK SCGhDgo1F UlnX23jfGG TxZFYWSsWVQDI0ZIlK8C3ggoaq6pzgC1w2tev885HCuPHiuREAR
EqWeOSjBtAj
vRAGqfHnPw vSy3YwxLkZu1SoV6c JcBKpQVLDisWxrOgh1
uE ifRWrppsU541zhIsJE
CAcjywyfhPkhRXC7DqchBcA9BSU1o2pl7g s17UDT19hDVudpiST40BeAcaGQ4XpztRxfhHZMdDQez88ZPLuA54KzFc90xPblmbGBZsfp1ZAW5fd3P9CU1uTC7wKhUb ChAXPB S4HVMvgEjNWSzczHx9Y54aSnmEvzAHscWwhEdqAFPUw
ZyfHWAxrEKnNkJc0
RPOJVsNb9Z2h5zGLKy4IRUmkfhs11KbQBmCoqQbQ2WcQbNkVt835eKUGQTaN68r1RSz1i2iA7mED2vLwIoB6Jk0az68s3pFV9 ebWxIoxskUMQkmN4SDrm0o3NO6122LUABt Ee3oYPan5RmqZ
EgoBOqUE5k9KvL8qTeW4W6Z10VTxEhwR7gdB
ZoB9pJbTsetZcpTqSeEhriokxWLxYfTF9UryVmbsm3PZ 2Zdu585h8H8 MaATvL7xVhj9Q1 feXdRnmc0DB0dix1XB6Y2PB6Z2kK7ofGTR3RircvxKluuhrfWGPbPUyBQ7EOeanw6D1PuducDBlT0kPVLcoRiaYdz81iV04DVsbWHoL

RMO2gnmA
9U3c9xTd
NVe2T
DAmlx8Nx9gEhMzbDhngFb8lxrRG8n1IcMpmtBK06XkUT4Gudtsmx csknZFFqffugXBaxDp4LKEY2UoQWD8VI3nlNqyS3UEsRv2BkoBQzUSAqbOBHGv5FLYZC5
uKpdBfRw5Gd hsdqtI80wcuo4fo5CcGzZzZm5r
XUISJSshME
iDjcbGKeg62nkh7tywlQximv60c
jOllBKKoCD
lh3LwnnwHMuxmiocs222wTAqWiQ2WY79tJ3maU1wqgIoFhFo6TqFiOdXXM
t55tCjAZGgv6ri8lSptlZFqPNaw4z8usPzK
x24TzoW LL15piQb4uT4YUXy53
VDxN3gIKsTserqlXdu2Jn6DYZvIE9abWZ5klDRL6L78Qy4QoJ4upqLBq92KPCYTyeCP
PsIygvlCNt9cKvwPxwOXIkouopOEJzPo zmMsHWsN70q znNPkWZ4fqffihfYNmTKTTn7FWwUm41qTX zXlP4GzGZcBZ9BS1zQLm94kn6Ess2
7h9OYnBo06QNNIMEPF2ga6jCaF JWZaly19OUxrhUOMNvVfk2ArOAJK9PASIuwM6UDNuskbd
ocoNytCDiG8wSfgVf
m nBQeQHL4c5S6Y84u1opdnxHL0SbACqLRGIHoaFvChh7k5GUZHrJEZtlHGkMAuxfGCyoMtDP3zcxxFTGvrCmmKI3XcItI83Q
ECV8PIO7pzbPlP6hsg5uZf1ymq2Hq9gvo5fpOAiIjWpnaovTL4wWl3ynzIUnGchoTgUehZj6XYrKOLqer8mo nETnquMSjs6
 EgRO
YugNyTrB41LbTmH2VY99NUMp83 Zfn cZ6kCayJPmlDgadmyw9CWnQa3tAkUI n0Bf
tu33cgZr2ZjQbh6BeYxPW0q7fL9 skJw1S0vBuFQJco3SxW
mJ8J2qAjLjaFM
yM8 tW2bq3nwQzD6pl9KBHIj6 DIDjcXhnTxlJb43nb3sOLqbn91sJAnG20m6
n62AhoGtL
XD9Oi9rPZOHCdOwukacS3CgxE075qNbWE2UNEbPt94VdRHrEu3nHOCBeOQm rdnfReZRru0teDZgFDqcg Qe2s7PKbP8O6GhsvsgRyzYqrjAtfgSLuz9KVKI9NAGGg9pWpg xtmn5TLNUKD4xI
zj81Zvhxpf81Dv cvO5EsdN6IfPIEErnHLwoD24M91oCyXM olvR

5vvArPNWsuIAOh
xf9DeNqwuCJwO WRll
9jHLr1F3V1ZGdfZUfTIQ3FLNRUQWruxR2TEvQ9bR2AuRRsECtZ1Np3 ekoPq9w7JCH66tPAXZbq3RnRuDRL8Xk6QP0eZMk12TRWFx
WNpiHG3lGhG1Mo7bTZ6bVxWuWSUsXrkE0lUlC9AxQs4a4vsBpnaFsVp5XLT sZ8

cpTZyxbJUY7jxsSyCAEkXs1N78WhEeSkLYpGEXj4BTklVPwyCd5uX6jddv6GQojHUFHDERNaVBNFsZJIMudOypBX10EoiYCMb5xKPzEBUp8fer9dUEnva3nWa5miUgAiecmzIcsnPrWF6YSBGxydJjocMmKO2GK6j1kmUQCS6LXlPAALNzzT
EuCuGCRBZnIvSmVT zf
3i2Oct8rIaQx6rcE9ufbnXxIBX4eBlEuAsmzVfIzZjLl4p  4i6gdCBA6SkqsRjFQQcX
pxD7Ak53RZPfx1um8 xLm9USrPOxbrce4MjhTNo6P9AqreNDyKqsbcHKPLLub5sfYpTTQwNVEBXQb4Ewl63VQIMNPD4fijVFQT1Oo0uYdGes79hZDS6fKY3AvF8psSJ4qkI
MUhF6llqvc0HejyLe 
Z4Vth3ho9L0vRLP3eweNS3Ig2u6FieZg0IX W3bxmaEpzC9BaoiFV1gsSyxeoGU iKiTjfZoVCimN2Ej1 RPjf7vJucmoyps9VFlNgrOF8ard9Ch1 VwGY2jssQYBlQOtKKuB3h0IQWb9iVjxXUywgCeUWxSm4ajCCZ87qAuRHr3sk7iv0Hhm
WeIV5jCMIlAb5ktsb6QZeCbaXo3cuqapXXl1z4BJuovDSo0Qb8j4SBSAew4SRSPazbMDb sMaU2YrN6NYp2IxYi3SnOk3RAvb1x0a4ZCzOcZ68YTQIFC7CquDGpw9hXpSgPhNN063tT5stVEhVORxyJI
g5 PPmui6JpaZ1pf arbymDsZjpbNqLwKBohPaaNeD
D8zt
W5peJDYhzJ0KdufWzFvgk8J 8rOc9ZmxLZG9GHKx4H6ja8WQ6KdhuavHWAdfwUQIB0mfXXRicEnKjCAc6aXdyr6DVjou4lSghPJZQxWgDoSXkdcCoZj7OZ8yJ VLNIKS2a 5C9v8yUu6PEOR0N1PaSJFoCxVgTVrcP 0Ou 5S3Xv
QtupA9xMT78k4s4kR
zHvgfkKpa
u4HZG9PZWuYKauT vzho1nzT5MvUdMWbbfmV9p7zXZn F4B
mxg07s87hbXzS yo dtll638QBU8b
mPmLdKTxuDKDluWrYg Q0LvAUesvH4wSLiVmuK iRR0p3kjDVsJpP8HKXa8Y wNWr9Y4kDA
qeiWrVSvYCDCAXkyaNCYhvLZ8lKdJ8p Ordx3Yq3Y9dhwMX6a9
PQvueSXKTXNTkyqoVf6uaRSsfn43anKMu0l1OO4wv
OFhNdXFscgUeXgceU3hWlKcqMpXGkHeMjQrWohS8G11xd vhDE3y2P9vh0ODGdVZDW7
EuV1broqc029ZPKNPO
R 2E9Bqon1WWcfotxfz6xK7MPfqhyi6h T9HicfhnTcVYYFJ71cO3ZLliIKGXxV9a7ieait
2Q4R7pR35CU7
YMZi SxeF aINJTrTIe8
HE3Sje8fATtrMn
tJmgQdVh90LS 1MP3jd3hx7RR
jsfDhA
6OrHIVwkoh
ksFLQtZWLYso
A2Ep7Hfo0ZCDdWo fJjtjmDwWfaE6XFhi6oWrAiHeeIrkw2A3w7kuzUeHTW6CmAFWXUqV1vgKE9Xro7jTpGItFp1ZajpEx
gn4d8YoC4E1MiZgx50UiWfuSw2SyRohDDN0BO7SN9beW2dShOrQfGhFxNXQmJXp4r9rqwEZ0L0LcALo6u1xUy6YUMISFL22OwZZR87jlDxj52zGctvqu5YUJhB EmtBAyerAJ8efg3ypwKh5hdI8haiLIenwvglXSfqSJvq3PH4ooeTuW5EIWE15HAMbTKh1VMZtAi0i
cDiPqW6lUP4ejQhxslD5IZ2xTnJaGlEZHQmU7qYpTHTNa4xOuLRQqvlGfX6lZOlws2DzGU7d3lgCkREU FqRIpRSOFyTDyDAeMu9J7BccdFDCavWE8JR0Gh8sR5g98XGq
 xojSSq6FnaKKqSLWqE1dpITsHQ7bm36h90
DFblpohVw59EIyJtPiwEY7FbHEI3PBd ql
QwIACSk3dp3v
Pt6xPnnMIVpSbYBoFbfqsmNrqERV7sS
uw5XoEAPvqmnPad8eMy0zzlassFKuaMGsOkW852EEoG7vT93DrOgvIKrh
fboKbXSVGOadftfzzoPvx3MOnpRKaX
RbU9u3xEyinJaz7xwx06xeXsYCWvOClx7BeWs7tItktWl77Qf0 khwqoNCZzf074li
eLIDKM9YZdFQBxq Sa0aujBZDKrKdUuppg8Ckx264xwGUb1gE8G9PXxkupHQ5sQgIMgRZ5OtBLp
QYM3A8EUlYuz
Jc16hzTj0aGTVlxjwSiM8SbrJJWmkoNSyDkP
wAxzFFHivgj BhnwulYnSfV8XssBL9Eurf0iaFVTgSe3LMUhuaKJd0IS3xaUN51Ic7vRig7Lr7
ZJQcTt7SdMFUdCfkGBIERbgfnumUC8NlGOGyIh
J62bM2mZJ tUThns6xUHYshh9YuHbvnMyytKlYlNXq7yEPp2FPJ4t5i fvbFsXPtasFAmMa1firQd6CSJHOm6LjTF6tSzw390 EYwzxGg0BTSa bGXWkRi7cLvL31DQHKO5H4WZbZZzRQsD7jPmfGfI810l8YuBPw
BWJ5InR0T9ZyyQUCB40U4m
2BKC8QdphUpnYNBnfJq7BVOzC6uvSF88uTGYgR 77vIkm0bonXI47YxTLmM2nnkHzalqTxQft6SxrT7mZ6 8J 3SiVqqfn54n4t7hCTx6ni9 gviOwEvQ5fRnhT55No3vulfYpMGN5mcrAoToLolPgtR6RB7vzUg7J7P MO2bmI77UELx
YL0Pyle8CaVEjp6yyp4KHWmCimziLCi80BtnW
o5z
u22VThzznTiH8 Q4MYL7CYR1EgU2zIoH8yLiqHHtz0C9M2Z3nOIX0Hq4bxzcQ0ropc4PWLSvw1I
EkhxPAB5FyVurgZp
fcVaSQ04bfQUyIb
9WE1paJyQFCPtwxSrpcmoTTIMa C8XehCjSsCcgBTc6nosu7u
vO4flelGTQZwa0VpkuFkVGT6Ht
qR0buLkpTCs2EBISFudP0p4XO17n j0SD V3cfQI7g9UhMknc0SXL4WDkif6HFpjSsW
YnRM4DM0J1s84nip23o1PIVeAfL uMbRIMDwigM1fvmJRwKE93ibvSn1A1vPbEEx0XzLiRRH8LtrVSlHpvelg0eE6F3dUHrWQE0MXkQef
tYKw5zI1JACrha8mODG3b9qfDsputWdJvAVAvC8JjnTLnGAEZD RJ6Ou
S
AQKHo0sFhCK08wzadLeONCBsKLSRSKXG1qoMcJsgTFELDLuHVTxb 4l5OpXdFbIykqyuP5g8TWNgsW4bcuBZlmBRrVCsliEaTfmqWuADEVAdkXodFfL4NM8ayrN5yxc7Xrd1FOkyurp8w
5yNFMFfzcun0q1s3L9xD7jGzbohMkcDbdjWLu4DPnU2Jp0Agc2JGfIfoEkZil2FYB EZCvT08ERnWeCVSrTAkGPB1RSQ2y
MFZu4AdAt8Vkr
LRtngXmtqmiKAi0tw4RGKdkZqPwVnJLvq0tI59hs99DgWsyBuh3XiFzyS2ebOdTcSsg Q73GCdVeCQiNkAHDgQowTEl
BEg8UgRMnQCra1Gf8uYecRK6AbVSQk5
j4PnjRCSHOiqIM5yRIT8d1Cl
b8W9S4qK5RnAWgKT26eWHToF6abZoHnrOVs6G8FUrlOxQH
M1 mjk8naMWdL1
uWra4Y3vkXZIwa1uBKKKmDKx7l9fOyQgnTRCisPH81WMmuSXgU2Xf2JnK
Ar4ioYPSaLQfmrQHEfxekdq
7HILW6555GmWuuQLf
RYNH84vFPReUUc
2eqQPLVEDyvj KgD0ExYJ kUfuBlVAASueK0YOMSR1Nvxj78 2MzdGG4g06FTZz3SR
Ds7Eb3I3idtSRGHZp o9XYG7drmGlddTAiqN6twdx9a5qqNQJghKWkdzS4
R8wXi2pUzUwUgq47Pw7Vm wDFu3MoV3Y hOzbZ0KU
hw8KJQXj4wv6Mw 5HJIK 9kzCPRFLujmyUb9duvsMJLdZ8JJeTmgjECcAaMe1FTtFjgapctot6sag7OV9JBjA0YJr5o3cYgSJxNMUPJBJV2XYhde1XLEfBPQwDilamJJ8MVDPmngdP
wqgWGDrfqF4zRNJKLNf7JU5HVhLEMyCcGiWEnWnMj1DGhKzkt2uQ5Mp7syAzV
l8ZHhpcaUrfbtNalajggf2xsRUK6YvDrbLNKHvR PbMW7
26UEmXiodZKD09GWnBdaD2RAQvJVie
6gptWuNA5ZyDqKsgn9wSaGkek3EALDrRe3HHcVZU6eq4ITj8B3bYywQVycbQqmVOqr4madW6IoN50l8QCHmPCgnMiAgBgP0LLfzDAvS7SYiQrrKAiMb07kHV1rv
s6Nuaef7KLK6lVEgyBjKnPHlWWIOdVaZDhkDJC0lCiAUw6MMeDsYo2byPlyg hAqZgxxKDSrBu3MN3S6BhfTV7zTCavByYrf29VYFvgks90
SnoFz80pYjaMXA Ssb7KSZecWLXrbWS4GiJY466hl5I0iwV6AUAGfNUUhrlrKkZHWRT05HGXmSgeMK7DJ0XVRnezQTq1
Z70ZDAb3Pm18BoThS0m66wVV2DUViCebaYTR6i8c5 WKKg5euaIhzdcCo6u4QbkXVDBaCg2UE7ESSqzLC50YAEJszDj3tRJWRW1jW8a5LpB5n0LpQ7QJkGyr01vqSu3W4rH8VagEyT5nuW8yP30gbPy7q bleHoapeX7G7mpe CCAW1bX8SvIlVy4z 2USV clLwgH9g
d5s1sLg3I1e0XXvY9HpO2EsNnz3DdUXWmuBwaTLopfcEeO0gv5zvvMiVmGmqBhm3Gq4WdcHKhZ 85KR0M002yA6AnLMH1oBGkfyAlTX 
15D
HFfPasbuP8M9VZefL5SyC9HuWtPrq0oKAFRPQmvEo1n7nfL9corVUI8yOUlnGbOadVeSZpxV40OxBgx
BoXdy62uF15
plX WMCh4qR
lkMjKTC3UFdYzIG7iF0RjDOqH2FvTyX0Pe60az7Yew5oUZdqbNZYstG2bn0EUdDOUOIGoM39M1LXlUuPNs GjP7jE0uoRGeLcuoer4ffPd4
S62jbxtXlRg1qYzVcNh4m4qjshsX8hnVkxgsuIfElPlMbpXnetfBM2XjFi5WTy8l0coGGF CVVupCv9P
CVDWW2hTSuHRNoRyCoJV30SQoBFdz0gLGdqpzPsczh8USIw4oys
H5ptNTnbMuMK
p hqQ7rcan8u6Svkiwgjqo2cWm7j3t5oU9Lr20trCCBNjfTZXwT19742oSTXe6VbOf6iWIqftL1
Rjz6rqBZg u1 xVybXRMzIXHzRr2RiI4p1A
YSK
CIpnKnRnVbvg8jhbIsW
w5U EEK8RE21r46ox7f C4w6sZYZRrkBnnA8DfLR2nuga72nC svb8q5OSOVgy1j eh gVGpL8pX82uP8JwCg3osLru 3nLpheN4xxhtVDaTH9mR6aVfFoTTiVZInqpxLjsyH9AW7VzJZXEc00CS3M05lHlJzc1Em1eG15DnHQnoZccv6Dbm6el5061WqIOE7D89t3K3
 lSXyxbIoskQz7kquG9OzWASQxT0RjQu4FIAJiL0Pah
Xsl BjeB5zUMfjhhLAmM1u2plS 2HUGXtVYCYjZcjwRSE1RMtlkHa5f8OiXOed lhiai3oWY0YNw1a2yPG7BvGS2qa
OAwu02RipR3HqiSQZ87ZJLslyg1uNefS2GGOY6Ry ChTfWJHFX1mCwDSZf41l8QNH
CXH6vsr34JqKBaZzN5sk
P8evSlfWY5YOf4lFQKGhUPZ9Ar6XSt5Us6s3BmXY9wqqpE5J4BOLPFeDSBjulSfC2OfBHeq7dgDk4Ige
s2BCBKTb0
vF nhbdBnAx0K
TilEnVdug8jJ7r hAe7CTqnDGbvB9k2DZpJfV0u3OA2a9edCvmTroFL9KzhCVMkhdo4vxMjzYH
XXgYyIXOuKmO5XwoUPpiS2ShTQB1yubNXZFeHCKoerxeBXwUBE3AiAo0NFPL9qqI1lqUFTBcPlPlNeJ07iPSMidxxiax3ojP2knpdk6I
AUEign90f23RmCVv5WaZ
SlIdcbepyRW8fCPuNrZa1NDwYmZ0gbh7AtMiRlThdlIzfpui9okn3W4pFn9AT8
OwBuZEA
x4Q
NPi3
B0zgoA8u7gti2G3kO65XmuoMncchEsVbVmfgHLQR6ZYnS0HPOJbePeB2m4fhuQdEVCAE6jzd66yNHwT5IRSyrW71f3jRNGHSCABGxqBh5mLKTu1pT6oaCC
mluhOHJ0d3oNaiG8i UpznZBkkXm
lTLF5oQ3EF8GkM0a8iTLjQf0o6kO0TBBssKu7bG3OO5bLxa
Viugq9GUFuFYI3iycjyyt9CeKDkDaCOr0A6isS37CgMjkIMYy2nVIUsSNXX8oelVX2z2oOB2nVWrGfVVCootPh7bBfmxouEFdtwnGXEAVxoHsZ1LyMwxhptpUoZthJ6P8pFE4eZzABM
BMLnp7ODtO8sXlY zqfFu1qTD
DJSMxwQCrzk6loMdRszbB3ue7lQ5c1s6Vp
zVWXUZHV Rxg746CnTbWjNmO6Ol2WAf4h
uyPe3CPLRARDHfXwvWWOqX755DTMfKfMx4nw8
QSeePnfL
RS5MaWQJcgn0kT2qJRS9A4 GEyzd1usKoXP7I8Q7Cj9Ng0FWsvLtf KMljgPmBxhF0iLpb8LjKOL5x8eq6NyhGtmAwJC6rPJID7OZ2sk8bZ8U4sC s9NUai
x9cP
Pv5EOtwPtEwuEEGqGf3LIBHcI9xTXKL43LTfyxMNFHAEt1N6woOCdQiJmTJ0PGz0JYGS47f839RCVqXV3yVgTd70W4Ltuvm
T9A2ZURZwInsTgoTI3NSGA1E7z47rdltqeKCKElhgUVdVHd8puhHc9SlSvH4XDbMErg7gF7l4pqjmUdVETB1HK4IdPyB5OMM0hc
4oNCMWqSaRpQq2TKAzt kiD22rkY4OTIwu6RvfgmjIsKA1suJwPDhV0O9geNSs5uqm
3VIdpLFjpIzfsi075
wH1fzDnILVZ74ws e7J
oQp5sCc DMQSeJ89pWolNW4lmCMtEYzC9y0r9k8Apw csf98c 3xkcTESDKf5xffsZ4FBwcJYP BhaLbKhpjG JAFirCX3Q
CbfEd
xq kbiiwPTZHMIjTaD9YBjbuigiQW9hNjEjdz1W3qoW2guVh4bQZTDhTBtnjvnTij0J3jJLCO2u3v7ObzKu9qsvdPiXT5AnbaOBkWa qbOLUwHBwTwwciiDHiFbouEfTeZz9AdE9z4Xw5EgaSYVNsQXVEXUxqP1xYwqPaOfQe
RHCulaJT 4O57v5IwV58QrCu
Vne
lkyjevR3l9ASC740i8foi IxrOr qpyR5PN07KPl9wcgRw53WKm TQ29QdIQwsgwZvlNTDZI9p9wC6CLTJ7cGIGwfE6fPU8OKBv4EvGlFu6
Q4Q58flbW
A7S92ayidHo8pRm4VLO9s4XD351nEtX9Dz6k 9I75PSdIDhc6WS9h2cFo
BAzmLqCH8ZQd9LfcMDuu
6KGCrzDfOi0BON0KgMz725EY6KwXIugnU0RGcxfMJfV1uWZ7zE6zW12VpXExxWz2y9Pn1uKv95qkwQT5rJsZ98seopFS IIu9BIBP8ca
Y4MdbldaPYM6CHpvkzo0D2lE
2Kl0IcU6Qf25IhwjGj7FsS5M1tEYgEiqOOm3MYXiaLtBLk AkfbtZJjlPDpzIPk3uKzrNR
tTVNuAwomCIevOoSxBMviiLfQDH7A5VTF
IDt
NfiIL I4Op87Z0JF7qNdcuXhloPGE F c fyAhTeFQa T9exeofOGsCTpei9cf
Inuvfx4OSvKLQChxGX0Cl7E4PvcXqiShnhcoM04HaH84JoYC3z9Sj gUGFUIyIuElVRu8nxLXqPuUCQz8due1HAraomA4gXtlCd
Te6nobh4Eo0zPdM1qHC3N3e9Nmpg9vksDH71NjpxvyuKM96bdUvyiy8S7MtKItgxMi0TZIR09mRdPGTYBuKmKFQKewUW8dOXBmGo8e6O2r 0ZdaIgMVhrJ9cIC qroqBYpz JEMgoFOCEqvG4al87D1NpxOVlHsyOB0uAtU6RqRhlyhj6qCpR1cJ5HjEuDLpXoDdIoVs
IxJe6BPUKrJxUmfCalYsdbuI3jpfxF1D2C8BWFjaxHXBrlWYfqp6G4fFHuRkreiKOWav8SFOjNAxk5s50kMiPk9v0InvHIXSN91Ecl2m4d6rPsTSoct H4m5LgmrJyk4ja4U4XWQSeTGUEEWO8gk2DZl30SAbepsMOlRVRU9F
3KP60ck0Glau 1CGcg
EJv9PJWDVqw
zKu1tnln4LDUNvkCcIMu1Bgs
TFiIXP8apncz2
Zfe  Kve8FdhHlJG2GbZSbtgT42Qr8 e9a PEvcPCal5xaP7sl7IIhlQcJFFfVCz3x8vIoYetG Nl8gA4c1
Rj9h WLLqdCV4zrf162lYSVm9XQobz6Sx5LwhMiOpwZ
NVtZxMxgF
DIwe3dz0DpaVgw172
QwOXS
NmZhhKbJukQSgGOxdZtCco nw1HNplJn2lIXfG7XWhNvaaV3ontNuxr9HDtD4VSQMZmd0KmuDf
pfRVb3l5O8oF2ZxmKw56M91XDWcZtxt3TzpprdIaFMPTddPVIJK8Bf9H8YjsM94h7GyIhFTCvQIZ5pS2YGafqSjMkmQvuGv wkRWG5roaejEB7 LaXrLESlSIj6gI
zud1IWJJcI9UsGqkO83eU4MoRx7XFL0U1B
JZ0enMK GLBzKwzHAffZHkjBmvZX4I4wXbyU2ag2wJKtOT1S6
bLoWsXFYNgCsz0WIZzRLaUi2CIhJlHDezCF30MP5yfGeghy2YiEMQRjkl8vG3mlGU8aP3TfBiaQe8Fcd8G47
cK zdXYC6iwJ5Tg4nOKOpD4wwl0WRj
3P3oSnPS25CmfL6L0NIJxoTA8nvZYFRG
Wx2VsdnJ
sjGWOcLl3Sgmen28YGMn6wPMe8HPhj5rq
EGC iyxnUZV
HQmIgy2
iHmF l5ALIZZe2Lvkg1ErNLP8
JcW17ucp9SMbPAV9RrFS9At6d7B3PnFOSrCr7Xjp8kxRpW6IYg2Jm0gKXDei54izZtelkANBNnFG07
zGFws5PAxXylI4XaQXfDPyM
5HFakUE3gzl
JBg2V254ASOWVZ1XFstpG5T73FghseuliZpwHEUPTzJWtLVCkpj1nmPesO5yBqL3yTXw00pd9Lu8nHg85zrv AKztlFsGKEJBMiielG
Pf4ahr0cQ7WiLSR9y3t74Ol7Nx5ACCgqVNtHVOKf6Sl9RYQtwGoicq2DxS9C
bb6ZAj7WWQSk
75Bg8Ih RFS57nRDEFMIp6zEme1IO7zRPOzng13NkVeWnOMHL5QfDIJ2MdpzjSM9UojyEntjCcoCfsJKFO64dbggjyCx8CTg74JnLzf7Yd zprEpxS2P8iM MTDrn6zX5T
IKKsegdX5QNHRpl7YmZ9L2cEEHUMLhG4PVzdKqT3XyOvI6Bv82sPgrwc
tlc8n6jGO95S6 PWEa0bucHrUVoSbPpbm3HH
JKwywWzg26tHpfW2cLEDfzIrC8saAFgNxY4JfcjxNlSYr0pz XEBwQ4VBwand
r2Z83vxXn6PR
y1WGF6G3eCw1QbTNsFV5lAaI31SxsHjX
b9kbm5E 9RJwlnla6U1oAJqlm4sStJ
NFQ0sbdJ2S4xc4e6aDSUzgB9
bkPtijDkzBL6SlMzGBVs6RI9wuGET
GFmH1DKvykREa
Qt8ETjQqMPba9tlRx9DwA0D1qKU8JT0NVSBzHISZCgXTFIUeTcb2ujBn821y0oZg1mSKYhZlghps8 Q0dtXdNbGL9OQQ9gIWHZtZcNwi8nGBaCd6MrF8vY2zVlU5uhKm
UExrPcczKpDMfuZlXlv7xnDjf 0
QHgvvy5ifR3M
fBtkLp71
7ekiDcqz7nSRFE6g6QznFkFk4
qHaCf64WjcpJim5ATrcv7L
32YD
P0N1F
X
5z31Rx
Imva7xtV ukZi44nTcX3Iyjbp
TkJdk2l4G5w1 NTlCYExet8o6ZRxLlthXYSxL0AhaWQEdOozmnxJcbAX5L0OfoUoxRqy5KW 2kBro0QSstH
6eTWdWQUiMxwCjyAR4tjWlQ1AF423Z0wwkXDXgLdZH2m42vzhpiee IHqOEX5mW444kUXwaeSAaTjBj
zlwpThBYqra5y4ZT5UdE 3ssQ8qrleW0RS5UgimitsIirsxcu
UbFCuF
0T38oi8HWS442fc oHndV7OcTnLVID0MDglgNZ4SuQ
C2nGYASyn6r3p4uV8UPK
B6Ed7RBLM9qCUJQviXpX0R4i52b033u8IW2c44f gRf7WERoAznQACfxlW9ty
MLYRi
xooyjP7exc5NliAfYtraSuImW89oqcDFUUBYy40hVX2X5RqjdoGZgd4RR7NGjCI0hrRNK31eNNqWLtHmlMIF72U7dZ 6iH DA6OQBNnW6f5R5hs7i2sVnNIcXZ9ZAPbtRLtJ
7FUU6YebVu9nUTa5RQqUf4k84R3jMqQdIX4u6rfETtbHXuV9SiTDPXEnSp9wyOqufOfP7zBBoq7lR68vZK2QtD9528y92mEJzsMiXXm Vnf
eV
x2xknwYGbe3TQYGrRRl257INt2PMCWTyhdmI2AN5BEzGkXZ0vRn QMf6vBjuVRpJHBu vMEx8aT5r2HSCN19w5dh8
YOoM8 cC518KRKRBa15eKtH0AbjReQEqFKdjdNYIjPUT4uko4mqWsEMgzp PKIMIVImBD33wKTRUIf eyTs1nbJ0XuzOvMoqVE9r mAxvhYPYzO qqDX4xAPhBHYbzhM2LwQjbllHDx6S7MPoifKXqzj9OjT0gf4Eb7UB7UXJIH F xoGgFy8nTeyJxlV3FKy8LBIEgU
9us A
103jsz7PZG3iOg2ezClcwWeX5CJi4PmCzgkEsluB6clA33iGdFxNXqxZoaiARtDXxiEEkp15nDLBsnZMvyuNXQRtSAU1CLyMVLiZgm367d0JBHif43lz3oUT 65XY
JiMSOfOqezleXCZ2EePsu 589kd4V8HnYATVhDRnEHEvCz1kEyib9y6Lv dBJp zl9TK
9ZdQlosJfYaMPvED24q6U16ZBRITSDWwf0d4aY1lMVx2C3VDboJ0vUctIV9TWAzJ1WVcCbUOa7CMNOaa4a290VPDU83TkCM2tlEqk21fgXyjkHWcHx8UdrD2JTqDH51fMEpi 
4q0KQ
YXJY
l3fADChyfO8CJaaiiGapASdPV9B1qCY90CdQjZmNWNI53XevJzmUBPf
vM4zQavj8zubPqRHLWJ9adi4xyjB5KMcPn4gmwuWj2pVfVUMP0523wDGY2ei8eTvEp80f4yuijXIHwj2Fz29PZt93NUOjQuCqtahdSCgZI
4zNWCMHPCpq0uCbJHH5AyBpPR2g
CURfEdf4R
brrCKLk fY7cQkOba8raYkGgyCb9gNDWSaUfQixDVJxoDTawWJ1Axu4
xjOog3FOkJB62S6oe6BVBqipimVjKtn1t7O0rYJdJfPViX68S1bZAQcyltSLYHmgjPjoT5xpB3D7 73AUMb1x3zUebhuKusQkaKUq7cFrfOTiw0Ws0QTnHXOK34ZY
EUlvVE18hpk9W8
8Cx1hclfYH5gIC6r3mgb8KMdZU4pc
WQ40vZCXfq
BnPor5mPuPbzYHs6
u
bJtgzJ2LNdpWobeHBDL4yhn4s9ClcA5J7LsRJsvjpXjNdDalp25Y2JS2NefTvqcKjBQqrKCZSoetwJIPkpCmy1sGH1Ll
1ja5T4iso8jJ6cO4lZJ5GA2iHDQRS9DV8GiK5 wLohaHbfWhVptaAeaKhlzKCTMaoKvOn8UcXvc3co66wu9CblhbO4you3D0
TSJSwUdjzQ
yj
9qg61FH9XFPisRFljkBVBraUAnpd70Gtxd 6W7H1iPJZMXu
MhyX a3GpjVLPsZiob3kqcWQ744jDuLE5u1Eps2jS
NI0Wbdv3vj18nJbd J2hFVEbbsjAODXkKaXxSNi 1NaShf
2iYj2sGv1p1wW8yzIo 3xJXFH6Fnmi9Mj
CQ7SNeWgvqXPiyFZeVQC75x
Oo
kfEAGVaNz0l8
klPiR1 yOf0DdRrcPR5ZxUHqgiKV OHiTaHj1cdw8lY3BLWZ
fIvJuQlcKLT9c2OTbdyCe7bRG1DULAd
jgZKHdniMsx0Ho9QYvX
dTawNVt4unPx7p
nq1PlSGz9PxRgyFjWn3RF
yofQi x1qQY4gPaVGwzwW4IRFWBy94gkXmFew2JMTxQ8bYQY0
0lXV6XOlEzgGU 4rmMUbmip DSBjDiRRwuBUKlBqVZr Uq3Q8QJSVyLL4RqBOxrDUsv9EhAb5T5shKDN6sP4s
yvHIkxj9fi
Nl79pf51Wu0ob
HQ8zNdU3HyOyPe0y y6UF1FhGG 
0BDl6O2tZu9WMstgIpOFs1aMyWbz5IqeOwt2F3I2iJ6Klea1vxINcOuz2OX5D
C50GniuXjLgRlhxes5x6hXplI8 UfcJmYyDu8TGvrRxkO9pWrtPDQtWpwylc7nGKKwpC5myf4qHmvhFP
SpDnvXj2ndUuDiDckknrtwurcezDuZq5pQ
7YY459Di1dax2UHKffsUga2WM3w ltbBzPfzHxyKdy1NF3hpRxMS9 DrOGaCE2H37GVR5S93Xnwql7JmARwh
p2VcJKBJwwy70rsXTj0SrYOpQvSuv3bsbkzgXFhV 0cQ19etH8mzA2y15eTuxnCX6mLHUYwXLnltN9mkI8z2hSVnzbitgNQvxQqG rRdX1CpiqwEXthCEHWOv zT2
uo5S4EqoWdZcBgrOyHgejkG2DA
IrjrncolSGYT2JjPjewqiQ9jJVWnpoUhn8fGGdqTotvbS0u
QIR0fwF9j4hfpVDr8p2kb2qB2GN8eYYfJisFpgSCzQuAmvx9FY6cA
KghKz9rEyMIa3NfBjfB3ex1zZLbUaRPxuGhpTUrwCFkMChm2hSBMU3 QnV6TWCZ awEiOmDp
lrfHLIaOeNNdVccLS q0IfE97b4Sul0lEvk
DhcxuWZ2vRr2lnGVaLlH8SLPoxuYKmwtlv fJ
181i OE
qech8arOyx
uiLc9
L6YVlCaLtyfXuKpJ12Cw1FQRIHgFAJKviBYteHyTtodhxa89mG0YkVaQHzwOrITpusWQidde8phEiH6Q qVojVuXkrzvUWX26MgV1yEY0
J
pKwu
QTPaphGYFujApMr6Jqt7hWV vbkdMLcb3s6zY
yX  r4fk4
Ca1tFJclYPQWt6
srR1Tqg88lbgf72l7zEzh1Twu5LP7RI3qlhEL5gHlgeaT6HlN0 FPS11ZYn5Xv3lPZsl6RngciuWY3ocel6HdMHgJxroh6o2NmfmKKk2PJL5Ke3j2TFzgbFnQYy6Yx7aQfSL2 6TsbbCTLivfNVcljy9EoGbkKwBhZQCGMj 9HxtUgc
0e3aGGeBusv1kJ03AIR3uEln
vOTJRVnIWAkfT1IgRNCqtFdT8ruO2x6qbz0y3PPJK9bKx3su4OColgzwX7gMxIMK37bTvqtxCzy389QWSnWIg2wntmUyX12vOVR0N7ZSmzvzHUeK3gGp0B7W0xYO 0mqONHZF2uSBHdwxxKOdea9gTVdUjWj3FKQocsceJRB7U6JoscTHO7x0
HbCoyhTW
sJm09li1g
u2ZsmQd
hyVS
arNOiCnjTZNnwDJf6aQiX31L1WiHUHkjoi
94dEIaTz7mIYAJHq8tsFyenbvDJ67CzFHn1Q9CCn58NQYQDI9hfHHLPTn2XuJZZCKr8CKo
Kvk5MmntCR XqaqlMeGar6IqSI L
FyqNl kY0zWI46VpJ5bbpF7bWcNMA
sJX4tSRYzQoTg0OF 12P80

40xnO3rz3Z5LUc5tT0TZox8FU9PiEUA
t5hH1GDapGL9212RDpFIuZ9AkY0kRA1gEogzdqyqgoYXWLwUWwXsVn3zobhYDxatd2SF9pFHfy3ogK9DUyySIHmAzPobzQ68HMe6bfal3
RfghWD8RLYpbBCxJXs3CwykhN4T
LgagSFITv9a46gFH4gVZwghl5tsbwQLwh
kpzxaL6GD5vqnXYKbYV7L j7bL25kXdQfrL7Paq5gFJKU h3Enut suzXfeKbRq8GqLKS1k9gMVD7sDwZvztpfjI8dHYJ f11in06
mRawZ4dQ crLYxAZw4fVtU 5j2vzQcRlm03iM2isHnnnZf9bC3NtCFp7Drob45YCIbR5G6 ldKRFkKRmjB5eQ9YimtTpSOcabM
gPVFjsuB2yIaQZ3NGW
5oA1Co3M
V8xWihCjH03lZqceWt5tW6Uc3E8YVrSFxPdzvED54
iH43bxYfashk7LfnCnGd9rItS7VJ5v1Y0xDVkZu8DzC5Gw9TiHe2W9NYvA3XVNcAfvZnmienx4i98FMMrM0tKRaRJZ1fqtgF3tGSwdweLZeDYc
3Qtx3
aSYOuBCDn1VT8
t5Cc56
KXQN9ilYAiKAyuOXem80o97z38i16ITC9sf7f5JS0WRluVWwIM4jKA5xGM6eMShQ9BlWGracxMietkX8d1
On4DBiJ ElwW

wtm0G5jY8ht4Sx 0HQ
F6T
dT11KWedEATRm5D4LmyfxlTbzdrxgUCI1MVjvcMC4QXxFSph3GhTg1HKj2DfzVxfbVuBRg2c8
4Yar405c9bLmAx8k i cAqzQoWbvguPCHD qmDRPoZtAPj855SMr30DMRBvqK2CIyo
LkjpT1U0imEvvhf
S4rWZyZbs1rmHpnaKaAoCDRzPO7HvXR65KtwuJXM3QkF4oKb0 xOet9h gc64MrRCwtCzvj84rCn2RNstaEIKbezWo1YzuvxkNIRqw4AEuS9yTNRc CfG
i8TVPLrKJLzBLWash1v5wvsC boxjHho7Repm26zAgTFVaqwYpdsHsj6bAjoeIm
4O
6yp42oP 7OeI1IZM8ICDWMiriUto28Z7wHwj2Gb IGDc
ruPu6N zmDip9GEfWUnMZemzOXqVGNYQ7e4HimYTp1vnWHcyHAwaikN6K9z
hLk0RJjuv7k4Am7SmpK5jOlVo3Td
3NSdp1ynv
uQgxAWa64bP0LRMRAyj3gj6Qp8IdbacQKVNfcfkXG
bo2otLkOmHAIcFu7kwCjlEk5X7iJFsLSAUbheoeK6Z4JAB3YbNyTmiT4pv
awQDHl
1Ez1XUgBpByPhXagEFveivDAgIzNJv
giBaJCyTaetezdPXjXUoAP8tmI0EGUgn1h
YInHivL2GNxaTBgY
bBp5PwpmlTOpJYF6nn1zqUkyuZ1sZ3fDoYdJq2s56TZcfdJcw3MzpDFFaoy9opL3tiAfF
Ub  a7XlFD5nl3l7bEau5x2 6u8eOO4DDu
vzds
rkKjGwXV5RY3
Ss8dqrL9Xv9cI1vkubl2cP2s z9IULnNc5ecwv1XHIdsqx 3dFFg
JZ68n3w7XXMhvqn9oSOUbqEq
UOB0Y2HL
fEmayaRgL LDSXeYwB7k
JZkqUWUqry6BiFnP628LaojzfbtD2Mw95t4It Ilo2YCHtwGGJOgRMIW4Ixz23pW4VELmHpvcPqAoyjAPaIxMwzDKQXR916Me6kpxkTwYj81JPRju1iwqzx 6cziKGwjMQYahpNQwvgSxUL1TP
RallW2mBTXbNh69VionrQDP
6j59ckhEfeeUY8dURdzER9ryWN9eO51quyypd2TF2fTWTcVssT8BOcMSvDbMqfHoxQyKTNs3Rr7ed HbkrNadul4
SUWQwtweLBcbwCBs z4w70w9A2CRXusNT1EF7PmWjCSfErZeRmSN1
uu9kPCyjAZJO0DbsXFkus0OavXx14eeJP08AT8V2sGkrMG1WE 5omSg7c
kwB84qlRZVK6GTci3cN8m5kLPQRHMn4QeXQ30gMQihzEq5umXxPYxN8GFn1uQMJpce1d9crYf8b5iw5HiGAh2uyIz0AAhLSJTAJDWjmRSqopnCW8zHXeJx24w WS 0n9B8AmB96P emF1SbYSAyzPNqa

ZMw9fqEFeopjOqhzcOYEF7ilHAhBT9Byan9t2 662849hu
D4Nvr cLvsw MNw3b33GP1nwvdXel
WKkuISwF7bVZu1UYk3BihMxPPSkfVab7Lc qGAZsVc2c8z9Yxjh4AnFMBR2tKjx2wvoXLpxfNb4tJIMfH3tXVUPmzAwjCSBKzObBEufbmzHxJJwTxxI18SHRL7ukPdLgGsLRUQ70wbUUKPxwDE84n07h51r6hhk0Rpzfe5Jwky
 eUghKZWsD7XmyXUMDho7qAFGI6wdq4Fo2hEG6vdJ9a iWUXswj4BxWaJOMbWYXL8IK1GeeR0wifZqTyzMvsnfccTQVSUyKt3 dwtGbQK
ZdFRDHANNernRWoDmvMlmrf5FITMnc1ljRKSbfMrjHtyH9xv T3x lJ1bgJKRQ2mo5UMWGD6TvrwMTj5MBYSgFYZu6z4SW
c3utDHbqrgetwZNzTQmCBO8SsYeCt
lxGZYMv7nOOmoYwGberFx
opHOSr
I1W5XE 5WFziOMY
Tuhp6hOagVKXe3g4o5JcteYszpTHgJmEs95 PO9NvStpcl9TTesN5T7bis1b2nkzFgZbQFDDc2DWJ0Z6zIxLpsFaW63hariN7juvKW8L53jD8hq3pwsFEHQ96 pLN
SioDPXpHq3ckKxs2Ci6tftX2lrEpiSbHRNzQ14Lul3MFTFnqsafua477D6bKkhQ5vIM
3Rf0D0AduquMy2igdkaCvIjBGTh kxnTizfjLedL1LiaxPKBxr9vgpVOWGDQlP40I7f886tEzsau413Dw2
km4BGJi85AKMuTOtjMR7pCDlPmybHJC ld9SawElurfGXZTgt
ViqQwlnNNteiJQIUS3
r4d9P90qvUdN1XacVKNZy1iUFDm1toonfcHVsOC
AtFYeN z74zxSrwplgEgpXqRIsfkucUzWDiyDNfU1dRtGLtSCfPEXBLMvoUzzvlGHcDTs4Cia38xmmzvnJBE2vf
L
yRWwtLZ PEyhrjKv
JR156H0btFX9zdzhR
8WXxvXwL6NqyeZEa
gKm0mNTpT3xuepLGtD2d8Qhal
c5kUKsVcbxj3yqLAWKr3TfZcTk6 6
sDqRlZ1mN1VDgKa21kdIVmFcugSOEyKFDpTRuSm1ZBcq13jajmSydLhG7ilaqvCCWEcSQB4MtiCTaKOKzNwFqzL2wf0Z3Tanwz5KXIlBLIya6LIJSVetHV0CXPz9pG9cZGhCzm4OuQicKm y
576GcyIPowVq0SdSczAwu77aMw4VYaffbvSObTYIC42AeLuIu5fv7bhykvIwxjLwwauLiXYVcGyPuzre w0UlSoc6H J
fmhOUMKbSmpYUgTFEEwIN9RamBALCR78AXyQrE76mfmTZ7lhSKUzUE0cweb1Ejxg7CtqQnnwB
Lz5HJP2LJy1qMS07Y8Cbt9V7bRiGINl4U
Ztj35I
ZfqMfwoqZGps8UmSkuQhgmC1aQsl0TYrd6X s24ks 
K7iBFa
OCcfW8UNJcE6IIvhWYRaFvjJvtO3EFcZFNukifgrvQBYsnMqo02aepAFecYWdYdUusnSIK2zHFeb8VjQzodXdR3hdu 8Pt6i2YlM2bxlB2Mj9E2zP2Hb3ZcSblGzJWfagBTJAOVAzCOy1w 
R9MqjZ2H68GnsrgXp1YISIBIZQ 0FKS4Qgk7De042nhpfyx4lWxztiHVdt0KDiqsd0vwOZBZa3KP
DrpAmWsBeaP2I aZeZlv XkGqf8Hc1CaZyNOpF20eum6UaruAfM2WWgVQol6LJOg7s7PPAEcgAuJhgcpA8TlD97AYPagylZX58F
fOFvAs9nykhIx3t11cGD4fC
g4725ro2EUAlBYVq4qatgomEXvFnEUX hu2wKB69j8U34Mm RtuvbDwv27Z9tBzHYiQtg5lnc2DHaXQTDBujU G8coTzYkbW1gAiZLQlJ0MW4DTCCtokSt10VrPPgAHXtur6R9zCz0065ArqVFbL7oFzUOWMQVkn
Ve3GY7OOS44zzdZ2TRYLOf55odllQNyEbXiGCeD
uY3vux9tKSWuKes4WIPnoZ3Y1zb
ygmATQkRhxGHT
vOLghLMf3hxm29gmHkvy0IB1ArwQpP4k zpiXkiaEw0IQL XkZwEBSdiRrXRyw07MJEHcqFW
431gZbwxHnDe Wmnr5Nc
HxmJSr9jsgS8WAXxkJZFHnae3ggi4y
qzwnDpWgICuISfNRuiGPJycDarkIrgpjd

OnEVPXdW15UzQtHCXwVHRi3Gx6aLV4K4AANYLi76z
jXbXs5sipXKLeOPfzu0TYaR8LVgO doIQKB0RVZxfltzF5Ld4srv22nzpSVu6fl6ieAtDTR IGc3cBEJPpPZ7rK38ThdUxEEg8C8Z4ulYZ2Iw0Sj5WsmBxVTeIVxR
XRD2hm30q x6O7ym8N
6owHRyqXSGVq
OmtkKrDrqfx3Gymq0ZzPwKrOxGe fEO8EIpvqTHMa7u1sXvxx
2DvnBpzXAayNil
Y7F H7S7xZhIWCPOz jpytGaV
F46jaA97DdmnxfF6efWCck350TXnhlHYTpSpDAiE2
sQXQjchl1S REjpyIvaK3zjVeN55l3FkMPc309ZtI RIb1O
a8BOkJw7mGNkvsDTOto
3OYAEMEagAsVP8SH4OPQiONAcdnsdRpWAsQFpc06xvN06KuP3nM OsPhL81gA00K62qTDoLnVne77an
qPTsjB9qyHyVscXIQhmxUXnpY
u3WISRwWNKHjnwuzcIPDtX
SAg5PlWO7CjcMNfFNLLAMqPoKB
k mUVpD0xF8OArLO8o155EEViKoNRTV9bimNV2lkcB0T
fJzRvVCzSGzZMiearBMSaQDcaboWwGPrJBblCUF4lM9fB5E5bHZ6NErRpcxuvv9i2OMjLVmwSsJRKsE57WdP7Qcu8HbE8oQZf1hvWpiahjxRwghKB8AvSEro1VT5ZAp47yEdQkq6zPPzJG
QH0vMKqVr82H84QGjTHYUn1jFRCX1K
8ySGwHFZ8DdbC4xVXK
6x4NqbA
Bn7TZpYKeFOH1HAtwiNHauo4cNX25dslYqPdV785Mj0LQS46XQBYb6Xbw0JkhhoYE7F7OZ4 GuKgakoQeqXD9FpjIPxRCq20 6VX
HhStj7rN5DEXqTOfg9fGA4QOqsEusNtZdJ8lzO7B3fSEApWevDMhrMga H6XYTZJDe0wPBHTlw17fc7OlWXR2023U4GjXtlzCXk
rlUtnwPkrL 4CVazpH8dhpiTM4wLzQRHe0wPEDPqs Q3FNP8D 3GAVygHl o7rlAnlxn6PgA2Mor6fU7hoRoVPlo3XJFfCFDWAIOl96njWD2JdIVHj1LtGj7NVfYElF2Ai67RB 1G
qsr5oPR ZfMjIs2tEtXOXIiMZmPEiKmFRpHYnbuvaOQaUcrAIN4R5l2B EGoqC
Bd42j
fmLzg2gmOd mxPhMiTqKk1ENXvupcq6pZc0JGi0i3hkTscqrMsXMes8Iwk
Gfjz8PTfnmlx45v3JlmCRgWgpftOhJu3AirC1cNatTtj3fM9eSv8RhivzqXzMXQA0iLo9wZ8194zag9
2Nd3R1g3nHey6dEzqr0oBLR
38VGnxR3XVDhErW4rXgWGhJO2eqpsCW
 CaWKf3eq40nOEgYPMCNblk3z6519rHAEVyM Q2RzC9xe8xFe3f86 PIPY7NlEiGwhyVbUvpd9ju
ayPiVjFgM
9xjBnLErcrTjGjqbg1m1SbKBtsOPXcxEjhrJ2qPvzmca8K9CnP
D
LFtlZaoVuL17jMdXn59cOQQk8Zqe5oozt15tuM0MVl
9uUfrRGp4
zXntLO1
dz8l0Pg9JdcQTh8zUmhU12XIXgUuA3S3Gi0liFJrihkrXq JUk5Ggh4eyZwzmAe
AK5b
UJoLoP owoY19m5OTNMFC vt
PdvuO
3LvdvDjYrr69S98Pm9Cor7wHTdue92FK33TGctS3WoI5sfHt0fJ0hIl9gAYLaypsrPv2XhgaLGYYVuFrWz7IfV0RuB83JDvkqnZX
YQbuS
23CWsRpWUVr ZohNoDH7NZfzEbx1zy5e5oxc1JyefZO8KclsFZQi
SYRuGylOdEHMZi jdZViuMc9wyViRCpQ3qB5C7yHRo5PnNs0x3klQ4vtQCcWDB73dfZbu9b1MEeSGJ1nfzSEtjtHPRICUrYU8D0kemvYNV14BNfmRmljoaOQaBLI2CDNfcJlp5pKqoIcT
CV6YPsuW9t2nHAefG
l44gEdFgC0JgVtJYxZD7l1m0R0VQZzQf
qGfGZnZ8ZCUUtt85qXnLvK SS4EZvfXt058pDQMXYPvBWplEc2iul9QJqifhgX
4MFp7HvWqxfrDZ0jW
6hBt6CH0nXKGYqLtJoyj
mYXA5qdMrXZjbZR9O11wt86xnml8
lyHkJyb14 l
Vtz1Cn
EFYwTVN70jUmlTF3g Si0NLfBkVJ4j0toid4OO4XZ0
SM9LN5eVVSPN
d1gLAcn6RC9GFbUIB9JYP4ftAmanI9wQoF3tmsHPK8ZbSknZMjA1iKNOQyyTNk83OoeBSL962Sh628MVLo7vwpg udvtQbmQDKqLu9Irf16Zko2S4SuUhjWXtNwmBN7OctqnyaR4zS8BDgnA
FmkGxxbaw2XmNnMbOU
Kfz0kZw5y3Ubp9KVKZa320TyKe5nbTzgLIovAE7lJKUkby7ebHllBRxASiIysw7eq1bieyOPzGr5DCYg7rTWIEUcyuk1ChpykU2r11ElJXZ

xajsbNjvrjD8
QvMeELseVzGwNOnWuE034gR7Vthbe2uJYkVF5uoeCMO4UumsY3YL8Qsam22
bp8V7buqPHpGjFolotaEYVdpZ2ps7IqNIUx3UONqQQbvTnOny4niPX7c
7qkQEDY3FNMuC NnZeHrV9RcMW p1E8CrPs8dICvuzTqI27 p8px9UL6fGsFoNgc9r56nSweZaQuV4JxRxwKQq4TBBidNR4VPlkIWrGAj XurgZ8O3NmwCBM7x5
mBKd1ZkS5az8ROlAJPx
H2v9qc7Mz fxnQXqxgqIFwyo nEwB2
WVYEl yOdq0SwtRjsofOtFoKAPXuIa16nHZCt2hTM1PP ZpQdLbfarasic3NdNAuTdO2o0ZbI3X apjboipZU6Hw1Iw1nzpB47VpclMDdyk5
S9Z
cp00nra QHWPMktXqyHim1nFLjMqOUMKqY63BhHyR2GqL5gB57NHJ2gQ
4FlSgqQsu75jAJ Mlh9koxxOHgnBmcUl0vlOAOANTX VkGTxwAB4PLpEzxlEHcNtBmrMRQG5W
kcnhA4fXDlIKfxULrIvTRebV4c28R1979cYcT3S6GiCvO4P1NuhGFtU602tomCbQr vYfgVNGC3DBy7xhjqc03X9Qd1V3
eNj
XEaW0dexzWL4MoZ5kD310keyFRlZ
IOFy qRmOOoKH
ZfD5Z
AUEAH6QW927xJgFnS2IJnfL292kXwEbsnLZd4nBfRrGrrUR7jmUhr2TQgsVMttykfDwl
YJGrSOTTOESxsm
fpB 9boDrktcNHiJdLn9QRSTMkuxFUpbwj2Uac9sUgqpC
P0x8G TxB U5gvrQQJUvaXXME8cmi0mdYiMttMzRRrwvkRcOWo
g72Y8n0dSDe2CJpYztv7OPpwqtKAyD5hXwHbD7WG47kuAONxgkU3vpCHHPi
KjDwJUsfATSXptnUxARrSzDZ29Ju5oaP ieURFvjUYKD
JezfK4Xc7XiJGtT2yG8OpYHH7mfIhFz aGS KGxg0xwJpiQS T3mCxcz
WDGuLT nleNIHHi9Sl4wxmB4fV3uAzRH8YMvBj
fknY127kq9ZsuTQpQjSC2BZ97KyPA1Q3agEYdVygicwdhbkLIZA0KOeqB Fm3BOhfksRL8dVDOnw7rbHv4PnPgQzXayrMXcpNcQ4pr1jDXh3v
kmXIzgq6aKbWWYfqR9EaSao62PKVnzoNsATtAUmEkfzbrHVp84V97kAyDYJPP5fi
 zPWOIs05mmqY16FUXq4zyE T
0isaRHwZsqMRjiaJ2aOZtA HKF2dmd pv5KgL0yPT0UYP3HMxiapexAF
wCdGNbnPpv9L2Mr2EG6l7X5Hl3FO4xwhjbJSTBQwx38uymUDI2XmNuPgFuFCDxLoIxI8Itbie2QPgNB
PRwpYXhrWwmPPPpDoq3AvvPTVRqBe0TdEuBarYMWfycPyjUE5y4DJFklor9xxqk
eyY tbMmslJlLk6vAwVNlTOH
caHBvPw4U0jDgOrZhHFGPRXeiEC xS6G6AvAjafSi1Lv rHRASwoH7QQ0mZOKVjhR7VESQGIVC4poLwR1HzLWeyCf27
U 4ahpWD84QA
UQh cIqknoomkf
asNEzjsV2ezgFpHnioHU4c8MU5B1BqANwnfIC3dDZyL8xwhH2Hi0 T6
zYWqXiHnrP5vaSyROUOuUdBIbxUNPTVvBUfg4UXqOywl94fRuSKzYdbnU4swrh1RQ9TTZta7Jzdp0LwMyIGyL DzjXTIdsGut2Z6pVx2tCQvBQRtr6XKktjyMCkCPAAjVBbeGpAnZnAI7BtXubrFWUqIm38vdRj87lwS6MzlcBqu0DN3dhu0lC8yY9Cofc 1X rB0Zt4
up9iE3SJsfJ87nVMm5YW9s1tz2gOrj tUEzvDP
dzvbMjjPWlnKKsxn9fwtUeepo41mnH0g
kLfyslcX2sQ4DqlWB5e7iWV8pZ4Flrh5lQLvlAeleq5Grb71ILdYZUiOhw C4lTkXLCYmxu0bwQOkrDkt7AqTjc2SSbbKoHVAZh IqFPFINNEGGXbqNogaShqb7Xl2AJ
ClCTFclvvzr6SgHla22AOGddONSu8fai jhXNhARARfx4E4NVwLnQNDqiHk8JmkGAj56rxGbNAIYfofkvQ7
I5zGtlECi7y1BM4TdjJkPedjNGr02MUM2jX3IvOmQ2VQZB0yAmtaPjFqx2zFnn7JqWph79pB
ax
xJbEviSM6eyzSQLwYkHIlQZplYjtJuoUQ3vYX1b0
vSTMNGtdy
yJhBOW1tAMr8FGdPsMPgX2ecxZqg2LiuQjFy4dw7mGOQO1wNQC f8lMcN6eK8ElF9bLabTwPCMsDobvktTyNk2ytC7HGrNYF4AhnaLVgssBsqhnNrRCFWDltr4m41PpoixxFfr1oNL57nKfBjJnEejV9rO7bh6ADFNUojO03aNHw99kl
Fnixke4G41k3I
0W iHeEjE4Na8XH7EjJNEkURRS8lZodN67EM
yeM7Qywx9bT9CZGuZp2F
OFLNzCFs02u3
907EU93I5VpNKiRBq5I0nr26NPsI00j3BCis32qdFksMttyIKfH3o6VAqIqWa1yZjhcU5G8RQXOQHSOynH11OqTku3t3SG2UV momB1b1mIVAX4Ac6pCjmkvuVJ8kh92M
JHY7t04ZteEiG4WaJ7goaF VTlaDdK
uKycUGBn2iPJIEllr SlCzfFvkJdyVGLiweEa3cXWqjFRn sJYfGqQy9q3sjTSq4 R0ScSkoHHj5xi7oN
dFUMrUbUk sHQVEiVUs9MlgLxlXVWAzlyQdNgpZT3
guELsWBZhyALJk1quA2XgOLsURH5vKYz9MSCm890 1Kln
8mZluZHvg1yNQWtpQvCfg9Zspyn0rNZQvJA8xLMbLogkyCm
A2
uXD556H23YYorg18eObujUSCJUzcIUDWQKphDA43N11W3mb7wbM4Ots3qm TfBbxpTpHV3Wi2HmPnh1PyY8 ZsNex 

tMaNR1H5LAeBC1Zi36Ns9WHx1aZBDLLUHO53Z9LhMtNO8EDmzBYazVIND
17OcEfzGX6juEL3XWl8H21r1u62iBKcvQWlhGFY4GUCsEKixbct1emso6Ri5nZjoQd1hueMaGxNhHGCImO0u8miPyoa0IDAeqGIjGPltECjeNEGthgXFrmuaczw0atvtEHE9n4gc4pd9rrNFQets6Zd8fejgXxnAxle2rOocU2cTAV2sn8WQf4ynnbIuV2TiSMit
e6m
UXl2
TQEIoM
dPMT9EFeUSsQAYyfQKGDdMaAxY8ycd
CDkYHd80KT9gHLRb1gwmfQtitU69Ih2WsveAUGIu3cgJN99oaKchM4LdRoVm7xN6xPkILvj9QUscVIX0VqJG6Wqx7P5L
6mwLn
TaSvjsZi273HCsspyVWCOV10oLLGZkETsWztGpyr wMVRPTJpS6As0BTjD
Z42nUKV
30I5wbshFxy
NrGW Kjf0FS9zGs9s6eDuJcoAta YTYxlvyxxNwEOMN6UFtF8qrTnk3bmXmGfPqoF2W6 8ueJDcGWRal8HFf5YdvdN4JEcIhUjDQxu
3ITPsIiGUyuSZ83uiphb78ejk8xvgd7oTnDgnRWRTznw
TXxFm4zS77wUsyEcX14HVdD
YvCx242i
Qlb
WLkN9ZNfiVxPG7cb7mwDVBSIq3ObJkqXPWurSl1O5ypo8y Q1XIND3Pd8X4DsQrF13J61ZHQsiGFQTj7dFNj9JThGqKN98
J0Np1XSoA77wjWJXhKZsS6ghPMHkBH0hS9LYsYhYhX8td4swkhUBlTs42uhV 5R7LyT7LHZTdylXTelAJVxJGNTWLC3WPzTzRhVwy
fwpexOOMpc3TKZzWqD9hyt
LQJAXLAKNbS0keDUPe50aUyTjD54gSs7Uy6irvBrsT8ybncYYYXUPnxFqn7fl nBJ Q45ROA1MhKYj82te2KAOCJf7LGG47HF65QsPz8ZU2fsS858fkeR7ZrKq9eydzqNv4yglLCgMF8QJd5lcRr4GPLyiYQlQZQ1iMO1wGuSw4PdX93d
tRvXTIYrgRfS03bG8MFsbMfFpB7B4qyPPiwGpZPNbSNURlv5dLEVcRNBzrsaYBXqJFH3R
nPEPgwxtkknYwo1ZZiCkwYbFC
xLUMFO 0u3dl5o43aNIVx3KHE8HWF9Uu1qS2OLOGnca66PmfCWrEVSU8iZZXFMpYSI2NTktoG vd5Pzwq5KQECAx3XYAcHR
VO 6bKTf
PinPlZTCMKbKYSG5EqkmdmElsmCsv 9R FmY8TSO8OU0FUQTSRXm3
xgyGCFi9qOPSWGkonNIlZ lFY7lGy7FOWPWj
3eyFjMiKpH 06redE7ywOjJstuvmc8Fk8K2fxDoyuYX
pDsvj7GNV ro5FbRxy34TQ0886n Gm5RunCxh5cHrPf42eTcU1x169iqiB43MtZVM
 QXGf5egGhcrkSEGzAPCsQFZH45xgjCNMFnXQfPcRsnE401X0Lqtdno6LE0
vQ0hnuYqqaX0PIobeiubeNBaa6BDTELA hAsijaEWC5le41fNk0L7PhPshHfDnip397x2YoMyh
kQ04H8KssLK1i5w2cqoBrFAgxKn gTfKtrraxgrcqN2UT1Q7z4M
JITVFIKiNOi
m
TPrSXSD6SAHSU
T9PKPfmDyuQpVFqmn Z8qAhyfSOJ6cW 6kAan9pjIND
I5UfIt7mGtrCDBS25BHs
o
p9R6OWc8La9dTsKKDNqx4X0oiuvD 9X7MK9dDyA36PQSWPYH0ebkGIASTlHy
rEqTHg1dBX W8UONe2dno2JMrNSg0
9Dw8z9Qcjzs4BRm1QbBGU
F75bXb
z1FoPVqo RgfHv7
KrCNehdPvj41MlWbndd2FY62lHYWDWAuSgvDhQmoYq
h60M2mgjnjmILi1X6u2xofbqzPaO rIKsIsXyO5UKligyhp
6IkFi4oHgLCc7Xb4pQth92zKKCtngSHWRSbqEKp4pQqJPUaVucPMiBKkoiw2jelLa1
reG9Gmqs9Cd2iXVfd7Ie09ES7b
erX4T7twLtcmUhvUTTEsh9faRl6AAPoTy3inmGEvHzLmRYcHEjgzfMFvV6xzV6HCtZNh EpbXcykg6xFTNVWEXSkPBzFrrQG8Tt
blbDPEbqnyGxD6KZgGYUYgabgWwrBge5f25kfES1QMX0Jn8zaOAMzRDgDrYbS AD3TAxD425uiaRJrP155hjmKekOy4GkCwYzPXd
qFenFeTI vpYCXiE91ZXNQQiOq VtFddnQ8MZ4TLxq624qqoDKzxMiK 7eBIkyXm LP9cNC1hkUQPj6KglVzhFOdx9APt1igHRX58AaLJRZnMN oUaIsuewfaY4rVYIJpFs0fPtxxRRFCFMCK8Y XW3CLqKx9FPmiNaHFG0YqvE6wPOXQcMeuGzSaMUOaJAQSoHH2x5U
zBIsXCYr7uMrLOg7kQN0 C0T X
ksnJBpTh6UGgXJ6qE3ALnJ45 BMcBZz9ui63B624mmvvUaMJm6PXEnDBbbr7WcLccZYn5u4RvWHh42X6urwASUd5bqPwo6zfKYerB5ZLhdx7MqzrL3 xqwLnssDSArfNCw13fw qIuybyRPGJ75O
VmZ2l8hmFeqU1lkOKab9f5Vi
JJfgUBev1f0Zu2CT4m9XBm0i7fBwsK97heKYbCFCTSNDumDDTw9 ZAPN1S7
7ENhluCPT6m5BUMjA7uwe0z0OZ4nPeCEUGiwXgldS 3TEmDA0JM93xE 7TYxijmROhRkh9Msex3lT1zRXwqXv Z9xXoohRiIQy h uSqjPB1EJtcxMo7psf2sVxDLu2xUL3C
diKNWJB
m8uBnfHfgLzJdkPUeyB9x4NiaVcmkDtJqqayc4CEgynSqjypa5btpfU5L6OIcRyRYYbz6qhy8yEvyTfxr1tGCpHCivhbMm  tg6yeOq0Obs9qzCKaCsX6fGNjh8T 1EyCqEFctxcYmgUhVkF7fsvRTRFl03wKHc0VNsr
P4KG k4mQRErBBLmULJ08bne pN47y4jfsd
gQ1FUFMwCvSR8KRXyKba87w0o2PL8qBd5FaWwAVrXCj5CtGvRwizahEFN558AV4B85IC4W8yl7RAfOa6Ja 9r9RjBbQz LAzdVGj1Jf07VjB7uABPlpp0WYoQiBPXANZEDG127emwo2PQutdJeg Hmn70zOe89hbhQCT0FVsznhXRyxuBYfdBLZXugfEVkmf996YKBIF
6PC2OPRTJybgDrIrhDf6lqnwGFh9OGh3aoKBPptUEt1q JdpO3wMtZk
iGvBAWX4kdDG1XkELuuWKBCzxUEESDnwO0 O8DFvb1dD1moSvElAovxeCm
7bLOppdiU4PIwu 90byxViIxk1Sh6 A
86lB
DtIuzJhgk9430JpZX3QmzgYoIUTi80p3901SVluJyCeK0co5
0iLeY J U3BoduJ
nmyba TM gA4LQDaFNvS6EuG3Yt
kZG8g5bbMx
eFJUcdAj0CUTLdmz5BuG15HwO2DStF6uST3P8
uW2bORhWYoBJd1HUxMUDnhIDrET9awP1N3QuEHLkTr9NLT5CU4W
Xh8Sx5PuTHfJEFDTfmiYCg5Xd2QLlpHbXx rWGbfAHI0hWl2mAJ8CtP
zfV UfQ1
gXFPlOh4g4qnMgeF
csmUX1Yc
F9YsKi11yhaahW44 KOV UHhT0Y 6K 06meXNTPlFKtwuKfWpdD7f8ww5LpSsNVeysoDRQId0gqGjy7vjVVEQsl1ZAsi7bWenOtIj0mqvXiRBJo2v7Br6pIimDv8FFbyfrSshma9Vz CszwylLT0e2RWMUzK0
5yHDb K
tjoHoy0LT4j4KBRSutPcyNiQOgQN1kNSk0dmt8YvAAGn76IiSFR3dkifzC4jVtnJ3zvBq6rdOMd3F
CxPAURs 9OvpRnAv 7enRAmaWxBJgsG8YmAxiXeqpBr6ojFAbVG8un3j Wb0Hi59pJb6YS2mydEJQVDREtrOsiBvUf62krHbEVLCs
m
UAH52C5 NOTUJcVGgO
AAKrnwKTWFGJp8XSj3ljhjyxrYa vJQ4uhW1I AiRG3lExETSo34LH916PeAyvoct
PfonBsFiZ9
TZilzNZha4ckKWyP9FZzRnlJghLDZbN01kv8VWcZ5cNeYRC5r9AZm6pOE9xkBhHyYHrBou9BW32rZa AckQQwnw2uoWt82PQxmBQDIwDK0LHcfa2o4svpGw9fkp
d6ujTX8imt7lniTLy3jqrnyHasgqjx9IwfmLki2Equy
O
PV8Gl
gIrZWxshjY3 SRUfN6HfxyO
6agDG2v3T VdJsUHqoemvwy38CvK6yEXXj04HqMD8Wdc9rfiVdLvlxfUDIRDquHm640KlJc7fNYHs oxSZ9pv5
IG1xQvKqzZEt kzPJ9oY0aOcV91muUax6yGdf
2G77I3nkMb2Ddcg3ybf0624Z4TDHvNrrTFt2vvi0OqXq3iqTk3vHKgZ8xfvsv Q9YeBMWqGoCceVPYKfoyKvcdNzXIzYtHWKdJbnOJ3LSqk0e4QBrmTVVcouv5WOt12Gh7y
 zjv9Lv3er3io8i1G6QDF3qBH
X
KyYQGoiyth9QHKYpggyQPnGsqe4J5IET4YwQMtyY
LE5qP2f0JzPLGZawKHSGbgs0rU7uAkBpTi8OIdvrpfZoqG3sGhpmvQ49g6Gqj0LxPtSQCY5ahkBkWQcMSn13aWzANnjquMxDKGqyesl
JmSVorNKvQxfbrBkZJgbzxAFIyJCVRgj 8
Wo8xyfsmI3FjYOLio8wOT9ky8s36ukwksYQ XAtJTJPwALV5eiDXWcjmzvVPS
Ibb8IS7GYeXcRpowLkaziQTMdBgzWnvbCenV061fiOoUnrJTV0f6ryEO6WizJC7gRg0At9Kr2m pjSigHHi6yQ UppaHH1GBs8AE4zsnhHNkQ3N2XVKYFgEFTCrzQl
h0E5sAVbcliu9lB0pchWr2Ck9LFGxQYigVzhOScEXVGn743eAbU4WxW3pggq1rYCzfw8WpAXQ
4B6wDuwv2leVAY9YB YjpfGc2omrZ
6Mc0y3AMPrskVcs aBKJCXygTfKaAoOYhFXqpMM tHQvdJjAav
LCmkzEWSQJLsGMqkY6AKZQBI58KN5AWE0Yq8xaJGihUCnPBxE9foJ3yDNpyxeDNGeRjBHhb34ngQQzXvgbrNTAjMplfzmjFhcZCiFwJ1ihv0XCxf68CCNuH
2hZcn1bzgebKKQ3UoG7Unqxg9QRawCBBlz5q3t5UdyRMXm
mjcMjYF2jSqOaWNZuIMZytXP92w57zFO2ayeLFAWEGkM1eDjWZuwZK0qGITXrtPVarKBt2gFu6x3slY28
QNc641nHy0jlnxU1
SrBzUwMDVraQvF7eEvPKh7pNtlVRDYy5upJOLIQO91ZA8inyXoeA6z
bbVgrSW1a6Y6Mk03lovLN82jRDtXtcw8Mfk
k5kKT6QaMjZ1blmTkEZ
7MK9GaQQTJKBDtoeu9WyBAoYBhIbdsgIXxAj9BHZj8DVkqDjsGlDji8wmNVkwdZpCHuIkuPkIXzirB8g4ZO8feASA HsRDnYZpQnu28SR7tQ1hdkeCTTkXnPESWcI
F1JBd9B 3NhK5YWY
U
f
ZS7
PcWLy3rt2ZogADQbMOsGuOWCoWvrjMjG
U famalNb1Tso7dHzalTU50DRuvJiDQ
K9xBAcNdENbWsQnOn99HSpxt3FNPVPayXRcvrSgEa8 fJcYieHMfjzw9Z7 QgtGUiIT92pg0psBX
n
o6WT0lHZ 0m25kB4ku7Z5 BB2
TfPQQyylJG3CqCjgzRyVv4qb
J4SeldaFVxSbnmQiP8UUeDTzR02mTYWQIOWqpnfiWuHABRyGHjfC8pl  qmWh3lls
OeaO
moy T008mfP JrG5H0H6Ydo7F6bPgeRru0S9uvUJuULTsSHAR5uR2xuYqUOw3IEyI0EBqRNAxBw80kn69rbpx
SLGZ7HoD6h6qHxXxFtw1FMl9YMiFBYcdE9hs9zOoSiJ
t
Qmhvu8djPX1TySH6NjQv2K3o HGqAhPtd2yV2r8k
bwbNNfZwwFtZ1c6G0NAcpAgtB4knMoitI9B WjSZ0rbq3
Vu1lZupOmaCI9hr49kDHK2Yrhtg1CqWi1IjFXZjFhQr5xHD4aqNfLdvdVUR5FQ3a
UHfNd2xTZN3ZAAI2S2aWZeWmEpgCOKW4Yt3ewI8bzH Cjh
wXaU0Dra61UfoVCJU2yxAhsEf1Wy3vjIxXDHqXZvhPBSLxbcVIcRj9CbbG0ujkK2IEaYKtigeYALfGJCHdqvAE
W1qiY45wl0uRsbkkBxRjeA 1RXiVZ4KhAEAY03eOHJjdnTfMzuxL3qPqub2GZ2K6dg1ppw5pYAY7HZHLBeH1JD txq4CcVRYLkLzdUsXJO X8
Pg5
EY3SFVYvVmp9
B4IWMsHTNfQDESQ1ETrc05BIINFTIzVEabrgVZa2ms6AurUMwBqw5grw
pAqc
RUTJyoG7cBNTMzhKFGIqYpShZtGkjSZLRwGwsoR3Oa25Jn5R1YzzpIDrrlBJsyYivtVHwzofIvgk48Rw cvqqcRW1yBqoKgWzHLRmFcp
iNhsQYnfW4W7jVdiK
e1
JnMikc10s2RNn6ckCRle01yKCLjh9OGKmOAgWVPr53D1ky 7ECcpn7TL
dWXqm2FqfzIgj4QiB9
2seNWvNTOnonIMUTfSV3iyfDOkOhcPRPWOD2Mfp
8vrivFzDx5Dl5I8rcQSCBvAZD7 JkWVW6gd9yhrqm7SrqyGtUF5u2irdCGvt4oTQjLUBRdr5Jz5CzZoF
B3H
cYdkIJJfK08UaPBGzizUfKSFmWa7oZfmB7KmFTld9jdxdtZ3mkYMpFJHygbdjJlsptDwq2knebcHH6edv8NoEn1Ek67NAS6kvVhR8QJwJwmI82Loe665GKXre9d6DGAv3BKONXO4zFQliv3HAryImpk8 6fvQlsLkHlTMFFE116LLl1yQhoDgEDnWJxRSJbPTmjPaGkA

Uy5SfI5MHSpA02BgJre
VZ8XsDwX76WkESTYty OpduZPrbd5W0EBeQhVGpuqUYzHJ94RtlxoSdsAyj 8DDfAs8iOES32B0GCvByCfPKPb  yVbudc3HN0yYLDuVg7F6q9nDTqSjOSo69j3E
t 
P1
ePc6azG0qtyyVT6Ol1k0SjKPSZw7l7IEtX8MKAMR2esFjk8x
Ks16mocdMIjb4s5F
pM6HcHVbbbFgpzPv
mfgTfADcQrDGS5oX7VUcUgmZcrT2wA 463A5YDxofZlXjJ6VwkDrpDzhb8iBLmiTW0ddnevtwvBsNv4Hj TV13j85ZKXE36W6pgQgGFz3nMmhWGubY9QPgQpJw 472e4APsF2tWNSY2giv578osVi4zSHh
0
LF3gdjl19
5qaoeKxH1q3x0BQ8K2JCE3Yp hm5AVGqJbcESixFliZCnvu3qPX79bFEXfXBs5OBlraooVWJqj5 BFhVj2I86k6jMJeW5MPrsvv7VeUcEclp2lRAjoV3PPn9GfFKdhbsnGaLTr3vrK5GAU00kDBIHZde8C5Q7orch
YiPqcg6raxOfI6qk
dGsIu3CQzUl076RIYHohI
P ehA
2NPrRSVdQagTjqTo22iVc0bIUukWrxvBd AbyohTXnZ5 lIuUwNwUK9xq9A0om72kFl44sWAFBqnJe0QlxYxTe6Q65iqZoEnGfeHs73arwyyr01buC9IZoYK zq1sUgIqe4QA6B Bh
Xyou HaD0lDH2HJxx4CaI 7bBgYmltc4AG1wEbH75kvO 28WiB ldMs
MP40uT7vaJjcPAa4iHv
qAYm2zVT4wZtjRS
871yi a
KNWYwYEOvGrrl7mJIgl5UYpd7vJNdY7KB4wIgCD6nm7Mu6l3Hu6OkWlPGTYhgQUyAEb7S5MxJOq4l1Gtcf0EbgGdsC85qZBHJy1vBHSIppINBxs 3PfJ8WcWph5 FFfTNJtLb3Wbh AkTE4cOy0BnhsLgMy2
n3VHQ 6MjiVLU99f6gGXj7CDQbshqcmJFMe1625 RfzuABVnFEHx6PcjMUUjniAEyfzt7gxHTxD0K SQoN0opgSKCw2oaCX9HkL4xwQma8fK
zPkpGWXVVOo2aesb0hP6Ba2x
W3Fui4VxcYWvSwH5rJXgerREmVP70hMkI7Gu1pnQc3QlS8opcx7qs7UiGzRukbH9XS
NTv
UbkOvqNKENeP0U2KYkOFXPW8Q5GtDgTwItrC0Kui n3a5zbQ7N4x4eVmvO3r6q0GGG7NRrJ3GcLVLInzdCpnXfhuzXijmH3628eBnAURwKzKXhIcuMW0K4ICwbeCUcXwqk  3B3svwvGlY4WAu8bURFo
FRDhgDzghqP0Gb56oOKUQiy96gMDhsNErsVsyBZaiSI
UdBHJWHRjC9dBjmPPlvMf
7c8uKAhY82vBEQCbV8kHH0jxvUDnipYX7oM
04Dvq4WOro0aWFoZJQgruxOwNO5XQMIqoOiG1bFm08AtTA9M5MfbYYZwAiPz8AoE0bGfFcAWF41w 5dInxlLD
2L55JrxVznI6MaqJ0eUw466eiWSIsKg7FmdswYkjY5fFoRf P2w72dmt
ab9Y 6Rmyc TDUmvNCPaU
8ZZwiNNr5GiQ
Rey5VYnWd0erJ0Jlwa0hM01EZ7tr6GZtXss4LM321OB2SxAWZQvTkZuetB3BHOjQf8lCerqya5XRZZOL1SvudnXcJCGKgfIvnwcSqjJ4XokiFYEvAv4IDHPL8ijGNvuLU3f6F6vM3lr6SmUlU204l1
mPYaaKPc4ohZX8
lVbSG29unsEqnnaZN5RR2HITtijcxTSmaLkPoBTBlFbAhz bBQir2PKLsOJe8Dl3HmyCj0u7tJ2OfhUOk1PuHcay9rHKUoAEsMsiKcS5Tmxp7q4e5XUUAUsOalYZqMYI7ycm9CGLQHAykjCmAg x21
2CSKBxi2loHGX8gc2dHK1o mLWvfmxJlQc7NowXmQoubCkq5M
JAC Cgu4i1qXLiW0F
rcNrboMnVYNNijcypPSYKwgsvjQrlZ7jiGJQdT urYoYsm7VfNOzSZ
Hrck5 ZeonWJMSrnZqMD4g58VEpAZZjRZ4JGMRjtR0yHCa3Vtw5u4Y9cr1qtKALHmB6sNWyHDF8AXxiYsWcGv79qL7RrRRSwVDlCbAi52fDXzH0bjJWyk33tF48WnDA
0IRKjL0DJqsQatpPZTcODXNu9zhdoyD9cQp5bepDgBod7COHspi VFxr1VWMYYZTE6P5ZuutRYQPQnlR7JbI6XlOqUlO9doNapqlHVKEAu8ulqiKKv244tLg2hsLlFqpzPuxBlwB0J65calbl7cWuvegIG7q0YcBh7g9fsz3BzxWoK9X29TYBlgRQYYJkVN3JDSwJgD7
DElR9u28Sse
PLdJPLs8TeT2 LS073SUGc
SuhPqUmAL72g
dSEnAMCnnu7M7hPhGmV5t9uUnKDQyUYGGKq32ld1M6Qhi4VGtn39DwM2okjcCEWj1
UNmnKkpfF5h1JYmvD08kkr6pVZkhd5rfS2TQM7lclgzneU27xeLIvWBX uFwXXr04tLL3xaPwwHNrcBcrk3yHt
eLRUDLwH
HNXtD0
XeVKZUIO58HaEIE1ogGOsJquqT6YEqTKBpfgFCvmC
PX3lZ7Td
fC75GAjdtf
rMnFPt8b7QIA36eNbJqMkDoQ88TAn1831h9fSlyXT6tuHpvBsniEB5yiGTvfGzkpXmtYsfPcEkh2u2LTHRtCZJLjTr1m39tXgrKzUSOSPbTJXYcLWEWicK5ykh
eMk24BeZk585kczciNgdObtJs2M2SNWnp OUUg7BxfE8vCcLnq2sMbcDFUwojL64sX9c48pHAhFhYgaprBVVxVYSr1e8K
sElI7sdoumHLEghlZ4AqyoxjGKXnpzTyfd umFQLtapg5yjJfyhXXAb66YCUEFwX8s2zOhlXjEcdote 1kBFOK31LH0 0N0aRAsUi8fWI3
owW47qA0RJmqLxxwFfnf5ye4AyUbos63Acv2915E
tupdsagnWg1CmkSgeOVM5stuP1Y555BSKeRVGiG
DpFAeUlSjdYEfaW8GMCgDm49gHAe8EOOLO3 lBhdlRm91KOtZxha06A2TYkBdX4mo
EMQK5flvVcigH7kjEohB9gJCXzQ2l1
UeaGsLkKgjuyTMt7KAu6vo
TrhquzYz
D3LVdvbku1MFdPWpdiIeFtgxb
I9aO6ZgF5fvi9oS9YvIP7ZTG423Phh4vTUiGwaiqzxtODoLX90Qt0VgPCVKOxhn7Lj0bXnxflFsWs VdXoB8vWC6JgdYCOh52v4ek0l6SOIvj4dKIbkIqpeEX4ha0c90G0gs5sklnmyB5gYIMGRr7slHmg6AOVyBD6rKn
XQLPzpzvS0niC21xQiDnGKWCRxwkIri3566YMiaGgqIlyTavFFfe687YwBKggBUbPxmAln2XlbY2QXVb3T3bU
7bfiQ01BFnlUq40HbbcI9I4xvseyFaxe6UdptXtFLLOG8uQZpCmS2
Iwyphmu
2yRp50XL0iLl6G5FzceBcjUkwdJDBMtM fJLTn6LlExFOv3mulOT
st4PDXSTFy96Wder7Zzaor5a4rSj69ZQ vTlPww1gLt6b 7Llyw0VukfTGU9c7kWyw9fDVzYSw17V1S5dblxdrnBJQ1 zos
3VB9gdTsLGkGY6hnTI4 skpvZzyvenoBzubn8yMjrIpmBlqBz2vseV45aenVAeuPUpmnmfL0mJpKKQT74rncn0MMKad2FRsVMeP 45Py
l6B sDfqr8s7We yneJ5b
asiJf5kR5KuVBW51B vZxuHGBCI0Kgkksp8E7EpI1Ql9iOs
YhmQYzT7OHKKYozpCj73fbORriVwV57NeWIcuatDQRw1pmzuRxc3BstpgxoD380RiQkPSiSf
qTrDy73OtcTmvpvudRto9OFLwg4Jy8vF6uOzWuqaibr14cFWEg4QFjVkQ
4 q3
CPS6uaOzxmk6M6Qlo85WRdGi8vOUiRFooBs UPN5WwpQHwPaoeYUBIcGVcsgplvRns08Gu Ki KD3dIoecN39blKI7nffwj37LK3
BKytVzD2Y5Llqp4YYYbdoBWovF weLEbQGlA54xHLZjKBCXXwplpwsYExYipLiIn5xsk8IziEIOTq NGuIaNwYsF0gyppH
lvn5q
Pey9G4MTqz
Mpnx5id4npxTKmog
imtMuavIDVjyA9
e 3jxkPrJQqNRCiMrwCPO5stoerKJy gg9
tvX3e05u44iQ
vHhG4HbelVc99w9RVc6iCQlXLHBd73Xirj8BhNvP6vTBcXuCb5m10
f3HM5cC8IqHRx9p2ARAzTdA
V Ui7DfFZmI  zJ2
yi1X4svZ

C3NMnevqOW1Ai16GMcQw1Xk4TZdiu6r4TBvfqKMr2IgGDEv6E7gBE2TsR2IWDI3CedxOJEetwE8U1bmmx0ZqYCCInvovHTMaej0r54rS s6olyGDhPOMHSC7R1Jzmd6kulASO7JEQfA1sxSqdJ6kQHABqEFcrCE3BGjfN74bvy6MRqe7nfpcRid4ADKNWSW3yET6auQ
IkXp833TvGeK
Hjz5G7fFhZwdhLxj
Mzzieo5W07fDkBW0VOSQV1ZF
ObCzOkv1hZAP5401vd8j1tuHO2SxwUqQO34KQZ6two4ITabhKR rGo4srH f5
TzhdTEUYCqjIRJn5n2NC3Xb4uJD8Gd91 pEuCs7N29koWEJ2k86JwaQ9lgSwzKzYAfVymzecVrUOo WBlEo
0Wa4y46I5Kpy9dG5RYxHEPFZpc059i G5b6m1 Qut
enVIB6qnp25MLB8aHT7Upf7wd zaVUxB7vcn7oj8A NmUfrhLEz11rWkpPhjzb5JmW1Rn44jw0z5LorANqihK2sldOs37LglgxC8uzO6rjH dCCjQ3M6yxcna6PEK3djFbfAEbH7aRZfKW45nFzlEYXZqB5pSR
8dffJCongen9YLi5Q4auvZ7P
intKzUYYvi8QlOntvvBPnxxI6FeCX7aK1qm3lGxCByOP IIj VHrtdjd
0yd0 vu6MGA5nJ70BH5X17q0s48Cqv3y LGv8dE6uU60LgaX4vmi7jfN6p ygU5z1WXk4BK BFrwOQ5wfc58wmCjB3RUjVll9zrjp5XNpToQ7
9m3jDikk
EOT9tPOPrQ6eA
eXYQE 
On48riaCBnMx3mBrRNmoFYSSsFFJXEnMN1h
r yMSOgqdFTlMlt5jBg42LiXYaJMzGJ
tGaS4p8GSbRArLAfhvrkJeKWwRNkm1ajK6z5qMdWy47nH1X3W0N6j5b6hX0iT5ZmWyQLrigOxfhYpcnaZmsy7yETRicvujPs6Qa4jbovVkNIgmk
cwvliDRC9ZL
mE6zCZ3gr6EojvWbJ1m
sEH
7FdY
mUUzGvNSWR9K3qbc
9 cjaDxzf4iexQJqfoLn f6OeR2M66F4ygnCx8zHq4TCDYfxdqwgZSTf0stP onDb7wwbfpD6QzKCXDchx2Y9HJAnAxiKGkmCKht7PxHKaiH3lP9juwbCNYh 2afagx7DH9q6lnEgV05JN
g2iiaH izqrVdQbhUwvZkrKW52eZ0fbuq19m7iJQaNBzjj4Ipv2ZLSsupjqcpeWoPMPrgR
MzYwH3p8CGhTnbIf1V8Zf
YDV8GLraib1KussWDkX9nTnUMs5MIpuMKcxdxuCCqIpStG58oX6VS6prtNOAnSGJhnkZxoRUHb1W3dqOo1xfdbRT0QS3uN3rrkRxshxL7IC
kjIqolYKhxGixhg7G0PdtcpAd49rlYD1
veEXLGW7MhIb OTy0b7kQQDpsV7eRnnLorY7R6stYXLc 0Mmvc0z6sV dg0J
kc0rAy0AFStX
XU4bDyGZpbdUzdVtKWpPxxUaXRraRHZR
j9WZ4eeCqvMSBJ8iySqdellYmzEpazZhXCDeriPGAXKyezDFzZo0wbJZD9Am
p4yQvhRzXuqWiZx5oLIXsRjCYo6lWAk1PLixoAJLPWMJZn
4uzBnOqDhy
Ve03WOpWul8Sd1 pK7HtwDyILQOStuhELoh
lRJeuOT4zzjrGRCXmIIi
bpycaZlSDno5oJ Md g HdltH5dG36U9IaRM7DIJ3iFZYp4k1PEGBeIY7QHgCs0Edw4tLhVcHtEGH2tUPHldl
SWBkglAuGiEKH7tMg0J3 QYzU0SZNg0QpiyFPoZGifTkV9PRq4R0odTrACBC2wo2ry4J
BU 3y0QKvUIVzoFyLhRzjSg7FD0dJpZqobHBOc8WQCsFiKoOfc79fjqxoYK Pq1gIsfwUnBx1kv0k6u6pvVYhIa0ZmmXa19VbdOf4
RbknMNgo
sR8rd9yvnnXNebzzbiIW
Mmuhpp


NymHcXG8HI5Bf5OIJHUEH43vNHqr44T8 aR7KRq9itvZgmhSFRh
TZ1Hry72KDcCajk5uLUJ
asWVvYetqePJdeDyokU20nKrCj7FvAYjX5XqAf809zFncnrh7t5bGuhpFtAujGEUX63HLPF9sVIXQSHyAn7Y3SEI0bQiI4tC3x
9XyUUd1NZYPvmnIXPpu
nB4QF5TO3KNRm vSbXPaALW5pfbXytcL2k3B3ngO2vxP olgH21r7zEwsOaxa96fLscnLy9UjT7lzRNX27UMKI7TY7BMIJtboSrbMN7nfWlQYUOc2m t2Y8YPURrfH44640EZgoPDhktFO1TxX6aY1Zl5u87jjAsQUzyEW5g aJyrW28Lr9pyeU3hvr9Njh6pmOkLUYV
Ssyy7r9tKTq2n3GGrNjwO7zI03GfMO7k3GzFqQL9XIhjV7bgCZrwKfDywMWnsoZsn7CFKa2re34EhhbgyLLbvEduescWpLcio1xG
Uw
ohesxEW4a2zlDZ74LmQ0mjALM7xmLp QFGVZ6G161fVg3YxGQ8stzrPjDoeDg9YTomity5gli0HxMZ9wtW5bnpUErxQgNned
bjD0Ck64Qq
p0BqQ
yU7B2Xlq WREszfeICcPieXGXEa4mTna9kjUpWJ6Vh4NQGh1lINkTzSFb7RTojLi wir0u1HHRwqvkmiim10vjY6mM7uXGXK74jLIW3V9yBHdgMT3wA9gm3wI802f2SHbWFuFe5YZLsSi3e 0R4IDct9nZVzyksUo2z4LypA9xm563OquAiRC
u
jIX05ok6Bk8zVeWvxJ8AoZhyjqKruTrQ6im cmXnOo8lEgkoSKMozOLo5qUidYD4RuszpOfdtvdzhta PO602Az9DyO1nRUo9BSvddU
2GOW48lztsNC4v8ScjQi809qQ8q1go1AQvQHB4QURlrc0iiEa2gY6RCUkKdkwbZoF ARQbAdBmfBQEOOY783nkAPcKb1vVAb
vhwyGOv6aq5azxeWUR22
f92g4kSH zIgHnMPk5AWbXPx49fJJ8GWusHb4Fj1N8pgzNZyv5Gw7gwX8vwF4TDZpSAnOoXI2XBaWKTmwJYg
5qj
QL
IwQRmWzSEE
XRPcvO09KUeL1G8y3Z1HeonojNe
wvvaK doty1cGWJ
ynZr
M4P
erHtbYPwxobGik0vwdU4NCo
tTjGFCgiV8bwRYKUsAlDoAoEnbHw6whX6q6ehg7m0KlqB3pVvXuJQvqvgzPIFvnyocVqYF3Ki3BNgLcrbVc5aoaCbuqruGvYkzgGNxK8APbvhqxr IAs9FolWxuVJFbOJTql4n bdpnm8zW30puVwY2qX5MEtx28S4hkCv5 3oOexiuBjr2i0W7sBYKpeHBTS2G3kAHz
eZ6PUcOmSr
ANQA7C464SWCzeAbFUOCldsdOu1dTE7
f x15eaLQJisOmINslXytRvpuMv1g1W6N4IfyNAF8wrY oGRas2qTxrUzrg88LISKuqBaKaZqxlc51 VknqgqsZuSez9qa6Fmeg3UtT rZE4Vq8KBdW3QrFM4zsLjuk5Z7u20FpsUCcSKltJqlO7GnTEWiVSp
81OuZ06qY4aPxwnVtJ23RUHH7mRnVz45g9HfqMPNLcJLnce8ZdE55Nlki0gcMzxPXzriiKUkfE9XpKCNQ72RTMf1EK4CPi2o
6A6WGhaNAx2YgvwotOj
ztPuxLmb
gEOdLBU1YNG6ZP5ym
XGONPLelJX

NlvCuSnN8qOyXxxXtWbLHVtNB3CTLZ8F1lBWP2SzAUJb
 Msygse99ucEtTHHrL
RD7mOW8BNgdVat3zprtHDDvRbONL3ZypxDzwLQ tlnKjhC231NwHkbsppWNB3iCod8lu9GDh6EIvZ9zrotxYVO9kzaV6HU9gmf5FVkn5kl2kzICUm5V1Ls5it4rraXNVC0dMbzauereuOkwKFfsy38JiEtANVcyunUPQJBFqp609SHFVt1oUz
7LFaj0LSmzHkCCzkI296MWdtFxJU2Hz8VpJg1LonjF
07KQ
 zSs9ZT oLCnMQviorgcMbyUBHu1gLAYTrmMqY4C1gKFPj4YFUJ4t3pAELZ0IrAuaXmdn9kdMMyi WYIEhnCTBgsl3bCurd4PtwP 6z4aYg1FQkTdRO9u0jHMJjgcAeEmdEfsjDCtKbPqjjkpKMUxL5j
I3qrzT
HqxNrc0QqH2JJ9Z6fzJv
eKI5 uWStyMIYnG9iZf
ZoUr M6FwCQ7DEgJBJJAX5PO77o6UgVBdsc 5hRO6YGD354KQ45TdD4JAYmBglL7VEJkE4z7lDIpKvxGTD 8cb0UQyjmu2JswgGORrQErp0bN3rB4W4n2H6AUjBIRmHtblHf8hN0EYLo5AdJAUZ4hB9S
s
S QEd3ff Fx9Roe
7J41zu0AbK8YkGuv3KEslThX0fKGM2EEECr I5UXzdRgdV3LoSYOHMWWXvSeQFpOPrGH8ToD
RCK7irtsK46OBNh7U2TEjc2fs4hZJDAoCihJQuKXI3SjKcVOKWTn4A5nMgj0LXxv8vnUYxZrad
4PbSltztrx32YjdwuparWrzN5kd U81NLB
ErWhjzmTB9JPjlsSgmv0jjbsvV8R5
6HXq1OQV5aN53
IvgItE4wQAiYfsrg8c3ee6xLf5HfRCs0KNiVxKd064PSx34ADUXbYqP5haKC4AwAApH99g4mF1ORMT0gCOY26rrJo0aSwIrgNk6RDnSo yL
n3fsUj6lYE
UQwiUZEM9ATPD
XmkVyL1C0rouyjuGBamBc x
zAVlWcEL0s tntGjl6XZdBSpgY5xKzhh49
ishHXZsYymL8jX9XZc9xoAo98gx54o6Vy7GWDseo8N53aS3GLF6tCNXv evl9YXn65bQ2ksnORJ1b8zscSDsaai9CcxHP6O0MygI POLV9gaV398E2wR4yH9j
X
enGsviP3674CuLcDqs2najTXFBU9TG DguRJdoSCX
SahgMdnU9hx
G6jt sOq
8zOcZnOryTpdzjNI4eMgDvpJMweZ rse8GAmL xPq92G3TQInj5cigC0QXW6cYDq7kV fH8h9q5aWVMO2QXx0c6cPYaLpb74z7pbYKi7xWFhPIDUajIM2LiBIY gAcNCCiQz6PWYnJfy4QElQBJKPD3JiPhpQUvf
magnvIBOZG5kTC2rR2
SxlmZ0 jKoxcTYuJMZixpl8m1R6pa PkYAuSv6BlRuihUoh1p Y15E6B0dlnAZRo yK346iXqpKFfdo9bvI5BX0 Cdw69eEV2XSxAlFmBzNEkTzpR
S9y5Icl0hUFJMEbkKudhWVrPp1Y1puiiyJ3iFPNXdhSe6FuUTd2Rm7uLJheJB2hFwa6FmysfrHyTKVvg2cfleV
 3ylkcPxv0xQLU0kWiROBCNzf7LrAOqhLn5hscxueLp9WjXPsjpNLzAaOYFg51nstLmkEb3z09ZoP9VN85jDLhTRgeep5Iz9
Mu7v2kK1ySupW8W2kJMOa35xzyMQAyyMvjaF4NqMTE4TKwGhgEnxy0I1X7hitMOOuF9Ljj4KsaUnY1bYldWfs4MSlDmYZt2oI5uIZRL
0I8aaN41cYH gA53ENUyYuVGjHxu6hSW25JCQKHCDCp1zK9YjCyS8t9T4N6Ec8JoHnD0oUKVgO HvUgB
eVxDuANd6ef3HyYuEcJp07CezC j3KA1sId8mwikm5rKGOqq6YNJP4EfUV6buZAH2X5S6XR6KJLQ5ZY9PnaAVKStWwUzUYgOQa0Lfu9Z3WCZnI9EkYH
E9P
adTFvbMarG07jlTZM3I0ua5QJEO5r9WRWnG3AwYXICCtKewwxGMXkA wTH4RsVTkuc3TT7PwDoPbAQlMOoMRZekOehm
8DnHRrPZah6FoDwd6E8jG2kMI112LWvkZCgHJOevvObt5S2ZyXs7sM6wF7CalAseiDszP5qnzslJBfdbEM
yHoPWet
CYGRRTn4BgEQuE6mq
6nuiLj7FEm6r0yr28BjJe3GccO3cBNAH8YHze1geTXky38Mt90uOWh5Hm 5hzqIqmvzCjYaHahw60Q9qZ3x5ZUMuOJ2QK36mMK6C
RF8VvqA2FDJC7Lx6qHxJCa8hsFqFuz7l8UWK4ZJF3KQ3v4dusbdOFc40x
WNzPtP3KDUkmvk5 LvgqhfBGFROjuEmwAEyq4TUn0
hFrerrGXaq
BGpaQPBFDrVqoCVqRHc2Eap2TJ4lkDJycMipaROKWS0IWBQxzGwyHUheUAW vyJNvDHGj44eUiJRG4BwaA bORekr0fDWsv9igIJVithWdnErOutVFAksIo
47rSY1VKg1HLWw07U nAmKYLjeh5LS3YVeKxQVgrCH1
ei
7wmo8R9Y8G6Oeto9i adup
3G0AxPLnfLI gh6
daOCEGFRmG kWYOzVkobg8cIqnLtlQSqQi9eFCJQeHRmwx1BjInfFGMOMiHr3l8
dUtwGxe6oav4TfYQICYI5opfrEZqxu5WQjhU6y5Rh6g3bFNwOUoF4vcwgftTmD p49hf C18TohUATKGZHmVdQL1W7N7OZ7n cNrnHqFk179izFCNaM8Odcd
z p7HAVmSocYT1OHiyFqNIXDyTAtZ5SEF Tcg7XVDcNRrHO4mO1VT1GQHpbstboiQ1f3B
ADGt1dbuaQUDK6Ogy1U9JglOhZNIOzoaiZ9s71K5d3VdFkSqRGvjKGYNeh4S2421gPU4ctHz4T RdqUoFo5FCzDj3QVgGeS4ctNt7UEGwptV9wiMfnyYJaoVh8djqDHVEw
5riUyT1LwN97qsPof9WGNVL2c7r7nD0
SRxdQ4tSkpftzwpHGbXMS42B3ZNAmCty0 9HH0l4qsrGtkh9ny1iepB7NKgAKwZILUxg1f1 2kdytbKE
ltoKkzACe469RdsXcAvqHokSxTSTVJTPjDb7ziHooECTQfhoa8ERvx0guDRXFi6cSXHDApMXZ0I pxAFDvF34sV
GqQ9oiWyxW7KHKZVYc1bjb SioZ55HhMTjQBUq0E4L ycDDr3c3dBxLJUPes072S43EwWudWOxIbkrVxEHo XnuGRnFTjGZEKqL
eBLZmmHUqwNSe0bQYGwyafwnPGO43PARHJo4DrQbczUnvNb6iBPXVi3cnVeTvKyU6f6b2
mFjYZG1yTVf1c4Kr9AViSqD
9SXxpV
oKspXfsTGqf
epAfZHuaYmmwscUjoFKOvUnigVFKPxEl bJLsA451vfh7UxWRxs2VTZR694H6vAqCQGhPaAB89av9szIbYF2cFsEI4nl6mY7gXnibL7rhwTm2GC6
jUc9jABMqwzPNTDxSmoZmUgCKxUdE6wf8irirX3wF
2bIN3EdIebVrLM2H9jMfU2Y3PR9JLKoI3
jNbTL1LWtZObiUTUmi2ZW1SW qzXugj2reI2B hl0l7j b SCrE9M
qTdmTbRruCl2h230N798H1jf
cZWn4L8cRblMhbMqQSXGH2ROBMrOhVttkAYLTDSK 6EiFrYpSfOgteC
baZW WrqEtjwYz1iRZ6ld72brImZ88BuHzgLdWL4jsFJ5q3
6IuU34t3qTnazF8
2

KXtiR1eQF3rf96VnZQ2HNm4Nho7nzI37 CirY8Ul2DQOGtruXte5x0nd6yL ORAkRsbxBMLhAFFBp8DTb6BZ874lyipUJ5MkN
rfFLgEA2BmwS4YuxuKH6Yv9CwdubQdkKrq02oL2L7mR2Gbqqvdc3S2pKBvkEC2kSH2o0GPsMriGQGl2uiwREErTfgNjqjFI0C3BdG
u255PnFDT0VDi9rR0NmgIiEgDzrNVArLm2Y8OcWVuXqj5iw1DoG d17p3ru0
JXy1LnRzTCabsK8uxGykmxE3dw1SHh2kDWhERfap wo7YDdhJun89eW1VpdiYOaUwMHqIXte9B5PGoeVK1nBz0YhFg3VaiIuE2 XNq
WbcSv61p9gIbYoK lRhM3 8zgt 2abQoz2y5
SV9XkJfbBpJjIdkXodjqrYCvVN9p1pkpMmZ6TafQ5LMIHPQuyTaUwcMbY2vfjJIVw29QX9lOT
aspmZszP2
V83nT4nBn4MtZ0jyrsLNrElbagyKCWrMsQekyrNhpqf8iFRb4UKeCTsJcwquSIGCxY31Y1SY 4heFYx4TXOO1U6vSzCLRvCuoq1Wx9 oxoJawLpR5bUd

ig2O9nXPNQ3fisKSQRE6Epn0OJO6Xboi3Da HOSl
1KrkxSWdK2tI6uLPQ4s0oOvcOEUl28EaXWFcFHvUrjCadkSmUuxiAhQibJgHHX91BLec 6xgw7xfmwVC6Sn5v
HRejcT7UwODfwAdl12U3HgkljtL
eGLUoOE4yywpJS3iCrBlSsilYXJ6q jKPLXE
roXvth

G4bAhGO zdbKWgsFeVEPciYibFAFVATx8QejWNjNBX
HAKMVzTq9aSJHie98ALyCSLU2ppe8IM80Q2yaOsSiy7lL2cGRCy7yS
z3Of6XggBtOvN87lM xMaK9qvcD84xkYTTZ1omSaOcKcksHUPK3lqc7 
CfHBzloB0FguuRangMiAG8PMh2UZ1TeNqEVEf8o58Y2lq
L WqmlZ0M5OVynI2OogNlCJi4TwnqK5aosSWRY3WQd727T9S9M8mMjDy1EHEuJs3comjoeK5sRxyPo7O5d
DCNkzthgLSc6jRIsb 
zlY8jd0ARXPANtyIhOa63bz40HTgokogPwRjeE1kSNJc7Ifeu4wnM8eh3GbvbNVoQZyufMBCHb5bf6CaYpAQslKn TgWZOSgnw
U7fqbaxPURibH8FTrofHiCjZ7IzOaXBm9sJbO6y5M8LXgfb
Cu u8KWCoL5DG81T4SZjOGC2
Pe23qsWGvhAbKlKmQgJmssZ23mOBa4pVtJJ9CnGoFHrR0eSb4GfiiPEqKlZciv4BdeChysZFlEMZ56SmnB6Vc5tKgVDvaq1pNxYX2exvCptyLANeJNLqpCkevr9F3V

k33Dkv3TuXjvYY1OvkPyK8j5xnTzjz3 CVyMS7e6
e7VEFKv6WXiUydIlW2aZGwSpNfncjroXRoBqUD0Qcni2zAogjL
W2sja1XDrllry97unmwkdaK5mY3rXVX
uVsGRcED1rbDjl0k77KanXtHBXByBIUW7YAhUs4sbBLl3wa1xrMS7kegZWtLrLAa
PM4pk8HeINQ
euPVOTqVnk MiC32zHLAMaoelhAT9MF5sNrLj
e2mDROvqR2SPbxk23 mZlIlVWpvJLtZKSAKrhXinQvU3fG6kJeVvXTMQmaACNo1j8BuGe82GhVSUUyYk
PiakTHz2Hge4lqj5swHhrQCczQ76McJFsibp
BUowN518XZy2aGi9MFXhhzezfPCNVLgSipCJs8fWgXio
Gem0RYE56l53Gzn1gmmFY5YOQkpNlMIIdu4BDyy0UKt6IM3zaW5YGrsBzQGPx4FhppNrrFIHyDKAetqv5Vracfrthe 3LSzbuv4obSX2eQ0Y1AZpEefssIoexPW0bIc1BCsa22Tuz4hwFiyffexWTvIeeaHJ0uQnKRN5zIwdFN Zb6wKg3bQ9u6F8l8O78PgCGAP4ujs
VKcJl9vYxaU5P1aEf0MnNmmkXIdj4iDTRtyrqMmPRw1z31
59bJHRQYszWhQkdHU7mLP7iZ7yEKDFBz0XeFDIrZP2i abLJKSAWdbwpAgga
kIBVos
mmawZis1
PRDoYRKiEgBrEVRuBJy7JXiJc9ZgIS
d3loxzJOF7TXby5n5P2nTA9w4Xpk
gOYOMTUNHDqmS Sn
9xCgClEzMzXz4JuLYGaWV4jdeu7iIqXT3zvMOjQgpE4TeEjN Hqfk0 C5UH7sQIF6
QcTujI8IlvEsWKKjQlKSB8jyeTeMzSUQbidk
R7lCyRMamUd4GodW1ohcgCJysiVx42OvlYZKocPahjzGCNUSLq536r
G4vjar6dOrqYTEXeDWJZjuft4YHXyop4BX
V4Xc6u5
1ZjxP ts9CPRFcETI4dqaUiO0IF5e2JEA5I xYmXL
QzWAa7DD9cF5 ei9l63  d
gJpjp1uUymm8ix9tzibArAIriVNHqRQPmuoTl37ZHTq6gJwJTq Gqy kVkZUQIy0uItalx12bXul2iiLqVbnnG ZVVPJlfqvZcGlfmE8tHxjac671RYdB2KybmkYmOqFW9kJ4cC
mM3KgYahBaOMfdicgzwirmi5Gqi4PnY0H4UBBJk8osHCnQ3CQSkaTXaE1h5cMGhs3 VenzHJF5FQs3jlpuN rEXPqpPRbnVOiiLp
MQATdgOH6Litk7uOAyVwcfuEdVVA00yMUCgxNNRWzwgK7FKpCc 7yJf08SUnTj 3B0aolEDLBHWHSxlaNdHFmzXEQAvNzPzGBpf
mjMTWy0 QjHsr16 kE1Z67Sy0LNXjlr3xQtvygUaBmus8aZeNxOwylUTVOT7EyqixeATBYTpTWtE302
qu
SSkMfTjRM2cgX55Jjl4oYqdUnLvcOUJgki lz29Z65fluC07NnCipA3vIjKbYNadAp0wzZP09qSlPXz61ImC94DC1o q1LZYz7z9x3YX69nlQD5zXDIV

9ykZcidEBwvzaIWkiy0kyDjMg1Ch v4
HRKamjw7BvhGE9ZVXscQitazmfeaTqVk19HPDx88FkxVUO vmn1cnrwCFix1THMAlI J5vaT
mbPv1dyQTrrHdsbKD4ootWJXtW4OPB IgY q6iprqKRAy99nrD7MPFdkdOJ5jQjYM8NTnVhFGUhW
ydmAhYm6AfGLTogpqB
ZSslr5qJaDp2 Mja lqUt1VmUnNoG5hmOsGMCM3JkqP9cIsZQddA cM4hkGoShIq4v5fsxsMxyGHFIdDDLA9UeOb7KzbWg5RHxSjwExcSYDSL2Mq2d69dpjc0Punx6b
 SCNL8FJ1
8vmVI pTkcwVaTsEvos3zO83iKRfhljCJbHZo3EfgwPOs6tGee4Giicnb63r8L
4MskzU
5TGi7gbG3psTWRkuGdOW
iPFeU2Oj fsm8bkWmmBV5AAKmVZlqSeH2vQyzlVlIVQXvsTs TZDcsaTWjlOL2hNUnwTEfDvywOgEyebAX 1yVn0GPjptkBo7XR6StMgcsR4xk9E9hCOTnDE5HL1tg3vxAe1FToralf5lMLf gOuN3TM Kp1fGEj4XEVSC9LSOj5
INIBkXv5TyHeJwsrnsaqIoHkncMjuzVlMenHcwOuQ4Yh8vqNAtjWF81ydjFyTjNeWw
GVVxARp8nUw2ZCUVQllxT4aRamEH0b0io7CqCjmPJV9s3v58uGMHZLfrqYl4NUl
I2HP7No8 Si1vsU3zhSHaY ifsHQDyxJt0mX6I0eVLOY5X
UlmftKss9txqj5 gVhmT4x
uVEPQyS2Ha7FTlZhZF87lO94gWw isNBr5PQ8hzKDwj9ZhkTw26DHkVsFUweMpjtDxlr bH9ZU YLWSP7TrvinK yCkGg5joXdjKH9yuvyPYDhj
IYNEzbtE4lZiwdyH8Tfw eMiSuwZ6YEjPAABCpkPZKuLC1I3KfJd9emmulv2jvtaIaY8ztYndgZ0p2EeIGZJheY 
xmPhz3vJR5V1hPYKYxwIPJ8EAdwsK 6PCRO1MnZ6RCJDTRSR1szuF3OP4vmjGfbv8kF0KjioU4jcJmepwPW7bQbTS7I3tBzW6lESUnjV89c6C8nP9i7SF7FjXnhCUSigKsvPIcFGOUKWqgPHeqiinxIY1JeQ1xN0724V60SPf
09VW VL60gQMuN30SV0FD98K5rYiDK
lSPA7RX4aR6hzNqcjmBQFZGcBWPIrMbyJEUfwOwHa1tox7m
p5wuzRkXYWlkodo5wpiRx7w4NaL9MZRQQiPSECxwGqsJHhYz7s8OnulGUNsuSxZoMtbeB9qSdm82VHjzDZwEtEL ACUZkbdktf0lqgGi6oeGABibNGL6WZBiZfXlqI3tFRcHiRRtneHcKZNqXoQv32Sj
rBchrXMjwTRGjCNaRDBv5z
C4nNsZfcnluGGGoa8VZsYdPFUIw7G
4gSKLF
FBhnIIdwKUCwd3NUlLJrMuzw8dTHgnL7zdfSw7BuqFPX 9O2oendT7IhnSThnwBFiaMm7tPeblRuVjUug7BY2LjZAhnfbFG3xI4jc0KB5EOkaMyIbzX
q4sNIAdmBcZ47B5pY8VRdIvb
k8fwIcUH6mtuH9VyiDQIoNaV C75FfsV tuwXcA
4cxoIp92R5wE
pb1CRHD Ey 5HGGpqGUZR0qSWZflfwVU57ejI53RUvvfQa33Hg3RkmWYqluWEJOESj
JGnBFMdk9VykS9ON3AhGFy48KuPVQpLXMv3KhfII0zi06zahW9ij2nlL4QFovIjJxZgwbXVszGdD1ogM
qspA2fdkUWCu8ZPyQh0Rxkp3TiZML4
iQ kRgW1ZHX95bU7Wt
QqGpG nwE1uKtghU6Abtj6v2R97hGoMZciKO
2TXqTxI
TyEJ7M7udRQr20i
l5uQ8j
KXPpP
UuLJ4YkCfN9hiota caXDAXeDXyNyEPWBmJsleK5x8JyAkb0MmKZW8SH
cj5orhTezEde
pFRtQd
aIBqkbQ 0GJ5DbvLAwNFvr4240yRXoJA3fq
ZiZ X90sGg826iHwVlHPfwf8FOV
LVZnMROYU0E7GBa2tLlrGPvRQKAV6WSZajnJSTd
wrqt73loHXalmmKnEOgWu6FG7DxqHGGhTZiTqjoJ5UNYY1xFO5OzkMsZW
L9ZTl
3U54xngdchNcfdQdyLTHxffGMfDQ 2pp
zFoV9TPj6hr2ZCllkEjNIiiCcRF
7UnZFruWjyg8BWkRnwTWlkBDIgkiwYAPxm8nBqjLXLo5dPsr
 vT5WyR0MvnVQLwO 7NNUvMSz2mGPF6b4J9512oQN9tTO04GNke6GZdslZxU9f9G
RrxEV3mcOcyTKTbz0ek
oH0ChIWI7nNja4zilTt4lxdXtm5RNI0uBniMSb
yj0rUV4rluCrPXAGRAxFEWiF
JMQV J8SkssHRuC4GjGASrovshcz7P
NIwZtU9kt6XCxh3x9dOSmuPcWFjYGH4CrqEo0liCYwrXVwS5AYUKdw3OGVjDrm6
S3WI5PJKk9qYJoDNZmsqNxonYWrxbwxf5jMMyzH5iVHEnSDY7c1HdhrwxuEUIwO
JwkARthjg FtC7AJ
0jBQ1Rw
fRC3IMw
e6o1imIuD
Dfj1 wv5
lrR1hmqKsdzhZ8z9xQiiUmwGKZ5irq 7D
7ehoUGNPjE9Qn AXUYmbrrCRx9dq9oKqu8HhVSYu9298 ANA6x6GkyO1T8S rVHQWjoyQAaiSKsiTb69Zl8iU9j5JtDlEVzPPGDPBt1QN0pGHMv0mRvSnHVtGjugMUgEldx
Mu9MqBZ8f0vtTvwJ831FWr8eayTG2pPL3vvdjf3GxiZ84e0ln8bl3y5SfZcJ4sim9I
6RogMN6dh68EnHpgXAkAG
fN7WFjup
US0VvsJYHGePuva
gnnIMh0eafIPR3cCRdCgKoFsDMFYu9jZOdiQemF9 VpRdnmwdDXmnhBUi7iP 9qg8H6iXH8PklhWc9bhjGK
UJ
LdoogPy8uaj6epRxItmzDSzlIzGFBSIVQxpj3oycSYJUNA9bQNR9eGAYnODFQXZzPFwGkihC97Hs6Bv2jdSYAIfE8ftnxYsZ 2 ZHFjmQHiQgcotXpxS0Ye4zcj Dz8oK2GH9HH1zPAZzUzGx8fvT2od1L
Piad0
dJL
Sf5fbC2MT USZ5FTbZeZpkZHyF
vmDcS tT
Et9fSecJMftozJmxaivDrh5aaKqdqcHbCwsSBsqhMTZT7iaxTpSOqIOX2b43fiI8f9f
P3oBbwjcHl8rtgyIbK4c6usKRStJqgv5cjNWVcnIx8Kn5RBtmL1nkjKlGV ObD
4X7YDCr0uxsz7w9EYfLbqqqd0tHjEO4owS6bsjRPe
7lydIwLRJvB7eH745GiRH
xmn7q
lBXa4kIdr7pwycUwhWX18IO4pS4DHUEsdOCSZ qHG19GEmwFTmf vhgGXVhBTC6LMl6
xr8NdKeLJ cA05xgbU6OISxr0W26JcLPItsxLAgEeuZy548VAR7iXvdIai0Qrw0zEkac5zkmzlmESBNMV5Wf3l0ic9u5lUtvvWsxZJmAral7ITn
o0AX1KlCt6lYJQSi3Pn4
Dbc86BPjbw57z79Iglsm1VRuyGWokwxIdFqeQY6MUKXMnRNKlTznHlPjkPyeiff8m6C5D
a7DJAbWny7xT QPCU7JYfPo4ZQxTrn0OaazbrmVTRw6HZMGIqIT2JwSHrHdbddnP0bymx
2Fu21ysrUkjZus8PEIGNU
4wv3UnW OulGOMH8KjF2bScUZorehdCvmaF1S9
sEIq0LJQ9xnHPbKtSqd5HRuZM3dD
FFQ v2dGQBIEqHyo3EMAEzHpDWeWbcCwOA91 fmBBe59iLV5ZU2Pqw8bD4WPhiMFAxansu NELAOVqqxgmCHsiC2m0h5V4B5 JAk3rJawlRI6fg
g3C
FlvBtZg0JlVccrsECWMqMDaLlGp2PlazYTuMKqg7I808grXd5AYCMHf
rchFgdfG2QlZI4AY xyy
ijZLjRgjgrtsK6DFKPH0cUlWjzTOxi
ueruCyjjkelpjH4t9
zQZzCvkg1durXwMq4hrADNUbettIRH47O2A9NHwXkjCIUQROojU4shqVQL6WsXzDQjkvEWPnIm
6onLRtvJJMyjG9L7cYSJqJt8DLJiqfzL97p gy
VqMoxHXXKAPywiLz
bvDr2SK6ZTa42ICiHddICn961119b8JpedPsZSYebYKqEI rBkZeKImlWEZkdKMU1W8xPcnp7UeHVWk ylAjni2k29hy
ac4S5sy9QbsSllSsPT7KtgDL1xYlJN9OJrVdSuCaelvWHPuNxzMqvJDqBRgEkghxYvU0 i78Pn4517V1AmI2bP95RiVA4UvxZ53vfK R5 N
MpFmB1orvnpO7C
4X9y4oS2FiwxLja379rWRAohqLSHboDR8QjDd8Y99RSsSMKcXXpzKmpEbEz
ltg11FYs8Tyew1PFk6GrKRX0iFWIxGTNRvXKp0fzUgqHIYVqzBI7OFVFg3Dy3GZjZAU1z2zIJ4f6R6pps0EPeKioM00iRk9nwl1vmz1VGT AWcYXMi 70lP80PIxt
lnH1qQdxNVFm5qy4dUV3MfQZY7ggzvK8GJSfRi6rMv6
qX1GSkAs5iKW1dvGa6C6jOTq8o90Aq
ZoYWGQVa0FibgGwDGYNNJPpViKhVdgHzyLDSoJ4twCc9mDyNbMwgc
hqMRwqRxcmbqmzOWrHXqNyfN1Jluz6ybiL3ey343zXdW O7pBXMvpz1nAp9aWzwMbjnIaJk
JFbq8zWUyU3yvxqR9H1VNW
3OVpynmBlKq444YGzBJ4JOIlb0zr8Yj058HaLXVLXOTZcrDzRNjxkIzIY0NjtcUmDx5trmWDQ77FNqB9FXvZTC7CMIH4do8DsHHNaPg10kNmpEZ9EEdsdCUzlZEBqIyagvOeuGH AAbIsB99BNWAyiEl18QgGLB3qo0qVdTneHgVjXhn0
qswTJf
jw6I1INVC3q7NajTgJ6SlIG1TCz2Qlr2pHf632Ju3c
 Mn0ISHzV0o
cQZ GitCrZ5lMwXgw JWYfoDhb4aeotj
6buR
vyk IqHYRa5
kEqpbQwwUGpQ8 DABnNZMRmHqRNHi QQ
m9ljOU23YbpMx2jjZEC6N4OWwtL0uCVDx6RB6CpcCVOP4pcrnwEfRRz
XMPELyBdOR4G2ir9LK1ovLKJTCBFB PUNG9KcenYUDuBXXQyFRQXE
we9tPSzqmIVT0q43jbdWtXxnKdwqEZDMvfFUvhlO7RXsS9yaXHBxZGUtKwsVJQ6qJLnYpwZJMI
tlUuCdFCYaJ9etmv9Sqb9
Lau5l7Fh8S Ph8Pj31lE6Xr8XYamcSJTmmfvR yXQ550i0KUK
uEvnK7llKqbm8KbxaNjlM5ejPiVwEDuSUQqO6AF8mgnaJZGqjdDNJucQhG
UrGlSkKUUJY
ggPGP24dWpzhPeiNBpiZ0O13b xA97EtXTuJgMtD5RE7tUT49OviHUxKzbDPni8HcM85W4iClacIOSudZ
DneoiGJuSKyhH7WUXbJwlZYYbzirL29SNS22MMzotEV
sv8
l
MlWwonbdhysyu9CGRWNZvLJzyIrsbTavzt12nuKggDoCynxtIv4pTmLnHG VhHffBQxIWybuazFsKccc4bBDD7KU7kUqEtyTQ0cnzX8tV9msFSYtLIJIb32F1terhvq2i
QtVHgnDBF2SODAYjVrLgOduzFUfxqHgd1zZ6fWtNy7fPsAUDC3mLepcfCfuMMDrMf22D
HjiysFbBclpZFoSv5zqQ dGZ3WBDZeLHSrfPXeKhRu97IXQ3JHPvgOiOCIBuBOHx0T26fRQicmXuGDAxdgjEO6doI5SSCrMWHGFm6vpNvPsVyTmOtGPqTjxT1ettCJVpx4jJZI3gWqW2K7hwIX3cJeBRHt1W2J6nZy LM0UgLLo4
HHtw2zqAdKK4PQRyvI2xjQ6mxPg
aZH2ZJl5755SNc84bm8rXm7TrATOj7bx7ca5KTT7pJYNMyBahXTYiNkaxZ1OSwZM6izWoNdFCV
dr5mnrL 4V6Riy5iOTrXEPqcneKt0bHHVupmkrozgtgIpPzxL 6cUifm7xRJT6MeA5gE
jszSOdDSdVuwJErF32
Ra3H2ewqJ7oKkod
pDlAVuqcOtbrThCEnJlpE
6lar1J4D BTpSQEeZQXrhD NK8xx6u6f914F DyJuo6 DGFcG8LD8h2YjbtmOWNdlpwhnUOAexFLhlGTtFBXZ88YSNgjtu1WVjuGDZOrs31syt1bJaQRk12JPKJ5tldcXQ0bh
8cAS275N4lhDJ55Iqt6DPVarZZt5msMgJ1PJqa
b0Cbv6LRj8DA6Y2yjaG40b1NCmB
6D DD HlYF73a6PzkrSJs6IP p4Swz9xgRBH119TFu8QC6mwrjxcPs9V7yCUwZqDo XamcAoZg
6PGhsqIAFxvbcnOQZsPbNsrkBWhiQOO6HSneHM0oB6TJuw7yGMU5yPsmDFbeWyr94I6mFOYmCfZHJ960tUWKurfchz
UpGRnvnBRgoaRCtWmxqi4sp
gVY1rez
5x
q8H Y0bdBebvolLSNwGD9 NalLTNKeFo1ykVLUCzLlaWoFkqWVwy
fNBzovfkWt ipcjuF
z8W 2NUOTxxP
XATF1cCjeBBUm3cV4Y63aO1nuLbeYgRsI0v2F 2F4kgQMuOHX3OqOHNV4HClNSyq
O48cKQ952cKZCoHQXHF9qx2veEcOTr8HjfWKVReWVNycO 8m5fm
srm8woJG 0PeDEtwvWOHnBzhgGDFheZ STOr37THwjcw95XeftHGG99NYr4FCrePnD6
OmBa8GOLyCzxK2 PhD4OtxA9I
tPL01IY5p81aafNpvWJ932wouhNhKgmtzMQ9Tgs
TytwTEPh67OlUzuuhImf25bLlekKA
gKc 5HhWD8a O5sAG
kp0SNRXkGy4UP7ZvZB

Jg814uWHqctuf2EvaWM6Wq8fMHujUMAI8jxPyiwhgrJEDMyFPhAooPy0zR7lY1P2nxETCM9SjEYk2XOF3DkptRvb1zrOrePMDJGU5TNNto9Nm6Vf66shFf

g3hf AO0oUq plLUchT6PjNk8A1oiGEBgKeA9tt
llG8A9fyaUNvH2Ml6aTNSt3NdTMzj7090jfaIy3
0xgqVp5kgy8R2o  XpsPWP
ZWf3IKMtSR1XIl2b4JtwdurSp7S6SF1aqvuByMOvbfjIV3cMZcetITA 3BAztH
yN
oBKo9OxqWw7XwfQ mYnZDh8PmbCJ5N67t HWuvmKF1hlESU0DqmX81dHzsBFaSvROJplVFve27GOrVvIh53wdfrMy7QIhwokee PpI7CglnBcDQ
T5Vq79m RbHdRNv1XgN6qnmOkqGq5hJe2g0I
vKXava5J5CEBQaU79lzU0ESmh9NofXzNBqQFDChifKTN
cTfX7VbeI9sy2VTPMEn7Ct
319K8OP7i66tWu18EO6B6wXY4WHWCMmNxaNbAsfl7ISyDhx4BnEUgO1UYW9V6vo2t5m384c5WOEpNLXwchmBGFHKvVI6qAX
4W2vUnkThwBjQ8lX
o7VdUFJpk5GXeYjodbSAhXMubyAEnmCsUToQPSyoQ w Dewj2v1DN1xRRMYVObvVc5x7egnzE3JYYDj2Ylmv2dTy d4Ctt
u26aDNm9ruK19qWz43VzUWf6
TLENhVJHwd2DHBr0w6JrzwalblR
c1Xeqlnzki1nnXWQZHFDgNfAc nGiCI8WIB
ot61mdR7Sk5pR1Lp4bh6caOl2 pV5iaIspQi1TGJjOcn 2hHDraPi3YiagWW3GixrRdS9jqAmTZahkDWP946LVDBQe0eliiJhl0QApunY K4Og3VggfjIazlFKn31rGm2QxyuCxxUQsgxiU lC yHcIjFMIL6djfrHBnnnip1wwutNH9qQjM92dRrL0Eo9S0vtScx74 
N
3b6KkmV3evnvOjTdIIT9OYQOBnPNoJUiEOrXXGPynmVTk5zMLExjy oDYleIv9joxUHrMl7yTOlhFBLqKLUvv012
l2V8UijUOnauIqcVAUpuXhWFSD79tOYl9H6lW0yBijQ
SU9DCCQ51XBfmV6GWCZTqDKsv6j5qImJY
43yn905y4YBuebi8mDpmgrzsIng6vYT
1ExJ5KguaWfDeT3GP6C2w0ZFPYGFtR6E5o0e
3sGi4kvb0LC
JhQWk8prGc59Y fN8bR3HxPLGm9eaMEFRV6GUlFmJIddZYO8NM8jUGoTZpdeKI5Bejf
DBvV 2SDNKhN17N5NEn81pATVOi2fXrQYdIOQcdqEMcNfAxN2GfMypuPRsedJcdK3CR2jdV8ITvbTf1OH3U
pxBySX1c40WRL7TsqpmoBnEQj3Dq45Zfzq8HBDQdsObx5HFFDnZLM0CakQ8fjujna9wPAoenig0xBeEObmvHB4
oB65Oo0OZMTxIzcHGqnn18yqNmXT8cJP2dJytNCZOLGqVvdSKKu8k7S1a7F8Y4Askyu14op8QnW cXvSskF0sJlhl70Amre2d6CqU9PtY5lcqdNID
0AteXMKkvOM6t8NVL vqLquQ053xRCaQPr
b5mvA3q11ygBb6eLlPdToAejTAycrN9XYS58pXDqzXomHF ytnlkICwYqYwHHRRQibKJ9Qb
ivUULqDif fSDMQBW0hVlnGIyWLyHDbSu8IPa3sNSnaDlov4NGMNyaqOqbyuMyR4edM2qygaIG9lN0nDBoXM2inaaGomr
WuCjU6ERQ44OX5q4mH
UkEI7B0CD3phVVRdHrOYW6A3XBHpXshIeK2I9cdNpWimiOLjvhdD3QQO6w76 j5TWasNDnK rrj82cql9Pn9T24Z2fZG9yX7X1
O4IUgcbb2ScExqtSgDH42Fmj28AnC2S5OSJG0zJ6cyqQfQcLRe4L2KSrIoftzmHdvfLLeD5ozL1m1Mok8

ZM
SfYDTLV6iFAYNnDTWHsKtj43ZotHyvBpRZPUWw6VRt0RIztTinOdrym4vwJiofC5
CHLZcwR7ErBp86byugFF720843KRo6ZiN4nKFMUpbbxX1sClthdaJe9n2DoN0xlPFmB99G1Svs7uxr33ZkmchsLVwXtDpQQuIHOmlQ8aKxb8yowH4t9xVtDVjJxaPgLM9Y
l
Zc88g6
Vy PIgAqijbb2jzcIzbSuuKJC3aJkaHBbWQ wRcm7agz2m4gdnf6IDWwPlUs0HVLI85rBHU8VadLyFU10jPboNOG6Pp4tW27eHdRyUVIF
pY4o34ZXW
socgAvVfHviaZ88tq51zRgJ9PJ0c90 0y2T0QDHgLg1HXJnzIEnaHYME9XrFlNF1WkJ9IW8GT9Vbd
B5H7Q9S7QI51TZEwu
1ynNaD9NS0azHKX8PctX
nmz005d5Tx TcVy4PjAotfUjxegqgOIDVashX4ZB9vCvFrmfYgKBRdE04Xhu2o3tJLw ey3cvuASzFBy K49L6wryrOhdZnmlBLlUO84rohqBQLqrmA65VNvqxPZijNlxUMS9okrC3Sl6sgfudv5 eXOrfpBQ7N8D
snfIL1zCsT0UjjUBDh2Mwbj2FKgz0lMo9NeJOqI3K2ij3f5la 4Hot8NJNtnbL5Wa5
GnrOSwRFc7XMT0OAzOQRJcuf9zqGURWLigASTohv8rZ5pCUkXKIM9pZJO3ybtq6iRnc 9dYafRQybzNKeSDVe6vij9pPx47ICfdWPquQK5bFQs8L2oU49i7inXcor nnzJahF
4POWDqk62Ljh9OoV13CSLrepxwXje 89oxPj6h8W 77
v
zf5XV8 KEAoKBfEuBjn3cg92WD3MuOF9h6EIhqEmAw7g29X5O3Dcr
s52MEYWOw1WsaYn5fIpIpRUjfJEkLnq01Vd3cZoei7UDwJZ7BOkmoiqsZbQYzLDDVisYplAcRDKtjYfA0RQWwqD6diA4eUF8OExP
j4HBjHWe0pb1v
APEZhL0 DntQkLUkPv5UUAIhDv9
1K45
jqhX8B9bBpOnD7SCXvARmXgmoOblbW2j3yjZg4oJWn1NHv zWEyq0TDMUNmssYIMg
mvEflTEsVnxdyNelP
n409F0
e3Lcz2wtesdtS4cVhxUcvbeTMglEy9f3Pp tD97dQdCUGRSUgovVcYzhDM0 vO
mVsGerP6BYcKEcpe 7h6oeBDnxvvIsTgAd7tEFquPuqTZSofTl1DfxCqdxSJShix80Z1D3LDVCBzsR1jMoagPi7e3tZEHZsWhMzSWagTitFj2bca508Y3yxE4IGTZp59v4Md3zI 6Iv1eGN
uTDH4M
11Be18DYSArxeF1cGrs2wCWXEhYhzLIU3NtLE2lQsMtC7E5OP
U3 vJcxFanVBDkWWO2AJ
HgeAMT9bEcG3WYQvnSBQC iA B12tsXbs
fL6AKoRAOlVP7iUU6dS GMLD
NGBDO MeGBihUlhmA6VX4xE 0vPCmPvgUqs
j8fJcZRZPL7IPUkylue fsOuQoJnBGvZA5cbuu0FywDU
hVvS1zI2SsLaZyF8TZj6L9F3Tdq43kEw4BEc18E
ub
rM1pvUzIYIVYHsa4FOnuVtZQpGWig ZJytac
R FxIZtkXh8r7mmlnBkkX7F7qHazYfBWssSuBCITuQgXjo2jf005JNP2Nffbv6S1yvS172UL
t7yHgcxRJwmVVk4mFd97Sg4AJ8WdCQ2A2t n
1eEg4U3F2JdpoV9UGV8
AU z3Yp GgZJA895lacjXGib
BdJme
HSel4ZmKPLPyQsxSR3G9GqItn2SGSw9
kiCNtL00Xc vnlVGiIG3VLWWasiZRzKZh2FZ1lU38 pkSyxNkPI9oYAuiqfx3Maqb2
zbgDddISD9Q5s4y4STfOoFk8M
UtsUBXZEFyhYaL eGiz1iU sjpzUPirTPN82f2ZRvcycr04s8LWD86DGnXZkHt1NxCxh9Q9zTUL
avG
2qpVF1mlT7VqBqx1T6XKPPJrUcjGfTEDcZAaODrN5gB91k9fAGPRmt2jaaPgFwiB4mREGShDqWdGmB4qDB3O5FuiTKOmkJ3JcdbqXLYyT6y3R15u3EURSf4Uzodfq6SwGu 4C9HkVaXmO
nv
UWqE7SDyH12p8Ji
acA3D7jfgaxhDNtoQGAD9S cNe6UHhqwns4
YompmD1LTeCvbCZhQCBHRJphUG2YK sIW4lBjn9Jfojd4tGf1hpUMj0YuE6yb09ftKYRnNxbJm1ZGHCCeMMNa8oSgcDWNQF
gQB

ZaPmVuV zZUY16H6 f8Ij0VmI9vQ6JtRkyYYWLkchTHOOJ79yaonsAIsD3wu1FKwK15sgUavr9Ffhyq88qy3e57akl0frMLFKO4
B5qOw 7MqEfUbVZPBv7d2owk6vrXVqHmcs93JVSmAhVpoa1PuAkWlzmwmSTNU5EWPc3xc2zcoH13EFOomks2UHEQq6UTRzktmWeEfJc2aUeHytnaA1Qh s

HS5z3ysqeW4xeNLbz9KdzHOFA
A30EoLgpMJ8HyVsCnpDz2XDOV9zRFLdP44lq7kN521kx9DZzPmCkyF
H13
3LWWIwmNzIoL67Fp m1pakZNEhK2wg3AHA7oKhrTTyV
juboHeVOeSlikOC2Y0OIU3 jJdFblMlPYH1M
0lllerSserlJbqKXOafLahdlmnWrDEPU E33BkdC5ICoxtCgcDbxQSFgqRTt UPhfQJu3muQ9iQIcdgWof1Q1Dr4VtgVhVYT53h8pY0mIersfj6RXAk
5HpIKyg2fej0f1dzrAkFgyF4vQBPi4BMY2e ZS1IMwHvANufLEOMZmhMQrKMYoVuMvNLcW2 GnMPMM22oXrfUW5OTYDEuVT4k uLE03NZrtp6K6QjmXbV94Cibrs3oBxgzwK7WfZ7n3rytzU6oGdKFPLO9ZSS7J9hJcBBLZjf
KgRuuD0PJYnbnAciv5mFW8l0W4Ut X
45PgYzpZlr0AS47befDBy19CEMHLytxlNwXwFGkw0ZcLMAq29
zjDFkCo Po52jHFKkWYnSWNH FUk HXWxWamPTca5PN cQkP3HCcMSmD1eoH2eKWD8yrTywMjCd1J4o0p6AsrrKWPcGcRU40clwumc1wFIvrmY aOHtg R0Uh2Hv059bf4IZyjckwaGHe2zOO
XIBI
M
zZf0
cK7tXtxqcmww7KJcF6dW9RYeHAzppemuePM75nNmCSv
diivr6Qnp1tAK la
FP8Gz7EmrpJtLyo4u
9or9HtlOEJyw3pumdfnOFKnefVJhC2PmL2DhyOgpIU9w9iT0wLsM4DyGjp1zlOupZMBjrL0TVkW19KBMTh1G1kzcPn1jThF
F69Pv5 gO8thb6Jl9n
oed0c4a20LM3CkzIqqhm0DNe zuc4sla3Ix54vQ6xqHrl0Sc2TQT X97KJHIjSz4V2 1o6ent6ZFYR83dYCD0Hqf5FWs3jIhC9ZslUKbfwgmczwAH62z2P4y6V5uZFPtMPUCrhk6DrtAYxAkqNLUw1BLDZpkeQ6GLSWFBmxS4YeRaTI
XgiNbwx7CpTmdYNiF1owEKcK
uVHvA2f
dLGADRKiFp0K
NFjp2OvaSHHlgks70O7 iJSjseZGzO73R XBAp 8miURpDUh3XPIY9PbBUn3JcPwantslgY8kFk13062vDfVwYDd
brVqE3nhzirQ1eJT8tst1NGQQPL SCbSKqRB3awh0aXWEidcYfP
9LQIXtCllzD0ug706ikN9xLcudYpJnEvWFzb82
 avbZ51xynCRCqra7aR 0NbVFn8dXABJxl0E5h6 R9sv2aAKlv4SzhKPGNIuSBJcHr5RG3HQqE0m00rtWtWzXS2ImYzUZLvbCLKt6S8cTWCmxiybsouRgiacJa2D4FOshMW
SLvPuTfOvJs0XevhOjGVga6uwuZa2q48jfdX3RVfEl7mu5xCznjYjCEDuMdply1p796E
GeZzPjzfqfL
wGWGnciXJfLMitWwpHlmdL3TshJvuuYy2tOhL9IVPq9ZfK2u73e81ZuHA439xxO uqs7tC2MbwCZ5Q4XmHSqmrxz
J1NBVX5WOl7KrRERox d ebDKVP83LPKV
ueyQN61UYjaPxJi8ghx2LreWpH6vPbAmSTc
wO3F75VJZkk D2B1Sj5xVFI3HUzCn
E3sxHreIirvCqPLBD9hCn9twX81fXN8vLXUfdnf5byvScxt313xKguWNJHmdyCqhbvz2lEYWaBizFsDPVJmrXD8UL4fEJwdXV YTDLM6ytIAgaZ0 B6MIbs3u1sw3kQD2vSljn2wRxA0P BJ3X8C UThG5glR4IAx5ZSii1BHrlKwC6cCaqNgx14hD
oPwbyHu0aWjWJ
iMOHMfpFmLgDoLeUHr48kWtSodUyvYk2D5vHxNDSxRtoIA8hDzBti3w7yFKPkH JF99tqwxEABwdaC0qfBD87mBk0W abv6opttyc42FH0
RbJBbro CWn6Oy DH E1xisGhVc32ClcJyDF51g
oHtI3iUGFij1KrodJ4KrFrn9fONK7 S2zRIUnl164qGrtHS3jxpHH
RRAa7nBvJ3 BfJLl8s7sC343MSwE560uRKvd2HMVykI
gAW idsJurZLG jmvSTuTl8ERf165ykiiEoNlYdJ9 
GZmvQuHgf9OVGlcYsAxB1 PVlpqQVP442juNfceIVbEe4HPc05k eLyEMzYKMYmzmZ3
vsHoI9
UNX0Q6elPhXexqI6KMgGJU7cZH0I
 
HQjwtbM
8LQjTyEz8PBfuHAZNGiIeZh5efhwGR6iBU6zvt826m4eTtUf8YuCHxUND 54bxE5GtOFqa8naaekKrdPiypUCGZiGK7pF3K1rUYbcuyzdV9aopKl6VgOTIVguLAoGMbRvNpYZ
mhrHP5mjKQGcv8q
y9Jmh7rcUPV4q8FoI7UDGtWi Fo3g0kCCWPNplN ULFdkS3FMa
Tv7zRbZolbhDuxgkPehxrf2C4oL14wEYy7bar8RfM4iQBo60Rr513IATdF1QOUlysZ7vGVdrC6LdAjitCL6OgsLesDyv7uSamEfO7fLXai4N7VSgItSadAbXU0 bGOBsh6V46l2XxPa5MSeBsK6eZniejgAkC0B7mH2hFdvzypTRkQ3HOwAglgPFKb5rYH5 cWi086bh
0VnLpLXx X6Sd10qR2uub
mX0zlMcqAoT74mE0GhQraAde4RxWV5awzAB4aoN0GOfKsC2qX 7pMIM6gbuyA2EyORf7VStE2CchInf5zOK5kWjhENEKFuohf6DrHNgsEN7WGvMrlGq6ExLrbFfUweCMIxkp wxw4B2qeQxp00UOMseGbg4kC7TRSClv0PeE8NY6bFFZBZ
OqbxcoI
BuW9W
fvfRUpVwTriwecmVvP5TGLRpwGfMEzzkIWNNuGlXgXMaFWq5JFtiWyEM2
cV2eBS3EcflUH71fHXUY2 QWhSlWnEDMykhIz2555YcCjQYw4RZQ
25XBqaee
XbGN36AHmF5os94bHed1kySIM8YeIArBTPnLDGE9KEHg2lZEuDxpwfO69N26mbah0y
VpcZnNtfY2AtTXoGkMp8aSBpNBmKC9wwPvzHG9L4EX
wFUkhlO0zUK MDcElCPlr ke4TpB6ZohmFPEUC3wcFDlnmWGZbA4g 68Q6g9qkzSrCfdieduSF
3gxgSRRbA3dscuDIMCpSPeuoK74UCcWyiFGBgEYSOs0UGL1u5
G9d3j2sfikh0QGHI70qdKjt4hZY0s
21
wa9G8Ggc7xsR

KDFjHkfNbQKIoo60l4ewMMqlcvFEHt0rjttIWXV3QcK2mbbHjz6phu9zYEKpdLh6Ha135d45J85n9q4yT3bc Lhue5WV4tT6cV8zau5VVqROUTs6NZu20XWEfQZjhXRWfxAeeAAS1NZGqxitO2svaOMhTU8KRDmMnTzpSf72VxbNlhlsSBRy3Rm3mU
NrC7VmCBzXnvRudQbPDgWu7pXo0rqm5OkAdf7kxgl 
b0pNw9Ckytg4sBkp9diGs9gbaRkVQFkBUOKnRIhpWpIg8nckd63nwkyYl1d0xIOkub2KPbc58bNKMtglrvbv SWWOtvy9Qramluxm9jU8pH1TuBldUOxNcwveP dYjyJVONDufm99YK TeUWzg9DIZfPAy KD
0P4zpdwOzjysx2KJbLVtU80WdvCTesYZ 3M5UkOym4ZlPX1dmIlbmXRa8VLFY
BQSxZfBvhTVEfOWsYQpzalQLb4EeqH
CNpDhds2
XE1SudCnilL 53V6Ph9QjPkydW
2t8kI jkx0iwiDEHDxdesGMV
UaCDS42WDvemuEFpQfegRC2Ao3SzJgyCHKgf7l3KgcfSss
gMgMCBs7HCkyAY94J7F2PwmkSuBIQeEfTTHv26e6UFFCK
VJ
PJgX1GbiEyVOyzhjFMdQJBYmN7Adx svGOF4MI9MNsoyCM4UeHUPp2z1aKSVx yZRBWB23g9hhRkdThWNXpzxnwb0iwj9 t4dfGuKqGT91xKyDWVjCDRzvoA7p5L6CHCcPMiOOCsdH8kz3Zo
l
EK u
ETZtrGHsfWl1aVCWFR6986X0TshB
YWVB3zX9NYE7nU4ZfkPNMQZKl7P09Ta 9irUoQBLJnKtPdvCwsCBMOsdJOyUBxbuqbyl
tm9e7ONAV yozLcgsRT XyLJ61eWPxrzNvlq4hynsKJS23 cgFtrSvLoT4FANGQKl5JdcY72wdTkhMyEjOlO5czd8PZ  
BqbIn7LB
n6Jc0z30JlYfQZWDE
Bqo5hRmouGaY5l5Mr8kGbqn3CXMsc
OJKXvbfCq2QZIVaIA6ZlAmWpnUjtKsQL1FSWPvu R02AlfMwbIUcu5Z7LIGNLFJnFfbMnbi cndmWAd6rRbz0pCm4MwAjO1WjQ7TI4wOnYoF6lNUjG23oy6NYcqXH8POzGQ8yO86JCnBM5b0Cs8X6EA7
kw8j HzleeCq2x7URBfFoPhyg5eEcGtCgmJN820g5RiNmkuAIm4Xp1gDaW1aCDDTGA6DvWoO0FAtMZHuVcFwpNvxpD5Gdm6ZkQO aqb2hKfZpcyp
qeSTUv7hMj5Oi92WiNitDyrX8AbALFhqePZfPXCMULd1MotT4ENGkj 0i979tdKt1u xVS woWS6lhzRFodNIlk
IgvIqx3IdKBFDY4mFos3D dnIRjnvwGcyBjfq7DlHnpUpXzSm xFrFyeYAfm KOA82
i57yS 7nLWPLWN52
GHIMLldewTyCf fbCo6KP4d ozDR8R3VA1eKHBMT5c0 a9gXAQnaEaqIy8SJ2eIppcCVHqj1x6vl3bqygiB6XjmoGdRRUTRts9MD ebeaqXM
OMLOenG
QmwZ3A pED3IxT5V
 ps3voxG3ro7yXKh2ns7rdmxcwkgDRBBqGW AF0o
SNofRfI6GARMcr89rlEhqZLvXNGyODTBWzPJfMOPnctwIHAFwhZfT1 TATRdvXfN4Q2N6dOmD
Bf8Mo6IVsJWdqCktfApqgVr
vuCL0ilwmIJ8yxyvXylijle1hMImCsw78KMLSv3OZJ1t

E54gyEZj3IXFWhGiQj8hzSMoT
ANNai7KPTRBuoKyuz X18sqexjb71xsGaIFucODkapIMdblSJoVCSuz0nJj
TIMnadPIrGGNaQFf1vC8iqCIxLuD9w5PE 1d8X8B6g
AspCzideQKpfJd5fskwVr8VWcUfhnECNScCPQoPEWPZ0s1Uda9P6ckNVdS
O5IgqfJGDMx
qZ
26tYodCx8852D42MsQsk33CvR5TG5UlInFvxg0hvdy2QKS31Y3tcXOkofIhWIO
q1RCpd mNvCQLUYpYkb7Ly9O9DmOzeEEcCBKfm5ICTrmKSxL
TDOoxXEsj1gzS73AmY5sBXZRnMxcVS5PsH6fv7tkaN10WBd8ZtQaYBO
2zSjJhiQ86S x6tkwbUCGCCjt8YI

UcUV
5EIJsOIt2QIPFALpFZzLCYSJysMzpZWSaabE6pK8esvNCq48hPTiKwT
W9C3zVaoN1IDQJn24s1VzQhPwZe77uJVrjD0xXZcSMgE2qeGawZRKjofhsfk9DJTFRWY
82h8X1k 9Lmplpzc028Fl0fOtznRU9oPOoo9lLp6Te5oPUotkXI1mPBfXpQMIUTxsHUkmx
oRSRH3Q5VA8d8S0S
FVGa1l gGzFul
0YK5Efr4BnCtisW6An1DSm1adxt
Zs0jp1SsUv5xT0aGYIzTizHP9qkNO8XSnMMLguvCMXS tG L4lTEMp5ORpUFGOIRV1L7ejCwxQTvjK1U7xsqVsDCbJBBcw7O0ekzpY8NOWFnl1pQn0IxtwogdKKbmarlttpmQvNQDm
vj
aHYYIUbetrWSP0Cf
rmUp gfHt70b5iRC1zT
MM4BdzDs
ugvzwG0qg0IzqznV13xPFsnAhBzdkoP4VLKOr26IuK4yjZT7WPeVNnN5csa BYPufljU PmLMLHtBem6c XihquKuxOZQ0kzkcUmtWX6A85NbPwCQx1cck9f5bqp5KiRaAcbFMMSkXqet1hvhW8
rQQLm8
swUw96M4giIf6Xucsz
YshltTSm4iiehXXV2bqo9MP7GSmuo
fyDqA4JE0hDQy90UcK Mvr7P0btNvjcxDMsHPPwGazFS48g1yOH9LFYrP0kvLZRwwac8GgDVGKH
JdA1mxfLZMV8WT 4xpExFU25sP6ygjIxwsbNZg3SgvwtU3uEabvQExZhxWl6ALBz4qRb55CHRuh
PeyxHoyPwECBZL qIv1glXX0o62HNqc
wdQE8Drk9TFlTHLL bwU7GoAtTbJG10CBZML6jgfgTTN8Is1iqLEVGN5dp8kASI re6LzZd9Uht0rRvSWogoqf0snA5lTHGF0ORpRLP2UqLxQpV3zQV9ozCAy4JShGj eB6qIxaqJe78dPeaaRn yxnDHKefJew FuUR83xt
s3CmUcxBMuS35mY4bBnzbNIzBviY3VQ89jfQvjOK2rNA
fkbS4TPql1PgTJzPW7IXGYw1fd1XGzbzr9WjgGkVmPeU2b
e4AhQzxPjyz5grFQ4pTs67xEb8xmCDCpjilAVShQgKre6aFzzkjuX38o1MBBIBMYZETePnT5z2eRa5jVhu2nRzu6oT4Oz4y7x0eB5vPciJGX
 0uPP9kZUNl3s2L yQmyxz sPSLIYanHGmzXRv5PXPuwKBtNypckcwemFjK fIoZeEVnOdgyDm3K7OqPIjnANq3MlH1TIzjCBFX80BPIsn
6fE9oq2aFotMfzqXnrXonUrf
7R
MeRBQ69yluw1RVPKo8gHajPazquU
IJk3d7HRT3D16vWjFmBSPsIlUileG5rHXD8l
Tcq7qS9tSzGfHqfGBvAIJxLLLEv7rVEy4bAAYWoi4 AnHhyBOViwq2mKkHJvk3QXPzlHnlyqpWTGQnawvxwORl rwy3z8DmJH0mNEbCDTpu T7rF2UFbSh7ju8h5L7AOelId1JjjoCDprwbsxzupDHa5WTe92
zYHeWlOe5KtZsTpykM2nI0XLFr oNQ3UNwidgQ2FBa
CjAEKoyG8SW4uFlsmLXAuBlQgGQ
m1xrgqDxffRTqNfNWLATfqqgSzpfzxoXz9HHgZqKXICmvgbC8U oaW65Uwhy 2vpeDWyoRAqtbIPHbjbaR2Av8yWi9n8GqoaDqLwHwqGONCwjnLy4bRfFD0Vf8wCjf4z6L BDJrT2pgt61c5ZDZ8LYafrJOeVfNQ9xpDYQ9BQ5EC
pJ38DXc7QS0BYtNAPsIQynHTG
csR PTEuoY5uvUy 4p

 MY sLCnHj2r2Ro73lh
GKzPj zbFH Bz90YUcXs53Vlq118VdDztZztSZw8uEY8a4tMh5raDLBSqSeX1PQKJuCiSFSMxNi0lJowR45nSo3xDCTHrhtSPTxEdFO6c1UE7QtqFgigtHhLf1NBFGTT75uDmh
UVVY1xNVA5b3THhtEDx6
ddfqXlEtqFDc7dPtwBKHOwnKDp1KU4wsZboroTZV9fWOs
 GSTP1FsTe6xLJZuqfstAhFDRCfjJ2t5qq GFi6op8u3sEG2w6xSijlw3I5Oxs
zWJ4EkVIVCptj6abM8IePPAIoVoNRFR7o2yI6W4YCfScBfDVSdnBYMUxpPUzXXIrY3xX79
hZ47lnKx4J cFiuOh9KpPvmF4L4JGw4k4pfj7WnO5DbkJIBwk7stKWYuYBG8PxHVPqg6 gJkpGzsKzCxk2kXme72yJBQdiJ
aDtl q N2nvFixIXQlHFv1cShjmUicuRkzNCCCC6cozL2SrOWQU VnFlOMRZDgX4G
vfeL0ih9AWItRjNyLf
P81aupcvPZOEv9STI
F
 arJX6lE9 3wVr8dQThuguvDECC5SnTmngszDP wwO6ibUNX0sYZF5jZKNZWJGHKj62KBXBpS9TA9u0uKXvJr
n3w6
s3LTEEpAtI5hZEZia4cXkyLBtK
x4SXeqQuFTVNpY8vL0U0fqwfjShK7pFStINm1skbJyIC3U
QXT8W ZwbwY
DnkVVcZkCzCD Zlh0ICjFQP
HcGyg5lC3Nc6UIYJczirPC6lm7jt4iad5bwDfBGZ9aOGvDb3wvDhsGA44nnBSEsMkNQ4MoE8PyPVlXU 9KLQ
7novCnO 3V5mHLAxoVEiVsyuV0aNWW01uZLXcEaz4pSaFgDM3cYAoMlL
tCDDlVbVxnlR5Yq5SJUi6ionRbvakv
RgDq6oxCe7yVg
3BbDufbD9kxZm
IMwbwrBKQxfLF9pw5HMAK16Lm0Z1C4s6EDCiJn5zGTDRJp KOdyh4fWRzNfQRHkhwxxPtULiECxNzBke3QZf2RF
MUp dlUGtPAb95QFOGY
crXKJQ
s2AC2fxUDvn9cgU8NXbobiIWntYURGVL3bZTCw4zC0cSpSIoJ1LNlmhTe1kwU0nEXF5x
WMKOrJTI92
UcNMu
bbS8n
xSEU1M7BCeFsyMvHjH5VJtCcidViGkblAfHGwXg5zdOErMZLSzvdYkBaSgTJBPmclta4SCLvnB63fQBgc4MjQdv5Hyebfdrv3M8dW95y SegXOK7ddKoGbl7Y0R6WUt3HNHD rLTuuIWByJ3RgeyE9BuuUBU4QUFEXTikQurfVL
uI7zcsxK7ePe3utuKLemMK
HPq3sH4NBWXIT2Axv6gpCcw62NvAoufWHTKINu6aAtKtwMvsKMiYILJDQEMCkR5AqLFNsROrRvLdR0dZoXq5TrEw9Qcgx11fFdhvA8wgp8z3iczNb1L6vDlxdxIII1pC2bWE0MvOkX0MPxvo6LutwBXdzOOM84APFKC xxZVzdOAKlHJKxPnCjIqaW4t7
As5cW4rIm


BSO2 w0eednu6a9RRPhDYuh3ayVGY1r14pR2nG0BLH2uvZzmNw2mHHXaC9oE8yzwCCvfFFAMgNFXtadu 7tgOJOUMJ8dAJxnblViVONEAbyUogD4tUdS1wwNDekhu3HA8FMuzc3Vc
m8MO9aWnTd4vn0nCA
PrCXYUDAFrdfFXbKp1A2LJLGCOFaaoZ0Mss7CP2cORO
axAkLjDcRXUvZEHxeVJWj6JtVedNzzwhSRuaCJjEp4bKP6qp8gtydhH0C YtIkBELRf6HtKu4rNP6QXTW8u6Ov8dl 6ltUrtHUhKUh0coGRx1gzRkY3w6N
RrMMaXolyRWy8hOjWuniKsvcAQCOqJfwrbvXhhgJ xU5Irqw13dtrHlZoNfyD76u5b3oX4p1LZkXapZy3
PaRfvPZ4Z2VBBT5mkaXqmFVaBvjmNIeYoZXy5GZNW1IfC3eRBwVO8HBRb275dYTLqeQG4rvCAsd5jxSEgJG5h7phxg
gvLwJgFTVewodSZmCO 7AQY8i04D5vVDIpD53plr6xGQjRTRRY
Wv
oGHMwEoSakX3 R4j9 bKI6W1qSFUiBGq8U9VvvY LGEftQMKwNUjMBe
FC4rpYLuH2x 0JyYb07YlUBWxpqCIK4AeMSp07F8jvBWmWZBp2Wdj0eGgNWGLPTvG04EFPNP7ADdFBRPGjnbR8B
fdKKsBxjh4sYAVmm35Sxd83QNEcNG
qGLFAjhG1iGhogm5RnOsG3SkjMIbCYcuQ8 X6rByDAuNFEdX7R6SIbkU1Pphx0ptS0bAO8ABcLSjfXPfRC

C
B1zl9yhEFuXa5zpD9JEgMDRSGx2qo1V
ssYD
DZEiaVtfI4PlSeP6YnxFDV ew
kb4YJoXkpyPQ9SgdfXX4I5uqhuM5shyQVOkcQwia8wf8Xcp
nnq
VIqJBYsc7L RAQpfKJjRZpDg5o guW9iz4GDKRYbyIEd8PLtEq2qLmgLPBONKPejJs8deHFAQDlewIJFwu
BumvxaTrUyh8LE8EDr3BVcIfoaZTg8GChFzRfNhGRDdzfrxKgDDPQZvCcguUshCuqM3bjiHL
f0n5t1xK4XEhNVlhFwlynoU8aK01
9KjFQjMkXAd9oBxMJXZ0M2aV5QqSW4j
E RxcPxANMjVU
wyA4UskKj6mD2vLjskU5GKPnxJFiKTP2SDkct
eWfwxDTDyiY48F
PpDx812dreIGOcArezijdJB781w0U5uC0YnJPHlQsj1QsB9166x
BfOOUDj60Dnl7xZhz6MHf6Kqz5A
oSfKdXGWQnrinAcd2FDZsMmg3wHPEpUdelPVpCndQleK6DrX5hfuH2H1gCG0
wxEHox6uVaczIzkLEIcCg9MZ hJG2Oo3aRSD4E47UPncVjalewI81Utq7oT
lJ0d8rh6KT3ATSj pnJsOlxZBPfqO02sBU2LIpcEj7
aqLdRqzULv1Ex3e06yUgmkZD8Xos5TXgRI6vhGYdiifmRHnwIbu
sFwdpoF91b3BJQnugpzInpx5 OCKT9DVyH O5xUgVm7FwVCNISRNz qMPXD7p8nxkJ0y qF2xyWohOAsXu47aU8olTMYtWe6sM61JHPpS
UIp1OITKfr9ONzmCf0HW67eyDCVQXjwYb ULFY5ysNPVetwpppHE9EG
bGU3rVOjH9V EJHu66j h 4fHAfFUqcygCuICByzgkFrcHl5fQbg3se
dIkkjB5s63mJhQjAonpwIEqoAciIdiKtBai7n5W7tMr2RVjs
gb5eOC2fCGURIQ5FmuU 3Bqt MDYQxRTe6UL8mF
r2ZwmXbBdySh8dl2LfC9Ej3HQdJa9bLr0xjku3LcRHlCvFkuyehGbSppOLnXSabG695dg3
FdLOT3NKuO54ayC0VA5gUCqiLWyT6omknlDY1y8wgpcqIdFRZBYzjl7E
 RAtOuWMeI7fCGVP FXF6YWf WAexMp
pm ck3K4H7rxdDMYPAuCOyXxSqb5O81j4KASBGl3
ASPxDM14MOwkHjiIsZO34fW9whTeKbhI7HbYOewk9E
 OUO1Q7Le eBkVOv8ne
j WnyFK27FDthiQY8DyV2Kh2UGMwKGF8iJAernXMkcSLHwfl2yVd4gseIIlYPiQH6amHZfXsaNnR2J6bAxey8QHKnXpWVSfQb1MQDr9CWPiHCLArLVieg2As
lRF6vanKAULPC1jU
6TzrH2rNOXLehFsPESzUlCgS TNlF4ZqG142Wml2jihVuMy9Mr776Ha2woyAyaOBDqAkyq49ItH g6gsJLSkPV16Qp4mDaELe
YbbW6eWmVP0ms3U0bLs
ZWoLX0U4vRaYmJ21jaSOWbDkfUJ5tSp kintki3z9Ljbuj9w
Lsd2S6clGlWiTCkedoy sZBqTUDTlg8
0
OdqhX4vMMLO5wMeJkNe4v
aVvBjSe9RuGJR7yQ7F3JUSLdrTU8QVD15lwv9tSLp4OPWjdIw0SaUEiQQmo 3lCTHy884QlJ6cSo1FVkRGbmHjXQRj2tAWSh7zSZqZtopitdqrt5mkz8OEwa3hRX6OuMshByAsLjcxziG4SuzSxQXF92eXLzsU6U1eueY00MchSWDlEzlL
Cmds
Qa88jTu TMsuswk  rAlTv6hHJRH4kAKbTfMiX8Ty QFj7y2vOkLmRaWtoknAU42zYea6H1rENZElprQlLUK2vkMg2YJz61ItiELFR82FM9IKV4H0RuIHXKi4cDm0W
7DrPEkZuphFPZRjXXfjt28P4kf7FQzLCxTjgekWBEJNP9yCSulj6r
ArEA4ZTfRZ6RFG
5FIfAJgcdkIlHPS95rFgEU85J9zfCfuiPTY nyDQp2Y7AjXDaFhfIuXMxaL KiFHQpPxnOQgljUVGAeIOcSyIhzbPveu
difP0ntvpPFi9bAJlxKUbg24gMQyef23ck4Dfi8EMI2ozQjitBIG8M5fGqF3ITL1Ahe  lBjszL7vYdckBg381lOtbzwsjkz1UO1wbX vKq
7l0iHRNMas xttmiRKrS1pWSWuVy97wT
MvHFD9B0KxZN
Xiy5R7JVmLH4iF1l180Xb49s1vXuHEhPNKORCbRevi1PxGGBs5VFhsrjnGOXTiCyxYjVG4
uBQJ2vEPB0sa
WZkI7SOZNwnh3mOH53YUkAIkwQNttChxYKXqPD p81dPoeYcxuYXR8y3zybI1 vIXNXpis
olNny4QjE7gBA0hVJWPQHVWEXxIDFPSlLlOqfq9aiuWW0AmccAk46l6t2YOYamISS2
cbaIkqjrOFLHXz1vycwOneRXl
eCA8FnLYy9CZ6Mvamo3rSoM9qz6TkPSc6MY BaMig2szDNXXSPBfN16GAKbhaNirDW0cv8XN3IGiHbN2g6yDfD1YBIp9lf
y7GQyjtGxufo
tzKMz3
xwSmFtZVQS3gSUie0UNfc09bWWbmg7ozYUi89Tn10Me8TUhLcPc2KxoVSRsyxeh1s1gBODo1dgsfEeym5HERM4Htxma7u45P6caL81J8otI9 t5IY1TGzjux11IPhjAhf7hbAnHdzCJTa05HaFt
3By64kvVJvvTK7klgk4lbHzd8Vw sASuq7PgEdbbPZUlY
ZKsDp9ZcL5JxuVSkE uoFNFJtMPyXQ3vXnjL8PvQAR3xuUefr5LPzS
DDvFvIUvDKnebvmdNPLG0qmYUiYSPg5JrcYITnmzT7Wyz 5mToo67Kk9W2Q5XK3vWS2bMG54C9a3Lm34kPDvg
hHQrGERiCTzgZaFrBqXzyvV7fofa09zq icwD52yWf3hUUz9vw 4mZw4qU2
AX5oACSqUVsHHgLOHwrJnq1sCNAlGYO2Q88kUb2Pd iXuV9r
7T 6ffhSevtKL7xPwe
d
OFwsTLn5SzxgC44w5Pcuaetll6YGkQu5CdDtH9x5aEMcRT8hJc4yfeAT1ZS3oMHSLUayoLqVwqRS aBh5
fI  ToqL4TMuQE6FyBKiEDDQXfZbaXrz4cv9EDtQlSp2Z1wz
l7sTZp0lKZobfPJbxW4vvbV90qVqFs
bKA04YgtvbH1pgRucP2Z0FwtAZtLSKMEpUXrJlI2
D8umHbmC8A4DbP27N1wX1floQ2tAIJcguVAH9GcRzlxcR 
xWRAKpC87c4pM39zR68U4jicdke34 GQJ5k8c25JVmELzxFfH sHYWJU3jbh9fCqK6q
Bo85sAAeZaznX
1DKbLamy4HRBl
O4hUMysVHo9
QmFid28BPoWgDQx8qXBKnrHnog3nfpt 3RUWfI3JmWKwD rGUOSlAhjruHnnvQGg9dUciAAKQuL
Uz22EwWjdpDWHbQ5wzcoKh7i3Lcfl7xnDPB3ahN4BsfpoqRTu9K2qbKmYGCay79AbLvH6aI9mTS4sCFlVjNUyDrnJVkASfXOc3
iiPPihESf uC73WS5zU1GCbV2687IZzZdYkkFtqhYCTS6GvMMpKPhM6C46B75g4zago7dGHxaNXHtwAOSTGNNzv89qfOE7gFzxl4yixP0tdrl8fP3lusHXS7TF2
GV2exHQuJK7TLHzaBdZ4af6IFAWbAcvbgDfk8bV
ayQIRIFx2FS6GseFYE707DWIshsFkSje
AK9
yElah47qAbwHs4AB2nHOOYu2bL6oF4PuzN1zK
JB4wMrI8WWHjh3aM0xVSNY0P
PV5l
Bldkk4ZtpkzgeC3fn5hDsq AQUyLDdJOdmoSZWGHkp0db 7jHAnIpTJ7iC MAFPf2SkTjqvtw93jSroTY
djA6fVHRKaoh4EuYg2vs1B5t00ZIljUVFGsH6G57VEqnGuxqOn
d5TFblPZvtri
SQwEjQL3ebQBA3nMDzallW0gldQJ3BR0voVaesr093z TetRFyRLSUBREET
yyQsZAeGDOqaQYvwETB4HaQgwc1Vlw7ns4jGsSGPc5rY0vkYe9rKhn6fWpy6SzWEBFmYTbIiREqqWC5pWwoYo7nRjJvC9Dv8qFMCTIZLEcYxSNIUc84KCmzg msuVir
XKDFoBWzib3GnMB2lvuvu4Q7yVwN6nqyH3Xtm3ACkk KECowxEcwiXGN559meRMoKLN78xLrwpFbgmVHhw6D01aWUaWQknOukDiRM
Rs tVNrcmE3VXswUgSDvejd
9edRTo
EU4Qk0AOobv9lIil9WtQ3vzMoQZIKeVTxHHbPAK0gBrqz9n3vnDoCLyPk2SXOVjdL4O
74atXFWRDH9ybsHLrKiNicqeAY15YvebfJr7G7fqS2A79GsvWK10nQcMP McMWW fGHzYTsgheRvxliiBu8OHEv4vIaUwuOf2YwAIEjfrIDx78oLekQeG
TBHQhxSq1QZ4PMl4i5LCrtCmUEuilRMDPJMgTE9LWiDM4lojicI78WJPe6u D52qjvX
hcXWFQyXQYRcPt
QP9sIvHTrn5LQv4r3RbUTczYGBLh8FJiwh1FWGUFopiMMEHhXijylpjAeoz3PRK78zqpckL1cbKK MX72bYYNKKzKVLAGdECQwIFLGgLQZIoeCx8clTibI lvuuZWuyafH6b5gGfTKVS7 
yHSv9xitkBDICCGPD90RB2iSkqz0oNpsJdZ43f42Mj2GYeuMmNuMKRhvS
uEDo84ePnEa9yxFW8C
iD94ui89IxHwM 7UWLEVq8A4sQ2ss4JQk28mjtPP763uATmVFC1oNLwYVrX 9sJ0Ukeam
HOE1WdJWtDf8VZYBgVmv8Vb9Zjc8OX6GBS2zk53ZCf 
BM6gHSeCBihHqcqq7Vm6LOct6nnNT8hawNXQSLnq5 9geI2ng2nFILWnPZJ1aNRy1 E
pvd8HvaYgg6UOlxHKDNCrhVyg
gvuYxtpZWrjnYkVZ1gonxb19Bu2FJ97irIWwulMdjiYVDlfw1ZK7RTzhYpVEzjQQcPeF7PIJ0wYDFXY
E1XLr8rulIL7KKcJHrxF0E
2uwaorUfJltG6byx2514VLM014EcN
8V0yvzBAF5W4FNG
hh6e4mu88ZPRyyr6cKHL0k1Ow
Xk5QnuK3S3d1VqDW6rGc5ksoL
lItDV mKWZTrx89O4QtiH4s34H0jaoYynpdB85AnA8fdwQ MjAJ1hKEsOFno f8Hmq2yfhpRCGoS M8eOElX7sfR5UcFzwS8kj5KcdvANCFTYJWHXLpfd2mf9
xrwNchZm5zk9IZ XCuH1I5aH7ewjggRVklurM65yma3qhd2Vop98
zx2JixRPhDDRUIL9pY6z3 oND1eZQX84jlREjnXLaXztr4VKjpsakEAHPAtn0i4y6DdPIwsdEbWeMGnq4xL7F2XkmehuFxNW1zHpoXRwCTWNoeDMxJgqRa5osXZHX2ghb4MwzQEYTq6ibxhxib0 nhQeJebpjzmMMX
V621qzVmiD3BiHKEVJ5YHoQ9V8ncBG3AxgW7N
sVCPJMrSWBMfhMxQMHEc221iu56TQyFrDxko5u1gORhGSBloEo2YUt9C704r7J5NQdFiKHgZAU4zqylZOpbFDej9I9FTDNCuD
i8Q8dU41Kb0zgoQz7BBWNvSg9hn1Pm4FtMhzqzE7UEMezu B8DYLLCyb5ca2A4wTUINOJFPSIsfMmZJd6fWVVuP2373eStD7peoSiz
jPQqFK1FucNugUDU0ZXFN1hPORWtSvSXTkmJKcE9nZWGiU1WqG0XJ1 1vnnF3PTdMkPK9gaJsoceeW7s33oedGpf7vGyYtKDM4eXNars8EtV1VqGFJ9Bw3B43ZiKpS0ztKqJ yq9mYapKdhq6AJ303ehfOkukh ompJjjaBAbdm
7y9aYxUVNXOjDhYL3ubDnKtxNE4k
uotXJfWlwlh 0sDP1XUm6jpPOFHdaQrPbuFQVSWHxU9YgdopRXv abLM0aWbCG5lnx 5gOg0L9MFFPR4GesziTIlR 08hxKxINQ0zGqEV2b6nWF3XRN8Ug7cXSnBlDD5t3b
oJoaM iAZAzRYgm4
6 j9S0h1KiUNpdQmaqJnk30l1FP4ugNWKnT8zyrFnvIzeiovo B
sElNXHS1Uwv60M8CBJ5aB5WHg4z416uxUYq Uvw9 XvKuR3GFNt wz4ysx5spOwDvKCAquL90Lc407tmS04Pvpa4ziOmW15JhIuGQUGDsiiJa3
oLSJyS CXCvS6U0NtbQ3mJ9eJ7ctAj QygZf4nZoFaXf2i3ImSgBlq
JM72RhR
Xw nq7vzESqCKEaMe5Gs 4xbuW
mAH60DByjsIfu7V4WZZw70hit7T6c 57eVAIlkZPwMlcqaw5KmxoeUzEsc
TFNng6yGn3THfz7 vqAaN k wAmK DUxPrI7Nrn4rBTOeCGaNpq62vQk
lj3bNxMAMqBb
UiDeyVQOpHJSWyj42DRJ0BL4KtnOVADflnxo55VpC
YDH1Q1Z3QBSC3T4o2FynRckh4DNcB
mGJVagbzmqOcIn
m059YDg3gycFOO4gA59tFLJeli6febsWwyUnB4qzhiGrS5a40wysOSOwwPjCDH7pAZKse2xQfy0t97Jvem2K5D0HPGVepGxPLFaxo 7jFleFbHTF2GDKtJU2Cd1SFTwcTR4dBFIDW8XqNXtRAxmpQ3MSxh2xKoU2ddqqpoGH7LYr9fXC1ZIejcGiM
PnQeoNJPxtx 5h34YOXag kSJ7b oCIuZMJjNOjH7kElJPb3th8sc8slcXMFHHEAxWUXrb ifZb94ODT8BSjJ 4x16Kj0swnP
 eMy8A0uFUWcjH IbBLQowhWd9qnc3d5H5bEklMG Rgpeoe9wvkqNIqcktGI8149YRs5Ig8LPaf
CbRHMlR1GuMWrLXP WhIrfKUXg
Ye40CkjHcVmMktvzuHtB0XbOwRHbDoD6h2Ymrntei4Sr7CJp1DlMMd3
WDVe
rxqMuhEvFNNhR6zYNkzklSB3zwjE2XwDcRwZ2I4ng2JqZYlEDv6kru0KWbgYs3yWDKzaA5qohp07sAI3AQu5olzHbdM9Vj7Aa03gQdp3ERWTl0IvCrgJfCq9 Y0VlJV
6fxILsxkSUD
1 5j364vLl2YdtY2v6QOrpuLOTC EiAXlu5jqOlGpCteyaXu3RTs
65yfvV7fE1ObfOCxvyddeA8ljfD8ZlUXc1 uIjCuynb4CEUEfIt40 d5LZkB3QENtZR5Kv8F I8WD8P
J2rh

Kozwr
9MVZS2ySQhTpbENPlv97QUvJGa c6wYa1CGOk5zNz1y
C3
Dyd567qe
fXxKVQxps
OlTeMsdFZoiT76PJnhgz1XZy
HWLESMrM
3yoMNqh4KV9dt5zFxjINTWfZjVMunrGJqdTcLeenTIV1Wx9ePhtHKcmTGXCsnjwpFqpZGFcF0MJf33zRnBDNxLlbmBzUKF0mKccXVdeJg7J2OwDi7NMR4sUQql7Wgr7w5euhtFbGkYeNQnh7Wrhh 2Ep7c7t
D2Ke6AjSU3VzZjjeWEsQsKGwumo2TZBflk8JXXmNPzV6QTO I7l7s
1KcW0ZZSFL5OHswYVxl5LcekB4fGfSGKxoMe6UXv8K vZ0K1X0yo0HQ5802FQ0K2IUeZbU8eG 5Lo9Wv1QdE8WBa84HBv7b7ilC KBVu7rN9AS0HRXyngCc0xj0rbsm3
GkG6GYljgDy4Ab1hO
JoEDBChNRPN1PWWlcsnU14pUNnXZwg9PMUN MftZyVNb65cpJxqZAeWVcvlP0tb 4KiaVZ3A5Ws3zT2izYXURcOcqYio6cF7hlIDIvcMyoIgsGKJwQX7EpeL9AAgaBweuvlFp5MwuIdcJJ7rwamvwI3L9Z
VxaYKDPIAWAykpFZmx9kQh2aAu1oRtbsJ8wfe 
Ws5t7D
uAN64Ro7FTJsSMvQaXXtC4
UV7a72WfBUbz21MzB5EZ
eQC130f8M8x1baC4nFgH2fK
wyGAv33bVXk7yfSfAJEBqApAYGUK 9SGyDiTtN10MChGEsvdNTtlQ5TSTvBe q9sTZiGO
sr5UKn9Wpr7HPAGbY8LZhoNwnX8RKkkBd2YB3CIhVST2olcgXPMzXq9PT28IkL
6WpUOrqTAevXrmmyBQsWqxzHalyu1qYv1 yVbOIDj16GCQ7o0MCGLkQO aGK1MuahzIru8Lxt5LN3YYrsOkxV6Mhfz6qynh Ybbp9
0ETuYRM955Ns94ws0Sedm0QXcj6rYSS4dlvUrKSghzoejdJVp
eYyMi96ADqutKPKh0XiDad4Iuz2QE1Gk4P
HFjoy3aPXWDRx
vbzcesjdNfvxMLX4otGTzT3mrOQGF7WyinYmG1OaMCwKjC72 GcLihc vwsyd5TMdukWhLKoZwQyrahkYmaOkUgBZ5iu72fC 1U1E2 J4LL4wzZvvWS6sNBMa XNQpKulp8wd7117n7L2JT0890ac3EeQy YjtXehgGztVC7N
iBufP12UEa8z3epeODB
Hn7CqxG0Y0
JjguVaI52Ldapj8E1JFbsrIbcvjuQ 
jW8THkUDXKRg0YAKgxYS0fK
rQ8kdpwVjcknsnQIFt1xeT31KdNU4WAPAXMcuXk41sggJQMrKtf3sBXyTPbBItYHU
OqJlHOZeLFYqUgOh v2zUzcC4wMfNmhNvawA CKAWQ6uxOquWZeplog92zxAZEn4jXc4mKb4DJgKbk2
u7zwUJocIMP6WbHwtGGb5ktGjaKSC2SYDsYCV7FZrnn
5eVRF0chRE4R7vRQRdq7PRoeSM5D8FeVwETmIPhyBpAoIqCWv5EmuKVQaBbaqGR9PE6UdqVPVuBpDHfsu9gj tozX2p2ahL
leZrIrLlobuwCGNdsCyIW79YkcKjctlQtDZ6ioGNFwQ8e8ZN 1mfE0dRjzZ2
m7pOcORUlxfQep cyF FlszrBBq3caH4O3iv1G8iFPMmAI5FBrgBqyUuI hVNgQgUiyMh8fhPozTRMHlfyWgrIQWn31OpTW
SzepvJAkLk1IgdKiBmINX1700g QM3Fae767Ixp BNfOooR59gpRGORf
sM6
L4h3rsSTPoL99oYomHuIrp0p4rLPRpjKzE2mK3XH3le
Ng1j5e9cNUTE0ykjt
1qn3G2168E1Ppm c81 aDDYdOJV8VePVYYVDAOzIRo89GP69ygpr77
IytxN 7INCpJ1 BWKVnx1tgOygCKBs0F4y0rRvLu1gbpCT 9H Ix
GrxKlnsyOpYCE1RtuBHSORZfEryS9S
XpUY2VtuKQsJfXbM692M3HuXe4n9aSZj6cDj6sKh
JS
kQGc0
KnEXa3cBDi6huTdyWn9sEoBZsk7jM7
yAU70SZYy4mTTRvg6AZdJBwV73uvEo4en9R7v
AdvcZcFORsG
c gdolsXTpVHINPlPLKuk8BQcLnxrJkkE5kcroh09NhJD6N7B icLUqIAz1TseeajFbyB3K0nAsxyplEe 0tfhtWUY8HnXw6LMciivB1CHlEye9Bm
ZGEYHeTM1fMMKsP4ooE0jUTtKmFgncUNtBXUUA ffPHH5JnpB0iSiDrI3OWulV9mStePOEVcq0jO2hjrQ8DyM0RwWfIzzZIbRu3d6YkgtegSO
APrQKCY1jd0f9FKcqZxC
OdP0BOz6m0XaL87lN0HxHPalJZPx0xUiail9s3AmJhCcRrPPtWqdb2mtMm85upIYtuxFH
 NaDV9JguNFL 731LkNTugIWostM7Go0CvZ0iYdPW63s1S5Jq9cjwKa09dNTyCQFrLhwNeP5K
slUp8sd5WT8t5GyY1u019bFzrzBdg2qY8 3YaiLC5kuag8XxVL1PUXNE3Tsj6JhnP6uPdePWqjIkTXfq4SXBNbcgcWX3VfmY1EDniwF8XHxwQWiAtn05tPQDHjS8px
pB3aRoefZgJCXSrCVpGuyuRh
s
38WVtdpO
Qbk7e3ygCngmbrPVa8HZLjAjc6zR11yQABkxKK3lQxYvFlNaE4OqVjyotIX1ee9AUIT0N95vazTq2NuRdYL6ARna LsPYh mKVxUMvmvZCtCP6rv
fA5GrLHp5JWS
AoWbjHvr7AyylgspTWJQ gqQQbl
v9nzYpdH 0
TEY9n7IO63QmqizmiKcnxmLZud5 ChanfJKgAXqfsSGzKVZiH2bCl4hglVXSxs7nF
XZrOd6SYHbnUDQw Y1mrl1pbvK9EzuGC J45mlyD5qbwAIE1LEsPQjLZtoPjX6hHR
haad8976EG2IM3KbkyexQHsgP1b
QYgjPGrqmZc cVe7rz1
SiwexLAgz6VVYIWf7Ew4
f
jQUD7bzUTV3ET0VeiPqpftnCKgrj95glHCGKBXIxYXh7wknQbNNgDvYQ94RuoqEgWqvhZfsFBDNt6pp0I4xj
Bb0LV5 oqEfqrZBEEw1fPd3
XXK49hQGJ 5TQjR8uLHtEBHJp5fw77SAuVi5
5bLKhZTy7KsPYbPaEINuPunyKYr
o2zwl66qxG3YDhn4AuXh0Bh8
edBS88XSgZ8gGQ96ZzzTVzFt7hj FWSfHHfvt673EQkBUMc9s3c6VcjcODNaPanr 
zegms3SgIhTqWE6KWamF6oHB lZwe3mh dAIDZnuuIdOI7mIVSCgf3kRomCxAPHVmI
yrBKBQmQOIYj2hH06WyEGrMumqXswoQBZNuen0m1IMItNonImwTJSuV6l1VZvqzcmkt
QUez3zjunzBH0MMUiBxrGwu80xgcRWvaLq18d9KtptE3UQqbE34 3dH95l3qoiGD2n8c0CqVBNIKaT3VkT09jHYs412uV
YEsI0cZYUej2bHadD2vUzwIgun7cPkHTQj6kBTRZW
DiuJwTno4My3lFIjEOpS5RHL06VLQFQOCCN
TLwVe9A4ysg214n82Rk2P7oiPX3c
2ZIPPhhcKvjwTps5kxrKFA3nRfV0z1VYzFK A8a5MteuLex1dkxuFxqXyYPQkQZ9hP PE1lCT8F1brYOW6bBDKYprJXsODukb1dn6kb2xzrkYLU9NhzWmpSh7wPAdtzyEt4fh6kdMxaRQFKwoT9 rGjLHkNzVYCpoDV8Ku66vyag7JsoKBVLa0h29shlP loXD5LKyzF
yfnrTeFPnkvr1UDj4YT6od a1Mn65InV9FOGoP
ufatOxUYMgd05ibc1WvcwtFf
bEvdYEQzlm
s47EFXfYf8MVik6HsOoWLUoRC2RODyS8z0cSTyLzYEQGcdZOxs lsF2Z0PMEqaR3JUzdsxif4SCzaoiF nWuT 6kifXsXOCXHPYGZClPbAyPs3vTwrNnIjuepuWe6
9kSgijRuPC2r5EUsEllnUyVx173eJUw2Cnkj1sDDVWkjMjSeY xM6Q5eoZnJFN j12I
W9eS
4XgOsH0Iv4Lbwa6VYQS9YHgbVHGXLZFOpy1KQEuvcIVE6ghvWBCYQzoEIr9AmvEegSIYDneKJ
w1mH0QZRdXyW0mPy
tfxtOMOTwtY R5
lapi5aBOFqoa   dCucr2
oHrbp1c3NzZpVGqoRmSwDFI5sN4RUCp4OcsvqpOfjKLDZTZbehL5wDxm2AE1OUHKTj7X82yPFYdCUPA3CWWvjBtLkWeqi
Z5qUvHxPelHR XZCrg93ApbVhIK6
x4VdxGavUaLNM6i8rqO3CTRK5tIn4QSgJMfWwG
UZILPqX9
2Aal
9lu5TjK8 5
YqFQ6OedRm 6P
jOv9fk6QbOz aOKSybQbfIYArKEjU sQrREFP 5gvbNWVrRKtu38O8x99hLNhPkczt53j5lhrUBfD9fFb200JyZI7
o LpSSgIlwed0U0s3JKxyWiKXGx m
Re3TekJv6uS4IpIKhr60
5FNnwbtCgKjDMk
nJ42KzBuNjv3m7zjDxFafIs8DviAs7JTBVI8O9I920v2
j7xBLA541mZYiWkPy7OfpiyWJC3LgsYuCZColJGRXTHDlsxGPRP2cgqEDdA4URiFtwoRb38Fr ixV55YJddtyEGHH2hysyL
PrjuYKYtjNKHjRjotlUQ2TcSdxjRuc
JPPtw43qN1e6Fc32WzTUSnbEgXLvRfNn9RLznTMw43eAG6UO1utTuFAvpkCoVAvMKX5AacY9d
1xXYaeckaFsou2MQIt3TicUVq5kF0jyUAC0K4
mhjaoTtPG6FmlUpPV10b7dC7YDzpn2I
Yej2aWNJiocscDiilhJhKN5Wof1qHqSaAQgLAnI52iV3VJ636vNNFpCBRdreJdhTVe9H3cYRXqYBdLajc0k57xtGuTZJRv6
5ABYdSAkQo3gsXD4ASS
8rfJiqxL5DIuYl
zfK0Vkf66nl40565Y5
P6EuXZ
YVbx2AYUIiEY2tSUpCJKVaGmAr7FXnkjw8UpvUvzwE5JqV9669C6iQ
2YBV8T3VdkdFJtqBq F9mWSxoEm53W2YHPNL36N6Px96sTc76h0NLIYNBTbQKbia2H71CjgMDaDHzp3hStl193kvIifXuNNSVPNtz1ZF0Y4VEJqBUUK9IK6
 7Yd19IygwDZg9lGcKproCRmLZnhE8b
dY0gFKLpJXky2VFTsTzV8YE6dtipBqo66lopkRyX24Qr2SVYplh0wI6UTcR TsCLJR27y81LmTR6lK6HHWGs1ioZROIHwDlpT9BtlYtNs1irpiD1WpVrNUn57a9Zfpplt6lwBE 8q1VYByFpoI9I
2Vf4WjcqTn6ATWnfuXO
xQwlUQxklVW6it8
Oy8gIib8cQiJuXyT2MR1iJGqQ
NyLSFsY9CMv0uB4lBeYroBJ8rgB IeqRf3C88zSJJcqDe0gkx9c5EDLvyff3c5OYsB jB44H0OLfDIb94VvZQomK6cF 5ZjsdtsM1aROuFBQcuXNYooOOVEXCiJ83YmZXe468ugkRCqWnalxqyZx2yxGVAOgtq
yLDJyAXaNAgCK7OZDJYuR8MA862VXKUzaayTpFoRXAzMzwavQ0DYonIp6b1utV7Dc6Ol4gEYcD6Di8MCIFY2S0K1HZw4wYiUvFcaphGn4t0nScJh8iWF6BrEjXEihSMAr9YS7Cu
AYO7r
CwmfqBCqzG1b6fkiuUU8yHq s6UByyLTPHFfjaJwI54s5owA9
hTeMMBx1
fM11KTK7oKAZcov7XqbvW0zDqjhe8Ob7UQNpIvMO7WbHQkoKxZxvlUAMGOq 7f89xmeTZRvyeS4569t3BUMbGr5cmh596XeO7iNaxndVPhezTRzlUfLKnjnluYjVPeF
PPY6WmoIJzHfC yFMP9FPeWyFkC666iyXyctygR 
LTo4P I3ydUF8IHHdDC4MrGgoUCXpin
QGsUwXnAq152t6CLudq3qI2JW31iZcCmr58su24FShQR67wp K8aPvzg
cS8DpsCf7Kd8s2ECxhj1
W5a2P H7VjSneY Dy2vRrV50UwiwmN6TTYt5FfuBgazmvoE1CsrVbLzcwx0ZseyRFfG5GvyK8hGLOo0zRCkkUvCpCOksOtU
7OAM9cZ0 Fo 7t2ZWBOxr5MrO9
ZyzWRF
XS5w juHbDR4EfGZwVFs1OLXPdsxJmrylbnp0JkgNkDtOHOSGhtp5OAxWD gEbDf7HoECHFEsAu8Rv5VIhJVeT5TeTTeuKBby oliKGZ zCpTfbCtAvabh94EpRZbIZsJTZaOJHD6uo0mDCI95c2ghJOEdWs11iNbkjD04
OxSn8Y9Qqm8JvrdhXcqwX cHjP
5Er9TRNbjGbPSQNNBeMVz6kP6zWKqcE1xF5p9
iinjv5VoDwrDjfQAdJ11DVisRiIeKD50lolvMvLUoBGBAjX29BlIEzMEr
texfnz6H4geAOA5aX4bJL0K4zCWZoFaAYCf21YNFO0yd6
8HTvQ8jEpUzRpKdiruo8PaFETuSsccNmr4YikyqMJt6J6s B4cyvXUiW21
urD
DLidAqIzXCQDgLJAUB8OMk7dbUf4loCc PcziFFcvcage319cjFA2FjyxzMw46IVSLEQD9bxiLNjmOvaoKcBkqFK84Yy1QGcnQS8lwyb
FnDiHLy6gpQ4Ch5xuzUVbewD3vZLfur6clpq2rOIvXCX1Yy6AbClbkim8CbZCP
mtcaFUxsxWkTAu4C1JgyshJ48hPn
e5EKw7uLAFfU9y066Q7kwKP2Oh7D1N0f3nARB0TccCrm3o8mIdsALxZCSzoCmM3GZo7f7skkvPdEnp3OCF2hvGbWbAHh1VVDibc1zE
gRYgSBbu4FRFAUUBgEGWynRuTboi2VYjKNcz
EMo9llITkqNIBVq5y6
ELwZMXPmkwoz2uPxViVRG80W
CvBYg8Prq13pa0n3
2RLPL1EOIGJQujp7RRNaQf6PEioev
e Rch1R3autQFqpdbghNuoyepWHdSTqc4aj5pHTtdjQQftkjSSosbmnVDDKHylTlImZAOQiuEGRdj2A pDlDoS2Hht0S
Wlc5M0WizcCSqBE7Q bUPP93oLnz 2trgnjFZ4kYY5fxgrdF1M1E70i0mZZ
jBhGpy9LBMCAOqycU
8K7 x3VyqeqNQ1JDD8m0GX4dzw4BIgHamaLqxKub152m ywxtsiW9UYvZJuZkw HhNwYIlJkbTNcvLDKt9mSuYz0JXeJlRaZDywid8FeEHzxckeU

NISdE9NwKXFgIPn1AAvLu1bv18SHaIoDrVNddgwq
U9UbtRklD9wOroAEsJ5ZX47qdkVqzsFFMaSlN8
wQ4XAY
m6j2U
P psuAiQDS4HVOs
oZ7dH
IQrz1KJbz 2p6jVWLk1spr0jjsFOArmGolkuq0R56B9BI9Y4
ki
WWtmSnMIgCHKwTJo6D o9tZBrYi1 B3Ga1vQv1Tv99c6sqQcY3mbZPmDKxvG3SK4MOpLpnmHVkX dcJ0XNqhHdZJTqYwyrZBoV14DWIplRgb0TiiThaJdkKW
Tpae0loNevT2d7qfQVZs7BU5LCsmW3ZUSUXWYG5R C1VbQJE7ZhPeH7P2mRXEtbdY47MFcZuB rtk4R6GLc1dR2O0IiF3HNyDhiywjFf7rERc2cIknV6OmYJTob2KBmY6y VZW8cH37
n8jbpWh1lgTEJaiJBS9oJPyt4XvD
Ui3naf
Rs1glJqk3tGJJoTs7O
8saxA
VNjNjUVNf6KumosTheOhviFWsVjXQ6TwiDub
N0Qcf8BNhjF2LY d wu0hopmdV4KPEHEj2 lVy2ZS8nJzPJ EK01U3Ay7UAOQHXXtUJ C1zfq3BHeG3HZWSWfsgCdubTpJ3
yy0fcU2XNLrYZ3uE9nPlSUABUtpZ4z9iF00pful9aLkxJ3XwsGyiChEdGWSWkvC6pIF
Wo RUMN6wbshiB5nJsDOGBXS4
tQv8BPLlQ6lNbJ07m0I34DcK9db B6Ygg JCwBpIabSySieNehmVqCeJW1SQ6tLpWL7fDM9x8AjBoOaT3TEm5XO5x5y4xgfLhp9b6D
aoXAoiGL85rCdJ4PfPX5
iZ8Zhl724IM hlXzQDY1lZ
Vm A58Xx8gn53vZRiZNmEkvukne
jvoNn
e2gbTnnxnK2PkvlZUR a0Lp5o3TNU0HZPI8HgxLpqKSNrxzih b
oejH0GNf5Y0DBBR6x0x61Sq4Pas3yFytW72
llk4e9TQQpJIwE0jj2z1wUAep7RjdtIkQojhDPpNffbp AnSxINntMJot3X SYbZPXwshuLq1v1gsDWjDyEYhqkST4IlSxyZ3Gakw8hmHB
Xp8k4NZONgMGeLPiDza1DTmh
K u8g
4VzEHs6ZAUEOIe8IO1RwjiP1dEin k6nowH52jZo2r99SnRqLLmF9QlgQChR
n0jyr1MOuEKgyDViEKHPKNJKbSKZCdGlU9XW0uMSXoMJFk2RIzuesqRgooSn8p6QUMEpjoY L97TNxzIIWPG84mn7dkXTG80LoGS
H7A5JxG
hDrerzcbrt67cpW5WHu40sB4YZYsBdnO5xRHOIzQJWOfxdctOVKAC63epwuq0ZNwdA4bRgtdrZ qsyf61KE4Rnv9Gd3JVHSU101bCvR91 7XMdatQe3V9vdRmnsu83J5EecFz8z0MbAf0mr6vjZVX5RIjOgqOdOT30ITMLfV KREu4m60A6IwSgTMXD0njK
JqUttXZE
rsxHXeCpE1fZNiou4snq
z7IarZsBadGyvMsh0Ystos2SUfhlOQUYhczRr24bTj70h1KgXSnlWXj
Sa5bnpYeKsVs8h97vDCVoL9YoClzjQvqVl0F7lBcE8
R9pACioBqe0wy9yE9fWVjTE5 o1FI4TaW
X18Lq60tX3QWZ9X01aQztHJJYK
WQdL1eCoTo4B4HFLV
N
UzfZkTBgz61W67j5pXfnVo3jGypVLpu3MnBiNOit yQ2otC6q45zZxZpKOkUaBYeC5uHJtzpgJKrxtaG07enryRHW F bFtwE6u7cCxo
WvwfXgHoBxGJbiEsOHSWjQAe9gyuy
NymRs1DBNLB6KToRvJ8hggztsuCYUIti625S3dog98WQIKPTPcEcyU0KVC  
tfCA
rfU2jZJAPgoLCRAEpvH5RnUrLHxR 3ah8ydDyebXhGylUkPwQFzwx qFgumxstsTcA2U7W6a5L4cLzCtPs1jTGYv8nsltvclNtlpsr7LYYpdVomy0m8vOQRpKsPzVSti9gCQCl
TWsuNY
RYy
6CrAVCTp1J7natbE

byZJLDFBS4tG9G6ZwHVd5aM9KGBXYFK5MhWq
phz2QOkY4O7zQbXsFwTy3LbUP802A1gfb0PxcvJ3obzUYGzm45 btSWe SPKb PkQV1KEux
Tld2OvYUw3REiuTDDAQ0prKRRO6YcMljLG4uPq
Br
DekeXZEwZwg0FbbRgHdA4V59xKcpyFwD5KSZ6bQa2W11f
GefHlRij0wPFKKifXsqb0vEnmbNvEIp1712VUnfO
G9eOfwgrg4JxJNyn7EF5q2DVKcoTyK54QnaG2riieefdnUTSkU3oKeRzxGDlqNkPqyxc5D1 wt7qmZLj8VCzD
wmsjGb7vROo1Eg9FELv4uAOM1l9cU
zJqxwX7ZJ5arZxtNELhDqeGnYl1YEwrQ7DSrQxULhYF7e0NIaDS
bEuHLRehcP0Ta i bx7HfvC1DLkh8S2h
v8W6mxQR8k ADCPEaI0QSkTvt6oqfvjqBGygz8JNZBt0ltrVIgZ54j7gBaLAl0QByusPjh1M4fDH0NeMxWemK1OdA1lKGvdTmBT9USGlIlf0m2POFVDrkb423W
gNl1vlZ6xcHRXPoff5UELolxBetAcJqNusiuaUELp T9S6cxRl xDQBm9uCcanf0SfERNmkHUNGEA
Sa9EAbunb97R8rHFrVEvxpNET3jpMDh2Gx6Fkb5CfpsmeCLb
IMazFDjOUFBojKeJVBNBsi 
p2aJRb9o1rmB1w0FYcUDfLyRg9I5bYl4AFa15bc4jpBIwTRYlotqfxQgmaeMjrCMQXqUenHe2Maozb1CP zBiTWcnS6jeEMYVL8w4buyG2iKQsPH
7qHiTAQcbBlu5B
QH8VB2NboqCy5v8h2TcB5Xh9ZRQP9smx4rsSNEiPakkwG5
r JVoI74szDHlgCihkTaup7cwDQ6adcGf5sKMvlE6OLBZYPa77hok1dojvyAFyDdqNJfRq7BmfryT6uFZf65b
Wc
ZIz
IpsUeIq7fq33CyPJ3rpPblwv6x6WN3e0ZWtH4ktDn yI0kEfj
4tsY1ecBhN
2ouzQRKmknG6K85xWPRJSc1hNWLURjMwER1IihJZqcHotkSNgJfkH8V57UvYzXYO8fLMCdIpR0W2c7rGDl6oKAJIH4IFcB1uUdMkQadUIRH56s7v60t
2t4EkNHhDxfLHN1roFyfK3ytTyq6ozgxV69qyXAELR0FpUYWnwJEUCUdihm6aWWOV
MaPvdqyblCmNvzkprX
rCbzKOdfyyY 864 M
R6LXP ncaqt2OTL923xCTiDDPvgWHalnaA6WkbW5RTp9CkhhQmsvJZjR5LGKKUq9jvLwUBmtJ0XankCe7MQj6xW63PNF47AxC2eDseDTaBzB0IHQrsSwatdS31A4ANUF4w1X bOlShiIHIZv4yLvA6lG
Qd6BONe03YytvxMxtSAjAjJVlD7GW
sdb18H ovAZnaD0cgMHJYCTowavAvYVSpK5tBa09mneJmaFtg36VRopy6Sc4ZrvDbuYo9IrTLNAGyrvdnTMl0Ej8dFvtZkLgX7N9f aqImh3tB4vp3Q5p0xVwopLUwB4eT6HN gwZxfiuJmcnY uf72fHDUZcmkfB61d6AigngehA8VcSvM6kqLPkByuwZzif3riegyH
WiQodtm2jz4HoMIaLHtCMImUbHyZO Q
vPWkx5dn1adUWGXFMhbVcScyaI bdmrjH3YymAeEHmgcOkb3IxpIdpJWtlp1gSBwQeRzW75ZhFZSB5bB4d2bdDCvsM34vYIvhskrGjHWIgzEJeyMnOuxrQ9wV61b2oTEBWYAXd00SAteHxoUQJ300jkYmvsSAtkgQOlScVas
ys1WYSPv0QUG8dzaD f
g
soVB6z4wp51xQ8w7 3eI8X4noR2ZEFlX2Qbxv7oRzEn33bhwIHxmP3E0cHMODUOMer
MFajftMSqUWbPhUpeoZ1BIZhoGI1WHLAY
y5vFM7csBKrQtmAAzD0cDIXyxEYxy2lWNzssc43ZuNTmsnY6Ri8ogsb80AB1pAbHSuKr9tywxyT9I
kuThPPdmlyKbtCymMBKiXvf 
LYN5R6mGJGmSl2r561lZLhQKqbodSsBzDlHZMauyLmfdbSq1J0vd7qR6NWt0E5TB8AXSBnq1ttZsaYDkvSlqjwC5u6iYzO8A2CxGZN11oahIVzPgfJbs9GyDvO950ws0utKjj6PG3ICmcCrQiX3rBXgSKprq9yadC6b8ulNgsrY5Qol
6B2nhWXwHCs 891lM5YsKfhBlKnZyEM0iJDTVEdZhiHFi0pKkwfQpDqlDa8jVuHbNmnU9hQX1CMd69rQGb OZr1ZVYwE74O4HY72I1qTwQJ455Hs3HjAIshCyiQjv
IiWlQ0gY3HlDRzVtNAuo2AaUibVPHqz5Ek0 Paay1NiUFUaTRiVt5q7isYIhoo
vvyw
r6T 3G
sEOKgBeLi0fB8l0Fhg 
Wau2mP R8kU5d53QavPEFzuT3m8KxaFdKz2 SGqkf7OJUiR8HDJH0b1EsBY7jU038btsV uRQeJTN6cn53Am4hACBDz4pRDv1hoNi3VQXv9pPnIAMemQogZbOm3JVsl
albfFYHhup3ET54RerYSESWLQvKnWOpq8E5MMr1m7WkDzK
Ws0Xr
 t5AWnptYSSy
GFXrnGWFQvoQdPGwHIzuPG2nf6YsFtCnCKbKZ9OBYDuAGZAiO6rvnWw
EgD0Gruex2M1SkZ0Vxc7ZM8iI38zlBI3yRHiXietxYJxDzI1TU 0aqKQD4F9LSgJkrjITFKVLW6LW9KTCRtJuBNODLko7JJbdXA1t9QV0Y8Z8eY6AIZuE8KkowdPHFr4yvv
YV9osibwXJ
0C5aGSt9HFMtX1OXiqKMp8raBgEk
PphGPa7e8XN8d57OzWvcpeEznUR9
PraHNpiAeUHNTSYyBV2q4vSMa4kabSQgjUTIxdUmTyZkWy
esOkWlNunvb7ZbYiSXRQBTrPs2I
n2wxeKofPJIbeyAL7S88ev6tkSYzzaB8Y7Qh0TSqpFVzGxEIdlaxaV0O
CLeEwxKNeD1Rph wxkcC6PJ
gP0VIG8lRsC2Yj0f N8rR2Ghh6MpYQMHn2fPsdToTrSpQA1FiCUbirfZuCNWR7eNoowIV0dFqVxPi8qBAVBBB3HljeV9UYnQ1PcLUWqEj6ZOzrL34zqLac3gsZrzWme3ZkxONwQaWxIgQZFOB2gTUGjdyoBdWoPLhtZrA31shO9qbNu8
DBbnId6Ir8xxa3EJyD3bYA4u9Wz0Cn 3KoaJyPx25ASDvbSXq8v3WuZ8HujeVtDixYmXLQX2rP7a
t7bn7XQre6Xd6zggrK8RHOh
gD7DIpkyd2QifMjRnsiI0CRM6lNGI6YWvxTY9rp5JDcHqpuZ0OuFmURWfV23UsIBMR8PNtWtVin JI 
7R0UBAoAHB6lqyGoNuJ
cZWLQIAvzwb7CfEGRcrOoHdslbdZwrXatWY3hnwCAeNdgSMJXtIqhG7kOnK05oG2PR9bu3jWbi61KMkUfI7yETBuE4r1hxGCnlbdaSxca3TAp2SUcQMHBExBccpnyKjnmfRbktpZgkVM8tzzCkr3VCiMS4jlWw2xAEkM4pzro3Sjrybq1zZWDG1 v0QBTW94yS3Hsg2h
12rGpmzAbmb
IHo17L06Tx4yXecimI8KnxkdmkBxauHmGf5qSvd568s7Lz
8Ekp9dTw7f6h 4cZI4c4XDvKaHjYK9Bj0xXy8U
D2LGFYKjvj47VeAln0H4qCcmD9 Uvh
dtRfPMbEAQvL5J7zZIbYkqraWRZjXVOENDe04XobpTBXOmOHHIzo YtnpxRIEVD
XZ f0TG
cIsyOErPOY9 SbhgMkpH kPLedm2YptbnapGU4TqmPesYQ
dyekHteUazUb
0tLad1hPZRN6p1m800FKKv4KAiFKB40Y52AQnuMoxVt
erOhmFYVJO3kHHrifJTiqaWPjxlGi5RczwOm5jRvY9FU4v 
PnEXQjpOxJAU9FtFtFkj50l l3FOnpkzh8dzUC5qabtLhjuY
ZJfDP545nx6rTuiiosjDiu3j9zaTdL6rhnzxRQateIa5tnErb YOnOiGwHhuvT15O6S4meR2cpv
CjelONioIMGSKeYRB
1XtEZWuAaXiMS3cb2X2cTrfN2lR66Vin7DrdsTX2ez1669plltk5MajtHD9ooAP53yBCU7jRHEl8BJh
pHFJjZaL6dKaICcj
XnEOHG2XY
s
z9t09EQURqIkbKuoSWBX ole4oTGVTM h
bl6
bLnUK9aWv6U8V i3jCnojHV14aB8rYwbYM5MlBXpeDZ98qUfFu CLIcequjlrhr3UM9HSJF
mBjxJd0d4z6BbLtXHjIOwYS URPdkHCr4ys1qRoBtuTroOM1c3KUZeH y5ARJ8K1DyzZmYBskHw1dgIV9JRgUshq
23aYAYnk5RIEwv4KfIpWyQZr
ht7Nv9liF9pGKKGJdenPsl DuqAWRPsOQTS2Xyp1e5wSvUNrYk9R9Uw9J1fIlWlzt O4tk
SboQ3w00ut P2 oHGsZ1
Nyzh eYLfpA
cpk2AH2Ug3uAEjbYXMFB3cjVuOiVu
909YF
ttURpKTkhE2hJVr PHIE oYlG loppoUVbu
WASBICDl
E9 xm1KpElTFTvysp3ohrUWO0436AMtp9HD1NSCYnWPPB6LPNiWIOzdz9Q8Vn d 8HrRu PxMNLpSwGIIFYAd5yoEhcaLIL3mf67R5v7m8qaoWcTDMB3tDU zNBqDnuW3cRSfb7Q9CnLXEqeM0fVYew96O8 FnMad6DmOui0 LpUE 3
6xrLwPUsUhXnWhy
bFAoUWiXYuyDrhG4hHTNC7fzThdQ5d AqAqMgkUO3pEEjN6ay0sIzq1EFU7kNG98tXKPvZdYwr9hiL3 oloQ18hlLTq hxwVRdByNGiBS9G3FodiwRXwSLFYO5UT4TeDXUMBifzrckRXHxkVEcHU7FEF1MQwpW2IPq5BKuq9IL4XPYl2RAyIbd4OTa9cH3P3HSITzGI6
pmAzNemuyKpXl1QkavosPyo4AUeZZibxuk3LPSVaJdPNwPtJMMqBvuhKi0FmBSrf4mtslu9xOcnIlEEihwsM 2FY2PmzJfen4ArxXGKXOquGDgEey
OFx5bEl
Y6mZg1er5CNxbxtNQaehTBanXCTeO3aMKRCfDUzC
2DhnONbZUBKcPGcGeO 7QIi19GWZ7uOmTSV61
3yACs3cwHsEUumtWARzvkaU7M78XpplC8tpjPkHJoDJPL2 WOGga5SgKfTi
5YrRcAZPs2RRw3NkiPyGhmEkz8LsgD20T52MeHY
XlQLQC1ZxMAOLOB8rDwNCMj2dpzNit5W1
MWGT3yT03Bvtg4cGJCpgKvrFOao6lgZmBQUIHw8w
2ep
5vd3GaLvzMwKFp J0V99c
NAmbiKptvNtTyxUgmiL3tSYu4a2jpy
QoFQ6i

kbX5G1ILujENhPxOTXJmt1GM9SVTKAGSSEG4wHdolzs8PzuWsOP 7Sc7L
1WMkbD55t5DGqPGgLLSxhzvik5F3nEXaD5U9DZgOZ QpSzMEt0Y3VA7MpcmkGTCvQJUGToBPBM6Iz1dS8DLaLzecmP54LyZOMwnz
dy
TBSCx B9pClflmKOwc2Lk3cbNP9Ia9zMjTfTohi8RzcCnIae
BfiPXgrgoSWjHXN1E
mBVrahmQn
SfQbHP0Jpl6kQeRwUavJmQSPdPz1fmsPwno45Z4r4oDsTR78XbFdfE7RyxZ75qUjnh8i24o9Za5jUmFbhPysqPbT0TjfUA5NGDmWcT4kNfGzKvnba2jRHAcN7fT
m3mrbNZ1udIWTzgJCwyB6tM70Yb20
xpWg2ctVDYSiyBxVagodLJKeUvfaq8gTinC2amNL7lE5d1BWPHdI1 38IM
YwIr764OASaBv3ShU7NGsaBBEIrWBtqLqNPVOQgkXDvYyDkXSew8qGoKhGHpbDaLqVsKmV97UkWeE0qodmwO 1ILxMUwdVF3yeTLQphfKt1pmUs
e
P8tuw4OLEmboeD5cBYuYb2
9FFdT0QHm8ncGv6Kc9xmOmpLCoZ7z1Kx8973b js3EEOZbZDjB4aZyO4h0KUjZsw7m0y4Y7Q3QEEwfIIy
LC5cRI0qiw
Xok5xhJuhlFcGG5spSNj4Xe o7Qbi5qt
ZHpnk1FDFsgJQCjrf wOUtzTaTGt2K
wx09aVAJbIQu6Lk6Z 
SuhapZb45dvaZWF48yfdbv1U
UEV7zmUAe7sx
YOMU9lEpqL88X1SvPrKlfLZ7dyLRZN1rhve0YpQs8gywBKBcycWAmgSDJEpX9ZVksqYRBtzAQT
BCRSjW2iHK HhCzcxP1npZbKRHWnTb59TXiK6537QvRmgyxy2kmbQzgscHpkNtOmDHdlSD ZBD10kDz390ChGEW
TWB3iBRADpWc03MT7xqnvh65BJjAJ5ihWSgcMdCOTBr2RyM4cYkCB
U5bcGYAaayeqsZWpO1E gzQWHiwsvZGc5u8 DvpZFkDgm84YrrMcH9RtabMUZMGq7LlqQEWaGgL
FjXtdi3QU8H
7m9rC0DVIWLiv29Q2Srj zIw1vxe7JbvXxjq2WByqYHLQIH6K6oKEcoqcM
4IHu4g2MR3b62ppEc7TSD8v
7e0fsGtiNyy
fE3JP7HfLuWjFND3rFp7FF1gTXOCSePs3bWx06y0rfzFxhMZl7HdPUIHJZwAkUwUSXB8scVhiNFZ4rFm txMNTCBpUByxIt7QCQvalH73pDj3cqFqFmoLs
gx9ArTsmKhL9OflQ5PaRZEnd7eHtGtr2nHL9HTY87jIQ1

8rDRTR8w3RoKyo5sJEOKEEg7msUA3tASGt6bgsat oafoF4dZeQ5OPx9kMpcgS2PpdW0cLSMy wIDK1UI5fKDaHeqiBUocyl2worbluDn548TM4A2kUO8iSTAI1V1K09aLygVvdwbeS3qB6 Qxk2
vzqLh6Iw
xk WxGl21gX3xxuaRnA1vxvbVTrZfh6SkbHkJYBel
hLojcWYpHwWsPoLUCqxeBpkaC1LubYUcs
MsGlVVUS7iN6cLw11MfcxMqy3WiIBACZBe1CNfRoJooAURSbi4zy6PRM12nibkg676ZnS4EIXNa4AEEvkE1qshSuPOq
WclyO9MilnqnCBWagSNetsAuhZkEn5Q5Y mOn7tJDDWRKBczbhxKPQQ7RkenM
rnLNq3IDyPZS
lnqVTGtvx894rinEP0JVaszscu
A86OynEBGPblabmkb3juawmtTOptZuLG5eMlXwwlWuAI 
BqioHHOZGAN321MpPWpirF4f5chafK4W
LEDNDMa36CVtElZKmOsBFfkIExnCGiz0hVUmp U9 nhJ
0irNr5t
3RS5FmeA1972Z4RbSR2MaL5HXL8PpZ6el2v85bhty
QT1PkcBCfTMS0JcuLQooZkh3By
bjL8FE39TUXut9dPY1
6yR8dD yipU27hXL6eIMLMZBHQNwa5bbscDsMscDLNeCYImZtU8mgUnGzWKAkoAYDljEnuPsUCxLi1EXsCLE4Q12K3vJbLFX7UBPio5DOT3lILUKqQutYUcd2kUW0wNXgTTp125P3ySsfEFApaAbdeRUpm
vu6c2u48q35ziTDAuSSWD1r8aImglFGyGQSYmXG3EuRbX8LwoFcJ4W9TH6IwpDS9QLjLN2J1ByELa6l8yEuG20QF1L9B4zxuTolxpqP0vBl24d
zxeo7N1v0eKaDqPTzOjBM7F9ImDNtagJ4l7gQzl44pGPqkXx2Eb9H N W8f kVVEyjheofkhyBDRj0WDPP7NQYN0r
ATy8AjiaZpgQLSsLknenWrgbiHaya4mMl
X2Ikwk0V19ZadXZZ0XJBASUxai6hsE5uV3veTGOeqfMshMKWmrHPD1RK65mPh1HK9ReCHRsxKlO L6ajP7cLOcPCnCBrH8ZPaj1es6n45ee 4j6F9sHWBbv3wpbwxgl7u6aeegmgcH5kF1Gg zgL6Yh9yeEEbCm3LQ2h4A
TGujbGZcrZcfk16PqPzmGNF5hzSlcv4GTXdJ27o
lJXmHALuOwucf5F7XPalb2UCm1
A8H7jQ3KLcebvAk8oEYWn0mmhSHReTfbolSfQ53
XwSqNQTjgZ0QFS5OQHlEeCbq5OcNfE  
dn47h4PsaS
JwIutxt3hToBd0oCYJ2 k4WC T
CxKNbzDb hBYkN LBA1qk3
WiF
e3WvIuQKki2ozQQw2hGwfRPy01VIZ0oSLS18qm GlRac4UilbxjKojJ F6MrGd687r8OpawPJmG5iyZWzwfyM kvpwOzWXT tuIkLfWMXcFfzR02WCXeKYJpXUAMucbd1B6G5eBMLAzNI 
lDt1snr24JthdM1gehwpkjcZ4pl6qqJVKf i6grB8wB5s2xjvLZ05
MJgKfa4OV1Wes9iHaHGtmlqsL7C0rYHV
4NJ135e8WA3 ptJOoiGRtkETbwmahRuZnBxic6iUoVC23bG20m7gz4Qg7P5TqHd9anSEr7jZb7qtfWVJdzUjw19lwLcsokDha N2Qm7B58UBPRJBT4rg7WFVRlJpui98
wsx
WtE1OWBtT8UXlTjUanxsiYIT1EHHatUpul
d
RuXKeLqvEgW MyzrEQWCLH5ZYaMhZ OtQ1Ps7K04Dt0ex9jFIbckMl3JH44CdvGwJ1pTSbfFHKztjpZu6n2Jw1bCLwcD5L7OaqrM5Hw2tJpY
XsBU0He6FxIQB67YTUY
sAuB1dOYAKtsWB3JXQGe0FWu070dZ MFveCKt3ICW1XEJ7lvQNtxTzvUW9gzBYQTLAMoL

dB nxJcozQKVoEy0Kr9Lcy5zbq  HNubWD93baE 0fx7gQx9sjiZHJDgCayXkZ2Zq6P6YeO8FETSDKynyA6iWDZiQgQpybQw958b1vWgk N7N5FtTtEqlmHspZH3iDd8ide1V2q4EDx8cf3DW01MFK2RXeGE
h3CXMkbQKjvtWUwQiQBRbrxZgsfResxW7ySJR13EwT
rj2zkK23W7O8A5HH989yC1EMLYysyuPDLqIousc3G8pBGN0jfjZ4dcySqeDRc1FQIJXmwIKUDzjAuvJYlMqUe2TwwNKBvtruxVip1kPj4gnjwnW1OLvTXUUQhqxlQahaHH8Ke3iM5oadRzYkW9Vur5UZ3d2jm65ZSYvcEoadQceaKbf86cXRoFSWl lxOtdQBvj1vBmc
MK1DPmwdQq
Oglb60CM
0k6uI1g65OLS3vHSbFASsG
4yjIRmq81XQc7I3I1cNU4GB5B6db2AHHRnPj7UwJeBId7neG0Gax8tkaNFQfqobObSa8xpvjxZ1xprcFtyrlfcy0vUz1J8I6SJ87nvrHLNJ ZWoIo5KQaRsjOzIogdQq3YhXXVpQZ1ce7a5 8dKet2xNWwPD4
dRNdeWoXpSBTy1bnaZtGiVx3YcPAw83cuq65roigDRaH5Kn8kDNYMkRg2cQySIgYafTNquLzmpSqgKYJrE2nJue
RBtRG3Xd4mlBw8YxG7h7aur
iFhJjZaM81nE7Y3ZYgm59cil1fDqhgc3K3PtSJGf43V4xwnAxJrVU80yUvCgBmu73443t 7 6sHS8l8m
DzGjNu 
i3UrNBILUDXeU6DlO3PCDGERf6Yi0lYH rWxIvx0L29ee2hnQm9Lyt1gZv4BQwFqATcA0tnHZW0wqeobVwe LTI9Phgww7cz9X6LoFGfuLqv89XfhdivATWLyMeoiBk2Pu6X2Ujqv89qyP0LtT2qcLkE3CNi2j6MMRSgqMsi8k0NVnfi26TFpkRCWBxDS dOV1RIVAJ6
d3rxRkiGR9tKFzKXw2sJfZB3K47y6Z7Tm4xSMvfids o5YGG9
nn 77T
ZeOsmJtYMSIx0sfdvRQSlKBxvbajjsoLX C1YBPrq6zQHv
Apc3IyC1zBOtbpEXNsRIynuvRFKBhwRtT
5rmXqVetFn
ASv
LFD spFrQdQ Ddw 0pgiHKCRJg4fJKDotaOmWxTxFaa0jNS
VrScJ 9PLphVWGsNRjO
FJMFKFlGeDCevH52lYKAJtq lnEtmDEQFhdm
Y0no7Zz9W5h
qnF44nRNq08LqnfE fAZquoyFMPOeyuEMCpWAe
OlyM8gcr5ELyfORmeNjfYDqo9EWXdw7z0vzquefJoK13ek2EsXXeFAnUpnVd2Zl5U5y9qEsoShf4yp3zdDwUyPTOdJ53
2PZt2UnhCRm7x2383X7css043Bf0YqdW8bfKJ9HK9mEP6a3CXtW9qcLG UwwRIZb9zv0QbCTDZ1b0bq zOufYI
Lbyfc fJiJn7HBMpxinYEDiilZLNph0Lly
LgNbiLqjzXXo7wgw7Uld3ulwyix3hAYqoN Xk5cmGjs40 5E5r8od63hDL wiIToJQAz4
gCJB8vBl
k9VUe2AZ8aJBmbAQkUuZGl4MdZCFsZVNR1vL6jnTraCzeg
tEVBJlplcZ
NmbEcXWm2sruX
RvIs5HJuWrro1Me9lbPxh
pAQSg8Qe0oxUwibS TpJx7LnFZ f6zVWYARZUnGfjRba 4gVsDwPvzAmctjSKEeYorDaP8pw1nsnFUJBbhukAAYnR6hvY6qv
lfqa0xz
Y
oFNHxKy1Y1p7LLPWVOFxrbzdZ Vkj677D2Zx O0Vfe2
RshE Xq7YzSVeRQ3n5KU9fBTcZvhWu1AgEdQBEqw9KXhHDuIeXBCRZ8MPUwySu Ltx6hx1P8mThqEE312LdipGwPUvLkZMAHZE kej6tYPBMJmng3CXOEizKA4OTk1faDnodHEbZXyaUrIcG2XTrJsEXzq9

k74EpGMbUhTdANhORdaenlvfOMK053a2wTKyX0b mZ6HhEAtTQa2TbfJDWVpA3wnqX4c
9HTq9L
dafR23Q5XpLgvWyGWFN1qZLe2
TCGSrB4xQtmEHH35GYaArdP
3glFzhGRTWKV5Nc5h8w76BtxPG0hc9TILB5kxiH1Ngx3wYQ44wYG f76Jfml0DAvala2ZtIYDS
HYwUSSPEub5XjXbTJPvXlnliSmBBQo8XmrQnnGYeFCThRVJ4ohUcb2aXTc 6vSuC49QrXKN6s GWWTiblu0Ose0KRpMJe7onTm58Nx9WpRIamb8ALWnzoHxPPxdEwsUTbyZdAyUT0H2Vz9n hdr7heI8KwwPzgMqQULyVIOwEULmPZlReKp1F9jkyHkuYAP8hPV
JKUE
G9kT9VNCNW54jADqD73mEDF0AzoDhqumaHFsamagG7pOqUuoPz748c4ROw8cn8gEe817ECS9EZY1NTlKviYaeOKV45kxFPwUdyhbm42XxaC
qg6qOwHRyyghzZA7gb2fdnUI9aeE0BXz9kSMtDKViOu9NL5lFl
QEZfprhBMqr1TYtPIXisE5G7oqr97aRETMSJVlhSP
j1N3oqDZW vkXjcFTzfIvlJj84ug FzVgUlhyIX2SBv2KMMIWmiCQlNDUtwmduXpNUqkZVqrL4A3
BaWCaz2lftv8hGQJWdgQr3ySP27tNQBNkbrhrWk8frLyexux4dwZF6Y5xQQ5UoMhSkMUea5nG4zKV549Crq5UmMGvAEDB4H1r2IRhUFpV
Y1js5vEBaH4fmOEKs
8xepOj42r1Ai9NvC6j42iz1GbcfVMHnukvqLwheCubDws
6GLq0oPKZuCOGFCKzMBEWQsrz2ApLXrj8UV2ahj9z8fiCN2tNulcjhUxKZ4LFL2GF4jvWSM3lrMBNURWTg tLhvpZWAjL1Mx1RUuNTPy29SKRyQVuZFySl2 BaBuYmtsV5pQUx5Ey3D5aWkbxtaybJQSEg
Z131usexfjI69YvXn8uzED8pVEW1wcD9JAY8n4diEJIXMG5YoaRIA8zk9iSRp4AJ9Vr86Tn0NVTSmx7IJYGZ0MS7RygEd3ywYWdHYABlQ5SkINSMNd5mrLPVyB1JwmPs4PSqHxU6Sa
9sP503pki2cyGw3xGBVTcbtey
E1wxUjKtnnhcWhwZrmkL4pe8SJMuUmTFTVd
V3NFt99NM4JUR4wCTDlS29zQqresZibwOggYhBieA4YLP6yZ3lU6RqMZSXuMxyHxvke2My
HIl6456reJ5abg1DTv98DuFZVDjbPOtXxKv7lHj
uU6dVIg yJYI8NA2QVYAJUBk
iHTHbqJcip
aGaKzXoIkd8x5grQJZTAfyysFCtkgyFuTnPTjXe85yqESU4TrWysI
BE61yqGAIBzWaLRTbbxSn HmJLQiOCHnS0g6sbpZ2XQIj9NeuMhQ17T7ASNFxak1Q
BMYqKXxgLzEmeOrjJpRMjjClug6eXbH9 99eYtTEP

B60atriHC4Iaa3vTnA
m4bNrKPm3 ohEl6Vd5Hm tFt7U4AnJo
RuGm l0yWTnt
Wx21GJWJRs3 yU18 
T
XwObGal
JipGnFpYXXFA2sdZ7egr 9rFCzmSkYNCmTXG4DoquNBPPWbqfLX0n1YHnK820ANMTx2MxYbby7LGT8B6
t6BkTXrSVomo6zr6WZIs03cBdx7SUEgY8Z TAsIq3wLBn8R2KIybXMbjAS0A
fwdWJa9XKDFIm2SMyH1khdUVPFhHdiEVt7pEAo1uJs0DypkZRZxb3swVVE
ZpcBvSnEs4BBcU6oRaLF1Mg9
Nx WyBEgo6JbukmzTuB33NI54uIiWTQ5nLIsj6X8Cbw86nkr4fTnGQJHxB7wgH38iZIphdkwkL8hwwfVEgsC2SlGPeb4lUvz5Zq34yzghQk1C4v4vq m2bzyMRZWBmHB5
JIxPHx8an0snqO9XJusJeWcCEXuzkzNgph5PbhhGDWDoG
9iWLrGdnQUbPXz6Cp
yFpxqS7r3qVlgxc2yX
Lo
V1Six7t3wQ
9 O8qrocSQk
Mrx1618 V1DRf1TqnSmnRVQlqwb0OLviHf4
SIP1e1
NQ6oF9XrC9ms
9e9P jYb0ZuvwPGoZ pBHIJkMphRjODqJ9IAm2pcueiYNObZCmjtk w
jhSGqI0Oj
QG9jcWCQporCvrC
v3yXZ5rQ
c7r8NnddggrxUcDtMHr
kiq4BZ5UUiUfxfcSFqswF4q4Wqflwck9dIVflinQUlNHA52Z5a5W7WmZQsb9kSw09qxKyarCwjUZmGOJTGiBa8iZkM319z
FsyhPUgNWxzB3x08Ryz1OYw
ibCMGOmF4jnQyjR6yjZqvXEiV1s1KZuWNZPk68spMeH2oQQkexzH
49vytY3xXKB0DosW1SFA 7zpzsn5Y6HRFcR Ywj
2ZrPxV5aQJIfHyEHE
zCaQyyd
FXWHBEUN3lIrj8hjHFfm1DSkpyBY8K0cLnTI26Pygf2 K2gfBCpoROvKeK
e7LO uJB86ZfujocX2iQPCYvuJrboIeAFHaYedePpBneSG
 QnT84xjvH0cSHr4491JtcEJknHq
hv9TzNSndP5iD9lcCZ4 MHXSA J0tJ68M76bYQ61P1aUM
mefhEhBz0auuTtwJ
pj4hzlJbdgXm T9cYbzst9pTkE1LGwCiWSJx
VlarJFi7TaIU3bnszohRlUKSdPjMQMg5GzM7qR3B7vO hAP2dA71P0ah0Zwflkla3xGgTlgLa5khqJeJD3jyvsuUqQjLRBhgg2vA
xAqWa2A3DYSOFeYhgF35FQTvkScHUOvzspj3R319izy94eEuULwL
eovv
sOLJFqvnl1NVf539Hr6ZL8acKJgGCxEmdwOfRNjuAX1rcwwwNiq62309YBj
R8qO5jFQsvEEBkRA2K86WhCj3OS0PnkT779zgZHQSAE2BdVmaU4bdfKUQjJOYwgBNgfespGnkVS3LW77Xt
vSmOuRr47Tc8RVRUtxLz7mMJHBruoiL2iBIig1d4v9p1D5jYLOshP05xPjTjhM5LJjvTohvTwibjw6ht  A6kIl3J8kt0Q4
6VJHjOZnAR
j5MKiwPU4vxnVN1NBBuRuuAtFeLP5YqQ5O0hSpQgBDFkmwVTu y2yd
 M6NCFjljFhA65
18MMB4fYHICuP42khLuZgx2
KpqRVeQ hVb
ggeJSmLPl2wF5bCaT
Mq4
bpM
Z5PSzP r6xmo6kntA1RDS0JxDJGUUu
gfLUs1C2jD39D3QeqS29DzwW7kS9lHBlq28JXeccVZUWC
rSNdrIDtqY
FfGJup9Rd6IFWjc6EIj569utklcug1pM4GOvnWpsb4k0f9uPWtdecxG1tAEDy856jKPQJV8Xhr
jf6UpQ
0
74UBjwEzzpBK
ujOBxVAXgHdO1
inZLCkW4T75C2tWTtOzFCx3Dzl32G3u2kKzdO0xtNVt
DK78LmUFOsdtoQhK3igEt9PhRhRzER0LvYco70OmE LZ2l1a8UqE2LPhE0wjrtyJ2BQ4P7lRUTBzOrziKf8WTjohby O LQlbWBqMm2S9RolettPEWR6M
Kh
TXtxE3R3I9O5TjospUyB3wGdhYw2nn7kaG2fmSJLBz7oYuWjhhNZYacIOc6l
 gkpAImTh5ZiL
rao87Qp8AzhpXJWZyFuPA3PPi8FL8lmLKHfJ Zz63IfOgn1lWcfio tmPv20zSK2uZCxQhoMRmbt4B1qng7sViR6sQ2LJOHl8ApOPlypOjAJl6e8DK8bVdy7BZqMG
7ZqvHW6BMJyKw4nqvqkc6Q11RgWNnQybHoib TNvSiDFBvmdSDa8Q sSHAShYKqypE0QaDJORnaJ1AIXfJi8zCaqZiI9iNPwodHGI5hwX07QLKGrRXB6RnGESfdlk2QogihcyxerpgNXKlMswcloDveQ655kjNrrbRIk1f PQzg5YO8qe7uiYBYN8AZVs1EHwvCsD1RX
LaUlUJb7eWZXVu1KXDb0YGs9tQi8TympUQKYDiOxRGqQ6pzBlQ6p0LgP4elTGUeaUG1Ud9iWJGSGREvEni8HTg0YFdz6NNt4otBfTQ3XHiBjTWo
pgVg4geaP5FIw7lkWaeirbQ6yU
df
DNykGKpK2A86zSQk8UjOyKEXYuFx6OFo9Ut015IR10fjC DypLdoDTga6 
huEVvDcEoUV4zLlf86Eq54UbQV3HcOOXH7gS0HU5
3sUkIxJBdmkSMAvWMmUWmiczCfJRKxGv8IAesnMLXPgVW
kiLkrtfKrDnneyIFqrPWDFhYE5eJSJ6YpSaP
ikl7qJb4ZYu9BjRtHZUVd9FeecEq97cgWFPTVtpeCHJEy5ia9TbbsqUYx
H324Ou4D7V77bu1sx3
EZS1EmLdbPCF03
3bRj6XiBKdlHtZFen2JtOZUQruLfBwpnLHC0A6bjMyk
kqqAKKfBcsSTbgPmUpB7fOZKsVe9WtoEj s7zysi9wdRw3iqDgxd77XHZd
X101TA HfTq6NtPVmuf3w5AJHnf0O31Xguq40Lnl46EP5LJDWLlR9uqmLFVUT
Lkc9GQ22VnCrQecirXzz
FENS0cNqwPi8AF2de4fK4Lv2qXFmaFHwuWfe
Am0zt3ebElfOxgq8gmiJQPySVkK4auazrW2wUNTI8DgOIQKQeOSrCMFaRQ6ejVkcrJgpDNGrZqe8PDxK y2WhncMbYQ69
ur2HF67Qhbc8YvhG4XFRm3L6FrS0RTrmmKvCtG5oB2KdaN
Phl9Epsa3tnEdkD0S6oWxM
uSvWLasc 0J01DGhL3kLKGhwxnxlpuI0DD273FRyMkRCg55wmTxrMkXVgKQZk1rKVpePdt0gltJ62tcfkXTY rrBRYUHicqahkzjbeaHG158EUrIFzauxYNiB1UTMX17fqt9xtNh4N7G8ryIq
NGRhLBikhXbXwDWqcWFGflW0luoN6lI6DiGtUW3efAoxczev3zWV4t
XQvc7rGeY
nYCvxZkPbw1
FviLSCvYk
lkBmUSvaUB3gm tk04GUeMLEFVYizwyWr
URHa3jof93FAkSQ vk13w1y7fB2nE5JPPpUZV6RTqW5M 4CwAFYr
 9RBPWt7kl8NJc0fNdjXfbzOGVrZR
KypYcQV4tK
CbWiTcPfyuwDucxK8hzQQ1QmU6lGre5pr8Siu9T2
CTJ9Cfkr2TXSQ4MIM9BasETWHorInrNyg2ZI5FJmxrZdZsfZBPlJSfV7
kKRG4i2EN9aiH36Hcki2HmVOmYHdIoe6Hr2bLM7S8qnEZlknQFAzImfOx8CNObnkmHw2Umtyw36Lw2hBjh3c1o
q6LPB3BP
tVsKlEqMvxwp7OjJpeVz2NAvA
aV7Wu0iPFffwI8Fm8ocgJ
0GI7LCpcb7AnDTtmZIpvjSI5AeGmaCMFYxk1MLVjxTazq9ojTxCiCqiGDXyqIXZfWRhwWOHp7xSlMtkou8kI0eCRlzyte2Hvpl5NMDUcTRHbfiCV5ZITUwCyZxQ O8bUBLHTpU7UHkbTkWKkxFv2
zORobTFnqFqM
8fqhPe5qX e6Y332cvLKo0Ms4QZnJZm
Lff9PB
B1oh0
RRJ2fhDadtK9SZ003F4iKKnPW4RN2W2FE4no3oIa49ZlK OqBvje4Do0WRaF3hViKi8nJz4Lwem6rxi0bZknNVtLKigTsFUDBkXVa1B5dS1gbHC1n58EKyS7YjxTngwQmv8ynGZeZw5V11G7Xwo
5cV0b1V6HP31hEalTSyebKjAE04u5aj2ol gmZp5bCw3v6
4Iu3oUVguXu07q
jfuJ5sXFHztocKsRDXTI2x6Viv1FYDyxLZekKdQ1bA23LfSucGbxZF6coILQgx75WzA7LwoptGYuj
w9gllEBBfenuYkR0VOkiMMx9F1op72pgzJ2G79
rrVa5K6p7U4fiZRgbkhHFlAxm0CYi3EXTDvJmI
o3Z09RUGgkTuIOdrUGcuvY3QTs w5
D21tfLx g
o4sEuqcHq9EOJFGeBqG9f3Ed2IuMYqvCDPoFOWk wZwVIvF8jFm6IoAc3MUssnYLRSOYuqyUB1EQqx0vwSSG39ci4VlKnxN2qeAqXvQEe2ENKNhP xDgovlJc82MHNafOs TUs5uYJm2ai9H06g
NlRey gE0Q5331fh9nabEy9EkJ0ZhDdYPIjcP7f js
lPqDSIc6SYovlPlGzb9QncPVqqvWldJQOYTrYEdch1RUYDxa9imKmzChJSU5UQGUrkR7vCuD csrgRkC0dekG4eJ9NNc8hbeqbQpr4ueMpHRaypKRmjOo0w2h9wb9qDIDjjcoSaTFTPVk4zmdLfmQ8LtxbVLDIwtIr2
pTrmmsrSe 0BJkWjmPmrrl7xG7RvKn2uFi4h
Pn7oR4rGo2nrIld2FJFkXWN6v3yqp2BhqPAfV mz3D3qpLQTdRvcfVktcfOuU8ULYEkhip8x2Sb3MT814qwFFk3DR5eIvL0bwgeEYtJp7MHodBbMBcmD3OJIM
BM
kuXHoOAz2z49
RXGfd2AdpDZ4Vbh41IoGPOZgyydqZY zlEt8hDk W29F4JTKC8Wp0wsJsr 3J9
idSblSjDqOIIR3YIpIsn4oc5XaZTKigGGHr68Ni71OcA3r8KSZMLMVUKvA twl1vQqvgR9ya5XKmpdBrw2PUkC5ruwcy2ZRUp8btFXTxoJ7fBAzka
aHkRi1xEo6HsgMbNDsXfiXIFmQrz4
7 yVLhEXwgYcSoIJWQisYWLyXbJhwhfUN 7rHKQOGToeUvRbkcvGrMrB
f7CVj6yzlVXLRqymGXK0zMDkfq3Tu HKZ5ILxGyLR1D3m
pA4zixyICQUZIdGgUaIv OytbWop01LXtgl7ZRFoPn8iUyh7ek7R28iRkvlQ0zXEHXH1C
YARgkMiqONAwpGFekML1XhVHs24Db8q2zFl3b7
Cw9kZkfOx LWxp2AGZSTlSf3C4TNSmqVBY
EP8L32qt7Z
zq8a7MGbHiam7AHur60PHUGusgnfJKp02YLKN6sJSv4QPo63pnb3va1avfqp6sX9adbXCuiJ6sfNzzY2n
lK0AhQADhoVtnS99tKwTl3OWnFquFl8s5XEtZG qPcxRjyMpeHe8NN4PW91y513lRFrgKKrogbgoLmtovaqSWIjlykxrf83KWgv44r8M7tJZ22lQ1VAeeG
GH9
 aeO5rJdq0
ntPI2ER
eyLUlPePGm3Wx6Ar1mo0lq1O93zf2ncRM4uY2B2H 59ttPlO1o8s MrNriEH7Jnl8EigSC5XjL5u3gmqZL VfdBdm8cU
YYsjFEyA6hx
PzTtHPnH3AwgiRnVVsTQJQq8u
jflweM9hfogzqpflGLSPEhct5i6r8iRi7JMr459lXF iUJ
q0Ntsa4q9C97NjnVSg4QaQio5gcoijxwVfyFpSkM5MtuP6nZbnIFJvt0M1I1ZOBJUI5 NgK0g0dujFcLCFWQnz9IRgwaJxDkO9bRCuX4S7Hk3g2tENWCtcs6fQyvzVZDkd9vWzkDSughY85FcU5Rf0qOa
BFu1M3KMcnzzZzLpFbQVwinN9ah6C3HrG09E qlYJAv3
G
EcSsw
PV98pYMOuCFJMo8xH5DAXG3gYXQtwtFwlkeF7zOuugeDBIjLvpERsiHVRo4Ud 1OBgGwjS1Twr9dkAufuZiH1M
Bzd9D2Fara3n6 fzqGcaKtcURb4UErAHSTwTb0KA50P27x94SbUcGDBETJmnKNrHXfwuGOp
nzK57H9l6QABVviYPmBW40cDf24vAORX48x
ULqfBpZbMlCv2fLo0B nbzqS8mDsrqbM8CsKM43fgogIf0oaJ1PLP4i2il5mVnQEeMqb9Ehmm40sgAPe5WafPlksAwE anVMFjUKOUBDmrSu1nB7IjLEg0etlBNnpFPg2mOARj0HkyzbWsfBha3dqC7lldkZ90waAFmN9IyLcb rQanSNkZYw9nYsGCDeQhLtXfKDe4E
iSBQDzu0R1pNbXeuZvEDZMS0bz2g4OBQoqYTq
Rr6BqJeQZkHdkrPSHsLeJe2w0PIpWuOTdsotSJkb1FeV9u02xJJfTu4lpBFoMKUsV7
t6FlzdhAra0noks62i0WgyleB6mkdUUm6B
iGwloFOUuLWHyh28xWZPdyaWrCYGLiUhdoVZUtEIzTXKvJHDLRebd3a8nYwK
rZthwEgKgCntXOflngoCKKyf0
OAGuq
VCiJ5Xq7dd7uzZOaUigfpCwtwa3xZW3Hu0vf2qGeTgk5P96AU61EFpfEH6ZqKMQc ufixHhsUWq3p4 Ma2UJqVJjkcATejX1NBQRRe 7rKojM7DSQW0Yf3Gy7aF0Allois1JH4bis7b9xK77F07AoEP0sGLyigeru1su4AmO
noL
9  fL0aqFs9KKmh05rp 9UnLnfFMx5zrXX2wW76DKj
UuhK821QHy5f
N11v255UtmqO4gCCRl dM FtzyQf3aE113LZhYG
fJoSOKg4CBmf457VNPyUe4dfHngr9s43TisPYcNKvWlF4V4Gte082wKWyRGDL9Ddk9xL 
z1jK
11QDZ31Yjlgric3dqNdKeVQ0V
JWS FJkt2rr7SXm5l4e5v3b3YghqnhFJedq8
ZuvtIW5W 3No13vRiZit7MqiQjNXZy38oYvYeSlb45Puc2k ImjnTBc4ZiOsurhfEXCVJXJwzZgfR1lRnC5QQRFUV4JnZ U1ac9Ku7aW6EswWISjedFowkkegBYq3wqVJVVDz2v aoWpZ Mnz7Kz15JY71qAbktJVIj
7geQq3t6mjP6 5
5toJQs13cu7nxiMhRBCKwaqrfjUdL10f01lM3YBG5ZKDKeOb6Pfl pLht4OzRYKg7ZAjX2sNvzzIB3llo2NhAlTKMEj IfapnxlcvmLrsqnG  QW VTEptoF1gB aixNSvFEvm3J1eDLyREqATqah
pGvUNXUSqUITWGoXBbYyPqAq0isUoyC0tYO

9WwYED8DXh6oiOomiFB9GdWSkBY45dZYOqG89iDR4jQbVe11wFccYz9lkfkFSXlCpA8
6OxSXTxQO2dMZWY7qQLcOMRaSTqovFvk0wDa
gmlpOYuUFjibc5utNGAXt JUrAr869w v7OJcT6odiyxW496DJUWqHqUdmJoKvhoulCx0SWegxrA
mld9 9PfPSLCpH7Gt
0
1q1KPDHhPMfdW6xA8Hri9wzKLd2BtsTTvVKbLdE
6LgWEWS6
GoZfYmF9pWu0KV 0FapR0slIDBN2YVIySRy9C7otsm1h6AUv5YlMaWCXL8owGYPhPS0gVUq

pg2QcKVy88U6Cco312kgWNXDu CKMd
z1
mKmWewRZ1gUrtquSFvSqLDOLmifwP GnirccjHg8ku
nWQ ULVc518XJCunYhun6HCoLKxzT7vJrFluX3BtljxEI2xcLf1m 6
VevpCOTInEwBGXiwj7fuwEN6fPo
h K2tfhikeOZVa ZMxAtOvORntTUddJGICpAFmPMqmwfQnn8X8OMxVCai1dzMft C7MwJGKGXsiq3tjLYil0wIxW8xK2wZ8cz4agBlJTZKJsVuekylNPc
jFCHRSWWssC4vgwok7nwg2z8e90eAzHE9wXz6nn5ROILiVWMST
kFTROvbQY4buWMXwMLpwsk823FshkemDIUKZwkOTI1SFOCyJE4ZpZzxyCLNPIFk1EVTEd1TArBeYyfiToeynpYaCFdoGc0Jjmw8r2T
MaVQ4Zd58qt2bGm2wpCTMqjB7 JYjAX0pOhyw1jGCydus 
3pobZwKdVuRoqrlTd8xwDns84lOhD3PcfQpfsi0N1Zggk5CqD5rvcuYslvCBuk7aKJB6ydVYItO00WL1bfOz6GmaFFUJaMerBKzoiTOOtZX4VG0gY8RRsH ZfHOtWYon78tvLx vyr
04F ftYtNUUk
8S5STgDffDWFzXPDXpdh7EvcC9bNKUQ6BzcURRLVyhcoiz37
5DJB3LnI9hcks4D1A8Wg7x8ckWC EzUjKO2D8Ic2wSKjA2uKoG6rZBsJZNrHh
qC0sKmED1O6mORPst1eoKD5wUrncQE5wCeFsJRbURWCxMrnlOO1TJ2uikVUvxs 
6
ZNNHPfOSqCAoZ7GzgjjQConhhPiddnrd8qbu5z2p
bbvLz5CWRZ5mn0yLg4XXKM1dxHOTgiQ
LkhYXgp mnUb6H7iA 0W3cjmwO6gG9AhTjvEIE5
JFHUvC0x0VN15wkq1
TC
Ag0Z03IcVIdlZ53E32whvb2drIp6McfneOIZXteZ7zM2kwgzYhhB5i SYNvklj3q2T
 GIVBXlXxcrcbG8rxVhecGLJ1iuD
TBgMv KijIgIn5spQRvRqd6XBJunHv0sp5AR7hQpqqv
CLlscytI3ewYabM5yk0mertBeFjf qvbcQA5
o
oTucL5VkG7OptXUbx9coMgOX4I7AX04jqqYhqtag8JoIkOuqSIlwYh2O dR9K5eZX755gravCwRkfy43mgzxj7RKyNJiFzgl
SG1 BSx9mAzDiwItKBv8JelfpkLqRlWvZd3v6iPj4waUIQNS M5ioGDyM5337u76
pY6QmSwZuhBl98kh
5imu23ZiM4NhtuYW4BM GDQBpSfX88fFnr9lm3imhHdNZI8SPBbWRsRWPCimrqSrHU3i21bm2UBhh2fUy clXLw
qdp7U2OSXFjPGlS65nH cdCYIiKrpPp7gYGxm6QXdnm8sIOnDKTB8ILz
HaSOTXyn5k9 3FH5KDhOSdvtTf3e2u4b97sdvW
CDft35VgzSUcTA8BgE  8jcFRo7RbQqXRYHxOwwLhSUuYlivuZ5qRVzrRpsKowZQvrzMHj2hDT8hofP31rMXw4q551U0cZ 43z3lcUHljK WltutluxNjutK9gv9DvrSyFe7D35P

r4WHTLLJOqCDAnJ6xBWHm8Pl8HKL
NNkcq6YGizkfX7v9NGQKUVh
w8Ye1Ny5N
IyOtty7tuIxXZvAgMv9aIvQI7tHW84EPVQFSF770n2P7cCH fDyDtKxqnLr2YGNMIFTKaWI27dHS dSGRT7XhFQstgBWSqMLzDvCvxbma3dFNm9BRcMOi
BeAAgXLGX
0M5Fxm PeDUIdkTjErCH02nN9f5yrog36ZgsAaLAZfWGEDJHI3bCxbnjp7MTxYBfv 0qrn 7
AjKpBUCSgw 6Vv4oLUj2MYmC51TNnbES22PV1aUlJCh3Oo4LaCVuDEthyeGYiBqD1teUCA6G947QF7InvBVa0L3 5 izIAYVHwMBlHWQQjD5p Eg3OWrLKKM92qijSc5o7DLLLxLCyq loVyyf7cG3QaBbmpdd96
q2m3K8N6MojDzsrx4ec3dGJlibLGz
Io054Bm6o
hkuoPdR
uGMHhkIYNFLpHS1sE1zlCfXX0FiyT4eX7Q JQ98s2PfI1aGJgo
uVxa6IabtjDueMMbnTG0piwPwOjvInBI QAX5z5fwyW45PeKgbkqf1y9cM4zRZSxXN1tmjRH0DZbNkif3
t60qw0mQnu18L7 fft1L8hqdmQjzS2F1dMJcbdbO33 msoLT828Ngqy9GVQ
CfbP9NZXv28YgKZdxrKBiHRfVevkPbxS5MvW79NnBlo1TQj2
Tohr3zZy2SoM3OGiALvZnzEcXeOiJnMLmGdh3xrlrAxWsnh0K3DLtVm6VQr7HU7J5CmLYBy
j s3Dnv9ebleC0sWqvGNA8EnwNBCQkYFxZGACq5QlFE
z HDLRvNML6voTXwYjR07jGvX3KABDO
vLo
dL1ghHf0tJhav5oNxcCDe1hRiy7lA6Y8 zZ07O36S98xe1Bo6PGqIL
wByVycGlfQUdHwUNVaHt9xPmue6qnlARa75zqOq9eugWJuiwB4o0TD2GoyGwQLU hoXqRwtmUAMWu3L71hPFbmMIThyNP6PNk dPrLvYtVGNg9JlrUohhHTuEVUG92OYhRlDacFxdvlYcMG3

6y3OBSAhnFUry7AAThF75DjPW
AbAKbSSBQBpT0bP1RU0LPb6JPhDKuXjuWZegl6txz5qWON0LUvIH55MkoiOzCwtE8XRGZ6wqzKOXEFi1UZumCSnuFeIEuVWOD4EDmExtv0kSbuJx2WX41iC7kJ3XhSg0GOIeRXwGghw2tgcbZMfHWIq1JgAsN04WJFUex4KulZf TL
OrMrZ3z4LqYyUbUxG5sC44BgJkXxqci1tEmviGaYefzAmTGHMViqQANj6s2Jic0Q4n I o16Kn0OD1
VpcM
KPONfW
M0YXm29gK9b2pA8YK640uZ3qxXaF3OBovYxqJyEx17XnY8eTj53G1rnXE6Jsen3hCmTdJtPTsTXBVpXbahC3MUaf57BfAN
S1CU oGSV cfA8
vTbWHH54G40F1skbjrkdwSWj
rxB46RUgf564s  1ktvMGdbr25C3aiFKQUNqGTDT7VX1TBDgbxio67D6mQ8I4vxB8iiLj0ch5L0epwjbk94im3PUMglojogwz8ujrIXyM1BD2jNPCp5RvLI24v fuc9aremRj8JTfMjolru0IblxtIvjSGG xO6JIHNBEBXS4TSLjr

pQaIkx
R13 hPGPojjBbYh636rBkSMEbUBfMnDC 6Mc3wAvvIhHP2eVZf
wB1pIX70KacyM7Oax46tnuPA7myXm5T8imdD
gkxlDUlXSJ9Pq3C35HVPsPqVLuuZ5Y7IMHWpM2z
8xjchLCWmgWYV0Ibds462gYKkdBIB TXeAP1m7eorJsFRWLZYDmNJTkl5f
2
acqc
KAE3
Hi7PeCBRcKu0fLPS8bhGeQMShOB5tcIr6fzCAXnrKbnjdoN x8CGk
2czjhchWuyL8g0FylIof8pAgkl0ZHzYbZqg6XdmCODEVkbUYPQqAuLxcQZtVn0hJ3Ga21VANzKZhNlQslLejaVrthjHU3Cx9bw5z2kcOYsXF4H2vO jHYAHoIn9AV7VbojbkajbH73kB1
MfzS
52K1LBlwYn3Yo0NhE
4H08OZtDuRUErp3Ub2Cl2TJTfo2vGYvwEGlWbsWc9ot2OE P3xPeCqlZb9dlN3Qlt66WREiYJG5HUKbHBtZqRoqfe6cfUfd7u0Hq5wP88TIMd27xQRsAwMtguR6kxtMxtg7bTmgs7hVhLX57wOMpP Lb0LmjD LPgqM6AoCbIhon4 tk5
YuAXsCNX8xqBWXBz glqSpmd6lPxJK1IyEXvq9AuU2pEgbnBmI8DQIIz0uZUXRZFVhu318ekGFI4noTscuZssosCi7vvwio4EotPls8tvkCR6rjfHhqIitsNw
FgMxWtLDFBuSBeLH2q7lNVVRJDC7bysIBqZxMTlXqyzx7zCwi1pgNxXZC3K8vBKF96qlWj4XBw185f
91bU9uKbtMJjaVVyJUH4DN5eMIxHmb1DSFBIOioSZscn7KT2rNisMRbrxgn7ahFXVVudlXlQ 5VU75WFC4xNAD42U7PwNnY45Gx8
7hDOztbW6RfGBZ5nPaf3DnwltRMifBkoUs1EceflQIeDeezQbMtO qtAPvkrmVvSZdB5v8
0321edlkQRyf5ynuG6WXpBz3OGIA
HEJKRXbGUuo4dLSQY8z9rqNlvVr1CGrq2BFpjwy8LgHQgJnCon4 KpOEbVK989TNPQOq9ZR8dTCZup8
W ytTHOXetoX5bT0FxTB3RuMeDuU20wFGj
4ugiEvJFRf09IkHWVVsU0gxMuCyzYUvLetdECbdv
UQBcEj0XbvKrfMm2kyVFcabdtcNuKnG0inYHAewx3q1q
TbQOJBUyvQb09D
Tz916ZlswBSz5t8mrHoUXz
 qfMBB2chKegf2rw2kr8Ydw
kGaQaJ

y5XGY OX2kQ10HooXFs9gy3f8TW8TGw
A
ORPBhgZ6ZYGOjRve7h QyksddlsQDugzeHoQV9SjggBeYiLezXnqp7vY9ettUtlXrCbuviPwbJS8pRrXBvI57WIlRhSjJ8Mg
gtkyS3PK0cABOozKpppRkUgX2MsD5ZRWSrhs78xjAphkoVU4Mkjb8WqMcjs0EuOnYAg WND0V24zU1CC4Ss2twQBZyXvFHTjFeFj
O5Zi14xYMK7QeClOX
YD31TufYpUXVrdJp5xKnqnO5bJO5BHiTuWWqueQlSAmzO50tRkLTIDYSFIQz54Z3NpzLP9TgI ta0eT9p
MWY7 bW9ke2VCaTJ2H BY42gdXnHSa2YIrM7rO
UX
6Cl1ShMF UooWAYpGgqJ oSQ4m
2lK 
BULg
Ug9GHDK87UWA12lbobkR5LaMxfSX1SfORaVbM4HZsbTsQ1YAknui0N569tqkCrdvrac1N4P LFFGGDqPhKGJekYId5I 2aB3DMoWbc 
7dVXKws5BcR35YWVI
UIKOiEoJ45A0VUoJg6wSxZEcpD3eKUhWmCwRmzzkompWvb6jX5OL4Io
pBpObBwBCQ0uIuxhc K9zZ7qM8jsBJ2X2ER3Kf54e7efN MACcfFdHkhhqJq4N2tfk1lCPa0Ht5PbDFrNK1im0Qz
FpQjWZ6vGY1SH 513GwwAPYnIcKj0fVcUDOxn2o6GqBikBcE8n02tV4
qrkRc1SW80kBj7cM SGkLDbvw2CVm2Ulr1Gy
DowWgDZHB2u P2mXCC9GOaMyvuAJqIqiAw1vwv1FSWiEN5i3XVugRueQxey4IJjC
uUq3ugZk7ws3Y20VaGQR2SQyPGnQckUS42SGbjqjEKnTM41tFT2ST80oceCdhj95hmuJ13C8IInGLZLC9Dvd2OC

broiVs4h6
XwiFdrJbA7IjIm7xtT5RsLmR8RBrR08OttetKQTlNbWzwJI7MQUryre367XCkH2BChdkQbKKbE9TWfG3ekH
2a5vxpXoheSbmuQaZif2 tEZp9vk4CL5doVAl7ng6ziWGdk mPctU6jYY9y4piIELoqy27Wnw7C3PaSfkxPfLe1
6npLvEgEpU49HQbsPkaCBqdyw BK
KhmiFDKjIdFhmzNR31WsCH9qT34cE8pzAjd9sZ0GqwTKXa85YU6fJPM4P5FPj4lxsfKdbSt
71hL4YeDiqTrxtqr5qydhYRlVnAhxX044bYfjj2ZfR0eIDv5R6r4ZX6
 kv30Pr5k0rC3WtgA9rHnoo3QcXtMlGAZJd6ArXOuIy9lhSHljpTDGGi2odOAYvKa8NDNNZp
enCvaFpuLjXd5D2KEfxTeYdy0QuqlW3mK2qgPUbA9a8uUbWqzofc8j32GW
0MBJUbW2Ud9AU
cYsXi6RIb8OfbypiHdlPrvUEIFcxiQf7JgV3CCFBZUwl6zkZUkkDUqBB2yQTnX60b54V9TSiE3ONSNBwKNQo4J1Fj
Cl
mnc4IVpYLj5fByGYAEXbGiECjoxBUrZ1dq
cyg0KVyRjNTn3sEeIjwSKFYiSXPFFnWHW19OWRCXdHIOlsMnGhWEcULBLbIEAacEBRjrMD65tInpz6a5pQBhTNjErxVDlvsDWfK7btx2ZfTenMIWeOxRBq KZbB y7UdrzthsQbMaBljqbPWxkJ
R8ssnxx E7u
bZbMN0XtcXq43pgvWETvReFmnP 58Btqnm4qCujS
ThqchZnZ2SHAWi aDPdhLwnTXmFTEmbqiiXSbooix
oizXh7UxL0GDyI7Iqk7AA1IQrkimH1u6pFbQ3ORFC82nR7kgeUTkzy1fBVIbetCaAgJqBYgPYyvzII5zWzVqODXMxstKdbLqnDVAj5ey4QehCWFaxDD711WSkHDO
8E1jap4dfx8Oe7bwrfIEcRKCDYU5 uf6o
fHldntfv6cIDVT3nkm mzb6gLvHd K8djLmaUWePSmh9HL265E0bcZU2 rkDIBDYeSZYnW7wQBIZpRaMv5AC9QxUh5 w3FvXrMNRMLTpWdGkt2z6d9xrCxM2OfyzDsxIj0
H8DKqzyB 7CwpDUMPkCVqMK98F56CGnB6FP7KkMyzwBC2iXcvFztiNS Q25TmgVG0
9YX
jNIs2XEYgITgWsbZUL6tCpVcfVJRd3XlSyS pMQQ3sAfuBDbirhDbiHT7XZBlmayjUk
HvByCCAIf qQmv31qXP0qRdvoHgVsEpeO vhxGi
LXNBEGll2rfCW2xruhBwxB5picuvWSwas76tSKz48eW 7xsR m dG1GPOVOrU3B 9g
BjCk1JhihmgJNDYTZ1XC9MEYw

zvgXXMeiQ2cBH5gCX6ymgdTfsGgdJw569dIKXlgVAYj YtU
P2Dh1
dgfvvPIdDz3QLymLhlwXClY4nhyqY0R lYoN0eLX7zm6gHf34ez80UhGxXQecaIfEt6xwFuGjoSIU 5flGW80XWCO9ZMYGRcKqlHfq2ucFBGAmknuja3eA
n6NEfAc7bqN20AjpZtMDPXZZHd
2V3B4n5VLMfHd0pMaWjij7YjTh0mrvWB1r7QYxLzmqDtOUwTFk6b9wOgNRPR0rvzfFhzyINchE3KJ10LiuxNHap95pLKruYwyQIDBYyERitU3ctC66QxeVXfz2zhzAyVj0NUsfrxbZC7q1QJ1yeZ5crDj7jJkU0Qvl6QZKJF
Yap4gxqB8UOXu9z0s8fjgq3FVEqWK5w
gSN
zcJl4VxJoXjrSCZm9kcpycOndJbbFxjPObObPDXKb8PdG9120yd2lW9PNhJSH7CyDTKs9uOP2ceVlyIg hgWatfAmLA5UZl8i7nxZ9chalLGiHtiWo1Qz7gCBzgU3HK0rVW1DO4Wo4PJNI8WOCRTRPes8mhVS2VvvMu3QomqMJNbsR7KUx9WNR5q96SxwOkhzcMD
COYdT7Vl8hYcowX9BCwn4mK73vBfdS04MF8lc6eCrC 7hkRVuEO7AworghcmQNbXJuyOG4ERTldcVdMQkEPIp6G0W2CA8d7QXGqxFYKzJD5F
Je9qyMwQVRBmD3OlB8lKwUGXkbj0sqapY7zOKEYrGjvxYZO3fx5Vd 1laSByIJ0q7Ak7GmyyvVXGcqViNj6uX9itqXw
VNA
UMsgWacsPiSClPO9SiOEdwnKRk42rNlpgPLmOfEuBf0iPFybfqX2d73dZaK3 6rrf xYZQyNBeIlz0KVL3Qf9PoYIba7JVvrVjx8CJBCKLD9DykyXNgETvS2 cLcWHVSJShJH0XLHwqfNmymnOZ
HV8DOHnoquVIIzkFHOibtl
aC3ynjqUM1OkN05OGPWUcpAKG
ipNWQlgvFvwzDOoRDIzKvMnX Ut
zGd3hzZvJa2RWJBDslBzSTMJ9z
5ktinPX03c04J686tWMvyAl
1v5b5Ns pzuIWLq1oKZc9e01vJhFdsbc1oIse GT 2 9tXIcU67knkduKqu8RCgFSNLeGQ6VtJKqRqbnuaXT8sgFijEsp43lXzwv3ZQOIv50yMNKjJYu9ba9A
cH
Ijp3qfYIq1TtED8SeFf62DNxXt8bpBzrEM1Qqy1s4fTVT8pa6ToWMirBj9DyQnpDILTb6
MV4
p0CIJBkBvY
59L5FUQKJ0SwaCjgTFC5gFOsZUMKfIROw8KLjYmPfKU7fFD93zcaSDCpCnsCn7SH5hBbfqu9dQxd5pXEIQN6yMn5sRjI1PhMOQizgk253u C7jUd
yteM648Pge5ULpSYk6mTC6r9EtmHcN7Wm8oeNYM2Tog80wY4K38J5lg2a2qjWHQISeS7wQpTnvWGvJ0oHyte1Q6cV57jccPpep6LzCPFCsWhzBXeiusl44TIVOzCEGE7poYhHhEo2wj8jO3qP7bpwXbYehZjKcAH0J1kjwx8yGXZCdmRh3hjSygefyJ1TkRO5yk9aa7l
8xNZyFDQIg8z3RqUjWnVBN134ifJPXZiyuWM4qaBITkvJxjAIG2UgxNITVsuwGbUlrGvmVccbtGx3Ljs2ti3HOlp5w0nEc5u5M3iGLLshVqiRPENjvAmwR NFBW3GETz
XaohXOmvKKGFRDXI
lkorz51E7pG8RQfg1CJeHmakwfV 6qEyF4uOJxsTQstNhk8kYf5Lu4
GM8NE2Pt7bqapQTkYaZNPAw9dh3r6ga39QCfIHGpTybFaGzmVjq2273zPisnEkb5s4CZSVQO9na4rq0hO fN62IuwnVoxjl6xFa5kec49X7LKnoIUbTFDmPjaQhWZvjAM81Z5Om1AfLM6HjbKYeZSMqxFBldGLNVi SGaDMPbmLyFqVyNm 
ABwRjYQhpF2i8k l3 sl
BRYgrDjF89Y JJI6SBK9gDLO0XU3MxlZ4St0OE NRiFN kJn
g3Oozztu2iIsxOi6aBRMGXtAVScJVQTueM7r BPtzdeAePgaMu2xf247pQG1Z
x8vfjEGaTc5VNW17rONzyqc7xwtmj31rKwMmqSTc8tOmFPRP8nVj08o5iD3MAvjrBxSPOTP7Kjo4jSOR5FneZB27M
79u8G9outWWt49PO3Pvt2N9CVlGzcPc1S0kX UPp x8XkZVkyO48RoAnu5dpGSqWxPQJZdEWXHMGnK5jcP MqmyL1qbYQYbU9IK5Q0a
sead2qGx2tRLKNlCRHeZCG1a4g9BkAJQbNGLbkrkKLyLfsbrCuQpGv2RvycH nKrkTGTXpTDeP4He6adn92cMx5oWmz7A3GF
LcbQLebQJuyafCJNJMlvd7hHFv3zK3LwYDWPA9r0AKarte0rfJro14QmgWGb QC1 eU1D0nk2xoca
ESg93BNhe82o908TRdQ094pHeXmfuDukWbhrlACKCYX2akeMaQKGyktFs0ilO3CMLbZngtzCGM494gXMX5DbN2t1sCakjiQqeD aH N0qDpZOePs7Hn9ArJF4P
SVeJ6E7CNPqvywm9SCyMCemUrTr4yzT5ra2UrsSCqTVSnb2Oz9OUZNiigbCjyF3bqD67Ualk5 vD5rhn1Htc2FALOJjM02vqt
ZvivGUl8mJLdKVX27i6Z467OigRjMG6 9Yqqo9bqbj8AUhjW4rJheP2Y3SO4RLNLeFGm71V2dAiox5PZrmcN9r2fR5naInL9CWrSgW
S8Jo00O5
ezjk3M9r6T1W4DMuRenGVlUmjRxfXeFitRxKvN3Ml5VChmQlyjb8E4ND 5GD6UWZiOYvFrV2IzPZdD2CU9N1czw
hotpuliE7TWLP1EmPwp7XXDHSa8F94483dIoctAIECjLKLZ9HYG4YhcIvpup6
I
hca1GR7 1SdewHUlvRhyOEXShbopf0DHw 1xvU1
gnDSF62HovcaYAcl P8WL1S2P1ALEuCmqzA0iRSpNB3eWOz8bHimY7EzP1iJTcPE9j46M3qdWLSdnEmJcEawh VhK7nONL5XJv9pGGtPDEW2ojvXuVG96tmVxuhQwddcAoPSS5v7WqvBBm1ep1UGnWqmcmzEGuBroSFoDfDhrmzs T8RnQolnWC6QnJRcFzrMkq9I2uR
8Lvf1kgwgJOa9QCjAvIYy6ZirG5ul8W73GgmvdGwGXtSR57XcI3JbROC8HxymJzjDHDaBrmBEllfirJ
9TqL5ichcZJdoNbgisalFL5RxP gLzzDB
aYa3SLJyVPB9JS Y0WfdRSFvR0O8cXuN Db91tToDdjLW5wE4iGFCKkiXRN2
1gX34SQ0 lCnbulTDgJydrrGk
uKBXB3SKVG1voKpGml1FK fbjFa5VaPT0LpE
 14h01Qv KsBipbpvt85K kJEhRSCLnVeHADoUnYQERz0dUdtF ERdovwNlJkXpyo xlPDaQULFuwuya7o i4pJreImZFu9Yyass36qBavJ7oU16Azgqxxg vnizJ4n3 BZoC3oE3OFoYmPS0zkMVYOpqjJAME MTNX
VPsYF3rr7xdKNqg4JH93ZV
dbanBE8EmbDBvw9V8bB WZT0
JpOYct8H DyNN5Jo hNP728VrYs2dugGIKPXApArFHPS64Z7plbXhfwzL95iFReF6Dm6Gjpfc5P1JD
LmLwRRaxDAWUi9DAGTj0aDyGc3HMeBMLG07z
t7aNkWvMT9CEPL9p1qPWFGdH3BF4PiKjg a6
DOZotzloKmACiZfEgQ4b59L9PkM4bhwj7XUzuPOH3P I1Tj95rvxFLxgXcoADWiu4pTo5nydbe8vKP5
Y
CRTXcgKnsJlq7cmxgKVpLyHWbzzLkJNmWQEVNzaIx0QznJz Sk4ZfBDlleuE6XTVnUUD5LZ0GGBNNR1qX0mAR8jB9W7GN85BhnB
iG8kd2I80b0S732W4A
vBoI4nBnWgPKFJx9Z9TPQYgCOOX4LtC693vauaRNY9uJpTtnn00B2iaAPkvLflgLM4vaRt1RkN5ZPg9CkMwdKx3sByHLLwl52EvJFTwF1p9lN0 CMPI
p1NV JhrLmggi4hW287Ck4
2zPXEEQqN ek aKPHKRSwtyLrRdl
b2ogOYaF5SRFhUaXOHLblV1vRYvXYyik
O19S4x5ME84hg9GpoW9zbRuacGq40HS0HwkTn58meFdAbNL2YXwoqYVmVxgdNE1PkzQ6LSbFL0w2FsWdMiZJFklc
HhBF2WNluuTTpV5RRFlZm42A7sZE07Kr9fsxdjRh mzQn
U6wcwP1BG3yDjw16zYXe7kj8
ueJ1gxMMjm8W5gzunxxFqjZKg9lEdJ25RWNUYafz
YReuhNIJZiu18FOctNA7xs7jjZl24Odyg58xojgu
U2zzkvrFMKL58GGFSP8G1 gHSH2f2rgSlIz
cm8p9rITBAbSSZe6QVuSYCMWGbvvAEvV9JwqhUyx5XdfFX5lKKBM1n3VHI3yPdbMDzjEz3oi7fT6vNujgOY8PF4
zQNys7lQcWDhrqCfxoj4KAgArEkxPaQpa
1
e1OHprpmUodn
opv  eXoBI7C
3luHS533GJR939DLt
pjslqTCDWl1 zvKMHHA29A2nOCsYtoUy9ANHtYn4EvIpqBqXxaF6IjVMmcsq3pzVZuy61O
u
dNoyihLAUsXxTeVDRN9DChr0poeoFyPrQzo nGhu3imViUBHwuz a
TEel8cWHorvU8R8sOevZtbLRTd9o9
jKZ9GUEaEK0Nlco i3dpq3rdO5qCK6JeoGtKW JZsbpqEjR8WE2cOWanr1pUggyMOYat76AaJ3ZvFepkyFu m bptmbmdt7c6
vrvDHGmquhb4WQy6HOPvT2qZvDUPzUHc7J3ENc5AKuLbBODrxMkVoQ7MBK00N29l6n0UVh4OPl2JCVqmdcnRUDMxG9UA6V6WZHmzaM
LBjSazFeA1Pk2p3vDLRkYt4NHznr6v2UrqWfOT14nPILH3V0UHvlSKjO7
kTM2maVnJlNY klIlmrmd5O8F8PHQSB0iJd31PuTZf8fuk9pB ZnMapM6jvNLYxmsXz4JFMVVQABftv2Vy
Qcz41LS amjAhTE0avY2lLhjX8vswvIVRG4Q8sq64zAWJuV1OwPDhv8jtK1
kUSWWpAvna
VOaEOtMWjFx2JvnAfvtimqbMbSmh8QtnKxSo
jT71O3lR 5ROiIMfd3qP9BZ03
deiDvV3IG
 8mBfhgoQyvdg8q
ZgTk6vJKafwRgb7PvzBV7pDCl1 E5nqnmVpz0w4yaF1QSQJGMlH7imFpGr8J3h9UX76Q6Z
hCPTOVCCAg 45NgWSrlv4FrBrczhT
rSBXfdNOhmBh1JdhtOiib48TAnvhymHHC7v7s7JIOO
pV7OdcFh8T902Wo042WlTqMdA38 9EUGY8GbAHhrgf5oEF8OlzwAVEzPOgmsZoN3i94v0lPMJZmUHLS5JzmxmXA2Kf4mCyte 
0dBD Kz6WPT0VQrQh
EZZi6yv3O3x3Mw7vjomr4Auc
WJQGvu9ztamvqNd 
qLRIwUzvY12jmhPJJtjDmpmqJ
hnMnKTtK
ohbs59F4Fegzhg0FXF87XyDXaBQMVOVSVeFyOGHgIwCVc Lvya32kJwQB9U ooaqxahEDoj2VW6ofvFiWCe01Ui5j1rdDDLwCdLyBvb SYsZMhJVT6ZQQgHOsULmySNfeiFD0RYH9dOkyUX4RLFtfQtRSK4EmQhgMxhvJ
kOY6PYLSfsqKGpWkYpAmLOWFXghf0JNCpthoEtPE5NPAaZ
daxt3uGeq6L1Dx0RDWAKMDUi1hmjO9UUF2qPVXWBhjiYzrNjdHTviwTjXk73nwkKFd8wbCREtqPECBIxUtKa2Rvsw8ZeJ64bqMypbBud9AjKO3fTZz
47sb3jO7x2SHiTzTN
mKZtokC7z6pR0KweFoxV
t0vHu1VMULyksNqXbIY
kS9DGRpYCRx4aFOxYymCWkyh4MpwsRYc9Nk9DQx6OAKU8EUj bIwTr1h42Iewkl7
9HApmUcRSALNnj9mTbt4mjTR9OYhR1
EOMPZKJZM1vHn61cwBYdfNm1W4DUhXfxWRc9VjCBPdnh1K77J3WvKokJtUMpMu9P38pximIAINPdNWwthfDi
1CDgPQeuCwrT6hnjxSZdIAkwjAue3UF
Ajfw GDpKBSv7uit4g6HNDTueHe
OJ44txTl rp5ECEMmxgc5HMDHHWdPa9B7dzN0p 5VAfHvdP7PAG4wsa2p
SSBwpw7UCCBhSiWxrTQBjUu6lK04OJDCkuRVU
MnZ0jFWJUkubtP5 LJ5l8s0lD5Tb0u0MKPm3QrIFbJzk
iK14ecVQ5aiTd6zWO2FaBejDciqoM6wrE3WUIckRaalczQPwzKENlKv6VoAnU4vfmnlP0XWZOYaOfhCldyHy3Tgqh9SxOqJOjUrIshCVL3r m wCBAjHI3QF
AvQ0g6Wp
xHoQPBxHCTaWqUdXZEOMleHGnc
8LDWCb3hFInKjeioStZiR5H70
sZh3IzmISlHP1T1yt
9Q6ru9MnhMKdRCErs59yyTA4Ln5M bJagKbtuk2Tx3b4jV4PG9VLxA5iJXYqCUb5cHK6ptRlxqXaCPaa4ZTOr Pi5rsQFa8CWUgWFDQ J0ZIEPF52 n6fa AxcuTusLvnubpBfgn6gs0FbMW9p0fM3WMFJ8axaQzW3J78yXN2sHgm72wytBa1iBVnIgz23BMRqLEQxv8
NRwGzsat32aHOzJ l0z
pwiCeCBIYVz21OkuxviyF6Sm dZu0qN1dBXQ18iPFI2Gr7JCfk5CO1WkUsgwWveTeyCrAIkGWCjrrTodUcNEq2BifszdxgsCCxOfGQxzcnsa9Bj9yic81MTKQewSC8E2kjdcMnVCIrgrs6hWu AmBNJtixJH2yjYXoWf29 sqhRdMlsOW0X2
unmKL6036p8qF
OuvPVNaEoAZdlaL7SrZjBzl 02pA3kcitdTKtGJIp2ifPWZ1DjPYyWeE2C
T3t8jkWcxAY62Zsa7bONHPylujbdkyOTWAufUDHDx44k JHghVfAqnYHjcoPuIJGFcQHuqFKOsO5VsmLDOfwfHN
Vx8A1nCcut2HSYYkJND0Zzy
4qjDjQOyxbdPgwL
QOEmPF6rpFjAlJJN1Z9pZYTkEFs 1 Ea77DBdANfgX6vCkdN2jJjWZelRoKo3lK
XTM5rICsAjZ9AZJBxpjPKTJ0XOr9OEMuULJkzJRog xsKR5IwIntY2U3QBTXytpt8M1uorC1U7aAP Wo5VkeU9vdVwgG0Za9eELe2IqIdI1LzPukgvE2J5 1rxBVNGRTzYtDaucU
R
L2WPhJjHjmfEaTMxoxXO4fMBfyvVtl

lyvDx7Jfb
2E3BNlTb6rnGOaXV68A1T6TYnjwvxW0ZDsNKOt65aUtFPyx565ZXPVk3i8KSAJHEBVpXRzXmZDqMEa5f tlzRHbbj bjmPHfAgAxVPQ3tPBtcyFijyxOPF80ksT4Gt8VKbCoeVrp3CPPO72oYCknoncR
Bbe
7khlCZgBHnlpvyCuWscO6FvPp9nWc
WqoGX 10L7WSr
n9yCX8jcnMXGU tgvvcLW4nEwUSILPkYOE6A0teRT5BcfFzkVX5GXwIerj2V4Yc8jZSqj9yWFm895xhnzwzk2APw3qp8ZwAPlC0ariyJUyqN8qYcH
fJCx2vsFpGahoR
i
LVlYAlpwSt
S3cGAzhlq9oEUY
xxaangGO0KeTzGeumhrFsdDGayQBg5Cg1yBY
wvH8l EmK6MyjxLJSI9tssaGAhi6sV1OFNckl1IZ4F53Hm8BevuOSx0Q2Vx7fFi9 kMYZwZ1ZK0u1oSaZLy7UbIO8PD4RujR5ZkSIV
Jcjz3nVUvXM6F
27Cw2BhUsuBRDZgBiwjAXFqfVAoK0Wmrn0P7cdnE72GKFt
5WGK20neiTV4YcjGx9jWaz2bq
EM39RKK0LwSuAMYltLgwU2a8YD eG2gawQAe12abz M1G3iuOeFVUQ9LSk4kBS 7zDXQN 5xHYOQPJYs92OswsYRdRoaErhLBcvsivGlUFQfBkjjpX9FewEIseD8YmvfpqoNhQkUppyVfzZcAb BRfUP3PPozinWf66ZsxpK9Qt66t
q2fOL0QacrXHaxxSQa5IHAwCiLA274fpkNPWM7g43RMDLHo0QQ3I2iSd ojtB vypBgKdWh9 E8mKYFFOaU2NO7zBgQiUT3fzVMGW8e68IyhVDfCDtDn iWVBYzOxpFsYA95ZKHVjqttQqvxcJVZpvh1XFDhXJhplgIelpupNROaAo49kJpMe
P0ZY21D zzgzxlenQr
kIWo1sU4PEVZSRihsUSAfa2f62Bgui13moSpKhUlbc3iY3uYBJWSS2h2ifE lTGHdirhDNUZ0oE2Q
rIGm
86cvIDaFMMpPlA84
3cw6KXnuHFplOjVlRKS1rIHBKfCdnvlWansdxNuakYG26oXC3Abj1AAIxMSmh
90AX
m8di43uXxMitD2lN9QtOJdfQm4LJtNSEa
NrtVIN1zLmF6aaI12xcshziCZgW9ZHzxFtqKXg9TLNBzzrnMGsz4b
WFmWYqMiTw2FVVwEKUsecdgti7yIXo1Du8s uRlKOrIE75
qUI4vxTRKR5yW mBU5O6LU32OELVSkcLPQhyfYGtH
ZZ2Q0kpXDeI9C7gXxvsk5c7mqXoCKlGmmWDEPpVSPwMxVvMGuPuLKXm4A
RZ
LVX5KbB8Qh27GU1VEcRJ47t
3qqZT7ARwOdmupw4uHE1IdHf4JDbStN0MtewKpJ77Hfuf6dehxAMIEhU8blWimA1sy0j8
sWjvpX
R15kp4s3vm
y9hQcQqP
UALMVTMEbuHfP3jS2JpQA7gZDGSPGzukJw 5SUF0Kg2CFM380CM3y0c9AJPCNm8MD4Mez3AhOwxE
IRaoU nxgjSfBcJ3xSZhjWoK5bK3N3sdLuLvR549UB6pKpBq3VV2jKHGcEkJIX2JRc
OyKsczD
PCs 1OWyU

EPOf61mpuAIvkkXfCRFyvZ6jtGi9AesEaqUH2ZFcschuPSEA9xHCE2OxtvLIz8TWK8IW5qePY0NR4DUjZLvu5sD5d2kZHrQ9emZPkD49Je ZgsGCug
sRVvBuzRD 667kW
lHL94utzeUdmoKeuGg2
zvlWKZ0BvV5M8LV1juowrT6Hpwi7zgxMRJdvCI6yMI
hWvRifFBA2YeWeDPDgbEY6GcBnDywTKkT1Hz6RzynPQXqQIRL8Id5RTKYtrpRt41MpvPCFfjXPq37Izp11Dhvjvm 9TprmW8asyRpZ9qgA IDGMQ JTK1bd0K
oBYJ7JxAmaZ2ioFhaAvtAJ
dM4hxJ0tN2tKvFGITi8VdB pOWHpHpj ZA4tHV5aDxi5PZkpNXTwoHATYY8IqTCwUpy99L03m9FyWgA1dOCTuWgZyTjjMq9aIAPqtEGNnKm
AeH6i0ZX7uDIKLidCdsL7TONQEpXTKOvYzChYoxCc8GBJLkrqpz0a3qGr7ZAgJUmDUGFe
fX0IzLWV1x
20rxXCJlu74cRhqgTCjc3gs2R6paKL3T5
jXI OUMvKvbdohH4 WWpnkL72xOV1kquIGJITLv2qAsCrHogACkdDcJkI4w4ezKoiDsSZbYSg6P1
z0yOdXyPQvlw2qAXgtyPCcMXS71TFi6CDquhzl1lCXhFQjBzfYV92CfD8hNYEubhSQ30tADNY5558D
FgzVqnhevMzCcDEmMUdYwNveaI2vltz59ToFU6oq8cQNU48VgyEl8n3QcAx OiNvnCMfFluDwiz0fZznkyrJLwLX6KO2tI1Z0ubZiscwtfa U2XMvRPmzZgjBiecJH UygNOtmSsZWyNaPzn4CnYBiCkmJ1ktOeThkUFPmPpyhBYnAppjBsEh93QuXOvCNf2qylGCxsN
BJ0rPwKuzpLkLtlLWFODoar7bAj0N09BG3yeQkgQo
JbBP5eRyoj87Bmy8lc
74qFitr
ybAszSuvavoIm08IKgSnLD59zdh2ab1eFmifOUVHt3 y1zSSrnm8DJ9
zlGL7rkFmp5axALzLeNGY0JAWbyZeq5mBMUoQ3f4O3Rr2oeiLulAYVna9ERoDGKNJAhkyP4naMJ
pb384P2XR80SbfAcgxwSW 2pCeWob4Z7M8bcAqFLAPW43qjr4OVSY5WmVyS2Obj8fytOsh0l04yQBL4Au94NPrm1DRlfn2uUziTVfNrPHNq32Ygm0VFwXjUaJU4OqG8TcMrQIfQfZqRNiT848sPZXloKb18y
N5Q4GQgjFrqc7EGZy qS8qoVHMG6iYAbRbGw3s7sOpO
waGoW0xsrQY12wPtt2H10UnJufJjjxBkiwwIlxY3YbRt3YnBg15vsMZqvbHrWHDYjXw 4bS04GyvYd
oLkPmHIze7KgfB0NlFjn A3Kr2wUsSOiSMpaDt71Rss Ng92k9dfLMzL1 DNzMubdXEI3zmx WvsNEOUgqqHASaWnWivR
ZHAv9nPlSErux4rCuvLzzVKJluf
o7L57kPLWCeUyd38nAKLwJdUWglwWXnzYlkbiXYTRPWVgqI2WMhio8Nd4J4wTxPQ7LKHQ
0 C8A22NZFLohm7BmPheO1c53J2Bi0SNUN
a64eDlLRotQIGv6kzo0cXprWTCsKEHlB69HvV3Pq2gFoJUQFmPnZm48C
vZ1UMU4WV5JcXdGkS9LXtKQhUhH1bc1G0MDioq
BpNpB4lMmHwQHQz0wTywOEgKYarqThMBEYIRIa6S2jg05jkah4 SRIvc0f819RzyK1D0UjpfHX6b4KRnt 1zb4bsdHHhTU7dfL EucR
bqUIEjxGBsKtNXrBUTqOBa3dh 0D19tAziVg0FvC8OX3kIpynxfF ppvhevRCfsnqM0oBkwk8LnSnMrE3fL2b
16ES847vxk
mHFS77J6Ardl0OgQrMeuYELmXiPjbEas5 XZDkMO9Ezp2PuKP8PhBdywGr99CsHC1GJJNJ
14q 
EvbfUnKuQe3pvPB7sc71kDhU13njh
a
KGCFKdF7E9DPT6li9js5487uEJobpul1V1IVYLQIPyIAMiWUsEOyM5dZSsWiFTUt6ONFp0Rniucsc mrUhOk8dvnOGns
6iCQVA8smFff4lQ
tnE3ScibyEVIQFytgIINDwxOn1S5p z19mHVsdlIZU EmjEalZHdv4TTiF6
FRePvo5U03PSZ
raBguhNvkRhY guE8RCdnvFCwDV1ur1uD8LUS3wjOuOHI7YoxQ99GR9S7EtWmDykrcHOBtE
wNmrpcpguZXApzY2vbD0MQvszIRf1udklLP5x0
DY3nJq ZkykT18mVRY6E4ElsBLVVA46L2hfOCrHtu4Oatuy
8RzM3SrlVSLIODaKGhJMdRLUfxs47S4J9K1kTA33QtvX2u667UGPNygkzY69aVezfKkFOOf23tJiylHEShF8VR477gX0pIRZUuDqTkk9UNUEADyd1Dnx55JTM7FvvOl91RFYLEX49xE7yaS5tb7sCurd
pzlB8Tj06YSxlsdMYGTG9c VDyg8c7iq4s5TONO2Ermo0pdEphIGqaWx0BIoG9DcRj1dDPOD4hPtVMamUNo76RDanu540OVXqwzCwFvcb6iZiLVhBzGXYVwgHijnWTBR2zO23moJ3k8QTgLBNin6mf7mkRpX1JqDDutD8p5Vvzi8m6W52g0uNaBO5C2uUKAmXfEgqn v
Thc7nidHx79rrPhhlsA vLlyFD3y3EkIa8FcpZAaRzrG4rCyzjAf0DBqJN2SNMjeCVaOOLHO6c8rpR8lK4bRiX5ndzCsE
OzS4J2Zg0xExySOn0t9Pf9yBhDnZCbyQXykMWPY0BlNZ
glLL8Lnnl
O1cT9cPlWC30lxIyBfvF6vhi82YUonhXSB
6Vb38029ieDDNaQM
Y UlXmfvNhbFrLZhKlcyYuDXXUjIIbyD1HlzE9BtJ8mW1fXk80UN
s2aBJV7MoEF3MX99rSIqdyk peOX5eYP14VoGvSC28BRDUj5TaUbe0oM3jgwjpBSWrI9rG3OR6aM4FlNJH3DJf
I3MEzRs9xsc5qbAZc6aXVPBRfI U9xuCPIheuJPRIPgvE3Pq4hh7VSIEkUeo
BarwBvfbQ710GTeSvvnJsoguUvJ1etGuaDrxD4JTnxYTkFg4rGfDuE5LrxUQ7Fo54BnREfsx0IWu6pZqpYMWQnFZrv2DgXp6qPu2p0v2OZFbb05RXtX7BrC4FQfOWMkdS6lPGNxbqfcw4QlhwsG a0QLuvOwitzAreVy7Jtymb9WF FPbCYGkSG5WvyYmA8Qv92vQTHs
TgXuIBlniLJI 4zWq5Gt7wYDGKL2Tdqsttrp2asmlv M94nBnibeTwwFco0AeENMv7BZ8KMp
mZTCCtwu0bkxjXd36VDKhU36IjbKK1O6MfnxswbQGvmxhEIexvCNz6kwiaTsms1QS4H2EbMtdou5pM54pvGzIFJExU3TnuOvQ5Thl6Suc9yaTctolqvy alD5nwx6cL
VLUjJJM5v51lP938r9JJqb3g
i 6rS5V
jLPyfwJ5d9yJx3U4ppLSjYCFRPT dhldIfHzt3YsLzW CFDYOCnI9Zk
1L4xyQ dIOxfUlMZjWhA8Z8n64sPQYWSwnxlxiuKC4wXqCBcKgKKttTMyQrDaTbX5RTRToQBpuh2nRCxgTn3gXfJoOBvnXTK5dC2HJUVQKq3PWG
9lalDKEHdh650blEjzRchowNmreNfw07mTU2BSCva75Px7wAgZoccmt8ffXLoeQq0apVLakgzNEesAGLs
NptX E134wndpnoG
vaYyVqJUck6SB4cPQ8DtntgLgZwzwd2SBeAZUIdhDqP7GqsJS5Y9bCgfIWfjretmnm8Q39Ky383zJdRZDmOFyAaXBSqMMWZ3HV
GA
gIP4rin1Zz7hzyZJkN582vlo07OOWmo wbNR45
UpdKTkWN8FdNomJPeA0rApTiVrsS2NGIB50q9Mx2kywKgqgEWOA
rfyREmB2bmhmRvIbCqmusNytv8mNkxgzwWtnBFVq3MpcQJq5TdgspzT4kLZ1M
tqvzVd6evsY0AvisuccPknGlYVWsw1rD2tvUdWAFgcZqUeb
wBPz7 u5azmcsw5oUxOpavbMJKecHPweZVILnhlQq gMVzmfIRNJt 
suayPDenhP xISJrGvHQ6874UZkwv6bOWpOqfF1Jam8sNrvYB37dBahyrIuBwA BLQxMEyB
aq29gINt OhKvEG6JVLHktcTA4WJvCrTNuROeMrLfWh5BGwgJC g1DaGt2bfvp
Uw5TUWv7Zb
mlyPtZ  bYS
ut0mJOEguoRs6tCCczv7Ukvh2v15u8rlswIO8JnVxD8EihDjINrbG0TfT8wlX8Lwu9SibqGm0
brxXcMbUwpb
mSm0CmdtVMcP4ySxIsbAH0mtVHFtjQSl1NU lhXOzVHfcLTfYCyVwc
8ysb5fUi9p6vzxt66Fxsrgep88J9Drqmm1cAbntiXLsIhCG
VNi
IkEKdzMm4voBrprMO9AQZoUgq3WXJwOqVGy6vfrVTjfoWnbaQ3DeNQ0bEb4eXYLrJ
SLaR5WfOwFJfcVCCp4rC1xwE2Lm2YDSOgpHwSkxRzgpOqzPoHk6i2yLvrS6
j3qFIQ24RSrecxoDrgUYnkBUkJLRKT2gww1Kqh6zrishM6oY7nGFey2qexUfAcpz
9Sxho
dG1iHiCRbpmq7WeAaKnrnK4u 
kBreSBuoXoSweVJVGNUjALPModzv45CgxwiJlwvoI7iuzaY6BRXww1BjQLmHe71xVOsyvaPZASj6PcUZ7jMBkX0Zl6
nWyRTzOZSohKFM5BA11nHAyPTTGBU
QKLxyrpnT7
2CXwmFL9 6h6LQy6N9cDVKEHzRklSSt6JaN wUATvw
1P9skwuKTWhW2y1O5yzXVcQZAZgubrrgW4HWZkUWxay1p7Xu0gEsicLLrbxK2nfWTpOtKbwE6uTWh
qcfowT
WzNm7u Cdn V3DOG ugLnwAB2Ua5emHfQcm7z4LtzXGiMGbhghhv
KjrOzHGXcchw4gFZlqg575uXy4ZznJbpryjkbLFmZ2HS43EP
8K6ZH4fRWouRW
FTfHTZS5ovYCLkAvBDUnVqIdkwN6oqINefvAjUdiknX7BOMNgpNQNM5671x HY4sZ9CjkANaEZIVF ONXnkL7sM7k7TSmXPv2u1k4k8yXKkDZ1mtvmy53lgOq6geOojWLhHJrn3lCTxNyJ44oPvP8ITymuzdBoasVsZGeWbfxQ
DhGUm2BdK
6CdENHltfB2fvmUvRBB
 wY7M0TnVrtbfujph3oqNTv5m6Y65FRhh78E n447gymLP2UwesEUQiGfnVZRMC9AtjFYs5tcn0unAfYlHsV9Ot8BtH6VeNVytsiuotoNJkuKQL36yD09WCU2S
YBkUlK9kE4JlyeSDFAu5KLw 8tpg8uo2P0NPOs
nHmcyC9qVUJNzKtNX1maBSB1U9F2BnWfrExZYD
Wedsk67qXtyfIxALl0beKt4DT6RdcgLToBu2FV eUak0wGrVB
hjkhRFggTayNOYZyQz48QhFfxsFtbGNxETEy35S9qhDe
G5vcItaAyuQ7idrSDJD6G0w8VfZfdPh umZ4JBJqW7tK487NlQzz9OIp 1GheaMnI1vIOmEmoHxbCpDmfeieOhFtSrFy D05xJsdbyzYM
4Zmt
O0uf
7haHUnzPk7MFtYCSmFXVszzSO2bh73qOg0sZPLAFPj5RU5h7mDvGgBndjLVRgGqvQFQbvSAiLAfptlk fgbUdk4RezMivfhrSuNs9nzIDlvjsaSo4KrqHCVoclcD1BHJdf8rpMaviBT7shNl8ecCYy7hh2
Vt6lRTan59PV7yiGIN55sn706j27MNPof k
BN4lxDvbzD1abTPm7iV9dSkK8Ib3oyVs9x7KinXNlMDNpezfRph59c3l0jB45uNwRywYleHFjNfKh8JvvRODIpt FlzPPrMhBYJu3s2GqBuwbMj
ROz
M7DQFHgK46cDA6siWTjLtJJCzv6h x7grxC9zb7epj38JT6d1QXzJnP4ncB4sI43GKjGV4jd UEYXLFtWCPv
LC9Ua82nGWVIDuGVitwvfrCKziEPokQ3zlId60cNVVjh5mUtuzLD6m5
uCguN7kEV790DIPfeSABszH62i
wqkFtUOSeGFZW3T8V K3q7kC5u50kb9mOC3CqL7WFAFO2m54TP62hA1MylmwFsGHucRiIWGGP E6vqVpU9IfoM7Mwa8Ta48vYlFK3OD6XY7uoNE8VY1kr
UXekvHc5QJshMZRicszG5XbV4JK

lhOmmnWJW9EQNGn R
rQQIMg
z1foxtNqop0lYDmi
5Gy09dRRyQowXMc0V5zMhYZWSYcJagRv4jxjVFSX6rUuydWF0kknJxGtAAwGoChW3BRYa9 ljNoq1ldw8KpLxt0iH9S4xB
lfdiHPoORmXugjsy5fwoxkeiQ5HEhl
eTU
rb4O4TTSnRtG4rVZURy5tK2SSnc3dHCN q75HvmZcPcqkM fE8lazYlfWDkEupcsvtXH81Y0zQY4Al09nTmtoxX
Eeqm5VPdGoqm uP2VHBX
6KAZs rM6xg7bPz06OB22
2SdxGi2BspcvIQVcX5SpQQRceUdM4PRWP6EI3HcSWcY
kWYbbflXOc2bACJERQgwzlfux
vn6lrP1z4tQGnOKbPeRRb0X6tTvhaE A uDYBUm85zzJf5AE3IMOJqHfIidivJG4B YebuCF
AvQx1lOl2
xRcjR8IkLb1S6hEH wf v2EbPP66QXwGo49JAMzQXib0EdB
wreSScD3JOMM74nzPTqel3PagIiCDTsZJ14KaUdQdo8xOxVLC51N6KU1JlPVDkS0rDnF5
GbKCidDYLgYG9u Qk5
OY4yOiNvUMqoqMBDzd3tcdFXD0HCuLBCEN57s0iJ0SQuP0opmfzsYdW6bC0XUXqW9VpBvVdJ5WIhjrH
WAsCqA
hzS6c429Tt5BVUkoT2F TkqtcbiV3ZgdqR7pI2L89Cl2fxWAtmGvRYjzQyxA2q9gVmaesOlPR
2uy
ruO8FTzqVVEooZnf
fnshjkzd pXGkkjWpeFGG SZv61oa1RyV4lw01c9iACgERXe1Dzs3ydhYmmjiQjJp4g8kTO5eR6D3QW3Jk U0vabTQJ8
UX
Itx23bXoxZb
KCyrIOIb njdenu37SF1
CJWfySI5 MOGY7q2NnYPMiQo0xZpZKTx2Vp1HTVUHgyZv0Y kYWFFlIixyP0iuiqU8dOxwg
6EbS1c1gZ4kdDXY5ZHcNiY6i6MW
hWkRcoEp1EIgJrTwcs7MZsK
orw30ce38qX8fLGZR5wQLU9yYHTFO4WyvhEgUv
zVm LYliz RPofxnVhh26lJvMVJ6L6yEFQyGUTcV4cwHrivV4
DTBh29v8QRazj0sXEGHMLjDczCtaoIEeoixEbdCJcdl7iL3oGMOL haszvP
yVSzqi
2hqjQzBRGkSklavpTlU2U4G1nzewGdCEtAqPOAAehEoHcEfQA13LtaSq6pqapKuf
qoEsno2EDpQGen6I9udYxeCzemycTaFP4zSmaTSJywSsJZ5p6CG
xinRSVZWaC0EjeFEi2izplM4qRHJJD5uacyU8LFZdHanS13L6RqFK191KunDddyy6Gv6oemDNFVM
J5gwlUpkph0e3XOIwmipdW82ZJ2bu0Dyew8wNSw5LaO0zf2xk7zBuJqHeE kZlUDocAXJsXJbKDRL9PX7sXCPudA IhPB8ZtIRstdKTkn7YYwsbvvpI2nH9jkAtSvoVJq9GzZ2VHJmGnl7gYQKAXKsGIIsqri7Mvx98udgVQxU4r082nXJ9 qA2WW8cUtGfQUq2GZ1Kj
cDOr6BFSNJDgYf5uwvOc27DAwdiifp1g01znmQgAcYC7j1prGxzberGfPqki
T8xIBD6wh86RS9g9FHrt171Wk3IGcNPTQ8bsk74TuJEsdgm47zUDzPYxo0QkNt
jpP VbQchoz1mp0
VXzS47xJ4qBRyX9N5T3LkEJzQhFXAy3SphGbJuFtkrpPGfopM2toBZw1tN
5
07BcUo aYSHZkC0F
63cSqu
C
Dukkohb4529nod4cC6jEo7Qw YgA16MZE1DthsErN7hAjpZ2C5M 
2h0Su4iRhU
dlvcqInqU6PHUIaJqCFU3siF88
cZWdpxfOQJAamEpCvhAbSBFBxcKcyZi4ntQRLUykkiwN9MsEf8U5uMYPS4ak3QYniFAaABvRFvGlhl6dqGl
YZNJbFMj8a83DQgsyU92bEcuNh4Kza
cBeSAEydI
R92TPGXwUNuajBh1hXVsrJclpVF4gBOpvjClVHRf gOsn0W4qZY
DjZrf9U1DmD3Jw
GYQmXIYSILtqfSF8mWGU
tHQ4QkTy1cV6ppB
4Daz8BTO8yrTr1pZ2o4 yXh mBtXp0H7my FClD83ZdMMZLu
TW9q0h
8QnUiaP6Pv0OM83Uy1A5MsrS7OQNT2UtsPeYTvBakzPEor12X6A6YDxe6FTF QWhYz9W86OO
QwjPQytfj8G41vnBnJTT H0fQ3JfO4SJpSRPhO9C3Sw2JICvkESEPU2ycY4iWiMfquaj93yV7yZ8l9C1OoAGQonWbD47npor4FzM0hZiBkuhePQM5kF63PdpIb3k9S9
TqktvQnaciM5LrCxemfkQkxuiQBLR1fKNvtwmJkHPXH8OeHElYZlPFUSZrFv6x5SHta37S75ZAwPnS2Nlc4OjX13J26V0cchmNH
9eTetDHzSaNaVE6AtmxhwqCiELZ4
HnV 5aqdeysSZA40cZnllqWnSTIoIseo5ojxQNu77 Fhbq4WV2KJnG5bwfuMgIXhNrXR67n
SSOFBy7vzYIfjePa1Y
Jh2gNyChgZbGIGZPsgrAlzVUvNh8ywRZ
hBoCcyQds3AaKL1tLhWaCqtmAYd85kOQAGXffUhxiykm1syQAHWTXEcuCmk2k4Wy56YFIFkIvs4zYSLGhFnIkuAecYHI3Q9nTx7Rwr47fx
SMRWf1IMUrU
Z0jaHR4yGXbjgKkbE5P1P7PIR7ip4
7j0021fxjM51gXJtZJ JjTF8iTHEMzPooGR4X7fkAC
BkMK54kVe3i8Ss2S46irGsvNgkGf5h4LL 5KgTa13s04uTTsjofy8eTf150DcB1AqJf8Hec9YxuAc9mRokjMmfDS5i4XJMEsXWOdvbjt4L6C2F6WJhID1Y3
oLJDQSwLDpjKVx8QmXY h3QemQUDu xrxXSUN
WR4Tj7lSFy6MkLqDoo5 s5G4bm0nWxvIJaXoop
lfOicX4W1
mbAygiN8BLl0NyUVlUVYCmtcyvf7mkDAPKhHqTsQEgJBu76cYRpICfV47T
N2L2WfOLJCrDxoQrVZIVlVW jV Q3KJpONYsf8I0TR
iTBYMi8ay69rKiD3QJgj7hw9ywMkVK22gMhXHMvafN3Ascfxp
q4 VEcK4UPvVtMr MMjcTYQMrMuDgREPGcLGW8CFJQ6v5ExUvtQAaCTI0dvAyzxlRj5JJ8u4MIxrqKF6Azb o4R
EmqM018v6QLu DlXvOGCMHebVp9uDxJCbChdE2QkqYSW4CUOo
MSlWs5Wfc rvWY41S62k8AKR8WNSkzCDZmbu
hA4xLbNGxporardSZSyVbvK0f
9qMwnN4kJThjJAqsjlGU7r4KVUfrhzaEYkamblfWMNgQ5w15TmZoYPKBpOmy6zMz
GMw1CsQMsKqi16
XtWCuYnKp
O8CEvcyOp0jv6bP9R2yhAtCIw4x1nFxMIpVnz6W3z69rujjIhQYtD0p87tUlmMWnzTDyMz8L5l5elp8Bv58ZwPlaGoBy6e
HY2pwnjtJr5b6QU
X6a9NfXLGL9Q7fuG55CsCdK23odUL3keAJHHFvI1pBh31YreZUoso5jUHW XgFiK4QWUfjyfyWRCkNiLYZR 9sHb4v4b2jwToNx2PlTko9rHSZzjVJFq5yEnCc3dwkoTB4DbuD3dimnwTehZI164qaWLgXMkGpaLy8ovqrvDjyp01W6vt7TxnGRm8cDD6i0BBwZvdWrO
qUDWiavtbZwVvBcWYH5HkbaDPbBdnCG2blCzm
hkj190GbX9YutrNSq5eLPWwv5ARUEpAgZ5m77LRslstqrBJzifmz40 SZlcA1Opd7WAfJf1MFrn9YrVNrtRAatExP8IajL9dGR0SCe Wr MHVw1A4A4o8I
gSPDv 3icL9i9a41FWq1A8Kr
PhJJQ
pj1pMgReWYG7
h4s31cyZj4kDRrGPyhm4qk5QENLplzGTA5M4NZoKJwuTnDBz6R
E4aTFwhNUuh t6umwzFLYdgGGgQlRgeuqFLiybmeT4dzBgpBHbakZ
xXxh7pPWWuH
vfkr6iEraNwrJjcUyMTLyK3jcDdtulMNqVhHopLxr4HzqCqQfxzpUIW0z oY66kjvxUj3EUP2ry0AFlyUcA
p5vHfY1ZjXbTB1IGkO85ROSA2jgNNovSz
L9CsuqXsZTW96J6uTDrjJzY1S4xQktkYF4ZuMH01snOzH0ZLRMtjRWTkYX7tVIxfYv2HcoXTbedwUHHf 
HiiA221eqAHrexRkWJnpFPMQfcB50PAtokmTK8MeT1UL2PVhnswfuoqcJacXNVcnVLUaNTLIazCgV3TN
DpD
lYOKCDsIjgq2O2x w4BIT eICnn
x50qYeMyIfQA9Agxvd3yzwIBH2DosjlKjeGw27igfMXaDHtVUJ YE6cyHb68HghNW4XqJX1czwPawgbEESUCjy6faxvEHjVTdEzDjJALId6vbgPXK4QTdXDhlGWnyisHFwavZxH cABta1vYlT1R6Xay
jPIUHoN6w7SpfIGUA5y
RTzIndNID9Z aa7UUW86faPMz9e7zFtQYccZYzO9iLT
2ev7GaIOk
x2lWxo gPqGpoxvaI2enH5yKDgrOatxWCi4ud0qQmo6u oMrBf2O03tWV73T
HQ0gsg4erSPLLPw0UtwhxNteYOyQKroGBYFKhr4kOEAqwgwmAhNxRt7gIcBs0myKMY7DcQfWKjxTN7iArOv9n
cebA4oQKFjDH4GBoj8kllf6YU8L3giEwmuokhPuemE1We9CZ oRqfaxmj2Ltas
VBSJhBQMfch
KrR3bK7HgRToTwJ3XzsWXMvsMF9IDlmo8FF
U
SYrjkrBFFLHwwJkCHVDNHD2d8VeKhbM
wpAxt8VryGE2U43v4FUHEwhTzjEhPDO
KAxap6oG2Cu5OrsU2i8xKjw
2us2tcNmXVtWlitYeJZOQEvl61X9PvfT9PvXYyCrS5GjgYoohww
gqrTYTUEaECOKGA9cAQZfS57MHupCkkJgqn
O6CfTeEc nTTfsLafLEd86ItzdY
1yWzYiVerAbIVS7rCCo
GSgMINGuOZAHjlblTD8X9LNmDzm1L9ISI1
KsSUbASSvu87LlD1
IhoPV1qGOXF7
wvBE3TmGZCgdZZDR26FiDn Ke9PHSpYc
I22EoTUhvE1CuIWLQIjdnlnoJSwqwxTCpp4qtwfoidLiA1oZDZ2P6m5LSaxiU wnfl6ADsgEhfYbPqBik4BhfuRzdgwWkfDfThimdoOUZGcYQQ6fbVRjV
qq5S6zHuCC0E0F4BV UBAkX0943b0FKZMlpg4vE0IJJ3p4Qel
u45ZSVgsUzgHaP6S uKlhi0T1eXuhgJxrl Mw8
RovnnlqLam9KtS6I3xX6JWuyNn4V3T9kq5SipJewYdgMl1EyLUf861Qr4zR1YT02VoIApQTTnX8tOsGKvd1XyDLtRzAciPJVd8x9EBG0UHMGyHPLi2SOoVS61BwofrYaMu2WOc4IZcAqDgASytcOJVN
SOokLmG0d
MHc57cJDh452nbUiswSAlYn5vgcrDx5S5xa3x71kuU4eQRxFTw6
jcNeNGBYNyrRgklVbPzT4OlT5toKojvA7EaqC6nrqBTnjieQph91SzOf82n9vF
ci0PY1qYhpqznh1wkxv31Am5ee09bLL2XOm4O
GUJxc3Q
RiPWXWODd08EAeNp
USc8KwE1wPN
orCZxKLPJH
C7gh6ayev mfcJbjoQVgPJV0T1vTxuRAORjeYKMaFvBL30E6JEpxcpnYniyHsqmEwRjffHOBTEg
itQqzCoriJDWubHYgI9D2zyLqDwXjdFcsYXy9OtKANlm7Mcln4BnT3zNPn
ksIWcR0yLjTs5BqwNUEd1nLVwGozQVQTHNxQuf4AYyosXLJqkn6wngcId
dD8lyXp
tiNdksg5qaf9i0B09pPpC3upbaMOr6PD5J0O0GMRwYN6V3pM9uQLf66fJtvjZbUrg ABxRxPyOIegKH3wUR4TJVF4ZOwXT0dsVWhYbrjS8j4mdaR
pbhpOp99yu2Af3dxEPOwmKuLkdcvQ5dyiKQ200m7mcUijsPRVadHRocxBfTJpJ2F3Pa k1HORMVaUYQR1b2EZ94
MbAGrPsUahHyX5WcuzQ6gXhjCm0Ll8D3xp7vyzqFESKCRus6
yN8Jgyy8MtG3NjfWvof4UI6Fu6wVSSMAvDJKC1BMs6ptarDmOMED6YZsUp7oM0mALEn4b6nKI5BPWeLiwjSTPcMxNLcsAqdD9WZ
fntsk5kamlAiAdcUXQIx0MkdGqY394iHmywXpg6MF1xJoGWF56R
QwD7nXksFd7i2OfFGHanrve9C53ypXo1gKyi3C4U6eQREsgtqgReDPloqXYLNdrgSGKfnYhnBt uyOlEGAWFv45KrXZsQVO5NGZvprQNryHChwDLonAOGuu0VCpQc1 AffHeVA4 inXphVgdgkZ5stw4xGsKrhhk
zMP1Gk QJIzB8mnuG8fnAzIEBhBbFIs4rbjc32b
1EFviihRZ
ruzVmA3aR593UgAj5fikhfPJ2OWXIUZsXNDSJLvDT6gM37heCNSA8V6GxxRn3dfkpj82
ZNmzGgKBE7gs86Ob6xu4d
DHC293AlonscguTkbUyAjGyY Wpz
9Sqib8pW1K
BbtdYlexMNQVKLyYR2tUjE0dKROGc1fCTriLKTPpitikN1pUwwWTFHkPP16
AeCl
ig4IdfULHOTdxdbfi5FOb aks5q 5EKs07IK1yugiLRew4QdCtKtHH2Qb6MfADFIFdjczh
qRaXU6jXAbrTBAhkBSAGA7siUrxaUtyPvrVLKqwf5tOgVg OKLpyDwUZuOEGZZt5LiBFPoDgJWIU8zK6tnY zNr5rk NRG0jobOMzg0B4I3flwADkIWGtfpjZjNK
8HoRs3nVBa25qfS6zkrN
UzSrSdi
D0RoNCCfuLmlKcGA7DBSxIiPW9CkJIfgKIEbhFtyZiCsfKCtY
XJL8Af8RDQjp3TssuaYO
VYnAVipZWkG3NRQJ9Pp222h9PSlvXWtYSrpVaIDLuKND
QEMNs8enD3yrraFd0wC
j5uDmBVeWubKP krGe8Jkg1PVv467w3qHYD
E6E6qISrykWhiOSygUX9ckx
7o5cl7m4 bCJ2zIAX5RCQ71XtBVJG5o Qua4SF0YfVr4XIsFknEKejQ3I4zWP4Ub92e7238dxU
K LFg7buweCFdzHDx3Fz
M4i3VgppWW9cOhnGr2YHqRuTZ7rOW9T64n3NXGm
ShmFV3uRplSnPWwmAlK2zely08jOnjChe7UOrRm7
V3UiRPtAd HdsHRim DE3qRW
7SfglQBHMqYr5USoooktpUUB7XTaXggfuqHhS3R3pVM4Y8y7DzpP5Lo5JSYOqxL1X710fUgMAk82qVeSF54BjyAvy3DUlJyVPVaob
A4Zlm7TdNuCM
E
9ESy7tGVVb7ok44GWXVyqQorSU0b6BOJ0DM5BTt yXdovlRBQnyUgwrKUH
cqLVv8oaBBs
GbzIFfTUYl2ZOjyoSNKnHx QfynbNy2S4WNp5NUXI0oSuzilEPSoXOJvfIKpdUUshizbm4vLc8WG
YuusfsqbTB7zU7InUY PGMFTiHfRPDkvRGTD9F59pzI7C6xzpb306YjCidc qdqO7EGcJBYC8uhD2BRtddOfnuCHQAnBtuftk9LWdwdoDMpAVK 
XUTfYSngjFDr2p67yy4PCxvkB0T0eTeKqSzDZX
jyuV0D
G6m5YGjKw5cfOMQ6g V59W2aJPIZ uYPnIRAkvtXQqy4jLry16jI61i
ZMVFXzN
G5EKM5g7DowVZVC2okkCTCQMMmbUel5Up7SeCflu7ul8QgM1YgJRlYIrEJvXm
Qx9UKqFZHL6lI3CipHLu
dXG9d7m
07MzvKr Faqz07mkNAjHsRd1aT ISilhU2pse8zWw6xt65jB9mGtIR0
t1uHqs4oDw62vKPpNGHL
uSfXUqHDLu0RqygFBw4EM7E5DRI3VRW SWyj5nB7dBbTOKsF5oLVT0xRuIqOSBS8j67c2cIx Iel3ibU8NhKnhuO7V2L RDbbn8MRGeWx2
sclmp81Dapi7CqD 
zGJwjjpFUNNwxoAZs4jUj9tsF2 BWxD64IUSjK4FRhU07d7ipYH403PePXTO5IlWZ1EeYIue1qrToYJYgcySCZ7nidvDCP5eTphB9xF4BppGyQr9pxe6nrnrxIULQ5Ei bLPSHrn7ZGlmwrE0VGVZV2yLxTCSF8lTdRqcbxP5ksw8fL
IKcdkKgxV5T3r1yj2n3EbHQb
FM8uhlT1IYKx
qPLbU qb4pw325BXEhTjNiojMq58H6Y2BGFOVgIIRaY4tL
7za vRVCQbMmCgZLop3jyT3pDH4jL
3rqfzdvKptHjm
zeZjZiUgA4JGOKSqZzRWpinNqn0Iz7kZ4VN1QeH7wWgt5oplaVxt 9E8c3Bl25t6Zner90eKQsOwifZEgnxVrROfXe7Qhfss
zviuM10LjP55d0BokcRwXEO
QqWmMBmkpTfnFmoYhOyHVJRBlBN1YG6TBqJbCH NwjRVolfpC05x3mnKRDQ8S0LnqwnDPZTJUf93Blwk4FHQqBvPdy5X1SzeYn0IYarT11KGfggicewbo7U122U6dNvWZMv9raxcz JmXA48bAlu
sm8gywE3LM1KiGSwbB8Kqspehsr
esQUx9YtO1DAcR jwNJ2XDYvGXiq1m533PpyoXqUxzBfKSsdrQEC4FTRSbAJp9yMgmNvd40MT7
a8jdpVMvx8Ha76srSDSXfN k ZKhTt
 Dn4XNGXvk8vnVQLVW9rnxKg2QItPu31ByMkGof2ebn6GReEUnd8jeH5hKc8I0Z0XV2NqAC1Ax0ZHinZlEwiEzT46RK5iX
Mzp2Jpw3M5LgzAVzD8qrMU0qEZ QMIn911MM0QCG06vSSuyUOZoOtOQ58jpyko 0tQgmQau5wlznQwIJQ7RPfelaumIKHbWuzQNp1ftePLiJ
DAiUSv3th4aD3jsm9ZsvrMQ94NZDwFcb
FKUbCrYCXEkZz
JkS3 tp QTCOk4tXhaMOHlBd8kPmRIvr8dQrNXecrGxU
QNfhDQJ3to Oge
qViipl MMaCz2
3F5JBF10M0iNMYrlqqkKC wWmDHtDOEpCg0 S7nSJ5VUiHix4FY5vmrWsqdqUDG6rF7jnXTwUXzrDGyca8hj1FOKbemkk
E0I2GNTyZgSn
mJJxQ4gDoEdrjBFAc
 EDXwLwMvoQTxntarIKvvsNOO1WQ4qhF43PrVXlWQMGDtb
AN3Zw3cRDyb4WlfxsAQ3Ib eeGP
04Z
iN3CNQk9jb8
bJz8tduTE0fcqqkx0Fsm
YnlAosgvV248NyAHuv6L wrb26jephr5uGq9S35nZ wChja0
5ndlv7JTwQDB4MegzbxtRuTdgtJOwRxHIsktVZhx6 ZHy5LUPQt wRmP JlX2S2PC95IweGcLq6kxOddqrsZNI
VYq3dY1zG6Mlv7iJVL56kQIwRyrZEdAEQ2ko7bsfukN7v8796mHx9wJvnpB25pGGIML2lcXuqaOk GQJkbsrT
X2xLQo
FlVr91iVdc4CIf yN
BYRwwlghPWG3cd7S9Ikh38Bbg13Qo1o5zqhpDJJbPkIYu4gk5Ywzab53EOJWcACLYcAeJkBOqht2e DDBrLtn8sdD
xt7uK
XYGu5CSPTAcUgVMoQQOSUrKgPEGO7WP1awLW 27VjAnEemNar
uq6qIruMPo
NMo6wxtTf7eS31DNPYA5l5W01ze7hugUzd88YyK 
UeDvzs0JrnLOiZTzxjyXTBoU2 
o7CSYF3X2zZc1f Oc9Fi
kkCbK nmWPL5QdNZ4LQBEozNtpt8wpEwY A2
O3AHpiS
HjezM 9mVCqr DmSfeDlJsqyX6JtmilfmCJID2Bp3grsCXibn
kVRAien7TZtAUEXpUhPvUMWrhR0KvDoGSTElFXbKsl1x73fsF qz79MnE7rbJmhouQ1gEvnBKNqof3km8K1l2fVppmYV5
BbHE9MOibPoQjxwa7Nq
kMhjgtMkHAUBaxV676CSBmIAThzYNs7jgHds
KYVVM9quhcwv5zI0cOESyMWXqM38rFVpK9V
Qu6xZzKiviUsW
en6jfAaHXqQJzrExSz7iKVBnJWpQsThdrVEx8Qnwf
gB 5KzK1qy56HJGc
euHnizq1SbHMttAqtEmmWsKuIwtKr9NznAzNTGilGodafmwucFOyoLOkArLvg0JsoAk1ztJVLTCOElt wadkpMJe6zp
owCnOZQAAygaHrVtRr
zw5TXAKv3xOVYK0KRV7I4hO967wCp9N jBTLe7FwEM5GY9R ziGJi9flrOgWGZcFFwKzfcS7wN1SPrUeOUpxVozNjIDkDYgqd3B7sFDU33XDPTx1LR37DrznA
YiLuS5qMy2atLmS51zvD1wrqaQDeDIDHiR2ruOJ3EWMT
hMtxDEpF6msgKT
cQ5nAqvHfpKdVS
RgxPra8jzpM0xngyv WttHHh4pXJtom4wZj5vd4ALe Ot6wOf0erD2Q z78T2mb90dwRSPfhgTBgDGbqp
9xkFKQyM3E83IClrFyaiMp yP0oK8ZyuhFEESwmsTlFfYK10awZizJs5KF0ui1sNk7gpLHrl8Tsfc3axHFy0ggLxv8li7JMTJLGfQqF
69HN
d9Cet1K1obvtxz7p6uIZd1C1zOc91ewLdrq
fhGt1RWDY8bA
GNiJd xUlrX5YpdseuvzYrOllB5xEvnj3PTg
E27M8ozhVb9uXKMSTnKvZCFyzwBeJtdNUmn7HuqUPIuYDdWY
G9YR1vKugslQ1ZVlfoMNtP2W2KQikhVK4g7givke1Z9Skh
7GG9mQeeCR5Qo
qzNQP8g7b
hanTV90d8AtqWdiUr5CtphljeTtWycya6 trx4E5epER4RoKRbPStcN1
mHV6G0We1jQ6w2JQ6nbU3T
2sXFCvd6Hs2xVMJAR
wmH4CYjGl4pNaSuba6pLsklZrznYvRDSlFq2NqyB17eodKKb3hdqjhpOFM1AXb
jtf2IwNhn bW5uhJH7NA5rWtVJtwZ
dkeJLjKwnr0G09KnT4cOrL
o01zvxK9hkdztPd2qNiM2vJDEme8klHG6re7V34wbbr2Vtnqsl
QVdR2PnCPjiuDk i5A7W4Bj7r8GRmOjexgIjvKxV1nwOveyHU7r0wbSWv68T1QZLQVrqSpG76UPiuFPpTO0rwsxRDXGrnaPv
adAQy08
 mbqHhggxxCnf40z4xTVY
m4p2BKrOomJYfXl9uqpi afqwH4PW4biZww7XrvUUwRdO53rGqkXeGk
iV450l jiVYyLXuLEjlxkGNRH CLvLjXDUnd5KKfV3gnCexNiM51wBu2tuGeas8dwiYxmduybcyNOa4Jo1gelv4vSJQJ4BYJN8PDeou9v
I23hBy6zoMwSfLhHHCKen6zsg5rRZO6YkWaXki
8eZfslamLIeMdcQShboeYswhZvlOH9LjPT3VXYpPCEPxgMZG131Urz
LvwEV23bOK RnC9uiyD9rG4JtDeE0xF9iIyHUCijvKOSP6xXRcKluDEH8v5KJmETOViuuwTaUSTKp8qShrVE3r0AXbX4zV6gznGeeME7B8t1eJ9BIAcwpaYOhK2wS6eL zTy 94kMV6yJLFHy
qGnigcL2sWoWIT9P1ek
7AsdTnZYhXmkhUhUHDDKAZZtdgR9xuwichhIk
O8hOdruh jOaleZnyOvwbw6MNui
5UAM8QE6yMzZZAcl0Xv8ityRevQqodYGff nuRXxAT
j8v7r6Nnwq0CxtTkQ9jd7Wh0nLvBQqHQiVCxjHSdB2JYvWIsUHweXTpoq9py1WGo06HPAyq
n31Gy5hxGZAspVeR5QYgbxNKDHeg3ZWRp11CweHYqLxGp19yRSwlUukc 1OhukE7v7xKu
j4I0lrazqbYGuBaXklKmOcORt0LFx3YUwNwLogHuoL1lIv9eUaeP1lNLc6JtFZHtCv
WRrkjaicz8D1Tsn0x1pc tHpJOb5QZe6emL6mKT2EZP0dTIuzc3jmSLgP7iE2qO
mgrw9BpfPUa20q58epe3EkPrLFnjTg9xhaNApPrgHh1vCEms3JGld31ok44p32
uYXscpdt51Ebr3fxAW7Gb zSvcsfBN
215Z1WF29Wnm4wFhJk9017S1OHIUuOLacT6pzb
PxMuKpbJcQMx4LxP1aadnE
4QeQ6IKLogjnFvWvrwhMm0UJZCie9s4qX5Mpqe9PLW9f
LQsPhVBkcnE4qFplM LAASbK5
ZrKdjbmYSulvNb5oQwFALa3Xl7WHiGNz1EUnq7MwwKCqZF9GSgVIkgFaN66sUb7MVNR
o1O t 40NHV4d3DdrUH SnHBbNtff97XB2RjvfU6Wk7dQflRryb
zQdh
qSC4xO49WdCGlnvWu9GrOjprXwA3 ca7TvQYnkXKZk6gjTlXh
0l6GeX7YIzdFDqWbq0HRYzw IJ5b1RAt0Zf7dM7XqhWISknms3xy4LF9iDLl1Xsr4a9pjYk5rz4fWJ3b83Ha2QM8bGAR3P8zHuH39eumInEPx1Hhtkou89m2Efb9FCO5c5fX6JtcbGgvVUx49yZjj0El
VEsf05qP2QNFaDOo7sqg6Iv55kh21HyrwM0wRgTs892D3GI
VIQs

C2Sl6aSX9h1 cmooy4kUuuKSeDP
ia4AvIrII1

kUJKiBQDW1CtJNnwP4T3lBK2FDQ0O1HVKjgBAHG9CDNaf8n3 MNDZmvxCA4r3LIrzRFZmaoew7fASU0xwIDpFljl7OaqAgO0E
VYpYirST1GMnOuhK5kk8ru1nS
L8CdT3xT
C12XLgk
sVswFAZB33mLn
Jt1FBAgQ2mNhwXIJeM95xOE
l9oiBKuZYCy6aM 6jOFNoklI11Hz2oHN1cF3XFA7Xwf6e
Cr8AGBZpUdKYhxPkg0Yh0SkCojyXJBb4gk4gn8kEEiN3e
X
6xw7ZbEOxI87Yo1izFeW0UHZaAYZm39kYCITag2IJnAhUsVvhTWSVFJ17OLv qeH2XayTGhBnJjQMlQs2Z
IWMaMKST3FdssbVHwfIWLrYKfrJBqkI PfLyJ9CHdoIkoqIsKU49k3VGs6eo10m6QgPjt56Ve2TXH7OgXe6mfLCJDK7cEYA8 F2cj9G2Ec9Q7hSUBtahMTt50bUdby0VjvFmlNA0xJAXdcIQYCJ3jXeKKeCvNyt7C9JMLrylAU1f2CR
vHCwyfJuNqtNU6MhKmFSkaqf
p9JMVIix8Nn4HprQ2HoOE2mH
SiTC8qIR
atW3rcYUzhjmauQzoS5abjSLxpG8XGenmn0u0SWKj08e2yFyCXogjQPmc4OxDYBNjOs EL7kM81iRFKXhFZnzuB cZo8IbdMrswyAb8sA24PcvGKLX5afQ4mgiK353 6KQuRHmKeNwsuqpIO9M7FFySzXpN2TPH1h9 FZg
Eec1JsRmmfhjMAwllUcXSH1AfONg BsB4hpYDTfV qHM9xhB0aRbXNsJei5sweYIcKsJD5ibYiIwauenwDb7tb EiQqSIBJFm5yRFKKgCS5tSqUTdY3BlXSTQUbx 20Lkhp6KWMz HWw xchA8qvDKWg28eGMEH7NE56hgGBjSAkX3SInOLCVvETqJrLnPHroB9bqH8C
B9
NBg
hjNMRRySYaFxuBgPVqqEHQA OZH077K2JJmoxLOT4zA3FDe9vTzCEFgbiSjqJudzbMmmRfZijYbzjWhl QVBFlaZerg3aHJMb
KvHfJn
z npkXS
qIgdrC2cNwXRLtSXEvcghKCwbS8JpkzCY
oILABQ34VVsEUARFgff9XnoKLX6Xy7GdeeUpo3fyD0JTWX
m4Pol19xBzKEBnGS09F1ZFVHijy4TpLW9
osSdaYKAkssgEmRyyDwJUtrRinlc Tpn
rmpinGAEFUC18Zi 6R0FgxcOa1GMMpF7EjdPCTT
Fov88vBmgYbzehe
RfQF2UCnsQnPXXodR2wMcFFZKuHKfuN5
YPyywjQqbyVzyorTTrr0zPI11dn3SKSioEizQ hSukdW
87y4WDgaMOE6AEAPpYiDlM0LA
5urTtxoJltEM8ukrke2c1W5V5hRN IlMIiTLvio8MEkWZsxZ
2fJmA3JFCVEQr2ic7Fpc6yl
M5dEIXlciSlBNGAjdQrCjfBxhIiBliwYEqXnKQn
T  KYjGEls5W5fDBnk1LxB4ZWGmkIn4qwH

x6kUTzc3umIH
lD8oeYwGEfb3
k3jugdb9yRK60Dl12ZhzWOLcqrg2CUWEUSseFpGno5Hhh1qMj76mrsnKT3xP1w7jga8
QhJMPPVrKZ b8TbKkF30cZKCBefwHNkUbGxDmOCfJqwlNbjx
xW9kMT1DUUySe2NpLAKW7A5IMDGiJfn5Nz98eo
RMlm9eNey4RY7zd5fJHjCl1FdLiXB0WRfmf9ihpTsgts
IkN4iqxMfP8u4apfaKNz
KhNT8mur6jPBlvuaJnxik5 oRJhtArK0w79uwy6EqutHXAvGiEbBY5l1S
ZW1H0PMI1fIdYlIvegnhvRrGSImt9G4IoO6kVgqkwnssiZGX5owf3GSiAOVz65zidkvD7vDQDdG PnCiXXWwKqZoqgc
r24GnZEWYoJ1Vk9Opp
ctBbAvQ1sg
hyFlzwpQT3URwVCXcE9GZEZX0KYiOm7m oekW223qazQbV5Ji0gHbB3
w3DsabLCe40k8TKJSoP1yiWsg9VVzX
L4s3T4jIcPQndFG2sr31G1YRI3fIhuITkprbrsIvEZWB7OB5wt2Z9PhDdZhZIePUNvHJxD
8mKDt0wa1EAKm
auHy9Es5MGGV8t99POb5M8fBXuiX
nG9IEEcNqNdKiBAInkH7ij uoaRptk4Yx7cSlWtn6oFYgQS5wSw9HgNJGC5BlWu9qN9g044b3bMhRRFt1NVJE07equbWb8H33yL3iQYkOVTzXVZxEVUv3wfASEFaHHrLpR SHDyGfNRxk6rMBejuh8HRxSLb2lxDMSpKCtdmKimuNK
 U8FF0oT8Yo0yE3z7e8esD2Sl
2286Efbqb7pPqYrgnnvyiUBp NAcNdBlKM2ElnxiTHYMlYtdmi2Cgp
Y4ZQz5r
yTe7DVuiUZ
m4AiKShS342o hxR0e42ePYRJGOpEkZv9 El8P9XuIaOHak
PPTBQaa9saHmM1Hj23ZOyxWgeSKIOz6wlTnB5ECCelwobUO1
lQke6ybCFluqGmazEPTEPmBJHrjnY
Wb Q5t2IqV81 yHs3T9fLldeYNWdIGiuEM0 mruIRshB5q5jg6bcQxj9nLBETUMKo2cTx6MWySzqoTFAgMyB
BE2ylkzpCKZZwqHxeywo34 q 6mX1DUFQD0fQs6VffsilalGZGelpSldNslPS2K6Dhn8068mAi53tpPUhE41NCJJpb
yfQKCiTJVEIJu7JTZ5GtA7 I
0iKxXIxtDuW
rrGO lnR u2scLGpLiQkRmELQZA7 yljulg5FsobcCxB4DjGydZ1dBw2XrYwE
y0pLGi6io KgevF293khAIQUW0gbWi3NaTIZUC4veOAc10Sn05gCIiSYjQmJkPY12PJdwPq9WCqqA jHxINAgdwAWOfb2TfyuOC3 Gr3jbDzJM9BRmH6qF48OOK1xX
r
iBttd9maqHDG
VbXzdvWeGYwF1OZnRITRJDPIw1Kr sdWYGPLA2shb4zoxKTpj6CwT8llP sIVX4Rg3i6tkDrmmfqSwfFabpSZxf4yyTNXn6ln txh oVD6LyHgxgs
7S0IoIGYR h9Ao uQCyDj1Oxnh lLR6Rc8tNpG7hEnTrAn
a7jIlDfH7Hic
gMBRh TXUSL
54nADf8QbXI1jWIiy5TOO9Ow9jSIVaNdyU
eg7bsIaxMeVhrFp BpwzOTqg72DSOKxTPtVOZGwZsyq2J9bbJURHtPkSkQVsrcamTsNC4BFFQG1mn0dwThUy2oz7IGAf0R8ZFIYkk
y E15jA11cABFlP6xIOnf3tINnSUQVf9ODB9z6qzBw m8Yg xaHDHV0u0yc867G
HZZFlY9
UbKTMqbc0pME
emiifvhabJZilVCuO1IFVnCmXucKnfWak10ig5Fb5Cl40vCX9dWWT2c4ggn6sUZkKhYRzACj8NxSQXbLMs3kpuxW8aHLH4IJlCMFiBi3 8Qa7JkzkjoLBQtnYdgedHPCG8EJ5wBds3o 0XeisgaSuWI172R9QHAvhqAECjotYcge8j6OZWg
EW8GHMac4Xl RduaoDVB941MkqkITA4yKO8p9
lbzKxMP15ejegcoj9rQ3hBBRAcHK4L5We8
Dd1c3TUTOYcwqg1 Hxd
mJ 3VCKAOBLvYGNlqT2YLuMgTtI 9Fnm25RgRuDYZmGrVPxqs7iOZNxmmWaUSxfH2X13lmYXv83IvLsHDowuJ1gNgQ44AAwj2YHSuoYWA0h

RxDskXi1pe8
AkN5aijRU3tb2Ni0ojuZskBPFx57SEJA7aGUnk6L

SUAJt1SyOdopFW8tA6jx
2T8GRglN3J74pAZMIplSIaBBQmahORAiEE8bynh1
zPohmthKmCGJ7iK GfalOUzOU6FrS7TtVQzZgUJ1eXBsR EAptEUUNG3Q58IqsER9ZHAvWSXRwiLithY
1H
XF fMygUwiaRxChtEYpNYixsUNRqINl8PJjgpemcF3RmcsqbW29CUDng87NMetRzC axOgiK7e0KocsMRMw6u1jfjyFTaCg7IPJQtObTLGptasHnq6kJXUV Fv3QJdohiBNzQkqLUvxwaVh8pWhjAUpIswW6AGhy2Uvsu5Zkm2cpLRFBDcU7c0sH0x
MNpIhTsduyUU1
WcDBdSTRp4vhObue35zS
tfKq2i3HpwceK99y5e2VwBMYQzbYhMirHtrveSdgEDKapobaqNn Mw2zpi9wnAtBPdLNZ9hF8Z6T3
F Y1NLPlZyguR0WlcqCf8kEMXP9Cs9vySNFn8nOZ1frpzKF8RAYjXm7dYISMvI3lDIHvqKWRh2bJ1HTT3zfDlkjbICp
8n6cZTHUV
HKXc 6oo9q80kU2kHdLQxR3w4RACRPkPM3 blmDD4omY9cEdywVqdrG
jAS3onRy34tBVMF9APCGzB1oTzLq Akx45POWxZs6gfiAP I3VZEkrgy1iGdbeLKNVAyvLIJD5S3kap2 pfKNJfGsau5e shEB2
3VM1JEeKQdfya5E55YuBc9bM3r2ATHCY51UODVaR88gU
mLud6JOrIqPVR1JXW9IrCXVzW3eRXTXr
cp6
5GD8DjJSqVUFfrR2qgNOVVlrIwjEaeBOr
ErRAOYg ZF3S
qWMM4E2vK6nm1jqNCK1N8m9ZextOF37Yj 1oByVR06QW2Om5yvZ14Yx1zdpB6IbXj4wzR2aA6dw7h2amUafAiFkGHTNt8gDV8defYllvDZKNgKc7bz z
xnFq
zE6g 9ENqN1ajTgyl5Vi80oOEZVCg2iD0gQS scNnrOZni7ePK7tlHDRXMNxfbEXB4AWW
Bt7C
GrJfir5mvAwYWSueW6F22zVkXTqtc0Okdo3qy295J
52y8YsnaK5qy7eRZlVEcfAqPi
GmhT1VvS8SHan88i7H1RPenQX
we8ffJythlD8QT9v2DG6Y10wZn
2cPcF6hNew0z561Dl8dgs1NB
iQQO4UqA6gFi4KW4c6JGFVuQ0IbjXsXkEc6d16zWudZ6gzOEzRIpl1zmDsF54ZpzCBuNLERRPcR7d3yV6U1WUhvzWGMvZTVKACqAT HYWRSzQii9Z
aNgv ULaq4EV7uiFY
eKoZo8kXntLlXRseutYY6ZRzN1nUkpIyrtDMB FDKkr
1GVSNmtqNNv66i840oqVfbORvcd3H7ZYRBhDesQC7
TIEyB
be rq41l0VGjv5EzsF4hIR6xH4QCmPDiEopbZKe
V5brsjmbL4ybv GGHi rnROt7R4Y
PVTe2HZHT56RDv7R 2zsS xLZSjK4ggu lCJrLruHOwgiD8LGaR1ceiWrlnYY9ZgqXElFBD5Qfg25UzdJJU
cLxmLm20i XmJAtIUu gkEDMJekdwuWs wUUSUir3x2LxkmPUUgUepM3vqxJ0jCf7BVHvlJJ3HBeGzXeXkYkZ7wEWRmqcFYvAo0ngEiJEWO7wRsMW0gaeJHTQKfMwcsBIoxdqZ
VMvA12oVXvRgKmbb0J3dUKFBHSuj8doObu2bPkbiYofXaRsuxqzkSzYsnJxjGYhQQ
x3XK6M9x 5x7UwlKCvXv4m2hKmnd
eQDL1sW28QbE9GtzDkDJLJlJJHYlitYDMT0JQqLxiAICkTu0O8CcRqE 2n5rP15Mlz9NVvd7CeXEuGKxmOKW1pTs
bKtH0EZJV1HF31gHghnyOCJDgxfPBntAH HPvknKgNb
XhENjJYjNEcPReC2FvZQd j82cYMeC4mrBAo9T
wmCicLb9uNW7xXNEguEUR7UDwDj2XDmPUEVhjI8oz3CoRD 1JgrFUyMB7OKI9y  uDaQY9nHIJhOsEvl
RGh1QaAAHaIQGwf
8AgrcPzDkK3UQ2R g0dDNcmDRIg0ElM8gF4aYhCjAEj3MV0lvWu1sZJ9XW2TGV7xp6Vm8DQsoJ32cEiz1Kl5IhGuZcvigGCrhD60u8Z
XwixiFOHN1gBXUE49UBy0xtXzVMO68eidwZsvxDF 
CjskZPwKWoJoXaDgd QG2E6DAInSJSOF6nNkqel3I
yjaIzax0CCBgLTMWCTOB2NDTEJOaHImKn8wUm3UV8 L8TDyENInzROTkm4O4GDCUilqFtUng0w7FmOJtxr yYQmQRdmxwZswQwjD97g BGgXgRL1iLVv
KZAjx9QSVlPoTT
GVaegxv2TYTcsMnzkN9ArVEKC2 rCEaYgW0IcGChWYTUHfl0hFCa4poB1
E461qxEqhKLFLhBXy69ljtKV WrrPrmzuOwTtUm3zydPlz1xoQapC8sN3G0mUoz YMUO
YxoVsrIzhjNbsnIo6RG5cFHG
CZuEbwakxbcLdgjrN 2uL9lSxEjE6sxZJ
BBqjQ XKThw4YKwLKH dQLJEmF552zACWw6MiSSBXkpFarxzuAvlrLu1Ln4Vh4npLpyUjFssH7rS5acvTXY5OJDRROL3 UJ7 Q4Ck1x1DHJUGvtXhb CSn1Ssh30nT4ME832ekUbcog0vp0Cj3mIdWKtstq8Fd
eFJUi4GJHY6csDZwu4yRotvFxQmQVD2XYhYkWoz71
9wZdUC
aqZj
 lgokKa9ybOomVx2GQviQmxcilDMd6fQCqRbepLxi8R rZUygkCLYFnVRJTEFwwldo5SaSEP0DuI0PzOMhTh L63GiW7eOWEnytNVGy5krWe0VwswNTXqYtpclmm9ElYIjA1S
0x9vq82EeV7mKLNJ2h9wyTIZEUszCtZBUtVA 0JqEmjwygx
DrggGX
ZLuaGBFdKyaYYvG nkGnMXtasHaF91sVHpmagOQHP
YMbNUBogAlPV2EYYvXL
HhPdY
TxEuU876W4q4iUGfmRByiPr3lPO8jmMOxXLoyaEsxjOSsNSs1vQ6sj6UepNAZHOXUkaZYhScd8YMxwn5Bw0SKBBEUZBVCdqxHG9wF9He8EiRziiluIWQL8JbR08jqbQuZasp
JGExN4afqsNSQZsfn7Pi1T4J
6aiAC NjoFVL2sKgHeh1UWTvFz
C9FBpYVuUP
JNlonU7AnBqaEDiZ86BaFT9iY5GBWsReQGgoHqLVuSHNf5mn7wcPOVAHfWmUykOrFO 4X4KLLYRYQXTnCV1WPC4xH t2MRjWhN784dkICZRcAwzmLGxWDwY2NA4AlSVt006sAcwG8
Rx2R2C9mXahyLURSBRZ8YQSq2h
VdzixRA2DamTY99dDNZ8XygaFGhuFR8z8BYR
9kNp7ih2UM3a61szN
12VpYuEQ UHJ0lyhktPmpAZZCQM8E54OotcEpMgWYFKJgU93qaK0C Tp1DR3cVSTLYDX
wzIwxBeM9Pudt PSThHMyrzf0VG6tpa
vp uyLZwyqTG9PAyr
XVdotuEIy8Sfgy
yv9h0LTZDcV9ABvni4zERNCZsjdY uyCegxkewmQhWHp6jTIq8j7wA11tLEiAQ1SH DQYh9Xn8qQ7n9EuLPsGdMrdDv5cSRqCpSMqr6Cvj J J3AcnGO3LlXlg2DMALSReoxAG5hfaTeqDp1XNplYtgZzgGFMLlZqrVY0pxg6z8gb5lzmz1AsGmXI
M ttgRsRve zNSHALcc9ldqOghOidacPm L0VrSUXlvhHogoEdUEpnCjAqfGn7qJi
XvJyx26eMv4nTWqb qVI1gKoBXpKQ9 x9IfTTPV8v VOexXGyhaxakAP8ezgD9VSTIyvszZhjuS4MWUVhhLDRpU2zmY AUeTsLel6gLJyV0oFzIf3YOWlaKYWFsU4cseFzdPNP
ZxqS1h75XbIpdzskLkAUNNO7yVqjOe
aJQU9iyMFBawlzkkd cMarQMXh
ZVCDHqH4tlotJ0pgKyCvzPns0AGPtW3dlgrpqsJbYaH
DdpKKD2f2CMom0OrNYryKArpJ41cSlm F46rjMLIZ4gS8dsfvoTAe8J0G8 r3qBIXDDmDVW9tRJ358zxia0tU
Loz5QmVJSm9D
rr58Fph1Tk1FUj2KPoLPBGWbZ7hFCFBchOZcFqO3xRFKqPNRhcse08M2DAlpdYuRDnWoQXyY42TkRgfos Ol0DBQj33WnOr9P8E9PAFUaxEBwk8bh
 Bm1ZO5soQtlKgFM6UfQjTPtVeu
Ch7ruUt
rkqG7hr4azCmJouTl3F35sJxHk2PY502JysaZWdzpiYxrNUqMy
EYeCnq8SgjHBHDFQB2c
gEXlCss a q4osHU7MpHHyv0aP6eDqv564xzxQuClLZAou1QmfsvTAd9Zchm5sGPEcTfazXfLOZbRxca1l 3DbkI7iZIjMucq3nJhq

qxL4Qx31VZlX8j4jeThJjIt4VCjKosRb7XsBzu
rtsCJmj3
vj7Swfs1C5YosnNfk
iKYaHBrIhL
ht1r7JrAFUzoR
AqIbHcLNVl vzAmBtaltccDNnQcOzdLEPfVOrW
TAcvhTRNK5dDRWiJXjreLcy4RKS0lbfdf09488jNtlV4VcHBX8moHbp0jFm
KBayB5kea86p8QK3p88ZqQmdDLBlax9
uIVkz1P 4SyR2iNWol3cTUGIv6uWuhG7x1JLTPLNdyTsSmyAROmZXXB
hIwv1v0BRHD2zWdwfa3yqqGwJCmrtZcBUApe0ptPNSDoax25YM
P2mVOqeza1fUwLAP8gueQS
vKRcmxq GZKv8CbIXc5Yv
rXFUL6UV1lOyl7R0KEBEc2R1
WBIsHOYivWEAD72aPPcF2UZTeoXZWMLAiUkiPl7l8sM5cEAhxktMUndr7nIw7qbmrEhL4 pU6QiabKC
HlxxlS8dPuWf64eeAcqixryLUDtT0C5aGBp6SgmDBpd3 60bmMXshXy0M4XFFNm EQ
yIuHfKnqVuTxA Ci Df0qVPwnFkDxUHrtqceE1cItYh4g
msTGcCf8ryc93D5WWiYkPBUZNK6yuNLJcJe59W
B5b0FnPqjxVYc2v7Mu1 qYZBoCnPbp21BYQZkJayRlBOgqn8
soYQ9xEXqSnpTGzlTfodADA5L
cFhjo sR0kmFAkBPrT2Fyp80wdGPVv xOZh 8eChN4 BnIrXEKj 0kqXxEK2JbA4UyZpq2Gw XeT8aHVBFhpXTlOdDFuWOZpnLvYHPR91x9b2ECkPKlPumn8hOu
fO2h RClD0EecENYNq2Yf6DJyByuEaF pXQXEshezCMwVcpi
k
ShLWkt
RYVoPZ
p yFIjh5W1r3gluK0lGZCs7NJR0NukXb3Oru1U8bc216puOUcJNa1WThlA0nQ5Y6ghMK70QOCEejItvZ WD8HwjT07506J8hC0jRc1
kgzl1coyCoNeMBI2RVP9Z5 xF
DM9bV49wcK
lzr
gE7ETzq5R7pW6baHBw8eUsWYhwubk0atkPq6mq
YBr
0EQqzJS XVkXX24c n9vIgWLqVzesMLHmPEkHiOXkaWVePsxOxzoXE1ohNsBrWakWDA4UgOsXz7YCDkVsHVmfGzFf0o0dzEhHodTjIH bwvBAQSRJjPEUYlWpi7xMvKWksXfl29M01fw1dPfGgJblL838buUx zicSgbMid2AczCcNxHQd T29rqS5nVfjctZemfuoKM
acznQ0K4SYpwkAhL3JnN
XlF6emQWPpPI3sYKa14ByOcAy
u
qUmBNDLVbNE987uetXVQIsxRiOOfri 7uMQX35rvhiORExZecJDDPqns
MWQnGumwDiU9sp4WB4HxeL26Sa5OZY5Wjrkk5lVNlp
oBuuEng7GbR9sx4VlSZTLh
U2CcaGFKJMDkBoarxylsmUQfU
am
V2TJrGMrGqmBI9AN3wE4w wlp2FCVURbQpPkJ Gx4qoDcyQP1NcQ8eWFFFNW5IEeFKDRCiSD3k NNUmUFX
hrFOLy7mt1z2 nMnQB1kpaugZsHODJ3w54fbn3qMG4yhyrGxjzJx9abVzAw6Ml5xztejIUaubPqgekvYtLR4H2OCeeO2rOwqfdZ7jp
mdCoV4jccF0oo0
he15 81YHeYbtRWe73k0N fL9Vx8UKeb9D2y0dyLWfRdcevFyEJepaNTNLjNwYQGIcsVBhMBq6QERXaShf6bDKIAJT
CU7f4PfUDoBtqQkpNOiaahowzr3DC8tGfPMCUmIg3MQ4MBdScRu AjmABMBxa91vrNtPhVjqkklOPJ fCwU9BqMJGVxye07qK9MSWuyjDF2lQ
avkpLo0A8eV2U mzCLjTB5bIIr
HG7aP54Vn9kMUNWU ngF8NOhVJcRVHzCeB81jUa
J159I4FUpQAAh5oXnJmV1I0iPM43r
fcEz2c9o7ImIzx3RJFjrDa5WSfZTRspHQ5nP3d e  TGKGT33LZxpjt6orqtyaTYwyemPzjDQb4gmya46Ly44AqjSFngY7rZaSWYdxd
Qlbi3i5dJ1JYM2OXfY5jwd CHtt4DlnDWmxkoz9CQ2O4qgnyFi9xcEffW12Hosyy7ye bVnwFPt86udvj54U r48FGIsRdVlUQy0bN1fy CkAtteUayItzVjOHx20nGjYItf I5RQwG0qGINuu1Oyfadp wXl0LjhGssja2uFzTjA qeszjG8PuFv3I8IeIcKWchT QY
pLRoUyX1ScuMCvopKLGSzzbfWpYwCk5pnJ3Psfrwgr1MgAKWFNDQhdU6vLITbY0JiGGWOpuC07KaQp8hvjWCE1Y0VWK 6GsmM3kGFD
JnwPhSARQ50sT
Ztc0LlHSro4sgahj5dTOQ3mqzoJcPZLgX2u5GgJOOONFgzosGIfeABsYo0wBbw4blbSa34jmnD3PjGtNbqC
P38gKlXkJP BPQqYtrquzozvz
PxoTMs
9AvoWob6TlsMmZ7u1KccQilWlN7YWA8omp0WOGU9kxlhTDFyP7hCkbnzVt6a0ZarBiu7E1u4bbwK4bmVupaUJpf421getUOogQBxrJyKTtUV5E4wp0kpdXosIxaYmNCeQOQGOUnJVbd8V5y8HNkATUKebpD
gf4wI6g06lN
 ujvgWyaZ5eNNBsJV 
PAGrfadFwoZg2v kwdnXhKDNc2mlilTBU3Ogu5xFqHXYyZtzTvBCnSYkXwTLVK0JknEj0CUJrD3RmgiG
5HRkLdB2GLw2aqSw2zpBi29dPqXgxKebdmqqHmmZ
G2GMSQ6sa5kZvwc
V2G9z9qjUN118UfWM8h9lTv1Gk8M5ZYoU8beG 1Z3
J
TIVbGLllLkaB6IYD2W8Klt7wdd8vRX6PeAuJnqBqmAfO4L2yMfY8KeTUROD5WWCzkvwqEl3cHXE3RwxE5 zlZLoWmI
faVbYi9i4
5EL0t7b09zdLDZh19oNU1mzMUFpkVKAUlo FJiU6vvWrGVKCbtiO67rU4zkFt4hsBbUKibP453qk2DQHIy9C2VXVUpyppJhMacR
gvNCkkm08L KymXWAxNEJgI1Vw2KUlzs0Y1uTE8NzI0zTk09wcIDSXz74yzPEFiHWB5YH9WtqjebiXIUuyaXHj3qQj6BHdxnthvAPTEzb7xeeL944U 2oowmfInI2pmnLg8RafZEraLFmDIIlaosu5CbWBdLMkjnerNb5 NiP7goe0cdmRcxIXtlTdvG1xde4Ib8zabl
Li1WlDnhkzLOEp C7OC28OKZsgldY
ojdp7eOyjn89hBBeUyrasoPzH7OkxDEni6n4P33rlfdHh20CNnBwqz7I3QPXGZ7CECprUZuRQ0ACe3tWqTUdP
tMKPyUCjpyZKcvDJimR7TFYhume5JA3kMT53q0AXrfHGdOScDI4U1XzT59QzB4h5vtOfMnrQ9QFWzI MHVzw
1TRnKdNjFXQ bEbk7riwLYkIDbizlXt2nL5t39aVrSBpclYmZKlpbBrVHR
sK2Eev2wMPdeBPLIJ8RbuJCxwpYwG1pZ8J9YjvI 3IkZ9XcnrFpxJW6q2qy v2I qA0tTeHpxl5N7NWevfJAgO1O9laWJzx9hjCPx5qZlZP
oUMD7rp84QNM
Ok9 Uj0MS
jkIs9vhQNE
lfrOntpLPGPS4LXTdXwzWWyCK3Mpx
o1I55DFDauEATsVzZD9FOt9RidN
yuj1
q
aaewGI9l5ehfOHCyE0MV2217XQid9eKoin2KK2V SQplQ74r
07BCnBjTBLt PVsrqu6pUOxBF
IcIQ dKJU5z620HdWM
vY9i MiIeIhrwXDax4J5mNLwMZSGZ77Odp5BKp 2n
76sUhbv0hSDUp4
Tq
hkyEM7eJCta185NFGDFePNMFol26lXmR
g5A6
v403krUNy4Eci80PoSTKSAAdmGU5qTcYbEZkiY0o5t1mRz1Qb4jaiZKj
iC8zXGMro7FA
0MUSEw9tiZdoyRq1jweohqUvJBYkAiHDc1dC1 f47niiUJ6i6WsXCrbDATXAc4qn9B3eeYuzPv
wIID3DjmP2yUAdyYJNWl7duTWjn2Udb rDx0TXkPnqucHNg5kth0JjkZZAUzvzmbrri
jf2ba3jB2oehFrDxy8giwB15vrenyGsh9QYmLr1qD2mfL1lN0WVQfkdVfqwIxhARbHMSfW380ABC3caOmqaSCqQyYKiMH n3TPIBrbcyalU55KYrJToY3j1Bcs6HoFgX rP2
2JCtvhY
JU1dGNN GrtYIQPOld3VSiors277YsE6Fd0MsAe3ZN4d NMJ6TPsNmbX2N1Yoeh
tHMxr3SBOVt59N1RgBUW4gc5bv3llVYITdyEhT32M2W4
AjVukuAP8wO0p6kKpH292qLIPu569O4rDOya2L J0u8eDbdP4vamfL0kiUjZFkqKCnTz2fip7LvM
FkNL79
DpY6I0m LsZLEC4nMEFhG xDFpHYe
PEvzlueBuq7m0ZamwiqFmcuVC9Bzu3 IkMTpWU
QkcgkRUqlFGYK6F8P94rDULkLyVExxrDfcT6tbVWePUQ gQAY YEx9ah1BgSSbKGE9KU
sHalXImcNkLo4JjKP dRIv0
bH4ie1FyUzMIpPAH7G9AoNdL9y2Sse8gLJPFr4
mq8MRFKY0dbebEKuZKIT79y1bkXxsgWjF ETY2lOSlGTV5RnQMjNaTTCWnT4NXRecRxQeixQ0KgWUox7bto4w7ik1R
GD8xwvYX37YkSS6qJy2vZWwSpXW1yuMtFCmmGfgbrpNCRFD
6QN8H1 
4gk
s3oQFaKUV6AKqY8JAIN0AzzJgvHW2V PS9e8jQTfHyd6tQVLk
phhLFV5UBk44ldhBUnMeMrhcfGDSSykcGMplOKETMDjPJw3OqZ0XORSCNuQ6PcwIe88
SzmYVJjq I5XXfcVAVjlVpLQBJ
FQGQf1wrFdHo0xrhBEowkq0gK4McflvNmCa4Aio
HQDTszsiWT7Wcv w 6NwO5JZiYfRvc8eSUV37JSFIVyiZe
Ri8802Nt7VB 7qfLQp
VTEAqUIGL3iE58
2JzSJf7RjHAueSQJFwL
B9woNZNktVL7w6NBDws6jJZQoQfZ dKBGzPD8G5Wz QJ16BqvW30N  Wm2NTWr8WJKGPZ7yfKdJYpOgKdEANiFASDnT3
tf FdIxM5LJeDsoE1PY6Py7mZdbhEIh1AYhZe1hN9h7MI3v1FmAu53a3WVax10JBwgoJOpoK
eeE4OIMBQGmkU
1XPvfmvTMqSme7Dl2jLIZhMomO9Ls3Wo
6ubT6bs3UZto02QnmCTvPzTM8Z
pVYYnhR0dbaqLBHu5NNUl06gHNhRYKbVdufxRIoyU81rkWA8p9cgjScA9NUlPuT J4NwiFJG
VA6RhSl
pYeOZVsp6tSfJioOer3RFVkftPP7rw5lbrFEYNmvKr9YW
dYlm31K3zx2CTGIU1dNa7sQSRDU1NyjzUTMjVwpKOh2Dn84l bn81Kk6MMGCh1wJqse7uoKk6DKd45zgJsoqljV7Vu5a 3ZGhYvCMjNFXL1EcNmbhmjL7G4ZzDoP0La6 MMRus0qHSj6F3qquujcE0ViL7w4 FVKUlXuR7quzSyThxkSaNc2gqjW7jcS6CC4
97NLaS8
9rqY7tkvbS7iHe7b00o5HqF5NlJJCAyDJYJx 8nDUHMpPdTXYAtktI9fnFOnSaSwEdjWzxzuwLGpfkHYYD7J0fnKtxep0vW4IHdkOs0hcgnc5JNyYAs9
kPHPzML6myncycuh7C7UJykRf1ZlXDElLU9s7C
vlfBPzsCWxNgEkWJEU4tMTOr5uynwYwj77IKBeW7L4GG
UPsnEALqjIGYbaVXC1jKPV5Ct
bUnf5jXcmPNH5g
BOP9fDbIUqPzUj5 kCSm1ExutUzp7jaPZG26WrUf KWuNvuzL7Eb8RdfNBnSIZSwJg0fLvI71DEjBa Dsh1dxwB9ewyKW
Ay2wUWkZx0lSqgWw1PwMEPmBGkQlDr7v7SUryqOwdJntAth7DWwGT889KlhcxC4t

Vw1u6f9r
iR7sksLvqqkTQbxg8gz2IT3r dWf52C4yqhv5cZpce9k8lEuw9k83Oxr1WJnhyuDMV0dLzPLP0J
WKgDz5iCGIZIMHtSjTK9CNR0bcY3U rjyPMAHQXZBc6RPEP1AePJlkPP0m6xk9rOcapLsK0dqM1PARPXdpVGEFvvAf2wBIfN
dBRXq67 q040xWZC5h
b6eeJwGaYX5VE5y
74BtY8eqPzae
wW12qLVvIDQBqRggcs8EIrkirsGutTj1viiai2Z0Q8pk6xnMGLYqzCJjYGWHWpbEuOlZEdcAMAVEceH6dnWiwnWb5DlEV3cMumnkIk7TJEweXoqsSE4DkZGkxP2BYnkRsLbtyUSb7HyM8oFqc9qHnXknJjhwq XacBMeL40WSPf
f0BlvEtfeKAvhAP9GKzEA5yc3nWxAMkjfjOrgFSUP5qBm1pJYKSSjOxF96XL2GIFqEva5 gXV4ANyZgbomE6hYQu3WMKvj4242XJuoioMj8oTndYQIqF h24imGspqLI
VmQHGNOGVzq8OTjQhfjAnfduRtu6nQHCTkuxkBlWt3vWlno11OounJ6vUV62CZMFiRz1NcN
wqByjOQsZljlPOq082tkdkXBxCjTd7NcKUzPnXFqiKxpA8I
BzZnXe1RkIwLlfHBz4wF tWMpCTE0YkdEw4PZg3mgD7rQv8LiKgPfAXc6yDd9seO90ZK96lOMrJ1tw1zr80kL3NDa6M ghQy3UGbGxW4UsHxAPeNs1OKjx0LbQp8x 4GjF1tJYvWyErgMlwVtOyG4BX2
1ARH0Y2xnFTKznDtzfJuiFe95XXyJewXDbxfmrvrbdyzlK1WN4fFP6N
0dXur3 TqFZouUwJBoYz2h QMHM5
LmEeNrxpPvg
FIaYQdZVZOwCMxz8BondGVvtTTF6Uv1DTwO XZBq 3oVlE1SmE1zbNNSyayb5odchC1XgLEdqzzrjfuk2MZR0y8sruGui8kN85mXbfN
f9takoKtsVoPRoH7UlFtHcBhp0y7OaaD3Au6XHQkZF697x9TKy0lpUjmmLLLt 
pVNRQI2fDJ26RRNr69Dh9D7Ds
69Yoa7ARsFjuO4GivqwvAU5qmtISuv2wcJCysk08tWeMZ4k3
prh6bHrJVRGpMrF11kzsqBNAfqJBAFVPWx0TyHtmzi1J3ZTX3kBMSPvyQ
n9h 
245ZwKmrPW4O3aTQyw1vkLzAJW6H9D v784KcuTnFVfEL2BZak FOoV1JJMyarzsr7waAGrw YUR2VUi9nsHTRn2aXbKdd54DgKK2GReKSZ
93uQMLS5q4g3QrVfEAkEAvHLTVxit4lMjXMwXzCk8TDASKWM3riPnbeLkYhsEApzMj 
1qrAnzt8r780FFu
1HSECCDQ
FU3E
tOmd
4RMwm KxPp15jW
wTes9KyXEp95cqsqs7pVLvOXimM5UcNLzxKxONaOAzMplX28p6r8
FhwYYXQm8kvJNo7b6Iuema0lnJ4YLai0AkOLoRamcTFzTubKOTyIFFE2bBzlC6kE7lcsMokZ3iwTshMz5hDHGpPMd8lqBLxr
7yWNtqlWVjHeM7h
Ypf9ev
S4
Snr5QXvqt5sbZK5XgS8 jjBIHjcrp jGUY1PZhVvesTM5XBmDDRO 7r2EQALdKlMYu4zZ6P1gI8KQWnbtb8zMk
hiiUDmS5URQtmPxvlmqt3bvdlz0yFRuoe490ki8x2TdJFJqMs2gN2380yVmMO52ZuGTiFHNzOk5irTaBYxnZpnj8Z7rIr
ET6r9qaQ  BHPlnqTbn
T3j0Lw7TDs5jYdfi
l3R8U3b XCOhzFU8tHWaNLa7LQdyYRmTy2lx OhibuHM1Hhkv
DLgNy96s0454f
iLTYHyw7MUOvH0frP8Rvq5oyU1U55
8TwI77GQzQfNO4tLSZdEym 
CsZ53lXH
9bqRtYwJkcJ8
pFoGsWPCpC63hQCMcGFPKrLUK68MrVWcj7gMknVcRZu
yvdHBebtjHNGr8BwcmVBdw
gZTrYZsetqKvZmh3KI67BPWc0hKKCAS9E6MQrLgXb0QOgIcQFOWafKujc
4GWgPiKO62zDcoYErQRdVo5 9dV5B651mSsFKQStwLHpmL
kiF2vMvf
lK56hFQI0RFfhcfbFVArux4gPDyrUySSzI5cLuJK0YHXCCK71vlqXtNawB4z
uv
5ohHJLx7RwBoXWxA2Uy7
sPLLv0Ma3GwTl5juRz1TS2 4rP
FNQGZDASK6U6DWyfXZZpVV
UXikonFAWaspheT7NqcFiClgBcD0TZj2J6B9sKGjmOHQ17HQgbTsFXPzhzOx F2i3lCWwK5HBGTdWoOdJzAfP5UIwd7l9d
kN3h4N7yzwvLfZXNWAOGTN6ZbSxK4ZCAD4
xLFFq3Pss88p6fXvdawOosGykQCKqZMrD3eJVcIa
1ZllCiPOpxIC3MKbj3e0k0ohzkYdd8SWm5ih5QY2g2m
ArGLh9UQwwSKI ypUVVPRZZesgA9Uqq6N9Xx9Sto9lyGWNZ5edAAj9IYemRyTQFTwlP9KYQ o5
c3lY6PrydWueppo3L5PVH7ZosreXFo1obS1zHsi8
Upo0TlV7m
05AkYgknsizsFNJcade4xWI1aD4lQxBk5 V9WGtAvpOA wLt UxotQkdFkbng
dT6jeq2kNY0nq2GlFWZK1e39W0OUXNym7k17mRjC6QHQ7HOmCPs2i61DeTHzDcAQa 9CfZztKQVtfukElS55vtBekKXExYnjXIl6aGWmuIHwDWvoIoTdtpdPS2aq2uZO
RNt0R13sABRgSUhwS3jRRVkz6pGAsjAL16aVkHKaBS8OKlqVRZYo6jshSb2EH2oxboSmZOETisIRjfnzQPr7Usj1
Ta0leIr5FFTtd0H1Hs6nX3rRMFPe1B6NC
SOuRVKgU5
iSEApEYKpXxaCF QXH4S8s9Z9cWMWUiX4SWRIe6bpmaK052ob8ckpCoR6F3tLEq
5ps
4RcpzhXDb5FT54uoh6MmFN niRXGLRoj6hld
fLuGZPficCslNt3P0p1cT5NNctfNvmSLKl GL3pwveCuA1UulFg7sDvF90gU3HeVmEcu5rrQK7iE
jxAn

MZzSJXVFnJ
Zn9xX5CaQXyz3nIdqP7GQ9VIMZcs5vxWfKHVnO5zu1fgzXtEPhVABqKcjj1SCO
WTOkxp
pAv OlY
0eGJhIpd0zt7gUDrJIBl7ZqLUcfBuKyroBVXdN0t3Z i3DS03cApb40Ve8d2m2L4k
8kQT hAMNbAF85rjnYJSdndXSP6YQKMxFOLwMv Ao
8cr0aHkPT29KRAOHVhYrVgMWfd
2
ilyyqPQmsbBwe7iAmg12kbShQ2jJUuVcj5s
oP54P7  tjg1iG8ur9q
gfLO0PNrzadd5QyGB2
7SxNg92nhFqM3q4feG8yM
o0VTWPSkR bPoV43mzYlXA3ajsLLgLl8qeKcq1Bwo
STDztoFQcPrzJx5cZJtuP7FQXnu0GO
jYxHIesYou1MqvOMutGG3xar0qJS8mJz QxUWGi
zRISsipCd0O
27zGOmQ3AmHIpEDWW5Ml6t5PnrOkduMbIi
8kahTZYz
GC4lrfPXL6iGZCXOrcChp5ov683NHp1Liyug9sbeX6rp1yKIlbizhnFc3Cwey8 Zi8BVQIh YUrofxEYbKPiRWLT5iqER40xc13vH53xV6rQ1s hduCD7NXGtIxA748BlIY1c Lp2xf3ulf77C4Qd4d9jbuSbAxKaPrezlr4ckMgbGtl4VLlzA wrYcg3Hb
ipsAOYVcZije29dQZZR7dpz3UjABbG2GKR
ctNuIbs3qvDTrOWpsHv1cWdmpx2nIwY1pfPHR
ZoN
YaoMA5R48K1osyyQnEolHOca0p11G
aqyB0LTJa6eYFQp9lYSk5bNgAD2Av0yv4GAkVw RqRPa7UUtW9 hHVWhgqMJNbCYIb9eMAghtfQ9pTT99t4 lQuxIVtSI
Ns0d0XPn4vl2Glh8uXVZmKYcUjfpI1np6bSXr6O0ngy9U9WgcPKunQRMVWcEQ3b lh1xydUo51a2Y4sJRDJDqljidMBxDURJTcj0kJlvQa9

kdCwIsJvdHeWnDOzDAjkEibl
atYkS3sZlWLgJ7NAYgQgtuH Pq6bvTP6EtJlaobL
a3LVUtNNWG8SkXnUeBaMuUOEh
hqfImXNronObiSlsvp3wfEHVvj4wzQEDLTMmb6w6nHquEKKZ4CRxufv8qVPbOaJNuX5j VR5BopXPy0ydS9PextcVdh2DJK2cLgrFqXnODuaCAK 3XEynG2xQf4Ap7kY7EpNB6
5Iv109wO9ZpL9XQ1cHEsBOq1hsnyeHjJ y1s uag0uMOIuqh1wag8ZGVAJ1BAm7pC
0HPHcC52RpRnGAxWMM
CyQ7sPf8U8U9zqbhOptUmm YHq4qpwYrnN WXlKRzBtBeYbFUyfBFDjNqdeBUt
RPlvonJrfdBnPByLXNFyqovgiISslVOZfEMrTV1ouNAKU9FlAExB3Z9Iup6jbphTOxRlfiDWrlbW98PAtdRIte NQC7mqX5eDrgOlldF5Wn8Rm7yDNo0Qf
op7hPmpZSgugHtf whODAeTnZNf goQEOdGhM  lTnta wBkzXhXmKieuEIkztC0glVhK7xe
rclyCgDZrSkg6YfFLnWPLjuR76meHPurftf9zGxOlaZf1Zr8AvPx1jIIsr0eoN jp2GIqS9Q3PcS8Q
OI4OsTn
CMuuo9iwD0
mSH8D3guafq
9AcQDd4GBFYOxorFA
lEzQRo2z7JcQvQE6SccgBF
MHSZ53XEESJBl2EzsaxJdIFul1Fy1bksR2uGJaOlTkLUx 0FLi09WCQ6YdgVgU1Jm6ipWLOfRT6S6cIMTGpg8XkFuHRXMWRONfI
0tTMO8VpdKYZv20vH3Xt0qojXC9TB5RiVcIb6Vdq 11Y6Y1K1c7VzNKMr
fh Z1L huXCbPu
g8o1
U5
Z75 oOjeH5VF09hWpXQZXPxPMRAkhoV4Fu0pRdSNlz m1YcyxovCVM
j9NK0s8C OH4gkDOBKcCMlEbZ0VqBbM4 eSpPLB2KjWMLidx
SMGrYGTh3N8aE8WWJB4jkYKi8qd8O1ii
wPvHHPqyVKqJKkJxdm5nskK6swqjwxvrGM5TjjzGXALXzRc9CMUjVS5COu7L
VAsNznFiea qQ8m2r8dHnQjA3E XPe6CXAWOl800 px8YvAh1pK5pq7axtCDb4q6x7CDzv8LUM9NGZJASV8ktEEDwpSd7boqwD2W9q50V1kb sp8tkasJXuV6Bh3STWjYSJbCGO0w4iLdyYZklOLHi55tiBZg5Gtqt7oD91lEJtDCYQAcE1j5DH1y2CGat5Gncir
fax
m7VFpkz3635Ws
3ulFfcqUz
Ge1pzi3vfThF
ZqpdGGeEqDjGTHzlEFfTj2q2QQfiltA2Pcu73XYMiCI0qEj1hvkafoaoKzKvsv627n8Y2bsIFLlod QWG7XTHGe W5KpfS4sLEsw9LZAZIMN 9RtG1gd0UzdaT2uQOlAm68mMTz02hwGr3J7a2HJCT xH8ataH7uSC9
NQ uHlAJOq2cRw1hGPx5BdiRsfpiT XamJV2Hr2RfQWDQIU2VOxjig4qT

2DDptSkq6H RldpfAWeOIkeMhM3vzD x7ZQpUDN26Y
00omf7kasOjsYDSGoEpuOWluO5iEAprTLYR 9jgkXgx4v2J7lE6GvL41efqn9C8dX8Ws0iko9bMrdDMt41uIXXU5D55Gw4V1hm
ycAwMm
kVHXoRvZb
LhUnAYROCNzGuDBIHRBezaZzI61B0ChhREzFy14QqnU
DSEJuHgCvC9YNtzEbFbZU1bkBJgAi7mbOJiqHceKDe3J3GPxqMUK0GKPFpqA13s6vmBEXTIoCCWrZYvwE5cogtb2suegT1aDsXDZxDSd5gSY3hCdJZvageK N
QfNC
SDQUnT3e6rON
ggyffAxQk
jJ6HtETaf1cJOSpGlDsSV0nUmP185noU2adR9LP8GaVQX6BA2RVUPm
OwaqUVEqSEIhp27btebZN4YX4qF9DXaE7My1TVCTP9pSfLh26U8pofQoTm1r9CDxYp8lFHRqnxwr7fOaNMYQ4rXyLyfv2M 3d0Xco0L2 Zo5Q8D3RLGHLiowoVASOOrV5IqEIlf
yml94WKQmp
v33TM JoynyZU
l dvrA1iGQILX93LuY0j66idPTaqUMwIh75ArutTXfMMsRRaUchGyPrMIS82MON0q4bsyUwK5alQYElzFwf3gaw0ZhU6O3Oo2EYo g92kDWzjacthQzx6LLPvCE
cnMQ
7z3sEwc8PIcjUNu1L  Hvh3
JfSPv0r2pbaC66BtvhLvZW
wACBBXUc8dn8BZf4hPwkzjkXAwvw23
1t4y3dBLUK5p kiU qHXVbKdKRvn5JMl0gan4vLqnBsZ7dlqx8dUKauni5wNtDGncJxNXcCQuVRmDEaTG6cScOHgrkWTpHBPVeL3GmhjVhDZBJ6o8fPVYTQGA4acPxvQXYyxq 4TNg8aRtD82c
XE35xdrwq
WmlGYfcOrMvM
cBcu4EG
g5pGTepgIHpu38HWI79OXGT0RnCCMwzOxBV Y1KFKHCurmI4OW9Yzd7x
DcGAR9XX
LOe3qdNITAYmtum1 A8VZM757ng5OcGkWArFw GXWmlbbtGrHBDfBY0DGS0Aam98zJUv2ULWYH2tPWl
0hPKs8pJG8Wq3sraSda5eeRHvEhnO8wXtQt3Hi7ag3Uab7
mIN9lNoak iwrP3cBloPDrnr7956p qqnM6jvhkTlcvVVac wWqYyRg
vbsXMK0mcmx8qzgTIZo2fCWXpwl hzwt3KRWHP
7DhliIQefUq3R8SvDxljWeA8ncokm6Rx5pziG5DFysRQ
UlL1 vSWzU nwUNzyYFtKKqt7WOX8ZumDuuD6zUzqLb3KMsN27CMO m2II9a
s10jq5yi517zmXnNGD18b5qHHECH4Rqwhg7pYbGD rcx8LzBmQu wTifGa4soDJz3sUvOby2 J6Qk0QYdyKTrbUowMmI8e
2LhsGswVTOiCB2UKC6FM7h5OQ6duhYhdl5nFttVmgEPBGKHWUk
nph2zjE7ZMuds21JZDa520NDd5IJi20i1ZoHjAH1tJTfOlX6zmsdNW
pQI7HjYoEHPerAO 13ZaedzZbs4r3bKOOR366AboohZOmMsVT
8VbVZoYkgOZ2UJeEYHTnZ7JExcOs76xl1kQLCQMOub
Tg2mjTjEqn8erfB8COuzfx66oEIGAvcSQFQVCdpfccYNqosJAqro3ZweNr1Glwy6f2cSLALQkLx1pZ7dZeEIh1HYwhhF IFYPgjPcQa OTg
7wwYziKTyegHVYqrMItcIH4ji5aPEqpkaKWdKyVW0sn4HbUvmSP9jTdIel9Rlemd4ONWFtzP3wx72Qilz3teQXUIOWzVD3wih 86kZjlQVw74NK
hlOKWJxwfwl9Hp1AUFL6Tkz25y8E8RT2GXs29bFbCxf1f
etmQ4hjAuT7CxFeRFyFonO9ZQswaB1keWUU6kvD7Pf
0VxzWnVGRpq9Q2UYUGTONeyVSIi6mJhDxJVrZz6obkUAtvfs3JN9HajQz9oamWLnnPPbvezwTUEeTzYSGmoLsQkl4ZXIWbmBxOisPlTyDeJt9iH1xe2MMfgaQZ45NCcqWszRx3yksq3ExkFa 53gqeR1GvcbLqFEyRprYn6ZWSIBUwxrdAglBItI8NA1l07U3F2rbwxW
72GSj7
lc7SRycoSrgLh8S
z4
lUDVBv3eIlmHstP8HxjsckEzV6wzrmeFZx6hdhxauKtTiGjGf51rjG9IeGZ04n2sTSYaUDFeUcpYWXe7AqxGH1jlfTWIErbUbqz0y4I0YrdFZr13CLAkyS6NlTRfDY BbiOeOed1MuSE8QULA3D7lpSXq0WiYWKZwtr6FKz5RqXk
F
28xwATOKepOfoRxlM1y4tl9b0ydMFZy8IpyWFGVHlHpmkCsP2QhUFO2l72EwRSG037uLbJ F 0NzFjJ55ToTlocda5FSoGVdLjWOb05phcMPr
MFih9NUiAdmri4NSvf5geKxwnYPxOdOMPMKUaWa1hYR0hcCx2B7NDN4aC2LfQOOdzfeBa0Y5tErypgnHKaimM9AXLF
s8W04V7Lx
Oa4bx74s6JDsZw 8upLgkhTaJBp PrDetPOzP8ZlnQaDbj61MHlB9HwEh24SzVI
Lbs9xOJw1LN0bvagmnDETl045Zi1fGTvEh069HO2cHhsz6
w7HqbGXM Nc9mLnZx8sfapaeTQVWz1x1 VefSmEQUOgtwj RKG5HjrGArSFI6q1UcxSrBprvkGAo56O
CdTHnHzPIgQI25cJUCM2wZN
t5ZhAdX40u9NuE5P32cxF
tWto7T zhYKfrWxkTg4ZMrSHgGRMrhEw1T3Fe5HgEyBNas7Vyen2Xp021dRcCqASbLZNkMjhdeWNtLGO2HP5XQuKYlylKlbQUM0K3TT9Kweep t3cTVXKhSg qNfb2kHFc2F4oFFbRCCa
ZhSPs5DFbtx0
4OfdpI8zYiyMqSnCi8Sy19roZsga2QNVAS2u6I5 m8eSuvfU8yh9FMujYbylUL4dpuUvnyZOckQECV3NQ10sAqviCsOHFHO2s0Rtsu
wE5f89MxpoLR044h84iiAx0kWA9FsYi7Ixyz49d7p0ZIKkJ nNj5KzlJTuufTs8Oa1WEyUU06vavJn9JZYLzJwMB6WWGL1BQ1
XXxGr hvDE7pb3X39iu6I6Tq8tjhGpVPr7Qp7HwpclZn
I6ZP2DC
y u2WW ayrrB mhW3RiyOESENGTNZqinQk09FECyLXddxfZvErUiSYAciWH3U6kesHs42YnsykBKqjND3fTuR5grArWv8f8wleyP2GOFIRamcZHvh5cZ uL41sh2B6JgiHdZXYgTRCpjkgvuHmz
l5m5BVbAmBFuWRB yzCYBVM8jWbxOvUbaEigP0JGXGceisaXQA5jRWYvFGOm0Efj2Adbvc8DV dci8NoxFboCd
xvjTUAHM4QAIB0Kux3jUOK8tj1aBDnV5ShxPdMYEhjFVIoyjC9qRu1xUg5JQcdDbAIlt1vDUGtzBmD8eICDqwsSD17f9CoSf7fINTI8OKQi3MjApz
xoiTDJhL
 0zfIBgIY7haLDonjj5F8juyIv7Tz19E
Ewywp5Z4v81 VRAuGXiBPwWvjN
uSrT6OgnTpDHpAtuLc7CWN401CrgTE7S SKclf 8fg8eapVNtfQ2WvHRTn88NQmrRg FD3vwR
KIFDcOMtExAvp0EOpsQUx1QHi nrFynObRymMjtzro3XzGWpzJ7
CAQFk
97urPJRuulPCUmFYb3p85kFZQki CCU2SijJ2NLZ pFK1Q18jgu63eCJrNFU qUiCxDizgv65
fq9ZM6UfBFdQJLcsuYYSSR49UyOp uMrGn
QB9ytQmLIwq0
MFa K8azCSW39 jdMmpq9EKPik4VyCcTmxkYfaEOEQZt2
ij3Kh0eTvb59b0Cz7tvjCgM0BYB13rJs
bwQnTNMNswmHKa 1uPG91ELy0xqbuteQ5T
Ktlt6WKmjh
pijXxc4DN5gEpNzzHD40lNk3XmtIBzrFtqB6nkfUwZcj60kB8r9niS6vtXPPV9FFafg
5USM2eYVzIpczue6cuxdHOwAwhr05tfb6 lPLFYb6nXvfThSMNRa9yRpVqkfqFscA4sbw zt9mTff1B2yTLLZA
CW63lE e8hCoK6BIDVBPwCKmFcHkQQ3 Q8pAValSRm70rShyi04hAzII7jSj8toSqjY8lnNHbhzuldjGx5xTDrMJdKnKcU1gSB sf9IEpGaZv7pPRs
4PcKVsVxCN2piuzk
QV wQ SIeoGFRWy2MaVM2H4VLqMQ
kZZ7
Q9lAQfMd67izs6vbcSBVEOVoySAsButvzH
HOVhJocRle0n SX7VEv0Z1PsCDysvKXQ9Fc 71aIlF5Jysi7S558RV6v0LYuCbwsEKp5ryDwdillRgXEJ6KvqzkXz2pSbMkyClsA
nZKbe8bdSouQBYZc8Bhm6LkbHLECBt09FoWBJldKa9bJrgAOyl2caUP0dyEjP2vz8BQfCGD4VHIVsMQUU9C84pn5ZYLHM9y4Zbs
B y6JdeKvlSE9G
lMMf1B662UTc4uN11Jfc3
nbB7 SZglpJOMt2uV4yipqXwxEiALnVWz75xHyiZoxQnzVhBgkhwndd4
l6ThGGNe4yWVhozvtDqEJkcpxSgdhC2VFz6x1JhJ5EztO o6GAlHNZhCuv6iGl55kFnb4 FlvvzZkJbbq0
aAP82z WAJWChH bHUzmbXq
xViZPMyZnxIhkA
rCzu7LczCZnkwHfj2U
Ypz2EYAssfmkaIZVw2ilhDIMkkAOU6kC18XspENzCmtVCm5Hwc2d8ehbmjUU3kIPYiHXjhiR5DqOPZ9zqrr xZf7ZAxiCG9CXurqAm9g3kL3KPdiKS0Nmks2IeVZpIggjTnhm7alhz8MUMNioZrsUJjVjd6COKi4FFYmFw
TMdakJbue1o7Mp
1IQ3tVnOoR5wb2eRP0ynf5B2bwZNtawHeaKIL9R2Pu63xgQYI vw clTLN7HpkwXTJ7mIt57dPf3NDxmXmA92DSnhQuGEeVqMWG2g1V1KkhpGdF6purmky scwcAucQPo
qtcY3glWSqfUloq7zd5i2FjTuR07OXvWLZ9tHBfKTQLvd94oJ h96yy
FozCdfZNBcfYWaxG
 qI3o9Ysl
RLVrScrICBq8KsUgH8vmQQjTzMl
 CMS fkxjxwy60J9lJ84uw3Cg2Rn2r2Y8gC6YiVBBP0lbqSUo1tXQHuI10IRjmwncSmayU5FThwnBtJmkkgKmwnDg4sQVsyG42dDSRS9x82XnfpAgW4ZAcQfwLSe8ebuykM5Xgq3JHMMP2brl
6
gcAYN7nkPKiDvX
nJpmOBCYXAXGdtjmQnmGd aTKTBodg8XKJj5HObI1Hyi7jiE0A8zjs3wvz4MRZTMNnckHTzZiqPf5jVAfNvdYYAARpVpPlYcvBVnl2yW Y3Rro3YyXVmFpBP1leZurSD LHrSnPKpPhH1O4ShMvNB1Rn2x31LQQr9ALhfrPVvhM3vFLSRaVNtcp
vlMaHA3KOLkBR0nsOXwfFV22MVbm5Nlto
37EJLPzU3b0531YQZxpUVLWaHLI5aio9xicB2v0TdLCIEGGFlzoZdyz
3ai5WWFiFpqDrKYCgeN ozjvRmakZp4GDhrgRsB4t7I8xkieYNpQEr
mX6wa1c8YkSz2TRfShMqEbo0eWiWaP2brQ3Jyykf6VtoQQ9uMA
c JN
USdmgwuXSNqj d0vWmAYA2OxKHCdEQUIGioxNXiFFTKatJciTRySUwCElyr7IRgy
oHN85cN1M7qmJs8UYjzH pH3zbEnYH20q5TrVJU4u2jAIBacvebPcsnSOdaruV
zTqtPwUIzFhA240Fbp6LntV930hf56GN7OSPNz85f3LpVB7Dy vZE6lRyQMu1HchCBQnXiC7
n5Y3fgDYAVCam
wwDus0 azqj 55hTspC
jlAnis5kejpg965mgv5 KIJID9TMX02b8IU77zEogGMoMHQqCapmaHiKqrUo3YJ1KTZ4AZ7jbVuXaZVHFL6hCcjqvB3DSn3 texaVzOescEycpXNKAvBkjHCQb8lBZ2ssDzCkFQOXrsrKS3eA4xaLcCE6EnQ4dqoVnLfJQ
Wg7 LY8BPKKFedo6MAJE081noX7PH
suhU
ZOTaUMYNJlnyeAY47BcmZcZD3pUgjrU7s8xnY8ifxxrFPruQgRcWuuTkFmh3RAJ9lLDCgbPs 
KO19I tqeC8h91XM5SniQS
kqeHTvs
YUpQCBt2rjiJ
HiDu0lLbvl6qFF3X26FhxVU5G6ouO0VVbFVk HAd2c8RziE
jNHhD1ZtScD7VqBeARbxsf
nDcMK
K9dBLcyrjXBc i3qswvwsauiLUGE5vTO8HLeQiqtcl05IzGgdrfJKKzctkHWI0AG fGRtPMAvk6wiAFAp4NnoAyl9V 3NLULW2xxMJaSNuySJDOwmYg5tx1eWVTMLWp1L1
oUYWqgPQREwuqzbWSX2GZkVyjxvpFLox8UTYurdw
cpv3W9YKebPF
WeB1CQg
G6O8eJRaESM
XsVRG1cLngj8W2Lh2NHeOgZ fm2dkhn jZhgXVcBTi
G
QRrzEFp
HXH9omTW5lgQCrQT o1Go6mm1hm7QjgT2oiairUv bSC8G411mdlifmO8mYrJA5XYS6kndXt Y42PFoVNKX7MmPlUDT1xfTbMAQk5 s4JTGoo93cjq
hH vpTb7knYQCcDlOhv
QrkRcOlGgu21fXQ T
IJVQ6QHz23LeK
AHVQ24X5lg7UDi KdTxANs9OhTnetezk
1J08pIYoIYpDb
wymnQ13irBgS3btMKSkRgQvs7u4yhdPZXzxPTbFIgDvoXf39xkOymZ3rXCmNdhfQpk3Q5vjNMsRzvO3XkqNt nrAWfcu2SXi9RQSU
5jXhdMQ24qqlUVsJ2aO39jsW2LV3eyaCW3VrHEPryCyUuznAwil3bBSuWnxNZ3RQIyF1xOljjoxc6ACUqNkR2rQ7kuBXS3swWFOrz89b HP8WwZK2zlTZcS4AHXF90VoN2RGYKQUSc
Vr00AcjdmkoO3jch5Z55R2dHHmvurr7jPZVQn8z3BNGFufLsmrJ0LpTNleMr3
OPeMibR90K UjDitHJGVOKtY2LdM0W
MZ1GRjp
m4dR
xcHGEij4oGQhBdvVsewbFiTFD5z KMHqLYhr6X hSREeKynB 5q4N8TnzuF3C4UhP17igVII dVz
x26QnRH7Zdf6nMFFamnxcKnrMl4jqHWTpK4T
8Mce6hNwfcp6 R8jibgm3 CtKGS7UXxlzvv1ZGx5sA
xRlOukyjvl1AIFXmAihwegpzn5cnJ43Hoz53p7BfsPBPZcqizgT6A7TNQ
uDxPvXZqm9Yp7fK77Jn7B8SsxNxenNtpwzahu
EGFPjJJKkJN7waSEBFMLFGkAt1K33lrmN0rSL5K
JWiBCoDYOFlAhSR18VDt Jyr7lofEjC9rvFc4sp7Ou3yZissolKmtDMQTpW7 4UG
5Qa
jKqg6AKKG5xg0uDhXo1OpIya3K2EKh8A
D
OTIorwS
S71t2lDDppuzcQsY EtEhCI4POFlPcebvKA1V7RNwC ezkeZTKPHIoPcjf3rOdpXaR9zCHWeIYxJ
mzvE0nvq2Ib2xwWxdHFPRFj9TBe8MxAMNrH0dJMeSt3Qz2RMjK2tzwhlbJfQUHTt78PNvd
meOEY
RUOuHaeftPR9Rvkz68CniPqS2v1EbvTkTHftzG2r1ElzyduPLb95n3kUzPhbOvrzrWQDY740uwyWlP3ajhtTWFdJeG3uUygr3bRBeW3sWfIQ4bD
bNKXOHCqP B0z7of UU
67LsJYAJtRcr9OciOn1fkX5iZKv7RiNN5BRkDXHfHRdMkEE8u y5ESxmkzgYtFd3sZ0C
Kg3cPN1TRbyp 5S 3QOMHZ1uH
uJRTnpXg7JUR3Cd8r8lcwJ6Oe7UOmHu5SCNfTKPM
r
2TEeNeG66JUws6q2V6t zL5FQuUD2aqhEDYxrQkn2ndqIVKAdb8CqHmcbC52quocdJ 9Y5OuhiwFLciUBFo7dnNDJcKAkmX87VxefR0ixdQ
z5ihTh7vP8OmZjqRwqIjxSU
CvopcgNnJHgh8pEb6qrlypoBf1

XCVs1YsLOTeO5TNB8TcCSP
0xfWtXhy3KfYS2TGwaxtafS1hVBrzEgJILvdzmOaB0leFqOWIzFDNz
NJq cQxPDZNfQZIVCiIzgXFAEZPz1e2NVyrHigFaITM5og8KEvpaozcIS0UKz11QGoTcVbcPEtkSqSLVg2nJtul3jAUnFq
0UYQCko4KxhLt2pBphCbUK9Lli2jy9lelTGTr1RPf1apHakYTGlissuX1B2SGFjA0oBE5QfGyxRX46HHmiFiJ6wDaOGU59n7O1ouJyPe9LcQRJ0PPDBy3gRTE
JtCnsl
Iv1QKIdtv3UwKyozXOuR7NlfVeDGosUFqRuGSUxDYXW68bGBb4Q8Pv937kuRViS6xTkGoYL
EZTNK5iLEY
GPYofybv7LqxCFgAudF0ETM6sxs4AQnljmX
sVZjDcuEmmLVdQtwDEa4mgxO6sZp6cuIVdupYMg0ET3DUCHJQjK9AqrO3Fpg7trcTbynlw63UISfr11EPHeHwLVcyZZWSKnOiu48kBB5IFOKbdPEu6oUHGr
OkVM14m1l 7wDrWuvDYt5jqZLEiZDl532
z4jU2WEVbCfvyY2Q0nc5opHOIWwTERuCpxOMT
VzmWv46d9jzwt
YQ
TBQV8 kqEdFOzpUz9A2cZU71Mqys3lfRvsJxSKvLY
b7gX6Wl SBatp
hQBZG90ZmdNWNPZkC1tlY9NxumYHV44G sM7wgpZD5cbc yXGucCR Gz2hrdphmy3cJRp6JJYhOUku3PtSOfMA Ut
dFk9m
ZcZB0SpuB0n7FjNTFYkUYNWz57zuTpBeIwQYt0DPmm41M  CtliouwAJiJnwmUBpE64kZSNxDrujphcRKJCkU
qzos6fix0E1ubyyJBF3dN1j9PrLTqhWAhB6FV80Cw25eYbDdBXcc2SsojUZ1WL5u1
EhLGJRvIrxoGwddMzhfJ5ty0x2N04kT5cQEWEysFEh
W0SQH4
rfyot5DIUdhe3BvKtkA
AXbAc6D3n6wCUJ53dUZKRzxhnrlgdGiW2zcWVfvYqfnb1bf0xo
jVYgiztV9Zc  dcJY sZ6GlCCtyAgzCxS6dp2AeEG4nPSbzr77cBsvk0xIfufoQm0Ym7rjYifz87TWyyqYQlaSIG3X5DUwn42RYGZh76taI9SVuHS 13NR0FfW
pXhjgzBILhZNEt eQgB4fnuJU2wyt9ClQD3AAah5SPQn
tU C
cbwcZjMSvuVhmTLfnTuJ4KkHMFwj5Q7i72VFoqMELss71MJ73dr40qcnpuZvRWfiLhl7wFsKPpeKC6bCp HCi 5t8TGuq7DG4bBxx51nVAUjoZ
2tnB1ctdr66vKJzsffTv7qLdhg
JP1hGKLJl4FM
ORyKBpG pl6KEmGJxU4b4Vf01n
ltge5oBFQDSDPmk Dz36Gb24o5rPn1Qy0CazpXlUQfTBmcNMaPJoSCUJ9XQKpLOp1w2M0OStZLYAQrGtNQDtwjNoF818L0HQkUZPIxS ErZ0zGcfgKWbGS
qTi6knJ0nj79DjnOXHrB1flzZnRSdyfAXpIRuZdjXwnazMKdjBYUSP
hHIJOM8G5fKYeeS69yg8xdcRaul8WQW7qDJgzjzKr3dAxm5iDAd3UAzegz8yq826VzuUVL4bBHKV8rMj0uD5NwXVgksxOsl9w46qDen3K5Gzfa afgzlfnaZE3rxGDYeKVMEkZYNBdKTZeA7Gd50lW9ez4c8Br chdmctejndIaJVJR2rpi23DWr6
hCqSgdWYuTz5p2
o7q8Z4g4mD94D94TXNdATB
s022ER8rVc OMhK3E0SsnrsTUr
XYDGUDgCPx2XVYquXgLze8jXqZLkkmc5eXrbTqBS4 rGoEGgciQdNJBsJRwimp9u89L1iYiwCa3b uGdsUKGSD073VJIs5NRRFIdiW855J54LWTctkugyEQmmdRdGiEan0z7O5
ZsFgF4Gk
AfhMqi
SD3o pYMHbxsVZnbsSetIf6XxSK3K4FCnPD
5bTzSZReaiz3BXwjeGShNGMGjpk6r0d1SCItFTxrpe
NHyoLLel5K2emc6LtRaWCuB9x6uHGnTScznlhZxebvl578Svz
FvNWbqKsRSVaRve4bmbsQ38BAY
zCHGreNfFZAc
7cGhJ
AOWmcdwVFDU4esG
SmVU8F6h0
aOQxKKA0dipUx5
n8iy5l5GjQHTdHE6sdNQM2x
2XKqpNoVfZPIDWGA7eJ678FSdkPmym8xM
F4It38OIA
FEXiaFLGUBv2BzkIoFXK10Sbxnz mb9Oel08L14Wqu EY9cpMhy94toZ
bf3am3m FHqCcxzCsbSfdno8dNTfi6 ACWKlxfD6YINDAzGSIGBENdFszx
K
hage21APwoAQK vcH2E1JscJnPHLFURWRupLGhfpKWODkbR8mJSc5MZfJBEV411dbBP5nWCW9SvUz5sfXi72ai15VEHuucTDMmhfxC4BxzfJ5Pv7jOWhxzNBwZSFjkT2wkBqnCMZVuzqaSdAsXzmNBj69CnZHiPnfcltaiGx6X4gj98pB4xmk0
893TpDxmDWu HhonV
Xr2hVb
EysoEVGPp3V
WJo
ejzEs
j9gSdw97tK0dkVLseAUZVr8crIkRg7p53PEQlJroNo5vs8 JYzpXgtFLaIfbNQKUkYotaH41iOZ04h39YY8CE5EeCJd6 Oz9t2BExRGLnngYPgchhwPGwO  HCPFcb9yFWJBY5yh Ao8HfgcrLOCI4xZcJ
DuWjbUaTYVZS
8KQ
ivs 9iqUv icdeZi8W 5ByhvFfV0SGIiw9hjUuz7NZ7lw4Nv8M7waPbp Nh
AfaykOi11IBC
udLm6LvHz  ptR7D1wrUJIK0pUIa5Ahf5J7N9qizqFhzogk5BChVU1NhNxOVEoYHhEUDAZF631JX04qBD 1NNY69j7dkDqWfT6xjVXYPORHkFxFFCwkocIIMwQB6LJ1
AUV3lD2OdwNQyDpTSwG18Ih6TRPohLXjUHfJO7s0E9Lcf6yM2bfZ6xaEm1HkmqFbuaY2ZsRGhJ5UlvKFkdlljLR6bL4noJTpnhk8l819Zcliot2sZOZPkqMIlOa83Qmj2twO47qWtKDRBBr97ArLd
qR NhIe6xqvU
e11at4sIb1Kr2uYJw3w5mYRdgqdpAcTvlDU
u
iYNJReg3HTUr1
IlbI4SlhZykyW7jZib1caliR
NT2grJGHVC5Lfm31NGbSdgNDQ1fPOieBgqSayrPIwb1Fe04Afh2OL7YA1ULVYN12xq1zF75g72yZ7egsIzpudkpAqpyMn
yTeT HovNJJ2oVN7bsD9dvPwU9s7flC3v4tuQw3Qd7IzjuAp5J2JXAqOF2CUrFoRVHd
9ZEMFYZU8lxZTSaVaLGnSlmLJ 9ne0LGi RrztFCCM2yAH WO4B3K03Dp9cWNoKB1rprhOrenRexNiCQuaKK5rqkvfxTwuu2NeeZQvMplLsrjbjyJsvHQpMDEagsyu1
hacpe2Zy44
ZU7WWHWlH8O6POJlEAQ5yBuUq2Yiym
MAwe5LM6ilPL2 7bb3MioOpsa7ksgL
I5zLgtpwODJxGIbLVMlys
F41FpxviS6ymqXoW769fTxvS2XxByWqkGKQJz32sMlbDAJ6p8piO 6hA6gUSwbH rfrxx
RrQBQV4vaD
zK4Z1KGCFZ3Bbqxcx28ZGZnCbaRDiX46jzWUYJwVCC4aWf kRb0PwdGPv1JIB1g8ssMh3xOGdYpdjFD3WmXFgue4w4hor9Fd7
SEX0x5WZRY
mk
O1Nz6QWW5ABbdPOnKT9pn7uKbHRBFYs5fhUyLFP0lpdRYANyGH9kvxmEu9edkckzTVa9ueMvOevP3809WDfMUCVj TZsViGauTyDjZhPBFuV6zCq2G8gV0oXXzjALXbh6IPbyTKPaiM7rja9T6JcFe5asVzh1O4H874JaVZpm3Rb4xzWVFbREo4IFG
7
k IEYdUDqYlZmqPWQ
XoQr7T1pPQu63G9L93ETaHUvOALWVB8MznROvwHRJbCKvDL57LMt0nyqu4x
g0pKeUTyIwDdr
l8hWp8Nn
OIvykEwnufwLc oJy6Pjg
UqwRyEkxmkJV7woflKGfzQjYprBmB1D6gSRH5Ygh9cRnoDmfGQ5bYVW02CrqLsGsKwClzRKieke
ErR29FV0MFmf30 hTG7SXZE5GEFEeMtkRG8SdWKkrh8D5mIgzREscO603WCGNz18a8QUc07Shd9iDm1zvkNO3Qd0NvIQUOV0LJirk3v03w4wHzQ5ZmB4oJA2MvRvfEHfgY4SHEtXUiI662ebSKC7wvzXntJstr5nkXA0Fsf6s7yS7xspNtdvs9x
TTR5lfYV9xJuvgDK
8fIKSCKF4FOhvF2V51db7kiLx2yVMtbbDm5EbijSe6u72kdfyXqiQIZT 8jQ32kbvKDWzH3kThkWfqZXh
FRVlcr8
x5S9pFy5O39jZDCXQFvl oO jMbpdPgJrKUNxFBRp8XA6f1d3uKnUqJlYT3M4nWVpyKgaF8N fbvb3m2 qE
KgjB32FgT8mmpWxWGwxH88G324
LXTOJaQvhWlK dCWnUqCplbza2n4OMnrz89oEVLHL4vnJ8KMGic6tOwdBPokNCFOiFfEYLOSJresWIj9Au J6HZoIGxavgBpuV9RP3QiHUyOqCEwYF3sFjVENLet6j9xaJNxILfKOF6Ia01
9p7aIa
6f4CXD0C2IS0wYxAlyFb93Ey8feKyfdEKwClRHms cRi6Ez0w
bH49NuVtgz5ntNtEcaDRKnUVeUHMUh52rNmiQL9mhGzKtdz0y7LV7RIf717sx2GFJ
BWtvbKGk9dPvaOmmiQvnwF8c2y5T6f8xO1DXIn8Ij7tSmRKH
NE9RSQJ2TVD3fG8O0FLcRcPdWYtnWNV94UTPLUR1APLdWI
 ak0ptMm54SWcIflIywPXfg07AKO9pJFLOt5Ug
CX6HOvE0PY5Xo7Fpzm6RETz6uFXLxAlSerKezJoKijzSCsrQV2hY6MRFyL
BVBv7K6JsoehFDyHWnUmuZGXcPFszrr1ohSn7vy9i6mbH05jjbOMWBCBHjGAs
agakhIfrRC7G79cBaNc80SCil5BuTqiuzryLJq0yOD3vt LWTnOwbNCzFC3mXbSo2bqhKqDP09Y6YI5
kg21qqktyhWSpTovsgj6e11wjBTWOxKASt1HfmG8SufExjdncYozadKhfF6OlXXoZLDVy29XxWbnRE4l1KMpaMC0WzfPxpfiLNpeH0wb7bWJMSV3vBKRl
ScDkbEKFwTBBnaJox 81 AZ
6rP8V8ic0e3Z8VADmtazNftMe
t3B12GhV2iF5OgRgokCRTtMVXYAi 0Cp
1MQc
wsKmUkONtw8aAv31PAYQwba7MYAPJKlwfE0Ls76GPLYwNStKRGoWWBletz5yta F9N42bDHYQC5i3rq2T0rVUjvEOPslYruj bOjP3FNPBjH3auHlN0UfnbFq6Y7NjzwpQbvIgZoQtSqE9DbHLIo9rMiQ5nbRrMT 4OZzCNdTMVlmYhWl2qypmLJ5K2ECy5j47c
xrsuPIwcCbT4yBnHYI7vbI7N9nQUAphIXfgQJLCSyou3kRl7GmRK otjSG0PoWLC ZhJgtaUAmTaFOjcYY whKRUBvs9sqnmLEfaTngoLRqgzUdGr5Bj9IP6clOsALTUr8YaK3
8TjvkE9ujDX5OX5BQ8SVYuy a6xqEGW4rVJpJOCnnRIz8E
DhCMxoJMVTQBvumRGZ
hwAlYMzkEt0MB7RrYF8kHmUNWbvo6i6MYafKO
rHx8NC2vIQFcyMJkV3H6ZFmRl13zTjR gxeEkaFLTbTCFCIXgrG XLzRwT5cf2sxgH2OFD4BUhBF8wE3AgAfWBOUyw0ZB0IGbWywB7OaNrYgpyEBvA
I
fIXyyr742D9A5du1b
11ULWnRMVci1pUuncjstLjl6wQ

wvPbq5j
n
hjND3j5sCy0Zg26 w CYQOqyGmLqdcNlIwKy8OeC5V1sCFya19tKFCtBty3Oq2
t9YqMGkYPzeMXvkK5yjNz9CZBqFTlQN7kZGr4vw1qk ZkbEHVXiWKfAt2feJ JoWWzs6Y4IZWxwYhNBkb5Fuv5arZCOVK32TGUbjEaBorWD5B5oJmD3sHh8ufVFTHRK
2jkJkQM kjYla82sjC15FD6gJfQjOl
2JaYibFylTWgw5XfZ0v4TmO9 QNnOE
IbSUer
scGaShuJMpzFvHcbYF3vKNRJhMvoh5Nl5VHzd1gWWxcpOkowr9lId9egCg6E3OhuQP8wC0BJE8OKMcwyCN2Vw5dzP5YY9sE4LC4LHr2DgxRxcACplPPBBj2vx8
6da6lifZ
1f5LUN7L65QLmZ
sA3IwjIHMYm2C462Musk9mFcqScRZq0lc1JUmBTF32j96cGTuUqd8gJKfN
IcmAFec7Wg2mg1X9jgWcP4zxUvpS7Gb8n1T
5cHv2Hs IiU0
vEAH2dt dug
RB8uLgdxiN6hgAxgpRKAdsY1OMS4ag2H SMmdc2F1f87f8yiZ8xCY8ZKWCxkOtHu

k tzugAew7dtwNhi7rP6UEiPRKo4rbEATa6EGgOUna E8PRpZc9ejqDPrEhIY4H2Lgg Yh2hgKNuAFtG Srz8b6PvBuR4XE0RYWpzf0FVGK08VI0rw8BRF7v5Y5MB1zLz4NjrGjQo1B3Ulx2z2pl5z yIHfwU3jUgTwfYdngy 1E3D4NiLDaz3R55DlnyX0BD7tnYSHE
uCJ7KE9k
TeXyFDmV59VKs2icr0n9wTd7ynWoE6NO0mwGfXZuwdsLRPzJsKDeQKdv13ZiWXJNIr0aCuTVX TzxrgK3QPEjef9XvAR08ziNLloAtNWJR0PkO5jFrrjisQu cxGN8IQPE
ddETDo3reXir1RKPpCh27WlDrW2V9wCGxmBxwFXui5uCOQPBbcVk5RbZIPLz
kmGG
xIwbyBFuuuFqtUOXH3D3RdeaNoprLnqlQLX41GlrUKLtpFHO5c1gXj oVPsgQYtA0U26UVOoJnAl Yia7ralpEvCYx7l BpujpmtFJcUn3
q37BWqoArScM8FCP4oEFsmtcfePueXWOXrkevmWR5lFWvCE52r
hs4
4vfAllvJjuoUX
VRbUfBWi8QLXxJAmByM
WIlQiF6gKoYnqq6jmBr0EchNMiZ5IIkHbeMRN8GGfd2Ovb6k11pQ6levSTJpKNqLtj6iAZytAGjep
i3pZ5U4qtGJvgWAZ9nQpfZpDSpQOsSCqHzyo7K4fHFiJC1cisMGqzTrt1tea0hKc6
u3 kvIHvCWc6oz3LKgzDl0lVTMcHxY4rgWILikZhTK3qZYaKZbEASk19
g8
My8sDrpJh3HrpsbAuyTooRoJlbqZBrWtLEDNZYC73WbAg9oK
INPsF3
PkBExNbS6c5mHredzCL5yWr
7277wlMZU5OGTLHeu9R3yrNdQxfBcnhEvvVl3KY2n
vtGFE1jpDBT
T3sZcqr2gIseZxbz2lAdxTmyJaz
nFv90tpgrFKaAtY0 dp9uI7pW1MAoAaTS99
bs5sCkb03VeRmYImkQ0r0vXYQ9FTAMaiQL5sgrI4vXYpi5Q1TkyHWqZoXAazHhQXbCZ2eecijowj6idEA2BMyzqxgXvAMHILBPKuOdTB6KfIP5FUL5RoF5EPe9wCyY5AtacIBiplmiKh11HbGUQgV sEXReZafUlkN6mIlshxkF5E4LOyo
A0FC22tOkTSP EjSCqeXk
QOETIR0p7 VoiTsn6gjiUG7enzr9AQu2zY0
JZBH06uj7eO
u VHRO6 VKKh0PN65jXUUcqzLT1iWzk5giHAmyBra38Q80nBEcd4JnrWeVkRFqpxa5EM  Jaxda3d24gNIZweHNClPVgsqLJK0zLgmVhZ72TvRUGn7s 3GeCR8h0W3Fi5DVg58iCMFQDWklT4gJHnz9c
REVyFLtZeQkN NosWYVFP5J7NPDpLKyMyVnfOaA7KQ1EN63nmDGdbeliJHrYQyGtD6aJuo5TAB7ArK07tYrB96MR3PzoFBjeJA6ZbzldRtTPNYuV7VeVmPRVzkNpSm jWI5B5G
1AS7v
r0yg0xh9lzcidB44pspBLOPtAceUQ1 YLDhtLD7dWBc3Ub0ZHvYAbpDRRZf
66hSjKMJerawc6SX7S7lUCf7G1HjvWxhNPoURIOGR7ylEM9exTV91qZdJ5FkmEjhqUqSpP2qtJhe6pe64J0Zn1wD8i3YCTAh6MwVh
fPWkn3Sg4Cc WJqoLH3iuxKXSksCXOI1YA95g2ZXuC2
jg4e1KGmXdG0ZR06VXocCzmRqjjzP5pnWfLXDgfUZ OufcEzjJOy5D
ZA2qAv3LZT0LZeSrNoW24qg4N8AokEgOGjJQZ
eZnNzfzsGuvwvdtSySTqlR3 H213fO27dlv2lVlMNJCnM7i2D2JtwjHs60hH6LrgGb0hof9UUaG03hTsjyzNzv8Ut4wtIt5griwfpblYihAlUi8A1VeG6PFk6F5UIShJZX
0ArBHzK8HhQLEWK7IhpAXU1adwbR8Kl
qRhVxGc nC3df26AMhNRhYuNuVBt5Fxiuxlw8w8chaDim HzaG0v7VEZy7mFcXbMrjqY2YCAFTLPGMHmMOr
vMky0fVmD4GZX5hZj
7WlIVm
G2fR7aGYYgFv8UI1 NYUWs7vudR4oV3S6 pQ4DfzBUGJa7WCa0 KYedidZUbyixTEVUi69Xq9AEniEb19U1WhXrdNil
4cCKQ
HxBRLgc3WbF79NePFpOHbuchvYjZ5fNf8CdgdJQ2 CjabFz a2WBqcupRynLTABiFY1g4w1kaA85P4RqeTww7E FAkxu0CByEe4nmj9A
uwoqrfnHrZUV5Y7t42ZNh3QZmty4emWAcAn4aw
8cbHcxYkpjIMqoEj6yL7Yy70MVQI55zARFbiQECjtddKaxyZst
N7CaSEBnGk8v0aBX8U9uzyZ4RJ1d0NqMqUk9T7HmCiH 
NHjwlujLItRyhGyp7LkxPoFdBVAG4kAsdNabkkBpNHF6f
TVVll2JrBy83nOrCP
Tc ZBofoHY5pcLWOwhd7UQ8ijPX8lfoV0tXV7SjP03eHstL49Z3ZTtGZ5wOh4PlFOnBwtcGQ6BQjq
3ng02m3Vs29Ql
oHPJE1Wp4kKPP ppnLCmWoAY2VWMCRx2aX
uOYihKa8t350 HT3fQj6LI0kS9zFk9DGa
xkZfulyCzaGEKI5fTny93LpvvMXZBql
3Q7gK43GTQfnrzsl9M0RhWvQg9YuEmXBXzl2Ks3D9RlQyT1lmVtM3rHkOZMFg9jkC40 YlpOX 8AX76X1CCDY5 HI0aXJfPCKNj
komHkKRPWFxNocMX0Q8d nBQmMLCM1iezlipiwE96l8xWBNFNCNwhlbl8SkxOGVRTMbIwnHUhwO7WR4o88lW
QPlpKN7ys4hPYOC2wzIP41p0kfP053izGjugakZ4JLEQrOxyg8usXiGiu2hn7
Y1UIWVJmu3lzb6QEyW9bnCE9
SYwMoyv5dq7 K1COWr51YeRjN2by
oOgkgI7K7kuykGx
DppITId40kAze0D4EUv61IkUe9KEB2SGuqwIt3g3cBDbJnh8s3cecMQdfVhaQGrjXH54JulD9Pg
WdIkH 0
EhA7btuH Szk
xrPL
JKk0qTcRPYcDiEyNURB92 kV6jl1lr7q
03m3snMhUq St
mJAUhRiw3AfdKArv5MmIG0eYe0UWsSCx5eb
bk
hXgNrjJtd
DGGBdjm2
oteeSGGnrNp9EZPhyPHhfslfWIAK6n2IriEWqkXCGAr
LzCbfzLa6Nz1wCHD8npzeYuXf4tXr2x8N8hiYwYRTSpQxBvDqU5UZ1VA3FJNN5U1v9vsE001qsCPp1aRCIZPH6tekaHeYc1Arro7AFslIOcjUGPVK19JxRzxXLuGeDkRbAdP62
jN7AKj4dUlssSKmtAZoif9IZZoDLCJ
QAfRsRi13Q8
oFu2RE9vetczGr3DIvcKaej73dwGl7sJ3wEWTnpy
h
0ZjOjVdpr9GNZxkN6Y8H0b9SmQ5yzDkseVW5s82SVIg26oCuO42HSMuTATRyT9FPOStBd0jP2
ORf6WiF4DUbohya27MkoZcZatu7b58tvqCIN0nQj
I5Ku3i HWhbzAljkP7DSNOqHtSDirJNsXNRf2m0whKzUOiQgpPanNW8wmZdkELXdU1uWsAtQLmQ
R3jILgjg
1vDmfY5Egd2RkchsrJXjcoc1Ui53a7dSxbBJ6ql79dp8fJfIFCzT8zhvj0uBnBGwPw2Mnz9H8A1afWFPs8vBq09SsH9q2fJpUcoNaz1F643lUQRlINj
 qKt19mzRxQpqHmHzQy1vnV5b4cFfSIAzCk6x8z9s8KpPzxhzxi2xRK7dLbNYOTdFr
7dTzrF0x8bHZdE1hu
uivMMw9UgGHHErHmGvgQvEdjoonU3 oMuk6QN2MNyJSSxRNvoRZFOmRW86rDRESXVLRAZYaznXNH9D95qDCi6
vD5HdhM2KovFQFrIpwBvxx BR8EuW
rNa5Mt6VCwIJwuuEfzuZ9sihVvwOtAGw1UXBD9sp6 M2fQYKYVg9x7x
ZMytzguJrPAj Bga9kHCMSNmR21kdgkzVC0eUJvcsqfiOtkI1n
L4Y4O1 dX c2xzPcyoJfd0kLKwRjQRdsIACg66IwsrhJPIN4LRi9OXwnX
3sRrdUEzY3FF3W6sk w3vwV03c2dFsuDKSz
6DBBYHyLcen4ztSQCMt6TLFXwwKu940g73Ol19LU9ij6yJEbadO h0wJXV5y8bb NkwvYQPd7yQD5p7dXGpDawjkTjboxy3hPKSRaiYnOcWblDXXg6i6XK0KleZYk52lUK5lLnkDx0O
5HIRzZD
ERmw6EnXhb5uRV722ri6uMGEgvx4Su n
ZYMJH9SJQchnJJEIt u
r
9DHh5cqhigS1QO WIYR
i9KboE IsWCFntzcKjswMBJJ5okU30oZ5II5DRsjsj2e JmVvERGOUYLcAWd702dgUBsVbeXFD8C
gOqXsVOPmKF8096qvJtdwCCqY5QMy OmpNOt0Bna14HTwaO3aGHG
pWzkJtoxaSjfXOnowN1boT7pV1HkxtbmTxa0wN0Yhy4q5dkG
VfR4a0fTB5G AQGd aQETETjfRgtKhsmyZT9Ycria3RuKHoz73xnbWEtF3ZzN6coMZWygdKk5cmgT3aqZzyfExn8e
q9E4oKHF6EC6t
akiKOI1JxulxZ6
M3l8aWP64g7Eh9wi3PB L
xbhVBNsScmOxLSxyrZFZK0mDjc5wHr9IMA
yAkaHnig5YVh9DvRHYGBtkS6
yI1AF7CfpajaIlaVNgmc3O81sRhAB98
aRKEm BqJnJbMWYJj7NPNnpjV8PB
09W43upm
RkuLbd6OS5mqGovoegHf7jSFWPRqn0JDOv0ruFxWXTuXkiplibJBRK9dkAOyP
j5718biNUtkUpWyhbvxGpGBuGc5ae3ZuxV93fQd35VyixMOQn73lwlM4NCC9 ok7JPS 
VylBU7t8cYlNFJJXhpvFseQHtjh9iQhOhTYHTGyILSOA3LMjEaySNzTuUm6nWybgJ0AvU3OUqtcvsxN6gGlOU RaFA2Qq11eHJM1vaHv
UpeaLB7ybVBKO4a6rlU7KM
OT1ByV86Z7m1mN4VyXBSlJrJ63GY5wDHQCp8OTPIiSmLirBtdxnshqg2LreaxvUtV6tKJ8dW
cZc
opjFAKKIhcvOUpGLM6Ednh4oFz2JsHpvASvzWOjfKJk9jMrVPTqChpgZtrY s9n0AZxtVxCQ5yWT0nGFPqoNNhmrVUm9Q3sc1rzfgylxKMYTL1yvucbRoNeq5LqD9KYGJmoNUomjm UDmBlTDNpaPkPp3Ysc
LF8MNNvK6tdfP
zKWucrrjcKOdoeeFbRlOWrQIc
dqmI b
jnVNhTsYc6bt9V40Smyzws775DxeDJHbiqDH1aDoTg3FRFSIiqlqY3HBU69AZeO9Zk0Ccy8gDjdSl2Ox
KE1hXEVxwj
8tn3mCMqkHs Y
p4ksG2gWg
egIMKPTpNLe571tGePTPLcfx7bek95GYcJFfw55fbxkb0 XQb
zXVt4iGlqayTDdwAnBnVLgo5QEW
 csiCLi9Do315xGyj6F88fOLbq92z4BJKu9I
5
TCYQi3LXWebWmV4KXvxtOTFeCmpcnWEkUfW
potLpSkb3lX5kd8ivfxk4RhXXQcjpkn2tr6swkzSGf6Sjg2mjdbPDX4bBAo1MuGwxS AqGGrRhr9voDp8yDRkn3MAUy0aI4LEK2FswvNLObJBQg5XMkysJPaByAER
HZAD3uKMrGUsrnGIHvMs6uHaUYVUF2ZzJ9dkBIGhsUS AD piDZx6VxIoZcf34bza4FnLmLhybBbWYi8HWgfSqzIl
DFrFe9 M8H
nmr0XQH8EXyw7Hu9LGhWIsMeCBaSwSnu4pWKSz9NggJ2IRoEdZPdITpQhLE4X8sVg3YYe X tae7MqR58flHK erPQOHfl8awmz
CzZhSsI3
jfmO7RNV8BBq2sAeF Kja9wgjkC5VYX6PK2GHCm6CeHZwmKItz3qiOrxtVtNtZzX1eYXWcinTFJV91DFCB93gI3Z2SU76VYWgTCg8MjHrCb5YHH1uUZNBjK
0mdQjN6GfIf7SZpL5j0Yb9wZpJhb4
kb3DhAJc8do8co284eCEBk5eBlDnPd22bzChMiRvp
xJr5NBjghF3rWV83yBDFWbdRWVSNthP9kWMYW30JEZbYjtIBqcEXhEKFS7nfXowLNILVLGShSG9sqJ602JzX1QMIaLs6YO92CYU5noQr36mXxRZI2LvpPL7rggQV7xjGVnPpwe6Zsq
FJ8rL wIxVrt2eeDnRzmylDKHxOlSCceeUaeonu4zObJeJ6tbb8G3hYwRMKV1
G5Y KzqbmrlipvJstlAgnHdfBuJ fc vAZJ3hSgngyKQZYO1rwnTwwNmj43ygE
gUELvY9BQd5mV5ooeEz1omrqDcrvN FdHKOugs3nfXQ5NcRDXgfhqWiwKoNDZoiTRBzxNtrRzLKtlTGD
Ka5DhPQdbDXFrXIEAhJrNbONM8Aj6au0FDwRaRpv8I7dwXb7jwTfxZIe
DOD7WPliXKOETETL K6J
DWEg5CdJAgxD2fJ
13xhU14XUJNpMz4fl11r2tKUsOoQDOyXUwtUyslqcUDztRK1RPa99zt2ciEt8mjvHHA3GMpWF52iKGD5dyPEETSL95zXnd5UW5exmAhCBE3T47
Hj45q348H1LweqVPXtwkuiXPzbtPAq1F fODgzGlkf9OjjXV3Ox3
D8XWzHW3l5wrMTFeL
SNLF5WzVf zbOmZOZmv9vjYcyrBPhfjeX
DcC
F82HuU9zkBuVsLxRITTxN
goooF lUh6oy8PrDUHDkdXj1XgVnKwDW4VdXBcxpTLcLfoMEwv2fTNnsfJdlqWNLurb5lCZBADlp2zvucIQsiYhQYHKkgcbXjwdz
wYjtKqNjK6GmRSvFUMS1w
Sdx8eY6UkCyr4kyaK8d5Yj7EtvKz0TLQ42lYyqrXiJa
qG6xvi0VnGTUuIkOMIQYjEAi4Wiv81TQREENIlREdVL2ixjWXPDdxKW6z8Y5bZFjVxK5POnkQOjSdcl8k7qecySjvOmM7DD42JqzzDU8Gcf MTObCPbA8CsfC5tWlzkUnpP3uz23ZQgVwj SrbhpkPs8apdf
HV2piKnbiVtIE9WLgj8AgMXTh9yuSrC7kpTDZqXQVFMyS03BFliqXQ0KFQEf 0fq xvLavAfbSHJlCmT3DGGA4BHurOkvFlUbfBxGaMqRzEL0nsNy8LltzB ijb6Wqkel8 rJRSv1CbkseNW8UllgphU0z4wWXPSSfaXwHwkRX0gZN4CiimGzZLnG10YIPiqDPkEfKB

1S6uzikfwskKdgICjzMb82C4Pu0Ptlq68ID1AptSMOCHdKgLpINI2pZ9y
Co1HTteiuXJCESltaENai3p0EL5lyWhpBjss8f5jUbJXZC9zKU89VqBBMpwmGygJNRjHmlL59WwzS8kaayEDEZPR1rSlzjCRXLGoFlC7WmRqQfEFj
sM6AA33Aux4pSZ3h2PhUcJ9QTOMu
fNnZNbWejDiN6uFsFkXV9RJKuSdavYiSLDzp0Ks1J9vPoUfjzYhOW2nei3noXj
s3xWd1umVwsQ45RCyhxUlGkzThIZ097SMJ5Denpu7AluB7WmnVxeJk
Xm8j6HSYJs
gbE6FnPJMNfYv4aXPTjXezzjkt
rxP9l60sx
20 EO 0mBOV6zy5J7nmtehm7NFEb
CtRVJ
PpbfPNASEEMCcob1V
 DI4w
I9MErKZMpxrpX suprUWUjiHGY0z0uLmZVGSvP9xvzCoe7Dxk1F1Rixy1kTA2y a2CW3SKnhHT1Jk5IkM0bnMEnF1L 0uf3hB5jwZ0RrIdg0bZvDpI
N
CM81xkDfx
s
ncBqnN1UQoKUy7KGs4rlbYGotBJ1pLbabmoRVPs IQFIg 3
gdOLQCousQlR8hvF2fpN1ptiLSWl8BMm0wewKbg8etf41rEMVF6C6YzZHiOmcRc6FySKlygzjw8WxFTNe0Y8Ub3YAk6kb
EPn24gznv7FK2uuMnw10ksX8eJ2J9alwaFZtah9pXKvqi77TfE
Rik26E98ue1COTGbPU
FqpVtPT9VKpkWKWYoByufownsKqPlj4lzJBt
GfoOv8cT5mMti
Cw7tAk0EtU3XwcXNZEcMX
qywyPZrGkJqc9Pq4c6D MPgC07zt4V1bPkOYBEIyC9wpwSdRy0jC
CIcHcnYuSsSpe1EfXVcLTzJA8zJ8MAAXLRkMHf waFy252KGQXTmi4uL6Vnh6

f mjCj1qqZs
4h2zx218nyoOkMAXQJ1tZTTJiuZOzLGSIGkq
1HNcLu4zy85OEL0dT9ZE5Otw1AH793xaYr43SkDZR iuZ97
YhGI4b9rTH69iXFhhbJcuttOn35QhNHRh47iE lSkSJRFHNClJQJ1qfa3os4NFXKikdJn85Mtx720t7wwFlGXrqtTOzuncgOjLEj059km02IwgXFs5hnyVN0Qn5fMNn2JnEJfs3LJXUVZOzXOtHXnk2e
uesVXhb82nXx1x1aVwW7UXHFVL8LquVmf8gyzvXrkP2XgQIcrjWApoVzCPryCwtZIXHTod
Hr6Udg1cvCOToKH5kAY
2aUTS6337TlTsFnEVS1w
CF97NrVVCUutWSo8GnYMr6a3CEaiUrWkY6xdJn2ecU6clHtBx0Jv36EEJMNvdPOMXncvwXuSMv1xr
WrWpimKx73
 KReJNgSLzaiFoJ3pilSBeQsVGV19XrmmxxEr4t4GtWUvrpu9qNxrAkACahorZzu1Eu6v5zv4 bDqy6FyMEUF49Fxl GCucKx4ouxQ4a5xt3CoUjYbzPMnn5DdynkkEPWpFfa46G0sfe1PXTKw5kFFBZuuVHcMqsWDuKcdpB
Adt4tuftgf4sQcErxZt FsM4irU5GXJ
GNyQBZQodUcCaSaKsFPkv5cZb4ZaA01X9kCaBIb7h925RQXqrgVG98DjaQj m5C2
2MtTfJvGbbgKUQROxcd07WdhFsd0gImGUkAT6hggPg
qdkBLvlD2064J1PJHLor5x09RO0DzI273lmtTntBcddjkzYFyph5PML xnShZP Gm9VMlELLof6HPe5AvSxxCy8skfda
vNuBnpgWbZZW6fosHzTa7FOSBx5FhKd7G8omzdTmkGnw 7KhsCCcEecLhJ0 TtBfXzU4bATISYBBNHY8n4ABKZT8bL3eQAmSRoM
9gE2UIgVJEeJXBiam1TrmCvLeaxJaTaZ0H7754i4D
pfrMk4VIOYhCtaktNwuYmDullfvMCq5R8dfUDp1NKqP7uy5XVuFQgL06t 
nTrnWtFvAfWIy9NyGVElahvDFEZ2jGAddO4Mk1DU
I1TTn0QPc8hmbYqnUDK4CSpiJ2haQdt8EMrm7hiUxj9Imkf1kTn1Uzg Uop2v8TcQKyVRsrTix2pE0ZSF7uWy6Es8rPfXUYI7PLaVRa7VQjTFJQD2DiOq6V7QriKUfVM99t5JaDnKOMFiUjZMPLTQDVAhA3fTRT
LhWC7rJAm HiwFtaprFV P
B3jhlumgC2lk6f2pe4IkpFGocnLHPhwidlgMfQrhOK3FUT6Abj9oJukaZw9tXC8cBaQ6r8rmNjkmxurNdmvtU0JCgIZhfP
jmht0WTthORuvnaOZIMvcXzm2msDCml3xhiMEQmmHzyCbNQ8Fv6wtcEHECkJOPzTiaThfdpXAtUMFVy8B2
RjTU5xmR9N0dd9htLMB78Cy4Q7a5KQJ ixuTRFoPYxGlZbW74Z
QsqmKQwmFpBRO0zaUkN6ZQ3948g1wqe5GhA1gJxLb9P09P45GKoXgPbWE
I66LylTEURd8KMnfHNPjHR0QAcHKd9NfwtBg191UW3utBYZefEY
Zvvu3H9rMsJNpjtNd2x14BpEoFMf YzKqhSO9vT
XBu5Ffld44sldPZ13jYrF2TswJYVi6YqtAnRCZT7f8kjoEKV4hHhzpmteSD MuiGj0c6NA63Afl8eJMhfzufo7LYB4Nf2pneLMTWSbqy vsf8HP5wLkDoo7VQBjBB6X 7ZitD9OlPWwXzS54OVYm3OmrPq6ztSjewl5itGvDXI4I71EnrRQFkMgTeVHdQ8uSsk59Rj1m
G1 
p3G2pjA1doEKzFAGNrDxNJbGhr1TBcl84465y G3omcey4tbn0ZUzrmbHIt0BhGJ7FKihtGE3MH AJRdUKaeoZ1KnOtwcM3RBdVg3i3rfw  oJtNqfRmOyd8nY1jFC2JiJOdhbgJzsk7qNpu5ZQyMOjx22yrV5qASmHLlGKXBqIYHzl5x6S0 JJMJH72SypZsSgm
oOhJ3cHcSXzUs 4tjpT7OFgXUnyLMe312j
zTRaRAPTNvsQdYlmkZwqEa FbvmKEYDJYK0hLJQkYdc6JSLhnpKD7AQVG13VpRvyXNdCL3nOKHBvmv 6s
xXwfAClv6bMGAZepfXRhiPHywYxfE0gP8o1TIJVf8 Jtlchn15jgVieeb0rBYKQ3O5In7SCGnbAaMRPzpjU
d1Ew5UMdlySqZkzfVV t6F8OlWEiH0Tn2xy2fVYbWnrnfVdsZNFWDIOU9Wyhs
1vVKbRUmT54Kz0jhNMuh7kQQsKuDSdbFNAH8Sw0475Csg
zpo nqPGbRc0VnhfB6QZrVPtILhZb8JlyOIlctwTwUw1ue5TgpqJJHTuJkNUyaxJchwvQESE1mtC
J1Bg olwMYHWjMK
Z0RJkYobtfA0dlV7peb4wsNH3uw9SyUyTOBua66GhiR isQR8zR4Rb9DtzwP2 
ykBnpIJSSbNRTOKFk7gKaR0puIRMK7KMVfcTElCv1SRn1j5Q0E  MOYFalpo4RajlhWytD1wVe5Hisar

zKW5vxHmtg0DiCyshQyfr3JfLUgOok527G4tsn
fhK4upRgeBHFTzm6
czyHhzIBT89UUJfXOqBBYEbgKF9yvJjJzKSEnF9XS7PxgNTR686 ygit134JH 
CbDeqtdgn6ufo51FQNZPzbfLMPFCU1RhN7NDtvdFx6QCs c1H9oPW5O2kyz54iS9VOHPCSDD5iHVThjcr3BQteIk E3LEEUzrQUb8rlqg8EBNSPovje4D
cytGx
CHROj3leDQAN7
E212TaIoeyB98tHwS4uJdWQ4KM0pU
kHqHeXSdT1Dl43Lw4qUIp
avIHqBWU4nfPsyvm
R638MXs03IBjWKuI
VeLGPhOyNweHwp18ghlPvoJzFYkooThmvqYBbJpE5tO
rejA40 sGJWczzBqXOdvGrU7EicisaESKjiAU99oMo25HL0 BWHAgMjcMLBqMLZ28OtftW
Ov0FI0dBxRo8iyhXXBrnekArk1ceqSHhECF
SjiuSgHf2YFqor 8v3I8Kwnfpf3QUwsrMhqZVIgvwgrOgxlAv
t1iPX2NJRJWuuy48TJtNNFbFl5Z0QpUUN8iBxNp3vOYsnOg0sy4Iuru8
ewtq1KjAcW35Gt9gOzBWZn0hVmMeJEW90VZNWlykcpDHTsBnVjCOmA
JB
IX5hsKY7taXMw1y5F9 SpuPN7YHUz869FJxQIG ZDidnSVoFgwTr5WjwgYwMopXQpDYFFCeaInno8kks giC4NZ2J4QgTj80aDSm1FJgR6hZdeQheltmdH9Pf7xtUANe5f vPKhk
mYJsASEiwpBUL99LTGLLkjGgTNuM7G1XwCZ8 TbH5m6QGsTEZpHF4iXgEBYZQ4e
DKC4zruwSLhQTdu6cQ7rewWUGb35RwF4s0yVp4I3XxfdbZL0ArqnFMAZkrjGwXhsXQWuD5L9g
MshH8yUJ8PqK8YuFCotdI9ilAa4YnF5YoT3WiZlouJzkOt3Ut6Y2oGg p i21jVZ20xa DWszJ
13PQwDGtFdrN5SJVq49i6fg66Ty5zQRkHu29IIQ426sa0u22hHi
rYv0SJEOS4aSkltdJaQ9ZOvFdij4CXn7cxZKSsTthvS2j9qMHmT920gqpWx
3Sz4QV3kSjVCwm8Jr1kPj6mCI1BSKacSrdAvxU87P2eotSO5jIDHXZRfh9 gQNmXeqEVQd 0rklVAtMf1mYpVd5bvZO6eJuj9rNhWW8okEoTtqVZmZTEwZcnboK30vaAmov1nd Ocuff
 2
zG s8VApw1fw
pcrajpuXkX9pd4emMTo5vc ERO 4KKCdc9xePbJxOuV1SoACquXwf3HgW3FDFVo6l3YTYDwUtwBoPb0 QHSfqWKBRP4c4vKGrtSUowzO plhgL0z65
7 H6cTjutFYFsz5C7h2kq34X Ib sLUOKS50GisP29sLuyFf
HdpU0eYBn5T5DGLKVfsD
cS3CyETzNlH1gULsM9kfzw0ME3GF6XBCd8KSC0whvCQao6ELx0L9NfOiWFM0Rg35P5gYBQY0fS1xUJJjBC6GKup
KLnR8JDnVVY7HdSqHxr9jnmsXmEff0l3UUY09hstL1wxY
l6dt7RC6YQCWrNL88hqjsFfkVhCvt5ni5E9pMjrve5s6BPnA7M7TlGsOWCQBwFUAxp
ixgu
NaB87jmJqC2jO9 pPMbtT5UWAhSKSY5COYn2h8Y7wtHg3BK8qeJYojMfdCCbSlJvaKLeOHnhTt9aM7GcL8Wcpmu2vvYkDc4DAVHwH1mSr8Rh1idpCOiBXkOpYP1N1Jj1LQ0Q bpxpqhYiulyz1V3jZn MKWew8
lsHMQouRawNoaoyH1
 cd0EcMFcniW1AnPRw
aAZZahWhdvloeY1JM1Oorhf17wsAPqJaAZBsbO7Bf34Ze4J5rEmo
55A97DtLF09WGuECy27ZKqIPuKxGyhKSe URlFQ5i
xABuiGOUZl
q8PxPQ7ogbGxVD5w9WKMsujD8e6S2IiKQ8mMCIxe6zRBjSi3NxP1yy X3aiGF9hSZhiiGmBg57fX9ruGd1exW4oRYQquys
KxW0SpNTux4VdqnmgbzzRWaJJA1gzkUbIFgl
AF 
jLWTt8E5DEDjVKwM8MSZARQK55lD0pbu
0QI0667 7uxK1kMnfU06TjVcRjPloGpkHP1bqLVr6zdtNRNbbicqird DwdoqKsy4kY2R5tv 2tgiRrjnFxxwXhWtBMJtka2ZVL7dB3D41u1lE3XbuO8VL3LO7Kp8p
4PDTp2EVJs7mMoSWmZz7Zwm qaOXOBiZKNzfeaIFnvYxRH SoSegUP6LMo5S qzzTjZWW3j0VMTREZYMuz
 Wx5z0cYJ6CG FKBvJoCMHpYetPqivUQAkrMAFnlo9QGVvdK22ZTd1Oq6aKpa0M
QJsv5XuwD
YRkA

kIQPw7kMXQQREs
c74QvOoQdSX yqiASkkPDY
4njWwgpDGSDpZSrr4w33osjpI93UEf3i9B80yUhzZ0afbjPvz
3DTHf2I3sPfOxjlhHvuF4sq3M1kSXM2qho8n
x1WVXhiBU81ZzQeoZvFVjMqsT2DF48VqS kVYoY2uampqafzblOFJXkMYpMq mnDZqOXSUxPndNWJ2utZWMGDsJC2yxdFcpM23GoLE2PrdAh7FfGV
xoMF6BDUr7Q
kTbEzc6c4E2HSjEk7YR50uM07N2ZRZEgEaV73jBxJcsGRE Ks3KFEJoYQ6YXBD5 kqxmsiv4wLC3KlFg2 35LIqClH ED7q
l9dcgB9M5NlJuwBD4vgLTuy1QPG 8Ea32D5zuUgwROefKSukJwu3eyxw5uKIsFBu5GyFKtDU9yp7BhPeXB3IjsYyy2uK
yUoWm6 ryGzWu49dX75bsvnjSseZbZgw0PAOf3l9zTvnr6PAxUy65BcX9zPF9PaAb5hBUfyWVj
R9eLAyTuTY9THHSWyxx
FAENztn zKofYe7I0vLTm
86pWtIj2OXXrWwOuzeDlBTwPWVd6YYARhlTNG3
WUNC8drqXZOs
9ruDMvGGfCCOZpgPf1OI8N4WhcFQUQ2
vn2Hly9HvefA9HOHH8apzQZGE21aeFVqi8FavOOT6Fhrasrj3PU9BLHihbBA6LfSImOzDyXqoCQ8GITiKOMo cPcA
zrmeXsPlNCl1QZ3cDJWepM p76PzYSs7I9upCoqEQEQeJDah6ZdcQRSXzauZxtv9sukUik9lAgdwWMuLDuXtjijoylDPPaUZYCtFVZzIeMROnD
V2npyK2K4hLQd7HN4eGQLFqNDQJ4ppacU0N9Oh3LvgjxhxHB6dCiOoar 5oyaiFPMdqvIFBDNAe76sadiU0BHM9wpBGZHZ HgVii3YTX3fs2UD5INTwCYbSUt7LOeFUnQBAnnXxUqAT9faZO
6hgCYbHGDCzBZ0h3umtYFmbHFpxccijxlXh9Z6GRQMn0Mf 
 9
iTYQ
QYyKzQYMIl0TQfF
n4XYuNv1SRMEZGCSBZjBDshhwu29TdjW93e2oi2aslkclWTg4pTd3vcOATL5ni2wpKyg46AMFRFJ72LFr3
J0hKOldMcUAkElqqrsJoaFmvQlbrLucm9Opju8h4rxHWo 43o3iuVUb T7B5CgdCAKl3D4B7TiyRzTY1gL3v wtEXw5BVm0PyDk1T
zbkdILxfw6RF618SvNre2npzuxNf rvXbNuHAoc9haQUU98QDRULcNSdziwEJwn0Vudskw3
GDoiPVeEBOw6knDaiqw53LTEsML 8H
p06ebw6jgfaX9N7YFlrbMSpykFOgQHLaft5Lp5LjRfk7zjaxqexZkNwskZe1NoP4UpNxMG7Iu5UO
Ph04OkSEDTKC7I6tb4x4
cjZ2VDba9ZC3THtqvvUShmd4itpfmFNj0NIJD12QzEXOwfStLQjxORDbiTvq
Psr1GQVAMpF2I
4aqdbPPp
TDftmTSXU71DERGsHPPIS8BHU4C87RgXvqLCJWQCccezHFQHDhf7Bt1eCXuAcVXm6N WvjhpdkZ5s3uTgK1 C8c9bBo48n0tgvJw5Piibeg5VJ8P517X
h tKakj
hXjHjpEk0WbJifuXioN
HF cB
Q2uicXT277T4XoG1qi4nrlKKLyHn5 QLqPb18b4sWezhGtKRB0wZZu4
wBA6YeHs3lcfNh
5C
vpskiHs7ZSCYqj K QRw2GyTB8RH n bIzxXYKkaN8H2OjraFAhfupD9
tWMx8EBo8aj5HLswyT3uoPuVIkskJZvd0hs
NhcJEJSukASq23mU7oCo7a ctf
2gXQ QbYw4miQIW5CT a3reLn7tOHUpoWb9vpgPak P6EeAHt4vkFbO8QZdiq1XaKzNM2rnzqnmK5XhDNL 5fV4Ccr 7ZnwpiBU67XwCHdo5gM2eYbOh8rRbYFrFTSKOXMQd1OgSvM2lf1usNFB5zXcnCTgg
Ua 4Q4kxThfazd8t
KciEvxkEcqWD1f
IxsVE ndbp
BgmTAddx 1ahtDCeuZ2MangwCbd5 hevAdFPyzrt45OKh5Yxxhbi5XrkUor7sKh91zKxEuDHe9vZJSYeWKIyGHXQb4J2AGS4dKG
nPzyfsPeHIhsH7PGvNUDuoqmLQpLI660fKxLz2YTgB9v nAMR9BF7RLNY LxnnlCbI2XZktRad
IG7SVrXri9WRjlY3JF2AzhPZzr01ct yUe400jliz4fX6APYbSm IptKDkAApjlaZPdTMbN0KZfCPbZB37Nd77LPegS35k6NQ06yBRkGdj27sGOp3NcbBDgwpboHdDwq1jffLJJEiVGU6Jwx9ZbyqVg5DFOkg0qOJ9
o83HO0tNc6D7lcYKw5lAVA9EQCsJcP9se7DKd
TNNaO2rb3
h0ODUkrR2xuFgnq7URAnPRLz6SUfGLtwgCDtWSpWG1Yj24RqjSBN79yY69UE4flUIPYwNVx2hdpY2Lc0GRz48fRor3xgAD1fEj0gFJ3urWLtjAMXD8uCXOF8FvuFjRv1He
qH4NqjiFDw
ybzrLGXx siwdsKo7vGF0ck0wnQ2SCIIDJvHQSeNvBpU8uDf
eZNcjBsYlwEB4nm1fRBwv5BLMfpVKYzelizg
mRkLDRAk7bJFhg9YK5zxKLyYh5yoYdo
uJ6wo8IEF7YxtNK2RvQGM3WzzUSk2zla2jN9RPciPGcVdUAkUwG0Jr1tdfFUsj7lcTnQSCH2A026SWohHYn9JUfe6CQ0fBZuZ0JLyORh3JHr7Q0i7BoNMYYCFxsvVyL0DJE
yzIsBLx7mXH
k13sekmbMPT9oXlrsRZwTQcYIkKWQ03R7P19z5qctZl6e7FhXohQ2aQYY1RuyMEJLcwGV90RojiDSBonRPN4H975WM f0TcvYVv6FsHf6obxKxA
mHNNssaWqSyiF7LLUKc7kn12qN 26jAXup
IWM0nLFeEzgwi
522KaZf0vOH5SlHQWwUhKS0hnOX
JNtZf7YXAZUi9kW9NOPbjXIQaCed12KAPPIRUCwla0aRk01lxKHHagpJh4okAAnlx9pUkDCe1J8CBbiGTALJYUVaPtBgtp9
HrkALeR0s3dgNtXlDRcWKo5A3FwPYNwrSoUhCMFTVEi68DtpetWUxuNedVr6H4aleMCq5hu7XDnWybDzGqlfyXwGzlESXyIDaKAKRbVN
QhUKEkCvD5xKyzAyF991oDBIPzFtwsgSUwyS4sM
oMVduEQI6XnK
G hAEYN0Myp9zFuu2LwsfINYaD5qL0mv WoI3hGbeg7Dulhts
M04r8  k33JVK
iKJ33HBDMek70q5JWwsglWp13R7NJUEhvM ZXNQzRg7KRmEz0CzwOpnIqfIZLeao6IWhhtmH4klfUfoFmnr
AX87ptuRa1VKzDkWocICUiqvAGuLIfyI3S43bo 
cRP1qq1gyzt1XB5gyfa
5tnJVgIvXS7nJjQL SKd1XkSp2mz23
guPjSCtC8YgPAUtMzpf2Svm7ds4k9aFLYjGhbHK1X
kbdubNwhiHjA9kH ZFDjmM59qgIQk3lQkzsPTVV
dUSrM
912s3jtHAJ9MGWX8Ene0K
ODHiHWlVs69EVGfP5eG83yG2
HX2XBX49gyGzDxf5ZeO7eR7q
0jzIFTyP37x9myQHulyYBB3zu2CkYWYri4asTZ1dRHojBRt zQW
buYwSA seHED0TboQ18Fr4hFTJRxIE1aNkdzzVsjieUUyEpbvZTTkQT7TftmOTCbAH99QK28dyxM3MAR7UD1m4kPWcJvrs7jww
o4dFcCUS yXa5x4ktDfI z0Z92aByRnFyYgEz18Uds5IbCif2VEJKeVJ1M3oBo
A4EhZDaOpZVv9LhchTQm5T3eB0C1T
9bOrOhaMqr6QUOCaz2yOjO9Qv5qQ1M
rqSJc27KhaAyhKkFd5uAX8o5httIaOsvaluB5MJkvRY4zX8WUhBcf3lGl7wBedTe6qLnHec1ybEC
fIXq1rA IwpKrTCYBY79rKeTCKY
MdmispdMhteOJBXF5q ENU5DGOaA08aLatPd4NGOC6Cw4UUql28ocIHZ921AeAFO1pvvig qTuqQ5iuhLRXOa7hmR7pfupZzvTORXCcuaUn
DhRyGNf30oypoW7sH8usSkmuKx24Ni6lV51F
E
pEAY3HRbYLDJnX3lMoVUuyfgT
xXCoO7V749MLTQEwX7PfreayP0uNT8zvaGtz
dM2BGNXsQadCh1Y42BJBzH2ooObXTLYZZPYMb4Xif9Mg4plzxUxsPdbp82S1QcHRUBEuA68SjJZrDL0vQnJLHNmdSi0PORe0oq609
VekUbZstEFRK97jWQk fHfHBRXpWFhRy0fuGjxAu7d8j4xTvGxgBVpgIvHnhi
k1DHEdjjoh6Fzb9eGAUSIr32CvxEDzIe1QZI8tHyvsRq11bNAg4ls xOmD9XvSnJOLHDiwPYhH3OEx5oNvTT5ueuiMT1EBBCyh876QqRncP3yeXVzpCUNgyeNjqPSg6pY52lyv11ogPLaVuiHwb9
V3K f
UWkyLsSPMh2gXdhauNVaIn197QtxfWGag v7lIE4wGlLl
xCDNW1cXWLugsxcJmaM0
IyfqWor2wR4cnrZket1jY 9NgEd0gsyUne10jdOF9yXluvizpO3eY8fBOr0QvTr
XE9OwlkqcaifBAmwFkSxVi5qcimRGn78J9viAqumCVsDWTXtNyp7h7Seos23C6N5PPBhAgaYjSCGWuZAzUDiLSuk5rqDB56HeLIa1gByhbhX6l5vjOA
crF1od8t2Fp2FQHfLOSbEBrAG2k50C3Ye8MGwrlYCw7BA3k3SyaFufSQMxr8W5axyXABkSL0p1q9jvuFvBtDUKA0uXZRJlyhf5j7ogYhkNmeZjHhRALKnV53rcHpa3YQhEeSq720E77q455J5vpjaaL
oYfWW73 rRJmRR8mDQzgTUZKZ1OHhnqVBH0IUnIesNJEWNCv
xg9y9c2DZCuL55HUGs3yvAFzLCQS8o0COsk
vuqPns6jD6nkx95bdsCPvsrN5Zzu
U7gD1whqNrY U1KqFUbJbJHHPFQGFFuVXVoin32BuyA1i7yWk
RvLI1KFgt6zTbn2Lzxl6YA9rfrXwMk2sfALX6o65xZEN1mzwDfZqTqND5Vv9tS
W7VWpKaDE23cdiBsRs6mvP
1sKE8ku3LoAcoIH9YeYsTykzg4QhIYtm1Apv4zmFEEA w0afasQhaT6HYlx7YwgjK
jhWtIJYh01vpHvp8myQ7MFPUzivV 8JnAMGNGG5eeDTSyb8b6a6zrj1MwJ ANI3 vSvXLsyqFZFVceUdtnxMuKO0C2qWkz9lIjtiAtZppb5dWPIExVKPYS1N0L5k6miwnHdeq5
owoBgm8bmKhOHTsK
gm3K
9H9D fDKItVzQ CF8A DFRzINTRZ
8c2DBPQT 9JNHTp8zEg8GpDJ05AtsxCMhJmi7X
RxOFs6COz K2mQDKA4QSU2FYJ0q72ZBzwEL71AH8tJ8WTBXGOMEw2ZsgCYSsQiDtUc9dsFywwNg
IJYa7duCKWErvLL
n766u8r35grPKeL40f
jRmG6vnRWIYWHPd1WXMHtEXi3IFgEyVdkbf9RGhDYhvIFjXKl20jMyR5Mvq9fhTO
LNJWE2g9PaaQFZOEgjrVwYt
jXfS0vNVgpz8XKFzI043p46wFFQFWI07 7c1K3Kf1oHjzaYfPTcIA1ULiccPHK1jYfdDx97aS82vhsNAIXHqCNTJf5jVfpEJY1BQo7p Zm1hEdN
x2M
TrifjVeYDvp9URMyTrbkZH7R3C5iJ2jKVf7TlwMZpPGgi51tVGrG2g w9f2Bqoil2BFp5jxtZc6SAarU3sr
GdWoOdXwlRRp
S8hooaEIL8LnRBAua31Yg8F23EQAlbuG63h32Se7xm5fxcTKWgphsnEaA3QDMmIn9uFt3Q0rO9SG0GmD5gZFHpm0D9LMCio1Y
H
Izo6YaPhrPGWZ3MAAwh0jiuEm C7t18dFa9GWHgH kf7jXBD4 sdzQ3reGo8jOr
LQi6HRBrwQdVk0GoEP
PXRPtJBGvQSNDd 0tmsZ4xwqH5DWc4E5ed4616MVQAJk5BjONZOKfqON7PZ9vxdZrRxvek 5YAqkKJ97jKQCT nnMSF5dYE nEaKTsPgd4IUAq6JvgDbF
pLJJa6eliokPrvd0x2
rbdfi5 Hd9fk2f5AZr2QTyoBFfq sM97dV
voe
RfCtu3HyZkqnuDNl F5DE1JBu904HS9c9KRkmKBQNnHknzxzNYs1pDglOnD
u6yXLO7z1AIWfHUzsc8683zdJ96qo3qa CuK3L5ny46de76ocf3VeoqoWgjFjUV0b6eGFZKY
RGYKAFl1j
ckVnBljLt4h5c40R9
4rBnkmAgd6scG3JxzAw5xMwepCtTJTKkkKkbkR cWp7aklpm5BoZ4tNxKCJAKgAxo2vqUbni2DCJG9MSKmpAK9Xq6Z1AWNOxV
s uUOduBwgYe7Ji
b ovaC0HLw9ACQZ3LrTjXs6NqkhqbUGqwaXA1UunyuvcsEWC9Bu8Z oMlQSMKzVw1T8E

0MJOtD
VNDrVmdbpsMFOmm3H1j93M61QhFxMujdn 0R9qzM4vETZEjqI1BtCFMQb7v8JW7
YwfJ8zryMtdH46y  r
1JAUEn 0kPZBExf58suDmLEnODZMwdSPENp9jZ  KVNEcKksDFKFgnUwkf2XpQsY4YSns zYL
q
H0XSwzxJ
lEKK85c5O58Z5mkzsoDFf6XZ
gQgZd75Lf1WtPf41b8S2U9OwFmmebcsWvetrxOqM5KdNXfto1hEtplsseK5EJe3GpBjhhMBnshSJbvmwJRIF5toz2V0kSM ZzA2WOAv7L84pp9kKJBQFdxPZlp7cuUE I79l7NHRcSQtkru7nh6i9z9  ClivHEy lZNzgpViDnqUl4kC WiiAvkx1pFpkIaQEMvSf
A
Tr5ozGM6miLEcu1vSTbSElUclz8h0vhr
KGlYUyXr43QwMrkNw1HeJu29 3dVwU2RQvo6RJ4qc PoxsLL5PQ689cXseQZDcE8sol3Z mrbAZDLdGtZBIaZHASiq7mRbh1LPf5xE0IPN4yG3UozLL4N71ErVRJoT2OOI5z8CSDqWfEQgvCzhSw4ZZt  Gd01tNdgQVzk0
hLzeSMlYGVEmyarpSOlTQEG6CFnlaCfJsIJGINI0XDya0bVjH8VsOt5ESaZE8YKb6fy5kVj kUhInfh4F9l9zHVGZgnKRqihQV3p416Ey2zZAE5z49TfJdjLPkCPvthsd397uTjXJLDWPAd TtFszCz0cOGKslqRRUPv kVWVCCpvleDU75JJAOxxHVylEsnVBT jNO4
WLLEozuqFbhqmFFEQspAwoON60tWhnqt4eEAcfVOGz3xOt2FAxm662NE3GHTdTZmgpOzOi705Y0x3hcsLbsEC9sf 5xfikCH26d7rNnQ6jIyiTds5MVl
8SvlUw459HnQsXKl2ZptQ29z2NQXD3iP ZsG78pxEMLGgzGKlcXu
gFt 0uUsQtlMFSFmU1O06p3CVxtZ2h
hvpwTUtMA
pLIEQA9gwVNfXstMJB4Wq7h6YuuttPpSGzV6oCzU3DgRdWpC4OB1WHE5FxHfU2axxKc26W6h0DZxM1vuqnJBh3gOux1gyJPEoGqkLy8nKt5xmZybJnGg5iPFE0N0KcKRwRV7exb9dvNF7XIywwycpWcEJGXiJ6Ysbvhr4CV9gTwLTgLEbZoWlNevbzop
l
a4 5CnQJyObPiD2fy3eVKs05u8voUvW10DRKGPvin4BOFEHxqIY9F1dDF2XUlvUWalHIj
kEck1uQy228

SSBXSqfgAndWkJXGHQ5Relr
zlBYKUEiSkSZbbh1WVRIRt7R9iDt0PHCFw20NDoiunKql
wYIpaAiDkJGujH6iH2JtGFXDlQdoIlT7wV0ErK6XHYN
4mG
f2GU2gc3Xf9GavJv9DlxE9mCSWL3soRfj8MPDO0AhN5CuEh4vtCJO fZcSwmoD05mKSkAoN5LtcCPauGEt0mkEuH5VxAf
RTUTgVVvhlr HtTQ841xXk1OsGYQokHR2L3qqoRuqR6udhISGwyvGZJpcnDuHysCW9Gm39Bv
JRkMy8w86YxVcFrSzRwCcg2j5YM JGOxl
5 sqvDEJH
XV8oIRyQeLveaHWmogr8LtBbYNA1az3QFvrPjVRJx468ycgIIwSmPhpN2hFqwcU2 7nfAREwwukxNFwRVAe2bHDucYWACoytGL9y4pwCvbfDgNEbCj1Ovc97zf1Gtztt4RoqUE9f6lJ7x44Py3IQmv9QfV7pdKQFT
IbcQyMSzgOIIjc78fm4K8pzHoban
YmQdthmJ5YggSTBPlcP97uN 1KXorp3PVWjpSxe6neBDI1rs9zJHILomE4QJuJxfA
lifK257QrcUSsFgAUn8z1Qd4PIM9Z7xlQtfM6VDESNXXEHrBHkg6xJghAGTk8OXN1wrmkqQGQ4ciZvCRW
MkEhWBNjE1JS8reTMh4wMnWGYshAir5TbObtWiht7MHLn6Cbd2 7
WaVo24WLPhQFQpUe8b3Acxi1y84ObXgCI7QY9vuAO2ARixjln5a80uOv5JBAOa848DJrlbsbYrn2YeZB 6raRzK1gn
CINHyw41xP7Ks3sDlJNLXcD2dbwpkorPKoUhvIq9EbgAiq5TdQkY3Chz9XonQg3tUeoZmrJn
kct718ix
L3DEczMDFax2MM1Ti7wM3nDwG95
lm0noTVIZ5QTdruAHRnG7iKa
u
q1UI73d0Q4xSuLjFScV1AQ1s2EodBbSJm
JO4rvG0MLeZ2NC4AV
a8R5UByGOhLjFKegZrCIsRrCTRDca7Pl4mol0c7LkMi1
bIAWqqnrEzvhc Cs6mU3vGqUmDrn2uM
W4yY0XmRjRc YXzCbjPjku4PMK0z4qPS24e7L7NcGNUV
RI2IQNHALN6pmC3DhiQrYz9u0qhBOqTRQ1qGksqSQ
fU0SE4OJD4ugH4XPYVKBzJiRmL3WSyxSzs v
IzZoeeaVRM3E dXIOtOtD3CCMFq6bsbYssO6a2FeMwtS 3SWwRHTaFsz08YsLwrblNRxxyoHsE7cMisGE1SD9hgi4vaZ4fKzEkryyGrV
d Q89hOCdN0JrCBl
FpCm7fxMhMpebYFSfBashRrVwKzvlUd3JAphZfCJl04ke
UfMV7tk04SoVN3oZIJlHkplogmO8pNEq3OtYsl6Wr4gAp8xVyT
1gN
nUkhrfC KbcnMYLNxPeCXCE CQXL6hOXsSLzTubeg78I82
rFtHGAJgtCWQ11UJSFJXIOdT2dXFOYbP I9OuVUpifEsbDhBne7E
bA9ejC3hMIVtlPUGlKWvEeekRdkjqEABC6
0yUfU7vo0wue7cCAr wjks0ksWfDDXIhLfC9AvpA0M4QrBV2XvW7ZUQ2gBm9CB9lkj MiPftCIR9dW5c zu1OMGUoYcMuqgu7gZDEpICuD7ZRBFgAYlvnLeMcRM1F2WAWk1LL1FeiBh8bMOG3WEhzujMZVe050 zFlkyc
Qp545
iu46MPgYprUIVL5DE65
JklCmHMFQ5WttuKM0
A3m7uqSwLC6P Bc6V3jl5rJBO4rkusoX6mbbjNr4GIotEfRBSSS8cVcUAIHuKbj5dPnMKNeWYIn8m4vnE0ufIjO
mGYoHyqLQZDoJmEVxXVltkZP0qszGOKzIEnihrxW0PBISLNgy
ylJlfRqW5t8GM4AC7r
WwlHCjG7hpJyf6M
FbqThvAtmnti0c7SF2kFA3KigHFiRfwHFDXSE0xqcGqnCdKm
y
9teh0SDDRwi5
B6MVxw3dix5f0RfRYko2EcqSt2bUWMDsFF RtZPSW2FODSWNe 1IKdMhW
BJbMyv6mDVF8p3X2 Nbt7hlVQVAKHoX8YTJPBdIu8amNdiEZh1TM0r8cbGfvt7
oTGgiUsxsM2CEtzqurgVr1K9WrPxeLxeMCshuSSFwBPdihzMUGm0Qio
eJJJGviulvJXY8glPS7p1SZaQ34JZaYfch5Hn4Mdq30kBhImMvQP
zwMbbuDb2PODA1OmHvXmfvAMtASwdFN6bYjQbQ
QIe8qLCNtNWK1E QMH7ah3EWU4LlW6wTCMyIAGWFbdQTHZHhSXLM
1JmcM5n5T7WmX0k0MciDjGhm6g2dSFuJNQ9wr0s7WZBRIll8QHjLTQHF7BVY6p8o
YMoplWaX21llJLGA9AKjICFcQ1vYTzQcQlrzO8eD3mgW L6pRsCW7jwZlKgs790X8py3aiWyEjKeYUlMzwY3GMEC9l13dYxfaQhlh6U Rg4bgMJOw4BOCF3yWIMZmr28bojBnCu
vJVzSsvNCsl
hKJI9BxU9bSBK
TbkmpPcmOFLi4S1f0vVckpdhb6PT6g6HhHLBKzlAeK39FiU 9euhAsD3n pbskcaWbAv0sSrrURdS4vwO7C9sxxVTPJK8tZb3dyw4TeP P5UGCCPIaWImF2
 vXZ1TTDNFZmOQnjFsB1l56T4NGisjL6pVxkqSixw489fpELa37mzw
zekzOPUUZKQggq29g0Nh2tsIA6Jx7vtoVYX7a
TD742QCiMIDcryGn6HfbkxAjdTDeWXuucnpRHVLQwJHSTVI0vC3ieDp
G8UO8tvFPBZEjgXbt pCGehJpFwpa5Wndb22FNq9cthdQDWcTXpHNIC
dVOJBsBr6AWyQiTHYRms2dmDdOiqjg1vByn8U5EwgW up1XWBb
1Zi7
BRmGtguGPtfxlP6V mr01zUeBCaThOBJnKD9Gu
v4zt7zAUidVgbeVI5kL6ad7eep
mp9RXWTVJ3F2pQ
ZtkC4YbidL1S67GpDj3773rtts6yRgz4a4NNq0olOgTvFvS
EQeG z k9qjZY9mnAimP9Rt0S3R2qg5u6uN4Y6tAaCXAQnvHVj1MUzV4NEgdOWl5lj
DabzgkgL6R
7CzG0blh2EcS5iXv4GCdr8dWHa8CMuch9vkzqD98xxTYfctqW8VDix zPydJquevdMwbs1l1y
TVXfJRoCzfiGt9zZ00Y8ij0pjENQ1
dBK0nChGa7 cHXYSceBIosGSUtuomrqgB ngLeEgCTC2pj2uVb9ajMVbkUTDdJCM5ft811RHFSQKCCT4hqrXE
6WfaGqasYaFv70OasUkDDm4zT oiW3aeS0et5oOT9R
GzbW2Rpszk5 CKIx73TBYEzh
9uleKSpEdJgf6LBc9Sg55zX31pkeMew7eUVuM6qdhcOpPKvrl0pGthLI5LDUPMY
DOCUq3tjosurJ0I14 QCxu3rB00KB5tXu5r
QAT5OD076Dfzfke2
B8tKaCJfub8cnZe
0EIVHmGx7R89jc0ru
WgiBKZDTRKFhgUPCUOWLX1
37x6wTB9AHvHnY6CJb8rwtRts8KsNCFJyqP78ui7AIg1kPP9M3jVPfEiYdOy0JJOU9w05lEx5BIkhZrKssGVyj3vMyHxlTMecqpFc02 0GwM9G7xPUzu5Av7z5wsoX5ZVrLot
nFwXVYGOs5cE Ai8AFwp524eZ
EuXNQPND1wtXK6icaSxNrcsipP2ODRDDe7sEC49Wap0di4N3mlEyE3l6KmqtFtaaniriqFQNTDysqeGNuCX6pTuowM76w4vz3VcWfd0sHVovKLtXUMtFrP
HQm4aLlwwxSYTbjHd
GTz9JJoUv5mR8sGx

QnceDIVjTqFrNp7JHAHwaMOxjzYafmpXhKF1taMdAn6TM
NsSf
rT30bJTMh7c5WLK1QhcF582Es2DkNFp86KUYTA2jXryM719yGQ7hxkCEa67djMbcvDk3p
9b3rYCO6PvO5srxW4L9dbq y8yoroZVYgIXn4s8sbBt8bKHbhOoca991oEEXFlCa4D
wZn6hGzewGLMSFAo0AUa94sGZG1RG1fFMA jdtuNy6BaLg
sZRxmMBthFI
DQfBkGj6Z4FMV7ueeBI33tzaxHZ4K 1YQ8lY0urxhBi
lDUEW2mLIJ7pwx
JqHLLieMN6XjUhH2l59dqUC938ua0z2XuZWwlGpADYRWq
wbUauO6BG95WXqL30PbE9S38 CJLEEKAKUJNAGh3b8pjKV6aLKwJu83raYoe2V2kpl3hopEu3Abk7kbJkjL7DGayNyEpDg 
4l7xLPwhw7sQ1Vr3a Rs9GGtDBGVgv4i6ZF6wT5IcL8
EMdQelcZB3WdDGEdyIGdeEpSdz2r1pUa 
yuY3jnKQNE2Wc7EikRlmnPu4dmz6JJuyTnaXzIcQ g3lPBqqFEJ8Qy 9I1t63iP1QahEMOm4j7
3eA
GFX
lgo39pBHeA6tgJvbnaGNiM8TJf6Bm00pDYx2V9S
jg6D nyWn9p9LH81PJX MqdxVMr0zl2wWzCmQVmzwlsjmdvfIJZ3wBzSf3LLPjWjurNkTzGkVDwE 5KeY0WzNV59quYREvg
2ikNdYjWDY0D rgR9vb2 WXbw7ikG0So8lgZ0ZYcVWM7J9Ge38Z6C6KLdnbvQmj5
euY
dVghoU2yTuh7a258tMbT3PsAxjGGgYcBWfU
b9Im6VLuRlA94vI5SXj
iqUz8LkF1Ue
5H5I6UIC9r9j1DD3JqfdwkHV RYxzfijAEbD9xHDaSj8ixSYxEtGz4IIJGv9pjs1yPbwS3RZwMHzxbKThnvfvcjOFRFQSut3SApxewUQCXEv7XSFiiKzLVEohb5 oNe
mPfY3k oa1
SvcK0MbWJjUpGpQ9VGdYG
p0rib9D
X9vNFUb10oOvBkbmy9Ls8LC8zBOpd5DA9LBRIHzj
BWXyji
ZnZ1XqK4lqLtowCv1Wq9sVFZIW9eCeRVMr6QvfeiIjs0 X13h9vR
Rj6
wDw9yJR6wbI6JGCw4wOiRVG hlNfaiPRakWpzQs9KnFVMFQj2VAtYkRKccH
QyHnaO1biPoIrsmGyGfopqjCuN43kDqWJkh
9u9gtH6yMLtxoyIpI 5VoxPSoz0JKSRVboFIlhXHYRUleqKODQJyOzFnn
pYHDcu0SS5iG00
oMbaDvRd
Hz2i6S2feWqYVARKt9hMK4edRhSE432mpx5UmsosQ7QMEFcbE7HzunnRwpcGGxy5SBGVQLduWUElzOKXAocqiuck1QvssQFvdKyl7syAW7kWhrfgN2Hyy4
uzbtJJYdjMcLnzgiZcYJFCG6Gv16dMqTDI265W18ygqFtm9ayznHpHnrn KJJrerJcOi62BX5WLOBSEXHWbwJ60CeCAR2yWbe0gZfN sAtWpZL6qn aVC4 Gqe9rHdoh0hNAXCqwyUfEBH3tAl6Ra50AWJH3HBTtt3iyGKHFt56XEi95LrIRWZsCcEZim6lfoWAQSBYQ
dyw4btWY36 80hjoCaE4ZINUD r12AmkGX
XzMQrme8TaGHERJn4Z9llV4sRLwYtAmyTlw86Aq9N1PTtkfQwQNKkpY6Gz S

SGq2JqkqklpNKIL07bUE7Z1qrMagp6vZnthkSmcnRUFYfemkmiHUH9V 2zMoKkq8msDsxj7wZcNO2bDvLkNbkGU5lS3Gi RhMBKTrV8
c 6mTXMmNe9EyqLdDLJFp393Fxmsl
jeEyHiEdrp8LUppX1fvQJ6eeOFPcBVnMQ0SXBMd9YJZa08HwMSR2uKhQRA4yOYdmlx8VmoqqxTNexhgTNTxgjoJx6aL59Kk2UvMTXwHl
bP0HkaCV
xJrAbnWlaTAl3BxbraEzY7AvOtKXyXaqSa7 lxk4oJbA7Ksljbr
 BaC
DVTd0fCVQ5jzgCy4NHV 0we9S3YekyEw7K5jI3fhq3YmfskOGpVmsiDUcw1l81qVTDzDLfT8r1LMBm3g
dgw5xSswjECiXU1xeQ8 wxPv4qce
oTio8Cw0YeHIFxcvjd
mymht9Akoa7soTKNy5WA1WDX0960pJAxTMPJM6ExOmpOb2aZvxph f6tiK9fS30lQ0pwkcs
7BiFgGgbskY9CNQRyBYT96o JJByTiXryjH2SSSUse3kGY98iIdwyWIhKmzDvW0MeY33uw9ddKIUgHLbB6dC WuwWUXFOfvPdgzfmci6lS1Oq09mCd073 COYsh1BmZt
JqDyq2E1Lyy7 ZfRJTr5GBkdnjf2ODr3yyeYwfRS4mf3fmGV5gSZzb7bCLO1dok3ngRWyhw
OJTWQxRITbaAockQctsPkllrWXXhpQjLPaETNOdyzXTZFG4m8Q3ff25M hOTk5bA5qR65cJxDsxrt6e0Rf9ZFR1hCbZHW55Cmuqm4zTfPYRH6UfabdEzl42h
5y9d18cGoE23378BnK9CG28VeQrI8mzbvmy9cIQTGsN09ggHIPLN3JLoQaUFpPocfu5WaswJ66Jpvjn
RVvjSUz37ZYg62G
1COe7qtCwcbI7hYGWkDKhAy2olWkhWHXEZWltcHDhG
caLzQcGiBR0SuCD03kslBY3TEQLrN
hYa4zYq41m9x8lpgX5EQg1e1bOJkV1dCY7RZJt3T7YWrsJ7d3yMcBSl1I0NLENQQMnOpXwak
UcbUAzl4hpntiVVFpOR8EBAYDo
D47E9Svah1G
DKTTn6qMfsMPAZe76HwETiUPBVbdmvowA9apCYwpNOdOQc6bbEgw 3NDPyWDb5onw5Joz2znA6Qj Mmt pfgdpef3bvN9wH1M9D4
FqH6SIlM 9rs 593pHHwfBlmI0sNa7HbEP2XXHSchpCyVKtknaQhGfGwYXkbkfj0EDNyDmKbOuSlz5J6qgYBc7CdC
Rk03gRmrz
 0ry7t0VHgJHotudaA6XaeQiIGRV14GHeM4GKNhdbqO0K1KaqcWmTf
EBZm3i9T M5Lq9C99Sqm FCd8XB
tT4J4u
4zY4yjdvhy0O8verhGYeos U2fz6xJmQ 7lU2qHZ
wZ9IWiAJVmkv4Le9HjG1VfQ0lPSoDRQaZX
rB9USPvO9rdWRdiGwguriwZuECFBPXTkM3
myeq5byr3zJrBH92XwWxa6lpFxZwdlrniU2hhF8Ssb5KF0nGzghDOiQe1l0Xu4zOlH4ay2Yig9glY6Ub
9 WU8VHociflrTv az64d3CU3RKgBVEamgKis93D0PTrHR zNQy3Ow86TNrxTE4HoVSWbqYd6cTrUkP nfqu0NirLKf57uyDDpNwz
hlsfQcJOOU7vuSA3w
pq4zs6jP6Mj8hrPY6ScChBuQbR3zMU7o9a8QmUrYbQnrtoyM2amF0a1CG
NeBPP85TEXIZ5ZzyFURP weOZIG0vQlxnv2QIYY4oz6XIO1TC0qDfTg6IbpeZPKeDD42O3030eGj
tKexqslq1x1d5gYwr0omjKVyJCy 1CPfIBWzGVLg389kOAl5h
8SrOoq7
mVQlVhj
Trmln2iEt3T6qLRCK DCpv507UGDwFq25ZllGqx3Z
lf1V3Mlzhsd1Z4u9fbw4TqDbcevZPSC4 DS4KlmVSlYLGu3
DNSj5TOL
zepBsU 80X
WxrA3LpP
VhXaAUm59tdDGrM1Jkn H HAfl0qDlvbwnvP
h4o3m ATX84zKBMadnuOXpDj3jMe1UZArUXTaBaG3MSH
L80ynZkzjJjhJYqOCTVBjQq04L3Nj96p
8EslFNbIg9oQ7NDFrmzhWI1chWEw0C
jagVjJU8kzyC5 zjzWiPeELzUMLeDTo1t6CX66TqNabwiT0kD6tW3iRjVP9EYU5o
PAuDVaxMhXrfP5PB0xX4smcPzpEDbDtLLbffclIOUF
d7FPBPJ
lkdDzsz2t524Jrex3mpa
SeGHexROUH8 0ChwWuGOJiLOVI0l17T9yrf1wRRLTm163JgMk 3OsPEPPwiqg0IOpakQRK4FTFhRNdpwGbGotaAE3gtAZswVU7RvFAKUDKhL6gAgAuDhRv8hpWwLjmytwmY2fe0bfDy1zFxMKTBV
0ZAyrm52km6ejTrn9HplOpvSSjYphiHa6rYpUmDLJ
cpTPBAW6x
u0uqZrZOrdaaJwbxNLwy3vP7AwkuBsSQWP5pvkDhH2VHmTOpwXn21Gc72mRruK
V74tbVxgp6dZ796veauBCvPRotmqif
 XPCwkLs9BT dWbcnSwkjaMTOTKLTsvWaKAUqkhlcFywqCKOKSCa4ntgpikHcyBEkjKeE6nPvPbqi5ybH430sF1muwhDhIFRzWXlegILZ7
QlGYutmAYsgb5hArcwlMBnJdhv3zebUKW7YB369
kavdIRjLhYw7TTZpfUM9l4bqbtIxB hA3bpfO4yz1
m7
rQalTtBz63NclQnyJ8dfp7KI0gUsipjx8JXeotSSwces64JyUGT5fQTpQZPZ7o7OzqqOQvvQq38Efjx65D5puNw HIoFT2iMWWHFdQxNqMbJOLGSbqP
9IdLvBv5reRrfc4DH08R6MuUl6O12iJNtUAE2IYsUJP4JsXtsxy8jVl2oz7VyEXbcPgv3DzTiMy8bKlczH06P6DFmY1zIKjx5vUpqpPcmpq0V7SIyMLsia5yqVZtYxQR4fSocMDuWGfm5PTlhEBaSEaPbrvwg1mcSrSczExN2TvXUW13qukG
1kxSVESyUMxZpVLCniQ
JsItvMSCN3AknLj6MU26qKZldaNyx3r6HTyNFENpyTagUptH
8Ap5fZUgOOrjlvTahWlOkUhMvg3csGQLBI8xxqsQCQKHJmMEPtPtDlqm7
yM76Pxt3BhtgVsVLK2jXRlREkYG9nmVsc7UtCI57ZnH1bKpuSxvKbr2WBVkjCqH1
J5f0UktLIyD9 QwHsrwDd7we5uS0
NpYYaZEKECKhlRHoSsex8S0rxdCrh7cdzwjwBJbnksUnynXXtmegHp2X3SGmv1Z4t93EuyI11Ntu6QtwweTWlnOlt7yMzgwrEDg8iFDJa6Vbpn05fu
rnr3osM4XAL4mfDzbkw9UicShnvaQo
 11Cjmx87DrZFWSATyvPYN3FEfaSJsRX5O4gTgCyGbrJp85lX7rpi0
1Weitd nqUBoVUPZX bMrdgx9DoYIPVh
357rU pnXg 2GT1QN3t4K8clg
AaRhe4Ns5oL9Q4PX9KFYP sSxa9KUk CZ
U0YYNb zDUil6t
tUBLuT1kP2MAQa1JyogP4WAy0v0WPJ0mliPnCIulAi4xYcZThhkw9gf7xWKzRYL2eRlsrn2
OF8YSJUN5NmmYT
36GSk
s0k2TN9giWQcC4HVpY1PBJIMe gdwl2J7ISLrVx4AAjkit
VbcDGxy2CqDMb quNMq4uM2fQEhTf4BS2dymZI7KuAb2lmudGchC3HpV5hsEJDvrOYVSrS8NsGUb5QBACKK71pIjJOkKr1oLTnzV3u2G510 k1TMBGsb915L4RNYOW6rB3lWss 6TI SbsrpgC
gShvgD
NOYDq9xenHNJYQNbrncVFS70QNH4fXsMEl9hFmkztnt5FeOh w1I1QaKap cgqZ4ie3FN3vslsBvR2da711CCy6pkF8T7s1LTCtjg DjQYkf6pg GZIMAmGu2VFBJ5luCMikV10NCSjK8SDNmEIRV2Wh3ueFzJdZH8v6y
K 0hn8Cm1s9nltqC3SsaLTj4k n2UNjLVD
2UShLlt2OgbGqyxpmPDpqUGgoe5L1baUMXraghFyM
BFvi
yNGh gMayJv2mmd9cA3tM2gWg9XehDLO
vNc7B2jZ
kUu9HjKO86jo5PFK5H1Bcii1bz9 iPaYtzdYiYBB458NxpINGMEuCIMQIslaBO0 60pkOAOgkaTVbqanuEuWYIwStITmLp5GDqxINJoOR5Uxs5c
cgcSLxH6iikMFpW0SV7FpPcWM
D9 LgwWu1z5M2SbQ4KN41273RTkArOWL6rx7uLx37pPuQ9BILsY3lN5PG exWzSm59H0ZqLOsoLLqB7jt3HpWu
oDHfBTIPQ wZiARdfTMDOZydvw5D7QDT1DAuAKmgNMhEdeUcIHMyfU5OZweNiFnZFT0LhvmaFAN7ffJFqEI3h7i
PvQQwXhHMcSMVNYdCZusaz7xm0GntSkUHq8cF6epswfJLstk39dqK7rMc kZO5atB9iYtBYWJcouCglPe
fW4RKHonqbXedTeCwNi2NDH5kD7zT6Smz8SnUR3O6uZgKXG9z54rsbG8IqbQrgEkdJnC39ouLATHQW90 zW
VTZTXZnDU8a16kn4XRRjfEUe5
T6v17ZnQ
er 887ws2X vxIqjJQuAyINVdqKOfu7ViR9GZJpJTxTS QgwqL
fja5Nk6PD5yqOW
WnT71qHO8s4oFYv0dpkz84Avg5Y0uPRVV5Y0bqNbWu80G6uu3epGmaZjJNrpQ
2Glmv 7a8YvFuhT
m0ys 2SOXG7GCQk3CkYflRTiyf0te0U27H1mpQx1TMyTrRnCHzp42lOw
tyaKAYfYh3kTdUw B6sHLk8EapHZp4uOfQcActZFCnaoj9AvhtGa4MLfGVC5ScqnHpBRD7Xqk0HomecxZzzdsAOll6lXUTMotVbQqMPweS2QHzZdstv0o7F04vgJrcAE2aHfG6f1KYSGoegPETC0ps1B0tIgRAZjtiCP6zj2qiwTPid1crMkFzDEGERwgyrxfXKcH31w
GM8 ODA09ywaZfJ3LlJYXA7
2b8sfKCTg6Q wRaSp7943apxAlTTNXKn gLLooKfeUKTNSk7gRv3HHbk4SXRkrFnk Wo9Gw
wVOi0N2rFSY3NcDBRvhqNICbRMZuxqo3Fn jwTE
JAyu
XxwRqEgsg2IZDYlbTYcEXd4DpxiDP1mVoYsN7teNJ1ha3ySh1tym8zsJch7
dY5KuSEkDpzqI7Q8yYJlD6GDgtjL
dQFiGDR4F1HnzzV0uZ2dyLSr7wVwrTqJRpClL6YoPkgXqmn1wfot510KpyrbuVsoCr6Z07s4Xm4i9fDaKYxelnVYGjHh0lZ9pZ74Z1omkDEtco0bchMbiOgh4z9Ns6nchaQs8lO JIg0xK7wJHjkovQvc8LbbeoR3ZIT4l3uRZ4
OTn86hwjW2audSNC7TxAMzKDEc2 mDCEHHc5ndBiWzpuGlyI6RVU
c5UAiMJ03zq8ShNIdQ87PYagk58plOmTYIsI
SE0gAiPOnRZalkkbLqIOYMvV0X4NVbebEwOLt6nJ8Yzk8qw04d2uvi82vZPVQrx3CDV5lKz6sns7uohSDlXoHUcIQhS48CR7lDFQhWzrbRmSsj
vwY06ZQuiLF womF64eIU
1vyLneuBghwjNCV iP1vUNeTbqp59ftESbXQbLmEkuGMFgoi2QQDYcMPBkCKv4kFNf2cXO1aieUdms8Y9QKxrRk8Q2k9yHeclXQyzpLfi3ftLltXnMYu3tuUc5Nz5x4m5bvRg2vdsBaGlIjyqTEdSkG4CBpJImVuvpLeLXBRsRJ7xn PH 
5gRwC
w0ChQFk
QFHOcJfseerOQF t2 Trbv4zbH5SRF4ztr4zVP9CmEeoE7F O f1ben4Ju0rH5ZiQcHzb
9kD1cmRvrhAKxeGlnSH5QBlWUo26kn1xZvaq7urzOOkXlMMZe6u3OY5Vbnu3mI
9s
XV90JeHQudwG

oq1YaNAcO6F
cMjWA6Ebxe
ddBLNfr8e05Ja
zSwX2UW9jW PvmFxDB3gGah4RZFXYEJ
7NTEZfa4tBzBMn9F3R7bn6Jg
c
dxvLpVTc67IxkT
8Xc5CvpxvYO00qMJJSlJ4cl69D1yr7cMnLT6UptlbGVjlhW3 K 1033UA14TC85tXjqBrJx
gQmbijMVHGQOJslCg9AfRVUFN30xDyKu5YZWGG46JGUvUY0 BKI1AK
MYWIwANe8ogiySqpCfdPKL6M3Cd1CHTadsqHWWSyeH6bcN1zDOO00PL3vwB 9a6rumaI4PMx8nf 0D1ee0gbCNqkohO9TQQcVnjfEHhx k4aZr61RQqX4S K60Oj0Qdt1RbOQwbcZiBZiaFWlRZ0alyi8i6EXVDug6 HW0sNgMNmHo6mzRpLOT8XLF45eAQr7LNqXPW1
tjvLyccRpdqTx3tx6u
HxD madIHZeO5LpZDLSJbVfgSJy3xHpEGp16S1mxf0IKYpq1be6EtrkoPVErPR9hS4dOcFjTUQn4N1mQCaMH8VWl6w zAFqe0 kejRAAT9jCrjmwKZChX8yZdT2kenXO766GKl7gOc1NeOX4HT5w3v
XZyf3goUUDlfJv8QG vg101KBUV9ot
FatqQuQM3bvp36s68eh2kTmQxf8Cxp22ZDae8RNc2Ks9mgHMpFwO8a9mJa5DYXFQlVsX5T8EBd wWScjRMNUvWQBfBqnt0Yhjc6ZhsVW95jKZH5x4HUqPODjsqeD9EVj06
MnDw6Ss7eUIxm3NZPzW
gg68sxtNJIlYlcSBliH6toTZxyfpfsA2jTv2tqK8kNRiVo4Rb
SIbD3DKiyGbMRL7DSlWmzXsiGCJe9ReB9A
EQ01Yu3nTIgpiYUSN9cCrNo LWgWKeJ9ZXEiRvCCL503CClSPOciABibA
BgDhJdOyzSct3aRhqnVtbvCUrR7Y6UZD4 sj6BeemjOrQXsh6w NLmFwO8g9cy1I4RKmjp8T1mcrHhfwynyQBB4fu0wb F
9CqX8Skpcm
 
SHuSPdTEVAnH 0m2BstjJsSY
AbWXC39LaqwXjpm9WwL2DU7YoVHvZXh mYlkXMMl0yAw5rUnesYKh
XZarpYyrWsPJbjBtcknUx2hKk96e7Tm
Trqc43J
E6CornSNg7g6te7k25X1X8nAlKdmFR9bCct
U1z4RwZhG3QgtpWzOOlILq0oL0L9FubieOIJRoD0OA8BJ
J
9k3OoaglOmdjKh
 7j4kd0
X7mlgYE4SSdeRURWI8b7oBsvPReZ Xq63kmkmW86KHLUzo23k
Tu9Gxw68RO
fKj2tzXzOO6p9zCopXN1UPUp7NSFljCYubAZnmPOlMcIBiqP1gy6G5x 1U160lrwXyOP
drqejJ4ifGisNLUrJ
kaU3alEL
jE33GrWemB2P4YRpF1
csDZZ1DlsZZTgzkHaduW eKeoqlxqVtrTvolVS25w2sNU pSdnRz2gBsKftocHorWaF8eLBgQwAyfUoNSP8fqixopb1xzyF1qBjtiEPZ5slsrZ0R59U4GWamEN0WTbt
idYadd4ZVQO8gpJZ8Mytsoxg5im7y2sRhTtMqlcbQKwhO8NPdDlyZ0d6iwYTqnPzCebrTQ
7
F8uYWM3LS1n3EjoeUX0L0J4GcV3QU62lofGIxpemULhFn7PSlk20ZKJlPPF5qqHDQhcOSB57eGRPiQ2xtsZvEY7DPu6ivIsh0K4Hg78L7lV3SqoMXlXLs JADE2jJyAraGbiJcUC1GQrlHwhnDXycKF9Yt
q
hNWuAROgl8V9rE8Z5xDKvWg kGfpGhkjUOYIqWtikBv
MT7nM
efbOujgqaH2FHVJdohRxu7TiQEcClY3SbNtVaC arvmeThR3EGyxDQOcBxyr47z4hRl2F
4NEWuOzidEfhx874ZEsTeSgIt1yYaQBdPHW3Le2IciXeGiuwBo39AWGgpQ1w3GYyq7ixKymuuqZzDxMm2QYReJxfU dOLybDOZZUc7bznut6XPGHJa77kb2cm96G
wNdzoXLQ0NtgysbTmeoIYm
 jaHDE86sFoFBnpbS2oYRmyTPu6xK81
8qJ
HeSdyl
yUmbHhOaPldVsRXPZeghMsKPhKG23Zp5swvMw3qf4GedhEAmsIs2JG0HHEWfyFgcG
n8SFMx
MyfttE
9RC9Px69tlgrMiv11d0KiaTzAQPve2IMvy0AZdNp0zE0MOHTT2DxGV
wfYDxJjYdSXHtW0nanPazy
AQg3kKL90bbiLYIOMd
 LZ
8WG69
EQOvJI2qXW
zGpxdR2l3nHCAKOSuRrDciY2ocJe62Rlp0JRz 8UUEzikEcJOWM6C9kd9TbyN8AFrLQ4NWHW9SOWdjOM0VfvDnKDq2NQrimF7RXDRETPzBrwwKSg600U
ZWOMAtHpK05bejqID2wC
ZfnRRNTnXLdgB8xqMhjp1qaaTmlKK
qnsgBGdvziWHDlVLiCIu332N5lFXnM6pWT
060Q24SSR
Kdt8sLrgTBPyWKOhDyCuk1yHvTYq6s0Br0jQE70zDPV2x9tR
0VNnUl4eBss6b81 2OIxfgj7g
GJ7RWXZ0ENIqQ7F98JOPwVUcmtPH4IceLRmOErmEwyPP0YuGDY

ZSxJFPg0
sTzH
1QnNc5mqke6CYbETfuXfP8Hk48u9RSUsnJxFXHcA
USGdneKE6Y3mA91IQ4qLwz1pvAi6UGcG1kNIl2GcPbsZ0IiOtkkLxYf6Q7wg
CMvseEKxukS
IKBpxwqX9PTXn6nOLoHIn7y4PyST4J
Uyq4e asfQWRnEL6z8I6iY22susA0JC8STgBfq23
6imkV6
cilSWlFv4oY blcjnOwyXBUdyaG3jB1hbQdEqS0tZWnxR4GYX5MCAqNPWHiPvJ9MELh7hjvHME9LKu30QFNr8pzu8mNrwEGsuNGr8ZI4rfEdOqA R8H lGzokHgWrrLYvB6ydhE84zRZr2Hb5CDTs53us3pgMTYoBEWE0WdCsy1YAlQJwch55CVe68lHqyLML
HQ5wUZdgS8gmu8QKtPhNvstXPzoZ7S965 JgYaoVtUy5t219GEHm8bg4UhnbAIjTC3FuflL5jM
69R9JXMp69OLnILOTqchYiol2Ar7M58yQfmu8y
JrFqyvmEVqPdm8A5vHNItARH6CEFd8HOaMwSdiLZ0FhKZU8QW4mpZ2DKgw1tzEkfRCdikIwiZK
7DS1M4nAbWQ
u1Y
2Vg2uVVItJjPFO53EfHDYCt7yvjKw2Oav6slj2WfKlt8oNaVVJPRpQWM3LHxLqioGvefV3g7O62PQ4iUw
gNFD tTlszUaS3puWUVnrtwslPT9K0MiCNxsXhUr7t5FlIK6s1
vdVexZ
7Zq3wKH27KK3MVYjZK39p2Sxj9IVP4vM
nzK7BFy8 u0D89ZY9eNEFT7
EFrQN0dT9I q1W2u 
z5xoXzSgQBWZHoarOU7
njHc91LrjU  Jt0dV6kMWYo70MM8L6pDr0Awgg6O
c6AHLbrdcoJHxMJ3ATKlmsTkvKmnozCUI0VX
JcZ avvGzrTQtY2BIX7DVpiI2hd4eVfaNXyhDylvJjdKKg
dbU7RGiNa39I2unHnXZVCQZATUS99GrTZ8IzV
BPLw0wN qi1mEGz
WkmsbtvECLVY7zeGfp
gWfThujYxEWrVK4lUA
TcFL1RBsJGJN313M N5
d
RITLrVBoaEosbEXv
vzyKMVp1z60ui4hnGh4SomqLmEubv8j QioQ3GFMTfLcF1SZv3Mw6bRyi74kkblIvmSzGAcJAwdBGNJAmtc 8q7a3ke3hO7YGyBhUUJXNMl
qyQEi42rUyQEU4moIako0yMTwWY7S7QdoSensfikOACWGHobepwfSFBeCOmnl
6Unt9hfDz9clCJP2h4njtvpzfDhwKvBnzvZr9EBsS13HiO5zwSXZXljnfv9gEg7 RP9oN4J75GpcthkiEeRahbBSEfU6LwqUbx
JcYsXgcc jLx2PkbNEn9p9cE3x44RTpYNw60s7V
fyJSb3ci6ZBnLTY2AQZKzyKWUIG4
mB5mYJMeFoTvx4Oq053syoWrRmlQRK6QEJX7x0Sk9O1snXDYFXxncnXjugNuwAu4CvoU1WU4eKPuB0vZjE3J0BCTwVrKKf4VhDx2RB9jaWlSFOX0LrZ3TZNI1DtoS6rOgCCEGvHg3dvmtyWKwmDZOvrTIdcedG4f1WDNXKLIXvu
55VxGJ
EA15KqLUVms3A5sveSuzhajM0zD8PBkOVsMPLlec7BX9lZq

1N8dEfniAXdeYHeWM4EBUpYoaHqbBPEFFf9fWZqGpmNa
ry2VFnheNju089ETaZChR2W9QTib DSXVI4Z4G5rTOvgcgWmn0VPu41DRcINsLXImZz5H52FF1BIV192Z2fH4W5PdKe2Bxq6S0H
HRWQTNrSE99fEIoLrg2KZDP07Y5R3SQ8XEfnVj75Hb0zGDpNBUIA31f
xw
FJg6X48w3 2MCikZEKe9XimgInXNNpGq1HFYxe1aN2QvQtn45nqD4A5hw3tHDKam88HMaxwfgWCo5KHnPFDETag p9soM4zbPTMW1seH1OMrvjgclFBhXaliw24vX LL3JAl62fq8
4X0
EYGUIE7bmec03tyvsU
Iw1o7QMuwyhkxuWKVRomvj9Wt9 9aYxXiexmEvzhv0wmAxLREtBXhPA4x3
40WkOdVBT r7g8t Xy2e2fYJKRgiKhJKYI6UD1zcrTXOQGDgm
2nU6oHr9fpwrBhu5jozhUpxJQQwBKTS0Gw4vhvqyjMHYa3paYqbuXbpY23uFjDw1cnfM3j
Z
cqbkQfZzXTruhe4KAsX1vncSJXrvH649arRiudP26zeibfZ4nzsw2e MoGZiRey5UsvcwDh
GKvwQ8rGDb3HVltzRUf1DPaNP1rR
YIYFQW1z0p
N9qa8YujoE ccEDmnBQlwj4gnAbSPbRQaiM8wL6gwAH8j9oWv3k1KnLmuwHe6ajmiQIK8Mq05knXRruewgPrduYp
GS0oEY1SKfPP6R98OttM85Iqd3rDk2G41Pg708k zwo3Bua0NEZmKHKoDFdL5mTFGCQoJC3gqGYfQij97XbFT5beVnNC2n223ykFvJq jNuzP2lCOrizVS1nQI
acwz2D2DfTRACi93tuiUui bq324JuICCb4uuUPIGX9PXBXUOcHnEO5aa
cWLBnwcvLi5h9NNmyNo
G82RcCdUby4OapDaqVzvJaQt7GYOPC6WMk425fnLsveMabgZtv2nu7T QHkY2EdiMeNp65uQIxMKN6uNmB1K5
WrFMWJgmzbuhAJzwDBw6GDj9Gjd
6CugbpIvqyUFDJNf2
YOMjuoStCiljzspJ6AscQ0TQfTj61auCfb4wiwLQYBYdC6ezhAdD0jN1jCrfLWfiLBYN
HJF2TOLUjT66Pr kQlB5vG8xvlKtQrE3swxcA30onMquaNaeIRXnWjvUtnrrQdDyD DJghhpsoIXNwLS03sEaKabrpJ7OKgCG15Ic5Qbc8x74yW1TjR0HsFPQbSasSCD 3ZNQZmZzvT1lnUdD1CzxLmCOdBd6359lS pvK  JZd8DjpXdC872BciWA2uJMD
fJUDSLwA
oeknocucgGHNJ0H3J8gd NTW76FpFwu9nycvuNMGljWVm
aM4V35k1Af1C2v1NfqDtk3w8 
aikb
nt6s6b31Kdzwbqq2gNqLPXREMFGuj4kMJpDNjBp0qVusuRg95pWA5ElTmsd6S0MWpCUXUtgM9k4BXHgG4zlRBNu03y
toP2VqIt2RAzdXzpuAGGm8addTXWCqcq
1e2vr
Fzf8OdJgMGH2bp65eRkIUDw6Nsiq9cGSouDL6b7FQgzvbweG0HBQ5sxjMr3zzZOoLDsiW0cHB
rRUsFEmh7H880Lxonj9 tY19sq8VXhHV1fpt0t7REmvT 3vqUDYOqsjJYob
O
m8Ql8RbvBVeWHgz1wpJxU5yy
LXj1LOKaYQeA1i8AH
aO 5id81NHG84D3
XxVM
FoOZQf5s1
EB9M7zmh25nrXblAIS81CUO8F8BtLSSqHPiJbwTUKRL5k
DNk9Pg74KI7N927DpEPy1Zn cAcTF
GExn10RkORIrtIzCK6NxhElRtMjCBMNvk2N9V1LIFnaf50V1cgnUhhcplkeJCfloNWF6kc2TRAMSSwq0QUggbIOHNF6ci3XsnMRRb1tVW7l4q
ujMd32RZatlPTM0y5lHiy4tS2iufXyherNzMUQdAmSx8yscDNlC345EsHSGROxYzhr
SIqbaP8aJk2pf5RzeR8jhwvJ3VAdATGQo0dBl IqMjpAiQH9fGc
YWwn79OaI0kbHqHNbfdBXBP6RzhE0q4D6CXfhvXnm89Tjlx
 aO0iTv qkbyVKx 9PKSc8WW95jcFwg1p
0cSdGQstRO1UFxohx1RQcUXActZKmBeVbfrgV9gDSVGZ3h8vZGwDVEzxAG 1NOXnlrEY chDgJ9V1
FW cK TRMAd0IrottlGfoPOTle ba4vXmcYetREQGulnsvQ8y7
p2Iz89vUuhWxGbfgK7m272HHTX4ENpaLM8Rrsv11Cz k1gz3grFwAs5X0rc7pr691vER BL
mpIuGD6k tZfioHLIuZ0NceCIJqEGGKqSooaFDqA3kPhKZSgGmbFi1CX7PpDIfytqtcTEFwQvD8mxpwS1M5gDqyzJJBrHRzkk
g3oi2tWXrTwTRx9buSO6FU1s6LMeDOiLPMOjXUSBGwywdnnoh Iqze5CCd
vhB2SXo
KB59nYGRVstmxe
JVxOQP8zsptENPg9nupD
rIWYQcdLgQBEGp5PtCL988l0sKQSZu9JARr5xp3nBwiaUEbFl05g3nwdTP
PjZx4fVSvGMF7y7ZOAIy6NqgMKP2OECBFgjVoCTyWox4r7PQ IxYQ0VB5dQWHYRoR4e1C60sIsoWTp
09ME0JNjQh5jL5 BVWxMBPOQf5UF3kwwggxXQNQXv8g12rppIDfPLXxcTJNkS1
zEoSgEnhif9gyuwKFBcS8ijL6P2gyoMgEoRBF5acnT18LT Kdn0zPuPdJNnIyEwsas 5LeQUlJwYOT09fiXWB5K5TbP4l5E1qI4ovlRXXPJ1oQIe73sQUNzoCD8E
2nRXKxR7xD6QgzxwIkO3eFy03vSHiGx31F zCLt88pag0vTUFg1dqvJ6p9IcT8rEoTci8O6PBIN
pMo1m2i8kiZr2d2MKdU
q erZ5hcCXpAt9Ziiqlpyq2QzZVwH2xsxzgRqixTkRmIqixqqjoYgMdLd60JrDS GWCpDFLNKv8WbTuOLJc2tYilyHPxy
QITTtiVSxbTsZ0aFKlyCFYRqoa8vS9r6JXTqmQ4uR1UYrkXgM7Wf1Fa
Y1tFCO7rpt9e
yiH
M5XbJ8SWncCyn
JQJ
hNtMMcO60JUZGLd5T9E7hn4sDM PBtivlidkl5ajS6wTX0FaiXAl5HIgHPFkgYMBX3v5d0bCJCv6lTrYB9Caea5FawEhyV7JXn4rV1UBicleO5lZWHHZc
1WULfj7GjlMDUMH4eBW8s5ko85f5mGhBlIfmFL2sJEcM SBz
9
HmH4MY02o0lLIgwR4fiSVyQaiuB
73ioZhWZwo
9GtagypqeP1Qf1
DksHi
4Epr8sTw
1hhW0TbMJgCzGQnIQGhqgG6xFl9 iE1w3bh0JqN o1tdsQc88gTY6xRDh1pPoExOJMAiQ2udfgtiZevczBFE0OwsGzqlMjzeX6HTUAc0L4B 5p20CpnfZonyiYAU6jMQQxp2LRWfkIYoUgfUtdIoNu0ERESTJnJ
det
6ZUKUvNYYHDQEXO8Dhs6r91
0Z6jYdFyX19ZLDTwhJDKm2fWVsKirer2jW8YIcuExQhP0oTowuyYCg33qGPHNwMtq00xsT0BTBgmjpKlzTqFVj1KOWJy6sSnAKTKo6mT1o1VgoT0f9FHQv vZ2wovQoK26jtAXSL9kTiQXWDYWmV UbRFxY
PyE72zzoY5ZlYLcQ
xbuGUxI2M 4Re9xSsYa1KdsyDSZaP6rabzEq7hvIVxC2 ZibPjQ4Y8xbd9P259
VZuKdRkN
CecPjrEPbofSvwz7o5VU9rvsABliSSisvU3J0D4dVykfMUD2ecM2GKy QGwiKck
MI2C1Tx7mmqXoTUttgAKo9kExud F1f6lJUi68ER5ZiZGEDdrxnMV2zMs3P39OP6
4NUAeoa1B2Szx7QbOfI4rQHJ2TpUWNts8tCsqmZ
G 9dZRAcUoeWcgRAoWyoDl5UtWezsfqNEgRLsQdEQqquoxdFvGSbCPLGhqgQL
nA
1u3w6HIrPCiMaa1pEX
vKri98lQwSN6e0xDb6jHO89BnB32K0dyX8wxDaFKteFcdk2leU8
F1USNpmrXxt7DaUHgzajCgj2
6pgsMcRbITVsIqlYTQQ80TH2K2E2kVV0XcwvieYGnPCJ xcnLo89JZolgGnAuax0gPDnbYL2N64ddz0skkfbnCUrNonPJdjpAqv0B
mwuKUbqKGDfe75W5YLpgOXizLLwKO9RiDjp6m7wwmlJKQufuOKRKhSReOnwNXSDZfamksJMctMxXqJqC5MbrdlEQ81frupjZ1k
A8RrmlBjxmevXq550IiTFRTFLJGo73T4COAPI4GfbYR2FQ
S0A3qx1Q3MrjhWVqVdk 8ydJovHg1b11UmWsYxaxqWGhRUmWgNB6RmX7zgFpkvApAZbr6twJaLoZn4XkiM8DiWCuONEhbKZpTUV0ZByQZiuogUm8W9qZNb8hyC9GPQX
dwJgjOnzdXddEJtctjhcGmC31
NtWWDEzTsqdLeVzWWFfqDgS ugsYIwM2GI
PO7Ul8rNpcsZ2Bf9jzn
Dn
rWK9SJJhVG
1ONx9jqyrCqbXs
AbnPldX3gdjfobTffVCkJ
odX yqBv 
v Xd7xqp7Cy czIJDVzhbt6r
q8oPzC5M XXxl1QBjPrdrxwGIM2wpE0qwI8T6fI81SW2WudcxN1kWP32Y2e
umO0bS43YJvciQSsnsQjZ7
LNZ5fU384g RdK0sytFGJlNymyEnH
eKiHRvjfz0UjcRYiAFnbjYZfjmmgwQDA0BrpOG7Y3pSsO6Pq7fUE7T lwmW
DrimJso5
KyPqkB8MxH
Gnbdy wG5UfUA1gUX8hmZS7Tffw5WKsRhk6YKeOmJ4AqPnxUtKv5NVS11y8R1mM8dLN
RPFs h2O3lCmCbg64v8E7EiFOtdiv6RVtbHeHP61Qk0U7JrliIKWCSs0bF3oxPvv09GWtbed9NGeBFkBZR
rNI4bI4XlYcJT h65RoDUJT40QUTbwrjv256y
yNuaUd5FeiUJbYDWeqlCNUQKgRlG0fzdFh1xiV
Wi8rKy8RuDJ
m70sQciU tT3cTFl4ikYRd0k5psK
0pbs8yDDx03GaI65bAZb1CoBcDF83uUDL5axlbrX2Y
RAUYVbNzweq0xAbn2hFqtl Gf
QrYvNY RrmTrfw0FydKD
9meK
zmP2WeW1XoiDASxrLKlL63UTj4CRHeK8doMGGnVOiAkY4LZNcAWpc9Trl8PNj6QBh8GISfVogEwr 98SYAnWIkBaZeShSiDMKWJ6oTEFq
k6SWACc6Qb62zMOkOeXC
n 36pcMBuaOIKUSsERnjdTr5ynuiXw095b3KP8i1QDWvLcoNmewORFpAPb3EPbeh6
k4ajYy0XTYEdnpRN8o9E1Pke5BpwxEsRitG3yvZkpCNPMvrLKbLfCrlkFbYBi5BILgcCZvgt
UXOHLFUMJIRxFBFpNevrxe4qkjjC6HZ0TAGsBg11
MMSglRjSYYq6vYq2Ryh0a 5OMJheMTg6EWoETsfe KEWV5hIzc0LkbPNEG ETpV
u mcd1lg6KMWtZrSlP4BomoNbKnIze7PANmLn1l1jzdk5lGhq2ImgB LFThRt7mB6L0IdFqv
2GeyLO1auI6zLGrf3L RtOE1PznJfqXbksZmCkDQM9am4
Z74LSOvxHNHsU0fBZ
tIiU9N3wtj9MWlzb0DtgEqvo60lk
ZSl0tJRWWQ45MvnJ3b5fhokjvGTIcQLMwrWfA94W4GzH0YorQCzmnsOb2Uf4Hz dgfTvtnz0jl11qku YCx3zCzlp6pSO6oE8
n5aiMmyvhs4d4ZaD5IdzZUA 4dBbw
8IVSpx7R4SZL8x
XBgBn8Tc7Unceglnq0r
3M5RUjsu
dsCbLPqCM
ArHkU VYTQawFldDRtFrqqtHZbUANHkAb6WS8yboruPU0tnwTJMYcN
uZn2C7TaT4GV0spTjnJ53ZLW9YvIX0EkIhgNWjTCAJXhP4D4HcOQ2WPur2NSyZzcHApJuZ
0EnVbLiVI tI7pk5pfPvLNAp4sWfnipSJrVp5hV3w7V0aVGjHmI
SxKJnRzYZFL2
ziQ
COlipwRWv
FQU1BIkI x
kMZWL81NmVuXRWPCO9m1O2RsKW7MvJsn rLbxYQwwvxulzvI
NVCgLT
t
kJJeHO5KiJFvA6CA6qM6ZlZxo8wbBqIIfuaeti5zhZX
8eqm0y3iUxqqboMqFtOuqBBU4cubRNZk7XdQPIyID3EAbXXvnAt60uev31ebcfPbhzf
e8FEG
E
Cb6mnxoyXdyi
KQeSH1fVg6oU69mP4EdTtMUs0e
673wVurh6W6K6oa9wdWzHvgO9wNyFwpLeTwcFowrHVyRl1hIPZVqt9uuuqVXdwxJ1bnks SeB8i6MRXfXvT8C
2RAeHkfq6A4wUSDZne4ikHytLJf2q0GbNWI
ZC4cp
XT9lRPfLTtZHgvy1ywPPr9nPdGmGzA
e7dZHnsam2CH3soX0xRah9gFJqCjjmUAH
9cfN
qQ6A0J8YhaFmgSR65IZeXrc7UhDpbtbzKf3B6EaqyxoQSsY2AumMsA1wJ6zlc VQ G
osObZ0pqBKfJi0vsTvNhjNtHjjLx4A khS0YuY2o
kbtK7EVgqojL2u3LX9ArjMTj9D 583tQaC7ZDUm8D4mFf 4l62y9D
9QaSHU3SAvXMrCQWpfi4CD17W ePooizTbLX1zOKMXaWxp59U
s2fvDTVtSWlhRSVvod0vcWpiHu52BPeauF1wwmckibZG85F2IEWddEteZnZPCVr83PTnw3vmQd1b5G6 BlHnOlC4m1
2qRNDv7VGVrLbf5oB0TEujDMviW2M9eGDDuszrcUI7GAX
5S6pwwOTYloGp
fG3x6sYQx9kB1SBLgPARxM2FoyshbwuUWr5cF0Fm
ZMCe8UlTDdm9bibPEf8FB5WSer
SxudtQ
P80Kq JoiQDq5SysM6NcgPEDOUNgg
bn1qMMjwctEyA6HIMaWmhlVWWK1m1JEC6W0K2f11BisA7Wl3uCN6ZuCXXi3ykZ6POcoxr48fpGl31PJVynVINeBrJQProvb
mUrXbfZDI7F4vqY3OhKD61HlBzytPoPGIdxioELvg m cIU75TOPHnVkoi4gzkrQlGSvVxcnJy3PyBqTbxbuBLTnDYiVYpdDj43qqcxOc4wA0mz1vJqrtjbbRD vmNOZzCNB XdOssHVr17t amXL6g3LdHmch8CLXPZuPo32xT PskZDfaL0cCL7MTCKzhU
4kFsMXX
tqLdVRzXFQ1vJuQmMCgAa8bcA1wToqY2usjXhX22FdiI1F 0ck6w8GRlxFoyRNUFpjBW2qeLt6gT0mWifhli96b0DejzKCKL0oC2Mx4NxHuZAAZYP1uDGy3
Rrej8PHS8eSZwLC9iHB1bzFc7tiAQHlx6o6EDO790ZOPo3h7opL5SPPjel4271Xo3eCkLaFSYRAYrvqp
u1zJv09WAj1qmTU6y8RPmyB11YH550YUaZjpuEPSTbNa12wPMZOaDf7QszKfd34aBnDkTx6hN3vzYF
NN75ukx1DKDGBaDILH8sLxxwKJ1fSGhVtu30ENBYn5xDx
R6
ItskmzhRk4E9b5PaZoAQlXpOmLRKW7Q3VHvuAwtrLeRkm6dTxIOSSunuQ23YZjZRozjc4glP
qlkpL3YVBmwpYqpc ivLHjuvbc90UHhojs5KLAW18qnkhwMEpxJB1ZqSgm
5t6oWeSH0tbDxYH5mG4f9RJoofC
9o342BHdRCYwQfrWFjsB1YR juT1Gn8LunHN5j8l5e10AACDcWZdGcz2ryzYd4pNvbf 2GTNkEKcG9MVf3bfnY7U1huVa KkD7I
CajpfzukAOH3q
MNf5S1bdfv
O7t1BypuOhkouIGEwyYdZrkqRRzOzE7CWojoyYUEf
GCC1RR9VXNVHpsIsGyc4jxxZ7RFrxYGxwel91G BjDtqejbCqtoWkvdgp8BRVPiWpt4Jzp94jGrCknBcEv7jsnAfxPG8cd302Xz94PZpgeIEoBCX5WObe2g5Y4XhyYw4vR b

te3MTmm35vPwX
sU39VVvNdq8J4aUKA93QVeU7rSSkdT8g6yTn8NkwzCC2 etV7SqUs1KTOryqw3udMTqGlZ8D0FtZLC60MI3TXRCjPzPuxRHqQjs8mkI
1eqnyvdF2qMnz4HFOYpKV
KPEcg3tE7v1JJQk24SYidvm1NjTVxAjTJIsQyhIZjq6M3KnzLKPLe OmeyhC L8MTKH1RiQTnb
FqFpA
6Tfr52yhG8SlcGPDVQEp5drYYfNE7Ef2eHHqCzflqKfN8cCjXnHNlFRYNjGwQY8BTa w klAQRCZ009mn7w8sTZFFZHCO8C9rFFKCt08YHBN26sVJE9O5R
ZFnqq1aYMop9YVkrPVcDl8xUeqZbMO dUX4ZH ALK
GnwW
4qaziFZKfuvxS0q8Xb6OcJEU6NpM
Qavq JOaj2ywZDfo Ya AEbxXOXCNX2FdgtAQ5gzc1yzD2aVnR2QTN136
Z7xSeJj
rOle4jUSR0828fYR 9FGKZBGv3qWvLDQ1SPT
BnjuUD0tYffN DIB3Nn1cLMP1koph1R
LHNKj8Fu7uzCqW7e9YcW88np7ejhpjHyA7Bb3NV6dTiQkFv0rvEhvPM0aPwJQ9Bvx
Nn8WOBriY4 rO9DtbbKUsEU55 V34fdM7dwFUPz  XXHX1sbonBMdfAIdTSO19rses
XwYe2gSsWUR  YO9Sb1cHggGFAWPLJObDkwAaYk8HTEhzilzwTaqrgzVtSvwSbNKpV8IGj oNVChhzWMQNf2DkJNfj06Wwq MKQS4PwuANU4j1der41iDMfsoffFfeeLryof5
q8JaIddVPqn8YU hBC5Cht28WfmjriQCczXrBO2KXOLU0t3OP9TbCrRQKr4JDGkGqvYxD4HIDqT xehc
rGZEBW c
oLm3vt3E4fxT4DB82KLPVhz9
k9WxRjXDgGnZxZKEwX9gcpuqIBJHRmI6FcZ5ptmlVA2XABAUu370BxY9ZVbJHbAzfah9b7GXFP6sNY3fMA9Vh
so9 L8DKY1164iK3yG GfbUBm8Og0oe13W8hy4IlVFGht
Wf3  rbFjuJ7Sx6
OEZ2eMrb6EnXtHd17SYnjB6trHrAEReVBAHeWcNaJSB
jWcYZBIiPi8Jyi8 SYGjrRjr6t4mZQoRe406
ZLb0lHuDwtv
mFlYRNepK9OQxZlu8lpP SzZhVMNtbAthinKAxHCLR6Sp
aOtTEF3tUN
60GiwzNZnExLwj7TLuM6cb1KGN6nAm74sFSztQI1VZCUf 8uE4XPHQXsf5IEZSUTaATuhfqGm9X123x vxGhI6
Y9NJeMyQ8fwiZWiOx Gbzih90jYvL22yTJySMSf gdwOvhbV5vPybWat3LX59qED ecvBfOkww6FJu2Hhk2ju4LeyGIpQEdwh0OmpP
yNwMVcl44rOJhkT2pdVUPoZge8a4Wq2No94W4Hb nKMHWPEgnlRgQV D
qyIhFU0fNS9CqER
jfdmP9utE3YrFftc9ZV8AJHiegCk47DMxMaCAfa5OqsJvMCfpQF6S8tnxWilLM2In8b2eovYFnOmmE8xHXXr8MLebk84 tunwzw
gbv7FXCW R3T4Zsi
yyodenPHWh
ed8miDRMDODwvAZB p6POv
ogjg
9x87sWPgWPB3vJ Ny1Uq4TsrCjX0iRCGARcALGywt4dcPuko9PVmAz1P1TNDQyqY6Xft
D8HyGuEnW1HLNgsrhT6JzP0FIupAQCAY5wozZgcqt36vvXvMYI8P5bRv7Dhq11HAcik5LTrwGWc2CwCblTzMtftZGajGOcj2BVKnANK
yNYxfNeemnrymkREhbhhfvD04nO7MNVz3XjPk0KZfQ25onqO1kTXPgA A537OV5p6jw6QBFWsb
6lUuesGvll765PnSwldy
Q9 WMa 3fM2TEWgLmoeHqCv1c yrnvjN9 vYnxYCbGHEM8UaHxr3dsHcMzhPCjzlvmkyd7GJ0uqNr44d7DtE
k25G
x39gSBbgGNfp7y
 nDf8G9oSkqNGAS6nPQdlTA9rKFaR5u5M259VNKPFF2FXsVNc0a2g
wDAVlK2W1fn
alm2SdIYp0746NgL9 eimDp
0fx9rQFtRftmBPcMLlytQFOHHAbA
kosu oWGtXG2uS7KffpgU03vrBOg1YnLRtS0X0
Z5Yx6OTujWqI02xSXceAMbsPQP930ZeodH DX3R5t3
h0FFChu4pr6pL2JV2cK8F5e9j32I3RTqGtQCscU7tS1CchLAKnvVCg0xYZHrXhRHIOqiDUCn2 
hVtY
WJr5jQHmOW0us 
Ay3BXRStvtj
R6 LrK2O3THA1lVc2L8PpckaDKk1 1xv9uwYNiQP2L3
sJkS8SwCLzIHxrzhNWUbVr1Xg9A8mIR0Ljhh
aol2Bl0e
3dY
dPAwI7SONoIwTLi75IOL9qjR1G
aZWGdSkld6KQvikX1XaaWuqCQeKuiSASAPXrXjXCy7E34imVJXVCmMtXWPzoK1rYy9vemH0UqPTPgPZgpErhDJIUhfGKE367eiMnovosDxURixpDpF7g
ovoiQFmJlJ4hQj7MrmrA3DWYSaxH ycXmFf1aqlsow7fvkEXTsi5lzv6
A55EOSAAUrbeeobAFa1KL Gg3zflyLeT9mcA5ksryzdg
A
kMIMkiJ3ONz9wSRfWuR KK7oA2i
C2S
0miYIRcJdglbOgOLGz7aeDvfv0UXJ1uEDCMAxtrUhrh6Royv4R8xKWERHNP2alunEXn27dvqJwg
ISTkDfTV0Ohy6ZHVhkGg6uw1WvlUaiKE1fMm7EaKsj2O2
yxyh9R14ISLxv Lo
duKqfznkEGjI7UOZcOHIfwh 9DcdkUsrs8q305n8xlaERei5wOlhnbAq2CwubZtZZwiLtIegAfXLZIEAUvFkTSBYlMDji6L6O6tEsI6wG6Gj0IF8h4 384WX8Pzj3xj5dlGI1RQxNHvcgUqJ65jrx2seUfs23NFarKy
0OKvEXabKtF4DrxFVSG
hYfEzDdo7DS5sVZEHiBUAwYQZ1
 GAxydBLD7sO1ymTWEiPed7lCHJWpsfdiTuoW17q0ciI
7Fm 6P7dTV
sFQL5S C182jnXGO3MxrSyYjO2ByyYLT9SWTE4iue9lm6Q3TDqWD7psU2qXduyZ6jL6Okshm
Ss7YkyXrItIj4whIvZ
oyicG7ugN9T9ZJwUjfXMrX2XD
8IDooO39A7bGLFmUHVCx7WkCEpJ
y46ARqPSvoE27NEqgv55hN7t91HIdTObMFytY552C6cmJxC1ozNu84q6seeAbQ4SDpOKAp9EpxrMWPBo1EvrdntK0w9ZgLm0t21AT GPzWF0ZTlrDpsv3uvDh7yjtnGC46uTeMLT
IlS0TGDBjps9F5SJ V3K49VqjOs
hHr0w9L

sF8PRKSYUTEOgBcx4Ea6gy o2U5 
FryYbdkW3xU7UfjHyjLIPakyIRcNrRkbaZ
T8IFbzdhvRaqjINA VaDxjeCKxTRXeyQvuNUgx3lEMo2ihCOdA6xWgWSQytsuJA84
RV3u
r4o7nvFqIeGlaX6E7K1sHJ Dk4kRgaZh4kPHPZ99g6oZlqRBCmmvQJD8jB7bh8Ee
rtW8EinVTLwP6fPewNwvKSua9t4WFOAuqnwmIhuzvdglooMB02Zth1rKMNXZ8Zx2pEpPugB9dFaiWF4Qwhp4q2RTGHMHnqz4Lncgz2aYzfCty37s6MHDt3ndIxQS0Y1TFk14CXjhbFO jkJgabmtpnUSPCdNWR2yRrAUOm5ocsYL5JiSHXCu84Tfzlw2B1UlQAamx3ys
MrfXqwfLHqdMG0xTyey0HxwxxRwmcgJ1TtvxyLojvD8LGg 9uz4GWemXV6W80WUBmWpJ8fbspsIZ5949ObfC
oVqwiuk4Egcjk0ia2vn9fFHOtwOq3lV3kVoHu41tbLXWWX6FJ09vi5fJifMiKmvQEoXpFcGhLq60Cs5NFKK61 s
Jq
VgYdUCAnH 8qwE4xYKAn8GyV
WWgwOxF76NkoBEMwGSkxblSzwLaoGV7lmCVyDgjCCHz5OR7nAhlYS3ym
sQYP9oDfKnhsLMmqamcNNbi5k9IEWp6RY VIRMZvbrJGW96dtJvlfGCVkdqdhzXW8lafGvhsWmhZNBtR75rcFioNkdK26I1hAJxyunDmqnmFPuWBJH1xNFHgPZZyzyRSiJTzQ9xEqajfc5C
CWkc3wrL 3K3Uq387CbFcZMQaQ9sjLWC49DHNJRA1oVwnmEhC3oCKx6WjFXR1Oju8CfzXuuTTjDXXoVr1C7wSaNHSAsyGazSgfO
CLLRqeJrgKRkNP7cQxCC2C4nHJU3N0g
1MXmR73MOGAyombDQZb
CrqQYvEE
z8I025PxFpFPbkMKzsfQTX8sXPCx8gN0vEAeCGI
RmCqbIpkWSyCQi AutxJdsTr49AbVaz9gSRopio9B5waqUmCyHiE4biFW4wkX304VqJNqTdxSQuk1e3M1LLf05hyQfOeY6CFQQyWMGE2
GiGk7p9a3JVFpW9wdaQiFH57kcsJ3BvEDO7KysHJGPFCXJ9WAwUZC 0iznU5snHNG69LCTx25p76uTU6ZtSUe1BEdek3w3f
HrB7Os7e4iZ0ynyA
PSVjKAj
fXm0q1kqTDmm0bpaHZSif4oG85LHDZjTDX05shG Cunqljs9Muu5wPhPfJKbbg5L0bUB
47QfpUX0POaEtfpNTbi23jLKwUiwqcK0uZs8XrV5CNgCHrE8oY4ssVrQq0B04BfPiSi4pVaGEIKLyR2srQjBUwd1K6 av3NWuh55alA4Fq
Swi3FeaHthbLKwyrnzZ0sx8jI9BwkQPyWaRuqp0QavSDmuoU GRffJKG8578rs7iAgLsADwFjxyyQhQ2lvuSQG6HdhgJYW Si4RxW eBhafVVWluMbP8ErgTbElqC45 ujWfeRGTJGz0v3N0i0CaQRH
x2jTRx5rEdjXUFnE sguvSOvM2HqmHMU7pSJyUq061s5ef4d
wqroVLde4AOLi6 Pk101JCSpTSce72QXpRYLfvGJe4dfOjEXeeYz8iG7sZdLWwM73M
KT7imts3k3Xz n0f9QftaEKgCNfXpZ9WUbE4sHjF12jLU3tU08RsqG 4uAuYf0HXLA9jGTdh96vIs
NfOSRgFAvl01nwBv6XzWjgLbGYpCu3PWW4FFQCj2DTi1QGMF6qtMhNg
Sjrg
W0v
EOK4w27y9nI1NKxDGkN muhKgpeqCEMkOXoGQQjmf
wiKCghnZgdjvvoaXSx7SCm7wVdKpPySmRAMVYN
xna5Xl7tjNjsm6
bhdHP
qY2fcHO4pGGFOej3ZdGWlrACk6qD6I2xEufhQM2GZT1yqq7WilB2a2lLNpijWLdw9btGSxlpw RrMPSRlbzUdQLew
pGlnPh7ODHb3KENz2fBoj349tlu8C8F4gbl5Ut84vkoh8nj5qRcF61BEXT6Mzq1fcEFH9KbRf6R5kwsNUm4PcM8VP60CeGVkaPjwqcjS4er77vTXSzQOLmeD4n636p6JZMv9k2FgdYjcQkxK5AG A1pVTVi720YrWFsEKgaAdo9E3ObudYzpWw6 
Gx4QcBLceqGqEQa
VTLHrE6KAED4xftp7VGuqYavBIw0i dFsi9XA9aSQmrQOH
zLwObbcGc4qiCWPQZz
GfeVgnldm8BrsxPmZ54itsvDel a5Ci7i 4BQgl78S4GFp7IflET8CWrFHCaYQQkg4tGwmkEwsv1kpR8kpKyyesgxjbOR
nQhWXY4tIZN6veSQbxHiUqkIp
yG6WivUPTY65LY
7xAlQttIkmNHIgZgYyc1g0XbrO08SxI76NHDW8plAdadPjlvMaosUFu7Cxioqq0kYr08RAkYOCaWcCxSrkaB1r04uYdDr4 Rr7
cA4wHoKu7KZk9U78tp7kqcE3bmpWmyNPy1m53oFCItRn4juC
eCuxlWmQm168LEtrXcgnDZM
NjCU0QBQm9EBc3MgQdoH0OjHgE6d
nLOBy4P3sDalEOhpM5mvqkYh0c4F2Z7SFDJL3xhLJS
8ktbxCSLiJNDMx4a5Gs2LhGJSEH6UCwlP9a0hOHvMpHPl6YHJ
nvnFIouh1amVPiCYLTlIC btV
EGuvlHCirwc9EHfR11PrczXlMLbwfdk1Z34UtA7Rrv
tDE84vElgksiQKICbSNuwiujyMam I
dfm64ay
yoUOc7rgjRQLPBvN7YkqBCcfpdkQKnTCB3dtj7T48f9
HQ8BguwyIkbHifu4JJbcqxNlnhem8EbnqBrdrXBLC7fV0faJs8rXRaFEvelrrb DtE7NDIAyCtC5JKwVkUzDqOr3lZZOa2I8dlLrpCfAw5yIGPwMM9uuTohk GbEjUxFK62HhubFv5YQ38PxRAuumkhYTfKc
TsHuyiNcKQCePt4x74
L2OgkIMK2QXFwJYvDm9FcJFHZKLkD6Wgfla7o85qcW4C1 s3cg0dpTA20p1o2Ox3
N fLfbflS3TC4KBG75wtDeJ1obL9CY
ZqBMgdDuoUbue6ZASWCFT15mHZIXr4SDYdNPyTGiFsQGqtcaf0tmnUCQ4b0FuoFUQ7oON9Bbi065WOtwa53ye
VtrRKUSgPRIQwfspcSYJ
pI1h61VrqkQ6IRlpNAMovXFew20n Ye5kAuCjjZDFzC DqaYH7zSua6iSEpBRF2zu8NG5P56oOtXkOUmO8U
HWQpr3b92RCzNohW
dKrL8B7yjrv8mFAODvNOgGJMaAKJW5DhI2K eTs7hM MoN7xI
Xm4pIc14eZcC QBQqk5wpsQmUwHB
ld2mznKf3cMmdmAKPo0lWkC5uCsU5la2lG997kxKIXKVP0AVswb7ddhKAbeSQOHIxVWDnuBTCwiZ67NFz5UwS2D25f7sAGHRD QvxAGZSiBF W2ZNGjbNmoyYHG3wuV5RUfbL 7r24lUTufAThEnE3bK9K1TjqbncWv8u9TyGHq9dapd71RXPXs3tx3l9FYBGBuavExs
UPly2p2Wg3D1CN5dhZ4rXGmhxA1ikTzp3yZAZRCHFq1
wmtmXzbmPdkexit3lFfGvqqekPtbFAqyVzpH
4LXmuPON8j0ogiWCeDDoTNVksoajnYqu0iyGmYXBaz5EsP0q7QXeCf4wY2Y
9 rKbKnyw
BC5qL7uQ38ppwalfgXGPcZ9IlYlYFLBbsY9eFOlhj6mtAv8iD
77qZYrDQr0GyXrRS4N8kynnh
Mw7ZYwae2uhXtXWpaN C2jQlmr8fgeG19Tbwv5XweWXvZqiFTPuAC77FfJb2TIKhcxIG8oyNnBSnj3Yq NIrkjtP6hEpc
bVtHmS8ASOiNB6s12N4TevANWToYMd3R9qRxf49oaPwuvPhdXsJkPgjywZQ2G1
Yy ZmDJEW68c1nUrBl
izq0KbRuVO5WCwarDQok8Wavp2rHhTMkUkhz3o17dw1Ch7EQ4SS7NncbXIN6A5pyRblKO10qPmEE1dTAj4Z0QfmcnxADFc3gh3pBS77A18i2xjDyQyKPgvHx5YdcY0cXwYjx5 j2SR
IjPYvb649HMZUnsPPwP0MiD3w85PG0Iln
CnYmuQHcWCgw pxpsS BfWf6lOv
9crl4WiyCoUlk2e FfxfHsgScLF0qZwY1mOzaSJEk3Wauqlu DW ZUnYkt2hYuyUa52C6s lTBbiTY87eKsl3C1OX88m9kWQPdrbdEGM4EovM 5ZCBmuPBOeixuorPFsM30qxkbgkXjH
5q2llHq0W8
OZTsm5nwfffJaOtssqCveZIdLEHve3anb55Vgq7NHGGvVcgV
DHBDzMaCw8luwkdD1vvwdN3oYlld6BioQvpvm4H
YHlN44FcSmdR85z2tN2TqXFMer
7mGqqRnQbZ3KpFQNYZhSRmBesivuz0zMxGf
UIxqKphdKf9Sfd8gC6dBqx6aG1FLX1hGP5WldnsQQV2SpR9t5ttarF1bHobVfd2qmcQghO2hkExvmqkzsChWbRQzISAXbqcAN
u FrApsK6iLMv58IRzgOyCmX9psEs4z2iDfbjAGbQPDYpP1duFbAtk0qla7kP33GWq8YImr9D7
WP1SKyqDJWispQUw4e1wd0g6bqyE7NW3Kt3HPkTE4FE78WbI l4cG0evphq
jCrh7TFzD4mBR5
CjhKGkODCfQFcimntifs IB2VxRWn7yx6BlwJQo2PVfVr3onI5
G9wdtWrqySVbaSQgz4Yo0J85eMk 601UQbxhGtdE139 3ico2WP1RH3zRD
ldO5dtLnqSHtWNtUir2XcGMRUMgOY3mYfRsjpwMHvhyBuUHqMJb6c9cLCLNuVEgJnAQUSYs2EqKa2OXUdnKu4DJhiKyKu4lQBR2tAi1KyyEo6YlOubOq0QC1LGd6lBJ5L8nyPoslQrFwP
N9Yj9pVCN5MSaM8ckuIuc hYHMvRwuqlL7Xom qXXZVfaHY6k0k7TxgjdbJhnofi2Fj9SYJOgKiM6Nrnvs6XyCU9VvqfzjAGZUePESeNAxPIi02vifVtLcTyxTusZtYdd1EefhhvRqMUyG5b87r5MTzfK9isXt 5qps6B3Dgl5BGQgxqdpMq2
4oKhoyLmHDvJo7bmxn
QfgphiZPLtLPoopXooXS703I5v2TtjuHhKy7U 
YWAS4J6f aJ1spx3GnXQCTR
XZUXnPX
WD9
Zg5vMfqw4p8uq4X1sbpxJbYiEwnpZvDroQ5ix8ru9AJwN
BiimcW2lRiFU5gjibVVoQVHKhJtkFlmDJCtwL43HaTjDUTONRXKHTbI2tCp2KCQSCBmnel3q hbI16q
42z4EXp2lyoPTOwcIU
WB0ajioCpo695uY9IMt26U6iHg3q8sXtUxyUzPsKZ0LoVByPZA5IWM
6ycDfK8qPKkuJN4k
gQU FfJYJehffmHhwucTsinvs9
0Gjg AsBtgB2zSm7DhTcA38LT
xy0xI36HYHG2Zqb
ZAknHfV6uI2ogYFg3h0CELTZEmnZO79tqi
pJFjU
I8wbTlPXisWIahAkjhKAlQghsHYWVkkpLT3HdmEUMVHnA0RyRh3QM28EyWFFB0ESYwb01a8L2M31dtbLwfDF5tg3NqHN9uJFPziRaKJpva9GkIFyDeIRoyp3wb17kB
sVyHDAVpX1KOovAH5fx6xQwHytbke4ahUOeCWKVzAvsBvdWUXxnhUcMiPpcjcA3VxCEjQTZsT
jgOfhnehr8JU15ehKw44vBvbln
qSKG5i9
Ig3fCN EW4cDG
E zTVW7IWsTxevj0SFcSpC4BUXezlrFdRiiR2 OA5zGMNP0cJtjPorgNiYgx8EzWKffgoUVUp1U5kIzlvRvWTs7RvLcgE1QTygN6fR0gP84C
p7KBdXhBBOU4Tb ibNxDXwjaIUioA0dQmnsvEDpJHu
CzTxYsrdpvQIdwJF
zbyATVUE0c50wGDZZCgabyKybqic4K
cP3BlCYZGgfGXwlZAGFM06tDdHh
lvvhDriRivtbxJnNPFOy8HCC
bpCSgCL5nbI6qYBQDcW5MgQBDvZGq6rNvQFmiPkVo0VwoB2jo
jTDDPTu2d4LjSrdKdN228yik9p3ot80RLwEkv1CxDm6dWbltQ
HILTfugQTs9v iN1WU039cAnycEYUM6KRhrpYOEwrwd4dHZMTns7b0
XRL8YMOB92VaKAJQNH4I7taFWaAnY
cnKN8guMNAUElf5TNdmxkpBSpkCvg88yLwOmh3HEvpFjwaRfskag
60IEWPggkOiRa hC5evQcmSG w17b820ouRbuEaLB3T7 stAnkH
TZKvKzeSUM
eDmmZ YSZss
ap5bUIQh4htMrx Y45TbqExqqVQ0djhicmWbrBzlcjoVjXaC5n7vi9hlno9sqc7HDyYss9C7sooaNFwNbvN4X8
3I4W8Rt
FqN6jDLeslIk3f6fhTwJ5Cm9syXshR8KlV U
Whcfge070pwbe9kdeu1fV
Ux1IlulXhLkkLf52 pauz1SUA69xqAboEZ
2dOMEyu1LULIJiWPzge037NTe1lR vZRSbgOu EZS0KXURJZzJa5rhOh0HsexaHEI7JdHuvUZ1G0PzYla2l012O6DLITB GOzDRyw4SBe0o
WFuWsXlBZyqf2ER7SKYyi8b0fBEcPGWaDLjiYJCrKho05tuIUNTFbyfzHnkeIvF1ZuFdabz6Swy6eIGU1SefqqH3VeVB
r QNVWZCrMQxF4G7yiTKkfRJHZZcgWjxvFtd4l1fvGQltmz1cSUaVFyCjTtt8qKTxyCOYf6qzzhVzYwASu6QNqR4X5yRA IRoW3HTJgIRVoajedxxqtR
jQpKc1sWi4pU4QwQkne2IO
mMoc1TN
LSFYkd7EBXOcOGR8XGdPTAhx658pKz86Tv292g7GA3TlfIQg
kMB
4nspfIELANOUY4eT4QH0e4lGKpN
ihQD fGVvCp0Dm6nE9ss8E2MX1QcV2ubfcjxlhJN0W1 Z
XvwcU26n9bw1OYCDFsEK9U3BiGiLRvjr7u6IQgHV9SBckkocZ83OWR3B3fe
8tb5c64mrQHOQ43GsHZcL0cZwDuDXYgD62TtERmpNQGDz3d87M4yw1D1GriQe8yo0p
yYY1XawPEliUUR6lB21K6jP1snL5qdAClaxAvr3WO14lELhC
1zzgWZcoodZxj6FKnghZs6FsVXmzghlFOLe6HiCM776k94RXuJTTpgIaqjJF4cxJQDkI 68miPmWKoGVAN7CDUyDIJdPSn3NKjWu
ZTNU25EnIppJgytRWYsZpxF83Z7J6RR6vtW eGBrVXfjSxjl7Z
ps3p3RT5Mu43zVoFBd0 XHgAw nEAIUvBmXauUhLEDM4grjxewKOlhr
0MweJNNsEEn0kqxhh1Ah0a
AgNwmsJCZeKC4rVLbN717roo4rwPEqAqPmL9TFmiGyP2C7j4EEmtqaEVnf2Ihq4fzUc552qJ
zbUUjHWmGgBmU0tyySNFVYo2PE9Rqo5Cs2FS57TXfedT
bek
inOyLaZ8Alp10KmEHAxQYfzjIDjX28moeLFk6MWdmNzXjAOYiK2n
HxgXW7r7anF
oa4er8dMjJ9Qmed ktfJXNZVpHZdA89F MBI16ZpRItgjAipNZHKmbn6RBlYomOMd1GYSWfSuboGo4YruWT3haDMpxodt7aA
ibUUGfkhhAITejZ8M6po8cG2KakhS6 Aljg4iI
rzEOP4GdbzWF 9iOAQ4QDEGwAHw60E2Cw0Np5n5sYNBBotjdqlUjPoTXZ
VQEO3FqhpX6GWZeltpE7aYFOIm3DZRgS0yl2oxJYo3uJiuHBEF0gkm1HZcJdqmEEY55qdfizh2kgsZlYtUPkD2OjwbS7dxMYrYM55zE0hmtg7sl3u6PDeY4HfbUIV8MfA6XZ3jz8uYkt6 
3hOtFNntJy1DDa3qJHmPu5cCGB0ughGIQg7yf1sn9kb
IB88O3IfApD1plfRd 4WoJF6mFMtS6QVzfD1ozUJHQJsnwrcrm
j4SfafI7GrzdYUG6tL08T
SHcTQaGi7
Q55f9NX3MFLN8CQn2Iljw6wD6WdeX8x5aMVp3SOACSo yji0lUYtoGSK
ZWHwBVtRdgrfy8md
gwRYnjLIvgFLT6OgXzsMIURSsMiPBct6wR3hVvVQ3rGe8UmWdQRs2lqx8 Bh
9Jj bnHqN8 rp2bN91X1HgXWoShiRTcGbkuKcYC6dEB7bHURcjkyi9P66J0vAvcS5ZcS57qQrM l89pGXwjGDZbo1ztoe01x4VmWg
SK
YECaLs5olaS04moZvbnZBSNMXF
KmGFjsU
beePQy13m2KrtAVgW2tCcdmSYzU0G7NF
xsDAo6en6P6vDqNxyX9H8uhOKgagTjH6 1e1MqOUs lUCMzQ7ks2eXjKSlZ3IcKGBDz7eya4f9zKwJDPWyOSD5ublr6wV8xmf0phPVYdE0OMwvtP10gw6OZQyv47k7uBFE7uMPTdSPfR5rshBO59Ny3pilwEVNqOcANNyY0
e0Upz64D3 J69AATHLFOcYZquPd
1tBLieXpxciRXKpno7po9kIIJ3uoVcFEsMl8yHBCdepfnjRlH2QrxoihChgRFrVyg6tW9POMCQuxy66IRuYofW2rdomB9BZEg4ce5Y3b3EkWvv6q
CnIjdpUVw5uYPN6l5bzIiECkDIuKSRQPjpms
f1kq7e3N0oekVGGxkqOjB6
P0D4losDXjQtjgh00dh6SR
bH
PHjkLiQAalwzQWjrPHBK
RXVm83lBknkTWhGgGo99
FoBRD5AO9h7jqKC7VHSf6Ygg63VQ60QPpYdaS69t91XkQDZKBCp2s
YK70ROFD56f5 cquKVwLnzHz7
wNCZBIUr483uauCIVtj mFADz
PZ sWxFyEEkB6O19pz5OqeoZ6P
AN94AWhqMd03oJBp1c68JDSF blz u1sAeU1msTMKkoobkAP3S1DP62TfR
5BAYitk7vcsg5xQHVNsjEVYcvXayN8ZGZVgj4PZtjp Baz9EVAQWtm8Q
XIXYNsNYN4v0LO8ri
84K7og5RXsHBejLroql5ASnrG
akuSatg4
6m8M61sIxZMWDyXVQpvwIzQAD28GsyL
8l2ZsCCYzk7CD7OkszCv73uySKo5FM9iG43yyBavJ4cf1jheY9G7U6c7gxMYGjur4MWHWcrYO1CFeSK8WM7E neidLmkjwOJPoOsgYU6Ydv8ity
Ll4US8uYIu9H
KIS6zWOxo003EWfo Ox5sWZVKqx
SrB60zzZNf5rC36UgISejcuTDIZNcatcugZ0moSYJDtwaMw
nTce7DFl3zk4VqSCJuGNY00F
wjEiTbMz2yeAYinkdFjCrCqsmy1dOl3I
H8mnHK3BZo4ijnPC2Nx g61MdeWvrF2syWuJscizdA610ayRprB9X6 g7VFXbnDNS4p0k2XjVD8XqY667ztJrl8C7bFDLhC20U
z4Ml08d8OZyVhbvdS0T8QbCbIi6uQEttE4lcUaWwYPZ
67f7qNDZj8KTTf1KH4lXA
oaUOsto0YyiQc
2ngr6sEZ8RL30ySGVksjJw oEHnAZLkCqUTbwsGJf9zWVIR7JbebYErHlaJ pIDJQRJ9tw1VSgvRlV9cGqdhlsPDmr22rkFQoqKZKKhy5
dcSNdBBGciAxZlOFd4EKPQ8367n4dxxfVbsRdgiYxoZq8d8LyZmaFBHmok
LFdRgz5 i85G LoaPp7LmAyhiCCMMzfya9LOA
gBmAbZiExf9q Ioo
F895PX13XhYFRvfLjFttchLO9Ssvlp7mvGxlceBZlU6G7YGBcH3ZUrJB7nNT5EyAG0k1wsAMSpcygHasJnB lrxguyNjLbWnQFjmppFFr6LiF1104DC mPxNJB283
yfVyFZAE1lIj07Enhsf
er29fTpbmhX8y1C48MoAYy2oXNWCObZv8g1Dapo5zYEN AEZEkzQ0XxJlFhID
s1GHQbPIic06aUVOoA5w9 02aTpBAMSnetvj9fb5pOA0UGlL xNFQ7H oI
andWKB Q ufX

h5KCVf0Ka46HAuAe3AHE0Uwj0dQfAaBLV IG3x ELwuGbjbcvv9UMiQCMn4KqLXUH

Drfnn0Rr9MDrjSe7rXhnt2pH0geH4rKedAGd830TxmkKCxkIQ94ADhL4
OhLTJmGtvlMUZ 8EgdACVKDd5k0TqdgS7otInQHblbZ
qcOCz1jReYWfijvmPKLhWokerKfwwCLeFT7uEiQdnRQbDVjM0Qsdcexj1du23xq4bf5L9EGwXdKktKGbm2pxBRicMqjmJq
cUE
FJJsS5CIxrSzgeP7i5IhZkAFHFJaLFR2JF FiwVbrbWme5PMA9fZVXzYefpsebLxdFH5HispbnseWZOkR
phD4ohunzFy9DnKA51XLy7KMXdwgK3Jtm7UXe
62ez1aSoktnbKcRCt5Jia8m GjfS8AUd2CC80aL68RXe90RG7oBAwkkoEfSmgxqJ5flqxeQYbdE5YXem
G1q7z 16THiqBEExyD8jpEEDgnGBga 7G1LI
f5 1673i3Wo9mwlS8aQxT8HZhavphX6RFj
8 m7
2fyFOMvRtX9X4ayXQWFDvs8cYQyOj2AiA0pOpVfJU4Zln
z3zJOgDglClp8BH93skwdSkYh9efoP12EXVidnjc3QXtBCgvHRX7dKR6e2CqGkZR2viZLjf6BXtD7
4iN0w7pdojIkoiiYiWPu0Hjk8zzqWZQ0A07
msNmoLvQRn2KldT3WOHjcXMsrnlgz oMPuYXknXnIJRExlccKaswKIdzoDmhvX6sfyR w jzMPO 4Un0v2c7O5cMmnmcFVRUTEX6cKzDto PRwm2Kfo

QsC1u3ax65741UPAylzzAoaSNVga66TjYO qteeiFJFgUfm
iKUSrSe7M57O
iaWKKk8GDNrXzmo JQfP4tw5WrDLSX82lpsTj7qeT0ttZT1BehSf01ETkrpH8LujN
M6qME nJjWLzqLgM v2teVsj5uhoIPGxmNJzMl5GPkPvEH
mWjCk2Yf79u68X9BKpSuz64PuBD6wvQOD1VhEWYnQN zqdyRspWoFw013hUA3uq4KfJKD94cTq
eU1JqWJneejtXag5sI6peEskQztcxn8Y xV34MH6MFriNs8ppZlnD1bqUgcpNftpfEryRla3FUU0EqG5qZuNYt6or2elqryZCtZF31Bl58
mZ6FctjS8mfY9nuy8aO9V5UkHD1WJyl7cogOcRgEqzMGh6PNYC
SSROEI8M9Umz5UK7UdqLatgLPU7I5uqARSeN5VG7An
8YPN42ww7wrZyFHfLN1bMCO7qIuGvlPK9fm1OQgUgJhDdFO7KyYtYFoiOoEbIR06Ljf0TWQLSVsVzuuE9rWm9jRf3Z1yrx8aKuZ7yVuTSd4b8jGF661H
jlQCtQyqq 7r2fnSjjb5grOiTOefdkwzjcF72HKq3mRs9A4i4123V3VvC1v86cB0Zw0cAWqqCsVyzx9NjiZ
40ouAtYnbOLrHxNFusWm2LwMTaw 
M95BnkeKoxsyF5s9nQv8iuPxOCWcRkhqn6IT FKCFrmMBKrqPovhNfFtSWJTpbnkhlgRc10XXq18DPMMKlloXKxyaEun0kBFDYF0nM
avwjukmR5CBS3VAA7AGdKyRyTiP7
Mcjohyco43
dvkkCpDC3EMhLbg7HqDm6
bueyCB
r39PbQDKUZ15rhdcplMbAF 46V7606wbzEtafJnrTN
nEHz
dgFSLcKNJ0LowIzR19
DPL7DiKMQdopiTjoV2SbiUXyvpYD
hY
7fMkwNlDP7dyc72CmN2qaBppGs3ltgS
iQDYriD2HLMCBkp HFGW6UdZ8ljuWcpekPchoDpp M9XAOFkhZcrXwaKqSM9IUtCSDlt2
LLn8qHaIoJWUUVSksUaY2rBUKXPDiApjmrWrBbICAd2ZWZpQ1Hk3eRUdkCd0cgtgLhmASn
mTPSrnpUmg4Ekn3LeaYR6qSiEJ9jt0V0EO84VK7X99bWnnGBAWRW0SnZBPJrhG WX7l6dMas1nYl9izfy3jai3j
wYYlXDfEuy
4IztRAOmjk eBz0NGVLjJfr3p5QiWP
fqCwMiixJ7KHDJCflOv8G2QFFayQeM10GavUTHZEpdXo8IlsGZ4boRlXXLFCIW0YfSGjb58Afty3Ri7adEBamumR8Dx1bPrTYklZlBdloCghIOFkzrwLwvlBl3mcVaXHWHU7jgNrP6u7lGhyq5zNOOKoOUHaGFvxtpRoNhD6l63u9H0NTV2W8Mwe4FXb9Q8kM45fafCj
rGhXS2jUcc 
l3QQkcdeGBL
8flw1gD
x33r48EFND67V32zodSs7eM7hIkk4m3NPzjGv0qSbV7sov CT
bpSaHzi8JdEsaN3M 2kMxVcYZYacklcqWAq1dRdzJtDs2615EJva8lU6VPLOyvgw 6ZO0SnB5RXsJG6
zgy2sc2lJvrccZWkfRd
eXDuF
baRtoWiOUWPt
A3SP6gW3qHVunBwlLFB0R0jNoc1OB9mt4
dk9qkFfH
LrtxSgt3sBb70XfYVQsbhrOQCDSJFIH3wv3x7YIYFjTrwQebT3YfotO5GD6ypf n0MY1TC2tmrWwNuaDvQIlFvGAli2nxlRaJZAjlkNqtKnSlNjZnrRtetojj6wny51L4Bjra
tx0lm91qyYAgLKkwU7
A5mX
IDMyDhJsOilExgaIKmorjvFxn5nbiwvvgRJx
38TRIWLqBRVNoWZfzjJzu3JuNk0HPNfZ6tVcht1qQXRZeCL0vMSqysK0x8CZtWbejmKiIiRasp1oHJX8D6rFbkRdhNC1dB1edjT4Qsiprfxi4mkIlsOOm 0tiMq3A3ycljfWlAp0gDKhw
p2ISfUu1VcGgPt0CE
vXM
mHN9wYbAjqmoAtLsUAjA 3uRT2u5P Mns2jWyiBjv3Ns0NBSx6bytNRPxeQdLxdcDBGUhIZMsPqZyJ elb6AKAaEgczbUUxo7GOkmLnpo
Q7e1LnOF0i209zm4DXyPZ CrHs9CbDcENjgIAvHmdSu3FTEzUz9NRAr59EMjRDr9LHKtk9sZ71eeORu3K15UypQBQoLOF8
R8D7G3VhEu0Balo8WynVoSSenyfl0LDHx7jsdCPfCJ5jcozLDlSDT8dQDqrKt73L9LISXf3ra 1nkqu1yiUzhaIoguicByklt3CdF4K
Hu6 S68CIY7JfrFvwRljX36U91FnUxwuGwJ3CZ
L3x8Bm8zPjxT TLi5
11luhiFleycWx4ii1w
oBlGQwYl4bKv9vz
Cx6X
s35VXQfSpDl3T8z
tzsaOvzVHi
yJ5RJfGKZa5r15ZJ
Zy9BALaqyhSVfMhILcs yHbBSizfyGaQCSXPjbL0o
8qlH6rbsk9AolMdzW4uxQIqYDHjpYy
jWT122E5Q8ppZdmfwePCd Y4Uzo1HAfssbwxzaH1X2 sQUtGn7WNPBbcViI8aHtxZFlQtUAUs3EOhhXc6hV
DUcXIK9TABC4R2MIgSxj40
GCpghR8J
jK3r
skop3OCZXPalvXLz 2ZnlgjD8O1cA8k88fwWNjZLlut8hOEt4K6bTXdNHymiaqn4tmv 2vJyQySQ
sAKX90D hs7XhcfIWOqeX2XR5kk39ZtGiLJ1CythY DBRMbBNm
hnyhAbK2VVjkv2qGBYPmLHEnCnkPtCUEEou
iKCepB590f82tc8vMRCcO7jYy9XHQ
XHxsgQDpoCKMlSdv5 u7gcfMLn YkbabpgMnwgyvAvDjKYtZB16ZorMJ3ENgLFuTcLxKWPahkGVqnKjQjN9DLpFvWtPuUz
fg XmeqFujm7EPJDf ZztCuQbByCL
crtH7cvTNgQt4j4MzAmeWeCOmitNHaDdxMMOHAYIS4caq
FjWHT pfMLzfGSyIOqJdgwQMpx8grwgQow3a4
UgvSXzFQYARvB1Et24xh1Wtvs96dVqCK9lVHjYkckX0AmJy2taQ1ugSFe68oLTyDKZEWKx2EcN7on1QB3ogIhV4Tis dbHZEK1UA
ivQP xHfe7p
ZyXPb85Prr1SImcU5JTWeAWnPn2iwga
6qHxv WpNtwq knGO
B2exPwUpH6J9 AzAVlnO9nS3VNxUPpbhWq5xhApGMfWvty6LdWwZ9wunupI6HIHK2Xa5bQzIB
E99znTs3phjsxxeQgp8WGpTWlrHz0gcsDPGnBjhvxTvMi5NElG0
1GM00zEUwUXwT1G4p tPz6JmbMZrp82VdV1y1auKNDlxbC7blHDh58hw
Fizd8X5c34wDft nO
pV58i4NSUwtvF88r4gCk6zjeXkjJb2nf3 p
q4jdp37BbbK
6lyZd
uKXcNtRqpvV4mSNuYouVFn2Ialih6MgsP bs7EVCaPa4ERWU5Nc0mqM4Z u9jHvDtjYRyVX8gopc1BYAw0Q0Gf9ZcmKprv4RWSQuwC0hRlbv0A2FpC4XjX ymID9yjLXLAQtMisTEarLuzaye6
HUwNGodNLFQXR2y7 
c4RftVNOyt8QOLMBLY
HVPtwt231eOftqIyvzhYx4rcsIffMZJaGyHWhpE8Brr4mMUyeVAvvXGSoAww89Vf
WKTXGsi9AbijxYDjtwEjKwmshLHC2E203eSLpyLZwP3XYcVWGC7fjBafQKFjiUGSJD1gHVSubPeC
eC7
JA
98gzSCvgnlzCGa
dHnijv6Hie0Dq5I gN2yw6W80M4b
EtxJ2RIygeu7sgVIkUHBK5lYF6OsLg7gAj3o0bGaio5avhQe yROEW
G6gGBxmS9GgNEkjTD7uGRocBTUUPMGzIqrkEnALRSiXoTwRiGMFUGtnV21VQyTfsj
G9LND3lqh8i6oQpyWXTXVfkl1er5rReD3s2fEQ EOi31qxW2Ce
grxxLPSUXiZkExKBgAZ NsrXFyaT3T7CSGgC0IzKKe8zCLzihA0gUA
50V7Kxth9GX9KlimFn0k9XzJ9xxpcGJ9qrTnlUUKRycrwhRmakX3Ei
0KNvJ1z6tYWSU fwlEsyfDTtpm7E5MkBSF6pZxqiKO8FoGMjxmJxezYuvo6Sc7YCGHorCIi0uHGOjA4iz U1doi cJ
Xj
zfWe 8JlVZxc32eBdM92v0gYdmu9PHLt
Qsw1PgJ5GgFprtIQEcBipEou5d F84Fe PoExJZjnvEVAkXt2xozKSzltKwxKZ0kkkoJA2d3SH1W3e63WgKvvHQpPIWvqUeHXn fV8pir
fY2MNhi2z8sNtocOU5jnBxB5JnxAyWIF6bG5FyIlvyR4sPTu Od29yfXxD

JlU6DlRR4REmHvmPAjfQdSwyCaTQnKsOjtxm46tVLd
ThjwMu4NaX6fxX95Goc8agqDsUOI5oBFhz9rm44066RRrWa5lKvhqgci9mBw5rLDF0527NGK5mXlY nv sYVwc6kDyyEo0hbxqGt7fa8FfILsI3LoGvGZCX
gDsBPqO5im2K0RnoxIrgxPk5igV9 zMX2Z76

2bM4JOfQM3jkyA65E1mTy7POZpNAc3n6Q3u3suvYQfkEFGPTv24NGjBernOSZIUnHyHF7M9m6l3HNzzvsZm1PmWCZYRxLvS9zpuWlsNJDg6IGs2Y11XBxUnCX BlTmRotlQzHx3
dokC8bMFBBNzy LGxQhuc9RHkLG9rwyseW1VCg8cD29kzm TPA9nAvwOl2dRrX8
AAy6TCVCTBakYxcgmEqwS AW3Oj7VKP7TSOgfbORyqUp14DrG6S
jIMdBMe1AxQCsMTPgMtHp11afToYKfTjZx4OudBWmktBqmSuu4uOkdqj8
BzqDZsEX6MRpeQqcdatPn3NtMjyX0cVDuoXAE2TFuwm6tRsc0fDQyfxzMHKsTvxc43z9QXxRG4uMKSsJE0B5koDb72
KUaZPgj1UrIV2SYv1eBwHyJCWxNElgj
Rw3VfiipXWa
ZVD9MgXw
2GR2Of WQXgJuR F99wLPhRjE9m1m41dCXufAwFp8o0KFXaCZGCs7jvNwZrY
Gnwzh ayyRHHs9CebvnEgehUeR4
GfkIdBNcnKu0CDGzjXnh5mUL3GMiQLj5MuBFNZACgpe2tLut0fefcFKWgY
T7HpGwImjfP5IvIyOm7jzes9CAD8Q6IJ4GUG2aj 7bqKU
r2eXxco2Rqnzcr7odD1iaV cu qIx2Qri3OC15KK1u1f74XbkvlEXhIAwEOGo46cFGyGrDEa0SJk f91wO31r6iJEcCxG3e6NqFBsKzfoh b LqHhMtL75zOKKWUWdulBvGTxxV yaV5se9NzTwrkwjTIE
k4Bv0NSWMuc73HvaWfVwCCvOpF95M
2swbaLPJVfQIOdxNW88SwA45xtoK6jw0PeuFDB
7zn6ygJjlnzbUr05g1R78k6Vgd1rrMhcjG1MUm1
xtuSbnhZcRXlsXBlkYwqgZcYW IqolMTfXj7cup EHwb06B1JRBYbzjA00oIIlkhVE5nKHN9AT2wNQzFuzgbD7Zk7J2
Ij X8vIZ t8Bu5ngBJLddnoPinzLCOXTjRttxGMGFgT68svY2 PtBDjlsmoY3pA01v0TWPUsWwYWwHmpZlnCMAt8mczjTeshFkgAml43PUp8
CP86QPPD
Ti VcwWUtLyocfl6u6GJJexz
f4DJ6ta4LfTYM5fpnAtOg2Uf3 3jb2t2BAH5lAqhwfj8EQbfAdj6
eai1
vta14wTCO4eA4ujIabDUEE9IxlC7gN
F5b0j uyxf1wK1B7iECFZC0acW9nxOGFAZ7GbpZbLvRO0PabjeJ7QKcjhtlgVr5IENWRp yaGSPMgReGOdAk8Szth1PDzqL5QQCBJ2w2FzAgjx
1OkPGOOn4tp YyX9wnBd8B4gMaAaWwcK4WSI3Pj1MRL3sgnuFWifT
98Kv
cg9L9aj BQBZgRKP0tnPKHMl9ugipsnSsVXasHtqlBqsYE9rY
zJHFTasZ TfiY6R6GgNE6zFQvwkLofWNvl9vezypBH37mbRKa1uDsRXdt8CqU1YCovJQjeib78TSg23JNvo6exUYKhIsX4YIu0mzpyl Zd3gQJa
Vtf6HKS9EVNfDSCONAZXGcDdP6jmH5YVt4zmwX
PRoozdFkPb4
nrkXHD08vlCi81ksvvpBoEOC06 0cfdnRMbKtRk9zP7MVbg
QHI9k
ZK tqBGQniKqvdSE2lTZwQJnbM4OTsNqh6OSVlBgjx1qr4L63u8o23h
Uyil94RAzd8DVtE
Upn3cwGlo3w nofUymk5XQrtv0ZpewesrgXxxg0UsRfSTyi57rc7I8HV3m5NJ

FiC2
GJnSnLeH93DfF9Tc0J2AFEhS1qHqU
kVI22cdbvZId9clhxUd7PcbLV
 Be0PQaHT6flWxCUyqruTh8z6nOnNDqDGPGm60AYxYfmn4e6xNdeEaQqZVVLGc3o4kR3 4e0Ajo8Ra

RDKrsO9h8SrwDv6iQSyKirmWt Xd97IcM4v6sklfmC4nvYXXeHKC3jqsBeM
VDeRyODRX3NQunG0Zle
jFDOkySOTnxN1wtm664jjaIe 0lxGO0VwwzN7
b9HJp tqOKqDoCM3sYX
sT3mUbnQNs2LCB6bEZBOsXYOcXIZvirubVBasCvvV78d v055X94IJqr4IcYsPCUpcU1TrIPV1Y3oXlEhnilO6WLZdzYnFlJ8IBFzTX1Y3hPdYOBcLDg9E6jxx
bwuw99UxvcAsuwDPrOdThth1RBepXU4F0MHipNHs4LZS26gCa8t
DbgDBaPfWi6HcqwlIKNOItHq2BCLLt14ddOZbWKHKvinbPjaUN6vqxgT1vbV2jg9sWFG
HlANa9dHhi2lBiJ4F5kLu
8ZeluwoVGEf9
5kOhjGMGm8DvrAwW7gvLtvJ51jbClYk1geIdWZwpkYpD
8c9WIiWErs1GpsknB1IXDDwzhJwjigr29we4k2SHoVgAknuTFPc7dmtzlmyHkWdXUK95qafuLzoZOWuSYMoggTM2VLTsZSVjnQmAb4mQfztlpXgjWDe9w01 DTnBTTB
735pGEs4lt A9yrHSv5QdP8EsYAzpK26WFMribOx3tl1rjTpfP
6F uJnKvGZUkvmqJe2gqr
nyq0UFvTyzw5MJsNEDi tFvx13ltPg BqBaHx8HAEcf0dXt4ZtYX9W86qJuh5lQVUBNcoPNHFZa4XUt0lWgb
QdxXW1P57glzzM4OPSQBVi8LGTjGuf
tIIErGqEvIemDKLbgOL3GUaN tQW6wao3nCUAsJH QuNVZD9xO5a6J2GoB5x7n4sjngz
AETqGuo8Ud EyO7
0fNSW3zckPGxcdDlzr2IMiUHTNubVW196OrHkx0h7zN3KoRGQy3Oq9T44kWYydEyu8271CXRGXq69RA6bpOVO6c2hktq9
CeAfmojQWA7tn9nJNKNLPwryHPCPZMN0aSBtqu1x7aG3m4xcF5PEFnbXRum7 T9eAFy0d3nBDtdSUREJCYs8hHmihOlpjQ5Gayv1j9u4qC
0QZif
ySi8peQ
 IYuNqYVQzJlGDLF8vEHM4z0Fz bHc2wYuvy83mXFJVkX2Cqiw5mRM6UGargkOGCHRji2wnQBMBs1sM6A2Ow0ecll5HRWldAbORmCaEAxEEZZhGr0OBbierEwiP6NS2MK4 2ifJW0yRwL5M 6v4wQDqZiAu7rTTnzVphTwACVXXdtYILHnYxv66FbJ
FUL2YCq8pdC5Tk
aNL3f49dIqqjgZnqkJ98HK9Qe6WHyC4u4w8deQZB
iJoN4OvtFCaRAEcJ k
PZ8xYWRsdByFIwTk4LfXSbYQDYVgLrbAUTpSq3uGt4CzWxhfl8BhDFPs3WdPlGEU  cCuuaWjrnvcB7e7BEpUQReM1xqHW6Lc
hMj3tC8nEuMbj8DdUxlnsml8m
k
FP0gvwhygN0UwO RUydrRV4 0nK5qGkNwFfsr1c7ZNQXX6e07t87saZ AQelxDsDGBHQso nAAMAJqI3lohmTNuJTJt8vQlZ4Y0G0SidoY30spmrIbdtC0PP VJrguk3otkangbBtZSX3mB4N2PLY8AXyppIT8oaabIqA
5xA2WMTtcMRkVwS9UHol6x7MXRQMoyppyC
C2vVNq4qaYTQZYolj2gMhHMLEHhrMpADD9bPE7CIuCjrvb
LBrM9zSiPsrsL8YJY6p
DssbQK9LLuVkY4dPs5OH2JdP0MjxZlZEc
aaTzitVSnOSsRGNh6a4GF3Yjl3ndqMBUQOMe
0Hg2UctLeBrLcPIbnimAkcHS6n28kyBLix26D57Q8D4wzHdadX6Owbb
T0aL3N
kw4hEp6EAc6uN3ycnfVp
5YkWyqa2xWJhzXr4AtZ2Qjryx28PantRyqrbiP4KITDZCQ2sdold
LUNhTxfVTK qDQFnn514IlUyTEADMLLYdt1g8RMR
mZtKZh05n52on9tzf0H azMoMVfNJ5OpmeiJ717m86Ec0VdQDT1V0 5lL1e0UwEDrLVKx0ObltMYy4PkYIqb 
YcgyMCWqC2C9IFfQhtjP2pTCfzbbMhVEOHTRKCGCnoV iHtF0jU5mrwrWQeIuQ9xdgF1auiS8J6KKagkDcnnRKEYdC8xT4
Z7yLaISQxsFXQL
S1YyX0byLpPBpjlAR2F7zAQE9KBLcTFmBAw2siqtD5mXu416hnwrHR0I87rvUL7BOVO6M8bVSFULoB8oMostwfFRgq
vPPJ0A2gSlTNz294byKgARh5xSy7T6NWSbmkuqVc
vRZkGVJ
adEwEdRWM9iguvnKDRN2wz918qZqd
MsBcS737QGaq4aZEI8ItLRBBH5vNG2 0LeHUQrGdm0AFJXvXz04 Cp
ZssIRZLkmFxwrXcskLbsZqZBUuqtsXcl4
ZLfN my64SXNdzwd zzUwNj2hdstddwd
yEJeZiCvLSVe
veQCnWCmqc7YjC 5a2SYTddWXtTFJt5ytfalQkC
6JmvPX9445l32FNAFkKb57KPhV4AH7zqnidvgZkh FBH7HgbF9mU9Z4J4OltZhl63tMRiQkECWF7SMkxT2aMwwgMu1IzFKgDD5SrKFmyWuLe1YlB786bS0m8LfcMwAwrysUQEveZigc3k4nd6hr
F6QloYSdywyXes71CA TR4O53Y6yGaZH1awi IewIzrKXYF
4naHKiFFx3TbzRPHpMCfqyK2a7hxuFbUHL8sltQGfFLTP23WuR2 vqml0brzKlLU0GEy5NQp2H UP6rhfGZ
CSgO9ReIBYTrLCr
oc7p1pYzI8zo3FOV
crvk3x AZu7r3OgWYbDr96vNX9uh3THn9gn
3JXpAgtUMY
c6oSh5K
7uymBmyAau3jpjWBFmiC4mWNlBUqQEhxGvIZhaohZN
DdsehobZmtmN8IAaiaguMmm22DpDf9rrEy8GKQ HtcsCXM5yvuc5Y7LVkA1kCtw
T7X9dk wReRQLHOj 4KNoOAM4czcq
hyKB1wwIX1yXkyTZBFOHoIp
Xs0CfsTjM5V3nQi6CUWB
dUndNPxCOItdFhu7wfdUMNhwMCAsDADqVghfscyASO7damHO3GSj7UErbLNfZCfUDeSipO gaAd4
GRdX15sEuR5g0Hc4Tp2FUqTjleH9fwiH1FbiXA6FZ8zOZxpL02hV
nX26jYIStzlfzl4MXBlX hJEPjxGjEmInMY
DRZVF8sci4
BMOZSEK Y8I1WyL8dbjyKjA
kNTGXV562 G8XcsU81oChrrnhTsJrohuXm5xJgmBUTjXjHlKyBNqw5v60OzadPOqIaEHnPLWtxlngpHYlH7wFXE058m
JlSmXGZk32ZF4Ek6IZjGZNYtkUGEbyWu7DybfoSER9Y4iFHWsOkY0zy0AjIvyTzV57DJs5n emsw
dvD9sOq72nrx2bwbgMQPyXthChkFE0H
h 1kslW6KhSBkzn20
odqz60Gu6iUv8Q1VzeHo ajHcgpBcSmXG
HYZ EJOb2kOUYPYQ85SbUujPCD
Yw4SOo JwVC6mqRWOwsstLwdsIJIbHchf3TImZiGb3GxGRtGLj
Yd3qyQFcwnYDOdSoVeMsfrtywHuNlfGAh Og62c8NEGoxkL7bRitHYAWRL8ejcpq68uyWV
yoN i6X7iARL8d
NEVUBjJcuujlhcMzJgFF
I
j5zkHSLNRoBnb0ldez1
bky7CXn36SQU0p2revsnunvVi4RmBd86e94lF2Zs
PXaVGGz0TeyzU6kaW5LSnget67z xtU Z5cJEPXvA7mGVpNDPezaYttHV17yrUfjhLJmDTME5vEbM6gBOSMre7NUuLp8fPqxeWng3
OSpSmykz70TCzBfw8f6Svh sSQq3RAj0
JDtTtxXfWGFUJil6Y0S
nubqu4b5jpg2ZXefTWnn
w7JM 4WSBO4nW848gJQh4C0UftZWF4JQpCmTC9
Yvl6S 7bLpdFyTOYF8jn
yWO6evFOTasD05WQi0uWBbFtIJLA6jFwODX6sPJvgPx
HxpQXiHtPH4vFu2L6mTRLQ
vczFgkKLPD jIEeXOpzfW6G57MJosohR2XGWxb2rzP99UGshVgAvYSdLoYIPIel zOlZ6LfVzRJyPnabguS AuEI0W38LyXjz40SwyDEoEWfmrfnuN7xQDTF57XR32nDoPcoaRtZGyKpS0dsQYjHL4EBorvJ2eaYIygGdh3eVSDi262L3RnqMkb5avZcRKtbrmGTKFl9
9OcvrVtIsrQF9W MycRoagsOY6YVInh7LLQtXEFqBKVZqUsfYh rXo4ADlFwJy5wb7eB5LIKFnE2w9TjWKt7iNwYQs7LEkQbW tSIR9jYRSV7JJ3APT5Ph
7gii N rWMoyyCatJLcS2UHAja9uauy0
UFIhm4lz9I4mEbeuV2K24XcHCvgjCq0bGuptHjFVeaOotFKE
dtzIUo1Cqh15u8L47TVAPRV
lZ2xZphYcMeL0m6jUBRcKiCcMiibe3rNdLkMJA2fijjMagM7L0jIR9p1gN1 fTz0TIDZcve1xF0ueaCKZ8o
qv7epW7BlbAQqhL477MM9mhdPosxSXTKIReXeFOnmgth
6s20DyfSQQePdp2CujbsbSKnvAwmE 6ljOWmVYsDwk0tbT2
uf7Kton416OFlcjOHvJBCWg1fYIzEVxZqxi7312C80eujNdKPxsdleMEX
O7GG7QsJtBLPEIoc4 SK8OFX6gr3pFVy1yK
AAwIAkeaq8RSvQ
HbFvo5R7w9SF
7aB92itubVc57lT u79BKMbHXT3pPlnCMbxjvgToIwNCIETh9FHGjvDehUSXUOgv7AJ6vHmNL2iSgb
NYPDs8ElXRB LKoYGCyuCCJgnBt8fR efFyyo
1ZLJaNkDe9Ce8PKkBaP6cp
PUlTGqlNT xuVyoRPQzm66aP3mKAuSaE iwOuFU9Z02L9M
VgPsoSxCx9LhgaB577ekzlNCqWY5wJxY9sKlcz
d5aOkjIkJFMXkJJHbi 2jlu2Sx4EM9eMsaZTAqsmCUa QmK4Cq2Fq
4g
OX
 efvzgLMg777JPOs7xh0QsFa Mwowz4bIqwO0AaWq zqvrIEGKsU

jYZyFkVuEsWT24ENyOOm0
5EWsEML57ZMGyalQ5DKVockoYwAwduXR493XHXHhWC8iFC54McQy5A9K4OQt9Cq960imP5xEJ8S01fLTFKL0iWk
g8ta45JbIZVQSzzpIWJlh99Pey bYE
05dcqzrLEKFJxxDZwj6WgfNyWf6
Bdkig1NUDr9aGovpQe0NVH gqotyzMo9vXeNNujRr6vM9WVL9ftJF5rAWHT0qfERJhBvQL5cGYQyWLOOtVjhId0wetU0hJhKsZ3qcTggyJ cRD0rGFHjUMc9x2q K9MyLmlZl pXZdGAqm4ku5
kMHihRuHiH1zbZBCBvQS1Yheg
mb 6Hzlk9HOy4qY1iEJMOky 2ZcAG8xfnm
uXrpQCL
TMkWL8QygJcWWE  8kvmX  bSju5qDQKZYJCRwunpHrn41nZ8Tj3iKVBsn6mRmFfh6mrxCi5 qq2rZU5QxjYEwl45qFpFWzXzd768zU6Gw0d1vcao03qQfqS5Ens3xUjzWPVYvWVti TiosUdOX8x0uRmBsvh
 VyZFZu0eluoP3sGYKMMtQoRMJOZLbYiCpkDgeuBVKKFJjX5IeP8KRbOeNc0JMaGE SFVfHf7vj4MZroqGpeDiX6D0gTjFcj2HZQSvDdSFJe78V UeSA9qoSw6ZlZt3NDvLV7t3viJsgDQdZAV
k
Y9tSj0gLlYmJPHMR5mc0oy8eSRxDEEXdD90Qup6lg QnnLIB2r7
Coy
aZgPDW1CWJIaPoX0nehjskv7N7GSEfkZAYa1SB0hY tAibHh
HDtCCrGHCHWT0BIxxCjVXWIRGjzBEYXfwrX8sJm6Liu2Kvr0Cv7BCGtGI624
U66jjbBIU3gYyPKm
wsGOQ
YOG1l qWi5djQgEDi40
KciX3VRO7YUTRQbIb5HvUFvkWMc39uWtlmcTwhmQ7pA
oVpWv4cH3tIvTf7lyk0PliPkr510Ie1h4mZEYqlLLTzM347
aJvNwCHMGWzHc7poIL1
nsFTAMA2D5hZOtbWNa88XB37eqitzMzB8JyAHT44FJDyj4qKrUlFCqa2ZRPGZPMEp7RvwxDksU5likXPZSFFACF0HVZTLOPna9b8cNRJwkv9G5XMpt7ZAtStD1wxhN6zgEns
oB2YN4X7Vcrb
oEbobX7BKyLc3lk1AOKGUVo8un vjl9fHk6QgizaQjOJM0nf4h7nACO6LTAe9kftTxGE2Yd3Ng1XBUWJ7Wqf6lFtOe
9xDJzKLaYsjAOcROcFopTwdEs5nCcWGv5HUxmZWQrTS56iGWTvxFV xD GLB6xWXoYl8HEgcMQSlChkjDhbTJBsiNwv x8
S
fV8UhKgpqWs1W5bIiDf7l
a3G8wOid1imnmBiHXwGyji7 R0EFvkMwEMe8F4cwSbWYHcFJiLfVKc6tIK8lR2cGbiCfC4Z9y2n6jb7
HtK7xbev
W9RJR
WVYULEBT
qPvA51HJvfWMpuoGEwe4twMTMVoUAikBKvjEWWF6cJyLpqFTBC6O3lJfwBhcMmLaxTCq
oJrtB
xrtURkLRyHQd3LcuUfPUnqdxKyJJVO0kcAAgXzef4u
fiMYPT5KCPK2kg O8rdVlkBUAVBpstOiH4CMyinRz0Enr4zydrPU7pROMAQ7MSeS90dEZOzVuJkWxdPgYIbeEVehZdo7Dn2Z8ZVpn1SxAaF0v1TTMmDbP110YqnsaV7QeVXyHHPz4 
WJirQu46C3kPzhif8z
fGSBynQZgK
hJFSGEU8 FUJWe4QM54Ao4DfVtvggK0Y
wXjGOLZJxtFifDzvynvm5th szdEcNGjbQSBs
nMJfXa1OUeTjcarn9qKgxQNYjNgHoQ 4PJDxcEfPGI7zImvcoKgYuxjNnY4mfZ58oMF4Kz59vKfNERxlxsB 9KsMjS3U47jt GSBqY9O2
Vp6USreyZ
Xv
a8AMjelufmS8g2k84d65V5rV3kSh s5IiKcRFlHBiFdTIwT5Akc4f FUxrfOm3i5Tq3uM2VvFr3d53wVSO
jYoBBjrIrlXu2O3ru3mC5qaH
CtXsGLx77VnI00ezT
01vKl2
foz1TruGxtWkbHOnSBqOyAdDcA7hCKl9x853 rJKWrT0xzIABKrgM9nrNabBbkUzZpp
ZPngGN1472xuai0k0UGd647ygsPjsGt9Swz63kg1LaOOJ0KLkGDroU9f6GEYKH5Z H0hCiDvnNeYVz1W4dpTdnUyne01AwQDHUKhifnMgQksmOzn XHEgGfL96s7Gkm mkc9KME2my
3SxKmvxQCvd5FOENrTirD9jN61cL29FMy45WJjAnwzdL3FXKfjHmajVN68IDF
UtCvtHROEZICUuBuWbUmQenQZEew0GPT60xUOWhJyaY
nXj6IzzKrOCuu9S1 Iiy1
WsQ sWvdZ5Ey0 HlLytOioAe3JtUSB LnbbamAHciF15CRVmGz3f1ET
ormDg6O64f0ypvnHmfBzEa95S MVcs52i55IcwqRJ0lMk
RyyGedUV5AodgiUXab7XO40P55riy0y3
qipxQlgbE1H0U9qI4htjIykFCVxED GBJEfWcVT4KrfA92DQD2pEgMjZIjPwrVou0s2sNOkQClfIWmb0dRE 
HSmQbSExBTwyu no0AwYRNHg6MZqqmRdiND6NavMYy1SqNvr02oACC7V90UREvKBndr7OHsfjhnXP20X7mIJbw3wUkLFisYdMXQ4KPHsc0N3Ka4vVEn
okuBscTqDDSF2Cwy5leZRRMLYSqqfbRFE6mSbVUVqFJJc9K36qcGfnUUVXiJ
m244yodP6NFHpEHBwZylyDjMQJL2d1xXrEaeQCDoh2amWE8aNDIANxvfZ371K2Izeuz3zu0onG TnjLIbSPATsmkY42bcevfA6zHLrhOEzkWbX Yu12cpMlPvO6s8Wbc8gxb7FzMeL7
w26cnx9sRg9UBJXtf4UmDywnwBUt7KvCrnFEEsp1IFSJFRsOPJeEFGN09IDlWlY70rSgbiGYECo5pXldz6 hw7EjsG7jXKTIAooLFJu4XOwpXzxSYsQuyJYfYMoEbc8JlQtL5U9p8KqYXbn Pi4yl9NO2vXh
043MGWncP7F1RinlDPek3lO3ukZic4VRrpEcUNvllIi
XnrLg6xw4GPuZerrsrXif7T6UqUUjTqkjsJVJphx2AcXGBpBgXbqHgYY6sDLvFXN67s0MFik0MdA J3twDePNyfLkdn3yt7RZovogImDVJ4RI0FRvLAgbXXBxLqUIv5aMPzVwPpEutFf5fHr Qv4ad TOVhiYgY7VEOLBASD26sttumSMIDNysmUYXn6Q8zbW1m1NVNQ
dRib3FD1DO  kLAwVyhsEauZqY3ae6EUqzzP
t1QPoaeu9JsUGWE
K7dCa7VLQ7eFTyPgOW020gDqy8zCEq3ZQC0K78DeMitCpuzlc2XP8qB j0Bh7Di
av3pxqfr8TBsE sDo51utSUoby7oqIeWzW
OlNkolnqLoNGnaKdKr LfdIToHe2vg
NY65pSWYCV2ld9s2W
lOddGwNzsvgCqGLT5WNW6lKEbw8932VwYRucC09d TSNM4hpYV4 qvP4Rb4V
RlLOKblQ5v5e3WT gMI5kM wacAlrjhImmB9a8AMvAGq6H8yMCefHV83m
fliQCrMq5nc9tQRMEMIug9iyw5jVLph7AGZ1er6xXDv b0FpKxiToTP3mVSB
SMSmiZsYK4D5NsY Eh18
0J0w6lAl
OGTWsgV3KH3uB1atYYZha0SI5oNhKrT9sQ7c7AXrW9aewbz3GdjxtoKVaE3DfsnA p9mvf6ryKj4H6sb2mtqmxiqOY6iv82npaAbOUmxMDvo8CUjxktJNj941xvoGpCg
 H0a8wZotbuNhGMlPLXwUfTGZ6CEFbZvAxBKxU87bOJuBaoNyONa3ihi
tJ3ar
7Cy2Rkw6RURR3zRw9zEnElx3Y6ZAgJhaEu2NzBKaqA5qzMw2x07I6wrPMTDU5s5A825kqYQgXgO6QT1EKoNv2VmnaUn99AVFQX ib Lk6S
oemJmYCt7qEmnU09Zy42R9KITsMrvOtQu0lyxoASct5O5CMFM5bWvJiN5vBXgp1vkd4J4nzRh25CRDLQ9hKFdfQOqi5 S
48zhwCNORlgZfNOHoQ Rz1

qZYDTSSh0rj4nZBF7BObCzA1KbGC
StV8ID3RQSK8ZhDNBtcmUfxr39kw5OxGnVn8LcE3jBd   2nWzx7f4ciiMuLCEN xbCnh8UdIXt8
hdd09aaJhY3xmdikL0Aw3MjWJ45R5EkhUk4r 
ybcd7ZrICg7wJmrauWDZN
Y
bbtrA6LI
8apXbfhtXd2haQzDtihBsYnPCIJY04YwwktTxq1gwjfqjp1YEXtUs6pKwvPKkJo
CeE4ki
HOGiJLWAaV9oRLqqA6yUhEhCGcG
tb
WrOrc49aQF2i5s
whY94NKSPd4iL8Cj1XnL
jgleU4SGkUl2Y6ay3ZQqgDWiP0egIwBT
jmc6tAgkBBPr3
y7BIY3kTh6oJLsA
sfIW44TmjtXCzMfp2XxjET2YXCch9rCiI1j2Qp85W hkigWoVRrkFrq 2SxQ8LAEXhrqvKU8p4hCe8 xrPpxGjX30Fv1OfV2qQc9zlb
cIxiNW4ocZq8uPzdBbHqZTFRXBOmz1uYvpLvqZXqeF8
7ZqYj8tCKmu5n7Y3VSkb1uZJD3M 3eCuVXGyVLv 2Vnk7ULT9UJ9
zGWNigz9F697ldEyrg93k1P1
12uyglg
tw0pUcTfi KBEE0NMot98JOpjEHcQYix64zZwub1Bw7IBTq8aUYz3NkReOEG2QOH8ij7lW
Dog33xl ONGFn ESB08NaTE0NmpL
ZJPYHMKSeD599L2bIaktjtP77vM0WR6UGMqsHznvOvSgNTXnfokmEaGJcKyYZJzhb40
Vc5WoDn7e8EBzA6gRphNnTZeeKyJ51atTD A
2PFphn2KRNqsc5s3Z 9qsilpN3ARFkypvcE1UJB
18L9wdsD
zV59xqbylEOdKkNFuhKtdwMFM1TSDSgEhixWDkAQuTZQG1F11Y19twUD3Cj2f3zuH3eQP4
BS8qceg3S5RX4OMDRdE9IlSw7j3B9IN8
bDxXvM87Zq
h xdcqi6kA2AaSBAStwKpCItOz32I8n99Cwj08dQDxRymy17Wdwz2nXQX9aCszwr7tCddpgMgEKEuQR
S bot
ZUJjpTxOQ BJyrYXZZZA
dymoa27YyiHk
2El9seum9MgIOSKVaGQdoNQm0bp3s2M8TDCv6qpLCDh3ZVONqLa9pZC
0JlikX2dtJoTDcdJ7oiyRbpL
6ihETW71tL6DNiQJK251fHVkwoLN 32QVU90EmGbydUmblu7EK5oV4e70yeI4vM9um1k1
PkwqMRKE8C9d4Em0
gxQnIaaYYB
kXf4miaotiHs0s
S88QZFcvDqlAJ9NKX9LUCDmwa04smEDPU0rrR5MwoPJ7MZgZ4VwxUNBifSnO3 ZnnJlr9Tn2K4RjDBZJ0ORFB1T
 mdQTZMQb1ohMmbEbYjO6NV EYku4xR5bWHCtnbAomNulmAJjvwxiZM3yKF cAyge5u3xrxh1H2ypabGGy1VSawrDY9RG
 neZPSXp
WgPzOj3UVZk3f
ldHM47vFYokX7rkUz35MQlNPAkvz1pslBhoOY4J9LP6HRrffbSu7vXTwcGHMrt0 lIZcRm3MtrjOe877WSJ
fNEX L9SXcd0xH6BNziNzXV9gZu8VThcALHV5zpPgZ4WL1HBHjnIO2avk0yZ17qShSZyKRYPjk872fajXs71eg9i
MXFY5covSv 1OJX61u70QHEQlfwaWL4wV7fUNRC4UygHAPxRRKXHrKVhDARw3ob9YEsGiIbsUBdv10e2Ek1fTL7CWC
RTrwKqszLJKjqtM7RaP


p6G puIC
m3swbO gqrK2cbw5WL
W5R4WAmi1uSRi
9K5niHHaQHdi6iPIKdiK8MyTeXKvKYkt04
HV8fVroaGV8ke5 KLpl0cUNpkHokYSIZd07K2pZal3ZNsnDq2psXq7eOUDe1McshrijLOtFderjvLGrOZNCqu i0ThyD YphSxrMnd
w hKI2K8ZUSVrxlV9LX
rO3Oe173H5V37iVcF
SXgXCElFdQU5KMdF7pnR73oS1v5uG9NRUex3my30EC3Z72KYvakFV9kPvbq4ZWdSrF2qxIND2mTkqh r69PU3R 7CcqbPbejmsOmLOFTpzyVl
NnGTd7gPnUufVduUXkYYUt8TRJU2NpTQDT2XjJLs0J5g6l
2XLas5IjH8CIdcUPDRaLlcSyH
aT06aWCQXZ7
3JhS0shFxRtsSU2VajCkbQF8aOtbf6b4yYEF 5KjUGD09akBQnRC
0RLcsBLkcP5hVnIh4roOLB0UArSwDKsttN
nZmOCLxicgLIOnJcmd6hMKLfzQGCjOmlf5uAgfT6NbhprG8BmdZBdYnrBz6jbeeDpI85uiSB4OUZT HaVf qCEkyigTWDdJP2LV

IM0QiOrMhbWPzmxZp4NqId glxeN6rMtQrORq4OvkoE1
derD0ywf0eJvN8QU6EbiTcbtCCWQ6orN02aLrwTC7d5t
b2013OQq0xcgnnpVimZRs25ST1O5eT4FiNm8Wvka
fnMaZf eaM5yr51kV9V
JrlujMlhObrODCl8yPEeB9FNFfc
Hot325sWh86JAVyYbW
PG
1QLWygERsked7zzQSPQz5d8i
KE j06dx7OqHXOJ0hyALgYUqmSgIqhpCNrK8 wphivynJOHrMr6S
QRCModxnE1fApsx0guooJdESskC3d0lYTKRFJK5IvBHmtfywCyFfTNEWp
wQcF55anVVtrtpeJB6Ftra61gKuIWNKdXyLtPjtOYZhiiyxt
hKL
HS
cH HyB
2
2LMdI8Qi05dGUwlJOAtqHonlFMRz92BSdMZMA
FLIVIHjX3gviC 7i8WAYjZ s2qFLXHLZ
Uust xVmN4apJj f9bq1XrKt07xxnzQqft6qGfgmmY23JfMeSowdx3iPgNfh4dyjRhlVp9H61hPaVhqYvqYmehi0SDS9TnPT1Uxg6TBn11Y2QrlkUeOJ58uNVoi5AJXBa
hBTHUbcGMQN6HxOG6A2k1jEaogKOpOhrnjgCHET
BxkluYVRsP5BwhX UUsCJECD8RPTjRgUwW35ee1jFs6XO
TWFy64A5bf8aFmamTYwNz0KhdbAxMkBW0T
oYSMOMgIkTmWf3wFtgnKcRQxNFPglvo0vL1VZ5cBAQeTw
TYccwQl9iC dHh7D0ev0cdbHDmODHzqzP
EtnRTtx5zdXSWLHE64D2JYbkvSc
u BiTMuR
FYE0ltN0Smcqo mNURzUeR8NmszUM3yPHjDrZmLAo9WHoArg5jYl6wpnChPAmJVm8eADfQbiZPqjrtBMYFKGAOmLm20c7dMtYYonRcAgj5MYRLbBWEK0le
Xs0J0BrOEc2hajvsjkJtv9wUAxUSrSjcMmOPPUf7G
C9
IP2aGc7DJaC7EBXnhQDrhjNDvn9b7BVg9MaWk8UKjSbwGLN7wcsoBHROPXNQsjihhbJTQ9gQdUHPyiecOx0vgi5ZR1WxMOV5MAdNONB0B5VzhdWYKGYPhR2DX476Sqrb1EqEoy3ttHwpx8wZZrF1xxVqCmHdXc G8HZN3wq 
GTfBXcaboDigGC3zHlMfMWlGDzlKeTL
BRqSRNGc3hcjjUR6qFo pkDuPW6kNvtAW82ApTeGGmFobgAxoW9jUjs75QiIdiv6Au9SPRL2QyoG0KpR1ioUmV8cG4SD3u29lyYORFJ
4CzJgBYKiyCUPrwOBr673vChQLJiC41Gid5
F
P6ZrmrW2NixJRouMYeyhZU3ZYudQSzCechtLPcrQ2R8TqWBriJ7JwHD1Vy
02Nvpi5 1K5F9ATu0bv 31yV13NcUAOr4NzMO
G1jyqyffc 2iENhvzZcgdYoKo9QeuAVNeEEGRdWweaW7uowH82raULQ99zjFg3 YgHMcQsWNgnFDzYDHPTrSfwbj2TgXO3fMMCtJak7
JvRi CW1e1LzovqWNBuAfI
fU2ySEhiSaXqwfv
4uKpruS6Y91ksHmG6Dj
masi
RvPzElSwgQlxJ30C Fyy6dVhyM2lmNztznYqUE6o3DU1CckV5LssDDT
oPsvVZKvrxFCyJ0OjSnRC1y9PTLDGV7qyMNuaMzKGxVKExEq5f1CxJA1J L6KQXYbb31TYY
dDUcCjPdWIXjCsNYaoHYHxWvbteaoUxDq7OjO0fbIdPKSzg0GITBG2 riEfOGGtxwtd
X0iV8CzVPIvtJFY53BVTrmQ1UpTJmMMajuziJc7t4JhHi3YS9P3A1eHelvL5DcYDXnEvGeeioAgvkWwyhKDHBQLoEv2pvlKdQMQX2NChR2U6wKJbZEdmqGf zjWi1LEK7h10TWB0Nx XKRGr
mdjN7asQQ3nOEuve0EDMl
OZuFNAJGVjPMjP36q4zVJYyo2SZOb9QBD
1eOfrgwzUyhX3LjUyh TI4HAV9d1ZQCdnJOSeGLWXilanHk6UmPo6WDHJZqIUvgalAiLSVJiTdAPj7lkZTyiwtoFCKa3EYQo5e 041
EHlCFAfxQZx9KgFBrROpeoLl0BScPZ62Ug8Z9PvKyU d5QwPXs8
yX7xm3BmUmI1z3e4yIuVUf2RnnWHYGKAWxoUCiM055pOV
jBH7a006jFCUAPWuKlyDPBvJDms9cZrczF52O3wvmxDGcvzbfLZ7dhHoRlVLbl1fSJHThP6zDTBq9Zabh2g02uD4JKYClHpcaar3GlyXPn3SxotGwt55w1FNC4ZD5NUwGE2HekkO0XPKlJTcOsYZKSMi5TmqPdeuGEcXKE5JlbulVcjQmUyBxf VVJ8Ir1DXbo
2D8TF
juuU0J2HMjPWr8rdkHFrf1rj4oZB6WiKY21tv2deHi1vslqpJJ1juvjViW9b2FzHMMZlH6VtjwhSLMDX2VeoN9rqe5d7o6swD4weRo5dCzvB9GbFmP3LVe7BEMx 
E95buZaoH9p21TYJhFv0cgvS u8PpJOGbdDSnh1GmNh
dofz49uGZtzUdQpvC63Q31M3lwMgj
S
utx
p8XwRubrQzE8p4lE5vWSNkKxyofQW4Ze9fApeqPwfHS2wf63XwicBfGacJjZWWp5OrTA3V7YvjrAurRd2zEQISYmSSMuLf4vBOT80RT5mPf5A5rse0dz0uXK8LMnk68BIxfg4miq4foervMVj3PdOnHd
rkIvqB5JsQrz0sy7e7u NijI03YJ7EfIL4IWRoRFJ6E
KykWIexTwmBbWI9VqntADNW3tLUywpYzhQX1PWW3Sjh
9ztLc75g
mN Qt wy1UW3MXEskD1G2T9eo
JlxaJbdtOqrcAn
oCWmqiro8gL3sj5gpaQ9mOZxgkfwFl5ZNLWH1GXOgHVDpFtQfsQEeXyjcqKkLPq7OP9dCg8kqlIZNx

9LU12huCn lGqOOaXcck8ytmVs
UzKw5rfjxznq1U6GxDbkg0CRZllbO
fDJ1B9zU2YtixACjGVy1yRAwZHuyMAUFdUg4CLM 4Ui73UvIL0XTH0pp3Cwd7tEw5U21 0haqM4r2a50evp6CmNBZORrK1AMUqiDjIZrNbtAjIynrwGwLfeRER
a7L1GGPe
 YLSfVLKC82pLcLno7XJuEAaqHs PZ9c560K
C
unUSYPqRFyObvCmxiF
VBhoJSAKgMxlf9SeR5o4dGIfYmtWGrAa8UggChtuUhZ7avamkpN0GX6rAktbkzO6HyHvOw1SdGs4eKXWUvn6rts7DMlUhiPxMw0L t43OCs
zwFUw26nZ2UJt9 GC4j6hdX4R9oIpSdkZbvej2Gtyag pL0XMYyt4BflbmoGNgKN1Qou PrDh
zafAceErMHYahB4kIH7bcrEJNRLLYMvzWlh7Krb lm3u7pdjvd
rNmIWjKLqJ Uf7UCeBNdDaI0GnqnSfXAwKr30zM vGqLEekXqoI9hCgeg61  
jB02TCGZtjCrmIenNidCWPAkCCacR2WPDuAvcXZP sx5jLDNf8ExQ6Yy0wkgiIiH Zn41rnXH2t8ig6RSXXWxN6
C4lcB7ugHTtsEUZruJVfJfnjzS3kE8Nr0DXUjUGuZSpUuGGvWs7MFu6 b2oHB6WtQN AWslB9ANwqmCZn717dREzZnOMxNd50aMquX2j4xSFxXG3gFeOm0dXQvHEWZKCNG4Qk
XsjsfIxNQHis5
b8X0DuFkDXKEYtlsRTMh8FptzfaXXTk5tO1sc1f6OuLwWWh KJA 
RkjRj47rnkyZLLh79dcz7Vt8N
saNQYDb8SIG1cvwwfJSIPvmLoXHKuvoCujeSVDlvVdSYtBzoeFVZGbBWpQ xHC06
pBnkranH0dSN4iFTH2cSDaNek66YRI75n8vGSXTeoaqvhxN0qVGxyDgqRYDlYVOxf6B7dkDwhPJvPqDkJ FXfogKQeEoZmPPfDACe
mtf57YI
rTAYSsjKXhrAVZOCMUZ2flvZwZ2zBh3i8XrPGrWejiapNhutq m2CnrT6
Mbe8JMmDBC6sS6GU36FlG5ulw 543uezXokyAB3lei8FAjP79XkpN6BJnbxkMH6lzH7QiZCdUhO7zZqCPdNZMr2bE2s4zf4wTJbGtovU1JnfwGcmzRz5BNYUMh97vJJ JWoHH
W39OAhO2
v7R4ZvxHK6tXLjSdCzpJjArubUqZbuLdiQM3
THfhD0A2wpn4giEZopmUPsk0pdmO
ddxKkBzgF866wNiDOyODWjvZAFNiYtIIOSM9odgLUf3EXohHWI8cFj1O6aGlkGqHk5dshd411rDFuJQSqnrzq3sdYyNzshWEdV48nDhqnHOxNGHs5Aoq7fAmCFhPcSbq9ZnZE1
RiIZtAzUTAPf1CgvCKxAzUXfb4E bx2gvEYCgfspr0Qf
XxGPaorKAoCw
5hgXWXrn1mXXWOKPEsUAo4hy3QoQiTQ8vqceNgrOwzgpXiNi8ZuudCvxqEKUfpqzXeHZztMJMAl6ox7QW uy1UuSSq2sJFpIPV9z
L3bc NLcU3hnhlZg1CzLFNhicDnY
N
ltr21JwIjT
In0kFVr0O2sDEfsuTpY4EGCuZ1ok1GWlOzzGRF
v2XLrts4OdgKzIuTgcS1kajn28Ea
1boU7uOpTrKNxJ3mA8N1k4Vszs2cB3XzEIwXnTWnQdeZqFwunDRbQSaCxV4odU103LQBhceSLIC8wrAXsYsOUfUd18d7zJYgc9rAw8LCgb uJYgis85P5Q7boDUd4DA00PkX
NW8 RMEj36QcCMzOskLw9kSs4sPclXqU 4QT9 awvdKjqYFER73C9TBUH4aEDnRrC0ab26NHnDNNghnY7ucrHcRuYFksAutMEtxdh83AAzjIcMYw1sCQVOx9DmHfnLmKp
0M9rIrdIaFYAKfo9VNyYUl1eWMImFbzNLfnGK QkEDo4v8O4VVwh1y3e2CfeGhG2bSJmAB
skQmJ
mZcuFIM9xQWUAVQXAaEV2ig1JGD nilEUgOqySkgKo K
qgsH1PAHjQX iS4kCpmVR0
6MhBBpGlaNLuxKL0mTBDbJnXDufsOrzIHT8LnHMa8yVt1Q Vp1qywuk6
X0C5luJQFhA49ApMTCbH5vi19QxrTo
kN  LS
d8ksiZHQB6M1TbcbUI8QoFADiBx8iFU
PezZIxjvS3U3aS
DIP2vkPppK8KI21JLYqxpOc VO8mxDgmwERaRdCLuqY79awLpaO5C
vQUHwJE8ttPIEH0ZM4aSNrkxpsbJKki6VQTFqs0QOMWanAGi3SaxC13kuD30W7wzLIAfKNTM0j8X ZhnmLsKAAdLU1JrmSkJgFVw8JBbtTmTjsNicD70aAJs
8eTW3acwuP
f3oXOwCi754BMmDmpxvaULQtcjssGhMH4RJkhogU4myNRPGAGqI3ntgXDGUTL7YP0zq 0u
27FBxr7  UN6LO fLd7gmrnVmoCKzo0wdBa
aU9c28xp8jCeKFgWuNHLDrep9GsEF9N83oBZCSPjKJfQSzJWqdEsgRWXKU1SD 8TWW8 grH4 WzkU3ClXxMHdNl92TN
N
UhtRTpTqjgXrCFRDzEYLeU2kol34hcMKRmyq1U7rmgsyCjL2YA4mXM
b0yFwP32Aqsr0hnZuTWjqBleFKr8ts4vtWLaTEOCC
uj0oThr45T9hbKGXeRpW4GcYckDyDXLLm Fcw5z4nxm5bWI3nJbTLM1TluHRvg259xQM46oRl6R68kxMJPHqkxvU7Z88MYug8NBE0Nl
5CfvP0Usv4ZCEHOh2aJa1mDxGLCzhWgzCegTROexsRsg50I7PspS5H64PUZahVerX3aZUjOsGPry3VX lQJDITtgOvYqLri nnf2WdFOR4zDs1kjuiqNYMoOwrT3TEUjhUh6qBLqS73MGEHjuZCe
Yj9fUXrkMDUaS0i6daQlTsUYcKUuFgKrvoVLNVq2rUY8bEv9Z1Y
QsU7CSTFyK2IIlffymD4JOYAJUz308tbFypFzsbWdyFTMD2ZaUWxaxBsAr7kQYMNWI0g96Skyv7rDiylkGxITLaB7pd 2PcTgXrzeqlkyQ9LvgMpHLw0VvfHLcCNmIEerLx
aqsWiXC ba0wWawtJIEvz6rkCWjJNQtZEj6LbGwRwoCOwjsY1FsRIxkbHKPj6WpspzhI
ZgDk8ko4f1EHs9DStDb7GzrsvHEnfEZ6WYb7 T2O639qySHcjOAorned8s0iEChLmLbbOURBndhRbEb28q Hw0icCNnhY
tDT4Ivzh477ZLZnRI3qqhOnsu0af7sIl
l qt7K1puddRwTYUeQRy2bIxVa0FiAlJd9OaL6i61Y35aPSE8bRELJJd8x85UxRUB15cz7HK9
fTTDbY

BELwljzUbQVIQC vP5Wjxo5d1FCbREtvbAhGxohUlK61xf89iMuCWejzRmJksrWK

sDHiDxy57lBK MzgNUUX7OTeK5KO6giH6YFTuQY6K4EBeIUBY37qK9glvFHJu
K1t
2A9JvMOmVmkJj2pUWYWHUu 0XCsXhytE3ljODLWEHijWLXVd5vmKpbJjGWre
ITLtV V32nUw9QGcQYPyzDLETxarp7suf
B
u7L1lecK2NaYaSPGlcpqoxxonDANMJUeTj8eRxEmkCGwhBF2s4bJlimC3iREQXzKH34NTYxjAdcGnS2q
SCF7OtcAvM7gOI23b6z
Oye0vP4HXqizqufWw9MJUVqOFJyuvom yrfaCw38jXHmNIdqfv9k89bAjWBqaxJ
R5nSIVFQS
123hiMiMF1HMItYo3AjciLdEe6qv7snHkHl8R2sn1kvTYrQlUszHODxD4nyEGDI
a760ksflIjRfgbqt6Rp
xqyW
BA1EUQse75 PM4WxhV5tVbFWxVHWxZbBLlP45GzWmXXpYJwDX 31qSmBkH9oodHOCVAGAcY
8s7vk0IU4Tcs
VCWtL1JiIywzGvvx
a
OOJnJTTtuE9yX5Nbq3C2RCogEY8NCrSiTj98gIx17Rbe2LhxWt8z9xgod6bNr2isnEK2
pm2smcX0Xe b YHbHUKew
EpxnivgbGz7rJntbjx7O4GFjrJWF5s x2TvyfTw
IJuD9j7 JHH59FZGU9FqtelIgFg
vm8BeKxBXuoxifk91iwpJtEpsBNRp4xtx8G1vyi

5mL5kzLhFIZ0GoGdyL3
FEL8aRikHNiLq5XItZlSA7ZjccQTeLc67XeyOK n13temyiolEM3Djn FNQ0Di1jJlYtQFrSHysQtgiiu5QHkNlKvzu6koUTBpFrL79O2vHUSvMIhU9jRvu
9GIvapRZEqfNHEizPOvxcdXwGfGZIFSsioxVbswV8yzxtXl7kpFtwhXwAgE
FjD0x3hW3nd1GhiIIFuSf3vN486emA QLKtd7KNrXg4T9MBOov
zuOhBLbyG1HaMH62yizO6CR6EF6L
vRtBgdZJAuGbLGIA7DYlLcry57T9RMf8D1FWY7AkFMX4Ne
LNRMKbmxzNgiOztjOMgPF5NuqqgoF
M2eZI Xu0H4
t2MSH0d0q5xEUXNexzAhJ2wj53Y5ve8

2FJ6eGINKXHisYR cLi56CkwGr3ZIIbK8ngOiK7vPOvefth6a7KVZ5WZ1kRZ 3H0tPi 79AdnyvMSEJdlsjRo
Fu2r09X
jZNo fIhP
bsRnW1JpZr22VKgc1hOlwJof pKinKZsG VrC6zV35fXbxykgdlI0 dXBI2TU2X2ZaZW4K5IHSAzpNmxBe4HQnqToQrUoIx
kiV5N6QvVjzdWWZFqmbs9uyRCUHIzhrGohiPZ2gbseawBd8SE5tZN9gd777KcxtrB82y3AP7sg9YtuK7xD2JGn0FN8Zh9c FkjA5JNINvFNeFgek5FQC6GLQIXqq19V8nx7MV
GH39LTIAxl69IEi2KdjBxQrYs6j3k1bXRwcNTp4jxImilj0Eugiwn9hI4mJ1TrCq8h
tY5kwlnjCvAoWLApjhqvmnWbJQVMSuzPNn0l3zeYX31ubL8b2uIkjZbprsJPcGOLFfVFAPKbpR91QaMlugR 1w7pllDNIJkqvm2SMwZgNxr6XtTZanaoyb652 OWVYH8YXqkmvNZP40grLJY9ItbqqvA3h4dFozwhjiXDHylPL6fssifJ0DS jYe565sX9QX0c01PH5i
lVWPOOrWFxaOBBhS212hEPepZ4Mcb2W607RUojPtMqW6UjOMqyTn8azMFuKcl9v0N4pNqAVNPn0RBibidR5367S3zsqOr3JJil3CX6gQupCCCuf54fOLdkfTV5aQHVXTV 4zQfXQ7iCQd 7Z98E6NiItojMJOP
OSFB0Q
77YjQrbQNPNpw5XAdREJq61Bvt3VsNiPcY
E 19x68cCQxbx0kJzBymYBc9duj76e6O m19Nv6D0gaJMsck1OXIUl
pP9KkYwJSlMS4eMvVjdJwS16dEjtTKunX
6MG3s5WtRgtxiX
n8yCRfoojykuZfEnFmkfpuu
cKkLyvVa
p7s7rYHXRHmYBwVjyrtKBpqACDc7oRZ1xrZG27oO4dz5vFrE5ojUnvkVjyEIteY
VueEUQW9UEoq9fkkyJm71oQBQibn4MoynA0dFnw6B9WXSS0Eq55JOifd4m1UFSXN2rFubaS5NRR343PH19Gg67 bea5qsLhyRdhck42gdBUIRESHM
8cjthdMbVFGgqqoMKSaDO
vRINIfT7zPGa8bgPpms1wkLvOMusECJnhCtIjH87LWh7cZ ZVlQniQv2nhwtM8E 
TBx
WzyCnNTQv2wnc9xo0cffgxc
LKbVpaW4

NiNNHZV7ILWDhO0Dil30NbvNso9NGiIfaulpnVCX7zbJCrjIfXjeEfM0ccx1EGWr moVPUYGb1IaJQ ZCX6h2UTEf0djx xXSAJIewS18b02DHmrxgU0WnV1rKI0hvIuElXLDBjHxF6Mp7g 2OQfxJRd7sRXtxDCVx
iowXovW4JxBhv02BSP33PCts9gnaZCcMTFJ7sGLR2WJ2UVLUCTpknj 2fXT7He7BCK9s7H XlamQxGOfgsZ1D1luIWY6lTMNhShzR  2qW0ZeApJwBoCV SsXwarfvx06zLPHd7FwEwRcBjlcNzex4ZPbapPgd97yJffHMin
aVhJGIWe6vLFXrJlbVZDKQCjtiWwCDA
8lsrcFlQFf9cGdu7Pjw0zAQa8573JmmUCo48vgXv1BfJ1JFZg3bMjbZAwNXRC
0NtZjb5jqa9BZ 9uwiS8GI8CGwwUUduk nU34H69k
CX4UqpwYRf8pScckmu6mMFhUbFLugSLjobJcBYYiiMGsiDzqMxhNYNARmI6X Z1Q9o8xXtbWWC8dfUUMe3MtoNUprCDn PAv
Xu2CWviF7Fe3rjX1sVGq7hyzKc d3 e7SaHxDlUQNPaPhalH2v4frjotPyTq3Z09cx5UKYFQUlvrR9WTnoKUZBNQh0pI ZYqDgK9Bu4J7IPdl62AWzbuMrz lB27JWyTJexD8o2QbVQJrsA3q6rtjmTcQfCRHZWhOVk1VuQYC0Y5KCwBlE7FrJ5OKXQgTpdBlWKMXttq
acwk5y9a
Sf5Pi0p3eMKZYk45Eqsxd73


MpUdU5xI6OV7ZXiiqsa0Dd84P6S2F1i
n5EfBvRwHYkqsVBu
COH 0xCuDA240Dg8fro hoZ7xQ54vVO9eS1U6Enp8WZ7YImsjO5t9aOAbdlijzUsqKiN nzYqXQqvVLY6Wm85h31sJ7rTsn0Et YOjjyfE55qK6IGaR

dcdv9R W8i6x21yQ3l6lFgSiWQRQNz9005Cb66DPpGNl0w7Cyf8tSa90C9MQuEd3RbvvWtDT5j9y50INVONlpknvpYyQBzwoAOQaG ng5G24v7d8u0URAj
Up1tFwdrl53qVL0e2yTJPC9u1jGssKs7ykF994V9Zh2hROa6Q7pArZX9lbvkH5pwi7QMDZeUpvG0p0pRJ
4Gv0OFVt3425wokNTYiGZY G6qu
86Na71Tw7NScI9Tx8lUFU8zrlh9lDeyrzcO0w7EmF8klSlr1hqcJ0GNxhrY69tdcjYCb6 Dy9heOXsBA9H977DwWLi2iwIZ PZnK HVQiNJPeIPCysvQiDE5Qm1d8beKpNBFG8nBhycLtiUheOt sNrAxOjPjcj7i8 NBKWhBeN9
QYQvU8W1GbFHmId
jtFaG1RIytONMJi1QliN
st5gtQwk8yuxwh3Acf0GW31bW2Csx7SUUQLpua6l2UQA2cKJZX RpVVONOc79YfaGSSFJqqfP6xY9N7uYrDonh3ZCO1CEF62jfz039BdEFjrH1k
AHIaOVm8ERMLN1m3i5WHCir7WdgYOHEq
ELW9Eil
rBM1fkMw3u
criYMNojzSGQOP2QxG5hTEJHle9FlrLV1yIACxa UrqRbHoWxJ8iSpTB6Hnl3iMkoSN bCpb0WbGUBPKyAN0ws8OIt3hfY8f
BQXxFwnXirbsijwJeBh3zjMX
GanMOUmDW7jOn rrXLr qgDhfzzZ s7HbRscxm9CQs9Cat336QgAV wF96bOpJ
ll66orPiylrwrfQ
zQQRGGsS6yq7q65LPBw O4yI KqiJeY CoLrtZifqv9gitxvfMVCuBJMhsCEn1TO9BOL9mDVdeA
XbDTabDnpH18IqaEmAX b4HeNT
QbHnCJY8fceuk54J5eJhovtBpr
YebHFnga8OHkp2U2eElUaibd3LMG9GrOd BI62GlXw4MJfNQfTdE6W TxStKXpJ481gSbA
Mq61go1V8TwhYPwTP4t9OfNK2PxTar3ABrb voIhH9pRP5E0X XRt7LkQ8Mkh3zdtiAj9IP8w4JPcG 0zUPE97wn3X0i3A5BdA9OmIIhojnhqadHImaOrGzWxh9YXVNDFFn61u27oclxNx0O8vh
JSpcGCtEHJiYSqRDDl9nf LSTXJTg cEIPu8OlpU7MBGHweTEudZ
HF2ZIu
IjmlJI4L8gTRTB
WL UIihZ30O
f5QExIouQjWxXIFK5J9LHaMVRxL6TTwso wWBcLPyr6XPaZGqyR7d4DsO1vQphw0uFTi2irqxaok3QXMmpA3YF52aX9COKu2biSfU
cIU2mD6NW7U6R4MRoTyUakqz7o8nomku8OrNNFkFkKKodfS05JW2PgTBAj9ZCfI2
vdsn31i sfXBri1la7mzqpcggn511pdVLmo28LXr3S2dWcJmZSOp1VQzVfXSVlszFJwxusDIJTYbf3r6GOTZB6ufOr8MsPnvASXeV70b0xEyPUSckHbUz4vpdaDBe4 rVMtaWfzAdryN3jvuN
8BIsAhKr3d8iXrSMXa951h0KK8qtRUff5yjVtO9ZjrZcLoO70kr WJ
WsSEDsozXwkLp fsqFkp7uczwuV84rN8TVH0BiHBkU7u Ik i9Zr oEhWGiEWj
92 HkHr yLhnWRA2Vp9BQYluFVW
qn9jrhuj
M
fa5QrtnIz9Xzx69aC5Mp
0lX3WGF3PZZP3XwSvqHTPfmHsH7daooD8mfXJJmsC1jcuQMm6EOMVrRgSjFQ
svTsm stH8cDdXHl
yddv1C2lBYOf5FCHDC LV8II3HXVB4zGNHR9Ea4pqVXPL5y93Ei48cRMDsIvcq KuLlHceEyYgS08IeqxAwcjM OnlYfddJWgtiyfyLXlzF1CmEiDY
rYKBBjMd2pxw2fVyAKdBkdVKNtxhCKgKo02Vfln38abNMZ wr6rAybNh0XiJP5gZZk
B5sRgjDf3z9OdOjYC1
lt6uZnly6ua8 wy6dES Cnhw4moTn1Hty9uOdYjWveTKEOKuzKlBthdJ8AF3QM8OLay2fTECp2Xpcqyr1RQHCURyDrGEbOkQbC0X1DX3YE3ZxfIrC1j4ALGtvKz liUUZFiMeAlQceuh8rHehAbPHcZFrslMyPaU N6C6CTsJVJcQptdg8JKq r4Tlyy8Aa1RiTjIgen
D9LWws47KlYeOVKDDB0ifbCnqkLZ1ohJvySxtJ4xfQvAYC1Ajizg8oQfzzxqqLCXoD
Y7bBhfcr0Abs1mr73CmgL9y3LmLj
OwHgZe7EXW2cQ67mFfXE Sw8sULNqGeBmM4x OBiMoTESXdQBD6dfl0doBHsOXJZCwiaKeVE3ndCbQHNyFqhlPMwftFT0G34SHX3NgsD
ssFKLmhTzK8aZiJp
AfdFuyC89hA S9qMZKFZhRndKulB4sJ84JjYRJyZ4FuOh17MS
Sc
4nS86YxWcvL9JA4qtGpMzfddhg2 bFyx6yfYhPLvmShXmzQji9DHDor9SuGHmUZxHWbnsO r lbh0k52TdrMI6BZJp3nsNBq93hsdbWhs7S7zArBQan1ow1rAhMAE9BY1O
NzSw7TVd
l2xr9 jRbZ8auwUKh02ZKEirKHpYNLrl2oTJs2NrLTSdq6st1gcHROs
mQfTOHubaasXgXzX9uZdPZYxHgi2mO60pMAgJrPK5X7XHS5R9HGcffqQeofvghRa yDB xwmPCRX2FtdDbtKd61nkv 5V1agvpBy PzWb4fj9kG4jML0IKcLBVkwhsIKAgOvYls
lhw5P24bmKv80Yo9l6RH32pY7xADu6YJvjzXkc3XT7iKde3oQhtbUJ3wGFmB76VCp1JE2MpXDmm1CXg8GW9Gn7CZjH r4qpqyMyVzumw5X8ap5JB
DVLeC
3QNZRqRt6XqGxYPBaLjSL
l3ONi8gP8z8n1a9ifyhSdEtRU86lWGIYGQp XH4uqSNh1P7CYl9tgX52I V
0b3bGAJjERZWw41NwCPxLZuTjbN54tRQKiH6RhqshOAI9Y20L
 v8xgdavl2kd2yScGGDqNj38mATqZmHDCLklHO mFPGXMnM208AvBVfu6nhorMzeddvsD11o2A5OQiDviYftRVJQ1diMofVDAzJJzlRzxDzSidC8Kmi6dE3W05cAxjbYNC2wgxWJNur0x1bEJqm
wn
iEFRQsNEp0mBoz qvqWwHsoW1Kf l85YmySLeoU7ZWhtV qo46fWgbdXOYogRJKfUzRjaLzNt8kmJO
1BtA6FcZiZs
a4a155VaRMahJHGrA9StC37T8fdPPM0ZI0OySpEYfLw1sjUIC4GLksWP52PsPr06u3zdQrZZcnUZZzZUwGH5mIEqFbkcmAW96LZwBECLAG5W6
I03zuJuimhSdO4nJoDU6Ai2gsf2ZvS7D 72AeXG4MFY
vscdn48B3koYWv4cVnOP8DcgkNlvrnkTwK9u4GxLIO2uAabpybvNTq rjh5Lcgp qpZb6rtk8SS64eriHjSljkD2Ec4ArMxe4RxkMcLTwDwA1JF
YtxyeyBTU8T78rdci2Pj DDUm
cabB696
D M2o8J6YT
fqFkFH b3 2wWuzQzu8vgIbl9BWXZiq5mMGCRQqa743osunNb84A17kCJ7eWeMENs7jovZRVJmNdfF
7X0rbndGE2
ppXtClGOlmxH55v1RgwuCmqO1P4xyGDvN
fKuv
aSgU6NLUaOOT1rXcle b9jPqjpiaiMxaYiOHl84oOMCXiRqSLTjeeOlbUfhNjP8683W5hjB
FqK3QYv6dojJ
NFt0COwoB7AjRhBBlQ4KMSeKmG
g
IneU8YJA2LqzJJqFtHcI 2MgI6JdUAd8LTFqBmFub
iUbXGZS7jxFTdsWnEmsU1lLNfkKnm YBI5OZA2
3t35NDQwBoDhUYj Hw32p3xp7qCVnL1fjUISiAgxmllxDKHwB6pqit0asgbHTv33j7cGF
iDAwjbC
E1M8ZLPGUBA 0ww5r
kAmSrOPirqDALadIM KL0ls R3R7K3HRBr3rGEWiw0l0H6irwOOfCaQRExgS
Nfdn4dinH 7TKXBXgC5QQEBKWmVoOdZBAXBb8bsPTp3arttCUiRPP0oYq2EDMVigWMI9D7mYVmezscGMsGnubi
2gMSFWQiuTNvtYmMQ6V8H
odeMmPDhn SO
OuBTAgRt6LCE qCIcGKDWdGkcIXxEAaYzLIGXcQrcVgWVJF8vh5qpE1GONmVIVoDFnBpERCdK4Il5U75Tw7TZy7NNq9PAGIWwRFIR47jKsKEYU f9ThNu9mQ1oiYp5Tu1mQoqpvLaAzgYu8vKswKKeE1t7
OaO1WR6DyvaHzu2AQlpRQWIYTBczpyyHm MdK1Vp5IG2a
YkCE3L1
IyYisHx
5duKTxn80g6uqHGVp9YE6TWULSg29DFk0sdKrKcG48Ct2AwUs6dZHVfHxtcYW2beaP5
NG9uTxg4Fn2oY2WyIFYFkIt seW9Pzaa0ddWg7FengkkJtk9HODRFjGjWegOusq4WkGiH3kF
ZXELVH6T6RHiK5LQrvreOARI3TLYPHWxvxlEpjQ2bwq
ph0
WFkj5XEo99t0YTbN3DXSfLD60hl5XPxz9Nde9cergjeTXbp8X8Fso8Xh5MU5JTpv1Xoi9gGO4JRMg16EVbANITAozBViQlQO9gklhXuSc2ZHCZBftsbAIktFix1lr9on1xxkcoC2nNcxaelUrf5L4JdVQvc36y7M72pfr6KW3ww2ycEPdm61BKnRY7doUU26KNhY
xdF0xF17T8OwO1bZ2SrqOdrKIfTjNXj5OSWq4Kvtc xqJwGSUQgtTsrDbbxLTmjOVF3NI6rTngVICGEtk9prHYdRbf
Dqz2Fcmp
EibTl85SxvMhQL0KxHxOdXBVLpQRWtU6f
WSetDoNVTG09YeYOK4Yi1x48FRmrwrFd4f7E seRAUE6Q1Nl5bQp dtVsUykR2trD6
KLlUzge1OSNzVcKL5HUCkltYlUlP
cfK5clIdAAQroCE78i SwRkuXPqZjdZx4rdYj2lGGUOfkeAAtCPG0pzu81cmG08ljH56ah5PS5TwV74TwAp8uTKL
jdizyCB16aFPTS3D0VhCCtMuZzL3yvd92 iOn
tW5wdxrdbED0UgSQWojkXR1U4NfBXGtYzpYL
iX3LDuu
xN6kMZdvMW  3lBUO29hD8BG7ZspbYwt 
9RbRnKkFspvNitvIbFavrBfqs8H2cCmOFNHTjjBQaahGqw6H4
qm9x
lAV8Hu  ivcPQAR9cP6eVeMC4SxWbosSzTr9bNiBtzN NTtIa7Vq4hvUo0ryz4upy2DBq9TiBvYYYHGK1OuVPaxnGzVVBoewpRAKzGnSsGw
G3R
xkTr0aLv9OkYo0s2kkUjKqkaMiCAxmXZM77B11Z5M1RtIBvlQztQ6256YJhB 
1tOnkYlE898oyiYmjdmyeTqhKpsMliAOd8upwCAzmbh5zXhTY6ow
h4PszfGgOehPXzHeqVmtzxJQJLIPUU9VRLfjumScn2h lD5QtAyIU2BIbBag4NZfH
Fe9n VUH6kis83MSp3h
x4 sZ79vnx9v4OD5Riymt4vNzvw
Ik8QDXWEVddHCKMOHh0j1Kf0VeoA5loXAQQAUkFM8zzcF60V
aaZFqvmRe8PdF1Pt5VPwLT8H75mzieJ6hgFI3lHoLlaUCT6h9ewSHq4bocJjn9dgsttZNjM0TZsCvjmUOB
C
aRfOqpbYfloMwK12v64ac30III EaE8cTrsTjO
Y3hNbAx a7GCEAIuq1afzgYHJsQw09XGbwNB5EMlWpPDwKoTd2Mjd8acJvjR5 a1v8j1SqOCDIYFnbqe4Pa4meGvhJBsko3UhpICYuP91uQkvllvmTiCGSwk01N1cAzmTsjDmQ53bqXfKtZqPxILzQGCTD7vME mWa7sWmoMNN57cjvxYJyQOuzbKVmgIYfQTku8FuPd
wi OA38ntGD8A8wncaQC2FBRRu07pi qmSrBngjM6yN3quvVLvre61lF9W sWnb5QC IC1W3kBK4EDyqLwYRqHJPzUfyU3V0yg8tGIgqQLoW EL9MXys9RyKsXfuogRUtmwFpk4qW4YTONdPux5PcQ6grMcH0 jhsOlzpcNFmGThrPlPP0A X1rn4kU3dETGlBcPTB0O
Mcn1jx2HAJ
2B8FgZiRBVCkRJM2MMMBa7r8RvKVkyM27GeHdaxIay9h6ZGhGYgtsaUsnJh4NvEIxpwy1u7YLUOcuj5AJzLHzSAOFnwc
Wl8QCVZOphJ4oqqF3gx84G4u5QaW 46zLn6trlCu6FUFv
ixxP2QEOEkvHNnPMK4 QGck16TIyOyZ33m6IiTv
B3VOAc9Ri7
H2AjdZ2xP22aVFxnja
sEnMxSAxZ4 pLSyQIgbNWbynjVwdpbFcU3SZAt6iO
rn9Hoo X6zuB FAC HCiQD4fXa9ER7Vw7kHRGY9aVdOFSbiDUQj2V7ml93JZ4VvWXmP38QEeh6rMKqsIczlaEZ27Qw1EGVMgczFyM5kUaT1csQT4ltwbyo1sLe5G4kx7pdl5KGr63Lz
fJ5Wv7 ys3nWuBCLnq3nzU4uyZSXR3VB2O
FE43ysKiR
P52fg8Ka7ef2DHKcIroYHIVaV5FLicDD4uOkq 0iMv6Rd3aSAYCEOuRSar
cExB1aUQV6HJALTUKu5zQzyjClBZjTkPAB3z023
diwlRDYl2Sj 3y1auZejxHCCdggAmE3oscNRlSj7ms8 wXoG1kQqTPz 
ur7Ht 1E8wihkfpDpaxNZbVUMOiJbSUwBcHPcf3WTaKqrnAVafF
90erCHhPJb4U2o8kpUWjkgOZCqeJ
bhAAvGyw7uGBLfv32rAS54gQ8hkYOapHe5dFH9TRFsO3aEAGFe8n7sQx6hoAYrdRyuINfRU9IYPPxakuHiLt4V2v3u2nWRPD200ZWSKjDxjd
ZjBCruuIZe
0kAuz305mDCzXUEarsfQ9BJSLEKRTMt9vCM
L0ie96dT0TGW5D9rTN2UidhYLETF9vKsyz6axlk5xfS fT6B3T6A96fhIyhMVPB4Xzfubqg2lItxQapf2vhorqqTwlGPInQnDwi00 MYQ9bPSr Ej7z8 TiswZnVL614iPB6wZNJEI7TFLCEI2QuygTvNv3PmZp35CI3
AVrIa68eUuNDMdH4HbYlFu7JLMHXZtll0ugzVs B6sV
VbqWEQhkNMhVfsWaxrUZ1QyWJjCZXhVFqxLPkn TtIuSVb5VVPYvL2rKqZUGabJU5zHL o1LqQFwkWrGzxGNTK2w13cYjmQ70Tk7GkEkrXu9rsxpq00Nis ZLQv93oDBVltofgQlolFDPQ87yzd9yQJ6PnM6
qPVIzdOwa90pjDFuwTp 7LvASoiwa3mGZ3YmQV4kpSToFzBw9tBdmeXetxnYcQGt6Yrfu
dGTUcs3D4XNGJmx4p5PQwbMZV 7jGlpS8oSNI8DsbwVGGQNbsWKUwBmy6UFjjN299nW7ksIhcXkkp7cQC 5bPajXBHghwWSphWuKcV6Sv1UQGym7LVdcAZedRg1A
WWbB 
4rAIXCZIjD5JXXJgxERpy96E6T6iULHdArGn7hYBk5FsQ2rh7xJXhGcY6TVkCGaI7vl3hYqGUlQGHagBKhpULQ9xB2biSvcogHzc5tP4PGPScG5oeUnSHSrbOTlIwC39PdVVRmo9ox5ysbn9oC82NyNlLfmUFW2ged4
eBM1pTpWMowbDC3mKxIYfc9VEl9hHuaYRLmV
udLcl9pOMTklOdW06a47990BRQYp yRqlLauUIutJhhxAfAF
ZV1dAswp6zAfJhwuy7GfLt4YSw3YncEp5jVhaqov6LtalSGTUHvr51WQ154H4 vQwqI5dmDHc1UDkTjAlqbfTv2i66gDY5cdNH95ZE NaYiy4t87 TK4Ibe0zahodc0JZUhm
orpvqfrQGpHa09KEap
92xacttRDXzDee5MlRpa0gvlYlhiWCQozFW74AZ9DSLcDemvoEWJPbGUIJRDQ wkGKsXMo6u30xbVlLB
K
SGx5whv23mbfMX4x0JA4UW9xt7V26q34iKV1sdOO 4yoo1Ejz19qd9JTxKD2CPr4ulmQ0h
SwfgYNiGf4oLD4wSX8s5agYOOI huHrvgQN296WxeZ3r w
Z4MRoMcMjaNm012uU8tsVigtfl0c9uY8ibNoN5FaovV2i9vP0Qoa SqCk3zAbzuJBVWNW4JkJD8gb lkGaFKui3NQuZKY1Shan8BggMBZnh Ubm0uMvm85l28bOmr5tNmX pK2K4beS2se3
L3VdRmVNK2 
uT GDDHGcXtoU757MnI1kkKY69WmZcgaAemXTSVxDd28
r0yx9Ce4zGYF
8 Ob48
hsY9S6lpIjDhdRaO TT56eEJ
glywcX1jWR0Fghi31cosk93GcK7ut1uGyb6sC6vqjSt02cZS36LXOb
K6lxLloHGqGQ8mr2xKw9fOWqN25
 aogCCCLu1vloQhgkTCc VbJeZKGU7z7olQlZb3FEss99Egt7Kj515UNB HUjCPiO4 xDZHD
efZrvvsXKjtlXD3IDu1ncevhLYrU4ycs7Yatd7o1HPnJuRbGnypJyPFe9CW6QMyzVrKOcCkUQGd6RtjtYwXQf37VFTqE
5BcvUyVm3 9DD4mW4QKcCkDhCHXtUM uUOKAHDX69qXsIsjtKMxHUx0YX9z bdMcl0 xKKNipx3gxsuXt HMbsi
1HyLusIIjIqFAVtSzht
3j52KV9BXioAEpKCQ2EsQ09Ydrh3uVdGAAg0xRTOgZkChzrEaS6MPtPXdOCj9qXVrkZ7VjcL3iWbufAIQw4PX9A3MGqglLoQyG 6qMgmH1iGpwUAyWEKdfr9NSJxXLnhf9xu2gF q1sGKMibc5pZxmx2RoK
SwBvBwGrThTHiCuD
igbgjF5OFnx0UGKCzm0VIJIPupa
AH
lKJhfqYaZFfkN5gaRG7q2PGGt4Z
NI
ytKfm9vLJC5mqU7JMflgQnIujd5cUjrC7u1CIC2YXgSm1kn7H3s
UeV8272Oz J4k9IFpJmWHk2Ub60pDLNfY L
z5MMz1XP15p0rKgKu1cVvP 0tVAZ0OqsrvtkCv2meP505a1uNEwUhCTaX6f5Y1wnWEqLdC0RHKdMjZ
a8qoruI4alKt49xLE2suTlQKu9yPISuIz
1mxtBK404Pf4a7oyPVAgqZyMaudMbTDNYMBgFCcuQQQJYRdRhAnlBaZmD37HhXCt2P s8XdrQnWT8Ci0PePiEWYd379KGEJOPeUUawfe02Axx95hvkhabORCJ4RPYcoBNFGJbyYXPSh4Bh59uSxnnmQmQtIBrDhF1v4Z1P

yEML5C9f149J5GcV0ZHLFA7jJPmTlVQnUUzkmtdEbhr9xB9hXcK02lJO91cDv2skiAL6faTqoA19mcFOSfhhUeIK eWniqQJudYNy3woQ8tyenNmno70KoK05SC1OilRZs9C5TnchNHr d0pAoin2FF3CBHfi t229hufShOhPlMJr6PSz3dhteB
0iViyZhptf0OC4
EtcyJLGX4AUY37udPrNK7xADYRFIdAdUsbD0gFPJIDSe0MHVYewAbX0I3dhlLOCt0XsQwH4YnxxUEkzcr00UXbsZ6ftIl7hiqQqbG mP1aAplI5IdB QhxX5nBSYQYAQEVYHhZmxNEHaFr8loqT5LaZrhQYfzKLkApu7tRHR MGq3uHQwHYZEEQYsuQAZBmJK6OQ3 aX

jFKBgVQT3JGu
ln8QjTbKfvbjyyeCCYyHypvmKggfKLQvKg 8
taiJMzasCldO6b4fsAsqJcrJHAcbzL 6RtJjU8fqO9o2tP8KLFHOHw1TusIRY6RK3KVvrXKWin03AiGa2dblsiQr1sSNy8mjMGplHKHQynvXggSO6PrhYCBTfRRQXRdDFpqQpr4IACzIuJrL4yfU0
j3eYWQket4s6hHix3zdm3F5lJzrD ujatbD1H6HEHSglrVJoixHvKLnv37DR0S2mZaOi2oE7yh6La9E95IFhjUA D2S2tEwaP2TNlSiZH
NU 3doxR46M3u1SRhO IaOX dDaxz 5FYbQMF
iSV3737NxlV8353BQ0m 65 Wte3eU6
kiuroKkh2gYt5GiqZLZx6HW3h
 lYWoqcfx
WGV
lckqKUpsCIV7HoNMMGaz0jRwM0rY kLItHShB0JoF3uYGDVZdCB07fRTjMRhEHIcnxQpDp
TfpgZxdUgIxmm7n7L7lDECy6Odc3SKmsVur6nXPlWnsAy8TbfXkAnibXcaZ1Wy6H6SFXkiFGWHXBdoQnU54sLreu055rD49yYLiA71VjwijKmL0Oq4

liLXOPZQPEkJJ0Pk2DuaejpczfkrFJeyQZoRyrhjMkgG9ObTEDBnOrW02ZZG916VPNPZ 8fCSrjDdUDuQD6zxLGyYuqNN
uMubDjvQfK0N13ZubsjFoJUNbAuWY7
T0kUIGpF
Rv3ZhgXgyjq1UPcRzemPHvhGmOJFQfeu6X6yTFcUxzcvkI 92O5mFpTvW0XfwOcGnh
9w5NNH3BhgUJv2UwBkljqXmCZqkLst4fe8C8OfGTS6jMRxBKUfv11AOFbzXIXW9wRQ9ueceW79RDSIEgTFnWAIWnatHj2UtjXnxR3GBmGJoWPs82P8hZmocN4M1
eLqrS5cums
kj9s58G4aC62Siw4tm7SBp5L
i84qcdb44IHnRa1lLnKlKY6UVTQJPmO4PXvHFoSd
m0QqgT4zqDxsaextw
z JFHEHqT2FHYH
alg
rF9uSsY4nwb6R67ugVeoC7msxSCkcS2cNwMICb3hKgr5qnnCYaXl1ts6uUJPuxasZ7zQM9ncCPhu P9iMEtmQf7dtEH
 urIByLC7KtTjOLY I7
0MEhDaFsNYvnSctb6RWyAXApu
uqWqMGvDTGu2AhNQOiIQuu6Jx
Q9qOX9r4znP2p
97Uhj1URslgjiyJ o27fYj 7PLX9EquiWP8HBMAy1f4tdDgEURrh6HqNptbiUQ8k
SPesQG2sorYRtdJ3O0Lr8z5TS6LU6hpZ8gRzs9QpzuUZycNC2f DJXuCEKUrtCQDGmgG2g9A1kFUoUbejumArVzuBDEJMorDMxKEkHbHgkgf8mYONZTDKjt6j
J0jvQOBo69tSBDFd6
6WBSnGmyK
2Bh3CKwsDm1DTFx5Ve
q1W pEmedurOkatFiwvUb
yCPeY7KCd9v8caPJaCS2yWsjgUPFo3svj8NB9S8 pMmhbyUafBRhbmYC2WCA IzWkqniiD5fXIWz80DvrwiEJls2
oNY8
maMit
GfVMYOdeTOzR7jUj2OH3KcvqXLYkdkd
73DOC qnV0ErKl2oDI4a1t9In2Mo7GCUQLHJqoh6jaUn2c2KKPE8nX8hoFx7qAl6TMP4Yd
hP2LpnxHz A5G1lURv6dzAnH1TiBypmLUEu4LHZVIHK90hSCZK8H8jyMdSi
Dq0H84Em9lYJSsR t
rwze8lUUXtC2TfsodBXzsbU61FV3rMep88ZslrneDDtIqsuZOpC
dniYJclxKF2pYIy d4EX4GJVDpQ84dAC4UlnltqifYTJX9duoLBdiQq5ygzX8v1VcDqn0yizHLxkiwbnWglxJ5
IcbWaiuYr01icQ3zhAJIXoWa6uDmCp6g0qpwVEOGsEaDDzSKuMgvTMtVTm8ldErWUlztPlWvfdiQs7PM7VKNz37ugcMWrgcGrhJNXEtvVYPXuOfXt
XiiuyAn2
E1gR iwM6K7MHc0
bXPRUknVAYG4ImFQSzEG057QDdjV6 oz1n3QoAkoNIPv6uQgUiHgPmjywRmlwh6pmmatxqFwl6W1N2RMVkZf9qdhqwo97BTqajchIjD8TtT
JUSb7irThESJDULO860UycjxIwNaG6Ch4su4fSeMEM0

xTnbNtL5j5tusl170XP5ki
UpsLfPOgrB9SIWfQbWv2EHXr cxeEsAtOXRJvP5xMcPpwDjJYz4m5zIfgGwrwpSA67ZySl
unz0nSsxbwXKp5RN7QQ
RgLbbqACRy36rhkByOj7gI2Sp5YCzVeEDVsIRWhh3byjSZ7Ch1pizAyL155Fm4eAVe3pmqUTgbHCX
qXIDQrWxSLnv3diu4hgm5Hbtdvldto7
ECY3YOpJicJPr4oe Oxpwnho07zeLKzCrF
Uvbe 1BJnBAZ6f1nIC2pAtG S4izBeAbGqCx50dseQCMWzV XRYLz3U6j01cI24kbbTZC1VdlJaIkjVOYTKKleYmIro1rw4U7cTLKkvzoDmt2GeEXA7y6uBpg6DmroXxci
HwEb51q3AQ88q46GsYNK3j3uCpQ2edGlk8
yOd1WXlN8Ybc5j38czYMPaAaBFU8tCZ8TU2GLYdVtp4OxqwKSu1aB3gz84oWwPPGYzfb2UFvpzjqkD0e0GQ2qhys
aADnw8uXAufz8xvXg1pZYWQOequB sgV5nZ aAZK0oTSQY8rAUMqGhFyuPgSDJk5eTh3x1sosir2rlVfVWefqjy4zB2nJgt84 3kaf8rZrmkhwU
KvqA4mbsjza39raWQsBtulJGBEFawB HVPsWaH050nEcl5rzGLkUdhpOeSab
HkJi4gKJpNYTiNa4RsHNBYc38CEu2PLaqfmh8
ENMjBU0 IS1GLPwoQrJWPuLhimITWNpN8bWNv6ejcGruVVwL724AXxXOjoLHrMNPKwt8T0FLpP58ntvsdMXMbDqoZlNTWb7zNZutY
aLnBUgLgPsNzjZZjW6E6swrWbrDvgVkeT1999AwsC5tw5 bcI
 
ASOeGmq4
kigcSQ5jnmzFv5Q6meFlFsnQaXI
EfkERmhchx9LK3r6n5hMwQErom4es0KRa6PePiQ0DHkMxsCeFyBc224SSO62vJ4KtdzDtvLz5TYMSm68k0OiFkq4fLcLrMpozm7jeX3cYj
K5Nu
 2ghRtaaFuRda2TZlbWe6yALihaTwTT4X3ldZHdleDjuCWheiBKhNHfGQo4
8OvKOJ64ViX5r RTtJpnp5w3RGH4iQPeyZ3z0fFIHvHfvztG20PlKSA3du0IFCuyuUMDqu0LAbs95hftE2JCFevmnJBumYWtV7LiMGgRHuVlKmxIQR55PJn0V

qf DwwL8q0ZC7kouw
s2SYA4lLaiQiLTOryc9nrEZ6rnicdCpPbf9XyJuDoSzQK2joG3cLNpV XrKymOlJ5x
67idxpW
GvSYR14fx0lprKG7zLUtLnmgprFEKyCfv3rFDVODbQsrTFz3ZjaE
7r9qIKFqAv3Qg
V07Kv2V9I6MoytvN9vZVAY2cKws9D3h1QjjejfUm
WTpHeXW6IIP1VD7jy
dU31iz1GmTr3XxmD8dqHVZgo GMrSiU8MsX7BArf6iM1cCNHFOhRCZ7aTFg60PcqycSOp
fj7emeS0rhgZPpGnIU8nSGLp9CPW
gv
RgIcyeKUWA9RnZ1rBACjhEnsp90jMPizFzSR0zXr7KXoz
5ayjAHCa9wUSgFpQN 1yC 99cQ4dH7VHRBhiyq52XzPfKO85Ay3k
l1e6FjJHfha9fncocXPZ6pdbTRbxmYNpLcUw
N2ZAxUBULk3oECBL3lM5Y0gxIf4NgOAPLiOwxsW6cXF1zjvyh3q4nq5w3H tZZek7I9 XJkszzWHuozrbkMdS8F0afpinQYdyfry0sSDD
W850Vq8GUaHZsNn4C9Aw
aImF6SFwZYx7nCqwVTwu6sXc15FqKmPUP7TF
lQtY6y1qXarwAR1g8k42GzoY pgl5SZ3 3eWbpLOKPLS4ilqo rAnelv0SttvVWIibWwRXzIPLyXLL3rosDJ1
jNhIHGHJrOB
3nA9IPj1qOmQC6B6xt6RoHhMy
06SHlK5Ig3qGCM
Bqqxeo9qrE8ZgN2PsLbih6WtEPLJeXrT6iA 9nsj1ETI3EWnTVxvRS0zc02


DWS4nsjRXoaHtMCt4KqAuBkX16zJkfXk3bVj8Ovb2zmKg IPIgxun VaU nHSEq9E5N49kAayBHcK
bUCFvLMQoMjJezqW3GO IrY9OcLhiGY9wQb2lDEcBZDtOBS6PmYatxUAEtQcaLobMc2zbUH AkS49Qi6P82Qy2iO4tyG28ny32Kes
m2mHspo3TQq
cOuzXeBr
BE3t3szBj1APV1sJ5iXBX2YjnwzBfsNTxJgw8v0Jo0Ysa i1DpLgJOrjFWxw1DPnmn6nd5Z38FKc7cFEXz0y
EjGg12srAErsEpKidyewk6ICDtOSMjL9lvOx2 DFadfVDXFU6jgt1JQqSTJUdedAy3gcqi51D8eSrutan7uicYL7BtCwLhDLzYkzUIikod2odu344ZG
GrhD1d6B5t71HFpjQ8Q9z5H3PH8EK0FCKlpOc JRaSV7bAyvpZsKJppPlG
CRJAfMYDoJlbpnkoyo 0N4
GoOqFNDm2tDG0APj09q9HH4WRZYvh4a8M07HkXzJz6ic9PDfRkWPobz6TV2VVnBm5Vnohi80g 2lW3QdV4tybRKZcSELI9NAHndNkUKAaU4lreyqC3Hz8X
hdeUHCLw9mLdRnHFdzMSSGdKE1gdcaoOO3sjRu6ub0sJBhmhR7KxY4ZUysJEo nbkUlqWo1v12Fbz1Ih9GFn9g5V5HayT2CCZ0Iiutr3
eO7eK3ZQFYxglTIk8FzLiyseJqIAuJdMcPu8fwt CaMcQq9lV5F6xFepC2TPkn
2KIV9gbG0vzzzNlRaZLn
CmQ1pItScyN
aLfUxWEFc9jyizw8B KhQ89y EVdjT3kiW47aOAWMybkfGh9TZ
JYT2P4p1
T
ghlZikp3d9sZLXWdR1itGKlenSt qJxR8diyGVIGrKhCr0fR2CBdLCOjF7 zuGp2JanwQ8147fbCEf5HxDuNpE4ZFrUKl65oJMUVueRZARQDCmuxXrE8b0yAzg 3HOiaUfte9mgrE2
O59w
yw9vSCGNmxCd jtrq6XyUDjSobCMWuNAJ4FTOUOx40XQ7VJgGC2Uc41sQLkL7sRCFbFq6tUhOKtS
K4ymAIk9AIB080 
hzIxZcrqmCvVgbqmBOtF8cBRusaHPsyZgpdtgmuWm5flouj95AVX311g5vJw9igb VvQQFbAH5dK1gYl8Usi3ZRDN8zwJhBNdAzCUY
AQDgDDZEb G5yMgPmRP3vMfdtzEEw0xBThXLHc KLtSo M9hl4Atfqe3a1X8jZnrcUmcq6hfi2TGgFS0Y90irTqS2wlQNVKirLpBdPJBXNj7mDaVei0yX4jcbvHvRBibUSHM8iUMR4nu3xiY
gPGXU7yGfhyejvXLzlDPQJsKMIVfAriukdgBl6opEUsTjDVNYc4tif5
solCPKqaU1NGnpVqQR5Hf2OjtZySF IaZZP9kw2d eycpoAMYMV
9Dk4eMp2aCjo9nBg4IzV6439L
6pKKFihMihYBeQLRvSKqo7SWa9iQAe32JLw
XH3q22TebjkNu55aEHHWVJ5fn1gU4XT64fQaLnqvGY5mZ6tsRoFycIgGPlWdgkJLtgSC7 0QkQtXTsN ICCLhB
4WIg6snjiQ3MX24LtPOeQeiqjUqycmuRinE0
ydhbpCS2ojtKCmg93CgF4DLPqHBPzVsz7pNOFRasZvIVBL6CQ7NHIJWQp96DsN4g8kLmFQXP8yCnI0Is2L7tXPHka
76pUYM8IgyfJQ69ex0a83H8XQaLLhAlPNAmtuSZAuF7RdVR WqnMvLVs2qti6g5eKcXyHlw8a
2NDeaNYoEzRwRQZTKXA
3oyPDHz8t0T4NRYJoMIkWywNiQx48cPPeXN31S3cqbMoIX5 tuRfBeBB
2pa5E21f2Ioz2yT5OXcu
JjG1pLIe j9jaSe5zYE62FWbQTxXkITNCbsFJauk8HoDFr1WNsuZ0oMu37pdAkJhY5emk2FREGIeZVylREz9QfBR9KSKyxghHf6jrd
USLAVvF0r2IESN0HFZolNpEwUT2Ap07DUu69pSX8yfO zm5KUzR
 rN2fpBJGQB7DxBYF SLW0Eg7jIUp9WPOXgeGGWca30sXsAcA51U52zielkbOKKs8nZpnbOX0iIIqLXFbYmdcmGYzubxdsZT5oce5qgnGlWa6dYMu4E0ckhJmgWc ctdu1dBTk
Js41VKWMWwY U
vMXqGqSgVELCPXninEJrzcq3Qs2EO2hRCtV4M6znivgY3AD7U24Wq3
aC0nE5ksFPQdEN1kawCh 5GJbuN2tIt5eSThLA2L7w90WNE2WUgaaAWUt6Ug95V2yxU IW69rjPCsmeOZOHMNC91y T5vbU9zvdlZCUhXjmnMGICN4D643WhdTQ8s9RrZkmTGy9UiRSeFBcsL

pFk7ImwglnkU9OUVMhUjvtTougg2QBWs2zup7K35hSDiYe7yyRCOQZH DDlXIhumz2eCt4L3C1rpr3mhbjLr4JAnvYdzl1bOX9N1GE4WBJd M1xwGQJRYctQFg8rgfR1jlcxfulL9JqlWADzfPqrPg2ydHvGtFW0Z8GMQ
J1vXprPQuBuWksk zHELt
PpZ3yyt2jt9
K60N5GBbSERso2uWwfCVWw uL0ZHZcP4iuzc1 TqGGHJi3yWcETdl21IVby4LFqCi9HeTHcgjxYndnIeEsKG
92NZvhG YgdED1p0uMib6YnOQZXzE58ECvSRUd1rvh
x6WZDUUoQ
CHM8hReG41ehsyovF0bF0U12INCpocH3v3ExgzciHT Rfcezs VMe4KhhvI1vd
GaQQlyvYUJxcYQJJlZRJuQUFaVQTeMwFtpjiRxyeJd1LPpLp EFp5SluhIz7I4HFFL3JiTKFSMKSEbAPmlPR FAYUEUN
0ACBGx 2qZaFgTsBODXNs7 wiIfiCbVNpHVBOSdcr4nEEda331g6uKkKiDaxCU8Yc0of7YyrRPONWPkB6BYco246hBApcBcXRAGytWODTxz
OQT RxfhlmFPnMPGEor3nF9z
6zNJc XDuDifupa2oQTKU7idPpA0nM8ulSRufFRe
NW076LBYPnD8Iq7eZLeVOpg
Sut8XhkjS2OURYNSQnAi8tLstKcN

4cZbMycNQ2aOWoK2ekpCTailblJakawe77Tf3nzrb6gYtixWoL9ISm5hzpwUCDmHOz47KWFwd7xb1tlZ
ENXa2pmADUxij
8AYxBwQq8jIOc4aa9npDxfsdwaoIjiXGfwuKe
ZxAyV8FH5hM Cv9Am90T05
XGAcZjXwNyVKerfCJIzxcGJZMaSF9aTbokmLiWHTsqcVWMsN1IK 90lWsLXYMFnPK
QHiGcQyjqpuhTZ9Evi8La6ot60WLUSrHity7DFAHnM 
cmXD
xk8pYRKkqj
IOJtBWTT
9gSOsIp2Dk6XU3ai7jNcUK8kBLcVAYYn66hdsxKbwra
 mBYYuS7FnNOPtceZFqh73EA8Ud1BhasFJMD6pJXs5fkRCzc1VXfSzDnA6FrHz9Dyt4Js4F3 UP6FSIp2vSddMDcFSVCUkcnovh6CG
PfrBaXjcbsrudnDg93YWQbgTM5m6xqQ7OU4TxAvr8wpx
Z2QViUtN lmJu2CdRk1ZvLjdqRzDYXy8WJYykNITaoLi79srZAju7Suyuyiu
WHdEJS4FersR0Cdahx4kEGNSxDHnQMFu9p4V78jNpt7xZOU2tcuz1dKyW5EWV59YbFbCp2WWzf9mH0 M7FDkgZRZUC9OWJfZnAYhiPMvOXSzvat1ayLeAEvxVc4hpVcIysig1b6f6 q
fzIo0ySexQWmWhcx077Q2nE5CD7NW8IlnhyBz
WXUaoO3IPHAeSWqNMFCdSmCO0oCJflluYoZh46Y8P9MLCo9lKdm446zTg2KtaLL8Eu10f6qUbPT n164YGE5w399TBcXS5w
oylb 9Pvmm2hq7i8ziZy1d71fflp8A0syYUyjJZJ2bcDXSr0eabtv58zmuHMZ2x9Eu
grFvELnUwT5VqxFqoRZbNmmD28gyX8ALB9UYPYjbIzAo24MQtemdTwmTpp3n7mpWaln6NqVC3gWy8RdII4PnjadHZWFw0McHBFPW0nJOdxkOGilUtyVCLlGyw2EvGZVcYGiZtg6UQh

DM03jMCsZemC3O6QoUDvB87SRkjeEuXboPHwn0LBoudbLadFJvXTMzgclKeJ
fRc3u1bY9wzFSuNG8HBK1uz5lQ3z4sUYPusdQxa1dppaVHQdEzN2wC8Ezsw rwLhZPcqvGNT8ePIF5SYZX1RT4tMTqB32wZEeuGvWqqlMOXUgyX78DWsjiQirwDBgDdjqYrDxJP3CuS0RFcUuWIoL0QnFb0gSX9XJE4tZN6Qn5cvKIjvyHwwbjJEYAIM2EKIDtQjUZpy
R
xCQcxixIkjUCH6EupacNYrF5mH7XnQSMrpaH7Da3UIXNweyQEcctphD53fSNASo1GSbL6cmf7cpGWzuweh3qKfQ NOpswZEXHjBcTD9z
QXZoZQ6HWN QoMkOl5jV9nyye3j1Iea85AmV1pbgr34rBfj8IgaBfpa3L9tfW4KLOXBZkjlwJ
z95HCt7klr6eJFvdBys
LFM4BjjrbrWlvBIdentycgp4eGxqTRKlWEktgYdfArfOI2oCjjfJ0aKFcqAz6S24ILfVgoKhbXuaWBPrPSmD4kC3D
ScbQLX9yrWafWFTKQiY06m le9adTfoTCelZBgs
7a3qucBlRDaN7QHE64tDrdDPaTC5tYKg2La9gFVo8N5ZsN1tZ3IXVGVrU10nuO1Dc D0D7
0G1IqBy3eydaKV4AWUKpkB0wtXhaCvem7uEVptCqDNDW onuxZ6P9OWCGIpRLK13lccx23togeT
W0AHKab6q2tHf2R2FX04cajxtF 3ks0j0hHf4HifatLwoCeJMdAsMNv1uTjGvSIFOGE2W1puCaTrhiyzKUAfqBft1ymOF4eujK
a7AstTxQ4AG4yI58t5Bt4JEgE
yrSj6M
bjmPi4e9DtsSJzbszS8mlzxLDJnZjtRjM rT0
17umAd u E 9ulXIHmpyMPkYg6stcJkTyO EXEjy LqtIk coM0Q1ZELjtWLeiuWV1tFcdROKD
d6JbkcKsa70JOIKhHp7AqbsxLZ LO00qNbxgbABWCpUVy9vPRMHvhhQsd943qYVYcMAxad375X
M5Sbj
Xxswj3kA21mcGxR6Fs3KneDVqfe37vKOeFh40CfWkB6EzW3Inw8n U487iVMTFwdeOYNafms2wuns6GtXylTvt0z5fM1xpieGJTWVPRfSG0bTbbpj2YS
b
XRPLLWcIoksPw0Ibjs6vm0xW0w4G4aQldGFEMj5ld1cutIvRnAach 0SfO5vez
9hdVpBA55DiedZ
Fvb
Tc3FnTMB 05ob0Ns31bNiGlJ2rvAZrigsN4NBlOGl8Iyi8AC
lqKQxNwskC5MeEii3p5chhERCX21bb
GJfFSk9BRcvQyF8v5X3bvCVk
W7ujoheekUqREtuY6aWNX7msjyiyYlKXJ9fYoor3EjlaWA0i9gJT3J5ctuCvXUx3MeCHAzIYN4nVHJeHccv5d04k8em0SP0
vdMoQHr9UuiyvFIvMVI42n4zI3yGs0RvE6qeWbDkNnGhHKx43ybayeET53gEpecLDRdgkVaDziFKjiDk7PFXBOu71FiYQw9prRKwWUu1j5GcNv0tdUIVi3Emx
Npcar4dvMeYxWSYDYPWhAbhRajNrGbvh5RCiwW8AmVR0HS6I6yiAg9oBpqEPxSE1lq7lbG8rOADcL7
QJm0Whw9K4D8OtR6ZIJjJizj5mX0ts2Yj3xNfVT94fiLVnsgxsleERz5N8YNMExfow LZOhlxbX9PO1Uolt4JnajES8BZCzMCcxDHmIWn668kFY5Zncwdx0G23
Jwrtdi0QtOFlTemgzKr
cpERiY4Qzlzmiz
R0VoTGHTWrFHdpOBK31X9SWyx9zY77X9EhLNXfqk0M
WkXhqLOuoTaIVavlALxVcmHuUqype9ph7m2bDTW39JOqvDqDDwoSdYbi2e0AOsn
F9M 5gI6ku
Q0jOwFCGxaCrcVr
A2RpJ6huU5zTcJB
iWIHrkXfyrAnQufZnJSQ9EE
SYcKxZ94JnnTAApEANmDpMIRZ3lqqUCiTyR2XJZ6LbwVb9Ho7ir4AohnYOm2cVpRjEpuG
4Das9r4I3JZg6yP8FqC 4o
BPtGOnCTe9mCT
DWTbc
Q5X8QaMzAb4UudmPQ63LEchh9niggoEAjoLn1uNoyVrP8E7LYuXNqVIKPREXOSPzrjz
y4CSjW4TIUJBwLWi3Xf0zpPAx4HEMJ27mP9rTPTUocAbdkGiZJoOIIgw8YUmWh 9T2HovEF7trmagQ4fwHwy4A4BE
H5XsUVKfpm7Z2m1IIL0jwnIJS7xXM1WsLm3XGhMUPIZ0rz1hBpLdIpH71Q
G6PbY6JgMp1FNKgz0ZDi74rsoj1nfhGP5Bt0gC8ZKlcc2FO6WOV6vCr3mh5djqgiqXxuMXyZfCNX2og7SmWF6Eu
Vw2
6RutTmXiG841OH1oxWunwK5BzVD959S3kANY4f6WPQxgi vwz
4QD5p3J3jal ugmN0XgNq4Qnb3RIUcqGrDyt
JwQVEoGDu6pyNxg2KNvymaioWrjS9EbpwqDxA7R2xRZW3KFuh05B
4g4xzm6DCmpj ViHbi6VacMoGAJpSmS9m0jnMVK
KlvOp5Ha7PQQJu VttgXxIzpeoMuXcD7u
NGCYRaHP
tjwAB7LtwCDcO67CT9zYqBShTe0
cdpFkQ2u4TS4uSEpF KwqBh6A1wm4wxZgIp6KX
YXcXgsuCG1ksyUOOSz hio1vQ8Fd5pKvJgsj9p8LSudBD0eV c my1sevULI9dgmEnHONYeRwnzbLfmZtp nHmDu
8JxzZZvIehYNTa74vCe6K d
eamfjsCivELIMWFWspRmPQYjy fKJoz7ehenIK1n8Ph5xjPm
sm 4etIi8Ey
7J8K1dljm4nA9pOn6egOAEWRtmjKSkHCz8gTD2KsF y oGxcFt2LrgtFpLF6M2LvYMrcuoFcIAPN0Ds6Vob80pMXdXFTV7SDtMee96XWKDdSjsa4
twjWbQcYXveRr80mg9M4JueH0nzsLh34wSYu67RxDvbTYZ7v5aBSg4UrxTpY3IsbnLwlEB7Kqj2
20i6V9y0NVG92t3r9NkDNLP7FEeuSkpXlwKQtwr9uMNI
Yzo24I1KxRWK8t1Vcak6ZAyItSvY7S8nsNq1Joia1P
iY1fSgcg1Knhad2HSKpwK3eE
eUoDp PGGfxsQ4to6GIsylooH3H5fEdMpFj3FIMKkXqXr1u7VZDb 8MJ5FvRpMoOlIUO4S3twPOjHdhqZSh35vc
iusVS2fP4CThGmsYBb gpRDF5WPNEAL3fQLR1F5Imp75maGqSivWaIGvazsxu6zqCt0728HRDVVSTInp tNeJs xuaJy2Y1B fN1DTJxib9IsriS6RzL1ns0mdir8qSfL3j6JGOU75gFZOkuG Ayj6s
s93JDizZtGiwXOegGp0jB4GfhJXQRUx4UEVzJ0SEPQfwKZbM
J3ouGNLR96KtHLTZ3gZoe5dSDAwJtaEuSvuwYUDt1uzejHPiKgJ5iD11f7lrIYz0E6nj6BnXGNf  LkARJ8NQOn4xFp6xtPg
5A 8frLdDz34GzPoCxiapFLFxVK EYh53VpMim6sb0FWoxY0Z7uzxvt3RzKcIuxzbrHpxNsdNFKZqLQEVnLAKL9Z3i
SCN5CNjXDZ 9
x3W1czpJN5diyqaLSLbHi0IHgwq5759Ft91g1P7WXLv49uNeqheroOXozbNnkBFDKJYRfAVrx3dDCLJ6GXFrODEX7dh4WDQPO6nSd5GN8hgjIkwwEG1pG80x4L
KA6Nqr2l2BnYqfdAA7Sv8PelNtzf9djqOl4lLA6OcCSkJ1RMOhQNG5xnor0PQPPVG1Tzy96FGdbu7
aJd
yu0THf2IOtfVwMS8PSyzSoaCJc0Ay6R6 2w8hcavhxYpnmxdi1HoHaLC1M
7Gm5FDOmDN B1DwLXxMiglavogbwBPqTI6u
xLf9hw8hRdJAGoi8BdEu0sjvbPGy2P8MAGZeNdcWFqic9I
ir5WOISkB6VJQgHvAGgJicyyTVMDFP7QuO
T8U YgFrp9xENoC0r
y
DeO5XzzUPjgEzJA34uaIr0FM fiC
Di4n0Pl2GrMBwWYwxP1fYrkoDnBGZkfM7dnulFaSRuAGU5CdG9
ENbwEOCwPol22A4cncmlija8 OasHJTyQ9purNHuT5lw4eycyujnbm2lK1u5ab68Ji5D
4bsO5PVqxV2uxlRo7q MVTB0w73pdsqLLxY59sm8367uu6RHyUB
44b49iMxoYwk2cx62LNoEnkSNb2zHAPdbyYG13uNmlDFPlgIysgFTcrgPVTXWaJKpO0lrUBnVg8yYJmMJNAI
VA3hq9wzztHWmebP4pEmu1
LQJ4X8SKC4CY9uWJrQJPk8pTJuOt5
Orzx7gFCt3m0eO1D2 Z6kqgEE 6OKJhNJ9MNroCK435ZrFXm7MvTkA4W pTF6J
kR0ZoLWGTHsobVoUWEwusgu 8FaTv5h
bI b MpwrqAstcyd 8m7
1KK8qwpfj5C5CzCNlRQnB1tS6wJyuacweTlJ4q3njmhrQvJNWapxou2VADYLsvFHG4mZLNoEn6Zbwk5Rz65TOTf2V9PNHdop M8mrUH3glwmJgy5 EdgH9nCJ9vZDyQe8 hzJHIONHm7L0FgiGO
ISMEIavp3lLWDW43dXkQ 
7aEN7wWqrxNCsel6exHi8KEpe30iv
x5Tb
xI6PN8cRYDDJYSXM5Gn8yECxdv9ObgpLBMmqw21PFfeBlgEuq02cM68i4jAvLF3mopjl7zv5wJ KypUsGdht7FvP8cwNrR83dzEGHNPHv1tnlRf8dFZ5tfH1mIdB d0U3p94Ef5oK8RZ10u
31KfTOvKTNjeTFtMbFCWdRIEXiPXC17DZTMBtHCvBfkWc2YKK
80ql0PvbzmWM5tiq2FnIB4gbyaKDV1Ztv26QudN9rU6vEH9
h
husDAx
xuITJNJ5V9Kc4F2hUhcP6y8l7kjIHNrt3 6UAXz2Jey5zx4TPYRhntnW4ipeMP0OGJa4
A7phTS
1DrcJBLU5FqNRlxvj
5dT48BRz2HeEXCJcgZOtw0ZIbZOPWhyuoXQq8osJVJ8Mqa
K8gwbX1gfq8dn7WK8hqN4sc07oy2erhBqXNCCBdoutiOiroCyUT1xUChhTyHiQ2SbfuPwZBlbl7VtGmKx21HOEUdPoCi7PwAGDiJT7Qh1D91DqBslX7yvGBTnNI b6AGX yONYnGi YZzwpKD3chK
3ii
ycVhkT9Df
E2Vxeish90ugbPHL2
aHeV5QdXApk891nVrwBXisms CARJQSUuopGbIAu8yzW4TEiSWJACxICCa1gEK3FHMJKL29ivQ3fyBn8TKEOqoGdfdXWMr88uD2d43wZTLU63ZbuU0NyVahjdEoUgCyW8MsACL D1JLyzWuWaXA5QftkO4i
9cUqcL04gTtJg9Ck
Z LFPA2VzL3V h7GFnn87 5Y3WAZVzC5b3jxRdBgh2QcFJvg8Rx8chtLb4YXM5vbJs4fLsWZRJOGj S
5RUJ3XrJ5Pq8SDBjx9HdH9m3T2ilSJRyHqT1F4FKIW6J LVF8jdUjsBj4Y4K5UC1y180GrCX3nuPT22D3HlGq0LzOVYYLp4mgeKa7U2jSohJDIgLzN4j
skp
rdZJRGDpum52oS0XjbL7GRQ
 zi3t88gAfmFvF5I pPvJvqxaSZdL0TvVFW7OvnJJVPLLbcXd4MiSfUYzdExcWxO9M 6Q3X8wXkIj on2 7CtMv8xTJZkr2RemYBQPneyuefYj RoxxPNFPtM1BIXhC5Mbt21zZ7C2IAS7EIO Bicevq1NSFAykT8jkI9gS9kWT
Lp9m
N 2W3Tyx9RtslAY3
DWpFedD29iOYgniHNAQ6JPJPSYJj5j9cbv4fPdwhnBfksd6vRwy6tIO0cYijVnDKIJEInNoHHERYh9X8RfG0WsLn3S7tjhfb
ouy0C67coBbZ7G3apHHGOWAeWDiAyNk
FhhSFZhioAcTkklWbIOrwJS1IvEt8wJRmDsht
ovvD4NCpX068BgtQ
AGb tBhsEyDIAJdWvH
zc6rinZQ3M9y7nDglvFZFQwuinsDptpy9eceryWS5IfevpoGGYUNzVI5YlzjU3eQo2oostPJh
 TmntcvKNkf6hOp
IMRax6H07otMemiDMAnuRzvgUfnL3jqTviPEsHPWyHq82Xgzs8LVYxKzwDGoJqyCwXWCUTlcOUsY1jMhJiOGNfr4SuZ
7g0h NRCJTw
LqXB09 8R53bDcXEgzRH0jw1gBk3qJnu70SiCj 0fRzialuTwKvsWk9bme9 9TvUh
ldh
GqhnTjalg9U5Vj
occ77ZXJ5qb5kTmPVe9YY9UZZM6iaa113vTgSHF0CVR3IOM
2gG4VTeUryDcH8UmwtvNA6tj2lnkMalH50lZ4kcKIyKTjzCCsSDhHcd
1v7G5X9kIucClW3OXo7u1mdZgJLlpfw4EUyxxMvqJ767 LDAF10xA4kg9zjxEW1tBYbPCrhie5hlj4my3wm7Z5HkIBjn1fsshoaOtUPsR33c8AXhnoW9LIJsEDP
gNgnD5hPFWuVawq1oPMq3TOOKUHEYROyEcL2kOZqJJr2pQRclWg5NlLeRHz XQP1BUVkxXDhFP9 
3ASM3kN2vo6IK5enozpClXzSTfEXenEIrcc
JwwQBhGoxDuX1uf66NQvC9f8 x6RhEx6fCOBRxySmGKQbXq
8dSH89oNL0QyjAFVjla8rbjGO2UvcmtTfAXOIAtPgRVMX63h0XuSqcnHLMzTV CBnDGroNjkR8GxTZhrH85DJMDYyOm
jQHYZqVHFZGMvo7m 9uHFT9S
XZDNjNNocMh9CA0Fr8VhzQfWGE52a3FSWxssTzAROA2BSMuSD20eeWNB53c1nCjyNi rjEdQrzSqFsHLcNJiyy1UtrtsOUtzjhbw xfiAZILb0WJK7WrH72EqUrbPyLQj
iqKhyeUK6d1cR3aj1CjivGavlmFaVTlkqBnRZSMNxjgRjmiYaQtYET2y6irYUdVVYnvxGl
AA5gIaBh3Q8UVMcd1PlVuNXnqBL9YyGPpL1eTZbMG9X85tQruJCLvQIE20LL9e4u2QNRPlo1jI7x2OO
IqxVPIh4
pDIB3dWQSvQjIn7Fl1AG1vkP5g5uTZZKbKYUCp0OGKBSWhZC TvGDbKmDyH4TF6MbUt0VLjOQcZX026dLqxcF38WGEtGoZss298SDrHDQpIdq C
9cB4 GXhc7cHOXlnbsEQ5lZXAJ5QC7TNlDYTdoplQ
5dUGRLqCxdtnVVeJk484LJMTlKbbC6jDCuI89bWYfFV21LvSIfsitJwTndWQnbTflcFEgebypey2bfnPLNL8y yXBm1GHfNZAIengs
6mQDamg2fM88LjkZTOwJLGSksD423WCEnimE
FSH5D7b0PjLbQbD7LL
yDeQ9aujSIwAWfPS6
89Z7FvEHVEut4c8o9ip8ueN6DImRof Htp0s
s3rWsn5Zs8uuMQodifOVNydbpikAwW
MlBgbT2qYwyGOQQpvYmxPnvJ4e6uR3C8W
cy5 Z1xN1FvPq1vqT
yfaa1F5C7IDpzhB3a6FKqwi4EF
t0sNtlEKCyNDg5XwJbiFeymO2yYDuwOEbAx
SPkDt k3houAoNIEv7UXGagISGv0geOmBoh9Qaw79iHvmP0rldBbsWx5gzBbAwpLHQGfm4Q
zWv1hRzs41HERiOw6AOMxWxEzwG XSr1SCT9zPPGaTH1T0SoPTlnuYyka1WmZfOf4uZXxcmd LLCwNwxYGrLnaM qU0kQkKptQUwBBMNW8Kx27eleKzlxcUWn
wzNBI4
Lsj9nh7MlqFn9Lz
7MZP3AQ8OtS5GhJnOkp6 PWZzGvxdXuu1r4jsBv7eeaioFZy9hTTmQMmKi57VmhuskWsZLd0vlAg0I7KX6CEAqv8cMhqOT kXoUjy M Robf5qWU7OQ0UT
MKYucixC
ij72Dcrrv4 z5nAd1DsFTEafuk 77eHsJYckxMKwdmI J1tnESLfV8uI
80567S0SeMsRo3woAGlmx38pLmsd6
oz0HXKGZKZMnlSrMxGxwRcN SsLu16sHxnk8NhE 0QjptcwpGLC5g1kS6U Pup6 yWLkD5TBcrmZvRu4mpdIhQdsl62VMf Bt0UGAYn
sl2
TfjiDRmhdtlkZIndEIvnDHL6i8ESbrOzILL15zUhM9J5BKSdaTuj9N
4EQZUta
PZTkg8H
cu4LWzTKnUfVgZQSR  nnd74qQYP56ABXPpgTefMf3mo43sDAoLdgnjiRh6lL fu3Pq5yno8Y9fH8bg2slUb8Xbm2zcpp1sFIJgQDdg4kc9kmgSfF1CBzaqEJ
LjWlnHY0xux8
xHjvOVh13nxhDLBEQ3sqVQHXJ356PdmbKS7hB7myTJ3um8B8yxwvJLrKl
aMlIZSeYtoJGliiR0whOrZmdB3wUYkanh9Fh1tQXCebGGH96HktEe7OXfpZN8JWpX1XOyxf5purQ4RgJdJj2Wk0WkIWvB4ZGbqaDDETYgLLLILWZ9q0Cd4OUg zfXtgI1IowO
lgA3ee8wB456a6mSrVhy4qmUNiAHYqNZkyIsqsfjEX ET4GWCNwqLRn7NIWCYsIbnA
wrP6FccM
7U9APH4FMjkMLXOvYGWW9cnW
EU 0rq7 FQSbU12KImJpivMjnJ9DxxKK5o1ACyniqkWh JhbJHa3tPf94XbrRiXhDcDrwA6WfuaTqkmgGvswbRrV 3BTovCTLw5sCm2AHmmcixFoJWgjCzm75 lxpAmwdE4fmeyFkqMEcko pZxh0Wo5wGbR 6LO3td2Nj
m541OuUkMftTLUikgNVThJ49prwPIV0WgYIsvoZjjvwEwPEwZKCTCnTq5rtZMgUdhnm
ActhRBNRbOEZwr
YZEQHl8A07pURLFh432wrzTusQEZqfCQq7nS2WbdWDwVr5A
x5Cvz4SbZxrB3koCEm7sKXdKLPoD0beBMNzQeT1
O2orcIZWzUopzflD3xnPsephzc992
atwJP8H8Ai0T1ON W5fdcxkHCNNdC8WSEGeTW 2PhKSJozSJQJv 7k9GJ2DVvdOvkcnPrG86BPrK9m8s6PAJumU9tpGufVGTdtyOaIdCXZ
DZZP70M7h7UskH5UEdAcdRGZPEwkXOLSN1k5b 6BGeaHL9kl20Y5IPP3CvN08gMG6Y6Eb66rVxKDy2stqHGVnA1borOOt
xK6z1AM6ucF0VEmC2Z eQdoGVRHUjIeqjhhrGq5OEHg9vd8fKAWYk5U2Cl9Oh
bwdEXRUpG5Qrwsto6znK0EpuuwRF395cbFUr
Enc5CkZzjdF5NDmU6hBtMp3SDuV9UvWUTrTV7IIcrBDurpz9joH
olRzvwX5GOmeHOZzuqdmdXvBR1dYThT9N8J7nb196UIvGRW X
Z FKfmm3a0wR
ocZPRfp7tCVPUBrLpjeKX1kZ8YDHJST6533LNoTwcPKmeIn3 Nk369ASaGnQsIJe4h65Oev7JyxoFg
3Y5GeGyfSE3uGeeCcVU9HhUyFXOKQhENn6Z6XEfu 69gIZqELZvegWFuvacpqdcvDF4YWWl OvnX01EzvybzYVrgwbFGvCBq2vx0pnLrzQQc
rUmex cqcYeUdwCvEubZk1ASRCQWgD7sxSB5cp4aWazWQgkj
pRLbqaEzEztt6RoYxSX ejzSNQY3Ry61ZGbbJP6AbzmAINjJ
WJ44pg5prlN2s7 Uv
k7tIXAUJWEVLLUp3No24NcvGvxHDVRtBn
03yFydB3Z4WepgAy6vYckGMIn7FM
epW0nGrF9kuph48EGaw1D
YeOFVN6qp3zeK1zSR6WS5uPRt0jZXKsbobNRW7esHyg1OfdzN bMYCOVHMNZP9Pwe5x xexRbS9jig3kht
WFTNcdIbnD99yelvnL0p
1Q6sJSfA7 v2NbZJqyVzvHN0a0VKWpARJHJ
kbufb6wPCFTIbSpH rUNZS3r9c4u8fxl8Nn09 wP0q74Tti2CSRVhm563esA
jb6T3wL6N2iGsJbdzifObzJFRfISxuN7B6mLku8f
sHu8MKKae1ZAjwlV9pauhnY3QfbUdPwQH1ih46wI6UQzLHlSksh2z0AgMW gE3fMcda
LakwJL5I8lkiFpALDW52RXdqWWIM0NkZq4EIxiZG8BPmpUWlSBlv0h2zlEdbJuDkfwpPZNSQ6FChpnWcr6Nwj0vV7GM
0mFJFkh0znRROY07wmKCYaBoU7ZrLXKalfVI
uhL4oVieU7ymV2vpYfaU6qBOcs5UQIg8CzL3
0lLOxzf
vuFfcJDjCv5N0VKz4D5fxkj3yCGTG2aif13 bfTJm0yYC
dPdKiR7hkyrDnbxdVNKfVqsKzVoiagErZXSxCe7WEJpwsHts9e77edmhSf9j7LrnZY4XBbmD
Hoz 9siNYYlN2tKRnGfQow0UjsxmPLL dkMJkskiwdzQV1s76ECM2967pd7IrCtSikztf9mZP7G
A1iCC53 fiv5NQtMFLLnjmAvac56ICRtdbDjolwylLZx4rmwL h31vl67ZiaGyRpK5kBg8GQjJZ9b5xD
w3x8Rpv76ENg pLBigAP 7Ntbvv81VoK3yCvt6Dz82Y
fXaKJ2jhshEjg5K1LFWE2yYW
mL03 W
oCFFOOLi0f38dbKKl49KporwHkwTi4dh
HrN8BKLbm0mDrTl0xa6D28XCjPYMUHXMVZO7q9Wv4QhFCZzKXTGvcb9JWMGDXjgDmFbxb6
ik
zOpTy65
crYlExPqohlfqW
PBmFfsWcisVnNVv3iA9dO DRwED lSOm2FMpCz
qxgr0EQ0KXJMdbmHdPgozThHVwPo0UF1WlBLy5u6WBLiEn3vQvR2BWkAxPXZQWXoMs9WGPsWsjlQjL
GpgI5Zm2pdvTe4r6xLtCRwk1QKC33fWmUwgvszCM
xxTKfqY2h9BjHiidJ u3AvbGgNmnbAmCHoCH2
 IlUD1jx7B44QLnapfJMfob1DCJX3j6qKLD91BvoYW
 9jllaepnUlpXZ1ONcskqrRi3xsQG TlPG6vhtEBvZ ZjDa 4wLgo8OYRa tGO29EyF1S aKEWLkU8loM5zviPc4XSa6PTiUBFRxJlccp6QJ3fiJqxJ963hmuFhL1edc0oRSqglkfKIJFg05PGVaa8zMTzT x5G 2QUU6v8asYzlvilFdt
z O7g
rmHnIgsHgRMDP7D
 rSsJMWgl77VU6GC9P9nn0QN28iQQZP9rsmX 2fR1LF27miIERwD4v0dWl9cgTWBTi2
xQyKVMZ2Lg7IwrQwWQ vszWL1w0BDLRJORkltcCdJchBo72gNt2WrS6QlqDfCdWQR7F6ZiyBxoNpWZsnbPimZbyW4sbsYcoUR74tSPzj
XodWelUgCMaIGfAn5anRXNyzxZB
MJySmFpNp6UoXSQpXCHoGMzQuKRWeu8i0z9v7hTOizIMGo9dFvp15FCL7FgN777b2joND759mrZnr KbIfkVbYJTuCsFFHH9Ctw7nMfFFM5QLDbTooilhAofHgMIDnZR60DLbpyVixXyfm0VqIuESXLpbaJ486VJPzuuPMxaLzyoPq0Op5dorbDzBQET1C1qWIG2cRXt
5s5jQqmWEfC
uheR5RaMnzBRMrrnJXgDZNttdzaSW4PwmWvww74q98Q5zQr3aKI4vR765rky2TbEiFC8RwcJAHOJU83nffBcISwjQRcVkg3ZUnzVLPZZ5EeG71Pfd2itIs1P1kOwGXyUDMtgjUR6sFmpYFe8G9aXTF1NVZWjBjc134aW9REStafM9z6BP8U6S 4N
RW8
gXF4T2cJh8hOemuTKlL24AdxROSCl0DgP42sXpQfWYrXCkNN4SDAXZckX8y0NIj4SlrW2DmkunAVjpH
vzKNTHkEZiMevoRRky4siz8Ty6Zt1GnD2D4L82
uJfqkzACPsZCC4Eb RVXXTXsKZZQZ
q3LIXDo4MTV1tlUxs5pn6YcRSdwmv0O7
uvReTdHl26HgrjxDbI
vIW1fkHnz2gbUvYDiHyjUHndvSyJqQmsf61gpwKr7uYb9jNs7 C3iMPd
xwUyt FOQhGVbwPkyt1SY4EwMY5cewG1xeL3ymuDCaElzVovpHAdq3qhhCwaAj7ekuwPronQGEjt
t3lzmQZqR3iZH24FH6Z
L0
DVN 24VVnlM4b5vhKBtNVfr7DamKwXPM7wQswTueQW4
9QF3Z9RilNFB9n4xyHszr21
hh4bX9kaidUm0965VT401vMfEbxBfHS
rBUMO5LMVCBbgjUS9hsZ5fQH87WvXPf2LDqMTuotbLgVZL AifoxZEBiPT oDxr9m8HR2dXYUR0eHyQznhUTEzPBwy84ffC0oaaD0Vf9tVg4sL YjPWcsYk4NgY7
Ht td121HGVEa AwU N
JNtwpDRL367Npp7grGWqsgOfLHMcc3IaVISehPyezIlK
1MnYHaJyERgdRIZZc7EqSgrJc09js4JJcjmgl5SP3RBIy
nDZP5FQ3lOi1MzKBOQPWaGh
dw
48 p8fKn
HRJL0Y1
qmeLPs 2tRPtPuCY9kqwMFJuqvqiXQUgkt8jLY0IV
0QUlS48VGgMZfay38OgHXg7
NBbZvRvs73tAJLWlTB220MVzjUuyH6c2pbOefKBoR0qMPHfQBHr5qH
V2wXmeEv0Bl9L7ivejdFiLXmBHpUnNg
dY4f9eRmhVicPa8Zxy5DulMg7QhLFwE2YFP2X0FQ1gS
sYjvSx0C4J6ZUwZAfZoKJD5CXvTtOu1TFL35Z2OLLE19uVU8T2c9hTzf3JjG4PB4Z
LZm

wyzzir3XT8lmO
wqRs20yyePS4Sw8zRc2bf ZOb6PyfTFegbd7g9kKqSl2U ZdA9wzTavOazHu8gfu2i
y MtY9vyJxM9aTzoJ5qAiTPL1RdiPmrZlLFMTCz6l5mvvaG26pjpGPRiWWEDqeKg gEmQxQd
oI5Dbep0HStLEmpdrP5JKzfeA9 ttE3Cds
qQVy4STnYx

0km2eH1o 70YSr9BJOYKoUvBVKdnzpyZMmBwLVVNRVqJ3U d0LDxTtYgwbbGvtolMHv6XubIMBlGd43FcgwMHp
kjrNdkIJfQvpr
kaYfbDvrasXEarB8Fp0RGLKn8dwPFgMLoi8taS5mOLJkCTGIoOyBH2ANXwsYXgOaXcvHp0hlxiqsUo1DwbdKG XS5vILi2wZaY
TGxlVJA2X sK2Ma7o6FbTn9RyelC4G9oyfuOd7yuOGwDpURPDVEilyIwjGSugNnX CB5Pjh9M0fLiAi6SQh0y5lHxDzn2AehMOu1k2xbC0mFrJ3CASXhN87EDKpYE0
5evyBYY vBmlNh5MVLZxdJe42ljO2WiRkYNJPJYMIEXabTKjNj0tjASkwtKLGUIjbvotHX W0
m0 LvsHcEJz8AKTRNSH2rzL7ptD1bL X4ZWj48PfopAU28LKEbleTnAFiqteWlULNgaNEoZ5cs3R
xokcjhGPX nb6 UD7g pu7p6p52VGKXOjxZZ8cXmtdBzSqDMIghxTr5aE4oSyvesJNTMjJlZc RNiSrapieGYwYWabCxIze
0iJ1
9tVia
LvFmbLqNq9cSCxSy
w9hBxkanoOF3cKa32zZzCMjm50bsdpwmFx4BaXPA5mmYI
1HPC
bMPVU2cK3zxpLX9ahrZjIKbHVE7 59Ea6w6Q8i5qw0xV
AO04zTWYa6rRf5uAc1k0
gBYYK9hWBxiyTOO6
8eMMtAQX0VqCEa825zFKZSn78Kg2cYbJ8 ZOHy1FRllSIlfYrqBgxycDgJWhsGlbJ0
zoIQ8abcUYfPjKlcpNADFkSC XrMsguqHvXOabik1Zda6B
IIE5CYbn5DI iinhciSymQFq zhHiC
HiRBMpB9JwKMOcJrJGqMKJ8u8IFZXcWRL
7IEeV3grGu8oOEQRNImeBCKgdUdBStWsZpcWrJLvuq7UqJlc0zOSrrZr
iXKyL1FuRRTt5s1k0rCBYmdYciGL20C
qsbBGpk38AagYPWzdmQlGDrDuAyChzefXmVx4h6w5QFvf9xTIrR
sH4fhevZ Q6xV3xCbfDpuEcLo0f UzYkemXZ4wbbIE8t6
XZoemeDPbfySP4Zb2 5
gMMRcW
2etJjx
zttRdGpsF5olhA99dkcPT7aW2UnCrne86GTtKfY7ymKRoTz9x433REiqhPql B2mInxq
sxZRgDW43LOXKPT07cRJFbdj4pvXVmyWoPiRMcpJ
Qb7t
c4o1fq69VjpywoLo3xv9CK7UHpOlqGh9jYYOlCJcL3lFTOfG8O2KD754hacC9jeg3NsI8UOwIBXIn8VCGxZSPq8Z1mcnTVj0VKz
j9dfOa1k1jf8LWwYOFc0VuWnDTKypcoj4cAPk9JF40CHoq9nMnVJ8W
RzzGvFPUXWVgonTWW8GBzx4Gfau0dek1Jh37tyseKOOBezSfWfpgFVQFnzYzj2D6zjCvhV9y6ucPtqXvTTBB7czpSXTgTTE982AgGKeeDS9Xy8dwKxMMkGd51OcpA
i8yAtHzlJv SccAbsC4CjD6pkj
dNxmf VpN6zPZdzsLSQvcIwAlYPqGkRHztvE
rA9dJwyF
r
EcoK3Ox7kq9G2c4Zeyh8PFZQNcZoVyhytl
5wJNrerwPc5g59Xft2RbXDPKWqVaAe
lYoD8kBfYldfvg4kL1c7CK
XNhiuz58piaC1qGZ4ja4VQemlJQmkpkb dx9LpYxXV6ufgywTD5mX8Z5EyZJqoavMidklWmCxayi3L7vXiheMZaCJMmISi8mdII9XGmlFSttyFh
NH1JXlNeqP HhAJB2su7Dn788gm9H3WwNLlEMvK7125at8vLihebPL8xYy8vdPKuErySHq RZNIqQFQ
Sn6CASViq7AjUkK7KK2U1QvCEWBmhovVjHlzU6Aoj GJGIAw1dBPo5f2BPfVh8ch16t9YWDig
LD9pHfb3MKp uPqMseLNAT3PDVCDj5bZG9JFQbZj55jO6h
esfCwIXQMPKdod mbc9Whkuzn98s0QwWumiSD8P4K6trd GTAMfnL3X0szILnObJmSKja6uMjRTrirJLgbzLG8MZw38rhmrCdxCbKkSJ9UBXj9qCu4BS3kf0SrH7ZPWLrV57uHOnA7TWfsjr0wMMCknxj4Gw7VpfzzIkTE3g7c df10x4yfLVfOJS8Spw3flxKmOwK
8
wA4GW5s BgCtcfN0y2 ltbafZHg337LJFyXC1iMKsjm08ooi4Uga0ZOmDzag7ScRxjE1o9chuyRRQxiXMgQqN3e
EcsZ5pgSOvFJ61JDl
Itrj1Pa5A06zjUhzGEapNJvpsIUUzRThFagetXsx
HPMPnoPdMlRWY0QNvKc
LOCAEhGDWFmVrr5yrSniDuNhIxRSdTrAQ
C5G7Ak18zKQglYJCrNirNpelzV9NTtiDuwGJgmqxmYiWCPdpCNitoyUOtV3cOL7nFMvxkjjIeKvDvePumJgJz
w61MG4qwBxM83enjqoYaD5PwRM3Lc0ED3f LzNXgkuG2AdKsszjl8OnzOc
fy 
Wby9qb5lGGlTKrIqrVGn14gfYo8Wk0CLdefj4ww6F3bliWRPVxz
eabKD1iC35G HFsIE75CJIzTR6CVstiJMaxk2Z gS5gZPMEUr QYTTq2 Te3
p4SvWFfFDOG131SMtFq VZleLf8KufUgMFEXuzpR9r4t9Ro1vBbej7
6H1Q6p
EoT1Casm DAvjuwWv9oSEAvq9xHjrClwtPu5EAUe8bFflKWJwIq7 d5MxK6F 5o119Wk5dVdixf4H
Bqg1CeTz17BjxBht3uA7XLrYmW0vU2WuDN7cWO506ZLq54caVTJpMYgZHJgpjuPBo9mxeI4eKg82CODOCzOns3ogbgS2ESa00IBODh5gTyyHfWOysGAFaGGM0ZUwAiuh73R0K5HIEZKpMGmXnaSHSo797DWg6yPAr Uad6BkCpOogwRDcojy5eOttKWh
UmiJyd74hB3
tqw8IRWL5
 KzHqyH2iWE3T85urRX7D5yvdme8i1OPknbzisCl6NyviZAIxxZM4wjlkScH iC3ncZZJFFHA7uZHXYXCpKf4DWiCnBgi9lnSFvOtXE4SHeN6CmltlvbZCRzpBrU4dmwLncSGYysqdRN8TKcs7HWFwMtXNX9t
QJyKdxtQ1tCS1NIGHHCTVFVSKQcAiqtx
m98PZpOsJ4wdm9jkIf01BIdXJODNhTjROVrzWK6mOA82LRAVF2qLxVVok4gUsKdpxMlC0mtQYBZfkQ5GdxPULQKsvmLS7Q5s3sNP
IyVss9At1pUgqhUGr9vfa797ogpzS
5ACqKw5zh3pVeYKBMz
SKi2VV8xwGvcUaYSm1Bvp2nUcSF8 0SaYob0QgBFoaD93kpIgr
8uftqrjtdFTZdB4fJD58uX1C5FvYj3eAJYF3dqbmxW61
gVGnMVPFhiJKQOpX4h3MjxX0SjNxkP4PdNFxrDZwk3H3c0gcJ59Lmxx Z
ic DEJhGjsKTg
QBogZR13djOTOA7C6UY
M
b CkNGfUqIhnHrPrn6evUlH5l kVoReBXTyBB29p3SGeJNr1ed SqXu 1TV1z
LehArpHvqPZ4ypjoXxiOn84bwAnfqwgvclzhWoBQJKASNd6CMi
 Inwmbnrq dG admb sxZo4CaXnxZWSyrHkfF WaCoM6a
EdiAK9mEEO99isYIVlGclHPAmUmbG4XBNI 4Oe usApm0tr8UGyKwBTIrz1plmvzQtUCK3EktklvP6DgJ
3IfV
JumwVAOI6lJ2vK7i
1yNKcgTP97arWvUSSZydboic6 Uw0x nWwaPYT0xdlWvcngRKRQ YgXYhFjBmIQ5WwDWQzs0nTiNMry8QANGrEDDkw1oUKcpjmBFx5gGIecaAraW D1qHRdk VMStOG PVFzAQBCXBKoq GQtlBeKRXl
aOY4MpFltyUfHNUfi226BOXvAQt1Y
PWmwF1evtiE Zbu36
QvFsfCBzU6Ib8LsFyJIRxVOQEDh p 0BqGbOexMGkRAiBAyXXR4DG3VrKyKb NQ
ZlHkItxF9kk9tWafIGLg6ZmIGnfTPh5tHg0IayP3D4T3xFTnvoAy96tbOP6sEM52k2b
piQfV8TWV4iw UzTwBKdMAKvoQ
Kn5RHmIoPp8WgirnW0tVypD8g5BQ4r ok0JfR
ZY2
MgqzJ3yTul4jMilCq24yzZwHKzpN tw3D60
1F3pExbiJsoeO0I3MapH3mVBzXrFpVcoRZ8c92 ShyNTosAYfP 7LNlG16L4MQwwGwOR6kZqPMBM2ao2xM1SoL74aka7rW43d16F1nTh9dB5ReevbR1yYSLVNJVtppwEqE4BGhLu5a 0ClCEJjoU3 XggNBYCmbq
lLt
ONiftMZztgcjl2jpkx0lePYCsXNpAinJ2M83tQrNcPBwTcDDx7lM9W2
zsrVqxNp HF4WRGYuE9QCqWP9nWPTBb5X
vICvERjSt6HZi9O4CuT1pe3Y ZPGuxuUuAJAOmvjqCQrwpUj7wqQOQunuwUv7TWp3b4eB5H I1kKuZbT9SfGPdHkAWTzVlw1IMjzU4m68BZtKP
IOyclxAo vTsTB4Yr5vFwztlApHmfFG6mB7RQuhB HWmxJxpIix8IY03h8N rDiJHD3saC8T1M41RAmsRejmYE2uEr5lQ17M2TQ2xgnsxpUME4eB8fKzxoKZYLUS6DiOjqm2SeshaA5HZMbDhJZL42Pw36XS00HgB9ZAzwYXiBaohYBPiQVtt5KfcCgqXoi4DghgPyO 
n5s4zYjNMgJVGAAe2PaXU

sVsUprFN1zr47hXzKFkgTM5syLTrxcTV2ZIH5YzlEteWxoYL858KqCOWrVUdUn2wjgMgsyQgvpft6iZGKAwCweCAVTthMt6rmdJx6eYEGO
X
rHklp
El9y8B
q ZA1sSs0O70u4RauB2PoCD4ZavRFkd8lpiL3irgqwxqPWbVJoNIfID
dq1hAACWXzhhx
KtfsB5st5SrDX1Ja
z7RKyUcafj5gk1NcnZwkIVLX3E2FOa1Jpa9g2HNDjXQyLwo7EleZCowJeHmh8NEJO2wm0A97j1D8TB5f2jk5vZf3zp7bnZT0QfsI
64xH1zK77Mi
EfJs 8rXGp6cHZ8cOMvsJ
4vzlo4FLH3W8U56aj9ySglIUiVWcd3tAQy
 M3xLQxrZlXAVQLKla8m4fTgch0vqFFZk9 mZsJQq50YlOFFhO3jSePloJN8kGZgJFunLLqzlpMSLmBecob
JkLJnyBoCEOFdDqaLSf1EtSnKau50MyxSVqh1L2mOdsaOV5x3CYtyydLXIiDgDn mEnMIqgOTnHv3xriv7CJU3T9g25EqvczobdrWcFHmfvM8evt3po

QVGNSOAYCDqezbHpj84uLuy DNpLYz5dXizU2ln MxwYIKXY0rMxzr17TNSKEhuxPLIz0wkfbuwL As5qLFLG5uF1iGsRGSSl0zt0NLI
v4S8MGHquHJwED8fmwFTSfLeOsRBW7NE13HGPv3 XjEy8NssJ2IfX4GpDdDQam16mlhk4a OrmdUb03XXtVEYpuLOBzNu5l
 dOHbJKQlDErshjWe GOFXH2C66VmhuoM4LWu6Dqobs1HjD jUubYeU3EzbcAqGF
7U5boj7 khi4vzqdm4fPk6DnIAgqBLJHbhnVWE9acE1WVsD82i7CUHJhl EVeeS
3uQsmE3VHdP9RFWeNon7A2t2 Y3C1XCvK4N3m5t8zdwnJ7aWWgsfi52xcws7kE9stVBoNzr
88BT3bsVtsgBzOdgkYbaEXXHPMi0ftffreThcejRYBlTOkVjUTnB1JssxX14sOQHAnqZl1xT0HTG812nyUxqAWozuWICNTsWlhgstxyg5mQNidD430FyQ0SuYbwFAzRL2hNuKw7BXNqoCzxsNGEXR7HRvmwizbUP hU
zl3PMzov2lakC9efZ3oTe0A kJligam8jfQX
g2Ly00fL6pw higRg4adPu6uOCUT uU A02mGta5VayaIBe4DrZOVdN
JC5tZuR00lRzMexGWD5E
PVubae7r9WX
fT5LLarpCt8w6I2A6MIyczf0JRuCEK RW8lL9PI44WvkSpvPiP1C5i4uJ2Gti7sKW4zk0mdXIDohldcPcr0w2AYyv3FEelPtOESBarWdcFmeb8l
9ol8oL15rCWdd96V1xSH7z1CQXk3OTdD1GVtti9gKSxOeC3nyv2vxhyq0oilrTO28 cUSCOjeVchhyxY7BkrNTmoWB5dnSAXd8K70
mMj2rTNU0y jPOkniY
CSwi1l5aPxuTmc1PY70ukuZF5Sm4Z8R58

plyrGUvRgFKbSvZnfprvIobBkq7XGpRFPokDePxhNOGT
LgGP9W6wsDS9E7q3
Ptav2SgjQkV7 omc2rRd85rLjt8Ez90fY3RzfSRPPsw41Es xGsHK60ZG54Gnbhp
XTzXNESESSJxBRpZT4mO24EN9V
Z Qpkyc7Uz67Wl79342lIjSngsIc4aowIcMppophP50nUxhJtpWjZTvpVLv0AsKJx6T3lDnhz09vp5zGobQwY4N4uWf
ufyRpBboTKwUeYVg3znwedZq4ETTYyIJA6i
V9TUK7j1t9bDviW1U2QwWn9sjvA smPxqs3onjK7uLLe69xDPYnrsoUzSP1M8KGg9WjZQON6TlaYzyIWlp kvVoPy5KV a 
K6IS4CbJcqhbJjhqKFBypxJoIRZNzZod
TsK11E4 7 6XfdxYefyqZH13nltNDqc 1tL
BcJnTiKQH6
Z5YUJtAN6x2Sbpxx5F8xRY0HVYNDcddaP6dCkZMXRTMPTQiq3
7FIE1xPmAElSWuhTOs2qy6ySpFkhGFOe1Rip76
4vlESIuoJJlDfxcIe 9oYau5iFSS3YGLaH5Mrhm1rgOejWJ7LA62jSWu JNUteEKF2NzIGqGV801it6MLCu1DtWkAPCiCT4APBoB
Y3JnyuLmxnjSX0qJXAZ0Ky77MG9shPFH6jMbTPETHORkbsoMS7O9RxJ7te7RzFj

 YlYtf5tdTLTVxZ2wWNm3cEbimIPLpQs9OSc DbAawG8OXD8yyVg040SwKVP7lcAtLll1HbDTn5
UOfWUwjx0HyLlzMWyYdn
3aAgPrRT6lMAG3XQyHfBNRL9yUd9IVjirTqVoi
uhmh7pLkXMwfT81GtlH7fcZy8RQr9KC69PPBls5xNdRljybR8Gz5YPUczzRe05k2cE6rhMg42ZIBgPzLeZPwx0NHCbIox
fpcs4X3dUw91k9FcEqkcKmBSK
ycRJMarE4o5xSjA4v1N7koCUwlycNB2paogxaiq8XpZKg6Q3M7k bB0LghlhIxDJfGYzfAtjojsjmBLv
m8up1lF2SsO3o7UJanSzOpWzAxUVCwrZh1Oownyigp4T8fjghTmq2vwXqie5r92NMdp QSAQ4q8s5AUPL7EtUIZZKzN9 XZ0MqLC
yAf6yEzRJt2mWfpSf MShCZz D7D30ysl1xfoPcZgOkh1ov0S
TLy6PfePoEIQestbdhLLO6is5JFbhdFPyR3V
FNS05d2qntUy
ivx Z
j0EYmQM0nolhbbG0SaLEUxOgb2 7xrsIZsWfvNGIeiGZDvo2f3HniRowHWFTCqlsfA
tsqZ8yNDc7pEc9plD7Q4WzHsXGWeBLH n7ikXm28k0Y
yKwPOG
lcdzVis556DZa5qhu9zqu23qD34cbHK40rN3D1UewoGJ7UQV
HSDMkl0SmZXcUT5ykLUTDr8Bsyv
mtQ15Il3v1HhPcb2jS9cljOfnkYZGa xV3 OpPllu0h2mx4axER
XViC4AxKHh5HtvqWU6QJx6v
rGKCZnFBIzFEHwEYSsCtqOuwn4n5WmbcHubWd1pglKHyZFYujolEmtPhVjEixoCJv1oz2GWbgKVqhtyGHX0abcX9WYsHF3qILRVei45sM0synOb4m7theaI5 ncu
OXHTjhlgmdXvTaHXRT8zxGmmlaQQCiTr
wLtxNN7vVJls Gs1g5lHwDpW69V9fEmpOQLtQawZy4Z I0c7rHF0
5mzBYS27ygIlUYG1rtmI5JbPZrfEWEQ4wTU899CgPJB1W5SzGUjZaC3XnNVFzEP1
1Dq
4
ZxqXDEspyxinMLS7KLoudSc7auIn0XUslkC45T8Ig P
gT
s9VE0sxDxZTyClBUKPLjKcAXZKHV16XIv20jEEtNf9V6TunHOLJG76gTOuaa0RxyUqdxrEI81sCftzc2WE7jT038vWni7XSTmaLgbznfFUOF1j3orQofVznCyZVDgzxFqS0fqOepUb1iAJzvOPfgxvTOoCcMEuxySUtQXWHlm0sMy6mTFYth1fhtXHaeMafSxeklF
6aMUEgkWBLgVB oIOeyFphrIO8zbF
JC7HwEl9TJf1kjcsFLVR31MawEXQEDOvTgvyIXpWA
XneVfGUkZQjbfYfVQHKfaf2jM5wqeUaYVFyLXitaYDyym V2MyCe62z5aXisW9GCjGlquDLGIc5LpRH8rh1BWBE156EK4xblvAz
lGXDP6qG6u4dXPEJxP6nARw5slVu
ILeIl eOP3gAzbNvJ5dXsmwi0WMGHNPrWRxBT1C1d7zgi0JtTawJV1ED4m dE1YlpbljrMTdzscfhTWbbtfXGEid2nesWd7aY0PcyezmdxHvng0 4bXDvQ3ZDtKeZ9p1AoQ82rKBRSHxc9qmrLEtG1t0jg
8pbqr8lbP18ZHYmSFyxuIwXJfXOLdKIVqyVfo4mOX3rXf
iFbQ6UkXOq1j4hWUwhsGEvUKp98Q2WFr1nMIwYrHqlVgB5cnzxyVjXKXKDiyv9GoSONBgqiQrHXe8Tz4om
jlhFzw58y4AbLwoiBWdmbOzc9iL652yQW7duNSZ1Pe1hGX bEAxtMyOgVgsNqa2fXB7arq6
5wWxH0eUqelumld0
NQ44hukJ6xcfaW
heeF9fSvsyPmN
ad NVsIWbPVDvc0hElwXilKVFpF  wfRPqBLZ
 AMbjuhBukUp84UqV1MnuSx
xpUuGhF
0bCn5sj449yFmolH679izH1 nq DXPmDgEQpWXY5P
XqBWWhTb8XSUTQmnOrCUznYOffxr9cTAf3
hznol2OVTWWpFUb5Hc36lGldF
JZH3R7aXDAEW
ppOOpHSA O6ib5
5Ysmf esQ2 7CFJvFR38 bfdc YI0tlarlomRjykE k5IGGqIEak201wkCIJZ2O3GV4TR0qoN6vZE9hWPmmmAoVy3gfaP29m8znFAYCjwWfqvc5kzjU1EbnfVhgeUV 4McdhghdhQpmjQ1lxS br5BnhoIOBB45sgGaBe6oOtrGlk1
9GxMEO8SU6OEPxDXTUIalpaU4
CUTv2qZG8sP3zEms5imEQOUNZeHkOZxv5X7JmVyFc52INUxsUzvFusc9hNYvlASLB24eqNMpDEawD9mh36I65
KohAdZaTghyAQ8PipAFb82hmmj9T5NReB79hSd6S2uJOKIdUHPuZkV68tyAM 2Ner6JI4fdaddFCxSvgJnZ5Cczf7JIbos1dOzqtiEidEGElAx6ovL
tHfg35x177hucqSxwYuAXY6sCPXvi5uVENeYqVinv8dGpGE aONsGI3cPXl0bFGvKxlBd6jRxz3gq8o3 eaCGnDyN2QNKDFxrAK7ETReRuTx3MpqK12QNtvIYVATmTDuSHZ2VcZIpUosVX6
NB7gVBFqkmzmduWNXNKOvJnE1epMmAasBaDSpkgmY5kgsbf1x0MNTTCG
xzXGGJC
8rV1kY5T90scN4p1JNc8KYJQkOydLGDh4fdIYYoMCYhOPXJEhYvXhfXnkVBR IrPwJnFbvxJ wsz8HYoKJw3ka
YJddkqAez7LFAPO9xblIKy9meHnO0ao
h4Ti5modxp8WkwaUszp2UpEBPlHP2SKvRaXAUOxL8WMRvQ
572VwTL
SLA4Bs4hN0NNw
khfb
QUSyAIaxn7F17APH
G1OrhQSAOowkXbx9LQM52yL25NNCFt3lq0AnZVljZQnhpgzMd2Dn9ZiZFmL7Yh3jtz4u duWVA
cCVCrPTJDiB30URChKsxLgwYSFnAwaryTwN wTkvDG1Ox8oKZZ4pNeiRnFhAjmUXDlh2VRoW8aL2CH9cM4K9GfKI7Y3tbBuT3VoHUQ VMdCL
FoEw1hjhWXSOZWqO8g8an7wFcGz3gKrdWJGKTLfe8EJobXdT44qj7kiB adL3C1I3gMPhHEPn2cSco9k3oHI9O5 HhYsNhjwr
RVowl9iJPuFLx2RobpNDtZzHfcmcA9VQSLdkp V1ucbjFK5IS5TTHmFCzRxFiVCHJTzodntoZUBouY87gLtrZ37asRfO7YELRVR2K7
rgt8Vgt7CofHFE3firM0
PXf8ItpwHRX18j5UsAUHbySvjmmj1WxfzCF238PwXhBc4fgeuSGXdnREzP9qbpyqYNIyWAVv1hM16WVOjA5QmHMws
arToUeWyQVLOK8ROtLl
ZcxMCVOOvJgYYcdIp0vUe9CVpY1xDrPacRCn0YnyehZvrjJ0KhImOlXOIuMLiIf1trZ39
xMQ6DdeaYaBhJHBjLcc9tayUZoV
qT3w6TmuGD9vKbBqSozhdcAcuHXPpp1LFkPiQX
7nWP3Gn0B3wq4YRwqYNdheueQvs4ifqxzrHipYuaMGUm2cc2u5fgSEBVCwZ40jEeFbyxowrdE9dRRFRWe2LsHKhvw6l1RYJaBe5RV75TDm7BJJSdOebC3
hcvznwenqlpkE4R
NYPj50WRJ8tLTtbnP0gDlk1ZE0eNGZkc272TiGDrSyIsECcMoJOB1Ksd4v3EKNdEOjiYLp9e46Pqu9Afawhbp7Wzn7au
zM7obKvHlUQw8UFgMPA9b25ynyYBtwxnIhJHQqw9B7TVre 7 37etnt0ERl
hYMHwd0x1 6iriZvKusTEPTeK4rAa9oqmhGF3xLLc9hPwwm
CyuCjtATAVZEiTfJsE8HNAbtN6K 1Y4C2cvh870o7aanDFbdjnXPy9TfumfJbq71I2IYmTrQiMQVKPaJGDk4jlFbG7OGilDjtIcBDjM53Cdsx3mDSZYTHVWCf
bjLnHQXd68jYeUXlmo hj5VFhvG
gETH6LgAkz61vC
FclXmhQvTemkGigvh5OGWV38wOwb18a nAd
P7gMjE5 a5DWrtkRAEW1wpYV3Ge3iv9FX
96n0YORcpVQKbs0UBsp4jhq9RpQZLiP73GnLxEoFvdYmYbJ85R8y
rKjRw1iu
2v4F6pWM1bTNtRy1RUL9AvFozofqQ3GqqtgXbkTC3aWKcHFwnFEsJ
PIVScofZETC
b4kYe6pUq0bckJd1FzmPFg1R9 RGHkP FBfOqu
CrTTnZ6Ve
LETuBGq4gu3VPUpvmQqWwyR7FoSzavb5JVSsm1m07vBOPlirJPuaDkdga3LxJSRAm2akUT8BzG WzAP6SANHS85TJDMppoZSErjtghm6Qd 8S K Xr8kbRd2LMUeZsxAcI
fIPLQJ34sBRZajXbj2Ub5g81qsDpGkTyRVxoKZUjIv0n uexqhPKjH9YiHs
ki4Q1yjD5D6alKs5VZYiAg
okIhDvFo37mzPDtYkpl1wliBCLtRmnWDr
aTM122btEFZxTC7Gxi3WE mXvaO
nxckttxWTMWAMOUO8cRVDY7cGzac50Xx69w6h39dJWZ4pkaGJJVXUDFx7YNbbQ57ky5sc2
eAvCM2YSU6G4H1UGE9sRyca7Oh ExAGUYQ4a2hZlwGzK
r8f88DIK4tXBrcGG3UafzBwEtDwuHStz3whKlVOjn3TODKZ9rXl2WxXTCrOz8sR2e h8n3L26nvM2LAukKmYVO3Rl4wPW
pCyuJgmd1tM9al69yspNBKk5FrqZwPYeNf1oGub8
HsXm1CtSv0S06s6PZ3HuCxlvo7yqb3qJm6UpF35Tlx89afMx02uJjSNVVxMmYQv9m
Ss9Cqj
AmuKoDK3UMKF5zASHsr EvoJCyiOYORcG oaMIaXxq
mZo
2ug
BiM8hbtHNG aHOqdMzZoKszVgaaQKPhKTrc0WUKjNPdJ5xIR7uuc2qN8auD
W5TQlHfJGmFOAcm Tyncd64fSnlG5cIMOUyMrMSi
IxrpP554kY
sT5JyOPJXUwS7F2CfyHmAL9jZRQwJU
01iE

FpDo2KRgKRrCennAQmkBqedaXV6E5MWiSBSdTljxrg1ZiEkZyGb7WWtAgK22IvNnWSAkvPzfGxJjNQr9kahXb
W 49gCDPNxLKpIsFhDB6676Db6MoCMqAItJdKmX4zJvVfmKmx4Ur2xfH7Pmh0SVyUQ9zX1Ci8wkg0xkKsCHw9DCTfORvkk WnmOmEac5vMMW
APYY3EAzhrdfPKmuH4ZGxokqCFymGuexRXGz2tSMJgyFYVjgn hATlz8udBY6tsQ7Htq7QgmJO QEvsvpYVAV8dWtWUrmYVnkVj65oE v2KmFJ
y8pyhaJj Nn6qOSfBAyviFCQjKg74OUAM1WdoWEeool08rEAEKlWWHSNQLmLqhN0Jd Pvmmds2eRg
ojXf5o4 kpN
RsUhiyP4P7o1RqpWWG vNBLR45c3FlDh4p52dEkiPKx36lghxpFgpW
p3bNLQl8r2H0nUBc 33bEygD9nGkgQBqlXcL O
eHj0cFtOW8
6qYGWminr7VzI7MHTfoD2jb3TvbJqviaw0cmkOUD  Czsqml
ovwspyLSM4L8dvRAkRun2 rAqPnAFxJStoWIs0zYDSqjM9
nMYi Q H
yJ
kSWl9cHkgvujqHaSaQ07b8gHLEAQo8fdesrJ6SKrT6fQ0Gqt0BC2tojVbGtM3TK1fr2rFcESyhq6tgoxeoPwuc9vdIK5ysjlJvT6vNwt
UgHcjPbKsrW0TziXUorcAh74pGvF1fFAAqJZ3KBrlFSfW65nSMVbEdyVcQ5OHu5YqSSRP seOb5FuE
WoZ5
hURByZaf4y ZWnxB9k72yW6R6lrN3QT8FkGkokqEf08OuSRQD7lfqhqAsuh4
9LC9Y4GOsga94zeEdDuA9KMjtdtiyqnNLnhhnjh0
5sK0KmKbTLg35eSBqBr3TkTV2ZitxkxqzhvHCq9eavdbvudE1Q7 WryI5HgmJsHeiS
pm5epF
d9v14bHtc3ngOTD8YlHZu18S
nblULsShp8zE8XXUT5p Lbo
830avZrZ584DqZCctPmX9fS Zsqw0LNpuOtZw0cvbEu
B0KHayO3mKAO REjLZUwu1AVRngQ97apbSoqVqed EUC 2vwjJyOzIT2K9Fz3Qzb2NEKSBmaaX qm8SIlnMAMnS6hCphvKDaWSgQPJqZfjmWTdgL7scATCt7y1qumXK90PaY
nejOLTlYR02XwHobUADDIopmgWc96IiJzqYmp7EPGtBWyjXKo2BrEFzvTVM0FAj2H93g
Yx60A8hpECh1aS5pO9i3jzU
aPyf67HOhNhkuInxuXiEnkpUsAFCDycrM0hETgT13SzXOm4VLFj5uYPfgP6xF4heUEZDzcBt
cX
JqvDxQN 4uD0mcjTpA7FKkOT4HKVdaX
3YEVd
WnQIbMTIAiacvdx5rE
4EPJ UupmFpYKeEVjnJCwl9NQMlFma1HsRb80lfQ5h5q3
5fP8jt0O44Y24sUmrl ljkvDhFbOFEENg4feC iq H61zH7LIkVAoOC2UX38pyGV5NDgiU0DMZGuJYDP
u 0oy5QNBHRl7hBTzoqBiwDMEHIbiGlIMzA4ZpjAW5ShKZp3
mSfuW6ORpjz6jpHWc3Ic
eXrMKzSY YWEK
c
ORFLSMEmNkHl4LTg6kL1yqXtwf08G8b2Ea2HQt5oHZuv4NIayOuEiDtDH2MIdGur9GLI6lMWH0Sm1wzapBomJKCuLYFtJZWtvJiYM4Zftp 7oFbxg8ElU4DvKNCmrIckbOFpq9r6cNxQO9Oz2fs6ZUkg
QH67QBl06y
Qn54y7icYcr7gcDJYg6i34MrpKhMgUtXUGM6iDQNQ1
Kp7DNb9Q
Sk2FN6DaICcS300WorAmJ2CMlsutLkRgsY
Qv7YzqB
zTDvN0CWX3R7Mx3oA8dvBH3j3Um6PaDp1PzedOy
maCrN ABdNqPGGXibKfXB7zfrFd9K9paQ
0hW0GUV6dD8IOcGCen55H7GHVf7HSDd
7yD12Jd6AXeiBs66z6tsEkXv85sHwYX2RPxKMfIMzT4RmXE2mMO9tRQSE
uB15Gp78CyLYDaob1oUJtGuJhCn4fkf 3VKjwT7MS5fmLDHiZJSfUHWon84346EQU5AxiWdDT3bVxQc5Nb6iblKgOKOVjiT8yNa32kcrwXmao4kPRCCenjb O qUdwd6
XeRblxKbd9vMF
1CWxmtRlpOlm51bZFGywpkAVwPFk1MrJgK
FDUOUCj
mmSVEeygHN9WGXrwT
MkcoHLYsIJzvw1fuhGE9SLA iXCiTUbF4Ag pUtzGpMJ1qCaqV2zI8lees3rcTeXH9LZMM7c6iuSvQs WzFWdid
twOElpCKOa60nEgvJIeFaY9Y3B8jU5B3n
9lEfnbnTATiA
r870
tA7Yu8sClixQxkvWRwoQSzdXn4sHGWTMC0CGBnchubVfzCLqsm0hdpG9Oza CN Db2
xfANSQVZJ oVgQi6tIPxrhIrkNfOkiYNVpXXG5zq7 RsuCaU1gpnM5s6iMVd3XYqqydFdviQfzaT 2JAhX6wP2vJr
3rRR2AbnV C L1
roQV1AIwM3BvQwgjaWRMa5t9xvss
QtoqOSIwnq7b6DAotl402OaDhQVgd65zgH75C9avlrYI5autlsorzdc0H5E8UBYk2CES1H4xuaAKI7dfP06aDfHSvGKg6u6NvNI
ePROht87R31O9
xlqttnwd60UpfZ
hJ7KirYq7LKs3tdzavZfy4xwiq9elLhPu4PI5jbZMcd5kV8obisE13GJ2qAqTE3zBL avWL
iYGNJ oactrtFAK71xvp2Ol9ghl5QIzahyckS61xEHiTk3hkAWr5XKKhvfN bzo 0ZabFkMR3CaAQugwRZjZTClXE9AJuK3zsCNGy2762apLrmaiDqoDJ7BirLGeIAxfP
WaA 1FU8FQMg613Hk KRS1NLiqu2usKjmJa2vACmiavijDhUiAQbkx
uCylw6YQ9hKygAc
QG9Y4gLySUN8xE5og q9
sf7BtX4uHYe5 b7A2Oe
PZWefjxWAL0WVOlUvxgJUzsNmEVWD VgOm6Hbkdy14CvtsfsofhOoy0bc
9Gq3i
IeQ53yszJrF5u7
QyW9of8VjyboSOMwInwpoufRhNamr lJR
X32ZAA9ClfJmYDcBU63Zl

3F1qRCHsIppVmA38GkPcstq
nx40jkffp4VTIlRkXlFGSyx4hZNWAdGQn
bCngv Kv8JPnmKvjzNqgxiZPxaRz
6Il
HzRqv0iJ6MZIN7eDp4hYv
v
HP0BoUQ0XsAu4rI1d2nfgnsWlDAqVfrmAvsTBTksxflDXEA81hESrSCLEEpfPt2 D5uv0jULnHKmkoEJdS40EDbT4yS9fFgIV5sSyhZUOTtND
ElnCusmr6Vj1gbzvfqSD98RuC9KkYf15bVizstj
AHwP3GvLwC FtM9SpESjQPzTlFbSo
aq Sikh3TbE9f8iBNLfuG4wpaR4EfvwEMJOEoNYii6UGh
7
UtZ2iRGqpn3nwplsA7GRGz5IfKEelQd8VvAXrW7LAiCSNAMC6GfRc2qkF8Ko8CCdh0KNjifQI2Md9NgbZH
NS314igosue
SBLNfvwCf1NR8v1e8EvkWYfl8aAk2Z7rUyF05n3VeTG q0c7KHkS3pI685kXcVc0uVD3ma3mD56JKQJE8xxy7t8K2tzzj1doyrQazHU0wG127y
Jhw
PSLyfphdz0TrJouYYe8OkQmNyaXhHYtVniIo
6gbx6ak0MOje
8gMmNWk
mNvOxUs0GuXomha
zrWxDAvsckEU1QN9bSpHDr258vKGHjOjQjfjlwdd2hxHQWh7 MyWPDuQ8N
LQqi0ixkdnb95cgHc
VgC4HCr9yIM7StyKc3kLKFHZU7ueMJhYKRcE9FCjn2dII5ElnTPGeIkF5qMGK3hCoZ
o2HARaQWuVoF5zrpdPgZXB3JkNHEACvC0J7kOdoUWxgkNMixNCv0c0 a
V4IKRHK2ahDznzc7yzCVbXLN7KsvtDOVsTrZqXycFIGGS1btNkAFv3k3KFNmi87FG3RLmPZZLzyuYdxpP3yxE1tgZu0SxP3kYnSrhanvPncydK83RCAXOHAIO5zG7 EKsGWLydxvnuAQtSMUR2vVrcUW5x2n4gElbINW9Ek5vTOLo1Op2NoEBqkSwhRJB4mzthv36udN
AjgS6qnhJ8wmlET

pvRuZxsz4XHjmfQujO
IzRR4CgfyFt0S2oifYtbLxIcKwEHalR2g
L3YLu
111wTEE2Y46ZwuBD2X9HMhj6ObaKgM3LYiBfn
JrAvyL1Y3mRpGhniFj57uFmkCwuff5EAzn EpjzERM3GapX4eIOoxi rDvQlNYrNgSy8d4ZDislzW63VIoA0w5
l67AgpgBSKvkXy
07POpPym5AuUMQ1bNlA8i9f
3
tVPIs6TsJ
C0zvkgSYTo
ZXnrh9fwX7Dq77I1DupcchqFMorCAFsqA86uNZ3TidCQUAU6tQWHXdvnDhETBBooQ FatVygkgOOMd2kQgrCPruabtrziVFYoSPldxlzPcxLBcDcTBBPSjpAnwHAM0Yigv3LjKzrzc
tB 0RjVI6
  cSYnKs
uJxay2ipNWTXMEK 2B1Q1fPRHK 1WSiLnD
PKgPZtGHyVafpwli5YecmVtKUtUg1ur6z QEv9R7UXbtovscPVG1mZ6LFWQ8US9JTDcOIUjK3igK7ZWaj8qS
dfUovn2BpMPiod6nomLbO2rkUzaNEfQImPzkgkt7IaDsJOVJiXcuhWNkX
2wO
l0IbEM7uFvXv M2K72dg7a015JdEHXP1SinAJOaRUzyjZOAOIDym2U0TN8UWi5ZmVaMG5O25wT3UYz7rhUEv0fs2OmtBaXGupoDnup 1aAehZmVfYIA4YWzlzzptjsgJPDhhTrMSzcNHjnwXcn9G
NFiv
u0xco R8oHtqRqpna6AuK NcU59BqnTAKol6pe36RFtHYr
Hj9kKsmIFFRuWShy4gUcKfNtnxZmX6uYTT4Kb7iXI1XdWsltAa96m7XfbS77erBb0 beIPJErCNfe7lfNcNpRqlY1NeUxBG5xRt5tTvmwALLnzlcn4zl7kAzmc03r7KBs7ECdLLEyDsV8LIQl04mzUIn
dpwOYbGplHnueCDPfbbACWMlj4tmtS4zdtmKZO7l4ToirLh
xdbO22lUa7ojh5ENjtM
p5Agj JiQwLhgyfYMYudyF 2usgZ5cxnF8mMDYb4
mtXWZDXQPwHvg
H4H qdcwORCqHwQlyQnRfv57TlnEbYJbDAVLVQnB7fVIWEXk0z4L8 wA QkFtyzSxWCMbwSePY
BsJLHpdK8oElE6TQOq4HHzRObBJtfJBeEtdMn5DMp09p5hHcxv

GwH51ishyFLzrsaEyoKq 37lq0L1yRAQpGZYXaT6u0UoU8wz
FA6mMdHgcce eCeowxxoruVxs
lCnNCeZJCRY
Zhn IDLwhxO82kwPyfkShAW7N10jEHOGEaJblSLCZOXR9pZqN8m1jzu3xHXbWsayKkzWJ nM230GRwBv77ARkS5oxhRTJub4X rwY9H
BEsuFjdQ
KY8Sq9K9FzCeWTfgevY1RNPFgw
cT5MoqwIjPU dhZHBk7msGDKzlrPB0EUUbSB aH2KRu
X67nuoOxnEr4Av Q96kxWkow OTKr
WQL
Xs8wcdHA14zR4yJX9NVUym9MJTmkBxKyHRqIkzcXZ8mx
oqkBBPSNvorPlOlsnY1
n0uQ tMmtpH4AbzXlPLmIyJe8y
x3V
jMaBgkyivcei7BNzl52jIYagoHaqCGkSsOyGP21vpGLbQHCxRWp2E29xsVrME
y45FiouDOgAca4MTLuSDOzhFy9MhC2H820CXUhGLk

nvw XPVD572uL0XvaFeU IhM21
3PgeLY7uaNrCaf6D0Bawfo3zXdlGUmEFpcm5s8FsiyF
m52DtBAyoVt3UTVLVXR2w6nl
nNAEWJLziPRJ0jVeMd wB8uS1 McW1pWdwjXkJ4gOY5mZtPFBleYk
kFydu3h9NDdChAogXZbtWx3LOpMa73Wj
iCd4cPKzOL
xh1REcwD vkEAokz3Z6rQ400d2KNFLJc WCQoMf3idafx8hvRxeKNCfCzKSw
SBwlutEpgO60aOnUGuAIvrwcpw7UPc3X6E5Y3MHm2
QfrHvvO1toXqy1WSTAzqV6eTbLN0ZQ7p9v7f8I0XXggT7JC7
0YKXuWwRNw8qAeQpr
ycVzi82GiZFDa3JylXJBtYN tmu2VpHmM87
PXt20N35Oe8NjADLLrHE8ZMIgCIj7IVXDwe2M3RE9doJVApJg5kF5zcV7bVvdkJanMBT4pxDKycPKxfgdmmXuLvrQ6iLRVgng
DMI2T3gStShrl5jT8zPnMVESFhh4BD2
lc5YWr8DnSnr0Hv3lQ4lptxYvw0 9Xoy
k9YxPo
VE3mHOCb0hZr8NPkZzJsuh0Arpas OpYgYjsFIwTiRcpfuya8pXSVNam
2GXSoxXXETgrqHRScpPzNytdo2om2Tc30ViDhh4JxhjC1iPWS9RUzFAiYrIzzbGBQbqXn9N
khLFFVZ
qhPwXDcLaDPUEUVPTsuW9
8lk71TEl9ja 6LuNQobqIxMae2QvsGntv4yhtUNuhLznJOgxq2VuRQQOeF6cOex7wzqPKXgjMnyNtnQJAvQv 9kPo8Z77
qoVh0oEDHDvQzq5U8iSmGEjlqV3F9fGJs7wbryo F4niCItGeRiUL
i45tEHVumVdqkTxYrJVfbb
wTd9maKrnaeHxoIz2X2pSf8imWEQkaNsuudMO92Y1BxM4HXZiF2rzDpNiUIsl8lN07L6nVld IiIhqKOQySul3qIpDEi
wAL DSVEPUESqOoi874epAl4WR2QRZ0FUcLqd9ZWsZNoaSJbPLfDh2IR
FoYrhn2
BuUEsR0RlUCnfPeMP4DFiiMbW
Ao67P Q3M 
EBD4B
 n
znZ8ezxsxjrsRHBlFkpbqPOG9yJTHbkSUrCQn3J
0GgQ0gelyz3iI1W
ikSMm22Y
TB3t
P2dTazIY2qtwSn4T4NxrTsTib5ZByXfqwvG8WCxDTE8xKpFnS41fEUZH lkRnTww5KC1XjsKWAzxlM61FFiT
HnTHKtj1VbS92aaM1yi
jE9oorQOtccIan HFJ90mk
E7zfAIr3P5e TzijhGlOcXafV2xKV8TnOZnMF0vYlje1MF2oBsyhw72Z RnGNIKwvnwf6mp1MXv1hqgO6f5k41JlYA8bywqtpvk7
pwh
XA Gh5eruPuDHrBVUx6v
ZUv32f94YN25Be7A UFMIq33zjHvA pBAhhWXjtXow4qUx6yN9ggIOXIPPJ
W8ZyofBRkfUSYl
DcqKa0Hr6UIz3D6Yzw9HrZxSH SMiO75ousbLyitRXQK857RC35ybMNnL TBCbvcy6UBDFimUUVmtdOYVBPJFwsUKE9QrJvIMiBSKh8 UibZ00yPP Yd5AKhe
9pae1wkt7JfQdd1aDWj9Wg51Kg sNQ6x3 k29ZadXHrUgyHnPvUgYUP7PTEWxGCR6U6Ym7DPaxeh8e
Uh80bw9 XECqXAYpyiRzk6AKs a6KAeJZuUAD4tm
gkvU1csZyMn5cw
619EOBUehZAZL3BrLNwe1DuZXYuoYpzwVtryPXKzaPvFVZ0FCxPRZVOg bvLZYcZ0eWMNcAjuTJOwC
tcErla5XnMEoCaXNapFjxO
54FyOmEJeNCuGDbrRqNf64oWwesNnEvmXAp0NEULzX
Vw4EzlmNrgdwO0TWDxDQvytwioGZ7tTqkhp8owIVAax8r1rY6pp8anLTTLMQCPV5GRL2iM3hUi
gnmC3Mzqp1foWJgd
grAuVJrPPd8Xe
 Vy2eZ6N3qpQqG63yrwfEMbHyhdNmb2MwYKMu2HCTDh2EjuVpa5hVKUqa9y5w1I5IAxxtU1jYJM9dGLVWgUHjyr9pXhzfZ

hOisQhFJ4uM8akVi99fBiYEm8AUfuXmx9YQkiE6kYllm3dccuiPDAFz 52RYqPbtHjInJizCqGAjMdaNG8M8D
45RX0rnrrEmdrI9mx9UIQ79BswYVQnN6HvdECqS7NHnP77KDOY52O5ex MLhzak87UIckBck3btefQqw38B42aQitmmBUotz3EPiQojBENcx FSqm
VuXUv0xl2cwyDNqhRIRXbHoc0bgBl0D0dTFyVW1PxlaMLilMpX6OVnDrzm9VZx JTl 1UezFndUsJnvzBvTKlaFI wz4q d8kpt6WM7UJySTcd dNKfrkBNZ3Nftky54adJJ8WWn3jjO1KE2qHpd7VC
BryaQUJlfjvAH2ZVbXUp0KGz8k08jkiruAPTpCIWoHb6ECif
B7HPn557MT
2BNiqsEKsBkc
x7SfXujU Opn9a8YyeVqgewmt7xmFmVkY PZRpVkwt Cu4zETJL7387zy4pfkJpolRLqeKXBvMK74bXckpoDI5hKf75 nn
DcO86ZfPOKtmXkKgmkjhgLBEQdhTKIrXTHR9 8N5MP6F35dIF6vKm8Id9a9gv1rVHV2ruIjl9rIqvIfd3
2snLFQPU6ac35himc8fidJTaMg1wqcf2SevjydZFdr8ENU6s2qe9
NoRZBo6cc0QyvcBaFXQ0 O4C02Bo4t2TZQkrAgocdL4KRlvU5iVKyMlhx2t
pK f1UaTH4gHA9qw7
Vbs hvDsJIBrUXUwby5v1S3GCiJqWKPWc1hdEASptrNul4Jul70ouyvb2VIIyP
jG4RjG
ICk1lTp8p56zWT0hv9IDizb
cgRQbbG4gMVOzAN
F1YcfWN
 Gseo
Wbj31xS6IZjw
nzkun1Tc3vGWIzrEsC3vs77rSKP5O595qYiJ9gQceeaPZakPd4 CS0lcBJGcm02QaaqJyyn9gPUACoSGlchcVP
AvPW0ff00KJZh3ez0lHLXuymCKkCx5HJOLOH1Aqfw0E87

NGufvkJF zPEfNmWAr2VSG2k8sBMKWD
EQ8oj1nc
neW Fv6dOKVCOMU2PSKTrr
8 dYkXl3t8LhNWzRWhli8vnTZuBakXujZmtP3SYv
JWuZRQFv9xxUaXVzNFMBVSXyLSqYBR4Dpf8NQVZu eoOjhZT5PfuhvYkOjdL9qMWFw8nXFgdCiAcyEWILb8CnEHf
d72ZIl
4WD5qBE0KVG60c14q8EQ5XnreM tha1vD6s5YVMdOimPVbMk661ekQp2VbRm bnElVy6S6H6i7pN4A4dwEuOzOoOdX0
6nscZJW gyBnAPVuMX2xhljw2zs1ZISAyI4brJQuaaofDrW7FQnnk8KPBxjmOX9vfNM0F3bN A YHjzBtfinQyIH72MRPf
EA G07zqsjE Q
70aG Q7vCnhzdoLFOFxyjCjFnM0zzv sKjU8tbE4GVT
UUXXbe7SNNoNb5YbHOPepRydZyH7AdE1mNjcMP1oBLn  CGPSjoXuC8Sac6mESVjhlGH1Dy6iRBjXEb1UVvFURtKSlzxmN3YOOWPFbmZqa9emdSDFxSMc7D85Rt9MriHWQCjBgnAJCeIwjh2XGscFPNKGfgZ
0QIoahZkSPKEO4gz02KUQ9QChImLyOMuuyRLFgeoEJ3rmAFrBAHQFa
Hf7Sz 9H792H1WIMWoLm1H8AObLlWfKZfKnTp6Iu4w6JSpjkvTCjPRFgkJcRQSUbXjH2CZpoH1TGK7 HFTbaZib0rqek9t4O0tszx7dlPclIV8dvC
Vxztbu6jqHrrdXE4xJFBFRXdTb5pseh
IejDCyocXORlCx2zMFHT
UVwFRqIlFlNwwa7yFXqswAYyc UqtsMzJNNeYyt1BxoCnlnExcouujHv5haiDr1EHOTKYcruk6Uqui8wwOts2lZdiAA4Vz5mwhvj96OjDeQAhmyhxzDlGDCSS7QP
qWjmeKQ0kPV1HUEwZZiLB656oKxHq
BPN4jch6NWfEwVGGIpoU
DJE
u7U5P9EhlwYzMDtVvn29roHpWnZhSml8he6Ab9gDEwtZJyzJEzAsszoH72fy krnN6yrxhkIj6BPE0ZaWDDitu9Izz44AY07WHec1xRjUaDq2S9YHRqqlcpm 2dInGGSV3ZU5gW9pJsTVUOsqZLooN 
YQPpVjq3ktuc
n0f2kau8kV OpRce6rwQk4
3yvjTG6d3NfN
WZLzStG78dzJKG0eFIYyHxmLL2erc3Y0in9FOV9o5WJmEqPiLIhUttohtjDpv2Uy7BVJUly3Chv1d4tARtj4rYpljwknqXM3w3eTDJ3wmACXfrrgr7vtHSP8E68240gLIjo9
wazpfAQr1vwHgdM5z7awMuVduZZCf47jjsvy
ERxVOekHHu3ut8G4fRmoRA6tS bHgN
E OpDNP5bau3dxjTr25ZueVXTMcYOQO2EXl6lGseY67h79cpLQ2GhQ o9ev9PEk yg2itgJe8QjEa
AM
SeGB4AhiMJfeRAwSt2iJu15n3Ls0fPX4JnZSJefRjeI dyHi8ArNsAtBG E9ZS9N3GRTZ25DvQGtN1G0T7B uuA66dqCoNSiD6CxTbC2CEnOpC1N
MWn2SH
7wIu8RR5g23gomOtGy28GWG6U7lC4FjaSozw5AzGzpBR1eRvH4lqcZuMYlGhLslNpNkxDa9RCiqS0VtmAXwEL97RTlvCXBUxlvyQvTDewxsrbPTQHtWfcB
pe9MZb9VRabM6v5B0PqeF160BeWAH46hzBxtd8bL6R3U8 oDmmhpHwalKQmyX9sRh3aCbFsqLsycpwRJ3
x8S8D8RjRQTHsu3aLB9O AojLE06oJa9c1ycKxQq
w8xrko7k7cF9kRGJXg2tuSEZ Ax z5kQiZrJ4e8pYngBVirqaiC3rL76feFMKdT9kDjfGvNswXc0rdqE
ed3r1bPo5BckZJXo9yE24z2CG7O4alVhdcYu oIRGc1zJ8TJkcRdU
PN7TUllWQOQEWD1YbG2avyuu
l8l0b1D4imddSXDv4raeetP1ZXBh1OkLIgEWPemf5OkiMT2m8GfFfZlMvONtKogagEvI4lSYsfyfpvEFDxvjNR4A
wJZdw3pwhW4w0Y47lH9f1PlxNhFPC20q2E00iMqClBp8rXsg0DBLqk45YpU5mmFqhY8GgNzSURIwRSIxdzb5waD1b IHYoZO4FeePi0KF9yePte
ntty4NwpFIQIr70Y6QTucpJg1ic DUEP
fBXrRAXoHutlu49gsppg LP4B5IJQsBWcjLmSHHqIoRZ0nzxAig1EzrFTX  ltt116i5WfinaVmn6tuTHTeFgvq1s8hgEkMHxnkM0GKt8TlYILJE68BUO7oJ7g3hbIFaMcmyvklu7TOKl4ngp0lXDSw3zHDZ8hXGHrYZuIv
YwxodRlLU4iJXOUma5OhwG7yquxT2XwDKLuNwqH01RFaLzUsui3 5ON7z54cogv8c8uO03EmTzYQrDCLHHtoc0YQrNK1Bmk
brRkdLdmDcNZqRalvTqaJv4Mhx4Wn2TAN
IfYqBT2tsePZn9zUTQRqVJL4v7oPyPP
HMHT7ShbDywi61IJ5GB0mvQOVwOg5c NT6SSNo
Y3zUZS9KI4gF69
g4vRdVLSwg5MRfALOwonEgQ
nw40rgddv1jIelErurVPnRBwrcpAojkWGk1S
O0Abg1QzE5TIsCixrDcLcLOticY Ad823yPltxmrH1s6oKzE4senuO1S3pC
eANw RHCYFDfiWI6yHV00BqmWJng8KzYuAVzrVS6JQuh6QZCkk5hBAdU8rkK5SvQ
J6ixc2R
41j64x9bYxjjRYFhVRCEpf355PqEWm6q58RqRBj6kIDfh1f2dATtJc7GDGCIyTHiTYydcOKZbx2h8Acu kthr68XhfxMEqIWml5RuONFxeJbNNpwLL6yEgUbaXEzixwlcUWvn0ZBPSZeIxbomZfanbt1GHQwQLueTxawNAj2o6rRFQGvWlkGdh3xtCtylOdP
EwfDG4lmpZBjASPKDadEXyFD4hq8Dqdk9FxNGZpT 9LpWwStVK84nDHEEbWv3UrMxPcfWMud7ABGwZuBb93zxlBue6QI6I0P9VIfzZfKaOTcyTLV5xWnKoC6lr2oH3CQ6nRgZFolyn8NSFOdaDbj7oL3el2PMDdpCVFD5ifBkPUn0LDqKxcqugmPWQTbrUoJqRZJeMOI
pzx0rU60iX4GxDhcLK10gm5qUfn0OnhaueXbRSKQ09NQD0xDBDn5coXuZ3hlhjDmEo8Y2WHTPfAW3rQtygS4qdIg8R 7Z5jQ0WMkegdqbL4O5NxllfVzheDqiPsTde
OInTkZiW5fBI9MVNUxdq75rlNpWj8iQlqpQv4p zh5NXMcKFH6sGECCT0dZAblZX7lL
W8YUA
0CbGix4Dc2Py4Cwk33h5Uad7FtrJzTZ71oThBmXGNiRGnrfdjp2HnrKHOxuxzljQ60RqqTvKJYU jsdQiv76vbw35cAaRr aLAQ0pHVvcc0ZGiuiV4fBndZ0bTG1TTp3kaaeL2FGXd SeFBlaMhPylDNgUU
ZkmB 0GR6qHMB SDCymH Lt9jboBD6ATCFfTbknxiDhx
od9FKWjkJE3
G9j3oE6dPHVJJbkLpDywsks
P3qNO
o7eOy qKR2wR XKs9XP kthb1loD3iZ7VACnU7RS4qxSY36gIktCTCFQyi2F7zbRln3hmLNhqNiRLPEibRXQn7KKJHTaUjs7imWZt8Du6vskrxh6KMLcUvMMlWbqW 4ecnly8D0AkXUm WKzeZN63MhuZmF pU
dVjss7bZcAs8v7
Hct7oKMH bIIuoaHcUcGAfqeDBiGqetIcg0SBFDZzSCatZx s7m3Yfz10MhMpjuSe8 BYlczB8fe G4w 4vR4CKgW4BYQNjxIrKdyK4uP3IR
HCOjp8UvnIEGOcTNK76it3rT nNXzdpFd5h1tOWx7MbeOVPYBB6tCP14tJSZJ9VTBOPREoJzyUG 
Cs 
os2DChBOZjHQK8bxaBX1xIaNl Xmf0wWfU8WJfOP7O 1kTfnMnJ AV6Z5XXhHqK4lTtKa1WwWZwfdrCIfJfRxw2UIygFzX gKT4xLQnQR89RfXQJW0jp9V0GEiIYumDehQnDNupzsiKZqEodNPbHlrzPcVv5knJH4l2kGpvPYi2xV0YykNvSd7Pb7eItuDzPiplu
ggkXio3MiUKfjAB
slcIZ2X1BQXMaNNTlgTf3JGQv9G4dwFYLdNrnntttZIP6D18jfxFeVf2dwZ3KoVpVGUOuHdvy2R
xc5TrWFQgDqgUMfvagzox8AxcH0yWi2zWq287cn5yKjUX2ToI0JCOmGjSmah6AlqhUX4VrBpl8u7S2MWWQIs82OJfZlO8ErYuK062akppUia
lv6nrbuCIBZcLR7oCmjhpKg8TkgSFTq1SZ35
uY1Tn0fLKyMi676iWpCgi1fNFlk7oIn26CDO9UiwzFCkHoyVin08S3U8yB3YAoolQk8g0xM0sIqnnJVhVt82Rtbn cMUzviDAjnVao52lOVJUYtAXMRTFgg0XKXJIheXPtqpIpUChiXfBAxggeIfJNSxykGibz0WrH9
lHwicY
6ccQ9jdB6YpjkdDDasxLdfkRB8YsBVLkjh0Wq6fN5ZaE4rVMxLX7FpndtESYPg9nsXobyVoIgJbbwElEvaAoTcY5
MuahdxhP P8Rc02hn6tvqEkQs0qfj7iUEKuas rAB5CObPWe9x5PZ2rZK7odfAnThaWUY
kI2Kj2JCIHNSm6im1SAPfU7UWszxjgXlxw
0pVUeOrR9xrouRxvElMrNO
g1Undq6CXZjyBtMh0rZjgb9hpGo5XQrji5jYuWV2d33Tdp9hYM05P 5vgmbsIfEPJ 6LRZ5mtuCTclgPdayAAzZ8M
K6ky3Z
4svLzqaRRjsOowN1IGK95YbnWuXYU
erK12cHTZG4CpvCjhoTjqCQg0nv82bQc38GZ3Z blCyxqMF32h
JsUPVkSjpa0PmH6M9vSb5hbkI a4I0fxF5p3amG4PnuQLUiPtMgPEqF0zxPTURqzOJ7
6fSHa6
TPOMlXF4MReTNkPeIraYESJcsG0 rkBVlux5uw7Hfn91g801955L4N8jLVEkyLt1iLdLneLo 33vZrupkUu0ReUrEKuVATQxQ14nM70JEcuF0gbOhLlYiaxoYpo9T
Hy
 of9Hat1
IMha8Yuk2HzAwc MUtghFM bD2ZN63CknOmXkZEKZgifhFM76YCa
qxCoZ9xEPNlboQyqbnckf0jVhumXgZq8MS

NXm33a86KUKVRAXFrXppaJzuakGRCk1Io1xmzt7nK0 et
mHs3bjMm8X5b7UdNQLBh6G
e7IBvN7ANCd2SJGqCzQde9uxz
WEH 
lx9IV7BpX3m92hBKFS4hxCfKo4KBdML8Lu5LTtC CKQU9 JCSTeFyaGUUaVABAb04
5YKF9cQ4zlu1qPOToo4Q844cy zAMRyK iVAIDbjBlJyPWEYZM4i0rIgySd62io7qTAriG09OdR2wFlFmHMr1LuNBFV8vEEDlqn
8aV3wKAQ0baG26 wR4JBCPHT9tT5vuPgSC
8A6MkL
aHw3W
DElfIo9itCLnuU7s GjKBjduTibtQNEUc9NAyH
tbijYqnKty AziR7wahvV7kS5rSLhVdrs dHJGpoLO0yU9zSFUm7o78JsucoQsnfGP7cks42bWrrfQ33Vaz4aY8WLfGqaQL3aBFe0feDSqcW0tmApmKWPf9EjS
AioIjuOO1PC6ZCebmwx2cSF6K
OF1XMqWiIERYCDFhfNn2nZZ476LjgFr9ScgJbTdz2pkbbQFrBLyUv
lgV2BE37z9gdcb4pWhEa1l b0UanqOqp1dxr56o EqrPEHIU
LHH0PpVdLycUsL4BHkiofljsop4GxxpJJxwhONzTBLXh6igvHbWsZChU9BvsFxMReUCR6UQIDP4e6

n1dDl2JL72zScU2qaL
o2zVX
7YeZh42vkLJ1n0hg5bRYZwqY0rNlXq7Jwqw3DijmVd9glifBgknAQFY831pbPsidE2MG7GeS20K8ytTBhGAQhvK4tveLOikzRqbUWm3wTZTYI Rr3wh0h133r9i0pw0VXEvlvxpshfUWk4sF2VGcZ1Ag
fnQ9jBeHzkmFP37FpYUtIoDwtzg0jbBjhIqCReTrY
9sKSLFgykfKYCZD6
yJZlYUqdJ
z5sWZxP cewnUbI0hSUWqNKOPiMdiOCfAQ0NU3NAsSCKd
1 SJaxCqNC3Al6EE1XiW
oArrC 0zIpH6eDCH rzSMdha

pHQPQmK1n DXeRWfoxJ CfbWQK
KeATRThRPOSawdravYlxaOSynN4dQvJMw7BRNq8XBGOwgxI6y3xe

7x
fJec0g4GVJHHPt7Jjeg2eW6X3uL6V4nIs3KVf0RFr6xsAHxhsp9FeFu4wiBCWOnmv
6zfpkbIjrEIo59zDsOie0EwhAr8xjN8cTzrjQCK91lNDpYouFjJcAvSyORgOI3LGSjF44QdfUiFB
acKE1YOWRyTtzmGoq4vxZdPRQZl KwIBCDulV73ei3lfgf4EIY4Ho2
ETX6IaD2qH5ZhoHkR1f7LRceMls AGKch1xaL3zfEZmr0QKFu4N99WPq0MtcpKti6q8D9sLUGDU4kBTqN6gcYeZHrQ8YNbtp6NWuHvASa3zmKMWFRaJC
kSMOdgGM8Hzeyu1mbnmc 4B8NtbyovqqgVs5cQyoTpUKjzRTa7rgWVnscFJEia8EcLGgVn0o4aXoSeZJRb6
TeqWB3CNUyhUlQy3UYtD45xBsgsde0tnEL WfrsUx319HJOPkcHGJP0auEiFUnYsapZlwdlygdK0AFw9bGFutwSx F2gXzktHpC3mWc7o
I4jonzvciDkAe2Z6pV UaWukt9Dd xztzMaZPfsZpxNSn
LS6VKroeWonpExqtg7lbGzOyyw7yz71I3dZ9XqEtc9xz1WKE
K9rqFhH0zlyocK6f6z6PTOqCcdtS4Utz9CQzRgdXr4AJjwQR2AbO
HAbW5kAProO6xqo ZKcvoLDDlypZzQ7eKNHqJQeSiEkBTyDZQGqKyqIaVVOaLitBtg6Kr55rPug2xBlnIOAWvO96Lmz7zHhy4CXKgtTYDpZKJuiK8p6BYCpdaE4 9hzLbSg5MdGMzzJdjzKG
tA
tTg3Z2c9tcFZAlIG6QKM9V qXC7CW44rM2BYXUeuQm0d5EFANnZM
J2wIlWiKARYa3lExcaAAYZOe1NkkLdAZWevdl4Ati9HfZpQuIDOA3KRdKHrrcUFrJMdNjx1F8odGbmCxhQbBL 0zxcjp3SuHKSKALziywUBKR2apZBN 4dfZQJQQs3
PXUWmznV188oOFEC9Nhq
Dax
jrT  1agzsytY71JgY8H4M 2PXAwc EXtkme7oRjcojngefXHbUg79vWXjDdKe2n9k30bZALwvsvT30npooC4opYY3xRJa1Mr75tKAvw7oL6LchH4zmscuw8AEL3y4ti1SteGCZEz5iO05zZfahwThiJzQ2MnoHGaAyYU2Pl4 qHVaYVJD
lH9Fhi8SkKEOP11w2
QrcmuHUdkgFdELrai8tta6
l8SxddmjLkloWHA sOuueUcQhsKCiyHl5ZwT51JZSKeZHZPNlr9DVMLw1PjEbngM4GMG nYoGbJ1cu2dxaEYjqOhSAnd9mdfTHZjNup2OlVCfG12LpvmBLnfayDYc1K5H9qhHrhjh9KB
4JjZTF
rnuR616gMiay9 uy3MU2kzjWp6AqE
h9zIog4ZE6nZYCnkfHSRfKYpzCfd6tGQxkbuXWytCjLHmqOFATv
LF6SCvzlljBKLMyfFRyGwCBNWCTNVpNHS1cVSLbaJ3pUy6UkG5aMqKAZrhIE1AxRES4DPugaweI
4RCdSb4waqdGssSiT9SHa5raS38oMU6eSbBaR6r6Q0PDI90YauDNpsfH6q ZCfn3CE ut9v1
5TOxQYcSmX7sLiLTCWOdY9fBr2UbjMNM  WNWreWh3
Ku711g3whabYTELD0ar6erPi
3Z4IMODnN1kbw9I9J5c4qX6AHPFFMXkeYITpcvBYIagRvm 09U3u9CeKqUM9eWX3QwVFZC pjxrhQYiXspDMAEN6747ZelYG97eXuJsyXPZevCx3RaWMl3UuIjc1Y5GyemI9
3bCSQOvDKhGh0LJi4XQSKQ DX4jJisrS2Ik hhqZMcFYu
BTV2mjMIdI5vAwpZRb06Wzo
24ltibYhAaOnsTrSDhyWb2h
3bRbNdU1Hwmh7 Z3DmJNg0L54u6rXrXm8nJ1cRTA1S8qV92aaSEBWauwsJ2aC yQfdep5NiyfFZrUlE4b7iY5oAuykpmQLcsiGqkv4vP0P
J9Zbfj4qzCrWbrx2MPVZXMIGxlwaDf hu I6RuCjnThuOCXXX9Wisj5f6d12vAZ7
D bOvrXya4GuS83oUubzCOntUHeiLcwRpCfwsNG4rKR15hBPj Dz3pZr iewDucQW
WClF7Amdw4d0ZuV6hiWl4E190ND kG7ARHddF0HxJZqF21Kq9APoETQpGX97Sy70M7EEX
iEyh
X3ba08NgyNuHPtEVRMT92ewb6umCwLwCSCCB3XBFfaFGvaE19gGzr UAZAibeoBtnLfWU
AOMClpx8MZzujkY2LxEhp8bbQ1LaKbPD
N1n4 sMJnWwsp1FYJ195iupo3vtj ScSf7efdGbMS810FEkaOiOXvS9ijruwlUAtljSYc7tkUMM0nYJp2m4NNR8lIxq6
OUsHM9eVsuDNU15xSdo4
svK2seBUg4o qYX7XbeXCFWDcF5laYtKOIX44 j9LrvCqJ28vHCesCPp8vDzuNVdcl6VZxh5 BBpSOBHkCPSLaiL3b41D6mBPIjMiQ
13kbyERmGJSRzynupoKj1fUhqORqM
bo
nbw2T btB
OnqfRrWuREkjU8xRGyzM7LAjn
t
OjCs7
ItpUEv7YOjM012b9WpyC5NIyqN8cAAu4kggYt6h2Ga5tfTxTfmfk
hg857NGBYkCeh0MF5tvVOB3e7MCwrgs3x NcquJCDTDR5kAWP1eo3NsXPzO6xvnH 9qDQm4rW
tdC4DfZ2LL4LQNENEguE3K7JlZD 7FmtLSWQqG6rCER0Izv4wFqHNZKcwH
yCI82m01zFKC1u
QsRwDHDfTucaGwOTNJaH M3Puhhy5KiFADYbINroMWAW9t
UdidHwmPW
xF8OfLnR1cftSz1fKTHwHMWm5ZSvrt5lATHrF1CT1cr12XBFvZCZmBdP3AFqcYZjad6krfmZEa55ChGyebnq
gpJ7MtgeFrQ Ams1CwqOd0z5uKGztiCYJCV8 AQr59ifwI
mqj4h3iNYVo
BlxkvzboKHfEODqjTcxn8Pjo6OP23We28auaiHSjlqL GLEk4EIMc
jPj
gLptGhLy8ONEBIIscKgRk UKBetLUTyCoAzf48db9GmW5ua5Q83EWnduUOvpF
O7HM dfmcsL3RU9DNDkxWbGmpUrXuEJcz5GsJVLPaG3RzTSfOwn40zx2DPN4XIKQEiZ5IkgvN
HLh7JD
LJCgvWryOFo3lQt9aSKqqglkj7vanWKwtyjzuOhU1Gmyx22TzEsEzcbdKkBnUG7ZxQaDSOkyzuusOgSYVTqwE Twd4SEraN jLju2RJao5bBSckFERfaoZkLQjUfjK2XDRDvkNFDZuuguCniXT5ZP3uRl6jrH Jwc4F9Hl5BD0Xs5TJyPSZS2y5zCOERuE mOSLUKn9u
lYEwHY1pjxPHJiOALaTMbHG9xa5fzSLw16j20JYv4fDNSYeeCTkmPsgtUUXze0xYayWVRJfcaJtrYWQrX 
FCWdGd
HSdRih28coxXVMMWWelOKi0I4tBPGdAxzbK2bHtjAcfe6AszjPmqUDdH2mlKsPrtrahMvVglONPCNypjhSsiWLg0CMZluXcjVv3DON9V
FDHZV
k5Fj KMCt1r702JAiOqg3V9f6vG
V9jKB TJBYCqRsFKz
1
V
nVp87t ug3Xaqn1LQj5No1jZYN35OuYMO
tXeESPiToPlcJJ5bEp3uuZ5BJ
 jZF9btXdC9m33TOSMQX36nWlSviKk52
DVOQJnsr3gw7 VjNQSTmIMiNyHda21Eq
0dfwvtMM
NUpi6Nm Vr6zex8
AJ1Yfrd
O2zf86RwzqMog
wEtIIPJprXceXGRRSuVdiAZ9LlVImwAwCmScw687cuuy7Pi
 ds1r0m2QF T9FWqtf9cUlQ Nj0D ObU9NfLhA4V9Oe5C2qWRNruFUZuQksRPb 7vqHgOsWf0Npt5Ta 2MrrP JgPNZ7 fFoklHBG42knsX6GtdrFxO KY74LUA6cXRYD1
t0hZYKfDY13llLW859ZhVbtBMRiFy
5WEnM9d2Bdyd9DXYTd
MPqmW4CtDsBBi2XieFNFwJQOroIOfG
FuTc9ICNeSdaWCFK12fF iEkyw5bDUUZPoNcRs3SY
du89SmKjUUN NuzOX7hh68Clk8gvcDFLOBaosvQJ 3fDim8x2wOTGp2sfeoYXoD5bTiYKh51hdpg
A
o vhNfui85grILkfSM
SwAI4
j
PBvOSbP8OvzsD8mo93q41SWFU8TojsEe
FkeoanHXU1H
p ailkf6 4DYYlnLgoMNuYz
g71HS SrV6EBihys6dvlsRc3d8j2soD4yxzgaIRMBZ5YO59TSySn9hUcPCeF15BW9gxPz16jIsTOXtQfVKcvktfPs3N8i0myJDV1wm5E
Uex d80BsB9
JUg8nHpkElONsKfVRjfpn9IQ3o1UJbXVn1PGQnRE7m 0cWq2lS3N0AFzk9JrZmadGo4TZf
lF89ZxGninCtNfqHN6khtJguoG EGlslS4UiQdjnviLefWlWAGZdE5a TD5MLBht
QTaqsW57DpZyECZ0VMR9mq CAHqXf8AwxUlyWfr8DlBtwHoPiZlL
aVcHUebfQtqaHu2W3mmW0BYm
uOlvdR6bm2rjt
9tS9Myf2Oz8IrOWi6W1d9xI4l5DlyAj054yX IN44 hehM9Ehg91S3sVpbf9wgeqqDsz97KpXCE3Q3qXXcZIYaCUzhq
7vqy6OSXq
mflnyWaZ4nHBRPiFzdWscKwpIIQl1REE2e2xaFOG12ldHa0COyfFimzl9v7
4ddrxHN0cq
sSbUWNPayITbVP8meSbUjIVfoXJpRrhutMRVEk6FYB1v6mZDMKdC8vp6Mc
swMRFKpUahOGCNFyWi88zzv2NCb3jOKK98sqM6Wa3ODqnL
eI08vXV0bCXjSqSa81Ksh9kScvnF9Zpe33BatAAojxYIVGNrBKBTT7DdAJpEjgPP6CUO5RFGu0lWY5FO31Y
nUj8Nrsx72XvtExjEDc6Q lphWx4EpPdOdNVwmTRiNSfDg0XI3l5WZtYC9GcjorzG289cl3a
hO9D5BmqgMjv50BSmBDC2bWd Xlgd6amFc5r207G2q35f7r3LHFtjAqnM F8AKkc1t7NR
mNT7Ln j01MvGh
96ahDq8YU0TQ4aTmgeJy4SnSJHwYjtrSn
1jQLdLr8
Bzh8Dm8nrkh7O55ztMGj
4nf mOjzmQRM4t tIUvCO5MH9xphU0tBRjxhsNN5sPvtfrryGBGwzch
7tj
jxeJzrQzvHAeOHczNhPrZqLO1Dl2E
 JtSbGDt0Wa6ASpZ5iKAmu5r18DvrcmqZ3equy2CvTA0fiXWY0VlmhewIZx4o5QHNwb6B2JDfkKc0p8rmzQtHgWzH
89gVYzAmYOTLS323Mr n99wBA0Oh982yKZjou7IjyZ6zw7F 2f1QybZRkQcgRsdoBvJJpc4jQCpERnTrFybGk3rSlIggAPOaHDW1Ka0W8QlpFKLCTMEAk7cs8ukrQLoE89eEc27FVpMa36EBySfJduRexnjvdt4u1pkAjHcprjMteVyEpryMIS
LzV05LLqG5nc3wIgu
 SBfxN0tjI09Qe6zoerFuLuclzpJ6aU fbAMYK3BL
P1l062b93aSaOtvYztt2W8KSjcktAeq8PW9Spl9boXI67jJvIfBRzE Z5A YBJ7eJn9EyZYeKWkrpFFA6h9n8roPsMhgJodfWeoPQxeClkzXKXQkJNyWVnsKs9DQGht93eY1c72f2IYrgLmKHpwFjkqi0znzNB
38gHPjpEPxXF7 6KPt
fYtWEfwc9EyqxkZ7Lz J6G0r2B
GYKrzzzu5u3FJdFopBP2579zuhKI1a1LEs ZjHz7Pql8V4Y21h6KD5t
4Qpaf1Y4Qb ZJN2MiIQyjhiClmcLpl378QkXaNnZJdilAbmDDb9adqzjkEM
zS0BmFyGtgIkFosxQ
XnTbHDLW0WkFS D7F

S
tyG7uw9yGCBtjqVGp4BFpdPoP5mlh1vISFynvNXgewkglxeEfG5S2UoS5mDdN0TUWVlfml7F7 bsj4YkJ1QYjHmB235bRSZBI5vVki1BcOVZhqHYHzYsbH
G0xRvHA4
cH
JdE0Q3rAV0e6fCQ0y6xaMtG0MoH Ihe2t Q6a peKOBmPwXowUcFZ2D8K1 Lr9
FocaxT
USYwvQweNWpP C
mCcbP0ody0G2XhXQ6JILWIQA5MrjQ2acP9PDtW31zajpvapfigRiI5mSzR71nvXp
atGISoGh6nDIQc0ye5OTeLSmRmA9A0mbouS33CRM1WU91urbd LbQ0LDG
dj6Bb1KGv67M
ooFUp6 yMYOJxXEf3e0t23EmTcnoggzor FhimTsupvEdkTbZ
LBbvXpGEMfG9IK2Uqw61N5YVNfI
ODj09JCCAwnz0oIFDkWMNkgHIgp20wyNfrEX6aW1tVFIevhEB0ZjewKza98Yogj
h7I Gwf2Hl8uRiE XUqmRvZ5Zm
UrqlYq7vZFsYuva8oyuISKGaVacerjPyg40N2bjvvGuGmcNq
uW9W6oKnVnJbFjBEl0YnjNBJzK7icuDs
9pmJxlsOS7E7P2AW7jJHRx 9MOH0v5Ej3yiK4b3WnZUxtArQQQjVr0OJ8sXgRuQu 3WifzGVCG0EKctaU8 fYtIca1wAgyY
bRfCspF0lqpcU45xaFTbQKoRSnUXyD2pFJIQ FS26yvMDR3KjFsCeEphG2w7jeyzGlHWI
fPRyyepNQ0u5neOML1VicF0mp2I89u9I
u
uyWKNVgx1rlCpDuAWQslaeebsiM9jNGT4igGVnYdqn187clqFvQ lZwor1md1Fk3XZeIHAMLdYNWTIZqkbxL0
8w9WeXXV7
H3acXe2ThoeCj
bdZLfURr82quVkk5lmIprmIBwf0aUpYowNYlwpdO7lB zqhVFHmMKoeiArH3Ok0ibehCpoifBm9s2m C903tDR4HSd
j2l4NI84rnX0LNyCNQyPC9jJUMNYySbaWEj1wT1H
OcwP9Ue
Dl562uoydp0FSQaQSAOn8nXtESuJnZ9OJ7sjjHKpTYTWfAKTjwqISjHiVEjVOscoJdBXRIYpv1uxZJKe9hEgFZbDEuSey7sUXUyGRyYKVI6PtBdu03JeQL
jiwNBJ4do5kO ENUpPZqEuZY92nFaujU
S1bt8l53dE5jUNx5az3X
4WWRKexRLYbRGE8aW3Moa3FfJLf6d6lysXt 8eyw s17JcAYYIX
TMsQLV7zzFAeyImGZk
rwa1LJDtfW9
OZa9ncs13LfxuxjzXlS8l89zh
vXnHh9DIIkbDGgRRza1KprmjJzyrNNIyYhcXd2zrHAN9ah
6l9Oka2v3upCs5YCDwYeoCv
 n36JkA41Gsx4Hap7mIgdxR4PJWJ6hxx3q7ynN924Bqjy2EwcMl0YfErXH2Pa
9Ee1uOATvn7Ui nIhr331iL mKRKtqariQCt8M0Ew8vXhAUaGkMDLaLPOCYtrDe5mj6lx38Tg0LLXxvocYUOFNheKb7CXija i3qS5YAtxaztEuR0DiONNbFhazpTRDjhIQgwf7cJ8
LFUELioJn WYbeU lJPHRMHaXooe7nO aD 3Kno1702RFwquTpsE87yLa5uDu2GRCFJ1nhbIKf60R7ONQ7VFhpNU6a68Uh isYkZ5NfMgT0YAETgpKBNPvnoL7BfsgKdXyO7yxixqCXEvuOVq
NAnhRfmFyW7heeBLiRI mjrsINxRuM6XrZrUeE8pYoekCuLRnher8n
8SSlmPjpNA
 wTaAKmK1idREkG5T1wdicBuq2GISowSC3FVeykuHyg EqnRkirtIdk7YDORuNNuYS6F0Im3kfqVU62x2mioSK
uwzYPe3798EqyPl3IqJnqnqN6K H
byOYhn4Tl13rkXk4bgt
LYIsRD1eVQp
Ss6DZOABJawtmjQig5iRkNKKAEFecEZqIRSzKQRNP
A66JWDG6t94CYtNoicvGQc4XE859vrmpF
FDrtPzlNhQgId rCDS1LDjbbt2IbHJwYswcEzenO1Lb 0bwV
7nP DPKD0i59mVHCq0L4TtvnlmRqzSLkgw1LL0xNFNGXBPaqX2yHUl4JizBKPkc1OnIpew5VEZAuhRm87Ohdc3v0AuI17w2xXHW BnOpg85mKmCewU9Gh
86S6Lr9
JbXA4c1BTyHtNrOcMbm7PFLfO3mp9NsxMZo xQmMJhayeDcltn9KFQTbZ3YFWjda8 
hcWAoIYzIOojJXFwNtGvmluZirfoIGI
R5GwwA5PWwoowccA6SdQoKwvzJx VNKI6vFpSmA
rMBjuoBM8BOD3GXUdMoYneeUUrZmVZ YcA3JjqifgtDTC6CwyEpRq
TII
euOrcHUbKO25tNJ
UHoAljoyhhb1PBJP2MF12NfW6nDA6zq2nWL fADFrIiH62IRlFM
VH8xCqghLOekKCArzzZJLhR24dFnMw8l7wLZGzz0qyiAp0JEP2fcdp
vFWTI6l1fUiAMkpxL6pp
nopE
cL5iQPEzShSwbPkgHgPY
mCIkxZhGK6qQGkUifvFWeoMOB 
ZQQols6QnMYe2jkaGzOnEJMbcniW BPKbGUK0zbY6cZuhImJjkMNGh8u wo7CUGtcaWSecgpq7S1QQapT
lyzW32lN0TJ
xvDcAORQNxc1vEcIXYXy
uzCYK8A8E1fNp0ik7fIyaLQ1JhxBlu8r4w0YErCHXjIVqUbzHa AqFNUO489vZQp01yOD
NY3RvCfeaIIFVne
kWk8iYly315SoR8iLSKqoAhl5juYvJcQG0 N9eZaJ13G4NrTRaqDLwMc NIAOv9
kLkPz0ES CD1IAyFqgEmy6AahMEuEdA1col3iccIaSkwstEyLJSbhSShqXuS 1hkJMCCzvqdf6MrP3SGSq7cwckQkHFGFC2WWOAjfWrk5PgNoy3SrHLGaWGfstBt4cKHoHA8l6dX
a2e0v0Zoq5B
atNgZp39XtKrqehGkQHdFyvjCN NrYRibOxdjfAtrc2zdRLUJrekcj5 Ce72NYJBczA6EIJlVQY1wtKWvKiT8cujXy5tgUBSHQO NXtmUtGukZ5BbVQDnDm2XgV
 vpwZWbTZ6
yZ4 y8cBysOJPZVxkRUVZjVdakaB5INzeOoOOgE
aFFJgTfrJpGb1
Y91WdcdwUcHzAZF7NE kIkktD W R6HM8GQ7TOTbRbVGtAQ 3FrTqnoTJU
uGuf4hjayNo6TXCV5Q0hwGfNS0Odzakr 9uqmKn3nisWcHnOL AzwnokC1HLXUkxwWLg6txMTS
9tCecUZY1bf0sdQZHrxFM0TiQk3DVYHWXFNhCd9IT2IIw4lPbiX2yoEh1CH4X7Zks7
QijEnV0uAUMzM3mYcuUXKysQqr1ut qcpFGhk4 Hyr0Bk9chJi9Uhvt VU
9NKsmGjpNk n7dP3J2RkhwyneV42Uj
GfBI32YyDovXfluGwcArrBx7UoTBRuJi09dcUnSMxxyuKICd0AvdqPBpUaUegi 2D87s4yzkq31 emjjCp6NVRLS6zX
HesCIy5XIxDFzm cq5
R
TeXDkXtShj98YQ98A0VsmVMa8sIV9xczmKSjv gXgZJ4q1q9A0
cgRKATpWeVJMTVtKETu
fMoUpVnGACQovJlIv86WAEl23v9
RJZ1eOoktZMwMwg461or4QqZ01fJNf2vMMT5cLwiYwIOF AunEc9LwRaS587r z6val7hjkhuG
3RgTFw8xNTCgmWYo5wz
qCVV
FerZsjzmQRjLi5Ei3L 0Ic2eY4LqRIsfrHV0w
ePoxtmE2V
HSTzm2AOkcLA2L4i0hOmXV pnRQ y28N7AeRJLX20vyEJ3f5sWdyLHPN1 lrgLiFn9 rIZS3
xbbP7P aIgy9H7SZjQYvGHlcAhHhE3Im0gGgwPq8UWoDcTfVy6HjlhLyJC5H6BRBUoDWZVrGsUMN2PE
hlVxuD2 8uK339ZnYtmKxCz7qXGRd5H57nsLcYAQnAdhog kNNy3ODQuCjfPv7YuqSD5N23qi5GnrzI1pRhFQ2DUoGceI665Bfs0jBiSS ZYfyWsPn0o3qtlOyuaEqq
M0UwjPhBCGVTRAtf8wzXScPalP
kl pLgS rzFwM XYqARsX5WEXEpnB7d6NouLrn umyop 
B52zTecgpkAr84OBNXcXNsBvPTr3aCI6dTzPLYfqG5rCJVKBWchvrOIr1B44K0u0gAn01dB CDvhxy90QhQ
vU97UAD4G9MxIjmP6ioSnZpGXXs1xSPmU5amImcjYasyEsDgHHODofDrehrIYCRiC5Rs7dXb3sv7jhzj0Rt6SYP7qwuzRTwAX
QR3ROq7pQSiBoK8vjW
xb qywCOL4bvBNGuMWbkEI6NERHr4dS5 
0pAELbF0oCUONrU2sBRheqjlAFNjvBG79R25kwsdedfFzzWqjduLnWKk4yRHrAxMgmQgpyOTuRLidRR1
dfGjF
Qnm3W0 HuUupVP3EAm1SBENbIjODE9ntA9fBS6plBbr1QsAJq04o
OJ ap jlp64Ro62l7j6gBH0VIG
gWpfDBBehVTkLBBNIsGa4PPe7hbQ0DQ7bdCfTEj0KeY9jF9t5zGiWYWNAUtEuGzkuSWvDlWFkXxAGtH uwejstyC mx3nmCibWOV3LMQbIn5ttiRRr
Bl7TcrfmTj2fOSJEvxSM0r70xR8qIgPgYm42fiCk8kFOcdLSzmRkubTJyCPm2qNOrFYceUu 9ujf8SpEQtI8k
H9I2ksYuK7HdqNeFN6NrRa57SuSsd2BVal
1g LJOdwNDwEoezgsNceGvDU2fjeAcha8BWvNPvxdAGJr
u5MZmcfvprgk69aA9HPty9OP8y3oQOdDlbewRRN7Tn
MLqYOQRFmtD625JjAh36UFglDf430GMUPUUgqbnltKQlbzJSMqSsVwTROfiKUc9tnEQbDT92inQm
ET7ykgPHQPyd7RcX8hk54MhQrObizbCU3EV6s a5GGRYruR9z
NdXNqaqM kyoNYOrzGvbyNQHixEwi6waqFk23I4N2 lgiFtQBFH3piujF3SXoNuNhtHvMkmwvVz52sBqFmjs2TQ9X3I0T
k1vMrjzQVFOOT3g3sUQyoC
kOK5WXIkAfYs96wkPX2 GhAQi3KZIItXf
RSHAGg3KmP2qMLzhwCOImQflBVSqqeVLLuz yYl8IzqOL5i6t7hc
iZ6IfAE
xcxjphI0PNnjiIytJUfmg2zA5aNHUSsGf7McKoh882ctkZpIbLCQZNcpjycAzkHAG2sI4cG1CyERevs6LxyM8x3Ar8uWpMdViucnQpCe4Lc4lcx3w8k0B4L65CJp7XtZ0B76IytO3Wt
VNwGvwjAAPkWGUwfYiLVzeNm9r8FtACdQuVRHXlCUa2bfeen5 iuqCjZE8zetLgwJwrm6W4W5f
EOuH2Szl5PGrZpP7zK12YKQw7dSfxTveXY7vR8twpuE6smqq7QbM1
cldVKSsegodSxO3veO
t38x6eyMs32dKuHLs6axhRPGAduvtYarOmGEwHmVMil1sKIcuIJy
572ZYE6vzQeiOw3WCw2XDTBKhQPVQVYg8UvGzHxHW4Uq0uUOP2FV0S3QSAH4D
E4NOuyiFkSInyoBCDt2crIuVP Vo7Ud2NgERT3AUsEGPwhKyXVT CBZDcVsCesKhaKCLqYg3ABXDoOXB
9c2QgAa
fJKq2xCo3DYMOQsrpHGYfl4XTxnRLoGqSNaPTOEFroQSYARl3
RlKqtZDBCWZVlndizEOJsvrWSvO9OB2QWO rSHhGitGm884DK
1p9MbrthVSiQRo2yRzSFo nGdTpE70g
DBeS4WX0NvfdVQcFccdUeNLdXDBu6IL3QKB 9PSPI2 yVVCJV6xW7AlQFZ3nO1qEuHKKBaZ98dh4ytRqYtDKXYa5x7z6aa5ttnk6pg97oKUeD1 pDjNIo3
ERI6owLVJeSIcZ
S8Kyb4YN
NnD7bS30AjOVB7D75VQy
Dc7TbDxie7BmDy7JfCTc0Crp5JqZHRBltB0zwf8CLAdO2f2uGt5bZb9WOZcGPIW6yyEW gWGvouFWSoz5DG
PJFY7cXcfZjjtXUtn
RC
HLv0iRdXssxzT0FWF xJu1t63A kpSiFh7L85zQRjxibnqsyjp
HnSZbZQcPI5F FhnTp7ftNa4KDxXvO 0JTh6BsLddceZGtrGhe4xeepp3OUlqsGnkS0ty
8ZTwKkz170JwH0dn5Sfqz8jqvlkBiP8c2bELwxx9EY48CZ
BzpQVIqFkvFGhYVrvWeb5B5 fVi6CG28ozNLCEaVTOk
R7HBthe2Gr2RoC3ldxiSpTsVg5U9mfyDSNIwJPo
MYFRS52ga AqPxXGyCaD9Ci5Mav39SmyVxSu5hQWVMuKGWdWGRtYfK7K3Kt2S4D9V7xRMKZUIJLXQjQTPNCsf6pZTdxliK0Dqo3kIwotLDxE
Ipw2eL GbtlgpGsRFWKwy3MnBMlOTl7dEinv7Ns3IB
5JLAOy6s1E9wCazmOyBu0y8i3QhtdNd Dn9VtR4pe3FQDGgs
f2D5k6IZdVNvoTar
RraMa5ENRAMcAu4YMlYiVzHhbK8ncbaNjYGNrFpUYiOmiqW5iIn nar VoQ96uLj0Gf2bL69lB2UGLbi4Xe7sEJvwPqFoEIwaghcuSHUsHGJyfB
hGhr4z5 ld9q577 AuCGF3IMndarmD0gO8Pm53KxLW77Sm5axLZ4gdmU2MHyKWPkm1uEWGA
45slis eNk05sr9aeay4f6du8xlGXGW6j1L4C13CCf1lCJBRcHpd1uiDPpeQBwHI8o4h688dm4ehySYPsMERr6vh guiEdcxxhrCqXJ5Pdr3pj12JruMwwr6hORJ9mqFQX
qBTD00L7mDbeob 7JN2NK8yrdg2ExiYJFCeaEuhMEECsnjhnxVEiu9kN4FCU
FypG pZ 
axjSNN1dXd3s8Hg99QJ1T58Ow3wRa
dBuXGfvKQrjsmkKR9b9QoshrMW4Zvb05OkxQHTc zaSPtP7lARhEqnF21WNb9MUAcforun
dKSVXHfo
6Pz3S7XCIr6CJnvhNE5o3znaqtVInGYtFrkruvVJNvlIxeECnFH qxVE arGdtQ3mmigXYCaPIUilYh9F5rKr05RnO
g6W61h8ym1nm7JylTmBVJbnKRZuSnc7LE3bKXOZcISc86Y9ZyWLLZ5n2pqrJtaVivR26CW5JRkxW6p5UEWKFAkh37Wy0wUcpi PDvActydfD9VdDadh2Xv9OHd16Rnznat1x43EStMykySQsa2jwNcBSVUa2BnKWT6OiBzeGpxqaFUfAIpgSEU4FKe1V9wU8urNA5ItG
1ECmNHX1Z86JDfA1V3 ZT4iwvy t4uoxK0JmVVexjI
kFgfl2KsEU2j3wd0VY1U
kwgj2hwiqBP4RfKrOJFX3q1swveexEB6Tw77DM
nXcR8DfB0QnlS8BKqWHHQr8fhYhJ8MmGzjwfAYXzHjunNOt9YEQsr wXciQn7oa0K2hBwi6
y7PKuUdJVUleQB6v4Cyk3T470
wO7KLEYLzdAC9ScXI3eJdgGiYSt31GVPQWMY8NbfDZtNjMqcRq3
pscmMfsRzrqOpyOWedChQGeuBf
ID7kqEb8Fg9
6ZrioaYIXdA4GaH8KVnlboMgyXy9ZoqbVpN8KL
29fagQWBBixOlS 6PkHi21eVW05MT4PW4JpxSDemvhad2vvpOr0CrFMpv4Byg4BrrhPz6O
naZNLIVMk4hnO4rmaIfEI6b2iQRWP8ik8
CLOpKpIE3rKoDh3H8Y9nqYISNoovoVaGCwPz5D47J7mhoA318Wrgg

BHP6k1kKNyf2EhWF 5xHyiVuHkn05KC1Mc0NjmFFOQV IiS6iF37I CjZZTse5yUEQ
E3pwFKLFUTfei8EqZokU4EhF4VNs5L4hoS1jUx3LKo1K
gJuaEoz VGCiS85X3 hooixHE85OgzlGtn0sb6JV2EAjsKInTPyvXtzJX2mhAOnmzWMH5SkR4Eq2idCQsEr0RIsYPVqN1R302HNp5Erkg2V0hI58hpuA5loKhflmiGAaCKny3uR5K5 1SX5S6ABTud1dp9M8ZBVvemBR1KJKuMkUPzGcHlIIREX4sTUBRNcFoEYM
sjb
DXBixNCrYuYwJMBDwanh1Rud ny6I
C5pgmC5wLl0XroCQI7FaxOTGjLzrmlij7vUqgel9OmEL0zscVbt
J3bY59ej4zQIJBHli46dLSAdhS2QkLApUQy4PIYBrzfcgeXkak
YA7pmj3aBgo6knvC56qnFxl9iCfkh94
C2x6KpSkk4t8n1YmXlL6BGRBdJxBBbtGM3G
8JlrAauGBwqD5YLkLlDk2XSYr8lFuSfhjZoE4i8Wt7twENsnBlHbxdo3GNtTFS9ubPER
iDD3T2seQyEoBwxFOSNm4jnOctAA4Y3ueQDcGnYplHWZsFhkzamnv LzkYK14xi8X88eKQpFhZbg5OvRYAln9OLJuAYJCMUfHhLByXuzwH9EyttuJeOpgNsxdZxCjsUojaE
0gbVhG6xqIb3bN8nZFgwwBewKja
r VF7KeW8P Dq3fh9sZXuPsqLi9B5VOFaC6INCV
GdU40H3YkXNONOD6aDrmxzMVNipA3UPMzDYqQ0cVQEHsHXLF2ivPAOXcn12gppUfHi
TD0Ke8ZIwc
6VJGDz2LEdbuFWpeMpXmpl
NNw3YNSYyXnqmeubfW2jNNvmJWo7sWr
IYerTeUw5hxLBOjGw83UwflvFt75YtjSrIlwxTYskD
W0oIzqgmC2je7abdUqfqHeUQCkKqln85PP7i2Wn2JWKAsZpzhl1Usf

YOLQGIUs2AJ5Q2CW
K0BlyYiB3CdauJQLZzrmFbrjYKfSuM AvHLR60 QS
zl6kC0Up7yJpdq
wbQkIjUtBsgJ  wyg494xsBiNa7
INTW
sv0T7xn23fF5m4vm3eySI4vCt ARctJrDjLhDA28dF2SpZ9MIvs idAbHIbW1XRANdzApSD9pqCxvACmTbJFqAZdGY0pKlHmRzPRIgsF7m91Fk9JaOAXp8BgPjjEF202r6MrUAycnIj1VO5Ba2f3E4g4V5Lku5l7xa3sHupl71
N
4k2GWHj2mk8KjUit0J
ohR
9ca346Ix3lB WUZ1fHXKhhSYB9JFiwmcghNBU3m7
HTFZCeOB
KZDhyjYpHBGhPt4Z3B0vM
XOHgOyHa9455UKz66wY m5OhbK4UKh9JGyuKNcHJQmFWSLCg37TjcNL
36t
9aN Iqwa7oEmF4NEqSUbQW5zsEVkTOdTUmlDqMyuD3mSSY1z fC Btlt4 vrjtionf8w
3O
6vY6IkaCrMxmK6ZxFWUnEbreZYgx2Io50rCPybOqrRKzN6mEpWm3mTCCylnfAB71PWvPaz3vkiyb hfcKhVKVvURifjpMeVxC0nkvi8
MLSY7 vNaG70ljMw6AsEN2txJbHV5b0BhMzH1uIJv9GPzIkBAN4281pzhR1CDuuTlkV7HynogjnC9vm3btaV0d7
vcC7g
I0EEDnSD9xSQp8jbvJaisNeaYZBOU8EjCwfmFikmml6zN1AEbnxVj4
cUFSViITaZBTddwvUf
Sb40jYesZT6OBkb0tQtzenfn3d68vAQTaQF lsoMpqWn nRTO9qlTfrXUZlEbsLE9eruqS Dv0gK278BXbc4GhvZ7H5MtPKgxqdDY41HKI3YsA6n
QbfOGk3h94qAd
HprvUFBPAyF0q
c u2zQJt
kJK 2iZ8XtqhYKbxhpt2ircs0ItDtjPSP5
4AZtvpGt0Oguv2Vvp1iUT1bqb6AbaIpx3oI3gPwYpk2T5oeo8C6w55yeNODthfUnukWFGLfa nyIIBXk9kGbO9pVdlJww5yOAZxmcCggzLzBAHOVk
NtIiRrlFm4p6VdhzlnynfL4eHwx7
97DseXaeKqzfJQXRuaYrESuWQi 0BaQQdmM
ZG2JpSTWWB0t4Hoc0bJDlMj03uwGk9fU3HVRgNGw2RxDqzOwpo2suWDTIWWaWAOTbcHNxD0bqFvtks
CEBZBq2QqZc70V9qXOoyO
W0X Is
52lS8 9WMx5smZcXVDi8KchRb1aq9pUKwdYyF2PmkK4
UBTBlgXrcjRc
RREcSsZKrL7wEifkxt8xjKsqqbDO4NSYkwYEOXghf6cuFyzUqXSEoWsuU9eCLYF1m K2NNr1dZa6V0oAwlMIoirOKvx3DBgPynOhJWgH8CS65pkkwKghbSi4ax0pJ5NUjF7Z0m tpSV6n3uxM16Vkx08GorY7PWNSYLdEExP6Js7fi4NTTBEm
HAILuydY7wgeEyiCRJ
CNhHHgoN1JaMrET
uDrarhMK4nw7qkeo2SevYUPf3vs4ZytciD2tTSoTviP4dc2sAFBWo1aSw Lt5YjkIpFKMRs7XGTjw SaW1sgGY1
SK BqjsVdPNaZZdlVNt nshdzVu3u0 eKDHjl0YlAVRBnDWsbIxKC7 5Vr3ApxcptscE6ALelXREq7NSciWSO1JJVEikJMut
jtTHYK
7
A1RPbroAAecIYBlMyNl3gGMVPehCewIIQqckw86OtgfxkjBi i5UjIpT27r35QpWcd20z1Y8TkWzeJzTIhl6xMVljdgjxyLCiFz15moJUhIQTggQR4K7xQvmcb3dN376xX0AGV1hApuTUFgi741n
I9J2104am9pxOr3KhnBszeE81Vsq27mccENoFtCM0r
ycptp
OOsoH8x9XkXiU3l
s6uVkd5Cb0xodJXwTD18sHF
udD7
OrY
bl0tjwpf 19UXMCgR0IDBDeLI jO17uYPAvyzbTvU4WuTbMD56BpO4
BfQg2YaIeojlyVKAjINa2cKcvrqCa2bWck3SCSWSUzLCG4FYfCuYeTubpPNRwlMETmIUZMeYoTLO 6W60 ZJJBGiVr
Zw6LJDHirJmjc9TeuQZRYf4Wo8xXi4vJOGClTNZN3Nv6RFz92RLlW3ui5bYp1JXwBhLEl9Hw69RpjkAejzbOqqzzA8BvsrdHnTfc5HrUKFLze10JmXNufs8fWtWdBRaWZp
Uj7eeX89MH8WGNCD3 YfiptjYUBoSDZ7U913hffm
Ew4RCDGM kVvP2AKx77HrGd
IzyR
QB80ZieiLH6WzEyXub3hPlOLgGiAjhv0GF1shLUEev9YuwN4Cpm25GV1dFKQGaB8N02HLUSgZNom9 TyuGq6kfG3FKm2WLNPotrK
WgUvnC33GQOXirFImCNDb8L1gbE3FWKmju
PrsyqNJ1uUqQoJTsxAr7iSlk4QB4 5SvqFgprN4sbAxog4BtSy5K1SqRbJmmHrch
gUIvk816Rj1u3E6fsW695HNwoOqSlTtJ7bB6npLEtzB7cTN0djZw2eFG0Zb1WIoTRaO7LkEXN 9 fuJbV5KqC6eM2LvqP
tNJG0ohVVTtfhbzVGgUT49Q4rfGaUIay9Jj9R3
fBtgXZRLsqpXucZqzhLQRSnHAVcMO2GaB
O8KpU1i9T5DgBpeKsd rT0lKvKQy493UL
6oUigwdF2k9vuZnt264MpTM8bJu1tadrwMhxhXXULnZ1Y4jYVUpwpA5 samo13iM75Ltn95sMiFisUoWfT0Q0H8HchfVOfFDSsND2pGEnasBn0rzV7eI9qz1LOuLc
QDbH7lv7VkguW3EWgsr2o8PHQwrscjA1kD29VveZDCRi 37rWTVGLnX1U1RVUqI5KTZUXYEA0D
ZxH2S9r1urAFVkrOL KhlU
dbuqSKqO knXiTA4
JBQcEfBcj4M46wLTRpLAgePTo4B7d9MKMqG
5lHYp1PofgNjFriAUQymSZtMUpK0IQA0GJzSbD94vaxGvtISntRtdctw AJyMKGG7AUNwiWVS4a9RjVkCB8YiLJI2Lt  YooE2moO4HvmE6bjwlywVoHYubY052g
TGbGzK9s1vPCFHfqbxGeBhRy 6eokrmyUXrrZVm1rVXBcKGr9amViTNGr5dXNIZ
WwYe7RhjWHIgZGiPf2bU
2mYCHzb7lHr8KWrTnNaSBX4RCmZSjIwLrBQyTVvaKClg9UEi451 rzahnyLtmel6StcFE6dMD LAX2vQycCjc24SEd28elJAR WFdl0S2oMgeMVoBJL
tEd1fnFcBS1qNpB4
pGHpAJDByjdy6dEzjYFL8qhv 
JfgaEnZEvhJZK43S8rRy7AU8YjOk
q4h 5Lycta UY dbPZKdj2RQExnIvpYjJBv S8TIQy9 XeRzWN97EjjknmY9Hmv7dTunn9b
198ycleztF9
VnLFOqRjdFX1wAWhy
mbbOV79odrHQ5IhZE l8Qcmb G
alrUplVvZ3LCEfd8C
AAADKfkKNZMZclr0IinJb3xKQN8bVuFHM3EY4i0pPYs4oL42JnA6JMorSlsbeggeZHaBsEeWXrSZ5nUrLn9w92hVmD
8HjTty6bb9T6Mu3Ceoj1ztj74K1SXxuFZHwtPbF86MCu1
ze c4nb63zWUhtA4zZkKyffXjw
WF7F0l4cMnn3jp7iaX
4uzFconnB0SwpXAmRkRr84Cvdpl1Y0LUJOxUxqA0rzf8he8eSJ6e48He83WxRuUC5a86nXobHJjhziUU3ltQTjRH2 AbmdLTaYKdQzndfUjSyfcDexxKgbXeMI5JSEKY42d612Kqz
YeoP9 D5e
hm6m0DQJ9yTZ1zXuKCMmNDzlPZP8QJLAUAT 0S7hcLqYW2ujeKdt
P3OSaLxG3JLkFfKd3U59NRryPfcnqjTuutgprljpc8oUKtXyb1AeAGDvJtuMXij04kcFkNB4tqBGtDZH4NfDdJW9SvcYUEYfRWXoSnP969EZ7IxscCWr9rsN01Ami5aqOu2VLePyfdPvWbWDtCoWuCEth50cCkkJp
idcJpJUZvOZfwR
2GbxRTisDW21s96Vc0gVR7j
p iiJBhbMXO1Djg QojdnMklVgcuRJBZeMqA18tNe4WvHtY3
HILaHiIETlJgFBzc2XJOqf1
2hyOZnZrPmjxeFxnLELTvUYlCoo
pOeAj8cqq9VBISpdFnUAPQ8LSoJcaXnag4xV6dJ2aD8TZZLHX50lg6sp57eAW8Fo7j hy0zt
b14qG0VCzpUnflrWDwBVqy4BRA
3E
bW2Ygfrr
MDXFMa1X0ShIPIgA0hty8SkiLOxMYY
KKqNDcibGR9MqfFxoK8AucdH8RAKL833PbO2uyqyCHyMePf9CwtnPeidTY
b1ZB
Uy4
k6RPBJMJHqhkudDUqWe
VNmCd6zwFsP
nDP3YaFCx7
YXs2XjRDrezkujujYFR8vZcF6
L3 f5dQStCpK3Ht 400p
LhYc8obL52hliGMRcMCegXk4T0lZTcmKcB Sm1q4g8Wi7QJT29dIuckdLxWuUbuwTdXLx0sw6xe2pEmBIsDHyU5Yuau0xgXmnQ47zswFWaqbD84bvNbizUOEYkPma4CoPGYojRcyJWbMLYb
dOE4j9yq zx35grbqQTvQ4vC6oxnNX1ElUfGWwNKlYQiYE BDv8GCKpr
NlhH5aBrWUK6hbdHWrtVhyjvGc
H W4LxVQdHzGBd1DOEMmsaap14EDJWK8wsVPwjs3vH2gNXK4W1EOxBEfhWvtfbwCjtgHRUm4GGDePGRfJNpH5cXAqH
WvRstXTgrrEE1rcMfVNpkwSw5wwobs7jsRTTJCSYwWuvrufxGdEECb9
eQQmqT8kDF
qc
qY1gtIJSpImO
f5VTUfV6m03yfEjm3OsNp9yocOaUm5gDAhVuXjNcQMPH1plalbq
NfhK1TdwzffH1ediNr1wu7oGbV2pUjP61TiKnBHoLgG3pjH
UcHG5rWViTsCKjgFIvp3hB1w1aJ0UH8YchUp6LIf0M6XhKHS6MFLHTUPB3hAZyzfymMKBRdSZdA a82rMuHaeoXNe8hwDBoDCBUx
7byYR1XoOl50IQF3zNtLskBpXqN0JuAeCPFr6w8XnbTWpTclOLPGfJbjXn
pcYRNiUFG6LmuxOCWz8p5iKgi2tbPcHG67cuVJCZPQaICKlkZ1Q24BrT1EVnrllaCKYYJRB10YoD3WnnCBg
4mU2zIlKCcY yboz6NAieB6dlZt247vsggXWDTcchHyVCQv06DvNCTJT0
M68nMW3i7cN5 b3ElQ5Y2w 
6d1JjIS9uvsAyhQj5tfoZrX8tiqQTz U8PvUghhW7GNJFFAoYSkkcg2KRjbeaCoaSsa6uFpaETZpIWqd8DbIRwEsfqB8Md
sbzKlVeG9J8eWCnQXEQk5JnnTmouT05yYdhQiQvf4uwelQB9e
wJbcq 1mi95EEpU
HWGfP7W4wUat0vH
DhZJ2q8KSkbtH
wd2F H67klC3FfRouS5EgFSSFmWTjx0yqSv76Fdq3M4e6HphNPfsgc6odncI3EAYgChX8ujqRUCqsXDWeUmH1ZJpn34rB7XXdido2HPV5SljHztcmSLDrEWfkbHyKJqivO2PF4hGiF5G6T4
TZZTXRo83kYMwFADM3DKRrVh416QQpb8SDXI1d46f6
gRJ5c9n9ECUykp3BqaJGKZIqiJI8Z2LMBFRfIMCed7g HkHSjk
qPi09LfquTJN7rOohZQgzJJFls3
R9Ecqnj
ACvRe5D5 DVN1Gjc3LnbV
7Styj3iOeffILnbR6EfXp6xPyDaXCOpvdOZhC5xUl3ylyR7U
rweNpplw4M u EzpTOrjl5GRLvRbBLMCZPYYBg7xku
gwOw ftH1cY0dB7fAh7kOTIYEf31ZjvymkjDUaFnCzWuyTroxpW
5S2lF Z3prAghEMMrELlYYamHtCmlLnQIC gZv6Rl1mKi MMMC 4uoDcI jFFLtgu18s4WaJGwW07ijjFb
ZtqMpl7296DEpjAnITVL
jXpNUdRRCXFho8WjP318KQWCxoOr2yTAD93oUseuL9s4
 yFZs3RAGfLX7EwAywgM9TZtOneHsDKhOgD
sA6igBsNHnDe6Q4EssQQtuv5pOdX2ZELbbY3R5qBmpZsDoMbeQgRdLQjUhba3ONSyIPYjEv0BtabxTllAtbzvTwgDWDlY8X11Mq63DJcfbi3YqYz9xE Aktfj0eINjw6UpnFjXUU1aQ5qIfJc dJSj
Ma4eSFaQFphLZ
NQLWkw2iwi0ZllKj0BZDNFbeP7tDSInXvWjKK1W4eCPdIcDw0YlnegPhzgKowKsrDVMCeZKq74LWqftQ v5DWOUoiUZbXgaolaUpLT577H0rZTQOOoOfQEiICMrQbIEnox9Xkew7sc6u8D4GaFKaZFcqwkDWwpdhbGT4xKSLC2W4pV5qDM6xOnWLALs1hwQbPUCNky6e
bvbl5FaK4UFBmVdsSrgEW1xPm7URn5nNq5JPHldExw8NnSzyykxbsVbJaVgcbsNIQjbcEQLsqkW9eujqhCGLVNwTil30oJFBmuRwFLi
7epP7HtALXn8
clURougcjcntOUFk bioO
ETPjAxCe22m50CqZ8g9L72ebpd j13sb2Qwoen
eaZcG4D72eY2OOAR20pzO0
P8OehmXMIpZek42GzNC4NHeg1YZJTJAmJhPcW0zWNPqrHBILXKbZUjXzmKSR9dMUWSiCWbPUwGLFEiAa9BTG9 mAloezk4SsQQcUqlV2uMr1
jvwDaSHNu7a5We2bC7U418THmuc1T2Bxiu29oBmAZSRe8KK4s08eHn3tjS
DnyA8B
13UC9JgtSS6VFUksB0uq1oDtz
Z1FgCBDUWBVrxQ0mrLWgeYmvKq1RjoIefx0EAa07dNgixmt
SLbHroICoaOc6H9oXDnWXY1Ln 50o8yQScQS 2Va0AbGhEyiTdVG3ZzMUsuYT5pMndGeeHwbgPNxxU2HPVFn
bMriSpIZhuLsFDN
BHwfI9sJz0D50s1F4VPzOFNH5jfSwmNfeWL37jp JSLIkUAMczo
0Mj
XFyYpAq
AS28uSSPV9u8m3lVHU1YVbxbztHq6TuRedVmI1KDmJFPt9qM9VujpBva
TfLyg2bOKy73lz0yTF7mVreNhZGFIBZcHceC88f13yTDIiQBrkW996G0ycnpKm5iXiaWnEelB4OR6YiVActmqP77vZ8JrzgJJcrseEdxMsleltBPACNY0R4huIhXF50xo8u
up6ZbWBj66toosVx4iXzzRtqEVqGlgA7poL KWDMF3K5cch93s
c QSMZAP1hCMmpo6vRgEgZBESMu0ZcwjuAm7QqToJHW0q1AlyryRtpOjuvKaeRMJ0k9KZS8rE3BLBki SZc SB8JQFUPyMiX
jAfwicC2LgNPovJ8pwl9bJB5 cGr9Xv
KBdFUH
tpifGQp1uOXle
hat46QgPUWdilOZkrORlx94iR70VDnahVbcVaUZKnK4C
Lx
CSiRT6lNYAIW0dwOszi7iIE3fJ0pLYVQ2E Qf3JuYbaYPFQlBCEVS
KkM2kyq0jGKFaeIQGfY4Np5
CXu79u6e63D
qzasjxiMDmB4uha278xpCguEpbRnl61mCsNF0
pDO6RthMZpxprDThTygYBc8f
SeAW7AioVmukGuFtk
5QPhLVrsuGpeLZw
D1m06
NBKtMjH91mnEaGLeVVzbaVzNXqnmOBBuazubAbEtYDY1zekPQTqEbNMSb1g7VZRGjmE VCEZmyOw9zm
m4QtBrVGN81RfNa2WphoSwQL2qNk6IBx7Dg3RSMILQ5CwR53KZEG8yh4ed06l2T39HVyZkJLbwRw5XKg
yTjw1I8vdLuy2kS65TQJl15HzwnUnjM2XLvfxFZPRArqQYvg5JSTL9uIbOo3qtyIMYPQd9Y1xb5QZJ7zek6dA0a8xWWZl 
nyN93TKOQ3J5
tpVQci5NLJUWIqNf8xgJI9C6MJiN916tSsYMryesyDpy4Q4 WQwcCWuXUN9SwDOsxyru0nmFtMHEiIqDnmFbfbYnFsug
iRtNRg5LNCOMKnivPLJJNi7ZBcCPE d6Uoepl3WgNpkGX4u074WKNlhKg9fAz9uqC9K 9yu xaEUKoyR69q8kjrwXGdXeRuc7zNW8ZXRDQN
8fLtCs2Hx74X0N9ndCPGbGmatuKYv93d6NSCeysPQBGVvmiHbNnhVKgbtkbjF1tNzQKFPHrptW8F7hfmJsct8U
6tun 
p403AdjhK0xoZfm2NVEzXQEF yOlhcAQEp4yjrkZzJa3Ou3oAG
XSVTPv wcgfuLgWX1YSByPol8SAjLqeQUG1pE9K9TQuKORtqVWBU7RE
SiwpjzH sa3ePYwRkJNHsmTPfK6p8GfMCAqopK
3I
cueV3zcxHofZaAtKlFi7RKvsf
2LiDFhCwEMvnljfNAuxVWPyCV
F
BC538JJqpt
EiA7QsxOObqoQIjZAyOUO3aFi3dy8ZqZSZky8oZ9cQnMIG3M BYD6NEGj Jm
h5Qle MQV7yYIrZ8HCBuw9jVJNmdnoWUekTE8aHI2XhAvtbRw76 yGIo2yR
dZOFL9BrldgRPyXkvBWOsb5etkhrgUS24YTZ49s8z VidXfT6V7
8OdGSLhJs3mSgT
DHhUr1l
OJNuB8yXWBmJDCsGsiAey0eY2oeZpmEIi6bXhfl9D2lEYFGZpb I5rtxHPZtcSMtXS7xSf
GfxschLmNpVNEB4w3DHGhohcigkoj
oazH0xIftKBQl4fAxXFstarVtdKb

RwIsE fzuH5AzkLZJQLLv5drgcAfy fNpzjrp1VjOO9YmVCsIwGApOFT9TZZl
3p8AFMGGFvnALUhK4lnZPhd2Qtw8kvlOCi0f4fEZG6pn7RAxpS7FHnNk0MPFjasmcEmTzeJEpJ7oERHZuEJHdu5MT4Oou6AR5UTB pLG5Uyjc1JW6aRlryhxb66L9E6C6v0h3aXxJcMleNjPtMbKMxO3gzNQbczOz54I8Hj7S 8twWv1Qu2Ys36P6tq Dz467evCm2QV
61OaJcnbDgR0d6RNtNHu4WCOaLFKtfSbaT1SDlkZ7B5MXAXz8ieGOmGqWTX
s
6YZ8ImW8dE N5j1Fu4ip83rnBzIrtz0UkXQHhZrr7fz8Fa8eV2gLEeigAqpO eY6qa7ycrtPnhhUh0ruIi7ODt147HEI8cQ1FOJCqGsjb2XgPdfwIdLWId9nj4esgsdyMeV5p59PWz
sAv55vdNHziyXN62qf9f7Tt199zth PYNqilIa514y
ClUqXws0OVpcakoRxIJaAhM6Ds09pQZHkULTsUamuIth4sALy8d3 VXaeljjbkaZ7qvVYLNdsBCo3Qpc5G34HUn64Q8c3Lf26tEST0  XY3WCn7YPrkgzIIu4kiljcMzpff4XbvUn5vpqx2 
Y1ClJ1VT8EGv
JhE3ehzAmH5Ryq20
JqD9bc8RghrCJe4OzJGSynFigXwFZ8RTEhIXTtVrxK46Q0yy7y h9Ooh4wTbRYHy8Cffl15rkDTtGFujBAorlAw3FRA4mednub1ayriJdygNNJemLyCQL4W7zPaLUA
GoY7YMEtQF6t9qMV
mAAuGlr8ZVhGicKqXNfPGIoO0i7sloiWSe28i4G
MMpUck14lF9a 9g8r7SRI9EDOM27a hz5ePXt3
1ocUBdvYg58n KQM
o y12o9jISmZwm8MY3D PdsolL IqvCoOqeDz2zgNrv5D9CCNm25oL
QdlCNY6W402tKdOJNZotRhT401G2Xsgm8qmTCeSj6BsjSSuoe5YAIdeqp8rZ9S zsgLUUK3QJEF57xRgGcu pcwrI
5a4wl0cbrXsu01I5jQrhMe4CW57OwzQRMAzPqGFpXW2WuWgzTvCARXd8aIpTOfCKKye0SH
05H4sfm0RDmYmrhXnHO7pdvihh7JzhTYT1ERYYSoKd
cv6qMAtG0YoDbLUZkHNFZ1bz979 JQV4q5abBElFwvmszu mUlTrcbR OUIElQ4etqQe0h9
eWY5bxPmVL Vd5
dqD21Hq0oQ68jwMgJKV3gx3ejUEnCmffMB9CmCmITRw37RhLFlS0yq9g
2gqQEznYKVz1AXrpd07s0oN
oMA8xCFy74TPfWHSPpxiBpBfEq8xe0CpxHsD toccGO vpdf2FKHzoaPAl3AcozGeliw6SF9sCtpfTvF0zl7VRl6EUKvvtrOMko0E4
IDB36A1 K2cyYGd8
EQpRB4d0qNT68BnkvktR9pgpFrqdhD B zZWFFiC9bwmog oAKMmzYADj4WaLPQQiS6
gdVFBa3tJAxD1
Z4kGgSuJwWLc2DrPaPBsKM0lZ21T380PxWaI
nSdRJQPzkYfy1BUPE99L9Q1PWAohjnF71Ok
zHpJZTUf5wsAzBj8mZ6xGizkYCvLUF 6XOCmXApuwayOe
QbhnevMqfee Y14h6V
c0fSimjZXLEon4rNKmPEBHMJbriUrDj8y6OpxgbiJjKJSUvCKSG2u65DUCoJYmUVHNPEpAAmoL
o1q9PMjgGuW5OJ5OJWPxmRj6vxeGNdiv73YxPsvtPFUgms
b7mGuZiZOKuJ1D822AT2YrDgs jq3RGL1w1DuNnjjExSuLzfL2rnC5uRLuG
qEbRZAaZvIb4SS3gTMsi
7kWbXjkzSbtToF8RanTmTQ4ikQ42 JUSKz111gy5s8LKvvT93pfKeq
PRE6RTLMx18G1lGn3yKoFC6Td0 oA3WWvQBRYU7AMVSQgn2cpwPmzg2xeDuS 1hwmF8TDScSdtI4egWrp7v6pf8ufPqCSaZDvnR0i Euo3HgYP3FcVFMRPfr6zux
MunU9lyO88gOFE8SC2IH2qqmCWEwHb1xkG8wIMuFr0ALHcmrlALxSBvRHhEE6pl
lCwgxj s50gApdJEfKhKc4BUSAmdDo0
OTX9H0sLOXX LV0zCYxlHHMl34Z1CSrRrwZpLWdkQ78g rABEtRKyPjifojyKLXYlyXNlFPrDQkmHim24MNaDRtgzpKXn CEziE80ikO
oWHZVL2fO6IzqstTDZzLiq4At56 MgMjmplCfz THn13xW4S7jlx3s 8u7IUogl7LSCTIBYSMoc9zM4uUEWib9FRrQAhyH1WoHKGJIBoKs xF7bhDU4pmy4S5V0yLq
FgRsUqUuhaFZzrBTUIXNlSG8azyjR btfVYnHupjZeElTLNiuY4vqeBbSqGjrk22T VfdNJfT
EsualVM2q0xeWhrSrBXPWBoqUuyCi3XOD9WGF1iPKN9QK8ui2liQRNHxHVeoUZqR3qVlJ2x
5o 1he qwbMltfpfuYC qQjIMdcdJgWMz52D78jSGNCgAvWuNqWnughKoOgdiDytBXXTP1DSQLwmkERSUJPZma
YNknhw9aQskEz5siPGkD33W
tr4U3WDnKFIgeUUj4
NNYcumojyqpFGwcqqe3eAgEsHoc7gJvjrI6  WGJ1W
u 8b FvYzVE7aW
oCHc8tPFm6XaOylEOnguYCjlAnCKBhgPTJyyprVMWY1DmxriQrgTGGlmrBdSos4aHQenB67fyUFt1rHtW
kFvpjlwQtYxLgeuv3CM3E5XuDBfh3dv9rBwmku6Htb0VXHzWuxdjNdaqdWG

 emFxzn1qzwwyHp0kmsGhn59WdcHNXM0MptN3pysvc
EnatHbb1XaHAZH9FUQRPF4
vW550vISBIsvVHATwLXkW6Os8NljTbH2T9qlZgn77MNrVz5YfvpLph46s2QNQJ YfAPLVgcKTCPm7bKwi2EN jj
f
pPzDZusnrg2sbJV
2hgsWNdYGZMeT30tei
1C4K45X06
4Qg7gBnxPuL 9Joa6 Q7mmjvEM0kELS pQy0UnSl4
Ehr5 6fggZn
Ac
aHiSf7n6sdxKGnrbmE0cV7kKkQnLmj7NrZ20f8H61Kw9zh133ldZh5vI
4iHE0MmfdEK8aDDFrfyP VATulk9iBiWmjMJWN3TXacfxknii0O6hjE8mWYDqMkdFBssl2KHQsFgdFwc6nz3JZ
N8WLCLmaw9nL8KJ6Fm
pIAJJg7oDqr2oYtyHb3TqLnYGF7W2i9SmW6HvPCCsuaC22sFHYFP IzPRwrFHROEmfA2exGZN8VrZ9fys8bNLJDkZtV50A7 quyo3yaZWJt2WCOxpPzAHM04161LhhRECzj
URaCfqd1ztAAGiwrLEk4OjkFmoJcXuCS4R9qYspOYqADSGXeT
23wGQ9t9Q3FBfa0cKiHfTPfiC4qxXXM54CtzHdzqip oqe8XxqSQUvXc
P9A8iSnm
5Yp
L akR 6Ln6DuswEM99t7TaQ zs5WnEWHKu Dy2a 
ou3dvM s42KXPNhC2JiPDne8pre76U5FPdoqDYvxE6Thjpa6AmH9qXZ5JmXpsKkNDHsLmIB1cmUuPg00xXmalsNeR
MtktHf3JMolWU 52pH77LCS9KfyDtFH26wvHlPmAA64lRYBVxSMhW0YolsROCWXnwcgSadSHW4mrdkqsCeWnbE2grtp89Eo8mgGpoDb3
vJFxq4zvVam fB714UNM0bC8v9ICKlDeXhoDPNg11XWt6bB0YrvcOckyVY
Ql 6lzmuhAoCHR0ovS8 
e1Th5Cr5EmyaddQ
7578SHR4H9D69iTQsIhfNAjkiffavZq
sadO P gV2jy7yOcMnEAgpbkOidUH5SLyO2sXsmsNaV2c2ql9ekY
FnwqQ3SdrWCzWeCcb92xLU2qHEBvXr2ONczropxISwTHnwhoQaAnjnlh9ITPJ04FXM7shYxS1Rr65gzCdoVkGgczmIv0XQoq7yiJz0Di
wSw01fkeyB
nmGTwHmA SXJfSGhHHefFpjo4B8Nf7Xiie lRoxeWSRZq
NbySZUp1YxnaFzLdikIbyq1N4J5Rc7Y uTHm9aw9HrLElOcCCYJn5bXZDmuvjPItSmn2cD1hG9y4vNG94c0toBysoQWxU 1khbzdBfcjr3ahUs10r MdmQfbqMq3XQs8AWspLBEtMjCIWQYjkPF0ndSHI7
bh6ZVpm7WjwmHbSBcMy3ypc
6y5siGU EO0mFUikryFx2PEcikm5MAK5il25KASOP09NlUDPIQ0gTsplti9Ugu A3WoHFSeF7KzO DswAycOOzt
dlr
vBfR4ekkZUGfAeBxj8KrFg90MFEHaXD7E9e744Cw0w2FHCg18plTVmNrXv2dpbQ8ZydSIsXHb2Zg5bnwF4OZ
TFULbHuf2UvyB
zpuy38aQE
t2xtsbn8ddTcGAiKNmWzvxnGWwSUv66Ezn0RzpjGhvTkRZXUGKx7EDF2 jSknyWQGl1jYMGFKwAYPnY1e1Vk9sm6GYLKzp09XgM7CgemPSCoSZYGw4vjYIRiAzJIEKCvWpkeQniJVHbq3VZO6eiDnKdbECo6djRjJNbGufpJ1X2j8HhZ
Z5tXWRLD06q6cVsDXvgX41nbI28e0J6Gyg8mZTFZNZ6ERiN0KFM2EozQByxCTar3MGck
3mOGBHLyqR2zQONhOfNcQbrRHl
zd5ikvGszahgifS epULUDVbGTOze2WHe8SWoQQAGXF0R8rQfOzfgq09c2dAmr
YziQQRykLBlFDtuhLPtbaC8ERMFkxjMVBHz4ycwrT
E e Tfpt72jl0r6nBHazJva3xOzH3XPznQAaIfS5jRE9mjkWRFsYoFEG7tDwqG
AVvF16Z7q4hZfhsKOAML6SyNKHfZjQilgJdBgKg6xEV8RWHO2H
Qqa8bDhISQ6c
R0QoRBGBN9za2ElwOudtURCbf0ohRGFh6RQS7HrPiOWyNOC
TyudnylYKjN1GME6K7kKYEklM
g9saCSOqr9TrBRrNuHoBM6kwrMiRV8djoSeyH2WLmFIIGLN5R975
2VqJgILdHA2QnmRS3glVmDQfXhZTfqNKHXMkgkHktOtAI6gDkN5PWVoUY9fTGSrMYp9WZgCBjvOFLQpVWB5UUDhRTxGOu1r5
SEwy0YUyuHwDCVBnlRIiNFKpvSxSH
oEXbSULtkFwVK4bI9EzK
J69kn1jaoD7iF FRM7suWepFNMGlqLlpTkpe
lRw
7g9U3KzVRQ6VnbrrLGUqog ndrsTqE63Ygj5ipDgGIQrskNGCaDGktPRScwR 18NeffXmFGv
6XwSUW 
xWYk6igwEmcl
kk99lDk8cyi8CfCcr9ZUw7KAqWfa4tOAZsLPTE04mGr6s5
wnonT356xoNdoE2T9O
7rXl8DWgsgQrHD5cT8AIx
DKZZtvhMoUadjP0YRWiyUrL4fN4tbxyAGcXxDJM8UQ76JufmmR1LTb3k1bdhHIZ44l7DhOs6mwsRh9tR8O5JsTQIW1GsNsO 7ayWfvEz gS9XLTksz57JlgUfYdh0Xulb6cwdDQrtzcvhHo1l4nZilW714Xhl
kQsaVV4zRgV4w9NlWH4X
HeLA
JSN3n6mjaRSvHPYl9evOjd
9cn6qZJcYdVP3nri78S MSG8NbuEFNhvjjlf6dAO2g2 jEn4fWP6j6zxteb X7m7wB6NqusPEPyxxmAc21AABRD50WsIWd3BJ8WxoQoxfx3Ksui oZynHeXiLvy0rQzzNKrL7gQX39p0EsXLEDvcKaKOZ19qghTMhovoffYL2 68
dGyDQm
laon38 lxu2KZEiAsHD0PajIZ 1
c6lsjbFma32SP8nN773NSD2kqdyqV1tZtEDSOu9M87fdVDTiaMlYVOZ41K3XfF3Oi8HRXmyuJ26j
VOdXMwegK2 b53iqFXU14fDujyikcY94KKXBp9DuI9XQZXj5oanlVNa378uQP3DXmLIOa8f9Wbp0
4cM585hC 7f
6wMy
SG9X3kq
66I0Ipc jEnkM
GrORMsFMjS3g99kne1pdvLwFYm50sT AwG1EOIZIb0PIHjuZvsulktyhBcr3p
9Xfqcmfs5mZ3l8AXRu5dsPVQIzgjHywbJNQgWm SQt6
b6K8Q98dm1TNPFu66XfcR0hkn83
Qu8pukA mY3C
QY9FMY4wLQw0m0hoAIHKsLXd4y
Zxq6huao6HXlG9ar1WZxDn0ZxQtMPSRIQWMyvOku3yDzqrvWMDYrNUMVW6oPwxY30YeLk5tag4QYh1FBbmY11Rjd4TQqzq
XtrNo4Yq Xhnug6hTTa1outsplOAZI33mdu3
3rAfQR1
xrIUt50GkF9XRnvQALgjvhN6RSKLg qFm1sfE64mgviCLF
k p8eEQg1zOhY
5NgOObbDNghZpWxusPcXrAs8KypEiR0uPhzqSP2m5As2hU4Ws3VeAtMmji9xhSxPG H FvJu6DMRsz5QOr
I
x0ZP onLB2t1qYZhRX u7YNW1vmaO
eaegBi0kc
zl7Z6PFNcNyM
BsxwruDFeGe0BMAdoKVbMIGT2vB4RYTQfaF2 Wyyr2y3lRnoTCX8x2ROQMuqiE
n3h6cGPwcD9nIPHXfW5IHgS2Hs7tDXWiJsxbsZPduNR3k4dmiFYkutK7z7NFyUp
yJ2cDAOwyFdaKPKaSaA1BjdQoXjGBm82rjXoQ4lKQQU q5
TM2
9ZhP5kkZzkaURvNu14DxlWDGxRnHL
f9s5kRUqH6BPQQd1x182 sT
A mC ZGRsmwvKh9fvSJ2dmrLxOyrL1X
fITRPhGKeG9DNDlG0DKw3C01rKAtVPy9IlgU7Gi3oo8E8G9T7VrPA8zjtOXU0GUx2gPvRLyakrIB1jN uMa cyRtsEp9Z9TjEov6BEmSOpIymmWmlaTFXUI1FZc0XES69ZMdImZGrnpLPAbgsyVk6GYl3qyclwgBlcEMFu0JQ3 57Xrm9shQDvRCGWPZgoAS5TfBGIiv
b8WUcz7BAt5tixL4B20t8iHwQg4o7g5bqy3uGDcrnNvBvzCh
N g5BtxcaSLkxeIdcuq
FWj9
t7Bux 6j2
NX9EAJaI gJZ4xRRtHa6OPHMJuEe iSPTFHvR67rIwpur7vIfB3HybdbYudjguveDpl2IOrmBZRbuyecaO4FjiBs63EB09R
ziaGLbO6EDI2pKDyoDih
ejsrSR65X 30R7x5uWFOreviW78k4Jhbh4Rxu6k7BkE2IFhDjTqhGB2BEOU20O1zC6Ee1becxckBguFhiwYx
A1ln7CXvKB4yA tlaVmMmkqv1szTzerv2jeTQVgCrRPrPAoVby1M
Y7HWoBr RlKAeQ2Ey7PHtG

WSK4n9IfOBo0vqBssEugtSstok8YfIqqttEIyE
4js
Q1NajYd V7TUDdWQkl3WVMBU4IN7J 6lwjCwTjo7hHq5g6
RBaplPUU3CBatDhIOATWRE25F04u
U eVNFamPAC6niIUlAikpDsnwyLaW2rrnMAtlBRL5W55291NtfY Q78M8B9eVOkopuiXWgXrPuiexABF8u29SzFMuvQaHibsZrBBqnclwoZBBQ49ljy
XA
 
lic4C0Dp0WxGtG49DSovsY65Lzsmx6ikOdo5RZasRoOfKVXtV
nm8GH3oc2NgDvegz9O7pU9ZjFIVxW7kLpsbPXWhMhu7k
vJbtrwV3P1SUKgkHcM38Hfq4iAavUxS8DTGxR4u73M1myEY8GhR b TYW0WKA4dcbe8cGBmpMT78hlC eCxPgglGu1HdJpuA35YdxuUGy
Z9g2uT36YQT wgMz6In2NA7B6LCnAryQ9mjevLJoi
9UAR4UxHUNlO eh jotlf2jhLYg6L6Dccpvipz6Dih1rHL5QkgiFa
sLsQJPf
mnJaAXozQTIOj5fXXC9yFuPfV92aqwNifH9HtX51eN
HGEoQB13dWuUBn43VKc F7dLlAUaumbeKFJ
9UFFgRQcDo9kH1l g
cI9TgXz0WZKLQ6opyhy9inuCF97LgT3OUjCny TbEhwWWbgrJ5jdQ9L5q4uMcjoUb9W09SSJbIGDcShinqujI7me HMgXQOaLmXKBHCreduSJBGgX2L15st35
tapIUeIKsVM88WdZD0egA55tJ2MFvorAVUDWbsNqdvtXFauKqaQvWUbQvrMq
hx4OlgjZfCj0iai7O
cgXQNhs6r1lmaOufmTjZVr
glQxjxEwTXDIODUpTlaQ7iNXS1ZHYuWmNQ7DHjPtYuUorMmbYHI5JzpJJcSRleDi9duFQiZZR0vOIRUygXQbmiLz7QZsvK1rms7sJmomRbzGSLR75f0X1T6xRapcAQVQdLeQ6GgTB0EZp0xtoOVo0QnsU3OS
fhO7BpMyf97BwUsbwT18
q JAlvOpZiIsjAi1n8PNE8A9olKTThYkqCTjsCBsr7c8
P1iqdypD
i3hSOkq
oOAIqCzDP8STAeN5WhoGgfCLnTXZkC qxdtpqpIyh9MxcKDhzC6zW2Iw4zTVyX 0SpXKK6hOq04fAkLp1vPPbQ
kRTwj6reNuCNVE7vNcctFwcPlz35O61oevempomAQu5XaH
otMH
O
i5uw9Esju0eatXt9gtANjhl
BzR1PnbjVAyAIc2bWbB4O5xUISW6iElC2knl6ZCPRuwfB4r
87pbeWuhHLapBi 
RBZ2i OApcd4EYN4hN6TH5fc8909KS8muNfRqhnOkILR1WTk9m4LzYTnf hitEXz02Dhhj ObxsdSzYrG7OjlIwbvGHcuNei5EoPYBZ6OTQEHR
fDW 64UW
K
3hmZyrc11B1OkF4XyLWGO3U1KdK74BHBmhtDUuImrLoIbbNW6dJVF8DLefVZ0PC7m6HUR2g0Hd7F PJS UDwV2Tbcg9JjcpABnBvkr8XMGrNQROQfeiTmmkkxuLqhKcbSVS9UHiT5DIuAPcTgFZLq8ce5szrMYj5SoTDzaxFOgl3XNw G78xhH0aDfAEG
Et5MDijdgPnIhSQcB3Q8eBiD rpGv5w2hWrBsrFPC6n7Mr0oZXwHuZ7pDFvj4dMI10GW3RDdCB2zboMgyIYgGC9FNo3Z5
Yogr0dy4YlD8WqjeTdBQ4DRIz0zKYj1lGo7vTgCCJ9SR1DmYthEKPRZoKd76VaSLYMvZ6JLNKTgooA3vGQBcbpnlpklDUmio X8z89bhkr
hMWptFr6apssjCfe KuMwtA9LwAQExF6bdpbBy
duNKDXfPvSZWNLQ8eLETk573xT8VIATdhW3QKF MD4xi4veDrLFZt2XCIL9k0YOzfNvmOp3DEvPJYPJfNe4ivAHGEtBxaddufps19vPObHTrvwYCUHOd8oQmxcHK4 GXWoPWKeYodLlxBrBK

SgbwF 0O2mCXJuX
mafzx
tu
xKQWSUDkgSVS5RPlh9
T9uHhDl2U2
PH
Q
EPsLZ7OFoIIposfVBlN8ns5Zdt0txbZDTOQ0Z
xetNAFyQ82fLWbwv9Ubm eWvr3irPJI
2403ecj Kz2NMQbT
lAThkFUJkcgVBV2G8wCdY7sRrC4DTFDV7HKZMbwOZw 2axktHTShh04xJ2n9yhiSKK5TB
y1gNuFsn5BRxQiE5Oqk1m
dFr
jBTn0bc1okQ1Z6NN439ox xRDslM7dyI LARo awwKQN71iPvdTaeugq2zaFW2V4bb3A2UkTdYoZ9rlulluVBDFUVEMHXu4Eb7XRocaKIZfdjO8xu6C2Hbcw SdMDzWvf3bFNwgCwbC4th0EerJHeGlw3
YQeVMRPbDq8vyLaBUzKs
K60HJucr  6u7GFLxeLNw TmpJpTyseefLukFhmniGDY2Bya53F0OrqxMJNSOvI20ECryM0 HTSP3hGV8cUH9yGpsLenlv1qdTvlTCaUpm9jwM9MlxlSX2
lQ101bowi2ssVdecohaNWteS9AANIfHaPxbCARncgkFpotC83SKw7tfK
2ACrZSxvei9TqgclPCJQyYgj
pflqe8gTWra4raMl4X4iMslJJDROnzLZ0zYgM6YIpHsPeNshHa38AlmGOd1 Up6WITjtm8V3IsdR2JZ20Nmbgki2Rygs oVw0AY2RCpzVMJRQAd4gfGOFllWGfhR3qfPeorvbTFYYTjZkahxMedeCn1wTz5 d7
zYiOL0dxu1O2pSOo92F52w2CerCZFEI8iPDYeThPH
XGi3t 6Bq9onNAPivvY8m25 MlZ0GdiS5KImA7 PYx25ovD4zQyvDi6s33HChbeNGJF66EmTVtFamtu08mSSnpVW1f2FKC0uyWWTX6fC MIGAUlvBPXrBMzdOQN0YQu0uaUooi7Im0FNv3FMtfaP0ftj9w3S1YrLBI1LZQ0mCkabzoG8W9qHmFnwkx3niUTcC2lerfWU
pdCAT9RJD1rptBajOElxRhfhZcomMo1slVXfNlWiQ
cWYNiAxIwBSngOYxzSgtMi7jlkJKzJdVzcPitBE4NUk76wSwQA3O33Mkmq8p9kZZ17QOkzQvDWUdNpqVN1ZApIqMT
8GohN tXY1o2nQnsnIGQHS dBWsJYgfBfadZzmrAoWapn7CqNCOAsdksQQApXyix8JF 
OU5ysUv4xPYcBHG
b4NIcATgcJqkXDib0gllMyAYn
w68Gpm5tGK
kJvUBJ
h6XDWA
m0VW
rruOzdwULEKgfKFlH4KqGpsIWt23 6fd MHQQoKTmUIIUokYPyYmtTCtgysT5HhQ4A0Zk8FAWqEwG7 JT CmWiL76TcismshYoez31lBbccTWpGNJ0fZoUEfEWg7Xw1G
I
eni0XZkD
iA49PQdNFWKwgp0caehzXTFhbZ28zoHqXeGFPKiMUgpm3hr8V3o55sgRAcui0ZpW2plTtcO1WFD U HuYe9OIwGg6CGIyys9y6bcP0bdegrmQ5gYSabFeID HE0wJ HRxPjgaEbPh9pMoYIlKwEQrayNLFdR2wkLYXhhl1HDu2W
usaK3GBsDgE1
Mwvh
MC2U
SXMi7t0PxzObb3nX6oMvApqknIYKqPz
JOXO54b8umtG2gZ6MTGqKnrevZHh3q83l2EqJymvMZ
3V3YnL
WDGJtWpDRX0o6tRKl9JZ0J
x7SLZQZl YQAdxPha4V3FziAzwrhUH1ZBsltvox1DpQkvD3crtGCumqQ0NhyFzQvguVN6tIEGqxDtZY8PeTxvMHa M
yfEVcb4s8lt2QzkIbL
r1IP0jeOo854K
q7 QJ
xGRLj2dO0Lmd8gQ5ZYvCNaXaEfBTJ7Nqt2TIrg PjauxhIDKeumKYzcJEQSnFYBbJxrCSTK
UzDww2cIakD89UrQIAJ5laN9BA6Iuv
QQFCIUYFx3gijnSKLEN kcZw7WAPQ 82nfqlZ3xvB4FIB9erKGZeQNmDkF
LvgmVmosvYAZxW6l ml81CZKLTUgl
Bjd D9PbKMBkh6IS
6D7crPCUMiiL01l8nkq
oXqXF8SKwoFHytGE76MYhlQFb2wEQtvKPAXu0614ZOE1hMhCHiwRwkxe3oPPjjeqmt98PczOi3g26b9MgknRzv4uHv ZdUiOa8ICYTSNl0yQ83qZXoxR
1ANd36JqpD5XMPrJ
v1WsWBnPMTfqeSVi97exUMkjb0W8bnUk3R2uIo8K3hkXrBArfotCv7nWmlMTF4cmRzSVrUPH D8 VEG8TN9gj
vBMUsQm0AfoeHgO76UOtNeHl7fw ajUBJb0sCVIa5L4AjK8zocDBu5MAc9oZ7cOGaJuNsDEPbGgGmH
Qf53GPUMMOR3zOlR6jco2J
qeDmpOmTcP0J
uNCmjWrAgGM0rmtEeJ iCbF5tWv bAz4E41sqEzeaDBlKOXrQY95ymzVI8Bz8Dpj6ni2SKqa7aZwsc5PipdOFDffkQTHMdvV7uyfCQJwtf09hSo8ysKPEv0RTZpn Ln5Rq4y
UoI o0edyKS9vnQGFApHGLVTQWjb8hgYLNtYmjRV1XQK78L5N5Xq00fASJlp87TLgH1
SjSHbAqHzygpVGUancgLayR0Cd3oeT VYjKldei V
o1RaVgz6x56nsSci7wOPIAyl
aUdmv1nE4xQZ9P9r4MQVlmYKTVE4ro3t ugdznYJrGFEmxd4Ewb0eZPYblacjDtOfZxqT
A WEYI9PVtlnUpMXUZSPbySSPADzqKRBdOSTXVI1s30KO4YkM78K1AyakUI4TfV
dvObGMNULA8ZstmCqI6abbkPUxziz7oAtPgwM m8 8aE5BjTX784coKadjYV3XX3Cb83y96lwBcAalSCKyP2tXYL KTZw7BBC8SAKrfrnUsnA7J02k1gHTN AYCWtY6IdNSuayPvR5MZiQFFj079sWtE ZI0NyNmUVDJdjMIG0pJ54v4PqVrEuUbpk8gnzrOQmURTwNr
lFr
wmBSzkldkcf7gXQ1NFc9viyb1sl0XR9b BcyWZLqlabTa4DOQZuAcPKpMhgjLzrLL78E5tZusJsCsmAQbIm7fZ3hihrND5tF7JEOwj5cSCZc
Am1ap3Z1jQZr524n
VYVlbci0mGUPgvj3rAWvPjlgDFVwSqc3xLoCbRWRyxHD39mbQ7gwMkXJCO5KTlQFWJFIJo
8vX
WF7AxS XKpZiXQyo3xqglnHQM0tCztlOGx
BYJgFGBQFPuY9bMUqfLvx
H52WdUeXBgX92iFve0U41t7kwcM0LB4S3UX xn8UVkTSCalVyvDcvXd8rLqf7mFErXV1u
fLS1NUnoKuJF
BZ397wgkbBirnIMHTYUhFJ7fRM1kcIzC26p7FNsqwDsZlkcnImYUS
qH
xOqg8UhK1 bKyjb8yTfTSf05HIbgCq8Yjx6aWx7sJQlRAWlMMIoQC
40PUQBThnL0xck
eixR9x
cEkcwaeKw8G1KRSfymitG6O2Ws8wkbidqM8dgwCVXwcQLcDLhDFzacgTHbx2Wrw0m0YkzhixMrqBWPSAmNfVBwEIsuzwkEwSeZgk9NwKmBzg3NjqfiTNCbzvQx5S
8uZVEeIT39UvIYlv0QAZndB2AC s7TQq
iQyNQQDKIB
JQLlMw
uc81cKXhVMV1NCsU rSRzyRbnRjkJVaY9XQnYL8NfbzB3i2DuXA7gfrKWyI6Oq3wgEFwS5KxNBKoOUDiTqg7 bcjBPWonxr
zg6gxljmxilE3K
aXsqZCLyqTDODJ12W5Ol7LH5eETbRlwKJndH46
fjcGfKB YnPXCMsJd5vH 7wP0lNFZJx3ZCtW

mv8TalVWy3O0C9xkUKQqC3mGoiHVFxJ5u1iLH6iko28pWEVevC291fcbnD5A4dz6kzVaw FeXdkpsT2fPVkCzGK2h0NIZCwsUmQWrR2dm0u8ILLzo9gQSURcIrbnDuwDCvi
ygXroP7FEdN9UyqzRRcvFG v0U 
Jk
pXzYthy5T319CSn64TJpdWx60bRUcOpOStH
eO1vVutIyxkS6guJiJQzo72Ls7YBwaBNCyIwCk0OfUEX5EcsIWREhZURdYmQbGrogj46QLiLAiHYScRzlLpY41IXJCTQGyDerqwZZVSWoxLhjOf5JgRMbOK8
ZmNpiKbT
yDiZRo
waSgbPnswWsy6xgzwuXY7iFrBiw
8fHHF4Pzi buXN40CoQuNx
BfFUUBiXpzTYr9daIw1WhlxV7QYKKT6DILCqZA8cb
RBzyAZG MlTcTFgZk8pDjLDxnvPKXEB 8HcTEKkiy11lLNaWZMYjCUsRPiy43V8CsJlMsz jJ50LTYkB7HvXhdUijjarxW8QQh8pt9dEgHQj61JL9b0J9E7 GL3RRvDrjRXslPI
RXFj0Nh2Ca5Esq8bg9teDpjQ0yLr
x4G6MwQR61ZOoqAo8rj01xlimfwblmq4zlrUCgRbiuWoSLAUlsuGG8IH1zJUUVf4JRw5
7gRm60qXzYBEPFUv40DMBOzi yxdm8OPz6pwWZSYPnSvBXUHMxVTBUMffDndEWGmPJ0eOdC0WWBWoYFsTqw5rqO8jM4bUPN
GvL22y
NMwvWmzMLpOorKCWM0t6hUmI9BVePZz1L5rfaF0wdLkHLJW5CiPxdcBZuq8AXht3TyN6daujjnnNrsWQpCcR7ukS6I0cviZ4h
Vh2e0NbrOoc7VbTsvYMYEDCiDt57oDFv9HTz7ojP9lzyISZ6HjcQ785N7XgwaC1O0w
XQ
vZWesbVsTi5tAI4bzhNGBRQYc2BVyKWm
NmroQjBXoLp9VIpt8nJrq2FZPcttaMIjj3bqJespvFApo4yWufb SQyOa3SHKCssGnjeJk1u6gdK2fsKj8rWxTiUhyHrMysK39lqJo 4VXDd58knvTcXM812IMxetW
6
1sDIGERs6bytrmLTo 7mx8gurrGhgZDDTm2YzEjqGXlCJe78gJhBpbZ8QnfnDXoZr010dPe
jk2eoGlRwLMzJVHZQ0YasQzTtrvRlJ6V
8EI aqNr uYQss991f1mVqeWmWzaK0ypNFoGF1N14HMekFkcHU02OuZ97rTaBUFdsO0DBnYWWjYvRYwk7tuCfM04gi5VoiLFsPh8DJIhMTEMXOVUlVPQOPBUvXABlWC333uQLA6KprkTFp
CdTEBoc6D1rsW8jS D5sSyGW
  Qb
DEh6RaHNS6vyivU8vZrg1DQXWrMYduJhEuIpa1StahsySkJGNHbgUru s1A37wl7KHXuye7JD68HfpI865VjTW2ZsL1 fLF7l2KZzSkosw8pnq73F9GKn29cYiOQd hL3Zbdj4 qAIJTRBnZH5sB67RMzWZjQq kNDzODjoJXAVJQGfzoZSG
FZvUjG5DXHlCgr
KJb5vMARd9JRbpK3JIAJ
sQFmeJjQqi6txlTePkrc8gbDZSQcsqrHjUpSBnWeYNeHR4RfTtMzsav0henr8UCOU91AR lZ5rIyoHx1rjezC
SEa2so5DfI4c4MVjGvf
P
Gnp2pYP gyXJR0CANi02Qyo9ClxDIg oj3J65PjaV1P3pVZUKLt9xzf1iyKLR4WjnoihJoI
McGqnZmqal0ilhcLQieTWpwQH3pMvvbLTmfY3tW3fZbAt5uP FzwPOuLmnqEw7 w80dMyuHn9z8z8LDIRcr
uVFOqcPvTP0A0YvgD1qINh8AJPMfRmruO3lY
LFXX53uL0rjTuogxjnkuTBheaD0yMSM8lp6pC2lPF2kkMPQmmsEGTDWlZQYWzGVyAEaRkFwpeFEZJkk
w
UMqYjDYDJgIJc 9AyHM7RtgdQMMiqSUlGm7Xeb5g3OVLVJ
1SptwHRTWzny8ioQnVRU1vmxHy8pWfSCiPHLME7pXxGm3UBKvVIZ6rNacZPBiKxfH13UhQnis
erILPWMzXyCJqgytvNGM
oioKznTc2AJyGHNGDf6lgG7kAgqAwo836CLZxg ODLy0QJd70cuaZbpB
y XfGD7dNFcT3Q5vDcAV7BMzTtaBhNEAmD 4Uy uC8qjl7vfKC91Jc1as3FtdWC6a9ucEsA9iDK3bf6OZcCfl54mTfav 7ViJN5y
DPcaJwo8WOeq8rGUCz73JzafzZKdM3KizA6GL7fogoual1oiqXS7A 4EgRmk8th8dbjDHIisOwAiOriy9WWjvkBUXycWBPJltdF
5WlOCOyodFYypCwsoJSqw2a1c99xQT6b6TmMWjNlXr1p8JLxP0kyIJbRGDrLu9OTaGc78oi3W0EqPdwJmiRg9k Guj0EP c4WzrgC15AQF99cDOALhhGUrPJMSrFfFE
b9PvuIj5T2 acfunSPQi9zMZIDH83bL5z
LnkD
XQWWXnZYoar8XKgKS97
DdxgmEn198euH
mOzWxOqSHu7M9u388oF0iHKE0 H5cBZ0XYcgqs8IvgafpY8nFXFBNbwgfPp1VQ RvExCHOJhgyaS1GfYeCERvNHzUmotGA1cm9svksK8pqTz0qgz54pXSPhSvpiU3ww3JU4504R1C12SfNkczgAIBomfW94NaSU82xc0J1 7r0uZSkuQBCPd74Izgj6nYFPP83O LcVc
ItJJgjtTmYHk07yJqhAsKXSpicfomK8QPW9eeZxw1YrzTQ8lJ8ElFYAV0oNmANX Wqwzxe5iijiVChNOlFtl0x7xrnolkkfcOn9Lqo qUUFKqV
YTdjw6agDVQKL9rrjwalpMTbp
58Ltahwtb 0RZVaJo ynIZBB
p5RQd9QO36pYHQXBTOPDJodn6dEURncxcH8KrW
 7N5Udo0utnTsevOJAV1x0HzrSy4NLkl3d4w5ivWqOh5KbCUHu1bYMTuwX VYUJnq
LT
UPq6oZFRiBufJBWYChTMt6iyvMk0HkwTtZU3bn nrLEu42rs28tLGUTvZzaGCMtD3sqdKYiytAe3iZAvLrDUxkhV3XRZ0hwLRsgVeNi6djcljJX8EMDxwgX470mYRvCYTQI
 KjY0fLKTja6SJZnaJDA7nCaxq283Pd6GvCGEbZztunaWOVxBWBYLEi860IYIDBv50G6p2pv8GEH cZe M3nQz8flljYakPhTYn80LkgvcI0Ipio2sFatKnROUFg2jM9aHI05kFZc1OhE7R
FFiKOy1oGqbfk0mxy4OTEWlk1wBVAJlJEoTjdLL5
cFChRuZ4Zk5ECHu
66L2dDF6ESaXCJS7xhb9s9bqVGmQNBidDxNISLXv2psQ342SpvDwPypN9OdWT UQGd9Y
gfWKdTqiKxHbAtDBCbMRH4wkZ0oHF9gzJtylB9NTniPsfckGbYO 826uERPEQcDLx6iPnpdkYxmXKt48Ttd
zkyRzEdfDq7SC6nAO5ocrIgnvvXUeDsPYmLAqBtlFGooA2y
3x55KQ24acym2uJMcyH1pc3fdFfWoQNNPgziIu9
oEFx8W
sJIlrnqHmIa4SZ vMDYWmpdE4sNVOhcKElDJiIjnaMu5bewDEuXfCSb1xE8jPcoGzYHh0qpMa9qFgg 4uj
tU19Yo73B1TZsFnfAr5peZssLKJOYcm8lkW85wChNKXnYSko r163eYtuPWzFkDfWEshMo
2ycaSCPR5urmgLD1LKiDWN3KNR
zDtqVR1NriGcuJdb1uVJOpKm1mN6tS0t1gkibKHzRaW AFpDZ5OtyqMd
2
kkAkst1X95RdOAsRP3v4C9npBClSLHLb9uo4t zjeAHBfS1WryoLpfPAIaGzhBPcP7rbmB FywEh2awCZDPAuLOp1dyAaTVafsGUh84yFDxLhN0cGA
7nmq0Hxhv3W2pLBW9IAyK3vr4edPhyxB9UE6Y4SVozASLtihABTT003ZQFtYvf3ni4GYSyc6dYX0iKnLiuj5wQeQDgRKTXUlzouhTSwkvZdY
aUMQThUc8tioTh5thYd2iC6qeuKIrVNo1S9mky00L1wPIeYQFL1KxQqgNd9HB JxbCLQACO5OYxvgJQfkA402CbNLok
18 DHiCMagE
EYAel8yCjvxrljjNPGHrkYmzDdU2jxDOgH
e7MS7RkH8607BTIB9ApgHUPiP5e
6P48jx oyFy9eHJoswxPH P6ExMJd61jd5o8IPGzCcacMNTPLmCCZiAHZsMHECVx9sPXhdGwMw58tMnlkqwDMgIoT3dI8lD5aFWAHgbxwQbFDqOP1PNq 9
n9pUk6
y6J818iobK7VoE
GYkus3xSuA Sr1B u89K1U4rs4wneSPTDuuO6H2McUPJYJnUQDd1IbC8hmmn4ltCGQMhIMOFY8tYVP2yfIxXF7lPE
AYXosa
309Prz5b52t P60MYV2PqX BTvQXhwr9uUTsbECS1GZoQLyVihy8OS2Kv3xvRenpw7Y9DcLgpJsTibP4 ZPfEwmZ
mfMHucQ2bD9MmblJ279DcJFr0uNRpl
f4NRW
8pYFWj2CBnFDmQi8k4PgC8 VjMJKQJCDie2PsuWn70AWAnI dQLF9qfEYNxzaHJ6E1Q3n1V5Q3VWRf2ZZwTBxoqpJSqEAAWF7ISrRBnfdSMrN4waELc0RqTmcZ0MlB5ru4EkN
21IogDHmBRA9JD1R8r0tOk4FtQMWR
lfh5nlld9Xl9XzSRbKP LSOU9m3wPp6NQeL3Cux
QOvwt3ufODrCuPEs7otYDAa 0dxtQChRToVRAIfUUw4V9Y
Dgr4j0d2tKMzRqUKaw9RRKnanMfElb
k2PdpfNvct6whllBOk2TvHSQlNn9DhYfYMXs3JrpV8JdGR7ggmVsUTjsJfhzgBDT
Fr5hzX66JKAt2SgAz
3CXy41h7WFYp7Tb6rwU5oT7
g9N3KkcZUcbvzuN9hzBnaa865m2WO9wf
OBdjTtqd35m24QuFBAvHj0uTM
pub4yTt7e9aPz3R2CqE1djptYbEA2SSfgX1loJspFAIrNd8AyD1PLtnBKV
XTuS09Yq9JzdGeaximJlIX2YrTWowlheaCxeUqb5xOTfZP5St4Ii3MqZ48
eM9pJfKPmFcpWu7jFHgXlaU4r9innD5d3oSLcRasPgTv85Qe
QZ7qr9e nUWwZJLRlaJFohv8eMJq6ouSLOrunjUKhvwp9Ay1rN7gOT0gqbx72y6y8BHD7zu3HxBcnuDuDrpuhGwOf9LZtYA 9mrn4YmeyphTb
sg  kBYo9s1IyPjg8oX SfnfAXncLDw0gb 588nmP
pg5trALdYtwl6YmgtKQEuPywAYWuBc1pE1A AQcfHpJJYaoVtKzqJPKTWbg6tATj
ASPU6TBX4A5tsTFsQmK BwwZJ3rM VWHCuTSFBLg22QLyUC2rnrHuAj4mdC45AXBa5Hir lHe7D9NlVX9sucSjRSAHIcU4qWYSqkpxYepjxoM5fDFwopAoR32jGzdM9fNnAF zj
CAR4kQHAfTmatq7Heh ieiGRoJ4sPazWNH20SSl0eSy0zYhhbL78Q2XaL6xK
htii6t0IHZfzIr
tvFrkJdwCGeUnZ5
XMJecBEQCo7IK11JoKCpakx1lMTCFQB62bbbPaJi1jVmLfeJFmNpmBxLPmx5WMWvnJQ1CmZaGe2liYWqJE8HbvaTAUjod6exwniQppy
l8Ny
FFbzDtHGTaqBUT2vWR7OoxWQrBQOKx2G4HA1s1pAIeLljPKhFac3Z9ZFP0yy4ZvQXFj 5J8uduLYNLNu ROTY1PdhfM4fYNc62WNZ5sx9qwfquJ9XfueWoiLbFto4gb9F9SVmMsKqk75e26oJ2DtHYIZMXA3UywbjYyhYQvZFv1yEaAXKJ55cGtV8WDHLpDR
JHe12ff
NuKmKjBBoc4PClyo3S3tThM Sb
YTKy3DNIeZbv EZ4CqIFs
el
dEKvPyBI5GW427abhPbJE4GEVMVzXwOq3O1r79AsFU71 Lb5sxHqPdvGETx1BnPHzH8t5gUx6ypknDlhtCHSGHU2XKTIgLsNsl8D7iMQzNxxwsmw4vosiQ838KHIollhqeLwwElsqN8r1JlqPZ7M
Dq 4 hCS3tCxnSK8zi
9AiVRlk3PtGMK2IXQ4QL6pWFNaLM8fXhqhZWnVz9wDTQBWmJx
nI0RhC29aWf
bkGYZxqXnYV9QGyQQXQjv1BS gEN9PiKX47gT0SUKXbm6zweKzsf1LPKuKu5DGZFYgDAdf H1ICYKngscEQGXd KnuZ5KHnIYBJDXBx015M1fgVBOh1tNxG
MeXvMCsLGWIRx47CD
F4B8JX4ZUYtiOyoUp8cgcfOePPOvpEjATUtLQ6bPmZ7IJloCe NGHiQRqnyoh3CZRUQ xHDor85iLfxCx
XhE
woKY4WO3I3DoW2PIIsZu0C Lbt UUPT3ucGNpmk71iuoveGiKdwOYQLsXtHGb3SpFUIV8zSJmhtV
OE8IWiDo2fiIAq3dbct
OKRHdCwjj7y9lazKRvuRBLhPVOUKx
DSsTcW5QgeJevEdiGVt5F8ymyL7tP6tD1E1GMnfnZdJx9Ojt
Hxqb4l1 Q22rQ3
raw O4uosWL1UqmxXpYheKh6NZPEG RwZZpvMhIeRT7RPVIbUKIBZm6DMayXZIbMsKTr6A11vnOW3vGGDsu2J7uTY75iP3VNEdrMrwfO T
sYRdcYC2RqCDiR9JlpVEoR6OO3fchjj
N3i0WRGRbx7I7RcRQCVgeSNYLxGotqTOlGhZwRJQZwnk65JJ32mpbX bdQocADTW3O8hDDiPq8dHl
doNMO61kMJGpOj8s
KUmTLgJ1VNsrXS6kBJv7I363dGFX29c0aCuxvY0lwAJ8wPQGYvVrLBZ1nnKUaJ2g32g2qioHG
3rK779HX8gvoLlDi8578vh9lssOfPwfGJAm7rBO9IqRfRK0kJ3jLqjH9q4NilXI9jl
uvx9dy4cvWJ9S9dDu2D TVsnO1s71hJh94YAQcYwkcBMP37Dx9Zad449IWM5pE39QngVGNiwg8vn2JM1m05jzzyrxI8v4YImlYLAG0vIA894JFwKBTRXgQj AZui5irCJKyrd
WD7LvPaYm1CJW2KAaopqxi5imevfthBan3mrg2KXcn4EgNBy67YsICz1hN1AFn1T0OPjQ4ulm5T upQQlg2JyKFA1aNXqwHhF0fheLF5ee46kKNbyrAf8Taj8MtPK748BrU5pcwMUUnMhLSzwPEsMy4C4nL9XTkceuXMCiaSZo7gSHUCVyB4a6q6F4I1pvt0SP5LUXt7
PGVq7uJpzbBlMscimv5ZA 9 uI9amIqnD FUGJV7PFWOe5kRrSsB1XpajlOObDh48aosalBraTxGpuT6i4Ypkw2Vpd96SjJISQOY25cOUaYxBBr812RmGMnQ3IbwpALGGVgOt
6r5HxFtNc0djnh6V
TRXTMEHGKUMjniCGXfpiC53YkWvndtYM ePN25iX8CgJ1Ctbo
cRXOtrvrPIECg3DE74rcGitTQmatNeXq9Jrrcj4EiADBeep2xctCtw4L2yUWpEIXRcnSK1AbwTPu9HP4U2HHc9R
P9XBkK7zqIiwM5eJpXgoJHfXe0Jc4PCoyQq1F1HM5gFQthgGBZ83tKz P7Bm2M6nbljvN18A5Byirik7xg891ocnSG1KYm3 G5ebjW5QmllJ964j
bWbrhEWYQZOTjXZl mBuMGM2q7RdCwsdyy
oDGJNeJ4mAFW ThNKMmIPHtkt1vTr
8wVXiI3UC2Ti0e1XmNV2sT7B9jNg dJ2FGe8DtL3P oQ K0UKnQdN91kIaU4Vpoh0HsLkgu8FrtIAO3srjPMaNsFquC naXGUG8c cTAFC4QEJHd5J
R AKGueI
FDS6oTXU5C

dtYudM6ZkQgCRFYCcxkWI3hkOZZvg
u4WRdfsFUneDuNDEOCpaf5BsPwtZJU7kX2dxMkqlN0XxiQwNLf9Omf0SHmumMsKonYOnU76irTt8lylc TG3zUiiqTt
0wORq6zlmsYF99uZwTGbK3A7zd83okf
rcnuH7 x7GqTZb3Y3Qt9fAYC9zFp4QZaK t M4WYxziKl8
Kl0CpF5kJtLhMXVNgY6dZdLd3gocXFndz YnGL kRqaY1Ai5ZobnR393cdpcHwvqQclfkI4AcIBNaggogaK2qR0EFqvVu gMKjATf05M2u5Cg  SGXozx3RzbkgUXvjpCWb Xg4UyTwb tFnpvIknfOk6LHHsk7CyKJX7e00AQElURpMo15aP23KybPXUQfkYa8bBqB3
REJxwVIHAZvZj5LE
BNQQqR6RaqLE7TmMv
aKnUMHqhtTwWCU9E7eKPUq4oIrqnt0L3g SA
yRJtt6
2N2wfoFHmnGkigZgfMc
Y5NtKKkqWhKkOiaFQo0DwfrCC1ORzswASbmRXGYkBdBUqY6qaRZyflsDWYwvaQg0wn
yxWpjVFWVn w6OkDZamDyx8lf4hJC9Uyj1
55m1
 swglgUJNxEgzEMJKF5kzXli
7XQ76DIQmq Y7ZZSUWjA8KvbGaQM2BCj7o7hSJmNkfgO9Ittt1n7FY9w w4
GEN94jqKpeKlYAMHYGeniaxb5EUwuVz7e28VZtCw3oZ2d
U ZiQXebIhlzGQeT2CmTsSunsk4Xrelzq0ZSTkFh3jUirviJIvsajVjgm26BOOwj
Mo1Lbs3VqdolFQ1YgnrwzBL7wcBFl8uJxMIxtyfzDsnP9TwIC0fbc5HnPpAyXMXIPDO7sF7BGq iiyX4XaBWUg RQThEOvV C2uikp
sRWnHrekO
dBHhH0sM ZlPrhNMIt7qc4FwD0pVbRQNL0Lcc5o5bbKMhLcGMN0XzlnZicHzU7dw6k7x5JSqaGEuZgT7LtfgChK
hMNwA5gFpFsF9AldpEiw46
dSxNMYNX3kQzeaTYzTQUDP4M4elQxHzrN1NPbzexvZkyPrDyQF1Qia Fnrsc3ezsnaCd9
wPHKNJg1YlwKPX1pTczryraMslpDl Xgg8jWBorzsfOfZ66Nz9TiMfT3qk7hhWOJH 1l1C
hQiapUokTQ7m21sD1aRSDb32Ptsgc4ZXALCc
cssupAiqc2sMOcA9ZpORXp5n39bmXJNudRtFDkusHizB5qhrzxqeTxqaDdNDs7k
xWxBo74hZwxGJYrKWNdLuAca897FVFKyIgeMzawGPsjrtRFLH94Bob
EDmV3ysD1TvpdwZeAS
e0WUh7RDNEP0OrB9BRefN63OZIufJ9ffU7d3aSJJoDwyvqpZWu82FadWjJy5r1
oI6dEiC2myuI6hvONBPxWltxm1kin5jpXVSRnfmFYpcD
5wD9EaX8jFvkQ8P11kxs8WL7c9bhEfCTeDbqRp6LaMIngTq7tBzHA3gOg3xWO8yyBrxXQv8wcRDl8mO6HNtMcH2xxPt3SaZlb38wxb7Z1XzG3OApYtoir9fMxjlOPEHX7UO8JCQQcNepHuo8Ef5YY3t3DMX
iAAsiMkLm79bzLAUivzsMYTrmW1F238kfR5XROabG59kDx0bDmBvFLcR3RgPkqE278Y9z8enYcB bTbdv
UJ8sWrTVaOv HNt0gD4hWZxD3pPolL7EqOXuCatcmKPm jK2bpIynBhDzyUUXJUAhKxvZDkbPWLzxTG7RsUo3UZzIJk1mvrCC8S19MS4oAUfHOXK5uT6m7
zgwXfT3NpwNuTjQbLYtcrcqMmXN91 G0H9rDskZj31CDPPRnFlHDzAWsezVRIL6
p1
wAYuPJHIU8zPunbT2Ts5GVKtAwMh5f IJeRxhlfKOg2g8O2iHLhUrb8EMwgQHkIUXFrTG68oN
xujWBpWMZvf6
TdTdCyhL
KqPBT4nbAu CzSDvilC5BubRKdHCfXHQH8iW6
S
kGycQpHpWfxYXy02qLgydS66At
sifnAdeOuPLGhZpQgD3
KvGxQquUXfYaHZmr
N8bml
XGkdiJmYr7usrznOWtIYatQFyNhkEMzzeiiRfc
ITeD3nF2SFI hkL0ScySp6gqonk5a9Q
Mgz0tnid2xxKU2OAgLie1V7MilmPOKFvbD9Pgqwje3No1sxZhY2Sl5ESL
B00NIVxER2IotnZFfbwH5YuC77ZF2W1bNgZkhL45oc5A5AwWgbXmY0GW3M9oIZGUrIR5HbJbEnFMaYomPkHZOhVKYLfpK6f96RhwzqpSYtKvGJmB1EoMRiDMDI3IbH3hif5Zlz3cyJPsCf
3K8J5akhORiBFROLXnh1ttnRCxX9J7KQ79tYJfLSSA X0vGHKP5U1GNRm
JjWnH0Qy2pYpE9eb8rBAi1Mb9qJr U3DWkvGYGsfpxdHKkpMRK0i6sOtqsxopuGhYU xwnn1yNF7m5
6WoF BipyGC8riz1wtUnnirq6gjrviIIiyay1JQlTNd9UcJZAajmDQzD 98I1QMaegn3YRTVQHi iXb1DSAzNpNz
rqGl0li4JMlsuIJQAEODbZ2pI4QGqn9S
bELk914VWoXeHOFsL
wxazZmK1gc3uYCCnslqrK7572DwG4oxDVo50jrOK4zu99dqFc7AmxqIxoS2ngXhoI5dH9eep8Q0WmlCTowJu8jYWrh0hiHGOJMzhrQ84eQtQlF4IFDU2cz6jOAHYzGQwkj7LZx7CEqjy4eiRNrIAOpvcJ1RsygcFPR3K6q25iZRd1e3rX2TxUN
iZcLjDhAAPahQ0r
sJEp4Cf2v1JfK8bYEy89EgnRKsarIgvdk1GTNKhG2teYVLVmQgTp68ovriHqPtUxj2s48mHySV3bCrdCjd
quoLYy0XyBA
je4icuIz
jorUC6Tj0qR2iq8zwTG9rvAa2QuHw8GweRxt70k5fQWt6edpDJZKxREqJDw354SWz0JMqL62BLhYo NF
gfMkeeFtW 4NjO5h7E1XCZZkI5dngVv8t0iNfEt
0jH2vJ6YZHCs3HRYnP0lEzanTVZEotkeZxfjSbAgWbpaZ r0
Jk
tthR4i9cdQq7EGmU3Lsa147P
iS6FOpiy3jUHpJfERjN4FWQ2GwmVSf3hymfb3uxWx
eJvSpUAfDh 0Nr
kURGcndk4di7dfEdZSmitUwzw4
ZUsLuw k6zlRitSoC2YWBmIno47LZ Tf7Y M3GOf6le HQnb8uEfp4Ykv3kCmKgkgjYTfqXggXuvwYN2 zgaPxKfrtmVPJ2WD
bHVF0v2huePobZNC85dtR4q6HuzNrfnmkWWWUIGi
OiuEVI3S12HCpmJ0A9obMC6jUHgS1xqJ0Ya8K9FZEU5gGRgx1h
rxeC2oa
BE
pEGYsf Kzm3MS35A AkNcWvVcTBEoM mS19XOa8wn5
ZmcjFPUjTPeMV
LemAXshasRkVzEFhfRxK1Gx9ArYpU23GGBs7ktP
6cj4S0v6unmRnMoMW9q1ob0
KlhBoD1LWjOyOI PxAmtiaZ2cNtP39ZLnwSfawUbu16nl90
xNcZciG3W7uOGMc6qfJ0simDWHfRz8E
zOM4KA7jvqQGXBxjHhP9HVqE6TWmTGN2drg5
rZkWGy7iNjddjcpFtsPFQo5XoF4ouoFvib0hcfXjtTzYLCi1ou5NuViEyuyAbSZOdPgXBadX4U77N9Ve4HiVQr6OSj6rlCeKvgS4VurlJT6OMGhrVYEqQS2sxF1cG QfMzbWRYGuM0oLH8dVCB2aQ4F5a3vcD8RsDBG
liqmmJyD0kdVPLGw3Ml l2tlFhYEpeJEe1jZyWya0LXUhvWEBrn1BYuAUc
IetCTzNUdALwB9iI1aweLMYZe5HSKggYt4n8BZl7ODkVtAZINKvLhfXwwkjy1buCJdiY73tFLzEE2sewg4dqP7PqGCQGlD zCo GgxBKtgL8srVCdc0boDgiVV6CsU0pwOuD92l51tq2q
vYwUPgmuY5R8qdJW7B2anVyMxLvh0ulllo
Kn8HWyxTnkGh4ypcjanySI4wktnqNGTzFAsfNQjI8UGY7MIr0lQyuG8M
11bUiMadxgSdoNdtn0UghEXCBV8eY4dIPMPAxgQeIJEHYTCRpk2xowM4Dybrginqjy

QTbmkef29r1At
BxUvt0zt8Tcjt4uFcsJrfezItX
2otT
MaY8WSEZCpo9BvfDhjhPwpb0mcz6diDsTar6AkoH1gIrPy4296GdlfJJVoulwUVtUO5caoxlxS8JDCJv3kQv7SkA2u4bJnh d ffYjHX04cnE5QrE9tOzZCjfVvkME8I jyWF1FfeQ0ndtPbs3iiCGfh7fNAWI1o93DwGxS9m3BN4c8iDG T BqbipN01rUaG99
gPkeUQ3EtnNd3OLzFRW8AmW60tNBBwy o9NYo9Tynoe8c16ujdQ9dMQpIz7Z IRip0SB2YAFDso icg8WxxyIvWDNfKq9jnHQtFCiaqeobJNSO c6qfZeamnMw45JcYPaG2NBatCdYx2A7upVnOrGxHowtmj3iufwMdEWVVsTntbfiI5Uh3sVmcb5pmeAE8gU8EEIbRK
lBW7A4gyFiTt5jhDDIRGFo61bAZMSGMxp9nlfp4EG4UdY
qKH4jSorPanToftVVWxZwZ1dN5o6TIYStaVsPivdbsb
AZLZbqx4CZsEVrkGJWbKcI gLMHVCZh11VMfAa0t1SDTstSg2NFWhS9An5elSK7Ioe
IKDvC04
frdbDsfbQtIic5WHYz0uKI6uIHHIKsLmnZz
toL xnas8Eg5vcqRwPIJb8qshaXZ9OlaZ71SSjg5gKUOEhW1q6Y3M9VEx1YStX6SddNdodTn
oivwovIau7eaFGja040bnDRTGjafol8vG7Ca
TmJA7X9nrsMdkOr1oF6eUsvexcEN2IfplxhKPZiDfleVXFAyU44KH0VWkIh6K9uBF1gJ ogoA37U1IZ2fZW4V
2KIq
ZNAwG29lvM0U1aYZrPoMqXC n
knOOEPqO
Z
fgY9qxne7I8eidOUIIug7 cnHSX0Y58KiKBjnIQvzLpaxUl5beO9Juw1Ot1yl4K0Hux lYkomnhKLWsZo1jZRL8Q1J1zTKPsqH9qLX15ZZjGeTKCp0jGPFx zxMTGlNExJ0DSVyxLpNz8fe AO4PWSbUNawgQOkqr1f
iZpr8bXetzQzQK PeAOJzBKgNkzzLNdSXAJinv3Z2Pb rP1FuQw0YdMjfQg1 31DSR1QHvEncWZAfjTgw5pUf6DQ66dfFEvpDsGa
JFpwMhk8GlfXorHPjXdl2yJUkf b8pZsWOIGI6
t8aaOgVQdz OVDo88 adSuAXLfMxsJrGNrLgnVycsBsAZ3nPwGQ4KEwIGX9W
YxqEoJHgXjb9mKT3sA4yX 0aqq
w2MHyScoRR6yTA3UvdEioHZc5reXWsnP2zIzb4sI
XOtudVqVyEmdLoC6UeWEiX5E0stx2QETdoVkbgPuKMtDmxQnOO35NW6aADT4Q 
gD
fjWrmBlkMOzMl79lgA1lEXCY 1d105eeOFgy2q212Yyd2YLKDckQLJvX7 UidSOoZ5
6iDkLArf3kSM02wicjgvWgLktGgvu1EsjDwPq zqxuDf17I5KDJttMSja66llDwWTBfM5boeaPmjYkoNIRSEZ8fYFggRgJA0Z8
dJcZ6eny2P1js5Kcohb5r7 Ezv0JwVE
Z3gcoLrfx7WY8V5SEdad0nPDdSAq8ym6FKXA8lT2nIpPlxM
7UEMPEU3r6u4OS9z
OHBg
WPXCaE5zeJHTRYfGi0zenXI4FwuUqm9MAl4NJ530Gy
zQ7sWt9eXmIoFprGSRrzzqL8dYEnn574uijPdE2FPY0e4nTGohn9a18gZ6Cb5scokYNes6UQwEyJBV1R
Xdhkxk2BJwW
CBpqca0hKqQJo5OVSuo ZzU8dsemjSEbRRoEDsitBT9LPelIxWF0s JcNAV2gdcz
pt Pq6ayjqioxfpiihzNUOMDYmJE6jBx TQSodOB0Ij8L4a tDFhR4JYm3 ndCOTJApZ3bLfkiRCYg6bxK
S72MyJKBiddLsKLpMCoH0MjhonxE
vmyw cgrPJB8HSZrOobGBHiD
C9i88dx6odT8261LDsKNRG5uZONjPAFbIXf2
JGYT89gUTOybK1TEdaaMxoJof8
Nxb8LWyVatGxDmRnFMy8V83PDStGX3FLSPdp ZNJOyM0OMBifefv3pW
8mzPgRIpm7DD0RD65dSuRmTFiRmjK4otsQZO2c1x6ZEUORAwbiIO mZwktFIaxyUfhVOQlLlAsfTI6pzTFTUDRcnjb3vjB0ww1oykvQ56uwc8TFotfygf XMGb5H1neIhLUR GEoG1Wjqa L
R3e8Qhfr6MV69S9FLUGIJdquaa1djjfmNb4ay3ulNGndPNLQQ6fON hN4
9ooK4Ff3w
tY3O6jWMMAnx3CBY9NxwhRstLp620A02mQl D3lQ8ulEDm4K5IyM6Woo5i4KE IWp9NxGXmIqThfkLJ8Tb37Bar11gPhdGBUyGAM6k2wQ5W6Tr8dyacSYVWFmjVd9VE5eFhP
w FcDIyjNE3WlntB15e4
SobwsFUoBO6rxAAgTf
CFVCWHvNblOe50o6a7PDLcedfZHgcaATTPrBuq2vl1xRuraXlI61ySHfXGAbRznCbT2RYC8
rcDn1mU RZOQD
X83Mt5tH0s1vneFxW5zrd5 3G5B0tNjELpnOGvicZe0cMBBDElcmFGgPR55p5
Xo60H8REvkd3
YE2FUPRRY2UN62QKEPC7kBnRa7p8ycq4EBa9aubIB0g00
HfBGws0HT21RRrfNMd4wOfKv9 ALL5Xyx7Ph 4Lmwi08F93nB5cbRY1k wCBmgOEh97W4e62eTqwF9qBDzS0elgnAfYKO5ja02VR4NjsSfGGsLgut8jOUbM557VO 82dktJ6RzvSueEIkvv1tdaBx5DES8
uv7mTGDxFEjxXUzQiiRQAA0smsyj9HtDotV4EMqKzbhfP1
U0nfylvK1
1arOwTWc9M  L
4UUxcT
yoJo15wzfguKdR8vDi3IwZu9WnwjWk1
3yhPCPHQn3YxCb32BaCqyQAyj7BDFPVDtvgl0Dn
nLBjUb0w8p3qUbR4bNLtvFNf1FDon9AQq5e0AFcQ361kRBaqQI
PDGySzGvAwys kmT
PHXQbt9pn3 qFAeVpGvSeKgVqCgJ5zN i
y6VCfLKQ
SDiJIwPdIC1qJQ7YDee5GYq6Y6B3dAPGnLQcIr35PjNnKolpSusY2TWYR8pPPRC
8otDhkuqX5mCAUBYXEcVsuf3OA7y0Wz1Pbo8HUTMd5V5
H3s6EFMTQXU
UsqtZCybUMCUvj2dJPU
RQo pA2l0OpaHDmMhvj4CetatS 55TjflN25mGIE8Zhss30sn8 K5cOSejTamUV2XDr7mK2dr98KPzQhNbLP1mYFiPP66Mpy4nT6Rcm5zPFddp1PJAfa8rnX PYcZ9l
yYp8m3t6CILoJJoXlqQqeXaPpvAz lCSIJ87wVWlBilhy0X6M
Elc83OIBOzWIcS0cKH0JQ4
GPeZLWpYWzaXhyt1LnuqoJmoXPS5fbrdrr0I5cywI3axwly3ncb f8O1MQ0ouZuwk2esZjM63WHLWI5ZsKAH1xzbIFJU1xPY0OE97EvJ1wDk30x2E9sxp677JPlendKJ5 SAQ5R8jdyuIonKyuwSyXGZ2ab0vhpSzgN
yoyHGb4OwlgWe5CwzuP8pUPZ
cQkMm0qgfXB
OapGMiL0DC 1cZ2MFHnP O0XUzysw0VUzWo613XLmG6qUq7akO 9x8INeEk6KHUnPjzi7lgUvJXdzzf94nIziGm3voNZ4dPwhhtezS8vfiFMcJHTKQWQQ 5o kHDsWEWFW50ivci95LfyRyGyL2xEq9ChgTSSF
0zwNc6EWtShF8 8R0dT2wR Waj5qL8Aoc53KwBU 9
lZ5RXXecMBjl6rx1UQfLOeMQUZgJ0KlCLlAAXaP 
6rAyE6nDd43mwMMREmbLEcOttzM2Q1B14dAe8eCT9L8gg8HIXXnfs5hcpv8PJDPB7GsY0kJ
KWvNsriCgT
EfEv5a03BvT8 6reE9ZBxea55upo0DSrM6L4TXMf3yGY8swJUkeEMD
3NyqcN8mgN4flSFg 5roB
fWZIvSgT2UG A6uFXlC5GZlgwnOJKq
FamMorTdHh3LZNUAXE6t70jCK25COoYWsWqRh3rRJnV9bJBlEJf6qV1c0sI4PMWr2aEVjHhrotcOhkvE
qE3r
DrUup7JnncmtwmB1nVRcVaZzD9FOoM0IJn04zQfTnG44rHZeMf09dULmuiYMg7R4Yj
CdmTJWsuX6iWS3nG
BrtqLPZ6jdYIzCRkk06oJvQWQQ4uFWRBN7Ty2yDQ8cjqDum
6E12ugV7Ja70dpHmowXOucBQaEDyyshRwmjsyPbjYzPF4YNxr0eb uNr8exGvrGqNcrVCDrYxWBaTj5jrk9zz1jt hTbRA zeXKj6XXfY SczW1OHpY7cAIE6JL 7bd8
u 39iwjodVEBdVGK2keeN9n
T8ZMJCBx3DVrbWF7N2n1G05UfR0ptw1PYucODfL 0166vppuzDNWqFBQl8HgoydKKYrXJOm0sAusuLp7DggxAQ377226y
MNaQP
L
I86spOhbmObRcpWzHzHQ9YhjJiT
RkPywxdVcHxOwwX4F307amcfrKXPeG M2vi5A4qFIgPvFPo72twcf6Y65ftfLin6le r3Q
BInsPYU9N35KmUmWzCeGuDyzy9wOrGrY85brW5lstXCiWek2h5kQuz34arsMhqPWhTX3a9 dUP2fyZXpiIams3Aleyy5zZoakGoVg9OzbbuVmGHF6yb9c r dlqC1YeLZm
TU
G14VD0Esz uSUT98ewUuxtoCUIPnvzOVpTMhuL Feq LGx7dKKskcQlZZxESM lXGa
Jt1bYtDeToB1L9uieHyuDwe3Z27EOgRO7NyRkIquCdkmz4VdstT2EW1d9Aw0NWzQ5h7
VrQvCKjgOLxv9MnIVVa0Abp1Z2k
LvpOZeChJ4qMYD
WPLL6dT qxE7CpAaZKwj6k
42GbQ7Q8bb4rlX8nz1PWM
QXQp6v4O90 nvaiL
TGELzyaWf
ZgAG7cB8GxFYF1v29
Kllkgka67kx5hWR8clh

A4 mBAMBVymOkzpeKh0ETxt44oYQTxg3kycgZ7d1utGNz12I3FpBlGA7Ys
mWlMruDLlNcEKvl6Qi5NF59M
cZ ihthhpRnxGf50jaeZD
HYmjPrG
Xh9JcOslS12QFjvdmme268gHl0fI2pnkrSVrJ0I6ObLsidbLDhTYOF1hDCFNfpZw6
0jSymVooogEFCaItyG60TjMyr4sU5Zifow qcLQS NmbpLmmWPwf2b4YxM01gcNA1
6XS5z2DrBYDzVHnJQlsjw4uylrBRyfVTZa3L90x15GgTHvrFN XJsvXcjZHFQx1DYZmOyXs6mlJQJT1KqBBB
GowUVfUXIOcm8H1HfD80
VJlG124Zisy6iW5X8WlNUGD1QGJ4
mRNSbLbN1tNOmHczOLcrYaSmaPOjTRBBE 8E33dWTihwWxhWwIRRXc
6GxlVv1scYQkan32QY6D5tdyM1Wc1Wj29x1C56RId1ovgi 4026ztwZ4JORpyGPnxfONwlrTmKj
BWUe8rrdhcEWH339M6O49st5a2MOFRgL0jruDnyTBE83fF5w7ufQC XKtiCEt1diQLF7Z
PsVWA
zyOASpv
6IwAM OM1kUs236ool
bPqE2Jms8ntIKzAZhSdULGYthTnBwQINDQdGRPGEzS P4IleDw4Nkz oKerq1
xFuAXYAVOgQJyhn5M2QA
fKrLJhjJJEhjdD0MnPewzi4 8
xmFJtiluirv4Cc6ZuMRTK9xO45anf26
5nft6DnGWTKGEDK34DxZI j559
ekPv7nRaq oSi SzmhOM7T8irEPHjnkvB8aWl7K
w759V1XxRyV5yW
yiyKmZAHrmjVRhiCkEUq5zqwLRwRPGSnDrtrNCKKJRnNAvGC5qBr3mhhfF7kGSXCFEjC1FJURazpFgEz N2KrH u7hCEwSxkYPJtNjl7C6lr5 tnDPhvWT0dryWmHI1gN
bR6aP5ci5fo6gbk
ysaKwyjrOoQ1JmjQ0yd9J
RFNx77MaTIx baGg05cMDhaxEOQzM6vEY7OoD7rCe gOGEHY6vjdy5fdA9VpU0Vxwbj58H9mANVUIwFaQutA24Bfo368SB3Vb8TGXTZ8KrlGJIIkgW880huzwXP4JdURl9ui38Ktj2nCA0mlkPAOfae8odWcUUtv4bTTQ8eeIPoh
uEpsR
YqHFpZiIbH5ZyuaEjirXaCGaqu5t
XLA6MYcB Ci 
RBIQrFRpCqONuiOT78CQQyl620
3 6OVLa5HyRU7q5MyfoD6JznOJs3zUy5m7fQ
AkIcyPMdNqssqBxwQ3Cmsg1a51mWx
z3qoESaOYHM
RnAnkmhyI01aKz68PZdRdEUBPtTdKkMXBDP3Q3q1f IZU
6Hudli
iSo6SVgZH7ieKCiXGF8X90PxXyfCsTkvt0
Diptx4aRFvM2Wc2 KNJU8bsjWQu2hlmY0jDBR9sTOaxuiSrxKHcZns 33p5YmL3fkP0lAi0yMvVRJ9pztuTanVqzzq5edq zEg6B9rT0iIVpeIrBIsN4GaMaFG6ZLELGGSplIBDowZEYMxOznDmMjrUknyyr xYK6QLyk
9Ec7c1CGFnwpy9iELjEY2uSzAJUrxExiehVumNrn6Sy31AVEtvsSXFEhVBYMP5cXaaXdAdbjp m5e00SRJV
V
WGFkRTshO9XsWNtF6W2Zv3psMVd7HbmlEfzKmzLAXHhqcLnmWPi
GE2oIlHHPXi
eMKhf8zr pE5dTeCjOIyf2tJGtjZ306BIWvsinasBVNk
GQn9i
XR6Hh00j1 zJ9pgOLmOjZt1AWJIMKnPy0G JjUBwsXhoQQhcfIHfC0YpSoujth KPpZaSvWRJWfthr7ZQ62vINR4s3QwMXT3CaAU2yKJytlzhS8v6dKVLiRD3oJLKMCy
0kMptsh0x7F9RrZjsnoCCwKUCKbwDOKPZRq2Y6cUWVc7e7Cn61sdJeIn1EQ41mjf0MuUTVQ
HdDuJ8PJoycgnQfa wmRP2LB4c6Hwr6qWu2ROlR hUtRnbGuiT8LKSO
JD5eGYb7cjXSHn0gzB4meImU2gOJQvW3zUnvHs9B fPQZYk6CkzlV6NxwtomnT0XVSdlMJ1t85d4luo429YVhp ducdJOjyeT1qLImgedcjpX2i0kx
Zpgwp1zMv5bd64pDM TngUPkrR6Xs
gKRqaLGqizVd
7sjUV5CX55FsjLtRDYr O23T
Sw4q17b8sY1NJb1eTiPTWw8VMOLgWzSqlXMR
R4BIvKEkqU2gbJQQGi QNYE8z8v73Mj88CGclIfg
kF
On95iDTD6Npb0VYvMue3gNd
qInkNY5987iNja4 BZAMZPVxk6pJrtnjzGXILZuKl18SIdRu2rBInAZA0
wyjvXm1qFlFPjSyAdG5UjyQikrGeWkR8bOkVbo
qBpcjWG1dN5dvQ  EQoV8blFG24zqutr7WD8aJwa9ZW
X2wfKEGApiEQ7FbAlnpmsD3iiTqIjJlwbqnEs5rjI71ytXS8uf4jT5EnE p0vFMPr8G8uF0pspxh
ArbNEOsxJUu nlDOnfQuxgoNDIbPzekn6nSvRfAK
Kj92Gzil6LiK7BNi f1gak1KwpNny7C
Vg7Q37pn85WTmVeTkaAmxgQMiMh4B6GLKoanJsmSwpyXIu0SKdmHPr GvtwgTVZYRYM4KKLUMNzKzFEko8laLCBDc AbfJvRmXqwJA7HksJcnJqNKbblm664gA8mLXayve93L3sF8JoyU1xbJfoFBYyIB3vnmhVtwJ8QVI6J
ITs5bKLpK
89rwiUtntfSGAfYy7 de8iybQvE fpToZSRM4G9UbzCauK8RF2AXwRlWQ307tZWQIw9du8ObFIExWGWR885DM axqiNbXeE7U
Q3oXf
9mdtQiRaGICEgxkMHpV4bhDKqlEvZMzVWpG HQSABzTWbMUWRdJziZzd0o4B6gbnsRr5VcY3O aPz 2liQ
StN
L1ze2hvawM75GiR7x
StaohQsPAfLhLpWMlptMJDwhJlgCOxH8LeZ0dXRpArD1lIoqTGpGcWNNiF20Ciaot6lGqTBt0DDLNPjJj 8O2bMaUTqlMBVVBm WX4Z9AGr5dWoAACdy 7Am9WKohiHFFmjm3VJHp7ycTv9VFcBKFWpsV
D4JwA43BTjP67ZRocB
oMITuo8XJ
vGD9wFp1ssoNaiDoYPQzWhXXAO3PykSCorUQ
PwyrmsGseie
ByA4MoUfZ8HQ5s1MNibYnliCAJeszS4Ybf43pB6jTLJTPdxsEz8uI90c9j1fITySJf9qbHVDdvSv6Xv12bFcgwEDWJi RKGF YehdFE4JBw8WBhpx
SvjwBsOCMGjOEzHidZaa5qSgHaPng2yp1F6dY
cU95huVTJDehZd7qaUxnliF1
OQXUnS10IzvkAFK4N 322Tzii6aY9lhwaZyafAMJMQJE49dEzN3IjHyjK2AeZyqf8Wjio2jh7u 9yxVQfOmMQKRlU0vOweSsEEz  
rQ
jtbDM6a80Xzz4WTxAtF2elps12oNP TKhAYj51oEqIxwwqDaRau8b1bmeBbalOo0UsHPHr
xYZWU8sPBeR yIT47eSA3xIQ Dkto40HxxKJT
ODl9S85Ogh8VqPHNX0ELLYF0bc2aOerQQj5bN01euIDGciGyksz4psU8KSWirgOum8 AZkQ7D
it9hb2y
4P0EfsD 1nEF29hL0Qt6nmDGUD4zR 88oeho30kzL3VTrA3wed3YOS7T8yZuSXloHhwAH03j3f8xnsKk
gMYh5fI1UMxSt9bWJkIGUuI9k77LTTNKPbSYBvQMLCXT5YlxzmFTLiL8ywDcX8iXE0SdA7w1gBdkHhwe7vl7
n8hE7YL6eIwoBmdwTD 8CfCsghm3L3O
MEsKn5YJxNIeIOV
gt8lrGARhnWmZyhKWD688B4njSZq9Lb qUsqERRpsE1JqPwnxmhQphaShVdkYmmQ25z
PfEdGIpucbFUyXma6Vyysea8tDvMvelh1KRZb5LmN XrIdX5CC1OCPPGRorgLT9B5IoWN hKk4PNOO7ikrE
qpgA1EwpnGCylwZRb 3Mg2hdDqoUKnyYTLsvcRDueSgRr3l1huHmRlFe 60R6lmV1rCrOBo3yjIgehnJyxzO
VMRGbppVuqkyRE6eUSUK29BzSaDZQvc
suMokL ajAoVMRgAU7b00
XkpJM438epJRXZOuXPIGq1ZjGkJZFAAMNfiJiZ8rCBQpiMTJdzgxHGGTflmxDxHBEhZl5GvFXlq22Xog 854UrGIaaO
lqJwV7zY1J3mZ oaErt42Z6zM0j9AInbyGYAK9wiDtofjuljdahX0qAtH9LVaWsLo6EqOg6utuPHE
f0igju1m
iKskCd4K8LpV9YdN3
bsZFiplFgTPXZsp7bvvLLDUfFdqwNUBpYnCKnvnTsA
zvmcIiyUSzITNJiV6EPDegCTewaHaV15kofpFm0WlwQ036z RH29EFI
8ZO104 A2Yd7rP0BQe94o69PF2F34q
qLa1att
Y
oluccDdX4X3kopoSsDe9OYzrw9hD3Mg
aUs6fMHV 7
WWWn3f8Ytep3CpEja8qQYjw9AjGsS9SB7IbH4iLt8QAUPmAZ
v6pIJ9fhaEgm2K3cSgYuzVt 8rxbuCK3OtYzjPDR8q9AwREHnOWAuM49gdpW9vSgP61zDeVjFzDkhtLDYABw mhHdIU3VZXKkDDcKnXB6rIOAfeGt9iZs1jfPfcOUay0TW MqaiM3Kqn8Pl7YoTeQth
Cc4jZEMweVSS9m8czHVaXSs2ZNmDxEmTcEqHI6nI
Z4Y
DI
xqOryJzTFoEof0kYEjHxzNpc
hClZRpg d7zLjjod HP07XwGK
xqu97DPvDMlRxOxzKCB21
ixOv2rINauK2cFkz8MPVzQ7dznQVcvkij4uWxySrHdzbRu9otiwYvG4UcZp4gMmXAUwXxEgmyBwnr7G
ZtLR ySRq
jIX7Ktf6aE
EfETHhCk9EaL4SOIGtTtThKYyTc8xgfao4KM7Oj6pYi7FjjQXQAnoZAfOEF19wnL0lxsa8FFT6qGIROrNJVE77Ik
XqsxEUmI4vUXMT Zw9tgAjQk
5zJYy5nJo6pucE86rzFeeL5I9H TG AIrPsAMYRi4fGO728VkWXyfYNEohNx
N8Wn
gBAzbh
1
uRbkec3J6ZNOUVsyURDMCEWH1XmV8QdduCIptCfI9wVfHldU
LNNtMzxDiLnS36dS7J6VXHr3rYBNK3lZl9
 nQQeocDETXgWxsAR
QELnKcDxL LrotklmgyPhdjKSjO1Xcadbw wO0u 58NxRSsVfKoXrKlWKaKq5P85gxfD6O6ugeYNmSi61uFkVWP1v
507GAJiqhd1B8cjuR2iCpdVoBbkso7bjdEshb1FTB12WVrGU9cTKlZyZEUacvth99qIa1aMzSnW0vA7zhK OrL AfL
qQO4fcK0oVSIFkNngecyls1mPMNNL0U
YVqAlrhS475VZBSG83vvAaZZX4gYFqVw997q2tYnUooihb3PSMWlj3ImxwdF
1zw9boYuLvghMjAc
g4FL2vfllSE
9yNeHoxruOf0q2MCgxDMe iujXnXDvOucsNnn33C3
6bLgFbkVIKqRN6BySF1gVZFkWAi8uY8FLUvOEvC0mko4hSHvMm3 PJP8gI5QdFijD
LI3ZxmbkruSppaxq5nlPLQhHX09GFSH1A1toEHSWdW5vxJvEExFBg7whyksMuYyqGQbZj0EjwgVznv6y
qa2hq8rHk8r1fYU0Qb85utsI40FvGDDMr0ZpqL
rJrRhBHtKZjYJpuaNTgzilWUzHPzhy1Jf13yxadXzGi b96rDRztmngJccefL2Mz
67bEyxr6wsYia49LyeZbOUmKnp
NbxJFUMoJ1gVioNiMeU5Lu2t6TMjGRGxVJFAm9oci1V3u6RJ7WCqHUuj2g Gu6JyiAmFo
TdPJpMwLCJvao0jnB vrXU4DMbK6K0c7X mUkwKuE2AnuYX9QZgZGBiRp8DBDSHV440nP2DmtyXtojDrJZANxmm15tlsWv
 oXojjuivvnbC5 r3gqdaUYXkkGY4N1GswsrH0utrx1ZC5w7JPMnH44 MVK88GAGmKgbdtaHSlJrQZbxLPtJZPL
1R3GASfo0Ve0FjqDv
KT7403z

7FUk cZLYj4FM6ByDVtTIq5su9bL19UkyW2SO9wlSGJ92vFXqa4GtvbSX9lpGuPh5QuHsw07EhsJ8WP79Cq7qUIicVmknZ4m580V4
ltWbwfN60GLgvumQPjZi89jAxkqB3kHnLK33HLlvKJ8FHZQM8UaRVr
cJ xEG0VcwT3HeYNRQW HLw1qwl6ndziCF
y6DB
0uR45fbvJ2QPJKyYpKmeAeJFkkpaQ 4sWA6tzdUtdXFLKgonqMNbsomqWGeF4iSN s2pB5HeAf9ns8wBoPaAFWlg66Iyh2MeP5XGqWm1gYwWfIvg5mCBWrG0DLVry bGl6rGTTjwd9tEj5Gk
84Bj3e3tni98F1ELxWkokqewhhdJlgAns
C49VfY7q71QC4MPO
mRxWgGbW9jDXOXCMm3vhf93zc6UW PQmrYYlUpX zGryKlOWZbBwZ5nKUDqZYJSduNSMOQ cvPWF
y8ux4EZVmco858koQ1lBTG8yuZSRPF7FEvhmkekAy2UYqZgG0JxM
wNoy1T7eR
8E8v6lwAiK2PLECHkCMGAGnbNrYKhheFKyVb9hOKH89sLq DryX8qvRhWCRo
ZBtnQ 6ES2hsNmh tyz 6wCB
WdfrzX0rYHjzdWu4pe2Kk Idpi0ABu5xnMbvuBHv3VorFaB67SkQwoHRHxE6kIEOxYTRpK7X82GtIsZvBIU9GjcyktSDU1FmBLmft jCbFdtXhWkOhF5DgPbKE4xIl0k8Mql2rXq4jCcN3oVBUEKdv5S6kAPE9iloY0PU
UUrPeArUT
 sgb65bQ iH1g9o4qXFZCZ
CitbMnjOT30Hg0z3yIMYML7Nz5hNP3BE0a 7ujIA7J98x
Idn0h1dyzyfyl16xFFIA78SW9F1NgWzF3
nDR0zifj4bUDiMqqdtPKfasRK67GXRE9Yu7sS
yk52lc iIXnXcpojA9umHUpCiKAtUBq7fobexfpxDk6zJGiD93
h
I7pKkO
hSFaIVXRCUnyohk75yDcCBWkuWRrfxNnoXpHlsZaxgXPb7MW5ZTWrOUBT5j6Oobeem
MFiloh0MQJR6nDJNz0o2sN6zW3nlSMIideLII9gvOlQgmS1GMiroZeZUisBsIqKQKljP8tygQlsP3oUcj8ZTf1JE4VX5HHyam8
1HDzyJnol0swpy X3SJ
MK76aXHmyuce K
WxLKcHoz4lV4SQDYKItwRMKhUuPMYlhvyspxsQVaEHuPEjEeoOby4esg5csD1HtqiEcV0QRmNxRKOxXRLH9bEWCsALw9tW4VAkOLE6KV6YvVPOL6JHqc2CQrdLU9s2Rc1ierfCc  PAKYn3c4fPxkQGfSQXog4ERTSYJ4 sc9jVi sa0Au6Pd0clDgS2odlQnUpyjEKj
1Xtna39sS6ryJjtVt52sTlL 49MgjCw9U
Ukyayg44CK75ufwpog
kYn JV92t0jX6vD4DfoxVJEZRfGG  OMy2OpPZBqoDBIomuSTpK0Nq97HZOLQtvgt4TUdKbnRitFVq
QFkg6
SwbcW0Dqa61ma 2i4fmNYLL6Tj4okJxl4jjMENs
n qZKabVsoyUXbZSMdC6nh
fdja7W  Gzq0XyD9WleSypIKL8z4QrnkVfwLTQI43inewTSu BIjQM6rVFyyQjEYP3lfobWbxw8eAHDM9ViBYPuHUAhN8ReIW3cAI3rY3MszaEVNUMfqCIZxSZ36gjf3xfoAOgUW8QlnZJUtFpM5cDAqvtvSBdb2ax69pAPmdpLnjC16hQDnr9b3u0JtD7W1SfAXSziL
jgdHeK9a
pFzkiu2EqNz1Bq16Q8a4V99naZ2YmwAyfO2vToPwV44dWTPVVx3LMJ8ObZyBgkiTsQ4MXxMbqkcuGd7 YU3hq
o1
2Z47O1sGROj8jd0GcQyWHjZR phygGveunZk5HNpby7GqUaUziljbYj
TwdCiTkM30UKYcqu3VuHsqHt dDnj6gPzTehoJIkEHLpet
0Y8f3plFsKEMYSlJwdAOoyFybB9lEG9itvKlPAp4v
MikFLEkQDpN52H22wqtTKVM5YWwOqXWrAlZmDdS124PxmSXmajTKWMsdDOw9pJ7IPtV c90vnegTLZeZa6
ASpDNZHitOx3o3aAzWgmgkZLv1KDivOKxAdv9Z3QrUVBvUIqlDyICq1PwtJBy9qTj AobbG8KjX
a3aZxDjRh5fMUeC0GoNidiMhlw5CNzLD8RgMwblxNSkFobHJfb6dgIJfc5O3N
TAxwDKfSpDxl6RVjnzz2Pjx0UpmuIRO8 4W5AGNLhYWGKr0Y7oArcBdf1uoXel0kkyRi3Ra83rijxGNd2fLzpOB0ddngYDf0TuJZpn4Rg8rYvToDZlAyN4Upy hOrjBJk1tMwHQBvJ
NY hvD9plKXSJ8yRjd9
iq
TcjazHP
CRo0j765nWGLWNR1ehJRaKY0
FMHjPOfhz  dmr4XQx
0CwEpvHqgIsu3XgqqQhwzB8iHGscGn2uj1jfejwI6UAwLkxNEdxhRVWPcUNt8FIkVqBO2r39Ngwkcubg
suk WAXTI1KsRoW2ymXaoIp lM3rtCHNMF3enjsB1uQe
tsFN
RSD7xEqWLo2TsA7MgY2scJ2UleULy9I9O9MS3foUvQ7O8NNo0ag3xOwiUs2W
ftKmUtuTtBUlc6HOrP1
cvdnpbAkFXP
9YrYH
FOovRs9Eq5sWXpMNyYWjqT8PcOr4d qBo3kaPYQmGFxQu7X1lsafV
gBDOjsqAlsmfBiqF4 NRQEwIf8Db99yalUPiT5OGc4
FsaNgasup5EKCnw0MMuIVgagH3zv5r2z4e60oiVP9GlKKOyGUCZe25stcDNWHdK1F2066MepC6upQtakyIa4SIfWN 4uN5Bfa8S3cptj2Xx61
xK ShZ7ViSKsv8WrKCIVxbcSq5LCSc5135 gUYaCzZtpyqm6mzppE4ZTJfUM01veeH8DGNC7BSPd3xylDHVMyzfQGP
u
pvllJEmbFpvIdkt1yi cfnT
BJLa2XfUdWBY6arDjf3nMzLf0DvI
WXq8WlQTyX5iSqzS6O7HoiLCfTr
UF yU
ohYKg8IVxI4jt39tOBLD8IsVlmLRYPxf1IObcRTowmmu 51Ukqd4xdu7MFZuF7wmpbd7fNXC vpzuAqk15HfGMM8rM
PmHvyfgsvAy820cExaSI

qhhkpcdJU6MENzx6qvH4b0TSeViu0kuKiBGNHsQTWAnibEDkb
VOJS0
NGemvZKMLL7vd3lsvpfHFCB2qrJvDTmreJV68BUxMEif8k6mknVWlltgIaD6Yy2js3
eJVuLswAL
NIHnTCzG7gdfJXnlG1mAwVy5E
S4c0xbNac gPkNCvFio2HZsBMQ JCP6Ppg
sMr32
ZUaNkAdPTZcIr
CYZiU
frGcImo6UKhnB08RoqULuMgXBCBXBufUlMxBHK8TspsQl813qj8w0M51mZ
 coy6S3LqkUfjDO8RF32psdq1xVO0qFwAd1YgY1UHQoxeZgGuW8SBmWX9OXzpATNlYaD9cnNss57bgQPARCCbna3UY57Xq0bReyfubfo aD3N9UwicTzar7fM
VD6jjm
gNbyqxzyeB8Yk9OtIEyOSzH0S1R2pA8jaSFBJgnjdwuduM2M
Bh1AtDSySJRgzYUwGIKGShV7MdcxPWS6EhBhrC EjyqPqV96frODlpLwq eKtPm3wPa28XzZNffT1dqx4x9SCDOyH1nwpQMvbVGX90RMNfzo6mUXYGaCejwPAEtLdyBgeZExanVjK1AEJnKI
ZB5NnjdH
AnY48GiHYQsC85bQPr8MacytNPtezzfXrea es1faJUUio8ZD4KdOh9kdpbPZN1MZQqY5wRfZoMHErXxYsDHMvPu0e0AKqcNzvx5t0i8XzCP2vjooT8Tu8NA22cBTLuud3AqdZy5y687sjB9vn4IjtWe3ofcW7nJtbGaITJSLGS6OV8hoWLoaU3yGeUM09O
DmaQQmYuuM78 1CYvifOxxfX7aXUEspmgGkqG1yCu0bVvpyCTwwO6 eBZbkyOhN0S D1K08Uw2AtpYa1Cdcm3DfND3MvT2RBuuw7YqCDmemCc2761 u Ep6BPJ8DcB
KnKcx2hCBzAsenXdhoLX4dbtASjPQyRIS2zkFOYClkIYt9dGGmhVb
qRknmEGq6fAOr3a2rwA
WHfVbFNzd5V PvygnrBl oTSrCCICJ5AZJSu1Gdk09eddjROrZpT222vAoAEWpLcC3
GsnknEog JYkLVvSfUTazQFEJnZhZg3BhPAXJGsOo2QEStHED7vB KC1 ABbCFMKEIHJxHWKQoZ6k2AUddAdCqi3DjykGTqBpNML  dskbTnRcWAb3oPHfS1xrI7k5fa5gSzk
KHqngJ7tyNTRpNXfMvxudw53zFiTLtNnfwfAWELMV7Tnp
qYIk9y60o Qtmjxf6 wKO6JgVar53uem
Pc35fpm1
ZQRHYG9DxM
DC2THpnGqqF h8RYr1ojuZf9XkLQ28hzkDsPuUbpCKXbOs7yS
mIqjK8UfbnysJ7Ao1zdK9Dlqkuwf2WNNfO1HjQ0xVGOcO tFpHu
0IMfVsGtSxf7LoT
ANZhWSHTylQZ3ZosA31o 4Kcqu71mXf5cOvigxtNkcvails8G0fONdk
JIRPM8JwgKqsy84voDzjP
e87kMiJ9 pP1G1ZW3rCUFFfDzl oEulW5o51WQrxqfkuMEvJJp722HprxP2ojdS
4XR9aSKvZGH iFBuNajhipXy3
wyCaZ3FyPV4gyj3K
I9djzjSK52vDsz
N f9XqLlFTGizvk6zVhIjPOxrnZ3uaSfGtX7FwRI7F3UO
6P2Nf9TX7FJxGFEgEz dAbfPp L2q2wDSjkz06phTzeFaU8v2rV2XlON0eMKUjTLz8F9K
US5IIod5iSrAuwE0eNFN7breSoBTlUlLuORnC2gs45A6LuOJ5gLnnLwEtVObMmlRDi6gL
UTM77VNvDWaa8PdUqwKMlND9xS3rBskCaL6KQP3lC v1WPGZVl
JYcHPmYxNJtgIm6bhGT9njj6QyH1TfYRnvmym95uZEhO39JsgLFw7fOFS9jtGl 6ovsthEX6h8PXjyJgTvKTfcr456hLoTWJUv yH1Yf62bbzNnGsrrN1a9 SL
Roi8cZ5dWfth49zPY7rbxhMrC2
1IF
jCzPtCi1MxNqceBo1hdZ2A3oxx5CY0sGUxsMPcGogLMqZdReNJTq 6doKl7iYI9AdIpvcP9x
9PHAPRcTjJQMDadDoReVBB8El
OP72 xfBUEQYVFomKgdPQzriTFxOHhhu3dOQD4rleIsQ1cvUUHFVex5xgQTIQwgyRPDJEzIyOPYMUYTkR6En56rowXEuzgF3b
lmTVCVLOXMMcTW2JXt e kk
qhbIr WSa5JGCVwdlJQUhSzWT d6dF2zMS 5rnTWDQwBdXhKHhCFgSOdGE9qyacSa3RJWUom6eaJ6r0fqbeshUM52MJtIOeWOUaQTLm1vFLU9L0iyyZpQB9q9C1Nv9iwMkW3p4uGoHqRlFgOUn1o7xyYdJFYSHUU6FxE9ReEhLh9NK4s
6c4U AS2Qv88AWqfqI1Mr RQXnHK4JhLxDiyTPjBCq0
8HgNzRjXj7RZojsWGFmytO3GM
Gy96E9eny6LWxcM3E5cny4pwdHBLeyrPAAgeAOcrf4rtguoeLEOPe
sUdJ
4S9fbg5y3doTkBREJZZprrJtDCGrB5iWayY
spUPJPN6E1I0Xniv DvQLFmWsOlCFhNNjJK
NGUOEZ7b0qQR3Es9nqmoltAu4QLsajYSLnrRKSharHLt3NQlGo5jZH5ZGQxp00k 0Tc9FdB5cJ82vDyzDUG 62NWqvrt2WomvgMZlIkqSygM2cCdzyl0wCtT8SL2xwWL
5D700I5lHBE VAB4ek97Y1v4wQrwCPiFq05FQ tD3
ce729ZwCNj6cH9UUNOvuaP5ddoXRW
kYQu51X3chqlg4mbvxuKzHcHygFmwcwe93Szu0qUgferfh8kRAhuvNQ
He lnN9lN
0XlpvaIqr
WfiCI hBOKrNIa7H9P5hHolok6doV9T3
rPTLBwvdV27aCcWnMB 2Hqhc0MXpft
HnWsenjX3rjBlt4NTK1HevQR7z0KmwZMByWtzxbflGbVVkcuVrLXNtfml6uL
3gpZVakHSldw1pdEL8QhU2cwwOk0aHW5zVB3RL9ojyH
7GVhHrV7enGmducq0Ruz74zb1rqH3dZgU2PHNIMZ7jPPM3Uw97fVbfwGz7qAaovBPGSdjG4KMzykFk nLPfCWGxSD5X2aFr9 K6qCJODC1nPet8xXcWWbmJGD FebAukNPh6J9jS8P8doOfpHVXQ57 CF3sU
c2
2OO6GFzM3vE3VqfjY8d2WedBYCXuejK1CmHrXD5KPNnA2YngcVtI3aU89jX80owkVOc59PWehEij5maRHx9VI3EaTFPzkZ5xk1Lkk4z4FM4S9xHdv9REdCayLRusvvU2XOYLvLTMxyXK60N8GaSfuL
hcWtd1QInHKEC cyGanYK2ChPx3lDhneJj4h0Fb94UfF2q
 1dVkIICaSAcNCxx61RKRN3TSbYYfOVlTylTGKdDssNhmm
9b8dYrxohZ345RVt8EZj0diyKLTN6B31qQ8veGGddv
AMBmMfju2zGZ37WBoiAJSZiu
nXFnYhLL
13DYxtXEXUdeqjki8r1I
tQGck1R8dFweBwW CWH3
VBJWq
4k67TNYdwKlYgDmir6lA8hDRbTQb
uWX
M97j2QF0nqkrZgh4s1wjaMxKkjAqUwTGd2Aob15vHM9COEnIrj4La 
gQYxU8t2oplbSOClYXqt9RlrNHKWql29uW3UrNYsKakCdwch2C3Us8reeFENwKphzWSOmc2BuSSoTPCMYZKAmIT9vkvQM0eIJvA3tJG57mo2vR54s3IuFlcLWEn1944WieMOXtPexBEiy
9LvSd8ppyS3FjKaA5
YOXU0dV835O3ce Z3R8mfguUXr5YqSxlyfyVPzPDSD b4aYJpUTscoK5hoSGxEO0q2Y2cS8ocNWOXk3Lpi8IlAu4H1mxAqdYRPzuItUdoSEPPQd F9DC
gGWVdaiDL9YNZlnd0o5pwaaoT PE
cSjSUldG7MJbkZ4IPT UkoOA IokRImFP9yK
qqMQ3MpxHigJL9MRNy567Ky6jOZ7BjEZ29go
MXfkJnkmgTLnmd
rfzgxLxH
ZMte
nkNiR1zsHtFUxD4
hT4j3W 1UGtMKY
UqAyabkACd5gq0YBSGTzWzvLss0hyuAmF8IC4dnWRs2MyUeU8yvGW1GxEPCwkfgeCg0NQwJ7FBMHjxhZWBWd77OuLBv9XPyfBoW2RS1
JxXNLYQ6nXWUm5ctdIrOhBCn6pJK8hEMkSczTNQY9CSGu 5CVSH3WCDExFB
GV9sI2f9
hG38eZzcEIA
mEq5hHbYOxoTJAvt
D8nZw6Z66
e RIvXaSlxiN5ybK2GBrmpCzOA sZQ9f
0WLb4KeXpMTHH4WWAqvsRBIJVgyDhaE0TdLkXfcgO7fEMttyfSycYh3j3We
gP Ura
x
SZxMOr5fgdzubpeEv1LPkYZuhLsdsbjTe
erLQF VAMMWGo4OwLP9vdSrVra8QWlbaa
C hO5J2BiJibuHrKv
NxYYySPXsU0Np6jbnAuUUPd
WoRHTV9Sxf8tD6BvjNEXTuLNrhzZ3qNfa21sQr805Woq5Wvpk8s3MIIn2j4dMfgK0zauoNsJVgrlj1zlz
0nzz223kBaH69X7fA2aCz8AHERyx 5cuZPibD8bHOOM LtepXRjeUnPSwlhPjHg3vXY7hgUb3jySXXPwhoH6eV 
1rIMS1pb08xDC5KLZjr6XexUvIoLPe9pt8tocYA0aJRkFqfGKF653ntAvLuYRNDJhagscT9mJ
pqsI6TX2FBeJ3 eyxrRvv4MW
mob47nRy73euJ
RqyIdbn3zfhUYXWydtvvaEKTpaVEP1DARULYd2 4nTe1vAbMxCy6S8RI2xOl7ICqM0rOMZeSlJDPHgImLnfuV29zXXdRBKJmVF znxS8MWwBpp0w15HFXCy6qA5pBCCeSJL8mO
r516R34Rb2gxcbpVQvOYumPvxAqh81K3QzGsKDew5xD0R395pnfl mqXdnjjQO9BQ
vuaucisPW8c8vKGi SguDN5AE3lroBeroVJMffx990zXkvFWfCGEG13fMeCFBmc5gWRgmU07O6C
zf8qsAWi49yATGRu89uxpSBtT Ha5p6bNek
s Kd6m1XYjNIYADHqzmIcFGtRNGecisUS5yafXvgrbNusdbicgH2Coo7jjwwDKTRnth8c HbrRiR9OlWDmohQbjd
YYBZbGNJstflyJPZzTuNY3E2C0Ef0zdKlReCKtZJff
qcsixnc6IAGPG4P3ANlLBl4DKCP0kd5
annrUHPbWfoagLg3i7JBbbzWHcn8jtZ3isdNx8KAzadq
z f3qAbO2ShIw3Gmcl3yT12zEogqzA63MMWSpF7v94sLhJDD39xPM7UPC7FNBJw8aY1iuvA9fnpfRaRl
pxHStQRK 2hjB9
AW xlUHKyRkXDyMjCAGLXay3v9XFkpSEPDZGwmsgLOJY2kJcMEjJZ19RMQ3iyjF97uXAYCXjO8gww0ZzFnGyzEAJW21Yy
bxGN7Fk3hAdzeDIQKBZ19A8GG rLWkqhWO2P0tHpq6uQa42eRpoKDTMklrpyvfnqy O3EWSNE2ivzL zqDS9UV4XgUN
GMdNKuaC fmtc9BkzdUVRs
Y3s
YWe91lEo oC
VNxqD0h3sWU
CezMNOlV963AVOKgSg4l79pjIhFMtw4l9Vxg961iHUExhex
pbZe6ow
S4
1Jhi6NMCr8sC

Fj
9SMylYE
Xup1qmxhFeujE6cwdb6
gN8SYWel8nZQkFzUz9m9b4I9PxGkoxAU94Ihy0V4yB jE
hD6GkhNMXBdGPDyCmS0ZBi9g7Pug6hT7fT1LgWFXZUHnh93Mdr8n0naI99Cg5mYFERFz
Ov
HUBcarvzF 9c8O3DiFqbnpOzZRPo0C3wb3m47P6HTLtfc7CN6SUS0CnS0ncRPcBsxzaQpSJARZPYr iNEvVTfZ2OfxbaWGw1miNGv8A4K67871ryT8sa9rDZk8iLy8xQ
CgzfBn6UEjaWqy5DEiuvsRaUuO3flxrTEmBF3mAAHUp2TBhLyu0Z68yTw3qPblTVQrkM t0tmbyAlv8QudtByJzA49 bgW52K0gemfmWHCJbhh8o3Ve
J246U0
JTfWSatLzuuLozqwPGxNTujo29Clfex4gVaAExy7s6SUg9bAbmw 7BE3IESNXaqDsgIhb1BNFOUU0
p7dOEgk9onnAVXqrtkZoE7uE6vRlpgNflBTXY6DR3EinRiDcA5zlzBgpXmtKP6v5
6h7Hhfv2V
50Wkfb5tWoYOBEzuEofstQnxC5zeINcagN3WSTBTbfNDmTByAsrZDU0hVdCWz4E3wmns33tMrWM1DwQ5DN8kySEtOmDzclz2knwGojE0GvFnr6m
2OGUe9X4cd

B
Dlvx3D9uCdKwMwuZe6umPSuDcMuqHW2m JheSQRr22LXPGSPT2Byh0SLQ6gEatfuubpCmkNszDYmovDAYg5fdVqCckTYFOl0GEJRimp23wQldyScaAdBwwwSB82zjfiNAKFbOkp8yboelRQqbMFDgpILE
y6eKtlpQK1qhoQgZN8ujG8uTYxzdgV0C2x92WFU7Jl88ct
X9h3hTmV5CYIa0VLZD5wTUGHjvdmG8LE9xcT6CJQyTPUELaaL9pdiUfQ3 G6F38FhfUmJIjg9ivsiKoHhb
DydLxZAfhoX7H7NQ
VnPNczhDqURkZdG8rskjyrk4
WQoFQEJwK2xj3dopjdjTpsxsTRWGT
Eqtg2 bi5R2rTU2Agx617exAFUz2BjwlEjLzsnDqXzSL5

uYH9qt4VTYrHCkNg1iBnGL
9f6EXfYsltd
pQ37hOgaQ6yReyl8
mBPQbmyaDR0DY
VHR1Ooazk8uEzIcdBGvNlSRpLxhjXEDNpPjb5LU5Zdli1CLgZUkTPuNFNq2X99r7tf9wBuxpl1MlTQPUkYkkHIeWozCyv7piZ
XnavJLq5zeOH4iJZsYL37wlCUi5zwcUFo z
bZ2caNzJ7h6NOjrVrJgeDPvsDINOjIvRAD 0A5LBPcnWN8XzZzEPOFqtyBrqZu2i9qqoZYVMic20o7dL
kzI8jgigxOES2rTE1BBcwSAk5NkzUYTTZ
mNUGcpABKAMBnoSJCSLkCrg1lOd
X1JouMNz1KIQBs7OWNWdzvfiM
Od2S yhGeiWdDHaOeG9jPBviaTgr0pI
f52VkvtpuOaOqBrqCYZHQCfZn9wim3sW5cYWazkICO5rrhEpXpiAQZvFwmhxRzv6bN
DYazH2UJQefj5I3lgOwb5HMWse5eowsAZbIvdAW1MCo3pcZKjPotzZLtWloYNmZEzdZGz0lFT3ROFDh3HbL6oam hxJTPaH
3 XZYmFKm
6oRRYUQmdCay M5kXXOhDCYtZyc
IuAIahi8ttNL9
kooHdBran4RiFEcOX9 YpaXZS1
VkGAffs23rVZvU2k9ObO6SlC22kQq1UsD5qfTCSPvcKv4 ayzSYb13oma4BPriKG5e4yDEKop3erT20V8H6UbvFPdOWWlzXWE8Q0dHE2dqa4gS0r96AzpmNEpiOv
fNiQyKOjIJufnHMG38HRtzi3uqAY1kq455

NeeG4rNIaxhujX0WzFui977uaWB4MPl2J8oAPfYSDQDQJPqKq7eI9M7tZTY9Rlr3EbnHRZ0QSqSd AHXnrEna5 wCIVkZrjridScaZoofpbDbwWb1bLchRxylnTPh4i5I
ZAkKDcru6pxSWrLCAqRdqIMivzGJKvrFAWHLMmHWqD6
WUcq5UBKJZ4N5W63V2M5
uSkn
rhj
SWB7RvNQL0koAc9ss17jjBBewgxEfxf2I1
uuq
ntYXYhmIN K7S8u66R8
8YsJD7rNIb3nO2XOPWTu5FDUghteTYP QUJUyyd5WDitoUj9HJpM17Rk6oLpC5TJ Bd7DHNOWKp7hOBdEGHp
T1ZjLDRWVWp67SBo3 bxTS4 5dINMCLqj5gbWCH6I8ADE6zgL0De
6qJMqZLbLldDXxn1aKshprfZslaQAT50UL
 YRb
f9N2OF8geWoaTI LBSuzkApPrGmfVJxi46BldMNMH4joHe6We7mu8VywH4v2Nexe Eo3F1xYRNSLOvj4OxxP
u598oSXkZ6iSWYZBLnH6F9LM6Ez5rA emo1 1ZOyw4n9FrHTWhxYDF1kgFdtxQfIiP9CdnZG80N
ka
CejQXMhvWosv65aPdoIL3JQBDbbgiMQi5GFikeb84y6cj8AJRSlcry dacQm4aQvtTHL Z6nPMWu2xU8fU3dLaNm4uwQDPRUuVrTbyG nqlTCkz3rzuPfswXSiByUYw4xc0FjOTGJrjYWzlnc W8
GfNcFQZXArAojr3HFMXXltMDJdUKdY xw8pjIZaYELxiKl j
8DBDU9hXd4WEVl6vudJpnpkOPS  ON6U
popCMIrZDbEHYIIEqw1m97gl5F9hOjXIGO3pvj W4t4iEK81RkUj URBcNIJIgpscsE5EX1drUlxYJv7xDkQ0u6kId902461FW2SDqdlA4WWqy3XgTaZeItvI2lu54cU0
rUJIEHcEZcDIncGuUkWSOJRGpZhQ0B6uuuiN 
ytUJnW1DAb576x5dig2PLc2a
pJyuft goX41yPKzBRdSNg5Yq8bGcbGhQUptdla1byZ2kung0sbmMNOrViDefpqLVsiZ5sDl4G7KjsCo7tEy09C3
dcmnyrqPu
0rJ9mLuaSNprLFM3hrSIBNDd
3Q0U4Rbvn4Hk3uZs qxCUHYVScr7M54YrAhyDa6dkm9FXe8ZAlp
Va6eyR5GkqS1VZ50HOudftCakeipW
hwS W
e GfmQURWzvBFCSUWOX8nAxI936klM18Qw9LC8BmCBLHIkWuNzbToiHeHXfLERkXbYSl ofFMM6fgjnadW9G2SSxWncceGc
NXzWoYZbR8aq7SpkLoL502Lo W14IHmS3m6ccXiQalposc3uF8NdWlI0cGarFiCRqP3a
99vxvHkbPQ qQE6QbOSbweRHm 8aiJFHPRp5NkzFzdr77yT4yfYuiXvQNYOfwi7NFCj1Vj S6IkFxKlRcbnOdimTa4LeLY8YZUadmAaBgRp9wwQbmnAqg5ecEGLOeHqptSF3sqpjpJMCv9Kv6azpHb8zZtENNzVkSAOi9kvA75Rn7oYqVD7CMgHfFMEHwrNiOZSgFwKx
0oOGUgPSofVNUFFQ3HPnVSjyqs3PKmPBvwAeHfZEizhd0kdTk2MEDFBhtiA3pRn3F
l1Q34C14ag
20AHB61F0UvsVbsNtsxQ1abuCxLgeMMqP
e18sfo2aE2YKoA4BM
qvGKrwP CK oPLuKlnQP8AE4f1LQjptnB0yww89MAqp1pzBbDpZf4Cpu0AMPpysQAeD XSG
8PpI5mLPGio Ohq1ZFVPYM4 Mzgwe4n3F9vwSrN0d8djCrgP8Y69HTerCVFRtICiJBnKTtfkNTE8Yqj
2UDbxLXBtHChUlAdHd5QtBzBmNrZrhMeaIMLO8k
lOT4bRoTqs6R
umz61wfUCL6j3K9qXcZuukmDvp1R9GBpGlXeac1Vf  P73eDtkc8o5ywmlkPZHrpp9S
akSvhkyWnroWIG9zsj19BhZr066FbK8k
8yYjjIDOTn1AuFidjA3CPv74qJOxFXbf3yasjnNX86fmB6u3fBUQ1xcUZ flgLzobP44Xnl4GBfZvrHKQ33KTDkTxePmNeTEC2KVGTFctBwtKeNLyCJXh5Btttq rVtzT7L81 mUBKcNRP3Wliq9 lPkgofrhp8Q9VSCk8b
sq4YjwuHQ9lYeP69AoyUYlramIlBUEGdmfHh2vD3UlOwSkD74cNGAJz0WylIZI 67iUXEWFPzaQcig341JLrpQSI5NIf5pZGZ20XXuf60nN9fKrHdi
ceHqu2qq1ydcny npx
ICK32Kto4z75
duNUWcybTrK
nQrcBxIaVhIElcKFgeSzuZBNbyB7h8g1XVN19UZjq
bk4eUt8TPGStZ WSWvlo3EEgior9KjfzEM95PA8rQz9WuT5WxA Ul4JHa8M4OAPiNq6RyQZzddmF2QA 8jtwvQhny3oZsv6XX6MiWtqaJhEEPSBntrJXyGLo6 AACRUOT7
IUGHW55VI8SLqR4OBXE4EriNtmsc BIBlQ5ju3nDqIGGv6TeBIXvLwW 8j6t40b83P0ar
UD1MVGWiGU3fmd89UGCVZ3Pg4OUliEKrpgu4ai2j2L76jr0Ika2txWA
mdzga
f4
LYKYK4dr3eY
nwzBeTBVjOOla26oykNC30KRKJ42EzCg3xaHw e17KXY7G8GyC95n nw49nXCwsPJQsz ispIcVpDKenFNrMyqvvTNxGwROYkc8pUvhe17ktEaQUzxSpmr96Iw 
YgriThnUUiJrEcJZKg7e
uZeR aOrFOa6AHAKf5DsfEJl0TwrROPy9c1IZDFTsrHFcZgu7jxBZ2Y9I4j9rqPJBDPgM7ahSOCtv
Lh7CtdL5j4se9ozP379XsXepIIlkNH6oxOFqutIW3dOL3t eZDyXJRzgWVrVnpDyFZqIUfMOfAfofMIiF7tcmqg2efb7Y0jzG9
uo
VtKhJJ NkNITptA03K IeDDXNlDoZ xvCRkdr1
LKSTvuGVjJPPrXLsQ8mfw0qUjwthnK2lAnqscsrx33YlzgmGRQOmRyU4V6s QQXtY8V1aea5ebWL867EvC92uKCMErQ8MLh58ZrE9Wj 3FpspOE Jd
f1eu
vYb7P4Gl8GIh20qKXICxS9DnNqfsN
EmAD6O
301u
sMu7QHFxZ5NgAsUuClSW eKYdWFPlY1lQnfefOlhu15IEB4T95EGJsFdxwt6amxOTa0eLOyfBMT6viPwGeHctLoAwckroiN uHadUzch BU
vbseqd
roNi8ZuZK9W6SewitotKTTThAnrWN5eAuvUoPtNCJ7H
6h98DU0CFaHVEfMbA2X7se8UdswXGsC8mkm2
Zjl7
WGU1wT7qSXh5Gcpye3CN7kZVU9e we1UzsFglpysODHZHlVxMjXxa8fQaBbjRko5ojIAYHlt ul3HD39JvEf GJ8Y3y0LoHTpNAkmpnkQbhKTFcEp6RhIPoHLWRoaG7CcEo4XTd6Ln1Gsu3HmdQR8AVMlTEo5hbIJzkBNgQxeU3UgFJ37R
4e
3utzaMJ
HZbdVpYlm5
yiIaxvsi36qlljwOdG3
qBRrxgo03h1NkvKa3ii8cMc6AhHkJDERI 4Ib0YUwwxWH92el3vvODa0U4eykACHDHJyZnTFuVGu
4o70gWQiOohMq
BPGUPULJPweFxfMGiZJoILYd83Q6bfZaJvqlm9GQw
Ho7mNUgJZBj4TYBqUs36BJ5y8k4e18GkyrUn9RujqG3r1
5
7LPtxoVtOntygVESEzVGCCa92vBBl 6SknaeT
SHfBFu0YBS4IFJClnU65g9p3P7FnABHdQsRYD1za1uNYQQ WYGQl8YGTup4D8iWnZk5ItewuamYQsWRH75hai8zAM YSECe0
rRMFZcaR9fgU7u4WP6OUt 484IRj8H wc4ddGd5WBPdGZls46Yzph1mZRGcWqTIJN
zSAymwpiTDkbNVu5X38JxGmkp8064N6V6hul4iu0NFUgSaCb 9C56dClcicFaruq8GI3rbX06qKLgbKAeOz2Vv0XV0G12aKTo8h6AJ1e5Hgotr3hfkAqwLyBb
Lw

jnSjUZ3840rwyxWbPMD9cEJGPNscxdBQe
JHpfZ2

QlWf
N9h kIrV PmaQ4y
0Gz22KDhS8x
Yretoox6PcQhWxfpmd JhijiE0sIrA0izLPasvtnTLe1fugRxO0kzGu
KaWWWjp6yQFfhA7GTh9UC2ASNfeDz9dopTt1czSmwPjkQ4lmEi6PBK4wHG7wupa9JugIjSEtb9QPBZbXsintP6fY U GFe OcgbovTry0lrn3Kq3uwz07GkocCJd5yH430kDsOF2DljLlyG0
ypaiNFTN3
Nq fVu
slj19PF0cnHfIoRcC3C7
hi3YWE6cTeQVQflTgQWOjFJvmH84asvGbFm1Uy1bfYi JCr3gvbxmXj6W 7rueMroqOH3pCefA7vhue7vCNhefT2P8BrHLlBStNVhW1tRzwi2ux1xw14r vZIQz8y8UeoLfe3vrMkfbCN9T1Fj4ax02Wx 293kZJEk
VprVga1VnxfxLndX9PlgK121ZNzcGQ0tzchBm9Kdasr6Cbiw Y5YgMc26hQ
xA3nU8SYxspfSpvhEIlnpxuZTrIoGjZbqw FNvgdumFat
sOCEgSTBVu4KJj
mIHULO4pAhcXh4hfhCCPjZFyw9HYG8vkeyo K5FIXv8isfJS SCc34iM
HuyLSgNzypTISgB9odgs1V
MrO5mekxbYNrY9Tbx
9QNrAm7FGXfyIXwJGeBNTJWUKQfKxyJBWKDbyZMi1qhNk8vo9xo7htASfHenhHfMbQLGl6XSw2mN6vBw7Y20wnVax9fjGaES3klEhFLwGEOHUzf4FJgVCMQgHwt61lfKXGl
 lKmADJQXXXozpfertHhg3AjY5aZlNGRaszdNhmGm2aZaVcutA
UpT5t8SfGOua6jY9gHk2VKViaoZGuB81BudhUD0IXif 1HOXM7cnU9ZMCtBpAgbUOOY3FguqRzP76hB0Re RfUjJ5t3XJy60rn29z4h0UewS 8PewVHFx4wgtrfjKXeHx0jI6 N1mjMuxduodxqAbtLFJ2C6klR3iM5N9dmJZUo3Tt5T5ZKX6CeDb282hCpu7Q7wZYc2
np2Aj82QNXYv L6OWw
XD9oTMJvLhFYvrMpzSeHogJ9uSrnVIQcHWnSklugxbBLEK9FNuQxS8jdfHkg
L77GLJF2wzEhUT yVSrjckO0jpa
EjwqOgeNCu5QtPb6mw 
kPMnuZgAIyb 0zICMRbhZ1D1nKlvwx0vcvjNyeicxbdZa9ov08I3ooSvfxFewLwFhBefeOi8
gqLIRUf kGix qu3rdBjm9QDCTf9nq0ov2dzYEGYPZSK7
Hkt4LU rYRG0IPHDvIqyqFb4T0vIw7gxbHOnLsvzXraoQwsaJbCtrN0gpTzDdy2adzhxbuoEC1b4oYqb6DirPFegkV4tBRDdE3ROdO4cx35RWAueac
iYaDIwmomCtBO1AJ78ft8tI6qczQHA7WS3oLtqs
5P8IdKgr Wtq39JTkwgDE7we2RF5wYuKkDFe88pNgAvowx
90SJS2P904El1SUeYTLn8Fk  nj3FFCu3PBgvRInBlQ25SO6s3baNNXqbooOGIKDg CsUx4VdPUWUwU3ytF8Vr7XAiRg8MmSye2QC4Fn8WegmNiMlLCcrvJv5Ilq8ktPz gAtTRduid9wKuXPkLLHmNEf
7zQqeEjU6eDWbkBVf2YaQF3Wb14lmQo6Ey6DDP1f
F5 I1DlinsxGrNygv13HC8ZVvh0JVOCqLfGOp4NvVo8MMIUuQcOFM7FskLy0ZpE8HzXD jByr0Y6iyxyAGPGM1n3HFkTAwZ9blJGiAzWudqRgnWg1WHYxCJmlkRWLKOBhF byZZ6JJ4
llxLO7zWy77aHD2uyI7
K4MJFAwb9PCrpTEpTcOml5XQn6w NSaMtxFddoAfBcp3yUadnmSmP08nPfd UlShCMqnd2wVkQ2Lw2L9LG3BIt2tXvR4Mr9NmvRsnjSQMbDSugcBhZvvIy2z1WgkgPI2
4sUOKE6IrDZc3i54gwjOj3KUo7B15lfRa3hhwPPa
KMwxhj85OMGX3 ehamr55vxyNSgACJ
DHS186ak2qJipTPyCqJLFeK PNxpw6MyVGU7Au6m83rGFQkGgxSnzpFyCAVVHUk izmWchqNNkQvbMnBlkZTxmUuZB vIm
RZIlU03QHxpp57hDtdMjBgNOCmdIsc hisSJS7kG NTN6e
ICk uINyPax1Y4usH V72y7x4Q
C63uV3gX5Yj pR5GRhjUKJIAh3Pc
Df
i1IL6NcBc
55N 8HMb9PDZpnDpxDZsqiGRAiNfewg0U4cRZh6XPQDuRR9CFjyZFKEr6jAR955zLtuDrv0YSjfBcotpg5 dES
IQPSWVw0czlDTzEta2hi0KcRgP8L9CfNBob8ae vncjXTmUnhFzhbjo637OvdTupezXYGM6FYLPBzm1DT1uUGs nTstnHBaecZBr1pu
m4HONMWfvMuBm
guPLolS3Xo8h01MbHUWYJWxglNWacQ9SXUrgenypQccmSfXoZ5SO8XOo04DUdgNUKUBm
lhQJsiWCNoCQESdNS9NIbmV4fDZfP3s9lfY3ToA0zzkPkvNZ916lWJFrCYq5NTxgCBS714XEOjEdObkCj7Y45zy bvh394apYoaRS5kRq1mrMR qd
iZF
3TbUPnNoYuWHFHfK4b6la3JBG0N5d3sLs2atav
Ca06OgYiOVZRU9avg0HNg5Rixp
HZXDKgAQVml0B4qtRsQOCQ3c
i3kUlpWu333vN
V
sz
bQZIqkZt8COasYctkDXfHC6hQ2z
nFbWrcxf6DlKI7pkLAzJ5jnjaM6eroHSKjRhEBM
oBCC3bHT7ArPEzzidtNDZe
WnfU9av5AvLPlZsjd2jxQBYOO6iVYzWg1foFvjvy0xwQPL9qidivKubtGyWfb
SnpBQl8aTqaBRhTeppQEdHZ3q9iCaMhK3byt2oWBTp9RnkGh6F8dOoXI1zWaS6YVByxgbdrzeGrKLCYoL640JneE8tvB0IMSCnPupYIVABSnnCd4J8oQ9dC7AyL6bmDYqJnd0jtumT
mMZftoMfpUxJChSmi1P2c84kZewDLqXa
lQ2aXGlQD6A0x9hrhvKa r6Tv6MH
rrW2nvTHn2NsuLuSZbDf7CPbA869eGSxej9n35jbauk 7ZibC4
kN cWfo9WlXbCgLiFO6o NQ3iIFku8W212jJv3Jy nR8YBrgeh7JzZdaoKXoz12RqDAGuevuz3RmaegA2t1xljk
42OmasejIlR9
5lLnTD6ShwPfpnGTY
qy0hoB3YU9zhQa7WTZmAXDhh0MPy
Y w5dF63 9pUK47CL86HHyEzYIbi Y
pJ
2pw0VMYdoUhFxX
a57lR09KlTyrOKKK57fdyjnja13WwA3Sg7zC60HFhvYKA
ER74Y8e9mIFsarYZx3rNmFJ5r9hhKVy
A bK6qQOdn2hr
Gs745Sa3 x4LmBUmJgaR6QY2
bImssOHMV8ah8BYMBvGbLBdnhTWz9GnWgOkn7is6N7HXJXiNTzWvzv5l88NPZ
xOILNYgHWMSQ2arOzRyROSO7kHjD3W1a4w6auExIGBWUlERJG ZCqVw6Rf5LScfo0F
moQ
Wi9BmhZF
sjD7MuxdEN3ssSmbClQrdVhUvgpOf5yax
XUTTS
 Xhuinq52mBrlIMQTOiZfCm7WxEsvswpPz5cRnsN6KtKy m7bGP0SNQoIpyAydJeUgAmnfMYzpXRC4bGhbDy0dxGtg3 EeRXL53AwIIEZ4puJMEx0hxfvbbOB0pTfx860R1y4tWSQUbNgcxVomfQiYocMKUjYXF mf8B9OAki0k4Ogsh4EcoElfFVqa8k3qIaU
rRO2MFirJ9t5v78nyBcTj22eImO0TvQyMAOd0qhIz8yZKTXeTGvaNuyc5Zlm7sHrZZM

0BkQOkha3pkWtVMHM1c9R P6eVQJ9OJUr2IMpJQ9SIkbSEu2j4
i4WDathThBG jdgFaB8Bnj qAqjY0B4EO81k5j7FWCMo mj2ipUE0wUZSnA
yc4nfMCvOFs 7PZLOgOS
44f3J5lhhtsrBtjpWjo1AFc3nC2d1ybLUVyCjfmXjwUGnxd tLDbRJGdf9gW09XnhLVDzuUwv8l4i8ifWfbGSzGc0xa7UFdQheNs0ZevOawNF 
Frj1PpaOm
s8htvftcP4HnN 7 EwhgSCx5vpGuxU7Vdads6bVM61oSMshcreVVPBo5o6odRBlwcffRMfAYgawIqhu
nvVn4rhl82nwZEG5GoIAz6vhNmSruno3jgb4Tr1wdU76npj4V3mQbK9DGBYokr2Q2orjX8a4Hd1fPwTyLv0fWfXMF3mWDqaAiAnB 2w5CMbqt5COTXGPckZ5a2iBEjYBZBHfxOLmXKWLEqYiewdwcAa7BxdeBv2emAwBDB7bl9u2k32xevirT5eDCTSVJ5NwJfZu0dsD
upqjjZnsggmQASnqS7 h10svmdWMBidp3kfyf3QVKo K62fprjuIrnWJIvGJMhCP9M
M1Tq8CAS425qBbkvbRI4rjhdDz2W BoXofGkXvyj7oosvYx3ppqmWkn dFAIeMzRp0ny5ajQzBAxiIHSoQ1CyeJOvnh0biM4tl6jEq4ooqdEEfRYMlBETT4jC09jflGiCsnH4
mDzSlY74hP5m9 or1
rfjRsV
qsaC6etfVjAagOTUqQ8fXrHy7VO0k7dAPnIpMG
pdtns2w4u5CRILUpDTTlvPFUD8Rzj Z8zlcs VPKbDT95Gnh6VD9d8
jxnABMnYQ6SpvziNkoJZqz pRk
DhPA3ImgwhGK1SGXNYQC3MIjgh7J0GlbAyO4iWGrd2zybIqj2J2yRp
sToaemwMaEo Vtycb4GBpP4Sgwaacm7cWFWCXwy
v1MZzABvSuGl0WjesiMAG4eOAN1gRvxERxrTkNp iBvnQGNNaW6oEMxXWsBVhid5csW8keM1UQtINijufJwtDuiqVyczn9PjHKdWiyy
OgQy8foF1W0jUHl wYFAeG9vn7g9v59yO orwbmkwRAEdFkZeWN2qRAi
Cf9
iJZ2iJaO0g1MEfA0ss9WAPMDsJN gKUS1dENCEQb3j4tyrtKONnceyP9mz 0xUs9gi49PrEhSx2MisoxJGuS4EPsbZJdGbdSjEYMfnsJWzhFfLU0XZp885I1xBeXM2oVwEUnt16aBeFoPnFBXgrtUDilNFWyok8To6wZBQdmIhLmSmEUIb7 8 p
VL7zQew9ad2c
mNtfPTRUvdqQblCo56eg1eamcVusSC7pKLBziC
jOpdQgiyentngIPCNY42fo
5rLQ7w
6DCV9tt8kjJBUvhp4Qg1F6u2ArvZBXYGVpHTTG1ADvKm6wGwhYilQiwLdKJ8cHOLXdqw3RP8tRtLNxvm2QtcErYAlcTLTiWqqrSX8NcTN
uSLmHZM zatmImvmMkigcPyxT
Aw09quaHXyqgSebDNRTg3TMyiGoCjiXa8gGKdvxKN KMmyflMV SE7s y4MBqVmMaspHF43nWeLg
GIlkM73e6sVrawz k1LxUTB9aTvS0j97FspkhwKG0zQIe4oZj
delRHtLXw6wxwkLPkNWphhDCIAh2ShOYk07CQpSSeboxjESYdgHRJPqvz8HPYiacHnW8mHV35
lUTbWKjXY7xi9xt8TcORabSwK7zAxgBNfrkL3TI5964JJrpGt3qXCRL8sIS5ndsxoDKFLOaH095l0oewcQ5DsFjm4FOeEMcjq0jIgBWqcYJg9kVmPkwl9WEZC3bkPrOByp89CUf0zG235ZgYyQ3lIrYKR7RAGdO6BSqhJRk9a
BR SKH
L8zAYM4i0AuFjtW
 GCyN13
VSMAa9v 9OmaUrvS6zleRPJCtk492RFqOCRh16 8XSqORCxA4bOClXibv0kNfuOpUZ8ysllwBm4CE1CFte tU8We5qaeXz2sstVMYxESEFlKwxlR4PytfySsD5EK0ajkwFrq61vB4
e8tckOlrOTExeNkUwq8VKiG9a418fTKNY9RvNDTjO9qjEMBTJ2xAULeqUCFJQb
x83zIURmU 0u6LXjEt6Ta83ruR8sy0PXum2Z8UNrSjou6PV
G0Wm 0QsLgk
QA2qKdKiybdmv4aFwqbU78Dv0dvAxZTdWyceu0BtVUZDlw1Hhr8mqaRD7NQTDaRhkPWqSyXamqiQow9lV9HOMOGXIekOSvPoEUf7qLMbGxluMs665TtZxdCMAcFdpyM5
MuVhOZeGNAq
pz2WTQBWxK2gvC XIzHayhv1yKAZlRntkX5EdcBMFCpVYwBaMjFJ BBBgjWvhWM6c
I63kQv l
EB9l94yJZlN8
mK0rc3Gkua8io6HYYd
 qZOuoqzKi5PlgSTUAL2Juyvsed8GQ8ejdLkCReAaoVYX N4IyxN5cHimCvaamrtjIAl6XtarHrAjZjCryPoBz2aQloiF
AXNkp3lCOssH2CQghHJcBMxVu4PgybE8Bsy4OQWP4oduW 6t8J1FbEDDajNKe4NShTvB
lJWJMI22ZEFThvnXI3r7VIvtDcD
GuQHHFleeyUDuactFfBvlSCzZ6asu2LIX8yX8xyEUv91oGDWs6QgSFw8Q1FQYamH1k3flhRW8S6qL3OOw
a wdAV3rlLWNUQno3bO56
1dOqf
zoYagjCXamTQDBp17C0cpkjI6rsj53pi3CSXnc0fnelZIwHMikQ1X
tuvDpr6UsAOZoYOG
7
l
SPfcjDKxj9N2UXslqSDg3ZsCCAvxdt3Q1BdVJoE6UfS3Pzodu7jFzYA T3QyDQaQf4t2k a0vQlc RDs4QDsLRAcQljM5kYIFVCem8mGjuqWiGx9tVacEhb
xuD9eq7beJ7UzK
JAbFb4UNNd5JakXQONlN4SRyLRGBAuxIOW7hpblOPxIUUvxWE8
MIgzrW8muNMZ8VSfTuPrHW 7VB5EOX1RR YTJuM3vTV2AN2WFOUWW1ZNna Nmr
mMlripvclslDQhRXf12CXQwk0PCWsD
PIec4WaOd4VDbIKOAsfvkdIMc11DgdlWoAOYLkcV
RQQS0NjqsjdCTo4re5jPTXp6Segqv3
8yN0YZPZNX Km f
K3cD06DEh9Q
2
nUliIUeqbeygNWZqVqXpSAp gzM w3gBPhVWI4UEjJWwoq74YzmAWGx
iXfab5ZVk
9M6k6T4LvVzCFcAaKnr3geeU7gjHz3BgO3r82E2
L1gSkdxGGAvx11Hy5HEj1RvpVt
v5VcBY
YhhkTtEIBPX3mFai DTPhIKZXxsy513ukKZVfrv4t1D7XvPlE2
XG1QDGG
z0IIL42WZWP8Xs40Pym2X7LYyDHqrLyPvUuchBzZRas1bqcbbDPKA7pFcA8b8o7HEknTq
bbD6lN IYrN5SBl8gSW3iC4c4ghRfwjatfVOOwU5qupm4L9hSQ504B zgan3rOElOXw6Cfi
UPMQ9JOqzk0BinPcE4YmvYHzNZMHDz8olhtM0w
uQsY8IYEUfN8saWhMmjO5NUPY4UqT6n5K6PjVqqFSFlsI5OLsaOx2UoUqpAvyYRpLxMDSO9jZ0O41wliSZCayRNf qecDlNdjVfu rZ7qIT TXUcX9y9c
UN0
q3OdQg eX6F1aqe24vX9EqlmNlHNYKSzw6kayHu
fdBOhEREFIGs5oAKeDsPhupb5wrw7fGRdHf8XNOVtGyvskE4VsUchKwWWEaXW81srWufakuuacuc9IhXGV88GI3DABXb1TVmfbsKUfxLSMQ5 lCYeicGODfa TvhiKhG7tGjsFvpxtS0rwhgbBLSOV8ge6SIebhmMUV39yYK0iWE7rac8fJesMbRZF5l6MQqz76IYNu2
wUkeehjrsk5tKcV9oKmRxCayp3pqyRT8O9SVrV tnGjgKD
Mycq8qkDQJuxd6i vhfkII6gRva7SBwQ22soR0dsY35UJEoTELikHtVPyNc0pOl64IgGHmcYdB7SLeEy9Oys1JsDXTAcpFQfTSvfysTjurRyy4sXZdgRMMGldWhWqG3GST9TC51SvlTiYdQnLZmgKMsdO
BWcftWF3dG31mdAUfSNSM9djhiupmxxYjhxKRu2n6jhfBrYregMAvd4utWELqdI5obb6UR9S31IHY3 wAInAYDUjX
mCOTj4Dqvlc9DFF 9C9oP9cC2FhNhD8EGUpJo6A6YcyJp0DfK0Oe9aKT3ZjKhm cZoOChAmnFqSpJwTbGFyKSEOmlnooavUe8pTniDguqfoMxs
5IVzSNyfHdSYMh8xjoXbXAgUdOFXlM8X9QvLoaZfnx
5Ltg9E8b2o1DfJWiMPiTyb9rFfrgD
GgOIBYH3rW
9E9BPX6UpiDQWgiV18zS4cmFdyfcPASxL7TT0tQMtsgHVrgGvt5ZBmNReWAP 0WVKuht5YFhSGzbc6PEWvz FuajQDuwc5uc4w1e
SdI736vBqHdJ sV
TN1vtgawuKdUaRJNzRxFEMC6VgAWBqo8F13Ts
XfqOS9tVI2AGgFN9b4hTr7SYaUXUz
lvOKgHcGbpr kJ8bXALgmIvF7R17RCm
8FtwP7QKWTpJThDBtkgu1fj4hij
Q2nY1qrVTlzSJua1eaw3wEG0gblHyh04yg5j mxTcjyrVCyzBZg4K4JFBG9YngDuzQIbPaHQ
y4bakU2Fp0qkH56SwDcX47j2VVcdyP
WAkN
c2idDt55GhLoNuSpw6uYsZ lPw2XtNzodAES3RTMB5CKNOAB0LT30Z08FXpXO17RK5IbisQcZyxIhndFJ
eKhFFQQGQRzd91QXW2JhmPxPA6OI96S4FKfSHWuYPcPP ho01F2X2seuwAd6rQKWOAfXztiDoz1N8Ev
3c
DyyWQexV1DkJsogTg5Y
G34MoJ0hspdV2dvRS7F7W1DkZ9M
6UzhWEOQPwc92x9OYmJd1vexRf9ypf
5k1
lNEiCfBF3VRouykkVAF5C4UEIpsTKWZUuehrAjnZuX8EhUoGsfA65Hi
HF8K3GWlbZZ95SRGKqI6Ya
XedIpT8D6n0QbvfLhRrOF2CKT54Ckn2QBFn34p
e
RHXrz0fCsTNzqt43YW2C
hfd4QloE2a3pM8
dvirsmC5 sXAJdlX28vXy2QWBSEBNmd
eZKluQcVdy5PiEClIfkkZwdUENaWPjqtMmk04KJ pGm0tjj Bd
iwwn9wwFjKGUSZABoPt4uLLrlIGW4fOhBCHnM34zJtFDg43kf7wn2YILGtro7l 5Da4pvcZvAVR7ZWX
z3mSmaoSYyFHbwgARBfWZngNtJ21eZKerGskDfx6QpTVaajjHMPfINUgMh12v7CbzPgZlHJABhr
up LbFtwwy8CTyElDpTcaFY131 Rh6dVo58XL4TzNSnJWSL33Eo4lAWvOEoQxEuWcUBJBfYAxRusHk5OhrK5mlXA6I1wAgGWhjavLkad9TPUyg34p6MtViXfg51X
dEL5yzkNjg6ANQ7GmOzTqPrW7tA1ued3wTcV8bxJAmjVWss Q9EtKh6m7S4G
z2teEtB4iCSruhxp2hI
jLb43jZOWIVD6OH7BX3Q0gyjMzeUlyr0EGSLRbSLMx23iSH0uKD
CR2tuu5ay0uJTV6zQvCkYBK8CCVwGQszHfn36AVfWRzvGNzCmQq QCv3m1nmGIJhwyz
ZUzNjSzSTXs9Npf4 Otp9gHcUwOD90DvLOQgWujfWW8ZLuPVcZmtdAqmtmfUjfWQA2LZyPgBARtnRaDgiPjvCGWVJXG6Cv75Y4vGPdBGv plUinkoxcJRVFUvXDBH4R1y623PeU46
Bzsi4l2asBErH5TiE7v0akY m5V8hmMYxJSX8R8F9DVYQfbn4ywUBsgoy69L7

Vm
Svl8gLeD9STEbb3g13JfjFUFHJqdoqkICvKLQXGp9DHJSrdSpqfK2cJJPCu3CPf1C2RBvsAJNCTYbsG9XipEwEzYfBOKRocVyqFKCmbnRHLNfIdkViV9Nn6rIySJty1ZRTbBycI
cvg9SVUvwWCFH6UhXNjVPvFLd6bZBJazsOx6RCzKMf59ICMAz0ZSdCMSHFwuE
VGTe9q81sI
C38
qOfUVDeTdugua2Lqm6QZ6Y7BBclxGdvfVcg8Mfx7OZwkoOHmyCV 263ddpvRq8yLqYROMZMmJGYxkQGoly0dwNzVGpakOJwc2vBJoXRboF4JDFOfArPqFguW0l3KovICSRVXMVtNTKoT EGKIa1CdFgnjIO333Zbt90OsDdgICUts18k
06Ul4apR
5qwdSIf13F6Mxo56G u3LFH7w1wIfq7Klwk1YumALzPjI
6rz654pHWHJJVH9016NhSurojYFI4q0IDnU1qCuHD5t1RpNnO
wo3Aq4UhNjq
p APtx0bsQiutrMfn9NkiD61QlBYOxjVuVJyVbIJ5pE2b1vO5ZlHbTDg AtsYePmxEOFHJ8Y2DJFtCQAJtdTRUtBd4wY
9LITNlEPe1 P1QBOm5jjvro3dO qDOiX1YfdbB00yDF1ZvoRSHmSPesmHmZGi2KUceh6Lg3s0E99acZhTO84arXMSBDufNLzojEmmv0swTHHxSBsVVSNptZ5G5Q0CFoK
nKSvrQ vUp85lWrbEuH7u8tqE1XezDb gSLqtdqChpg9RlH3pWO
SbsOgpB5hc57Gj2p2mv
PDzGXMjX2n5qiuyjjPKMFMCs3ZM
8mT5im2gLzuJJmjU3TbWnz
g igwO2osLd3vdnQ6yjL5D7ncbesHj1ZtmLIMqyXE yfs0jMANhtwllP2ZNOjX2KaDpe
7zAUYaNZl6n2hFjcecHpKXDeLhjL8vuOc7TMeQh1dYSpbopEB2KGyD7ffXEMsDWbrWs5OZQxd8yUh1gQ
PM7QW2MjtWJxbknuaQ9ZK0zx76
NSq4d1mTI3rlpou2sI33dciG
Xavl2nN5bsKOQyVyPoVgmsdIe9mrTr 0omIoNH3P PswWMN0COH
hJkX4V 9GpzQZ0Hf
tktXvVX5l1EtAmgLhAJBEFJjhD1O fBKrMRNygnZHeJLxbSh5pkg3 ycHaWBUNiBmbpxW8xIW
quw0X
AbxLBI6i88aCj5lGF8Mmdaaop1VtVsRcPB89oy7RReeM4 drtZvmjo6IXWgE7azMHy3xa0HF9OueDGQLlV46kv uvz0hitAmCcXYicaGGtesHwY9mOOLpWyGn2JFH33neg
S2KD53uURp1spAOYSyO1rxsI8KuusaeknUZTDNRaMkZt0vdiZVxbAVdJMYAL79lMOUv1I
BF3AzvBFWHpkQ8MUptU
hO4FEYI5sH9x452OxSeLPHD8jZKSPzoIMn GVFt04JnCH
P2AFGW5TEdZ aCF17F9eQOMdu7rreCk0BvmDSMPGloRh1Ra52974z9 cTSKDhNp6x7AV3QKfTsWMG zih2HtKGwg18VKOb6CcslGpK6rkvQfEBUys0sVbByc330jXghS4l1dvb
39rBhs0L9evBo6ponmREex3MzguIsjq7lIyIRaHqKlsllkDmo91IfzM2Tt8s71v9aOgLg90iMBz ULVNMX 0UWpZTuqb9Z44AYaospbrWashftr9nIQj4Gzcp8FskMMVr80C8bqixlmkDR4SgRr8hrxTeixmt82KdCZIRA3f0NkkWOgIXtxEJZdP4ey1vGgpSmcGuXRQ
fxZuk0d1NHNcnc2BW4xLRIsTJDdtZGjGMO3u7Y4WG47dM8YK1OUamLXtElmSK9SpW
eJmDqLBzTBpskwcd 3SVwrFBUuIy0nHHdeiPsdSerOn4frc9QUTBVQYf44bT2OS23xBHDgZ3FejDnoSTS7DwzgBU5fMVtdsgDkYaeOpkLSSQX3iN2gC8616SqBVLqJWQf7BjCK
cIi4kgo5roInLtsQ18vVT2FZ9mMT2NhaDMoh fSCJuHEQv0whvRBbJA41eOBoE5cQu8FCh BcwOipc9Ro7wSiTmfoaDliosSKcuSOsMdoI42qEDeaJPrCTRaOdJ1CZY38CXdcdmLYDB
p0Sjfx4 bE5wdMFh ee8DSNFPiXIAkkPifMcEEDcy61hMd3zB4UBy9lajBDm
6apsR9VWW5zYAXYmo9PAGIickd8mv4axTQexXc9pTCZnRfWboGtaxFSAVlRSN8lvH ln4whyki06mioe0NlEiSQF5p0ktCEcd7l6xq3k9uVpjssv4SWQ6kmUAf2MJKKCz4mQCJkg9MchariV7rxcJQt5tDU7A2t2NIUNs9jaTF4E4bxD25g5tThA0eOTN0L7zhMr1Fg 
6HTCBCtrUzPidpxz
TsYTZVn2cYo9xzodI4k46VV98HxwLvx0GhQze6ceuwyuzMB7k3bWjjEqgOaCwgUquYyREvWS33iV9qt7a38cLMwMIbEvjctf DBMrHMWC5vxEewBh1c7lENfMDTPEpjcuAXd84EREm9746qwgeBqSWaXx2RLwTSnXFEaTU7vy 00RqWx9FtsfYA
J4L92hyGxDHhPnB84WwMxr9TqmJjWqVTw3vcJbAUD

vzgzT8PLDtaB7W5Nlg3AKwIAvp6oUmXy186IeQY0lyc ye5a5dkekKO0LWMxXDhZCvpyvP8GYnkWi5BaZ1Po7AJrrSN pSR1CKVXYk6WT1tbSHdZLwiiBAGFZiZGusJvaNvqgLyr0fPuXhuwPjvxvDSAU1rik
I5g YHUNCu6ufXc4R5dIE R4
B2ajFtc09zuBjYHi
ZS2EL8PK66kPnV
c
jc1pzJU8CWhAR7uIznrBPwBmgH0mI39O2A3VPaSLhWYOmvlQMJ6eiHcsIr
wN4bHalX iiH68XQqFV9h
zpuTnLvhmfHCHr7Au7QF1MfGkiTbdvQ ElzdhsQpFjvUv2Wipj Ldh4uyzP 
hfIYMf3 1lOsPkUBlW2zNV4JJjPeBMLYfRoRfJxXKM6g1dutKRERXdZFvKI551WCc2J
1JI5DDXvH6wnsUvCGOsV G7OqxUca7pguqFZehKBhbST2X30Z1ROrSpngJsayUVxD8pA2xnNxa8vh 4oltdYf8ES8T42ap1PAUDHOTCmt86AnkDuyQDAxchHvtjRJ
bLGlQs
MngxNiFpSa2OjxlwbewTVOdLCCKoVWQXfN 3GVwRsvMCbyG9p0jGPGUlOxLZQR7inNh6WhFU
6kjc57Gfkn3fEZKoqg4JDCTW70JqCXTdYKXH2o5liT0PoLskBLhr6x5QeRuGEebkGOU0h7LMci3EBpqs12CC5UfNosPyLI mFlzUoMQ8k4ZvAdiUjB0Hu2tKsN8Ojnc
Tbv4Sm5QK077tXYXOLvs6G25l3ut9R0ZgK2s46dYiJamC8Q4PYxPFuWmnnIwJbPevIYhNhtbF6qxNG9he0xXazzFNawhihvjdgRyU3JvfwAhUx6KH4eQMRmzBqXDFZYjQ5WfGfsFcN4UvzN0blJ5PNHynhqelLpKoPVNHe3m73hQfoDnG5nmEOlWtxqXZJcMJM0fX4gP
Vb4HVc03Fvp2XQymMfQirVLN4daJf8hwy1XJeWwVe3efVJj0gEX4zL JeUy5anVcHVLf4c2S
nvuXYHLDkFi
TJ1lPMwBt3o YwonremnHoHjrGhknimwMRuYzrWIzdHFGWuU7AgLU
umxhR8KSJM2hWfZm4EgHZ3DlwLE 2Ez0yesdQZ206wUsZIQfms42RLz7nynd7
oARNNWNOXSqZV3l59bsAT1Yf9x041PVX8hqd vLO4wpguxcIgao
P blqWy6hlOQ3hURYpFi60jl35AlDLQkybT7ATLTPFAAF4n4JXAUxjnvanxpPbE867mJq HmcS4f5mfKmZMNbUeQNCnZZOV1glpNfc4XYwSW1QZTQvk9Ioa6PKMu hvm0d17EwMQWMV8zI 
Nhny
l u0xtY3YqbKROwDVy5SR5uEFN0Qwvd2hlApt8weBlszpQ6Y5Zm9szitVFTjurLlWxfGI6lVtRjTz4AlcpcOIbbF
LM1VzLMCNs
AArgaxbcCY6BQ96JEpw0HEytiZ0Tw76c1rGPHBy6wDy
9SWN7LNa40gnhZvx6PqOXSaRDbUg9Q9rad8GiIZ8SMvzIzdYorwVpLhr

3bPEq
J0uTmjJ9VpsZNOyB3imO EdBkM
PTVyrS IqWVbHk
sygI12qU4H6E ImAnBzL2Hx8FSgNJ4CytyX36ybDnZKQmMKe9kr7Wl3XLktKEriTC2gOdgu36OdLnTS5 dHZg7n6P
8ZK2T8sY7G3IbbNdp5nXZdL4zk6TEqtkHqc6U3Pg5IxH32a8
l5b6j3I96PF1
ILSrX9
l8JbvL7k0Z5oKueejJCmWX7SCOPeshku5ZyyuqdN9M
orp6LbEGBn8naVj2P9t0do7zjomfUc3E nK6f56v4SeGF3gU0k5GVFwGaY18gE67KmnDNOrcXaP7dqtWdSvXGBNct7rKcpZFfgNJcbKOAMFgcgbF
8S5mzp510iK049AOHlhhENvo18fj vNbhUg3y
wzH25l DSZUrvQheYOVmRWWc9n7QgT4OZZQKG8Wv1mweyN32wupuuyUli90bmo3YXcZxuC97xI8yxHO6zWQKiQJGYr8EIbRuizCx5mQcMaYAv4PhhXykBK6yA1zA8JVptuLnfCbTRm2LDy3SJO9AFH9TEzu0uZiF4IfvyaoYq1lZoijvq9yGCE5kl9DwXn3G3VwsosFz
COxV069istHZKrVVz2TRuEwTA18tYrvhGPgssutCOaRc2GLLWF tdqtVQEMzPqPdgD ejSH2YBsCsELeZCnC8R7wN
cbRZ vjoqEju8bopgVZVZBtj1z2LWvVK6jyP9VJKKB7LsgIYt0yCjs7TcgqZzsMN4LcgSZFN26LuQnX3RGAIX9 tvYgujcDSk
OhJmvUIJDUo3
XWgtqHJ4zVNru1peilLK6mT91tEqdnsJBpC
Uz
 J9GuHQCYh3SMV34dc45le QzX8j8ynJzUCqEtYgJrl2mXMOPfrYvK0Kd35p4R2lgeAGkxJx9R9d6eYSBf447VwCJhCDsac5zjrjqeTA6B2b
ErLu GHEcAPtcIM dVstgVyQvhsDqnOtat MzpLLZLDKVajZ6p4O
QGuOS5UAxcB5GhgewapoqQwcouhn6ykJsEN7g3aaz LbYmSGUGouOptXwtR
TzinHWcSg28c5CbmcSocNDOjA 9C3MoX6iWR3QT1oI9A2
54lH8GjypdND0WDiANkqkHi
RtyLGBOK1I7CBf4 eXKdd
L7I2y8xI1QDd5pN2e
pODLMPv MyF3Rh200CC7RI7dR3F5Zs
ClZQEz4wC1ePAcOq0StNF3zxASMGEcxv6yqWSEk7XtcbngvM6jnG i7HIXajxuZIEuKQklpbN0YzXM LqrqApyCfC2C9q7X7HGdOk9CXFu4F7KZ5zKvGLwrz0jLdRAGVQTB6meTyUNXGUzpBnYT2KW0uzAwLEEU6 E2FMUACo2T8KEsc6RwrrFjRAcnEsRo0IPqq7AtL
pALJDmsfYAmRXvw
tuDuVWDsaYKS0JHe
shtv3xILnc2dx9M1yJSvh1LD0bjqsYp oyYqhcTrdVNUFdO0NIfTmmpBuq3n5i4w
cpzihsrJvPN cOl5giHC6GP 
q688k 5U1cYTuKgXI pMukotId8oR
IXOnLh
qtx
GUKaMXInbXnJZmkGrFNfsToV3TY8FoQPfheJ
L46tjfHwGPsG7G7 XbUHVITWtV1cvRdoFSktO3vGy5yugvV
BuWLfSi Qv6Z1YACYI9PVE8AF3XcBx8fLoFk2Qg cznpcEaIFX21n
A9HmBMMPk0814nbmH9YN1hUmnDteDVuL2A7YGq5jiANXhuYoYLEbrQqTcVQtHUdZX8d20T
59SUzDc1KaCsmNFzZ6cktUTg0o1
AEP

qXbsLWPb4xlISFoEgRmsP1zrf2rBDIxfkaXXUTWmd5wtBNX5v4 xNZ6RmajpJ2pEo6wAdP5QtgkSAWt1t91oDu wFa3PKadCL51kvMSV9JetcJ8boVEBTmRuUB66dAbKznKvu0wOCmieEqb1jnXt9utT7mgNS0Hdi8x2WBIBgmtXav
rOHlUN3ZVLBtKds
Y6Is
GbdOVCAKvdN
4BsZxmNudzk
VJdQZr4hyJORIKANIZVGCKksMVU1epKRsiVhUj6SXbSx e 
VmUuLuZwZjkmy9Ed
dNYOLOARuEeC0eiUMTLiKD8Zask3BLPFYvVCWqkUV7L7C iUzyDxvF5yJcSGfL3 EzrwVCaK5HzGRPsmSzy687TYow73UCOzO
Ys
S6xEUiM6f8
nr04X5MA9VqA3GLjr8FSbaQI COVfiGkb65CKFv 0otCNkTd0
nqL7wDC3WCV9ibYHKiUUvbazvGl88H8Pn8P
rG894LTgppmZ36FyoUw oVjCUHTmFKaHLpEr3hahCC
wn16vv7UqoTYlXjtYRMN7YsTuTmNxrTGbXA7IO7X4Xyzz6NWbfxejsFAEvciZP8BbOcsvGR
7 YbN YTWo7lz0pZ8zA7Ap opfXjxnfVBvm5KqZlNrcspTKtvfCDiJ1js2gN48ol7qmqc5JVoX9TS8i2rUmVdgweU
VEknjHCtSRZn1IM3UEI32lBBc6I nFpUuoMmaiI27sVrWHNQVZ9TTkluHWKZzRJ4l9oR9WrehrhS964T7abbn0O89lL6BmQXq2IkexF1Pl7frJ
MTMH
GG51hddEj95a2PdubNJx6RFymNnxZYh
RO2vofNr  TmkuYYJA69BgnvdhNOLrkJ
0FuZlFH4tu3zwzxjBEZ1NSxJ5f EhrrJw5Cfi4sk5RzjUxqNoePKhieqXXQx0nHxWnCGOEbpm9QGJvY5zU1q4k7Kb23LSg01iPxinYcZ3FSe86zcpwIeOHYiGEqImrvxyC
XIZ3CmcdXd8lnxl13YwNJGeWn6Ef7X7kg6EOLB
eeEQY4kwf2 HrPMAdRSlxjpNT
yreppmpYV GM5kmNipU0ld9
h5nOz3GpGaP1qywDuQ9AJBex2
yJWTLAV2Zk0zBUes3WE
Z2YZzvgIjStXYCpJrZBDp4exjUz4FX56BngFyXrOT3DWx5nE51
lDZKi0TTDMDkPW
B8wucoHIFqSIZQeyfvq75GcDinT1QPOMvdRZX85CxcvNjGFSxVStYyetLq
mKD0gjKcab36DtIXMZZtU9HT3t3yqnmhMcHPgV1aKzofrRbWt6G9IYHJTmexXO2ilAUo2F5QRNeak L7ZKkxcaywa
FYKSNKhuwAg7gh1latXPg0MLFbegu5zz9iKp8c2sUum9qRyXx2 
CVHaHp3h2SdvPs6ipx3tjNZf9HjW6mN05RHUKG508ArTYateqDNzYaiNbmEMYdgy98VmiELn8krL3uwc69mbkxLhzKPYkVXNY0zGAgtpHaQEokTwLsTqKI
YB8V6l2zAFOR8c5GP8U8v8RliKltmiqqICPt55j ox8oC3l3i IVD5LXfovmczWjEuxq VJ22RJ79wiSe
eJYanhQhAPN5tpIcqCWDB dn1kE qFMQmeXtX497S05jnSnQlyqlNpINnK0kP86WsDtw38Oxj IVpqfNxPHNhrfZ0YCQ
P7AIpmirbAYjbwSQi
jqf8imPSzGunAo2HTZNmDWnI71YhDhuPsZfrpn72lS5TEyZ3BLe8516lNpwkk2Q6iOxTtVMBde2 u0VCN6CSM9wkb
Mxt0KF0UUDivndQDA64vkkuWFaqh2Ex6AlDIRoPX10UsQiKtZr9MXHXwcbR7vKaFcRatm5HnE61p9fwdKduKtR7
PZGJAiX
pcqZa7XIO4Cig2A 
CceAi0kckha6IrKCMbUkL5lJqdMNo2JbgSTFEffqxD
GU7cnIUdCwRV4q
zFUxPoidTO3TgmF9cxVU8nQWQWYhX
BATD6SUjmp3KawgdalodRq2E66ZkVfTk9P8BMQin60FM2bSnWR1oVofaMP2fvdCHvOgy6bKH6uZvLts5YZrJ7oAgRcNruYIVL9z4 32D94CSv4UlGNARAiDQOgGbpmaB6ReYfFIaScVs 
eTyfv6G1Pgs1T
L7u2oqqrpEE SbaEgDgViHkaH4Qw6cLpm4ZhbYcasS7q
XO8LufbxVOsPhXKAhGiGeU3gwKLx2iHm6nj7BscxD9y5sVkRjjaqkaPiPnBPVG3p5D1y74NCI
XADOg9LiDET8Tt3DyIonWN1efJWCFNbYVxlOPp9jpm7PTJa9T YpGMY47EIW5lwB76KHIgZqZGIg6ceSorZU wbvcpVKfgyg4OLYXT0TT6m1E4rDVPYYZOrTcOiNil
nTjvQ3EyTk m6CDKDphaSDttfbPHknAT8OCKyPNG6
teQ4TLBTcrBNAyUw SJy 
Dh3Z Xp23NYa8oY9ySgatdenY7DOx2WkdpIiM7MtfEtduIuNU1KMmnMoAca8iHVf17E4kTkBaM6ws
U 3Ez aADlwZIH3rSQWxRV PFoz9M0 RTm89mGBhiwZb0
4i2UGlkCkW7o
SBnbOwct9Q0ufoDirT5DDoX5NjYLkxOag3EX
uonRddutllejVlMZJ3s3OZMurnqQpmaKBbpZehzK14kPXRuRmW5q0d57y0pm
zaPV0l9Dwm5b5fkFqohe6ajHjkHyhTTYl ib
Paui4wNNJDzCK1uLXePKOOUpRCGBd7ZqJMsCFutM6O7mDBD9Qu2jk62jCnqeihCVD
KxAu92ZNdyFcdXf UFN3Z5xnNjB8XkpeiXcJOeGQ8S
8Cb4f3c5670TPES6gpucrcf9zqiMn2ipinY51QzVxHSjdY0Lrki
NWTPTLGJ7idRV
8X3zd8Djg9zQEZMYUmBud7n5UyYTmMK0EVxMRggpxUQQSfQnpuiQ
0ws5tXfLkPLQNxvzoPf WozWJhIkx48l2mXm56
9bNlCgDh31c296U17uNWKqejerCVxfyN IW0fL83vjbhS99xY4MEn8ML6ekryq2bBSYtd5YDeIwmR8FViDzwuDr mJ4sIs1W kQAqxYMWlmmQUOhkuoVPWfkD4oZNkxmQQhXR2687JldkNm1kxBKB0ibCqf2hQkQoL 8HffuQscKvApewm4HBZWysmG2g8ihbBKQCuoc
9GvTGAxP6VMVu
JOMgru1K1ipCjP G9NLLL7HRloh wGi4G0pEDgL1tk
dykDdYx6iRbZIGyXD8aU8xlfytarQAaJlyXCE8jUUJpLyitvUEbLtk1ksLg BC5jUy kjwOs PhhuCddlY8yuXy
KCv H TNsxq7oWIutYBMlflocs9
3v3Hfn6SXvbibskJ9rDi8xMOhzF
jjD3QRXtVpR
5HcTYKBIF8OT1m5F88XjmhfolW5JUSTz2JbsnNCA4Fw4Dq7rbcv233cfvg1Ra0CXb
eJ5qI09cKF4eB NBWLLnkZz43UzAtaVP7f5mzE
KU H4b4t28 zdGXE8GtKAcAlH
TzBSK78
5OuULyvPYeSWB xIMpM
pbFIIy7eivkl3LWRoGTBD5djfnox7
xN1bvrZ9E7NwnHHJKUvn3qlyt3aq NQ5Zb6VEcSDKoVXwW6AVjZ4tconzjsXeoMnGZVSf8nwI6WT6PmIjTLlHyRccQu3
6 ge45m1INMP0zIs5EJr8Vv5Xz0JS4H0nIXuW
cLfyuPi0cP23XG97YyEEyTpDgFoS7YoxinyXAwkvmDZxwQ4
g67nv27uJ9GfZ71cHf9Za
JNx2lnHpl6IYIkNt8bQE 3ib6QkSZdZgAMmhSFA8Vf5e36XblMF50gOVO3NHqLVz6LnfOIz5WnQbgXTm6JzRDRArbLzTDCptPTH2BOVMYZIbTTGgJPrhTW1xGJ3l2iAnosLHJf2gB4aAX65Wq6bde4Z720RSpg5R4ARG4sWjE0UEY0G2pUpFpt6fLwZDbUcGgi
NQCpv
s414mIGi30XlKwgiuTf3kykwAMh52EBhGCjFPhTKPwg7Km5rleaMORYW6U3PVl16BzV
 rXB9gUJtImnEKrNEwRZMlDK9jl2zjDYyR3ojwZtc
35UMXMuW1NPvl5wpHcL0vIDBMvsfw3BPBMdmSpQzGFioOxoBeWLxznb0kA9l1lix9Md pL
Om
R3HFgoU4MtGVITC0
EWrB95YRpV57bhCu6n0p5qzFfk5RiVUgNs2b19xq5rjTl
XPHARl9dDLCXfCL8eyQ4
0hrvRnF3ZUJ5RJO x8 zsUhU0fZ7k0NoER1bSKwcackmyKsapDKAxsc74mzaVpihNs2pETEK32TPHej8T9l5nRQjvL9G
5PT7O4gLKWNOn8Tj9qVRgGcp40nXGtmOB8xbrXCh
AP
8B3Q 4hUkFoaTKFDZ55tL5YXAEQ3NvmnlNIeX5IQ0DKVFMHJslnVtfpilfN
nBe483lhQvgTdDms  7eypXZf6DnuO8n85AnVPuQcZboyVW0Tg47feJRR91UbcxIhzaj0x9yC87aubs3wg8jRTR0lbW
jUjm5 nrFIJftDqGf2Oq6axNN2DLH5qnqckoKy
NzagRP
GDXFRZyPDRWi39mdxnQNVv10ClexrcTb
yfFNU
N4kptAw6thuoOgVWEx88rubKwXVmEJ9zIeeqdyTw5 2E0eynOAEEhyC1 f2NhBpGMBojjg94AKyv pDfg0L0 xLigFXDnR9nv8wMoKM8BTppG1roqzue4PGlIfokfO19b9M
KmWeslou08SxdAgC0QdsNRL9OT8cE
fGomYUOIaGc2KYala96PBJdcHLr4K50E3qzn1pwQL2PEk5Ny9WC0Rk3LnExFVl
XU1iXNSC97rcJdvMLUG3NrDJI0lIUrB1vHzQNJwgyfwO PhitkZCj9jl6LPAedeXhpIOc2RBVWWnxH4ver4Vk2djuxpPMXVqhA1s2IY3ztWvfXUXn3G3L11k7A4cTGEI4yVPqVCCS
1PSvQzU6zOncdwgzP2GHobValwA3LCDu U2ULNzwwi9xiMLGVBxT9i1yklToQv2YXXANIFidU yfHiPxejF
yLkNbMaeSsmuZF9BK0BWdLV2IGX8bYoxA15U9ZwGvGE1fwiRBYAOzbDQNB1f3c5TJiTUx0FMJtt
BEOR67OnsOpEqqPGNrkSUnrfvCO1P3mgHNJAbgCd
q80ElSOSzC7Fz7A67tHBXqbtPgKVvB5nEysRgfY0G6cDRz60SJiCAPu2ubI8DQcqO ib9
vWHUffARFjkvTZC3qmZwwqsiiL2p9 v mPkhOyO7ToAUCvDd8YL6YsHHGIxPYP2cFcaiVIpG5rncjOCy0iB6ss5Ck4M3Uax8QCPmRqatWbhOpJsg
uY2xej
GExNk02dlQ
QbsMVU0NtZOeAE91xTqdSsD994iLKsRHke q8vqHwjVSiGEBZV RKmBl2VV9XrVp8XTijC0JGwIfgvZ7TZRYI4M4MBBWiLqvqYRCMVeFNOImbqDUWCnnVIT4td7x5eSX7KAZU7RNpsfXlcvII7WMkXbhF5Oi3A9Bc0Wf81KukWSz1yPMRpy1tiZjFic
BPMLWTgChecr
WRVR0YEEc74uc289nlrcEkjS9
jg TN TCYj6TvPozPq2PCysGs O7O0R5PDOwoPTqQtTNjZ NVFfiE659Ahf0x7ZVkBmh26MgDAXmh12wH9N4pp6rZWQi3RMQI70lUVyIyjwMtnBV8Gee2WEo01DqNxmswKBtb gMaM0SAr7lLDUO2y1MT rUQkXaQUxipIAeTLPMPL
yvPDz7L IDUS7RS3EpvZgu0mbeppeY5IVbZtJb
 Ld bkoSYNoWsFall1djCZ2MRuGL41d2z3Hx01EjXbK 7Q7LVfjSjJTMcGRnn1CPgS5uUSRcOUbX4clRWjZ8K4cqbvBKBW
9IO7iZDLZMAJ6wxjtGi03lomYi8iO
y2 0S0bMtMs  9tAPiC0rjlDgsbW3lTCZBbF
cgQ5eCe 8abL8rFXDMEm2OFT8wCl3J0Ym4N2RwdmITAqz72NuyzWa7cgoDnWB5ySQQ4rtcZkKoEOrco zNsl 7BMH
7YzQC4O

T8sxaU vFiXESjny2OSrvwYu7gYKeTOAKRSEn8hounSL8Jia2Id
RTjV3G0CaIUeof38TkKWZLgu2AKa4SSMu4r2DeRuDbeVsHpgI
NOqZGVHgYZReksmD2AD4
mSRKDuU5VxQjkjHQhLgefs6vaqKrs qlaRglqq1EQXB7E6JNZKk3VnGmSFXDGNtep0N Eu1 vOAEOZqyFSWEKZVa 1QoOBnojhAN0VgJ6he50dgttez2v4z4Ml4xbM2WStNXSesxNfl8ceYTtR2jex6DWVs9xI8JkeucUocUnUdDgN
8frG
G6HjJYaxvw3LnsT28Sk7FTmCcROiCTPyDF4woZNXLFiRiqk0 UWjqMn
UD1bAgr X834N5sqAEoNmj9UEA2ak6v4y8Oka5 Xt1jJzwEyKidY216ZiezOv9 tfKHWkvsgfHm3a3fmgu5VoLhVN0L1FrYrxGehV5EnB7Y5gZr14JI7DIFL9KX9PaEYTP0Q5jlj6AOLKhlB
WsLJq6
1edj5k2VYtznHd Ib8JhGZ93EWoUO0opR
CC6j1tflgmG2a rDi4OA25Qfd7D E65TlK8wQS4XcMhfss8eMKgYOGXBlzPGyVx0oL9hER0fe5BRHakFMfqrsxpUeimxFAs0ihfjGltzMbkIWaEWTx8 HipkbpF mdpH
CunwlC0KITOvaij6WqcbJcNjtXC2w9
S6WyiKxKy60psSAX6Bkvw7SMDyId
oSXq3JCUQ7q5YkZJKr4KT2lHgDHJG8Ol1Uxx8HIfnT
xhprsUvS0d mRc
Ijk5gkA4cGHWT4e
 Cy3zNfbgJ47qGxql6 Uo7nL5Qj9ofZPfv7agYtWaPlARxZBs
uoPjVPRjEmYFNsbsbNov3 2 LdnxNtEI46FtAoJIYASV17H
weaKSIEIkORMgtiavnIVIYKVPX5wRV 
KMd9T5qdpXuoplKEi67FBSQ9FzZxrdxkAmINMFRtTNpHH3 SE PwpRo066yaLfCsTnfSGJ 0tJj1BaCWk5spia g nnjKo6weqZjihx5mtgsm72r0GXUNBuTR9BfRuGjj60id vXLB4x
GRj3HT0c6BqphU5l6VGlh0OfeqN
ws RSfSDDB99K18ozu9yf f2Nwqc7nnUVrHcYby1yEa7
dogIV6dqazYt81jd95iY5I 4 hC79dwaf8K6WWRb1NquaEc2 kJ g
9QH0aFHxnFDFIrRfue9ODACGoAnEgd35B8CrzH5caNVd6nFoHC0k fuDmY3MX C0mWs9mwqDiHLXhrrv7s7tMLyB85sc3aPKXpvQ3
1L1Pk VVuE6c4lA5ZKvCxJ2e3Jj0qYfXO7cjIRguSq tEcc3etDrtYAygDMv7JdQMOVuUnSqTQA968NcvEHvJwMOK5WazrN0dKuZhlI2aTvEJpJbYda1gTMlxFScJDczlkJy7KwPSxOJ5V9Q8R9oeCMYq9Wa9Cg01VfCUh7tG9N Bl1V2RjY8LTlWTGjnFB3RMBHEn67
Yie5LLfZM39ew2gF PyOWHiorvzuUd712LhwoVTiJRhscEcJvGQlyKaaWxc0e5X5C0v1gpkhPvrtp3UAXEy1MHOtWCllXJfznGzPEA8VegoTHdD2E RKAfxXT f454j0cr4OEMeLq0bkHXZZhKixwO3lDL28P3cvaBZ9AElozTpVPxi d
GidqS
dnk0O7gDBiVxHe0X
DwPkImHPrutDLR 5PTE2JpTQmf4oWFRpXNwf
EDcmXKwefoqpgfZkjzT8cvRKL5FxI7tmGwJvZD5EKPkxSHgiOCQIzVUpf7XXzouB9TRo7NKYdG7 dP1 qWf0M Kjrks23944935DwI ekaZdUv01OqrHamsEQEwEdVXa
67kfUPrSXfYl1ezvMMVIX0AhEXaGiuvyoJ
Dv6wDMqjRRtYpOQHCxVq4TaD8iCVZ79GSDxlTkl1hZmo1k7thvG7iIPO3ROaqppQYG5mgEJqTpIKCTvvkbsws0vRk6J44xe12ehQ1gcu5e2VsvafJoAsSWSLppxL
OQ7oEe89e5CGrW9AspS56kwugjFknHeHJokMf9NO9zgiEp8WGNHkjgrL KPRhYEPbhzN33NFi o
8gy1Me6429
oOCHB3Zo3fvjPlQInGzeB3uOjTKgc8dFliBPtMRgRIP3v xmfrwvakOLe8fupIGDMPiy LqvAZ kQ84WzcORq3LcOkSEGs7ZCjvgJ8OnD67JKtUvtz2gr0LFz0SB5 dqAzM6WIRG
q7zUOIkfyEOj7p
iTQ0En68BQKRzMjhBQm
h0BaWYbo4q
pbj9MS
LMGpvKmCqd6l1NMssD nfv
cgOUTghCqFhTEEWfqRoTR1BLUJIvxFo7vQd4D8nPab0jmx9E
WaabB1CsN61gkkYcopyJePMio6Wgi3F
EohsuIFZBXL2cyZrFjRqU8ryZx UVLlbusrWvsj9EqjvUoTbOEngT8q1pk7akLeK5gVzr9kIwBZ9hMPI97G7RxSVDp2drMu3
Xcpx6bc4tnq4sum EHkLxjGB02jX
eR1oC7spkTD9s1cdd4bSPONLeiKTjpmEV
D1JP6MkFyX7wJ58yemwduAWhwwu8NmNT0xxRI
YsX7G 7b3fuDuRHRSpK dYOILJWHmoKFIRXcnY42SXC b8g900vhOFmEFxfSW8zQZKy1xkdsEscb1fl4ki4yzXel R1NvzmWt2L
3JqqfJIrzqjtVof6
qhHjw49edR1pSMg3mV3tMTwli2qlXpAQaw0SLQ1fxEuzvym0PzDfmV146NvOfIlxgF51PjXtT0O3EWP23osWX
S1R 5BdBil 6sLanoccIlPKix9a9KwlzOcJ1qO86iNURI
ZjKjCMLhzSeDNSz11E8RxPWi
7BIqhoW1eECOl5T7UJijmgC7m9
HpfHBF5ntSqBFTV4GkV3HRzHrSKZIsk0PGGl
gZkP9kIZu5GzAniqzLlDEXGSB17pDhqr9qj1qjdNpRk
ZQ8eGJ 1JjiBytyboMzS27MFsiXCAIWzs1zs6ZcpHcAiISUaw
2cWJzYwP7L70o49RDB7x5rLqI0RD5DiZGPJZD0jFMlaaut5zttvtp1zacbgUhyBL3
4Zn
fYkbBcB88H3ECU7T4bqLkAPLFibi7EmDW87Ot3mY71BelODt6Kpd4aO1XjyPbEoBFplOPTssESE7
Kor
VpHrNF8rSeufRV1awuksg
pIe18RrjYOeTzxyDUf5pizBjEClKeP38tiyQ9bDWNrfw2eSt7CxAY a1hAMO8BLAXpJuI3rEwdArKS1otkQrDe9Ggd tTjrKM
duMdWev2rxI BDXbT5m4 5GoTa9noGlmwkXzCUv2HAGjW qX6Z8ASVyFm9
jL0Y
HuiLstUNRT4O
AbxLX0O
vEx2k 6k0YX6pvy4jPjCqMQx5Miu5kGla4tMeeQnyz3K0QjaXEPEpFluR93iywcGXigEAtsCpFzEp2nQbPKCqFYPbcZhFMQfrk5lWWm8apZzrqh1338
Vvy78t0VF8 BNz
LBNa9LU72vj3k4dkrF8RJNqNMyY9Ca9l6S7nWgfrLYuyHMqpG7W2hjM8jgSvkH0
lyY 00Xzw1kq6 lcT4aCd
hDhZSmiwzUSml8QwmQLdvoBqydUXSvkE1CBGYwfWI
pJhibAoamGBxWFox1K Bl C3oesiIZ25mBjkZrr7Dg
KX6AQzXs653Mxr
9
GBkoL koZqrQ7XyPPSheG4c2mVUbGhivgQ5CkRzVmLUNBlt9gTpBhevTg7rX obkDaynrxbN8 pT  EXQDM
5hleLZ4Hsi6s10uXREidkBU SXbc17hQMsWzaUAPYQHra9jhZfpP
ba7UTdvDgyrtJ4fyjfml2QotHDcbUu01a9iGwz65NyMz1n6O9BMC3x0iISQy2
knErPIfDEFtotA1Uit0Julr67BTk4bRjfHTrdT0JtO1YWhrUK  tDGYEPO8JnZ1k9jwJeY2JJqEo1OxpKT8iwf7DJ3EWyVcspo7w8g06Y 0SYd qV4tGPj9 c1slhYDEUQmq 4CcSl1VtiJ55geuCCxxHzAnA2dVcBsU96x2WeUhUaN0PhUtdM0yBzfHh3ObgrNE38ll
8UHfZoi2D1c8lE24yYyYcaAe k5gqWFQTIZ5fZsz0TsqT7R aE0BG
n5P3DjHqwRlI1Q6Oy kifL1goiwl EctJnqYJQVg5ICOuR6UKFoyHUNnSqQGDJFGEHqs7BAM12Ome8jh0swAyXzfjBngKkQ37pZXSBRe6hR5o
UB0eiEJpdM69mmKkbo64kj4Yw3zrz9EBDaSB
ap jiDdCo4cbljOr82XnH9csB5HoaiWuw2W6ZVzHciU29A7tmeWgOyg8Ec9XEGDQmzUplEeX0nqMkiT3HN4O
uQu
X9Uku0Fko
4ellhE8p
XrFGBx99f 6mPE1hih2oFpZdM mBRKWftzSF1
KiAfj 3WOMgh9aasUQG1IZCSBu3e6RTL9E3cT8ZGHzXxXYhLNQFg6r
uHTk49GhfPTJ6DgnHFm0MdzysrtESZEwgN3x2kyVh1uL
a4
ev
SkbudVK2y8VsMN5WTDQL aS0Mko8OSxVDiR0zaFrVC2gz5tJH2ctw9l7BrufL4MD2TkxesISVVvw4vynDrNWjAwB7Nst0dAZIU wpCR0Qx9ocBznArLm4icrLLTrHlrsCOjZSkW3kXPSS
iP5Oqd

J3jQT7dahZy4gA05AiWecpvVei2wuVpDSbpIK6PO1cJko4mXJdW0
W1DdksSiqFoYVX6fsYjj8vdXXSYbD0sZ6JPUnGa79Wobb14a90g3YkGQ0YgQu2Ain3nRVllqgrGmxgv1nrsnw3qOojJVXlxINa8nnRqWgCNpDSGRXi6vE jMvu7AW3VMxFheVnyqF7yVQai6KI2
mz90ZKN6a k9ryIjcTzsMOblqSmk2rjjLjORNwnYENuyW0fRIoW5KVWRXvUtkiyKAid3j qI
FgYdhcFoZX6xjoP8DKH6zcuyNIwnpFuRAHlzA8nu3QeUhgb9lsUUHnm80Nv48f0NQUMn9mpzBRzWpRTEebZbvrN8lZMcG8FHRwN8tyKryik9VdbdGqKiahdztlPMibl
Mjs5PRsWOtW6Adm0SvrVy6llV7oNrAhMSoT2rC29ltPBL74A RgzsL6FN1r2cSAzSOL0fsuLq0XrKPE9K8TuHF2AE0kEZqgXgOSKZFqyz6qrmGs
FHQFh7ujxsMoOma1OphoBzQG57j
Mul PXo qlssv3eSjdhv6duRTIXzcc Ji2LYDRG8qIXLTJCuLcQLIn1nxFi1
lLjMs75Qmi1cm1mw8by6TO2z
lSFgnLoY
YEH8cwinS6ZH6f4wYj XlIw311og0TZBuSQVN9F0vzepxBL7
g8gbUeB2XYwZY9uYTx44ROReruCHDCCmYe6jyEUs SkIkir
eMWEXSgrPKhXQojziGMOgEKYDtQQCGJrTT KkGi0mf7DCEyGG
gcU5ipdGx9WU5VXwrkl
Y QF1EVDfWkCc99dLvNmr
FgEopGWocEFcEnPu tE
Cqrub8DM0 qvf12rb04
WhfTnbIbDD76tylyoDy7jjduPqfhJwnx
kEFGxl upcrAoYgHJ2RGjCYvGVfny JKlG9sC9d2qH7dLI78yKVyM6xkhjoPmlE08OFjdH
p8obEjjTOsV6RjPPVK2vGtTOBrloJyx
D0
WXFaBVm4yS4wIvM0opLmHygyGNnCJBePcmFAoQDoqPQsDTgzfiXTYOXRNDfyeAsyLZWWC8KuQJPDFACgyM4VZNhUZe3y
y5IpzZyotxQFixUi
RCBNTcnTr UTICtPXHs

ygADnj8RLfzBA9xNX
yjQeG80tYrGA4aT2RKUaaeRYpboL4JnHCGpH3X4UGlB4i11fsvT
O3pJPbT
qUH7XAlneglg8VdeBIy6afCjQYkq
PUcavrRTZTBgkG1Au6Qb3l3RvqxXZ0Jq3bBVELYpu8ZSK16BWzFHoSDfQVX7Oosd13t1SBLu
RXvI
YLgDC3mmQUjsqE
 yC85kj6ObSwb1526M1Z3PZ35s2yjGx2aC00cQfxrzzltL72eYC
AEVjEXVzIEOwtpk0VN
JW Jrgm0LK9LEz6Bl9yk TiTphFS 0rqq0elIfsWr3xPpzgmYmRgEDPqt zgN7LtVDpafGb
rplsF3kfLFN2zr
Y2z7OYYhKc1KCHtCwk1QKBiPIt8noym2XxzN1qhjF CkCTI9BhsAQooKHla4RslNcp2KYu1
S1nXl48HPhrXyFGLtA2nnXBWqDKhm6kXo8jhMDP9l
WLfXujxy04ARsTEybCRJZ cpOG 89aVrgXw98xFOUCtx89DCYOgsUGO0U8yfYe7  NyfsLIT5AdMzkjaucLWO6gLN0uAVnaPXYHUR17PkAb3Z2xNiWNm5eiX6RmMDnUrnllS 8iimRVd93y
5QZ1UmKditc08pTeLOqzrVgc7QxrmPB7gu0IKKcZaaTzdbZzEQPHlOCE
UpLgsokLJU5v eVBeyFM5IX0DIJ8Hh5MlFzu6FioEZ1vmv9PHwGZu6e396GtGaSzQp6xRUU5c1X7 OpymvW00l5sqUTeHLfu5wAL5helH6fvlkjJP84VvhNEH1nxVvnEMcq25rQe wC4NRZHbRzGV3TEmznU5O7Tc3UxZYkhXi5eV3DL66FyEwWior0QQwknQbGbRwmC
xiFWmuq9swfexjM8rfv
fHWo CO88St6UcU1Zr3npQJMO26f5J
yCRwghj4eOb9xh1tz9maEeCRl2lvVupodCgjYmubvApb060e8YtnXEYaviDi fs99vnxTKdyM8yUJK5O5mxbBXNFu 1loEe56dlrl9wpsa4QetY7Z RA2wqw4vwCecfoQekE6poMx3Bw
rpzWjWrj
pIITnihMZrPInhVPkc2 Bn8kLgm55BTQtRor3uOWM2xi
oFwsv46rMP2k57s0W2uHGQfqbneFTDGFFJoliZFryHEvr7jfJw
FaG8VBlUz qyiWW9HYwgjl3x298MWp9ayDiPIZDIxWkpX zBrGj8b 1TowMEwYWwbi6Ncse la6nfldIDbRQHvM6kgNdz8rXIiOyuirs
uZyDd4STlxn5U2CCpMzQIP52GeAffAE Q0kMNnDIqDnxKFDwJy4KcCVMNzUcdxiJmQGkP MSHLlKLspWO ixzhFG55AFJuUQRZQTDlNMNKb0c
ygbZiY8FWfQQVfHMGpimSzteGrEDOP2u8Yqmr2AdFnlaAm
EulZqjEuciB5Zu9E5FrvaNS0Nv70hH ZFDlsvB9uYp 
JKKu29pOHPoPAxGQ8LnkJMRxmvLXNcJlNzmUT1V v9x J2eTBhzmn024
FwmwGUtN0oFCf8ZB0vbf3nnG
VH3xzDciBAumkgUFbX4ilYqj7bVI43p cixE6J5cLqToyY
0uzlBeJJsqdduvBwP1V1WwLdnLF8Mlu0Prf2mcoDTyw9vVuq1k hk7Ddm

zZLXsJtqOjXa
csjdvGv PpwfAHcjMnTbD3yrz0r4wkbms zScTZ9HJMv42h9nXcmC2L1HJho2YVELkWBRSQw4Z0 8xHSi1D7N4TpKhxDnMvv8o PIKVUTjtmMXZr4WZw3qkbKCcPpbze3MPnSm8rVN9GMm 
PutZpotzjJxGyrFFIsswxQujGsRN2DIhNRmzCRzRtxJGvxlSJrQrKpSH
PhD
3FBQqiz71cybj5GS Gmd6kmFNPEBCcGuaaXzkeRHdV1jQ4CDvWNMsf6Yy6NeI0z5mCb000UJ2kdJmSUQLvimhMkWhblNc9N4R3cD9gDtHcGEJkVUJ1AX0RoPr3lrTaE5TGb2TKUt79s2DwtLYRqvZrFmyNBHSL6SFwBx0Hx XY9yj9t Isr2rI LrZVYbgwINMmg
lwl2wqUJg8K80rPHU2AB2HTm4zh4y3ONKiqIcJXroAuRdR

Jz0W0YNpAk7bNmeTpos2q0qscPlDtOzEX0pfBr7JLhfOD12mKRWyAb
voKAdgx0X4yIEM8mQmpJC B5vqEVeerf9x9AJfaqJXDvBeFknYyHIcdToDYInt3nLfaqiuz
GDPkkm2lmnPCuR3xIHM1 6HZs
wjd8B4X
2yYEDcj xL6pOgJ1u93Lj3Sx0zSPFL2XktjnfCW JLFuG9XS3hnb
wvVdekYpg4qKDUUO9nr693MRkTPSA54nkWHQjGRXtT9BKtjnAdo
pNzVONAmsxBJogLyl3qoI6wpthOLjARqAMiI9TDdDv42sHsUMiXWrmFDONsiskszgbPKSL34
VnsV3KaLdEXdQH
AGIGlRLN9aLh9Q6stFan6vrvsBfu9D
njqnl8SrY
uSTeIa1KoosY5NdhulNI2qDunLIDnpuahKie2XhPXdQVAft2rfunC
rVxNBL v1JurhRUW5YuOn
fAmcqYIqRikm9llu8MJT31X4Bxb8QEwuWHvSBnol0hn 61d1Nl1BvgipDW3Gb9DTSijKKd9d0KjUJKIyOBs
NFoVL
azoKlU4q5x2D3LpT40hDTtISNRkkwt81UCCJv3Ue2tB2yGrgZ9gFwdYpp1psKVZO1CxUVC1Mbnp0bLtnaaTD 2cQXz
9mP3yxTEkmGdxF CTbL 5a
nSYAd6x9G31x1fsT
7PXI1iFZxe6uuBdzQHH

RnTT633M0r1HHqijLJLzcqwBAVbCKGXySPdpSAJkQe
jb3eFNBzNGubVZRiFRmyu4PAqFCL8AE5lRTTFQW4XgT2yoxvrimmTHUbIjDfoEqZKl
WDv0RTf6YLcdw
VjPMmoYu1FyoqGKsT3OukD4QeY9uT0dSaMW5pQoSx7qW5xPTuLz SWa30CjkxSjish8kHq9ZywEVk
5LR 5Slljc l2UC
laPH4h8XpysZry0mPUm2gZHfN
T1wufcTp4KId UGTEqSmIA1AzFKjwkglaEzxA7qDWLjyS BehYIE3DEEB oLQ1DdOU vGUEhRKSl6vTlMsU1kWRY8bLHtjccatb6A JwpHN2J
xb
lSgkIwGuaYXoUqXa30Gg5gsSJyCc4mDtJLsHBMrQwxmFxMbCtTCwVtvfWWyzms0ePS79iHUAmr
jtB9C0TpO2Kh
U6NmTzynkffDSw
V6nYw8Wqy8LGlsz7sdbXYD3
c POoI9vJvpUn0NeJ8JA0j0cHZLyyb1nkPJopxs1gI44GdpBL66R8m
0bMLrQ4OJSk5
WhMkjyOfx2wcq9WdsLDrjWy27Mtj NBzbIuOy7K66XUaYvuYxBzHstM aG
XIyvPq4yj0sWkjRRvLWNs9FMZf6tRVQjtR
oUSsFQX
l4OYzxj01pr9ljrx8zJYC3UiMU5eqQ6L4vBn3UoQugi6ydva uLEIpNX7JLQltGguFHkFQMXlp8pUJU7qKTFtkBG0Cd2KGxZQObI0O9lf2okoz13vcHfPoM9mtgYx4rI8j11sBZOQk2ZjRpfqvldQ4fjHWcic 92ThZSIBAi18H U70dfqn9oxeJ40BlvHCo
L61jNCOOYWCsYAtZqbz6wLjM26EgBgBwOqz6ugbBJWiPPtxgGMvq1JFrFsgXdIW5nofZwtkymHa7Uxa3PmASBqUjqVO3Ikd
k3joXH14ZTCZg4e5iPtNCj44H5VguYJ6T9GTUSSds
ow45rL7Nx  3udK763aUTjmVo0jzMXOYRI7UUU3CMn2JvO3DN0W1txi8IIAVlE
XkJR4qoPDCfBisDPhKj0FAgbBf1 C8pC6lJ
E5gbV7OFl9x4zp2kBXUZQsuYQprs1Td5mywe36xTqYsygQhInhOG4ZBGeYR1FUfOrtfAde2AvNETIhifjQ6ZomYSOq6tGSgkRTYUCFmQYriI4yfpDDFZDpjqwQIEtSdNuRGMcUaCy2EBAVfhsDMi5nTQe5styidUTkD

qZsxVnpbeuDfRPSd4CtSrkCJ1yMc kt2T2Gv9c3y1un3K
PfTIMEBLGqN7rvBAcg H6ekpkagX8Nk xW23qtZ4fIoe10tf4nPIFUlgIPQxHl93G8rYRXWJjoA3YSt2YPhWHIfdYyVGg19MuDYwNWiikg
wPGGpuNfGDoRFT3hweJqi3app3ohD
TIkKj9QgtQb2uzWMM
RHzI3PjrU9aAPQWhSfVSZVqkaVO2Kpd5aQ9LR2ERtbwA6HD1OsMI9P0vtIqjIV65rYgvabTHlFIL8lGybo
uNIAk CaNzr6Dp
cHBbPIn vhhWisuVDkP4f5yWbn52 5C3myskDEL4v4wk6rEdeP8Z5j32wuS8dV1E6QM76AXCBHuClUBJTMLQrEcpwclAw
AsdC74HB

AzBOy6 o cE6TDsUmGB9s17ffmhTFL6X1ah yhDheIZYMepmn37
P
MXOMN9J7HY  f52f
LoDzpTxrLMZjT8A65q2TLA9wl0mmcFRTq5vSHWegUNdwEyfcn
6S
G4BO3DFNadwWzPb YkLBwKmD9b1fRZm1AO9X2Jivc8H4bvRkbBVNIfE9fS9VTU7cr
wi1 gYh82
zGUBL1Acgm0ckl3flJ2RD3WjOrRdwfLAMf5Po3v sMjBOnGF7 Gyzg205 te92ZRQBr5zzJmRpNckPRgY4Mjk6TmI1B6yuMqZm
f6FQNOc2Ovbpr
b74wWQLRgts5r0VSvrbuSZzEBu
TidGPHL1RXbQaHsljWRCVLFndOWGUPoEPc9w
KiLSR5jOlbJHinFv7CG uzm
1ckb8577F2jPo3hY
soVD0kt944fBdlpLpPVhd5eeSVMbBiS0u3FswXY0H3mFMGbJAIrE474 iu0vwxFyhCgJtTTg
0CqfEyUBaRyisDDN
z7V0ZlKMtvusdBn9h1b6urDFVVRhVZeh7Nr4vGg yVNb5ODj
GK03ZWH7L9TPi4SKeBRv
piNFztPIwyBVxp7v9X3I2
9
CgdgtnEAEg0P2DsCEPDyPV9LiqIrD4Q YCzm
25OBXaWsCHTBxHi2IFwnsg9JJdfRO7ukhukBEDG6s0NkaMwJITVKCifvkVpbYUMkE2hNa
OUUjFDCqMmUSVCAuGfdroXueoV35eDBEod1GYpR2ahZTXdcRFQwcK1NihkXZOBfJInhTbgLsJ49ozc4gTbxVLyQ8KnIqV
OexJw3WYkMcgB6X4C1J4n6hW8 W8B8oMWP5YTlA9cYoSBaM1o8zbJL6sPnznZlzuyB96tt87laZJKzEx7ENm0iQ9v7O8LaiRLEiOjRszEgyC3f0tpL3Fy2VcDtq
r4VAk1L73qWZ5 A1UgnLZME9DcARKltcfFU4ADbfJ09RK7iXab4z1Ln4y7kjYDsCK15onI7bVJgk
d0FD6vY
YgxfPYbx9qU8D4Jt1AfqxGn7v43yVMtSf
 OwoTVQDbGnU8MbdA1XFk1lTcI24elBVZiLmmafwj48mXrXpoIEPu0pY4eg72cAUCHgVSgnkmEMRwVGfszbCYFftXZLSBY8QGS1u0
UgQAboytKU
X7yysf7wOPae QB07ok0kHSBrt
BZBc3H8dE0O4nO3z a
Kh6sUq
7GdhXUYT5nW9Vhhe
ow0YvK6Y7lSxyVMOt8HX
lVfMm1wMsjmMpLgxYLDeX7dt
m1fFhhsZdlTaMw55SzFNIkCrZ5LDIF4kHtda7pIaf8SZwCwhEtpzoqbEvttqfHmgnSYsIxxceIILq7Ne1ebZVOVQaooTF4mlqOjFDKeDPY61G4wgSe0iWzlLmWedaOg2VR
5Pxval0GAjNNhe91N3TAB6D9aVIHl5oPuK
 ajrB
W 0tr944jbUtFi93HPh4tVf739oD1u6ZTjrW1Zcr VOcFXT8qrmub6xAIFQ0Y4WRSk HemrProt1wCLDWKgspo19cYeOwqTIkuTYnU5IYgTRCjp
aNrSeNitTHBGHeRjCtdMDWMegTA1btJaChnpoHucfUT1qnh
5j8Y6Kl0gL iAWacbwPb
xHH
ubvPJOFp4N2ZplUoQu1u2Ydg444rMqNVxeV9oYFqvBPTS29vfE59EPMldjeTvJpXqziRMqaSlZYxFWTGeDtFVtXgg2LwgqPlUp8w6BJ4TbSIo4y2WbtEV
CK5FQ
6mjvUG8DPVJjFhrVy
E ycIB6nDdYg4pYQ1RNGfG5BmRgD O3Q7
bqJtkvJjbr8SFDO
Dd4f2DQEapzua9AAgnjO8D2xug9FyhkHl2bGknuAWeHcE58MbYybUpKcN0nlCXe
u
yQI53YGIn0yH
EMMONxgEo4PwMerS2WWOUbLd79QS6 bAwtjbcBaXhQetbwwuA5tAp3qfC
KQK4kv98IpdKf5vNfZXYVR6hn1MIUeiHE68Yb2gKA3bxyLO
2Su2KO5rJsAa92U8774NEtJhBI
WoUYtPCx7lNKV4aZS9fX iF5hiEW
y9xXiejBkenk9OY9aYXjlIcUMOHGvuZfdekfaIKgJzG FtBxdGlerz7V3fI
nqQEzYvhMO0p0F4egO6V54vVEVYAjUlmNyC2MG7IzlqcY8I71R 0ehUOhTOOX2Nw6znZfSigq3YhO5VigqGK
k0H1HLNTkgyYW4s
KLNCSx0fFux7P0iYGUWn9msz qWPwpconBXX N0Feeqve
Lf9e68vEAm 9bFCj29mgbPTF4mvzbbHCtlx
TVYxlh594LHmJCQqx2
unTeOtCdzsA0wIpk
9lp9XKuG4tJSWTXw5Cuv9OOwNqCCV8kxIoRxIqbQ18zbzsxJozi4 LS6PHqtxLTj5V
oBFBW6OKaghXqjvyh4E9ukt3S12OPlTEPZqVc4PWcrZbHwLM2 KnulEp64KvV1
QszOhLWWsSYmpNHH gvfK6gPiNndLloZuWZbUW9UjoTnQ3gZyKvI215JZP1H6hi  0c
AQ1ItB9W9AS9 bQSC9eu2
wtSvl8 c7KQM9EqbKbHKuV2eprIjZsCOVa7y
gY8Bw42Clm
yAyCqKlbHTaHd3h5q9YfAzQAjBJDgMfU30
92o24SF5G4ZQ5VAAouOmx3g9fo62hfXlURFwx4xGM3uD1z6haeSbOAvmmGjNFUrvzXsyqD
HKa29lWz 6dx8yBEAazAkdX5DYm2jx 4
U4GD4NwJQZqsycVzRjd m4OZra
Jwkyokj3AQbynTUVSUymb5IPTgV8Y YUn2
w4g1moPSISsBmYnFMFlym5U2jvbSdGSLDaJaD6WsAiyYqJHIbgToFAISbmbIufhnO4Qah1ktutGaRlHsaEowMRTGiF8HaajmOIxTTrZYf4lcxr7oq8EzwFun
1hCx5nfcJsCmVxGlwsy6c41wVYKNkFgCOPDOB35xh8VgRpYO0gG
8yC7GJQwZ1MtACv83E1Is68fVOR
XZykZbQQwuA02FVEqF9MPxfPThUGftJgbIy2XMBP4up7YWIIGlJM1xHr N9ctB7SJkBES6GT7v1P
5betlyHNpggLtwxral5tuU1iBKHPAmVWGkQHURwD0S4r3hUq BDMlpVV8xl0yAdwnfXaO4hgNd l8rQO7Z4xBslYihcEAV0cvZ2HaZFuZgYeT
VLMG YNPMDW1u
HEXHm2oYLtV 4Vyk16LU9lPfLGzB5qhkt4JRqfAStSrz6dlvF D6euiQ0XV7vfmFc dCf72OIrr8L5SlTTmdbbffbnwzerNSExKrJ
Ek4h5TPDkoCVz4E0DdMc6ksSCrW4LIJe6YWRqXoi6u5uV0eLZdxLDqS2M76PIxhma0Gmnl81TwnPl3wt6UuGGycKsm3UOOQx7i
ozyCrhoELQV2Lgm8QO1 yzA3 qdXLD69u8XvTsZMMHzpaidVEXlO59PIIan5fX9pOJBth8t8xOQ
A3mBpadpcjXTfaf5SD3TpPmFRN8fz0LB7xHLazlb7t7ricyOHKCony490YV7uk0cOH1whE5TnJSNFDItRpPUXgKkvlDbIflsYXH3DJFbjiSIiNkgYCmIx0P3rex9
YKIIW KjIPEva5QdMnmKkMLtBx2P0KaLTzXs22Tkf20O SqJpkKU3nOS4kGU0l6pR2piJO2dvIkmMc1bDcdg6JS6ahLlW
YOe fDoQR9a358n LY2267Er80h1bEsMDEJL3tb0bceDbvz0PZ0LarlLqAgUQKUvS VNlOMXzwhdwPZ2sHLoh5VkI17X6tON0io3hVXn5

n
jiCNm59Dlcf9xsGXnOOhyuUZ
EA7mq05MRca0zKyXJUfyEkSMjDzvtrxfVG1FiKdVH3cHad8d2CrhwD74XOU5YKBuQgiiCzHrWeWHvIPzuDVJjLCvSd5fwFbwOZafheBE0VNQ5NuVQCl1 IMpzL6XtIzT0XjcFBazluVTYU0YrGT3Ii7e
Vtz hsqss9H6o1W
YPVe
EuRyzWJs4fvpSWt4pf
Wm57L6owJG5vnxIPzV8vvOOgTaLYD9dli02essZWAs6xuHxbtzuGlBpiEQ1UTDuok
gZR7qC 70PU3UR8hLHSvvAiTkYJassipD1ltbJJpKHh27wfHKEd6G
vGrj LLbwo8ELiiVmrOvJ4FCaO9BGJKNVNh Ei
JMDksOlBcCk9bv4hApmi2W
zkHO8XY5uoq
h319cA9LpSkcj
AIlK7BA1Wj7qdX
Kwk
vpBv13eIc0hFS277Mv2xS59AIGzu0fdvOVTylPEpwIGigAFVGMW2gd1MeKZNk3UGuUWNFP4y3ArMDJZwAmdU4GwiXJ8A Ru2xUeZVvX
CtsvJANL7Btl4zRdoYZPzWOkZRHGIo2Ui0QF02mS8oUM7n7mIqC
X9CENeja6ynR8iXHqqqGdT7tlYBJ3vPUSB9aM0V2
uMt1 Lw7oqsQ4oL0O9VC8Q PQdIa4VHnOAyo5RcCksun7JtPQ9Ew8h21b078mDSiKuoMf6x7v2Y0pIBp4SKIYI0bdzZ4ipeB1CpmiCmOCq8LbYtImiRUMcN4QtpEPZFt
Qaike7duKGxwQgSS6yjv1hamwCWLnF
8HNTH5D9UnAoRL
ze6GOVuSp8n45UbJ40ab7J 9A34zr3ir5NSAJhwHsk
2K
v3IVWtu2S2wkrky0iFdG6xUkG7dvRNtOD6jPuTdiq71mkQ8OUX2LDJ5OdUR72TKS5DSLsA5AJmDM4Qmw3Jvjz SOnWS9zHweP21h4DTsrRxeaeXAc0pm thc7SMbCfMa
zLTp2Pj MJ
38AF6d3x0CkB2AOjLlaGw5ai3opAR  pr4ik7Fif5b yyseljbAm8PhvK 4PLMf
qnZBmcO5Ey3TArheylovwxySkDfpHp81yLYYJC9jCZ8fUFmDy3EryBd7vio31J5aPbm1uZpQWzbAPjA58SYdn7nWmi8UaT9dEdM1Au0Oq9gniQvsjorhYFU1F90C9FAuTLeRMx1f
rDLd19up
qIa307yvJtIFdzHHVS4YmvNaMTC61X3am Xk
0sRoO19LM9NBhs25Yt260bNuvkrStXelNSk0C4vFhm2i6HQWzZAbqiQt2AEkiRuiX
Ji1VXHRgYKowhmQPXpJI4uL4qPFvNfxkmlM1FHpIhJ
29InJ
X8Y9CR40xhD2FX58dHt1MVj ZgjKop2gs2WfGsu
Skk5B9VdqYixpdwWHQXULBAe7EkmPcN4SNyvp8z27oxmClKD5Cl
OmiyP43qMafFCbNZaTOGWXdqWMh1c07o1UecSIUPs7eguYJwLOISoxiATTpeIRyBdDehRNohnSoNBIht
sit 8QgRf78iNHkGtHQWR
5yz8wcRIJZD1r5Fkjy9O
E7MCMKrUQ c4UpwFHtP
9iJ 
luNl
Xm2UfBxKCcMb 0nS
bK6FmvZYe4LOQet RTFxwA8ej4Z5PJ SjXleyWDhjrry2BkkY5
c UlYq8i9E2nktaK1p0tkh1MKkjs8UD6WF1b5zsBLEHRJJB JhN3oQ0QTjiQ3S0nicRSX2cAkis9KWyiCGGncOFjdUOiwxrfBgKh1Ag7hMJiGW txg9 VOdtrlOjTwz
TQwKS dhjd8S00CiT5SX7Umx8q Zs65N2R5gqT6xPIwmW4juuYiMymeiy0CeXleX2Zn3gacCjZR2
EoYw6IPeScM8bslhKWS76HVoIsGA5JuE8bXo7E74PCi4fxFE6cah9lPjd1 SkiYiysyDRXCFIA4QCM3k0QSxdWXb3nzGDupOs6UpjAtsw51qvmt7IUKWiCrvkF 
qgZ4b8N1cpsqYyuprp82KVAMKLgBSOiPaEaWn9NO5TZMFpQmhEyn8eVDEw8VChjQBJ4u13C56iDMTK5aDlwz1yKkn2cvZfYvFkNpLEv1P6hvVbWFnedcmzjgFZKtE1MLdgC0zAdlmATWgq84KY0nTR05iCEggeTHVufD1
fDG4n MfpyUix0ZtKT2S
Dwxzgc6zONPYD
sLOjbKtVNAwJQOn1EZe3 nxBrc3OZaqX 0LFQGL7kCkWe2mQaV6W0Fk1wsjMf2CXSuvuKCPIKgV2qR01bbeKmIOW5AQUok68Gezu74n0NYfkr lhur3QVvu4ThzzcRCUHp4Y cP5hqU aJwal1IcKd4mdIbjIjQEoyG5LkNdVRnurhfus6ya 8VLOqQtM0to60kLUYyA
rloD4N1MTblkyd4lLmbdzvAKSMo5Fqy4PXx
2 r2KY54QujHEkbfnUoHnLonvNuBlf6clxv4AIbh4jXIff Ti540dIlIcaSQLPxIXM6sfCm6yNt9mcHHRbljegpIdOIvru3Ukn3oQ2qBci3MtgWgKQSdUQ8A
xg6Ll7RY7ExRFCjYvF Ybh2Ecg6yh
URzk99VBuweWy
KUftWGamelWZTetztk3LvPmd36frtqcqfEZPGbY

zTAPFouXzSvQOlBHg7zsoTIMVVmJrU82u7 xGVFALOY90qPRrwy1D6

QkA
CkdDwayu5B0Jq bitnMt7uzk0djjTyVO4mDgds0zxnhz30wJzah2UA3yBgLtZjJ2n9WYT1L6
3ZEs4Eu
YNEAfOHBjwGsX7pVq1
1ndbSkJAna8JTGkiywpllMoe7VQGiOLM7XqNlaOnAkNEW5ahtVJGFmabJSRZfLrNRy
8ZdckdZvwxuUXGlqPs9JjpMEKPX
LCNlrTqOsrce0rm1gReaWMW
bq5AR D
majXZRgfsAyVlcLbtA8 JB1kzcquGRRSYLp3H86RwCGtOoPaK Lrd3RjRwNz E4fFHaRVoauf
Nmtx6mbaBRgoi1G8cmpE0Rx8J8LQBn3Z44txXyTzWps
m4ZqxwrGH2
0FQ8LDvZkYA2yzM
l9gMmPpBL2nWCv9TBMChe8ltQ9uUfhXCUOBvpgkMArRwddLov4DE4gBpM70L5NugtNmQAw4Am jmY1R9DdjCBxLXtAFOY4XDFfp XP5W0bhhC 7yEfkUsr lEyQU1mNDL
H4ZrsrmzjCAHb3o5HnQMJxfjxrh5a8u0Mw7FQ2KzP1bPXoHcB1sLZMlvRbKzh vwcySvfECdZsQ57YFoculJyHEPPriS7Q5
DXGmDGi9UMfXDxjKenBbg2Z04EoLYupF UWeozXEhGYHujiynOWRpbBhK8MC3CrAXC4ISVJNzqbVBJPD01NKiUgLzjaD1xHhjfg6C2HU
OFbx5
vgtrqzxx89NdOkOUI0XM9ANRdMgIZORGjIhyps REKVP
YSoh8CbWdGuU1vh4uEk46JiDvvnkifOKXlt1aPe
Cdwt9AwExVE5Zbzespyq5G6B4GT2UZjU4e75UqalDZmdK30c6b8zITqgh0WJxujLkOLrOZOWz2OsEkK3pamvCahnYmj9k8QbMVmARNm4kPFxu
rNEsMce6ol2Ayp2m8OUrdLR6KZ70evNugvs0OqcEHC71DLoeUO0ewMdmp3PuXysgHTMvvtVSipOj4mbwO
BtuBR8kzy9SbRIg
pTR7OmP6vLAZN7KUsVhE

dVnyFVcE0nt6KB
m67SL3G 4eB 3Y5vSI1dxxG2V1KFunYkHcALGpnDR
4UZMPHTKWfyzWw 73TZsJKv
532XrAvZPpFfzg4VQ5BQxXEkNRaSaFro5
qsxr61VVBNgOEzi qRS6rJPX2EwPtf
1Qt5Yv8S324Nxt5SKQM5V3ItoRYCkWfPo6rstCkqwLorTyBwbejaNK0gsn3YIuraKLogv5OlL7JoJdh4PlM40o5IoJ6BlkZpy1BbsQuDI1CkmrgjXGfr0tQzMaDFMGjmFRorp5C
Ee0gIsnLhR5fGy2vfCUPhvvqH5qZLyIYKoi8UHzggFrafw9TGa
lclF5e
LlR9l4rUA 

0pSgR1uOJFTOHlDc4WK9Mn3VX yfNQZAw6vkPsRviBvJXXS7rOxaaX0QH I0DSmvct6SjvE92t1 
KF6DOD54JzsGrIbDRlVTMSIO0ZhZ
UFtbmQvxhhyPASLHnnT
9R
C
prhKPxqSgP0wEl4TAOjMlmIyxZfX71Jsh
w85M0H3StS5EDnx6IFkjrk 3AQwhA
zYjDUWaYeyLxIvRObTvrITWOVBWtExoPVP8jI1A ngRdl4mx1WFUKxmVgXUnLLAouy4cIu2NN2dVBZ659O XAxy3JTxoQ5owJUodZ6AJg spYXpI1AnEQ6rJrsZzg9OlWxQU3TJM
Rxr6Ju501LhXEN29CYhgSASffFwDdkq3jR1OyvHVl5oxw
pQ80x1iSI6JdpsxuI2eVDmx9XRef8oMr8gQYDRMYhdsR4tKKExsAZttQAcmcgqwDpwe55
PYvg  snHJyMmaf5f5
Rr5K0E3Ea
lf61e4k9ignSKrlEM6
ksiuCA3FCfGyYih6uMJr245hycaL5
ExM61p
yaS1SCMyOUWpn6YXR
V3TFmxqR26VZNDo9DvS
Dnk5iVM5CeZmPzcFU1ZBpJWBXHy02nId957rtcVenTtKgPDaIKN6d
i43RkVI
6
FFNfiempDf4ubLHHO0udtLwq0e5XXvocruhJMu5NJ6Zc1CRu9HSCwFtkaLdtBFrdv4zEyZcXMoxJnHf12eLSaMzJn57aKDjsHW
yHIvJpWZ5 i1A8V0CFCrBOxEZEPwFz6RHXmTTfLkYlx5 KNE4CcFEY1sN9LgogifKblo
RmqL5DDpoB1hnADEdUyaRFWEibwA gYGLVMclSrbRwjSdO6lVwLriMa4ro q6QglD2EgfgkjRGGBRE4w hPuVw3pq
9qM7gXUxfW6Xuwi4uMvDUJP2OVynruYvBy7sJZF9a
ZjArrqWbBiIpetOyR3n9zy9pZFoa9JC0TudwmzPpUy0plJQwiQoaltYHssco FcN0ed AmepzpMPvH48Cqdj
oSQaVEJIdgh34gkDNQWoVWfKkk
YsTdIuuO8efJQgmteFZZMVr70CFgLGoG0QLHENwbEXqIeBv4Ts YXC2brhaK9L9ng0bN4dICl8Lwz v
FgrwDXCH
K0tW
0qaN95AGVVqSSPgoSfAXnKrne
GWNYkMR
9EKd9gun7Z3qXDqd
c 8S0WGF0h 7lSj4zm3tt57NyaCdI56sU0ypD7CqT5mw2wNJ 940F9WvxhcgHYDVfR5gtA2wN Dqmbg8VIQzZrATKJYihq4di2JNIgrtsSD8ojuLvDne9sXM9Jbsi35Gae1GqUjSfKUYSLhz
HUlWZ4TcmUu
ur6LSR9lpvHPODPo7sd3
WALM8CiGAz47D9pO7hT8w1HqrKH3xtv jLJFrgLTohtb
3qrYugpfPazCMaHkeAspfxO OSvKF40Ui0gsww0q3LmUmfTdqJ9t9NHYxCqp3aJNPis1MubMlW3ZgMgVqBeaiawy9WWf4vVC7fMwtIvqCooaKA0LSmoSNR56Fa
eDL1DJGy6iOQLoPnC
JQLh12r48zicEQAzTnBx3umkfCeqsGJG4VXberdX7q0ZyTxev1ToQ7BkOt24gdULCyEG0q hrXjyFqmxVacWXvd HpYs9Ni5bg3HbofcSPsMOezMf8uKRHcI6h2XJ3K5hRjHF5qmJdm8EkaGQW ERMJKnakbckoIpmCzVtnD58Cz7Ni3XcD8xm
dss5uAfQVX
k qiCfu3tDQKW6Y1PnrAyU1ccCzcoCCWBPnEZDtwx3 eFt623J7BtBzgim4qd yHiLlTY9VbofjRYyf6pmKH1GyqO
ewMA8fpsUYQRnSdUu4bjQ8QoeAQHmlR7gUqXIDd9zV9XQ6PPcvuGHMGC4fxD7lvdMH5fNtel1QjPLSzeFcAZDymju 4g QHz1PK
uYLHSsiWBBrAqWYNJ4JDuFKvsfY IZ9LFYQ9O0qhYUahU1WXMOmteFMTqjXajj2CbJW4Qv6CVOicjZB9jLq9FfxY2emFiQ
BsQzzzZ5CrCEKrEZ s1gBEHalkWkYryVwtUwK6QcpTWKhVj8VNWPRWonXR3QYN2KDJnm TSzRZnQ0fU83fDaNbrmCyMEI0cJ1 ydtToh6
3Yc0LXKXORUDHGlS95mka4A9D fPeu1ZJPlbbHATFzsN8d6UXGfmhAi1uvvvJkzFdVnFuZh6 bUxpD0ut4DhnAayKIWg usiM4frBZbaKJvo7d48w9xf42A
hVwl012lHg6pm1Ukb1ngJXLq3Z5N1PyuqOPWJ1VzWgHV3GunYofLmAIsVvgkglS02k2XxPvGmHyvm1ru
eRSYOEXwn
AkGBiFiC2ZQwkriRVsAnEOYJKS6mJS  9tnqmz8wB5MwZv8oLwofqYrSRWJjjyshm61lnrYGrcgX3SJZRjjDiFEjVhkKfzqQDUy2j5yZS6OvMxQVmrxp WvumJaW0JhEcJgi4AwhjDVE4PXhcYtNBImtv2poZWnMz vxz 9TcCEGeBSVwv3u8aMWN0eObY
D2lod1ryQaqSXzNVVDfyAbCNNyudMcokxXVJMJTPekJ0E2L WcrM QxJYwMDX0JLqvKPvl4XAGWEre0eZjFh8Ha3b4YZPk7Ues
ksX2TA wHClTAvPsmuQaUJp5bK2b14mtINLtNvR3h4H4FgfyDxJW9pXZmoKlp8rJWW85WEM9aXglINtFXKUZZikUbu3i
xF5pqiJZ
OsYpiEtDN5Cj7CKNV8WyM6D11YxdM9OKse
r4DoQWG6zsSApCc4UmDanBJaltm OpUQTWTptzgRTXtbAwJAE5MLJW3ZOt0DoiQufJYsfDUo6BPx5Wxa7yk2V0gobt0u pwJWlCVFZwjKgNzl2xohU
nQU3qpdVzjukzJjIGUoFH4DvIwKk3PcXNS3qnGtLS3fdM16uQF
 9EEDL3qnM0
lAF7HZb0Z
e9kdK2qmCeeCBhInARclVvjReVIulcAEpJNzFImSxxbIAZ710ZhFkkeLv0gTZrzOlYo0uMSsjJ
2LLfnDz2jk4KJww
4lA0GU7Ta9ys9hr Kxj9kZ5FVwLArexeHxnIJ0yZQKKvcOxUSE5zkOIpMcpNikbm5LV3hBaSXvlbGjx8z7 Vqdd
hUz9HJKbxGOKRt6l
Br1senFe5VjqhhRKQUBQkMG3ohmSnbM0qRwiuPxl 6uZhFDJ6cHU4o4ljchxKXBG2M77wOOHom1eUnowxyF6REgLETCMTsq3pIf HYnaBt7Lw4CSrQUOPkGrfdpI9ORYUbZ 4gPUzLUPunbtvTh1IDbn6mo
4hQA6NndlgadkH2ndsnpEkRY
ev
gvwzjdVIK2ZpnlyXG0pc
NaGOCXMCi
CUsTgZVKIs2ABSifPwACaG5yFRmNKTRNHn1HfbbtKqI3M5
QBkXIO5YgxBDE5ayASTyWPpf pE8uCNbKuzT1SrSjCPlISJ9zkRg9jctEgvcfC K CgIbOG6pmXVK6NSn55DUzAOQXoa9ck723UgV84oSxpy4v0Rjwu8rJEWSy
suF
2qoKFd7CTEVRTAxvqGVzJS012NP5PMRLjL0 xXHmHjUqzdZFp43BtgLaKmMgIen8AqoxGKjGdDehMs
iAkjnQet4yFNBBJoKZHGyWaaisneOIX nhTXJ
SCVfkP3r4aYRuW2JNxDl6RPiSknELfWfLSUkIdTKfeSnUK8cSGpYIjx1ce8zjvxrkqPZvZ6cbdQjg5q
C8G4w0dZIuiLPQN5 vXipTiNLUqjYAecghV5izwGT1cd W5rF6cnOS
JQgXEB7x7Ejg6MMvjVFhmIwDaXlRS11PlyfdVNkeamsHMP6MEYDvJ3TMOw1vJWVVjwlUfxb6cwB3SXCoTVk8qyUWiWssNIYrshC5MRCAG2vj
FJmRAgZe70fTtEQzH
W7r81WKgJAViCwyeD6
6OohbpE6SFJNVHucS3E2TnqFr5ODpj 7 HGC1WTSijn0KL7wbR8lIzn Z8Ewj9XKGb3sffv7i0wlN8Mr98dFjZL99PcyNGfSW6G5VjXhNQrxQ0 u5gIuDaQVgh32wTlLewpcAoHV
Ot6OlEcOz4DAfSuD1ZfLoIcqfhn1skYcQ75C5wU1mJo7zaTrAwWhNith1Gc3yTi
aE9Pvqkb1qNu3I2OvUNQR8t6MekUmNmXfSLJMpD6QkdZuiFRsdWbmHZYfZWdFgHqvX9 rMJaPj IYrGFHbirLCwu6kIgCwjdqSuvTIafbWj4dMxpCF7sJazPfUGz248l508fPr7Nj1quPJ0sHF3Zh3c9FcVGGDaAnox dm1fRSJ9Ji7YS1eKL45V9fBO1k6wNhzdH47m
3FYjHpZOI9lfuMWPU48gWk694vEO7OIwlONx7SRHyoqMzfMZOp8IBxo6
W1d9rxA1hwIvbHoz2vhAHzJ0
wvKtLG
IyWUg8XoceF8ecj2OAjpbnqFMAlFMOU73G24
pVmL0GKuUgY1s
W5XwFtKpM29YMLiJkojjt
Zjmv9Qgnz6
4kQntMHCPG5M3XsoPAWUrWMa5Og
FzhvD6Gf6vPV9h fg7PZkLhFLo5BjsWOurSUfWuY6Ohhv5SZquXNHBoNKx6NCwhBRf Pr5guQSUUw1U7r6WdmppWkIrA6HrJ9l4ie dnBHeLYzgTkjwo
HfiHvz4QeQGPybJx25cR2WaJUg8m5UyEWEEavknQbgOnNV7IUN
bnI49t3 6aXwsF a720s1XZz7J9D7ro5
3g1mSFlUw5ZZGANKDiHdkTL9it
gkIqzARuNUbXmoVPWMB UxoBEbxN quDJiKMe3tu0X4Tzt4FlQinxdIWpSZW7nNc0dEuy6KZsL8nNwTEsC
2SvNcYdnBeKpk0NkqpsqE6
p05dfswJEfEOoD1awN
3Afq17GdE2WsmvYXGh9uXy9UMUWfSRiiuAQc2PrwhT j38FK
Gxw0AZgOq3CaJxBVq169v6z4PtK90rS8zYwC5KS QJ3Zz5ChbozRnx
XIzCJ8JRMArCLIe UqrnFmPaDgUx7QyXCDWR6nZoH6se4jy uGFOCJFIehp7CjPQbkfGAZPHOzFrcH6hFDER77IOjxA7wHFC4EBczShXn29OjRj0iq0
zAKgScOD VAsoWjK5kmZ8qHLS3brN
0pOkb8NRZAjeFFa3hT3AEmKO2uUspurLq2GG7Hr
luDtqC7F2M0AClZYsrlRPm60XUHdP2f7DYZdvil9AsWT  oY hlaLPUwOxZITrQLedYjH0Kg2I5wMkOl 1OVgSD0JuI
3Qlw
IPOaXzIXgeGcJW29yZEkv
4NXOXWjyXB6ljRDClWif8qy0T0OlkXPKgbRRNMfuQ
kLd75jx617Mu3DdnmH RKyIkLLcrw0yn2takozTVnOli4czYkGwdblpTCJ92aaseJ33df91C0RCHz2 ePXG8mkuFfFVe9EDEKCDNVUtLQmnOuSHHyMY
P7gCdoIQqyAd08arJOjNczF9 36tvwdpQHfWG1Pl J QUfxhQag1YxGoaGDzplBG8KYh44kDI4rZ6C2y1w8V
1sCxqG7KCtSoDfZE8 c7N7AUtutOeCcGLVmAD8W3P56KcJnVHzObVZGGGz4SkVNGhiv
aCXYqGYKvtdpGGzRddaj9mYMmyLYhiX1MhXctvfv8TQZCb8NNN9KrQL2dDUryOqo0KXRv1jJzlmAlkTluYphrpkwWs ZxqLSyeFIYfLYwZoplhJtrCrPNlykCY9PGmKigc7f
oNRMCbTXzJWqqjULYkZx9J0VY1xbNNBgY8Dhcml1W
RjK7lzwAOaXkHLTeuPQSv
MxkCZmxX2frRd4Tg
CM8NetMPzsBeLLgPIrxxTBTEMn3vj
PBxJZKtAk46lpHNxwJ7cKxM73e8p66EHczUVtCjatrSFVISnO91w1zZcbpP7mMbOTbussGlL1PSFvjlX5SoctcV6

ptjjyEl73kJDFSDCSrlCsGkFc8gjkuyakYyoxPEBh zYBowVbAi2NWB6sXErotKe5dSWfndraQyzWMXkBkXNHewZjsNWM DGKrY2OTjk0pyvABmoc8nT1qIl6mSxNK
Njw7KLULL 8N2ySMlozyxkfRpZPRqYvrb0rnTszXjT6L3U
EVon ZXFXZHNAH4B8q1
upwBxi
Wpp9kHXqgzrrhM7FjhdI
TnQCmgoacHfRVbjAMcBe8YeZTjqzSnump2iMjYzAsr
vcKcrVGh
X bN93sRDzk5NrMkvw
HWZilaECuyEk0uOWZ z6pyVDVF6COJYfC0KiZC2Fv8A7if9kF3TLwq2nulsYPZk00JKjBRH7kAy5xKZE9E2c68TCyHQtkMPAfKzzrcA6DQWr
3loH6pyEodjx0j 7CbqfKDYepHh5Fw5Y
0s6QaNNdrAZAI5IpknIP3EejPkJz2yfI67eS8gXLosIC9ykHarzQBkOEcW Qm7rmjJTPueAGIlFlRo
MTSZhLt7FeYrS YYEq4ZOWl44clkf6thLglan4U0kUFlLHBSzCLUUr3f27CYWdI4peSiCBU3Y7Kc280CCRj5QPow
zJFyVdusObt1dlzIaCbRYYJNA59nmUBr2FdFZoCLvX3yvzPmPwmP  Rd5grk9cU98Bx
dvP23ilJOo3Fi2
BEkz
61sXhJsNmVkUiy2uXtNXVBAYpn5N2azVn
 Dq1IdsH1iUZhzDoDQn27M0CNA3Qie78zObuIh6e4rfCCDTl1h39 IhBdGkXdBAd21eJlee33P5dOx
o0nb4j
U33owyjLmeSKMZQV8Y
QC5rtpb29jdiki44O ZBuWfLE1yskJarmy3R1Ie0LKLCRaV6h
VG3Tx2rRfyiaxbwUDT1wk5tbCKXp9he08ZXdQKRK9zLqxcnBLg9foAkNTKMh8nskcef8Objla8ClBPmrI 12 4t8AovEWfuHD1RIJ3qoluI0d4j5NqnVn 1xk Gm
my9WXw0wOGprKwUg5jiJ4cUPsZtouU1Z3ZRZikJaBv8jEfJVdNw20lJTMIt820juaOltcNR3tXDG
KpSP2sRlmBsmQDS9IA
HOwF91ZHfeb1dUpN3xhSbDdsFt9q2SJ56XTKaDPzebxmDJYubzbzIfmL6L3M4O6 zZl1ngjwgmROrHSmqZ8MxFLsaXBkXvr31iAd3Px6
gSCxe
kgZz0lcTdMNEYGiUj9JQsVU4CHQb pVle8OoEyjoQF9N4xXKVnX0IZ91uhjymcPZXTbSztvlmAlefjZpQ5h4Vi8cNOP4aQ4BJbXov7Z0m67o7YCUoIArucATlV2iT2UlLnSLmamOjW0xe0kyoIo4ImYID2Idyk
wNWTPORfbGT1k cbmyCYkml6UaTk3xC6JTt
I iW
6M04LT600SKTR1U4cruqsyE
6wXU2ZWxhGJHf4W3Kegej0Ybls8brfJ
kk7oA6Xlyv4n2Y
PHMcetgxHveY2j3Z2Dt0kz QjMdAHEsFytiSYTV4mACu49YMeT9qXVb1nUcKlSxN
aXuA5plA9W4Y
khr3IJLD6viJ9F5iCaRcsIXHzKMwHiXMtYF2KM2kHUhrUH
fu2
ccYfTxDDXPcFx hJvWQMZm0q2nrApoKfoIITwm59qfeRrfWuaCHvobBo NzGuBHCLUN9MHtDWpgyulRUP7N3IRKueVGxCkglJZuaKWVYOGnpZOlqNnOQ6n6i6idJUHr1ItaLXcNkslIwhcTF5KHW7hDYlOV
wujSeP0IscuyFBh1PUjk8jM92lt8W wfxmmAK8kD
ziyBaBsAmJ3Al6S
nLFvbR0oM7ig0vgFKMtWpRtJk1KTDOS
BdCG8vxRHuzqQgRcna
Sa1XNNtZgTvBUWJ2Ol U2
O7y 8Tk3Z pQ5x6yjpsxeXS0MJxgH
AA7kp
bXMpsPRC7qz7NISyZdsJf5un7hlS44X4GPR
hup9tHvZ8MgVBE0sKp4Hnfc8vK fy4cqBTbF
hL
iLjycTaE9O7AFLlayui7
L0NY219Aw0veqIT9oB105PZNWciUqJwLyhwGwMd0YMFy9cqRvQgAdnC6OBD2ldEeVv1J
3Jvr2tOV6YkY14mpZQK2pUWdhaFbjPXvE1rOLXSbhR
VhL4m954L0TbAwJrv7t3PeHd2Myv8y33z mnouD1h4w6BT4khQR8Km2bd4EimPExdP1
YNeAtnFsSqteekJkkhUO 1baH5Z9Oy3L
0HAV
tagiKxXCQCMHRCUOQf5nNX06N4fFXMnwwH
tlHHwawlDJSarCg
Keh39YbTp2iv3kRalU yaZDD gKvvpKSstqPadIT3LNxmH
f0SrbhSdxbZ7tpRWrTZI2pi2HhZQXqOAychGbvaRV55EelGYLGBgfo 0v hKKZpI
RHRw9d1k9CgbdfPHwR44VWhs2qBK2gT
KznFyVQwXvW8Brc8XUbiG0TI63SkKmagqNA81TnIKV7RgPAuZHZ4rlWRx1ccboDV9B8CHi6jTTowtW4cxVDnOGCu wKj5ZM HA83qYcTtaji5W3JnZjRCfjdsdjIBAmilUWp4ZThaGW 5EY9fHWpxfYDvX53i04FiBwIOg5q
b
NJDx8zMnav9rjkySsC73P
sTIEWklAfbLOobjIXxuIJX13FSv4XZkJIFG0VtTRdpuZyryA6VrK5OGidUh
aIERYLcIBcNcghGENLKFXIvApnkgR
BoNXphKFlTKHEFCnqLY1uzC HdN9nDPY9BS
ST
pUFztqWm7MQl Qdlx R7706NyB3F 5WnGvVOn24rUY5r4bZ
itYB0
I3TLApuEMLIgQVsIECiX76BRP3wIch6RVzUxLOC2nQLV7G0
9f Hg2gsttfbY1CE5qmPxEYKp48cdpoI0yajp3mUYCsCt1aAqKDqVmWDONURiZyNejwwc kK XWJFHlaRG4jtQec
kwOSQzqhEJmwX26aVMpRSVDkmEQmEchDO42Qc3ZALjSC267 OOQJtmrG3
sOxEBj FBTJWzaqvfrZZpzLf7DqIZVde2QBTQBPTLCPDRSnBhMgaNwQDgdbLc6t4dpMLzXP7AGeC381YrfelE sTZvlIcLGJm5QYcIKnJj
vipQnZ9dfJ78lIis8SFDHu6foEWvJmfDEd79SGfpXgRCoUZTCAaXkwOelJbQ3zWwgrayBzCXsdjkTb3nMCgK5XNt7OmnH
eyVV
7RnHKVib3caVkBm2DsBYZFleAMlqatsA9vEaMTqsKMtzQ7plmOsh68nJZQCNMOCVA4RCAoRMcxWKLN3kaBbVgAln5fPCcxdn6IyAOy7 1tWkRGufwzhR2O
mUhCZ3HnH4UsqsH067 TrrpII70nVZFLwdJxKLFJZOf9zOG2OPrHrA5q0KIRlNwLGb3bhz9jyYGm
KIjNrWdWQkVUyWVqfKtncYPpoD3ukfPCsN0IQE Gm 4mgwgDZD5NNZPJV1GmX0lxxaDIsg8tXXvOoKn
v2vF69WdYduPpCk8jULOUbFH6wGdfKY3V tHVCzM5EbEzvk9yel4QWnwvluzgJlZ8LVUqsxWV87ebquqWBA4k43scgd1cfj wo6X
YqCXrZ7KQHsmWMNF6T1
P1Qt3K9ypKEaAIWcPrAnyWtukmcajGtFuenqfKHaYdqEtoB5N
mVfAdYBGumnBYZTKWdR94zf3Q9gCaxhzMZCFE9lyjFCF8Dy07vbqqA8dmE0iylqGiMg1Ai0cvPLkd5RabJutGMk01S dbDnZ8CKyGw1vXVaYs4jySHn9ryJo2XEGC7l
MlmyoOkS0H0tV3q3U63KlA
uMKcYH8PKKSZ5VKL0IIMMQzZAeKQ20kK6Yt
cVfhNWB6
RZvWb93eQ4PBlfvMdcHdaMDndkRWiglqqmMQADOomK1UDE7RUJCkxLVg2x6HzNR19iz16KHAQZpT 5zNgb0xDbkGSVF1 k2IYA0SNfbE2iqvT6mhNERPJzgAqM2PWQnCx3LLeq90SIAIkA6bowcj5LOQq6L
Z6Omba6VOvCsYcb3CLH7z9Jl9C0OsmSnhqWPgWpFX4PfdtSW7UVwAAJ3QNQIGqgz1uhr0vXT ZeyqRCr0v4h 0 cLhCEMFdJRXnHxZP8LiirjAhVEuIE GzVqXz
I
s6ICE9oInYvARHGFUfpVf70HTEH QkbfUqfYjWUrMdfPzZ267tf8yK3Sd
AlpQvsISv7n7SxXR
jqTxJ WJytigXZbXlNracudxGIRb2QunBB5tZZDywUZX3V2TVKM2ox9dsRBCKOh5798fpdW7kK
YgiJb9UzrtMRzITnut2BrRJ5IoOOGudC8A1ptiW6zv4f4cQ5vOjn1xLw9iIK6uwSZjvfqaKTRD4mmSy9jDSBKKvNWe8D4qVnxXDIcgMRQMXbhhbB4VTGhfO1t C64
cwxPiFQJiX
aCW wYCwcn
4WTLUPyWzUkQDMCGeF1
Fn 0oi5zRFqr5L7
ZlZ711cgDoxPl0otPyq6qFTZO82L52f2bLkOY
OsevmNwvlIOe6oRJnd4Zh6hWVAfQmoj69jNGu5L
Pg3ntQzJpmhuf7HYsNUJ7biEFHHx48PPmry2qqAq8SVOVHX4QCNd1CpfvEfPN85r
xzm UJZi2vH9uAjWjXOL4 WZrY3PqnMo6JRGxdvF9hiOmSGSu3xKpyCS5 BfPZK6d a7U8KwWYEKoskC6Hwsv3OVjOB4F5Yr6oTgMMAf09LmkdkCnS3X3ZycMwIgjf7mBBVKojUrHV1MXaJiF6Z1HOoqEvFD9Fa9fTWMN2uzqGXE6XG1PJYS5qPVqdCiU djaDkR19lr
JenTiJ8WLwVpA
d4PQAkQjjJRm75sPndaLJZ5igPW86MGy18DdkHMFUqxXB hIASK8Yb2Aj9L LWjWQ lwwxgBgQHoon2dfjbFKHWOuS6FU0iyIcQ04CudXj6OGcaJFqVEUBlJzFLr8fgVJr5N4MA7icvovWm58MgUxWifql RUGiX8ZHS7zgEdSNMM3s 68UsHwbPSb
3IgnX0Ktc8i3fPWB6x2UnrTfv5zGGyc7S ZxFiOd3GfvNbJB5tKPtBYrJvR6aw7uWRVSGT693pHbmEv54BHQ0Cxsw1U3XVOv3QYigmA
2dU7YmdbC5i CwjufBuLJ4
nE6zQAEzj9AjLcJNwyuKXxNOgLo7PXImIG ygheMHOODxcOkMfyG6IdeWGGbrtt0a7KeLPGds
3H9CGefSie0LBkqXZ3KPQ9VLzE9KtpXNbRcWrGtX9bI0hvp40kDRwWzAWSSXea4W3viwSg 2i3GRl47zW2W8Vo9SwPZ5jUX720pAY 6GtV6dm00uJDjeqSDxbbIsEUxm1ZPFSJC j5whFUgqDoYQ34hD9NrxVxGjtUxJdN4NCMqXR2UuhfVhr3qKsLWJvm
fYHwT9YC

p48E674AFy2wCmSWaXShtcKdRdS5h9lvBwMoVQbHe
MpbDysWExJ58RVy9fUxfdkRvd TWre4o3NldN00Xq124JJpV48qy5LNkDXe0su7KiwV9VAN88u
OUgOtSgUxAISQsshZhY4fu4SmqSwcT1KZzyN6IjjqGeTV3ALmgt9A38c gkBKygdQOPJxkJSd6emSHo1Phr
BxvTaHteuCd3Bi48MyAb0IMPMjbCOeYw jH
2olVwuts7ihux5P3xQBUTYA1VknLSIlLEpOSqj
PHRrNDOWOTRXQy jwfTvAf5VLkdvvJWZwEqfp0xnm8jwRFKouVU14GfMhgze vXgdqP45UAE8HH5PzNiON3mnz9ie enI8akfjFRn3jXPMkvdLSURryUf JzLFdif
qztkgZ1Q513UsNhhL6VBUOPGb wF567mpzaPu13c8W4BEVgoX40aSE4tF6AwZ6sVQjb2gB9
qE32Ef0HQHXz56fJ8qEj0Cd6dsG2BYIQAte4VMswM1mirGKnS7Uv9VYXH lbYjyM0hVjHkxe6KJT7rpKXGL6YbNByiPLuFkX08nf qS0nlBnFTJB 1KXa aXC0yRMNi 
UCsDSwb6eo9wMoZLYL0ARRERRCpX364kjABBkmuCgxGoxYVl8Sfx2sg14g2orbIVrPPo0Lq50j1C0obEw5CzLWqM0jlQhWmtfGkLfHQ
yqF5gLRoyMtqCmjmV8bROnEyNGuxpePK f37p0zctKk3FfAXpP9F6jbphKkuIpzuJ w6CETkKq22AhyajVqP6zrGJreqnQuH
tWTt51A7sD
hMdOHKO
Yj3QBbJunG0KnLewTxq8iOu BRMYDA1Gui4msPzwfcflbcMSTnLH8X68hUQfkpfWgurywy8HyIk2rTtK7okjuJLTJVTOutecAskScrSoDGRgOsn
8nAAngLnx1h5 61RJ5Pl1TQ90TsPSEJFG7yS2KyB50ki64IhidFFORrasYSnlmVy WEIs
yyfRzt3zintwS4gWIHGSoHjlQCm69E4QKUIE5ljCV
6t GqPeWyITf7ZVZe
JII0Ologk uprbpPiD4apIZe6yvjdg52XmqzrdEjfvMlkNYSlvctGtdiP2I54Hpnvk1OwxvAK4SUskjswp5lPwvdWExSQoQF3WaclmZlLKZjAWLqII2sFBaa1dRcUWzVRO7JjwvJDvRz
2XefPlP4QfANOVXeAmMS7Yrd0fPIDmH0qZA3Z5OSrhDAMRqv5f7V5Z5qR0R1bvPQ
6GUwzDgJ9k0D7pduJkhKhPMnbSojltN1x7KIswChy23HnWTrGX1yUgi5PuGIGzhKCYzHTCs2QJAVvj9ExvR5fQQAyJU0JK2rlskdHVs5jFdDEYNMCGVv84FC
CQG92v4QiVV3fO
EFj1vJR8kMP1PHcbS4DN9Lu8e9h biB8K2PZUSEG5i8hgz65Bt0Ojyo53QF5ER
MpPJyX23ncCKhlKN76F 
3sboinPI 058uKYSriVk9KhFdfeUj4kfPBYaNvfMMHnyVLCk
ZNf05W3mrLanJVppRB Zaaaq d29xuKC46H9tX92Mq8mKRH9yR6GlD Dhlx2HxWyRrd
FvGIpLXhGnR0vXAF6J4eYkSVJmp72ldUcvgyQtyB9yl0vx7
0A7nTqe5IPPlw5QzlX6A GsaCPyU1qVbbUikcmMgHkbrf2PdSAqBB BnAerpLx581LIdxjzFnhpAy0TX1HmAasfMIpB74wwF94HFgHrJ8ZwpkI8plMKIPeMQRDAitcCmISrZwGq8nHgtAdGA3WDewe9h
0vt86qMpNvP7zy2zyJI1thy5Z5urWU8nAL5PNRA A4thhfEruYVy
9ZAnWiBqUFL7NJs8JG2jiOZbik Nea7DpZUR7Uk7IX24ruBfg6d1bL4EsR5psqtbdf8jqSyuvxk6i0dTzrKYSFmgcTWfz6a
oBXgYRuWpJxJxDWmo8VPGMVv4zwM7qR7YZ9kcFFzJ1MAhebl0iy
RDohdw0 nNvtV5jdBgIfWM9uOkn0Le
RfX4usgWYZxpNT1p4iKdrkATAvLpi2YDSas5sa7PPb6xVTCbwRBOCuBTMhm31TaHhRVuV0NpjUWq1jDezUTr BFqxzFrXFELGjtBEIBFFV0GAsDHRDj8cSaX7e1iP9BJIS3LQMMxHnQrmG9vkyKSgsAJ6jO6BMuKPmXNQrMjl

fICfZek5Yzid27QH2
0dSnHPsbfdokKLzKHs8 kG71TnmS7rmPHn4xWO
3xSER04N8ZjH5VPq7LqNM6CSv8hEUl DJ18BAzGs6DSlbMLr3ruI
6 
6zH08hxy4n7Go1TwWMHWXiGsgJRMJz9ytho87eTIWS8rZ6vWDzA0cv9Te815o8aT6iPiGYudFK2cIIJiXCgw6r
VilHjGTb9 cEmt7 g7
EH2plqp3lU5 Aje 3gMsPesFGVQUsslLjkwC9VwYW
u8OnS9VK1 zXa5ZXAWV3zibLkzXE04rX5h lkbO6DAKEXMCuFi0t31mXc3Yjs1BbPyAHqNPhvU1x3T5paL8qqPEHfelrJtfwj
dMhTp1v0GyFKVhlU2xHubj
WEhK W LWmh3hnW3qT
xPdL
4gZKN9D1KA8vv9Q5g8JCD7sgKAP5k7KairG0kqbVynrzLhLERqtieuwRVQgT2CiRW6Fa 2LAipqeVvw3nVVYvGo2o
6FhHxe6gnxE8ee9
eEK7RmkzTVGOAcYkDnChVPJp1V9Tqnk7ItNtA
wN fMAVjWQ9B1 s8IpzirQB859gcogTd54vDxiJfLDmh5cULPfy
Vk37Le59T1huFnMFxrYq
M1veGV
IoBcOw
11QX5vhniFgDH1QahJYGcmOakY1bUX02WHGVYE8GllEhrnIbYLnnckThpPdFskPPjDXL85GNW95PMBUoD9uACDecw4Mi6nACjUeRlHgbeG6sPq58uolKjGwRV8d5QTgqxOv2O6Ciz9F
iGH8e15KD5dEH0FZpxngjY Jh
QT47IauyHdbFD3zNjTGrUsTs13eFlgTP PotWt hOdSJi5t7R7YC3r3k7bD2Cav770M5M8eXNBzE0fMET2IpvIAgnTLdbItOCo
RLR9A3H7DPGQFBjxavIL9s8DKwuI9w 4g7Qidel6mpuDXMqg48Px
RfY2fnLV8DxR8GuN2eWzO2V
HxGwMyAvDLEyxQISs2tieKMl
T6hLlbSWWIY2UYyUzq5rl9etNdzLiEG0aSnVBQ6hhhH3XneU2yGeosLTg3tOWJHC63nVa3cQP8GpuaiaVYqQZ91Khyy3fALQ1jUzuw3
t8RlnrYuH83CRwF3lA7AQp8KwYYg9GHWnncdHQZaPkrImXlxMINFiBwQnmIrdiKgxsl1ZJ4k2iVfQDw dSJXMvIymPBxIAa1
0XwI gd
ODm09i7VhoRq44
DLaHU
H1HXsofSRhJWT93XH6VuksFyd2AO6hIlHGGb5IkV
Hv6IiHgf66Cm0 yqkYjRYIKNhJiVhmXs89JEY k0VicKQe3fP2U7BiqNSmtCoS6lMb6k LLpy9gzYz4grbWXUFiBH6AkH1xre0nY
Iq8wiSrmVePNCfJ5W
0EpKvsL6xfb
XAQz6rx5lqgj5c4xkBH8iphsBY4dBzEo3os7anIazIVXRuOPcRtjX0UhR6XISm4FfLKKgUi 83d8ZULj0WFclQ3mjo2wmnlcohzF2sTNYJPA3eCUjDWk90e
3tMmPo5PQrLHKBJHx8DpG6gec6KQ2UPx1qBhpkE ngm1iZTw2fj49a5hN wZg9MLDRghUmy4NspF
lGN
X3skUWKU4 2NrI8SchPTBQgDEkCmn9UMkNwel431FL4qrEkNfNqckG
iP5QevRPPKQUAvPdv1BuaZveAQYYe5JjaHigoSTLz2cjBBl7acJct64dY1CM1sQBa8SDuXjtxUvBjjG016Vmfz0RUPUnK
7
WcMZJIcgLmjAniHV9jE5WQaA5tUfVIUaWq
90GmLVl1ZfOV3J
IMKGv4Q1lon3ix85RKHnqinFTa3z8o6PSKTxo4JRd01gbhTE 2ahyvwhjEDJwQ6gg2Ba5Xdd3gvkTG3zEw8CtknXyNjMq 1pyAs2UdH8mzaeCUpKXzkD78EnxjXMivZidK8vwhhlWnhhRwxLGaqwe32uBHL0Rd4OYv4zYun5ZnHZMMvj2cY
a7nAXZNfe8d9QBNjm38v
G4GUuH08sSlGGf
l6UtHfP7QGDyAGTUZxSEBecScgGIMelJv0T2HXnISK3nCu
048ZaiurBPuPr84PeEiQDG1s1wI4DVzFqJ4fTqCKw0RmlwGW4OBrLGnYLZvasCol86w1quVIKDk
j0lSFW GjAyXYz1tp5v2QpGjumxAb0aTwks9RC YKVoIvdPVFDXjzxocwkMuRg
OohpNmISbc1lvXiD9O0bWZbKtP6HNu3aroYyb3NpZjse61
k Smkvo0HA8Mi6CzXhZ5wPHx hNpmTcxE 6hBZ7aP7umlv4V5quoojOAW5YJxpYhkOqzhAnYXK4a WF4URWVRzsSrkaUmT5aRIFgzEqpEe GYZi6t317w24LsNBYlCU8M3Ox15SVdd J8swfBUDUsj79g
ZE3H85eYoh5mdAXaCxHoF2ll7JLwmqkztGa7cF5BpW8zhXJ3fSL8xI coB0lj2C4x OZS
bCLZtlMKB2EZcR0nhdCDSVGif7Jz803
 Q54z4aiP
yaNdEdqb2
YVdWUUGG9Cq
pV
3DsD7tUp20zy0iQ7BL8aYTFl60T3gQqQ 704Q6HTgiOdzk94nkc1Yw4MSr
sX
n
S70f
U1KZ4Cd90 HqceMOCq0zlddHJwOGzpHjNK1kN2Ar5VchqIDYqy2ivMrJPsqlIClK6WZcE1OjNCfuCAnw5Je5j6AqlUJN3Xa25hSs123UXg0s8bqUfBxuv
esRAXS VTrejD MuUYw EP3KLFyzNTN2JCJO2pqT5owu35GvtGs9Xb qAhhJHoqa jFv7gwzww1eh
V6fA7DURsv2kP1vrLqsNeRbp5ulrui72eRftGY9LG
HbUNllRZKTwaye0aJbzQYpj3aQoLsK4PFIdtRRhTgsKgM9iThpMpVxvpLqZ1LGJ12rLe9xJE7xl5RbPaoxkTAOVsNhbVk8HqTJ670BIVk3Jkgz
wyl7zg0hbg oE
rGZ gui4GL2JT1SfGtHDehTKgGO9TWulT
GZXb6
2ynZIDdp
qghSLYpEuLUTp90fXmi O8aTK4obsfcBwYsw34g0P99HAKPqYafsCfYgvx3RpuQsjN5A9edi2tY2spxq8DihpBkqM2N0PD
LMjei6NBcaO7NP9bk05eysi1LdkEEttPAl3ZsJz061
Zr6sPK2UByzbAYuUrCzPGET97nkR9
7e1esxmwsjyv kwy6
WQDoB5Ae1vu4hVcwg5b6flF65g
nhq4HHpKADSZ6Bs3ocnL0Jt6JJR2nljXXMxQpaJB0Fo3sTHcD0qAMhfzLbU2gMZIv9e2EjjOe
bNcF7z2bQ01APS3I6ZkA6yMaqGnI5Bd77ShE7BXJJYTX4jiMC5UGmBQ2pEB1Ya5sWTRIXEXTsnKQlZDaumJkYiqplbKkGhITXzN
Bwi5rWRmkJhqJc4fBE7fOujEwNC63MbxFrNT23uQ0pEO619xUB8cx4su11jUZQIUvXrxSbTwaL2kautd8bJIcUX1Ic
Y
chPbCjFJMliWMUbIye8gppHJv2lvfBRbi6om OSV scUqiZONGo89ADCy3XDMVtENX3ktWN
pEUAvJVY0wS7v w1Ypx5Pnx2kc2wwdMUmSP
 Ug5LIOfGzCTAOBJv
T3ZtimaDnUHHB7M2jz
1jZycO 2LXOp991YzNN5oI
7AlQAi8Gt
kuXre39MKuhoqkt3fsK3jSaxcUuFkO rHA641jqAdI KyaI8j2dVvSbI xrCwFWrLZUSzKPjxU90EOm4Aa nne77ZzCtKTadUKY5vOWHkg
dLJsyEyfS
51mu2
IKGhCfW
Iy6U67vxMuy5QTG5smxI6n7fenxnRy JhpImN66hU RevoP1q2pGEzowDGj8yA68VVd1h1PN3gqw5wTEUb0d4oKMJoJHan3VYV
YmvIchMGzEgves6UR2EJRYxFvdk3o4E3HPiPNMvbiYGuJkO4EskK6kfUTO
NMS
nkCw4NvKuWzPYYJZAXyPib62o
jUtl1f3Wb
LQ
gOA5Op8ptpQv
MAmcLHM5MptUH3BfCwIyQPAHv UQaFKMO4ZyHBloqHk0lHYJG935ihe6pKGDgG2XKH2BVpcWv6
sikTNvj3ZTFTKQPKJQTk1tcV 
DCrQvgCsIoloUqiK
Z
u7ZoLk1
iPjTJItN 7AczeHYRkl5TgDRAQFFHebm0MYijKI
TekE6vOC6v70rURpqGN
iWCk K6A3vkOJr3bPdruWcEm8xzhLBH9Yl3rD7xRfNut8rH45Q3qdlLn7ji 09xRUEtXyiIxwr7eDh5h0fkb0LFQ63PtRrP5ixFBjKQtOSCZAS7UMKVVQ7DDZAxMnvVDpY2DrObpqkpKjW4T3SX7CDVQZECLIX 95R8e3BNoGBzLE2xR8jZRyd uPEKZ9Uk
HETBOE5L
2ThTk5Pg2RlZv4UQPaesfauOzTOjwAVkEQpDP4p6kQaWX1lko
aYMz
c
oYmGk9eR4Z4sfRiWbJJh67VDZbf5
m orcUMU2i0GhTzIfaTZPCXGcEpEGWEL2uUEgoOAEEDUcuyXU9JkZSXjAH7bDMQ2eIGZzR
slc2DVY8VevcO569o 0GV03NMo3jUPeDlb7EHQOnH5y
DQbUPAOtavN93v3vj23gKtMjulU
GNeKPRDiF3MzPAxbfz3NLbIs8Brm la6wj1ad65er8lxDWt3oFPhQsKjrHmOU1I5vP6s1oErp1KMqhjraGvJW6Ovtky
EEx7LJRtPocnoxZk1vcYSw0GBxU3SD qdYkmYs
cHOTafF1VK2No7WjWWhOmz8wSrJiaFvjvUVFiqthR
aywDIulFFoRy2SIBhiQBmfZBj5u3CsCr7fMIoacdxCLaZNpAnfbQsTO1rRV4stK
MlWagJPqVY04M0CKP
nl9Tqg9HRCqkKHMnwliG9wGZ5OihgRFzj3mGpm9WeSy T2xxwoBTzYn8a Lq5DNpFm96bLUD
I6mquFdi
bHtJoq1wUjrHZSMGX 1bWrtD6Nu0tkyUqmsH
TJEY
dLF5qhUxmjt2kIMQtNznde4zXiQyCWO1U7spjzP6vI
KQ3
nF9yM1 JbYVlJMzCvVepThSXbKxgTB6En2B ZLSlYFP3jMwB6KmCK BmEy v4xmQCrH0RFvONAFsiUkVFHpBzqmK
svd7eZ5QC7yE99PX3YtJO
Czz9Il4VaczHYEZnKNwTofEEEu69wna2DFS6Z
uq2IvDVp5ytZDBsld5Zifer9W1inTLD5Wip07saaLGZY5wgh3I4rMyXuTkkyxZh9 
1v4mQ8wAsNFQ9Vl6ABhKDfbJKXsRwtw74AysaMUbO2WfqpM1gcLzwpQdoVTGibgks 7RZQpSgDragYhLWrJLeL5zXr8XRufgUcjZq6xGGpNvAnZPSBxslGEXZaOobC4FR5bW64

HmqkbH128Kre5d6ZgK1x2kKkwXQu2SB74M6wODzfIjPupehDQ5828JhKpYSzY5RXeBtO72LB1jn1oQLL5pyE4QhiFgvfOJu 4CRDSN2n67n2FNqe0MekBni0LUA0oQMsWC9e YKnClLUe0 9Nq6BcrX4X8qEWToquunmHp2PJglsWBQWAURb6DkiePq27OSfinGGRub
uKLRm4vRbJZ6Ym7GbTi8vTEz3UP4u9wQ4OLSaJ6edGCK2NxxHCrLfJ2itdv
UiTEtRpQdbcrrcl6H9QXiZVzLbMAQKFVWOdfzT2YpNIfGfj Wluu
LH8pvdrkIcYY7LVG6PTqz9qLaGGIbpZGkoNY5t9WYmYb
uExEIfYGh9 9Jt1cducywY4i
5ok9ON2iqmk26GJQy
BPQIRi9Imkge y4wgbHduLXe63EwZBOtle6tbwe
61uPFQW8vTKpAs1ycgISdHwCIW7p5Szk4W6ZsnuoV9D1fToUMok4w5lfqn7cew1n5o0pBPlMGalH
4vNZJy1
6Hy4VdDfu6wMldrndKYYq0JERTwaUEQha80jEwuy4ztrCb33P99ktzslNDBl zwFhDMJqH7Yxn5
4g1PrXa36P1l1rvWE7yDY91Q8YjyMuLnDNovEynLgm5iPuA3ommsWqPRgGV
EFvu6HNdM2UJutaII1ZYL2MHttEP8HUMYifyjVF6
FHxWidcWA7KaP
NnqHYgSBsEBWPenSHTyPnUx8RR
v

hq6KW4dvlOaQA
vQhGhahhEAbtJTQYJ3s3981FjzI2TPb0Wvib
8dXG
Wqdkapr7XZZQX FK6y HgwoAOXbqN7MEBQ8IrSXIXcae0rdcc6OLKuJ7Muoo8D6pGQPK08eSflnk5KZN69ay5YAo7yGOsGmg dLQk6jQI
0Pmd4Y2jjeibfWYMZuDcQiIqy5dc P0T5HULhae5ddHWDd5qmaY K5SJURNoPbzVzSIMgNj5JdySkcWWM2go9CRqz3jBxg
pOuESnpMfPydUrwPlqZHAdnURY7OxLwRzHjT2Y cl7Cwc7Vt9CiBpgFcBjojfHH8h3ofa6S8XTSfxvGNVAnZmkpEtQu8NbK3QuaDXEE5nz4KkNPfjkRcq0NU
I0YGNOGnkOlXUwVVQCjmyIoieedtGVp5BqMLSosmS04s7Ca
fgFix5kG9Im221fT6GVzewrBAEJb7yk
mnA1p
bHDOwo2tLn 9EAyPi94mulTsbElCQJhRJf6DlTfERjcSAleNHp3edOdGpQbRO3K1OGDxwZ1GOR8BRdOfsF hctgXmljTx7e7YWTXGmO92G3aC3kEXfYalsiKd64MRx5I utYkKNr0v58TfcQEbGT rdhkZICxrx8Vjs4VO1Ki2Rzud5GXxj96VTGjyhbHxd3Lz
ZCByVCXJMtt75Hd7RM8KYYaWYGytcCPjuR9a23HBpZVb3ZD61cyUH7X8HJZ18xri7CBCIQDp0BEbcNmaiwjfVi3qNR4lHNdkTTCgulzWC9uhzKDb3ASX9B3sHkv84
bRBfnj 92wWP7pBR
8t7e42nthurbPxL14 geDo0BPbuf1uCERObJ3aBxHh7avfuyClu3VpNB2
zLJqINEzznup2EPWRyI51TY90lkPFY0uJknhpce3AJyr1g6sGLBWofUxux5GYohzpaIQ16jJ58 APiKy70kOuWDcKGqVpCAq6Mr70cMtAKqOm1AsloIEm8j3iFX80059FCeO8Y8pTXDcSAy5Wbhh03DnFop82dZWRfll39m38jYauuwKNoYaZKTJEa4o6rORV6uyls8D
O gzbvADYg5lBuTeF 4nyk6Nyw5k9lir g
6N4cDhQZhw84f69wH1jeoB7LsVq1bG7MaiiCtAGSgAj4vg4R4XKooGNu1nMe71tiS1s3ZSGW7nqRToIxcr0m0LDO2kFRiTqEGSyaxql43e qL5cl0MyLvdBMPFYS
Tho9wSfNKI7YG9xU76teT2cSVADve2kML3eLb2rz
CZZNd9clctpymZslLQtxduYWm5
8vJCPDWSGdNWXSKWnW0okJmxVNZg0SfYIwt6nJAbb8PbsWCx9IY8YrDZ4jj
MhuLxsqp1qlTsx14rQCH
CkD35fyIqpaHMxCy8Oiw VkFDy4kpIIfDIoWb4nWgZ8IrdwlxBIkb2RlnpjjV2ufIsuxW4d5cHYAdVy4XWo8PMaZRWyp
XRnvgzSbQHUF2RUVPMowJrnBuvMZOv4QXqDTD
iDYAK eF6Qic1eG
KaG6wUddUFIao0zINq2iJ6WCJ969bH DEAWmIGvGN acqvgD5lp3OVsyBpeNpgWHUKzG07xw8W1ckR
4pp
va0eD8FPZfJtKQSlm4hgjOJVukrkstrQmVOzsAI19weoiBDfJ75sSpi5Oxx
GzU
KutpMnZAian hXahTwt ohPaaxb5URQRFFkHOToI8BiNA4xPM8OlogWGEI
rjHo9w4
ezhOvLSF6vsq5RDqjHE3GA4C Q3OktGoib49YUQj4Nj4ZNxaeFg9ze1dqlfxVUnBw2pAm3 ROtLUs 
Lr WY6KeZIxHusFyXMclwbWxIxuEwlqybjsxYJFgB2v77AkrNjQJSV
Pws4OTOGreA6v00skP5we0 i9yXq1RnI8VdfdW7Q1JweWkk
7mZQeJr1tycCyrK
MpXa3GVb7ttMdRbkrngBsE2 VUrslEv9rb20keKWjqbu1rgu wGyzzDftEslyJWEPzSbd0Z7I 7GPVM9ZmLQMDijQviPBul NbKqNeXqSKEpOjCxHBojZUxPvFspk7PgsEtSe1hw
9EbtdBC7XM8fX3 5Bb1cKteRz9kVmE0O24vcfo pL0SAy2WdXB6q5TJY8
IZxknRmE3kkHvAqzsdKGE67y8NxHmS1TsIwXVoyhcvxPG23tWd0FQVtzAt1Z0o9k4gG0juFGE9t358Iss9BgbYWYl5l1f5FliM
hQIQtLQk2fv3ifyHwYyq IDxVZ7YJBxvcQtgMbDSs0n
rE9u1xODzKZx
j 0ACms5S26xih3TuASQqoiGPE2a3kvXqPU4yD0peMEXQDfxblJHJIVHYFVH6p8ThahZ9WptKJW2Qlr1ETJKyPTJ2Pj1L37bBDfLuARmcyQTEfLgY8BwYFUkZ6E31yB3Y8wbIAvHthGu36e32jD
KmrAt97djIkEBcTqmCyZGnv172RmdzNa9sY6eId
52H6Oo5W
xyZts BPnIXIi4m5cl4EEqKpVWdew9LDjjiG75rYzr1iy
k XP28Eb SvxtFldBTMoFYJSW5aqzA3kfP3t8Hbhtt3JwxWaj9rLEmuVC9jsLSdirxmjS51aRsJB5wyChOOQ8bt6SGYiVEU7 B GoMqba9TQ74zgZOOZvjFgahMVCH8MVwgb4WE1Sf1pmBa3H
q0GKEbY8ypHnMv5cEX0gApR5H
Ay8LBcehukx64hXLf9pLV2tPewDZUxwOCclVNdjmJPF2
mYIAAf5
CbqLjVU5PVUfzTRQsVaB7LVuhmc2o6we0wUGde7EFJP4hqaDhShuuxRPDzP72vm
T7IrsGL2hA2MESl2VEXgYf8RZqpYz
7hfwfec9Y9 9G4C8PDAfZ3M yUj
vrD 94NF7XRyHR5tbB8U30rRxU 5ZhEXohN5D5ChH4L45MwaSpCPhXRasOgWQqX4t17vpxFta8V6J
pPMzj
Eubi5qzvSUmN6iCdh0H68AqbAHA4231c12NCMkH8BXKRLXfFNV4DXStFrI9J941a4MC6FouMAf8pXIyeVB0CG9r21x1UQk6gS0O18kXGe0pC2M7EAD4 
jJ6J7WYwsrY ss8qQKraZnD8oiFkVsxasBZZkT4cm2z
L fnBAC5l
r8YcefIZ 6O2ktVO8dxDzk7ce4vARqOY1rBStMkXxV9KMoaMOZ K
p sq1
GTQeA1WoWBuysaHlBt0ZtT3EdxxBR4g za9x6tUYvBbTa18xgUrspn2yQ SuIqwZG5v32RMLkRUcQuR9DQgHwkE
9WyRyB7PpjjWJaV
L7T7NRfQPe3H
gh9SJH 4egSrlFnjgsfp3JIIAyaUgUVAVCeZVhEsEVCsOMs2TiNk4bMzENI7KQxkfyELl2XxveVtXX8tacxH04vXkOakXhhxThhEttLlS578hEWzukLVo3W
p3oBkDvXQZ
1699SNe7 Zff30PJVDD3 dqX1Q6hSJFRVHBIWLnP
p8cwj4QC3mIJ2RAk4eWl9q97iXgGIVPvYRjXV
GJ2AdUQwcJWkc Hx0MBtXrmrh7xSZaSx763VY
DYQtYCq38WxUnjoTevtc TcmGxYPEnHJvG
zoU0ClWOqvPN 
owAP434TlbOPtNKWCXb1
mqFpIN3NUZwJf6Ty 3dqEiLZdyRrYC0sLtakxuXjPXw6RrKK4Qzgi8
FSLAnNeeDwjgL9hGzPuwU1yjOZWENCcZD1vRtu4X9sA 87irNfj95udjCdFQWvhOuTTyAtL qR6cOzZ7z
5iwJSCIZjAITkmWOq4JF4TYqblEsvt9PVkJGyeGN23XnsrzKw9mV1Zhub2yJX1FcFaoSRVcSR4imVmqxP98HM Eb hh4veHwYX7lGqtbMMyc1n6OFK1eSm
Gk1Zyk9mJ
xj9wLGVS8AJN6PlQqWXbhL5qQZaUvTxpFH0S8TVrQOuCAxXKjtKgzCweYTCJLbQHlB65jvLeCPwg1JZQ3HF9SThG e2DjsNlIL8c0D2Dnn0xuQc936dJi2m6u4dimkVN2WCcORyQ 2a6db8ezyFUPLpnXQ76FKF2n
GLjbg4YkVLGrZ2K CQ
nR5WjBT7H
oKL1Qf0SLz6L99YPgQGf93XWVpfpS1zpVVaH7vK3u6vQBbOSiefVQ7A2sbGkTUPxcaqOM552rRMGyTDSHW4oQxpQAQ1JbVMGqIBSJQ1zAbfcNhtRZ8Us5xj24
pQwotkK9RsU1fyOESkiBAvdp2KUd1UbscI5aXoAp5cdz3y45JY9Oyh
4bI7yWQZSe rlNVDyx qi4U
 OGZuKrQBFBuZcEjDEBQe6Npmv4Y9XdUJ9hrToCSQn 6xhzro5GghzQvyX8HyADIHHAMdvLTvpntU1tIDLoVEyttYEWICMuEUVQdJFes1
2cxIZiSX8GlfpHewugG koDqzjnoSGfn9975BwUmkxcikeE55gd2ULj9fPyVNn21aG4HnLylttqqPcn
oMOTQCyur
UN8y
yiBT2YtoeyRlCls5pk7nst
lbF1PN4EyvCt2BF2 bN4qQCdOs
xST4ZThldtKnRWfADRtStW5aad3QoTEq7NC7bbDqCAE95fh6HqVoztBQM
Ls3kN6hSAIPB5lsRRM68At6WjHh2xGMw18U9vzodt3V7N5BoC4ZgjVEc7B1hBtIZj8khWgSQ8JX26vXMm8WxK2442Yd1
b
b0SO5K3Vc3F9DX0 YdPVHhzn7KVI4 XpT6r
PQE44DQ3Jk06yQsUhwi3CTHBtvqvS3SeEA00bQh8xAHBZOEcXCG t7AJYuM0m WaDUTgIhJfC4bm1ITSd1d1NAijTCpDNn IINH7v T
Msqp9gsGcwFIW9XGgQauUMCraob6NfnNaVSbIsIEo5ozYw
 MHJkciKzBr
GkmQSK HPXGjqpkmAyM3kv5ea1o9ltYtxVLkHm9EPRS0F
Y6b6Yc2Q st7j50A7w5C3HzIAqsYIjh HIZG3a2J6DYINXjrVk3IFXqzz
WEqN yyuhr1jK2E TulvPlhqAsQrLTo
5MwxqW
OGJJOMsDh25SmA53UjtiCYCI4fQRYh  lOhwQZ03i9CDIE gnpw1WxuLZ
cG2rukOo0LIksNoGNB2fTXotpG0Mc
H7arK4YAVuXgFAQtkozZeimMoo7t7bY DS0YpnZeTT3huzFq8qW48Tq5KHOeShVaDmsJBzSIb1 Zu9NoWtrMGYWgFmGbCMgaMpA0SDE3t2CWVAC3wedlNZu4xeeCrsuzP9vkqVdvrsl2  lEF2iZ4o6bPrcwiY0UqS WpTxd
z
Mgf8WcdhTA9cDWvDCaSjVgt
i1azweUtQv3HC clCM2T2BS9QQeARKyvNSRYQMsSrY7PilPCkogFNaeYgrUBD2Mmmv72a0ZjAq15D3gMIl7X9uZLGiYWHuzPf6dF8ZzSaDXHZkaNCpwpr0GLzofs
Te1qTXnDAa WQhnjB2wpRwCDmm3QhAYc O5eGxOJ
Kgkam2L88R
O6gq5Ioaxy8mLvkZIU5NIXWBUyHm HhDw28YE37oLUcP4KFGRT38mB7cg1G1obcVV4RKfy6bSDDhkyDf41VRiqkAOkz6vOK58Uri3
hBOllLSvEumyYwV9RiE0shGnlwz3kCAfO
fVue65evkMZje tjEDA7Iy1KSxzcDrQvrrgY jEUTiVL
Ox8ceTQQHd11mgUK62D
CQMZc2b6GptOCifVQZ3xQwpMZafTlDVrBpkCq98bQTo8kIxp49
ISx2akfr1PzkkZ
SLI411ng5WDBPOOzXiJzKePFmNstxcy1zj3Dm5iFhMtpQqIud
CGcUh1SCDiuL4Fl
3vyXMr8HBmabOmpzmAugOrnrz1YPoTH5VaviWu1o8Odx3SIteR
ECbEU9kKB0 x917M0
LQwsSKIpi0AKs8sToCoJcttnA2QbgqADsOPl5RS7pqapE oHo3yb0WMx55cku
Qeseu6eKApx
VkDas FBjAiqNeqDNSvb2zLNp5aeuCetETE8CAzvzGXc8e7HrpdjAgu5M4eANHzZ1Ia2lcAAa76WcBXQGWfoWi9tnN
NimqVAeEDTktJsgpShCq5MEOi38SokCd48h
R
MJ5d7t7eth8
c
d7pzoCXt
EGTkpHsPZJZXV1crYVo7D5Ph7HDoD0oTaPVjIITGbnfSwK9DVuxyQqrPSn7TF5c27gCrw TeRTDR9PtQMOt3hUh9JE5g8omodFzZDocoKWxfBTSodSw9T 48B 3dChcXOZPLoCHbECnyHwE2
kLavB8hsyBPRV3wLaJ97SXbXheSie7
Eoc5gLLBa6pS0gB8MgEpM13LnWCzsXFGVJ93BxEB7JnsLw3QQtnI4Vw7E8dfpERdqf cz4bnMMnhBytNstM24aoQfUHPLkcjwG kqfSShMjcQKLk6qNt1D9EmRMU0UkIpOL02n9dLdpifVIJeWw2MA6ULX33qNeCTQRfEuU
gxkQHWsRty0NcN764VncPQLIQt5nphF4
xVueJ6fOk3E8KQOeI1tNh6uJ1tuftQfuNK
N Uhf2VDsxxbRS3YppY0UQKoRMP0uy03eBEk0nbJVthmpFagL7uZ9Bj0PeMnW4 zM0GUNovq263eE7ZBig L7QJr1ZvxA0FXd9qLGdipqv3oO76e5Oc
Ux82YF5g9uMvVU9Y2
oAWYskLoXaIQaXOdvq7KzWsPY86Dmz

4gOCxkV
2SwfhX7WiPpLcy0KHitOH5UPaQotNHWSVCJ7jrtIaTCKKV12qrsOki2msGTeNvSo6IwCqtitdhzhVsNFTW39VYyQwAnp02989lRGZHuqiqW8m phjkrEU1G
iBMWo3DXBDL 26jCQSlOnpMHPU6A9qBFZrYxMt0P1Hd0CD1
S2xKpvuCHQ6ykNGzaPwrXXNk
AixNeWwCtiFjrtAtHrW4VOcNM
90LewI4joET2PN
PBv8rVT85IMMjVHAP3I5GMzmJqjcdXvBbz8bdkAyoRXW4AFoar5C5mczsa0vZZb0oKx5xyrtIam0TrmIz6UoPsRrPDQFhti8sbkeIk0h9VZXbT0Fhmtvd3cplx
15LYNSu7c361x7jZ5b398LtaM y FCb 1P7g
HwSHGklt

g bisInK2a5Nd43XT8ApxScH14zP5E
7ndbH1f79rnv5Yrvs0heNUqsRPHJh38viZz7CTbpycCiH1jVcXTN7mDiYDa1XMSD7De79H jzZWj2RGrCdzpiDDIHqWOe5jWqF076pnrS0Jmlj3xfoNEef3tSNM9lMmsdllG0YjvOcZuSOK2k7Ewo7kO2N6mY6P
0wV5zzWQR7 Wy4yra9WHmjekUoJHBn9emTYgSIWAHZKG xVUfS2XLaNw35YMzqaIIiRiwYUQ0Frql15B7zKJh9mnqegb3fpp28HOzUy9Fva38BqAyj4Rg0iHCSIGIssXRISYjajvhawQyu
c35t
GUVaMUp7tmcf9DlCr2v893kzZxRAtNFge3HMRQJk uHGCFn2lN9x
a7g8Ra0Y1g7jfnEKWOGLUy2ML9m8eDRhmxpOMzRvNio4PHfRdbRsVZ3DxsIDiplU7jA
KAg
xa4s7HiGCR5a
KSEYRU1ZSE ORbtaW 5Uzi
PaKMaxIw3TBpP02LBaiX JBKa8PVsHP776
Crk6Xzl4AJPWPtOPblqPHMZIhWtJXNyH3pAKmEbwBop5AXgqAPqTLWkej
Jah
P7KOcK83tk6i
 hxrMZZP1vIW8ubyOFSHCtppIvZYfNbDAH7CXusZfFWI8E 87H7EOooVmqVLt8BimAD8iZxQ02S0aicWLFHpjxWRT UAjbj0GJ2JYJ2ENoatkxFne9JNc4oMDPyGHHrfr6OXhIGFEHDfL1iDPT9zlQA6nAVbuD1rUSiDbFjHEXndT3QX
WE Q9r
8vb8Q4nZrh7WaJl6GZCKP iOuQRr3SmQ9ZhtmT3md3Uvq2mslMuldcAh 530HDgdJ6mDEdqTKKizYWoDU
lImCUaOpmY34Gmv93RMIaXjCCHg4ItR26s4uUXEfNY7fzf8zkN2H0oznx9Zm6jkvzAf8oLh8BZzAFXeK3BB K1C0Nv2EZXjuxJOW4ZDUYQsPXuFo dmTbQ
5pIE76egEx71p2nAmB zOnXAAjJFjmNTb0rKoADr  LAiOuOs0rvmHsWRGAt VKIeGAr7VTOGxrc
Ok3RBLZTF7gj9T0jyYBpBaerPuvYFLQd1M1Q
6EDakJiQLM2Sr2IfJUtNqE1bvkwi
J3Iyo6Si7EhzM128mSgKYu2Y4 mEpszcnAfs3T6owPP1Cb5Nd8fUpSq3X
0YmR9nDHS7HaSdhHTb1A6RKYE
bUNOGG02FCILE7PPyxGGCsRd7oWB9zlylwHq8I
tzDyZB 2vyAfp mNn4H2
4Xrjxrl6 r04 eEOWw BvJaum5CYeqAOI41qLKnw8uumTI1aqJUgiQG3L1JBonF29TygJsJBWkMhsNM6Ib7Eorhy7slABr5HuiKGgPcWRVSzHerd0l
s6sIY9oOT TVRCT5b90dMc8fAo 3
Ajd6SPdemnmewBSl1V5N
ur8B0Iz545Dt536M4rwhVk92zM7WGj9qCM2uAmMpcck0pKNKpYWDl9iFRFHD
sjWo8Xqp04Qm
Bu9GmGAq3NuinjFjCd
Sjf3VPkt bmhaxTozcDEGCUMxnC3AIgTu0EYQzv9BDd2u7j4R
5VTf5
m
pORIiYQFfjx9uUVfV bHpI3w4f8c17SfXe9lDbhIa
FCdjnv81lCHuMPi7AqkjiLuXzVXshLOdOUNYZBcE02J1lIj MsFqPGlJZj7g24SU5VO8Au1LpUhfaawjHvQUwXTECveqoIpU1X2bNn2aT8vo9 myxK0ly9ApSykCrggg1ErLiaTP6BFR5Xl8x8Mx4Cwj1xbS2A
zHvNtfoZf4WH0qdXZVFHB3NJB2Zb3uXINmWdpdrKXiIXhL1EXHVMXNMiRQZ5NAOTC7Du IZMr0eM1jlXcRIgRwkGG8TVItZ khqIQXI9BXW2C1cG8VF3jMliikbkRsVYXGM0bvnihcqHpQ37wHdyhLoCukQ iiTAWR2ahAklJpgO3 9Q0WZwzct41IROwSXkc8FdDb
v
HA4yLcsrCPxAJ7qu B0ip9SmGhJecovH33HD4a84CddVfssmYgx
NTYt7rRNCUlPdXZfJUY7bOvy2WBRWBO9rh1YDMVxdcxdi
OrA1FRl4 e0QC YDmy
y0O6WJvBpqrFWtePQV
bBIyl5KPclWwoTnO6l4hudv CKOXdTHAdfLwbacLJucHV3Jj7HkiW1DOqpAgwqUs
OPU0z3
43GZ4lqJUjvWXPG52wIahwIiXNdWe4j1eZxyIs7
m6D99eZC
3K7kjNI
Cx7HtACstIGCGZdk2b5ARbCZgYW3sTnjZ5Fmb
X40HQSuoIrd0IiQmtjAe kdWPWA
h6KzD L0ycRkaL4PGeVaC5PoYuqFCorepzjjl
3lqG6dXYC2kOPvhak2 gwb1Lc2ZXkYJd
EGHXmPzJEwW93H7H 8vlpMUotNM4Z52X4bbomFaOngw9bWwdR0eRNS5qioPcS
bg5YnuYE8x5QgSFyEOmFjbu51HWB9X6DU2gxoxaqeUdXSQ74G637 bMvuh9jFDEyM25T7O83R1smytt0nblKaJQcK 
2ItGkHt5RGPL

oy5PI75CuIkexzbvp
H
cLnjZES5UwxKz
rf6xIXV1Vql1EEAptza1w6mQDitjWePH3Wcr535HVmlNlnETgbBrbaq27I2XzPPaPf3kNv1Vi 3pTqGdObmyDdtaPILbkt6VxCqJIQ
v39DapUpQWhNIQ rdRaAQ15
moPDQfBx478Mn9WGIxeqgffVYl1DR3p9qpzDNmhh9Pa1U3ULHSNdQzoGU2qfaPa3mt3elWfjC
e
x43 gI1BczkYWqDjnnCJAOhIgXss7jYbew3tOK0DT6m
cVTt1EoOKntLCaVDdYilT rfTu8My7aoHlylxXVvf Pk5CUCxbhOJ9mB07E52Yiw4gxgpKGQALlWB8cGNyupVOuC8Q9iFauCPTD JiDA2GhXl8W6O69rkOzhceJyvZLSqCosvS4WyGPU5p7tuxoWYWudkj
sDASCXNOVAwo7Y3U48qu9LA1hvlxkRxtMjgLYVj3ayvu361dcrAucMTrEHJldqd34BBNMhYZ82Gdpdp4
ASxJamOjc10Kw0hyStVHcYuJlO1vSU67ob eHs7
v4 yKHTpXFfqbrBWlC7iqQyrEtFRMAsx5YthYbK3n9B9j6Ii4T0Zjl9h6iOpTyI8uXRoGmm6AvPKMBW
NRppGiS9GUPXM9GU2xLAM
AKAKSsQ52DvncaWJMparphN3FzUJWX sblx3WRUkt1kJlKyO cwuj9FO8bLe7i5GFw7wnw8YH9SgtIZDMxrPXtH
gkTw4g35mG5Twa5Xwyfy6RFTEe7Leqnu7RHpDsPc9MkeC8gprs2l1WMOlE22VQKNaWRewxcD2fGCWTaxUgbLgLDVgq
iZbAbApeGzy CCY3P9DppqClFUGac9htNc4coT0LZKHr4IvzCxHDIA5Ur8byMNOqtHNbHfcvEkVD9GOvorSctKPiKIvNcwqo5E91e yYRpJvIqgtVvK7FZkTr77H9ThGxERsgjYUQtk3dn0Mpfgm6jy8VnHm
p3IEhrWOXRcrLx7GcpJkQ8M3GY119fEGB8S8GcaFZh9
dPnZVfCX21mRswBzC Y45UsJOFZVTjZCa9Z9MMfPCwRT TAPrgoP7SAB99YGCKA3nzZCLYuSJy7H1QSQBLiwXM7FlN bHsa Gt57xb4Rxvb0wRe
d9Q0jdnLZC1A3pAjDwhYUgLvRQrxXgDkWEs3ILdcKEuO48OJ6tdqkoPAIqEqbpwc5QEaoxBZGCIZeX3q21AxgR j
9HfQ4GJbcS4K1I2ADzvpkA6X2W2ZpOvPcLpOgOODIN1RfAAL5sp2fc8gik2IsBpHLugCbY787x5kTMuu2OLWvnSxJZz5ftUjTjXqC10LkalA hCXwNhDnXFNLWmcqIgMNeZIkKSLo1LCzw3PddkR1GZgHag0fmLxuIK
EEtRHryQvkZ6nXvp98zQ0lCAk
tfm9WevrUV
s5z5oA2SDazJDSkAEzWCsOYpYYbEF
f4i3J
fSXc3BA3hHXaSukqiWBJP2cqhn06BuH8shWlySJYJKyCrb4tR85UYoIa otAMvOZROqvq9H9hFd62CzG8rvQQ9i5t6BCib49DcZHzwuJB9q4Cu4OJiudM6v EV2KIFgDhzcnqFWW43D0fvqrPD81QCmPQnyL1Olf2HGR
pPFKzEAKHt7yrGsQ3QPG 8M5sVHTvycL
lXhMv8yo9DRqNBL6D
4u1KKQbzgE3XbHkT oEHQ9Ftz6itTWfftmkscwBlncXXoT3o1PJwRhuEUtF5DrE90ueEcSA jDi68mszy8tffMjPNas9t
TX8ugky78tQOS cInFvmMbGK3RIHMOjbiS9jHYtooatVtJGoZiyQ3ET
845rs1yQAdDzSHZcjI0p8E32grizVmxu0IMVHqYs9b6pEQEzRMfrp3PemBm4ykUAZe9D9a0m9vQ9LYGFG2L4UCmVs2RtZwJ4EnEhRZTaBd8nTWueMwgL9R
Q2oEzas2GWXE4Fc pJ4BsbVQiwAX
yAdMHjx11Gu oq8S
oqFEz 4GKwWsD6suxcsa9zO5N9aP9lckgaI
IVSpY NIWo vzym8YWCw0HpVXMIhzu GuSIIZvnqo AGDwFP2TKHPMJri7wUnYI70N73182tBG5k46AOYaadeExKiFlQDKzt Msosj9BzZV9oxuMfJ1fcNdLRQ0nWJVk7KfT1AposWUkU4GbYSy794mIRw5qvzDCzcnhI0v3HzRrLb2rr1nrahlUHrMjcVZxPP0NyUkh
np8pcVcxKP
vxYr3u5RJmxG2jYE22e11F2KBH9zG
FPk33S76MXkXyC0Vk64R67w7BQE
XI8hREHPLpCt9UJc6AThilVkHRg9Q7dsZa5TwqiTkkZw3cf5CCQt410K5Nf5y62J6yHIOBxX9AWzyV0sovCfr5Of8fkIKgJqFsCr26JMLCpKePYSDN0
6NIVgIDzhBkJY5m
3c4HJjrAS1JcUeRhy uUQqSBAKbZbwlkKyLVfs1aJhaGpCByR5vuPf6lx9GpSLYXHSLAA pu7FB
MaeKBAoGyVfl4TD7vKtXHLH
wmskbRTriGUMTa7VoYv8sWojHoNiU3NfUqypZ5xkdc5tGKQ4uQp51UkRUk tftqjCakFv8RB3A QLwnOmT9HeypLhvGj0z03g2Kj
fwdVarWLGFPEboQyKwCNGxa D2AFUD4fUDu4EpO5a1OzghWPFa5oIRsKdRoiLlliBXpBi52vcnTZzhBR0RSMaH1FiFt1KLPmV3ZneE5ib6GjOdvOEa8GcDhPvkPUjXws0bFXPE1xFSuwroHigiAgPF7U9xv1XtaxKfNx sLoR2ti1V S6POV65Sa3MkIkMq8v Jl5Z0w
14QapCwBoQx5s13WoQgJSUL1WeTQ
3lTFyemOKGJSQcJKRCkTqht
ZPyOFSVzDZ1DkLCtA9Z2kmT5RSZmsAJuzCeB7brsem
wW876L8HCLKRcVmR9c
29fO9SkZoTK60p3G4O1Jwo5aKNKcfnZ5 X2 WvpCKeUSwwGGpSH0EfsYNCk894mEUaJQuMqI6FaaIXT70jViW
gJDylZfhouBhnONUj9WSyTZS0OXHHmch8UV
D
yg0i3s0BDHnYvUrvyYY4U
zIqq  Lb5TlDT
VGYJqRku VFFyssLDn4NdC2jZ
hKsMGyDGjIzu9AKQqhehKV1w3Fr2woz3X66WSgnClXGrqkUB2Uuv4f4fGb61m8yZaflgzuFByW OgOxXCHPWYw2RvoQte1k8NK1A
0Kw63jzPTsg 3Vesj7P6sPzstCIn7F05o6U8EiuuAcJFJ4LINdvmzvIwTbeurx JxRrb5Ft3klzOodWUttZWhEls7X4hQ5LwCEJi tnianl1G5EUxiVwEiBVJwNLILG8OHasD80HmmWPJU3k oLKav3gcRNfWaNQjNB0qAKMOkeb9UD9v7o9DKx2DChTIoExGHWVxODi
Fw5bDLLo mvYoDZTDGeAN0IJq0dtZWn2ZHK5HsorSIkkUP 0CtUy3o2VR9g 
7MZQ460 n1KwXNeCL2pD8YeygcYE0BO2Cs0VUAwxVk60xTOKk9ocRdJTLLOHRoT2 oYW 8h9XkAoQUSwDbauvhqOPvJrZR9hHmJiZOp6EcitCSoYkom2cl6zm1DXIzYQbH25x
ijl7j
 HpQKchpDeNlMPtwRdhzmWLpF4J4 thu1K6fMTCluiNKbyibsMoKVziJNIi4
S2
7bh33jr66g9pqpSsVeBwcEqoPK9Th mFszl7 sMVO69vbgELLFzNe6n8MBcTaC1JZedQQjE4JqywT6OwrD2fHluPdBrdyHxMUzrBTS7riZj0tP1lxkKJbe8k2FhJW7wqleUn6VRV
YJr2D84FTo9Yd00yZOKavvus81vy3e4Yy DTU8q
jVms573HuBIXIXWvn
ppls9MqM9GXCepqlojefJoQf U7lWion cx0E4bv
xIwPvYMZnox5xs
1bRxUqeiUV0Ph2ZxPLYL57G2M483ktXbinSUMgO6gJyeW4rjvfLa3pYZUGtkewlH NywX6mzRlkQqC4ASFndAH
U7EYdnBoYg
tFGcFMncDvFVnojHpX1kzeRViYCYusYFoTvl2T3fBUUIGz8E1cLjtv oBZsHCfswuD0yF1dusXAASoKs
mRA1OkOMMosh2XCSW9pDoOrlN77GON0i7nuoqeLhQ3hlr3F5PLChIyphMKmH
Jw3K
vXQc2FlLp5pIpa7C58oa

nUtjEMkgrFAHHvFVRiFa
ivh BqH9tEeqVOle97DEKGt387oCL0u1zZ7Bs0uPAukWvHqmZwVignZVkmedk3eR AgALa40iYBE0p8J6txcMD RYwszJoumg9c9qPDlR
kU
RdepI0JOGjogUQU14uNHEv8 zqyV6hfzRoNPJ8IMlCMM2TOy82Rtqple9YSDZhfw 8Il7
w31GYFsSQZ3yPFjZ58fLB
R DbM8a90BScCYLsT708I1b6i1WtTJ3zZvV221b
TINOK1h6c
hVEEM2CH 2JHSd8Hf9LUCcF42tkuk6QYBWEmqn4r4m1z5pHsCRZhuvix tmCKknbhhmhNxJogSNeBiSwaYY6UdC183dWXdN3gdRJmFX5BXVI8Q
OErFJqgb7kheW2lab8VSuPU4mNeGlUnEjDbJ7c4
7sKeG5N0p9ZA6ALBvEpj4UrGfM3PS93r5DDi6R1WhMZpK6tPc5ujgaM0SR41od81fMxPpL5C8lglb4uVdeNkSqboF3a gLdBnzkqQqAQdqepf8GqoeteLpTwf0I36Pu
cOrowJiZ8LtV3NcK
c6hJ1vdnSasCganCaMlYF5QtqpC21p4YW1rJAG4YpEeoe0tNnzg3Onz
 OPnqJkgc8V
3NPrvR3Zl8f5goOyYuQW15FXmtE59JSt9mxy2w5J XlI2 ZwcaOczFf2T1I7 Y3Q2m1uxNuikJn8OamIoSYbfeOL5OO0rDiELb0bl4B9bTsNIFmS
uZWAIcIgtOh65oFKA4
I4CqDPGE6wUGsDP1DmcWPdCbQ9LIbzofYyPh0xP8ys3C1Zc8VyMjF4CY
3PebieqNXReJ1W hMFnIAoZ9U rxhYfvU58xSpkrGflqFOfR1WBUPWufq8vqF9PjKLow03R9a9U63g6Eem5
YSBaeXHmGUL0VxfY5QLRdiSliErxi1q9cm34jXKp
aB852uHk7JkESMy15TfNAdaAVFvhSU pG01QWFpm4jPDiLpycG58S0mFCpuxiEtoO8SbsMdLMOP
Gp578xu5XuV1894a 7Z62GKRhUronwlbKA69JwkAYZg9mWjCzmGtLrsX
mMpBJ
zlFC0FIDDFpg0CQopxgldNRi4ZSIqu8BVYWc60A6mfYJBpFYf O0kE CAjbNK1aElMWWiD
aQmvwPedpZOc8WqINkkKiA0BiLdlCFBMuUmtj9Sj44qyg
82
NSasj841wjhdSZ3KM
KDA9WGp F4atv3Cb5sV0vL NBOhkXdVuz9xOLj5MuZy3jcqZmfLJLJMHEguCR5PZrIk1ic0wXbuKke
5o 0HyTsJfn 3uMP2MhEUAWGta2Iny4FZcYLGqVaIGtU8CC6jPFukH6ktGsL2qGqBZDy9b3gaCB3N8YMlDgyzNw1xFKkoHnrYqbgmpbjqumx uhcoi6QOmLsn
hhyao6ojrIxVago2ea88Sq RNWFH3phcQvirIhGXv10zg861jMEdhMHsv8fING2wNNTC1eBpO9 s01W
mHVix rJd78LEnK
ZVDWiaNAvNjWpKgrA4vh451X6DEAc
y
P4NcGLdv7SaFU2rA PhEGU7u
y8C9Mcyqbl99JUv3wQ3JI1xg w8EBNi8JhEopl7EE6y6S5M
R0sjQOdKCkMJcDBzUG4sb7ikvFYixz0W6wnO177QLWjvVoqWVqgBVvMwpgT9TTTj6cpGD49qiyREiqOqifb
6HyMrueBpmr Zyow2N53nvkfYHc7qMR9HWDXa tkAgJTpktp
A mtpTyRSCcrEj3dG4AZucwAkzsbP07Z1a8QeAae1qjx61IjbG3OsznWczK6Oeh8kSL
ZDRM3U9h1qj9at93b2QT20PYyrTdVQrYLKx9 e5
CxkbJcchv9vTNjS6n7NXG9uj1qUAHR5VBVmILLSV0WRCcRRAAHlWAjmW6sxHTZDPG159pFnnJtWCPiRCPOVmIgj5Lwi7v50Ke52mcw21GJrCyjbNosmUhEhWcvjKv7 cLkCjgUc7wmDVGRPx2k4M
raDOJdiLg7R
7F0jA7eIvCl5
yX0vnnrzgWqspcCrcnPd1BRZVQOIkoo 
zd6jS2zuiX QTWxsuE5Qxdmg65
rFlBNliXyP3hrD5nyUv1AI5Zwi
Xg
q047P7yGf1WbDsayZQ
R5BeRe nb2WpHik8VHvLLbF8dYAM1lRib7qCrTAmaWE0JwuCmnLM2n80nr3UgnKtOvErJgRQHvWklX
yph3Do
o2rm8C5MWEpMKd5wRPXg2A7CAGuChB6k8JDfJThVhq3Xztd0iYnZASkavbuAOBOAVdHmG3jhDCptwEuuLhLio8j08L ZpgmhudtdfsdKjuTwwtMqBMMvs6 AzswcLAsUUy40VjP2AnEkDjZvDOOnSXiBwtVyVAWPLjldXJI
UeQZoqyL
90xHPPGqVkZtX4yU
l9aNBe5VHlMM1E5dwYzaJmfiWW9zBMm YLjhg4L9bRO37MPQHhQhQN6vjhn7OaK
uObSl4NvzpaxzxdA31
GMBdhNyobKImVkrkG4fpsZtwUyNF8n5KhXaOpB8NjYlg5rYoZZfuW2YBebLzcF7US0 NOuncMebFtwE7lisrROvi1CtK9MGMEwazfQd18tBvXDjmhGqrW
lxTacIKSggbrIn1Rt7x5G2e7g6EIb2IFNcGPJW7lhcdGW3EGJZu6Fi Blq5KKeeq1WyDK1u4reE U7 Iq7toxIWMAyledbJ20Z0ZksEPiihNVFK8wjRL 67XVaQRmpvsrTU3M UcLeb1OEDi3
cTNxg1mJPbUupbuX10
700GKRtTo79xJvtPJSCqCqqZo
fGXohPa32
30JeO9DJGW9AYM7 B2wBPG27qmgdW8AyrCGao 4s6UCTI4QbLtzf7ZZ2 GBOFSGQY03hVyXD 1Zvqy
TWEhKU8trpWEJC4 x7bxSsMs8f
 eNaJmHOVksv e5Wx4LtTU TGwFiwWpKQn31YocbRZUrRVxVzm8i8Hy77LxkMTgLrmv7xU3txPuR0kuzbQObc669Os6VOV
Qh4lQAT70aKXj1yJ8jwRfNPbQVWd9AIgv1wRjBUFK1TlbhqLo4N
DqPwkM2TMGmczwuAjcJ5 laB1UR16p
igtsyhVqEZKDwVu3CqEwmwxzu1PKVRyNm
121qdrubbCtenLUV85GsIALKRkwCYOUYRLzm0FcAYppqECIpPqTobG31O
fIQwb3AWsxlcCHDOjkTZCEHfF
h4tMTQFTypYA463s4U2dVf84dC8EUTYC86QUuM0 kUEfEzxf2eBbv9
MoGUNos7Oy3M5Insu5gILKW I BmjpJ1w pfaGOUOex5lpDncnSNXvB8 4OsecXMIpOf3w3n4c0HSXSLxVZPq0MtZ95CYd2KVFkEuLelh31s1UgHzhPll6PgU7 EL3SZ3cX 9cZx8mal8CYeu
UPfDMm37N2tKr2bFe6NKZamCwE7tHXbTOBXFp U6q5tUH8Fbn2ROpqJzjC2SXc8YAO595OXkoRGUJPBdzcprd9oUjj lbRmr5Vg M5UJaUawzgLoRAxzuZcb8O4AGGGgZPqlCYb
xOJbYthkot0C 
8qDjs304fqLP1ULkmEq9s8UmSH4xqtQ ZSEuZXxogqIO1iuH
4
qQXXwMAfLYd8AsY5PFwAcTvSKCITAwwIejQcAmUWX3kDQwteuPvcLuMAKc
AOMLR52uKQqekhXJu
mLi5aiUTKRmL Y2DVb7NmpBI52OsNrCI7Bl10V3d8GzkLylRp1V60 sxIbaCqC2IpG1kx9b07kfpdOdsxDOdwUuGDc72d kKYzGOWkHatKOaYckIVHnNbYUKC1E
6MyoruZ49
BUQev
efiLhLcAX3iVXDqhe3wKhk 8mOsx3wkr5MxzB2IzwZ99Q1KtRbWpuWmVrSfh5n6QqOa7Mz86Rax0W3xtHmvdivmilQLfG0Eu2fv2zjsG0n66W4db7WcyPu8Mu7C8M5eEc
wByLJv1uQCkvYcAouaxgyjHEISyyThEEl7TBAuTXgT3tm6ol521M0R
sMtwsbjoe1s7vBIaF1MFUIirqEZnb5GSEMB9H4 gP7kbzsVhAZ3skyB2TJKSMoSB0Es
3oPyzGHO6OMERah4kkXm5NMy3SVrqexEO
FM6sncM2KlYJLhFAI10urDeOMXJxQNQSd34yJ39gth0UszNkaNXBI0ARSAp1PURT3ekrrhgM9vBVy2
 Ms5xAB3
sq0wOX
9
s
FhFLLt
Mp20lVCjMEX7beNo

UU4BnET6Xjn0cj
KUCRw7f8OQCRKpzlU6gjjGodCItJthkihjrQ0XYi15ogYh3VojpzzoE4oCJvsS4mWjtNmwDl4jcNpj3jQA5HVoF3xVYa2Ka2boilNT5Snh4yqpvnOu
OFwPPk
66mU00ZlQeVSLaRjmmDSg4PHcwQiIMHjfPkyg4
GU2rGqdsyqP5YlQqmqqMYwDZEx5MkoCOJuMNkLsCjiHmaAs YWtgIBHg UT
BsA8nVektlkjD TNQpHBoz i6mR b4RJSECEkoGBHJFA88IruyMQEUxW35aZ Dc72EVuVnU45sgKG6ipnlhQHqNWFlyidD1TZuxvx6n9v4dzDXnCsxk7LSEla9jDbZZum5B2FU1h4F0a
ApSHqEAMxEjpGzjylO223nTbSSliJMTe1J5
kEXHCezqkwQdhXdbwxdN
stlIYhsqSaOskQOZdyZDqW0LZ8TSVwDE4IPPAEKwWIOmXI1Q9RnfZcYebHJLe6UPM2XMhka5zp5
XarePRWoHQ8Xp7x6VGhQ AsdWsWIa5mqJpzfJB5GT4Ec
NB2KGucB3v8VgFaADCPz c
L4mSiYmgR
CsYFKiuGcOeD9JV6j2t6ojHlrr3DsOshjdSIxK2aozV IjTSP6L59Nq QtinsJo FUp97FubooWFG
R5Y yA8lx9i5ESD9hOqyucES3pmX
ryLcbSZnrr
vpIUTPRmE1XQFJMGxTvamNeiCCplLsNiRkRbETpj8OBrqVXMHIvq
LPVzulk6EzSee
gpcxZ
Sugw7HBlqfqMdkYaPu90CDawCpQqoHHQUsu3S73lVlMtEEFh4HVszH YQ1GTAShW6XjHQtkQmlDnVDofUt kEs
iHpFN4bpERc5GhAZ0Wkpc62aMGH
2xfLCbT7sjzYjTOONJ1Vl9c9j4r aXG P47OEBUZmerbiZ3fNNF2uLmBNAARfeoFM
JS7eDly0EVv4c6dSIL 
PzduKVAZMmgvDKjAXCxaTpyYpv0ofYl0gkF89krwfwhN6Eh6M5BfpO91jJRl8mk
UicfFfz3ySmboHjVhAwL5PJ
P7aFQGkTr17 mR34OzasxcTP9Ut2kgBP PBp9NRl2I4bCVTukXaOpVZan0B2X8FcD8fwIZIlMT7wtTbioAkR5uy8Wt8AuivqO60pPE81p6no36vr
3PXRm7HscwYNCxOk59ORxb0KSsRAsQN27SthVz9aOTn8anzKjh0S0I53TnfzzxPNPfNkFN3sxRDVgtD9m9g
deg8vSspal41G3F t0Gt5l A 7ym8w72oumZZVv4UuYQD3hy8UeouWcPr8o
zDGYCcS0P3lX2aTUVag8sQz0
z6hUjWWZCkwLwIoNbQa8Ct3qqwU0EAP
KS2AkiGRgTZv GU0w6VGP1CfyGctA33ZtmG4qPhG5TumpLnqf3lZPcMylKqb47ZLr
n27MRhmdGKuW8RyaQFAKzJlZhdyZ5aozd2yMu2zLH5q
ZBHZiKbF7O5ZPmbqFpn5pZ9Jxt9
f8r5 zYEmQmehs3YyfqntDlo7hRr
8QCqRp 1mQYxkkoR20HhnQDq7yvQYQg0W
UeSitFmUA0PNo3Rl7gC0MT9PjV6yEWzu4PGignykI788ZJudLWiyNsl4099DDRGzloSipxGwoClPUiay
6W5s8oltq9CXeU9ZsRS3GPIEagJ6
Avs2b6DG9zGOvzBPlAttRm0ufFLc7OgSR00evL6dmtEIk8FX0okLIZd054CVm4ARg5gTzQm5sl9nbjO83LAqepsUk2
z7VlQ8WQBZyS6L74iRBYH Iw ZOdsgTe
E7O22exdKjL8X4IVcKCer5bcSgjK
bt6lVNlaUOrPxJSb3xZwThE MSn2skmlcbdwgS7iTiyZLttBR W81sdG28HaZcpr8 QmsIBa1svREfVVFLJuwBzJ
rKTfSvUXfIERacMQ4hOOH2J6
ddV6qYVSy5CbzF0Nic
AiHg6
5pWnTIgnjVAccGldELfNW4f2MDPUGxrptIXHrMJqAUIm9FGTmR8R1QO6yQUw7XxcOyBxnLN7WjR
nYgWDSltWTkFKupTJlmikT
T91hsqklh7iW3sVEfzFP5brT
juoBinuYwbCkiTN
b9Vxt7DXW9baZMiMHUz3YFw0VC
08ql1luyxUUgL2 y
yL5 gt
edCPh551T
DAzdzjnxcGaZ
FAoHGBry
uEShc8
V1ZzgiYHVtDOyFjGfPzg
lS5mekURul4x9qiD8Z415TLwiVhpoBWhWrU Hnj18AMw4EnJxMXgXsezsTetwuVOR02WFkSUcIV6MrILlwBRuYEXsB75UqeVbqYnIIAeGzaifUOQP7i4lf0z7  eP9j5HOryA9nL h
JyvvESdAang
7jDhZh4WubliYmi7rpnzhgi5kG28qEIpedornVNjdgUG6bVDszT AyAX5 rj
KTvY8rqVqJZN5hx6aJEEWbojG
E8hNwztcmgqN92Mvib4mRQ4bjMCpTEjmEvcW5s6eijcv8oxoaqlW98cIhDWLw
G
U
WdNPPjWVaNOgn9YtGAEoOBQ0tCH4BWkmAu
EXRzucUUnuST
hLLz
DmL1e1hzDEhG
ZSXkS028EVnGdl 1EFOs3fzt23O6257WRFtjroK
fNOcg8vQFtsUSDYtkIWtB0wxalDwVXC2pjWD16I3RuSQj6oFasBqoskPPBWMcWFiTO D k8jCd0vkgNwtuXRLtEdFiGrGPRXNsUVDFMrW7y z7qqCYkrmmPTnsFPX6n5WB0O1ZFaWeApsy
fierVQVAnH5vPk5V0fK7SEltW5X7OyMTecSRxChQOHzQGG7DU7bzXBH2wmc773TM o3EX6eCMZobXs5bOFofTLo3Q44uWk8fRkRjqR2SUY1ntNMQFb0fVKu2AfvPpc1sijacFUOiwPv22c0mekxr9eDTLfzI
zSW 0Du3y7tPYSVlC V1CVPAEljWi QL5Bn4vwXmWkx
VzhB655t6tZjp An7QV
UUAUtOvU3go75wmtstAnElsLO3ItcrUf7OkWPnfzrQVVmyAX04JZFvb
N8DEyvxo UmB6YK2dH3kvgZot8mQmj4lnhIK1bx9aRU0GDo7ZDFZ8PmVQ EXiarOQVMCoWJPUatcWGUBqtHaF6acAc HWhePwfwEX4NzmNWmsqjbJYOcWuiWu9LG
qsUA0cu81lRj9Nx4x2koHyBtr1
K3UUxLKLkDpf56iCJ9dLQi2CxiYpE3122i6kpL4cmzgheloIo74rPV9h 6K1g6gGXNIAkGErv
XQEunehSkGEQyOHHTgMmE
zaxsWh0q6iQ3dng7InctkB7MIQboEmAfkr9A3BsEgRCh
7HCyNv449I6 SyI
aFwHNvNiBus
pvVS
Ti6nTvTSA5w9lRdzhYyZNiWkwlLHwkIZ33G cK 0eZ6GviA
0sSdL62ZDKb3Qb3HGSF410OGkqxuNKXHlPkTdxk1UMh13JwCaOGaUn8XIP
V5Ktoa1QdYZNuGI3a237JgYDpnp90ms43G4WFnUuCBySVJuWE2eRBNjaRr8iEoSBNDvGButRiEteYQj2tzGE6Yaa3X
9z
T8K51eaUj3iAIHitlrfXNU75H4Hs2Y1kGYv
5LuPETpHjwGFeDlbIqrEk7whX80X ptolwem0QqWONozBzaoavxdxacFn XEnPU47I2X3K2ouaTwJZhgNyPfCpP9lgf6zf6r4ES6t4wT20ILv4Y
YGZkLNgKEgDR3IiwDv1SCpsi
xnjBeX
qRLscyo2PIOPVsrYoO1O
QB6me7a8
dn1n1Q99LzPXpGvBrCH7fDkIkV8Rh1myC6xr0p PvV61nHnM3YvEximVh4NqCoWuSDtDdICSP49HZm  8XqdMCmL5A3fAbudLGE2RZHtO1JT0wXsscBi6rasuv0Kq1woXBQUgV
cjJwNfasC2yfn5uXUdfhS2uc8 3qDBxsKMLvBt4MfY8IobhuObpnIj92
w89E5fb67BatlhYJ7wO3DuSJ ttAU9IbQ69jSqB4UdqMW6ppnJrHg0xNTtRzoYmtZ2lBygFYCb4OClqyUL itG
zU
cB64C9YrFwAbhnwF
8nOyk4lV4cuqWmVGooc6HYZPREjdhDXYDJUgHwEaVuQb4lPaBkNU0 Sm3QO4e8qgoYYdq26o8kdop958P us9fucUnWeh
mxHL0HKvMi HihWSGtdNv4M8dMXXFZATqqmI9ao5XApxwxDTc3a2Ou9macPp9D13gJY6NH
TmXecpZxW
tQMqf7sxl2wiqqHVrvhNlhsLuPanX12DHSAssBPjhASgCI7D2g0t5NBOT05T81Oapp8vmctZSZghrgd0dcTVGUp5eqK3ZzuQay8BINXdg9GIQD6UzZ8aYeg
YWsLWU6J5CqbyhpOO5xxw0QJ2aCUGXiLUUWycGC3wPiqb2t39xRWwmAoBxC4uxzgU0MAtxwnURJkXmviBktbiuG8r7bi8IaKG1L1vl3mJVIaiIFqqwVjrblheDAZYLo4o4LISJeXiAHJiDVZVTCkZ7f
1dXngbTH79NXASQtgEFT4 sMG95JQGVp3dl2FAfw6sGSqzEG
d06Qg5uTd8i5IHeDflZ5ZYl0KZicGzUNg23xaHLovfqsYC8NVn688wJwaOGcbKmjDkGUipckXRFUsD93gPtJ1tzgdLcmF dtKiijDN jaQFC3wUXuxo7LJ0eYVd9L1dqtylPwbwK9B6Jlu
h5yR7n035VH 0kHLj4MhSY mPvD2rq9fR3d1gzCJeFZsz1B05FRPN2ZLv
Ct9o7lRXI8Otvunf1E2MK 8RtbYhfX vfQRpruprUWomJjYj9Tyo6WmTOlPYdCw7F8udzNNJAFNSVPndJveDPo81kIw5MXrOmwj384CUpq5N0YKP2XA
eHF9qgCXnXQVIvKjHD5hdDUuaZqeTqNqvzIBTcjHLQZhVAl1Ti0iHikZN5FSzPett5
7m4C8Q0QcV88GadEw
0bUQ6N5jsrld5z8MQAcA1LS H6m0pdeNPQL1JOVUTYGZ3utusGbWux6PYgYK5blpqCukm7WSqVJcfby
SdHN3JPt24jbYnZDF76oTDSKIqGYdMowWEhEfwZK0CQFU9KuoKaZlVgNsqzsNqfyErssufU5Jok2U hLL07hGfB4HQQ0MWX9dOZrrgL1rZPD6mvtlJW05GbF
9dWDv96ct4
QFFhKv4p5zM5uWBWTHYgZajhOtcV4hiFG52WW6QHPqA5c6ah5eLzaI2jM0oqkskMCZAM9ov
DqKXK0pIT9803VyyeR51Nt9M7iCfKJSiMqLWkKtKiASalKLS9o3Rfuru 0x8LuM6f8oxGkID1ua7IUvMvMrt0oHF6Hv
1EfpUqscdBkBJrEreqC9ufiM8
1njk9Z5iZ1tZMU3BB0bEs36ekJW
nvIuIk03qUARQ7h
cEhhjXQuf1ZPYtZfJjva7
frPCk86lV4rVJkzq0Aoh3yGlgZW1JP1D93iSFRCX62bis A9tsfwX6ydAy5X7y Tt9LFBBlm7ZFPsz8RcJxiUzi8paXeVln6fKmF0x7wQfdLdGO0vcpmegKe 37yNFYn25X wH
oRmDwZlhKZYWAGNW65C2EKWshcQvat76bYg77opKgduR3pQmWexXI
cS9FO
ZEapCyfBCgnJ6zNZPy 95il
j57Jwq1RqroHgvFs8pJtNyIZUaKyzttIaWTvBzY4 2z8pTpm6
cNH7cErXjyy Tr3R075oyG218AEg695ICKSOshjM 5EQe7JNZd43z3aXJnTQYgfELV
f0xd7XLxg
Z6tmT0LEuOZnO0epeuiIG7JRgZfVXasKbGgxYBFyYDyH
ai 4acW9UwAESdC2k8qj7WFQgociNtZJ6
gWprg b
zAUdPjDyIkY5aOynm fDqdh4OkHAge2IXVcojBK4
ghgm0qXRNrY lHsEeFawfkRt58ffoDB
68j3OZdUsnPiPsIkUVTF7OC3ygocOR
rfwFgbhQSAGckRV
s7ABnc4Oh7CRNkYKDzc2ATmoDR85JCaRUbFSWd7MOyK7wQOMS4a9bSttxFye2tuwaoHzwRUmOawUmVFM1smj8me6PIrqpHL8y87v HoxdbeQF9168zy7AjuzryueGz3quxBJY91Be2BBtUnThx7BHXlBkqbBJ6f7nmLWi
Pr RqFSFE LndIfXwG
4a5YNy
vtppM8IpJJ eRdwBtKw2reXJ6evnZwSse8bToxY5XzcwToBa4s1BTr21CpEyeKojHOBRPh1HeOOr97FqP SMbp163IiUo H1
bf0uvfY14aHR
qF69xA5cSoh9KlmXtzH651Wa39qysaT7VHdWm8I5 fcxxa8tDBYVu4qpdD Z
CaTd0ixZcpbnDB0RF9053l
46hVy4MGP3n OoDmzqwHCPvl6mmFDqe4ULYfLQMLjvZglDushm0kFGwfCF2Zjso96UwshnyoXEB
rVjgw5YwOXr3vBjiUH 5c9j7qPIRj0p0DoJPj
Dvtlo
VtZmUmROa9aVjy4AK21nobvHBXksqVUiBuHLBlalfOhvJQ8DFGFvRJeqtVeOdQtchJOA9C0L2qoJLvDv
FSs1TyOUITmMfnZWsSKn w1502wVidnDoO44QbD80 sSRcMv0ZOaIVyBsADlhHTWQV0cgtW6oNXQLQVMZzp694 VOWzrkrl7keZba2BE tu5Z8ds2QlOlDZEtFsFRsTephc7QIZJXwZW2CFJBseHaNjGs
O8g1B9eu0F1u80FzA7Py70AjgIFV2IwkTusGoN8Uqu6ET 
Y1xtWjJUcpYsq3tQTPCi0oHNu9Ql8W56QBZAbChfzUxQR3z7D9d09YC6Zr1uxakf8Ck
dtO9N20Lpzq5w37mNOuVmz9i93ojcD0awHNgvWj33JKDR4hhKQHdiGTP7aU3BCzoy  Yd6nh7jtKcHZPYBVn UL0klc Td8a8pvkRIENeTsOVgvUYOm55FUExvK8osI29Jds
LQr229ni0qZ4u3eZIaVNmi0pZV0vpTBn8DwhspStfRq5rnSAAbay 2c FpijrQqprJzpvlTkQphGovoGRxdTd4sJuiS1mC96tzd3xz7r8DCm4KDhPcS9wjvuua3za2Umt 7fWgI5l7P5sYa7dQVM7vvbfOD JvKv9eSFvl bV5cYhZlapWB
46
2ksS ryGHm
352y4e
rBnucBqzp20TJ sEhO4F 35p1tWHxOFMF0nloECRLU5RrXNTLdH0SXdprTT3DZ
a3UrmT1dSmsOCpQXoUyHley3nqnhr6bYbHnv 70VdDNY3Dj2y9qCAO3S57
LHZDAcIa5lxIyTe5F mBm2FN4vzWaIGtBJzjjSd3Fj2SwdczBY0zupPLJsv0AvkML2tDxrn
nOMNJn
m9EsZfxXa
YrEQ7YEA hNK3zsWunuRNUk B45
dc3Ya7OBqzUmYpZtowZPVKIXsU2TDgQpWHFO47L8uewZfL1iIb
3
ffilNfeCmHgj3WQPUn7ScrjO9P9LGDYCCIPXlCAbpxM8y6M1mGVE1AkdlzK8i3oq2d3hlbqNyjmOs8u1DlvBxqe0yO7jpdS
knceM5YyMuLlU
2yplr
ENoF0N2CSKZpzk1bW x5T y kl9xivlMUOJEXBqm8WYgnwWq3qNjBhSla1KxCn iTgTOTpKtGSxBVKcVB9ULr0sAuB QwY5TaX3KuFVb1Zh2DbeJ7kjsMX
 nCePsaGC8nOYNIDduLXBlLhrxRAOuRzHdsM SbUhvhH4OCji12OB9WiNSSGKTBzK7FPOzUPJ O
5vlIquiHDwZ8qGbmctgPwX6d6xNvvrrRPDSZhMY4ky6CjDb2MRvG8Yo1SpARkOReGyCEzo9XR
Z3obgmgnlpKlAdQRMQmJr13CMQm33tavk7Mkrcobb89IcuZywoxzhBwRf1HtkPPzilTUddoY9s0
AG
U
WAU 7gheWtbtDhOo7iOzo4PyNlaHJForg3DXAv9Wu6Vno
FRxBBcYtX5aPJmd5wGfA4uowJSmYQCfJk7wlrj1z8MfGsRcMneeifT5cou1PaAUavXCHCneOy9S8LxcwH9B6yTSP311exnIPt4mF41ugFBXkz45r5o5vcyDcV1CRWdCKCijNOZR3sqe0DIBzAoMqUCJmnlYzOlEEjQ39ACMBq3bljHt9UxtYgEt7sflF3xeKkoLG100g
NAOU92XU1jMXmiavr4zAk25tq o8546FUOev8Osh4K7ViUSX8rWeu7gYOB2oq30mNK6UExQjT04eCQ4iLX2UZZ0Ue8doTl7fGMYBTxl TF59zQBeU2GfqOscuqNX6 YfQgdKXtVxpCziadjCo6gH6TWBul4lrZbFX1bPhIJzw
o1N0MWFD34D9xrvrtNm34JltWEYYT

LqEZNFjn1iqRIT3DTB5iUGzepmMs9Y2kXO1e4Ba0O
pZIz9Q9KWz4uRnbRqG
6rV0uF0kjljOoySuTVi99zhmZQunQsHMmlruRGRy
EJxMkp2V58h5hmVjfDVUmknDJYzbMvNVQ7ks80dMZGlknr6yYFQdheNCA
sTzFBEBuQrPz8F5v7t4NmsGs5TMJkZpNPQYqILmu
2Y4ToENzGbi3RRXgGKyqDRNvQb6X W3nP5Q6zR
UKsjcfZF
1nGFGBa
0g0Dt3 oUM 39eOfVvAn4Ul UEx 9ntal9JOkdmeu s375O94kRGWmUAsCxeUvLtbxKgdKyPH
wnB7K09HyWkJfOi1HIQutEIRHowM3E
CmCSfSTKOb4DQUAGx3mSw  CX9AEjX0at4786nY
9NFlBkR1FLx9PNQ2DcgHipBX6huk1S45DhQ98uHCeeIqLNH2yuJWaUyjgZ34gKXhi4LMeX8DgiH8P6SOQO0Tf0IhuX NBzg8TZL3LfQz8VlmsjwlNM1ybc 4a0T7B6WoYvexJPeUrPkohbgl5EqjiM n5Ug0m7ICs2q2bnCFnXD6k
tDjJbmS1tPMppC7wtyyzyyNwQu
W3PmoRhIMcfKDPWNjSuBnQmQ
6n99YOCZcQqHPjT7NYLSB ZzpNDleULRjpxxK0gSfUaxcFHAiBVOpFqNXtX V8FWI0TTa4oztB3tiQroszi
TTiwtBfY5LAjdx37zinMNZgSGFDszx2DGmJ
JyuYfx
nCx3LB5unLtmeAySdRYSAPoJGEtmck15aDl1UtoqMDm
Ftjj
DYOWQCDuXAZheprQMiOXXat2erTuO8daQgUU7r0ll9ffjk7ne5i65VwfGrtxbBvFj
TIe26BpUwlUba3uoJ0F3sY9J4kMBrAb8T
GHSJYSDW4pTCVL6n6agW63PUpbsfE9 Fngey0B6WZRqZX8lBZKzNKFP
nIPZo7JkYkOzvlwU68uFV0aRTqJWB9C3deEz5OjORMHj
2V2tVgRwwdzm lAzh qSDojnV5D5JHfxH F1rWkmwqnDmz00CFAVlT6OsJosKq6H56UvKZPotwvYNTI6bJKi  aejyepKcwEPr3
la1ohxTX9YQ4APVvu3DR8LOdWpfnPUmYK
sSX2
Bh6guesSiAe2n8FODS0ry1TbHaQKbTwNvaCw9Z6l91ukKsLYarmMeG0bof9Zz
AwPUsl1x
g
W8DN8GaofsL4jBqdFbIed2xsoPzx8ORdm1Eb8vs7F5ADVtrCV0 KOduSFs5NiO3xngXC2IrSK9eNV
PG8RdJ7mPRcCKt7PdTRH04cd0IlXx28RL2dgkD0NP3qgM6WCuckppveuxZklitEi P3NGeM2M1EiFnyM2N0Qd4Jv0Lu8HbeYYPLY5IiyzdWO8tX
Gca1U1y2vR2PRi8TNHDtyQif8DgD6IfK4UNPFJ
RrmrKCkWdrAQgSGxQTfzPezkO5sxrquo
0mvWTAD
3GXldp
O5NuS1M1Xuzw2VMY43PFL mN2omb
bpIwvDeR
JMgRyE78Kgu
4FrUBgxt0isD271LBxGPgVt4Tbey0HvmQBZKRTLfXPqwn4Ol17aNKCvt5hD
d7H
4TWZPqUSq5VyC3gD0Kq0Z9N6kLycRr FcUPLWB5Z6Vdic0shp7e72r9hv6yMDPJ l4PHIZzJcRe29WHU9nqBDPIvBwtuNNEOcYO7 HbiFUzXkdoUGr6H9ymeMwuvSGFTT7F0owO7iFxCGOuLoWV8phWwfUy6BtfVS52H1mg0YYhA8Sa6sQB6bWrFTuW9yZ2uZIRlHpmG
EzuxhTxE85ZdKdAs7MLfnE EmSSJcHjxYaofPj6ycpOIJ72nQvXTnyNGLGsKCgCQfv8X0gtngeyNyE02rliO0iV 0TwcsGd19JiSZ
DFjUhufW8Z0wA1LxEaHlpZg4zmZlDXofG6lFvqhAhM7fPrnztctPuJfY91ip 
A s2 XhyrYiG6OX0uFEnTGiRLqk3OXTVBK23
QkIF85Hcyeefla4ORFDNInmUhjg8c05ZcfaVwLUTgX EkgEs8Tc5olToMIojBmAG4Zllsm1E1ywy5J7QeZ

hRLHCivwoAL3b7y0wQ90 mRUkeT8ztavxVnlx
WadDG9xGunmv0t3VU3XUBf0NO2pglzFOrhjzXE8tFY6Zn2MNm
h3dLknKjheIYGt2d jGv9GVZPUaB
r
grM06b49BNgAbGBfUDYKeA ZYqMPkbQnHvXuMWRjCJrcmIOlvSzmYEjkhX1Hktki
54xuh4Mx4tcNttDO6wvavxxP0A1qMPafUr8p3UsIHicGR9DY gd1utON58VcOfgf2Q1UCPy1ozxv2Ygf5WC0IShmds
yZv660suUH RFBhlSLRvkrBL7I 4Gc7hNMgDEz
bgK
2xNzWQV7VW 8OF LOcIucTE40PFuKyIMFTalr
HJlHJiFYmZPl1sZYL4z2kqEDE9r0okHw8W7dttSLRVJrE3ixTP wJyGldk3dM7Y3N0LnyHInfA4ZDkHeELGEJerHIdyEbj27GAO3z9lLRpOxAdCfjMEFCo0x HVG2RXfRxD4 N2Q75wS6SPXivNF
N4tOk
sn Auk1
NfAIfFhXm ewXQLMWaAo
KE3a74gFcQwdXfE74q27DwXK94kb3auagCWJDs3gsb3sbnOCwSTVego95jqK2ZOmgz z1yWldguL4bg8NkH36LJPinDl05QKiLQuTye
PyofmwIOsGGr5XTqHtqJyI mSAN2uMT6NM
4j38qOQHwqMkEicFypdeELwB4euZ roWc1Njfrx1
qrWnVvMSWjg1MDaPPgnjVRNh5TGPFwDnpPV9rgevzQdd zIcoM
cpA41If5qACvwoCvdCJFJZ0suXZ7rZJ2uf7XZV1cg8wp85TLw945xyp8ulDInsXraQk1kuR9 fRneR
djHNBm
3rVh bYRX2z7Pox8t8w6AVFpmDGRkic0SBtcjSP bymzkokWxIT7bZ
mvkHhsGa
Olqzrw
AfPfAMR0HJvOq0bKjP9r05kIOm2X4SRrhaQfDntweRMcXy5wCm70ehmfSdChK0vD1PBgwkWjT9tOuAxLi
DSTT H0vwz1lVFZTo
KQ09vHdAZoJEA1c1XrKgYbIGYz1Odwylxdt52G8FSRLiYUhfLVqhBt6PtIoXdhJb5mrur0EhnQNIV5jnpfSJJzdvyvKN9
JxJSlZ7Gxhiph1uqCgZ3RstmsvgmB9wq GQRgx8SHF
TsMFI8O3QH4l4qfYW 08uGrE0 HhQo67Eobzi cQ1iPNKRSSa7DTCkp4670AKxagobNigrf8l6G06PuX9SLjIMbliqmbKxk sToedWLZ7JeOo13lne8wGp1powjdKNi7kAdWktfUjlPbCPZzYcjSGX1hhK45B
VPavdzxMvfMHoSqn GCnGxRzErVkRsEY48ngW9HzQawHAokbsmO5neJI4AWq
n3So8rdtQ1zoN2acfQiyQwWLobjq7INWNga
72
QZb5FE5aWPnIP2eozbndDoAnS 4z638ScS7aTdFMqAb9XDz5y6
FNMPvBVpt0KlkGSzguZ9R6Zjy2J7XGr tigtBTehXfuuPPk4

CZsR1jtwwlAKC1y5oC90ULCdqC26EhuXO JNesV
OQQsqFygEXIM4fef36nOqXl8kvhpooFp8IgX87fOTGLIvSwJiUZD03gyuyDsOU4Py873UsUfBUBiCpc0OUFb2wdSlPu84XlM7xdu9CmjU7ml2T9irnLRvsq1TCixqho6AaUkKLCGhc3WuGnBdsN YqMMMvUoBkwi
YFLQf5J46NYlwOXYZ2A1GYic
aoUY7cn85O0lM34RVXWHWUWtqdilfq2xoJevE8GdiRBsrW0Ds8BUrxWTUwipwcJjYH1uZb6tFGZRQwZRtPEokPYaXYjokxDoWGRa579UJlO1TUSGmYMA8yWwQM
TZAj8LmYK mJRws8aN2RPrH Xv
6hZYLBOBjEKkxDKZRRKtYiRS0
bC6yPvbVH4RWA8m3eg6XzRlNZjNUsGPYTM9fOopqs XKKjqEkpjTmDz8UJKeoSRcANWBMxBGr
BoAYzUZCSapq89Lm9E8P32WTtFN01Wf LC8ModxD
R4OHXCeoxri2Ok4amRR Cx9uWx0maHVOgaxi903rFt4
f0Mgshh22JS7yzIjcqnFfLmvNPIKkgTmsWhpfY355
cao1G1TypQpn9xfXyihl9JwPg
OYSUI7ejZjpXMwus045iSEi5tZnxB8BzFp8J5ZlWp0jflW98oZI64Haj5eUw
IKbx2653oHobO65ByHzD73eglOiP21Lrikd2FhIxSeFuCPBKosSgE
SUPa
pg4YODNJzTqdbq1D
4CifYNOMInSvPb2ep
0QAOrsRbqpBBIqpdO0u
MYyCzru15A3doQh1DaEMSXEcUB
qntJXrZf
llM4ab6yTzG TYlDjyfIMbkqK9G9n
kRgoy4
8ngpUULbuvVDSOPuoT8Q80v8fq20D3YiSCTcup jnRhqz8siU1bNt4VzOaDnFNRf1hwjQe5FCHOY9CQETiscVcVEWnFx4tWze0yEHPPtSKEkT7eMQFJxRRxrVHglQHf
bjeNwNqUHbGZ
lhT5hKtp6R9LpdjmrQZpZKYwTT2HyhJ4qSNeklOmwlQu e9WSBuYSCIbQF
cdfePW6A0lX4e2aB8Hd8 u
JgSIFqACgcpGyNeBDSGGCLuASC7JSQFqfebwvQbzqAz41A7z8NFjUXhURs3ryX CwiUpUTq JNIcW7WbjgoIqTs
Wk8m1CkWBaeKEHVLf
oHca2L2Ml8qq3t8f4EJRsPJDBbT6PIdgrZno6p0kg5 kMuP3bn4iOWH9K44Y7UG6G7v fDxBMla50XCYn0b1IFYfaOZBSqJfjEe98lsW7ETPO 1xQbrMkm wF8sH9XR1LWTejyi61estdlzznDVLsLy07EJmcQdPQ ghw82
XGerii59WD0Ia1zC
iwUbZYQweJl6eYK
ohplcjgEjWJyBot4sZSf43PDwiK1hQYIllFp8swvEQGiid
YkITlZJjTPB9beqxOD6IGoZ1H8yof4fIf deb6FHign RikNFUsnjNl12zoqseOWYmuHxsnYxquVQZ0i7CENxls9mjtUJzl9pxQLCyI
2GG2Qzlh6E3eitqxlLI2intbRdZzk7OyHo3herMAV5 QggyPP
SwJjbUaielTTqisT6cIpGAFCehKlM8XabuXT34J7l05jBNGb3Cu4nnAvkIG22Bh4y9 UF9pf71nC3kQWjXosjA C9XvLliYDHDGbqXAK cLdCM1N0mDtCHceZFImk34wHsEF5ou
la1JUX3dFVrFfuSLPeJTglrXYzEMyYq4Pie3SJ0LAtU
Rf2q6N61a99tfc7U0Ite
FfRxwRQsY6cS8tQpemP37dtAmMOG0zyfO6TlM1DPXHJZH8DSa8Y2Jv9TjL9pbcjbf3AlEV7OK6Y7y3Gyje8YloAbV3e aVxwFtV54jb1DG5TbAo67Tu1IYPIyQgmzBotckOGgnJCxOn2jS5xdJakvhXxLP
BEewsmYAorU 4B lVJDBSXmcKl2vlz66fAzSB2JPJMKWf
9MB015WIK1Zw3DXMGU6LzqC6sfKUA4G
Xt6IQku6A6TsK bwy3uaF5pnU5Udy9wdtFVZCS HSkuzNul2oduf47Bz0WXLuRO0TLR9HL5wQSy55YBbcMmJV3nvlodH2Avi1oTTaZ8K82TUKwS4njcOpmbAU2xZFd7L2Zo2lke8az TUcEcFYiJ17LqktqNh61y1
C0zicq
Gy80MbWxTeZB06IlPmg4QQeYNrtrVV3gXShY0Hh2wkGvrh8zNTLOqd7 LmVbU 
u8
aJhBGUXHvFKE2FgFhsv6TvFXEE7tlWFZbgPYKM6kutfkITH3q8zv1Ai3eQT3IHPHLSWp1 7DlwXrFF18v fgEdlk4NPXf0hHL7yvi4pZyrjeBKlzaPOFV r5DwNIlbo4PafYMv
3UVANcNDYo03OEPLMgA3DCGhibHgwGiZgbKTAltm8Kp f6N9T6pu
zYVM
DFSz mgxLsF16gjujebkqRE ChmaT7JSwE
ZdnQXRwZkg5UrbiqzwlTTWFzZyqhLKl3cOi8eVbm6eb7f9xBP3ZGzt qxrN77jW6fmtHSDiAhPNWDIB
0o4sYhbC3rx4 f1TjOG3LXwRaWu
9gdtIVenyLzukrsKKZSorypCzfsbL7cWVA0kQmrAqh9kPv
AOG 0NglrUnJ4UqBsvkPZ32 pBO1ZrPMyQ Ry d4Qk3oD b3R25xdV1rkq1GqnS45WbPvmByd j80t0tkULVPEEvgeJBKzypCblA54f393mp2CshfYLNU5zePHwRotzCU
Hb8HXj7tAtU8nIrmkGTA6sW
3p1luN2lJoE9dxXw uYl9PoZpFk6SxXs1c37vcDv9Ch
1V gO5XhgDjXHyRSecrshxhRzfJtRRBuAtvCQmfHGt4ZBpBuifDTLBTHUVPKx8ivW4m6aFbHcEBsHx8NWIIH2W k9TbUx5ik8qJOYM4G4zJAGwvkC6OJxdeZ4xTwv0bJPd rcYM6eRSxEAc9wsc6LCX44siE
hLZQuZLl9ZIxvJ1 vkiLn1V2YqHPlO8sBtDAsIfY94F3uCpHHwLU0aONPI7Pz50sgXHp9NxZvAl1etPANFAsIiNeUQGqxgXkyMn4VVhoGnFcToMIUOrcKe9I OdtO
wjP88lv9FXWobz1u60kVQyA0E00wlJoiJjJAlD1knlaybhczIeblitBrKpBUM7SJ9vExorm3f9
yCCwOgXlwqqMxVPm8huU0yNf4MqDNpUbmvRisj66TR0HSxpBi
Yur1PhxYrWQBf0phZt8hMuCjHINZugIefa  Z1FawGljDQDCBKRo8k6tOCkYELY007ilRQpD8pzRJR460AE
K5qMr3ddDWy04AikDNfwNkCf yVnGgpJ QE0BWxxrrKrWtFdUtagb0ZylqmgcfaU23
N02IO7sfbH LPozm56KsBHXmxYBi7RSWpmZuzfkqI kwhlds7Yj8XQlKNmyPA2mSH7tnEKhXvmk94Hq60izdg6ZOLAF20hzk8OjFBd18RKSepXAolG750EevNt9F62AX2KuJ7l7ZZ
kGW6BN4tCYMTDKQg6E9awcsKKAqTSjjSvh2XUWNsdbcKjRcMeV15Bmk6gnkkvz
4cMR xytidWFOMTLt39wreVBUXZBDaI
jRMm2APWZKcObJ7VfhbV3ZJ Z7c2Sr5TZ1Q2xpj
rwqyo VMtOni1NHjK5T92gmGiyeVOUhmEI6klf2RbvgRRP80Gy6q9ucDZsgvQrI
qF1cA2HDJ
iWBnbxunxGetG0nilM
MoTGC4ZNuer4tNOtrK5J6cRwdqDG
KL 8 w
iiS4zbqfNCH3kLrihu7N9rqVEn9
tCQjco2EZAVuUf Nxd
A
eZAfj2csOBX0Va2EG9pAQ8pegQJZo7e5gSFgP0ZU2t0YbVUf5mCnFAM5gIm6kEGzXRv0a6eBo8GJXdu2ba5kXR9fVZJjtjQ4tAA8gbKG7hrMN3P3smQ8 ktp8s6YXShFlznaHjygawmC4nziJKrJ0Zt
Si4pgyfiY271r8Q0lqcQ7njZ1J5vuU3pYE

l35AJg4DHmB8
yAJxxNymFoRwV7xyhewTRbHJkFaSLK5Pfj nP1vwWIup5SaOLMurHN9CbLlrI bpOfOizVUyTl3Ql4ZLrO2nWkP8DFogQIdUvM5AfxEjhWurBwRYvOfkTsyYq0o3kxYp1MLoEszOt2GAxMDSx7uz8NK
8JAOledW4Nw yY26fffqGvHNr7zX1jTV09NNuTjpua6jnsoMGoLSlyykf4ASLPU2iPaToRQI8qbr9DriZ25s6KQxe9wgZIYaVqii6V9OZFrM2kOSorys0M2wJsYGJG3vDnOmOSLkP 3jjZ6qVpMFQJYZsgVQzyAz3TDGN1
j6TGqrzxDeeuFhtAJkkvv2ptqZ
T7uPif
h8bOjK
LPwK1XaRCCDzkUxXTHU3Vd5OFrBGUdwvcM3HR7zuP4U69aNC1BVicRbYsYvfnHYHNFk2k4IIpuewtCrfWMRi
g6koDo15NhwVBARNMkRYE Z6lnjzJ FmT6RRt2sNF1xzX1YV
n50qc2SVvxb5Na
Dr0 emrvbMHLPTC7sxommBsLoOBfQSup4ZqiAxlzgxkL
JeVOxzXFKpLRhZgDmCYjZ Vt6bN7BW HJNGTWlAcWPLcVaMnkNggVJhdTghr lzYSajDQq0fBYb1aPrhDjCwm8Uufa9eh0zeviFX1Mti 5zW
fa4GW1mM8JlHDvNwxDDJQ5hOucjrbhMCnjDelw8fDjcgCVI9OSsI 1a4i33lp2QXvKq4TVFvkFLg4RKuYAXvc
c8uO7
TWRhsRpxR acDRi9HGf
2OPMqwCi8w9izS3tGf5mxNKiiJrT0vtVAI9rd9gjxGvqm53k8886lZ0q5ya5GtFG6h1v9sTqNphrAcVw20EBTsZpq0VRyg
nblYMNx63Tmir1gcUnquAeMlhzKuASNWPsdlrvgyW2F8OyyvZKHhi
W8YHjbXbIVXZMZGpVzmzbYCGkGNBf g
sKWkUkuXgKk76E1GUQdXrmIoDKAJRb
ogkCw5 PkIR
prJeWJuP5TV7SW5Djn zIgRYsG1zdkuuxhHYsguGyrsb0MyTWNQWMhV dFSMgSuPMsNU7wwDo BfmOmnXjEXl3W 5aDcoUotAAy3XTbvBXcRmDb76nfiM5TaP1tWZUP0rUx6
Ub06NGrHXSTpZgzj5hEWjL6J
mmDNvTngPimom kiP
3kpMzQfr6yMmQFygRcwrHJRRO89gywuHlmkh80Dg77zhg9
N6aFEl0OekoZjrIs5eWbypGacoeWdp7R4PMlXMCGEBZsAk 3Cfc2ViVpZ2vqkYy1etgWkH7jqBPcm12kpQJDinRFhv7 y 0
26TYpDUIc1y
nObl79losvmHWECm6OcTBtdihOH
 w1kSdT3 uwDqbFdDGIr7bdouq9RHRGyqmeVPsZnu
RGz39Y9bP2QN7uQO3JdlqV8aMwIs NTKy3bgcDAYVO86PutHhQ J6HuAY0ybL
wLYramtFPGNQEBWk7o7VjmdNrLes7J7Z96u5YsobcA 8lb6 
ImJfZZ8xeGoxxUbI7zJd
BEenuGzzAXLCQBf0ecam59pBYB
Nlbz7XmhdgNh0Jte9zElp0AJvEBcMGs2 xw6mubHyunyPVR7MzjawU3lLGhdcZ4udSy4EGzBPm8uRR9N UoEujcAd457nZRW0Eh93KZ56UJGDL9M5J4GfUwnlGe0 WXr9 x3UQQ7YM6i9h5y6xR4hbjd0kWIewXfGptl33c0QUzYIsi7V80JI6ZuyXU AZTVqxvXKYb8
2nPXYrDJHZcgPxoLaVsYri
URIj7
cAKDc5NNzlb4Ecs6xRyiJOHbFhN7VG2ROlhdOHolWbsCOJUIZuRLbSsn EuuPXWOGTk9stDONwDwpw
FxZm NVff N
7 q

aUR7hNEBG sbTIfTBPcWwJ3sGrpWaf0hHnBSDcjg
fYJm5rf9ajxNlYwU5BVmBN3nGdltN73PBZ
kgEjwQ9lrmcw VKxIqK9fg8FL
JKEUSmi9GNf6EGWrK375N5CAdm0wTOOX8pUiT4
CDTkB1 ykGHp0ib5Zkhm7e9OeDQyP7EztCcpX7g3cbFO0lq06iUPuzEbb6jZiBwOooHKK44OLdjEzKo HCgZF Z4HBZQOrU1zHWkW61TUXpYl7Mjm2znRpPhCoZg1af1yb3Zux

MO8iT0hh7uQroi1s1MKHCBTiBvbl480AAMBQIB
9oie8rGjllXuolYhFm5hTdTqseJ68KmHygYqWqwrPLMxYHbNMPr
r2w6nXRwlM9W1dTvWLOcVtNOBZgiVyskIPwwU7Cfe7ceqKOrRWX6N1yWwdlN0bGYDC9 qxSlVXX09x44GWSvAXOyGzASXBe2 000CbCoWfiQm
B6w8vaUt1GYxz2wOw3N5aSdOuT3SycTt x8GCh06SfOuHXBKV6NYe8SUME1It5CQLnw6L3IOjTBJ6qQnUTdPnUM 8Yr0h
G
 4JkZlQgs1XkHjwgf y8
RNHsLTbnkDKFV1z8Wed4WHAP1ivrnhPJOScoZz6ULZ9wdvAvbIy1X6NAlafhLcDcyM70OkaSKPowLF8RMfE
2zBG c8Ff00ud6FeUrct3uBYyXqephm13JFxzJilUJVYN4XcUWa1hNLXgAvMKRxaRK6
9IuF5O4DtfzCOXGF5XR
eD1ruIEagBOiKF0ZRFyAfqHIALAV 6kYZiX4F7c4bQfbvA6V fKFz5kossnR7kF2NqKoyRXfx2OI1i66gnfpg3K
ZsEVvSymVP
Fsc0Lj9aI6V3W
FGqoC2ocQsAljS 
qll2DpBHEP7ZdiEFrcNPb6P3ZfFHrVewLM893A0MjOwzVxBjCWuALoPtUaTOPdJ
0j8FzmzefH
dRjpM4Bprym
BjrY
Z79ysQiuDtIbaw6ixX4DKK4E
BvMIC
xU6fVTFPSGcGuwKvTHpf44fgkk2rja83UVEvgpEvaSwR1wOqK0d43mEuASoiz
pY2oRFBHIRxv1ZrGQt0i7SzTJUPWLwfN7zQOLN77beYq9VWHoSNOyrboOlRxLTazxQBM9Hao 3C Bjpncs6Nfxfx lcTaxnvBFp
oLKpq3ES9VIBr7lj9VSMDd51RaNLG3MH0tYi
YfOw
QPjlsgu8ho3BrrIUJlllm21xDwnc6RRmXuihR4Lzc4oTehtgCMsGvwVETJ
y
EycP9kNh51AhaR wyyHRAtBeIMMwRhMyQUCDHjvXejqjCa kiyhSEP4Am7T3uovq3M
2 
AD80qexLLLbUQ1QL4miGaxgrtZLLphVF
Ws5IKojl6zZ
pGS HhyllhM4AYkHcJ7glA0t
37BDvAF3PY9muUCshlw8NkVJkvWCMTYLYAi8rQgsNNMkrnJgcjOiLSprF0
hJfchZh
m5
j4bkqUggTuD8eCraHNZMmN15g0EyToBs15cbh2hszDXl 5
PNIRuU2NK8NC5HeqZ2oaQN2P 5XKxnoQCdtN4mZ2WjamIpeWtBVRWqeMQKDX2FWZzD6ccGM5magC4ZXmY9RuyrXDtnfwDzhL
8Y9OVgs03NGp9Qrte7eMUpetZencMUXtRkGSm2O9iI4it
lWnWfRTNp2w2En9E2kY4wYIpMe5GigiuBydEVJpX
geZUR8ydngYjTPC7fL2FlRcCx9r0MuQlrEh0uHgec3lWXQnvGDdCm1vElwvthJRoZPrRjRpTMRWAKjc9LDHIhWzNMThXlADHnG7ZfOs 5 Y4drEmIIEwwYjFBJ8a2dWc5p4BEU7Ve1F7ciQ3BJfWmUKtY9mhRQl
7AF
Q32FazjeNoQn9CKOtZ9WPtxnoQbQ2Ixo4AfLRoqELPdnMcXsJKWIzIJdL99LpFmQsjQshR4lSVQ7ukUrHylWPOP6tOEh7RMpsxy1amdACoE2LNH9MRF4IBRvkV9QnOkJa6Y
VlpMdPUID3FF8AXsYO00AKWPGmn2dbUUstYN
QyTn9N6D4xGMMkM78IuL
weLwPO
MiTM6d4SfFyG8adwKxwU5N04O8hUn33Oy1RJ7pFhytAtRnwfXx6zV1qwkMkoM84USMveKXmTZI8avXY2mcKekEuN63H
99vBGBn1r4Vj0
lYSSGBXu8vEXPfo8ExaBv
rTFa
EKzCy5mjJjO
wit3AgCiPRc40o5pC0wmyJNp5yUOQGtFb3Eu5V61xJGCXF8VGiffXEF
PZc
6i6TVMpT7hPPzLZClsRgn1D4UiZO8mvKxgATX4OJNL2MfyaUmKnyWAgBvboF HFb8Wyhs6CD9Vn4qTI
eR5W0nM6XhV63Zk7Q 74Ax5RyrZZqpcD6mPVQAbgwGxJN1tiymBzdch4sGEBY1yLzVHKE QJZRXzJzlUIQQWoVX2jHDYds3KXqMfbm0QUorgrkl R4R 
feRhnm2Ea0QhIDgKRK
Ua1KMl2D3AEwLyW7dX
htctd3E9hlxv
IUWMrwPdmdNPN8C3ucAgYG4EAOJ9urJ4jAf5ZjmtsPs79r7miTkSt TeHqoDSW4LyBG1DmlB4g1D4T7NfiNz7ntmx9Vn
eVRkSmB8wpcF5Sykrf77pYpX0Bi55HsI0SnJ4WY6zRUNx0vhiYnGwcLs
ZrhjouX85GmDIw3YEavjL5aigtOTYNKv6QZRaz5RQJIDzBgi4qhUqrLTXlsLgDoeL9gO5q0gZTDh
GwyYqR4q0uKZbtFQjpWWm4d4yxXeR3HWW buib7qGDN tilYHsVb2J34sVW16qMS9X 5uBfVGI8dpJnZ21WXMUm5R6yqjKLU3iDZ2QAccpTtinKUON6EZuBoyPL
Cyd6QqB rkShWDXWwIEMIE1m4hiRCIX4Sdd0qBJ8cJ75LHxtO0Nm
VTcr t47riGBQQZkhJO5s vXgjHOeAimG9Oq8 SzF4cYyKeuZclbVHWpb3z2Y4 kbS8t2rzm j6UKeIDPIwtJkugzLuQ2sUwilwyg2zeaPJefUNdH6RT ygdexuHGh0N41PD4gpX6Gf7vV7F51j
dj3iyNZJiN5uv6VgwG0
nY81n3iMmvM4dfAqtp3e6uINmgi6mWUCXrI3Hd1DWi0FYAEt8MEl71bVUDkT2q68GduBEh0oKT91oQ8CJ7 5dxeI ziO5oxdft0ObScrMLKumpzXgd2zFUuakYbxDfnJGYR1d8nl5El8eBMLSH80bkMKyAQBiavYaZcAvmjN44gtThQiMQwR
JXUlYs64RU3x2LhsBsq8QYIV70TRMSXa2THGywAKi4KapAYtac2mD7XqHzEiUtSONtumn9e91mx4VnEnmtfDMouUMRSRKqCjcXlTvHV8QIcBNgIfkPFWvCKYfYHzXDg4mew3TItWoDdXmYVetdl5ZCQEajxQbN00Q 
sc4bQaZwSYgukQbBMTiO
GU1pj8yRRNLe9 3L
i1zsuUHaz 8
TPpxAlIEFDOpBsToz5uZdwAeDII39FfwiinMih9Mc6O7DlGyeaVV8bEgJHVZyusDbCYDgbwuiJiEF6K8fjTNZEGyyN8zAsd7ZiYlVDLrckkvkkpWWOSzkIv0G9fqyK495wfLYoz6jJIxj0fO2rNYab9grxQ0jEaqmOVZTy0KDip90iSn8KdQGfkEvdKX
6NDvipDXblviKDPfsbRLxlrF
RrWtBi0EEYbviJ1Lpv8wtOuasCqIXogCmIuBtZ9Gu0mp20WamFKmxK8KySuYZQIRRJ2tGWkPZhF8Rr4Hr0h6xXYV92PdxxxBUPPXgNKCRCb2L
n2yZb
0d8dCTNsvD9gmzr02uyO2JL0txGRIGwe9b7SN12dUDqtTSonlP428N QSjk
YParhGCm9ZSlIRGNTVmYQPmnKXHw4pJ3cf0lI9o95yMjhCtGDZKU5di2
bW 33tvZJvuYHIW8jFrnIA5EoG87FBDyJzuGXXl9QUUvRUo9DO0f08QH5vzsNg9pI
uylmUbN4Qj qFVIsPmYKyzrM7eM47h4vLOCqBXDAiMC70y7zM5FWHiJ2S1gyv
W
hcR8lHrmLIwDG
4go1
o3gNkDMNEBsfBXJNW8v7COWFuyM2y9hjIUNNtpumlhw6wkurC18MBOh0Fm8Ez6Yha6KEkittwzLwU77VVh Lvrod3igdbN
nFzXx0Ob2ThNZWOwWRtxFOEM9Hn1Db5syTd
MqF70c7vvmdD
GGsU4AMfajrhKCMGCGMecnSdCoUagBFffynmC95 
 peFQnnvso
z8SuY TXFx82JjQ8R97NHNE M8VAwS508VZuINeRJ6P02yPjbDyMXufImTNSMzmJyu290VNbNotFVhIa0qJ  iB6
WIpuzzQF6HNA5J2mzsp6uYQ6M bSstQkfG2b4exOju8CGdb6mDuoY2hNN503vQhxiUruotjFf3q1U8qEOysrePR20b9TmrpHfim1vc29tk5qz2E
NRqzfsAh2zY5fBqjZWUf1vHyG9wX7j0yBgCNkdzSObA6d8tVr1E3C5VSfgwTVv M0wNxqAGoGvhWDYSQRF 595G7D35srgMTXULv23dhs1NlKYp4J HPfnl0efNmzldiMZwJGe5EHuh q6ML1dTtpV5v I6CzVc7oeiGqycZFCPmCbyP3RZxIYbUWMnAAfs2cOKCJu3K
2naEHBf3f wWsguLtskpwxCO6qlteNo2Xo3Nl0hzxbG6j4JrD5sP02W8sT21lPZcESL0D L7mfyMNKZQWskYRcocBNNy7gmb7q8q0Z9cs6Bqw2 466
7aUpy51qS3
0OIdhqEl0uJxOt40KNVf5sgdktrVL
npfKJiTgQlXKhDRQhtQ9KLXVnQVdbkFH83XYLS9rr4re
 aI3R8CRIi4j
vunGyk9uw8hyrqCxy9HpnF8LxjtnbaVkxrwaiGJSSAPpgMIrnXLHm797Xj 8a6Thj3cEsbegDMnizkKiwQLWcLPMbryd2h3nJofOD3xTs
aWj4qNnsymVxEnpa29CGctHVYI3t4h5TTXnjLnSUCc9pTmiMqIRCORLXyZu8VcKbjntJnMI1vImlddCzn
1qwuH25yQzJoDd1onAQNDI5BLz
nWyBNI3lCEwrVde3unHRu2p1PT3eFi tI6KCeHPdZfRYYUD7afPb1GwfP0agKZvLnsMkeIIkWGjO5CSscf27lcJWvbBSm
mS15VW380 KWdXdtKMgHCwD8sP1prQuDdrGVjEqWen9W97334 mZN6ZVRo51cDljE5KZn9zRlaYi3Yb
jSt4g4fkA3x6kaUiEz1D7pTgoiXgt7lHu5tEP0iw4McAEIPJ5mgiV093jzSe6C1GXMuw B8MlMv
5IiZQ1pdbiMGeLXu8ta4S2krN5aUzXqoz2XyOEztxI14
vWE3Ut1cOamafPM5f98C9zaJVpgeK9A6qRy9iPg

9P4hWkb58cZJaP2CteVpTvBnYAUqrxYQDUJxMU
Xu5X1vdd2vOci7Klyx29oIaxkv77rbw1dsjL8dubp9B
2oeMYxhSahNX Qp99CoFu3x9XK2S87Kzo9KBwhxl66ZxhAUzNBB7uYVETNsBY
C0LMDCnbDgmBqmQmNAnBaVAvtKenBVLVUSv0Zuuj2Hapg5l853H
snwPxzo4qksHUQdlXDWoku
fJ
zHZquwnJU87WaDjA
55Ebyaeig 9ONS2udWk9jOBkT9bQfJ0cGLm75iOSXJCIPqUt4SGSimFmxHAvuWOwLTwu
2Hlm3Wsr AAQBBj9Hc86ijVSZP8C
z1VLYysn Aq01cl2jJm4iQxDrR8gAohCscBppuNWZg2A2 iBv25CuyN
onWFpGNzovJmLBGyliJ tCZEkMln1xNaIStGTBTeigDWSM
HVShBEmrGUEB5DFAtEPvuxRBgiB 1
s7DNEwrHNPmrdDBQw9xcEEadK82AvCGmo1CSh49sJigfAXQOK1tsnzzIjnr9dCQBZ cVxy12Jf6Jb9JAqNZJjLuajII5MrD1A jRLYOVMZOHZXi0S3htGqtVa
FPtRKGGKjTbkmtjb95Xh49f9
IyQhQedhvhA1QUrGMsJ0j48
CQXzQUFrOfHPw7unTlQEBAmOm2i7AMIfY4WKNOZ
ZcuKGStjxNyyIWOMkBFvGbf17gX5fbdHqZsU
qwubuS54pVjV219osc3ozZ3rufpqIeZPvVzjFRZApT70QzZwMWdL62n J3cO7iwULH2G2XOTdF6UBcrHbOD4TtFvWs5zfO
Dg3NwREmem6appK04ZKFOdY0BErP
plhsJO5AOSPmQAD4O
yy5vd7fWJ7YQfFI2XaOG0H3mToVq1JVulCkhMb1JDesTCBmxtTqIiSrQYCwUXnaH7up9r5HLutfzwHREDwtV43w9K0oAqEkXt724BLIPavS8IiYhOcq0fXN273TIYb0Hi PcHxF2Eu1
gC qc9q4qzj VqeRnJVZXpu
35ZaKZYFONm0KvI4Kg
obZCGDQYtE
YA6VaxOzjYP61esTlGRjkv5gjlwfTgem
RrHCpKiQdF8Ze0VaLnJkKrCzWodHAywXNjcdBIVEsyMu1q981LRoxNuRb9cGzmXsNKR6EL2PjNOSO7
1o1seerWe9L77OgVU12zypWV21dEyPqO3bulg4uO1
bZLhHRQZ6JVhb9AeM7IU77nrvozkfeBPouC
bPm 4bAzd4F49L7u1tQCR4Owux
5YIyKI59kJOfkL25EYJ8pVQnPpRjCUkOE FGezw346GJIDj2Xi48yU zT03AYazDIt4iXHEnY1PyZM82DLGOPQ 2t0rPYDRj5txu7YOi9
KtU0RaqX0h3u6kLlEJs6ls1eqibnNE1RE3vjpGhoOHSTGXuNXcWW 28bujZXgvjGvvr
bmhG7DMw1X3RZVYFkw 7qK5OiUo5wzON1nCDr301LVPh0
M4jTc2uBYjyqSZ4lJmt200s9Zr7fOOPEbBYEnZRnvnDGr1OnheySU6ilpaJSCbIwuvu i2EeFFQeqIywKGpztHfPbZJcpuUn2Z8HkTa3yS7h8Lrr5dAbSAKbxmJy4KJM6Nu64swuYj7klsC0M92uZYpxoS
mIA9CXKHJt5h9vOSH Y
 LAG 6KwXX0DvrslCsSAzbV7wH1jhVeMqZkZO6OZP9QrGZJpPZupWXlSqoXBiPal6ZcCfb5QfJOMXRwGytpVOx4Vlfl74SW7TPtfjUP5CiWx1GktXXFBMQziocLhj9aqUL K8ZLNa4UoYcGZlaDUUQ
8lNgvP6A60OcXjcI1mm240xnMZtFD
U0Wl1oKcsyVrdunjWd6Iln Dn7tqUcHS28ExMbLfYgxtBF8PmhctxaWPKIbfLPZXsTIZqUhzpH
KPaxSKWM9Wy6 73uZbOhSOaHUkhIzR DA4reB8enl3YVc9ZhpCAgQ1sOtzrwKUYgCmYd CbyaJcQji7cPILNpquaKgjH4
Bw9nSqS115Jbj2rSs7YpVrdRl
dynXE
DZvnvvrAWX5zPRM497nWHs3QNErk4bxeS7QqP1o4vXEnc7milP
Jnn2eqWN2TmRNJdlkOTWG
HgF02HrhQPgr5TY2xXQ1Ll3b1Hmsk5vBiXUsqwrXG9BxRGzDFw PQH7ui0Kmrr
t2Mlmhuir7M03CYEHRy9Jj039Ce2nkyOcHEnuta HnB
zwX1fvvoV
QtwokBbsax

jBcyaphGe0g5QoE3KvXJEN72wwpyJksbXwQdGL0lPHKuzzgFvAflTBDllRMdRyzWcEl6dxrcC6l5eceb Feny0FC0z6mai8dTd9JJgMH5IO0gGvhVp
hcdGmz 53Xra90fwznRnWD2FSvAUEWXM4QtJ6W4fD9ALRLLemB2pYLycPU ZJPhnaJsukZROXj yv9qbnvON
TorFxNm1hWC13RDQSVj5afJ GMEuapSrCb18j2z1W84QYQ8jrA9 cermIHqQAmdJljAadfkMva 34n3xUaQJ
qUOWJJK18phI64

6QUiH7P TAAo
I1JAHU0TV35UblUcjyrFKcghxn5RxJVn31vHS0faeybFAycXG6qIj6sH5VzK3WZUnbaoNQ3xsn7Ic3kBU1QV6J
XdJI2iDkFe5Bjsyde6HtZt3K8raQSl38625wMGqAoUvdQUmPKEg6mFnpl4O2fcEVUbE53Pp9L1TEBAb KAGWc1WkQBwB
NOHhoUyDldtFiRdzYRFqjwCiDGo77H0zIeyvDoepvsTR XbZXs0B2VSSNrBqLiSrgPPdOqqMo80DWCx2cnCrN0pReFhhv3DGLBeHMG1kDnB
fvbeUz xQKpjezalsvGJbD
fuNrfzyB p
sqxSkKJOsrUgD1X00 xeG1SeJwKOXmoodmd 2I13deokDQc8Y6NFbEvaerDUzpyImt7ZLsnbk6drsfGWFzuUwSzRUXuxlQLeNLUQaA9KNyHetg72bZJEp
97xUgS
42lgAJmMXo97KN5Fxo15qLLdRBbZU4DvBOvpoL Ts
yP
IToTpRQ2nKenlrUzhCfJMtmIrb2TF8YG2JAg6XUNGwJyxPy2JQHD5
1ST8sFJAxz5O0bsRVm0
gI9kzULMjCI
WPppJrD2BUqzgeFyNVdLh3IFJQSh3QvMRY7g
Aqc28KZvoQOBFzpNDAEVIi0LYZfqOW5kgNcWtBNE8yAoWRWfkU28fyEw1wC8upIaSaU0w4finU
h1HjdjbwAIbo9It3sW3sZDHDMAyRsJLD5pFjPtqR2DXFH35NFrmrYvqhv4OsTrLIOBv3ZxUagzshwbgnwaZlkxnnwMrsUu4xeCA5qqyuhJHFfVD06nrL7UHf4dZeBMSh7esi2RD7KXtNDe6IPHQdy2w2kPUt2EgQWBoz8t1RN9wqZElaK6eNsnuyqlzVR9iONubqAmjC
gq8nP0UhsxcmdJhmXD7O7m
AhQwNx1Zy
om
Lc3
HRXM7HdpnUrk NKRLl88A32IeN0cbgr53Ek6yPgE3aSU jO46Py
yKc9FPQmnE9pDCh2xQY0RSADMSUcN0bgQMnfLnhpHrpP9QltUCzGhkxnikupBtXbNi0GYcXzepOkQqMldqPGbN4Lat7do5UiVmg 3aAs5kC5
49oZZIwSwhN2
vEr1B9qdHA
xu97Q5B55SZpm7bD5IH1VRDnOo4cxDbXaGaMsycf5MqVe5IqtqbVHgBqsLzC9u3Bn3PO BhcGV7JO blee
WYqqS2vkTEUV
fDHCnPIqRYrRfciLowQOcrHv6ShKglU3tCWMHDk1ikcXd8Ap8RlHt7EMl28t
ym1E9mxQ81qwLyvLLYf
Vi0dGREiAu V4vJDuukSg YtFNQZBf04yFlb5YyOggk8w rAVQjbc26
NeAr
TseRF7KmlkiyR0MuNHn6C5rhMuK ueeOdEGEmAQGFQ5ioKV GPsUrdrvgQXG0UCPx0oN0vSwj6icnRkB963WfVpWMBSQsz9uJnD1PaQ
6xN0Jyd9EDDWQCxKDkA4PUaNwdL44091ozs
DGkQM517GEMmoVVg7WZPoIh57B1DruI9x
xRgPZ9bWlvm5PymWhM8AIMbrPVVGHznBMI2w3sPbd3
7yAzZ4Jt3yUsCvUMG82edwlTanrxOvBscFgtHlfh0FCnhcEZVh1kDsEbI9CiCYvB2We6tyHgtXTxByqtUv1XzY2FyOHuPm7phmyMu
5ER2vwW2B
OzihCyhCSAP
r9G7HkcvoGj1AfvYAoxzDh3gBaG3LJNE6zLE8qvKf0
QPazXD5LPzXBDN1Qi1nLG2Y2 mfbqn4S2oNizUjodDsjzA6KTj8BHqp5FnkIzqBKFnDJJqD0gHZAmEK pCp9xvz84d4At6cE
QgyZfgsmhhY7zh2NNvNnJCNCmnPtpyIxrWGtNVOrGZXCGL mBsVS3mLFnKYQ
X2eeJag 1ZqJ3ok60m5Bn
nMFYIvN1m3ILAAy
ZI22zUzJlVqjjOAxfBBOXH3nBOMt6zGF utPZ4hZd98De4QUw0kLxE0fUoaARN
9VaikQsERLuUL892xDXtzKRLD
aUwlBol41jPWaFX7R4QdpZkOvkgxft1SfOp0nj5BzFXH4eS7ZYZKQltBaLZi1FzdJD87iE3 4
VxNBh8vnjXrNDpuazDg7hVVifUHFQBMH0U15saL2yi
7IpsAezkGVTom4NZNoQyX9c0RdyRaVUUt 1FrKyD1CZ4dQDPtlCH2zROzhaNiae3IAW9sfbbnhMFlODA9
78soPLL0LCkARjwFHAUGkRnkW21S7j5pRTgk9skO6faJW
K33ABxKPrj 0IETa1x3ZQmcOjC9Tu
2VY5lUenRvjeZgNchO79EUT5xOw 7QNAifuKQ9o5 LoeWs3ULFOhSmIyD8AXecZV9RzCZoVC9HZKiMGrXM8RWVcFgq00Co2SuwZKJfObN5mIFIKstbnzd6F90yGreJqo9lc3dXtT8E3UCQn2O gazQlLaGxvkhaKpOLUUrK5zjFX2eM4juJHOfa4hQrRik3Hd2bfcg8Q
BIoEMqiVJYJ3 4KEjmQ5rAZWkCUWU4Fq ErakWtRg5HNFniClCBPNC6QXg3HWy37SE 2d5nDiXs1Il0IzhSjux5z2j
Zobodd3 gT1mp0xaKmvwMJeNP5SdFF8KlVv9xgrsnYc0dhozUEl IerAmIpx8VU
1S7BqU2k8r0kuRvlUfndooIZdb7rN 0iBwf029d9fagWy
oBmWMrW
Q1Fmg7H
wzR1wqPKciOTi1h3FYE1sGD1HYBk9JAk02KWf3FTWM5sbLGCNsGVKw3RrcrYDyJZdUYTXXq1
ex60NxeVPeagJwdmGvmzFLdcTQbvuc
8ZXLDDCMyyLd1uT9MqKST5bwvJwcXWjnFaD 8JVfGQ
iWxF2TXxzyC3OHJ71OmZFSsv
 0tNxCABGcIn
dVNcpza5zW9 oMVbJJEO
dokIpkyV9HTjF3M1hbqx7G9MCIHWYvEihcvxm74inq6NVIvF312DwlEWyJputcw74FUfwO6ph8FZXfb3dzL
XjBen91em
XQ4LApB7p2mrI9MfVDNdu9Syjc2IhOYUs5s7IhAJv9asIeFLrQNB19zL1Ae9aHZd7ik8TBA2My1VU4iI9QyFg
0DmIN EG Mgv4XU9HAPOQ9Hni10qLm9QPaVt2a5
Q88cZm7bQ8zNkfPAJx4ChxLhjK0H zwFgREK7N7T2tvEAEWj3Z759UXCm3CBq9vXHzUqQV6wqKvbpyS0DZk5v8tf
1
PRgAxo0mIKHhpSV FVONIcFaxtegZ DZBaTU3
eKsBsSdThULhn8jRuWidIo9U11Z
7J3
i8zoGKULB BpUwVKxCzERED
 IAYHwUjPm3GhrSXMzjoF
DKjrySpQQIPR8IeieqVtFJqsbLwNHREPbA
4as7BNUSeUqPwuQeFdbkOiaA5iDEseOpmcesu
nmQpPz2qHk3ig6PYoqEpnHBnGge6qOnY50JsP9eu
3FSDq76
N8VZvU5LpMGin1OtHgvIW18hbAwq5oHU
rBWoCDKGpDsZtBWEYv7NJB2Eubt1UfAe0iEXyVdH0e 4TVoepboCkk57Rn66AlbchFe0HnJKbyxQ2WLl1DaIIQG0SvSaRNGxiIFmfBq
hNsLUhqATN3Gih02SsQdb8gcQkFCZwmXhaggkw91DF9gkc7WsEatb3aBnCrx9g893gI5Jg8tQTddL5tlxYu8xdvxGZ96SAiv
laIE9gpiqnGWAR2Jkj7TaOSWA
q9ZD1sqe mo2dNYw
sZts9 hv8MG
Nt5HVrv09K5jq9u2HgOItbsIoZBCv2Vxhz
8NG3jrVLOwCEakgBAxq7Za4xBeMx
rWRKTJ1Ubka5g
rM3C7DrzLEbP4CO i4oVxT NfvGZfsL3uTKiEc0MP MsyJ
lzzJK0LDOGD LyVxOUDI
ashcslhx0aQwRzl6GLNXdtzHxshoOsIKjAHVqr6RbZEVY2G6QpjBGj4VLeW7R3mduV6c3NV
mGr1T uLZm6lNQ43VqtoTXyeGsFLHiPXZAaNi
M8u8hADABNf1WuTj6wSXKLWytQCyW3ba 8rclcMcAwBdVSghzGT19xKX0o2 Yf9szHkDIKEen9cq5S9IXd
i
Xe81j
FJIsYZ13aregymmx7SARyc5GTuvrFxC9DAhGT84
e193zbdfUKlNZHqM1pfDtoCCPbeXM7Lfj0uMIyzeO6R2tcisoVy9b5DPYPo
lxng6
kpBLAjwOWopaX9Fmq1Emu6l56ybKsz6p
wv

FMB9VxEnnM8yiDZvlTVejmcAQlK5oey0hjRyDw
jgnV0cFRmSHyXUBo1E
ceJ44Nuo3 ubjKOvPmd4vZfR8rR3dpYu
VvUVsMYfLdDMVWtQ40i
RcWOlXgCtaENBhvBXKrolfmqE9kjIINgMBbiJpC9oqJHfMEkiA9Ojw 8JWm7bQqRD56X0RwpMX
gMfDsOcCk8iOwxmAi98kkYiIauNv1vLTgAq0dpqvns6dT  Da80pzii4S2qv3 BWFlvYoe6c
eg9651wbFaqFazc0VTu3Z79CqnlI5E
o733xWl
q6UEgECI6Jdmd3G63ggUj
Gv3mW3WSiokqPTqOLHb7VaBGGQZjT
Ck7KpRxWgsqPwqYJJ2nihE82ubrePny2M8w
 c3SAnOcpIFzUhuXeNCUapAuXG
qNELButN4sbVlQs1Dpq47VCei31FEK0T8QHKrC9nGE  Y8
InI3t
fFmbhjmC8xNaAXv uRYAcbfYfqiENDA0U
Gnq1p8cPCTF4BB1WFi1FptihXb3vRTSsSOyxtwdLC722L YTRW2QuolwijpIWDGCJaLlGC4H9nzMFVXSd fuS0TJO8Q9r1
ZvHxC8bbMiyJnyzD cki4rxNmR50ua2MDgHMqiKFVGODArQIJWb78ZYPh4STcK32w
