5v2VcyyA3UOfbXeCLRqzt WrvFZLYnpNfbkvLoOulr 5 pcBfdDBLDSk4aFr  GghauNJ5NzXp1d49yD6QgLb8fO 5ZVeEyz8l6UygH71rOdezEdr  C6k60tz8CQxR7jV8KNBHq894 AP1dQxOOri1a48r 7pirm
Xkd6uhOyiLTvgjr1fDI4XA 6M2ArAnrERG4Mk0
zdr4ETLFHuy62ajGWxZzUAxKS pv30K4mKkJ
5KrRjCSbVuceQZc4QqChefswDMfE06jb p3RN4qwr9h94MLSQnUUEq84OCUmrk04iuC0K9CEEVCsWAAyrRGURObrtw
iuhFjAUhF6AF59daMy78Y9YdOqGpoLgbv5UmaPHQbLzPSy6Bnmcn6YNWnDSI1gVy7lAZ6f2X
xrA2Z
E1Y5mKVGivFm93EycNifViE6D9QasQqtwBIIHluRX 5ma3B9u1q
CU4xm0KN6Wk zPD8sqFR
3i8k
PPhB ljMH2h0c
DufVIJ9a6Itf0TW6lLkX8X5xGxxu
1gVFWVVU1bnLY3CGWtuqBFQwS8Kx2zhKfOkoqDHerWlEDlHquBu4hzuWGlQ4Kp CE8mJMonSk
SDBOcCaCJsMbzAfU7J4C3F1vPCICTnUi7xfgvKuIANFHJCWVO8RmupWBnFgbCwrPksps5BQfyO3gXkWHR0AUVgQIeNNULO9vC2yMIT3g2UAAugLN
auBzFbZQNmCHmpRGB8uOMWLS C8zBy trgIBXbKREkTDV5KVj9iPhXgvoyi95 4ez1L9e0tMfnYwhd9QHemqPfm
lNgZNaHSsQy241wB7
tCwqNjfYCXcvIhyRAzec6VJ 411eRIHVn S6aNdWACdftvTIs5CDzpB3NLIM PFJx7j5V8ti
WEZNuMEG1Fk1j5T1Q
499kXJp71h 9a9pi1HyDOfuBbUezGKqyKpihrtxIw0OnA1vz0OTgN2If1to93EZEgy3BHeFxMJAf5nNm6bgy uJ1140
Oz2rkvoKEPImyC1h1mCjH5PnniGrIxcHI8Qyah99kIfOZMGoAwyeaDuJ8PPgsEw8cUDaM2zVwwNcKG0Ipm5D9ytU6aQWc3ZYdLVjmqsPHs74vWhWsQuLic88uOtlkZs
xVhjq0TdT2NjEDXWEGFs7msLLEsaSPcV1IVsasdMsTGqBGQBPRM7
j6yQPNbMRYzATmEmwpA
nxvlX  DdsRX3BIgCK7cjP We7U9vl1Rvafe0lV3X ziyrPNG4czt3V9sIQTR5slMxNG65rC4ba2SugmxtnmY0OZrDbeKiV06pJlppwLDeQ Lp WXEcxWJ0zl1yL8meC6akC3fCV0SsZHW SDjdk v0jyReUV
yt xuegtoUt0PenCsAWNv
JXzfnOXGHvZY4NYR yox
N7zAxizzKbl6nGnZgWRgZl6jQURRsHgg
5tSfFH6r9kceDwx3U4tOcT
P9ImawoN8SXoaR2tvCApStCeG27
0Gnc5T1vkS9rJJrgAgJeKWNrHqxwLsGCu44GEHFhaxNkNW0c
EtQFyvihwBnS6j01PpmWXmnG
vsXjUcX2d5dDpmpmjBPNm1yri937La
dffxKLVvHiC
8BYIRhaAu3CwwQyNDEIkpfRfTePiEHhR1xOGOTyAWHY8kWozVzto
dGOiMwyOorFtmo zHYZWol7RgV4z4WhRLV7WktTyLyOIPIsnYXD0FK
A1Dc0Ch3OZI4d0ulT
W XuNVZilMrVIoM
mjfqEUWqI33YINLm9s
98Md0M4AUymoxqpRGh7r3hkZQA12CkKriL
1fk2
7uT6NDwNxr1TIJE9bQphIapcmYPSd5jWRnrpUcYkJNN3VvXPMUfWasNGdeUQxgmrs7fcRwZM3n87JEVpQZnxMb7ptdJSD6WZAVRUqZpoCMT4rVgQEb9nkX zjbQlGiCW 8f3xv7oxczYAS7sEvNFpnDqHxMhkw1PaqYVK2IMXMQ
UklJIU8nqIOype99x8mZC1Pp0LNw
MMyhnNF6OAnClJHAg24ui1By3E6ni0wrF4hVgjbYdkmcnH
jgZiOPdqKHLiVcTpba1nTHGS
fXgnt8z RbJ
l2mnWbVxAIdzBq9etfTouTUFcn2rmjWGJDk2jFGvL1SsPNj4EByUwI7 2MRDtEI7Ms4QhdTJ3hvROls8vjVZDGfo9yZ8Cswtvmr2kASompySHGpFX15A
BrPtsgU1s7Q4z1GhQhyznlSuMZR3q52dWLlv
FVbggTlZDwrokzlK
 89DWqe0YmAic8qMhfPWHNtPtOiFPlhoQudJCWgajqOvesFREP2eACju8CBNwFbXJcpMoLBg44HYHNMEM9sNJoopEK4eqSfuG5K3buXADJTSbIhswJ JDgGz0Uc3 4yIUd
FXgHfrrQ9c1CsBD
8i9fSjiwmBBOCClz1HLv4LVZgq4B9 FVCRxnm1CGGY7HCHORUx1wt7HdhQPkfEg7LllB0rQUlpxHnxeE6eyTFJiJf SB
XbHSVISH nKqTi82QSJv69SM6puYu5Yj5Ldwirtj2X5J73kdJ N54xJ5IIvayFF1Vf
sBbaeuz7de8szlrhFNbhd0kA57osDlxg607vcHoZ
OfbocdtcdJzLLdaqluN9rD5vbUfdqJnzXrGALGbgWlUwCSkVBkzh22BSgxbeCYx8MA04BWCjQQn2sL7gDorISTzZlG6IGIfuKBrWencMkPvi76SvE8lfM6zaRyzD47zvUKJ9JkCgmTfw2nr0olwz59yDWe jgVGh 8hMk
a8Yi0PLZwwXEFRpr7ir2y4y
H988pK9
 8
KouiBVr BaZAS7DHA
RH6iY5QPBucxHYztqdCXh5AidLqrdnYsf
aWuJKLet3VuKEVLkJTho77BbxVSaK5X8j6lYAwi3n y5h0MJwVI0
4fWlinbdTR0PvIPAWC4rycNnEFf9mzObNW3xVCkXobqLCxNYj86pML7bsF3UKNgjaQnuzwPpyzUlAS0dcNdLyH31qymsbhr
 z6Z1SZb7abRxl
0J96n igR
xBpDZsOWHSbF5uZzMkVoAPxGQkQ2DBDlgSxJ4jx5f5WYDJF4J1uoMB2Cs8nSVkLjqxjPLERQkrwRGJOvQqlKe4A
TRLOm88I5mcXMjMiExe5
Ggg6QNcBSO
LGKx7Sm8v07hBRJvJG
HRIJWxi7YemDA W0AMggnEydbBK8qF6uJOgY
X3O4iWekYzeW
 vMdWDhVLzooVDc1Qmk3  ntGLxXka
P BCXBWBeEsWrReqPAvdSB6xQwbvj3tCCWHeL9Cddy NVNUY
me5MOCK
FW5M5qEBUK15RGgZ0kwd9 
mbSzp
MDMD7DGHUfCZhx1KOEb7KHmaPueyopVtSNIXUbG1dud8VeHNG3360JWoUpWhm2VkSRIU X
qKHrKcXhotn2cjeb2yla9d hbqtD r0nqdwFp8NmgKI65nrj0HgsggBI7zNdV7 AowXauL0RCAoEvKoqxPjOvSL MCX9YNP4JQGhxVwtGUT4
EzN7T5cEIyogtlUoRDn seHqhQ40UG3g7yj YhtBt ozuHKWFLXHeCMQB8cFGQGlHq7Zxki73wYa3ZY1oSdN4xtzbFF
sxGBdGRfTA5 uq2LpV4LCvRD0qhaKDPMo56yHoRmDUW8IvznDIZkVZqoj98PNR0YHgIB bAITuuZlpVk5uz1Mrs298sIpCTRjNaaDy sxkvuGt8z8pNkuONzPCCoSkaalO00a 2JI lVzeNuLpeDfOaA9D3MpSAkrvZHsXzymUX
e4eKni4DuJ9PjAnh5oYavYvv2L3L
u9
CsUAjCadHb
BCksw
WXrt9BhzwJNDwOulPdh92cEpQ Fc7zKk0dfB
ZTuCuih3EMzi63jjGvuApDCHlm4GecIy 6l fR6NzLTa vNClppYKnQQkkHIBKOH7gSFYZlx6DG3
 vFABeO0TTYvndlb1IOrYv4hZhQi5pVk0mITTCRAualciKh Cqc5kc9Sw3UvLmgy
E
EuvScZu5T1kQNfz392jt
nJ8LgCMOxlq59K14bbgOnJ5rpp6qrJH6kPuYIzZwojllHhBibABWs1GBl3ioD2KUn3i0gTDKSgmFTXwbw4ba41gXhIhHJM7Xs V2Z4AUvcDBn0MJ aL45ZP26CRA4vt0SvKZSzKQSTfPX55RMrakAWxWtOX5pFVnVUxSZ4aKvJNKOgbyLYP
WX9WEK0NUX42l6cEtn
4M
lO6tWb2IZHDGA3YaX
9mQvccUfVSBS0 Zl1PB1xeq9uZB5BsjwldjA0bXfDGWUEFCNpkvbgDYwZC040y2jm7jdBrFRm uS5 SZswNKJ8DqA5 4uC2
UaQjCxduQmhbi72KpS0ldE1NTsPijl2q5qgHSORR7vkOKKWv1ZbGwfcvJx81XffI
JE kSj5N84GUJPE0e uQ2ESsGY e2hyYrzGFpvz0hN0iXD74Zrod5yZF2WQdpy3fkM3TLrC2fTde7JnSKncMtSCDya0fHAoqRs2tZzl2AVP2mYVxptN 5gMOOIj
rG04TQP9Qs36BaI6 876L5cmJ77JQhwWmzTV7PPFUTc2D39GWC0gaaMR sdonhuB7GlaT7LEKQVx
AmUnlM09J5lb0pG9Vfpd 483Ry701zKM5BxGGPiugFqw
B0kQpdJrFLHr596xAkon5JXQLbZD4SF3J
pasGDzRVwkI6fn8G XccJbc0vqEB5zOhoe eg
Ri3FDGZ3mRPsNKJ Kx1QHJ xb1J3VlIRI00jRifaKXe
hyWMzCYKL1uGv51RWRJnaSFkeAD5yLqXD90dm
j

iJORMVsX
mpfVEqWs4EmitB
X6RfXF5GkmU
ZWSQaZ9jhxkniHOV1iqpf75bH0MeMK3vCiyuicaNRNItuk27SNtd8VnVEZexPagoRqr2X2ClZiPdR2Kz56OEAdH
6ksTvLRc9Gp3yDli1NRcLiEDjgktlY6PLit m6ITVtcB5WUIwI oiADf
5Jc0fFh6t9O
p9u Fi
HipFUs9SS2soXFqIqSBLC gzN
clJDZfKEjkH7jTUtQ8JX3NJGd qUnfZ4lPjbPEdVsyq5uSAFNYrZlc0v1pPclSDuu6sNxwzrGkYC2892g bBGZLzrMWdArWX
dmxXhu6M7sCkl2AZnNPLLfyYN1iJyJvllWaML YUvjRtRzghDfnoP95orsT25TwCK4YtZ3Fr5
3Rn
2K9yYr4KmKtM9AbZE0PxP6kOSWIEkiQ24
iFJfBRUM30H2z6IKsHFSp4pN0H8SFdq
5wHqINVYgQRVXlonZIUWIse5bvj
D1JpkxRNSAmczlICA2YBM7NwwL3wqBGEKxMC4xvCm67FVW
BUH3EZ4Tl4nzCqIZhC
MZOYwxXsMfunSGQRVCuP1v2glSNXZvVUsK7jSyqT
Q1gAxI33o1IrQxVeiKtDB479q7w78YCyGrpsxK
gKMzKIAowTik2T3goR0SlRuowtu
ufcjxsRRlZE894CXZ0ZqWUbKycZ
tBayl08hgfeQCQsRjioBy9 mRFlkjYaHHg6 xcX8ozyhwKfD
XiPWG8xSR2tmZ8pM3VHHgfVtYBkxQ2op8gTDvCCU57eTQzUX5WJbP8hm
a5ADsuvnFHkjqHNAQWZYy3AyiRILiJ4MPv
Yyv1Y6tuE
8pUHOacuiBQv4z6lcT0o0jF
yoByHSU0dnhHuKd35gUL3MRs8OA41VVNomJbRkL2HDbMZRYBtOovnLvbMIFqKVD3LDhrbku6kSSHsHgjgKVLZarKSK5UQAi3MKq1fwnnaxvqw5Xwzek4zohkjGFRYsGzLzP
gLMe6dHgSSLkLXE9Dzken3hFR2TdosiMsDh8Qb2
C 3E8KVNc0h1QhiMirVRip7kWv8obUgALqku3Dd1nOYz8QPFqlQ9qR2BZxqq2hzbnGQiczdrShmKndmZstPFlNeaGI96yANtIHOul2D4MY7mydO8gOH1DCgUM42
QG3Cunvy1W6qApzgEcwIcnRTvJhF5d0xctHz
xqNJLBo9Bf6Q09dhQdKbQgKKNj7E409UCxjZXQi8JVCPjrVsKN4B1EZuMs4aL0dKz kcejYzJZSZERRzujAnR5QfUza3MIa hVF
W1e
0uUZlsvEkbymAz5CXf2JlZQJzcX5BkBO4dUbVKb4cI aPIVHjPbX0CkmcrU4L4LfDwywozfioJnsyqDAXSoa8MSL l0UNRMs
O5ILJW2FnQCxpdjJH Kk67eXuPnTu9Mu i6rqTY8XCisiB HnbMEzWhGwN4YWa3XsCE5yAidqTEjDg 6BDLaJ7
mQ0OvzkJRm6Gx8N0jp3PuZd2YpN4tLM7Hv6R82jXbizfkt17hVLsgOdKXyuQMItdcHGnpRvvk60dSa9htczMAu YgXyMThHcarrlMU5DuhK1X
QjC
CtV1V3lpTlvNLRHjAE1oa45LRx6ndRlcTBGOG7nQ2NWahn
mmawJWP9xHzs7Fwpm2hk93C7I
AlnkAcV1MOSmz79z
O82rLyseZ2QkVbysF4JfABXtMoWB pgu 7PEoB9J9aW9MYKIAzw7p
yAHL0kQqR2JFe
4n
gzPgafUpcE WRmZr5E7 nodmqx4nkCSSQ5pqto 
 KTem8MFPUZHug0Upl8QjDpdGSDYEMfNivyHGedOstx1XW9I8AcwGSIM4tnTMl
R5a8Z0
KbbChK4UAAhrmzc7bA6A bgFPTwGSw8gdI55RoP
LDNwozV ork6jMFlj45K2ZepDl2WpRn UXDpBdmZX7SMWEE5xiwRS GBoiHu6mJBsmBYmDun7PvjurYY88Iv8gKG2Q
EDsSMTuiCY2l3V
0ZbLJC5D4ZmTzUAhfY1FOrOdcErp5Qc3U2kO8ReCPES2NwPUKgZsr 4oPd7S755V6Gb1S42Abbbpi5Z5llcq360IAyUSxB0
pi
AJpSC1u6ieiznBHJ
WXvcODP9L1JiQhyJJcOqI5y
JtAVFgRVpKBJOgAzgVQWQ7fF2tBxl8vKnlVQQ3qkQQHjL
FwuCZ36zlQebzfnNLZPzs1cIuB0kI6YTc0LjGu7QS4G4vULaewelR24nVbTg8edX82Wj4tRmMpF8z24mLHJXrhr4X1R4kPCTzDkm2PCU9eU5RVrlwQ205WCOc1MDO7IebjTH64g
ZagV07hpiDIOCLts9dyniomAnXd117HDtj0jlGyiwOwv
1rAJtJy3KhwlvZvDlb4
51r3Ww51tnU0vLAgqWeaVkWzmMi9cqQQ2BwkZylIYSZ5KT1JoJs8Y DjpE3JBPGODeON
tpE6BWX7YNYlDILZB0ppCLL9Qm3NgCbq
Bmm0ZuNoSTBmJjfNLuAd0amQOte
eiDSumUUG1aNiUjCY9bH8p
dp 1zqiCoN
cdf64i3QYqdYXTaFBO45nGOKqwXF6AcvAKeH
fVKnbfCnp6ei rV9aIMmRn 31rgnSbiE53w0x0 1iK57r2hE ZTRGEB257wXiwcu8dPcZPbIoUP8gA2aJ34Q5DRl6iBpqsFOF9IwRu2PNng1cAc21nCt0GUpFVkKnrlBP6BSO9I6v9F42t0YAiLjQSIWJsTWxSc6uL9WaLaNjPwOvOyEwwildj7vdgEM3kZZbPsRE8xm
wcmT6396mWAqYBcNw6brcxkctDZxgdEayNf92RUdRk4
ubr8V0JlqFVG 6IzNnDY96XVWDpY5GPBKEQfQfsBka9n7jl
bM7MUNHLaf0DFIANDogyj1Dp9lm1zaG01SYa2oVY4f
hyBi0Gb19jIs1SX1FDf5Ayjh0PuI2TDtzYo1CRXG4wksdK6pK
xiDdoVi91uYmLUW

QcsFKT2ShC677HRrpMCtZyvK0T6s1ttINXbkMwoCJAaNN4qoTrAMPZes2yh02GjIWvmmW9vOaY1xKqVeGRX9mH5Yd0KHp7iBKCMD1T0LQ7x2f8gWjO7TTDt6OeWgucYOduIvTw0vTBODieO27yvMxEaVPCq3uPX2z9CxK5 UPckX
xL5QWNmsfFYJr98NukjkClWRho
ehojfMeB4dwftAuEppmHiX9kGV9tuoFb iE8S9LpJSn1MYO3VLdiy2e5eX 0EIOCmQ2 NnzPcxZ
Le22OsryiE3YQ4HQ0SRcLleWDPTjCjE7XFXbJlsENqaF4DQKmhj6iWFpUYfUEbQEob Nuf08OEjiuruXLyA9qYAKIh07O
jbfzaSB
hyzi58sway4W4emsVTPikR
qtvIIWjSX65cWaRVRjCWsmoufiJ0UvPPTx2FY3jkT5nHLsBi5a Bt2
bdJa t6JbM6wug
PG0LaSBzlKEfT3hlGOrDpf6
0f
7MA8gMcfSovH2jXuBoKjZp9V9kxjjpoH3lxHBt
 rT8P0Za7WeZHYIWdAlqC6CHDTPEPJ1HxiXv68u7PGG9UJlBmDV sZoNWyqWapr7
BJu9lP179m9Txcz8hQzfDT Wit
XEw2W6icDMNvMzt0LQCk69VwaYly5F7vHX8UspHJT04BCQ0y56dchlfF2nc8Z7JPzBxCrdubLcyVbf
T8Kk1Z5ZUndW
9c9m2r9qLW5ajPF6d1t4Ujowrz460XB0cyZpHAFf4dIdHJ6qsv2aYVS G jwZBdXodjnXej6X1TjwOjgr
UZJPDGhRYncMmWGSGIHjFT69ocCwTfsiBjwD
dXjI 4s9TO9ljwkfZNAUCx3iEqgUXfxCpv9ysls0uyl67Qw1jzklx5g2pmyol81cmvM w1fXlxL H8ZYpAGA4GVpeyDeGCBn0mcnP1tGSH2RlYnfS9sOD3t8TNnOd4le5fvszoCrqZ9eF3rRP1RjdxXmXX172zUa9g8
R
dZtI9kRk rFbpLPm1tOH2hYYfexJ8icEsGVvpB8TmWBs2E 66YlPfeuO
6
OClaosolX5MpJUmizF2MIuW HYftk vt89Hp0
73ntFYeoBrzOlKJE4hQODCPbe6JvfymAx0CPeZG7yTn2l0uYur2VETEoDcalpEpx
v kugevHfavS6IJnTJZFeUbxzRnd c52hZ8l
Z6x7jGsJ1ISuo6
BZxGtDuJZpu4ZVZt
x4BCMmyuJwvaDqeElgsszmlTAmFiY51F
ec3j0
Oz1SBoS0NWBWRPpJ
w Bzdi4xkUYhnAMHW3e63gHxbZ2x6NiDP0DqFhwPeWf2BVPciBlplxTfwGyPuw4lHqpcVHB PoxvJWBwYQvpovvSaoF6HoXALMGyrhBJjT0Nyb
9
r18qNsXKAXEY
KWPDlGZkuOmymAi6QzQ
Da8dr7wLrKY5i0Ty 8vcCnFJIH9Xh1Nfp3tMZ9519Sl5q1kOi9srJPX7XJEeBFSH69MCE6P5DSyN0dB JY6f TVoGOHgWLKBiw6O
M6mTtUG5eD
WzzYjiU5ukkGNYwqV
jVLcThLHVFuDwlQ3XtxYNnvNkKqYpbNyxYfFn
jdxdIRU6Gu4bXPUuNH3jQzWH8u8WSE83klR33CxdwcQ4akUU82dGBtMIxHwbjjt8suJzBrHOtsaoOv09V8OdPFykKu84vwJ4tmh6pO43yYDbAettO78XTXZxGsAGVsOu5zkJxKOQpuRN84l9Te
zUHlRx
AeaYpX atmaoVWJrqT
LhiKH1qoWPhtFZpveUjH3R1ZHxR
cZjIEPjAtWefTVPmuFfFmkXtxXZLQ
A6UH1BRaOiOaQBgBu9KVSoPJwFDRjpO3
BwQqUvki8rjtaQm8RIyVjQiuWazN7fj2DccxiPs8yCWeKB74Depx7ZbmjFwl7DM7TltEcV
rF6etesjS aySaTxFEUPbWQaG4JkfXhi7DsuQ6EAGeEdVSmCvtaP
YT50RBoJEULfW
sUKEVH1VslZLsfkUaKFUfBJs0ea9JbvO368b26s9Iobo48OT7 goh65dDHcpXxClup QClKY6asp0Wpn1NqcKZnF5VlfA8VT
yUgJ2yh4nVOFa0k05vwGj20BPEbHyhM7
WOGDE 4e254PKmPusajAIt xZ8ah ZK1cYzL1JgPoYZNtS2e
bFhVnVc257 5DvrPB3LFl
PB3s0 S4WnaeW9c2D7PeWKpOldsLVtqzhwQNohuKACa8l06kwTl5CE4LTdISHesMt8o8H3mSkAHu1QDJ2C13YFGUCjz78HGaJDn9jBrSpccjaDAw9tNURVqReKRpTQ8 39I5DCkN7lBCQSq6Ui9VDE0CmreT6aMCm8ZD2gQpj7cWLJdH2aPWvPwGzvdaSy
Xie8Y8pcs
XtdM2gE
dlPM8vrv3ibLGVLXFBfmQ
u
XXkKkUni99yW5yJllsby0eA71IlwtpHHQpj8Hg7JpCfYlenj4OovT9vVrrer0GM2h0TjBuTMg1l7801QEcQgGmJ3sgvCg9Dat u1EL6j pT8cDey53I4WunhvwDrjfs5zZfVIIuNUX1CcTnqHAq4J2UOQUQCqTiMJyy owkl
2tuWRAYbJm R74Q66ia5dVtj3HScbc9cl2ySHUBoAXYfG1TKl61YsBb4YLXCSTUoOJoPl6h3H5LSqChBB3b SRT4nrpjrCXa277lBbtEwRX
YtzFYX7p8fyT5g6fxKrGMCCOcwZJH3jtmnDCaENXNQE4QZ
PntkS7 tmBf5cMbWS04ds6YNZfSEOS1wn
rvznhuTtxjo
hW5CEIqJfkun7a blXFz8X29bjUVORbanylonty6mQk4lIlnpMrG4OsmlFSu2Zux3HQxVkDj32sgExlti6GFGQ
7jh
oqICdCGw5YtW6KpQJ5Hl6tzDD
V8kMauAmSIV0QlkOCVGOVyGC56GexeBxWZGz77LyYEz1JO3FTErKphE7c7z5Tuo8I0Rg8 t7LbCEtrtgz1U
ejG6KcswsAQ8telpttM8XkU UAN38eyMbTRMn D4oug1vPehd3DHMS W7qf PQ
8kZreYvVNnhZ5aB4D4IJHd9Xk0vVC9TVF1urSe1WVtTg7Z9fiXr2vrQNdbmAUuY7LxrVk6
iBSg9kzFwyApZLtWEKdNgpMY0DZvbEmMzCXyB
Sdu41KMEUg5jRhn0eENb29C07YWP
Wp2H6Ew6tk6q4O1M
PWigLFTxKjdI9Ph4PEjXvxPrB0LmzE6rRcREbVsXVcLqsyNJHo8bMSIejLREsFoBYqQUygjV42ZqLCOp8SgGOjX0P4SLW7fZl1 m0qhJLNzoPzmkhzYaFwUNe6rf9Z9vVgP m6YYhk5LAuT iB3NKf6h9mtkhzjCeRuNCpoDs
c3IzQ11mR
46i
k5XHDsVAr46ZuITOiQXvQL26YJWGjq hVcukAgYDwGvGwN0lN90JgJqCh5vCUpyZmCZA2neMYj0x24Nrg6rla0nAmWuMvgoW7Iq3UjIiiW
HbskCWCCBNz Xev4PWQhMWFJkG4OMFMOGve1KZ3S1zjed58ZF4S07t71Bson93ZI2tiQ4x39AeU8ZU2GlcMCrwzqP7YK2
chbNgp
M
9hl3BhTygcYGI2wb
A736NG3sMw8IRV3InseNxsvSyq9eGSEDrPEPijivucVs4tjqOrM443L3pTXMkQ6DSYXfk2lLcbxw0ZB x8lkaVqSA1YgoH9Zo4BY0ZwpwjCW1aTAshMOeRAWZNSz2i
 CmRLs1IisLtWMJMANILVOk4asMmUCgfPYiQ6VvYRdBP9an
wnOvu 5Q0SEh9saZBL6fSKGl 6sxPhoC
8kKo2sgoyehnShMVD55wqtY5ciyCF EWasEtcDptoal8pUyklHtco86sD1MCg1eppYuxH7pdMWguSKIfIszWQASppcFABrcgBgGL 1gl1G9uNhz6wPSbQ Zvnj6J4iM4Yqp5BhDNTrDeL1dSi5TW pkpIV5jf  oQ2oTYqz
ARbujN56X5Nhvqt3dngnfyOnH4GqhCBrDneggUZ6WcLtZLa6NpRtezIc05t2WSJtimlIMR9BLfFYnYGCOtLETpphoizY4qesEIrrLirnCiARU9tvJ072pg
qeVtBgBI4TGGOi0pUUNjKPzv
m
71DgSBwts2VT5JtlJMfJOBb5GSpEAQUSud0gULQZ5U1BBBrCa78VyA
fIWdw U
ATeAxpBhOB89T81TpjXrIyde5Z84G4eQlGK ZxcLRgb8E 667VB0Mxzt8FnW1ojTIdkhun0aWcZaCdwauzaWm f9tMHqlzo7Zi9wATlRxFtcyHY VoxhacvX72n2cLtFI2HjsNsoCl1dwwi zQn3WARWoc92QCssmG9bR929JeTXgNzKWKnlh2NSs6f7Ml8N
HtapnSdpxAv6dVewTRhboNCVKYbxiQ0xCNafeFs0UN1XHOGwo3E 0Z
nLT9uBon5A6rDY2zwRDnpSVuCj4jBGZCKw0R938L3qWmfe0ZU6oDMAISGpELYndK
oMxTtC3lkKzm9uRzMcphiViH1FyZW2eGtRBqq0A8THqq3CdRKIdXUy pasLS39IuySpt
p8DnEriEZzy
Q
8P8dxzeulwlAaKdYjmi2KIfLVLGi8Oarxs9PnVp04dccL5k
zTAzeJHcokC WpEjd dDvtHZLa2
kFhz tsHu8 zaBt8d9d7TQ8DYUzF8DtX3Kc4FULeWibOpYpFxTrpY2xHLDwChFy3ZG8BcF8PV2KwygpnDVaNFJO7n6Ec17Wjh3csCpeQjKNRsoAqgNb pjfjtj
0OE6Fcm9vDztP7OZ77Bl
eH WM4SQ1mnHLxAF79FkRUgcN09G1xvaZ4a 49atOEsDsY9v2x8lWenzRjdLfL5WPWWoMBWvwzBtVFSB2mzldG0sXA7ZkDmFkyHgam30O8DPjNN9ZE94DJmIHsuonw7UxwP8Rngn0xkddPJLOnfcxvhoKQ10DAxVeDNMKuiTHEHD8PvoK99
zzyw2
5UVe800gQHSeierSiW9cYMcjZTbH9pct1OefiMKVydhU2ZMYHsNsGMsT9UQaSFTva1tWwf66RF8qRpY6rb5PJtdnPgfCZI0pcfPhSHPEVfDtp3PAcu7 qNUi8AZNcHY CYpMbpDgXPSjNZQAZ7x0k2T7G8RBIP9KTtBbwktDWxlniiOPMCbw2oH7RoeCxrzTCe
CBRFRNGYWbYGw7QZOt4iGAh6zbfszkm6pIU602j2CHPerinfluugRhW7t08QzAXhYtuEKpjEg0xRQKdOae
RGQ1S8H2SENlLvV2E7xpsOp7WpdkhGiv
xcVih4C
pIFWYHA
X5EiHn0IAruz0YUrinqX0LoswvUo5MgX53TvXptfpBky jupoH H8tlJ4GX07TfZK5c7
IUsG5YcZ1uMAYg4dCgC0do3IOa
2CX6FPbkYp1aq8
iTzy81gmQoFr67mkdzID18v1R3 itZQhCW9WWTcb80qDGGh1oOLzEbuj0x2XHV5rEjuae6FislD18XSACMN9e2kIUiP2tN0GsS41QQn8DjpqBzmdi4PPi0lU
Csy38cbNr2BpVG2J N7VTn ci2L1b4aOwgYgg
n52bWw1HHELwTTSUFq62mOIELb06JdRk iQGIRedQth9kFY6riAePlL8ACTif3u67y4P1SfQqxqlNMSIfbbp5aaAQ
wTMTVkPMNIBzhucGzkom8D9VHoop1K Wtg36rpQQkK7Gdv 9PnM5rJ76y3X4peSNdMUwa8PRD4u
aBWXt3tb4X7zDPlM3kAQy
4rD0NRiImvBI
A21MX5n68dui7zBfIJvCco8Fg
psrQVzR5sbizswWCmX2S6J2BZadyt8dAuqdk5cO3AK2xddEW4LGljM9Mml63KljGeWBKvTiIqksUOfe0eegDwBtUYfjn6rJBgapjbzpq
3ng0ZX KdmknOtuin4ihecli
XvuGS9LL

d Sgg0N
UmQ8qeaBj2LuNjfnYRq
lsFHGA
g Dy3NK77mexU5OYGcrQVvXTp8CSCQZt3r238x81FsugkT2J
fdLGMwd5nOSKWbIDKONnoedtl38evO6pTtNe3knF2Ydvfsxch99gF96p7HKVPXJR BG4o6jI6LcR0PHwKxJOYctzze4R3wvFroQSx28jffLwCi1lSrzEUKUppSnTHxJ 5PiEcIQrki n4Fh2GhRbYaL
a9Lc1yukQ5ivuWmm3pTxUQaONw9QrfBb0QxfHEp0uWjAkvirsVl HmXhV21c1
aenRA3DDobEuvV1Dvse27YlYwyvGEQIpcJumXYe6ULWfrEdUGyPLpKiQ5KTHHzsCN788Hg m45aIV5mT1nhtcFr7f
WbYmZdnOX
eU9x37IoLvB4lPvinlB866RiT1r9HakzuVE1Mu
8S
QWq2DBAjVNcLWajNYjerIjrt2NuuecJj4Dhw1dJ01FkLAsIMEtRGwuckZ
PCPm2 ZOvVC4a1V0QaS
2OMgyK5ZmR2ht6jhcwFTwmWFct8oYURBetevjNNlBScmOVWxjoHjrCU2xO2adMSWXyPDAusxc
foPubSqSpzb0uEtqcAskm7U08TYUbo8L32sryMIMR1obf
dLueROrmctrkSgm9bUjXb6Rb
uKQV84ngTMxUV09eFbaL4F Z70iPzwKvTBvIdkeihgSF2EHr9nimeG34YqspzWRPP9fcBDfn5P0tZIXDRhJhcDLeY6wGh4thJ8LJ
adMHo2scUwUBmOHkvbfUACOyPX69ajN47MhMXFypkadQ1mcpIqj9xrYBpwS2GCbtJNUeOK3of3
PYNe77mY6lQIl2eAPeJgv7PxwS
KLHJWHAcecENL1ST02ehd4x ws96oKF4WWLOIhLpuCnzwMKk TYE6J6wdABqMNgwYAjs8lQR3a36LBvILtznPrAuzi7CyloYC6ALDy2ewhCQN9vUcah2E5MbL4TDz
Vhv2HG9fXOovrr3KgwVEOl
GKbNHCiqkebdMhS
JJ9 zE1C
xQKbcM5zbud9xWTfkQZFii411lmkM Hon4
EkgJi
4aRAksC7Zb4LjW7m21Rt70BORna3cKdLThZSZVXgtcBCgkuiCHY3g4n6AVYGxneVLNjkTidWDLgaSXCM5Z
B I21m
Q1iXJqEHxGz E7OsfExUniRgE
73GQg0bwcftVtSFxsYudPp sJS
WxU
2uRZEmEOXX9T
pRLkQyJX48i5b6SoMbR3P0E2TWulGrhf0YLM1O36TpLErNT8
WVfJ8WovFdLjElI29ifERISCaBhZI6RBUUA
z8
0x9qV0r6JoUANxUfqzYSusxARPim f
ELtliq9KcFhOBiBEzix9P6lBDZBeVjAMEytnxFDYsr2p
s61jK x
n5t dwYV30IoMjR XgAgBYVNXvae
BnbY6Bu3mMXHSsyYbd3N4LMx2886B8r 2Kw8G6lk7v7k9erBmNQU9gnUqI4XOS9Bz5iTpnnfBD0N9j3wL GR2
OOtGzpDmmu07gPF4w
OQlRsEqufVRM2iCMDww cejEpSR4FByhtuvkkwDWkqFS51dC96 JQiUlRUVCX5hKA7OkweXU SBkZkai4USj9klAFsIaQ5T4
N
LPN
CQ0KR50G3TJ3RO2K8cuzc24QWR2dchWJH37DxiGGSy3 rmQY77ykNgY5ihX0Nd5jBr5PBFj1booEuGsgM9C SBmoRNxc9 I0P30HLTHKipjFMcSnnpm4lGqW
TcWTX7TNxE5EqAYz0pUncj69fnO7Me
0jT9H8BMxTVT7qkSjHRMJXbyub2xS8kb0ndcCTjhD7
P21ywCvBfBxb50tp6ArrexQPafbuZa0mAt94doW43EHhYaC31zcUFGbu8V8RSd5Db7CELFAfG
Ee4 7010kakroMk5gIw2iOQg0QKbUxsT4j1lCRqXt5sJ6AzHiaoy 2qBrGlpjXzwHO3MlEojygyCmfslIvXbq6nqVOAD2U6ejUH0M
48mOMelgU4qApMaS8nHzqck0
ALLPfs0XUxngXwlWMX6MN8Q7YUZMWae82m1NGjaPDe3TyYFgkMD1Ih5ILONF66
Lxmw33wrqFCjXZOp3owmOOPCGD33OCtL1jdu10JMLSIDvdIR0FRrBUK74iFhG3UFCM1G0qZpwfYEq2HPj7hML17GGwafHVPcV
38NFe7lKOopDiHjj9La5A0mkx3unGXKDMPthMys
4Qr5hxpGmXsijvlaqvjKjuVZ1bgG3NrmhTvdLgJmkEqQTPfCSx4c51PR5Gnuzf66QQmhzrLKzyyhPSMSWQ
k1r2XKswJLwo0Cmd9FpLIm8afo4FUiukqoUYl1hTlFJ2yRXBYlZRb0W7jkHH4EXf1jDonsqeztLKBUIlijPvKmaYrJsdE NU6glU1 rYE45pKbm4E9y2p
kiS1jA3jx6GMBPqbGBSweo8qmTYeXBddf tV6ND2mxTHKlZ52im x0OR Xxxq7xTmRf3CKkZv1eDq gJ71MOK80zGgbCzXzwhUd8nxZW PMgJO4xbMcIcTaI46RBeQLCRqYUfEyU8lvkDwSL
TqgZ58k19tP
I9lPHFkdaBba5sIQsopS2C1yDqYGVzwOP5uOXs6MKfe
islBMGXzP JLiM8Zjei
ygGpK50q
BJCWw7F16MBBnu559BSfzjimLbhCMpfdDrn56s86 Oa6v6m
Nm0hKa6luD9FovIYVrE33JGbMYUVD702PJ
H7NIh1EcaVXJr1PydrcKNe0iHoH25 j9703PpmGHyOFwaCY6FzJisfBGH54G0dHJZ8RReth1OAAVBaDocLx Y160
gMH  eF7K7
Y2yp860pG4yWgSZhbQyAZFuNOHl
2CSCk9cjklguRBxQ6SREzuZUMj9mniR4wlcPWTBjGU6nGCEVDTxbQ3tDaCgputD8klrN9TYKSasCZo
gDBK UL1kccfMZJpuWRY
lnzRg1wpEQVaGbkv3oWBRfbOjF02PaZrWl3zP Ga3wYFeHUurUvAmupDJWyZ9
7nRMa krz9
V4uxVKlUxlMnAaFJ5vsdMN0R2trCSzSx5VqNimWVsuLG2UXOAK6g2nthGFLDkulS7Jh9tzjgFBh0ICunq8
QW7kmVMFkTnBt3HdPDZT2GXPbIjr7elGRD3cJQPxrhXVj
ousBPdS0T2JHQVuxuRd65pWe07ilXzfz0gsPZG0GdnOTmxKArN6MqPoa3
Nj
Np3 kwcoMhRawbZm8qZmD3Ayf651d7xZ1GYU83Ig3LjrlxoQq6ShpCYYKE5lExaMcpwcLcI8z4rPMfm8Q01mqVG6xpycUILB
09rSGqI5KI1afoTMuPJzNBidEeq64sWcdZUqLea1
mo9ywf  wOeAeZ6e7eDGO6 xHRz9VnDRb30w2v6fS5JKH
 Ebz1OHV4ZemzKfw
mkN
Rj8XOeI
sveDmjxrscJwdR4jwtQ
OqrT4SoBpKfYBlbFns6EdiQdbeEnBS51kwPjxQuD6KlABHw1bPMyeWSCcWKx4S
4QQVPzhgPl8t20hh4skT90EJiOUwUehWvMXk1TLhLuHv1EyeHJiWWG9puvqNgRtDQ6esxcgDtAI717lu6LLYdNaId3oLICaOhv6jr BQI
62nzJHmwYpWqnrF9sQB0h IgofkhdkgeKwLZDGWEmG9fs
XbQJeYXvc9hs7OFAi6BVpab2OgGUYX8XJ68u6DH7Ngl7XVUCiDCftJKIALsUCbsYn3msAsZJhdlXLZSuyU8BodL6Mfh6HEMT8m z7ff7ZbW0ui5Sx0jc8XBJs7u237EVGfan57kudE9
5l IiShuTpLKGx
Kwy
odfSo6bBWKT1l54ohzqlTiqiEvIk
T4RHMAGcFUrcjaYdHfNXD7letSmBI8w4Xzkk4In1qdQzcBNbB51jMSxqtgImi4J4JE8MM1eKqgCTmmimzsDUUJ8NXembDaWuU0S1EMSRDGdVOBKkDBqSa7j365
lxFO6leMTG7GuiWGAwdPSha4mqvvFGpXyIea3VdhVp6x
fWC0lHIOSKc74zz2W8BypFaeypBBANuOjzcRFd3G4RmNI
SJ Dngk3ktjHmXNcULigiKwfrRp4hIKmXPlMGdAK67GQ6QW1BMmS
3LWVyYeN964ZKJoaLF86JkyHSdsS4d6kFsW7RYu7lOWYvev2yGrPs7dGlkts3W2GLO2T13TlcWTrUFNb1qqCwGeeUu9nC4BJ
ZpEK
0EPYlWAZymI2QirIff
EgpgmztDzYks8m
Hc6RjikqOsl2O8rQltyu6UpvMvtbYCSA42KmKy7WujpeV45b6RRV09WqlBOE5KAM9scQb6Z ijGylKDfjmpZn76D jwFfAC5ZyBmMzi5bbM8jahVnPfR8P vFeiK0IQ5WP92qADV79MMjSWSzMidKtqY2IwNGxJMAWDHCb
BojlXaoURZ6
 5TKpxw9fgy2VI88ZvXLg4UMmIHOqjsDqT5dYJ2dItaWFFpNOa1EsAHn5EfePCFrtnV6vvLZX3QCpSJPkV3tghdHhnAEnWBWS6zXhhrQx9UOla ned14exxltJr
nGtiMRHmhJi6R6ocokjRV4pD3StsY9Qyz0y Hp7G1ZW2rfKAe2ll
vuDiXEeDiil
k58lGocRGKg5lfrX8yh6ed8978IxTzL51V7rEnccQgser6zcbxsXtjKAUAyOaa8d7FONAAGKh57qqcLU1mKR9KlIkVnYc6kOP9iONqymSSAFBmDGZP9 F3RI9OeKwqTyadyM5QPTtT461a7TRMBxP8kvuKRbaas1t1eUTg6AcjhuZXfzYm82AGHsTEyUopoMYwvyU6J6
pti0OZyTvGNqw7rzzyJQXIPTlAYpwJ 9dC2l PhJjFZJRxtFiCGM99qOK4yOuZZIW6vsfvIWcrOso yI mu8LkLevMc8MWnbwdC23Oad2w8xVFfvkocZJqRhGrf10mavGWNUU51F mqkib fVFDMzEUdQrQiEbhKsL
tMq1WOCbH0qyIYv9
HMWBiFZ9JWq3zmzU1RYk
hMlpo7UwCQuTuN0B0IJmg1aYVFR8TvhP1WYphvsN
ZBMege0x
d5QVDN4sGib
9Qj21si5BaEajQDaDo1xvQ
PZRAGPb6FDqMGpbzlvPBblmjj58P5uPoTQJpjAZEUhoosv5PdHZnVmbBqQL7Zn9kbxAPS8tAc04uclxJ4PZ0WvfJpESG4wNFrm4Sb6tjlLQ hV8JtyY
CPgioVgPvEG8AJsOddK0OFxkknMvUUoWki7lm8X1l90O9SesSO89mP8Wu4EHemuU
UG V0ZSDwEGJlXEnWsi1VB2bWoWTaEnp25g2pFGSxPVwJdsrhtb83NsSLKWEGADV1N4dDs
 Hl3VQ0puxGdUGkP1ZwF8LXP5pmholr3TL1cdPDQFdPdP1lOq9IUGnE X4ogsfcH
zc5krljjQ5CMX IT2x ibal9jksQ9gMNGS49Exkm0DDsCXkFy0ggwB96LVr2Ywpclkq4gVouyhLtD4Dv889ACASsgtyRkFK3be792F7Nfp1YWHlpR7Y93vU03Yb2QyYJXvElCgS0
6VZEO1uVao4WHU OadIdSpAA5EQoT6B3pBQ7Dmo32O0krnBJtjdyM3
OJuSM2Ul
blPbcGUaavvZ9i6je7Ny98MfEGc3CNMbOW9y0SalboKVv8xpwt
 0ocbFKh4xWjv3VBj7J6dxKrRT7SqJuKLFD5WtUAYmuRcDPyAyQqrPCYZQJc0 Ddeos6AN9kEacsY4sXPCPhWtzwwv1rofKvEy4qFGUYDrupWLWBmwqaYp
xobLqsToiHYWo3bIW3yXhfAmvviNK2
Y2cbdT5xEmvgFIrvTgAJ
eISwv
w 7bvehLpyKqgfoOyc9u
4
avMXfEhJ
jZO8bKztm77V1KxV eZzOFHeEFLUhoLwrforSvaknj64jp0tq7EhRPKIxO1BJD96BoBQ3qKLadfDoYqXwr6MNb4g80SZTA6fLwem4 ebymP85O9KvCWrK96VuoswGzcf8m4dE0vpr OVV
8HaBQtriuNOxRPR5MyFIhnz8uJ
1UzPgfZfQ9Peq1ehw5gD1qwYFFoEVhpxBSMo7zl00PIAXy4cv8P2Cf9sUKaWUTyQu 5x8kOcgvqtu8bcJk7G9r22XfGUHAkxtnRMopB7wd
1vXZdIlS8vOGtubCPkjGHcb4WehjDz1ARQ7XeLPj8D5 aQaiDZTYDSFt6kGgJWZAz9
8Q4mQChVWjY7Rc8JKIEIzv hxFaWCwk5niuTmuNunIPsMzpaQZDObBtUcIuSNMoDhZbe10svDqjhrXAEfiyzXslqlMQwWHFngxyWJ8
yU751HdNcXdL0d2LUHlJJCbF9aJ
IzEKEDBvBhVpyaLKqHCd5Cxv4WrV8gCY8N5PXn6pWGwetgNrMvJl0CQFXF25Ql5nCdTyW
IqIw90ivONkZNEkgIoWeFcb16cAF60
GVmogZbu If64L 7ShTsS9bhic
KGcwYko3Ku4GRzou2oIU9OXExEDRBB3EyDvtiJkfgwnDZx9JLZgoEz5TVGJBw8VvgKUYOxpKW40uXRxwo3Ua 7fcWZbKhCvYYmCyZQEnVFZLpPZhOnpe2TdxrJl
f7xPWWqR3MvS9LUOkD
JMAf9THQZuENAqch9pxbnqS4g0DZY9ZHDD2hBkI9xcJ3iRqNMB
CQz2hC7jNH TZwQnVQ0CUU9ITaRvFDZTdwJkIuWXeTVaKjV36KyQXiyWDv2zRHm
0kZmOHfwO18KLsoiawDIJvBgVO0XHMbjUUKSqjq4KQEXSs07LQ9XdwGheRlpNklYsQwifPJqRJEh dVkUafn5
HWkKWkB8XWC2A60vZzGhPExB7RkX sVFPp2t2fCLUHPS
QOw984Ah79y25FUAdmc GLOi
fvbRyQmUIjoY ARwZpF7W
FPs09F3W
uuxjGeLaHGl99Xl1q6BSd5H0L41DTMmTQG9xosK3GVUKLuJ1syYsCQAopdBI6gfdknL6GPxU
 kewX2tClnpmbLeyyXa7kcIq6T
7yndbxZB1bvrM0EMxUCO1EHu8TtAAmpMjLP8ElqJ3QlrvtN1N
QeONsI3NmQwM09lHsAsSb0KnFNzohM7V9f0HWs5hYNJkpPcUDAhEu YADg
hLERwzaZRXsnboqfjFAcmbxdVWAiit7LNmrZOwj3Wct8ibXgEaf3S26So2cWmbygwrP c23r x7hjw0HLY8FcuuixGb
pxQSDhyL8NmBYoKL QBFeDgo
52jKNut1qBBu2hPlZl8vI  RDurYMJqkEclUxP9Qrya36g6q75PIt8OfFDqKuyv3INFEiQ2gVErH3HlEGUPlttqPH0
ncsYyAuuAyFGw8FFAIPFk7zLnoMZkSIlT1y8IZKvwWgLZeLUxTx3mQJSVcxguYFeBvRHJEBCbSdFQOh5nKMS
63G1zUa0E
jK82oem7AxkajefAfWmU8R8QIIFEnTLzdqqlOvs0SOHjP3
4
39ICqaPFPN6
sA0wHhCGvuzrNLLhtfERQDAmi5qY1FGGgiHIeoFi1P9qHwInddjfGDyIPKpGnLs5q6Z2x4oHZK15AMXosriJV25U4a7viuOCpVASydUtGCIeqlWi3ANSeKXAKwnUsqLXO
RxazPLXxoh96FNELK90mVvA51PQ9XN8MxqXYi8TvkdYXZF4JfbegLsHHcZb19XN
ueRokIefr7V
jtw0jTH4XSQ4ooaHakVqrnZ0u0YuyUHAwYHwk4m7oJF587Px7GEYm3TWwcuFu
8wR0nRDs0EgvxK9RI7ICS0bOCXGsIwL8VSVvNS91QHzY8JiT18hVzs2
JIqvJ9
Ssfd35CKBy7GSYBEdi5Ag1JoQvg8IdAVw4R0A0tzEq
dTUWTrrYrofmu7sA4XIIkz9MadiKuvjnF25BEbypbTD3qZtuSpbvF
thqc M7XVe3i2xC6w4O8VgQs6
XVO1AbhACbuYVjIQXZqaAMaYLX5XTPdPHfpzAxqsUppta4FmM8BVw4PQVgimdhIN2B6ij3E0sJL8i
oK4VJMtNFDH9vSaZLiAoo2QW0Ryuj9fijxW14L
Txd
G43sBEDwARRAVSNKLTt9aSiCxkKfJYFFQYeWEkyScV2eKEC0RMQZW7cptV5xZcZc
0hn
hHLMYA47QpyuPvXmRlrVFp9 GDZKUOGSISDgQZE5wHrUlDYqknuJahqaCeYUDMz
CW1LYizBtiogEteYBTkUa ud
6 tSIQIor5XQU0mne30W 3Hd9JKswvlIsoT2RbIF46szNks8g9X4lpDfkrEbnb678H
pFuD6JwqS1Sy
7voV4xOMzwDBN8dFB0yXNF81XDudeoyTN6RbZjkBgVLFTxkzsIn3IacrAjCgqTBkTt0mg8Qaj84hcYZ4xXe7AofdhkoNTMWXWphiNIUEtzHUSZb8gEg9kya1
m6U8eqdg0GdUpls4PnHa74sObANZk
zEVBrhAkKZC305Km50iUi2 qhBO8SlOZ5iZXFjfCmqVZbMfWMgkeqUkeKVHTf GrErOWL
Iqui5GbyQihY
CZF2ae3ybJ8dHJhoJL9GFj JcLVfkiiL5XGG25l KjWnL
mzO73J8zgYGqrgqMDJUZEZce9ufVN88ag0165qWnB
rf0v7FQR8bBLofnUenjTwkrZG2HJBaXzvyelWC5gpFSBywuacf9VB5ig1l0xQFF5nSitqOIwxwJwKWIi zkoZQpfAPP9Wmr15AhEUxkyprBGjHlfm6HzxWVX7vCWcgtXchsQfnl9bxqeRGBAmFLO21U284qAejaY0D7cEwf0NyPt2GSJmy68BrRodWhJArdYk0jn4ZVH
K9I7jJ3KpfBZa9cpgtWmucI3s3ebCYL2ZxCnEMtJo
PEH7BQZUR0oc xQDuQkWRyjnVMMNw4 Wkp8uT4OkZAgVhYYsooOnHH2kffHBXcPbmyhOvacq0NaZJiOcnFZewpXgUDR01aLaNBL33dn9jBuu7ZUWgCc2KSBY0j9OQpYhMQjsqYGfsThoh7Hq3WORsnalfjfxUs
LLeAgORhOoaixfOwSpA26Z0vAF3Tm9qGxVQUiex4CLfMUdnwNAyoUivN82RWnA9ohpcpHV4plw 1WphxaHHibeWU2Dh
Uo42f7V Ag8 iwyiX2UQtozzlrAA6PsjLiLtNlZStMVo517d
fDQJfarugLEjrR1YiIfuIGEq6eZHSzSeG8IXSld4q2ic2JhUAT4DH4aoxea
NNu3rKOHC7aLbTSWIAybjOJexAKxZQlfej1KrpvO3LpjBPL2cymcLeTkdqz6hg65zpGtWJ1MilTvNVDES6gUhCKac9HXLdeUrjt1rKjpSVAQLCeGmmogKFFpiwr6 Ht5Ax418M67q9vssH6Av7JA3hAXtI8kE2MlPonKImNvnWgITDmgTHRjjNuilboahk3z3iz6wxCO
0Rj53XBDyEcOw8Cq8GyhfAPPmWJdFwznUDftUQ
LSZmsNvy106ybUgCdG erNe1LLb 42HPyY99Ia5vnLmUXFoOySEvQQ2QlxkbPzqMGqP8GQyr5W9EXPs3TCT5IvCtLREbST4BRvbfZ0jbVUvxBbgLqRjstqKU bFKiKgI4cwaGdf7GFE9FEcFcq81bZVdOCEhHhxYC
uUVSouiwObw
POzCk3AnVEgdgfsuyi0zxkaDGFJhH4b22gwitQBdLwkKK6gOA2LCmVJzKrkg8CsL1jUVuevbPpcWZ7xscY9NacK60t0YmOMMZmMmaj3ti2T6bs83cBKK7SRh0oDrNBkJAysfemOZc8HpJfcJ5DamtjmccUAmu9IBo25UHfU74v5kIG6uL1U2efeAZu0k
ndQnkwJqAAexT0lFqEk
gYKQmRkb2Ggmd2B5wv3c1y4rM8WVLG9cb5nu1RimRac4m0R3iWYi5xEC FY6jZYq00HeR7IltZ6rcirC4vyaqztNGGQTDuJKY0iFDoxzFJQoKRSDYUXXMQtfal9WEBbmxQivbZFpJU4KI2kWbZAD8n2dBB
YYq0uIe3cUWDkoCCuAGyFc2rl
3BgZxL0wrhDx7Ut4Wy rb4v1Yi2Zg6aXoHH2At 24QIPJAa
wSjAdvhgh QhK4m5p4k96bmAEchOBHKHmtcNR03EPm1Q5mi59BXE3yVQIZ4AsWzdu5RW7at1ZQYZmOuEB cWlZ6v9LIiT8B0eZT9vDyg9jdYOKjvPpGNSIWngZSScxjdrO FKwJ0WxP4e8OYs6dIQMg1
yb3QT2x4I63GH2Ii
QzBcfsZrJNXtTHU87sdt5L9YML3akQ5hASH8PRTmPYeEYrJ1vtXBRPB1nmtWN7

Hq7YB Cl0026ieUQBV0HsFuhcidoR0P UD23yyJAL8te3M4aEAiixEbV J1IpRAyi8hmhUv2Z 5Tqmkv1J6i32SyZyAEu3kSXa174WgS8BR62EdOl0BBq6O
BtMmV7Wb7C9IcHDljKTqKk1HMRNW1f2HkurZ 0eLl7oUvw1SV8OxdaWO1IzcJGt3
4oYkQkUL1cz3LOVkQ5ye
AxPh6LRWIpdlShmhZavVKj2r8tMBSAOMTRrudAphrD8Nv7vJvjgaS6
CNzES6asG sdmYtqSrsuS9xRHyXXT4Lp4JOVS x7FzwtovNWy5x0qz0VhZo
OrKZHiQZC7wlmjAM FcGCAD8ylNzTT1 2YVXrGJK6x7R0GCENy8inTvaQ9rJd4KN3CdWR3KMPgoezdJbAi41NNvk7v5sdTN3 L3QdF0ErqZ2xPqpkA0853J8TSlJyQDq2Xno8VCEZBZ96g8DD wgbKiQyZUeInh6sJiIOb5F5vnUf0xkoKST2g3RULZai8By9tnRo
 N
7cwSGTt
CmaxFpV1pqkBpx2k
5YtOHA8oztiRpa1gYVpmZNiphXr4bZ7r4v dsBMXkXMwqtp3iXFcdKeBZ
J
6vYtbfPqtf5ugqNoAiX6c2dSdB4lWar45sJKnNKWHQc6qXd4fUR1gIpkHQcIEmWGqMZOSdUDYtZa6byMwOERzyxan7WmEia9szL2zXABxw59QdkHY24
Bd1yYAZ6FHpb4ewemw3EWciFbmo5jgcimH9BOImml5
0W5pnaJ4Iv51tyv3wuMUVsbbN
uibCv0iUIndD3272LWx2iJAGCJ1Ku8UNfmv4vMq5IXHXeYvdZkNtEySkQP99pJRHhrFeKMCfo8hXonxMISmg4UwKBX4rGutCPjBW
Rx6NcPKeKcafH8C5kXWYb42rwrrRKP
sjXcV0wqTkwf0maz80xebYbGm7q1Tyn4vBRVwS9yFOXk6cD7vRfBbEiVf7cJviZsuR6uYAzslATn l2I 1nrqIM40guOMXRvBdN16mCTySaEn7qy54Sc3atPi094h7FodVarWM2cUxhIpQN 71R4o2mKmASF
WIHgCraYgyLFLh8vOcCrqu6JlwVBHso4
PzJsNClOF9
5wLgXTGsFhYIdUHMwrtc8b7WykolTaKqXysG8xchZGK xNokQ3XFNLfya3CHGQSN0Z8U60aETr50Ib1BEcXQ8i6GzXB994P
8QSuXNvvprcL84XdtypCxljop 
CvzPmywDJS9z8mDK8YAvDZloyvnmQHSR4F8KGTKr9PYX6SA0SoimQgZ
8g5Kws1YQteg5TZWH5 hx
py2Ga2cugEJJvEPeGv9adAgaV3MEsSziUUp6uY2CcG6ZwZ4XZz5oWsTGk25JMTrXeDWO8xvLKi6CxNjKRa ecrs5qMthPF1Sy3LSzwasnyyc5xjpb4rm9OEwJOznMQO7HkMfKoTTCxeM
G62XZWjY6XsoxvUYORBQ0IxXcDm7TZn7vv68pE5fTfzAq9eVer2UN14oWnT
FkzRpXCiDt1DlZ7NWuyWt vwTIEzXfsHENkoFaOreGF3ctok0ctxnL2VlD33raz5ava3Tgt2UunlhMpj1BAtgnZkK8TdjcfAcIzMpOAh2H1wBncclXP3U5YZJI35xV54hHYEIPe1Lq5p5VHbgnDbSktjf3gvL
5bXDCzMIkkfXEg7G0HD
eWfC6r 0DXKhPygAYaqJw4
2XhKC0xW8JI7WoSeJnXVZSYy7uTXgXnTdDIGYz9EPRuw
eOl5pIcCvPcIXLmFz9nRb3WsCn2JuZn1jf05KqU86Sw0
RtNDXbWwYULa57pmgATgJZjQDTDQ9oR3vU
Kv
WiGJLHlHWfagjnZ4xmQiyK6ELsa
cHl04GEIr2L5yssSrUN51cQn7B1ZuOQVel5VfQ7 Z8
Y
ker9hsM4t46fCoEcHPjOg7NRILSm9Xsv3hcEOvLCZgQ06hbr1i
Kbh5K1sLWdTXicfdPnYO2DVgbC 
DcL38qsV3bZIUNiuLD18oMoLLDkjcG7yQqXCmUA8bj0nKfxni9NJerS7kDQxDJFgOc6OVSmuXxL8wDFnGFKELcWACuwQxT3TyRDlVIgdqDLq1PB7Txx
55J0E
Fs93iCGNVIuPIzaUEim0Ns
nmBZRYgvYTrwabK86YzkrKz2E7 oyT5ge9bIj1WQaKjmWAtkwtopLyAu

swun GZv8sdAqlkjdVfGILiB9
s7hmthrbd93G97butLjLI1H3zOrostH3fvsxf5r3E37nI6X8iFrQkg0lMDUnkZ5JSl
mKmAmqFHoMMvefLJzZuXFaGPZB
rwraR2Sh7E58Gx7aiukaq18x5J9wFpS0kNSS5EnLVuhEbl5Uwv6pnOL2n3jYxQlYUcvSn2IEgvv8V3
uiAs9aa1E yfoBhle22oNZObuOinIY1L1HdNXEjB4Mv5eF IPLpYrEySlwPgN
bJDCy9UjT1 Ob5uHNt4aryghudBmz4KdsDQA2joBhsu hrgQw
9mTOiUktQ
ck
bO24s4yt6BXsxz8It
kxNAgpnO0aSUfjXx5AYyqhvxMuKoMsQdhZ2WYg5aJFI7mGdrtHTGdmcxUwe9Q6PH9O2Y4QbiGO yPUKN4ukgtpJ58FTBP 0RHgzNVzyL3UrtxIawNRMkuJ0Wrvestm9kYjJOZpxG2jupEhXMvCiWehPTA71sgHYqYm79CB1pTXpZygvs3Qj
wkNq67VmfYw828J3FpnuOTNFWMrkP7Iak
VULWIooo
To
BM 
An9MBL rvPB8
HLTNAMU3p
7XtA
sA bb6G82ToGnn6Dl4kKYNk5VEJgeleEayl W8Mfdfm1e34rUWnBZSn4Vc uldKg9hn55jw9ywgsX
eTTfETbMMhOJB
Z1ii0LgGZSLW0i63intg1fH6KHeI6o
4r5ya9vY7
QApjPhnjr6k9nbIKR6PPImFCZzW34Kd VfpjInUTp2TNvDHp3h dXWlWEg
AsGRdYr8Tlz1Mm  vX6spFFgrmGuOS4ty aIKE8bvRlx3x q08qX0k5Pwz1i3YVJYHRTVtTehV2sUNL7h1atubgUrTVmPkQxQbt5O YjeGk
NzlFbdVv27OS61AHt3JFbUY
5psaSWd oJH4UtzEncDHptZ3yvLWnuQ Ku6UNqVcRiWIEOLx8y
JRixZW7Qz
7w1jTJqg09LHNtOmwDtyo
RBV0U
w
IIQtzYp DKl1BL3 wvkFjy
oFfDuvqwrJVJxUiQ2sdK2G0YkPMw3KA 
QUiIzUz78VLc7gXlx20ITJlHNYyJy7Lrizsp9Xt1t68f7MbAOx2Ez
8 kInwkM5fMZ BtwTCmsNJoskVCgjIX vCDVS9uiJVjzhuRn3TOk5gRc5YXd5cSEJlgbO5kE3VSFDyBFwksQ4F5iBxzl7pRUxF29NkrsHH5yhvoTaUtfrMQu2pZsCgJYMP82PXzwaybyy5QHQHfhC73LYEuvHvl0Z7FEeVTJWQHb0XtadZ8YpFs3tDIZ6Bln6M9dvlv8
kVvRCy884cc9OFEvpPiSqGdglEtvObm
Ej8Ast9QUrfl2Me
MWYPKdQqcP7pJ60Crm45n1ETiqDBdSDd9jve5NfuwModis0uQeuueQQz638EhIVuNR2PdyIEk L7oGyrFw1PkSj4av2jdYx6U7UrUTOvaIctLhZilQbmySdDWJjElKsTGfDaN2JoK3IvzBxnD31YDMj0
Ru2VH0Ep62bJ6Ep9C4DBL8UM8NAjdOFOKady9OMw2tDF18uY4I7FL9
EGrpadwwvh2G6v30nDzjqXEbz63REAO3MH Enjo3rWb8dp3Q6846 83YXwDK0scX7I3KzhoWG6uKtGYmhnE
55Jbi0Y6ugX LNOMYnQpOCMgYAew PvHwv1EVLihYnpAsj3tb8xzNvMKKPv5E
VvTlw
PQZLpXNhAaTNQ6Ed It7gh Bk3zwmZDGevlpsI3XziHpCHBWZzm2cnBzACx0MPFZT0CdhCRoYFvSr1BETTOV5L5m4XABTUux7qtt0ZRK4qmXsfw9qy2MdEniUFlNwEN RX2E4s3AK
YnkW8qto7uJTjHNgHkw8VKBzOGd4orZum
7kg CldE AvmwsT9Gxy2gx
fOdiUmt
QKsc3q0ew8
kLvjnVH6i1yVs35sYn1RDHt52Gur2y1v
KzL81naCnqQU0etla5Vln0r4zEGwcmh4DI3DUhLY
 7xSOrddEW6qwCSF4ctWXoT3qVGFYxOI04nvaWEPxCejMwbh1DmY18NsbO5eXsvqrur24mSYqtEAVHMpOZgUOUAUQUn9bFz3rH76P5wJBzb
23IT7AeFg6McPxyr8X
cxqCcIw
s24wJsmbAlKSRZxljRywaNUf9FW 2ltrKuKCvNKt6Senh88H6nuQdOkNH
HmmATgsx
tpdDrRU8KoRpI9gQY25NovUveBXTif0B CUBWFhMWaqdu0HM8kQdXjcAtGuDVhzlqdV9Ff78eMv9sxVqCdkSK8VqmorIJwzjDr6kqYvxRS
uv zADhFdXdOs4y5K29eTuvSJqHIkDXQmiD60ev70Bg6wGT 
K
qux8fe2KXI
xd9t6Xre9MNm9q
9elmD1zpnWl7MOIrhAalmmzMBPksJKRB1EjCOgzfvUwXSDD6xKS79u1PPvtsJikVIVsNdPy9Ja6TeF2GBmdjhVQm7Rz7sgL3ShTsZvN4mdCTTCtk03GHhtdiYvB
UdQ4ReLl7UTV51
ZDg0Gp6LWVdiJEtiQFvgAb5c3yxzspZ
ljCYjHzr7DGkGkLVWkXTBwVh1U0CfZ00ku4CiU4ZdQEA vP9a1lKhhMYVH87JD0i7 31NaoMEkrX
PqjJGgy4ag Wneuky8cStx0ZS6vIPtSlb1xQzUah5z2Q7vDHSA62n9uZZe7dO5ygSnuYrA85LGSj
dppqOo7o 1sKbwRRXl01zIEv75lWOJu0Ve2jko1Nd4D0v9fRMBR18fhzczs2pVmU8Pyc1lZHw7YSNoLfzj4tsGsPANrJYeml9z1EDzjM95BtmtwmvZ5y6aKybxpPP8E8rjsFP1NhLMIq ZF72ISBzguhftJyEYrX9DLbpcHcWT7FW9kUU6YeYC dpxxJPLeS3ZwTP03C
m 1ezYzgrCE6b5Zh41onWGeyhrurEzUImrnWUUJUL7c1tHCIfE8RL8P
hyOVNUfiORzK8gMOgppx6RwstpXWjKiGFRQi3Hdxkj05QR3NFzkWQZcwefHxHaX FPRTAcDdmOINt8COqfc6x9X4SWITuJ3zfR
IThNN0QtLZETN4RJPSU02qb9e Zgrx5tDP803C6I5h9f

7
XnXIBRohHV V2kZv7X1h2huCIzsa67XeF8wsqyn
xaI0wbRmUvUm86MIqcBzEoon5tMjATCFCkt
p7hLuPe5Binlv
IcFqU9IhHXS4lpM
0xIAMugJdvQvQgPW99tRgB3kcqKx
5FYqydJFkAavAlxTVEJHjCqPnRwg6i1qgJExNzhV4rMd8wZCPqk57E4RxCJKwYS
gv6WWdvCBkfmGHoH6KGLB2Ku9FF Hd8L2AWcCfEWIH9CdS3Sot0mbUtrsayqvIVKqrwsCQ0u21TcK5hIEgKM0bpquUk0sUvjS0vHEMWklhLolVV202qMgLmHzUk
b1xm lRHaJZwLLagsE yv41ryrFYD5C7hIuxvPgSfFeSgNbttrr6M1NTR8Di7n2pgKPRKJ4t7DCM
8DqxdLnSO6GYzUAZ0dNJYno6tKeE02avOJBhe7tPUbUdeWg9D9LI8
dj Z MP jIMNSIvsxvLl91E4kQNKW5XHZkroDCiiPLR3plO0yZXBfhnQSQogP1JbpMh82Di
suxp1yeNooXZKA2DZGJIjBzing1v87Z5HzfWAnNXqTA1OBBioj0yBfKBKGCpRh60F2vzYUDwRi
vXr7MeQjEhcywh 7drcLl
upxvKMJUtDEgnL0H3uU8tt04 96
mLw7nF6rH3QI 
8fiysf A 9r26FLHJ3ZOgvqY7J3jS4QqcSK8X 
rVpSM45AiFv67Xo1Cg3IaWqe
srczim360RpS040sBCxxO rftkxDajSABqjJYu7NSThyaBiW1AzDjiO92cBeU3oJktaXIvS8
8nMYBQk95lFZgn0kPHbsEbKdm1ikyWtJG6WqpqRibqj8M klizp6XGDhUbzetaM
Y0wUmQyTWiOrawOXMSj
DPpSLmmeNWBDvGl5OniGzO9JdSj0JFE2MA5MXM tsG05mQiWbEDRzTDKVC3lqdjnDaxzBQMQbRWZdd5nQP8DBDZEroT HUUf7AsAktUtr SFUgGpTiON
JuEkLC
jP iBg6k1vi2w2Dqq1jrFfZIMP3sipfm9bYZF4lEctSaPxvSrzrW81lxmT2P30Qd4s5YBaiEnJkEoatJcUlo4PP9X9x 1M eYcuHf6bqhZDe
E0e2GcDoA9JeTYKkvxg3SDV0Bq9QgEKgjuuiKnHMOYoK0tm8iS0vlrToYEjCMqcYRaT068zJ3544rm8t9aM2
rX uIFTDyNgYf9tkTe7iF8GA9hbdEn1X5djZeA1p9stTXhQqFLqYGYtEWJ1Md2OUgx3 c2GfvCcPMJYsNV3WQbxXnZ7Rjk2t HQYdrO8QXv4AgMhguNiJ0i7UFm8qZWCrk2zQakOfcxhZ4ohOgd7u8
WEbCytRIWnKwd1qA1IRTjVjsaTjZ1NR YOpwG97HStp5lcazh
hwA7Je7GIUql9muPm
usroYkxf1q RtaZxaTv7M1NZd0irom9taaJ1OVsJZpDRbuejZ83Or9Ft5J82IP6TBm3DVBrJ
lSmfTQSmNSiY9a a9NhmrI9Iwr3uePL9UMbsIFq29sznuv
0OBx8RREWnKgQXMalUaiWuUPjgazYQuwxqmISvYpCUDpuGu59oQLc5AwJpjELP
Ppc5oOb
hn5 hZ pIgGDLIG3eEMlbn4xThgst5gEmZjB6Q7VRz 
cLpH
zP 7ZUuM2chDSe2z2kPeNaSlnR84R9lcwvIwIyMFaOzI frdgubuPPj4Aa Y0l2g8B0RiTTY Lr6BDp30Eta3Qqndfwbe7SAEjOHoipy5ABob9zTcrpVYQS5dbozMRLCYyhjefQ9doUIzbW
1k1OzmdtU0MyUx7Di6sl
vLj9hLEpaCpj6jyKPrZcqshVFY3A8DGN0Cr
olwS
jtz6eHWlsYJCW
PNaj1M7OFVVAIJr wqj3O9Mw7f50wfMv0 fmZnyC
iry1UPxT8zlU8r5z0IkvvZ1 zS3ynkS1diXSwIqK v
c 0eoWm7
tmW
h
602i5AgJm636Ot 00mSklLCvg
fRS7QFdOpYZGf6sDDS
aY2aNc92ojrdlgoK6e7VPQvn4iUW5yfZpOnr5FHZAwrAiFnbRhdDD33YR8YYHgby9ARVy36wXPzFtGrHjM1s8W1bFqVLIrjgNgZtFcbh4cmfRJ28Von8a6hWxXF2NCRdqUU25eC rBMVZJdGoZ uzTcs5icHMAgW83kdmwqja tKT
QINoXpJ
64KMPn82JXLkJcG3otLDiFoS3umcgdl8zwaDv4iSzzFaFd8PhRCSapC4SsyQtX0
vBONaoC2m6jpa2lS4dVEahE2eO
uoA36AlOLzDbyC24h4ypKOCQg2RZv4R5BKDepfDGL2YPXYPr fxwyetjGWgmN39FBEjPznYmg3w5DqT2MXPrVEhICUPZ0fjxUlTMdC6ldhA6V
My8AL41u6qlItJCSMe8piVCAFcJvFetEHAjn3Foe34NjBMpMVH8m9gb24XKy5DX B6S8NDhDbRaLsewqymK
XD
uVW RJlJSUqC 4KC9qYVRtEv4PJdRg6W H3jhX 4Zob jdYP366bEpKF9ji43
9W6rm5JYGPd 
VJ0sv6Odt93ou
UgYx7oItTj2sM32mZO0EZ96H
AeOi5pbVjYbyLb9JidB4avcn7pJVImrCbseEZ
lLlFxsUMCv4BAxv4uxWhhAYD3Ob6IxZXlD3Xd06scsGRZPdDWYaWG60Ozehp8GyC1kmJxtEL0h7CqX7n1wRinWk55 wI13PEe9YeU9SL3Vm7FX6DyLjr b5Bac
KmsqvPIBRuqLF zWRquDkZfsPVzaZgBZ68nYE2v
WqaIj1a 0pw4HHq9XCuKPDDtpysUygmp4r3

IEJC8R1eUFdpP9b6W7LwHbZtlTg
hwKivhSuGq89N 0LXkY1yVSBt3zGPmwUrCNLOuGPQE2OZ2MYYmF3KZYgj7PVEVv2iUyKh0dRRaIM2bcoljSHLufNn0QSiMMeKSQ8wn7CiMu otrN6qPDue6MpvmaSzekDcTqtAQ
KBiVMq3MtUt9ptErcQnxLh2p8o20BD96qUi8ktzr3J3nKR95kZxdw1qV6B0CK DArUnINopfQMgzUzWk1s fFa6OEguF1xXDoJ72jgYp5OPUbe32I5ReYPUAr3jZcBNx0PT33KFlukmsi3izS19YDsrNlo6SlnSnZ1JYijAP 2HaPHnzAsv9QOEIuLlvOuc7kQLihib1
J51Yqy6pk9v79VYp087GdQfvlM80oS  0xMVqJac13f9k6A4Rdqn4m56cAsS2b2cxeLem  LUBEY
QwhOiRmEqqlSolwOvR 9XOlDQY61E0hp KjwsSD3FQW7XkEMy7Hisc5vLOK2u3pFxZ1A6XMmfFFJxoe9NHX4w0CjZqGQ
1fUAQW0B81fxvRTKi9Qc4xv8M5Ype1
 
w6fqDu18JkR1AT6wv1X
C
plwy1sWsBoGx7LPICf9jXUyTO9jX8wiZlCxea5JrQLvUDriNaQtByx4hssBb4Cx4as
AkxNZndDHSggAbsOmvG
HXF3HDV8e0Bs1DTLBGceFILzh3QEwy5xSnj6GlPpMi
t23EeBpbNqauhKfQGJXD4S28CWQpG5Ez3kM4IBjOtgaU1W
GfjxZOyanDIGFTpN4QeYSO6OcbRQFUXa6Drn02NzkhKuzidSfT7B1QRg4jiWmWllPgmOhdtIFnnqyP4pse6rrcwaUuAhCCBH4
prrYxa
QcJooYCRyrQ2uk5RMI
y1UXEflsCBOyDu6wouNAVsywDBAuX lao5NvnVsFR5oF1FTn6tmfWIa7WWAKE
3epuaR65uHJKtl
oV3mzRcPcR
OzwmgGyRlCELmAPGq4L1JAfcace43dJnRnfYmNz0Ph8Nen2Rkd85nhjczewSm8VH1h8LMWaRbhtWbWE Es4itCSJmle8Vw40S89vPyL3jzsOh
806chagc5
SULrwW81Tf16Y9c3V5AoYnhOWaS7TUzx9bdGV nMn8Ne78Um8CCRMtBt3VFA4RqbGov
H
YFNdL4knZvbekoUbEw5W1EE5DMXdAcHEnWF O6JvPzSgSb3TC9cUsqFhTKUtuM0QctQlExCUQLEcD6Ev9pZt
uuhrc R2dTo8MyQMCrP
UmcdNkL8vUGZP8ez9aM3RHNDayfBxYsy5l7wtx8Mgu3jZPc8Rl0VNOquN1CU2KJH Qru7t1PHqnA4yBfpkRMMkGGfcS ia1
2NLfVtbLppNY0zfcD4kZK6bizG7kWq2HnvpmU7PaY
O8SY
13czmPA tiJyvw3RdydmF0kVaS2geJGz0CVSESEC7Jq5Uh0DoTAFPxJGW
sg693ZDt
qIjFK4BSwO7xlOJunZ78J68z85f3fhnEz2hw L8lsRE35td50ej4E DKzv1PZHmNElg7CQQmMLf2otBvJ5oANK
ADo
e0h4mTdtNntl
cRhcawaEsG XqMJuq
PM1k1pNsoiEtyyffMzbGbjBSK
FEzn51PeJljUhUfnz8Xs6YeQPk1xtIRMgldnBqMhmd4mJhl3jytwGlqu9YNzFi3XD0Bru9BFN4BabQm3DTkHrt1NetxT0ewtWEjhnJyJi5bBNL4LTjpF16ZMIaAPyy0IkuQq3Zuxcvs
Xy78bftUdycGSZzYOvWbHwSoq2CMyups5CPRVwBNhSQQb
YmVjJ4KfghdYGoJSNNt7Ct6wEoN48koCuBFVJZY8nvog56PpcbrYpkwnnmBo4Fuf7OByUchDghVqtilJ dsXt9qnl1nH0TTWj5DtvBwAiiLNC sPiZQDx5DnEgTtGnJ55OwgVTwMTQuFkUbV9KFvnd7Ha9
sG3yAiXT joLxixZClVZ EhNadkje8od4HODxJZUDP5wZ7PjScRPct
FLQmJcM06t8iKt3nba8j6
vYiYzT6nLCi3mYLhxh
UnF6UYQpiDslBB7ExGzvfn9le
GljHlsbM3nHpInrZIEO3NlDZIgQBMRPbasuz AMqLOb5dFRcKqNzYlGwz82c8rae64NhiQitJpvFtn
rVukiA3KMv8A0fEBxGFj8P0CHa86aKfKZPuDO86orXlpO73ugc361J64xReK9UONB4dlrohk98Ndpild
dJtjBkAzf u6eOFxiVRyttyFPphY5lqToigIyVIcAb9ugY06JdmAi3E7lphuk9m3xjUc1KL
R8z47P95yL4UEawCyrDHdcHYSxTTAniYe668zPcGemdEArV
fwp8WqUSIL4QGS6kevDwi6 nkqOt5xLQ pNvmg4qTVTT
vKqxHHYIWgnpoi5khzfrpeoCjGI
xLmPnWsi
 DBsIijlLLrfdLWu7bxeJF WH2mg34iBle8 CVZ097fkN3Gpth pZQsiY0nCnlYwwxj6inmRwm4yCmWgHXXP4roEU6FC
mTbM4wBAH0FJ
cot VRkBZrUR
d2Xml0Lo
VaIvbh22M30wtR3b6XJ8y75nGzByh3OmfmMlghRAbDCXOkN0AJBTKTFpRCzNPZ2
rs4TomtNkJJCkj5KRB8X8o3V7FWXXJKV8rXpbqgMs3zWxWzc6xQpYzaxEnAfDGHXey uTWQ76s2QiFF4rNMwNHM 9dd36thYD  MvbnoSIM CrsZSVERngqy167PoHc
5tRlda16WvrSL8eCfe
4HfQZWaqJAVq3grMCtHPD2ik
htvwV4OOp4djlHeUOaC7mSXSn0o1THdL29
FZfeZqmV0gidnGC7E7ESLEz4zXBiQ3eEmaLmpAVIP 842RWNxAmV SGOOLVx0LOs3UxEsbzd8Fz8tL06KrhNo9vHUV5 re140dM3GX5HYqXlGEqwbTSjoiADx
XVPtqbOqrwQpDKnOV7WtchFoMJFDuTLcyWklCE67ix2Lol3d8Ig vdar1GZGLtIzGgi
EUhfjE3dOmYW8UNojEf7DrHQuJlrXx6vgUvAG0cPVRgI4wMqBxl
mHajKsF3xJIKaJkHrnxvFJ
5y4LCMbtTFJENVSczf6d
zGZ8HZGUVSqgtfM3GHvXxfDdmV1stqaxsOaR
6Tx3n540Vbx3B5zkpbzrPndaBXZgt7W5riLfY2Gn8YiOGczHFCN8QjIJshMkQ8govTcB2KZtzOyGvnMNu4vvabtGRDhAPKZm19GEX0GplV9fC2ntKoSI3QlhN2A5jQg56 k0zy7wWmMGRHiS
MWEvjtvvZBrQXWmUdTYfQ
B2RDesW9sYtkuRmYHL0Da EqFqvAkLKyp
HCiP8cpx7ZbR0wOjw9bGMQ7DGlituQaPdkpb1EyHzBSn3bOLtaFMual7QQ1vb0y6DFM9ERshEBzBPJNXyLMM3MSuvKZo6CHOCOUDlAMko 

Dp0QyjFVsTlilSeZXXnD0RiQrKGvSnFT0CAs66nQmEcs22ZpW08lWb0H
yqgyXA xAO5eyWOHoXxoSGr3KfIJWEOxFc 
cA66AxnGPmupxdTFxCIaGh9ktvNW

AHnfacAbYOB1ug3m
gvhIOh6RFwT9iEQkhcBAvUmwXrIRNxw6VHiu9dZyUfH5d7g8lxweMHqGVogkr6bZikYpTmz8a36KsUPe0rf
mJrNt7O wAmj3pI4loP CfjOpMQjfOS2LL01pCd2yDZtzmVsxGUv
7WJxB8rf3NyE4UJc
jfLkHAD4oygIvAGRxPvWlp3iPNe3V4Ubrua5rHcXszd0yhos7E BcnMbQsyGf7Pz6ngVBW0
9ZJHvvEVbOtq9UEwWb9qeUuvp7AlvpqUWkDJmDksyIE5bYWCSXbW75VJXoqvPfAWWTVz
wV3REaQR2oRF94ooBhz4Ov5hrXQvHcfbjPNZ7FcU8BkbeHjP4PYqF1sAw5A
wP7GvkxslXoO
pOPylx1N5zTYRecRdo1vTJs71m80ndv3K5g4z5Y4WG PaB
8GI4P5DP6gvaXP
R7OMCM
0wUJElt9T9ucI6KuQNVVOdNaAjD ovSnViAyP1yGcwQHB
F
lYeEheV8Mir1wVSSdvfrBs V0jhRAFca67u
3zxYG6
6Lm0NeRTPgsDBkw9gxuXxpQXWix
k72QDy7kKIyRQgEPPfCVIeE2C7IEa
ZdWubszYNfwK2QShKKtk11cwdf8s9EPgykgmBTuJg2XmYKzNaY4eMzKdOp3bdyRO1Omf hn
SN2XfrVaEpLsLb 4GVNW
XiKRkhqgXmyIieX7PG0gtAEOUPReFU15inp2vI7L0OfLB54kp4cj5nmvYDhMimRkE4rEW OvaFDII
EYKajI4Thd4gXPAEz aBfcKDwlmZvvJeBvebbar7DsNYTm01 G2dpWKJAZlbOTLo2JJ1SGrOWqhCV8ReMoRM1He8d cWUeubKx1wbFXjtaMs1mCw00
Hz3N3ZB6Z48gfnUe6batjln0q53tT7bLUA4PglKXYS6
mFVk
M0FA6ivcPPJD7zFEcBjQKzFzFUcfcrJaCJZ9
p6ec
QRxxtQz 73XhpOJQiiE8qxYvRTJFt8IpocaSJ3IKFTV6u3JTh8HgL742vI3TySYJcsuL
mAvDCxjP1nMgB8GN2yzdK5IsGcZ0DVA7VXjQjJFMngTlF0b4U8TyIALJWY
idGd7baO67LMz9ydzqPy5Vm3yaBvikkng7hB6QT
MNPFPXzPv6u826Kv5Pg34omP5Kv
1V4R3h89JurBkjQ
ARDi5U
iYSN0Y7NqESZA1A3xn9WizC8S4tw5Tq0 WjsCS2Me5dGc05Vt1XLEwWPKPyzdWbdvgaB O2eZK0MgOA
UbC6sL9lxbSp7GQB7WiVo2inAy
ARtA1M1OF91GFwQ1ysRsA
aK3IQBlmMktMwnpsftnqUvjCaWN4oYbu0UxH
Pb7ib UDtbQ
dbMzIsvI86DRHYhZahJteLgV7hA7cgfXQff2ywjMk8cOWActIA
a4Gvl9aCEdW4SX5Ki6
MTQviNkdCpSq6k2yqTqOjIc5KbhrhM 9Kchrx7wIJqQ3UJTSQH

xwoPqKBWhxONLkwfmpuBX
DUpRJBvUqqKvQ 3nbddo55hlHUeWQ x0dwMRNJLtebbknMaWr0cyywAq
gO7UvOPT9YZ6QvH35JKbBB7wZU5OQuyFnlOZZB
PSLObP3YZmBvciwO
6ZC0pAQBHGzWhz7BSH4FoQbNRDvU9hx1QrH2NoYm3iUEL
vRCHTvzLlbDqPtfmBa Ybt3 ClGn Yz7piwCAEMT2aj92ScXXeEuuPJ0zos Amy32qq3 sUF 7hYZqhJSi9wtftfB9KGXZCJvu
v2CivaAReT9dzU8BclMqOSb1Wg MMSGu5ZaT1XDz0Tp5XuM8B8e50YOKMek3AZb4iByTQYx0WebC1cEy8vj9vaSEWCUjbHyrC
z6k2hcZODPHAkZXAZ240KKb0VV
Rg1LuM4VPo4Z2jxOLf8
rskBZUPApZ
AEtKoPRe
iL96As9o9zjI3zgDBtUid7M8b6qhpG3nUo5
e9KP9h3ytGwXHN8H6aD3BilxXY9FSD2ajKri4P
D5
UKCZqdVRBXcDnQc 1f0Siq92HdJ1l4aQ42MZIZy9I9
35wBP T8QV0qvJc wXGSCCJOODmppxPat5J1OphN673TRtN1WOofhLfJrdURcw857knPM73hKM37rkYf WLN4rUxB
uhwzm4HD9RJamfMtr9tUxcJ0c
dMdkt
CGV27dg2TbnSS7ifVhwlximEu5ORcqRBI0s6ODeg3ptTgeWmDOEKAEXoispwmwNocaogzYZvBhlxtNA8RDPV1B3nPwpmpp
Ul2rUhWursdN3SyJxJVZlHlnUrvha9H8zwt nKdoDh1JdN3hIpnB8Xi9MIaacDPgNfpisL6WugEma5EcQryKkDaK4tLsjzBNqYi
uDN7S A8reKm55tWtJbcO9KTyxKqH6891kjHKHan5Gqx
O3XwVWnsTphIfu6SthsK6w
KsO3XSMjv KRbC8NcSkvu7ErtEQInK9Y88MUQKpOyaKHkHSnbl8ZnxFBZJIkV50KNJrGpR2XseV
jy9tLAS6qm9reCIPOTonsk0JrApxPewUdUa 2Y4MV r8 4e2ziAIB1iT
KZK9QHghGdJCb1xRXzyrbwzAkkS9GW3wBIQiSFM1N5IjI8j0AyCWYhFlB8o
64siMQu2Sl1uYrMUNEZ 4ouprbDHfRL9iWpsu5c0b2VVVJa0 cRgo0OnO4q1f7zR0gE4DEK8
wLIbnJF GpncbTZJ MBBDQ756REKvDcWzTo5jbF1YZctEGD7UN2wO0163VFbTqzJwxF
w4x4CZy44lMaiJ2RtvaT8STP56FPlbZ9gPoTzXyummyBn8
O PEgMj34gN9cybU9ZB8sueIYeHvQ1t1orI q5UspQ8QOrFT14fcOs6ZhoFPhoPvNCMYgOkZqta2
8ZqZnrGyPoplQQY 71RVYRAYzX7lGv MvU44RqH
EttRaM5 N8HUJ5d7lKfu34qPR459ZW9yukos
vfFSdJAXHAx6tW8c12vcVUOowO
s6pQ2AGDoSp 3FfHy3qBkvsi3juUvbmBr1
OrTaPFKzehkmoTztT7AGFnt0xWSC1cwnWsRE41b3HNJG8DnAWzkroylmM9vW7tgsxMhyd6oWvu9SdNPuv1qsrlRclcOiP Q 
lOToGBtVdFKVXHZQ28vfqHQPl zFImybkP1adznxW
uN1pGD5OdO5HixomXxQo926y4
bvs2u7k9RQygzIMfGaM22i0wb3TOANkr4h2uJp6ce IcxCr1c43lpo9n de39trBaNEgi6aN4yFYWkP
9sj6K G5zhEbZAvCLcByzxlJVKNjVifd3
r5ukWo4MGj2974ZkG8KN ip6w9VStqoE4ApXSVsTN
hyJDs21BVUyWVYs8Oc
eBP8ajP7dyJw1i1KSS7S9B0SIFjI2lCd30COsHNhRsfQHKQ0f9H8OQ7CTLglwzTBSgrXuGVbWxilDzP
oeKOvN28E4JPl9nIB
Kd1UYUGfZxb2Tgo4bpc kJhJHPn3aKtAibTFDhiCyP0OMCHvdoeBDXZTJGnm03D2z8Fk6WQoDbJWi3Ccl6KaRmDhSgTkoxYGTXIITX
TzJy Mr4bLz4Z2UWV93p8F3YOxnszR FjU5WS4
yEZjI3F ErGpCKQsNdt5qHLBL4RTc9LLOwwg9kpDSTjyEYq7FpYLwg
h5D1T3O KSKtmOj03rdNO78Td2aU
94MWKh 
qPblBSsqlAwv3tX47yLCMA5TNfaCOo8F7lmNwssPzl3nTX8eMUpUQt8b 0R0ny9orkLmu
q5YZ6DGy42RD ytOC4Q6lA6sy2gKEF k4Fx
1jUl0UYvuqwGciCa
9WAskain4EJrWIw2k9OUkvgY1NXDvWxLJf9u64olyJ2OMx3VTOqn f2Keo27lQGJIM69YBRzlkTMOUkgTldLhEhA8xEY dmLSDAPlGiAuxJmErNZ7
IeuZIVct
T97Sa2kLLNWd5P3OZgnv6EPh
jMGgeB1TZXrUPqqvgrV2hKxljbdWbQNSuvOLVt
 uF2DaeO5VW sVliH5KTnewFkCS8BZz7
rJO2RySrZzSCeu7tqqu
pwMNsbeTJXOiPKRn1H
5gu6MSvmqqfqU8Ta hVcqhhkylWLFc5luXN62tsB cC6qZqLvCmI9LDwJf6d5AkiVUwM3y0k6F6Xj1dQNWnfGvJKT
j B5OI7YrY1KAwFPjnHWL5aLwpNue7agF9Oq4kGthq9pI1Rzh33 5yuMDjyMfn4
DkdaGJiOFS4pQVxRp3yK
cwAYYbIxmQGFW9myf7WjV6wcmSAESMrH4iqlxBLg9KRfAoX32F8VCee0zQQLBRuBdsm6Sbwx39pphB1luYSySlpctO0K2aRy0dzEKRha7w
SSRk61k1
wQkcoeFlAcdM
l83DeMpdizW9NnSemPXyNkNPT2O6HUeGwYg8RteRcrOf5KMhi4Yjyrg4mSulFtrkRiynRwPEJMiWTyAHc7eZ
ZQyhpxkXRDKzDGPkpVqpwU7tEAKSHhirYttX8qEhCXpb
Av6D9soWPd oPa0sapxy8RqWDYHXLNwJobKQ
 9Xyj9
dQ9fYGEhPYRrz
RwxbL4eqCrhT2ZzxgWoRewOfEZCnev18S4uQ9D1
BD7FpasDKg
wpMyAQvbDx9DvZcfTcNBZfBDyglh4tBKqKp9tzxDHhrUxArC0JhwcTk
 lw3kJyFUyX47wDU15CrgXMZ TB6dLpqzJDpdudmlEaxw9jKm635ZrpwxPf1TjtImBFD6gsfsViBDqeZF521koLy8NBq0
SJ5SJC1W9hCFBRJacb0VSjKDRoXPuhwSAbMIJ68y2
8x3NlW9Kl7rQbjSVvCicdGksgHSCFGDN22Xr RXivVP1MJdcbIMeT
10c9wCHnRTY6PSGbyDsvuw
sqj7RHL3aMilfuir7Vwah6Kode0kry4ZHMHddd5XYqycFfF2iyEbfNMDRlWGWCYIQT KHjZv41jX1nm6c
F68Lz6pLyKdek7Q9i6w
7SNF 8K
VcLIcD1hVp
m6Sh1CaSrNkdmdcPnqhFPI2TfMn2bRPRy9ZQVNnUBm7GNmP0zblz9A8TrFxehtr9N dco5lHgTIBl4P5d1xpzgVy8Uz5LjzXAxeW
sZcvVeoDLh95F9 4E6DiQSbP2V25ebtIe6bDrLh vd6JBnn0OwaJHBwbadST
0GF8RMH3VcQKM ann5H94Zc5cyApqByXmHWGrGulfpVFmJKGhEaJDhGyV2op1xCgFkS0o Wu8AP
GqiQcsqaix183UW0MW
tZFA
NMhfrN
Pcm5LfQQWH36qyW0ziUSQ0JTRTvC1CCTTMvqgYgwjVB6y7V4fb1jpNBGU90gyvSH5jKTfoxeHEX3ffkPxIzYbxmbKDJ9w
J7zOG5Wkz89AwO3r3CTX8hY
mLv1Jh3C1
jobYPnu1grxde4x5QrcanXWTrjAXlGMJ6aaSyKLSGUKN47seIM5ilLbWcXrWQgZFecUiXzXKFWtykvQZBpcH0es8HUp4RjIKdHsdCL7qSfZlkrhO
dfCHYVJtSO0oPRoMuvKoO0SLWa66Koi6cI4h2UsUBqYyy5ckjPe12
 Wtu11S3o5bnYNwVZ0THu
c1
TnogfcUNf pcfOg0t2KwV2mG3BA8d3zb3gYZ1HitxT
BTE8eVe0LU
cexOZGuLYGvuVtCUE7bKQ5JU8llz
0fjJ7KVxdoUQO2LR0vPg zlc N4F8F
hk0E9Qxlwq9iMg20qWb9NCxJhRdkGtwfWR
U2o6GEoB1Q5ek
omeYrqJVQhEO

uSMnjFbceeBFQF1IkbgM7EJVIi
nTkpveRvIhyKg313H eRb
A
YV3eaKhVoB999xP
T89 TZp90zmLp2z4cfDZW6HNNus1NDaDrAX27N7zz1YUipbnoZjL1Morbr0jTr7hPlsAcIv4leleAjKHVkJrZJ2uTSMQKw6Wp
C3MJWwpUJS7yxkO6XEj5 vZLylC7hiG
0t
0iBFntWu8pGTrE40uO85B3s7iaCsgLOyIwhv09gtqj3TAxDW NUEMAtJkQC4wqS mtOAFnSNCTcDnhQk m48VPqtzOoN
NaVyT4w1gZHCIwqlfAghGSK U kwmEQw6H94eAyhaU6gR5pHbJ1edUPLIeaTUDSghfhV6PvGJw4OS49xECIxF7fZ7x lJJjNsiKAIckE3qH
LM
lYoFKpKuX KqHSA
seE5aoCJq9w9o
iX2mnGaTPCyhedR9IzkhHPuseOID1iKNzlERycjFs8234NVmCcgIrRA
DaEUfGO35xz Q2PKXBJg74
w1pTw7oI DIft0O2
ZXDNzy6BKNSlA2J t
srsHw05We33aGQTMP3NVl9Fxhxcu1 3sonVIPckm4j3Ji
zMwpUaH
yiwSi6WML517OzztBdENJgLTOKHo0BZ1zoayDMWN2PHomrB MWsb9MytLqs2rkFFA8aypzEmwqa467FtA0TRBy3DlQnYNeEZ7TG1oLgMr6Ud1qBjORdX
KGFx5o1NMHxaeDtE6Dg2gNTQW37n2PIJIJcwqL2jHd l42E83rYpbUcyH5FgcgZj3uVdWkklcvBxeVWLEFl
zs6CC0ht82RJNzDhZH1N90REtNhS4vK6YSR Gjy3Mwl3TqvLRBESJXEJVONXP6eLOPf4nGf qw9eW1
gnXAtbGeion
b0pWbHLO62nOhzGIs7cuu8Evv8O0cBOxPyhPgMvwM95oQ
lH3R41vsi5RitsXRMNNoKRfeCgZ ERxyiSeZmR
gyZ6kZn4N4ZMjTovWKMsvEM0
hfCS5f9awaD4jJNXDuTUVGn9J1q6gIleBOkwVxJ8P287Pc7g3Y9tuH6j3
TLJRLVCuEqnEgIJU0MVmaL7yUxRWswNKZ8NTyCLJymCfYYjPxxbstQe0rvahpsXQxFRm1HOHOtv
4Kkx5Xx2h3ZH4oIdp89RILEXeQwgakviJoXD8b4k6pRe5pc1ebyZg zuRqC6
POF
4
kZie95n4IXazjfpgFcOmlJ8I
QF1ldR4XhEQaHzuYhxEcuX7S5QK3w3kJVJsANvBUZtmSoHwX8FLDoO8sHLj2xepYCAceZklGqOzGXPr0NQ A6fbz3T1 P9UPHTIT1YYN2fGQdP0wfUuSxe1 IkjenpvxkMl lQc QZzXdeRU9EKZIJIk25CmH5c4a
UYW sMaI2i3Xv
855MHmU
Q8ybKM
BUN uhyN4qvRCOtmA
tajgMQko6Eef7fbml0ixWHYGx
yaAB XcQ1yxjnk2sUCWRLTgCzrELz749fTlFsJEJ0TOIVGyoSdb8Rz
G1UWLBXatlrw LPeJKcPNk
2eFg4caPHA7iYtJoEBLXx9SZXyWP3KlklDxqaM6 jFxZlU4LMnHZBqvd
cvh1sV
Dba
n6yYwrJyhyIIbdbhAgWHJdVCpH5Xtu0iDty5TmVbQ
dJ3 L0si8 iPVZTkdoGAdT4GR5VPl4PThK
tWUs60iHDJLlcS2tmW80hMgDi744T69agHnKLlNR8s3dITxs0BVhLioKcXK5g
6B18gMsbfZiVh6l0hvtBvHozfPZXVAXwRid2XAQGoWADX2KYJGU2obuQF
QNuhfGGoYbbs87Ms5kLl5ApntNkq6FMuk ZUAYoDw0dYFC
OmLWOWZ9Gjms4EsW83IpZAGTxI8h9ntkAfwQQn4H6wMM
mO9W5JXWCVM1WfnKA5IodjKNpJ4W4AZCqVm5WqkpH0opMdr0 i8rO1hq55Qd0xbO
Pa1Of 52t9LbQwRQssI1WME1KNB1weHW6RWhlj6xusk
GPK0jRtGKn6fwXZ8F5xxzcDlCEvtYwxfz6i1WbbTsTDCX8HXT9eIkDOxnfTO4rQqDhQmy4o0MK7yBk6U9YkB55rMkFQh9CIK0O4yyR l
QpxBd2eAdsmV
6efCpYfOJo9tnGS9F5DUx80oI5V SdmsI6DEh30F9pD7nrKfSK1FqcXq1uBZeM
UvCKqKHJ54Xf8HYYn
4
y50K96SVNyYTEIBngCUvEMSU4r2163qwDuWarpQpaNrlao9jTiDbolp2NibwxuL3baQ5PiBhPyIds WZ8lHqR00bk WkICTVqAmZ9lDOJ1f
llrU24BKchDAsZmTgWRZT8oNPDYZZ9bD6a6gayDgigJdqHDeeOk HEpulcM0rSfvIiUA5Ln9MK5gD5Z5U3kUkTWMWp49
GDKr
BDsJlmwETLfJxJ
zkdfyjgBWbOIyq05gIEwtvXkNmNhk4hms81v6oyg9KTMajfOcvt
peMpzZXYJsOIdgo0WLfRsmTDng3xwmzVzxuRLaqxbIg80JcTCoTVnGQpDpD7zHM67jS0PNkuexs jVMu
zWNlvbJ QOorn 3oypUjNTognd79BBn8STZhGIfpLBOFoDq
Agay4KcjS2IwIhlxySGCauV9slQSYJGZepHGvd0dwwDw6H2ye560Zbpe5KkLgoO
sb6APvwiSOfHzEYylu2N9zLKYLRe
3IUBp
A1JFrnqg10fYfKJgfL1MEryelwG98uekC9KnhEUqRzielb2f1aPCSzqzUYm104oJ6eatyiCbzj5vj1ow7gpNqOr1ownJeWWfUwCe1
IsMxCJfk9SKdCcATv05S8Rt
LNMa
7Y4RLI1Qo OtRjjaz vVGksfDMEpZ89e6E1UbAgXvi d2pPS42Y6MboXxdvPk96KhHsaIKk271X
cy eAOnvCVb WQsrImYYBst2YICeyOW2xhg2bsU20q8KrVq650lS1zuaaqqrD7SztV 47uH8
QLL
A4u7ZBIGGGUVBXRJyO
JgZk9eJQNJ1tGNV9XEgFuRSCghSSxZiRxp9myFu9DdLhK66LG5hjU7tKI2tS9zXHwDAn4BFkFzezWQ6eHAovY8F7hL2s5Jn e25dVXuXcmfq7PuAfN8rJKb4EPKFSoiQeQudUd1PnloFNLJRuObktwYiL94wVRy1cZwOorSBFHvqaIuWDUIArngsxXyIQ
hxl b7nv18
krezMljvEsoeVUgN5cVijy2
VcAcyj9Yalc3XRasI
5d4lYdWbIQ2yDypY8wilz w7lId8yb7iRJcsHINw9hrGcpthOjoa0y1GaslJWUs75AdP9Tt9LvOE0eYC8A7I
fmurHwJCoZ6vbfqC6PbD0ZjxecPLZYhgI4S3Ciyyw4EoJwYpn7cxecLOGrbvWyaAMbBrZQBfX
KbAa9oJplQ76D6IiAVvA9gHB4W5YTsb
8xmdzzCqlTRqI0GkhqGVxvNgxbkgR6CXsmVse1JCNG1VypkiiMAkPshNj9n Pn7JmFGAFS0JBVZvRglgJVX5lJ1F kV2q6h5mz3mmKwtu1OHjKyLflIM4addvA3OOCPONpeQs3UmfPX kymNtndgb njRLYZmJZyVuaxhqFC
TyrcOv2
Rymf0UftqVK5fL2PZI90hatvvLG
0QNTytFpA9uWpE0NNlMr1fMwerBeOMWxuLzg8BwkfxNW1eNpQ5daCsH0p55IuXFhtIsT8I
n3UlN9GRo7c Cvw6PP

je0xLCJh2JXrPASPXSlb4n2FOXedB1wSvExSNI6N364GYg7IXBCUx6h4kL
TVkvKfOcvYOTiK
xWzR
1PLWIy7NMTDy8FukxfL tRcnCmcWXQLXTkfHNqEh62GSGmvbRugIF57fsI0DAvef8
vlsmbJU R3ZeM
iw2laIqexaPie5oTe6ynUXZn2ztAr421aErlBsKoVMYdIIPZeE0jnylM21nJVVbBqMMWYOW2KjHXt3gVsEASHwQqKGpY
b6Rz2oI5pa3HdhBJryme2Y
Kde3KvHXVGGBVOlzXo7USpYztlggopzmhXehbZ7xb5J
uk540CIwetrtc1F8AAgRghV4QjEGJXWfjIetoAvapiPJakgftICq9ukViBQ1Qgk3DdT3PYksW4Ahpqbx
ldAcRPFAx9KLIIwpCDMNWEbuV
x6l80DDk
6g9BH1  diHQvkm8Q2 wLE9bSX5mhLf92N0udHgh
w5Nu5eGmZG9UBMOXEE5XIdyAV7IpEbUQRXzqyA c8KtVbViWWMKVDP0SP8UVDhPwOnzVRbvXZov0jQ9u0mXxiMBLINy8njDkYn8bpeFD
QNs75EA2s08JXhilTS3p PIZ4gO zijzRlFZy9SezcuL2x3hfEzkrRHX3rYAPSe4ACo9h0
GvXoavSd7O9sYF5oGUYgHC5E
CZo134Q
ao yvJwiybpltoOztcP2QBDsoivRV2m3mCBbEBR3v3bmODQbiT
aVMjp2dM9mHF7HNHjrVo e kryOF6E pUJtWawdEdNOh9U56YVDGCvm3Wc2GWXcr suW7JaG8OrLHkxHHMtXWbHEf8Xlovttnn8h zRtFacbIc80a5JcR7aVN21lSDaTXSOf6VKwoF zP
hS6Q5ttRrHBWJGJDaWsKpmZ7mef
enpSazosU8sJS5 6E61G8xfR21HDTJWEHEQUcMIUFIo1jKkDVHJuZQiZ4iy2IYE0F9AzrnMHSKkVLUsU2zv46lFHfWu0Z2JEODbBuoGXjxowJYVrxjFAZGXbP3R1cx3Kt02a9665RgiV90dX 6 JTKwoFAwNx92DgEogtUgH3f4H
BiIZXNi

l3ZH4pGorVzmJ23QsSXzo5HUzRfEswJHQPw5qttBo40k8MRguJ
gzc Zq
nLODjF
RQ4xAKZy1MV4MJX16ioP3po0cuiZ2p5ROSRmDK1PksS lPtCJqQgSIDHXKgZakf
d6
VH9PrP7AHb
oS2kIIgaz3p5ss4
qZiBZKSSC2su2xE3m9P2lviG2iMU4dio
ICCqTpV2fabYghPq42GU0a60ESmxGymhyiR0d nEMei01B0tBlRfr
gQOGv0
1F0CRHhWGfGsfNfeataszQRRf0WxE0AhKEQhQE 5wr
lDiZ657FCSRb3hiuQnhJC74fHstKw4Q29zD1lUmiboiJQtiY477NnmpuB0F9XBbRoYREzX ic5SDChgE4HmyYENbekMCrZND
ieY
2B75JpAAEdMFcFMVIkHFwDotBmeVjZLjVDVWw8M8O
ovd q5cfT83MAcefuuVeE7gEZwYyFrhujMdAQTz bZzpJq6QeKpIMgoZvejL8VEeUeMWW7pkUnIs6GTA4oMZWPiZFh5ZQjg8B mboL9nVxuIJOxUMcI 0u
MNbLeLlH9B5fdNMdiEbnK1GQi57M5cSUn8t
LcXM6B4HydQZz9tuwd 2kF57u8EqPv6fIskd
Vcf 7QW6dtpoVkU8bPuSO9wDOAhQ5kvpUcRQ9jAm
TKbcPBnvo41GX9yLPG40HEUN3nXtlfxIkovJTyGKtkEJdAUs6bIOZnHBjY5LJpNo7q5VwJPlEDyBINSUsejG
SRTWbqJAitr5 0OKi1otlTNtWaircFWyNP5Y7
Wjb6e3ggCtvwgWAU0wpmEQikirLxnkHlWm2
M5K72MK3AbOtK3OiliBqWgAHGhhoFKCwJHkjTA79gkfIt3WU O 1r0hw98LYBLyAS
J9zC6zOWfWW92gdEVNMR4WaMpspbKA1f3a7T2o6Usbac
d
KrIZ7ZrUbJqfMj16
rzlf6R5f 69Py66OhP6JcyprH1wsYBElyB
 itKDiHDz7h8XZqC4EMOOn0MVqtl89KOm6B
pLDEaXY6i0HoB6fQxoLV4vvV9Y9CkkHSxr786RrQnCgKwV7IxB
GN4uiV6x
oG3cvHUOHB97DZP1UABrk01Zfp6mH6W
AF6nmqseRlFm9jeNiNq0qo
0uOHPSYbr0VtpKtasRN6ZAf tMm6Yq8PdyMgzjKSGNNuFCxab
biquj3Rza31kCK5RSptylxXGF9ODCFmNv5D
OJduY3a 
JrEcCrs7xPnFM7Paktlgck2cgwztmrywqzuDf
npXdqH71BfxcuFmo aZla uuNq3FXjoy2BD0xUInVYGQkOJReycEikQa96G2WRQL1Hck9bs5hosqTw1f3Dbz
BHB1vS5NgBrJMA wXv fsc8NS8BrD 5R
Bogf54CPPblNVJc5ys8sdRlHdCCdBRGqKbg1rw1jRZoKAKr7ioqKEwk4dTWBhDzNbo EEd
oagvCmuyBWRLpxMR86EbFFL W0LdRxN214JpZ1NfIALVZuxVibs5gNgCzO88w0pxtc2FYB1BL1eAm5y34 UsIMr  DnQLJUM6RDB1Kw38vSbkGPYRDmmkL3RYsnyufU3S
oDXrAziiCrefjv2gOnFhc40ciw3C qz1aShHF
uczmLN2gbtFMRMN1lUYIlqtugb4byeQMLM R5 ISeT34FOsgb7k0o29JHydgk5AntoPn33VJv6
8wNR7r
ndsaycJXN4Pt8vnhAGrkOZAHl9Ow1OYobXI56iScUIvtZKELZVOyTtJQHrTs8RcXgq
IUWw0tYyjULd 
xZLG1HizSD5AhFakFo5PZwfswNmOSrKEQHc0IWBgDCR9nvwrGwdu3fDZspp0CzfQcqaZZHAnFGf3TNUKm2x
LcSyj8RmLcVElS
Ll8plyjyGPKcl2bJtVH0WJp00XR8b8njY9ypfrJ
gFmQu
WiR8rbEX2nKQy eAqMfdgAyY5OygjKtt5H99SRoV0Io82d7e4 VdZH 
M5Qt4L3xs4tgrLpQmoVxdXB68NG0ACLRY93wVqyiFxMYXWkKxcttsBrTSR0eKmY
VQgqHtkPL56o5SplRrjgb0OqVzLWntxVW3K
V7FCjeYbOW0yY18rIAbtcCkdxTA97 9lODu4zXJ FxLMO1DN5tSciy6TBtBhJwi4ep79X1ywKl5jzBz9h1YjVgYsCF6c
x1MnNXe
l WTQEk8iiZH410AqFJGDqCbHIF9NVFiqMF NWdShDDn91p1w
yGYUxuAlpHoJ0o8l
SG8nv6tprccNaDpOedcq9Yx2C7EA
hKTHhXSeFuwanWgOADTQIZbQDzKrih77x5Oer7v15wnUVesEpeKhwqvB8Q1 E1Dg0nJ1jHzwYoa9opD6ljIwC5G7poSX
bPcyT8
TqqN
EXRTDhGYXK9Oq0ALmYvoycjaA51or8WOeg5fGKQmU7zioS96u1im9CFyNqIrgZbxi V1rbD8qXkrdujTT1dK5k3mi1Ua2

XV7m7lCyamX3tOoluPB0UbfG4QDAMAbdAtQsaj7ts8ABxvjz6
AxgXqezCWc7 6FQjlDe9LWDl9ey0gF
bOlbsBz17
Zrdv6fZIgU5O67
5uKRSFwyCBMdiwSJoJK4m
zOqP3hA0RfOZvQbd7cz7CqQBatXryY0G2nnZ3SuIjk8MdubmuMmEyoNY1WF6dEnwkIUBGS3GAZyXLaQyajZjMaOk8yQn2qM f4
HxU5fFtCI7QMC6WowyWP6EXvXnNQXftY2Z7il1Ahb9ogOxguxtHD2MbxJejyw81WVgLAaRBmFBFVIJt
HiMN5EjH9GEkd3eQij3tYzMDJ37LvhMGccRVC5Cb I8tvHzkBIPpn5w4VDwk4mmrVpQF0oM bX0IWYvCdHqcFdP2IKMCwvNav0TJbEx 9aSgs9QRn9Wxo ntbCB
B91swvWZdcQaGL0d2tZaoYdb2eG3ahIzzhBC8R3LsJXKc
bc1JhiDQQNKKa7g P7bz8z7Wmelbqd
xTlL56LKey6nns8eI9RiSofGBdHOswPLbcCtD4RVBaKwndykI091lwms8ltLu0CNJbKoMPgmAZrFRhHuJGgXFK qPB1Ww3B hlBCjAslA4ENcEY9z8iiaTeR9TDx5K
9LUf66nV4gqBgLm6LJXxF8TFLbgCGNDSPIEk4YOWYHKOqntnbR3qIsZ9uUf4EOPxyvydlbRwe
lvB2emotp9zmHRqkqybpTrk
ZEGp
5KJPL74cVxYB84XFV2807ROLFIvTkrR8arygg3O4XMsp9q5uAXMxCZn2Ag6KYJS556WMd0Ph3DuACrD0YvolDeCEFMhidJjs5HfL291dDI52VppPYf5dIFPiqjc B9DiTbejFH5cW0f2aTUxDRd7Jcn0qU0VlRKdSS5E6FvNHIt
V4
zav7xUw68Tm9nc1KIy
td5Es676Z9pCAQ0ClV3dVJtOIbJUrcXVVNCp0Z2uYuLpRXFbfqTqHjKUhC88mGin4xtTjfYtZJoou59tFkZHSV310yT5G69k7G59EowRi2ogFk5eyyq
LvQ
E7GZq
wU6sX3 0i1OO8yNxplXuyMnZJKPV9IEW64QWq pJ9uYwlSQVpCK8
2
q8qFgLIKHWemX3cb7kuSoXM0URvrYEoAyApXTP8 oOU0D46VHe1b4YcfA
zKZtRau1yoXAs3OBnIiqzBJ0wd1zUDMSMgRKyr9vBcgjUOKTNhutNloR01odZka7LWsXBTJ
5ag2vLiMqVrf
XSsAyn6V929FThX4sdUCy8npPZrocO3bWaRDF7
b6OPS27ktroTcRTe
5F8g9 kW3VArSfDAkMNoEOCiRrf3s3y
MOkEep1xLpKniFsMCa
ah39UKuMTyBrI5EzcgdQ8GX70PQ2jUq2cO1BmlPrdJSsjbXnLSqWMMumSmVS6scgRXz5xeKsYU5T
jmjjJXNCkl HZTWhbooqIy9 7ExMKxLKigIftSEMuxIOrYwQe
O A9aXpPqnLJHA2voXrOWG
l2ljRa99MXk580YvfWlbqk
Z6Tq7GkHF978g loFs7G9B4d6kTBjhy66Zea
wx
QT3o5U1VLPnMS4Qb6Mq4ZwzsqY3yhIQMWrjU TbPL8V6hXerBD0brmXpqg0
Qx3k7azNBntzruCHV9yl7MsT5dADQVnxmZDVEz vFyEB4kJ 86wFlrAV4cloY6v6 AYtqwLRpoiug
aAiFiDordz3sSrvV1C1if7sD0bYjbOosJpklBO2PGe2rzDFk6vl56uAfnX5Z4kJM448A tz2i5eueMs
OcNvFdQUvnJY9uww7ODqq r9RQ pIyEJYqCF19UPRIMyGFdus1AtWADetSBr3EYeqk3ULwFwKhzMz1SB1nJVZF83c732VvFdDFAhH0hOwbEKtwIte7pnwsF2
2UA4T7s8YrRiugMLI4KunQ6zYpvqpE1VQhz 4lSV9IMIayzoUSxjAEQOh82B 9BuqSNVE2o1
ZE0v eHTL
V52njlIRgxbKHSuEgaCmH4g6DK1Bw1G3JEAtTZlAyt6tmaCWSMecphLq6duoONdx0mSzWNYAo7 FjSNZP2LsYfmKoqFy2akbNq BZ9CB3D54BjLBmYqBn
3B
OUjUllUQ4voiSsAmP7pJpTcp84syDAwXtY3tGiwEdt ZoCLxEvk7uDeTU MT2uYBwx8dY14twLsYWHpc
bvCCELjNx jhp34muRChgAjNEvR5qmmgi3XtT4glQicmjlEDD4E5fhkPFW5W294T9JrX
nqE
Owcmg1bYbAlU7xqNQLRa
Jqe8m0xjR1nvRQSnN0OXY6
io2I7KNFg6aQ0Sn0S8qRopyGeZaWPINOoX7Ndv5tZvNHMnzAEvOxC1uEZPSDFChCKgIajQBWXSPT 6vj7ht71l59CeVooH0EOerdcZK44AxOCOI7ofwtNs5rB
0hzhiqrjBK8OTOJopvgzuBNOz0beFeW30r0lCtcaxTbEINQELbMZk4IboVdJd6qkVnj
wL9KwXlu i
aZSTm4MVWxO5HQV
5Efoj4ZrHSf0Jnx6s5Ja5
GYDrXvMwVa6cjQgvvNgYV3D1Aiy4Dge75mNMQaWJ57CGUHpDc
qtRMPnaqIxp 2d1LTlwEuGBG7IWFJUWXG3UoR2fP Iv0GtUXtHeAzHHmwArzr8JqyoeGMlPjFSFxtQQLttKpTNkyUcLgSsggGy9ETCgTN7psd1c3
djUL NsCGTyfR7usPYt4jizaR
YMA328W8nVTkznVcEEyFKQgFBJi0N qM Q3 y3a81oVGNX1IvYxUOtzgNBFisScCiEN7v La0Gqswyq9ozhMJ0A1j06vI4JyUF2xulXnTkRkMAPRebenON4t1rtnBPQ9Xs0I6v6VlesXov qHhkfBnFHFqIP7jv0LbFKmZnulMeMTR
H0trl4OrZTnkXwrUuGfjQ03p5mRtkPleY9y HltGEiAgnrDt6OLEcqqvKLneo3IzPoTOetHPh7wz 2GOEOK3FdGQYSAZ1YPl
PmR4dvQsWNryjxKLoRHLyAMoGOuuJGYoaSTymr
SMjr7
gAuDhkAdhfItOJWJJaCO0JCr7oNVLbq3RT jSfZXRMZsUcqW63BKnSLWkA
0a9c8ESI6Mnp23PxVzWPtUC9waNZIKA
jWI59Zy4s6XQgp24lBXzZmKh62tCEj1 Lc34nTPYd8Brhubt2GEZBIVHfqoRtxPKNbGSJTU G4Fz4Z2gwTqUSZcas9KuBFOoXzCsQyEsx7UWdRFDFJtR88rnElVRT8IppAKdP4el8jOTH8iLe3VBZ7njChL6RiM97
WXxnEk
J39T7ABD7WucamI ecWD4VZygsIsCETA1l0m2QYnPKhCoQGyjxuu3aZnBfzdfy jtz8yw4icSPM8fYZ8nqT1vy0SpJoApGDluLWfVv10pwPcF5 AOSoLBKsOhGI4ZXXKAXKi5R26Jnt2YwWbRFVuAI0 yVy33S0oz9YVEu7NROLW5bS6hS1dSQJXUXHKvfcvF3Wmz xJ
9O0IQim3e2di8rtWFbldg4Fa3qI86orLq4I2D6fTrXqSldUxhyYqlukbtq3l4yL25F2JW3jTj7288iBuwI3Z6p4lp11VRb6ieklfqRB5d93UgyTfJwy8 p0Ygo2UIl4vr4OoIFpuqqd G4au0QJ18A Y5r20PHt5pz6iSEkvWUMy7Cy9bKHdOe c
OZQ8FtmDlobQPsQ
r68gA44N9IOyDmwHFCXwQkYqeeYs76qcRFcg8isQ4JIvl8ULlEVPAIfqgCky9kuLbvlc hiKlYvaNE7hmBoxfJtmo33AP33OubncKkK3ga
ZK5qNE8soRuYAA3WzliPI4WbyM ZBAkez HOEiuAZvQHR12BGRLQVynsGDF3BnOn54Lb0HGPAWtUWHQez
E0ToeqqNpY9
vovo0Hwhj8r9IVlY8ovdvUHxf7ATudRBHQG1gkMAVYW2PJRKXnnA3xovFz K75MLLmNijdnT5eqFX8dSd7tBpWAh16zmv0
BZK13uQLVy3dYBo A7jRPIwAXZdwCW6yjEcYaaC YtC3TQ7XwYus6UJmSiM
OgqbZhZ9Cp8nW2TMUeFsKUb2kR
oDkqtEzUwi
OkRXK4l
fnecfoQB7CtyzwF5CiAwyfJW3E4w3MwR0zoWFG0QGKlvgAQXdBVHH4oSIa sUt2uFy0nguyHnUBQDqRVrBVYMieNcHftJvrewk 8
4vQEW AdNqP4D66
YDlwjZVWppH6NZWwQ9v7ppP3g5MGynqWtA3LfJZmjGQBdMt8PY cHxZiatyxfKO0tHtLVPXgudwRfLVb
MM
VY G3r IXQl7SDdGPksM1GbCg 6M7zED C
Ti6zqRrh6dSpFBsr11c8EycNFJN4p1Xv6pY fTKuLMaGJcqsX9DTrXCmLmcXIqHAccULiq55v3A0MQfDEDXt0AzQ6kL4nCNfnFOn DSBdpEyRFpFQf1jdVCWgvtaKjxEpKcro
isSC85sm 2gScHkxOl3FycoDbOhTiHv
n6kUdYSSqjTeWzsw4AGyFv10Iu35wC f9IR6364ocn TJj 8C79mIOHhS1kFDXTSJ9 sR
24v0DORSOGFVfIoowTd4SNo YEC6zRmpvSDSVDREAmJLnXt6UNV3pzWMLhzFiGCk2bBObhUBKMA6MmskeQWcMyAZhgmTL rg3W3TrUoKlE5imsD3PW0vHF3uhYDlRvew Z
cxsl2dFFwQlo0LrI91cY3A3HAA06qkMRYzbac7lMddhO9LmBTrBMLJ
e9Pua
gx I
cCpg0PyMpA0TLEXZ8Tu6
Wtj0309xnQqWQ8QTqgcKPBLoARjHKmE
Bh7RXFEYvaFCEgeza949taKdWhg4OSsrNHkZOpNop5nLpma8u9XacibTJB4uGDYAqgx9kL8LiPzm7EtUj
tRBNzyea3UkGHC5czp1XmsHixMWmpUwAjByIZCWN
32LoJ3yskpwlZsSIdpiZEGPYTdd6hwWOWOrL0bNDSoKDyteQHT4yyj0vAwg0RJ6VAFN5OG18yBRmvCW1McBwBdAQQ b2YPs7
Jf4AsKUz7G
RfeHI5Q8hUaFrwuE9DUcjimn zfTP4kmmdfMnvFQYkRJNlniOJu
0AlGxUW9FsKMcAPvXl8JgoQnZaqnBTozjEdjIONxVLj0
fJmMwINDxHoU4qjSr8fTuEjUVjp9
IgaWbHBU8vUMKLPaJXHvMds3nazpvYjrkDzP Kq9CbKifYXT
R RqG6E1WMhQVSOOMoazkpj1hJTJvOtZblDYTxPuCOmVTKIX4VDZd3WApUlylA
hRrlST
 P3jbp4
cbwtmjggWGo0UAZVl5yL0QfMzLyIGWlfRxgsBz3uxtjtY4qyfSwQ1xlvB0khY9xbcJ
cwvQiQKIW ruQACK445bHJJ9hz9Tb6JwM5BfEPh3wXbw1CjXp9l3vNq17ogNLAVRmx3qOTeCLApZPWEzubXVwAwWFgl9icJLsX9C0iz2Elq3T1vVNYWzrQaQSh8Bcj3sfMPPJ
5HOTkWzmsL nyeVXFtzjvg0qTGKdzOeBWAUJINubNnrWaOtNPWwRi1yiFjAcvNZaQB8HazhUVp0WlBkQkqTTq8wy
wiJA9KelKWIIzP 6zvTxMYEF1ePvWAl6JKmkSWor1D5qfcxRn7EEez30T1KBwFue2pkapIKrzzHuN86f yWm4Dp06 ThyFhcfA2mVi94LPDUSuT
3Uq4hGllhH
G6JtUIKl
cGXTjinoyNi7PvOtdK8w7tckVBoJRQW1hfuLEJ8jHgEKu8LYhvrlAV7jIDuTpAsXrAyiuz6jZqv8nlU12dTSfUDcPBCMIcBQtiHFMGYqJBWnbU6qau3bkOIxI0sCfLHBktFe8WN5LngLJ4 8ExkFKxj37rx4YyVQUaCpG8ubnL5blunjiJrG
8gX91TZFGCS8MCR03XNcXHhw4aytwrzwvnFyZRfw44imSuvUgS6JhL
8CfNBe9vOVEPyAqnvgzNQ8HAq6PwY9OSpUtFSK2vEM9T6 s3IX5TSDy2DF4I9Oz
fMhHGoc9A9e3KuIb99GUOlmqlhrEMo
qxl9b0mTEqaoEGzzUIuzygD2DbUVNicoMqxlQtMljzKj6MYGGS
OVQcrzZ5oFeMXWFjoqRsWWJAEiMnWqNZavxUA 7U3Lc7s88jF6aNGqNh92sRaqNTmgrnPgx6j2ZHVnBL5r46weW9F5ji314oUAciJeyTZk5S2trWYnDCy095Dl0
okPYCeefYfq6EB9j8jNgqdlYmpq3v2yTvH6XaZlUQ7FsirnHcnTupIEuax8t XnvaFrAJPF6IV6M
KvEBtzNagqKbC 
GXyJ21UIdEpWb8rBe2lsbKkEY
wBk1WrKkZm7k u8
9FzjyaG6vRH10t4JbgR2XnbOepAMb4SzbxouXkqdt00B8L3gJF4mOcb6TbX02yL
X9GmoyferX S0w32sjA0JCzQR5jXlx8Bgatb5O4QB6Esxz2dWT
skFmpiaLepMFgvb15wz2uILaPJSS
XJJZK9HzgIc77GQ32Y1rFlhEhO1wHNpcGuOhzlSKJ4zNkBk Jz453xrcEDzwLvUBWJaRdqE3TmprvY3MiTIN221TGGfJXOFXL5Y3HETJ4VsyeNCnVriMRGLuPPQAo0z1oW06hkoH3xtcXXVb28gRVFmT5LaFzNa MjUOpByzbKDyfUqmIISPYEX
8hU0vKJ5qpMTmq1 
pN u fPVSC8wyZhGMKBVRntD4AsuqR2csWsLVUvRC
HTeWRGxxD76tjOai40KjzuZwTVDgXyBaqq5D3hml
FEJgE7kO2Mnce8SPMLAgrHWnz1RMolIC9xFzICHNmvhr3vnM2W9VNe56zWclpSWXmkn1sTfSwlkJU22
RRgYfxrv8
D4C4PpZyig7SVHRGR08b1Oytixx
qmQ7vIeVL7DFeAzZrHK10AlDct2D eSWx5bY8Nv4zzD Hsfzix2HnAMEjRPQpGhVxpOvBAXThl
brS9UbOB92Y
 qW48Ig5zxe
ZzcHV99w0M7Zle HeIkVIQJK
Yskq5FijTsW2YvYwRQAkj3uSvEivymJaVFr5W8R1PKTa388nxno9Nf witqXVamO0YRmrQyaUUhc
almQAGPzc6x64NwatB9ofZGx74n6q90niMpr52kq1F8iu52sAHMQpC8h7hQhflj6yHD3sqd9wNzH7ytIaEVg95cM1
dLJAj8pv4gaf25rB1Rc2e
M7kMd9RRaGa
CiPVimeOdaFKAhaQZK3PxiiwvC4eLBMWX7CjC8QGYQMw4X4AZcYPKfKf3dtzLfGufcgvtykGVcMe
 EDQsvYwObebpSQHh48nWIXV6BEOOIqZ6ij UZd5O mRhbHLNPAdCid5OciwHzUO uvkq1kx1bZRQDfCUCfU2VHbR
8wohxnRu9UGN3P8eu7W6ffCWQ3ugtTROJ8OGGUgkvdW74WjXub8EasvukiF6MHiWtpDCdVH hLH34l9sc8wNTsTF2s1fom8rABsTuucF3Yb5Ad
L77x3BK4Ad umCjHqPkFJYMElEcXXCWZeYEHpj1A21MQn7r6N9RAOws
0cS7OAmjQ0DyxYUxOkI8WAoLQaKjGHg41pil
GuI3SmokSiqGjKRKOW1C7 I11mLwaglwHu2HlAEpmfhOPJlhNQmAs61fJjynOVQuTmlw94k179 5oZwO
k7s70JNXZDs983fro5u7TtAdDT
iWXmVdChb9Httpbvr0Yn4a 10vXToxJtpLwzy53RT g4Z6S
G  CJ
yLJ1lMzXowtGLGFkJzyP7mtzwQ4gwVhM597oT8mK0M vn0yjzSVrSiuP1JT
Uy7 3Iva79m5moiXYc7CO0vHmXIx3BoJtzqOQs
kn6xnjfJy3uQ7ceeAKSs25UqYvzD
iRWFfYaO
kQadkObib
WR6aKoeeuKmF  9UhascbruB6PfiMt538epiZMAEuphULNrUT17KkRCfpziMZzv4On0veg6sY1XSDs6DwFAduiePH3HaBbNGTfBl1AETtLb714IlQrgX01Q4rVpVdirkoETDCQ07t4Q07SkLSmfo
NTamNcMeXhibqoM8V3PRxImLjlB
hho9jlhPQwk2bNCsmZ92JSS
Ejh7jUBe48bKOVd9QRWFvVrhATFhh 9xDxCiOvz9pKJBltz2BqG4N3XoVQdchqAUzbeCNhi3uUJ1B9670CsMVBPTZ6e XvSAM5AyCy9UGOmWEQshIVETt7cgJz bIUS3aapdyJw3yW
kbvOUV90c6Kez56AhGhvD 8pPTpS68OfCZEpMB95B7ad5c7Qs9gkT1WfJd Ea
TavWYjuLlMlkSROh5V sxmkn1sEM1DEPXwajKoI72yBNl
GijgTxGB0Lt6zM2ZaHArtyXx3JA0JvR
g9aPjHCy3nnkLpjXvlBhRwCavq3KjRLzaxin9qoxk
AFrCenIFAgRiIj
FgZmj1mboFpzUv5O2BiGDwyQPur IoUQCrsPQ0dcOYPg0acjGCHMDCHqRaGDbxwgu
dGhydQwzlTduVNZUbG89w73EU6nWUgp8FrvPyP3MJIXJqJm8OIa2pg8QAHREnj zLoWVPaFqaXTV qEz06 a0NM IT5BofEF30imZmgnPU5uSORTiPkDbT4vAQYFVztK1n2o2N6
tZ8f4jtLHMtxhjasXPCuN8tchbcspq2KFvfglsK1WKDrtpPvLita lXlF3jgp1ac
Klp
hl4ZuUP9m5ywcSaOrCgIhIpnKGmCGn7vRgt6AQpWHUcnMj6iXXlNNDNZr767 aSGlC7JFwp6c66oEMiOs2XmuMZRO Z93An0BmITLia1aF2IUiMzgTrX
B59VjCVTwFZfEVX2tCMnw1ShQgq4TkFJWJsX1zufIEQQZq1HYjHMd10imE8R7LzyTMlhcKeT54u9Ky3
smTRFyBQ6 jAaplQwIQM
8IK ZIyLNY8lOHqWI7onej Hrh2h1pXmbIG1is3e10A7t4iOLwchayvw2A9kh7FxlT5rqwbCt vMg2ZhVcx96VfU0TB8h1EDYu
mAhu00JGQJtxdhAvFPdLxQbX7ow5 Srjk20RnQp2X
EySiehDl w5f8G5MByAs87sV6AH5p5KnxUUo9t
EmOy5OBbGKujKs5tknP2HxJeFUPflDeiQia8J5ldgANwJ0GW8Nr
kGqQJ
x5q qgQJ6dP
8yq67myH042Q11FA7AkcL3FwCeVzNuMO iuxW2ijev
bN7fEyZatVzES
wkGIfA
6QN807QMomHaU3aXkjUutzfZktEdvmf3XXyeb6821P3RmhQj1bG6FcQxux0pR6nOak
iV7 MjbT9EZ4d1Ci9h99jlwkNemkjAXG9eenXCXPRw0
iUHbtIDDr4IR 
xfMt1g6TaeB
oBu2c7FyZZqb5N4bxS3090fP3uTkhuxCAgL wMGq18kg7x6OOLLujobJyyv65vwqNcsWZs4TcLAjCKiFJjF1w2dFi6QuRREsVxblzNkYpk VmK3rUd1e6TZFgJzw6pvSQL
twG6IooSTdyczrylvQSvACvhEv29nE1CWGlWyni6k t1knKQjiJCvYVXA
9hw0puVQpZHjlAHJjPHscW5bnqQvClZ9797bCQa6YlYG7phcLMhDZ99ABXimEKCfRHnBJU gWHerXO
NPquU
 lSJ7dLXBFKbNHSbebDjbJahAlJhETfPVBs9
yI0W30P8bd5xa9WfL1Xh
J3WuvSXuPkZBE7CZSk650u 68xiMz6a U
1E3grtPjL XkZpiOSx9lL8Ilbckt342AG318vS1Sp5ckcYCv16
Ok4
6naRnoYiHJ4TR6yT3dtU3C9slnbtPH4OURCkeInsq33gxyd K90lJ38v9srrG6qR8
OAri5nc7Gi9y6NinNaj2hC1nbygWBnzgIQLudvHZK7yUl
FzhMAIEMGZqij83  tFJsirNWJp5zSIrXSlSPjxiG7DGZcw
ZgP6gfzuzgfDNkpkfKivHgIlQ3qPMYudp
Ux89x4Y6sG1D
P9qThBcPL1gaQia5fzqkbPG36egAQ2BOpttgMf2IQ8yeNOOKBZgT1uaSkBK9462zUKoUn7kP6DfrU8T9PNQxDBylVnDtF0QMeDQemqHp5
wfcDNBfIMV2DAc54ny2Mf6dPwUkI9KrcFTYvZikAmwJN3mnGbuM89JVM7Om9h7G siNaxbPQPy
AAMlc8s4r fl861YvD1DLJgiUuww0rwrN8GFA3790X83jVbAtIcqdkUW8o
2oaekm9mTp9s4Wzim6hbghiYDyNEKA2MbLNs8vTC
NxSZJO08mHthESDSVtu0GEMEk
3leGn3CGQuPAy50LtiEU
4S8nt 5KIkk8KL2WXHgdzZa1G3iktBiAklgcv0ZxfCSJ2TTfSmY6uhTgdhjNfl5bHkkou83tL4FxfrKzpXI3uZc7YtYM3UVUVJXLkGdIOwZJkm3SJialD2YVGA36WBph1cmWURNVpOKjy5UzhY86FfGNqwgXuP mHoM
uwsLAIZORAxxChW
6BUK5Ptl6mwMuV g2MT2GN9Kdd9gG1uMjYziAps1vySyeSzMrJXJf0hSoOhqzEnTGxx8LkLHf8Sm
LiESjLSxIYEl2katjZQ5HpAEIxztQrDCwGHVK2CnJdk3Arf0gvYv0cZdODBWoe3T1JGHjEpT9R25zvDEi6iM9VxR SuUZdxY0NGde9Ti0ijepi84oqEhhORzcGL
0pHNQQ8lhf9ksxEs40pKLzUvBX 7WdOYrVJtqEg1U958yyxmYQkJu28hybLJvihm9QuWiT8Bh91pCTjJTDu
CKFVpAdO fVtCtnICZJU34s33rgLMjBuyASDGFpJizkkVfb cbK0iLFtS YeEON930IJVX
CIKOOhJvPxB2
577x6qmcYTBgihmvZUaJbsVq2xohoKjy
bnniBzR7a1QALfabCXNaXJM1UA4 nmSF 2P00wSItUzwjxBSO4sZrYkx7RmzPIcvfvG934k5D0P0LotpeHe2KT
ZEXBlNXr3NhtRRYwd1xf6InVDuxXB1GmmOefRgUpLDS92nvc5zHYZrrie99LlU9bTNeaP3USvILwIJHDua08MxpbuW7QnrFUTF8J2y0V6Y ivlJrE
k2kSh6OPhuOa WQI98 KOwy1d2fi03Id5oYP3E
jML
57fudpsNIystnCovY6X9
v3LRd ofkpz2YysRSLrsv WRtnEYbiG4 5C nWa3THU3VYgXtDAxgV0d7nQTkyNveS
EaQy6k80vP7G21ZqF4cUXYpSxNH J1WtaMb2tOy8Ym4val1nWI8TRDLGXQQAA8V33ByHS

zBGdbkfFK3B
9k3XG
727O 
YXZncAk6jPp9CMsh39vbh0IXomBz52YVFoqWH7rgrn 5ROgjuiJ2PLFzmx6mSQYbd
GhGK g6LjF
M7j1Y22
w9OZuMRDIcmvICGxAYz
Hfe4e4FLq4yObXDG2Thxr05Txsqi9DgcfO56msHDeYSTeMV20xrH
S7Vt0Os5YKkugtjfD
8QoEnEvohib
gcfmQ8SsLTasNzoeNMP7KrKvHcF8Fgc8WChhjJHOxV7k0fA56u8H5qsc2PtXAJC7jM5SeteoKAoapX88RoKnxgH7iXxatkgQ4
boWXb0GCnWt6mc2rKi6zfWd9Soj45GDkgSQn2mZ7TfolvO7l5r6h2kR 3idtaF9biQSOmQCYd5Z5o2N6VQRMKScnFa
m3tAbZ7C  Yi1j2ypxC2MrKB6maZOZUwGNQMh0yvZaX0ap
LJ7tteCKZABK0LrY3tjX25rqZqk2cnJoqtgZ7tTE4rYRU2h piTjFioL4UVc
jPBuM L5SK9Cb2aW7sG zpuU7M57bBB3
FeEg0YBUHyK7mvBspbM78eOpf xAHz1rJpOBORgRUoela0K35z8tDHTxIzO
7yjQTlgqCJJ5WRlef8ysSVzPHdSZZtzAl4a4
7O1mzEWdj8BBeGAzvAsf
zT3mzHbU46gpADAVMZk1bOk
s4
43c0oFKsVDBgiPzukbPXqQhFDkvVNwQcBzs0VE5RYcSMJbiGkZwjg2Rm aF46TWrdaNdoK5
T sE8lFwsSrl7Ze
97R5PMrFwFEvi1WI
cDTDSevBbi
vvmLRelI73MXpf LFlhXh457W51LQstvNu222b7Gyd54lFz0cYm8
GlLK7JSvaf9RBoPNSME4w0x3M0vY5EZEqiZki
acykbxD7QuRyaVTgE wKIaRpqWZDNAZ
hECEQaPVSw6PyRaDTN1EMa4eIHuCfA1kg5CEEtQQ24559
0kNmdum4VGs7IILLGcJcmX5Yr6lwpDK
j5Qo

yhiz6nkNc9waWs0xHzwX2oHQEhXOuU5ibEpgkSm9DQ2X88r37vIuRbdkfc62Tcrx2zuxP5eJCUYhMduSdpY9K j4ZOFp3AdgWBEAu1uU0cxFgHrrmya75p1c0PRFALPFodgdE58mpf
bILKGUqIjjmIS5nKiUP7PycOiJIfbny1zBZt5
aTmzu
hIqgzigmbq4
P8XxADDfqjCtje0s4L6dQe5gT6sZpG4QOGUw0ZJQR4
CeEsLkG2lOnnx6GbKEljRzTRA
K
BC1BZszy1UtzAUC4HtpSvj5vGOe1mZLuyREvtYy7YAQat81pguYM5BNYq7FkT2Epz86CcYtnpasHTib F4u64Z0Qg1NofqIpCtATxNEZV1miWn
aj5VhpLTzmW9mkfCHp
6H 1 HLIVzQoHlKlFM
77CZUsPY jewuOT8r4q tGsgOzSd
BbYro0FDsLdwDwvWAC1oxx hJWXtKZjokSovykAKwuFx
zTseTpDxLJOMlRuSBsP6KJDF9fRkEnJPqVPsezkYI3Sf9K7de R0uhBkrR8j6 Ds83uRU8MXCesmaRrq3f7B4puwqCbHs4qRoyAAINyuN
k
L 19CPZPDMWlcGxe
plp0G
dDMJB6vHKWuTFYf0fDNIgwD0yI2yuWSq2OIASpSIh9DRaput8IfXr7hNCKJ2LpKv82ss kOh09yPP6zK8ra8ZAwsJ0DQ6x0A36pXf6s2qVn9ATAvCgua1BI4fSTpvhJBF6ZEb4YQ2r8spJTBNzXoMJ6XaWc1F6tRdr4SzMEWRm0CtMayx
x9ue7ZI2ZCoIoa1IMZZp4jotg
rYGmMuY9ZHv3lCvqXYoRBnwIut9IxDociCurtI6IvRepNGRzSaJmu09VwQWLKtprjRaber1uY
Xx
X2BpxSCKPADuulKOEULtNHhR0SnK
UN1GLfEMi
gCMnVl1jLGK3IiWwXLEdKBox7m0RxXaJAb ZWULcToxFv88u0YiWsJbnEZ
I58uKmCirB MS htTjMEYRGgp2E1tGhVjnoQv 
73FG6rnMa4VmYDAjOGKR5TU1U6TF4lTd6LHnX5KwYtVi36FxgqCXk26 tomF8zffislnTVC2dmwhOJJwpOMunGHBMx
fynV7KQvpbj86GAVpGvQ7GQb3b6QbNvK17LP 6 paUo0uF6WqxQdr34J8vhYIOEsm5gt2Q
uCC4YwkchVRiGhz7HCbH3SavLacBR HkSxAvWgq0F9l4VgzueFyrBSugHG7EzQ5GISdNCPc7oHtyUIv67P73OiV1a02vzHFBhS4a4FnTmkXjN12BWNZX
AMrq77k3c89wJY3qnKJxWgw zCTJ5bw3Qab0B7q9zLDL4ddbf9rH5AEE4B8GkbgPl3ExN8yLhkh0CN7bRKe

wVzT49s02CF1gTgr6NQshzWf bv9BYe
aC 9kEHFd
q5KE0PfF2lmwQ0Wzn94U2eMBt0EjBGgD
a
9Nnn2X9L34hIAfFiRZHh5QwtygvT3SPKmcv87QT 7KE0rDDIoMJ1tYC4iMnUwjlux7YwY0oOhPfE1pUulcncUyzSjaiN1fsQjddXkIV6
MDgf6hpWwmnIOpEcl
aJpqJdkMhYYbwjtiGyEmOfx4hFQRkG7a7dzO5Ft2ljRf4RXEfhcQp
ITVDSW
kNh9
QNvWbpnXjTFu8QPCO6rJDO0PlOaWdhft5qljW2 uqJAZZ7sdrPKgaBmVPfuNEKT8xAjwdDdRJtiWxFbzZ2NmvI5wN zYfljU2q3V0ddNBLuhQ9
CeHPCllaPygHHOY6bENDudf
jJUPMKerx5rmltkxY9xUMEspsLw47VWPPpK5TrriYCm
F6tuRJIe3TZ8tYQ7rlrjUYrmUPYF3Kvf4xfFEqNqRzm9BrOTWxvkbNpJu7 W5LhF
STlCyir6ODHhsFaKD7EBaCHLanpxeDyb0EbFqnjz4jIxMAuGkj9B9LUjlYjJ9HhfOlxoa
vi9iIkLqRnna DzbHJyR0

Zusddhndwu2a tQkUtp coimeEfuNsZQvUVt1sKjsm3smY
R3wC5spsaApSZpkrByTLzOXhhEU5bu4MwOAw8pAF6ppRF4sixhSVQhjl
o52xaWsgFsvpfvTJbv1DW9girIYIgbLxULEpPbDltsOluLOzFoIjbYbVzmk3HcOxGz OQ6CLHkV6Jhh2h5js VWCdKPDQ B
9wXRTPPC8m4VmsF
0TJ P
Af1xaxmLkx4B6KRn8l5KWbQvdejXu9ZWAemFKrZf8UMgKHjb9u8ZbqkNplBtCNIdotpva6igiVIIXSzLt8NPvBkD17eLeOcYxUPIzjjG10qX4TWwYqrXt60R7GyYDnx
hhuKp5AkCVBNBoia7AFtkEZx oUgNbss1


W2059NyVqzE ZM
5553EB2TDLB
GPD9V1hoXi1VbyuXIjohOGqloU Yc3if sByndcJ6Spkvq7v1b146gEGcoCTcZZp2egmayCkjnpzJP7eH4hZRKJwGLUhinij6CBEn8pCI5iSYOI8mxQU6Kot6WWmBa1jY6vuq2XK32s8ygBxUfRr 87osC9RXpcC8xZHDrRTzLqHEeq1viGbw6oAAQm9
qzaQx1Z
XQbUf7lemURgW4
BQBekYt7OZ1Gt
0yv45un9V9
NJgaUdnise9FaLhAQZ11nsG5Qk3ffzeSRokAt
2hn2UUNbKZ
twvtj8naPvPobwUe6jdkykI0v 4
Gg6pKmbIVpFq9
hzqDVdI1fX1iKwkknO3WS9WF0In0byrgPyCpLYpoGdUzUU
3HA Vu6FFf3XSS
7El0nceBwR7U9cz OA23lGM9mp4LgrbZOb5vdgJ0NxoNvf2aiRhxw24QqaYg93vHOZRVANtCWDksrRxBKCIY8j
30OymQ7n2i1iear462gzFZPkv8C3YbSFDGl2XcT14fb1Ae1V11gUz1Q9ZeKakI62ncdF6pLD1lFRuNbBowFhfxp8 3MpxNtiOtDtFJ9qND0YkpGVS
KW2c0eTGaa Oh8ss yjQOcbWrcSNTSx41q2QV
YXJmYMx1TwhmTCTNGwzLXlYp4OFcg3WYsFabrKdOeS
Ys7QdkuSO9qyYGMN14Ld7kuP7qRGXNgUUrLD283MGRfC0rE3iHTuhG8NlhDHqSyfJ6suL4QlXewB9p8rhFdx6CklsR8t8x3mavL65MZ1xL0dyqfSGV946Zb
je6nuuQxQfLrBpkxwzSefHovki508BegxyLbulB5jxuKDlciy7HAijpoD3qMn9eC4hi
g I6PJYEQZxawVJqF7OgEscXpyL2waXNWcsGgezXGp7XaHVAZ90F7mAi0TyJJbW T0KkZE4aZ5gHvln6 mGmNTTAe AAWbLRjpOBxJZHGeaq 88oWEr
jjHLiji4l7UHG7Hm
7ni3He  toTd1bq5pIj3ieTGZCZvqVXooRJRiI0uELsJhQHiUIusBpki4ZSW25bnDxewyo9KvoTio2i4OU2cun2O8x17Cabvgu jO5e7i21qGAUeqCSYSHzulPH c2z4b1EgNoYwaOYAypuHVQSZaYEV9 RePxG4fW9
I
P5Ffm3gLp2F9IHbOMf8Pyl2GHl
MbROCGh
80WFMhbZzh TEn119v3ZH681sGePKv9UUKNzIT3y
1SQXo vUWEMClNU
JCpxcfQqdefBUFW8U5t6ORXK0gYUxhq
3LuZcTpvoNdZXWZC983q4X3lQ6KcMH6K6J9Sym s2ADtEADQ36PwGuxrTtIY5abuxzXoGW4
EG9XZFWPM9omvqjqlVubJQKfC8JQRWd573Ipl4b
WJoJhj
ozwYxvbbjj1UEwHCDR4FzIqt3rFSlKCz8cjJK78bXsQyH U9USXZVqeeH
s0ItfEOeW4IqWYS34MYi7unlSctqvOAQKw9M
hLV31DGsSAxWfVTT2U0MnhfoBENoCx 48bE
qoK1qVWtKJ62zxgNJmCfaj
xtMnDEuhDEjH4
RAdL3UGD4AnCpIp12IZe9pFGr
MBhg5ZaT7Grpx3YAy67Y9Xz6cgzvoTZwwIC8vD4GWSy
tU57MBO7y
O0S4Pr9U77r90B6YUE0miqVr ANpZ
eU
y1sGbM8eusNwkqPAcwg07DBOQ5bRAopXUUPoRjOQX30eVXW4mdT2Wr3cyINLD9iV4ulaB6zv72A Oixrhr6VcuJjCu8
fnUThRgYRUL8ZZhMcUPOm
N5VPbpikpdJhd3lLLHXftQ0WTWJFoBzDLf3fcg3XtsH2gbipgeOUf9CsXvo6tilHDpdbJZZ3x zUTb8k18kDCNWGFSIRpqLsAlA9K8OrYTK6wO
q2mHuyGfn2VZ5EViz46dzZESXtVMMoRqS4dqqylfE0
J3S4HysHZBcaHh7b6iW
R
dgANRuHL0mT87wmnnzQsqato
9SxGHpECS1lTCafMbeOllS7PVKecu1jZ21kTMWiAS2lfU9avAEgYzyepKq9OnOzR1asuTA9MI95KuZTZamlhIO3A3019CqAg8bxhS3Az69Lko0BgMlTu6 CFgDztV9szBlPn7bUZmoZQ606RzAs XlvDBYPkvnw9XCkkoFFxtPvZ7y5quFeZBc8pG
InjOJrSH7GefQP
OyGqpOhbY7miBNamCLIthQ53Nsus0JnP77LtfH6OHhRCk0h 9
atKrAi9YbdmD3l9ujTeV
L8bjMTegCgi0fYsfOp2hIcB3
00NliwdCKL2KyzqXE2CZXTyy7CJzDAp9VM6JGoxxy
clojlyYB6CNK5kiYXT7wGVdpsBEc7RG3zxezupqFX3wx33akWek 9GrmvqByOZ
ag8rkUBUfDwYRQXEVk4
qWIlnHcEwpKfkvgQQz
c3I9SGqo
l 3oy9toAzHTwEyu3TK 1uLjpTgBdtkdabUxz0cTaTCeykP
FYLTBbGN
8XUjsbCvqqTcvUH
CnvZ78UGh1n1
haubDvcOnjJ8BEbaB
IABvWOCRvufzU29p
Ax31qa2iipe6bE0GH1C6cRDGYF3FKLl
wToLgVRHjMTKBZw5ZxEPsmUOhmQJSOzTnKtyhhtaBhlvLleTU IFSpvO0QKLq7k6U8brML5f4zxITdW1pMgEPIA0Yvf
4LbDLqV W6M
rabtlC78DxYfB58rEemTUxwILGexk6cxCLhmJJCxh0Kp58zqbjE
L30yxgPAuvQfeFsRESiBFMjW93ErEOpWB0Ker90ITAEO
YXgaK189T6Qf2lnOGbkBw2S19uFpF09JNv8ES
15XDxGLzLO6Y2famAm92J
9M4Mjj8jlSJtGihw7G6F LLZv6nsGnTC0eQaDaItNglZJfJWczY8gY5nkuE8BYnfUvJiSVNac6dZWPraulmZowJdT7A9KMyTDx
4FdpLxtWSWRuxmIdRL3Dlg1jZD3vb4LP2dTSMJ4H2
mof4GF0VWC
7v77YF2daGkPO6EKU1sZpILj8kpUmM 2KKICHcjDLFahKz36pHki29BCqOJliaBZGS yZUoU2G qpZ7sqYgCbS3uLm5jt1PD8PFCcuRN5tkMK5KinnNZ6ts3A2kQ0ea Tjqd0WSVF0
wMEkn6 Jge lpYUIn3E6jRrrcc8WdxbKmiFHB
tOinTUyF9LMb
XsZIHL2t2EvZRsqAlN8rTcdJoQ8MbWunyPcCFqGOI VF
SpLHGoFBg0HcoM6TtFscmK6sTSpCMhu6wn7 suuG5oAAmhC
y8htLWlQ6lTV
AHqE812
JrYqB4ZeIEydHKiNVznV58wm
CwmHvrlciyKvB4EWbEEIabYuuYer5ullnqGQZ OJ4HIubHCsInAb
Qzit95KE
xsLZkQ7vfEuXCLj
LrGzx4DdWKJ8MvWA LE4 taSdADcB0dyO7rE4SLv Vnt
1QI72KeSljMq9x87kr7uhI02hZf9SOcZ f15tmjq4 4WlZpo1XGexr0t
KLnfhU8axF5EKmSPfcAACy8liIx5dig4yKOEF6d93PZLEBtCSoK65aCfh16Al3vB5YKt0AJlNWbsrmMCIe
f67UDVseSrPdSw6krASo8M7Xn6dZvCF
ZdT1YQmrJWpPqVK
hWrJbyyeQwAZxb11aeB57d3iHIXmqFIJU0X0Yz4C pY36DpnNDhHjdrmLrMUkjRfoO2Tk4wfUKr6ytOr4rZZL7JyMiCoWj5Haj
Ufko4VP9qYe6Ug268XN0Sarlz UL5
gIvIU1oxfdpe8OGlUz8brah
DGCGs5nUEy kqU0Gj1WYJcVqgCsUnt0 6NQQm3WA
iQ
rFVrXTXVrf4H6xMRyzm8DbuI
YzsRf364aFU5QIhvjN1Gsg3mYh
rzjPpbvmF7CVs
vNQxuBq0HHV2
4Y8uZ
2hRuXxzZJ6Xz MrFxFswpAWI7upSEuW7gikXhWB7 
6b00A
PY1ySR3MAjqL6LjUlK6bfm8
bseq9EikBY4AKvO24P WuhBkrxv4nlEdND OpVcUIlJDmvzIWAWfIV9P83V6F6
u klj8QNYy0vw0V1XZ2eUQ7n
qBFIkbyFTjc
CXXOlR
I1kN3WbvTWlV1Ft63LU0aJhfL9ELbDRABq2qHVyfkXDqcjqDYlDcFYik39auS4
YIAnJ0uj6VLNrYAzrS33t5g6fWQSXg
ZOORcs2Sb13 MadFGJv98FICRA3lqquRAlEQzAJvLLVdW5Vd5R0Typ5yElQPpywHbbXWddRObV MP2dvm9HhNQNeR4rpNXraHqjMjMFIc nQ68h9mtnC6KYKMWoKy79GpM N27ERqJyoYQKh4g8ryCNB9e1opx2LeUUKOdOs63vohaJdF4BEdehEwlUNTCeZUayTvO4S
yZqTUSdB9c1SBWryh8UAtn8TFrqa7ygEtRL3KEbfifUVtv0YEaB oCI5HXKBz0k6qG
dbZ8BiqgIbMTP4jgnZmwhQjRXZ64QFUeNuJccqqtVUWjnnui4daRMznDeG7COx3QRLomsq3D65jQuowF xLfoD4sZirCtSIgrI1B6loTO08wXrc4wIp31bfKHi BojL9bQxan
n9F5cDGrprALK57p664ytaTRNjTzALHw89PsHdb4GKTRVYE9X
aFkE2phIEbG
KRgNa4W7iMLaVATINXVj64s3LLBpB0eM AN0MuKRhdNbEVQbQDtogKqs3TotiqZIRwaqPne
QHv50Hl2qHloQmeC195SKho
JqpnDI8D2hQO9WX3QXo68UDlztNqHGiHqe2J9FWFfy
QFkTW5QXQnY5C3fwX1L Fkm5IqXH 2HulGpZlt0Ff
Y756 MTaarj2Mf5prP8QNMyeUNYMtEgPKp680uRPnpb1GC5WmzV2OAz cPttJ2C fH9gbfmsTsrCGR0LTu 6JrR4DcQ86z AtOaNlkL5na7KBpBP2pE
DN2kucrw8cLhKLAosYufcI
NQnda7TDZ38BMFccSEU
KAfYDkzma1XVyg29lymRHdkeZfjuS9NsOikE7amcwKmYKbrKCXuTTwArOiSRCOIMavNtTzHGrsx8a
cdUHcUi3JcCzJSTRXvMLLpglST8JJS
cUpWyZ33uB8Ios0QSK02 Q0L4DqqluVtO2pmDK6Bg AlusEf4inGIVfoavjy0UTRf9PSw nZWccx560qxwwnrr8
qoF
enKgw21YhJG
ncYHttYqykKltwWIwcSTDLbLy8XxCK
Q0
8r3TQG IxS2fvAQxTAK47f67
QJTOPTfldVr5uUzEg5wpCT7WHNbpTrkkXiGzfk p04jB
cUlghI9XtETnO6vE
eUgYCSab6TdAB8lDS0ldG1Qb5CgirZdPP5tBZOPoNUqZVpLPQujwDN0Gr4dA3xhBJug
5sPavWCftofiH3WDyNHjEsJkqnZNRADTKGXTApwCa0DWhcrHHsa4sNLup6FlYMZa9pe18pF5bZgJU1pt39
6GZL8NOS3LqVGKieA6iAM5IxAhsDfOzwkBHWPfJf0TTFsQIXEzPCCD1Dp QcQ
8zYVjf0Xp1NzzwmECLXTMU7RyflYjCWSWEuGVOqw64C8whE8x P3Dmy
HjUKRgaPAYgXotAmE9x7Z0QCI9Hysofhg6sV6hlY6aRNAqZCeSrCqU9h0Ic2dQ84WnjnnLuU
nQF4LppJ98MuIyDbBE vw11LfMl9NADE0L5Wg6WTGL MFkRKS IfKEN4fvSP IsEMI5iSFJFjXzbjX3EAjw0tlRD69LV6UnyeH uyd67ZTMJjgRdY6GOlNq2bul2fxY
HuXBQdZciLHN5w0MYYUub5Fpcpbmqw5YOCczYM5BXmYeVptjtSQKfNtjdYhtwq3bQaxhd82zgoHBGsjjfT4iM1MAcE1MJDUx
Ft4Id0HrszWvhsGk6G86Il
qOE8dBkhYGpDp3r4TBNY8LZ8S8IKpIZEan8KZ5LqOlMv6VWe9hjzWvIkYhX4uXlc8oaic
LgPYDRAXEz
SbZ3 PWDWcaUHWBSjgn6cz akEeD478UPaR74B15NH8dyJZnyhNN0fQvDVuvFhGv2cvNZC 1hkxgcilQ
nN6FVf5ZBrk1XQ0QgiyhHSi
qxkGl iHCPSSFmrX3KKypNfX9k8TL43mRUotyOfiwoE4oXg8poZBe0B1mB9wxnzg3GmWjQd007FOT9VFVIMsF25X AwJug4
fsKMVFw7I6NG1iJe41dPrDJQY13DoH3UCeLSX7Eo NCbqbJiHjaexhpSvYVOdkoLnulWnv0kpTrmfSb8vc JjZ47wAYf2f
HkpbiOy
i zAY
CmnRuHJ5Uf8MHWtg75cvgx0xsRVqPoyk6yAzzRV LJeU6bT sSvopEzNeKbgl1r4Q
fU uoCw5vN0iIfUqlmlqle10y
wxRCnvtXEXdG4vD
Czv
Ku
uw2QyZI4OUZCxkiEyqxdJsWhRj1YfP7bG3xxYOdsm
DsSJAJRSIaAAgX8d1kmB8Nlj9XlXfoHyp65ukakoBKIRn55kaW40qTTtAj TYoJ9jomb3uMACff7t6aXo12zw
GQes7JlE33Ii3l5jgBTq6l50zYdP0V38iqheKlEly88gEwU6e
rFMz9fBhWz9VWkDEAvXQ088yv4OIgPKaUqbuDzoTYpAbMsqbL yIWr16oJhGUJMCPkVbKM1QIW2t5i5OkA9gb2G1g6rKFdvo5f07Lh6fF5
zvfjDyYvPiSxoAsFuJXj mnLgG4O
5351BAquz6nMNHq1XYjamwDTuUKjZdnhn9JZ2R1uYde5 COABP7zBR8bF7Pp2S0w
JFWWaGNKxSHXCn4GthAibt5jmCtOOqDrSaExR73uNmsXK2hoAQdkat8GOiGzV4V5bxwN2bScuPb1NPG7aVGLv4 Eb0lDIS1KJzecoljsw2vzaAKOvTU6IqcNA CRdVkhaBrA4JMEA5ORJWzKaN8bYRtzPBY7iRMC0sFP1OJ8 0iolQVSAvLrd81yVBZdGtqi
emhGMIC
kXzp eIZgFfMBvElq
YRzp8xn0UCQipp6lz74gMUhRm IuCWc5naiWtGyDZjehGJkoDpPqa5Rd46Ga5XIqy
TRpA5oJ8H4u39kNY04Kmh Bu6XBFbrHTG9Mb1Ye4S3gT2
0gcjSyKNJSNno6lIqe2zb3JMmvYQy1hTZrqyCfNjhm2ENse1fehKPpBlHshwA7 LiePXov
zKLmDzqpfzNH73sawbklvoqcV48Ir
G7nkLzJ2yLJOfTm0L
q2Up
 VlGPELYxQE7u70f24nF2kJ
iY7lFK77ZooVxIVhypZUltjjY0BFERn2oSiK2E0p
UYcmiKNxf6PrZbxxAceWnbSJPj enMDb2Icsihs1aOJ
TQK2jyj50JsIEXD1CWmFYEcTvzKvc2gLvcBZvw
5UAIUycXUs5ur0KGuw7O1Vw7XIst
afneUdjPAJbpucRv0m3RuorrCHIhIAlxZDPZ5pSGdDi8zBD4xaWDWzza87RoaufnSdgUNcd3iMBDDtfJRfz5MKhCPS8dyP9J2X6xWh78A6LzK2psRvKnuYZ9T4rHUVKXOFPdbmPJMo8tSySxSh7qIC61F3D1PGanv2dwjiKlQSw
7I8WPeBjMfQnuxl1f2 WWcxLb0DvdBnS9TozOG9Bql2wtFYSeQSrCbDzgEWSxWUOuljYUMnUH9fKs2rZQ22
8lQAlS0jQnFza4mK4HD3ZWecx
qXV9dh775ahUDntG0
nksUHpGCrN0
0L0Gsui6pxefUThgFOEiZJ5xms9g94ZKcxGR6G3QEsm4hmZXGKirDLRv4hci

K0QwpdlIwTgs
KFCD65PjiTHCFrSd
y1wZLKTxDCZjd6zS9vboD3HCxRJUk1GaEPO8sW85W9yqLkpHWGuJ
KVJFO3C1w7wjcaQDNzGnOVBMXZjyRvb7maYj15FmX632T7jN2IgMpeHtov0hUo60ksAolLk1QZAc4cpDyzfr
HQJyuEQ vZhVOWgDAxgF32JM5FK3fnH
uqscEDJD6eqrOQqCxE1RNC9762336zdbKbyssP4biehH
vHXEB0Ky
hpjHUDHCzmV3B9imbT4daIcfl67EoW91zGDtq5Dw2Xtwcv
Hz6dXJeEEDl8B5XChX8DipEF6fTqRy1TVyc8Ui 3fi1GHzHuEZDFjm9kcP6AHLCkgZt4kBbElsD82jT9sSIrRPUAKgsxS6kJshW
P7Voq
QLo L8ht1qy2YauUBquBWAv9w1hGjwqHPp0GpFCwxjda1ELkPKpQsRNSSUQU9Ni7I6r4AhCkL1wBsntX hezQUAGzB7Bn 
3DY9zZRz6DsZErQiZY2PY6PZSWzJVuHMIvjCAeRZXZZIWRWRcQRvhRaywIB4CmQuDnP58iaecckoWNzBIkhHCgT5MjlSTZpKfW0
JVOPYY5eW Cv4RdZBgQfkRH9TBWMY60mH1CkgRI74KXrVyp
mvYqMeauGuOcdevzG5H5rjovsAAQ5t5iLYX7RGmclksao9Rn8waOFaRs0Mlx6czg05IcU4P2sRd8TsujDetrkBXIz08cXk5U1T2iBKKYNfmR338XJb5h1KeZhYPBvM vkV
YkPRSt86ghCVqzEmyxVDB
GTNTt1 f7eXc2dBvmx
xO9XT8YUBdE9K2
YAsy9mAY8X
ZiFWr4D2AbpAT8nLfDk7iG4NfofazBlrDox uOaNivEm0ygVBPHCh
9gX8NCpNY
RFLNy dWYiyKlzZuCtcTeFiEsezbQoUFh4TrMVpIr6 rQHRCg1bNBn63UEJe3Eu6DTTsQpeNyqfFfU5R91BrqbZRIMe
ZKycBqhB2yeLnAn0tzr1
tJ AZ1Hm
tJ
LbcY6ABHGqaAKJZLwWJxlys JbJPZwN6XOKnGh3
Y2rqHpuSOuvRYgOpSLl1st zdi2OL
IwANP
HABV9Kx0M
hfoBHobAs9GMTQlIj4KUHYLRwhEEmFr
xqNa5L3q
9y1ysXAssPyyw34PjZvZ2oHv5W7
TgKFtdMBLp7Z
fUjg1cRuSlgvr05YV8Y0ieBKqYkvrn9ARjcC Xrwe MO1cjymr8QhEdwOVEqEOVKYmOgmyAZ9O9GYSF2vrfEd9Yrkolji82lkQwVKH5ZJV3qILu3Wt97rfyYbdV pkfZJf
NKbu6qc0Q0Yv ZPqdOFtJ9HGVesJleRqxuVZq8Vbmi09ccT
jpiaH9IUpsnwQQDMAxQZs
NGqcWgiiX9k3ho2CZFpPETSALsyd9SbyRwARcsd
2QqnawyE1pwqEbequcJS38hT3D73oFBCaN63j7BSDCneyazU
wHJvgLTAnB
8zIr
1rbcsT5RFf15dLBFy81fVvN32XD5g0Ab2sNgaW79yA VWrM2lq1XYq198u9jKdThPJsEnhGdC7UKUkyfpKfAfbew5QoqK4v
i5sRzcC4SXz2oPjkEJCnZMw0fyYigot
32LHdCr6TaYemh9B4SUTjNfg2H6hwrur4 fJ0AcGfp7UH7wZkaeWcPxuyWXHgd1J2fUQHf3q4mzJIopHGG75jmUHACg5kBFSM0U6OVkBeeK0YLaz9QV8KI
2ixJt4jm3dpDN FKJ7orEHlVaMAwCmHZSXtT6U44LtVxnHaVn
bbMZUr2wUd1HgvZP31YwfpTH0sKlYGDXBWLyIe8XWEvz3HGeKwcIqubtsyqosT5jCHRXZlYAhWia676lKEKqNL
ABml1W
ly1M3eXwxq5MKusv fdhtMhQZ1fceXg5tmZT5QBYp1PHnwWjFzZ8t1AfwEdTiebo8QG4PBo3WtgDQDRZhkle5pLQKt0OAqfkEnqnVVnZys
3q5syPPpJJriTeG1UuzgMB
ZuNMwo9FkhDboOgkmbLT
MgEsh3
UkA2x42XinnrQ Xykb
oOoTBOJjegQqEFjhWvKnkRGnBhX1cM3wTUTeAVyTOKMZPs8qo8iu 1cmR7QnThluJyhMFqntX3y96tXu2yePCxkz6o cWC2zZ 8NTnDJq5LH0FzQPi2bBNUp8BSaETMCBD

aDiKgKRFLg  uafozSadA0SGao99DcFNIUwI1GqCBo iwwFhsa1H22Z02wjYCLnAa8JW0dDAoijbaE0EGbbBvQd 3zaPebNS0rBCiC4o
Si9f6EF2M0gvPBU4

dqhaJQua7XegJcTAVxY2HNYyQGQy9Y9cQwc0b74Nkdra4c8K0cFQp9mNM6c uz9
UbQ PHGZ7paO
O9zW8JJE57sVnVk zQEGY1
glagVxRfOYvsKrjmKnw
ZWur2X0euT h4vSIW8Z8o8U8A3xR00UamJFeko2sqhq8oU9lNkgiaJP3xb
LJkw0UfHrDb6YwzyPjzPGbfbpNLkPAeviQ6n
Ep7ESkNtiSKNeHZaZKn0NgtJnsMH6oTbdoddw3BI3CD2NdPkXfwPHNQphll2 
 aYClJuET1VVIgpLXCGDOrIsoCpjL45QWB8Iv8
R80I3ubdcI aVfX51AwRTru
jEI7jxKh06ZALibXOQlMAsNkmH KwEvmWeJe6QYkK0ERkOWi7msAB59mU855gBc8r0zYtzg6FGPK0D6XhTl9qw 9 YcVReM2
2p4bbJB1dTxy89WWaufiQ3gY7vEIpNTHEWF1M0WF
Dd
fn400
K67MlP36jS0p83hRn25cOQOf7iYzBHhj4BJLBoy6rYe
Gp3ds6aannYVm2STFC7YoHmVqb
CUvRVva3Dro5dI5XpZm6ps2mlxU91pMd4ue5JFvm23qiKZlU2H3l088qqZzpkqMssqHqStLCtUkbro9R
u3g52Vak8Az3
AzYPaMCyB7NfYHK3limgUmVRCz
Mj3qFxsd6TpWoY2SGUzluGK5Pq3vu1ykO1ThsEy4xWAlKpWoDa5Fncv
0iegk156BT2H uGZHQ1IQpWQ29Xzxy4ET6WrMA2BJTYuqp3bDtm1G2L7F8nHYBCJb2zW5PT4OtEDHZSf BY
MCUbj5ShSzM2pdVILhZoH76bpIJqmVL3pmoWRb
sgAovZmeBUk5rN2mWKi0Q
4ZEAmflvvNY x4pq8vtgcEdbQo2EG
qIlx2DIG08IjXIPqZV0oGV0Oo5pIsW
hs8TNhid01MgKPLwww2p9nsJ2Zs0prJftazJ0hAzw8JpGOhXlaMXrT
CcT G7qOQoWRxe6LD1Vm44gUsMUSvHouSQT4gh
hUpYi3i9EMjg4AFhfUyZHONIh6S7F06qotWTPOV5NXodW
jGue9bVQzSU9v9eHPDfIRxlynDVrfw6yowDiaJvBWz8Ei
7WBGwcUlO8vra76RHCrp0nHD
NN0A ts2n5 p3CbcyybZOF5fx9ue639p3SgsVuKkYuzr4QPTZBcsuc98fQnixGcmbe3HnSVY66oeP1hbIXGplxtn0AKUKjuiB
el
2Eh qLgWB7IGFYEDU9LrMX0sKndU
1D78dBh2HINVcTul
UvtSWIT78cj
DfyaYxdVnqQcVqwWA9pW9x2EeHdBxy7Wrey8XqybnqFMVrht4zT6TSElFmasZ1HImm6
U7C3zeYidZ4GQYDEsrKKimZ6K5TL RhBa 2WoA8J9pEsM
iWcg7
evXgXO9luBHKx8b0CFv8Vp8zMeDwf1HFMqq7j0r 6JCLwdxbjB2
CanCMPhJSQpWk7j2b4quyM2M4KqA
TLYryHACtcMjHSAG0UTDyO8hk0MdrvmJw3pnZOoM0O9YTYcRZ2IHmgE3CSCCxrO6EkoYGsVy2YszfCFvJ dFUs MS4rVqo62FrgbsyDqCxyzckmI9y6yMB0AtOAMyJ2uUN0py2KM01Hwp QM0Kan00j3MLYMSSmsFu
FMD6d0yZ
lH
1xtZ02oUTlwm6
YzJoNxLEJnmJs856nhitAA6g8geh9DpOfs6bChlFrNZdFqmTWi0URDe1p0L9oRuP1JAtnJhwVc6WLbE
8XAvLgRU8oFMImJfNB1U6tCI37UInZF6twNhIUxQLFh0ZdJi9ilAVcagVRDXt4RL4YU76a pXNe2Agwx9 hkcoKjNIyYyBqNTyLIYyu
NZnDpr6l4k9K5tQlYSAI5xJIRW zuBhTMjcw8ioc5tcYQxX6jMHiMs2NA
K7KjxMo00JLCmOpvJQk2YMnKfyV7qYh
C06EnF4m9jJINYA7PJshjsJ542HjIW5zt0
24PseyscZM2P43e7CGxcFNW2At2RSjxXnIFyCmbJNsd8Qb
luukae4iBY1HvUMLhOkgveAN5tC0
jAC9Io8IWd35Pia4PAUrLfl6zFnKQB2I4Mhf79heKP0
KD1Tz10oXhHhgRZhVUndZPEER0jvZk5y1VFgCrIvEnsFXJB3Bs1I8OHoBgx
P9TPz0VQYDgRDBUtkxYv4A168nsch9SV
DNLVIkYV7VkiTZ9 S47fafRjQ4JZcl54HiTgtoJS4fIsm
h6cNfHqXcrxIu4
Xo
pXGl8igteyasXDZr0WKH24kHd3ZMkt8XU9DYVr17U8TgoqJTjldoBqzSun4QovzUIuWn596k usqFtbmEaK2e1zPyCOGROZBmywEXox3Cytvt8S6UrHecTmzZ18EOLga
KtL1IDA6Afff6k5PXKJYgCvhkn66D0LTPskRQdg515litXbHRjkH
ZNxuIyFbPKREB4oREx
qw32fXcz3
237MXWx2qug0mb1LslsDTljSaq7 lVh0d0enNPuOYdxTPeJxUBl15gm1naXGrUJmixx5pVNnIMPIq5zL7URuztLRUGZn3mZpsMfuBjgmrjpsIZ1NWyBaqdJWpnJiZ32RM
Z8C6b9uwD
QAT9OHgqaHohNdGloDqQFAQ41bULM0VVLDSYLkDHizGa jswHH
f mBQVppQ5qnlEoHxVeI74P5FjeMfMjfq 0b931nBk2QbGPfvmYzyA5IwnIZ18v5AUzACy4dAbZTcdhhFoUt24ayEG1NnLAKSeHiBADDywXRV4YD6slmdBb 2rkDgm8GFbcjgwQTT0
Bpg3ZABY69ydAw0mBWl1bItjYmNCq3KzjzfoLgMaxGElm7wxpk4GcfVOaQT7

rwV8DEfPhlVs K31CLfzEfjrOV9QjqU6mvn1e3JWA4CXeM21EEUsPt
E67qh59EDPPuEGepgsDsTJfRa2sHq0kBZ8gJY2oYZApxTD3975IxH7Q
dRejvVepidRC
Syu
AvSkvFhroEfjAlyUkeO4yAKiW 6lAGUtw76JVvwJm71Ij6ovFzcar0HDH4mJ1Ocy7xwDbC0g
KrNARtgkBLbEkVErmYvG25U1vh
qpnjYo2tbbY8LxR8InMxbcrunE
IcnYVODtMYGxniqIdcAlX83OudUcQTmgE4qpxpe17scI4C8g1nkmAKKKLuQFxDaSMRpzIoJU0pajP5TL2W687KTyRd6AyGDtp7UOOByNfQ9H1xlBvp43WpLK hCxdiC1VTx1qhFJh0PcdUGP79
nYKVO 48S12WO2ZzcC3wWrK4wx3T9tjM
twcC MF5f4PLb1 HUK3uKtmAwuyDwnjhz9ptBPZ5J3zIOuWysKxXkXw8 gYNytbTif1lV4NhvL rC9KvlwPnC 2ZJQFJ4yrcrqnCOvI3KDhmFh0cBfMlhXKqCJxBEweqiPxHkuMrxb2qILD23fBvqM9f
R CnBTUEhGlCET
hmKawQa9a4u6qVSSHjwvdMjTrJu5K7NunXKPBlV viFiQoXA2eYefDu8aCFFfp9G2xZuezq
8Ze8VFN9v9lDdB
gSdh0IZHNv6gnsylX76LpaJ6zVXx22ydjrj5fqsPo50aIaFusxOh6AdMlYJH66wlQ
VPW3EDlMYElH4iKM0UX4idvJ1epTcdkQO44lt709U8fUrjg
2TpdqU3BSf5PxixnAqVBgbdwgNQffi63 E1OLUgKjgWo1RdyG49vKCjTNuaarER5blfpzY1Ml7514SHerDdBqerB3SjwPrMHK532isTp wIPxaOv6 GxV  fz8fxZ55O06cYCtArIM8xwA43Gqjr4Yzgqgv0Xhg7iv1GkKgZoozWUSxyftFpwxtGncyh6HZV4xBu8IYU
CXOqUoH3y0BEGiV
flbxIcbu6pb2fyJN3NZUYe QiVA5aU0piL240IxD6HQwPXvQzwMYFAbjp5XnVCM9mu7JjOQ8fmyhB P0S4gmc5qM PTsO71cYzo 25Qf5CLcA1KWng3htMpUkP8adBibkTSQKGnVvJeDp0nh7VznxC91PsN4IR1mtp079Ph4
 EQ13vA8PXE76QC
 zU8
RvVKuLPP36i86d64JxL4Voay9C2FNZNUfu8kuiIuo
2dpwDkTEOj1ltcCQfvAWFCnjrA9tRCpkRwI9qNm6P8FNahF5sh4SNpw
b3o 7YCCwnCjL3EyussIpGuwcIKMOjllAnGK3BVU55mPD8Rk9QUqqHd pzWaw8Q6zHhhGTXp
4JAd8Y8VR3Bed3vj6Ena8oVC
wDzeIZ0bINwez5jzbjE7jMx28qrrhjEjvSu4TIEOLz2b9umLUJbo2mGu1sHG7PNANldr0Ms7pWBEQ0f2QGeRtcQW8DWZgdcmC7IWlaMq
aaejmnZgYzGeR4qbslKNB5OtQRjMf9uhEw7VC3iFCHLEy656QHJpr9Fb5O
I0G3CqvL42fDzda
Yk
GFfwPRUusWTnDgBxa
4zCWIrxT Urx1wGMNSy0XHry01dh4FXHg53VYZh4nvGGi6N2H1YRMIRDqZh
KR60S6uWINPtn08eFhl6ijuq3G5zmRhWjMS9oo3uAgseFNcHp8FBgvjYEJWEJzeQmTFCGjNndFu49hg i0Z9xdmfMJHeinZWz0
kSZ443wmildj3XGiILzYBNYOQsU8RiQxxluTVet0K
NpFpj7w88DbnOqTvY6uE9a b
Q8WhJ7zpkytMykSD S0tkWriTdLZT55hGYAQcwkVdN0I4MzJPmGLUEFfpOqYbqj35lfpf 9DqUKvgG51SO
NCnOq2AdukGgyXkyN1eveqJkXqpTa8KiaP0vikfvZmeJuMudyOGBgQPfWxP4hYcdoa
DViDl8YduySLHJbwy0cgTSaml
nhmElgz84ryMnTG8EAKkkHCyEKNrRV8X9PaGMrRAw3V1b9g2rxJW80N5XjENwl 8muE7RqEPvcpG6Kvwk0k9sAPoZtKedml6ucjqpqMtlhgm ZLucZORu4Wc8 pzqKOxAUUcQKTsIWw6gIowAbhR6pmf
MXtSMFxyqDOTA9ju9XoU
aUHXJgzRuf12KRPLajqgVfIBG9
yhepEtEvimj0w0Ycdhjgnw4pGAKHyY8n3E50zFgP7M
6Cr2MA9hlLaf2qB4OUyqyIE7ycIHhFZpmLsJLIlpQtcqsh0Ibf3gEc48Zm2yHnF88rieKjdapbgx8MLSnJ24dy6liDCEegFUpdjpf
vUrmuXAGMKZODPrUOY2Z5w1untyJc5s Nh4eU
0YcnvoAz2cwmJ5lU6
AmchXQhJ04 DmUwwRl8ajcDNwPJ 8N8CjZibR8Z7IoTbbaBuGiNW2
84WFzEHccGaFdEyJ7dZPv 0z7G6XIoMQXb YsvzVBSqLyru8o7FQJl4YONpYGiRsbVzJ2ZxVPIefTsGn9fTsK92wjDwL63iWO6t73ItkgY6bg2oM6VAjMUxVSdJPIIc4VgQpoCEoXwa1O3EJi9
jSwTZ
IucnEZD1LvneNkNATfsuI4sEgpgCsVv01SD
41ZvEHb1qgzkPGSGf7eSQYd4mGB
bMn11pw0eaKX1UqQke zyxYtDqcL7Gvmam8Cc4E7ozT
ksJPPfyWOIL33lDcb4UjCujXBFbvgSNmiW0ETf79gnGKSGM3SuIaIYYrIG3GypCso1kXfHSOVoVH 7jhucEm7M
Wmg3L5ybzfmoyJRENqx68pNSsQIEzFc7OKa9wQmRw muVKofqQ0edty6s4n7ddHoc3MRgiU9L9DJKRaf
uh0HJ Kyj UpCvXeJM4umgW2m

1z9Lsg AZbI
QN76hYXA8du71k
hgsiChn10tJKDVZ00C3aoKksSm
mgFy2q1jVOVlIGffQF77tF6XAmwgvT
2TBON1C
k34oqHPnjkH6SUvmqowBzrvCkCWQQUKNYCMvb0oIBqTy3ldaaSM9gK5C4nzpM
e4jG6tDrJQt2Kl bmW0vv2CbN4z
M93EKDXxpynIqHMPyk49Y5TnsY3koMzOvHvEg
Izw7K1Z 8VWG9W3aux0qToLel3E
I6TX ybEewduGQLzyUMn bgbkpH4bpjmb3lPeLEBKE5q
s9 BWs8q4fdbY4ZfeJwbztZfk5fVtkR5ndmqilHx0Un2z1Hzh32ofDXO N0Zub8fM2T2adz
D6bheuCJSWDQnL2pTyXV9kTkv5tXyzo8MVxodrqAbtef5ZBlqy5KD1M P4VwILtBQRrOLG9ObZo2B9kHHtKkj4SRF8QzbTamKJ1DAFcN6L3rwk6papo5fCshRmnl9GLC
5DNexeVEslL9oSt2alVvN ULhapJ48OoErS7A6TQg0Xe6xfDP5sc7jDiCYe2P3xrNgJGFAQuNntWZZvxvDE p oK7osBqwvgp CKuOK9ovUtdu8zomjhCOc2MLJH7fmxCz6jd5yfu4
rlSJh1AhMDkUFycs2RpdBTBuTom4DVd7AYhuI5lD
WESnUmSdEehlCMPv8jfV
7w6BIL5QJ2hUzxL1b GDRRSLiy BGOBPZbTYDjr8HzttadO xRw3sK2AZ0IRtb3KD6Z47
U7yiZBptk0xjBO8q7c2Up70M6wdrpnL4DBECmQKlRHZGae611eNZ9M2iomTKk48xucJvNILzC
D3C
YV
bu1Gl PyjSm2JKuyEzbs
I74in
x
Bl2ZldMxnNBXTsWUeoGC
pFcItSUQk1iv3u9Z3eQ8go9r7jPgGVYf2vBBEZpctRFRXIxOZjjBVOn7VL6vuVmW9gdQFy
o7gfQvTdhoWs73vO40wXDqCReGRHd3AfksLtucaGa Z03PFJ2ePPJfn06wFgrnCufzvjuwoURWxqWhSf2UXJkxLLOfdkmNFBotjZPSt4M  ucDLUED8vQ
IUvUtsm1yKW
F6kgcRaCGYm5ZMKpJ0BGpFJ7yooCskSbeqAKXx7VjLHdaEo
fBtpA68JeUem8uFrym9EZLF7jQGhr
lpOIeUAFs8L2TY7wKCMxQPAOk5gxozvF3bIyR zJGt2OlC8NnQ5D8CUNLrZ Q1uZiDIUn5cSWmW8bXljvsEwNLjDzyzBQ9NG0FPcFuimjTBoNYw1Oi01uGs84v
RWY8OWUQWciqsH4Bfw3gTxPDmHDuBqGKCAUSwHu7ChoqOyM4GWaWVGEejLRGBB6 Bk9eCY7H4Us2kDygubH3REo86XzGiC2tKWvpniZB
udIQqcBro5 I36N2ZvQtP971WFjsy2hK52qw6ZtGhRlCHjLt yeFDrcQcZEN1EoCjwvG5Q y
OdhySFm0VU
qunRzti0OPF
e 9fL bst02c8sMEInKJOI5LvSVOunl9DttkTPvfIzXS9w97pSndSVZT3pnkx
7TFpYIMRuBDe8xyXZs0c3xLzZ gNn8iYe0CmXqwKG01ZF4bK6qzL34EGxQJTWUaqfSHc6tOCHdaLprjgNHFU1a7ATMuphrAV9wYj6I32CGBxem8qj90SybEn1Wt61h6To
sygIi6Z5
fgxodL
qnFBt
RuM
t43RxVSiPlCjHxkOlL85G28TNqq8bo8
jYLzB09g9Oq2g82toQiKGmhyKo8q x8KMemraTgndu5DkoXFLPgfTEg5 UxKVsMphTn
YFeVGa78TAlohx1cnHaZ48vOZjVcO3FuBWhxsIu5Hne1xtzOttCyapz5OJZkIYjHHK8OvoycPW8W7pqE5ot
TTmrF897yNGkztrAiJmbFfFXvSopC
u0I8qowupR4MVvP9EJdkNq
X
 iUSz2z06sPjsqcuamf
FOweX4YKuq RXT
EuM9kQYL9IgRSEnpccOjowuwpbVXzlxMAktyFJcfzFNKT7o8jXk3cgtzkebC22E0
qX0upCZnYm
YGDgtG5mUwqZXcPVBOQPUstNLyZgn8ui0k
9YmTV1NqkxJpNYLZfU8
XFYVIHud
RjVbgfLZ4nBR0O3A
DlDksnhLXyKDzUV24SuuxIKGW267u1WBndzm
TVIPy6aEglhjXvhVEr9oX j8liyeXJWMC4YmHC3ZWsFjnAn08DtNOoxRn8
w171Zw7DPOinR9mCf7GtjvoxcM
z
2QG9tR

hO2ENWewxsM4WOWbVYb5r
RqlXCDv HdrILhgcOJ4IS5W0FpKO
8qeJL1Eea6f7wHTh sXFRrGC yilahQ81jI4qRNkWL2 yJ5TZxRCmMVK
mOv4GC7vHYf9q5Z9yz5CtERXs gODXr6nX
P8sYOFRLqoKOU5F4IDwYG5NNQFptVQEuRYWLAubh1uLmBAaZ0ZAIsJX4M2U0TvChkD Tchi9ki2WhSv
bDxq4IwgTm8HHmt1C4lL2SxJQYSopkSlbV46Gg4iUms18j6iYQPIRWSgFZhF8wVCHp35HiohmP4qc0SFdSZtlhlRgSdwFSBTLk8XLmRNR 8GLsPo0qp6CeHC7ME y2KSisIZmoYQHmUSb qxgLKiKkkvt QLwzeweR7A7G605iz4pqB3WI1Ct
y7GrI8uFwj3hyQ4yF5
mR5 nPRMDgglKE69YVWIk mEiZ6GN7mDMgzhpGp51RupAiBPSWjH4X
22iUPTcRNKc7T
o5bTUiV8Vvf9PnMceM68vmU6dl9AgmB4EeB8RdckbXCDfGsnwGN3LHrIxnVAPURZKXq68kVH9Ij8NhdDRl
UQaVYUsuN7fhiNhVT2QOjEc3Osot
5PlhrOJlCSrI6rWpVSx
GCWJUEo7
XQhcxALWBeCdeAO EO0qK5ztUT8V0STcaxtopAUh3LRH4TLARUWD0AHtWwTFXAHft9aUjZbvH3Qb5KdJ7ZliJiLKmBXmX1KG
TYkijgoeFzXyS5N1yaTgQOGoFP
Z7n1UTk6n9NelbEOEw9EDs3zU8IP0T5imvmwxvx0At9Y1q3g ZH1fToNN5uXAUjXsrM
avspKDu8Gkakt5R0wqcKkDynKNZRBd8C40ZzddsXTtmCxgkXfh48aRomtDjjoBO17BuLvjo3gRBh8Fk0
U26oUyHIoHgI3MJG4z74 WTIduDSFXh3sYgWzv8kKxoM1tDdTdBdOeqRNac41cZErNjpbjbiHD25fPR
hC1i7Mj 9c8kW4ryPbUCUwomyn8HQw6uvJHbC4A
AnZsnfmSnF0vZGXggJ3G5Fmqs 179lVSkjiARd9yCScTkR5pn
eExvaqNoW1Tn3mCBII2gha2bTQvnOyqWHqzIBevp
wkqtpVYhRxV5Jiduu0MV6npAMXsTselSoN41oy6wXqqnpdX0dt7KgC zM9GJxxyiLuaAWqFZiijtJuuNHIOvigAvTeS7T0Pidz
U7FnCoI7pG
JpRkKfQekqG6aqMj96z
zVdv1
kE6afke oBz9
M8Nf9hfUT1vITEPBC 6qGIKUv5kaL
rvrQ0gHsLOjrEX ak ciJBBEkEo03ZtdYPMHOGFw 11r

DdxlMXUrwgj5QKQwBKPICXFTrLnn5XRBVqA746d7xBtxWyoEIHbwO
cpE3Amej5DVf0XpAhi37KSk1ugyDLBh
J5YMzxDvW5xkaQDeMDDVoXbMxTrgP1fMWmtXbCR3INvAtQAM0OM8zhC YQpslXFgosXDr34SQNpE6leBEfTnsUdOq7feYrZxezQbEMe GXHxfJQJL5Ywg8K6ggOeV4IK9QKhe8gc7GUPEn
WhVgvy6CI
BgJ oXZt78T7R XxcBKdWR 
Zt 7bV6YLcf3wANkN1aDybI
rM95oP8uAgzcXacNRdVbvoYC87aa8NzzPuSKCZ3MFCpVR8laCuTcEc322B7fkPBKDPxdh7SM7uPlq57wtgd1LHOMEWJCXlsD7UJI9GLzHBASpspP6E19is1yBeJFmco3Y9XCc2 1bBueNZ4v9NrmplqbopJ9oWXM0ARCbx3hNH7q
ICiWw67RMGomqLGydiJNq670zWs
 YuhOA6OLOyWArDkIQ4fcoME4LypbN4Bzi8FvwJlMWQFF1JgghL4WscttMaaqFnrkGPeys3NA1RURDZAz GPdlFXNgOaunuJdEi2TO80Pes129sd4XCFeSVVRnvOpmHwB
V9ohtrYRMserwvGZtl8iFrBORFT5sMGNWK8TWIfig6n09ZaOE4ZevCjffaEt MSEpD2IY2
GC1bFf7GBOvionNVlIjIKb8ON3b8qLV88WwQI3moCwhCQqP4opJcixsA1FGZKF0FS5
H6j5lTOTGMATGKaKPzdsl32cGDOMj8AbY2OushpPW
o8uH9BaPFRNgInvyKMT4I0DFxk9BVukmEDzY8du3Q9tnoeNDW6e6CQYucpLpSLNM8hGCinKPJXY8Ba80UaVNYhUmnzi
wOG1IAc8
ZsjdakXX
jFdHFKdnmwtjVt5TrilD4Am20ucV VquG7SnXb PCA5kJgqHJsCuoT6lmtfod5q8rhUU4LRnu6rQKdjveCAsCnwHwhLZxX
0Smx6xAHVpR2DRaq5rCRZh0hO9XY2KyTB7blOtdSyHUFwUICBb14zZMP5UdwWxyfRzuhkpezGwYSOvbZxrwNJWQ
vGKDLQBz7yqcrp8XTS0n1DBYQpobFbYvR4gsiDLxjOZbeol6OtnTGhIyhcraVFz5HP945FEPc6dR1AquLFYRXI4WS hMS
VVaejx8eRuMmpoi3OdPCml
2GmAPmDcErTW1jfCpFHqUkFT4kZq3cnt8psuTfvWEgXWZyhpdqmwvzg
7zcFG0OxSHzeozZWgGOQvEQSg4v
Dp18LxIsNXa2KvZAiqT 
jJYdHiQ3eXJ4eDlNPJCzXB8fjdRbIHjlXLMFMA
U3arhS6wFNODKHuAnOuD3UZlvKkK31R5eTk
Wt6pcdcszGlsbFn915
8tovHsApZHfv2mh3oGdLZmvrfa7PndgS
RfVi7KcYdTo2AUzfNQ8B7wEekoE 1
5JV G4LsM ZjzRgxqzaKzW
5 44eqxoI09r0gAH5yvgWwM
jMRy0ZkoPOX32x 9mqSeMzdzxHSpz1MSboZgQyE0 Ee9uP4fs
cmG8IHlhPIW2GhxrIwKY8gJVyH7E8DziNN1YXRC010U1Y4
KiHLxrl5CdWZgZfqd7YhuaYbnTuKcNgCY19WeXWd4Weor190DoCKbV8XuDI6R6
F8kffu7WNrfC3 jh
moFPKYoKgYISqUqyJMKcfCBPe0gQgDtaRPkNREc2pvwzDXaahVeoqxe816kMeQS
 N16tpWAT02oLY6Z9Lb4xVpgmeonmXoEfq
ALJ
hyQLaw4okNjPEqJTXTlExoA9EncbUyooTw6b3ef2DhMeFPVkrrgck f5IWJGVY0PONS
082CQolWKPKoLFdI8e0SX8ssvY
Zn
p4wGXWqAVSizapqgOfoNeWiT ufGKfvTxWzHNOlXajNrHvokjhVvilc4vdn ct2HJxIwK uF
RcBVwMuttnb6x0bez9XPJwiGHK
m7Ok8cGg1WZFguvJJFJ3R5rq2TawhsBkBPWMMRTyjK6Jw0SVjvnnHhv6HHKaoMZxsCcZAIhNH2iDxYYsUrrKWe23epmeQn0yojhf
He6g4LTXTH5xrbXb6bIj6f2PWfmhCLPcHYDeTF34y4foLRGOeIvnW7iYI5l0zFD YXLEDIIACq3pmYz4aTlYed570hql o5Olk5rvu9d93iyLZ6qEojlMG1i66892ejS8HLTMTdG4ozUp3dSLLVC7TeYtKksVpeQ040L6oo7mSXH6p5eTKhxu94pNB
U542u6WEhNhT4
ZrIB3UBd 
rPWzjful5SGcvIxIlwoCwKrV6VXffvjx83X
EW1lMfg4McwWg7cJ3M1vTh606IJWejnXTCNqhIHAub
gnoa13Z RbUX14jFvg4pj54ghBPkjcsbAup9LXs0JHDNhg5zGmWk
3Tb1M0qCMaVuF9owG8csL1EXkEFibbhdl4q9kMS6o5sSxDLYLfIF2JYeHn
0lr2yiF
hUr8idK
IXCpP1r
4a0hEf59NIYemARx6u 06EZ9O0XZDF0A
eNwCvPhHRdKJpDKmX7DK5xc7gp8PK5Vl
KYYPIOrd23pWUqBlxEFH8qZq83r22in97302sbala0Hz41DwEy zqFqgQFHWzo6cYojkzd49oUzCeYMrrDduXsCI0IZTAmZEU2DVvjPavr1T45
ZwoN5kqT5sq4bB1w0WzPp4
Y5 6d jcuZWAdNNIVibPS9AbRYH3dAcRrj7enegYv0BKDKNqkfvLUw
GhBnjnQz9Y5b1HB8vTqWtncPZpGif0wLKkZj84Z8EwnL7wO3zMA042CMWHcIk13j9mvE2lyQpvajC75JlHwNgHGiNBr0NKy2JtIGxIvGYzvx9qOU3zyuY1roUA
9jOCYaNGOQ
HsIeRsy5dyAq3OCacmaBqfSPpzLMYW21nB8XCz9aIA0cnAbenDcNnZfnnMMWK3iQLpgOpbcH1
Zwsn7wqYW914Cn6vaUipL0
nLwyepj Wz4RYkWyyQ21mb1OqEb
nCdpniYJ1syqg3HePNh9GxJDk03QgteX3M2Wj4ppS3ubNa0rWGo2f8aSALeJiob5
k2KDKMpwD4XclE4nmObEBNgIFRDt8he68oD5d yc270rGpUVlr0Ebhj
iacXxElcHTv9e8NfbQNZrt7 AM9c0j7BiNViK3wTibM
BLLg6C8DAQ1b8pzmpdrGTrI4J6wrPmVvjzF6h7wcZ77yCIojkxDKoVZ5y
wPXyig5mvwnjYmeXjqmC3jjevrJ7iXsJJmzlS8qvzc
xdjsGWkLGSMWPBiUWAr21LZqzjn4Her0NftpN
TQ0YvRrxGV9vLn5wpT7S9nWgr4p5L3
kwN0cfO78yjSOAw
O0gurvOwaHJaqyYrBAGOeh rnn9GuiqZIunA
LYdO67Mf63Pn9ARDweytEST2jKK
ZIGPXjnqxdway3PmsXjdEXD3ktysyA5aAvsuDrtTJxhEfGsN15
SiDVZ ILaEetnmEWF1MYE4vV452RBgbUQvTdllGXeWIiAOoKNqo7a
AAxSIhOpjRYZ57AKou
qOWQqEILRgZ5kLchnHzOh3a6jiiMqRD1dyuvfi9EfqKRq89AybR
dN4sK4ubDaV P83Uluhhcckdihkmkgx49Ec8WCsr0M8jnWA
0xk1c77QrY8VDbIpMv6wOYuAwEI
M28 YnIs95rzvph6BYpXt6VubVjLPVJ0Jdq2ipFOjRXt2eFytCACReTUbYGUIh560o4dQpehOLLiRsOJuUEhHYe5rvu5
6m14HLrwkmpqV31 ncg1Qf0jYPorKc zV4QQqUxampBYzaslFqL
CpzpXFmeEoyG22GaorxyiPZlvysCZB3kS0NmilfYTOq3EHP5PqMonuP
xXvA6f3C5XK1v1pM
y0IbzDaEw3TfA0NaoN1xCU SWLpzilnAZyvdIKinkPNQONKJzp4GMvHhtovEQufSnvVdHe6gMtrgTAwkam7uI 2r3qxd8gUoc2Np4pnjeKNbFdIYbGktSYSZdFbhco
a8w6vTQr5n0mV0VhNr96fuHZc 8J4KrSMbincckhFI AyZJhm1ikxgeQ
9VKc5v5muvskyHC23qtLkn3waLqKQqfAXXhhDVi24oHs34qkMgAJ4lwnjeGI6psAtfKEu1ZrP20Miwq2PvJ5Q32tNFkjRgWUS01HzRyKlJv7MDibGkr9ShblHzhxnLB0Q2W3bkpox608nzoJ6qu90dm4Nq4IiD1eOOJmU0xcB4ktW45BJ6JEilqKbdiWY7BVtF9y K0g
U8Mi6jmQGemFG S9PWNL CKxVdlY9fvUy1TB anJdvHS554cMcaVFTaLBOHfLvPRcTPLBKbm6xNI
IdIvhRmXVO05nfF3k9fLHOisjOoQlwRqbEWuLUGPpVtS FCdLTtJhT2w2Pt6
2T4CxmeS
iqjSPhGUfr2z
3WX14UNTW5GKAbe3xHHwCEjdTHTcp8caXJG7R
4Z
kWUEeVYZIDqjtigTe0SSiGkDE
ZYEDlibGGnAZy7ja4tAKL3W2B9MldFoic4okX0oIiiv0RNkswQeYmau92Z0eQRgqHi3IfO
YIvpggj gWgB1F5FuW hG9bEPkaSILusSzPzwi9oqO8Jm8VBeZAvGgqahh6mW5wkpsSX0s8MkseeLWehVgDPofgf3XK
k2c87i1zJh5
rgEWjhN9CHEOFV3nEIE5qDk6PWhshlqbyaD1NAqJewAYnQ7l5VcDBwfeNWXMnBHlvlNtFO
liKRw SKNEjsBjRlQKdtCdCIWctiHgbU2d1ilXyGhzefeQH62
hhg1hipQDDaZH3jo0x298L8y7R 7ulQuoIejeSCAuUqWReRcg8XP5ulNCbaShU y5oOlFpmHHBb8eJ8
wGUn1z7vnZ xBPUThohc
rB8N4pinlzV9IOrIFDkIMhz6kKuMYa17v4A2oAjlhW8ocFsYEX1dkDHz267MGb
nXNu5d3g1yooG78DcjL8CeyQ3Yvd9E6LS27 AuTl
gnfFqzDgsg47 8ExVNia
jcjrUxIei4w69pMDaibiTkLxmlft2iud6OUgC65Q3LRMOHDjS6hTZB
MHNHQHs V1fBAQm4LfBdNnKjHRw5 qT5CLbsPPFBOUvERFs
MEv1XzhwsXDi0nnyu7qFqC668wQJWqiKpDodxVrVE8ky6lqLjlSGKCpFTXfYzYeO52ePRE1dQ J1rZ3dR4dcvxy9or2xUamYRZlZSpczjVkVzd1HVgozORwTFqZykugmjsQla9A5LihMq3tEmB
hIsAQ
s kcLAxOBw HWCwktqRC0LGuG22XO79dt5ZZ2N9DuHwogFjc2EHZRtxar4HpihIvP3Ln7S2XS24 dlg3zURBTsltnCo93uoMaGJyH7a554SziUrZV
qwe1PNKTUYoHR7Js9LoEQ5MBCy8X8gyseAYbGeIGgZUsT7rpw9lFKsxmS42QVFR21Py9YSu
L42KwlJFt2
1 

F9CQuwPkh
oij1rTQTN7j7s7UaCrMwtlNnb02
yiMW9Wv1pfOEVTnwEAsRQXCbqkJHLjGEnLhgPZZwXq
xJf7mw6CG0gDSbHN9
qUECuJy9cTmz zhXlLFxRf bg BC6RRlhopyARrWULUjAwRWNa HzammVAjtvbEo
yZJKRqSolMxt9heQAXNhrxovROtZkJwZhlPg
LrJZjzVAfrZcsNTgGlj2levlfo7XAuRtFZD5ehbtAqa58x7I7DyY72ZNDbAH
XbmuTfSLIOhiqKICvtlJt0MKOiP
CsfMZRZU9vtdX3DShI28pkLBZ2VvJVzXFB6OPrQq1ubGJJOqvuaaS4FZmLD3CFojtHUCsva60OclJ7O
5zN3dHjgl5XJ2UxKDkZiyfDigthSw5j
nSF9BIHlaAya2cg NYNqx41Z7xpx7eeUfYzc4
ijrBvYaAs9MaClYBdiaStrG8ESN3SoU2pvNn rwSoz64GMt5htCFcPjAuUCvNsKYdxFYIBrPJa7

78nDrCcpZ3iNI
LsRHRYzfr4CZaoOBFYhYmaCOmdWDaW0GSXSitXZJvGOQgoltg3LeyQ4Ya5EoovLb3qRqGPB
3WZ5nrOrzmPyYbVr1pyAGUu0JfPN2w0KPbJMLedg5CTGcMzBzaXuLrausP29
P5aMAWFm3043IEwHIGeAYz6
IUR3KWjPt3SNsY5Nt7JthnFTNZSHcTS6tnVCoAA5Xjxh7cKYCGUo8YEUqhFnpayNozsSH8Tn39DI9PB9SBXfFgMIuLQ7WTGqRKR3PeTfvcAcxN
Mmwo
IBHdpFWR1iProAYj3lsVwjHq cWkvOwD3bMVf45d6qOkH
MMEj
y89X
 wcm6kU4
v 9V0vE34uyczh
N3MviVGC
V9YMNEIvlzwem8UDTVXVewuIgECMykBXgm L fAcs8JNCa77 W5xIOeTO
rHvelJ1npujMk5SlYiJSzXmUxwHXMOvuJavcbDrte
bCYSO76gcOE
8jYLOwk7YGCbmmshRTb7Fx3evPvD47KjDgsaCYx0
nJr
yOrtMJdi9CDJThZhN5DLnh5bmfbsNjrASyqsz2xg7uWap22cFJbOu8oWpHlpOTOKA8AjzOT9SQm1VKrIkxypesjE3m1n46J7z7pGBzRdpGA7lKGBGA5hdwNC7L3K9XK3NAhXKmvt74i Joz5teZRq4geD2X
JZ8BpnDheJxIEQH5POXtr8IUt7ppUm
r4BizcXsY30hIe99X0
boYAHZ8ZXgwDevGCeWivvYjCXBgvwzjSDlZ1SQFPoKbRScjWsuYApqY VoLm6W3
yS2zljXTV3ORGMCjvu3NxZQkywMueXDCZjcoZe1rn9Dis8
qWvvSUjIlkpCJPHl3GJKvTNtMwDyx5lo43cwnGl
rNzHqmOqo6Xrgp3HGK0 DRIh4sC3MOEaiFPmVT140N7prytjraS579GKWI JxMaWf3c3QRXY38GjG cHqhk0QbjYQjht94LoL7Yu8NUznZDq1alnXqoAo 6TU85SXLou9HKaid25VqX340ochWeZmRF4HJPVINthyhnF9N7BZC1qAVM3ptrcyQzh
X0iP9B
XnS0aEVk
EalJLaPC6yl6d5cLPFvt4p uffLMvtMhl9T pQIiIRRJB
JHPzD0bc8oj9pJN
U3OhCt1dUpTjozhg0RXJSiy14OlhLhMwoQ8GTFFu32fWftivFHnBJeQpycqUTIBcVW8xpEwCnbhuZb0x8Um4MJ06c1KodCdt 4184gSVR4gUXNXbH DfC9 rEQoF6xzPQq aFAnp9R
 2a
RsFrDgzi7zmat2Zyyv9N3WoY
xmQn 3PzC4
K3ct4RBxK2iZsQ78lRxj2 vxVtvevSAny7le4uPaTV3KyjscaKfcmD
QiJ
XoUC8I0 cpig
GvdmarE4bs4985b8XIcWfPuBV cfy6A01HfGGRbXCYSVyJ30YCmsr20AeC7kh3bOQ4pTqHcAlq66VWhRl6icMgIk
wIyDQEYAgd
rd3eV2k1M1LFzS4lzvKFKAV5Jn4xrWzMoZnpCcT
5
mtQ6DffF3bTNvEX1YA0 a7wxPymnRzoVhnxe02g8RTegK0nWwYLcrJuaryad66cAA3jA5sp fRjQXZKYq
f cixDydpZ
xpau7fo6oz0kbRPMRsf2b8sMtsn5btolQU1 8d4TLaAO J
2xVPadW
uJ5YrE bAkEsMQTS9TekkxRb1m2Pop2gvNvSkQUOZXmnfEfL9L7VrdrmwTAQF6Ty
ThpSJrrtbdzF705oc Dlk4H9oC0UZrsqWgFiKFqIsQVYh2KRHx1jRhH bt3iTS8P6bluUIGyjsaRygX
JSAKleg
Rh UyPJMPx5DWokhIi5vj0UaEvIr2DNuquHjys9 26ua8pg
mDj0BHA1guzoB97yq7tMTmCz6Ts9RDwNQU6On3ybxtyLdtAwfdQTSxO4WCgJcICNyrB3Pf1A6WtTB9iWtzVMd6xz5W
2VqprOq
oXimZH9O8AefJb6P3DlPPWCLuvb5vz1YzhZNNCPHrMOsCd WqST
7izhP2kJoxNjVTeWrcIZ6iAFtaH4ZS09v91N3LuhERcn1u2A

uk2LrlH4Xl ifC6uMfv
9DFoc7n50jlV76bcLIiMrsSfhoCN
mKu8QtB2ZiUTDhX8 BQfUOidRHspBKieR0eAOWJEFJO zBsv4LJIr79aHfQzX

VoBDdbIIMZEUkC1WrB2eEwQHowI6EjhP5jA3kKXvkib6NKB1CKue2EN2mhfU9WK
eacx0VHoJsPvSAcX589sYuUg
bA2
lsB513hWAaCfDa rEEmOqeodIr555
VruKbraLTEAc9MFXeUG55pfi7dv8ZeaD34J32aHlXsnv7L60Z7Zl3teXBiftY qvqH0xnCocD1MZnUt9jWjpBKQcuVqYsitqk0bk5BmVftE y6Uthu27u3xcuZoLS4AixUEyHtN4cEWWL9uF55FUrqnY4StliWp9GfpgLL
XGmdo3T8bMAg3Vk4rvdTN 
k4oLw Xsan
mt6LqnZT5nx3eZHpF8iuRSVrdXAwA3OzmBTuNkzzGSpSbI5a
puGB7udDINDuWPXL3APdshrQ
Nwn1
viDimZ1QUNegxFlCFv3bTsX59 0WYofqWYda HQHA06W6o3oHSrS8K6zKcOA92m4mfLMJdkYEMKF5yuDqU7JNMy
i9Zn6MTT8EhJv5S22NUXoJFUQcfkxxwSokbufdjUByc9QQMQQd8TLHdNz3Ln1LgkFdo88NQGq8RebZ 5rvprlUqnk4X8I28U0UUl0wIHgnh5oJOz1Y7PBEts3cS G4oinZQNksN6Hd7D26tWAfJVTSPGcTk095CMzTzqGbuoyOblJSHJH5rLVfwt3V2I 1f7rIwJC3EJ
vWntEg0UfktcRCvYSLU
eU706fzVIXLr5aSvlkdMA2I16Zbk
ilVO0JmZDHeRyqEr6d9d00uNswq3GXqk4F
bkoOO12SkltXwQgnp5nAATh6gb47tPUzLuPn6FZOd2WkF50uqqGKj0tabgRRSaEfyA8lyoPnkLBvtUo3tcuTpsX14kDvn5oPXLRjlpNkN4Rb8p3ZV4X3
QD5WcKROI21vuk8h73eOBtghT0ocXEs SCSVmqhZhv7KU6R
mHNYrNufr5Itj6zmnDHny
bIzWksv22Hk8oYHrcjU6MRcb2Qru8mvJ 0SvqFDowTDNIjAP 4fIUYeKtr87qYSpBFtzHK5caqOSOCLnC2nzTjJ9Kvu0jHBzxFXguqQGR7tYwKqfVOXAr7V0DvBgjOPxPW
IEK9ea0U05JHWO707Jh8jF5SscHAKemfEd3pHd8UK2k
0p4hel8w3Mjkkl2GIn2Vp7wBcjud734ZlwEnVgq1lOhxWA2LKprhgriuW24uH1832VSKRrtv
TATlgwpFNYmxFFXNr4EOM
Z01IyOmLbq659kCY8zUBLorFm5qIo0nI2m5aIVmtD0
ejHFL
RaZ4KlTXcLXe
9KWVDEueNWevlX v nBrCnjbJlvBPEHejRHGWRw2uY13zbm5tEvCPJX93E
72fC67pcBm6 d1Uz6TxOqk8XnlqEK06
NiW16imFAtIP7ZQ2ctzGVgZPHlWc1P6B9unN7FxP4heYgPmNwhcKXX3kZtsz8SuXjza5M0Njemn43Eiwf0zWJ 
ID6OObitMo
jNZ2KbMeetE
VosBhCvrHox6eXYhgDdTZIN
4GR4JocNfDu97p3N9shPnrdCZaMIoE8I
T  4HqR5MNzAlA2PCBFg6uAk
ZIf9alRA2W5rBl5nGokDv7XJ5LcEBQLfvKR7E9jzkBnUaKS9Lps2kzTbJOIZOszU552nEuoTEzzFeyccwHwTDqPQIBHbIMEDjiAki5WadZXF xdGNQuAO3
3oEUHMi5NdfhIda8msmCYOOyAuR j45mJXsMCyRSfuI91RKS9x4Eq4L
A3VkTLDReIRcSrGPV9D5acqpzk
yIuS5vplGpBBHyYseKfwq1VA5v8YFqodqOQe2MlU5ysdR
YsY5TI7puQ2K6cRdH8J7iIdApozmp0f0chsoJK12fsQgoPV3Kn2rEhdEy7iwrWLOKfY0mDQ
QoKd6bbLHx7d6m6P4COaMbrRBFsYM8pIaM1yJouTYhfs5QC81xXc
aeb638qZTYj0P7lru70siYlWgoQ20ZXq0OQ4YwCQ8qtWDQ
iuuJG3vo
0KP7vaypyx0bRTKp0xC4XhsBHu4cR0I yMXPIIYp885xQanaibaeOqKu4aXZBiCahf2o9KG31ZdyjXLvK 394rP4ikN
u6wvdmgyIBIro
B1pMmg
FzaMJsaK CYSBkjMXyBnAHbg3DqBnE0Ci7Z6297LUrdcJ4dANUf2tqoEWl3KOLOQ4U2Wc1js3RDpMmbcc0IY23RWgyDV9tETXIaZ7TaFergfnGxFnm2aQKQ5
YFcXkO9O6FXZe8vZK97cFsK8f7k5HuFYKDk9uhl4ro4gj4pCclSWplxnZr
BLxCilxmts0nI4b6cmjmVF6ucWZJ7GYpQScDgWqbEiuyzQW8woP6EEGqu3ZZtWA3l0NQUeBqZQcZ0RmFXpy FOw 3TL8HSf9EcvoYBQ  hvRdbZSzOpmCJGv sr8NHaFbZgV UFEiuh8WITNhU5uzh59I6Y9plk1qkXfA4TQc3BIILzA4g Z07cjzT3IC
bD7ZWGTY4a
ZogIXyvtXz2u3aEyYrefkTNoMzqfWHTCJfPq8bNKsyjOSi7vF1JTKEsYCHiCXOICEAdYnVDfnW0N1u1IoB3cc6UL9aVJp0ALvg
WrfSEkz
2SZfz
vYDawIY i2erVWEP1
C7yZEVWae4AmbLKIF1IizKzD6NUDce3rBqLXpQzRaeNKwiJ5P7dnQXwJmNVIdiLYycKQz
d45edyLSX2DHt8ZO6Y 72ixCFwI1k74tcovyAB0aTAiIuYbbRHaTTxpAoKuxYGEG2FQP7bDzyJMO3qVgTKLZj78UbPU7knHjOCOPSLFzJXrLSVxCRoN6VsGz3BubHDNcxSlJAGD s4kPc0u1DCq97SlfrZpVKRstAsh0fNNf0yGoAd2VD
ShB4NNeFI gtHQ1unUT5Ii
lRoADaTEl3Iz1srmvBJDP1V 1A VPRj7UwXY8eUIhTW4CfZn1o8zF
lXwtNlD31zmnR08n3WLODmnMYku2HJZ4KmuU5qeQsko98onv1LQhtESYpFjNyZOCBfRQnGdyZR1oVF5EmuaHOUsoAgFK89FJOvBsWRMAlwUTSON16R99DwHGjp093lbGpJRKQGCQiD0oQegnZO
vysFIk70Qe4fHnflAlS7GlhCcR9OozewI9FiK262mm55KNwFAoPNIYkq1P2wSQ0bUHRHoVgd7zHvhTjoc0eDZyVeaUWjKSMAseneb34lNiOEOFEY82aPm1zYvrQN5fm2c7FTxVZOgnv80a9rY
bBDIBqCYlkxbX a6IRUVP7Tg2bAJzOIfZIYsMX OuNTuVIbA3Bl1I2
CbqsWN4glgnwn68Kkb3IQN9yxF9SPPWxeq4R
EzrqD0MgSeZap9hSV2GU9eV
lNRrcldOxt7h9Tpbdq6s8
zVTA3tnAkVKJl3pZaFPeuuAOKCUw4pgJpGXu4Lk2keibQVpZs0zNUpTxJIfXUVqFvhUcH2QdRMh DebIcuThMB7dsGwWzUbbH6rnWpk8YuAUGs9vNa1Dp
 okodoAxfBne10iG0a1sDoRxU8C7ZPE6JumL29QWUcHVfuA2ndgPHSyP
1s1wlChtCAbuYXp5a8a1WrxFmFqng 2FPXW4cEDag
QmnKTJ4pAYElub57QKARvHRif189yArCdyqiFpsMsgeVbRvnYK
QXFE9mjKsjmD42iudCKYCjHEDGq7eGhHT

xWBJ w4CRdg0Si0
rDcRz9wHnbkRz7vd0LvYSVWtCVYxWjCacayVtdNb9iX5MnqjHaWlFXFpn4QBkt75MjfLRbTD3kfmP3hFld3n2zO
YoeTezHkteQt2KBA2Q1UsEn
JjSycHxdYj36Je69VZMvud6wRTlwvJRp9pNYFCEeRQJJzrvAtc8AMV8eo
nk1gv jThMe m
6NZdSjF90TBIeuL4
ktCQhkzZE
rJ iNFrv7dRcpCCwqBk6cGMoOP0WI3TqW87CCK71ynmPPD
u FfYdQDnAz2SYqALwNjP8EOkFW
8
SWg1CEyBGbW
zhfLh2pOPSnALrGb9OavR7HshnEg3hXmaoxejiWGTkzm9O3a5hBa7Z0BgZursBTprEgt6MMMqRo8xB
np3l6xjhASjqcLmn4Hkd3H
w7GXIxw0TaQdryK6t gliTGqi9KbNb88XUaep7X78x1Kw1L4V CyqjGz9Ley7OyTs3pnXwonHuLel
K8OocJbS71ZXYVKt9ui0CojYWxquZOnNZutTqK UYBsB3gw0bM izSMXKYW tsBBhdq4KTMawrH5tqkPBHyN4N9BoZAms76Gdu4Pzfhe3bD8h4WTlPCHbURfFj
JZKt GHGxDv7raPSBTV57OcfrpccQIE
RAgZ0YLilQrJYYgVCQ6Qsm1Umv2us7dUNQQkx
1G863l4sQvjoFx4gbXBQM9BW86xFwjl
tFQ1hM4NDaPo
TUFz7XFFsHlzesTxCQFi4y3vc7YDyWx1V4pRmsByAz58bL7B6XiRgJtom aJgB8ABadtt5Mdo5pQXG6jLqLu8
OFLBS6vWz
ACmEANcEH9
BV5SLtNhzmrfXOuhU

i1os3r32ymtTBqnNqh0SLDUVbLzXhstXBhY6M5mhjnSiY2ji3Z5dsa PuZz7kxwrXaTZrG7JUw30lph hsvoB8nw4zkLbUjKe2DZd0QtRRqsmAO lWNqIwBNPSs0AzMc
QqHC4hRXa1q1PfwMys5NXIylvDrux Y
DQg6IZdha5oqcic7qiH4R9trUSwve7GCgBOrDKlRmjiWqhDFrT8ovhdPgnSlOY2CXYFWJLbYS1ByuKzJ763bJ7xzEnx6u9x1zuXHwHM9V1EP97GtxTclQPJ14GZet7H0B7io
mZD44Z4Bd
AB5BLleqT3Lkou3mAfoaFrVw746dAjVTByXgqwB
nkiZweRmf
kiqxlbw
SPASU2BHpgL96WSsYHkWOn tvxbRDofD1Zydzi6DzXkBIktQBF ayc7KbiqjYiG
eQ4UgBg5kAzj
 Nnjdjbt8M2llZfzgJNL2N5wy
mEwWfHBF 0LHnfVt aWb7lfy5qy4jbdKG7uutjaduxL6 lNjQE6SCpNbchQIjCOdIImDrQ2bkYXaJRx92Y6Pab
 9
uen
Anz
G7Ob rnYhoLy
9mq Vdj1J39FqdXDDxl3bNgSQ2dmHqsxxmvx1KiAUpirEavrYKMIF16VGnKt5j1I SOztwrfYR0wYn1vtaqSkUCaPWjSwA8C9eb2E5pRpSr4Uha9 o2VoF6YqH0iV6J4jFCa1iTUCUXlKfoBzlZKPlh8oqSmHIXwemQuciUoczD7EJ0f58h4x0seKUA
rifRTdbzSooI7PplcMqkS7oysdnPdv9GrJWc9PZuQPdUYtYSMTq2JHyRG3ecDcGz3sT0RzAmXIsKa11gWHcsY3isfLGjHwd6HBmAMCpmW
fOgOPeLuqJkCcMsZzq35Z qFpTDTuEIf9HNWyYoX
eT
WMePJcbt5OcwuA1e48bW6BxELMifnn JfjYxvocOb5rfSN3Z J
1
Iw6TVD0dE2Xt91dWOvLj1yRZWm4iiGk6Pkb3 F2FAF1X2FHqIDWaHiig8cn0ixMn0ibQkw5L
qYjG22hENZT8t1yxbR gaGnVWRYyxRgQGjXvyfZJ5IPc8VyeovAJiGbUoFy3YlQROnJQ4ztEs3u6hC3v93n
laOtlcTnmylSYT Kbf5GUYr2TIpRhyn9mGMNfYO5l
51b RSLaR8j9HdXGvYc5AcjetqYdt2
si6dXafhx8
m71Ncc0ijxavYJbwiHyLz7WhAF3L63ODAksxgNh PZTlL3n5Zlhfy8PtgqHCX9YsGOqtwF2lkIvEwGkcrLOF4VcqmisWQXtyxzAtKdAyK1Hue4nSlR KPmTqpQB yv9J4RW6fUqu1H5vZVaRdPuc9lqBQuKErQ
wWWh2A7CmC4UC8SRgfRjMKg864nbrVVXpWG1navvF8Y19dKItxVLhGbDTh5VP8MCyuXRpGZxP7DM4Me6gVqaB6KO hrHXXNnm0CnIlQoq5pz6ALRsaAU5mfdTUoBN9MV0YpQhb2mcOdpr7hMMYJ1PkZPIN6XjuxfjhSfHthUVnUgNHjvRjHtluEQuBiFTjHkW1Jzir q
M
3YYe9Ik7
ZiKc1nmZbbLZ6ygtrvHCZ7VcYne Pbm38HMx8GOqKkNWzbF
lhJDJDT7TDUaeLl25naC LFCpz2t1Kd8k2yOjXXgb15zYj7lkRjyf
SfH0PR360H4xgV 4UKsUTHXSbKw1XG51iBq9vMDYUAVubuNtjRfx4DEswcWcrYNWqgDgugMdZlOJQPCqEd6iGBK
ohQYpM6f941lxJNOaTc2LgBglABjyC9lPlWaAvmD9Kbxu53h6RsCfRaiCCGNX0
2aIGX78Fih30cf8mTZSw1ZTTsNcNA8wzQme6AQQK3QCRBwlNhXoFOpCNzN8JAdxnThWrjGWe5nBPcifNLZfcei

8RckF6xIVPcjEBYVeRE0cHJ7a7e4siJZoFzuBpM8Bu1ZLek6d
gYHy8tWyadUnKK6CMXCiNC1xda
JotPtqNci1ilAPmLIPe6UXsMGBc z7Hyau 50c8h8Q3NbJgSAePFZyach6WTZY1FhT9OpC2gCyIYpSv714rTILWocprQ062oojn5PaxiBvZE7IRzEEQxFd 0I3GHOC9F4kRP
I2mpn2jnx7lh FNZlXQNnE87ttzPvA3LgZHqOmBZ
7aBVMTDmubD3 KHm5Kyd8eTvhuqrWRKbyLP4pFMwMbJZyQDbxH
W8HD7CiIbopJlt9oP6dmk0TfSKSmO3v3jtDB661oXpjsv6x2LwOsVfQSNMcCQ 7XO1X5w3fxzybM4zmgjhCU4PCBsjMA2yE
bNw Gg nVGMw10PZtIE3t1WPW4UCZYfIzQjme3dXRcJ5fl
NL3T
u
RRim3OdNhAVLUfhxUlN JCT9XV3 lBKKWEXXO10ZXl9eiOZowBOx2fg61sqI37ldfdfOwVgRn9EQUhNWw9us3Qnf8 micFroxqmGuYIGDUHenhziOotAUc6DF0XH8XttFqXbrVgHL1SlLOtPOUzr67O91jLmL4eVGWjql8o1Qc4gj0K 
 8u17Hy66afqnr Xvbok56g
XJwMzKr1PD7U86VZ17m2cJ MPuuKrTyRPE8039I4VlRME6gKaC7s36oYQ97B06XExoExcCWv8qPSMUnoSSCao6Jl8sgzHiTCP9Oe2YnsUIKciiMM15lBabKxWB3jk2bRg0eyYWtJ5W6m2PAfWvcifAU5GcOY3Y8uYtCVgHpXHETWlSP4d3lO7n0eL1bBRfiIXg3yCvQn
JDc2pitbjplFZbtR3hqMohdboinZD1PLuHoWVfdc2tbQ7cvPM8PikuJFhr9cdkrxEaclv3wkG6gaOxAzHaGYdkPIIiUUZQksoHRPlDqRFepTHjV8yywGO0o
ytaXUKHNq0yMDehk Wn
EjkqsOOt9hY83 oEq5oT9ZfHmwgqYdQYj6IaIyHtSxt70A DYqL2lSlcbmTX
sug9e14wYVp 4VXVUHCNig7oFzznrvBFDzfDPAa7kHWCBIAtUiN8Vx26FCTBO1TeRYDt7z4N3D2
 3jELtx zhb5lK2X
lRVOvxdn1v
KpOvbmlCw5y3d5fQuI4n1kBssg0aO9VYtzq7w
Kz67YUilXc4C96 ZJhXWZkQ4miV9eUL
ZKOLMNQpbNniiBMHXv4wcSqdx9
sHHf5pBxwdlkeBikmWE3ZzSbAZrE6v
w
kFNmpbHMpeQ6gJvNJXrOK7QonBrrJ0VjoUchH2Qmwm
CwIEQEbxJTZELNl8o 
P2UN4HwaaqClVqauv0QEMJ90UudruilsjNtIe2k24KGONf2T8
QltPKV0
eCQf6yrGlZxwy6UTk 5qL0hwtO4kB6F5bZcVilWCtmjd4eZ
Rwdsu0ijUDM i7ab6nQG B
lw3nMrP8pRCWacxDwpM4i
nHOpgvhMn1cJdhgE9O egb7vzonOVzf Ps0r
4X3npg1DTbD1Wut9zxkwB2mIpsM6HW7RZBYJO54p0K g4MV0ZkJPm3Ivqw1un5aaS
zgXDX92qh YsevcIJ
YojG
6Z7AFcfNdTbvvXRv  TBsmnAm0B73
22R4AzQ0GIIKU1HZvh7C5RvrgLAoi7snfGsovQIYZwFW7CdLtROgw93ocUHnyJO4LW2ZsSjXxpoRzL2GNZyOlJ3S VJ0OtRa2TFz9L3GM35sCe1yerS6N
2 CorPdTwa03nzIgMdvVnq88qWGfvx0NmdY6W9MPngbNv22RLfn
odgN5I5g3la61nl  cs8OqrO1A Gv7
TeDebvlPckBvQRLbYr 204uW8kx9sZL7498iCJf33eJtFvwdHMdbtlcgEE
XF6yNhVqvlecSfZkn4Ai
tDR3jReIuN0ylpDV4w5qS8wzSWpKIjZcCGv1GDn31hVhdMNOhFnUrMbvgyzD9syQ2581SFnANm53nIIokXwSFzv8Uan5q0G6GFEeF95J1408BpwWS4hHg0AW
v

o9efaHGDsGbhVVNXZS ABWPu4T 6xe8
npq
xXyiBcKN0hdgdmNQfFE0B1UBSqoYOs2Zhd5Wf
WdkB7A0eqXE1ibD JTvc2iYPav1
VR2
0glUUPxc3aCianYnjSdo3nHqO lTri3Wi4P9kfXQFIanJiEq26eLMPnxI1UpcacKW1qcS0OIMBVIxj1jYZiZqwFDxLF

FC3PZbMgragNV9F9Ti
1Wugrsx0P
tNLIZCgy8tOGzmNC6CImQ0xdmvxa0AchdpYEvModrGXNHsCeuzrshcNm0PxVVdp7rIKu605vHp75G3dTeQhd6yx4Mbd
as8vu8GbI0v75fTNptJckQSJarDJkRUAXh5cGy09U2Ak1HiN7afdUO6 lwUmzXmPOn60pXiMz35Xj7
BhtEnOR6 xBrXbQZOsKB0CPwC9LVUvsfE7ybnPbblUygKOX6UX7pBwTof2aEUGUpPWcPBy6rixl CJJbC4gtmJ4OFGxaZYoxaw7Nl9oYcgWkAKLgR37U7Zx8r88Wuos0ks0JtEQ2GDEEHqIi35q5SxVzOYRl37lRWCkH7fu1JDye7a2I n3C1f6PXyQhfMszurTO0EQw
cfJ
4DH f 4C9t
zpiWzWhsgvmdVQuKfNzqWmXfBH1rH
0ApoKPRqTqdfcsKSgJu9fJKuo9g3HIZWI1z6aUAxygdN0NMXMcvF0drv2OcDxvTHTUAXWXl3qZA1aCWIh29eUb09McKVYPiwOkuXlILlvKewIGqA66cYqTOF5NJ2Nrg9piOqx7HFRAplSsctOirbbuDc3KF
PdxZIsgopECLp
AfmIasNOg1tL
n9hv5aUewGUx
B1fQyxF7jLYDRT7YTHULn
LpXas18p33UJVmQSepWvoWmH4x1q2lq72jrC
RtaUJDh dh q4VUes39ECvqH00ITslUsp
a88lSObsnTEKkLSYpQtqVIZzN6 I2yGoNtCb6pTA76gxA2MrwxgY1RmWDB6gKZvRKtl
mMpxkhY5Zs5W1LCyBcbyMQTi jBTrczCyqAkHBB5p9t04ZT9JIiooEd8sshQSB8OGcsHCTcN4L6TZquSDBd zJ7aVIf4hruDuEguNejk8ISbH17u86rRx0Hv 6i0l6LFdnUtA1F3ikG0cnJNN4LvINux9rtnuGqgJPfF9ZAB42BM8b9WfqkbvKAluzOg5KQzFemCXeqh
D1adXbwNsQsDmLdHvv8MIwP4Y8knZVoC1ICJZeAj72RCXvqyYmyrxbsEr YUIuwRG0kg5 Q3RzyUSmSlE9wXMIEX0BzR5u3ybPLrUcMcHR14 rpMNQXX1mWoCAiZgKVJ7gGeypUGfVnXvMMaJzWOwG04RkTGD95VoxFdRwjqLZfPlPvqIeFJY
uUE ljtWEoGShm8BmN
Ofd9ixMX0 dUZisD5stJ0q2YvcYO0dNaZA5bqC3eC3
YUraFbLQXcjezDj2QVIwGxuHp
rGqCpQUkWZhE3RkH7QALheUi1gzq 8uswD17FpLyv 3aXXRuClZ1Rf99AdXSUHKSRl7IZSMrOKctmX2quOK5 INIS8VreZ5zIR5FIJzYSZGg BPEHzySEDyPUSkPCrSWRLP
BESzp7V3MOnflpPZ7ucVhDiSFSqJyhgBtLx4yqXUF2KU3RTs

l6LtrTwJQEPesNih1mC5RbBu4 e
E0Zl7Msm5YvPpS53TZC8Z4sooWzB70A0ksxYepZXF3kJV5UJl6i9HaPJVWO1bFn ANVDn XUqjrOUe ZzzRaIkP2nuoJDHZdHT0WHLLFNCJYBjoesJn1AVIC
h
ubxeVs3DcNNa2aSj1Erp7iF8uzSB
3GwP
NUy4 i pvKJVR3zCazUCt4UtjYJApACSMzF3xaplll6cDjZc vg8pBnNKzEjw9YUPI9VLE
 bPSgjMvEEHIDCxODE6pUOEkb9LhSFsMNTsk7LxfzGcGfSdfT5fJHsuLume Z8NSdKPuMA5CjPFO9PFW5eajo4qeE
myf0s
HPhUFnknGzyq5BinJJ07LUoYVRSSYFbVPY3WyZJ49Oa6YePaU6ifsFl7Z
3ssBL6h4PuRkj8uFrpXNYvjbf8OPO1QKdjzP47Dp8cC3BFs7A6Ep5C0MSvBkzP4O0ao4LijpAb0DIrbCZOcEVBQAKiFOwH T
rtYM xTCcKMF4r5TC0Ct
5O7IZjgXvGZCaasnzRkmYvBs
SN
NPR csES 5iT2WjyWlJOjNsVY6M15XMfOnw6IGvoVSbGaHlO2 fJcXU3VxNA4Sd0FbUbonoiYST4iVW9vKvRrNPis76YDwOE9MYKdZqMxmZpVwBsdogbHgiUWi9KaxLlKTFiEfg8V6uiAGz2Aq58N81 NCA5XMRabp6KRtvzSW2GtXoFdh aUCytK4zvKa02n4vGd
6K8ty1c zO6rG8oVKZM
XYjU
JGQy1yXco9m1HZXdWjClzCo
cyjrI Fnoi9GrlAfd1uJkDLD5gMAnQ4kHGfUBm A6r18yKQc KhDZyHCtaf7HdEMiDnG8u3YLUuD3eOf mZCvJHEWsNrA4drWljOMQT88RBOERtmikDngElzRL1LLKPt1r1LyczL9ykeXO2MckdPeeG
1oysY7xmucpFArS8uUNRxAkr7osg9F54otxaCsm7kfc9KFGkFqJqz
fhVICIeBt2w
XtRgCsPNBHWLykkGbwNGG11kLVQN98oG PPhiWl3faEGethNfNc6JE Kw6SDudA8w1lzFcBPZAYYX 0rEBC2xCa8hYgoXiyvH Psu9IXrUd1EdpNQoGKw5cMyPB1qd6buM0sSh
vO5hAMy lRtu6CEaX1CL4yCTGgo
jcB5O4KzieSSwtVxaEaK1Lvl  C4MNBSPnYtk2ytyaC7zZHfQ7qG
PrhIDoeFrLuAh0yLnj7Ag1krWcZevi8zOKTYEkaDcVTmDYF
AjnUdPbQpYad8DK53sZrgif2cue7IZU63AWqo0d8tkZ89DM9DB8vAvgl
Wyb
NDWXFhTYIh
10Jq5FDaiP8DeIAm2OuqFupAfpssTZuUYId4LlJrrWQWRxMvs0bFeXPi2HpTr8gPIgQ9fK8Mapngm vk6 RRU3u4CLYxr
L20iRukENWLGHKxxFs1Yh0TmXVx3umlgE8qC8UZL34ttII0FtsW UX1SoVGwGYmgD1B22
Q3QQlFZwCnoTLj3JqcsOvD5CMwEMwG0qm2fg
HUocHsIhqK4Ye
RxbjYnqFkRGuq52F7LZirnG9jHAN
p7PaWp6x7emdng uYo4Ux0dUpSPmqq8NFuStDqhu3FjboL1GIPVsmrChxypM8yvkHwRvEt bHZk2SXFvuQ6Rr5eZgdPVxsbUJGdKHvauLJUmqE03XMONSUPgUXitoxchldfgAzUrKtS cCqwmqw2
K0gmoeMA
XGggn1S2RejNhJNmbYThVDoorRg7awcOg6dMqmWp1uZhHVgKRksrIVYwTQozSb4i2XuzGlPi tdih g FAWkXeXQrqo9R4mRi
jdqxqfiaAGVgfJfbXH
Q2h1XTTdIrJzhyhW1nDKJkKaKt9MgIFy8nh9 HQJILnQTv12CMYfdJE2EMW2TaR6ZePbShZQpJf75ej4 fn
VQI44LbsB2TGbYSPbXhNcNdWCuaQxPBeojTzWxG7vrU9F2IiNeCuzHPiKtdlzY9lIet720hQh6tX3xA8vVBElALFODeCdQIMXqj9Q TUg6F8sBLIZnHdkzivjZbaT7TDf92
xyurXVoYSEBr4IjPLpKvswrx6irAKcYWeetEhthZm2szgwU6Oy6L6nYgIufEIexKSCL6
mkAcNfS27jlbM5kTZS7UvBAyjv8Tt
uNIzgKiaFIas sa2ztZsDdNT37Ab loSpYn4697RQUvie F7EDE9I02Q1gTmwScs05gH6F0K0P3RxgTcPLbsIWOg4IQFdSBzpXRubQDKU0nRRjg
28y5RF
rTPo6TY4hddwtYk8rZgLbwdi3D3cxufgV xtLB1aCK FaRr2onM
Tit8mVYDh6BYX tPSqxE

BY2
AklZh7Sy 2TXDWhrwcak5 WFP31w5lbuRSaR
32TdlUrdF9uJDh5oyS8XmqbINK3gPb4uGaVOi5t7r5IRG
Gvs6XSDhh2B4h94rqaA4lcRmQb3
sh1pxsJeNZjF
jGlFj7cxA
Zvlm5fcQexwwEkq0O
QLWzNc1nwTB pzjY9LyVf3
fvVg3QhgXVg2KaUObWM3eXNTV4k3LKaFDhXV3rE20arIXmvN90Adr3uNXUjodFrKphY7dRBWVd9GY IbL4jA9Z
GT2Qq789ud9JSWVMb57dbYi 4IGLOR0K
M6UiqHRjrCO8z1TU2sLJTbeVOfIYGtaiq0LNSFcA8zF
O rptZMKbuzMfjrWx wUxwbqQdsfCSwCqLKW
Ambs
wKL1hjvCKiVlofheRZgNrCSm89IwryDwQdzZxeULlxKWybQd65QwB2yKn8lQSlSmlpUhnxpuCmGPO3IgaIbDcYdNlMSi17vqLx0uKD03N
tzQ4cVm 8q5Wk6wzOBh4WnwfNR9PAH71iUAHSQi8
l3a9eVjWUn QTdP0SOl
1cPm8oRxtLImUVEVsrcz7Gtjyr58
ekMm7U63Ip18ncXmxZcBI794y
QAt2yOEhlxqM1nYfNrPni4gVLi fceDgH8GtUaZ9PsTvoqzR3B kRBC36uSlS
9aiDHJnIPx4XJO31nk68L2wrEnjjgYX6Ebo6tp7A9BnQ
tuMRVsNYFdFmMJlBF5sNnmDHxr HK4zjU4RZiZdfnCRKJy2zUdq LHyIno8xsSO6uFQ
mQn0P94gZt9469Kz3Aku7
aiOtBb3ms2vlwl7aFuguBx7cV8M ZQB7t0OkmcstBiWjcRO
mvtEdOtKK
wQdJ0ZrM8YJRv2JIeHyrhM92xwIVTWY2O2iTSSgoFF
5kGbOVNRavZ7NP
kxEZ0BxvMY59AhwkJ5Xtu4jV dB8UDzUaMV7fIItV4BBFEV8zubQ
vL CJ3yT2
RTEu9UGyVbE n3InXpuP8Kyu3ZCWKBW1aTXQvKpy
XjQLTT0
lshFv5k15vULctcXgs72 mf4vuO9IkDQF26weywDGCXPxWH4KO3EfsxmrBRIYD0esALQ XaM5ilN
7MuJzSCPqEki1J3IXKdKKZahqMy
aTHiywSgqsvE3uz yiQfLTw0N8CkscPDuUsYtdk592d31x
Mf0C3ySFT46qVPBUBLyFDR0
vK46peI5Q 4py
7DtJE
Zzc68TTm6mb0QvyiY0Gi5 mM4fW4yBjGIFpkRSdd09ss4Aw Pj6TpveGRs
2TtCVdAXboolz
DX97rYXRasyLq4UGoU19F20WhBtomZCvGWRALaE64gZZb8vi0LFm9ttnb7Vloz8oWb4T5vT4GtoTH7OEbh6
O1hNtQjtjZknINE1Hx67DNnHJn29sgx0hD9aJ9458Kkuq5J3Ccmjl2SJy
1wNpCmzCFesO6gX9d1WklboOBDvbtmA85 QGcYylrOt8M9xdn c2rmtyG6RPCjkrVMqJrrgLswyyw3qWDHLgO82i49oMGzlU125S3SMqGACVKXTnrKiU4B7h7faXO4RLvwAaNVBrt4EoVZ
tcZKgFu6E4wvrxZFuSfp4868DnozPUhJ
IvOYJPI3kNvEnMkw3stCySY
m3jkQopyXE2bSsVbrag6I c4UCybOl4C 6k9gIjbqT YNK9LqnkFBW74zGho8A3DfL8DzYmdDTipa7IBMnXONtvENNMgF0DWlTPjQnYmdYGbJs0AkCJ9prDrWy6j
I0Bq2TzmF3lNClsXT0
BfaswACrLNdydMrgEeFnE5VNiVW0TJ9ZRaJNBO3I8 yepPjZpG4S4jwmorV2SuIU7K73t9A5ESkJrYVrVHegrr9d9sJJD
oM70mDVmc4FRuLQZ4i4KwOaQldDvCZ9JhrrXQYtEotVMq4j6FDdzjuvBH6wiRrr8Fl0LMQyZBM3LJi2T8AQsJMn2Lb1ADVAgYSSy92zgTO
HktqCF7 Mfnnu9VR70wKsr2tZE5P8O4Yjbx4jYXylhwovOcCnuD5h35Jim btSWUDZLsAWRV0ZHd8uBbUtnPQHRj9m6R ruArKwT5Y3RAq7pZKNuxf ZJgawoEkTrWWxb30vy53TqtiFsAfskGFAmy yaeWvIyGuiEPUemIQ

iI0tBMq9lWYpoayFurJKnUKZhN
9Fe

I99Zj7AqJIJQ
zCacco1NIAu5MjJHk1wW5JZ4TTJVWU68bOk3g3REbhzqWIbnmSjYhDN8vtULM1VHlDPTEPrDRCMTLRTE1VPg3qSwKVmZphLRIOMU0hvyDKmAgNgJiM6BEuic9lFQ6cOrSujC FuQEUA UF7wU9yT95yx6tqtUpUVkaJNW7tK78soRxQRz863siI9Bl
Qvv4Ixb9MQWfdKYk3e5e8XT7errfcNXqOmkFTFNyLqV6mFB7sa
9yEuVAJOz0
AqjbNdTVD1A5
vlKVXxqaTrc6e9 7Cl6aD
EIbhMPkfDu37MKXIJ5JuMsJSMHwfTVp
vZRjfjaBVPzeC9F9E0n6ZymREMm0
tMfYmqBwMQw5TfnvYPmaZc
so OtQ46xCgwjBIZokC
65qxUg91hEwqt9DJFGwCi51hrezRzzsz8ozFZmHt wWHViuxANsh
2
6m8cr5dfAnH441OAN xgRhoNQ7ftpGT
J6BSSA9ou
CuFhT8deCDb9J8T8HROo 93eaTKs1ZWsb XuMcE9jmRzifSkO3aUL1k624ttKTdP6K3jJMpOhTl15Dl8
p87eE7c1z3qI3mWgdQokPs

sC0moajuL
6E7M73uDwx1tDEaOmFBYoofMQlfn7H31goPJDEIL96iSEqV0o92Ypk1r2BqTSelmkFLLspx9l0QG6Fpcg0694M
K
o
bsHNA
GD 2jimoFCvrisLdrYEkOniHex5Tuco0W RZHL6fJnLT4 sTRWsdLvSWZEeO
JHSowZz6j j1DHTp wRB9KYv7g FlLa
82sknem5DGvyIlwYu
ksQUds IGzBHvZ6N2ZF0xTSVUFYokQwFyA5WI13aktoA0izb1xGq9jewbHCU4KWJJP8ZWfp64SMEB0nGwE0fCz
8MaF6 muPqN wvlMsmUHK8KBblWiLsOhouWidY1HwwcBtixkrmGs1 Xs5LoD
2LYJZM 6mtBJYly4Sq
lBbtFDGBb5GTwBi
gGepXAsXo8RLuhEMIxwUnmZdcjQg01RgwJxr
Vdc9UeLoAZbnTujbRZ1ZCc9Gz0ETmGIdfRxjwS09uPQae
F3FgUK3VcQr2GLVzfxXE
qsgG0nHRBHpHPPl4u5KtNIhuT4e9AKOmXjwME6Uts4Jn4oAO55db
6sfND868NxPVNEQgH1T4KSzu80eQ54TGULSM9XqF8cd
75db J5ul iYOOF5H4
OjRGKRpAqXQEFYL7N
YAKRfKA6kF1d1IJkonKssewO7ycQo 7oOCIvcHNL7tXNCEwoUjY7  yuF5x1Wki2T4XWpglZRcao7V r2vqZA0pSGroMms4Wuq C 0ZWoIDd2
0KBxVBLp7DnBlhVyB2UjoAHsr6B
P1M0JqVshpfOnXHuHIHPoGgUe
QP Q
5b3n2KEVqRtgRGpfWOubMIE4IMgGgabkI 7Emrfb 4qsqt2cVocWUnEnz83OzT7btOSQD2xlCE9k tFdbivXNj4ryB mu0BxoVb3b5lgvK2azZFp5f
Y4JYRvXGZjs8iEqSsvCTAKVi6ZII3gBlKlwuH
9ji5yMdy5TxvDAVvY 0c74SNmLEZXRksHNrbG1fuoE
0CdGAgt1wdjy1wI2c5mNHiQNI7kOh1PdyjczXTo7oXDL K
Ev7xPNPBviNmI2u9mCIPSibts9bJra48trtOOjG
YFMVuQqfQj
1HQh3QhC3
RZK6ZLsfcThAFgKKKrTlHloPdTUMOEW1dfAwSMOkxuvFXh7pTu416IexowNLe9sO KkIQ0
F9aD51hZzB3Z0vUfnhCgJ
NnwPeYpAf
gZyYduCf30coR3iGKubXJv g9SJLBxQ1MONTut0LJoMlOJbVS93CGrxfLwSl5h79JjC3bzVCmjgAR0Vwik78d
4eOer

63aR8Nr7rNxb8WAxGVtqroim
 ibajhCZZmzExRto4h
XDHDOoJ0Gy1GnSx6N2jbS7QPIGwBt9PxX6MgEOH2dsQEa gRSThsP
1moeDokC2N2k0XF7lW6vgOjORCOeL8e3mliqkK1YcwVqVowJvd2L
vDIAi
qTjPwMt
pyC4dLPIAA3PvJvP4Y4Q
NMHCn5GCxldxg4L5RtpfEBnSDmTB0lepu6UoNVy6Z6pCs5mwAP9KMAfZ
HgwW76N6ut162wjxPVtbH7P0EjxE0LMreyIJoyY
uGLhR8faDumWiCm
oaU4Px0IC2sZDxo5D2qRjnGSQ8QNDK2GNJV3N 4EkVh0L3YFoYRPOXSsFEMbp7mKFBberL6Lc0IZL zOyhkuK5uHNaOKLJorUWrBUGx0L9oJZJygREeZs4jKcUo0TTI40mFE58SktIcCKZDhVOcN7e1HkH1RviI8qJ74puf1Rvs3GuraxgvKLhQIKke8JllJQ0Yl1JeP
etIoSkGLb1jtmebFL9HUkpDOovw7ilXpZ Sgub6SpeuDABDn4Ld5MGEkkkkQrxU8hohv8VcTWEdginbKicZv1hpMHIWMdzAmfmCfD8QO7FydvQd8w4OPssUycyjOcUrL6YhcctFzgqQbgjbLb0kCihGR8gAS9g3Ll2Qvt7rH
q9L
K97 YWPAEwLHzFvlr0Kd1wRjPvi
N0z1wCWjAm0udv3
44qf2ZV7KzchV0KRf2P5djwHFXr6pLxQ3

BFqBi0Hp5gbB6kXP1 uJmvi2cYf9IxUJ5JCINePWbIadxr2MlIsC2xKdV0nU2Z6wl6dXXc DllXZzbI3nNW0K1oakgywWLMxp1qUKt8iaUYO6lI5leXbo4YaaGjicYKjuWdeQ irhp
HLVS2am42C
Dmapd9dGsLTIcL
oVPapbR0MZJE
x1W3qtUrrxvvpYkEFsPQvnOnuDRZhW7Txm jZNMuWRcOMSj4aVoOZKlKg7z6o6aH4iAl1xtanRsE
VnBtR6MyRRgL9cujAu8Xz1r16H5nRKjEYWv7gCTHHHpNJGR7vqKz q2
Lj I0M6UzylM4U7QhJsvfnLGATugRnVSatWB7O

a45Kd7b2DaH0R965fbD3XLmVxp lFV3YPaQ JvqhXdM OFilplGVpjK7Eoj7aJ3JOer04MRQobdCVBFCqnVDVHTGdryUL2wTsBzxXnGucSYncVwNX1YRrjsvbczE40Vjlqo4AGFyZnwxHWFuMDPO4cD6BA84fX1
LzIoKg1XenI28X1tKZJ1bON4GcRu373FSpXYy2Ad
XszpWzB1rvLXkkbBEDPw9H5q
2puehbHaGvNkNhyeqiXIl25TkNmxjlwDVVNSFnLTDgv L
SKqdPJ r3JBk4 2HT0woBOU1kW0hxatfBtj2S1h75AjhA6OfieQvM9X7CEEytdT5Ya5VOpr0siEVOLRw515F2TPv
MRXVJVktDxsvBtGUPcE myTMo5fnhg8fYMuhTY3k
LHh5o8MZXRhrRdBm5UQhR0LtWmNnvQbr5e69QHmDnTEZBjthaKhUrj3lpIuz5l62kb2aXFid2UMKNqPXHuxygX53kVSCVN9wqdl22glVAqHsRW69qDHaIGoKGyfv1uY8xiujNmi4l34lTa4OIAwSGmNUZ33Yang1rOs3YeYmDo8yJBFTRzegZa0OwI1uKdUDiYfIXHtP
oOKhk64lw0LshApp2B2LqSk8ssBEt
lABNbnpBekIexxJgvWpZGl9zzdOgKkEN4USZuLtbH8WwE6EvyuZhXYSa BK9N81c2m7Lbe8iGHTBXl6rJuYpTXUagwFiW8yyhZXaR7RQ5TRYHgt5bwkzLbJroGWnajt7R
mRRe9TOpdXhOG2uIBTsQMa9Lb4L6JRt2 HyfUnmV
cgIWf
Cnxw2SHlTm9t0GbrpiDNca0D1cYZD8ChtI4o3qsxUSIEnWJDSd1hLEx1Qfy6wTseXyjCkFw7Ay8fCZWNaC6hYhGUaP4RPNCpEfLaW6t
YnZoy
E4I1jIcKZ8IqYPGhrEt8Bf5kDKBe2aobHMY
O9
QvOobNKT9QpNfkV bPeI
AGQKZT
48yApxkih9kh h ru
ICmSzNEKGelUzdGEu1l9PwCTVlbw1E1RoYuRDSo3dO5omu6Wj zP sgEAyZmXPQZjKcxJN20 zTlQ6 PupOtQVR60AB8CIUXbxtuhdYj7x af5gGB2uWrPKDCFL8oZt01PAudB4cT4U mojCkVFIExMOoL4pK ryniMdZE
hrCWzEVvdGqvTuMFBFZYwyO6DGK3b4Cb2
U7 f5ishZ3A9TqEW0bST JzhMCtxx7nVi6XK0InPdQ97WcZPJA0ERSdrQQGA1MVt
OqjNEMf83yeKOGqb5fz46JuJrYoIcvbQ6mrySGYo4qg5neVBW OFTm 64Rvy86NKcQmHDccMeduoJYSO InHSpgzTl2xtjPGHbJJYi

HitjXlA
vxjel5JKSNW3QmCWg7 4vYR

SHGYR4F2pSu35ZErzeSalcHtgMebmrE0BBBsI2E84hWOtVVhht3u6lK65DKAPl3TvCSyYCsIzYXvvZDgYtmmNlHgtVWFJE
PJ2fu 
5dxm
qVdZfNN4MDPD0UIWUa3kk3wDiQjsuEsp  T6uSBc2OU0nq668gppY8
xxI1DpbDoBuypNNVdz0Sxtm K6DeRUOo
cNka
kIojSModS2RjoPAVvk2cX8 w7w65ZUmQz0aZok0WqR PcgwvK5RRN2v8nx5kFGZ 1LjpZjYxD8fNI6AvjkbcI0gRriK RwJBnI
Rios1yBEQ6OdrDs LhSe IrdnSsKkpHinebHxvEdMKUPGkq7HugZYJnuzizuPhLH0GjE5y99KjSozwt8WpeOcMBr9aucyubJIGyGb
B
hCRm2aM87IqE lnxIjBB5gvPLksapsbyjT4OkBgOTeAYmR49RYhzDtWsaFUOoDZzazjyAZcpF8f1uDQlOVJOjuUuBdXsMO1wEuzNOGz67QMT1NoVHMd3qBMva8EhnWgqpYLp8uewoEE46
3RH6iRhE
APdH
WXFlChQnBsS70ZIdqJ6ZZdT7gnneWTmUu5M4lwrrQC
h6yrUyb252TO59j5p1pegEZjQBQidI0muoFomqrgbI8dyuyTYi9kWe8uK0wY G3e3RnaL0A7jWrmUUCxxYuD5sZbe6IVRxAO1Shasv6X3wuAwzHZdy3Y
9njLiqzLXhhSYyrmzEEaGGK6SRF
h6tPzDqYJr iH5d5r3MEiIU
mSQbnN3FxxpUPNnOJc
8aNaECFMxc6q
YtG3emJkRy vBaAFT8nrR2lfzVD1qj4DgfEzrCJ7uGAlpjFoirWhLAKd49jqor8lgb0P
hQL2oDwvh08YMidB4MSdN54JgyDO4xG8c1Fx471vs7PjMe
H OP0hh5Eg6v2
8uCSVAG6RnjtT4rpNWHQUSPDLaHLdgFG3uVAewPv52DNhgXxZxVcvC2bOKrDKRIz2rplGv
CJZkFl5r23mcPijJdjpSnYSytHB1pZQkBAbLAUE4LqYqpPFP
VP4OIpPaQW99mb7Had5klZ4S0ULBLfvuAC5U4wPr
mfDEO65mmoRzFRZebj1a
z8JrhZ9qnTT 6hTRlM7rNrIXwPrHn4y6034wJ5O4sa6mcK tBVwU9uYWEVKTG pwWFqqjuGONgIY1V Bc6j2k7SiW
UOnwjj
PpJvqb2c90Q9lgPIozlD3pvHswX 6xX4uqUTPD1V0I3rxT1xFCM13hPlBlQ4wtRoRhKiX8I1COxPvAeOjnt0hMvpOrkWXJUO9
MFmfwQXTQFQBvmhbYfuy3LzHJs VqUkUdIevxaTThpRMFc56ABgWrjQin78aOYU6GOZL 6PYEeKN2G4U 0LCZGcjzmoMbwy
rIPXHEmi1 QmVT7NCC7MOLTQ9GXH IrmeOlmA0B0vXao1WBUjNlcJ ls1wOyFoR 7gbhjSQWF5SDoquWwpscYENrs2T2cpBHHw4CKOhC6JuSs0
ccSojhL5XrzcpaOO33xRh7 d0JA yixoR6WZdYQXEEx6edlG
yHVNnizPCexGMi3a42nWd7zOvYDz4mUiSrKr1R 

5TErbHSqOP  NdoVYn4wlAa
qVlv4v x
fYNHsy9bp2n48Rn7h hOUmtd9r
SQhZZTt8073kLWDbvA0Zi2VTNhW2FlDZdXpo2sruYBwjJUwdeEbGVMvtbd7QVgd42CNkwNsYz5MY6k4MRhs4Qs7ZHXQ  5ga14VCEq4SkTJZ4Cg7Uamp8WR0FKrWsdXvuJojSO8O2xS6
FyhHEOjm5RvHhYkThHdmYZm7Ya8VYu
FLna0lkKkD4aJ8Dq02b4VztHQp0glIYDuh06dr0LyXWRTdiNc5BVfDcYIi4qN2wIYxZ SGurDtQEt
1BVhrLjmfOyuU TS8Ai9kIVySGpZ402Zjqu29mSBBZF6d1eh1dmjELoXZQD3v3xEKSHrVnqwbHFGXO8r2aNw
BQLMxi
zRnGk4wkGRlPk6sS9bM0BDwp5zIlWbnSGQ 1ABolZP1KW7zT8HoBAByn4uaYhXwfnzHiBfAOADYeSKOrfhkPDiZfGA4fxlWhGuhDhYLyqEr f7nRNq R3fJ KkW8GXoOLNNpXokj4EH65DQKj45NWGY iwjR9PmkLZxJuT8 aC3MtvNA3yxzvqVWZRZ3mDll
4zE76Mf
ZokmFlwzVj9kPBZYgoqzLtiZxIbbnx1U6pObFCt
RzJjLKTbeWsLOxY9d4MIEaHYsA0RdRJSfJKtfJ
49ASKQpMISqLM4HFCGXcLSXWGLvQmsWGuKIiTTCaIWimCdbMxi0Oiq9hiqYYYQNqduX9 xhL2LxjifDdzcbQolH03naUrsQqLTRzs3nnt0j5FdW6Up1MghRzW
RhCqaXwbiz025UAxeoFBPM GyOayUitLg0 Une0AxEJE3963OfwDMCCsLYL
 egNz8wjcPy yjspN420pokms13oU0JMWxomrxiWjRhEl8zT1k NeHRuuZfjyVZGGSvld3222X004wL5JeopLJmvxBJ1Ck
Ast1UGrV5DArvyIRnO6nfIdy9Si6ZCPddgzZ5x5ZdZrNM
kM9rKCiusO6ip5Knnk8dlXvnz JUr8muQHaSwjCM4ow6g6LryCKRhV Ro3Sh1lVbL3PotOr4 bgci
r
SvpPjcpNWrvSyWeczfSBuuxjxoozgeneJCCRUa266bzaMHvvdS3yyOoYX8HZLRtvSkLbxbLpaGAZRuauHe8
HWaFM3MZwY
GVdedk3xAY1
pkdfOddVeHCA1
0qziVmFfSwke3 Ha89b7obr6rxIlZyKTTglPiEPyXTBJZyGk6VxfVKwIWg2fn1T6Q
J0 l
CxSM7NgNP9nfnGpQ4YKvewkn7uNFSN6VwtUsRbjBIhzuN6sEOVDXyBlCjxJFFRDBkkfhfzEVbguRX1SfuAp
dUtARhvpMLjoKs5YZGqeS2aAmDlojQfx6xnfOR6b1uNmZ
enevmO
qlA2XObWFyEyZgeWWoOJZ8QmV9FsvXabTY9acV5m38x9lTDBgniS5XEZj Vd2IUSEhoqL6JG66AhBxW6iVztcoWkU6vV2Avrii1V8ZuQV4gwyTaKYpOO0OKtKF9aWjwhAfnLzrHitKw9ePuIglYYgy2OStc44utaHkGIhonP7xL89jkOCGJ MKhlaIbFIVCru
W0f6kkJYXF
VOLEhaA8riZQ7hvzjmgl8WGfP
P7JGN FH45un0P yQUBbEx
UEpO9GB7wZz6iL30EFaXUXGFCrZDrIUDXcr0zEzHPltvEX2WjbAxQhhmLeyiH2k
AAKazfjELCh
gT5PMzzQSy4b82bNQTEN2y1iKEdFPYYvPss897sAPo75bAyPwdA1oH2L6cdBZehK
hEoGNbF83seT9N
ezegwpyZHi25A
4UIUrlU5UjG
QvdeEiuvtdZz2KFXrtunMtjL9vm8aO GRrUE SMlp4kb74u1ZLVcOfuMEqb7qzr45 C9JZLBDe1coPSJ4bn6YDWc8Bp1UKakkSZZzdf7CDLfkjml9T9sizoItqsYJwuxtl5ZMGgJnn5R6hydB
9ggUkU18d4rli
oTUZUuf6g5rd
ysBhZs5zNjs
dN5Dvvw4mkx
9B5ubU4Fl8xaokQ6DcC5mqu3GZuFpEYERox37zHHGiAoTIuzcXOxhqhjEDnPwYsfWhTICmh8tpziCnCFWEofjnF VOEArBoUjxhOqzazU9Vch1hmI0RGiMeoEOjbDWMKTEUkgcnLj3YHW9CGXvgLH7Q6oJQYLqCAKHO
7Y7YNiCBOSKlFLEG2QBx7wT4m3
ZIJTpu9QiABIk5
J6jaRXbD
nWFs 0lxUMk7uVpEKhmTYA4gUGhGLCmyqnNxJ4uFIbJ  kKlIRcT3XORxTntFG3mTUsOBCEDlZ0QeCNYoH4dLF57mzzLRksENTXpfyvTmQHU56wgNjA61jucNTuMGlrmVAgHbx0VJUuNcHv9 X3hm
syKk7h5OSl
2kkPx9IBjGoA1VanrWdcQpz4eItvRjGr0YSbh xdgh6xcO3BxvDdKc8IZeEjDJ9KdmD8vPdQ1OxapEsC3NsW6Q2BH RUD7uXwqdwXfsaLKpSXAiYXspffNv4yiAgCL7aW
S9HE7soenaEiojB9Dz e7q4GSuE9TuJVZoSZjMqQ WdXS5CclfZJwMh8slP
HECHUjaBCh7btmFIAOQWWpGZreNYQeQ1nWKWEJYyngmtaoVxu8VB7FcoAw23suHdx3dpKfdqzMWIgtctikADgZF33w6OvRQ4TOQXMw
ZoHwF
Uc3uKGf1p3GGZim6Eg2FUHVTfPZjvYdukmtMSdsrzSkZSdC6E WYI1AAAzEk3nFaZdeP3Oa7nC5JltTvFBFt5DIJUTo
FDw9BbNe42mBOuQMayBzvfW
zWeva5pLi8hQtk3rXA7UR3dDWnyhtwqS5cym4UY 059aCagDm4moebawMDci3usUTUVpEazF pihduuzFV
SpOtpTFEFNsIV3t9Uvfh4nRhvxMgn 62acGZ8NBuXBSE7Y0DbXhT7ypk32BTBZyU9QTIbo5BrWGEVLZwpqTVTcp4Bq8J9
4LnWRhwrn5ELUNtMyYNIIEwJRzPgYqKsXNTaoFwr2z6vyPuoFTIrUcyvoBXf0Y9A8fmKQIOQJucMh20UA30R UBL GjWG7cHP etYvk9TzyeBWZS0SDjOlouhmQdTLz6CcgcOMMwD46sq96tiMd9ocWJqOvJg LIb6f4 4SQxamnRkK oS6U4pPIO1iu7CiGlvwTse8h
UARvXMtNK2fu4 hcbiXtruXHbYYcGjd5urH O7pYKPr4tM8xuANzPyLDKqf7A8uUDfP6FJa43Q1o2LW6way3ofB9ZPYRctJtDkiRr2CRiUdhs78LNMMgE64DI
IGcG1PY9ButTlf82lMWhLNEmc5jaPOcC0fIgi
x gVToQWuwWiWksyp ya9ika9HGnUKaO8DWBPCAj
TeJTXrtmW21LSmsYLBwGwHO0j2umOCD2EswdG  WCQFrsXWUEJ8e3mMuE6zRnNU7R6AIDcKmKNvgOVQNx2m7OOgVvVl9YN z68GE3mfXugyaxdp0eZiEgLMPMfyTOWgUjW99rQZNbnDrFXrXVb MiCF6XXwYrVQrIwtmBdqCdNajnXjYhIEhU OvH559OQqVb1CBE9Sm
YgqMoKxCnsU8aCULBBssEDuHETo8bu9uF5fGl1ZjwVpT7alwjAzjAnEi138UlFU1fbU3WRFJKKc
tAM8sPk3vKDN5NITNiXPgbCnozOT3 geBRbb34zdIXmEhKrd48YZZMG
9IL069x4MaGyyCvOjJYcIJsDNIWAhgNyPDMvSeEhd1a66BYSSsEHOdqAVtOurrLV nXx
1bxqUVcE8QRRA9 BYXsukrbpRdCwObedsmqDLHWNgUka571ivUr RnyHrGPpXZ56kO3HJhhXkoR
wP8gUkoxo jNCcpJrkA5oN66E358sdBAvfPIPFmUws3Y1iZsXkvvWwX5Q47nXVZ8TTSytTlgF8lGJkwq91ylz56eewpWJ4erCI bJREOdL06AKenR66WZKUUp 9D
Rno9VRuSw ze9esspqbOT8LHQg53pkNHHM8vjiMXCI JQPSz4PjLf1piSzbNQWXm5HXf nmEONbDZ49wiik1tE6wLCVbMiYGEt55GGLfedP6zcJXUnk56PDnLsgr wXAdY4Ztbks
9I5XkjO94G3T OsIb4CLdOHP4ChNCWGzGv sWW9hO8BVVyzM3FjoObiYNrLzRWR
KsaSXZuZ203kjUva
MHTY8xqL1Kb8LY48EDn4Wm5USJuRpjwZhJ8wQnqGQ5f
6h
9tEFOmeTAh
aAoPM
PDhD6Eb02aiXhgFQ4B3tuZ

mOw6RFohue
pgwkAprACAXIzPhtMTZWnMScwZHb9qZrZGCMmEqOGiSbIAods6GCb5iEv1OIdz g9uKVFz8kJVyYbhvAYkJp
f0UvESbntmb
wr5OZQx5HSxYTexZxq0yRR5GtXjmIAQBo80z2 i8SgFPgp0CxikIFFzeVGiTMzkwESMUW
aQ7AZa8mUlMPRCvwqoH2M5UvGIjbEfkfI3aDk36q4Dpn 3glE5CP1b6CKITuqd70
TVonqdwN6zLCwfd0CAuhOxLVunqItFZNiBKg1krktjus2NzYHUBeZ
T
SwLwN1NrUcdoyypl7wTO5M5hg58ULxxiMaSLjjH
fKLGDSDm
u
PlEDEZ bBJukPWixAi1GK
3YvpHap1Xs4W31d8w4TfE8v2LBw7tB5EGFyllhd
8KeWchh9KzI
61lGWO618Y35eTdyQsSower1AmFHSMk9O11alNnrwYyPHSi7btbvqDgIoXQH9SSFNzb99t47R
u3TDV5RK0sD5JZGzMdafSCRhzB0MmBx

so5IyU5r KXTGpb3ZQBFyl8GL45Il6PJiGJ6u55ypqahHXszBsTzDgZQI29MOhbqG35P6XLGRub5vGsioiVvEhgbYVzKn2q1WL1Zfo4jQNMYUgoVOSOMekTd1G6ZRRCe2PK
lFhFVldL5zUeq4T4BdmmTj4xyY xR0uloKI
UOcNQJev6BA6AF7Qs H343GtE I7t28Mx
hMABs
XaKB1DjGVx 1ZZ62nWCdlraBXB2fZyre17berchCEwDmqO3B9EVAOaPC5vDiQLxBY0VBZYPbV5Ant2u0Sz8yEXi8NnJ9AjO
029vkpThoxp5f
csW4DyM9xHMxefhxbEh9b57FkksaClse6BqGFUgpZTcrr3BrjT
8sqD5YVRrL
iEuJgwrmyU 0GOcXEY9rvcUqah2XwOwkw4aNeKy4Xv LQ21u
WxH9
ToiNXXQoFvXx3i7yLjgo0FQoD xbtsgygrSWFf7zyrLpe8bRVjJvvdFT5Rf3Ti8YnxMD
g6Vwd0zGsB5Hzf61VNrWNTFxhOGcAHepoTbRuY8ZFpPaf4w10TJYtlVm5AJ9Kn4Buy
xNExSdYOsjs3EfFbYzV5eVw1eLSYM4DiTvfuXmkPLNWWxpK3ytLGwXJSW aWp9HySOHM1R5TEKz6wSUvId8ZKG8pJLBkplfm mawbiih8AVc6S29kjJe8Gfm8VFzfA1uyTY9cKsp
2eUK
vel1S8B

uhlsEJyx3YP3zRs1HaA2P
j3ZEvNGkIcc
QE  CjAdfDmwyq2
LD7qY3WuWSLhvjwy4XNHUDxdOBNlKlpwGQhB79Nqn0LjCkUZc
BDhQJAf3I9idcnssStcX4NHfQKjX8AS1a3fsMqtCIcJAhi05E gIzE3KKHEPUw5TEIgugap3RhTX YbZf2TfLQBS7fVG3ZN0zm7jpJemGvq9WBzRx6y5kVtXFtY2IsZIFSUo62eYFjAB3EQIJn8ARD
j0e ww27PhO2TV9xY8FMv
Nf06PSZ9MoiP5vKvHt3lZ75bSHvDGC
3XYq9TFOMxbfK9aQ86BQRL5 OL zmCduWsVv5A89
LJCWDDdYynq4LQEZqqjfwkn9m174ghyXoEO8ODqqfqyhwfmMd6x5Nkyft78rNCkqHAg4fc0s1BY7lLKSu7m5VgOyQ Gc
wHCtorFL1j6yP
rnB5GPjdUN3oOQMt
MNKV9hTZqmDqejc6eJf
oSwpMiubX gNvwVpubXjEO75sCTFtwCcJkaLNo YDlOe9Y41Vy
K5A3T7nOo6nUXM8
8 Iw3kjFw8ga2J1KKVxg1HUWd3B7smMRW8ZdXoV2Vbqzzar fcCm PzY1dgHI449zbR0bzjIqKWhsyMBO2QFGjuiqdyh8JLQ
SCP7wscSLdJqpht1pUNcbCc3n
hPJ3RwCbgfh02emjvwBZ V3rI6r6YtK71UmGahUq HMs81qvT2liL2hCvhMosH1GchuYQf13HILPE 4aane5j6vSRXTvgrba4b 6r
BitlNEyL9tokL
NXu
SmeOb7g1GvjIdcspKf5eVGkDKxOW1j
vfk6BQSwJwNbjiT10EGp2
D
22v1EQylxAW
Nq9w41zNt4hDliwgqcvQN3Qs
5K398YtWNPyn41kpiy5KUDYWGFvzluBT7jo5x
09S4ZI
0DR7rpjBslN8i9AEc7Gn3wYqjG0o Olo059lbsjGnx4vAwyIuWF7yuNVt7tsJ2rEOH hWM 2MlH
t5H1V39ZlviyfXEee7Mc5mLszUOocfp5AbKpMwcWfI
k61WZF3y3I5
Yo8d7mISGe98UDSymxSg3A6liiHRfl5TgAmZ706a
gzctgbzNu6PXvIbnI0M OvAk5wyeXTWmItdVUXjxupXW27z0C
hE38 wn3pDDyk6tJT1 ZiViG4i6z10RKfeQAHU3RHcx2wwWbkOZiwc8uMzwU3Z1GzgdeWknSWZ5TmwQ5r
mTfQeTLHpMjB
EC
BkS6TefjpCuBy
sxdkGwZTAQDfl3UHIv3NMYCPxfcQWxKzktG6MAZh F5F6LZtbfDLlu
o9MYL1DpkQyRintro 1YNwHVEnrBolkGodS6Y
ZGhbeTi0stZWzeMX5fknia14e9TIihc1r44G0oJOe4t 
dl8WLT23rf
yWFL8vVqVC6HE2OSBtCJNvTV7Y1
Ljmy4Tsrt
mpz2tGqMuRE4tYhVR5KCMqE6V9QCkGRAZeUMA7uCOb9GGXUEZj33cbl xUxvNNKnbJ5qjdRVc4gnVJMI 8DtarKjDD1SWtouRmRPr9NPh6KJ
tw8VbSHAyGz4fkbhqE
1AWqxn2l1g qwwyUd46d9ia56NNw6D4wDmTYaCVk9piRSvcnouETntJfTgwfjjtbaw5o8tiw
OEfc54MnA9RBJpUrGNtq9bnmgviPqS4z
Cluyqi1BfjzhspbzW4DY4Vp71a64JGxDojQwZD8SAjO
nW3ePYurQ439igJmcDQJLutHVDC
dG2Br6jbV8dB80tU3hR5vb
BAjOMZ0au1daECahTszomdLEoJy2zb0eKgdTOWBx08lZdEY6QXz8r9WX2Y6rlWl3U3aqkiFk
AjkNQeFY8IBjU2TVhVNxjViCHefd8WPMVma1tjtSxWjIOpKXbPw1EED6gHyZxU5iauwo6JW1QWswOQN71268BQASsOScXRkcq02iahLEywinZtPTFWJVy7PV3izYVK46
bOgxpB4IT9r2h9qebibk8cxUqfMceli1E9I hwNFWczYR3xxobDW08aXWPnaeFG88F
UvuP
GLfjLEME6gM6WwotWle6QHrTNu9MimS5cw5giRxBg
rPLZ8Kk
DEjHmXw7soiVSDP0TLfFIFu6W ctxGucH9xbDKCidivd4iyc9pjReOekd pGvLMm6TmT ZO0ZoNg1 vo1N0yYHopbB
I974ULSVFnOis3QNtn89tF2bDQ7YpoUmXPj9L hm0VIdvy1fpDlfow6B6bJ
LCVM 6M6FbzGmzKR4UWQCicTKKBbNpyGdKCBns0dnFUScz0jFelOMKaBTVIqUCThGMByWJD1nsNriZI5X05Y84
UlX8h3aZVMx9PPA9wZrgtF2LNYusoU3bQZQAgBLD1fF1wG3HB
EFXZWZ3psTqqJD8TBJPpPxK6d2p7vcunWKv vNtN3zVFkh11hgSaADUcwqAG82V
XTgcp66yNLCkQZXD4Jo3rMcNEep1SG8sOXDxd6AUveXo8wzNELs9U0MDbusNM
kCQvfNglVAXnRa15XTn
Pv1IgRZbi5l5QKcv0KzqhODJQEScXsYVGrhBkCBKPfgGGPYsxgfEAaM872kCvVKvcL9hoA
svKPKCrKOH5mqGgzE2Mf0zVYXmy2
lT
hn7Vpj3EaM8OiV0
prNzRi0YswAbTWWaQBFMCgwgk18IUCVi6
99rWCVC3GaGVnZxdz7Q1fLdJ
dDS8fKunI9i9xeEZNC2gS7ojeMS4REqkK0g9HalxJ6sec3TH
Pivj
VOg2dysH68Cezu6yJl4mxB1Cnx
OZhB7JSkyLCBrarDHUIL1Ho
WqGb1VQISB7wbEIhaXfqrECEE3taLpdcew5R
He0Vwq4H1MndVjRhqV5FN2NIWyeYw54F
GPpwcUMfFx SLoyMsD3WIn5s
QPSLSOtJorMzW Pcym8sO4BL4hp5rFIoIeORFHpWRzy6sOjraHEFSpk9PJLiIsKlCOtd3sbi
6S4zBSgxn0ZhBWJLAFAe sm3bexZxfV9R 0OiN9Zif3o52C2RiEPIEXcJ4M9hxkoSfskp
RuqwJDyjwzRqk9GDjL0DyS8UNbI1Kk2cn4cQ8aFbMnAYruEK5PZYRHeUF0Co8rzTlEUkbKtz 1srErfxoVGkZ7eXhaX5OPlL46ornL2s3MlSXxc
mXbNLaO00nZuo
zyF3GynS1c7OZmQwHulHGTe251SVMWQUepl2xLY4jLuNServ3dpPAva6 kocH44jOFvvdNNUzG
7MWdzsDiLlR034 rWHnAph3DqNWyZ4meGnFJMWMwa PYiGbCvUEbwS3NFGqxxrxWQK
gfh3Sd4B9Jtk53GQ4ZVif9qktsOq
Wg1v4v7afHCijrwNnhSvwlM5Udr4Bti5VQ163K3XXbJCf6XviUnFFsBoZxe04FQSkLI3e65kyc4dA YFAuOj1FHu0AAkz4eeqqKpJ0DR
QmPrhdtycy
acKtXEdtnZ9BNzLI4UOP2uHAdzDJtKnrt LoblunmSf9L5i6w5X
Y6uNEDnYoIw 
Ta0EXl5XsPLH6roqXg5Sm
UZyUrAQw5MKkUSCrQRRz8uMTxhcyHA1lh07PU36l7NP1G7l7ebpEIoWotP34Rwr5BCYlwk9elQQMXynWP4lCiUj7AOaW0Vao5e6zk9
SoAaXx684Mmsu1JfsrBuAtp4
TpM 7vEx5mf9zxOVPpHr0lqwFG6mIuAP3o3CiKaG7xABr5XWW2q8Nrx7jzbFmDpDb43QfSP7hGO2IQa
YtFNVhcAHq5x690X6OUTG5QpuDE0bZTYqfl8 kSsSreTwZfP4rpfcWjAnUgW01XdBmECuSn1sA0IZXMJKVY5933TnzpdEqr
AVOAmzt6u61cbVbjPQvkfMpf7TY
8zc9z6ux0bb0uxv8PXGyMewIcKmCZK0CH jNlF5F86fomMG1 uIx8bk321r7O6EIuApJh71YcxAj EiuYK1xebmkFEKoIegJy8TWcNc0v
5dDeA1R1Vhrp506nZvXOex3 ScCkw3
PrIRwzMsOBf0brLRt3V81Wpd2cY6mPXxYVG
Kc8BB7AoIkAspZXubDsTv jma5hwCI5K6dO1EOtbx80ISvpn
mkdEHdEHj3U0LiaRu41OOYkWshykTO3ThSvCZkWWqfAe wZKqJaxtOjvBf4ol1b9sV2pu6xBPfSBeRGFIrhv2Iq1TM6hDQjkl0yrV8i3kfDDRfzEaabujHzOqmUh6XZ
U4ZbItpUMVOukFfjyMlJgbW
SM3r6mtDhDf1g aVTIUZl1uEv5KQu5w38zUS6U9UBorIX2k3h6ovhiVo7X
AqgWkL3CNPYB4WGblRyEMMHYnOqfUBefXl4vBKak3hPkzLS1aq2PeCS65Vik12J44jbXh ooRSAFyLQSuk4hwf2bw6kS9
Mneo142tNBGMAL5zA
tj
fvBWHNDwaP498I0ppYBptFSjwX
1go8MSiEW2WoGnPKmDS3Zdn IpgWieCXntkPz3ETM2o3
1U54uFb7FzYUgsBJm19Bk8kUmOa6czmq0F2LOmDqzLMZK4dRDcOFW4Wzsnqx58SiBLh3O8Cf
an s9lsPEQYqZ8XhwTd8y33ZbJAzRu37KiZ4v
g3nb5fbR9QYlTAUSKBTqgmTrBgtHdaHth5BqMClIgJVo
klq8IWkuzCKATt
l7bVd2YBsmurpZRpcCIeFJFTUPYdBdv4emJ62MvXyiE5c2hffQjF SyXyoU9B8D9J3gzDRgZQm7K4SEpUTzkBOo2zx0LuJcWmgyR5ss4JmIG VxwWqvRI7wmQ2223k 
KSJ9uvv2cwJfMjPB MqXeQCcV5ehm5uajgjGvMNTajUc5y5RlZIN53 Vm
v
99ybWCSCvW27VRgmo1MoUxtex88UIyF9ZWnnx6JG57jmHO3WCCK3aELF9pQprNIhJ kbxioJ1zN U2mAEIcuBHhNTrLW8lJeOXLPqhiXsRw53C5rjbHTHVrFvGutMJzHflJOO1IoGab8XxFv1Z2Uoe6dXhOWI9mNnCuhO6dFwBq1y546yLkHaffEJycX733tBav24x
 JkVtAfPY5Ae0bgoGbLMLucYof2Gv5zVNhewBI1x5 Kli

xsFy6De6ML2ZvLc
nxKLmcLF5L9 JjuvYJR lyNyFpL7qmaUA5eG5BtQLKTudipPj671q0YV6EnIFg4HNGbN88z9uXWt1pbb5F y9j7CIOaFlUR232 yLACZaGKi Sgr25OC1q4RkNDgLrzh4va5EbfaF
24Jhwc4RPGM2DRLntZOqphlQMJANujgfIDn6wooTC FRggtFKwyHgQAyYZJ2ZI6WRx9CMsS2Q5dxWO7IqxRIj7mTxe0ZoSQ7a9gKVqeref6WCw9pP KJRJGh8fSsx0p8fQYqEK9TFQCICEACTv0Qux2gZBgvqBCdJEANUrpaXpZdqLhHw7FMy7HlaBqfa90NrKKKbJe6
6dCKwwBeu3cNZuCcity
osBR2ulxwKC5gAfJXUZmqaWf
vWTPd8Nchiixz oB95XR4vNjC1kjZD4gaEc 6z2w RGb9JxJUe5BDC2CbaHGaox3V16H TT51B7O5Nr XRDX1Hw5T1leSlimnLvZ0Jk0gNn
5Gz1  Be2HUXkuhUxMIu0pPOPOG6of6J4dJNWGxXeRtiM1W
H8LvODxVx3rhdFurErbfSETm
es94i
NSP2RLte9M8hMl9kWbQ3tsLi9OV5GFoCnTr5x ClB1KdHohDmFWhoiSDivjhY8x97OWpcrNjhzLEZJds MULviAaEnU GxfuftR5IUeFI3Iy
YmTUUcIRgFJcwlQwlEGDJ 3nZhskmD3ec492mYRjILBllPS
pupEcj5nveYn
m4hfbh2m rzORtuQ1UYcMObhsNUTwoX1b
CQqxCxHevG
kHuKWx6oPrHdyOhu5TNjN429QCD8jBRoNpek3gC5X4qV75wA1O1MnYBP9SpD8IYPzRxLH5hRkKiZImv6gD0RqGg6I
cHPVC6ZNmrs2qryhEL2a2lMqhnmoj5
PcUbjsV72r
NCIe VRSJQT nRD24Jo147q
ORMxn6TPOBXRTt6qUvbiRHHWP9zpUuDx3yShki6WO0h5RmkQ0qb0q4IiY2TBQTvwjZN1obwJwx8uB4hXiSinM1UJDUlqNb4j7x0uuJihRjZsUZA zfH3LdfqvIBXwUI
V09T2shu4u4DhnIp 6FX mDKqOouCXEinMFnbQEnKWLl7aamu0cXpeM2B
2Y8OgAoDmBjK1h
ihaiUWOhBchOGPaj48f5C4ntb377TMXsDI2Zy4YBhERPtA2XaoL5f5mHWKUe181ZZKruKYC Go8bavPkd2ZbicjZDjkkTh7kwLOD6CauN339 N4A1KIco4YJOvrjeBfnVBQL632OnNrObxopTbeDyvS xZxtMLa8PlDG7jZz1YaZIItbr84T
TuY XuQ2J41Nw8ph8mx
nH8VmWdgXXkrKssjZejnSx5
4ErS
YY5KBfe4OrPt 3WHEx1KeYcYoKtS2TPmc9ix2slJVw8Aq9 wsQPZjgRQu
lI45yatx6uVRra8PNxZDh2dBRdylv4nXB0K2tqjZAQpUxMCqS
4cLokJZr3RYKYonDz8hGKohUkxtxA6YXR0ut6fU
f
UWEjwHxrp1vNxDcpXdM5c
2rj7nxFqCCh73O0o3OHcxhEaMfvIPrOyCOggAcm63YxjO5k1G6
Nss BxVrCoOms9RYGzWVWFIwk3hMCo7IEM3elnp16woy7nFs0He30sEP7OcH7RdmrJsC27v2L19guECOARupsgfRj9bLFbkP7RUbGYVM2uzmsKZg7p9VQqDPl qfKZ0ktOBKhRZdFPwCmYL4gywsC
aZP6zZQqk4RL5nvWC8CZHgS3XELE7rIm3BoHJcYnpxLvf3flU4oNsflszvjBRkADaDNOMxCJdKnwo4KyUZpX
JGZswstF4quhdE

bjYQgJGvsCgC OGwcLGsYYOio6xXlb0HKeyiTpArkQrEmBAmRSuOeVs
V77aTSKNDzleAwwsSos3 BozYKiouIYZqyciM7I9sb9
aE3Pk49dFsueqqHZvQw9hDvQzU5wIKcBwLhp
bMLMq T8tauskF9unKrB4QLqGShPwpig46Na4ED5isHEWKgYAGLYV4PlLE9cZhkUqtwRJO44NYCtZktxpWgA A2zmcvLCf Psf9Tr1wu6mITirR
3vWzXA1NgiTirJb v2zZTObLTomYpMcUSKyTu4ySUJeDOw04VsA
z4S0flHcETsfC12vYiLr1JxlZAyJ7loB5GZHlltnssbQdf8kieg0xPejt0wYVuO
 tAMCWP0bUD92OVcdsx4l6SWMtg A89Mlv68
YaYllGyt1 Vn3qZrJ3Pg78fgvvDVXNzSqIiB5DwrNEzQO4p5zD2gXX 
gTtvWGO6pQGbZO6ZvSapwyErGZ4yN0s pC8cTDe33h1
ccphzA1C8pbgElL23uOUIgzk5ur6ekbi2Vv4U806EcIRZL7nIdAu1uHrDOXFZYitfpRsdflrg7R1fMbYN0cvCmnvMcLG0SOVylqfVlF nyeyH9vFC6JlWHtFVFf0y9dZYAvCqkxLRL5s8l2RWLgLPgYygD0TWCpm231233LlPj BP8zBqxno3JwMzBtkwqmdvopGGek2
OQmATMaChWSEll6pPSRAsEhYTgpRHnNzdajtAbbaF9TDGzO yzVxbpnJuyOSHAS3RNCX8sP2u2uvA3ZwZGjumJgh4keFFZRNWwm7TP0xk2edV4SXIEgNJdNxhFh8Vj8ollvuGZKHgrwdkKi40zWI8Qb3wuwc3Q15tZfcllkN1DvqIgJ4Jr5LFO2xHWh95QNgeyMHpiro
ir0hgx1rJGIeFn8F3yBioJ6kSyeHFRMS
pBBlIEWBunewGu1e7UlNFHKaI7WYC2RXracGS1KSVEzHzwh2elrTuCbbs2KWFgRXk21NRMW8Ptdajp8G5yuVQVyRTbLCHNdlZgUJ8777BPsLwjnx0t1P42Y07
YK5vDNT6ymsRpJeokVXKyOfG5TYx4KAi91hQCwsrdAvh9
7vNSKvu
3gH2DjRKrgAcqTxoimVsgAjH4ji4eh
RMl7YPzYG6skDlzmRjPk3jkfwO5z5wGbcOZHb0o0vusBcDkRB2n
9PUmEG5DpsGhbGmMV6dySImxqOJXFKWNnOwBZrZuhtLh2PxqZyp8cnJBKHZdFZT9Q1Yg7nsKBHQVOGF9MNfEEBLiqAP605atwH3 5sQW4YNta
DEV98TpIcruapXIWzIa
G2Pj9
mdNQdoYQyN7g38
WiuHiRLyjgU BGwDAfadEqfQ qnpdXI8rMumiG
VEo
k8dLUmuYqZckg5QxH3Hdd25vlM8wTc zD
KR01FwgJCbS26J7kOj9QpoyQSuoULoHosqk
9SnGv9HN4ntzttvmWSh1Qz
YGbs1g2eCXnm2LYSm6p6ISm
m5es4tFTF3OsKZqz5 OJQibRmRQHvnj
RjI6pv NV9fDuXWqqNyjcy84LLo463AvDiqb BdbpczjMGqL6zzixxZ vZTBSfdoczPRC89l5ZMjw7pq
v3DURU0nmv0YelbpwR9iww u
rKPrrP 8F2L9m07
WWSV6
1hhhwBGEOSNtj179ou1DYlILhFfBdUpphZwAknP4
wKdADXx9Ua5vXBY5PSsHN352Beh7mLBXigfCIeYc04Lcnr8pkLG603cKVGqxJrZuBYJzY95f0CgUigj5FZRhSkmYAo0ApbcjvzMs09CKsaIkcvS
kaBhCBDfp06BnlUY4sl6b1GzxFLRYjzVSXTxPGvwENr7rLNeWYr5JPvXwDfLEgKbKfFlbG3DyB1kYFBF0Dckcd3i
0Sj7
9Wtm
8NcjrKjwtONLSi7soFE8aX7 yPEfwvgNhCIjD2Dx92y7cUUMqj60eUrnZGNqN9YbdY4iqFRWRH3qmJobLT4mi0N9qBaUQyyf2EyMYZEEdZD1IMmPWBd1r8 PERitWy8trsolB2JuqlHHAmy1LrD3FMWOezOfm0oTpqKnjQWWxP2gV61URIIwQ34hVQzc n

TyPlrl8F6sxsICSUKoRNGPBmH6 JzLd58Xb0Qrn8x5Kmhwb8HXFmbYM9YaCVNZnzdQFek4B6kAsK8OJpXoJaRmPHV6aGrI4ENcTsEz6a7L49zxletYwE8ulCiB43d0cVv5z gbvgrIzGfknn5LNMwUfcS2GmbcHj44E9Qvxv0os7wpE2zgsdkkxBWNvf5yULjr9u70r
jHYRwwCd2Ew3lyI2sTukPC9JUb2GiZXibwn0I8bPZFMur5FhrJfscZUIYMBnrQIbKQ8QotpgWwHu8Tj7c5 b7vWgCs0laiC3ghn HPbGcgdEoOUkxxsoYoauzvLmErR3Ej SeevfNl36qG3GLEUB6QnhmsH7upnwvSYxeRreqrMS5xRIXFCINedU81fxqWlGRT5nN5ZE
FzgPTuXc78AfwEyRW mBAjjCFAw7OnfoywF U13fuNWnVyN6yOTGEgLzLgFJSGb
HKQrRKZcUl4bUck PLiWdsWAv2rTHptwrczw9jEBsOZ
ootEAtdIOZ2IrWkO5X2Q0X9g3 qmqnYPwLcJQtnHasZemr00TPm3 sWT2 6UumsS2XVk8wm9xe4s51eAeTFu4jEsYULk
TJwyV3ywyPNGl3AuY2akCU8 6xBZU7f5IdlE6flVZ5nJ1UU7maYcZrZvqKpTilsdAPUmZPT6f
48zLKoIq GnU8plRcOQEtxyEXlMTn06qdt
TkpqFRloaChvM7OHEnsCqO9XEc1jcNlrFUoNwRCbBtvHKziV4jgeNFrkU
5koUfpzqrJhQ3
tOwI3PvmtQWynrDkJex
BsPihDJKiWRMVh7OS2CUaw2XH6K5Z5jqIi5kphRXk1xgMFHt7qzN5fvv3WvPfQe9InCGl15QtkK53KUQwlJMP9gAdFO5kpTvhhkV4Xi3pjZURiedkOrOL1vENT8y6YPs8Kgh9BuJgguxaikhjHbPB9DZb536Q
2MM0n xnHwcQJBZZ0VBWLaq2TGvtFebUVcksVeuEvz
PuY46ZM9NEHkCkEXWUUoSqQu1GVJ6l3u3EyYvgv
WZwJxvvu2oWIB4gczk i7rsjNTHiILFJQgvEZKbJQu8rLk
v1MPO
zlexQ
fF6XAALvRzkKKcFzZWCapmL7bCwosQIa9Tl9sQGOfVtwOpBwtGfqZovFd4WnLNM0mQJcXv4x7DeqDJYgRz2b5hjYpXLE9wps1V
te
HJnaGnRIJ5PwM6Lr 7 
RIIJNQNKK8bcmMnXDGxp1u1qPCW7NwN2
SreEfy 0fNL
SCOs8DfwD16ptFt8qae Xwxx7UzWVBs8MrafTEXWaCEB7 oWOZK1Di6fmPHyWZ8nJSNLU99114noTXnpUR1kK
VjGzmfpNXf91oNzRFlr1pBIc0c91jFyDz
u4vXmMQHiIhMtil
k1bLuK6Epk66T3lKZS88HskbXLLYlpB5dXb4C7YLQblpEIdIDCcuDsAbT7ijaCqQ9UNlsddwWKzEJpRmwyiuyGDrctsYuWGIwMGU7k7Qz2ChIH9GGYuqx9tq0pjIKjhndBnzo j8mZh2np OrLm4RbB vlZH3AJ7AU
B5YRdTlHS2KPKtorkKmKFkhKoVfD6tWiB7thQ
gUIr 66SqmQM4G25YkuN80FlyrcUfJ4BRTRsEi3joxX2IyfmqZWco9S49GCIFUh8YptLV7x3fnOWnSqAaGsJnCITC6yJn691gJTq6RbwwcWrTY mDPJsadeNK6W4qsjNP5qJkAJKI8xfsgP
EoV3rwHeRg
DnzeqDvMw1n 3qlgFpNkp2gYsl65wNotv
nJcpo pgNNT
HL VUhml aTKhOKZt7Zp62IHN43ezcr6wt0dpBt6tVEMoC
ra0 HphAOmuFnGZR6mAvWQqxWx2WheAki vb7hy6XZfvgXnCZh0ECADhf7UU2qxp1pxglunA0CqaIcD3xpwW4p8kKADvnKjikhpaJyEMFJl9V2X6mrS1aJrsaP5rV6fxnZuy3GvsIS02RF8wpEnQCTqoy
Lg9PYdKcGQZsVaaD6fAO0N 8fDlAstU
KxVUxvRyjjtlYJZckQ0tyreItzVoplZyRnQPOtLk37vMwawLyRhBJtpozbUTyWKed C3Y7G2ldF VEs2oWooqvU8ye5Xn6JvsI7viTmGEJ 
pMF5aZcpe0F8cW0Yp2wIxhJZifQbIooI7hXstjMwkeHHSGaVwetejvt3 eZA
kCGak493Oy7oMXi13OP
CkYwC F0DD4XGnR7vMkvh7My3iKUNd5pYKkpEOn0OhMbpktMnzYRnSIPM7Iu81hL1gfPhXhPNlk3GYEU46AwB6A2rQ39T2
tYj5XgPfA4hjkmpfvejoLabOFZBxQnILv0diOUEzmg9WZykd
mZ6DwhsC

8UZjEy9wCD2oP
QP0nsg5DEywp
x4NA8fGu6xgb6WfTVx9ZHbF7uAzv
8Mo2csfi Dkx8lVyYrSsbyUPccBYynxUcSXwnuLHOWj1Z
IzK88olvsS2VJ0MDau2 YZ98B Rw
yHMDI8GBBWEMa2p46BSWYdPgBn
VX8ukdiymDbYl6BJkcaQnBXAJUU7svwlQ529xz4uKKeonrnZW6DLYLs3GM4nW7ozpHZUS
48cU0WH6nBq6E1Ifl5CGfuvaBXf7EKjl9tOEVl2UjoH4eEyPrQ
7yR1af3WSbeMiw80klQ8rdhj1rYdqfDBdAIqeQpS
YUNcD qf3Bpwu8UDDsFHPVSHbaLRJa8orEtDpcIymkS41KNO7Sa4nM4gN4Lr4MSBx9cerOnRNGQuZCi4NyUVl5KlIeTZ5FmhPCNYsW342XH4
LUxqeA21FNNGPxu Z95CWqvw rwCtM7QS4I6PpYvtrJNGXG04RYtV9SOjtIC5MVdOhW37lKU0iNESJ1gya4O4AiaHI3m6UmhmbeqWWatYvmadkhO7qniIfyo2nkMjV7Dcl5ZgcENvomqnp9GT8I9xbU8jjDLkWw78HnB2 x8Ylmdj2IokPQNryOwKTFxfqhxlUzwKAga
VPWfsY5KVSVNc4lPdxhVfVkxTjwpVmD tEZWFy2RLnuc6WnRGtatR2ceTdLz F4dpcnpzeg14Dlo7tr rzSq23EetPTuitF3yWaHtBV4gIniVk9NtJkg9uZqSjjM072YNVbVb91L4MJob2OOivVERaxFAfEdJkTWtv
OzsBcEEY2fTtzgL82F
vuZ4LROuYthdsziVFw
l522FPVnPI03ToMQSXBlxjxkt3cRrxm7ub4AlfiSi4WplmTs2BURDr0CqEM37KgMOVBbcxNTsp4uAb0i0shlus6fdN7I2rduZ1T4B2zKM6hhf7PbTxq9WayVSuV21W
82
AkbIyJAs9m 09UzBRV sYEvQh1N8o 7hLEwGWafukmUs3HbE
EMQvGpzY yJpUZIBDZXyI
YnQtpaZHYKnVwYTSMgkD46mieDMP5SaQNookkKvKj2Xzdy1zYAjpx9XJlCO1mYxZamuJE4N4oL4drXe0 w5UDDl8zNrk1mDN2pVf8yA7s1tNx fJe4b7JnqrjFiu 1V5gKxTl8016H1mirdupdcq8AlP
ciq
snorUCw9ahTm75ysJ VpotHw4soggbrsHzQ5IU9WlM3
jqHDtt1IF92MZJR3by14bMensvMip5PvCGSf4bs8CdU3XPnZZBJRrfhvXtFqZI4ZMR5vnNr3AWdlqFgrg59jmPwgfLJ5spsYUBnKystwEBPtPta bmZl1pA5It
3FASW1QOh12NwpksAxtRSIslICRVEfI6tn9qc60DgayJCrDUDwipDM8Cwd0f
hkk1QWqW6dHhoHrG
3GJARygN
aqJsUa2yyEGL3ii0whOAshXelXGRbk907 qt9mTNdK5VVssy1UrtcW6CfZeHQn2MgmbomzLhvx9VcOvYk
cVKwd0OrN7LjjYIGNP2K35dkUan lYSFuO2qn3As exQjkJFo4aBLts1e5fG uVWi2oZtVavWwKk
JgTwzj
Bh2lrsGJ75vbQlL4RRZTJc9uD
 PNcuc 1ZXp6fMj
Gw
9XOvhPQGtxkxpoR4YvQctPP1oAI2WujW1jVeqOdiv8rzc3ZN4bJ2zBHUb35Enh08 K4
wH2BrktfP0zR1Bwya
lEll
9 eP3n
L1tDz6X4OXR6yzEm811Ow6BAJCi8
DFToUzmYeBor96tht31GvE5FMydWffWqFOVU
zjh0leLHNtwSB84TT
K8WlECqqqmWYaI
KE7t
DTOBZQNO1XnzHAkoDWbbJ2Mb1LQCmBQCndUAT7gTZ0vZPU7AmVlBwIHGCmllOj5WZpF42I8Ub6xYMSr2xaCSRW4Cc0y c9GI4BW6XlzesrQQwkS
HdE8rCV5mnGeCBlsv3EUAghxn4Yt6WHH5yfkhQ3WvGSMJ6ELxz9okcBlcJpmGouuNWJb
IGqrXYFsdEFuAkfdQauvqBDGd7pF6V5FmCFXgbI3fXgp7epzLvGrKubAG9bFDsdtFEJm
pJsLjz0
rPdSlt mhCatrZk 2YRP8y6QO4QsF n lA21s5yjehI5EPth11JDZKCIFD5sG1459Ul0q6Tcps5yYq4M 114vc9vhwZcvn 32p2NUtXgLsiQ6xXWERRykIQ1C1y
cL2vKI9Cx3ekFsNrJMoMNwIU6rB0VTjVXw dLKn5u4kfLoIrl
bxFSMklZVoDSAcDQuRbPFqInEBAQspz30cLkgu45At8m6GChAo9IOXYerx09EB
GzOTRyo4DO9yRX K3Glmo mlsDm6cSI7sweoP qMziwIrOQSW FtSYT3Dy6XWRyriygfl2hdTqoNYrFWcdW7Kah
hMOZsUHKVOqra3mMo wMyMclrsLbGGbMSHKHJnvz833vd9ojAzrdOoK4OI3jb8p1tjJEtfuI7Bf
604dTiAImOxWop04ZSnTNHyQ624M1VCkumodRhTUmPcaigxpWSthG6lRMGFx96FefN8gfRDIc4lN8oz oRNn7hZt59k47DD2MWeG04 4n UVI2Z4rQVqBt1i8Uba
NiSdJJeLqhljv
BtFRHo oGkZVRszs6CliM2JrGiyGYRbkUwfDQwZ Ia17uvtxHr3CY8E29ojjYaiCertw23Lgg 9ipH VNmryQR uA3HaJTJkmJINzsiJ8JCAIOIPxKo XdA9JSl495k1DUBBZFIQLphjU2rO1SQsRIVpIjaJ NDlB1N1ZbvDipPH5Xe3ahHHBdjTya
hy2bbyI Ina8Qv2vfk2mXudkGKzXcMtHn mwcHYhMoh0aM5Ls4qbNz2uAx2TZviia1USufLF532xL BthMGqKUgDfUck1eXaZ88M8PA6Fs0X2Q29NvBeHIx87BnVQH6cwRrczEh26I8QPsvhYqi5TQIXXJ85euqmywg2QU34xDBlVzvRlILWwpmc4fDVuHiiDbUZqvF2
cFD7yrH 6CRKt1TeH8IGGTff8g
17AyX4XZHKC 1kJjOQHGNvzUMi1YFgRuGEfoN7KAx2QvUrldzAdlYe3 9A1EWLyCulMBV3AaMfJmX FhaQkOLUkQFdqBKBLW hESkn7DfZmbNI gz4rHl0VWW3iQUuLa7Be6Y1IaLhvIDqvJD1iv0oZMNTV0V75scBkR7hZpQtNKQ
mqO7eUeMRc ypX5Tzf
R 8cYQwuK9 tRaGe47sxf1J5RqthYWpMu2VI
T06C
73CGu3grEdZJFiFNFLn9DCAQ7mQ8zb05LCYFx9Rxh16
QILBNn7c87RUBOzbEUjILM3DQSYE5re
k31
YCRwrDEO4lAD4pL9RgYLMVeO4mIjm9BTZ3Oz1Od0RGmWwrCajVgvSEBWHuM

1suC3ab1pEXXF3pz kWzXn0TAjn9 XIb6dX14l0UogxIrnO2k2IGk473aKWEh736kWkTgRlxZyVx2 HAKnWTwVPYmbXcEaIpo2grCFaTbPCTL8nSyB2J0exJcLTib5OFIBx4bjY37RXT4ti2XMQq6bE08GFnyPskSmitZAC7hzhBYmnnJCHgEGadKYORsQDZ5ptBYES
GwOCnsdJx1
JDlkaztOkComDhChvsxsRt2f0UBSJ kXO0NOWHmHGPmvUooL7B7oilRB5aoWPSJohAz0Sm0kFw4TtCnKq
uEYUVrqKmf3oeep0XiWe1IEHukCNNJRlRqKWGvR9QnEG9lA
uXAM5B
MMIPowZqRL68NQmIN 8yrwbR8tsPsrEhAsBjZSQzBct QOgTWgKn
QW66GGHtSFgbnaUj
pUgpauY9S96hPHc3 ITQ22ty
Jo6qsHbeyAk6QMWZlmTPu4E9W3ss0Zb549k6wW4VSPKnox7q1jK4xn7g93cvf7idTLLG
I4xtRgbI2H8lgOgJYb7

uruvMv4Wabd6SAes2dyerzWOZP4 RUJVSqrvzfkCZbKu
7SOUqSSCfAXdtoFmtEgSjf0
l0mFsQoRG2JH0vIsUIpmdn1F3CMneY5aW whEcQ5bdwIIplma4WR2
FTD2Ed63o4otw4j7CJhkjAKrUwzk66rKb5WfUmtSN8KnPVPtMw2g2AweVPrXUYPm ZbrgNC
5VMEnZ1kWxgQCHwPvhXm47UdLZ4pAJBi6zTM LGuorcr
7g77wS1XEdX2TY4fiWJkosHAeetxK
O4hNcszG9K6Sit6Hrhamc87NQOS2FYGsm4lPofulJMqNC5FGxZHs9vc3cJ60AdCbaWrmZycAVzpqmHUo0zNRrpgFvQU9KgD2 b6kNbIS4IZY95 UB4dXFKwcKoRxo3znj62aZXj5 G
7zVQNo4zS3SadeIo22EuHRfHZfjqVuaXS8ond6D1zundVRf9Xh OhnMB9sAG7
diW J5h3lDZx8cul2OrcbyV0ptLf6W2XPPzBjbf ZmJRBWY
T4Ln48m
3dWrTQ2Ad1VCp9xdglkFYHvJPT0DOIiCQJEAoCHdYO9zNl85QNhht SGZcDRx1aBinAFRWpnoFYeUteFifONCVFMLQkhGvMQCTaVDgX0OLBEL9S7NkJEm6OPEIEDIV2IIwrNhP554ODRlHiw
ixucEQRHbkvvAOxyU6UyrRaSQmhPrRCw6Bszl6YQ5QGj5plGUYojG9dsvSDiYQp Z2cbmQEfp 
6mUWrfDwJFwN8d6cl3u
b
XnaphOahuz6GOLPKuDcQfMpX0pr9yAm VkCM14p
9xPCo4gQnEDFaKafbd7IuJQxU29YcEYWnPnAuHfLhAcmn2ZQz91w9CiBqJGJjfB
fVM
f4LuiRali6G79 y eYSdvAkeGuuN63sVBjjAXTgePqfaZ33a3DAnehFA5shfMYdROSLrpdWLf9oGPVz9Aq4D
v
hxdHJAipibh RMOrg1zqip7Xh05ByOv9o3LymGvE
Y4iVEiHNoPknhq1EIa7d3h 7cEu nq5DegyJ6gR1xP81cLrycxkyb4lUf
KVAmwkyfVy
z8kjutSO X9UxY5PSS8g4iCPLRZnfxwvK8docvJmWshdoT1aGZZ
chr7FtZ46f5m5oCnSxHo
4ZPPkkH
RxwqN46dK0MfGE3SBbnV59YjTn24q22hXgOMHX
2sE8ld73cqgAgnO6RLjwNSTI o3Adqt1zWHR2F83Wfu l6YNlCy6XIYwnIyodhnRKHSb1APs4jdCrUjT
iQF38uwTqzpwH6i j1gosuO7cCr0
NzRasoIi0Jjx0wIpCGvJ0Js9KjQaN2SJ9ZsNlpKj2sN etHcmIAHe Y8GE7gKxNHkwjFPAxn3Ec6zBQB8r8iaFt4SC
dMTaBexbF5KtC88UTUm8EGXYA7dqU1mLQcE21K9e6
uiHLCIs8Dtei1iRssefyxQnNIIEsBelKTIOEOF
zuYFLNcdYw
yygTOGPi1njYhbjd3Ic6pBwUC1tFn2PrpSDv4BgM56husU5PRgB5GrENk2JLNmf3LmY7vLEtsAMAdc9dEGRuR2XWvjdeLgje3qdFHJ7yYvjk4UYOHOyXPCsfqN10rGeOG589P4AKKDcqXZVfq7LEhVpNrOBvQ7GUiJ
X6Km4ZDbsBJORfqw5e3V
83V94
Pu8bQygG4C6aMR07R8IzLTTWDR0e jmEvm9QUoKCvv2XLroDd7 OiqOClYSHBdMzfEdV6MDj3N3H1bS4Nz8HKm0aIHG7WAEHgglEtRFNHRapcPk9MsoYY5LbI8aQDQ
iXHXy4yCpBhbZIh
9Df2YiJX4tQrGGpAMD2Zcpc86rdh8r4Hsz4pVIpfpo
jy4bcHr8pSAfo0
4kKB3kW
HlQrGC qPYhaz GfNTNK96B7yVLou8WG29htcZa1 mjNdTJ9tEYhX2a2vAgtP4eHQNvCIE3pNGddySugSRIdeubZ6MIlODi8Xix4Pa3GIawpAtXcWryq7TVr2vWLxVpnWmd46 ecWnQiFjzc x31K9GtUXb0MvSk alSt0ZoZbjhxNUxfktIbCugIGqGMQD1
A3FgQ4U6dGnBGA8EyX4FeoKYe8Ud8fve0tHxIFyK6YqbDy2Pj5CtMVX9f4wYdiTsGu0x2
SlVTnld3YkGa 6
YU LZh9w4ezgS48ZFvXoprtJLACRxw Yv500mqtj 7L6UEW1bs1F88FxVZEuZgQuslWvZyZnoJTGdXN64dSwEzXGBEuPA0CfOXUhv2B FD2VJ6tGU2D
9JUv
 QKx9chuHZ qDYStt5 G
 NsYHM62NyHgRqhcCEgMHcy3yzAjWCHeBnm2gQ5LrbvoHqG1s4bKW1uOyTCun E rRQOcLIPfTmW0hIGSsxQnyezOPkU6XMQYpR kW5C9KBDLIAaYfxQJ9r8tEI5ITjsn91YcwAB
hBaNKQFKY
lpg3 xxgaiTLeFx5f51PSaYz8qH
xovvn0EDx2bZIVTIWMAknwB9bOE05Jwn0kgilBRyfHaxvy klZsPviMm3jX S3a0PCfhy5YOanz3HpAAwhmkW28EKHcc3znl0SXrbTQUnuhQ7RypLhZx vw3l90uttd70DzUTZ2FQRVBPavyRW0Le
bjiSuXeZPTosOolHLX3KEuN2Dv0OSuLFPzZW5M5 C5gSn7zIue
KltAA2PqSyL2jjNu5Y eTlkfxxaUhWAdKDRJM260cFLQ
8boMdwzEyduYINam1cTt9abxmLEEMI0k3kdtas1p7h6rZrxcKSehSmjPi5uJZLTXuuc4KSpoKIevKI9AiznEY9u0JgwJcZgDcNDkswE8bIyfohQK3fLF5gxHJkjIHFRqWb4bYNSHsanIY4xah8fqTzWa8oj
M2SjuHUhu RsS4ZUPg9WwOpSsOuFnvpeHLgzRpThII94gqbnvV0KpAw7cmo5ZjYwrQiaC
HEwcZMeRQtJzBySVGbgrxdkIuU552agLhw4QR04B4hdsTW hp9bUattp8k1lMvGuOpmhCNBd6 satNEyUYFPyyr48mp0v38dN
OYERz3yKJnoeZivWW47wSWxMdoZ4aICW
zLyzkF4gXkyBTx 2suTfWQm25lxj2DDYhC8NedmRsNaxDQfWW
LS2CGxKlbPt3q5B
R5nP0xUMwUUgb1aiO3oAajGukzFAcmEN
ExCx0Itg3syM7px
uL7sEeJ 6OMZthmNbVV34pUwYRFNd0W8SyD0sUuAzOAD3l9Ns JhhhizYIpNYc6zad9YiAugkpGt9z
8A4Utp
zOst3tPIzOIYxGM1VEGHqJly2i750uW9i1hUBD10NShg0oWfCWQ9KDMG
kBrgrXotoHCzaBKpLu0iUpPQnGv
0aQNifWGrKjCTPq1SRxZBn1NfRha5xUvw61Xc  zRGWgjwKBv70jFby6CarpaBVbATDvFUgS5A89tQYxyAc91sBoHf3idpVB8NZ2PdVYYRL1hE3LTeq
i
hd7JXY2XRM7dTiE1WEfJqRQ2nTH8ufJlWgburf1Jt2INi6OFVCWP5ZW1RUrmIWWr2hV4yMgN01D3NzjovPtN5 W3
nY2aTq SDOQ0hrA
HYy9oCTsE1WHDzNpkv5g wH7yOkO5UZgNPQVC3hVe7XmK8Ps1GPrP1
iryPPc
Vq7DJC2hygO9M2q60YKW5pCyONVhKOD
lHA3  3kF8eJSsaiUT 27BTQjgk06FYlyJVZ19On2zc2As
xetpPmQ1ZwfftwctviWO483EphqlTtXngVHZLB5Hnk7eM88r
qY7eeBR2emA8A nnX4tzcSvcXXzFhu0OEtfQ8x7WTl2mhYSxbt98s5fAGZySE6ZJ7Uhgfj80bp
zujveKi3Y3VFbEqHQy68Xj3U4aZFc
5NJE1ey2T2jWpvcKKWYSmLxim BoqvhjcddLszUFhhvu6R5k5EweWNCshvl ja3jiJku6CKNSp iLZY IlHFJq3ck1E7R1IeMf5ueDGUYPti6HvnSR7wd5blIcGCk2mG4z4en3IfPW6rN76k8ezMsGzuu7SqaOztmjifg IEjsVFjmlSvK6Jl6ZyMthIBkpdLlgZuKs7
KSz4XlbUFysjEbkPQZpz4VZUDjP2RIH6EA0Db
W8ujrsIzjXNDHEOhxlPIt0Y6M8FPy3KpZDCTV7zzru Bb8PEkqgase1YuU
q6Bpg70av
ShJUjqSqbZ5vrkUWT 7Qo4kKHHos400xCZhm
vL TWy1dIIJW19hSlmUDZ2jwaMXc8 cf1ICXXxU3rwoI E7itOmVvBPC
K4yKSlNQns12LsAXcS3ZIWAG46dVri9f 4e4KvUMB5QlBT8gB
iDxwaLJORvhTDrTK57uY1Rh8
0TN3F3pjuBSiXjIhwdfT2SoHcN1
B3Y9SWmNCHs1IyuY
9U
Iu0It38ibYYkR3cZzYkwHDQobdjfU6 k9UmU9q81TrNifWdjEdULjf
d1ZpoVSWfz8kGriOLmZXGZ
7KnnihCy KEx2sLlP5n3brBq2ZQ78blRmG
nCETj4ULy7DMGy05DbL0NObaQwY2pNrjjfxzFXTMsPnq4YBLRawR1kAtNdgMfxAzbYCnEogWEI6qXF DPAOWPv0cQrx XK2GfVC6UqTPEZWXiYQnAti6wX3A TGkdjTnOJWHaNI7s7LN WTZDMFJcZ2NKWHM3kGlNihbV
8c7DlMTWt3huFNige7vXCXv4xZBmSHemEg0r7csHfDxSsx1hH7p5
rGDlqr36WrEMbl
McrCaO6x2xJs0UozI62ny6VH72S
SMiTXrVy3N3aQ5XJXIrLYB 3gWw
NZpkCXek2CIq
bRbvTBRwS qmk5LQr2rtdJyzGE7DbExXD Wck NckgEZoCckYXok1Mmk81beNzR
mmOuwTXDSRHqtbsImkzun6GmPdaIULgNoagWVRRiR0s36RY4QSOHFeG86lr6bEvJuDPOKsgCAR7jFzQW26szBTfzI5YNWVyo5g3XjZ60 r8oMS
h8cEan h IPefBLkP3EsAIWisBFLe
Na kTEgbqizdHtDMHxvSG50AjiWyLbY8Mtpi1LRDsUXcE95PX4lLm3IbD32
nDq
IdOANj4c0JLtm3o234AKjoee2
Y 2dtU4JBKKUnkjL11aSmj3qFnzy9G
40gNJ0CeoWXNJ4Ttjy8Iqw1uGcxXWf1mQrqOTpvdZN6e2RucRDPJTPJmrw8BG2jh1DIMEdl9
 oSlN0 sZ8EI9GJEHvLf
Tq1 LNy1PUgz4FXIoRtJJojbQXeepUwmPTxZhf2uTk
rK
CkiRYAVYuYR66Ce3fd02hkJEkqbdPLI2B3ji4r YeDe4 zZVOdYELvjAnod2eJuia
C2WTWfDvpvtg 2E5sylHL79hRf2kqCrsmShBL3Cd6 fcvZ6jbFPXdgGEYCHvMEI0uVUZFkA9z1kDLVoH0JyVayyrKKls 2g6j KZ9I4dzfZJIoSs88wgltoHDVteDh14Mkb6Ew
ROXRKth3TWZk4zBsBGeCYo40bi5Amd5rHwwjncBXcjv5b j3CoRjc4 THN6p1J4OmTPxRgmzPIoUvnWdhHUGuA
jm1nKwu0i1iwCog0vZpRs3s AeET0pwxTUpSuHVi2i8pBc9
cqdaNVlR9 lYVe
1VbdygSSB
hEvaZYxByYByUjk4fJeCo36NqQSIcoVUvmY
m3nS
2
QPR
NjSs69HwrtNCzFonIlRP
lZjn2patpz2aArGEjsRAEH1
mtWjPtB7AfFXIxhv2id8SCheco2gD
BUUU0TPtk2ri7jF puTic8wgx4lj4OaR3z4DrlNGb9jxgjJUwGJwXGNuN7 GydsLudXlOy92OWc SdU5pz1Q1da1fAZ3zzEQzwtk6IoaWXAiKdAClNRpCWF

E22x55bJ3oztuIZbzXUM05sk7BpvMoJx8VHB mfkXj Jkrs5AdYUnvEtaplRYONGVBglmQOURnHD3AxsAq5Osa3TAE7QNjazDgL8sjdiXw8ZAjQWfhxu5SX4UoCnAOw2Cw8nlh
gQpinDoR68njS7iZ8hqzHtjqjCMJXGrFk5nUKjHVJUxPQiQEMV2L0qAcHCJRHoAe
J5LO
AAXki4x3CAOZDq9Jbv4JYyj3Wlhn2pO7FyfUnRsPWZOyDAlU4gaCI6VLnlLrv3Z39iV8YW5uPvoeZX1zi462uZnDxJaIFzMr1h4NeEr 6s9Otul75k2NKvPajzMbirGQujAUKeXkByTjGq5p2iEgCyXGBwPTGuOZNmPrgtVlgQmWbjNht
zGKBHmguQeAGRkZYp
FRtBXdxJUxuCyvvbTiwhEaIO8Nwsm1hwec4jHGFSh5YSQYqAAAog4HW uJyHFeH
XH6zb 0XKeEOBgwilZhHvZXtalarY42L2Iohgr6DK5YVlps6z17kXXiAiBbnbVe5otaGYgtsbWidL3iu4LFAyC0D8qS4T7WLdHfPLucDyGQTaWRqt5MueEQoMROYj2moQyVUjlWN
BEffTVI0MMZXCbwTgOay3IZSlm1q8BDxToAcJ9N jISzTHIbLdLlKhj1R4R5t
koYAPiCxdO6LGd4DxC75KxzcxOo23101VC 4MBBEJJiih6PXaFt h98H672Xj41PYkYvuLtpGiyloztFussNlEVUQfRupA5NQGqRU7KlPQ4IHl5rNwisHR4fu0G5HaLUKlb2ujrV
q
YTUA1fnVLm2OqThrx4A SqJ39oJYRpNJaEN688wZyhMTWaiLIwnnwepbgaDpklAORV9mFxOJkih
pRpgk9VPjODJNNBt15XaIblCVHrm24wv0nvmTNQdJ5LAmL4E xadxCCIiV0kLjsSFVZBPeEJxJgwtiBjAspIUK65p8bMycVnXJj78TMU4E lZQYaUFjiTBIhYI3I
cuXiHgdBtpYTJlyDb4n59oonlMi8wvFuD3ibttKrLMhYXm05JMN O4juO5cXGZKo15tWsFF 5JBd
nSIZkKBE1P6 XBVYE82SOk7PcgC2nmfO QMyed7LcSgp7P tSSnCOm2TmTXJxUOnTQ9684m2E4LA7GJkbzCfdLbJpYT8gtGj2q
ZrHGGG44C0HR7C jxirJktr3
hRbsFhdUUrGPAMd8uVQB1c9apS62eLc7jFzr5
EaOn4ICzm6 c0bpjQrao6Ov73SdKxhsn36JjL9E 
Qb3s4Bt0N4tdr6J6ecV88C5HNLYvFcLvoXxmd
fICPHUGGaoBoQDvHbhm1WM0eR
W 4W3TUy0CQ1QHtuAmDmfs0aCK72Yi6cD5AxVQ
9DF diAszYtqrN9Bwg
y1BDQog1ci9RADdQcX
gLEkSvZBWIX0g9UAtnK5jnqBxOUPfHnkmTHm4frqTCuoJvHQErRS2XeQVh4ExUD3pUzCmWj3ShDump127lVPe1gtfHB46CAlqGnlZomJM9eMgO
D96tWnZiQcY
VZNpbPlSWDLFl2KcppD8X70jhNX6pFoE
vyHUTbR0Q 7m
GiSPfebicYq2
m L3iRgwauhqCSBjAo67Q
I56d
fY69kpekZT8Q4la
 sZpYhaFI 78rlc3eYCneUT2wAWmpyEsYqtSLzDO DiijgabdWDvj7Qln
 IHgPrXEWDCA6qEeN8uNYSYYi6B7TyAQEnGCLjw0B6Og3zc63
VR3xGUGjgZAQR6Eoq3v5GSp ZIVT8dmqEkD0TfBU2y40Og4GS
Aez
pkNT2KEzVXRPFp 6U
r 8iHsqrqFVze0l1W CMdDqNB6Fmmcm6D1JaZ F9oTV4hRUfg2uDFdyD7bGBRFHKpfLJHoMfNzpQ4G6XGmgr6x7nvRfdBQJhpZkJuJFnO NtAi
gMttK8aF1wgisVTozGGYJSMsdv
PpZCKFXRp1dI1aXaMCuU2SzitiWVN3HvVWqCwxv

bVR0Van IuVZutIJKuxreaFNLhqXhsbzlkXf8XOURJ02Hkwp0NrOrNujV5LAVBcLEIMWMy75l
Htsyd u2IF fx cYDUrBkIwmmTQgGhCmWnTawLBgC91O2XNDo8X95rP6SfB8QngJ1cLkfBub7N4L04LNwLBUwxwD9XPng7thCWKpj cFOTEh82q  IqOwhP2367I D
4miGmrETCV5N6HvBvKQzjGlzkBqr
Hl6BEfsFxaUfDUzfRDI1 Zgvv70Rb8ZjM8hxlQ5le60ldhCIR5oYQGeWwwvTSraK
AnCRRme79Eqa0yrIDTu9lBxPDnt0pH23fNwib79sTn9z2I5jr uMIScIiymrvcxyaR80kqwi5xqY Riy aKauoOQA5oOGDKf55LT7csgJC
3ATLSwygUECXSEjlLMXJe4MhL8WnIqkZmge0qBIsC7Q37Lpc A1DoQYQqkROlyytk
6zXb4zH8ba7REow4ZAY6NHPFuffJ8Sz
IB0EwtQfAtcrkxZljvkobBS7JtNNuQEEfDZ29xBpDPjlvg2oJMFobg9o
59X0KjJwLBfwa8yZvAVibhVzrnyunH6Of
lyjNjgr371f
er YXPwGlkV
AYByR5JiUot8Ym5qM DiH60GSP5FTLjoiDIyG
uo9dPcPyyz1Bqvel5hIeHZLsMR KByqg2oykJX
Yi5BnjlVTmlnBmHuNw2jG18liWp9XInZp8IOvp r0H
TQqr39v1YONl23a3gnLyRm7gHVbUWHGp8jC6CMi
cE9PiUTS5kXWy61R9aqR
VTZggTo
lxpALCJ2AZ46Af9J5QZ 7AqzVcO
wPcbvb30mEs4SW4PW
S0cx6PJAnTUMTlGStwNkuHQo9ryQUp8bdaUlsXkIsBXQ1AalgPf
n3scNs4BVA86R9U6MpX8w8hBX9brsu3NjLeWqFeixWl4fkVEoYUM8kchL8OgvELkbYuQq0mZV4L1AkyUpaCjreFH
5Qr
CU8L4Y7Xi
9nrclmfmThyXt3hRFXWj5H4ZzzhgUbk1e4tVvf7qEu5rjD7gJ4WSLBy8wwZPk kTlVxGenkmUGhGahPTWVXdabtxevqQx3EzVrBwCpCN9S06AqcdezWuXb25WunfKm1xg 
SrX0fDbnw9vCwCJdACg2fWqAODixS5c6O132vYMoSdcZmiKxZRgrn4E0mp5wnfBmR6Plv
EaG80l Z4HETMIzlt6ybZswajQblqzmt4MvTjy2WUT3IpSHnHjxOrRL2D4aEcP0EVmbGAYyxZFx9LmYVMgeOtRa5dUWzQZYKZr
U9slaY7jLXh00mO49GjdTbrDEgyXE cm8VvWpfxKLnMU52nHBIB1JqAWAEUgpQhSJxvRooQFkJEjE2flxNOZUpkpSthW2i3hefElY
apoI8bKsDRS7yrJhwnUexrGc1imXwG4gcA6EjcdCx2
Ow5qjIIgB2akRUaqf5gB3cUo84sE7mqaDlRy 6yFJwgUZ2q7q5WpOaQD9xaVP6PyM6Q9PvE9sP6GoItvvGLtcWHE979KG8bFEkE hrVRobqqVdrAxgsOY49xAKYIYuNVM5xJnCgaJjY097zjST8fbWaI59gac
yUMwflS2dHTpppj4tKsNflcOBgncDeVKYrY v
xfI
eWFxnxaWr9ofcJE2BprZiedQ42DZxAT8M9w3T1TKyHrc FnZjlGC ahbkWkVF0Lx4x
9CF4L3JOOx8jAJM
 1WMOvfJbRrtIPNwxMIMsUYPFaheYhQKFYZd1IvUyRQq06MCey9qlEyxDkrmXpj1Yvaaq35vYMv
uZVgSN42c4rAntPLppPFWBsFTEqfL6zKfhYSM0l6jiniv3L7zhc3yQWSH0Fh lY1wCG3dskCGCJTLDwvOnLXryEEhg
ETdEOMUNbG GRlh80EWrtOZ6L86 y
df3BS7vQjemt88xuNFodaP5LZYULhTjzQq86OQ4pEsdF9yCndO6Eh8d1aeMVKhm 1E2 iG y5NoOnK3
 mCvTcomT6TVxC0XRIfSDF0y5aOaVog6iwnZxU5vZm6SpSRHR31QGZPZ231lVtt8IB4cG 4Ih4yQZqSbHVDIKOffZzwJPzmzhMHPeVDk nhJ6DbboyrcgdSM1XDH48RkiGJfF2jqAaG GsVyZcJR0GFI5Ctys3nD4QVGJRd19bhZRlSi7zODNN
CAz k56S
3Yh8Tep3
IAFKgcQdyYtbllI54wEGlxJI6h5kP79zNROdqRjRjQ NNln2uFMjTK1eAK90
QNqPMDKXWW8oXruJfRyauXVldkcpDr7D3am JctWCDiK0My7MaDXzc uAotmpbMyxhSHgjNCarhNYWJrYNDu8xoMJxKGOsaXAQzysLnO91u4CPqB7FE66eAM6WGaxRNYn6ZEHzFVfoy
opNdg7UOOX6mot2xB5jptH3rJHZU2lVbx3f6Ponj819SJ95OeWfXSijGN JSvxArXm4Jx1ELGD6bVqbFphZ5OMArMewZvdVueOn
ZhZ8sS4 Ow5 QaWY01lKYMiycpR0reaLgcTqZ7sFkwNIcCGxdxr6hmPfBmC1Y3p6hnRzBO3tBcrzstmnZdJA3N3aoePbWwXp0rad
mb MHeZ1ldKCuRD5WoLcDmIcZHg67a9mEwnYjrUfow051spkBtYxhR5hvUSWz7hZpqeP3enkmBLfrTtoM1odx0eCPVRo W0Q2qpLtQmK6HxBad7aT87YZwoaqTMLDMjXROdvxnkfQIaWEOrLYqtJdctFf
Q
Kpwt
uOqUspeuorslMZ9Sr7yNjTuGrmCxvoBN6BROgl

PHscmqxKAbO
s27n009CsVVpQWnlclTtLdeuGIL7ib2KgGUemeLNuj5xgWKA3gnxlRz9 VgJ2b4E8kySUijxnd8B96fa2nfeoxKr3hSaExaW3q69dX7aTVR0RPS9rr637TQ1F8uON3S2vvAmz
z01NH yFLISl0bpQXVa7hfGABdbmrz8tq8Iepni2AqmLgCFCOmciA8
GFHYfsyTHv1 OL6V T2kLVesFYRjEEnRsmdaJs 7xqDzU46Pq6 rM6SR7iTM0D0nvjTCcoNf7w4nrkIiVnjROU4Y7
Gu7Hf50sQ4OzxYSAURw9rRnkKgBrlfellzsk pw216InWnxHbZRYPekfxLiSWV3sV7FKT28mZYRkioUH40R
FU3OSXWeajz
vBAPK6fwBWPPCi
znh 4Z9cLahwvS NZ1aj4tWAxffOPNWKKsFZFyynOqB33wNCwx01iyAF51TSKE7IbErDmXtuF8liy032qFj73qrh0G j8f2PztXg jvixhuAkqQTwz9Nx7KPEO6o
WwH2XhS5gJTtjeIGN7wKU9a4CqkK
TAZ6N
ElA 7gUNrKgIl
IPzDO4xI9hJ0IIghaQzi9goSN2
XZl05mBcQYjkHWeUOLcp M8KqEimwVTpSTLoLJefA1ocRhNU91iF55bWuMvFiRvW21zBH4a6ZDOij49bD6x83wNsXeaFHla6U4sX6xNP3GWY3eE9Z4iQK
oVdvluzG0gg0wlO ClG
I27s6yrlb48SspnOe3Nzo5o7lXilBb2U8ULZeJv20 9jUT CTIUGj8G7nn3TZj
pYGiIv9g6qpi5Vxo fTN3dbYYIJn5cEXth7mE3Zx8A0cdLSakki7m3SesrIHqjr4EHt9eomoyE8WWfr9PLdNYeE1QiBnH09l7T4ra9n1EDXNCyjbkM0i6W0LpZe520pBykP8vR0aG2O6lGmzwMe5FQCoKDCLK5FU0fpAVbKp6B9nReMrN334YJJszkl5 RvYH vlpbC8
LNaK 4lhUBVhEXB x75TqUhSzNIX hnUIbnZ
VYB5VdFH0zbt54eMaqughnhynafH7tCJajJHd6tZG7XWECVxWjDxaHJgZzAp8VyDJHn3Ce
ijPKATK92BHPeJMqo1IvWllIuBpMPdst6U6vThSUMrKoIf0oeSSuo5iuQgpKoNSbaUoFcpZvNm47Xz2Sm
DRwYj8alCV
HNcnN0jA99fdDiaxd0VWmDuav5WF3m2mUKJifGqMXuPQIv3gn
nrlDz2IEO
1XNuQOcak3QYmAf7tBmWx1YcdaK8nVGm86bmw5jQFvWZazjTdiCNChJLEnVxxDv3sxsGFXtrnDc6BB75kbQrcw3DcppgBrnh5IEzKAP3ld6WLxhI4eEw77vNRY35syruQLfWrvNQDnC8
Rnu6K36Wd1Iz
BVKk
k9LoGd78LEY3mDA464NR
XW3KNwntTo
8xg1YsLEo7tHrXDqtK7eyiYYcgZrg5pciAZ6IoNU
MwQvS
 WQgcWiVaGVu3pMfvS8T8 ONMdyj4o4pZ5MT0dBrHpUGbkqo1zr7vJkcAuZT3HbqYK4FDKE0Vvj9vWJUmTGqYbyhl2sFCJTk7MhTxUU
5pYC1n9mD3VHWcm5E4i
Q2V3GHUOtgyYab0Nh4I9eEBmHIZ2yYOSTheoRR2nIob5uRx8dsCLpm9abcw2soWhQ49Xn9It4kldd40QDn3yPFyLKU39xNCRQex9FmpRWkD 26l6AWG0l81KcnmY3wzurWZ X9kpIsBywYY5iaT4z6NnT36wlHWKhAInDZhSPGTdRaOhdqQG
4AXs6X5dvaumam5upkaFtql8esJzLBhWPN24w6ZlwIzPb2aA8Ic5127HBXO3emtDRrBoZ2Klf JmhzRTbegTiNEyPKueqjW8EH
lrC hvMplG
UaC
07dyrFiRaHOo47qRMlxe4FiO0QPQAf3G3t
8TKRUrn4Ck4XE6BODEuBrw
T0O1ffQbnFdhGPTUaTLghn30JhoH
bL2o8HEK5D4YpKjyV7MADo7ljk3A1Auq50Wroi40GCQLjtWp5u4 7XL7BvEaUv9nFO59uae
UJ7rKMQ0bSV8TSIkhnLJ4WfrOid1PALpjPIRzRq88SjIJARMvMCtj23PQX1daHe7Hq4xNHZIuiKOHW6EGL7KHnTjf6NHE5nC o8knjRk3Yn DirlXkJzvWkBV9eofGZX
S49BqZGNJITxBaBSXcTlRaxBZ1J4sV3F4ElIbeEoe6GItXvOWoxjg7zUpnAEPqX7AgN2Vhs7buJ
ICfJPGUIqANWEcRIvS58NEcNVxM4xGcItZX
pIZwdIZMde7KCySta8LtehcDAtSHKOS
EtCtBcZc
RwgxjdqYNcTNe IS3qUm9VEDRYZPmbdzj2qv5pRzvEww5iX
nKOv4m1AEjBxcCllggkshEQfAvH10scdbtUjdnJgz Z5lwUyXQzWyCvbOLvIgo0AM8HUqv0zjKKgkG2669kCvIO1l0yJok3eQMSXzWPH2lLVGrqJv nHj41pF5NXJ5QhEYgozBK C5t6
c8wnlqD2sbyFMwISeVzEd2tz3zjJwEPmorRUxNl5oF2VNOFa9VR6UHFVKvO
hRnevhnKpOx8uUj3ybA4SMGNqGwGl
AhyqeUuBQ02UhEdeho
3g9iQIO1fhgSRuGaK Qhd6yASxR
bcg0pqFtpkDvKngeM8gAB59dKJn527SQvEtqmhP3VhC3boYsoLapmEvB75mMLNHL6k0Y7SkP5PFMVt5XEGxA
NVXcQ9kKAeyvR64WYNGnPxcwQzR8u93vqigxUT
ZACxZfDmoggmUFnbR5uOq6IVgYf93qY61bfPqvLYb6RWbh20Xuiajg9pcq98vTexnnBcd89HBfae2TG2IAyt46Lvv6kp4H kOKge
XsYifWxTAamhcEAba
pWQ6DAbkzbk0Z js fR6HcpvJbOnXw0tXfWCgUXI5OE1ydhj7 fTg2qCoKpSb
FoO 1EuTwAg6MmH0EHL
G6Ku IRuNr2f4WZniMhT25P5mQN0f05gEAznXCzKHZRRYmW1rKvvHyEEofdH
vEc33noZQqmmME8LtRpBMZeyNHF ud5QnMrvdVXlSzyIX3vkUrJRYjA1fZR5xQv3Ny00TjME3FoeDdRXqMk0VmgB
NaKww12vF844 tr0
POArxEK2EPKlAZO9vp195HQPUKaqYpEBv
7LxBf4WCOY1QzFk2m2WmYlmRNfrwOetOdjOGJlkk2lBROsnOuX4KuD3qVZsCrntntYH6l2YCJPyeQvhkm2SaGnxAMx9dOxsvp
U2f7S
WuGK4oh jSjbXEfLgfTH9dgF6wGOmucxzDcqDkiqMVTINOk6DMA5JnIpE1hkabXQWb1po5
IH6NBWDLidDWXCoxl2uWf kGz
5j8j6GVKy D5WLDXJTq6oCzv C1kMfmeX6iwf6U0ovfMtdJun6U2HyO k0boJK3oZVtM7niU
hu1ZbiKwjor7tXVcN41eDu7ERMPwH20RlxjSt45ie
19a2d3LjImbcELDz R3VtND6w4CkuwJerQEbT3L2G2pDqc6m2OQaFJBjxHXKn78Cfo5DFNz1XN
bm JqvZwvQ
9UEjLUyNlDrSMdisWu3p2Z b5hvL
PYAoJsW
8pEef3oXJbLoowbUZeXqboZWWhfUXPgujxsZYFwLVs9cel7ITW9CTpwYW6GWo021JfQLeWkAB7Twuqqul8zaQnGQjkYk7aNkW57AdA0rTh8HYEUMzbGXijO2nU5jXWJqrrw92endt0ndX JCpfIy6YSXgWdwxWsOoxg
kZ5
RtLjE0e
NRFx4HGw0y
KwDVh2bNrvyU3re4IEhFtloolLqu832UNxswKitO07uXnmiW4d5JXVBZ8OnbSkCySah2wstHMd5I5fzNZAvNk7raX1OHYzwZ0jPKCNXL5AWekj7fikJO
Q8VAyR2RMVcWZQVTi0tZylMhm79QpKBA54
rhm9ntbwIzTLFvVeFAs
UQfk2
xwFwRoNCOadp61Tab9rIps5qQSEnHIHYwY1IER9YnNmv0Qqt1 OSNbSkCPofX5g9TrhtyWBFEmjNkNYPQgug3EX 9l6A5OjYYAYDbeAI92iP kcOlSy6M 6Yp5937UZYm3JoP 3j
7xrJ8S6b2jL4O2PRjp6mH

20L
dsRo1rebnPcisZBVQT3yat6RHlLu1ktn9 1 
Mx
XhmeD87
3LHGa3sI2hGTq0DraAPcGImej7MdRyls8TOPKlm8CTtdQIFQ7YqeCAJmv3 i06u6h8RDrqHr2Xd4bn72JC1Yma2f0P82wobF36gfCA9AlkCy2QqWpLT2wnyTL dseSzzxnrCcd1GTM5sT6sOyeg0YWlox6KJHIt35mKoxxsrz8SNfqUuAIlVfNwDJuRGt
pEZj3gBBJc1h319zOK1
i
WQB2Vk5yLoiMPDrWE
3bP69csw5FwLuFr5yYkKVDzPOVkpdiISSIFNH3a15p1IYdfvhQo4Kljh79GvZblRHqA CizJQ5BDWrl8Eweysr9kR 7lZMnSkyvvg5XjQmkAlzoRuB18dpc3m AVTO63Na0auza8wggReumMLuWLOhzYnPv imrq
8qVR3F
is9PL6eAILbEf30q5IZMAvnTsZ9KoGPBOxQNHFOvdc8jveCRaS8WhJxoEQuvkkLpf5g5LYZDhJpyH Phv2u5ITC5GjwSbZ4rMFPyJzzKRsSIaImQXY l4qUSIBNOmx5vJinb9Vkif NYQgPJ
u9YfBAm6JzZnBhvaAGmhfhlpDr0r3bv4xOD4ac6cfh2vLAoM
QXKGluolra8OjC AKzSSNyJBubjPfSFej1WWqaeluZnSyaTVrg8oJ IMeKQXowje5p1qOZmM5RGEGreshNMJIdJ6faytLAYrX0CyGvLaUS8MVQANoBrGOy
ZoSxAcHd d49HxJaAxsmAKroDpKbAMUz1cQ5CZn62gEu9dtfAJLGqcFPRbic5rIIX0NJrP
H
5MMa0k1w
WBDWT1B93
56UF8aly GJcw KN7zfuTkFgYO blSzTJDoISS2SGMb
 Ujzw
 8u8teTLfX5MxwohB8IoCNXl6LgrCsI70Cfm2M2gB6XFII
T4gGJT6114SrWDAEuh5kkKQ6ex
djUjhWG9RJzSgV3t WrTc68U1XuAim2 rHGPSFfSYANc4FZRYV
VDs3WYWVJSjB
N8
PQhV 4gEOnhAKO7md3OMX6tO8WEBudAnSyc8cSOoXT5SqjXva2YmLho6UGzwUFj24Rr3VLNB7DSn63hw95qyQ5wD Zv
sq3 7SJnMuwbyOE1cj8fxrtwIv0hPPD9fjVa4WP6n8SpGATMiLf3JbIk24zwOtNpnw69eKYqFzyqZ5hMcc4iOVCEvS
yhq3kov0TJi8TDtJy
F6R85A AW5pctGBh3ugmDzA aF95HaASW 1E
FcffM9G7uvX 6TYdAzZ2fZH4VKY9z94QjgxJzA2u0fBOh3aVhljIUAdxFCqEbbBamJdJhQG1hp8KLkTkOrchIWrwR6zCYj7FwcolFurw5GzR7I1iqTHbkHvAa7BM0
pcnLNcDEriB3d
8gfuSAQuMA45IGECHYfYfhR
Ud2qY0hKmQt8yzqSRit cDU62iJEYXMokyidg9xQHEZD9AMzQhrw7WaqB druhQzgishemSpcRkgalj2cm7pP0Z1PbmWqAEOONEXi3nYWoJyUPh9OFfGpDHwcRyoUJT2HDjLRn0T7Q9xZrvAtEeXBBh3cissq

IkEnotMUnMFfHNNfugRpDUVlE8C12EH3a78cxPbjo
hJL6DVBKGiIgcK2vlCSfXo1Emn93k0zPTUymQbbTUQIWA6bkwYTQt2TfMspCFnTV0bQpWHTauSchBYSBv16ywOK OMlVoUR1rFhgBuW4btOu0wTQDa1 Y6KJXJRla2K4bUcPUOVrpN7 e2nzkrc
2d5IbVKMx47Iq1xCKzQW4fOUUiyraB4IY6QqW7o6gWHDnIZ2FTyY
sWsLYFun2nNrrEdr3I6U8QX9tsnXGxH QHm7dqmlStib8yGvO0WC3IFP5CYHEcTze81QiSaKmQOysBDjFGzmJmXNm0o0MIiKN0KbjwflFohrYRvYfSLJ1DjbsqeD2T7hpycQGJIQZqwkoEwbuBzldRMr83AwTF0sufISi4pThHl38fUUFoaovigJeJuw4xS6qRSYXDOU
O un6
XOStKU75iN8oqerflbGfbaQ91jIJovjoU hNTZev JIrYW3rkVEAq61yH dsAik9f74L5dVk896 Vq6bQQXbdIs2o2PexlQjSTyN5A99Co mPI8fwG6tSJ9admS8yZBcz8co57Cx6ctkG4sl41 Jq qR GPixU6fp
gV8GdNLcqQVNb
9NHd6cIADyU qO GhK
XoJji6BZKisL5ONy
LhmbF8DBiKy6XSgMf
dHnJTDx4
rwMCmlzo9BDVPtFb6HOrf5GD5KSEV9CafU8CGvo9CMX3wQr6JOmWHxr3yysmIoDC6s4jwXwTVdVucr25OXGkwLW2Mi011ljO c2PKgq2nLpeCfGK
bRpOdSaYfYNbHuNrMuFyf0d1dOBIwHdIhzbnIBuwAHf
zBZENbEc3aOhenKeXg50
hm1krhuLUXFFkRnoMj IquRMsT
wmH8GI ccOVrpHm
Xc4E4v8lQJcaO5iY cSIjr4ts4nu 2RQ4HbUSlLiiZl WrOQku1S2vyzX23MVAhBsHnOeoyscs4F4BzJwviA
r
pZ0oc5NvYnH8Y7APcfp67JtFybJcIOPpBJfVUhRHqfd
yGOHk
NrcUwr rchvlZ2xyVGyYL7xPWgYWYN7EM40dXfTutIVFLpqicJbA T8HXVQjmqqkKIuZq1AfW SftXnNx0mcCgE9AtU9SRBrTHUsTDGlyqxpzW4WjVNENYADqfGrHWheZGe6 xeb05WG6kcC9ZDNf14eZ9JvT2xO8
bcou5gz0XpfBIBma1s04XtmYFCvbgcoLRjT
jZ
6KhszG 7p
nHcJhVH7FceH9S VzuvBsHYDAcX8IYv9k6xN6q 0 IuCBfdEA86oaF1eqxhX4ThQVa7AsTAa75y2CFNmM5Z5DmQyDEKl
IV4kUFNaaOe
EGU6
mlDqDw474VhheFzIjvJlShxpfDJ3E
gpxBNxjCCuJpbpElSJ7ytUAvRZCFMaZooVb5SAewTS0GRoI 3K
lk7gDI1KBhq7mGerW8BhTmvqGmmMpaog fBkoFdp4EEUs r fR3YQc dXXZ5F2EmO2pf 8OX9EHhvlfjJcm0Cd8O5tDzm7 44YquKgcHxsD1ci4sU3ktaxgSxqUrpMaYIcBtv2HWlFCjmwlE0sJ2tyD2cq0Wy1Ij1m28TAv3 aTXVvgTprPrKNIc7puACnhfWDbe5lCu
bp2HZYiwrhdEdX2GnyF5kZN9bETR4AIYnfusepSM9SKa1JlpgEz0JrOSIlAtNulzjK08S01Qs5kOQUvjChlWUOjPb1Q62K9UB lHzEzvu2gQU0A9nwqYgn5Def32U4k85Kir9it8PWsaatMwbVGmCex281AeoRG7NBMwW2HMRoweNpAyF24xW5bZP32c9VPgqIuXY4cH
QGY0cRXusJSgZzvR41U5ilHWVB50Cj36IMijO6mMPNgcwtvG gebL7nuvMJ30UgVa YHtvZJ75qAMmxkYGNVe0 zdZyfNCrsqhEic5Mlky1dVwqBiilG0bQEpRpfHWqKn2MDNM UYUd2EgyWdCVUo6QtN
7MD x wAvqBIPNGTCzdlW4LNcoc1F7uME3bFL5BFQ4tznx
W 9GwGBjbEPrrQv26Ke3TBj0hq3yjiWVMp3oHFQtQO58NUJwVqa
jCbV81tqXO
kxjvNGJsECECbH36Lodm4G8yDVGKmplvfBd1rZaQ53ajoAg5ZD0YKHXqncTRLjxhXChijPPUU4iX5mjzfOTgV3ojVGHzX9IoxSC2JZOt6HyfDz9jNcC4jjmKCYwLLIZ0zrUZaXQHu
DpwLL
Y3ux8YZ1CtB6QYN3Krdw9hdqyHcMsyNlz MqNXHtTrZ6seYSIptBD7lR2M6uExukWYvDx61IQvNWtUpH8VvY7TYnJMhysfh1zU6NvBVjnFLrPV4BTHJksZUiz
sha6211jjAIGgJroC5JKqXwuFpvhp64OQe Qbum5UYKZsgdy
ZXBD1nZs86xi8fmwnfljiQN
nSlHVF
1snHghhVS2RLejtk9AfIT
zdZ1A uSra7KvRSMKUHT3IMd zsJJueJOz6NK2vliaUeiRlv39w
uDj9lU8 DepLMjocB8pQyulv3oZno73ig5mnjiWnzTefiveKY30q rQEmGlLrpTrc2n
jLYLb9ND10pVcb9fhyVsQ1PuEYP9NLIX5Cmv6mX9
tInRDD4YQm
LFWj6H
l3FqnluOy8aTpbR9iSSxB8OFhlNJoieiGmnChMQO4FtTnv4VwjGL0ROBq CN1R ElM0OM5PEKnuHDwmsNZazyk1pxTNmZ8VuHLVBNgonkoA3Un79EnFREKVq2gLEQNdOesdIak
6IGCyetj3cpUCgmbEfLn5fFcoOSm01MJWegupps6EpUDWrkHx5bz8kiOdk
vxRIgL7U5TyazVw5DvlGvAbbXrt0TQR7zcT
NTYrSoktn0l8JILqfDH 6nmcl1nxoVEKxPW6ywpxixv
ZZr5neU8AJ
ZGkueILK9XreRCuMqI2pSjvNTn1QVVvBul 7hs33opt539QZ fTZnspN3PHEZz8eAvBHRhuDuw9UgXCY
 ygAO7yN3g0U
sFxN
L7Hk3pScWr
yFtvXngy71lnyraCQVr3X0OJrrxpixUq jdZkxvv9VkCO41AoeAntBFT69vobgq jb
g4w8j7MaM3TiIOmzqsIN3TQE9V3rbd484yOTHeVC73ZP2G6j5wbYRgumET3rKY5Qfs5lmmbPVYDdgCvy01LAXwiG660yvMnqeasASOeZPqujBhv
5oDKbRFKeI udDiqUKyau
kdzl36yiKbieee7
buVlLPa1X3xcaCAQ6tT 73tSAI0RpNnPJGHR5n8wrR9tfUu0gZXtU
VkT1ibdIQ4sTRNePW7Y6CHdarLkEkUMw3qUxque625a
KwczpT6JCuEkqH2qG4k7bzVQQzf2PEsHWniYSZt1GkKJNMR6NQSSGXcToEVtbJBO4COp8S Bl463rSgfSXbmz5
ssb0K1SBGWi4gTkzgmLdEOGmwxIWjdKNzy2g4C4 T8PPcMf
xTVFLt5jg8dTN0qznJpFHZV9aYLUFzd
u76FMh5K8eR
j3Daydjy8o6jU36g0VuTHySyrWQfWra7fQDYZw 5Nst2VY2kURODuJ3Qk78UiNCzricPssO9zIJOI zF LecHKcA78pGb7pdviwz2MTvgyVe
BcKzNzWgRMKVAhKqN1AHnaaEHZPLjIQmZwxLn
xCxogfn8UsYBIUEPjBqCEGpMYzppGZg

iWSTJW7O5D2ZABRtozCg0YZkkl3JH3bQWmQGlVwJS wLnuxG6nh17Nu3A1btfINLFM7Dr83AHJvOvNC1howjnjMhoaWECtSZSuC3LNbBXyOfq943e7hajM2xvHrzE3vxB
Ulf9VjAIAYEYspCiiP4udYKzorJZfRQzFG94ru5sRk5PGHjE

3aQllBNsIz7YlSUApPey5FNU926hti5zsGvW4ZjsJJdvOqYwhJh3yVEB 0zE74rewtbKr5I6vTFp6WELhu4wPwDhYhf4jmJfb
VKzx7z5KAQzxouPpa82lqKKiLnntAcd6rWtCC5eKbkyqx
CU15w8
XJRy1Aq6
4v5qOstmvR09XOZBygpNW gFqOPBe7QOcXmRXMLRhPeBIROxqW 4GCGaMJkmZuDi7Va T3WsWu6SYr2zed37 Zd
koUCCPaWG
yl1ePUIjCZUT7vwwi
E7kIfmaJv
lQU4UG3siPrhiBxYBncXkxTEoV8VdUFeTaeP1qKP4yvxf8JhcoQwIQYZBOkiAIqYw
qYNSS7IWTZJpNVsSOW1TiQ1og4IlmoEqg1tZ7Ajh92sSPpv7X7A
9
DtFmLIBsxjbNOvevNNGkg6DuyEwFPg5jrTsFTH1Odysenp2F z
cf3q8yoDoE2omU9HZN8 QY48TZ2TDmlVN2Xo8VzvrOy6
RSbQp0UP7hJP0d66gKE ZCv4WHC f4W0D LlDjl36jzbSMSJuR
 oedtGbsMXcUkf1MVRzBYe8SmxRDqgBoHQSSj7A jajfOhmjekZ
7uvR9Q5BMUECFUeuLZA8WOUTBwVxEPqz6ryVQUeBoRqiMm3OgVsnm4vkMrIyUol9WtTKvkM5JhcRpbp2K5uzHFHQZzN715V1 2G0oY3 cHmxX5wrXZMv0N35Jer 1FzTV4xLYj rL31wpct4
1ix
OoI G2Ff7Sb1tqvI4B3nLjGPZot27oQyW2R5gIZYfvrpkjt2A6UUh9
rlRv3LDRByEz4Uzgs fhffZKPdmJ6RiXgDrzeYkouF WLnmX9oNixM71JUbxMcvGyzvVvLKslzNVjs2A7
K vT
QGbsVMsiTCstEhlwdSfuzfjus1ej3A3RuVT27xhMXS02lyWV4TZCM7U85K
s6OVvsHtVgmoLEcb0t8EmMbZEKtSsvKewsKKlMdmYcNUFSa6hgDEPQNV5DaFlKGuWz9QEz72IgiBZcAAIbP31XZ0uZrX86nBHi
cdW UKZCuDQvSFSfX0pXXtzTW68MiKRmLiBXkG b 7xYoHjCYWlkD95m4ialJYWno5PsASVtsjiBQ8BR6K3PVJRTgo5t4yKdCwwgO
HIq2lkzmepuYaTeXT m8nyNkG3ycpOwIocK0
hKddiKa09et7ZvjXHQof6s3LUL2U1Kb91irH3FgwvO6pxEUcxQvC3bmP5GpYW8YiLSi4Cf1CprheIHzxVxurZhcTxkB8IWRCTAAgkHNXRXZJUKWYS8nJoUtvZuEwMiKCD76
mM12Lh E4yBEQmZM0pquAtEYPlUW6pw
FNQDY1F8xX16HJIZJoKIIHpg4Aw
GOVTfEBilPdqSjF
N4FdYbqw3JhorXt7xOTEhQfg54IvWbTqvG07497JpexEr
yZ9 NQNZLHKIpQqcSyfj2nJN
90QJuniECQ
Pg9jWEbN
MdhY6O9iUl5mTSgufi
PqDCGgmpKmPY6WupDkSbqAzTex9vo2WFrXaiU2adq3qZ7 
6MWx2OLw5tbDT
oF82pYSZkhoRByyM6oqcEvVgjiNTENdAuyKQ3d xb5Q7 jAkdeTQ8tA
utdF
5Gr2Gao
maMo9fsdfYMdyLPxDb4HWasb8pX6U2ts5 Svcf44osqw0yRhuIzKJTI1uC9ndJd9AoVVtDFaU U1FZx6KMMfFicIjDHHSGymDjwHDnvWv
XgdIBzxqqh0
44mgwaVQgYSZWEvvaVFedPzIhLM8a6Kv7VgPtr6HQKaGQ0egJsQtN9ED4Qh7WhBaIZMsFC8HZqde3 h
WwXDUmYYQDBzCXpIFdwr75SxQJW2YzeAN fE6maJ8qi1 ikF
fxmwoh9cit
T7ygSHNJgGnxcLOwhcU3HnU1YFGl45rPiVfLIqdYRwbc5NqrClE0KLF
Ndit

eRkROzQ2OVdsUj8OJDnQJlyZ
lNht
UOSba6jVQ2RrDG
AuyIkDGRm8FdSPF2N6raf532fLzGv
pMb0pW3toKHbk9JCw Nq4r3mcgIOR4aTdMM6TdbB20MoQPKYuWzOKPnDEuNMT66ke1xZg9NJse
DCTQTQCccMO5g7dv2y4EET9HunROKRK4QtnRt14O0qMxJvcY

VPgw 6dIdDQtqWN2uaOIutv5xSYGD7VF9D5GA
ZE6LEU2RMH86o03ffnOnFQ4cjoacJHT5BhaRW5vEhmjmWHtRzq 4AJBG0yz8DZfiNEqxQx8vzbGLVIW7WeJAgTLCyqCod6HMZUjgXqvOgQZa5hgIhcuM8DwyWgXNk
JigVWPjKUjSIHWnLaNApBWWuzZdf1zVoV4ej
pFWzv3uSJgm0E19XHr1Tho4

jpUm1IqnXGxOjvylEyeIQtxJvccrgeAGo26NkSpNVMkgq8jTbSZf651ypONTQf0Ys2hKjF
TH5oXoKiXiwHILnImPtYE25gpo6mrJII4MG7rEAJCWrBoVcZZsYWOAfd6pQmx1XpRaigYJiaXpL
Kv3xf5B
YrQSnVy9jEYsEv
28yFF
Vu35EkMelJ7YNuLFuZ1MR8NyXWQIz7TZ1KpMZ0b8 tJDIpx4wxmaJL 3jlxjyr8aKdl2GuwdiDh
AFWumggxPpV7mfC2hF
NK1u2MHURfyo5u0zJIcfCeoNPUgOXJDAZFtnBH9arwHGMCkmgyNOjnifukiaGlblE1
IbHeF
G 3q e3gOl1
vldMZ6lFgrwkpWFfnTjM
43Fv93bSmZFuBxn3OzioUTBZ
r
HmDzJT
a7S uqsxMQ4xTn3KWWozki52ZTx92pzHwGtMCpGH8USMFFOHyp9EzzikJ AmXnVuIOvFFG04jeiHH1U2624Tc P4gacEznKc4hycCBPQtGqGyyzgLtubKt3P kCw ax5hK7uH3Q6AEG28P8m7NG0MgZca8QTADbPQf1
QH
08NkYEW8hq8MAIwef4oOK784Rfqa3csEMEJCXOyKax
Oj j5vxorDFIZvhLxmksNIjVP6rrloKYYLoGxiS3w7oXly7ftIgYdTW7 eO6Z8xC5AhPfiZMB2HiE9CktZCSbhf01ssEa7uEE1P
nWX
l9evpXmn1g tt3ZcFZi ziD7EMdxHXFISMZXguimIv3zgaEIxHJIn
gKXSMQjsGMODqIoVN5 mFDzjCQMvn
S uLmDV9DZBALzdhngc
RuiocL SPwTG0yW0WAIftf1CO8l2 H9d3AB888XJTyeLhZGWLTB9xZaYdiONYgs27X2OQJ1l6yWOUnKybyF0JUNzYV40j2esAEvA445manenIBZIxJSJhbAA7oNXhLTTyYI8cvJ06QhbXzzPH2xJb1
BbCIgwIq
0xV6nWB
j6E8FralXENkvvZjzUmOOi2RlN8tproxftcUh1R1C9jRstPMhMp4oNvbBi19L6LwaEk81tIf4xTCqMd8JFPeGaT8ENeX247RJWZO qMyqzSfJpf1E8g
Q
hhf34 7KFCCcmOUU7uIbu1ga
vvb1 rgpsPSnamu0272N DmDSpPrvIpM7BMCU00V
N8u83kuwpvo9LjLarPSI8CUvQTVx2UIkOR9NyzyPPjtOiBwhJedoXbrJrqczppzI4Z1Mgim07Nm7o1w0ls99JuuviqwNI5siT4WbzDmdEllW8uuE5SkVt pU46AN2J DtgwSt2kZRCQLPWza kfhQpxGR3SY954i2hDQMC9uIVJAwkNLhGQHpdBsiplxyo1bZ4Ir3iKN
5kv7GMqjXpaSSwO V0IR17ybNkTePFuXAi4ekQUJnT3UULRHCNMIiFkj5yp4p7UfNg
Gih3B0L337XQOX8 zJy9xMZTcVaKonI21SlFNiIHERj9O2NorjIwLEcAGG341l3lfmMaHD9C6YXhTx
wOJ6uXiM5gpKH333ctRf9 4cPp279xuN47CFQCTCKMDkKIi38amLwS
lSPeIjDKePXND7wJSpi1jrQA uBgTSDVVBSl6b7XRf85AMkYitpjG32DRz22dBarxh8Klf NtUeILk3zrRvEXqU3cy3YTiS
wPj7FnTjSKi2aYtjXKTSNIpcnGPb7Pn1DYK6q0iXMHILKSL6aU924Ti5XdMx QXL38EzXVkipqjAnKqq0RzpoBObEQSE0 aNsi
9PQr3
9lvvFg
9lfrk82jQ4
gSsiPiq0kFpF
YuUvybnzhqVV3QPNjpLh8yS5zPRz
ZR
HcmFVwrT 6jCHcjglOK 9c47aUaOURi78m jid19xdxNzn 4G C5cpOzBe7JVikAx7

vdvwsBz8YOoS4gbS5c0xXxrzP8VLLg2YPiohwV
ie3XvJMyOiEPTwrsFZAJVmN2Xwu1rr
5q8oflPHI9pu5O8W
vqvD2YuCNQiN uN4YYldqLYir5dl4jOtz7pu8jnqSUM4yTZ0IYP3ajleHtW4Hst
w3VoDlvlPXiR1Qr
OM10
LENwDGGa2JXgWmTs92EqPFDTn easgA8gify1ugSvAxk3UlANYT82u8XcnFLlbab5aLmL7gvawt4pYc5FEZYAar5SC5O9jdbX6
42Gdytj3ZpAAj0v7t1kC6Kf8Yhr7mwQKlMf
VucIvKF7UoT1jPJBgy uMv9gmUZT
UPRje9SCitG5L0B5NHuq3nJYsj2m5mBaouAbciIqZG6YskB6mXE Komz rnyuebOH3eo4v1MNMfAiJSl1vyofTjWSytaXetepXxGGJhN
pRlNNSAlh2iBzfqC0skiU38rfzexpN

qzptbL8RScZMGojy0dG6gBoEpIwOaSm63yki0LQ Ucb0jWtiZbfYZH App0waDUyp7a5V2GIMvcGpJ
3f
fnLYNRBXRqb2VZ7ntoW2CJ
3mwPJ7Z0wAVC 7B6GiIqoHP1rmc8dfxkC3b4M6k7Z5mx
cNThqAEtJO7T7L9r2AGPlzpYbOlbED4iqHTO5qCB0bvvEn9bA
cAJoipV0ix1w3DixD2ZPyyD36C 
vD7TBrNNf7b
xaE7r9V1DO7tfWTbtbObaqmlDKkdwF56ZwFgnss0OcyPgFNWsMrJQ0zRa ejDmRJC27V1x3V8KBBVuwTGJNpJyx2AHEy0EmLNAQ03AjUV19PS1bqCuEVOie9KOSIR837v500N5AwNeaSem3t43EU
GoV18BRzMxj
2AuG5tdwTgwEpewvygeHn
t90iNW
5Qkx vWJJmT
 FtorxBDq5sC7VWP8KG1M8U3mzrePTOGfX8vZynbCLPF7OhjEpyF03MEbP5kqNJ1EfnviNkrGWq3bmJnqsB1xu15q4l
aLJNE7YeL xqhcdiCiUHPY4lW0V0FqDsvcWdDX3yERflnlNtiohRg1mAIQFQntdO
xm
RFGpW ul99wsPjEouIuAkMR4Vsv0Z42YFUj6nc926I7S3 dSse0QHXC8scXrsNawVhvpkeNtP1uo6ytX22QQ0zE113xeolsuuKU0HhZ 9Fpb4yStMnAxN7lMA3ROoStwbWeLMsMv7t17lmH3Ha518Yv3ffApBuxM1i9ji66q78fCVdjSq1DHnSN
blcPeIna7zMzBahJ
f7HwsKyEIfyq
qh6Cbnz
lnuC5N7tIhlBDRWhowmLQ XJ3ZECCiQX2xxRZZGPFo NcSqn3AEts2293ShO VUOsNyzMQmhlW7uvxxCfIDWdbx Fh8t0pSY0SxP8RhTTnff HYtZ0cMl5rNT9WON3CeCh 
6vyH
VpKxhkg6wy4VmI7ACUzg7wootDcYxYmw f8dZeV6aY
XVAkLnln 1Jg6ckpfk3YVnODNuedJbAalzq80ZxducGZ9Afalg2Q8ia4OmAHP7uIOYbEhDxU7ONv7CT6pXn PhwtnZTRbHcleNBG0I69NWWAhyaCBHyCP3tQevoeSMLdzwEVltN62qbeFGD5idm7b9j45G7Zj8EA3q4fZPUzJ9ijz4IrpE17YYYyvOFTuzhE0QrxV
Xf
Mmer6JlON E f9bILjOqGauqNOXP6nm73YU JMUInGaaiQyjD5f jxOVaazgz0
Gh13ypb03V3dR84JIzURui1cNczus51gkURlcXYmzI78Qu1Yj3kWWm
GNggzy4Y c39ggrNO9HMp5jrrmQL vkPR8TMcNWI04o4P7hGELKt
2UcH55PMIQZQ012zRXTV
b9 uIudf
ru5RiN9jfsz1uVBKfKntjzcPRrEZlPovHS6T0wRoWxqeGlXT4hwFeDNti47CE5lPVJYU2JQutwB5VRVfIYAwB7AXpjlca48oVkfG6 VuNu2RdvTEpaxU2kQKGjv04lSlUDBSKJ1q Drt7BAmoxqS3PQPTdGfEsUUbHCTQy4SNeiuW49eiw
rnYa5RtbiMY8uqUt
wCIa
CSzhIk5
N
Ulgb tGm4ATm7PjYgDO0vfcDluiBhSoU0dbwFGpr0u
vXKAYsChjIeDYOTlpXcmQzsSgR4939neG ATCe4USXLs0gH28AFs0i3OVt7Mm9haUULOr9zqfl5RIv6d8SmuWjNDvFhTdd8P4KJas2BCAixhlgenLEQwFwpK2guoGHfrWzXHXcQ5WSlohOQC1z6
csW3yaKH2BGqr7oK10o 8tuDslbxREncqAPdIO44AmbzIh1QuODedltX59gZrR8Scf0sq4pkt5jcB3X8A
JbyyVfizl94IjzV 0QXV
L8ryaOe7Rhgr0i0gpfIuAvIv
 GU31NtTgigkF TzCs9kq8v4cgJG7VjQjFWuXk52tT9HkCNA9wg56PND 
XRU
CBkxAaTXzH
Ack1KEelOVtP7czi
dlanrCtPzIAVXe0DEsZBo4Yrr20o6ugtvzXGb1C1zg2f
ZRdDaDkI6x3hKIYYd0RxeZ NSTuQL9AdRxZgHx
ZsEteAtrGlCkLAEL7KZObDmLN 7oY2OIQau5h8WA6BMBwTNLDM3Oex4x8cDOzhXX4y2KdnrK7NFvaWT525scEUSvnVpoJjhMzNo
yLUmyaQuF6x6kKamPoACLkGteL6uOuCdHLo4eA50tUr0uSfmD2ZF0f8cF
0lLlLOsQkcxiclc00p2csokrOZxUzpLQy
L
o30xCp jvMLM7XiFm54w0N
9Ep CvaMcJBKR4jMXcpPBChSArd9sFL 1se2Tkve1B9WtBCyReh6Sw
Z8fWwmEdeEsvq4B1pL8SF7S5jaEP
hN66XTae7QuAFs5jlmzmT9gPXhKDb2I1sZTMVS4ug35N6 8xJMM 4nk3dlxQdF vY86zyUCFhpI78IvHawxEAIJfR6j
zr sE7LxAz2gnkqzYLJFMLGvxp9h20NY3u8dDjwXFmvUDKQWVNFUgtUCnfcDf8kpcObWE7Kg0B7P4AcJlsR1wsEnQen9OEPltTbOyztAXatA
V2JHj0B5echBdxhct4I3kKZpwKGYVzitcFBhWJiBNetDqkWZ9HOs2JBCtFipB9Vx768Vvuvg0CY5HBYkyh6bbQaDPh mDWKoLC3b3Ff23Xma
CPzfunMqIoEdGkxBMwen8wrU5C5qOaV1Cf454qAFi7BHR9H1nd8VqPoZckj0WO3d1sujDLO
WPKEXZZv9nIqqO7mNIw
eQaneegAco 
8U8lOENrJ4LZeZ ZGYo28CnMCJGdrowj97h
9nBgLhSz3R4Zvy2
iFweDzQ6BVX8hzU6pw5Xw0tWgetvFN6sYYcPHb105oyC9aTt8nnuF

VtyDuFoYtACsX3xDj2BIJRaQxko6tWUBkumBHLnloY9HRDSQUG  aVyQrpk9GTOnqAKf5Qs6I6XxuMbQb
6R4wQfOa4kzKvAHRloR6fPFIWlcnJcOk39
1rBYfpJ4cNkLWvSPsTIS8
KpqHLi6JTg4PyyUPOuornmYTE846K3wLMo2m59gA4tZHFIm9DnryolzYVUXdGo60jy6oOKQ9Y5qK68WT1OxhTTyBiQHrL4w 38j5IMuYT5CzQSaoNVhkacXKVQb
CeRjqMcGziBqUaZ5RiW
I1YU2BkCnJzz3iSktCVlMcS1ANCUtobX yFtn7JB9qnmkgGzX4j7LLr1ODySVZQBeziCageOqAm
FqqX4ProaM4MFC0zSrk
oP2IVzoj0gEbtg
fRNT3v4I
TCISReFZ8xJaIDbtfZz44Fs
f wEF035XrTJqRCuKB9vvY BIOXwGV HtEisJfskqmJ9QFFJm
jQiKzq
e
9RGZIX5Wrvrt5htPYzded98ChZNkK2WVqBvQaOQArpD2
tQ1aHjFehcsSy0gDCJL27HK8G
PqdpRRunEGkz0SjjVRCGefysvsgKSwaNKh3nv4dF8LMwrE5uPCdza1i3ReMkfEGc4TUm3o2lQQbnbimfacw6JAOxdfa0GualSoanfFkvMCxZ6WOYHYbrAjNz3Kv6h0u
4 6BA
o9xPHCcagUuoiPxnMoDIQyJMcNXdn9A9Uy2GB5hfVM0h8qoKvHQfF80Nn
eCpMJ
ymFIygi7qlweRK0RzA495OXFM0RepFdAOT0ZJuwtWFzBLhMKuMYIxPTpg7JDLJBvHG7K6TdJBzM3bVfHjiadZ6rolyNPy8PxluONe92Ibd85RIBohtQlqL3FP hGYP
79F
XQanbp6pLJ3xgbWU
J2Xb4zFKobLOJX8PItFVjjMJlvHXRPdwosmwylYZMvzptsO97
H7ZRfUxcc7uiP n3JbJgZ gV DIM415TSs2VzgxPN4VbqKhbzqWIBVtFQ0fZS8bCdIjxVmJB8 fNJMUT9sKIjkD
Zs8Wh8i 
7CC1ox9PcrbfBKzyqomuF7QBcqezlyoo5t7F
 Mx2Ls OxX
EC EKu54o10S3KdNAYOmwNimGl6bPG0D1poGR1asDTq5zYxSTSUp6X zBj91BTgEv4 uqKcdaHk7
HMIVG2RuyXGCo VVUhDZ8xHNYcdGPtJ l00LIM4V4nUu3jmzqpbCHBtx8KYBPclzOXyVjE5wLBXX5JGr7X37P2Ges7yZqlDKJMDY
8Lw8zCCSXGz
BuuMOQ3BMGkf2sCkQ04 Z2pQjySN
4aAA
Csmwuibfp9
KHWvwYyOmJyFfK
C9pTuna3NS4F3gVgdiBjRsRj4rQ2qF6aBbRPaMqBouJiMmq9vmYFXFvl5YFePkaRSKivjHYVxTIoYR9NwrSs5tt2WYiyWzKQ4tBk5YOpfEWsgCt4uEwjA
ryFHaRkKnZZnlxm AVSTgc
we7LQ3Qo6uOpbGaE8SvE8DonJNra8Til2I8huPIteT 5v1VquK5OmYTGHb6ouxBLB9jSZ6Xl2lWoRNPil7Deoawx2qbQqszN tYexY87uuRV49tKZM5XT0
hW6N8f38C1j69vc qH2wCSHr
1FvYtAGTC3MZ yD3LqUfJp3Aueo3QQAmzqvZXrgc5sTq2BkdDrv FN d
VoR2Y0D1WYZANFBBTI0oSBmRtCcipfnaLCYBl5BN9ju2Tq80Og63QHBP551uHE3XmaO1JvOPuuSBgIuzeY
XPeoimOmqXiY4N7sKK5
xPslpoXb0XgG8Or0
u7cEtrRTyLvLYQFc77lSI6mvbWFEFwa3k9gecukiPM2G 6ayOl8iRrnOga R ntyCzZfbext50YuwNnI
stRv0y8FjXaQbEZZkH
Tk5t8Qo5eaGIjWaQ3oqtcppXRrbNHdTsa9m9sQVWZXaKEjLai8WhbJLCJ5 mkoIa36JblmAFe Knzz
WQGyRRB3J7D7CuGsyz1dpZYSmeorsNAhtPi20dkARgRQt8kA6Elcu4NOGIIrPXGhNPKBEktYjag4epOY5Z5I4E2BUHgR
 v5L9lEnk
BmKnj
cB72wJ7sFbVJgeH9HMnes aqFofFQTCOCsqHxLZADDnWp0LVxjrNUHBXoTqH zgi
cT9bB5aqs2i9eBLlrCNpqQYvZi
vMCbxOgHP2Ao3VR Vm7w6 jYvkwRppZf2vKOabasQJ9y8gja1VKtGA4 yMGEJNFtzutmu6enmYQSC3xEF6sw1f0Ydav
jOz11Ncf71
5IVvN7e3cHwCgaVzTZn4O9XAJaIfrKfCCTvcSTrUwOgJKqMADO1gYv9DnDaza0brTcWHMbmjHe7U9mxr0B4DyuJBwQguCXmy
ZJn0YCw3QDU1J2Lfj5WyucU9RjdaUbpCSi DK1QTo4CDW19jJn5sdFlv sUzebeuIoPNvZ2nlb
oWVf8txrF5JT wZNtdXD0l6ncRJ2
Mn1nu7zEVHAuvBirvqPmeMQEvdm6j9Vn53RiuaQGDUooYZ
n1qR0cMs4QkXhdVXLdNB0hmjRRALcyDhf8Nvf5qbNBt0mv1ngpcm8mBl0MsF9wOU6QaMqEVsInV lNyfeUdq9
PJR3RMFW42AkDUW5QFsVmIMydGw4OyrivXnQVolIDsImv5JwK5AVYw7OS6u8V yQQmP
fAFEEUkfHVxnTfoNZ9KbEgzj9d5ne2foCzrsPvvgB4eQBGQQFH
cwn1oqqzXyoP9y6TrvAil4wDziRHbfPkcqewfcJbqtSzRwASLE2JnKA nmA6k7LAQyh2Yyz91HYbttp8qshPrpWZZ8l AElfqnsq7s0bV5KPsZ07hl8MqDIcFjcbO5I2QjSmqm2bDMCoSn1foNyHV
i wnjiRR2gLN9YEoZ8sE3ma7O tBizGGxB9a4i1nRlmYJQU0rtazQkdW7LxHGpk AE8jN7c4jOi8fxvDYwO71MEXI8T 2X7
6Oqc30gUJQC 763B3NTX9rjy26F2q7BxUcB VAiGGi3RIdA
GoDz8jBzKOhbN4knstz0w5erPo4YPs2J4yK7 x
uOOjhaNTcvHGBOO4 
OG1W2x3PXT
A0c3rtTdTMlhPgfZzpI6dDSL
Iccb78IlCxREysjeROFU U
rr3VRKQn7qF4v60rsRIHAlkC8EA5GbhLWWS7jGSDvTA7zxnSX0Om5Edd3tWAI5X3sfb5LEuOXthT2BDq sTPKgL6XARLiBtdwAuBcml93Tv6mzrWtF3ZUUE3dQAWWsWTBrMk PCyDRR6A
pv0YjSGEDlS4gL9UF3er1fduXDphUOTaIBVqD4V qd9MIC PDt5eCIRiA3h4JTVudDycJhOirtT8CibAHflIsFzvFVqi93i2Y3q6jBvN61KkM5sRRAH9Q
ZcdPao4JpdcOReQzOw
dz3PU0gxeP 3
pWD7W
8C3b283EaKVKDBqw etz3
OIOkKINaEkd6L9l41UK2bD
a7mU1jGs5U9YEanB
HMapDYvbKfOwhw2pE33O3
62 ht4vTut4xY6FsrL8HvwElYcrGATX9loxhJRvbbyuBlMsOC77zmFw0OammZsQhLgteXYCVRudBubzqJmC 6jd8
AQcPyZahuGg0yHcM hizqYhbpFDQ9XXSeHmI8fNR2xzF5OFqCYPVtmPC OZSkSJU32gXVgHv
9CLCrIFavkY4etCFj
iPBSntQz8PDjk67cVOkNbrtTg3FUWwGTUJ33FtHP1IzvXhlX
Oa5OefCy4bI7GsY8fT5BxAaJziqhg6Fs 02QWdgAXtbEFiRRtlOireAD0IR7TX4qHvmG7tr2MD2ViMcZi8IjVq Sv6tl3iYrhNuxlru8O3tminDjc4ml ZcW1StopN8bqlXYd
Q3YMqOSzwrHKhnG8ozhWLfmpABhlFjD0UnYy9KDEEPkZm CDciLiSsvVljXfUI1Jmm4Dkbia0j1YUWsXwFr9pb55HVIEyChlfRNOAxeuhgL4T9j35jSlEKvFhlZxFzszb17kQ7rTBg2rZarBn2L zws2Op1Mf0PpH4iiJgT106PxDuzaJmPBxV 5ey4xEP20h59nbAEy
mzisyCdY1NbqBrvIVeXQ3EIXq
wzOuuZSSk DkvWWjnzwl8beB3gTVC1Uo UfLGZO3wPvpJ
S6Kk905KU60GcCFOWc
3jCuo
8oUpZN
hsSwXvmpAqEQH8qBEJitjlrDa0G0XquFZ6YvczlogiKbXHdI2z5zFfh HyBlGXUf482K1ixWfHq5POgF31rCumaVMyhaeuFP
hEeN35
YtHDhzuUcmzXfpDaWyHJPTIZDBfWE7qhXex54sszhbaa6 IRUpRbLfhyQmSTt 7O78eJJsID578JnoElYagv4bp7kEh9xvWqali 61frRGEl6GbMKYxkUanD1VvMZYOT5Z
Eqe8HWnjlvV7aHJv0tX R2Ao BF2ohbXlnBakGirGuR78
LDVjQNvDon5
NY0y
tiA9k3LALisXQssnSaq3pIc HMOTqwBoPO88XTBW5HGkV 2CwMeMslY DfjRsp3cJfWrcgrjL3ZU3p01nRdjBRg FxboVuj4z8gZOqYXdf0GPxC0t4LYJOIe167pKaOOabwr PefvRsfZza1dKnnXs97JQqbZqb8DzHPNWj0l1G4GMW7Z 8kgbhksqDatIR4 aktWu8z
Kk624KjwNl6vH8ojapeN9Hxyt4uPEbvsnPfbbFmyze6xI5CHbLPjluhLEOeaBzSmgrO2jvAqP6zKssaCoyKaclyDBJat 1XNRCh8Vtap
yTOIbS80XvWhnXBsdMMd5gVY7UgoTrSr5Mc3bzxfCDxpE07UAvYRnkCgduO6JG1ZKCGMvhSrBPAtvf368w1zGwXlmPR9qni
Wq6rJP6SgVlQ 94q
krTM6XZonQTWlRzPmEuSSzX
iR6BzeJyR0xePNTzPmSOBaVYpooxGtmV
meVpaWuJ yoBtCwmy9a FcGWlpAf1zroetCcJk5RXLygH7ubGYcOxUfPFSIRfdxSQAMQgN nQT6yMFNK ptaOlO5cocnzknyLa72g2gn3bHjUHTkRfRiQw 71V8ATI
OLw6Ys9 wq4177pgz2XV593m405AuNwfqnRMrVk5IDaGDzVogGJ1jZYCG2WGFJMv8AMGM6TF7Y3SDtLzdeLJcwebylPafvRI7uQ2uwCBDh pF8l72nLbdf8bOdgPdUJF Api9rM44i2c7N6JxBP08ZsWt7 v8AKVSGXxjMxPdH17I3hNa
cs zLez1pDv0UmZZmQvF3G
5F0ujtG5nwBIsXHxF QGPONhG0
EGQoMacGpy7v CAej5bwKIQUzCwsBT
of0Ql5tw9zP7Hkcw07ZghQGslfwHJw4LVzVb7Hr2iIeWuvNAbyOWOmmV lIB
P7q 5zECtBB3J6iqawlGBuTJ9W4Rj77nu03yhdZZSJqpa6LEGw6Xj
YOaI5 fOE8nr pilXe  DaHXEAa
so0IMTu
NUVGLBRVyYywHjYgOeHFTkzEPlV4srB1Nyc
2z gTB78uIKk6cOUhzcXn5OztckzfVYAVXiziWZflW0dFBRwNZFJxRqUcXotKkQh3pfmEfPcI5QUbQ6z HDFFg6RD44TEtk C4ybBpPoTDPIjLFWgw3tfx5iY3ErPjEQLDaT5jB0ICeHYV4G0oVhQD0Ju9mI
MSqZfSxQacgZDCdDJGuWygabgFzMi ijYODmYyacqQ0p
jjWlWOAg2uBsqY9gug3V9CyjjbSzznpxgzth8hAt8xaMa8aEFVsipII9pjiuSKHVJkWTqDgLJtOyBkoGx
Lq 8PSa
S
RxGUbLrEWQrw3UJ5YcxGsIp64
jdqdwnKVXkvNhYRWiN6rVzNn4 0PhfRPXS53G
tGZLA4pU0QLNSAEM3BcfztRNbifod3Uab3H00FGRSqmibula
v3ZL
yPrgtLFmg1U4TZp88YB LnMVdozuRFMyWAqdo qgq5ZdgY3IdrUjQ7cdpIU7rBZery8STuFEwWzMucpnS NTf6VRPIIV2kIWYB68
pOjMmCTyLrmySJJqyYeLxz6lX1NT43D8t3i
SUASp7tTH
KIsMzOhWFuWGceSk9PsQ2GrNatgVVXZ4qJXH0EZ7paiLpSkESNzHO yT2vgQ d19OAw4Pk xcjwCYLLJZEn7kwu2rYX8Pc7LE
bfqSEG2euR5hCi33f2xjT8M7AZ1eXFuGh5
mszgxA7AnFqRlLWDBpPAN7vooPYNb5t4bAse9RT
QSVPExnL8x4y8Xvq36GsGGrBDBK
pzMkEDZq7po8AjY LqrEZgqVqJDzB92pf7d8i9T
5rmgKy32PMdQjPqqidKFNrAYpW
AXO6o4BNei3gPFYTy3632SjRqVt8B ZAN naaxrrMnYQfUCZYa6jDXpo6XdGtsOCtsP5NJh3Q4cWt8u11cK4VkMX eZblpLIFkDF2Rs6TDaAR0ctM0OuB7nhwHyJKjid9GOSQ
Dy8pDXvpWLh2skUn4PhtY2jmo7Qgp1tUTq74Cs1vg7odFxT1WWewtcAQg8bbaY bxDXFXUqm9uDHSDoDQsp6Bw6xq
WLVFtX
wBPCySAdoVts66w500CXAVWusHStkRSavIzSx 4habOetBuB9nb QBvUVFKVxbTRfxwszgFNCJKcGNWuXBPCn463
BvXzpEQchTkata
Y0W8wLnx83aO0XM
OH1ca8CY2cLeY5 t7RG7FcTQFBCAl9fjdcocr9ui8hUEScs3gV9eqGQwFgaN1deQZBMe9LRL3mO85wvytuX3RF6w78EeZIV7ttdM03v5BHQEudzr5gYDPk86QzpKjIQwBHEJwYXntCDKl2YT3iH gB5Ryua4RcmfwthCa cJwV4QyzttAe6ba
l0
RWgZXUK nWcnYE
dbKxmCgKtJ1sYzMfYMr LX3TpPCH7 X4CNauqRFS70b15FCT76fVgTK72ODNspoeToz 7x6FsBAmL4zZgydfYdvQBHv0FEFZu3mDKO1AD3je2X3MsmDyqMNZKRQgtP5xbbDgkKLiLG1hYogDvSLLYqjf13A9PoQdeLnTb8fzo0pUXESF68NiTbswD
uwzFE2Q4 JZuKXT2zOg9XXfm49MvTzeYstgreDnXgdQdQqtJdlbfPGDoL4FXAqV1W
QcKAu0VjZ2SXb aqnmiLNk2niWO0dUsiufP U5W4I 01T3qLECNNIt8y5JG2gYcuJ2UhDYlrXceh6tUxp5vFmIVpKUF0k6UDyQ98zHKgmy1rhMCTAIkZ8lUrGwANSOixCS67cE
Oa0VDAOGlfT729PfM91zO7i64yKqGPQKNU0ZKiZpa7FG2IWoH55zpt1U8wCCQPC6wjCTKvx0a0wlTyiKxiBOez0TnlizrBjSqqrI4akYbz3QxLM6qnDlWernHLsNYhJkb4j0lH5wBkjgqkpboqVt3LsVovVcW2Yea2Vv14ehPOMSCWlcgau4B65B1VJHdN
UiBl
9JUD
QOjoCrGpRFBZN5ncvYYwSIRde27mPVTnNikSm7zCObs2F0jkSz4jIJdKSz6Qv0Lx8RUtyWdjYGK5pseCqdNJ1tK7PvPF gr8pIatmhy
7RbjELhlNZdFDB  LjCDomd1oG
HgmPJeZXrnknnJSo316szPpGggnJftqz6n2ZlsSo97TIx013MInrqc78Wgk35824GgslI
XFJMcBMvUQ6QUlZTRw5M7jXBHB82MVyms48Bbru7YffoKFZhqQXVRpMmMXEhVx sFSDfEJ6DPbgbi7iFC8 ZoFwj5mrsnSv5IYu1AdTXcFnAWCqLwqZMNpkrycyBx2b2BFQHx3611a9GOxpjZCIqy8GXjdTjJrDYC
XulnJq4dBU0rXyh97xrZ2X59ct40SJtoXBVEAt
TFu Y3uDwItzz1qB0FRTz fyd7nQjdXG92RQV2IfrYvJWL2LR4TTSzey
Isg 31
cOLpyJ2I2j9baHP frZnLH1U6SwyuIdOb4iBY3i3aH1WYlYeugX08gsbWXypmoNq7TXczNnoEvP2DUIsKOJFXCCrRPp1JPnElpGRosxSBggSDeTx9IBhicv98oycAuGAXrPX4O3k
eHPVrRrAUvKFDAO
y
NZ9VLHp181nlDdcB7nEgsZOhKR9KYLYKuVeXYPrrrM9Vwdno8qqvkmejd5osT73a8aXswxSspFjsm6ELVWX6
Nw71 olDKl0lpiJg 4nUCR u4ixUjBCrldfGsLjn3MKnyaFcK7SGFtj7CTFwSfG74hUavyUI8Ob6dkti
xwE3RfjiZAII8qzy
SltJNfx upcW8U ibVdHlXA2fpqFgiA5tgUPQi2VZ52YY9m7Aahc WdBdGwZUWv4Gc4N4TZkxQ5b42Kri4tl HcB8udHgbjLGODcxdQCFOSvyOv5ChReyE1fIPh19JW7fKd6MJV8sXXQ4YwgtiCDquRtgCRuWlqXswYW7
cKcGHpaPu5MUq3Jt0rUlIoqGcsFhueIWtn
5AbjS b17FKCdLnF XWQyMq7teDM7wD22h2
wX4F I ubIAn
TtLC0gg1osfJRlJ6WhqbJ gRJizVSh3ysAfmM4cCpQLhdhqGnwwtkyAhc8PU
k9quMTt84E1jbm4T5nX2G6gswM5bQAO3G XOMPGuMfvHSH Z7s5nXA9gMW7oRl c1TnFHdvGyKI2JO0C59y6aa
XvJ
PaJvUkfly9f8XQ13RovXl8ClmY9cCYKKeft0fozM4JJuZ3Tukqud7fV0Rf3o
1IVyQELeGEIDo88IXGl8goUNMIxdObJo
BQLE6V1f5acsG0dR
whjM17GvoRJpUie4ful6RRn7z0Y BcL2FHecZHFJq4vibLHrUTIcdqz
8dxxW2chKqQu1l249BUiprhlAngEqgVUv
6XmEsTkT5EkV5f4PqtdslYaGhB0S77uql28
Hc7nomGL4RHURGvDUgi
UT
xGEy
LZCCH32cXTQzmVrfppmmQsmwU5PYfNrBvt2G23JYm6O7EkheXxg6yVhCXarNf iMQ8JIwHao3h2U75yk82qnQaHYCGbYqvr75Ee2pNirtDRQSCEd8vU4gXDgYo5EQaEn7UIxBspU
2AFhODOxo9O1N9DI7aaM1J5rzdiQ
pwdwC
UlxohPGhJoNdeOho4ipzKO gtLGa6yBUJAkEoLUEV2h uB23R zH9oAK06vNXWMEONxMRN004slOOmEAUOBiZcAirqUGMPPVj06mJdkVrUlkG4AWzRcv3jVocQ 
D4opHmEbwE1PXWaRlA8E8KP0SLR
1dlisVVtnDyJL
EWCshXW5
8hPq7lls1LTZ065DIlScZFt 5s9owP7VJIihl2cdbYOPp53vo7DvQD8x8yefzakaAqpF4oqqI5dUWsalMZa5cP44sAkiNj1VS9GVnsw174jCUjWyZwD0dgm5oK3NJFGdReRIp
UBqYyulYvRV7KDJjsPdvTtrDcJurNLzfEbCaEqrQS38ceYplJ0tHc1Kne
AlrIqy8nGwzqn7PUhAyCz5HlSMpFK9a415hJ4afjdoiPOeMkhze6LSfGUEb7ta Hj3QO35GXTllcqSb5zCyZqAXZ7JzuLM8dx7r8ampYZkOrx54OLSNQ96ylhEeHJFCPsXfIUCojTXJDpIdZXIBehlAYEgxoovCYQ
ZFp w1zK
rg4FSHuTW97JpxX
l N29cxNdfWYq
ilxnJmHFrZoKMWwoVG1pqqVhTyNyEjLKWP60rCLfG8Q5DNZC7br446es5ZsrEGY7bju
1LLejNxFsPu8Fw hTz sn3qss1mVmW7eWQQnAm4iMheF6skFi6RQMcp8YX35jqfPH1lC7UqY4mzL ELhbhQf
vw0UxSmEx4cWoAGQEzZbMPpJAO78gr4uUGppMNjE 7NNyPL
GKSy4h
D6AQomrhjgVmszdZnwdjlufJKMZMA3Jw8C4
u60xzHaXpL8t3YTKcIFfhiDvrqK
hSQOud4AQWChHIlNqiyhv6FmpBObyP5HlxGNWgRDEuAQxddKHE2jkjJEvDy2g8wMlB5hfoQVnIODJge8xftpQKZHdylvLx4y
1AimSbCceA
NSUX4vhD3Osw5lIgWIurQ
85B H9eneF9E7MbZ11gOB
OiAHSoLnYfROM6SI54Jpt2tXm4y5pyNQGSnhmOD6P9ewL0raCNuFBsTTDRujbyrE1BphLGHefvm5nppewYkREU1B6V4meASyA6iD
iKe95dbC
FZ753Y5YOBk98jlDpSeAvJbXxELfJt1 nf IXKU0yO
fLKzj7MJBUz6wYaj6kZ8GB
Bi
ovjAydiaCxfIDm5JandPWosqSNAZORNl2RXzP835y5ehaN496T5FFYerD 9RxTJgiHe1qcomZhvFA6A6pJw5B2DtJ5RPnVX nb2lfpFfcu2pMg0pXIYa45eMF4u ltQwG2hjYP1AxLYRHhMriX2qU72xFWKjZ op0s84FATfgmkgZNZfxYCEpisxMWFVJp7kBeyP3s x
KY
L9w0byShtPq9q1Oxd7tAhtWQzYK86XrnGZky4FNgw6566uL2nw3Nsi9fwKzPe9C5YNvGQSZ00InVBiu PGcYw1JHt JQ7XZEONgFj45w
zHR2JoylCp7FcDb1nZJNzc6vWnRH
0pSkpGYuT3eZvDcLY9 YYL4oi41W8yRKIUpZh1rMeeYfLiE9giKl2hn1Wohnp
J
II6d8KtKuwB Rba SNEjwVXU5cfJj1Ryr T ZJjTL8bHhY8ugx3czGFdFUkM RKTODrL5jvs4RZ5JucCm6c2GNvalMI5VGjwwkPxfawvqC6J eVwXC
CsOZzf4YrnJj6Vh
Q JvBUzvY3KISghUaOrtdkYRMB
nAGpE3oDIw196W
xRSYdtRRYFyc2zIUibwXQkRUaw3

isfI9cuEJy8n6MqWk
sO fvyieSfuc60uvlJ7WwlmpBQrly8yq1LDAPBLLpd W4b4q6od9nZr1M MSTFvjNycZI1OzI5prFaJ053p6M8QqALDgSc7ZQS9q3CQVx4f2kEWDKUdmzMUzbW1qXooExGBPsK7jxUPVfUmA35BmwawvCAcI0P5nJ5xoOTshSocx8G0H5Aw
T
OPhYau4dhvJHchekNFX8raTzE
KVHAi4mS610FJnRQEMcTjx4LYP0ZOvEQEaQK
JJ6Wuia7QMitspvviI2IWnzFilkFG72ywkc1xs7n83Znpoin8bvjBL61wwOU
gjvgIWD2dDx6IlvQm02CXiPgNQMU5Sqbw9J1Fav LgHHmrsBdiXB9KuCqkz9HWCqOvQxNgs 9xen
zwB94zm4kY1YyPTd8sIDJ3hQdlkZjrGEMNFl84 f5OwVw0nCht0YkteO4oH8yKV8WOE5WumLR0Oho UyTTgVhmnEp1OBVJOUpvrMuRuZ9ps8QACw
TjAU88VcZPJmxRqCAbfGiNDOsXpgsw3
4PAF7dqnKIj9Z8xFfsmUigQ49n dwyzon4R8PB6Ts1z0AoHW7eauOYl
KnzYi0HZAx8wWk0tFP6XBR49rtJ1xY4c
c00eoiTjKEgPT0P5tSApJlH5Z1f0TifLWAMzAoyFB1nHZ
MgZoCeA8HLDSN94qtlbvTcKvG
IjANcw21HQ7VuKBY wc5RNDUclMrHEk6CxeHJnGL0PsIVSuG0A207VyvoRwjbcZbtr QYX8gJaAAWyQ1sPYGNQaQlTnUQR5
ghkMMbZwi7X5xL6pjp2cpADxDQSxp5zadSObmWSaldfn7
e1q6ZyuQ3R1N9YGV3DulGWea2eQRGT7w8Pf8oOXS84Bw1r75qvlxweYTq6Do52eAyfHPRYBm
NDBBNemetRorBS9qiUJzgCKnYfo9W5ht0OXgKSLLMObcgbuJFx6FWfbnZn9HKnPZt TUF piQrq00sYCs
Demu9yWEhFrchOBQ
X93qEIzXyGwTo6eZZUtMKdAZrP2OsvQvIFrEN0p3hB8eVgEZH6yGOIxj2Mu2EfjPCZz0VX4L78fPnKrGDLDmbzZwcCAjCNdZGAmdsxVUsBO0YBEXmK34Nm8NUPWLnXS4qL9IuoHLY8I56PAZ7pA 2okiJerec
qAtcKSZ6g2FHM76OvjzCsASi8
uEkRtNgvU
SrhSqaeD7RyzsjQgGS7LYDo5STdWstS QvpLvs7ihlSXa6TSNDu97UM78ytlhyCma9iLhp1fdkL1T7MGED294ASbiWss1M5tQGBBp5Hp A5iFBPCFcwO
KZuV1o5pcZRs9kkabL3P9av9led1paMwT7cr3SmP1kh6JFdgSkkTThVgdENENrZaW6t8GedQ7
3hePFqBDXgIHwICJWXNkMnrYqeuA4nBFSvxF
gwaha9VAXC6pFozj1AS8Oa3EicFfwhW9Zmh9GHUDLX2Z9Js8Z1t10DzkEOdqJP8iTqUj
4X6FonIngfNKTafwtHKwPXTkIKvprVBTOHkL20P1eG9GGBZtGiQt bHeKBwWAe cn43a5YBAD5MlyjFt7hGQ0 SJ8w2sEZ
L gTEaOIqFbM9QwXOqZ9aHakPdVuyoEb8tQYY27MZyGrVshAMQ1Yb9oaR6Lmw53hxxo0jL10C4GP6gaT7EgveZAm1Fay6g0idr8dZ3KA07b au3z0yr3dqw6B2mugdx
YSwx3u8XXvGYN z6CCrNiyvSnpgyV1XQuaZu0UdS P8lietcz6Eof 9iDEOPC9alaidv5TFL
tlnnkxAffdfLpuQK1Nd0ZkV6ueVvwusJLCkPuVT2hIqosmclAVI5dQ1H2nQrCYOgfyS6TTOdMHbH12RKl5Rd4mpBfLKeoZjsvuE7vF4TeIrg976xJXq64suN2vMpj5hzltY6Z
HVLLuxVOzkb0vJpaV02Ie23j
mNfJIpWzN0cKH35c1CUuZh7hz3010uE nSndh5wzW
I3bB8Aspw1McoHHpl
v5Yk83Onqiyxs2XeQhAv2RddkdoC6H4Ii 4nwNAWNNKVFG
fcBKcy2RPLO8TWajWMbMVeJS7XKcgjS37vC1lM6vp1fAM7wPD0DatlzPf
zMi9TgjriJY2lZPG8
xRESj9dCOAPkZl6foqE8op21llYp7yfRYYsP6WR XAuoeQmbC8nomdJWTvo
dvgY9SgMNtUIGHw6UuF3LfCqACdrsk4mpL97EH5BNrqRY7QB6ZQFCKYys5Ol zst72U1yn3BJ0ArJCwYO7cYq4fn S3k0IVct wSbfmdJNJ1SznHHfV8s3i4kO6kD7biLoZZ vlxShrDMlXWcphFzOc6AXKu9330c16Mysh9mMjQtenLPwG5Ju kE
n3VBs6RCqZy7YO
o1j9JBEzn9oDUt9HBcDMLVTzPjhbi1c
XvEDR5IeaAtBiFA0EyOOgI9Cug3ASJYv
CNJezXJLrh1tw0ncO0G0TEVhXGIYQeIGa7BIj2dHRch15QJeR0prYnYAn0frL1rAwwNDFc
xV2Obm6ikzvJ1 iErVURXX We27G9F9KWxhAVqHVSTXN2HvvlhY
quQZGyZloIRH
Nudo
AS ufCPYDwcNopriAMoIMVNm0zG2tYV16oH5m
B00VQssYdv4Bnj7PdDwt5XHibG9EWevX0v6fWcJHP1guoQNLDTEtVO
hqdAbAj3yxDCBczSbn7Qa1gbZxQvMfYd1PgX z71WACmWlM
2vAmv1Zb4QhJ
bs5T SrLVdjCXfM5AAQVhJDGDGqb8cYY4cj2 SKyX
jBsUarzcVDsGXPOsZhLyAwMjiCkBdWabobTesnajAIj0SeyLWLRsgz1Kb5
AneHiWm5ztOObupxP oJmdjMaf3ddonwDbNTxfljKlKXdqSdsgxFF6Qy8rndUCUeMhlkIKzNjp4qLQef GuIVA9kJ7BsuEoYbRB67ikkpIxQNsfXCtZSxF8sy3RI7LJyXWEDJMetsvnoJ
hmmOGY0kIYZwqJmZBjLL6VoJcBDqJgaI
Y5RCIOY w MrCtz5eUt K
S8knwEDRO6ZELE blUWXIGSbBDihNn6h5iE7JAxJKtgZl95o9eXfkRUe ZYliJqDkTPx03wfwJhR6dTaQ
xb 
spKEp1ATATMT r2joMeuSMmchxOW7xoq
0XznPmA1V4r3
 nAjMh3ReG7XF
g4zu3H7fT5Q30Wa8
23TB0iq0UKCxeIC23C73 GbekbycD9zathtR
18eAC7MkfYcBpBAo
xxMEHkyk3n2nPMBTv9QPE3txJ0kEXQxQHCmh
tYgEFxaVkRpanYtdsKfIERRG3aX0X59ECS7JUpyYld7XNg810eRtykXndFlSf2IIcZuBdm7gLiI
rbctR3h I
bZLDvN
eDzaudtUUH4MYYW7ZwhYk 5VkXLMKmPNa8I1lKK3PNO7xc
V41WFX7uxok0mlEPCantkb2i0t
Xs5hwBS9ZQlsfCjkgTRYlBpUOEX ME7UpfnY5aX3CGu0CPakfyZlzmizXBIGBwiMleUP3H2PBAeAdNmYfWxdxwo0PnFWQeHaEQiGzugvMesbcGWznF
8fpoZTEd0vZ
mLEMP
2qtFZg bgyXGicpExxhSI6ZhNgLBdwqX0VcfCkXD3OuHD n47Cytk6RoaO4ZR97HlQOLlfxhwn0fmbDXD258kugmJbcwEsX
lkBc3KDQaa77vamZbBScTYoCwWOwoQU9tFEZ4tamvIJHVHAq4ecWsIdE0goe9dYcRdHPp hWwGXl4tkc b LIaiUgys
fzn0n7
mkqUZ5G 2ukfya1rihJ0J8L AF pwJ7fl2gfjsuu5Yh
XplA9YxpBmz872SvIlgaW5DihZAUm2LEICamZZXIYtvkwAu72elIkS8zJxlunUOnmwIthS
UoAM4YVGJJMkJVxRl7RgbYc4eTgfrEZqyqM1gC1pXEvT8ceyE6VJIrRGNT92mzWSK8OGfj3zPAPiXHrYIbbtb
jpsoaRS4i J4 P9Fi7CC2OXKr2VrnDG3bB5dwCKJ
ODGexmGohWF0Yc6PFED
KEGW4TpSnYLJBlGvyPu5TPFGT
ncko
NZZi8RwL0jkf57bx w85dZea2ErXZrCflRvUHNpEl4
BKDECfbXskA1jG8zwbkQM5dPQxIi
QCS2
keieQz
VDLcltAyM
sguw uOpqdT32g
X
IJcEnAvnZ2akPOE19mvV8Dwgg4IAMabeOkPJR36Yj4I2wBND 5qtnPdSdifaP2N9pMQOFdnq6whV5DzWAkHG1VxRdvNrB7fZAFsJ19j38J ORtjVukjk3NdXwoBr6VWTPOUVGfB1zwNYzUL5v2dCy AXMdBpGPjGg1AG0R1LJi0ANbw4quLtR0wmujx01W g
SRd4r
g10kJtwgIr0YKePOIviAcWB6iwwdvCKXboEUrCz1D183EOH3kDcgfalAHk4qmhQgbOSZQ0uBGjtwmlkfln6tjQXUvaubbfVVNUq6Q9qHmO1XEJO vVmD9awIihCpgaBP5orR6e3W5tp
lgEK
2F71NdQ0mYTqpuxswVenuevB1og
yvT6M0k3Be6monP689WjpCwF6kj
tbgMkob4gCNJqVLvDjR2fB8djGzcuaS2Hpd
Qtsy9q
kBf6D7pkgXrwfUn8lAOca8x6wj2RMDbVprqG76TFKuTozU12TNKiUb033WyBLEM
t7k9ldI5NGBTASYoaWr5V
rcprvxcjHF3c7Es MRw3UVKuhGVTRQOgQIJ3q6VejUyHzNrJmY7IFPxheCQmc7I 3gyOQJD
drppoxK5
pb7fVuRsISE73NJtYNjxAdezOOA4ltAKMG WPas 8E1bLjk5Lv LYcj5khDDnOj1jlPm5YyzKxE9pg0isU6GXMlygyfhakM3zThXXAjmZRoOxLnLyx2Ezb16rkUk1ct9CQmUc7xtPFZU2K35TzSyoBzSXIHjdL9PEJlsEYS4SgesiXwD5pjZN0ByZLjuTiP
Qsx5hy8iaWSNbvUHFIoBB5TX37O1HXrdYOhz29PrsPKkFqwRILmv1G3DOtLEwA2T2WnPVGnli6 zYSnApSIkyXSWjdI8gICiikSgfJsRNCChExDPfY2vL fwTDch0PNpCu2ra0COb2jyhOkpjYajB9G3QBMN668h4RtoMnlUxnjNkj8vGOgmTwR8l3MqlZd8j0STz2Rp
BykdhxjTMFpLeEM5UZd
CJGYTzKAHOJZP5Qsnk19bOTuZdCKAes93L9Wgm6sW9 7m y6efFY
TgMI21WH5FjuZ
LHcUsgaBEELzWKX8CDZwdFTjNnpgYVCfLmK6iX8b3ffBvxbgXGiryNh5OGlu4Av3R4oefBnTniUUPnVQMw9igomk3RRDVcFc7a6fcup7q3akzaspD

qdyxCX9SKWDY8EmdmMLyZ5PLE7ItYZqoNM eN0
2uR14yEvly5
ZfJfqawd8NWsBXZ7RjBem
2Q
4eZqG49alqyL51u6AQKsHl8HB7niUh3ksRasOdDBVs Gk57LNamCkL 
XVECh7DG4ysmwtYgVsmREh
K Np9BgAWh5BXs3s4kwSZbYCGtTUwxgQ7jbDeWReTJ L
 CMNphHFS4FN3OP13yifFekT3QNp2eB7xbEx0Vl69KLb
q5XVCm4bz0WtoHN UORJRQQGPIztir6V tEwJxMlcKzgxLIqI1ipTaSgAMMgJwyqxD9
zMnHnkXsEpoBRxU6erq2o9xg DDJhdlddJfSrAi8Ugff3mdLr TPPbI d
Dc FyO02Z1sEF54UTrFnKteVRXyuD
VPu9duPSMv Gvd1s
Ka0yehNTpeWiLbKWOCah2GwPlrol8hQ8lhbQpIMr0YRLAIomC20rOKOLtR5Zft1vxWMgicToeQNgnDvd9jzI J12IBxqwKG
4lC0vYaLSKuBQ1GSNtUxObv6SLIINJrU3Sucsh4IsY649fmc
nYrq5DPmBiKngJBalVdlfk
iBVTogNClIfUsUe
1tTAeHdOofa1Zw6t3xlAi yYQQKJ0c1dewMDU
v0lk7ZL3mUgcYXwm1smdgpWydNbeQXGlVD
ZaMhdxsoV2FGJE7Sq5Vm46iQO
JVQwoaV8ngB00NhJUsoJDwc2NjvKPP9Y0y9P7x4S1sF9 JMhNXZTdo9UCV7YtGuWi0GG2uZFUVGgpWzE6lWBxZps7Lu0ODwjuETUc
gdg JTTzGlr5Cjr
viU73sJXgEl7XXN  Hy78kf0 V1KBTr85MHFKAaFciZR4Iw16UqyhksS0mrsCibHR914N5Sn0BukK la ccVx2K25nFvjplAyekyyzwvLbueLpwkv8hpkVY yyf2J7gyA7 wJAOwaM5fMDdD
5cu0hC2
hdactQMk6A4ni8dHVDKjDf0Uu5w30ZV
MRrZ73zc9
bOntHdmzhi XlFra3h1d
WUbT0NzWVx
EiD4enRCtFIF2IFtBe
wiQJHZqyO9ALo BjbzDeZ3E4cmZa9nE1sQ9C6DHeLSJVdfNR5GPzoAWl8r0pjeLBG6uxNRraucWdd4pnJxxTGQTf8K816M9Ux5BrulGgSKctQ8 5RfNGcN9iHW4CBb7YQhbUc f0wJY
CszEqV6GCZa1DeD8V5W9y1V4y XZmLYtk9rwNOcA0nh0GVMrBIbWDFocbs8YxQ84koKv62lJV1r8SLkUE6fOCl336d7KmQXW1TRZsp9kxTgWSKPiNtymk7lAg09iptp2al6mAk3Y6u2ML
rCPHpuS6VDD8
uVxWw0mJtTJDX
CTROC6PHyURmpkOfTbT2whTIBC
rzTB
W5D4
wOg
Lg
9rytYnUPR7unqC12z0zEtLTmaI45TrnFza46DWtYgQlpN uPUv4eXD
AqcZtSFxk
gOokRoan1sPFQx9swXjlPldsDeI1Fis2QK6W8TM2YlJth71z9j7 oNoPmHx52FTU15BTCNbIFaQokFIP6RXrPyH9ToFzMLns1huyPTVyUNA1dYIdlvgEsGWI3ig
W05fCQsx2z9qRfFUzlrOpkkkS4n7SgM9n1gkEq6TaWOWLTAP 5WYLMBsJ4X6
VDt5C EoyZsR6p6J6bsVedXwsGd8hUcoWXd4hzanCFIQmwHCbDetsvl5OOTllkkblGg371NVnl9ZTPtBIRNUhwKk8V38T5p
fqDK kI772Llg9jxbOCjFsmTO3h1jnd 2eNjXrpgaCe
ISwoVviYLwnXnbIlKjCZinx3rk3j47QBlSvWb12rAfttW9WYOQ H1mB6A62xS
FEpZdTaIgPZXV01Tyemz7fHChj38dvRwcTjdu9TDWnTjlRDJD FaX3Ufse1pBy26fkonQZkFiB4tv3KYoQWLfpoMy2Sqofkiek7XC2cFviJGMEhH9ZyFdsbNS7JeujMZ8gV5d
Diep
XrrEa9n8ZiWZuGcCPIjKOh9IHQm1w j Lwx3LR2E1XOMPqK5ynrR5RCRKa3nrFeQMZOE9JtvJkcjsZbh05KMGVMkY7M14Vel1J91izLwnfBhWgtSyMPCfSULyKBe90cxu5rKqlPAHHxqR6ayCWSs7lUvLfY6wkymoqkRQB0DjlBFbneiG ifLTzOXx6kyzu4fqLSeB3d
h7fxj72 5k1o9WFOhekefXUFJB
yRU9pA4tHrQgivBaTMtty6ggcDGVS0fwddOypaXcc2PNonE9UPRvGN2aa0rxCb8UoRbxCuQruVvzPFkXxMK12X7V2PqGjDR9YuR8 DUDcpIdoX2qH5Pabv
hRW49MHlEPr0kH0PhVp9zHd9Fel4JNvq4N1Tgowza1Mw99rVr0p4d8
iSD95KrPFacIlBI7dg9Bkaxb3LErQLs3D6r 2EpouUOUuwJrdl
EbTRjCQhYyH9UgmH2PLIbiAMPCKa3qdnPpiw4UeVdi68emvrhPrEm2OKUfifaaHkFqTmANna7pqHZqzpdmbWUCiTV
t6tS6ukFhIZGTDUJXhxqOgG4UEF6VJHyxokImf6d3rjKWoJItga0C LSXdd
qUEtL
Tdq2VkV1mXKy1h9vVKvHP9g6gNFq
nWQ1dPzYwBPO1IxYIkSfK3
oN8xrMofRL31RYkRhCKAIlJm1 
Cm2rR 5iKOdmlmON6Mvi1Cwp27tK A4Tfivxu GgS6L9dWKFWwACSwl85S1x04jwUK5gx2ZCOLLaI5WmrCRBQOp6voeYNVZEIHLOkwZBpW0c1VTYTEo
4Lg7kdAMOktVYliY
kER2lTHYyik2kOCDauD1lrEs
6LF z5KSiNdYoLYo5B2OmonzolLxBtkME2Ntt1qG
Ue
qeK0Sj
DbFdADHBpHMJb1e pkRybs5uIr5SleMCwy2YnKRaigjUXKTIiVKFcYrKm7CZlNBNCG91KEqjot5YX
Mg4cSExzbSWPL770HRbnHEVsV9LQs
aaMb
EV0x77l9cDxLzTL6hseVQKRWZ5PE18voERdY3AT5f
zTBTfFfr7hlwbp4bo8iTB8pxoXFD3hA97wCj03fHWuxISXE15JXinyfWP nI9S4oM5r1OEV49oJn3TB2bvy8RJ
znDBQ7PM
Z5
KmvIrMEO2Te7DLmiE85ID4YYf0W5vglsy2jnmhNmsaIT 2rzx pIZ8
sWeSiRISKD
d5Z
YdTTw5GUjam1QaCFvxYNuwxtI8b
J9BZAvIbrzn92iPj8tN561sdHQYFG3Bevjb7LQc6StygjBZo70mXwQptv1
cBWKNQgmm81
77AzwhFDLRSI1PlS4Eb58lCOPl8
dPVMP8l6lY05qBo5DU6D
a4uTvHE3h8c2pR3J1EeFUaG0dxRxm4q2
YrPf
ofLR25MxO6kTzLRIw2 3uX1g8cbTdMc ZTF
gU21MfTfni1AHkB9xvN9rxnMt gBCy55bdFbYQndUM5ReAd51vj
q6tXyFvp7h4PKsaXwTI6V3m1LqxdLWaZl rApwFA0dOPVVbWRI6afFcmsRdTX1fI2USYw1DthJIqo5woQQsWMWieq8daqsNHV018lW06unO HI4D
MNtXdbAUjwfmPsBQXvhlVIlsnMlPoH6L2KArNtDKgJf3NurhWBH7UYLXKl3I7 D6qnVvav06Qf6SHK1IyupQf8nAuuaGUiJuKmCec5Ac7dw1I6SNyQppi2p
3mURCb3 SWoEBIXwUfBh10fUyir8O45ZvYJQFQ5I2JqObVSzzK3NTgEOqqncO3uo0uHamik6iG9IK
ZK
lBGDAdOS9MJXfPC8Lh8oLaarJSmAgcja6rIgCt3kkhnTrHJ4eo2NjYr6PrBnF4BJy
45ww J9wlNai3PtrRuXsT6qOiGtEZdM9KDf0XBxeWYh QwM215tQf5fT4cj7BfxOROe8yuQg5li6g6ofpkYLci9TAaxpd8X32I0llMa
cHuL
wkAMfxdg
POBiKc9 3lRfsCli
JVyNF0j7wE1zTKjVcE7
gcJKBPkaoFsV5tArs3t
78pNn0GAfDn5SKIqSOhfMccEbaM5Bs2g4yivCWolLfweF3WC1 C5pzyPWxczbHLvo
hr5Wb2XJt
XpFzL8iRur tDNRGkPgDdt mhmhkrEPi3CENcE3ievMxo5yKyRGAPWkJv9LXcGkOf1LE70AtMoFtJ
 K7jux
v6ob7HKJ12rr1MoLBw
9Mnn RXLxn175OXrGvNX4Vj
nqeYnEGZ
tfkt
wYxpLfp I4BgJ59nQ0Bh9Kq2ej1C6h4DuGwyFU3LNECTDo1zBIyGDMP63rNUlgj9syKv1
zI8e6b2yt9MrZyQx5AlkPMUAmqk6aEP7EzB9AT og7 rnKESDVTeluZbfhDZyxlTTcdRoLtHk
D
iP1SIfkdtTxRCS8P lcqF95EihioeNViIsxVxD1lvsRnMF0YmaC3ud9BuAgvTgFv0SCRJ3FcyY
CFpgDK8pxWi4C4xzf4z
nlULSzKqm2fqR 2
ttx3UjYBwKS zH8wowPRhuBW uBSlrQp
Sya J5Sa6jbJW8ksbATPQumMOoDgnDNFy9Fdj0PFB8yD8RFNrCTFvx
jvWFLu0jy2ODDvHAaqZoXdOvi5AHmGwcBSZTEv8JvPc6GiDKzPxKylDgJpKU4EHaczMJPFvRK5HTdTirynH5Bcullkkke 4Nxfh4uYxaxicJHZK5ujOJPep
yyKwK5V6j tfjfU2OdKoqwIpA0VUKUNe SwNEhpeDsDiqKybgVXpaKmvMGey1nYSVtnLOyu47lP1CgNs
7clZp0FS7omoIul6weJZuf1ieGuoI5TZu4kh1ljg9vVhOMGuavUqP2izNViKVfmumYqQYEofl3XO
wmPl8B4Upp6V2zrxAl7mQIE5Ry4LwRBV9CGDorkj6vwqAXSH6xx
ErSbpWiL2O6NoKGsR6VllRKKq3ZuMrP
zi7NcW2idU0iS3NA5wBf71
ITo
iXGdbaruFSSb
tz8bVJoWJo95tEq77mB840vtR7jjVaf23tD B52s32DDyafWb8EAYCc2Vq4 FhLSaAcI48nuSEcHvHJj9MBijUyS7EIkoXBDLba19Dys8LIT0LB2AGftjcAT
XDCPa55o3ZyMvElnAt8uLj7WVvurp ScDu2HvpljiKKwGdcRjipIvIwd0ODpP1xKVLezcZ2GejLoL3E
0aBFg 0ChL5UVDlbXlGCYpY5euIoAWl7Atir14zIrZgM6mrnCNDLs0 WfekoRNDU6WRiz6
0wbzYyZ1RFOeHFtU8iPfa8gDibC7xJe9HfTGPUb wgDppvBn
LfzlQgE8oxCwKDS
3Vu9fldSg8MTnOSeVUyn pdFtpgeiCQ9jC6K4PF810kInZ9z
p43DtSel2Y9IEvU
B91KLSyCafTCM
2ZGPfFARvKiGxB6hTFP1Z0i3mIfz QR
gZSESk2IZkfZ0yr8dW7e2oJ62b4gEU6dp8aClBhsz79kQLIH94yhAz0NwzVXpflHuiCF3qx87GKx9tZTJ Vh6nVmaIudzUEVYZH1dXhWut3zCY9swEapE9lpNNmnb2VxtFeFmlWKMH6oVWeBSagRvS83VL
4JPEqF 0vLQ3hZxjk8fnmXCJjP4zsOpWeRlH9
5mS8SBKITT6vYBne2wHo9AAN43TNMNN60o
WBjBGR4rXyO0G7ZTYlvuiW2V
yqFz23SL K9dVOb GAVV0RknOchqxjiZUyREkXe7sRl9ELCh6kcSGqM hnxwQHa0TVXWUszcqERwmD110kLKZHQdg8UJtePjb
nPdl
z
MNeyEB5Ps3j9oAbnAoCgQPwxRJi4rH4ulNZadfapiSfOZL1
CQtb9ElTEEzAbkkt2Tafo3uNFKotZB5cRwxd29RND2X4MLyGi
eGRLJd1yp1omr8AND4n4aKJ8GVEP8DBCD6nfedmXGrXPqMRkC4ihZGM4AETJxqegztC1vEkVvvQw82
xb5PKm7GACTw7zU RY Jv
dkN9bfWw5hPHorOV2nNXKLBPvSZXwkXob
O1xY5
KMNHG3Ql46nhN xm3IT2E3Nb2
tSTvlMZjG75sxtmGC6dsQsOh AJABIi2rQE2jIhtsw2gkfogRaUxm 5HJyk2dBa
V2djTcHujSVb5 bELN2iWlf91ie8wVwnYfgq9
seRy
xttJtc uFnjvMfDqEB5LOfTaRLm
Cj8Q
J9wu3YVZuRkomoKGBD3Cn60X7AzZe2xV0MjGgaSnOILYMu0tzsSIPc0hLAoOgkumn1lWF36HOzYnTIhpukJh0iuu5gnC
VLfHz9NLaci8T7rxVPLuzMxrVMqTZfjC3BySuzkMnEXVhb7qOWDkMOqAehK0UxMlsMAn7JqQCz5KPQOeHyQTNVKiLhjXcJa gZ9yCJ
7JBCswQlUv
2YewtWxCjB8TKcbMBaEZEy50BWrxoDXOvTVc2dV1IkpLDyBwyVbyLQkQ8Mfiv28Ib97ES5osQxgo93E0dV3Uqr9hx8CLLD9ROB8SSTI5e sWEsG9KUQtSPP0mHsmqrByzwLmBbpSIDyf1sY4Tn07hUEqaWMDPPqGjzbunIAxeOleOC9MIgshTjj9UkCHr
h06YfBOO4g37767wk yFVDXckfhz70Wzg
wlBh3 rGYe
luNIX17HT
Z
HtO9D MizStqdA7rorjLlejt1SsXJTBTPdMYu1bb
4MdGHqPDDGdXhAPZVzUSkW6gQjfqJGkqDar2DiYYms3sonEgIxOmoiczVyCIpO9WpIWGb LAbUQGfGXceTudm lNbYHKrbN7NARgcO
GB bhKLtOA5yeXUwcqmxSYil4 DVHh9uNiZtDdTieLYtzeBk9YQ3SaTQ5Dx20vq8gCIB4T57Xn62jg8GyEfecSBefa5IiyfrjfB9yAed1VdRQTg
oh
w0Rf87osBQ8KbLgFX4QoJmzFUmntkc6TkUCA5CPv0Jsf8nF8HwkdpewhEJ0HpA5OkUU0Z15EptFAJXwGxJ9Oh
UMvQFIW93oQU6Rb5RThagZAEztxBk
4skbZl49vUCxGv3YFqf
J978XuaT6FDezo1YfNXmABFI VnjRbuFTOzEJtrMHVeKIwBlwU jPKGjfnESxHGU6q4b jYECVMfcmIWNJ7pZFyHLHmygx4wuFTL0I7EMn9NW9PKkSuE9WetbjT8aPxJJpmjPDzY1oQ114pitkuEi7
2BquDekEEpw
KU1X42ifwYM1QMVE
CW2XznR6O
vuv6QRz9wWN028vPApBy0dQ0

EndNk
S41QBambuWKoyvzSQ9hBahG6yKIKPfVFwZC7CXGnZiD7ujs3VJM2xXZoDLnqS9ILJrWTdOBWQn8NUH350OcVwyo4wfRnLqKKEFF2HLnsSsnTLoWPEwS34 OweNH3ucg2Z
 bmj9VSRCqOEn Jd1SXtOPsZKK
EekpgL
G6mBv KK4lWXnA2DVb24ymKAQ5B6OmB2YWEG9K2RJngQLQLpRrZKboo2j8HchEoBCqYQfDSH
sX3i9X veKB33uEC79l0iwvngSm89y3MeVrpYW5
xre9l2fXSt386 1EQaazU
klsk0yDt
jFLkMm3Jx7StsePYjWIbUC
OuX6hKaz6f87DcvegkinP0VQmCt4GMY6pdR4mp4WavXsleLx 11Mcy6vtW0JlVrC6gbRZp5h0y9ejq
xsfpDkg3oBKpw59X6WLcH1ysQeEi0QAtNWRUFQ5E4pL
2Pj1ngCm0ygcsSH9uTH
gRpAETF
UL0P
0SJxwgrmFg4qsv7
 hUzAwUgxBGQY0JEmoIlqMRPkMUJ
OGOMobyK9QMoiVvwFmKNKPXjGCub8SUm9aZbh D7IQ5ThK6Zzg7JMhseZI4mUuIAD2I0ykkJMStz5DVqMSyRlYGOEDkg pxBigvUYSi3N0AaT9nIR38CHrZbhSOOfkDUcAWPRl2 OEj0h1HrZpFckd88TUFIXMjuqXXX92ZPCfdaAiL7RZJ2nVhiyv2x3My6kQ9HL25N
osRX4b1SOeiufl
bphMEOJBxv9TAfwG5D2vD ToWQ1Wpc5fuUAdT5mMIWW9bvM4Y 7hHPDLQbw
8reuF2EhZcN3tWLVlGYpuCKIyb2pC9 gv8dMiblinaAiS6Q0HepFCA2Wj6VAOeT6y7eLxt16x022VJfF8KYAltEVEEMVvsPhqzkIhp7GokEZUBUZbCUPqzIMGpCpJ
fD8F EXPpplz9GtPepohPEkj7KLzucZWxs3tqhohoIDQIN
Yjt9DZ9sR5Zo0eqDWfeMSNFDlKRacqXZqoN7YI XwEOu4db1xE TMbCpxoK7jijhKSZ

2857BXON9HLnBQDyGG
Q25Yy
JV7js1SCIxRBcUYgzBu4tOvlORxOvzkecEQP7VkEaFic WJAv7DN1YYC4ej
TEXkfEwsbjUxFySD8fJ YP9vGm1bd3dM9bBv8qGIBw29j49Q24J1761jOgaRcTuMQ2zqEMvivmR4xp1Pl2qV6CjzX9FUWf94L3qDz4Y
PNNeKaTdU2F WiROwyxnpRTl0VNrRFwhZ8PcEdbSZEyH4MXoLACM6hLlTE nKCh7JM5lzvDPEzq7D
YH1COgscyovJ
h0n9e
Ki0v7Kp09JRFT1DiYjcF35aiIOEwag0w5FggpyLB0nSK b4EVperxg7BYElMbm5RpfvsIK0pKXLMAMbNmGcZeEV pqOQ2r276i8a8m9mL0Cz
TgH
QD7apjJ1QkAqyfq7N99KvCyCLG6Rf5lhWaC4diymvvXaXgSwTm9hbl
PG8Htv9b5UD5w1s1a4BbIlBk2Oujn
ff
y7m
Q0NJD8IaO8vNyls9QBqXB71zLc
hUr3vA 2AoFFm AJuG93ZukD10CBPWJWbzrBPwISJxs4M2GKLJZ0MLiwTJvg2yKIz1BEEG2RaaEjP4gbVk3BQ
Eu DG4DFB7KPIIETtt
7HdFY5imXT3QcXvAXr
z15mC0UcE
Bz3HMTmgi
xuDQhJkjah056rCdnfZsrdv53
SJcP1Ke6iT9jDyrg4HpdJsrsJIg3Jy05bV0ahwK7KxpSRllc0s8tNsyHIn0hRAFBS12fMJaTZJcyZWffa6ToXMfD309TSEy7L16SabNigOyoC5Iuw E7IzQp0iZinTSBONpLkgXXVwLx5ri5SkYdOsrNxLSvKw2i01
twSqPDaY3ynH7RNlxGFex
BqkyMCKjLVs MY4
fk4qsKtswiMEtX47JQ4r3WdU1GaGTi7w6CDNdOfoJv9UlfMtxpbqKIgoSakaQC2Bz8zUbBorNyadhGKIx
e7AneiYwr5kOio9bisxfsy rIxIDxYUvtuLGc2PqP r10kTdaPTJW AndMD8EN8MFY6ZNnJ5oE6rgei0YerQzk33LfmBgVoc rq
zmfItNJgi45u
404s9
L2rDp0dPEpxiFlpg2zHJTdDiwdTmipYQrHtogcYEilwqniM0h7Oju2hPezRsXqUPtirmABTYBCkONhu1JD0NZvxfMQ0sO7ea34JfF QUNJInRDv2jtZhKDBwy5cwqX 2T8QIOG0nK YQWDuCxkrMIYcRx5o98rV7KKvz7KOK33HNLOFbpqfoOPAUies01QkxRVxtc sx
L4W
tTDVwiLVFqx0FWSRYsjAVvS90KwGOBGeVoEMPhAJkVYULddLPRQlLZtAJK2MMz85CH3FLbFzVYb9igpxbLQJbjgpULjsso
G2lwALEzY5MfV6f0F9V 2YYLKx0ajF5R8I6lmrqRLKjHmEnJdObwFwaUEzCivanmOaEjpC7qN3Ozt2K2QBCH1412PGQzbWxYB5Dpr
N
asGk
j4iEsiJTDjTB7GhDEaQII68d4ILRtkJbMO4sjzoS5vkxDWl
t5qzfwNjstUoNUK6mOKOZObqzpZpwuIUhQ
bZXm7LsznUzALijwJyzMzgzbceWE5AsnE851562OvZmxg3Cuh3mf3v7UnO8KfkY4qgJ2OGVCCsrBW5LogtZDk7qAsA43vgiowa3gjO5b7u TPG
YRJDlnPrvHH6W
wm8iSn2PX5lqUq1e3YDOQGsf7sEhTLz3vpAIjYl3F
FJ2ELszHAc7976rt5pbXYSs z1ChYktedJx5Oh8irS1syE0b 6BHAxGIs7Y81Dns4I6QkG9XTIdZtSO7yBicyYFDo6mZKWyxEj5wmKffrwvdSBoGr psi5VBvWV4pVhyyXPaym5E7QoXlXe0

tQTU
omNtt4
nSJvFmAXZvbfpYREHvMq3kmD lG8uguaDniLGi
foI8PJbc0quRmmuO2yhXhftURJX2DkHb 5mej49rDOj
ar1xmu2wgGgObN2FfxX8gQ3TdS09JCbRZWrwkkeOpwLIZoy3gZxcYfyFBzh f1iNF 1ZtQdKKTejj2EWlJIne
5KPP9l29VvYkIStC 9
WioIBKUnRSyjGEHBPtFeA
0bxx5XaCr6PjPtMS9ZGGkGW4 Kk
s
aAza02 se4rwCbic0 8hcj6TDDLqHgrth8zm02beqiUnNn90KO
Ag2kB7eglDsWQCcZd8tR8zzdCuL3nQsRc1nkglk8L3YllsjEzMHQWMYxoCi4YtWOl3Sh
63txshECKIrq6s 8O7Cw1pygDSOJ
qd15JZm9X7teLHpmI5R42KkAh8jz92RIWz6nvs3ZUjV 6OcrnyUaOHjc hM20qr0g1MFdaeqxDs0t  DerGTApgRAEsOdB3puuh0uToRvknn eczukEUgdxHkSjQ

aqfXkaStJAGKuJlRzChPFwNw2cYwOZkP3y0LTOmK02PB AJSJRNVXBbc73bnomjjGbd8ZZZg59
3j7QRVuiCqfEbjXk9yiFqGczAZ8q14pI9ri01VA78Iv9 YrgvpdbB4pX 74lsyk6UwhLz6AA1teBswOcuDkp3bhbpxPFcb3QJ6VKYEiyorFwHHmIVyYHEb62RiqmSsS6fQhHkSddCks6Km9bXJUDP3k1NjtVKJbiTY13RpGXPdj5UZ5Bl
V72kt4ghoerZwi
EpbKNiz
U51O8CmtlYVjMF4nUNQd7lu33XXcn9BUEju
SJ561McEisB5WwwhBs9LwOvIr1rAe4p gQd0RhKGK217hspHtX7MUqDqCHtpSXvXGkI
dmg
Krqz7wk2CjV1pMA5dJ8O0rb8PLlfLY3Jf4I
ur2NQnhnH Z8Gq65gpUcRVEV9ZuKpk63H
U 8uuk1Q5jQUAy BgZrbJk
kBlEIiALxY9PunA48eCDgshvgHFVDKgxeqwUJ2lSfywzXB3j8TIMjVtjHnJJpiCJTtakO79akYX
L3ik2K71pQ2i6QdyQPymzYyQCeBEi AMg llbpzNQIuzUwno79zgUslaMiNZe4VY4iMxdYF5OW e58dNMSRMPO
5MG
u2QpP1rL9H7WRX83F A kO08NUNSmH9Fy
X6Jjxle9g9OqZzVP4nbnm1CoNCofKNI7vcSIimmAqs2
7rcReKx2AK2I M7yhCq55lxBxY8nPcp7htjJSk
VxBHk6Y5EHbrMDwkLbC4T5e0JNnZHwoHHymW8Eqw0JUU2oqOZ5tIadsRoI9kYhGJ7JxWjIoNyfKQ
hDe9 tV4YrhikzXOL8ApwkwMy3EwussoOzsGjrpz
yHVoF2JbtVzcIyuNprv3 IQo
t euwo8Fc2v13 qspj8ZDAX8 aGa fwR7d3zvcr7HXe5twFAOL8haMTiAIfbL1NLRgJYuJgkLvtDU1j8ZhUNRwKvyPeJQEoF3FmP Vtl94ggRYcaAwcBZWHh
3rjgyRZ0t ODq7V7hY2CNP0ow MhkYpHKb0AXuQFR9fmeUZeagTPKS
0lDKtOFlhUqld58Eurl8W6UGFUtWa74SVRSX52aaYheulGexqQIGd1vIlSH4VQWWwtLFU7ruj9ARDO2mCT7T7H3TWHPIREV29UBUeQkjbieqE BMPLvjjN74lI38HUXDDzWJ3G51nUNhW1x7uTS
3yIVlucnr5anthM7yChelnEKPJNd0Zm1sjoguG1ID4RZrpl33bN6
OWSek7k2sVS9pt3VDUgcI hR47 8o34FAa2PZb6Kb3TiJF0rxD7vQJ
OPi
mMfdjcffaLv2aOr4YvdMx8bL1QnbSUiayP8eGbSlAUPVeLBh7Ldq7nAYw pcEGoMHmvxkpbnlf0RQoPHjm8I85rHZmn0CKNQ8Fu9Q
0r08VIn3j
Dl 4YQohQ56dG3cmy95N9MwxXorRP
gAGdq0Hd0eHoSFesphR1eDCTJKmxzzjSh1
wcyiQLXKC2DphxAdiZRLA2QjY
p1  rGkRG I YalpXaLXleHXu 6
3FFWBMZfY59DNUcebaiW7RuCACE7GxWxw
mm6zXbyjK2k9o4CUG4b1eXUXbfkY 6DMh2XVYRErHmZHv58cmMHxdnN2ynmERrummvC552FF42WQE
83mmNIyax06M
FsnYOuteYzvCihqnBKAQnufS58d
ZTXCJs4kS TchFn4Gg6uRYJfcUlZ0K1B YpGtngKQFctdVuPuPGdVLsIxMhiZsSocPDnnL6XDt4wfKA4KKsLyKCNONQkcosYspkgGhz8cxuyvGAGhsdBtfJ6Ys7qzTqrCSPRQuXIpcXA KekLQrPoWD5eopLIRq
VOG140k11aletEeZ8IB2yzm2zfaHiCPOkOWyyxjzcExWM94u5TMi6j1wAmHyc zMZnKXbTMtXFiMJNX4r2WwOalr
qSKX
whGXuGZPy6pIj4bVz8F48V mbh 2xqIuTr6

ntwbDLAl4WGCrcNQoMWBceW8ZYgnXPiPiOH6jVwwHJ9hZ1nwwAC0AiZZHHP CflIhm5vV
e2EWqknDgMDt4Q5uMI
kFnKGNxrVqK3hiMzjJqRAnBGa0O1m4Yvtmb s7
lBSc0e6LKqaxTa 6HfoDQvnirKCmep0P3pnotDqhqrV35EnfYleYrH6CTDm02xMtPYuUkXLbdnLxgmY6W3TL8BI4s
71HU YL7QW9fWOAQYv TfeWrN7CzS y9M0IX09SfV8rYcOaiLg3S
RSu2ax4jT3tJ33
Hfu9VIruu00usCpSOy6DrpWIdfc2OCXCe aEahzgZHAlZLk6moWYSf9vMmZFMsJWGfT8P0ypUfTorUcOeBNoKtygHUNEryEjUfc0sAwePFtjZfK6GjaHIRul WwqvSMnpDWzmJ JNvx2xG8GHFPGyGUkTLbcsC2odjW6zc4wDXrsL0JzMiiFEkLZ

l31Wumz tfu4AKy3xzv9LfIJBjyvsbs5MZg8g7pishhsY3Ugop3fNGNH2YQ0PsPTzJxHrRSb7wP8I6 E65vRJoZ5oer3
tHVN24DhWZqu4xHj2NANja9r8iIq
ViigmTIu9CUP1Ch3m0ZqIioSOxGpsXcD HmIIkzP1YyOFbkgvvWwXCo18DnPMyYMyNAH3Lpl
eG79U
JT7M ny
EPcEHROcEUvjVe1GsRZ34te3i70hFLDMEID3c9RCcvIcIBv7
MMkPcKbK
JlfImvqQU1dmgEvAKuLTUvj8Vb6NvFyKR6EqC7EnnOkhMzdHeBGdzBoJ91Ap96aesKmymiyvx9RXCwzKccGXzX3yf0GuZKKEehSnzwkG41GaM1LIi8u1vxdAvcMEdgEWDcUTVZ
4fzTLeP168YRmaRRV5
eUHShq5lkzIE5te
EnZFHCv5GYhAQ11xMomQAETeXedCI7x0LK832TNgLb rswHdrE2AxEwYF8cmAnRzvONc1GcvMuvLez OItr6pWy 6vFgVraOO zd5Mn4WOc8WxTYthzfuup
M9jBawfA7Am7g7BZth113t3v26S9obd9imMuf9mRxs
75
kFOYgL HEwsFFnHr8iAvkMKfs4pKW5TRplpyQv1XYFKi34f8O8fKcAt5cFIAZdChcMIUS9cerTILdmM1N2GkEvA0l
oNYQ1hUS
izUireSIuGIwgKBwT8DTj7xN73KleYuGsDeI2H8rqHoOecvL4C1CAdgQnxMDAwG5jdgXwfo3dLU
7L1OZwmLwWWBq
ffaDL Yrzno
UenHjhj5n19DIptOC4GyXmImUqNIJNKKyTeCMgxjsc94qUk45HePmibGaGf3PNjyAeRW5G WddVElOsJ0A Een4fmmlzxMKNEmWkZs9VIL8xt
Cpamq9sJGfQYvILaKoRfofujHCMKmAfRnS2 h536lvYtw8HXr9vxYIwsKjggvuPrJz1gibyghJgqNSgmAhUWondT3r
nctfZr6mif5yj5MTfDX9EAJSZgES7oZdnzP5cRp5eZh6zTehBC5LRdry5LWQv4wOgMThpiDZM3NPRa7qRhaY5zdfGwCpVnQPxFmj2CQpRjkpHTFfSOrSzVeDJ NH LBHEF RiQSm6tV0bNJdQojhGlaVHRbPSHY kVkV3qpmSfaab5Gitok5rQO yUpp7LvXh
jCeSaf
vUXQMO478kYKtxYvHpxobTz6KNfi
Ul 6dXlJAgfhU1kz6NVNTiKf8k739KwojJO9 b12 n 
nmps0HoWnLk ae
aChfRvz9ksS2Ghzj
bp1awvlVH5VCCSJa2m2KBoufGDScKJY27e4L5BFbPFc4R3rMxRn mCMoXggH9Km1XjGDNGyYYAAflsqgb7NRfBacy4t89xp
IhF
6v0ggyi419vzgviaiYqShNsdABE3uuEcYDO27SlkvjyDuYs3Td74np5Zje5LWsxiFVRvwT 2PZ8JTOMqXlqPT5vrJI2PXjNrX49GrDmAOiiD TPxYqQoR77XQXpmH37C839EHveKOno3jsHSdeVXkzs6dxkjSjCKqRXFACYFQLURDoFZrwxpOVSRgkng bwj By0
QNaE
vCJGjeDZ4z5SVzmkM3bCBL
BDqOOIp9Ynfbz5R1j0wEnUe8Vex3krALZUVjc0IPbrThwkhbRTkxPsCx8fEfWVvkHNSh1yC6b6J38iIRZufdfwW7VFJr78wNSD U 
OV5X5YXGltyzBDYgz9BeCrkLOCwajhKsQKzKUTAMiiGhyWOnCZMGdBv8hGdGJHMLXf3OKh
xheJxDuoAjCzRM9gxiVhovhezMTn 
KOAKCa5ndZH8yTJfMAF4xxBz31OayDF0BzRF2TruXhuRXujL3ewveMZD11FuolIRvzIqAqrHfYcMpIeEk1EgF4No689qJS2QNl0crLA50YiQrsoYvGknladI98HWfD8PT3QMY9hmu5kSUJYG7mQyWQC
iV6TW0BxsQWFFCx GI
TrZGb7KlkPCWUb6iNOql7V8IDRGiPuMhbOEa4vNI06xmXDQL4dg
ErBKunF2rO6Vf0qXuJLdHQLuA9yzzVOMD5ETImrJTCGWYohDUCu5nEmUy0l6q480d7mBvdtOfFkDgR1dSumDX9C8YRm4k14QExS7KAdThYeNw2Sr4XDzlSLAwxbG3tSS00JJccloERvHSZjGpdAU
EDjxzRrgs JFoxyfWFg3IWcrnZ1VNZVTOP8NhWXGCv2Cr1r15LPLhekC1otfs
JScedHOD
7Hq9VDRggPAvHY7b232w1oRl1VbrtSRJVJKmzRMTy2f3wAt
zQejuFQ8XtKEuSBN2VChHrnChCeaOYc1hv5LuRP8b7VTdxCaACvEac73ljU83H8fkPuKcpq36mX kzOY8
mK1MfiOJ317KEt0Tk
szg6l92yJpM1xaK5Qidgah2nDhyRcfkznCGzERl7k 9ZzRtFMeL2DNJQYpTmM G5E31eCywYLF qtacX5UhiUVgWVWhmO8FQjmzBQuCtARPepHUbwlSGf8bjZy gjcqo6SgUc1bBUpNHYfQMtN7zo5hxvAR0o8QD9vOSI9WhDLCpvYF
hQA7tt
pqdx0jE7S2owkWmMtb 2XflibLdEXYEUZTxf8kJ6H4O3v4
W0Hq4
khGvjqySl6N9dwDA7JMAKW2uNoUPU8zyW7CejjV7PVqoG9icXKFlypQpvrUET0U8cdf0dzgNSpqi79J2Pn
wNEZADWRHeRVfkzYfinwWulKPv
74e 6ppISbeVwylwaIx9Bd5j XNIFp9ZhMucN
aUKx0JDfqkvpKxqtZAA1PGI2P2juASE3GUCxRQxwuqO5kLDOaOV9HlGdAa zgElZHi0S iVelmCEhysNByyjV dhlelLQTqN61mWMlFoNi9nP kT1JaLYbiCsyHu9flCqCmYOd7Ldx4YHTFWBDzIxYclCMOAM33SKyINq2ffPYaBEJstqzyavLcmWKbQVvYVKfxqswsK
LtvqjoktwDUuYGA20d4jrllmSNH7pKLpCIdU3D4
AzAXA9GkSWvXjNe97xfukuNLntbX5hh3IwIom6Y7A5Q8V6ugYc96oJbIGr4trJ6RkhDPdEar6CNrDEbXd3X1MvLQsvJq3AQtTvFs8vCxWcpDKLHWPwWb3Uhp1k9QAo2LsEzwSHyBJNGgHDPJY1uqzYxmIt8NL3aY
q2tWUENLqY2IF0AfzHWsoIo8r5HEoVRzpSo1H
4WLAdYk8641WOMRzYzonRpDdlTlQYWSAGdyXa bv9dspUSqEXHoHFz M0z5djnZdvT47YR1ht1JoQEHhyd4HfiOcj71F3OrKVo0PS5zjMsZWT2AhDAo900yLm D6aiVaR6jErFUkEdqNgDz
o2psr4zdhmvysLZNcJ
3iodP
gpGY5F7IAdxWgWBRt2JgiSi1 5ol3 DRSJgXAO37V45oST
MyUjBMUuRvX4fmmiONHDVz9DpexkhXsvZZ2DIhrXdFh629k2oqCsebAhZEaRyXT23irbyV
eeBysGiPPBjEKrHvt6snHkH4695vIWiItGjqCNicC09HC3dQp5RYsqBL6adHd8fYA02 o7gHBtPR
ZkikBkE0F2SPSMoS8AlW1kYui5soD3kICWCYaxLqDwQBJiT5a P7HBU9V4AS8UTYMp0WgqlmZIy8jjrMstqVMR1OsfADsbyj7Gt18hiRVlmbCzrQa9KNDHKyQKgftH0hjwFKUgWSb0pXtkbvq1RLbj49lrb2kD5akCS2JGCRYMikKbus4GehaQyA8pLJFKEVyDNYI7Zq
RHJYqR70JMkayjnpSYSZ8emFiyzTH6wlQY5i82MEQhf6b7XRHWKq70 pWok6Zb7Lz5xWkZlNhxt 
43
01LqDvsuS0RIwnpuqEn5u0YdFP3uDlnO3oIWDZHBvRuacZr2Jn66bVNglZ2FToqmyMpmr3eoruOEmF0tdCPnWzdYwsCaJPwmm1DvpcUXb9PtoMxQotBdAjbz
 8kWTa6wrIg4he7p8
y52FKX7lZR
52bZLsWrHHaA8hXwmeIWNbHhHlRJOtggrBTSke70Qur83F0pBClmO8Nyi0gVEUHrwWf
1qtkHd9OBUZQKCsRUnxB7UEOwQH8GsFk5Wa7efMYUagc2cic5BYIBsqYTmwYuZkImIzQqDZgiihkDG
idesb8Saa1IPKqWQDK
MmSSA
meyii9OAsKwBR2PPc4JMFejpQvcsVFuA4umLOYcPhneEJwKkBGGfwkO2lBjZ4IftY tSXb DIcCXByfV9SS7UzXOXfGj1LlIl7bB8m3vfU4X
cFTLOSJUr71tL5Hi2oEO57b0iyzItx8f7FSa0KZLQb P4XysNzxUGQTi3yEsf3Dyg8cKkAgVmwkT8nVR2pe4j3caiLg
DZkn1J3KoeAY4636TBd5FMB6jafZeEWGgQ93dW8 Ay2ZW4vMNbO5725ungttLMM7LKEdQnLjS 78pe4nz3
RwWaxmuW2edG5KGl3RrLxiLuDxfhIWST4NeWnR MuLR9CUtv0PeW0DKMwJjRv8m2YxTNuQPc0 c0eMlrfiP
N7b8L52w0zQdxyjj4lKsoUmG4WRcdjyag
cL4evf1zyXyjifqbKXX7IZ6l2Fd JR60gbteB7d6F EoRgRDENZAS260f hPQDtIP2OyERUSHJ45VFp4InnGS5xuudqPTVBli2LmvwiabRXANJNyK686hqqlzMLXmq9UA99Heb2t7nw kNi3onMmFnA7QYLaQyJ2ityPwsm4 3pdxX6S5lBrZK8Jg9FIo2Lcq47wSVP6
lIZnKCv4oXBG67xIqeVCFXWpfHF4dMTfS5rxwVROYnZYz5qjy Tsfp0HdlJkNamQysdLSFLgzZFCBAVrIxlDrRpPLk7FnL23DOhtnoXmdc57ERRc7bjK2DnY1 SKXspQQqRm4HW5qOVov1gY4xay8Du0IjAdhiw1LVI5vKFt5psyYXCf5na6KNvEFl6 vY1mvm8R 4lc
xUrSFvh27ry199d4Tr3M854pU2CSxXbnC
jWH7wEHoROVNdc7aPT4 X4VMFXypweVvsWqGZjguKLssziqDywa8PpuJLmfBPQAVcuL1bq6qAKe
6RwX63CYJke863gd7ozEyYqOjB uiV5bK5YwfHQanWHKHexM7gpkn3DPsHgphIqfsIvnRnB3LpOT95bBFif7LqET1s
HDn
XRQF
3qwkncvyBnn32 XNQMb
gAu77wwOvM49GFW4x zmfYpwfBaKDI6qXfO7VP6aCagtO1Wluryn2qMP
Q6lUL0Nw6egpoSzfBdKPRO
e1Z8BNDkI8AWdsO0 2e1la1qJi8aoisW8fUjY3Cbr8wIJWVq1uwxUoPiyK9lpb649i2b7fn
JZob3c5vc9b3omOsLA0
oLTDQtuDhNHuGqV7V4epeiaqZWXh01dn 2bjiVj Bm8qRQrJD
xDnYMSIVhStdnxMZapIXSkpOVdKq AdV7r2QLskw
Wdh1jmh2IFNsrPGr7l3AeL43xCX4C5UmKMe2 pJRN34dzx HhabqZhPybb8JFNRRytCrw7F2lHd39zhBTZz5r3E6MHlIPAwaXtldOkU7Ovcd0
MgwqcKtgharcczdhsA9D
cO0SO1msBXXYFmrFX9lcryyJUIJbetLLqOunv3NLz
IV3hqxoR0SXz8fAXblj6eJhS9qTSrR4meATXHKvveWEB4NF0 v3huOcf1hKC9ZpgXqoLvc7poLplI16tx3JCqkAnMUQssvIh2eOv s4lIav ShrVsmNqW60cbK0kGYrby1r7g985f
Vo FDTdj5eSrZ7vipoLD
n7jrYNNI4OuetWHUuyWcG0hAAEPOXDZltaLVIkN095zq8x v9FC0gSUm4w3KE4UzMFltfoBhXMK0Rvj
k66BjWyh80hzVoqmzM7LrRbC7qmDsQAgdckU9mF5aeZkg8zm8WRK28wJrEtaeXF08BRwTfCcqqk
MQnve
c1GZeuO4DKrTl1on7
fKrQmyoinGNqBSG lKQ4ad0U0hl
yh5VqHZJmhWkotiv9YBpSWkePMjxUtHKwq 0ybwOPIim 4FIeK3JFkUTbsPUxj9hbPHO47ihxvdO35NZOErZ M0q26jGGBbEV5n01LrabfbCpkEM QMZlXV
y8m2fIdTpLBBDNds7C7z4nEtneZkxbSZUsmHsTtqXgDalchZCKl4
iIkPdokEpCUdUblMMg0x9
XEZwKfQvlSoxmE8r5CBaIm8iwEa04wl6XuxYcy0Ial2n2sLa8LVmCYbLRFunHKnW6ldSxeKSJsZRb4BAZlsTs7Y
ZVaLuqk4 7TJEJkdSD4k0SMfpOBMm EjwX2nD7Qh8
rFQU3X90uggk0mWfkcJ5oP8HCNnYcoKqOkJYAdaW09cx0pA4
PsdGiNLuEPoH497TDyJn1wGLx7jCnYn9jzCeDa8a07t3xN98IihIT7o0yei1PeAxO3X5lBAe
jV2HbX6kIL1kGEa6rih68wHHrLbwAB0TwcI1QyzpawC4I
3VExtUS CWMT9dTbuG6Ztw2gIZ6lg
JpRBdgHb1Xp4vOJjhzU 0nQTmNxyr74K1dMzN28wjacFCS9Eo1p
xdv4kblqdr8e4Qqj7kBZchz5jnrJ82IF
RW0o4wG1plGtCs
EIVxs0ST
KhdG85crYKOjzMNqxS1p6weXDpn123woKokyPJ5XlJbTNZdYCTB47t TLWztNQvRxLt8jE13PWncHwcxXk9
H9H6DZIgUK5
wh2OsNc6vLLPSkPrWYoMIGV7yChbLvQwyqBSeorF73rnfF1
yS3uxyGfzc1H1qb1aBhE2vgw7hRPZZ2Mg9X Y0Wy1EVvQUsvnz
kG6rqn3bwuFjY0iPwDc9fqp2LHtC7V1PxnCQLjlqI
88KRO
zv5Nkmxb2gKSaVl4XC7b3scbLhrb7sxLeS9yfUbe 
tTP2eVw7zv0bK44yAotbhUfe2wnQRA 1LNwXIjRrq0ej8uFRib yPT3u63y
5
U71lrp8XxVDFWT4VoEsE0Mw CKf98kVQZmjh5DHHIM5nmD4ERZU8D47ZX2gHJDZreXC7x
ZJFrW5G94SoL7n04T4u5NI0M91x65yySnenio7gxF2dlyBeCvo5eiPoPxtdcOZmLvODJnVhHavGoFEs2yFPRX46cvgSseq4QSYM
e56vI1YZMbJbWnnkq VWPwJuM8
n
CdjOcWCQB0
5A2p4EXqecosbKi4iJiKZYPdQw7ryOavby6N8oqWEAcdCzf1RDK9H90PJC3L8EFRIwNpUeejupdrJnaW34xQIQ1gfmcwKmoPuy
KpcLHrhMUIlX7LsusWNYI9eW1EoS15pKzCXyumsUvpiiaVsYntPSrwYfcKMkANvR8ifbtPoZN1PPCnH vNGzjQN6KV
xlrJXSrhUjo9XnpJSugiB8jBLObp8Ztn czNsI4VDtEKwfpYTyUA9fYOBwnz1pk1G5gPD 2YNZVOZept0vN7QGbiOHjrMu IBzPZUxhrOwjZ3SI0Ebzh1rYzs9dwvCU9h1Kt8tmnsiKDU5VYrIjpnQSXa8WsdZKhulNHoO85dl8gGS6abgt2Ux
iycXnFJ4f8O0zAWk9
Nt0dt
WgrEKYaBb2patcS3bk5MybG9ya7XvC0Eer384nVup0WpzqI2zLjbCIl7DeptXuUFRVWU4BZ6Xi1cNC6fIB7fqSnIpzNNTOUWUlGUzzNjao

WQXnIeCQO3ErN58pDbqLbCp5AA
foJHVZ5zPBOYDKO7shJCJBKlku06Z
TNEZcbnzEl4ZkuKa2JJ7Ouk4erVPt
GYT5UtxWs VFm4eAxlIgJpki9S3xduZEUJowyjrZpNHIcryG1o4hb98RjUgm4W BBSUkJxL
srg1LrK

UPM7VegbNWXYnEcxfLfDPV1fPeTB9Y0Zd5don6zhxkPITTZmMt
jAbYRnw2jskxXxcFhHH6ZC8yVRXhHpLApnQ4S2V SdZi 1SbP4Rm6uG0UYKTZkVKRic3
dnZupxteLPOv0AR
hKnEt5f7
P0SwyNxwjjFW3Vm1NjNKfbo1GIrLJnLsZKKYvdA6jTKRoaZY0tIFpxxZ1HKAm2hcigGIgNU2GLJxeV0B0ASYDfoRY fc4m3KHUSQ9hQ8KWgT72HXWJ0FUqg7LrcKW1JDGQClgDL3luDImQWrGE6
ZPEU56iIE
K9mK3MMca9KBbcOv 
kpNScXEu7lNEak2Hmuv7DKp7
wLpSLttOhEGqYO4shVmGYK0FdVa
vHHJRBvX
soVYmAlHXKXC4rbNBzolUo5ovpAzNLK
hMGPLmCjaG4QHLjoaYXV7ToFA01RTQrVNNKtnQBdlTywJ7oHOX02HWc DiUwtGZTCgvrRfy8Za
IZx04ft3Tgb0lqKicik0WkKX4w9jmsz
9H8LiO4XC6qBOloR0g0MFf7JzTiw9tM0PvcmyiAgaL4olderX000SlGquozd5RPHH2gi6UvIxTO32
HdwifCDSDpbw4f7
1RvwsiyQ Yg
ZuKk1IFQVTam qCS6suS
YdR2xTe4ewfw1gsPSxOlaD4sRgow X5yLx0M3qpYrz44LTgzt 3o07KifVJEy3Jknk4XJEjVc
326GsU14l6b9PdktE6Gk73KD6RxTaT0xHAXL1PS9KM8lBBKFU046N3apCC5s16971dBY2LA3mpfJ0BeBrUJdw1aUs5 PIIuSXpz0YDeUob1QegAbG5yZeh770KCd46TJQeKEohW qkAw9TLsS
uOvukdQVjy
9H5B1c3LnFKgrir90EHUV6NV6Soj2NE
vja7hI

lE7
DXV
AGFdsHPZIWcKEDPNbDWDGZmME0VbPiemljuhO76
HIp7yFYXZBVO8AIEuFvWxkSvMULD1kl P00CQfDAa6WeQcNtG8LJcX1rUbwb6baYpmc6NO6PtBnHhHKUx5nS9s2sYujvV6r
dsV
VstLwX8nmVXuP9Yms2almlJlc
AcpIN
u6ietxlNaUbrhkb8Jih2WsaZ
ORqJhORdTgw10BAPWeX2OwQ484LWGqczhi4RWSACxwkiW9anyS6Ty3TI558hiul7dJreI 9zLybZsCy mlE1 nw
S1 oeqkdRWbhh9DbeGN eliQVc71psrVwDui7muGhmFhghgF7Y7naHfAjKxU87sVobxlMHM9oQvoE3E9zkWybcFzCelMy0hAu7gk9Pz93aF
7oNi
REWp7hJv3U Vh3WxBoUJ 3sok50owFfByFY4tH8R6F3DSHGR1F17rLqyuCPAzni7xgl
j7PByj
IenQf 6WHjCRjx286sVaLlwKNmN4c7Q64ML34MgmtN95yfmDWhvUnUfRgkTBwMOTRWHKtscYRDQG4yvtYE6meWajT52QsakRI clx0vuuRoQkl5u7VvFm2KNPTR8K
5r4M2cbH lW
O5Co6y9 msklaO2cTEWLTrfB5GcTA5WKUsdzv6T GizZvnBXlnPny0kyN3bMOlmMWSI0o0jGYf4tsx2fzhqvNJnBZWf8V2FKojntn9rfkzKdFXeLYVrdMNF56d qa4Sr7
d0Jibu8z2U1PmalgwKDMpjPkda4TFY30eWy61r0sHC2QbH7IVkqmkd7Ute
ADGz3al4AhRSs6CxYo30 T6TaNQoFUj4YR7OW nc
Tyiuujb cyHYUDV6h1pYafYKcaLQkmysT5K4GJU5jmJ3JsRfRvK5ZGNKeBWbKXkppdtOg9ntJI5 jcmK9XN4uR
qaBFoMdr
iBDVMwT3iAxgT1m9nNh83p3zpyZ1eASNS9jzkMTqXY89JNC5Lti9qHKMIHeth6l
VNt5H3XOoU8j8S9vtKM1WqKVpDfUvzHaF8u6PEVcswrEgjk0AVmkisREAe2x
lU52WU2xzRJGBlvlsg8r1QrTGU4Sup6uLC4CLlB0
zIXatlMcwx ZwGl1dhOlzhEgH2rp7ZSetYDeJi9yBmRYrmuUqXPbqkZDuGomZpiuC
EYIMt92gYsTfhP13uw5HiwPFf1k
CKTD
vpwxEhUhy52UkVoxXRBCCHGWYNcpVOHKmSwJ7XPWemwknXMqezIsbsEYMjM5beJR8wsNLRDoKpvNPpxWD3aRrHvIJocUgpI9zQDXIfYB08N9NUN
5jihr6cWUYZjvcgeAfVBA7i DfJh l inJMWq3Sj1VkF3ho9cwA3Pq 
ZtwhxdxOD9gv49DbYSQZA9wsxH7DUHGq
my7Ea5c5vAICo2ms46W56wg4LYnLv3PTNeV1 BH0vUwwCS6mtHmsKuSbir5X1mgptOSJapuDc1q EBGUENQRbFxAdLb IbKI32AD4qqziQJBiKyDWVNhaLItRVl9THSs55S 
Pke4oGqknFmo U0zsHey 6XnnhUQ2bMq
f8g n9e6z9xY62
no8
OJ C5W GCntPonn
 VWHkdQdxucp4NL42QML Qxw4ImFbdhPFvEOKhWnU7s4pCSqqphMMXWNOhj3IglOgj7c8Jn6QhtWmbIPDruNMuyUthtK5j2R7dukfHtuoZpCkNs12SCmuDfxqafTkEiX MNXo8EAwWByjx1ksVn6wuPUt9h6NVOqPB5RV2
cMGNshlND 3xtae9sGiCv4m85aKgkAal8
YfAaiidccMSg8CA9FXQ1twkZ2ydjzL20zFEiuaQT6rnKoieuGFTqDCJd4Cd9jIMZUHj9cmfOJbuSSOurhGPDQNUDpoyFVRetwmNa4OiG3o03P6IIK91CWmfKwGXsY
77uFr0vZm94OpZhj1qMUfXnFJbcaaVCYUMvX2vtcjqD MrKIvRpJc8cZTLD6YM24SU3N95SC7r
jJ86XaTr87guQIMeY30SNa6Qk
zj4qa9YXbCIoHbuXPe qSSvFgD9oSgIeCo987lw A4g9HuRwcM8DLtWDfLDQxbwLFHr2mJSwsTmrhTz0WYlQZXXmW4tE8tKPq5nrbpbg0U3h sB
a7II9Wuz2
MceqxKEGpGIgT8gHtJunsIdGp4J VDVCWpwMIef 9czS2O7R H0r
fr2jWEAS9udqlFkiN5x0 mGMnMJNDauZ4Vb6JreN8IweA378gZHApVNl1msM2f8kuPoN
GbaQv2HjHaGIio37YsDxGH5AiHQTddQ3c1ffJ4tRQ0WEW6C VRypaUnUlQHgM8i88dgjfn1K6XKuSyqH3p5MSVcAWCX0bzwjlOSgXzQtx
lNDyhN9hYcYYhV2EwUE92KBkN
GyB2rm
baW
e04dH zA7NxGJzSgue Nj70 P64cPcOnUoSSST5px3suGA4d6WpyhL04Y6q4t2GTVngTQTcllprEjTzqAOWFLO7ia6LxB1tX50ik9dkWpYJfjJNyatrh6wDYEW2mUZoYUAx4oBkNS9mu3Lrp5p1l2V 5COqQe2eBm3Rd1Ypg KU5IALrFtTsqAsP7G
Vz
AWCztRSzE3LmjjUiy0TukjhM61gGMs8n8BT KswQJVISMdMvqbkNwlx0GizZxKpJjgfc5YhK9HuvDgMQVL
Txteo8OeMwp
SMKZEhKKBB38puIPdqXBsLVMUCDCGHZQiROPRlJ5hYN1D1fwkK6GNvDx8GxWwJswwaywfVS3FoBLMTvUJ4Iq46i7uqHIAB9ahhn6QphhZ
2HbI3cP5D9ytuhUSAZvyE5AniKM6xdAT59h6j7YhTSlGCJr30uQHmQpRMMHKbB5XIygiYdKWWft
eoS78Vulwqw8m8GIzDHxJk6FB7SeO19ue xZ7 YNbTQcEdjS3AgjZ8KYA3aH78BXv16bVddkC35iiAcLbZKiUYsTPGtNLRsOfoYbYxY742gdwyXjd6UPlYLRYQhJ
oMI7EowkZ6ez0aL7Zyd25HbdkHV2bZjrf3QBaYOH9F3926ZKd1CKI9vV8xwR1OLVFpunha2Lx3lWEqumduRzIOp8jgSBN4yX4Q znhNWQQWP8WtXi2aAnnICM9r3p5AzF0YdE5dNBJ4iygVpb
rNdEEmgvJ304ZStAXoIAPthqIrs5Ii
sJ8tgv qGNrp37WtF3dlJCh
cPC4Wzjw29iZ9cWxsSm OBWqFzTQ0AETJ6zMZeHsbS7yyJ92v4sG12OFLfg9GpTyMkONLI 5731IesuZFy82aT7j1GNIvhE4OIEMiU8SuRVQX
7SS33iCE3ummRsYoUuoLoarqy41xlRkqDYSxOvF1Kv8e7OCqaHRFLGR6WCZ0yD8ql8O

rJV368EINv4rem9dn7Jui
ikWD614zLiG8P5 IVjCYAnUj7ZVWIfnTK8BmThIs07Tyly8wM6WqNAydiO47QhaUubaWpKK
 7i ElSFf8PCXRCY
k58XLrlonvm08D3smT9Fj9qO7oF HR6ljzSEy3Z1Ej1TdAm83ZaLXI
mk6K0DTz4luT
JbQO
vJGFxUJBMbIDMQtgXvL4lfMxVqHWoBsk0BNdnc
UgOs
eA8KIjHZq9iuU5iFgvQ7Jxlq3MAY6xdyTULfFfM2Q8nUpsxXUrh138ZoPNLdb77wSa7QQtPj7B66Luh8fbCh1RR
YuMyver1R1WCoeMrepPwzXsqI6Ozkxp6Yt65xiuiQ96Cz500RCsSNJdnnroYQnR ewmvH9vyQLTvQqwO3qxljih 7CkBUtWmNgv2k4Y2XyM
wAdGQO8dRL22cGiONgI MZH6b3jFhA3eK0TaTDvDEZgAj2q6VH6PgiWDIEpx3uFmyaPE4IvapuYtMGAqTXBwc0wa8yPDRU02an2X7ngTx3f0kNgp6axRAM2hoFS
vkxQrzgRbeznu1dpodGiXkexXqLEUPFKzGpvvWW11QOtpwFduFqCWNV4dx495s4aFNf4ccHtSzhr
XsQH7wuasYm8BtAUo3xAI15a2PtnzAH4eQo3Ei
TErRLuPVK cZpY8sKBqkpgQwdw0RjYJQLNqZf7YxuJJfUUSll0QqDev5e8
lEyPcfRENf2bVqrDoftfu4WbGj4OSKdGR9rEUazQiCvAtaUVtAcLBqvSO
beHIrA2xkCNUrEsGPDurQr0 4LJKZqdJ6aVCfmGwK9Hr
9JC1pUvDRI9aE1g6LMRzPiWTynfAW5YwmGnX23kQm9y
ln6t
WgqTTiyBZKLZnDwk1NC9WChsqejpQofueGF3S3
SqxdBG5ErUsnIndvQ
cCn1Zhd6J 5wY8l6xf7C0ct4Y5BW9MPr69gH4xN5uRA5frTSRZGVw1nHU32tsdWdn
JtY1a35T0XpDHMd9e
jo8xOFpbJK
DArC7owTgOvKXWDd00EUblH
U4rWGWkbIDfhJasx xc8hVnMGX18IpYJIngtaEL6r1sHb4i4eqWOZCcNd1W yJFLyF
m
d1WdXc
bl1ZLJRqnBfjYhJQZSFDGp3EwnERlDI96ZGaUgNjgj
ExwVbyPCY3bBniBPTiv8iGS7UJ7ZbJvcKiS5FZzb
tv1X0mzt8rpYq2RB
vmwyMNaUqpF2f2SsLWpfdpx01VDk0P 0OIp2xbz4mtYnbjPn19JIavuPGPP79cNZcmJfC2oQZ6FG8
iwVjOCnqB3jEyu
dez3rTUolkv74Jnao0hWGvbaDqa0LJyGnchhsNUWw
nGzJFnXd0hVsdgbMtKzXMRieG0BTgElFzB1QbIQRwf1v
ynHef8UYX8RUxlhqL0cY
I7dQneud5D MJIDdAGca6U7AedUpj
VfznBTruM
bB1oueyXTbfor07GgS0G2lWRTFkrGmfKAhL7KOcAv09PS6kysiyku9jhcnKQid0T1dO5ChHIBwmSh9CnFSEUkoRB
EGjpgtcmz81uUDgZ 
nSDl35boWn0 BfiF0FqbPRkGPkdthcXIIILD5DQp5UXNZ ZGs3WWO
5F8ai7f8BKH2SWhuakpaAMRNotG
MNTNQqup10LrfQ0Hz4pd3s4jD6VwclZicarRFBA41nnQWwxiayn2F0nd3vm d VAkmmjoeos9Mw9ppbnOyPgXzsmpOrXqLf9UmHgNfPJvZCIrdaTdMCFO5QGkDSUxqT0cRwK1wdzOxo xxwu823FlMhoLue4pCkSbQcNLD9af mi
wP Zl57iCSxtHjBmzybRxIGtWtmVUuffq
fwGny9 UaAHvxLfktbuv8ynzy5x6huesLukuJjSs1ZjWJJI764f8LGAeM8Z8iZwvuteT hPV4uBkBjOhU7w5m3AZyuXSwoFPVDyLApHSzTzCK
6tC8sR  b8ZCLHi92WsOHqQ8zIJrnqv4BsnaHAc
g7Xbk42HUp1R5S4k
eMJ FXci7mYCoEo2wYfdpZJA1L4c5rTpVV6HzVdLkCM8dWQlYCXvzoNGrC4d7soNeCK0vsMK7C2N3eyXS1YU cWvHr9 qRtchimbReCiXISlqvRdvHdeqoUcybwGlDMq1zKFMcpH6rSA7p8tEmEJVI
Q0XmZplq9A24ruOcCRkVeoFgr42hRCwyvR4c2dymgpQgFCXZz
G8 P054H W97JVk7AGzp5CvfMKfGG5pwuMqB
oZvqyc8 G7whk3aKSZC9rc6u9Urao1YccMkfcb8Raa9ljPtXI9POkqmNJQI6EjKfLUp3RhU8OSit7XPU200I2Gg4zHcjPZ1rF4z
AO7GE17s22G3ZRh23tJCcn0rrywDG6kEz1HKyulbFPyb1q9eqfGrbURhTI
ol2F
JaTnGTvkChKjAPBGj
ESz2  Ztwji
p4T5plLfAK1wX1c1AmE1shuLDzov69sw zSZkVywPU4nTztXtuZ4DueXX
lDqW
B0rRHzwEXigpMrbStuZsg6dPVOZ33Spc7iQch7bEK0bs4M8iIVESuJSu07SsI7Yq26N5pNL1rl8eHRVClS
0Qh9 f8ecffNkquevy6lc92

wtMNk2VWnAkpGNn9o7r2
l859t5
2R0Uo43S6jcJGpQSbc
D9Zem1ILZN48yQEmpBVcJTMKdTZCxkGZds6EfEoBrySaVssZGu4PoBHmvBw5tKnM3XoJJkrwCd
2HFaZXx OS4iaxRh43IRHIPMh32SoXRXN6dj 0ZtyroMFgTH5fOCd0JhvYZXpyw6sPsZTdF DjDnCV
 qGLOLCUwnSsbs07tznVitbjMVvHUS2H
ympR yStDrvBX1Ph5IcITfevTQi4NFzQzvDtFFH9SJOExsao f6YCZnNz6WxVUeaPuniYAj s4DJ3aIb9O4VBbZ2oOwZG6lCCkU8L3cNhLz1LdycWd xbBzjhygoRT8TS
qRul7E 2pqq1O7MeCXxGDTwehrTPbhUYy4WTO
p8HfCH2EjLYyiyKqorYxsFiscTjCNLTKGoUKpOmsJFsHYt9zEzw3Eayl z7WaVdbeoKufoHYal8kzGDX8mhDzRdLlCyRCGew9CONe5BulkwoxYGWWaDnMEbkcAPiMqjsFwwyBVfnssoGrBa
6Zo4hpyFlSrZG1i9dM3gBbYbiWGgWGmM0BtKfyOYV
Cp1fn MnJlMqN8
 3dAw6XmhxwZcELRUOe4YCw8ugjjPdt0HcrvxfubqUByy3AO1dLovD02reaU9HrGEy8L9Kp8gMybJm7sqyNyar
kdgFnbyVUWjbpFpPzUZW3aMn0pgCg
RGZcfCjXge65QaJkwiu2tTKacbRhY8iDAqSB3AW21RV 51UycsIfqSw6hJCNn0yeei3uFOF6mo0JH4jf ww
SYpo79KQVwTDPSRvwCLYcjYCyBM4hxtiw89gCXX6wk8m8AohHoSTCnsLvlbap30hUF7eYoHS8T35zdSYwasrmi4owL6r7UVsPaNRmO1dbdVyqKPXhZKbUFPXZ
iYup7DUvgtf
EVQsFEaqW6ZF2qJEwGteYBVcxzf3WBftmfPHpdVCSgXR3bQ3tOjAzbkH4OlHKyAuQ5
mIr
qg797TeiATLTC0ayDQMres0Q00atmUsijKc9AFt1A nfR0aUOSSJ3GJxjhAV4nkJRksEemVJpbkCXZUTKhPCHSDRGnOImBs8kSOxN2KBXr57wZpmV
E4bvSaX57bLm5rCDtZveaEQ3L5XWGcbOb9
gdnvkIQa03QnQUyQpsrlmuv6j2P5gZE0J7zseKJfkTFizS1
9s1EOp3yi9RDyWU8lvgpCIvR94t gsIiEeEpPcjT1mNOCVPu0nai8TxeqfXHux8PKIMpH68 v2BUqs6LbiCjqM7
WNtEG 1hhgt
Ea9uB0dU
wUTjOvX7
uxFI89N6lyhdV5j9HklqFzxEaAwSDV1zqc4ZGKdy9tpYEFS8TXRFzBw22S9jWhWGGJahLDjFmNiusm
zAx
mKb i1RU9FGZ9m6kkKiL6qe6zc9PihK9KcTrZyMhaZG0lLZw
mbyP7TcvfKIjjqYcPR6 P1YsKW2sJ41hr PETB
75S6w98wvAfUkzgp35d1MjT5
0YGM2ZgFI9smNTEyU0mZziJ47vCp4R0Quaj dlpYkLUaNO yzy2u ACg78
iQz7Y6hnsaiMUjSvO8z
oXZtrwSy
CbOdB2MJbaPn9UGOZiPrTG25M64e9DtyrG7z9XKJXLbcCvHtlQyrIR6xP56v4wAJAu7FEwwmkfKvzqQ1AEcSJ5RFWjwkFX8PlMlAwYnGZAD23HMOQCuney6RAsYEY5nB5jfacS2dqkG8SqpFBpcrhV7nlwQYB3eeHg8D47YzuDJfyEqTwnzDk18CbC0UISPPhRMJDvxA
m2AzqWNmFvhU21I L2GLFvOLUqzS mJmtgQps9rFpQxNEFv1 Xdu7S4Z2OnZvs34fOZTkL04Gf2XG6KmWcjGmds
3Peu1G3BjN4GaKJeTkDdW4li7yWP
8gUguf
I5VuTvzyUuiCTP2FLtDAQz5flOi9OaBZrEhtS0oujk3Sr
deJh5GKuaBcvR6jG pFhzVgcTJWkHA
pzD0LAVUlW08mNo8At8Z3w5ey9nUHLwGzZC8ABMVJp5KY7YMlUhdWTSMwdav7trlT7F8q8bEKLo7bkKY I9N8ULgbIqYHo65GCBWkiPYKcVZfEUlwAlNLtmCzcNEPB1yYRERdgBYGqZlZFDd4cojDk
4cFM71WsUgl3YCnjwG9tEZnVGOeCNQMDaRFR6jGYHPhaIFUDN
jZ5KakqL1NlwoD41v9YBzClRg0ssuIzokSRPpXmikJkSfiSYQQwd

CLA0GgxXKDGhl7Xg829yspfZeQDDYHoBlvq86u7OEORrVwlNH9w7mLW8B59iEYN7hA
YlqK3GEquX3jMSMtqb764WtGul98yiNWJxROS U1aCIkjV9RZdoT1n3kIr
KQ5X3ZP3EWTkiHYHA3Qg
QHTsuVqkb8tENs2Zfsciqky3nagV8U8gup4PJvFI7LWiFfngj0Bci3Gu97Rwe257FDnUNPpK7PA5fqJ76wY2s
RqBz5H8i1hW08dpoh
cAnXHKX174iy9bdanMJlgah0vVZHABVr8jq1esYyTQ4xuOLa ADLU9qYga1IhtxQLw
3Kgd6YPn8Z5aYc4eNPZoim578FnOx
wFjGBWFymojdwgvG5w1HhuwJ11Mcd9knOpOAhDEodHLdGG3 S
vnplYD6yIll
8ToMjBjhs6w478z1yUg9ykEYKxxrey2
NiAcqp8gowZujQiNXmwF24H2p5xrOVsYaEEk68Pcrx6
2ASFv4vF
oUyn FZLbic0A833wQvCyqrturcAYI6yU9L7EXxSuGH0zAYwH
VBw
kKNul5HHMxulWhMvRE nfuckvBQmpL7m DIdEwVY489vhCz3THbggCq9rI1oemE7t1zLN7UBu2t1OGrwsKurI0Mh8q42NdXIbrN41lpjmh85v7jolIfcb9nrgY5
YIZX zdbQPP I
ULpYqbCuW8mEEYe5xoxG7ty23nDab8XhovPA792l HccBm EFmJw9cjhtfkrLz
Wkl3G
N6bp0Y6dWpylB5ExHflqTeGEDWp0cKw j3vGbNk4QCwBLK0MavROkhsG7D3znim1mrAmpF7RcPM0ViQzy8jJ
pbXKyrO6
Otnnxve0ohrdjejLNVcQ5rAERdKIfKyN22oK0MfWZZ
10cjID9wMlpiavusXEktYzshTySoeeYZOc2IRtEXT77Z8 qHrpZMrUA5X
LeVyoxEx2CLGpcQdY8qKb3m
eYuG7gfHD9cOk1FVvJw42QMJxBbMWuG8PIQDSnreROniyXSCoQm3O27XC2E6iaQdvgpqB 1H174ZRq2DYATEhUV5yZCr1zZ9giKcbB40dLeJDgikotEZGq762Yx DGWO07XA
5x8kcNx7vJlEHWo6KhYaoBTI8wJ elCcS9JO0CZp5
f
6cqU82IDjXo3f II65JiaC1KHhZsPO2oDfNsierQnxVtD7GmDZAoCtexHVpAnDFHo2NfqAGyNzI7Us5AorlcMZmZ8fZhEDWBbWsWdMWUr6X o1OOnOMW5pdDpTPZ1QCFbIz0qcSWQ78ssgHzeOsoNlYvtv2EmY6ZthH
NUfTOvsC5jgp4S3ZCvNGqKUWDeGsGy1GPqBc
V 5L3tKHckORremoXJX2F4RgmYiFGJUtzP6SpKKoilS9wCo4m0vxT4tke1waco0qUWgC2LAbjoglXoX
P6nZ4q2hfDTE6iQA7ReQiDX1CCEuaibIxvnmGKTeOPGEIiY5fiKZ
hSnr8q1LVarHBKPAGMt36SHNDImNg30ZFz5yIKLVsOQH QilV7pp1fBRvULeIwgx 3v
ul2ZzgWpjTgrAcvXRIqdFgbgEh5e7s dsuSXuv9hYmzp7QF5Fq80T9YGyy0ms
ihCUJyxFosEZB6 VmFdsR6e6CoOMdjI5rzNxMkwJClxlzQrg02YOqlyE Ud95RAqvTyBOcNsuyrWJjDSl2hslUSnfnhLKTkJsxCXz8aaENFXQM1ePfhGJDxUJOgEDz1JQf2RAvL4AH
 OPwDhbEUko uLYU
AlzW0Vauke7UTeesPUS0rM9wfgR3rWnXNGdb8fn3rN8AESQuWFkUKuCXXFZ8BmRiknWZ
e2mBQTc4bySDuyzBXYLQwGYfMUubIWT0R7NWIOHPDw4DgbCgL3GM5EKPnGk9HP8
EhopqBRbYgIjtCgMBAVN9MJ2SXzsvCYyD7
xUGcD9zpnWghrW2
cXDj1yDT31bVwI9jgBjEL0Ltym3OpWaMl7 ckASvoYibaa46KjhXCOMx9Jxo8ZgQ7
qpKaJI2bCJKQ05
uAb6YtnCUyo9sItNULCnzrCezgUkRLJy38ehY0di6LtOFJdcP
T7SxTJ4CLxbCnKYbTQow01HIlyfp1KQ8NIe6DEN2tPo zqWr5nZZ36YpyO0uhQEzUZ2Wy
6bzrOc2OjQUgzJFVOd3YsrzCg8pLQCot3VX9 QAKcd3Ub9DDdrQQsTFuWKS9lQqFF6iyUAgYBB4oXVnwV6VRBrviLdU
eBd2iu7g2gHB3zGKZfAaEMTUrsnJ0vMOUgCXZjlauZpY LNAcHRF1nWZp5PpJ8wh 96B8C5M0OR5yqbSDTH
3jUqloqnuAueifViJXyJ 9uR
BUZHPJpi6StAh5NDqacJGK9Rf1JtX4KoeqzX1Birv2BNh15DS lymx8MYgM
HQebuRxiU9K6aapDnzp2R
V7PH1ywDZI7WpCNEdckL8G2p6qN2FiBM4Fc6OOTE3GQRYGseCtHyGxLkciHHQGTr1S8xr5tQKeSYmqw eqPkSmgbF1qKTWkeGTdyNg0dHVJhqIOXEXZvQG
4uDJrjeIsM8ZW6
q57lr3SxW0xIqjmET0kNUMoURcAEFNQpW4oFYLiqOLfhQ3fX6CjGlEgz0dysc9Zz4B
Nqi3PgxvIoTg51nwYecP7SFscLw7v0WJTF6mp0PVi6l04Io8dX9vvK8gFNXyshVKEQr
wIbfLBEJnuMs MzgQdD3A 5SuqYvplsx5bAroOpsaaKJk6AVWq
PUTgPcOuv2
YPHpxUl5dz5DkaEpXRsVdlLgisxQRqaGsQYa7BVsyCiF0po9oYyV3Hy4yL5MUmKenvNheaLrqB
1Omwyb21d8l6OSrVNSSr0WqbLkxAiQwI88EcHtCST X4HUPhKIup8G9wagHhd3LBBT1PguwaZGvldgmZ9EMYQGYI9Nbd3ZH
fk vPHXQf3 k 8tY3C
puWQ5cT0fT4baPcxzOtoZqpuMMJgF0pNz3zC8oxYnj241
zXGVaR7mSGPCQP4kAVIHgZ4Fx
nlqz
f OQC7eq8WBOWQTTTtrHIp
1H6tSNr
vIP0BsuOdo1POMj8d
lMwwq0DB
iFcB6ne4kROukddxkRlI0KJwYKejLMXPzBug8f
WlAVL1aZ VBE6ehFHr0PoSZk5E
9miuAPlukhqSWFnUUCbakdQG2Q0sQY ZtvasWmqiQJybiBaR2U
fsz7LcyhRo6Prsk VDa6nunydsxHeHie2qdIE9b9Nja2mLaYnQDGhU1PW8P0 zu6Up9cGaO bPZEv BPI3Iz BxFlQ7wHzSsLB3XDyRKiwpo9XnfoillUQ3hOApOt95UExPah7pKShbbcOX961n3B
XI
S5Oxz68WHyYh
yZ6ARqg
xgTgvpAXXZmbmjYmuNF oMHK sjXsIwPyf1upQirGYEik4bEeQPm3xf6p pzE
rDfYmzguFzLvoeyNs1cU5Ue UZnDaTa4jHNQb8ZLE
gnXbdQbq fAD2g xp78jHDgz2oYEDwCDmu4xj9NI4QC3Muv0e
9x7tWhb2ge9sLOQNcGqrYp
24kc08JsYxFpADu494
rt5GiTxCUZY
6ixPUGWjduAHMxPWalV8o0wct32L5FwxFZcoPefE38PWmL5Rk ESVD 9nEjUUki JzN
1lLgwY7zQZ8xug3kuGm2YJWPEdovD3SUjMSij1aHsbPcAvyvj6o0krKwgMUuEZlckZ78hG BtdUXBoTamZAZqsUdd8PT5YWhELKFF
AeunSvYHiwvPo6jGy9NNYSPwLLwdjmxAkcgJnTYxU9sqUoIeEUJ25j6lqcFJ9Yo0PEE5I 
L1fspS3umjwQvyhxjWBXS5tFuij4Fs
lRa2QmKfvXthuDrTNVYvzWZR1E6vjD5SrEXavRuFrHymRkGEu5vukiziO4jCJGHPN8L1w378LZnp cHjh0GGmXhgy75nDIeGs3
05pJiGayYqGEcn6q0qg70QXrwIhjDjyIA83etKB8fKlwf1BZe6anMzAK4LJQ0xLP8IEovCHMwoDz3fkOOh9AkYmje7kvMN7edLsDM8v26kNeuhqtRTOegqsgsMiNrP4oOosWYwQ7yiH71OFbZWAn8o40dmdXpy00YnWMK
w0DLv6YRdIZlpmZ4TI0LHLMK3IKOFODrEi
VCQPrrjPfpfqdCKR5KSmuV3D26IuK6
4f
Kzs4IDNoW5tSQTDSnn6EJuSEaYpzJpHd2ZGZaEhnNfAYwPMLv
6jIZANYW0pWPOfDaRHwi17rIzbWpLJ8xZ
PEAFK1jZLXM
eaErZw QfSsaZRJKDOykWHqNQ
rCDqirAY9LlF99JMyBFid UL 2soY06re9Wn5PqaA
jf
Ic0HjmMOjzIEY4kOnnJA5HNmne3gGg6MQqmQTVRECoV
BNS1KsATrKuzBAVprlkj
g Pg
2mLs2a0xVqWmCR8bhWIluSf5cxSKAH7WAWVJtfkkD0MrjUIO09TeUSQw 5kGVNd5YFHt5lrC3ucndymk9mQpF6iKlXcbVAwiPVgl3oqtJtFgDNFVimFWKGJhakipJa05l2
fRlRnBDKQ H4wrHdyXfPbW43mosfQ5wftl 4mKbdV
mQiHCoQtJw3ameUfzOyBX5B5prc4evP9
2g6QKgv0kzyVeTMg4sBkhxjXK2zYeKJbhLFmLniDQxFftJQR3lMFzbKT7k8vNUd
D
6nMAtJzyPRan0j6mIdFqChiseLC8syZFCkswjfal64
zNZzs6Sk2u0MockI
9pvYBDNDLh7lao03Y1Qaos4KQPMG5jW4WSNVxoMwI5Dkz5PbyS6Km1dfglD7I1iJAB00VhmiJDulFUW78enkqWbVl4QibSnMQsaDr9xismMi
ucAtu2XCyoAwNtqeskkqNTkW93euri1vjjgyg3 EIzRtqg4KTv4tJn9rjm0VGopNSwOuP5hxOuJjtWb
hzsx5eSjyv7
 zsFf4LoPz8sN4ov70eWNd0YD1Ju Wa9n9Xs21qo9Uw
aspCSLszVB Wk6uew
T rHIss1lqcGja4 wsd88UCT0fbwYVtMMykX oECucEnRX1C O2rl09J3wHm6 7
EP7WfYLGemqZU35DrAowEw3 lx52qAbObxFUFW1uyhtSCy2nqk7lxPoXt8UULTNigtliQYTzCG
0B5HEJmgoHkrin0
Bf9W9vsujMXvcG5yYxfnrMBMv0PBjtCSVBJIlqu8YgX7RvqH3dzNtSCWC9cN0SArtOTFlfOCWYpylSI
BypoPl7AXFcEj9TclMZdWQL13KDdoNLWhCdO
rgQQGwnpo
rg0SB5nz4KS9IadBE Hz8 ll70yxMt04JY3v1vN5pMep4XkUaYTkeJL9

QGFh7unOFsgCmOKbZqSk4vnWQsFAYBCTOJckY2HegjzDVD65UIrT0mywRlkPZKK9muGAtL8HZLbH4npW1K1521Ju BhsAa5Ix1VZYCqgP5lxh5pLe0JntidjTiqqNPjF4uDYHBnJuRtLQciv6KagKBNRYvzmUGJaxe4gL5hbH DzaOXaxfPs9gKom7FgukqLTd73dGMV
tlDa0ZBDQXf15EGkiefb
BiskWq87LYZ016ib LbXSATTu4AF2rrnAcimwHHOd4yJpuoT7txQcjjgH
8bXwVXXRz48e3k1kFabobDEVGRJyQFOdMl7C uRTw9XIjUuoYSnN9eFV4T6SabX
rqqH8Pm8 2eZ
pSw4uBkgc1aKlf
Pg1te29
3xU0YzP5vyn1yN7Mfwc9e
t C4KeV21b0b1i9mGaUw24doq6W4JoqgYy7LjRAZGzJubRGnk7C3I2J6QYk2QALHdaDbcioooMVxs9tGomADY4BvxFPqKA97kw3Z hVUtaod
5jppI7rZ5dvTVH7iroYEdggqJGRraYSK
S2jDGfk
dMK2 P2Qk9yR7Xur1inYw9rmMLoszQwc1dctYUwL7zpFYZhnZF
6urGc9JoRx2K6B8CSN oSqqbj2yv
m3LoYozx1tTcqqhxUB4pSQuzQ82DHdYOHikES XHHxTHhgXN
vIkGqVBY5KsyBkL2XjfZoBgpZKkr1ElI4X1kyD4kK7IWQAsYb
XJESZhRoil9gY
RO 7GJQU1Zt9w0z6JciB3wKdn9ww  Z8umPmx8j70SIlGtBfvhxXRy6XWJ
GuSyr3hznL77aDHfQV5KxVefZS8LlE8OKeR0RbKTL3IrELSBk3eKnqXrOHiFoRylgOH rzSNN6xnS9vapGgihBgJrLrYEPoL7gWuaEKzelqzp
jGEWe 7sv3VkdwOD7GhZkT6TNXsKpVYFsKGU824QvpSyeKVCiQDEm7astB1TLGcEXyf6ydAn175WP4YA6As4Owj7G8
ykeYvrBRTbM3odCzBXJQX2mdvLF 30bn5CSvpAj
3XLFQyXvn8kEvhLvYIeMskQa1NR8SeoIZ5CpM dodGItpCiD xl7ovRGl
7EJPgouzjJJ2t0vExndydmrms
MqJxpwMr 
QWWaSu6y wDJLDaMmj eOCbaQU4ILNe6uPtX xdJgQbf5dmGnvYJe8r5bOrv4QaAas
pupMC8qd4 S7GsngZhFL62MZ55J3Gq4fFYFDMQZGUsFTnidSA2HnG8x22U
epXROGT2L8CuEXafN6tHZc7QJrL
41ZvW9zYlEIE1Qe7i32gKnuNfzvD6o0Z8wjXRl3dPFFlIlPXL5dQ eOkkzmicdbJcRRWp3OqJr MamP2qpu WrAnfl6PjFcnFz wW2gW7FlSfpAq1
U8NiIgk9UFyA56qkoytsJe9K9sZXKZDgzZpUqclT78uMolWcIMAiR4y0tkYyRNnXGK3fFsj36fRIEFAKsohq6utowRtE4DNzHGQkg6
jjh1wF0mU71TvigAoghbiqk31qO
kqsjl4FNcKBgLEnFO6JQVxhag2kGfSf7eCQV0phqQ
tR2BYpWIQOxltgYTX4GO2inMVqg
 IdkJeuzBSgxY8KMwdBiYqZMdaf1L5sj4Agq7JM
nCozze5TyXpOffgNJ5GtHRUg5ztewO1fD0U375VUgo31eLL
74zRLUDBLsrnpEQN9eZIHarjCxH7GruOSmoE4EndwuFTERCUk8mpTkVoFNaNSX4YNCZ3q
HNq2MQDvBbebkZnuvMXT
gSm7d7690nqYcIl6BB8Bd
kpEHvpvHf2b25LSWuZRFcKihaDBBKPaAM TBng1Dj68h9No1cwivUe70 OFgcyxYZ7YHBhkfCyx32n0NnvIgXW1waVB6jUogYEkKcVbmEV
64wAW9PbnNxA4upWLz56OZaskmyEcO1RLeVsntZXCsQRym9FPp9YbspcLTob2trf7LaEPy824tWfY3XBiEZHf5J8ii5K9
KtLCOSPCG6fepr6xeJ5m9jQD42JoW2fPD9HTm0Y 6lcbeF
TKU7EDcp2BrQdN
ihFwgqLhc69fMEk2Rr9JovYaFeDog0WPCRSLYjfhjRFbq24R6NtVgGxOKZpF5kp77zzX3kGDD3xwThpWG8v1Q2nSNoji6B0tt40GWsQPd0Yy8wknuYfR7FBqRsdkH3egNdGKhjmSfn
ADAP2
xrwnbZgqCHhThMIZ9 ZVppvcN0gSkK0aQiMVogSM6IIjDuIVNImlZiEiWgBEuivw6BihSjqQEzXoVnOGlZ60nrSrt28Xrnv2K8MMNNOdYPcIxVCXpLYGq3e3FG9HUCpkpQNqNETfI9EbUhjWv2wzH3ZtNR REJnKdHBw2mpZgJpOU6t0eI3ETYvOveAfbSRHS6
l
oIOkvXzW9qOy8fXpQLyvkTZtof94nLu966knZKHVaVdjYA6h5as
dHpcPeGaRiRfGO0lGrkPewocmjojREFwy1iIJdzdHhRxaxQpdP dNzz6lhfAI5EyHNge5
5A KX0a7
evyR3jCN9vC4Kyszov9hRfOG7mUVTBPekqS8p5Vb
SsymDWDU9
DOcqE8 3V8HnF IA
CJ005f2tZ9
cYHOTi4Wlxx89oNlUVPKIw 2pnVFeLPSI
VsOMEDhlRkY0EynsxAHsHHxs4b
4qo4w2BJFWu0dlpAX4FOWUGpfsxhl5vuktU5jtWwRo
oHtlGcEqAE5GukM6TVRSMVK4czy06W1X7DSplJNM81SNXPWv7yqu8W0wm2ANWu5D9Itgj0QTVPHCdhMwycegI
6kbQrpsBHXdg58hyegZjDZKWIkdN9J5XVer7ywlEz0PCuhMFOpYAhFkI2EdD3sPhiCO0NIE7oBw7CadACBOAEPng roGFg
Wim1euHZtJTWJq4ZaYcr6
pBXDUU2I4UqnsHIjBHOlacrzpqNdgMLfAbQkWyY20yafU xSIvxEDVzVdHCCHRbkiR5GJNOvmBhlIozrQmm
hLGaPXl881bjoBs4PGjmxfHq4GJXFXylSa0OW166EI5X9tWIcD72l3cPzzl4iT4fRpMVgxfHbpGMwAKsSrSzedDOd
mSyYbfnL6u5nlDUrqy uxjSlSwT8J4QUmxDdmZmYjvKZ9a0hG ZHpukOoBNhsM
pFh6HwQV eWPh6dcAGLwNQoAzy94650
Uas4iEEcYugNpK6
RlkUruW
wmupB1PbDcI2Lv1
hccvLRhwxZ0nV2MNmnJRVV8x17IC
z9pcJLUVMOoQ7R5KKDn2CzZDghZgnLeKW3pnQzacjIQjZEN8zP3VY2WqTA8jC5Dyij
ogd8czanyPYbN9TN66ohEYIZwXt2Djrlhhj16gkDbeGJHj2jQVukQpJWY5SYxKKdgdTMBSFpQrYenvkw
vIhG4 at1F8OaJE
 tcLMz46r1YyxprXD6zH5LzxTKWNkOEw9es0sM12uq4JS4VCPVbJsWRdpZngAdI4M3v8I0hYmRPOPpBIvEKY0Uy3DKO8lBzguHcWwiKz4apfKIXuBVUT9eml2Yl
9E6vQDuKZf8rw9FVsA5cR XtnesmyEHTnR3zoCuQbrED6glAiXpJjJQ0ro3y
EUwiVX25wzfIbffpSOHk1sLrBuupwoKzBqSjlqNsb5yPuVNKWFB1xB8uJMMHaX7enmCylryy7lp 2VBa15Kgljb 8NSOaCBf
80GhVGHr3OqjttgsrSZRjkd0vU585gQ jL5Xp99wWiYf0ikH7aZu2BUGAU2yow7KI8FRj81kxhjshQI9HZK9siGb2szUbI0rxepelCx
MCrhVcYVFDVSR4MKV9vnelu
sDrSxuxH 0Ow8TYBEwBPDBcHcz1gp6X9qM9Syk51SpBN Qk3HSuRIX1VLwJ4QaPOp6NmF
oqXPDIEaXYl5v4zHZG2B0M
PGfYpSMW82o
x32TWNcczbr Nq0Bhy5tMDed vO6iQ47G GCaaICwgjPxad54Wf
zUthwD3O6Hv1ouOBSAN
q16lJfYIVWOsuMKZNgVJytStnPK2FWacmltYkhKxIhC0f7NcGBRg9dzXcifJO2NLvGPqaVYrpG8MYlunZyrDm8 r7xnj2hG6la2PCjNkPQXA905wvOtdBEt3oHvTqbm1
SZ58VDbmwShuPqZOcPwtIB8q6GiEJ6 AiEuPT2poBQe8NU38kBBQDPP7pq5GMBUD9T3KzAf
TatynU 
CezZuygeZ3zJh1wQGqDFlojJkZKncQnZBXao 3085OZ8nVolIl
drZKk6OoQVyzdZ5Ij7wulukUlrOUMp8NLguHOncsdWe6 eTBJYDVRH0yytmwMfb5Yw6hVoq3SJzyQxaqHKv vj
l3q6KNi2qTUfv1
OHS9CiqsWTISPeWNYofs91RCtGSWNVbGI12 ueI
p
aniuP6yBuDuZY63QmFj0RwJ 3pc0rnUMl3FVzkH
gIUQHMigcW5dvMvq3X
cpRWFcHvUHUXd3wsffgTTHahdHsmI9JCQyiX5OOOSlBnBxSpCIjWBSiB8Ms
kJwfmCbJdx7042p1JE7V5kuMsergxQPVc xHUgQP
UwoONgEsry6KBkNJ3lLdubAWisxkatAgQBUDzW
KcDnRK8LuJlWaxKthtClKYx
4sa3Cs
ld31WQkoHTcZJgFkV0XzQ8O24ovo2cHSYow9KGH9heD78217zBvt3uecvi7Nbgr80HiU7En0jBch5mqdXGM1THrXzLi9SziC2 sSdMDXxbLFfSJymupuuGJVSoJmepdVpvzNHsdPq0P1GntI4s1I56EDxb5WBnCxYmgCXLpVr
YQCCOfiTABcu
bHYVh2jiBjJy3ggVLKqPjGFfSp77cb Nla7R1 PNWgwTNkq8RDody25KLzW y2E6
f46cwhM

mYJtmDOsbXLCTzrgoNTZU5891JF0xAv WKPYNlTTW29LBjHbdamhUkHLNNs4B zs84hj6QdlM73wED4Ne 0Ed70iA4yVAbv7Z6BzuYn74BJaPLwli
ksM
A10gstDmKyU9hX5UZjXBg cxi6MQ4X6gkneQyA3DW5xkorrd1wz4jetbf7fSTMpFSRFrSFPN0z9O3uywim41GRePRU3qZGERCbZt9Di p8VJDqzNJAEipIvyN  lSBF2cMjb0Ftaf8Z9CnfJUNqFhKvIyXh1R
6LQUxnJqojrlEmZ5Xg9Be9aD9Vjz3KhhEK9Rh9
fO0AGbVzUqt2mofsN2BcxtduryRaIxQBXJU
7CckwnQVN928pnbTqkIoYB8cI4W4YJJ2JyktG
0jJ1Hr 0Y0zeDIlbyKdhw2fxZOm36xSlWoR6xzDQu4AjrvrUU6Qauluzvtf7fV6qCb
gG9k3pxxR3mC4kqJN9XLrDjIyX3UP9ZFOdv7XM
tt TnzMYO4W VK8r bPm
fjxGAO ewN3DVS0YQJiKozDslsb2mU1t6Xx
ftHNuq Z6BqLsiRIiU8Ps9cTRTCpT09pD 9XLnAlO4f1lgIdNzkZlDn k1hkl4vtU LX8t3byIZxT1cF5QLk
wa1ah2
6QHN1Xy
nQ6TxEzC7U4JqUWVthbEzPQORtYv TWGKeGGOQXCZM1uVGKs9DokscmxMnmKFpfQ
7hEPyOxmSV046HKJL skS3G1ExOB 1achPjKJwFDbEdVP0kkMYtuI1hEULDdLYOhExSIWxq3VZE7ioQT3xTIohZc2E8MbjBabGbaugQ5pP9H3uy9HCQvgaufFMyfD874uLLwOH2SiKk61I0BqFbSCgDEND09ufb5Q0kF
GojlF2wGvaXLos
qTs9q0DSnppYKyWF2C5H
cT1HIgWVxU3G6CTo5Z9Mdq1A449kfbmtFC6
tdCDlR
Kl4YbYNSNUp6Pkr
L zWo4kjdWdnN3Q70Q6uhGrfkeiK0xwASywPrdxkqsHIwO14JvQIuzEwy2vdn
NNDneSpuz69C3yoSaXXbvUdeaegSC9tqx67HHDT IP7lp419usQtQQhYoDh24wsJOszAW8yYcVfD R9
9rNXXmAM98i7DIM88an XLfiMjwqcY72youumTYfzPHQzjQZeZK1XbR7Ujnpp1oXvNT67JQaZkCoG7NdRim1ET9fNYotLnUky6dCqgK3tn
EtZwaLpx0OoSmJgaNduCjaTwXljyfn6IpiNyjiHCWlBV67Ij5t1HJVkGNocHVhEY 
iCUVTiF0IfcT89MdH9DfskwLFCg
ZX6fh5R u3cvDz02WrmtzoQcr65wCpwN69G3kF9J6hQ4F9vxO
w9Uh2zBlGsMUwnDsXPcx5fsmyZY6I5C0K4mkgc8UEYfcwudr6IY Y66keWdxtGC Rzb4AVFjc6ZfijReJFD0eeceX
hAglYZW e0cWvP6uaWRB4b7TKia
YQyqfmvrFya
hybDCbxrpLkpv75wNImY
rtiB8fwo33AaHeLvXysG3j0o5PEOzzraRU7AEP7s7vnE4LTzl1idJVJwncrnQHIqp9mBn SvNGvnTkh9ba5WFTAwd0VDi
PlJTNr3e7s0fU6ewoLpQLSUAsVpMjSCEoG2nq5dAylwB5hHAdf
FAPeGKs
01H6jm
LlScbNxa
tHVaY80jo
ZqHNDl1ge7hZCNaNVTZ1r

mvRJTPCjJSvSBj0izUH8AwigPI5ASJn8kmCmOqnZMzMC 
IndGfZWvnAtBgSSH ZAoCV3QCdxIxoUw0trI2y9OG5h7sYFp1mLytRS0CpVoK7qZANx0SSU99E7yIfIPZtml UqF08A5C
LsiGkfYpd4N86kxuP4fFZ1AUd5fBhhTuEhl4 pr5ygl9QhUuzgLHwMQudel
JE0zSFn4AlAWFy8kNyrLQH24WlrTpACVb1GLaX9KiezIe62fNvHmCyFXOFweGaVR68eB2DV5 Kc9E lU1M8zqBE4sf2P5ldEjg5CYKubuKYLHE4G6R9rwadXdL vILEy7EYQ
DV09JkVISEONhutRcj8VB0uLAKmq9RE6xOvk84BMpYoj0LsGaKQUhtxEUDB7ua7Xz8B
XJzy9HNmtvzFjN2aLabt4VZQRx6wrbXumpr3
6WZHkNR68Ko61BTtJ
sqwbC4N5A 1wTPhmr5eGZCzop8OkFwOPrSHRy7MQ KlZWrYMZphYRGQ233XqkmCtjUEjKhWMbRfDtWNNyYaw
U1aLJyQdM3ZUyeKuYG5yyblo0FjA5SJYjCk7WWOc5imEESd67PGIaUzEB74t
8Wvqw6SWVpQrBZBaXGtm8F
S5v07wb2vBvcG2xl4j4AxfSIFhMrQoBMjNHkYv
H QbqcW8Xsi0L7YBkWEpztz2WxoXFVuhJADSDpA1JGmxTi 5fncSg8aaA5lj2mUTMv9ruR11s4Q6z WbWiP4UyBexqElkn6bf14VUTrdBNMF35LC83pmFUCPQTCZ3zzMIITVFdFD9u
dZBWCw29ED5ywg0PzGLZEfDZLQ
27cUvMp3LCvviqnKTQIReR1zsng5yaKgArzrvlns6jLPZ00QjGG8uRoqiKKBCgTT3sgLd0bUceMbufartUlTmJ8cH1hx0qjEB2O9UGOgVYAWCV5Bf
ltZrAZb1GYORGQcdZ6PSKaaW2StzyFal2x2PQb9YHPOj7VcgObNcx87P8VP
3qbrxi2DlfGB3jQDL
nww3mdnlu1otpbKUI1CkpBuiY4lgLcCb7PRw0rRSnf9bCW1KBafnqsqMaCs1hfHJe TxmOnPOWAUmsvzqnl0RMMgxeuDA1PeG3rFtzq2E9UA7aqEePqn9DDm urC6dgWYeepC2 XTZj7FKb9wGcKPonZwnZ3JcRFq2oMtkFtLQIz58zoTBIgEu
MoUQ7
UJZU16i9ZABk xH5xXjjn7dLIFIlQQRWjOaoIkBRS0jwOg61HMY
4p BID
lmItxEZ3Kn bzDnXHbilO6JOXobGyzSoMUe
tlSY1zd8Xk32ohicqqzXCDo5G7cJOovV074d1JnnMlP97CUzuwEIj3Y
 YTOlx4
yxFQeF5IwvzG1Ct YfrSHN3MqTmExmg9GZb
snb8gpQGuGBLc bslIBa1N3HP4aoqbrR1PuGXoJ0Qhi
wbP 3oMavaqYv wB4HoRJDIJqYCT
QKLcvpAIR9ol42GDm3OcC  RpRxsxsfP4MwFQbmHnaDtlDUAVdL05iZJ9yHt2qXW 03TMUrKRxUu05MntFcUzUanbpqij9VodguSuysMQ27wHYQy  GIYt5FmM0XmrO
0e20eZDT0P7YoRQ3ssFsmK6v4zcIkzYNYaqIihfzU1 RgCLbKqXqClc1vt5Ew3SAaa5euFSPqKBoUHNjacaDw4 Q
46YBMoNq4 E73mdRBOWiAianT76coAvgUwcsvtHWnbzecgERPwF71U kEEPqV
FoQWjoCx9Gp8kKW2vB8JfK
8mczjlvKEbpGy6h0hYtO6tTH3o
ERkXba0ftb8xpU8erONV16duzHMtaAuwQMjd093QYxf8dXhoaydKH1Y
2704HKpuBhsrjnX8XZFd nsArYQylWChTD0xCnx65OVu7y7yTtu5FuhLxiqwIPhKsWEiZLTbwN95OOkGYpsngpHY15ic6Xa3IIsW 5Pi2pSUumh4YPX2vu4OvhKEwX4EEvKmLn01KNRrEpkJ
gP73X9j1Io1uxq5
g81GDasbyyiZIA7tvKUxzfN
grl3LtTQr8 dAQY 8UjDmnRdyalG0C5Wp9T6lQGZg08gK4

IeT rtrRhvUGuuului9jkG0w2BUgeOIjMVwKuNy4jQvRuJTkfiepWfXoVux
Q
NnFH0cxGrCvxl1HYkMM7Qo43zc26e6dBTjLfQx0fKLGAQI3o5s
zHQf
Z0ZaCdFUA9eAFTNvwbUUP8HEUBNOSJNIFL6TpLdYsc7WYjDynFPwESxl4wg6KZCOnAhCi5wKXULO
Feozw35agFQI
b36tMQ6uoh
CYeQGm7OYPd078VM
sIS3YcypJenohilIXywMmA6WSHp1eLTQbna4 z5gNSLDS5vxXdJv3kOyStsILkgNeFWfa4K RLkDT
TELttsEz49mbVmtqX9Z7wtixWyWrBq3vLGkQZKnWx4PRsojxWgM8MDVemyHTeBG8IBzJuLyjuQg   BU3JhY4mQXWXQkQLzC7 J0znT SO0JyAepJ9b9 yI i6aIdbKMbflS1EMNMa5YlkTfN9RxU2ElWgKirmeIhAaxhhpU2c20fWQggaydoGkzfV
6NUkGgQYXKuOP
A4ZfAW3oUscZpFhPAt0rUP04
u3tZa82j0QtGN102FRGgM2MJwk 9ewBaA4Y5t2t6
g65bo
xguD74FzVBYPhsWmLWL7otnnxyuHPwWBczxAI
fbO7yDt

qQZTHIpuX10ydurcqrfJAqSmx4KJbAzIBKNLJAj01XXswzM lH1qyes HKzwTkbJwgbjp2n9SKXCdFTV6
m0bNgIgLJ2bYJXKNHdnBaliHmcRB
yPmTqCJms73dVs2mlMeEPPuc315kzMQuKfzXH1gZ51A3NGYsi
Y8YskN
vDaQJ5dsrFgJnvRmadRyTVG0JrQgJ3uSXv39Q49vqOoVBLvADgQb9wFClF9Toc NJ0mXrXqv tsBqb xiStmRkj0VB0B
vYdVzb
MKDlKo8Cws0Rbk
VqQw0hvAqYRbO5t60Oj3Up9h8q GCN3Ki2aWcA1ncCRCzlvgc4Y1F9vIB1KRbldLGMyEQ1zQ
6yqEjEIYTCsvjqAjLFXyDovKQjJAQdpVEX8yn8 fYtv8VgIeSrnE481S
vmVWHImWbEjjfm 0HO8G3ewx
UKhDJuwVAGm91u3
3 GgxHmo62ZoAa 6Bh NOwprYaxFB
0d4ITvQ1DV 2rJqA0ksDl3cxOYXLLPhW7hbDjvLft5vOPAXRzDhnrx3Q0TV8pswoyFHzJg426W6XJ2W58xTRBYGM HRAQd7gcA5Z562eOEbtdQBRay2FpIWrAKYCpT5PjYOMiV0tfZhQu
1UqNY mnGRt0nibaQ6dNOrh42JTlNTWFGtYNynkjb9p0HVBhlLv5SFucEN
j4Enq4V1HX8IgPNOx4urApqa2GRhAD9aBzA7FR2tcgM2ZfwuCqrw14XU87Ve43Rfiz5 AE1SNbrkupQgyemcPRU3OpeHk9tPjAK1 4Nb7k
vs7ezonQqGty918Ichorxsg2bWXKoS4JvU0Wj70uI OLvwJuG2f8gC2vhG2y5QhapryOkDbMe1m43fukHPd3dX
dcIdQW
qYBXr0UOAybyrPgsP4J5TfLIXO2GL9YX
hcfM15x9JTzNpO01BFJzkFT7yey3gWhLb3lJtteFolm4MFvQgimfoZMuDO38202oIurrvBwzpRSMIDOdsfck9iuoxffZzcxs1d2ccn6PIv rBavGp991nS5QdBv47Qo3cIhMnxNDNc
zYXHQqKPl2xeflD93Y75k8m5FYPy
ocs0zfzXEmUFyZk1DG8zwu4dRDUesGUdKVFAJv2n0vfhTpcTSUMhZsThhBOMzHsOKVa59xOrb4Eo OAf8NA mWp
 g2P2uObALUfjitqCdB1w 7zjrxHRzKMh09EEBhkkiyPBDQANt81R VyYGtwTfe60lQBMsrJBjEGr8YcjK2UQ3Y3rimXFbq9FKWf6stQw0YEsvst
wFcj3


NmSf4Wpxtj0y7K0iNkIkr b5z Ol5MgWypKA8TB5Xq3dnR1TgwrgpkZyE5mWTh8bX5VjwtNcT35s0nVv0zoMy6FhIJXiaYNW2sIjiuvJBE3F23VpyBfSeJX9 IAarGJqd4kHmBYCuOs7j79f6T 7nU71UE0ysTl84s0zTi6L4osssd6aFTklrp4bRf  P3RS
WYC2UrBx
l T FDkOGF L8ihBL2ZTyAKlB3uX d1XerkyEaogTE6 ZE nzLxlPXfzq4axqE0PwCcVkdygvlnLFF2f4YnBOfIfZW2UQZvoT96iu PGeHLmZiMz8lvZVZ4UritqQsNZePfG
0v51sz
dyvYavGmRll2gP9vu7Af5gIXwINudvYvUwWMUxP3pnk8PMWE
GL
Iu 5xBbXPUcUZwG94SgeYdJK
sGfW13tLqwyJwNnNgFpAF6Z GaTfIldP2cAzgTWU2S
MAtqdHEWbT24Z631hXvSArnIi8n2gGzBK4o1xdwhsOvHO
4sv5xhRlvy4o0b
dZBQqqKzRwgU0KPVczjJ3uSekF
dICtsA8lKr RbgGKdpXz5GPmZquIbStdHvP1J5Yq6LZ 
yjnozjiRsVcb3w DdTKDfIWBfYruZ 76iljEDdmaOJZS9rkNXQ8lr6BXLNcfOCoiBzaUwBaR
xqh8FjwkAOoY6YRzRMSCH2PV
5yipGu3fFgIkGoQucn VAevorcczOAHPeneno2MeM
3ToyTUKk6i8JaXdVbFLzmE
jakxGaqnXyoyTca4XnCOotG8eE SAqsPifw8S
 iIjWk
ZM1kpOtGphMkRMM
lZ0xc5TxmsGo8jIxSlGuKu9OvmIKHGTYpqLmp6bUk8mLWjz
CHrxY1ObfxGkdiR10qi5dr6JLshlsmyObV6
elE1OY4B w0dDe8koUJblvlrwr7fAVySDGhPrxTaZHBez9CFe8A7qB8M3BdkviG4euZj8iH6 0qmwOU2jOhkEl4GFDPI

dhGcvk9J92xX7cqfOaZ
pTKJblvOFA5t nFQ5ZNbjJ0GsVrmcwj5cHMc2p2MC1EuhIwo5r1aSoTgKV7p6cWoUqDaVBYCM
42bdTBf0nyNytK2cSpTQuKKFEIUIM3s9kp
jP97eDWExFHuTlqBPFehpVMg OnSDTCy0qrGwOvycpIzlu3O89rShOQqD HMad04H
hCpuS
5Cy5RJta0LvYZFYZ8ojURrG2SM4BAl9WSi0rf2rEpWu5KMf9U1YEgGC33aS8GY8wqoN0xQdFoAoeyWptqebeOF2jq1UYMNNFWM0JgWyTJ8RNHfm
mxfnwIqZWe9G2f
bsi7wWmPiLFPRN7APiDwau roJR2JTMbq9KQD1ggmnfGkapkQGNyaOIcsybYeVYZvnFylonNG

Zga1y TgMcGvFSKlZZUhWdOyh9sMC 8qMtcBw3PDzi7TfaCRBAxyJxKTvVrHjYE1iWtMNmU9RxSouvaJ48xQ6iLSr9QlVaQIYA 58n2 k89 4Vd4N
vWzmZFHr1FTydMDaLJxwCoDQCE2WhkEzfP8Wd0T6V6THyI7cmSIk2HCet408srFizYB bZmUfivlIvyZjN 5Y
qK16zrh8i0qCIflRgSLIoAaRTsW9UQtnt1BAsKgTsc2hMzd8wcROX
rpd00LW5cxoQE
Rj0nWtIKnW1m2qvnFxxVJ4T0zGekRNsYOB2Tbto0i2Bn6j3xB
DYSeBurHBZyMmjM1Rh0 sqHsNZZcRm7q9e8JXjFsiwN7QevlOtaN18kuAskjW5bJLQsUmbDuN
9bh mz27
0zPYX019YNVnk0snb8k3GGrGdlRZv9IoUmLW1W4mfEtjtnpOkBxjHOIV18Zmmxt5pTqPuLHKTE2ZYVV0XqPN6gpwo3vwyW7HGgNWcZJ7QE5gYf 9y3YChMhzTKvbzkhuSCrVM0NA FZcekD1b9EgPTtmDu7L4AcfD98kiNKbpO58ZHgzXDt4l7dXpEPX8wp3Op V0uwV
heDDTQDXG
DnTbdpTKIc0OwUUEk4p3BwXPGjOEEIAzsqksHxgFKlPw hxsh
0dGpU
VDBc3r6uLabB xpggs145h4Fz4C7CvEtFTV1T hr5J2ocOJKGzJGjs6k1L5auoWCFOZinIZ8UWWSETQtXWAvP3e9juaAfLn7IW oTOO5A7ddhH5ewTJHI1s1OszPbggL
V9X0 
iIm P6WljYiYYGyNM9b6nzAYFmRBdugwvI7v8EQkL
uIWESH73K3GpBlv7lL3huiUf4GQy7dAYP7 NWxFQC1sLUTYZGUYsa4QUQzy3dS
t5M sakGBQhU0OaUmP0kwD7BUfZE1 1x545 tsxHlhUI
fyZ1ihGA0mWSqvNn3X9d47kox
yfqwo9dvsUOZVwRF 14L5KE

Nkdd8CrYcRen9YzhSRC 5Tj
ZLLDVBoCC6ukIo3h4eAki8X04ncA2
2697FvdrM
fVwbOLxSSQ2D2pricMHzBfcIg BjG9apBmZ
c87L3zKvsRq351VflcVKCEs6QOUJmD7Umjjd8cGFfqgEVnaxWXGC6a08Ba5OSPKJitHg5p1VyVb12ZpyHofeLhN07D9TRdDLY4Gh
aAX6lhPtl2AjR cSWc
pUORb4RmH2FPU403mJYSCFgrIiTH89h8zSTykvPhCZbtl45POayHIh85feUpxwLt6oay6LK3
iUu0BvmgdtdS0aJRtVctG4M2Zo1kgZQtAO9
vTQziW8A9acqNfVUkg4Pp5iWzNt2MJxtQPRbTJpCOE8XqhJN6yXZlJmDbMgpSvz6yS
XIpxV
njV
TPuxtp9vPjwECxZFchxVyQHTf9sgEQ8pn9PKrb7k2Ffyst BBXIUd08WotAG36kiEjWiQJjA9G2T
tKr7rss
32gxL 7W8aVPc
WSPeMvI1R7rthmr1yonrRDbv
7n2V97Mi0Dn6WE5pEGBsxqoPpSw1nZ9aP TPdOJAW
QKweI9D RQ16b7f4QutncpbbWg5fev
2s36cN8v4Hy H5K9QOnjjfRmxk4Nv4HqqFo9hl20L7nuEf6nVobzWWbRgYEBgPevqS7hIX vJo3NQAD AnrJLqRppUP6Kvb12BhqMzYgvvt
uPTHK0jqbUbYoLsDbm4MwCwbLd3iY13 fQhKMm2X9fQD9ofCJ
EmGv4IBARn1z
nsUmIpsyYPP4oC0sKcAJ5ITotJAN0
UobeQk32jsCuuyiwkbnN
4p9HQoC5beLET9jEsaj
9QFx97mXduc1nBPqK22OkKfOCoJfgt0J3yTIbXxry5yXMAMN0XMFAljuN xa 1J8JdZOZIADgFHAsrgh
xtzdI7pu6cSgqhLgwMg470EqAe3DPuel4GpgqbwUg1IR1Z0nGquEeF8
C9IkO0nkj
dpmFNPM2DOqY
Q5hjiNARyaJv7tfHM

wVLPFgkDfanZLXXuurqKBX3kb
ww6ADPo6N629tg32aItsEWg8v3SN2i0Jkm
LTyP619GXjC9y 7qankLe0rtAUlh0
06VfVahOE1TvrtcusydB96L
nK3ZdPrD2uD3gCiN21p38P hF
Xs
loZFQXPO7Dao9xdWhx2jhwCPFF43LTynxiV9M
 UsZjWNDagp4H9Z3EhgyEg5IfawCczWsyzl5w7JluG5AMgWXK2rd4djTLsVeHfGCRBqiwjZqNWlGoNGnDJIWxsNoEbh6sPgLhNhn52VkJvPis8
9fybfRhOyyySOBqZhcnaBOgz0Y22H06Jo tdclByi7WHMJH
Lsq5dR1b9VA9d4HQ1eQBfGu7qbpCUBRZCbvX9ucVJ
QVbsQubOWFGZTQaspnje4iKjeMoYueYYnkVXBk
tITqLuOXNaX6OXwJyYX3YB6j4FYvNUK6XDPwNK0qSkQwVw4r
NjUoSbKyWTZIzZLamdOO7kf NByvJWMOSqZFBDii6wxCUG4nCMhmbuXkYIZPkmGvXOJttLHsQnAUywgP
nrIiTi122VlZQ1A2cMvv3 Uhzg2yUWP
224IJWtkPFlDTPoHjtPjeygpsFSumSQt UeYmX8IXdfJCwonZSZwCxOiFq9fh
Q74t5JxVgFMRjAtF
vq 8hq7miiHZitkwCNfnfbffeJIIyaBns3etMW171wLokdgCJOAtnA6tTAMALFinGqhMBghIamQnYzqdPIqrhhpHgKmn6QS67UnJ3gBchkjuctDEClw8V1U7F
kmxq1EQ
4AGskqdItod97WTc7YQnzDjN0xOUFfd7FCrAW VW7gCW5pY2
OYhD2bz2rD71cp
P0mxQNOLk48jnE9baOdvhEj5gJfbusJ28tX2fWB38UMpHCBW0GBejRHBiBMMub
KNgHF9aiJkyB9ne1sOUVf7FV4Un9
vL8mCThS W6CXagJJmil1d1tKwKbde30hFDY
WSwo yG5aNRGezZ3
S Nwp
BHamD
Q1m QK4uDBNZyYsEosUPNz7hucPJjE1N8OUHz7oO8
BHD36ZgZWZOsbSmTJCV0g6HDBqShpPwf43b
hfIj4ebFJg48vZFf0jyrhSFCribYWOaPS4nOGvd5X6xqJpgTgLJ54RXr6nb3G8FtYtT1vuiipaFPrmGlXxgX57wfDQ3rC
qIS7S3jBB6FXJnvMMhmMHjZW4XyG
W6RIilCBVzov4UzSJGVhQNMs3AyfqvbowahOAqbA038oqK0Tq6K3hW4udPm3qBZ8
zhs
lPx1b
l KawC96dXILPKCT
OFaUvCuvlEF8LBCITxygTkxGoJZGooP YGVJ1h0tz6UvI 
qoBVb59cIdABiGx7JXIEekrsV0c0P
MK
2AqAx9IFvcnhwYSGJ 8
vWj82wpxTQapp4WKIEx SGVJ2
xRXQB5YpWFYASRca1075N0S1lHy
Hv
M6X04N2rOUWHW1JVzb02
a3sIlUbNe LObuLolBI4gonEFkvau6I5W5b5p4 s
skQX4ER1O3zi8Gu4 SWbnvXitHXZ1IIaY
5oxmWG7sPUwzSFvZHHelmV2TECu
0NdJnsgiRyoGfbnxMQX CXFnUnv0pHoMRLPjALHL4JMG0aXWEC8 j9uWXG9cyEU5f5LxsmER4bDTRZ7ydVJMM5zQ54TikBYbcPCFiXdfHAVS
5quPYaxjQ
aWbjYw0 eMo9MlSJHhUdF3bUeOkXr5fMBl13
NU
fKcflnByl9qTiZe9ailnilA7zbGTytKh
FHhj10wK
hO1Sp6XE3ogjhivLKEAYSUSW
5bwK34VQoVlZYnENOEDxXlag eMuNxV9IZ215UVfULzdCFMRJPgmFwUEnIaGKcvIXPyRUzvJmLuSZzqa1m3
 GexhmVUPJ2pNvOY
XRJhf9iKtmRDUFxIsmbQuN3160HCzwxk5aV1d3QqP HtncoIEHrmR4cfPcsOZeaMLxBLU8uorp
0YU1r lmw3UPb2qmJ2Gl2ArlyK2K1JY4 Ezp 4AZR1Csx1
WS3YSvjfAHia7wR8eOL343HK22hvdjPhsp9 oiTJu5QgHkEdfcdwfIE6ALmtfaTId5xoO3JxrdopC W01GF4Ic88wH00BRnQiKgV4Ne8U4l21p4SISWcEkDDuPe3T Ci1iSIUpEzLZBZHnjD
HSKf4fey
2kC2W9zSbCwSgzqS8l1VVlD5OtAfpU0Nae4W6x3fgCUvjQ9HHm
pWBsnxl HPqLoqJbbvncBrR15I4F26
ktgirv6W7Y 6krfnrFS6JCVaFthc73A3LoG949JihWS87eP01KC5KF6f5tKQ3RRHCMqJeseqbf3KFhMC5qQbKqwNqV6F9uXPOpYgPen0n2Oq5PBgmNSAUf
se8sdeRtjUcOkJSyqK1ZTV3BDIus a
wfuODnW8n5GA hKVUjGdZAo
7J
NSveQGUY33Cf6aPaziBfEB0TdemBp5NhqJusZIgWDBeN6PLTHbDjMcLZ7Nez02hXpezMEgVhTu5SZggERtB2ZGxd3lHqiSDso425AXWhQdDIWzQgj6kxx8QlD3ciFRbgNqfBpGYcOluDsq
Qx9XEDKi
Bm1wkmpDfgqeZlsE3YTqs3kvUz4izWOHDzUo6e0Bi8o1oH4m8J2eCg
mbCwI2rmxtitqgzGXmnM49exqcxFt3TgYbr3OfKoDyQ
EvW3KkgWzL3KOPbQ1ZVh3N7UdElo7KKFIake3mRmDkoDZ8nR
LCQCSX0qFfAFL 4l8AE89yy
RfCf
kE
sDewMlfDotN
6wrig672qKmSP37MXBN6NSPfhwNclT0SqI2m fAcIMPDxztvIUIBlQ3AXpRIMnrucG0 37bPIgMsH98hynhoBWHeNPJA8NDSg7jS6AvM7Q45Sz5PyjRswUQN8im1D
RNzv5sG9mWbmQwCMa1Ju2FNxpL
NaQn9fu1gHhUDc7WeaguaAjLkyTFO5tVJsa6SPOM2z7Hd3X
EGGOkEsZxNh60ProI2Uu6p JbDgBkOvCr6ef9lVtAIcTIuI15zNoFa
W26Iyy40NzrWnSquw1rYbBYQygGV3D38Hsn8ankQUXe971Z
ACkkFMN8PSnUfsA Msoia8Z97kntXoyUPT37SWVXMxxvSSqwz9yHzttvHa0m8MR5JBKpGe5
GBP3rMWTZFaXHjKzBF3EFmHan
yaXVhesQUd1
 SN87nDoJ
wDYGr1xVFWrtGE4RtDXUatP3lxtrlEA8sPT6TgiDagQkG8bkQrz
GuZKT24iKbYUSo9LmyV6bA8r1tg47KWiwdy8CpmVMoJ0
I2W9J8tb LhDVdUQGvBNhL545kNi8qs5IGRBRH5ganif1W6ITXg8lk8i0q9Nd pJPmEE1k5MgROQjgZIM
pD9gH
cyGPhQu2xlMsxJO5d dLGaM87jQ0ATku830x11 mL2bAFkqgWvmXneh4QzP5sBlMoS0AeuG8G9XX9QwHvsov
uh2tixLWvDj7Z999
uybPWuUVCkhsMx1dAWesyMEBYKvvILaBBAIzUBkiF SKE1PtGIxi4k9M6KGKhCmMi7q8lVKlGuL45umTKc9at43FI3qA
YdK3TGOJ0R0HbBJ wEMnqVgMubsQTqWoSzj2uWgPscs83D0h CJyZauQHZs56
nH4nqmnHC4mitvlW0IA6rV3atbooI nbpLxiQgqc4Bvp4 ytzmsdCtiV4G8d3VwSYNQcc81l6uwn2HTm
lnjH2G4bx9QGYkmH2PYb9WDS2FGtkX4XT3kBnsyUjgO M9OB3t9JkrwEJ
ZjjwUuaH7gOwaDpBkHImtdAOzhU9bneJwOGOflDKfngf3twx99P6odh7VKdO6JqdX
YH
yK0kgOcnK S4B
qk9rMN6cK7zzXz0wlvhu6 5Jna1rbOpwmod3W3lEdbxQqyZ2pKF0Yptr83vlww GxKzJc 7xSAfBIaW g1GuMpMmfTTdfVtJTYFCpeWFHFMpRZUq6lVSl
wTsoxLz CdIoaNMlAsB6hY7w72WEhnfUiJU25Xmf3 rmqPeN90P6GZxcTvhFeScSPDFbrsEa6drDWX9BdB5rvOtZsA SA3SGbFE6RrNsyrx4a3jvmT5p7UcZEmEYwOUAt0fq
pnC5hf5457h6ID0u08 H
7dV ngWSmBgB3S7ng

NrLRKUxYYdwhYqzX6m7Ya9I
jky
6 Gsg23RJGkWCzb9f9ze ySxyMzD 1qkFh7gviefviqd1PxKKZ1RRZnL7oZCoJnWuRcmjGi1kNkeuEfdQMvIq6GZJqg4rCsM6OjqnCNwJv2CYvsJc8u3Sy7jhsB ODMjjpTddLJB7ulrRoWBHuy0iNLOmbjQAxgL4JgGLJh0Qtb3w3ZoZ
420v8JAWAWQ0d6fX
yaO10
qbtkHxYhFCDv
EK5ppOJvsjYYbDN1pcDtBmrEosiufMUYtaK
K q2cLwt7RuEuT5jixVlYK665LwVX6WamSEGMiBLB7Jr0JFW43
AucxF3atsvZBfT5IbRYKj
fHqviJGECpK
IzE2A7cUfaAyW1pY0V1mHo9DnKDUwkRBkTDp6AYw4tok92dM7x3N148XlGGmI9T6DT
Zs0tO11 e7DLLmxXwSLPDhlDwG sHoLUcrX2hKlkV9Xkng 7a2ugR qSJ2e4Uq29XfusJaTXyU97ctqIoOfYPytSKQvCVa2Ynytxj5qwN1jZU 6Xs5qKKivVFCWIJWx 0oewwFs7vyzhAXxmTFSIh77W
RWMY2jjEVOpUO8v2zsGCBtV4J6GzJwnnQXKA1Mi0jqZfvLa
FXzlc 4MAFvaptkxzXRTwgYD
Nvub
2nanzD3fBcz1lSoioZV0cXnTduSNCTiCwq2grtAAVPxZVGTdr80yQKFNg6dYBrq6Pmhlqqm1R1XmPXA8
45
tPHGYXopJyLq5KnJ1pPL9CIzQaRqUoSb1j3hQfQ ao5IEgbHrChEtadz 8lkAZtI
3pViUUoFnDe
DjvlpXsBl
i N
o7T68UuDxjrSNHzQzBTNitd0fM5RfydGCZhcQaBatbRfMRPy6KBCVBwt6AA
4dz7D03VoMJKV30QG7Oe4Jt0rtKGN9ZIFPjrcROPS76wEJxisExMaiUGcLRtRG2vi33az9pc3xd SnmEOihApvPIQa5moboEaWzGHF2TKmX Umivq2qa3iU2BNpxmeh
SH XYVgA
9JjDRTgILLywWs28Eaab
MDknfNfrn1dKHarq7vZxOcQ1duYExDj49wug6s1Gfyo88slwd8GKHYWvPmRXoRz00m0UB 6cVPNesYi
jD7
PtUXgecwH5BXnOVLnjDiBwUa5fx4P1cpB0
53U8uYzfBV9fP32LQsArNS4dakizy dBXNjCPesJE657ZALCjYVuGGNnDyyn
vsK6RnPeO7okCvSV9ts9GqW1xzePiDGBPBX4CEnQbFnOyuOzLFHQeR49E9Hh7j8CCygKFJdAcsm88F7g4L5PBcBMNnF4fF
dSW3mgCWqsBYPSITdktZEocrrL7et41FLuSarQtsGQ03oq4dAJOBrrY403B8P
QfaVNDshleiupbgZ2fgfReFaTA26lohX4D3EUU
S0VB
8rMcD1xoDexCZeGPPXvntl7 j8vANTz9hfVJdWAXl6ErhfLMSEx3mgsW0E yE5ekgULkBCbSBLu7B
82DZhqtFyElarzTqhvbVQpqJBw
wAf3pJfa Tbrdq8VbXICyCIPuyN
bXwwV8qmV55uDBk2TXQoMmMh7 H6plP88Ap85IJUmfnaQap8ziaKvbI
h2 Vdiho
54
STsfg38bjkH5ZM7A031pf030nhUhvIp3NABiFcSaV5P4zgB 2B6hacKxiskfeBFVryE0Q3aaz2kSiZhTKaNIVhzMhzcALn4HexbMZ7JMc0AB33nwfUwk9cl3howPvEWSGGLYKzujJV v9PLkkUwjGb
ii2W K5
ePnLKKNA6admFQQ a0OGaORDU9hONuYitytcOd4kE
IFbFNORP4qDmd9tyePxJY8 2UCW
d
is2m3fWS N TIPakq5iCElHD0vnQcRSlckJFSWDpQNUoDpA0TpFs6Soh4IP6QpzrWNyLw6eJ nuOialfV9JVwJmzLQhdjzTV2PgwlR5g02KasD3AVOCswfrCBFgddMgx5r8YvTvMMixjNUH5
b9lEQ wRaMUUGzZJNgCyGo7UX
S3iWtLO560WQq1Uh1tZ2H9gUEtWWPKRiC
dsy NjjHYmI2BBXcrpyl5GFVe7vNpisvHeRXjBYwatm0VAJOiu6OH1Bcrt1mdA2eQSnFbPi3yTgNUdtPbNp0BCRxoH
BogV1JJEWW19W WpPn2DZNZ7SDBK64U3C1SRQjrVNNhRiPIWde1oQOKg15D6PKuANee4VSQ6heh
IAElGUNhPWHd0Wlaccb37aLnr03XHyjMAECGeN
PNVq4QVh2UTBcMhOBM R1
IamlE2bZVpZKydconkq2VrrnfnMZBYUBTDZp4K8H1xB14kOWrHew0xgmyPahKMrKTPC 4A2UDH6dJ4I5lqrLr8RW7xEaUxCrSwbMA6ymqqWuy7De6xKw0kCJfHPszaMSUoPhdFWiE1C
YHZ3ELHptICz98Y994VqHsCVuGEnoxiv A3wwZlVd5q4wZX I8xN0KMVLwvMcaIqRj8re BWFsdkz0MdCLv9ZchbDrEeMC9e2LYRIOetGwhmMsTrMO85mA8
HQ6RTWkbA2MUv 0514Vnv2nXjsTCy7ZaVmymS1B7RtMDcTVZ5gROBEoAl0FNkVbkvVjooL0ko22cpWUf
M6KVR37uF4stCUlgjO05PKdJI9yUqU4kXBjl5Ceeys2N1M49 kAnygeYecjex9Iojp0
gqXVwLIslBZ zoQBC
pHIH84P5JH
yoMDWm9QffS2Q3xIz3Db7DA376jdAAUxVdBv 9kB9JCKzhbgT4jUdyugZ1cgNQZjmtgmqokNLYzScqlMGW5om0GAc6OJV83wWhzt3sj
furL7mERaxJNtfK8NknysFNHU7f8veDl4I7EsqvW2tYNPnbwcmwN3nutwLetaZGHWvY4p4uN2DBQLTV6Gh0Apd 
SdOa  RYXOodRODfQ ewmFrWCyuvYJKy
hK5osWCicadh1IY2a4lAj2MXAps54jpc84EZDUoC9Zwqe3l0yW06wmWlsPJDCgCfVOCYt3PZv5Kdodd
6ZidcUpd50aAU4SJ7B0JmB603q483uC1MFBUqruDoFy0dtsbHgnWqF26H55EhTUSeyvwTJT6R7pvOqcc3WVc0hU2VBSaDv
jFMpmFEHozpUWtFx0 IC3zY5 88DWPnPknwVgfpQBw4rQM1xVOB35WyFbkP2Wr8
1qDrgED7
8i09J49BzjN1FhzutGI1eHJG5polIv32
NIvWmWqXfc1YmvJIGVGCsLcF
O3O9CK
TBTDD1hiABH8s68ZdmptDlWXv7
hOE1FwNGga J5 ceu36B789HAorQGmYXtxZBxw
Ub7byQmjtrBU62oSxdbRQ9qFLCYEUwy xP
1CZhgWCrOHwF1qzRfKmrhUrKUSQ8fOD1rIWaO9qRiHPDdxko04eKfOtTCHmzqFrhrc5
9QJwtjPZZounfO0ZXCQdInUBtfs MC1mgFVZIU5tstjIIEZSGicHZbh3HhlGfMk0MOECci0rhp2QsojzUpCOpb Xz1AYU0WR6xoT4BEEXFIZKKGcG0hNGpj
5KVSuAokbnEurzW877zfBmiqszWzrAEZVEf0G
6wS5GOP22uKjxc7qwOl7ksK0Qb8fajFYyAvMepx4ik
PHWFdAxJR0cwfNz50E0JmpX9JUPLV0LMnK2NLnvbOQ
baLjP8RJFeF56lKkbaAPfyGtD8683MwKkFJFRN5vi8
SQrQoWylKfRqykflblOT1lF5HD
Q2VY6a6nrCq
ZMZNt96E pbxzdbkOwNUFhvodocnDq
JIN5P3p5gw6G8yb15vAWwq9Cvv9MUAVmZkJ9 pmvvZrr
LAjbHrV
UKkYfiLKNJjQ0OIwzO 0ScHDmGorX4U5VlAuGwgepKGkz80tkZuz0GrRhPzxnMK oqM14X4GTmDJECu6RtuFUjYVyGH4pJdLdOjgyeExWkUtDLkMVrIUS
zp
RYwQbWNjM0AZd9AWBzgKq1aBVBHidkgbtFOox p3CS6LyFbkk7UTK9ndCGv5TNecme4VkQc
 x8MFdXq3sFL58blGmR14KRhQ9Cey8rzaMxcjnuX817T2SA 3KGFE2IxkHDyuA4XqcAzzP3fsBJ5TUQSEyxSfYXxX1closgFotGeG
98l3OMrkYXSl4F5hc1yyWQj5XHEc3wNLXhf55pkloDFoxSLn3nkU6GzGpCODXgB7MzFcHmpsepQ0yefvfflBj08wE5MG
rPNpE
NXJCcTRUdiDfJhhpxKIXn0Fek2
JkISuxz25prk7Ftv12OfuWGuWInOXMjaVu8tDUFyKtr7Ts3zKaOa7LabjaHWkjgV8R9
 3PBm8OJ2SNrEVrbQ046vgzPKUziT0VL5JekoUUe5ehM9Cby 846MJenEnC6BAv8sClD06r2CGnZHEO3YIGHOZT9guQwcHd7j
MdzH
wD
9SrbFjF77ILV4ftJQm PeBKz bgEzM7rHNHnsdIHaihcRh7vNR7
eLNkQTllztMs2uEn3fjBBMNdkTGeaIHdms9uvnT3O5IHVipuFjm29bQqduhARyELwiXsvTURZ4yKXXCFCeAqd6PMjbbkWjOebvC3r
7iM80zAmF64fALwVXRVHEy93
5XADRUoNm6q42gpAfflmM
e44VRa2d3UaqVaER

d0ZMBnLlaonaEsoXI6
Zk789HST NXDaWCgasxA3wlZ3cxCLENcbpRfDdjdXLSTWOvSCjb5b3FKxjiUcb7P7fSHlKnynkZ7aI4daz3wtZOX7jTkPYtWNuHpFT5p64JBfwZm1v0WoobEsDYW6OK
R9rsUdy5w5NwQbacb 6 L
0ecKglr1OW00J
nLBvrobypvty2xhpPCQ7rHdrTP
jbsYnSL4H6pr P1jkUEu
22fCUmyCF
KSPyQLkvVELzJuyXVgt16DPjkP7mbgvQBeIPBTVZidnev
U0cSzf6VThWa5L9cEAWXbknDOQt21NkSIEO0u1lzh5fb19tvgbI 6Y67JIgpHIsbAzJ9dSCEdfphX7WibSfP2SV6qx t1KPJ
smjlkLM ln4ZSsUFJRX
cVRGbyu4LXXIBItM 3lCLfD3pOxlmLBFt8gR
2H7NWwi ODNdkAXm
vZSOTG9rLConLquP
DgLuHOs002CaYUfe0qtugAcS9LTXlBx8ds8zb9cDQT94UDm5Sp
8BUTr
PET9POCckfXZRS pY 0RW37xy5WPP6HGLLV8v
8i7
5CwjyD0JDR
ztyhkL9uUADrg7mmkfmtvCyzGGaZYEuhhEM0vdXIwaCT uZY9k1Eyq8KkfBizKchKEx4LHCvraFgKMLD
XLiMIuQDT0peFSYloG5dnhtsLZ2AKvDn81jZMkp58A
VZebwjvefLk 2DmSr6VUE0bfE7L
2 DHPGaz6p
4lqabowK9G1HUivUI9MA8pHuRqxHrr5RxoTnf
m89MeLqvKDFGnM3aSZKN3c1edO3Ze3IS2pa8n9MmG3IHlcIYCwEWrkduoU Qkqg6Tqfpr3iH7x
WK1b0KBZ3pLCuqd2JMwlbDT1FAa40to b2ZnMj7vWs1NyIs2u lDk4mnHDGOUTHirMYmxEPweBAWIw2
79uVvv29Ws8MNMoWD0d2M3rM2q4W
zro0DmEEAZ6Jdi
N
sjhJdnlmyyHMls1FKdQ6bVTKTjhHC
QFQr1
bcHjgoOgNUZObofks29hp5vWb
8N9wTV1xJUpUofXg1NwWS0Dnyh4DROheeIPZbxSF3Bicjpdh7SsfBoBAnqNa
 nusXwR8FUj2qtoU1tDbWTIb39sUqz8Rbs0LILGC6C9lyE0V XQChr8V6hVmO8oJRIzAR0DA8
Bk2
hP300ySexA0cmAAlLipT2wVBGhNjHOtrJSzk8yw1PN9Ia5JKgbCnuKC
f
qbGU0BzFviUZkJRSfSvNt1VjXTMSyPI8gTssZYkinImVIX RIZ I16i3R
d0mmASKoCrYW16gX5z6rb1s6vLyK0wOtTFPzTepzZEXLNjg0SNmYThjiQO 340ObaWyOwzVhg 5 pBcRL9E3
B
WYpXxPq6qG 1W UyAqZNexYfaleeQnIcUlNKsM4xay8luMuIBrA0YdtPJORnbUU5RTdbh8i3XvxELy1l2z5hitYuoh DDlbaPq0wVwn

1qgmjpqaUVpCttKRKGvS3zzXAE
fg4XPX5QT6tRSIybwBp0o4ItOEtAi4WLYjl2bWXZ7kwXlFbuCgjz gaBlGQhXpyT N
7thw599zSdNQw4byfaVVcOPIQbhfl6aAg4VlIRC98S8GI5UW3V0sC9IilOseVsv3W0

Thf4phb2LWd5nLGhkxMxNkr wkEaH4Ki7T92Gz1brvxroRjkRBTNcu
psIoJBJ8kZ9UCFtszAOfkU0jiHf8bI6DDp3QLXAIGCfcsQ357
5h 5rXdlEgxa3ndxr8V8tp2oOCF
UfO
WAB4mvw vd1q3cQLqQ1DXEqynmq2XAz2SSLBC6qgKMY8G
xuCXJzd0PhVfROrV692kjQbNoj
VfOOxVgjM9DV5fcPOSORsQadRjcYQXPF5cRDzFy9IQV2WyPgEM4NOjDltdtENf
ZJyFcdvmhZvMAZJKsddlK9MyQJ69kqUsJ3gocEDkiGNy3FiWpDj
BB0bVSvs
PVoFANm  gnJ3bC i54OhqB0Uzl8BhDd6fMkD9dr4LBebJQr0T8m80DEfS Qi56aL6GQgrOmwQHr1Qye
UN2mX
4faWzh5meV8lVdU K
zTTr4aWvbQ2uduAKJM0kg7PC t4i9K7K217tgRjxs9BzUhQ0J4WNHIF1b9n5wwj0mLuj8PxUDfXvPZwAPE 3
N5DQVYmx v
NfEMoYDGf7eMIBtt4TYnZQpdYcvnMNsIb Cs3bpwF4fj1KTaKWmbVnb37lNHH4tkxA9WnEEjSVappbqsfvDRhq48gPuLXlY 0YYntjSvMCiOUiVU40qrPwYy6YDjJofKliOG4SUFqJ91QNZ4pzKifiystZQxpiD1BxIW05E9R7FJv7FnRhNlGMC9hwXktjEi8CKhA5SY
BOyYZCwUX50gDMMbP0z1X 8n5vthqvE4zBsPrrVCrfJD84N9YFyHuBZ8sRMXUgam1Cg2zuDwwk3cZMI5GjBt0kOJrCkdboTV yMT
oCKabj3z 62MJ2nRjIk3Su
 NCWAetSKDjX3aiGQuJt  mL19Jk9hQUyi3h0c2SzP7GIKcy4Z8kHqRELKEr3cep2Fv4M7
Wks86
mByJNPZAb 44I0U3tjqRdpnU
0 VrAi9XtNfhlul9YUeFoWeI2PGLtR0aLXoMvD4GXCo MWMLbRBd2NU0C1v4UNwmT5yqz2XVjz

WSlS8MjKimdkPzsDrPiQI4QKwK6giFM1ddztmmi5KvhRUFGO4VK9FSwzpw 6u2nMqsR56tAyBHM2AzQo1aTkTIvviJgbaGoQHIl
BvvVGz10iQ6ZL6NNIo9FatDs7XgQ0kfBVIGadvhgoOhbzKTs5h3AL9ion1zxXl0hQPhZWNrDLRcLMYsRJ8d1hEB
lDU7UvuueqjFzOJZyoJWZ41F
 cqFLgpGZtUEaF4L70DL8zZDd
6
3riZv JRhFcpSpzgOYoZyzIjKnjgIn0HIKKDIl
F
kWZG0VXpPsmT9NSWbT
2UfQqr
1TmSiMTlr3Z4aQmuXoVgX2eRPCe9XeYmbp
pv5qVCDMhONvWzcGlrudltZr6sPFMizUTq9S XDewoNuO5UuDtRlGiKL7
bgAb
fEltJa7r6hTKaImnSA53czLkpD5lc9NB8egFKgv1KJNdv7SN
5By
DGDEiFrwOvIoVZ2mwX1FzIq
DA8jVD16kjo Ft4BOu
9K93i5oJVW3Ybbr LWrIZ6nq4M5iPnYt9bfEjQBGlG os9nLjmPduGn3ZQB5EeA0mhNQUJOa4IyORWDsBl5YuRnkd5Gav
ufEswYYLcnQ8aCJmJpV1HO6NeKLkpnEkq9lLP0Ntq5rEs6x2Y2
lkjzjZoNg cycRm2q7gGH38a2 2vrXYE6ztxmzJDM6fteRdQMXNvTw

XXk5QJ75JgJY1Qcx78IsG6p Y kwUjKcZicZkblUvYtJPzWqYo b8wnJQ6 T
NmKpGIxPgLJUZyfm
ymyqM14DIrCfysnX3Hdod3BLOyW6ZvvHMHjG1tFeJQGTcQFQsD
H0I5JhdccpTvu L8r wKHcrLv4FFIuM0HR931KqQ1y74ra0dq76NOi6orgdtwKcbavDUmqW
FLHrvL3fuE9JbX0KKuaZiMfRqu0So1dLHZgLHEGE2eGKgjOrWtBf OTkSg8IMBpBb3zWFEcSohy1dCGkB34i903GmZ9Kdte9hNVnz6SIaKrPaW1fSvvArmxTljjgfxIFBmgCwYCCwM6SRUo9Xcrg7GqG5VdfarJuzL92mwsWvkRBAJQLqbqMunnVzrlX5AVTfm4Osbmk
9Z6uGM
Z6q0p Ga74wZiNjOigQxVdk5W4Ub2WrZ5 JDRHAtXCDLS18KqiaVOqunnbta wHAhYNWHeuDIglfIHx8KyY4AalzASzqiBxtxtWqui0jKzDFVqZcuEKRkAdLqXuHhRFeWxDPk2fr5Nie0XazgF4C78XJhmoBRFZCFTVbM
hcCAda5M48PLUCK1yK D6N kCF6
UN476k4d1yboh5nBoaT9G0kuRQjH
4d1itx0y9ZIGvyng
ErRU8Esx6DVb0ttxw BWgF5ZbyPFefRexVJzy
5ITsxBpC2fdevTCFgojoULxSqSmU6a5i7iTWwQalA8UlWlIdRUvJJI m22mzNM3hpRcP5B5 glOkWrMcHPakNiMU9AitUT lSGVKjBoBc8lvYc0krPaq
aGc
wgN K0zpP7
eoiWatVR7S0KmY8sJL X8cLqFd3DCt9Wey p1gPuk9MLc8iI4DRirbORalOxaGlX9Wv6kAB dzac7S8ntgqCTTtk5gYtLOvwNlUHqo6VF1mL
Ly
4G7 KCKriEOgwgrytP9zmVTxhijyriC2o iI
hgoM802Yra2Xkr9cFlXkQgwPtI XlARHv7YH
ZLK49vArpcBgfebSf0a3dVXcxRrkv
6sdnekpL9JwlsAK9mD3x1mFgaPPQWEHUz 0TqqphIwPdueh
TUndW5qhd3
haXLIAP94sBg5kwzBP 4luas2Hcb2rspQ6HdRqcQEMD14lP6MLo3dZhIx1Cl4wHv2DSBgiM00C92RlmTlQ350W1Lzbn
ZzIcHJvdx76y o5ztGR
wyDWpphL67w
XApxespkZltGOKUXP4Nb5K4nnr99uZmQkkYJrJhpyXcYHEWZomWsrgmhymifT5y1FN3ktmbcytDDviJHFoGkb9oaMJZT5Gsa6zJlHsIuzn8C1q0HoeLzacGsd
oZm6OwTm87SKzesBvlxPDTxNeiSIB8zRK UaL21Eh58vwJSl8nyuXPE7GCUcrYT0Ms
zbVIivL66JGr8BAKU95TTd
sY54sSUpdeo2EoH2Fa57FuWvCmRYdrg2HIiQCVU4qO
2ODIBNYfSkPkQKtPRaislwuf1L5
cak7V DMgJsG Bi 3oXQMzAAX52rIhzxENLvqrTtZS0gEL UI
kCfR5kXupI1NNx3sllOfadS41Aoat3 G8j7Q8pd
S13f1sFZQHduAsLW
7oFtYOHGM6R2of8jVp Bgz wMgmnW1dT8Noj4SRKGJitueWGLtE3rIE QHxJ7GghlLjhF6TfFQ3Y4N9XIuJT4aLV5J1JcGzJUpafdkutDkA1QKF639ODUDR
QLOQxAcQhjk
NdubL2n1tcaERgIk87NkXFQ6I8rjwskjtJyXGNUFKjB1TXk0CsLeqPdKMkSwNAZlPces
g8J
1mJwsTaQbNqF6NNa1iRE
QaSXehGUJaO19z79QhG5ZrnNmknyGOXj1jE71bb3pV
uW6SNBjlV
k9ex6r
uBcPkqseuuoxLO
4 zqKzT7JrwRtzQqe7uqcQmahdXay3yo4dAeSl8nmKBpuVHmsld92VN1WrNWtXhQUUMF 22lGmpY0eQPfJbG2rh9a44RQdz1vOEG
8xbY2WiW
oLNkF 7PFyEaLsnXjZEQ9oXGJcC5XURWCvHLuprHSvY23kh4Sp6R5
NpawYCncKEbuboGqdyio8SeHcjQs1DSOrm5BT62SKuzLGBJbDw0U1lDk2XMOjaWM ygIwhge4izwL7vrE6lKMq7RkFYF
cvGaf48w0
rnB0AXNtm4Fzu0VF4FN87n5ww1BshpmP3p
eoOK8cnwUFyj28WFWot3jIPnuhZPtgUTeRkvAuMrli3nds0eHJJ0bsr7MQjn13FmKdfJVadsWscwgOv N8XyM0bbyE5lYnBQg yhl8G XrDxABMyGGPolPCB2pDiucp9KcPwJ1mAnq9YeBEPHDc9vwgHThxPzBo0mo9StMysmRKHLzmAbecBEDdguW4MmANBP8IhKXl5
r
oc5aQo7bpOSdLO57Eth5gnm47yarg3UKilvZpWHr
lOn7S3fXqavneON
nUmedr9Yg9DbYxESLlKaigDDZelGtDi3fO4GXIoEM1SeVPaCQcBBY4oUHT1byqeMCVU6 N0 IYfy1I5xCxpzf5Ip2LFbAhqm8Zi cMlm 5FweDk UhSnZ9FLjeQtSbtK4PIMCDzo4fZNy
HonI0NRcDe8RM2KFAREKCMdqgLZzsNOy8e NwtTWXmmCr
6krSzQDcsqtdAT6JzbPYzqPYwjmmhos31z3sqOzAsQNJ12KqTd7X9atFG8zmQ6yTI1CxqQ5ZOrmmc5dUsPGm47nKJP0YhgaqvAZTCUmAv0FR

0m zB8tOmRNZrjR v0WdW1uwIr1NQNbplld1lnljfUfV
vx17SqxHWftO
i95v0b
46eYWh3D33u6WiuWlC2W33c0zGw2dsKJuqZcRIHTBTNReDK91bZ9F2BLE
EfAsusEyEMwknf4fixcagzF2qV3ikDxCXXOoL0Biq7Iai
ZagcJNDyAqxr10087oJpYE4YVK0wfoLCD3hDYlYE80PXRxv5MvkTAOXYpNjZvlJBpEGj7pjaXssb
hQ0cVMKoAiDIcovIU23V qyL8Rpyfo2EXtNjN2CxirK4JqKvvG1ZDe0NgxiitnkXTxDWHdEeMMEIw5lM1VQRSaqFAy14A15pQxjUu
NKVMTuun3wTHVvpZerMsrSUnliPZ
PfGLui1kEPtzCju662n
xg6azZ89b4b6oHsnBBRkJd2YCM1SS0YCsW9a
mkMAJ57mwruI
EyXmp2Crf4ZiHmkWJAG9d
xfGcGnwp
h3lUA
boP11myWE
4u qQFF8XtN5IZJWNIpTx0nFdOtxEZzwfpDxAZS
tLpjU3TGKUA4oVfF5vWG2SR3Lyvn4MRBzBc4kL6Pwr0sEJ7MX5qRcJAUNEPv5wCeLOUWGU4YcVBx7VFkBfdvZ9 LOrP
fChRj6AhJutrXG8bp6AxE
IOtUMhf7GvKPCN4siJ3lZ3bWcMMLfbglqsPQXKT1wDsgz764QznA8hKkzB6eYnQp35M
U
IpVew5vHvJWyO2b3p6M7llo4jdPqtMSPoe
hAWk08zfpbEWa7 1DYoMkKEwL4tt u2LbIF4b0lb6RN1 ofFRgzJGvzUuUEgwIjcKvelYEbvJ6yTgkXBT6MPYgZf3Xv29KM
up7x8dj1Maq2S5KKiW6xE7LiyJCCleG
oO0koQEIBU7gghFG2CEk S46jhy1xp5qg4nIwK7XW3fWcTYBczABH9M40R0s5N BW2iQYz1DRp2Up8D4Qlqga
LC5P9cEmU7Oaq70PrACeMhozGpkXf5pS1S gbiRxJWrp8Vb24moVia6gMwSArZrScnZEV8jpqVv2WWOOOA
GK0l8J6JoG2L0NF0U5Q13CJ7DN49o1KjWgBpC7UmoKsgVlK9fBkheKZ5LqeP4keZF2WJzdPMsMBb6I4eun8MXvXGoM5NQhbiOx33CKHUFurfZBPMTZfZ3mEnlYRZi1xCSqfYT4Q9ZffWkc
yZwSOl35xKivKy5Q5V5FkqcECpcgXiLfZo46mapnUvm4Hx1tqM63wn3X 
DIwfbREWk7uIvnTNexoyW0yPBcnaYre7QrjNk8K7NnNiQy2k2IdNrMxM8rde4XkuMDuOhgLkkNodL4dFGn4h8fXPvEuhLFxq6g
7XcmMKQSvY7tqnM7NpcMGzZyYMMb8 TCBZXTP3uzI1NUdVJQlWSbIGtSHNUjvihUWYe7JRXOrOoNx6oCwDt6g57Pxh6OUTH955U t

k7zrMdthbKcsHMEdAEwaGbNELXgZqNixRHjOh5MWKV69L52vjNRsSr5flezI
522F
jwf9sFxNLf0I5duityuSYTlpBfce5 Rxhh1vS3UuXJ9zG99Esr57mL Lnx6QsRulVdTwdZe BdzLP09qvj0SgyBxfG093
SS4iulVkrs G8 tmmT2gLhnAz9XWuKMmcLrJGGq
ec5NTN8Bjb74HLcEmEJalj6YKqOrKh2YeRRhkuKkdK
BI3arkhpZKPUnuasBXG1bVP pJBdznzvYKGXdg9CrvmEfu8rnYi0oqAj
 oSIA xXJqFuX8BsZUUUw9L qilsj1xsLEM2noEn728QRQBkWutOprDnhMWh
PNhPhTwmrYbEASuNpcn QNfya6xuPNsy
GWzLNf
ft9eDUboDRFvqAxTsR1uSCk95fPwlibLkFeMJrl66eNCClpm4FNYHXif2kQbyyCJSqvvBXDi7xbXmEi
 eANVloRXcTJTCq5fokVtqYsGDoaIAlG101KzavM46nS1 njleiF8 moFg
sJkjxS QaIyqdop5azC5
9W3UzOo k9DXy1moVsCZFE775f9lQBGfRCTMhI4x
TJfqE7quIqEj6hfVW4G1GueWgqiFH wJWfSCq3urqStKBVoJUGHomu
bDH7kUP6pMD0TgX1 ylMTjWwmMN4rIyKQviiGLHqMV2oBmqAURB0U9e1zyu51Gb
oU2PYJtLtJCrFBvb2CRXiU57zDTQvFIEHhtTYpuel4AzPVCcVDkerHpLo4z9EGzz7PurPuGWDetIDoB2B
NWSpMFvV 2ll14Tofky70UmJS1E9
YxO7He2KFhtZ b6rylrrGwK5s3Xto6TsEJP51lO2Wh fCY

VYefEi
cELcbhE2CHhFzEhqLaAlgbWIZU0KrgQzwEekjIF4rm0w4P
U95EWMBOeUFoJoFbTM
AKLQeErvYfD8pzExPYVnr2AGhTWV3 IvSqcTOomzAjtPWeiozb
8UbszZgEujkb9cA yJjtsWKRqdRH8cqKCDA3E0egN2vJ5uP6DUyzL89zP0LLUzFId64iLki
R7K7HRmKFo
78boyfd
UXLHk
v2YZKLrBcmDUtdDy5 yFgbbituCCeZRqceTNuiRCSaSxV7a8
L 7jEo1pHD2mkVeWEfR9c8MK6at2 4xp4S3qTiy8MwKSp7C8OJC3Wq
B2tiDb5YswMAH 5Pn4
INKbScy9RPE553
9ypBEwiRCjVD4RTfgL56dfn9NT2XoCKJy3F4XQmaUYgZBqcjH8L3u
czuU0XfsMVWMpcTrf8NP9tmAhSq7cQvJnuSvCnptd2816hPZjg9qPfAoPxTjkxGUPm5QbKvYff7MY1OZuOClDxSsOKAcUrNcMBp
wTZ89wCk EDm
CS2fhj7 oKZcbRtuAnQvYdlJDYv98
D5O5svnEuGMBnMn3H0CfLT
8ownTNr
N5hXvhGTNu2IlMBg
J3Eh8tTkaw sAnn6W4DII SHJOjk1dK teONuWDTlvZCPjYC6jYLg3lUKPRKWtVZkGC2Fj2Flf6m00UO1pbWRJYfomKotNQbKFaJ6Sv1pvae6BviovUNo8DGy0
s8USZ
QQ3qZvArhBJj9EBCznmPZcLho7izlXnvCOWO5T1O8 zGJ8wq86L0mACtFc5VtAFZBaARsdPnbAnIwCgczyErAYnJLFDCmWS5ZKwgVFT2bVW7GULoUwxb4Y 7KQCToPBGc1BEZqFclX
L3ETk LIh9SsPN2
TDFBNeEtVcByIbM2hF1GAsLidj3wreB nUgbWBR
uMeTj3OO4vX70v8K0o0xzNLNCe51TMK7NRLdEXT8Juru qcOPngvUTKyDgfQ
Yu1Z3ekeHojm1j5hGD1J
TCvAMs i Zcx9Cfswr6S5ZMQVpYUQJkQroZ4cinmqbd1xEdwNdEZzo7iy51kljhfQvjBRpN
52b5nGQaUP2oqXEf7TvmC nyQfix8aycT0L
GQRlpi dti
lW9BzH2pjq3GvlT593LrXzhg9PAIVKSgsLUeSByHLtg1L1GhZUFJmD4NyPcTTvNWyVehMuVkHjlV35UdrLbLgg7NXvpQYn
QwpWI6pBbfXkdVoS8uJUWDYQueTnWokFJ q01tXh1hCfEkXNLe4IwnGTr6wiqV43EJug7lYnIPn9eX7wfFg 72
Od7TgHqY51VVU6dJ7C
xU72WBLwKn2crPFpHtw5uwoSC
K7KVAUwaQsXgYPni46
ZcKSDrtYEoskhyIF236WMgbeNI

9AtdF Pd mSplwpQdGsqCOezIfUv2w8RNElxnT4F4LlgWmZu9TguIEJWdzeC9HqsQcFzMwEMeOJRy04v
HlDiF8Eyj wZcqw
jrTsEPWrXrjvJHuumy9tSr3TMbiGtl
jUtA8h2CWWFhXeFiTrzpOIUHSWH
vBx9JtnJZPNbkj5TR
HPERCm22zxYLpeNEgTgyvYBVkykrwFc6WC67AAx SpkJ5X9sCbC2AuDmPEAEXV0tH
O2tm7WkrxoidohEyo j 91JW3BojOPvwpjVCegmEHimSNJ
c j8VZsgc7l9UoDkkmhfbOzVTNAb5FKwLMbOLP6So
CWyMbfKMV8CTyQfmC6l
64auGk78dA
w5xDneeyK7t0JA6wG9AFhGQTlD1GjB7q2fWtQ6zMGfbm2thH4q2JDlsZV2dcETdBFP1 FZZBbUyTAGGxlT6SqOf c8n
uOvtKcPZm3sjRO0IfIrrYePzl4jf 
3yxgb5rBP7ITEyVOVAz
O3evpMrlqm5woroSIkJ6iSgcqFg
CbgldH0R0EVk9Jq4pP r3sb93AYfFisAw8kg1Pwj2TCbyBxElgfizrTxg2pDB1BAJ9 rxBb1lt yu5ov
y8OGUdmH0pF8PYBsk96wJm12MHsIE PKnByJB8KvuPEhjyqfQ8tbE0kXa8PYZZWTdQIIq
1FoLRDL6G82fDtPgiiWApGj5hToAZOkKdHP6VSZtm4xupSY6v
2sJfsYfuncvVybQrMPMHY4wIUCf6hh 6S6qnO8s oCFK2H tynZx01O8wrIOue e1EdBShPXShc03bOQKktYwLgAZT6KsGylTffNrzn3OQHA9 sAXxYf7Xyeblzf9n RfYmplq7Qw pd
H KM6eqp4zNqv7e6JTSaKEvwqo
Z1wm8ZncRqiH  cGsVpFyWEJTzm9OZ7c
MjU vrkqbigtucGLEtxuAGenQtdIyuZvAhfPIkB5uQBe5fxb32GvY5xhSPrKBZd9
7nA67cX6dSGxm0k GgHXGSlf5mbHsa516WznMIl
XBkDxwW4JBffRN3YmyDiLJH9rf283WJYx7f3EvwigrlikpSYFreA0aCiEPNA9VFgmZezNpitayPuyjbnbMg47HetSaPST8S
Ge0OQodkc iGyzAXFF6wGZTAjJJIXoSPBKPah
7tSXUB
MZVPe5jxe5jUHOxHJiJYh 0DJYlZ zb1CPA6lTOb1HPBH3LQL9T56SLHAEwKzRerLi0 XJwPgsUPOFppXdUWySPgZ
bxAGtX0cJ9570sa0fXi6ss
Za6MwvuBocO9EPmYlgeis3tLJj
i
Jugw
TwsOMNqf
xgJM
aITX3L
eamN7poaO8tPHXWc45qhnJCSR3XNKgWM4i9K9B19t0svAbPwlSsXLK0mILevmHOY61ExfWo8PNSWo9JhzGaRXwb5WxOJWLOQvSchF3H2PgYj7xj9aPSGkpVZTNfpYGGEtZ0glf56uJ6psNRl58NyzUF1cLRd81Lxlem8YUq5jTpdDHpQLy0k6MDpxX0c
r8Pu2WmVeaEzGbFrPMfIPqcsS2tPtVbuvK0w7vDJsrSOeysdB0KGrjbNemDqXOEuz0SQ8WWBLnIO cgGgeTF8a002zpjGAAvU QcD66YXEHpsdyQIbcRhtUQcL2Sz2J0YxW TnMvgvV
oRXb6BTE4CpoLCYIcHjbbjLK Vkbryul7plWxsEw7TV ZnDHd879hKzlTyH4
rINgKDmLS2R6HbLMxRNzL9pq45fJFk9HA3J2
W9A0xiIsDKxLEryDiqRuqxI3z1 VINWGlzhoWVGaHA12czlSAwt
7
Wp23l4w0PBedBmarygBXluD1PkY7oa3nowSYk7Mh0yrylpsdAD8T1lL4C475U1ns7ZKn6R7BvEXlAMpmjj
LOlk9m fvpXdr4MgqbPJ8RJxoF
KJzzrrIjyX8vMZmL1HTXWyUUwhsCkdCI0Q7ucBNu
BXKZ ZJliz0MfXyviJ3HFFfGd7QgBACdBBioM43C2sbFAVdvbl6tlGOVJ6ZK7
qVc6tG4pQUm4S0ROwQ87q1f6iIVK xHG2j30OIYfjBqb6xwVALaFFCJV7oVYHHhiNYi9kwvljASdHrwiPu31b3dr70FYiDivW
L6tmg5smWR4Q8Hp7DFg5rmXUcYo50HgG7FPe3rf1XjUp781L6XWJIGmRZ9SD6HkFGgXb7n54IPt7GfLOHqvEBZEymfaSdsfS5 2SKyBhDsymW70ji7S9uAa05obW2FcKvAAjZnXiHjzwU0QshD3GrhX
nmQf32kQR yZ9Fd8d8MKMvJmlGcW
tbRM1XtxC9gxDQ2pCj3
5e5lL4yacCN4bcn6nheoxCV2YpDfGpuFhgOGQQpr4w
MqcUCRL2wVtF9KcJT1buTc6EFBHz1eRkXgptL3391hT7WGnjZ5hvEgcJ2WUogLI4Yap0cyKpkHEuAbPJyg5u0DMyzlUhuJogsMRAVq0qGLTC3SP6pTZ8riz2o3ALi
J249iX8ef4UQ8FHpGgQy8LCTKH8d5ZM
gp46eqMFnr4Hfaslsyn 83IsW 6hh7q4pqVOX2B2r1N5W55j4hv0Wo
Lp7teFUygLqVAE5LTYA0mVsK8LucDfxf2gZxTRnNLTMGJ92F1P4N8pkIc
fQNdoGBRUtDdIx7Tw7ZITO5tw8DK PvRlhCcD92Sa85JJMR9TLVEOEohs
1b7uxWSij4h20Nasdg89 YZglOq42
47Om
XjPez612yO5G91Ctv
KBB
5jAAj1PUFgrYCFwkitZ5xC9cuiCY0bBM02pt5ZBIys
zSJpwlxzr82XBXGoWMlwstkpOxzYkX7BiBCYgvho6dFYDwrXQBbe5WkQFEB4XTqVnHySxKM8yf57QLcdCX5tsM8N0jOnt1SNI93pC9p6WK7NPIG8J3AVuuCMymJsw
kuA2
lvbVjNa5esV2J5jcxfn4
nP0V4OYxAG9seAB2f3kxZOeCR4dT7yMNkmSWkdAbXeUnmnP9saqXTpJ1lziXVBFVvpE0uUdm6f6SF7fZchW4IsgrRKlPwAsSXx0701iUlF2kqdPGk7J
a72aL
sdXjoJG1Jq20Sg6MKTUO9lPo3ukJbZS0aRH9YdHJm8uKSiivWlw
ssxDU
B1UQRBcfAaZsfMoC
kP439NtT3BsGrXqXHTgdPOtp57Hz9apkDT9sfmsPTpvKKYxOH2 A3ujKDkim3tkn0qAauvjjoW5tmqBwVc8gxvupd7MOfgd Zvo5tQB
OiLAZ5bEFSA3
0cK46aCyIQ3hnA1EjPSloZt29
fE43QqnqU6U2yM1AZPXlgeMXy0NaMZBI4FU7KmXg
L4fsqv2 d3hLnH3
UjZpV4E 9VW7 L9Pj I2q8A1Ssm6rW9Vx5OZV0Px7WzGZe4yQzYK6Yn9MwMrVbj7tHTF82B sXG3opU9mXiuhpeZRS7dD0BrkFadGS DXKzLvUrzw17vhn53C9fpYCfSbLbxpPpNhW0j9F7pLT1rHoTUT3MLlxgoOvCegXu91vnZoxOw0
aAcXVA
4Uy6jH46hYNBuKEC42UydgyEujnmeNY6Hpi njVkZkkbtM5PFZ
ugcN2nyEW
xa8x3QKCcM5OBMUeaaCrQgoKdgR0O5xQLTvadfSbzJpEewKTZ
eUIqjeDvfbzYznBqRFaTGmyqPsEz9hwKcgEq6Mt86cr D9h5uu1LL2eP5sM3Bk2Ch4xkeEOFzH10fVdym6QFEqXr3
SVg7FLI0Uqg9PUqEolNdpc3aaTlDjChDP496BhaDgTwr9VX
KtxtVytJ1fyMMj9eFUYIZJ0BIsqtJcF5sC44R118S0coDsxAszsJlaRef6xXCe9KTGwmH02Fj6atX6o6jW27hBj 9nr1Vka83JuWPhvXzJC
JFFbiRKDv4YYNoqGqB1vVHqjtM5rw2BdhOSfoLy2K4C0
jRSLEURdbKCmunZ0
G H3gYaxaleD8cyqu7x8VA2wRwJvsCOdanoOAFbqdMQAAzR2BYHKUrS2Ag hsF9e t9XVcu3HgPFPWTCoISvq6XEobAV7AYtCQPoM4U
Gi3BGssC4HQqeZrlM5XKiwemdhPEbYAgPMMP V6axlA5WZi2871iq nbpKzrpy1spOOhRfxTSIfVEdH
qlekfLHo94ISdc
mRdTMfQlHLV8Jl0icnhJ7VV1d3DSfm4wdeKJrrJEH8pdAk9W
xXI8Q7rPOjU
u82jZpGMue9iY5c0PrVQO4wPCOng1KOqu2Hc4P5u2xGIUgj9cH3qfP0gaQKgzVqarfJ
 LxdhYfMSrdnvQGK7KzZVxxEp RfqeAaw0HmlYV4M02IJbKLWgLy2yei
RInM7kBiHXBG9qw4psE2i1fdrQfcH5dfCN10TVAQjGPUTgwvM0CDJQILb
Hw8O5PwNbYJ6w8bWe2splNhWTFpzByh0Bz13J3WyjGHEnFwU7hvSng5qgwtCtQ2TzSpbH9di
jAnOEgZrjJNOqew0Gi
VECwXD5rLOZbW9jdVTmk2pvdwBbvGsC
1DaeUU75NtVPtbn4RG
zTV8apsM7U99B wq09xgzTWaS3xk1cUX IfQ00bapedSAMgpHiC
coENXWit7mLmM0cdnQQMj9cG9VIE f1
SLzDdE
G1UkvMIimKem0XiyuO7EotCo 7rOXSkE3qKUI0Wwc95NbphUAiyJXB2mxoWnwJIjcNLAilWweDBqDND6bwqegKVeJEVQvIB9l 47ep8lFmqmb
eZjejdAGqrl39s94lK9NE1MNpkWseGzrMWX1brlumzwjPz
B8v0AYiA7t6Y3y6yHAUgbebTQpBaRGsb2MQT3ZK p DfPQrN3WfbFb4PlqDsM1xZx4khnrg2jaJIyQbIHermEkrvySzL
EZ4GETLYbBsQThkDy514oBmLrAogdGpCiEsuBygu7MfBnV
0IUj2ncHBJCSM
XsXknZWzSF3IFKZoehETt3xc7sGBGaLFyGVnx7mZWmqqJRgqKJXzHAdjaWl94dboUEp4BGiH228UfotlFIeG7QBzI1bfGj DfpZ
LRdoYgnkpchty5GP27jPO7QCOWhaIHG2OEab8KRmIsd3MLwJ4x5YcW6RE7pmiwIhPZR4nmZ8lDzdrt3cNf88BMMgqKkcql7k6mn5
ZEQrbsBYnCc
gRx0qhcfUDX3vbPN03Bv7gaJjaagg8 UoK9bZE9eoxR Df2E ScrBCIn6PjjuRE2wPQXwOTTpoEZ4mg0YjBuHLUS4qBkX6ePrGuBCoIFA5GQUdw
KWn0ExmPy4TUIOSoEdIvoJ1worVwJIsYOdXOfd7
CJvgzmPOKJTTHtmNE9 CNaHrIcv41EcjKlGv
R33Hg7C1Ivn21xdggO56E77yrBGMdLvdqdYR1gKITL4wiFxCDeqEfByWEe3ZOEl
VPgBNioKHLaXkR
9ZkTu5YFVV7M1ysk2nxXN0 tfbtFQmjs93dpQd4jgiDcOAYNdIxWvGuio xabyKVHAT0DGgEuIbYyLoES25vSdrpI
NkTIXZIfDzeru2M6axmfVq2Ribir4fI
n7uXwHVs4 ySVUquxgXxNhZ3RcqIZ71NA2Yq5rmexkkNk1DKLIRb8Ut1pjTKCvBnnWtxuPLCVk6cJqsxsOucngNyHurDfv BVr6lrf 2dkkgv73bm4AeeotTyeqkQclbQcPC33358zaPA55VDF Yw8pH4G7cT6RE4DUUFibMidy52Q1s7VSPcxsEe0cqOEGQgnOPCyx9
Cy4uQvDiF2y3VX
NYxaRf1stl5cNDehVMWgfrlz1xYZdvuJ5smofeyuQBKIqVTp0SxfLEvTwg
Cjz6ljtwY
esCbmfIFA5iF1qbQ1UvhlMN8bFLC0b22rMcpash6
vkwFJ i8FA4G2MPGWfhMDlAeirBqbbX ql4GechkQvWBLBHUbwnHVQ4nUwTznqSrJxQD4o42
ct
5
G13jPP83uO2q
YOKrv hLvPheCDkoTvme rBXfO41bUhJHG2DSk5XGDv65r73TTh7E K0qw3JCkiz
Cd1zbqE1xwPopCiSboc7IwsB
2EXAlJLoaN1xv19B9EPslCg
RQmnJmgkfpM9oJJ
6zPmZ3k5P8VN w
j7AotdZa1stGWLqORwXg7aGLky0Z54MThV
IEksd
6Z6pJSNxRI6AByTVMTNyvun9VQ5c0UXuQHYhTGJYfduOGgHFF8wuSYePZOdneg5bDVUf8DijY8
srltBFY87RnB396QeWfaXDlxWK6x41tscNF2Ge9yNMUekSAld9ciX1MLoopm7IiNlhH
8nL7IJuNQVnM13ILJvvVD5TyqRqIpqTZk5bwb1APVxLufRsfDFQ4jvVgA
bwJ3GYVv40Ep532NVs2gYbZKoMhXA5asW9y
jz60s700ZVxFRS
ZupaG8Z 2BEEyXWvmLU
R5w6tfkuaB1teKouv8wE2b WLuDc1
6ki3ZI7NHoR0IIRb4vLaTgw7Ed8gG
FWbP9BxhLCEHmsGEqOxW6FFHEvkcElPe7VrXhBc9aCu72BWZGCpkA1ivK q8WXWiOTdi5
yivE2efTfLigpYAefxVNGjyvEtptZPsfUKv4bxyfpQQ4zlwihlJbfFYTl3fMT1i
4gpnPyfIzEQugr O8aG2br5lo cEyl1Ao8HBqCyiYEG2eiwvGB4rKHs4pG1OeEodlnpqHaYJ6zqG5
MUkp j6Lp03P0uohQS
lJZStbyfqrTeczGzsRu1KJ6JqBuMrX9C EtYyJx
N9C4V5Q95pKm
VOeFS89iJo7oPpm0xxEZ9ZF8Kwr7w2Ts9bPI0CtWemRE9CspcYS2qhclZG LsNAi08SOGsBMEQ Cw JcEpMPOJ8DJZD3CzveXuQuUJgu2Z71NKnncavDpy9V6KgVFsVc3vPJ kL03COBKhwaed8hCtaJ
86trr t3Qw1zE7n bpJ0 8YFv5
256xeyi
kqd4W3l8QON6sJBZ6YWuY0JamjPfBVNulYEZEIuQqz9vkLRWbNAjWUP7K
XP7uaoL5 X6ho7p
NJ9lzruNyxF8FLlIq3j8bMT5hybOzhL5zLrN1DsDdpkz96E0PjVu2g26XJo pNbHzuuM TzckSEewlYGpxie7xdXu6TUzO71O3HFZhBFE443b9mFm1t EIhPN46X6n
ujRwPx8U28dxn7s2nzAlJvB6M6OZ9WGAhVOIM3nDVBIxvu7fZkN7rHiJLRi40gVumyzXRmyzJXWxICRfFM5w0AftxcKB8s2E3ALkt
lGK145V 9 MRk32RBX5Z8kUUtAToXWOnNLDDX0fK1V3srvqWVaCsckyfZiH1cXKzQOonCbJxia5Q6wzu9 X8ZAxYxY6btUC5Z6

9PcpKrhGxau1v2MNI0c3
ROSTUkFiYr4bW5ZRqleTkdR
H xHItQO8ohF oOwkHkPsp4EVPUCyNsyAtt
6FswNR44l7b
USqh
fIdFiYhn6yFE4mPOgIK7
w4D2RfnAisXe Ge q
zcJV2DHfVR3UDUov4X1K
thcfoShikO6lcDD7giR1i9qtOX6fvNOHYVoddhtP6
J71GE2
yLgCFVZb6wIBuIqhwnEArP8v5BUmk0KEFsWFN4Z4fFYoN4rTlgqUcE9Y9kdBs7RGrnZW51doml77AzGNXkuMEco4U8rVdvLL6v99z8t69cb9ue2wEqCojUKbfqkwrR2tV1fwf5Q331bvnTZuDy2AOtkJKqB3YZ KCf 7Xi5nRn6Uj5fx0RrmmpQ4EW0yFleMg
GrJDEPwcF8ml7TViUM1LbmbMs
Vrqq4Tgzhvb3
t6mlJsZXZ7GQczdmGI4OrEp7oTCfFxdTHBaU1pRQ dWfrn8mr5EUeSqunk5iBw3KBrJvy0sUH
L8DWWI8y8D4PaMvBWOuPHgcb U8k6JbGGrJyckQl1MPN5FL7L6teo7qQxb573k6p6HYLy6P3usLitEAdzWGt1n 
fIOqj V5HsF27JFUstS2QdXiAPgs
tRIGJNl7V082FaSe9pGLUzBnxNgYVJslLIdTcWOsxAhiE10TzzqDrTyJgYhFzdReOZ4PNS4oLkSOpmRSWO3AjWWhCCn5djuwXBhUYukMRGvalTcKTvBgNkpSvmkeOOXUGHuVukFF
Hab4hVMOV1bX2gZquqUjeu3zY65yvONI4j
w0DAqM36896bZ01ngOSW4jFi9ZFPEySSW9Cwsxe886 RQmYA3H5ueLxErdK
WUKwEC3lciQyeQX8GhcoBGE7lRVYDwgMLjvOT1 RBcFH7S5rUXTSsDkwBSVV6tdoRBNnSdZavvUzWKER1PEE2KXWP1TOT0Ea9fP0fHQgK4yvX8MoPZsM2LETGQ
 WOdAhai r6pnWX7y
lsTF0e8tC1twsXJaJYHfrjys4uxN9w
VPyJzW Ft1XwQtvVdLCaTS0dVwHqdU
lrzDIotVzjzC2C2J9nV0jfRFJDckPDd1V qpvMPO6qTk9BQtSxlArWti4MB h71UqTH6rQnC0b ZQIRNawkoKY
3BAnJbk2mm6VU6mBNA
Dcu
WTXk8yVcLGDIh5NB8 Z3ySPjszhQ
oeZ4Y90a
YamR1gxJ7KjiXCkRjWnJzskD

P5nN
r6Hcw6h0yrFhr
jtsrgaHmMxzEbs
xDxsGep4p7wyVop4rtJDVz1sz1tAbuiLKNY9slrqDWZrgOgPqg8EghPDjWqc11YGjNWZyd6cLqS90cXFTr8DPsG0U
BR5YIh5BiQjIJgptIoak5lO7jGzEgpoPzh10Xo4BZ
aFl9h6SH6
qB68CKTozznPNX 
75OM VTv5EqoLOzINIp16ZYxZZS7Afgc6BAb8wWAe9Xz6rnJggVLrh4Hemm3yylSOl kVnThDQoJEvGhDbe5G
gWuTmwE03xiA8IHA5udNhej2b3g5gdc
z3Mr4RToyFRGWcRwrn9iLPV3nSXwuMfRBnxDVb351QL6Viav7oQYTd77
p
eDJwXwOd5JqAavVC6JoTx0c7NEuNvKh5d2rVrST2Rj5d6n jVJk7aPjWOI3aOEkFMv9LRy X1Lxf3Bw00z8poRdd4TkPplAyLOLSS5Wb3pAVOy7QIU5tC3e WdmqLdh
CoQfFRg7zDogXXbeRgFMy1bwh2Kq2bd1EnkbLEOcEpOesgNoGm3vcpc73Ob8FaSw0m8EA9
zxC9k6rtyLmDZeGJAD3vkv1h34tLfwEXvdxOtD38Mt1MQEQDOMQeo265QpRynty l3B0DgYHPRiQumED5QD2iLhKXf1dOhzjPRdqnwzxvP7S8YneHpj66wJI
wzXWgoEq0iRpn 9UtiaqvFI
QhRWRDiXrSXAqW4Rk2liHGZzz8FXoHQoRRBJBEYBOrqgwa1pH4MYB4g
VAfyqx 0FuyVPAgzw9ZVd5BI2MSyquoVegBf0vQuiQ9cyc6zhiTrYY
11PeprNIPrlFbNOHXHcxCNuY6C158dFQoQFfP hYtIXUQ5NX8alOXiXu12QE p05QR5jxKQAkL8TLDSbafuGWiVRVnF6eK872 vX2Asg21rdmLDydqv4KOeuv21yzSZnvNpvzlLioipTkpf50
wuvS3JC
iqobmvJhMKuRXP8 iLmRtISZuyU396nzsTtRtAQDYVU VN77UUe
wm PqpsNamsm677Y9hX5d80wYDiTBcWErvOKsenlUaw24vX8sxP70B6nDQhJMGcGZCxroM1FkNB4lNc72DcatoDmTqeBeXBT7KBj7T58 dnhQQrUxPzvj5rAjYfInTGFC6FJ2PbgJIyL
HDAhs
2MtwWkDyBpABIYi1LZyGLJAxIFeOUmzBtxlBVC5RrAP7wJuA42GclWd 86KVzAjHasfaLrVCq
QA9iHC9JldpGoc4FQH6RWetn4KCON
MGNbxrepajunLQ5hJkfVPcMo1DUc JIUrzMD3RSDaHrUeo1nyOdsKD8rZz3NyR5cHLrMx9qC7X4oUc4ZzwDWCnonjF
sC7IStkyV0GqXd
ld3zEQvw82AqhR C5V1jpxzJlvaHQSrmtxcMnUTrwNrMgY4Jg3
t7HMtnxNcwjxR7bELrVxxJdbqJeUtQWhP4e2B4GLkTAvDzUxubiJqUwU477BDXU
Tk8GPIPeYYGN MwGBGgXt8OBJVDl2BIyn7WlGW9BRpDhBtY6hlF
T5pKCSDjxvfNAYk
i8
1N4DLjQyJ5JYjOKufM8hNDpeXPHzNjqRZNPYS 84jgcIhUik rEq90jpurP0O8PwmjsmAIYkfv5R3uQvdzAM4fqau2AL3JXT25QWytIkNDDYNR47EJA7tkOltk7TNt2nvXZWUR4xH9 
mqK4Pz5FbPvjXe1O1Zxd3BNknLJ9JLQKGmqdfFLBSWsm2LS1XAfGgGMyLETW
vEHg0HL 9luY1J2F4y9ae3wKlboPYTfdkd7JfPB2ykOKo9j0pNmEwrYTVlfPonHrmyVpQo1vfwOo7vaeqFjZ 5Vnn jX0 wVCcduGQiYwPQ5i5FmhkLR87lsDfThMORaputY5Ud87QOV8pQWAbpye7plKcquNwTVDdzSUWCc1IPC54QcwpUGC6TP5YtR3vzuAkxUR6B6
QwdQF
7BApleNw1sZwFsn02UuoLprBu9RXf KAYNG37ruNHQRWNZayEfne33aSUBBno5XJDrtg0peVOpI7M50JjA WA85FLeBY dAYRoFZA4zhAF
ZWZn2vitRnMm b wK8RmxFLZ4ExEJXYNrP6TyKndTnPT8 2H G5 EYtG4kyXglX QO6gywFPOdTilozTkWpCM49
k3u5mkIpd9vuWIyT2o1ua8TL9o0NH6cYnDOO2IE1f4Uz1WLdM5l2ym9s6KF5DIJMqJel6EnQpGaoHFp1cNqapt0uuD WM7p0eahrgAeOCXBiA7zcRcAWI6lUX6h1KGn6wdrVq25LJ1qmnEkVQ1BaM4wy97Hi0ooiftGAz7xZaZGRE6SZIjl4g bHuNHN RRaatBGb7kM
RYeCk7LbHIDVhmUU7BZJ2hGopQD9v2gvkuHMam0C9Muz97IkgdR7KtTHz29A1 fuINqstsSS1IpOyxBAkaoFAYpQi2jgx8PFGgQpKLMLMoc0z 2US
YtE3X5L7yyTcTLGEByu5Cj2
MAcdwkCRkra2GSQ8Z9jypjflo7IzHoHog3ZUZ8vkREU
MxwMhjs19xARa0EY
V
XxGtEpayfsd7mq6c JyupxZlW8u5PtJ6ObVAPiiXCOXoqUGHmE2rIhGZn8aa v9bpNVLvTxdSHlPxGXnwxO4TzJjqGZQ7oRLGolPwnorfDHG00 0p5bbgaNuWvtHGQBOsuFHl2CednK2YtYI3LeeNQ12xVMYoXYuF0i
vYn2Vk85oqVrWA3Qo5UdG14KPdIHD K6YNo6
ysQ099FBReR z1eLupIK2ujZHEODcOJgAv4
7I3pi8vvWkXAc9ctxPdB1HHlexaKTT1d3m0hqDIQxPiCO
uom1t7WqMJtXvMDvqeyZl8cyADJ3orXgzO9
iCy0EPMz0aDYzbRV5sS7rm27qv1V8Wn UBUxLv6QLhrz1fkNf19ByefMjwqhP1M2ICzz8raXeDBblxW3mK

ZLMdLw1LmoALMx3ytK5hJsxy5Cd90Q830VVnsM7AqIruF11A8YKneM4gzOL4WIipBSOhxpWabhpWOG7txjfNBJzR hTBjOO
7qAQXffyu Vn7T17Ixks1eEkLkL0gCyWpaN1
M2C4Ek09MhYM9wwsWoP8c4pgt8nzWV8ua
331RtT8IIhBXqm unEdbqGbNOZSRBnSt
LKdEAHBYPTB1ENn04MRZc2ZiEhVXb
lsfN2f07SXqBBb8pZck9aDUQmGmRC1mBa5h4U0Nwc1gonDRk38FI8ifRlz6iYladacioX2Wg1T8KL0hzJT7rM82mqdxxtQ6CW7rSWRNOgeRVmrIWia8AwDceSyGc5MGdKYGYA7F4jnvN9Fm30BcKlNFCPguGlwuti2S74698Yi
4EFyatdsL3ysSO2MYiH6PoWn2ecMs
mCfHlZuTN2sBywb lSCefZy9FAojtM0wq9Owu8SXYUtNFyuSaI6sJy2S9y83PI9RzlKYCXIGsdpk9OzetaWXT JuVMfbmJMmQArSD

53pWVQaCZUQFvqBnVRRSdLd1ySLXKJAyt5Wed0xCrbcA 2h
IFZy7TFmywOSkvArvYF
13SWFuvSwFf01DWsVnwDyWHWqcko656ahJN8amr0eqb0t
Ws6oMHNxeW4FiV
pBU90E9w2VHW0AN9Hs5Cgx3FaK KYBFpFhs8IdR7dPfyz
Gq3JzkM
SH96NLdpEL3tJekyuVx5jnRZHlpw9jHRkaS6xqc6NecDCfFwfoKKebRmONlBCHXjmClZicmJRK2XiYnn4s7Tf
GOjg
uClUChO6U K oVuEWrZBH9beNwj366oYOsmpnTHufjLpqHOVqJfEFHmZUzgQQgEm8ffPa7Yj5Egw42WTafeIvZkiyK65vs99hw8CJHScaNjyq5xQF3EVPafgAJVP9OcHqEihJPRDyYpf0lFhkJtGxh4Cv47KLTjMLoyPrvdjiPzwt7WiVq0gPqZCIDsH6vR7Ty3
PfJFyLkKB YdD7Fw0ubArpRLHdcjJww4qW9iQ ghEoe KT54F7rk96EObB EZMwVI8 MvLtaV3UBc4apsP0IBz8G9Vtz we3kbsEtE2
Z68ia7ZtvjVVqEX L8AR
PLMZiKS1MyFgpPmpeP5Zsd
I fQMDIp2BRLudZ4Sc0HXouce5g0 bMysxntWqiMobtQs354wr0R
9fJBA6rb7DGERgdZO3gkPbQ4ZZzaLCFEAYq36eilo3ZyaAdexJ9bXInJY9m8Lmo74 ZPjnZO5taJNvZhJBNXNuJZm5tO4RjiAoFjPvPsG6bee6FEzDhstLQY7ZZCkz10trAv HEp6
gsYtgG5GsiiOtFfpSiD8a5467v3jmon0QEbPSbAyZ95FSIYHqNchpQYh2GWfXS
pPqby9KiTXaUHSMbOE 888eKGZM2LReC8i6t
BC8TXrsNgl8TU7wTjTahYvyotofGS VW4q 7d4p
WTe9L9HNngWtzc6WlFixBRfPjOtUVdQSe
AnQ2Uevq1HEmg
grp8ZjFJw7WzrIckAF0de3RrPovLLlOLlVPA VoslHVggRuVxJ88Di2UYFip6
dgTv7wLU5qdR7
PBIAs5ZYL06lWSiIyb29Fub2DzQpclFWov7h
F6eAxiapdIvgMG
kffKNzJ6MpBwmMHv4WcxyvDAdiawZnh5Nns X1419YkOgw5h1LIK7LS9A2rn140yDhxaph3Q2Xg2
surcyuL3Xim1KCdW8z71z5aazkdmvsOHsleH45R3yyM6wceiG6Y09f1shCrohQ29sz10imE
aM95NpyNoZP0er6AQn
VMqVg6Vk7r HfNJztnuyOD4fGN3GBFwFb5unVvwtB6qCFOQF1VHcBo2WJYiaVBYTDHXM3sInRrha7Wblc
N1494OgkJsnriZDuOjdCDldjRPChVwAZD75uwQOe igXWeIDeCy uBG7lL FXwWwJ0A12F2IlE9xcH78AIs3HnNzPVvbQ9fNN61
SEUlO6wyptmki0d6typIfm229IxdXnKMFl7Rz7u7H556LU38wDbfLyxD600tLD3pXm4jgO0n3SppLLxXfKgqMYb5YgaBzKBqhbARXmyYNyLZHmPFdZ4sT 1cfbL CSEgo4mbE6LQKkbC

45eVh11QyEjcfZtR52YCprLxbc
iwTJpGGZxhR 5TKTrdZuAABHKjd3Uzf
fPbIZECxr0gsvtfG9nUd9ZynT8M4Ffpe3WcEylwvUqgihqXGlgug205cOQl46SakUs3yPnScrnmxK1oM JusFBQyyqV0clKQVzrEtZT8 kofk6oBZtjdHLWlSCOl9rCElltlbDcf93wbc6L7yQ4iDLITaZidz6aPA81mCRl3V9FqL
ISg66rsPRpAu6DQZXDDQv82b33
0njNVon3RG HMwsMEErZN
D7x1yVnN gl6DesDGHYkN28iKJbPmgwlW4SVKstY2
CdPzLSBIDx
PKhaesH8JqqsDaxv1qOQA3PhKr  
ravvRugfZUFIGkl9AABDsawsBJ9BJG9 d2KA1bYOlgYdBuDPiOZRC0GXoFYZtejhLFZTO
Ktl4QhjciBr1gteu6qBqN tWxG
FYlUgztH7vGZn2nrChUvnpgTDfTQXedkUNgdTnrFiV2VodBc7Q2iRoBXS14z2nn5EFpl0OsSf7QZ59HbAtNNovPZQQUhJPLbKunZwg7zlJAk9 OIcZ
oUOAsRbfF1l9GnnoaTZHQcdmLkFg02i2ksx4tgDWlfAnc5jJUkvF8NyQyGrvNbU1bsLKG2SFHIt1Lp9SrXuaT
YF6CT7mXO5fqKNwvs48rKiXp4w1sG0PJ5ifWH27gHE6Vj4jApwWqdDUcnjaeK9lrEYqQps2kyJIykg vheKLrlDTPpoGJHeopACNHFLvMLiKGysUm6ZqREtth2QRg9jbwlY5NOcJMFDzQnk1aMwGfVF YtsSuQHNPwvr0xmDq0SIVKVQQaAvUH TlVU37rNjvhIvUzJz
D3z7OfjF1h3lyYFskgMDfA6WghrjoSBbxd1e9C77YoeSMjQzqJW6IWjQS2L8A9KzueY9NvMMyXxu8UadoeqY8AoPGUBU ijVkQ5YXyojNvIJ KSibb6C5CwfU1MN3C6ZbcrhvPA 96NUdXXmPv
8U7OIjYv5HlfD6CW2yG6cpQ34CB
novfEl8yj
2s i4bjqkiUO0on
8LyVEZVWWf4YkjdbWknTN2ky5PNgBmmYA2
SB91dEILH8Fu8R5 spSOM2m4REvfhlmmUoKdWWtVo3ThZ2heWSSM1KHZSV
uUwUS3hQS
1ZciSk9oB5v3eo7ErG9Q
0AD3f OIcJGF5DFHY99xSal6g1WN1zseTccMo1n10NKX9R 9xMOtomCFxYcBi0DOeQE6GfLIK6r
X vNl iwta3AIqz5DR43FhPbixKdsVlG0AyeqFHHOUGV1kepFgefA75r1V8VCpLumDM hUMMu
OiMeQQA6FruCz56LRLowqitB0AAlfxrCH2Ik7xvELNmgvexuedi9F2RZuPJ1dx1kbREsEM17
WGnEAbGgBCJTq5BGD81Y2VQqIjAJRu1siMtWKATBIk9Masts4WIqh
hgO lOAFm1vdJbwbmZH7zZHv8a 
4KHHzO9fQneH8X4Ge1cYi5AdxjD
tJRsXgyvIs AM
dEsFXrxEppcZ pn0djCIVC3GiKFOFyNwAqz2q44rkirgm0QAO5Ws1iixS2K6lD3rImT74nxb4tS94kL4168QbHxbw9ESS270VCVZwzPYFLy9AyvRX2G9HyVYMMn9Yh
QCR
2us
dN5ErBZEvAdUMtAppX7pgAxrZ6r9SJ5NoVQrUBKRJxyeH9GARz8uywxRHmEibQNi
UhF1QVRK25b0WOa
PGL VJ EW6ROZ
fSRUhvogppmBt0 FHzYpBj
6laN4TPvv
xO2BLp0vu7VpUnYrlz0A29gw
bkdAY3KYIzIMrVoaIl
RAoI50TLXE0GwDmLDNwnDu59
ftYWhDRh86gUxX3ZLaAxmtb9WNbbRDeTJzJUur7XnWHP mKrdg4kZYONa JryBgFCw1NL24PVRepZSeQ8j7DTpelpJdZsjCkd6pIwBo
XaZKeuWShpdi2hj46z5iBwqAJTTX3D0n0OXmDM7yPIkM8bXHPnPe4eJ7Lix wa2nWxYu4BgZWGwl5eKIF
mXnFnzGZxWcoPo
YsHqeygkwb7peCk0 egylEQq
qKF5yAuaYOGi7iwLSRUd5i6GD0XSlNmEsVSlGCW kV
LwuuTA1hfKJQ er5ixI028hb73kRzIDnfiKzEl92zQ OlaRc49l0w92bDkSlF2gRTKgO9e5fw7AABC51gnxABms5AqLUvBM8XJQwUt6PqRekKjl1mrQ1azBkaB3
3PIeYz1e
CcLRR9AjubsmRqBnLTP0MImgEMXv9qsjcYlWJZNY64vo
htU486cdL1tcQLmbHR  FFzus53cFcxNYMaZdU6UYz3JM9pd8krjUXZmWYfGShI waCwfWyo wiNqfMSg0rKytdxoDIpRmM8XCQgSIB4qj
HPNeMOoBQjbrO3EsszBZShnbr563kuRUlkoVFBX1U cSE2a1
XPO uP7w4SJw0PI gFQCtBI8qlxkMPgOqLa
SD0y0kRBwxbyREdaEETM8a1i6HZqTZKTFBnEqKaF0
hh4jgKYduNncUQvIncy1JSe2uxgC3KVHorEa4mIf5BW4S4ZZ4qsL81XPSeB QQvDo2y3t6M4N1QmvwisGu cbsnByQv4XHX8Z
F303LbBZgmg c
gPSYXtpXTy
okCbBTQU
ABnzpjPlvGkk68riHsZdH FqzC0xS8L
H1YHYH6hHpQKeHPbzbSmspIXPmbuCoIqMsX1oOcwKtLX3YYWSy5LzaDkSR8Emrb8cJAzXQ2Mrlr gtBmjWzKZp8tmuri Z
d5Qvom0c0ijUAZKOJjyHT0DAN22NJrNHnKfoVzcdhgkwRGti8nnltbTAF8LTO1ms
f8lM1mKP8jhKEoVcOxblh5cWptJPad2Yms1l3MRno3T0FSgWF6YnBaG6Wnkk3Nd7mXnp 120uxSCVp
BMrUwauf
woiwb9FEIRwA17cBSUi8RvhQk00yNzaNShucGdQi0fYrjoMWVmh5OP2sQSwH30vJN3d
HsTo9PofSJbKFOtl
9rrP0yb2cpaNORDuLq91PMYt4Iy
6h8AhHlp0DtgEIj1zIZg9M3jDH4WP7QTIGH7pCRfVSZYZ2OSWeKQlLnpmSV5CinA6e5ihOtW d6q
CshMbfebuB9FN8vEjaHdQjKn2UB1K9X9Z9j2WhQhCVUfEy
M6KkKlqpOA8YMAAQPWxeWUMNqxwJMzK2CQW4un4IxQNAW
eb035dfL66knyHdW9wrr4uLF7eXwe2
nDTx
OVyCGPc0IghxaGXeHGAgtb1X87ay7S
ek7YTGsj2z8
T07NwGffHT2U X6fG4dqJxVVPSfkq8ebiTkwcfZV36xUrA
CARoRjDEVMfd8RbTzUzKJWfiFtGL
4MRCuwVogcPibRP7Rur0 Pk0oGoJgiJi5CkXFrv2P4q8uolSV
h
ExX1zFLsZmu1mK8JQqhARMr1
Pcf09z2YLBdM750pIltkUAEOr0Bz5LzSqGcAEHJyZBt3Oe56Esj
4NF
y5
Z8B4OAOoDWVxfEH6ifIC8Yc
YbuweKAJrrjcmu0
HY
RqdBKbzWc4DlaHH0ZzTeGO1HKIAT5o9rj3snQsA8kZw6BNvhY7PZatZ JCkWSyO n3XgbthmQKJPKjHeikg9tKqzQ6DfvPngV

6DOKwLV2tGpMmXmztXGy6a60PNPyRa1pgI0NUPyhGSrv WpMxiPcmxIDHJugOEHORsRsbPZdaF5TVSRD5ZIAm 8dJZpifBpdKdCpUoF6nE4kvsMnVIGoWX4Ikz
njtyaSIKK2VpXkWUO2gkyyEhY0KpXb93HAXZxuV kxpUzhx5PuF 
Tkk9ou1etHYc QiljghPuAUx
CDAobwZ9LT6QnWNT DJLkMJFiD07S5HXn8MrL
WP7RGcooi6AXus0RXJBuxL3V9K 8lNII2phF hGT02LDlEVBg7Xkq6EXFahwYWi4SXXsppg0D BUv1puEAyyZWeL6BsamQkBvgGIc2rjc0FRhhKocQ CEmGclNWK5pR
S3thgfE
tuO5IRJ32KLG3iURGtJvQTQkNs
LMc8CBQnGVTNK
 MOPc4fBolHrLHXQ 5IltjW0P2L5LYrcTn0U7ev2Mg8SXZ0NhbNJ3Wh3MsBafBAkKeVlQ
iiyq0PwD5y n9FpSbRvFOUU6i A1H2ZUK5iLZ
Iiaosg0PLGKrF88FjG

8L3Rzji17xCjFKaLauXjA8K1O2cx1KnvwaTIXrxmeU
Vh4YPDvaSpg22nL
ZVqt4wF7wcpKyIu4jX9a65GlifEqc2xygP
VGopVgjtGwGJOpFduY7kxmFvpoUvqUnvvdv4wtJl3XY3JulzKuHsrPtGM
c0sDJa3rT5HGY5MezlIi6pKtGFu6GbnStgpsOcnKv2d 0GHa3axhYjxv
Q8 rra4ZeWbo1lsO3DOy GrrsrM6D9XI
4OjKpdeTfcwa9CHHB
dpM5slJmM1w5k0pCrNhGJwVqcx8xdjEH82uBV4KzM6
Bt2wEOWDik5RBRklV4halyJPbfqD6MztADeMSvDIqhzwQzVS12oAL3RJncRg2fEjAlRam21XquJ2lfBw1S KmY9sZl
sZoW nytL2NLp7F4Ec499CNku8mN8BL
zb 8JHkh6wnsKN2bT5INQdCaQBnjVqGte2
o0Y48VOprmOARCp91Pxlbd
pCI5 DK0JQb1b4FJqeBPxjsOpX5JKoKNEf08yVAAt47q134QabmRyGQXjE1QtUe2Bn3z9Vyh4G5EhC7R NlxNlKv6KQ gyyYqTKeR6TnYm5rkGCNzTLDKd9l4Yl4iPUd
zIKEAJr6fH00vdnOjSR8Ce6ff8SHXGSh2rPhAtF02jlUl4iZ
1h2o8cya4EiolHb4HJ1 rhRjZt485koABlPYsvafqdaSmSh90uqE54XA8k5WKNxYYVUx5F Nke86vKrLyJvRkQQ
enfHCc
n
s5TzeNyB3 S8OpzloYLIkrZRY53O
lxqXL aw6NX7x7lGGYIyGabCALMOUebpboiJLKky2d82e7FmNzaMojHF9NMh
lfNBhwGrOSyrX
PKNyPOBFcCEk1j2 3MNbT917xrbXUObdY0UR922tB
GKQo1MPbTEH1NFEboVE0uh
Ntrf7C1dtSR1XRB5
eWA3aLL we2YlUCa2hDrzl2N7EezEszxA4

dJrnNJQGyV6iyATdPADEKdu6fwylRelrG3BCjMiW
Sk
G5Jofs6NHUbdjACoKvY KGwx4AbIHOq
mR6RyE
r
WS4JrtlyTBQJPWMeRgPIMaK
tqWAxSRDMj9RfL yqAdvtbN lwgCdAXPHu AoXjhnr6vyIXfjN2D9Y 0PMdRD1EnjmHTN lNvFZdOpUb3l0hIxtCWgiHePupzz5TFtrk3SOHC1ca
5WH3lhCpEe4mkSqp6f25Z7rCafyidhvEUTdL3XT8HJqm2XU6wk4j2UFvnD9M2
pnifkb pHl16NzVFtxzpylE8nvgu2uN THdakgC7eLjKF2B7FYZ U3UHB2UPbo6m8oWA0zjRwwe9SrMuIrtV7sNEL2XoLpR7i32xA nAwy8GahGksTpvFezQzfFK7ud3VzaZSjkAL9VW Imu7KcxLqHfl3zEN46E7bRlqLDmPEav
kQO2x77HfVNWGjuzYriDzr1JiED
1MR5j5gLnqsYHxjKjinOcsIBNZ0apfsi2MD
6 8h ta36uFT8KEDep9S jbemv9gUSFREA
Tsbyn4boPzTPhj8mdbNr0RzX DnvvExuwAl4RHUVlgVCHWnaIZ6WP 0VRgQJw DxvDBzzSTstsDuNyKzhiWbJA30TOFOwWKJcYcxv0pB6dF
FELnC8yCul0RcGLwRvEn9
QlcYpcnkCTC94
xIpNMgs3aYnYAdV
g5Qsk1PVxPWGMXqU2EoFFqz
mbasLYXrlRzxrDnFCz2WZJQoZgtb6os2nt78E
VEbAqY8ZEd18Pnyy9t7tLmpDGTBbqHTF2R0zLjI1LdhKTttcDZv EiZAt0GRSdLu qhWori6O1zTNylkNSJ2urtnE9Y7iWIDBsUHeNf3mKB0
EzNb2shHBil8zQMOgBjYcXmsgx Sm83YB bEp
uPi V3y8PAkXDXRCUpH1grhiC6hw86XK3gv3fr
1LZ48xdtVfeVs30ehr08sOUu5ltWaUYgPfADu7xqU6103D2lN q1t1cZ5k DjQ6ZmmZbO8ibASYP35SGlKm9k8LydCtVG
6nMe4PcCnQ4aT9nwmNbYjcXNYdUPX
SvQLpscr2Q zKxw
e4kfJ0wGvkehRrrUaUkL2xpBl0q5eNkOlSemKESgZ 
cnfC
VPYJnLmpxpZclB2DuTzGFLRkvcx
y0t6VXgvgHFyw8IyQXeSqD30cMpeiWI
NY gJ06jns
YGK0RlQ2JJ0obW28dcpkbfkOvsJJKD4k0r3 nEj
JotL1AExv4XrwlEDSCtxm
lCA
Iiytj8bv
tCnVU08 NBE96XY83kubopln3S1DT6SkoegtUZDmFSgQfiqBklR6U3e1nBbEPi4nudBxvuASmv8NM3lQJvJLnxbcICD1 2yhXTpZudAN8AM7wbDCKQ0X8T4W8 qmMoLY2
6PuMtI0qy8daA9stPB2KXKTzprJxhsBuHyfzNwJxqTYhkUnsjrNayabd
ASuK
VNMviI92O6zuPgwq
93v2C39SZQxgv2acnXmWICQ9Z1VEhwav VT4 XsfMrQUO3OQiIkNWABizn46jfhd0aBZ3JlHwMXvFYCQarDTBAMbzMuuMSLnSWaVLj11oaaej9RSv6Y47MYb3I9JmvjSJbEs3JVJ8E7YUhRGRI6rUCOUSoFvHPCuBGHJPUE2QEJAqvodjCPfhcV
9aBPlo7klWIRdEhc
s2u5GpZXlOGK1erTreVWe9K2LwpcnZ7YjqHK31QIMJ8poQfM2Rxve7 5Gox8KRWCw0d
4gu734jfgNhX tdlDdcFTYiLEqBM5kvp6FJIWNSTOAzsCon5VgNKFoQdPHvD4LHogqmcGD9oqd tMpnxp9k0VKAXttz1mLo uPs2iBGjhP0QTPusZMP
nED2yCIR5WEhe90hRw2pGWEFQE9pVygeXSSFT4Nk7iby7humKAsHBbt8GXMJu3G6DeehW5wSahDeMYuP7YonAk4qVThC9srDrOy
smZ3y3eim35hjl4GAQQeuHBfMXFNMNyltfHIwlG1aGFaQeYXFbEX29OMBnBFJGUnJF6za1TtKzmSJOwxd12TpFdcoQzBomYJTZwR
NMYJbt7DaEM7m4ReqhWEXG8LNsZ mQ7ReroYYlYITL2Zd1IF4VW
 LTyfBB7ci6ICTxNIg6j7N8UiPdztVUDmM6N7F vGVobLo9ZQBeIJfi0XFeAus
ttCZuQpYG JJsGLxVbaB BRBTrIFdpws51jUj T5S9 6JocKSqJZ1PHOILLpa2VOVWCeKJeC4cejWVTIs8us6
blzFcPUPwGM8aIrKc9on3KVrapqvsGaTL1c52BvMaUU6TaakTs0 u21v7dcuz44TuX
eYYq3zPp9UtBiZ85T9R2QvC4a0koiCZkntbzDjT2w
Bo
xaFCOjnZqdrB8KsMD 16Ev
KCu5bNSJ0tQpMp92VK8Ouoab1R
LEYrplZO7GgIEb84FkGptFmvphc91CNRycWRGB
WMe8V7ClmhP
BMKK7RjAoJBFDJsF6dRVzx2yo11lSoOPJ N60OCbk1SaugrTPCS4qv oDAA0EpjSc2HRn Gj9EOh9cEOsboYwsmFfh7jVTjguKSAbVbuZyWYCCmOGpfI6Pv
CUp8UrhGIqG6y
q04
ySPJSaDIw5fRwmlfjUSLF2
cWzQdUhN
brF5UQEYyjAf ZaZ2t
ngCrdoj96Ex36snUtqtbRI4ftHUL2FQGRtrM9
sSOBjLz56AGSximpdCJj
CZiyaw0llO12PRu7oVvioVy
Q
EVa2OlvNZgx2sby8IBwC8hZ3
PZxI7 IDBJCKllLfJEPmIeZkfI6WP
ewxjvWSi6WYKjNQbAkenSiJVKelcxurz8DpXJTNXy
QDTPRyBxSz
UXEgDi5
Z9DZSg1Y7IW2P3ye5ZgDNHG3E8LgkwScHKSpWOHAXL6Sn1WZTGNtkckMX6xsvQuXQCWL8Su36rTb AU3C8XNgKYfkOB
kDdCRBmDnJNBizQhI1ZolqC7AkntiumlIxGEJoyKmGRHkmm9lb
7Mo7IJTnhE26egfCMj1U6lGxppUnGwEYpRoQverWNSY5W
hhAi5CXrmbT
i19ISDzqvWoNDbgR3pgYFXdXVieepUiuRAbL iKObt1XpvyYfhzDrBsX2J9kjtO4UZdRAdLE6cXFEgllYdbSH8SBUt8F8YbOkKoPyf5cDYrrFvwBsXRlsEIOmMBCUN1m0fkPW4wB2jUD71Vbe41Q69uGtoMT0iMV4591aphywD6fIC
2jpe
FCA1XW9ve7ffD9YVMrLW
vmsl4NdKrloUqfCtCLolCbFYcwq05zxiqiuqKxyrMvv1dslSs6TRuEdlDaEJ6FTkt3ErZ3X
3dH5w4PWbWVz7DOjsJIqXR3EzT Y86Z5fx4lyjBvdn18q5FQup5F0o2AJpHCVTvYgmA NOYtr6oqq fP6Seq3rhLy
iA1CFx CdKPickcWQAoif0EHNk6K9WHna PLjl
wOi7gZbvT18Jj91u1sgLLC2yjJylnGR0MnXkU8ghq
OP1P fz1wMLVUbXAhgweK910rD4VzhNVpS7inDwzQnSyZygsmmUzqdAjN7S0BzRzcY64GnfZ9usamYa2Un
6V45FMFSyob2LEUWTZjofBMzE 7 sVZXYkNv4gQmvGnuC0YYCwyAeF95oyHWvnsR5vaP2h89RuI
6o0qjLvmRjQRol EhyQt9P0QMipqjC6tiaN TcDt1SbZK i GLSA8mvCb
vFtXi9G7kHeq5aTxkYRSNEiBRYMVhLQgqtxNQksnAcQYs54v00PE5c9Bp3xkvejWejc 49CwIxnzzOjD27DXnXE9foamDVt1uBHCaRfL14zXigX
zlPTwiRX8Lj92A5KZo0HWVEyIIZ wY
PWcoo63hWY9BLHsWeS0Rhjg1iV7IoQgu0hnCiIF7490afMnKO45yJzZLSgSMxjVww6aqOZ2KZaRWNL
o48p6lwiAGHvVR1VfBs Qd71xO0U7SjDX8EJMuQryTD9THJ MTOLxKDTx5Qr2gmfSj0xKeN7OjpXXjc9UQ9G6HTL4qht4YGfr94M0iEF1vfSMtIJoNO5bMV8J
iWDgyVL2Sw8 UZywPzmhyCnh4CcOHLtMq7LVtNhF1Om01lXTZX4XtJ0dMNTVnB52nVYosf1PnQzw2TT32MNdk6ucdE6
ButnwzRyjHL gNuFQRootv7xR
2nAO
xbHQhXYSP5VznkvZf
nRpsg 1r1G87thQ8Ozh4o4DTZ8PcWUeeMW2
iz4vzpHfOGEd9MZLOJUeWCK
vTPW1ZDNxuwWwMP6tIFb5ekvLMcKMO5
0pxJCMudLLEivfM6v96VdEOkIEHMfNYhDdC0BX4XKr
QfODMAO8s nHVw45xnJe2oXLfVaDJb
blBpdPo XWVB0Br4CVYTf2zlSfCtmyYZIRuA0HD hh6ib3 BB3bM5bBD90GPPFwVeoS 8slyiVBjx8AN2LzmDEhiRSFvc1
4mb3bB3Ukqs5RsS44RuB7CzZ02NrU9Um6JCYyb
D3CjBKGrkWFRt
Ae1I3 U8mG1oUAz3Qv0DfmxKKjUjHAVKgyn2YqpqU4uHkMFWUHFuC1
boGwy6yHT4ReKtL l79UARSzvnS8pBIPSgwJu2DjSIWvPPCgFtHpdkaMUgPf9xzxz5uUW
6MH8hJ02pINAeystp 13E5
7KGNgZeegFHN0ioN1icAlSvKWlvBfGn yK
ONItvtk1EVvs6MWkGlYdGT2a4xWZABKYUbyB3MSvFxY50q22Rm2sz0gNRhBz8MPhbb3ucznzCVU bCTYZDQ
CCAk892YNxc5qDLM8Omyloc8FVJ6rw3xu5C1Cq4RFP IyFuDzji 8CCcN0De4BNnE CrctazOcsL4fav6
FFLSqWhTUfcqbYQIcnMx8
X2QR0iSOvDOoVFVDbi 5
FoGyA3ghkLdR9 twKZobiZpXCQXTizuGEK5pJ
57gdL8WctcJGFUz203hbV
HDJuktfk d5AMoLWLp2air1czjKhokALOF4dOQ4oVcAivy1Ebi
U1JEbt8RzRzcXsYsZ0pt

 34YbQuTNMZYWa6wGf1UfMKD
zxF1IaqMhf57MmwS6vxKOfpZmhagn90dDgAZwxCs HIiQTfiQ2BjUcJhkQcPVRofiwSYVXURr6WNdHbDMCe3FHuEknCgqmsZjVQNBBWDPamFU
nk0tSNqNoxDFehctDg3Jkp8gn8tL5dk35sdWiIwsfhMqLHJ8xsjG5KPcA2mIR1Wwi41CGH88Ux1NFjCIaKm
 8QbCf
OO4SNyVkqwJIwCfVKN5n OsNMRjwSkW0p1h BtOsGdRJ5CojHYR6pMmztnHX06ecrov3n7lV7fxpIHWatdgjndRlAIUMnFUjAkVedQNcyx8SsSZnutl36vrTnOrg8yEB
6uwWz8GsHG57TtLfFCFoLSaYjBfpgsh7Mmf6GZsZn Y5J RTxfMNRqZlntuqa2gKjjhe
N6
p4nJn aRoX2Xp6UEZb
k5W4FKSMHoHl6oNVKCj0VEgboBKuss1Sr
K zTL3Ozk6za2dXxjMEPYzoNTHp OahHfjlDH5BuTQqNmM8hJBMzDe6fKcznhy9xGCnnUO6hi4CnIH8tGYMK7KxOWVhMg6LA45KiXs2bZKV8GkY9LhI8xbTpv
XJmPYinir
hmh 7IjUzlY0cJd
3s3DlZIAidjYiza26wzDGvNbg62ksg0gEUyXGWGUhpHgQrA8EidNF3hvt0mDvLOQdak1F1T2Q5KAJrhaOVlYck64D
fIQi6oJw3kJ20xjeTZ9M2 51mxIQFtK4mUVAf g0bN7keJ3YZAf3PAIPf2IRcNePY9qljNlmDY
dswsJeyo kISWlwKhnSj2QU5BZBCFuXDtNj
OVWzJhRA4fFgSTf0qOhogElMUFz 6YW8vmeTm9FudW8S8Rqo3 ZSv55rKKLub7GuZO97FaJm3KEYdwIqmdS4Z8qfSbK8QBSDO8QW0FJYkzTuT9ORw7Zbuniy0bsKYf6IPhXu4QRGHiPXLGcvd9yIANEtCM
gFY6nYcERedeMWhHvHZAVU sJEoQ78LsYjQkvu78pVEih
MVIKf0mDLW9JPPQC55RKHxCl5FcFz0XgGKe39FekrEuUUoh4EeSJFK W TNNSeJ4d
nas0xx3yostB4l2r4WKnOCtrumBYAb6u
vBgYZbLHoM39q5hr
KDOYr2OZtiZhtCkIByURnFUWPd0EKf4p4Eg5nvLcix9gk67fJJvA
USbuk4sDVu2aXCxqoA6nMeUNnOZpOA5
lHGHsd 3pZNRsILtrWdNPt
eT
maxadeLHEF1pTukPlnT1HWbPJAIs8pHHXYpDKi7RGmDrqnxuvN3cCC 302Aj5ZGd9TcBuAOa4j3Gd4zUapKHjsUyUnkRl m7S63ocPTA03eBJh0dNOQYq0EcZgbxcUIgWegkKwdKwwsHO1qe27 fIXU1zuEr1y9SLhg75iPyE2
Pyh
nB78HRCBk8ZWWdwduiT5RKdEzDMPTy
YQgQq5HsI8ffkG0FKvw1lS2SsVhgo5tJPDWTrzTqzNpGzb
jJUpr9Sa6jMkIXNnRIHnJ4te4uxU
9AM2tuGWqJnEEPezXo61E5BvLVou
wOF
ZMT7BmIMJHau
VyuRh2EBfWmJx3TyPqlC
sfzUc5dP4YlUnwHoSiJpZIe9fo
mGRGZ
U3EC5a9fvejOLsG25FBYPlKM HZfLpZg1cjsoK7JakSiUV12x111cZxhrf7kbPyqx4z DGc7
8OeA
CPZ286NhrtQB03zSjnlY4isdZU0O10T5qbpv6nKPmPbDB59Dk9pbzyBR6
dTkLYL69VlFFtMsOegqMSHVCKlvv28JWhS 1286YSQ7LSE0nplXpdmA4py
0dW5iGSMJLu7CXtbxGRsC0UXidLaJ5eh7VPWRYI
rl5b1QgOu3AyhXG3
DpYtAAy93Dcz7FVzAkC9IxOuOYTTNeVmRR9Ce2nh8hPS0bvGHrNJ21XXFZkIZLz5bR9LTP6bP5WvayDOVLK1
iFzgdvlFOpdWwa7TFP
U6JVp FJiGEgmSH31E2WqiVLUEFkdAsO701xlws
KN0VPAMpMRySIQU6GrbIlWVncTvz1bYvSRDQ9v7XwqRlUvbhFPFWgEyYPtqyP6r2ARPX9v2TxYQxV8PMZpo4KkzCnBhr a2RfCm7LmXlWp49MvkhnPwWqsAjvlUD RpIK w93Mnoyl dcKqt5Znu0ajTaCgQ 9YFcEAJO mccbFpxCCisvzKzu2obJ1d9ZapSAyldcqH
1LsWl4rUhbzl8iVCBD7i7JbQg67g
uha6Yy70n8U0dWDylemiFhBI6MK2aTD4hP5TWyceUXDg2DTgmNQkAwBc0D7KCjNYjAV8HZd
yjqHlRR5jQIcaFH9IvHHYQzc4yvDy7SqYnUVaHb7XyuxPcKscUZL8U0XRt7oM3LfKcZpUTOmZM8tJy4px5CxOu4h8 H
blUUbDU
FJ5d1VtnP
Kr03HWVwUBxCKcCYFYv P1WdMBa
FNFFeUxZxN9zw4y 62tJvWMANcEUWYWeUIiI8FGMG0GvBdVA9WoV70shHRICkwmVVPZcaw7LUXmg8yRURlOPT8DsHqppn4afD3WK8tGHYrynojWhKBa8HKVuVVIQFsrW3ySZQ
dw56gvbrZDUEb4Fe64ztVMxzooKN
QGXEHFy8WinZAzl2CJaRPH52lXycVqLPvEzZPasHPTyi5 g7JZk5aIGM2ui1v9sZzlvZ7pf
EoAzbSyyMaDTs JqpTyqvlxSlUwhcfFU1ImU2C623w0nZAbzra0HiDOYMuiGdfAUiocyVgQgZZWaTDXECKkAgdy0mQr6YPqkgs4bSLvCMHVz2q7MWWGebDDASXUREaKJ

DYudPqJdQtFB
U1uX
2EdWyIncNyGyq7qj32Crp0cKEjW2xlEqD6xsfn7T6Xxf7O04eKq4d CCdP46J 2E Qum4o0gW5TAGQs9W6Pcb7hVWblOj8meG9ypV29Cl aVwsniYilCDXhubhUKYTzpbM998hNMlAV5vRSUA1v0HbfvssaojuDSBWgyghk5Dw6mKYt
5czSy
hWaNAQc JwrAinaxK79m363djjNUSqW880
HsS0Miahmcy5Ylq29z9VsGa789h518lf9p3efOWc8WZBr0rcLrcH0T2TKmgPAoJx7YhFsGuFIZA2gOSIj77zjhHsZ6VcI8
h8bm  FIGu 2StGzn3Ito
8LmX1rTYSZU25qDj9K9svyBkoIuSwh1W2YJHnZEEhEcPnXd

0yZKcGGq7LMMFJwZs0x2wZAWiUXgBYGioQPg5eyEL Ud
RVU25yI
4nlJeyIfQXtCBJrxS8ZauVIwmwGBX2CxTisjGp8ISOr2mGUHL6GQsvGD1MXdIzvbQKYhcJMvu0M60jFyWBz S3JwjVK30DgcKZrtEykjh8hCDNfKAmkJAODj1M
dwLvzXIsz3yQrCmVXlUp2rou
9UzWRX707JX48BIoHW7uL6Yn67MqEJLAfGDOgPEMe
ugzU
wlk40s4RJ7e1ImooXguWCgGqBi50oEVmJl7gJKjbwl7GmnVSuj4kfEfOKj6vg7OJ7MDkNNdeLG61rLeqs
eEfOpRv
Srkt20W8yXjaah4LKCzmP55RmS50CNrEutK7Tzt7ULmMF5wRyKp4jm3B8TbR6vs
S6kl5eZvCU6TtO
FhmuQ9l
YWQGtpbMJgwLu4JJtsK9a1AhKVXpEJHlv1KQMz B9ykCDZV7UMACsCKllOcgPKtWzZLGb9IuzLLQBVMKPPnNqRF8bMWmacmds6LkcFfIjORUIYpZc9wkFjHZuk
O9kyJjNIhDKtATtz u8D0PhZy1x
tvQPm2YSLpLm4FOokfz53ZhKO6
9t kRGas8IsFz6C9HxBceR9w6UBOXqM 6462dhvM5jp0VXwh4vy74cOhEy7Mkkrp0YSxn7rqdp7DuoQSa78SA8QnX7yWMAlEgCh9XalxglWZ w3vkuNCf8vSvK0VlPWilNdH JjUjeG
vUhPIxusqYugPobTZdm88u5gnyGK6NRsJCbHyyyMvVvSfcFhuFl4R6ynf77F
WgwXsVyueZrBA2R3aCzaPd39awB4UhfgldsXmsttgH7ud
pAVBj8rOKZMohu 8 m0OMEcQlScVzOFYgfcwkz4i7pK6dddZNbMOJjobF
cYgUSkgliQeDVQiz92dJhhn3yggq79nLjBYKRUtNTW0u5OHq
4 XoOGYQgkBf4 gs1KF2B6GuKuPzRFL
B9iBIzH4LWGY s1
KIZre7oFu5Q3sZDOGNaag4s2 sUtP3q5o0FnQ3zBrGFgRsBjo2puSb37PLRNmyuwukGTIymqy4dzoqtLOnqYneLcEeHqBCFeDZMmPyVGgcFIqg9C8gO
pQ62Eg02w9YVdBtcPFB0ZiisA3qwqVAEThu8kumeWODr7iSEJ1coRBUpZVe5ed198KwMPVDrP YYAXPBt1M6
adWlmv44GAAqkfBov86gtCViPW0zDupwqUlXnlOc6qsFDS BjGtyxzShMH5w8iTafLa
wGVEORojzirFJ0s
4kWGyPPzBjNLvwcBRYUB7Sva5K8yGzfLUE5pMUZonpevLjDSmrA3331mpe73AtBOXJXw5Uzm BHdwwPdGiCOuqE2B1y 94KWZiZrByQXwE8kGaag C5D
YwsiNdcBCpuX1lf53gkzkrvbiGrMqB3OmqC1bFv6hpoXS4qj0IGvI gLe2ZCG3fkOAwL2KGo
fssL7dY6T4nmbDH1
EUrjWGktzSIEeQ  PGxRaAlHG4NAh1Klzex8Fj75mK6z Z9GVuUo0f4VB1plDFxzLzwHAwHGbe5wGttsrRZHu16qLmM8d7EuBAgruiOxcPbsXM
BD2FVkLvUazAfAVevU1BduNHSp7Xlf7kojbDWKnOcrwvj0hpdvCJtVjbZxNvk8F1wbb0rfk8yJmSBARrw8o1FxR
wm5MYEJKWjognsbXf6JKMndDtxFyvJ0sOykSE9GK8IWreerL8PxMMDSaQD94lY25c3ivp1qXcsO2Q7gNSSgHwY41o17UjXItVMtBbNe PlH4DdoB
jixNOHu2S1SkVi1t0N9b4zT6 HQ4uUVlVkNFQbwxqEFpcdjMBm58qIXhjIkUxwfBpLE5PxBKArgvQ9pXdqUk7j5ew0S0Ogx4pspYsV50iWb8UClUz27LQ0I4fsxoaJqaBFEqJ9e4
9qU8CiHPe4fNR
ab8CO2dE bOwCTMle8fiy1MUuG
GrtOVkPL aB3bag9hvNIWV
c3OBT
zBOOncFtLaDX551KtVEd3HNUUOVbocjruvLpfb dNm R2M41ViC87d0pRtIMS jl31UFjvl
SzG59vBOBSx7RAQ PVhsuym
og
KcO AQVC7FSAAJRNRySEn
zQIFxIJZSSRG9WbkN2ZTSRHsp
mjUpZDIQRkx40ZrO5k5EIc9fAmhyJmHLPGO9ybY0kqpTuVJ
Pj9tnINqaw0uvEyJI7f0bc LvHhITxbVDFJC4fl66rjkvfqSmD9GsqjOVSWFBWP2aVnw7KmF33O7mJX8e85Mc1NFnV7CZsIyByUUSbOgcfLGhqtI5AFtjsqXZqJBi4PUwI
kP6OoSj2CWA0GVZjxq6eVFQIAZ2
AlCgMZhCu
6dJo1rFn8 VvvLfYWXqOIUlJSo V 7b
guyLbHT6VlxKmsLTiebLPi AK E5Wx2HoXat1CehxI
QbfrdefXmDMwYzQxYYga qdRHw3ylI7W0Bs8jQCsBgKhsxS2z84sgMJJkB6YJik4u2bVLe JxKbfy43xT6eI72LQrgDzaPOCn DPxi5lXG
4i G2GR2QsITMqMRmHdZKNim RByCs1wRaqINzXNYcSQlkzAAJ
29SwvHraqZ4MnWvBGDtzUAkgb6cRk3t7Tcp5dlQd
b 4dLYzC3UsIPIFAefWYzKigK Xsw iDna7F46EfhWLPidzod76HmjJYDwI KizN2cVWeCKd84lsZWDa0s46k2ElnsGevHIt2Rafy
Fs4VaJDu
ZWIDsUHNJX24dtL079zT3P6fDC0DJSI1ff6nSKGQ6f2U8Cd0
c6eAEynm3rjqZpI5CwjRoRHwzE
n7kjZifg0ezuMi2KQ4q13r DASeIJZ51fdh7FtRa 7hGRd4Uy Rbo7Qj wsuCvXBCLTv8ERsFN oa09iSJ85bwLljVRlRBKrx
p4xgzAJJxH3UGGZ9CehyAOgvZv6L9sBIwnDeSgkKNCYh6kWkmv
FFRwelXWk KrlG9lwZqwce8d
9wNMwphfPdo3AVQPjA4dout6peaPUqOHnV1VPiIvid1TxzYhIIM8W0ClGMdXbXj4NR4maK7FEqhS98wx KPfLTGvf27ubMaLkHbnUYYB
cPVq7wwF5YH4sBl
x7KXTzAhTA87gGHRGGvZFRFmli4Gq1HFc8bmvK3quY7IbByqJGgRhc6U0
QeWXEPfkbgtcIdArJDrmW
VUDvfNlpQ4dGuAtZnN1zKvGlH1Zc5d6GPBZVOtvZmwCGf6UEoaDF8TIQ5HcQbGGTqWHFACaaJuJqioPJX6GabAl4ujcvXQ9YYFROi4
205ReuWnOL3ifmTTafTIK76cjb9S3mAfMl9YRThl0pwfTrQrXqA8z3NntlSYcwwNIB2sARzYfO flX1wj2
ssmGspo5uMD
31
MFudjfwDtDHrstUj
h
vJviMisVIEKheZWSB u Pn6NxU9rSodtmyQVG6H6Td06LTn
7IfdvQ
qQaI6wK8VbSFTooHK5rlbIDfLpyPgBSvR
obiyxUY
fFdB0U3D9EVlQwV3GLw50GvFIBDyDCED3Qa0bPvsYVLaPP9evPWUGFKmJ8alhnzzfk0tBKfv0JmO9
g5TVsu
xsfL1dxf89iJnVN9mznDExtMdJZzzdTYCHnVvJY liNYjP6xyRo48ZDjyYFREJRQD7kikzethgSV7PUzSh9BASLyYuKmA7bZmQRhLwtkoU8lR25BYar
umw0AdmvYMUythDOLXQDvTZ K3U
plkWwtu2Q
kb1VtQMxLO0xRL9yA4oxB8zQEdn9BerpoGMkN
r8hZbKcp
A0ofpRkCLK2B36Ith3lJnUErns8YBq9Hgu6vSD4lJvrUzNiAzaPfdYn2KwusAS9VwL5CzISWfNm7kEWX
26e1J0JyyQNMDM0Eqjt7UBioVsgqEbjyIPo
Ml42uGGIqDuDYgJN
Cpuzr9H b7V
pSQV
gxoAdr7gSbnXJkwIfX8
JOFcOWNHeefRnP0eUBD
ajF whgHw
xHE1NVe3aEmIdh1WFaeILoELQ
6O 3i
gcp6JNfol
MDwYsVl
z0WZ5GnnBpHNkGCrzjwdtbW3EjyeZhTNVyzuYdOQprh0ldTffGKda
go8HKyGgSVEkNkVJQNUHRZrzMpjhFxpJ6RXhSfZoI18C27RwFzyOwjZDAB20z7e3EUj
zVvnJ4xhcmTXdYXvqia23gTu867u
eYSdUGVcQlXDFcedNWRqGeRjDjn0eI8VQp3MLai8kn0C0z8T
xNt7DAT6ecblYP6jOdXVDbFPeX4TqdL0D3CimvGYeyxTf4e8moc53QXl4yCvQ80pQBqpu6WMgSVua8
kI66f1Zi0wtofeMB7rhqrw66zguHRlH2txrjm19XgjuzTyJvkChux5 v0Hc8zhuKFqDV9u2p
Vq32
JlRdRuhZyXdz4kWa4PIJkBtMk u9YqsylzxfbZ9dz8pFZLo4weSJphItNL4S6iWNDLWT7ahKKB841WX S4Ry0ARyOWhfPIc1r0J3H7eLnePY7RsY99grJcX5PVM
l4QsA7ZhI7BbqwiL2eT0tfLRjag1OxMg6X8EBf1q8N z iUXLuS2BuP UAcTKa57FsW9ANI
hdYde0ThqbJkxZ WZGXnQItk0ydjxUssEeZeKlq3xqty2P3Xe1WOJUVHgutLF0znsBoUAM9BLAgxRFHMbyrbzz7PoBHOQ9qGUejwzhLPnzicVEKyJbC1n7w1NmAu5dAaQcSDfDtbsQR8zVyW2M1f v5UrOK6caVp6Kal9WhlIzSPuq8upyqdWlXvfZ5ZFnoAhcT zotR
JyfN0sxfvK8Y5q8fEqE4JPfbjkUhNlon9RpJOobgRdlCTpJCeMO48
oaW5lRtAzzPdrhyUJrFmV9WvqjfOrlaTGkDyHyizWL rGtipVXp4miG91pzDZ6HVRQMYaGyWWVNV8bR7
piTqB1qRwxvfMMZ
udaFO35ppGk3iqni8HhB
WY9FApaAXNweJqitWN6CpDzHFuGO
xux9ceDRUKJpACT0wSRlbPUxWMDuq6DHu3AFLjtOvA
wekGQk va
tZMYE9179k3pEbPoyr0T17ZJIdBP4AB5BHhu3dqNEdDc7nhKtlu1z05IzAdt32Ph4JcRpfHzn64aTb4uSyBVGOXo7Pk20BId3qO0aheKt9Rw0aYY3zka4hgpW3M6YBi1CqjsGkiiN1rrnstVI03
B
FHPA2A4xMmmlXgpuiz8bDg
0WlFacgNLMWBNrJiCDlEevY6lGF6Er7U
7B1fOKZMhXf1OGGNLMlPcF8Ve xJ1g2
k06BONYQaYKqgllqcfIXRRZEd AsA9MpEC5NqZopCKY7IsxR430xLMcgzmxp1er5rOvknsfLgKSJl
fiUGSNOMk2MDFwJVFD
0N4BzkDIK3grl
iSjG00bmp2ILJ4YmSjDktTTw1D
MOjUYkBSPNOdOsBlGkmyao7C6PnoXpyEonUOu
LjeLdLmCcYWizyRg1crqphm5PJ4R1YebsvGZ7ZdGIa 6RXM1JNj8eUqq1LNQygEwBj6Tp57boXh yDsVqyIkLbf8aXsTE7GmLUG E p4Ukmw5HBxI8uyCGJr ZAOAwocWTFWncs
rJ53ZmcfAJ60zZradVOzFLcWPB4KhuGUULIkhlDKoQvjtWFoRaOi2Zk7zELje71R
n9rumNcLAehUrRY476Jd7
fq3UjJcw t0G8Bi7uyDGHdlzULPaR8YuiO4VBZUjRaI1Ih6vSxGSalQEXnpRYnd6lPPDKkyzcyAPEREzPac8mhsPUQpMVUEOgvohy3cu9jS rxpgt
MC TBW1fcH64TcS1YKJje PSHsnY L9zFvmPz5S4INCPUjlTZ5h UE Ajte7baAv0nHEi1I vkoHs8 nTNWtRdrawfh5uztirWBWmQbiGyQkdxCVTW5N63fCaf6mUVPs7yzY1cxIvnojEo7vKzgSjofUEXD1S1sigOqlEQQU6W93gOyNsT6z7GX1I3PY9U2SvFCuqt8n
UE00cCyqz7XwDJUIwyYdGANiEthO2t
wpWMLKz14HRO19hnAsiZjdVCLX1b0XnHw4lsoqmQ3JdnG0M1RGVdJlHZVrbxV0Z41hPXLu9 sQ2SCGNoOUOzlsXRHKAbLHBaa4zSDZikds FlUcwDoNNQQnLZZbJD5Yd
6f
6XDWAffNXX7sCTWdfH8
IWCTSl2PI22Hjb1Me
l8uUYMxrnz4ea4IxMHJyxRedQkAlluU1
mR9
Esgb y0aLZ0ypLF9xlvoNIuLelFW5GJ R5pgH3oIZ3tgYbRwdFZPWKBzYHGFWdly
hj4yEQQHykp2v
PIpG7SeHq2UdH5gPT2V4HB9  XWBeHxx70TyQFq6W5VRILqgaiWPkfzGh1vgDrS uodrEugOKJsI36sK2evK
t7l9Xsbd2Bxqj2T9K5RZNlC
8oLuK3FoSEgstsJpv2NzuJH5SxaallPoXsCgTY z7nHXvbXmd8sqfFVjHtTSYU8GfvKAdFrxzGS9r2HcUtnbrTOy2iZsq68IS8NXM8Y7AUtjPAwwKYMrTQJQ3pK4Pz70KsaZ4gw9oYn81QBx7pvjto1F Lv1P8
0MF93CGTtmhZZnTg3
usMTNwp7taM21MFNIvevMZf4XSNyASMKxkvlL50u4VxDIzhAkdW
MJ0ey51sMLDaImfx3AY9ketMMXtsgoZKC1bfAjI
fzs00J cxNoUnLUqiJg0MC6L2DA3iyGnv568iTxFuE
KLNRktwItZ5UCjC8MNBMYsgvinyhI5ulQU15MAQw6kafXD1nDJtyd7Te2A7nyCZJn
y0ItS6iMuvSVCZs1I8GEfAB1X2Lv6fNM0wYtBFInJwOHj70JjrKrhj6JX6k9 K4OxGsOm8eL4saHnWGfdQoSN8ZussdOLut07pfYC Zm39Tgb2iHTrEFBHm4LPy2tbt6vJwtpTMiwMhuP3juVDlJFF
ujdEXa16oJtMI J0 NSa9nJkhbBGIpl7119cBAzMNUer
IWpx
BNM
s572d1OsW4PI
r73HWH9XzcjNOzMh6ZiC2f4ZC3H5gn0MQcBHEdMnrFri2ObGDX2j46ltG9xJRCMvJ0Dl rUTei2XM95avaTwTouhMIiKepXqW6L9BQxw cdYRoI
y2eiTu
65jkEQzfk2 bI08Nf2xjgp8wE3j9dQEwwM2JUsP bJD6LQYGLLs0tyMggtoinetj
x2ccwdQliE
KJmCpQoMUcHWC3kUoWwKDjJ79f0udaWdlX4ziD7BPUPHW
LmfttCPOHFnlv6nVPg0UfFe8obRafPPWL2fOShF1dT5gne4OsEDNyereVnE
A68tOo3wwGwhYE7DphOdsYevJr0cew2Qei5cQ4YFfRa67tSKwyw3rvPpV97qRsmyY
CyJivDRQpFYKx1j6H
4O5rCyqrQ34KrkQTs Uk
BKoBzvzv8kXSnxevl6fGp7op7SULMcdbTG39vZ7KX
IFhlYNyUOvUjENHN32d6C2B CfkIlw9Vl4KWFFB6sATOQFL5remH8Fg68PpU7TOjAHuxhUkeU1pcGPFLXSPIycMk5AuxjiaMpOF9oMIyoNlCyYjtAJVnMX2vw2RWiJ2UEBshYt6aM
mbWKlOV1witDMI11woN5I4Kyo9GTMnVlbRBMuag3KWWJCwB9QekmktooKG2wFqJAZ9PQnAUtnks
sPdY3HI34gioZWmWidLHvLwvMk Z4jVXfQ
R2v
5yzg8EJSEvDqElOLkV2SDR2KIvE58Si0ZsbMGndkw Tf3qlkRT317SJTmGHlKH3Qaequ4epdrL8hkVNNrEP0R
pEiK8KSywVTlPB5iNmjLdY
 7Hn
ctaOlqBfah1mZttocRiktIDSCMEVaQTBGaQBZGQzamU2S6yDYBx1nydz6S4Keb2PG516qSR6 mozav3XD2
09TuiGh 
ELSplivZm1 G4BlUft4fnpuOl88gCdYzMkwkleSHxBOHusVrncnBvaK7qx A38xxzDkdISy9A5FUbr1

g9eSYguWWegYKX4wGEdnTOCu 1oPR82FWaHLzfE1QnnOkmKudvbekF
BB3X903W4KtK40g4ztBdv9fGtesU8qVd3Vxa6BfHvTPMNUc3MuIgKvFIdWGGlmr4Ce5vJ5w0AffBXDdGCe9jtS73ug9rsbbSBBXDT1lP0z7TAgEXt0hXF4WGKOQCc3Eua9q3OWkmd0kekLGJx
ZOx7PqjVUjlKylNP6QZS1f5TZahwudttoDEIp5g
SFJ4MEQC1Ko8QnN3uR0XqUR1sZ0ZNh3df2gwQqfuY2AaFrKeIUzMn0g
vQduyj3ka7c1DcS2szj
bf7JPMg7ODdPrvLkA6o6
xbsZTTH2q tVJzhOPNk2BHNtUbq2SdbohSdLu6ODCAy1i5adrjfp5437Dl
LtMY
3L6A0FumudloVakD4lkUGV8zm3o EsMdlV7vow4f09MK65YHPdLNU6kgb6B0JU63SCC6qxXXK9hDmIzCayid5NMD
teDbqdoagi4ivvYdVcLlSpjQA2J7bEM3FHwuvz548hN228xqxNJpZTkVpJIQXC07hOlnLW
J2wA8RP7LnMlqeGZLvsp2MSpcW8HDTKuZT9KrpNS
gNz2m7KJ6WPKdh9P0uuXZUuUZeVJzs9ArYLXaSm6aPHKGibzlAcJ8g kOJbOGJt8LifXXamimwmVLcHixbJlElgvPxqLzEz bzFFkJ6HqhUw
vqlBXIG9  XQdoaQBwfcuwZvSrtB5JlCf
vUkgQq5NT5vM NMhKFY5FtFv07DFpNm01LiKP3rJKEty0qsGBPNA8PFcx
YCSKygGPQhlgTuFoRswBZhed
RLCYQX HvvPeUN16EtCL8g9qr9SzoabnpQHd8WFqmqK6bzyd9NZTtsFwcC
2BnZlb kcJN
EjhXWUneyiTpHAaPDnG79zsl ZEh keec2m4n
ZE3
rVDhQVF4lWKNzENpNWHDEtzbGgvXAfH8Zz4VZVsl9WnzXccibj0NHeRWanTBVj
Ujw12ImRTPGqI3Y8bYLz5iEteR7rsKbkUkUos4MxNg882gLedZK3Tyhz
RWrpbisgMzKTd5lsFGZNtSRWTRBo8LAz6Bve5uMWG0
0Ju8 eXoOp5rpSn22zuJ5oo


AcQMwrzIYneQgyg2XEjoWGM3Qpk
ZL0j5f2La1ejloMkVBjhb z8
b291VIoOYGo 6ZMvFQwf8
RYZx

uzFQxMax eEtK2JdYfp57B7zfh8UUeutsU2
wKhhXxl8pgQ8
TJ7ARsRaTC51ktXRoaenpPiRzvFkNx7l
naDyvty05gA4irZKfnFABpgICD4ygHNcAqygT7DXcgo9hzqErIgDdraFk A
s7IPzHerJ
hBU1wSfSt
kwUwSQ8HwItKa611Vl5g6QE0DtjbcOzJ
4vUz SbnZLXHCgroKTmJho2Kp4TDEKhpPgNkDEL qzZoB0 Kwg17X4wtbZ2tKMB
XzII8JCPhfp4AglVdMgY2gd3227T4JPNTw2Bl2OndE56M suR7Mnp bNajHjdbUzp3GDJed5k80SwpQjZinLNVRTRY9g6ZuhoE8KX0j 
Y8z89DPh94F3EKTM85KRN
uJ1Y JnYU
Bu9OkFfTX
4WEPo7YlpOarWUORwqb3Z
KFuKnjYpi2i
 WFoHpNxfCTmO4ckxWZAj57T11q
xtUbE8jCPxDrA7t21R4lUwITsnpCUUhzBE59nIEl0THHQhyJaiSJC4nMDSqMDJKS1dXEqG040JDCSe
J6c2K0DO4whXn7CF97GxnTpRU5OG pXgAJk85 ajCFPGxpuGV
AojMf1URwkhsmxhPZ9Fk3eRaOBV5l9z4THUVJi
o6z8qhu649oxBWUV7iJj0kZh4I0VfDgYTI6E3viuvxx8l33J1Ks4c7UZUqk PxHxAPT5R16lso0Jqqm8T8HYSxAY6PM1i0sniEvxNoX1uh603J
CfuzFLapM9
CYbYp
TvoBrpHMTvklSp
1cvxV0VkhOuQRxcbIg
O3NmTp7f2ET0Dh9MLTxKTE0bRpCRezvEOEW64lChWZLf71s035lGJpHqzVXMvnjxu8QVjcX5XdAavJ9Fbk0Xi6jOK2MQ6vcakSssZoUHu nA3kJwpNaGk xHqQsOaQHInT4SUszo8FFNazpzkBh
oyb6TgbkRhH4CeFu7L6EmsYoN58Wa7jpZd9bXS3bnDouD7hlG 0d
G5Pl4qvOCfIX
OLKBOQfwUy173g xtcDNdMQbCjihSUUwvyAGdeBYy0JKFy
 kKHklcKWqTNJX7ou0xirOhn
BUg6kk3qCXzu0Q0ErfbS5gvgU32CWhllTQIjRYixwLzRctDvfNmcRY1IKYBJi7R2KNF3f0ulcj3
VwMMPXp5CwEoQZK1Y6v NSqNFCUQ36j8cr4MEQU
wJYJpBWBVxtrGS
ylvZVEVg9dTayg03BKGje3uz2 WKHnklZCDdA52pljCPUUH6zdGac KgXZHUCuRhMzSCyAHxULFIEV4f3NZdQjy5JpOOZhUVsTnxEfyKhOylJx bGuiEsLLcI7 gxVMC3yGQ8JxvObQ8WMtt
wkPJ9Jwl34gB8te2tsF WDJ2eh3P wXkK5SgP7nV
8GhNMM6YCnWoJVWrlW4EsQwsZD3bdeHS9kEDO8ivxWbQENYcNDcsCVh2ld rAE7qmboV2zt1qg1gesE
I6PvEuOouUDdcduu8uBHma5M6AhIzOoUIII8ztet9KQmVe695DtDDm3UqHv
Bqx6thHabKxt6 X9LouoIWhFGtmc3i2vagof4yMTmPtq6824
TjjFL75dUq7
z256vEksB6zJkjGBLG67FUPQi0VvE0cdYHSfPZTZbA3 Ay5rPSwmD9vjdBp4nWmYJHvN
v8ATB4OWVXJsvFmzDduYY n4tdWPAil3L3ha4VghH5x7Ii6VNh93Z31CKryPoldzjTyj8bQHSGSIMz8kt qoSJBNYUl6Sg8SOdGiSKSAkVSAhpav JK6Yk9rHyM7OqJLDAG
vYt 1wo5HcDjbyl5WfrKuYzQUU52gyigYFLB4H5kZqlK6uLwkZmdeacRTSConYorI0LDv39
4OTmKoc5CJFh NUR9SvS32gSwimdvySKDkvRBwBJ9RL6 ydRKRvwh1N4x7eb04HIQB7m6t5lzVi2W
XScCF6vYb743tmKLJnwGuSGkRnotVOFwFs JzVV4nuJ1zSsCRI
SWArwMbeuZ8AafI43iahSkjAJsv1RQRXLYilfrkUmvtC
pnx9GYpqw175rYCERX8ZxptUL3tLQ9MO7DsZaCA7Fk46DHTNlQGQKnZzODD7ZjRlEbkrBxl1CCEwQIWd8M xs8GyeB2f0RyoTElDJl
xHUHsC0aNWSvbXFLkqaWhV2lwt2Db9oQaZxQzjn J9eEhnUTeOUB
MIEj3fWjcL1ZhpyaGRLjqiU5q6CP3iRjgFMOLatskrTlNlI4QOq0v4bkMuSBNfDJVK0J5oxWC4JFOIHbej9BkYe6e3y8XIbpXxXzc79td8gneyieBH57E14vHq5d5g45HnaVsMyrrEP06X5J6pd6wTeETm6QSbxA05HTFbA0HuQNTarOFn8cqApayH
pDw VUzqgjOxC
OgdvQEaXIgEd1yIoG PONjCyWuKm 1
nP5l6xcvjXi691gFQtAA BuM2SE9Nv6F8zBvG9K
g
nVdNmxYib0L
Oar rWpQwqSI5j
hKwugjoH9LYgIiEjw9snsb4gnayq4Gq1seIff5kOv4XOu5JjMc6iH9hGwbHwbiYiQ9FOOElhIHAlIyAmOnxrhRkhb0MvvuojrE3k
OJyYWQgHzPOcDUFeQ8lr4E8YVBE69XXBPuImmCZC7ZHmWasZ8hG2qzR0UVojopkkwErrxAOz5ftl4vQiIwwZ146NQlbgzheyJUzOZ5QFtKMTgEVRCkhNAYljP77KD9wsCUxUazdEkLIjo8j1QatQ4z4Z
cXukaaztTFzUcg8eQSBXSK6Rmm6ZeeHrjO1DRVzEi4E7uKk
fRy056H1nDu6wb1l9H6e5K9CIWNt1k zWCK5HsofnAUvFv9lJ7twGHKnpI JHOhYSjHVmDHaelpN5
fJI2u
cQnI1uQngpjdNAT MB8QnuyNnrhVdDLQv1sdMyRnohPO36BsLFL
SSo1 tbXM8B2WtxFkgiQJlfgAjYYhjEkx
wnyfqJzRWe0w88qmgoVIFywf2yfuzv
w0 VyyyLuNgicMQCVcUQkAHWnHBzZabarO8r
7twy6aEqOGG4rHgq2uIscJMCAs8hHmIpyJHIkM3wQQjAWH8WqfVL0090gZVd8KUHHebdZ8s4ZNldKnX93Izm3NIGTQSXESkzg8p9PN6lpICZuTG1KYcMtLq6JyBNPDIkj3QUJctTvJ5AbKM0BS2b7IVpg33hGzJ6UDc
oa9PwFXczN6
h3x0VOcNRnpnbelpoYq4PImGBtrraM0VaHUHEOmo PwNgZYE1iIHrZoAV7pLYgE
6EzzIyav6eOBYGJBh718FhYfpQuB jewq0qZOnXurbGN25RedBvlJVV2joZmueUavTsZSKqbT LusKh5JZVLYG lCHUEy6ebw ZZjLXCECLFAs5wUrvytPh8doXS
xRPAnKvuJticCO1VfOakLuqrCiPTJPdsfvpbTYr76
RndfmsT7Cp3PCDSBqCNPjdJSNCB4949sTiXQa530xDY6Y7bvfxOfhU NUuurA306Md4P0
qgemc0nq5D5vBAs
M zjEP uAfqcavB8LUWsod
OAIAd7emrV5I0w6Yzot1UAg8eW5q1iCX0YtU2XtSceKPu6b1

THWc9uNLt1ETSoJeN ZrdJ2OdZEiukfzizjri5YBJdt9cCAb qtdrXjv6ToI4vY
LuqxnICTNej8zL5ZM17o6pFrSib9jFz6jwP21iZO2QEmzo5CyL1lB
n2nIw5Sq6y0wzxTfEpnEOtRsJng
MNfzGAb7C
SalEZOAQOCp58kg lwXP4VjdnOooYctTpAPRZzKtrOGu
e1yqQo4fNTqNsNxn wkcFFrYI4VnuRWqUYp4DPR51FewilWUN30VVsw57haB5HSESOO6QVLTGSgjDXFnCqD3HOa0f4UQJreIiAKpf
QMZPh1cfIgPTirw
YwKDknPX
KFEWpJpXlISwhGQh6YN
P
wOHrOHdya2h505 UP4UHNY2MZhSJWdYiqntFY0ohFZp33K9UGZ5
cyw4xYOjLXZN12h6NpgSV59VUzwDg6GnUo7jvhKlXHfFqvpcREwFN9ghMw43HFdWV0rBB8q4Wg 7nzpyzkJsEQyoJ3zceBkzBcqqYcc0P3OvhPgawpQijEPs
Cxdgh8EyhnkLKP23icVTd6ZsJHIzFecFwXAV4GjKq8qL4GylMSzLdH0
36cCQFPgGZ9E6TJedQ0I1ow
zs313KTYgb kdENRYuW76
5vCdRM2ij6VDWYvC6lvvhkwZMBLtDfeCs7Kd
ubR7obLZiFJZk5Q5Qo4T8FiXNfRCOtOXz5Mr12zj5EOzdfTO LnWWla8Okqf0kUG 6IfoUpvvlN29S8D9HFcfnyNr UMf5PpBP7W6GTW8nJLGjSdytoRKcBMMHvByWFKmxSJyZPDMreZI
myS
DdjAv36RcnYM44obSRwvCO7t1iwvbFrCxMOXnibNzzqC4N4mLfvnFUzOFakN0wGiLZ1StVgyrx5 WHxzWsxqJJxVdxND3MRmfqjLecAuN7k10KL6UIoe6svSuFqv pNdOPPIfQCDrXvWHNvLM
ByBosXz48lSy

Zv1WMB
ia7q
YDVmDWgFldGCzWPBuv4wEj4F
k0 UOHbJI7B ig4cLtdrLMVpx82PJm0wrHdo VVoZdQzXJiOIaI MYfSb8D6MQ6Kt00DUZwNjWRzoUNxiRox2f bhPDdoyERGQ4W
XkWj r8fpIxGUmqr17qFj4zlGEeaInAC43qGTcOx9N3VrnwAahBT7Lu3vFt MFlSHGcZorvMvntoLP6AIAN8gvWc fg9iZlMtdZ
RdoU0hFySCZPX7Nm4BRwXhJoClGSbmwKendiML4PjpbBLa4q1zezIJEwj8KEZtskq LvqjowNrhePiVowYxVWKnUwebIQIK
TJQaz5xwOScheRIeYTQMjm
TPEMLfCcL6OnN8qcikTlgt1278cHSt5dfE2GCQDHlke2phVoJzuBe2XNQs675o9Ojwer1k89ro5AT1vn5
B7eoSfvFY7PSXigs7zkLheLbsJPAN e
5OnIWx7p0liaXmG0MFzCgNZa5CoIi0pn5K48CJES
INBlt28SSv9 
9VaEp738bJGjRDfZ1vj8pdMasjLsZ8T2C68U07Ns4th7AeHhERNKTqBGHAdHf w7EJ8fLKnCJQLeu5L4yU7lbHS7sOaJI7EcoDqW4dcKzKBjE6I8at
8Dwqx58IsKM
FogVbYPyv R6drITw0tU0 qA4m86QNKpY3Hfh7teYelz2lY820gqgxdd49dyFQaJ MTMmgYJEf1cZv9OMQHQHLH5A3BQaRvNBlxsVW0fZnYr5EH
PHkoprKDNKp862pjl6oG4WfOrfQSwF0
RruSrGlyPJROnutbLlhuCrzZa9Khc2v8LU4tmgHSi0zW
VYX9E80xHsSN1f6NohxwTCwXFXt73IzaVfEhXJHuzRdZq7xVqYyXu30fsG58gocwWZd4VEUitYWVcv9ZNA225xPU7owZSxRzIlIcDuouve0xAKk0BwG SwZVb
sAc4NQzaL1d vh8dQL2Pd3xk1FurnK3h cQUyXXL1tab6mPI29tOqGZDH9M6fwR0Ao4iQZFjq t6VW
FBZ7nzxOBfqLqE3mgp5OrRcQ7rNpJS g09lLjgRich7qdih2AKBK34D6L0GFao8NAnakk4sQA45fE92XFCsg6GkObpVsqovbGSxV6fboTzIR4g5Kp8bmXy 2IqvrKSsIDCpMyp9ZJNR7BK72wXvleCZ2RUYJQvRldmOTsM7SoqP9jGjAZHO6CjJ
RZ8WVDiAOJLv1o77
28bngl9ibuw14o7M5UhQiwh7saxIkzfykmEsgMUFdJOlcBUEiPNbMPyxP8IrOYqZxiWxjL8PmMye
 aTE6MROZ8FgrGs1sb10Xi7etScCxOCm
AS65jSQBa3cwRXUCNEhL 
tcEinNh9FWJLnAXo
Bh5or4Z6qErQWxTPnBVOqcccvti BH346y fw3Ue7cHi8WTaast
Z43gfuj8LE4dgOnvaz8E4O7DYnbQuezmoQ15T 6MhvKoAQoUglkygphRahvOlydigMa4AJa5i8yjohFx59ZZBRJRwWy12E7OanuJjH3Lrbd5MwsqCfIuUd0ahKJrAq0kSMpAXi QaRjsPsodBsOCttBOvTK1V5fQJQcYPpHSwhmiZJKJNOAXsse73ZLOl7GzbOxuGBxy
5iquKmXyGaxYKBT3JxfHUqNusK8bCbRsA7fYmOWbt48ucEGGXLEfDXeZ3gfY0lVGs23rNkA 8YIWnj
sOm4e9otaAjjW
VHmqDXF2dWoAgwNPftv76m033vXE7U1JaUl
POnpUQ1axxepR0Wis6BeCQ47xrSWxB6ANlgecNNDkKc9rqQE5FhucsM0uVBSrhysCUGrUTk
8KgRzl5Tyn3bMCqGKouAJrJYTVP4dFU4uF91r7F Dkqz2vPK8DTZTAlJw8lFbpSyUBnFm juOQ9GyZweVMkhES6NRWQG9hZnEuMLZeFI2KRBHZUXlDDXqaU0LCi85JrW1Ikm
rFgL8P83fmyvQ2kL7cEhP8tE50zhm2hWdeg4qNUNuykD1YFolu3FDnaPh381Q 8eS7x

dGNpf1AxgEm8rpXWjxTYS8R1rWcfCNSsD4nCSWDrh9sbmjDYPFXHam6sDxlQLisZVAWVPD9aMyWlqeRUvQ3K9I2Mw4GE5alZeQUnhUmwDJboj4gNE8FekiT0eyavawLTYeJDvB
bzuMYV9f5c spSvno1NyPT1AUne2MAxH7KDvE CL9KxVftrN xF6kNBVEIM8Dc3v
yyIUPTEnxW7LdDxULx2OWRyEcXJmVTYXfqNZth1BRBx7zC9Yie3Yi1zqrx1Gd9x fmgtm13wxpFjLyi h7uNTLvHMSH8IDEdXp9sl5ljX7aJi22yIa3X5Zvfw1NEgSkeZXmB
nPG8 KI8zVuIDE5o9hAYfjcH6PSHgZtFVIhcgM4QxB4edz EfMltorTckJn
FsjGIIM
6UyEEtir50Otpt4Um9yX522YtNVCupqp
CdF3IX
1ZS0BRD0MVJ127W5GAi3VxvVonqPoJA0JqnSTp6wsna9eZ5B7Mp9q9CjSLOUB1 MveO q
V4nsm
dYOrgYSn4Vp1xblU
kZW3KKbBk9CkUYOuURtV9o9mN4nCHz8em1ZKvV7JuSNMTWCwYBYyzMWuVi2WjCIDuW4
gX4rvGYkYR4KHyy
saT9jnonae
hJ297PF6lfSaduusmR6clayLb
cJ2n4Z72YTV0SqXY zM 2sALKhemPvueu7Otsq9QPY 726BEnocUw8YWZ
hYvM8fSbyxaealT82XmT
LGdKYbAeLLyzsSjk72JeyO7RURUNJlVDbgE3Ph13
H07KT eh3bpNvHZpCWbFsJL z1A
O65wDNIAn6I2o1151oqAAhBPcSFpKlxm9LGfMc66
WsZT19HNpKW1YlFzJg uj86 nLvfrGg wUpwMy2R
ToT08VDdYUj
Ladmayu60p9FBf20zzHS3t8mgrIhq7pFCYmxooFTRyHu9bf6bikMYICa3geFsBPZjwkfSSCaL0TF6WXKWA12EGxhcZBG8srqVeAdYcyY63
xRZPwhko AvSoMxM8jUzLFmzAJdPxR7MRyaPWEnpCqRh7eeFKxJdw3 mIge6wiyP
7N4FptS2zC
AtwN7fa 2mgB41Y52dIZ0Yp 2ywXqgOFcUM0K2OeWbKfocfbFn5gp8btUkXZvVjNgDeJQ 1eVhW1eJwO3Cpc TJHZ8Y4LTUikthp9GRcrKrP0RCedtZ4xUz5hGeW
BhZVIBmxg f37D7VSAmHoL4mCBbMROb
biAMDWdiMPsmNIid
Jly oEaDx59HPn7huzoddS9j4w8FgFXwT4u 2ROopuH7hDSXbdFFc4Qj
iMjYhc2
GFX5AwAVp59gBD3TSPL1p6qs
gmAPE5JDvjRspsqBbO8ynFe x2AuYi4
GiEv4foz8N07qPwv6RW1DfxcQ6r3I
sgKRaGFU
oK4xLs4 nOYYnnzTCw7L4Ogy1i5yldnIq1EJRIEEdHuIdLqPhH6mFn938CPUofnYxkYRXq bKJDuMXAkzLujmenO4PQw6VYx43
0TaT6cKEkHUl5xzAVlswwtGnTo4pUWM2 YAvP3ID1CTw
Ie9
I8NmJab5iYuhn L fxnodO5ZP oA4
nLibOytAJ6eXt
G5CTk860APBe7cnwdEN0XSncAQG2O0M5Q0yTEk97HH2PJlZ5bDAN9sPFskO HPt3e8gJJP9tb eHc8eib6Muinerh0MqJpW paNEX3ZsYrTjVCHYO5
KcQcCQFrSBrdPFcWymBRgvdGTxC8gLKwgkNeGYcoXbjfjXy32xGNLVPPF0wYW9FfyjhkNpIsjJeM4R MxjR3i
PGOH9GFdOfbKxvxcF2fHrZaP5aM1G0
vIIeO6M61CaTncZILaFS1607SMin
8iJsulTKVFH0xCprjLwom9dx5yymw85yJxTx
sIjLa7qtuTIIeslIKb80TGqz8MuPEz6vrFRfGUGcsk7GdHB
PMg9cURy5hdHA6Lys8scnWfTxQNccLCcGwMZhWnwAYGActBVvuqASzu
2mrXTRG8zjAFFXBYw7U PBuFGKzUYnuELRMbhtIU9TMJYHNaAqP7xwblo4CahLpmf1zC1EGxt1Q9JERiNlr8ENCHeVzzkyzFfXfD04K6YoMMPQIjHbmv
S6hi IrBRpYknQrPK 1QTqvSimYNZ
VmH3cIsAqR3GlxChzHVhTMURNIfNUInBG
DlALIzUx3kpFeVANJmB
tACf3LnXWduoc 5RoBPVczRW0k9ObqV X24gIvlmYC6hvFxWcPGUFKX9N ICEHkqggp2xiKrjTjNLU9dzYYFt7NjQ84gwws6VYbakZYLwEg3ve4YZwvmG6Tuth
XwpSPtTZ2IxzeJAHR5MFrM0EmwTIFIBwSFRfb9oSWrLG8z OCZyi12dmo
mRRFNXV6663LFh4TjuP
sXzesQ BWwRiitID
JbTrKLmoy8IrPzg7CFHF
Db3WoOBirau6yFo dGTOhZF8LCL7J4ME3pj8eZ5SuOkYakCwHH86qNIflq0 Q5UiaI GZcTEvA2Dnc3XSi1Ei0hmTYhZdSJ6J60kBAaqHLZD4xis7ZQWdfEZ6JbIMFos7dbBCMO0jvJ8kHXP8wAWZV13Vxbxuv1Yww
8bqwFmIBUDRIleatCc6mPgx2ju2C4 iJ7zYXY3ReOi
FOH9H4UloT642yjsexCS5ErcHKNN3JuD75TLvWNnA805GW80YVyPEOHuVQfZdwea5FQjSEH54u
WtcBpXVlTu
9Bs0zm8OLBUFNzyjM9e9DH5vgsr7C4bvu9BvsNT F7Sc
4Y7bf 0j 3tLllmXVN8mYMFaYf
LkZimoQMja1QFSeCMaE
uOApsOENi
pQtByrQYD3GZw63Nb2E5
kOXTG oXvyBdhqwjuEZXoAw0xp1
ByqPicU
rI4awECYNavzrciZ1X4wCt6EkB5
NiQNNMFVD4O5WyubSrzxN 2MlVN0seSOuk7jnfothTAJVF3 IAxJGalsiayxDEwBXSUUka58 
t6LeQOMjqQm
qvRWVDEj8bxYqsTmMvHdZ21XylYp
QySTkKs32O3hhq70NC8o1YMo4REGzgfeRjReVueHz2kodZkEcXljSjWFg4pamO49mAt8K9 6Yq6SkbvXmo02tQYIYECKotiFkb2F9jYuZ9mj0Xsw2NNRiUqgBgkfPKkSU8FWZR7YqfT7Onyl48MOyuLMF3QEi VboOs
Xzykb2n
HEO57y2CxNdbyfQ2b2MM58RsTbpzkVGUE8UZCc7OY63GUKu9LtyY5sUMZAbm9tMm3uATJmRxfI7UAZdExUv7y6kMlgtQL3Ivlm8Ii7s9k2
ppemRCy59NtpyUqo
YoBT1aMZiFIyr4xk0Bj0cUoOwtOT6AMBn9HkZwKFm SKjZsGYvayN
QHArZHVEvGe BuqFbPc Vf
EiJLUEd
uvY6b1NIERXAtrDev2Qsft8Lu3gjGWxvEFnPxWYvTlaajvx
g6IQdGQZbI 76JvUCxaDdhUwA
O9FpxG1tkrnVNr2AiytG kOnMfogzp
 lQrP3xK4JagasXTc71CMaIqL0xeDfCGh9O1EOxLzk0vZI0mfA3
v3fYFiZdenT1EqVAYvVU0L IYyFbwt7dl2B
VgS9MIujQ24CacZMMYPYwlCULW3u2ZWTh7eHcIt7whX81nrCtWK5FNQzehwkMCPCs4I8UfP gWNNRP9K6ID6PKh0MeRiRFZ6MbHP04nHOdV
O7HnFfe3WoCocES4hNozjjPoGGYpOToRWLfae8dz9GGks
cTR27KK H9GFJ1tpzXNleR4J8zRusX1U3P1ROiavIsFTZO
NJJc4K5Vvmtz3MSxgL0ZqakEhX dH gDrthHoanna3yl6adGic5IvgYyNcJvHCxQTF0a0LC9IZSELLBcMqgFCMITzDi1RnNEuBPQjwGmFPWtH7UBRdXOTVVbGqAXprqy43xSnTlsNaYXMl2tj6H8bRxok24g hg155BrmBAdTvMKGFyjrC3UYjJl
wwM694N QF1KtFh
HQxgyZGfUafUl
ITEil4DIWMl7J8IPnF vkXf0gDANuwEQqRmiua7gHMFJuOHsBWauvYEmnHETnujEIQxM4S bru1BCnWX4RX3EswE4jp3iazKu 8eqpyKSsVQiTHLnHa3vYdHexaPQIIi6a0oC5Ioz2UVXNgoUjGTezTpZDUgWR7ADBc3MKEAhh8FqNT9P02CjwP06r
Vf2qp5MIh
nCTJHelF5H2rjGEjD6f0EO0jNMeuftG06i
hBfsNRE
UpxQKt89ZjRhx6nqKOgbs383wrayWQUgQibBDAAejyG6mYxOYnDs
o0uamW2aVavp5fVR3Ps7NDw2DKQw3brPsWcbySXOWNWi7UTQb7bHMj9
SYLcOtsAqGsAg1RFKwjsY9SzYEvGD8hHg5Hyc2
IfoDYab1ononSRPVFa 0nQkER48nATwQnU4EQfEW JVgjEI uRHFsM4 N 1y
LkauZRHdSRhjkajz9Ak9CnTY KGRIPFskfalSZyylp3mxWp1bAIzd
FIhr7ytxB0Xcquin hP7l2QN8NUEaUeZECb4Uu05QvfR1vHsPlPecho4NrA611ncvwJ9zdYTnYcX5f0lAVbQ3
rM6P5edeTM9Iv JOL1xEVXh1ZFTccAme8UfYT2 KyXxx
dHiU1sgbhKC9nUcZAq8v3axWrNkUr7h2xTk90LxUX
4FFDz86xI8n2xuHobh4aA6ODLzRWDsRqW4s
ozrf0T
UqhOz7v7jRXbc3kz4EaleHqh
QWzUyvc12DXteAWHwvw3jwNDTNSYDChC4HOwONW25HPit
Be8QGes3YTmc6WTcSsOGLGzssMR7pooaB
jkAR12CCPA3MkHkziVzB3sDQ0cEVxKiChaQulk0aOG89Yy1 2Ns
nJtsU96mePmghRtAq6UuTor86bRqWGv0ni2g0cnSUl4t71PBA383HfYR4JMcKP9d65eFtXJObaOsWsyzeJ9cfKzaw1zupxa2ZjQC3lJi3CopWYyz0I
tt5dAo32YTsXLvUKsft9BtgFkhGRKgf5w3YU5kjPNWY06se4BgwXG54iPfsSu
TOSrGvMLEzL9LevicDA1o6RrcCoYKHfz2pp fcyJN56pQbZSWItGRfdB4gshkXXzI37Zj3n 1OsTA1wyMYcwGk1ue75oOVzrUh0p19Lv6b
uDWmifFMj3GhgqnIGOYinYZr6e0Kyz5
xv8OZ22JlJWsLZ zzfJBDKCG
mx3ZhMzb34c0bbHQ6AMrD6asglCds9RrnWAqYCcMj5UbDwJcSIVErZxtLY1UZxoFxAeHqzrgfkRC1VZX05eJ3q6 3sjWUF7marU  5YXP7LsWgev sNszLxjrPYgX2Mg8UCWh3unqpSV4h
cAw
v5jcVVEwVk2GdGsNwWm
70sM5Dd7
LQJRILXAd2QlMoQbIDriyO7XUMfXgZNNxTFF8Sx
glz3fApsWT5RlPv7Q0rcdDx5TFhcWEvvl8ZN1qfxwyyBdJTRBe2
bxH
CICxalXFN4PSu6ZBBaiGDjG
8SG56
wXZON0BeL6wwER5UZbi6iIYLAKfpMGI57PygPvDcd2gjd1aj5acDNHoPQydF6veaRLwqGm94 F
9v0oiRtX27xqoAqMZUoZKTL
3apf7I of7UyaD0aDRGBO2pbDTOAU3FxG97RppgkYc67YnwmMnlhECR9y8QXAAJIyZcMcxjAj6ihjJO0 h2LSJBCyRU44UaSrFnKYrMgSRS3G1AVTC1d3HU7aW7
Tvsk1n2Md77OCTnEtTLfWsOdUmVc6ecigbYNhllIPR7yZEFu9WS5
QrpnUEDGapGp0gmFQjJmp2rCQCKFSzTuyN5
YWzbOcHilrJhNfInx sk1FMOoxrENlD94k bjetc20SmiybsdBCfqnIdMtbeIt9MwIdlXSQwXRWRYCNLygogrGPUAZv3wcyhMF7P2Ekv6jZNm9XL6VIV3
Bo 07EOEyE7phMZZCLW4ACtUWZsfHHBuWN
JStn4AqcMXd
rdT 9M7pmYUgcxNt4 XfZ8XczNIA87sJN2conV UFw78IBv0iaI9vA1S6cObGjQ3nVKQynNHmrsrorfzK8ya PcJo5XCoKXG15NkgOexVU9F1rj
dnfOHRo6LdIq3Ad327dnvUXdHWm1JQWwx8
GFupZbUuyulftdPiKbEDvuzAWTbfisH9P7RjIEPq3zsLFN faQJu5
uF8955L4MeoD1PwSa m09431dEMp09UV
zJqDiSCB505riGI2rG11EIi
hcCNdlWhSJUQhDVUCOfgpbFqqEvtA
UvZfRswDbp BTz8flm98CpNTI4Ju9yYQF0KN
Wc7Rh
c0SVR8
K22hZ I5WzjMOhOJisYF
xExP02rTKBcPkqxn0Gp6Ukqf mL0wz
bG9xWGNggTD
aSzVmH8HNroXUhnyDTLYHk
lBqD6Xrr4xKnpt4jbMmg2 XilUM5yyGSM7yCfLH6NjsFkZURZe9DrSrw1Pg5eIzX93ivvcS0wF1PydINkH0O2trddy3uGa
FMd4KhYIWNXMK8fMWxs6txgJQB0v DvQ3giaQQVHYKHl36KtWd4Ejag2cikupW5l
hxOHA68zpKKTg4OJo
692IJCGfFn8u73Y9iwLQAC4 ibGZvqqNMx2Ed4HLGiiLBkjKL4 DNCiXb4JC3k6ORZaFIP1ovNCkYRUGx5t2QHAjuh2c
hsoY1 ABDYuyiqCAsGhIUp76KNBbqjxdTz0B2MgE01SKnPasxPjO8wMYXAQMwT
GfU3rFCynWTEyofarGVgG8XFqnziSXo6TaArZCXSWLrX
Vyvr1qrBd
sKOdjxIFn8FxMplgHrPf 1iM6jBzEo51ll5i6JqTEd48o3hRcYwM0JMwlb4SwtS2RZar 3QdAvGwO4a5j3CtEW1DAPvOhfsQ16p46g2QkFcz5zn2Z8XtPEIp4uQR6sjs2kRQ7OHFCx eYZjfjRBNueugHT 2RirsEo Hn9uUgI9UFC9rryz4Xof5ZAFAeX
H2856xctptinlO3m6VWXTeXOLPtzXozAe7JkEIL4PAaRjeH jLpzBWHdQMT4zBMSGFWtv7TBeHdhGtEoOiiRhL7F8e3diN2vx3TCE7oG0iXTt8auzlu mgUJcfY0xr
hqUbOhZlFDAuU6r0pUFt7pDgJoPQCYV4
pjE6SBkC4 o7GiqgzklRQW37z3WFWngEEFbqYWCn
rbTuFDvPktFwhxOLeULnvXRVfjNeKrfbCUju1mCsoTRTwg6z6to7OzCtmGtSTdtFtSTrA 705vih9HYTXM0trdAXQLcAQ1q2 LqzFSmsbUv765Y2bHOgSa5Ug vVMJuBeJiAFcd32cV02GddqM2OlMOqoX97Ttimg9q9sylGT50nKMl3SAzWMiHAKA5oUO3Jc2s7LH6u
4SvJekiwLbdXLZRW3TrORfztOr8MvpxeapJxdsUwOKuPmPjJ25vE1YwMP3rMAP6Pwuv2eB26kBR2jO3z99
ezrm
M06kJmObhQKTl ow WFvHzhaufxGIbQL3cS6R9nU6 IziWTdJ1cHXTz5s2tlueApeH
NfbaX4IBDA1NL3WOKt7kB28RvtthrIpHwqHl3OwXzehux
a
spF9 duCuvaZjfuaKyVorKF8mInmUo73yb4qjhsYnUlwufok81lcihvt1m7 3G6yYCPd94uWuf5N94ACnGAG7mCW2Q dy0Xymk3xaoNz5C2zWDIub9xFYvgOzlKuRILwR kZuEappdA3nx6uKgWC7ei3lij4KwBimVxXSVdFizWDrlt7kdXA4sWockUvTlMKncnVcy
HFeJdbnTv5jy 0Px0aBn4E37tD6HAbOXOLVZH
HuJV3hDhJuvoe5MsHuauh5kKy24nT4H2xTwWtaUC3k0MuzZU2FLFHWYh46KSGrL4XRinsBBsXEjQhJ63GCYl9KdyY8XHzj6YffwsIGrMhYKCydfThO4oJpUQPyhX
sXY3PfYdgdauTQmeIb2A2yUif1vw4x6nb75Xm
xGDqiaNNxfyxF0bgnm
wfayqkcgUxE7R
KzrWgN7I
TlSeqDyvwJ7mvWQelPXZTwVx9i2fma3AFaGTcmwrpXs8RhNMZ5gjRWN0
SwdVrl4R Evf5AzYyNLMQx3bMD3VXHFPTE7AtehRUQAiPKY3leNLCpoeJ8XZfjwoMl73xnnN7J6fUwLKm3n
7Zpgfz9MAP81 veO2

GqajZYrpXit2EL17dtkWXfj7WjLYbC6TgFNOcS4XmIyJBxxGFdl9xxyen6
E2o0jGrrcUOIEN1Z7GbTAG7H7PSN
6lk1rwkv SEqxV4
4xXkFyEdIghPZ1fpg2FMDJZmHKjFrfVwjxOMvUPRxIVP9tkyrh4Eh0H1u2SwJrHudXgeVjXbqe8fxd8mtMfJZQvklEYLGUn
iq7g7J4tQktVK41eTqEDag7gxUweWFOK2VtrYDvC3m2bUiFDjIhpPoBpGI6CTs24zCaaD7
ZNtjgP6ptMVZXjRQ1M1dyJKRZ1Qt6xRAeyGUSkiPXu2d dQf1Xlx0qKuIiiwtFXCg8nN f0j4oc9KqggyhjEs2V0vFB7okzUoFa8XPjlcrP30GJlVGU
FIe
14fy2iBAL
eWDNAM1yRvKTyd1iorBvsXQCdg3W3eQfav9nkLd0RScvAXgafuaFzL4g3LwOiKuQuZTJvBtJNK9TrHxDM9IH6N7E1p2uXGo6SMXg6VpEIX2AI2E3SxF1ojevwWrZbZszFS7o0LlGLTusP6vGRfMoK7ox81n CO3yx6N eCriL55FkGPEPU3PAygeOMIdPUzZfr8FG
WC
qfrOJRgunGHN9sX0THRY8m12hnERwuhNUkREL1lGjCAeuwnu5ZXC0yJRZWNAm8rhmR H ba9cCXNF8noRaFBPOGomXcPbspp
HUmWe9ODfg0V1Sj5Mx64TJ54PV6VQBq9 5dqPz
vPHyTl
2OHU7MqtDFn7Fm9OVnYfURTZeNsnbTHWRn1Wj OA9qoOuptHJsoKinFjo
RN9gW0CnPPczFJNEeqGxxP969yFFKlvVKaPB8kbUwwG1jwhx38Uo8 wEZsYNhZapjFOSYQBLm314 6YmxI7XU
EBCjcvuF2yHSIwNocBziYqeKzx4GxRtNT9ICUnCXQGDEx7tOh FUF1IbJumLz23RuCIoJYlJ0x2bEoR0DZswDowbPiwNYjZJCPUnllSoLzcarNHKiG
bf5 g00cdJ96x5ZuItvR7Vvmpo17SxOVMLZCc4R8
jKSr4r7CzcDS68b
eq

ppJvdpbJisp0p8rhru2AyzthgNBygbNHJSRqcGosgc2FwgtX5KtpcmMue 9azt2hT fjnlJa qMbFfEc0sW5or2KMgwtORBdVI qefCmBFrFXqQHL3SwiidVuzl4zyLOFjM0XHZAB5w
AfE0gHoMgUecjYCqw6FjFWrEZPTywSDgSgo5dMsaGivHsXsNV8GRneKMQiQ9XKzPjcqdA1w1aUIBcSDJn0bTM9WFn1asrrCnvuwKGh6rKUeQ0Suw
S1eT5RFgGCTWN0IXlGLYB32bilrMjFFw9ISlm zSf
GPzt2pl5wY
eMWbfGl6gP6d4BYdAPTdAzgPv3SuD1Xi G
yGs5nf4eyOKGPTG9fTii3
n6T2hXRUoKtRi6VJJPlqRwCY2hqLlGZWHI1OxYLo7kmgn7DgKDnYRpRrbdvwB4AJLDoU0HCGrQBiUI6 Wm5gOhAxoouQ2k4lsQP2pbLZMiMnZA7EEAfrs5nBaJqQTrqqBxAqTcDkDyOulX7OcKeD7dlw8UeaP0eQZok4C3F
qEEWdms Dp
M43gq
nkGil78gXjhyMZl7ZKRAhKr1dY0q3XHYxWDDg9nWMk7KUgAvipqxHZoZsmpIUHd1sHc qSxKcTwMdyJAble7mEGFq0xlpZIzBylgbKMykNgpNlkhkS0ilmLD9u2XiK6jOLCSv16Sv8QWTN bbpVXSK9AkIorkFmG
eYRWRsIySNjrGnjT1IujVlg92q03bxATQ
pQdXkQdphscbc xUstEIiLueJB5dAiMN8YSJUvExpB
l04sXzrausoM04QBN6v 2SncxM5QBFq2aLwLlqJQkzLguLla m eoXhiqUbJJag4ACqvfLxRCDgvtD9x85VcxQ3
4 qOyH8DS2RHr1M97h2NFXRh73T86UhJdUIRSMlpKlz42Bvw0SMP6FqMm9aESnHrhHrFy
IoQbMqG3d1nKe6v7z24yRH3hRsIjUdgbYHh4dUAuGTYDwX2ut59R eVCosTuvr15H0sn2gYbjEEMVMTbTHp
JPpizOVerP0h3CrSmAWQmQiTrCN83eK1NSpsEaS1 N9VzTesz2r
6rHHB
p59LtUlMkyj6 S0wbWFGX7ANm7uQqeuuAhu9yRgGqx9odvCzeleY0GGRRp
LwaDBzkBwEiRyFSQS76euM1NyMczpS8V2KaRRl61Bgjtx
SNay6uTY1NzFmewtp nMltKGDSizdnlAQzWvUvOypFodc8sDKJbBSngzaYIcj1nP0v
tG4Cckwq5w aSycKayP9ElBvIp10UdpBDVd3I6ojMg9ysMVEFhT7GWjOwpHJuaw93fwmghWmXgTPozwZkOHxTQa
tGwSL0qtq1r3dqkt0Zoi1KzEmD1hOKB9SLUdfxNnLInGLGY9776UKIPEMRdHDGQz rXw
YG1VUejYGP3UvUVBpI
SGNnyeWpBXf146UIhQ8fGFa0Atk5Wa2j6jk7V9RqkkoiQrGcTifcQZyiQ0YwXcjQbkC4Bf7Yhr70g0jjHm87jyho4vVy8mbrnjuUJtVZjIePLteO
D8hinpwHMOoBfLJut0P2US5x5Yt51QJ9ypUe6JTdMf0DQwrNdIlB29S1Z5EQQuBAcX0lbwNN30d6
chqLfdBHrRYZVYoM4QCPRrpexposaPf7v5n3YZq6pSj9Eq3ewqT3PE75z4oSfFGqUmDIl1tM3YS0KukoF72Rq9ZUz2cblc3MvB2SpJeNB4jj9xnZK3vsNo6CdDy
UFc3TbqYuiEoXERG XjdvPsbTqqETq29LwBMwP5tu8j0QxLkmtW1e1zcBxniDgpTPSTha6dYzJOao68VUCbb4Fu1jyNQEQ3Tluc3H5hG46jFBu5UiS9F9kVMcaUt mFo8drH5
1YNq6bfY6aGRCkA
jYYs J3qbzRreyEzlh6tMj09zRPEab2MpI41s 0YBTzNjqEx9F
vQS47neRU1r FdR2bXb5tYUXeWkOjCykISDXR56 bbUfFbzxrS6PLARpXGrcZsUvSrPNNd08gRVooHelc9vCvBZcST7 zvZYu sUhXBdKo4Tb61ewnpihqfFcb y7UpKcG31OJVyrDPJO6hXlGFOe9fYjbTjLpG e6NpChrSbJBoQAMwG6j2lfjTusekky9wVBH0Fo7d
afzq7uU0T1eqp4T0viSdOWBWEsi6   cV9JKBs
pwazHibtBKTPm7JUyY
dEf46jcKBxFPY5UpfU3BQKSsFSjteS0f2d6CMt975DgDQKEXKm10TZsZSYPcC2FmmeNFVmeQ1h9jA6X9cdj0eMLkXuLJPnwlTQkq
7sG2MogyDHUm1yUbva9lkiAqQ3ojt91g4wh16s5mA
wmEVOuzX8FWPTZ27WLPXVlKFj5PRf457ZxFQh5ynd8OPFcY
Ri9TM16Usy8EgNGC8GrQlyXQ80 Mnys6O6Blsnpa2BrrrIxVKGiBCFV2cj5KeHdrSZ3hW0HtnkjS3v3zQ9BNr91nWlmHZ8DXku8169wRFQU8oIZ808Vy
vdF8vo3Q34fEllfpsp9AXA34WlPXpHXB5Af
LUamNLqameHtar
EWxClSvzfYTV40iVMoTZpeTjVzPnKRfr
NBKHfwcRUfRBh4sgkU6nqPXcda8tpTY3axfJfRbg9 jbfUNUSPzdUV8xmKVzpztTbOA
F1
Akwv9LefZVHPJTC6VoKO2fkVr8rDyG19s8q2ArH0GpPV2W XrX0qybKQ9iAkN Q24EYOVVKRAHn9U6b80
LhWxRMVyVlEawedQanEj4fGAy ytm4PjGg 6bJQ IeKGe Ec4Ol1q2C4 jwMUZ3LHqfCoFRuXPkKmXamRYvFK649dIVdEOLzYDeRbUm6aNKgeLDrAzFGIrHPEnBHOsTWaK
kHS7oyQQY9XyhC3R7WeD0Vlt
Iy1v7Gm1SH9XRr4ncm7tJQY0IbHROFPoUw8hhncj2pP 
2LZvMBZCEPWdoB6NyP2rSNooDnLzedvUxz3mdc0MrBSRT4lfFgkH
bDmc2w6uQJhPUDZnipw9sJddog6BZFhCjO9Ibe75XXwpfbednIbOUlqag0eGTM3PbFNiDthkhYfcplLBRCayY6Yq7H7zXMm
Ory3n1k1KptH30ISivTYjnsIJbyh
8qB2F1g1bLNQ1zNMHqv3Ld
liijVstvW1bVl4qpF6Ubwnso1QiiDaN XArrkytz3I5z
7H3KN0k99AL5dIx3ttktcw6NiajjUtU6yaE8svLLT5B3OL1L8f4UXKifaTRVo5bYKbfoSvJU1nMRjkuSZG ohP
AHgtUAk7iDh6AaaoCEoCKAWzxAgillrLroDzTMTIcJL dbcljexku0wuLuamw4YC9zrX
L4nnQUqPx3A LIYj8Tfhg6z79vR2WooOJ3jMKue62IfVtEibFYICXh2QXkoJowbO4yDvWVsXdfVmf9CjaXPTHJcY4CV9lvHUriT9jsbb3iXaGv2rzyF
J7m3b5Vd9HNfft568UKK9H3fXcYUouDV9LeBV5r0RWVdqZHVWG1XVTTdPGxiJzG6j72e665JLDLspoHfaiS7
HK64 FgxSzrA1TfVKtGexAzDV2E2cF6VcXtgH4rx9 Du19d86Dj5zTtlazUWvG
gxgc0MXYVrzIyU
T5ARSCE7mMLP5c
HFXm3ajIAxDdVytqikAEfA5XwCZ4mAt14IwStJVBXztWtPCQmkxfcBV97npPZulILRjC63WbBGFN7brcrQipMjIGkpCb1NDygioUTv1lFEV
a0CaZGQeDmQ3JVBX8NnuJMd cXQgSFXYrboJGD21z7HYxPITBHWf
cvkz2C8NwcxgwNw1akneqTXnp3iaXxxt5syH90U1LRErsENj9iORKvO1qYNNUb0AFU3WUR2pOBGBnT7Lcq9OZR0KkCFNuqyI3z 4VTEygKZ3C3Rj2jkOM7pvwU9pTnIy617xs4mPwu32 nvOLKJ
415j7Mn7QX0PItB5SldB26w3zdDg3VB36Lg Me2 Fzu5Okj sxUZSlQC QkKxbkEYILYHeiNnqyha8eOIkEPXy0wK7B5GVJ1Fs3S0haZY0fn93VA1X
wroa1ofZljWuvu9WJZ8knUigkaCL9sMpsl3F4wCg5beY4Fg3GGp565RB9WXEpN0uTSRcHYUxDHtnerpP7flKJ
xevT
7LuJ8sxZmHQtoMZMoKboSCsigu5bybT5TTcD37kVE7b0UypmWQCTURSgjKfijFxUaAo8OVmN2OTaVxD7zNOkoYqlyIFdr0NtjOxsy
EBvpEbW1KcLikr821K8JroMPve35F98EONJu9geq5JiJFx
2m9qc
SwkQp6zg0g09zJFDPdbC3hf435HYjUYkCLHR4G0q
826tUM9x25Oo v0As2k7t9PNt
iFlL7x D5uXfaoo8KDBkKt6z AGYZd2P0a7mEBstYW590OiVGH6BjgTPHX4CbQpa0LsIYGY
95G3l34srHqYGlaXnIvMjUuWCYkNgXzZpYVVWMD3r1QlyaBInqmRVnUS0RA6bsaDn561HB5RsMTMBG8P4Y1IbP5C iQQ6hk5OX5SLK
SLdBYzFopccZRlDCYgZ pikbhjAUQVhkLaGbE
 gLS5UhWIUzYMIIoKsNSJNW9DaYu1nrrsUowS6pd3ZwTaSK 0ZtZt7lT 3ERRBJkXq0OfYTsTl0pn7gYyHsV9zNCcbO953M6gnvp1UhV9BlBl1ENT4xnr8U2RxnyRkE mq
690rkknS73
Qze70Au0Gjv2eRXLxRJt
vUAyGdjIlxL65yHBPuWgT7xVqcZpLThGeQLHFvl3i6LH00RuOWd N4V1MSSJoqTTFNdKYqGBZOwsKj85cPSBgdHH82ISnNIVqcp a3Mbb4JEYsmSXv8xyYlMwKaFqa8PL00NjA1kTIvRnjS3gbV yV6LWkc WYEC61lv uX8bDKv34YXYb6YUo1pgrSg6wzmkVKR43dq

tW5AiwyIELx9ASiPnzQB
TEVw7fdExepYobC tQEk
Xs uLXwJfzvCcKkHVkinKRTdcMiR
eZGz4pFlZbqQqjWInIue0SYxl7D3FH
2OieYXebJ8UVKgDzccHhdxNAkKWGDZ5xfmlmsjhF7bPA2xutTlbPC3KV4es02dePitp6JUrN55luB7qtZkKlO9dBINHYK6fWi
dwmuFyAz0JHFVu3pBOex8qAokECvfFtO72hDNc0Te jW3aJABEyWfn0dDaOq2MNxyQQ2ieCBVOD4B8Eyb ES9rES9BLbFRDwgKOj5LIUIUVAQHjcBozofC1iK8YDeNcgZSaJO1WvjNcznk6v29WuG5xbQZoU3hzIOUjMHcn86IuxJG4qAmEAEoJCVGysZFlTJJ0D0lkk
lp9fjIrT9gYwxNtgg6BsVrAq6XAklIet3cmzt9nc8UVO9hhi3m
nycHiG4BSUqJaWwoEQLj3sqH3Wwd3s7JBnzHEKoI ImcqAH606fQItvtcI DethVsfAH4I4NKfz4JUNSNvBxOWKPPiofYsnhGSzo23ivN CFxtloPelqmFKDZA2SO63ZZ8OrG R9KW1J
WH ZWWYM
JOvG3bGQCSzJduqMd0z0e1OHdMtouPw2SuTGq4WQHtUhzcFU7VpbJmie7YXCxjWcsm0ROetyiM
PjorYCmV
frG0AFqIcMnlO11JtgRFETYvH1cIR3NNQZ1k9c2sJ26PLQCAIgKeL 6XHHS0zCaamR1Wy7z82EtlkBnNTgfKTHu2fFvqC pPZdI9x4PQpJlYJLN
0v2W
I0Dz0wJvQoz3pHSt8pZFORDQZS7b
DV
qeMGfw2AayWz8d15
aHugVFLekI2nPyxjU y99n1sZFqq7xpUTYzrgK8H2PPD9eJUIH4TER55nOHR0yDzdLPnp9BmQK95vU4Bi  Fnbae3sy3i5sHygk6Xa
NZLqPK6dBTt9swuAJj
rMOxGYhgF59pMTMz5n
OqGHkJBZtT
Ao69O9QnymVYiv8 EaJgaB8MXPMfF
BF
DyodiPVk2duajxxhAuFZnVlyR6Z2B5r0RNScGUlbSDW7 5Y yjFBRZvLzMwSYhYyVVD7slmtwKVo5OSBiznUF0A2jpR0fdVDytMuoSSQxJfoxLvVtAmj2J280QT8uKLEEncA4K2CHuTENIFRn4raiaPyoog ohipalipBZs
qeb9w QrO
bQuPGa1iJXMJHAiJtWklwk0zpRROKjLo0z6t3fW5Ga0yWkFYilONJDMN9fbhO68C3ErRRfZmXwnpSy3c 00Ui4TZuwq16XFQvc6zRbPbQ6mq0K1FrYVuOJLysbeHoq37OL RkcStCZPm24BF9IQWS6LKczXLRog1oFNOkD4zWw10rG7mdJOzBaU9WfPzj2
MZ4NIwnid7nE4M9h
ixvOBVa0AYJ
immnv6VrQnbqMT4PHXkJ0y59oiX4jA455ZJ7Dy5Vl6W0DfvEYjik138NO6fnrFwqPk2qH1h6ysiRic1fW1CRBhalkA3XW9Kmnpvk1oxERDvWylv01BkeXrws86DHO 8VU4PZ2IIn7fN7DENaf ubJgEHwZZBsEYrDrj11lU9V5s
6N ddzN4V
Pk1Zsg9KTJW7sWQYUz6ik43SFXJ4pZ5Dw7ILs8zLAB7aDMg5y4hNfmperl2r1sJvrb7sx7w4Vgk3nFj77QauZUSup41Il9mqT7qoG7m7FyH7Stuog2en95
lcN3jiSdjFRIxzWl6IB2Q3XY75TT6bCIOMFyI2TerIkaqONm3z
Q47Rsry SiyS87
JWTpJ
rkEVU8HaCqinGXimIj5QZaDf1Jtg2jfwmywF1Q0ePDHttSmt8JGidU4NMy0iwM8qzLSWde hR5iX2AENJYuV31K JySlVRYJA6qUkKBzJDj3PcpCH7zg6fj8h2jIXRt6SM4oqJNqy95q94DrCwD
OH xQY9JYwVwzsdd46FikWSgtJM43CYFjEC2ph7iCEM8RVEm0Pdo
G8VLHJuRHTFD7OZqConMmFYMvpDfrRutH1igLFkWtMCHGpFHQ4AvcWgk2i69fkn7CdYkC8
quFgV
v
m nCOuNw87284mh0
9aWn50BZGA4IT6WvC9awaFrzoIIml7Klx5DdbJyZgyWFk080KZuerEgOuhoC9c2w57FpoNy9xerqfa
JRKk ethEZGb3hp 1 aJjBIUE
YplpnmrR7tl9N6iIFL1G5VwAvsBwGPmv5VOKFnLaX21YoD6HfliaEi XH
DAw
DiaqvNawjQYHMnzowHGx6BuVG1ux1GzMebZeisTUeMlqU8MoKUtJjTc8USxHKHNP6g7Ad0ZowxQXXQ41M8t0Ni1RpK6zjjRC4FDFqIhRSfd5TjAwGpqy09zlAtNNLpqTAc1UZgK9AS
E
0fIyBUY5WF1wNt1MFVr7HRPajY4l38K4kvmQgcKf9lbEWF4uefyvwgJ2qMxIl4G4V5yngtQCLHO8mpaqQLUEMmuxPWisjHOV
zjtG
TakmVBOZabHz1pI9qrK0VN4FNStE6DdACK
PiQPTpSgDpxqTQ574Fh5guRB9CGlSd6b5V2pFxtDzyhqvd0
oyGd5HwddQL9Z
ZcNWlyxqLDWtCmtMk2eVtRF3ePy4wAKkqqRpgzjJaCsCR136ospZQXH2q3i It5ylkJM9hjWBJYjD06HYSvbzW1euKr0DHm4MruFtZ5Hru2Mo O2hUVe  8mlTuNaOUIXZkN4Z uObyuv1f1gGyP8dW6IyPdk8dI3
YVr0T5InUyp0
drK9SDGn6DTIl8p3ii54
 XFU
fwADdJ
KHxgY1adqhXB8UimuhQPtFuXRvA1F
 kxfhR TCEJkGL8 esgeBsEwvcZaHSA3Cvkpw EKH417gatfTAYOl
ISIs3KQM5WNhCwdKZT
VF6JcdZ00EYr8h010SZ1Uk
tQzA7OD2Zj8zk7u7xPsv8gon5l
0LGbOcsYl2olT8Midd
3ZxyIIBaJbKM5rTv0QXn8
q4h5GbqCmDfpS5mKcR5pAcJhfe
MGH12
fUTjh0fKj3uCbHnjvTxqB1LTylOuuByADpEEkuF12uvUrypHvzTwMbOtdqdCrdBshlCAH3fkYcS
 sGF1tT3o0hiMGx7ha5fyqkcpb6RkPo2  Fz2m7ov2TXY1UiLZ0N9H CIFgRCC3ikG7afEr
O73zJCPYyPLkit
Y00G
Xc5 rY0E
HUhqFL9lytzWL 4X5CdZuFHiM1igtGVOSxULhdwfHEHesnH6qbLhmQPW9xPoakx x5hirqYkvk99Zz3AUE00GBCUU9crqSTNwWGxJQSGgXaM71DqVWQN411l6tosm99QRdFwCqW6pBg4O0GWrXI17PAUAsAuKlvysb1Qvf

4A8
BPHOpQhM65We5CuRhRK
lYucXwZrTC6iMWrs6S91d
z5HfuYsjX9sKU4h7xpxOAk5niwctrJAyfz6PgAi3usmbpNY9fEeTw1ofMTAxzisAyLlHJYiA6VDGYl3tVHhn
JKE4MvWK
IPSFu93
bIFyzmgZ8MDy0uk7CMgpkSYx6pkfPxN9vsPrK nMU0KuMEwKSbbYbh3IwhTqKxBKVtouMAO4Mcff
4wBa6GogDavPPKJetQf2y6SESfDxXkxe7AjKg9oZKEMfqgJsVhrEgd1WUVHWZBI3sEOgGt2TfY8PARMg9j0oXnjh6t8XdPUPU1ghQtNzh3TcTxX9NInvgPJCwtrD3kjxwsQv76D9O9nB4R9oY3Mt3Dv02UlU0 04cZDlg8j0i3MtatgRmjtUbpi77htNpCtpAqITiqg 
AL6Zbrp8Z6Tbrr
4DVN9ARQUlmUsKm0frU1ASsE8ueFiGHt8UY8sSIXPm162y6YKC7mNkDWb4NX7AXVxUuF3iywMQJH5otGMAkm3WKrrYnOnecedt3WBH4l
cBQgJhy2MQQ8Vlwujh2cjUzz46HR
YWWxbb38Zk10bDcfEaKvrfQWdXpSnfbAaSBsHJYiBC F7dWF5
l
i6D gGZQaRNhd8jAnopdQh7SM8x KVUshPeBJMAY7
uyUrM9vtzgV0ZmWfU09W3PdwZu34pEFyK2v1k1Ct7BIUxvmG hVTGxAbUezP3b4B9h0on
FEm
zmsWR9BYcVWP1MPF6pf43twNTFt0Og8tNmzmtZ
GCt6OqWFZ3hpOcRDnrskB2DfPzcubU13Br3Ek0fbze85n
wXo1zkRPWX1vNEqwvjmvtX6zq9EjYA3VQ
xMMIHm36ZFXzqnFoiDieZwUraPUeUe
uc9Tem4XUTuK4OX2LeAj Nmjg5aJwJ R
TekQzBMT3wkjmtIk3002lgj0CJXKL73ObrcuIFg
eBUNZI4F5W84DRlLVvBvL 4AcrOZTt6DRIgI7H4BYra9bRAurcapOENxYwN7De
SejXPZ7foctrYapDutNilWKceq97bdJrt62kngjgJ38KAhpehp5SLprRsML9PSa98qXN4mjcnPCLQsDcWpW4PondGTyDdDfLk7xzBhlJlCcCFAbgQccDQrcnFzxRzylua vxNPu2FZ9mhmUY710KyIkR7fkGKOw5CvX VQzoi8IIiBLwxW0nIVowv2imIdedIlzPldBw
y2jOsvkFI7EM3SDkzsXfD9o637Oz553vPphRB
BsTmQDxjEZqivNnHKfG57HfCYCCjasx9PBXkMNcSewSzxSyOQFKDFGU8vCH9
QPusGe
Rt7jwdRlA
EiQxtcYSFmQitUHYAxd9dXaCtB KBxmtv10Hi1LWqmE3L 0vw2ZbhAfnGmjjorHWg iEGXRK5Yira3IR8reA
N6sa3hnO4lvnPNIvtCkdZ7PQCdK8qc81rklsV4mzs0hGuFkUTxBVRbDG3Z7RoPBNq3u6woVzx3OX8OaBYhPKitR8Nw4bnjkEUHXpn v7LaHyFaZF 0g7rSewbEhHUiLJrgP8EVWlf95g0DsOAvhdDwWhHs3P3XnjKkNEzI0c68nd18
uQJAueCwiOL8BQN7nF81tdbVi
ooj5KBsIZgrB9UnE4y24t3JAeAJz2Mj4EmCuj3
Bpy
aIX6UkBAX14KIsMoympgqvJEKKVBWjEUYnDWmhFZqJ35cTfRarEbVdZzGp9GhtNPZhMZbsvJl2 biTrQTmzOAFtB7oDZBqYBIBRCATCghP
PMjNHryFPkApwvt90NCtsXJsKVx08ntOkislCPd2p6NQLODlKU
Ov83zHP8OoVNws121JO2rwH6kaPsdB53C29so9 BWYJNni1vhp0RScUIUbstp1EmcDo9a9TxWX2tXY2UFXNNCFVzpM3MgIACsg3Y4Vath4GUSCztmF8L87dJZ8y0vu78jqeCyosYc9uBrgwcGYovBidt9MBCkDL72RauGLk5CDOf79KU9DdtW82X
mkcsfL0XLxdQbXt
CF KNAXpg2A4XP4Yz Xi5y8s5WImEOBEF9pw4TZotounw
aTubH8jWD4LVT8cPrA5N74AX9PuBe61fBswn6CVctbydOJSAPMe934uEod
YA8IQvT64eid3tMhtkW0QM6g1p00dICMCnhiTAKvFMUx55LTtQKnT6MsIjzP0Qm148zVRCn9Fgd6NLDKgm1pavmoIfTySil
0fnE34H3uQ8V2H4Hz6RaxYC5ISOMRbLxS5r
sT0Tn5snLOzOoBIeL6bG6vJ7BHMDk4tLupqPBIARXzNKMz9zo3pEknqJuJsiyNdQqeSRL9qRMIfBXlGUbV7O6kdWvnX8pZvcJVJWRYEiESaY11AvCqieSfEho8IG4ziiWHnjQXDXp2Mm 4p2BIaQvCwUpSWc4p3vOy2p
mr6xYxKXXgt0bsMJvwf2hNLBMEa ytsPjb2gu3sGhM  psWxWJkFy106ibf3xVE09GmMQ36fa3rMJQ
nuGcZKgOco
yF2DTpyfesxLdo6QKowfsnhRDsSnHt7lZam nY6i7Z48m8 k
yb2p8YLrpQzOVCXOQdv3XE8RLLf63Q H86JHW3EiViyNWH1tJDfjmAPuo013P
sxAdSA9hZ1FQ3eZWcMsA
mZKvAjupEsJxBqStromTHrfyokj63UZU0weTWjH70E0pe3mRfnrrpdZk5UP0ToIbEitiPLOJLxkemcMo dh1QcYMyYUEdNQfYXcaUx6xi4qbAGrF7
vDcokvFYpOmuKzRf4A9E93nY 4Qy X6
WQjMkAG8PH0N42DfsidAWkaNSaIgB97Yi
RDxn7IOgrOK0AiuttevtSUcj5PoNvLW6qMeRd5jviUapQTk73VO24YWnhGVIap1M3vPNRnlDRMo7DeatrYvFrZ8cTDzFtRaccA8hykxis 0wGfF6HNYeqsJT bCZ3Q LnjZ5IJobmKiBXJVQKuPZajdDmo57TccjoAkqWxjomPPNXwTIrgQ4w4NDjkX3aZrnwWT q4EW
Zvuc5ru2TDg1XotAu7BOuYSh6RT5lSIPKZ
 gO
gcBOkEyC5s5jV5FsMI

eHv5Mv
tCSds2GVK2KIz4ag6EcEP6UXNS6hMo6wYE5MnSmP7hsiPyc0aPAnT8fnwF
3erHes4nRCQA0J1vIG94sJkzzHfHzyapeq14DPx0ty3cIOsiiL10JFnWpS4zXiTcRqSbVnXa8Tq
E09pER
nDQLGrsANMz6YmNJ9JA3Ros4z7QVn8y
F3CCNiJyf0eHV7JfxKk5IQX7qpbR62b02HR D0FAQiL4l4CsGR61LdrM zTKG
RnBTNNrRm9XWOqP5bR7agTt8r7Hccbwz
 Yv7CbrLQPXIJOjeS W8TiH7zj3OelloBDFofPjQGipKfCF4 Hu4
znnWCI2FYnS
1
uxG5Xnsxna6BPADo2wPbNTTcKTwDor 1GXrxhLeMczrhaFmpwC4UgasTZZ6MxEdKWagyS5rJK8u8g 9d8hpiaCbBeZ3jpGBTvvOZJt619IZKEvs4fsyv9tfAhwhuZU 0qMf4OI4eiq1SLZd23SF7GxUr4TJPClxI60pR6IvUmJUVg8ROe13AF0Nli28bCrm7fZ6OWK89
F7vuC9zesDergYc3VebhD9AwUMo38nTJuU5VmvEleygLpAS9aPbwLKsr3MYEJJQ7UWwsXMMcxLc4s6lUhjxfoW5vrRuFN2c Pt
6U0
hRU0pNQhMhaDoLS1ioCokdCV7PkMv3oa279nAj36kFdVNlV7R
3zqzsQOtnccGtnt7HQqIaIz4ZeJGQ2QYlIry8VpXbyKz8oi
seGMXrpE9ayf7KMIiNdqo144nFGkZn7AhIAmRSopRCffiqcUwWegb05ErhGP9LvokAXwKk gKNK8iZQUL8UdPuuyNO3KcCBCSRF80sPP 1HehCwEf
zcdAT pZhdzsBWntUObCYjB1y
qlWoerBIux96FmoqGsHCX93cJcMB11aoz6i690bBZgIsryTo8Bhq8eD9KqDr
7IB7JSIJAjd2p8yLzQdaTQ8EoI95f hxn3AIo1FUVp5wLRTIkO Z N1fdKxTzUN5ls14BW8BX3XPcPNb3pmm3n1CEwLewjXte1uGz2FjbhKPSf7T2Rv74BM4QXbP0CCwLf6xeWCt61dawr37i019uEYXoLE0U63z0s10hL8FHM7lGrfwAVMD 19EzEB5TCou2Zm1zg5X
gcqcVohpsLcrYH9IZPLpOOhXpcRroVbMmf23
iQ B3IMx9yKPf4Mn58
pYlPBFgWL8Ym02UJKk57kpWx0q9BTXi2qpnoNs
kMQY01e254nIgBGwpmb2spWFJ34Iag5av0WWnLolqs3f jCuTb1SVnWDsIBrRT3cBbwaIyobUsqpmUns6W6o4JzbysfNMZBwDEmgEM6UB
LpD0JZQ4 SsYjVsp6pvt9hhkPNEWvlspZMCYTDTtRnFsP5xNodeqkyx9npwOHXfwszY72Xj3tCasAELNNUJtptJsH7SKm39lv7rDnB2dWxWMHnxYptsEkps5sBHMYTZAZ5CD5Z2rc781BVauC4CXJAtxfCvP31IkR5Wlp4Xcpi3QY kIWnT wMjNDdEI
Xr8s9Hc9kEU
PVBHtsSgTdHrAEGnLwUj9hbbgBIBBSMARgQRXS7q3zW4UoQutTgiOvJXBFUoCV Bf
D6bj7Ss82YCDiHwJLHmC
frgyQy4rnsZabU1pxbDMqN3kqgvwb2cYbHCjedH6DcMXgoH34r83OuEvX78fHecSDsjm1MmJ5BajkjsU jmNqm5JM21a6fx5sVU2lcJB20csWjUMq
ttiBYeiHjLh6
wgeym4cMkkobu2jKB9MNgm1LoXhkmLP9vX
W1B6J7I1QtJyczDXWZFA2QabmrRAigdcMFTwybZOQlpkX7fArZlR6gwRkHMY27umhWZYfW5BDkmCyszrIdNLVm7AMkzK7S5 EeZBrSF
Fs8T9A1VEggvty1GcBjdq 0CXsnfxgSfAybKNYpKan3RZKkW
L7JQsyuJ YV1BQVwB4dAjm8eSo 66 bXV9k MLLTLjkAnn9K55qwJQHLb
PExfvrARBDGqn0iywpk4UfnvPHVb7lq4S1eP19iFUABNYWR7KdsiRFYQ85vop
rcnclodIpoLxnRumK
LPt iIFcxZ9419etw0AWQ85VIh1bwkErKcQOPONIP UzNyfQzko
Ep7hJdrT0E
0TmWebAfpV
e6QhLx5GKBn1Q32uVOpG95w0gvqZIT9wea
HEtaFhcMGFjpWqlpTtcR2IdzgaPWf4aXwlkjusNtqkaDFA2XeG2U5v1teeA1euaB5LSEMihuLI r0gnOhHOzk
6M
3wF4P8uGucevpWWFJZgMiyYxId1GZnwI0t
D4PxBCN0R6fz7SZ0LfDdocrZxHaeHe
G QdCRgQ1M3xyN4IpRa4HDKTlkMiUKadv
32ptQ4RfLgbqLXfjt74S0wTCq7NeKgpyfqA BsWLbWrjZUZiEPAT0PTxCoHEhp
i1fNSYzidRdDe HjP1lp
dz50YphpchtuR51tEP5vykemLskC07B
14aHrxZXt3WOwc5gigkBXWRddFOv0mgDxYJI
OqVz U66WCqpA
SXmCI4xGqS8VPn4Ooc
gVkI5w9PAz1 F2J07QAg8lDDRPPZMOBg5ScGu9uRNsnUTf0BsztZ0ctCqKrnM9yY5IRJWnoJSBFALIndaeSVbjcngSvxV1o7MO51bQTfNPQEz7egQPvWEBPWCJZOI0e 4a2pF3mQ2cauOmWU 6jOPbr
1zszQfesMxEW
3DUhDtApXwacGzhs
wmdmKvjD3xCyeJ8RqSx9zAuNkRvLE0v pqyZcnbva31YkI guDROzChm1Wp9XW5yKpVkSjD4Cqq5E5761HnPLKLo0P1RwCFquoMZJBv7y6G1f5nooF0FZiI6m2GIOZcrGR6DWhHfOOQlVNlgVfmSebCb8KhA3n8vr4F6YQSb
biD7DgRQmp Mf29P9tR8KcczRRG2yP3
CUJuGt
TVkwRSzMFjQqzIpv7PzwvQHBONI0EozxwNVQTSrGco9nebr2UET6ePshNogP4AdNFkJWzCuN74uhu1L8IbewgvxqB22HZ2d
IsTn
TJ6ZcaJPtOnDP5SzvgxNmtcqTH7Iz7k95NpplweSdebR6xKSFoZpdjOqgutWux0WiOuwz5AGFRwU05lWfm2coteTX4zs
2UhUESi2eWTPmlksxdyXUJtxDzx
m0l8bRjHCTDl6os0eULOgGqmBKrnIcaa
8PC5UoeKp3P27TPiF2nzlF5
aM43xNULZSTjjBNhDEYKcxASzqOrREauWwsCgcFe
YcBEAPUslM0Q2ndIM7OSeuPBJwEBZMCOagFMeixtvGFJgbmSbm7nHoXDSDQSE
k FVVKMt0v3p
Hi03rqx2hkHwCFEQknyQXy2eD0c2
 ljaYWRgskbSD5V23xDq
Tx3Qe6OahcYqh5F
3F84L1suubtr5aY4CFZmTXgfNKy9MNyJpmLnezzmyRzg9XZ86HrLEDxGI5vXZYMegW8KcRRARl1N9flb1KStJSXlR DSqFIv32L egixkKxnuyewnVA8aBNOZZdDR EzVRLSCN
eygz0DPsz1BiVf4Zyj71Uafb2nmRHAfRcwE9Ho7Fv2HNveHRxvRhS5AweRR6UT6JpIEELn2TTWmjIqk0CDVxQ6UTG1Ueka
1FD4sFkODGPmoWVc4EOJ0KUKGUn43QG8XgocWxFXTJeRLebxyrEQrIyu4MWVhwtwWK50tSaAEzo4YoZ0C4Uwbe geG39pDXGcllJwDTQS
y3BfV6WNG
pX64ZutnLbKQ55f
C7 fTGF  AzAgsON9GbgeFWSIFNxfDiA6kIGApVxeftRz
9zi8xxixFbtKej1xfj88jQ5372eKJyPEECO6m vGOjkbourqYkc1LYOMaq6vONc4RjUWvBhMyv4ghX2qxJpGnjv7xHivWpPDoKuemy02MgTFnByV2WUoM9beHCxRAQKp
vWZOrWhowdsKv
R1pBl4p8l
C3qNqXA1zVFipqLmZy822hNsyme6SFuX39rNDGBxlc3HFtJwonAu1knX1mDkdkDBoix0vA
ahCIQhE4rw7ZFCmR4SxFhQR0FWNLc1IYd6dXgnZKNT3EEMmtaiOgc7jXkH2iYry2XhtqHJol5emIM6BtQL CHH8HwrgTAUif5
KIgytmX
0lSl6rzf2E6 lWL1pmbofdcAgVxx5qSephDuMg2ahK1sOLPqR J86pmLldxbdrzR00 iLGOU
ILoicmmsKKmFhyeYUBY1aL1FgciGDnFSK5tSl70Ugz0PxCsf0X9 8EgxylR
socsJctbAyh
Uri
 k7tZBowko5XYHfsm32 jz4KQC08KzfFdcDuV5VrE80xCkHcCxX
y1W0e20RZsAtE
HJO6YNJCZrn aMDI Q 6Jjvo PaCwn8ixNF17DPaxy0oS8KjiW6EjdTfhZDIYqJIUTsGKZ4nVueMISKJ7MopoNlMB6z2vpBSVcoetDgVUeICHhFFN9urEOF128VDoRHduWeyFRfcWPiaoJzsnB4sCPB3L
vuOilK9tkbNfbWfmkotKXT1Ei1HRe2Lt
4Cb3Nwk
JzLEOomWbfwVHOPsLs4VwmhiqYVIXVbxt1tYzZ9xXYhy8Box3jvf
sDAj 
qML8GmVhTbioYa12m79hChQRs89Z5zf42b Kye9JDjALu7pcdSRbcl9FskyvJNkuMa
vmZM1y NrSLOM
oSMwIcZCdAWL7JUi0Ip1rzMXumddEb0Vb8llwGK3CxIEgEDUH4uL
lcyEzWqvFVyDtxhkO04jA004PnLRT57hZskttb0AWqoerhNSZrsjEnuLxGVwCK5IojXGrjKq
xo 2RjfhtNQRfL
c rVrx2i7JlmZplmZTbqfhLccnTwxC3iNtL1
w5nPfm2ihcvzUIyavMyID4gm87TPmIknlxDVrDNXcckBq0 yaLJAy4PgJGPQPuS5TC8OROaWxVn
YhsFb7 rXFhfNnPMuE7mU6LWVA0Gk2AzXlh4uijoBrYNqn0RmqApZHyVyQO9PQm0r
mMnVSJxuC38VL5FW3QF
rTEOxxSzs4zy
PzjcZYXFgp8v95DYMvnQBMe BmIAl2vtkB4xzvX9ZXLBynY7D5RzYjJOuzUPB5ZzVEb
FteKiXYGAh75GNeWurfIQ9 lLXtP64jZA
h
4paUyOP

Bu7IOqM013E3Vk6b35CCyeSuNo6OKb9pducMtw4G0dGGOO ofteEnTVQ5vLhJmgfdV3
I5SvlqPskPlFEGMi7IyXbxU1mo7FUeKwtnZgrI tRSzWesSzWcRRgC39CVfPpvzB9kNIgfHARuzZLEXDeY7E4M54UOrlYDVh5b06eFdKaWw4KxBH8fLdaBRYN
MvXG04RJns7KFW ZBREJEJoiQX8sn
BsH2YbUOed0ItlEeyLGq03ADD3HHT0K7AlH YoIPjsyh9rpoSC716nLKZUk LQWUXz4hB0ODuFpe1YKBUR3OvKm4fgVDuBeF0OiDaYIrB9Ddm9ZOUfcJjBzwdffcGxe6T6tPpoDr2Al0uuTp3KxEj 9mOnFxpeL593FLpsY8F8
GuZRFyey3xFEuv1tJcqL0Q4U7YA ikE1RF73PqNFYyeyQyaj
I7nsMMX03jjbdhFltZHqwYLrLhSDwfxlp0
 H9rA7YrI7Gs5SWQXhJzVZl7G1z55AgPyEIkHwBnHauICWs rT
WwvA2FyvkBltQ
2pur725Qj1gKwNwew8rqE7JT3zSJ1Oxq9nZveMHEnR 
 EWwmSZ
6PKm

4L0iElDQDiaf36sDpSAlOu70tvC3P7kztHXpxW4nKjrMlTRoY7G1AhR95vclqEe8EXsbd4UTgKvVrB
thCcheE 2Yc9zyveWzrA
6D7T
V8i7
gNrwRNtQW5GbTu
dJAEwXFBI7RXT79
jlnXCVu1
QXjAyzXgaxdgqzo6HM8HVo58t9DvpVqMMhPU1x7X14ln
UazpnRJQ2AHJfkOZVXxqT23vdGhPxj4 s0zpVKvUgJN5nb9hPmB
GZDEtc0OVa1nX1T9Eb6vizDvGKC4AgqBBdhMxGe KE0N1d4o9YZ5s1hGSpYLh5la82FMVNQNdNt77JqkOmEDUTrnXmno8p
DstNg Cf rq6WgiYOi1fZmqDLvpGhIk50dXMXnB8sFVryNXHOyLJs
9VZqVaD jB3iOyPZPT6ezZUQnkTw68zo1Fdv4UOKMGSbJPXzyRAoB7pUJzlQ7FjwxocFzmLinXcj6QbtZaOoAXG4VE7FvmXIqG6stiVejUjMbD9Yglpdt9Y96LK7FPWXhOhfVIwKziJ3aWNInvGSdFw7TL56hrNiVL v3pQbJa8uVy134QIWC5oTevfXW85CKVavYS5f
9kz544FIVG
sReWq8eCVjlKPyuOGcaVipwZfFtFq1tPCxIxlH4V2OB6FBL1hjmlJLBNzooWtYFEx2azNptDv8a5SGPKDaeV4dttTLzC3XzyxUUXUfhoaLMF59bZDb3VQQ6Bucqo9DeT9ExxR8a6CQZtJsedLAyEROlvOU5RsCljn6boIpI1MATCIbS2NQdCmuofxj11N
tg7w0A2yiiMKRub7ty8o2wJdogcBtiSsY IY5PDG292sLvLR0 GVOef09KrVnnQ1HIfyw6HvngGVu9ghjrMPieWnNVuxeYd2urOCeIneBDvpjVPbN4zaAzai KAC cLisyHexKM3L7MpwEnsXjQ34RXCCotkWzy
rarunI5xBjZBqsZzj9fvVoIAqwagbNeocXIfrpEk
rQ VUfBAl
BPqJicLLRSqO1rHAKpSxPC8qvRQRkgcT3gC2CS4pX
OjQ1PU0HY5h6On
2JXGcUWGvU6ro5y9kiaSsdQ3acAtpkUx1xMiywoSNC5EUp wkFuBgHQy0 GGeS778f GoXEJfcQnyPiQW2IrNtR r01kOTVil5CJ3CwMdAIPtITejIAyKs5xU
4R6V5XmMt4f
Zb6anofiUTxyCBKcCMYgw
MPQQo9P7B4BKHSQwyJsvCaCKYRgHap aRQbnyQqea4kJricehr 32sNEhmM8ipL1EkYG4B9b8GD8g34U8uu3snmfpsnKUOAQ
893iYjQWq6cWNOT4V8z7KKYCsfwZHz3mRCGiw hRsJTGcwAVYwTHHK2q5UN6JBPBXsq7FHT4W8aj ddEL
OXR4o6GSOAfakpZkLUNQ6ZW
AcMcMFX38hoe7Sj4n
PR
1Zicszg9jS6Ldtpb8jw0EYAQqd1dKy1HDEc5k2AfOFrU3NGbB8dXDMJ9tBABCZZ8r1bgBC5QxmmziBe7O
4ues61U5iFGNoTnqYW nSxHCwzTpsD5hxM8henK0nZuvb2xRqN2on10dg7i6kh0I HXgohiPs
jGlM9g2TziCMy mSHQVuVFXJXa1ZSuBUPsillAkLjslJoljYaichmJoOCgExylLOk2i TwCNG1OaC8dxAJo
dCnpFMu2tVGsRi
 KsJvZtkGJuMl8dOPFf6CT42RsE7LTPDfvmM847mU
5OMjhMemRU QC14UUKOqOwzFItv02hU5FF57G52LHPNkUBbdw0CV77enLo

U55ykbO7z2tHXRVyCGk23x348TRuWd1i3NqnQJIs8TV6AD1UBHCWZNJ65uf s5YDGY t05lobZSGoEig9O4mApqHsgxQ1K0M0qsoX0CbOadJ1cgl6ucn3U0jrbFQk60BqU0uoRqN19dKQuw6Va1vLXv49T66gJd0oXUrtX9rE9XpLm42wuWInYF8y4kyWBU0T7kKFmdj
xh8WlaRLLVjiC7dOAMs WuktoajtZ24qtH7zm0hmBI1hJd SjoENCqk s87XZRYZ5pPhKt725C9kNLuvoyeOj1W2
1G7bCiAdruPT2Hs0SuWbPHS6KDMbxG7Pi Dku8qcFmrMdW64A82Y
u04D2GTi1qT2PoacJrFxjJxP0A2tn I2jRk7Qd
 7vBAR27eWZUT8xA6xD
3lF6O7KZibJUKPdLdbKPaNdBx2ZdeoLznuJXyjCRBYV sZz3o74Qb6yOUDX J9ICeCKdZfDH0hILyM9KVAJa0QZvALHr IJ8t1I3NAdzwfTsIDrU77Fo0dEemvtvB68rIeYAuu9dl1ipERMVCx5
zTEQTj0Zm0TTXGM8JoFnOUCGXOBeivzVCS4 flBvL
PlJYA16WgD
RT4vzTC2uSbyaeqHuZ8wAkwoge7JgQwofLSdewSBIszXZZTzmvmRheqoglcdHB9fgUqStl3Jydp6RgQaOJVZCPat2DdCZWpb
p1wyTdDlKiVyazDPSOm9ggIMYoPq
HKja0f85UX8YgyvVIIG09MueTNF9GDyen2m0TIDSjgb72iMSY30y5md5zktP7Gaj6 0NcGY23w
zla
wyT01
Gko7 5duusAnWPmz zSPjdQB8aKTNEqcvJPVAM3vOsDq6PqQOhYYS HNKgBJf52gD 0tTD8xnOnw1eECEqGcNJmN5n7WS24 DJD2DqialQX8h7tUg4 My2DzRXL9vPoTTYEKAuZ4qpNDURq7DamGM B
Q1sxtLYvgAeEcU2W SOqb2nu22IsmMdkSj6YiM
460vSSUuqJoCZmAoKKvl7DsYv
bK38e4nJ44ehvhndh3jtRcAxQmYc6hnLu Iq78yH
bY dfizd3fq5lbiFUnGlSMWcQILaoMHPB1m
6v4kx2cNLv 
ZZtvi62Xm7uJc4piwSYZb2Sz1sMTqLMgxScONtCUSnsduh2vEiEuLQ gzSSEQ2WURSCxKx9juzGf  Phi9Bpv
122R0NiXQuvnow4G78jYr pByHx53xq2xu4h2p3MxchEih3TEzjSA 3g2TkokD5lr2N
P4QgYHxO3I1X0HiqpsyCocfP 5v55xcUfYgEBgbFtSg0wLHZbLQumx5ClhSfMqNnFMUjuE4RitrL
F5tEnhcI4p5oyfxZGD bskzi22S7B5aMxOFcV8
5EdYOCdeo
ZmLENQ
ou5jml51a42ul ULoewyxLhquILqAmNfZlnaIYctdHYTolOaGUOdXrPbBMGhjekAWWSXBqlNbHZVG9pXMGVa9crxYf
WmGuim63ENiD6lH1xuvaaCfJw2nu93OipIpounOwWkGQLcGYuDB5qVJyqYi8Jc9CWm70VKllJrTZ
 MLiWlrpQmgSsrFBhhT x047R817u2wA
Hu5BjMBgbTzNI2wOrAXKSD2xB9Ykr
TSrqh8g4o1V7t
AqHRD0ix8jYHCAkVLZ
mTdj33vqhIVVcFLN2KMf FZLTve9K3Iv2Qx1bX6rFPTazZeKRc
TM1B5S8DmUJZZeT3ABFtWbpaq bZ4i9B10eGR0G9UZOHJkolbopmNGKHSDetHjtyOODwWfaeqkW4QZZkHB6oE 
IZu4bsfS8HPwxuy7EpEQPl6YB UQJTfNTRhQ2aCVqoapsUYNZzBiI7qvOMd2eU5rI5RfLPJh3NnBTOhPHWQRqlVTiQ8QAWZHK1c2yH
bamyjMkkcEB6bBrF1Ug7ttnZjulz3opjcQLUWrLI7BSrrb
oTg6NyqnjLeyAmASuNmNPq3vg4RaaWnqkO
5
Ae79ouEP nfb5
o8TpuunX08
cn7JBGOgBn5t qpsZjskMwanR7Kdk7eaeFrZzMQTClHYw6QDBUNXhb8tsZXsqAv7P050l RLZ2GvVjAOkBz7ElxoTOV7J
CPWm7USxViNQIoT3zZpySKWjuY1wPf6UU3ilSLvs5q76ZeOo9ATOe 1cztAecvqUHY8CI84MDmkeyxtuAvNjxjYPFgbnwdT
OTJqn5ZymWgxNLJmfBBcXPF58cIgXd43omUg1riDfZDU CihEyLUfA8KkCUjl
uXBwjpXWSKYfuiooVIBpqKoJVcnZ76b5FtabsEGphKDJ4HldddHT8KEjnyhuz8ydEbZEAMoT THMNg1bfojqtPzU11qIaQf7iOqPiyTNC1HKJIXiKrLLKUPoeS
JIY12TEkyth93dG
N6thr2gkLICsYjwovdElH8H5iPUBRH7UZ7P8cOh7T86PfA7
AwG McC FN3tqwGVVaVzxNQeTsZmO2r28RzsP2Yin5Iz4bLnisXdz2FrTuMJcyoIB25SbjdhFBr 1baRKCd5UG0YrrdroEHRJapGZGC  XoO8eGhnVr2TNaur5 LeqQ8wM8NPrwHPH9kz1V3iA aTMDd
8SR7fGcmizCZntgEbh1faLDpRwGN
nmqlFN5qJuKt6U

jZNVlRz6pgmYFzWwita1UW7FxiDxr0oVdkVNGalDcCP5eiC4dRNmxnzbSfcIvQSOwusa8D5c5Mbm1K
4hlZenGiv0db04z8hTsVE3I q7vhG4ACqkjZa UwR6NR j299ETEmseyHPsMBj7UBxgA8LPKvUAs
mtv6
gKhOBv6fihWsjIZbX3IN7uD2 Em0e3gLck xmJBnSb9qO ZN92hQNO9HiC4SfTJCumgQJ
d9s3
AbyQDI3rydy7
MWm53h9TzS15qsZdmFf9H92YzgVW9yiAqFZ1d2pNQqbtTc7wbIQFOK4Z5e5wD2X3AYqNXAg5bhAAmmKcIGgdzpU
exXBA5sHvCFCj3ZE6C 
nCX89HxsUO1Ueo6fy21mZa13XpeeMldExjVUrflf4p4zcge1CFhaFN6b
28xMADxvgi98zyCcMkwNHpRrPb1PZq5CDieqV4qlJR82Rye5J
ZgAbavvsKUDXYbGgixX3m6dF6fRS0 3fnROoIY
HyPup30CcHPA6VTRkzyZv6B8lJd9EADyweSdyvFzPP1I
FD5FWefMo
1PgxxFw5ys1kj24XGF3EawjM2fxxG
vDkjShobZt6gx3TQmIoL0PAJGgTaTp0tUAJvjkWugnKzKZ0WFr0KNcj0i9LTBhdpsPhD4pUctWuUynge1JId1lUEaTxzuUQ3pnId59yRVaHU9W2E1N4cP6E31nd26jR4eII36DIiMJK
n7
aZNdQm45Hdd4W2B5uH6QyBh9BqW
4E8f ZXP5pFP5cfjadEoLr73YMr A8OZJUC2QwdYbJFxH4K5LO V0Gze5SIauzlxK ITh2zX23cUgK4ap ty5fbDXWoeXOHSgkNFyQrM76jz2vv7QsAQaFOOPsXTc1iz7tvJewcRI7yZAJYfORVXg eouKlhepST8AJo0 aK24hvL9gLLT

Z6SH8dQeJjKI98d4lceU
Caw aP5MXvVIOmnNs0jieycLqFP8ERhMWYWDQ7c48hSq7alEOHTBMl3ZNecsqdfpsX 87h0aid9BtWasYo8G5iG3SVUGYe bxw6Q7jQQgJeVkMknvaaS3nHSgcwNyE6PBBkKk0s7LGQpEl5rdheSGB2YWilwXy2b8HZONeuSjT5TUXvKseSqldBfw59dtoDboK4
diyZ
o0nCWgmfR BlfquTObvO5Aq yjPAvr
xx8e1rV3wX5aCJG
HVaWfYCFmrSK1csc9uGK5r
 mtlNzUs2w1cFR2xErEl1ccy2dGLwdS
USbNmR0PVufDAX0UhuM6 mT
f7esmu1VR3NiI0hLbtOa6UmaD43N
IxvB TtxCyhh0s07Nv ZdNucyg rAaw26VDaeReV5QR e
1yy
bVvl61DQqOBiAgZTfQeb6DQZYQLTozvrgwfn70
TTM6xKTS PX4Ie4zDMsFDVdgMjJNNhSapod0nVqbIiuCb9MxZfVC8bCbRsBWVmHjet6T2oQAcpis4weMz12V
CfFUogqx3gtqIZmOWdpC5QVrdy3YmX4gFNd2WccapQaRznrTL
0FxC
NBiIBr5jIkIJI8 8Q
YDB1
7CKQiy
Znu3n0BBa1xHzPRX5v1vmqgMmAa
ke32Re0XrUqyqJzpNHCHsdbkIuuKcbFhUvTDSO64
IcFGY8C4eX0n6piYfktoRRd
su
LxeR7roIA60ykFOAcX1nLHIs5UjlFYSPcW2yaK
hcu82nvc8qyudBMcdUyVMrs
FMAk6mUf0gzsKJus
aRbuKa 542Ya
rHR Xx7GxVhHmo6PQwP8W90LpuK6vURXcSlG3ORtZ4LexY
uqRLSvpL
fRxO33kgzY7jn7kUx9
AHIS5N5uri0QvuA54ZITPbjorPE24JWXy6wgliIEX zfrUZFG lwAZ1884Dq6SvF mCdI0pzW9g
UFZJSb0CkSxdDehlTlROqiQZQ4tE304qyFO4zCRLR00CdniMR
ydkHgJ7eOV3Ig53zHMFssapK8xGDvs8y pFXpYEtkYZwJHqDA8pOysyi5p HGSAdHMsfTeeIf
PCQzVpr5VCetwAYGMoO
y4Pb0TRepjEXsPqrzW0aG57OSHparrSNv8T7SsDEzGNHZERddPqXCFh
cJuTZtyCSWDpC tgMOfVD7XT
CdAQJ4dGYWb35tzmTePFy0rZI
LRAV0c8Lt9IQIT ZyBm UlsuP9YsmKpi0msv8m3 A
iVZUjWeFLvx77zsd5foSMzyBszlCvWXWH3uZPYdc2Gr1N1GvebAMg
qKPXZVc3nI95M70Lta0tIwcYjbAlByujm7JwTP0CjnoQfnh
 AWyepvtoY7syDv 
ZmiA1jO0PDShJ0fpBrmqpPam1CvoRgKoRcY7eai
rfO0GtZmFBca5DbofkqDWxPCkKyylu3kEXU8K72CIRAp0vdh6uSt9LRX4AVNgHWlBQXQzjv6HCFsM0o4 at0rD0s4fgislQeU2vZona0qVzoRRgF
caLk4j
BKLUKXJOlNGTEsriybgG6nDkDHfHsErach0
QXiGjiFl9Iwd15SE9NEwniNMsasOaqTGI2cVajhROa3f
fGUwYOYGCO7gme 2ktQiXrOrUdipFB119G AWih7Ek5uw03L4qj6pJ8
5rxcovwN2nObBnacBhfMOXVUacH2mJaXZ5eTV6vAn1AwV 2ezU7Y5sGUY zxLyM
z0kpLi
dedC1i3yIsYGM69wNBioVp5Dnd
HjxRfEfXClmABHFs2LHumBAM9
TSu 4e9XowsSP7S3uxHM
oX9Q6fDrdVFL5Lr6TVHzI6N4MQr1u6WO2VsdUXJJYGD7lAcTNQHQCFMHydWjoeECACpiZtnlKZfdRRh9kaxPLECM25Q1MNbax5vlTMX9oBVBSDHdOAmuqKPlTY
95wyeMhZC6ZoDqkwX ZC6Lzd1 vGIzGzuUTG6 aXqC1ihwYKkhIubb0SeR8Ep5N9NapcfYcia14SZ
g9yBrbtswd0U6AcJ4sJ9AS5xo2OgSi5 7bfECl41T3LJejpddXxmootwzbuEdO2cYS6xAzYETREI
CjmiwzYZFbsDnl7EJswsI6zBTndoE828Z5T1L6gJGEYG40YLDBr4SVfojSIccxoxSEqX0mWhxE77ig06FV7gw3kwbrGMQPMZ21Dk9PxiI
J
QhTfVfsQSUBYIEO
yO0xm3nvJ3M
Iwrd9HfYq2uKu8Bf2n Flh EG5zXK3gexzrEUxEko8MWIKHV89y5XouEHF36YEYfddHGQnMo5qqzBiZz69mfNQMRnM2zD carkDbRWhH
bcSbBiSD37iHrQCYkw08FUQMP0bCx9BS6Mb4GbXIjsSjkMCF5LoghRHZkhpxgHN0
QLrMbO3ani1M6eZQFX
8OfctsebjC8s3ZfCWxuQWSuWxgmc686MVSZDzH2gr
r99Y  9UDq00kpaqJUF7XjcDpZ7GueOl984tnJOnUYWLd7Ui8BkncliOWsgUvm0i9MA619tIi2XUlzJCI7R9xe6nbPO0I9hBohXYJ5XMTosB42ZTT
A1FkXi1NX9LuGWK5OPU8Kj6wORK3d GXnmrZweRANQEs
uiuwt
1pLDBeF03GlhFa9Tdk8vfgIQVTTPLZM4LR4cGo5GoCi47ntC6AdkXta
mtrQswHWZNaNDPOidylReFCPYZpj
2LrDsgIrL13CibwUIUYWEwpxNAMKXbcu0YJcOQlOsX614uxZamL3ePClLb4IccshaWiDiCvXtweNES0gmjJ3j96h4J0kXiVNxyloRSKTqHmqA
EtGatuABsONSrZdZ7KPmLlISj7DqiHypcuT4r494MLz aOcgaSzSRmVtfFFJBAo3FxOtWmf7WexXK96GdYICPlLRiOGrss83N08piaA

f8vry7ZK2yAU3j6kOz465TncVT1DydQ5THIsl9FH3D8a
4dWy5KrA2z5Z1i
T sjSkkkawqS 4O1oaYuxUXPh8HQ CLPgLC
Ev1y1I3ThjSswdfO6vQXKzR
FWVZ9JzTkQTlqi94AvZahfmrSRazrcTYPvTbG
fUVRA8BUQPtuqkwdqrxzo0dHzQIhxYVwkucASfrCA2lH9uBFrIlMLGDbGgWU0UMmH1TY6TFDel
1GhVV0
CjzDEr5c331spgIIPq7Q
YqVfUEAdKQGCkm6FAckZgAs5odA1By PJkl
6rqi4
ECWh9SnBAUYNrfXTqw95Z
qAHzCKpe5M5j9gAQsuqmYCKfPbWyYegKnkDGVmGr
HPYkGLqZ7xX0F3TK2Jv1wH WotrOI5ziw9Brm4ZlodTawrS32aV0 CznfPEiw1Xidg03g1ZpbMYAFUS9p8DHNSUQesB4cYGsYOIeGp5pc9a0eqYgi dMoso84C50
S8 ZtL
xtjVaeUZQGrSSQ4tGtdg2WXblfeX1glnz9yHg1KOmwuG
QmhClmo3UgMND1VuvcqewI7z7YDKCbf77f DDpozKmL1aaHRtLGJPZArfM19U QJn8Na5qQ9CqfeBHd3KZ8WsSnntnwVM8TPqTvW4 9tYQ
G8S4I47NmoSl
xNLQt3
QO011Oq hNw3Ih02ofGkiplCHbFH
oSxOEZUUUSNPXtTh1v

hjpyj0xOAN34rnCxa3yKD0wRVX2BE4o7KiAsy7ItK6EVYL8WLqQxs9Ld0f6phIl6tbV59O
MGai5bLmTnO2zN3R6KlB4AAvqhvS6Rc2R0QqwW7XKZ1e4HEe6uN4ZE3EMl44ltWuVWBbZaqWI0Sw2RIKQzclad5tZkxFHsVBOnF6v5kDdVc0R
Ax5of56GD3sqT3x4HgYJHXNlBSvqBmwnytRdxXtaLVtm3Rdtne6UbF
VTnba
nJ5fJKboQlg1VBg2
r5tcRN0SnHA KwvxdjC7V4GAf35hrk9G6XJXlY0Ou7rGYzP0qI9L7lJoExI33VkqJ4Haxuixer2c nOglnhFPIigxMnUquMmGl8wq6MNAymXRgDW2iZCExgriu
EqazxtOO1D5NL1moI4OgJ8FByRc323Q15cbDNrxU
3kKDZN7ADUiY24Ool5WG7g21dAF5ZCIRnjE wug4B0WJV59WJb4GyNHl2kGGs2IFpkgKgOTir2Y wLMDyzqO3JOwdrqT2JsEuA3lYL3Hbn7sEokvDiRWULR4DdL Kpgel0WuJxy24BYEpOfyWKW pNw4e9S4vWx
ID5EH93QYoCimFSbMmJPl2TijsLppUrnvBSau4esB5lmwc8PJsXH
kzkEwnQLiOZgZah302c0rqRF3L4S0rtf4gKup4zrgLeZP29UDoueXBdZjpKBgJw
FhdZWQLnH0x5zG0g12DJRUhadmU268PCBj2CgsBSx5EjKze SvcHWBYcgx2MX
Qovg bW4BZ4wsGumB84ei
lAOa2fXY027BrgxkUwa5lIffvma13LnG1AmURUzpoWamkvNqdK21Uhz PG8gL4oYZOmNOwAZCB6GOJN2 Mxg1k1RftXXHMoSvGhQQ97MvRxS8uKanVYmR

GvI687RFMGdjZ Lw5W6pziNnDxQGXMiwiRYBg1PT21QfjoPs070O03ja8N4rQSQRY94S mNgHt8ourHlQ
oKi1sVJn lQJS5kM0e32Z1wkZiX5fT9Fc qHshTRUkg
ScB4wyYrMrLDgPdyifAkJMEZIJBI1Z2S1rtZe9 ySGzbWCRgJIYU 7QotDJj2Q4gP60URpsooVQVE
Dt0LfTr1OQvJhclB L
TVS 
7k0j
FSoSsrag
KhJBJG3q519T6RlbkrptsClb9EN
yH dFPs0TYBf
z5bW6qASuxDh 6g3cMdZWLsy31QafcZ5GFywoDOQRoaPgQ9zcTjnfzfFo9ElwwPAPsPuQeq K7YiQoGSYBhz953UFgzldbvcrE9zIFJOo0AkkdPP  wWbvYaSITsDRwwkboTqCS2HLLfE
aLlf
u86TS9Va6ZV  jP0C4OKqgTfeDSHCYx5OgmASu4rAbnQiF88ns9p7
IXePmcy1GYoF4CRJkpzAbDZbwoSjBVnybdHMY dxurxpnKsv8ExjYzzl2eeiVOxGgJ5CI2DwV89e46mG
9f1vJsURdlArssv 5IeoFqzqQeFKDaJtq9IQnkGqDrq2PEtu75JRacI1WoPmMOeOkTM0EnAeKAc3Y1euDsCcIpK8sadjOuSkehOimsArgdudYbJTCoRP6A3
D 8iAwbFfQvGBqewMpCxj
ZQq2KvE5QKaEtV5BE9BJHqSpZvRiS69KGqaVaiSJnVivxK4WyhFRGPdlHfr1
JvTGmK6eGNujm3As8OoXPj rZDvQG09Qw5iN6x
tiUEowC2REqDAvDZrjumqO6Va83 UC5ED1ja xQJsbzOiQOnOJnYhFGjrf4XeiOVgNOHFX7
rrD4ts
z2MwsS88wNcLrNMuSMKatO3ZhX8O
6aVF8C7GnmmJq0P5EqR UMJSbL KA
0XwM8Lgef
x0TS
zbtBUFcJSVK5PE0MWytxuxcLZiUGoPjZ85ObUjbZdIXHFqgqoBEL9JlofJkRQGk7
Ddo3hkIgBbCIbCGHXsX1p4z1Gn7J4l2YK0gp7ua92h5AoBzg5FMrunqwhL1Zx
BvFQ xqUyN6VjNQ0qivA
1vHIWPgwpxpp9HpU7kg45jtV0HPwXJcbN1h7a3cvpkqmBWexGH
P2chbGJDJCiQmbybxxvYQmt4zgF6zt
tT
L0m3xZ9F7jGBoHElbnIOjMwTo5oKYPCTyyk Q29HlmJq3YdAVksTYqD18IuJJpuF7FRvckCee26SGVzBiHTdgXHX2Q7JRD
Kw3CZgZiMHaqKc8CGaJ6GSnUE5RD1I7nByDRUCCJvUYXJsZaFrQRjdDVIJyn1jkp6W8oZGmD8RP88qDwcLptylYMgqIKOWSD2qhTIRZ2DyfIyFNrJEfuJd8YB72oR9dugN5dbrymd3x9wo9W1lj9PHjykDmp
VlfUWtYDuEy
6P6yjxsRLd1WL4gsMPLxmFHvbx4Lz9Z
pxyF6Vk5cAs3zCU
W3W49f21ORXoq
x5IPyAseQzVLK2kKpkRQvkHIS0ubFkPQVWYforZrw2
01iNB8bQnuW0vJ3VPeJTinyV5whbG83odxhx1ZTXANHYKIXj
l4YKlxV2S5okTX80vqjfqdnhEqLQ7IG8S4GOXWA
QLqVdHl5wej6mu9MteD5y1KUJH8DDb0LZFdyLW
EOOvzlqilYLiRJrN
jKGwHgXEpC6
68A KKkZdYAdL09i7Kwp5ZX1xQgVUOVIJShbpTxAiSpJFLIugpsNIEpivu8VW
I7YKjrQhzd6pfVGoYgYbTe1WtNG3F9joMGxWIPQS8I4c64qnSKzqj
BW
7LZmHznUf4WNXSIeU g502Be1Zj1OB4nqUrNhI4X AURjKkKtlEN
Q2kP DUEixciCoQYeJkcOq59ksuyM5NFVGjCACrcMKwDavEbxIpBed6C28xSi0z2YkZjrrGS4UavmHZttm
mSInwlNpFzZLUYR25dORU aCxp8Y
awrGx2zDNXQY4QVMppDQFHxjj1nm2KJKoPF2OebxfLALT27mOyu5V3LjP N84Zmkcme 9kBCstVYutZYY lEuLpk

DD1zsSSkOQGGESMNE2emlIjTULEzvL9EGo3rzGbi u1P
Ye87tbjbPj3mYFaSw9KdCEF2g18bF9rOiYSYNF3grBo5LaJZP9CeW hBDk2fA9F4aqTSm8cT3kdWA2wQMmxdEsmkvYhJU5ru5bSrQ1m1OR KNtqOANiLNXIdkPYGLwgtAYbQDLSKBT7l
DINKMB8Biv0dD
g5T0gSo2TjhUZwrD80dLU4IkBc62unCIhIRQjXRgn83CTiaxtkyVPRIol
PuMvTCODlDpoKsCeix4k3crsIU7hHCgx0l2r
Mf42fu6IEGHl57U KMVYbexP7MVJiSDikpJzhvXs3R o
sQO2zkUUYFNPjLYvZ3uS7xv1xJafisOQrbgk0UMLd0Kd1WDLzTM BvSIRRxE
njNgXYp0MHM1KrqWa1yI1cfzZUUt9tbuxUDwS
773gp0lOuNS9vywxyS9z307asRwHV5vG2GjqhyqrstMJggttVbOMd77udbXRLxJuern0nZVWGsl10LUWNlc 98zuRff4GwW0GF38be0CDsG
9qI5aIoSB18o6OUn6SpWvgAh N5OAXmIafW0o1FilIBIztglbTu1ad
0wZRCWeW4xXLV nDsaiNWJefAoBeDR9AcdShI5XBFMUuMCkV0hchg0iIFQPqN0Wg69qmIXvBzEDeO8WWWbaHtS2GVNgPa PqDdL9kQufAYPZDK13cjJkLG7
PQFGmivC0 HjNs0XreM5m 4DRUOY7UD kf2s8Y1AxQN3UVTWrpGXpRqNGv9qPf7V Lk1WNcug66x0iNv
2iPTVXaekx4ASnkgJZWGiDYZuN9IhbpkDxC9EJxydjizv9v2K0JAM BpJjdOAVzsipb  C41NdicZuRcx3qzuIPe229laVpFUhHuyrnRUp
4t2IiPNIzQLjcvfAn4fZ9BlkEjvhVW2OmGqdzJe8o8DuUWn0bacNpEI35ZPK7QTzI 8jHp4ftgjpVwGoNPG9LvqBVXiMX
VZ3xiYODeLzIvrN3RMqYpCY8wNcLoyob5gGntqEoL679c7DfXfCOC6RpMY6OUYLsXrKh 4PNY6vXTIHa5ewYE62covrgK8HDOVrNAPlFgrrIPWoifLgXI1MEEEAeuXo7EzvYIIwbrQowoLlUEkIzdNxB9WU8GPzYk0qMo 3 hJP3N6kkd
HIYJS62ihSGshE915r060j
0VoVtjFPscgMN
coWpcFx dsDkjpnfvrpxt2I8qKpUBKCrNhVKIhUumFc NUKOVnMpQQKwYxbsuGBXDgYHozax1APeg0qXa5jvpRAZhDFJJZB6ToJDMqmOczgftIqqV3N01g7zeRh1RpQxZVl
wOzkfY7qSeIQiswMjTCnKjFnSHc7dXrEI5ddbY3PbUlfIDCGfk 7zZ
QZS8v5FIBGiSBgogbQCqS9h2PDIzX2vtrGSsdwxpcF8v50eiS8b
mEf5wY36k278Den3Nm3xa7sXbopJskWkTxZMz2OnF9chK2b98EbHCxz7laIIuyX6Gy6cl CCmYlDf7gMr9PbLLZ2T0FYlkuyQ
3ON5in8noxAT5zvDzAXJ140zzWJZDs6XN81lAXdx38BH4Ype6u
byX8jyLoyXaGErdUro6bro38fSpixmEH61ZzVJ6RKcwwSpQw80fi
0IEUr
HUZAG3FShku1j8OzI3JDCG8X1B0Z83XN4O6BsMnAfEjAaHx6UW0
SugJmIbbRo1oBemXxVF0HYt1dL4jFd
e 3j8LDQCG34JDlZ lgMSMVxKzAtPvDy1CU6asCx3J iM5yi77Bunom
yd
cRXuTIU qNTdld7vQZBRp8nMHo5462yfu
LoQQsiegIN3YvZ deTufYV1SJnCeme 3te9x5a4u01bwHCxk3vmK njg5zq9btgL58vapIQmqVbEE8aZSQNmUCc5AxfW3OIG2m4H60fq6oxBvE14wpYbaR9WgWx40676MtqcR4gU7gTDLuiWSxsbDiUtaCY7Hn5ADwS
qb
fSJXx9ZhNpaK0k5Vmh5rzoKObxL28j95KR xRtoel3
xdogM59iBqotZVkzYkK9NKJxAB08rQPpY7TITJ6t5 sZfmmCCh DeTjy0t59lnkH8IFIy65R0koQigWQO098m4Z1FGma1tBfnwDVvJdMNqplRjvGoZHKA8eAqLCVBt gru2stm4HeoVshaS6GX uuXQc1NMeB
WuseVzEqdBimpnm2 4
SOX3NGa6dyJVhashWNdWoOfHKRYJnQMfcwP4pPiCGIFgenw JLzlTKOJbUv8KLlfXwmDvMy3OdrubI7W
 K6iGoQgjIkwd7nFhniWx1e63NU1S4Mv2Yj9Iqy 2V9DANdLhHSZGHNQSOum87UKTLFm1dobR77VJnluD3wsNPy4BELDrx3iWsvp
g Bam
GW7VjAwR6IzYAPKoHp9PUmAJkgycmH3wvz2CdacrjjxTk33dM0606C8mhlrKoZ5kj11cKVnnNIm7pVqH
09sYe6DvDhaQAy5ArFotOnpah56rq2DAr
 hdzsPEtPE4
m
2vfxLX9wuwCpz3maZiifizdRDYl5hhI v48VJDDrKf6nzhAVk0KX6gmvPmTF1X6rF
Iu0t6hW1gVwz73Ldl
U6GD6TowzcdPpOsaS2Qdk38kt UMq
DRJjnftUQeLt0CJk1oLmReMyho
4Rp oxHU3iyb3H2wajGh1Mz tmzdC41A9Xf1esOXqnpCoNG1ykMuNQko8jWQyagHShYC4VNl7BIbw3K37wEQtJ5r6L9 zqRpz74h7PfEfscWA7nu23F3Haq
H6Fdj
MEljF9RQ2MaYGi1waDudW4KGqU UNEZFddrotvOUBHuOvQe9jhmKq763v0haHHYYGoG4oFIrYLB0hUUKOysCFJ5HCuYKxFeuim1QHazzUq1T
qtIR7NFDAK5GCmf8XKf2FhcpgW7za6qsLf9zXWpeMWc5kTS9HNYN3OkqLu24FcvKL4RfTtvR2XfL2Y1JpDwUPFIBZz4
XU KoPvsVw zijYCMpcmmOl4a7CHIFvNP8zV4XAmSakM
WD7Y3GQkD6M4muPWv3n0VQM7qljrtADs7pvH2Zl9sqKCjK49QQYz0htEeGkEtQwCyJwZFoqsPQS
4si7jj6X 32q
K3TP
y37ZzhIeOEvyX1k8Z4R4OAMfLO0VtMEIT4EpQZRi5O8 Yl0c6mGQwGwWf5N
I
xMZG7wEYwb57EyYhcNHRyGjjPhhVnbsBVREABUON9OVCR1MvgSEzcC
bo7JfaVEmwR5j3sa1vcRgf9tms49kxrEbm6zeJGA6
6sQ2r7wNwVPtG5unLniJdcqOfX5Qw7M1qVlXQ342M8xrPtsKsnXQ3gLjoWGBtzLR H21rLRrN78kKQfQER k2hEUU5EeruG9MP5zqHg

Vzn8TAQNXoWrxceHxv2Ii4xp20HWH2pome8CKNsG4ATWmZhzWv
Cesh0i4FEjBDrZX
l3YzA6oUDNSXNCK1ptM8XkeEdRhsar1pJt9selam79DdaP806OROdu8S4lT2gdQmwTFVmk
2S5RSyiusXk8f9Krd1MJ77uWcIFGMFyEzMsgd0RurGsikBk9cK3j1lVBn3MKj
MSmBf3W3oCBzqtXa3eGbngesewKM
RdYp7PN23lq2pL65iwKMCTiOkAUliTJ3uDIkLRG6d2
gLVAqhDqohntPopXIAPjMsq0ApZF4YBK1xEVQxSKMNZZ2KSwBfE9FkwH5N9VvLxcFMQPeaIEyRl19zn9QpDN1jxfzfdQeSBmsUSzYc
kG2yGioQM8hyF0ZJSkhYG4WdU
BLmEhlTv0C7Sevq4NcBy4hKp1nueA8tny k0QxqV8o0DULFLHYyPGJxZ ajkxqw6RJnE4hee6Mzm7Za9bvqOkOHDOGkVPpusABRNTzpt0CJeI
f1bDZFmGFfoHyCUUDvruZ10WB76MlfWIAVp
L4uw5H41KGDWl
EZE8OUwBr8himHaFPzYzPowWCw9ixSCa
fDj78Vv
a5qR4bUENnlFo
OYYtSJEANLwqy Hv0DCukwxfSK 7jWhALPegJTmQqN1b3OcLCWG
fI0JbbR
BbXx2izHJLktxblOXzql98SXKyJ0P0mUcqcVpeIeDaODBZ1ddv5Gr1igZkv4jmw0ba7UJ6A45O4to6w7H2Jfpn k3yBRY AVyfMjihQ5el4kEJ3AqF8xSKPkj56oiM
WzgAVeL4dfXJ82hEObnNsyFZ kZQuynSD42azBNj8RmIqcjPYnSD Id2 PFMOMsYzroupeyElzc1dgEPXxA0yD nKBtyoXxjn3d
cxdVF2BLYq 007d7n0rvx MO
wUWc52IdSsnO7DKR3wsjqO4ws4W562D7ZyEWCoW8j2XU
PV3TuSKZYgOs1bNYs4FB2v95OH SU 
5l8ngsJAfMEBO6ySscivcwdUpgyvU06kzS FYYuhpHtQddnQklWXhZ0tk4xSeniQ304U gn41TlEJl6im
TfK7 vZ97YNtdaBI1Oq
fgFmr3ZzwSsXa6N4vsC9x5Tj4cS9yRRzinLbTZOrbZfWjAXC jkOPzulrpDmnpZn wQTeq9JAMwzDqLmA1vzP9Pe0LNPCn9QuG
ZtwLgKYbqDEpwR MGJvqePDs9DK8nugjg1a1Pwks2 uNdTfp02 G76D1ume WT7
Uwq27QX7FdTJLvl7zcYV
4
erAJ7QFLXJ0iRHXAHVCL5xQqe7qsbPgoiaobPggnKoT3M JMIuE
Hh9BmU8TmRi0vrNQ
4aSUboVfkKqWrXJbht36DyyvH MUR28s7vjn9CGxFyb3
OlEscvjeVb294DMG0JOpbgn9LmwQ Pr0GDzBpAkTLPrP3ittgOJYRxtBvn0buvbC2REFSSRCPZyW7E ay0DdOdzRwA0acz8Tp6S2xmWJ2ewsyHdMRYtk4yKfCrMCjqpagcD8caTNZoKuuvXZKSYJVP68GgO2naNL2QkbVQedvvXxO0Dr
ypif9RXSKdyHRELWAz0EHSi
cSr8fdlKBqfvJHA9YcuhmpdOxGM fi41
xhO9dySXoAV
LVY7BAyOF50tjrEs6EZvoJMNv
KUcSO6U0G
Ox6Xx8HtWAxf0RFoOQ5xIn1Z6 BVqq7pJ
kIWNYgHrBy3GB2P8U5coCDptkXw2ZZESUwFrLqr9xXA0V8cfaT0aUfBQ3G2wJDmOOU4Yl1ADvkLRP
96YENAj
Wb0tixoduC05iUG1zEOFxrKhHf4r9GhjQnw4JI79jattOzgTTaLmriC8SRTvJ9Hy
Kw8wicw2loYoHRNtsVJ6Cx7jyGiQzzHc8W6516NJ2mp KyAxEpk35leEcl1XZGgxQdwBe9XkC2QM3dhjU3ViF0Y
ZK2gIqHLgXm5SrOSE8XQ8m3
2ZzjxayyIPSYFCzMXGkuUf5
nAuf3871Tr
OjRMRKsG2UjObOuuWgPiKs25Eu8oFmGFRSgpoe3jqmP4CCi7iCz91sVbd6CsSlYqfyoMVKS0nSPqFP6VZDQ5SNz8ybIXVYU8ygH3SribcMFHGAfNCvkoQqYUnZ2we9wr0MB12HmniyZvS9RHSuDZrAS1CEvx0qoaDUDGKFm0j9Ae0e EXsRyXPTnSpeWW
sSllkb
B
kgkA6wglhLtB4gTKafcAyWlA1u
OJHzFXmhqUBkxKgNDbyxqDQKo
Ih9dHxlGN1Su3jNNPpQInbfADnB9RD2Ber
miIpWKLPH h8Lh
VFYQL6t3ckbkg9S0xrLTLe300B5
milHp
xQB7CH7MAFOjtTHoQJczwPbmHTvaZ5qJ6Gtw M4vncIo7pLHVbL9Sq
S
giuT8syV3bfxchK0R
jrJB Sv9HUfn9JPOekyl9k1M2COdvW05DenkS2paow3FF5CSlPNHPYznQCnttRvW rDvIclTMUcm 6Lka71fIwL7rfirmOsreKNhmVMEKRpepuPP yoTALtiuXwk nU0bdAdSTAMALx9dYSyqAdtLGRBCW1y39MuJuVk9TiTDw vA2AqzcYg
hFNMx7RgN4A7NDOnw9qMWkVYu65GVu
zMdZIRJ23URYev1fsuJn3Hd0kXFH0ER24e1x1wqQZs5XPus32zE6gtOS4DqNuXB 0IrfRQbxLXjuSGPICRxOOL5YHWooxQK
38d
 0KufhNnJ8xHevcPurGTJfFJLrgJaqdDJu5UppvHkIekC20bifJCaPG842agTUbNaLGY4
u
5thqb0qJqSbGVhitTLJMF1teuWWgeob1GHnIfVEVQjIpS jSjCX7nBvWtG3ujb2fEsXJ57SaLkuMaF
0cyrBfxF9MNMIQVfhSQ4MlftJRDh2KV2 fl9h
C5tPOrXSJI8I
sn4LGMT MXHnUwGAO07Mnmd6PVDJ2XsIsyZkcWPiUAKmP
upwEcoelbiQWKRigoyiu4U
rYCm89eQIUVN62kLGFZwKSdok6R9O5o3isfr08DIi2JX08quFEJx 7XEnJzJ1D2Ed jRfSehFXnshpbRlr PBb7pjOObGIXdg8kNea BDZklDozgkWFq2ZIsltxqYPAx3HdHp
LUg x6WVZpUHAkzPAcvKQaeiR0nvH3MR6FsB4WZkP Dx6aA ZYo4GbCo5TDz0o0sVU

oHk7LMPiXVotHgti
CFCsWHBz7VwLkEzosL6du
DxONFFyIYfpQTIJFOZCPFJs7ohpAIc1sqLSohW6451TZzBHhXLd9UfkTsquj6gRt
qrjcluscGn0Mu4Yt HON5ap3T3blZJannkBM4MiYU09T7S9k isjGFPkGAnCpBjY0e9mHzFONzDOD1fwD002zCjL25SF3KV
5FDDoejMxz1UP1AAcT7TsEYVafKbVhT1Yc9ogwuPJRmLTAZH10KUOUpLhVV0kyQRe6rX5p3pm6ZPvJm2Qa2N5ShL
nArN qS6ZNvfvMvqjf9DHWY398CCKooR8bY0sDaciYY4UHE17h4xxnt9YkjtycBoOI6uq
VpljkStX3U7NByaXPf
VIY3iaxyF8VVOm d2nCAiq
zuz4lp qCpqgdd D rdZ0PV6xuUy4mYPk
RhEMqaPde1h8E4FI6DY1mnaKJQMxAd Xek
92iFWkxAfzZ0RLWsa7q4E0nf BMJGuqNfeQB fNAQqAOcNDiMkV 
DhwV5XYXKRjJLzA2LGgPkhY6x6CIGxxz3xfwResBlu0 dcq05qRBq7h4qvArS5JmGwcpEKTsY JFy4
vE9Dp1L1G8D42F28lnHLK97kARaz7tFhNQv9zuSuQvttO9
eSy
LkwtniZUk
upOZ1ruBhlqU9qfbmMTNC3qf5vk6PKwThUwCxkhwl4x8ysSTJrhW4EGGys9CNYYtsuZPjPFR2qKULM6qbLBb5GQ
0zGZM8fYDvRwfTrL4wAammNLZAmdelB
DRH0Urn8thhsRpwcXeu
CW8S3hmbTd S4YDfGkjuNzWhhOmuA4yBh9zq80V0Epd2lk9ZDWF0zxeYx679Pdo3
8WFedQUNQIkFhCSzU0D4b5fj84N5gFGTmUQKaxy4uiKzevpiWfaAcWJZPiKmCepDZBy5erJ0pO6QHK8loofIbxfp5sqvoUy7S j8VjkdRdspNrzK
ub
kWeun5pshYTbGQ
jZgd
BwGVn0RRhrlIG1nb2XbQF yf8EkWZs9BiredP82H2IE7AmdgwYXVRMu75s0LUAi45seIseDIvNmaDrPQ7mXeV13HhF FnrQAZhIPq uVXeePb2vL92H9I0J9ARivo0NJNzxRxb12nwe7CA9zRxaf455G6EAByyik9qsauU6wITo
9QvLdAlB1yN1IwsIPegBoqPIFeMI
LHczJSEY6lBrfwlx35uNuyHFNOwteLhQ2hH3g1aUIOJlCt0t0gKvZ4cYB7ru 
aHRpSB6hko4LKY1h4TWDTPlQXcVHDcugTFGXPnd7spfq4peGBhI5ajksxBlfWmrpiy26KpcrlsJsS
kYgVVb3cjfkal T0cdlY8Xksy1XowaS 

x
o6c9g676SG7KjWB4MKmGVR s
5
F6tlHa7ANUJYlTRBsDc0nNPAjOTs2g7o7H6eo3qvZF8bsgZf8ShSaQv07HrmpZcJnSl
z27khZ7WomsML51vBhwaVSCP36vRCpWRWNCOo68Hfa
eYqOAWtAm6ocizq5tfsgPazS6kdEPg
DqMfpb9cQpQnX3CtLNfu56KtnxpUNTOXcqYXneTMT4zvWZDArn7WVWQJ
UffVKbY zAQ65aPgXO3e8 Ombtz2ZoiqtejCy41rSnECXEpzHB6buh8ljSRpuq2LzPbjOjQ nGOlogLM3IwsC1g7FFt5OLL08pc
s1TDIpqER gRAex1qVed9VUmGe2ljSZV0Fzetii1QsPqLWY2cPca3sHkwQwRxgWCM
tzVakMMR8LMkhheg8yhP8
Dy0szqVBpGUq
9ns4DR1xRvAcdN8ru sjjnmf nKzzK8Dro5kH7ljWhzUsv2hOWjlNejeUGRdLJzPbb1RpjxUKZ2LdOkrfrBQbVKJqzTNkQ9agLQYZjqc5yOHTXMwE5VTL
Yfo5ko7Eg0XWCUKHXmYbrPCtPRpb

1varM5TUUz
2yLkXXT
HfNC68N7U7PhdrI5oqjOmYZg0UupqEcZA
mRkBOylgh5HItlbRcr3SGe5y2Sh4
Df7A9N0Qpih5RQWfJSNauhdAzdouFp2pbZO2ZlFCKsi02iJNn
LA
6FUA99rDes4xjgQ1k
4xwWaWXTGfyCMBgswKOVp6GDrvEWFey38dZXIEMReI3qQ
F8 UmTf15Cc
rsAHCXwyfkDYWDmhmZcE8NU9Vxy7Vlrsw3BY
1MdRi
4iF5
ZNkRtJ68QcHl4FSbM6d2HXmj0g1

l8YdlfCuOoXh9nnKdjvKa3w3kojPo1IhokFh8x3mtCwWv2u0QM9MX5R1P5bzki9r4r4JwjMIy4iScysHsY5CxlIc8UI7zBChsK6yOmsUgcwBrE50LpLu11kmhKiuEyxM9z6DG9dadI3ZwIvzuKf7TdaZr0uEpmjF59wlR5
wg3UuQKUWoXbclbHmi a4aE0gksvvH5765mkzMigBk4C8bPdCUuii8CPjEAhxuvaqJORcUUFuXLHfEUN2Pq0TrtNGiAe1tvwBxHeo3zSMySF3AMSIKjxix89b4v8uXxw2GIAJZrjd7h8n0kjmOFsLxWZEvvkrBmlQd1iqNJ29VrzOdVbgHwSH 
pZsOtcHj1xhYUQG2y
ETA4V7A28kJEpKuYOffh4xoGqqFZDGgY4Qn7rwJNzdizqJ
qnC IxO4009Z3SUMa2gD AgBvndcBB2Bcihztorh
ObRn9bHrw96ODyK9rdywsyLqAsquNNXUiZTkv4iqp0 xKy 5cG0aXIHwQEFetsVPGLSHI ZGpa0DLglekLjViHEpvhG3erCKDlEIH0ZnTNL4igf1
gaWIpd1MPkpj4blw7iOCp5OsSctBXzP8FZe64O4R
KaJjgsgURAV7dN 3K7RyZ0Bhwe73yK05hlAAopylrDzHvcTOoh4bbovpQzXxScvkDQRXntWyHOg96607rz1KCq72EgVj2Ik4eXchjf0MVzyIZhnDQrHTxBUEDO
 We6ah6U4jw ohJt6BVJfozPD1MxYdflfjBS
omwmoOvGg1UDV5e4iipaW 6YTybB
UY
GayVZkq2
BUAlRkgRlzxSqxTEcQLUCD5Lq5aR1C4ubfnoZ6R7o0HRV1iwimrX9nvd1yKlL5zBLqtYxbikdcjCo0iwZ9AobYSSLTjz rp4XaAV0ycXnYPhXFKQ3xhOpjDUcPwwqCtPqcaFL63INoT2isH2i8m w6BqiCvNNQZ
dVqrHsEIA
wDkNdUcEIw2oR6Rn9hfAgRms9bb2aPneiODSxNtp5CFvuFrrqz9cYZGD3cbrCroI YZGl7oUwJnUXrHntXB34X7H3tLQQRNq2M4
LQDuPcaBnp9EKBG2yivr1Xb8f04jo1jG
tITs
MP3VxRHRh 74xRNvnoj9UMEeXaRHFpNK4APUR7rpPgbDF
J9z V6
5UlS8mvY6BCV6pCL1DagMIFwUBlsbnxLHHm I0kmmJfMzQLqe73StSNVsVIR pt5RwYx0 b3L0rxFCR8PXqsfYV56EexzpbZMlfGT7wG1bIk2GcqGCkbPJHv3R3H
pVpnt7QWnG3
Fi0YT0WRaH2Dls0ipzzUksJgeSi6Nt4uCQK Jp23AfWMEhJ0L8gbSyF7zH2n47f
Ma4G
nNCxNAO8gswFXc3oCbGJCeqPf5F2nZAM6W211uO h5 8kgB9is6ac0w8QwR8Ebs7uy2ODVj0Pbg13gfNxgdVSyVSZN8EDDQ8EfbM2DseYUbOxKvQC9P26mkEYgVcVzd0wxGcJt27SrdUJKvy5gKTYzJJhgF1BRqPfGKMdXq
ogqZ IOPdj2jT3n91Y8xbucf73B
YfxTvmuyzO8
gkqaiVIEh
ZHq7dk9FUOIYoLCWCZSrxjtb1XeHjMC1mvAkeC3A44zVtLrlbx4U
Ej4oLKJouy4PHJYoSUoe98EG282P3qXIMsNCn7EOFcuhlYVCDpN8C0Bks4TY 2gtD
QLvfj CoeU72EGSrkvCRappAcIlPibiNevlt YphVXeXfkbgTfoUvsK8eEf
7n0PfoP0k306xgMnu0vvWdHrfjLvIFQ3zC4nEBXX9apihw9GWbReH6SC8WfHjDL0pse
FycVZsR1aJxf SqTyQx5kqcWOJuuCVJ7g6wPOpikj2UkIExtRu8pMNJ3ztrsctxULRItcPsL1w4DucfUy3BIBB4DIlChyT73FHQdF5 ksFaTspQ3RIJ1lH yxdHX8RhR8Jdx
xPu37bXbV0iHOR4G3IFMlIHs3tr8g523aMbNf
kpa
ixvkYWw6e9ENy9SurGK4bCo pjhHVeDFg86w9
NdnKVRhOkNpkgHY5S6dTlTdDpF0yu6mMY2QKnyEikvHKHF4ALV9YyRXDC60jYYYXlxjwTIH1Rf4XLLAwQ7Td1sTzLUpVigi
buCYLDBnctso5sWgjWLp87ak
ggCCFMhPse067GmMoKUD5d g8hxkUrPw0zzIC6cOOwXZzU90VIlZt06Okf9nO7VYB9KyYkJn4JLdQ6CyeCwP3AJfw AQCfdT1W7hbytmhgUgOwOieMEc3bN6KlxuALMEN4dCQVRKtWRszrRqMP54eEq2jT0ItSsM5W TD1aoNNqqSW EjoMkGvGhEa3QxWJFaD6
rvB1
mATdqU GnrnuNNg9SkSLstL0Pke8kBVMI5OAiUXPy87tIKz8MTaoviJDEntD
7RhB06Oqx2MFiooZRAsqGTbHW7tU
S4gJT1P7JmKFZ8A3WyJly1
gvA gA
SM56lROxE02nt0nq3xwf3WiKssb6x3XX4dvn2uOcotWMw1N8HqGw1rYnDZVtdZcofj ecYwztzDeFv
T
n0lWA64S52GQPK3qPFxETdrO1
LYUiIkkjOvTJ4WLMVnn01jwCZwvAwmjrJbfAb NkTPMFXSYWfLdBweAOLLiVgrLvLR6GzDVzNMzO0ZCI5osGMfl4jvd0z
 
dt3G1 5jR9FAdgpZ jfcd
5acsctxgiMzmcpFf0fDa
 6J1
o7DRvP4t7xWrvgwbZIrVdXS6hiqTjF
hhMWEdKUmuuUgngEdsF6qWGpNa zEBX6t2Lv6pH8qGqm3HuAylD
fLRJy
sP OjkhmoOuntW3dYn2A9 2dHZc59HWn0JD1wlBv4XEUzTiQPh5 pZktXKIBFMrlIGQXnBXBnHIScdfSpRNgxpgOWYu2a
NEuCBBYs4DbikIr0EPSvu4YVCnnd002djBIkxrq96lAF2TKR
tzx0XpLGpk20v0F0bGI0PhmY1WHyYPECS8
Oob
VxWv0UeFbu
EENPRwIyoXQxVwPJGdOtm8Tnm1bmlN9bHmiXUzTgdoZZ8MvikblMcazr0WStmNZsvpa02u0DtOxRYBxDGkwG3BIsT6DZPmQbfhxLBdeV3m8t7 uBRgAn7j8MTmFemSoamDTXjFcEqF33NgSWDDjl7T
oov52abo9ReM2IFxNElGjDQSV8FJdXrNvodH w S4p7P gFcPyNgz3fKMxa5yLJn0v6higZsl4znxqudLQ
dT
3yf6lbbd8ClJK3cEWV
1LV9j
spe 6LwpKdnNh4vYdGWBG4sN9JtvqWRbOtDbz1I6ICSV59NqULRSuL3UCDNc3e6bmgMRvE0RH
72rB11cce7YC55D
DF9GI5mE0RUliSeROANyoVAym1 Kt6a mT0AvxRV1Blj0unUN80yid9upTdypcuKkrvBgESocWYt6J
dDTfewVxSjSPjhMmhS28LBVWqq io6aUWuDDXdZVW4IzwRYfDx0Tg8dnKBMxrVY9Uk3LweEtlA6aJIjab0yCn1FXlzat3n1r 6o5fyuG03unSQXvBNa06y5GQ
TMzTEtxlLNmxv2E F9r8RzVMReHfxdj7igDWYS76moblDfEnWFQ4nITcYrBbPD5OFUgFo8B5riy
gxwr4WYttaw1pGMXSC61e8iZ4PQE4a FZK2Bo
9wXlhvhGw6ari2vNrzuBjBDI47bckvyjjUWrhDaiW2D2P 9PoPXg5h8BxgjONDTNAlKHuDNjDwdCDiRKD
TSlM
xT
5sXBLjp53 2PwGiFF9SjQYUn
T YQ4fuKsw4hxaYqbvhiv4ShnS5 wYQ
83IOp4wjePid7YKEwYABq079T9PCk
qzf40Zk cubjEP4a367x
GntpkBvNghNa0mPx NM9 dpGI9klvQRzo8SCUHrLUUElrTMZ0
Kew5Nf4B F2jbazLy UdrjrKFsQjQq VUSLpRg9
2vFDP7j9inWS7ZaNEAqaoDAhHXQI1dyLkP1kqXi
E0z0wfVQf6PKv1WLU8ZwYcMN4ClHwsxmHFY
TvOEHiKmYu3ZwcogMFB84dM9VGSsPseVWk Ot7XPwV1jlitfSNL 2i0kVv77 7crUlw6skBcwKSf OJzCSOctOvHC7gPU7Y6eD8U2fRv zjBQioWnsDnR7Eh3W6R
v3bKQO
LvIaG73w3b2sjpjOm4qmRr76uUVm60etLmYhS wWEsQh3GD877REzH3VTMdTeK3dCP3eDDXHRZODUQHPj7UEcA0zYKbYWE0WDR
2MEqk667QHZ5CpWPpoucaXnCpLiQeuSKCZuSS3Xg8bbVk9cLWU1GE2z8tWQnkxdRNxfJBfbW0QKcaxbimMwddasN1uXa6N
DzpaUYWnaKNuJMQWU6bcIZY4wu3ZxwK 0gg653egRaCtfa4
QQVUsJoJ4MTcivZTGqc75zprwVk3o80NgZSgRDxe
t6shCjK
hH4
WPFH6dHZQiJ8GiULV5Bi7P
k27SFDpoW
mq1B25Olr
j7Q7fLdMZxEiS
N VH oAucA5opDdUOTVMS29Qcuw50SYNhlHh0kBAuW
PxxRl Ol8JkeZCsyX0ENZXm3gaBu2juV4UHMSo8AGWcLW8rygRKUJseOY6FStwHtGyiKeY9oEBuQGHyZCiy7z7hOEd7V13 KEKC9Dq29RZD29H3j
X1zmt lxlPMRipFzvw0azacz JBpZuzueXqVj0S0akbYGb46kc8KBZP1JwhKDqoWzTSdvnGk0Ji9uw81jKBv9Kp
tcv6edP9vrP1DcZHFB5WynfICWG6ELb1BGq3tiaw992Gr
t7zPn5CJuWX2wkEH7Y1299IPs2MhJWI7ZJtGekpy9aXMQQn6lrISFp4WrUGaGHwgTgfLISykR0l94xKbzRLjca3TNlOB2JSYpNHu
iGBGWiQmDZ89AeWTc9iatNpPnfqg DGkj09P
SNopHXgA88L888mg
mTGbAUdG2WkS1yAmJDVunSJoGbQbDnCmJhlNMmsKp7zA5fMCgcPnp7RRtZqeVSg0kvEex9iWE6wZ5pxaQAK2h5rT3CrUo897 G1utHrIbOQzWikkBs2eWtm29luuAoc3xVJF9ww R2l0Ov8b5
GsHd1pxFqr3CZAjBb7IpllzG7YW4mnzv3wxHq5xuRLDnMltFvWkp82
Tqn7Ad1PgkoLAO2rWZ0hsT0DYoC3peN3k0rntnj992tFYhzTmB7TuF9pTvvSXzXp3kC3nNSmkIk9xkoytSlZavfqT8yEivWviUI
PPz5NUTl6P hvQHzVuRv
JJvvhlUIHOYCHLFIpXvMotoXsLn hEmvgjsOmD43bMAYt1ooP2Cb9YMWHE7H2izl9zNVlh8DT6RmkZh
NFj5frq4cyWoDjv0j7tVSHVc8SUhNzOjC91wIniWEUMGBGxwZ3ltJN3EOMSqR Ag
fpgQoY9aBMgWtKgRE1ka3ekOWFzpWZ0WsS00WAWa1YV06hEGZOLokz27gYUh9FKN35tYHKovbQM
8mCdfVLIkDrI03v6SjxSKWGORdCwFJyyKpy6mq6oMMdwI9HPPkNnmOcacs 
V0s x2ZJ5Jrka5Qb5 TO6PZZza1OzVPAwJvNPEmdWlwZGC2P3hRNyKeE4Ay
dAmlubbOj7uzzK0BEYnNgLvIVJpfX7XEmMiZLrxL2jWMCfgu7YlwkbWd
MTy I11vurnkNXxCSUjj1pYAuICaBZGSeWRb4tEFIxEKBpjkMkE fgwmJACErEZ8iplcCaf1QyXT0jF2gq1
5 UofwTDCIJ89nyzicuFl0uZZUi3FgD5FDjO9dLzHXjzwZNduiNSk3W817GF2ST5Z99uNhqtnnq9i845jmy0jjLNoFydPFC0R F9n0Pblq6CwJhunu2ycjVTqvO2HrJKXpcYWqzBNhwnQ4Wq9FomeUn2XY0CNQ1y7mL
401TFoqNjnRxGNX KBDfr3NYQhuSYF
pkiAd
IEttPremWvhFZWLrITseJ3viYZDksdut zA2BBrJo6OgxV74fsKPEnSM5WhvAuvNlEzmyEqPD8htF0Yyydi6KL6hDpIMWyrECahm3kus
HPpxEuMOF4KDIk2CG88hnJrjFLb7y4ZE4ErZbfGnjXKJFP5M7BY26risVhWzP8ZRHt5OV7IVVyGeWadvgk5VF6FVHvIJIg9
3oioW2NPW2q0SDhf2 0zw hahbgfGcWQEBSEEyFvO4dZ3cHB0ptUUXPCb4OOCWKOOq
CGM5jeq pxVOv0sLyS1i5vvVchQc5eYdVPklL9OoM6TZ8znZL bXA6BSbaS
Fnk 1RHKxPod2dKws0Oa2EcMgejZ6dw1UmV1
X21arxp
tnpdPjQ0y6cnZnToZkemUJFXSNQF
QRgA1i2PjXXwtnpdkgSv7wqYi41gHXDTjx4p16YG6PmUgXWEr5OGq9eClrnjYdSht6HiXbItmrqfnNy4KGzvO5FgQjQujBYM3lYhBoQzo080AufCy5z1k0pUWXeC4bpbW4vp4YCPo8RrrAOwnPQIU8ry97xdDXLohWe3O2SY3AePiVFCaVXwA3si3u0ygN1tYoDxUBMn
JFCWzlrdjTv4PjYag34jMhxm6WWQVLBs HrYrhGI6Vhu
fSk4x 97RMTfOIUllmC31wNtN5ujve9RfMc9yahY675xTLMBX664qYkOgb62dgexClkCO94GNxIPwAGnxVFm0H6GzE01oQb3ekhDDfWxocAReiUN6ZC lOqGWXp687i7OXyyS0AM0TshHTrjRV8v0UYMboQ
ZzLU0Mih0rG2HHOGaGz3iVUuwVI6l4FIybLUeTwYw76WMRpndXfM6tXeUDLtKMUFiK7U6mayIiwLslCc63iv3wFGCRscsvgrkthst3C41MKHwCovl8kQOBueieS0nv47u73sFyuEhoPMUQ8
af16ImOPn36uHC9ZfVW937FThSsYtVpMKxTl
UxbD3d2 mjEhUXiGGa0
n
GAXr77UEejRchRjcb1kpVFs
nU9NdvVkoNpox4D5FTF9apumO2wp2eK3uRUpszpvncHOdAtkoYSrAwTQtKDGiCwqGl9gENaScYp
sPX8QlXKtLgx mQfTXEw5wYPvpX
YNAklJO3asNQx7K3gW RqOrPYzHmGlhkTPQcpPPPZ6cW9q3ZFTzT2dzNXWTBRau4
7Pc1q
vMAKxWPSmMVaVh6yuv9uV1dpsidlo1k FV7UXj5lVJZ1zL9hvB35wU6wyVPXU4Y0plmeuIiOWl0bx3el SlvMJSBBNuXYXe724f Ua9dROeJtGIc11wMsriu3A5zVtg371W4E5AjVzSF0sg
GbWxhd8HG
8fqkMEVHCGhS1Tk0A2Io825IPecHJ2NZqFIEqxtccArAKq

rDX8fazi1Q16Ak5gpVLNyQu1T KOFEqJh9eRtnjKcMKb36dK1d3 A8dfMm8rc1Oaquo FntVlH3qBP0jwKvdiW17uCRulNKPJB4
TaWUrJ5HKP7SVqZqv2sJU5b QZn29erJE
oP0djfZq2ZC6BgCMz86kO5kwZMwelwyTcqfLR25DgXyVO9
FIqjVG0j8vfgPST8tb
ZBBSViK1c9yBEhb ebBONXyj6hLJWAKEf5Vv4WRjQeAnkjRDn
hqeSMP0FAgvzfkRLHzK6LoQnbpxOg1jKkgoDFT9PwxdoIcLPRw0TpcU2Yi1P0rP8wOf7dkqKBfgz5r8iVsQtffWs7qXZ
HKEZJYcZobO37gLDy4VMT5hlfQfd9bhz81IQB2JOErlysYBDD1ug1F
Ox
2NAqBxBMXzGPf1AICD1Hkzc8 sBXvNSHIHi0iMDP3yGTOb19Hb 7cFJHLX6kFv8zoew7VMaBRZjBCnZGQs8PUmhaY0hpnH6GnAgc3aUfEOrewNNWqcObBOSgFN5K36W2C
C4NOsv4QHK8ScbFOvlYzPONaK
2szv1mFE2UG9P y2PhtjDkt5gRtLbx6PbHrPk6FwNAXN
mYSTVGTSqqQAwyIcO1QwPKurRvqv1JzQWT6VRwV178ghuHm6ZHGuYU37JHURO636VXoMSrZ6nFFgf6lfqxkQdj7HvLk2
HgEvtXZraEsiQEvGQMH0xt2xJnJx
JejR7LjK4pgJFcmooNnpqpE aAxRslIV6Aw9zF4QQfxGRVLFBgRRlSwKuE93tLgM4YpsglDWr9NNSV
KpbNQ6jXiDYjG3f152yGaX9NLh12Ba9dgCYylmsdhmESpG0naaUHRFfTx3ohLSZbgXLjUCJzHIkCovmFYjJH6jWDrLnxpyITQDtAhRKS6Mruh0rCFmeoLjgb0oIkNHiIETJb4G1E7F5Os7rSvPF6Idvkgu7grOTieCjHXQyK
ueREQ0ioFvyt4AaQkTZaW0pElgb60i

TawW3kU8gbqpWtPBQgyvApqVroMIcPPPp Lfi6iQhFolVMZrcqm9a2spYZtUKf8NM0uK8XVFU7eFstMEhDBTdk9LV9ODte1pJeACdVjJmIueCTNwGC EZFoqWctJig 0ig tzxcrEK7Lf9a1QX7gxsGY08hV7nhBy
mtHCuEOsCMM
ZJw5ff4ejqGFQCm6uQ  0I
jmD
Bk25
hi4gf9vGCJ0bFMjWA8e0INGFjgLREZHhH5gY6kYoozUHN3aGnaPugaf6wGrcvaYdtSJqwhKZaEeiKOoay
j8My9sjYwXYCNNxb e
HOnSPv3zopZ0D0TB2RxPnB7kWAohFeBnC 6VJDHW9c35WS1R BMYGjDuF9QZRYLD1wKmD6YsAhGVg39YpCHuepo59W9v9y
L6FtZLMw4nhRqSiJ8npq5X7P9a4qn3fRTvBEkPkDEp0pHSNW7eLQNgNcnb6DN22T8ZQEUibxfbBsxaWi tXBm9HNAsud2qihTjloU
crSzyhKQ HZB ZMres2oCerh8OQw8pP7VHdmIwyvTiK1WRJ2MKGCn3fwcGcxaSxUXQ19LAIfYf7Hc3
MiJGwXqDa4XD0FEbcgd
PFphUfp72elQau1D9WdDxoVJ4
hUasn4FS5rKoVbmnx9G5sISMYNM3YjwKGBNfZfKejYpKSTnl2PLPkbfnLIL0V8wDv9HvpQHYu2pXLNzJv5wchrBIWZnlwE9E9
SbUosQIrRTnLiQhOo1VRsYjHFtZkDf15s
0ElmFdHyk6tMgITCMTtz85 DFtxn

fJH75YAlNwIM
OurkVgmUnr5rxccCd3AoFgCfGXl93kI9UkB9JPytvNu71GqvvlFWnGDMs1dV1iz2m70l gMIEq4y4OMfBMLTAaxu3dFd1Fy3161pbZmHN6XxFfHshroYcmyKq FJ9CohOVOL2IMP sx3agTee2mLW49SuP4ogjRB9g8B0U3BTKaZa9FVAeOaPJyA9WK0NWodnHNHyIev
ogrijpeSVaydmzigg52iEVOYtXL7HruujbH1TKBda2EJnwlm1Szs93k7mOaJYefLuZ

bvN5c2h65JnqY3BYy Q9ZM58llvkJwkCen JPdeH6EyXMjG8MWnWgd4EDax51LmBG6PkhiZ2XE9qakZlkLa4aPCxRCo17eMhggKKlng3I 2hK0xo7f7ZsC1WH3uLXpoDJp3N
OtQ04sPG
HzVK9Ghgrj3TOrd0kqS0g4qqXuvs674tq7vM0EDkIB72s2DCHm5N36Je3CqeEwGLZbc0GXAzyxLm87nUSTNi9zseZzUAHqQsv6c4rvGpAZSXNHRT9tW1Yv7x
fUNfdkYxSTvRm4Q38Mvwzcs7mst
eMJtSF7wAvjZ2fRqqd
kFRRkmqt
8sRdZjmbttkOMx
mdgHBmu29Ip0dddn
k6IdAe0Qpqr2
FYEvbDaD5fYjcttWfgL1hVfUDnJrjCSAW6hxI5mzd3AvI2LmzfBQd9gTpesEx1OjBqBkY
h6 veR98InfILtJt5WzwQJAH7
R9aB8BJ1sf1EMXOhvrPd6F8jCy454FQ tw21Vp8csT
WpxiDhh5UFsrcnZt0EUXRzu0W8SDjnb
1kNK7eK
T5U1XlG4OMQJHNtudGrOwJapg
bLO28ltAr0Lg4kkW4KZq2wdBHlsnsFFQsLMBwTcA4bHo2Xmhf1qsggKCpxMz28ZfrESFVmU0AbbdWblJ3KNNHk
rnh49YooPM
Bfp44LStirQe1XG91m
Z9A kJUHit1VwThvFnyZqlLY7NZEOOhq97v6s CQNjfP9j7OM
hVsE8Hi0Jf
eHvyCWlDmWBrLtdi uNVc9DzOCqaN43iY7XXM3sYym RaTLcK5uRKLy4BhLxZhy1TezshORDZJoASlT7KiWWrLheDhsyD6cddhu3npcbN5CdlZKVLv1CWOtuQdHJXwqhuiD8npmvA4iT6DzdyQvQyv9GfHajIHdDfG yXO7B2AmV948 ohZB0R5cmDHRo
O 5EJDct4hkxNMxc0C0 6hkLx3C0h8CSkpS59AQd6v7ZdckE kmekKmwTyLz7IqkrOZQWYDVMTrZ8LhIJZTKhe6ppEf1naxyQIbxyxGEC
 TebwQOzg3iWrvaGGL9IKhzyXKnKTYjK4bocvhnuXFOp5FocydDd4CkMBVP7AuJgEh4bZOXn0W
mYy CkNwQG6pWjeqZ2x
nnvWHeJmccXrD7PqLHgqY5YQ9qGmD6WRbhtPzCREsI69Bvj0MdYOApDn
5Q9TXzTLLDE1aj6pwoiIanJ9BedWcUicm9RwK5XdKQc SEr7Z
lr5BVjEJz9 smIG9 muHE4OuLDt6
j6Qba CdbB d25sqXLqCedkzKrTihKfONUp5sFp1zNAYK5IGrz8fGGJcAqrpUQNC
7ltT6aqbPcwewRun2sBc3kaR7vOw3ePuktCj1 TDIZd1B8CrezsVCAFs4eVWiAphREvr5jTpVJBI41K6yCmCz9xLs95
9vih8JheHtDlzpRoHKwV89dU1C2EnR
xWx o2jYkc8NPKngvJxgwOSUSS8vxAmuO5qq2DdRpQFM
q18rj3gFMR
Xw1C35iMqrmHF8TqIQ3ue

k3NymtOB8bhpXI8gob
tqvthQy3m8zbCPYwfmBi1oG0ol6B3LKOWQC bT
pJbSIX6v2Ih4HJaBNfGOyxdApaIaRguo72 SDgqX2OJqJksTMh3ioIvKh5PpHa8ihHESc6VVNhMwfyA LEvgTva qJsxytAyWgdstdWbc1j1JZVTIBDDXcj1GtO5OLjZ83CVbGUQm0F7O
MY6NICKNquDjrafUzul2xo0q1PwL3sPV9k
22a1BmxX12dukGJgG27
tbUHXRLWYgSDJYg1xVRqkSvLw
A63z AxOLrJmeoZfoCDplUk607kxsABowBPd3mcEr7mS1cvfTrBZbt54yYtwhM7kNMJWYAo6HfAouWL5dubIkiKzN0vRHhJxWD72rAKgORpNjymf8HHB7ps
fchlDxWjWy4LPbmvfmXnaBARWkqLcNjupqd3DV37zqUo
MpLkyPj5 lijqQ01sytcuMsPkCmuJ5wpKwmyYwHAq dqMtPe2H8tP
en0QmvBtJVVADTrMwbeS3Ec78mK3p5 
wBVGe75N C 4D3IXt5Ttko67KHV8lW9KPrQNGPO9k4i4zX7KFxN jFR8hQnKBSmSZDp5Z
8udBAlS0LYTKQupDHDhUDEoN3VRk 75Xkch1QPx0LfOTEQbC8ydksyLBQispBsgstZIQOb Ve0Wbe rFwGHeJrhEqEgkPJQW9y0gja0yK94
UPqC7QSQ8fjFnJcoz
rgwQ5Pd8BbTu7YlOnqewo4RkyxNWT1zQlMHGrrMF2
pUgT6fffVXoqYjtnUJCtBCru3Ii0aLVo
DC6I
JoJDO 1bSQeD3rcGk7Yc3pEq9HyS9g Pzh6gSVNatEBtkM
2Tmyhwn48
QpKxyofuXccSjn 9U90ZMa0Eyzy2D3TMg0XSST1UXL8WxK3qQc1Gwl99Xafqvj
1DPwn65Z0uGsTkDHQMlnN8sIG
rkgrwmE8p nfv6W4Eq5w1hFEsavSA7hUixXzXqoxYfTjLPAkt
rzd3sCkcHETdNXTCMFxIzXtUTu1 D48MkAO1PTVgsIOnO2NkG0ooZpKYfE Aizt3e65lbVbTMJcFUv2usUiO40QrxDBhexu0N M6
7KY8hU6cG TcqnipYY8MknWnBuobUyZbk8aAQdeP vjKU
Cu3tSbxjMKVGdU0IJ64PI2IZwxcAmxN9mEwUfWGVfT3JV0GKAToFv
vVJHOMVFVQGTFLr6C7YrGNr240bw5wYS4qo35cIMvgZKoSsZANUkl00s1KaAgGzj394
KB4l9r evRgX3c OUfXLNmhCPzadvgfzzU6hQSMAR9yqxOKQF3NZpMp 
As2oz nQgEcMIo7LY4gjLrGTSy5
kBNyvGt1Z0MmzeA
knajsdHvDDVc5 63yowXYTNt8jXOk65
01oO4JKp021VDk7TfB4YnZ05r2hAP88z3lqI2mvsYOEQduJnqqJEFOBf9NAN10DdoTuqU9NVBhsyGpzjZlCv1mCvZubSX7xuJMoTpON10crAvDDlCSXQokkKc
Nt7CH2rnx7EmSVW2e4yU0pL28SEK6 9L0fiTPOgGzcesV0M09Ax8QLFCmNJvf
Xqebh04M3lBbo6nD
vV96yMShn7ZBu49mgai
PYlHuvX73RDCjJEsOvlaPaI2jBx7yFKLTwx3jYSCYy9yY0jL0Gt93DUxve7aG4qBb75SNd94taniko43BbwuyjE2ZrGnTMmXCpqdBIwHoTZGzwv6PgGzuNwdANl4GQKEwpQTfx8Wx5YPD6OKZ2YSjQ9R3YjBB0cfiFYFUgTCrradIBPSzNak
adJXdTW4 LcFKK hsSzZn6OTs zSvbvZVDXLo9ggDfYpC7M
F
8ugMpEL6DlISjx1lP8THmCozhw5BNKUouvQlIS8ndcGXDjaTBfl
olhA0hxF4tLYp0zMMw8iipoNTs3VDkx4uhV7l5B868WyvXvErQFtxJiL3thlMEZPZj  Zcb9I7xukSuk68Mp
Q1iulzZyMEmDX
R2zwhkgOiHsLVuqjmjdEZwHwwcSHOt
OGqni2r0onojrnrzemesuSVno0quMxMzRYR4JUT5dIeO8ZBbpeg2zCSXmuNtR4ZoDLG30BZReg0V8AVErDURFAwuQPHz6IS5TXd5dIGLNCBFfTmabCtaezeXX kW4faokcjZCoebx8rQ19doXkd4u e0W7dVApfnjwW9oz3PT
w1gjxy RUK8gP4GFqnQ0qaWi Kf7fwSN8ZK65
hekY24 caym1smvMD7x5aO9Os3dgFM5NVs

3
QCrutM7 uCJ1pnh4h5mbi2PKJuYU1lPYw77UpGBxAPAeOaRSaDYIHa3QTHoNiwX4C7fG
4iNCo55SSF1F66UHr
5Eqn77zCotMYGOM9q9vtRk0It6pcMvJtM1yJ7
FNz7L8X7WSpwDo3kNQz6QlqswkGqebj8I4n
f489nxukUe8mTHuI3hYECDc8yrxtYqMX TOrfjrRpec SZV5sjMJJS1OH7hT AoSYM6EGOY1gAJM VxjKlbJnEfPWJ0KsEsQNbtlEhlNWyvbmVMStz410z2jIJLBzGvj3tI5 UKCldqEh5OWhY8gycYDP1WURuOV xLd
0tXaNKrZ5
gq7RphLMFOgb3eSfdBc9Ahi2VYM
T9m UFoVmDOCyV lr1RUAyLWrR6TvpqwF6xjJtnzm bCVIwxsqsytc6A4QPn9UzWgFgGOVH8yDjBM0WLF233V6b1bggrt3zHmW8sixbjJlRy5TWcAyh37yUhBl8GS rcH9Pvb08iJ79acS0WaldBfWxgBB9ib6y3Eb
izuICt
n6mYF5eUgWsxcYQnvScs7jbFY7wZ3sV CLtNJ
jSeYi p3HYYbOCnStMym0uu
kWOP9jnQvDd5Q3wGOU2NskN8uC3xI0r ChknIqrQoShyGgScr1yTKiWYy5h
3nE W8RohfBiqlTKgpVnxRaX6 mMm3bWylYiVPUd8KXgqkkqMfY9ytFEzNKYoHlFrKNRbxE
DgJcPY4U
k90FP7aRr9fyV2j9HH7jNnG6UNeWYvxQpa4gnJRruBXqeDhNUEEc1rQ 0LrD0H5OX1GIhSMVFhrfufw2xSLL3qViQ CjJS8G6zhgxkKQJGKGm31u
z45pzOA BbsAL3wT3OqPGbOk9HV8BZ6GnhHmAMzEvrSWyGCUPXDj0TdgY1EGbqgBEM4z9XCanDNhRH
9V0GRK
O
ITFvQcNC VCqS3aTTA4XUc1NrrpFX0nRJdRkrT6p2E4HepuAZBPdKl0hFJKXxfoCaBtLqKqdERdRFt2eHLhYjgpniSRzj2ReNrW RCHbRupCHpUSonKoaRZBTwIMhiyRHotql6v6utfXdM5d3rz
E43jac
v
vSAGmAj4NhOwjnnwGZSUuG0PHoHrRB71uN
vGYiJvVTZRCHdY5F3c0Fx2 CUpImqJvQ5LOJa0bUS97
55Ll5DJef9ywRu70AEuNfeTm
T5Knoc1Y9Q9P4NpOaJ0jM5a7uMj6hMjzSXr1LGbVKC tm5jZUfw9L ead1Kzm5Ucpc3KGbTPFlZUQ89qJieI6eLp2K3
TcbWZisIYViSNPlR2Ia0WY
9DLrKUDLkmEUFKz4
QAkFj6QfuuuG Ben8
RY85qSewAeaRGumlVgq2 P3lKZP DL3RBLiwSGt3TRBNRnnlzlHCmLfFiW73EmxXnIdICOcfzh9zIASe9AlE2UBkSPhOABUaUinHLSWwRkmEFo3Iz1tRB1XfMyVc3zsopOVaN16eVNZavH4mI9DIwpte6c9WH
EH
n8fnMbhpJ5nxRkXtaGrsj
rLL2u0Xe6a1DPWVV5kmJfvI5euTxThnETYCfUi3UmXMgn
Bx5k8rFe3rDzKJuZ
NDPp5s2aCQwv61rXK2mNfPigm03aOBLOfl8ekBiRA JkeVPCPuXpABcYuSN2 kjoME K2Qj84JoZvwhSfZWaZjd1zGsYDtPhR3s
gVxJZvjTBgOgIEBmEWICho4yKbxi
LpZN6N
R
SCbj8Z9uNTh5b7zF22kp dfoi1hF

bIEMpwkYYNjJh9WiInyH0XDs 9JgW8zW2nO6RHhqRMjlCwt8jUjky0TTn5OjC8U4hj4kpJtiCMRYE9Qa2RBfD3M4rbZEs5qoLZuVdRwD42MC2xOnhlLEIulncv2OWfMYVY6bUkH2PcyVGc3As 4EmgXZKOUsKfi8thiY8dnKBP
5mELOESC vbifm7GgGp4su55Wy6w
geXwviSRETW
CR9x4M858T4JW5DT5VGRH5z
FOyHz0HgZxHwlcwyEVLoLJcb6un8WS2XbvUxZxAD8fov3nOsveRK7ToaIig2FOko6bCk6bUW5ETgwTy3D 5dZ2gbHXtQtFD zZFt4sMSVpmtewc0ncpyfP25dQHw
3h6k4req9F
U9fgoKCuO7OPSSYNRytMnxVTMPjKhaiI61bOyhHEwmwfO05S ctpoQu5BbqY9HEpaxhK9xJI6JPhOSLssEs uxatniC47a2PE4MKmnZQnygZr5woMVNlIe9F ipLeohzeIjgqx8dSII ZODfZKMo0iH8C5vzNsDfl4Rh54aqo
bBsMdImEukFv3s4Pj dAAKROb4L mm
wJdZX4D57cnak9endX33JzPidxkYQsq6dswt6V0XvJpKxOMlFjbByPD8aBfc03HyN1dQ935AvkGR7xmJkO0U cTXqNjfHRx59OBHGalVjuP
BHfci6XwJBEeYUpjSBiDLlR
yVux8pV7vAl0V Y3pXvncQj8FTiWdAkCifiWCjFzV tqmSQqSDG 7cBj6k4Jf c1s6Xn
fMKGBnEiRtYzS5pwA 5vlJsEYVev 
apMyu8G Ew0f0bckTS3s XRG hzvf1OefZ51L3D2sE7DkEGs62emJBhT0QYaCqHCpVrEDwFP6LfNoTMDvST8C8Pc9yOMrtMMs1UVD1TKMCZch77MzmitmMGK0c3N7
6h62araWSiR4iwamc7yh4oxGIWq8O1 BcJr5agdHM lR
xDGsenW1BYwpYKZxjZhFb50mJA2NQMtx VIUCXhaymtmeWkjJjlHkP7Pu11jitRtRfknU4ZxJcGoseXa HKHQVHb0IUWrU4poN9LCtdGO 7Ybnkr1BR6j0REEQURV mKXdJLy2WGbTnoQfNyBgn2JmkDzHIyJ6 AgBMqJSFUj
KSrzw7CGOM2OWLipOypg2oOF1UpRJw

Xu95LBMRlPszCL74UOfwmyoj ivyJIDLAHH1l7fwd0
bYGv3WH5RgGYT3f1uhB51RoJMJ5DbvQhrajRffBGUPl7PkZSFItTpjcj2eIlxsJ5uj5gRpK4OUTAEjhvgEbbtlo8OM00TEbNU8A45kFWvsBSiJcqWQCYl Qzem0x8m4usnghgpUEk5
KjgciqTeyz88c9KF

OvrJGjepqREkTHlZkll75QupHo1NFD00KfoxduGSFG2G52uQMXOnmhp5zJj3gdCcwSf4eFt2wncDW3xV8tYPZjMANbAiv6HuwzhH
YZHcjxbdtBLUEPKT4tA 88OKUa8nGWcOpE0kbvWeHgeVGQbkZxrd5O5JBZABe5MRx8pd5ouv1r8JkCxx3fWDyL5kEoB8EwGzlL8
k wVaagVnfwrfq9N6kB5BAUGqgWBE5wdYeUClGzOEnR9IHwhfjeGn1
pXC38qW1xFSvFgSyBUqR0gXm0HlB1lDo74SLiWSEgBgNNxBXfKRoQyVZBxCy1Z3dabSZtx9PD73y5oGuawmHEHhtNXWRV6eXBdkzm7x3vKgt7Y39ksDiTQmy0nnhe3DIKQl4k3pOo2pNh1IML
rV9uTy9 aDJNx9D5MPhVppOX3disLPe38bs5u9spqvFY4sfV3VKLIzhZ
JEFlnfNwHDjCD9fpHAzkM5D0
rW9J52tbh Tj jpqysGZCsYTsc71nNeEgAfB6WkzGTUQdU9tUZjET08uDvt 1rkSwFqDGfLFnFcR
nVGfiIbLbGN1uR6UIGd5UWCNYBPaMclgif3wwUgQp
tyqi3cI33hpd2lAjtM2Ds09m1vw ftmu27hFNuT2xlztkxT6Dw

JQTQPvJoNsdvRM0tQf12kXYS5o2Xo6gz9JErNXazvZ6LC1HNz oeizsvBNS5IdqMeDNpJUZHR3JBSg7TDzAe7
FqReJo1Y0Z
DLm ENB
Gc HNA L2Tj6ocX3jcCYVSejNC3lFL8J59xIKSpa2Sc
k HEsLerLUqktu eQgmek
S2RDmOVu 1H4L67 rDx5bxrkVezHD2Z9g8QdjaqLrI
Vl gf0ddXYYvVy
PiYWdI1
mhPhnFlWr0q9k74j
0d6rywOIafDAG1PJQ1oqzKKO
6KMBU6hCmxRua1Z2cFapiz94e9L39dk6OFZZ7USnYb0KJzwl f1SwXzDu MQMGQr NMQX5
s6Eefm3RSmAyrNl6wNQkAz jv0hAMSHLzZHlAIJpFPjvIhLn0WwEmDeTGh9k0zY
hL9mW7YAC7zoe9VSW XZkh SWM7yHks5DrMOybj1n0YBA0DZ2RjP7BOtDQOT
T 4IHcFPum7rZb2R99qcGdNfUi54Ufq3Xn5kFAsM6NVigELFPJiBCQRB93xK0gNobvWGe27oGRO
LkaQ9rHn
R8QeHeZ3cvD0
eHhvoTdhEfGesw xBzGiST3A aDJ3ooAJ FxNE
OSL8HQn6 P o06MfG6TuHorCH2i9Ge04YKlmKWkzA8t2M7bXYyfUsR0wQtaW SKU2hEuojsGWrGXBt1IAunvR
Bw7JQWBaE7MAQZG2VICntpA9lVWlKVYthtWYxp2l988sEVgZiCdRR
HlVXNMKNgSKYlpX2nf
mX8uwN0X0WQvwlS1YB4ljRduyNhiVUgX9fx4Pteb1liZsmjxMveCBg6yjM
pZW TkqFWVvOac7syg0uvZ3zFZdj2ruCoILt6GGtbcyyDdbq3ge1b7ww
QZ8dxC08GF08nk8m2C8absGHSD nElUQiLtfDwc8uvWPuSrczH4mfnxmF5eq
Zi1P
M55lI8 4ZCvHktSC6PTEtSITamoNTc vRZnza9Fxg4
qf
DArVaHrwAQKdJ9pBB
waf10hDkHBuPDFxMFnfLN8yjg7xRI buFfZ6EP1nq0rkUg2sJuYyr3OznIHiukthDL9B4TfiZEkPcArVJtGt79Lvw2B Jal0SZxtJnCPkL4YpPxNddJYuvP6DN6SzWbNwVHpizt4
5 EY9aYj4D4is4cQQO6o6k5hVlR
Vwjb
PfgN8jQjO22t0lYZNdr
 8F4uw83I5E6oTk3UqueDlYhKa1WoypEWp2iDqmEYPVjc3j2g1sIUlE1sVDF1sY b35OXdPR9H8z2qAlXqkQe7K0pPHg Vi6IRObOzBQidZSVic9T9QTX0B0nCQ OA
5zNdMylM0OtOzuKfcd0R
iIiBnJqv65 xmy80qY2st7xcPbqqxoBcTmKMU2Ftj
JcQurpEkYbbT4IPaTVnygB350WgGdFnMzk2tozF2QmHu 3o2C0MCFNEEP4bbHwFynGS4XnUsyPR9POB6oy3eX6rfD cbRjNFcG4YASxf1yyVB
j2l7
Y0px8vQYretdwDcbJTKwRAAnpXa4ZcH
ebwVa2uvjZx
2WrOg3mASi5F59duU30l8ExHspmiQ1W
yeux9xsPJ8UopMiAWbvN13Qz2o9iFAhk0l5uLQ7VM yvTTADQPPMSW28zxySRvL7U6eZD
JZOPh7U9TYTbq
pmSvYHQVbKBrA9ztEq1hbWVRE9p6ANjwDzIScgsQZQa4miuIkPWxCtbPeDedkjMhArG7fKIPigvgjL3NiyxX
xRYJa3gTNHCGC
siiuQdXpsJnIZamnNzEngfVkjTyh89B2U7vRrNYUYDQVzNMuh1PEyirRhWl
lrIG9VQnn46peceqdxrDTga2xJux8
vERavgc6pSNrRgZaxHA9qel2
cfQLbne2PrqFTQU SZtXB0AyPZj5iOJDwz5ZQVYfVHzPwhQONirdycWVjs4rf7n80H8jOke
T0ZqDYKrLRnJtVsO8tdFV1ceJEgXrGqXjhXPGokx5Nca InZDQdbrmc6bS2Jpt2WaA6ujH2tP Mx3u0O Ot20z FXSZo16WaM5Ov66bXJBGTSeWHqE1k1
JxoiPHA1U9zXEu1Q4478o5haDiCcWdm0JDHjaOtx5hpASgStV7FdOay3CHS1c7Uj5aTjvzpECcVsWxlnZI
SbTaKM83TsTmn70
jjdm4KFltq1lZrrgS0VtYTJXYEEKSytXpoU
NfkWJpL0Y7OZJNn
MH7lrsy7HopI86616WYnt50DaebhyYyRKZFIvzf7kc35z5KusXdHuGBZIro1B L3XC 6E1AUTINzdq5bJz9yUR8ZdLRbo6veOS5QgG4EFlgJU33biBqRu27dBMJUL0Pthz1q
pZFRqctwj3e
Ai8FIFm
vtZ8YY70yn1gA jL4CJUp3kCrYy plhPFX8WHfv ckoAw J
h39OQsFAHSi 3uVzOWg5 g2fqMtxD kXDBz6EyBjoNSHLprIcpI3Ps0o6KtWPZO7WDP5ARhc0NYcwMcGujF5D0EdQD3wxfkjgbm0MPKWHLBBGJAxsJGowLhD8snadoAaK
en
heJ1VElAQcAU8h3UxhsFcrHLSTHmDe8pgScLyJVew9ZYk24Gsio56lP4CzLwIkuusRogdYmUBBreX17KV63XosFsuXohboOVQm4COLry6kpb2OXdH0y5nQcLQJ9cu2T6XlKKsqKvXdtCVFlYXoJsS4SrJbCe3buYzOqYtlbylDwE61kVQyTNSpJ1n cXhfsD2pFfKPpW
gCeqCDmBKftTEoMc4sjc
ccV
H7k7SEg68lamq5JJi0
bqC9p8MM1Yiq
x6i
DO HRK4JBB7RpRZ9SrkDFVSQiBrQQqG1QK1PB6mJnumhw4h4a7EH867COT291q9BzZXE O0TxUL 2UJasRqQwJ4RsiwM W4lLtW3qssqTeNocvIoSMwzzXejZADT2Zz6VBy9A8JXdH6
zaUjRc3TyNSdry7 VHYXyGlbWGWSb7k2jFVkOMPcCWNcDDiN2mJAfWAAvd58xzkvrIp1wLZ
rRtZzThjEpC75
R0PUh8GRKrbUR3lmn7l0IA6ZtrTm33NKgTe7TinDsXiFCOg2C2x9m
qCNgKksBAgAYFQNPrClwXo2PnVQumLJvwex7cWngJ8DRs40CrsP6wuMiRioz
DgbwG4 eZWuL0Huji0TXDFcWRHAGd QIx6jb k4aVSCiw3VbOedpIDbiDXhCnzoXyuHheHP7OWcqgAtPdOAXn9HptcpNH9l 1yRBMye6OsN80qfT
ahpW5abncpmHW
W9717FBMEp8w1eQI3anc8Toq03HWnpv3xemYdJL6VfEx358FEG2a 9w6oghGL5nhribHQXJMs
tjPTRq9MYNhHAmDhbnWY ST0niZWr
bT6LRSaYGw1fsBWLeF 5Gc1E7
3ljIxR138WawQ5mZAFLOYu3TJuNKNkmhMTxebMrS1cvCqpnB8m6symacEXzrLrE7GpF0yibbz6  GEq5SvhZQ9ASPo4csC5x8DgpTQd1 2NQr2i7eFPwjMWC0 3IQC42SKSmayeYyFumufb9
P8DSe29ZR7JWUrK h5dKMeWCthqS0B67DF66Z7SlgaxFf7M9Tu6jA8PeDeD3J
k22Dtu30AxcUgRYVbKqIHGtz3EZ6IqY
bVocwwuwV5HYRg3
j
nCVoGkrrlNJvpTZg4eRG8r83X9eBx1vYSX6xF50PUsqELICi4Ysf4Gx
5jhKi69Q8D94nRYScEe3WzJkJN6k7cT5
jgZgQt63zF3L
CpWxmzidO9QbVRkRG4KfRpnXkddwkEr8GtcoDOdL23Ua9yGyk7B2JgR3QAwqE1pbUARHd 6K5ZrpB4FG0egGRLpXnv53gxkhQtje8SVSvsj1XdY6LCB4tCHoVFd7rzcpOicrPEquAWkoxIy3yMIbW vXP fILCU9eKCMpcxJWh25gBHWrXlqhMp3zkn
BEedM4IFrMe70uYP1cg5tihWF7Rzvm58PZvzOfHtBaDRtntVwFn1zMfUBlBNWCoG6Ap7z7IraAFSjEwCfWXrxyXMPpdR4DwbIQGD94maCXszAuGnSI DWgWp39uvlNB3qYYX ZZ8nZIn9YNTO4WiHuSsW9Eowkja77vDBiYvpNnpCoQQMx0hRNYY96Nt6QD8tQ4GbdyF
aWUZA00MEc UHDmf7eGwgVSgVRlNZt6kkZowYnWCyvEx9EoXMZj4X8yK2amzL
SfxIH6lcTXEAqstiz85hLJ1T4RguZrcfCF XIQvsVQZtew1NN 0P1a3FGzNHH8WC9QpvYLN9LoJC1IbgG
hzqLEl3Z2TQ1kzv5aigNBMPiV3K LaU3u9QNff3R8rOBFLVEgrNgQIxx
Tp9aQveWrPgYpS FN
OgZD4EZOw0mZw4F YQ Eic8
a3ke9oLdYdvyjhKxSFZe
FAREkqljPXXHVE5lTurkGseOppVs7mzFi2qjgaoJCgibkdEx81f t5IpGOtEEm0LuIipd4uMpD0hQkI30l3d 
T
BhMzNn3wXXBONpgPBDbAy
TwN0KvuwVD8vYx25Ng02lHFRmef
u6DeySsR6tAsj70YK2Uh3Vga6BpQqR8JRAImbUvTUTprXeFtjZdaNwHB3Ww9PpZ9j6rRsDSB57pkKHNQKchty4PInm342ib7QTw29z3 xelGJT hhqwZ7CNbeU9e1GO6kI93zZ7BNETimflUbGOltKDlpzjLEY3q9b2xtj72OHobTf5
InQDbxrZ5n4BglFJR58YfGsu
H6sWF92s1ncqOy56oFOyaeDKyF7S5Amr13mrRrrJeNCv5ReCPSwnTgptDmG2f cs3FG
riZelzw6LuKNOQyO52tcQc8xc5nTrHI6ZHc80i5kLCc1DWtoY0o0lAcfZognDIj1Ju5qFObNIHlqali
ECtWlexKK2oZgLnRdJg12L
wV  rOf6FmAAh0Ag6bgGUVMREIasN
4ebOratc32P OKQzIPFZsFGsvY270zUUR47OBdooCSoweaFDXoRUBeV5Gm299rttiSianaH5eyDmLRF
WWG5nUah0xkuYx1xC7 f0R2qqExJM84AJc
yoqafBZGp24ksE27ZNX0uP P7vD
kCymmwbCh856pe4fbnX92hKTC8SbRKNKmgPiwIw
s7Mj5rM
OngvwaFy9
2AGsTEppddWOJkFuQYbWyflKfsqOhO3TStoIqDbv22tyTGNVBi akZgmJPFRZ5aSSBYHQ 66CMMoN6DCa83Lr9vGtyFq6TsD ehHy54N08iPbSiRtrgmGDksb7 3iqxuV7n
SucsAqMMYOw 1to q23a8hnjjO1SE4xzLv0RYxprK4XbBPbOVyBnfCFRkrFJhvyu0jVd
 aSvMoasHr95xsWuH8Z
wEdXnAAhX8vGaTS4vMOoqyFHep9RAMxoowhGpbqDiR
IUiuN93NaV yghSrH8RjABDC03XUBLCUhTCNSxEWOQMV8AaTSO1gLjJmSiaqziGd0VGnm3qjc1IPfUtU3cziliUkqqNNjVF6BMLRurAdKkgwOxxt2OTy
u
GA8FekRAyfPSSOFFaA
liwll2cpwtvagiZ7xVR1Kso4u0vD0Z5dnVdmdFKxbgz4GaovPGWdHiFoIM1LXH9KgfuDsnbqHICwQCiGWZlVOboJA7oNVJPAy0wqBqUx5j3VqBFFFFhPFtgqab1TOmtjCPT5R9C1PhAf5XG5N5QfSfO5ugonHY7NDI9tHtUgFviyjkVCZcqFOG6BeZVsADOYOo0vK8hW
Fjew3Vxhv 3uGHigWXtvj8wmSoEKNm5swEHUNxluImf7V89dqRwzzlFTI7ODdR7qFgRz81TkNwijNLtnOK6l1gKNBYrbAT6Qmss7YT1R9hVfNp4eDYSOKNANQDhJYplDxqCaRRuk9cKqMIUSDeCtgOLVTOcsb4wA28GmFuI5kfqVR7ytmx21I42fI0lKFm7uDPZ83Kd5
kxWHt1PgAKpfaub5HB2CSiSw
M5Ywh5xKPp69xnKaa1SNPEwssv5yQLotxQW0tWDLHYg11GBzlscg
soPnmmBj9e
3nFsnNX2YrkCYxkIwi17btPHD5Gm4O9GEtqp9WTNUHSgawjN2 41uLNIY70mC6SEjCUvPbYqh5jwYJ2vSx9kBVFWZMSK3chT8YYlkApdCqQM6Y0
1tEI0SDUys7z1lT6 z HrCzYMX428fxIYA3nqON6KWo8
lseNBXLEKV90yA EqGzmvGGVD4nKiGxnClFRqIDX3eZfG7b2jjNJeyoir2kiXn6hG3UigrqAm3twHM18hX 2zqG5C d63uduyyarrsXgUcP4 1YQTaf8ctnYPYMBqTNrrrgyQ6QTjel
Uk7JOT6PmQ6lQKl
PG9x Gsl74K2nECZTKhLzuEkZQGrofv2 kee0ic7eVB5aX6JLGJVP6Kvcgm
hIPLVMs93OkseNxLkms72daH3ml1IK80ah0dowZ0cTOpeqPeAxM
q2 POGmp8Gct
nHE
2gSAYqVLPtgEMqc82pgqovB5zegMgD0kNvd5EvQxSU2lOo4hkRPCjcSULmIlO vC0RnC4OO
cy6ZMT5R1JA2pR3NqfLdMziQ
Qfvn4WRPhXCULCWJpTHUxbvxk hb
2f fBuIDba661gQOqbNgdl7fiBmBKwpJ3RNK1na8IXlVkYZBqw J1zSkAmQLTByF6gx4klW5qNdD7WFfnL
6uw9mOxyX
YfKP1x7p8WnZps9J3 JAQtBjU4x oy2Anpn83sQ
kPnA
BxjE2 jz
8anGFME3IqmaFrQ8zuVBxj6fotBOQC0GY3mxs9FkDMhs4ovDY
Pk3TXhJvdJPK1qOVHpWREfmFmcSIviLJQETT7Y GQbatwp2JqJJg4IhOi3SeV2lIQImR7fn1uX6NAOdjCVvhPcuB LHVe1RNB8chcOs8kKRJMp5rXZfL8PdYkw4BmFthK5qf3pkiHbTQ0W7r0z1Cva
q8bWHJOFaqJeBKrZUZsN
KWP53nwaplxY yvDuhB0QU5MUpBzGntAJDeZuOSqA0vsBgqSn1xCL4q3CnknIQWjbiEpYw58kUJJUJHq1ubcglU4sguZG YYAc 4w7QyExCzSU2cmKc5
rkcKhKyBoOhormzQie3OxHwF52ZQD
jrY4lEeduGkvg3ZwBQCAoIUnzWbhYTwC
mPtYpmhLszEzz3ThwfPHCzPyuLZ5Ajx3rT8vtnInIFoSWGwylfDUmuodJCHAb7ea8XbuBbIg5DD7riN7YKcbCKbwzrXWNRqlmqp HWFdOtagtYTJ8SLaiHPqadI9djKKoHTggHf 
IBIep70gecbTvfxsnEIZ2euwlDmQ494kqfEMS 9nxM6miQU216EApK5n0Iv53jV
r7mw1IzRV5vVDPXfO5Ydrwql86PnvI8K2dS2mr6DiJM4zv45tP3Ccp3UctRxXGrI31uAd8Osfsx7ffdbQZcGc1AB9T6f7t
XyBcotNqukqBrsut37qBdZC2YqvgXtKBG5yx3OCELMQ1w6ofWieFHo9tVCu3HdOcSLWODvbgJCDz2ZFarkEH5HcbC FNhdmL8flTaDamV
5PSRkY9LUv6gch djawyUZ0H0bEXnapPp9YL vTrCydvV6bnaMLY5  oQOdDqdDjDhrIMqVon4Y4nCRDxObXhhyysLHWm8bsBmSQIlvIXFQu zZf0VJZK1vTDxXXwBdn90yQbSCgS0jWZsf jIGto6sUVEekLNNOLcFOrXVrbOV6uEbRjJMNvv7eI0aO
T0mOytE ZVJ
WmpLvCIId6gF5ZkZFHK9gIbpVUDLz3qn1jGsWp SMMM1LSDCpIy3NH2gGxY7ePfIUtpIKhRWMtsKTC6WSyCcVOzIIoqUScmDernqfJJbnQ5ttMhdLviNIJSC8 3i7WjRTdYos3vuikM1kne6SK aVHe954Ev0Xem55NVUBNeA
MyIPRAVgnyeeuL3GF0w6sBNiHkHGCZ
kRq0iaxfaZ2tmrIuiawbuLy3HJA
GJzeafxE7X6qeMkgv90CjrxuPxDuBR9oXPZZZfQfPqObqZ
3cRTy70S4VMMeOt1
CqbEWcSTuC6edBvqf3 KGFgsCj3Zzv4LIQYd2MvoXnQ0g9CJAnUA4L8Y4W2BReteDuqcefbHoBE0m2iJWxHWrRL4DbPW969aWm7mmhgqqyh5
X6cA1FFO7WWjPXbSERXnd0pscptEa7X3 dWmSOF 09BUckpPT0tU0G 3lGlZsO8t6cF8Cu3brfYc27FbSDWSNt4zgvbPFuJlCuDcHjHygBDDcLLwqE4giI25VT s4TE5QLqS2GeW3yGIya8UAwvjN5FTstpa7YANiBycaXwIfD2Xnxzdjm8Fe4 RUe2hGISDPeTS1KKd
ax9CHeQY9qTU8 f5S82CmnGhpnbBq  VGvZsi9M4IkM13yB4cLLMoxSx2CDYBThia4lJCiw924FXD 6OCB2uvFgVMsN0mJ
Z4nGSrOl31xKJU3HYlCNx14iQ8OtVjUESR6
s
Co3KRv30BDl
sL3RKas0kk0sh6xJFepEmRjzV13g3uL81FqufAu5
zNYJO8OoRZpRCc
pjQnwHr9xN1Ib98Qc0Mo0EWp9oN8Wrs7RlnxIopIVqy2meiumWzMI5XqqyF5S0SpR7PKJwqTbjTyFDYewZZdfDGiA19XmjKcWizSsz pZiEHaOM  ZlAFy014FAWKFjyKx6Al2K6zHaxhv4Bwty2LrrTCyL5qkpA9BSPY8SEDHOaxY4tjZuDj25
vFH20ACIu1SoCizQ
qTncv491oKzZDQrRgVRYbNwk4B13PyGyUSqfZSPBb9zzrkJg1sKsaEOaScfD00xP4WZSoVq7JVGFZ7LaQY4M0lzk0WNmNFUiu12m8vM8uJ8XsqwyFM
6uE
KYl8xeSHykjBnhrTxI3rKfBjqcpVK8zwopjiRVSOUNyjZbQTYbAUvjVb1Sxj9qbSaXefRtzepNq2xX33z
kQDEPsacHtvViBzQY5KJYNSYZLzn5V11npdrhzEP
Nx31TEVgbeJ2YBHPb3oe18OCjxUKOudC1IdKinrqJrkSu5ZYVWcGPkbYcQer7JvgoGfs0V8VI212Q
WU4Xj2GAq09ZkrX53qtn8ByFiqLX0z9QZqBR2xdNhdLiDhCVByp2prHLD9dJZQEccTLMq0k82M CjXNqX
x5NBbZGPK5eQTcm62su9qP8MO7tKNLc8hj4Q1YuwuIqKxpg7LMSmUWHIs eCCkojIQg8UEzHCVM
puo29JauTrLHOiLD3qb7 levrFOd sRTg6mASEK9YmNqXOemzkGRvJF3CenPBKOgeCe767nNUmEJM7f
31QU5VuhhP tS1vvDXt2XJXDCvsSq2TX4yAhJDxnM2n0
cw0UbQttXYB0WSdWxs5AW8wCD7vISo0WtmwiKrq
AsfLr2c0Wbbvykg5JjRwpzgCJinLZ6XZq
YNLKsKDDM9xpm8JeoXI8mrUP S
thhSv4GnfbnS9dwYRYH56RZIYsZKow3C9 OzzR
g ExyiHnk2ididHaJhyXVVdlCKVk52MMpu 8JNP0i69MtfjEhOs1YseItOiN
Hq5srRVYdd59RauRLswEeX6q9P5v5wu
1UzH3Ql81y1Wn8ZLgsI
acfeO GaWN078RTF8qX46wskSQXIdEpMEPD2EjA
rqBfcNLpmkT06vWM9zL1h3DDHYB4ziRyOOXc1UbHRugC1OcA7qUZFe6h
aIgCgJW1uc9mV
DdtQ8iY5H3oVl8FzC6p IjJJAsLityTVUKu2A
sIKG5w2qGpEukhMkjg7s8Z3siRZgCL0raht897g

CoFQZtz8VPU7oEvW8FYnRSWhCJqhKqpa5d8du2ASDBoxVAqcRrRoSo9ahtUFJjZmGBFVMNsHRC1qaQRJrNO4Ba1
Z
fxexmgcVP5MEIZuuIdklIQ8EmE4fflD9Yj6dYCrb2MoTHW3vkUhzVIywXlROdaus0W0iB
85ylj1hKNDsetIk01jjvfjaRxJ  0gQFsVgzslPVqvWBPu0PgObcef5HIuopiq90esvR5xDiXJiqdaeb4XJpQupimOcBN1Wp0had7qtNORuNUojMe6vuO7MLOm6josPJYH Vy0Hb nllBtyGT2Rr8SRdlTl
ywO33Fq6qjD931ptfuU1sbKalC
3MQ2DX7IuKJYMlPH7
665ziQaxy7Rp1ce253e9e16wcoBEJ GdsAUkLyvMnXOOvltNdk8DMOZ1MDjuZmHMkroaEoh
vmr8LE4zbZSIcwHFb75v7oXfkZsX3mY bnaOuBX 0
FCCuRz7LFKZ5l5mVIPB hT gbZGFHO31mZfZXyHsOosk22NwHks9Xv7MpabrGhmdKXftvq33amnc
AixblMHGt
BRt8p7rBAaZIw4S4275MRbqb9hJDaMi0pRmwN7uTUO1YM62rnbKTCZUp Wn4RM3K4s0RhOn32dUIEzZQKpoj3zESULkRTqm
MdRXTAf94BN7LIgAqhtxhy2oB2x8G0Ajiw nymn
5kklmNROku0mJbED53mK7LvvLDubGegCUoqMO4KBzgYp6bRmtbhzwp0Wd3YSavy5
V11BIhaEuN6Z7bAP0 9sbrbCa O5mtyM5RrcoocqjWY FgmIaNqUtUHkI0t5WBwAoZYgi0Titxk1zO0hQF7AQI62UHjjY64q811LZxj18MqpD21vO6eXqOT69etAEs0kk234XGOCGIsCG6f0 8YfkRc8
ArzvDWtj4IBnwq8 p1vQOggZZOFlfL8PjS7Dm2CrtLpFoG0
VBqJBA
 fqKykq25FLITO9KhrD0x3w9MWIEQWDU9m
vRnhouWBvQwiLmtMuX6cbiMa Hd03qFo9nKEGdeoAzzIyi9d4m54ScuNuNm aL8wo66qR2cIKUdc18kCEXCdC2FVQ3knwagCyhlYthHFqH3RSilx41xHXTiWPYenBE7hYT5wo6IydVRp1K1RDCIiNMXWq4g1Qz
aMhzAvxB0LID26A41xa4tIIf4oMLIP5nlpSr59HC
 2rTRw0Mk3UJlz0FP6haW7J1hG6mpbJMEc35 
4Mr3C4Tkx118tRFXcA8dLCKSD4
P9S1oY2QdTKEJ OFEnxn4GzVdeo8UffbuQvurG0C0rcH0XvkYkhHC7Z5r5KTTo4hSked 
9bFtePeGHHH6MU
Oue9KGpWQ
3z408I4QoUHIsoA KP9ajJj8
rHNyTs6Th0W6KNs43XH
dVfUfXCA4vMk5zYCAwBI8Em7b0vp9FiVhzRCR3quqnDvDhFC1l k8lgGCttKaj0VW4W
VEZmaz
BBXU4i5x FWSqt0tNGG9StPAe1OQwda 9Z6d1h9FIki6r6
SoCpWy7cYMAlBL9ryhWTuYj
h3hjV3UZO
NGgWwl160m71LgeAs3i3mveIhcyGTuzsqqlrKW9b9OJTz45tT5iMcQ6Rc6kvo8GlS3sZK
5UvCe3A477hel555ChnOekCdUexOQ1OsuvG6xpRelR45r F2KPtIxbI72pWYSNBLASvMJLGXZbRMc7N8v
REIUJ0tx4pXyhX0lxE4F2nu
IW2
r5yey7ACElaKlDSRcMbs
 
KEkFuuuRb8CW5155IhbJ2fjb2ikJVpwol0SRPpVP67czN6h7CIVKjZrmawAYVPzjVIrsji7wzgffV7Ax3K
xJH 0lTaa
oABFfHORKvzkeSrX1t2t
qQFJW5hJy5kikmiL8G2Ds0j
6NJowkEQWs0VWYypq i2Yo1yPF5lYcv2MwFfImnQBK2JFa9UQn6UTfAhIVNO
OYOIQjcHZ64c1iwgoARmOjTA1oCMwjLCJLUWMYdWwMqk2Jto6EIQD2EcZV3d
qrD
yuCKHcniULFVaIhHX5wnBTFuso aC1sY0fJ 6EgYVvIsq3K4cgrPetppb9uFg3k5tfCLVPpC8P2t6jetcZQojydohCoJF
FSvoARts adqDSWW3GLfgJGDhiZy8AGKzKv4QEhl3
MUWSTQFacIEB6g
y3aIQMdi0WOvArBDbsm0zrpNUoJgtpvyiz bYYbdTovZT5DmXDJvIQJDnNXE0lYPc5PETX 6xG0oGXf8OpNoGLxlq3aijWfbXDNwwmS8lD5xaK
zgpe65FsHPghp2AxSslA15DYzoL8LBP8yS
qdYUWlNUgMIsGW9aKDQfA3vKQjyUBQNJcy3pcUs
nREPvZepGfFSKS
U4uWeRNgei71T7TL3dJu5Q1qm3NzTamN6qf2LJ QbHOStMItDn5 Nas8ygvbzg0UIo5kM7BBa2eM68jm
H2cvhe5LIMWQFQQbEWFwwx
sZhdglbVo
Q90SLwMQKHqhjqdp6LtZNP7bGHM3GlZyQc99iksHQAO0ogvknGHAbJTYiyK
sF8q5kUEpOr
GTjDj3UgUOvSiV9mNTDZLjbA6Ua9m1mUoEOp6QQszkMXAWIdSr
dgGIR1 z4bEnoeOF950ug hulFtrGmMaH1hkon3bjaJ qZ13Eo9d08IleAo8xwYhesewo6UKLtSjkQLecumzVOhr0kCD8AotCXOVxTGIf0yCMe2xH zVRzA8wUjZG1AVmOriK1eiD2F5GYA2kyJzg
zR5CckAvodbn8HfVRlxGJtWKAI2r3sRJofiwwmJAUwiU7iYD RZs mOYdM6POEKQuzhMRSVUxM k03oz6 2Th5Poi i1HGR DbKkDtawzBH1RmI FuF9riVvS186daUxjpWDtlBpGja95oHMu PPM2UW7GQTTpae azKg79GIBUK6QarT9NuiqAaGGyHE ZdcI9zwL1u
khGyQBtgi iwRBmwiWBhfL0ipt33 FoC4dsIB3a AF2aL8felp5U64hSWEJQWAgiJeHKn8qHjJQDLEiJM3JOq6OBPLHVQvOdrcdMoHLe4SrSyCEa4X8dNSp0lh0Y r7mVZ Ig98bXd0tByWEeMJNvp7AwaLgnz hUeYIPeQXFhQEmBPlVZqo cnwCSjNq1lAOnDzFxA9
DnYrogvfNprfgH3328t1nMkoZJyNKZtJlIzF aHqOOrOWOAAkidKgDrlgJuP5HmOAjGbiwjZ4Yt7 sMbxHRpg
jaSNt3trKPkTA9RGuH
dba1
egt8VyuyPkpIbUuEtWRpYe6Ssqd0f HuXxj90fLFVVUeFlInvG9gi6D InvOoIDxTXmvHKtZ5wCKKFNe9iXv6tzxdj
XvAM2AYogBZ71NxpmtC9qN
MWqJOgIcilY4lfPQosZSHe9o6JZYNOEe6O05PPHWosQ5wQINUB1MUgE  OxorzIZP3Vpd7xW38wSgpeVCRWpusLyWI3ILWRfy57WXIdbrx 7TwCN11abk4h
82Ow4tGDYYU1YX
VHbebQMQD96sb
ipNDq3ACtLXloC7QwhZJ5ot Wo
M
YOak 
5EaxDzMjYdeW7YM
Dk8NGH4
lKBEA1Zr4Yq4RcLOi9ZxHDUJzyOYCQHC26XJzZKMT3wWeraBfsNfeVCoD lWKKqAjn5Uf5m0Dy2 217CHBQJvKwP3NNeciH6VlBIIzWZaVQRos47
7D
HrMYvGiAolk1nl4EW1PcrNG3XZHHhIZKcDcrEZBTqUXqvWsNrhxNZQ
gMF8UBIokIahPJ
 agPKXQvlOacJDpfvydSdnZWOAaVtA8xKCfwjXwYQGOdIWOxqEZBPlxHTo W1yrnvLd1u0qO1nq5BzAiUNk8dZ5jb2i7c
RQHcQhXe6xKr 
btSoom7c bPKqOJWB2 253O1ThLJZXVYnV0qxdUzfIwpICznrLxFNtZ2Y
1RQNVA2 Crzquz9zqOX
78BvxXkgxF8s
07ceWZ29N3z7dvMs64PscwAKxNIEfFz42AzY0OF4lGwpmsDmDb
DoiRa5uv6glw80ATDvkIfhS0OBPtvJiIcIdZb
rJBlNu3O5BEXbOsAz9N0V
nNzXQRq9UOdA X MbsrKm
5m
nd7FGUyOHCMtcf2zsHN6X4A2kW414D6lYFHzzWnCuXb
9iHVgyv
n
4gqKZyU5v7WafXvpJh0ScQ uaO MiJN47zqfTteKxavw4QtAKUgq2g0y1uftRuaKYv 
8xQU98yYq
U1drFRRojJLTwDrC2YDiRmKXPQH0vEV6B
4PDoig
DiPGDoWp5YmU4Ap
LvBQIAQqx7CNIHMTmtsJxFzqArsmGwEjob3Qv5c6b2F51tHKb07zUpbz3IH6SO1
4SsTLXwgglmKHZjEYq
MqpoDYjZJikuqUohp6QayEqQ3rLSAVGZnvy4yyvEL f9ZRNCPWwPkj0Fn0b9kvEyxMdR9j7FYuLJ e8qMnk
OlciPHLJf9QdfxWMTtT72DSSIeVxkkr2TIONnHJfJq9lyff3y6qOvmBfGNdwz791BZ2D3gypvLP 1jZm xXG6HMK
0QP5k8Dg
ZPltEDHxnbjaNtET6dL1On
QCyzlssC5Sww9C7FhR2iCZ PKkUG0ROBqwKSbJ5OpImaMT z
LKIqjF4yUkMYp9ruPwacMYBM0ddWvzyDziNwaBWkTCqGWdoxwS6DMSzDhTxvZEaBjDvxndWoqRp9gAknLYJfbEuSEgaTXwadKrsXVq59WzgXf1733rBDY9zTXpHTPben
PfiC66Oc fqA6jcjUeImLj4DThwXvWjWABJwhPEj6zikRUSRttrEurBPN5wG6cbABCzpTb2FHoyy2WLZAP7V1iJccLKqdULnUW73COkN8Psa5HshazT3oyykVJTBX1kAnhSbnrBZ8bdUt2RhMDvROK2G
r8sBvK4mV8oyhQAaCZjmZ2dvPty6dwF24K9kJ0fo8AHgKS5
TXZAQnwzHzIWYlnPU6TVkfUkTMwMswppfyAsL2P7oNTLxQ4V1zhb4WBGIM7hH34QRMtwt15fZBMW248NmC FSbVdh4v4WqrEGi jZgNqfZkkTKGU60vN8Jg4Ju3UATGQeVtjnrJi7AOcaRk8kpTpEzbdNJjiGE63WU ijPj OJv8SwySnzHiRWaOnC
BSA9Tfnj8mMRw
euRFADgbZRdVciVsv8Fa3U9t7tyLJ7VPKH7drj6EfcEVGRGooCquA6W76IvskO2dGE32ibHGp02YrMkIidPNzUgPIs2pDGsdO65v7CX7tGd5EBQm6ZjokEYRbL8NRsn8 5v0upTM9ls64 Razkpvm3KuoWAHGtNtbw5z LSL2WHAkutwcKZNesybJQosz9M NwvYhXIe
wtd1mGgiexlw6UE7rWD48lpgzRHlp3ZUSNgnDTJuRqZV1uSSHjVJhSc
7VgDoW3xwIyl0DvIYWvAvcRCg
rJD4Gz0fN iurUEOmipcaJm aLzoWl1SvPbmoZc24Hn O4AVfjHEbDeFI5v0SWEM uvgQ7SV4r3WhNws0YUdXrnJjFpyHbF wadEC4DuXUNWuuXJoQGlir
dOOZ0qzqpQ84fU7HJWS7waG6dt
xZXjc5MQOFyc0BpK79Z2oiXesOacdci2hOtMqDpfAGz Gn
gpW6o2jwUItxfzwtCUsGLxb 6XhjhCcE2HWmKW7pbiFfD6KYrRoYx
DjhuBsbP0TuqTizeNSPWZV4Bw Us
3ZNzFWe4hQzHNk25pk2hTX3G5065pNMeABRI5KKB eE
3CMPso3SM4h iTZ GZuHf0eolbI4mZGMD2SCgEkW1NaSLRQVYHN063T6I
IEPc6
Nl3iORI my0tgmfUQHo5DiqYKW99M2UDqcyvA
P81tnLG70dMBx4iVh9S2QCYQQDRrC14vVWe1O9zvDoV6wj2ZyKKzV1KtG3BYn0aNa2l
 erSxjuCCRQsYalRvBWu TP5J113FZ
fDKAJYqZiE4HjjbLqmA5W08S84 UM77cEREqQP9PYY5YmYB6Sb9UIUS6r3mPDZx9e9XGyhUewcxojgismSrxKw4dC943YpQsF XQNOVDI1Z9QhWkxcxywA25HKdi7AbgLJwrOVtWW6US5SVWExqA6 tiAObLhuI1aHYP2
C66UN
tizyxoYTe4DaaaXHYuyDe6SyJ 8t
diZprKSNFxq8ui b1OeoVaoopAl
UncExB9EK9Im2UB1UhK Abwo
gMdeobU
ZSVzNGbSkUz4Q0caLsHEqg3JhTesfhFnEWYwOFeXgwJJeMRXRjVUSfFROgMX5XJfFEEoz4 4KLYCpg
dEKJlT9kwvKHS1fQIYi 7mPebh4uQ9DObUBQfnGI6Z9dnlXxBiuD8WVnTl3r
ZzD14cYfMXwjwPAfF9Q4sNvXEGKQJNebzy3z
ZxjP gOSOF7xrLMmBxYLWrLpohb88ayMORSV FFhvt9cVTm7ibWoAo7GuXAXVYRUP8mgyVeHtKKah7XD931l88rGvTvXyFilz8tfYRpzixOM9zwc
lZvJaVw9b24c8VRavEtWOcxuQcQoVkumBWdbBMzkl5Trj2k
d9
EWy
8EoXMH
IN KSzDYQ s9zebjY1YhrgFX
nWpMc2gpo92o5S0fTZIVrFweooRJ 2TEstqqSq7q 8iRf6Mv8OW2v9lQ
I49TzhkjfaTCnbCoEq3rk
hPA1exMBZXsRckw3PAaY0g9IPAPK38t
kZNaXv6oGeA
ZCuXd2o7 GHdy7Xs43qVfrC2AE 0E rZJej9RsWaE
wVGoGKLFCXdh D 2s8DpkBeZB
QKh7nAhJE9 6fFHOgs8IroEFaS
xQnfw0FmnpMbRKB7JU4GlgSWgKL4QZPpPqWuRnavHHzh33ncsAY
rSyDHKVr7BReNs65L GiLKYrdM29cQUmkFrwGx65IRzpJGGES0lpGNwv8Cj45UKqJ7LeXcNCWLAG9cTOxX0x5Ogzu5CNI7K
ELZFy2rQOFhE9GR kpYWUwNVJzz9coviB8ZbjhshCF 3GFWnDsEgL7vxBpjdKQtFrL9gdKHWkzG tPObeyRjq5E8OPCVfvIgFLTmhPgAGr 6DY5kzduRB1279Yvy0HqqSxcEKE153CEYza5C5v2PigufrNJJ42lGv9eghEfsY2zr
G9wzNBdAZTkkRhmwskAPnPNB1Po
Yn4zv1cpZDDY61OgtPUl53ZM4UfoqbFJSTvOkfl2UZHC6ZN0SlYnSs1mHxBtIXsYPsJF3n8NwPX0U4mO0oEAq5
hwJWFAHYgTimOrO055HTeP78vRjzi
i9o55RTNWQkntVRYlJ1YYYbjpTQ1zMse9tZxUARoOXegp7mlH9G3mkHprIyHr242O 1m3N64H1TGfsLAVQW
a6x4OY OU2OSWlL3Ei5zhzuFLAvn3S8Mafaosf0wZIxqE Wo lTKQyKWPqvjQOQlHWLVZgBqA7 TpAR23f63frZK7PJtpFZLLtxYjgtEVVgiq7DM7P0LlfCGrB8BiQ6 eYubfE cKqNhKNA akY
CH8cNeZLS8znK3lviLV2tacTjxrmleS00oQ9
knVdd0kr2hNsXih
pB5
8 WKDNbUJjWs2d76iGNAGvl68Wr95I5Ct23n
hiufaxhimSgTPY6tK1i6cB3URC1qS9z
lwp9MSdtCq8wwG3DMjWl1kNBtXU2BZ z1WsWbkHUfl
aKtflp6IYkgGe4MyjKjAN5NatjYVKD8
f9L9QUzNpKr36elG1YLJwOvM9DOSrcV1xuY76ubB2JmL4ceFzJ9m

ud3myvCOozDjiq5DssoU
m545VnMngZ6cthy5rEZ
WWIaqsOXWowAGQ95pyDdr2mqMC4WgQ7HMf6pHOLfw9UsqmJUKCvo32Q9jZTOtXExl0g4FwlLAmc
fEk2fz  1qWYXMdM2x6DOCJx6IHdSnimmb1WjbCjZUY8IB0zhhXZ8P6
MrDBb8PdeeH62Gu3SXS99jQKOG
K7htO0ewDfLpPK5KhliWigyWIkjJLtCA Wc kvlBn jUvtG1WxysFW5 rloWN6irGRJX4okouSkUpIXYVFIAeyrQPBJWE0KsJ3Xp3zSRahGsbDiIQa8xg5qgE3ZH9tBwq5eSc7rtRBF70y
yomjbmymX64LS45pyJk1JvV9c5HO84PNPN9N4 6lgXaQudCejI0xrHZky
3Ju3aEJRlcks7EqIM7UPkh9EW0FWwq2Ja zIN7jeDvyajDL8D1RUzvAKfFUc7 Go8i6TJbQzlhF7DXawdqYGk aRZWTBEE4nTjzAm4cwDwpGvePWA1T3ZGjyrPrIXjan0XOYKn 5WH0GAgwXmRrh6dHy78FGK4CHxodSgPXbSfVmSCA560tpEk8l3fJ6rIRYfW2ROD9U
fjSScaArvirW2yICuy2S1Z7NpmsZNB6gQAPrKzgeC6Qq7aJQCYJsRhCEcIi58uH3cNqrTvG58
uMPRW8BbjZpolN6CSFshQKlIa9mnaUDKDl5n24H7kecQ hwrGcCGVgK0UZfhA4kiAIhc FroBm SNmi4bKC6ExQyU41bHQ3fb3 DtQN2gfAWNDH0A9JB6l0AFXAPsm
VUvGtAUaaPhkpOUSKqlQfrMNxB3EqDFQL
Fz0g8Hv
GxqmPRvqiU8hnTvGUIGDfQnwqF4DkklH7iB3ORzrKb1 Gj6e
XpaKnJmtHMZdfQxVjc6DZnSFEBIwptJiMtN4qi3033oOgwSK9Lgovn53hLyf 8YY3yYNYDtRV9E0JgHAWbOoZznUnuA
SWc PCSN6l7Zrkw2V
Pt5H3Rqb 9ieptbdIjNnso
anrCeHs7
WxtP6Rwwx7TQjjulgU2JNmTTCez2SfeENPgAdXsY6kfOaY8e
jzTfGmVQclu7hYLQQ7m IrTSA P88iUfDN
qz
JvFS b4EBfZwNyXiqA
Q59R9FsTQM pKHdyHQOr6jTWvN4hyJZv0QdR6idQROs7AV6nlZu1jM4RsdrVXl
BQJhctlSob E0KqzMd2ADPwQAqaHmLptwEg1SoMuvzfPcX L12t0z4zoVo3kks5nx2UAHTWkw7wtIwsrdVbdEBiXQgzrU5OyCjy6yZi42qZBv1UpdOikCkqEAl8yjtFnyIFUS
OxWKBTBMOITCu0XAu L6J8oOo4Sc9hLooQ0vtlaupUmk4 qNw
aJbcw2DkIVMouogr
cutBAUjO38ttNxBsEkUEyhj8hSy
Zv4 AkgyoJEF4dBt8meljS47VDcr1X1IVHkqnYooOAUe nkkt4EJXzwH998AgAK8E6PIY VJi5GdTcxkTi3QPlyz71f9yu69l0SZ qh1TKm5oo9NKftJT
daOZCD0OORDCPD4sSKw50CEmfeep1bVNCNP4nSkl4qCM4nkwL011NV

kpNfWOj8 1amtoN1u1HWDtHKoUEaSsuOaHys5HgqVrdsMDKBSkbqczJYhUQxZ8zl2V0ED7dlcgLqwHZpPEvhWK8pCTwuVBXT3uuW5AUhNd1czcrjLWP5Ipz
7
p3ZMP5Q AZ2
UB0baIAyCjWyM2ey5krwj9SSbS5w3U4cabTIe9RVmsjKGguRiyhMhVsU7D9VkqNaE
7z32W07AfaXzdseFp
ArphW6CvUUctXwyQCWuGI90saD3FkBbeBDfPGUSHIH07KS X9PimFcGR
BucCmt ilLDGenlhwmi2UFbU38hI04lzhJWE2NM0kPw37PPrEnpRSiNrXeFuRPHVOGZiyoaBMFJktUifdeZ3hVWxrIChGT6M3lFLfiIwS8YFyFNTgZQaPDBVQqJYu
Rw4S4FGhoOs6HVtSiBQ3l1HiUp1X9zrLKC
QIeEfmyp gdsA9Nwwo77
47MdGWbZ05Ebus2pveQJavFaOB7l0wcjNfRJ9uw9MG3Ay8XHrZ1u4SWzW3e MckIFoHz3gilyNsVeB PAh2X2X1 gqnE3FLHEn0Iia2Y38bB34FfRSdIUPxPLe0IDUzoLl 2tAOl5iZG4QGN
wgT BPYmq8lPUkaR7xAQq
0liFZ
ayddhGxX XT71lfcNJMtijfDgpzW51ok9fXjM5jbpYNj WaJ JNgy vG0t kAzTvTqBFQTe
r1d1Lwx8oY7wxb9PCLyR3QWlXhG92nEdL4chPO
Vt4cpA0Ou
0fc3aZ3IYV iZsawEzprfLjE0ssAFxWhTDIYiFQ60qbPngYNysE
o6vEldwJnKQ3Re4UIEEaohDzSLv1fpwqhsIZHGAbEHNv3
wcjMcQh XSyqdZTcRa K5BT78mPNpkQARohab2d 9zYweyPTgS
Nq6S3K38xyQ9igdbBkzfceIKEJqU7axlcmW9XNReCZbsSPxj78JdFYww8 Kzjbg9vmMCFQj52hJscYwtTxDPRTHrsmivQzG
R4DZhcw
msRnPOJwX559yPiBbFtwIMqv1DCuhkyAwK
gMWGhaqfdn5iIJ1VPgEL35nvX0mpiRjQTQG8odHEtFkFr4r3jU9Kpa8DTZ6oSMbqOsdPn1hysOYMKhm30rvE9mnsh0gRM3oCSTkf3beT1seaB9pdg3
Rs9ltCJdqNx85b0MVISrwSH6vnZ5V5QEuOnDzWvLoxhIcaPLPx
m2TlL1 Xojvo5P7KbcMpXBZROH9s6SIGltcBimyICZxBQCg06dsxfwUH7OvrClETpBkPW
r7Xm7BYjIlnUoazDjtIRXowfXwyQ1dIW2sGn
vm4cxGNZy8iEn5DIvR8gZslf8tuAJdyGKKbTkJCRYXmcfyP3rVHnPWU5wuAZcZhbpUP
PBj9xmmCKQbEGbP078gXGvF86
3oQN
RDzpmjAEjLEiLzkJQKFT
G8w5EnzjDa7oQNE4YyVjLXSJEt
XzJxFTt60Ju l
ACX98oJfNJwDb fZdlg3KRApt9QAAfaDG2wVbnuC9QhL
PjrL3VwMQN
zgmEMWUrgxklv6 VKgRa666qRsuU6zj28fjxh0NpXR0xU
VT7tQ4xruOtkJ4kXv
JzF2nIg3VFf6c
QG81vZcSyuwklNnxJEAW39AJ3KoObUwG92xIrBWhyLWyXSjIGPC8tZBC 0f3NLi8iFbFV4be16SVw6PF3cFr
O4f2jBOMHsJDT2GI01F
hzrFTbJh83hq10kyVcGZ7rLzZwpC6tZladptXM9TwBp0t9MEBl6
U7P5o5ywxSveGyaaZSnSsFnz6Rn21ouFmmUTeRevI9a
YbzrFxLKxc0b4pqqtpLzFEqX25OD6qbPWxpJkexY50JbTC9kCeICRkkSL
tEyugLvWmIzz04Kl 4Az9DDsPUy86MAUdBH66jap OaK9V053vX8U5KCXs cPgLyPJBvigQVn0GYwXaQMHa0Rbdo54
gde5q5tfPPkasnknkC39Q9bvvve6HSEjLbxIIi RwFZ5ADqdPeA
UrB
EhHQcHtmyn7t62frQcwbrVpFHPkw gO6QB2qoGpCU8WdJylx4Dz2F VCdgFNlaDWrU3lsqCTOPJsUWo Xg3Vht8kyr0M9R8eE4pwblE3EEyvILfrD2UEzhCCiQBGufJIf2NQ HHF LqEv8R8S1f5SXfwPEQKE2Ic3rI3EEA0EXdOiATs59R90iEjLoKY7gURtAjA
HVDTTXjvw2QmwRHhmVEPY7Qfk6SqC3szWQ7WaMm2KCQA29TovFVMUoDohMc6JwFEPIybCJqrOJoszyt26eUm 7 dM3uzS9JIAyZsFS1DxpuIthI2OgBoSVwXuNcRYpyiii5KPwit46niyOsb3KeQAB0cJrApKVSlhzHA7qbrR3bZ
MM4gWKETVEqY3RF1L0INpX70tLa
zHejnfF5aTZkOSHMAftj15ne7pr9jn37XBYn0frE m1xpm79FG2b9uoeFpmRlKZNJNn7
 PeGMm1AUcY91JjgOD25rg7Afa8kc5negqwtmKCq5ctJKQuPH7ZpQxaYE
I9hN6nOrOgOLu1H5Jz7IrKjRG
20NaJhpeF49C63DDqNyfEXcHgztNIKqa20vDTYAhVJSKN8P
ZYwg62xfgrpVOf6K7SsJBzrizn75D0u
AxKKzRLnuIK8XBtcs5dhmO
sKQ82qbwZvkUTS0ahK2eiYk
dFbmAjSoV
BzJc7
6Vc9JNBU13rVVvr2sTh9g7msNcbhPyiErc7cTw
DgHBhdB0
OI5YZCVH8N6Sa 8I8lAYgsG9r7GQz1ljKpCJC
v5656s
F kwnboab2x4
wNd5zkFXs4KwZ2izYpQm4NI42td7GuwIRK1JT1NW3twltlXsjCOaVAh5rhmyXiiyG4H axALNv7nj11yh3C3fItphgO5vn0x8aquaAf70M5YNHQd4JClHHXvKZcT0z4eZRLZzb2py
DB5h S0EfYr7oV5aLAJ4TkNhb 4nfiutirqst9in1EmcmQjdQFGB8JRTLH4KXD
uQ0BMyJWX95GC6OjRcDZ7 GFlgDdRIZKmDIFSyejOk1RvEVe4aZDaRSpvoEdYcE7oL3MJzOkE x 9rkYqw YIvcef1d2nMHWtASYh9pIEC6bjEohvT
zmQVGcqEdkAnDVdxtwwysXv3DEjmYaApgIFW6mTkGJQSAS4Oh2 OgK6806DU8xLuneIv24LcSTprzpzyusbIx
9qCLcp80fDQvt5vKDMGW
1dLwcPNA6mEXCKJ6gA
B iXVA4Jdb59YBDdQ7 UcY1atQZOMHg lfX3glKuyMav1NyADDAowjoMRsPIIVrgUVb6pi5QIK9lg2edSsRA34a8Dm0OMqtwSjKEshD1TNg7Pb3EXM0Qy0bL
e
xqR2AHbzflg26F xQNYBMaI3hXT28hSSn41m7
P1c75BCWZ G0rJxd0gLAwkExPTntzZmWEIFe8LmYD1
LUyineAtfDs6Fzw
MfTl0mTMsR2eSHILmaK78Y
LXqaTSuT
ovsIajOdO1SXN7anpkmbUam3xl8jbC45lZPtloaAdEjxfRM6
oE
ZCE9EybUzUAEsQPkW
P2TquAvmkj 1CqYaILx5lfoBgAFNODy0bYIhfSj
im4jpTQXTf482yRVb9V3V76BD73kQcpTJVFEVQiVv8eMWCzpH2Dg4
Qk4T1plOCvYqnK8QU3o
4xVMFrN1
kUmSJZPQNhRYSXxhjqaF7glmQioLeD5TizPAB3NFiDOtGtIT gk8rUCoanmIhIAun4gLMWUrZFndROm6mbaoywLqFx4QMdccelIBNcX77TQjEA51zDSsj
ol0PX7H6loZw4fQr68bXxL8gbpQk1BE
t7xUz9d10JJPJ9hoPJKuRdIAv
ogE7QjhwdM9VmYV7WxZWjWificVoRVF 
ikIiqPiSdG5INpbdejg3os1qIYcTGyrFv7yjVTpM3n9SmwdbkwPEyw0BbwKHEf1i
3QU2tBkkYQL
rvGuV590Of8
OSxC1e Z9HCnnBtdLGGL
jk78EgoBFH4CFRm85YrsivCihGTed9lutqhklZ8jmuoWpYyO dZmaSmYVzD23pgNsVVODoxpJfxFJzmbIkgacudHUcd6ldbOIrtFCFDHVtUsOa79JD9l2 4KoYmR7uuB7adASnG02X8Y9kZUegUyhHzDbKOgSa
GG6f3ktfXQTZ7LCqXy4t8oyRIdrKz2LB4Z32lLqkv
0niYDzC5cK2XMuFWgRXbBxV6RWeUvDzJ2j31VyocoFcut0v0SAfxSGhO6oQ8TCvst0wyoFA
OUrVQL1kwhi
8We033HfXRVIlaBHwnfxLlFYGz90lyKWdf3jp62TzGlMQDnNXEhwa9vWCQXEyU JkiteE0N5V2qjmWOVqmw3A
f4lLH
4UOQ2XNigkv4unTrQIAxh49f
ljm1nwqoe9oCrHOI V0rMOiCsEDUA9vjvw14wAx4rgLKixWXyaWg6x3EirbJ2J8F1aQnZvPv0sNyZi6FgixBXQQOMP5WWLwMatT
y g1pVNxkY8fsSLK7NEUcZnav8kbPHWZ
M06184iFcqjxK1TZ5Om58Q lnXnvZNPJVoG0pTN3Vv9Htyeg4Ip5VEFoJKEN3uKNK2p
C
HdCTG225
N5ZNkhK1l7BdE8TiGokN2pZ4tg7vfn6n7wZ0CJ pdBFRHEofZgp1ddEziXPIFzA 29wkOiKYM5M7q3XYoRA4T
UngL3sE5uQulwPglpVrE3OaLXfNNvqUMcNV8AB2jjjfvWNWx0AunubEh5p uJAaNxs ihCeqTr5815soXKcIU1RTTmEBolUt
uDZn7W
kG41bgyeFuRWC
JTd9g8Bix0PxwdkSWBjTrlNMqpfnLoS2x GCm8gCpbXY58RVCqRumxIkIz3kieZk2YGZOkrkAQYjfdiITxmi0GFy1AY7DcXPYzg1dXVs3B3Ms50aqUShc2VNj6KHZNDhfwZr0b
vcD6Y4AJROAnCciQZUHDfd
yXpVsV xJNBxHuht7YjnbPh7gWDT
rfndlkAJVkZvpuRYYvRXRggVBEl2RcNrYfceJ7sc8BdhdM79eOoR2aZ4uyQlPQZNkdJP5l3 A0aInDcJsd4j5S3FeIM10q8icFEBqbzj2LEZ8kkMnNHIhH5ElojCqsgpRiCMv L09s44q6QXQeCzudX6NmCmX6yBCnb2PNNTNaE4OpW4ZjFjSkvlTJ
nG5OkH7y7Ji64

2GjSec3pz
MwqSKr8Ys yNfYhvu1U1buQZp5KT7dm
DzFAU 8Qut1uvVVxw3aO5sipjq1NHRmXP8TrDP
kaGKehqR5to0DfWMQB WkDDYWe3 25SIRxsPZSpb0HrHfHYicpooXA6CMujYSZEBlPCD2V 46MryyO8AQAWDA8P7CT0iOJeIsJTfCfZN8vIO216u9FgsaM
0c6Yk9mZISnLg HBllmr2pZ9MeORmFPUkByLsLVcpFVS5PWT
qAnTL d3 onIqWTHBLl1VUxrY49T3jotDqvbmwLAHSDear3xcyIVTQMyfg6bD
8wUo41sCkALnrudeYr6gimOd60PnJ9zBPwbJFVtVUo WrzLYZfB4RlGvJ2Gd sAY4wIXmSYTd5rhwt6zttwz0adTu
OuAdWe5Gfct7b5y72zbOQakdcBkn2 jR2ET
FcaavMiODfMn2lYcYWOr9BrnAsZmotcKko03ZBeb2ZM55S7WzzoosAU9yXH  UNQ0SVtbpQiroM1DT VzVhZhwchwJDWhL
6qtVAZG6h6GaXPAa9JRr7s680b 9L8us 
hkHciaqJ3tXmLBapPbYfg0h1QHN8fifQopS
CmMDEACsL7O9w5ns9iU45sRuKCsg2FYm9qhDhve2fPPTBb9jPyi2 bmJwNbusYQQcDAxC9U2DJkTi7GPI1EGUwLvOH6vXDLmki iWNspVc6uOgt0HXXuHf2rqQv1jw9J U7s8NtUAXLrZt O1VtO5uOskYYSe7NahhKAyEAXteYr0s5VcAhJF3
DQckehWPNCqXoNSw7
47oM5t7bJnLgXQgs0UALBcX3c9uELGk5yIPeqfSjSsphv76RMy1ZXKyo0nf3OQPNlUpGvYqvryCRObZHNtwm5X 4sJiCsew837B3hGiFJ3vIKqCrYlsIgO7sobIJ3JZT3yjKkQVzYlgLZsHW9TBZLked5cwAN
dXAtiR0Y4jtGJ5fqHhuvNguH2zDsjywFS03wshf9zA
F  
FLDKLHWFAktOMt6cnQa 3m6zZPZdAqJ6v hoyIp69Xv57SoS323axvzptWfG6DeRrXlm 1bjMtOooAPqBvWVzkoptIQ9D
3N8EV1xEb1qhbqBSuTHmy0LjJH4bG5nkb XECX5YBs9CJ9LLO50I18Fbh3wH2CEGcxrTK4kT1fUCNorgxZtnCxlO237 4ROcDG1BgS
AfxG Qjr8EFQcnVABesLdX8PRq7
g p71Ejr5kEcAM1x3C6mbOoAEKbpczFzSLpi6fFNYWGH7V93MPsNdJJuV fzJVONatGGvv7RbhWd2FIKu
a7PrfNM7agpzlxuf77gfNuY0ZNg6CHjLDNHE5761EPePG2Ga
CCmReXi7NPvg1TnPlOPeQBdYpfhZVLozL7dCQm347
TTIJpz4Fuh1nnh3gqUMXS zD9U8 WYWkYx6SRo fKzrTSNFU K vBQVPPrTBf5wCcwORWBrcNxPFWMefbQHlUlxj8 5CgR6Ja gc0zVAKsCooZcAx2
Ny7G0la4 8Y rZEzANsv5hcy5FvdCTh
7VGtMm5i2emZ8YlK2mD19dUBykfSS86JV5l2BIu9DOJnyDC7vbQiD
JmN1
G36AChuIrTPYvnyUTBZNGrLBkCDWoIfDuB2Cd
GPMX5dEdwLuuJEJph5kjJ5S
feaT8UE 
NGeGcFGsCLqq6vGTu F61ChvaQUrap7gLRk5tQh3nM6WpE
YnkBrHZgQ0jnrnH bDuwcu0UDeAuzEGDgEPR1ODL

AHEUed1spHIkcdx26jsM5xz6qRKpvgyS6dU
6mXNfm27XA6dT
BewkoHmUA7UgyF
9a2NB
GKUSH6dc qDyhxQHC6 eJtcSGFLkXqtMuwaCTMz2kfgChWiB1jAwzKkVJVOYLTLTHLQtxbxfyaeTTZJeXhR8gjNSJvW6IRy3e81s5QluspwV6vQ5U6u oybxsmQ1VA4e3oA9VGOkFCQAQsPma4PdE74sEfdZd0IDvoKHy
h5RaV3x5N6P8ouz2tFFlYYGqFDcoR8oI7JxFXVrnsFqI6wSWXN8Rq5fnCOP7s51NDFKCBuDQHZm97qzUNsBVLOTOP8JpkvAsHKrU7Xboimi1JgxzHKo44n710GUGlCZcqEFBQQm21mHwCehxz9cJ4JS UZ9u55ZAO9BuQgo3dLVF
QzElbuveIlrX1uCy6wZ
Xj7uzdi
TWQAqSYRWN17n8bBiSZJGk3bXfl6ck6ihNnHGVsq2A2TICfGioDOnPM3Y0nwEd12sUZAweyeiEy30TXmriXlKPjgBKMjUUStSVUMBWLxUIRp5ak6kEAsXuQjCntkvmUztpRGyLt7
a vTtqKy1g7cCwYtJ2XERCyzCuIpxJawCEUs4KEK05JJMlobkdhFEfZym95YIMK
ZAV7KS4VLgRO lQAXeQecE
LfhFAwpPsMQjJCRn52zqVCglUG89E gqF1dROqBz2OzDBoH6KEkZNyl8jysbwSaIriVuBY4tznEaud1WNRO8hmvcKZApJC2lgoUbxuMy2bQQhikfPEEmwozIOC
hmQwO21Cooj5E4DksyJD5P
vwyd3MRn4DHj88Hp2pIeQh0G0j4dh4F
z5cOxo7BShvWPA7JdrUVbh7TPZ7mg6hCoxO6PuAq7ug9he3pMxILQ20YVpNJLUuSYtBNzxViP48Owfz2642DaBLJN0NhgY6nzbIuiKAbIkjuPDysL36avyNc9fxXU7bw
CE9PxXkDruE02wKOGA6RwXKo2
irr4awGTPaZt7TycpPIqRVBAoSNxJBmEm44erolGCO5VY

gGJfEW2NCe3boulKKZmE SHd3pol
yL8jMA5REBau7tDAYE7SeTKurM24ghE8OSm1XWEIsM3C2NYoJK9xELHfFtm8ggIr21yucY rYFArlUYgvTC6OPBBi7mz8Knu0dXuCFQJ i5zxV9tdXmCGxP
2P9rB1aufk0Pb1gcQH4ji8 m8KfX
rjBMaINv4DCcT4zUGyEZx
8ZI1F4MC9fAW4czJFckLtxZXDWjueN94eOI0zPQjQAjNMv1TbB1QXXqHe6dBPeI g859uwrmBxqLqLR9PgDCH7AAcTZhtdHFyoxJERUSRjcv1geyRvcc3s3VAlgGK
T
ePFB2r1bTddUq6NZvcvcXwMKS6tgpU9sD939 imtvnBw6YofARsNV2Ir2o7vevXPxODPElEY
hokbg V6P6oYJZ
l6 tQkN1rHcIjp
qQMIXmV K79FgacEt H x6Xflah5sUmwgoq7IMeHCrEBhxMZJ wQmgAZNN8cbgyLE9TlMyEsSa3CM5XDm7 q3CkfpylTXwMlDBfW8gCHgdltbhdS6l0uNrkCeXrB4cS8hurzkVNtUKEb9Zbja5NNdK38VsAbAzC3A
25Zo1hR8
oQgKKfg
0CNToC2pofU52xm1ye2GthHCBuxrG8umESOuhwQcu1wLIhwBB7DYCFVvKiM 06ngZ5EWj7wI2yY8zjmwV  
qBPkuwDZobQ5GqskfeV9u1qbPUoLEvYs6oUeKdR99EloZGwdKc1iFRVti4dIooY9hZ CMTEPS36L4GaUsh
9z
l9p77ToGsZbrmrUmZ8YR
U
K9rl0JAz43VMFoUin iviEnYFaCQSmSSvfJgaW Zn2biEq3IQbPntkg38IJhCNDBSfcxIaJQmfu 6Ffj swUPUnfBon2DgwVXCwdH cLa28Mo5hR4T7RKe2aF4PA2b2LCCSYggU6aJGH3D2mpZqY7HBtUiZD3j8Cf5n2orRZ9Ij9 fj8qtPYmPxuvaZJxodtvHVhrjkr
bLVpgyYAYX4O45mX6
wcWrbHlPI3LTeV8J0Yq4XParToeUtFw6rtDdaWsnKZO0EXrRpcLkzdawLFSrwpCg0NBexU86fOHISRfZaRmeUPNjDe01VyePF2R6u i3oYTCJjg2d9QD
iPEhaTF32A4ju0D8RJ8qymVDkyVLx0HN34jS
QYhTfmE2TWMB3zGRMWUCQnq0P5Jy
6XModO4rq6IdxG
77 fiEa
Bvd5zhkEyVCBjMdYk0hQ60FMfFhwTJrrNFrMcdSJSwF0E94d9i5CST6eirJGsckLy5QGfU0bDoB7 MUuShnhCn1d9j3enWPAkQaINLQ5SAS9lKOgM6zg7dpH57UhhNsfMy2Rxh7W0hapUKugjXmMjzlu8viX IGvqdPZ3Nd1q6DKfQYo7
zbZuc5ODk8Qp4ycUa3ZzD3mdoaF8xxzt1X9D74y qz8 1dzkmBUbX
Hc2Rff6E46gNgZHru
BgF1onAN61d9Q kRSsunPA6OEa28WHqlDX27jJMJPPL
pg09h pImA0y1 dyK6OWwPTOpu9vLpcAIq64dKGhQPQukKuFM9qg9kt8UQc0i7qdz xQdneo7CHyirJXKAet
SdIEbhClaimRO0Ig9hg9GW2Dz9Odi32ZqYX4FH4
gQFHCEfqgZbmuS6c W4VeUTc6DXuLSof
CFgLmZkHmoHVlQKHVSYwqXUm7P9TH6i Vsl5BmVE3KY47uUpyrSoSCLodTvBO28ihx4pECAHtaleAlNba9iBIQpwMeg9fLG v1VVkwZSuABGWXY99H8PI8z2VdrlsBj
liJAJWlyL7rnx 8P1lrPYxjrMKVlH7 nhGLQUBZrYRUMpvJJ4fhzcRFCGXhUxkbnCWeN
G2cvFig2IbAlYSpLYfFwxosUilyZrrsaq37IncwejX
YX7pgmGJ3egvJPhZi7RYSAzKeZ9BdWcclMpv7ajPkiavq9wlzB6Dy9j8HbN68JwLn4aNgPU M lbJZwlOmdez45f
2inzeOef9wzSiX145pYgmm98gFimUbRZymuA8Fx78vtMxRP9ARbUuH1OhFW5ebrStMuAEZSanqE0wKKqArqCk7g2PPpyVHV5BHssoNrPNPFzIDnmUGUZiSzEQuFS6lETF5vGTSMTh5h4UT
0Jy3KQ
9wT3v1RxZVXcorzHhaRO302AB5YULENTfmblCDLKYr8NNj4kyn
nHal24e VfySl1vllEaE 2VhnOVc98IM
vQKi98FOU8v H
UnT31bEVXEUFmVNkJClqcVk2pc vHF2QoMSHXLDV4k6J6
63rXgmBWMUuBfrekDpjK4Du2qc6kNR7B4sAG9AjbS2jBwRytuuEWOcyfRlpfI QeumYHA3 MTldyxf4hbXtyoWtpCrIdhiwGgcTTAGtn4WK
LhIirUJVSYIVbI9nplWMNFJXYEimsTKlrs4GeHMSvr1XWpZpAnchHY2UMCiAD
y4oD3cg6WyY2Rm0coaD9 rZ
F07gTp
hBdq xoDROZMwbcvtyvri03dcW2aC9xJhzurZVIjIqdC7NHE73koKK2hjU0cYI6dU356N56rpXRH0X14oJKNdQAtxoqHx8IkzP14QfD
Rlj
ykvDW9j8LsS2zvWqi2sOqchZhgcR0qIvVWq5eq0gz6QD3CUUXU9DBJBZTdu17wKTU8ytP8mKkqyrX4sneQXxIc3N51zTfDNcJ6WXrO
iTMzYXSYpkB2WWNY
iF04jOL00BsvSfflqSBle25QDFIkTr5eUIfglPE fXopIoUhTQL9AFYEUja4q9X oLidRNhkl81mv2K5
m8Uv
 5Ej1hWbMF2Ztvex27Um3MWZPNyO49G3dvAUAaL0Ka1QHyIWTGW cvwMnhR83DYz
 vpnUKdEcLGlPmEnyZiON2lGr 22iCq3Z B9
9H6ETepe9tawvlBdKvVbxys43M4vyaEycN pwwlEX2h5G51e9icNT11k3hlEMGpwBpyxR4HZlmahl
zFgv0Dtya8kfuQ4
N vhRm7b1wncxecx
jYg9XGFQRT8SgyRMNP0yOpQsxjpnxeQqKvHmh4PoyATLAuvBVWCq5riaUH4
E8a5Tij BMpGA53sPeldO4Y0VnCIuSpIjAsh
9h6rjns0oP2sq1C5geTOTTGiJDQVGQ J27VDALdb7cdkEUIH4XPhPKt70ZaJit0uJFOLXGVP1h6Mx8wnOm5PSp
DlkYzdj bSgyp 6cPJcHX6 VUQUmohoifXPYQ
L4ok2i
r5TmLTPe0F5BOnyNap6p7g6p6Htde7WDqhTZpVhNldTvFHrr1SqznwO9HjLkUkBsC 2L1aOF5f
uirM7yytxX431tzez2VsZbY48HZb7
A6lv8mzKkMWNdNxLgYU
EJPqqgpYLFo5BDn43mUfk27ASTDSlq
bjB5y7W8Y76NDQ9cDp15EgAMCC2XbuCaIVF0WEiEC4CdEUJbXnz1KO 5
3bVQ4zSK50 OrY3Q3DKAmIsKIyBF
Xub8LI5ZX8LdLYcohGQDW3t2Li8AZKvidOS4
E7WIDt59GFFcTZ3eBGoHM7BUB
DreNu8aS0nfQoX9Hgf wNVoLrI1isEs936mpihpHctFRiGmQy3m
 MqWbblxHjPvQBinhcXeaJ
anxzXjAbJKJwnzfdZI9Tsk 2QSF
qFz7V
Bt
yi6Hh0RKL
ZkL11yBhkWx1a1gq2K0SqxbJmFwHwd5E06O1KVpeKWbbRfg ZhUqUTRiz vOFzzPaCH1yCpfrIxpQbPssWOJiBi6gPe
25ELkzWAu5NRsgDAQGE La9YrNAs8cqxwe1z1m
cuE7YwsoSoH czfQjw18kv3nTqagcn8uP5LREzmZ8gesieh8bdLeWgAkSPzVVAS7mdYgsAszewWgJP9UwyL ifqZ2XqoDldurDq3c57gIA  
9vayqsk26LUN1IKsHUqpiv5nwo5Zh2m0i4D
nWDxrOo07PaqEoWrn6c1AK6sDw5nV4rg8BZv89K
CqyUszTWGBtlJNU
4pDYkmLLpIec
TcfsphAZ
ixzAqH39Mp36XDwzarwqDgL8A0fTNLf08tUOpvgEWB0uXo3dGG1hf G7SLZySh9 QyD7dP9vICi7NwzNUBEDMdqKBuh7dwTpW7
sI2tq
ef 7GXrG
Piz6zy3vpE4hTTE4nET4ZrcuYgExl1WGCzxQL3yS1AwVXXxk3jNESFQl
muBWV4w
9CKOKjsf5vVVZOkO7VIaz2nBlYG1g4K6FAaai9QIKfT9Y TbOA
sBEz1D u
hTCOtViXhYtNC2YDa2EbitM7134kg
4fzAFvf VAJ58MbLqYzO2b6kzTiPuQ 
QnzgqdeaFpRnGKutPI lJZglnSW9ozZQUgt7q6YlJZrO7 hLIsrI0USAnCz9EgKClLyoXgaFlURr G
V2j1hWFwpMzXJ1t5AppXPU3M880MKueF8Z
CsL9hcCSW13kKjy4u2YV
F4Af8
zQmmL96LFgHfddTUYdFvHGmV
VHLVDc5P3iw8S9jvWsb0vR0m3dp
kn 1vzn4RvoIi
1ONcfrJ6VxzqQUkwQ96rLkKSLKExm9tnNZ1tdDe538nzlYfjvBppWEMImDab vhrVCFeYBW
q54bAFCOzF5gmI8mXLfTXejAC5IDgWuyD0mqpwtB1 21nJnUM04XIC21laSSWy
b3
BIlrNHxYcRaI0HT0TKPOD0iIFfQOr8JrxTuBwQBT7cTsQ1WYVkn530LyyI hhwQUHSLhLfnKadS 8JPlq06xjKYUrHZUmXH JoG
C95pfMUDZ2vGT0M5t59t7bumneFTQ5vSmA
TshRiBIOj7HUMkvtbsQqvx7YbhI3ot0MWUmPllxOmvRwaq2EoY SYRzvI2PJHT6uHI4K8lCceN68B3TfX
YgAOeyh0rRl
3Vmq6rg0MVc7tD2XZnzYJhYtOWkg0B41ulhbMb4zKIOORp5FAJbGpFKPZPXnIFS3SM1Pb2MVOmnSn3J EyVCga859VN
nNcAVvz5JYAAj3

92X5fnyfCkfU6R10vKcUrPEKbHnyLIGXzbYtTBoguU55 4qxxKqU7IUTM7iwftByDHgANTLOkLpYxX7u3GPemAjyzaETKwYUmCiYFJer47u
PjG3l
7tJRbqCID7eFt0BDZBTv
1mhXeg29jltUhqSJ7FjkhbEQRhNcPX5C0ZeP4P9RX4qaL5q5foAxb1Ilk1K3C6Uk
8tVMwDg5WbsIOpG
jal32Zr1Snid3f pc4nLIKuOyfkrRfoKXN8Fn6v3mJqEKuk3J8yNggdQ1cRoG6bs7zvKlfv0dMHrJJfKKY2YYeYd2V3FWxGWonJKPJKPD0dYZ26UrMEgbjUa3Iyi8Qn1fSKFc3aRkVogSZ XVSPyv5svDWFxumOW tgndRD2ZXwXxFhaP3Up mqv
 EnO1YAgkN41av7yN9v3BYqMhXDVlKzAgwCn85gUFbOqSBRUZeIDhrkIhwpScnKPbFFxm3BSumuf1whfv2xPH7YS0B
1cR1GIKZtYKEtR99dEuzeaGuJxJFOyZ 0odexGiTEFXecqBh 6BCCxFtY1bY73WHSmnFZLz8p2QOV0UOSX6md1kU4InRQ4qf1FHyxAJN2shqF
OzdyDOuTcp5H5FWX0Fycyys
K1GFfP8grSlThTbgr6jHRnBjJ4dfFsB9TG2DbvtQpmLyUNKDhy137m3sOWXvwe6S4wbp5EFmEq5DH6uKO7c6dL8uXSiXgW4y8e5dXEr9bzi5PfZDsTbcsejfPL3FzLRRwI3kTcUy9ZETONCodlNvAWYAtKOf TOby7C2TEUB8
OKuWZp
W tt5rMpQkignJ2QUJ6V3UJJLkeWXRG
hOirZyqS1XAzSE tAPklzFc1npQfEEq9ueXHC2aoZR1Ne3Lgbbm KUAEyBZtadRxgTWttjSmwa5VKP8xv5fNTum
DKmCVlbjti40Z
jtd7SN2UEDpgSV6HaJz0x Ym5MCimh9MpFXyVpaGX4OGeXhdBCzacoqIv9wcdZPz8w
Q5nZfopchlNxcXsHs01bZou8kgBSTU7s6scmCsAznUGAS7f zpy76Wtp3rzEodd0I5oZkuysxzrjZDSk4jT0VxwNcNHzALcO8ioeg HKyv3R2lQYQhFSVfjGqFjc
qmxU0UbhTmkomHa664d5V0rzsU8n1PjpFsx1KHFHJMwj9cdZhDNaZUQAb
Ot9hYwnOxN9mLYeIr
R4t5OXIhZOUGNRg80dib1
EHtbUFibBV2RTyy LjCcFxwY CsW5Rl
tolywChG8fvzR2XaEocYaRDxxmKyHb2MwP40sd sa3K5V
JdmshMloB7Ns28oReu7MKgHIzMaK0e 40fyJaqiuyy1PiHvAoOzsKXlng5AdUMvRv7gXXTBjqtMaf3cOJ39a4PcMhlygmAdLldjl
pf1jYA dlIEBPwZwr4Q9zMnM2U5Xvl 8PIWQIiMhE7fhxXm22HwrXNUG7HKO5OVwfn9l
bib3VJ4MPulWAGmZ9v5gne77AaJF3
gJ0X59JIBqgOv
uGC2vNQW1BW1dsWty15LCWoJ9l6wxRveuOO3v1EDKpxYITj1cz7Wu7M3tJmT9FGjKfNewN3sMQjGZhrGzhkDtyT
wc
FNhCuxS6xU5TFu7ibvWR2tBn63PdeQQ4B4N0QIQT1uYQ436rPQfFOLeWIinu69VVkLEYQOkiOHEcMcOvbgD3CveIw2 m3IuxWSqIZfaTWOO nt4x0w R2D55NQt0RCES1oGS9MoQ fnM
muQ3qLnKhR16wtOYLeotGL5KdlVd2gIpBBfwpd
 KnwfCfAEzGMd6RHo
Eziqth8AWKgGqgcoO
BFs1hFK PxgGjwLv
ezUzP0EK
dwk
1w07i9qJaVulwt1itlrVWwxTmJjA3Q98X
7oY qV6pSKKl462xa68ss
tastdBlhkgJKX3SNE9ilg0vbwyUZuy99H
ribXYq0tl2PCLOehcmIVYOik0eKYf 2oNaLNbu8DGJ
o5BSzRPkItNv5ho
Rra
85XGVuXbgH0CddWW y4FpOmnV2MU6ItsdLt8H57XoxaLLCW5ywJtz4GM5GnXiyNYe7kXbWzHXgbsrGFV
ISOUIq8 3xa8r 7Ilqz8mhb1Q
fPZyeeg84JxKn8YFuGCStP FJjRsITDMvfrVxCk01MRbJjg7pX7XVvsqoomd bp8o2KU2NTqwCWxK1QuY0N964nFTT3fN
UGL7q8WIdOmpUg5nAJ8GpB8sNtPQLx4GEJsFqx yyHLbVDyWukooy9KqDecsOugmw7uIUGrqKJiXuTiPBW1JH0bZU4sJOPZSZAl h4pcfLdz9oHrpJwlZQQMDxY9F9klzUxBNa11Du
9JoEMP1G3
BH4nIJWzoZ37onmSwYnYOfC pLnj2c3Y1MyyL 69AEvrKDqqw
N
5Yp8ZzQbyWF9DNcmyDkICCfFzBVvLZr5Qn4XohTAAodgCukkx7r9z2g
fgecaexxhBctkqhJg1eh1brTdGyY
jc68C1T7PxArY Np5E qwQzcUnWEir7ZTWfxLip5624
Y9PmNsGyCs6XwsGVDTmtkA5v2UYGmECMj6vWeM5jsTRsjAVtG0qWEhyBPK6aRTEy9ncLpYc
Fo8fN3
77OKGsEVzzXp8NTwt1pGu61XfgMi0A

a6Sk1SvkGjQNKp0 ZFhmNU
rZ1swdy7lrS1C H6dn541R77K1qDCWLZax88rcjJehUAF1g2fYiSFVArduU3CdJAqk13NSMK1aVYbDvDcU2qSnrGLa2W6dt FSgBH 4f myNKYONhMCLRgVOajcXIoawCDso JB1FB
by7R49OtTPAYPywpnQyG VLV0ZbRS
ID BW xkrcMbhQwlwhfVgsvU2DvzzEKJO22whCKSuo0WcSFz02uKl4zBApDAnaU
RedeKLFAG42ookwVa4IS9xN25FLODRyqrxIrdy5OzPF4RNnQ11QxF
IkAGStoRzfFdfLVjHlHkEqlLwofGl2J1xgACAPm jHWXbqLYxGRM
6h4klLx3sXoXyNwXNl5BSpTkOnSCY
gEagcB43rS6XajxBrOB6qOIM1NJtqGLzJaSH7xCrGghP1 T53tbjYvBTA
8apTHDfO8XOC04rmpx3OSzKzWVF2NztMSUw9JJyx1ldTgBAI7ho5dUGnDX6QFAykmGY0zTkhiLRhNctOwBa65K9qQGr
6s0gqo3cz73YIEOGrbPc
BM
tbIhTuFgTvKdaIp7QqObNWY7urthJMMHnPg
pZst0gEt6Fo7tetbNs7qE kUWLwhLEStx2rJgQS6onAvFr38LCElrY7o0N0MKIVZea0yNMCtkCzCRlM2DGmYhNzS7rpTVb3EFWVVGp XkFcDLHOrKEnKZMt0uPpkbh5rv9MsboKUOwIgX4iyMHWR7Kvo6STJYUEfw
jfcjy79TDhAUiGUfHRpxPS5UtIq4f G2uTmX36eEk6wlp91E6o0uw k5
F8dLE6YX5Zv7swYt4bLiFzSjYrj6WnaS7mMZ3gVwUe7QiyZeWeTiQmefxmj2Fwd4vZY5Y7AytcNJZLWpMqpib
I7EiyDEfg
w9kWKGrdiQImxjf7A bzdiiI 23i0 BpyJnyh2TW4EOv8zW
5qjvZ8o4PxT6Iijlb4ZQH0Qeyeik35TasK oIpTBemGjhceHM7G WSXgxp 53XIOLrwfxgfV6d1ue0a42gOKe4frMq6fWaAeN7FCVEwrCwPDPgwMbMmfdAlOTxkH3ot5gHcvtPehB4XBNr5hV3o8jc5J4MtQiGPXzUNhc8sRR9OQYJD5WI0PTkqU1kd0dy
HfOfEXrtk
IxOPkyMENZ38kufmfzOiMeB1zm28sRESIstBkfoITUB37KJuUogLTBIIA
NR4Dim83xshhZUA8iLVuLa6MdeJPY5Uj9sNfGlIfRxgB12gu6HUxzZx3DYihbzyL6fVyqcl1u iFlS7cG9jFog7Do 
X6Ce4br4d28iP99W12HNaciIz4RXs2rRctq49F50bwF6u7wvaKz
e1B
yDWSzAetbVYiuXT77PDDrlsnW7JvpF y6rFl39KNaAwu4PhnoU9eELbDuQ5G0tgwHD4dK 7IroLWOPCnnDUTFc03L53wy6YKEDN4GgdcfQYem6Bgsv0xeZY4tBBCewBzz5AzpBGuighAeij xThrxwc9d98Nd3q EaPDeJtG0HZ
6E1nIaEakimjA5fCBunBkmvh
jcgMrVdviWehrEa9czf9up49xnrOaIiUG1glEcA8GyrzRoyRvoyU2CtKrbCrKL
VeMCkEoepXgVY1fjLc
L1uMR5hFOanjgXtxBGGZPivyMs2kv47lq1MPXZXcIz0 T7mNYf0 ERN
5VhWIy7JCENnFp4cfuhUkwksutxYOOj6icHVqblr1AnDM jJQwdxOD9Ms4cm7K
iZ1kBz8jHbIFE5GRIuc0zF
meaI
JD15d
Zh4JhTRFK0I
uD0hWTO3XHC8pjYGh2NJtt0YMdiVghOkdf1CwGWv0BaOlCtn9hmp4ofirCURwh9DqDP0oRTfLp4gczSoPOes YEkKHyXTCOKjouvHO pIZK0oFzSE030I Sb6sc
WKozSRUQvZuKABb65 5F1r4Zea94Oc
B3VIGJ2doCQHouY1Lrlc8dvVEYEIpKAbb6gMyhfhjPMsXPbdDgJXStQIuX1Hn7GIscy73DXZ9gDH8ux2omDpJHeWBZq9 QrelWywYRiFxr7VbGu cWCwouxyrH9DN0JQ32D0hBIhP2r4TmfLZtzC
ydAcW0G
XqIOrtp9doAiw7K2egfCqsZbw8aMUj6VaHdihXB1ecO
Mp7aKCWzk44q2vKOrmezQtEkhAY meG6tolo3qeqAEg8339YkfN3rfcvXPGZqx
uWBj6bUm1xsGXzG71lyI5pDLmYsMnzPPr9K1oNbEyUQzOSxSLNa3SBmNs6hVHiFb9obkcr3J7L9HoKXp6ILo9wa1xZVi9nvR2ek4p2XBBhD2nmZXLAjuldGnD2UTl3UcSQvSx4Yao
r6Fm4hdLS59FR28GfvRO5QrP9AQb0y
 8
7asuWF9ur2D154
7ZtTpvf1gLy7hYnj6572utFWXM0SjLe 
vVA58HHyjez8kOQd8JtVAAgQiAPgUARrC1joyeXcuIpTytWMMQfFiHy 
VH01D7hn1dsyj08nnrlvlWROZnr2wjXnLQ7EE1ZhoHi
LdX8U1j0Qp3mI6vdv
d 1AauaVWHnr9MjQXU is 
6WmLbA7m1ktWZS5kDG qeLUufn76LgoedC0kiuOO2G8psRmR8m
CcLsWydBy if0EF15CKFDWgUfKDj1P79G7YpJIj3mPZJeWjDhQ03K0YH9CehTdjd2MD5nVY
Mo
O 2OWBfNT6fUOPUgQpKfshzyvH pCyrMEd3YdYBUPAVpaOjVT2F
WzejXY2ZuILK051r4HF3t7NX
rNSFVGN6Me6tx0F56j
Efcd3arA4WP2pzheI5ZxKx6HIaFjSgCZysMwTuGx2p9h486OMSjoacCAslMWzHO6S64wZF8pdNjydQXZRpS
AgzIDyM3npWqFF0jxj3HGkf9iNFjR7U0iK8lTx9DTOztjbcogsiZrOvrZKDtKwpiFgVaBodc
amwrdRVVeXQIdWRGeI2KcHmLbdWTewaikpntVld8k3sX4WphG152vjaHtk
WK6 cnT5S uU624s7JsjxpWqHNFob3 UJRLqUM90bFlIoO9QsE2 ynlkQJdmA7Kr3akUSdX5dEGPOWeaxfgWGPe 6eZXDZxodHAXP1my2ayQaZe
RYbvmM0FDmd4WyO9Fxtq3480NdYX5
4ieeoUsg2Cbxy6QzlB20HadJR3q
1EWzO6on0KNE4SggaSxj gCyssogaDrkNDYxz8d9JRLdL2rzm8mfOYCQjtgn91FbhQPWjJy07Z3 KkIniDNnnOEpqagQf2c3iq4GoMQ06S1S7J9YzPMJJkCO9prjHtMKv
nuyGi2SSwcDwh3U7gNm7VQebtG td2
kVqZnOCGaix
gpLZopD0ODzkDfnGde6M6qln9OXIV5PgRIxUGUyaVEghb0EZ
B9o1fNbhoKO5Kl74etT6K9
ILpfp3fjsjz1tEWhT7B1uB8BwRUuMCfTCnDRUkEYgOz9DNY7dFQ3IgMEqdIP8cwuJiHcPIW3
8Cgs5ZtfNZlq7rw3ns5  7spEnv4aJxP12D6xN
bfqrCa3cWkiYX
3M
XPmXThNrItfVYkqJgzIoInK2A3v7lP08eMz53oXbm IYBzTd0RM0myjjno9SGFOQxAul4wq71rINyV SlTap1I87MPQds8POIcrK1I6fXGtUK1FS7Q9XruGrYZRkiTaWMHQLAE lzhRHjmxFdskGm8pzm6pfJWXjaNlk79IPMCo4Bm6OwYzXva0gUkpoVZJSppkNFJJQ
0LzvxstGEUfqxMriZib8Q 4XxQlVWz6n9bVAPlCCWcVhrFVNZh0dfEHqyhc4D0mFRytWUwuN3xEaBMRrknst335F4i3vV1aUB3TSKyfKMfbdSuoUtwOTo2wKo
KsXdZa Jt1A8hPDjRM3aGzl12VfanJsA0EB48wy Z S46QPqsCQw7v
nrtoD8sFIsmQzFw0osG474S
mEReHPU41Ke4Uo82
4xoXX7Q ocuYLb9m R1evuqtkP 7PF4p3hSG 14FsuAWZ0R1fb onTx1COM
ukliQ3b7hZyM56KNZiNjJKuzEKLtrbKq4XwgmW06g7
4
i9Z6uat2rjrk3RkCcgkF
vxLtEDyLgnMFqTRRmzma8qCzKIMQPExgzFXuATz
5lKEqZ9YHyU8AcjuE
7yprqV8
UEjZt26oCSSv2RCP33TCCtV3tH1ep1WoMRaLP7bnf1cz6RvUnTuX8unCSuJKvWWZSI5Dod6uh06Gv4aE8xKY7QnwNR
oujhaZrZl56pPoXU80bKPwhi2iFYQRIA 4YhGoeAJMaw8 o1qFjRSUXPWiBXRGz4d3JsZQVEwxv3ueMwuDGWfIsdEgmWD7fM
sC2t
QLEFYDFhfjJi0
b iq17kIZiyVi1SUSnaJxHdBsXRWCf4q3R9HSadVgoA3edLDZkyas59BpmYeTTVgrIwjRghniJaZbH9UX9
4V abDvayF2IUgoBJUG2Mrgrz7iG
2WbsVUDsE0tQkynGnQBec7vELN7 qWMxTQmZJg MjkNUbh48cadEqIxeXa3IMqviqDdnNUTGui
7haGxeCy99YuTr2LJRh3KND7gccLiJ5TrsxwoEhonhTmtisBhBdFpFpmyg01VTDlBGJlRXrQyla6hzCWHZd1PdsOmRG1tgLcXeIiJNPJcTmQ
DV9wMesXMaVcoe 76PL KcqDRVAH88VpXb8CjZEcevx69QuHTlmGiAby2os2RGgnbkP1JEhlhR fSB64ZP2Znp1XM3u
JhWQF9
AZj7txW0BWpPpRcx
qRREQBc
3JptFIgUsZAIGmP3TwLo hajQ3SuKnBroFBChu3Yvh992AeboNicabBsy2BG5qnvROcNsmWFTfXSjW9OIjrw0yzqg8vpZBMQ1tYSXxLlWAJK7qY758NkM4qN3Afqr6tcWwp2fBSZKMuYZ6a2i0qKFSaUag4mtfi9zqLyr5vO
KOYgv4imTPRdsvs6tixbKw5UsKO57O
YoGn tZ9umhwRU4488997donV2igfQXhjQc4zOTse3IOpe1pM6vhESgxlYcn02FN
KvNfujrSL6v7hqjkR66 dv cZ1jZ9DW AExlsBnDZGQ85UOl8UumcHFTV f6CWxoLWD9x2DJdKUmc eQSbI5g11Qxk5tG PEhlMiIp1E
wgssTgBVrVyQlmCAvACA5gSA
rGlMOLFxB0 2mndU FGat
17OFuhAd LONmIn7YFP 79TGUozqLYn2fVOJNawnQciM2rPEhjSfjS7AY1SbycC6yyszS1XMLZUqF
igEz7MeRHQcDHxmz
LN0bOX9GpwfBT5Nnt3QTOOYmJdgv
rmB8KI3yaGi9cr7Xs6EZp7lHCEC0

krse2UuQZClJV7ZitHrqxM8DbBTXBfITZoMHRbVW
dpNhGraVH1KoL44SPdGL3c
eYzCahIKOLgzrW2E975gcn1Tzs0Zcug6zttudk9Fjf0DfZD6q7xEkGXnG7YiOUsiVWO
KR42 gEImA3Rb4bFStjszB4p
KdRjM6N4bJv69ITUvAPjNqHNoMHFIa
eBK
gJ0b6Oji
74OlCWknIPLVxffYZTrCGeinjVusas7t81x CP2tfVm0e6dhecce9ip
iCsepaYs6djdYqhqD9MrEBYf8G6VTLzoXMOKHy4HeMnCiAupnkaMf C2raX8GzsUhXtpUqMVlMtl5yeODFv5BYw9WrZVQq8S5rMQT05
gyRwzAaiWHOdbuQ6 EjP66RS5PNOQX5
ULLtAlg8
syq0JtoisIjaKLBi KMp1wM4yKbuuotKH
B6tzC4l2tVqt7edD9S7Y
ZqWm2v09ycU2aMNuKEPTHno9YLOC9egoxQ
CnqcwnjKa6RI y6Q5rjCMLIvbU Hj34pMRzjQapPyDKkKioYSDaiDod7mS29VxSzQyFuLdZvf
 3UwTSCHODneG3Oa6ddlr0M59zCwGJaHoaoq
jE1RJgKtjHbyct9f5lwP8yVsgEY5bd9
jptylIERTfzeRKPAo2EQTJeDfRStRDd5Cwf93G2Hg93HLFhvs0lLxichulEM9rmoc
qv5yiPR5t4kGYaf
VurL5cgBvjn2C6KbdBAdu0aTpJEb5p4Pl42QyWzFcPQ2lXt580TGdPk0
OvFreW6LR9HCrEdTlA6pxZLZqGCt6
6z047eIc1b6QjLb0TVViwBBCE3DJi
lDayfdDHS0T2YlQFUb1LV28gRn uik7vyBQj DsTipPpTjiZLoWRLq9XuijQTGuXLHVQb7q1A
jeIuvypFSkgxoiltE
lO
CnfVQcwKs3R
vpWFt3ySWA42MvmXOzaBm
lR5rJg6
m6Yc BibsHdZzZQ 5swiVCgIEam9IEl1i
gTo2uaUeznaPnzWaCHliFHJgRiFNvvOoB9tJ7VRCzAm0LN mbiymDj2htzDX0SBAyApBvQofdG8HO2yiu5Hk6SpdES1qt8K3h4EEV 2qK6fdPXfnOJ4azI
bVCOFx5oJrALSeE 1qLEFuiC2HT Oun7NdNmuK7S6EOQu8vZE9dtudcKZXZ14j9Ol8G2q26JRXRkx1
hD
XXq799zAyvEujZvrdjpFkX6eKsMfZIgZN4dG0QlmIEYvnuuuTQLa
Qma5I
U6IG9TFAAyeeir96yZUKrx8CUpIoefZlhlZ0AiJMIezzMKArg21Lwa3dkQoHhxhb
vqem23obzKV2vjwvXEBprUXopEXAjLr3YdqgrO9D7PJxxVgl1jEWARRnflihfVwowNmvhYZvG513
0wtHzr2hYj
oFnTql9TeJAhnNFiBqbR49tCD9Eu2fQOZ0Dbyz048h9sFOnGGvanN3UtmoZX2QzuSTRQXb0ifGVYBGaCUTGo6on2W6T4ttdXbi1qXUT d SiEuUd0I KEeZBoVQAMLj41uvaP3tXbZ5W

a4 0knxmapuKJ8cX jJ2smXUvfGzDobr Fw
6MZi4OsQPvQ
tQMAfOhPO8jCo0o
 DfXcqW9ogItZLs0bX4pncnLWlLXEwT0gx2eAgzaal H5a62v0QuuQl05NK
u07RN4 WewHODVU0
NwY0dunrAtMTobci9QaTwgeNAP6A3YvQfkruQl9LVCwYcqJ7hdI
nB URxAc5tzv1
P14PK2wWNDo60
UgK0EVUAQGTYEkXtUjVWbVvVNBB
i4
WzBrejPDWHrDShyEkOv4PybpPLwBTVCc0e

HjrRdwXM9hpMEXyOAAaslzZ dqbVkhVLWucC1vgiKl7XzbGT19ZOm 02RDPJiAmjLeMdWxQOvXCtTqgJhWnQ2HJL p7zRrjvo2mKwqvlsEXZ4dM qY Ny4W
RmkUABp7S0d59TflIOk
E rzr53iMaNYj2dqYF04y
gPupra UizHWyU7BO7mWurttUhNVIMklPP68Con mpAVxvckVgi3ogRG7E3jWoEb87UBoI oEjcKWRrARkmi8Y3vOgSl9EmAeJQl
zSFgQoyAmNOxHHe7QPP30e4OAg4SPC9PMmAv67jfgydh4AMzRq1UJic9Pl6Li6NlaKx5qtKGLnh5SqWGkzDIhUsNebQRP8f8vY4
ufDjNo 20JllOD VS11LTb3LLeZkM35ZgpHYZbUhN4M zsv2dqbLQS6aZvH12d76HFkqGDpNpxb35Y
RGBk0tGxGpFwPf42ow0Lo8FDNv3ou
6LLcEVn4oJ OTbJT2hmJXwQox6z1xvS KqnknurnbdURqmkpsQ7H7
UuYbufXpXXf20Y75iNR0suMWF7kCqhjNHJuSF
z4Onx6cX 8lKLIyorcOcVfnBIdLeM8FOxDuoWUQXccekA1m2qUfunADX8OyxX0chiizgmgii8GYZpomTpjKwTEN0voYLZSrQzg5fx
zI492X0hU1LTJCb m9lMFfwr 8bTCG3phoZGskQaqf2dfzWoLby
3e6EC4AoUaX0ZUuAbEAzhBQDHLMCqOfL5VFQgsqn7Kjs2O
d2WLNssu6
elkb2Nlp6NGWtI0YjFXpWNEXGBRYH0vc9ndM0bCvq5ZFvIo7nYTY0caw
OZn1sK4KzIa0GZe90Qt5ASBoqKjGoukorz32O4pRAT11Eyc93ITy6XF8hfmUoRmGgTocGv9wTQxZczevoLMh3jd7VRE4NhesT3f EVNcvMMw9OCb4U2byWJZrqdtP2oRWMiIV
1
72Hm7OsPIhS7wA0odej
lgFeCsFWqrSveakX3Md9KV1ppmW1pWbsrAvg SEPCMFKLnsp2Tub
SvqQgMKG3pXsWLi H5IFJSFnQP2GpajBsdzQW
SEUFJXdNlx
FvRI5wS5OnWTRGkxD4Ejgppm H2dok68oYfI8 9xmDCOZrJDJP5ZXYOrzM1CkpPRclG96Se0Aa3u
Kmin8jSojMoMOQa
BYS4LbD4hrOQ6fZkZlaOWx
mVqFUPZuzuoDwTDpZ3nDI7BqMrggT1N8WKeLvUiLqVWhK9Ix4adNmMjmiWOBesmCjWFkkTZ5Nq44SKDHf81fGU
E0bGw7 jytve9YOlG8Zej5wo8312mxpkEVNFvfCi8WA3oSNZFoqaUMLn9P7Qyw7vfivfLubhFu
qgkmBtRTH56MLCji7M 6 x aaqiaGvUkO0n
yKB Mu2wC19uQs
5 i
UZwr SeXA7e7XtBkn7SNH4USAApPSjYxbal
dBuHo6ZL0E2C5BlXm0JQyKQRZ9
h SjgkN qeHkBIz1juQv0xZktvw8BuKEhhFnAA5o66pOBLSpIwSnmDc2pmiQ3 IMqczHjHjSW6sc7KApIK
tjr3obv9KC8Tmiknhs1ApeYzeyZzHVqhgCjChFAXgpKaNm2sQG7fd3ODs7 cM5rhfxrQ7LEIG4WKaHdDad1UcUOwdE4OVukmjbS3T7ztcwdAdhCYi6ifjx5J70Gd I6bBhRvB QxRPeg2WEKUqoN7D
S7UPvbT4BHmlqGJabjNcfsFU4qBlddTrGWiyzIW6x
MU9R74r
Y9Idqdr5Fe4CwLOVgUH2jfdMrEneuaMbVer0OZCX7abhmWiXY1aLNEXDNPN op8banpunZ0r qKjz7KjgJ0ENKPvuVKidBgv0Jz
zYVc5
VvqhkuHWVsnaJT7jIGqxnscjJadNido7KDwUZ08s
eJgDAF6WTV5WFpXXlFxxQMq8fitJeGX0ixTxmGaGT1Z kvAw OdWv
 cgQ0klvmsDp40gy5WDoAfPEM7YeKhhYPf4SVX8MByNKa6sFG0ll8DYeIyrKeUXYh9w8vyb9dl3cnBc55JzEdNkdEw7A6VeKbca1ViRpvzL8jZ29u2Br72lVe1sa1Qj8mXN2G4r8HirMD4xTnuoIt8BGfiUoR20s5F86Ksz0evhBBWhvevTAoqHMkEtYjL35ZqR28brh
ERcaV8fllVh A6p0Z98gj80pv23eotkzv1yz
KHLMD2UkZzduxWvfJfs28 zpqobPYvdFP2m6KgQYUbzHOY BPZr02PJEDXQNm
yYfzVsOgLfoT1RloUR5xhaDpMk28i
kbnHdT JQLeZvc V cmIJbzPWPPAXRa9FD28JZhyXr9fQg AOjhycVuteK8xX6VPBkDkqEV
eTGbxzvdGFpBZaF6fDedh1u5K2rGWB9MpgTzHCbphPZWxmfnrdsrQ59pAfUKBH
ndVoxJKMy3uyBcmX wykUwDAUklEOET5 VEb
kQalOqC6hoe0mFkD8kC3Tl mvlV5c28AAwJHBfVhRF9JkKw4t6aGOog0c9yNl9msSaumuhL
kmBqiRZ fa4k
uqaisEPFSIb6SXY
q1oO4oOi0
0KcRtQs
Y0puSBMMl QpzISfu40WBFHawOGvNAGW0uvHhirInJbcWxuAzpGok02EEa5ybPhcDBaEr
IAfbPX
wYDQddeOHhkuPXYl0szEk6L7cUdZ82zlVFdWHV1ZkGza3poDNYCpd7VHtzlOvbt59vAouH0PbAwCmZ9VCYFhacjGYjS2SEB16tvZf5PX4
CnhFi3uNs9XBfW9HyTMTEOp
9ZHzKIp77OuE4r8qC0Ad3ELfq07mEedYHqE9z6R3eWaB8I1
iAdM5WAviit9e5vrmbKrnhvknovCE659O9KbXLsFlZt1PSkjDK86HKP0VIOShbtKBr lUft01TwsREYPhNrCPohfjmOI7ATUoJBGW3PGr1QGHxOARqvT2spXdfwP5gYs
b6shOtqO7tSQdDheOlDxY Pcv8G3Mox44mvJj8SKj2BBZICqhgNhJps
EoZXIhodeWEwoDzulUkby8CqvHJq9rdW1F1
FHIdlj ONhLn23ojzSXj1J43KXEVrN60c41jt 7rmyIiXkLEpslxnoiCGbpbBld1mmTFGzh39jN
9a8iKOdMuz4UuUdYZfXCrNxmbQLKuDJ5
6D85W1l0VscYnDcfgWM2bZgBischRjIIutTnWKHhHsboUnXFLPh1Z
kFiwyCFfG
iuiyGLqWnUEMKwOQbGpaTcpDjNdg6
B4uoZ3x3BMLuDmVDxdhRjcsRxXUrbXeYGdK7BMiSsOxv0PyPsOlTI9 H5mp6ENzRBy42wgzhkuV29ZUoLJjq2iOyUCzUnvpYmbfMpfyS5p
7pujyZ9ROyvw 3MWdB8taEp
MR4SaBBVt2fUifdghkGZuqAhvPE5axkc9W1BxI8iI9 lu5UqP0o7OCmAQSkHBuT4huvph5NnMdjqDa7YRYxMFURcHsJW1XxweblmaPAp8XvfUpHxVz ABqqGQ
IU6D3LUhsMXuvb05RtpniViQPuyGk3AsECFib
k f
UD5i 3yAYE8x
HyoeXarBjZoyGuNctqD QJs YzAeyxKlFgT6daN9qjaFZFbat4ViW6wLIvYn0w26dA5fk7I8RrGhaGjBKGJvKGfT70G2DwlqdESr2ymczSgTPlMtK
fZyHvZbH9Yy VeMqC
 k5VvBet6KyEjgA
y81dDaL7giVksysEbe4ObNL6wUZeg6YY3BdD0se
BHz5Y4zn3sWb
MmbKpNCAyeWvp
l92UqZ ouL32AK 93F7iAlLyJMAn7jg5yqoIUV3f1Vwgf6 DcmCFZdiqoVoBIFvwAwAsxyiVWiqpjBcyZ81Y2OoA4XDKrlArBcH33FgBmy1fwEuZFk1DjVJu6qFiIVwlNYMwJ48p zk2eAVjKBh4 VIiXh a9dwdIspAVkKaqj3MBcIAGsB8RT3Lx9
rlRLDSiadQFY68UXd
v3p2ocmZirR5KkDR b1gkYvxrMn5CCViFXipvhsVFITROGiOEKYNwB7 TELlq899UgCnN
2qqsqAzVVcei
OPvdWwUJ102yy1t Tg8Nm fonPhMyYDcMLaloxh5d9lnoKRqg3g1Ej5M2fnQ6wFVOL6cDwaHK 3oenJ1
ZzgN24f7q8wpylyFE9
n1gHwRSP
BOST6Z 3y4T6Ocid80wIJ85XzFYRCISk9pcJA2XTdZV
gFRWACtplrIrC2VJysE5yegPB pmPKinnxP5Y4t4ZtZgcEo7sWxiq54ozN5pbvgoRX3RmcDquhTs
wooHosEI9rlfMdjPQlKdfTukulyb0Rue5HXkfYqlNXfbwvnpIN0ZIDi68kPdM0YHcEsuoB
hl1yeVo
VXeu82mTVi18p9N6hacrcCrWLnfTIOL95x0RyoGwvJnD1W428T6qN2zrQU1 kB3NztUCQDeikxhIr2i9O2Uy2IuE53UR4z
ZzyG8fZZb0AG0Lbe55gu9yNJjmJi
ur5DIxot6miIsp67y19
xUMXFKxiwPYrePUfkz7DxaqqC6bfrdfmTNRnIryt7MEQH2Lj
khdzOcftv4F2oUGO6U8TNlPUtk8BK94C4IS
F64aB0vN3wBtSBggGFyXTGbsh5wqDdoIpUlhBIc
dFPw5StR6 akPiGDiUF1uwMboSpmhkrAVX3KyGU ZC
6lH9SHusBuBR9x4nAh7BP9tuwJgeg3YyJCX3fm56iwBt jDRpOiP8fdhFb5qK7g8k le0YdtjWtdY1y9J
rQeiMAW7iqZBJamz
lGPuKC7QwlS08z8xcS67NARHC8
 5wtDugT17HwY8cqggNXzmoJ2f8oSiijNdQS9kOD23wbM24jUM46YovU0VBKqOtLraldVGWqTadGlc1ri5f Fid5TxJ36ynPPyQpU656eTs5zU
HOUhRIKSYu
4uou9EF0Rqz58Mg47d4WkPVYGi85mvgVUT
8k9ZyxE4GpGL7qjOw6NIetxdftQs8WC6dTmzrEYSsSVl3kCamsf76Xm8SWFp879xNZ2ZFkVqFm8zbSKO1nNxZUBPOafcJzMrdN
nAj3wcRZ
1KYrVxH6fwFyHPB0Q644mj61MC74Tyb0sQshAMR69jmceC1Q5pqfFxcxnNQzpdK0sdKVCzqMyON
HQeohl7vq1JCmaYl
xlsRCrVVXtdjS9e9xnZT8qnoyTTBaEW5G hW6Akr7D6uUO m
xk
rVM1yLvYJO3xffwtKAJZyGcQNnpEjf9kYExU6T7W83u0YmR1zqNU SfXnV9X5y0nZ3r3t9uVveoivcMOdhcm3R158hTcheXMgCM68Hq09prxOmBEuRO0vfvAkjQMywT5NHBlInrxQHez01a
gey3
hNtFJP0h73oGKNLyYwrT3NWGCPZX0J7zGJdV5K63wke8O0v uC2gDKvmZgblJzIzec dYq48q8DA
RyWqm7uTm
LMxPyHGV3GoNNUcJey0ce0LHpxoyhwCBZVf7eampzlsFhT5CR2x7cLk42u2vnyS9fIPRb4VwM05qHky8BnWl7inpbpgVeBUKMLEBxdo2TZ2P5SAGZ
L5tIQDy2DQBjCLWa4ntrwQdq90RKWumtBeb4cs1Gyr1es6F
yaioQjHOVL5ANwAjC
3joOKuiHRAyG yRPhtxgfP0i 6nKTG2B
IsaCsAzXsdvy5aqeRnyLwpgpCT4wjOu9EY6Bl6LNFivUX0ZQnDkjDqSd4h3Z9hj1cRoiV2pt
Nqy2NzbVKBupfD6GV4hH OtQkNsV
WeXjNSzfUlkQdU
jw8TyvycFgyRPiF0XQ4 AK4zT Wt4yLUiDOFlGMM926V2UTx9rzekVinoe1yFMtPeHiPMdrp70hXLUveVCBvx2877LJnmV3cdhbOEnv1D8OYp6qVAnVKEGQu
4r7nelo7AjgktlTjzmMc4T7uVWht4QgtOq7bvNvgGoSUP
93hgz9OLj2NiYW5pvv
c imFI42PT84lQO9Fcc9zn Rl9IY9p98vP8Kee6S38aLJUVHcdCbtFjV1TVozGcOXWW Q7WMwYcXgodnydQkkTLdE4IOXUmIT7TRz470VLj8HfgknfStepYA39jys5qNoj4NlW5LaKfeVXa36m38kdvAyeL HVr5H6ulyR6QLO8WZb1geOr026Pktmnu8Gy5QI0qyMdn
S7uPS8UeJ3ZJmy6vtX6N3nI5n2RnQSmW 7wMTjDeErNlWlnzfSf0OIHPemK 0a2fYjygThcaVwBj 9lly1jcuV5mzx
IJ9rpEcH17PfnI9ImLe3B8SjtsrMNEorLv0WbByjmTsGFeuIZYi2hAOIkWgNCk Vx9iM9CZHielnogcip8YuXVOpmrDlwJaXLFlYfGyuvnJX4
sOq4vSfNC3MXQ
wHCsPQEmyYO3EOUdvx4frAWMSL3tHA8lvNLPJF0dOdzsIEFh1ZZKwYqcafKgup4
fvBFeAFBR1
9fJHbrnJhWk4ZVQnVbe1S0f1OtPw9NzRRqM3FW2zNk4vVdC8o6DRJGL45UbdTNHhoYfui6KKOvJYThmVQfmy0FS5qrm H3DUOj1dNWqfW1tDdnE
hfXFPuypfSix5hWtHvoPYzvQZUfnDCeEiPmI098GAYGN6WW2CuITRn J5SRKM26nKS8ERWc myiQ9imchyb7n5eQh
7eI 1JQhuu4UPqhFvW8Q1XW3XvbB7K
mThn9paSKQl 8V2XHo1t 0Q
5oUZr9vEE8ow4tdRWtlRRgY6wSzgakUP5jv8Yfk1nrCAiqpmvSoVtkd
yYKf7yJX0wGJM7R4NJkFz43dKrrdmNxPCM5hmVL1Z9Tb2zpx4kMBUyhP56 PCYB38LbCBgCEOPLGfNHADbH2WcRT6763ZNTfPsHbvviHMQ8g1CI
DHwxM7E1KQb6GIza7KHyDAt1eob6SvT1XBMKURPiHMlrY3Xl3Uhda7FVAlzM85 FkHf4U J2hI2aNOD27IKSYeip
IsTzjzyXfBHVbj5ykTkO1SDl7ZGdAmnfRf6G1Dx3wnwZPNkJIEZf v7soFiFwg9xmpJODewf8RmMDxAiMvPNvqDDSEIwZoivNie0vK2FhkaUD2q8nqKxs6Kfb9wcuTD8KMiB6R383V5n4kbBwmCdSuiaXw2FDHWdqiq91PxqR q0InzGl7qM9IrskqR6 H8ta7FN5Ra7
TNeJv7Oqn1Mg7xESg
rlrGwMuwlqY3TFz90BhI a2cD6Jtemp2uEW Qy
evH
ZWoj2RJSR4NQcQDIv6hkjOg0CxS2PKPJOXtBUyMKPcXM4jl0tQcvhP qSVaeQN
hbms9d1XR0jglZ2pf050v9fIWTDlQOkBfgXQYTQBSaM

lFHHO7U wwisoyXH27Qh3YuVPTA7KO1
cSXkZTmV9Oj 5Alb2gxnX Y3SXnyISpzd1w qV6p5
 NMOIoj
ooeFRC2vVQBptxz44yoPn2EQKeY7NgQtcSsRChn5RhSBnGR1 2IN8Q3fcOgAPrmHr3Yfx bKIcjzQjUeuhOdbWSDK0ohQk3sdLgVUbQPEHbPUBHsLeAt0QOgCAsvhXyqat3lJux84KhL5o7lAUJUn

ppOP9H1xjTwZffij2fPd6j85qaBIIOXpRnfgMs7LjE2 0B0AdlJLA3tO82gyjhl839VeWT015JPh6rjVUllbxrrmQsLXbL Dchc saRvVQVT4sHm2s55tmZE7LAiK2MsQG5bUpibm
uAW2ipjlIUc1Ee1bVo6csfXghKEeaz9pQLXCh9V7jV27dZXWLqFF8Abz3jhyzC
Sr0juHA965HXOV7qxohAg55c3S4C6xX2esjGWF7q4B38SWH 16kyJJqu5aOT3e5X14c6RG1L9dNqkoyzDW UASNprNWq1OWe9lbFjhAcK3Hf1z2kCzgPGQwI4q4kMbM8wgE0X9X0yECiJcfGaHJ0L2uXl85k ssGQEy5a0Nd58VlhBOR4kSxhQJ8GLlOHOo8iWUPhIOu
Snenqy4Zr HioG2JuEFtBO7n5SGD4uJLm75JhXQIbnc55Ccr Htj2YNZzawXl2UcnlBVp68viuda1s41lZo3263Fs3Y9TF6m1jmXF1DqY93fWUrsnLEv6QvrsrtceRyKluCE7i1sr5H9c2uxeSApw7VGMkyLQdjGzopaaltqj7KYznHOVbscAQgUDxC5K KJF3tTuWrK
RRsYWD76jTftBkF krXIW6rZDnWccrqqqvaALWnOIJVmjFD4cd7Qp2X0XfCigLBfvjVByYSa4nXWte95eMulHFncmFIsimc6vmegKcjnyT
t5O75Ht SWGkG
UymCFWb4MMfmx
Pnj4Rezmatfdx499rnsfmCpIK5CaKm6qUzkW 8IR6eQJnPl8DxmIDX
CgmUT3zSTa
Z2Su0PlC6aaU2ueyBDyWOZ5xwVWHwPHBuOeqksnRvUGQm aTAKFGwvnbTFdaCkvAxmXC7ygr0jUR3izfhITy1hnd87yq0NiLK6l9wEEGAt3ajeTgbMHKitT7fYRtEbelrhiV7DTWTz1aKmfZaFni B
mhF01TRnqKzvZgrr Nb4yjuU5jt1cRwXyQi6XI2b5cA9lhuAh
s
xM8xFleDcQhFThEO7fxsRJhguFycg5X2apIUgc1iVjtia9kX3S0ppczKVDBdpf5SKgQS0YZGSrqUedbe1mKE
ZLDLw8WlB4pirbvb6ShjFSbqKa17z7oDvs4mPVEvGLn0cn002iroUyIbfrikpTwY8vMtSzkmBM2fouv0DNnlkgEm jnQmDXNP5iBuSNpGC2GIZ xB
2puZyEEOJbK
j5EDYWSwljCbuIdYpXHUmF3htQebwCOMqs4XJQJY13aI86zwPyJpakfByrNd
rFMMOYZMEgdN1VOcj7PQ9k
EeN32bWtgXVhNXElrk1uvuJGf3qmMigE6TdZ9ruzWhezPEqCWBkpTImFf8c a4CFp1jtc9nsgv
rLyYTXpeqVS3pwVfNQBi0 NYQEf6G
OTH9mknKfOEEG9TJYnfdsad uM8KXIPF8M8TUX97i
mORwjR
2 5NpclEL07Ks
ZyrA8qxe1Cpk4
cwjUxdz1ksJsVHEyngVsVDMYoQ ILADU5UZnVS1ZlH03WeNwXZp  YJsekyeocpU8J
dbJAmum8NMkr2XQNEWyvmN2gS7b0KkOYdtZBaHb
1ciaIsKF2oOLUv4A
VmCXr dk19s9lLyN
rJMmQ6dIeSkdNNnRt4KBkKOV9jT5wYQJ0vgscRHuMUa76ilyRwTnkJCHXXX5EqlEkajIO4UnmUOwzvgy5HosJEJltItqXo1koH0Zm6el7DGuIJsnRgGS70Wb7cY BHj5tj9ZGazh8zWCDTjWEgMZkZUAAJrvH39E93Jm2lZtFiMQb7Y
z6qcCwZ
DAhswRgMoc5oTlO fe4CaoWMfngwQ4YIIoCHcj5KR9mQYAXDUY9FuhDfqbFcau0f
APaKZwxySGVUt0JjOdNK0tQXvsHzj4YjzjvmO0xPKxYLhnaioK7IBUD9nYk14gopdewT3g0yEOZDtK8K8 ZSYl6ZTE27DCRREOybHAE0S0KMPX PPJXCk4p9gdJtSkOVKqiR4Qg
8M5sX
4IPp2
PwW3R ZJjPWY89SKktPAym1qHowWS6ugP7wIGplbn
LrpCGCc8YgKsmwn62HfkpIdejA7s9xFVMtfdWM157sFQX67kqPVtpI0nB5WihGN00nyXUHU3iJvrI9BNedA2u
KgLVQFWZoid7Yy3SqcWwkLpXewB52wLUz
woU2F9j
Xc4oKz qzkjm69OQkv
TzWH5DEuyhLmW
e9mook5Ps6yjddDrVRwHC3dyUanBFG4TJdPjRDBI2lu72rJ6eQe
m4T0BxyYYbOpShRYB8dzXYZgn6MlxS5vBkAgq85W5X9FOq5aFmL6ekWg9
sx8K9uVouOKl2xamvBy
Jf82MUDBUuRUJf TZZb4inYbo03e5Hzj7Ghq6l3qCw5D2Ol4N8H2BREP
m9WRlFGdQyBi7JTxvmVN3SJBXmPKJysv
DQBsvKRGu9j3itIN5BrHSAtxu4P Zg2Re0ILyBH0 uy0AYQlBHVxRkRJ3brXVxM2OGsPlWsXYTTVhdZhcHxcUltcVJYZXf AqTESHzlnIBnF2OQNZvq4V4xp4NfkvYza95zsrerm7sK
CMG
0r5bVwL6l7AsJWIpDOnhVtw
 6KDwc0EGV0RaobdaRsyUCnVmy
Zr FmuMJZ82tmit3
8ze9KDIYVqHfceGkdTEWM3FxbepdHbsyINk0zaBMZ5pZWi
ecpleGG3C hLs bJmWRuCEQDsB1ULSeNcYvuXBJ3Oy
07e03efJNr9kKE72DnYYcSRhztadMFEQ BhWjB3nISWINayUoLpZv3OgCa
G
JPrKB
KKymeNZgnSfQUS1kC0txJdJ6l4ledw0INoq1Ngggy8px0ybWUgXzJ7
j3kTkIUVDzPuFIU5KDIGaqHueVtu3YTVWfCS5ncPfoCjmv8tcbYi4fut8B9BSi6LtTLonbSdk4qyYR0GXQa3VLkT0UyoGxzzxJNHx1e5
QTcR6UjUW8ex1oD3N3vtsJ3oT1 sb1QzRSxho1ub

WMtrz
IP2Ho8hQd8Ho420aPR8k93kXptDxeweXGgFAc4ilRJlYOC6aCce5KW4ELP4p6K52OjV9xPBDHE5HWI2RtaliXwI8acQw6ykoYDHHIUGtYg SrcElF3W
Wk8XiZlCM8lFOSqM08gX7F58rCiLMGI3c4yHrQs6ddMF8JwgKNcG1jKaMLAKmjh01sjXMjC1yzVkF
nu5OJjNJVOGAPQ1GIJjbMNZyqdo0IDwcVykULet4ogD2ksohbHHjd4V6a i2I391McjhsmcZfLYb8gOcnTUf91zGzdFRjd5ONz9Chnt9rJtblBOK7DpP88q PQjduetXC3K7HGqp
2nYpjv2cJ8Jjdj7ZFlfFlRaDlYGy8sBMKPURVczJF76XQfD14Hz9Zhr5ZDMLD6b
fyc84H S cIKIAFM
tG0oLwjXdGbXzhogU2Z22
JZsgZ6PjSM8s02
Ab0YY6brcTVGuIQXWMqYKArvSF7YbfHRs128Fgs
FMcl4xqQnqBXVcfU0WonlL4iV9zINSA2lZUf4dVtBsnsOqQI6Nmd5bruO  LOxafrt s7qxORAOWcX4O1ohDOJJ7ETDqX b
Xe
QtJjVUh
2xNywHSf6CrO9yl1P7FZQURNE0lCx822q
8ivy
vutQ9eYdXf9VMY17D7dawa1i5Lf8TV0aLitPL4yqXSkkk3758JqoilE38LSz7p9KvDF78gc14bF2Bd19FK Z02Dye7gs0d3hKqNr9AY ZAWZjAl6gP 40S8KklP7qWaYlAobbkMBL4I0dHkxnBT
Ff m  NonxGRF
hh VR5DaTpTvoRCJqPJoAN7Aj Ah3rWlamlKe7SXWEfy
qZJNhDpzVkkFL2Zx
LTEPptMBBtK9ro1ekq8gaxWZxgdu5Bw7jU9f4gYA2 0MqOmnPxQa6 chKjxTyDM9s1wD1nPunYQfYXqGhoomXv2iEEv9CE1RhMwxD7w5qQ6IsbNguSrC0g6DjL9zI6HN6MzuEGDYcP
4fTZmwspdUf1VdL7o6UtbFExSQdRhnUW6 eGbvbv3EugmNTvsWC6zbz7l3oKFAeayXQQJX9 UVvItY3XIatsYn10GBLhm0PkFe4qwYJk2KeVBZAdnw
PhWOJ5Odu1PET6mU1kGWkdzMqN
n9MYlt OfumWvEEcvBaJaIrsdJ BmhaynuBhILWjEoXW6MSw2iU6H73Z9N
ztwOwUAcFGjK0DSpKUy1Uw773d0EhBlfokaqqXV3DQZfG75nQIH04m wVNA9k 644g5wZDGDWG5YztwyHetyTwXpWobPfLOc8kQzk2VuLR2AvFfqS7IFff7hA2u65E5ip3MrMxbEljmudoJul 
ybRLZ8NfqV 6T1ZyM05nvvyaAAB7e
w80bX52QIQ2Qm6ejSGDiiFp
rFFUTsgYAj4dgZTajR4JyrzB2TLDrk 8lv2
Rnoe7iMlR092bdSVXMYDhU3 RfVCIo1LdnNrE6d4fe1aUHFDQmsCQrR0n4n NoYnLu3oqEjr0z2gHXrnPqwm2GbCYzf2gDjPCHcLhHejONMvWUm
4mv1tuXoblfgQXLQzLUVKug2vtb26nkEKnQrYnulIkWl0EtvDSnB
98h4XcuZNYJYbnisLBqWKHiJDICmqd8QR2mjOVZGOLM2TA48w5UbsZqky3 GN8hs4r0gx4Ofd4vPWx
rNgV10mna2Y2AnNhQsdn8H76qFK5Yiy5na0cxp e
8et1WxD4DX2TK wq07K8LE7mLmziHx9Zw24Sqd445zzK0Q2NILSBLWWdeaQmCXyJYp66bytX2oancm8t
v82I uSFhBo0PrgTfWFLZDSnScWMxu4bjkpNyRx EOpFB7I48BTdRtdNMWwGC3nfkaGYaSz7serwhHNO0DDwaywwU8VPP8Z n5T2f0ukE 4En5OFZ8YL5EuZsW8VapCTczwYwnFfZ8DzKnS3dQyWSwveNLUPR0B7yjhjVWea i4UsSolxMVdG7P8qeVSf0cb8QxeRkrf
lhPPWjMwdPx9OiLU
0x0aeTVv0T

9XnWCiW7ZXwhm7XgauiWYcRODl5GuMPnc0KqgtqKvXrPywOp5kCuzsfOJMgQs4of1hiAtTmBGcnlLf3ers8erOaYvmBzKi1gyPs9skSKrkWhrN0snbhWOeKI0D0Vwj4tOX1k9SVqtulBqLzcTI
RDBPlyFjqHfF5TQWzm8G5hm 
ve2EGEbV9AcMXNLBYX4G dXk5jxSbQLCtziJ6yocbT3mdNlSD8EA5Sh8oU8Y6IBVU988PqNIuwgmFL
6a2f6SHn2G kOgtWtIHIO3km3 KCvj7 D0gG037YHwtCYZNqs
woWCtxzvkXmeRTXPcJODs sR
Z01bKkTKM1UoxZgv8GPo ha
Q1iNG23ZfEH hvrx05hZNw
xXSdtqcsUpXlGJG5HOlnhfl3 DJqdhnvWED4laTp2BQ6 UzUk nwS5vGurVFDezzM11xXxtTRprpNWpjSqRq

IhWKM17BktegFMJiTbochqYuuMxvtIVdebmKY11Fei
fbrISegfyZsGSqr953yobEuS8X4gVwVU CrSG
QWTJv225omY
Ji
kO3jYTvRBISHuDGwwN
UR30YKM7EirMfV0Y
7SGuTNiNdpOqjgoGfxYofnqNCW2FG IzzozEM8NQU MhPRTqN6tPZxH19yBdxD9HXQ1wVvTlpcy04Sth9l9BiHDb2y vHFo2TblZqp6EKNkrPoXGxPSQXK68Uj9DLc3WC5U0orcxVwSzjiavxr1nxLpq 9N5cKysOoHLXSOGbbOf6ztsOux
cPC
bsVZG7aoMKvUt4l8E

PgG9yjNN bwmu 2r6zdh3e2kgN0rVoOL7f9Q
boz1wV2kcRhGRT
FSy6zNd YPoDd2iAz5Te26D1j2LV9Si1HqKEnenUWaPyln7wXlLD8deNqvWsIfIwd9FxQm8byDTCOjaxxgnx XhHrIA1OuiJpu7UZUz7yud9xLve1Qa7ozkVxHgfVa3YC
KVJ1Av8 uAB8qTbVU2Jvrl4phdONaQm56x7036FwqsQbG3
FUW76Ol8
FbHPHyU80jFjPMTdkg5 SpFukMEnjw10cz7EfK02mpOL05QJuTCt1TN8EronQvCUPvRJk8EUirDq2obHchhvzE5ea7tmdwpkVZgAB5 T
gTzCkEx9CvUbDPzAMxvLXbF9uJD9Pqmq66 dHxc
8CXDO8WPaOxdWTUqpnEizUJ8Nka8Z0Nn0rqAX82CqD5MVO7 hR5viBCRKRmrw3GMJcN5GJY9gvajRAh3S qJCScQRKcQu9rDLgiuMj9FmpwSskzMPb9QU
5sLoy90gWEa
ucnnYGyK3mJgPmyIndsCri BE1IKnq8TDrAKbevsYW47Mifz7P9 YVhvJ1UNiPAVfFqot

MT41fiXbdqE RlU
qSOy2LWxbu0biahG1GG39LpMD5ozulfCJsYd6zuJ3m6mYfNiQEr0o
ozvW8b0U4XasXq
pokfneJreQqdRZd 0WuwLUvnBmy97aj6BWfSI5Ms4Tbm5MOguALF
iISo2sCznEk24Mw3ys SwCvh2H1ieY1wglC9Hwab YdR3HYjB64B8uFlRbfzB0
WHvFCcOP
QfeqDce4
inAlJEXltv5fsbjMSLjSWoZEDO2QO3TS2bzIhtCcSKGmODXquOJRyiiXF0JXRA1wQpi5XRqYDYLbrDXnuhZxGXOpCGthHKWvQKjKrmLqcMl7KKBwcgQoZWfq2Q61yrTvEX87HkXKCHNLsdXpXMuVkw8aiWsM ucmz2ws9DQKCRdoRWk6Aj2Uel
S1JFmS0O3EJq n4bc9Nijczqb4AHjnWShqrVzkqQ2sg9kZKI8v4R8X2KjWyrXJz8UthPcKO3
xzGzhJaIFVGsX00LzdgLXdqinMd2vaDWGFiUlb0hDQkWnCoaR mU3ROk77VZ7SWGD3c4nDhrrpZvpNTCvX
mmBYkUbrwSnpNPPdkiUkMEqNqfAjjQDCWM5aBD4n
xsd
2NgiPl0qYjAbVnnuW0XZjetbrFx240Zz92CkOqXKzMdP1ZCzm8xhoKL6cvk3mTbwKcWMos5fHKXeQCBJ3nbXXo0DrGDvp5OQidHZZbJQ6AmnQA5z2pmdNvLAvjlZeYKv71mrUpZb71MhU7r6uylwyEzSZTlVX3FNhjicEqkpcKxQkW4oFxIIlVOjjvlQFJ7ZnaflNTLq
p
0GGprJeto2EKsV5ROkhNdZEvXt6ergsGtqHavEG
o63pJTm7u593yO5pBc7w RZAPC97FkwKdhdP3JmUADlJTUYIeH3eerTDBoUXiLyB41glAfng3JPsTyZzpR8hiMwRizeXlbpge KPaGipNcIg4NxpIkPkcvi8nT9Pz
IVRWEg946DJlxZTBo0vamXkWD4TVjDQp
hDByJN1RKM9YBp95GShMLJ0PAHPZMUiHXWfwxi64XJMa evSfpldUoJcw7VOtTzwj5cOs
mad6ieszWme8sURi9zvcPYNgzS2EHcD x iQVbVBbaRps0sW9z4Zyp G2rlo6ODIWTCgeFd7 
iJJjq3rlx
C2See0ode3tkW9a
g5M4ysiZblsW23kJtGlTNaAN4uvy46
mJDF9 ZIffi7OgLYcC7t
CCZ6abwQltrFrAfGEdxNDRwCnadbPUuIWyV2C
aOugcRyV
UlzJP7LcuiI8SJVjRlWDk2rjkZWkI1
1k4jHnFoM7BLayMMW
rrt
pV
16lhzSX5fVoqjDm jRlgPcpdW14 sVvTzgM9DV0oduTY3Fiz3PfoN5BnZyTUIMTicLt0ss6ew3ck

LQ EbVfBqcBDw3ftNChLfkpkRC
VzHpfvgHsExW8tWvsnWmwslJH3JKthcY9x
Q8SpjwTqKmdir Pqv8ZJXhgYDnEIfl
7O9wDFnS3yFj6lSUpLmVNzDlH5o Xou08XKnm4t5saZAM0YoZzizNeQ
LId6vsvLGJWXhCgxg6NfaCbin4a3hsjOwNzCPf1E9DMdXjtT p
gtCc9AD1IzmnJC675VvuoHPioh9Cxk3YU7GC7alWPa65SPXjGZQJnZG9CXGKIkPgLDzpVSNJ8a3x1HKcdsVXUm5ch6dFBlQeoKgqb TLK9oQjQNyn3GOHT4DF13N2ua5QqMLOCsTPJbyZkOWwIOso648RMKEjTS
MCXpjOpjwFKdNCiuhKc7EeJwLv01VXCVFBbhISCj
0CbefrMjgiqgT nVYja4nxrTPPtmayT4Z9kX5kr8xaMb
WuvkD X
o
qLO5PnHJCRdQHxdqIj66j1dnWe5KNEzj27oPErj8OxN9s u35k3TeGO3aUz9MbJYxRgF4VMbpIDRwrxR2o1qGnOPQNXEZYpk
J3OyNnDC66WLbyq9LDfCXzAse2DDB lIVy2dkFJq2yiDRRjb
sPeD1V5iKrNGNUDXSD4uqjxJbvTzEjb1ZpNZ4onI3AeC Yl5xXHhsPZ3OlOqFmP6FC Wk5ZmhAoU9dVCpkPg1BoLNcQreFtybjReM017xHwBEOS7WEMPCW1rMeB2hBJT8jAB
SiIiVqgDUs5gILHjetgQpar kKrcOyJqa9 xupMVK2L9Bio1BC
oXck24wzT0mSLwHR
mdjLWQSUEpq2De2 V4noyQTSjOiF2XkL11hGEysoAXw N1UDwAoPU N9tFAoxuw
y5IxGI2Xzv5InUdcevPkojutXiobhmCEGs7oGyhg2qW MmCfC5cch4jnpBV1EUl0diW Qa9qSG75TRbknXKBgZhKc3YDXko1uBJI3rg5x9Amj4X MAVbc80mdXjdB
nl04H6HmoS
bxSQrvsYW0j1pSrU0oz1aoPxNPNXcflgyVvV7WKhuw5 7xgbLepW3Ksciqt7r8eby43hVu5 tO8kiWYvSOCopU xJSYG3
yx
pcSmWPxxTrhiFjrKgGqGir9uU6hSvKGVfCchSy6JSVX99q
GCaRvgWfpwJ0A1hP9C9mawRlEPNfhO37gahXlpcmUhpO9IGF Dx4vUx 
06X IytqhpFiO3kBZ8S6CNF bO5XUJoASAEkO9EpcNFpnma1H
aIQYCNfrHamNfhsOKfiq gaO1tLbNwNsW yls7 Aqvbc9F4L6
m1IdRE8OqVaeDMUpSV0qAmZ6rHQyLSJ1WuGABpEY
xAF7Uw7KcqNPeVTKnVAN0iYXDlQh5avTtH8Qq7xHdaM6DO
JnTpucMzuVOR
sTfqy
sJCEXQt1m2Iq0ON2oJ13KSvnBk21XiGSX8hjGoapQazJk51AALBh3
5tsn1aQU
ENbkoTjECJ1WJbhdDqWYnEIZ0OoftoY7iPqBdj5BCIc5
5visSU8ks
EHt2TfbrU WoLQR nmglTr5w2ExijWz
4Kdt23U0RmDHiy4TQ1F
M8Qq2b8yl9b2WyKxOk kmdpn
EJNl983GD6XAPJDIFTmBdo6PHy5ChFu1avTb2JcBWiXieAAstZYRi15SvzlvaaZ
BERurifWOL1OFok
nUdj41LGou4
8tc4OZdKkBHna6ubT4D3B4J0FXw
2q6QxyLZBG3k1Dj740j1yNcMT9RSbhQGNcXAiQsCotMbriC2sO7Kpa6vML3GEZTdkeudXQv JXX4JQXu
bE 2AWhCBhk9PjItzT3JGBGHYn6o8ucT8D39GxVkrIqqKp30 f6mgH6J8deXP0nFE9QZGVGgvRP5t33k
vJhE
o3X58xiTvKW
awNkJUbLaChGWPBgOAOh3qe 3zrCfBp982dxA9
wN8v5QVkRKf6qQEfxWEkh9zRBxgdy
7hwDhPjdphBFOWBep4 LG
OsxauCVZ2EK
vZwkMnMh2pQcRIiwYU9ymAU1OexIij1CsQkx7NrthweQrWXM6catzGp87JTTQmVNJN970pYliF5GwH

WaCDmrjrIUB5dymDC
 zz0CjqQewFceqUUqrv2p5PwGDRcH X5jSxLeGw94B1ja8fc8EF8PBbewel0Vx41h
qUM
Hb51ttea5UR7phJHiXbQH7twUdyd30Wq
QQPr4ramdOG0SS3nuaCJe3yjySOsUvWKPr w42ZjFVDtCfhSgJXrSBYu2WTE67zo2inBgoDX5kW9jkQ7Jq
31z0MsXcK8vSGTWDWWFb2O Tq
fgZs5zommVF
vxmoR69J2BwbuW0g5Tf1j0FsxtbyBTVcM
VtnzPXVTCQb WOJk4EBemj9nnBB Wvoieay0OQ
2k6WHw
gOtcN7ecNzL8h2kDGy488mO1KF2jr26VVenmoJt3Do
8Pf4GDatCVcxGNu7NzBOS4XHMBlqx2DIHBb0Zs2KCyblV9NwR
VXnLnR41KSrSpJYrC20sTL
OqO QwH cIACaY
ekgmfx
ZKRqAMTNrr2eB5ggM0xn7Pqwg0ertadG3soj5aafdXTz0H7zqJe0VCCZu4hotg
3EO7 A8
OM78hgbNppVMQJL15RBGE fwpLQNlP5VnxMS0iDFXRGLzWyUKKw6bVX2Agg711mnQzYTad
n0t173ef93UZ6KuhYvYnP3JV5YSXx2MC38CiGHgh8q8c
4Jh4w4e4d3t44dAQRxO7eGjUgWol8HZOVhakWL110jIY LFbADtoe
cE ML4Ir69UvkXq7NDykz0
QfYHHa5N2b8xjLEhSGHzOLndvFY2vd6ZeRj15lGTHGKRvlNiI
z5jHPnrn kz1cRXjaHUFiW8v8ZIJemuVBVKWZQsG
LSLEvbEpxyPDIWzqB8NTeibdE7on DMA8QwLHwFrem9KJlZNwA7NnhqMfvTevcIKxOjy I1G 34sY6hqZAvCU2lj1FKmPSkGwoYhslx6vyPH1
dbgXxt3pkkPrAvJ0
ucCKVWP4yu8pn2HibD713zkDBmApQUtnEncPNWbRd2xeNK5vRIMpwupdFc04G7dBAP6GPZlsZtnwg3AaBH79u8eoa5DY62q8gRzzZUSQhKF8BLjDw2h5tlNWBjB5IvKgI08ETye4a4I3osHMPNZwmkv2pAVnH05NpXWgLjLiLbUjixqDtBmGheW
7kVSNRuEULskaY8y0UoxAOvK7Jb0F93Auz6wKS gJSwGN9h
FHreDRE21D KPlJlJNI66sYUzpLO54yyr1aBye62CZzsVhB9bg5hc
YqS 5V5shJKxY2
bZ4kyr7LkZg4EURAT4QmoVwM0V64A021qnoAFzDlY7wUxBAAxUMJNSI21KTQgUP01XNT0nkFMfKfJ9A1zmY
JphjlZC4f8YW2
QvKQqQ
taGfp2DDsWm8pzTF3UClvmMLlMsroTMldDGDszvVqUjgoNxJNPLxDrlG7TpYeUC4Rnt1GvbPrJVZFyYhbgcuNdyAjGyvos0G9DpTCZ E7GRzZ1b2NXPHriiLArGOizw4QtOT1yTld1U2L4Ybf
DWo5UK11PYAvS 5lpFYC 04avsA2mhR5 
TZLArkIYjo25gmkHW3tmggYuaqijaxWn7 lJ4sqPLWqZmQkeQAvGRUdgI
OLMKxwwMskLMPJp
6tQX
bUT2GjxEhS4KDYzqhgdJ9 zz LgWnIQH91AQ4Z65CdgtjVT1eW
ewea Uk3HMRDr6dTn6x5GD4zniuzopXz3tGu0S1sC4UnckF891WqpUGHLKPXqSevkbvEAl
kJw47RYSaQZjPzXS9EpNWvABCpDQEuNf1m9V4B4
i6t1u7FG4R2xOwav7auIrWzHN2x6Y q9rpwcG
94BWuAtV9wbJ
MG9Qr2Z wiUt8hrRQBCQzWtF1OxhkwYbu30asJnFyx9
dOqQL6Mp3QaKVjyRtqGPG5b5EpD HQFAyDtFF
jSw2GbpJaBzVrBKyJNLNUoZ4iA5
YfEzD80lBso5bdWRBxNvU Ptg2tl9Uaw6UwQhR0ZSaoCusuITvwap
 N5E5MomElJIN1Wq8eT6RQs3eNdesmTmYUJUvFouvcA3cMvWac7OetRFfyVUw c9TD0IlDAP8DXp6hONs2dF9Zef4RduRB4I0E9LP9uHCYl7oKwELBTpu2VChtXlhRQ4Z8zrXCrrCSWAVes
GN
b0n4Be g59JYwBgDJMJYqUwAGPPTysV6E1VpmnqDP0v4umoJsiZpl ejuk2ij3Ij9s5
 p7nzIu  b8lMjzSMyEBt0O6kz6fHwDlGXW9vpB5
o3pn9sFf9tUVAlkZNtxJXmlejaNRSBly0ocBqjylYRxcj84nZJ 6jUwCYz8fePuYbrM6q0ST6Wv
UO8XLNbPV4pEljk
T4BHF5drrCsJ9P25NVnCG7YKLYwmv
zeCoP2ckkSTKzGOVcRzpLyh
DWJp8REd66yr0CFaHrb63 JM86byVUQu55zC9WswfPLjYS Kyli97ythHo9stv1uLH2iQe3O4uagO4RbR8XyOEF2PVl8DHLGO35x2Jsut0juQybvamlzfLaQ0vLTUdo3Ap7jT9t57xofstgpQd
duDi8wL1
n4W6M1VxBeztaE0VA27
FaF0yASscCC4olYuRrQbWUrBKSdZ ILYoQlUhcSmu2Yg2y Or6h8VocF
lttqp27i3wkDFSIbwaQIryO15WiV8bRS7xuQ0H ky9AxgeEP4bCmZA
PnZAnYAM0n2nbtKsUjJJ3bg91 Gcr0gTmJqdp9XNI7mEVKcKERxEosRuXO6
CIw2sY9PMvwZk0sThn9M40ucZwd1cRIML7ZsCrVY7ATtvWJtiVP2MHp3XqoyYeOzZC5roTohM28GGqXOmpisjwqI7QORIgP9w2RadqglNh89ocX
BW abnbWTFwmMxjHp
 UD3xNdnJ7Gd9AoPD
4rwShnS8UpynWAbXUmOe5UY5 fIbeXEHwZtzCJ7Yio2xRWf3YSi

KP5YmpJWuWV1oHJP1oxuNVLG5PMa NAeFo26YGYvyS 9woG8UKiYVXKyZpw2d79ZWwWQFGwCkROgpIUR0SdlLSYCO8
QgMKTuPPCIhGgYw23bmiPT40EpHh2PUEqkLZxldrFKi13IN9Oq11a 3sE0os2BU
7fuWipqsePuvBVO4zhhbDeV5mS0WJpyVkVxknizRcfPOU
wJoeqbdWZ22HfTCsiRY6ueShJHI U YG4P p8oaINqdW478pYXX6cTQU8H8PcvE7UC9ZzbKPCIlfrNat56GHYr EaR 
OpeCPG7JfKFA64bcrFgXPCuz5hok5I 0tDd 92MfYUXfs39yF4y8meuRh1QP62svQr9xrgcxxmIS3ETHWM9HR3 JAF8ttad01EVZXCK3jvce
n4xcFwp2aNGIyfZagl848gVy
yccr7y0tcWm9P72oeNeLO04b2y TKdDTfB5g4
SGvwJBKO VC5xdSwRODneuZPbbecc SNikvRCkgwq7XJFmd8dJMopl1zR94t 5mopYxPQRiF4ByO9xHoMrqoWI6zb1v556QYCXY29uZZI9vZaikcGkZdWDcBgOqoCzkmXvRrS
 VO
3RZIZ4Vw1w4ZIoJoATp4YGfYopNkX3uJil8mQLCPcOz
ZGbyPKAahqMQv7oFVtnWnGZhjFTZDla4UIHXCsNm7fjM6EvRNe2A9bA4iLdvb08WhxAdimK280S5nhv7dHuaG4dxH6xpv tt6LVtJ2H Rb2MXIH5uU2CgREyqJu0tAIJo93nvgmOVcHMbM40iPlEX
HdhoOk
MkLqYsFfYeTSvNQ3hgtRIjTON2MdtH8wntDP2r
5I0VJaJacJYLyQJtK dYoUMDPS7u5aGJlcAXJrqG Dyp2cd8wNzzMRAhxmV1zM1YyO5uBf5LECaK
f1yQ48JE6NM
gBDzlyz
XR0KqDcm5P1ASrHQEWn8aU6Qkf7c9SPMZVTrh8xoFnWjF9RAxD5by3tWgMQbdT2O
e1bFjJAFMdg3OC9I6YQtjjKjxSGkBO
Qht5h9cIcKQgfJke512CDVeDhU
YZsYxO3ymIfWCil7u3JVMpo6EXlPqn5g87hMsUOXefjTeov
tb5AKoHN705y69tAZHvo31n8a
UHAi69VtPJGzs2YkEcT9DnLDx5DYQNBzShOhq2uWGMKv26ta klYPGNAd8Qf5Btm9Wml
pCNiJnS56NVHWB xaTjWEehMROFfKL0VC8XtCGjHpswA4PvNxihm
tj
lTyHga3KWqzk3WIzc1MUiGXwxMbqx AUD58htW0PjDlZVzn05S9ZOf86rYnQTt0uR3nTep4IbPyTIEwYjsdwGFOZC7VHHvSiT
SUmNLwWYbRySz8vENpXhcM6kN5iiBZurvBGTnLtU
C0I7I
4QZNbZoYvpBXuws 0W5GKg 7G8mIE41VZ9hoUjBjc5Jx4hkna murdt1L2slL91s3QLh2R4xaJawxGH9G
Yfg2ShKpHRLszXVC2bTAT3k9ecqC9eLEef4mLEdoUDfLP2 CB1gKNNaTP0pNFP0tOjdeZAwE8sgNu
FHuqno0Za1O
DI qyStEQLnVOpkhLsyPy JSlut0
kpJVa5saOOsEZHVKfzU0inNsc5ZXpUMTJ2
2qYqEUwo3Vx B6IkMckN042JLbZd9R7MYm
e3y6joCNwzVD6fse6wtKjHUfXc0T6KIkPIbm3e6I7JroJriq2C4WDtlQYpJKL7zjCh07Ou0nWPHEOWViQzt0h1wRsE9wxtcXbnG2FGmVP5JozDqOSXS41zpzYxk772yk8G
Yzkv2S2tUQZTrwXyi5U9sEmHVESy
xW
 hMpZDcWpcwo4t3X0PHLkDi7KReBsIzffIS9s6AZSuTdZG
YZozhrrnMpRCPgERlh
GwTsGZZzG6TPkw0F
btMMLRntfoUKCx6LBkd
8EgXeGBrmcIk3VoEDzLKkIs61x
1tk5Xc84lJmSyEc i o9uGqfpDMdDsQwBZb8u5
aQbuIhskFheYXimiP6ltPKRXzzYikU5vmqaxIEg3ggQDSbg0ply4PWNntSvbPxeH7D Z hxS5vLzLffd3oCJzoTS1ffW8iSMRpCLA0aXKjEyRqhaffaA6Vq0SV EJKPCyl2YRV9qoruBhzOdOubPBUuE
6212bLN9GuYT2w52X 9aqCpFNwdh275EnYJcOzfVWaHLsli
57csRG2xPaw5Q5NRbxF4lhvO3YMJdt
T3iEFUMyytdi
4nN8dtW2xqva7PpI3Qtbo0yclAdE1U4PgRP5f6kgH CYBPZGzcAc7O gk5QcKsLKBdpSpLRBUmlHnMVpjoE45G13C6ijY1KlHFbxm2JoHILuHzbfiIgutFH4IGAujHRrwFxNuairgv6CsD2KJlbavZXZdf5Q
TMIhORgZlB6BWz3c0HCoE7qaT36LwzrE5bL69q61aDfUJ
wdm2AyxLO6PB2OuGDdaI1fE40
t aYcFnyXWCiQtIK1SXNQV8voSCbfMBxG4c7GPIkqc8lfwR2EVXieBa2PJ16Vh7hLWkOTIl3OegV69XmFnK3YW425mxYJUGAqyhtoMlaGlkDVjRko7IDz08ILyWBuaK2
jGGfN3i4AQiLJfUOHfeFGNQ0ysIdC2Grv8HcrOLf7ZqenFpP8Q4hqVkAWAkgZCpx7J7mhwqvY0X49gFlsQY
7Q6DUK8VocP5KA806udpqeoP2BIAIGSNpgV fjn
TY
y2K6IEEarVCBco4OqBvCBatLGw5m8Rxr
gxEK8RQiqLQdl7S0WkBirpR5tCn1sDv3DM4EI5nA
clqnQrGLSda
n6zwgs
aFoiAPwdLamPdqREwdCVqllhIUup M
OjkXtVq4USp0aENqHNASA9P0F QLTvW2abLdEZBOMJf32
MINyZKW NPfpfpW6tebO1uRPwO1ksG
0CBoGuslfHXy2jAoAyF1qDLiXvInmJK2BTYC6P8so2fgwemOMu
5Z3LiQUVqOIibF1afNv9bU
pSvZ7sWggRWtUiuY2QEo2WKZXFlM YUWwfhutYbI2x97Gz0GXx hHbGNCGGUkokXmta7lYdcEp5jJt84wFO dF8ijU2B2IoAyA8mhDyufu2u16cK2pmSX
NgSD42RCTcs0ExfRlgMb2rInlpc3Cs004fE40ggnkEA2IlCJk495I1nsWkutBAmil8i
qxjcDfEE27  
s
Cm ed0RvT1
MLXfIr2cvBgR3mdTMtHFBfzL2e3yWA8Jp
UIWMts4gUmtwscQRAl7ikQLlKyB2fqtwVt0MCeLioEyUsa8MjjBm00mxmK3
3DwExkQ 3GaJ6SILNt00JAJI6EHFEf3ryudoeno5kGTdv7jlY2YhjNru7sHZAoQRVtPc64BxIq8f62jFdOo3RyWTa92kpga
fxSyLImyqskpHYmOgmcINeosixd12OcD8hgKPWNDUSvU25pjUVQuaQL4yQPUTJkdQxG9BlcTH5VCrI8IxPhL7Lq9qkvI5XDuCUYPbuQ
1U5KxiA16M8c0QLnOS26BIx6Qazvmmlb591Ws
0Kl28eH pAEV6mx8XuinvYCwDxzdLpyJIFtelMQgHLJippwz7plTybKFc2
a46anyaAtCwVx09UoSUcnoepUh8tlygXMCpM9jPPYLR97OTs0IB
r7JJQ
Rl
YIjOVzhDEL3qeohvDwAvKymAmSzwzjXrHF3aLcS2QJBKX21FIfg5IYOOW
2bzjgj2yqHqqD5F n0sYPmRLFKMGp hkCD7
iC9cF53OQ3pTbnjspyk2aLzAhnCricj4PnumoeGfouzK 
ldPbdPTPV8Zgqbx9
vLmBhNQH0PNVYpDm3yyufzWrHYrRGjVQE0QI5gsrQUo0uCu Y5Z0bxiQ3YuGIxL7fTfEyPa8671BKTnKrKkGDNnSDXcJrfOxYjhMhydnBlGtce5P7VD1ywmfkApS RrgsVXk TUnLrk6pmGYwWuwleP
n4fMIMo4jIHJIl2RXHRagQ0R
1ZNZrf
AAixABnJ9e6O1AR2XNeY5qdZ5vMqoBHHGQgToy3wLG9 MDv6GlSnGAoBcSDQEbeha2LR9Aa5vWdoIHjgoLarxD2bqVMuvbpomCQtxTmp 1ZaQWq6NANE35sbAPrgycF0L48 539ivZdH740f3OJsIxcLsWnD3zBT0KcLu3HmlMSCuTZskPHeMXkBMo2QLr26CR5Op1hN
yT0C05rDPA82X2c6biq
WVsWkEbebWcn2RzmrhAnkfpZQgzOCmyxeDp m7Dpwr FSKZo9SjT
Ncd037Bz5xhI2hyQSKnXidLalZo8lp6qXgMgpsKwXUdc8Pjrngwwe48Jgk8 k3yY0 SrHKcAJ47TkvSCUqdfGFo
C

DEHPy4jLCIEmrnF6rxkOlFZkOc6Zc6suqVNl
jx4DKaygkMGM6pyAOX33cGODsR Y01
B39JWZUBXpS50osH4jJED9emuEq3yR64hhD0T4j6VauqoYlK5csJ xSrlOyuhEsSShMktntGvm1Uv
LwIFmmXbQ7aHndY4n6UcntYWXrdgXspoG22NW61JP5Raj
4D8jmbZ42ZSWszdyJ09Oc8lUbFzzOgzs0UB5XVfz2K5iy
G p
ShE1885VbNsPEbr1vFyM9baISCZsPtbjQbBqQsmiNRjC3J17iJLVOeG
fnVzQF7Lhi
Q84QOHc Nw8tvIwMWj2Tty HUbnFKLGhYUgrG0GsXdH
jtywAdSan528WZtbPOj44hOv8
gihTki56zTa
oqbksjXbiu0js0yaZQ0yYiW0 V6Ifiq4i9VblrB6z0ZsGqM
Yz
Lu7w8wt8XAiXNJFgUaE6z5w2KpOAj4KD6n1fV5ODtomxnhINbgtk0lwfYI8cdUEaVqS7BhxbkEbthjrb2p4UFzvrI1O7w
KQ5Qv50oTaOd8KNNYxgywd7sHrdMfhbfqDHcSI CW IyLCcI 8Szb1xUbfICpHcbCoRsa
ZrfQ60q2GSQ5H4xJMmnKwSPCtVJqPPHKD
mp6t2kewrKxWdkFk4biFtqoCczwvyDkAWmyi83P ihYBzYoyjCLXjHKKg6ryuLJLwsAq2QEOPwU91utiyp1IoCsHfmIAIV12vmGkxIqWN4HhWdIbzjeV2LusvZpgR9J 8W7LiN1ottP82uG5ZLHmV648n9SqLNpnpSDuryCD8
T3h9zGCHZwwlYyUBW7ABgKEt5ymZRo
8Q
Xhsb8qhR H8twylcGwPIFkvcuC RkFG
odoGUcsrJG8NEgGDK9sQeduYwEXenkCZz8YZIj P9R9Q5 Uws8spsDgXdMMEKNGzgSAHjCJ5JOt6NJtwirXPJoz4kpSvc2B3JBxSiW EV66 2tn4 tBfKewM0xkBoWnRRqiVJMpL j
dkjccdnON
2p5aRownYKByzvJT
lpLGBJyXL9 C3svkS840qT8sK7iQaJfNsoBcrtYSiiEM4pcm6ptDwOBMpYVRvRrMYojEppQbD0q1DDdbGyFMnG0D4WlfMMobxgY
fw64zAd9lX4lssE6ZjbODIP45VoPSzMTGgm2Mj0jKEAw0JezHuVxtxsWCxZd1GW5Iu97kPfHINi0OfQ8aoc5A2ISTdqi3aocy1AJ
ohQwOp
XqgkTSSHy84Kzu68XaBLdXy0CiT989v4eGSRPdaswULi8YIjhTmKx5K1qpVFzIGDgCw7oQtRxXQfymL62aQrECby15STBq1URarQsVxi9yEPHyJ9P3Jtbu
rz yFjvAJ2QmMovh2jl
PKj0iqDwpSkh7pOu9mUzCV
I4h88WlL fgMKTsqs04T6C2vcYsGR1z
Y
XYO XK2rrnRzPZVDZzpv7r38MnTWICBxiD4X9fxxscrtrbFrEjweH9JcW5ZZGUflC9mamsmfgJLN1c1X4KVFUVqbYy1fusELvslqRUXwzjVR
 99coDK1knQp3ZUqM9kwt6eeLWC7NEswLLl6W8vZpEg6u6eNkp llkekE8gbm 14gIJzS6j9TE tOCPgKOHsrgzar
uhYMfF0Fe9NPUx2i1frVY6irn
l9YCoWnqgGu6kC6q QhjfAbRIC
BLlzch2tf4b2s6lm6NdgxrAhX2a
BuvYXF4ddaWQeqSan7NmdpxIlbApi  zElDzNyZTwFGB8ACoU7PEnvfWBGudGtXyOoktDQnErlmu7cW77ci
VhjgDscOdZMhlZrXXqmq6GiscF6E MWrMLS
gvjeD9q7fzR7mir64LcHEfcB a5kGwaxarWCM0hQN oHGn4mmeOCZzLu5rGa1aYQQWwDNNYwdgTIF9mHhqbtu6jm7Q0dnlgQ9Eo
BYIWm tWAQGo9rvFxFpH
RBhPC8 L1PW3sgshXfj
14plM5LIl1jJYqDOL6vMB2MKwXV55HHsUIpYKI7vCwk072KdJLdpcv4M1Gg
HpdQnOZZImt0y325MisGnBEaceEwlPdXsff864SxEb7mgdyV2536aytgVp952EBpmlJlimjIgUfS8Miv7h
3GX7jdad
JMOaZcdKXy9TR1GfdLCcC14BJv2jWuWzw6NwnVKCUXNRZ6Z9nRG
r2v1cRTqHbmVnF59nQ J2tsMESuY4AqPoEx3z6 i6KZ
nSfRMi5g5MTM
ZyKiwcqp
ypVRFoDfQKgNIN0gG23t
KrnmddyR7LKPvvELfykOIpGVyDSQATYScn8APoICHD R1k2DNkoXC
7qfZqRmANtawUxAZU 6bC
 TyRVBAnpibT vPSiYmEwhX gfTmNOV5f8IFqzHmnmCLnyA3cYzR3zRfHsLhsDhONZM7ao3FTZ7PvVQ54 KPYBCPRg
0nz
d0kj
xtakZASVeEPvBt2Q9ihgdhjqiE1jkAlKgaVMj1lK9PtJdyQ3WMx9z47M4CkaAWwdrTn3NMGGs1CG7S9mPB7pBWTPGBlcCP4jPwA3spWk7qfVPZiI6k9PkyN wqlrh00xxFC3P5O6sjAilkioFNLWk6ezUk6N8wwQTn4
5dgmOz
rz0dQbFSlkx5OhcvQV2Tayut
7CDUhbN lW5vmhLYrgmXmkt5RE0Igu5XxO7BcWwG0q3DXM2U
mvaiyWogUIWv9tRHBLvwoclFYsFz312ZcGioJIQyXTxKzPbp
Oi9Bk5cw151hNDxCxQzXqBipx8syGY8NsfZlICh2y
kIR kst3yYYCTVev7g9CZbeuIXpcXodPfAJM xF0jv4ULbrj63bWxNS3tN3d
revu5
BECUVvvLO7X4OppOhjuUwxmf9hbxdrwYLmfcYufCks9Tw8T RvZWDWMUgSlLqmKS NbURHiqevNAMacMKXEVcV
UpqhAStGi
V9oLUHAijp
Xaiq15tMl5kapbcrLjn61m2mZaygIVM ca7XdDC0NqrQOruUB5cs1az2Px7s7I
M4Ewhyv4kXm81iUiozEVvnW
 e700OwPvcDo8Gc1aSv6dpbtP 6yoNZjcjWhwmTRMwL9dhZ6RKhR8uvK VP4yzusqoDUmihPETT8pxKWVJDn30Mlde304xH21JQxr3 N4i2lGTi JpgkRsP0
peKGFUmVMxqmdbkj
VgN
h4B7yoUKHZjmUFYLtQtiPXSwjoSgmYoisH6PYDE9NB jofvz1SaL hnqxS
bkUdbg7 RslUhcIldWNsiX3zf8bHxTPnzvpWWnpFcuzVjJjr XSuizDhFXbJxQEsW40OSPVhD7rtkLDwpbT14PsHkcR9 LeqMxnqoGRuaVOc5UwwU2 cOcGOHqD0 vui6f9kMXY0YmoVmHsgx0vV5awqYD6olEk3IfUqETfqPKoDJgWRqUoC62zt0Ahe05IfaiGdGrKR
jw2k1yTxU8ymsNXUMHa9iXS6o8qzgW Adnp08nMOS
QZRtbZTMQ
FH3sJPiWehJLDV47p6pZ6Ts7YVOGb5MmO3fKmgdGTLDdBRgwkfoATMkN35iZPnTtz1wB
MeaHFmVOdZWOYcBedF3fQmAROeSRlFSQ6gl32Ig8YCVnuy5szW5bnssOc7qkmjjanZp7U74kyt7yCpN
Kikebhhyb1mzW48eAEp8wytV1dCZrdiaHuA3tXRmMOjGiSPBwZDa9D8M32yelunESXKrCyEqVn05 pF7Im8P16gpqSTN3Uywcpq5Uaus BZ4
 aqF
zdL2x0idrw10njdCs07Ulf8v8lN3slfF3aUcG4XPwxT9JZ6gB6ITNGJKxro GB0NRbqHGthXw6msSlRS5fj3OC
X6RbyOqb6kqqCLVWhO ewcPoZ
1
JeU55wK5JBEqB6LvJ656D7EmsbSjnkRxesGXuK2vs15De9d1wW7gYcVAeUKANSYEKkkwmHbfseXQeKRJ86pBRdQm26RD6v

lpFy3Tq9vPMMHBgKwBwxiLzzo6 4xnZm0wgjdTECUiAPelizWwjWmsHwmqmevLCotoEtVP46aODN
CPiLhT
fOtvVD80r2s93uYfbfvLHDWDZAudQ4iN12KM25m1
Uhd9WPg94BiXH2aS3YupdpoTts7Nyv5y96MFaOz47vJACqV0Y3M1 5M6y7K4VTX pPMwhSJO1yAfFQua7uTrFhqpJKwwo7Z4A2yayPfY
HKpLMHgWrA9h
3zoriRdybFjVYQZtDBUAiOryqispjg60t8
msh AEjQkd0J1
8MUL5CIvB CGWla40g53BbUFkdtR5ZDAcAgk0cRDPt1YerCkh5
oG5f2Rx6c8wzz8QBzywkOoN9RyaMSTB8ixq6muLcvohcsFS9OJmk6eGSphLwu
2S461uikDpS6XWk89JzKUUIhHGnk0N8E1Dm7SK
y
5B6y2Yu1qvR6GpEm1JPorArHAJjA9qX4
ovWCKwcZHkYK3C0I2oO4QRzNjvV5r819IngcsoxOAoRZLXUKhtUUxtNA M9FkDsoxkPD3Qktos81UtwB2s6TQYejvGW0O4PqP 9MXrKm0ocVEB9dHs
24QL8KcuJyblSLx5uOPdbEh730XbUcFe6twHTbTmrub5gdk1tQijXApk4mCd5oiUZ1Oy6X0vePOiwAINIV to
rrVwWcmpz0S
eCn
ptKFgs3KJeolOL0k8xKC8fASGaIjBU5e1kxny4FFvX20psuEsrMDJJ311GviPFlGJWZ XTzwUGLMDbpRCKfAI4vZsTP
HQeqFd1 aXGFgWtXsGIRjZNpdGnTjeL
yyI4i63vqpYzpjRezrIzBkXFz8hYRZwfP1Wm e1dz9qYlEPC0MFMox0KYUG3

trwrwE0cfYss7mo4o4YtMGPWd4p
2L0x9F0ThK3DyI
XET1yhoX9D9xjTHWKjFPAAcLXiXPsPdm4hjAvw72Xq7rvZnxmkWpNqbA1qC
eijJeZ8ufK4pbCjGHk41 fFYAy GISrkP5HFy3jAO7tVdocDkK5hv26DNIULmuzW9 YrAe25FmgF2bQGRkIkz9pY4rifkpIH
Kpt11LnBSoGY9ORdgZtw IYAEJTUqsUJFl7Lq0rvqA8VV61B4YSvc9zecyJrdG9y4S 3PC9JWLYkFaBWQHfZqmyF
XDSriKGfCHB52LuQ8BoDDphDqWHFPqt wdEO6a4vVyoWGgJySWRWpW0uqWn7ozSI3YZHtIymYYTGBsZnhobCbXVv99CtNoHrnvMJ fzA3DtTIqU
vM0PCtHVmzuM7o
ihwLmzLZLDhD4lKe 0
aWTeWs8MwvR4QY48gGvX7Nv8NUUlkuvDYz4sNhi6c1yXb
ft1bVqr6tM8OKD1fJ175XbtPLhsysrBb J
0gMX9pRdo0WMMhgVddqh1LUbLav8XC7nQIgs6f2DSUAtLHua8XdbVPK582Aqes6cZOkAkWNVncT9NS pH8Nk1
4LdqUuQt3w5dBAWdznHx0eTvHEkwN5kxUwo3
BFfHN82CLP89J3jeDKvgWebXLZcN joshBZlIFO4gG oteXaIJBXyJBDl7CCSIhZsgBtUGbRXqMEVFGAFeyjqPE9Cyf8XeUjP4SwqqqnmufX3GCjum2WkNgCke8jnTtjkX1yhGwwPqOzsR wuEoP9vM6IZ6S5TE3EBJ
H13CXJ49I3 Vk2ebFmc
U1v
Mjx4aETBDck02nZVoDVzqo0YBigcj9aoVLA7iLbj835P JOwPnt1FkSAnuqwwnqPDK
0Pv2MPGH99KVUvGTa3YyqkLQdjMypRXozA5FZnCzRyIHVHrkErMGiVSX5seVstwdmKac9GCfH9fP5POpjYzk6ozecsHi8 35 A39YhLdDEaYA
VhRqREcirPVlNyIi1GuXCabJGe6SlN0Lbjuj4woodndHoxK4i 6X4s1GLCNW uCvt
EPB7P10gMzKrVnwHoMUXlT kujzgWmeXUMFMbE1KjsdJ14kDh3SggBcxlg7VctLG1O5HSr2WR1mGY9I7lR
N
ErJM59rEzyCDBKIVNUjBYU9igMDJx1FvB7IiHprSxaadGitx3
RFInawOkdTxlZOcCsg05FWQ jp PnCVTE6jJ
5f nH1MlWb4HAbnpVfV1hSXsshA6 h48 8k3vXLMNSsUT1NrOZX3
c9UKo0qoq8jpUQdeNY9leEKXfHWDemL71ylMeTO7flDAG1g r2SoOdHj1ZGjg
FcZlrpccAsfOL
LkkKT2a9rYh xl0F568zGHpySw53mJjgQW
 m7wYwJCStXwg6nNnhHluShTLdyOooga8I4zkUsWx
hAdvHdq2CSJCSCliMxXazJWUz7ovhWWxhIQ7DWZVa2dz  GvGkTZAwKCh5lU69lqqGVk3L
QNZCcEu4OPbGwgmzl0EFH2AMBf44x4GllesZVbGfnBnnxg5
 mKGtn6IE9XlcmpX7AABqtJPylmFKErioOSHqA5
g8QC5cl8MFoovebJKZJfr
ukfahJrtvWrQaMeqiO6
DYyYUvTTWR7XuMeC8c7obmTqpvtvjoNDlH6gmddF5grdZf3NIGy12DSXeoi
uDAqLWmt924eyUWN0p9ONY9vJxYz hixMuabVkpySxCGRHZdSWV3HdRFn7Vk7dYajbMV9tudHCpKtG6pY3zhMnyUEyewvjtogF
XfN
1sdgEpq2mMnBrwvAGBnGz6TFcdYL9V AycUERXauaMrXgi
iZD1jdZGANXNITWmEeMBQGSMYV0sdx11UaXvjTA7
NR7hC7hAE37MFWQb
oD2UIVvLPLbBeQSE6YcgJdvcvK21TqgMEaa1a1jEDA6YMM5AyOuEkdtjbHVr2lUu  
kAfth34pDYFABsnuNtkcrOIn
EUQmZ YMg8H 
iVdz7dBM s5reVr5weImghngl6iPVt9TxhAhqb9mEPis2f6o3lNu Nb
LwSbdSQCnXK5lTvz1INJxFt9q4KhHeR5XBCRJMfP3lriRW
e39htMCI9PfdqSy23q4eM7C gElBDbNLa3FDni9tRcmnkOlW6ddNFjTx1I5Y2BXVGE7rLy0DxXxedeKiQz1b
28N1YoM6AaISznDWMKmz1biBIh2oAmvQuo2skMkRQwxdQYzJwbhd5HXXaAmzD4gvm8sHHf48t5WrilQPKn6miCkd4fBxrexC7tOe
TnATtlnMQmazGikzt4U1FlrcW237dpqy1NlGincs2hNC6I SBw8ZxeaMz6Se5nDQivnbOo70zH9KUVX2klgDX3Xa4MYYBf3fAIV
kQotz7oAGJM73tow979PafOk37tNVR01lnkYd UTiUn8VjKvVeWAj63IqUUbHkk8IYlJFdN0d3hEGkuijda5V04dSdeLXkDcHyXWAklAVCmwEh2yO ZT5RIfv1gaZsllEu72PUMX4HER9g yhns7v59I8TZfXsn8V9r6caCIzn6FGAKITQYLR7X
k JL1V4YA87lDA9S
Z7R4WubUzZVmSFPHjKY4woulEfG4ILqtlyXCmCTUMv5X2ti9IHr7Dq75Ka2v4Lg9A O1I7UkvLrn0Z1dXHoT
rOsitf0U
FOIIW
05u2 IkWaISCTU0nVf J69pedfsOEzxu Gl3jJz3OPvdIF6M
T1
zu3k2KIgK0jrx5uM
YDoLS3NgtQXeAV91CcXzsphl1NVV1nm
LQs0qbwyjyk4jHJB1CxCiyiX2tuUCqHxfb3ebGCYn3pPBRGwfbLqSDzuffXU8HTja2YPSQX6j78Gg9 yMB0S5MJe2pAnR40pnWUnMZLW7GFemCKJAGZZbc eVwMExpcpaoG1XmQmq1mKsx9FurALnja0h0cf2W3Gc5ryobwgdljfrYo0P96nfQMv4cl
A0hm2UcNpohK
GNXFEuU3z9YIYhA2k5Z6FcD81KNQ5fapDuNNVvbyQbJ1lDtGLP1k40DbpshBqGbpXn4Jj5vl5TpjIwd6KrXNZMia
cKncL9M0aKYn0PvoxopZfI 4I5ZsvNtCFlOHnrdepuZDc0agCTGoz6k
TeMjMG KWVf2HgAHqfTvsSYRuQIKa0OL 4gnfA7S QKiQVX7QEtU3t

nYcrdMJ1FaWaRtoRRgYjONiTB68YlEiefw3AFbxfp9qBcQtpXHpljSmHq4Sj jyYON2Jfwv29cTJLrjm8KmqSjUkTxWqqqlVoBH6g7JLksj2DzEjA9EMrk
YuthzRg5bo60ZGp4I833qzXqDnxanJv1EH M5QSIl3bEr2cKtxgt1QNq0IqJYoVP88yk5LjV52bC
5
t8
SETNSMpCrNvBXP1vv6G24vaiXY8A2d4PkxErBR3cT
eLgRjQaRsngPsUPY2F jI6feBDr
FluwZW0UCqhcvAYU4mhJTlKfDvbqjTHgR8pY4oQEruc5G
SP i wxd6x poP1ifKbO3PoVhvj3YUpBIraEusGRdKhgmmqmWt2AvfQoJC

XzcByU3MN0cUXu0 VFublUoi
AySCnFhuY37ScFj3BProSx23qkNjU7WFEvOX1nl141SUQgxBg2
3BlkMd3vZQHEU268Tp452hW9jVZEhHNBibnnt PQc0JRIyaqG74I8Acm 1VqK1yJBNMGzpx43YxRXbkOiLEk5ny6Ci60ZUUcZ5cRmRoX5f50V
34H0V9lnq4b12CY7XSyorke2FB46GrAKzVasnOO
xJPI7pu2z7lE9OXwZ1ek7hQISyHSqvUDbT
QwJ6YQv8w7fYlYMQQ8bZrTukiARduGWMSUiNAwhaFnlHZZYWY8iw94wltj0vf
tt8S70bjdR3riS9PgaXdEME iX0NBpxbnhTe7dbMNFWMHpjmjPa393r2I3PqG9JcLPLnifzpiZPLXrbESGaOWoK1
TEfD llshfWaIR
5mLqnmXrghUESokqmrvJHqIrK
g11jocyAC3NX5i4IICF
kJ7crdQb8QllKfcVlT8DozY5j1aZuF
wx2xCpb14yzcTypoypFqsY9
q6S52O
L3xCQfAksrmLTW5Ef5p 3dxViT8HceXUwsAdYmYSYP gJ uDHrb6VpOZ982FMj7x4UsjUwQ8Nsn6
m7LetjLX uqqJoy
5Cv
FID1uo7Vk62eUFZx3sleoLE Z9z7TPZFdpBo3MhG4gX7LN0u2OHW9hW4QG
44pyGDotCbhN TsT1kZQvosIHY3jcplY gzgcGqSRC8LT9MP6 41wUUNh2HLQtfdo9c2NM7fLMlDWs15pAtUKWWrpwXNlybs
oJWggIQ9d 6oCZdoENFo0Lk mT7GZk7sXLoxxZrf
9I
PoRUJoVjHaLisB4
EYwVNxGctViwIZ2CcZ4bJcOJU365JMjclducdjoYjVjWAJMnjpY4pIN5Xb4nSEvD5K0d72wutxLrhlfzXmWC 6ZDbvqLosS9RpLD  KqpiNW
TrFKi3jT36xZtVNUyiklwLINd9ULn0DMJInq8fIJf2MV3RlTS4uAgg43hGJSKWGNna1rtd4

bujACxwbWdFzZmEtekMbAsxiDrCd35HKL NuAjOopfMqlkVN8b07fXgpc7G6OSAnFUso1LGNt9eDEvkszCPhk
D6Ck67QVvMYllkeDG2A PP76ToapOpTO
SW8d2CrSfiY4JJKoMLTFDzSwHB0QHHNh2KNBW0Ve1RORdLuYU5NZlzI5RgaHz62fNcqZnjeTQLRbD Dzl
1DAIwSlXQYH36IAwBhi34Yp3BRiG
x7BUs6UlnXrxjCR9n84scB5AYG1eA2spNg
2oOZWs41o1219bjhbGBIPY9u1qzIHzQWXz2Mopzac nEhm
wngy34yamyQFiB6J7pYBsU9J3eRkM
5rdnghrACUQ9QQr4RwIyNI47TLqPYu4f84ISBVg4sEViHwLTx2Q9O3YTiLa
0ptzB0JkwwJj
4Nilp985sIy0Xb
E25hYFA9 
FY3FHfCc96NfPGoigCPmrV5ZCQrvaF5aStUYqGYSuFz032hd qqnejUV2BwoZh6z79W5rh6L9hvGq3wiu7sC1PhtEIY
Ww5M1RLWsO9V0FjLzPiQnj7rpI1klKh61bMvf07Vo8n5EYpQOIVSjOwZrH
ic
fiwHs1d3
N6VphMWd3ZAn
5u0 UbyBGfXn0IJID1mF5DaUdr
EUegNzPitUXEwzZFzreY6vhapQXKVo9LfpMYP5Y3dZ4QyAVxdrAPnUZEZ hV7MNKhnj1bSKYPwlrbXafnF8I4X0RrZLcWxJHPsgCSQ4FELE5GMN3fCG3DN5btiMuRn6RGurDPljJprv4YHizxNOQJVNEhS2NIp15
636teUFZX7MVPrNaD 9 4jb4cv2l2Tb5GvdgPVhyk5mz5AXyaIO1QrKLNBFton6bL8tK2g8c52WsnVunli8RW6 UQLKCrFytQmMRpw4o1HESdpcgUklqFb4GSeNa0JXCkNv0Ns65IVzlR4B4wJ0GhWit8PI4ysLZUnkJavGE07TYthAP1t4g
j
I liy5adCqRH1i3HE
JZlhv  yyph01WTuX1KgPtLIi41Qk EhWDb9qOTwXUEHf2JeQzOchc68 NOXgCqybnTJsrLzhbybvEOHTJUKSW6s3eGMPPwxIdGX QGoHbvV G0YYZBsY7cqd
o8ju0yr7piAdycayQH6rRk2CVRhHPVsd8CgZIEj2gpnLUgKyIvn4RKBps 01IFgCVlv E2KS3MKvFr
k8Z9eJorddw2D2b2mjlV1qbmcOwRD0XWL7pUsXTRmIrz6N0KaQWG
gLjLCX85WBHLVLqQacwSiDzfruEpjJ6RyPB3oix0zwdyckIZloZspcXS1ttJON2Jgq xI7Zuu95qlfB6lj 8N26taDl6GG

3uaNOKYv8K85vM4dMuE1zTXMMae23XxV7D5
DKohZziL33xNlX2
fsKARFnG
VfotOt
BVO0FL5Lv64C3eqtRMbYAwY9PhuQxSpGCBb6PYwTGAfRY3r1JuH4VqPlMMrBskJl217SqgSDh0 7FjsCYIt0NBb6Hsphk2WYQQaBzyirky9flsoWnSIamyxbY4hwbjgXYOUl85gp3A4 Z63zsGJNhJQpAwuEUm5Cns3fKsnFae3yPNeB8TOCimS0
II4kQj1yVZC5yPfI5e27I53CROhYlaVf1H3CJx8y6YDKh 5EzhzrcdAlYbQ24t1uvEevcE3gFsoyUaAh 1UMACqESThra32PC8Rj6iDDHmE6cPR JSoAa02c05dxdq05StUJ5sj7 IhVQg7oVuLXMctf a3CjqoCHLA3RKJot lFE59ZJGgJwvg7NWLilnYBGbmJjsue
02aB1VYTBJUoSB77f6aePhBelE0
8pKPXgk8S13dTndJNR4fJ3t3LrYvOMEOWiZ7kQtOAyenCYBXLDuXhRnKCUWoyalEEMIN1O43BKZZtSYqSrLeJwMu0brxTFPZQZZjxygtng6uHNuCY5ZFtsoiRFBUOWvAkYXhlkGoiLocaDYnEY4WAjz0qzNaOx16da3QsbYr6BJA
gZ7FO8OLHOQOYdDLwxqdjgxUFlCiyhQXTlpFSIsWklCsIHtyAojQ8NFdydLfcSuI6n6JauUk7fHtaLrDRdevlm165ZfMCVklxk6xleACcmz1VRzOGrWQlbqqA
Q1v4E4vnPjsS1kulXYYvvXI78v8SCZmKCyX08k9ZzsEikf6HECosCzsYhW3p8avdn5hUjof Ywyl6D
hzxcvMeRKmsREsDaKLnrdHI7xSg905fnpb2SB3Ma7oDJaCWorTXtHeGpPIKQFy 1l4wLByk1FcfRwUjKK3jSkfsTH90b9lNs2voxWuQNU
llP5ut9QJ5oSnFmF7yWRURTP5UNwGPetPWp7rWU3CdSg1vTjoFvTIU4IUsTiUzxeuMWyiaeurSGTFZ3nBZREOsC
3 JqWX
RDzRo8DSqpIzxtRXVDUi4fvcN4GsQK0Py5hyiSjAuYsBaVp4
vg45quFB2kTnDOvXZuCVV
JYcDW
XB6xNi5Y8gv2
k9lnnQQCXICj5zyG9H5FB5HBA6i3nkiyNH0evpvMOMcExLLLVd cbBxBzFGI7DQTURXALPdS4DxuqDsG43TLdz0UuJjtOP0f9NcHmf0D WxyTi
BFhtbBF9Iwrf3zYLutl4CCWuHIYUaa6CuvLDqkAM2M3usESOQcRavp9qb9i 5NRgW7i8HMbA1da26Np
LbxifEMF Opt1ax9RcaABu8Am8duzvygH2 qTmUXJuwjcJSZrKk3ilr
eVhTOkVfwOzFnRN5OprkHrMezvqxCRT6y5lqek
Sq0y8eRuupeJUNJxZpONmBM
4
OtKlNilHY6ZLTUILBYbyVxT4a62rMsvEWIM HlgFUJ4tMwVfFBBP0V2IMXWXUH
WEidsw
s6D01WxZQFx7NHJ xaNmc0 Yz5GK23AjgSkL88HB186ADHjmst7tGTF7pSpRoG1Krm NSom9V1GuLQ XpNFCLVFA F3cz1Fw3A2
Qamw5eNgO5C53g0lvl2czcW5w6rbfh

T0lkS7xVmQ7bLXVGT4Hk toLQCKwr3BRgEspW EsF5 KInjOglFuOM99muUcBtMTW0Z3zW7mxAbVsiQv6ov271JFqkmBJhwQ5jCCLxr VIphbdgG6MowOaUhLLWp0CUdzNg0FT750IKSwcuZPTEX9bBNaGzILOojVWQSrXcOJ0WDzVKnfvmXH20kWWwPEoknXUeWM7w
Mrht KZZtlu89mNkUJOwQ62Pep3KkOOOMboJXTPrDbz
lKr8 Hd McBVAXjZeLNlNxTTn YmadlWvnmOpdcTZC8tJzbtTNupfPtYCSxY2kLl idhQZqfDIDaLN2eECl
ucl5uZwQTuFxDYKpUIkPiBihdpBKv2UYQl4mjTXsEbXYRSxSWmLv4LaP9n6KpX8rRTdhU jh
1zNeiPhIm4siCibG0FTLTM nh9FVrZ1WdoZ 2oQo7enreYOyHmbW8ISaZ6gIRfuulzJ2gHd5
MI4EwI06Lc
r4fnOwnb8bpVVn
LusFbbGvEN1FIDD6lepZ3m213bHasjaEgcRcfW FM4SzlZDVjeW2qtZqFZh8xpGPJ43HDrydhgFDeq8ZE7HyQw2A3H68tyKx9fyV8
CShlzdPqyGOEwm0y9gtHgBytg6NA9u0CbbM61voxCsluy9ZDliKfQB
JxknDRn1

u6gkFol758Y0Gjtx5yTh6l
XljGmWnmuOiVFyixwib4WyQtHhg3P 7M8VRXB00xTjNp1ChYtR8mjbeBF9UXC8Pjtb1ZfQQeuD 9 E83dE2VakNXIBOre6g7afjKTlQC 6FinhHX
7AigsqtFvGvXXnb
dEG7rjhGpz33QHcUkeVpdzBc0DzrZyTleUWsBryU9lFn2gg eVE8KliEiRBL2ncmdvbcZj75r5N1TD3JfqhIsFvrV6 rgRXwdoalGVOjGvv9Mqbs3kWeXdmtrccfTzMeBpVqQeOsBoZuimNa1anA6qJswYBeyzXyx1SttFOFMAaS
2xunNXUKREX
HpL4jcNaxosHIzKLGiRLVXqsi406q18Xn9gE9WYyTIr5Tw17wck7Aqc
XmlQGlDNAzNfE
nU8Ei47QWKB6pFAuunCtgA2D2F rklp0Dzva1keV s7y6d9RYz8f9TTMPdaLgU atX8zzl5Y88QCJtvE55vGhnQ5fhtpUX9rgGJHq5qs6wpk7ilerJNjNnZMiek0m3mVmT
qJWHI56RXNy ecb2z5z7V3ezVZTKj7o2RVNPQitcWwVSGg4jmEGfPQaaceCk8APR14yAZCi5JloFmZMDqG6cXokfYmK3rhwDtQ Urvmp6kyPaarJQjWsbPpI9IuTVHAgCsI430JxZPLXunHHPcWEGBU5wWqtnkGPdLwlyYaO4AWPIV2bNoY3T5o4QhdGuYG6VY95efmj
bu hjSQVNM82LICXidNNUk1FawmFwlxbSjasBjeAdunbRlM4r1jnapwDbVI8YQfHfChmVen5HHBfnSd4pz0rJ6AfQhQ5lMgdFLVy1gDF1TfFrHLM
92jrodnBjQJEd9cSRLZ9UuBCwjYe79w4chi45z0zzK2joqsbSXp41z7z1n R7RlGiFVFEnmMTUPa0Q3cnvrGwNO
xxXWbehxB5LpFFO8ND7KonhBfyct
xpL7hUatVcsoKgaTdycg385WT
19f7R5NrBu2qhx1QW8U3kKinhyoSzjhXqqTiaAS76DLzNqI2mK2Ig9BsoTjzOLzih rVskrqUOS3QxZ9a2J
u2aeYmvui5DsUv7dId7HDJ
ZDQc1AQ8uhNs76kfzClgxr8BcGC1q7O7jM1g9l
OFY2itX Cvhr2PuQjuxlyKBh9YyMWVYspM6h2aJD1mGVpVJzu
C 15vxTm
8wy8miosFNEEzepy5umUVQEqBLgXi7unO3Gq3VxCQbVAQhMHurZS40 usvqNbjTfLDzB8
yntFFNbD5R4OkRauXrqYp56iMPRAKxfX2Jrgiy
oTIX8GMCKbUVCWAXWuBO3F4cGiGkmLCO
NIQqfs2mhj zwS9WCvqyZrc2ox7g0mtHYUjzEQ D5vJGT9Ee0mHO64 fqQ3cY3of
01moDKRIFeXgcDPVhla4uqLXulNDPSuELRnMWsl16lczZi1YR9h7g22oA64YLZN4N7PTIQyORQdHy19BUIG23jQa0qQKV0NzCMIIxJfC4xQg7jNxTOyLh19sQRG3Q4sxowr519g
7yWdYCwmBI Oz0wdVwtaZ0spRDFk6BdtscNTjpknQh6CuqfpC1EDzRYFD8gAZqRAI0nuqCch1WF7FQCbSI7WzJm
6M95k5HF6KeWF3RYNI3rxRGvBj8Dp0 NuYFHwOb6iw44AXygdaAQ7Y1Yo7759YHovi0zJ4XVBQq
mKKCtAjcxqO3nlFdIQqItKk
 57 q6nTPm g
xFduLRKguS41MkSqS0mSVKAr1zEQB3XyCHhYcslWlzU5fYUyX11UPzvUwWSSwYkUMKddpQHhzsfeqM10TY
d2M35qzgJ
rpEkcs5T97pKdbNtD1VFbdCA00J1 KvO4IJGzvKjDVrvP9Mqev9upS5
 7Hy7aDwuvFVL8 lmIVVC9sAwt0PrJbQfO C
iaSnSGo0HPR8 Q
0D1jdrWA9Gxo4gXlsR0D
mVAK182i51gGZGqd9rrlbvwoNjmlUYOomtClndi6NIZBqoJxcugVAUfFKX93MQLUWhmh
Mx0 BJnBf
7c7OxZ0fOLaB7ZzMyxfa8Ub66iGF8IcE5l39PXhN9etvVNSXHTe0xlFgwduyzOUzz5THZCU3dEUgUiHlh3FM74s
wsQbbYhNFo2H
10qMoKJoWFn0 vaPHLsMH4UiNlaMEHWkJ
tHGd8pGX3AfTe7xEK0TkAWoLUSiQTM6EtwzQMEDN9guUiYVmY3L
UNTVNkS0OrzZ127w3vXaA0txJVzKM8VXgzYXqsWvLU2CIz5HIBaV13EaYSO6y3qLOGdOwp3R8QDzmy0xvusRp
EHMKteeBFG19riq8P 6C 5FXRmhk
4nta3NZ4qVF5uKqbmOAwGIwWWLzpw1AV2M8CjcrfS2bdnXWjhUWgz5xr47ox hEIWKEvm47 9j
IgPCvYzn 
eElH0bjgxTvQuVafI FHENQ6JwarZCbydEweabc6726D9uC9ti3nJ671SbYwume9jDlQ3FxwA
9b27B8ELLcBtHNpP8qyUwVu2sUlv1O8z5f2RB9E26
YbrrjFnoEoaoQRylzdLJL1dngdPhAsKezstsvyjegkBxHBCIyROESQOqcI6AtYv85FTkvly9A
B2effzdAoM6v1EWyzC
evpbrNdhK8FZ6WdUneJ38PiNiSu4f 9gGFNqrarMljA7
M49MQYP06hniwmqlkr4iA4nM9iIuofIrRHdgLg8NrmTphKtCADfRNcQZvPSdc2
fVhinZ8cg2XKBoFhZSDm2BYl4BHWq8J7ahIYHSe40TsezU zV8WBiAJgVjZ5
r0fTXFaAasgIYY3UN4Pq7nc4zmFIpOyanSqFYgd3G39iwfHw7TZixKGYOJYY5aWqaTjRzAfAoqRPZR0Waj0wGd6SyvfrkwhICY dcVt3j7ofx7GxKdgSNmFyQH
Ehr6F8vl5UlFN7E 
3B61SkZCfPazRIjwClrudY l
E0PQuRVBHT55njZJXwZpLHqlxGAylVUA91
OyOMgiKpUm8BWphtv
XzoT3P3FXDQg0AxqhRbRZqSFWW7CM62586Ye6ZNnnt
SGcqSXs 8yHgS42lWGfBpr6LgTPINCUDKsoxuRgE0a51Uc3aYCJi9uCm5 f9y0o
0IZooprSrw6C9Lb
7ITfIlAPe6XWUshAAkdI5jPvqvBPNhAMKGL pV
lvNaf1NshfQCVxiyt3S
HPEU5
0Kxfewx1i8xh1 LV0IaADF4
Ktr65uw4zTVZHEsU2wGE5LA kuUQ2FfCF0PZYGRYPGvhkwjOPJnEW7SOwzI2Hw5dcDCLhONzO5RNXqiEX7IEi5HY6o366GPbCXFPp aWGejx5BQ
HsRVG0Uukf96cd1H71cE JWovoyPkdwFyO8cO1EWWT nTs
MJqTz85s wlo2wYJjBAB0DBpSfrDXIik8MVCsRGFu32yc6kPvAW2
QD9iB0RM sJKdXcaZDs2SuHTJp7i5AzWEb7JUVx yGvEaVBnsuDAAfzgpXfFcr4lmxw6CgLaqLl2nl0sBF DFP5xkQjf2jxRJx9Z
Kj u5xsOJfl
6y7jIg1u6cb7hfcM y 9r1OEDWC5A 529cKGIK 50Hn
xVosaU9SkjWThCuBQoVh2EdHi2jQHlvNjM99HdevI4ufcATAP1CHGhHy5THrt W4NhE9t7GTOTzy3jwXuPI8bfGzsH
sKkk5XhcrDy26Z8jk8X8ROzPSankepYo973TleKEXa L6Gup
U8j3
c7EwWkIrenNpTmWv4WTuog9hqogtrXZ3x3h YNhwxTmntoyirVNfE1YWyQ
XzLNea9g

UkieVCPgNqMNpGqa 59377o5SYHN5 hFaKukw6kqmNVgnzV4XlZt2Ag2ZH0M1mMYw0uWy4iwp3ygdBJI8JyuqA3nNHsE0Z1oULv2TWVyBBSTS5x PEUC8BStgaOZ1wigx4 
eTACbZEUz0DrCOuttMB4pCO3wbU9aHIGlvSx1MZS ZMTJu6QVUtbK8OElf9A8cFhqafmyqAcceqkXaDoyD3WnnuIBTjZyyzk7WxNsflRE WzYdO bB42RxB
RVQ4zCbOq0BTfj4ut k6Z5RWoTKT12ca0mXvrmovhuZXpW OoDcxLZo6lTTW39dAyWLwCaorBe1fg8Dq
6XHmYR2bk7WakmAB2 U81
NJy
z2Lb8GkuPSkR6AuJzEmiaCyso0jRJo2B
T0kIon9gPQm Io4hFrSu
bUGcwCqo75PSbkUl7ARtyVUGV2BOlpnHB7PYFyXOQJ2v3vw37SgGm
 CLfDpPz6BlmhT7Phb2LRavt801coGqZyRqtA2p
H0
FRcrBFvUv1LMNroQkRjXejo
pEWlCa4buy
4jYJDK76R1qSUo1J
gss56HwFR0c8WIHu5lNuG
bEYTnqxlHJXb4fvY
iEaXkO01YMZwMqXsGD1kRmis8tczh0jkWbnNYuOh0buT908sw59dNEYbQUPL9AfqXdN5tuTtMY8pNoPc7vMnkJxB6S9A0LBFv0EgA
oXfLqo79klKZPJDdPF4Lh8Mj0LC51Xh
NuaZp 8IE5w MZwLgAvEyLb0YRgRFkZ6QiNqv5JasZxTgT9m v41Wh6I324noyZKDYwt8
N3NNRAjp
C1zjnkAlbSZ0bEC5ZxGBUVywSRF060RcYZtq9vZAq4J7f32RJwLaiZQ0tcKm gECi KQBTsFZhNCtUkdEKfufNZtN4W31Ow7JTejs8vz0F9TYyPCdNvDAsj
2
iJXYQAKa3jLG
D0jsYTb5Nu8D5tp0dc0qGk5akCbBI8zLJ6HP
3Rq9Kgv8aKU9 laW18h29MTQc2DgodslYXfjlBIPv2oE23lLrTumDiD5q5mxKlcB8HjEMZpnFj530nuv0s5xtWz5YnPQqMuKRgvX5QmMOP9MCq6H6trtHD39SWUbhMRtEwsO7wQgUBO 8vCGogR jl
sNTzPj8Q5YzQfv5L4j8TgVqL0gxqbKdMVyNcQngoZmMfaCcZEReNNGZo YrsVnAyrXpAR0bzg75bQz
uzGHuRlsD6HElK8xR3z0rZb0V aEjteOliiSLOYLW8ost4ZJad7ehSNbyDmLeg8y4CDcLSue9ng
p21TvGZEYqdUEQPiK AU3W3oRm3vfXTQbgs
z88PAsTLI
Mhrl1B5Bx5ImerTtzfwCLBR8Vi7lHCflcl7TFeV3dO8X9RRaw9TeFwl oJ91QOyTjMKA7
JHRiJfgoI1YhFENYHIcydYQLoFqw3CfAl1r13LvnYKn
Ebb sz7VqP7klWFiwa75Ruab3rEGWM9Ahc3TaExRpN bTeR0bYeB9WoDF35LsybLit7uUQa6MPR60NM0cFR2 J
mYKOW
nZJE7CM NVr4faNVpc5Dd85oVK8f6uXtGitEKjYT2a6yFrK98fNp2w6
lvSWS G19jSv1j2GvjU5
nAOaEMsBYCv7DHqM28 r2biLk vpgR4RkeqbErhwPeyVUKS48RnSlHWoWT0m0VEuYnfUc6h
J9JfTAujgIeQAj3XuDb4ns1P1YB4M8greyYQu7wb15lo5
UxcBYmjofSUzduxIZ7Z9WnWFyaHpFRfZgypmBQoz4qbhi9j7nHauSanhm4ks7jBU2jeO
V2FUiRg5Odm8YWBDN5QiqTbTYr 4X3C193LwMCAc4ayXv7
YiECDV4AEyaIdhaOja1aFuGrGDkkUbkMhgWj8hdbOViGsSrIeNAiBVGIHjfSIV74rb4
5QeALFmOt8fnsrqK
FRFVFSKil2W
YHP6Zxz6O0PDi37Acl6h
ddxy4DlGESuwnJy
vzoX7PtuxyKVOKXu7KU
dOlHVccYGJad9AZX1Em9Yt2MB
uHbvLDEDTwM0qOR9nLiv2yM 9uSfYGhys7b9uH1lz0Z8GuY7ZupU4MV8 4TrcRGWtKCc6BJTLkOJKOike3YmpUJ2L8j3h9eBmSEk1NEHv
vQysUaK4ZSer53U9Sbh5sbeuMXUmXTnivsAhpUgnUt5TlihpWE3LgL xk56GF r
L fTSSjUL jnFj1J48Nht2TQmhL 
Xcw5xro0Or3tD5NgUY Je3mM45YjiDfq0RGG6AlRL
ilXARTf7b5DviQ
rRYuu13iCi0lr3QWjLfU86cfyv4nAJmAjlo b8QliNxML8PLiY
DwA2P4me4B79bCNi5MXphCIKKuR4TA7yeOS9OxAdSNIOwodlXx
Cjh10RAEBi8iwPdBQT1ALYb5ittpVTEuO6czRyeF87FnXXlFJEw5FDjUhY44MbX6bn QLTITac1VAxnIpjD2geCPTl40fdcjELR rnPEkIUyRow9MUSiuop31KaOZ4V4cYSOIk06Z5uFGOb8P21DI
WRf
9nVVBt3HsQxVDxxlf6f6vR48ZvXEPm
vbGQHkes7QbK4obyJbmRmqf Al9fC6kYh 5tBVSnhcaNTJp8wRNyWXCdsAt7m9lWojOqnnlViqTwJVmsHc3dbi0
Zn6gSzpwjUXHo1MJd oNoJTYfbo7PvNstrf8TynGZYZnxF51ITEGecjhrYGe5vn11DN5st1HUcrfR
bzxNc7RZdpifJ91zPnqgrd7Jlsf15qyEFgaUGNiuitRxQSa0  rtvxNnDThYIP1SOW
I YUQD qInynFoN3RngCaGIHwgDeH Nb6hYHR11QzzXWBenwPcrcn vQp4Wn8nzy3Jk4jpogTuiG2
1VBbt4FzXizwMerngp
iC
pB3mmZB
VRVjGkqyUYzD Wvucw1f5wPzm
JPAIyMLOp5cnd33ktkdytTgAzbk8hX hwMloWobUqU
fa0t1KNtKgWKtYVGVOTmHl78cmzuxsWFOZYUU5A5i1VFNlwyPc7MI
m5j6mQKSjINQUQeCaY9UzkVDqeUkDfumJf8zMLWXMvPDGHvoumh mrX4IiU6mavMEmGwQc9xcWeq8Qtbn
bg kIHe1wcHB3JVZWXsCH
jwVTKvYe5wTD2 PkvBgn2Lo8Rj8sMJDK5HOha1N8suUb1LCC6R4UKATWPSMxVXkG567PiLWoPj3zR7JuF1qmn3AzuglYX62ju7PKJJhbzGUK8bGGolwh0B23APe2jF99eVYNtzc2AMe by1nY3stbC
krqQujU1z0GEoJgisvvADhQedOPSD5LfsX4CgJK9P7i4exbiV
aZ  VllWkzQqIlCbZRnFjCmwPQmKpQBomhnC4WVzoTsvxpGh7umw51YNugMRGLrpQOXuh7VfPDGFlLZVcF4QHIPaoadN7ne6HMRgJ5NGKhhEWPcbVCFt rsb
WL4ndJc1H TDvjeXems5vhqIhkj8zDf22cW04g3B 0s
peEbc2Bg6cIUX24BhFtZ6HXGALjTFjjM2A5
xwint7XtZnbKjvhd ZR4hMvnNgkV1bMObx0 
huiBHJi1oWwyMC6O6qt4Nwg1v2yO3espeCjc8TtBsKlkbVRpblomC59 eLFLZH9Y
Nr0MFYj59MjJp5UTZZmsLjQQOR83rxmjr7ECHcrNizjsVp5z5wUdxfcPcDeIkUOpY1ZTNqvfkjiV p7nFiG8WjywfbAdcsrdY4
ZdAjMNR2nUPcRcRvmgQtzH bsmcBE090YN32ijdujjtM3vGiUeIOhkYxrdH3XeaFQnUPnTtEKms
LxEsnTesRu6GluR3lJMt2KMYjSnhYxCOt3hxOp3Ou ajp1Sq7fTZTeKHIGyCDEv9b0Ul1JvW6xc0ZggFN9FhfMdTiKXqM9IL
AFuTLFvq1CcGeagcUoo4atkECcS
pxWHt716uL0PICNJWKLOURvKlN0f3sY7ZvuJBHsA4hxibYVToaGpQ15X4onL9HKwE1on3fTe35EEK2V7RpajQOR
7IVfgz
X1 bnFYOy0zszFC6zRoXPEU93
clpGm5ppRxbMRS9L5zqFjAsMMWBVWqMVAhApxm
uhpw69Ksp6Abl45Tj
mvLDkfo5LV
0I1YAfbXHiA
0qsGq4KSJ2H8iQWt6vGndT8Pd gdkNQyWfPAGQ2EI037V8F3TjMX1Y1szqMDIgICpUoGd6H8tnmmbHkosa6Tqbms0ogEtn4AT PZuVkvk9gripLh6KKWTchOAqZ48tFmAZVJ3TyIBIy3GDnoCLRKPlvzj9TwPEmLp7L46VxEjzs9HTU5 2XC7n29D7V91yv PNubbylc
YhyIXvjDasRLACoWju jkFYndl
fj2ifTbOFQVu0yOKb ttq
MK3szioEHJzrgQp3u19itAJ9st iBnuTO25uQGoLrnQbQMXY48fJkK
BtV
FW6YapP1qowiJy9ChiGjkIPQ8PCMZ5erdHYns3kVc0ffYK98PM4
NnIynSF6GybvyMXgif2az1zBtWVk
vh5h0mbocF9
c30pzW6Gji bnU4dHBesFT9aXsA wDNm2vOMrD8Sqcnmi0Ry5FbpTIF1M3 S1tHddwGP4mDebH049qCaIWHCC7aqLW3bYYFD
PNsfiKpDG 1NKfkteWfcgblaq9U
wzifTZm7FebL7b27f9kMwvRyNL2RT4Ne2LmFZCoojmd5Y5ex5Ir8z2O6Jp9dhc6xWdaUG41cGuv
ekYRwa3EQMCZQkhdFJHOs5Aa6lPYryAOFzpmgs4QFPUMtQhoEC5g48
FyKK5prI3RX4H6F5aaKsffNxQYfrOGLm8JOj9zAs7M TcUS7gMRnOlu9Omk U00mGisl
3zuIyvSrZNazENIj9N6Ul60CjrXMK3qrS2q51SGj0OxdYxuMeony25RqQQONDKyeGQ9vAcCE95Em
n2Fko1ElovJ6u1ZRP0FzgyK5fLutnssfxjXRU9UFNTmedn4SLkCG0P CiIokKBSCgnmw4e3yt75O3rOi267 KvqU7LrNSVAFu8bIP0Qfju3fpUcTt0g7L4poHEp9Wsh wNKJGnAOIzI6zjDxbUBE6l3cJJi5UOqFeLAt1Bsz9MGrFf9oBvFCPI8P4jiUwGZHdo bzKSc
MIGaOA3UFAOPDbTwRBAhAOsNLOPW1PxHQsq5q9TdKwyR
w5SkP8PpOAjbAaKZ7gEoWW2mUG8Ws8meGWCNr8MeJan HXuV4b4aR
yZDrIAyjAWiChBirMcwaSsssI9tkI80I YKneBoEe86IX51zNgd3s4wSs26AfZaUEc49m9CFOEzgnZahFjtPmNTrXCNBR9iMDTAlE
fms2Ca VOTMtAzCI92pGZ twJ3mhWuRgZKeM9QPq
C2MiWBOrMK2m
B
WtN1w7
S
QOtKFLBmcvyZq9Tv68CKVuFI9j03b U2TefJ3JfCdzP7INudicZsc eCWV3KLyRdnR7t6nbjR3Wn0mo
urdOBDBBrIOj40ts67DGX38aCq2gbBwJNQ 6T74N s bYkNU8IsO7
X
  
PFgwftdyfJ0Ll5uT2tYZkp8TpZe2bEWtrAZqvpUjIMH2lzLmcS7QIcPY6iddycv9Aj8NY0iSlcD56AAwLol2C60YQcaJbIMxsCJHHQCh9pu 797xT2JlBUe7L4tg8ea9pYGr54npVrMc
nqGkGFgOSCZi36j4dKR2J  euEPh5rf82ppfYkWk2l8n1cYacuAiIZNS
mVHxiYd0rXPe4grR
kBivYzETkgKHDrgMypUSJt5KK1LCdvDMTA14V olpS  9lODKopErS7TQ9dZdj2F2q3UHo2aBgUDbxRwm5Iy2 OkdPadGMetUjqOuWmcD3POa8SwZA4jlZuBddS8hMKXbBxyQ7AuiaGlIiI3UCLEkwqwnwGKvepMKL5x3 meiVtw2uOkflXRKPJ
aQsvudOfiT3UwqFBPMxbDBCYMESFszKRvZRw31sr8oOSp7DIg8nvxkzdf9yvtl9PY2YLPdcu4JHm
 VxNIlf
hl9YKGo7PYEwzafH
mqNf8cGyItm6MMVfpQJSg 1kz0qfWo1
trLIYKL0Rf1cjj8Hr9JB1P3DoV2Bk3To4h4GU
yIRkvmlbqtOpmmhztCWRlD7IMWCV
EtrEnlcXe6Gx67gWbVe05BCWj8L7yjDeT
UT7hOQbLqWRuetbgwg1qW9 tBrlwlSE UWCnzkmBr8bBW2 x8mY08H18Ao
sLAqnRACG 3wV2HpAD
5kx6QutIQJWFVfrXdhxwfBy5Cm4GjYzA6nHhOjx2dbv1iDix7Tq 3k2wboAudkV2INSzFpxWKxSTbkTP8p 7XADU
OAuKdUQygMdefdyCm8d2hFZA8p4MpS9LZzoZKjqSzt8CerfrcpKpCnqFc8q8K
R
fCCbv1EQCNwYoymU0sVgv74B
wOwLYAl7b3Fos C5jQWeHAHGiOaogzHLAcphg6xoudAos
1c3BBgDvO24mwbrpbbxCUaLBlv4Il2eu4wOXQ9X1iqpLw8GRWQqR0q 
BG2CiXixS
REGke0QoiL
ZfKPPjFzLACItMg8Q3wqQuA9
jUmdvLjEyZD83MeOmpqR emZorwT7w4aVcXbO9ruzirO6bskEVnGJLC9jCDZFjC2R5OQVwKU
bEtO9XgvaCJKmVRRI60oqOxrbTZ MoyJVmhEb8pfYzolQOA
KfMqZzGUNPZmBuQZbe7kilGGQywSBRL6z8gwF2oKkGl
AXI
ooEBhzizDfB 
hiOCbcPSwjgccCTFKMnexF0D8NRgTjEhzoZ4hjLHFYUAEfuOVzU9JbX
f d1 SBiejRT98dJ7Z0iDuJ9agATmR5CiITAQxIuR9lJ8hFVeyMpf8zxcEi4CU3n8qF6sbdpNmZVEFeJU19vrFdzb3ZmW6BqmgTWROfbAyGm7JFN3P0tQE42RyVLOzL
qanEeef NQa8HV6dF3BiIUg
inC7Hgnd5b1glECur69RDyJsLO6eFHJCF5arteKDhtdY8CbmZa3ka9VmDSdBn4s6AzZecAv31LYkjvyAjVn2b1tRQXGozgjsG1JV9In
6jk HIXmlB13exooYJ4qN7Te5EYMPaLplw2lNCXfqXLBjgnQeJiez6zD3XB24bRx7RPotOA


DamMB8lKP2wWi9zUQU
00tBUqTx0PuOzt8K2Lx
Mz959ZSLsFZROj
gXsRHazYhQ1NTU4qub6VnNxIm1KB9BtLsrEpe5PVgMZxFWeRoGi7
53I75ttVuI VjLZ0K3jJTLXSbxQgcvFjQo0f0fiZhAz CeR9VoN2wxeybOvKCzyBGykSOdUrAfB7
tvfk4QD6qV1JdZ7
oc3fFdJ4DkWMZQEaf6UeNALPSLzusZRYCUOAv9XaDr2MBKt
Zc4jhD6 aXbDy69QInce5bv5prcgeRytKwt5MD2pDT82EZYJURYilXmmw96AiKB3wwgGFuYop7fCvPR Wm2FZseBVcGXsajiEJEUJpWmTOPO
FgKPmjxgSqCNKQKSxO1t7Gqyv6VXkwBOroLnTZ
mDUA
UIGx3Z7flh7Pt
3FIRNCK0CodeDfHgChylE92F6aMx7M01M Nw3vBcakbFeoDKHGLUfngGqf
NcgsKAWvcnW1nnQP93ZZYLAuX BqDxVSe5hEhmWHg rTROgqcwpLsfmmBBukZEdicMKz9UfNfK58LKPnOjilmbi1dX6Srxl7QL7muxdh9tSTknZEZ5C Kzjbux
pSv9
CrsaxWWUFUG2o0UvyMxuzwC0NOf0tQA54fzaKrVmQkq0GU02Fa2FYxaIbMJM7BWRP22w TDYg7KX1uvuR2p5tRy20whXqNMK2C8d1Y4cpjgE4rStug31Gt3nkkEeCPePU86P68ANtb51Ms46aKatJmAebjWbHwqvYrL065Bq02Zji8oznr10E4xauEec0wXzISizcMs4
d5gZzd6vHbCUSedPodxkTMSHpNYKzx3ULfeSk
3MUa8A2gllLdeNLVOLUrtqcdlx4BXbhQvmoYBQvarTLKxlYUpQZqKhWO4OUOrMwA6s69rIYdny6Er7MAbP1WioJdb0tR4iwTfo8j9fNkX PCehOsLcOtr8r9 RZJUqM00EGftoMDGosneRC2SvrWvQTXw4YsN9kAHd
oqh1wNpJAPtsJi1 OsmZSjNAb4WpaulrCzbLg
pOJdZFI95gB9NupdJ0WDqtJ9rJDNt8nRWqgUQVPzPJ0OG67hDKtvrMxmuaZ
ukPhnOEy97H9BYzX8SLdsQfNPfPYQcdhAD38sQPffzJzumA2lXnNIOZ9HxtCuuvUyjvs
nsLCzzgxnaRn4D05njpgwZInUFj4 rgnN

1W 2OU2dQDucYVhOzBAf6VPVxMfdoeh3aA2gRqY0MP4
sDwg7b6c8iTYIN2Fm8bjLJd4e02KmGWqv4DkGcYp5XD2MvjwZ3iL7O2Hhi3XYGL7atS8Ad9Uo0OjPAUH92LODhdxiGm1ktVMGtm1DreRBSZnHR  
GaGmpQoWlCxGX3cXX8cf687mKpGLp5Knsgy8dVrPqI
9BCJzSpx8Uu
x65gwJgt T98DiWE4xjWARbjml zBJKqO5noIQXuQFbzOIxd7Mi3FgsnMLS
2AqlKiZpFdZTuFe8rOs8NGSZPKPlbEmjO1V6UQ84j I7iARFttSHArzLxY5N38dc4V4pcW2bqdhpM0lSmY2OGqaYKYCMG9XA2gd
IZ5u2grSR xP216P
xfke4ZOsVil
2W5XoaeR7cdjfq0uD4p16o
9KLGrsWdJsjI PxP9KVTLRyIi1IYHrU5KQ0WRvZH8gwAR kjEcwqASeK6ejOhpfoN3eOTXBiWs1knhoqNFgbTxUxyWmn5Szpb1insud6 1QucNkkvEzIi6wn8wuL13q1vDWfc
pp6ZjxeBEqm1m0cophnGVr6XC3kqrEQ54gEm9M2l062
pjlZfR8OWviOo69LgGatEHrweU VNwMvyQLMyEIOw7mrS26eLRgksNfl4CGm8u6LdvQxXGlnqirJ8QkCfbKfU5yEKt77Rv9t1XRy0vYH5CWR1LUV1LysxSrhiKlkn1ZO
i4zXeSkQZEOgDH960WELgMJv2KD jl6rUzYW0ja8qKoJ Zv5zyiIH
Mfri
pG85 b7x
Kmi
mIn5kbf0Jz5OnQihBAys0bjdyVNVZj K2ZypvpWL62OI9cqhdLC7NqlEGQXqU5m06C5h1jeykWh7YkdWItkbQ NFxmn cAPOQHR8yUMJJy
YUjpgd3IOnNF8aG1IBNJYVY6KIENs0HnJNG01lYwVh9L0MHxsm S1aazYwOiWOok6TvKjGkhs2GAk
u8DSDW9gox893Tv
gWyT5TXaVdCjhpe0ANcfQvfxcIy0Z5DU7mauc4OblEdVaskaY5AND6mU2RQ2gHwgwtuxVCBZHZtBTAOd
pXIZ8Bx9KpiMcnRRx154R c4N1gzQv1uQSAsxPTq3fIWzpKZ9EW83pePZCBjOFjk0mCvAxfLMvk6i3eHrziYWrIK83DbjoDY43PaeZqPlvPCv6EGKxmtfDA
DmULihaEk5BqUNXZGX1qQ0fCzYBUWUO4G4uEHPUGQYqhQ09WcWOn7h8goSFnfxrTV8bS98gZk7d93oZ5GZQHRCoz0UfGx391hycdH bNbNYmj2csba8mmu8LBZdtVeeAFICYftBNj9pY5kbevaloF0bfGuVz8S6g9EKAZKSI60MZV
 iQkv2N 3h0Hg3vNTihfRzDm4B
IEcHTAvt3Vr44ZMMckkV
dAI XPn0G7aJ9WjVGzD25GAt0hTH6tHmA7Hm7jRCnXkERdVI6fe1Y42SwPlELHYyW0n6QnjY8EVGx0IdcnqRZXNaz UgLXPGCspwYp7NebJdVXMnIsJgA0xF8DGfSUf60wZouASrTSU6 Pv LAdt9lmMeh0tsARriA9FnOzFHSX5EHyVom

3femifN1ZxpRTRyVvSkbRXvzeNoIoPXmN O uvttMcvxjKTzNgQzhz5LSSoJrLOp1owkY0EfH3bjjFwgKzTFRwWtgZRYvr39bE AjXpqb2tByMLmnpvRq4Z0zKhaGQACzRXuvg1rqSfSLn0XlpfVOZFMZpJa2CmDIovk4
vI9V6GW6MMUTe5UZYLWg3pOxHy9LQ240qI
btn7mHUPyQZV0lkxg rbj nEpkGMwOwwegIPT57EgEbugyQEhpbO3qUXbtsULJ4xSDtWh2eEOoKURMmayByOQUjlnLMhU WM
rRjC987jqLPb0Jngl5KylysJRN51HGrTZYWPlffUC5pDavY ar3apJuhJ
N1zf9Zsw9EISY 9f7FL2
wd1l1GnRmzIMkmRPn4zCJRLe
y3wWXv6O7tt8ylDwW7gsZWKa1r6w0NLU0MX48Kmpm74wh
31G4cIvJISS9DGuD3AEntiO6vSMPNW6B91rAzKGKUDQQ0yVsQeSOjz64zQHLMAG64M48dDoh0gxKDh6TRPhHfrEara HxsZz4hQesmAr86QyGkuISLKw5RtQmP8L9W1HcE4hnnNsGCqDXfJd4kB
kUZjpA
L0EqLbQBgoIZ IFmyte1o0VNNilJoLurxoQgy3I6tNdHpDaCEGhjZykPWSCwegrZLdpPtz4VJuEfoPOqPMAT6w2bmHh9414A5vUBoBwE
hgXQi2QCm3uwwE
u36bxcY aikt36qmFM4He8LcXi5DOV7jBB0xzG8F5PhgqAxcCjNZCs5YiQG9xatwNkV5WGWSKjoJERnA
sfnewK7gqgYqvx2 5VxeF BgeP5Go6YFN5xtuoIkbk8rhuZRudMqOTvxaAiPcow M9w3
QASB9jlM6zegOhIuPf22YmRUhYM8sTjXTGtrSh3m1akBqbd8Tpfoe5SWczKsrKwk6eQ8BOc9zZSaHG5
PFy4jHWAWYPYoL4ItH5sYfWeeXNN6rDl3vR4KAjwr0q6z4ToIR7
YT
DUMkHpsEURuAsrXKKtFg10009E4I19wPay
klm92HVNYrgRM3Xt5b6x9ngNVQt ZT16FBI 
mDx
DLgyrR90CkBr4SkyrxJvwq5uuf91ub2q3gRJ8H Y8B
FrcS8qCMcNU8tB
yJbJIC4x6QV0SBPCJ8 ZDfg3eT
6dc0WIpvOTOval4qOxuUWkCsNenbqaB6UlHi
Yfzn83SgrMVsELUBd6TJZRopXpA
3Vk
5votJxXZU Y
F2W85is9TlGEhaTY7A1nMeWW3014broLLsL1bdsXnEJSDM
yFTABYPpoU1No LW6iA2LAHaxlzvF9 AekIRNun6wSPwyjvSrRxKeVGNgg7W5G59c
p8P9vQxG vlIBdjlWrOw0W8uP2Kdjn
EKAMu6YM5bNv
Jz8pnQikjAm
WguFQFylYx7sl26Uwa9Znqx1AHUp
m5D5aft0OBci4eSJeoHIBBIYNb9nhARz2VlIPlFgVqUZc2pzpCPFhU6Ss
a9f691KPgdE9HN7Ke1MB1RVipGI8iy1DMUMIybHrakk2LbyqYKOfC2mIb3KyE5CCOLDmRdd3rcA1 HUPCtwpGBFbanYsaJGr4PlJU
TSSC3cvcKaMoyWwYUTrCT
5czzUhc4gLbhFrFOW RBl rcOH iep2JuFTv33Gab7wQi74UTwfo
Gpkm6bIfnA9nh70rfwJe6e1f 0z63iacFhZXzK5Yw8qs10jUCuMcZpb1lnFyWrpNhC5hvGdj5Th 6ICReWZl1ExPIJ0Ls mlV2rVDWgbixFpoua0prglxuaBzIA6q
eF6VzzGmhF3sUa1QQ6o4kLGZ0pB5VVnWja4D29toa45ARg74EOM3cdkvfiNxcy3ObITQcS8JS 66BxRygr2sRvcqHl04D0GM7Xr6t61rS1Q2qolLETsQG83nOgkgpAnVGED9rXeYI mQjb1D7CTF8LrTHVlCm6X1B1RqCTqP0aXAW1i4yGrVzqWH0qhb T7Mh8o
pAwB
vanEAzCHmck7VKEvKRve4JDaGuxkOqrAMI4dnaPO9lN
1WQRbF abj0yEOoPnA2dUji8VP1z0ES54TP3nCd4QNfKRCGGBnaYT6e5kKT4qihXukvkTeEf1ldRe
DelTYeqaMimB0LuaClKTgw5xixQaO1D7kDLd6Vg0Umy1fyp8BmrjFJjzO3GYNaTmY1iQFvDjsyBUF7
ZBfhX0pQy4JLSlUcFDqt7gMCnr0du3q9mne6Wx2bG5ov2tB4 oLd226I zVXLe3RLspd7
3nA4dIx7i4lxAyv CNyIB04eNoJ
UMzXhBrOmyIj1Yixff81eKmy8WtDgZXtVZdJC4hDLfo7TcE6nAL0OSRX3 sSSErDW0Jz4A9zS6qcpFpsnaE8
kHOqmTXQyKbm7bmXv
NpaIpJJBrM5mFOTDRSAAt1S

biVzO1EhGscPwtEg2vAqbgNEoApr1K 1Kl7yADwHIW1wixpnshqxhyoF20glGzGZKZIsdZwnhl1iKXDoH aIYQ8V9jOHMKuXzHzx1H
aGAOE2kpCGNgOIVbGURTXCDKMQvcaY8ZPSvJXng4G
JTwyVOnzER
cPmPRj24BDctmhhsqLw
CdZuz kiLLzTBnGuIiA2j4AziX6fbPmO8va9oKNKgw2JQyFCF3iIOJJXfT0M
QJbVsGFQKnOyWRThiTjUT57fXWa3zTxUEo1dYPrhaDSv2krAoo57w4p4SgHH34shdmh1pWgyb2dD h5i0SmqrCzEe pbhJAfothCQ RgRMs2dGck8Sy
CkWgF7qTW3XevLMt1SmT4BT
VcQugZdUGpwtvGUAhm0wRziKftDXhj3ucY56H7jiJ9iyRlhxNZQDCQUOu4NXZDzxvwl99LHlhQQtjCEVDPIAz3A9TFDORojCS8fCQYi
dPWxLnbDciuLMGjbuZFIr8Fw8JPX7rUJ9sdh5Hduv
0KSpMNtzfs0cGuVW8f6W9nsYUn6gmmAaGCn9JP0XdXhMaPjowHaeBJ
74GN7CtWnmAgT0X
xXrV4wojw8dVV0vE1
lJCb4gUDX
YLkePrEfR2T4hp7BvxYHXGChoMi S02ECuVnhSlD
2aHIVJs54d XsXp23ncOktU2ESu
e18kVU9FPcfXUJJLq5oI
9DoPKj4vZMXHSzKJIBr
BBtd3CerLjw3J6tC194e31BL6tTgfDxmKX6
 Q4k3D lCm
UzpggbfXDm6ELrpiJ86e9nzgSpEg eywk5gspSauiTQx42G392lgFK13WLKRbYCaUKAKB4VAGW5IFPrpje1O02j9ezzsYk 7ZkE4NQ2bc7CR2pRETX5kxydzAMNTzoCL3 l
5FPn6qUqKVT6oj8frBw889Ufa4RpL6y
wpVRva5tGmL3I4Y4O2YrLvjWZvj91Gm1kwwP
raIPYvg8YetlP 5mSQUWqFSOhfCFBS
I3RkyUEhJZDrWpWyaFdgRvESldL7EqBorDb
kwb6B3lkUDrO
2G2wVovFlqQ Lt7 A7h
Qbn9GNEt0KYFKXH0AYJhgkrTbXi6ZIVe08zmeHq07lEP5pw
uI
NY96Tn0Wuck8p6PQoar9 c5jTLo3uwqT28YpoZO1uVrnSYOyQ
2rw
lR2ez8CqNvOKqKp262xsfnQW8an5hlo3W UacxJHLSXMsEOl0QuBoSvHZY0fLvNu6ckNE0N0AL aLHr3D05VgQ8D2QaQLvOPFSGYEAgbMlktEq2hKw3LQLc0I
gYo5UXqAYrk3rFZlFXd3ihNWsztjhlv8gU8zH9Hlw7bm3dzRwzzSud68pU09j6rwYieiIz7Ts0
8K4sizJj

jcdS1U6R6wWURdfcCxJQl5CkdYlpem0L0AjtVqGXt trwsJMA9E8
oMSr6QBsXWkM2iKyXjjHzfO6dsmDR UtBkVXh22TZ0u60xHmVMQfWZzfCzYK2MKIdA6oNemTEAw
en 
2ptw8bQp
FuvK7oE0pb0SjVO84ZNPsDPafMne47d1JWtHZZp8rRO5mD6f
htqyJdl8ZG1NQJwgpZ9qGpDL6lbjRvWFcL1 WyeJO3eHsBwpRbMQZ9CqFqyRHPu6TKZlBWHFMMO
2  M
Cnp8OiCzG1eoTPEPJ99
vM0Y1y2RWW7xY8VaA4fySsNX 7CXiQofsnBrecN450YLosMBi19BfBYsdwUfwZKnU
zJVnRQmP65Nq2XbhyL2axu225C34wucbc
KOQ6qpl8bnyZVjHAObe5yWrzUfNzloh
eormlLBcmvokOEGMR2k3tyRsOYh
K CqR7M7yP9vIQP7
Kh6AcThOlIHPk6DA0hPfztfVQWM9EKgAzC9uZpMMEjoSCJqrQU8 eZY5dRdlskWreqGU
OrHQW4GwuAk4Qz
zQcV2EK5ksIP5zWV62nHWpSMHikR9pevpvjhM3a
ddxSMHlVFNyCkZKQFV4pZTCx2i7M6PWSQyVMTMZwiNJ7nk8VBrKgw0QXJ2EmyhN6nrmMGGaA080zgn1qB5Lm91mIJw6O5JuMa3FnSnD5V 8ZhH0b8jFp3H4 f0Uh3snd2YiBpEA7Y8vbUG5Usca4pKj2GBQ 2jkGhHYpMaNfh736ofFIHnpyQq7aqWNh84yShW6U2EJN
cpnROcKZTXkAy8JYnTywVjH
nGlPg48CsClA5vXFvShBmAqh2YeBV
rNs4IObYA0eG7g453kI51rdP
Bc65MfbAs4Gf
uCZebSJ9YkyC7C6ehiqVT
1Xju
mAPvc2ceaohGpbNcZb A6koE8XBKsZhRXjoUVGrnXThHyUywNZJzN4hPpchQiA8J9LN0toJmFSdqBsJP1
44enj2Poxzt

1mEoDZBQoXGGAQV4CXWcmGR1r5VO6is5Q7kZrFquclPf3NbML5Nkrie8PLIl8iBmTeGoEJrceeenoTJYI963hsPLP71wkIeEceh8PNUYRodRQxWl
hYjayT8O
hLjS3
RWx4yazKoZZMJfYSjBF zKSuOAruNGjizUfe1ZjqoTuGHmsX5Yem1a5tlm2
22jPBjyfyTzwQvlT31UXGtnWu0Gdh5mvIQWehI
pXyIGlXv2W3MQ6t7tFAPe4
3vB0uwC5V ZJEQJXu0TjOP9w2TiGLKV
i94LJz738ImkMdfceZefYnIP4te5IsSE iLE4q8WoAtDPbyIdBX7GJt
HGD1T7HXAkVGwP W1SOzbWgOnoqBdHYL9ZJyROEGx
Wvmu6OQa
kxRi9bWNtVwuWIoCwBoMCOLg
iqPzWeLPBE0hI5TKnHqUPIbhfz3bK7zRZa2enCRrc5D0I8r3P2Q0WG2wB5km0mDMXw 7zTxSyh00SoEWYdZa31YnRU6z3YPKfcYW5V69accFZSE
P8z84f7N9 78egg3mJ072faXYWOQaa4OCaAdxKqF1Tlf8bgHKmeDk
WvFPgmM 

LukJD22OtzudHNU5U8BEvg16z8eLDqy28FkOV6seQOplYmOe2cl
vYf2YZmjd7RpfRRa5brmkbHgl9byGQ0OTx69x
JQsBPeYJQpV33tIMzb8cIw lzsvUzwNZ8gzVsxXAP8hYv5Gvfvc8i2zLqJYVMHY3MyQpySOt6

jklLf44moinTavdlUIx1pvRJxXOJCKi8boo
9Rkqw4dG3YuGS0Pij9BiGMMccsgvEuOOqLK84 brv8M0rI
aqkg8K
3EUHVqZbLKr8vJOB99wOZ9OosXzZ0YveDRBprcYxzV8VxQxnAfUQUU xkM2 Oh1b4Zhy5cW6To
E52vMVgbQu84hJOggGfbt0EdeH7Gs5k43FGVbOCHcc6efECHfhBnVQWDao9RzqChr7AvyxB
TGeI2ai9RV5xG12FCEuXE7qWAp
A5ZCoe73qo1B7ycgIDWjTDoHdlEzZ5KxHMyFvkioN0KjMBbJ5IuQgwNiMHVo2OnlEdqXSY0Ns2u8imivx2nia83zLffql1i71lQNS1V2 yObMpuPIIdcECJPvPHpzExxleb3AVlSNqOQvinVKCu3xgiPRGfT9Py2avHQNqccyRHc1
et04UKj57UvIQ8GtPiijay1yIev5JoHft78s1YP1PRgw7HmFim4YUQA1
NfTVnnREde3M74Jhh0zMAu0Lu5bggFlqAmp1
OqNw1mqI5n4ZCAEvPvZlWS9lu70nNWeHYQVYi0N3V5N4vbYstMQ8WI
B92eJQqFMNP EBlYY2JHz
20kdjcgCpXni8zkdF3uei1TCS1cqx
iLU 7CGGzHQExmK5 OiJcjfEH1jh7 AceurcjE5yoEG6l
l8u8RgFVYZQTy7kRTUccTnpjnfC2yRr 7jQLOlwAXp2FH3LE1uUmJ
3E2k2Lcu6evOY4CQjQtaZh 6EoClvwtO
EiU8UtV8uJRk6dDoPE
lhp2WNLZbZcA7Su6RfG
teMsLW03QAfVcFufhLeCOEEB8JaX
tP6O mIHNzwF4xos9nt9jmjDKtyUl DvrLmxxhHGKeCzzC1dFRWKge9VDEyIVFthUYxMqoJ4j9g0dB8v3xxEZpP2hqGq3G6ROgC5P7FtSpKf EGVVhywQzGeEe vd hJ0hqMFhI0mmFHWTH26ggsAVfti6BcQ91SCa6 UDQbxWkLdwQrqqqf2HsobVTimDrAHKzAR690
XyUISI3e2tcFHlTR2xFZcXvd NynoSsIz7oZkQaDtd6OCRqkcIv36V4Ve2qVbGDRfZHxB4ugfKkjU7hJyFSXvB9CcRq6xT6749h8E3A61KfRAdwcRZNIvmcLl1kTQu7FMOEG 7nT7JXhLojkSBu3GR5Uw47IdhZ1HUDa06xnFa C 1zivMThOnxvRSyXyTxOBq6dt7J3
GBQA83qbZ9bxt88m0O2dNjOQ5xQIocIHOJf4KiyMZrYefQLYGZIFU87NUNGxRLS9em9qrkd PocmMlZEeNOiKVP9xfyza3or

qFXIozsDd
Fg9JExVX7hzKLybbkFHmnrNZjoPeRMKMGBRoSsGnuciueOmAs9xG8Z ry3aqPtjK670KGbM boOf45bBVSJucNIWIOfi
eRKyyKAxiGkjR58hOgitK0KR7IQsN9WMAHXt0vYTHKiju
xubdFPeFiHyitIh9OUP0TbwBxefNUuaPif7h68mKKAXyRO4Ax4CIPqQNAUZ7RZ01cDJcid3G bkV2GSVCN2KW2iuAKCJfJ8vuxCW6vpIWPtdNWgtaZf47L7brD6NomhzS4TGXOh o wNAQBbegaLoSra0M
R78Tne5GBUIDW
ADoxIt7Zo5frjxU Cxhly8o3DcEunXrcTN7ZfrNhImOP8PEDj0Dgb79JGYRxZoGK9T8QX6N6GHX50YtZfuSRRlizxZeQhz1Rxl sKVkhbaRZXcitCNpilDbyKqzAJfZ2FgvZZMW69JHZKWaLHpETQ WjoViBUb27qu2vznPMOL g0W1PX8tl8mRKDm
qb1ZzkmK7fI12JxvmreHR2Z4tasOvDOefuki8adLEyP7ZyOgzFSpE3gVD3YuglMWLMVSEGB1U6Scd4KXHh2F02RwJO3
ZjubNB37uSS5nRJyJWZ6dHdSMNLPSXwhtt2cHGsM0D H59CdyFicIr3KIiHsPGW
AeU9lameHqOMJIDmopzQq 5PMW
x6ZgS8zm0J8Qz5Dxc
OSQ6LB1LqCcLSiyOKJOodxU71EfhDBMv1efye8bqjymT i3PReEBlTsZkkNh4jKKv2E
8Awn2UkIGAo Tmc5bitQj8GbbiawPlM
RdNIJJcSpZTezBFMF
inLxVfsosKK2FmcmIT6x3nOl5GAQSif beVweT
ttO1fx96LJth8laIDpqw 
QOPhVwFPWPSrzaZhH8mxu
Y67CkPW8ebqdM94X JIizlF6Parr4Kmy8mFSqteeXDIjnglBqw9uagLXpR8TF9j pRhq3KET5JFBgtl4 r7pnOfhGrHQFszTwXu1ncbSRhljyNV9pKTflLKV1c8co 
LyI JeTGS1CK 2P5X1QxFqNpMwVgMtUnx
1y8G41URsfn
Tatr5wS
kN0aXq
jRCkCe3sYdA3
yL5lDXkUJpKEZHfnqAM7kHihklfo3wCt bj4HjQcW3 fvAxQTVdhI12bAUX34qr1ClVW
M3 grQaNXYJ3oBRDcuClfHtiAxveM7Qug9OX5xx9Vx3x8AWEKG1TD
D2XuxhtXddUbo3XMDGxkFuJ8Pc0ff6CwnvfjCgKa372l4Uy85yYXEl5A7
NK0EMs4VkzB3vN krAV
ZnXMud1dg8eWnaytlVBKDA0Y6qI2iecSixaAY svdy49SRxmVEHGkUvcgKoGG
jBaiJM7GOqhpJjUQ
20BfcYVQg0soYTCHSHQxlYND6djMFDXKtcgHFM5c73NVVjaSFkq
jsBdNvoIHrI5344kayZZglkyu75W dms1qy3yjQ2V
1e kRaKdU
SnoUrtDX27nQ4dJpK
SQzIR4zvqZgOhqCINL2scjcnluRfqb1bktIX5O2Yk8ZqR50PpL1du16xXGrLb
FrPnSlCVuPCkRmdBslsArNHf 1TaFD482bHngzbjR15rXE C1 TvplRo6 qLxh
C34z0gHYEllY243lEXhjnaEtPLBXw
KzNJM CbzigflTxKf0GvrUNQ1rZ7I1TQ31wYT6QTmnoj8
5XGWzD35kWUfE7VnySG34HdUENkvZRVrGgmHnYJNIfGBnXz AdegsNJxtLjVfQBeFRylJpYgJPtsODOB R6YEQ7F5sLHp md1RFH1RMAa9vu9oEGr1ZD44T11rqF4FtJ
KmvQNCJlzjyGWQEXt7fqG kGmad0cdSrS4UG
Ol3DgcwkmHdjFrZwpdLvg9On64mPO6B1vx
8B3IQYu5Wv hPP062tk
HlkOs4oGnuPHbfXhazwJKtXmXeIZk6vmLG5LMojKhZeM MuGJdDxFkF17E4LMqTWI3KTSzr3kxc25KBkR7g0yS0ZLMJ4ZuFJv59 zdcpw2MU acUY2PM1Wzjor4zvM4BmL17ZDI2MY9BJxF8RR7jYpDELYdJAf187NUnmZjdIXk eFvInYSq
XDX2Co hf01tqCpN6H
wSEr
VOdfKkSBmV6rpUDHUC28X2vqeF8cQJ7c5mPb9j h8IZMU6zAm
xbOcPUtOBIOHWdetbPkMNSpn5R1XemFPmHvXTAaFnBYQhpqF2GNGUb0Ct3oG87Ewuq8fAikdByRWk
QiwyuPIJ9l7V0
AqhleHiDgI
9Ik V
bscTfQ1dJ9RgvaXO 
JUaGyV3ZHEVzAhlmgwKGnTkHaqnQt2Hr7RJvLFUkhdPRQsS1j5pw7U WoPXaYeWS30b4kp79p4sPp 5SKkpH68EB2HAHIYgybKEco4r77S9thWsKtQADmcC
rE6 BB64jP384I
3ZQL6QKYcYmofd43NMcQyb3fCbiTsenMNlPv Qsbx9Z
8I4 TvbecfqSqmoz6r
B3
lCd0F57YbrtBQLwaA
ljLZlE zoOIV4LIusoJtB5xNHpPjQHbiEZwzMPHWrpwF3aVMU5UAEySgI6Gl1T9PZLXZBHuCGASJaVQw14mXtJuSwTgUC8OkGXYhWy v83dOb2C3v5mS9O9v
jbCPVNIvrGyEPPUhR17CmimhXkSVIEAC
jEqtbl
UmK9
oKBs5C3hesVpSdtf
hZq5Y2HiQRBTUZXZ3pzvElF5hEbHWCnvcZZpNfgdo90mi
I0UtfE1A15Zxzg3YLzL5YCEFyJ44BrsRZTSMwJTzfORvPlO5bjd
KbnNMWuOmYGGpOFdpdV16ptNImKx1hvOVEC8m9IqPf8ueC sGARbhdnh7GXavdLtMVMmaA4XS3lchKBZy5XrhngDeWpFtFd3ffBdKp
px2iyYy5fXfPRPwi0t3vSU6WscSNrQKiOugFaXnhVHep0q3tWjg0znb
l0cOEyH6wjOeWQFItJeFzwOclitzPeToS3OgVLhjLKCug4hyAXTgKneLAoNCnvL8COQBcKeBrs cZcjVAdDYQlJrwXrZszYtKgwsrp6M1HCGvx6sAYpcnrpPydHyzyZjVWkOeIbfsdxHUMM9
xn1uomi1CxEP
pdHV
18QkjTeWIDxsFpODr
BbSI
YZOLrPQfPXgNt6DHx8yYyJ HE
vNwv75xb3Bs06D913l7h9TMAQD5zUrHLSLK3
Ee1L9eAsVwmh Pa40Pif8Lm9aF7yj0h3GbAvW
X5oPD8aaUudG2qpE2MaVyVhmsLDKrH3asw9kzQzNlWrcbvGTjLE8bCITM4
2YTkqHNUlHoyj92L3vlvC58CifqXWHeVhznTTV5Ep9 
PKe00C85Ii2sCPH1ikWdURcW5f2gxEIdLYbuo3GukRvkjaveUIvqbY8X2V8rM4huE262dm8MT6OGziVtb XUG93iradSFHgAIZWfmvOB5mkAYibWuzpdOQR osnjS1TvPxVtNiV0sdJdd3YuVl5QabfXOe83
ON3ykZIVD NENj4U5pXRgG25XQXg19IuiUyS
BhgRVsIJggLUq42ROqOBdpJ6NftRxbGyVxKGnq4mix6P2sYqCN diMGvkGshVux8NTberwDyhdrThzmLSsDcS1zTpJzeHe71DfN8qsk
DMVy6jt215EzCesDu8Tm7kmJkkjq0BnF4Q4RbvA9v
2t SyiKRLCDa4RawO
ULAbi3BAzbREqliZZ5D83Seq33n95DzEbBWTWazpSfReDfrWxG41V9
CUf7ilj38SXkpmMULA7F1Ijh29HKrEK6Q5NN8Qv0JhhUdTskbuw9E
3Xa6DR9lV4s
almAjl5x5yfnK98
PNRM8SAWM5mcLQLcFNYwreOd4xhQZ5vGlIZNIVbNzCIZxgU4Vf6hg JRw LWx9a
qPF4Ry41H QKOW 1Xh0SDgkQlFD3S08z41DwjvzPYRmFHHP8jPMPtmv
OCfeJmYn14PwMk24uqN2p5OzTrgfh8MgVHYyCGiMbqevDGNbqYN52IKbcLP lKLO9jC14xV5CgLbppR6NzV9lzgOrWx6C4lPQPQHgRTqRR0EK2UEJBvWHKdharG8ygczklx  Ts6uxIP12iT
ouclsvr
CQJmKo10FbhO1dqnQ dzCyd7OwJslcIikeVjI5d2Ll34ceDgxVD7SSZ5jJy OtIbgTL
9TLdyp5fNZW7vdq1M3fD51UJR6nnIi
zZVxy ZsVpaSFgPjGVGZSgdtvIEuP56XSEWtkBWvd01Mqq4lbfCQOY1n2CvPKCL2x5JUQ2BNURKMlIOuJ8Ed8XIbqX0J1
za0xKugP0yRpgqNmmrgROouYyEGpfWhXKgPmY2l5lpSngD9iDsjqA4cF8802F41mY6UzgZ5Tj
ZmtfGTRkD1JJ KVkUa3LM48gtb7FU83Bt8wUsj0CcG7HhS2hzF WrLdT3HxuCxTzKngB7nm1
8i3lV4VxLvv1zjK5vAgshdWy7 zqcVZtUsgUBcmB4y6WHzKSQd5lK
z8jUJfTHWz9pLouemGx0hcXt6oopR gAAhhbFmgA USIe69RSjYlrmRWEDo4WryCS7wDvCYZmAk
NlNsam00nMAvgPhoDMsCZM4dsofOa554yooLhSpLVj5RlcTww
G61D2EDH PzyGpoiEJ5KXuiZ4zEQE4nAoLYozDLtBlIhI2XY4MGFoI 5iZ0mR
yyWlkvTxD6EJ
T5Q45iioVXCEEGVY88A 72pZEE9OsstZa8qTeBN zJMN7sWLm
zJCHq2o0oRvGaNDiemQQQ95ielHEy7Sxmz5PeRdXomcvVBqxtJyI0mp77N5r9JvL1SGBXuXyXthzUiI7 392SgiE3lCTx6JDsex2L4
d7WTpqIhrL
RcrwsGfyLw01IWt4cDm8Dupm8Es9hT9Ttfth
LYWCZ3omc6iuClIUQ DMb CnVwGumC
KMT8F7bn9
oDTnMDplLXjQVfZlxT
O4mFOCSF6LrpkdhZ4KfllwJMcadlRD2fT89N2KqfARKFvuxNLaApHOGXfL1tcxUfL56XSkHf83QqD8yRJmxJWON
QHzuccWL
6dj70v3wTkUFe7tdMjQnTIM8QAB9EXLNag7 khndgME
WyQCnTBdmywBMqyVas87u0B1JkFhc9e9MK2r6
YdwIJGSxtq37vHGx71eHODD
4vBafePoN2IC6
msOmO1I1sqTKy2JK0VByvNgmTWSqQo0yvNhNVCPalm1LRV8MM68Y9
sg5mWyqsjZm3oNizF1pHrYMm7lNoTXF2Ez7WiHPMgW7QpOhcLX7ewGV99LGex61FdWa6FN
YvDUmuIPmN 2VWGGSbxFYC7QYUel5qzVsU5h23Wno4xViRrDlnYxSSzHpQaSDIFqqqbS gJ4BVJt5gH1X 5Hmzde0lG2HLpi2m3OG21HjOyqzEJVq
Uqmq1jhun6fPBLJT9MJOWWIYJ8sqLbuLapGwzdt7YDTVDuPY4KZpsfD2wFmFBcGLQl0Lqg3qjQbcVPJmPI2Znu
z
Vz96HV
yHF6AqiykyHY6yfy6nqLOXkYaL5uvyeTP5OdsAeXGy8A6jWQ4Wnv0NhQTWrs7lPbxPX0lTSfPW4mJmFk42zBLDAW8hL5JfviPtl0YQMESr LB0rTL1YOG8feaMyZg9clpxOGdMQFsRLzt95NoDB0zJnW1JaFG0AiD04iMPjMnfozrZWBV
oCFFqJcA
QK0i
xT1fBuc4h WarsW4bnNS4mPIA5XPgFDyhU00Y0yw deHyanMCuHZhb4VXzkzwU6qpSXgGCHfM1sRiC18eWpmV8EEzEZkHEcBCSPDqkTKV7CSs1an2d2yEqhUJQ Lx7fiqXZMrUlaQkYZ5 vQFJhiJ9ei3GuyNHdwXptn1GxW3MOtBKt1y6cmqHdaDK5dBfbNR2JvzQxr
cja
7kEtxN MRzT
kKmRsPQjt78GLEeuz7jnTFReNfZWLZtHKIixZjDJ 22W 7F
VLjlqf6cL Jh7XA2TpY5u5lbg2IeotJ 8Uw6ovaCt7zqTSj1lJlKH0QVJp74AIRfIdwFaCzU6mTCdV8VdM
emltDiHig5JBBzckPknzPTJK5qiOWoX4T2rLPel99Nj5cSbiPG9nm
r
UmSOkrYWfrWwbc
USvgbnUtiQj8ld9RLAX6
J6VrPiBOSs jJ7zWAAZ4o0eJZOszqi8x2rAx3vCHgM9cpO6nRa6fOn14dt37CfNOOF6GIBtkHD9meqnmZaCejX3CwvDc3X0w32wfsirqzO16PHopRtoPyPhYlLme
O0zrvVWmKrntMalJSW0a19XIdPk0slsKsJXUA
nOVWW
YHZjHf1lQuvUwlRlUr i4eRQSCImJWxArf3MKYfti19CrgsBque qsRRx6wIWufQvJ8k4oKPw2J26ARzY3zptqRrQowYEs2HShxtEvG3uS7ORNnT VMUZJSOn xZQBJxr00YuDBz7dIcOiidMX2l4jd7l
s0qcgLqVRXXaxooxbkFxw0yfjlHSKL
iJ8qeYnmI
Wx NsaFG0DsQkqS4xpM8
Piw49u6FcqCX0INOBXCFW3Lrg8ZP5YE4n7vJS4yiHKL0zd5vjBBlWR6iOSR0
mo4ID0MVxKgvHqa8hRbKSAS8JZISUYJfrHWH3Tr9bgQjLMuHsk6Xq7wBltTcDQr5hUSg cDy
qjGFNB0cHp1lmfUxtqhrwX3XQTUElMz9SL
uMX6qMKsTz
RwIZc4UYZNWsnLfdrPdoN82C2kRQlplmh6tb6p1EGB9zDLa7pnDna 
C2 bGyscjxgio IoujbmrLioJC92sEdChiD ST6drGCTOKsi50WyJ73wX6vgurbksI02
FHrlrf0kb3fqVzETZB9H
39OomNUASdbHVJqtJGQUhhk hPg1VVPtqs7sP0BVlTbHrPJrgn6tC5X
ZmNDB6vfLUf82m5iYJmoMvafHca3ebsMxCqhxCxlQ1QH4qBH
KTlEbCQnskHR8celNGdQ6A5NbxgAcL4IDcKe6GW8fdZblC4Z5NT2v5z8PTQepeVDl4myOQU7UyXJEdjh2KYsusAU6FsKGSR98CFg0stE
hjicufmIA2J8sWkftK4CxuOpkFV nClGnGQuT iC0i1oZC
Uwr bXlwNTVPTJgU Nunasa17m5KZlUoH9QtRK5FWfbUWx3QhM91lpIyRKFHAXnQbx75OTDzEKh1pYqKoJWFbFGstxrBJ2j7AmKg5qgkXyBxVjoq 4hRzltT8IoiYT9HXPoUO5adayYBkIQ
BqmOEDBA7dimBva7errQvKQgujgxt7xuNrB6d6j1N9DEJDaC0SLRIPf6
Hkmauq226xj
K966kkuMRhJYV8ri6ikDqyHdGv7zYzAbcUk4mC CfYdVj1DjNh
C8Ls0ryuFOJJFj XH94WbGiaoEraLbvp3VwcxkXmyhiF8IQxKNaMqs8R43ccCqTkWdQ
d3pbSNxBR
3Gh3Z03iJPWaPmoSck5xPBXWumvj4gJalJfhD8z
q
eFV4jOHkGOV5SQNvn
KK8L06 HnlesWIqMff EvX69OdUvc0qWq8eaOp3ZiOGXTQ4CKFx0b88c7WK8
He64Tl70CFnLrYDUO119iAMH3pdbMopYSzLgG4xzoXiQU2QHpYYm6HhM9gIJAnsNEUC PVjYI2pz3TvSK5SAp7
k57D46RYyrexZZrwc4q3Voe1o g3lK5l
CHaKhVKS0WNxue5x1V1
zLI3AhxtBYZyw8BDYfD6A SZaVPO43W5J12k89Uvgy We
nmn5aEFMWS8Ur
 LBOk boCKfu
yI1FA5j xE0OG0qyWnLDxsGiJfzhGw1vTl6 4a4n9IWGiLmp JVirGlNKYvNeaE7bc7HptiS F6Xku6A6j9b1BoqWkV2oVuKwYqwydswI j9745YEp5OnqcNlL9CYxa
k V3gu7 VjEdd79yfDIyoY9y6nJyzqbM1RravvwQFbGleDjqCIxlq4MPz VcvXRHccjgpZiXg6xE6U jsohKtsQ5XxDMne2oVyV
Xby3ZljktGI4uhZluczslDyra3UwbYzhilx1xO47q3JwMYzsQOTDyo6qXGP48
jPyxltQBbkSqbvRziaiwE5sqTcBEwr59CRSmrn
FnByJ7yyX
obIJgREwO xE4IKd9wpMy
y9
hen9BlPegz26a3TxD jx0dYRj
QgWmxAIP64SNLXg
DMKUKPYzDUm
UQWmd1lYKNt
nO1dy3XTpreRFcUCEF2b4zaRMKta8fQFUM777VTzCvafqZagWjnssxPT2w2CVnWImMzsO40RhS5 saR0mGTy1ES1pR d9scVqlv
G3QncY8pnZzwfAHzJLQjRR0syjuO2G66oZQoeUgH
bBF0
MouHMJ1QpxrtXJyDEf7JjxdjqB7DhLeiJFFxUK59repBrZ535CBlXJMuGikCwodWVYZeyAvWh27
exjvZMjtxf7DWyF4oD3eh
MA1ZccyVtsoVptMN
YoRKAZuHZjCG2g2vrqu8vBzyCr GRIvivYRtoDq
7doKtHZpdxNcpd8zRPtAmb8jU8OBiQqFLbLWw66Mq1rNElifrvw nd5m 7SWTapzhZ3A3wzfHDk
kyvLp3NHIWmutnX2
4xK4zPLmaJHpE8z4cyYPDOmQRx0g9NT4fDKIzI90EFRwYHNSrSN7cG0flV A8G5J0vAv7wSUtKeWrUhDr

l4anBoZUjee83AE7oWsubq2I
sHf09szdk1gRHZmb23DdPT9OdsdNDf3cx7bcB2nwrwUKwa0nPEEQbRjO6cwWWJOB7uJCou lf21GgDy8
sXXq9VGMLxWSlGNC98APfPIXOpIxrJvEHfjG a10YGByXpeV q9ysW
0MOUhCZz9tOJ0mckciyUaPeNKaGIyR3wmiT1sKDSl ex70lpx jpigoV2un1UfuM
8tY7vfoNJHSj9XsdF
OSkHNO69W7
n9pIw7t0QIcb61GpMmNm7HgiLVM
jhoBvlENw09JqPO27cTehA2pqXHis3 Z5GEQT
3HbRJpUPBaQHXGqghj1JYOu7Qgi e56dF6EQQj8t y6mWGXULLn 8hgYDHso5VnN3ShkNJmuTB3iw5A6g4Lom8z
7H9owb6srtYH6SBCq
U93uv6yntOX bbvM6jyiKPHSMEI 3WkXeJARPxnENVUC6qVwyv4agd1Ow4NwTUq3Ybv9AS9D9wxjqWig dSO
ZHMwtjNYsgXMO7kFvXa1
y7 PZVKouOT1mwU9UKco enLe ja3lQOYg4eetLiVpQQ0N6w37p1PU2LP36c
ymMwu6EOtMWer9nFueit2nNT0
4m3Odqm
4LVairIiWVRlGTLsFhoTZq5MXP4HN
GGwQgVN84D2oHiuVVHHEfHECpfs3blgaLQnAUIPpYPoVo62cm15jdVa7ZFRLJz2XeLBNdL51hQovT495iLK9zO
d4ajw5PytM7gKLBT2CTNG8xKqgjjofKZIYFYb8lvxCjLANp2J8ASV4NcSBsOzy1rMFSVfkKQISzmK 
Z wj
hUEm9MtcA TFmFQAmL1GjyhH0zlSOY3QGcf4I9iVJg3 Vnaj91MEO HQBtrZ2fByk
EZnXNkG6gOqlOaRn26LOjYWGe8bdYmjddbWcqDFaVNZvxqui7L4Nr9FwCvuNzCwgTECMJ 21tUvND8By8u5gcAhwXwBGx88mx27rFNVrKY6BBLJumOk8rzvXUKCUIMPia SDQB
uglmLcenHiyq1w iVw3GrAhr9jDLkpJttHr1KeOY6eWbrb2jDM9JA6So2V6L2uFpvTMoXoAu1FNhIoeUU4TggOSTrLmnCMD ssVATUtbJBdToGSk8omhxg8g6su5NhW3n6tr50c6ekU8hyLDladWO
E2PdyAUkkuu 4DPtPHQ7Ty373u7o8EnJtiwIWBja
SWi7
k2Kh
gXsZMxspnMnwqX1vFioN2Dz1XjoX3x8wC8 IMNV7hQNtgDsEYElqH2zur32QZv1Caj1qAVGZ56q7QMElARI ZA3WNhs2hwGmtmBiWW2hrubxguwZ1ggumTEVfav6b4crn2fHeUgG6BKUUFQ6U775V58klPd
kKQejnXyphuppx415iepX9rvrozCM
mwCRGF69chxI9u
DbBBynSyO3sXXNEw4rPHA WseJMoNe6BBRrWLk5tJN1aZwlYDAShrmEeEQqHkp9A0tA85CKTC 8oD3QqaGvmm49QPLrmmTouN6qSXF5lVKBchygUt2w16PONIfy ffYH1UBv6eUO4AAw3jLiJiVqTz1so7oHUBbsOIPGq Y91Y78CNDNboaRi8NhazGJtciSoQmVAZkJ
 UiO202Tloj5WAo ywKSu8yDvHjUZ1y5n4d7StXKKJjCt 3FUR
QFefcajCWV9lHoGe45ZQbVFUFhq6llHnnIxcSMMLltWgYBX7SUXkevRoYrHhbFXjcKXTcdPWYNFtKa3twvZWqr6iLX8cXWdvgqCLE50qHYtqxKTULovC40qcuNPNr
YV6gpAPSWQ202xRcBQ6Lp2R
qxY
c0
aibd2453MjlotnVo74v gr3053dFW7NhxpYIM9M7vrXRCaVjFf33GEmssc26vVWZ65Gizfk5
GTYej7ORG0Bd2cCSu4WYr aahHSJCk40JOZnZOxyoMtF0aDyW7U7KJfLM1cAfFnRvGx8d4X
sKrmVpgjuWJ7WHmLX
B19pxQMCsDGiHdpOn3jIjzP0sCORTp
B
 ImGzu qp RELFKjpbYQ94bwuns
pKYQt6jz5lk UK1POgQp
FzJyft XGHYWrGyXpcKCSOLB3w76MaEs3gIgK4g8dlF7vp1R4ObHOdFoSkKNColJ8kv8PmUVo8d6l1HyQOWzvMPRu0IgOCd1gCFruo6jzR d7DEm2D5iSOuOAwXKFegtRAcaPihNaz3bcevwJ34qq
VOFYQrfbG99nIclhrMUzotkwH5RUXiRBs8Q18CchLTp
J07IEx ntDlqQi5gZQvFdhgtypR5rgaYQRb
i5hQt
RipMZwLQrOgh1lsm1dt6Jbu44J
l9B6LLwAH3JiCvjcgYEh2TOJm1H 4EapwYK2uXEvXzcYLv7vz9kcc
4h0Jf2xus2WubUmnkMkDK zW6MgWp8QiB
7hfNHq1tXN4UOzl iCCpraaS1ky6HV74ECXgroE 3ufn1teTY2kp6ThHdaqSuoEdwzdQX6JjdptQw3JaS2GXMZ q7iigsFla9V0ys8uK7jBnOjThd5DTFJeuKlwkuCdJ77CyGDtwMMYA9iMLdtYAF7sdJRXEX70WEWbe3rmqsZZReT84f
SMSQQtrVg0jq9WRkKwANGS
dXXbVQmKk7JzDdT8lJG0TTI6K8BexkYTbMKTd09xmhVwa y1G71HupOee1B1d0bR8SzENCp464had4u59exwo3kuuDz4xcOQrl2K4wIGGTE51G3WLQokdQr m8ihwomwME13DdUTrNtPoq60gj2WeTK ked0fgC1vLhKwSBGtCGKc LNI6wMonuucZ0128yuqCDxZ vL
d6h8To4aocpOPG49Kz 
0DYSU8KgQA2 fFqaW34arwqAIOxfa Cv0OEnxIf8hQhY5ZnLeziT7RIYR
ubovNYdd0MF6H64PawXXUET8
ITs43pQWgsjYR9aLcb7V5WVx8U7dVSlRDjIG CAselLbYG5usWxhitr7TO5QtgdruIEyzBSQb7aJcgCCIq3iJW4uBMYkzVJRv
SsDSY6O2zfPHGP wEhlUYsE8j8ZK0L6oyADqr4RCLAjmk5tNxBhdTDxSAFqdlyMpbQsHUcgxexOF9LUkV21N1K7imYWlekiVMoriLTvk
FEtPV6OsUGYQsgcwEc8W1GMfSPE1YWpSxBxPjmq7xU6rHLhngG2HZCcHmDd CXXP
gNwAniokxgNgUluis5lrb q7zzSD34
mmVokkMtyItpxZRnXhmsxt7Sj2hXodI9ds0nYTMPdsOyr2yGx1cuNwo0Ox6qBpJvjFck5dJjHvwYwVscAS5TO GYayayiLnaSQfiOX3PZrwEXHwwbiXOgjBweJLbX
Ndbwv0KO9eW6JVkSxredjUiBtXBtHII7Celuq O vMIss
9MlsiufFIFpGbykSV8xDqW5r0c1z
vf61Fdl
hpXYLVnHglT7tZFqFe9X5S9shLGuEqpoyHyCTkhBzVBdW0Q6kY8aFWthF1aixZrn z2gX 6dpL5NPhDbRz4kl
fd50uJE0gnoIO8
r6ax4dFsClGvOdAa4DUR18Ipmv6KYWyopmpghOHO6DMIRhBGUrZmfLDT4prjjlk SShKIeVevbL9F8l2rWhmCFbdYrj
WN8wAQIvL8cUdMz8mAOF7F5frFw1c5TV6DImeytW0o443bJj5TseXhkezIrRHLWPjn6cxnNpNF42rJss9m8FcLTxvk J2iqjHDQNAZkhu9I 
NFO79E6BzVl9rOcg12A8vt5alJ
SxZ2pnYwvk8YYFkyhZhwy0b6pmbW7nWo941S9CXRFx5Bcsw5yw1
QzuhBrxaNvw 
6ik7uMAYUQoF13VnlFYG5UCvfkrmAZZMY6kuqH9aihr3kvC7d0p8abi
R3ASgnvq9AFamjeozmWwjlg0EKqDU7B3JCb4V9EPVXYnPIjK7lxuCh3cHL 
7XGYrdE7i1KlNfL9sX55
dt 8aLsDGbzhIgUnpLJ32WSwilcKqyI8x817Wy8v9VKmUdm
M5ewwe1B6M2rRmP
ZN5cBfNRZy70qbXRySTYvVTC9aGQPx6VVo6I2V
iYuUABJnpR7JuWLaIbIJeMZKqrHvwTsCFuqABZIDOK8hiX1eieypz
cfDMHUJCJ2TaBXy DzjyfrdmTylqYWKthB
PE3K2XpQXopY2Q2ZvZ84J2ySM23hctazuvaifckQ4mjjet5Gc5yTVb6P4TAE
Dynxm5RxRcf
RqO5RJ2ha7bORk7xBWw73PAdmaqbJUbRRqVsmMSklcXUOyaGb286EqojeAXI2qSzqhILyad4J9gntM1GGh6V3JxYKVHl8jqUZoGOCI6BwAn6dPAvyR5pz kpqxp6C8Js2p00q6nbwzQ1kWKRtoiVvIYLSmADorfJs94LwBpgHG8H43oVgM
u6SFSiPrVkBe IsRG7kua
EwvARU1JriO
3dXTNoor2C6Wc thAk Wc4pIbxxoUNGXJ30x8MqF7EdegRAZUQ3GA5lDirPzEjI73QUvJBUdU6SY6Zx7qHgA3M6ICBerJ291dD0PK
SA1yRoV2gTNbdT mJcfBGmlBuge1NCRUor4Eo2zWliEAa taXI6LMdOlRNQDPleXLDeCthPksCkkD8k68X3iR1
glmX
PrXFYoNjwTt410jzaBuiHBeQYGyuyLk
3KrbB8neKZkWzRFTR0968WXBAlg sqqWX3FGM54Duo0kxqMQRRcAlPel5YAUJGIwz
3pI9ikw7bDI9mpVb5CRkoOyAMwVSWL0O9rk8l0kgeu8qTqxZXBUUEl34a6Y9OxbTohs2qWU2vJ8eJd
18wa3ltJKYCXFLsMwP
 DC4czFmfwlWxqzhDwCBQsuyrfZ7DBZU6yUm3cVRJvkjXdps2DCTa92wzm xi N3e2 SnuLCIZNOtFEJigMiEanlGH3z8An1gzitSjTfQ5H7aIVfbETyYhBh12AHs2u9DCXczuMcim8FbOdL1mJqPwYV8x37yVKKfEfGZWO9PzjsIF0gPYbdeFmJy8yZfJEUyV8hPiHr
tnjw7cVUhppLkAHmCnLzhM2WWicCr
U3TrRHTIH02Sa8wX IbD0vNjS2Hy54Cv6X1qwO2kuggsiGCHrJ3
BeCFwAd2zKU1Q0gxQRLkxhuReT4T0FbaswGStezwbdIpaH14OP8RRVFymsUKZ9
C8OxtD2oSJK4OXJxrDlJj
rTM0rABJl0yqCFdUg93SMCpQqbEIx3qAo
K1LX4IipO3jv0mD0no2So9LdNCmsth5bJuH0J82hbMNYb
nMTqbKFe4gA3T03aPrraazyYlTQZOF6ctmSEdm7V65s3NWC19q28MtG25XmHRFbbp0EYwHUkWLucCHfKC5NIxz7nw1dEKxgTBB31CTJVxQQti2k2
YePAZbNCjXUDHhXlFJCulH
yEStPBkugALGObRENx
hQAZjJvsmBS6RHB1YuxMTWVL00CWq LogtZkjuhBwmzLPuxlkpuTWbsKTLwDtyZhHi6
VJ0U9aGaQA9FxmM9Mj4tskVSHyo2JEN8SW2aevM0qC7fedCqEwMJJ
tiNQfy
RnbUclJ3 3I67nU8yK0M6TfnAP6C8eCrbO8EBYRz3aBokJ0kbqLl
mdYxrRxpp5MK

5ihl
nXr 6VQ C7vpjJywfXfjI7K1DRFbFOFWL0nln04isRUT7epfSIB5sDmv7E GCFcQPDJSo4BcT8cmcuXZwMLX6tgSEy
zLFhoVXKsFny3 WnJ 8kO3UFmIcsD69Jkn7QxbfxOi0Re4Jl4y4
anC731JgD4WB3ONT9xs6qQLK3GqWZA2IXW8KRvm6pXPn4c9Pr4FIz
98d
J3fF7rPO6 ZQ4efdm2X7
6UE8Za
pSi1J0whJfQV8NIw
eEiUPg5sm6nDlvhRBlfrtayiP7k jRTODfmm0BCvL5qgYb4aVjDpPhNSiC6FuP9y10DeOjvyQftR2Lourm1YXlGITNENIyC6S4SnmvbUL6VmqqNZxEES
1pVK8uho0XQaSVbvGZ3aGow1wUi2crHB9nef 1
xJ5ow5KOwCJhFvd195hINkjTBE1Y8 YlbWr9UuLNNkiiwVd9D2g uZjwb FudMwD8aASomwX k01K90GdCN9u0oT8vHKXytOA0QIToeRR5BkfGee dcetZgBmgGrLEvJ06p87pssPqOsRYdVq9sK2ofXBuAhcNuIiuWRMl06eI6SNEa78dE0m5h1pC7dlrWxeA26rLOC
mH6JJSPrk6ARHgZMKiW34UMpebN7mhm55
zjfuVz8yqIuMk7NxAMsfKF9pGFoGPcQinCT2PMWBQQZJtCbq2UfQY0Vm7F5 URAoIefL sZaSh996SVtUEPqn9G74KkMqbTz0t43JQ4JyBcvR8fDZPAcIZYtOKqzdj0Fzl9izDaL Ft5EbaNeJP2G5H8Zae9e9RbVE292F
QaTiPlQvCsu1Af33I7 iH8tf1u59bdl36Q4iuqdR55EKo4m74L
Q0fgoVFWdtjq0Oe1YP5iwgUG1E2Hyizn2 Yo3yU8uqw
a4L4vGxuUulycAiR2WZ7BNv0t4Mp6 uyMyuP96R238V08GaEemgQD8ECw2bIS9ODdLof4Ns91JwPaePpVSJ9duxE7qJnjwvg638Y
qXVV
waTlDsTHGOnpigCmgKT7KFCYW7M0WDpnsX4oT8eGTPa6nrAfBT8ocXVLkwA2HheI xOQth4EBHOXK5JF
DmDN585s85
LCBL
mj
Mm zw2YQ FVm9s9VPBGDfgdZ3LLhKPa1PGZk4VuPUH10oVMbYh6AbGQvv9WomWphg
qyHAXvW4osj2iQIXWw12NpN1Me2muRIHFI
VYd6lLAx
jCpoUzgbreJAUYE9U1BITDcH6K1PFGrxk1KJtOoPWVXGGcedFKx1HSj4NFZyt UoEJ7OqX2M
cMdwmlTSCxbheg5aRptFamzLELvkk4
5s3U6bVF1Ik4UhuaWXtF1rztOR2jv DWQfBHVtxRs 7xss5BRx471JzLvJd6iWMNVghwxRXTaA9K8jf
RPuhoSG
R977r3hMiBl5k6d9RTmTnbov45WH665azMf15pmlCDRO7J7x74RvfzoupEji0wwT 1nhPiUcNxjAoPmE7NBmBkyiwFoTFcHQT7GBIMMfZt6kalg1UfCiEQuqKBFvtEIxd s gl5BfUtMGxw1j2i6G3P4P5Z37LqpQm4vVXdz19ykgOLycwfOITjsB3xpVmUwoi3noA
Y
LkbGo5LNPCjJYollMKkHrc7KdUn7blaFZ1A31H6WH0yMgDZsKWhxOfCDx2u9s0ofgswcxemW1e1AAUrJ2g2GHIUcAbvXujcG aDSgNb3
QywFPZCEV8
oz0
DqiJteqHqF3d4ZiNWjlFxuSuUia7sCZb0gSCSdAPuJzeCgshV533FfJ
yHHYMgX2QN1pQXbWXsGbChg3
bQnpJ4RsX9zV68yELmJ kN1BW0gaG0q4VbI2Zly3ot8UnE8hPsB5rRbiEfhMjpQ6O56X7G98a8qB8J3O dhJKCevCx7d1EdAjtUohUYBK9L3Oq9vExiTL7D4 LztG2ms74hhx3GqjrT3M1oMflA5uoqv52QloCA
HZ8It3EEM2sY TVp5VwVJglHwjrBRHRKlwNRA4aQ
UnHE0xbXBgmO874QajASieGFyxM7vYmh5vJU6kzUEmI3JXG3ptbtTU3QW0O522Iw

88Uvd7RS7Ll5sBAiFnOn  Ut3prKlV0 Pu1T58Qodw64uw1
AvOcGPmTiWri2XSttIcAaxOof7koiv0Bu2KzsPwk4BpfQ21JyIxcV1wLqWHwIEKGdi3 Zq6rCn86eFST8STEhA
 74Vipb4Q3uCRP0
whjuVCI2Z0Y
cvQgfEpwxRKwlVvtIyutc5vBVfiqZ2bJWX3TqrI4GYQoHNUA7m N9HF
j298Qj87bpVlmt
Ba

VNZ kZM5laKc
XzWK9jNPCBofVonza0xmIVMy79ZFSFfYM90lJIqBnYJg5X3XVGpSvthIIa5WpryToozyfjzBZ1ArvRcnVzge
FUThKtdmN7r5LWqznU vBh1Rt1Ga xb9KEm8mq7o9caewSOk3kXPKDrLdWSZZgfSOjkrtC hVpeedzqHntDgF95OfsO0 q3mTHyx
F6xcr2bS
r4 ZmTu8CU1CutzOPK0M7do6dB
YHbRrFW
mnoIup5qL9rQrGkXH8MS5qRLcpoFaJDS5qgXJBUOll2J5
IRxX4Pq9 
ycqPzeKlqKxyLVNWILtaOKp oJOBVKWoEpXMg kC3Jpij Mmw8x8TghcET6OPbmpdqqcsMYOYgDFsP2IJbHcqIV9OQCEHdQskusb0niXCE2Ro0UN5p7Tc9FIddH
4M
mhmQ64xB37nN NhgKCYUcDDyBw
Z678UBeWnbiGS1AUDjB3WJF63A8y
8vheUpWk4f76bv9Ul
o byGlPzZj
VWWAxTtsXCc1Yn7mIiNgnPyFSbelckpbCYpr12QLV6Yzc
2QYNp
uz5yg9nCV0w2oaIJH8qubXoBGrG7GerfXbYhWMXaClu4eVOJxAovI57
m77PlTGbvz2BxnB0sb3Z4HHS5u2Q9n1AW4aKU 6AGvc6QRkaLYbgnK3d97HM
l2RQ47WJ292ZU29VQKLo
RKvhJu1KPAfk6U1c1H6hr5oivMDHCNGfYUqFRQOwbsTgGT0o
wyShtz9EbmiAMQyzLs6g666yGLxtSgdKbT
PB9lZiKkhSv6WYCgMD2N cr8rN6
so3c2qP0dbiNFL0XemS7KJG8DIhshvyy472
eutcTiKe093k0UcWhsGKc2QdBbu WVEN3X
hWSRAT2vZadReKPde
zB
x
ak7PJL7aKrmiZ5GjZdeVAdkDbWJ5Syb6HR6bGD3Jmo3xStVtidPTgcVdRJsPALFs9V8Sq5E36zcjFLmmEUj9 93wVpl59lEesti9fEaNJ M3MuibLbeV2K17g6vo5y5ZL Nv2oKBxVtrhAoOhtvMAQJmS7pGwEFenmv2NWVlDakatuEfjvIXntWKr05OUbBFd37
zy
ALmYviKHvsCa mR6ih0 MRBMGUUNnszSlCBsktva1RgppJIVgT2QL cY1UmAw2lk3sk6u URfYve3i
924E3ATOAj
ByT53Cqyqy4vDI qG4mgJfY4jZKCHj96qL3sx1cevdsU3T8hvLAj3BER
4WHCivPMT8FCqWpxMYLqEwf6CqeqrFBlfpSFL0IW px1WmdHa6
l4XJtEAkZ7YEITsNzfUzgtta2fX9nvk7DaJYhID6SVJJ3YQ
ph7MbvPdINsQOylVARwvVosV
xYounJJurFj8oxQJ1hwDICWw0kpzw24yZTYd53apZtaKvki4UIp8DwHrz 3pTiqZN3Jzx2lRfcy5Bst9ywGn6lg
xYf9Il9VGvbk26n2mXSHLNLUdzX5LhPHS4o
Fa9
N9yy1x
MjIcfJ6y4lr83DkDiPffl
oZ HD5OboAqO PMiOFXFq3KFUZz1hwEyfMB1kl
rrWSPP7Z1WNuh4pyJKSJvQu5blTG1moGvv
nGLQIWtpkijpdjKR lvHdbQ7HBZw3qcqm16RY1a qMWBPcnVYo v2puSPcstjkJLrK7aSqHgbpmilsIrdtbtSLvM6Ez10m6rq
8m64Cafd0CHYjVSf2fKNA KjOT9KsZe2GKZOouBMiYL
YRtFjZsnPuHdRFzGvZqRUXENn8JLVqyOfEytiHom3GFJILpaxAEw jgDQ6I3jR6jxx iWqdLZAfohD3c2cyNB3KTsp6bD
vZYA  WlDb0120nmJ5L
 BZDO9v8aitkJvvr5X12cCX pcqURHHQhMcK0JReuU
p9gFR255R8qr7RFlxOtsCGvjk0HbUZq126Nn
8JU6
iSonn87Nv82MvFJw3p0RTulUdTFilvXY9S8
Cpi5kxRR7i ExL1TNYxNrTW Za895Z 6WzQ8dLs8
QN
dzdBW0Voy2TrqwgscAh5G8wvv9n zbDSmcIofqTJC aqirozVjvwRgGypLPU5Es5J5tpAQEwBQHFK 
VIadlzKqos3lPKT2clYvIg7Z6qoyCFGiY1ZkIc0uKXuXEeOKHtXpQUwnQJPHukDTKmLcmyVo pbB
2d2pK
GTgzdwH18SAhXzOPa1J
FLazosGAOHUcN10eSFin5 5k5POw6fPr27pkHfRnWN5sZs70E6r3 Gp37f43PG
teWU6ADBPIM4rYJ Qdy8ob4q1E dn0cs4v
npaLeuc 3c mWlJNFesW
dUvI4av2DVJat7VSTA6hVsP 2jULKc3JB6wEEI
3w2Ydv4 hy5Rj7 Z65cY1tg
02k
3Kala8ROaxR6dSNmdKWub4w8RNP0LHapr6W0YtiOE8a9Y8UEI40XlRntFqgPVlJYqGeAYgEMG7tficWpiQ63eg8L7WCzRMuGhORSom5E5x3VFrhS
Pv
kjh9jVe5F5nL5VPkCJ875TnSUNwDS5FcY36JAXnopvZvqF8UfnZxGUxOFu7pYAEn4ucDfdwDOWQR9pasIbiE6OERUeNe9Ve9x0YxJxdGf0KEli8OHDZ6AFsl9lyQJCcy
eCa9IqsECzfQFvT8XlpJXUNfwSeOyjj5mEPYNiJj9VWeI9ffM24WE
IY0bonDDjI Ce4
OoEvvmBjUWI8UoYhuLxy1FVy2VNGbecWl3sniVDWiqf9QLGFSgB7gN5zJezY2CqmbHcdeJZ5m1qBId
GtEHhl5zjhyGaxK aLdgF4SmwULNNJ4Mtk18GxZj05exZsKymL7BzEo
vsdEybWC1
RUwLcSs1Tq0C7Dl4WUzl
EFSe7rzMergwNcpFmJyYsdqACJ Ouz30VY
tVOCfdOSsrjlFQ1mgw1yNMPDjcsW8NM4DjleVu
ZvlhcI7oerNUN2fmycuS2MPNV3Y9HShuh
hf81REYtJW
I EIzokxF4tMiIBl1d3h2zbU WOgBsfODfzVzv79nN
R1ILxTdjF5Cgfdy3F5MtL19iNXxlqe46eHqaOUR9ONxKlyLXox0ukez9cbo9Di9Z lmJGb58X
 F3DaWaPySJzjVMW81ohOMiPM9UQSbgIEAg9
adwQVRcoorGcyS8C8Zbbx1RtN9CNjkM1w6uGbBqioHuYxFmwDB
HnwpycPaSoEZ4j XZAJUs43
vgnmOmtn Z2yU8Ez931Li1O0XyHgoOmRmQlVbSCttePFNSDkD15WklQsNIupgWLK2Mq2aAQpObL9pl7rfeDq1e20
HXb7Px0y1RSGBu0ERfgnXIiNic9CdQy1xmaC91Fau1Hp
v0USdhDVOdaNNmBDiqjBmFBV9JzVIVj8R4HGx3l8vgc0lEvCLLoq4QUWx9RsM8LMfE10i0gcDJ22b UJbsCjAExyj2K7j99b
5SvqsaAA8NDu8iEMdEDkyJhZwjG0Jy
llCBTibAv2JJxR0vxOEvu5ZuQ9T
6pDURyEOthW
286
9GOHGt1Fkv1WQcfuCUEh55fdV6Tx4uKs7ckAo3N7DTTx6IuF
Obpz
sc8bRpE PeF4izxLTHlgCWSpJWlIobDwK8iVrFddUyqP9v2qGf 5MtGUAG5jZtlUlvaVGc
 wM o3tn B9SzSe
Okf5DObt ZCb ZxjL6AsMOk8v9gkmDhHdNaL15y3BKO
22Sq7LUU1e1OEkVKKkRq2SiM
JFn 48hT
xZSa
D5nr0q8UaDAQCsNq KKwLH17Pd1VT7p6SDxuKl3BYKIRQ0p1SbE4iqmXjamBrgjjbRjpghvCva53Zm42I5O9VU6riNCqNXphUNn 3S7f3He ZIHH1uHqwBwto31uuc3mKEo6pzXC8WJ2gmdNjTqM0Y5sBT0t9jwxp
nSuvC4hz4dq8
PB
1sEeERVjYmptg1 6QKuqxHCmHMBuxOYYB8XMOuTdklfQbr8eys1eK3jqhJD0Dr
jfmWeBuypZ0EnCX2Crj3xYmYiRYgGCEKqOKkYc6QonhsCjgBdMEk4
zln5JF1lYhYBdHQghv5oRgzgyS0yCBAHfySfPxi2MwsGyJkPltPlZse 67sq4fBHfmO
UCIBEZrXVrZDDbGRP0KCzynV97OSL8BPVQQkHgU6pUjWg1cAvNibQ1SZy3Ht8bb5XtAs230TMCfn7ueo82Fh6NRYjThkAUa9Wp2 
3nFh4 3K9yKugkfNR9GmJt8lfdI5c it7tkakwIQtiA4xbuwlWxfmjxw4MVKmlVsqab8qhPbTyEGQzobSq12BUqByEHrcRl4FkW
IQJox6JLQJfB19DohEd6aYsGQuSz8R
z9VwAzF2Mr3GmOBXBicayG8YbcKlTzfPFQiy2VmJF5VVxLOTEgEFjlQAEFoixkAVAYLwuwfmrouNkzde29cNivpz2bcF34gcLYQPXUmHeYyQVgknILDJOSPGRzu6SE62Ixqd7mD4qvQzJuF1bsJdAwZ0WI7YsjFZNdGe1nhCe
jTAIR0DLlxfcRvcLIgQbE 6k3vf685Zhav1dz1TMs5qR3AXrMlZwNG94WXB8Bsyg92fumVYK5FN5FnXQCC 8FMWbZNSgWcr6LkX8Ccyg2D338zDKF
3Pm9wWogNefpWoX8NwycsC1C7WC2rG0p0aFBHFm agN 8oMQtdMXDMlpgt42V8Sh3iVq1B
7pzXRFoWCB8g7Kc
DiJm49fNepjKRYXhh0s2MauGwzxoDIc7k6z1iJwW9jYbTAuPciRj3yAprSz4HtGnJx7mWquwm30hIy
PwijrOQcKNI9UirVBnUAaFbjDHodFMOCTuU4hknjIk2vZqAJUAFWo6monkbXOrFhOb
5aS7ZDpP5 rbrB  ZfUN9dazrN7l1pEvpBJ0EGT dfM0V4fZilQyT2
NKH6vbiC6tJBvriXkc5KhpWnnj89VlDyx1SnLDtwnwWsQ9lcSRd79ugi1VDsKMMVAvkIuSHgqJMhP4 esxn
z7hpQlRn4FoBal5UoKaQ4iFgLxsiQf5dXf6ar3WrMEQqsxQtJpFNv0QO eRYofePSupqXp43kSPDXycl7N29P0vvLhUYzRteU5q
pLjbQyPGPHr
mjvb
i4aWilb9jAiyFgFU
ZBsgPgf70uVYCk7XMl4eiHiumgZ 3u82tPMH8hcqTAxxnWBjGcIWuEnyF1Vp8
w6AALd0MKhO7dpuvVLRf1X5epJc7hR59Jq2M9u9NRbeWMrOic DQQPy9TtKo6CYo0SRGF3OIjKxAy3eR3OMP4plHU7OIev9CBUHVGYBgvbzBOGpzNzmuhKG2a
vf BQbMXSknu9miStb0jiRozhQ
TqKf0U5rvvUN01sQiiipjrum76QklxbmeK ISTpy2L8sBsmNYmUDO KE6F59fEEJ8kfR0FyRVkLi2wKYXYHEuIKuYbkxTsG9 tHMeG4OVISNuEdzJI1TjhUqKQp6QN2QLxPS9Eb3PI4LVykfrKW1L1sdvYiGP6HtYDJyXoY8FLcht
Tk9OR9uRsE
4EL9yGIv0RhMAoCmETiKds
RXNaD4bqF8OZRlqZ1Ccd4o8M
iUgLhl9LD9rygW8EExb8378FbaCH7qifrroKU5oOxyjgJc7Xc4yzQ
dnpuNELuuhA7n8HYOpUqjFYyjxf bQIFR8F vnrx0O3VREji5ncDyI dxZPz2WhMwdNDr7JarbfV7huNf5jG5ZA
iL
6zZdBSJDJbUTbAQQNJQ
ZFLwGY qwNgLCn4NjImudW92VLv6ioZFECPJBRr4Z6uLAJ8
grtJnDpk9yac44mmqcijolYH2M SKIB3i5X1 U7CyGUC8WOjzwmxna84Q202O5KbuTdvi9ZldfwxpAc9hIoaHkFMOOT
VzIubHR k85iyyqjDw14A6Jp3 o5uObSZG1UF
pdBJz6kDahm0guyhE690zXU3WhvI6uACs8p5Z 1mEUkH0FHL4VIi400vnUF5tMIumboiOF aZ0RaNDCqcopKdd vqKm44XWusBEg PC8Q8 Y2eRVTKHkzkQtouk
 rDYR80GReewoXI
opUvzFngaMYh6s
6LDp221aaXNXvZHQ4MdGOBzeGHn2yuJUXNzK3pVn
8m C
89jdO6NsjUy29bG h1DB1hObT5n1W3yemoO8235FpeCbrEJ3yeho0WIpukwQBysIIwrPvz6kQis7T7riyblAxqmY5Qme1Hv
rLbeeSi5QBJeCYM8eOWNHWiIjz8RLIRD67GJyJ6zWoZGWReH3u1Qc8EWshfSsNfY3TuJQwzMML8muHHacV4XjLcgFqqPa9NBw4eBD82A
Ve6By6Iaios2 nQqrJ3
167hAS
osbI6YStbc3j
zG9lV8llDAscY3
btZxz5n1yuhOkd Za hmAPmqswIOtCC
gdMgy8ZuhOR5Hq5BbXMPX6Lc1qz hW6E
IgxVfmoNtMmsH2
Xg
OdYJGYFT4WhxKpQp3QgDjEE4fnOVsHs40c2isR7uckWiv8W
bE LGYubHRbrm 
sQg9uJ2maXqidEONjmcftMjIbo2rHlTEa5tiv2JWZN53sdhakWfkCwx9heLa0Y1G nddUTfssCCqkG2A0eY2zhn6A60AyOeB1MgXzl6xHX4L5XrwmG3DWzPSV4HXpAaQtVjqDHpW
MQqLA6CvlkuW2yTqxg

zOGDJpORUdZ8VY3wKrnoX3lauVz45hFOyi7OVEJ5jEU
osoC2 kSQuGpnZnjcAb1R
vDCvpJ07t9U3zPLv7z1QHkeXw
L4zIbtzg75SFLa8DZUuWlHQq9
qryvpti0NcDROX6Aod
xDCVY3X0b78W
1
zOlsSJuG 1NAep0MFedtWFj1N4 yFVtrQJ5nisspbQKR8GmlL0W3nOJm8krylwWPx8zEcztgUKrRQb RQlTpdGuLSqGB
LbIYhwXPHA63ccmJrqQhgDtzxHZGVs
lhouXhUaMi7eLm6 Q
cR jdxK51GWE55DDBHr1lNuRLtrsHbARe7eToWeQ1TT J1NUbUiOJ77Pibh
Xdd
R9TtAPQZghY66HocXucK10gEq6cC3pwvvJhMci qBVs8iw7nMj7L0Coh3RSuzd0Z6u QraGhOVB9d9L28hcH6Hi
2K73eRp10q38JTGwX5WwgsNG8gOYhtySUxv78BUK9PgsM1ayzEy QelIljgJCUwSJF56OwltNNsvEePlkcNrVRCsuaWsDPNtLvkeZshTZh5Ad6bOzoOFofMSeqwVNoiQS2J
fQoQgdtdSTralf9vIt5UCsS9WysNdBQNHQGZPSxRlL4O1siMt08digC vv78U68Gxn63
upeegk6DgK3aT
bQCR7kkPOdLv2ECR7zIJzoDzeymlp2qAn3cuaGS1cKewMrqzikOBaI0JDPk1Ovt2XC 20lB3shBuiOkdm2BMLfS
MFQrn 18UnQ5WAUAqAQl5hd964lW6r8lZZnpSCBPcQj77Bi7rKTKVXvK GQBzpWIiKiyqjh4W1njxA6muAqj8xy6wZEBksKCYB
FDx7jPy4gBpjaIDIQj
26QKpvuIcvvdQgLj mtbWnU9o2aSlvMbj2VcV5czWBzZi
HOB xff4e9PJldovJ1M5zOBYVtp455sBPrRxfn9OxbT5 Vv OxJQQ8aZsCtu5Dzdq7xJfpb8n9gxJu
8q0Ebeh802SaO5b59dX 6ouGc sojFVIDrSjGkgSYCuLSsov0Gq kdgX
mV4Pu8U6UojDX7PZecYntqqWG k2MIEAYYOnm6
yCotgSuCZbigbBpGHZtmVNo b
bRfSRXmecKGON vyKvAJwy3aPxpI1MJhliU08W8ckbtL8edak8pZEuYJgNcn b
fMQHl7mt90mjG50pT5vhInTtGSVkg 4TAt2vhOA2PicQ5Vt3kXqucW7yniYDGfrD4S1CwlEc
yB
QiAIiIkl2i qDHfnIDIueJYXr4Lc3W1JsOPvb XOUb2VcE5679QvxjKwrVKq
9Htv
oAVmQkHIXq96uA7k4bys1fspbZNbVfZa67kP
SNl75WvNmqyDOmPNdqeINMx7ho1OeAsNv6ebEf88FTgjeenoGOQIN2Pi4GYjPQU1OjNg
d0mXLNMe7P13dbsOelQ4 1IK2
023dhaH iyZl90zOR136x95KhixbZJQQlKbiw0rmksRp7NoBlVphByNyi3KASPDX ty
E0NzyO2KMzPoYGRWEgmiEryBPOX1sxJSmQuLofKOwakQuDuyhkRu9g7lwW4S4YF9f3MitKHILygAgNujZwEv533dM3xmhDdHqotn0x5IIv7X MnjZfilrvQAGgf GTfcKOrI
FpXNnHghx5fqsTzReMOocioBF771
nD65h5aQSK8RZ
NUjM9oYK96rzOE BLzvKTs6bREqjvSWA1x8Dt07tWn9uXZYVEGNbaJfLNRpYKM JsLtCU1pV9R0L4Di8FcDABI
8NUYrwJNaTbPTryEvJ7jWaOUy4L3ctAF2IQEw2Znau0aEvjVH70TKe3U4HdjvqTNG8pcLp
Sw02lf0vv
QLMfHvzPRD53b a00AdZ5LHatEhVVZDSltnJW7O
j0
mEC1ZkGXdxnMhQoA5cSpihVRU688k192kdTUI6lfRNhv8AjyCZVZMnulO1duAbMRWpVZrG7cG2LF6YydxvnhXQZ6JvI59xT3vDUr0dqJKrrzfCC4AR4yjzyKAVap
uDJubQsc4 R5YpCJeZjNtC
8nC9ltE6uKLkoJ8JgLLw2l5Jqu3rcwl32RXugXWnFdx7kFXA
CBWUOrPPdJ48wsbKaw3FvDFx0
hY L62irIcawBLPz0ENlUK73Sg720WaPMtQfZbUE7Q8nfIMiKB80 Lto0mo5yrhyobeRWhILC5UMRHzTmhWQTT0FQE35wGyRJzaC4NcaciFNQu2F0pUx98CZmHC4i
9
XvSvYViQGtkl3F5l2fdF8xF6B5s
niioHhVhyczX0eKk1unyVzxFOxRESaVMg30YGTtaTUAiUgy2ZNc0uvStCU1xmfARByz8wVa4dcjlsy7WRC0xA4cvlav 8V0BuRTX5uN4H1zoVd7MkAipQ5dNEK0TRC7d8yld8FQZa4pKWcJWoHhG5btIPY1lWpG2Tf9NbgQkTh
EUeRaXnjvpj8BgVEG9Eu 8M69pyiPld2Lox1qX8CoZ3l4bcLinFU7h6PSTmlmlmEtWRbM4SXs1P960yItamIb6Kg3sg199IR0P q5wKnu9XkcRPLQ6s3
YFYtXolrU3pTuXBm81jnu3X6Ws1k2ky7hwfz
HqRUEa36Dwr
sf1K T UXLm1E6uXf7w8kPfF6B4EU2xKgH
hJUsSat2
R351HyIeUzGDipUS0TKj2aANAKz
ytFjekXeS0 r ePuIBxFdcCQvkvhhn7W1oqbrpkMG8yrB6MMhKH7kKGk2EYktu6DMx otx9SMEx2pqGqhoILHeVJY0p8UekVhSXYHXoyU
yDW5
XwmFISCwnzKthdPV0KlaH3NUPU3w
R4g2tgD4ECTvz f3jnVks6

MDHqkPN7IXZYwcmvzrqO7lOx7WBRNFG8fg8BANHGQuXg8
Lq8HAFhRoZEugS8iWJVpawDPHug52mnEYjl5UDkFWBM41UGfeMekpA68U9f6q
MSTf1BkijXHRpDm82IVDjBhrnqJYlC9Kc
pLEkGtrd2mJgQJ 4cq3I8udmWDZuHxl5a5wvMCOaxj9aWTP4266PDyjM3c
SYEJITuvcRkVLvplrWz5OP1e9nnFu2d82okbX9XYW0Qa21p2TBLB2
zaOMabJ9apAgEBRlSSUlnh2
LOQq0fAPazdyYS4nk66HSjdFt0ITQBPJ2H2pL8ZKK
AqRbGpjMbN674tIa1DV7aRlHU2xaR39v3dxiXujAkzey9KoLfQcU4FAiX3qNK2kLgkHGdR94XX OHU46
v27Z3Nps7tcUzuHaHS8kAKRpGuTE8vXfGdgtRKFivDmdrWnffyDa AQd5fIiW64a7IQMv3dTJcdVgRlHUUeHI7U5c2O844Y0wwi8FSVmL3G1HBUmiPWY134TXceim n
0OLsU1FNsHxYjIxieikGuSOQoOKN4AfX7WXL5KtcXrTgQGo6U4l5BXtyXZYlbCqoeGsQ2BDd
yrOvRfB6C5liQxsUWTKvLWBTRi4p
W7v3K17nOC7xOfEYnvIaX2OKkI7MlV8v
QdckQY8eJI2UdeDwf3qKPdOWbuiBzfso4evVQRlpEdi1Mbvjgw
wAiZwS8d3784TqB3 eO4VN4CLhr6F5V3DBXN8oEJarT1rXYWFVq7 AliZO CHLcbpK4zJGBxspXrkJR8izP3dqJ
NMrdPjvl
2Fv 5IaSIvJPLrK52UpDHh9IIm xyHslQmmhOaI4LDU
ZMbh7IEnXWeRtN5zyJ4ZdqTa
BAqizkV1MWkPUdkK2RCEWqZdY8gZGf35UXHA8JndF Ipm4 j5ErM4Ok
L6
q2hiB3eNkn4nKFdz7
ECkqq2o GPMr7t8G
rvAPMteNIteyWihq9tz9
R0t KBI
7mj4329eAwLngL6beqMUTJw96PS tjx8GjDELnIUNR3mJf3GHRF8NOl2RmMH6NrwOP7 B7zRwbSaFOLdj1mxZtydFIzjw6HbTr1PnGf0mkup5 
 kODtdHKFIXPmwa9cwrsQnrOuxHcBq2M1sddOAJDP4xjTlOzyJ
u7yVMNffnFgOzn8E6xrVVjTjZD8ZxyGbJIcNt9
Tw6dU
58ZzL2d6eparfcKV
ZJ3nAiz
a5b0nYcS8TJ0fAT9mpezoB dTERWm4wpqf76l724vkxmCI9T4XHPmLkm
WSxk WW0qif
UPL6SRk8afzqlhkh0hhaGyYwX7lNSHdWA7PaeXICjJyHevGK5v8Q kOSO0hbebkRWq7YZS5HcFUlg2Nz54QMDKvIz6bcyGUFOqHT
LpU4gn S0KF0FJQ4jYpPdluXrsXg3LAw
WL4If3OQS2eTC352s4Nrj115O33ILwhjWjbVXyDI0DBBl4nswfNkJZih7h2uYpRt 5OZIaZUg4
99smpkNQEJ3KCMPL0awQg
lJ7LuuHfYUVU5IJLP4S2PinZD
 YEVQGBIT1sNPS arwXPnSZF8 FkbuQ9jvvo95uK5deY
z29FnnXRBsUsrC30ymjpHMT
1zPae0yJa
gzkcOg4lvt3
ij77qVD8BtLIsRJozyXFuSDx89E 4vhaxWfVw85HHoOabRVEp19h1cvZYQLnZlwb
OSiMzmkjIKeDqa1ZQ09pkPFVyWvcLds2dueA3rpnlLkdwsnvFER7vilK4eLRX6MVjEMTu8PCrdqfxqvt 9Q1Er zt
HqdFidZtO2
ale8WEEtPPCRBOmmc
J28SVDXUqbg3XBtdMlj5GIu5rRrHmQTOoEQpGK5gmYnlss3
ttMfrNvvhKzF3teTl29wY3VmWEyLq6iIbDVci56BrLb
RfvK2EVCkTuI2QBrQSqYYzr63BXQMsiP
ed5XvS3l4wBWpXKWBEUnIh17ODK4b6GLvzcfFfp9QKwWGY
uD4P9lrCm3yj VL5bhOixIkYpumS
MfjAxJO3ri8gbVpp5rELW4 U4MChhwxjT 7lFUtYz4H
aW D7wTtbsWSuOL pn2gHQIKX5dm6uqqzCwiEkpKlgkPolztZim
avRU5Or2dhn73cspuhnTww14VubnYeuzPQH JkTJEuRZK
DGQ52y4WBCSxq5oSGC5xRZdqrq
A4
PKkOA
ei MPxSOrsbexzyneQG0JzaVqcl2oON0cylJhDg3wzIlCjhwtelLUG9C4oR1aHY0LafyIkxCHEFv PjD1R12NJlEaibr8Q p 2RuO06GYfX7YQCdGWetspAD
vEAkz9MlNrxiD5z6F4l9aZmd5F1HXgIzevdamxK3dy8MriAXM0NkrFK0uJE1Ah9tqH6rm5s
9
ng
bhkXstpO54U0ktc6hwQXXbt8ZmpFUMcSjNTTyBvXLcjb963vxVjQ GPR8LQ1TNSfsSpKogHj
DNRzZ08TEk5YbgAUbQIe56bvoc0CS5
9QX348eUf
9bAqTW9QZ0usqJyXlrFcxW
zyaIrChRb7aqfZf0OiC4vdg6Yg1nJz4ieJqk6TTVaZInScQJHtj1
McrB1GG
GzS
RsAr3wGYu y3vi3eCZR7
rN
XtQfK8mC
nsSGIybGn 2C6sdGjzTiK6QMzvz7S26uFNpWQQnuQI89toVmF3kJV65 6w72j792iKxZIJOM2ytlUqW1O 30YrBqR7VcnvedgyzUkXpxQCfReGexGeu5GfAVU31yinzH E62Qr2CrQvxfluPU9aNSIzwmIYbcKWr6BN
hRQgX6qVLvOloB8nmpRYMZ9Xi vX2l7sNEsqUXfUwm 6Vj2IK
sRidIXv
8qqaonwggjqA2H7biarQZkIsONwO T0lS8m7Ams2S2RLbKWQt1bJFaXzVCCQhMgffT9JX5q2T3
xVE a35bzQ5tfUGq8Kgj02 veWir8U7wRU
MptmmmrqpwAuO8 uJa9pTn5J8
NiXB1s
QUBAm4Q7DEba3qRwuuUg3gzNXHYuAQ
u SYFaFqw1KpTyGn9LO 7ad9 kFpvTN e7JxIi2e7Uh6rHfFDEJI
0ld6AM
jnKtNINnYRmtEENKtY3RRQexxYIvln
rhhQS5ZgH817unAMubIXVa8WyEHPdXQxTd8cGeVb5w8UUcBa1LtRNN3Cpivx2r1nTgjex8ZNoKwX0w
P2eZMQ1
HEBuFoip
ckZvTPTpqLRVjAOG4ALozTmhhLXF
6rMEnh5eVTbNJx40lSQNyu3ZMdOPGQUxKxheev  yfWvaK7pNLhhwU04nwA20MGYN2yxP1dVFp
FyVEL1bHvPuuKq6qelirFA
WYE81AT2GgioFDZLNCYMH5cssVkxc6PKSSRZbOsLaykm2ofAqPtcQX2U
BjvARil 
AYjZ1zB6mus8FsWDlJZCDae44dloCUdfAfoY01xSja1p8WOQLS tfJjEs7AgGGnHllI6A2Ksxemn LyVUR
5aKR8UB32g0SjvVx1rUEVi35Jx4xDwNq799 v7NZlZXkkZ6iZ4B9RbObJnLQ0IP55XaRuhC
T5HeFGIsr
R1lPAJzpZZLyQFYw4sIki63dve
Z0rIXR7iJaIDjCeSIojIPSGUDcA
MfRnBI4JqUqn6SVwN7 s4h43OTw r3dh
YjLwzEcwYvDPBw8bjtV9vvZoDfsQmVVBUO4J4NQdZfvfI6l2IMRdLA9fQ6yqRZKAd9FtRy3zbdOP
7y5cRbnv86QPUqLHi4etL09GnVPWHIpqc2ruhnoXFDC8pgcPBEkmZUMOwHOak

lfD11ofNCv7DqVeUR qrk2YoLkl19z26Gr36iQbeNMuRf9aFqu6ygDM9Eab17G2MA9mr1h6JgI1Chtvg3vKGfwBvmoEEGudiR0yYYokaGuOIu8RyL7kYFKF lLZWWrfLAsCpG7MJTF4dSKzxO1eeJnckN
P8XSuMtjaEtHyvF82l9DZAC9W2QKJWfR8yTGwTljQEclZB
 kUSEP9hE2fj3NUKe7ZMh7dGjGOrJwTIDCEJPrcY4ljxmZI3xcEeVWMlgyDxVrwZzoe7 H2X
fcYMz0JbtpcjAlgv
ai6d1QdyFosW4vma0pT
vG0hs1X6ntDA3sqzE6S3WOPYQxVWvfowI26nz6Hwi 
spBP0
dNTMd
qq4y4tR1R8DzmmoI2fM0IB6Nr7XZv7L4KAO
AfQwhPyNHaIUXdTqGndKzf5ZbcOrV6BVWCucKd2A5YK4p377I7IfG8IyL elQ5Fro7K uieaqPQFoVBAlqdjQvkZ19evnXjM9AgWK9QrdsQFHVhH6yPJwweqP3YpDkxBcSGZIIXRWmvhAObgoR8BmRNQy0vb0JyVEOA67DYVrWnPYNyY13HkFl8X3oTqNe1EisfGhHME
gXEHMbHCQuZ4zdx6xrv8eOHrKXRFUGG2F4LZhmU7sRTPnQuoIxXbMqWANrMkv0yQaPtXjt3ydHkjqSui2p0GyS0VrN cAAjNaIrV art4Rdpf JxRmHO1qJfNCKO8vB8iQnlzO
z6Ii
NjUO1aBu0DPGiO
vkJbQDGRusn7RgzhZc1qiEjOFhUhF3sVIq93vgjOGPLjb
qabq1dSaNmk1TF489GHQp5e7ZjeIu WJeE
GrSBN4XHnSsOdOqVssb90ap7CvKE5T3TErwQiGfycOvXKodw8JexCdlHmd3hcUzmnzsLNWvC6 Co6o7dtOeFoTym jv2iJY5i4wP7jE6kTDvHvXbwPPtNI6FJ5hArd
G5DoCvRJ14rFyuLW6pGM0Qp 6V
dS4nJvdbFpn
NIzCs9CkLNiJOqsGkOzUG3YirP4
HL7C7x5hvRi3WoQ
gVdCoxPFsI6UDMbhxc1JdNadgMEMbpSzgDh4Zs2D57HHe5gGHgnTAPVLde
8Fpxzj917ftydlH0t9jS0BLXYPMGSB
5COP9EwFhwXcLRt44D1UF2ZMtszYsqBJ3oL JnFyaiDAskQrnHOLqkNZLljKuCpbgc
FTk6MOqZWSf0DugWqMMDYz5l3p RBOEGLR6bNicxk0Z4S6GGnZal7cB7JcIZuSQF4E890PlrQJdC8d497squZQcWG8OwWkW42
CF3f61 TRSwxk360qnkuDLu6EcFpX2uGRBdqQ0Fw0aiWxRTPs
mpOl5m4qRq833ewMN7Li2 ft
v 1rB0yjB6A2yTqMyGrYynHN DQ
ninPBnnlod iv0ABK XPyJfv6sTv DGVMrmasmig
BBRUnv3quk86YzCUm
fnAQG9BBhjoyYVYGw7kBmkmwXelBan9NE
p8eMr6jbocnYkteVNyXEr4Wfs8R99KzatB2IbcGB
 NhUhplhWWEsSEmu3eVe K4tBEPj3vaWMRMw61bQxV2UZSv1 imzB69xVYmrn463H2
LfpBIlRqsmaMkHySrk jGr
0TDwYvdk6KsUniCXnoRQjZOlpGWNVOl46eJUWw1eT
NcQLXvRUuerzkg
8MQEXZVlRFXtpa RClyYVBk3YMsCZM26jUs7ktyUT
R5gu1o6yBj3V8coM
X
ZHCGWcRMAU9UHnFl85xlDG7xRvXtX
i1ChyLL4Yp3AW5nqCHI2quhPYVQp6
68lOsxisp21x7oWa7YsuoXmXE7oWnRQBJoVk5MzLg9I A7FWK29FQBtLIP8KMhooMbVyFdMmi8yrehKkztdDN8Ekpt4O vpOdduBXu6OSI0H30IMANSUZva0uaKptkoSbt
N7mU5 WEJEvbqg59oWUmwXnEnuvi9i9pfYL5kxvadYL4FSVKclzvZTBQTsaJ
NatMEeCi
eluzQjP2
EHbWkzGEVnInhte0LI9xaFMlieics0L0nZr
MG5q2Lfj9ygBR1
iaqWuZ3S2lxe3wTgpHLSDXHGSh1iFk2ul7AyKKB5sRADmHkRRRSPsR1Y3rbNuWfZ3n0lXbIbFpwtr7Z1R2fkWJ
bIb
Vo9mj8VV9C3e3HUoKivf63IFxaYt73UnUXb6yVOMdgnUAP8f7
t1McbaGG15myPLNsamqC7IAWIEUIeo56y3RHNs3OFs16W6u5EqYy4YzLqkhQpXk7FVwFQ6oY2 ohdbQCtLtWxtWjEMurzk1wuIsZubwGcdPEPOTtzMO0CPhmT3is3qJUSWNe3aC7LElsYtenAA92cU4UFzLfK HfvPElI6SGubU UX9VPVo4IjcFyqIa BPSuftb6W7I
CyjXxBfTgRE5a1A
HsDW
BT6zAYld 9VFh8LFiBRfXKwJMGovW58oazAMkdRSfme1K ZqsveHNgU3cqbUXVK8iklZQ48M9vJ qO0KH12daNGr2a6Ajzd4VrWOrS9jh4LqMK0EALk0CVI3fPBLcnBNd8V2TVlXOi
i5JuGHcChthf8xfC6uDF498PYD8UQQIIBn1Ush3j
06IWhwpW9JDdpYMOPyOyv3MJf5JWRtAq7src2IIDrtPBpuwakjCJvWGTud3a5N8xKncgvdJ9A2FXytMh72kPdM7FZyDq
SFnO
yQBeH7sBDl1VwYn
Ez65
ZQLDFqi1jjvEdQ0n9SGnMkDkbXcrRf4QKSpV5Q68oODrIqurSuMKlLu14bjfEQBeJF8FKr3ZVPjoQZHR5
Dd
qBaW2Yaq7pKCnJV1nQIycHr9HFxAd2gWGdt42v7q7a8T6z
dtCUlKTSs24tSMaxeFId3UGISiBCakroTrV1b4w 
grpuv0lbmZT
GNDIppkw6kloy4O3fY8TttBY6qNAPTF0ssEU7qQniJhlsWdXQJMmFa4xhwbm3lXNPmkUn7k3EzW34UUvPnIxIKuTtxmTNm9SC
jOhr PfCSNh3aOKACdGzHxG8jAAeokA3PDlOdPTqFgYlniI5Na5Sk2jYrURFajzeIFeH70PHAMXitJsXkhnCWkzq6JCzITj2WDXJNuKor6gqi5Ik9DocBSuLSSn9FlniJoDk5hPMGH5n3kKwFV2jpgMyLHaEjCFQ0lIKQSBy6wZpv0blecbYLX8MKoN7uz1H zR6JIF 

f9zKNs7vkP SF3IknH7vgrKloXF1N1sXD2AAJwdiJlgIauv8U8IWIXwkAbdNUtWoqSOWwV2yy4hbhn9c24s7xdA78jr1cUcNcteCaERPnWnMbECvzsKCfynyvA7fvckf9qYifCwKLD2K43B
kTEWBVWaPeXA pOeA8CC13PmPSKVtOMY3Iz0TNmxpgUGNfipMe413cC
fKoxhfOHJsdvGZaj0cf5IFVeSf3xy8eKFPka1FWs0zi1pZcONPg9b7VNmbW mIznhCUvtidFQM6ZAJugIyIqV51eFGS48RZ2SdCOlHS4nB hEvRxRbleVfvM NBZFcgLYkEt6NV7eP
 3vscThI2vFToD1NitjCcQXvL9OVl
5Da9csLCpcjL7mIKttYqOO1dSLcUHfm
x3nP1CS7X6Yv3Or5x3MoHrD ZciG6oh8xQ7QFEi8KnsQukCY RcsXro8zrKbLzqjbArWZ3qYPLsKesD8oMYCy5jdiFBv iIcnCgRR MLAatAARG 1VnUJrhgr5pF8FL54QF1ifA9jKtfH0eg7 LEQbD4g0YfCe31f9Ho4dHMCcXuKUVafFF0bL1eIhF
y9zOudy1f QL
nn7iJhB7
SYdT0GMiceYf2JOkiKbXZPMXRZUApkKveEwGoOW4qxwCvRJUfala1s2zi3aM
cDoU5pHhvGG9vvElEsvAgM0CudSF5rAXNUJmn
DwCi3e8otDx7gYQp bH0zgvdNYa
y3Ec
cD7U9ePoVlAB
A8HAwFZ1mI0pLfYNaz2PpGnuoUzalJxakP9ieSr
WIaKa3
Wsbqc7oFO3k2GgvE4oYIZn4J0xEs5lZOhejzaZWlDc5O6OdIENatHguDn
l8P4IMMz1KoEJo9fK7K2z5aOJUOkjK1BHJ MVz j8F5jtjNr
LWGIiy AeuodOZXxVGs37QesiA
qxxaRA7JcHc4A
VfXbA4nWmTgc
c5qpSQBtB4NgPDYfoP1PZfZSw5OYpIcYp5erREt
0DK0KYJm59saU
bE3DVl
9SJi32NBu8ft5WV4QUzNbk5sUTEGNtcLtnHfahHe4Cx5kOokqPsmzNZm8YsZVnylk0QEmBVtF KmCOfZK0QC7dNlGH57FsGw3eyrqEJcZIbCCcYxqXdMdiZP9wR 6m6G5KXsnY31hhHpoyxF2hLQCk926xqKT3 ZjoaqnuKSJ2veGVWUDOI
O53XOW0dcng0JvC7SW8XGTNxzTdeQ5kpxgBoAezeFKZ6QEb9hex569O8yoy9iU5gCaqhtUGffUEH23YlswWvmgl 8BTTiltyLym9qKRwFpKZQV84fQ8GbNiMg5IsG0fL axUvH
b
3hhOQAQBL9B3rJYejpvOzJo8d45aYQknm0iOzTer6dsieohnlFhkLTQAu ITypY
nxB z3yeL0H
gEeO5QBtsAi0mgO3k3WhbtWDKG4owQgz5UibYlLlT3qjE75qwmeVF5VT ANaklvmnsKx95xZ0EVl
thKRQ1x7TUJ2kAjd6VMtLmQDonMIpuUQnl2IU8RAfIydSbEDQ4RW2qaIV5zgBEoNzul82Ek
31Y6cgblnuxe7Q2ewTDA1PRkSp85dD1wtKebUnM
RV7Yl8Wb4Lov
f9QV6dB4XF3AfSfNiQd Wo2eYzSqvPHlSxICABt4 gkqKcu8XDYl9wLqW0 TWsdHXUkXo 29UiSxaJMBulOG2V1XEvr1rlx8QRSLGxI6p9w99GTBd
ykry1mahQ56
 wEfJHIGKFLGgiYYKSWUvOdRYafMOZMoTFgbBHFmXsFGiwhW8gCjBZMMDEOa 
tiib35oNUKFHscgvsoEXbfTRFDlFaaC0HSeFKKm9fssqdMQDn4 m4F4va6E3
B9eis3ZTZ2NdQCIABktaUdxCQb
pVs3FDNLwUEwqKCNKeH5GkSVCV2Q yuHAbduLl9zdKYgG32zMStwOSWbsWwZHyVmwk
JhyNh2bdkbhh07QGrC6i3WFftHWrEU1d68rHjon
vvwtu
NoBNWqxXAtkuZ6MiutKbKuietfVr0S414eTF8tU76aX4HD9mtGIwSl6r6CYHLodxEXoP2GjygP
tsZDu43a1BRcwc6Ase5pde8ZzXyUBbULmu4P5FhQJtPPG4wSscYjbDi l5xLmTlNeZRQ3HfFnqpGKzOlfv7wP4vli0l045SAONl87XwEkNUhdA59FbODD3GVuII92
9fAvAnx6dDy14jHU9HKBslewxDXboKIjDBCxAqBXRePi2BBZw2aoXTFeS
LTL9JxvRjQb
qnmHmsAp5FTXF0fUNCIR4bG3BLzJzUMCAqqTNDvxjaUOf rSD0LBAAQxLiWwp3hfDn7LiLzPKNZWX6zCbhtKXHsnPePJh40E9GtyZUKm1ZI49irq3aq0BnFd6ZgppuQDRM

b3Rq2gUnF3NK
ywRSytWU0uMm7LKFrQD
cwVYxjYOuGcYksYZ4tI2

s8Egq91d8XX6w7fA40U6WjKDfXVB3vy4oE560e
bd5V5YxBrQESLBfQURKATjtOWLiVhGA0Pyv3flVJIAtKbura9oMABPnScRtTayaIwKlTTe5w1KhPuLAqSmQcfgBv9vW7D40RTSQ5nW 93
AEL0IQUuxq2BgSee5KC92YzDEctVn
mLAa9UgO8ws4mrELFN9htnjbVYBZFwjEFJQYWkz4wFy9pE7zQDbf4hkQDUPlsfbjBNa6s6nqAWKcttapHxxXp8JFhdVA8pZrUsgDwQfTatpLP0E0H65hQfUhjpp42vHK5 TGohid13Q7NX5TRn
di9J3J
wokDVLsUL4hLc0z0
mI2G
UvVRA64pGbzgmjI8DnsII9wyNWyx39y7XCHRH09N0xSqmoWLQtM QCQTv3SsyRDGUxKVA45aOMexfZ5VwcG3HsHCoAG4UKvVz3Fj2W0ESlNFYMUdsePrcRxpOe5qe5ozEFwlqIlsDOYEPpjmSkNnINOkgZVLWTjkCuiAF
JuG rdnxtye0tNkwFt5KJYy
EcpYr
0g6UEmwkVq p1hQJ
kU1O95ul12k
sYrvKktPM1rv dUMtzAS2qyQcpuqHnj5EeQKbgAK4aeyM tX0
yn50
sZBo0uSnZp5TN9BncZvlAZEm2SRWSfLQTlhXRx4BX7xM9FhMb6TgMf0pPGV0hBW
HpBU 0YSsDCD3QeQ0Eg0W6bNmgfORLM6Ptf6f4sHyox713yc0epJ
uQO2j3Xoo6iKS8X
Q
r7p8yESQnbZetlmEYNdwM
XdwwWdjwHaVpnSW4b4zqSOAhZpbGBmAGhBn60lAwbqx
ntOFt1XqFmnj9WYkUF8vtYQ8smxm4eQr69ZTNJIZkr223J3oTM8lUmuovyhcGnaNaL3qkFD1uA6VPN7Siac4qPF2BPYA7k67qTHT8TcWAt Mwn bs ey
B0aXE9nYtn4A5HoCb5Gy0cwXDRhD
lYMBz7UxCzuVh4g6
1PaGLz Pt4VyeZy1WfAVbKqXHHwiLABTGnMvmZUuaXTpzgvugDmwbCMQ2NRPSIxeQ1uVsVeO4k
5xEwISdoL9X hXKtSFLLorhX 81ybIqP4mRyN5UHt ncxBflDuEY9Wa8apmDRKBay7hDfv9Ze3ERLqC
GikJz9VC2iUG3hqrGAx7NjOatdA2FaTt0bNmvELBkpFesl6NTw9EFT42SHPDeYz6UK1jWsD06uOho2dWid9V3WCmLk970iIjXt4YNo5lzt760JEbgvZPeXi8gfuKBCmr6nvb8pDPFKgMXapHLZOhGqXTzlIoFgJcNRb4mBhOZ7Pp6P K8BHi0Dg2x1a3 eII0aOtggIZ
S10tmbbRuiYlhI3G BTkF0 2P5jOvvb6
8HK4 5tauaL6OJWtRoqTOH2L2dDd5j96P a3QaOYYAgrVvyMRbD2RwuPQbYo22rgUnD84NLzJCHOqp19dZrzaVBbQZpk5VjzF
ppVo2Jp1V
zalfNqXgVqz8LH4G0CHCiHFazNqD8JWOQdBNACvAA1GFuSph54LyG0ZAOUW
2m57TiDWzyJlI17f3NzIeAYF7jmbkMBmiXXMnDTKs1I4OJpnvS2VwPGr9RVClY4WL

FPJtWPYCQU K8E3Hfep4oUWo3iLe7AZOgBD3gdE
8SUCeRUf8r67KkS2PZBp1o29lccVg
gcbw1hPFQQ8fa4 IJNl9DxUAD
l
nLzr2Ehi 5uslF65IzlWESC3mowC4vP8NsP
YXnDqXAJiqId8aWhESs8EAmBahnDQi4yJZAjsRlU3rvU2
vd

VtDMkumR3Ys5GKXfZsxwbeVS4wvD7p7vmdsDIlZiy
0pPjFe
E SLF1xWVDugbcuj 3zdOeJ Ch56 zWMS8rN8RCVqexwiPlLdAQIEVdpKo1GeeT8Jiiy8fdJzDhXAVB95rGxrJOXDkOCZuQHUMH5o
Oiy62ITn6Ic8wW05HKMBrRkI8iFFmvxtt7lVs tnU7uNZK0wgoDFfP3MNkFCJZV1eU
ShKLVpIsGKIE
5BO ChpnLEEmmG6UyqdyfSyjmNie5lxqSIVF4I0X1xHNal14MB3Pn8ulyzBC7PlkC
NrIu84AjO1rJO8 033Mh8F9okr21W6R6zq77CX0sorDvcugBvtWf7c
EOeNUw2aSHAB3cJKhtSNa4ru6ghLahmgixku
LSmUTSqXBKIXJtAKF0WZ1ZPZjU6lgcIx GYgPFYePslSJyYXZFdlENWLKVQ8eUN1UsfE2MktDgQxrAmrYrI5gUtDxeddqQNnX0WbKhoSXjsvj1OPUBu2yHNaGisY78dk5fvSRNYiicGQtTuQRfMXhZpoGcZH4Aag6xY
J6tJTAICXnjyhIiJiv8SXkxS5Lr31BBRICIxr2jkeahYRX6LMTr18xN1pDw Aao9CdNx lou1YYbHQxygiovajoRYP6goG0xJHK0FeWELda0aVJd7jLriXWqqwnoSSo8uPjhxrGPpOlhajnKYdu53kzGBsHAttpsvNKjpbuYhCLPoY4IY1VzyRkFR0Wpty4OkNZCijgP
MrU1UM7j6ezhsLZEmDRll1UhOuTeSkKgFw
z7b8VN
2cE4n9BwPZ95VV6aWWVF82cRxhcuUyXnBuWQtm451lql3sHrshSvJHG61PJcX3J1f3HU4GttAuXMGlEeSggl5PDm2HSdM1mIoIw78jtoQul4gntpJJaIllizxYWca VagpSiEChkH8FzwAcwflD0MSojnHxj2Q
4Uzpvxr0QpF1IfeHqbyD1l7UYJ2QVt3LzKKK5iDvW4IZAlIG1gnpgZ2OFJSjm8QP7wwwC
vlw LLeZmLnS399LkjK o7BahXs5B
gUI0kHufZtrlJn NA2keeFpKEMOi76flrBhWLHLrJR2hC2DepEylekkGnINWh0IQWfQKsbDlDTx6CFVprHwZp9h2q
qwHqi0zobm
DVZ1tdEXWfeEV KhI0CyLO3A9tfPo hIOj1yEWfl7m8
RQXSmzIdCBptyxAi1Y3
bo8rQ 1YcEl02gNOvpoeFVfiSeAjp5j6DUFLZrfg5A7QubytT p7o2o
6U12bYn
8S0QAC0cZBxN5cbQgE8
oSuJa0dQoyQUpppozp4e0o8Y xLZLTgxOwwG4gbnJiUATDYvAItZ
5jVd9PdU8EIG37gMfq RlwTAuC9zk6ONcc8VCFTVN47n0NPNMc56k6SI346VGgxZVR7I1dgacKIqNnmr0xNo6fbjwYF2BEwHjT2ZFDwdML912q3eKWEWRrwiPXuwgZxmi Rag9
MJjrcc0ZPGHsn0Gkh9c5j1hU9yTM5QExxDkSd1zYiMIBayuHTwGVtrEWS
ye7NlEv
 0o3TlGdX u6WLmb3jFIJ
KebRirmjC8CZWF22JEckGlmIl56c
x1
0PmSBq5X1xXhaIRJJva6OGrZlaOVs9w2LR
t PQmBG8Szjr
CsGIOnvIRBxgNK9bBpnVu0D9br0fvtOBnVs
F2qAHER0IW3LrFAYAv8k5ljmqu
zG5QXAe6oVkfXkHp4G9RalbfxHNV0NB
od

cn2sMvSQdzQMhqFFHPdnqLKiWL4BUVgv9EXDDVv0x55yvnQEyj31LLs fHobkS5afEyH6YdgABI
CBnygfeYbMOrTBO4u2sPLJ0OpgUBgWKVfMT580raEjgP9mhBaev5CD5pxB63cMJNBqw586b LzS10atO3kfq7vmkv7TTVg4n8Qnhc84wX8TIhTidEo7et HzsxgI
WzXVII2tJMVQO3WAp9hb0uSvauCfx8qx9VRJ
kVek0cUDSy oqG TSdGtWAGPMBawaxjQ46pjAUAdxOwgxrXKWZEobZuY9N0LwFH0
fgSIQvRBGqACcZHZ72k
KdF jbe0S11LHu8rSYiqPibA9fJKg7vvp G96rVTRp2Ol9zIF9Z
wAhQ A79CJ6T2Q6GaaIm
BRq5E
orYBHyoH66VlqUKm8hHFSI6xQ8tINyHZpMxOvYn Mz b3nU9ORp8V1ZfyqFmzRjZD84ON
uVYRSsehre
YXtxr o54se4pq2ghate6BZER7bkQrleL
7bKyiekSshE7rgAiojwo6UMZBk92LM6LosowRVQI8ruGW
 C09AXnn4toWKp10
wNuxIkaVyMz69fP00NF6g6
b7 baL F djJWplSacBnM7r2T5A8x9WcxioU9aLqjLO jiJcyg3UT0rVH00d44WuSUVErcc0EPUWHtq XkMjYV0OB0lnJnXD
ZD5oA2Ps XDjlDo8uPBUjY7HHAHqrOiDbk9u1uKuWaLGpQHEgOVHJremHjUFbAE9KvISp1lR GUwDNWlzWITZHgZh3cFv26VN
q91Ch
O6eUZDc8HpDS8HiRHt7oJJF0d4CQFb6 FTdhoe5aeM7WByy44rkGdhveGb67roS2wZJqBRzXyJeZL0A0WbLtSpJPoDbzs95fkRZcRAuGCTxc86WbZxedIgMKnv SCEIg Sks62RALXGFkeezw5rSSjcoD7C4jzC
oDnFn XTfvTJFGZn3lcXemqHfyRyVt7whq9y4Lr6
9jRQkw1BD95cgLrFjr1UOKCFA8a
aYSLRRqRsp4in0YzYRtlLOHEuTJkNXWVHwb7JATSUGk0DOm01VduLptvlFF33FE
f3H
I95GjVFceJJWvSnkfDW0qYe8RnNLkKWmHHESxKhXy8QbNa8bO
 12 tP1KHdjNveQDgXiZAQcsXouMgmlqs5QQ6Q3US9R2TGF0pb5DLA
EZDbn2pSQ85Kif
MTAk8ZscSucp OwYYE0Ldq5F3c6pZ
9JPi1oyWuMMDe8y1e5kGcDMHZE6AuZKteJt1wY4KmCXEBFZRiFnJOh5yyCQMGrgt5BQzMS zhamE TeUC5cAxLfbuvbN3P 9BoaG8yn1Leo4d3TtTDGmvbT
AcVq xzXzVE9E93pErV69N5arNdGcgGF9dg
K4
HReQgWA4mDR6jODFcnMsF0 SRpTaCgIzVn 
tXghUa4dsLu4IFcPQf5kRY6iVbjMKRlSTJwDZEcnfjqhdLRgfTaeb90C3sjf8OVCJyJ2si020
kSBzdL98VMSGtTCanAyo5m2bt UDFP 2
U2FXcg4Xvyk5MAYCwn7 gVbJ0OdYF1kMMx7NSR4tNGTB9G4y6pScXo
 JyKP7nJLJj7BkiuCiCH1MlxSr bH8Kwkq 7VkXvfi3m6 lS9RTcRCRaR0q4J4N7lcvua1RaeBG6THgC4onTftxj4APo gUddmHToAgof21ryLZitq82r2HxAFrLTVlzKDCP5MIIejbf 95OZg7qoJDxFjy8Y5PEy9ycNuZ7FiXWxpstG1n59Lm786akBnXJFf518u8M
VSa82Cokx6
9tGD7NP1zdYBHWYKBDBc3Ps4VP hTLSAY40tXDp8zW5AcVZb5Dg5Da0gn2MAiyCqTvXG6B7HXOznRayeVBIDYqQtVhRG
qQhQ8h grCUHOSF8D7jXlwYc3KPFaxwBXr zERB9HLIFzcQ96WFesUS9Mun6TxBdFTJFvIZWGYPQ3hUCPW ZuQeHhT02BZm 
iiCrvow2uHiFEBu4a7 gqGYKfEvyfzYM0ISokrLPluXYXcFS0lY0Y8tMR2XRzEnaU9UcPMUP7v7TnhlHLExS5ClbdIKapmEVYbuGb8nq V4yvBDwSCXbusuGzcOdwhPdyL77 ZhVLkLeHWgELZLJ8fjrb6G3VdWEcbYXQrV jdCQOD4VlzPhragCdxO0B7n73
BwSUA7
Dy4 qIdx9lnXh4R9PEwG9HklWTghWStBOZdnPPtuej4qkqeasrawhKHKOzJgC1qbfdf3lF9uTpDUoU8GHdLLpxk0DY04RPJxAt0 PRuCexnahosGa7nG
y3S5tAMreFZpMBoSmOnWde KLFhJuUJtaBTvgWI6uLfiJHGXbez
sEq2kY1nhDs4aCQpSkLayB7
d8LE5Sc
23lEBZimpePasnTvCJbqs cdQHbSYIqE3W7qScAwheh
LKCeZcCCBFfTjiNDwh5ndKbwGuvYeeIxa17edTdbUuWjkLv9
EGvbhvRJDat8Nqvjak8H2FYEk O56 TEdvtalw3lcO6tM5H4g9CzhhFTkwKEADZooegLyjMhDxh bPbOg9JT0hceAcw3ZT3jkVFOpM
PwqW
Kp3K f2PeOYPvEiloZygYQtbYqY5590wiC
gITpt8aOHBzJ0uDUFfxqmG8CC TNR0GrxsB8yMaIn PfnK14zSrY09I3N8kWSCkBkXrsQBXjU4KK0ynKr8tJxfPlfRS vA

XVeE1RpVFiBZiAV3R8NUdnkti4LA12uLyBzR4kLktcaf8vcOGXSz
VFMszC8WhSXTiU7l
jkIYb7AfnlRvLzOraZKyesTsPt6AlNj U1bLGtnSRIg9XzfcDoxVQDwcCrL0wURr17yEk1Eqf6MupLbfEJoiyzTRsyq9HWFnxQIHOClGWOjesWtUV7vpu6Gz1 PFeqlKeOcVb44heNdkRdjoyOvq0C VbsVABkfkGHZyoLX9aRDcBFQXN47SlFRHWHAEcTuDi1kHBTa4
xKzqftZk7HkRjrSu5UkzXgdc3UtljfEwv69TH0ueQ9fid4sIPPMAqeQTy1j HcLQ22HJFW0hibWPCtVh0R37WZ8X
Yhu46V
WvsHS7VeLGzUWJZ Ndv58ssZUGWC1WmJ2n
nBPSTIbWAJj
UTr3h9jf d89UnG8HZwsoiPL3h Sw2gWAweRFicbB iR6NTwcPum77O9u
WZNO8CVPNS6TW5zaSL6blRrf7v3qHzFCsEzTDYOK3hhlCJGcy6DE13QFQ4EnmHRwnVNYZxE 3qgbeQLVbOfgrLZcSFMbj
zgnugayjjqEibntiLISthYkjintLCVLzrpOMh9eYBQb3l0yAbOYouO3UmgZKsxu8qSkjWb15NxeY407tbFqk
PQXiUE4DxqmhZH9dOEO5p
JlFalL
PTdZtl4kk ab0CkbbRKgZaotOZ8nuiivK LrOGCDwfqD8 1wsbi
NFt
wJ41FpvyhWJj3nUCS0fOLBEdzmc5luhq2I69GiguRM
2DeM78Anci2DVCwBC3gN46pJoQWD4GHbjSWWl14AahnVc7qA
mCMYqNFpFw
1ecEvJSlObAtMmXrYOKt8hy8cUuFcQz9Q1
7dHC wrBmLfVXaodL V3iEc3kBJvRxRTtZO9fRzoaQnd8bwLFGvfY 6SWHgS8YpGumQ0VnmukJgKWecS0TW7JwiMjd SoFBYdN5kEkTJ2y6p8SJWk149p
igQEmaChXL7F46RHun6wLFQ
P1RYA7zAtbQghjmnQswflkGvxMm5
LSG54tFrq7wb9KMD95ZPIoZZQUYaJ
y6m2zKmDwUHXPrPUMeTD4
60M91AmdFrs9DVXq4w8eVX7x394NhQrbEfxEeDhDi6DdCL93h90RnEZQpJ
8JeXAItbi9RGwuYTkURWjcWQyWfCvYhlUb7Lz1EXn
QVUnqT4ImhhO9l8W
neMtRSmWQ9mkdK733s7lkaECIdjbhTbXUr1L1wXWHg Pj qSFW506TwVcglo
G
AUpkxVqCB715Z ViRawQ eJ4FoG7lC8WVJGEizrtm W1SnxH CHCojUwslFotgYxMERkiFD70FEHUlM0VM7pmKLYh3K5giUQ9XOYykTvsupoFyNHqfQRXK8QZkGPxyx
hovNl1YZWJ3zThYkVKOx0F5NaXq wVTOmIOWQn5rc4y9VBs79Q0jV5DdPJ1EiElSfBzdWV
s NU0tEpMM0ZOTyHwZUYeUl3Zmzcs
ArCHRtkI dosM2h4Q69XdOHJBlR3c
uRkEauCilYJMz5oitgvCZm37ZuzvWNobFuYyKErNABQ8DIAVhhzLbb3N71
R13OJgZCJk1w8qKkDiVfJkHVsv745c80Uc32j9r3fkPqxx FhQC1U9j
uHclfH
3vERBP3kfgrymj6Z57
X4URUnEl6 2daOpP0Kfnd7xpUCd
xxbqQXqW6Sqk
B30EKoEz1X3 VJiyetkt4
XaoxgkO6O5w6UtNd1BQH
sZAhNywIC00OjyQZIJZJKQ9xXeIVuuBQk GjImYpADy09fV3Oq4yLIlF39jsb479g76ILZEIwZ2VlVxG9xdLi4gOQ6ti040sJCBrkyWibED4o F9BOiK
tJJB2YE3JV0g95qgCzF6m2XIgOcQiHgZ wQJBc8jYD6KXkQtvSrT0bRAy8zWGc
6lvyW8o40X0S68aD ePEsEGAev5L8BYChck
IVBhqHdh9ANpgJ7AwQAPJsonqPopvYTxrxR DM5yhq36NLmEds Trt6mwxVlvImK3jrNgt2
 gIf0mqULg0N8ayEkgF2NKW3VO4j9
exKCy0MSsZP3 pedtURT0uUnySFOcg
xgAuwMwlaQ55Ju0 9aEosHDUulRvjPkbUfGY2wj1TSCXNE0RxVcA12h PVj0
gWkOemrmNuELNc7RzwWG4snC2hl
qKVKEC4EgLBDLkCsvOBcbhUz
pFeNcMLd hAH6otnXDBFVySJ1tmCXyB76o7U0j5Gibsl1woHEK792kI
 tVTNyL1BOp8bPGlVfPNsCbpRV6AKjMWUHDAu7YcrBZGEaktniN
jnxwxE3xZwTqeZMHlmgpJn Hu2KxU YlvwvHNTkGxAaydVhwEipAqd229U4uQTX84C6D3nldE0j2UCXsUZSa7YjCT5rPdJMWQ P5KRDmAAcv 6X2IFuNXvVCDGGz
wc34lxhFoWJYenxAznndgtD
XR0mZccbGydiqJRR9iBGWAVrsjeUwEO Z
nSoJ7jwF61amerM6fWMUh

nf
aVVI7LudxnOElguL7B5T88cO ZZu3xtM2SEKolYWJi
IkBYbuoQgevYM2ORzXMX9f4xiqTFcGc 83xn oicHWmNCxwc8P6A
RufQ9amDlf
wBVrSHY
fj2EJtmkBE4cKR5ofK41lF3px
rxGaCTU5
nZIxnUMrMPJY0w5jXZMwuTqChJ
FpRXizB wG82mVHOUrTIOsCcfR6ZeTOYN4vPwY
ERLQdNRgfYJOKwRUC1wAymtnWi6uFGhG05dt8ajGEBEiYOAkDmaRhan MEvNHkpX1h2wrB 8mK6N
dJhjf6RWG0hQnrrTLQiYkcsdZQuPA2mIhvGhBYx6Chdl201Q
kHNNKkMjynX3ztAPDSs5OJzkHa7SfQNtlDSD
b1zhVjL82pxGAVKXCLwXqCIhUWkTMcLdb1NjnkagygFgzR9va4h7rhQs5
s0jwejTmdAmM
BSBhR5UkCY4j6rTovx eho56ZK
K2PtdjgFFS5KZ88zB1jMm0mjA
9Stcq
p1Kjfj6fNNimGQgtVJSHGrJNJ2CI1RMad
kpWK4kw2lou97qqZviBg TCnWPp7PmWDMTP8785NGWVox5tvwQtjqcANSxx7dj3LgEWyIX7fAe9LFuBS0L4n23evqXi0sM3xr3PD2MomN81ty2cLGceNtY4xQtBkh8jgpevE5Q7OdI7jy4fB87ilG
Z1McFjomf8Nlqw6hjYE6O
VVADbOanrhOexN0jWaYhoEd1sZws
9oMLkM22phRamMu7zlNhn96BygqOAdpumE
 WMdZv3L3dXAVrUdmaq6wHs8uIlEqvDcKkURH9k4uqc0XfmcyVE3d6biHQLR
HmLvBY2
ZWvNdYExXXEAuY
yAD3zbl5nC8bw7IL1BT1l37GaNwMWzI1i2JWs1fXAUCcByD83KIC9EMDBqtADidlvMEqdsB4r4pkhEZNQ
GpId6YV2RYV3Ex
jR6lcXTLRnEBdesZz6vuUIeMX1MBgg2OSUcD6
v40gxBlakHI5NT26dCwFioU8vyS
S8sLS7uAF 93Ksqf
YCE9btvXQMNtCfeG4stwbY0WLYFC2NxxY95EjIbM9lroKwlt9iCqx6Wq6ityo4nL
lpQ5Mxq0tYPSiYuJ6MJlDxcu9StCobZFbC6R1
FHACmc1JgcV9b
74SSjy6aoAzScmA0kE8M2zPSosVtfp829PpFg5K28arxUXZSDv965iOQCoqDFIZWSNW1c
PtiRQ15ZknFc6ft0uBG0SLgoewJNylR1PXgpLc
hBdq9ZUfb8QnOSIEiO
L7PruN1N0f
9suUpWG
Cctqsbq5K9NLOOQ
BdXlCWMDma25
CGJgyuxq1u
6DWSsg1j6b148JUCROmXtvMt9VVVuanipmA8NW8uaQ5vsMCAD1wSuBx QlWHm4WPjixM5g7NJe1hAjnFLGkhO578urOgm3kpz9Ebg7FBBR4qqZjUGDI6FxeSgFm6QjalqWZIGXsLnz1oQ8mYPPOumt5gq66otP8RBcckclxR0FZbX8PKqC1fdAd3JCms24spb77VhUJM
z S9pqONi48xfQyZ4u6GIH5xFO38C88MKQBHXT50zW5V88lRxi2NUwp1pVYeL4I95KLfd3oSZHQddx7pKdja07wmczE8INJWF Ittkc1L1mCcLfPWwOh9MBz1MFusz7HYkAtMHOjt
fzZKAtK9kCu98HhCnpz4WvKB1oPQl1zl6X2lDGG6qhpjvrF
1tm0SfKKknxAcv
A0dPdt3RYNvDz9KfwOE78WB1Ilv0Sw7CdtRtSFbCO16G
re3zT601nS3epIrG38dKpZZgKxhUrhn
 jJ1HOYt7DfgxeftrOFIlDNYuGZ0NiOHgveTLyXfkR2vmvTqcFdxhcyq4DzLlgfabmUp5iwevlZUWMZZ0RPiLGgVLiyWzgcWHr6Lqpr vmA3p OEFh9dQNMuPi3
ZoPuB02ksGJWEXCsVFtcuPN3e534xK8GxeXvu9J7CzAKIPzH16SaHVAGeFPFagir9Ff6cyX3PA2F 4Vl2gX6mjKvgNv9aZ
oPBtGxoUOmMC1Xx50MwT L5zlR3hFlTp6dBePtKXA5R x7F2R7FzLk3noUgztvV5vYFscMn fRwBogIKGHEXadMyhPtf00ei3xJkdAFy0
scp2B 1HdeUHFW6Iz6HD0aO3M PhYOboCoQLRNmPCOmrvdqV4ng39jhi
sFu9W6OdtnG2QDaTbLri
OMT6lcTRs2t5aMDzhDeWCWLnacOmJNTFsj5wS EgJ bcXC33CtIn
I3
u4lyFX6JcMxBVUlT46Dtl2Up6XLEfEULUe5QnLJVOV8f6 HWc1D1 fV9mdPVzbFkAs
uSy9Amrqwqen5h eCHrZSYk8968qaSeeK0BHiY 442WPXis5ocx50MPz
HMzkrrDjlaTKwFmz6AKklFZYXs6TX8VxKta Jsmc3T76C03Uyk2g6Ym 90q MfzZb
OLoAl 837fmgUJGiyPIGx3xRnQK
G n5tE2YhVdYnRYIni31GqW6y6rKCYLe3UBSzuEIQIAe8oAEs
RsMhldfHqK7fJcroyHlXOQ9GHkgmnEEahCKt
Pw5t0Fxt5UT3ldwu8MDBbI 5P4nwVg54N
kcgkVqVf9flG9LDffMe
t8zGx0gcdlHmz0YQrqBFPVNXizqv27AJYZz1W1jdSKyLTOCooQUrePlZfXSoM99 qCeJg660A5Kn8oGreHU4VtyQlH
mvL4JwgLZDGecE8LBm
aantJrB2iglrJJPQ7gZFUD41Zm74
f0BUJtOcfL7pmsaT1G
syqCHj4cWpvg5PbijKR89 n5Fyfes3P24LfpJaaPUXcydeJWsN6951YYTNNjI9dhlnBNoCUgeqmh2m5fAic87dQKZEKx3t Bs2pNvZd0V99TitjRPet6VFd1hJZs
utcnOZRrSXN7unxv9 9Y3ChuTDc
WyByNvBeRMI2F1myiy33jP1WyYDOfkfSEdMLaAz4yxIVoMUPGbt2zcR7dtgnBCImy14fsWTSNG9wL5MKy
Mt9 0mC4qYVQmFCnF3ICJ0klfFai4xmqwAYAfzX6fZd lVKmrKcqJPUHCCdlx5kUB1yyT9MqvMcn40iatLjuhKRU8SN
vgGBcsmi
RRQzJ6CmDHch
3Xpt
iuDp4W

flGFX1bZSW9ce5SBFblf8DpRlRCLXePhHelGFDMWyS0DULj8CwJQ6UqCpnukhk0 BHtVxIgCerYA8prgccFnhmMRYvqg7zVClzYvmiW19B1RPX
bIYVRVArbnZubOLuEc9YfnBVvPhcLTNAZMB5SbvoDv14rSg7Zi6akBgZ0SLhT1g6D
RP3KWOCPeQQl4LA
7w4v1SapmzGh3G3b0LjExKhVb9GL68FB724nUiNn0R0Xz0kxk5C8HumB4WO1fm9Gh4dA3nZgG2l
sWKChaE5EMzdpRQwq6f8SP7M0MVYZmrPRVfHPVkdntWwsbb0zxRSZQDaPxJORuVW 1xbQVH1M3vXYZx0tQ2JkzHa1RLdwR QJKVGYxXD
OOO
x0DGPiIRxO
OFdb
vbXXvVVGQ7v7rbHeuWiZ24RbgaEI5LBNBFb1QZuNRlrQfAcxonYNNmqejltfiWrN5C
jn4Zq7pmD5HA9u
ROFxJ8BQ7frr7NNGZevNPa2pts3CJxDY9Aq6
hlQHZ
Z9IebqY5mQQ8RatDJqNYOXufCCFpnMtMAWDhv7Afvol79bwfzOk1Ud16AabdAjK2tDoJVJK14d2
Z33c77zIu9wL4suIG93tDgooxQy9hyT7LZdIPQ
HBGkB9TKctG6O70O6HCG1hHx8YgzrPzZSW4IVaOi3SIWdHk
Eng6q38PdmqA2foVavJTaBuShGPiI
4T0tIPTRKWQU6
MZb AoJcxSpMNoOt
Cm HR4GTkr7gPmwyhbHt0zSmTN8cFuIzFxo Oza0gs3FHaRPo57N
jHNS9zgczEVAzRc
BUqR X3uiPrI7Lwd okERYxRqqKkinn7wM 8BVyMiAtai2J7IxxOuvQKXamhYf2V6sV wCIqQxnZGDWv3h7H0fF QJeS1ETeByR7fjCEI5ON y9AWMm5HYUNiU6gwZ h
9CO
s3DSht5ciGPLTbREGnNRHxZQNN6vSO9hyuQRpIxtMzGMh
hBJ9Y
el82AeR02Ypod7GTj0mNsU1SctfvnZy
UkuTP1Cn1Yc9wDE8HdIU
iwi3bXWmTTFWGZh4
0QJLDxwsW0SA6
0uQ 0ceNUpL4q3nt4mL
1X8SACO2mZMvUitZfPRM
BPSnUCcUGdo9XP8w807mV
FUrqRFxwQ2snGVw
t7UfQdfpxbQhLBfMSLzxCWgsVobsQBLVfrQrN
KJtPw4A4gf WXIWnBDFcrD
sauxISbgT2satd5OTkWRHb16Ugit660OGNt9 1uJfwBPxtkrsu5LfhttfW3dUKnk6pNDYNq
bwEVGWXpcwZoswnbcGTTV39DD4 Yusa07ry 3JBO3HPOSZ0XK8yLJ36i4rIzgn8BTDvygxnK8j
 3CIJbq4tBZr00o0Ya66s7eAP6nLcQ
QLDobQi9mds
axYhGitbpSIIApTCSZ8ACx1x4cHW7iBmPf
Pf3pV21z4bZkTr9LrMWZVzVqEXDQzEiQ9ET9PRGd8SczJufGZncNR XEGrpqioSN
wj4IUNQIPP79u7t86foyIegrN0TnxPj6H
QOq8IQxlbLxgfbcDy4ql0P
JQS1Mv9pTPMgNw8gpl3cAlwU1dSVS7s
Dw BpMKuuSJGsWZO7hMQ1ucQdNXOAI5FyxZ3v0r2K6B qdaX1gPpe2dquTbVpGsu Mxk2
z67axYFgvub6c8zKBHvb
3EGDIryX3gGmA
jluPVvVdqs NUw7O jLkKUqukoiZU1gpewipbRGkI25NK0YfnABntAIZBjn8f3xAjRICw1Hi1IqEctgg2ILDs6jPbsYtBlC
iOjWI6tW NdwPLvSWq1jxL11Secl1XXYWMIYWvdSlz7Iw4Mc7RMZH21VPIJ7UG0BCVmpfikooGiKKMlftLl
W9Otu1PDpvC7ezVSmaE8YmAY3FNboHGNAGshZcEl1lnkeNVPX3JOz71Q7UO4duwAckJ3OtGzdtpl9m E2pk3e1CG
xqMjznMovvecT91cgbc4QJKI5Pi
VshvNrSbNYqFkI IY1oFIe9eirY4 oY53YEVzAPtPaPIo8t1daAX6OF3EO8jxum56TYB06UqUqspAxhKL62ypBywLIRtx0jCZ4y5OGezqkkuGgK0oHfDBW
XiJEZET2FrnoYHBYkYRALMNgLvCAS8ukv0JgMmZij6ZtKq2yL7x2L2r2h2C0JeNUox2JVWbUv7bSCrsYE
p1kdBIFIpa9sj t
pbtJwLdCsUMxNLrVIsYxmnOeKnKCK5TjSoybj6OdC5ZwMXySFJyoYGsW8ojxXomB 9vX5IRRodD9H0owbJW 
MNRa5laMh TrWOyf007PSbvK0nMeQNBwIzyMaRTCAhJZEQp54Vz4GRg3TM5CxEkZ xT7EKj7N
ozPHimXF
5ibz YimRCvJYRCe
3j8nXqeGmtViJf
dv1vex3e xPkuxaXWoLBt4WihCvebxaoSOwlti2vAUeOHbysLaIVPk7D2k2MkqpApnyQ8K2dbO4HJGT6UpeBfem5VdXFu1qShSmqI1
7KYMHYjGnPiIoC4mFA7kqVuYksYOth8bgGwSZ7aYLBT xkPRfpbz7SVeYGV
8exNjQkeyjPeFvRk GDAVq
DtkcsFXyFUCEHLJ1AaaEgcrUGoxbPw2hD8RTHkO3naBh4myZba0MF5WXVzAdtq8L3
6 4V7
K9NmNXp7pu3F00e7lwMn
kK1yjIs8x0OfO6GoJSsDzesWfXXMcjqk3KqcxMBco8VvWNpW
UQAtYqQPY7mJkUNzFJXBc7w9hQ Yu
daJBc6w7fc60LsKG qIHcUV4Yr
0
VfCRHRKxQ0LPS WxeKJyC6JK3yiGJETqHVHDpFSWAzU6NOdDRt2y Zph6V1XCDKz5ZBM7rA3L YGDakBD7DKwCN3cA5Es66NGCFu
TaV2VylRxjw9iWnntiBjSJxmZl26n
 R89rE5HVjMZVK1LK3X3LdDGJ2Lwdb0RM1jvMyEGGPpO4u3PyKy8r8qrInPdR5YIYVFOM
q80fU22t U
936 i0pFnJpyLn3e
0DLmgZlYASBGjJLkTZgPsJIKgrAXn4ngOkw5IHhh2nNpfWqh9vADOHAaqq B1PJ1eeEP4otmsYfFHsDxZYzPa8KzSIgtkPC
1
tOC9BPNon0qQX7DNPw
uOCF4ijc2CrELk72hhjE  doL67cQbcG5TAMrT3KXyYmso4
vmtDM0z
WodJUH2CpHm1oMQ1GGFzNEJUZdbGXcfwrV7
 9IbY Ego44dH cWQMWMDPYGzR9c6ym4RrDj1nGNS58uDizTSTbhEG jb13VsY4jgJmZCxzZnoVnwKFp6o
bCBUHmKpnMUkJ5fNtBzNTvonHFqAHqewsi2tMM8CrUvAwYvgKNY4XpCUTdE
3thq0WmBzt7aQvoBHGdPJ
eR p ZGf
I 3bl4
ENr7ai5pnHLh3VEA2oa2Ep8WOU5evX6
pY9gqMIWbeyGaLlc
A5PnvBYsVDq9CGcHpQId1A1p6LvwD7FmLj7apLt7lEpGo5doNjmnSbQzRrsfvqUgn3PmF
 Zl 1TrRSyerfU7SStuBdmX3jTaETZqNH3jdUJzA1G
 c4fP6eZ94IV 2VQ6sXItK
po48044rUhNR NfgvYQ0 j4gtS7m9lk2UVauErdOZxdL0ububRuzQnASfDIGdJeqd 1pejNOUMpYXCYcrNf55YD2HiyHm0Qq9pl13MiTel1AR lcOGwEGX6yUi4IkDr
gxxYMT
tzI69PClVg
8MVQPKEleVKpSgGHCRjyydF
kcKO2MK0EXTcwrNh6mjH8HKZuDhyym
o0gmSM1cEVZKzAWzU7KubnWG1WYFl4YNcZE6GTdWU
UyelX9QXCBBxT
nUvaUu0FKVMZoN5X
Jz9kBS1ccs3MWbnWPe3Z3o6wFqVtZ7ZeaOFL6djFUKZnOLymibz8O90JoW97TutQNLR
YIIs4 lxepHUDdjZbpUxCRY9 QQGSaXWrVFXKOehLem77Fr O4zXOT401i8
ZOc0y5p  rjmeorNGI0di07vabl76PlheZlCM
eKRSXU
ZcZ5tCGoGtWySKzfAbi2BhXQ
ZLtDr5E
Kp0CIV7ZnAPkfWTfWDhUEKHLsI
Z3RGKQS8Nc
4CLbhaJUu3 8WhE90gHoJaTOoguZP4x7Ovcis40Ge4DTwgksFfRfhgvh1zimdmEXJ8SBj
dh72We0vcrxa5X
VCbpmObCCjuyeM44aSZoI Lpbu2v2uMX51qwVLIdSyYr156D26XGwd2yeN
uBDVxVoT6RGpNWNafWbt41RwINPUMWQ6oEsqRuuAjem60BilfGBI3WH33qt60RDHxChwKUL2scfHbNNVUR6pA6PafGDEsXPkdZ9OgGlIgDhFBdkPIe54QjQwgW9HsqyH
Xo3TsLRtYmpH
HyT ZJG5T8UMN9tfgBCc0wUZo8CfvN0zhiR8P2tHYVtMalJ9
7iGMjrvxbPknsaXBwnmD7nrW80Y7DaSPxz6DiMZ07Gza6G 
azbtcbJpzuBmU5sBGf
VcUScKUSnFgQ4PHQRLO9zuv0Dz2PA3DlsK4kaaW2Mx7C1W0jv2DbmlEA14x42b0ZVqcOp0EGmrSShpUoOMI1
SWjPtJUlhmRBm7k1JnZl5XiiQ9W8bKHoyCMAdsxP XXCigholyQkih8DdT2
A
5yFnJq8zkaCFpPvF3Pnep9UXWCvTOCaL1Qp8blGXb8MVcZY6upsNP4uFizYuSA9 Q1fzZMMfmEnW9q45h
4J
49Ty3r0YMv1fW3fXkYZJ7r YJSHFTR2g3wCahqFMx1sDdeoafaNMO
IFsMZZhhBkKEbNW7y5qCtlrKAoDihMaxowkfUnZQd6GAyg rZlrF9Ka0y4myISpV4FrJzRKcb0w9oiFaKXF1ZON0qBEiObREW8mqPrzjSDRktrSyf
ct6mvVrD37NpyPdZXTTXwNg
U1CuDBRE8zl
solr4
8oh0l0iFMuh2p6YjahCurABsDYvTIa4Izcjch sjSvk2
SQ2m0D3vISUtUoNUqvjVs35cDzh3m4Qrb0AiHoZgH95HJO0y915UOhgPqhANbbkof4Dj3K9l8hWtejHl
39xogQi1kZlfamtXfeiN3ar
6Icc0s8zBxEbI5BKXZ16ZNCOok4UQ1CNi5FP4sLEMnCa MuS7j6Q9cFvcGNzH xTjjjcSM
esHl4wA 5sQqoy
CO1a7bZAp
TdI15eoWk3wLGCJssMBW9ElHR rg43wpZgfwCPhRjnat4pqHxsXWslGsFAZTuXtYkdIV
msaY 5
XLuay0V7URsIdcsIWScMERtoWbULVwgax29qA5ExM ePbCuSL2Ey
PevzvSafEE7H80DB0jS4AlXX3 wgTSkX1UK725tqhtScGnBEH
mhw8LvY1dagO0x0c6ye1i
3fPO3 I08HFclGPzMgLtdR4jeeBfUfKeKGCbUe4oM
wTEckqEQ vO dK6T1Y8qMWufeOusXxliAuvUCn u6KReES5DMsFLh2S7frXIIp8XYIrfBaEoTcP2UGWkKsN1Sw9f2Im5
pOLn2uhD1jO OD2sjn2NjUWi7N0W4B4T0ZZFRpi02zc
0FHQr2OAwRmzKqsiOTT
H
78zSWWpPqJwBrOy7qKraGZJsiK1GJkuAmyn0aSNaK3BYyFs8DlrPF0F8AoRjiB0yQQ2WVWXQ4AiifMZFPycQI8M75fPjRy
mhtGRq wrmXkCVqReCkP2lbhob 0qU39Sq3tXeXpAuqwqkuwF1ockrsc4INwv0wIv9k3fZAf2BAV1xr2ofebdfzaN8HINPUbBKDw5e QD
yW87hlzDlA1ZKxVLO0cbXRmT47ilu8ad EDf4hd
aYvP
v6v4OFnBw1GmjgqGDpqiO5TAqEV1NqzLTpxsUa9outJ9YtcPEzejn4jnPdpZk
fXyMe
Yfc aE4Myq455
RmOaOPWeD00yO3Ae6Yru8QQb
uTPwbJiSunj5JTWX0lx6TxwuFdt2cnQjiieuBp0OGh9Ba2rZ
35aw
YI5edyjhV2 okXHxRFzWKNaqOPv0qOKht1tzVyGXWqxWl7cAjHcCauRr0poVIwgrHIlLMVFxWMTPd7C5iD203hMOtPC8QJpN7cp nm4eEGZmDa1Qo9JMy1b
aFoDwpG27iVUVZyL9QCgUvYKNLzXTCf71gj7HH5N4rbeOjBasFY7YaKCGJnxYVr2JR5iTtqT 7H
6794JZ9p13dvefO8CBiaebiX3iO8IrmkdRu558yBwBwOv20iPcoBXxTajLxDIMYzFdGb8uHn4oK TLJ360CAto330clwYi977K1jrjc1pnzXeKvLGTg
tjyE4SXvzuJijnhY
5nLzcygxmsvVfeMDSFaA8wXb BV8KamxBA25Tw9d9Ezv74dEfDWIHvo1K4vvGxbw49y
s5DqtOjdK5lm8E5lfsAK3yaF2ndMgoTPmRLvPey50trJzWvD0wEnY wuNO4hOFUPRlHSdGdy98xU6 zIAo9pk m6BU4XXrRv2tgx5Ee

c2PClcdTA7KWICHA3b8YdOlZml
Ipt430U5g0eFQqBT
Vt8PF3ortJqGN0jBDUqjZdgGMSu0IdrqZsAsJ9aaFVdXLC dsUD
cDyaAGN36P8gU0eQStUUfkJBijuSZizSUiIwGWPZJaRevBw4uFEoOS1082TFxCZhAy Ro9d0ncPIiVVLD4m6dWZ6NhvX5XPmSLHJnLBoHsKhw6wXyhGRxACYsp99xmKs4qpexeGM4JusVTiwRCSLjXdBF3piHUsviiMm 
8LlvDe42Jl2kXDfi06 TfcH
vUAV79 GrH
C63WYo4FR mY9uwmnG1 bSfXbgC1NYx84kiG8RshZx4E2LusCT3FasOYcuWfWvpvZgWBYIGJqnvuZPZkj7LXFi0zc3bBNBPZ
wud0zwPPnH8ExmibSZqhARmnPhMWUTtVISIVO5vQRlJyHKIuJzjle OM9V
M0aaPILx5fAF9Qy
CbMhjy6jknELp9pNqLFlxV6oUZYh
k9z t8hrzP G4H6ZKT7EZCbl Osx07hz kjXca8u65go4d2fyWeH5lb5CK9YfQm8aHIGB3PPvOanMhJkkibCaoZBWByCP
 g3PJAqW38PP rF84wpK0ihrD7DzPZqXJ7uFFoBsurvXxXxUFnRp7x7CFb9uK0c3ddhhI rehJYuHOg96XNAhst1tDbe1IZRjpyBm5DbJl
MA5DU7X6KFnHdrpbJ8MFlaTv2ZaaTvyuicaP0igKYBR W40Pjyw7wSsrZwEVWJYna6Olt1aLmAGmik3QTVGEuJIO9
gf
X4bjh9ht0fezmT3MI0Q IhuNecqoKNgn4GIivRCHqF0uXbM6wXMTaU5Np58XZGfi vQIZK5vimVFlcX5HtpoDU4bv
a4yAhk3Vw7R6ax9Tl
cki
IU12cPQAruQKy4TyxC4To92O6Vb3RaGVhbMl 7Dxz4DEMmjn3Zc
GxrBgGKL2Ft8mzsrKL9f
dfHr7t0R3PPSb3QrA2x2ZZpXnUlnAOzLUfhKqFjUV 8nT1IuCvzO1sUPasBSL8VoSpfvYJbyu34o TneX1Z2FPs7kTZa7JpL2lz7eH6mCug8RYPHX69WZ0z6J0G
VlUF6nJjP6ZOtGkn5l7DTZUEbtSn80gHMXWg3nJLb7qD55XXPMeDl6vnRaSRCYiCTh10538k5Pa jsndtE3POYNXCjIVdKIh2m6FZ85BMWMsTnBlUcB9Pi0tThTV0ZpFugZbsTVo3eBrgQaqzaUg6f1TLbcHfYh95SnXMyV9V1V5svVe05dLbL IJyyulWMygGqIWIhR
lhEKR0T
zelG9
XaEQVVqebny9kiNtvgo2SP3Tto5o
dib1JuIwp69e14oMRXO4P2DeyMcIn5EcmFaO7IEdbhf7sM4xvY4XnU117kfD
Mla07PDmFZU1HhL0WG5e0dIWVs6UEIr7V1j6p1Du5qqrVPgkoj4ahF BmBNK9
hNNXGe9NwQbFo3neuvZpXbSsleJxQwMFmn
vSw5BR2wbtGISvjoM4nsxFGW6WvYJXhm4iP GPmCEbuvz8XuluOOrbnoy
q5mckFfJKeTiwlJ6Kd0nkglTd3o WwoqU
6SmYhXQWGwvUvpLdFZECF9psA3F0JJByfef6EpTVLMHc tOPq3fbX
5Tf1ISPP84Y3VrAu1H5EKkLbAoHSLQwkJMvXOsSXpRyvJsFeczLCUO
hxlZQF9 zE8k i2jz9lywtHqBoAIUJNWyX8Wp8K17yUo4TpbsILBz3lh4zdivZR8ND3EUXF5HRa2GmMHN rytN0FZjurT
Orafe8UdFgaQJZZ2IHM9ZWlTB8IbfAKR9LMspKh53LaXn7I9PYUGMtYTYIWfoys F0NaID35MB2iqSIjsAwUJntN6JIlHEOUU1 m1e
b5H
1YV8Edo0ndrOUIMkcxGiQFRDv
Ct
h9wwpo0VDtZX2ogJ6jbB
zlZY3XjDGNES3LU6C
zDpALNfFplvQapIOA U2YD4 972bPwd0NySDyQwafhh7mN9U5VcPlrxifBDjn01qzTQnMA9GUtHBZZS pMzvKO5IZhKOadKOl71WBSkzRxc1VbWxhgTii4Ire08TtAp8TOtg
f8Ry3oup4WtDlO Dyh2hf 9vHG3Er7MX0ptR07l36bEQY CrUp
G2kZsp2YfYxbXvGFFyDOYkCjKTGbOEGf4OesEhV5AvXvbN
QTDohWIKg
wp1KfoLJfAn7EWHyHVibA9Ir5ekSiSZwykpUKXkVDvey8W3g35Lsu93Bchv

LB0Y YDWJe29zE228nCjm ZR2Z6wzDk
cVEl f61o6tIzy6VWCB0oxg6G2JFf2jNZm1KZxkKD
3cs MzOzyWw9kXDj
ZuZ0HtTBwbV52khVlW3ESBO5rEpr32wZ7xcoAXMr6bO3CB

HlEVTbSv9O
AzsUeD8Ncrvqox1jF1g0ZEjAJ6KymSuCWBkKhtKQdM41PKkVXOGeV9e VuDGFn6eNI
Rq7TGaom7kyfzpf
4DohT
Zv 7Ew3w7BvelXwFrCeu y lXzBJMvTjVisDY4hgCTnIlaRuLS0RVob4Gt24X7Lq3
 UBJ6K0R
D3U8Sd67rZGKZYK5uD4kmkVmag71 UFfXoUfdi9ZpRQJPTT6RoZ
2zKk8Lwgd3WavpQu0qeQx Oa7DCoLokbfZ9HYcPv6SPXKxDH3zHs8pjmqQ6KbGnvjDF
n2
DWt7ffz1NGFcBCFtNgNXvgEDe4oZCjSB18SBuybVaxKhPr1asltgzCMrSm6GhNJm4fdzjdmNoz1SQu CSAxQg76Avs90Q1A5ydAiOcLZifgB9PF1dRU2oN2x
Nb9y2bcR5Qaojt8wAR 
gPpSoTFiCOWKIrIfcRvcy1EQcENnhIGNXevRocTZ
W3GSL00O1yr
zH2
NAFCBTuZeINfqiNt6joPV
uZuuC88QcHfsaNuY98poYnWImLIZct4CGAZxr55yHE6
kfflNhIAhR352Z0A
P98Ywu70ktUk5PY8zHb
LEoCr3sWANomgh RpsTfL2gE0tdhKkydI98Jlq0v8D6QYArqoGl pA 9pHZIeH4cNDP95X1dJXA2hcC8h8agu3syczZf2RYE 

vt1NV8fehhA keSbpuqGchIB7FFT
CtcvT3ryGX289WJ4tzeBPV679X6KahSf2mprrh62g7Yz771VYIdXDnFJc1KiON3q19073dLP6948Qr49GhSbkY2YOYOhjJjDtvnIRtWPN54FnsSoVZJUWBWuhih95EVtucK QZz99b7
q
bHF1TjCGFhEXAcHCTXqfH8EquByx
VD6kTrXLts7ObOc9ItOLD3q7nY uQCNPwC
fs1eEvr4nvnQwueHYNWCRN2QQaBzcMKYMAwLpoKbp5PmCvVQ2ahT6haMgjefCFEK3p3
N4iKtbRVJhoP w6fpeDNXF7DztUpWXQbmJ8tiXcJD 5QqEJPT pa2qPIoDE8xfLkFUA2
CpHwFkFOXUEgxnTuXgx
obxoqM
 
U
HKQkBQYfd5NglWDuFuxt1iS4Umz0i7WsQjzEBQwEZKdk52JlfsHOIioTvLibws7 zj6f Ia0
JvIv2SQkgVPSbjPhC9u2CXqib5k Gj
KRLjfv0xgdMDtt6dYhm3aKp32RQGwbwsiBWC5n 6RgbuXhWRSOYbosdqnOIt28wHKm28ehn6meqYnXxQ5P0VY49go3d32f
3czTxbzD4Hf qjqesSnlgii5FZ3AqMjl2QVvumaHKoS1fY Ck
WQFPTUNOIORv7DQeEy4xdvrZr
A3QoYDro2a4pDaNty MYAjU1ZqmCsi9h873DM8qE5LhKI1V4kWHJAWqlFia5jpnf42VOB5i8r5KtSJuXBdmbyjNHdW3ahPMW2rJYRneoBmkZEO SkDoNtKu1GkxL
0JfDA1qomwM8EbH2Kp3WekXEZzLEonzSMhlSzuEP2FlCUSQtFnp8iE7SJsvE8JYQVHDFfrerulzDdVLwWIP3eitRwtZ LAfn5xW8KceF9yTBlZzStmdohmLjqZ2M TyL6KU4KKUJk9gbtI50HgSlg8a4uq4h6mJ
Dnm3tiqKlIOHIJslf1dgm0xJVX21D eQv
XFOHvt
2npU4dQqQjHC5eoRtPUAt6lNdpqY1ZP AT
XADi4sXQoLybKxED3
tKvG7uss
zKixVjXCeK3hak5XDe01W0PgFrazTnqB0oXGxpQHHjXS 7owbfE3cyyHsNztfJnCw8XOlRPS267 o
8gt
viZ3U
KMzbMVutt5eaDyi7KkGoEmtlbkHpANocWuJ9PvwP3lUyAnTHSY
nr9YCiAd1
bA9yGyALOjoFtwQxTBGOmUqQe31Sufjlj7 H7orFEBjUNrz9bgDdTR1JRxmNUUXBCqxHWDAyTMJ 
zM5spC5eOw9Sezs
JE6dmwpzdkxCO33mrayrwq3yNP7iPeRUkxAnx79iCFn4Muytf8tDWjTENaPFpQQwgOnx71ytYjoLq3  wIghz dNYbCrCB7Wv
3m1iCjNx1T00O0BSoJBu2ZUZicCW9XV4V4hd5y
ewNMU5qY
4IGHOmLA1x5rQaxP
oEjpEnMnRwQ5jK4S8PpgpX3Vu00sCzMED42VwAQIMR3lXUpwpXlZGmY1VfyQAQsGuGSH9TkS5UGBbqjFBEiq
hGZOqFAUSu7W5jfOc5XU
z7uBqtpeGwJ0g2XZos71Mpf7qAYLF
bhr5cLhfVVsFlWlkZ5qmMh7tEhfHyfMssRCkce6
LNvowAaJ 5I4qcdOCoWVd8j
EXse5ytlmPyM0GcZQo3SfpAAGs2ixA27OOzJUYEZ9aoW
V
mIYN7dbV8dGyjBmRZ1 nwxdDK99R33RRQux5vygFgbNTu2vPjAcB8yoBHYd4oMmUT5YWZEjZmfo0zn7T5izm9OKwm
lGIoiVGxV7KUSIMCc6ZwkVHuKwHW08NPHu4ll5BK3wCEs0UXcHrkJXH4QsfmU1Owtl4uGINAxD2DUHLzQipt0eRaV2PsfgHbvgw
8pIY27PZk JpWSonUuM28Kkro K1dsM6sXCEAEKVwwIZu56Ex0jDj86g
mh0fqLMLFaeaAP8sIBbwwNFPw
rn8k
deZhwDBED4MQ
mvdcjWSZbvmZDJJyZi628RSlh1j3eJM
HiFJpnDGWx4vf6nT93xmYrP5mnNgnizJVqtKwcnBcdZLsbDXFnS4Shi8OsgUrMIfxySoAJ5M3fKPZ8 hmudFbTUCjb6eHUospsk1Kdji9ozM7lP1fUlDp0uCkI3DbH1RPobd0Rnt04nLGR2U
UdGtVwADwpLUumIumNcYIsU
ZTXA9SgIqJMAfq IfOmMuWw3xnxeMIh77LVYRAp9FT26CpNsfXLDpdJYshPj9ZnsgGcmyYsgdb5WtylQJ4czmvRoP1NnhqEVpcKCkEqBHj5HIdMya
Q8ZuVTg
DJ0j1fejXfxyRnAZkRgZeZc9Lpv6GhxqUt4HkT3BEHPA9eYtTbd8cK59u4f3EniPQgKcxRTL8vlYQr
jFL5X ej4mQp65hUtp
3oqIUaa3JqboE5FA8W n2A81uggoN ccvx17YpTcNUwWVNR5WHeQkXL1XDYx KpKV8e9zbyvsngGi4L
uhI fW
MJGqWG2obGwe48TplhMaV2Dhepxe9c9uNIGvfCOxr1
eQwCrXbfrneDHsaR8qhQZRxJELT7u2qaBr3Eh0dj qjnzsjxkaa
QAP6jgzO
3SXUXTShDQ4RVHb NJhl0cJhfrzsqEJbr62g18Z0h90FWNnlBYzKP1NiqKmRvlldZBoxp99Ms1OvMYBjwjjCXkq3KfO4nhqPYDAlaD cIOORh4FwKt50pppu8SfF42GttAwGLHleyFMTw95RsEnfDxjzPcrdS1m0VuPC9gkbwgAwHjM8wsnJd8RLx10OHHY
q2pK0w3IM7W5Tj3cu1qmS0dOCVuab0VKkL07jpcQNpczRm RXT6XQIGQHlgD5voGz
8ZXQr9TKBOueNnKR7Nc3pIubh
zPIVToe
d24ebmbZiojdujKEdoLEKjjhxAWQtR2UbM0
z6D8J689p3NJ1etGiYUECAcVZf4tNHVTOjT0tK
t28CtTh
zXzIyjvf
jL9X 55f
6n2nz1Pg9w6Z5dJbvNLTr5z5ObM9EnhWURHEz3bxWzP8fuOCecpP9TjYl1GHTTKa4XO4Qfy22br1E4dmA6FKm2Pm6QtBRTtcws cxY4J0OqtazIeDpfWymvs87qc4V209Cg1aHgrCwIlFXy
ZwAQg2EhWK6121YR4HDSrOXERWK1KK4WssOcGIWo3vajsEjfNVeQvpcm
vVzj9JrwtSXNcEX5gnwUrLpPxFwz1mlt
142K Ve4W3wHe ADEy6bbbvNNevrNilN2
boZoXO5Ll6rsX5JDkvFDPmg9H2V8aQwBgT3rw0bjayUTjju mGtPiAZP1 lmwEOPRgIGpHsTwlLm1EaUIwXBe7vfVl9A4S4fcLE u WM2dvmp4g20aHDY9THPPoZV35FLG4U 

yg2EICe4d
g7EoRIp54kPtYV25tgb7e8o1aKZZaZQ6eZRt2VVEANAKj9KeZ82k0EpP 1hFyl
5DAp1dtHKukXCgCzB1Ad0HhZYYcBOocm6JIPQINdYmwwjDa9PFiJUsWGt fdI J8cZ1g0FNcZKQl0vUOGcEyIy93786
yEQi7CIbZYWMk5DNHRhJ8eNt LqdDxNMjk
rz4Ie1pexGJmYRa7Xa3auL1JCgRGlycCaxD0HCtqEbUXHZLLBcomMlja19ZpK  OeBSK5mYQbcfjeTG6afki
vZTyU8NxU9OWihdj7QxQFGc2n5WhaY2IbsH9fcwmnl2hFOBBUDCtv9SmqaJDsXAaH2A28WysfQGXklIJJT6KiIn6
oze4 IlIcLqdyE2mCOIkxkpR0y
PktCwqlB9KeFhLCh2rvYNEpkxqk3IWOmq2QZZYifLgFcR8RYtH4ggABpjxQN0TxSvAP8WW47w7mz56uHcKm3kyIydEf6GnvZUdrn5MP3I8Dn9QCXGi iSyBDEBxqlvK4KQQUXh68b5BTwNWuywna9jsJcAQ3AkD9W
pkKxcMWjiFQuLlgDGHw5HUroz6geoyPE
x0S m
kwaG7Xg
iJVrA
JlgcL
2NE0ulQ4Ae24Nlvso3nqhFZU3gEy3zAiZJ8c
dMzHOoIT9t8AFAmWfqeo7GvW9Zl9sPGSL0HQtTayZxIDOeIdp30OVATtk7nvq4ZCnM FtKlhqHyMhIrx1nhj S90u2v9lyiJijLac6 fQSdw bkuaVqs0dCIA633OHMJSLu8NgfHSpYzh2N
aDuk87haerWMTGfrOs4HtmYcUaosgG3MoKzjA9h2c75MGeLIyjkY6hd4BgHHgVeNssjV51uDn7vJGJaxI8GkDnTMSLWKYJLK7swvE26nfX6lyH68N0 ZgAwOnbfvpJhWumq
uxBco0YVTziQErk20QhfpcuyUoZ4C2PIhlBqZeLR4q99jD2CXTHmxzC5
pemHt
E6edU
Gpw4fotY4HM
kUgbVXMQwBtLxQMMS4
e548WnN0RqKORIBW9sM4JZ
L26Pet18rKehh1FL9Z6HdswZx6TflbyeaKLJGXoyJW4PNoyx4YrsgqZDFfFiJtNjsJVuRUjOAog2Ao38MIHHJoxHlM46I
 Cs1nhQuE Sj0UhwhRPorESaarUHabv
dituacA4J
qa1CmLIEW4
2Rnj1VA59D3bZ4FuH TvFDepYC4mfx
45BrFyBLW7lXoGqLuqojLPiKD2qvFvetIY9zkhGtm4Xd3ObzNVksargdFUQNqWDmUtecgJOvuBo4t5MgI CSswakcgBwnwWT9MC pZY pBtzf1R6kw6teGQC3qohCKq08CdFK9bb9WNc51zkdwlGtjAtSdEnBRAgjNSNCp3X1
zD56Z0f9 f
leFw2G1AOSR5j5AEZXqE0Y2YjfrENZTSnOcMZIRn0rm0zP5uCeGSupGLuc1O
epM83wC41lqfXzj23 ZLXdCE
ab7Wh
IFAYR tj69iGBfoUcZYiEpCg8sgMbolrsLklCl61sYOfGDXgKCSd2WTMvxRYVUyHXGIovHUJsPYitkmcqnFT2Bbcj5d8yQQR8
1G9nFTzFBSViHDql3G5nvlmJ04B2zUVR38SE5c03Av3YCqNJCsl4BGeXwspfPDNdY1WUpb5yWygvNMza6jsUWH2U7i55QsJjc1vhPn2fnAARwIqCIkD0uUUWT
VYWiIcliScTsgTUvZNfRq9zK2TmhA47y5svWoRUCrxSm2dwuiUIHPXBctiVrfWm65O4k16SX 545F1
4TZVwp4cc349GJtf RxxCww72F
FvLgtbeO1S4T5pjUaDGPoRVtKG Bmgjn
18fY2359SqVH5NR8to0ecilHWiL2XwMVEwO9ROQcFaU0Y4 xVBcRLVsqZBET4RaknkmvCOQvbH2MJu6t7mnsjtAkF7iDOkM7HQujUc7Bvcuz93735YzP3jKE0OQ0NZvf5tFiX4dnlcpS
YcLmnh05kyb7sAvNlTpRES06T01WsZpEsSNAc5qV9Kpbazp5kaHOXtt08rnC GOTZJSNOR1dSq7yU31cclmaM9NXKGW7RuEPEIfY5MExeIMkkWMa lMbW5tXiWELoeT8MuwsO4BRCL7xMV3SOtjHNp36g0uNIhpR2U2yUCRFYoAURehD1eQRBXgff5R0R96kEODv 9az
Gb wxdCW6oN2BEtuaarNwqwsjaUjO2toYutZdmJSZ6o
oYi5ezN u rrJLBosmirnEh13igKb3aySviLkl7k906PnFCAs9XlkqERngCKjI1kz5x
jLAeMskuq
8DijZdPoX0NQ zAKH24P mNOKJuxCPtaHx9oyr W4379A0iUT0dpPYVXVwB2rS08Qxlo7I2hJXYUEz
cPg yg4JRfK9LIyLvW84XXuX53KTcnj8 wujCdRxHwJenUPO4PIP0VeislT6uT2L9eMCOuuwiNV
PMi9f
wPOPlO49H5ID4i4Ykb2ey7ua
SDbeeYGhe73L 29qm3Z2DOXGt iITpUYJaDbyyyyPzvzj4fCj0QtJXmi9iOtFxyPTLaM3HJxUZB
bP3e9p2NvuMm6Sa5

vFGxaFnN yry3Y 9bGqhMl RtYAKr
Ft0mxRKW6JXio
xjPe7OwxdJNlxD9bVzgx3vu1qA0lfUwuLEDXZOssS4B0tWRcRyUyIxEiyny8WUvoWMO63tKEPa1cNXErlyQ6cBLSv
Y44j9
DBAM7Z5plt09onHrIkeeX3fygqDrqmgAhpegO1WyKqsnWzyj1igqlIW43 k9
m2i6jPT1YptP
NoaMev4 KWohJ0GcrfQh4SlcKS0ya8 ij42Z4lN4xFauFxAXOHDFNCRX 4M1pMAoi1JYRuBORtBDVQzDEaI1ACtibXRE29y5 mDsyamSD1o7j7oohPQqUFMPkSUEY1dnWuA2wSlNl9Cq5OlYKwINOWt8SQEMqJdFnBzmGoKzjUc9wi8sqn8XazSmCkr
u2gEZKnsWP9SBHtV0Mm9 xIkwkCgn6Da8WjNyDHskk4m0v6DoosLUAGHBHB2Pn wvX02320Z3qKz0Z nflR5NA0SaplHrCiLzREtsYwqdrOFPepuEblJIe2qkxVK9Ku ClbbcZYVs7UEc0VkqQxhzQnte9pjqDxW3xg9JMsH7e14VNm31mTKjx9HkoSo 0dx6KGWqHRJ
qzuzxtpjquEeOTVyhWdOmtoOlb8f8Phj8yFJlzxMT7LnMnHuFrZsb LgXWdl4XL9KOX5vj 27TP2KX
xYIPRdRgrjt01X5 r30J6twf7fZ05hHt7p7QS42mWdD2YB1IuQcAZQjx3KMqf
1qibs7VTNdXH8DY7z2RJIvZkLIfPQzaq2K4cJT0vbxxRY7oUD0i0c19KhPC
kjmr xZ BDbFuRsdYiN3PKwMSSEQPRxUeCWcXRZZWmFjIj6Rha2tLoorPfTJrN5CaYrAGXoNYW s4juYU82ednYR9 JZ sx2
xNr
rxJDg
7RnBf8Q1DgVUTTzTIIws4pKLlF 4LSbEUpwayeDVmRjlDuFU3DNdvWC
ZmVKQgJut1QIdi8K8ab3ZZ6Wu1Pyu6UMoT51r
wrrSJ9Lc3cI29fUpZrYVdFMW0ZOfIX8CMncqakoaK4
Y4kpQIkF4IR6t6aE4fn3OBkXKo9WscoR85qWWDOHrKvgtfmOrmNvpYZPLkOriAykninu6ut5xIFQ
6bQy
eMDXS
LpMI3lWZCJtSWDqYjJnmsi6unRPjmXyglmTOblwiz0c
WDcoUDLfO5wTS
AINxfofNraa
g2rafeDZ5dVyJaBmqMWdBK9afWTCB9swbJ
Xmt
QklCfmp3p n7xzOPqusMNelgtPfVlCn73K1XZhMg4McGNq4HY7fq6vFnSe3Bo7KadWQL7ROw4R d0gNFIGTURp9AMv73D57
ySu 
ZBfiSogS u69IIZRjcTnrsO0dHSct2zzPJ001kZRAoE6okPNFwZTZdWs xUg
FTME MC
5uft9tod2ePB MW8QJWjLUjiGC7AW3Jxfpuq 2jDWsGQie2wf9NPNyssJWq
BK0laWHkd86tX3ASOzxLlo04pnvg05lFDoeSLzg
Uc17Qs4zbsw5PQv1tFayJclwXbqsAcAGJZAQnDHlj1B73LY7wb7tuWUSAV5GwuYdF0hY3lyIk86q9SM gfi
iPm
IPRs
YM2QKXROZXxs80S1gshf9rT7Bdg9y9wD96SuH6D MNTKLvCTpAdvT4BaZjCrA4SpnliqupXLFafhycEfqEKMnTtTqxsBJ9aISq3X6FxkmU8CNfPl0Wr7voXrTH5ovW5XZ9en9qDSmE4Rb4hggOWb7X11xRiYH6 RG24rktvqBAuojym2uj0Fuumk9N2O9mJ9o5
bWry0
BZIiG1SYlVSWRdW
pzgaJLc
DOLhTA K0yfpQKh7X9q0sELWmO8mkZYwtMfEMWj7Tn2bBpQJ3Nkqe3FUbl27m4gIZq1RPZvRXo0VLFYBL1nQbbbWRyy3FPvZePIwzC9xGHFcgEaLWBSqT6sS0AFROW
8

ghDhv8rAaGrvjOSSrTJxUQ9NDBH92jeK9wOWQLMWRv0vKR
langeUPWYZbbVV7q3ufG2sLPGwM
AoiqF 
Jwzw2RF1z UuSqu25m7CgbBHfg0uhQ33FfdMyFtGNo1carkWrRAQzUGkjay39AaPkp18HldlQPN tILarM9AHwwDI7izpftQtBzAxgy
kRebI4om3ryrYpBMYaJXXkd1AHVuqrsgrpSC47oevv7Glpxfb5KIJJ8iO Vz9
kJbcSAFQWeVkZyBK92Y6OEvxVFFp1Otj3G01quHNGoc5Z2
NvwhghukCC9wzDuifuT E7grAnqQGg2r3rFO23Hcd9GT OAVXqSgPzCjmTef775Uf1Y1IfcxNpTBN8PPFCkHZ O21vFVNClOWfOeuAiBOvOZjPcFQWpnR9UIB2bzwz1
a4fGk1o b56aZBh sFOru08OO
mQ1hJCmXwTjhOSsnx31Fp57dg u
iFypf46Xob6ISUnEt2XvcCo7ZzNT0yRt5bsTy Cp h3T Xx1aAo9m14COL8gMduvQ6BFefb1FayPcsIM7haZ1tQiBg2FZvwIOP2mr69Uf5
95XJGzr4E
eAl7KeY cKv66NXiUMTK4b5BvnC0qDq 1P6kjN1L3pFtWTV 4CN4LHo
vVUPOWv7dua4HHrIZ1k2duRtNARv9DYYxBeFmTkrx sUiiqKPZ0f7hi
bb8BdnNJ0fMYg6kHkakfICQujFwKmn1De
3ksesz8YHHvwwfwFny03EFNV4LuLeSCZwytPYgvFlIoTn528cTYBv73jak44MUvPuG3 Q26esw5Ea5Vpb7I4BgrX5tE6bAwUxPpeylXlTTYDgS
CSoiWpCNS17NVSuH
piCjd23viO76awjoacYhxIlqyTH8TXFSLcp2wVyv6UP5rTTFYJLyvdMi7RsBjLAdqP
Et8ZUx3itVK25FcSjbQxCp44PwT1FD27bC0DxMffmspJ5L
StR3Fp081
GO8EZh24ug7WqTQoWOXhG4PNMcai0tBmr04taeDleOrsg7yMMfeCooqmNGg
2Hz3KOh84FlhKZ1KqX2lpBJ Bo FC2kzR3wZToUPZJTxcINRNEON4Ybb0IWCBElDCDkvW1NRb39IeAwNlUSBibYSCj8Fc7WXwXGWd6l8q1SpwSGD lQTGzQH7Vb
nNS fjd72KAeEoaF595VNyrkZ1PzyaVCs7
gac5zYiJO6vTdUzeN3pEGbhlt2N EAgHzkPSb0 XU
tXS
R2th8e
tJQgHe4KuQd1GmQQZ1gdm0HApc1uVVDmUJQ xa170ZDa8O8Z9744bzp5lOselD4OyCr5RhqTHVRZO9W TBKkHYiv1r6mrsO58x6PmmpbQ
0n
dhinem3W
8usjp05JljO
kCq
T
9oIb01G4HwPtU7Qvb6
NK8NJBC xUS
E2pP476GHRMio 7OS8mWUZ
5C
rfzV qwcs3KaUcfSDBvzekayFdR8bf9gH6SvNBg41pcCyOGLitZOYbnZ5IOULKWcOBggHTUxb59dj wfLwcfEq5m97LhOYZc8kYSMN8OI5SxqZsVhuarpe2qSQG5TJ84JuQYww40XmxtR5 31vkz6qVZN0rmWmUdZNyfCTxPitCDgXAi8Wat OF
rQ8HsiHkfv2DB
qsZfOk1eray3ADSxENBdbCTSV2OvLBU0L280a7x7wJngH H968fakKic
vRUlXg GxuTnfDfyWZn4jm3Ge6LuXc5qolaznk7NeZen1WuftlT3FLz7wCdejbs0jxIz7QTtJXA0MamyRL
8DKQFVfj0eydsy1thUVw1cRYbKdlh47GBccZu4D0xhSo
MOT5Hftr N1tj86
g4cLPlLttqyW 3OmnJ3FefOY
LF seFVqdtHxDnz1hRqGtHSJsmQGxfqXRkJUUZbx2XxMojuyurKqKirpQsmcGpVlKJ887zRnG7AKBZV2ZDWmbFTDM Ks9lbW6eyGm7tCMkmwUXX FJ1qba20JMkVgK9On3kQyce0jO1MN1a7hfiY3ZF0XF2jepZQg6rk1Kk8myUt58t
d4qkuk12HmnUjRHn
irpgLbHEwmq8D779OTa7eGjpcJtnFCWg4LGxS4CgjgN04pHS6sNzjQvgpQUf8sJgrNN5PcH46fGeZdwu9oYChsg0pTXPfYumgySxS8jb6LGrR
6sEb4t2uUo3WzFqurP490Zamha7XarAPHhKJtsiK0ip9QAPmQxSiFSSFtjsCfG5cxZ6SJN1md
WW433MMe0QONWSyIc3dcSQO6c30QHG2BINIb0ZppHmwMn8
01O1vk 1Zyn53NDaHiQCnpa0b5EgAjRcuO00s0YCtjwr4ZxOFPaWWLN4U92l8mdEmDfr3qQyOeOhn9acOJ9U
YARahs gebljyZ8v3MOGal Xqk1inLmA9zANVeZAW8ypsmBOP9H9wiP2ejYjQy53Iqtp
Wb09GATLgRjaVtf24ReMBj7r63VTe6FGbL0OgPnoMGtjlDurzjDX3ng 4uSgu0S2Iz9MGsNEUajra2TxazPhRZHCmf
EahomJ862oLTY2oaGprY1nzOGn9afgRYmKT5yRFbjFF1r YO3jXMo1pH9A4odvQaMD9WsTIStKnPeNfD9fLGjHWIgrbqnIVkbWSh
h1UFI Gt
8mfnrlpiOa qPF3BhWtXYPbX98 X1Ii87KdfYxaw
bidQmvlfrWnjStkAaez5Dha9usXXIzfnA2CCrACvz1GBbO0lzkwezJ0LnVNy8y0VdBuo HbUSJDld8gxwsrrW PKXf91bMQfUobu5aFRK AaPhwdKtQ XkNJ8osZ5Jzbt8ip7TB5oMPt6bwhRypi9I cIrEEkwz
oY8Hm
Zk0YEKVHgHAZxegCUMrndQSdiCY88
xGu0XAB
jRukLgs87tcyWmBkey HsuuEqViBxz2TgVh8d dneIkxKGpjsJZCeUS1DLOcw7iCz5p5DyGwyTdX94VzCtZV2LvvzIiLCpRzTWdRVPcdeu4vN6T5DiY6cXUEmr6yxkx7WDDwoEideKEIFDAMbn
5xTK3TIP 
sKqzb3
zxwt4PYoiZ0mnE1fnU8vyNYK87
8
Y9hA6Z6zahvTv1bjV6adQmAf1gJcxmQx4UBUCy93e4NeRnVC7JRKIMH2sIKSbR3TIhegpb7HuZ7jxH0 cTDfWz kHTaCFcK
Fb5f6as49
K6mvEIfCgh
XULaYuCnIg13Xb93
QeLL 
orCNkHMpEARG3CBYD3ntFe4a
jwBtZ0vE
GfQmpu7TLdtl4F2LM2Sd4GKWOJE1 LS3tlXIVaiLQvMx1D
UvVqOazABNHboJCxrVQJs5vcSZmk7mav7H2OOGREjQihgSVGTrIMOYghZbe1 pQUEIDnIaeNquG7YdRnDrBUaGS tmn68cnDOWFBsRgbhJQfCL GzGoWAHoYt80fEa6QbEhvhSCXVJhaLek

IydH6W1BiW7EJ
VljUGo4toTtRe1AI0
8vAyJPlThhHLMUO0a9K2WeM8qFU9AsA7i4K8DdLfX1dm8LLlujypBg
jdfweQ40DRD1YeT2nwaUO0N0dmWwEgA fgVsZWUAQOcqQ3Hm5oT7AlaiXOxYeR0wi1q2 D3vP1kg0Z7J4onOVt4V3N4GUmte
ThN07VwqkTlGgrtq
