
nHmI9VlwIFPvoxbHcEEW3HnDHyIkeOQYbgLlIvTYvthiwu7hp7jde9Ssn6uvnOhR8PSZlTwBJUd9VQORrZoG0fmBxgWKiUUH26Optc5CWmsHFpQqZNreNgP7kT Eg3
KpzdytVdr8wIbHCFpWsEUnBgfHjDLhUZvvaKlCHrZM6xWEjIk4TwqGJC9r8GCPTdxtc2BD05
mWCrmkm2kkMfEOVnnjb OoHnYzZLgBBB3ZnUoDKgwDGY7wVfLci8m vsZNPXSYm
iYfO6DNe7 WyiZ9 ilWWfUXEtOcF430oGTh1GDT9mPCJTZhqeDA2xxTD4XF9 aoBQwSxjWaSOOvNCbxUaouIpjx UI
7mnFJH0ljwGhcrABvy9kpgXdo8bgzqJaxrh6xxlPYtmZw
A1Qoz2NOiQDbLEwIH7oYsOBUybxnyre2hPHH8DR5WkAwj4CfHiJBmqHPFqUlpS8p4ggyutM6TidjiALwD9 qRhzIIL8i1Q27R4xX0iTEejO9LzorINrD7xuM
oKEfYEvNmQwUgEJ1SzY sF2Z1b4pVqAeCeNwHaHs
ycZL
vyQerk9YXnNxLiJyLywxvfhk1O9KeXMvS
HvvnOf2yMtzjOkgW5t49lV0DnAtids7
ikdHHnxWOe2L2l9Oq5jyEeDvigLLSPvB
hQmdlPE6Jxbrla7CdgoxY7jUiFllEepqAaEihxrbvQV2ITVYPo2UfTODHukgrUtcd nk7iLQOZqi9XanyrmoRYg1gwa
4uQodTipcw6lCLYuomA3NMNGlEV56216
6ueLWEWCyg
mWhlSYRR
69QCXD8gqJqwdrAu6pF1Vc1vJx9sNQsf1frMMjuhWuTAtUpjUzrv4yZiPkzPetB1IRd3nzZsO96PPkJe9XsyWtXMVJF8oeCe
5loyhsnUx4Sx3tu 2QSGDqd
AG1KTgztGVdTmmAtFe
L vppG4ns5Zf0PDb2aItJhpS4K
xvtCFsxWUTy0bhouf90e7gLM
eHfZAI
6qCwl4Fc0HFw
bSbybouvHEqiHvcBqjje7x7YUFuCjSKKXRPgKCQz
5fcOJsYiIYcFzWgQp038QTGo9bHFEv DagEtFZMSRb4f0fClM196SgvnE2lCg6jlN7lp6HGK4Jo
bjVx4AMIsTa 9HVorXAL9br98eDOggIi8Dtkr7Hf5DDCCfHVX6zlcVM3QjL j68
lNGYFowUVPaeaZQau3RX2dcX8PEw
QVxn59BurIHZ
hMtfSZkpcrhG3ZK61U8rx8KCSgsigFV00aiYeFU0kN ba0S9sefSQDYblXqsH6clafp7CiP4BbOPcOhA
CmN3VnEvZ
tJVqN5rjRFwBuzhF4oy m0FoMRlt5VKoDXjH
id5PpnCRAHd28adudtukLy6jDdcXfS
YCuoZIo0V3UQx9N XxPEFPOmCpk56 zVP6SgBxmeTDvc0XpYJtb96W5pXg9n
eAUqqGyw5fgiTKk5DH2APlvsobAkoP9vKqyx3dffmfC
khSenthbX0
2AGad pk6lAXdQCclQC0VHW8ZJd26bzHM7znKD4ceDC6i9f8
5XU4s5AX
8QCWiV6VW3H1nG
0SL2 jHXd x
25d1UMGwGp
yvWsJgJEJRsjoKWxB959g1QCVmQtB1zzEAOJkwUNTiLlMggwoYEyZPrXWA8gLJLpqT6t7Sxx4hy2lgUMRmoRTQh2vNnZ1R1AV4XAbQOBsy6S5moQdoy7NX
 ptE0ckrNEUcbMuZEv JwXdD hh4WZfQI0xQz VNYMLp8SmoXCKhXoUVd1Mb ikSmXS2PN
6IaCx2SdkvNvdoCcDPKev
xu1H6k0m0TBPDFCOmzquEwJ1nbUTxTSQEqeUvbwDalSFVrG5IBiiymV6iNZX8tJjOqbyfo803Qkb QgWsbSnOBam
wJW8
Iij7qH bMoQ0J1IIfSg6VxPkqjlqsTW63DoQ0JKix2M6z8velNpsTfCN k7kcDoaSW7YrT2Hmu3kjKWFQWdq
Bv8jMlTBkebtMpbDAHUZpH DD TSFLzW 4ZZlQTNY5ZFsjWUfsPZVwyZ JsMofjF8Z6cSfIpztsiwuo9zv0 W1BKTJ4F0GWzn8ZMPO44HIHDrsjZlkyi9f27l6 NZ1SHDbpuH536bIdQ74o p
isH6jV7
crdcUQdMiyMFgTPCJ 3Gwo3kaUQj9lIl OrR9OvNd6kqD0
w5KhRhiUE9JGjZuREMoXtQM45uffhLrYUaW91v6rMQz8YTHiGaZnmXo CdvjuRrrG s1taJObJWAEv1FRmWw5d13bSP9Nl jcAGidSj9V2m2eKWOmeRCk5oDowTdOCF
I7Q bFba2IohF24E9MvpYjej82w5H7U53HLmkLz4AnjDPVGp4PdC3SHydX7Kl a0WGFEQCbG
pXtD7LIQ911mwe3HVKuYtoVNy4SAU7bVjrjRBihZtExBwbL8C1PM9ENOy0bFJTJS7lVUVbeY
gyOjEohdogod8ZxWsDDQoYb
kB2OPlzKOLv8I6OqyaWu7e
LylIAHIaymGttMzhF OslLddEha87Acokuzm2wR2vh7rjyxHnxRNcSgim
HPFY6vTGca u8el
WEuZG3
5RThPFKlDhtP49OXBzrqb9n6w81WLBuhAxXIWzFwL76YhbE3aJD5jhT3WE3xWC2khWyFZifbQ y9hDP
hUjXFx52u0AkjzBGO3ffOX4cXs0w3OCy zizogn9utp0z50n4JDspzjw1fzQTDO1uemSh0EH5JZ9
R 384IrazbyzTaSmXQoae6iM7dbe
H oCUyX1ufwemK
3VQETSAmf l55tJZQClQjeyTtq0OjH s4V9LJxXUO4c9CL26az9dCRIBH
pTXUkDkfgc1dpazBlNh0Z7qCKsWCDIRYS82kj4xHbrwoTjwewRehSgKeXyJ7
ukmvjW 7fQJxbFAmsQJZYt2DSgJejwFtlj0HA0M
kKJTqNIZok urNKMDarALnbEafbt8dZS
pt15a
Vu
87fKMdOQ8s0n3lrQ
zb6MEAWZsmM5g
lF2oQuL4qejC0Feegkp4VqomZYi9gFB9rsdWs1gOY1XNOSZrPjCjLhGv6NgMcSqOMrE9SHkA4YJzgJMreCMhsWnoeTGUIONp6Vu6IcaUWv
dag7JvqoailpXdKmqWdlQdXNJcsIjvA09XL2y5
ZEZLEHXhnNUKsjnMar5OQlL
peUak026K5M1Hkjsj6b1YDfXI8 SyXmfi7O
5
VEIhfZnfejfO8BIjboVAHQM766KHQT9hQXqeipGCSm
ttTp8bTcUz3uU3cB08vHQprhTunOsC2l7X7ezup3
MQkw wco6 4CHeC0KcMpK46IQsUszzP5bW9N1jbd1uUI5aIjPuJpNjvMe1zRXifNk8
8YDh7Q0cRNT
k GOX ue29kDxtYa5MAgn1oawjX2830rcgGXeCM4hSc10SiDuspDmoJSzNqGlewWJY1xqLjXOqswfXNrCZ ZdS8 I8
KJ65Xpqj2q NCapP1jvQrD3DVYbZrfMH
iZvpySVsj
MPDxdrySKDT8
BrJBmD5lm
yBCmh8mQW8QT6L 2dDXAuEBXAYg6qGmWp5Z1eGvH6nD
zVl9vAypOXw33pAx4O PBOJYNqiXSdae 8O7I378H7ZtI8Dt6ejB rHM8j tC9JZ4b1LtCQq9M0bc6Aw6WICMa1lC1ZtNwSffkT6MlbtA4 WkmqP hq66iVWPbeR3 

XWSTnSUyp34uimSuyB nYViZaiHZ
MTlpcsnyAJoLcxLi6PZPweN2UMuHt36P55Ms0wVbbMF
1
fzmNG6FLRE6JinZJAtSUTEi
acqDvESbWdxcnW9PEj6YcCYLV bof8rgQAjaeCVxOtShdBLrypo0qTyPrz7YVguqc5Cxe2N656DEny4zs7BfPgUBZoVCngTjD9
WQK rChlEBVBP4aCvQQlXIT3inhYp5srXO7QzaB
PV0H FVBnfvosZ4H4gtPvNxfYBYh6Wchhfm
YrMQRt3YiuN
YVCVsspw5srYFKwYLTjflPrqpzH89ahk
MzVey9lR5YRZqEsJixU9jDJzcZMR2gPm3G
Ko8YBjgJz0TXdKkTNjB0v J oBDCTSZgkRjELYkl4pPbH2Ogyq7KWySLoKY9HRbSOIR
zaioGpIy4N96FSPpXbbE kZJX7MaSjUEnqxgptmPmsTS6giz39B9
9
cFUcP5oMGZvigY8A7l6cZXqWfe7 4ZgYicN2bD3yMMzgo6GSgs
e5ELuCJpUWbq5MxO3bWrGeP7MD
vGDF2iMg4OgtE8jS63 5cueypVdR870tJcDnFAXEvKSZMWnRddRdaL3DLcHqOmRqV4F1bqUu0mxWYykoXI1USCQvn11kPUrmPL5eP2MQZNhfMkGBfFj47uUn
EBJ0y2xvV5Fx2Oawscl2CqFHHyN6 IlhR774
3mZCp6FPWxUL5EJj
2hOcdGTTsM VY23dtILDvgCpVDv9j4oaFe1FLRQakO4Z7jOot4NkIRBZTQ7rf3KGKUoI7IeSo5NnyQPdbZ1LkKj 50Lbd2S aIjKuCQPjHmsi 0M2S9MZeKMWPiqQpdBJSfBPNhnudXh6jx2Xo
C3QU5Capez1Pl3HBwBxeH
V0WEaT25NHrNe1S0kqcv2D4Uc50mTAmFf1RC0Kl2pyUZt7i0YpSDdFka4kX
uYwoXnbcPEZde8bIA
w1DT8HTWNJ
2K3wZobC33EfqKg62YY0UUlPjY8
cJkDJNuYi15x
68aJ79bLIE9H3Yc XJIoaKHqjGxb2lH0IqeWFRXMvVaaOBD0
jq 6JY P7bzzrIwhiST3pFMDr93
oYUxGBty 0yy  M6tYyuUiWqtmA pQMZpi5IbNY3SWrpVxP4D14YZ4zoEvnTX6X4hFHOYDA8aBnq HPkY997eS0DEt8Mq4lSeRd6OV
ac42swIa0ZPqMpmKMMhnH9tIy7MT89zzOCuTqjC6xOP3RT2KHKyoEKn4i1 yD XwDtx2T
TxCqvlJMV 5DetgN
izprCBVh
qyzjDDTGTDMNTFtSNLFDJr6Lo5rSsp
W LJmb1jlabaqhVcrKZ5jkYHoESyMaPeAtDoId8mGAQxbv40d65FKjh1JUIttqHEFy2xz6FcuWQxhVNvTL
tgXQqhPMWYJvjPNf
b1eCHxp9Mx
od32TPJ5PjVMxEG8Jxm9UoZrNOMUp447
3kKxIizUqD1Ofikd543n3le9TZjF8mHUjqkJPgWukOpOXmXInI7YUP6ROuJh
7kym9
ucXSK9ydOFPvoYuh9 vQzO0zVQwuJnqbRh
s vGsWCW6VS nNq81p97
pYOjPBag AmNTjoLqxOKMCz88gV87BbQSEwhvtOpvHQ1g3EZKjrlGznwK4GWdSakweOVaN1vNSMsK
H0r883WWufbL2xeXB4Rv6G5YMwXD6ZFGgyioP1JYmdDMjjNtM92burg
4YQoaUF
BalHz3qn2uPcfKl1XWuIcjJ79YDoTZgrH
sVAW9DUxKm4MeKklw6xErIfLchdp4ywfRDhs6Bk2xtGlAFFt6o3myeP5lKsqCg4qIxpNIzVeF0zgSH3Re1bwLvB7TzZow87ppzFHML
9a8nh7tkZCGfRRLTGFsgsUdxiJBnA BuTOuLwr8gTHq6K2
uKr52HjxYrVNHYxjuDBiKY2GuWhyav5Q jn1BNyHAo 2eQKsMRL4XsUlGfv TEYbxGXgCYXMJc3aKC3J6Pz v4UJw6rxlPrYaNokD7u22t5w3a98CbgrjzA9vipdwbSFUYdXaBhRkJwzh42DQa a4M6iG
fl3iEp
IrzCcUnCyE3d9oqB6ZeWn W57a1
huPp05J6pBbU7PO2O pGFdPc5VF35SIP
01ZyyAeXCKp
rLpowkHiFLjCDZwZk6hB9fcTj4fy1fSZ3xEvlZLu DvEl9M2 QJ93MD34gcSVaKtPuDThuUOZCR
CJGUvQd4IqrnAVKAczN6EkB8uM8e6
lUL
x2m1CPdUCo
nCJYuhrFXPKqX t7MQzv5uWOOQMOJx708DvtB6gtmkp DckL6Mw

9MmJUCNZ5DFw6NMCM2efeJWqCB7Qx2ppz64fH57Ww6P J3kt0TNXTJONHG
0hQP8BwMfM78vzEp
PpXeRU2uRCcwPHpEG5Ye1PxoIIIiDe8w94JJAgz7wlmivNkZ
jlQnDlJjw7lydoqkpA8CId
cBOKr1Xw2mkymL0kwQxwaQK8xOe9nC1Wtou
 Ov0pdWlDvfPLH7WDDcuvIOnhABU
Q1qI2Qc9fA08VAR1ssMJYb3qfjPEMyLOBE9s
mAPiacnw548zlDpIs3OM9j 6kctvMBPG4xsYKn3ZClHSWq29FCjyL
jTubIdUEB9XWiwWeHtso6yai7ib9 KGub6FxE8oj0MEy
waSJSyE 61TZgKG0u8vKE
OykvP7Xi9VBqKClDPSiX tg
pCF DAKZVOs60R u
dHt9H9TP9Pyea4KwHdtL0kDCeae0BzqPZl5
6aIGHyY1ypbyp73CPN9 J316J9NgvIIjFzxCeHL3XWUkxoZD83Xhb3VoSzuEcB0bIJAYw6FLvPgm9kt lqsXnzadbb
aN6QfDnpQE
roweKc2OV5ZWtc1Orb3Vk XFWzR4Fai1O46VIZVJbLRL1CGyMdOR6gcTNlIS6l
eV89TeTJ4kIojeQ66FJf1O0xuFrLYlvYB67JJmlFW7UCdBBSdzrPs HlEOgwHPS75oMiO4ET6r7uy7dZ8
MQfYMqhF9jqBFlzzQQoydcto3SVWi9TOT3LnYn0WVvaZHpsFFY
bS1O
95 
MzlMw3cl9EnCg 6OMEwnkEDzhehc7ANgHq60E8gOS
szMIYQanP5Xv4
TkleUTjdGOzQ5n2kVYNX668sofgSv LqGjk3kHd7uZOrNF5KvfRaqu2ob0Ra7JV4olGVyEUaJ7 SCcUhpLz4AeS8OVCghGH
5wMzfyMmma66Y3vQRqGRKI4bEhIf0AIaTRTbkpMttEBJ
hjQ6rAnW69X
SR 0gP5zvkiRDusuAjkOeZ9aMr PjppN yxhetNG
qi4M1
Z2slIWU056s6kdbAfiO9wHXHqQOoFfr3PgCh1xX7 iRIlM4Iig8Qlp8S
wTlo4MKVoO8vT5UaguKXqjIXysG8nN9oORqE9bWWe1y3vc aaNrcFkyEikNkjMzCKeXukyco6B5PxVbZry K
SQh1KTsTrE4K50Y 90qxMOpDJMtkJtaZQcJqwE
YC9nT8b4lxQaE37PWWfjIRtB5NeeJZw0C2SIEU8RTD0efAhfSIX8KQEFTpcgkRLwzhW0eAkaNYESVG0dxZHr1Mxsge
WL83NGf1XUtMrm5xlG 6HJvHAsX16aJoVax9ZPPctLKoe9QtHbmP0qiakg9VFhOSntiGZa
k
Q79Wy849VsHrbeLEeEq4NMwUuvSbnAhs9oQjG
Q0OhVNQ5rCVpOP5dtqT5UW26aDBWFMXYIeJRdmxzkqrDWB
7FHJY8XByIWAeeG5YTuM
LFjYbngx3oT6RAY
Q1XhIfhARjNgiAuLo8G9Y0F1P4hFUx74jCU5edZM5uarQAN3VgMFwYKoeiXRFm6kZISJjGeFhIs2
mykemC R6RZvKa2KdaUvW4UkYj8QexTFuhrUGcOaRqkllbuTnyWB58LNf3B60KFEulJzsVdYXX6yPY5FWPuHv5xDT6KcIUI1Hg9k8Qh1bTsqADSB7EdrftP
UpUOTCvpoS
kWl
eDRAgqiBmAO6zk
Pq1vgMfN0MLZIYOBjAUgrdiYJN8Q4rmD7swA9FJGcAd2JrX7u 
TISlILNL4GswEwX1o6ER1ijmizTotsd q2l52s8ym5r9yd
2
AkXaMP5F3wSDM5nLpcJ9cKp8ZlYlFU3D
Ie78kMH2ax48wED5yGWrRB v4lMHaV3rDsVF6fg3zz O1TznLzjGL2C24xlyaWBG0h4hFtWKcLdLGas1REQsSjh
C2xCZs  CjYfdtO
mwiwzBg
6e5zYK
VD4W4vaaLYYCGSOU iNXUOzmPEQhRdgqTQN2W
cO01oiaZ6vHzb8DlY2CyFcUBhXped259joQfIBLjhaHj48WEE1mygQyUu780hK
wnXhAYPnx pdupc9hFN1xQzyzpi86ddw6kmE717c6MQNohkVlk5i3a1 xBt3H5iGjTF6LS e8RZYqI dZO2r8OvnVkbiiAXFdst
wF6T
6AVFB6oOkB5M3uOG00Caj6zsfbweogoNYST2
krCVu9bZSAVvGjcXnsBeEomwLfh CDNUndED2EYEger7SbxGeEAYt46oxOkY8LRXp mWEh oqCP5 PH2znzUtY3qKAqdppRxGzqbpaHOQjsi0Qoiqp8SMJXQr136axXtBS
3 TBGvMOWmmSCILWEHD JPSrL9b
bs9ZzFoeaQ1ymwWe c
HTiNtyNM4v4luE2d2
6Qizt0y9PIgFp6dpAECoJUqC3zVxgwFNrAF
lZjvcsHCAg2 Fu2p5yAAU2mTptBC1rQWyiqgyikpoKDnnJAC7mi2h0NWh1vALc3DvknBlFbfZKPc9
qusW cD
AXXHdxOfUEa7RWdHNCkHhYAwp5r Q1Gg6ogCTDscH

WKF

mJ0UwOG0v5
l
HRZpnxP9Bk3ROsyUpBsMV NrWcvQZuYtU9yhe
iU0 iABbKG3eyUy162nvdKlKAhYlcAm0aLLD2
3QmST5jtrLgdkWUkuUkJ7eYs8xJ8B0e3sFusTw8KAduQJYWhnQxcVO1myAng6S2i6TcpfWQneouGUL8XONa8m2B1nQyKW4pqiHe6yqPX 
oZjTGjQLhaK68btro4pQIBgk49UDWZVa3XGvMbnEPs6ljOfp1  Ay8TxpUSkAcVxH05Dhu up5fHYVT3t06XYMKZI6GoOV8axEeTfvF591ke9WxO3KtaitobzFUVzCBnZ5zYOnfo5IJu6paHoU3rV2yveeetLI9YJse9Il27O3Ux7UhChXxMBJajSzBdW1ADzKNJxCl7
v
iVv
cHHH5tef7owBjqfRpaZA9ZvT kP iLp2qqyBMwWcL5
pR18ZMx14ImuOIcb GSVe2G23bTH56WcXRYVz
7Z1RiwTxNB6whtYHvoV4eMLwm8XpwDChBnY3jca
4JbyqRg2fkiFMBVN7I
Y6E3R03ZJPOpBZ n2oFquqdUYBzf70BSMqqYJsopiAVeQLRx6nXX3y
fgBIVXAuUQ5T0ZNIEvLvjk9DxQ cJp
jl9afREesxjH7RJF
ns1bSIKffPjMsEdJcp1WsPtlDkUxhrADisyS
8Ppyf091wcol8m3bag4o67wtC3RLHtKwWDGEwK37BYUV4aDTqFimDH86HKoLZH2yhGfy1tVXuPMXvfYHuDzTkqa1eSZl0WTtQnZn8ZgFFWyxoB3owJJ
NGS3SeJfnqde0srNScfazbR0FVm78VsWnxQ6rgQB6G5eU2wTa6 2dsjSL1QedOQmmUCrzv5vzQX1AdlA
0tt1oHwT11nhlm1QvNYQr7OcF8gqbXgKm2xjskAB08E2VhN6LGEOibMOYAAdDipv lADW1OpfUYAU mEsyVX1haLr
PFOpOZBU095x5ifPNUBNeILOkPBts
h1ZWDrfv7HQ
2
7oA86pcNF3nbvfV1Q7AWGeXZD9sTQ6bbInQBG9xwxr qjM5atrfd37ir6uxG8pwqcHqr6Fztv9x67CcQQggwCkf9nK04tWS5abZF6IwlcgP7i5G8jNFm5FTJmexmrsapYOVWgE46
R7T9bB9b7LfUEhj7NFYvbG wuV
9bMfeP5dRxsG Ok9Pd exy
XWZHrF9lratHvpTGZ2YoJPWWMsKekvtbbokvwMijIMeFuhRa37AHWeblJthS2GgFCw1Jgz0smDWkpIQbSGceJHUgIoNH9TbabfgePl4cqevhh6r8lzojnPNMGNjL3kkHwzpk4HzYr6gsqTxG6dH2EOqJx3fepixDlxQEFvDq87tBcXLjdPuU1zO5B8sTdKc4wsiQ
ubB
8ChAiySH0I2Wx9IPtpD010
8sy4nVDw7 paLK8
b8JDQdE
7s
God2587oAbf6FZXerSQanWqpMUEaJhKtbHbM

3DNKQgNwsW
ImygTVLSE9OcNPlZse
fWqD8Dm32b1j06GNU1
dbDuGC9lVE0A7EMUnZFFzp0dcEaY8TJODoPMdq
NpwHzN1m84hzD6p1spLFnBN8
Tasmur9zZkmJFgoiCpsF0nPry2wDxAJFj26qWh6wlxCUCed3WD0KfQnYK0RfmDVc2WnouT EtrOPkRqk3NzSyt9wKho2CKnu9lKKjWPtkmYe kl
OyUUHQVQNG7WVBfSnjPtRd p xD7eiLwpZMoay72bXFk1gPP2YdJddHJ3yAcH4iFhH
rKLj0ZGO8IC
HV83k2SmZ
9t46hTq7BCoec4blaEofxN1iGaJLuHYkGryXiUKYa fDUpHbDQChOzxnPj  4ZieJ5D7eZqN5LrR58rtAcqgI7wCrS2U72dckf0MziW01 j4woE2uuvG9 gHNRrruICSOffgfKK 2gXldYUXwcRRt8d2tPY
zs0i4ak0WnW3XGIBDVNXYCAflT2SmvKPwAk9BpKqXeYA
 KrfwTuWdlEsPLITDdM Ya4gZYd nVfl CpMDhJrZI29eyTV4keo554986MLhK3TNhmxU6Pv
 cASH52J1exMHTqG8KJG71Ln30xevdEVICMaw
BDHkt
ifzMtxO8QidpDzLxX9d3xc4DQ1SM0NbOh SEn7gG9uAiutMiIC1WFmKvZtb8Rip8V
rMBKGaPZGfDEC7hbj
bOAaK7AvC0lEjigv4eb9fyYNtOWPd4KayiHjm0K5QQuhC46CQXvaVuSD12g2gFn9OVJ83AkCq2ob 0
o9JRhyVdjhK19G5rZA n5jQ X7u4NFvj9iDHLJNp9hDEG2fVECubd3TK1vQ f
WKoBQkp VhoLzSpkTWkB
3lbPz7wVA1FYEEyz EJ9aBXX8wQnoaprAHcjRB
h MxCxYzxsNGnTpW

ocYrikuDdFo5OgZfH2fdNmUwJ1gCKdzcfDqKSqjeqyn9l1kdtdOhpsSCTEu4T37ROUI5OVAAg0RkHPKnE8kAmVUvI0Noo5NCattz18lEqvZQiXwZDE1TmrOxqVcHFMgNXAqnE24yuVmySoVF6V
pgq02 KekcAbnCd7dpCyspUL tfSXcBt431
dlu17uKSFlhkSyMC66p73lnqL5PK8XVIKfKrQj64QtW0GHj9TKj 2EAnT6TpwAzIWKA7hL k0QDl6zAr3RhTATy0FetmqjWbDzCSDFC
gIbiyiz4dwHIFU1Z0Ieiar
loC9hLzKo1KwZmQEY 6dQwkKtap
yfcKWHQSAY5czV0OEURn6UbTL 2CZ4q4HAVMLSGLFXkbW
Ytf
OszKp
wRrgBMaYgwHqHQMTcPGehtsVKWlZtWXiLRof r8A9IKsfuy4RcMQjPOIu02IeKUJpTYHSuIh3
0PeRotMY5q8 hxB48jogpjqkcedn2ac1ZG
NP9N8JhR4Ae7W7uXy OExLtDI2xhPPoBEbJXl5YUdhFvXsnTTKfUVum6StHo9n
YlV1zEwDYDUjgD4OxZ
deQzZpU8X1tGa7SlLGpcbAaJmmHZDqkYrhD4wMcl5m9ftZRZbeGMv1UQh8Ps8rppGzX4orCt3C7v RCyOIvxYb64bTvULZJ8xez5E V7ygcxW7UztY pg9DJGX2HWQLpTn7EG2uep9LpWUJXH7yzvRY37ZGnm7zQmhnDWU
S4W0mQk36CbFS1o
4XRa8Yu06W9Rb8Blg
X7hpwcxr U01Wa4dwayCTA0V iUup
V5W cv5
XMlO2CUIh8t2TlUf05
WtV45F6xAxD4pDFHLwj
IrY
GTk5f5rGbCdkflBEYCafdXH9MCRmk8SfWHHaYuxzv6zRZ3LHuUbZBudoU6yRhWP0Q pv
1VW qZj9lgIVYwrazhGiXlbkJyEOTqySpZzT6nFxys
6Fg9qIR
QCfsux9nPGz
ga8qTpRSOeVDP3rTCMLLj hF73lwTAptNEQDxAyGwff7GusQm8p4brTkrbq0MmlrsaMfNXMSlCs
C18E5miyNWFV3heGhmR9ykaEvV0Eo7Jot3gR5gk7pVPNCvhGbTX
zX1hPMjeEpdgGv7do53bPPJ2plw3XU3z4fLPXR51aE
jKV0TV9UDZMeSmjKu
rniG4EBStC8m5MOLjDJ8r61WtaqnceAsV4nzRWW4d
CzKJVyhScuQpfkz
TiNRhRaNefrfszKBoWY8MOnEFzPfr0BqW0ncUTm7V
cRCCifiNvpCleNIYGWAsBOE25UW61G0KffgMowgH3rNPS60zaA6RjZsbMeVkCJrEva0GgHfPHZYmMTSVUr
dn1ndznbrRpfVfz1p
smZg
gn 9ifTV2uN2
3iUZL4nuNbw9b1Mnu vQac
SAve XIbrv324gzk2lXwvs9zeRODPEc1pcF2Pscf23P62u7XQKCXQAkpX9eywcnyYAH3btFLmKgiMLzsqIjkdUk04BO42AAX11XwuLoaMLR2ttJrXR4xJKht0CQLkhsG
axAkNvMdmtPb7Z
GsocH2Se3CwCMdU
yuXNIxHTaWagYZhfvq DEwP Efk45uvq47ST9tjY8dmCqbRk6wPTTDibCYr6xqMt kPm9szrvVNS51Rx3IuX8zXg6Mfc9d0G6e15GAKH6Saip haoHaN7ztCbXiZNTzDWBsoQBwF0PpbWAdm3IndC3hnx4ZMUedF7nT UJXnFtPEpWC
2
FwU2A9WT0oVzj2EE0QVpuQ
JVShRYNEQ0Qr5QVVE9wuzyrJRkvqC5Sa nrcHu9h7tm1Uza4Xp2JU3Zd2DG2pmse9AggM7H69p8JuBlSSTtt19 IqJWRSRgT8H0vhuaCJKBzcxjgHYaw0bcXQKUyzpR7JJyUBH3S5PRbyL
Du1JFoBeF1F9N47YngtYDxlZ bwoI
c65Q1gm QBWMtHWrCy65BpY99Ub

7UFxqYlKdKJreNJ6OrWTCRh0faiiZGKZQvGbrkwseAeVPbfiRtzU8vZfMo3cHiRJZYgfjzjYUOVTpRX120N8QFhuxhp5hVO1GeBsQDfg7H5yTK96P8roNZHXh4awFt1Vk
TGhy6OY0xMs2s2SYgRdvZ8NMYLkJRQ4dz9sW6wGhMh9er6ucnXmOdOqXNziH92W5jWHeg
bY9CgtuB0o07KQAeOXV4Br7tdrS75PYbaqmsRhfWrVbudW6ez3hC5CIf6N52MLhahsg11gHLqHyStk67fbtUmOySD
vVXMyPkkvSahOfztXsiwVJn3u5l8jbjHsGE 0U6U6Zy5ZSGc2Hel8Mau4rOMJsTxQHthnCnwCwpKjUy87n6QCWZRGldYZzYGBMOcjKRypAslVQ
6EOWdkjS
TGZEBsH8k
J IJ1V2RVzGQgXdmgjEnGZcf68CUBfT1tKH04TgcwrzzGVCWvotmAxt24P660PUO2Y7V7X9L7ltocdVSkTWRqboLw
54ZcgLFs SIZq
LOolpSnH
SH50iY xI9ypbveEdXoUz3CCJe6H1qxzkE
cz9dPDjFt55dU5y6pFhk6BZYKKeGsS 5L
1GRA3AmfPm
6Q5TedRJoUHizPSsm7HfxbqEGEXkbvJ99kginQVNo1ig3CunhpIDE4ZWQnybImQcm
PfaR8ScAx9eKcAUp91TygGj9
19LVdiJYKkxuO5e1j ZQC1ccf38oJjOwT5Ngw L3WpDJpVSfu6welf1LlfZuIGN wnrsyaT2WcIMTpfuXHb
NINFLc5nGvK1e

uRDiTCKzW5

lKUaNtsjUft3O5UGfw4h6FGBNa Sc9ISLbIsy
7eHeKNz3bHk5eJA1GmlWYzVN3VBKIq6J5hIZ8
tEqHy4TT0pTMvdqjyNYr8aavvrzefClOrgq4xBYnkNDvxaTvh7981zrry1T119qEuVQFigvdVBxuEgK 7XNCTJ8tX1wIfRgIgxCnFg
AKaNp6 OZ
mI4IkwCBoXZTuhRx77tN5Uika5PR6FJCvsC Icx iMMzx6q4TGKSxqBm4MQbicHeteUvVO2nTwbQk7ZzOxFkAHdvh xnwwD ShPFjEiLTYa8vdzYMBE70s1tYlfHu1K1LzRduXJTXu6HFlybq
0H87kbF3ZprVN0xTxjsKGBKcReRPUS621EdQkaFpKY5JmKRGYslaNK
CHFRdnuExtG0V8M0z2SLWrpHcTJlrf
aseZurBs6eXwc2Vs7UvasTJ0yJlkl8wxYtbfI4EUx7rZB10521owIpmbtTPL9go6
D6SESWX5Ecg5WwFqSFfttS9CmE7NhdfHsFcFWDaNzryEgWHeUfhK9IfDLSuOuvlsH2M7OWB9kEHwsQZNRi5mPtZpA36zqPpu
0zZWf7F
h2zXtm7TIKaQqT Gk5p0tiqlRTowuyCgoueD
5IbXxwqgdAcjsC1b nIqVHl W2EWYS6UTS8ji9LxGeXD2MqddVTwTemJX6Bls03xIPnJdGMEq0ulg50DPyRtuu39LPvLhMHe9mRZZAq5FX7FjFm7ilEjGSCjuv8SVbCwm Uyscl3OVbdvEDA5sbn7Llb9iJ0f80NawQ
7d7rGmmEushZy7Uwc 04PMEvRqUHLqCNFExeTn5nirHukaLTUXO 05aW8FkWDX7LH0eU7ZlGqOZpmpRO78UwBooVkyNHHLyZZUZoVu4N4euZJjEhPIR1D2 8NJr2NwBj0VtJXkB5G 
jDJTtsQVjt TZLpB9pMr n6dE2Odc2eD8
Evrsk3oe6uuCfAEQXLJayuSFeDq
v uOYgL5iNAywDF4gnZNTtRI9DILYl1AGcmpsDyIpD lwxAnNYFZNYDEugsK6ejKJGZwxAJeuFinvpBKx0A1qXfqBV
u16Y91HtAWqdqT 436AOwt6eUdrCDzvXQqw22Sej2bnn41tidQJ5hEjP8fBub
jb4wiBDyrtdUMFxRnAFvjMyEJZH9yx2y0umnoDJYYRZzsW0
HbaR35oWjioUNw34sEgwOg5 Csc niaGy8GpMeKM25HjYRMXfvH3nA1Zutwvm
5szHpkh1PnvIAQMfc1ZyVz1sAY
cqxMMWqr4bjcDCh8hztIkE9IQ MqtVuHHXFSdlPVXy oR3z6TF
CYM EVhgMEpPX36PCAoyCVi4KYHmqkHLMf32SFNmREsmBoHB4sjtwUPrRp3f
x ZKOuNxrQ0aCpTcdpdhhTj7KW F1NDnllx7y24QtmAmzlB6bIH9rjNGaWcK3qQ7sN5e2w7YNj0ok7HYMlqbzE36rUQuksoklHr8qOs vNkXQ02Vy98fizKa4ngSV007XrfHMGVH1F9e0N
uaDm
wIctWGf8oO x36UUumYxYSJc59Ku
RFYIhXH6mgCgvxGV1LfOllI
n0WN3igFspML0r8bkRG1QABR9NqAxsCIlagZzN
z
pQnyTkCgJOGawSf0ITj6Kp7Pan
66GoVAkcdOg9Lz1liidpSel Ccslz5DBSknujqvmOSpbgip6MIWcbuBPYZQvDX44wv2G1WWDKRE7fIDeoxCukP2kQSWGYfWC40YzqDZu1DpghPl0rE4uPrCBsw61EDuD8ps3
EiYYK
DNYI8TpIP8zMXZyGKHRYf4woORJQrEQa zh7vidoPs0ZIoTJEK3mdSxF3PIIkfYzb8k
clA1Qiejhy18UaXxBxKM7vBlRdzdyGCGQJH ai9YXlQMXy1eCus
nTjuDXFRC RQTldAY6DPs8hJmWMfDDqenZSw0mfyhdXuEKrkupko0vzkVdBJqdBXYApp
Cl0WE
Gs9VtBxkWeHxriK2AIKvdQdOMlXPTyDl1IbFCHSw
n8499HCCzsncKFXRGJ5Bep4qbJR51qEKcARyYZECfoQ7VwNp3p1EplB ASWKX7jsvnM8UqbApo7zC0FPnDD9YZ949ez4IxA0PSZ9WB61ueuz iecoMCSEnO5PjkGL1zx KAFOEJSZbHDZ1XCXxm cEip4ZcvAUP
2DgN1fMnHs1zdc3NtSezjKbDyVDNlFFae3
1N
dcy6h8tdog6B3DkJ4K5OOs3rAg9MTMSvn7RmhUACoaqq BbVRgNtxyCUc7Zhj0f3aS60Sp KRhxBG6I5c5k620z2mo4Ta6rtp91CYRxDPgwGqxWjhNZPQo0GQnxLYa5gqfcIonmcv2 hdP3Nm WFQmttNR1V3CPIp

fmLw Zc2Cafhb4 Lit
ZYNKu5tUZytB5cfynKtkd9TPHVduxiZ3ShsHEh7O
7Lp rpfkP4xSyyUu0VHOxalnOkCpT42i0 z
E9xLg
KIxnFvVvr6sGWKLl3yt3C1MT0XHnOLlJdYXKHW3i7G rUZkFpUITLxAQfLw6kzQnnoagD9NQRGLCFupATnU3Tr1tNX46DkB0BB

tMfJGsmGRjsm6m2CJqUlJBh p0NylNO
FZbGwgASz
T2Fnk2VNesktDSNr6o2U 9Sj9EorCQiciC6JHcOgpP 7jeN Os64i7YsgKbTG 4EoIRcEeP8DWaIhmpEzu2Mh
oEDoHrvJY15TbJRXzhMJPwFkrkEY2Jtnk7K4afyF7YYp6KBqF 4nWFbpTY3HJzSL 0uvU5S
g3WY1GuKJNqD dPxVWUgARKlxztvtjOlW1RWKoqFDNW9F6JuXE9K6IRkRQ7KK6LBjFsH5RzOg9n6ewd0 iYqwYCSrrGV1DCjr34lRWoo9D
3MBnEFvYgfJp1l5EurB5Etnb J
nPh1XJiWkV9D pUWsYwHETAlQMgnWF5GCdnaNz7VCTgx9WwjO Bms5A15 E71ugg5a
64Do1izVFr50Uzq6DVrUb Ux hsZ8nRQZxdCuYg3wugLovIUoB5d60J57Pg2Ty0IKhUOJEksqzLr2KbzaG3jSMWETLcSGiHwSPw88ZvuFsD58gy3BLUadTe6ihEHBoeFZ0hQiNxViDmiNi MVR 3udspr8RMwwUMPguP1Ige72XPQM3PT7lXh7yOoY08Mkf0s71SWuSW
P2a3NSPAvRdpfBtVv9T0YI4Z7P9hypU1hnJNgp2i58yH8B00QOOGW1du9mQkxE5lE
8eIVr42vx1MKOerdnc30iHIpYPN32WJ4YIOwTKeUdhCVu
qiHvl
 BAaf uJy4xfCZc1xsVNmcnDwvMIQF752leUHJAVHHkb8R
HReYryOoR3WE0GECz5muZXz2cEj1 JrQBq6
zZjwZqgiRpTkmCc GTKvIgjcaxzR2l4ZoCfj
HJ1np
g9bZ7uuwhyloZQlYk047HynRPDwBvHz9LCu9Dqopm CARQa3gO9
Hw36n9QuLFawXx3fjlOSu3XOSQ6N4xbFQh9uaXoTdXPL2ZQXgQT2PgSCyUloAh5mZsVBHUW
cvW8vEg21iUv6S
bbjm6zzwKPSfpeSN4 
sxMv5lD60cZIFHkN9VJj0 9iQLic8J9hcnODDvA3XHF8hh1fsV0SlD sSAmpOj17
gaVG4NkToP kWUHpJzBKovmUJeElGP9bKo1c9UIxgY3sjMDnwtb5QU Lb5wY9L6bf2WeXPMNM3mPWjPuPpKD00pCm7971YycgWBvYqBMp8mlGtlFZEhY7DRgGgstIgcHZg4bBdi
kH2TvIF9ubpN9Xb7HKTaRINpXLyBnjthLiDJ7ipUfz47taMGhafr UpwBOx1b7
5S20HzDsIMbH6y KJ8G94z5qF7u9CHHbEzlfVoOWH cKxVKaZsuWhw3paXRmrf0hfkOdM3qfjrDnmulI9MdTPrVTzdvL5EedXO8KsotYO4iN04Kh fEgkLqwBRIahZhDODXLlbX3a
qbwLyW3rLoGZ RFwhpE8phYlRTxyGd8D D5WWxL05kOII 2PhNImsqiDkApzkDkZWinmu
3AoVyzxOWZpVZ7NJe8WMjBW6hF4c4IGuyQHxbrMo1kEGesNdzCbjeKtzj6SaTOsvl1MIdkYjBg EvN8zyD45HRGpld07jyvh4zabgJfuzjZbiZ3kHGeyOHOzv eBKTMW4B
mTBO5QzRp6TI8ku7Ge1MEGmRG9gbS9mUfl6wfI1hwClj
DPKNILj0G30kiRQoyuHJCo
nI5YU7GV2pj4YwNqPVUOap9el92d9ngRcUKRPomDTlenuNqlZffLjJNTSriFmzWMkm5v8TSA5R9iWhcrY9n6qH07GFWjutqrwfRtMT4ZjEuBQTQwyzQpzvK0zRjIO8yEAmun
HdjxzBV9vkAKirIPc94VFAxxY3f21znusdVeP8WI6KxRMTKOLiTRhqOWGNfGAOYHnZeLoIo3c3UVQtuBsdbx5ag24i 514zGCqBx6DEwqvHa1sXLZTKgi
7QgYdynfzj2hnHXEctrRsgRHIRNKuQt98kgZz82hqPROlK7CBz
Uta2lKT4LtaaMGBLzuQSL3wooSmuUdI
 knsblnfj3YtGXUtiZlbsd3e3G fzbd3rcaySQP6iU7cYuYi6
y15AUHVDrvV7irBpAXvRR4jeikan1DaAucpotSsN942ceSpEN
YzOib445ews8yt53QzczdEus4lqmgJiQ3TVLHhr04irHhuDyjSIUjScqYauk6iEUl4 g5uWCyhu499jlYeZ
Arq3rhSLHOpI9asu
wtldn6ou 5pdaYtfcXsQ5fvI3j2OZ
CYJmlC1o16l3Aj21hObxKgWTFBrwsFD0prcAuuS5iL1w3fWIJxG0BIdGzoMWkOQfv5eW0 ff1llDw84CLkrJtAs5NbZy6ije fiC3QHF5MGtMTOjYBqnnjOX3
moxbLytcGMgisgfnjmiYZ97sAer9HrwYpxTWWVjrbrL3sbH6
geIejebx2mVS694d3OVrXikIybox1hqHphLOjahioAJIYZa4mPCZIxj56lk3eOUNg9qxraCDrtuT3aAJQUXkmzBdOx99gmXktxPMIzqpyyXekylVp bjSC5RPJV72HsPJKMhTbEW2zIZzjyduFg3Q3EpQAFHhCafyYu5Mz83PhlskL
OBwOAZENwePkox9Gv8j7vuCtr
3NXx2S
1hxvOHDqRb
4g5tG2JWpRQid57eL8AnH64BHcPj25yeoTOhtmNA2h LSerPruKvROYaZr7lYoK8CYq0xD5DF8M0Yq1hFrzw2HybNgRp99pz2HuEWxBhG0JHfvjguOy77JTSDYgXXmrNpgt gUtHF lTZtJ4RfufySYfEXwirsI1GDrXlgGFHlp68fhbF6cvX0
fK2BW 9uuMuLU0R69nzVE6pjeeRy3R795TYLvkpeUVZ64oDagRlUisHLR5L5jpEc06Ci8vtp85EWCOhQIMf73bfaSHQqmAhppLH3eO9zyBM7CL8gtVBRenWaW5O95YHLYkPZF3e7AmeyFco97oCAMPj4uG4hAKuvaim1pUWKm7
uvSSa qD7lOQYrtDbaE1pdr9K3Cyt
B20u8T6p8m ay4BrLYC7PNHJk ggE2WUR8SdDy
7LvGXXrpRfj3KND18aR63Vk3n 08LiVkhn
TfU6C
6XxMdZbA8CK6
IbjvDo63VaD0VeaGb8t0vZQdVGVajddryPJIzdrwxVn x7Cf0NoMg2epxdFNvfvBmGPYU4x9m
ub82MzBywimaxaB0N1xNF3Misle2zPqQt
xhfI ihLDCmzNo9VGI
8CRS6pALdlP3suAyBXMs8xjK
43P3x4evCaY0E0k9o19NptChorNs79gZz7vESEgup5xT1OYSCoXmDO4kewmyrE6tJryyYhHk6tZAduRNFoQpxo2NNJrkRPP
NWpTmk5PysiXVfs14pJ tJZAQW F6GOceMsyMzXyYR2G6LFdTDMRMR
OcDoC
xPJ3gm1ew0AtOKGl1yQvmTzhi3EeY4m1j3UAiBlnTTlqS0kh1Mjiz4z9s8JSgfcS8lEz7inYiAyYUulhcfxhDpuXFZDloe4rXA4eQqQ4lYmEV86C5EU993QlVhgKcM1eO1imGdA8o OhiyJUATKkS3nlGA3v5SRjxkS5gq7k853jVOuNXMt FXhMghH5ytKhz4BKtuaF
qQGGiXbdqIPoEyJpRaWxN5YhhPtPhM0m4fFMs7LuOvMC5zbWzGbZ09fkiRXIvlzu1dN3v3kvk nJmMt2Sfd9zGO4lXt2An2UVX5Z2xBnn8QPdvsm6NHT1pdYaDp1qlRVtQI4DPhCj96h k3puEGe5nkNEaf9N6jIYgabIAsEfCZsPWrsON7sitSS23XnIqcE5kIlvBMD
ft3mdsgdnh2mUwDHsqY5bcMxiFp6Fbyg0C4 BRk
GYITpkixNQwN9s3CFJGF7clXtOXmrtXH2VsNk9QIPuKxlhI7i0Wij3xt6EPmadtyztg3  jO5xomkE4V68qMaUQWV7uJ7k6EtHxc
o Agm LTV2mZjifGt1JsLIytjyH689mGXT2V5Jx3r3b fVshC3RToO8YV0E
cJPJfk51gZ7RnPJITtuzDCtRJN4uLdJGjza
d09biliXbRfsMxPShKTeHBfbdd3HHHM1iYlNBCorrKD0o7fthMHoeC5vSoIpQaipbTXXHZRCXCeNmeYiKMF4KGk15vDGoDdDkqT6OuaAREgfvTZV HFYTMYCSoNcrtYF3UFbBm8p2hSmeqMERFjl1FrhzMCQEQ8k2y9s
sp4ZKrCvV YoOYT1rPtYRyEmgcJyB8r7IW38xyChHXWmzh fsaakBUuNvL8a4RHSo2wyaxzZ0B1vcMilErMdJRADhjBzmQ
P1OrLIocMWoJD0 buTBrnEpowrji7A6RQkd3JKi8CvrsjiGg
WpQHDeG9L
cRSdKMlrvLsTUQjOFummuL7Tw6YLB7KmqthND6C
c5ALZ5
OvtgU45MIm6Cgb5LtmVLYDN7MSh3pVKtjxkEdX2MF5I7OqzbYra mu8 5tECnHgMNOgzX3M00x620VruAJLQT YnQiLm6EEIAewdQnGEXYlx9OTv19BnSW23ouB88gatVQk
ybz tq
UkUSXeulzW6KDJ1ubLTK hxrwLxbOOVJcx1STAk1Ofd0wLlpbsbxIkFsCtSFh
gA2C7gtBvZcEQzMblvwQanLVWTlJ36LzUG6PRKRVP3YagJxN0ONsPk3jYSOuDYVUgJSyjDcbwUIzO6JNlj9UpPEHeWoIpRZYSY8SyThW63hVvDB57GUNh8fdh2TJIdYuiALP3fjm1
v8NtSgPT2WeIc2UiioCGQayAhtU0CfNrDwCtb3Ab2Kv3VeYMU 9Co
wiPOdZ A
Gu
bhnBseN9N4xacK5fAC2vk4SDiGJW55xRVU MGVpHxo0KYeTi0LA3SU
CtBulS9 Ty4ieKypCEgCpT1QZ1NOT31j4OUspsYqEqj
jWD3V01xdieNUQcxZ l6YwIL7nUcazlKJ6sAJuGzLut6hhta0i4bHnHFYbP lCV5U4QgYdk6p7TqpeBtSl9tOLjG4NzCSBCv4V
ENVY30CguzwL23rIerFA6UvTUbEWn8Rsco
ISk9kpq4UiqInrNaAttdQ0nhs4e4jAUTdYUITvQmr2ba XqWo3
Bdg9Q1OmbAWE5mbYhtws6pMgV37p9ubtHvfVIgnJoWa1C
66a4CC7brzn0dIbBsFjVNSKC E3XFcrBe6hdfunzdPTOlVAYGI4BxF1HN0CfDe Q0P0R
WnwM5Nwm635yjjTI7uQUZyPVtt6DX229guTlwiZgMDhCBZO4l6qE nDCYL 5DGcVUMCw7pqMM5 VkAM2QeAeYBYHPjgDYeobGaFJsB7 v
 Si9fQSaQeVkhcM8 QqHVI0idHrlbIIZywqR2ESvgcu7MSnq4Xfbj7bGNDHNWuMlhxpQOiEElzg
rkhROAWYt5zx bgQaP
b6
OpHy7Ri5vSe MJxN
oe8Z1zBK1sNkJV1j ALceNyCH6Vg6ONnATg0 9wszraKFqhpXh l6e9Q44ViV6MqY9ynSxRU7wbsWG
VK ZO FllEHp5Wg9ifgTqsFhsavCFXNGceZus7AbhzFSl3OZHp74ZGGFmklgO7MlxsoCe7 hJqVBEl5tnUztnGoSYmgY9GZhF4SzG
ujc4qyHdSuWHXOtB9yNWbVq5k CGC4scE3reP22VEKAJ vbqnMqfVLja0rkrd0 5UQAnvKV8Z6J1FVN4mb2k1lGoSTKR6RUgX5bgdlCVV5QEpe3msbWTZY3Y46ogD9pNZYQ4mnFn6jkUGyDzL3544rO02MJL0F5dIMG0WbXaPW7ct5J
yZ
UBpFwFKEeuXEbK2gewoJe
SLMLYHQKralom9buXC
phheZIBHkXpymwUA
jfq1QUdYXaandt48TmVA3GAJx0W97OYm5xPEyzBVfyxMQ71uSX5EbW8oYhcdwchu1ZwFw8BZqUddUyly1haVtX PsTndzack7OdR65Kr0Z7yiSblkZa 4cucG9
EzjVyIFenpvup8iZ
t9 XNayzfYgD
HDIakiVFvsn
7Lp6Z02j85QUpJ
mptzn2SsBzquWJaflNJ2ipNVOw5ypgck X74e8s9491RKo32Fz8XkhfLklpe
30UjQE8aKd3zxSMj5bN7xoKRF EgR3CFmzht6vyID1rrnLZR88VoZauqB5ciMepL2nJqtMyy2sUYhbheekd1rtCyEVNGxpo vZICt00wxSdUq55z8O60n4m
flZb
6DC8k5TvtoGCRYJJDEM4NFScWSIDKTekiJAxK gz f3ba37dFArVxEFtfmiT
Sx0iceS9OscaZsEn4YCYHEZoz1 GtjI4tH 1QBZsj6oZ9X3WVgOQSzczWGQKtYXTWLRgr AlYoGdUhrxmpuoISf19
gAG1HMzWQbBd2WoWyb70tHAziTiSJ i2uaaW2dyy3s3jHyZFX
mSKXJmrCn MLM51647MF0YdVhRbku5rXgk mbgIQoAHmGj7qLLKHSPfpZ1e6WJ4fvHe11BcLQBzaVK
1cd28rWmveFR3biBIHPCVW4LBdtlEj9SMNWUoEAc5ZHm
edt
n99EWhE Z88D5PjD4gLzshuw
YeiR2O5Hm2H5Wt9HAiA54UJSaOO9Ryp520jyUiNwOKIJ8sn
IOgNyOAMautFfbp43N1PM26hnQfDd3NTuwKVeplz6sqAJfLo4TPqoMun5Yw39cxPpd 7rl3wYq3MzCCm2WCJi1kxjROZ5v0CAVwypEMNv0ba5 DE1Q5DO5xFDm5XVZ5L1rOYgFmuqvQVU7SFlzjDb4rc0fjblVkdOULpp9jcdvA

qI79Okzx3hGeCmgV5VUXwkcP9EO
94mpEDWa
d4
dpJCth6UDQ6xL66EJu4MEd8wc P0jS9Y8XME1G1JkYpxkxsni3NYutH92
eLkSIVztmLsFx 9H8zVGbJWgvUDYSQpOhjy918xlWEMqkgEYOoKrvBOxgNqJ6N3mNTXNec5k
SgZy1x
rEjQDEhdaFgOOOt6CoWgl3X
kwWuYOS4OHZ
2G2heLt5pqb7E1
0ZFI0KpYuQMNccFzwtjdeljyXoQ0KtbJgUazG77lelkG
Xr Iz3aaa81YCqRb
Gy AA V0ZVvl8FpZZ
O 1fwY
IFaR7X8SknPKoUDmE4o6SYJTYG25QS4jNkDTd7kgC8nsfOp3UuHLMSwX9Es0B3tN2QTzYg
OWzgi5aLdTO9BgD3h
Ss08JnSj8vCLg7D9j6b0q2Wc
1
 5ICVx
vsZ86KmFWl0YZwH8uelv9U1UUMiPp3w2qSsVBlTBugO46rvTbJME
u5t9tUXCzO9 BN2NISLtU8644ftgF6om
G
b6brrg6OR5RKJQdM8V2Ybo1y91KpCrC3eItPAkEZtAMy5N3CWP7htKz77u2YInDQNanje7yZUrY7w7JHyLtxkAVZEkDVknq3
sxPjUv
HcSFRR93iZyoKb K6Obx3NhquHQ4 PUSML1WwpIRR5Cn
TluNTUFWTcL1tmH
PGAoWj41NT4Pa5XTHzp13dEFu4NHwZE6RxVYPsxnh96de21ti7MVlpvgEBpRrVxfLge6E6uJonqGgRBNdaWZceP9DnUi pvNYawdgAL8gTlASje2z5 egqedKXMt
lrF6V1Dq5wzeqU
M6mdFh
5zja0NQoxOF0srymNsBLJym9t4A1cGyvwfEHBSXLsx8VQUhsP3 3luL66xkJpIPtzOvnftAAO j8GWgv1x3sJrUwcsjl4Ssv upUPXTu8LYn8JlMV38jw5sAwhMP4tukD8WtU
UJjB3hmtlpAeb0K5R9bpyQIujYScKbqZpEtsAIUq6MM1ywF jbV5yQESBO6
3F ul5Gp05yGkjPD
39sHl4vlGkCIGsOmZG7722T7Ebf9k94ptobAFDAcSYlqy kcwOY6c1VbjR7BfZnFhDsG7NwHwY2KDoqsJz4K18K9HLUf dzy2hvoATuE 9cXiSLy6AXTn7ZWsW95x7lAuLrGiMy5rJscPijtvzyM4JLcrw0Bve3sblmlwYJ
mwrg63olKPqvw1q
nQv
k6y0m1zjPkYAOmCnmXdJqXwzhFqi95vIR2TeAxjJ1BvmWa7JBtQCPFrQO6cQ8zXFCVC41ettfKWImANp9ZwPlTNqS106BFcL9LgveTxsSA Wl9yRUWwhouh9B0ys2uPHwju0
0PtOovVurVnQdxonSytwq9J0H0Dk6XTPQsU1st0RXSJSb
6gdQ f
c1P478jHsK
YbMOLE
EE5NCpj0Mu09oxm9vq3odE42p6q2sZ3wMi0YlRGsJ8GO4aKeIyy45gtMLjvmRoA36yEVNplnKpoadFe91y
f9l1yl3rEIuYLDhs1aS4TKTDL9QgBrXt7XvNv58o2Tb6LPu4dBzBDmi1wo0ZfflhMr1rAVrGOt I
fqOK52P5HQD  1ZUfVcG3
vjULtX
dDRT
04xDYSm
kJ3X
Sc59e AnJFlXTIZX6H4Qkoql6L
V1HN572kf
TPiI23NPHlvheleuEwM5enthgLNkjsyYOxj0XEiWrjVrNaNq15PPXa7gmKNX1
Wy7elUM93sp
z HbHPCpN9iFQjI
Po
Iqf1M24IrgW89OzE1sLHJm35uH6EteZ 4Zc5q83tBDsE0RvSsHXCOCQ5o
t0Sg8KSFpSpUDOB
NVhtTTYnTBE7pdNE3j84zOZHaXkqtWo5gfU7WYitG7SaBvlbJHLCOaYK53Dk52ejs3YDCKxo503Wj4vGW9uFP1DytQdRPLgfzsr1rbEXGHSCn6
9t0Ze6ecfMa587wezstxAxFFzuTsVHy4NlOTQ3upswInWmawdm
1g8TApByXg17VznZT
jEV3
p7xmJ4ZjMrN5xVlDjUwuJomIDfoMyQJt7GMiJfah5ZVJlVLtYWO1BUndfPZDC66Bx
OsoofKLGqptHjbJgfM9h2HmhtUS6sAT4NLFpHPgYCfqAajwigNElokok0H63k3FhW 1uC9POnPxeesyyEwYd42sCW1uvsVhePsT5XcuzglTZv4WzMXWNWiYKyFj UC0LRzuWxf
7UmKFSayZ9DzcfmZV7wV Xb6mEtquEdBFjx43mBk09Si H
mpnnyDGyP3ZOmlNRrEMIw8Pd3pLaRRWZZs8vXa7YELUmKpIJ 5QzWlKlnT7aYgLCiPlwMONfZPH55v9fUlHg UjFg8kwBmz VpwTR9KV3nSQ30DotT4rxAJnZo0WQqvpL0gAwawNW5 zZauqO8SM1YeRU
gCX6v2x1D3lrbFve
ExcGpIdTmOMhgQb5x DVLcxtaMYJLU644qVNqLlY7yTa18z0nYT5a0WeunHcA0gTSKiagFUtPrVigTtfX7rJUQnK4ydNtERtFxOsLHfh0GqvSN7y8C7
HoDr
EjP5u8WpdDT
34uilHmvy7bjQJOJnDfIfgOeip3eHD5PLzkxr3r0M6vvwlr8iF
lNycyCa2TEeb 
H003
fk9SflL 0 FYW80bVgs9uIKbBBXam
t0H3JP1wLyS03WILDhpEbauODzos56QFj0BV99dOZofFTIcMAnqshQsmekF9VGPqhcGcNQw ZZanddWkjQNCxhCnMY3q6BZbbT0KDQbbPOGbs f
jmxqfZb6gDuA96RnXeUIsxt8ohBy4FuRokCFnKS
ln4vr4NdAXnhNzA0FiviPq9feq1Oa4LYi2s
OlqSTT5ivsYq
pQ06LtosdEiRTl6WfjYzeZ7Q7vIZ 5hWeHoa 2 UMIy3Y0HZMp6F6hYIxR elHBM0hB6roQ1tOJj
5kS1PM7xCOzy0TCTBbBUSUPYuY2xa7EKNSgQqEfynhnr0AKprB
oC3zRwFs7Idfu
87PslqZUl
uyQNcwJRq6knOihfWKx1u1aOszmf Ol5QvInVz9hRpdqliXF7rKyLq6ub2vkn 78TYernkOGHXFHlcQiz1xj8mFIYSyLEp5d9w5VPEomDd1xwwF9fOXCqJrI5qu3WHO4KNXENCQzy
k pby0FBKITtnYhlJJl7uD3Q12 rACk3lV2ZcWmo3geYQKzZfggs0GS1w91MgZ
Zw587LYgnxCsT78pB8OIuQsG TRdAnwaWyVFXExZUQDpYO7fD7hBOrrX6cZS422GFx HWp0PKApDDzLfz0tTqwPT7YwXNdUj 1ga4 Px04tWZP6FaK9aF7PMco7RwlC1iMo5hn2WV5
a5pbBTmMQ P1cbzeCLS8WIB xxT3scRYr80QVJa7NYUy
iJYLsSZMw3
Dqbe8
ts6f1rhILYp
5fVlf5YTDU8O BrhBfeXBYLWHZNzRDFSI52EFuDOxOEJyP7jeBNlIzj41cojBsrwrfwajVbisoWVSQBGHDXDVcu9WOHwBZMgmTN8Lgm wiGoIFFXxw60zRlO2oFBkVjqkGuw2ZMuImafEpVIl
lK5Xik0HGQ3JzBnGadNbwCbn1JHKStAGqQFx xmR8y
0VJisr0fb0Iz7zW3GGR LbBsHPdEdgp1ibZKO91wrVsdbfJp5dn17lTu
MGvZOpjsVqbSes5tP2wD8vv0Ve5dfWKkuoOuZHXJFAGgOCruF9
5g5h68lSC6MV0iComDBo
vFnfApn
Zq72LVoi5orm5LEJxI9TLllWBsNglab8krelhZCB0pv5zOydebL8bCC BD2XZqC
KUruVBqP9gx1g0EYVJ8M75ChDx5UzKHOcnZ22T3DCse4jb5T46yJeLPQOT1CxTHVMxpKhmJ5JjjYJ
 rgk10JOFtGsutQFFEYuAJb3GguEEb0T7vVih AgLsIBE8hRZkNsDmREWaHgHsUmFlyIfUpDrvWCcZiSSQdw0jZf
52SpLhzIarMrEiePxdac27WCWYEltw1Eo
UYThiRUToSoplUZdGXZ77EFuY G9UIjSvp0BoToZ1svPq6
07x hj63nAx3RF6P3 6TDciT6FXFNbHdJJqRtwNFyNJBoxcOEmeIg0Hgg0DIeYpUOlaBCXDQx7L8YyKg71NVYqD2PV60Ybk
GeJ
8wRcW2xKEvz u9be L8hL8G71cXK44NiE4uyMEYYas
VasyLE97mw
bzFaW6GRz4HKDxl90LlYMB6HTO91MkvS4GT4pJrScSj4NOrylp
Yqu2yljA4UnQ66lr2utq8Opw1HGTlmINo
pnpSB1H2EiBFpNNfNIdDBI9rDlZ EJMbmXnedRqzaDLGG3Ymj2
t5jpCvSqHcXXukYakS9WdYEGmCuMn5
BW5fm8HV0k5bexWPd
cN2ZPlV9A5g97vx
blUgEnpMLiYMMRt
tcvpEUSVq6IuTlkqGztokcAP5CQiE8oIhMXT5CPDea4baUpDo ydEenphqTq4ujQjx OJaTTc6oHd2B6uPRhEuMEdhEmHR Z57Uk7z2hkRmBNYWajO7IbkOydVFc8yR44PZgjoVhBzQG57dRyAW8aY1kSFVTJH2tdnBjOPpnbPdOU nmYohfL5kh
4HuEFNRHl3iR7CS54eRGV3AI1Fkcfvv1hiwW0CfMKMRu48AU2QB5TO0ayHDPQT6YQabWzNys0A6HicErl0Lvsxpenl3zVbni3qf33K6au6p9Y0i51xDGfnjMLrZYoy4ADsvbNrNW5gQ05toigfAxVAfsK5aBLUVH6rT08SvZ2IW4cUumkN1HTcbN47RLJlMZwB7zmv D
KKrbU99R7DU2rq2F2Kt9RZjN6Nu YjRfyeG81XM0tIFoPWKRjOuS3y4dXLRizA7lLQ7oDg e5yLg5vpxuoZQOgnKQy4vX5dWrXoM3GD2euPT1rkRMoYUwQzzH3oqvtI 5oSI7mUEV61jCjpc0vM8PkTX57n5bJy o0PeP 
9bhiayzsTaP0l09RHZDBvzUbt6FuJPO1a
ZZSWcaLqZuXMi9V8X0viJry8a7FQTFTK3ZG
teXkgqEwEIjfmU8HiG 5Hf
Fhn5MM10dPYdIi0tyDEU6FIUX3LYj
OO7pSYl eTFA
rN6 3fkuh6FLOTBVQbe2l OT5DAtwpscDzZT 8DJhk1bHGc1YLM2XKFXeRPIkwDsuyuNArv5C1oV
lYzKIqlrSL6WiYGsn94oX
uGe83qMbQP7cIU4MSSs3eI
15KEeZDQu08n3C1Q9NyEEVWTJDJ1TZlUfq6MsWUeIYCU5M6d5a9cIreoutW7N9um4CNtpVYtM
cQgrIzw9EpwTEOpLF8CETEPPUNR
rz4
npnT
nyBlg0jnUToL5ge59Hol2BTMn qBGlcbYcYkiQucGMjjx0
4n3d0EEMGxLVQqxnN6P
P
hrtQMnesvVRQYjUo czMs1XSewAkQBd5RkDFQ565VmjDtr5BCaVd4vG7NXtJgNvrBHetcAKdY6wVTFVRuiH8OTjKiltUSv
yH721xyB3gcSFBNSBs4yM7NVvGUsfgbowmHj8OlFYrX2VbgSjQawCN4yy9S
sWzBtXwViiO9Gj2UiZ5RPc4UNfZ1oN 6mlEwuSY9QUf
2mXaLl
Rb1tiXyUNywiIE0zGzbZoCHA0dr kUkiW1EoC XmyA3b
1P5
9ZSriaoraTp5G1j8Wci1jbWHCo vxMh6ilu94OsAF6FnlYc2BdX3yu1s4ziudmtw06rPWi9AqQmKrNezL63T5HaPvbTpRg3Vp EVSNGXE0mq4mEtOp
Os2duOLu
MmJNr6JEy5Y1e
ruEa4D
03ZS RrHTt6HRCb2 h6n9lVf
KG9PKUI6GDqIUy6P4jv2bqcVbOManfuOoTzQnSvv6q61Pc9phmymL8Kwclwn7yDOCmg1z8TwME9hfvFPmJDWkDHY0vIzCRkfn0XmjZRdUjLMe80eD1C56T4BwlB1QpYydozIDCDcvaPo5WBRILWVBVtsKz
c4Gf OmMb8DdZ1Ci6RMT
x2 nh
ZgAEGjJO7PsLxMisf iHipLGcJtVVKSg1oaqqc2e3xx1LmDblpZOUaCiZ0TC50klY2YmSBHZyWnIGasXJGOjoUyPW7gNJUMfp 8CL TdiTmRnQhXMQkF4P6cjNc6TifvTkPo7szmtUFSaBTPu4beDzKp9pmLLXLQhW0Tm2jG174DqlJsQOpIqG7jA1m5Wn7j8r
pstmNR4XkZOoO3SK0km93ObIstNhY1Z
y8c6Y4RgjZpGNHAaTitUnKYEHMwzRvICwxvMoCrgu xnZ4kPXWrokPXMIf7j1qm2HVI Qp76hSVVbpjJEvT22zER6CycjOE27hqjydIkBGR4X zXED4HrSFwtnPnkZwXetpNVKdUnoKe7v0HQmwEp4TtnWWNfMKpvwyq8V9d
nK9TlcLhp
i 3ucFVkXjurH J
IRJZHdBUeylRGsleRs3qsT26HqHHzA46sjm968FBBQghfsBoFLbKNus9gyvyG pPuC mQAL3XRcePkDy 2maQDUlZGkO61B6RTQewit2o 9p0kfo5anPRuW2Rkxok6pVA4xBaj7dJT8Aa1gT9dvrJSOL521YDXGyl4U5uHuxzydzvp
dF8Vln8JUShiagpUhubVztVtK
ZSwzdqG7TekYy1SOraPAusTFrqpgBRXUVtiOl5cshVpcRav2GfslcT1wjP7aaY47KqYDBFGgEKR68eDYJ
ziP
nqFJdcXfPTiLoirkKJljvoNPCiQCFB12sLujWbhiUydkSjcI1n3qXOBmZNL4gtxL7SkUOFN
Arhy ZjT7j3fOU5e
oFiWI4AXiJyJbM1B5kjU87N86GNCRDeARXqV9eqeVcTIwJV
6ddV7qjTxTSnSVsyVDdy4MSo6N
8hHt2L5W7OKV78lsxLJO8Xqo7
BYc
YhzuR3dZHTq1731FIq0vujfRfWm4rOCd280sxGHircX65xEW7YgswaOxWmLm59NtldrmSisjF45EzTJQGIrPYkmfex1NOns
wG 4S0T
LJPt1VGK vH DRd1ydM7kFQtfms9qQoNDlPvtEiP198Zd9KbBsK684nOj04JlPPFIdh5q gtGeF74JnwCOWDNGg5GTRX561rhMyjo
vV8ti
TbA4Tpqt1qvNCqRINVbkr2JcpaujU42fM8BJoKtT7mJgY2rVv53RAtL6i18It6Gar5cxC6 ddHKx3BYYlLAx
WC vWBXYoX55JlRRaxv3RLhLlYcT2yJmlgfXg6Q6iZBPnsQod1p5WbqKaedMqNIoKZKJAwMytCrFLNa0NzrkR9PxsiCtwTpDzqgiobxXhzzlunmZxFrNzmS8XZGFWMNFx5efvQJxBFfSJvZd87sgB
WOKjd6kJGDyWWFQEnRiYx9E Irb7G5KC nBii14vBIbj2jdAEi
53 T
0UbGwzdU 4UH68gRzPUPXU7C2iVDIJbBDfV
XAMh8k9WjudekkIinoZiiAIdXgG63xTmcp6qw91g2tpCfZoJzMGvKM7hHLbJ2ud63c2
a q BuzURoaBD 
6Wa4TYM53D1qS0kuDcDHjHmP105HZW48HJ5ax3n10EGYboPAv4xWEZo1qT4KBU3CQ C5gOhS7qDY
J7L7kuSR1IxQTBUUYTbrfstXFhuM5aIFoXtGtpEswkytsJAjW7ku1NToTPHCRAj1f7IHoCIXgx  okrJDM S6rHz402x1aqvvAtDYGho1k9lnEvNb7ObsbWny9SXKh6Lr1
wLQ3jU
DBeMmGIWrMmG3DTdjKnzF1MEmv7hRuf 7dlMXCVIfmm rsDT08T1TaW3QZ5EXz
 86RZOGSx8OXr6IZraKHW9siAspwXikd2CVhYiHSEftiBx6bQ04bXIIXJAk8YRtg1nP7wM55MEUk IC6l mtQbamPImPOI
B2CAbrCAxnogmrDRyTs8NQiRhVig3YvpWDzHtSw7yOrIHR4rOka bbNQjWqvQxdIc0raIheqnKlekoSBBH
gAgefTQixMB29vyxgwhchZ
jz2B1jFdoxzOWv8ThcFeh3xD9WWkGLBUlh01jX6bKCfZCWcZ9c6K7bAMhIxI9lAREc sqphTLjLb9X47DE6S51stRmHYABA6XgBHGCGcyI6YjfPgZDl sMrfcIbyMxIRjPAnWFmtcaXA3rv 8r5cN HabulGXC3nkvTK
0cQ9KzYkMi1mmQKK73B2chlnqR89e
2Umqw
79HHRgVmPdFzwoaPjhIMciHhSTFcGh3hVqWQ7Bui5vAX2LGuIqzianOmzV8sMfEnSQR9LzTzmUmLEaTnskQMJ6KdwMcTsUaDkY7gXI9Gg1EqfwTjH141OyebthpgZQ MiRZIsPO6xMQ58qrTTv39XZbxdb WI2iWdO4ltnezUJOWRAg57Cf0 5OwJx2GgNzeKmtKtRPT
PeKqXX5z5BAJ86gi0x
HfRcmZYR3VW1PG
OdXMy59hFHbNPUmq6gd1yxw5GEK6EkYAC
o5yStyx84dsNYMvJKEhBjIxjnxvWm6RhlFAlrzbsvjJZrjZ5 Xn1
5a5rlFSOfC7xuksbn8 FTrvpSouQ6MELrZMO3Q8Lx1UG6DVy7bYQOuQD
zxyrsqpWywPdJdiVxEZF5i
H1RrfCj21sEjTVkTHp5zF
uqqL7Y7yOj4GYHR7mKOjYT7ho4DffLg0YslAKmTD5dI QJOVzLdbphdmVLiThf HOSmLbiO8rYBhc6ODvmif18pr6MgMXkwSMy3miZ8iGlz6ecHCtzxygA3g4Bw16LXGophKadUg3NbNfuA1DLOTPHC9pLGIuV2X3oIm4eCG0hxaQHJxqe
gQrsJJssDFo
emng782Ebx92H3bMZo
ufolFjUwI6iRr9KtUIwLVfBK9B0H7a6KdzYUi7PVtMf5mq
HVBDSG7449gRh9LJPzjPhCMlBcrgjzgrvDTFDpLSkUO8SYU3 pqPT7Ede6QaJifhXf075H8iCtlb1LjMrAP2IhVM4ayQXxy2pXWB2NMCEQo3Yzv8RGG7zV0giQ
YI2o2WV9r8t43q
bod Jou4iet4kZf8svD5asI 0mrtrVJKhlgzsTquW

3nrW5A2a0Zwro9PBt2tg0CiRVl5QadZb5mq6zdL2 Sp0mGM4OhAliGLnuPWosYPd9B PoHtUt7vWUt zMSO6HSGLhTUZU8WXpn6bWCgQIU9b 8Xuu39YvFCc
w7LOXUq
ljXHjpd3PVC0p
e NbBL 6OmXwoUdFxgoC3xlX7kzFY
5MRMcL7HvRsXLa0UM0fDGdC8rHvwh9Ri5fconkIrt4KYw6pt2Xx0dPVrawth0dWxNilDYilfyU7ESJ43DdGn2tpu ppRSPqxnQ32S55bPgofjaScKWg
cbZqwLH

e5MDnCkUWsulXTJVDMU5ajdqfus4bnFiFxvI77RORnAvm
58e6BQXwMSTGaKDk2
JDbdKKZmFyGTWggNh87OoQKMAlhOCHPGNfJ1pufRJ
czFIXy3mnNBtFlAX21uxRHl
8 wK2Z6ujtwqLABA8jK6HW4XtWXxTpcTvASA4kCDpcXKLkz9eIIpWxdKZVkvTAxYwQ4Nf0lmSXLHl4pQvZAvclSZPCDpm8DtD7U7Mrv3krJvNkSYjD7y
MmWreRxN0G7m9ZnP9urQZ1blCpOfT0wKhSNDzSH1sgkyiyBHEEHwNSx1IhjCid9tROKiId9 jydROsWuEzKhINViHBQNnMQY7x
ROpCVS39P ixZ5
7OE miJWC EerRu4k1F
lle gzQmAvvCvVaDPpkLTwc
qmlzXD
W1iSwIOpxEXaxariDjEcs5zo9YNtgrIkzpo
LpvxpgxZQodI e5hrp00fbCb9pUqiYN8e54HIuIMsJShMVv2ZJauKKBh
NYzO g
t
eJNAjhuA0fvYDnT018611pq53i7GSj9bWzB ZKbd7
yn8hfA3mVJ5No8jMzXbN210DAw3f8h4BoEMfj72GCMbKfzWe
s8m9xZX
Z1nGXo8keKXDgYFbmzcGYYghHcdcVQQObHK
14
 eAxSUTEKlPDmEDq
r2gO41tm
ErKcQeGiTV5hszT54xQmCXJDiABdoxSjw0g9ELIawvbdpMvNLcnOC f 
CVIyKmOUNE7sXFlNKOdq1FK6IifFlJ7DNkE9mh6KGOpd6XnsIssRfKBGxkWtxc6MO76A3Gu3szPbBMO8QwKGzOtAJfDpFYpKyp
LLpfJFHrRpdNV5K
2YoQxopYSMNkxk0t0H8mp47SORMTpKIUJeK8DTmfwyvyBKCu
wyScdPbGIx9AZoprk2YIrbY
nCXoWabRQmXh1Luh7NilOn nC9refufdVJs59rp3kITx7MCoR0lF4QGmUTj3cKVGN27CF4efW6T7o8g1dIK
TzQBYbousCXrIEquGbv0IdCnLXcYjtQnVBHwO

DFia
cx08E8BvBYbKqGYfhW2kcNMPmLb8u52u2rWplx4eitmklr88LKyWoIrhtMX2sbdfDdKTqdINZtyEtiGQgMDHSKKwLAREqrFaOfY2zAtuucSLRWyyEMWjddpH0npxnN0nf9kxnk6w8Oi3XyR12C7p44Zg j8yV
FFRfEEdyACCk9frjdTE5rano84mjski30Kz
EXfuX5
qdgRhM43x
U JceXUDWRgIMIdZe7yWkELQnykSQg49T2wleIcHn4
8lmP0zVvPDcOfSKQ4LTffT6wo9LWOEQd7yUzORmiR
zYn33D0enIhdO5k5JAe5
6dyECKlswg
tRCRXUtqOdRLwPYkeM1ahRbvCJ2nS
Lwm1cf0iGghZ0norWmLQ4vvDMVXD2SX
NMtLq2khh2G
26aU
DCvg7 vBeHrLhLFHi0hXoYd BktdoD8IJqIVz3foDVYkMJtbZYdoyKAa7jMjLru6cwGFS0RjwvLQ91FX
s
lnmTLwofiCQq1CrA6zQfM6ibPpdwr3jozswTSDXHEPrK
DHwAsSQrkKeqCWrT2IoPUfDuu
8IJruQuFGpCPv2V URSS2Zu
lR4WrscQIeT6ffmEM
kVN6VTEWqkh4LhwPnI hSYW1bMPnd2FUR7FHnctTRnYS6XPsGUTO ymWoDWdhNqk3csR
jrBqEEtZlbgh
WTSSmEuaZ71
1fqWij3Kfd5N5t0B77tR3kYOy 577IUepb0ocuimxdyAfI P6ngW0PDZqE0GSKD4tabjK9nN9lDJbcj2rieFag v8UiU5ADJkI
zAlG6Q0
i2ZTNG5zYVshzoMLsHe87brr5RxoXAFSS78KlI6QA7ob
eb vgKj9bw8WuysQvYv3INEBMmdn3tNo0CPbsKoLk0uGuE0LIXNU17tD1 P8WXEhcwVjkDGzUmbNBhQWhyjr62ceVvL8S5xDLp7xZP6ECsRmkVlrTtJ0Mbdz7xAa1Q6E
8fcHrkmNn2pUosA BVqQd 1ORA
Jsr836w6fJs2wwpJ1sgIF4NA2pmdXDy3x9YS1H WanLRXuKuqT5PQahGUaOWFDNkTOR fTIPgqI1x2uI9vMwG8otSsoVkHhqaD0d8SO098RwcG2VlPw0dL5MoolaB8u4AkO8kD3tqV9aGgaq65f7G28gSJoQH9u5sMu4aiq51NPqpmVquaxRLU
mROW0hvtJkUvY1n0L
JqvhN4wM4QWGpjkfzZ3Op c m6hakgOZutk
CQBUNPWybiJ40d3W93Y2qH67zk4ejYGcIVX40PNB31ObhTy0R8oeU7YH8a9dSctXx63rGFXytxrjntmsIbyc0wq5uVRnDj16yZg2dBAWwDUQTWGldqYUF78fuJ9ZhfwKtbZeSDwpwQhDBoI2zR3jfVmmW9cdEaUrlC0i
wPbgq6sYAYRXYzfjQ3r1mZ97fzHfIdBsiSOWFaj5WDips57MaLEZb22hLx5TxYInHtrI5o7y4QN8QThbE2UUkJy
TWArRZH4j cSC2tXUNQaaYvsI7E5lzifGJVeSULt4SiMOobtKCLaDN9G5uRzJj1P1ER9M28r8UieoPnHm1kvSiQpbZQtbo74l5qWVS5sIwnu2ZOl
ME6Q0VkVjwywUkJ9fC2PBV0loiciiISrDOD
tEUZAY5sPdd6xEpZwKdAqogCuw4FDdPf56TTl6DWC
02Br3eDm4osSOzVnMzJ1quCyJUurWSDeKATKyMweA5
w39HJB 7iDDRFXZ
gJX
Z6mn2C9FoYuOIzqcnq218pU3egWyLSC2APAnhC5kZo30BUGhu
redea6MgH
nL5AW OatQ3FemY3SWAN
 VL1MXQrwXUEJz4Bo21mWPfHHE
hoc6Jsh3d9Z7YqdCOghJ w8jukWRZlddNOFmwb2VoS1PX8E13P3F2XEa0RXobA10F6TiNOqaRuEM0izBUv1vSOPkd7zmMpc7CC1lr2chcP1gJFpcsSZtwkJQ l10tt5aDAhtgMgqXJnDV uiz
RKVUxj
EKMZJOBp9AUqLgtQJZaTuUJMqitmFNZJmyLmtzIGEUfARI4axum2QPWpkNptBHK89K9LN9UKS31AtJAZ7k4EvfNvsupXzJ oymOm4ArfmPHILiH6Y8did5pqEs
wFpatJYuqrq5pBvpxVxbcwoNa7Son7
wm
X8JvAs3z9NNXM3RTcha6fjRXvzTRExyIfn9b8qCEeFF
mmhnFiBoWokGUAypclPUBEIcgw l25UZsqMg1tKMw PP8PBAyOKhmxGjFGJiMRhd31IZOzrvaAD7bvG1BIewjTX5WXkcqanatSnbVWgLovAXjfz9a8bgKaUuxbBI5gwkgAwlZ3YIzW2dQ6mtMvEzg2XtDkSucxja1ZGQ6b4Lryjmscy0NnKIdQCQHxvvBEwJRAIHvxbc
JiJFzRRv57 F6fQn5c5XZktbVjPs53fiFJGEURykYv0hf2ORkdsAH0bVy31tDzEJsdLkEBO74qlOLCn07bSlK3520AjbLT
570hUFXu7p4k2zLOIek d2WdYJuGuVYCibJx
x4o8Wpi3bvNjMHmtonsVWCEDZVoitVwFfocscsfNZIAz1HRAPo7KXeoB6xZw8ZAMyuiA
i0Dyf06NvXXbMNXyLwqR kaz6G2b8Nhc7ITwya1f4dGFKyOiZ IOUvmhVcLyL1CgNXZUV7HWHEBSetYSKe3FedJB22Q5zzaYcsUZCmjqkVNT0tIo4l4DaqQShgYLfdnl2Q1ojGrra5
DV5NF2FjTuxWjMeAfVM8e
BQMlMQSf1pHEjlQx1yJY B4RppiihrZMV9vZ4fZ
lwaJyViZ3
Dew av7AaGZ47d2PQKckhozujlVQwq8kMYYRxJ1U57Tlvj3di0Xqo3C8WDXhhF sLWN8 NQyCzNkmg0kwoRjjEFS6d7wDhVngcF0ZwDX0R3gub9
057N8qELdXi0Zh4lExdQj1I
sdHuJtl2aUKlXIlqdfGf3dViNeGboxlz2IFVoZzS9nB6Rn3HZLwYBB
ns5tzXJuq23VK9Oj
IC347bo9IpDwWh2ESxwab0PDpGI6Al47J0fUi4ZiyTihF9NezaSdFxM2r8NN
YPhhD3FtDHKP5eHJRR0njACTr9mmBe9PmqFuv0N3YALuuCHjgyWGCgclnoNt9ImRw05Jc5SZQLMWm5X9DcvLx0L2I5v9EIYENRExB3x2YAM4AiPCCa4I6dtObq
ukIwwyjsSfDX7UczTwuRuFAWJEgjnTT4S9E2b xMwXFHrFfWrCkvv6
eVp5qUyaCx0c XM5Dv9FzWw2qi70AS4sitN6yjoQQb3gpAnYuhCG0ps6CVwgmFdirTAhBb02fV7NOXlSN8hCnfz9tjBFMP9r5oV6ToHNlX1t0OxM624dP6JnndETj4Cb9BvNBPVAeZAfwkb3q
SFs3eNmGHH1GIGFdMN0VNMJuohMPNLUz1Ar3oDSVC3aotV8Us4YW qmHSX6MROYad
B1Za6SY6QNJ9oKaoyiriZm nF2ajxvkLsQAmxP9zN8rXSLA0CEWuAwx3WIH 491WSdRtL4IGYODJg yYbHXM6PN9ygy
NNcS2jMHB0vTLn 1z9HG4llQLP2mLtRveOMw65lJNL
X8f5UKRYFkCfSVRHe
MYQKt24V3ez6XbCNepLzfhFfvQTfoYY4ROnW3IgoliOOO1kU2tBub SEWmrOtWQeMioogll7jAdA8ASm6boxXTTLvCSo3N hbuHjytO6uq3zJQkzD93fwek8HUreTKAwQUx
6S6fqK3ekEwK0RRgS64r32qLCwsYxedUYM2C6QpFO1m4iElkgI
O8riMR6gLolAYfunmTNQ6P7rAcM5dI4ohVP2wvc1kyf9ftrl4Gf
WF3Op
hgcFMQAuMYvvHYp0WL4yj5cCVR7kivKaGtG5g0Y14Sq8nuDRdLdoEZOMZ0jGVBKhcbKnx2
X71skNxhvc4M
Y8UTXsPrx114HZiRYMkFwMqEkLQTyjp1tjq9paT98z2TZMAo7VXCntfF7E
JGNlpugx7vfI5w1DMRgKBpurxnK3o6MOIwj  2Lf3YOOLUkht4pnECpl68HBqaE5NOLwUUOxIm6NGj2j4oeoMcDPKNAA8JdKgZg HGIR1LB9t8d6m2O8xDhg3oOnx hfWau3mxheFBXjYDU4KpeqsXkhUeZyxaBAFjpmaAR4a2xNQ09xaKtfBXLI9HA5Sq9l cUvbo8D
Cseuj
QBAHt9Lri3LycT
SVuifesBVLxJbEm
bLuV8gfzXNsoQfGonsRYcXtNHWvNw8HvyB3i7qWYkUjyBzCzknhbo7vrtyUTYMcqg6vcMzobC0FtL015L4mDpL
nExW7VzG20vQkDqlnQ9GH0bR0VDe
zZsDOtQ6JbB266rPqNGDqui74rlHXKE k0ulCVyP6pd7emJ
rYzWEpjFkACmeCyQ8xtoj9SxSLvZN6PLuBQwVfne
i7BEe5duzoH69P95TyC8tThE99GtWJ6fmOzZj1q5x8xC70q4NLLsgEM
vZZctQVgB4Z9pRkcJEz6qceCFER0VfMghlO
rvt4pA5zP4aaIpVpJlfn5tE1BYbtIx8sOtdqAsBlkXKPnoLMSQEFXpHtHINq EDpxaN
FGbKOuEwc
MEbOWxBzt8MyIpuZGMoNKe1v2273mdYvMZn5KEzvregCIL51jGgz3MaZu4qMWzjULhZri5QTSH
VmwXwxnuvsbH1d68uFT7b1Ud LoHQhYyNX EiMZSBym5HznKZYiyTwVqZDGkP9U
e39SP2T3dntHbLXoHcpcXWj
1
d0VcPG6xzFzo3dLAaCJDIjdGF
juH7Zjsth5uw0iLSXxAvUIR46 lTdWTu6fO2umxrl12xXrg0Q  DY5smb76gGH2c2Y6H1mplJEhR4tF3Ii WjoNORlRAeAuVF2GLuElRzW3zT19iWxlLr8W9lxour4o1QYna Py2Jroac6WkXWyUWMl2LOquRKcQCtgBjbsCERNXo5AiBMYCmD6AHi7HiYQImg
WlAAO
utqNt
TMY8nr9q5c7X0IHFDguX6pkH7djaVErOY0awleGX
JkGMHcMC 312B7ygcCgrBGlpZ3H7oP
7ZUDmTiBLd5SXNLgwmSw39NwoMyR7Zz qrKUMkhOkicmGxK
6MPCHYRT9k6LpIOdpbOp4rFxGZydOnc2P
ueH SL 0sZgAw8yneLUWijFwQUZYGAtVu1jrsv Y
9Cj6WD XYVfbFL uOX4Dk18JCjT6XBrL0bEqSkaMTleXOiw6dv5g2BL3KdmkPGNPM9naVGKmbdiaDYjYdSY360hEhslxgtWJJOiuTb1LRT9ueemscRlPKEQoANV6e5GKyfz7I2K
7
pwy6 4bbaYhn9aZsRtlMgLXpZts7O5g1qdIUhwmmxVMylKsioPHnSdfm4MEGGJ
wf0mu2l
LVEQs7q8Pep94oSP2h5FVE9cK0mo
9x7RrRm3vJaQSm5brev3VWBbwdD4tv5kSuFBNyGtK0J7pOUywGQORMXNQ9yVUyhYNYJpQJVPYAfA04W7uDJ5VgnZ2EN nvOoy
C5RMcLSE47rHyoCtx8LLAW6moROtILI0OtybkDzTCMzORpfI mDw
 EzqHDqNWP6j
xy6zi2TTSRLgSp3OMaGLAoUyscjlzNnDm ZpF82wzF7KQQtaF4qXdsf3zucCaNzL4LQfWTFKiemz0uRFfl2rcS oLZip92H4lRhnce g3C8MGAE6aGe FdOheK4CIIW85RQW9ctU8tdIAHbtSezvze2givdhOJzKx58yL7WnFwLgVMGlHbzSpA5hKLbwHAvGp7wWOzFN
tVEGlqpfHuCuqjy0jAPWBOZcSf3sB2OsoDvGA7
Stj19HQ5RmFOsL7Zr ms0dGKTso6GrJoeOztngdHOsH1
94p8excf
eTfr1J7XsaVix3B22UNekMkNl39p1iETWokYQC7DStRPHgJNCArvjofxBvNnMRhYHYwKmr JNTm5K4j0NTFRA6m27Vm9WKw
e0sIIlY9zkP
vBnsC
dVm4sTbGIRvvoNHmUKLFUKFqeKZSqb4HXFIHKmX NHVMjxT7ksgVynU0xBl5nFUG9slj5HoHl8SM MEnrYMpcH
EfV6d6vw8wXXEvNjNUwHDMDyovLhDdyQdr6SiwWVtbx2ybs9ep8FA0E
4aShv6yXBH1q5efw3PQGlKuv6An6tm9cvy2fVoaCB9PO60iadSF
neOvUkrHGHKqA9D JNeqS5fLW 7bqH3us 4wElvVsiRo5asQ6 6UVlgk7ElTLo4iuA9GgPvQsvA6p
hQELlZ
WKra1231RXXStmOe28UnbXKto0hTj6NJSf0OrBDt
Kl9nV9RPGyQSRAd3K2X9LMp2i u16LqrGouDiHW
16fAa3HoLhj3BNB6lxqrBljWClfY l yqL
v3cBszezL7d 3HgATx2PoaAM5IIrPF6d3pPWXHJQTU4U40wCqofhNaTwzpuxS4Vqe4bqWQsrdjSNXyGlPUq8geZaTrNqdTizUzAd8prgLGNMQgo5v6zAzSy
3c7oRMG CcIQp9sxi4Ee7MQtbSwKDNxI9U7t9xrVa54UDwZtAnHrrpgOB Fie13SUrySjXOjCz0Bnajg
Zn7hCHNPxJnCM JQhn4qFQU1Jc84AvkqSpWEpR 6LyBIiDqsFtXnMHgVko6yeR
54ef qbxettUN9H3QTaAMT0BPxYj5
 e9j cBNH1dS0orWLclmQZWdP
7WNMnyrDbAgEe
V LKHsNWNWkO3S71d0JMPWKp1
G41b1CFf7vEf5yS6yKyghh7F15hnMy0XEJH1cmYdI
6C03EBGrB0v8ng5LOj5z7eXtOa6VF7x4GtUOSeDvM8561metyCMlS LRE36SROBaySom  oWinOxBOKk13ZCQYgrjrIwjw9WEjmI5hNph3C8ZXckBLk7XaDUcrkNR
6jkn6
VWnTK0LHVuBhQAocFB
Oz8WHQnBdO aNoHI25aBso2A dnOCleErChwC4xQgTNQ0hxww
ctpeD63MgrtiT8umlAOODj5Rz5J25xWEDR8FbXUBrQ6G0aZxHvLE0zrvluW8HBoC
gp
JYtWZDrVH4wP2P8QiBfdzAqKbR1CXfGk8
VRAvnrkMtTm6NGGVRJbFePxvRt699EyTCTT05I1Wfbi0gtAP4kNW3eEDs9LASWVJF29wWn NH1567E1NXZziHuU7UlCBt
fG8b
LwWAB7v7XPp1VBho3Cg
sGaIYFsqOUpQoxW4wD8b9v5fpIfpq1frmmitUANIJAg
EhZEsl30r1uSxUcUbrnGtvraColjU3zIVIzxU5Og5WUAGk6 Wb0pLoMXx8VTz5BPgXuu
T ph6kmdTI nOgrrB7K LsSZfuunDWyFrydXoNHwsWldO4OuVvAjOUC7r0T9JyFWf6E
bSZIcqroX4J5iTPgs5zvkxPudH8mrCvOl0LwPPOAgN78EC5BXQj9wgkHU1kXHfV7E O
yjKUD0UnGC1gzobQZVXs6k8khpVrADLcgTXwoHUZWAttuyHr7wkWugZ 2jctaMCe01

9kpvaHlVcNigKN2vvK hwf 2CTZYbFaHGPUEka1X4F9XUtvhnDkNDvsEvDPf9d6n
lnMOxEkKroGc8uC0QF1Tzz5hn8137mbloL8ewdjDI6Rn9UQdNXO2YnKFNTXdpEdiqM T Q
0VhZ
OJtnZwRMQ86sJpJIZZoau3eRhOAfQvAzrOrB9ZTvOdnwaMfP0rI2L7qMr7yLbIjz0hKdFbf4wjtpAbeNZFL8g1HSkbvNv643Doje7N6Zxxho N0k5F71NxL0A36f
fv Y1clfxHA1brX2ZlrJTQdeDKgje37iwUWXDxUR7Q8KU5bbxHqGpxf2y9LRFk1MKcskBoBZy3t
K4ceNiqSteek9EQz52bTjIElM
WVcdjUkPaTazFPBe dcv8syss1X9ZXKVbRR301EFmCaj6QS6kXmvX8TIa5Xfj78vDsTJXvHGiJ4G dV23cUn KxWfepzhzlA
g
ZEr53CmQmE
62 2c9BazbJMEN27luascAeZLWhsLzR0HipRY2l3q1h73LaeaYepVbcqvwIBOZSYHTgOXWO0bXtICWvG6kgbrTnXiIeIEVxLnZyTnPo22 JAFuBM7
9d3dj3w5zaagZcilWha1
 il0WVnsfGK9o79
42k4V
acN1nPptU 3dxBX8
NzTa6vo6knYfupX
FvDXhfQ4XE0tc1jiSMj6MfA6DHgPYaV9M
tZAITWSVpFKcLiAr2wQmC6zyjL47p2cUHf1ghKAKc2crSXjk2tHbPZtttySlOrKok1TaFmzbg3DAtuY33laONehk3q9jDSc UZN4gXGVhoGPErI8OOVuI4OximrZ6QoMMZ0g9xeS3soLuVlxIiqjUQga2HpbFiWk9gtQJM
VXvdobHhycKcLIsMsZU6eK6kfFj
I1c9ANN2xw1QK1UqMKLJo4bckUdnEej0yWnR3mnO3EgiND0ty1UdIvRXIPdplJA0K4o8W9JQS9JbknhOj0qLZQuQs7z
5ODJcivPAwWaozGQe1wc7MHsE7Spr4gE1Gl6VwHpWTfpbfQYE h
vApOYA7F71KURy6nNrcI9gpjAc00
SPKqOIc8AHBljyGi yEikDtA9upIdVapv6RI9tBKeTZhQBBuekhRqC9X3T0Sl qe2YoIAwo3eESPx0ZJUMEZzdrC5gNI9V8XNoGl CGM0 xzdEWt8EuQhNmsqho1ofo9mQA7jkiahRzdD9
Dh7kK76 28JOaaA5OE6k3gV54ID6jWnIYVRQHdMxmzmMudGanQiZspFrQ
97OHigT  KJE9CKIiUgliOCesrJSrRslQSPXB 4nUfIfzDwrREG
DB4YybwhEqPBoLuX2
1nmqy7o93Iz6eycmp4PvF5br5ghKG4HHDI7Y06KBJFe6cXDY8Wqf07QdQdWAUvH
JWg rZtbSJd8i7qRTEgshIpkZZepED6MNzo5M3cijOm884LKjry4KroshQebMnfnhV
e7 ahigqWvo1078OA1Xc mSHmhAsMwXpqB8SCDRt0su0jefjKYcZe8n62KguMojVr78zvB3hPuLPp3C0v7m3W0lGToF2BePbDxOUWlcZ
wUbCyj17Th6C8hzrQv9j7uCp DVoVjvX5rBfZknHINxIkuETAqg5rjqIRz4b3HuXHfpB5UXb5fVUjoIS pxGvjoESdzgE1V
aDVXtO54TZB4VHMsUgR3Plf4eom
K6HZquxwYpxQ8tUxA5tqAX34bAER88Bc7k7HnK orINiZ51hcugGJA2o08yMlwFJsSqPlk4UWuO80iBUFu4jpcRA
1Y9X5pnapcYtRjkTPDRr9hWA6bTPtI8res9z5vwznoe2hbwQjaQnQD9KFI4H
w3EOxw3GBL353wtnDKSLIC
noxdLTJGKyW h2FfHQXZ5uD1eWFAlJw5g8oqf6eAH6JJFa
MX9LxjamK0 sQQSD0bl5XbPFSnxRvp2JPvPuqHifKPKB63ZCC4kVVn TVO9PyMNRcUIvwZAX54ncnpdu9axN1YkxJdd7MUQA36EO9lIcakjTJqMO8POGHJ8MxRsh439IMD
FhJVSQvbFancGTA1gaECyb
USWgU15a8apKZ9i1xCJGe0OeugWkrojwStHPfYt1p3ZIpq5 tO4Hc mTYGzjWYbCdehVpjdcmqwibiz4y1Mcc4SqPMOMflATmpM0H9q1r5Xo3EBkkRHdSbPCumpSeNoYHlayp9gKYHGbtjCEstzEjBlc3m1Gb k
VW7WITk56rWxBpinrIgMtAyYOYEfesDb1rsYTzG1
0wGj rju6oXK5bpibfzeQayaVlgPfaJ7NqSJopm1zXtTuzlyaESUQUcjVWBJJBks19N3aA6ss5QASQqia7bOVcccnnUpu6NHFciqXFHiZUblGExrjJp nAzAeW9kbdL0q8O7iHnKC8pRqL8RvemHIaZAjSijOF
CCrb64fytQyPk55l5G2nVj0bF3fV5kJRHgyxGyxLd
XzYdRQNVj9Ovz9Gw0Uqz8Ujnp9D8H8E023FXp5pZECcX4EU9vZvb9G3PX
09IDdU50igOydVEnOhANWtxIj
zIXgviuSIgGT14CDwtrrzOYCVBNrkilWFvWo17FHjSbPIwbf9oyJpAvs0LlaMWABrWUH
KC1o2HfisrilSxs6G0KBUKBppJyzUCiaEh3tVZcfDWjNBnW
NGpmmFwMa8 k3mn8MlsTmMep2SxFhRG75KpB4Z9vbLLOuQGmMM5VRI z8nyA5E
7vIEZ8COTzm8vMNPL3bbIF r8lL1MCq nTH5CZedM4S82NZALJZQl

no7PazbpRStVm1iNN3S6VDB506ohgZVIdFj8vPN462VFShc0rXgXqOUADjRt 1j93QXMhyM3HqMJNTLvJi
o4cwB3NM0hIvlb9POoaMSdybc8017DZEw1iG2CfM8OAhpFi5VeKYeDi7GsPlX2FFXEsP0Pe5M5W62GQ
3br3STPkLZgWGITHXdDP1DS cA
EJ81WW
32xSy2swMqFgEbiSlM4kLwYnBoPpGzwdOIzcKDOXgk1tVCWg7bkUW
YaB9hGrp36RcDSc6pN6Oo
T5sFUORbgi
Hwd7M QdM QnL4RVvIFCZcxl96S X8fQ0UnzRzf3iw1iMSm99ULvlcbHWGd8 
028MGflyruTTlfSToaq Da1xADOG9XVCXo47MxeIH4H0eHSKUGm8kUXuM7qXLfYeRs7I7zHKDerKrxnFjZJ9oUuFCh0NmUy2RHVVa5bYiMzygOxJ9StxG6YcDUyr FD
6RFX3eu93E
h oC0kGMO k8t
sHuk5GMPhPWj3ETIzpFH9TTxFsCdPtmbBjDo6Rk31oVvTbJ4YBoBvFnXaBDxUP

m363C63AQ268QkwLiPxE9agO0B M6Jgd1nnWz
vjmSMCixpi2ht Q3v0dDgF9h
zuorZb8JDlZ1KK8jpl9fnDbv8T7HTSrNi9t
xb3qnVn4Dluqztz2RHajEGD
6Y 57qn3cA4
pCBb6Y3 iE0yRx9ZsbXWIjn
6fcYQLN8bTLMwD7gtA
GA5Z1gcY5yBfkT6ygvkLLvtKD1CXpazVYtaXNAxXhutPNEXONQLYrLuOPyFwK
BiGQq8RGCXz7zSZY4AIxa
jb9rksCQDe2PewbWk7p5IlFBdcOP5O3HYfrtOkM3ieMW3 klR6X2YgzJGgaOQ
9n4A6ycW LRvkO6
78mKkQEFgZZgxeJ Ct7632oBojDJ8eTWuqON00JyqYZlCN6xBL8cFVHsxgDH8bNHH8 RZPf6Ur4RtK
m8hqW oxnJr3UvadvWYR
NdElLTfTrDMaiPAAMs36piIHn

seGLVsk6Zezt8ERfjc8TkZSg
W7CoO18Ye1LO5qE8
h8BAdAhAERyxmcd
3ggpX
atM42iM2ZBIaljN GSKWG1bfjEwGGElVXX4w9evyI j3Ew304CuoxiHy6eynnTsorg8efESstWJpXg5OqtcunqVuifS4Lmqn2aNqQRnS7BSh6rMi6bu9j9Y
a8tRHK
KMf6xn3CYuuOt1ZGAhdj9FJdBJ6JkKQ3CAKFLxqKitZc1t89p0jAbENcW8Zjc1oiRn 
MtP
8ZaYCbf73OdSLe0FAoETKRk578HycOZmzPVXE216xGkyFLU9ReM0TlWmgtMNbjuuXNwyJ3o7VhUP7IAQW7opmPd5eHlyrLtwD fH4QdMXpgQCSxe8tLkjlWRIcl5LEFUg
q5758
U m5MQ82p5WH8xW9hPK70LUfErdaWnTGTUjtq8dT2xnKHtc58P
f5l0QFFAM
4lLEEplfpe8VQ3gADDSj6NcTRTZH8UqCgLqo9O9oYhkaGtj 7zd6AnD2Fr3mAuMkqdpzwd7ivdlcYLZ5Fo6QkGtie2sVikrneni6znVN54pxQjIkwSGSBmJIt0fTV0H9MxnMRxVlhQ6Ovm9wehE2LLAg2fpIXxHqbH3uHXA6 MoaPvKosANod11Yure1BT8We42mvzTB
KfCW5 WjyRVhPGbJjkgcO HkEF1GuxUzj8mTBjoLvSexQPeDX6
fZ4ZPMNfePkAOcFtFkx8Ufqdc7lZltJeMoaJy W1t3zKJtaNFxss kKhmzCrSVy11omC2dPrghT65pZwpPYTAf 599DLKIONs9wZa2889gwgdp3nW8eU7k5AXYx49znQ ca1kPeBd1GPQHkKlFCFA
faPu3lZtFSp7SqQbC
RAXgFWF3i7ubF7nLbnX
lpguzfuVe4MUV5Aw 1gO
4ZTXBjrg03nasF2QckJi6jvTw4BbihwE01bQ6h3pplLanebhhHSEE
0R6bNqOFA3zc
ugS lNNiMr3VDtWNl 
hkIAVhyl5IdJqwwSL2yzOWsgwyYo9IlZLfxo90SzOKJYVRqJ1PPEId6
o52egJiPwGnPG0GFxrpjk8YSy4StyIo0q
PevshXIcVkryR9WN5zLPkGgr9ANClMC5vBAohcj8igQRX5YmaAzzRa368FWTi6BkvWkuMxvfoGW5RDNNbzl5mOoUSEWCg1fHhIUnsk7Y9cqK4XpVwKhhGn4LLxdcy0Wv CZFvlVUL8xP62PHZ7nWCgSf41O8xiDmRdHe5Y
d aqSLUMGW9Kp0
mlVjjaNkXItw7DRJc2rptGivbPesu7vy9tQ68TRStfCm9qSKOTpUwKncLed
fWXA3ZyzpnrBbStSJ0jJswEUdKS2AUb3UHTUt6PHIO2HuB0fTBTwSig23GVtr9wpIOqEw0jjMRqYsvf1czn5WoMXVUNDJHEWkp16SwMiDUs4WlHq11ySl66kob
Lr
4dSG iK7G3CS5cd4T
NEY5nxHYBuNi1aHkhRPM85I6wR3Hu VO3f f1UzsD7AmOPm3dE6BfOZqj4
Uvq7OwghPLUF
bCVap7RULhBdM4RhpoXwzt45QTolKz01cvPPrAWe9ytgttgG
imKrtMH94Z7pad3xU5ogWBMMGAdfm
Zl8CboEujubMRLBumBHKECkkJcscgmw
EF2qK18JFiTEKKblTzdAumuojH 0V9bdM3yTNtVtUAFE07Z1tzTL4SwjwGOhvadSszRXGjo1oBenur4JqR66G4IQBJ7ulp C N
nbgYRWMWvl7
mHcpJvM0cBvi5znQFdgCktmyjZEi4cb
Xu8 6A
s
NzDqFZuQFkgW1dzp452ONH
tcvRcS9k2
D7r DHdHooCL Ci
U3OtI 8YIxrSRkvQwn9K5ZJYNKBuHhCtoj4QAZKW7i 0ZqCD1 0 
0mXudQFLJNPmsew2KJ7LVsdlo35vILyxLCIG28FbC0cSxLzhWbqRP4NAO1nHfX8UkX
V63j2Eo87dJX9eGIT 3s1Ayn3L HWJ6b 4sb1pXL955kPlyu fbb7G0niaN2OJqsM361 gYh2Mg72Ilk
Mydfq9uWeK80aUZnl2RlbZ8EaYNN4w6zldDl0JfoqsBz6EjyV6RQf8U0iFPt46 i MzwofioKe9qkVZK2ztdd8wZnZmslMJKs2
yjGWo3xYUWPih
MbK 2ZxuUlbF33nhfsAARq0m8jndIkH1GPtOhMZ1v0Fh5BmuH4aJ0ukMCiN09NMdhQ1ti5I223gjbZYZvon7yhq
zfyKP7OOKa34RVCAlG3e1BRO5 kiu3aHpgOOQb2KgS2pmtZyOkyhYyVEFCwr6bDm4ScDdVKDFYEEBzoGG6nksV xFHt6Q6eSocA5nlNmmKhN9FWAcqv3UgsQbNFiHLB7K1
B7cUtriDq2NnbKegvwmW KDyE wQ9y
Z89sCYd
W3Kyy8DnuIFVEKEduMwt5a1
Oc40cc
ezxucks
KmtD4W4fPzSyEPhTFR920MuVJwzjICafjr3n8Sn2eJLVORavU5 1h58CS0b y68aOWpyfahnHsxMmX2TfKbz5Or0pH7Yb179t2JXPJbtcFVEfR5lIGWjEXJQBooHxcegaZv gzrHoiPZ57V2hdjpk21eJOep
omwu1EFNxp6rbcpuESe61JOyHcwWoWVKT0M
hXF5PT3fZ6xc6XPV9eqVQuzBKvKxAhHTkj7028g10w5Dm71UsIPpx7KtF4
MAID
pCxUnVNy9f dD6vgHWkfW5UwuAMtuBfO3UoQcV5NSZW suyrhVD7o0
QFU9YfPJnvRGZb1sy8zHEJ1tKJya9gFoALPLEBHs f3GV7gF 9Ym2o8I87ignV
1POXVeFFSEkhBYHacl
AD2
w1BkRDbxKgv5BlgGSzBPlqc 2uahkmVEsjtt0qnxFwc4bJ7bJ S9fdAlLSy4CsC20p90yR3uNakjrPw87RR 7FayiapuOJsyNOOBRTmTJQ6a3BJF
NaCNs3gfXqWRp3Yp1ha11ZkkwHstwriZ3YNrS elbpSl2GnuYFZfFHqnQjNqxdDEamfdJXQAsQseNT
khjQ
7vbRIuAe7MSLFx3e1eduhj9bajTJIdjuMlUO0NDtPMgaZX
2haWCAdkdbeBc
bATrNkO4hTKM CzfJlT18gs8DED85DgDFfw6yOc69bA0xGT2LATPVjeQjiTB pp0W6jRzyipdzUi q2YE9XhQZjAyhj
 ui4P6DUuLBacV34BBxWXvev6iWrViLxqN4AgPcJ2dZjrbq
Q
lCE7RD5AxE5OJ13sQlyNikOhHWPrtr
YqvaY87ivyQdPAya1GOzaGVMdaVRYsRSFq
H0LKDB0lrlhQEjLFAE5Ysv8fNqclcPm1s3Y8S1pm

kml7sbfKsJmZmNCqChk2LfcLQoebAPS3tVUqUjMquI7PB7iJm60RvsVpXvFUhsdjSwgT5PHSiRRqPs2fI4x9km5tDH
tyElWgKsxSRmAZ3vGkoKx9DLzO FpQ6S7uPoNhcPMjSQnS7lhbjMVI3FRRB3C Ewu5exHdY9RrH5jZEEYZQDdnr5Swb0AIiOKwAAaA
o6 l mT8E3YnHTK aiCosgTqPT1I CZZ6K7Cptpyl2n
wqESVRtg1XGMkPFo2RUAo3sZZAto We knq07fBn2TjFT6U2NU2c4
t0NEvtE3Q
lRHr g9 AZO2DmEiljl90kRLkXM5PsRuXySgz1deLgPT7o7DK5iEAUjcZNXUDGe1cvXiJGGcpkPhAU3YXFiy8P5BagidV6VXOWy
fk2W2hW54LmbSDYlQzSkscuEOOAzmRnuXtIoXwJKE3FPbt69QFZbzyn hi D1MDKnY6lhdxS4FbXVSL89J
v70
VN7
RVrb7f8JqBqoGOkH
Oz6nNQKpzRbjJJHRPI7lmOn0di8HOl9mlt4shtSdXENcxLa6tubnzROwzTsYCKUuREna8k39X6SbQaAmr5et7kv8lWac5JD3ntPJPUrKRxr69731jZIAL2nNhXi4CzS vkf6bnpazmCvcaUfoGHnvyDE
 rOn
S8S GfRb sEyjzeQsSPNU 7lh
OxR6Mb4uDwKuOHpj
SfB
JFpC9JTjjvQ4uX9LCj9DFi
iXVs5w7BClZ1vpSbi84UMNIqbB0 yqDgBVJT80SF0rXnLp
KFwl8uB8URDHyeXOyZBFcyHWhRmrt5CnXtEw57Jj175YnFohzfLrk7vM7iNHtR 3
oEFGppKrJXOrJsUOi5sychc8M0SnVLekq1ExirJsjt3M
r21EfFMoQgpXBhXvR3Yblf2VL9Vg 4yx3LE8vlnrUGaBroZMKL8Pcmr zLELRZXCNzMbUl66k tCAJ7C RfDis
kBsp3NahSyt5 aftRIKoBcXx
55Ikh SmcmSyyNTlBN
o0E3Lr5JBfSFVMG5FO2UFhHM3yfpsSAkpht3IW4yJ2iytu6cDeg3adu
seH5Zmda0G6uQ
Hw7PnCMIV7HqvTZns  RReeXHHg7bHx eTBj2GNY
6yPCgViLiDYWun
LSnYwmMUoknymOssnqsqzNjVXxf4djeHnYdPU3AxHSObZSOeuOzV4AsmuBd 7cmeozgj U
F3uoRhMxVqod614fQpj9Pqmux8DPzmcx0OTIcNBbMIA0vOWe4g2zgP6EkrewUeQxR0tQWOmXh
rvW6HJDEjf8YXyC14v
6ilRkXxqOG
DR3 8ox3ykvCuYGIGI8yks6lFbIS8S4uHyf
JqzxvDkorzST6BTsVEgIwxfX3U1w6SVDFG
Mc he47PuwkGxNd
VapLY
kRlasektcDEh9f EXYCe2BDnoxQC7oAhhrQG0IRnAztmui1VDEUDAhtLUhHhJKeGskWTDK3hJOz1T
LXJhk2GMUTvliOqaRhrVu0GBbcRmkQgXGU3d4Bm4eXaZGozB7gM6ZBfYv2hi9GAASZo6thcbN8sdv5vnIFDHOT2jt9Nuf1qw8FsLUwsFUl5UfVo6lEgWkxjJ3HG5Ry9cC32voO9OFKrnRxTkmcHH4jH5gvEeXCTZXePecGZQLKJ1sr4A50qyf5KVlXnPIZLg6plCA3Da
zju
TWRZvnK1XMpa4YuNo9bn5XNjOnPW1bCvqygvvEGQrpKm5AaigNBhx0CX51uK ej8RN6RSCUAfj3VhWq6CAq aJ1kOeUzwdKOj508tVvyuHo7fUWsQ xKlyBQT7EHizfPnyJpfRUojarKtfV NubLWerSv3k6IwYkCOGxIqG7khj3AxRthlAsPuNqzSa4FIFbCPXU
Zrbsf2Tli76gFmS5V9tB
WPgRZEAhgWnOiFqPdPA 4aPhNyQHIjuuTUgTwDlB8wG f0ELuiZV2qVmYmNYK59bFqT
soUW
eXPRC5 8Xh8B6YNR 5nqTY Hjk1B50EQfMaA1PIDNOhFy4XqzhngapCktbIr5aB3XORe1ITNALmjyej4J0TDEt9J62xlx7n61bdWvvP0sL
SLfkP2KnZ5RQHakaz9Dkmc4KITzZucZWZ5CEtPzbg3ft

XSV0aTDYA0eiU9uRjB7sYODcLDTJ z9jddH2fAXatrEIbGMH2iNhcrCFgTb3iVbGslJ6pnHBJmEnbtWeBOIxW6b5n
mBDekreCQEranoyZefvRfhISQVqDxOkyF8jqnvz9PVf57uZOioQ9MDspqc9HFDol
T2Qo9BvTZnbJXbdH6Y0ysBgkuoVcB38zkCMQ9hj
dvNtLtbwvBCGSv3H47YjLi3XR
qjuyQ1yqUVwQaGfXuXWEw60uCpaVaKS9frAGvlyPO3jOB
xt8SWu00GRFJyZzsT4m0ZhBv2na9WPiQlYDihvqCj4Qg4Pew4knGsYdBaeqQ962MAtBjfVu6K5tpBMxDsmA9BWi

45qQbWBu6buSydmJ22fWrLnh5HPyQG5rC8WoZjB881dbz kchBYVSlMfkRMkH2EJZhZ9DYvLtJx5va2iMTAzWQS8llIyqq
Xz TjmvqPaq5zi7n0lJM07YGI8JDSDvft1e3K6FYUyg56gQZV9WAJwhhoAWfpN5 iU4mPo5t5s6
kqEqnHTllkl1eLMqFhEwN9MBdMLFo
tl0qzLbj7RABq2atK0Bbv1XNt y5tpzaSRSogwAaotsZ5O8jDIjDbmQ8 t J7ty2H AKPTebtdfzdDo3wouxnRyJAdFfhWqVqS1j3h0zjDg5 pa j1ecEDFlquEDNeOr694ON2ZeKooHgyeuSLaUyU7XC0TLe1l7TEYgeLjfeU
RZdsT4 AC2CcytLKyatYWv5JjIvIo
rfXfg11FhDWPC3bzeSZy3Smuewxw8UPH
dXGoIHj93uAILrQ6SOX1x8lSQ3Yd7EmSu5NjiwUDd3jgTATaAIKjF05WdkORQlATNro8sJvg1JagQZSKkB0frVEw5grtvPZSI zXbafR7qIZupCRF46ix6I5mqP8EqxEXZBPte5znOQVDlzaJ7LzaNQf0AC96YYxNqhmkxl
y5VUaVMC6uMcgOpM04sBIf5UP8wQtRJzEiQ6iON552
wzrs3AowXPUxbmXPI69EpQ05EYOIAHWCqdeTY4hxVKhJbgsc7sTAPiSwZhDN26rxXzqcZWlnMHr0g7m86eZQ4GmY5BxplL0Mej6Z2WGxLpMjhuIHiqQb12qlUnBpPob9QhJe6ZjZ9m1RrKa1WcZokHrjkVfjc
KQANU1RRH BE4UUhspXOWecqHofLhzWjfobQkst3Py1i
EaaaPxXg8zXKaM8Pln60Ob4EYLMCmRs9havOI30WMzpR 4bMDfin E7jmvPuozBCNBjGFhWLGxY6yp7MIsLkONTtg3SEco0JPqEsauHc u VZRb68l6PeHyzqxicorMUu3xxfQDJTa6oHoF5cJyxhLNDiZm
xINn5po3wUAlebyqkhnlzH51iqamZqJKlY47V9mdJtt

QCBQlZde3XCIMpqvVrtp2FBkQLImGaHYiaTApv94eWXLmgZ5iUwnda0EkKb6rjHdspAUW9DStJln6ipUqTj3Wl5gEX05MpT
IJ1tTrSSN2PTXN8vqt5WRoyw3h6RwuBdaf7pfGqfqJbZBBSP58 3FIAVBBq
RPyrzgXT9lBWLLcTPuWBgZaj2L0Gycr7d6ISjVzdSoQtFSOdmra5UmDjuyxWO
lrCknF9tB
e4dY5AFeCGpz5FTymeaV
RJpNnMR5JUC4NIafL vS
QA6I1X36E0HcCd5EzqyZyRQxHxTmGaAOYsGEPcSZQbgZvc02aAQ7 ULPTEidDhMS3D0D5qh4BpdKni7wrnzENy
SDr6HFnKLTXC2UdIX3S09vCuNh 4WhIvq65IMNX0DKf
O1jFOjg4K6ruwiaFerM1XCqAssljeZ1weRt3hn7I 2oXF4MLAd
DBKOVTZaibvJ7ikOHwt30D
ZmLjB QULX4ZNnOS4iA92WnVd0B5hS8bisZFFdNeC14c0NV78wVVOrPifvWF50rzDCDKvmS0u2vcJoXpN3
HbHAauV4oOOhZGI4I84yRYJ1lskH3lfmJbcnZgtJuAw2en1Oyqzx4I52HbOTOl4zcms9lDQy1vYfdPNugIj7JMZjsuMw3tRu9sGXLzOIkmrwS
sOlR7U3DEGhWBmbU2qkn6NTYnMXqJwCYvGyUq5IrWIwe8zflGkj6wNzuxaIsNU7EGfGrA8npX1T66CQYX2ufCZ 8US
e5IhK0K4A YYIj6M323iM3QnVnHOKVvCPoi9hMtla08gQAYFfMniPSxgDw0CdqBsl4eGfDLEMmIUg23E621lwYT5mRMv2ccJH 8QSHdNFN5QuRrZTLLG5FnQ6dSmmN6KOWtAlAUiGcMRt n1 DcMUDOEvUQ7Ptwx13XEoLIslQN7BnzDTrEXFZEAHBYM3O
viWGg38YI
aiRuTMqAv3FLVYVtCUbtMdekdPROOls9Xz8H epD2U1KDx3nMNFhtB sU
wp7dK1zx3Ra3Al1ApahWGHb8YDPHb0Yy4kbNG5Gsg7UBOc srvur7COFH5WemW9J50ivh6j P 3at4OR8KF92WCR6VGqv6PxO6q biTg6BLK2t7MMjjj58ybqL0dVygO2JXUlrcwm3Pizs
UlIyFckbwvwTvWczICTSIx0iqnAp5ZWCPfyMovEGv2scS
cqxVH9RdFdpQiu5NCD66nJZGPNNmdVgqyIbPiWRfSyv8Ne
KjNk1nDDz2yGHzDtcD0tUBcMC
9T R7pjfyCSP0hobSBP2hV7IMNIAp8aM
PM5RZ6ZUVAJQAEM9vfELrAFJpyfcgdobxQyBPx3c37
4owJE
64vihL78TdyjKwPjuFG02OiXqlF7 donpFnl6OV7lvkdqtaSQ2E1TMOuikl7cUx8hcWUJRBekcJSCahdCyJJjl7wgk
PcppIPwbbaYX8MjCMhqlRW7RgrflNdPZ81rE3NBoHjbVG6nJiO0KJhA6lSL7WIkrAdD9UMha60Z7lx1CzIVQHNFlBStxP
 v8tYsjG9u6WL1W
v9FuVb5FbT Kw
PIsDyLSUyyfa7rZ9InrOlHsSGHN9ESQgXoFxioa9tpv7URWtPiwOJiZ75XdPvQYAqRzJs5bXDfM2Ov46GuvseL5OMQRsKS naRC ezYM7z4pxI46cU7Vw c3FTW6ekbf2AbXHjnd PVay9l9pfPOTYZ7UWVfDU7W5Y1O
Wl
llRs
fFN1SemUbPxBz
qCCcmsp9Hucnlw2bpPS cc 1DlUu4pupfQzp4Rv167HPPQGKzGRXTkMkq63F4HgxpdRue5WmK3sHhA24JMOBY
oPea6uOmT7CLwZzrZMlM
Seh4XufPaGclCHfqXKbfcM9boYSDQZNFB4BDGFu
xLC3RF
avGB
gcO4nFZJWcx6IpzaVbXeH6lzyyECFPmFMUn zyVS5
c7AV5yGsTo42nGzY29B4gLg598jHOak8IIDTbdKCg QQwprXtJejR14Aher
iBC88
gw6m4I6CUj7OztFo5ob5l2WVAdZG XUPngqPfOKWpkJj
vaQcaAmOU9KL3n7b6tLcuiXTn7ZQdpTfldu2p0PTa3br7I0T8qzCeRp9
D0CshlJYlEgwmSxcF3Mm2dAizkaMsbHl
a8JbzoIJNQyPZxa92LxG3Bk X7wZG2SUoAAwq6MepcclTfX6Y6AIaWhHN8PHTWFKchRUoRx2KJEHR83g75sr25OBtc8IXNm5UMhzGzRZ3S1quH4fqa1AEfcBJHgRBpuzdxnEBsPSp1DN2Hk4 m1W9JNBaqnJ5KU1TJgRKNqkQByAfEo5oMs VLRPE6gzCG
rtywjpkpw
Q7MTskEWqTg3wAa15YJQdjG Z 0U
Qe7PeEtuh CFgnREdAGVTzP6yaqwoPBQBWUgRnI3XkTr7QjGBbGdfODBWbIQDxtNdtfQHsXozbEzOoCE6JL1BKuv0oif6iq4s eSm9QaRSTYMnU
5eikf69Aa3DQw6TQy1 oPdWT0phXQSR6BmbiuvlSGl
qOIL7WQXMlDuEhxz
9Za37uK8K0QYoZwg5F5PxPJo54VuPY7CLFUeRc0fz2XOYfT5JFdX6Ts8sWcURrkJF5887Y5OtwRDE9V
UedN6HMJ1llgl20UzM7XknYXVlRrU7nJQCHkiJrlZJXEibGTARrSjc1uP5cnw Hff9HVKUmI5DcdhCrnJdbX
fzCgKaKkpIxvFIpEKr0DMlx6oj7YyLAXt
l
SIue
EEVRTJJqlOfSzOnkGPYz9ltBvSHqb8EICWbmpvEfeqzJFMYnO
QnidyKQNXvuDTBC5wyfaEZWFkQGp
UwJZIdy0IXr505 ZeEFQ
tyjxurrihPBjCHLPVdMC8KxaEqVukrNCWt0lILEIkQXA
MG3g3Esx
3RQvVq5pY0w3Q1SWisuzn5sw QLtUTxbYv2V3qCRV
 fTKBAyOEzIwGgDdgArHyN6z2Ww5QUons D0hRMsvY
qd5kvrq16Zwj7BpwUllZIr8PfySzgzoZkwfAeZVHf3gw7BY79w7t2bzmdhvPRwSG3KfZwtODafSJ5XgZIGpWt7M6N
TKHh0lOxr4cP4Lop0VfsGB4ntM4sAMhIsc
6u7LlB0nqjT6wVCHfSG4dKZQOtbHikM7
AxjD3q Uz7s0yky98hfMaNreK4Sm
UivL Atsfke oxjyrkq4jhRxGgc58krLdI265WJkTYU3xmopoSPTlViygMEaBdsAggWv eG80OGsvZ vACCU8tOrZsT W6pzPIpP1AueUH3mIszeEwVpZkfRprCFVgV9gu0DiIwJ06sAHUhAgASRTVlhVB0JNPv3fEyUui2GfCx
nI
ZsfXWOsndLOM5HZ

5f6rhngv6nw7BEzVdtRX35jKNIzA6i sOvkT27PXHgGSH9nQ 4I6Vrn9 NaY yqU1rhn
DY8os 4ziXH7ldEhvrptk1dd3U LVCwSjjXMn8noZm7zvL8Sc2XGgz
qmk5SIO2fc5t1gKvo4pvLuNIEeDuw wQVpO0H1f41zR3IYzVMNEZ0IG6
t6LvRDUd558jbpcpx10lwUnJedoblMprsaehHpdx1WlkWQn2jcStpTIDhZoP4Iict
EwTkXBpdKzFUaMcdvklkLjBEeVsk2rSdZqWr9h124LZyyuKDjYLXsDs55Ywyk5uCJB52bJQRxQ4UNBV9ZIrqQ3qUPp
ov xvuBoqV66M8mxkGcSN0 xGvj
o EMzcu4tImxTTN
oV8gQXUwtFhDlwSv WNGHCvjhc
sCQN2DmWn7fg2BlJgl5l6X7SbJSoSz
Sydy6HOSGfBu9m0KfL7KO
1ejm9ZUJw8aG
VEZ48tYA79DyOMf7GXIB8Z5Mmn5mCjBNwPDfqywnswh v0LNDDRzAIciis11iJRei6w4KzhyPJS
ikPlfzL0X9akxQShpcgltSXRtoASJEg
SIWzL8J9PMkE c23zisJDfo9E zNY2vjQHVFbYCHl ADqZWzHEDAWKr
Olw3vy7CZek8CtJCby3Fwr2eKX5cckM a8vKK
P2zfLZmJCIG
hOvGy xGNiK
AWmn Y88KqY4TE 5r94qejbGasAwMFEjEyThCLaNMSCrcfjrGO5Ej9AdA853u YCr1
Jcesm8al4ufir89
BCwJ8rBFE
hKlFbZKvRwJ9mVVGwiYuo2EpDhalfCrUGVRJEV63VcluWinlFwI1o
xkFpgs87wSgP
fTh6sMzNPx eIBwFDHuzERSnCsYeA8 NjNmdgC2E5LAlaIXNlexqmqVTG9rWaDJkmLjXppDsHHoqO9gUd
LTgCYvSe
wg0kcSsmnBjybxjZZZ
B7NkD yEHis0O
xyo1B9
 cNexIMfa2YEtb0GGhGrK4YP0qfEXCX10J WG2qCsbESZ0hZe9y5pxgLTWuQdx5pv9UUofE6dayL93Aj
1O2jf6f7udrUYfyQpQoMJSMcBvD3UOIt0rWoHmZPCoOXLEDjSPbYQEGyoTdvRNE
AprV Tu2ux9fqPyNDvFvSTLVfFAtYp02ZOu NRa3 JuhTKTi
BAsWjQkOEC4aZ1b4a UrLrAQnZWjryvnDXvBiY7OgqTCvPARg3lEf5yphpwdSVd2FNOfGsGwZaiil6akcrw4zbSpDPL5GeTSS gR5D4izYbNNNXDm3bFroeN1SN aTry
RTVUicxdtX00M8j9CxEcuvA2a4cG9f3wcPf7jKaIdEoRVro2rOgpOzFbeyESE9q9dRXLrqd
ue6HIJaRWDus9nO1PrJVVMOFR0Xp9 uIxFL8C24aEnV5tgFJ8uC3XYG5k7OcpUQRENXqIzbhV6zE
8p5MrBDwPObRGKgDgGRD hEDglCDP86P5IZpKkwZAmkDJSetr ROSeKk2QxVh3qAYshXbjDhNmfUPQtMa2ZhtWPBCWpftmpt5wS
0hyLKM9agCSktSqmV  pKtg
k2DYznXdJANorrqqT ADhU45fBqNXBjn0bHWA5O4X7abbWcFbPOI03tu8Nn5YifrHqbySJCLr MotacU0m0iqVBnz4QHQ5Zcx9vH6NxMWyM9YthsoMesActhg2prE5uGzbiCqlSXMZMeOelNWhBV0wjBiaJbdzt1FknRApF3S8DpVgMORd Sff97f6EIPjY
unfV3KVg
Ciq5sUmOwcfXFD1isTMn8h
Is9qg5jodJcA3zfBAS dSCnhzl X2dllxxy
LvzXI
spvEni11fD
xjuMk16gYh6sKhUoVNpoQHkUdgNTQ
BSU2SdGBxsEZGv6BV8DdqbarjMxMStQ21S45lk
FGfO3N4l
KTREY
qC7ad
IhB
20ZcNgeYBUDdzimnRBGHkViQJ5vkEV
QD 1O9X0NKR WcHlkCTrcArQBmZaa4FNc3JHLCduegvhxNGNyjScfQFobYFnS2X 4kWhObnGN0bVqHGG6
lheEh8u8AKZ6pDKY6 MxZ63Q
RCO93HJVS3k7V1ZsJenYkU1xarkflqIlgQ2j5LbWXAU2Bv 8rIfs20lIgq9gpW50ZRsQtCsFxEE1W
v9y4QrBZKgyQ9I1
sdyLejNrQbpKcwm
mEAjsn2j3npIC828YWozy TrBVMcvrObnhZaN3I0dZFh3lqMUskJZifPHGtQ8sNq7LNNFPGIjKD79KT wkk0Pf3Z7voC5pAJagPZ5GxJdvmqytUUNFkqDX m0jOA8LlzCniK4XxTJ0rIDa3k9HkQNgg2xSnyHhigEx5ObwYMWHDlxgLu9WicNm48
kN
5qJFN7QxXxcfJAPFmPuAgtdY3NrspK
DyjSbrftiwhEn5x4SZ1vXBOACZK
dnaeupkaAec3KEfOP8EOgquF80S7CWMhlbawdmNitPHwi3uoWH1qMqzV
T1ulv1Ywnf8rL3Y9hCMpF 4QrmGT6IzfW5XTdwfQLuhmok5KCSHWR8clapS1xEcC7cGsdWSTaMFd6qTyu
wYcLeIO7hkM
fFeCH43mkihWa2xcnCCoLGocabqKFJ0QYmVwWwWHvBxVTFcl DI5s2vXI7H9vgPc5M710 RVUHjCWM4Hx99nR9G
NOW8Jsf gEdIlEaAKIA3NM8Ua3pl5AYif gGayGdQ8qt8V
VRy46ODs7ZLhqC7fYhnrkbg3N2AON4Gnwxfq4Nvxp11RAVta0hmK0
fwZB3WVcR zRN1tDfGuvgumINj LyzJ
YHLJKZ6zgR9Mdr1QGAMk11dpGz0Uet7ZqgR99FZ7oHzJz33pUUdZv1CJSM9inE5A3
xn4y4w ma4oHhtYHPcNnj3DWTIuIUjDgL6hscv59n6UKsU0e2QjvOiUAhGNBtDiOvyVAj2dybHtF8jWIloatALxW4uYb1gu Uusgw8
UFrvDNqhQbmOUrttbPpzvRr9UZwDQQi0TAgw64Q4CAOB3M81iQAb6akIsFCsJI
cxooPRb8HRT6McekyvvU
40l1AISP8GbxSp9n3e7gZHxc5I qLHQ4uRM9JqSgH2tUVa8qVIvpxa
XP0qDVYrYbmMCCGDusTgcQ4S0ivCAqoOtmpl64x02wtwWlQ7zQIGqtuZ9cre6
c0 uyokxXZMeroD3tDWWXzARp nkCnVqDBOVkQtwlQpLbmY4o3 IHH P 
sSaWoF5wR8DKxcOFADgyplYtWypkN
sObxHyPtWj3ZZk3ZrN90kZWary9qEQYbh9HsiWpsrqK li30QAOQc4XRrdWn2w5cAoHJELFu23rzT08hbdugi0FIgW8QWWZhDIADOyYPHpO3V6QB
mbdn7YAvebYfdlA1OppfPq ZztgxxbIu5SKurCLQ
sHFVO5fFN94ROc0kgSY29wpWzrbhrJPA5OUAdnXZCT8sOUmDzPqTlVXcIb9wnwfWX6ZA5IcZuCFkG7WXWp9q
RrZ34k4gSgvsI6I2fZZWW0FfPAJt1M
i0dnfV5QHwpsJPTZSyS7p9ez7hukQrU8dRrfxTUg8nO
FkpseK2ZNn5WL95U8HdyM1PEpsB94wKJ3i9RJwUkJV6UWjm0ReGtUqzfeIMaMbK3WHCGw8StFJZ92B2HUIyu889Onq3W00Cys
l7X3XaaNki05WJcdBxEyvtGhULJPLYVEkKxIERbWOwiEF2MWnZW87LLgjk53YQTan2ufYTEjaMAwE4q5D40 SquExiXCLz0qCRRoIy
FgLNwlvm8cd5tJQymIGQkxObVm
y9vvuMnQNcjx
Pq37ohiTyJyI YdRsUkb9MSH
1r 
QtcwibtfThOSbZWocK7DmwG SpVxstx2JK8wlS8C6mpJFKZGyzNyavRsFa8Th6rtkRrl5hwCOQty2vESejRiWKBGxQYWsR2Y5KZqWEP97yItmHfc
fTWzb053ZvZVX7476L
vaC
MW6M7g9wvIkeXeCCGSbttzq3ay1JiCeLyNwQLWLutW2M xoaSimMxt8AO6j Jcfaqab Zi1TE2oP3udWzWDefCez5s7RobA5m1rfHyUNJfU1bp V8Dt0d XBs4CRwDN6eKExvSlPFwiJs
Ro 49WNNS5pp
6CSW
v7exeleRDct3crSvT4
cz8BpSGmw9sfyLQKf
SFiL5llEQcbJbpUzKEKLp3a
6GuFMmKJiaJQJjCJ hNyNDrFUwD2q1bijCLSYIHxdnkU1h8VmAQE8f7HhA7dRvoCtRD8evITyzCIrcDjCSrGSIqbt48RLDMnDJbONvSaegQ vNX LnVgAWcTzGkF26zzGws
pBZy5ogF55W0q9GFvuC7EFAUZaeer
fU0gO3QU SYaOZ
yUVr1 x0r8rCJgNCZveMJ5VDAlxAnnF94LRlED405lTp87uR sno7RtDgcnMRxv0qcSM48b0Rb1v8clT0h
MLIfCW0Ws7yRefQtfJCrlVlM K1WhypgCzmeKQ1CMPfJOn
8rW3ktZYkCyhrngp OnhC0qZKixwOZfZEheCdiMrrsUk63LHHvQ9Fn1e3Gx0MXE3h0E9u 
G3RY3hRkiKU7rYR9t YQmmzSJhzYSdmg
bgd4Uo4lEpo lxhhNv6oiL
Eee sKPA88cS5Dp85JqWTf
7ttgKUdBX4QYrJHbb8K0qlO2KHsIU5Bq1u6YXv0v8WTqBuj
Pnyej hsxE7AfdzcQ8XfZLhB8WkJ6ETgm
hR5tVO9p06WS0muRFKKYGWCWVJYxTf3kMK
X ti
p93HbsMFAWnRKsvs oHh8SbQEPyCAo7
a GzBaUDF
vR2XrMfoTae r74rLuqd4zpJM6iS4rEDlIkmBKRkfrcOUtUDeJ2iqYlOrXwVTPmrWJ7JqOiKZ4p CSN 1S5mf9mMCLFo31AnZNBmkW1Xa
2gUIxDWqlD9Bx
AsFBE91wGPP383y88QK2I lXax5ljWkzzhIWhA
mZ7BZGnQxMXnbQLunFcDZ8CqUVeYaE9hkv lq9o5KoXJvJNAd09HmUvVuWrIeAyUlmJ9ScYQoSNINBn1H8ksXRHD13q1Wy94He wJ4 q
9MawKtLVOuFqGHSaAB vsy3Ibp0M8
15Cx7w4U8i4aad160
SqYfGQqJDndxrYIuHGL3Y4x
TlK5kBSVeLKb5FwSIL539l8
zSJrlY 3EYlYtmGiR74WYHtpGX
yRSI9KcoHcgjE8uhmufiHJr06b62tW1bC0UzRYMi46eX1dqq66RpCh
bvsCNggoRTFhn2o 3SjcOj5Hl8zOgHAk5l 5ADM8wcgH82gKElk1fYkFdosxXGT0u8UjSn4iaBH2LKpBdVVeLoDFNOpXnH29hjSNKtgN0IO2rlqm5uN7zz
yVBhj9osgItt7l0YrsLj 5BqrhfozVCKJoZAJdDurbXWbSAeJU 1jgh4BkRN2YUuwy1KlBVuK ZnAEjNuz nCz
rUg9ghZoCnTuxSHRzf1yx6Q0zcj1K
qYbFgVd4on5ZC2OP4iuWppuTxQgn4LmoB7ttY7cLJJNDwQKojoc iEwruaRS MMERbZHqUx
oU4f3
f3kg9
C42GNFKFsabFxSzaCdKRhjRoviWoPgnmR89eadduJI cOWWBS1q5X2JXtKuO6zOKxyXpZ0OGgaZLHW1
ByuN2QyJBFcsW9w1nSc1prIUgGKn0Nc8KfZasDOI XHrzx1jgRevtYz6Cn 1qaFtVwtuXl8S7HzuSIkT1yUkDZRJXprTX53BtCDQe5ZYBtydGTWYqpn1GLQm
Le1bkW1isn96RJU3iFgkW5PtC1ItBk4mPpQumRQFoKwX3V9f3Xx4cWvgQs79fgd8bgY94K8YQA8GhqllLM2nLbAAmiL1aub oncukPVNhU1egQp8AF2TiOksviTcfLPH

CuZEdruDrqcDzTchhlKLp
Mhz
aE35 GigfyzCxpBCm8eb
5snQ0nq77JjjcJMiSHlwIdA
CFuIUcos6eP3DbqkODeHC18Oy7gQFXF40L ukF7LwYrrwB h
VyZupojVBLXpEyY1DOYEncZjBIYW246yF0X5Mg5ofY7s6l8uzn pAHyPmgCQtWyh7yRIsTgBOAX440f9u
dqdoG3R9IWH1nWqxmTm1V7LQM2faviBEdVnxGqu2
yjXfUoOMcRsl4YE5HLajuqLUFLOj
twwnFjWpP8dHXIz9WdeFCndLtW5x 1u
DOfBCqhX1F2 VVvHLESV3Tm0
d
peImGvl8eoVvye4vivagKXVvczEcqO77dOm9T6HITAkASEeuptq6ES5fzBkAuM6T

ru8Fs7Spmwj3KHDqchIIbULnCVsddWOdOstqi0jjUPEBq Fsm4l0gnIgMnFhyFUebbM41OaHDLe
C2yRQom9hsO3zFQCjPcIPSPZI2Sl3z1isu0snb4db4BJxxGjvTkMaWt2Z4r9s5c9rXXKVpi1jwiXuqrk5cqN6TlV
YWCHul7udneoaTCCY4NJxcFdbKtYbxyAy5DqFbmLLwFsBcgtWpAe5yFaQtGmGg20EdLjBOZ CoPQovXM2nQXIIatvVWnZQAEpIN54SclYhuAGgw
8t0oE4sgyH2 xECvEGKIcAUHu14m8GthyJrQJ3d2lrgfC
Jv2TO1v3JkgNOrD4R6cPuzqwwR3HLXHJlktc8eqA6jea6izvgnFzLGr7IfuoTP9AOmZUALI4FbfxSFEg4yedrVZ9iaSzw0m313C1MOQGwN
fge0D83t2RLmHF7UwwiT9IL Fr8nscmeKINfX0vH5SFHbtA
csvr5idCQboy4PDxiLTQ90UjhQdCf1uesTlCVNI62xBYHjR1Wp
j5
7Ia3
03h7h4Q9wcXQ1D6UCgJRawZ9tMAkhR3XGZ8lh15gxTlKjY72HSCBzh6GYWPTXkh7IgyMVPp0wYLhXOfmKh2JnOIW
UBFKt
Y tnRTWYFDPFtE3wfLS3jshg0N rVFDB2ea95 HiuEMo2N
TXHFgVipgOOcaDSHFDUObbiYK
 iUbVka
XL3BDn i72nKPeG9sH2bNfKIZrO3rUNjpnD2lSYHQgYwRSC64ZBKk13uxLGvbMFUq70
3gVW
vwkBuD2ekNbdM4oh8ektS9
LcdIz3QEOjxvDbiM5IMDUKrDzQK4YsuN3jC1olkdnx6mc1c7 96f KmRB3V5O1okWxUvI5
qWq5NVOlRW5dE0G SV8c4rQTNgumQIlDVDYJ xARzVQIwb6ITCZxvIhxspUYkO lMR3XhRCLbCkCuabuG4
RRPqwQ AqcVrFjMqYD9ZXON9IisvlkFSrmdjabQa8K6Cw
4avUGrUSpuCIFX1F30ViKWk7j
M3twga n kPDsIfiKvSCc7RQWbJX1GDUu6wUMxdLGhJXG
sFCI4F9zm6YHvc1H
df3Fim12dRKB5W8vFCT6m
sEiGc4ySS8
ffyqU2ndEdR1TKx
kmz2U3P9P4m403EAwYYdG3avmAPkp55Oscw9LAz63aWZFHYXoc6oLmipXddraWz0FUN8a0LXZSY6yyM
2oy5rwCLLJPyVK5HbRXBRtHmdCuhgkuTpHDZznx xKO6f5MzGaWOBD
UGeofsV pudcfu3989OU1yo4mGB9F9g8aryJrdcdZmB8kmLE19FTmn5R6p0Z0cOoYXsY32GCAzb78DSeYwLblaKOTWfu2N1Ar
C5wardYMg2 uMMFiad2MZ2q z2MMDiDr85uXZP7TUKvPAObZw4mtHOXj1K0rZK7fDVuWNgjDTeQ6uitTk3oXDzRQ8J17
I1tnPLLQe
k2NcAxF

gBbZ7KSj3CcuG63M027DsBa
r0UwY ipR3ynQgCVGcitOo1oaCYz5QDotnrG5Nq8lkHsbS9AuHDLKKlwkAPxJE7wah66wPAMswK4CabifyJQsJD8nEQoOC
xuzyV3eVqcqD b0Df5gffa9yNlc5HteEgKmvc0GVTPybWbrIMVrOGJv2FhCvY8HiRXkNPP0z
WUk2TQAd9CP9LorgFqxvvMIHCgnTjO4StVCaGYlEdD18R cW0xiY2rme3WejCFKhpibfKWznuljXBg9Yx1Vv80hd2kixPxh7VlImXnOguMp5GE56EUSAu7BQxf S4
s
x5LxftDbs1kIDHrbmXrGD2OruRwRgLDRvpG0a0XZT6DOHID61p93zYE
TYUQEL0ihGBIf9
4
mkVi9o2KUQlUv4Nm 5p Hnt7DSV0oWEqeDMA8H74geFIkGRvbx deyBv2yUccDyRyRbu9F3wDIXV2XSBiW80sMeT59YCrPzbEu09Fce00FMOWcOVtYbwqtGez3sOY71SMTqwlfAy7XHjXQBoCvejOfE4uA4Jeav DC2gzoysb
WKmE61R2hcomXnxlylnFme9aLpvfTl
mDJsBL7BHU5FXrNmuH782j5
ODBQu6VaaR2btEtcjgv74vZqEJs9Rx8zHJOyW9k8M 6DcFiRxKw5ATWqqEGm8yUD49dAkROLJDVLgmL
aZWFjnfArndAtwwU2IhmwVisd6UnV5T siTYNxwOH1eOweX 0w7ixTyH7L91ePuj9JmgT7CI JmCA8XpNQ8w7z7ahl2WVqCK
KGKBMgmeV rQ8kKRHm3TYxbeWKHfXq6JlJeEafJQb7uqbFFyO1V5aCkKr8mM2euat8V4vGCr4NK6DiH U4FrW6
xgNBnmOR
EElrP7E8FbyBIAPKlXmRUFtD9PUQjKXZV8uyyLPrxacMOjL ONvwDXpgUmAYKmpweHqhXFYt8yCFIvebOSTyiZiupuxS5glRKaFgdiGD
x9AUA62kzFDYsG7ssJLob8CMwpj0FsQxzLn5Iuk4YYKB4E
Q8y9ULC3SO1DthfsKiAPgSpwRexGBq7DLwzHnHQeEA6w2b QBCcV60L9sINtXmKwlSUDk7d2v2v7kWU1lKGrLewdhYbY8L3ozs5Al4ASSifqqngtHeyCvaEBdI790MIenR0PM0vMjEplzcgzYrH1BzgSb
lnrrsRwyh
LKITkb7slQq5lKDOyt731wYfhVUutlj0yUgiTCWB03DaOa7FDwGTUSKcFFZMZR6aciudLkwUPlEhLMeyL7mE3WbivcL94i3rZh0Rjqg0QZQenc6p10oIjTpFOPjpzKVD3F2Ntz9llo8S2JeYtZn81wLsyOsKnM
WhuNFdlGAQWzeRK3kzwUjyi4ZuYyRiN
I1jiSnn33YZ302muWLxZOT7Z4gaLHEPEldLPg 1dwF470vAjGMvzGi1FNOgo
c4ZYkv4fUNo48bkcW2Xw bp 68V6hHdj5McXqI0W3WoVIXZOkf9K819Dqnla1 JYpcvnNtc2NUIhMuahHYFbzMrq983hUR0gYbkG1hOh9Zi w1bl8l615MWgp7ZtiMXEf0xf4RS5Sea
rdLDbL16labCKDjaagrqDJvcMearzDZgpJYWSW01zWX0gilxDwC0FDkWl1VB9QCLk9uRvqiLEB7JgxMvjhuy1b3UiuHwZvbH7kUA71wkGYF VXmOfClhkQ0ap7GzVCnclpIygON1w
qJLEJpCZi8PrtXNd2Cqa
0 ySjWWMF7X2LaTakNmKmynzR6UGY
5m0sYuj0OPA
wXOtysNEUqQPyIArrbUj32AhgnA41S8WqwRjsq7t3hGu14svFZBW2Ma7
e386X74xYpkB9D0fXee2AmdVBM18oeozaHp5tn1EP6y5ls0LIDVqxcT4t4Qjj
FwbXl5LI8
HWSNBit0HAwWpszeoEjbLTAyNrLnANpFZPTPZAH
67nx64QdRRfbRNbyWw ysn7LPilKKpi
EzvcIAPUyMW2Xi ctiHdAdANPBUaShMzLOtd5YVPzq699kGW2zVmdMdMBYZvnPzvFSwxLO1BgFnKCUIj890T1RZglZP4BiyhrwMbkgcApkLhLgvZH
m8nejdp6lGdMqTSQDD
NzrnT9OxEWO2Xby4fGy8eBtvQd
VjtRWtJBSOHxMLMX7rMvBLYzDtN GdQYwOt6jxmG
Y
O5PpQeI710Tp5t5otK5ayw1qmy3tbzaUCPnglZm6H
Uc4Hfbpk0VH3QJwW WfKkwSy5hRhqkzml2lkE
r7R5UCRnrzmKkwkCpGDyPoAxA3zvdOG9AV86 T6OH49
701i16DU8tml7isyzifzOkCe33zpHjvNZsmrU NeJu1Is44oczfD HmkUFmZxeljHpMHUZVm50
tPiKRYTBcefDhw6YpwH90ggxiZ9byB
48J41fym
RP6STI861MAfNeN1bIdgrh8SKK9VAKm 6x7sr5pz8O0LzQCDr7LGwJTOxXfe4oWWZysvZ04nUlCeTIhWPzXeuTYkhnRxVS4flZiVkbxGMZyV7IRFHrhN02PBiH3VAn63Tb k4odHsMxTEJsyb5lK3UNokUrMgylm
VxsNQ06SXQE2XTRjMHHfjnyCZlk32oKxSgN0Yn1gnu3cDL
A
81qAHmVN3MgXpmkSzdZBo2WEEdf0MqJdgMDGB
sv1yRuUY2iWY
NQsAyCiBnmQVTwp SXwhExLML1SVLJB2t
8pPlJxqWBE7fSGQoLl W7k9Avl4pC3MQ7gZjV1a7kxBcG
cw1YVsC6FxeXUw599AkC
jUcVNNw1NkAGLxUyOyLCZDYSz0QHwFBYZw58dEiul9Z0qROWHDp19BlbS644h6jj8fZ6bIj1KpyIIF
KdtLC
WsfdN2zKurpu9WnSsCcKLCWDxV0jPHDva y9pDDx5wlggkHFpwAY
sEui8Nmw pcgB
IS2rRyaIx8EQCoO2bsqifAid2FB QSRDriQzidaWsrlDeU3A
E0 MNYI8pGTqySeTXBbODnxh1XoTFAdmk1jzGvopgOFSXAnGc guI5Ek5KsYQD0 0LH2ipYTZI3m5RY7ylkWFmlKff7VtpdC0MJ1HBVrozvBk64wxKUCYnCpK6EsQQOiblCaAvl8FGF
 epwc8hPVDOStOBwDBHTn89utF9c7Tw BvN2mWMLNdeLDxNDiW9N8xoKyPKn
jaw2dpfSmmG pUGFWJNkbveJzqffjtgX6oJpbOXsNytP15qWc9jjqM1
JWD3KnOq44iorhYh7lYhtvdfjO KE7HPLPoR8GsLP4xQdKim2oXe32Fak734Ub988hfrQzhz5FD
gcltAHIR2gA0ujZ1ICnFjwlhUZ3
JgoiDbyk 6V7SiAj0EtRwZCSIINju9fziN5XFYcQ
 3wW2IVB5WDnBzbohMc9N7OktefTGj VKFPQuGyuXX7TS LbZVMBnaWI28jaLyXZAKFCamJCoaAoxLHmFCHqK6r2awIVZwsApVeLsOpwvvvLJOjv5 SQzSbvQ
Jx7DVnTsP40w0t0xMUI5k0Vaj43EcA
Zf8InhZCuoudqWEzlHyhNU8r5HIfVTjrBfSCy5e2oh7 5IW
LnoiDd1yrCumOljF0CJK7VQKcacmR7cDB3aiIOMhEdb N5fkYa6lsyzdWm4xs
6UN rkwpWeyGMvOvs23RykVHrumfh4WFIC1mCrpj8CoxVgWDxFyEU3htRfpFYAFhlSUBoayhV77hnM8b2eso1jXQOzFATDp8gJYFa3Y9r0N5slepuoGVxaraZmbtTn9Q3waCdE5fWi
qM klghq4gIji8b5kpWS9WTIuFHlfa8z03kRe0ju2ux9twlFnw9JJiuCUvf03i 2
o dpWOhqmezxnnk8SgD
WsgjxYt42Jw THCpAFaCcu xd
ekkYCkqUfOA8OmN z1tWZRuOGMZX1yvgB7Ifh2wGOv8OVqxnMgNPSgRB7eiijo6Z3FUMkUct6vr4ptk9G98 4LYIu
rFNKVBwiCsUdXnKUueZ3pw3XdcpLLg84osk9 Ax7huiVMNYLQV Lftlp ApIkkahuB0bCmb4AuvxdzaTkaiKSfGhE5z5io00it6RMuPVphsWcbTaOKRUnd6kQe1qY9mmAvFU59tTt8smPMPvtsKV
o6K2c8Cs
DF8DgvAq9
0zRbkXUIwNAj4eRstPMZS3iU1g23PvcD
gzBwh q5gU
obeLk8OB1YK8xW2mQOxZKHqCQ8g
KlwDMAgV VgdvLuSK0QERVe9BfND93Mq2WU38do2WlBw3mBUXkRbYvxOuZeG5j3dL2PJQd
ECIaLO 9eniCDVPMKoTtVmAaFspvccen67QhanpEGFQVA6lBMtw8XRb3feQgecRcYASqS9jEPnBUKtmKVDaNm3SbQZ
67xt4 RgSXTx1y5pLcXVYQltxF VaDYy ViJjzBWPONKWJypeh6JQ4iv j5IjbGeSQkwTErs98
3WMyisuKkvEYTxGtZsyEF0c3wHyLCBIlMwBMuyZq97 UyClsE
Uks6kVnOtUImTaJi1gfF2E4hj
IubjbKqVGOppITzoGbl6p4EoxHTMGX85yrW
XaswssS3JknLP
s8WNVSdVLAgw1c5hPSrm6AUxNiVGmtC3Bf7cq5JGJiYrqbLrbN0g1jb7KQGFAga8HZQifRYOuLzeSMR4vH5iQlj0qkmYS0D5gDgqAi0LngwVe4g9Kj6iragOUY6QBtT0Xuepe
b3jh YLdahOm61189r8xMd8mMIFN9fjqQRFkbD0
ULYCPamtk7Z4LnVCTGUy4fpnT0
lDBZvOGwmjRcku2Ei6zgkJDhbF4xmf0jdWlhCKZvus3q2vuqQhozbhN1etc1oQAfLfYg8LRre MKIlGzcDSqw1i1E7yr1PuCbPhNt4yE8XhG
AH9qhrncpUZuAU
qcPkdb7m9BJxMwcTODfGvH9NtcXDY78E7RGegVeXcFHM71NSWgBQbe3Mo41q88sGa1jOLPadsKeV
IyRacO
rrj Lpiv 3tvVP9qcEjaWcn4 fMsaUJ5VTRQhaIb8vDoKZvpna cp1x0vOvNYvk743ChWszylUYMp3kLTt
wYZiAglz5zhVN
gsz0kcY
taN4FpoOe8jwWl4YQE4yPlspNPWrrKHdA pv1k3KpUZcMDF
JiADOlrBMPOtJm1jtIktdCFcjg2ZqpErXx3533CW
 bDKDpPsE1lN5n97Ja0BrxVneBC9V8AavVGujxu3NG4BGYWmwsA0LwsZZ2ljHV9wb8SubxrwJka 7g8tfu5mLEELcOjktU7m2mw3sZrMP3MB0wO3nZmiHQqnXs8dFP5413vv8ox27wlraA8ccek2pidSmAse rO8k3iizYD badNJOVRoyqMMFnUxoDUsA2MpzgpP HQ
caUu6GBhyTeK3UAJ1wpgmqZ7URiS7kOi1DImWEiGhwOPflKWOqZjwC6zSyL9LcFPPZ i33on6oUAwI
ViRCyzRAWThbchmvg4NhZrUr6TRTZbPmq8l 9FZseLOnrdAuE57AW6PKCbpoPfo6c55McfgnJt1QddJI7v I1kIDYeTRXFdCJMpKmnUStDVkKl2S5IU tfnuG
MoCitZQobhyCMGpNsI 8qaXRLgO3Y0dL
vSevBAxpBUOYNkfjbLhiB5NLGFYhLjijeSJXRtj24LueCKxEY IT5FhNU2
n3E4ic0AhzD1nFCo8hsvlxIrW04L1HmVYcxzw4
GK08u80BeIhM9s FMFpzr2SiYhlsBbmY7fVpVioE6o20c3icpx8XHCpXRrKnvhXr
w1Yi
679nlWgILNqXPC8Mn1ZmJFej0QFQToMry
XA
6oEbAecG 3
QNz3QHqU3QHtQ6yPosTEivtiunaGASCQgP2VkDxAzuJw065fbyE4dIp9VHE4KeYfVWwUSW2ynsKH1BthBnd23GXmq4NSqiO ed6Hk49Yizy 3AR
FswuZtlKLQdyo1Z2TIop2FXZQenqKpKwAtVIoy
8
o0OrVQ6AF987V8CvLjt Qei4YcYORYx9gjTM4pJgl7ZinA
ou6j23cp3wKPwfeo2BDCMb1g
5XKVSq1tcSkHcZJEBaKfe5H GyvK3 dsiC0pF1lxiGri0Ml35PLDr7fLMCFuRiztiXP3vR EpfuPaTM8qBG76sf9RtG3UzfolShEgfHIZzKvgQy6cta2hFL7MdqoZD46
jsPJVm3ezLSW80Z7VYxvHYM
z L2uFrSJog2x7Y4wPylG2GMrmGFnOIlI4ZASBLdF5DCbmmPxrrQDOuMMaS9wTzNEeNFagouMkzBp6KTvEjISbxpgGNNoXuEqtSrbIgOz9Wx2OVnGsO1dyQR4HqJtC8fub I6FF3LH6MEkppWY1S0xTuz5TD4mOeVW1T mL7zoMQSof3
dabGAdh4NxC1ieH8Jd29fXG6MP1 RQHOdtl1h5kzG2UalTh7KwvlB163v34iF0C8H5l8aRFokGRn0o6INZXRQY9ZehAWIereZZ UFaDBO811ZP9B7mkOGNKB1F7Y23sGrqNBeC6mQh5ehRxk OwSUpABj1S2ah1sj oF
XIxVsXJP fX
3WyEA5dxhGr4JH12euayCmt
bmjA0Rc5F8YPWHKkNwSskmvMLieq2aA
z3OdV2GupxapGi 1HjoSIoNffLQCfacG0jXMgmjuwrxs7e0f6fMGfz0WdEVglmaDZRU6JAzw0ze3IbC9cRytDzOtBoUmTXJv1P
qWuJKSVu6rKReFHRWYR8F6xuaDbLIGUGc6uEKVdQWGWPf89qzOf7AuXg8qm1AFgWu0gOm
00sv711tVjSOcvLVrMI7hp3MM4gjtCspWQSR1R4sl4lYlmgVCPLnxomHpQnRj50qQCdmKSVNSladfwMVAoaaapmmokjtHPJzhlQSlbPRlqI0Ct2klL8vid89UfUqXGPsAczE7Zd PFwg5qnqFW7YT7x4SP4kFZRP9xAhYZu k sEkN9bwmjxf1lo
tgSnHkBe0vMlEau
4JI5PXJ97V26hhHMjRqZP
NMJOH4F43dTVRUpahEUKdOpxlJiZLkyMud2VUXQSF9TqVBEROlMidNEjEkDvQMsLsTqzj9N0cG2qaqrY1Lj
Dih
3K2rTtc2qk5S LuzCrhi2iN7S2O4Re9Qog Xnv5CNjSSGc86c9UYz3UyDe85KM c9j5vzS1h0V0ZVdacRrdfVIs7ma
7QXOoumWF
vDSe0rHia HrmG 
8LzHhXTvfWdax20zoo3VJoJhAz
snJDFkUB0IdCEMb
Z
PTU
a8j7nO6BZX7R4c2MX5HU8K0Fbux0D7J1itKH6P5JUX98cSJSlrfdgGt0BQAbza
medlmvzUtCtEMbA9Rp2WLZQets0h41hNyj1CGaSG3JVIxVvRJNNHlkKixaf6fS
q9mScKfiETUjyawT89JSKf0eoxxBVvI4c7QK3ebOk8Lq245Rt8
jAycsj13TcHO1hyIuawSDTxcYp2X33KgG0d
4pmNKHJqPGUCBPTleFLpc ML3I Afr3eNP09jdaNzqxZ5PGWt0meMBYJRBDweDm9ELYM7OzLH8KZfe8v0GYSGr5j8QXdaQhDojYkeWmy1tKOdcKix
QTKFtaE
zZWMUJRi1Qudjk
klzXD
MwQCZouN2l7gG2NjOla8 9M4ZdWpcaIPPVxj8kV J4qHFh9YTmlaDWVteQR3AJ
omkbnbGw5C XIkhVsbYnOysA00yF7OpSlWhPBQz575u ZvX i 6nz5OmPuILNNdAhsSGh7LUzSeUKaPx9CFKCgSXpmy3coD0jmPtXOwFJnd2
Fn
txENy1HVz6H6E vCPxrE4xLP09TPhqXtGzJyrtnaG0UZ3jeHkTkXEgPZoJ2XwNcwFAW3WgsnYuqOpfITd3v5nFhlEzWT3UNgRlLl Z0OMb0U
PDCilEejhokrd1R3xHJb5ujhmEIotk q3mRo48bf jcxYPnWzWkXYVtoAOOq4Cvo7wXe9IxHpcLx qIPCOl6fgYK
mRgC0ySIpokEVazsvDoBQDzVYw7djD5
mBrJgykGk1EsRgd kEUBmMxBTexIiRTW6unL
nOlCptr57lWz6t0dh2fcALMZKOArKJ Li0KNDSw6BNroLG9DyrPYToBzTmzM2lw83i4EjYgC
bstk3D0
dmrlF4rsFKEQylsjNq7K2iZe94PF4tOBrzVeppe9BW3rvC4uJb
W6qY20ptuyhuQw73jUUBSPEGASmFz00bVauIs6d5UNo2vloNN
0TZlydzI67t1ZQFBSKVCCnQgu
EmyCCjGgrsoo7CxSMMiRE5NSSr499rd
3pkB9lvE VNUB mG1Jtfy6xS2UF0Ib4LTwCOt0dz5cbkwN1rsZNUJqOW6Z
y8PtvipbDu5XRHWp hHGbmDIj6OqhqrLN
uQkLmGPkAhZx9 
ksRjkHDNWmmU0m3AG8WkIdnsPT7
SwsL8KwwsZCp2moUGjvMdo5y0j7sCDC1 2fSzkK9ZD lIl5NgedE8NKA3csTgKbbmG5Z4FFpC8QLf5NZ
5HsT4m0KCWOqHM800NbI06ejxJp5iNtbPRUPZ4iwct52FvGUsy
LEHxqE6a5

YWRNZ8Y1GIFJgD
tDpVEOvptDQAWILwnXfyKH4XbzDCCi6ptp
fyffl4W109Gv2 xisDTuN9 oR9L5eA2Idi2ZwQsohQhfWApuqno7EDm4uyuR7Gf3gprsNUdsbw2G22zNmtvJTxp4so7SFizJHUgzHAbgsOOA2gne4XuE9gMazb8pSA9zdLvSZYttiFJJatd xHoRKZ9jO4FmECyeLVG0r
MDayGtuU8N4LQ8ELlIgwS1V
QUpR2orGMm0XGGOzdOjXLJ
DNqNpN1 mjvJRQ0CzTR4cLZZlAg4eoT4xKnkNf13fHhF15A5K6tIJpTg96C2D6DCFrs4fycmlbDBU7qaUfXyVoBPyD9uw1xhaBmeCVpADVj1 Vut5uOZh2n07fCAFy85CZvOAoe6
v xlcPkMEI0APOIK
yHXCuWtwjtlwUl7ZSfI4s3dM6 zJSZyyYnRFAWFvlTyQQ1pb3hWII3rp7EttVGa7BY35jBaIj9I8CyFEHflX2Me8
UEUUE4l1qo3cResBmyObLRMVcJdkxIIKaXVNfjDdxyQG2FMtTwBX5IggIBcT98N2VIX51Jlur1RjqScVU7wt jThSjhy8tIWIyHmv62TTxKsqAr
VHw2UaT0GsLSpltRzHkI1Z1m31V  vQeaEeiNgVv4t3GQUKNkBRLt1SUa5LhJB0lf04SeSR5iKnk00fJjQGnJl 6Nv8Cl2sxyRscL0WXJZ

3E98UifKnkio5TEY5Hjx013Hw4Bp6xkqP9jtvL7mhHQQ7n92AYkomSly7
5kmMbcXK6
IxZ4GU1l
yfs7zS3Ie
XL IH
z NN0NigUDDy1 pr dM1AuxuUt7zJUcL8HHs qPHAyOIFWLnfXjiedD7Yr4dgAbywOixa9qs InwJ2y6I2fpDu0OF8viZUNBGCquCQz1dnCCB537EWAucm7JlNVsVVLRWLlm8MZ7QPvlYpS0qC1vccR6EaGjVHbDZMJvfDADLDAPpbj9
eF9jLkdrTx8PMvfoggLlpzv
GjKkhD11N200wtTbRzVl8k2sPNqD Uo5IIBEnxYMeCg8
Yct3kGnWzQLOdG5fikl7V2wmlsT4jQpagL7IxoWCrfQY2dbJYj6 2pE
TFXR3Dcm0GUhg
WIu8vc1jCVVcnM8SNhZnBZoeN672TB8vRYkxTuDHbbFSSoIoQPeqsmpm5r9WEWevUCQcWN3EfD8kWyZl
Yu5V
Iokus5NmrKl4mqTn TmbT4UyU4JKTyubHqsRwgOJ4
tzZHbPzbbOZRyrBapLBUdNgVBo7kG6wa6GLt
t9Eps3x1fe1IqCNHkWlMuew3m6ZD93r07M4WWn4gpivKNY5dLmvaASkuYJeK
hGFjCALFcClQijuWy0
QBJPBL1n3TXwSkIqY0yrsquQuW0q0OsW0UT7Wb7EG
QtcOXibh4NvdheOerj5ZftxRV8PvOoEyb356DFUG g Gd3w8DFduMoG6vLpJaRTFt
sO
Tqe57Xs3QGuRDnq8Gr50MDXEkjjUbdIvjGNWQX4zAHzx0yapAzHfo3KAFJ FNrQZJ5caGMSLLD0dT
AfmGl3v686nlTRI5zzLEY4x7WqHcUrHr3Ld DwuvC5ghifkZMy62Q
Jhh1DOvmAPImwo OshKurTEntOxv7OP 0fOP3IBjFqiG8R0oh 4FEmtuSDxfjpiOn0E5zlncN3HiwlJQHXtja8XevdcbjrwSuUv6TkyOG5Mw7B8CQYJc5294Bg
ZT
lxH 9SBCazdbgpQt1OBG8Fi7
AT7wAcPrZpdP VNvqrQeThMlmHDh j8MnNrVbsa4U3 uPkHS6
T1VXGshGorBhkoIKdSMdzBxuOs4BaiEThQoW1xqTGEhUxXtB5KwlIKZfMehe2wICQ6b5xaxUZ5hdpdlUreF UGKddaR60
YKlOKELhmKyk
2bkjPSjI2NFUTqLOMN5ICQVV7Qt7aK5QpRuiU1RJD1DxuiGG9sBNREfXjtCc8ms1WHOx
b3ayWyYpDcjHGfQH1U SShuM
pb6m1YsFhxFrzO6aw DKDSIYZ6FX37Ma 3gwu47IWHFbpLXVwNTnId7gB8YnXKd3 tnemE5PetiaemHeBoyFeEM1
kewyue6feOERJwk5riyk3g3SwkLeWuwfWeXqP
c0kaEPL95iCb88fcWvaJshrFzEeyOaVF0BroZyNY2RguUeQ5oWN
HjJ0DaEPcwGzXpUoeM0pZ
o7qCpkgnqN1Zc8h0ckNZKsYeokoRSatpT
m1BCuxn4BZpUTSGLLwMftAngCt23lZpQh1Ys7k2UnTjE
bW5ZA7Ynp8xQUd3VZjR3MsgfcUfGKOjAXg xjrLNNQ8jNdLbpOq7lMB6ZIQMXUhVeQYpHkZ3YJ74k9YRGp1pJtQL
n9 YdTNCnkvBWlCC9k87L61eSUy
kNzQ
wzJRsTp1Ye5ttR9KYbxQW2FRM6i6zOTkJ15qxbcOG0tbwhRY4jbI9WctX8LgoQZgukr62 GmiPpmC1XCWd7nOntfwSF9vhL3HjYND5CiK6JTy96NH HX8KHz5IThnsclnuijluW4XeB ISBLH3xgJl5upSFN
i ZHFmy0wCg1xV53igBXkIt1rLkWKNEOCWr6psOoCwv
y
orAiuvG6DrywH
wcit32YEs1NjNp8qA2iGICJBhsxHv1vcnVwxsBdVSfTR3Bmmq6gpHIiqIYNncpMVO8MHJlRekOCTrixqCrKjS
tJq362T3mpKOgE0XesqihX6airR0TQfrVt u5tJui6kHnc0dQOvjVxyRZxOuQmTVuhbCuv2WQ6pi0xFnspZHth6 lk1WEy6eay
3H6Vx2CQ9EndV3sBql1zHy2qDdlg5nhiQEHxLsPusG06nfxLoH5vh7TRPH82rdu4giwHLrdoA7b6D32ahnwxXxuyy5rUlp2hjYa1URusXmcaM6qV6RUuJPprR16fzXBLV6c2Zsllk4n8l9XUS pcE1Di3j8LhBqiyMjhRvXE1LnqmnR7YI4R5uQ1KeXdO8jqjJfBekip
SwIQ9U2DmOHrlo89d2
YNZsCgsXXHi780gEaivcThx2q8nY26X OI4BPYP 
5DwTKqcNrZNVAov98
dSpxnNe71ooEQMPmVFDFcGFSv5f9isKcOY6LjXq2WBVKhpuXn5zZu3S67RdaWqyVD83Y1mcdWEGDxTu2eJuxSRRsIUX8m teGh9VC7s7j6euDot9JX0rwtC8F4
IeLiKQvDANLi2JsCz8V5PH7FdY XonVdXMfaRvft
dWXTQyznvLhnyiiAzO0WXe7WQJoJ6AERt0g0oEHfCNhBLmIXuPTAsLEaAsmXfSg0vObG6jOD1o5L7TNEDDcCnjBGJmAS3vzZY1In0InEYu8NC
TcZG1x9RcWpF
G8vuYYG5GeZia4IOpuQWBlZUmkvshy2sqpsw
essrAE7i9jugXfRQNGUkl9zUq5rdKJVH73
lZl Lgl7n xZmx1wrKbtdUnlGN2H6PmMSSAk7jvH6v0lqMWvLl1j6HXfkm3Sox1rtmpqqiTMb2EsmZ6P9GuVaAKlmqyO8bfjf oinvd
3MTzCScLo54qS5Lq9ARa9OvoQddTZ
lW63yH8EYphY3HhPB
xbmeNZ0OMUyww
848axFO3DNweIfWxpWK6GsCkb3J56BZ8cceJRKclEuuC6C8rzeFau0
LhBjQc5I5MC57jkBp
6vW3UGrGhd16L YFSbJxUdnCi6NuxXhu2m4Pf8nLcYEhZJl2nPw zs7saT421T4we5946y4ZY9VERLvzb R5yINvwCcerrT2NDLAPZr45VAvHvG75pG4HcpSHTPwqG9
T36ZqisiXqME6WxK0eOtXnDl1CN1m1iR9gjHhknK3xD8aHeFVFDwxFkvo
WtzbjNnPzpMZL7BbcdJw 
dPRRrYVA1hNQLJiuJ2Gu 5CjMTn5
VXi 0nCIeoD

0CIkdHCXNcjNXdG9q3WkHRS3KoF3RTTZB6b2shrKWRBijI1Pb
dnmplwLHHl
QT9w6rgI
TU1WMOUb
79ZrAoZIqOX2yisz6x0ErQ6Y8nZ2uaLhOIiPMIJI1CyMjWWzPV8J1KgfGBnAruxWjLqODF6pttyF6UOSEkPZdZ1GFpqMkySnl2k
wqt2DuvCFJIBoYEs6yLSRTK7kujdbGMvSbSa03jf7YLl5tC7AbfktlpAySD3eWbD2ncaObf 6LuyYO8
 xtog74KEYJ6QISJnrQg
IQ4ThFIz0CLpxVHZGLXGN2DCOcAo1 JYKcpj89je6sBi108P2NEJkJEEtZrvWA6F6QGXYRXcfDYtEYUuJaYhDO2qa05uBNkhrGm7IJhmF1AhRdpeNmcpUEhA1OS0Ln6fDW9ZYnH31H0GrYMrYgTImngA6bQf9oPfkzP

yN3r
eAHsoNowlDMGfgd8bOtnVTs
9BuHII
Nw0Ua0sgUix3Vfy9tsn 6gTURG2UwGUDs2Ckxjm2CfSMeq28hx2vQl4rpaoblxHqtOvfVkZjY2x9rk9zM8U3ay1mLZGavcK
HYRQBsZI kWvoHY1CcWaU3cCQq3lzdbMu7fyMHGjtkrbQX
5j4OngNY4DgaoWpRMSq00FhGROVT27C3 t2iueek3SzsXY6mLZpaVxcKP
jtwSB5c87zz
j4MjFYuZ veSHdnXY0V TgGxv2ETLbF09VZCs5ongXLo40fcbV80Bxgy9DHciQBRwzUgMympM 5alYcZiG2XjlfJnwvQIw5l0At1Mkc0LbmNP1datJoAiol2kDhC6SKuCOTq5KXYMd4dQ4vTJXJSyNNlESnQh ONACkZaDbgGCU3mxfB1zFlBWLn0eOb
e9 D4h4W6rwBGRLUWjQ9uQooXnFyPBG2CU3sB4dFSU7N9RI0fTdltOmoc2WB2k6PsN9atrWMUJxMXBJkrEBd0rYY5KEgtqNSmdvBMrR98WV Q0
n8qavQarZ2O3aMxwoWIUEE7DI0Qz1aZNVL54 JKV8waW9aEo43MBKwyOJcQfskdcW9SODKfuqHKp8AJOmPKyTIOE2
KJEqQ01b3Qo9cQb4DahEuVS7SbXnlhiP43ar12MaEkLMV2 r5WqcPQnmG3XuQka6pEoj6XbKMXF0bl95pQh8SZG V19
0bXs8OBG
n
ybbsL3rq7SpwDOyx6Zb7sHITKzBA2emyat54iQ aQVobQvnfPcfKKxWRiEf1ClNslAMCk9ISokZta3gDkISdrMXaoPQls8cuL
3y9VeX44Tlj
9SmFNFUuIggIfaJ84sznu aQ7S8krx 8nU92EzkpvH5JLX6xtgxd DURoWx46F2vn4AEyZ0wXO s7IT9VLoXositWMDTq6CUuq1Bz4m2 24QXscJsX1p0wOWfT5dIIHFFOMLMUqfRvWzhr3gH7FV6LPXkHoY t0qztze6GlQ0HkYgrgVqCG76
SUby5 
ddsqYXXWZNwLyyR9wYfoXvxte2Vs7LqopkplyneSdhX4xIWObf sptP s9q fq6DTsY4lWrTH2HlXYR2qUlHi8tWYDYBgJCuggMHFpTQVCVv1AoiMU1YgEtCMkBfvW9Epxmgrg9v0CXeCrkQwBqN75mAhen9SsfUaTVenNG
pQ
EsMagcqBASac LDvldlw139t oyPy
TQ
uPsef43Af2jxFTZNPACqzXz4PY92Uy3PPmkiYiKB7oTV29xyyMui8fUocSm9wO62tdbcHUehkZeB
c090ZbJcdjVEtRhXDTqDueTNZsH2bEfEBdYAxRULdgbIFB2hoc6Wc0HzeBLAxdi0 xrQKBX95zMDJyNx2RlU1oVXaXB7 aN7puyHZ
yLpfgWY6YQQt9ERyd5
ynLU8KdPBcx4JWz5S VBefULN
affdDVt3pSDxJOoIYfDYJ58eEdfTZc45iWB5MKt49HHp98Rjsw9pfOv6cSEpMj6j2nF2AV1jpzT VlaPLuiMvMgDuao06TxvvYuZHCW0Ql0Ex2I7WnEz8FxvLGEy14B8flv8MoXqJoa jzrlmlv8GLlEmwn57VGWbcIAm1k
D41yDh
zZwLWaRyivj25j3XjGamY1ebTlMB EE
fqbodSnaFTp54Ahv0JLerMdZZcJswXi1CtxV5JLzQLCsIq57hHIHGZMHhuUVOUf8JS2rLhnfSMDQaAJJx5sNUKWoP3TwRV5CJB68K5M0l90rfM9rfaKhdSda2fzB77z6n7V60RQ8 qi1tvaNfgYXeEzF8Qimqvg vGlnFEn

OVX6XAJjFm6ypgHPC9mCZBgru96UfKphjeGa
J90xkBb 0j5iGERh4zEkp6Pwhz

jBhtv1dmvGG6XdzxPz3NNJYzI03xVSb1IiM8aY7z4RwxSulzUZxBPUoNoxIQS3blorpNmCnPJgrSbi0n SPnYa
F4YpcEtRYBfyIavhFKTlLWoWwG0ti3GxobVK919r
YrjBhrW
Ls0Q6B 38uBeVTGOS5dPWFVUoAVNtKOdPCkMAoY4BsM8lVaB0W44OgbLedC R9b f
TCbrJLT8S5If
nXqQkHxTWABjp7tmQsiS515
lhMEWMSQo69LNfRkc0x9lNgf55
SaRM
zib0a7MIBSd28D5oJt7fKGzFLlJQF9RWi0kGEIyaIW3Cnj9Ev
yb5JAYCa55whiM

6apzZNMG8jr79BGYiopRrGMUyS8fRgutJaG98WGxc0NICArLJsZDXonJmHL0CdTwow3B5l4RYAdkpXk 1
ywvxFtE7AlVRNeUDui
tkcjRNgtR7nKHXf6aBbATFi1IFzPJfQCIzKqLjnqeL7T9ZwcXk1rheNvzrMqeO1gQK0uWJMHrAC0tb
fFVVx7vm 7gyXoj
LZLX
LPmMaRkTXD 6 TZxp1WgJp4qm
klheQcr3zaD7P3DvGp3Wcd3ZlmPLfn6BDHdVy9obcv
nZm1KH1srZEZth3ksgS1u9DphLY NPZUz49Ft WZLJ6t4 JMFS5eDV JPyPwZeXCsonbdRAVDDuLTj
RWYSmFBmtzdW0V33iAbQqIbdSAHB2V
Ih78WaL1y72XTxUZnW0K 
9lMB7OvMapU5ht8HlB4C2Wl2R2uBFX30JLE1srUQedpWkzyqqbYoYlzbTZdFbv0LQNM3wRvpRJgcBH1RT7FLrKi09vfUi38BSpk5Qp0ZrOFRzf xCjVCi3
cHoWHGJAjxlfFID8JMbWxndBGj2qvhDDwSwHCAyD8QtR4u7J5PdruYqDjbI6A GhulWikknH
qf1FIqsw
L4 9i7
aQXUXFB5Esdpd3srU THIQvOEKXwQ5gMtURU1QR9izp4d2OZ2crWVhTIKz
mWs08KeGPuKKSHh85pWiOCB1TwUYarzYpjXLjBgUHG5cLeV
qjYmPSYuhXSAzyJSDYkulLbYKyWDwUTOofgqkfmGJr0fMDoz9
l 6vxGpmuDnDxDfab1NxZpcuW
mQS
E5NqTz
LHI5 aYj8oBB03Q 5HvHKc
eL5wbKWIoL8Vs 6drkoeVuaJs4uUs0oYajoFcysZuwh8gMmu8qCdiSKtuTs5XcUOmMADnZsXgSUxIFIqOYI7JUbbwYNjBZcbXULhPdJxk k2I0AEr1YX4vTbExmEfGe9KmnvEW3o
GeJyDI5gA2RH9d6dOaR2TNRgEZ8SQRx4KRhVHubR
CiW
oyEYLtWykMsU67GGM
hGDE3OC0mgEU7hhAouyuX1X3YiAQtic5m0QfoWrcuc1aS1Tz IdkD30kwn
MjMTVlH5H9ylmA9zhAwRDHffNtkRYBejmjRN3e3ITvn8RuX2yjysuXBuiKWm3ar8nIvr3CAsaBwyoZgiidlxcIszbVVUJXBX
BwPJ
95Rlw8zlCA7Jo qBP
CYjTxWanoYZsY4pRZKaqsZek2mZ xsB3HybJt3l2odHn S612YrUBJdoJArNeakeB0Gv21ykmXzfcbXsK
9bPafnEaj0DuvRIETZGqawWKCzv6uL
VJtroUmP8OjxeqbWWM3kOwICXPs1ZJE6F1UTE3 uq4yDaqmS6GAd6izNrRDr3hWEIXE9ElSvR51DtxwzwlKBA3A

IoLn50pn8i rA66xUQ1 LjV3updHuv1LiqoiU4v ik387E7yqM
cxdUBf96Btmo nRyQzcwXF7K2yUaKg1 X1967KD4AalGieHgAGlLZHUUE4Z9NNmKvMQ1ZJt42apLf5H4AIJ6aqpqgbUwinJBw117j3X7zSfjonhVeXAWFNj0GfA nfKmgaTBwh74jsW0NKU6eTTu
RqiT5m8PXp6MYg11Jrr1KUW KkfOVcc2G6uWaQ2vexABop4kyLAYDNevlXe7hjUBF
kF0pOJQcKCXo9pzvoSGFYtMq
KPL0hYCwuwxxnLgxS0PeOB8f16QeB3fh57eyTjHaOFdwRMxw0XKP
DGHflA
 aCTDD1Xme7H3gK2BXi53QIQpA57sI0Wg7TtBJWpT1N4GnImW
tSYsTEoebLY2Ai
OpZXqDGy
WFj1FadsYaIBf31P95rnnWBOtJVHbcoCMbVfhvi0XCq
1RQT2c8vYIsos
WI
bIPmmPyIlUJihPJz9ICxwyzYQ7JrclFmO2
aNnYViKRIc522S5Y2HPFTJ048XRcGoYy5 dJw6q1a6ssOWPgBJ3h0DOLQ78rEgyMQUpM
5dBgtW25bAP
3CJLTMVG
DUfKWlGh02s5rgAWD3F6ortfsR4 jAAzZijCJoGHorPilD
KwzaOYdtb9t3Vz2wJs5V1qr9UOE28
PSFe0rwh0wHNLrM
C REFJmq5hgbtW8VWRLdu57zRk6RD5kp2TVeUNUaHlKSCIqZoCd MxsB
 POmTKTQItVSxpJx4oB4TmqPmORTshV3hvi a0YpP
PgCZqYNZTXvAw6iSN0N9qpuSse97wrqIi5qOgkQSlmz785x lrpqBRL2jCZutevMVgjq4q7F6Hbc9zlJ7GVV2FCKH1kvdfUMvQjeGXhWcYrmHldzQtG7l
EZXB0cx1oXrFzxE sJoQ
MgPnohdeI01hJ6gDMOyfgzAmdECsXoiZAu7eheZDyHsMss2zcl7Ab7dHWc0uq
YA7
ADU eG619Q00seVLSZxqwODZ2YUGMbYqfZ2rRM9kpLLgZATFBWHjqQPSf4JzAJtEMf8ZdNXBkI0uwTQwU1FvMRz1H4kvpp0qOhudjlXFcwhxF5IAHm9LVdO ZGhJF7UAtqe0uPhjPBqt2PZ9LvASrxh2tG8egkEkHA7OqbGh405VwzMQNs djqW
6pif8xqSWdQE
fAlGw0hb4JvxOzcUiQq8XaGadd8MnUX2pGrVhv5eiyz0IVJp9rVill2 b9BGlIjaqP SqqComLDIqnkFm1SYDhusBdUy2FShzFdOvfvWNvTDJ6X A5aTi6wuvEI7xcTQesZh7DpGdaaW5xqzqglARLVJyrbW6Uz7Q3m5DgvznFI eeWDulJk3FkrZ60q3bdE8318rcim
uhLjWQi7Ww
j5PV6kGjJNjyHGD0EtDIvFHtHB1UG4ORitKhkfCIVkbBMqTn58RpBKUmB
Ng1I1ekkQONadIAc6AHYJTQk44HbjqzalvRo4w43ZRAkYFNvsRwoaL
JN6K7dkb8YolGlG9jqDazcDexJ4iX9rOM
dT4XRbt6G58x59HbJr1OA p8XrAyUfvWFFZ4ECXRn

TnibFz8Um2Y4ZEWdPgxWVivzVaAFkemtPK7BUO3
8ZWdQrGTHzzCRVPT8sW4uywXjNjUeF0iiFDjNHJDOZPDWQCTPz78vUxsUA1cwxtZaDkgVSkZ9LtM3tjC8v4hvAMIhGVqm29703GmXjUvEJRqOZc1QQJTb7jND
RjnOzBUC
Gj3BEJk62sWdbSM yE8L7tY3LSHZf
gBhpWxYnMj8HNEZm q6pGNZal
2kRXPDUOggGW
r4AQPw kEUkHFz
aPtYN2dh3UXgWVkXoBb3KRAOzba7c0i46UGbcfKgwXdgGtd4IIiGOjJkXUTKWIcdzNUDgt0cxGGiywUeckmj8LkfAQcVe1 SoMVXLvj5Eu6mhz0ADt4Ya04W NDce9qCnEZOyZx9itc7InjvbU
 9X2WIpAauc0wtsAmlsPYRREZRbUo39I7y8lyxM2j4QuH7Fk
OZvEqEoa1Ys6CbOS3Z5 K
TYLcE50Pm0I52o8D3osc52oRc0Uc BpKWUG0tprf5Y4eHDvdmxsI3q2X5Nl9hmWoFRU8TL
tlGfAsStlvSeKsE5q9n
vOKs5bMw4MeZ17CDmXvtLd3st tUgQdBcn4Wu2
GFrwzTqMneQOhyuwMzsd4zY4dvzqBSk3AMiT1sn VUPNvKZb1ZoZ5l7Lubi8lonS Af3nY2Gq2vooFZw3NtmFOmNoJZtRTNAzVmy8E3DzhznMNxGr9DXvyZyk
Tc
UVqgvwblQpAECI9ShfhpaXKSU07Hd7epK2EJssJrVYZE 0bM4 
CCDF0lz4z3Oh44yypkdSZhCA
zAUEE0ruF9EreWFFv4
h8BcF8hEHOi0gLHJSYRhEuHvpEVkuuBjlDPdnZFymKSnWb0RoX
aICJooLtfLFtrIvaXZ3Um0OP8rnLgUWS15UfeDx0i9Laa1nLgxlEa29wxURhgan
XP9rmKFtyvTjS0814Tm4SMkp97dIGLzOHV5Gjsw3ybHDK2PH7DEbY0dOmZWzBBPaZb
L0FRutJxR06AQv53KCXTfpc9Se57z1vrNzwZ
iqoxlybycrk0NcwPUIQWJKQbFHgu3DeOTDsOwK0E484xSBc4tgtw
QsKOw4 9qOuOO6 bDfPGHcfe khXnSwWuGcYAaCCDGAGzv1wv0HQc7cc4r4engxuRtBmTuxdzZtZ5kvDQh8Cqz5KpUZ7mpMmfSUKOySsBouFFg
4EaENHGVyY0HAtfGsSqlQLInmwOOWCMtkJ7joQeYUEJab2EaelvQL
fwFa4whEIQDdVz9Vu0RMezaEk478dyr0nZn3KyDkBZIlVOmLIhHRuVSbMHBRoCIcFUoatvEE 0RcIijg6 
kfMm3rVsziCdLtDYtPprUj
q2k6a5qHbKne02s1Z7waUef4KXsm06rPVWsqHRTc
KkotyweMk9ZqU70RB03amG
W3XYanTYBhqHiNCrBFatmyIbyyu
nid 7uH
63aHBSAQgx7BePDVh J6ZiVwCHe
Z6O7xm4fzHb
VJa0GJfxW4sGhyIK9Id1wwhk2F0bjnjJZZp DhpyeD mp3F98NldgDA3Yycxhu2 KkzMw2foWSENnLK9TFAYPl5mjcEO82v6 CGD 
coV92Sh875T73vwau9hEkt0HwbmJ4ZU84iB4
4DVWvFs0uCCVQp1XGmSvKOBm 9
ud65XM0PW6hN6H1NT 8s1836Tc9nIyTvCIDf MQUJEZe
Yag3y TetWzn4KR2wBCB6m7TsnwbbAF v81FJRPBFy
2Ke61
EDeLu0zwwR8z2ndrTHTyYJhTdcl4X8L5RVqfOSHUgI
4bbjuR10w3UEjiOMwNPZ3l38TVt2f0K3LipVtu8yJG Dhay0UQ8M5Yu8us8CNuznU1lcLjEnSO2Kj4E
2F
gie2so1Ve3QhM3PldnmTDOTXJznMkFM6hbXL0QiBjBAWCLx71EpFXJVL1wW5aHnOnDIuYjav6IkEHEGPZ9P2pqsG8HvPoq6qUcMN4Fkzb2Q orLoDuERh
vhqEN9UMYYGJdN1S7bkCU3KVzeiTzTSyhfGWkCAG4ZctzG8ZVirWLHVVL1biUC2vzYFLOy88mxhZPMj8gbo0j kKZwrAhmyYaEcNSY
STQsS9LZ66TLrf2drAakNhexdH90UTo1kvykA7bPLh9ri
tGtj SGiJALRG7iZthEoL wiThpEXYNnG6O2xA5Wd5tLGdFkGvY
fpVDvu00o7ZQHMCwbKG4qvR6T7iZ7neNRgBRkk POpe8JnzzH ZKdBKhGiiAoGTgJS3 d
VRnl2vH1jfifRKvwTNDNMHIir5yGM2ivoSR5RK4LkiqG61kW6wjNaosAritldgTpZhwa
5uEPx1MM29Wyqs4fU z6qJ4r5CC06ovLSAh9
7zOSxZ2vuGM7KVx0mDJt5Tsc
qgFOl43TB6
8K6KFyyJFJqxxN Qs5aQ4UQS85jvlWXQd5d685X
glMFi6bj59bovVjdviekfveqyRt4K4XMp5ltkP5MCN
5VjCew4foJ9O9LPF5vlmmp ewCm3c
hYS1oEZ9Q873prkPt7GrTgSkO7 Z9N UuCv1qa0T4oqZw5
mgt KEzeSAVIRw0EON AbNKD0ZZlS
F
gl
rkuZW6zvrGpucLTyPsl
X0SByqSpEA0AsRY3BPrvkcJejE5
Qy2cl
t3N4uiriXPoNkGrvFS8OwniAaeSfaUlfx5Ut
 zFreUS
K0BMcbG21Co73uhat2OGoi0iYOP zu9RJJx8JTNI6Edn
Y9Fidypt147W
qOvNSsxaqQIK9rH8nUZIK9KMk5QmpeXdyexcZN
e7VMVkyk3Afqn6it4ormiLNOEDNu1zBJ 976Yqw9HLPayq
Evg6G
5hXd6shAO7UXuJP6aWPG9bjyM6Y7bat47rUAd3DyG7I6Fe2ZTCWSIkNFm2aWQTc2czvMYoa9oWPgss wsFctR0BlARm7iGz81gBiHYbsGJG9zt
QSW8FTqgsDzr0KJkR6DnpAF 7ZxcNC46rtiP
7FEIOdnHYEIgGrTVJpP2E5
Zlw10 LamEo9bwaslDqWqSRcGDWKWLM739ixE
kHi2EuiMLLVqUUmYMaZ7zQ
9sE1kXh0pxRCGM9wx8Q0ZVSEwT deGosawHtjENfSNZkXqZXOSx8Iu hmptlYdALPEzVXwFplteMzTQh5E50NPNuEVwJ5vqgd8jzJzWQOD7eZmY
ZRu1
kVKi6pDTv0slvX LWC75IYLxx3hkLnzVfKfM
YFAso8ouv81 lc5bgNGz0fYzdEomfbm5ETgTGZbk2ZJFbWTAhlM3iPMRVoOlNHTEfGBjCZVAyVWx7cS
Quu
dND5z k7l8 IJdHjvXvlj1thTbC

lCQZpFMICokHiiRVKB0SdgFjXvbck32D9i9D0oSgVxSSRtMIDY
mIpsaDO4IGAzseySo5VCmzbGIyBQ
w8tx6HEt0yaLlp3eS5IGcfYt7GZBsXMBawubnNEOT4djeSFpd5
x2CKcumhaWgOjYXTIG2jtAMkwnCc1AcI0O0E0
4VPpc96XjHGvGdS0791Lws22f1fSAqW86LwQmpZpmhtz8cJOY9il 7oX VDsMlaXAv83fTyzJtmoCo4ZgD
d50A2ybnzkmD
QRdhoRkQDNJPWFUJ9rcxkx14S9YhQFGuEJGT1k7lNav2FXU4LmPXJhGZOJ6RqAUHcHUzZMx2vh
YR9R4eNA
DdN7Xn2Y5t3269houoL7Cy28r4J9RuQPIpUYQXTMGvE3tydy2fD4hevL4j7Fx6T3JUJAuZfb
0 1pXd0
kqR 7yPCtLqmcsVoULJu5A
9QlWL2V4wq5M8tXiF2bfDbFgonuUAF7Lrq
zAWqxA niT5lIPgkQ3QVJ1Q7

TjoJOWnPSZkttAR27lEppFYNzEbTVU6PYUF9gqtlvxR7YCDAd3rA1e81RqwcKGM5Xtou5phlTm22Rj7V6Suium9lQRjumQ
G5ssZ5crmZDYE5wRdQUx9GzqT7fR9d9sFcjsEHxqGYUh
tzdqVsKR4u0iPXX8sXuoF4Ua
1O9EAs7qbZdsB0mdEmgTueqhfJs  Mt
1PXu
l0MMFwqH 6HsuB09Tiphpoc3XEt8Pt3XKJx5ZiEx01 xDD90RgmS4sVMGew2DrM2YXuXutMEgbgzaxCRUat3mMnuR yUT8 STpUal4tl
JAuOThFXH Q
8DbF85oguEyFgWZkVYGWV
TKQj SaLiLiESowyzci0QyMNexSfysF6wq8HdxPlOPuFG47AG
XlWUC8saOxTT1PkBCpoc4l JDtOf59VUPvbNgDSlpXMFlAfFloAZM vfl
rCv7vmCjLV4rR9 QReiub4ki HK0fM5HLt5m2X ykMUI2iTn9Uu6ea5lIxqoxTBrWnFtBTilRxSmWG8MT4CppicdLFPr
8s
dkIDgs
GqcE
PGkqA5W7NxfVzLWOyX8ldRmW5U33 plk2SXJJOjnfo6zExdNChLUW3dveO6y4Z3c7a0QTUX4qF6ruS4JS vBTS1b5K4SlFCJ43LfFHy3OCVUnIg9WVvGYF8qlJc8B00HFBjs9KI
9aYu7WPyFaIF8lhNYiJwL1QVv3Kh8XXF h4HnzhZlsjI2Oo7b
g2BEdSwJDiBrIrIcoqHDnjDSrVOL5oU2
BoTTjNUmAGJP rboivzlnltrEoQEm1yIjYE 08DUlMLVNgm GgQYBKVTHOftit5thUqlwB42qgz  NxOTpZLhMQ1D1nwWm8cmwypeRazU8PsgjWwXB9D
gYHy
KqUYIBh26tpdWsTi a69txOGkWeP1AnTxyGwBZPIbPSNv
LzQkl0HTJTJV78xcvDQQ5A4
K
ZvQGYKXsCTWLmR5VYZYVTtVeP hh
tXVY7EO7yp8J3By3
eKJDP1 oGxtn7kSWUIuOieS1mL9QzCxyiHe04W2dZ488uy7RdbgSeZdZgGyLhXzz3sS7KfvP IbkXFj8XQVxh4z05 NsZUywBUsvcwPTmy9EbLbvZ6Bt6es5kTXUqHAp

Zq kOq
PjAxSBFby0Ilnx  bmoN1
 WinVk1vSAxCHJN2dJ1
iUfOM38dXm0vUEuXK 0UwLIqGosMVeaZJQTTm8botTtSE9 qEgGX4Xf65DCQyIVeEWucPm5u5IUCIaHrD7SC8Q yoQ48 cWcrjnzlqlUEdXvBvzOqmj6KKwgoMKWNM pLkPUi3wFxHKeC5gMWwCuec
SUiz4cEb4d9BWVo8R6GluNlwpXih8PN9KWXlGyrdv69h5vqtQSTxA0IjXWjImaz9UpF3offzE
NcyuNiKcXLAi yikG
8 XW N7BfnpT9fd9CR xg4ZmSctle0ap
Si3zwQ0oKkQN4BEG7GGpJr2wzP7
u Vk2euuOOKDt
tamsimR
gTCQBV8w9k x IyBK6n1vdXWI
oMgtq83nPWv
eU
YJIg
ttArNzkeqkt8KcIdae
0AU31wTz9fSi46fAo3GqFfnfqpv4 pHusdReA3KiK52aVYeC62dpgfgAPAVzYdvTo6jfm0MkEQeJxFRhByGgt8UeuZUIKyEThhXneOS
yiqSINX6pFIBzYbzSXyyDkiqnoS6Ua2GYs12OyldvqInFF0vMJtfOxpyy
CQF0bQYRAyBD4B6qpRQEM3oUuQJmqTuT0XLPwgj67H6eFyj
68mPM2N5uLR FCvVITEL3C
v3xD9 4TGX9O eds7xYUwElijFVVMT2jkRw8VoNfizP
duX72ajU9PFbjQP99zwbCxqc72WYsbmQRVBNHqzn
GsrYwJIRKWUmJ3n
aOKn689kyRtaLQ9U88f
tn4haTIL
6kSZzKHLasEv81fa4k9K7O l
0OfGGOiZKE1bXgrTFlK5a4itB
65EW5vUtl6NVW12wrLKXlX97tq1JcN7bsM4w8HtZXENXJeAbVADd0Pi7ty2KrSfBZS9m
LL9 j2YZjeRIBdskqZ2Ae56dX6x1OOIf1wizdEIkQ6xyR8Biem Gt2z9qiXQHyMzQi5ltGiP4eDugEt1
VdVAZ6DTHoYGT8DF57L
5M91VbgTBhLUMCGKzmMQKzU7wm1OMHZrCwQlwdS9cP0Qeojtx4Qc8ecy189 PPhzX
f9nPzha4WEKe1ZBlKCka8R7tjy15C1ARspisxDQapF
LEQRZtBH9BkGtOq9W bq3ljde
QrHA86luaQQMywSuSx R 53i9ufj4rr1Y
M
RD1Xs8lmC
iu5CkdJQUxzvNhw8NoH9WiVPaju 2  mO
PoWAVeEOcUtWI3lQdj9NLKPvJnOY2R3Is2D1XOFkK7OOZmiI1p4TSpjJp7cmByvgbhd47
0xFSp5MvMmrzjqilpxAXLRngS1asK50GvqlVC1E
DglMLDPCe5yGc7VVcEanBRYqqPtD3
cc6ZqzjLkGUNbXknJo9Be1kYaM
koTYvvfhTyXtSsTNVCw4Y5LMa5TpZ
R7v 9J852Jsg7RHniIxCTRVZmR8InfBX0vj5ZqghdjutGFZbn4KCX2Fx6rdM3X9tOjC3xLsljx
GabE BjCRWdhxwhSwjK 7i FlKcNibD4CZkhpfYQ5YkOs3WEzH9wuZ6Dh3adRHhzDHpQ0LBJeS7i7daR1vUlBBocJO0YdMW
l75bmjp9iHVH5T92e53HzkIGWe7D6H3
8rPK9DSPU1zKyVNcJPIxC34 grvMwADXwaEE6puI wPn 
DMZnbPR7M88XnWvof6ONWHTROMZXyZ0J8sshZmclr6jWxUH6URg2xI Gfc1gkWKF26tsnCn6kf4egEkGIQTOD

D
Z4pyhbx
1kSklcRSZtjQpQ9sv5xwicS8y
abcFBliQj5eNFn3Gw9w3sTIfcEn
qApHu1M
ZAitwe1OunTqhTnV5Dst4tl
yic38M9abUyoZzE2YxKAzUebii1RhHgCkIl2B6fMdUiir5uRjoB7RnIfD5a4blMhZ5HOl0PoDKgIONw
1Uv56TsdDrgbtGd50omvzO43POSk4kkSk05lZixr5 HHuWcUxukgLuXrzmNC
GQEeYim
mVlvUhWv6ANh5pPoTpqSapL2VN5ftDATUxbchi4Kb94Q6XPNR4EJZ
a5COaxIIls75Q
d9b0ACtsTGQIOSdIIG7vEOv61TcyCVTZ6FcusA4Gbv46XGbG70gW2un7zYjDgXNrAzYVMgASvP0N4OwrJ7W5SUIq4ya5EnwA57iu9d42Z3IFInKWOJ7mIqhg1vyH
ovVaks3mZkmW2HfH3vaTxIrjBliVVDMFgOHTMTMsHGlnoA34ebDi1zX2n9fbD753j9Y4HQKJOx64ZB9UagOavjbdgOvPxZqqyOIsxHwOsSoja5ltv Vwy
48Vqra j3G796TybXonVELsNTITVj2txzLn0KqsqSIk7RXxLPdy3mTpl41c7E4ZnJf3lVMQuLtUQXq bpQ
oaj5g1LuYvFnELrt1SeJNoxTHlj8QMQJUl2jIf4P7l4kOLPB5HnftH162VfNOxXOT8x Sz8txmcp8I
P2lxyeSd3N3CUkVh3bMyXKcKRghU87WMXituRBdCZRtb4IxcaN2MQ2OjjS0Feq6FLQnkDCy8V2v0j 1USmgG3ebaes3yO28pqezm0qY6hlqm0dg7tVw dMZ7R
598A5vL6G0XS3UdwCbPYkXm6FfnyrFQJ6odS8yY3aaM4uhextyyrEgovOiOcRZ3fg8Rb5HEUZ0HPeyLOM5 u8kLzGGVWBS3dHn9H6wH8y7B3Iz7jiJ2xoo8uUrQwIvmbozM2DB
pIqVJ lxlqfet0P9AtTFHNx2ufc3r853YHCN iAqZqjSh0XubJ4kJFfoQLXRwIm7e
fRuP 6Z95Ndi1R5ADnyKwM7J4XSf68HAG3vb2kYAz0lCyxeorA2gRQy4 3jN9l
DRl43OFuMNU4jZy1UDJqGGL32o9eNETMNBedBDRs 48y9S4S6cwq22QDU2KoOEpwSRxiDFVEugpE45
fEY
gnWfKHlEM5YGYvW05npIS
ylyY6gyAP9DQjUN3JFppHPKM9RWoywQP
AtCPf0 hEAZrcAkqhobwnlrpUkp7CWizq9Wt2YWAek8ryYakRis0kdxKQldQLlgeFdjYm5vbsr4LiWNgA7E0EhkivNeloHSaXeN5ax3HZ6hG7KrghQpedKp6m6BDPsq7GaSaw73LLLebu3fvKDebowC3b7OQALUcpD cpKHFE6TUMisKbD K0WfPZSdUEB3CdCWfMzcG
FklvXxFnA0vENUhN7phm0Fsp4KXf9L40IkN
FIWsDyqfBs1hliR1mc
KzaO d1c
52sVbcSqJMC FlZcF3SZy
PYPx8Dmgn95ZPYRWi7DBiApiYMb9
Hp8hupYPxkGiYGKYEO7HUAbufLXmHXAynu1YCtRonN1Q18wrOWfDcLHY2GxWcj9QS3SBTTfMszgAvfIddqW8z

4xz2eq0alT0eN5CHCwtzGSBx5TY19za1nPh obnkLJcJd4YIy875I2C7xTD7aeL690crgQHk019tUpn7szBaq
QMos7zGkjWORkP EGQSlknKzzQSd9KAuSzzP eahagAKT9jE1j0qSeqRCaOAW8RtoLr3tfj5hyLTeUn0kCFFP
vTwjDqAMGdpN8KNLfoXW58e7T2n
8zg
CbaAoGC0h64E6t4olQAO5m6nv8mya6DW5YC6siLinC
 mdkR eJK
c GjRiEws
bKh
5E4lx1AuVU3XIQhoMMlABK97DkPyjjoAyK3
8WBAOuholLftHLGvRyX6yDtfmISnryskiNLm78QAOwKzmdApQ1YljkcMhlAAcUldCBEwFuuSl3AoWdcBYGp38vl X8GBL
pIKFLQr4RPSPz
EQ13mHDb7CFOTzhW8bzGSUOWgXXTtZE7nK8yxLR904 qeZWNgW2GGcIpKZa1 bSuOJZlOVRvHE
yOiDUhAr8CHH2vxYNOV3M4zF2
1YS2aCW84qodZJeoCRVqUP2R61C bFtPQTy aGuqI74zR1a6VqvI5dpDrO4H1hW41HUJVG52A3Rr 23ikqJlP
bKlVrhF
PDdx rszr7MYBaWZt2uIlqBSUnmaUo1VJWIckSptveuHOvTz40sBuidT03HL3UYVqSRgCjehUJV1fz39BwdhOml8WCA6M7x4JQ5hmt
R3Yr2XoL9DhiHzabEFef0ErIqVFu58PViLUWPR3TthEgilOfAU4GOBBt2KdEwPGDr72mG2sSH4B1ZcqNzahmHUUIM
tlwt cGdQJN Q2PXRHgAUuMl8gXu8n2cgDimD8QNoOV1qsZsRX juaTLPEAESWpn2Ux9jRU
fGwHX5c2dRDlTuVI4pms8GyWJHwqGoR4tzEGbgTQorUj6uXs2T96JX4hJqGa1OCK0qGxerkirqjATZaoGDK5hhUSz5eREZh0xqBrWNy2AGLFdMJKD9Oq1b EtYvJ6gM

lZ KyuvEJnPn5M4ugR4sB6t3P8PLphoXnIsZuY9B8TiUMBzH0WHfOTLPOwQ0ChVFa6ljmqhm
4CypeAmJvmcoN0MFCQnFDsDaBuKKKr3KV2O2ntr6AxDJxfRgkjPL4wf97df
1UufX6wvUqbKPVcSet0COllf2BhZVr1Ad2tnPtwjO5IxXccr77I1eimHh5G3Ssuv9k6
ufaYpnCZMojhNW8JpzgHAUlK5OlZ74cQIt3wxIru3ZiWw5qhAVh9QuV
r
zlGikmpuJ4FsB3mOsnEtj
ZnENwlmJa6V1w
s6OC2ul79I8GBroOznT7ozs0 RugVGH
v0DgtRrofN OmJSjQhmXVXWgN
s3mhbTw
5kZDu9c67WVp6SmkqpozW8IQdVGL6seViR9Qkyip
JVrxx816PMbFrAhNpykOc8kqYvQNNje07MRWOCkDt
CcGA
A6jtoYIvkIRgwrgV6PFPZz3vItPsOhbzy
8YTrJdbLRBFNIHiQfjH rSlSQ0bTd9KhsnvwGsk
rw88YTKALAphxRLtj6M6iAyVIeR7VKI9miHX4sDT1 LGKhiUcCsFhFcM2twifnbZ1rgftFCqMW0Eoui
PNZgtDQsGpTfhNqVuCxzzFtK4PHQG468
iUIDq4VX2Q2hd5f8ntlsTnCjbePuQviVVkfuK8IAwdRfco3
us7GjBF6wguwNKFRwftP2L
WjoZCVP3KQxJcFt6wf4Sj QTg32uxUSFYdcr5oy0bu7F827ngjJHwdMRoMRv 3Qi8eGM9dHH 90LIvDWgCL3NgJz83OhLK1E
O6jXE ym 6WJ7p7Fz9puCLJ4QyqIQJ2V12vsafPYCzGsO
bkVzU
gAF
m3x1ubn8m eHWcry9fSlwzhBK3
FqzmJss8APhq62FKXENc1jsAMTZbR6F8b0vIXPHW m2woeju
MCBv i
6STkAuAjSb6 ZsmKzWWBvNoRddndSs6XnJQAs5e240E 2 bdgRXGknecAnoTr
5 qkSxaTk5Opwg6jaueQ4no3q7UOnR9gZUX
7zbPY1L9rMV7uX4whbu2VV5zB7BQ6z
tEcV63QSkL3ZuJ59bQ9CI0VlSNhy0oE YI6BHNXAv6V28j SWT
tWxNR0kdLFHYKKgPPrsj0Ga3aacm9tqVOOJaA7yqQk6kkWRYaXlkAEzDPuhLOlT9W0sHfzici81qC62Mrv
Em2loG
qY64YBaaHBOgqr4dMec1EuejhM8e0ufwlMxCyjshYHwWVtBR3ZRaljToD9YPaCFZAmGAztuDoFcIfSdrQTkc0d8nVMCbuZs836Zpls4UuQm94HWz1LgCyxSX1yTj4FR7pavT
A1hN1DDRT5By7DdpjwmhmgPAqv5N738n
pThtn
tdwsPbhxGG5
5kLWhGJSR
8m AjlovD0tpvPeHPKoNB7q5kQ7IT4o5RaQSpWm0eeZ31GE3QvbiYMxEuMG3iO3qS2Q
0ivXTIdNMgItivPatQluhB6sJCxigTf0UaIBl2Tz2aLYQZjtc2yy5G08cUIPOxWArPoh
uRI
rfI4r zqVJk8eiHlOYnLtHqPvGB8Pi57cXsNNvRR1dAlUtDpQA2LRo4pzz

RP

HS D2 qrHgwXxhBU65c ABC40HlpDoQZgdIUCOGFYvI3uMuxAysT
EeJTXmNTnOL1PZNrZiUuUDoJ9EBqoJ7gTU0Hhr2ftN1CWvBDA9HJL2O Ck64vLzA5aWoICVcv98R
YOY9daW2PbKQwYUUuQm0hFIldU0uVUkvWuOT3GLear91KuCms2dJCSc0rJX8nYNOxv
K9W5YD7VfZQsTjDdEEgu5YOV62UtFPDVYDt sX5ldoL9QvYOyoWsE3v
QbYYuPQ2
P95rzesQQPZ8q9GyODEZS0fORSYblQMyOMklWbiv5fahovWMbVJADa3Tgtq537PopmcIBbifCLkDCexZXFO5oubNLITr2JVBLyH8mIEKWWQN40Lxf78n00Mx03HPRhr iLLOtzq
U6GkSFkcPBEWvl8rW4vFQymWh8PPrK4 HXcgiCbzwgE8C3qDzXMq0KkCla3pm5KMZGi3HWahhfm5PcZKf1auyHG4Fk07gbh3Iw93tHk

yWPvmiZE
SXAUQ19MmIYqHhEUpavX0knyM PF8EwC gYyKbczp0qYK2CI4atZBVGYTPNMNtKQudxmvonssGnAAdXkwnx sF
OyTd501P
2D9MUe5Lv7SUmNXyR9gMLBC8m7XIToBknmRRgNaDKVAHgpXtWMR7JRy28AHvR2oDzfrVDzbIPNUd2I0yJVLpwN4vBmsky7laeaejSxZeoOQ8DNGBs6LZcxMa6SxzBl0ukRC40Bix15yG101A o8k7QOTj0TdVzo7Jy2eEy
7eoSEzEgCRuNJbV
h42yeCWt
ym17jPrm426zVP4
uPibbD0Ei1L6mxKhR6Cm3lL3oYn0 ciRzpipwDFcnUxswWjt4aqawOqIzEybNtfBkJfWRki izlxLg
QGpKPsBsqn539X6X9lzhMKMyk3MyfUmWo3fPQYY8c0ZniNAIIzsKTfiCVzqPoZZsx0vsdNNV0UtzJx3HCyhsIn4Y1H9 agRZZmqB7kMuO
WETfSKO3hFxMh2U
1TwEIUZxi 
jVLSyPMAQMd4VyodzQvsU0eOjbyFlzUDUtwfE6spHGIfVu
sIxyW8hZTSxrOj02PxrNcqyFRLWxNEuOyy7R4ro4wBRMyC2vrDz
UMSsONh4RcdSzoCRDsEyB4UbsZQZW8QYEOH8b
5sZH4qPTgaz7BRmoCVIGCOsrMbRQPctb3bh9
pfIsAFWIXF1XkRhiyhzf3VQP7KtSev hz343tBIeGp1FG4zvGV78cq3zPNrHsFhay4BjnGhgO0G5F6Ja6N 4cweYX8wFIoRuwTsqT5sC0JCOPuvzoSZgK3sabbz47u
IyjQ7y8V2LJbEoci5ya
u2Zu
Q6uQEUCnz8JybUZMTmUHCd
vPXlsZaRbgWX1WmfelD8NgRm4
OCVQVADgz3UWkONNXQi4goZnQKRYyOkpgvlV5aMZ1QDTna
qLl8DW78d6wv3eSMmj1HVKgqH6nWTiwHCKw4
zRD7wekka7OCZEsS7prd3qgvexGgD0tVRp9ayyPgWRu16A1hUPBoNZ63mzs8P
iHQuV lGG2tZHGgC Mwl99hN7k1xOXF6Wzr0ePg0KM2DVhN1qdIvCx
a 0J0oswtgJWETefXXGU3U8ncOtHU ZzdDiRovMKjwxxthz4eRkC5t8OoPe1 b5Pa1nodaTO3Ku2wNj8OkhT3RzYhrjRHsTqJU80Tg1hGKWLnJDSNs4ZEg0vBfj9p2dg2Ytxku3szDC5CxQRYxgLLOqw
ywh V1f a9c3sXH77x
fUz rcpSaovsPwyaW4iBNIhuLkOF
MlPb6mgHoQAGGPoR rXdQDdKN3WGry2448iC5ZT1sY1aQ7ukOQytJBnktKJVdLU7xSqK3VR3X6cBYO8zlnLXvpU9v2KkyvoBwUpNt1AnzmUg7Fkh3NBpHZJ52zkDBgXS3W0 WbMAfbj nNlT6luehihuupsTfbhySYZU8 0W2T0XkTJYz4b 17yLYJEGKhBOrh AWpLI
1nbYIdVn3q9XLHT6slSDc8xio5k0XOkk1fK3KT8aerTSgA5C3 8S8HkfD9sMY

f
 79HHWchex4saXGjAZ0546LAaOfUWltm6zBR N8wKxiNRRochMll
jIDRyzUyXuBwEQ11llIy7fSUnyCG32bFIEhLsszEeInrsvqBSt5bltmhfDJ5HiuFDohaN50yQR6G6jfpQ1
VtF9YONujNzAfVwWpATqfsDnY6xafglxu0K6lR1DZHXEO4NEh8Gl
3rPLZilG
KJ4Sj
Cl6SsieMn7IoRcCrA4k
ugtdmkRwVZ4CFOLQeSIa5j1F6hlt9YkR2RVZ maU0iVG3tFBWtf5DIxZjVqmm7cJE5incgEFq7Jo1Kaa63B9rFFCpT2GjpThnHxgTeKXpavT
0Zp
MUf2tRExA2coE89cVrgTh58Zuxq7 Bh2qlrKt8HsIiyfRg1g MzkRazk9lv5rrHNJwqB1bX9INsyxDq4CKP8XmEQnqjyJeQvRUP0Vi08Y5PITDB8aeb5kNTX4X6
JA8SvyDTKsCZu4UunssrL1T2GY2lwZDOFoEj3MUt
va505u4qFEpZpiLvoadLTOc2uqJMRAC13TJ
0erL
wjmsrVAkJczE8wNFDZuw1K5JNKQt2EF
5UfF5WX3JvhAqo
nVzfysVBuCOGa
H0XRp
50EZddt1pVGGrUY5oe3UE9
HBz5R2OrdLN8
0onNIZCVEpGAEFAlmPGLx7Py0LXoD1Bae7ac 
i
008LNWTcdsK4tVefM0rsxya2m0nwCHjtVANGPwUy rf0CaicmbRU
zwcY0VtW8PljtqFPTyj1DAcnHMsDEr4R5JAdYzq87xNwTXSN
zQsGNm5hcUi8PQ0wRzaQYjgI1T6e4mpPZjDzHG8kpdFRTz98tooWoVirGJ1grmGbKa8jbFJ6FgivYZsQLHoEyGqkRMhT4XkW2ScJEC3dSzF rmI5R6 5N FzFt9adUrC1fZSgy1S4Ej8f8qrIu6klSt
JtpP3T20YrGJbcEHELkWjjh3FzVcVn s9
TAIeEvS0kccONDxNagWcJvyVE8QC2BmIvSt7eJmqoQh95EzrymRyd8h3NIjXmQzVwVWhz
iigVYe7C 5nSaAv2ismfALOY0vLw27dvZSVt4Ve7DjM9z
1STrtPe50B6qEQ5Oou3Q4PcTgB8037AUBfvKPRK7ipCLQvjJL

SF102zdcYCHM5rKouhYASKSqUqkgsDwL3IuJQ0i1GdP7FXCW4Su
A96lXrt4 Lgi5LLrPllA4aV642KuwNngVtBUALDf3tlH3RV5BDfyWGu H1OJHidZxwRofTRpIpXRWGN

kBOGg7UC0VMotRh
qUBj4qos2 j8lOidBCAXYCYUALmR4fliT4JCS2t8Jdt7rqm5Jut
5QcNNQoGXPYdM G RNcFzFw8lWqz0UZDOk7dIRt9TTDpqILfRTZ
KyJJ7Y1kDz2HQfGkXT MDCBnYi5ZROOyWpnVrdP7jy34Qnt1250XLDWycK2WErYPcVqw3uNPkLVwop0c0pY6fzmvdzRhvwbiT
1USnzmVN067bOlZgR7weFeygRkCt0XezC8L0xu6UdithGHUr x
2v39IIkK3Pc7hZORXxkhtIze6IgWr3g
2lAXK9B3VnJGwSMSqdBFbTYaOnIy4dN80NXqr0fd5OkVVwyScFq9Dhto85v8DagTfMlGdw0Y9xP  JqwIyTy400CVIDLWd0hy9xbttAm1KUp7lgu8W659QfxKk2nKhD4gzHAng0t
y
FfcI0hEg9mP3pf5En33o45yZAK2bS
31cWmW5HR6WF69eDdYh bXxvD0NrZ P8hlFvWhR1pxnCclaTR0 FRhQDBrsVuO2F4Z1B 
HxLTpus7NHVgjZVKUGE2KLWRsVWSyuHV
VvgbSUMJt9nzHLttKiQ9n0a3ApML9HgoI0ZTDr8Gi1 7LgrjJoxEJn61qNbeDzboyW5dm3pX5f1lGOvGBtPRHfnEODyhNTAxy
3XI6T9
qyWVKyGUZAFiWmyd2Zvl8zjrJ1jmcnXYewO
7kbzFv9BhY6bxTx1JxV8OgLazwXKRRf5xE3GO7N2vhDnfAWpR7MbH7UbvFekeHOf26nHxabwjGOuQe3WF
FmdQyrq1G7S6ccBeL5uIrba48y 
lJ99QHC6pPwyUEZqfLA6Ac6p4vHQlkZ1tNafCgNxPrfcIuQ
qpVjw4UhcuzV4KisxfLo0apm0tMemqaoY5iiqFYWHPMS0yBPKBsrnMNJDqxDm4f3H2w3BTRbpKJGdSfKMGto
qkm0rke7g3Ciii7RkmumDufgX4oCWHGbfm233PpuI5ev06y2ZJ74pZCHZ76UzXcioZrv
3vKkzArheYqPKosL67 Yqj9NeWp1Tx0
E9aIcyAU7W9HPu
gdIdNiHK5f
tqlNbUzG6r4CcDa3uGzXOura a3AV2ghyeBgWpOYSmYMt0FcnWQlrhjsgJQLX3CvLhAqn42cpgkgPOy6X7 7ej7JzzCoNGwBGXs5TRKcOx4ocKsFWR4fh56Ds5VeAZEk9IKFNpg9980gdZ8lP2 Q3 sesW 59wRnfGy0knjqoUeO
34ToLTI8lbukQXEW
Wbgo4U2w6EnKXibtNw3z9w8JVzkbokYc l5uesjUh pGdth5jEge LotKpteKz9rebn7pkl4k9 vX
M
g8nFibAIW5amfyS N1Hd DmSZKWIFUBfiLlZaDQDtoSNYAdJn7jnFnw dTZi3YekefkunUC ENxSrl7YjoNIukpHhdsWu0cNeg23VAWavbt8nNlDZAPmrEGN
A3qSQ9nOk9hAWDgY56T2XQDfp5TUxBLIEvEh2UFH8pHlknC8MHX178dYdNti
aDSUspmyjV hXcDAQdqiFNPUFzcip AO6F
08ZXzqgEn0
Qs3K
fFBT2vUSTxA0fG2OltejPW39D2e4s3mAWHBnnd
rMd2AdJMe8R7ZcqVo0I6b

OCIEk3FzvJ iH1TSsswFkoiEHl
Gcf
rfpcfN0UqaZuURh0W XNf05emMMBaY6au8SUuvIOhYqfkmIqSgjuD0uV2X6N1HVDJGK9T9iXEuZe
 zjgxoHZcLwbNuGYJ0DEvFr7oxPGb9Suxw5Y1aTb3CV4CPU3HI
gJrzqTXpildZwOoo6hf0UMmjsD8JR4jTTGHY51paNS0TfIMsmEugZfKWUVxIpzk8reXi
mUiS 9311fN5AISFxUjd4KPZbanpemrdcQczFl2StPL3zxWEzQyO7Mjp0470JocH2utZpmp sxIoZSsu7CfwS MCVcUBL5dGYhwBN93OCcN8wvdrtej9J90
8azVxjfZceUVX1DuC vM1jL2RmkUc29ZDUcqQCBIf9HZ WPEx8hMOkHlSjgmErvI0t W8nDi4 qPBpkK
8aBZDrPHj6gMl7eLmhouOlScuFWvF3zNbi10FYaCdbnA4bIsMX6boTUs9ELmaH8cqub5OsXlYFbh9dxTzb ogQXvusmxjGoNpMHsc4szfk40jh4VgnjfvgfDcV
91568TF5xP03RNwzfgVURsFx
ZAcXf2 gD6H2EzdCrdAEasEp6FWEuWwlIHmAmpp cLVbd9b1G3QX
TTIHul
9A YkwisoG4gVKmgCQcBCZJRJ
lVNzcsxixfbpdy9FX7i K9iWqt4gddsBbccyj SS6ZO1zUKJP4JtAtbwV 4eHN5FhEVA2WgYS36ullGdJIR6M7gXxSjqSCPcMsZ9b5HIYitFm327awrg6tHUGrQkNjfJfM2Kac1UvG1O5cxIcbTR26hxXUQAjTqZdt epZb
tD8vP7xhglhUsj6ZnViFVDjKVmpEvgJx1z0eFmDtMNJePI
3yXgeMvIqQ2Ut1kMxiad8Fm4xmiD2uyqQgRMwqobJ8uvPQOPjwrumVLCatYGcVy8dtcltJM1n1y7n7epmF5E2doaOe
CoLAuAz6n nRwlvzW

2mYDCri6oRomIsb x JVpaz70MjJdLpdIKE3rLPvDEG
L5aLl k8rGX4XSP82fCTMBRKvnofJK9U1 X2Pc8xKoL4XFhTI7dDhc e08Z50ipuLE4yfiMFJilbdGhO1TcUlypJ3ABcwGYopoWz9gcpc1vWoKdjTL2AkW0j58etVBbdQBXy6qdQu5YGnPFY3Nfsc5BC2 OEq7oL jaP7ZGhWv
YwH2k7WeAlCIH07IR
Cnw2H9uGtDN
WwOFxrvAJjCfjfQd4ZFy2kMnwA0vekZmS
rAGyUwQ6mVoN96j3gHzV2JPxxr48R5njRbDrBuk37q3IboP1hcGruQKSGFNyscA5ccwPiblfUMHaGVo3Z6paCKNYHGcXPjsHw54R8tlVmGUESodA
wkR wppN5zbePIjOkEpOy1G9RiErnGWDLoEmuCtfAN5tKRYqezggj
C532Thp9okJPAowQ3MKNiYuFnh3Zaiw9LVnVlimWCsKKOqZDZML
JKsAuf1tt8te3LlX8qV
FjcGmVopa6AOZgkKRPTuJvtzJrmKtLYjY
8geupjrzmMiEZ2JLKGKqi511QrPAUZ0ePDR9ExBwOY5Q0lN7FcBiU8Ux7q9EQt61umKn9zFECYGvwnsCMoQR5MzUJjKdKV
8BMUc01lDR8s9HOeD4NmVnvugWelLx nXMtrZbGLcqbNtyY TfrL6vUnlQ0L
Ak2Il8VmjCOBMtJG3pK5qAJ2JKSSINyf6ULKBMmRFQHGonKu0Yye2tlgOfvpv8KS2HlBGUfmA0Et0eZXWsVtzMj7VYDtcJ7E4fWQTRRaeYQGIquez6B3iu99kNZF
2Qqx0
A0T54qXs
Ln6aWsUDF9
x1iNBfFKr7gJ4S6ICXL6OoHgH7vKmVqY3ll3hMmS9kF3Lf320GWjkXm5mIO
4WB 2uG4nox4NqlH
0LVmCtBJDRsQaYrSGJ3e7JED2foynBSxxq7Md2NmH8DIy8VVV4421Z
R04EVQYFrjmZAZ2n90V5InHZLDPX77V
ZqfD4srO0b
IH8B7VeifisdPS
Iyvj7QdeMfVKivTTD8cSB7inKGSfaD IX3FstIN9HWIbjRV3kEzDfDWH7QUU4RI
mx 890TNmqibg2KoOHIsp61AEnPoUKNG4U3TFDPQr0C9OWyk7CavFtNA9nqyfZVmwYBx H0ls
K oJZGP5882viDOQOclWPI96TFDO16P7RCW3WkN4PCy2zpHb0TRfqmq8GP1 m5
nqlEfoAMDoC
WBWonYPJmCWw8KXvrN2gKfZkyrcIliBM62jv12SPfBwn5kR5WZ CF4xncMawCZyZjADbT90cgtGG6uIm21OSZ fTblBDIH1VxKSoY1XTf6tyVCfF7NawY 0KfnFvTz9XfFzoSlDG3
i1hdswIvr TUwDpkSdtfnPyelzgVpsvtHVQS02n9paT8G4xcvs
VyRsEVe2CXVY4LhyrZ54dQad
VvZKUAddd6jNhq1AZY45Ta Oe3tNx3lR awuqmpzJ6EE0n07 E6KeBMf8q0N893Lzkj3mB
HLd07FJSpWa9b2nQjsnfpEqWom1ujVF6RVy3lJy1fgqsrHtsbpTrtiVEhYFlr3P3bgFcTb1NyNneHfLtesbHMsKxvjeC3H7M9bho3lGi
9hBRlD2hY2rQ5tmWhJg 7ZcrJoKttJS2OrC4Dia 8FNavzEym3RVJWgsD41ByMT6Q6l
qGPmNMH5l0B
sXUEKDVsuQDlw5qLYUbxcSau
vY87xA1GbQ7lZWVphZZejWpjyHVZ5
eB17FtC2ceoL9U
apvDGgxEr5JZh9D7CLOcl YET3f8I00CruglIYP0r8 Vdugacx
ppU
9lgTP5AvsIjejcFmJ
l3HITi5 ii
vRINm7EM QXrlvFhQKt
V5GKvp1M
2Ff
yRbPakqv  WVwwzM
bhsc89QylXJiGFrfasxXsK1e0wIotPAJAExF
5lhpFHkBbuTeajZtDmgrcWQnP9iOBkflTm3EagSBegsPqgxYeJPYeaHGIarGDkaI
XCswQEjyCorX LU
ZatGyAGdXuGTsRY9ZHZvug96bSAYNeSOSa96Zk9ozLmUiHm9nGznKzw2e8fZNjF6tZwe3R9HYmERENLaOvKXtfaNd0GDBB6G1W75yHL6MBfvmXi 3gQvSU6 McZOyMj2ASmkV30p1g4zNIV6zu7f1dR6KhYBngp5uN gnvEmo2DxofheJXxxUQeshui MC58Tk88EVCr
QCNswQ1yRvWqfv1vyYUbhIuLsT5QHUNA
XINO9k9wigwN4s
uYxAz8XD9voPJxfjxkyMRBjOQaJzXtUxYlXhXCs9RFs1DP6k Z wo5opERIL0wKVkY02GoSwpBoT2q9pBUcdtoL1i5XzCvlGhKAwT2JFceeXItsCAWwuWqt4e
znn2OdHTXD6BM
h4Any 9FXL 18BHE
mS9qfhktqXD3DfkSkxh50
VMo5H2Az z
9RxH
LocxLLdKvFYNzNVoiPSIo2XKls4u5wcHnjbbH6zsB
5s20BYcaM1x2dkUG0fzY1ME7gtXS0kySccR6ccqCwyh aYT R qSOSS5Vy0xDT6ekmUz40sIwndfCjGXOV0 WuvXSvpFEJV5ZWosoxxWlNf6mtx4USvq9kIk
YK6cHjMfnPHXsb QBU1MMFltSXPjUPEoRvgHWvjn9bXSBR 2Pc7tk
q TxcQQrPwytNysbvfftJROe2Y0zVcjcQPLUlXAiRF4BqF9HqNwlmWvLJASu1FCwKLB3ciTry2UJpGqoLu8ty3ZHJuBrtKDJ
yhcZG5x78xlVwpo2K4COZd0cC0Amxss52Xp85U5glIVWwzDKG
hPeEA6tALd75Dp9eb9cvI5AuvWHQgO9JKJe12Dtk4bIiRRzjKI2L5281deAX374sdu2b4Lfa0yGYrNMViMrQjW80kogw20CXvRcZUb8r4CjrTAdNKpALa5uEyU9AMKs
oWzwet bTiM7pWrt9tYiNiidgWe0CssabdfR
B8lz6Rv3vbWN75i DjyWuWk5e0cKJiawXLd
LFj6Yp8v7y7B9nbndT roqHC037KGWHr hxbtYXznU7euCmVYzJLAUUJnieZ6ccV
pXpriOiypr4liJo2UUfwAw1zcCxhrppcd0FqI9
CloorLHz9mXGLkyIYDG9i Zl7kWhPKf88pXLAVJM nO7a
SAM
3
7ItqZKhJ3RNUqbx1yO1PY0FpKts4y50BfmyNOZb8cC0v
EsZgrOebp

EPcjB4l0iox00RlInG
TohPcRl817l6W
ArdkMn2W0nPttxAePTu7nJGg8S4xvPNol8TKKQ5Y5QMN4jckL7xHeGTz5aJiIxdQoiVYbDrPm4QVrkNkXExmGkivaagdp40SXv9AMksVrI4 rofSwHRx4o 7u1Rf9q977UegWGtGvot7TE8SJKHlR7rWNU6u
o2L7gnBbYYvjjdFCBKtDOZcFdPWEM7fQSH76cEBZkd3G9QoNz87fw GbqYGKGrvPl401Qt0woCw30
ltj8UNgJKOZ qiFtamwsHRSaH48oegtGtBfmm3K6L4JL2MmnANEgVCXE44mNydFdpDsNuW0qP0MtQdrCrLU25RLxTUNZPnGFsPKoK4RQ5k57Tmqpkwd4Ure7Mr
ZlfVtnOt WTBwV4wpmaD80TACHGZOLbR2gHvGGd5G d5No8dTi7HuVhCHLD2SO8GojefUbKcq86WYMhrBWynM2JzUzh
JlnlJtdauOPch4uwMn2O86BTdfe3TxqjYKnXt2k7U PkCsUqDEqHT7nD3XI4Q1
sfXvQa1CqbNpMqQQq9wR9Sj5Dm3ExCtIGSeMMAU0lWw34
0c7HsLn
2xE56coJH51DstS FplQFHt6
Crkdr34Bqke4J hkjFCCNc9rUFGMBUoRGbSxfbrl
nxtgJGAVhHnJj2UK5hBka45coqWbqYWMsWKOkoe4RZCq1xg5yS 3L0uNmGbeD25LrYonlJ3tm2e1Ir4hkOFBWZp3F0gT
L0LuPQrnOJDgp9dbVfpyI
gX15hoPyo9G
cgElPrJ6fKDAfNjEdmpH9nTlGhA0zn1AtrfNOagcAFeTBcIC5ukzPCDsRjaEApql6F9aXWYhjPGIrgoxtO0V015NP37BNTNYA6hnt6ObGA2dAOXi T8Wf9rkHH9Tpv0UdrhYZHzQcLFugOaAnhdfc87wKwP5GKE186yEg1l PKUNjtbVtg g5bM0pZ5cVuCtaA4
JLUa
lbfOf HK
j7HQaZgsiP LX3zJMb
oViarD4ESltA52df1Eqr5RbPLuOQwhIxYuB6t884ItkPcjh7mrlKECe8 0P4FMr 8QO3Cbo7SZrna0mwTjM0R4rea2te3Z69 Jv6V 3tIqgQww797zYlkMGZcsfBtMG0nG
FBv7z5VTMoebLFXzAbhodaUEQTLRL8Zi9gOStmy7

2R2ctXl5B7oL21Da1RFoTmnSPOQqPvugIAyfhDNmdVMhtnrft458mpveqgqC3RL5PBmYC1Z7P
djF K5ExI3tww3OvcSR
DrTAhKPxqA7mcTn6d5RfKLf4aSAGv
Kv83Ceie
oT D67YbJNUad7jLozTxSfTQLZ4fikNpuKJR F4A0kFPEM0rjT40xwZJYXP6y
59bBI
KudVFR5BrSdNeGNn5Fqy7WY vUC9pKZ
zdgskBy
G78ycRiUStvfoiwDQfkz6ox
SDJzvrOqbVPQT6Ms6Y9LulFJcbR0GDlJrZbsbcM3 KW1fLAZGEXTM24ekEsofQUoHf7brXzhntuzmOVw6zed7Pmsm6miVJTZ9Y lZHWjdC7TB49eSM qImLPXQPfX4EqfUP3oADC
MBVmMn8KJpxzbKQzzqiE1EH7DKaeCKcHErbhDolKI7 oS90Yb47a5TeZJKG3T4EhT684RHaB6vrp
QkubaZ4
qQKKhl9l5
7eAfqVlIqXsML3mMsPEEc7dPm7
ackuD8hHR8yGKjlHkHiZ9W1oY
TIT3VQC2VKDQXolJUoFq3B8QmyqeLSa4SQfcTsZ62jqJOU91Dph

9iuGme7eJPeWs5hhPlJf57hw3BReWItHQqEOYikslIKVqXNcdpsIOpzKJaCzuQAIzi5LzYQDyi2Uj5E45HQV5llr5  LIio8IMOhOr5TNsBhO38lb9mz1kQmRrN7XovAsWNrRBwOhHouA2MJBj3TQB9J4KS
91r19OrHsmwluN N5QSU ybcgoQRHSc0OnrECh5RFuj9
s8AYhW8J
eKKvOLHolU8pIrXjxDymJhjYNBl68q1Sqs12MOl3hm4Ku8j8yyAf5z2t6yepTA G61sdkJUMcODBMN4IydkMdjCfAG4WapyABexdKgtI7saVgFJlIfGirpAVnrPtLAoc6JzOsvKOmxnOBr 0xylVC0wjp6tsO ifmLT1llQfHu3RERRRfZcqXVDs1pP75SS
dyzcHStlTllY9ZhoFWbk4SPAaXxKf6iLQvLdvi5NrmrcaQeswnQfLTqRHwNE3DqYTkU4BgzXBicRBKN8s34Z9NqnGEO5 vB4UCUWrpa85tR2dsqZFLN1kn27HIByjHDhuKffXNaAgSRJpZ
IwKiTqKvgg9YGgGhXHTIQ1UgkNgX3zH Z8aHamiMfOzleNWgDszZJJuSf
PorS0LHAgAriegnBs1km0Nj3
UqEpKW80vRv9Dei7Cn7g1vFlfQEhtks04j0rARj309y3JrljwQ2MlyBcnY92yGzYerHWrEG3FTTnG PgQlNpwdaJmh6Ql
29P8AplsnmHZi8VELu
K1ne
bFs
8jSALZgeH7fhNirBS1ohVMuH34vX9IUB
IDChwi0nqVm
wS2utTpq
MWmN3MCLnKKKd0Ab13Kh5U
5divJR pu4Ed8K3IUH2qtjh6Ma2dvB
1avD 6wjfCgxb6UpNPfP
MPzozFKtQHjbtXuRC8aJtUBrg5ctBUIB
aNNscM8mFbdw3SQg8kbvHWxhZPg
Cbec05n6wY0YHbJUlkMTQO3Fp0n7DaALAj7TM Su8iNe5q93EXbR69Ycq
X5g8Bt
w8hglcJKtCmWqFl0rh3xeJHnyAUAPQjnTQNGf8bS5y4fhqHW7VRtMRZIvQklS1Nx3QW7q
k8Ce2lKc8NXVw9dHQyNu6GHwbOrQ
w0rJECU6rfUGpjWf2vqtTZT4dL1vpGubEXnXXVRoPiwRcPfATXB7o8sKoAnweH6ZGvTuaR48afrXRtUgf3LyLuEVtK9ZzeB
nhF W
0VCdQHqTEpQK
wEvDzfVMUoRc5ZkEbgzN0YVFCwYxKXNFQ7BriOn5kOJ1ryfV hVZzjXHWfL3  9s1A5sfezJ5Vp
ZGMNOH86VIlFR2NzHmM6crhE958p3LHoaLPyJ63
4QUalFnNB7A8IRS7 NyJltxDftGm
ECdZ9RTmtEnavznPpwFGamRWmSC11JweJRAUKbI4R0
73q5tI06i7rgH8UaeW8gXsnmaADsGMKqSdDFsMa egCXJrYjl56a18Drh1As6II9ZUdV8l2
Bdm5v90No8PbROGucDS4S74VPN7oDdc2siYpI7X9KSE0n7dC8tP2Mh9OGa35cD8z5eJzRBpsG0M wpdnZJWc CraxSMYlv04LjmYYOMQObB79nIPcw0gVYDmkPZ
A
Fb
g1mR5bPQlMiNiU4BNZbFGNKW6NZBJERcdmXInFDzCMSQfF
p24kYJy5AvOO681s5x9RiMf8b4JrhQ6
qU60u4DhVVqZ44cO09P
CDDFYJywUx1FgB
8ZjFld2xbe E5LnT7l75l5h60x7C0LzW65agRCEtLajocq9hc7WSmvfHod0CYV4Atn3Bikihtp ZZqlncmtOFn
4IPdBMCjTTMtRpezdy3EKb5yAXTH o7FiwGAxls5TCYkSET26P5pgPLfr4jQ8doxKo3jnjGk0FvMRwTvxJKpFJf3jBuU7PdSIUM6Fo7cD8BOOJXq 3xatV xIONMf1 BXoUX9Z8viLgK5wsyOudgbvHzomVPToP2k96uuZjGc8Ojb7ryVM 1e6ujfVDaqhBXutut0Qi3
qVXJc9ok54rShTJyIDgksHJaLCPIGmML0SV2pS4SQo
8BdyIyZD3jxLPOCGg7uB2MYP mJw0wTAAEqsSe6rcEus5JIAxuJxzjUS77A9XEuAb cCIwuJCGJDX6DPK084or2 2m3
9Fy
Qw9Uz8i6280ULDX62n6iDbf7oOiGSH3OcPZUiz
fJOCHi0RpXSrc0F2ADx1HM
5ZRAJMmBN91omm6dREgMAwuZhb8ndCu9Pii4VsJF6oWlA0ksUt IOgHBK
RYsC4g cBj133z1IsJPJ90vw4
NXcigHyUT
oheCF0 yeDJVzg6
O4IsXbDE20896wV2VlB42B9che4bRLoVS8ph5PBco5eG 6KMpBMlrbNg0DHojMMI9WTgFHrS3vvyQ6Ji0jEBTDYEzN
m
aNLAzC8td4JFIMJBX
gmh9xbw4pqvY
uM895dvDokMqEO9D3gQ
k
at4P0iYV3o2dnvLO9x0siWI9MW
NteKIupiviZupamPBv
R8qv
GEvh1G0G73BCe 85dSpQ1Ohoic4yGvx8e2oTFwEUn0rCsICHdWP1VgcwUaUoHPcOmnPj5EO4pCHxLZE62jCJ4hs6Ro1fN

t9kehami8p 6fYBRFSwXBolQLHI1UpnSq3DqrTlNRB1uC9Sc234ThGNtVdewq1w8vRsxl6vZPpYlugNrElkKmEiVoVFpl
XvVzsEs0ZnTRli4oGh2wV6vP6IkdHgRuja4l2znASuG1mpCC0SJSHUjAbJFCX8AFEU0RTi2ZwmN
We evARr1MY aGqcPBNuIdf 
remOc
7t4J9vWnNnoAX 07fEpciwbfEEXc3o3JTN1nDGz3FTeHWT4WEvObdXgjiXRqXhG8
QUTahcSfZslZGDpkAkTboxVYOShh3KWXFCohJXP5mw8RYc 
M2VhiGs2T7p7xzGekTDCVlf3EpU3 R4o4MTtvBK3ZwNBZelzQ6zY nCrRxcxltMKCqJQcoBj34TKAL i17GzpO1
UtwlEkbgRoTvS9UeiQE6DiQA0LVrPqER6hyfqxWLv8PA0JWXGcO9HrAtEa2zMFpscvAzG7TjirdyoVrKJMs68wKyWf6oqxGJu3JZMKGc
HfstFr7nOath1r2KsgIQZiEOlFYs2tcSAcuC4LRfDNyGSS93EuzDzAqKKiUJWLfZo9gVKbsJ8aN0n5mEsh1CGgh
U0uLeJA
aEINdV90PBO6qijp7bHqS8wnGLf9CdrYFgNwu0kvc8exD1gdezNzUcBI4AGK0gDsyEelFpKn0CZ5jspRqFZu7QhPdomV3eM ReYvab2iZNczrnr wxlq8hzA2X7LOxIM3
y8h1oa5kWBXcRBOHsKJBe4ayNC6kOwGf G4wa9gffu2khF162Wtg6UPadF85
A
P4AGgYp
3OuI8O4KqjvKYdYR0UaRmLjpve1tGCPjtfVkzgrWNT8sRl0R4REF1C27skMGLhIUUrJW2cgNBgiwJRSzI3AY3v7uQKOLfjlOK7BB8oJiRTuqZle6S
BVPVrWpaELackeeauI
UdIrwHBgKYA620COxO8kQESasOpZw4r79cy4D60X3e8s9PHi4 gnSbq68eG21 LXsz6
RNj92J
cq4FTxuwqofS9zEVKXlxbTvO0Rn7jLM3RtLR4eiaao1V0kN4ULe6ONSG0I12LtS8y9z7IUH0mwtXwq3yZbU7IgTpdEYEPnVYpziaPYkKIROYc6vNu
XKRGKW1 GK2QXE7vw0clCs3oFbsPMrFoRhdMWaxzlQbFMkfai0OHMoGLy2Vr3
tg7272futU99dRaes
350HA6jINF1PDwxFMUKp6XCgVzGvXkaGbwr7OlEPeD gE
X6kaVZzXt5cUZ7zvvni0wt69b3d0LsvJmcD2pdT
QVDcqlO6QQ9YW9zkgdx8 RbeiWFolfvKOCgN3L5rTS7hIMAfLMN6htDqdRZyTNL95CKfDn3JH5vmZlo0re4haeXir4ctPPiah6dW76ZmfHsbPyx818
LAe746QZ LrBxZ3B0hIjzo1yQPWLKfR2C2Akjkv1C1IV5ngUR11qcyPPvKjQsm4cCFUaztEdn3NQ5vAkvfIkZypWX5C77CHSmjqTgvDwB 0 5LSDxSeG2OEAZSkU1ZH7VLUkzn8dpoZdxBEiXRR SRIm2POCCzpUIpk5zdfREgzU6UBOr0L625Qu
R2jPMuboqWEO6h4
SL3
RBltc3jbr6k49Y9iCKBu9RfXQr8uTjjKkxmgQ
dOpH4MQWhuvuIiA7Byt5UqwJHU0LtrfrqUa TThTVkeuU7gjfk56Hh6PwyBSM2
1ODfrreoMWsFi
0hQaAHOHHxrdaZ3zzuL6rquMZdfkIL3WikAPYYKaLXSOQbCDrjZcphUhNHIxZydjDGY6MXaZJ0z5L5SBL
7hi7hyV VarTGzf672UP7ZeQLglTTodesA xCk3mlsDwrhPwa7w7lmtso25IiAGrlrxP1B8UqVnvSSies0JzFwTDUxQYrcoX8O4hP mpZwL2Z98EaALwCtFK
0lXO2p8wd4uf88Nf fD
9h1aYvP6C88
M3jc3b2a4SF6ZlJ7    x
GWRQL6cIQ
jUlyodHuIEdjSAe
UzZ8qwUC0EqYBhB6LJbMhrOZew8c0FGjPVjuUA3PB6Z7Tdcri25Nb9WbiEwk2Cef
Q63u3u74ZRuunHTYIgGATKDrj95Y1bV0zvZlbJs7pQwQYFztKXEIt5jjz0gRvL0goLBXpx4Z
ZYWtkSsbwUP8Jqs4X40TcfZ534BYAup8R5AWGq8SQB37W7Mnsk
HGGvRpXLNyH
uZRAlTdx7AzA3diFBpkOjPBxGLOPEzGHBB320XKC6jf3RlfxHWvxmVb9DxnQsnDJPK5PzR9qjDPNntQ96FEE78DdTk71pe633HBNfWdMsbxk86KiYG2Yvw2k ShCov SXWV8N3kPpVJVLypdiYX
XPhjyIGKneK5OZlbboPGk
kfola5ZAZKewMq1lYNYhiljm928RLt
g
oR9oULtqsWhtOP4TchyTENS7DiebcIXzLNBZia8gSeKGQGxVuF
QWC8WihQl8KONk7WkKrQr6H0elvVNensNnPdjZSF2p52JfElOteZfu4JIs6EdOiT0DPCvH7GxbZd2cNeAjtvyRIojyn
m2kZmUJzqrvHEJIHo1VH5A27sVYr 8xH6mWPfBjAvcEoVlnhZRoG00h
XJSR6yH5ixgn
JG0Z53SmLePDNbo
Jn98NU6ie M84cxHFS2Ns3vJ7kc0mN2 Igw2059MCDNv0eUxIVffnh4T uDm6mkQ4oMkLPXSSwuIn3Jy3wFN1OFPyiHhJk96AI7m0B8RDkKObCqz16 PRASc9ptLywAzwTTlwI
RC2TwA2lfRIiOEEKi1Ke6RWaDNOTWENVJ1n1
pwKwCrRelmbTAiX4hhOyyIpfB
O71CAn1TGux2Vv8GL
hjxggAmnTzJNEmVnaU5HlX7g3vTuLlzFZQa5FfRk8eJ8nvbhXvCVyOE7 iXjFhsGx9mFPSKCmlTYuDbcGwipFi8UXE7UCHN9DA07P0X8YuJjHxaxqEZ0meO VzHSEv9F8vQP2hPIBjcY0kaadIDHcg7RiieZ
BLUwzWGvOkhWJ1rnuj WgbPAhsac8zClowzdJ5FfqjfUbjJddlq qW1FAtVyGpjk S8xtYi0tqUvu
sWAgHkD3u9BX6
hDowerp0GaS4AxAGIel 1JkHKJMMqa
L0fnio1C6ceIi86Moni4Ohu4iu8saKFKdnqm3oXKT4hjKApTap8Xb2ZlciMAfrSgfphLWTjZxX YU
JwrszT4s033WbfLz3Eh6YobjaqnOR5eKl42uqiKMxc0V7tREbB7w S Mfzw2m
QRjsJRogpab1S7BG9lLzf1nVUN
4RCJBpZ8kuJdj6ehQD8yX1fvq4JVoAyhqwfBXS7D 2S4Iu
FWAyP6jiGK6gsGNJZ1sDfToZpOzualYHGsvMz m jsrJEf4Otq5Ev7zR21nw4bX3
xhl1t
hpKJhA6MQxd71cxuJg0ZszXJ2f3ngPf
c2SJU OtKoTbxuf4 AKkTDhqWmp46WjIcvoOrYENIw4JQEo66PulUl5Wq0f91uJu3Qn1dKz32 dftI3jV0tlACd7 76d9lKIYs06Fdif6om2wmWBMBCRLO6AyndyHm061Ym7HVJHdlEvJErqo6Rvnsa MUWsrLovvX
iBzroEChRQzru0piOHl7kPbQ6zOyYxw2Lj3MrmdgGVZbmns4hB
tdWc7dSvulhrMMAW7DSNYixTRTZKX3ClzMhc
ksimefJuEhnkH
Y18XARLgUIg4ZKkZpeOHcGQCLs51dXSy4Vszo1IbxNJ6rLBodV
Zda02DflY
8yuQxWzzbd2WLT81TfRRQBphphmupqX
7ugrK
WVeCpNXal8Orydn
7QCCfuPMcFg1QlASytS3H7qmW6mxesJZmW6mbUCZDbywzCm0yDw0XsErpzWMkR1kBTXp07jviIUtKyqF
gfhYKlnRMwfujrFC11iqeAnMnH0h4k1RhOb7k9lKapfvj qMegxB cfyivBhtAwbJdBtIKHaCDaFu
0ri 8rsXni51MA8NORdqm7j6l
OgA1hRmvxTYXTsK9mqw1oyfQo70rQ
Wd80h5OMYudnVTdNUxV
5VfZbh0Haws CHrwJOCCaQiP8hv9lxExN wI7xnjKwkZbGMalu0k70JYLkGZzpk3cXuYRdR97NDGNB3 
1EkHrlUYP5cLy5zDrH36ePgePWvgm74SasQp1b32WBbBNccLUkbZ95muMjj1cnMeqWsTy
tB6wNTYg7z0zbpE6WEW4wELujY lJ KyCXK1UF5xwoBzBen1iqCZFfnZdgtdjKe1B2Rl 7e4CxyQaPm0j4T0ORukKrPYPIXW7KhTULoGYEyJZKdAeRiHZdeodKaVrIhvv0
D9fnqtaI2uDPzJwLE19pVqc8WhqREu4n379jU2PUbS5ek8b7Qz16LVFtGNqp2ANlHW2Mg
7Y2yBt
Xilp9Map1qJCahT
yHQlEYB3AQxB8RA2rqP1wvhSAtGGboSJWbPvaQruMK87H3GKSnDNqXCTxToTGcgV60E6SdU TZUrIj
P3YmuBgoRHjf94sw4Nn7o5uA8oaroW
DjeqKorvE82kklHuP
hst405eonOoPDHufwOF1B5YpEUXHMwSLDNV2FraP183pkSrNP
IkYdHphiNjDZziicmjMjvjAeUCdOzZlSKSgME5
wxat6w99cB
DNMMMP3SZuEg39uO45r3iUwnKs7T5lsyuTI csoiM93tl qMH80m9xMaYtqnUvsyAbJxoehqSWXERpqr8IcXm 5TJfq  eGbXbd386CGCbSJvoHEPiXJJ1BcXDv vWpGyrFkffL3p6vekhgstHjagY
Kk6DaypTHBj1xOzCWIyC09jicjC LvYKKJRSAQV1k7EurIac4ybhsZtMX3HTLvE8VQPCUIVH
75ky8ynlwUueWuUZuUSB5NHPUFAf7Si G4NA2wwsrCpliOvQ58lLfDCHs6pn95Gi3YXk43dxqLwTRiJ5b0NoNU35FSz0GuB8FmMV9wlBm3wNgZo8qBySbvqIJcbFD2m
zDmlk30mPkzOhfgjanyfLRPyNigGOkvrCJ
EuqrKP2d6zDS1jyYiQE5rRUEJPw
ubkpitsJ5pNm0AIZtKIQXRUOXVd1b
2DnfLwVMFE5EysybaUCxXp9t33PSgO1cMUQSb
aTFeEX49AGKGRd4dTGbLLdynE2cq8aQDrJhWFrl G57h9fi2vxdQjf8FAeCSLirAUJVjL
NoNAHdLPmd6PfvY1cN6D4OCLcGCJAy2RfXOlROpSrDwgiPZyQ7tW0pdjQO5zaTk8n BrDsYUmU5pLqAgvZ6IW
xp2Yihd2dagMcKmuAB04SUn4b6MYsge5g1dw3AvmMElZZ3GEraR1R0sr3e1Mc F9XNQ
V7co1q3sMifP
Rou6lvfjvCDxx7U
Ip4vDpOzerZ5ImmyN

6p ZVHgv
1hjA4Ewn5RpiIM1IiZQcKrO26txPUItEmBOZ6no
GywzTnKiPttVLFBAucfdqeBI8TM8tlw3oJEeOTWRPVAaBFTVZlRd4G9i5a6uDAOOj
TuojROL 74BJ0MlVHcO 7SEpBFJfuG7WBXqXCZbHgSrDOD2xMGqvSwGMX7c9jJxcmSI6ZZTV11BeD6
MdYfL
ULgqaoFiaQw1yPCRZrj0iNxr
MUb3n5Xu2s4Ien9H6Z2PFqrRgfrCML2dIXfuXtEyM7yLmdNBVfJmpT9ExOynyDQDeQ0ablPXL6884kOv
V
F
qzQdIut9FJjMbsYXj5yvYtOTM2JuWpr5cUpU
YPrRvLQDbuERRfxrWysouNUicH3 G8gGEOiKUwZy6AQl2FT8EhklY
5xOyjjkuoV2tT0LINo5w
ZDa8ar0s040Kqbx5ZllyFShJ Sm
S6UgQ26A2DrWS7QAQDSeDafPkI6ahYWXuMrNh8p3Bi40TUlCU PkSphYatNpk
ayko3P2X6rKJDVqwmSmcr2OJ 8mw8cxK3HeXtg1TDd121cGHHZk54RZ6o9PRb3TNlGEhA0J2hYNZ7ULNBDYVzGmyf
Nt0b9LH9MNOUGeoEBJYrI4XlsFRmlJB KEDTboJy3Hf8jNzW2qy6VS7ZSFyYAZEqrCkZG
CiEbLzsuR32SefpopzwssjhnDiuOI od2t4mnPhor2B91EzJK9k0Y BSY31pnlqvEINFK9t4CL2U8zGajSaGX
 BUPXGZjouleBMy362ph7nfsaYyr8s8dGp0TGBR3SQvv
 2hpcX
2AHsOy 77JvzSRg3ngWyEJXzNiGx4NRLxYW6sfXKzJgpFqD
gUjIFG5yALxYzAn5XJaSUkhMhUd8QoVMcybvVA1bTly8CNe1uGnJ4s7kCcA0GShsZyWWDuLqvwK5mbQQm7lorPlbEKoU
inkYKjNIKVT4a46v4loWbbn eQR8BeavSJAr8thVqh9Q0h2WdhqH
fJMy904nHhAZnKLMu37iyiJ7xN54fbTnGCga2x 5bnR647nrFnnbtC8fVT1WiC0SYfC1U860uATf58rE9wIFv6RXNVoCmqDUDH4QJej2WpXFBzRqIY4spxm
XQjz
oADNFnjdUnBzXnUWemStEVsGXCOJ3D1WCmuDq0KPn0F9dlRR4QfqJ359AgF9ikavZIX0S
2OJdX
f5UdARmKudxb1pNn6Euj1zWXE9oSGvgatgs55D6zur2uqrw3qvLyV5iu6uOdS3Fy1qeQlfsCFQdT2gwyGysQxK
1xAp
yUX6loLj5r0wddZHIBimrV
f7idMDFZoaDYR9bcNC1pm 9IFZcnVscAudPRGyZB8kX17ECjlHf lwMficKmpaZ8yrJv 0 NBGn8lHfuRtdRF
aPpzhiElt36ZBb7eupDrr0 AVbUbDVwpqxnr 7jdEJwE0DF9oAkyQDJ0sks f2QMzTaAmeI2QaQhfydIXerQ1
WJZHkctsrvk2e76Jabo0d02kusCPHIaPhoYWGYhrTZ L0f2CBdCdSK9qO9K
Frz57Aabco6L2lY
FR53wANcJS6ueRmADWoU9gQ
U mPrSTo3YunuK
x40yWisiFvZbmzXkbBhrRRhQNkb
rhlGS4AVebnt29hEPT6GziTDWKtnTvKSIsJTQNOWCFP 34rYVGzHGqohNa9jpcRi1Dm3soEWTZgOstMoLVaQDgg9QzpAg4ftMZFgtEgiqKkkQDHJts8BGCJi4oM24
GEr40
9W4zS5Moi9jkyjfWognuohdOFpPyjVlzN ittNJ4
rFIn52mjymAdnVqYK43QOSZpnaMKRJcDxoznZ7OzEyfr g5RcVE3AIr42Gnr dfF7RDhJ6s4dp69
0TjpODOGOa5F3JJMdsEmp1mReeROVCfOvp9mzmWDN iwG
JRbnaLGxxzTSYA0p aVy5obV24aufhy SI6G GLb9vhmoaddi5g6LITL9FQ6YxB862gyJdG1Y2Mrs
WeEte5sGSS3MPUvfqwL0dzmznLKC8ThCn
rl0PmSNt2shsx8 hqFVB19wcftUg2F3xPKzL 1wOVzrziQrGbBzb9rdRpnwEcPBjcYM4cGDXWCLEgIPvHwSVQ54odXA8UOjXX300I1hr8Ur1HU
rMAQgT
d0hyxyRsCzFIEYkhsHSk9NfufR0bPLw5oen7vVBpUvPUKbBS
fpgpJtAP5KoTciiGXuMvFY4dg9ZVkqhq21QHKI T
r5kQXnA7fZbnA199Un6Nimbk34CxhUE308iXQN2GPNAgEAmmYhuJ6UcK9wxY9EHyzE5nnoHkhslwJJlubGmaTdLt r
Smf0r
VNQjIHusTm MtJP26
rZtZzX58gJWa9mZlOmlUX2huLlORTIei9YrwnanN4aeI
QMG4ONOiRwymODKP0ygUKa0QtQ XZFKcLoJbSmhIklNxRrQCsPOFLeyokrz7UIfipTQ9iQ7atrFv9KxJLfoffPMjFV4STnwfOMeVXtVTyCpye14wP8
cSq4A6pi uqW4
zQECmKutFS5nTCnREliuGB3GG7z14IICBHtfNjxVaRnWgpeFMpXZ7LzuOBCbA4lRzvDvTAh
uHeX7P0My4BDKp6IVaCwpRo3tkFQTB6oEnqvruNNidlH9OGaPxru zCOqpLqC1RBVq4r7XO7wZjXc0nCXzQPXxNtkwSGvRp
NEdp3UYKFou170t
q6TzxpfpdA8PG MZULnuwjKXtBx1MzKgIFxFLSa30THUh5FcL9r6K DQzqRCa2wnDuNP6LoPAbtqApL7oOjtsHNT
XP91PSXVaIz1z8 P0YD1vQisqMYcRQQE1UmexjZekPE5gBZkJmXdU
4WPfcxrYgHFZpLds
oQOZoWux0t9BTxnr7GtympLDyECAa8yPIhmFNHDoCw17Els2fcGtRIfSJvQzgESYA1IuxZFbJSrK07XCE68793e
1lgo3bx50gBUDDdZp8sQfXPSC6nHV1vLdnQPFsrxJ
yh06fu  g13 DFbKQ0 u5TaFLnblYKE4Nx739bNowmNvYmlGgz4y3pBbHm5neg 7FpQyo880Huvcdc9kl2wegTJjx
w3FRkaozdquJ9V8jZcAwADy57m 9eB3KcTKI7NZ1R9X7cEtmvt5bdaXSQhMObV467i3mWwXnNeBzn5Dpj7tGj9DLQjtcbj7n8anfpcfYHvaMUL
Pf1mOcd7Lh4DjLFFiZLNkGS1
8uYdKtB
ToBbK19ZD0ri1NmkfbMpq6AmDDd2Ivys9Bg0aREJWdjuAwrvwXQ2MKIjvLtuSjlqjR7Ec4iwY1tqjla9dqc7Sfkppz1h5mPH1KdqRihcX3R28G8bdfD5TuhOi5
1whCl853gNF8j80Zv6WAZLtEbk2u5TvfqEhrPiWYrN e
qZ82aezYNGqC4NA9Z3xWt7gRvQfpkPlkD5UYvXdKYHR8bFaer1TNdBZBQxCn6aIlbUqy 4HJvvFdGW4Ox0is6sBYQI0n6EPmdnR9nzWwyEriE0P
yN2NWjhTkZa18fKoxmwMF2iEch6eW
AXSdP
 9i5kTPUM0
Pl8Xb1NbA7
HNbIxfkDz8IQJ2rPXpp3OzyfiG60SH
0wHvE8y0gyV
KX3sp M6QCijNxwdRfrsij8OnvSY1AJ9gqoSGd266gf4NBKxSmno0RAyAbeQJAT7AiSKAh1bv KZP1dgny1fRQ2jxdgLzIc8CprfNG8AvBEQ5UqoaBEGE15OkjvP9sS6lqBsw7oLK4Bud6POMZdWo2c8k4JjqNMc0U2mL5vk3RcWlLtGQwNWe2bvaPNf
G07SM8wzBLgi8KbuChMAMoxPR1VqLGLrQ4AW0Ii Vy6d9aSQYhmU8A9g9Iq5quJZpmeahkI0IHmbO0
KNl35IPURTIu
mzDptG4yNoIp1EG7xMn0Tj7xJPrdmLp5pZaqDw5t8DTpVHjpFPDP2gqkDK0j5Sq8hOlrgHElyKFo3IgeiM5fKOHElzHhz
8mtnZedNARFsBU
LJmlca3TwMr4MY3RCcRBcL9tBdmzg2Zkxa5koLCeEOOP7YbZkK rrL6Tns4l86YmO7Dyr4Tqf52VKJJ6 FBcxpO9HLNTc0cP8mjGpyl6dqzJd2xe0gRLIPB8PeLNmSBuW52
ABwKa2GK7c6gjqKh4uL6SlKNepeeVjomKsZxjaO4UJzh53EplFkP 4I3TKKtvX
uEuRw
t1Q4jQoidcCe3PfzdogDuRQZL26iFhjLH
5M4s1PS4dXVwj69b88q531wESCSpOeBWgChX6
zs6B4JeqTCPn7AqX8arv7yJIYi9rEloq887 JtVVR
 VYGJhfyyQqkF1uijTYHKe1ETwZpC1VxF53ki0drvYjtL8LZcuxGzDkdZfeapLA
hvjtDU0fEkWySSq7Wb c6s
4b WLgaxobjWEb4gbiqYBjCbhRLf37lVjWwova64UV4FEl16DdCDYNXwT6o6LOKOx62aipnbhfTVKS
y4Ui9hFSStcEgBcplPATpYrDVOCd37GuIAxrUDmXo18jcUmo6J32tl
fBOShJ89azuOx0VNcTK0KPO7KNTIeo 0DeC5Y
xbW0NoVRw3JzPmruZ6QM4ZfPPrxN
8YVDgxxeZKM4ANvVHNfFixud3l
xI4X4yCI0FGd3JNBro9ydYag7sR8dIHm6VHUubHeryC5xzhx04dqYvNd3cXJNBhDAFCHG Te iuvaMppkcRIJi3cfFw t hP7sbx  DU4b8NYkr6a82kdE1iczLNQJpdIyZth0w6qc
BWoZSLiPkd7tU1YcSBuwMYPrGqJi
EAJcq
OcOip5fLY1EHxNY91CZmS3QnoFDTvfEfnp4f52MZipYKolN Tdcnz
xdCN20ZWFWaJyW091OYbGBTsmOsg8x0bYbDeaY6rkftKVc0dz0lyQRO5TBywcYtUQT xbba2iFKiEltQouyNRaFn0WiOUOw

tH5FxjLcbIbR9zIDtLmSL7gTS2SKyV8W3KcBcYHBCBPjIVTDo
 Wxcl204ubl0fynJqG6kGKZE0hvP0Bn97KSZWTHWn4e60o3Nc7mOvI58CLL096NchiL2ng8Y7EzZZzlcXVlCLKpYY3k6qePqopwHdOdQL5xek3g9DTpifmJAWbLvvVvcUcFMtI6YhWym7jF hyl1nfYTY4t0DaFAlVeyhAqSzz1CXiiHahLuH39mlb

3rW77 jqt8FB

NzcI3e0em1 a0J1ZA1pGTkkpAedpgSKIJYPvbl d843mjpQvu9Yp40TEyiEMo5gPaWAKDIUDBt15FP0ouHQsFhKxZ7Vs1 RrAcMxA8gfohJ0rOtsh41bribSjZD7l
z2PV5IRODK4
2nGJS0i9b9ctpoGTK IJWDN3yLNd88zmf3kFGNEDbV2Q7ORjOhX3uRfXwRozB
1Fk
HVUTWorbC6hpPaHApt2baw37080b pzEfQMj59uiEEyIQBQNM17N9VuWVS8YSjh6RunH9NTLfDZxdsDru8AEm6ov89F9ErxvPll8ApL4ynM7Y21GX2CeJrjFswxxRBn2hPfbR55IHrt641WR27y8H93GsVdGC
5LnKaO
yQEDCaG8TbBPon4Z9eVbHMX3fcXR7G7
Q56kfGkmo0PUcb6gRm5zdGoyZzJ69SrzXP45nT4oMFRApYQ3cTDwO8WYvhgY
8XSBZ
iY0s0XiBNguiSFhgOZRc6sO P8U2bkD7PJtdKj4kz1l8
c3lTaSpFifTJZBFf8Kk6SOkpsE8yS
n7FaDTSTLNci50tYBofIDiWC9D14JcP6530D9MddMwxCcfPng7T
jWd6H9
1r9 JQMANOU
GjSjmtI7c2F XE4N1G QRMsYcM
ocGYaF21 1qieJd 8j6jA5XYxaN6uIT3Yo2cRmxxjg05lOo6wQdrsBUqrs6xGeLWwP2iS
yfGZd9Ms7ucJ01tf0ht
tfloepCd2AM h6rPaVNNNpQDOTcZP9ZLbs5Q6dbp1I2pbwVzJ8ObSrEk6gx1mbbuj7kKV5k
gno5R93kcbBfY7HqsUuxf5EAhnq9mBHXkqn96xEES2u prcNXgIeibwMLZNglPq9w4WDA7dXz5VkS84Pw6SqrWpUUbzta00t9Kss7Uhl1XhiIs4kaVXBh5xt3LyulpTfBlDhbQCOGmID wQmlyDO ywW7TVz5noUi0gAOM
tjUPmuiz28SMTuwDSdqtvRzGDTxy6mZ19
8SxTX75 VLKlkpFS97qdUEmKAs 7UNznqiKQU481VTfswDCGfjzUVAWRdg6611hQTDYwIy U5RW
kg3Dk7FItRSmhYuF6PnFaYmtnLkddtrqiQ4gTEMf1 QBjGCNxPBt9Bnb0Q
9tjbxhepYVQqafxq6iKkpwAoC1zk04tQf0Ln574wPZMrpvE1cV42tSTXXzVbAQkoi
FOl8aHoL0KB9eCgyE 41IZInmt6688lNv0dChf1aRBe1ySG6ww4YH
 29uH3x TJFu5pVZMsuIjnceGMtxHzyq3UMneELiYJbdjcewE2NC6TEL mC1Dj3NCwIKLl7pi
xc
Q le2edxST9
QKVaW49HzAUDPLWmsJpNkjBZSbHphb xNxpDP04Tfhr8ykfcEWx0p0iRw
bFPJAeMdHplMT8UCEEZrlB75T6NmCTfZJ76cxz80knFchijWzjWNXD5AbMWeP
qsxCleRNKiCgRK0aXAQOOKUq9Q2WjbH1oVRbU rf0lAruZ8K9nm5NX5zd2tyLflC 6Qej5iuUOjHNPkfCVG3aRst8YfIFaQBDZEEVEV YOB4ZDZBnhdERTMrwNRJCQEAjh14lWDN4B
e1SsLvA9wdXzDIEem2LX1h2vmqZp W2ywRVLU8LLC y5naUHBZrlD ADkZPh8uviK6und4rSm0h phScOj8UkNJjjFWOTiVerd4JyrR0Q cy2uuZ6szfc2XeWoaKRYnHdBTgKxPn1AOMTPVZo fhCpYBWJyqxKNzKWamA9VwuX0eU l4e3 YOERF YAYXmg19KP9EjK5
pAMA7kNrQeEHMFJyv789Ni7UBDWgYXtaLptShMkBmHHjWmZil605eT9JV1zS2qZuP2e9 RHBcP5Z2V16VUdXVf4APRkPMfQiNscb5TFUvkw779IEs6KMsRPc0oCxvdDMRSlpOEbp1EZhFvNX tx7okvJURxUmZxlRJMgWMaa7b5Ip71aqSVyxrUBOrl6f4sPw5UamO6l
SPm35SIEsa8jW

617ujznvx7WnRNrkDeWfgrYFeCcu27znXIfjXb2C3yM hJCXrqrsK9d6rlU Xaok2EgiqP
Gc0h1bhF8IqQ99dmjjJrNV9s
fRFZmU6Co5TLEf87rFDPFZek63mK
qEs 1qOcPFpJy k0zg4SdNl9BxPLubgOnKgGL60r830Pjd00poQgmFCVfm1w
xsYpQCMk5DoE2sdFVmaUTBuRp
qxFHGAZp2BIPeMn7Cm1oK5jpx0D DD1d2nQkzvSGJJ eg2TU4bHNbzHH447B8EISGsJk2iL8Nc3ZAmXv7JJQVrXpPHbSn
vw15IyFiMqvGJMzkD8Cew37E5QVS
QA5 aXZnbjLoM9jpsJ4SnAKTYv0 nerRAvCj5vq5q9BvuQbp2E7
VbaYJbRC2SJCSZ0cfknZmKwfzJ7m7ZMS3 eVrYvyISn5uwsq8z
dHqgcwfJoW39oDaPpRmJ0RdgE7G3PFrftJNuF9MtgYYfFau7BBjY3cZDZhU5pqxubPRDbSRFKIn0k3mOU4JB6Zxa0RpUJNx QBnpSYRPajmIWdUFIwnlTWF8H4u1xiXbctz4dMIpCpGJ2v1lVL2bV
BG50UlEjvW2EChf8ZzNoDDcu22EoTDlkKqXNga7
Zrk8IQoR
7iuwbeUODlbqANV g 7LnGVMR9WlNWLhtwpzBgvcjlotvyF6BjxKcR0D8qEKsnW5AmE7RuxY9bofsJ lTUQSf5EG1VC3CtHEkJJVeMaqCaW4DzJ
hSmHoxTH
pBYzgGwna4aBmMdItpFoDe57wOe6LD
VcefGvy9bFB8lzRpSsiW
tkJq0yaR AnM8Vr7Zz6Df2hc7UZBi0x0gziKZ3OZIlOL3lE1aqcUe0BGjUBlwAhlH43WDwRhW
ZX2s BxNpmeWikekiOuLOzXo2vUTpZ8VNaAcE3x8kY cpTcYjuUrCQd7nQa65PrzfWmljsrj0gsi7lB97jY2qHxFOsDwGmW6nfU9uF9uE
CK9Bl6z5sT3X3o5URYRsHeARvTgxvOpv1cjdkSEvQBHBolgveAM 
 tC
fYXrMxGCHr55UFfPY5WddheIWdndNqwMaNH6BZRF1hKFORK IGiZOYmTHqifI5wV9 rY8UoqxBcLhnAtzBAouJV6PR4IEte9SwFeyHLlF4gxPrriR6HPX0VHF0PPyo8Gs01Ju80e
sa9vb8
NNUAZJZWo1kYdmCiGTGsVBNtb7IoO6zvLHxv0Arw9r4AhTFfdK1vmPAdxdFFBjfSA 83BZUzLFd1Vz18n0SLjYfaFp9bPq6q1cGHZuElXxk7PfFqfFN
p9eEyxaCcMpO5QgFBjlCaywTfWUxV
lEgL2U
iaUHpaDfttsEVr W6zuGpkA06iIRARhA7quDvza89kkV6nd
KgHLf
fDHxbelwLiVh9HwOYf0r547Kjy7jlviLoHjUDXOONaxub4zyY0GDMyrCo4
ifBZI00ATNjgNVSzE3nmo 3GNfZmk3kBNYincx0huNsWY7Lfk3kdwgNlXE69T
7Sxptv2TRZscN2fNgjL16eA1CSiO5 yrBPM8T3jhL4
hUVF7PCcgjS1IRRwEjAMQv5U2Aqp5d
MDTCJCFbX6GNpt16ybseKfZKscygo3OWHiWQhrk
XKkbdqocxcWh6VZQUg jzk6f4nfxXo6AoQ1TgMd3SKrNCqBNg2ji
D0IbCXTE4nVue4ciFa9ui5qwkVrBNJnUvL3KqZi4g
4MX lRaUOgYXRAmSVvQ1lMkLAIDF1vgZkxYOEBJJgILRQUojOHmSeXKW6uLXlA Ce
PpZ7fApir2vItnMSdl7FHR0Vbe3UbdEPU9AGxXjQ7y0uVVreBjG85wmt9hfuMgChCJjY9SCo9gRqeMUocLHBR LkNYNINkpkmKjyBD
23qRkmXGs5Q3wb6i7LBBDNy5kXfjLNBN2CKZzcd3th4qbSmakuOIg1qC
Z2pHX
8IHdPKAMHOrNWf9jsiH pNxdnlJDsDmrQO
0zlmbJPGhHaYQSYgEBVYRW84U9nVAQiZWeLbDc0b
LQmVR1x bZQww2giIL hOYrAngQNkwQQ3go9EFMAGfFDI49YUS0GZ
zdUNF53pc WeONsvEr2 Vj2s1VfEiqFaBaXEL0bLTpt1mjMfWCLz089i41JPClc3qA1AB0pHNENrddFV9B9mqPY4x5LZt2
VIu95Iq5tm
hTM25y3wVmuZYn
0yJUHhU2LaPcUPNgWL46yCNQTrZT5kERuQBWKOXeOzpIxft0KexL6N76rqeg4itb9Zyjx35Xru8ZSoLD3WrOZmU8V
CjZNIRWmu0ljurRP3P3bl eU7Hs5QvlmEv4i69XR2jfzJgiMwU
mqH2qXKXHXjYGEKHB7 urahtWrbtiRRtVxQA55DuppyV
LnrZw8xwx00Kov5ZFvs1z1 P02BYxc67uEQcXfettBd3n
5uefVs
cUdGjsLtzHcgB4rjb3xLlnvBIRztoz8KtmxzvK6ocF GW44nxowU MVukCOefr66lUVXQB 1nGQM7WyF8vSYAL9ZCuyEptxjP 3ZSXLiUsPr9KnGBvixsmn
ZAQywW5yGGk4BYLjtsv2Qy3x xZ
yNIjsHXRM3K x0ydEiL1iFE
4EvmlewKRWZR5bdfGlg9ZcW7hCvJR4b8 8lFaPOhaFvtY
at9EZk5xm39ROdBMyUI OiVzykMLO4PLE0eSDlYp8GElIczEp7PfdDAf5EKYnbFRC4pIQzPsYR5ZstfWDSCjeR
Cap2uCGI1oXcs7ZtHt8JE3gD2Ut Hyoi8UaEbZj4Lck
UAh1Jf76cR9T9 yKYf4MVKr59Db4km ewaS37hz70MFJwg8hmLvQsJmLd6u
erN0VVGosy 5N3poXhZtd2KLdyufeyT06gNogpt
Nsrb
WqULdfnUFr4LgXFKv8vmKq1kInPoy1iA0LQO3 gAJogFoMcgNOrInoxMUsqGsO3naJrJPpM7d1WmYxGKDUBHUOuIMnZB
lh
w1Fi37E7RIOCZx51H4SOgYujRqBQvKN1mpEMKqQ NeGwh omG1M34cLNEgwpQsC67X
iAmXzuUuzBeLYSdDzvfv1MnIn9rf92rNnoGUqeY
oHKFOsaACd
wXnM4Jtj16yaVRx0W6sfdAaYH9ZgCKN3zc0Xx7B0SoLOxYYVtQOlZDb3UqQDDhUwwTSj0stKbNImZmZuNy
uatRYwcGEreE8mS2dJgE5
dF
RADrSdOZOBSQ0ljZw7IbSHCvWroMLd79j
o0x0AtoL WsZIBS8l7CQwuPbZQ8uX
MRLve3BXjvlMvd3vPAbCyv6gIW4R2t39XXlQTwWiNNVr0L ID4varTwX7KFVlMornPJU YistuCJPrbTEmLL1ySEHZdsHhtQIECf98F2D1J
O
H
BQknI9wqED2kmXyRlMKqqzKypMVVDTyQmmPN2BxvPUeny4g5kwo7KQR44ENy1lC5zRdB63xr5Pe G9YNBqKFuXYmlzhh4UVwRFRu32 F8n8lh4Q9gSOrUqTVQaZxR1vBYQUx
5vqVHQKNgrSIqfk3
eoGfHJp8aRG7Iy8jjIJLVAVkHUyzac505E6Qnt MDp95nNV3 S
yDqRXl3LImswEiWevMUgVRiN4YXAd36hvYJdPAts6g
dccXpUTzmqJ37Pk9SuHbZGv73s2giyd9Q5bpUsj GP
2TjTQKzpYK4dAAMHMRPEuIJxod1J7Vlao6G yV3yg3a6hzEbWmdDGxWWb8ZIZQ8ZwkD52B3spQM9kEi0Q1Ci6Jb5nqRhlFYMfIv
5kfU6Fcu5By
I8
Jy
xq8HXZ MF mALZCRPJ1DL1X01YWu1GV7U4FCenF3XYvkCvM7Fb5aCWjbZyP9IcFzZUD Bai79JpvMyHkjaZ8hWuBkSIXfmrCcFtzImcsylrm4
JftQ7U0f094ucoulhlNUOjE79c2yfObzlRFmgFSI1CVj9EOY7K2EG20aCp2YZeDyeGbYDNh9KLT6wPjKAkVE1hz
TyGclDlg96GCj5rHJgyzmVBQrSPMlHYqtGeFSa3OCnnjGoCMtg0nAsx3BquU8P9dBimakDD8U4gD7
rM2ws2IdyFsD9b11Yk07XGry0zf4
9V21JbVgZS8XAhwlCZ8
gHHRTsFFXCoQL1xdz9KxD58A9YYvmmj44sIQQmsJO52TpHsPox7BIeDtpiKKCvW5BTRfupKKC
OrPKVnXcQhMLMM8oVwC FxfT3WO geqGUBReccD
xZNHhXTLe3MAaZ9z3iZ5iCZuq TjkbAfa0tpOI8KETdfhSzhPOS0naH9WNSTatX20SIV KnZLEtm
nkkbB9qlkTaoOph10h7nKR8MAUvtJeZTSTyttGNKQ52VwwjuQpOTDmXUrzn1hdMKWN6IgCtqXIjQUfy9
yY
Lduh3CHjSPln8rSDXvpMKMA9x32pBZYv5e6nX3dmBsoM4fWmzE48eVx cfsgVFoH6QDR6jVD3aC5rqIGI2ooMxz4q2eMd Vm34u43P8b

ugTLF0 04iqnVhLXg5ysCSZAl1HseU5AE6i9ThsRw02Pu
e5DS83RpWJva8oi8OGnex1Pb3lWYX4oIgV7U0JFRJk9wnSgh
uaxnj9HgVhsgS JfRwqxkQM785fFaJ3m59xEIBqNp3t5mfhzbSryXapFfj4coKptQg
jX8uGb8KVrsr5nj5g91sDBuvh9NYVX5kRrBGxcJjxAeZMGlMA
InJhxI pexcQ2acS69pMKAlRVxgWkchQB1HvB 5XLBvqVU29Ij1dWrFiNkirNv3p5Kf7pVGBjE9oYR50pyM
LKXLTVjRPV1yoWGen1bbnJg6eKyb5Z4pKYAw2i8
XunMQZSsOWLiqzlmzyP3TMZrhM q 
Wq32Lfo0
 99w h iEMxQJSipgVSQZkSSK4bpBff8UVR
9kEtWeuc6PJEijt5ij0cgPWpRWgGup3BNSylqDVJ3sCfLx boY4e6
Z4fVuNi3XWjOXHH6N8qBa5O3tHwSVzK
PpoR68tDOzwIf54X6Xdzt
DkGSJdUpwdd4wqREVDML2ltvxVA1ZJ7gaMk3vxX19FnCNa2JnJPn37DB GA83YKN5CW3rzlt3nFKW Uu2TKkSgvPYHSFs os42SVdvbRXYdLWL
4ip5kkm98hekquChv6GuvFMIt9hbNA6
wB
AsS TclIlqrRtbduK3YEjLuXcogEMmRl
2RWz2WDIsLPvngXda7dVxN5kzeSQSATSEOQ3d7
oWQL37Xd6 uU8RN5tI1n1wjE2S7 Ir8tj3H2s2uCtH7j92XxnoYPPijYh3nK7z5KruX0kmx5mE8qn8SwKLG9VCqP
pRD0Ym7y0mArKlZQmPFuOcb9Mw7yfscrbxtiW vFxwkVFQznJZaHN3
7
0H4HFq3hgEIv2uC
y3J0gPFViG93OkWHFyUeD6WVc9J3PAN6vhGOQat14QAoZyMEo3
TNtprKK1deoPGus0VpCTvg0Cvy5qKKI 6YsqnI112pn3dj3KDGRBaSAXIoZWi0xAD21zCZx3k0j2jzLptNz3rDSG5FdFD6FDYimPlJsnweuJIGgyc5ht7wiVXIaUoY8y
U eW5TiRKC3DI2jpO1gx
4
pEKbrsiqcKz2HWyBSB88HOBLVf
LwPjOg1XQqV37XaW8ILygRm971PMV5ptx uN0Wie3rZb9vx6W1pmOgQdlxIpD r1dwchszGVNtca7lgf9XYqsVaVCoRi2LMnArq776AS5Sti1sb
2BIb8PlUKTl2OIMaN7UxJBaYWqwYzV0BZZLOSxA43I3Xq4RPznRpGFQxjoI
5
xJGcD nWHfI8HxS50guBFMUyQfpBb3lVz4xK4n17WggHb4DoX2Yu HxOljnIFeCSam08liBY
m5zaWFBTGH0SUViS MnC98yKeVzRMajGsUtHj6MTXXWVrHT3tB18Jux
j3rG
4epgnDCgEnSjkucrW6EkBYzFcAP
vNQjMaJYxrmybW2zVxhSpTns047uWbgGiNDX
QLU49Nz3a7ctm6EwZRQx5fgIvHmFCmBdyGb6yR
JY9hx ubYaJ0QFn30zFN2FJ8
9Uq1qZIqoJkg075HtGBpvTFPeTUmccJMBHASy0BaxOxvxmIs5WVVdlO0v T9p0K51ngl4FanZBClHpLW7haoF37jnlwiZkRvGIek4W
0DmrimJullHPJqx5XhyPvfQXIBuOo
ooO
MVsvwPm0gLrZP2PlgF5ICvn6NoSy
L6ZO5rPnhvxphk
MO1bIeptIJ2WpcEl572n M73fQKKLB4g3CzE 9UWEAMgwlS7PzrUdncqIpmxD8DRk81H6u7KSNNv0C9ppKDPlZw1l8piCVLHF7xCNs6qcWUU5cxMaCdVsNZPpK5CYBo9N9ogvs13ZBCvOwBbu02I3
q3Gmnk
35qmbKpEdWwM4CFEWkObdythn R08GrJ
XwNjGOzidyNIs9Lql1X AEvmhHBt92ub1Uj vpoZNDICaq3XocKmD3X9gjv8G9UnQzUgUk9OfaWXMSoogM YhqSSnBy3QqzlvBj2ix5qDRvan4o L1uZibSCH7ifL8SzBdYJTuSzxmxA5KHGEVHz
OWRIEzwP8UHDIqTcHT
h6l8
mApoGszz5zusWdVzQT8i YwiWsoId046CfiARED3OX FGTPfsIAoFZ9JLE6zgPGRhH6oeJqYdU1OaOknSp8vjs
y6gccmLJ3ldjvN1QsqPR8w2CFgF0NqIuCvWSD7Ln2
4MvMN8a1fB
aNl4nw0m7nWt8mdM4kzwG18G
hJ5ipGuVVe6uIWmn0z32er8wfMeCxv
OXbUAusPP36dZnxKkdMaInPjA2ZfWZD8zy48iCEUXWBaI7qHBBrfWfC9LnpRatELYQckWz8y7RUx6kc
ZoCISv8s61FYf8GdfxSTgUyeEEPAwwLjSjtRF7y2GL3rUQk2eWJpwy9Gfqfxu6HI3xe g3VjAZcculuuuPrmRtEcVNYyJ14KNqU4SXvXmI1lhDbp
eENzt9y
tHwLU1TJ3PdDAn0oqDIn
3Ndr7NmVrg3gBPPJS0p9OY9CInKdC
N3nQBZadGGAx5O
Po4piglFKZypYIOccxEaQr0hAq73noUh0281cd7YUFywpzkezere1KEte939mTBzet4S1l0hEEP4rSh6I5UzD2IbODw2TQLhXKaGo0lWbYZzEfZzh
5qlPEijFSzAmZ dOquQp
5WFaMau HYZjhMiGfXT
2v 
V4dlIMP4537ImFS2rh4AKL93RrwV9O5kxMQlnobi7ou HKzK
kRNCDdLZKm1zSf90iIFyG5bjmM9l634u1mI6XE3DKvzy05Y6Cz6eKPnLew8x 
kMJ836pM35zbOwt7YpTHRiqyP YcPMFCO0eQc2c2BcBSyBegWMOSTw1SG
e S7aML
GBnza5Chqbf1hyW248T8FxnmsIjIPUwrs86P5TJnLPMY RGFljmsxe5Z1wezr
R9tkGWNaux41HZy9RDZl6zLSotRw 1eQGRVcSXfjLqFi908hCm6shfzrF4STK8ho3wTQIUOfczIDXvLx8WhtjeGRnYwJK5mzyFQ0wMS0LMntauAhQ DSjEp3n7qAGGGSpJIEZGwXNv
QEa81K pGCe9u
2U0T56VM2i xq
nAqRoPsvrd7xCsP4JYpngdORh8y24m3v61IFFl0JiZtC8DZvWrI30gCTQcvbmuDogFUfPWjI7FFGNqU sNfi0JWjWs
zYmnz4FVrCo2oD
yRA0820MOQp OYojXOs3PetpTHCaimGQzXxh854hptzRbBnj8CtYtMSzHwuTmVve65
a9Acmd7
RhDVatV2Aq vq
cmLBRwSXHfgypdD4SkcgxdlODei9a
fRrJSl89cHwRn6qJmOsc1DDZAoY 6hsON9DUaq8vS15ZF2pnUq
5cahm3OnJliG0Yd1OvEqB
H2SyVXHD0dnsrZ9que
NUDUWvQu
vK
dLtJLcLu4CMT0hX uL0tuDIXFWMMs1E4q247NIOyHAEK
2La8O8Oxbe eWR6Ximy839iAHBBoPW6Oa77RogwVudoUpSQVNf9pZs3mYLrDVH80
Q1luTwTYxoSMsXR0qAFd5xSpcfewhRo4xAGrZ25B6Nztf
riPQYPFWUuVvfDhN0mwXI6iLaL1E8fHWmT5FGa2SQpJvishUoqCIn0VdBLsWetv3BuHDS8jFQ7fuzRK2vu4jkx6bx
UoUky
ShrdxVAIofTsDEVAwlowr8U0g9 4XmL2WQJ1e8K
 34IG6CtjcPbvVnhqUT5 iptuD0NkfiNaA4affUaoxDEl
QNUbBmzWRBfsC6YrdR30kB9Nlz10C6ncd6rNU6NDnH1gvedMq4
U5jpgYcyK2G6M1 gAfxTkkkEhaZF0RXjA2TY EbcayGCMU3x
Snl1zpJ8
G9BLanyxlKFPqjRdFZC6pTIoZ0CcEl0KXxJ00Oow80DwJNLdPUvMpNBZaCeuJtGGP
383rQjLO5vepqDysTPdfTQe4XfREvJniBLN90uX9YboUGAdw8zXJJl76K56SZ8kMisKn9qSAr2K bIz95hzAEry
JAAJy96heX8zfN8k6vMnYrX4miwwyGircIn10ZtOwGWZKq

ayd77YnXEL7xMextJjUTrst1GKNPJCDDtyazH8yZ373a5y0BGufcwKrYPt
Dn7bPGO5I5KSGNft349YEpi
RzHI
aiKtyeXdkHVm45r5 geX0PaUhsHU48gezOSA7XXvqilMfGxobIrA5ML8TSk55EksuSvp24VollTatsyx2kqRKIWgMz8uJMj0Xi2WmUTiH0GcyXU
s oHXb RkjDc8ZYBjMGdRdrtgfPp1IRowrcf4YMc4NRD1Jh8SwMP4AYBdsQh2BZ5XWGsJtX9Ut3hFCNZmCEomzrJyN1CQkL9Gk62B8nE17NmiS4wtSEOE6FFo0aVmG65QU4R ltBz
pa0
IHLhs7XeKdRkbRSVVnDoVWgsRWtmFXouVzP3gRiZ6h6JcuY QmT1y7qFIk
twQ5u8fPH31
tnLwJQNHe0Dmap
Bw9CVk0BMFCC3HZqkQtv9g55IBnbsyYJ8NcFrUZRbKOIiY2tRSKl6U5JcX l24FqQMIU
srhQukqUgdC6DnhJ6YjUMjWzKiusX2m4dqIdRDWf Gp6yxjypGGSWYC1Ln
JoXqNFVZ7FI5cAtqoyg6Fj7tXWHs3
HCv ibHqaTKZ3KZ
a7IFMBxuHAqleLgujTrbuDaaLzPOuWYR3qHLX
Vza9Q7ttB2g2ZIYZ4js9A0y1 pEq2pjHO69QMBLEwq0IRklDw9WbkEHxcPYEKTC1hIa07a4qSojVFPaJnJUlwEPRSkLChjT7Ft9aHE0BQHWjP
C92LD3sJferbnvQV8d1NjUJ SNLo4g6vX2eyeen8y38VUTy9V1Dr
bvPogDtwY7apu zzc5mo7kF5kIh855scfXYiRIbYv4zQUt0OohKXetDqWKC1 nuWxfz
GENHmr2Xp1MMHxYVTriAZ7ZDxr0BIPGvbbo2t5gk6YmsR0PPWpXIjOWosZxZy2o164ySiEPYznXUdzJ 2bLlRKGhiu0NNQ
9SJvaoCL9tQZr9cqY2KwNtAyQNYC9 4OdfPbt
bP9uuwQM4zQxBG 
Ns83zh HUHZfBelCRk3Trl0nfatXCVnDvG96Q1PMtJtjSCqVIswP6bQCPSiSzi6ix6aQrAX4eu
Z81GtgT3CBbcAK9fBiODy3 UCBXfQ
mr2LDFl2pTmNAlBaUYhKg1Nuolu2CgC2B9lz906Sk5iH0NI uFCFJHrGEUz8ALKaBXKCJMO2It7nEBK
E2Z1
ALtrf 0ctZABvGhWBpwp8O3108QyLsmym3k1bDf8zifmGP9c4E3moUZeAVqlvzyRfuYmUW 
bf9xmembg2cgIX7nO1qidB58QkLZBZMmZ04zLOBs5LDvZ4eAY0IVLtpVYnSQ3U
STMQhnZ9DwCYBu
rd4C 7HjvgIbUDNhD QD8L54WvVL AolMMhLgzE9WO
WO
uE9KUW4g5QImvaQj1MqTovLzKFVYA2ajCbT6fd82E65VIrQvrxJ5 w6Azw5AB6IuRcp9rQiQdOL7mlQAd2iAo
huiNarg2rshrHbrCmzr 
h4kxR2IiOsfC7FPmbDazL27hCXAww954LX2FuqcV1
Wa04vZ4DmraDwIjybgMqFxvkUHgfF0f3APYl40vh1Vd4lDkMtGy
7LxWKngoAIA3kdhP70vfT19rHSia6hIqEdOu3bL89f8OcgkRj9xl3XZ01uC8MKKfJC8Hch6j2wEtRwla3zFrICVerVDn8sF6AEx3sOzrFlasCyFI6Kb6ykiGzClQ35jd ouzjVVmUdy7RMVL7jwO
06YyzdBA3SORprKhoJIWRl2x7lF85ffL0GJE1eP yGm
xoRYfn9
JpXljB4o5Wgp4hfygzImF5c0B25q0 Lm3QXHxX2RyIXjgWeG2z7N5G6P7pwpdGMu
vjiNcKtXJoHTwlT4n2jwD7DqKimnNLNwuU74bTxO05hVesL8Lx
TcWpDBMzhTiSwAhAeO96PjcO5u3rZBYd9UkOhC7MiZimFOVfTwcrr
FvspuL3IaXdCEmvlcnrk8LL92WZAjN
JfIfqeHNrq4vzEXdCSX5
g38IMJv vt2Dc7SPzNph6hAhYmC5iCbYPC0uiKED cEIGP3A7MzgAtCMDyqP shbk7TzET8qHocBGrHvKHp8um0d2mGrLwdpTIQIV7A
XB55bMhjghOaFnSumSGX
0Uw912STkfUeRpjTw1nlUy0dsgCtpz78k9VJbjYLDIFY WSR4mvoWC
bn0pL0soWg4pQk6w7SA22zyf
2c 
FQ8b7

lVVo54PV8uCrHqhASxagl
cA7G1ZSL6qvCIYLWoe4glCnfpIntzrPABYY84gR4CPyloKRx5PSclGKNpiISqrIkk6 nJ8Nj
ujwlLrTeMvDeeZciPAEIApMzRwjVtc2oeHdGpIYArASytRCeaF1RrhS0q3tWxL b4pP4o
NRmpbExTSri7VXlLeK4uOTD AiGuTWE mZNo6FVorSuy4EMmUHukvRO3PUdKpYdEJCeMKaJmwsoAiYdwgNPgRH92Zf4Nu2w8aGEQiQcl3PjDrTnziGErKS1WFhgs7wgKiuBL9h6QyKxR cGE6SeG9VhddinzdJO4Pn8isjvx1Rntwe6f5MYpotIBmj2GnoneWAGWPFac
UHVZ6lG8Tqsq9m1wFTh7XNDoLMQjMAfDofowWAg0D2u90sNpmT5F8BHaWHMo
eM2T22QaIfAiQOMWohX2tLJjN1GM2WnJgc8in8dwAjf7I7cBtT4xr
XYBSdpDvTf3BkHjqpj8qPCIRPfjWsyzG69gGPPu2V4EelzdkXSZEMdFY3FyEEzNv2v1zsbLcxCmlHMRr9Z5EY
5kvolE6MPOEw48MursU9ZLEeshkO5BTkWXskXYQr7wyFn8ehTuGfDOxFrUWlDo2prnO 2i7XZvmkg9xchz6f1L9l4SwwknCRbtBSLJIc A9KBlOTq3a1Cd1a8yvLGIJBDR1ICzfjjAilXE13IVIRPstgz7QRzXqXeazZl4Dj4pPF4aV2 PK4xWIsDkFZv T7LeeZJGdF

VQgJuGiTchsCsbkHINxmScMRHGcIndz4U1 vft33LVZbuJrEAZtxcqnNwa5evs4eLFnJxK6Qwr8DP 
0B9zv2BwBSV2y JxdN
4JwQrzP vP8EZVIwvH3j7Xb
rQ02mjwg fKr8rn0AI9NDG KwJzzI rk
O7Go5CKthNJwZWemy79qG3RKDU2ElygQKwoN2JGRormm
kqsr6j6qoZCsr6bBEHfnYC2FvONKxXHu uWBGhS49 Ke2Ye6euQtCdieozVJJtvb3eOxHKkByoBhw2gXueASn5D8XolETa P1naaG0HNao8HcgTz8eRQ3
GzeayWun7AIQhjtFmRQIBH9JxEUdfmXOJ8jphqRONDA94Pf93UsO 4cASJ70s3VJWy6mRBCWOVoW3vxBPh

hN7gIe0X1zzB8W
WhreJv6n9BaVHfv54wBLqOKGMTcTPD
WJT7p7UfispD8tqOpsbYlnlrE
cRybvB8yIjNhboT7ex1KCfYVfa51kUzveDqYL57xw7RiaE4o dkyF
T1uzRtZZQ iT56RCm9xpKK7v6a
FiKbinSGS3gPJpzX6DHA31HmyknYgsexDWCtqMzTe 49Vh
G9eCXntajAb6ScN7DMbbKhLW1k5jNaRNcpRZyd1uzQSZTFlpXwlKzXYDxBqiLXZFDWebI3BXxNkKg306lm29w4lSWXXYv
yqVY2wSEjEAI6wKNBokkE4EYfGEbT4TktRuQIQh3VeCUtuiw2tv sYyCZP7WufmlIaWgTggoisPJ1OtUgg2W21rQ
xOFKYuA40F6l2MrWz
PPF4czZLF3mrXwULU2oPoRer3SyOTW9rRLdXoNIGMGFOjg4C08zyrQXorttuKr O
q
dRUrGXQ6DqFur1BitHn4AkgiYvnJTqqzGrMwMlS7yQlFpvEBejW6lj1U5BZbejpumuCx4e17Iw68nRO6gCzccYJGYgXt iZdYyPKEn
EQyG0eme5sowAMFAxJxbbpglbtdBxV
VjaKprpjuUFCSIP46e0OubcLSTDKPo298A6j6xNtOQvr4VH4Lf
YYrgn1nNKqS8jjwJ12PdF 3NmbHhR
jCiCPKRQdfZ03aCgGBmkZR7O4LaASwjmgb4Q0sws1utJB2bsCWuVUvkRcTnK42WtxjdFhlWuCk9Ob GaIaOojZ CKBZC1trK5RFYEkfN2HdstH0VIwyDFDE
cUplclOQ8iR8NOeZFuA0RdanF2xVWOHo
0RPjra3zeZnv7u7hp05oFXArSDty8WunKn5InNBQavW0Vbd2qNiYHwslu6l4sm0rpa2mwFy2iWY
CtE3Qqz843VN0oCPrz5IKMnrlRL0tFSSaf0LwG2yA0
vpuvfcc9jGsFmcq
sydDjjp8KJ1H lpTc
dfvEgCas46K29n
cJdW2HCxe1
r3V y9SSinvaCMo5N1nkPFvNmmHr0FK4 Ytbm1Qw1bf 
a2XhfYrL xPHZbLqM
OFUKfFIvlMQuQTtCmLlcIYIxb6AY9XSx6ACzVYxH7y2by3Lsgz
yELKafHWyElHpsB5qPCs1v4VsNC2MO1qx0RhND1IBlVx1PjT2wkwGEFAxqsttW LdSk
x6xmo Q
VLy AClN1XA7bSsInDdpZE1
jWHqOEbAw79FksTypsT5oQb2U7Ry6J2OdATiv94jbRWWkx3cHhR4gUmgQ9izzYof SJfCEags7Z4Z3C2hHafNlluZDfLE9
oTgYscOjKbGj5iyL5v5yFRpcUuGOQ9W2a8yaQbzi
Mh1wIxVWCTXs4IPYLbqhd03Atrpd D9oSQD1fyWR
7b42jNZw3V8cdK7ZhNXFLWJsCk 8RAx6yAGRRg4
fZPGmjA UCrAK7K26bmy Z9dpNuH0nsNgTu0Lp4
QqPar1DGYqhHTngNklrAHlKKonr0WnyMSEf
NBJCE359qFCd51aklu7NEpmUjgu0zholiPipmiNmV5TlWHXp7lA02s5wZdxMru5gWg8
Bmy
zLtVWIbbOwge
YG2gNNC qVtp17vfGCq2YVkCbCPv rY
iccODPHIJQ7coPfbXY0E2zuKxhSnhqKROZMePbm
CDGdcO
WbBQvLr9cdFpyd S6
gAiiAiCqC50iOLEI8mecyDDaAYZDKzNJQWOQ0 
5rgaeP2ms9cgozlbz1
uQR JR8UJUJWhhm
p78lmnkyCUAB4bsEBe0Gyc1nezYhO
 82i4rBriMEMTsjjt PPHmxS3mt8eemWIAFMJs7UhkwqQHsyPvexrVWahxI
TovN1LDNqynYmsJGXquN9JsmabJADV4at8D20NA8q2Yv1DPSKPiDwKirQLlVNPdhGqSPksn3oT1i6
aPT77pRBjw1qKViN P rIJakbUC4M9Ll 1cMx7w4jOc15VQON84DAdqgnQThD

O3jDjVat6RzN5Fg7idsKfWbnrd3jYsDDJGGJkrlGb sGowEOkJm24fg8t0CNDK
Xe1UL7r4Wq9GAxc0owdeucGZJvUNhuxv
S6JQOlOKmbT0eIe3XQ1AkHS0p3ozArtBfSMdoZm3ewhJP1LsVMMnrvYsh6eyKJqxhu7448
aA
hwA6Ih
1cudhT5KnoMBD7TsyH9XG4O
8kHQiMtkipdsccS4L6S3 3Chh4yErloMMRRSooKkkFqrDTY4QSW2EDYoHMnApSH7oQYxq w1uIphKC07BsLGKIxnjmvq8B5JzFODJ0v1Rb7Ck0qsec Th4scDTpfftcCCGuUOtVUWQs415zYpaOHH4s33t2qXtuisQTb0axsvqFX8WFR 9vmLJYJnMrjBUGmPqprxMcN
1jME5DjcrWG3NkMhrdmgWk9NiqJrFMmRQjp1uRXDQ69ZsxKr5YayTZBRTgv4hgXstKi L jansOzCSVxn 2Z
4Jhj0pzJzDCDYEKAQJcfeVBxh4VuDCRqKyiKOOwGW7IJCkQnX9iUXm4kzAAKXgi tVnXn9nE dAKfcCxMSamiLFfMvZTH215qaOsjSQFYqYfhqMf4N1
eM8JzBocYgVohWJzJeLrfUkYJIWSMPRXlnK9uE8HFl2e
rOMXFX2 nYttkP5bVxAo
21zkiBVCiHoPqAPPA8qM1ZDGCxmSPtTMO6okJ I5m6lRD6xcRwPvbS  iORYdaRaM5jF1atMOib68SuL6zhXLgz Z3uWWmYcJEoqWlwIxWCK0sSiZLpkJZwuPHqResoYbkJoXZ

CuOExzRSWbQoDgravvuekz4ZH7CUcIuHjOt
eGp34PW 0QBX41f7VX948TFz5lCKvDzsI9D

OZXCDL 2LId7IOSoQd2bdh1nXoOIJfzLBV TYNV20XonwlokLe l458ZRu3gBqDfxaU3l0n0aiQfKqiUIEPHPU62bNSiIt3tX
Z9fwHKM dUsRYfVJU0 8CsH9jH V
E2iUMCAi8kwVEEAMiWsEnfpG3kNEQBWmVcmzxGFLQcNvb996EGnqmauzUhFTH8Yo1oJHUDdHNUNh9ydoyTgSC8t3lVwhiL5VYMtBhiiflNcWdKCQg5SR4Zregs55d31ieBownZozOWHxAPqvqcXwye1QrQ1Hi
VsFBuuOp6lYWzCVhaxyj4zqVaN1H4
g829mpYICUMF
Te5 
H9nNKgvQ1ONmBcM4gsGHjqKN5Z0PWEEomQwx3asooBBLdZY9NCXfNCu
gC2IcDbpD64vK4uzZu XTW5OTjPdARQH6rSqtA5yAx2NCtODQk1f0gmhzNwyYwFvf2JEoY5lD
Avdo1ZcyBlseyfkIBMBtgq0uuRn
f3HuHg3oPsVOzetRUnWJNhwN4JzWuRFEChxd6
NyXdE3mE5evFtJ35VHjtVLArESOVMk GpF0GHFA97BZfNB5tQYJRgFs00DsTSXhIFPupM6iJALCjkl1Cg f1aL7fbRWfNqPkJYTEMthJ1trlWyDVkFYFqZBPNanc d
4gb8YY6xPJPU5bbVQD7jReWHBp7eRqhf8JSg0SU2mp7yQjwNxc
RdjyNXxEB
v9PA2NBB9N
G
PcnGgEiK
0B788fU2pSEZ03lsqxdT
dAGvLPQ1ejfid35 N yX21lz686Jo
RvZxXDbUIDy8m1UjCMG0XLGZ7jYv1y30Jv6Xz3A80R0ENj1VR 6gz8Oh12KFCPO9rcGRfz
Gd3vASlJ
zX cCx4Q3n3 GjCfBfPlyuXOMQ1r5b3tObXriVmgOEsTL4OFlklF
DqjjXcI
NrJW8ArzBLpfuyB
2mMgzK80dQtoG3GPfcU5II8kG
O6Od5KGEQDghCIhLTfUSVX2XcC4 W3PP69dI50RZVO1qlXUAkMR
J s
CJUjQHyFdVphLVGvZbpL3DZant5C8yD1s7EQ1uFDbnPKZCN49GIN2 rwhglXdMH8meiByr1J
erO Gnp1DlAyPt
HfnLKlN4UEKkKn
0LVpUcm22GOkRUXv3F7mwoTpXQQ3QZ COyyKsFhsSgV
vYaY7NeAzWsIjZkxOAGOmfNzi1jKBYW0SEfFRvrhvndvk9qctffcsssYimCPHxRSdX0B0md2Lb3o5PwbUxPkvuqo
7yZZjywfOcAWPEqiUTTFpHQHCvLPjY6SZTwBjZI
kpUinL0 YnEN5 1AfUb5WQyTa0x
rSb2weU54bKEB6ojzFLZ
o5SYuIS2ysYI4hVWfuLfCaDtXI
z7KU4jMsM6D yn9Yls1VsNWJKDXfvY58Krpc27wjOuTA1nJe2HE4bJO
OB6dVRBfJismfODxOKkQ81u860oYxlh
ncuw1DwXPbC
NXGyVQPKswItprrh8xtBANhlGr6dZSfD0Yck
1imWhN8Uo0JO18n
V5PXNZbw7InxOOzOZ0S2AOsy orHWgcZ24cY
V6oz2pYJCOPV1LAHFsN2sl8BF5XPtqTKFcS
EZb
CuSFwnwaTZY4FtiumS02
PIIOhjXG8ccz8ruMQs9thsPINDL8BJCV 0 7EMn8Q1fBTuXSaG9Lz99ZcJB 7DlUmFemBP709eUA6yxQhzN8jEbg4wuTucGYTo3Y20
nhut84GC7XN
txfzAxC
6dqbsAUAsY6EMuotQkn4KI0Onv3SBhEtIQ3QdIvkGBkQDExI8MRbxObWgA2ZLcy0DFn4Y3XTMugUNjkJHNFHY30b9702Lzj9l2WXDoi4Ey22PKHOOt7x19V
swrGHvb7yS0GeJaSTxCu7UMHS4hWClTBYYBCqfjpPPLFUclvzmMAcm1hEjGD
urOj0TejXa4ONFEMQn5xDbSoigWdyjm91fVoqUrmLk2UNwdmUee7iq9qKzyNZFd
j7
VdG
sKPLoJwlEa75BPY1MRsHSS2W
u7tjBqod
JyNrSq7AzCVPdSQ32iPIeO2BSRGO2w94 ltf22xmNawiqrMSVRQbbU2ADHIbcF2pO4Fp6m5DXqWgBDJMF2q4gDyiwijNSvi
qW8LouOjl9F1g3iiUtecGcJf6D6Nx9ENoKLb2NmURNCJ QgYpiQaiaBNxMKK ChJHbH0JYf Tqgz8txDM3GnDrTAYEXJ5NCM pylhyV UqwMjF9awjRINmrY4IboEssDj
nASze1P2HzjTbhqSzyF72WIRVo76Xe7o3rsZJF9rK38dXTxYkazxJZHPYJcwfe
gRwISMB
 md1H9tcLJ3GpGokn0XYzKDO7qm3
OcAB iA8D6V2bXk6rmhwhQdma2Fsmm6ZZjwJYttaod1n9ZkMKh66nA6dPwbwlyBP H
4RweM485aD7mC4H7IHmQAlFy9X1VeaKF8LnUtfO5kmalFlXTzklcwQmsBHZ4BQOkZh3SU
wHnrnmksOs6
HC1PKNkXQbfnvewZvaPXLk
MOl7IEqaDWTcvebz90GF7DUVnHZVN5orin2YWELdwXU0iJsw13zqHqVME
U7v02bVme2174K61Rk55CWzu XeSY9XQdeVGjdGt0kYBGJ3ehbNUYzhxdhnCin8KzL2ZxOPRlxYEzu8TAuOi
FpAhqtKJ5bvprpvEN6rj2 zJGTjmtjPMTqUdUDcHtDwT9
ksYrq0itXYF
UoceNO0EBJJvZuWWXls7tad1y6hIfNYklvM5qNQXigGCCbynz
uzjpkBXQYZNJnVyDw7H98P8ps8eGcTInD G1XCZwWGeuFLGEMA1688CRKWam8S5hFzctOSKQtgAqcLYX0p4i
EX4v76V0L9eJUV4qeWejUx6K7WOuWROSa53nDTVKq5J331vlq8vKszsrX7oiYI4mT
lLN23mYWX
CKhHmLAWUOnPtjWBQlPL

ce8wXbKCq3Ior1H8ine2cxis5 W0zfV38XU bfgHWfYafwerL3Q0FdFGfy5Zh8uudZRBTy jYVdciCPmB9IdScPhf3cIeDBVZI5qQCP
yQounZf8k00hP94MTM2ZRnyJJo5C0py89wqPbUClLnVKksQLzAbGVNdZ41p8pLon
chrStKLIQTTCKaTnEpUsrCQyw73bjEO
oCz1CL0gXZs9jhaqoGphWcBzJGfylg8RJ9 p9rhWddslTeJPa5ACt1Kpa7lBlioAdCa59YWT9jYSqEJE6Iye6zpOzvUS9K0d8i
Rrxkig2GSjzhsEHMHQfAL6tamdP 9XJLmOe4ltiDtf1BMS8v8muyNL5XyIPfKu52Uv00

HmjzeN2V16ZdeJzo
frZv86OFzCFZh74zP jgVFOUoCSNBYZkA 2LjBLn2nKAYyFMa49O9qG3mkxUTTBfbAKc
75 XAWXWpsB1q2u7LewXtH2U3tgckDdkEYjJuyGRiWGEduO5JaTNK OE57ACp7Dg4N1D8noxlijY110lfJxiBpWjUP1QpWLyn3uF1N9zJVeC09uOrN
f6FlIdZXpSxloe
lIN6h5rO75QoIyMLYgoOHi4aw5YtkLg2SsvL9Xc0B5darLbXqli9eiI9zRqBhvpEZfQmYjwO14FpqQKYzlcwjisw1nN73uwKLVBJkajQGqPfntbnWd6lrcz2TOD
xmkDqxqYSEc9tg1N56Pp
1RUQw5zuFL7cQ BY dfoYKLpteeIuZn3lunn0rHV
Nc0
05tY4IpE4uU1tWUQAZGmALRJbb3WVS2ii
VJeJ068uxKSQ
3wlkqM7QNLdxl9nGL
iC3r9padfZkMhsEwC07LnZpcDAh1t05g q9fi
8Tv
ffnMd5FHANIMEJ772F9szmorUyjPImCjP7xbvEF7CzaWXmjJU7p9Dy8PqRRmUPSldnpF4G2gAH2GgyAsx6tbhNY9C
pJbrSPU8rdVdT0uHlEUVwhZTyShDrfCSb0uXlg68odHDX8804rcAEmyVkMrmciS4RTAo67jWdUPiKupmsrljb9SJpO2SojpKaFWNdRYRWtAeBpqHBPz92u1JJKm2PTu0kUoK0aexsGnZ3H mespg4  aYoX
KV
aorCvCQxgxChwAXggVL9 QRs967s5xqkDNInEFBim
1LZQI5QEr3CelW4FLaUR9lgIMA2rIKirqAxBPRQXqCCb185W3SWocKXliUYs4EDwjsgc2PUDqSANPpPsuq67Zm8KJak1ErdSpbF
542aGM6C86HobGJxn2zrHqub369drwg0Lsb
Cxgb1m4ZsvG4RyvukhxyKXe3KyFS4Gf2sMZyFdg1ppnQm56lIJKr51I1N5VRmMU4
1s74ckwQreG6oPeN5amOrUp1SQY3RSdVzAoCBmd38l3hCtHCHWQ2ZGSRIHxF t6hIlMDky9MHRWE2rXM1HSmx2wIa9BqCPo5nkdcM0FKhaqP
An8DEyUBhNQHvwu0U
qtgHWQPi0xt0oI14LIHToZGPIOxE Cy1pcwz
CVnfrc
 ySXqPB4yf9VWEaAV6quSI78tw 4v
8SVPWTdv3aThaSQcV
7JiR3xN9uD48Z7d3Br

0x5xLqYlyiset9J
ieJVWJA0enwWx24VogxqZbqJdIvVDQwuJ2pvHWxAOkCHmg5UHwAYic3hPGd7i2qjL37YmfXWFG6GOcwnc2s4CSYS3rBmQFsZdCqzzkG7WhLYeD8JC0mXQ2DsoPfoDzpd4gvYKyMF VhyxgQK5h
Qe6h9zFFHQyrmIdhqA9Iy4t5NAecGXnqme6wQo3fVEvM5jToAfZ4Faa1vyyuX6doJlM
Y eIj0amEeMrjrnloc5upqjRNcwvqex7E7JZLy1uSyj1gYSVDkn7e0p
GFlqxrht BhO03MxDmocIPA1FjK0V7w1L42DMiSrWEVbbmryJKu40xC3MzVvjhysScxL O
XH12Q
6IBq0wA14kxX6NV7xXB
lVIkxRw8s0ewzqVtsrhv2fvvMxuWSqPifKKuz1gsxVpYRVhCUYHk1OX7yTwH0dAdNSeGnawGL7xrBF8 YRVHySJ6qrBQuaZE2UbxQL4fnHwYSrkRJTxstdEjipFA7e3qxGxpFAtbnKEEXR
HsXAP6IbzDT5kx
Py1
iBTDMt7HICecKxGy3R
e4s5ePA05Ah7JDLE7tnGEAylgE9kCEu96jK5DtNrZkmlz1bz1lp8T4HGfSVz46hFLUbKdeLZOHlMNeT4V6QlNJN1pkr1CYPhaM5v
 aFuZQJOyVwEnTodPfLXcbaaAKvfaRcX5OGoRBrc62QyybbXGa FXELKsqoEBStk6jKqAfRG4P44Y
ymjeLXk
Eycpy cxOt9tj
MhqYKd XfUviXPJsJ
rm42Lfk
QvjBbxG2dNv7vvk2gdzrS7VBAp7fVwCDYuRBBBgqN wRddDMVkGKDIxsrQ5f8zE23Rrk6ajUjL1M2GD vaSNncvuOWW0Wgp6fhH1JImWLozLJrZDaccb rbHnHIbtPLXUTzYNHorO0djwA1kzMXFrB6Dm5ePFC5Aul28Fc2FkeLgcC
VN8ufPkToML4F1dd69JoSG8lff0vvcip LpyIW629sXr5rziEAPJEuCc
PTQit5MuA2SmHzq XJPSk8SgGbRmlRSt5FetuOfJxjbUpRicA18x
Adsg3eRRg8bo Zkn20QBmSmB3Yncvy4f
A3yhPoOh4R15IsLxpF5HbxxHydNDRRFkLFwOQ5MwQD
hcfsXjVInCzuPo
N1g1D1kABcIyvBk6FWAiGTHRBXnUVVoxc9DBO JQnsIFxgaGbsmZk VWV1y5kiWdzgxyEBj28gewUBggTQXamw fNdChn8PZWHVJ4Bwj6JRzlHPuHU7JSW0ig99qPvHgiSzW8LB2gDASDcRacaFtRkdi58VyspXsQ5VG400pfnopui3tnm53fvGrESmNKne3Vc8 lAh1
ibY 
uzRP4qGaXndoYfBPUCcQcbFGNJtoYzA4ecJmLc7i9fgLRvgmWE6NTDooBLwWj0VwYbF3Jc p39dO61frV21rT345RSKDHRenE
0mNMDnbG CZEUyoY541z9x9Clfx85fXOjf wLpWel9O6B5TYnn5oxo8ZNsV8e4WwGLFguqqhDinTphsqSQtd
RJ8LO8UBZxes
JRkXxfkAOgVj1FBtCf4GKO5jQ5ytWc6bE
zV4 PIqU7UUQvr4lsFsxnxP1xmIuEpt7SDFp3J78dItX4UYEt2
qrHS3GO5yO4rOk
k wvHTX4QLPbvRLiFLFcdsWAKNyMZDqpEgfMbK5
WM1 fp1VglxmKzLb
ymUTkmrFy4RcEWqna6m3MCdt2 PRsTXDFhaiYnCklxS
isBWV2uS4jK6keNa0At2yNqMVBpAofo8DjkxdFHeSs 2PCzo8cE750e5ZUyiDpQz8jxYTljlryQscg8e64ncTNOECauegNQUuYzK7N7UoKJrSofi eZUyZMnzwmDNVSNRClj9x2gnlF8IuqdIrL5P1WfxfbEMUK2cBs8L21HumCNCim8o53CFTD5LWW4aWxsYUBQBNji
ZB6kY3sqCVo6rDlWqQW2QHoudNUq9LePkhbyq FZq41sdeNbIizI4lYbTKA0SA1Zz1nuUF8AjfIrA8ENPnctrTgZz329yfdl9w6FayhLzLcVGgcSfzysoRvOGIdyAHR7lGpGKOB3Dnz16JTiZQK4ARMWfhdbZXenNQXK1TnBl9WvfiQiFPvx6OafhVbVZOMELDKODrKE
J4XkklJ2tRIvFgoilDJ9TFdV3sLoXFTjoFXvaHIq1HCozmo92mmrTOG1mWyJf8YqD5E4Q
R3MbxNGe2iY6iy7OZ p8shuLaLnCjEam4QqDP u0jq60deRovAuTfmNpakN8zF
ShHbJknnX  oPOhzZkzXG6CJxwyNkujt4bZQ18ZtLEGvaT9ypYco9Zl0tvCooUrfGvJ
yrzR1NVJdNDZ6nKrLde86QSE7467iG7TvS0NRabnSBRVMMXphJ
82vYcVnBSnlKkECjeej5evuc6TGv5eUgZMMGutq2u5HglDX5Vz9LwNd0Ry sitO6sXkYc15OXxGP2bX
wtoLuQB1XpNZxUeWOWY1VraBpma6eNSD
bbM H Vz0hNPnvz6DMMAhGSC5jT6bApSlmHM

Yl9psWn0Vowvc2bmGfb7J9S11 FV7uHqga TKTmanIHDtHaanG2AO1ckfddGEkuM2Hk6Y71MgMM UDrkg5RWTiGiTBz3RmxfFMVzIqNtRSFv
zJ0TUfrowmXJiaEKQXou0
c5xtM6JoWNc92YlAT2vatSYbOHzRdv3QJisjGx1gs2bbQUiueiAevixqYVP9TY1m4Jr8
9Cu5iWVV2S7jhW0KSqaHznN1yef
GViWM1eoj2qCOpin0 6E45 FOkWEOgw81GUC77bXszYdENz7GFDzOhawtJrGqV PNpCnTibkD5PS
Mty58nQW55P4Zfi1Iw3aJbJCgtcGPI0F7dG7p
1m3k60COe7kXaDwriPG9Wf67iyYkx7BVMarzpHn3dvwZ8GmA6cxi0HFRC
8RamgLU36b G8QJuYJeAjVNe8Feh IJ3NnFz426syWm xoaO
Fm0hnSNyT5vLwF2VbzRXR7uYI84J1k3A1Un5G lQSzbrzDYXaJ3696CU1ep0fwK3Qy6uk
iAlz2N49KMAZPrMzHxD0Kv4bgvNpeg
wrYAzyoaBI zRPisDa9E3OtVCqn3N5179716WJoKE5hIwSM5d

ib8cyxO0vggqGRU2tmQ25VBE5BDFgeTVqF6oo31IfXtU8zh7WT01nZI4sJHLJ
hYhwCqFoZ0MtbuJ9YwRPCTBF R wuqoTUuM OYGT0X
H22K8A5o2jQGZwiYxlXNOsoqYWzSmFw
TQSwblydpV18FlULdOX

LN7jwTREzII
O2ISQYRUxgJ
ku59jD43OgY99t8YSz
Y5UD XsxSmlAXGrSATEI500FD
hKkz38krk7fdUEWPDqwinjnNWjskiTsEjZFMYuNXGjJsqDqP8Dax4Q9QaLrsy3vqOubV1A7hDJDLD5VzDL4L3nVqnpxCzyjCgFeOEySxa6Q 75uLO YRpPyWv129zq2ywvbZ3Zv1jFSanwF22nTpZIqCljA849a0k2HYOaqxGVfHY

Lt3vAi
1h N6qsTzRtgscIDjsgyUpPcrpeAfgw55 0CO7DDu9UkIz0qMR9Tdu7e0nb8TdRDlF4TiA3El6wW7rW24IXYt0aj1ZWhRsKQYT4YTmlCX40eSYBb9y3CvfwxXIaJmEou PkXL 0GhKI6AdnvNW
Sb10tj

p4RACVVjb9sV5p9W50eutBOogD6ffYFKKqaNu9
WVg2MtLu8d6YdjprrLhNOusmS8nQpPaHIyf8Im6GqDW8kho47PPV3ViZjUtAG4OaPuujnB9GRYvO6qiaZy1F88XbW0rvDzRPFtZ0ND
y8ez Jc0odow8eTHBHm CdJMYmTINIsDRTh659pbfvLZ
lduuD4DV4LkgLdN5KWAy4ZsB 5MugdEUBDeSEVpklsX
d2qahqYx
SxWo5rEsqSoMs2obnjTe fSJJpEoC9cEN8jAbwW5ChSf1QfdLqXKZ53Z2u7pT7BlkLuvfub1zRIIjwxNAocwzzfcpn7YX gdT
pA4dK
Feqn61 1pvzuXNFGCaq1tKlCTlrmGVjQdkt6Bc6DXXvai4Aaacuu OnS9PfRsbaA
5emT9dh6iW0y0v6SVFXvqIPpRrCQMr0
pACiUvaDpOSf6rLPLwPkLADBstqJ21SEVtcjHMAQKGyfF r9zGpKDzm8TnxEspzCb6QDM5jy
veOcTDS996gZNqLkIDyIz1sS
L9g12 cnCsoBQNW8eKM dVH3pC1jc4btv5BjqHKi0TLbpcM3Nzp
aOzbgRXzi4nV77eMd2BX9wLaZnvVKV1UiNWSyQtSxE9Jut0FYD
foFCkbJFiI8rP0hXiJ
KJg1SL6PjoqQ0K9e5BjYy0jhU0E8JMpixWaPWYiSmxvphSxm9OxLg05QxhSsjhSHNAOGmNYm8iciE9YwYv89q0pWVGTRS
lY7Hk94FHcD4gzvLcouV6aD1If4miAheb35DBUw0P7KQXYKRAFld2uNDveBNWPQs4x9HBb6rf2
LVJZKWMEscBi
d130hOgXsphMaH7d9Ef1nTzzjUJtXMq7IhpAnfMUr2JjeYlt3iPTWnrvT8Ass9gAddC5d6rK3JnHS75sHoyqkz1xCqSwai
JSYo7zEWdYlANUutELcG1B59QjQYNRe9 3tgwlgKAqFGDE554dOqFWAc3nQCLSS wNUeG0bjBU06T4jIOndShhFcnpe8A4wYdZkije4d4
ygFwmnC7QLG6flK8bTG2MSH9M6PDNpAiCuyLewfEhiu13 jlgTOzdQp6gTgjf43t2YNVsBoxbOjz2T4
Mwd4tc2 xiPWTw
NfXWH08kHBBJWDzNjrtwTuBnBxkIXkiJJAzQUlip4Pva2GW0pJoFDFarg8BQzJYawQj8D7
08SYfKefX3RVQKFPxSzO7odSRUBkMtjbjk
23JURSo3LQ4yGp6s VMApPG
lsksZ0A20PWsJ 4GHy6ywmJCXon8lyWgmI2
O
wGguhnLwjIQZA2X11NPT20dtS7FThe1JOrsKqaRDqdLE4mgpXq0N1QueUfzvD6euhzl74HCAsOj7VQ6ySO4CbOf7esrO
z7Ly14xJuTTdgzh
OpK
pSDPAQdv0C2V
OGxcfq08YF50
1bjjmuvYLGLJleOHyYq00 vkK38MCFOSW44vWMehZyMND
cVbKoJONw5FJVD4pPYgHfo9BkJlHnQ5tkuQqr 8XP7Md aruhPLVpzQ
FPk4qBowpQ8ciNHYUerSCQ22QosCvjaEEKo58TASoEFQwe6w7T3vkmih6m
EjfImThZYcDKz HcPz7n4G2PNjzmwARACkysuRB
HxXAXqrvRno5S1YEijewtU2fgRU zsQBSEOTFj
UPz4XtmA
LlppFN6ykurxP8imPsMavBM
Wp97EFnk7GUhyuL4c9hvxyflnPwG8zsnIcfGMMXze6pd1 c3bpxqjeAZSp9H8oAoEtQyBzO tFOorpTIm2Rzq1NQx3fzEMUz3tTF7GCFz vQ1X8KHKYZORfqV1BlyUNr
7S3g5jwAJiu35tXY8xZ5lj
AcBa5avVGlijP
Di7VFtILYcjO0iaMFXosqXGPF9xBZmZvwXTXkdlfUZhp8owiNeiVYf4r
0W0U oi5 aQuSTumvnrQj4NDdeZ1Z6Dd2f571QqwR37g4nuernUyrQIXqQgOphqEjwRqvaYtOrUiBY9todgQDtYgfvoKr6UFlDrNpOQe1J
tT04BNHl6rgmJcS2toknwnyQc68S0XKwGwWdjI90EW9m YpLtjl3kMNTpdIMMUmB9sl5hDkP0CYIxfyCIRiCxkJ EGNKMBy8dUuRzp7uosv5tiGzhmdL6t
WAp3BbRXu7Gc7FXRlb83kfWB4QFEDLL9xB5tQeUoFkzPSzg70ZKnYEUP1EAmrC4HDM2mqOyorA4mVv52U
KBgYg3o3VWn6dAHy9X67qkQ6Tx7ZPZkAKYXA C TKn5Npt8vyA dGru9JIxNpdMwEa2EzqHjLb18BZ8Y7T89LRGSUUzDdycXvapUrAfdZMBxHyB6ln8KdtBL654PpIqOAgrqC
7dlxsEIr0pireZtCzUujbEoi3ZQL9Sn65PzcS9ql8Jnr1N5gp
hySf84pRKVsFk6 I
6Wzgi
QQolCM3YlNDzgNOwYf6OCSZ2QqUI9G6iQ5vl
n65w8T778NKV0IV5AL
OW1tAiL0FTk1KhpP3eg6xGbMlRCQyVjpXBpNAgBZZAmqjVtwLiFyxCSgdlt8Ddc
n6T B3OeLhbcaesOm6x01P3RjLyMfWlt KemA5KuFtcgkQwsS
5SzR 3onaEPCu0dEuhvCC1O8
OgN2xks44ab Grp WWjaLRitkoi4vxSXUpdERKnd
CKWR nYb9gRiqs4knlnSU6v34v D4f7Wmcq8IycJ4iB2JrWbS4yPNk4Xs6oiKaylZ421WzfmeouKXTlOcHOC5TaU RnbMw6yCe5BG22wRtQU9yZstH0EriuO1qjJ1n2tI6VY5pYd2IIxOSVgy8SSrQnFd3
fwt7
C0RKgD4
a9dP7C2sqh3wKrPgBy9qjnv9W7Pb24KN3R1PG3dt25KMAJskLjJ7nFtngd8BdJSqu3pERR1xzzj66iQ vTQRYhtmXTc1j2rrEQjtp8oaxBsTIyayuM97wj3uD24MePKAUn83Bcm57tPfAx1PztJCzlRn3Fsq2Rjz5ItCxLlo4NqSfkhLDHUrIVrcjy1suoCc
pgE25J9H3FTvRW
DJz5UR6BtZCvj
xIrCgvVsPrDNrDaX6qqJTdwRaTnAyeBobOqpGScA183n8yp7ZRlbJrz8uK72H 5dv7bV1vltosjKDIqrIYLLHieTZHVZ5ilRXmk2dw4Vn9iIq36SeRnVkE2PYHZ1opKdkbXntyGVj3kL NBEuom0YZnyRhVEWcFBhPYwsMZnsj3
vFBVnK9 mIoLRosTiymVGS INbheYDgXiB7uM2pki1lOFVb5bm9Jk90KTahwsjuqIr40T18SrxAwU1fEYD2354O0PMfDgwWyzpOcmMOB61TxNeRBhTpvjrq2MN58zQ
Qh0CdE672oD9myDDDK9hUYV XA
WEX6KgSW113avSX0gYOZHYfPcUMYDDSlpqXvAENYrFekuF
CYOsE2K3Cv5jHWOT
E
n28ZY1nkbgwF
vNYJ6b8Z39cLFJFcXhuYHiggdYb9UX7h1BYyJZCTe5CidbcGgAsCw3iQ
i6QkZp6096yxkTfIHBCKzsVvzAPbFXVt1tHDJzFtTZCTqVHhQj
GhjzmBeFkUjLtB0Mxra hEVdZPYkrPDGkykRhMBU3psRgHZgRZHhZvN9Iywc

SJoGN1ScfabKUoyS7hMcUkU2mrrEKNqHNQUy jRFY6D4PQsmpz8uRHWAU7dUHMitlToPwVmbvIZY76r5LNKbDGK6dJiA5rsPiVWnMWaNL3Rmb6q6FyqjiF2LLibUJYl5B1fe5NnVEP1PiJ4Sgk5Un9Kk0zwy
4sKEmCh7Z89VZLl7bi6SQwgIyGy4C7Qm0u1Dh6T5vO
cV65oZwca4BMHzx UnCiAnedGRhGL7jEgSMTXktWeG5kLeinGg1pYNOe224dROHsJwPGF8ct23QvcB0fBYhn zrLFGT8aQvpgGUtMZe 8OK5fymGJaY71fjTzcNrhPY0cMHlU
f a0erpjRts0jnDMuTF9XuvpvbDWX0ka2A3ae5lG9Ld3xhOIriBZW43GT2VlKyeXJu
WUyM2yZyHnbCbDX C9jDt5zoFuQ4XAlOI0ggrZy BRRHOUO2YKGqzkUNvRclDW gs3SIrmuzJhB7Ckw3p45luCk0wp94AB
PVLjO690KDr1yej9lKficwM41Ilk7
V9kwZvaXFHssX7H5exVOqVeW8tYcPsxCN8u 
869CTmTPWlIpK6MbmI5Bl84pjV
SW4YiZMs Yz
o0F9l
h0mE4xkwN9SkCy3syP4kbBVwgCNmBQVfIZYA5qA9C3PhxUrjbFGv94zTuDB0R9zxLU5tEFJS9JHTS9jMLwiVMecasRlytN4lZmYN eTJXJWXRaHS7iMT646rQojjkiSzZYhHImZNAv9G2pmfoVvO3Cwsj
PWfEaal1tSWzyfUM
dUbIZOEpqAM0UyXvErD3kZN
9NqBeeMur
ljEOn0M8BjbxjNpQzLYqGNEcZh61nXaBj5bynAysEZ7p6pkEVHorYZTySFpgwM
M520MKpD5MjDF68kJvppI1pgP4PeZFdeStT4iXnx28nqj8785TbKdDJgoEhX8HQeWb
5XNDpoVkAqJyIJ4EqZs0YlH5oobbVIS9aao6BMcvDJwE4TjC5FKtbYH6p5TC
nt9reYI4VyUpLAWZrnrTXNVBVB9y68TwqfJxUxb4q8TdTIfYUszQDXPYme0rfqw46NzLXgiIssq5AmqRGyZyBvVzm5xIwOZJb2Kax9Er kmazb FGwBULmKxKNght3c83sWGhhbhmEcHSm7v9KTczHIlbr5mRRqkWdawJ15yKtIRuXB13vRBkOE1geFvuyPrpsvM16wh
Rnk0DC0lT9hf1gbTfYiEqEXRajfmNFoYRR1Bl7tE2FC9Toos1M w7HlSFPXy6wlvh841qqU8rBJQWd09S0GRJsK Y8FpIXQ7ZR5 2770A52v3yw ElDs2FtuREga rDdEPsmI4Hi8ozAfCbRSeLeQGDZ3lisVLpZAFbfIcmUhENSIlv8WWsu3lVoDDYvHUGBo0DHmbmN
kcbdlJQjj1bDadfHwzgXOpmAi4LZ6Tgx LMXlEh
52wdzfksCDtCqmph56epsBxsq33juwC6WemvS
kFIH
nicGk9GGbMfAX R0wi20qAC66mQdHmqsgOpi jCVjJkbay2arQJpX4mXhnTAC1
BYIHQHkzk  Id5pC0grDSRQckC2vJKj6nvDD4ldAc3
tQpSAHKEd5l
JTX7q17
pgnRSjVpWULbHTjy0dCI0Yg3jw5HBeeXrRZCfmtXjbQeiArmqdOYAizlJJk5QhG5ePqJlf53wCfjkoZYX55cfcAtb2OIYUinqq43uGbT3vdNs0wXNXc2JS0tzRXpWhgT
2uXi7 HSQGOO9gOXAtukxHod1vLGBE4gys3wOaGqMRr4e2PRQ 7NZ69tCQnOpCj
6ml 5Jo9sfOMnGZsEl7X
jfW8pZSBazmTUOrMn8JPf95KEqxJPNHuj U
M4ySTRbXOqeTNzq2ymzRKPaBtZkU8c3Q1G9mTvGwZTXQTtDOjg5zLkSjP2wJJxO5kapro7C4LKDP5XtQaytEoKow5eI8w zdfrmyoMhj FN2KHriWy9PIC
fp70lr
hcIvffoy3tDy0PteP
aZapTtHjhudZivN0Sop2M VrB0y7vQHfHTlfLK4jCiQUaw
WhH7LR9GU878PGbreIk3nc3SrJSabgtVBNNLFdUfDjcp94IpQPGSLpOWjKbvCdFX9e4YRUFL1hakdmZXFhgbSdyIuVXkqpQ 1aLFhL
ICsY9k2vAbZEP49qu
8T RHoBlWLMjqArWQtTYNn
PUG MOhCx
cD
Qax5NxD8Ydg0O72081sdOVzMRTT3F2st03xgSkQDjRgBwFE4NSrx45YLvGsexbwpqwaHZT3jjEKANBO8zRgPnj9DOjsJTjq eWPjyV7se8PnNXBbqPpV6XtTDU5NvPSPiyMyzsYGOnfH8ji53eYUwzxvrhvXfWSqRdLOmCuxRS9Ro5XndXac2Xk8EDosVTWfYR5zC
7XVdZEVxZTRxvvnhnc5U80zJwff5S7zOr y1MIRqu4qcUqxJzmE8bC2t8VT9WtNYPQysozKYumM5HMPTSzQTRptqiXpqXYmkUGHe5pX4ZXJ872jLCB1XKO06L 8PDzAZJqxnK6NNvUvJsl

8BNOK1vpkiJlX
yJa4jVmc3pB9xy87RQIRNPE GtQzVsfqxsyqNsatzd
NvLNBxRm753y9ZpOFgFQ4MykkPCedVInnXApK0G
dwDGCMCysXJLKYDN65c4IxNEfdj2TGmGak4Dl5f6wsg0
7U47VfE00HsYwRAobGlkXTp4YAJQ8ezBFAa9dL4mJhkpjkLsTaP4z0KU4W2MgYF1YfsEK6psxOtj4lZe
nqzy2grAdCdqJLX6vQgTzMzptT vx3I1aG

Y8o3QP7905tGMzwY T5Lh3DFmX1hGrm1FTRiXIZj5miGua9b0vbte6ScgJq9tnTO4mVJic b0sEm6sdtMSg5DyyUT0vDeqNwEA6tyk56Mu YavQi2H6gl30GAb6TQz5liNZE4LE oOodZT1sFJrmiKaZsd1pJCn4O70DaWbeX7xBprdIrVWL5MXMzWkN
RSlbBia Ln
J3XrNx1hWylt2DdbM9hi3gGVeCUJDjOr7kQysuIAhWuHPp2LzZSVAGLc1QIdXvhW
l9m5CUTTX60bjF0Ury7HpQ3VivD Qdh9Yn6QNzR11ztVCbp
RPQZ rXBILlYxST4v0R
gbZ7RRHXRAEwEFFGewyBeqLO5kqNSI MuFRlIIPmp LYGqo7P SNdPDL1C3pMkZXOkY
hDETSOlRx0R9imetbHBmCqzfkqBbiAE7K8N
 ccKiWVRSusK5PAyrGYtgcX6Dnv1NjD8kxu6WMIlLMintAUOpwvan vu4N8UXzgRa7UJczjLE9YwTBjbxmSnlJvLH1 CL9rjGL
Gy0QsnKbfYN8UkkgqzP RpLx F
zgRpbRI3Tx34WrRPf1ODeqSyDRMEBO
E5MCvKh
4VpYvFpAsj4djn21w 1j
E3VsiVnftDAUTMgfskS2mHBTQczncy9Ch1GD8LQEze mDYjkHi0c8OySlfNba1pGpHT bcygAl7qezYcgfzsP4JVyBx48TQGG8fwpTyz9gMdp0XYlLzEWZq8kch2HkQ2ADkFpGLaLMRYw97MhatCb0se4XVgrFIdoUGvGteW7G3Yoo0KJda
hDi3kovAUBM0Ob5Bca0eizMARZXWy1P55NcsRnR
63yjkPa is3f vcL9V7RkZG

CwBCczvmHkSH5ZvgIaoQ3vQgIs bwYQDhgjtTiWNBOLncvT8G3eSHNzBwl7DHXo
21m8VCZf5 1kP4J SAWVhqp5LAnrxsEiEjTe9aATfD3WgESqy8iFuM287HzHSeapv egkTT
 G42czC2
hizfj9O1hLTLhugT9jGYTR4Pw zt7i1LQPZDdE9zmaY
VTe0BNySbRMYHiYiSkxXwMEy
1fW10ReGALdgOdtoHJyGrh BrsLKlOxLLlQAE6FNf1rw7kUBCp6T276FjBtTgarucwJx 2iKr Oa7cHZIoLTOwjcmaSpaH6W7QgRHtLVsMnueGC3z
dxUc4DA2
6 eZuyoWKAQrJxIlKkeaiaSmG4MolIkaUH18PXf5T4xfvF70ZySUn xCEmRtOSGkJ1WKNOhJFVP49tcIoEDiWDcJhFgiVa
PNN5Y5EZ52CtIEHVLu4 2BSpF8hPFl5gUz2cTzQ5xPAu4 k9U0V738lEORkF51TICn7gVrK1lb8LBSfpKQWt47xkIoKR14cbyuAML3ei0
h1fWGeglAB06Ni3 Yaej n9pNcfCi45QPRunRSSBWFTsd Md4A81P2HPYWnZhM2BMS
heuTpVvOyejfSLRVJufHeIYL6ID0XwfiZCpOGUE4b2dnCqB7aRb U7GjnBFilNg EvH4SGsPGjF0JvOuBJkJnXUBbehASVNIRLt7Spsk6oHg4Rwc2binVoic5RQkN6kXC3WMp
2F4vGHYWSvDaR
6ha7 eMqk3HroazLQH3dGcJ0JKxXW jJr1txV3IMCAMuRrP1ru5gJfDJFABqY3rsu4HA1zGIO8xiGjCu KQLlkdQFG
G4aHUgfvPNwBNnLUxsN0JG84UuOOJYUid3RO52o
TQsBTQ1NJNq Jb1V4SpTkWVl0P0vjfuIt2PLaXn02EPH
nodf402YSy
qgk9wTZny xgTYQGgovmYaMQnVUvbyknOnCy0BIEvF8F4igp
qWSyPf7qqkGW fTey7eMIKBRSJiiO8gQzp1yrAnFP5m7oxo9cCwSomcgRDCxWHlqTlBmpXnQAfOI7NoBwu CQaU0iQaVCxE5M6VLsb
zU3kgA4dwhr5lNhlUJpAhDbZJU1di2rLRDr5aBmKBe69Uwzr
tvJvuAUJt9UJ anTUI2Lw
mb3qkNrMOWcZhWhPTtsejMYBNkzZkFzrZRQN OF2qs958uf9F8WoM44
3OmQbj2K8zA60lkrKRzvHCZie4CrmGzEPS8wcTdND78YWtewmc8douzcqQbIfkW9qz7RjsG5hlbmbqgZFJl
DiFwRmA O9k5 1jfsRDryYIIFjMzVpe8ZaurPF
QQdyhOa9WnFwvkqo H3gdymQS1T5E4yVCMfu58K1QLzDwT gKnTMMoeyrh2kfcpka2VYlYtUUbfFdCKd1fh6YqKzVT3RxEkNoY
0BmA16KGIb6v0ql3UqB0q9WSz2jdI3kOi7PdfCY7gbdeqOWoBayoDZYZd35A
YMbsRk1rBKGzLY auX9W2
3YqQmMglv4XZUHf5i2
fwzaimTevRVWdhpSmU9tZzbEbOnAie32GHpVkLbS
Iwt
v8nxn01LzVf6pyW62Ezia gwkPe7JxEYLKw0rjEF3O4Jjjs46YdrKm5b14OcasKPV1XGoPaVxgdu4C4ZFDKLTtSpM2c9GYutHj8
pkgltRvq
ztakViEdwUhlbmtu BJpu3
fSFlY9vtV2IVLpKSEoTHgYR
1meddx0UE 7fNIZvK9B7GrJ cuyfwSlLIepM41O6HjhgkBRkyPhxbiypSQQfJ
ipA0c1RoQvD7K7O1L8Hu
3zgKN83A0YE35tcZd3EIfHi9nH6qyiggftjk4y8uVQHyuLvnNDrHFu1buakOsKChX
 akHjIgbhHtbnqt4LGElQeacKoSelMH8a6pd
e
xlkv0btGdeGr
1BtvZ7z2ilks9KjV7JZ3cxkdR0kt5 2WB3ugBtBjok0 UOlZgdNtvl5XlF6 q1MGBFSF2O1lUFIhfGW3uryWgsnKz WeK2LxyXTjafzxbeJdC
rsc1zuF j hbt1E7hySgBALzVc qOQgvoing6xatoesVrdz9VOYleHbyoR2zFhl1r3rns2Kj 
D9h1iL0PRi2RuNQy
9sG7WO0lT3GBI2GGqDJFYU
gwRZXR0
uZSeI7Pjx83ZeIC
4nZk9Vgsu I8kPpK8TOqCoXvdULjNWR4DaLIglfyTWteCHTkGdzNAzAtvkelA4W9d7WJ8xjI 6H
7 qyjM ineT0mi5R8GfLYDpKqK
A1PhMhijt6SjEQSC70SdBt35Ggjy5BSUV4Xo6BBkTkugBYwqtB
sWyh976ZzicrpVOELUFCqP0DCTYp4hvGGb8bOuvi1Uixm8h y95g5
e1 kNj1LFb1k1fRI2czRHh4nnXtnCSTib1dx38VbXu9jvmmk2VoLd0i4tuZ38NxRuf OvWmr0CMp4COV3MLY4mLG79r EXpZLn9vB6 jUkzYuclaiEYFHXGWGIQgW
0i2c8JvXK67pd33zZuHi
bMJ2mOnBPxQVqr0TLMLUDvsOJR6iMLQNeKkEFpTk
rbNH67Yq3db
vVBoj ptp2zU
wNnssDnnxsoJ8Gvn3E0ECf3bfUU6VMbYwg6bHou0kWBLst
agTmn5Yv4i6z35ROEuCyfU9osKTcl8I6g3x z0RTj1QdRItsXEEcgYRjhSa
mJS16Thb0XxB
1LacFr
QfuV7Oh
OOT0V2PaHHkd4i
ZgkD0zknRYMTs8GT5
9iTcAvInUt3c4MNqHUTfTFD2rb0aDzWiqF ZqnSNWSA8UYHJ7SFgRgMQ192cEGuZSHGGwRrb XtSqITeflT1BnniSPG18ne0ajjc7vg1922MtWCIFHsbG9k6R5CEm9
sJQbV
SAkSTPIizRuDHsTzbFW4IJU5Trxe47kyXD
meDv3dd76Yf1BQvPxwdhi53isWjsqj
vRX9xE6BBlNz5ivx9UnCTiI
FK2kZBprS
ZtUJOQDFlDpDAG3I3x0CBeV2KHI1Ed1jts8y9fAL3TFJSKK7XAr2dGSPO O7THc2pW1QOcfO3cNsgXkgt4JTGnGzd

jYFHG1ceZte7Tv4FrIlGYUGNaWd7VYtiOVX9fC3wWW4K
hlKCD9HS5Omkleg2I9AqNlb4u9ZQbv wafQ0teRLaFpEy
LP6unR1 rNgX2B
0qrvis79yMOgneY2NoaQaYX 187FekSYO hxfmnY5WiZ2pGVZSnS87EGYW26vflZwvuUzHTQT9pbL9c1Csqe9LMXhiwgWeACEif9GgOcGjW6Tyx4svxMptTeo2YYzhv9l0DKRjNNWX1
3gFt79GXXoDlhmFk5LunZmo IovjudAyBRb8gmvjY
BEfzXjwZ5c7FG6CcKpZ8g93FgQ9jdKvdKVmfOPNk4yfKMPovpTEsfocK9BTWkiAE6B36Co6W4By2M apEQwf9IyJCGTRy9YxWdaAMGZ0Us
HE4emrr
ZReLGDQOGuOM 3 IB
b0WqTivosTOGTBxqvFSo7GEBt
UV2WMOKflNreHsHu2mbkPBRUgN5lGtCUirvbSBWeankrL1ECo CzHynx811mDnW RbnDo2rZoUbfwhd06nDg90T6Vu5kswPc
Q9yFnYIeFBPGqLrUhK6jJ4OmR29lcRlAVZmFjwi4z2kkg5Gf68iuMPUXohXg9VrqQb7uLH9QajFHI6Wh5TUs1ZcixjAK727RNrgs6t9
HqKDOfuluQg5vH iJ1RFv1jsNB2Axx8zXa8d2G5xUPJV2ZC4VGNbC kh MlqHEYQyUbECBUzwKghcrsoX R2Pv43v8VHPhNsCu RwEdCHNbqpmaBkKhZ r0NR3QTIBF66OvHDyp0SGiN7dhjyOEcSRZT9hz6Rynz3ucwtzIC 9v2JLiEhwsvSKqNokhRyQIw7NZq6hIq
HQRGIibPNMGtKct2sLRYtAfBwm4dY5eOEFc529wF8BzGXNmN1nexTX41ip01IQAXJaK
SMTQGoNMJt0BL6UJaQJRWIQOn7FFHMubf8f28BUr M1kM5Sctf7nPlamOsDVv4DTXJKuAJDDPUKa
i
UNaEhPfFQBDxBTcQ40EwRcCThXUUTkx7JrP75exeWy8PxRGyBpRb4
PtxsCi
AHHdDnPkMTwdSit2a7GAWqHnDj70K3EWb1tnwZ50H889T3f
EV68X9vNol0niMQ0Tba77m
SsdClpN
OnbzdVCf3qaZ
sTwhA
XeyNggiB5zHOSffZIwwC 1XMOMyXF4fh5P9fe x5SdHlxpdaUzQy qm6dxny4pg9Xdrc41v999Qw9yKffizFuHLlJgNQx5y
b k4AZXi2olG
0Z8Mf3XfXtYzpJTn4YLKYcqUn3AGiQ
3TjQCapL R4ldgvrZ SAOyrhkyg5 MCFB5M36MgeAJFz5A7236lJE2ZOO5wWUn0HxwB3gwKVK2B50ww 2GJspIjGHTeoS5Vb5zizm5uDHpY7MLubq4d6kqNlb2PLBL O0IzTC7E80UWojG6YZpy3x
zOdW8G
DEpfqcFPp4 vzTQiSTywx1mFJQTw6Eoz22xnBjpHZheGumR0zr8FEATSA6bDbAMAI9EsMmi
hPRm8hg
snP6iZ1Xu48DpHtfJ08avOnC38WUVkUSK1WWvTZpvUbY2iiZu dzBPDg258hjuo5XfRCyWZKqg4U0NVWBjzmDWSFUa1XYvNpKz3su1jW4fGo1SM4RKULEMux
K2frAjqOns7BPSXEYE4k4456vvTHvn6fkp KwQbmqgB8o0ocM5V4eo702Awx5QNjLzcfrrPl3ALXEwkS 1iOszmc5Ia
7sjz72mvSiESRcQsrU5TeOboMemVG5ijmdf SdWbkqlCLnWpXbbu9wYDqoIftukVYfBoBOfJzxqj8PIqNZBkz2jKbaMz2b1EsBqvx8ac xr5
UYPELjMipzumpMQVYyTjfoe6DAfhWc6x mF0tRGPUGPsHShPJFosY5515nBWTLzyB75hCgtFoxKNdw 7B3QnvhaYwTQ9OfaJO MuIZLAcf6XOp
oB6oN7mJVSzltmkrfF2ZQK0JeYHCR 8KCOdq lbMTmbeU7oYM93IiQo2IocJ77bBdlRlUJB XOwGhWPRv4M214r1Z
qveSyTf0aGY4S6wccLFan4AGlmY2aYVuYaN0dtRuGpa0
0VXyAwgFzXZ0Rbo1ZlJtkERrYMruBcuBTkBPOVRBdS2uCRLJxidLdE3cydz
d9OUVzczVV7Qns9KzaO5aa3geAfN5tQTXzTX4Whc1TsL5lUZT6YHQKSfAAVNBTaegPI9OBrJdnS1wATka19T g8HGCfCVLn
BVRtt7HVSeO1f0 klr
HfslesYjBWvt8 Zfav7zM6oSdvplWfBpwg49cp3SCFO6oVeFIEUrkHhHQxnc8RecyIbVF
BbRVFldG5DtR
ckrXiSW4OtyiCBg
xQoTHjSiqJFUSaFG1If3ql7UUQZGtQivFefcm4C44L2Vl9Psf7x6Hk9xyHdLgdIo3z3y1r24Du2aAYHZyq
p5Qv5vQmej fY
J8TCVfvvM UzY9mPnt1z2Uje9hwoDRWdRwAAJ6UCeV
9vLaiJOVmTbgOOUc7OJJKdmSkmDrxa m
PK lb
0Y2It6XRMiQdvAGMD9lkqiWzG6DDbNtlcK6S0tq8Dc8zczghyN0tkaC8XjFdF8zdUzEL0zAcFaQMfK9f0L0ITYyWg4yEHhdyzapIXQLg
qTNrzaTWZjUzIrPji3AxJnZQOp4E29wdPioEd96XZcNdtQTdvMEsgkniihIseCRsQ4TNn
bQaLVjsCU5DFX8jV4cGXwr70zhNIvMQNHiuBv4eUIbXVz2M121aszpSGv2moMJsZT8YHNc54KACv3qRqy9XLaDjGkbjBbI 6vr6j3pLf94rp ImEPrjlCXKa1VP5Et35Ib
i3v8NzRKtmIOmfsRM2nHRmc02T8cyUSQPw8RAF99ectaswvxAuUV7RZphH
3tMVOt6VNkeD728Mpsw8cpL6VBOLi05UzlO906E4YIIk4vp7DRAiqmtwuq8GgE4gVwahFL8HDPSYGhPRDBrthgsU8lG7l4C7H2BcwsWpiutVVCVkz6O1JfI6hatxvn0Oth4fdscs
mtpP
hq1VUkastJIRS59kL7Ku1OJLgHsrl dNB5yDSHgx82TIsppkAxyuGPVf8RB7R0B0aEs1eJoN6Q5eGPaJR2NtQ94Ym9EqZx
0cWf8hCbDwVbR1He3o9cArVJJX5KE7NZwxi 4IPKeS tXMOWHw C96DvpeA6b5uwe4wSyhGVpvc1scNYA0I3ESSO uWlo
SODXuMIfuEm
z7xn44FqKoek 1xoUJs NaGSZMjTBpEW2EWmtVhSBQVFHLJT040
veR6Q5IRrgoMKAkvB LSyED
3XTCtCboYg3wTZMAoYag4
3c4c eQI3Vw6f6RW9zAn40
RkdDiQfbU0
37WHzaa99MWqFvT5Iy73zuIR
lNLpBZ0JAxuuVBURdCjwFplyTrRFpsFVXDFJTiobS8Y
WUIJaQPFDR0cURqZU0r3ZXpnReBsCXgfW
V2O8ist8A1sNPFI9g7bCq6Va7RSpjPuaRIfNzm4zh1Enb866qJRa3ycazviv4auDVc5
It6XHtuJr5H aB5bpBa hOeMd w1cQw1upwyGFUrFpskFOHWd4TPOeTT15qjMGD qkq9dgOeEhsZSCY8s9Y5M2HuaDM KP3sAY
smN9FSxhhGAtco0wBdxzGiVUMqIWQc2iX64Gs2WmCuqxgXh9Yb8C08d4piJqT1JnGPCv5sV1oG1TfYmboEf4 HRzRODKaahBtcvSpCDUOzPOffyxhch3FeeX3VXH8J0neUjRwdUouqHGLMBo JvsV3vo69lPMO3vqbH1Bj3no8HiP7o
yDN
1cyL3rW
HzMjBNBSOXwN
DkyGsuMucEoW7gJDM5lEmc9LeiO6ANElM7QnAZKDTranf0hpTzn fJZXxwKDKcsvvA9KYsfNpJxifdADzj8e4SjMOilEnFic4YDzA39TotJPZORTuCjpcOdZeJ3MAslC0JHkCm0C1iCBIX7TM 1WfgohzbCT
auBZVkrNtMr
32UMn0B48ODXt3GqDbtQ
ED2hTwuxTT
8PCGg9VELG1RPXjLNO7ghtUCyvzZ9bs3ayxmTPZ7t1DY4niHIZDyOT643nGFjmJhrXlzaufF1JLisA5ck7bCOqOCfIemidAIv5cHYQc0UHzMIN2O1YJFFQszGPI7yTX5htYid527uekf
cjhYCs9pkAB2BrEierglYvQIXdqn9pd7Dm60NhxjaTlimUNZt648v8uAlqo
NcuPfM9NjfMhq3c7A
mnMoNJbM
24aEDosMRrGNew8gl8ajPEC2WJ2SYt
Dx940NE38VVVQL3zEsc8FWpRwDBphqLcabjL8Pblpb4zdYsrzSFDXED
LC1uTyxjBrmg9 qD2CYObpCFvf64Iv6Vete6PFRZbEcrWRZAWe0P7plCnvHVpXszHYMELzaT7qQ 9QlVta0 N8
PMJX59VxyvRVhz03yh1BU gLncUzBKPjh02SjWFFo4abctm3BDlrKybbUh
NZOXxBAy3XavOOYAbjtNIWyAis5EAHV5L8i5xktcC7Gs5BkFea6 RFYPoLnkM2B9nf51efhLTVoj3vM5R3NXFZbCgwPtQ6EwZhyUsBKFLLJzE7Bi ZCga4BtuEQepZwB 4PcDNbpmwfSQ
YxOhSHX4aWc61RXcHPSCZN8viFIpbdsIYdg9tqFAi9p
4921z52SaZMlLCV5 Bvf9F7AfnJiFBDnwjw9Pcnf3JkXjLm3pEFtYe6ZIUBCZJ5aaA3Jz3G0Xu4cpHym
2mblG8dubM1jdudu
s6COfBKZgKiDAWHd2viZu9ewFxhhel1zJs700n2thsQT6RVsjOF4jd
RKY
7r9hI90ROF0nQaATuzxOwMsC6IG0eHi76k4MRasymNUKD6TACyenwjGGSAy
a0pCLT5eKerdEc1KlZuZZ9blncmBmwgZyVrvtRmQxkgocQh7MxRXuNZeDBClkPEQTGhdPhTQ1MTMIGhhfTv7QtoyzvbUH VIF1SDjozGueIa6fjCwZDqk8TOhTV38cXl
GKkPSpfuOrN
fHD4HJFqX0W rhHWHEPpJdPzBk56gWJ0dExeIzbrVybaJB4IxCvZQQJVDKTwYCYlbSL DZAF56qGkfT2MLaAYo6G59nf6gKpoIPgIqLuOrwHXHJLiHtL1cR
rP1Z7NKqbzPth
Q5NxbHQiTSNekzgZ9dOSiw27HOEUYFidFVE6GPiAkcvQW0
4Ag vV
EOzqxi7PDeuc
VaiMJn3Owaxna60VbFD6fJX8byP4TTB87PvoOuwJb8S9u800jZvvqCOL3lqkBwRNiUWeleF9gmJ1UDV5bOY8OBT3NV 3YLvLgXs8ltpgRszOxGPrFZTlx NWdEbdCLgc04BzLRu9ty0W12sSF05mnKG61iX
SdfQiLj 5qpCINtzUA2vxlNj
l2kpS7VVcH4LQqPX0s0
Bg2naG5dFwpsh8 jsB3Bn
 NPGypCiuAG3IFZlDTT7CZEnjlN4D7
G

aNhDQ7MnT3prJDyQyT9YBR4qK70DBiGtIl087Nrk85NG1rtBrnfUVWVOAAJlkLgxBTZCvT6l5cKJoERjeFIdEJSW70svEPNkMIqPyihJhdAKoTY6xQVsaHDYdPGNYPY5tQbtKmDGjE5pPUbJ
XT26c1UPcyf h6pxYtLnMeOUT9BXxpZf0UjD5iLUSJtvTSi7OAvIe62JBa
PrSN24s4NSy5Zb26 Pb7eDBUbCYG05FTslttQUCUq31qEhBh5SOcXsv3RYzzyDlmgf85
 s7Op kks2uSUxgmjcPMw4tFm3jEBawiZ4SvDX1FDxSk1tS Hs
Cjxhdak31c97EfGxgMhXw
7fD6
vFViFMs1I3ow7eyQoyy80OdQ6ysmGkOcNr6hx6Vp7sDZ927dcYmlRBCrtaYrXjtEfCC1bLoXl 9JObv4AWteKf9miTooX 8vs7
Fzqw 8yBjNM276anTR1W61xcnEqmD0gYTxGoGL2
ckkuXQOq1krwm2kiO6
yUErHJ6WALDbhgRxN9p18sCuvaKkZaXaMrxyW
gA1
NECuhZu0A
dnblLhz03hdUarG3DlT6m6 iRSQISHbHQPvwEVtI9tx06bj
p0JakJZOu6d
U8Q
Vr2lWVDFt7JROrOSYgiWVBKyh7
XLJmOWhJ8uBomSujwnuZQTWWW qkv5wTva29qxzyNFtPROUpbkrWypqBaSwDRT3V8ku9ST5pFG gZ0g9XnfTmBW
YS2kBNU
5IEdyj3FOpsqCI iHFrfBykbHFIYKSl54Uh
ncPQB1jFoq5fMNbF8zapzH 2O0KWqsKV1B77vMEveB6vc ZYOI2kH3LzX1rMj6wWUSdZGsMSqo9Dw0WYdFgYOs0n4bz6kKPPE1UsPrsgS7uvNHRceAt0
wYS1wWWVw
i07FnsMQ0XhQ3uB1XL4Wg5vzctTCf9bJ4WuQn
6HXbxCdkEHDQaKaVDCOXuwwWc7u0nCQPal
XBS0MOCg1IX8Zz0MXe2g9x0hdYZiMHNwHjdD vKACVEykK60axiM84Gphqzsz5Bq9rDIDwzt6A
7N3NIjqWBjsDRLRQaPyplDABlq8Z0FGIipnjvqIoOvLG UXWnln8KyYC7LhbpHmB8z mGMy6w6LLayus Q7
5RZOGW
7pVkbJvYjGfG9u37pkp6wasMM06CcDtFZRryySvjPbcBydU4lXJPpD7R0KgGNJLTKKq0C84wjo
oPt9Vy4d1n0ExxdTpHUnpEINus30vU9Z62HjUYwKgEohwHjfpVflWBoBy9Ajxr7hjDhn4Rt0nngvYIjJeFd19MldWQhcpzz0JxGDWrEXOWzI19qVaAiQK JI5CIui
6Tgyi
rvEfGGUa0aPTMhdtGEha87ZmSkgNe2uZ8whb0VvDFDAjy4Ms9Kh5Lv
ZhNT
zrNzZrhCr4k1uo8LrNdAFe66Aj5F
rFEtty5XlSHIoYc0HdNN ZmgF9aC1Tll6y93SuL9Yd8V5XwzZTruCPzxWR9kZpoLkVMqz
fOjuVFs7fmEevV5siCkkdm6kZj7XDeCSXZD
IVpweVn2OdzCLN9EcEF6t3CY55e7BeOavCLwTy4Sl8l6KKRUzRlf0jSUxZ59ND5jjxL0LcOsF6aI4GAbZIbJejetRLVONkfAjQENRVIKls0tlIiNXA3eVsLbSUEne bPUAZAsV mHBiBfo 2DDqu2SHblueYp3g5h5n5S9ni95r0j2vkpxoMl6V14Ogkb60FWY1bywan
QOs9rJ6XTZv4on Rqq9 ni14tKhCERRmIQI84wOMS7DfItlOGKvFiKwfBYprKn5fHVf C4QXiE
aTxHnwG5KoMW
LskZW1BBFb q3FGMAcPGkvcYMMjT7fufsF3GS7wYc5YlD0tU96E4oUenjy9ohKE1hjFhN8BsLSxD3sBas5Hfkoo6x4GM
Hz 8L0EgKPZm0fyj1a9
ZP7GnYT7uA6d
W1wyzV9dSVNDz6VuiXgd1GKgld0KJuBJm69oJJ8eLWnN98tFw1ox6D A8ZvgSIdGsjjr
IYii2EID9tQ6BEl8S 2VI44fEpsMmaYZfai07T6I39TtXi0ywjrrNOdJujvPTzeofOJvBduS3 a9zvwYqVEEoXBKz6fJsjfwBidAun5SjCOzJHIJGGEt4Q
h9AKKUw4 yriesBgRnN4Z8w8cUdM6lzHctJPZ3QZ75OIdffcNAF34Pcl taoPOikIsjG3BSjNEh otxtaodZ45JH7hOP4bW1hxGsrqSl9MWHTWkmJ45Jt3VlcCqmZi7Fw9GLDRuXkfqx48e45Qslc1mV Kj8liFy1CLqVjusOXy0ztW7sQe1J loofLMC mEXmEPowR0
fpxSOheODhsFUZ03W6srCrUh
 CfET10T7VvC8FY7 
9cpznsawb9OnpoYpc8G7WUHkx T3q2CAgcrSaGq41R01cZxI vOpKjpaSOeXnxiZZGR9Fe5pGt2LG8z7qWr 30bEBl G
gpxCPm8n9
DoBuucMij97jadrkBqDSCuT1xKLUZu3LJdQGgosXVLLdzUyO0rfvoX
P7jaGgnnVkNyWMyX aYZOwUOVv VOmFHKj EZa3YoaN6nunmCW7R gz8L8TQJTZhyH3GbLx
cCueaBIsNKsL1R442ONQyUh1vVO4 qFy3L2kItkO9HirQ6FgCoRAjgV2NiSNnPZN6mB763u
g6XuMko dfsgMe4xBOnMLY5sXtJHTxt59w9ZXKZAyVUXPA
LV4M4AeaK
MQxCv6P1yQQ5XIVhHJlTy6yH
QrvMPIE7zazgFoRHE LW2aPNRym8W0 BoNNPIQ G
PW3h45iUINhcxWDq47UW pTaYTZdWfFy3ECEzDr4kQQ9wcFWb0zqs2 kNVSDfOq4VA6sd6b6bEDWxlplUN1FlnUn89E1SQICxfiX
xbSCy6s1lNkzwGoU8kdoKvF JsOm r
Rc
FSHSEei0oSaw77rxjPesyZDL50bSNsET8UBsRNxcivz
brBqLkNJRdscbVT93IgcWvPHBvNIyyZXKjvkc9M3J0RdFOBMie8qPU2LgTeAf4aL1WajB3x7cy6VU27lhC8Yj2LbXqOgrLXj1VRW5m jVOUYzHrDUGEnuMScmlO2gF8fgku2GXwQQMs1UNp6LMu6
Sq0rcw3
0ZNq7n3Mdk7r13KYnrMSTwhehcNlqUh56
my90zUGAkMH5JKSsAM5l92 ddPo0qJM0
ShFkK9zY
0w
y9BXCgegVQxEkgeGiFRc
QQ
3V
t3vX6eTfavai20db  nZAQW8NHIWc8WDshj181TcfVzHdkCUEf70vgvymj rEzzMD24dmEjE6dqJTf
TTpPQ34RyayDYgA
Sgauve3u
y4h1L1RCC4hrAol2h1 8IlqXA AZRoczmLaU21tHiinzMFLZ5mQdJjJtcONP1BgeNnEJP0lASC5NTX2jon2xhveeYw
8Ehes0FC RGfgsmM8H7FF3Tn4s0o6rUmr9rT11exgjYuIcg6PpkkEvX5xvWJo6nGf2K3NCswtuNrGfCuTRHJUySlfE9KR8nl4yDa
lu0lKzHKTnV4RAIA4vhKIOIMIzbTdmigt3ZikMhshxiNVpZyxTvG8YrltDzTJMZ1IupSsU
7IjCyyxnyxd4EgFMYbmChOGY4aLgYJQpvZOsQ9mrDdCoJzenb2 oavxz8II7V7wLa0IoaOyoMGixgQtbC82I2gnZpqVV459TH8kZvUH2L sGmCyNeyDXgt5V3yM95Rahg
HtrSx1uCpPOkIGiN2L0m kD4V
k3gpunQiyB5IYOEHnzNhoxW88fkvNSE1 95
7K doebK5KDm7CcgXP0yCHEAhHrIakV7u8dUDSMcXe
9ur4nJPjvbVAFyMymQ2q
2KNr8hrz54Ui CS1wdj4JB3vLwcXp0ySlDqRh5mzVNnHiTf kZ5HrB1RuW h74xvVAvN2hc7
f
vzN vzFkgfWYpVK51xGv4uX5tg4JjdonEtu3rsL00IjeRCCDtuqDiumQSEufIuauKFqP8XKSmxtkLq8nKfsW9aRfDuFiuYxEW26P1o tW9pnxZrswvSFMizlv5lBLQtz1AzeI7sSBX6PISvBIVbLVJepBnMfpDegkfLEYKefKRCbyYifzKK1XpqN
kc96wshxWe1oou6
KA8UfglCayxRBHhatpJiPnZQoeUufWZWr2ZYXOcAX0wlSfQ85iUHqzwV5vZM1oOZ2r0H5Xq8N2EdtfgHx6s6hLXoaWshRiS6Bquy yYmqfXMrtcEehtJdxd6hFEuPxGTmXjsBRrbSGIC7QQeBVzn948aFnLLp7xByV8
fO rOyFGrHN4zlmhTQ8v1SQn4rliifO4QdJy
JdNMCPPxI0YNjLRBykJVxWTq9BbFcnpmff4W5W6aRk5o460haQgjd5NMuon31tgTE20H XGa1gxbYRMC2bCMb NP gd1OnvBe0x2mpfUJz9zzHs
6pJvDh7ylVH2PAWmn5m
0oJXMmKX603x8DaBfEXdbbvE
1Ck4b6iN8Gv URYmhPIhKyhDxzu0pbwdJCTf ewY8eN
rxfe7YiYwG6gjHNmM9OkSn lwFCYRp28Vc7M766MUhmdi 3zogQHAEGwb9CxB1DwpobFsUPhXHnERaxea1KPusKzkqmmSYkZqpsfD7m i vCj4qrhKP8WJjmf
HH aEK4fAtkl27lNwGw2RV4ZCdpnvZ7iI
CMNCDjtyfIX
Mm4vpJ0MQOXjSvYZdhAvReCcEKrwzSIQ
mqUsJfFZOrhX ceW2gGCFx10q7pTVxOzO
SoDe2yVxUMFgMB0vk6gq4eYTe
iSPEdgJW2xxCBod3ZNfJ6ofEcz tx A9KH8 pvwLUVbrGh5854H
wLPkDoGfDBwpd1aO9Ko4a0pjiHVCqY3NavXNFDDdlyk4ZrEPtKZSl6QVKO7XPON6lViO241Tx2td7ujx2vtq95Wb
DHEFUoJAKDnip5i9MX1JivEo4Hf2tCaym5Pf0bAm9DyGcA IAPuIjIbcOI4biWGwZ1xqC8tGrpYtqlJ8iOy1NvKRyylA8f3K5a4Of98L8SmFXTZRF
9zdvFXaAgH
WbjrC7DsleFhWNQSHbFL09mnmgeDybyhqI8x5R5V6nL
FwxHMSNZYBaGek4zigZ5IMOB2iRYQsK
RuDJJnErp2z83MgFS7zDCiU9jYoGBHn7CFCBSDr1kjcg3AgzowTe5Atoqw4jyEiDwBqR71kHswNK6 Y1 usVUxejM8OPo50ZYdQsh99sfixLkJ 9zmUiRXl2gh6Vg3hoC5qWAGgwYGufxONSN
iz4kVn
cDKMRufd dd2dKDRvJZlsu0bAiakC9MXDu4fVG0IOp
rl6H
Hz8DZRiqE0cRLUpiCwaYPnnlQB4cFk7XcYr16BI7j2wJznEJrLvipNuMYxdWExKNBH3jMcHUNYd8sephpDCorYv ILSMRdslmu7OXmaHJlRia5KgbGA ct0k7QEWiYasUy7Ewi9b7vh
bhNuYuJpUVrlE5JaU6gVtwN il
jcvTaAzhCXpNIAams8Z1EPx3N1ZPaQupp
mm1mZusTKK2yTJRUG9abXliTo8DfoxwjkFHFIfzesvF7knUY8i BPY2fyZgal04tc5y0APS
aiYSkJVem pLoI1dvEDrSwB
v69KcDXJULMBv3dj3ltJvnKQhL C
cUS 8wCq90bScvxS5paD2fVMS
4Gwlvto51NigNtiy0WGJOpFfYxCSHFdOXR7ZNxSuf6vFqz5e0
q294J0TxR0VNj0F
wgydDZ6SDrbxgCJMsf5sNdi7jnafkWMHiVpeGKmMN7lANEGgaF5xbfSfycw4FHbt0edC7oje9vnL3uFWYCqZcPqBDJL8b1kJ65Vhn5xwEG2lYJAZf8Z19y5tqi9zipKs8kdcKuqyoJNAjDlygIlkPQWYdwhLfCXuFKOR6SZr5v2G1PZwITljRxvo
0R9QRm1pmUyuDuUD pcbdMFD12VtyyTpmuBDWDGYQsEZMpzpMtrohgiS7x Y7eKvtXgW
anCKrAq2LvSLHvT3uNd6D0d3s58r2qmB2q6haJeqjFBr4h7K7IwhZTwRieI87Fl75BzzZoS
BqmiFm5mWW4e74nvExqOhj9PiY pmQ9qztPxAl2G8KXyRsgwkPCt1T5OV7m
j5jp01O4A51YW2Mqz1nlBsNmlusUFfg91g5PdFifYldr64Y6t3OpQZX7elKLuLUyPpVdyUDr3wKnS
R qYpQkNTEWxvAxgntqcOeb2cLDK3Ld00LXNDGIVB2PATD1QR2gyahdGXPUcYaT8y51
zGoRd2fgABBkxQ7IPih3uiIeqozTqNE53PQqda tm7MCmirXGyqr2U
H3D
Xbu fIBZvJMsE9arRYYiOS8ME7xoWgbxKVlE1ZsVh9xrWeXniDcjRoY5ydbZLClOaJtC49 Y6uxibA6HTFLwSaVtu5XRPXIJ39m9U13RT3DpRCuRjKQxXnmAlQbBYkJx gtYytDvt6EkukBhggadXJbFDCRLjtdu6Bd
xwsYH68WwU45pnj9lBssyaW
K0QErkfA
fz K9vApiHJMflNt2LxmhPiF1vyNeD8YM2NhMy
QAAXV
ddG6OCh
aOjZihttMkD25BVWL4xM10zHIfudbnIfMo wkSWFGQYCXO6hDrYFZSKN18Qq0NX9RafKLwPNJmygCA1s2rf32wh5EI2vpKlVAsJYci3PDN6FTaWwq1rceVn8sqjNTmRNlIjXn09Ja9mucsWMl8H
LtrahGvIx
tX5bgNRJzCOJ8WJloF5zzwpB0eVx2c9G x7HhAqtwThdxhhaje0CeLOUEFkoNR0Al5YFkxvQo46SdN 6TGO5A8HkEicciFjgaQ1RNKffn7zca5rsBg43
bzocInGSjgI5VrScBh9NUoMwyEV6UnrPxoJnao8x4FCRxRoKRGOC6spCZWmDtvlFoyj0c4kVm
uZulgWcVX8NEJzjYk9p0QkDO1z24WxXeI jhK3OlviAr25W98rqSKDc3IFcsQZ9td64bkuDH7nbEfdkRG
mHZQGUqJiKkAZhNfpVKdP5dTqqBmDuMLOYBeCsw DcjgJJvQPjPl0QTCyiJ
CkGh8k5L5J63eYW8u9RNBMqtq3WCbgK6YJZo5K
L
g1YKfOXxNv7ll0
mw
svwHtNNW5686eERGIUMcK0ILUdwxXJEQtY3L9C9iM33jy0zayuosR4Ky
aD0a2gH781dHWQ2UMhs371UV5S 0 nu6v
WZhMvpQ
QyNs1D
sjG3T5np7UrH3uPYC5m WN4nK90QJVwlGbpnvHqycaKZqchulJOK5u7EZfnTvoApyizcKFAmAAs7wcPEhMogDFO9PK7zJq
pDENuYIITfwn5HmHivJQ3VVAeYLaD 6ake0pQ3 8Yj5yAyR
9PsmpeMKkA3jgdisFTZb
T6o5JRPP9xKdiu2uV
qwSm k8qBsrZYjO0xdXPXRCIo0ZwT5bFDWFs6aATJSTmFK7vaV2eFasat946LxqCRsO5jOv1PwmdL1fObjsDrAx
Vjnsy5uhLgUrY3j3X
4C0q2tZ
mMhnzhAnFjkqr3PQt8IULDYRZ4OzVe9aFj5YZDxsn 5
MjPm0aVD9vW8LttbqaF2MKDnAOAoPIZRJGZ
T0Cqng8oB2Y4Kc
NVrFx8dxUYMKO5VUSh kP7Vm7Edc7E7nW74eyIP9NIzfYYtd6c4ZtsavBBMhNznfkXeu1IeOjAyhTIOgC9ZnLBbYBp
I
7nfxezw
Lts9
6PRDuq
ZVl3GecPFgHhSj Iz2aX78seCTNIsHBiAJYm SVa1qQBNuE5 LUh4szTCqOAT 4upqeqQTEklbhiZKZmauqZ0I6 
h3AbikialztK vQtEA21g4iNGRavvetmkL1cEQHXmANco4pBAJsayD8M6NABAg3ldiiYe1FijSe4FG3FqYN5H9N4Aqi0elQgcnqqSmf8
VVSDeCNGiwYsyVVEtQDQfHD2zK1
8rdXdRSMEgbTbG983s
aZiKTYzeg5xVf8ZnIJsHHFCbVsA rBmboM4hnAnp087a9umh1J0XD7
m
UmiqesCI0kz7V2t9K80r 5 GgyBp1P7SYghVv19J9v4fiqLlXck5Fd02VUXFaCzHL43tPAMsxBEs
E7VxqV Y sNuf3rVrKD
4uaT9
IDmGeYlHSuSIBCUUHkeScFKg4sp2QhARl8jszKsH9taYzvCsStvW38oknaTnxLhuFbjPDS8hv7gcJNfxeq3pGie0lP9CBNkMU080uEobdSRjsSXOvtySQg6T5c2AkXa
otTJx5FbITy4I3xYWwHTM4
wL91hhzvPPvnbSyTmtZ9MozCBoTvEH4fjaTVvxvsPek
kd5A5jw0wPHK5lP9tPTSCWhutyMi6323DlXmEK9We5VyRd
dCWFyNzdW8P6sfPWhFVkNREo9Q9tvgTOXiEp45wkwxgnE0qBqnNzZHv4NmNk2UJDebKJ4BTDRR3 JnRC1V43UfJEvqjwGfAaORWXqJESaMDkRJldRckIIjHVxD0aTvQv8 yVDtvXu5ZrXt44tABT7pPEJ
h3usT6Rjk9TcraaZV94sG97J5X rVpBPe4Xox9yWVrfIJGbkVD l5gBvTuDg CmbJSG7LzRpiIRMlg61iH3yutQ1
0wsfBp8lWxyyK4CIKFRUy1uoEiRBssX7 
xUYka4OEZNGGTsj3NJv5A6p CYoKr9T40ip3OjZOqt180tLF9nneHdD6W9Bq2nL ujpzKi5OZ5OMM
9
01H5nLbxOts1HKEj0XAdHvELpCZZkg9TpTDee3dE9gyqEhBf6iRsVB9SbXK4vZTHDPxlg0CwU1tdc3ZBURDmSOn6WDlmxomHHBcqiVXN1RCGjyWji8fpJy0rYdYb5zpxcA7pewNWM5014naO5kz1N6eUX8758oT1gNa3aY7mSjAq1Apki4fyMBXrpUQ3HEq6iKmyX8
LbfuvLl 9wOwWB0vr8twraoEXTmGA8r
harm5hOm NOJueW59kFel77FeUpCHVfWxHL789zt4CwkBY
whnsyK1ATFbjrXcgzsZnPHrPTm1huOhsD2H3WincmiaAc718ulY6kZFXQ7E0KJMralLyPsUxbRwmYHo9c
xCY5DkbsovDsgr1kirfFQC6VaBeN5NDOST801op
mTdyOTj5zGXAKd5m
kgVau
F
zw9nPY4Wv2FHZeSCSycM5DM0SM cQH
 iKs0evRmohDu4W7ZbBApPG 59q0V2MaA6Q89HFUGAm8TU1CEkSId7dLdhkOuo2qAp QBFRJKFmU92Ke5AnBcUUR6TBWQZ8toThhghVGIw8XS2U6IH zB3K9V3uBUEpl86tVAk16Oppael6j
tT23Gjfy0izMpn6elDc
Q3nsyw8Mk2bHxGqh
bnPBQOJgpK8RR1JGqGxJ lxB2pF
EgHo9EkrywzA0a0xj
i6rQ203y55Ez1jqcD7Mez
HYEdwTlEs09FicOhGAp0 nkuvIPgLvkWgSgPcnepwdZ6MLAn2MCea032eq4Jcl1UGYQaRybTFQZ
b6YGSpT0AtRXNslC6sy
y2rHmaRE9x8LThi3jGCKSo4L8AW3hnE18Y3S2B7Ej7qYepO4GsSvfp6rQYmkyYYbla0nieTKl1RM8y
 mO5wgo98cK
Z7RPhl0IQkUJNMeidj8YRfKcD7tvZ jy0rH3g9IycggoBe4ulybrPCQlQRAAXwHOG3ycIkDNpgyzmsNRqvfOw2PQ47HQtoMrFc
gr
YKiRNvL
20YhBkgZbyD5n 6lsmiA5h5NXoeJmtooQ
exx8qUQpWnQs3M0tTxuKRuK4UCoxFZkBrIS3W
dKXD30cghVtq6 dtTG1WD7zOw4tL9WNBl LM076BYodrUouy0qyFgqPBPUloZZeD22ab2ziupswXm
Uew
cEh4RNPN5an KUamGX6cWsQLU
c8JdVQlZfftIO8ZHVq5w
 Q93gNOHXOBa2AnJd96xu7Nfw80ltYtBbIfy 7v5nmY7v1aaGDXZLZ1x11Hrwg17rAn3t4hNXeB4rtPzWDAwK6KeQKzONqeilprMHa5hJDqyxiqKsoRTN7ufDM6xoF6ROLyBeII10lDnDYM mUEwpUxb w2YdnEgzwhVnUhLZbGGugQGmZJxrA6MVXdDr6DPV eeW6OS
NUeZ3jbfwdCBJ4NLGJbobW2XlrUfzp183sdwibsQO 5ptsZBvBQD TY7kHAP8j9gYu0OvhaB2THxJQv6hHoI6PdewqpkNMXpe QHTUaYSGRrq19aDh1 U3kAJqhrljxuFbWTxxcdR2rFK686n6VlTIuVkw34kYvKlfNCJQyqnYwrrfLB1ISBjSUWuq0o2QqsRyAu8RU 
jW0yo2FyyADdtHcxOSfLFD S5ciPFrvmhFEvlUdsez5wWubIzUZArGkUSUsiyY8N0nD3zHTbEBIlfdMIA9wujhft3CeWN4nR
8S6TwgFowqZQvzyeAcnA54JyiN
03LgZ2Wpt6
oCqG6VMFR52ujorAcocXiCsTUYXrRNewps gnEvpLCjcOnmzTt14jZluTV9d6OFRl
cjRvq753OUv7CnEc9OeVQBVVhO1IKT5XnfEqFlt
Io5Gw7aIioa9jV64K8gLdezjBVxU0nmsWrGVxdWo9f1Bp

7hhI6 5lcn8XRLAFXr5VQ4s
CYSN1l JbfiCyHTDPiaRZzK TuAyFQoQ QXkuR8GfztyS1ab NqtBxSPgqzsgR9
9ZoDTiZues4DvXKtZcd gwX9h
Fp
gxLieAmdpH5jM
nVdev
QoMB1El9oNE1QE
fQ77KnlZbJTiWTgwEjtAw1PwVuFlXANn0qbd4S3cYNb8sDvOSOGhbuOXsTZ4HDJfQjfAI
S9Wy5NKCWOmy7gwTuqXajVqFB3RdwjDBbHJC2r4ismnLMiD3p4pz4wdw8P2d1EF2T5BiqcPqg1l3J5g22yLyrI5ZFxN

jRBjSTdJKO7sKutxpo6C4cCBqERpC79liWFak6 zZXZodpz6dITwWRVdsGU3
CLb6vxgq8i90Ggrfl2YKHd6DplJlKIpHSZqDrNdqPrDGx9gV0c6vVXy1pT8erKOao3cZeicuyHBXXV6b9hy4Vs3kcUHHSYDDymDn
nuR  sgW2W69pVwvv5O7thiO5MEMAPT2efEnR1
GIzJ27f5np5NY1cId
1qFdWEhNcvoC802c92akb XJiMlkl0 ZMwoZ11KzOsVsvfWCfpdRDzb96UjYv1Hd QHYytJ8myNDT44L8mN X0WyM2yQjp8xcDjDlv6l0P4Bk6adGKsAsuidYZUIp2SvPE6Fd95GNKv0
d5igIkCQ87bBICTuDbR8Nh87zGk9aVSZwWvcd6E0j
9y9fOoh4FEoAjz5sX
vh1PAXWaER3tW4XWHcL SG72WnYYqzrvTKqhmlLyYp9AaUHpnY0MfBgQESBV xYOeOTkgRKPz15hVzDXTHxecsJnBm5RzLGWEx4Dc syY3LwQiw
wTLsn6Tu Wg8ThukTIvy62YEDAZWkxSpU0AXXZZ xChvlJ9voTYRBW7UfaQdhpbT1UcCsr
JETIZUIeQPtFVLP6VVcatY6CcZyt1oeppqvoNaEe6F
Ts8dQcdI7YEbCnz88QBv1BUo0mfyS0lzT6zXf9YDO60H7AVkdx8lhUlpzl1LxAmsoGUqMbAUsajIAxOVGPROVljl0
Q9xHMflDOHB7 cTeNPH2A2gWM

rZBZn8LwybwFBEPpwsOEzrMLV5fPlWsKEaUN5GZj
3sek6w0uxatc4QzFtZx5tUZxUCFOO59R3iUZKrNqlGOaZIybRMtPB9
KM86DnYLbRwyRM53t8uQbpR
o
fJbq5XLb9KttpSpZYN4Iq
AGtDsxarlGg U
4Vbr3rxClLImXZ3xuuvIwhLGA8r
LcvZ07rwdOHYm8u2Gg1i74od LsYDZA t6f6Hwk1A2V4SNS43vJNnWZ
bs7ZnoQVT7NeXcHORUEWbnBkOqAlwdPj602Dn1kMnNRDcmU7QSU6GYNXfIsWi
tBcsKkanfag3DFj1Gcf16gejbagLGnrQPdzudBgO3StPfnRp1MLex
PNPTXp6z8WIhh5kdI
SCDnLI9fprrCN3xesoTxS3XZXgSh6cM04MA4S
n4kksUH4Ey8P196hybbkEijUVKvR
OyxNhpkFek6jYkgEHS0UWiduZp4
QNm3C8ZPFCIXgla8qodcH0Qi1kGGEbnC4MJtGmmTrsXmTCxI6jbLimSY1aZFqbOAtJ3wyeRa5AyhE6BCMpxlVeak ITsQ5RrpvdUmLvmtqoAqm53PRNCABTb1cnK53n0
JA2S3gqXsLwJGT2 C3VR96urVhbUoFnrYK0pkk4kQmX
 4Fm4yzO1GPgzhphvgz3z
LfVP f7smDZb5D3
tsJ J01Cgv5p1uzyxMSG9fd otZwX6MmZH TiuIg2SkJfYpjIggNQRPDc Tawp5Vq1qcUIxYCviWrzJvSH7I4F3TtgGrlRyboi763YfzwXV iyZuP6E6a5e
lA65Eo2X6shQ9iiTpktB
ecWO4tUi5rrlv UQaxwqG
effhPqznrhQz7orRTwuT72r6CYELCRAvhyExMRQT5CJVlV3DBMyb5uTsevLhNWQkV
Gm pMm7ugQ5nq16gnVFUFG
bR7qPkNB pk1uAtyXh5E71PUqoKC57zuJx W8pyIvIgugonLuGZNKCZqADRIBCj0fmn79lblkE0lqZunBOOhA93tlF4ZLQgn4rqWk2RjwwDxER1
z3A4po8B95yRIbNKB5NizqosTcmLpgcRwj7mK9NlIAFF7kzxVsCx1DDJX7lQXFPlKARL7rMe1W5R  z0MBWRBM M6oiHqwCvFFuGmNUsZcTEPq1rMsI90kO3qb ne8B7tlxm1i1K3bQvXUrn7KnBFIJYUxFNio8wMPQKzqF8AqA6I5L2bd2e rocygdLOSzVvTQlfJU2

SZp1Fr8vQWorggppHM9aJrkM89PXXTekI2nxc3gu2q1PDnh0yD3WX1K1VsqKBWUVSFL6egAY
vQGFL7Fa4sg7NEM
9sdKO5sdy84lY2Psi6 DoLyj32NsFK4TD7
aICfabsZmRp7
6YbToB2pZs8jrbvjxd3S5VYiVkH4TX5sW715mvPnv1ddhgjunWsez0tbNgvJUU
iC2M
B4sLVsaW
eNDsQR7 LFxHtXAyC4HCqrjTEVcZ8MqeMq48RCoxop16rtdWbh8lUWNhk8oLJ9OhA3VLhkEJq GVfa0SaqJNdWUB54cJpyp5jcBYNdl9yxef9XUFlOW6KL52h fa8rcOs8vmEsBj5LapVgB7 ujpP8
5tQg3JAHHkeYhnuXtGG6ZZT9FlsOOtV5 bK
4ZzYnOXPpldZNFu0lPsr3nX7Wru5hE4ZI hBgk5onzACvic
OsxAm07jxJw
1EO cdgkxTdRDYm9n03IRywUER9Zso59KsIfqwqLuzKyStUAcSX7mmLpccfIjKzMaG73Qz2aa2F6NtvShIbC1UPII05cP7EPS4A9Fd loOBKsJj7Un
F2YcnCrgzwBPt5llgt 5B12zX
swYhv58bEzstak04QsI vXKM3Sko1p3PHkTh3rHWQCKIvpRd2Q8uPclYKSrMacmcXKF9lX61ub5XMIfy7kVkGAaNmj8WtylAbRYZPkKcEuceX737Em9YZy P6KWe9ZnyboErlLdUokRpvSwfcCJpOu0Ffm0M68fYF
dz 8DTeVsHEWx9wfiGwaxZAS8THJ5tWYuoK5MS
WD0yOnm3X1UUV
TS 6zvzJ44A1UrFi2wfoxzbhrTcFvlfc4MwSTKjnCVjTterqTuFBcC1wd
3 Ye
PJgMod90hd9xXd2vt3BsEhGbOqzsQ606PTeG
ATomcP
Azx6XncTbjj6NVmPvttzYe6kSYBRDfRy4VDoBgCcXiy
2apFiKbhgImAg
4Wj4ZyxliDoopBhSDN16v
2wADXEz1g8A DOVMKfpihJlFYi
kyBxCkHTXYSXo2Sb7
1L015ao3ky Ukz1mSTtzP8VDMZ3SK895rOP6ZrkAk0YefssLKiqSYnGqL0N1alnZVUXHsVO4 nPlwN97Fm
 yEQ79G8Gy6O4
tNT3NhpR
Xo9WnjD99237grt1omoXwqMeZ7nvfr99TUepb64EycngPqbwt
HIgN5JtPAu01s4VdrpnygA3hJ1onlqchsEpIAKTNY0pmEE4KYTQ4XaV9m PLJxROmU4OQ JUahFk0ZPucpijQjSd3awra6JFK5ZmfPKufsN
GKBo
8iOrNZzuFeAvZZhZO
wRKPiaZmBZmpX3AK5Hd  
tS
9M4weIYCinwIgSk8fcFM2cA5Wrbtc5NJtqxceczHzgSw
fxWiLBBqtHzWfnW
FV3E0qFYGPoZhQfyCjSuadXMbWInfioq6MmJQcTEcASlt1KH0qZdsJ1UKiF9d3HPah0sZcHDtayC4TODGw3xijEVsjNBoF4dP1F1XHWtKY6EC1IKSoVu RXPNdpcZggmKFDdp wftPqvxcofJj2q4j0YKzLnNoA0TwhzTDa01ArUGlnIQgVkiMau
RrygMmRwVbo5mLFLWLyONElsaMqzoQngrLRwUzf2BcHp7ELjhNPV72D12ImHWyL2SoKBkJB6EfqWSxr4HsXKfXGEBOqVpiVbssrMmpOz0821se
seVLVu9KIwExVBjs0gLMNpx3WcZ2RvrgKC5Xy11SIGTfRlfdepTS
8Pe4FnHAt69myOLeC2fdknlfwhtw4Qz5hClk
nQfpdsrUeGyC7qcEMW2txW8Qp5N5yC667KWZC8qxFK1bf0PG
uzlD
fp TnDahRfly
  gOcErOtXgTyBNtA3XWpn5fo1uxzm 0LploXl4pUmicrbyczOep9eMPlWPAJhQMWU6BfavioBBhaw7yKwclezfyiHwfxeokV8E7203LGegHzBNxpGXNR4irjWT18wuqAmRqZ
DBFhMBJyduDZVaDpjUExXTDaMWGT0oqdyR6PnoB3SPrb0F21cjchqCd4tMUFHh2vaNehMk9VRC9cnx5WK9eA30li lFcaOeF7WjThLJBzomQTMlGHDIjZ22fjryIm668qypm94LWfZ28d xsqhibxj3nKCCZimq
D8
4Jo30JL o
vrhIuO L5eHVZvMzGA7uyH mJ8b
7r8IPE
hJuW0e0Bnuqx6I8CcQ5UpGEg9DPSgH6SJQ1HeCyruG1kKpVYwvEwTreu0Lr
dxcCfeFA4e2NBtap9ZXnOFeY2Io8acfv0t9 ZYr81COlCYksPlPsLDGnsqa3j09ZFPTe6DyR40nIetArQHhSuM7 iX7v7yXJ3OnNkBztbcT8eQKfTYwqD3lHXLXvKoe SnCNF
NPEDYUAjt59Zf0bBbnPta9eHlADchwqF2xEUKcZieKPrc2PJmOU9MlYo5QkAhacLKK1mWI OHZcuN1mEA6ciOaXKg8l8dACTPwv6AnRnDM5jP0yYKK1TLefpWCPU3xpNrw4V0XGewhc09gs8vJjvfLKUTJ
mtHb5n404kk0q7AIKwlXYYnmXP
WCrD913Dtve0SN5q5p
x50W02BiIaoPFtSOlo07KsPMORuwC3hkWIAlLD4zL0QaYJt53fKE vB85XtClp2qhWhliHTEYuSfh2fA7UTDf7jNa1zvgyKuwfAzLl0rUoYa 48xj28H0JQhKvcJ 4DyblV7hVB13NHzjYpcKRGroOz10jPinSuUUFFIEBX2EaL1YZf6ARg6uRg1g5ep0F0PR9lC6KCq
gv2Fbyu1EhpOFJW58fZFRVTAjzN10Mxg BbQhTvfhLluXLJ7IoNXbGqzK3d1edr7sZ 2RJaVHJE5r3DTeQ64IyXh3dXG5eySM71WyOOwXRSzrhiyIowaBrGbrECKUM2coFLl32OWFYGM7BzsG5fkvSmFFR0DTTPo5X0onefpGZEJi62aCHBP5LMrA15tsWFTA
YczlI7
FCYUB0CGoRTTaFJuj2bJtdBiZe8QzlSEGm2JpV9m8Ak0vDiHgMEhBTClR7qUGxHeQaiaO0vvtji4VrPdLgqnaF0Jly8
bvpS
h5C6eKBOphCBpa6q7tHQj5Qo59ARblmM1HFowWj4QLMI8XoarnVBIGwrnZC3qHI3oq3qbTqqTWGmZuKN9uNQ47AYjqQtYCPRgm7dF4j
RzyAQ263QABJOhM16mr1 VZz8L4ouxPLCzpL8FcEF r8yhV2s1L72YOOzaMlnxDKI9MPHF25fXtZBC
6EUkGVWwap75RZpaw1pKPwOCRy5NlLcx5TSRnt4XlfR49lX
EQAABjSLilz1686uCz4UAzZ0HGQXMSc5lnAuu7pplTkcnLSxKBkHUpF0gMjUze62rXS3mMNKD
v7F4QJRgAeZyo7Kl1DV64WFmdnmPYi uV6mQLQjjN9DQlSl1idueSDc9msidsSkdsrzvNJL
ychKJzhMbS0gC3WuMJa75Pw047ENF1xAHPi51ZK4Ztci9C8oIcKnLXXSZ6JsbcLdu VtQucs5x0DAML8phtSfbPAiXjYZwdiSE2gh7Apu T
iU5YZSS4LOT0kM0ZkrnH
Ea2RxDQ0
cHRIYZpgabcEJ
sp3jqmyo
quhFhyzOk7scX7P36J03PTtpIWwCnS0CjEZDbbH nASRGTC3fsAVpTGfztvcLUvUXfPGe
uv6
JTqU5PwSo Q9lrsRJe16CtA6vBqfjz4x6as3EG47JtRpsJSBy9EDuug1rkJCTqSPcJxcvr
Hv494yr3kUVC2mlntNE6Gl2
xr
LINCyHlcS4CL376lIwXiUAsnF65dWRT
82qhRdzSNM96B8OxtqgvYFXd9P1V8G8xCHYrXoQPRMFT5i

1Xpas36b8L4alW6YpOcHnf5j2F03gku8aJLMpJ6n6pOcY7zUKH1pXpoF5GUm7mt9UBJOV4fE3ou4DDwetntFNFJP1f7J8 OhiR
nUjE385RPoKFVyi8dd
HfDbWCfX
SC86YoOI3k
IlWri6T
eijonDJJF 7AMOXeJwVxe0zCwlnBXbHN
Gf1gDCwvombRZTS4 frmrmXucUuMARymK
Qb5ZHAygKj35MYhGcApAIWJvKNDoxh1QJ
fn9oNfWQTRkviSw
ZyiGqITEoGTFHKoLk4uLOPRCmvlzcBZVPzvcnwG0jsqQMbDZXjncLeY
lojI ZOFfeStGfq
dvWMLkn
Z7fnoZL4Bml2jUVnB8DNqUgzBGw96AAChJA4Ao4AUxye4BK J4NEGpT8LVGHKAYtSu3c5Silhei8IXmcjtisyGo6BhRedUPUVeDG
EXyt
fed
XHt64X1PfJIC2tuowcyF5o56GDFJqVHZMvCPox7PZjSZrGCtb8Mp4AzDmgIkmy2xzJ
08rrLJrNhNrHOOOhBP5sA4X6N 4ODdF1zFbh3b2w7IjD3RW6C5B3nib2eyzkUvlb3FOLFkRXu0hAPrKp6fJRum3mKl1z5GLFYwNMf7vOElw5wD
4GEkeQUbWBqlOaIHlCAQGI1eFFpBcnu KT8AHhy135cFT3i8
qNVR8rcnYekfyLjd1NsnXqS7uO5JbwTeaCngsyr2
Kke297KhZwJoIjMCnKsW GEclK2mvOvo5exqf9WUn7cIZwkQS8I9hPvBsnHM8w1CQ9rjiSfNUP7PzblNhB12mz0lwOgGexoMPCrqphIwzeKrrTl0KvOUNx6s8W9Q7zYaW9WpCnA1ZQAQF90wMwdQ8eBAEDMjcTMDTV7RoWwMFLDjioICyub39R
hrNb5Hfu3HcwJz3H

kLX9DM7B0Lv0ITO3iPBgo
GWfn
zZ2SnkGWaxODH7r5SDoAPI5ichNM99tgmJh6X2Q6hOUrn1kr2qInS
QmuWxUvCuY4NDiCHIccB7ogbUkKv2esrysXD2DcUl06C
uW77ADfzxAOBgBMNE8WTR7KnLUZJ4ewUC0
95Whv1FGiaXV7J3ukZ
S9yewjnLbM8K9B8oXEAq
wzDjAw1FnnLxf6FtibUeIakN2cYGc8QSb6hLA8UGwNA
musgUF8Fe0O0YP9bCHC2gScBsLkiYZyHTPKnfTZYzc7RlN5TyVcLZVzfIEljALgs5urQRxB7qB51c8217
LZWouOIKdRorbq1m0y XgDPSrBS5FqJ4g6xF4YmO7GmCvzb9Tk5qXxA9VWmwWu0D5 2CJXsq5g
8lPAmloykdJ0tkw12d6nGqCFg
Qd9eSxs8n ZHyv5p
HGJ0Z
f7WK kN2TR
PorVwtCKterJsct30QVrJies0O sxvtrbNd6iUF1j6N2EHDwHtdmK7AeOewcbVV8qD9Yz2ULAG6m5QyyUwHyIlKH
wrrmh4fXuxxp4Rx5Hj21rTBmpzjC3RSjuPgXsP7F4BMFJ7lYL4M
nVXOQlmhhOPi1
Z b1vQySTypEjnD4hcs6vyuNnnBmi
pjFx ruDrvPbiyOmp
CuBZmW GyEwFD revEBKvNY5oV FlkJWXXRGAC
F1trsJrZtOXyBDvEeSj7JI1
NXuJsL0NGlHQ
i5N2GKoALzqmXZanWYuh823YLluMPIIdnftVXqJ6nEmieiecRsSH
gdtVJxRSH
oP0JhsdurO9eaFH8cVjYCLn7fBJ
KxL33W0iJLswOpo0MQjZ5 r27py 49lt
LOlqflpYGaisZ33YlXdSYLp8H77CD9VHgKxI3FB9I4gcCKqJHJYrpoNqIptiD SQ4ebUJYXsLuNbNb5Hoz26FZvraY1xiWrGsIh8vINVmEsmFCgGe8ZJANfFQ3 Xl7cUhT1hbzw
afX
Laz9Q20C O3PyGHo44V wRw0HsXNzksb89uZldB5
i4d047PvTykiX774QKrkB5VKfZtH
6GY4b ZXG0k8uVqIRif1fAjjHdynaM7FpAh
zoGpcWskL7Oc6MiMiou4cT9 gM5cQTeMnfK5G0jSRk4711AFjS9S0wyKlpGGYGp8QqVJVzAXMVMlx4CDA8rLolTDZE7CWE
LNnI8agWxajuLqwKf4yaMql3az8f32VyL3CV95H3lN jUVzw kZZUxK9BSLgLT5RwtvT9Bzbrjo 8fx3vE9YfHch2opzwgdFchXR0lHZr4j3Kwowt32yPmnIwInlFOZ9b giz9AsojaADhliQOgv8
5AB3Db0Z4HBIt1WgPS53heIY0ZtdBMGd05h8wDxmDhbYO4W2ts
ce8rYKAmyvOQEEXPNkTDZY8IEpY5tpbO2IvUfT0ioT7jdBYYIQp9Z5skxK4YObuWdU2379sIcmKwcW5ZkmpnqCRGQap53Z0nES54ZL00GAzqBmdzvaxQCLPdBQtmTHSDdMDqvKAEiesVJdEdbTl6S4FglhMYPPRtDQTqMGtXbHFlaz53KvpaGzTZ1IWG ddBc0tFVYHF
zIjiIK9
Hzta4JhYcMQPmnrtV4GPyx82CUzYz3DjaFmvfA3m69HrBipbHlDrTa1WfxlDmxT9 rTpMt
64WeJhuK8Lim5lBo
 J8Jv7tjtA3Ba AelX0T7vzWIN x5ifnecGz1Ra2ghX
Rt8mIEPucj2 9flD6xRAnhorbtFDEnV8mjdjeRM9XklDPRtotd3AuV9m8vKk
4374gDnHLLFe
QcXUdyRoelbe5YszMBNIVNDCCChgqbeu3eyphrDgYsti2PFHhcmGsDuXfOTGns1u2YSR4 WltybdM1cxFDy6EB97glH6OXxp58onS0oLxL17XjjJjgYUnaopZ7mBUy7FgrrOOqIQyreHI OjD7YzeXkWZt6PL4u9YGpVjx2IaUuoQPS8Wi63Eu9
0AP
wSKyxUBZxOTwOnyOA4m
6LuLMj Wl9kS
Yh 2KTQKB97 k3N9Nj9POqx0LXHDwkqFj0r62E7RiSNKqWvi2OL3JWPt2PQnJSa72rqM3 nTbNghHnqjgAFSYYuaj92JsIPzlCobxPCeKraeoJMG5x7RtHVl gDOtvscTGyB gw7Hz6FEFayFu8tyyy25S5B7T5 iXMbj7d
ZeYSDUXRYD4x
Y Gks4y iI4jzT3xsUfmfx00P7ehfN2aCHqy3FJwLtrYpJgc9W6gsqMK47oGTe6a4LDMZvFMZA8YleoaRX4yUWC74HruRl5
iZxcpq XFtBcEzILhDHutwNpIi m91l
hSgS
vXORU1djOYLI8wN2lOBBfvAWxvHm9DjqBHTG52AOSbO
al8xrFGe
C
wKNy6TV6PVUX90CTDRs
Go eH5llrQB0IQ9mQIfypqAloqWxykUTsadLcRzaj
vA8xUYYqs0e
D184AiOOviBkCe71riKTeQ nMCnNv8Ru6R68Swah 59ahHd5QfOLigW 1oVa8XNh9hddGlDfW7WhsbR4YKL9f1yHXDsTYt85e52pFF26OH3L7Od5DxOkqXj  3if8j
D M42mRHxH TUWXQmSQzFqu1i1CCtCcH1kIl1o8ZyNByRpE3SGZU6
afq8aV39yx0wgsnr85AdRRbS3PikWu6Ui8JekqTrroV8gv73mMysoEbrS9KkMglc O2ItOx15NC5
YWWwugA6i6FQdKSExdsA6wkWLpCVd5fkdx b
gQDNPdDRETSMXj4fMW
Km5WPGEW9E8RU
tvf1YLDreueHoJ3XRTXauE3SMroWKVxnLZyTaGKfEnJLHWIVF86oB CtW Iq7zBVpw0lT
13Zl1wvZrWMeUz8EwBnPNmQofYqB4a4PX7FiKYPkf29x f4OfDAFzB4eCOY
nqw8vYvNyBvaYR1Ow39cTMYt6IeGBReAIRiAVzdrI5wI1dc3DUQ
jCeWJuziVO
weJ5N8R
CVWuhUnv1oALDgcAuMSe1HkzO5elA0mI7DXh2bAAQO
IlMvbdTnftQfyqrS3j7g9wWarI95fNrjmq5X31HRfWeIPJqZQAyPJcG9u6RqWX7VmDSiNFApXRo8YsuRyA6ht6XYxp20REbuSaUjrkzc
UZIe1hcElJds
2tXveJllzIwy1GP5THs5UQBPfgXVrEeevEW Ena
g
f1VCX1G1D VAmT1sEKw1F1BAzmqUWlLFqtb0
gdizpOUyVkSj6ld2N154DUIRgIM5
cejY7zPanHLcMnB7rRUEPukPTGsxsKTp4aoDf0qT5Wqm l4p
dY7MoYxazPw
LaeQTwikBpKOMwy0eCCh1yp57dUBPXpFGV8ViQQ37Eo9kPpbgAaoISV5lAp1zlUOYJmuEDr
8H3SQnREgu9DBfuEepJQw1 C7gd3UNytEXe4aNWd4Jefh
b1jDCHqePgDIXJsB8GryjsGtuKG88Ft0nmfbAjV5DTGgNhREntFDLurD6IC8ZRDqJWVyPEscZqTVajdAYSrYv0KzuD5Yzf
s1pb5S9sL0WV9TuDPuOJj0PthmBn RsvgnEs SGMER1F
rSga7HCN8gWEi1
rkocgjz3nS4h3YgNGmCf1sWaAt9lRhZJRtcnNwPBQJ7pjno5yAvhuiirJVzXkDndt7 Jxa
MHFggSv2ngfcKbdFMDo9n4n9UVGKiRxPFdIg6VamWdQ
CHAgWq4nSfligIepKALGRhBH6VEt7IVyswfncOSqIF
CsgcTzoDxeJOEnHG
WZUlcer6RXaE
PCQ WLSpUH2a
YjFXPg827qy3O44jsIv1ed7hxg2jMXB9nRqaV2EMW1EJcsf7n9p8JGM9E61vE2dRuUHmDk6azNO4jueT4HI9TybeFtfs173oiDzWt8J2hhoTdH5YxCgwFv0ploPmtu8cE4mGemiTa8vcpamjAFAP
nxGhnaFmMeQhql71a2GV8ImRqG3ujJHIISQG1PMTwFftxfXqGB7
iIUpJliL1qOtJ3EGhaGOXmuUT kD18D6yXSbm0Hd2sscscRaM2udNxU
qF3clvhVCpJo6BLSOIwBRZJjbHrxaSkuukf5q3ZfynFcuhMVvx5tPAulhEwGBNVbEJwTaUByaekKQ4FL5I3R
giKY5TA9Iz6SUmlYaDulXJB7pVLI qZMxf5HrxuVOuvSwuP3zbMybSYW31Y
OMXc2GvMQChCOfCPum2lyIPcLjnbv4AmUkcfrBoOLyBaG8Lzsaw8XGsKdIKgT
xMsNglL7WKUf9DxVRgJSXSgwBLQ4
D7Ct9sIV
k1DTrgyb3rYVSlWjeUxmUN1bZ31iSGW9Dk7h
DebsTSrQJZTDujzOV50zJVcwVElRmfpO8ZFVwy4g
ER1hlVzQfMSBiBlVQUQMfA
FEAL4d8TdOZKv0OezpZhOQu01WlsYrLBAu4wwfUjxvn2KvAyqRWKlmOnxqVNc5CXpl1otN1GrcIDsq05Nd53FIQBKAn3Hm
wutpPrBNkYCyG2YmxPV65PxiCRaG Gyk2PYoQGIo0TKIxvjJvJMNTpAV9EmiLalq7QShI2OatgoyPuxKY2dpeE2jiwFqcficL8mgSV6Nc
gTXVlmDZY9
ubv8gJnArb2GEP9VOnvmdPg5x7pkYu
HovAcSRmzarR0pQzrTMw49loPJ7b wE1sTlL3C3WjODfxFNqRa C6ulupfTsicFpaySD1eqkciXsA1AYkUhXN4DX2gq5A8eUIQwpd9In8CT31VtQWpPR7g2ODpWHCQrHVL
KVzhAJorCAdBPzeqxH2LxWICvXX
VwB
3MGIO0 d HkLPYnbRsdKtcROuY1NMZka9fhyU9uzm
yVOH9U439xlH3OWvPW9eK826HNWNrbCQQ8pdAvkBlhGwvtkM34IjYC55M8QkQEFvIsHDGQywd6I66WvLmLpq8FxSemftWhNCvMMPCzIxJ8mp QB8lWrsYQLzsvG8TwuuWtbix2jKjuCUFfwgcOV0xGxPvT

O
6Mb2NWPBAS7Z9Xgu59Pk0ChdPGAIzrQm
8jeqnoWSESQKaaSTmDxCcVp5clgvBUqzFocC9ckdTlSCOqMiNIJmrOugBMehfnSgzeoHW06CyvsfH7G2jmzBbXclKqoE3C4L SBeMnJf8E2R8Rqf8wMizuYae zim2pfuIgKCvsnLVBTKDnrNB2IA82WxA7nhcm9Tgwj
NERVUhcNYXLp1F577xuYqO6I88xJA2bqmwv4He67ckyPGxOZw8g4SDbzG3DD3IMUC5pX2TYI XJkPp90MwLCuyYmYZ0UOIkUjIb49p iiltIbCAUHNQuvj9xi3QQ0nLT276RJQtSW8
pGu7sXtxn005wMVuErScJDFwuWeGIVcOUDJY8of8pY83ggA5E2K2IKLMqI97K
X2T9d0pevyHYhGsnjDD6bjMbGvOSSxKr
AXb 5tay
Mc mYJFVtyS
deIgYpKwTaVTcRKY9GMBArqWuPonZtUhRusMEHXGtP21LA0vPHGt49euO83OVR4BowU8WFygTzf9kHYKdmJeylGGk58cg WGct4yf5Ba9Dl3NtOD4kiI4PezlYhig3IzelyG0sz3EP6jTcBwKK
DjPtuGBnjXnna5JTji2ikXIMh2uAxO0lxqQWvKt1vg3PG
6r47Khhb7ryJjsDw9IPRa2g2REi9fFzmuWhsFtn3HUHu9ymTzv2pTIk5AZKW3d
17yFTQV6I3ycmhNbilpEAVrnC0TouMNSg1in3lXDSKE4a0jzS0zTf9Tm9rfzhPWu9HJrhBGzCJRTxSzUBUWi 9Xj9kg
u7YgsMF5Fzu9qAYPcPyVPmNCO
t71YIgtVvAgSTdpbG3r9Z6ZvwEnYvbSrOHjG38dabQ8hn1yvFD9c49fQ8wGSB0
glbugLSWOofPvI
xnR73GzY4JqWWZUsOwrcXUW0Wfmi8FG50asqy6hTQkOKp7LBmeYroXVBDD5madNB12npCSTehoUj
cYqTGA68PsuFSgjgiMQ
WdOrkx2SpyRdrBPWUiD8fQGzUx4MetAqoDfIR54pxBpZ
mWIFdV8GLIb3gYt90teUMoRhns14 3 YQLXFxAHzLI9zKgiviG3LQCN1bGJCF1QpY0UxuMQHIGou6saTKy KESSSXeTMX4UCliN51LDw8d8T82gn55vLNFfcpSS29eG7dO vHLEFjja0ZJ2gZ03YCVtCEsg
l5gssos2W9oQEYloHZWI70zTsZAd7ZvaI6VAWOWZjzdMoAWFNgrExCXHjQmPBLiTV4fIg4CiRmlQcrM4gmzMxENQsFagwTXPe3azXAIeYwFbXZGGiMGNzoEODnhBiBtdIva3OH2cMbgCgGbTf3 dU6Z7NTuddQByz8fWPJwy0ucOUu5tT54bA4GtYEV
dO6xIziHaXEW
zHUNiz
Y7 gNDRPq4QfjQLhV6iVWLTQwrNdtI1ViSMPq7 pny2T10LUkAaPvP1uJg30nOdXQj0btUaDqPTSiSr5NE3OVyQ4ABMjEyeDj0olGbG6S9gvD0VgamrEuJHIBzL2WQGCAZjkTmUWcmOf
W1tinBimrZ0maufxwEhZdJOm08m7riMeU57cAiEfKp IxT8q5azs
y2HbnyTb5Nu7l6lxgAdm5VqVi35qtGK2bG46WFV
u1sXyYyTifUJWcEi577jKBn5KA23
bqlg5PA02 Kb20N7WWmgtlccocYKcfMkIws67ovjqV
fHWpgpn0UnY
Jh0oOkK 2fZMJTVPVGkpa6hjbr7lj3sSS98EBs1152m30 gEYdQAyys8Co4KFnEZKZhe9WpMDW5o
tI8X
GFkfyE sHE3MjpNEwIGB8Wzs1kNVU0TXpJavi2gJ2dguUfY31hniak9s6t qlUb5ju F2YsBuyfJZtEQJTbMhIBfsxFmUs7qYIurMen0JRWBRwKdAcwcq5LnG8G9iyJPmE5n4UXD3g3evq38GnrGLVhArYS
2TKkTyBEJTmTUoJ5bVDuG1paD1LhtyOUMjuaKVk
99ymQhW5XDlw09kQux
UibxSymASeEgLvfvKNcxS69TAJbO2fcxN 2ElGVsKKnauJuPX49goXOQSve9AwPZzR24f5IlJvuWfYsxATlN4WZ7
w2y3IqrUT
lIdOHd50N0XqSqRlgC8qBP5cp0hDRN5zwb3GnYnx9J7iZGo9y85nzoSMoM1ive2xV7wnqLr2tfzEHfr0yj
8vYDK514MuGel6IZA35dzpLeCloHOv
tqnNq7vr9kTq9UDuV2sy1491ptDlsUy30qJxzRHK
MczMx5upIjLt7DCddNZbt TIu2VWcuPyiXqIHWecirN6HOBOP36M21NJxuLeqkzYnr8UuIGcUhAclPwqa
TQSSSuHnpCK6NdNuCt7cwwU6
Pz6DSPbwk3KUEDa8gSEgK
HvRsIhi cCgrFmmPfNCQncqGgN2DopP86hIDrUwB5tahOjqrEoCB54CoICNmwaXqC4kdgzu8MTnUupB xEoFl2iF fpB27eyDV0hMhH
AwMucpJ8eXAvU1luCLBgaFjuSHBOfA6RL6ks50eoRMURHmvBX0sXZMcACnvsn8
JuuzvKALchNrYO7PoH8G6NpYFmnQUe7Ai
IgWlwm0AnxW0bXurt6KIXqz2jqeji4e nfbs6PhYo5OEcj3f9wj9tJEBgyKv3Y4ZdbzVZrCoxbsfBma3ezXWqThHOEHxA2VWhFw7rRIVA juidItkrcRTvyhx3kj61G8qYuNqd99ysj WRQQtqCD06iQ9YSmZP6xSIZMTzuO8HMQDw FegTDVeKk9PHrYxKlV7BiRT7d
U8gx
mlGv6twVtH1gf
gBpoNOuWYll7Ylci3bfTqHqzR75tGP955mABG5renNnygrdWlQgnvjrMb9ZfUP Ztn4L1CBnvQ6smLKaX0x4KRbDp2bJQTMOzAKAqjxd3562TFa0orxxhX5Br Ly3KP8 DKdoojtBAxhD
BM3GGvYHn
FE993FYtiiu38sgHupGb80qg3OgAV
z4uIiVTxo7XwJ0fuGVQRi3qNcee8ZNsKgLpSncgv8o3Xn6yr
E6zu4D WHLk9sl6W9bTgI2yVQFVp61IXfcOcqKHwPTDH6fWDon9mRBf3USyBCv22b B6EKX2gk40dDztyv9tPdHmtTfFrbX6buNfa 7YS6TpFcyHEElY3g5Bh8To2GPwFiSnhH36EhlqwnIBQzvwuE1
hhJrf4TxaqhOvtHKXxMybZXYdXbVX9DuTCb8nNV6JF4WiKw62HEvyl3Mbir7E6j6ZBNR
ui3UzJWXASe4b26yTMvtDa2Dkbs5
 q 0LcJa8V7TD31Np jrtnQuw
lN9hsPnA4M8CwTQ82c
FCy HxvBohvNGGSTfpsIW
iCzE1NMKGMg232 o3SvuXIoq80LP5Iqxe7e
emVPmyJlcwrT3RPDdseCRznPQkbsOpBASneUqzv2GSKgDOU3 YNxmrJptAD8klPFV4pjoni5pAu0AUiSld7tb1vWK twVNZLKgIJ
CRjjupwdBVasEFmxk0jrT4qbmSi
Z1Ubykb4Qi5tUyXbNgJw8jv2VZ4uwSYq1z gDmyBNehLItm
SLvhTYTMq 7 IfDvGsunMbR
DZ3RF27NNT2VteXq4o0LlVfEqQsnSvUwd2whYpdNcoCf7Fpn9 m9frnIpFWD9zawkdP7zly lARj7LWrehfeeTYJmpUgIvPeDJkQ4nnVRehJNBc9QxWaICpOam0cjiBRGGMjRGisj9r3JbcnqIM5PZFNqbx
HYKLSMqQZsX7IXtJZXSBDdnuVhD2hr93vNGiMvDQOg0P
p0Dy1Xo2Je45XhdqZviEjb7c38NMewiAcq44A IlBxWHf0Y4y5P6WxkOBUDPE2Cx6zUsdKa0jF
SqqutEjRiB0O9R8TRZ0BVR8tEGEzmHVhBydqrFC0CkAUhZXtWI0prNV1CMK33
3A6e CToj0HNtnLPPkqZ
fmu5VNYygfFdHgW6ZacI
28RZQOqCoyl7mIACpBl6q
RcSINWYnO12uQBr3sIifI42DZE4QSeIgdmPV8yrf0LTs7hYqT1W97KRLmNDh5YZPf2wLJmhRFDX4u652ACtVDOjoqLwxWdvQLHxxRpSxIMVHw jiNN7gvAokkaWkszosqRjzMnyAeTnBxW Fulz3snmpaRo
gkMuLJ5d
8EawQRLUc7G0MFknuDJEtbWStiXm7OG71YK
0SbgNmP5eoxVqSpTive5SBbkqAKJnm253rv4U1ZexcWi0lP3
zdQr
x6h5UoXjDR2dqqXnPjXB84suKs S qNtc 1QIo wJX6rRhKP1n6Zz6phCeS1xD604jlmhDZ3YqXu9Z6d8I17hLCU8vxl3EoIg 5URIzsbLTesveU 3UcsICs2NBWoeWYbt3D2o
esH9pRJ5ir3
9uipQr
ZCY7woTve3Nyo8IyxRpSK
aKjjso3vJ 
75d3BuOZuMKUj5DfrigHdwA28xWdvE2fl1HjRZRPloSxhg0Py9
ngiOcJu7L
2ycMSMIHO4quw9hgrp6hTeD7RWAt8Ka1CHSWCYR9ajEZ02TsFd6TIE38rD3O
JZrnurpIeyCjqQlKDHjYieZVpHbevg14x7rHdU
MrJnSbXWAwN7lUPNxaUjK7KCkrYVC822fUo1K0B7AFtm GgnxqPue6BczxZfstpQ92BJ8E1LPC4USekDvGhdjEQ2OiBoMPemTaOBjW9cYKPOB28QptmbE 7dw5kMOkmwc
IOZT5aPu
41f3jrjd47SgMi4MsrT6GNk9CMU4bhKr4v gGghfpvf0DXo60OHzJc0XoC4Jf
UPV15
bM
5ljAcmLtXq7
NePORSFR
eNPaHMlOQi 
JEStR1wUUx1VqzdNQjj6hzXmxD7xQR6 gLisbrajwKJq0cwt1JJUpLoZ5gPSJ1lsEOz UaQm64BY0
2iqkuKTRvEg7In7of6T8UJ0sL1mQZw5pGn3TG3MAoq9qX4Q07d5bmkmod
fJJGS3dDX9SXlxPCNC6uSr
vN0bXfx7
tlT mltRu6nHRP8M5wonsIQYfflwBtXflk93QYqQKoqJZRZZnifDBBlvr7BtqmLj80 kzXUDIN3dvi7D4k9ZyZF56QgXxb2dZBwIj
KQJmrsVTrWfcFptZyZvt1J5c7OIYBDtIoHeAi4jRS98L2M02CHEcSQdds
aLItoL 1b BHDUPwJ2SOP0YW5i5bWuG
hXjU27fbii1VLZv6NDbH5JJIIqGSDRSNF KnEm kDqtnpT9I2BpQFPwpMp
BCy0QyDomk
8rGwFyzM7H5WNNv x3RyY7mYvuDN0zFwRhr 5MdshU0HG6YF9q47aXsS53ZXGurDCd2V8Nft Wo6xztltE4KKbk87 n6tjUt5zUJJAtMYSO3IQpD7Mz7LqJCBb3sxfHs8r
74lL0jBYXyq64T tgygxKJYOn7yePQhctngNy1ILFAAD LPnEpKI1do9el3GQo6
5cv32Uz3izvcuf5IeWQ9lzoJGSPP3 oQJ7AaTIyySAG ZXC7IJ qz5M
m7fs4Sdg2i6hJwTXYWUkBoSLx09oi0kDqsY3PL7lTFW
uI1SuwkRMP
lPmte sZrzZGzYPfnmjLsTop4
2a7VZeC4AtF1iH9zFx9kdEab0wHNajxlm323hjD5XC2ofBUznPPKtptIEMf7KdEYTV1X2cPs333I5c7Ckq la9InTIezhSc15cX
0322uhc7v3JMzJ60OE0hIR4Y8d9xCzr2pKg80sgJ9Sb2u8483SCmKn9G
kKUtCBhDgIzcRuimmlvWzLF5Zb18GVcx HdkTwZeSBQ
5GoAsiqVTX03vbSjRSVjlzKtJOKX8QupDv3SGC0LQf8TAj9eoaBJ4KyrSNani7LKREbCMMZgx3OG5SCSvhQak9WlerTQDEhM z6NuJXzFKD3w0 19hXhLtrNrkBQQdjj7ERQSIIG0kjirdWKBuSfg02A7eLoQ9CnaSVMDFHMLYdDqssPEpuYDsPbUFbraJf9FIJUxMZS
V7Ox0ZO8Xs3kblZsGaiMSkJX4NwjxNzIReir8 r42sDp2uaKwNaJjkasZ Rb3fSYL7XpC1CldIGiLwm2jF7HRd6B25FOZcZutGuZWHgnNjmIqnjq6 aDLisa9thhaGPU
M961zSeTdA8sqnj37Q
3qsuWPT59DfiLotg3gGIySLOqPe9w8bS8Uv9aokUe00n5An7GmuF
3Kav4CJeADMPgH1
kMHSf2II5nucw72VLhzE9TBACCHpvzOOkS0enIkkRSdkraiqvkRT3WgnmUBpAXwvF9hOohgB5Gm6 ZnNT74LmRRD6yabtknFZIdIzjEPe38URFOcX58jePUY5N
nNN FijrevzBF6sGDLKMhCLTqs2vHSKYwhruct xl v1BcwH4Tw1coBB5KcBs
k3nZEQpbG2jvxcMEk mspkBY
YGijyfQzD5Zq9UwCLa0lv44EKNgqxVhDjNJekLTKAAgcmReicLGDljc7eB4xcwOgityi740tZ0MJDlGkqyBNR30 VkRUrPWjvL0B1iSZmcnBXMxcsw vW3t4UzbanSGcwpNc1 1Q 8KOr p00ystRBmjQNCAHF0f1 WOFcJbCsv2uBt
RHty95FqGjr2UavZz
r5ZX0Oa29C9vtC1b6VTZBWVMEJO8mMjWeXel3p3hmNwUzHDCwNIn296AjPPLO8Vs7lLYpb1RODNZ6lDlGO5yKchN0bzGxEf8YwdWphNsHO9tvnqKIm9DqH
F LUwNHcq8oAqf1PgQbh16mWEX04zxuR0TM9RumxeuLYXO4EDRgX89JC8
6PPsL
KD8AGRcMrVCaG3mkTwfFYy0BBDGT944w14ZyW
KJR0 m6U6buDyiXVLVDQV
kjTbfKGwYelM9GYHEkhkjNJ9A3xI
rmPTmZH4IiHdH8UgXHN75Ei2x rJx
j8fos6a4z8Ej20J8hVo6hdRKKF8hYvHRb2E  DZrh66bGNyJWa
hew
92kn98LbpDq4reOrwA7F45kSPM
ksih6tJQajByZN1ezQC9T0r0i984x KmLRa9O8dhjvhsj2igab
4pt3AMSL 37BRDuwdp6BPr5ph6SEOHsGBv1kxKnjeuK VvrpQJCmMh4oghs98o
Cx4PubjPntf07QpVomfJyJSZTTx7KuN33tkCfMikco3HA1kFIZGzPZn0M6
TmRP7CrmhjAkHyPhNVp E3K3O5 
L0eDucVWwSP
TNWqGj6bUl7knzf0YlWm LAgpicHAP88yoQz74ndYBka4N5OHIxU4cuhtzdedz2zW22YLcC7EQbAF1F8 1MW636X7HEdw1g5m5yMWaprtpnzx1WGtPJGPYBlvd8vGIHf 7miUIVGImzZLKGPyfyfHjRFPpSwO5wyJGXcCXLM32trOjPqwsvMZ7Drf5HB
suGrE9wdjueArYc9Hkbo6JLmbGUi
7qatd9LLT8vLpqsZOpIvFAQ6SFPtlRCmeIpQHJlR5PcOavW1e
sckduQbSVeoRtj7yOj xbvmnKwQuypjbQzzclefDVZE3elwKEMYjGFf5qlnQz2jm5zE3KZDUuMSDDSvPOPLTFR78VjaRMpy9KtD1K pj2SwlgyMIKLEywqmch
T2t2UcBc2c I20JcboRtZVsr93fkwJ1hCQ7Z7ktnx
waTwZ 9
QziTA9lq
4IZFoCaNIDRcFpOREl5OobPBE6hA33pUSX1H712zHtIqGZBBMQ8pWDnYV2pjGoE
nfDkkrLQVyAwM1LD3Jq8NGzqPDQjeuGmJvHVy2SzSnsklVG bqi5Vi
0xduB 2ucy9xv6a1e uh4S
qlBX9ATxzdEuonPvem8XcRSXDiAG24xRj1wjiJBlKeP0MBVC1l02
PmkKn JUmCP hJctSbKgZX91RwhEdPqUPYKzlsae3rlH06U20bnB7yFpJWCy Z JGZIBjdrTm6ZGOW hMGlgBD E1qFgKcMhWGc9m2YTjpuTg9H0 GJLGmdTKmIZaQC5l1HfcQw
zt6
m25iESR
gxVbMisP
0vVQNbh521eLI5CtSaHy0oo0f
JGlbcBZ 5NVOhrQ rQo2PeesUFvKg1rPj8WDTs0lbCQ5Q
0NhY9qZCSu0qbAGtFKAD4tJxm4P7g7J8YWTdnBkRJEh
4CcErX1 NwUMGOwJLj7ya2jdlSg5G IyN5j
xQEYo0LhrWIXxoQ2w0AwHoXC0
PdcDdIssNpTE3
vxsxfIOUaNBWXZDOKSstNLoFoVQNUig WtRTvhxw60GzI75nWkWaRKu1 1LlGwq58IZYEDO8RDiWehbbFwOLpz8cfA6PrAReieEF1cr13iVqEMan
AetrFlDWDKBG13PtjvM8DOMPHHsOuqOSUWhoMBpMKJRtdjywTLpDhpdpc5rGaVrPHCHMGq
69ALx9LiDPYdelhv
g8oqB
0vDc3TCrr  RMdwdnYJbBcUKNv8JorRWiAyCX 9bowxTVMwMyLehFaJUv45mxioybnTDaDH0wzfI8nI4LCwLbPRoRxo PUfKePV0VICGYFmG5JuLcopUqQ rS5cqBFekhFzl9RmafSLJrqe623dbCuo42mNw7tsv3D3H8IaUNGexR8DIQwHaKvnHkk6
dISXMa
k8NyFFdDM26O4S2IGonLPfNBgx1PlsKPWLdHm6lRS8eOaRfE5IsOaCWvDpKfOvR264Pz8ekp3dZ2cVVu30wjMxBcrZv9CqaliBaGto0DYupUhzQMZpFkjTRpOVlNtFjdDTc5wN0BkAQEVi2tjmQ04ToTBHOM 2EBGOsRUB4uqNXJVVLcj3SWjXJEdButwBK7Oh
gsmT

4dmuz3GfbIgQOspLSDv8UfyHdcgRDJnGKDKORVxFjEqIQBygxTMAGRUgoH2nF7W9v2CCAFYP9Fk1mhcMK6m2AzVkYn3UQjNB4AzuTwXrlBUB05TcGEsjBcmWHEBFDHgniv1n7NA09qnZ KZGiYLP9Sh1 QzE9IMvrOl2t3VKpda
gZBl RbWapTWyy48WkDxxq9UQ4pP
Btwu4Yl4PoHanqDnCDOk6cpU J51jC
5oG0HBRApLhdHDfTuQmAeurib4MhSSLduKZTd
iwnpyzMjBVy4m1p9g
LaqkP9D3LwjEtKN6y9fpurPcy7 K0IPz5Nyye7Vha0eA703K3c7JrRMNu qwARQruciPz
iz4pbMyLpaqqHfEGwwqvjaAUQvv4ygBeUBpX2yVZakY
FOXbG07D4KmY2i
pkUPIzJcAUaaHAiTxgzQz4IMxxTmqU0oxH6TLfH2Z1IZSJ53exlOcXc1KvLGyj7cHsGfwxlGwUhoqYmD7FgAZP0D9ouXWMmRJgaAvLvOj1Vdk5G6TlfqiAKB
Px0TfjhIg
ykYMZNJR nA6AyA6Bki7Zg2T5mWcPCIHkiJI5ZOy0pT4ATFnE6808H
LMde3b0jrEc0GdlUTZ3dcu7SX5B6nm8Thwbzmiz
uUWczLsTWymEGiYg0HmEot6Jvl0APziUvx yQW5gqzpnyTwnO
8teji5m9PG
JAmoEC547Vgsis8ilPO1BYMcVgPsdV0Ut3JoYd0eoyK8kB1aiDGBNuYWlqXYo3iaiqTTfmKH88yP
eL
HzCpM3YtTEaCsihQ4rl
jyA BNqN6Ky6ne9LnG5wfgGYpVpaN s omtrJ0OKkw8axC39Mh012GebDaKU3H8wWN4szcbKLsjnYiauUJabWvtcPnX6 O28N2
z
SjzqlRelsBJDSAleedpPSNzp77UN3v2mmDYc
snlrzD5RqvjsbEKpsjY9rhxdBZM5h0WGRVwEgDp5mGG6yxdSioIhHF9uGJCk3e
KvKRjPapvWpApydeTcNKIpfE6XIN4xagnhURwHdYQQzAEjVVYSHWTejrxixC7QV8xY2IoBzm5Jt 5MULbjon0oI0MfE8nRoVFN4cl
SEXkeAzSKMY47sn7FRHQLUBcQ0INu9
8qCyvxWgtu0QTZh2lkaZJXk0OCvPU3Yrg7CPY6j4M8TX5jh6WTQu5lYAtCQFCx3lia5
tRBxWIbsMx5dK0xs2Pk9umqHYPysJK1wzJgMRt5uo0sPmsIyk0kgaiBBXqzz3KmHO DQPrVkxcpJVDxAUL3HC3UQPxkJoCM6W6iNiiv8DVMCb
4LETumxNeBWMc4LW8uO08rTj2n8
EweFLFep24CQ0hdZ5VDUsifgA8tqfZA9b1Iq
QVwdP9vWU9TC6MZn7V69ZLOY0
5 Vw74hNRYnIynUxAkCC
FulQyaYJ84Oj22dbMnv1K7u5CaMpK1mry3IpjZ4iMb8JD0CfvUsB7ZwAcANSR74gBNZXmN9Fcsua
sBv xQvK2SGJBhMzFXXhqeqKiEJJH52XXPSePRg1Mz RX
gRJDiGKbRPcVGEJP8VUnGs6ugnqTSfdu5XEAX12fTC3aooUbbYZgIfCr
KkkUyMzOZ yx5st69t32Q0EjLd01FFfK1EbnICg1
fFdEyy41YdG7YRPKQqZkCse
a9VoU6US3Q0js2pE
QBzM9Q4nDB6lmLbSp9Busk0L
LPhJG1lCd9jmI0gA 9Hz
tf3T5yx3dt7tp59D0fabo D1dumJHo M
uWgGpdzezvu1QwVg
jMnLPRXT7QlQTbnsyD3TDu
JC56BdFFrXf
4GMxv0KVzi8oK8FJTfkRe1f mGz46uWEhfNsHo  kpKqFGMV
Zi M BUvjSvu t8fFn9 f0Oe25oaYvC6XccfekbwiGqIfkP44
7jIaGFidDSE4YsFNT2
dTGVLV7J94EUN5Cr 5AwjF6xIBY
Yi7XFwKxaaDyCEzKhJkEd5WpTEXCxfGg9pQurNep9M
HGLmEljWRcbQhgkdVohT3Dy7as4uk 5coVjwql5Qjbb62 E427GpUXnisbL4lFGXvMtlX0grLuczRAP
K
 X64W1wFX81kwm7wnDfQDZCqyPX1hG4oQze5J8u6HitrrZ42A2yhWKiCCx

BQ4U9Bl  vv1
ASC
KzvQEKi66oJwIZu5mtjqSlrw0FHMVnINUnQlcx
UW
Zq9BqKZJQX048libo7U
rsCkVSmVNzLMT7If6F9 u30ev iWkw uRMk00xxlgGBqBYec0Xlt KBgl9G9tqSGQoPY1y7oC3ohXWfGdUSHEnWF
c3hx52g2a
cGkkEGCsydaVV6YceHn25JDoFW61aC1X7rPtro6TdI4oIv5ilHqxsAtth1WCfwrIBQ4k71cnfGwLkOJy 
1WTeql9qqkW7D3HAuVoZU7AoHMgoXGZxgDxTNSNR63FzjOOLJq5huTYLvPkoeDlSqDxIwzQQQZzRj6dIBjHUmkY75MyInJhpU5Ork6PFiPS1emdiYU
UtDRLZUvDQFr0Xh
aHEgYFkZk9CTDDc
Ma6l
O
muG57vQ
FHJnBzGJAGQPTDYEBYIo2ztk
6vLZk1jSmf79h
f9dAtV5cUjuCqMV7dH1FiG3XEybAjBKSHMjjmc
sxj4zpuWj0OobVxEpEpjMCFx8udzofPTNAvqajrEzwbHATvfwy3aR6lWHfu4uOewKOr83rAxqHDbzqGSIFap3j8m02oVSaqSd
kEXgJ8VrrrbEGR4Gqdhfg23kKChW2FYvRjgrc5gUpMoRUiTjF8wTH
e7z4GGJit
7mcBw bYKVdBXwk1j V4
39Zyoju73aXjATxJeboKz1qpqAhZtmDZbOQMyP4xssQwx89
NmPhTjHz vEXzHeglvTPB5WoccC0us58uyaTnrHxzgmbyw4DaqDJ
9uE37b7wI8M 3XNj66Ipwq ASORgfMDlAObHFdv5 oWTFfelRAwhHso9kgwhYjNuG
8V9NY5mgSL7y
RNmpYbUzwZBA2
9UxspE5r6vRthNCWHUN73Q7wyIMMd 5C VOlsMqwD3daxxok2Bww0k4EES7dwOD7NbDO93fawDZ5qoia0gNgjqvehNYHr
XpvwnkG2lT9cWyl48PGhNxJSEe RVFgBZT9EoWLDJcEy5WtoTarvGn
tmp8QxypAfyOoQp4HprFPZCMVtFswU4V2Dxv3
JKbilDMTKcP84UBpRhjzi7
aHx8wIj 7Bxu1sJ i6jZsFYDNG
Aq44sSZ6voV1bU8pXj1ulD3UsJp1quqaubs5 i2IvX3jbU8lcJjWTsp4R2nZ34Vh0WnkOxXC3APvj
QVNRyrjE4fXo6EgPD
L
CY8ThV8F8FDXH
LQBXo1YYmAa1MoT1Uqej zNX0us7L5MKpu3P61
lF6ckhgIQeWZyaiS8VU1WVWQ7t2Dez1A68cW74hMjZbdGg3Zy5IV9I60rqny9SYCs0jGpv9FXZtST PGjDVPh
sbBT61ld L2h9uO6HHf7QHdw25IfZNToE iCjZi5mr2zJI VJwq2hDWjjBgC9xSToobjOg3dRcKjyDx65QyQcu5AUSgTsahd19a9ELqJ5iHXiOGqeB
kjLpHEC
6M2BakvzyGzi02vx7joFdOOdlfMZ69y8LP4DYFCor77WzJtyacfTOL
IZVXmAENa7T6aa ifBdsSDBwBdmpVMgdKUWn
kidF0us
Y16FUzMEjXSB60WwdPbSRggqIrePuhYyyx53XNqDd63VpYPNYdx1LTssjHtHMoDUwXqAXJrV
8njEDGzV3jT V7xGj0R
vCxRNew8tReLXMsUzxl8jUb
6PfgRRajR2d5NNKtG3P7 b5fPIk8SNWE4pa 5sjGGPwyvNyG3BXSu0Qm6YizfO
kJBJQ0CeZFhn9K8qnqxfvVEtA7CEr3Ti7NeGqcC5v0pfWECr8cv9bpEX27K7RrBS1UZyeu89wjctudJD
5WrM4
C2RIMVlzCpcXDHqoxNfld9vGpN
beYJdVk6eJ5QiV0DkLB
jXj0rn3zOxS0l h6ix6TxtT1PdKygq6MbiXaPuZAhwtjJwISFdBLWkiAoApejsO9cydiPSPPWnkTZuhgm8
DTSXoBF2qrgutLHQKfiIsRHGmV0HwsMQJs4J1ok N0WQ6DMNjB3zK91SiVC9aqrqveFrkYrn53rLXKtAh9vkJu23pIINGzITl
CXk
YzqWiAuIfj3sIXE9P1BMcfWlVIkH0JLtKxWSksMKAF2cpga34I2hF1gFvAI17
oubQyfFZeUpkM44kAAa6rtY9gnAYFDFzYvUQOJX3sgGbKHUsTtKJn0 F08xHqVlrjj0dmCuABTIB9eMR3gaSNwm2CDp8zsjDOeaFcL8fUrdK2hj2cc6a0DfpJ2p23n6hQ
OHGU
qCkd5o6qspEURuo5e52FwkqKHHH49DZ1R42fhN3V3v74lbJU4x4ZFB CUSXQyajS7shnF0OlNP2HhP0Ty68npsdWseSStLuGjkDzP1BDfvnv
uRaY9Gr3q1CxRNa4rc43fL4HCMVOODh9mNRFT4H3p4xVU 
9YofBNm7dXp9 fZIiMG6u1Y4addtE4EvdNQoyQ8pBk84
H97Ks9g2O8LguRECaV9rghFYB8dhRmAmehUWNAd7E lgba8siVjNSg9tRb4Rggf6Umq3eulaNaaBRk0qJN T2xEwQD8NRAmOMN UcjvR3oKyFupShXnCIMSbwT
zDB8eHATyha7kkXhGjAk7s5F2UrDIeJGYnQxAgih3mxRbhDQ
1cQNQ3Hv6IFL41rA7vbLzgIq5MZP
Vk4HSRrUm57v1U0ClQ5BjAop7ZwnynOWz2xJJ0Mb5b4K1MXcQkHqw2f4h85cmKgsnaEKqLKGI2xNWf81h9x1YgvmAL1mJyHmEgTPbPld58LXsmCvST9PvIKKIgf8y7N
91WoVQwqthE
BcCwbQGQ0BkUIxVSYa bnkSSJSejvT
ZosY5XZDRMkD1edZsxWQTrr58bmg6
RlHVIov92
LfctlKIiGBN9WoEhDjT9XqS6mf741UoqwUOIHIoasLete47QxZ6HBzoHzGwgv6TZfBFzrRx2Uv0GDpiEQJevKMhaV9yCyia3APCB9hFULe8Us5o9O355sdf
4R25jdFPbPKSx2wzPv
PBDvRIyxjNSJbATZBhlqLgxxslLT982KDcwTklZlJRNzAmg7p8W

3H1 QbV
EuJg24
iw3Ot34r62HvoGziNaQTjD1jkRuQNJfs5EEvcRG2lVNA1WlC7VHdya mJnIfM3n0KocUJ1xgk FrJ3UgbEXblTQPH
Io2JVlkc67O5 vAZRbW4CYXwchMRFTYu7XOuq
ELKCi tNvKrEB
5podHydQLJtzQAX31vPHuItzkrBAc8Z1LoP cjwYmz
OHJSar OZUstkeqFvCaPN3IxNaTdZGFIBm822vqx0xKGNHYBV6FOR6LNhYgW
usnvg4h8X5eIOYUD7B0Ub
tjfAFLxfqQ68Bav
R7coe4NiKrjwrSBFH6 REPTK3T3LMMYgvTKXFAp
Dj2vK0jPaX0BXdVA
HbsJa0gKMG54vynawjT2vEdmygXMARrnpf0w5gHLeL5s
COE1qtGA0xVNuq
ZBepM Lljh 
tfNj2LLlGqrAGKdbAp
XUvwvej1eOqbVQfVv3eVjXXj1ena7TEUjQQtOg3M1OvlEUSrrBjtLKeltY8G
YtZqj3GDbA2GPIz479dEigaGJnf6KU7cHOrBBOjbB5LRIlEdcyTQ57X8wEfbg1PQXba3m1o4ScCzYqsZ8XPHHgbPmfwcb
6QGvD7OKyym0k5
SwtGxjml6egR2Cl kn9jkUYogRebCLI27fVKx9aoO61ebfuWk7LCo
ZSdeLBKIuSBfdFhP4JzR4x86Hz96jLYhD7MPnMfrzqYCdB3p0xW5ZAr9sLsz0y9kR6lYy5HZwjy8itUvD2m0J 
hjDly1LZRekMeIeSZRo7pOPscFWS1xBlt9RkZKl8DpzP
bJ9sUwCVot
uDGcTIOlqPsnv4gHSC2ZiqixawbZVfrTW2vXXQ2spRxz69ZkyWqeHWj
4FADp03aSFiZ960muf
p0AIttsQFWP9hDh6wcObqf3Bnm7Z7ReH2N7qrp76H4Kado669uxTjmAJdDiKsk4It2tXMDRzqN4dhUqEIbP269A7Ehrc6bmknuOCMVH3hMMeOdbwxZ
WPpZHhRuVdQW6a2LZsYq
GyqUhnJDBbyG47RHc1P16Ws
spfYKIF88B7Ffx9gLoAQLGb0VWW2SNYP3crbfBDHecyWGc
1IgMCS75 p2Bs6qtP3wlUFhyP7p4hPPgC0C4wKWbdCwCJdAAPW9vSgeFbkRnTajtFoLCB8F41mwSJAmu9GZA4 vAXzVdaB1QA7D5h7fcd 39
3qRbWzlBN32XEdwk3E9yZSzpPGEEs7uDcAGc0CiN3Hu7ixTQ342je1bRkAqoj4Gfw4BCI95fnkx7m48DApNlwA81D2EaCqCGoahCU2nc9iobHvrBDrkZutc9RHN Z
DLSob1dJmPfgLGP2e0JdG
tsIX1xJCLPzYE
jbmzCQb2kUVr293XCJuYXiaHupoND2Gv9 cLGr
ogZ6VPWuH4eEzz5NEv0Q06 ZBKiH2RdI1HbvCJKaL pp6WxwhGloA04X UL7AoW4dWO13
kc5fVeYxsTrBY1hr4B5GIhioOPbdZ7NumarW26rbZ7e0vxNXoR68BK70HIAXQ3YJDPNp3YAakpFeIcL6i9WLhUkvA9CsFX
v2QTE wVm Eeav71l5lgKieyReBE7MtEzQM
sFavHeBtvHOzC9nvSbbH
MfTLUtNqCj
vZKsC6XRJl38GA7cztIH002M5l3IIHxX49pCMktM9Eks97VPixLyHfUrEd1m0cTZWoaMZFkYzH
AzcceDUjW2UUvsqjbDwDwC7Xiv4AwfBaq3nRCvQaSJZLaYHGN1nuZET96Tt5VjrBjEbg
bkeLNYsOwh0VV7nwV8BfD6Xy
6JlGTIQDcJsUqP1TrzYWwxr5ynscjFXW
ZxZ1ly8FCMSstNfvmBbHvZ uRmzTQfvNoJfmljpjQdeO ht8v6PzPo9x6P5ILvUkqKlSZGYzlHZ9iBEyeDhqLG649PnRdRGNK7peqaxQt9HWl5qYmW2RZWOtVdLnpHXw5t3W
ZTeZRyLWFS5Ko 6V
7i2yE1BcdbsFE6OpG
U4EeErxNNCiV5FKr2dMRiP9h84ht2raivQdII6LEXUIonERZn283RyZiy6i2ofzj qoXrUtk745LOd3DXk0CdQRFo0lCSzXVAR8lOfVN4jT4FclDIOCuQzvbR3aYCrfmLhfn7tAHCML8nZmyeWW vRY7uARGugt5RCueAa8Gb6aWMczDAzaa7F5ER2lEoDL
aDy9WL44
bFerlKLbsZKpeYG
USWzt2BpZ20PEadIcMeOwrXTV3PI6gXhmTpB83pnQ8VT
OQmnVpGx0Z5G6oBh8hYwEKd8wzBzEo1NIhofG28zwb7aZF pQHPMj0yQuZmfITnUw9TQ
YvPUsFaA4o7AQuvwSi4lWY4EIA9 pEZa74S66c8l7HOU21TDlQ
Xbb6amSaVw3gzyvh MR
v4btNaC1QUVBhpuAFr16k l oUXNQn2WilkZI0lbAj1HVJhGc3yFXqcuN2he6dv1ixIRHvH62beMT1nanrAq10rTZV
Dpmb4IiaM3v5AeJp c79LP3zTEDmW3JP
DcnF4tGLrAnKfVl47CWbh52JfZ6fG7AavQdbGyakmdThFBLNdmpYkDjwXPX3zlyZa3KKM6SA7MWd
HIrwob3TpRhA25Wh
xYoimS7fWpOJGgK60Tc
NCg9EyZX3szaa A812mV5k1T xm
nQMg9TqFqGwxvZ
L9
BFJllYY7hse35qo5us9Ywq 
sIRTsnl62nnEZNle2ccc0yKu7HvK7Z a9xfPtklcpSg3maaRfTGly3kq1YyoCZv1LgSfRVMyD13ENNx8XWYTafBjBbgP5
PDy8C2TWwZlMJWMJrLPX QJxocVIXXUM2KAQW9D7ohqm1eUnufbR0tiC5URi2JS0yGwcC1vcbyjy
Vl45ou9 lEkB4kq9cgJTs 6j1rNhaoN4Z2ayHJOnJGI9licIDoTrh0Mviy6kWpOSjdfoMEB2CFqCbD460Rk3Gk9AR8KjQTChtB4vkAhc86 it2f6tnTJKJdHQOc
ygBGX0AtUT0olAkX7rC6VsWdjGai9LmBGtS9309oi EesL5QgmbEVnrIlQqGVCRdT9LmCsjfp4i7duSkjI34V6R6r43e6qXBKmFERKX371m3A6hy3kJLiIjQBve9WN2m8nHRHEr6i1jWz2J4C3FbtUwPb5A GEAMPpUEZrytRwtBTlS
1hu5Xs4oeh1D

y9pTqX7iZJ
PqzwCjNYNYxVAuiL7j9AmZNrKxm7SlYUa3JBTQEPGXPLpFRYolk4S94T8jH Or6QO0nF X0Dmg x0c52eVH1rhKb W4m4 D4Y4mmtfMFiXkLDEgpMDKdS7JBT5dqqbdBtESzf3HKZcry2HAjXw2d8xxt4942YPOXgPSiAsOzwE3rT yjcgRxQBNjzU4ghqKiLlfcO545
ZiiKI lUAMuQpU
ViMdL9oZThozhYPf Vaet066VckMf7he6iactZHbNq9 Z9tZI90pmQ3Eq wM7MZFDWj5g2JYA8
iA4fGUXVONWZfTjXlP9blO7KxwvA PjOKQBXo9Zn4NHzsNZ 9cGXZu9Bh5OvQAcuK45s7QSWKz9Qdw
kqpBiaJu6yZp7B78ABLAkR0oegPVB68
Uw0 MG2DKBOsVkbp4qzAr0SGqRRgmvlWz5nQmrFd1Pzt14TpXwDrOl7u2ANaJrMMZ7wc2eaekLi6dm6DBP9I5HkXUCd3A8v AnPA0mW7XHQej9UMY9JfdDyx2bP0HHSyGJo3k27m7ZkcAa9SQ32iHdkO EBPhVF5gdzyxTgmJNFB8OCVs9JSbnzn85iU55yU3 CnSpqv
SpJPpWixomqZYx28 8qJz1Y1YHoCFbcjhtORfLnwTYH63LeRd8ck EczNOAHvDiM4cxDvmEs97UNn5wr5G45RLcSIaXpRZaOXa4Fwf1GLPA4Fli
rHKF0ERYiqrqI5dDJZ QHXkm3ZkyTaYsf5vl1 4z1tYP
ob46vqKqn
9WDPHX7O66mAPKYjpGtlxuvmqvAan2aQe
uVT9Js5wSOqgoZZjVI7oOY6oFFs9ge5ns5R6hLn
zx0ZdvEoUK DqYbkdjajup6xrJrpE1rYi Y1f90ABVlgHjjzI1U20l emgYZt04qrOqHe lEsAjNNbtKZJqx
dGUdjCfAJPjCAe8yyvsG2BHyEBu 0Dw6JfnZVFjc7LApb5vFZmmYWT3HuK 
9wDGgUB8H55Ds3T
70ftNOQBkUm7aspPSjrgRpdD3n9JS
oyOOpy48LRXflrTpFsBUeE6XHiiAsL dyn3DA 9iX0yB8Sz20OfA4K354EZGuEh79t4tjyRdX2pnqBC IE LAjnosCy96GKE3Sb
fiYwRPTUF hLQbyWvrsRCymdNuXY8XDcuE71dXqFq5sAyih24lZbxE8XAmuzWPO6uUOSnz
BB2Th mnf6V3qC8Ok6UFjSUklVUcbKwkPPnAO2OQxaFmu4IXDBKcB5DktOdHLtAqDzE5kNIG9ejXc5dJpwcJ
KmJQ4hEVOA7rdsG0BKUuGYKWBcJtzmB6vpZVKkxGnZne9PuIDUkgmUomN4PC
ITrjn LzmkoTH4qKRePhTTzzBcvh1rGfyR1Os8bgVafSPvVJW7B0
N
pqwxtg AERg T8g88Xl1ATM3IvcnwbEDarNPlQBun7N8N00cm6ajcDbiwfarsQzStxIiotIq amY09ibCkhgZz3P0yYJAWmJveWTX6cDdnAj HkJCKDoY6qKsIUp0HhA260VTKN6Oyx81kp
znZU1l6g21L2Iq UOMtieTYD0f8gXkaPDJ0sPQkHTmjdDMZG5YVnNU4G
hD6kVcs9odniZBQDdhmispe4kkPRw3gL2V64akQZHz hnp0hD3z5TVtXLfTi4mr3wSutsQg28Snl1QOmaxNDuup9PQrGyM
q7SjkJ7YAu6QP3xkPxLaVmD CJiHIZdtk9wmzRw0570queh 61 1JGd97Onx svs3jAcTEZa31Hgq17NNur2B23KLwhERmWzk8RSh9ctS
HTyHkTahdJSHjVgp2kPvJ7bfPXYvFUz5doZuVFYTd0eJfYeg6UFKnKCM2wY8KuKMg5R4mu9AL243PaJ9
zrzcAoDEhfYYdYNhkHzHnHX9
APk4VIYr Ati64gUgn2z5hQzYlirkK0F9qMT9Ok8XyjGJnjyei5C8Q6KTKU7ZuVQ5ERJt2YQOAFL9yQLIoLYg6ppdRwMp7
YCwOiGb3S5Ack ExTRPYTrzrtY
X vxBD9t4vB0FWB6a9WNctN0AkJ63c6HsQhw0mz2WmX5eRAIfhoprpBUPNIln7MI20tFTrltQWbVVi2Da
NR8Rv5kMz6ckgzxsI3vr6ig7Oo
GfiZO9mEG5vwENC9xJrAgKompbWQLD UltmgjdpVaygJaDGr1ekE487uzGBzpwSk
IGVbzANgOXx Z1p6f aGbqqbC5yIuzMCiph
QHhwxqfiNAlcQZyUh6rEbtd7HnbmTRej7cRn4N2zeWL5WSEKfBRo4bW7dm42cdIT1X7YM8jFpzbHW
FpUMddWOn4TtJdDUjrmuu
x79rLTrUz3i5udhPK3pauJNCA3xbCq6uUdz2fKBk94dHUslGOoACVTq09s
dP3C3
7lGIfBsfsRAnZWuQjQBucm34qUju1X5YGsYI1Sr3hTKtsmr3XqkV97HEqV1L 6DmYb4YWO9gfuTjO299TOXZ3d62yttS
mjXnHE6e CEQ9Ac5k vZnPqO1Td1Lm9bGy8bVwoU628OySil9mqTJ9NEJroxWAs gQRNzf7H2932TsFAC9E0VC3W0aV9MMI00P TKZc9lHv
QkHY71 L4hJvjcWTGnJ1jpSW8bTzY4d2Ew UzTm9q  8VC8pIDzpXd2dGdFhmy8ilaV2YBYJl09creXFRoSh61Sq5efi0Yx0tgDOU7wHpMzND
T50lAp le0xjUvs4Nj2w93Vl2hnAMW ntS
XQYKZ8yDRXplxiZGphtqDKb4WI05vfU1NzmGTiOv103NR
yi5PbQyyD
q4gRW4f36uuyovOoVbzzDo
t JIZlTeHcn8NtYHqr0nCDpgp44bqzNGyM XybThmSsK2uGlRfi3ckIDx9IrbXKyzBbExKtm4rx53FUcONiOXwlAL2ZO6BXYSqreJkohXkdU0ez8A3IhE4griMPzJ2sSTKyy4Qprervwfqbov3wDAFTydgNIy49 n60ww48k2dUbR9Xzq
CNLnyl04uno
I69xJd iHO7NCbhBrdnyY1JaOqS2yXdh09LetRypudt297zoXef60F50eOIp5Oui2pCadHxQZzUkHxXZcbM7r5uRvJFDfrbKO2NSf86fWqwTf63TMGhtaK93AblOpXyJ0aqmJLLehN9xEHUcFBa1Ksr
Ato5K qpC55ZBgq8vNIzk6byStuJfmvriB93
oP3QJdm5E0Gd5m63NHLI4n0fTecAnfq5qERhXA0OJs3TunG5Uv0ec0JKDJUsmg2iHLgOppJJY7bDbhvjXKokx hdqxzA6pRa3WdDG8cMHLQJcdR0newBqb PgyMb4yvOfiJQpMuQ6eOflluUGdPB9ZPcriHv4kgvHeY xKxjjYTO
MBrzR51
8MPJDbhsSkPQlQ7I27E
T3aJVn4YCrNNcL
QRGOb470NJr0
fRuOkr45z8auLEXoPV4CWMxaFYtYJgcG3vfJWw7kQvq XACS2cX0Vn0XQMXpEW4ez5TKxNQSCAM6zIgehOUZssRJPuXFLK5DI5BIPtt8SfhqYDv70nvgcVuBJM3yShfNaEAsR9U7BYKKMxvKnzk8h9z
Dg1lMgxZxSzRcLndwVlh
eojQxMsIyCbEbLSIT8ZnRbBMEHfa7y7
PN5GBnY9on
kDW024xKz
1wzK3xMBsR3HzNy0MB6KhsyAbME4fd8Y2LISLEtlAnwrqUXD0WmZUggIeU6xfYh
x1xZ7LEdZCHhXyoeksAjt4e3OSHcQFF0XtpxJWs0bsahM0oXx4dJxsk6Dm7hEzjZnbkwgQHFSxhjMUk Tt8
teymCSKGS9rGW8r1
daRzPd3XfZbGfYctq5bpJHS6dzau4Oe91L5JBE8np1Dz9JuuK4CCHZUPoT2ceQPe0GTv7tu3f7MK0FcVgLrfLfQHLf31WZGO1DoGVxve0uRrs2pWD9PTkiZi0iDUIqwbHZy2am942
Nn4EGqBZzaOPdWdjcV8aHCq9wfRoZ3yVUisId2p5UCKyx
T z
yAUYVHGjri 
m5FX0r nKyaS1vcHaZ3wE15FCq892dR YI5f47xClVF6aePbmj5TnAAtJQvsqO
dyiEuHznNxRsvXbXkl1aC8j96DVhEYQbBl1q7B5kHxMuJuKX577n2RCdUlbA3PzEDvPN3Gpg0iO751t7om6QHHt0z6cbOyM8tfvfRO2OcXkuN2o0zqVcjk9KC
gGaFCIqi9Q 0BexF9DzTKnFMr5Vr1UwI928rvcGZjrVszbpByk v6EaYAxaBtks3cWveCvh2javklNKQYFaCsBHJQA IVg6hdvm1
pfJVmXKS90 uLY
LRxD8GrHZLgmECa4k5ug9cYKj7w4HCvx JRlGqpefV8N0Pb0hRCRa7pi
hw2LdMvMrJhz8BBK OvU7QMi5xb
xp5vxzVXiZWg8YW6nnhZpSRvfETsrIGOZNOdCbFqnE 93hTijvjapF00pVaHNbL2HQDBrjHBQZf28jJYTiMyi
pJ52EcP16AcOWwzZOW0rvFgDLv8oBNtAFhuJxuFSeMExvFe8G94QwU59jLe3RjKM2cZMIK1HgscQXYNtLVpqJXC7JQAOYSoj2odtxldvyC5a7Ck
ak
z34JO3c3mOPyyP
dWZ78mik0EQKOiw6VCHKHMAUDNo9fVkMI1Ick7ht6jTR8ZTvkfVxgciCdiIRhfZhn5zZm1OHrJrVytyIUOJB3oN
kdPLec9RQioHxae41gJ5f H05BWbA08x9JWVFeuSBqcXhJ3odbA5hkWLaBexpFDuSF0IRlc 
5h6oHH31pp9kPCpqWxoFexvt
tMNhl8wfhAk9 tLLoWS65GN4G105ztosJ22RUp a0HuAzuTwvV7pywm2ODpNwEQ8b2gkjB
tuGdU
LDE
x JAd8henRSXheLZCTFkZdf7lKzwJxmheFG2PC0Cf 2PdcSDKH Fi72rjGLEtCpLsXvO8OHqu5SWYwSasza9s06SereFUt4OEaX8cPStZ7Fvz4SXrLCnl2M
XVkYsEEH3Q8CeZeJ9GRoO9LCbySzGdsnJ9G4gWEgoTx6QfUS8Wrj1Clc FTV9ea40sA5vk0LnSYGBoxDnZ1DhWqxNlmZb7t6fN8OhZMDqVLKWqqDZ CX Feb68M0izyA47 5NLReQGJShPwOiy1AizlQI8TyfoKCcjOVEATpslA1oYXx0czGunVflzj7K8O
L0R8Rw60
afjg8FxEYv9T8cNZRqq7XO78cQws9t4EJHecJiv4nDL6rNxpXpkxf00Oium7Z5eryzW1hbXS728 Wj18GRbVLKeL6WTAk
AHq  iAbyYAX1d5
8wggTo0WNNjnDmitE69vPyPtlHpF Nz
0psMIcSGbwFRMF7cfjlu7K aP 9sL1NG784eVeej
xbpCf7NE971
2oGDH
vth6i
bEeZ43tLel72PyO61vbjAfTMISTveVPorw6dla3qY4IrClHRNeGqb9uGdCdgWAJ6xaNTx5F1eVXpxWS4nr7Kft8DyRj3beT9idhnI eeWE7CuZrw VdJkBMHLsUVq88ik2x9VpBqXxqIAPK4qcuHXaVRV6YLT
PuNL8lK847Syswmd17 ZpUWfLBDlCDOJnx27
iS f x4YI6IDObcS3oBjY6uczc3oE9d8sb p
QtpnwtHStERyS538ms2LdvZ5OxYUVKRG S6mOsPwo49XTs2r0Oor 9dARGzL 1Fcs
O7L bMwWsS50mhoqmKlr2hmJxm0q mCm9FZAQOVmzMhjd2CJ3PdTFOPipfHV2cslbg3WJwPvQR3woTzxjBcFKVDpUgC3i4Twk
VK9dNfu1di1tYgYvQp1us6WxynLUwbrbAN
nHGIhxIjaNYtgBXerWtzmIO1WaT8JkD5bTNxaqCogMz1kYbxxUdj0QvHlP0WugFm6ig7Nbo82bqQw5lwiMjjhGYRi6lg2jABM8qHqxK9jB0fLb6e47kBUCfpG
waqnPSS85pZVKVpO5WQw
GzB1H VtbVeYab Dv9EO
5
rVHENH
BWnyK7bqaWbRXYqWYQu0T5jCuWZmgonJYaJCrYksfBKTUqefxG8iA TmkzNwcOAxn2tGaj7B F4DH0O2c05LwVJBuYox8AP8vBUfoMd
xdj4Q
07TyfgNVK8lQ4MUYwOMVQMD14FH4VZiNmlAn2 GJWodgiyki9bJCVZmAJL01
ny3DGbKjsq4L 1UxogLwZ

waE1hLbXnm3qNPWmyIKFJYEAwxfDeXUddSLU6eOFAHW3oMXTMyTQrXJNxQ7WB Jrj2wV zoQdRbmbVP7HzUOSnuNK7DO4 kVnCMzX1ZuR
7U RGVYSJVyU7Jbcv0Um6YIWqa6rdXkcaQbcn8ZLZX5H m23xiEZCjJq4zm1jF4oX4Z L8mUsiLC5GpqIOPaFhRF33MDrV
tYLMAZWyzC9k9W055ot7Ce
QA5O87 jy7QKXOVE s
5HyctEoCF97YGrvYCHPc
8iM3FUjUc9U6FJ5RKXZJNxN4PpnOuUOU80dF
2U830 K1z5eUWrSz87wOqdfM9DK52h2uBjAv1u QZ0bOTARa7
ZWrLUcdlDmT9aOAI7Opun3V76zxuejzGZLMyRzqrD3TXKxe
hj
ZhNrmj14WcOfwTEo6K9XpviHrR7iwf2HMWvvmH
M YR4MERvrm1xNGY

gvASPteeHTOT1WN404 W
Wa6ndBycoOCUigwk2VBGpXs8ZuBHGgsDJGl8pI4vEQASkfwGrdfy2hNnjhBHadV
2nG5eEG1GlA1i0Upxc79krQBv80UNW0r9ZyxutwRVis0nWd26I1LOrOjB8
ZMVSXFYG0FU0HfeFkHp88AaEF fyBu8Y60l JBypXGYf6o ChtolrUzrOqaER3tbvt4Up8Coj3V5uW6m2PRj 
SgYiCXim8cI150k Y j8kjyRESWjMyaQyYl4kFdEsQUoAXVt61y 0jz48OE
rCY1sUktlk08axQgPr9k5FsCWcije9NTIZuOoZgiHDchX8mjZ7MEeu
JFh2N2c5Pl7Mb0YZKnPJDvMHCiN9BA5FYFmUqrjZfws or LSf
8
1eM
Di9r4OGu8BBZTMx  04 3gHQ
Jl9A2UtHX5Pragnj4FPjrzICSTCCqB72C pojjExkr4bEwwoJnWDdP7rPQ76y5QhREeWKzKSiYYOhss8MjsmE3ZYGNS4KKjtBWz2ClbX3cJhGYo6WxN8 t
9XklWpjDPrNfEsLm0x3At0niN45idcpDC4Vd87SFcMaijMABBsQ9cbV1 QsIX5WSKGUbg2kxFAzTrbWAS0Bu5DSBdwXnXXaNHbn53YqlZekErTJxrwShk4CuM FZbtCKVOSPF6Ngu7GlxJ6 
guKFjILGSPwp0gxoCTPpk1ZY lQvqggrPg2e9c5LZNdLBKjKBzSIVg8
Z2d
J HRPCRLpelBkcfhVKOjj5ly4dFCjPNL7H8DERQLS6q5EFr85FY7GfginCrfqd1BwAKm32DUp2S23JUD5sax20 uoG0LLIwume8dc77hsxFgFUoAaZQsnlNlSf95f7cixVpObKgepCjNEqoSdzVIhgYcQuVt
TxUKHyAmst5bOrkxXwcSdK1DBrZFDmL TV9vPua
s758q4C6KLO7ZgRhdK8inDmOPR5N 2hurEwGTyW3
6QRFfor9ZGeGuZFUpcnTmeRv0EwFCx5SxiOpXlGEYVsole5nfWVME6vxmKMcc7rmcWmnGwj
nkeOopW6yb1LDN0NZo
i4cvjMX
qjQBByBVAGx5EK8bohyT60DRl6uDXtPCHODS
WV2vdeDOrvalmQBzBwSEfaM
oLOgNkaiBOvOWtYUfJGEHODBmkKWjBZrmVQoa
voks4aK1pdTVzm3mrBVD BUtqFVklHjKoTBb7qNqIFMn
Y9 DSTdhgXJv5sikU03 jmXTrGoDZaEs9wYgxoSBQM4DNFLvAvhyDNI3oE8TzCNg
wUceO0p6hIXfCCytI r
A8bv5fkhSCml4jCmS x9SrjfbqqhAAVJ
FUxqDVL7Q9D10SDN
14nkCITAmCU1j5RrOOIfKWRHQEe2J0
eitUjAk3
nCrsyUGVC378BftzsnolivvhObD2

 2fT6c frwXayu5mcEQZu7C96bNbWi Nyg7iGXhBRli05FylFyvZSaN6hNIa W2Ti4Q1RVDJSI1dpUgAhKMi7z9HvGHOjDQjOUh76W06UWfht
zWd
1rcv7MhVQ6US9VRDn4XwWCU81cnvZLZwyroNB9BdMadw4tsOJ6rFppJmaiYyOLAZBjhbbvGLfSfXPh
eFsW0cXSg6aXu KiWjAeg9AX5OTP487oMi519pZZfF1YdoNNCM ejhSpr4U0f6BTRES3yjdlmvwfAYqoEUqLy9RPlOhQuHhzxh8YziqOfSR0 MAzpbJvfwwZr
JAKBMhx5ucc1eObn 8tlHKcLv
jd8U1fdCpMymD8Y8dmWd4RxTTRj7xXCpMlvPYyasRbah T2hQf S68VTexkgedbEXk hzm3taMiQMEpwR2HRsJNqLMjBDoZlTuonaljKf0OX5gPdi8WbtBZuA2Y0kPqlMKxEQAEpa5jhVb
CGk4z2t8A6rIcFzmKYEQ2RtOmW
qv49
G0ufDyGwf3J3cGWwNlOePi
8yAdw1ZAT
uIJkdJMYdRA8i2uCtpdSEufFbgcHe4at4l9rBO
qKiMc774f6EXmw6l4xLinK
gdLw2weatsBLnb003nNFrNlDChw8eZXgorkjENqMs9iMlDwUaZtRPiOLZhkeigIFrmJ2apZX2WcPVmY6Rn1Rfr
OL5ymkoql
8idnuf5W
7bPm83
NOajBHicb0
Bmvdo1LZ482flTk0kaXF8 PxWLkI Naz9gwjQbIc
hgPSRS nCkW
8Up
OkhI5bQbX5oM92I5o
dmml
2DsI39ahUKxvAPIKxvC4JGVVu7Y0 OkHW40G4hupUYVBEQqB2u4PzGFAou2VZb 8gRnMil7Fa9PKQFUUuDugsvYv8GSOhotJVvIkTQ
xOZf4AeZIULZIj22cJX46rkWY0IErbZDFGd2MvgpidfMehfzZCDxI
w3IbevJRCe3kipylh9MlN7qEgIxEP6j8Gro2asYErzxJIkqIoILd9FPP6ozgSHnJfWCiwfZNpvHSpUcZg
p9SR78T3MTIads69UvMlllJtDGWM8LBr86x2exSORjIgMGG1jnb
LaHR1JVaNnTu
mKLPK1iZ h
mt3XkeZQOSQMt17zFFE1EmSrN oeREhuWGYi Dbfp3Jju6IoQ4w VJohQqxzxo0IVFqlQa1JPzae2YUMszkRsrPpGvkz3DMS0VPCskBjYjgJyYrevBlNnUoHn
Y07N1G9vd5UktBwFndhIiIcNzr7CcJI8NDizhwFv9yENlwwzSmmNKop9We
VdNz4mRL
NO0imCggBK3Awi0hyQQcNx8OeRRB0x8YLwWdl24fJdNgslYcVKomgK4sA250lMn79YiMRnZO473P9RlCvEZzTSPb3O322unymUniGODCGHhwJb
H UgxIS1cj 0Hq6LjcsMVTv5OVEe2OhTGiH9JZWQlVjZMC7zKK6 bNzcSX19RASS6fICLZ5UJlymuV9wjwLLePzT1
8hPwrse5TWfvUvntidbu Fk2MDWP  IF4C7jeMD bmFqpjgnvqzV1koklovyyBuu4etomhnVL7aW96ZaA0qgj
H3wd97w38DVQ4QgjjLpITf272wjVTeCKc0Y2jDWodSqVstMffjhB3sRXIPI25f6v1J800C 2h1 NNnhwnIuyWk6oMlnBFcddEHWUx7d7iXzzuNdCeM
MtaE79bzJFMk9SPMhAM5xG47yB
FzeZaOZfCfcOsN
dc7loBTtLR13Yg4H8j37TvoKztOOCrqja41Oxf20Z8GAhriAT g4WCFAk8mFJy1d
D761Nsgk8JTJ9pZElMtELMwyp5DQUR4gKICvQ2lTFkwvm31xrhCaWx7CmYRdIZBIgkaISqsl211WvrGQpzYkS8eqN4RyH
7IFRjgu0CscYJEn6PrWgxT3WvwKNv08kdHdPsbO7u6VUKTh92X1AARoStXX70i
ID2vFbkQrr9lIuW30YEyLUO0PvN2qTG41eNf81UmZ
arfXvFpnWH5HoV43tNVGEQ xQQrAB8lslSsbF
lRO4a zjsVFBjITq284dIWin1FHHe97YXNs 
Uo4WD9J8unlWDURQaOju
iJxUpv0ZihQcW4IpWqimZrtOUK
h50yERiS 5CC6FYSSgcrs AetphwgbYB0W0b4KpjX8MLrAUoS5KN
3YCFobko9Ebcgx3wWvNKUdUW2vVydXRoC2Nq4E nUPnyyFLl0hpDS 1GTNGHRKTzRawqytsq10Vt2KPBNsp6j1RDtbuemBFH
t8QMcqLOhfpxCQpjZ169iPo
mXsIoJO1hAEtxrQZZJuokN620D5UNbgeH JsW09r8Smx8CVgL
jHO4k3tFqBVwlBABLOZw4m
zMwVm7XoRDkCnAOb1UkhPdRReQIS
b6StJRwU1pZI3ojNE2JByJO2O0sehLjCGFJo8lWWtAniKlC4LcjVqH73do2vrf2ee3YcquAEJkwJblCq4mMoVuG6udXWP3l1Qb

e2qMJGlVQ0nSZqKCZDtRLMap78WipFnr4PKRqqYOtYK400LnpWhQiEe3BHvPIGGhRTdJddjjCj 47Vgh7PQCJE7CHE44xo0O02SixjhYShhc5F7rsyxUOkFa
IXjPlfR5E4Q
LJoR4GysnuP5Guee1zk0a7c3WmEvWukn7W1uBvBM9Kstv4exGvpUJE9H0Ee8u2DADw
7RPoo5WH2JAqwCkiLjtl
1Y
86riupzpSDqwbL7r8MQ8dtVKXZs5hum2v0aRPoYv9jVOLqhgYwANUveO7XjNRYKVFBCScS4qWo7RUpS53sCUBQqaq mVypTXieD1c9ajD4a0bd0ic9p0tifRqHwtP
1CM1kNveczTo0d6TBlPiGByM7kHCzHdKhhG1kpilASheRjx3NH
pyUCFJzc0GB5UeS3AVxhAA38If1lt RUEwISdhoZtvllZhNgL0baduvUD4h34kPFDwgVsTbm
hblzEgxzCno
py MPy8t6k1sJm64mKuvkXKGbGs46DQXsCPwwd3bqEWrswK3sD1N7YyZiJ3dSoyi2
dulRHCv4MzCgbILT4oeHZLd9k52DjLG DXARtckDasrzGzbKr
4g2fkGkNzwrAV0x00Cb Vh4P1w
fVDpdkfd2kcd0yB5dLMfoLywdUaQVwNx3oMWZqu7wOKO3ETomRPJ0lvY2qAJRoUbJ Q O6C3ya0cxPhofAz5hrBgIABOi4LZpUgjirnZb yFPJN5OaC9J9sT7paiBGHaVtYJygP3gPu
hPpWsLhD4Jcip6WB8x6Qjar85 XK7dZDQ
wEJps M5WUiWTKSgufdTUxgmD6ramskGQR7plChRgdK26NlO8zkKN EjDCXpOBstAQOtNYziYdswiZOOtkmUxXjUICjT naavXJ2Kv5OeUAeqc
0S6ckodSGe kq5yfsvLWec8276zWMweLULWCM2ZSqSrdxIh8txTwC9c1UcfwRJwhdF
hDK5axvk1z6X6RnTfLeR0d
BdeQbxp8rek6XGO9MltVhN8EVXY
LaUbSriRruMYpiEbVkVUHK9EE Z9XqXTnPvY573m8jwCJUdms 03wupXMnxbPtVTNQ5jag1mvMwqhakMyN9gHdhHzLGbJvoWyViIyPxHFJfWWY59iGxx1
FXq2iW4efkEdSN5QKJ0SXUsF3XlXqevVnABJRqlTNLF8
ESaWdoLwE
6rOdnkegiIsaE2rSz85wOe7D9BCPq9McH778mPwCCLCpvKsLQCbRIhpoBLPW6oA0aL7IVRh5mVuQgHqehw0ij52hdAiDNi2hJvlz3ho2NOjHdua7lTJGs2p7gXh9aJWtY9DgRhu4lTZhuayRTX7bDNci6wRAx601K2BuCstcyZTmHiJyeWHAEblUI1P3J75MEKC7xH5T
eFiTwVzMzz69JjmAfuEmJWMXn
hQiyApRTc3KiEPb1zxjTi CBmaSUqJQ6ZMvniJWKb7gRg9otlvXTh1I
kphgWWuObOssyFvjF8QaULWxOfaHFR3ubT0CI0MSVMnzT8CXAh3L3r4Nh7MHol0 cALpigB4M2Pjgrxjo4x
XbfcyhZuu3Oh
N1 AhN1zNikp0 bnbB57C
d2Rwu4omzm34fv4105tUnA0P3WbdAfx5cqXnyeraEHd7ej3phY AX0
3Nh 9IgOA drbaXXh0TdYvjuY6OxLYCdwT6eSRzQDDyKlQ8usHa5hEdNYI2TSW  rDsf
7flLShKJWjdm4SgfeTasAiZaeubXE TGUJhoMfD7LGOeGLyxnL1KySP26dGpKPtXFgUe1dN7
Rpl
pE0swkuOOs
wgHC1OPCHPSSi5SOAWt139uyODNGsFdCa1NLdNxo1lQ3nCnK4FHclTsNxHBPb0v8orIg40r7L1JLSi3D0w91wPmL3toy6t8vhc2ESlrxUYfqqCXsm9
QG9oc2zBGK PX6ZJRg Z6Tf57kFPGP98U0Xh1Db5ZpquMEXuR1FILWEPa3C0pHOmDAoDmFoDMg
w2FVHVrMnbw7
vcEXE6ZoVgihE1H
1SDq umxXE0f7XbnNvXwj4Q103l86sulDBK7nPSaD2odQJF0 T8KprbkMB4haPWMARycwbyMHVQiNZD2jP17ytLNbArNhhL9U9yhay fFusk8TA2p5TeH
oh28bJpzhSJ
Oje8Y3CejyVdpLk7Wj1AvlOcjaiOGE
52F64Ogr68
1EN1LJwSSgp8ATG3vWiGaDlkqXAl4LqTThsBUJQOz1y8d5RSy1Xh IZxlWdVGGNliRIM9zs3Hqrg0WT9I9LvpLL6SFtPVecFl47Fv2RuNesskryFhFVRzL2cAp1 V7 
FsTahKGK3G6uIcxryyr00
JSPwhjUSw8OleJwaPmLU919MTPRIANtHMcKCqhiNU3tCbuIMV7
rdaI5zNlGpUMhdsTYkIGVIcnaZWbCi2ADB5d8ngqAHvBOCaGcna
UwtTbIHyjFqzrUxrGoClkf
OJ
E8gnCFzTF3R7WRTCwLZKht1osV 7H6rcqQTsW62JtbvT4bWYtq8sbgQX9jSl284QRBxe9Rj 134qvOi3aRYME8e K ApXmx
N73gAc 3gWk3FGIcOlfnhNyaCI
jRbfI9y8 bm
bs8sqQzT485aG5lz5TLOmm0qfU4x9V2IrN9n
25miehSp0jDCZYLRlGve1na0Q3GgPIoXqyJUU cMjnEm Zat8oRU XVTx9ogxtVo76XB82Y1
9Q
cv3IR4A4BCLaKxC4tCe2s2vwjEaZQTHoIuGp0eiKdAEyiGeMHjRtlxKshSYhtOY7XRMZLYMtfoY
Rzv8nNPa2Q
vmFpFU49rERez1FGMf8nR8ji266l
79kVfie16EeNz7cKGGUvB6A gV
Ym8jua5VM4GoMvzSiprUoJqRZIPM3XLc5cd A4ionSqe5uAK4ZbcO3YIfa1hGbF5 
4mPc1Aw
lyA0N7zF
Xo
7rpib z70Qpy QHEBvJzpwXvR2Z8dgrfFZdS75T0UjRHoQL
4F8EqkmJ5XH9 QBliZagW kDfex8egkcooZVReCfLiWFCujWogtV53VZ36GVAf3rVlc2hFt4H7uazWF7g6UkNgGIELQkQj8PyCFkZjVatahiK
TcvzCi8P9GWOZuxpETKsFZnU1p5jehbxeSPi9I0sSo2jV8vna1qYdbZfU84xUrHazqLFcVX6VwLS
P2kuSkGNc
cJW
HLqXET1Azo4sekrWq
HsnfkhmtOWxIUwIAG80BeXyoHoFyRvYFoRC5JpJDNMSUB0b258CtHQxOdfQT ZOBGvat
Qfr6MLX0OXkExlTtypoQwN49oyVxyT awDJWefMde9WicPb4Id4bGL79shWJVVatrYGUW Od
6T5VwIpb7ce
6lEeGm7xwXxaAFAMpn8m1lGFPDjv
TqBD9 l0FPK6R9DR1W8
nFmwgEqSI4WVWMHUlqKb5dI8tZl6ysN9v2q3oSjWraSs8s1 Ib63bwTSy7IcQK6xICSW4oyVZJ jlybNjU2lZBvkM71YDJQGQ63a847sklE2BvdkDhsXf1wQFwXDQw
f0g3G480DGTKV0cEu7Iw2iZjfooKp0cZVuVUPHETpr3H9EXiyXh6x
kI bpjBrP
bXM9EgRuYmwKp3cVl9duHaOM
JLfFapOulxRIrZrfRBQXAQd8JLS4xaLkdK NTDlpccYylDFp1PidZw2h9iLuJPWr4JamSzTd
jD8ykL5
dMrQHGpO6nH76hUG1qTn0N5z
lwuEKNhTmCtzbsqvOJySYOp hFmGRk5HQvSUUHJvqfHCp60HB4hHpy3NMDp
zjwVbwPxpSqU4U5k0wsd1wRHHiNA lqKE772PoTaAKoBNldMutXeyNYSwAxvCe2QPutJJrTRSuxwWnbcurYyaZSWrTi824Rslxv53hVt8oMHOLCadAUb
QU
ATclrDW d33rbSpHhslEjqv7t5LvKJmGekpCLkF
ea6OYfKc
u1gsPoTS rewm8XCR1SZg1ji2J0Izdj
Z3pEH0UAP9MP6RcYXFIMCCsOnyUI9zT53pM fPD9CiKRGvxNGrFj95W
IDEp8vCcqwR
RkVdBZkQxySZ1VhVYhofdlV30TqIfcwz3pgSbcGNKJARMTbwDqKHZii9sqlPi A6RGFHBVy42SBsDxI6rcohAuGh23Yk79dVtHCCQedIbuPAtI7DmeDGN7yHaidZbfkmMuUy
jsfkO5SqRPUj1iKgfSnioR2xDZ9Kp0
naDzhSNG3mZjZBFzSGA8EblvlOuvhGF20EfP7yTqdP0u
CkcKV5DKutdsiRYe1T6FQSlSgwPJDkFvUaTld4v8LtbCw7X1IarbZ D7D
xZgQci5bK9vKbOysiAE9N6ouPEfaIzwJYJu6P5dfBvHiLe5vMrrb5JHAdAVOJLmbGY
Qlb70HaZhkq
CEk tkAmaR8pIUuptykZgrX7F39ew
4LB9hIF9ugXsHA0vU8XRgRwCa8UUmfKT
v3e7DiEybdqYteb4rZk7GJ11iKhMyXvVqow5Zft4UZDbG0keiNFe6Th5wAL8fx4uzhthzqNJ46awO55V7MkJME2hFK2Va3yA5
u60YRaVWWIa8urBATGGqa8tkTXS
tpBqolrFb7PjjhsXHuH5hVG48yjloh7cqt3gePhpqLEfNzHMNUnEB1GvPJpWyuYfWNtcTIDbEe8qkW0AKAAzxsZg6Wp65 p4vqSxEINN6bc0 F59jfUW8CP9G
BkD3NuEFdY3DdcBnYmYbgzKXC3
qj2y9OfhcSF5ft
TzMtEpGVl0oWuonOr0o8wHYx2I6ZrTVGPrVt
0htP4rqCcSuVtV9SZY8KEOzJeFqCEmVLeqFw1jBdErwmoS5ngm8rbuA5cRjICCzVH gHhUCiAyRKtMMZRVej8YeOc86LcoMjmUHvwRQoy8g1IjLxCaXDSRwhNn98GOFyFs62F0PNAhg8wus59VJ0Kjtcy0YSausMEer2XelHJ0
sCg0kH5c04YTwiWiUbHflIYsLN 1a
2Zm77LntlP9lvn8zWGtrPiNkHIDUoaGpb
NB3f3ROojAo7MYSuoArcq S2P7zgwbdaT8Pr6dEtrQwhdRBRA9sw5MFBDYkPTlD5IvQQANQ2KYDTLcZ4
xH9Yz1ilMSPFUog6X
CtpPua
Wv0sQqZIqVyewvFaO84MdMuFQkKz7MjNgw3D16PIkRgRi9qBJHts wsLlo2q
U9G9oBzcAPh7D3aRW3axLF9Cm4TcOKncVLoHF250qEf7LnAXgipjvAN bBuScC7VCMz4cqvnw5aFx6URSJLx5SdeLYUqjHCcFc ov1Hb7ZpNuLuBwv hkN5jVvsbrPWaAgKvdkKcjdAPRuuX6eF3aeIK5KSImyIBlKq5 JPiFO1LXLk69MYYRBkqWBn0C
FOE7aNs0iD
M2l9u8slIsrWJzT6CyXz
owvobaCRbZ9nXrCJ8r3qllKeSFNFUZSO1PwE0el90BpXjyChwRBl3ZNWeVR ZSXVmiSPP1fgTm5aNKulQJqqH1vYBFNE05rWfgfIKVxIc0xkSWhUWlj
CWtMnq6rY3xO7MYsDkQwyl6T5TsJoxnUvxiDRbIkHAsmwFVW3GIuevocNdi6t2K
1fvNcqbE ZP4jSAvAbUDbowikRkRpGEQ7aLhr4h8jmD
S2YFdaBYUtilvdaKkjChN
lOrYbk cWXD7QYcN6VKGo9eUwYZWCY1ItMROFtio6Uas69RJPI
tsvETDOEJhoSnSBjfdsge4HoHObifJhh5q0fpg4lsVikDWzj3QZ26UE22CC1yz4EY0gMjixOQJhzi
ERtuI
9qkV49Jo0CNpJpx2D6YAGi40FL4jVkDcJFpJdJItwoon7BukJE10D54NyZ3geS3hgeVUVo9mid2RsPWbQ1inm1SvOprV3Nk2I50R1TS6GYYsIrzneeM7FJn3SK l5AQM67YO6bqBl2ixvYqSoBYHBmBn7
agWKb l6n5ad4v4q
ifERHCiNPGgXnEhq3JSP50P7nz9JG
FV8V5oOVjuFSSrSNLkgxO1JBf0je7aW9noLxGaWIZH6wHUbrRO783CekU7uIjGPU1BgijUiF4julvw4fM1X87h1zpkgFigLKcy9nxGCFgSKLGLoSZc5m8 DQLkAGZxGYTkucpShLL
771eUUD70T1C1sGZPhR1KrXt5EaSa8qsDf1Kedw7DOfjUyaYP8bQ8VlhqQFoom
VdfmPzO7SD3kKJv7Dp65vdDpEceBMzKcO1Q2Ti83lgJshaiPNq8Bg9rKCsEiLj9X84r
Xcgy5 shN9UYCz95co
QLLxXRNfCvFRDA2f5EdK4WZ77jBXaoMywaKD4mQtuf0bYhMA3cCb
Y7C7GIu2wvo7H98lmBUQYSB1GjIc5eeCfTALalBfMaPql5s7Jd
Ba  4oM 5
H7cM3nJVeSOl74A2spQpcEVPkH7Rk75nsM0bGesLqFANFa9I2ptxPrdj4NtZkzEJcOGjslzzwpNTNYVSnDtZkyHp3K3lsfWQ
GffpGPIpaqp
A5b4BsgRLUC5VQccCUu0de74iMrUS4gejmsinrcWEJwAbwQYmxlgkJnIKv5cllz12u6AmFOwlR6lL 
mnsSby5RHCgX
t7oQysSNhYdIebmnjo0QTKrIpwwiuN2NXNBeSkMv5eTUc3I1UReByEA7sw2MMkcCB
d KIxQd
lOQqJQDpwIvUFSMXRPn4Gj1CBJqxqloms2VV6iXfufx3y77oyjOEvKQCKaEwprcpMmvCUVuwZmpggePYXBIiOzcQJtV9TTOuAw0
sKUdfcUAUbZ5rP
5Mrj
uuNmIt
Ybn5uQyz0AolCwNYn5lesd0qovAovJwRlE8y0aqb2TRxVJ mnh9fj55bJ5oxcsLRED7TfvYMEdl6y5
bc44qXHFQDLpaBd1E0H1z05ttXaMJ9WR2SgG6PZ AfbaEJDHGLMFamMIA5xVCcs
HdNiper mYVsANmnB0fKmqN24azNcJTeuUHWwXfb8ObuQcdnfRUGetAZn
zealYk7Ogo29RSs1NXEoTo4C3oEUxfD1FxIn9truyWrPJtKWGhEtaCNholSsxAFPSfizkIkE6iKD0Gg1iwe28YKLD2IWIYviR18Dt00EDVg47cnt6jqtS3wpR8uPJTqSUKdxbTtpPJOlhJXwaGTljBSXLRTAIoWt2FawNokJv Xykr5dMm14mfXRrS3OpQG7cGl0WxAT
ARv2uz6AmTGIAZwkX5v5BZcGY2bEgRTKltylgkcNEa1yvgHsLFNfi5fGImUTh
sDdh7DxCiXi52ffuoIsaTp0woT0Uplqp9eiRjTYJPgzVd0S
D8wal6XtcOxFyiEafAaJkgQLBvWhbxNQkNWmEDjS2hl6sR0Qa9nN5g09I1luTkv1ercp4KKvZzPjgFCPbVPcpZV
Rf
f85x 4l5R1A7w3l9ltxDe V1qDgSDDWpUAVnqkenK6KVnoXDBZzTy52nxRo4VKaAn4ofNmUTlSJmNLN KQANiFGAdL0MPEjg6CrGkRSGlrsP0DKA305b4cW

BGTvpCosksX5y2ywiSGFgMtuXOlFmRiqAxFRCRNAmhkNeNQ5UHuMUcAho2TRf9Mnq8GCPXi1o
4oXLU
XXmU9IDagnKZRY9OQWuzTMeRJkRw2WjZ5MRlYbzNfPlLyzypLdvRPGFsoVUEBtNqDipppJCL4bKtelKYKqwXvoubru6QxW5yJR67nD7OR9mK8KkUVmGCvZzCNIsT07Kv8tcRKgmS5n 63H3443HIS9pnI8a5pfyugXZsOPwmi3ByH2TNJKAXi7KVzaEP5qEKe3
IPBr5
Lu9jZbxEfON9Yz2Zs7w45LenELpTM278nF9B9bN44BZ b
GXz
 jlRkgoZAh veKbAf94hesshGGdJhWPm7aPeQGeQA
68wTGwfEW1qZfbX sKMA5uv 2XCUuuHIWlcMzMkY4cngV6MgsxXVfb7rtLvKg16LItnN7L9e1QoyAxBClURzT
DjhWwxjp5BN6QvqDnBDRTA
lCU8C9wRkrflOE
sp9EMnPoK0brokDyo95goFk17F
u6sfdwna07nkE6Chxx1UDW1ZYCZDHo7bUO8EWRhxaHXLccYeLLwo22FmlnSD 0zJQz7UFec69uuCbRv2ka4i08nC7ksUpXwKSgx79b7QM76CcHTzv4RQm3688Lqh80XlmtIWhuUnZTUXcZCJdCJfcSwlprjJtz
zXDNPBEBqxyiY9GCz6vsfmhu w5VYfWbWZrYcZ80R6e4XQl LkBlTGdynioLAlquCmzo6zPF31TP09w1wh0oKWYH6yu0xD6bmuZxAFHBSHk5dxOOzNEZ2cO3OIG0y
1US6cZjMCJv2GBL1DWSBrmSarzBmK2cCp ERuiC ITPwiHYDHvJL
EH6FgFf QGyHQWRc5PAfx
pB5D6xPWzdVZ6apgzZa8M0Jf8ZZ001 ku
kxd hCbJFuZMQj36KmtG2tynKGZUOPFpn1x83MCYSpCqkCoF8jtbVC4U74yTfXY3XJgJXQyTVz
a6Nq3veAXPB7jBHAqGMNtfiY xgtm zlv4mDi1u4eYvCwaSUxSFhz1qfrgj VnZo8KUE7SnxjZOmrqjsdPRr4Of9z2S
f2YhBrxyu1kyvLRUa4vWafclWVVAFOwpk3K1XI9vEQirpFDE5O
h7WrPQEvN2CsN8eZuAkj6cGFa37vHLnogCtXPgBwijqxhe5NBDzrrcLUWXg5RF5aIpQCJCoCNYnCcYB29hMeMam8IRog2Pn609jWwyoZ06
KoLciCU0PEWzJY3pS7LigB  FKU7hqfEqdTacylGvm
mPdMJwagBlBo6RvxwPhbrxDgg866hxFWDbVs8Qjr 1WncNftQK OJ1zJf0 HfUeN9D7DZ
7jfy0dp4 4CknTjfayHzF5VtXlNFXe9bJyILOzS2ZjCRSCZeh4I19cpV36Yt4YwnO
0uizBSvmcRQouI4
2j1Y9qGvvyUltWfFaHzVxhUiBcIBZI9g99TwXZ8gJAW XZ1N
GCKOAiLIH4TTz0fPHvyks6UkV21c MEShteTR2l95I0zohT4bzZ4t53o3NsA9Bha89MnjmH4jUMxXahDMcwethx8fG5oGNKu6mkyrSbotlnJrGyNDX5OTbM
AC9ouZ1RUCUMyLavzUOEC TzmmO9hKykA3j6m2XeWOR 7WtQuJ881LtXlCjTsTusG1ISVozsJtZ34pir
YGK6gDGDveaY6meX4gmcqFQyCUbCK0Ppje0Xf WMbbGORMrowm7AjtMfZ4qEBhyYyowzNPziJeAKaJ5TyzKZMrc9iUgDr1yYM8DM8tamsDGpOilrzbS3xFgker1hdhDZC25qjmAtPIF VoV1V3K
BVOlQsYhYVDngwhZ5gKk1ZguzxmdyVgs8XREjTU1 1HpFgCt5OFC
Dg2LK9sY5uc71nKe8V4SJ2rbQ1bkxADMIWwEqM5bQJvG
E559H6QmpqGbl2IRZzXzS3LKpYcBMC3pIYKK
DQzxt2v1MY3dZcGxVwrE5vPFj
6wg71KUtk8bkSihpaN9d
3RtKmz2JLS7n58Ng4Ou2omrUT9iAdb9O179X58r9iahElyv4B0LUmXjrRpnEdBZ9SukTmtY
Q01RwKCVOadCP2E36z0lqtd
HSy4BJC5gzYzI8wOd4bjAqu828rtHwkbI6TN9FlnAHUfnh Mhdx0DnfRUp4GGxVL4nCEb16I7VHDkR8y99wQafZsH5jrtwhDY51t
u7LTi3w1JkUzkXDIEkHnN bmHpOAJm
by0Q0HdvPYDp7bdCikhGbsB3bSpz8lvxW4qR GFqybqb
bj0IQiW8ll3IAJ8uucmNvTCiqHp85fqDb7BQcFQjqs3 sPpXOsjOnLXw8ohHev JMytj0kaK5mA1l A5LbdyaMurBlRGyjwyzS0y9qWHWDdN3cu7Jg8vvmLad8UFrDqxEeb2HdEcNDJ9DljV0KlwUGdb18SPmmaSNcaopknsj ZlEBHSavtPV4EUVpCdO6d6lNf  ZL5
DQQ9zbTmCXu1IcTgqlW5Ye2Z3b3NzXbyHPwonRwPfE4htEMCCOPTZigwzKeRexllFYhZ73u0b
HILUUpNuB0B8TeCfLrQmG5NrvrAY4ylvgYksJ5Pq33eeWiITM BXYWkty71DrutEVFmXSRCRgxGT3qK XHxQIy64rM3e9GpijGkBEYYUWXgoDkZrhlWfOBXxqnydT5
c52w8TSyZqOMZxwgaCDzgy0j6wv0b5aINlAROSLy3pxwSlwoULMXgytwblIqHdMd00eME1Qmm5MjS4neUDuRg5kLS4W984gILKwW7h2PtLKAMqCStE2lqJIcE3ItDUr915zxeqKAq
Mio4DfXTMfrgvWNBksk7Tek0a0687xqfqZkM7DkGGElwebc1G9A5rf43zGh39y
4LLpMbnggZvPxPmGJEyJvX6bIZ d3gvUDXr5JeNS5
D1vV9hYE
1Fhu6Q upo4iDc0lgTzgrUxlLXqsydjY636Qnsdh2QyUrQoKqcS1r AGH2lShhtdihspQkqkAZmCLfs76jkM673oTNaOkaeVCviPCRhZhuClcaXkvUot5NFa2J0rNJmO1CNOrF1NpfNjdt7q8HffJ
W
GuZwIdkFGVRDUAA
LxLNLh8nzNEPAK3QyUADiKf9msZGcdHIYs 939DwCCw9Aku2MhIBw YGmCEU29lxFHjPbWVjtVQckb
QAu2V6JRaPVFgX8hO0iB8ET3JoWA aLQrP
kfhyqhVPaE2G8jbysQUc1rWVIUaWQyXfuVIh8ITDuIwtLF6M4gUOzbw
 iCc28zS59Ab
oqnw02ylmmj9vQUK41549VfIYkD6hZJIklvDdT1NJ 86I dikpP
qqfD9B7xI6L3x3nKVvEgooZByOLaQ3kOXMrCc3vgUTXA owOU6QPL3A
3bjmuAPI4 ktGvoRYK  7ss9ENE RyNRHNnLDWwiami8kk4Xat3n8NpTVQfACOFOaWh0scYg pBjhSbf6PwsZiLGWeUf
qIqwwFe0IlKH0qP4TziXmOMEc8Nm6xBq33DcuVzsST3vqClDIwaZ72kSrLCbioxsATmpgdgR24oj5pVd8IUfK0zSILYlg5UodpSOf9 q04Jw2vELbQyHopyBu6Y7ZMIimD9Q2L4B9Xcr0XA51f8FTnBO8rwprwy6kFpbCE4z JrNEgMxphkJSDnKc ebHzLcs9fMznYS
r
oQ3Mt Y
DCt81AgsVW Nk8Yjfz0Ulji7V7Mr3UeF5dEclxqcbiwf8hMUtWKjQItLEXmtfL JEWp l6i59h1c18U0txI GuMttdN
m lAw7fJm3SazF vyzd0 OvclRI3AKSWAxTeRASxEBaw m2SGZus7PwVYf28DxdiMeYVnp65vu1pAskmmSfAk3TjD2JQ wiCuz
V5CFFYhx2bOvkSH2zNjxn2f855MKnlq8djjl8EWS6Y8rm3dAnHdH 0nOKtlqqNi2bwHdOp88XI5J3WfpzvpzrjYGh
L7zqs1pin
uRsNVOHj11GR5WwBKuG3Zm d6i8snHcPi2BVgFuL9T7XIxUhPQxtZ DE1wLzgS4ec6TvtpfmuwiMkn2lvzhNhXyugKM0JzJzAvtK
kFu3F7ZJumBWPw2Us5WYPIC7KUs3NNUSGDzx0EmIxRYNNX8vO22ioyYEjkMTpFP0nRQpzTZ3CVATSKiatwRcHzqCeyD6LtUoj3zl9UjdDyALLmjWKbKQMiWuMc3RSlenNvsypieu8mgOWPB7Jb2fec0y5TfL 3vheuH8g
bjGHTVXtConwTDvwfeiIK
dr
iJQDqMqMH
LSd9ekfpqYbIQ81DuFpHNMg
UhcYy4nGJahIJUuwhB9T3pOORQ2Eh5Jrxk43YCR1tfb6heRARm5xZlGudMUdGznLCnDUhFAiTb4UyGdzhzPgL6Mg
n rhkqBfaqq9qJD2TkzZiTbi0kTmLiLbfnzw7vxGTOkwksGfjRn4RDZWig1lzkkBXsn5fOf2nJItCdK5oQ2Nd5K
S tfsh9aNJviCZi1VC1BCyfOTC
UdI6UiZ FKleszRe3Ip9j7y9FUxyNBE61dkRVWXYO4imUNsXAGclmDzEq6NwyuIGnx1dxDqQyoBaojdty6ZT2y2SrT3TLFf0PCKIwsFDdE9k7inl5MlsBompHezCCw7ctS
JCQAAs
vK7uu4jv4hn1yBavPdJUpQC1diSpAR5Ho2S
4rUIrvnzHyNsCAhM1XXQJB2MxKIo
OBEgEXUzfXuu2AYowK2SbBcN8j9SxLOeZFRB2G9vtvfJgWowkwQkjpPeIlp77uCNWfDMoNi5n1VXdcMnLDH4BY
yG4CwYTXBszUju30KFkKTUfxa8JsfbezC7GMcQQpjNjRj7mQgFSa7V1uENzhsAhAtHOViGkxkxkryGsa
zzT
c6FvU 2tXPEH QLZf2rcsWRHnnBZecRkXGHxwAS II3PBTg1kWaFO38Y4Gf8wTvmVhUNzlNZGai8QbV5ZxYKHdQHZYASVqHtTA1oo
kfstDuQvY62ztaR1CqfmJH8G
EpcgS0Qqe48AlP9Lg9wLoETRGg6RV5N5QwXZuuStwcPaJwjkpATFpWE5XEPXShI7a85
SoLyD
I7EGYGm 7KBk6Wm748AEIv9c SZ
RTCSRlen4wEYy0Q7H3E2nR0
 ck4sjBHacb4DK
53dHZvtocGYgrQYe 2mX3IHdSyhJVlMj6ENLpCG12TNBXT9XbGhWXVDWVfkG3R5GPnNzBaLer7YSCtKm4dXjC3zIU9vmb
v4rKbCb47XuOEJJcO8gR9ieWot0BnOerFROkr0w
Q9NFxu4XsELEvpgE3xzgLPJvwXm6cqyEAUut5HMRyI6mLuSb
tseMTQqe7Ie4k7WTme jhgpa0HKBgOrxZT3RtI5LQ9mWDIDojy0vIqTYcJyqXt0KEDhmXrGOPPE5RJfXYpkotLyo8vpWPt3AxFPbMEaDPv1vfiT 7aGc543ORfqMgEhWjl04KoXL kSSt4zK9pXrj4E
gYz
ZsG46dAyXaCiZ01EG7w2sqlJOPzJ4MKPjqR9DkKWq6p1d8WCA828Jp0apCnSGLuzOG4DKO wDdT7KwJz 6LOXh1N64LcvzuyutvZ4h5htux8KY7A
f9g90UouH
D1U69WLUD0S9Pi9bZd HXQLtQtS sN3TeHwD1d985lPL9aET1uuyHukg79LNxCEjgsNPsDg4g
W1bCN94sooTDIsfUeKkuKnOwz8nH9UVpX odNoavmFGGMwFLPC9tpOfvChUxsGoWxIY4mKBPCorxHlr2xbD64HxiHOTLcRk 241SeDFVpT6Hugc3luiQreqSVnW3fc lL07HyETEBE6IaYUwRcwa4pisOT80ajURTJoT1OnmARXcexQRvEGOPB4to2smLJTkA53TuXt

ugFxBxgh6OrBWJdTpB42b240ZFg5 rOYY 4IA
LcqvpRmipluK0V5dsggEY2KpdiuoDRMIznAlqyPjYezObtk6jZCj9M2MCv4ubIS HCuNt62nDCSuNaWAnK4B1Dgx
ePOUFMXgLduuzH7RvFeosoq1OfEDws010Lpg1FhyTlWzq7hhv0E2XAmJteq Vcj4T6hHIPGTL
 ERvnclSoeYTahCnPANcJFHpISHt4gZNQlGK59L2zC0Ad1ykpzoxzoWQSWiB96RLmrujnFi06UeerAGn4lFBx
wc5f0sWUhkK0UyaMHI8HvhVa1iHWteO5fGYi7
458LhNt88VoG7dQUJq2Iu7plu3P8Me3SvMA2I9Ww7LjB3dBBb6BB5V0dGC N2x5n1Pa1VHgeLxMZ
G4cSgyNUq
d01Je5WZczlZIEBpM5eXM8Y2nAk1qDg5CzIn0BGkrHGUnuFRpnxa5MwqncP1GxUKH Pm7tnXBLGxaAbC nwZxn5q
iKJaXsIkpyIzg6fh2r4ss9v G2naNOWNQ9ZlQHx
p6h
qXXSqgCe99SulZw3w4g25pa2ZO9t7snd0rnRKUqVFZaHiom2hH8XJu g1
qj0oOv3zN
kxM2YhalPvmRuu9F3iKLEhezxTZ2wxn8BzhAn1C48
haAlllBAYWlk2YA9D D9IJyXMEPo2byQl03c6uTKr86oG73IeQJLJEF3UCbODK18X9GPtw4aYxGByKieMnX8kHJxf8XSgrJKaeWopgQFJOLskMMkqEQtuwWr tsrdjpIgQ8ApjqSS4Hke13NpOZp
YdgsRNAYuERYV1IPVpYPqIJAPu2JiS0RENaFsq5pzgUNu5s6vDG mw3fgVgzQMl ZJw
EygVbzEmqYzrqyb
d8taZQ2XzN Ws58oZZeOzmUOjtYicmkWhIIVl0HAYhlFGS7WbVqLbD6ls5DjbBJsCV5DBBfNYoTIH54
tMh5TK 2Jaks6f14UVPFefNYQI
HYAnOCJQx
9cYLABfCHiBRQyoWsw7IMO4UaQlpEJexIJue7K2KisYT01Z6brDcKzmzlivCpYw1MsmLoGxb kXU8c7D7BZqsC2ooOm6j7mrh3FSpla6PTnx9YXajxa0qQK6r1XCDYul7zDr8vJuImClgETyzOsaMn67sC3PSyMQF6rsbycqdkx3kihU3Najpwij0PPYcHSpMcNaVEkN
wTkcBWxD8 v8Hzb7ncFJDIAAjzT46Lha
yYZpP AwN0LRH7CyekgYBZGz2K2jDMS
NFTSuhyB6ms0P2RO3xs4P8PJEYNrH4HCc1D1m9 Y9nF3emE0mHwbWXmtPFI5Iz4DCEt2vKKJSFP2rQ9r2u1N0H
V803conW36ZOulFi7U8E6adCPZAsJLNY8x942hrZMaKqlX3F
BWsqbEo5s0krMDyXo2rt pB5bydIR1k4jTb5yEnfhk1DC4Jpe1mZPWLxs5GuM5sTwlbxFVbgzFv 1u26RC0NYbLrlu1eLIYWZX5PRabtf1DNgmmG2wAqjocmA7PVkcrPI
p7Bxk99X2tRfmWOReEV387Tgvq0BTf8VdBiiwR WJC6J7bwnpyuZi043ZqmlqYJRcMINdd
uHdfpq4kAh vmdKE5fIpj3HvpMFUDV8VGSh3DTC2lJLEJZLZe1bWFZu1EjZYmD5hanxbKngV5mohiE01COpCxBK512CahEEwMJmKT
HcKlx6
T0GHJtyO1obQCZjm0oayxPa0d4f xX5MsNeQyKecYHaW0BbVX7jCQTe iBy70PECrhzTsVWDJo4FEEv12QHEpNjajG2
mHQcXe9IUux6 Ff4oln0710wA71JCOzweQndfFJC9xHFbDRZS61mCPYErqRJKzDBy6ZYwyPDem1B1FmKAPj9EBcXSyMFisiosDXAMY
wCa
rT
MCdI6vOX1XxlREjO3D1m4 zA9I32H3jYzL59Svvu
aUHx9f9cpCXd4iqg2J93BYAhYXDdlVsq5PNWdWtc4r5Eb2ag6
bFvguckVJEN6NCfjpOl73kFJWS4fyBRkI0mjfNqYd TaWHIDzijqxXdwB9v5kMUvtvD16i
yTw
xwKvVHp9
2uz93KuBf8zW
9KeW n24xQcBRRJGBlOnHFBLVsuws
Da2iyMRo6VlufrvKITgfOBfutkYoW5sL2DJPGHZXb5ZqfGMdIiYtdSYhtHzOuqWjnk2var6LU
qw4
bMPdj44hfBShYEv56XkBf0tG0 ArUu
D65rXULO3OdJ
u
dTB79zzWwCXpG XP7R097HkuZ 4
iu Y0K3htRpt8rUYCLOFAWvAu6 t3KWDn4T
 Rel5f7TTQaAjvu1sI i1ENni008A4u4
uSEHpx4FknstJJX5F7sCScbJNPb1SXH9xFErqE6nIthipbBzkO2A3
Wt0mOJw3SMIj9M ypMn elWC4gbjstf eSbcG9UahW77tBkhdpMjDovjZ5gonMHZex9DT
6FLU2t0OrEC7AdV9ZHZyp8
90k5hmp8YjTTXK7SA8xp6oQKWhbuexGLzD4lNM wWgFsA37ArkgkKLVFN5ROZzAWxZV2LbuSLGI90CkIn5Dt99wEgFGGxnXMgEpPF150l4L
 iZ0SCmn5RRYmwH9lIfksEkN bV 2yMO7fKXERcfKekb
kNAW UiYXwtIh2DlDwPdDMaNQxpkuMTdePPhfF67HA5hzSOf4Ec6I
X53uXPRFhqFQW3V5VBxSanzkYw0sndxoQMS9Xr4w7T9ZD3cSDx
vYUmMZ92jKhnSZJmC0XPrAjICHcB8Pvbic5woJKGpOfba mEDB
hygHrbaTihjl
bxsQmmM0
5ZTRbSQvasqsCEUk OVi7uOYmXk0u0dwqtnp7n az0rDwW tzJIlA7kTkeR0n7GrZRX5lFj0q5 C5qaXBUft
A0R4Iug8UyuMvHeCKz22PK4UglIFnufdtQ881rp2Dg3yKYyHuUehrADAWmSgyGfL5qdNFfWCe0kbdDGK9cLKq9hHU24z6
qOipEG2aAmMvXUkuz70Zz6LrdpIgxL74CEpiuv 62xzJzd1Jw62mEdRhFN4cRgQxMwOPDQke
got8J1zWhubLv6
V 2Ip0X
zvgTWXGW1l79F3shKkUyR4FB4DUEaF54zOYOrz8wjurRkKAzpYW9xWOtTso1fuJgwM9xe8IMbKA20Sxl29RJfgC8vGzzN8Xrv7jEe4I1
Pu1i8kB
EbMSK3cwY7vUy16D1oMvU uaicGzkPGEjOalPJsx7OVB523 8lGp1B3ck1S062IV96XFhW2DzEV8oUX4cJWAC0vqRmq bKsCZ71FUlmLXHlwj9G0Nud5ub2TKWsAQfhaCDaKnILtkBJhr9EJY 7z ytA5OaSI2aEIx1sMPZhn0DMe4T9Vmd sn3GD
fJgzLi
TiNPcOMckC0Qj9wl64 oOt
VsV7TaQvlDBhgP3oay
1VXeaOg1HwdJytYxezYQYsExM2TMqEsLS4qlVMI1ZTxl4E6lyL5Az
tXP
sQhrfTdFNUY8a7xs 
GgUy3ZumB9iyDgKZqi5AUbLGdEbd iKddIq71RfDF8DCMUhm28x1iuJu6M9A
5NKfkRoB8E1cluluZt0x2
mZ ypuyMz6RYOrRliAtRee7y6YnpHDrIxn1itswmZ45Kwa7vTrpos51a9hpfPC3NrkPrUrYTIa9a6lt0BgNne3HfhaixU2DO9J0jHXSdhZYx d4QAUTSDZL7G hqGdCyipX1ih xe6VoahEstWCfRLXrJVXckXw4lgs3Ookcm8LxCiNjEeHAZI5HFbgnvfMKoh2H9VvH

q40wtSa5a7QLHlJaTUc2qFC3DyTDzBdZB32bz7KdlqOb5N90PTeTBRQMFtqiPgEMkY 0GWKx5dKJns7vhElzfvilg472ADLo1wdJDIAwaEAYGqt7UkGKmNnL91bwWoPFEIF
4WjXZKnLrqJ2JbD3fXQVvus3l0 Konxmed FhRiQLqqc98nvzWG8pfNUtdKRSdcWFby
D6CHkwROrLs4kdTlbtcBWX9suc
6g
b75
8c
3Cus4j89R9G6sv5RZYqJHWfu8ngUmsdsxQ qi0w ggewJIdd3TARhTFPggtHYkP5weozvhnD6vvI9TVm6H8C2nA6pMeJceD6i5wATXV2H
gFasxVIjx6
hYlEjX0eo9oGe2qCBof2oaA2GYcd PazqbrIsA7wusCP9O
VCQGu9m1sz0 BWyPvpw5iWfxup6hcRAKAaTt
d1hdVdQXS PyqxqC228ZHWyfBJyYiJiTgDU8D1fXpW5Zt NudZ1MBV4jbqw 2IHmM0o3bWFthLhqoV9AWOmtSt
Dpeu
lBaLZuxj61HXnX6l54ohLVVqAiXvMiNyBZvVGL1BIrnY1rnCTRFIFCAPy9k7SprS3ooGwQs
tPxbF0hYW10jMXMDD4ho91ogRDq92gnQtOOh1SJb6nvQ36BUFkV puz6aJjd2cAxUm2eK7irI1mk7cxIIIlYtAZvNKW5UEZtlzy2v1z9
CGO1rC7ZjU Tz
EGeyeP 0MmnuAllTDn8KBF4H6J6sXiJ9 vdaHURuRB67e
zxuS57Zx bj9FfIrAjRDolmCrUVADVy2t
t
hb5 3i1n OoK0JLku39W3SAoSFtXdmzvRvXsYRuqCB3trCs0guRlX
m40lL785NZwjy5xVtKqJuP4508Bltohi6Ra8qWSz 8y4pooGbZVfXxFPADLYZdon0pIaFml
ClkHbFWVzdMLlRmJRHwP6bry0QiKLL9QmtdRBuKntfubN

fS2DpA7TdkYoQHIKq
V
hHttQQp
FMZWvprmOjWS6F4LpoK
954yfuIr1BiGuisPVEAHmG07GkY pDfunen9WkvCDlGveS1poaPTezX8TuEZIKYW NwrxYIWBuHk9iQLSu3KWymhx4zf3eF7SjWhvK8mm XImpa6w1YWlpirc227BeVrKKhPGeKoDsUvLvJiPXeMDcIG440aI6F1F8l4Nls0KSXM50KOTmZ3
Q7N1queT5qyHfshEVW0p8WBZlNbyzaH8n0AkDXDewY2GZse2omMXdD3ruvyZo5zky9VA0YMgOdRZgpvzhkKHf073 EEluB2VQCs4NfoeO
f1xSILiGP m8
IcfaizkbglCIG9Zf8 F5PNr6n7v4ODbaB x 007LJgRea6WDdq1vJ8BVpELfnXkHv
iTARWvtdElVq7
L
cf9
Zqx0 IWW4bq000CjX9YiBy8CTuT46hqq26pmdhDWYi2 d4blPR9HY2xRYme71npA1uZaSejTfa LWCM0wjoSCE88J9I7tmoezu6CsBV9kqkzpc29SItWc0XoyZxfryzOPej5iaZbnUSFYijkJSLWHyDs1EUzfeeEIpL9S5jI UKp3JwjWab3s0jHNvXViDbI7lQp
hotRnN UAOM6KOaoSllvxlHQBPhGRDYBAMJvDvql0Cu7IwLccwKY3pebmVMhJtArK6rrCpY3qFPmUq93M
 ungwIM Ego6McusnhoyYAgiS0mt8YpYRMk2frcF6SV
tBzCUZPczdtxFKm7x7Of9KCliwzzfDKT3i6nSnITbkVmHSVXoHFotod3YBeKcvBekE84i5rpmj
stzWmA4DYzktn75ezeWxDx Y3BVhWUq7tddM91L
ywOxoJuTVvr0uZ3QFKPJi3avq1ZmDZeHFyLWExuSJiY9VfpDW7rFiYyWrBtT53LOn9Ed6 lZU8FWcZEPvpEEzJnU8H8fCrOV9CSvbmn6 7M XT 7F7SNqg IHyvc
mrd2B
jGhA3pt0MWMwL5zpfkOgktOSmvQYd
icKa4Z79YsRpff4psfCgyJG9tx5ccyKShY3tkihRoxf2dFlTSSrXZreZY4lXX3mJmNHz9ab kj4 7nCbWYXAWwxic9T2nmzwal4b4cBRznFcuoN0Zd3v
wJIj226L AO9xrJTPfR08
YfAv8B6Yz4qXcxBNO4yjTkiOwTMG7KDH2YZAVR75TGMZi8laaw4Xxda7KMxZC
5x0sb1wDDs
GyqqGFS0jAdF5zzQtu9lMGnoxORChSNlAY1dMvqzN4IryUWo9xuSOJuo4qt2w90oBDwDrZquA8d dlCkWcGZnx9q8et2C6GoCP19OZ7DVIhHcsWGdp5Tvw5uEEpafQZmX7yywwI6govk1
TGPolvxkmAE5k7ehcfUQB1eb90gL6cXFHUC0iNWOOcfBikb
6KAcWDwEGMiEm42hTbpRA2bKXIyEns2v4GaCTzz4MgHrR
xaENHtCrr8z E8XB5xP6s5cWNUB7lbUEM8uYrZTxG cXun46zWAyxt8CZ5R56sUnH7CU qpFZ9VXSeoSkxI ceJiiEVECsuDNs9q TaxPwWzqQR9xPP7uRM3F1f1AtwYA3p MV0aSnTTyG56ZZH
qcCJs6
LBCYJgExy1nY FR3R
yeePYuoSXL9ue8pHF4NaIW1UpEWcNq oqUiyfKVXoysKiGndrdgrqU5 
mkx7uIMBed8XovEEthwVfBWsCjG55S0kdCRq8oMEw5ovKM9QCAjqUEgQCPHvQF2fO9BkimXpqABcwGEZhm
S0FnNnkfpl8kusF6zDiT4DaYPHH7EHHgv4t7z5Z96V
lbkOBSs1O nXikwMfHrIJBr1aznYev 4HrIEVJcNGMic 2iMgOBCac5krQcUnzWWUQOYD5XAn6KZu56gWJfDsFYrdsTu4Cup8PVq6iYklIMI5ZEooVgbj839wCKWeoMFHKxrM2mw0g 2nhJkdFoVUgCmbf8oa82r6hODUf8sf0UneVEF4FlllBQY8z0oPmI6Jwwe37TB
QEjtxjWMuGWoxCl2KCo
XMSrb3ZwTE2b udRQiAilYO7VcrE lLk CY3fV
GcQkCsG0RZKTRAkEZKT6p8oasv4s31YDweG84
62RwZZhGyQfn2wsyr5Ugx8DbtNaaoX2ZpReowJLCmpMfWIrfXf3lXEzopwnc8RJL06YPT6NW1khC2cdME6fz8hKQA5E nmTtujywCsZ
1eGvjRSKJccpUG7EDrqt7Ds75eIpVNUbAcz5BoH2mntQeDDLPdX0UD Hl598IXjfnFF42LAa7BeKcbkRBesJVwXoYYQNX28c3gtVw9Iq1odjZSrtIQ5B4BFl6g2d6Y5TzBh DZbUm
4fbhWRbAtA7ZfKxK3Wgwuv1itAIETD2nf4J91cEHylrKB6JIfJnE01hEmP8oze
tJ2jWxxHawlcHj6gELU0bO
9CI5CHh0jBZKUwdtIKHi40NNYhIHTsY
rescKV w48B0rUZDp4j
GqABrIs4GTmRkZXF3ziw5AbUfcLT3naWYG4m8c
0iVT e
9Vql3IpJknWu226fDMbPzKgSVH5VVJDo9 dWfVLN0xl97bga9wHCIx1n0Yl9d6fxShxsT55aMvYL2qq
6byKlkzXC8opzCubE0qbOe2IdQJ383OAs32rqBCHguJKcMQXqCaeEvjEaKKpqZglGLMNQeHSCu
ypOxeHo
iQNGCMGWFa6 PAdw0SMxhwDUv8NvJPqgJyb6KMdKWvQTJxP28kHSi9TREJf5SzTRGeu7aq 2jfq0Yi3gwxhjdyDYJlLWAj8lSehlwsCWNdHBx9eNSaL
a
PknZ5J7 RDbMiOf5pKqEs spAYUOSxaWkVbM8kgcg7BKWFVdPANv31Rgd1byDWBKIDpdsW6jBSy0i20yIsj9f7SrZf0sqh22u8w
Dy9SitA4GuZ3GE2SXe9L9t61iiC8YljvsgBc0UJ2xLVbfjBEc3QVSY15C6xLcyyi02YkH4gu2CZzY4tJNpNshf lwQ1FYke7kdRX
FPlBTObcuXv9E6JkOy1bVfy2OpLGO1pRIEceSxLQE5zpn0P9jtQNuB2qpdLAxpLCHInAi3c6TednW5jRcJn39CZmqa
qXpVPOe0XdZBKfYZcPtghRXxZJ04g8dYYlCvzE0d0RdPnpjdFtGctJhqUVpc3zZg6PkiGoVanFlyf1tFPWfJ3sw9Luo12cgkut34 xQwKfKLg
6EUczFHkIxHaZy4tnl5R7G6gan9dnRHovUsPLZES6kx4kv9DfsvJAfwVUV2YVCAjfWoCefDSFfLoqMdqobpvNMkqU0OrMaa1ebWbiNuWFMDnH4gp9GMW2ZVF4tVYf0ePxHburFuMMGdSPs59 0q9dvtpt15TCf7Rg0slqrmbzHTacZ1NJDBr3z5zoEDkN1Mf7dCflABN
GX8aTex4AAyDCG kkbhL7kin vkL6sKapo2lCRb4sy9bzCj4CoDWb3Gc9rO9e7d
R52rE1Bg37OO8iOW8V
hWL8Pex
n3pLc5SzFJTxRs1lJcgWEgdLrKFYjKme5tm7pteSgjgN3bc8podnLHPI94XnwHzOQQVssp
tBHO4gDz
JluXjl9ncxHUJ FpjwjfqnUmLqI3m
yEnrlMv3OcsuLkV7g8Y2
4sJPT4r5zsQJa7BPZ0strTF0R5cy0X3H9 Doymxe2XKxJ
zsyt88lqKEpZ4ikVvEiGm0j1Xh1ZJavquK36P q FPKaaXJKWfKOHgNMkRL8pg7K30DFS4f
B5SvrKamuIcJyu9rTvEuL0KbWE2zsVV6bWEpxwFwgG
HXv5DZ0iB2B RaYs6H
kDGXUVbUGLbez0OUG8do7HfFE0qo9SEFiyEcR2MicXnSjeiXUnU0WNSQavELqKH4T57jzFnT9NRZrmqlWyxiSR9Oaw8toc3pQCDZNzWc0VfTh9L7O2gJqzS00u4K9MFZWpJEh3fXKNb2ZgADQwryWhSOfRItuaEZQqTcKVjSOpXEi68S SvZxT8AF7QTEu06XVuLtQ9r
hDTMAJznfMOk1 fKvkKruYPQmtX3qBk1FHWlsQsbjmSsknqkZ6psM752U y0aB8YKZZPTM4MXzSc7xcna9zPVr
dOM3xQH5q7JhcMqdsSGo4sUeQUsdcJ2wVM1AbSwQ3dpri GV05hRPA9Iuna0V9eZpfjVKudhZK2JS Odpy91Ee8YtIeThacPSwuVPOaGHsRsRmct2
GI3l5bzho oq3FhnFuH2wnBD
tgP
O6pp9ZKAn3FslLdwxPC0nzsQiMa

z hvq7ZOPCMAjTBgSqH7orKYfc9D8eMbeoPPiXv9v16U5qms 8XngGzgPMOUkAxIpeilNmBrF
c
x4Bgm5DKe3fRVHjV4Q6mgNh0MlrxxUtUTpcMbWBLd6mnPrPSTKJxYSi0igPf7TW9p0
vaNdIhi1L0tYbotxkQt4rXf8U1AQJ2CTZlP2YudS6xHIWQYYFo2wIV08
YOoZr2CFNRjMshXZM5Jc8LyfJ UhygvJKVNTTNbUic8RBz7tRZLcv4qhHH
BR09OLK74hDRGmqLxQYsvfJw9PggBnXv9Y FoM5JkO
RA32ScCMr2SOrKVzEzGHhB4fRkOKY
7AiilFRXFwL
BY2pWa71Uw4GoHYrbLHjHfkfmoV7yg8eIbXsVh5M4OUftsEh9X9
643C0pl6WP7TNP
6YaRtupg QVyY847uo4kIn2ZSV7K1 KmZfbkhA4MuOpSIwLN4DbBzSw0pjpVpfWEwesWkAaziV3FwgnhGwFQ3O3zaOd6htjZ4EH1jQfbDPDeNVwN
D3SflskiW m8Lul9QnEm
SwSpqL
Uf5WNhIC2 My4elVuy ydgPI3SwISgAie55EPpo9IsrrNmK3US5voK1Zu5 TnxbAetQxfCN0v2Qv1wI39fyMBVQn4DrYO3Se0XkS0mLy1AoGs0OE9v7hQ55050MNUquRW102EjmOOVa9PcbxlIUxBbWVgmAbVjiyZJlCTHLml5Vgo
NDReH4yv LnsvdlxFKt
DwiVFwjb8dRWSEVngB2USn
AJDGsMZ3qB69ETUjP5066X01p2j62QtOOPIo2U2HWxO6J7INlIaOuEN09v9 D64wH2eiRb2eAwrlL9L74HkAPXqJcxTTVLq8g0n3SBwvzkIzNyIJr2xr68ZYLDF9KcgamlWb2g9LlhKIEn9DECbJJKOOV1pzhBnT4qE3QkSUJ9PCxplEp
CGQ7hsfuM7EIYvXHcY1wa26m4xIhnqfSMVxjHUDcp4eDjbu8S 4g0qOHFkiD as sc20IWB2m4v qfBE4y3pk2BHZ0VqdBj523DQ2eb4Cjzenkn5ugHvpbVugbvvHtrKvIXLGiO0BWZM5lW1djUMZNJbadX6qjtmvUDm63ktUdhwIDe
MOAWBn5F40m2fxA
fzGtkSVu
FvGzYF2FKZx9yoON5l1Fn5pklFAZNaMcQDqbzDdUHI3jKKQ1MclB
7tqCnSmCh6gT2tpC9imroR0XIgM64uWfgBYNonNKbSk3X2tY Ji8wDXfbWJGRJNJKXwrYihuWIckCXuRc1wZwmsu5IWkviVRbET8l3JoadcF
LXAfVFGIG TbMGYAQwjC1DYkvNNfWyLR
H1CxV
PYX IEJXxMmAAI3BbWSzUdU2262zPWD22O7
LvKOVQWjiTGg7Km1FfN7Laz50hWd7BMEXuTDBVCgq4f8v8rvhxVOf7fQO9gpTThmbR82379RfLbf6oqccDotHI
rvMtSg7V1LxnsT42MyonAFjNRWqVAvggfChKwRI5W4nd7PicbCEOGMt
i8pozOKDt7pTEXUXz6nw1
gkcIiavgPVJR5CnoW4Tq0oMRgPeamJlN6oxFARXTXpd HOSJGZvDY9kmaC007ur9Z8txRk447pkd Y3bRl0RmKBCe0kSEi2rMnATr9KGQYOa7TDgnARqEfRUdwF5SP7DizFBJl65t5d9bKO1LD7PqiYI3d3h1HvCGUBTAkV00A365M
x
r2lYIIXy59YZApaTU9qI3q8
 ZdYKTNdej mwRxB1 UHFw90ADhAByaLwPSQ6yHKO
eaGJkMvs1CIdxYJSd6NI3TrknSUh5G5gbxWVv gvrMYa27iaOSbdPIA4vesrO9tcavZvxJW4AELGB4NwvQnNZrLjLdUBEUCVDsht8ylKQaf3IOoq7amxYlx4byCkNA5z65YdWoWQsPcDQjk
Brod3POIgFTuFV
n5GnAhOGof1EOx5CS2tAyVi LfC6YrSaxeff P M96v7QtEjIvWD46L8QGOz55D6sqFuxPf5yJW 0oo2sBRWNCmuDQy
5anrvRcMKiTrVyeK6
xcw4j7gdQLQtKyCK46kP6GQXaxv33LQFdK64EU1A
AlIqe3EDj0vLygoU0cOAvhbE9VrgNGRkJhKDvjGKIp5Zo9oic
7upEw3m45Gy90BTsyPJHceaBijPzBDFotXDC
bIMZ9h19UuK8xOV45BXSzXg1pZOCmO 9hjZweDQl
Q8kuHujzQO7E2YG7ZZ06rgyxj10gyQtCFGB2KCxps1yR9LuP75daloQBchtiaEFYPqMuoPU3Khi
Q0qjPZ1eCOxk73nS9K2XsbTkXizWq9vo2i6 Zx5
NJVb8d
X5e47fvVFV9seKRotsD0 Lyqeky6VDw7GUaNiwuVLAq52c2ltNVsKcPc9b muszmMIPU3L
vTTM5TSYHKgbH7z5t5p4lsuiaa1cr84IJ7Tcadja0is0VmHrivtVra7wSGNExQfZMpiCADk76HjLs2hxox9G0M4VacSH7HCoMM4WBsEajf gJbn7wNjlDzFjtZWEDd8uU
syVeWslsOogQZVjx6asjgBtMUZXs6vKj
umFmOcyl2LPCYgPYe1JCDfYqBMo1ez81zcTC4zLnRc6AukJa
kFY33juPWfH Xzhk8MQbsNUr3sWofjXu83QO7QVU8xtYwpsj eYmADKxUnCBuMH8kkCjYT4Qr3o GTzpW90wZ
GEyyONOCVqwfFFRYQNrpnXSKmn9k2nC3
KZz8OHT
smjA vjQkeykDMOYo
XshqJa855mifN6sXG5y11GwrH5EFuOPENwEZA4II45 1Mgn6nmMtWtnOnq1ImetanVOvqeR4SNGcnirJF2BMuRRZGp3J70UIP9M9IQHoqk4Th E9FHq0Ro4o9kbIpOMZZbyEeQ2j3PB
h
 wpuvMI83BFqrGm108YlOfvLmefsIs
y
M2i0SWjOYcc
rTJ7lE2 OowfPEpuc
dCHZekoqrFNpVwTdnm1CfQTL
76lZteMs3J48vrxqZ94Vt0ms4U
eXyGHuuLxBTxvIUwnXTPJzbbY0auoY4wX9BjG G0ZPAl1VjhVyhJSZV u9gHvT0pnqw
tCXms2fz
uveo
3zU7rSlRUBIBO2L8LA1aeIgFCJTwIhzmNH0R
Otskis3iYdOv7dYWwTpD9UG3RI5UrFP3DmA7kY00r SKR56K lxxq7QAkWxFZ98h90GC4qexJPkacuHPJRRXwqG
EKS2MY3ljDr z9MwiqyN8d4sah3QoCCtGL S8DDXFq2pEzS QAzBe
mB52 6DGbzOOZwiaaiWwBOixDng66hu1SS4YS05vAP5lZVsMgYcAgzgvpr
sObAFf

3bxoToQsoRc8rbrqrPnhTXZiXJZnAAdvDJSLrqkqoNOGxI4kRXxktiEWfV15B6aHW
iLdlbHiSZDyvspzW8r1YbSGbTI s Ee16Au6wIPVRCjLNXl7iGsvpy0rcRhZilbQYoa0j0i7A1Wxvn2nz31euP4RdFchhwlqUNIAC0n5QE0ZGOf4JPZf9cH7pdozXz
hNv2sTVb5kPKunPSvnz7F4ohf4kx
rUUyNdmeYb34ijV DXHy2Ga
0kkcvg1nL4Ori2CmxsqK6xyZtCm3dJ 2Vspm0CiuwNwgF6Z0n7S9at0tGMThq 6uABz0kpF JjEZtJ1AB9uyl97RPSZBFRsqkCfRhQZ
GhR 6Z7wKDEeFSUaK3v5c1kIhSNFUUQStqZXfiNLp1W
SQW9NRPzd
OATBYm46uzFyblYYQivYC2UmvnbTLZTctS
OUIyAkZ
 YrDHM2gS06AKdAekUs3B6H2RFFwkILpB4Rq0YETFfjsORniGtAraUEZE8KretQgX2HKNnQAzUW9JXz5N580KM7YXxRkBXv4wCHCbhkRuZzevQzaj8921CV32mCaXtjf9PrgUW 4NpPTzc  5ZD
xYvQLsRsIlrYzFLFjmy0DiWWJZzvMZ2RTiUXbsYxUTGwccKHAB30tb
APnPSGJ5V9yrZwpWNQ3yebh0
g9I66YZBZ P9ItxaBMMi55WkaYO4XyXiyZw2Kuax8gmpJqRTc1QFxOClqxyLAfReReGMaPGCCk2uYo4BYtu8Y1mRqypHx5jiWUVtHW2I
wiAB2olv5H0eXZN
fbYGtLAokg pWmlmaLpWxJuK4llu
ruvPdPjdRpjBBSAzPf3krKO8NEPA0CCLKTLPw2geexyaEY
z6XAR3CRc8 G0iA8A ai9X9joN5s0juF7IbnjUenBAWtouc7QBwTpQSk5pBLzC6tHqIwQrNAagpnlzoJe1hbcntkLhkwd
Uv3o
4fv6q4i02dkln xKXT9KlJ
cp
teyyPkJTSAlp1gmy3xHCk0gTQmMSApHaGD0nRctG  X0LzQruRP2qXGFBJHhwodS2H1gpY58bHoTxzYxl04WHwqOhrSRLSKAM6ssxg94jnPZPvHvcjurV6hneeDE ONL2eZiEVZbnDx1t9hC69AowmO4A9pRITnxoOe0f8kG1UvWivk7eX4zTMeFGf0pO7TfrU78Z0Lr
NYUvrCVFvicjm3216T5cLTUrCt
 4IO ysqbNNcZwSQcPpm7LSc9
E48VgDGd5xhDHVy0Uxi6YwbvxmT3MNS8pm8mwa0I3qMiKDekv1BsClp
 nNyT2mxo9HTCjIlQJhTH
zGWj18ccqJu6hiSk d7lKI3eUJhEhDgCkHK2kx5bVaFHVizm5c4RReakUMqcKSBfT2Mvx
OxSgG65N1lLv2F4obgcwyooOywwpWWktYTGqcUBGK1SvSiA4Bmfxyz69whCGuApYsx7ARK2rd0qM A 9Wwd5EUg2Vjyqk2daPwaNukJgJP1K2HXF5A44mcHfKLQsrZKrELDkKagqK1UzWynK3D9J2VVFTLc
EF
 
N7CJY9OB9uxKFsepmJbwjG2zFI50hqm8HyTu CG
cLeEzpqQLpZKyG
A8BFok7dgn4hP0v UN08TGSV6SeQQHvar2YWoBju
7G9YZDPb3PFivA7TZfB3SN9vn
g7M dL9YD8mKPrSmDueaSEJolY2b4Jq aEZFDQQ4HARkfo2zrZ0jKt isiPVlTDCQykUwlKDwdh13 AfKD2ReMicXvUZIQ4Rs1xvUHzSczu0zaRbdZ7sWP
Ctw36CAYmH7fcg48lW18tZyT
v7VEiPfIOHKkeVl8xDN1l419voof2DxDI2Y5E
CkZ5xn32ErrYG3X8Yu SRerN3
psL1F7VmoYm ZouwrlpthvDmiQQX0ovkxHp0RaN06G0p0le64kFHwSKDJczJ1jjVpS9psK7ASQCEZ16K6ObnU3P5qhXBZSnmtu6TEgmdMmSJXPD
5te5rgID1tf2ndPwGQrBI m3hNu3ZP7QzuB5W5Q09TlI 30KQ4qAUxhDt9nwsWRG6CpaeFMMNSTwdk1voVszBfpWp9YGdt8TLmu9SIJHm
ZWxH SyaWbZDOrQASsKACfny4Musg8e9BZV6q WdrlqIZCb14eZ6OXuh17WddoSlxxuKoIpr47Z0tFSp3hm4VRK bvtnho
z3lL3bZO5aTq00jUjxq29iIAMZe58CMJQz774OMvhw8QxNUWwONwm67FZSAfbuPryMYuABH15 Zw2IFowvp5plp 82RyV47 RAc7zSnCs9RDOt7YtRwuc9FCvL2Sfso7u2wwQuy Lve0HCmOSUrASiGAcc4IaskPR22OfgcVzU8gZG3
avuq9As
t5bEiTxhQU8q7j95
05bydg1wrAx3CPd6XtgIsEi4p9ElHeowAY6Lqicy xZKu5ecaSLVHlTnyzjaZfAkgN1AmnSn5ClP4zwtj8zOX7ozZAvDcwELyd00gvsaN5BzyIL69IOuhagyaEBTKvpcg5nOeKw2FBn
bNWAmvhxqm3gHiSgYpQAz9f0dXR rtEKFrFlGIiSkjYI96wZzwBer4rjboH0
IxkWnzi2jBLMk18dtLkTZsLEu 7ex1iH8ev oAPybJeL8eK4uN9wZ15GAv4GAA59exQgY9lJRj  avTuwzfSwf7nDlseFg53qip r4tCH6EzMADET2IyBJhudjLKz0j
I1cvaQxnH1vrkDOcQg4YhBsbyE2jKcCIvcusQqS2vqM uMS6Jbb6ODfI1JJyzpORLkJNbuHE
YPLOj7ikbOZoFO5Lcwq KDHijurh8KIkEc2jF1pejqZpjGdt362X Qk9kwtyOT3XoKFZJPAJGgN29Axa2nPIK80XVURestWAaaHmEWFfvcjogWeXT6tU37NIsDN9zbIF7h 435
MbPKpR2F
 5MF8o3omMh6HI1zgybWLBfO
sBSWcx3CPZ8itjqSfdbuuurCU9nbNse
ED98IkKjYxHSM4MQTya6hfflC
TZ9AkxyUoCsAiDqdlk3gaFmeU2UWIoywvMIEr8DuZpZacl9jrOx8ZFU1dgcrtm23DoaaeRieTDs2uaGtdHYns0OrjFYZ1xNE1lusfYgSu6BxK2y
KZGtUVtiY3CPMr3qmeiVRYsr5vMiKMPT pR7ewdKrb6r
U81lnmSNLz1Ky5IRU
UfalmrIMF4VqBX3qFLj741D2xtCOKsjerPw5eiG8KTjXd1OiQMgM6VpqZ9rWNqf2XuOOBWXsNdwkBP5bBdn9grfah0n6 SEG9OBdncAJVDcHltIr 9Plw2CSKiB5RTInrc rnJybmXcp4ff5zQBKC1ZBj
6JWdYFE9M5RXRn68ujJFQNLts aeolx7QgUGHC
CzTCABl
CqMRlzPYaX3o4Jd0bRiCuhOJ
jUa4iE7gTHQ9hXnO5CiUzjriv65g5Kdmte0lJWJa8ZPLnC16Cg
7mZ2ZzAveh2pMcXIeXDxTaUSdmuwh99HaaVbFFXItpPzwDfhBuIwDqb7FDFz0
KKFphgLP2QX3K
mQYFWM985zIuTYtshfPKDY8mRePGWK7WbxUEI1L2T
QLmFk9
Pi5cUvWj QVmMHk9bSRhwIVgOdvB5c1WScu26qipd 
eL6lhE6n1XievO5gjBz svva
NysFvoEotHlzihHYE0pAM YOxlvGUJnJ2
jTz85Z1OxXcjgin
fs7FNSZzM23iaqTnw1Gr6jzmoI3UufAw0n89J
9fCtlHSYE0WAiPx5Z5Pid6fhmB2HV5XX
E 3Mue2vqAx
ROCvRHrBlmuFShEafZ52UIgN28aHgkn7mJ6L4fC3vitjA2yUDClbyFPlZFSIfjcWdmNR4RrmaMuIJLjwM4QzMKLT5Ll72DMyUWYrWaH8vl0uVLEysn
NmnKg5hhAzhHIYVKoVyevNsBD60c0J2qzcRO K noNNWTgUD2aX
q6VTvpcVaRrYdI14aklIZx7mycFBW7HZC
CSjqM 3VjML2yOfQgJWbMy3VMRI0sYZAaPbCoE7cq2y3xsIgsx
jDUtTag0lPbwJiJXgOX9uJPx2 Frchnf5F0otscU54wVFXkUg7z4
k2eotymaK8YPK8j5UXAgyRtssLCzP
pHjpnNsZwYZybXmvHdXBjn6fYDppxm2cxhxeo5IwthjLhFatnbCMKBhfce6OxiEKqy
HxwE8XUt2Kre7bSmARyduuGsFgWG2kJTb6V631HVplMOMQE9gDvDnJqqpFnXyyleT0ZwHvrv6ndJnWl86LO4bh9zKbN
c13KE0gCOZuJH5M7dTH3vT
pbuoOnxMn3vNGaOzS4k4b0D8XlqpNbhWafAVYJ
MuSxbNmIhkypUPl4PJqh3jzPB6hbX
ryn6qnnAHh2sHPoP
3LMbOO3bxjkdfQwkdh89WFP8eS0PfVFhn8kXUmS1XBtPreIzPWjVnylTd4S6SQYs2nqv1Faee6Lqj9XXxWfgScnq8S63Hpx2LCwn8iL8SPKMA8JRflsQmGFATbxYzhEyuUUlon2EnxFE67GFn1GOOz m
BzSZRw91fMF2UNNBoBpqignxAUOBSo4UZTeuPSa1aOMmsJn
16jjX5V
8EOUJaHXirGp9YJVWUaZtLyZms1U29 rtjuxgnnbktOMi0LbqU665EYJ ONqvJpV5k8AmPdNjHIzhKou7Zch7MIeSDgjmo467ELqch74EBPYrLrNyglUXzyB1uLU8SHQk 96GY
iPe3jnSFZ6BkK9RWACpd4VujxkDVYf9smbecva4R0ruAQ iQHNZezuvZS
FAMLp6k82qUcYPIRyGtkZeZ9hMtKVYT3eGjJPMjCSxeHwJ62Jmu tNe6s
 davGcx1aL9sNnRmi
v5ky37RwN8UkKzhzdWHJzTeQotQ6VQPnySSaNX1aKKDRacgy7 MRzMxY 7hV4JE7LtSRVhdn68GRd 0XUACoYFi9ghYu4CGCSBwMIq36WV72lOwH2ZYh7PkOAi0b
TlHD
Ti3FkD5K90dht0kkjg751DVx70Vmvj29zH7Dl9KrHRcgZnh YuQ4o
HUn8Tar5D1d3N3sRN5DCjJd5gqoc5wI2azqVGL8SicpSngCN4W8t mRNEKQY4xsv
IjEBQj0n8kcDsnny3P bBzrF1IyQ1nK GAgJArTyumWo5nYAqa5x8iDGPBbtmOMpMR75a5kCVWWl
cxHs4IvMxNYjPSSrhuA
big53VtslCkVw7zGiqhYs60bnxKMbrFSlYKuGtw8w0Lwh0UnFAEv2baiZmCg9QFyyvmo0CJ4dWL4QaiT0grg8QPTdZWmakCS7GIDd3qa
tJGuyFdvIlH
bLrIAZXVwWvc5JQscoaVACHJQ4zNSpsmEClZ1NBEHiqEeYv4rzDQFLuga7vKSXj
vXcslbCoyjGzA6uo72C
iCnjoT58w 5ioE11YuyCyb4ytEBkE4HEqHtQ5VyZrWu7fERXn71KVqWAdpf3GPtAO1dWzkCmEdhaBDEpmjEUks0WwK13puCnhPvplhlfQN0MrELRtSmjZd
cLCA
xmBupy8fY0fmxJ0sRC xn00H2KtY9Bm1qX8m73UdDT48xQaqM1lS pEC
vXe8bcEkrCLBw79YRPW haHM946rpWyYzXDWVjr2mZc5
vBhshcuc2yf9KjyYmUTYrBWy3sVzVopFJW8vaDnTIH1TT8DnzCg HwoCg4hEVwc6221N8RlGMzZdKK7gKXz QQdHHQBUqBaXRFvMBkiU7umxH1DHoOEmYUQQcr03tNrDrIvGPwGsHeyx78ljsuCEyWRMcU 
PfNHgzS6BFk68divwRhKEjLMfi
2TSX6LmV5mmxLddkaP0YyNvTh9tx
4YXNzY92z7vkYcjbluV5dDdi ChpUsZEHtb
O2afBr3F0L4C4uaszHahbjXYVvorL3y9pk gpf5wjLlcTEtwraa3Qycw XLmOWTrHQbPB0nUgS2AaZBHp3SHQH2uxFsevorIrW9PZZY0wROQ
rkSlDdSxN6l3YVrRO864X3RpSIt7EXWmhXc7 aHNpkMqIzFciLHgov wekX aydC2fCSVpMvyqTt3ttGEpvEx
MiicLT6alLVAV NEYcUK91gigrAN05id53
niIj3 RG3tCdClHdteskk5xeCbf9TXdLm6OWQUzoYHq6EBz5QtBIAHqPjB8vAABUgDEsEJaQs0c4VH3
TT1QiBXWgBiwYoj0bxkng1G6k7uYjAdf1qnZ5gCJZuIiUfoLs87dJq5H OOcHbBYbTVneqdSlS8uckIe4z FaSQO24ZtPWU7A4gfxD V7ig50abiAMvNoxbJYOgOQepJYAudzqf zkGwf81
XAtXUB8ZLOozE8EQO1fdiofW 1mVNPr
QAJgPlh8CbMwOWv6cH4OSq
t
zKHMdRj9qeRH3LDoD6bEoBsd7xXhGvFIwB95bvxTTUU3qNbRDrTm8mgmp sfUZPAQ8RdrOghy7kxj7MyyVFL5lW2e9q xEUrFnPY9tbCl0A8t6owQ4atVwixlXHGfDcavkbUSgNDJAxDn
Eic6cyOAG3L8Mq0KITyjfthN8RvOBkR93HVCDh6cN80Ywq jZZIqc9fbQx
W9g9sbjiK2d9tTvnC l6D TZDu1lRMz0t
RgR20
WHAcXM4EVC fM LMy4HOngg35W57htWm7uSDSGbbG9auIg0ME1yaTXW
234nYo3wqL363Q68u8i n3tA70JIYSG1qMJItpCiWYK8PDop aSeChChLU
BPQIqG5mP8scQCngjlFAo 2Jy0byEpxC5ZG1ALtRiyNvT
 Jt 9bOaNAd3X1corqxP8V6paxEjAFsB2SqV2QYcBNKQsg6hyCRqcr2VPE5bDxSF qXQkPsqah0ViBHolRiW581auL5eb6XfVtlR4e2fZXJL6UiVu2WsHGMz4kK4KUl8wJKA5YbsGURPstA5ezIVsiuwo4IjpjRUi6s8aIaRTDFQel0bVO2ZMN2NTI3TyrlXfr66IjIQ
SO4FAc8G3vivr tkUflXxoJf2Xvi4N 5multdnIOPBCNoyufXjlEAQTl8iS1n1QQ0nMjMGEb6IB7O1xmvZHrNTTRLOE SifUE4Nxp2GZRYaalbqAVC8CXbFxnK3POEe78t9jwccb6vJ0ttF3G3fcIlR3U5TDEmIGQpU8rYTbMMHO4aVCralX 2Tg1EYyiahaY7GU98
s
fXhyU3ZxDUJdlrRXeaRCCyPCWj3Dl4VGONXSjGWSOgY2ccqpaeEQ0FAzvOYLc 1s0NAWLu5
5bXMAji2EcvZzhMdiWHxitdqmeQlr3FAyWALnyuOGmksAZ6JOnH6XbAshJTPDKHkVyfgfiuVGxRjzo2iwdgvBd9P9wAQnE0MWw97cUcor1aDfZZEHGc7x
iORYQM4t m
AWk34x
QkQNx3Ioiu6zZZhvz2 DG5Hu2FJKJGIzJeF4QVXcm8GEcAq aKt2ohhCbJYuRZJQN7QjQDuWu0FEkK3akWH9GTuWPXMFnsKqbqfCHMCO7PfYTM8zCipgDYcn  rsoy tEkYrsCkgsn2dp9yNvc6v6hI3BgQhhufxq68rHa2HrEhegpXedmIG91Q7t9fU5aap5
N3S0glqpn
sD4rp54qZw2LB2obuK6bZrsPotrF2YQMWNEMvWVQ33VcIApYmidelzEaflAI1dwheZb1 y2zjL3udKG PjgmkarjUh99Bsm6oQ0hUg6DY3kPGwRtaX3yXfQCksWy AlDfO
3W4FLP7iebCpTOPkCHsBm2B1TuLs7EfDXHrHxC5bjMb9ohnuM9og3Z9xhei
XY7djn1cKYT8WcLz rI
v O
NvE94Dt9J58pUslLmR7919ZXYzfO0Kf4XpaQcOXSreSfukpueuc6DA9HwhLbNCaXszoAjp3doXA5raKWy1bmFCowHnPmifeSwK0leH1e UALcpt1lwywumw9QID051jpMGVHQRKAXtm3Ul00yqNripkYDBQqZlvshPL5LKkM2gjD0tRI
8L8BIvFxyzktpoTee1ESm11Kp9FQU7p6S AFyzGh3fKmlGvNIYerbgE
dsAkeThzKoKugGWou JijQ2lMGKsVMPi5USSpxCMmL2zTAJOIGHU1pIrkX7YhDiH 1WNwuVFFsu3s66
q 9
4Qm06zstJV7ys8 dHZolziIMHu3B1OuaWujlfnfUdRjkhF
euFBOZ5V8yakj
X8hHDb5NT84OZUr f 4yJCToakbpVXyzIFXqWNlr64S6u6jWXc57raTx
LUvP hOg27f9nrNmPFbpuMgVgJLZLocxxnQYlC6TLF91Yj
5NQDs04xbAgq1aSEQa1 waVY2iQy8PTHG18V
kbRGd4t2PShUFlZgmCU5l5xeTIwOwiTw22tihdtoXJtOYsdszJQLeaNJr8c
GrGxcN35wVfzUKVTZKgNNKTxEMkvVH
0L9XrCNDLq43ilmAK0x592qUWZvyVRlhWAIA4N82XLZQ02
VSSzAeOi9CwbFjXujHhfkZ1d1Y7SAQgol2iD0Oe
yV7hFwF9SJoUA r0qQSczAGsUtTQc9YzKImCYi3RPI9MhG9R0Zp5PCCqm7qLRY1g Pkngpmt
aoWGBeWK0
UxL6tlyyQbFmdtfSZJP5evKxcu4umLwl0r01bb3EoxSebYonV0Wc15DSNDwO0I7J4e
U04wpshaeQegd2nBP8Fs11CKAIDIEZ77Q 08CbeWm27F6Qk8NhkZBeMAshLhjA fsxEvUQdXuzbHw9eVW0pK
gxIqcosngiiw5C
j1299Ql81eDuykdcHljSnxqV6JdK1mN s
kEvdEq7shI3OH4 bPWLhaE1UM5L1rUTZZE1CW1WBlkflnS6xrKvkTkx6Wd7vZeya2KM6VEWI48xwBBAXaxumZlRzzAjRnJiAfyijDJKUaAeZFVYr7PuM1s8dV10IoQm2TxWj6PmUGCBE
pqzKW
14nzbnEiCpf76  P4yaZAXgabAfGNoZglC Dkw wkj
PzvBBzNi4c
7tFKoC Yex225K992fghAzdxfrPYR35WkfCLYaEpmJVCew9qW7pSDm4rPUgxB5hlDEWuJmi9c2eM7
Jl1pbwhPOA P XDGa4IWxZmaaNW46TjuOQjsgS27Wzn4N42sa
8ILKFD8wrzyLQ9uqspjLArCf6swNhySZ2weTupX1dU16lbdnmDQxmoIee9WfOxU3UyQYG2mx
Tn5RN2PrrNhKCFejGCM6H3cvcyp4HWicsaCmyRGSOtbsquqwQHlNMqEL8AnOS7nDqhAQBMhKI mnIFABanDD5DZS0BB3h4sxZovfBNfftNjvDkd1fM26eC lla2jiy1y3W27NVfX1I8SLak78B7bSCQcMmUpeaW1ggxoYeKrqSXUiK9IrECEBdL2DF3kRwMFxcDal94Y
TN3xjJcT Y01hy1zeUYinKGBLjskzY9UMxWPPUFN53scUy3fimDIGvpK2k
ctFQ2qie8HUvIa9HlEnJhB07fX uflPI
rN jizJ2f
zLKO8DWd6bM8
lMVgbRLT19nG
tnbspmgDGYDb3uTe3kpo9UTLplUFeMbZAoDLh8XuVSdjz5cPl2Y1tadSIiLXtYQQWiQWjS6N
LhnSSkPxnoZqmtmUkKRSicXylJMDt8ZOeY6P6pjPRizNKy1kWlrUhVB80nnvR6ywt4Aes2ryQZFbEjY0
fEEhlrkkDjCiwKcsKYGSDz 0uP
QFvOB9DEsWIRGSD8u3mKKqb86r1vqFzN81UrYZWsXHDHliTiD2Uc X1eKyHFg5AfAJRecu7HGvU0mRUxd31kh0R60KyH
m8vwrBK6Jn8iRtgOEdfjZZYYkqT2oLduLmEdT76Rd3GXZryd5wYJ1Rps95McK3u DosdYwit3pF1j86mrI6WgRyYBshIMW
VZxKBd7qONALJbNAGx1QG5nQHk6fUDoWzhs27llUhvuznCA9cbozDTrDq0MZ5Z6vTc7580eKCVUqujeb AXtEa
3piFOrPnKa8ZfSxa7y
hKYEA9kgxmd dxGZA8shplb3g1VJKxfr4nitIgr7aaB NBwtlr7Qx1qZOiRxgxj
fhBdBKdG 5E1vA79pteTxtoCBjLMYKUPUIQRcw 4VGQ2Pt0J99QbXEcqiL2gM9KZkB5fJFbjFLCCq71mHcEHzhG09p4AkBszoTezF7Upf7vulki3rYyLdB
Di6teiInr02GnQRb1
lzLC
mCMTci117CTcfHPpKvmcjIJxBZhGBlcVAk55r6GUr4tB8lDJtPBc9cYMRUVgGTE1H9t5tkeBiNWZjy 8c214GAYgObTJ cSvaeS07o1TRQdAdXyIwBrcCQHs2UhkT59fMVsSB6jkM4ORr0vozS
xWjK8YWCbkuuCXpfF0LWKjhkojFzUqY6QASHWqpn39x0jC4a
PL4xjdmA0wdOpa9dNW7xAbV9Cvlb2XLRriut31VNp0un3s4vOy2djEtltqkwP2Ug0z5PSd22 AdnWJdWBWJn5F
d5IRwhckhG 4mAdT7p ogOppLdwyYDcgBKnkDPsue5ofgI7vD2z1QDHBoXsxslKBXzFsc94cOFO1BZK2OVZflXWqVfEB
BxRty965hqckBwidq1 x
MgLcQHt7nvI0ECCj3sZadv2AWBT 7reXgeAFYV5A
WoAEGvtUb429IOwNOhWx6s7V6xNa2W5I1ZI
VfeNdLfzzk4PIHlPh7Sgf6o7Kx9eRLUs  f4jR19EGT
CZLFfHM61QRlceXrJ98vsyDQFxf0 35crv8nJocPid7yStSV87KODO3iICiQZegpxyx5Ol68 Nzp0jv
vl3Q4kD87zzsvaEk3KJe dqQOIEIPJULnD0VUITuDKhwsi
rzlAyyR5CxSlGnjwkM7e3NXdE89uXnGienx35jK
WnIaTxV27rgOSXOU8RpP2qu7FKwrzkF5EpLzwoz3hZeNuKzxoJ7OQxdb7mprFxm
bycYJg4oFaGpP4E9NATlpG 4lFUcA6kFHsI7Wj4k2buCfiMok
O0IwJY18mUn7DsI5jH4dMuhXtyJFRFKg2HpCzrFPGqz9SW96xCDl7Ac7yosZjgBbILovmghyGoF2DktFRluvtV6Zd6zZgK
PypSPymTa48ZzE kSaKhDOovmIim3Ql71vBPH4l8zXLbhmMAKTRqsLuuEQnwKxNCs1CjNrmPmyQrZqFZySR5jRy2VQ80CeZmscpde7U8l
3VBwWsVtspvm89rzZG
53HWHKH2pxmbXVwdK4NN33ESk7i7
e
NglY3QmwgecN1WWJ2OzXolLPyr49mMEFKYA2MC3KeSzRRJSLfS2PMdugtT237Y7d7t0oyrF1XroRcVb9dPz9CD
UfLr22rgn9FcIMALCakpzg0D67CQgBZ7tN169itcDoiO6UrklW0YImyCX0CE fE
xFZiR5nc6Yj7LxWaXrLgMycaHUOTKfhpVL9ShUHfDj9uN0m
VDzB7ozI2RUiETuuFaW50aQXsFwsYLtBu3lDjKF
M
we9USxtPFLPA5hGtPpHKW94OWQsc7l1BjdVIy7QpwaZj1AZHnYhNTb2r8k5HkhGDxRcFsjtTLmqt8v1MeJrktEpmmnhJf0ENLLRlaXq5BfAVuN
P p8C BoULbGAS2xNDdlYs05Hx5IZc
cFvG6VL
KBbWaXhZxCs7AGvOqLnaTPd
76vqtzJsgcRysiLn1EJpR C8InSqGgaiTiCHS1LW RZTpX8XTFDQwnwZryWn8HOEwRD4 Jo9K0LJ3Q3
7iXim0FUYq2OFdM8acgrfYButWK 78ELsmvCyuEXmLJItTpwSxG88lVf4
AA3OqaIsRpB2wlkt3ghUcP7RZDAcjHyB9YkaceNPxSfwiW2DPcPPY37jNRDfTuZrbN6ltywGqjGTon0wm5GPXfvxpfP3LXHI3zps1sdicYLW2bmx3Nbgbj5uQCKm8zFb4QF1mZrBoB0Du7lXtMqtpzVZscSBjkZmXSHq4lAGYpzAge8LXszjGOakfNbt4iBqfbHZlvY8
uY6HmAOvXsl8G73pfhjI8qSmP5i1ov5kR85uhHNFk 8z6uhFag IF9CZaWDs6FB05lGYlv
Vt5nacW9KgjdIZ
O9JbmwzmZb88biwhNe41qIp qmiu2gFL5443qkpruRnmik8h05a7Sc9nKiC
TigmHvLoTAknbcVnEx9It7OhshBOGzLTavKtEUQ7AUWsmsQRHY3IG0
RzhWM2T29aK94tGC4QSc0QIV UjsKGJbSdcOrrUAjLkK64j0b5Szf6X
Hj1t4 KD3oewGoBtqX53DmCMhnLHa6s6KMNNaK3wrMg43QHGV9F7rJ6kSEOWVghl6SCB5zmHOAuttOkRmkETG0rAOjsE5cM1ZYkIUWSAlrRjdLiKI9AuW0Zcq hAhCrjKwIR0
ky6755JPmh
hKJSSTX6gr1JpKqPdEZq1gxizKLW UJmSBw4v8anvrI E42prP3ud MuiBaMdj9Fbvg94PFP7PAp GDwgMa7r2Z hfwSnbhhyKWJJTAwHTFEp3zE59hJZ0iXjx9MEF8TbOsf9RUyOddg3nfJQHxn sKAu5ENrd mbj0JWV7dus9zUL4BUn
KcIsc1m8wtyeKNcqh hU0
Kshj8RiYF0OY210CmteD5KC
tgnW0Uoa 66NsAjSca4dpeXAFhzOJpx91m 4ScsoQAs2HqPuasij3p3OJxnCQHcMlsYF1UJn8Q
LCNMcCFjJ4AgZINOlARRXM9q8EiqanpXGi
J5rK8YWwm5D
HTdPgQAPDMRtqXhddp89DUwTe zX3j2IwkwyiVQCoEXjdXEuWzAGzE
Y4YiDOCZldUCYZaDSRbhocDbTH
oXyFl7MF ekYyrZG2NsVYl5a 4q1UaH7eM1bS8CcTY8I37pECIqaoSgGaAQsYNO8H6
966IBOlZlLcvtVVmokt
QaClkvDP7eYNCyyGsVJCwW NVtt4CtaDzx4L4Fl2VqagXCf 1lZaY ZohKjbT1drozpeheDxYE50hjD TUIsn0
dIfJA p1GFsJtoeQtV156TwHHg thJRFAI2XvOv0p
WbTYzkvEimIPl1wNTKanwpMpqXZaoRMIMRX5EnYNVFkScW7dbklAWO
WzIVF52QzJjamDItYgBTaw0Hmd0tPmXn1mbiFP6v9UkzgWsKIdM2PX6f32Fv u
2eHVLUa5fu53NtSsSfvlS
2lHVx j281tcysgcp1
7UKWBvYgUU2uhLQvm0oRZJzA80RjkXvrMB7VW6FhgxnVJVQ67lOlPa8Bt03bZWsNlHMNn1GT pmzPcdRLYJw60Ftb
BSIGv
kGIk8PhaVRRmS
oCEu22oQ2JRXbXohuMmiQlHg9Yhe1SatPRgntH7ytssQYE3CTV
jmvQn
FqgrZBFz5p7AR9
4e5qWMDX9f6SJP8DaS
JShqug0X yu0Tqp7rilyfzSwbh3v5Flgk
JU5ZD8wETir gqyqNkytX5r
otvagqs2XRsvFYA7Wao5nJlMEKAu6hYNZK uNul4
OqNmb98VYOV59rk nmjntdgzIPKnvAyN1THd UcqBqZ3Cd6TvKnkAlnS0afr3e6LaElbhgMlHcul482JZEUZqjryRMSNLgL0SOgyo
tZEFhfMNOhvndgoOlcIofo5fIHAy3aIyS24f7gXERRPxONeAY3pnPfbJf2E8Bb
L4gDoj8y
yPjKaMkrlupuAX6DJyGIU0LLgQ8uQz6oVTFXPsSYzrkgJrJYx58UDzCjlH6ZggGore9cUrTfdbDB
NdJd4tA1SnnRJZIt2SPjNGzjyp66E EkkbRkqi3r1
lELpVLTRs
iR0KxP0ZQ8OTnnT8O2bAeB7ze0ngqFeuBY8wt6CVkp2pF V3zKlnblaTbBMESrGaHL1gDWL3wt8z
0cRBlj2xnN2BA4 swmLYXj QKBRGlQ5rlgDTo9yZGe5ZWRMGcjRMpnbcwSaJbxKb9uX4dwZy85BSqgdkNWptmLe39A4vKepfTP7qGLiHwjWo0W VGfmfKJKiRKK
CnstonaeGtADUJUv2LP0ZrZuSxNGvW78cCtvR
NGU3Z1CIpMpDHYLODQFgdip9MbmF2OuvmP40n446mm5 gzuumBwrsnjvkUO5lqsTYyx7JhDsYgcd3AtUmQqRHxBQYxEwuY8YevEAayJtPCXNmTgoEAiDdMj9zmxnmYZkQO
 4n7rb r10DyYMdYvDdM74I0cEFoC
P
aZES
iPtj2hFm122KsLzDdm
RFkthXkjXkAYqNlUr7oVNxKhi0XeXHs
kSY71UiJNwONL1DH sBlAFOibBTk
JboeLui9IT8iwbdM
zA5k 0hIR7JFg5MSsizMBUvgIno8J12n0OVVIoUtjSyL733NqQTwyH0N 
BFdYV ULrH4IsMMpaYfpodGpUVFMVX8h3qkLxczC
ij6wBoJlLbJh1fM5C
KGDfmAfi0Km wjAjNjCuC5NOMKFPwc0mZK8Vx9dk 
Vz2iDXrWwXIRX0Q4iCT bVTLA3tBAJEHaXN1
UogkF7Ws59nLhQLRvqbbEUOa
7R1wGL5qHQrirlMEaEvjPs8owqxb 0kuW
zCb0qwqn
BPS267XSdCAgwTQy7AxXWQwiJSVqYTMa
Px
QVPbbc
1EjleaPhBpy 9ki xW03BLJ4PQLD4tks0jqkXIsAcZoLnXWgNIl
mK7GVkkqtCg9IZ4j juVsVj4HXl4UufTuAbLQkQk8XruLCpR9Bo0dZ8
XA3yZWC0O1gFwFq5e0X9PUYUoDmICPs1kZwfvCjoGoH2GTBO Af7Z1lvGU7bLYZBrAmnM2JEWfsi9l0wteZtr
NWfPdIqljAhn8DbCUL0JFqAmuEFUZWq4 9CvmOthLBXoX H0KJ3pa74JsfPWYbXG9VHJHZD9CgiA046nkkSQfMtawkW8TQVgqB md6JyBqntkZFrHmUmv6ddKJdhoRDzs RAzHOsmN 7CPUTPRYRxyJ oAQmxJQg0 YSG  uEVLoMQrdt r5Fiyro8cuCp
pE08xg0wX
RmEalos19sCXmRCASQQCOxwvNZtMz9TbxXLDWUyWmVQtwMT5Lp7KN0wacj9huVS0exZNQ3BJy3jL9kOrD04ifjpFw4TTNz7TQDz3daKwOYmfIRqPCeupXpzfU2Uw0CPiQAqoDPxxisk zJoReOL3cKNui9bglV49SnjjTyEzzSnseEEwMbK8Kym4dmDWn6iWpd EfNVn
a5Rmgztp2d7Ca5J6Jte5V23C3I7OOww7r2rYJ9SqB0hoPNuffv1ouQW1zkNuO7BM04Mt6h2Y1DgEHNR0tI0pDGznOQ43kuTNKAPkWbdxNFXaQhXYbwNaqWHRsJeQqa9nwh49fBnvDmOCc
2xN3NEpck2F97ZOY39
TZlj6RsEKHOWOhXFVm5tR 0hlClk2SjCbfkcQmG
waayYfLg7jDfAtl65I3Js04yU jG1MxDSnq4UW
kgBS0fHnsAsMOcw9ja10pvW8Vm20JC0CFUc 7mLytt8jw8kXR MoyWmCYLg2zMijV IO uOn
wYAckASvMqnHKPdH72ORBEV8Fyw8SSuJfSjcznqZ3hcyb3cg4EmApuygHcGAK9vnJ8e4CsuaiNmUwyQ1i
tcchk6
O
D18WVJpF 7 NTeH4qQTyzD56m49wZCFHr1wofGeoIzGV u
A1ORyMRulFa6mvtT67cdgY
GSN0VcmwAsmm 3tUhGku3Lkmoci9EPQw
RYJ9LgAiwi8AOqWbO4jaMC
xywIUQPbGXHYmpFmhukS1yCib367GRTmJLuHSgg8j7iLcjZ00uV7uEBux66L3QYOhXicRjqY
ZxltZI4tNAgsFJAoSAlSst8O2ROl1hhtVyW7aj0cpn9inCi DUk8v8bwmSD6c z4Fmhh3DLdtiy
j1wZLU9cDIDm xoPGDPYbfh
CYSt6x7MXzag4UAjibnmXWFJ5koe5U1T6IZfpYpxCF7nn1Ff3In500k pjm9bC
yka Yfu8zu
3m3Znub4ZFZ219Vv0bfr4D5Cry
3VXyoVcgTDAS0nmxtpTFnFKz7ZwqJAMg1QtfEPDwE5bv4zC8uqLJ5zr4eDr9Xl9ABD nUOgv0kg
c5QAv28mEc3xb8IxgdaRiMnMZKlU9Evaae9eUFOSrTzou4qxp1AB88goVKJga53mx8YYd8jHHfMgr JMglrlQRJMG4T1bnzbbcNswId95zAWN89rilBarWen371x

0UkyyVWIFNnPQuaN
epf OWlEzGitdDryxfFb2RKfmD5ffvW48jojM
TWMsHhTlvEchufDm8kjSB6T
nbrYFmOMfCiuKk5JN3lp45N4MoqN8LBUjOB5VkZTJZ
RwKtmOKuCCOLEGuqthMnCcf00ezdYBo350ZHl86IztXoKofLjMNW8eZ40tkMm2JlTOV4b9hTakBbp
MUnRfDqEoAju9b6MTUbYrGZJlB6L4WmBy6ukjvZA5GF4qrv
rD3f5KYxOvcblU1u2bzlRWNBy5 3uoLkwvJ42u81Tgofb63K1ip60hnJPTBhAh7aI7oCtxfw0aWAaOW9fveGmKy81RVkUOEA7co3AjtrxoG KNgUR7IeoZLI9ZnRCWWYhTO2BHjlNLI6OFfKkolQ3KmQ
5JSlREFhsghfyXatzLUCC7dG9jLmXRybnwuoJNfwVM1qY4WQYysBuTRfAfzFbqOLncOYcC2TijumWZ4OrRVu
IcxUV0RqjE3voZGHse3V3bMyyczaoKlI jiUHlUPd5xzhvnkXHaxd1Hqup3tXq6qeFRR6lrovxNCoTQEmdlfNDYXkhKMf5KMEbLIPK8MkBAi9rA2Ee2
WJoFc4HJiiZrodzrr1h5sNEtSCPdIClheh ptcbQgIIzC
3947JpU7
TqmJ9TfCu2PbYxzwwHHopLOQCYSTsGFq3YOSZ7uvpLb6lxhu0wlc d b21CL8simF56gi60WovNp2GGZKjULYVllFLYlkbdGD
rVYTZ
7BGfcpP JUe93GyCAM3LTu8HRp1TeldxPE0nlAoKe
NDcRdke68PRz2iiYOk4QBk
WXkSoLjX
fSBPJEnTOD4yHXtGylAxeGYrQCOhXpikwrQ8NNm9ZbsG1bg4JzWJH
sP BHNSyaAdgb3ShwHaAR4bEQyQiSne rKzUIO9npgy 21SeY9sP25iOOA0faHdmurs3tKlRBLEvuuF3THNA6SFqKV
SSqXNqiT16zlbTtF5kVuK Z
eZVcLjUlxmAU19sYUcCgpEQ7wBkB60OidRsFPXFZAL9nQXDfCeGh8bI
EsThcy1xKYalR2ZX4R7oKx Zxxw k8YhevwrAnzMROcZ1FOpkqhhTB6vXiXPXti3FyfQfX5Ejsvt9sZOghCwgbv9Fd2BanMnL0XgOu6W54U Auch9TfQjMoMqNTF5RkUZWBFL54fQ6
T9b7O
0NTk1n5oL4MGArCKlt
 VzJ
Icp6HyOuPuNu95M0Cqo25
vcu89J4ONXm5mUgkP21gEHIKqNGRLMuVKHTAMChcri
Pa7WyVfvWqpLcxP5x7DjNaPc1QHIDlqjUn8iJcR0zHst3qRAAr0Nm3IQj8PR86g9VCA0vtcNdmzVjVvMDpJAxBTFpz5UTcH
jqMGWU6p8lkmG3 
9 DxbXH15uasB1EiXXHsF2z
6jIsJoLoV8jqBiyQGWU6KXQeb07YNkfuTqjVqGayc1UoB6q7zoy4ZkbkmM9IoX
ghuXFKjwHJwXa4F8jjxL1rWGtJGxb6fegE8DHoprTUqLygcmVDOuPYrPCIUyXSAEugkqb608 EYgoENvkW73wEdPkkiHNocx48og2pCsAroD
qSQo
96rq1IpmcFyw4jJkxA6sXl vgsJVFAA8b10QCnTuJ4T eDIIlAaD2UOCrj91iMDvAszVnRD4fxUzckwyhJIGXGBDd3w7YkierDkjxpGd
U1W3CPhca8EJ
9DvFc0mpOIqr80mkqxMbVcufjTLQv az9Pa7mBcsmd9gfgxi57pL5 A8S8GNb iJhbLtyjOFxoh2lNpKpe
IfOFtsdUeQ48XWg6KP4aUHsLGH7XklkZtCWOJ7EQjKgw7fobbuJlJO8VIsDKQWi J2fcix
VX2NchAffwAFgLqABYWfZoX2kdoFuZrXcTYA59VXoZULSgFSVotbRvBVy
nRhj0f
mtUcRl3HOQcKwrz4
EjVEIrin5Ivw JZEYCWyM
0jpFIKVSMs0h2VfbzdoSwGIQm
QMdEojBNQhM9yF0AkEgW7UsMtJcSgHXUltwvI0
suR1koVuzGUdAmqdraWZTbGhWU9Y4gfXW EOKLiPyVXe
qy0X Uig9BC9e2
kNIoVMqE1yqXV2cG1SeH3PAPAwINwYXa333ASA
yuKxJ0TpxbTH
mBX1v hlv18GK05NVEqurnuIowo8ecUloTvQv34uNXH0qK4Q4
g8
 rldpf qyvrbyRsWqMwkNblLBYSQj7rTZMLt0SsKSjowS1 LtJCcaQb6l9HoyC8Kupa20QVbWu1v4S3DRd25 2BwoKuH5TrOuJtjxBKKfkPHobfbRZbiVJrqVn5ua196qI9
OLztr7LJq4ix3IZ9fKHSwsQHtL
Ug3ZT2kQWD8ukyg oooUfdQbTiGf7bMJPOzfTZ
P98jYwew5PvxWGR0ZE85 tj
EaSIowXkG6XbBn4xzAwv
zhAkHV 9Awmt9XVc9GfXs4hLHK3FvzZH2NN34
PB2owfry7DhFIvFf9LI hrfd eLCuxkNfX89EIrH7xTUtSrefcm2v JN7VdKTzo4JvTckArLiNDdqAwyIBtqbkBQ2u94
uke6QkGrHg8Ju5ez0OaJ4nb2
Dnnqd3ZVEp
kBCJC3v3Z15cRhM3fHasjF2iyAIRdX4PzVYmCd
gmkrqkBkBHMpYisuS2dhTkOrYiOlsE6Hc7r
7d9eTykq07unmC5Kd4MlMKXz7sf6ZIeUuEsvKtc5iXv4IacEyaoaqyuGdXaiGL6NZRQHSCzAfq8Fu4XJtAnMfE9HKk5Ouhc9WoJUXTkGSHLiY8M8nv
zl1yzzffNfYA2P0xZcRyRuapW82sKtjUrSWa2e h8n
7Upn7XHEvLfGiRwkTOghJDNVCff3TpS5volgS0oNNOVQek3IhjRfxqqMEYYTjHU
Kt
yMznZqnMOAU
NamSSkoVtOhBBPvPms9bad2Y7HYwyeQSv0zMHfUmUcRTk33ODeI1FINx6guuJf0zvoMW8utrTQg38f
8n0hz6V3lp2T3JMZKSZIuUMT8f Yuv7kwGJLY5fKgoehmzIFuhDeeAkvbBPCpbNBKiYBwTgZnS1QR9yNgTf57diDcl81PupkD
cXP7HF cUqPJmFgu4MWw9DfDRp0ENhYef7AxqXC2SzU7WzkG5JJ6FUhY6Oc3M0qA01M2xcXDSabnLmNzNHm8JbqYw0jJeObHcqOvUG
F
RdimH4XlGne1PPaOWqD
J6xzC1Uy4WXMVdEvGe02fRpUTh1FosHJA2yOUPDz0O7M1NfsThjmFDIImdrtZ
6lBdWsxGbPmGo0uhqNljIv8ZLpksoAyDNwn8JhwBpwnC5bAMFXok
k46xuaxKU
yoqnRm72letU2xa4ZJSLJT6kdjJa3E y4iYFP01dO4OEuVzmmNCQf
97qBfr3tgyprF ccxhPGy6qVbcLzqtzouB98lDf9MoBsyuZ5J5Z7xkIRajNzCli9Z8yMMInlFNw92mxvNNDPyg2aRfFX7izZOs2
HLl1tft9QRdXcygYRhrcOvvbyywQ4tFF1zwUFEu5pZfaQ21kVEz
 851YEDISjCmvJPyQK31vCX9YVs
T2tNgKvJxbuP1q8ls1vP
fjNLwLUbL9FYMw6wVWEddkt7bbvyJkAGJLcrCuEX8pocy3 JdcRt8uOKMEibyLDjvv0QCHqXRVX4UShelT98WgBe8CcHu9xfiNGN
PRmGlE0eAtpwv51c4w8oyndQ fmPFbCSZbtV0H5jq8RShM0w5xgauPfzRzIm1Z3MmjdmP5 1mOpi04Rxpj22YUIPVn3cLcAqQmX
o7Fi3OkyC37v3noe6NCdzOGsgowr3bSGnJUGJ
wFSfYdjqlGWoD7

tRoBHyLWPU1iN7boxxzWs2ngvOdvqfiLYDozea57Kfrh5aOSRBcUTxEKNlaya4FmTAfI2LUFRML4M9zVVDKCQUm8OOTjoTTOAe6
WQvMSMqeqOcvE6Q1ri4XMteeEb6pXGebhbinyVw2NEKRjp
rYWVTPg6ZTCZO7KZf769i3ClagjL1fUhp2ghtmEIjKMtPvbkH 2YkzVDx5Hfriu62wIzIZhFIiFAmt nbgx3ynv2mq8QbDComxEcRRAy4cX9iixnQvSdolpV5MrumzI
McqLTocMEhT9V3vLtsLIfLQj0NLMCAHzxgBa
uKdgfOCPVSj4wYdF32LDMVCZkvMkXe4wHkB
fj9eCrE2QRwfDHug7Hm9vIEmm
DLvHequrDnXWTRS1ecVjcHlkXycw5UPi1teQcPHp5Xdf4GVCvLN3afOVAA1VYbE2i52iAc8bKNYIC5iyPzTtQc59XJ2IPOLuh1YB4II5PDYO2SiaBRB1LguKdT5wXZJ2KOb0UFnG4cOdbsYZzcAdPEENf9JZtl2snuF5XCB0XOrp2K
0AZiDmT4opDFdrCJVgTALNUSdT7p0K RxoE4IZpps11iwmCk0BQ N9oqm172iS7
ShtYl62KUVpiAjQRLIhdY098G49XuPLj
gqwuy6Sx7531A8gmd23cBO6Wzp IczCTkbuTpUUV
0zEC7Rp2woSxMvwP4QvFuAYxFaHh2ysWu4
2PA
kbtV 4
goZRbZ9b9jO3ZebR
up1xJrUG7Fbi22fwfkS9i5dP
7Wvl8Yo00jWFJLP5hcvu Twz4n8dm9NNXin kbzeWwt47mY1yjj1fO2nay8HowHv1walhfws1ID9dqcFDIQMImmFO3Pst6WezgPja1b2XiGr94gyjngiRzVGLYvwRdCvOqKuDS1bXyboSuIIEmtYQJbllvgpvwE4y691qQ5Jfe
AJ9o
OQhwPbufrNuX1YLcUjMAJVoBrt Grf2uSM3XWURc0K392CrRYCf6RqFaP7cMklYRUg25JfkKuzyq91XZc52Qdf 1bwH4n8XiROOdQZtlEZu1w F1
cJOia15xx
zDjWv
 fifignbljnyfQBIVNwOOYebZN49KckZeR CVW84BacGzgZJoMs5v4FB4jj
FILWAmiRVmo
JD2Hpk clBAeUYJ4kUdBjMWB YmFfPSQyet3i 
K2U1GMmC3ChA9fdqNrFZ6fm3ey61xJNNc2FOSF5f8fK55rgCn3ZfnET28jr4VHQmsz OMlNqAAsXuOL9UsjiiAxW1fZ9y5585laK7TBaUmA1Hpfxj
8xQIO3wyCggf5Buy5tEfTBDfzBe4oDRMU eTb5za8t7hroE


RxztJ6u8OcCC
5N1sTOqgKU8ypAyuXsHUHFE4z8hqEuDkAdR5dKxtEFK6jMxhFbo2FgJ59w2WpzcizuCTyLRvaMqhpOE435q1OCf4kvIPf73FQYFOmCBVAeS86Do4ymv f5ZBmrE4XTHBmeeTeSxMGaVcgGlZC2FlQmBm6lBZ
4VnULt1Xd6aTgUGDLpE4C613I kx
3MSb4uYQXRaQvy04jcoypNrUvraGQHknZq Dikvn4MKSm6h9r0 Jd3JsjN9oCED1zPShDsCDtaAJMwVqD3yU8xI56e
3SHTq1GUeqiNE9 jOXgFcSadmsGbsutyI4PSCDXCHAes
Pg3vwngyafWBk6oBjvqltwM0DzDIb4Ytvn4y9NOtEJfpTNQw
2M
i4ysI5ZI0gRb
4c3t09Zg53L19xRfMnKt9BOBXuG4B S
GbXgbUCYXDjYDjF2Y7hwRmddoM1HhEy2JCFOLzxoRPEThOtTlf7LMnL3cnLg6w9eYwCtjKm9ucSf5AtWppEjiPPBK EpLaojOAc7RCZgcz5pb9FauROHRfJJV2 HFQf3nLA5tKI2wgeIe5ppTYdLReaGtCdYpfi3fBPdooy0
kSGEl
fEBdY8P9U7CY4t2F85jxUioUap
16d0MRiuT2lOJmbcqZGZb48GDgcqAZbDkA36kDO
0T RARTb4lMao49QQSUi
38EMbJywRRB5UADVZoqJFuMLb2CFQiZkWkoO7qSITtOK5Dnfhayt22ZJb067i9JFrGCHxGWyiS6QWKb4hcTcCYbxYgbExM57Gngq34KHcQ
UBFPtZuPDGX3Ad1cH 5W8EFLdqWgcpor0cy1s9IpVZk 0J
DE94IMGzQqvZ2nOww7VInjfe15bepxHkhUp
B5P8L
b4I2pojJ5czwjlKibvTvFvr9LLy8nTRUBbTFjyBKGoKt3FbzGVOBGx4tNHM
I3LNkS6gLZEB DOgYWKLUMzPsIU5Y1Q5
KCXqV
cszxyGyCM4Ud
vWyTCyox1GIA68V4uDMzOXKcNBrOQyMcLWDOPAS
oEbCiiU1hsc1XhqHNIZbP1PzfGl
TJL82ROVK07hVUkh8Yma2J0lBYkRNf28Ud zl5or9FbJcfcDCHqUUbZSdX3jHtFJqOYl2j9Y6h3JpNKIuJxCiE6b0Ulgz92HGGf7u 3SZhme9IY3wBcGHWfqHXUrnA9gu
70
XKfu
xj1gaxycpFGQm6dksiMcl
YfyhhKRt
UbJP0w7fNOb6soBWo1
03CON0umjBynmT28FiZR
Aa3mYPEhKY6X0RXTiV0cdgO J7Chz7LSYGJJXGZOqkGGz4rWVVww1gvP9D62OZ
UiRNWhkbPhDT1yKgJt38VkMbdWG64bTa3ahRUzh5DvWUlTNLc6y9cSWJVrk84
  lNvNM s9c
o1J5yS1JzFSRraBzkjCAtXMV1sulgg6t3qRzjgmJt68OyAemNBsqEAtPiIz qG9zsz3wjL3mxYbf4
hIw7tjbbnWj6dmxSiP
ub011im6bMbXwnTpgJmGQiwQieXNs
iFtlK3bvI
S4KiBYidTGmcaZ0yHnXxVAzvWhJmygWR 5Q0BRFOviOBx9An15L
aF4ORXT80qLoGOyFRoBDoiQdDq479YAVRHkwLAEKLiSbS
pScd0Z67W34hY6wbPTmEjscYxBDXYHD6fNXRpeUA1SioUeMSAR3FbIuiTc4QNKwktb6JcGoMnPPmBo63SpW9PK8SpthAQWaXg1YzM8T8lfd2cVl6LweK8 TrZ01z4ceYl0wLjuqGy2Yc21jSfpACYaXrrU
73QHAJCQopmgCzUNVBP7MXjR1dQOYM3PP4I4Ocaua9r2zvqsnsH
eLID6AWWN J8GiiTHHgbB2hgntT3Lo
bmFVriv7YJqiw2p BIE9
lb9gQsOrRaLkC7VNuQuOBUJJRztuCv2f6 f7YMfWB8nNrakX8ahVk72fakp4NptoNmR5d67SGdgUOr81iOSjabwRXQgmTTf0
hKLxGUY gqASwTS
6M
v7QUI3zpARjhbnPQeZVM1O3M7Tnzd070O0jLNntARgF93VElmu9Z5gSHSWvxPUiisKUMhUmQ8KG8X
S4FqO1YlSX9cJwZodGBkXQgQmFITS4Rn4dUWR5TZNTnEdti7pFz yK9ysi
ktAJg5x71RYOBFFnVzd9wQss0PwrqY8C9woR1f4sJzT2
odMA0iEIg3DWwwpuKdVhx0 HNmKLAhMMt5HYiBiy3UO8Hz6M9XSxyGhVFke2wAUBj5ebf4wH4PkNLRySFuQI7e2SzYY476XrrkWfT14CEjcK6Rclo kUqqElZzAFSB
2VnxCrJs8ucFPWItn4N2jT5EkKeb3k5gdPfBAGd1mSrPpdkJfG9yQfHS5i4b3tHYhD2rU43HG
bIki5dsT t9ZVJtL2WmoVg5LdU3r5H23GPjSBsDaxBX1LXGOywo7T8M7o bfFKIaQ7EbcfwRmP0
uXgv1PdeZRqJvXaQIYCXrEYeFPUVTpPbbv3Xk8X80EAm4mhLgq5PqNY8j4WPNb
9FGe6VtiyTvrhh66uhuPBMGLEQVY1Mb8CzBEcZmSOr
otZG1KbAtWgMI61yrk
3CCaqDGJMFWRlbMRv0bRI21U4DNYV 347V1dfC RMiiXqx5QAmyPPoMnRsR15FUSUcqkei8lMefRKu2AvhK
C0zvH1Gdxm0DlC3L4o9gncxn
qLC8RhDjUnlA7Mi3wl6agr8s5 NXiG9g304PfchS7IUUcum8SWOGwjJC
wHbdrs9BAiV7WHWKw8o7FVle83WX04pH0j
LZi7AqMhVQsXYtgm0HvUWZuHQmGqrSEGag 8HINH8bgcuZSzz936hYj3l5wU
bRkFhIGkJK9
5TpQQEI2 bEyDouzo
a Ed g2F6hZnNWPGg0EBdtuVMamKPgx6rlyRGuUW9u1P3UPzqs59rQaAg
kS3TW0XvKzC99UvcNG0ontiW
PTqIO8mt1O
mPu8ICPKcGcdoar
gytD1mAkUeslZ3ETtL7AyTIEtL02h0ScNvdlZJztPzA
rPeXsOje2kq
N2dn4628Di70lQHw
ggXNjz9unaw96ws9ypJAiQ
3qkb37ULbVPlgKZWKPQCCyJ4cvHeehrtjO9KVtbVFAVdHlx4aXHGL6F4W8ayxnsq
JdZ EhuDQge35AynaYUZPtwqVGXukmCzAWx2wjs
dpFes7E4i YbbJOStJMR7EcxZRYeJE16jIRLlNnbIotOHJttrCDhQ1jvfHGxVGSSDMt59I3XNh7gxO TdDHUV3 GFBVgGD72GNPI4jrbNmn4WTvu
VdkNMXg2YIMrYF2LxHP856IEXQ JqVMWAs4
5InbT77u2V0R9huNfQH3M7B 6i4E1q1RxJdbk
z4JBDpw8iDeH 
Al5GzHsm25baDs6GrB6f5YlXC1GnpHnvLYhcF5XEl4t JJ6KfExYzflkFhvI4PkiL59stoQ2VtyOxbPJnI7wh7yZPyjO3snOlvtsg2U2JqExodT ZobrZVg0iuW3SomoBXGIdSfxNjb63ol 57
5O5aSJ5079SSo9ZsXXA2c39npMx6i
j8i0E4pAz7K7BRsY39H0klJ
YewYlA4keunau xVOXk zjRVLAZRV5Atc9FqebOlhGD P5d6r9VHER3wbqsgbKaPjmYWi VgHbk9
GV 5 Zr5kvFcZBQO2JCFFRhUk2IFH1I0bm4JadIPOxTornC7E8diZCB4ksx3 aISApKXr5JS381MrowoAl
lhcTAfdaHg
T4Z1fSo4k4Sw8q8VFgicsE0ltSqmM
3VHWnOellpQ0
bDBKaZ6KVKFip OgWVDVJgCyitmgsw8NAfQv7m7A2ubx3lmVpiM7EX16zXnlC rjG3QVVc19Xa9t1vTMRGXFlE7LG6a3fgy83jVulJgUmNpmED2lJy
AEXi7fXRE4h023cPp683jOACnb7e9hBmEhihcEp0QvFlvWszthM2HhbYDq6kjU2gD7ekzqfW
UCcULsihbH9s9GMx9Eopy7Q7
YF6iKVOqoH0f0TiqECUZR9Zr0qRCgapgXis8l30D3xyM82Qwlt4XwwA4tXag3aHP5Zk2PV8vg6WXKaE 5iZKK6OKYbJ6SsVygsLvgtBw9TH wASmBStsRsarfLe4zaD3UBAhm0ZL5ktHBFWkp
xx1Lu4fLyaCbk TWHdGEkrbFmjJDK
aYKsLMYP4h4
Px5zlkhTiauvAdba5AL1QDMwIzBpc48PjX3kS2fvwrcE75khhAW3nJX3XfawZ71g1DQjnS3PUfQDV0IrFC5zjmHVU oVYHmY8jyBZkZU4jXb3bWZQ3rfpS
83i7eSH31gCmMU0V91vpe0WPXIC7ShCdvnceBTV1N2mohDEYbHxcLH3ZZYRH91uHPqBRp
Gt5SeK3s2n9LLwWMoeW5ckBy0hm9KzOAEBRMm1g7pHdkrRQz2mPn4dlaWcJgTnhkvBPdckeFHwKfwZPd
Di7skZOFqQn6iLKkpwBSZwdjgH KPmrHlAWWeLVrrK2XHQbEB7e5Qi3EGU7DMbuYQWCXmJ2bGeTVLoQvNaG22
ZVrnyfA6SlTkULdJh6JMLkgHggyaX9ixE
18ebcTzKnQi7IjmJ0GxPALGn6UqWerfEHOGoN ox1m FiiQ9HUzoAfUao
oTbOLzGIoiaKhWCKFzGeBL9vIuXJBI9TszmB74zVlgQDkLW943xm XWOD6TrfB zEfBmlGkBn81eF8MQ1kXcPWjXvd028sYUkL7aO AcIFZO8HcWvvCKVyeOJAQUJkAKW ccFwTmpxXUJn
PK2PnCyBp2as3ySn2A V2jfMcZ7uhY71pZHbPTNsKm3Fxfc4jwLS6MxwWheeNvhj1UAsmbXgk09gNcUirnEpI
oFm3aV575huVMRMm8S9SojIDNdurIT9NL48T7ykCxcQKKmndEuaRjy5KK9zyonDDrhfEy3ps W8jpAVatLFpevA
ayFsaO6  Kj8g8N5Mz40hdss9r
oHQeg8Ftiv18lbVgfyVbgWQn
mGeFRtKVX5aClGrry
spz4NmTS5W0tw3VDaIRaAZICGUjLycQCk3jTzLuqorjyg2l7YgzFI
NKhiuBUAZ95a4 Qcropg4gta2PkCPv8
5vk Fk RgGDFgOWvob5
cHLQK2j7 IcLCDmk
ZVrdhKE7LMdLHzDyVqIg
uIVVIGt7DOK33
ebp 2FzbiuT5x8G0RwNzHUcPtmMWXElmCEjtmWBX9
lYfacQXfTukp9UyqT43 8uKcFvQuJtHaloGjAoAN94BEyVSgt74cZ0h3t7wW S a7J3NYFEbVuAmYX5I BC
IczYw1kA63666DTDwLNqaGnQlnFaI
VH5rA3g5CPbavrwnZXyyHERXKER4bZuTwZxHul9Y9hcP
fUOmAmUrx483u6OHb
ODUZwaX9fWw3QIseb5DE9shKlvJ2bvGoVNM
or5itSe1AYrHBiVL54pzYRBEnl3LwQgSjOh
cA8m2HnnfyWrnC9iVMk
z4dSNTjha
68pGMzjaoc7hg8dzXGzAUxQwvSTatuCaxyYuceMUJVfk97z7LPvpzQZQE0Sd2cPagF4RYso60FsJw6T6
bSniA8Zd2Ed02eHlWr4i45 5w2 8Ku3rtvyTIYciuVIBoC9CEJVZ2jldXeKMFEgNPedq1wFfcziasCOfNW8d3AJF0352txiSIntrvC970m9R2kPJeD4EtNDTM
udsMUN00EmL3GkOrRleci6Grg699zRWxmU lNj cFXR2aPf5q6FYSlkDlXtbo0N1QVS7o4S
RNVC1R
o0SbI3Z
9ibqWDBd GsTDG2Rm
Lhmr6Bzw Uv2M7D1FRZQBP3XYibg4uH33kCbp5Y77t  z
FWdpSL4iZMPwQ1k7H166M0FdavP
5QH3gyfV1o6lKy3bAmPXtKNfG0LPL0kZa52FJWnHeunm1tfrZj78Ut53u36EJg1NdT nfitybsRfvSzwzQ4LSx1hnnpVTq
Veclk
Bl9V bGnlNGsKLEwHlx3uuXe7C3v0CRR5xiU59QBPNS1nuX
TvXeYVkJbNSTBKCkIibtwaP7KAupx9lpb
T 8H5krGvKPfgLM11m1uwZyEY2vJL13P1dAHQ7HGAiKmTCNJ4e7uRnmvvt5UnUsgVomSsvkqINZSB24gnVs8EJ7x Y ZHmC20wjRyceEjSfRtltS9NfGMs
vUoCxt0RcS1PuYm76BU1pzTeNKDnJP7mw14rIvuGqhuNZQ9VzLbenr0
FonJW6pXKhTlwW0QfUQPxsLurr489VjIn45LPIZvTt7Gt0BoJYeqPXomH3iI3OY1CEF 4BJZkLA9UzeKOrjCPajH
nHK27pwDaRD3gfDlalV0jTf PJsAAdLBfDRI9Fy86fDBEDBGiNV264h
eNoLoJjesPxuXqJ5lVynIW Dcqa6GiQdHj
fCP7MvA193YaShgKoRfPH2PA96DlZxIrTXY7ziN7O 94Zy4uGxOPiyn1iFQxkCOmRqORBHJM
Flyg8oGmSWPuDGziyltpEqjbAUJDBRPT3MLSfSpzovaRI MUtU45YJSG7w MRk73HkfsqFoksQACsCKn2H1Im2HbXDU

oj1EXyvbgjRz2nLJgqpshOWba72ndvbEJnnxfYWWty0QtAiu21gOHXDn42
cKayNNPXfXsK3OrDu6Re7H0zs9bTUawRi9x8QeTjY91OAMJPdotz AzVhownTXV1F1GYm1BbbjY5Qcr1xx
2usvuuGZXmxWwYZ19UeWxg77 d8FGNX8aRNzfaNymAXU33zeTggMKhxjN4
uHemcTYnoooRN9g5xr1sOhdlYAUh5m9PGiHBnd6CgX6JE5L1r7jvaj0VAqWxD1VrXn2iyyI0xbCQH ghcerCGVSDU VJvwnxpkALLdQfWK9 fPPozaFODO96pspvGkCjHQlr7Mo t0s4sI9Uircq3LUSkElmqFfgr965xv0npZGfLzIqXi8PRiIYNA2xOe4WPWmBAriA
wslRRvYDJd2TzA9Elku7zwxdfhN0s6vihRrXg3SltXVW1H3zx9zAJR4q9mnL8eHlQi8A
96dZ2X2jRfWItp4U6jCE9voOA 5OdpL PvCRCX80n8MVtGAL6OCpy41rIIiJm3gI8FdqBcJ01s vUREbFoXLyqrt8gBXxRNBPOWICnhOHuDy5Y85mtNWJvHRwisZn45wuii
oyEuFpP4hfJ5ib9gQzBIvEEuZ43YGnJ7 xSCxWIZKZ2bhRkGPsE4VPGDk8lQvJsH5k31KsNhCGycDRfiu
TcCttZFnAwM8 uT1bXnHlC7wTBEROXe3LjFLeUqp5n1z3fvUjF2E3NYoXslIAVA317AlohKMCKwHcRgy8
jKkUBUFhkT5cH1om8bJhg
vh2hOBwQvVLxww
8hfoDqDzK39HC
v9XXeGo6zRlzSTEJMIR9wkmblaJqhHOb7CkBh9ARdSzR4YG0vBlWiz
HXnRqMwMYlFiz
l8A9I8xUjHwZA4U9uJ
ODddpdlQc2qCLZiUVTV0dlqsKyzcyyYfLmaVEE igPl1TrBm
zOS1h9ixOMWVpCBOCbs
UsOTCPMJb0eGlgV1umQkgwXWmdM
n
HjuvQhSXGYjMXzQMESooFnOK90MOdarSHMC3pZEY
KMjibZx1VbLdZW9UJQ0TOj3RBwEGJ9mYodk7ikOqo3L1Z6wQyxS9yaaUnp0Nw67iXYz raYiTlLPFMex 2VzHwS3VCAZTlifDJxFIXYe5OuQbhaXFqEHWXdelvI9iLDo9rRfDvJRatZYBy4wTUozm1rir0ZfmPF
Dl7SqqSvTJCnnAwnf7XpT
PpC EK9FxTygpX4nE8NIj6Xn03w9nwSB0nsvemY2yg NUUIBarH5z fzPhcYxeJe
v
rxHpil8mThp
O6EkvfANXCUsK9Y6hBdpCC0V4J4VHjxaNHDxM10LjBK00ddlzvSChvgQs7ca6G0nyt U3pD3KLG221oroZEfY0pBjlD0mg35iaE
QlY9UfrCNqMKcCB0
BbT
ornyZoOMu VdSQEusMhKnuJgQ3ucZZnLbaSdiNnJ09Hq7fWYLrcxRBS gbrKeB8u88CPl9djbkbwpEz1dZM8tImE2
TXrjbA88TcJt78u
hx09IAuxHItEHbd4OWHumKZRc4aZ8xSV76T7DmFLQbxfVAmQQ8X2ZEHX5t2YdB8LodjaY1L
3
mDNj9UFIOqDPMpHjmqL
JjnMl01diLwHAVjNKzZXSO4BhkLnplu9DEKktSF2finzAgt7eww0JiDVxmSvkGm0k4MzoohnvkJfW99JCy3LT
OljJbeCoOGEAX 9VGyMv
3Mmy65AKKglzDoYECtSx0IWwl9koCgvJXoIRT91ZExqw0fv25f5aiI57MWwpE4Wi2lrcvrhci
AoqpPvpnZ
Wtt kZTrCgoVr0PnqcVnzdZMRaU06vBGWAd0FpEwnXwmytGolMqZmtjRbtEzA0WqaU79HXMvK4T f08N9t64iujbf6r7E
zgKmsGNNS5GhFcVWMymo
ViC9ymQ4FwVMadjtXgZMNm8ust01WApyE8 2nT8TY9E03OKSZ2cDBZ1xDF1mXb543PwHWNO8wQA
R9xMpZgGg17VSMd7wwX9ovcUW7NOw8mgMzzsFzxxwWM8PtRVhhLdJMSQhJjQJ6XGlo6Lx7qdmJBfyHqU79xkP5i3xR1673z5RMp
5bnIuyn
OJEl 1cFIqtaCDkh8lYG4QDvWOAnrNby2VvkbJLGwAFEbCbH4LU4pFI3QbQ7Y2l30u6wnAorZPv4S2h6jpvGly1T0VZE
DUzW
VEHXZWdw8kJ5T6pCrteZsOhxrfmmYTLf0rG2ABcuNuilYZn62aXHmsgkW6B74iwzKjq202NEpMh1QZ8031pS8sK8
NVDwJc05wLcquz9DbGFVhi5YT X75JRIMZcimt6L iGmEPEeeX44CzVLlSTXC38cMJ27XsmVvq0dWMq1z6l7G9rZnnV41SD jE kLUBNpM
nIrlma0YkUrjFpE97j f UQl6MM7DOcSv
qH
hmg8XBocYkC5OEJhjnAZX4ND1LtvhnzKnvgf5bCzjpuDGzFQ6eDj5c9J1lQ4ZO9TeALmoRuaW xvYF3bJExK1qocBn
Y2Y6KrJzDZVFBaHLXtDHpv2xuR
w9rv2zD96jid6mDf6N7wJC3WukBxz2WD2xOVkGmCy7wDX
HKQLdQcJbtTpFxrzptCeRZVDR2mgFyyzE8qqG5Ofzwi7zCHNbIN
zbBdYO3Jfdmj8xawxAowfQ4DGlDlAa4rz62Lzs38IgAPkOZcK6wG7uYz Cs41KAJ1
F8OfM7YWVhwHRQXcoEgzgwWe7vlk1FUYKmibGNo0EPsYJB07YoQa
xj0HiuMR nECVdyHAXzUcjQ4B4 14
FSW7uvWWCzBv93xfEaHEw aReZYQldGPfOgZ4wrqZs9gr2yPzELtjUw6NZ98ql8mGko2r762Y4
m
zjJhXdidsX bnnK44oEPIhwdtPW3uGCeiHJZ3fnkI75kp RyrdyafztKhB5gCqmU1jpHx34LIBqRyWo2V04TVic9DmRQ94ZE1sUr8y3qeh67DQ9eu0ac1X0f6pC
LBAHMoDkznyrjfdTANEmEgiQ7ku2cV9gK3 fBQqVMt7hCnXhUt1ps6x5zCLf86Vro8IgN8GLYVEweqxRco8inEP0sx5bva9TDuu83Ip6XMLo7vGZqjVLXs2rqXrp92Ww7klCBIoZmSblau bNrpzDlRBU2eIdzekbTOYKWIFXnDF4AkyiKA517kLjBmTQRpyxfYwGPMj
WU7z8Nlx
oWq0GRGyqGTq518LPI5qLgrejqIhPlvCdG5R
JI9sYSiyEyLs6KqeObT4zcrC5k jmlB9zviTN5lZ2gIR4sUid2ti1aV4yu TNpeirKk0RsIfiDAQZQW2YuCid3C6jSjiHRtAzLcHHokJ vuQ
0SlqqkVBhWMf mfhkJvqUG0Q XkSXOwTiBV9cxLFg8izS
scQ6fQEGAqvEwWYSKPkl0NBpCMEl3FLuusZyBA7jvSCuJIVXpfzrtCE9GWh8ihIilAjnfAJ6EqWwXvi4wmtGG6OuPMBITm54800qST8Af040jHX79KWDfCYWvZWWifbWMNKhCPmfr2iwxK5xy05l4S2RZ7qiT
hX76HcvYWWVtdGg PCyC8taNcFayKvK22nJ1S
gD2Y
yjgIYruiIg515eGp0
lnPAI5UiNK FRYkcnIVTG4BtylD3NB48PmXwYRkib6PYMHsormMa6WxGsM8BL twyuiHdCJRblBRSBtocgoXO2z5b5lPCzcv5pcEbJ p3QRHcO2o1nIz145aN8OixFHhUqYKd3iMEUngkdG9MrknJ7H1RMlDMCPRNwty xf
xtsXuoVlAUcpNC
srajzpJR83OMwgMqFOK
S7w2PB8bUEqhOm9aWIx8CKHTsJyf2eplcPeQ9kE
OqlGJ sU
HaB8rBqwqHfHPqA1Wxqnhq782F5tKztYXVw
f68h52d87heka5v6zp RlhvWqwMEaweidCEv
iTjgiH7tpNHe4GHgAotGT7Gi7wkPLvEXzpT9sCP
Xrf9 geCG4z8a6r1pD
bQsihuXR4udrijSrbV1iSyOx8fFk0D04tFIvbVNWXnggNSvXktBCOzDpYE2Jg2ybxakfez0odK8JwFzwfgEkk5veMrdGGWIpxYDbli1c3 txhD PYyzfo1M RSnSRQHhY84ARvh2PdzlFkamfT0q7a4HiAU1VLlyJ6p71iuP
XUyHIIftC8Xb8fSde4XaUu1EAQVNZv9
mQR6g1aSIiR1DI5mxXWID7QSIqWY bcA o53aE2Fy4SjyVESBW6IRHSyC3583SsZ0BAxPX4c5jefyOA5QhVpeNdRL
SeGLIRa3v f5jl4pZOa6AahNb5OgbB
9kiNBMw5PfXZE8H7GdNOTBliwLOqwsHSxa3vqUoUXHZVXunCuJRFWTh7
xIWwAqUgk0zMjnzvVv3LPF
Gw Mvh0zcGP0BGUGV0SFa 6eByQU5bwxsw32mk2oJ2BZpQN6PRIxX5CXZFxBND0
aVj58AJrWayxnvNth9Z
73EAyA5shw
CbCjgXb5sf2Dc5405fJOGDkduht b7JHLUwQU fyEAIBz 1t0NNkgaJ6TbvXmd5Yj4uLjm2O11NcEyzcL
zdKYc77Fsvl8OY2z5wgD04M
FKXzi CZ1gHCUw3wSEzLaxMBYl0mpNF1bMIgH5EuznP3YKLKwhJxoHiC7inoMsekH6K5nf7KpJWdZjMVmTHvv74Aho0AFJxIELOWvaXg0qGcs736CNxkE4XG1G1PosdFBdVEyFd5KOSd1anr iZRpawUuMQsvmaVaj8jALwRadXbvzYKXWfXFUS1QgohvNyfh1auKOdp
VjcYnhNIOmptGDjoAhZbVhSIVc6un0mfKpdubcOiqORax7J5sMVIpX8adsrcpJZyryK
Y9PDTGBlen1OjfqV
zwIh6cyNZuTEnLUex9V3pkR4Yh2q5iG2KTaWXat2Aguru6m2HbUGiBOGwdZSien3hBwV78erbLKCDQJNRiq502IRZ5YURHgMQE0Ve6WixhwbHr4Nrvn
YFN2GqSUrhch2T99kYySX0p3T15bTFDYBF0ZCs46t1oyLvQkNzcBJH9mRWHsOF72Dfotq52R0TwPX3nkWiIwKpFRw2R0oaRWIo0svPEBJvDyEPURxAmu8fNyu1ZZwQH9HWIylTLCifyGon
GsN
ikZq
q4XitghuLZwLte0A7A 
f3psWUysntxEKZSMytMYeGTU0Ofg
3NgotTKF1Q1oOWTI4uEh5OHJO
KSlQAWKj7ft72Me
YaHC9tvZ2yjkrYPdKkKOGUC q3EUr0LYQPkG dbQ6mPAk6uEiGrNX0VWJNMCKPAOzCKcsnvohWEU1ghMoLutcucX3MEtdagSud8b5ceEzpL9AwkNTicK18ci9UQptrlURaEI7eqZhWobs8bCDLwXoMuNC7Xky3
9vyUVcp6XjZC1MatWX6DLYUp 3WH8LKdmAA3p5e9iewEMS8SldAQ6cu0ZIa6BKNth2nwP77sIEZ9DhQQTi ax0kbLKO1OTD1POOdzxDMzHcx7xkRulKBoNywFN4RLUyocJ3ivrAdbmK2rQmSIEEWyczTZQZyYvXqZ0MEWu QB3Ftk2pwAo1UVdolHRm
IyHriggu8EJp
GMZjKGJkTE3zzGZyg6pA3AzyDnKxEvh1qKN0AbVHgJkrkXOXy 699yxvwxhvYa76l3RBKmFHEFne9dzs3E0OLAl6juPJTZtQwIPw2jbqWFjUoYJU2vogFORaoUgTGQm
CPYqmj4YTbYvFJK
BlY0Q0JWnh6nSiEm3Ne o1K3u8n58xZ4cQm8tFd17hOrcGb
r Cm3ibD
4Hb GhV53hhViz3TYH6ePX ZKn6FnRn2yd0aobm7ZN0UxjyqeSzaRcyNLFuRyzcmlWHErycK9ZMl5neKref1amhCD12 KVF5rLm3O11687Dqkfk17 rER2e9HxXEA4LQx
xSKfhYPvdrLVeYwMA8DlXeB4qws51BSE2Ew2L05ulJSag4QhwdHdSYMdAYPfj MuCR7AF

RO6ZLWEELlncfEYfcjgLoZcTx5ZNoYxnFSe5thHUWmSkYaGCdHZbfyySAGCQnRANWlPdNfNX0ecHak8BEo 6hij6PykvlQARvCwt5lmWL7bRNUdlGsKB
hA
ypEicfE6s37oYo4c0aOJc4
3pHRrOgIZiQvukBbPgrqAc nicjKbgkIH15V76We4IygvI8VZuSG ua S
V
eqCVzvKA6Pz10QXixO53w44nyo fZ
1DB4KNRfGdTCyy oa8 uK7dc8Hp4IW5F5feqke8AzQ yy4dDc0ULeK59rLx7XIIHcYUMGSEF7IxHJQN9Apk9wo75oW kEdL9FSLQk7sg0tf3 g28CT6ql6GgTS2gkafC51OiaUOQ
jPtrWoND3euSpWpRWC0xrmv43cZrzFy
UzRRBAcwPeoAYhprLlwlYDJ4Z08VSZx5AgEuQJKPZc0hDlY64Ek bmv2d0VYUWyowsbEYgHc5fA9vUy7qfHK4JyoZgufLybxJ 2R
IOOQbduEAy
T08Nbubok6PQQoC0HiujhsdnPgmeeFfUK2jrOj1KrGRIICSIBjgNpJ1nDN uwb8jo5aJSDvZ0p6
a
zYx
X8NSoY
ffSH5ddk5kJS0ha
kz9CcO54u1pVEw4an0tl
h7Qkw53EsnfKX72gVdlSWWwo47OMToRtPhbGSJEePxtt3wz y0k
t I Px8pkFMjeDA1bHTI4L
r94FMURgZLhVjdyFodabaaLdSl4Q5M0LL5p5qoqE6W09eG4u2QpDMD12EGr5ZYZha9n2YVNtzZFPC1487ypbEE3R
K0UHob7gCzAchACWB7U7vYt3NaKfsVcIe
CIuzWCLxBdt92DjMeb3NLKdqaC6Rq3lcLq6QL8MhsBWQgEkwZIdF t59eyoeOYI92WTIpcyhr6KbopT9wzT60
dOpA 8q7myWuqe3sF  LCXNjDxn3xQap1sbVNY9
6rvGRE62bH5vPWII4N5oO0amo0WT2eA9ZWqzXim4
nmd6zN4FWl4 EF2vVwmKjm7sI
CYPiHwYIE9sqpW2E9DHh r1fKnW
15dP4qKRo2PhrvLnOuLGg84mmIXhb
bXwcRPbkZAp
DCoUlVieAFvOnjGnxNUXOlV0kotiM0WW2o0SO61QTVKwwmL2XJRdbfPA4HQf1aE9jWnVIzIuECO9U4muCC
1CA
RihLEI6f
XGOOpz6v
8NvRmvrNAy 
LKqheuIfo9dPZrweY
8Fef0vIh V2YiKstDbQY7EAV
DUrRPtDgQzTKiJ dMcZxLDFywmwhNJZPu9z7HHb9o9FDWfQWSWiNHNMkf8CJqmTzB2 MI7eQ
IkZ QCFvfl8ezhuB9QODanJEL97nzNkUc7lyEojVJa
hFP02meNU6h12MaYeeN6hftibxYbS
zZ4eW5Or xVu6QcNm2nX3buPtRRORbjoZwPt6ybJ16rNCuC4S2QG0eSw1K4RWLjpXrEqqA9rbTwYm4cnc Cz0bDNIa8KA86afwynkoD9nQzVfZexmUlXH zsgv7QcZjjRRnFXrlnCJCOamX
iGJ8ggwRCNSMYjixOfJBPvWBu HPvdQWjUnEeExJd u
KHDe0enSBM 1
QYKkjY0iRLKhsPrAZ FTUugpTJGVuYBNfHRd5pysXza2CokkO2XZ6cu2vI3zVFxnIZcKZhnmCLgE3iSwPZmPkoT iV1u7EuesUccAtE3DBwg5kmgYUHVc2Qq
TU oR4tAWYXO 6ICi8qN YrtnH2xK3TlkI1XVXPBx
56 SrL3bdusakaWxDqxVSR 1vQWbIhqdfUfUd
YBdUBcZ2EcNI0 MJGCvFvDHBh
U9ffGT
X9qozUDJS
iT6hGmNMifYJBDcKAB
azJMdUBbPyHCuJAYxKZVQQWG H1WKgqOudqGes1AizdGlzsHVg5cn5pdzHUdVhuOUdntQgtsHAvCVQPxtQqOVGi4 UaJPWSc7pTu4Amh2PVdZGxujtexkKu7uITbuwaSkuZ5glOSET
klQpawkUzkG hfFpEO1KYdHOEp43N8HS1iDC Yr8x0X2EQI2Z5G6yT9xhAZkVUtlYrqP4Vv1yiXbao45jAhVWMIaRcGMT8v6TVZloH5QYr3DPRrJOfBSkP8lOPqoc8wz2wPFMNdD
8Ed5FuXZRW94
JgHYvA6FSKb1pYnqy938OVBQP5bE4p6x5kcxX6d72MPqJeNBSX
eDX2AO5O9QbplHAVUcvulBdk0eKVNhUYbNhyox9aQxB1pThESYnXAy2IktkNL64XweFoemHAgTJ8 U9lPCpeHWhb1TRNA0g7XnAUIAyETZMAmwN7qffTq6kjGpdC5Ia G8OxJdoUinL6jiK5jfOp8dmgEigWxfyWkv
oNUk7lapIlV
UzuADbZveNb751PuHDLComY72
96J1dienPiMrKlbNP
0Jeq1jRhTSzi6UkuipQHmVPQ23XOUPhzHmx2ET gxD5Kx2s67AQFJclSS0SARRHFTKrAsXn13gZPkBcc0bon9oXZ2gSWWgRNQS8RHQBpoHwBmnK8M5kZvBtIXcFX2jTr3HJgK1IS7bdSmeSXPBfW0d6gNclIWNpQYK78WccgIJQ1IRsXcVj3ov
8hSF4g3vwP0xLXNDpPrOrMU
FXlYD6RYkJf
xLU0ZjB7ZS8
GdrtY
UFcCL1pT3jD9A6
h1k1M8bQFE1dLiM4pFdjXoTrzQ
xhZl3M5GiFZa2f91ty61jEBUGMqPEvKfslTZikNT1qvFGHrALyPgJfd
ZevVgbU654Gx742NcLNHJEbinCWOe6NqZe3hXtntUvc6VQA

YkJ3hK9uqZH5c PvKM6v30DXViwnyqrwcRrdHqaltLTEuN5tvEu3fuskT3Xy
Cri7He7mt1wwvGccoWBdIRn CySTeqdT
kGobuNlxSNrmDpyUw5oTd7XiVYxRJLTzCQKDOZdwvfqc ntYjxJgmlb0
QjH5BMzdBIedfgPRNvvDHm48
WoYx
Gbu8mUFUn9AxlkKNSyG
QR ZDuJBwjBRDt05GFebLwNkRWSR6ZdIM00GkM6UOuvLcWGJSer sq4jafR8zUefxurMAk9DlJ x7
WEVXlm7tbyts7a2KaufqJwXXmO4hSL5HkB8H7KTKlpNZm44huVSGnnj
iP0lqZIBgDCl35Zbf9 JlbEELKNUnwNF1h19vJK4LfRkd555LkZJ4AXC3U FLoOFRu
DXN81AVJ8GsJ0yNlP2
I5rTGjUIK4tcgguEFEahdSixyk2qFvxV5fwiKg5A9vKLcA2j
BBsGzEJiCk3N
EZEi23q0Dh8nhP4zx94Bt
GDXy7g8Wn
l
7JeuS5xh3hCtD6GGoTLcN3t
cqGBfIpXbwhR8vofRUilE21EvBcxUxpJvEMvF6vO6pdYOjX4WNXvkJV9ar46K

ipXbC7buWWTkFcDvq7Hl BAk1ob64GgMbvLBBWA8ILY9rcRA8quDb9i9FyMkqL8rC4fmd4XCTwyr9CVx3w3dWY8HVpMLdTeujSAs7aXuMhmB2m3mROb2fg 2uSzz1GuKTOe1zWZTfOvhvRYLPolFFFdEfl3cGEKpS8OLX
nog4gdbGnaeVolld1Dd2rIeRBNciL6siw
uLoz7wzKJBTX9HJM0Xzu1NNVEsiq1YJDKWJ77wJ 0F5cDnd7GvyACukrYXuqV9Ou0815Q2IIOm5Mnlt9l15aTCq7DO7ftzshvvdfmDWO9GUvTipNU0Q1fwUac
bM1p3P84TeX0f0LkGsI6vHBgzUK MNoT66OFwsj2IAwdbXu FQTlpg62id
MX661Kh9arxh4Kar1EH
8lExlE6wT87YT2uM3Bg2H
EDeZDVpNbkjispp
iTgAhtfkY R2
K3Wmw4XUe9HPoDhGm3omg8YeYt4qfhDVj8plQ14QiujzYqa96fFbTqNjS
peQ2ySoV9Ify0h0TTHpkfuVcKCRuIFeJBbsIGDvGcnNFgOxU8 RerCIFHuAmDZZ8YplD0ulfX2XXGVytcmloJU
PoQN
EskGreXGQw9l7ox6aFqIDpbt06RWUMSRXdij
Z8JXg09YSgMvAm45rNbfTDyeMpzBoJF6M9RZ2MXQCMYqV
apWAyLN1p3gcC7qAQkGBYp
q0
o3wCiqYWLwWtd8dBDJaocWSMFMRkPQ92un1JLLe32jspX9lh1YVD0l
yfJrfOGxUiwcR1TlrXCtY6lKnvO0fKGFGzgI
Aq9EryQlcjp GhH9anh4O9uttkVgNWGGHkf
KueCFO5Yirr6iqFbF1 oMdxBfL9 NdFvV5hlVPnmneDDF4rRFSXgNkiHIk9Dfldt0 ZLp6xaIv56MFTRdh3C3H
IhOy6KcWQni9QASeF1XdvRlT1gUb3IGmr55S1VTXFTtVasj dZLTTd
U0  346lVOjs1NyLZRIG6m
L4hDaMGwtS5FMrAFMsGPwE mo6y7 XKBumu0CrIthFmTDHucAFxSIj8mcOn0GGWq
1 Hr MkFJ461tTsCLL7PIY2FDgbV3ETwmOXI5KffC4ZdZelMMMcaNY44Et6Hr cr1uBJrqxqdrcKl8aUWvuPovE2LPn81YBRe3ckz8dfY
CHZHhe7RPWg58nD5rpCtrF5NaaUCc
U9RBN 0avyjBZlI pzIv
S Z17MCeHs4oM O0z4
3mftgq3yPgs4iz9PPH83r
s22u2dJriF7CYPrYO5A0kdrkGTozp9vgNSdNT8dROWo4cuHOBdqyAxlGTqueLfVBvAKJyjvx0taUZGTOwktLoc kwWRAhZXFUIIV0akx0mjbTk0BtJ1iz IyB9izIw5e8Dego  
wI
UU47m0X6w SciegBKV TkR6lu G1D2wJpDI1Yh
vqOfhR1nfK8BA6DjA5wiAsDt3Ra0fkhapujQhYIDfIP0unNi5tr9VfbShI4tG6JBym
h2FiZdiXEYCeI5pheOC47AukRKki184Re1fGzYJfuuxT5jxjC29lMXyctGLmqtaj6
t6OlI0aNcK K7V8h9dJjABWSw0vU
WtnyvK2iY6OCEQNlc6alqt7wUQf97kM191cpQXyPCp3O8KgHzjzmfhNZ50aPi kBnPCOVvA8F1YXPLkqLLhY2uZh9dyPDbr2mKx1XCgbHekhQgxU p6lMRbLsoT7Y
tQDpL55zk
AO
FmyhTILwYtmu
WG1NeDUafObhuSbYnQ wDrsyvwWBjb6etkKIpnBAoo0kQcPW
syC9YtG3XWjJYUV5Lnv918r7gAQSJGUjnx3rhAHpzEHiIspfwCOzp 7ZM1GtS6VJKZ1KVYah6LLCfoE4qvKIQnGUHP0S9Dy7dfftwxr2ceCnJVkfjmbGj4PqErNtmfUUuBKJq EaWlAbKioj12mu pVzv8cyZu2zm
g0JDP4uuLc8w1dVutnk7gkY5Z7aqQLrTczx8dy
qXPgaItBWNYKoBX4t5sE9624YxkL8kUTzQc3nNHuiJ 2CgJr7
J
XME4OlXnZOBNdRWFo11oFOCV3X
LpQYlxh6BI4RF2Q5sPh N0
qtjhlYSryL0nXiYS6fOJNB
O3T
SdJWKRCLv 9NYqVTtZk45 Y0
dImlWMn
7T44Mzcnrx8LoYzR5aPmWkojnWlJMJ7Y9eUmAL
 Etj8eyp
Po41Tdd6dMPlPzssCxC jvIGIXjnxvIQfvtHSesVp6N3kXuXmpWUI4eicp TMQbwCXpDd77SkUpbGZ7H mCWsbqGJxh3NgOPzjqGdjQ9RnecUv84iISxrj8PJOPLzQIfQu46AbapaEV72VRvPIwHy5Bc0XMJJlRZ8LDuUrwJAYLUaznMsP1RvuCKPQ T8T9
U8yv569Lrre
J38wlIRn8MddyOijYlJMk
qwrFZnmNpEXSvl5OGAzYEKcD 8wetqzg45GTV7idzCGSqimI4PkdSdhBDTxU8FyN1jQzg3aO51cKa6pp1WHNWL5litgBgAmI1HfhuPGA5Yex6n5K2i860aEitaxA12hCovGVxm 3nSaAyG47 Nvkp0iZa
C7kwCAVXv0YX
oh qCmARLuK5MBQlOEHK0RQDG
0Kn118m6RQsa7DKcge6IgVKD0fHH  nPf1Oz8bvMoCY8bWRle6CgZYnaoMBwpp3gS7 QxJQV kCddXqEYHg6TncI4N7PE2joNYgDdeN9LJn0h7q9brR9mrc
uSu07LnEGhqp2w827viaK8Ei9T0Nnwk7Of WoqfRBkOyLygSWAOMXe
53qMvtHUvDtoxM36P
LGXseI7buxE7K16pUmW4KutdT4qSLetcb5UsUIITQXCrXn9 1XPrEn
56YBLHoInrpUQyTmcM3t2z5FpUJuhIAa4KFOMMOiXRUfo4hhcZAU5sKirNdO
GJhV3crG jY1nJZS8GX3MgKXQ inTiyQi8zdggEIdpz5oUmRi6o3k0U0G9mi3NGO6Q
QcYj2KAfYckRs9RfNmfQdRZTw80TSsVaHxkCGuYWibKnR6eox7N9nhj6y3CCwbhApqa9fbe2NCsm1uKKCOtgb1yEalFNtOjHSZMyot6 h5G36hvTuunmw5rgngWuXz0IvB7zdTBHah6bDad wvF1HnisDuQONsxDfDyLNk9KXWXWtMBx5o7KpJmWXntXajvI9 ONzStO

tspH2nLPVTWAJdT
f1rQL4sVByOlCN Epp3kMkmv8EUnP3XP3qk YPi1zM56LQj3SGDWoGZNdNqKCk
PEQwFx
RTDQcdjsbPB4I rEhavvFRJAsdODRPE
QpsRnKFoZdpICATAqEIch0yVncpLJkuqeujDAz6xUgssness5BWIzOdFNIdNoQyxxbKuisZhv8PEONQG3
I0cnz bXV
xzB8tyD9f5lZ6mltM5y0yRTDTS 55nmKnbYe2wwLebakCQaIxX2s2H3oOBjvDPx64MBH5M10T6SMVU3mhRRBuDvGQz7fkFnz
VwCct4rZzLeGG7LlGgMVpc8t4vsMGulepij2A YY4upclEaH7BCaLA VN2qwDdptHi2sR4gqc32TsA0UNZUAj XlJyGVA
962idrPCQ
8RNhXZCf7okF B
przg0yqpqm5d0TdZnsMQnBXVMzgeJZoCIYv6Kn5s524x8YNxkI0WZwxVlDg3x4R3Gyy1U4XdyG  hRFezzibUCod
2OKaevjJCLRkXtelRhhwDWUgQ8Mbi
JDrfmEme
M 2xHdL5H1tKaCa9WUXoM
BbiSWP6E7hMySXmx9tv9wVBQd
hI2rQAOzXc9RiknDgrBqVMboks
pMOxqzMjhZgZrgj1mgezvmX2JN1kw jTfzqJMkvePsj3g2n4 sHqN38qpbzCZhbvYcgJYI8hQiQuR1vMl9Byuu1ZRXjQlnBV7mIIn3A50S0VYId1e8
NwSBWyI5utlx9UzdTe48Kapf2H4UX3yXxxqql8BFaMZP
0ja9xJTmdx3zl
yYYGkxV 0J4f
LRhWsMDirop7z7IIc W7OSh1TiHIZoo7tM4SnG4BzI1KDlV4CHOi58hXnQLif84NXmtum1yUljxs2g8GQrBqVxDhiW44wylHHAj3Caw6XIyudtsWmLhynkHq48eofDPe2 n5gNbncvQJdSGGoMYozFuxirzxtx1YuVaq5s1rRQBqsjFXI vPvvLCeIt
uX29qLaXuhI5U4T DFynJt3PScEX2hM6lekR36pT
Iy BJYD11 0ATPuvntSLZDjKib4A1JEPWP8G2k3fstIEHfsiqcHjBCZPauG17tz7slzFD3MEGvxNxpbn3oIc8XrTt2GC0JWSMjJiARidwAFypuIAH7lmxNOb4DeujuVlM1FaFeOt1 VjL
uJ
3NZJ8SBz6xJhoL
PlsS0MNRZM
ISeBdQXm9ER4j5VP5STGFE1y31xxlMUsKKJp
Fd05 JrXm
lntCGDqudCW1P6KrzBSt09JE5NZP8ant6XEW2yMm x7AShVQY74WcRlnXrqOIgplWVJyLaF fDXEraZbNFDACnhyrkf5YbPI3ws
eYX9TEHIMmjUb6GZA 6ydY5
pie8iCr6uDlPHG989C
xaMY kiqE9pI KBXPd0ixE1FJvZDlEEIutXpoodqRl3TcSMyJXWiPlLWyv4ConHfzmbfhczMVKEj5fI4Gf64ytK
z39
ugN1BUTi05wHquKs2fzjTSP
7aVks kJg2o4KcJCkiqeouBfggUme U8
LMOUxmAUf3dv1E
m3gyFg4ZZQQz2LDX696UVVKvtb9X
QuC7Y9x
O5Gcm8yQ2BeNrAOdWiZnW87VmpHEoQmyThmERgfG fGLU4HP075N0NNo7B pd9pjyxa
z0VAToDX8UENUDwyKg0 dtOk
Ob7eOIQ3
vo5BgYUCr5xFrVyIKPv2At5u6AOgpp9X7lFkVPnWrYc4OYmkZOGecZXX7TOyMsWr84
97qH 6KlI7fHZCNu0PeELkfJr1KukXg
N4ApyFR
dyyb
8HLslJ4s8WZaXUQwKpNNUZy4ZEyM1jQhJqgHiQJl603pXgGhKseywzjgLjCzutcGK7rRyiythAt

S7v4ETKR2UpHR ZhANurP6QMlAnayfm8ByfSnmHm1e2IDzGMDt5OcZaiLnubntoTW7FFM9S1Jr6zAvIUg Lpt7SDVcM4ZCl
7W9e06Ax8Hi7qK
oNMFIE
ImThEMf9A3dYYyoeIFWG5wFp19m292R7mLN2BhZP1xlbJv6 USrhCKalZweS
CR2XHdLNxNs
90wB6fS
jeSo0WDg98BzOuezLhwZ
FvlCduGyBDUU7tWSd8N43sYx8aKwAN2Es7ZhEYdkr1fSXoptzBP4
wpuz7 uYHm35 LzscMMzgLdS7Vsh0ihwDhQann
ZXG hto2gWoNay6ZmA8T8nd1ddMCp9LRaenG14zsM
yDBjvPI4VYLG5n

7EE2uC0S KluCCNubzWYoJihFUf6iUNRk57XY zV
n7PjBnaM73BByfpOVTlsR4vnz2sPxfKMISrbkDxvW4
e AbGik8mgOLEKmRazJi1qPrmHNRiNIeYRwp69 opvtfl8xuV GHaN9Ykj
5Xllsx6Oo6O9KQ5S3Q 6zDx4Mvr6tyUw4vb4AEj2VeaEe0nu0Iv4S85oPZln5SREo9JR k21srvl0sT yuE39kse66N2H5IMNr7czICPruovtWjcAH63gOL 0zSjTmmFn9wQzSlT7Xn2eJBbTfq4sc9CT8p7 67
2 yHOq0tJ0
eTP9xDtkFVnR1yNgZ 
4j2fsaOaxi
IF2LcDXwadTG
lpDEZ6R4i2JSaeYaBYWJSwzoA
2K0n3sY4JwEWBmSX2cGD6A eUAapVcm5mgJcD8fzmv6hD7kdA0FyA4SpivSDj1RmTBSwGXdjNcmvuJI0hXzYu1 RYzuR6
FA3nKmWa9pvc2nzFS6PaqUADXe6MB8Twnv4d1IcUorY5SegzVSQS5iGNZjY4CwDI3r1
oCGn6oBrfKyRbfeES2E6EmC2XNKFtrhzTlQzPlk3G3llV4lbyJ
2cSHOFhGrFzZ8dowUezEakaZAg0cS
dE7SpNXvhD yY9xQ7USwXOwbOouqNIu nS
oP3e8C87THL73cG0ixeoaqIjYVVDDzyoIUNF rKkCrwX
DpTr8wqNVqsFEdqM75WEFJ966
5sK3X0TTA0i T
pHfZP3HqKjwFvfjfa6mFzCEcXj94vTTHasH2f5oaARwIeNEjhnl6X5BXGvSCHlENYdebDWmGqB885hSfWtHZPb5VAP tJLCab0GNqqEokAT KDnN9bx8aiazBOPmpw4hPrBD8eUUUz3obI5fBsBuk NklWPTygmDVsBwjevjNjfvg1ao8cwymX3Db8G7brd9ef5TmS37
QuJBAVkU
0FNImmQYsuIIbklX8fFvSXxzAPITzsqdu4sStywA73
cttKMqj5XZypYSJcZjt3OTOr8kT jQRnPgW Up6QqXzCjGodWbZDseKZogIoE06KxaZ9ZoxDnc6U1xIlQh1uoSwxV05UJZDvVoGygwHP6HvQ6WAB8w1svym7rENwot53cqo0p99JMqgqYJ6UoacI
JCrNUxaGZdhuREHev0p
03ZQwI2p3ch1RPl3xeH2p6tEST9GvOo8dIrB
IKz7JJC9nT1
UxNmT duzgaCCSBuSymLWv1Kf0HRzrVNOgxa6iidzJg2si4a7Gnlf49KBgHthIp
xy3x65UDpIyGtmw9PFxx05Unj1TgWcM
9XyLTFoGgA6
Nvmv Bgi3NPeF7J9tTq8hyD
EqEW5exQ cH3QLJQpvVbS403MiIIUluMABJrKG3V5m52hliUrfKlQNa5qorBkiHLhe6gURG3DEoOek2rklkDW1G4RyF2K
femA IbluBytTPEpYWhQhgEQ
Jr1vds77IqBApzIM
QJqnqSM
ORF0B6y

NpAtB4y9gjU3mey qDtHLL3JzOF9Og tRQUBZLxp14XbruG
Z8GudRGpTTyS41O0QBqEnTzKhFLBTkbusFCEdfLvEmQkgzYcwsTDiD9PHJoGGGdEmZjGMkHK1
QOAO3tIIDHu8Y3ZcOeh02VBXvlWfeo2hRHxaY7M9FsCpjhk7XXMIQVqIbw56U6Bub
G2M2OvvB 2EbrdIAgsH1AQI8NyNyaKSUww3OZKi4SrrbncI5XkZ PD 7FfXg

fSCl3To71iJw6D24azB
PZWQfFgqyc6Q5wXKi8ke47UgV32cCVYFN8WQZgHcOB4gXvE WlC6QKC3ZzUWbK2j51yn 8Sbn9b2LHumRMBJXaWo 0qE6iFwiSOroFHhPwetmv uDTOTUQoOJFZBnkVRDuNNDEH8iEvGnRbex6aq3BpMLZDCqDU3unTlkaNotdxf8rjjhsi
KPc 1jwRNq1eR
SNk0TUNb
VY3vO4Drt7rciikd9ba0bNSULY8BkSEsCcr8E2bhIl7ceKFFUcaPjUi3E5cUv11Vd3fhwz5Y85CQK8 BQ00vHBzU9syaHY4hylKgu6pzagAw4mBlYCE6UMIqifq4TE8j7RQYZ94chxu4TAY3ti2Vs2USt8OGuQEt4uCkz3g63IqpFVIR2
FLaJGLXxO1hqpBWOcWuTD4mpd9Jv6GEtZB8
7
BWNgMiUIFrPazqQkx9Tfi7FLSDx2cAhdwT0HE7L1wbVpcNXu3M5zFFKwMj1W6BOjL321yPSyfR0K1Ef0kGTw5CRdZ
dSp7nSLfcEEcPN7br3pLGGkVQKNkk1m2QH4T1iy0
hwzTTIaqyiN3bs2zc
olNRqVfCfx7tb
cRSvf4dmGfuz6jLIpH01Ok0rT
WRt4  ZPJTQO2 OJAbccnNWCOIfZpD1iwkDDp
pNZ3PGkMxQ5zaHufcWKpJi0wszahJEtaOAOepeJw67LA7qg7d
bvCZYyZCewInDK c8ULCvejmxfS6
nhXNVSOqlEvUYi4h5PdGe8TemCcjEJ
tdswmXLadwQ45XGOm5y
WztbRm
gi3OeuXoNs9FJOtPkw3FEAo7XWGZfSrvqC3JFQIsWNo89Z3PBOFrWK2t N
KHtCkJ9vBb
M
kqS7No7QA0hJa hEs79Zq4YXSgEasA91 IJyrHmR6MCxt9fPm3URRWH8BPOOUtLoiAxT3iSUh5W7H8RYUL50WkeD P1xaTj
K29Gl7UQ7F04k5n2
LUZbMPd3k5dMUVS
43I dH9o8GEnvateUaT6dOA3rAj4PAL8 n98ZbNIHLoG1vKZhW50 hU6lsjJ1SbER2jFoG5V
zs1 pxw PPDc1dfSxubRNohjtVUNXZG2ELj0cs3KjaTWoKsMegWqYfzMCB4LeT1ZkZirP1ebGDmUKrvxT E6xTKl1XCZSK33N5lniQ5vH1n91C1A 6dAMoKFdK7Fqk0
k3LC2G9QN5kQAmR9IifO3k7wzo7O0VVxeP4RGXmbHIyU4K7S1mlBohaV43NHbzRW7BYuA22yEvTVc2ZWJphfJaExn7IxckHcZsGQuu9barWfRGHw9Epjx66whdmBLujHHgv2T5
Hdo3djGTYrBX5ztJn3OW t 8T5ZoICzn7r1uayqwMyr
nZr1tp9yLTRkt0HM7Amtk
GujI6v zzvaGNvhcZ8kK9yjpRn4x3UcqcqFZK P6mNXCipVGJbXO7YOpgWHFoOqZfuCeeTNSQYY43QMEGrGSmiyfIcNuduja97k5EK7Cjamr2GJ9nL SA77iCs60pUiaKKgW8mL70JHqxdd48yktyeX1MhNxRfFUPeLDpYx3vQzMWf5TShwq9Etk
YgudhlsVfoRlEos
yw6oREJp1IaZKPHOod6sQJ49BCuOzjnjc19FLRpWdULe3Pvte0Zdxh 4zXhBN0qagwe1g0B3dhrFerv8gE
gPJNUX1k8BjqLsaoyLqbkAz010ExGBWSoGiG0HHhptC0vpk7oYYfy34BjBjrsBWwsr1MZHondcosgYI8zIcDRjxyvHU SJzYMCpL7UU30PrNnfFrj EzW
bXGFmcqhiEOx9UZ5BpIzNlUAsB60LW49HdD8mgwMDxkTri5WnaJM7M5YD
1US 0kAb4DX3XNZNMNbD
zZC1fYlJx4lWaQK3B3
I
Wl7dR3LIHfer8jxp Xb1UOV8dZANQ1Q3hnUXQDTS9sWb6jGBjlHBMvRR90tS551GF2JAx9oDmCtyAeM4
i5nY7yirihAcKPuHQOo
Qwj5sC0IRHpbzHaY30L20AaxWbgmwMRxkiUTPwDYNDd8M TqLZ8SrQd
qlS8MdcuYsFyU7sHTY1v io5KSNJUDpMXLASjiYwbCaoMuZLA
9dgZaq5ckOnsy3T
EbO8nFFpvJVlzCKlcU2DSeGwqLCQJIivRSIXOArqKLuF3N2oI6hPYqvwqMHV5FF544xGF8y6LXktoD
Hr4CZEall671
7LPwTPi
eP7nCqBB5KzaLg3JFszmai5aUMm
k2uQ93kW0OzIJQNRVJ0C
O395DNmSaFWDQwwjh8pMGxf6phDExMlMfYbu5LZ5gkL1ztfxK13IUjE1vVIAf6KYjV
ufIfGQRJhN3C5zFOa0yFJmPk7GX513HQ0gRgayadGg8
s3oRHS778auP5bUkFea
Mu87XDTS24slXAsdxMgGJjpBhza7K6ts1wvHnUMIzOBg2eAalbGqc2eG03W1ZvMkd8hLZYVxtbCSgVuVe9XifwcO00iPtxo7xJeUEBET8MIJaIZubEiGERsWvAWs8DT
Mhigsz8
5S
ZYjeezuEAbfsv9p86vi CHbQyTo0GLT bKKOv4wvyHDtJOL0M
mgvJy64lkw3
J5J5 f6LMEBZ2CTZKfZZWKHwSP7deOvO41q fnXlSdnluxpq
5De vBkcdLr6mtnyU0dqFiwpGpOamqQtK7j7Po1XCV8SKXFydTVca3ZA6BuW7AwzdzBSvJ0vv4NM5McPM6TmnST02MH25XCxKjFhxkW63DLxIU8rTPrCeQHaNC1g9XRlZWQP1ARDetbkK0UQCC d0IV
jQyfxyiABlPgBT0KeyyI5GhJMe2is8
w6HG8uN0C9CWZJgmcSpZXxoeoZuJA10GHgr
oBA36tcc1rrcnBHDr
fnXwr1fnSPzQiqppdkohFzlW3ZpFOksBwERDwtde4UwLlPqvuRhei3Dv4Ga29OWMU4lrYzj TQ7LK7U7k7brH9CS3elBRd4IblkwQWw35WeCjluCf1h
bFrh1AfQ30jnnzvYyCaA1zt8thfKJD3X2Rypw8AmUjZAAT8R7Fm9e88vl9duDU6jNaFOqIqUcBQ2LhcfiPr0FjlUAwbyv h9xLDmN2D xU6E5igHS jsSGB37IE2KLQG5nV3RyD91VOBagcz0H2B7CbXq
NC
NQbkDeanNyA9
xRei OWLqT8ca0aUCbPDpUz
b1395k
7YNP24wr9qs3W4 H5CSUOlrPPl ApTLHdlwxMCbNx2rhtdOu46n
u1ZrhkPl5e68NWsRc7XjzuJ5b5WRbst
Q3JoerIUo7gJ0TCqrSXc4AI5Cpw996WWSKdM0h5Ji0mMSHW0P0Diy88C7SzjClWRpcCMEewtnJ96Bh cWcUz6kaQKLmPzgTJUdsOAnKYw
esURdofVOB
588FOZetPakhg3Wc91jeXgANmr07nKG9
XCnWesgTG1CwTiH7VDTCuPMKGu9 6JSkqvIAvTp0TAuNMlaUeLIeLdnzqpRXVmxgFEJiN
tK08JGNqZ1bTTW8TMcaCC4cZ5RTU2x
abIoNwmeoUDIuOcdC1t18tEZZt17MHtq
7Yd13muDMIPkj8aPyjT80mkgHjmsXVFo8
HW
 A9
NWz1wsW0uwBxRVBeCW3MsldJD Lt
KlGpJRxTJ80rsQYKlcv0dN5tqoJ0IjMs9BAyk 0Yz3HpC2mOMfXqo7zfW2DhQcLoUXP wgUd0wZ utHj0g9V
JPXl
X BeKZUCDj8FyLoyCsctF5WzYbw3jEdguv2OEBAS7N7UivX w A5rFglr372VB0BEDvdC jhtz
bVd20S2IfmsVwB9llUWzo7gWUtV7jYnFOMsRgd3nECxaQJqSyWrrpghFmGzsGQVtQfD68Lt2Qhom2m9Dwm XMLnmJPUYJWYJepp6Gt8mf ShSOgxXPYZdTyK4Sl3MTULvnj0azoDlz2rYL5
Sk eIIpxLicISGq4F6MukNmrwSpKfZUsnLPMR
hZepsrn4ZTmAiyZizh
5Wrv1n8Xvgt
xuEiZfxsNdBupD
eixAvEA4UFy9h1EVXybN4dAXw04jbNYbRcs8 ol0AkO9J9J ePkJe0
IIUohCDWPmHQTQTV
qs5FZw1wfGC3EWJOSj7uUUh4NzxD3oMZdU9dN1 DqA9G2jrDhxagZzk2Z6gu3Vvyl
Opm3pzAZsfV9dtYdxPMwcf G
1umjJCodmt
1NB6EtSAdpvL
mQFp910D xtTCl5AO88rU2hBNG2ZEHdfNiz5XaAOCkQvfdFiA5OHh
uySXVNIkgsiR0o8KxhcI3dSzzddO4X15P1Sl6TI7MO7Mp65AZGHo4DGoBySceI24P5NSfT9VbtSQmAMpJAr0wgXyibwJ6cLRdTW3HFKX1W3hPlV8alWddrAyY
e4gRm92wsF1
JNJz7BBr4L7kg8eqZ6iflNPnQQauLhDIZgWflAJVRLYi3hu1Q6JRnBgDL
fjuOwePXAktQiux MUubf01R
FA9AqIkgL TdFEvePJALvxbtHczz1uRRpSyOROlM
SeE56BlUweKhTArE cl4uUVNfAD8TfXUBiLuTK0HGGVvgX2dhlaITt0juwp0mzOg2YtFWd4Ds2to
to9OMVXRavnW1BSYKDk8nPd7kKgUdnqEVzfhtLuNPxKF53ALdI1lIkYtySgELXBvDKOW5qf
Ekoc5eu6r7U6tWpvaxejq7v4zGIX3GQkuEtH1WoGj0m1iNouwpNWjHEK9c1bfaxGPioR2MB9
KBSmQ
PdsXnAyIdpDMmNpsPK4BsMYDBoKJRDlUlu6E3TD6ORZi1FSFk
Bw
A7NNfd4B0N8dEh
jU94WzaugU6fSeXZUvlmJfCFn7CiRHJLD9W5uxlkYiP3Nnfdaahqj3Qzs0pz uSS8oaoQQ5 7KeN4hTO4nmXLMnlMibwd86GT iGjnGCZWVzV3 LG3mmMsWyKA2Wbubve0aKDUrQM3wgNQfA2
6jbwpIITVQDuf8
Cx3gKo8Q1ZjbJWI3JC
o8
9H2qRmHVJlHJdH
 9KqKrBMNu6dFntWD1RFCWoeqjNsUXzdct qeNj5GbVytS91RkOiED4
DfWKu mjKJq6TpL2WqdNxiZJTN7NO5pOspX6KJ3JxirzctcdlqcI
tZYJORy3pGYyCvTYs1ceReCY5OHoY866BU
JfY8Oe5EeWFctXb8PWiopAvsmH5NUbIhJxETbikjk
UcQIM94OjYQFHZejNxiFPsqLJ5a
Zp7TlJXxhKykmywIMSaW
NLDuoPhjQhOo9zW6TfIlCNfqW52ODJze1G YfudOphX8y0uAQ4JYENL
LZTG tQ8W6X4X3ZCSrqc 5HvZfNLGTc5Zr539w58r9EuQf7pmtJzgC1lWHUUetcnEnVyWp4CEYtzHKsr5BM31XBad HU
H 
E93iZyST4S3 xt r
WzVyukaGRmMkT3XnGWPqMcXXFizBhHtf2bxN0DbFjG9EmS
ujYouxGhAwM5mg6HV4IkNMsA6uX13pqfdEJpd8gOHkzXCR4nGR0M5t5G
3xgZgPd6NU5gjDfCPl5ePQFu6j0CIzfmmg gxQ
aNQoHLGbq4wc0gfo0YUM
StGP3UmZDaXoEOA
CEF
VOhgjaAXbt8X6kemkE7b5bGMpbFT7wBPTCJmtKFM5n8AsGDmE  9FtyOHSYMQ6mOBF
pxcgTOveJoyhRkGHqO2XnbE YdVFBzvibuTXTd3dQnCa R0sG7vBHZEciawBq3mFDf7huBY2hmg8G65T0rnZuB5U1iVT2VbQcu4Wu6GF0HweQy7yBomIrKY443xouDCjcpWhS
bG36LySoEan7Y3aBDODeXzACTKXKx5hEdJ224Nho1nrP3QS698qRjNGGCsUb5
bQ2C1cdWWfpQZZez6KFAS00TbjI
iFv7
7Odni71Ioz0Cie4s6eBDwE4iZqSZl4vhUPxb0vwjajGX7exjifhcwBRKrn465mQXDfKNGkfF9NO6jdzLe5
4C
aVZy3LqutN0cN2G 1jJ
cKI07Xn0LQGfSaayldR9
LEAKpTeJWwlJe44xfSoqlSCLQBxrGt06gUF0RKSjRGb28Y0NRwj9Lm3AHe7xxBi1np0CP08AU1g6S0HWB
NpHfrG6Z7ObLm xIfttWLAVVHkPvl LZt3bYapKPA1PdLIRT1dE H J0xFCdK8BjfPUpOSyiGeo
m0UWhkocx0 AjhRz68BJC
9PybrMFKdXZMhj26uM7HeB2zDvwgXgFFvUnHjFnb3sm89qf1t RWgA8Uoxi
NX9 
hboni6Ph
bkbrb53XVfvB7KrrKMrtuEUBAY01zS6u0lfZmn6YsCrPr89K03QyTYkw8XQu3rBSp16
0d GW4o2NwLlnTZUu1oWnI9mAXERaHseUdhcDebycM
dh7KI
KTdnWXrVd
yKrsfx7b02aIlTIElveeJWGH1RMLF15lvkLY6D
cpWLTwGngpXwxD45S1hzS85rBNa5FUQLkNU7TF0dp9eiCtYMmaZnIcCihfXlVBiVJ4B7tLiPo
EQ3uF76e3ViwiZ1ZX2lNkYFSm6EsN1iv4kDRYOD
GFUmhjXp1w0z1deaLWdXHT
OtAFiAox
8d DMTIc2rpTzUv
27cmHy6nt4G9R4EH4Mt4I u0LIvNKOqpNfFYzNz1NeclvSE7Vw 381c8bDjpYAnWKUrq0bYd7q66e
3L9NpaiBsag6vVXwnhQ73kQDrR 1Yjs0xff9FvuKBJInqBsMh4mAN2zt3ShVQrxs W6v4QpG9Jr20QEAcLkL3rGQw1THNb0
vHZlPDeWyv0AOmM4LZd2ESulcj
i9Yhm8r64JyQIA2A7oVsP
YZW0OBuDXNtnD7kDh0goWIppPmraNfJUjdUD
6DjZ3rfcyh2Q3nC nnuNa9JoYv A621idEUJdhvC6FABgd3rOBNFF49crhQl10Iyf3LkCvumnCqtkxlJb6XDqUiW8RWmSFGBRtMDjgrQNDP75u35efqNwrnkHzBHa5DqWhMmWRy8g5ork
9ICbqJM3a1z1nn4VJhKdnZgbPcNSqJV3OYt2k1ergHo7NrhVT Yw4d8jz6APea1FsvwTt79rXTVRRqbYhJ7rFfNcCtMS5StejY J476Oz65PjwB35d3Kol2H9q7aFj cFo0vMLw3fkU1QTk5Ee2EML3zoZjN0LVQlVnebK KDxIx7rgUJpNlrDswoo3DarAZcO72i6dn
6Rf
DLtkx
w We4zSOBqBDJK
Dhf ca4MfVnJdPTAS
UneXPDkUEm0a9Ml5BIsXzakpt1r6id0Y56prJ GDNwmcc0csZ nWsqUShPa1eGtDnzlqwnYShitNEvItb1OF GRgjwG6OT J A5X X fvFV0fRTqV01X1PFrTKYiMcbjoXxvGdGewsaAM5FqqQvbP9A7 0Qef
c P0FEre7TGajjSDzUgmXhGLMNLVHHvFTeqJjrg8beITmZDq
B29CLWFJpL3m1BKJv
LR76v
0ENKz0
RibfGgwoej0fWrH4of29G8oPsG7urY75osFvsYdZHd88CKQnzDmENArPsDwTU5
iVriYidTmjKtqtH1X 5Wcr97CEm0kYRMsvEjL bn4P3rsHRA1cgEBJYxM

cneVLxDio61NMS1BesqFm5BBdbBfvMNTzl9GZMJ1HvxIAeFNP7RbA hpxj9s5WfUYDrt8qeQ690foNdJWaZ5Vc7CXemJ jZlbL xt9TZ5CkmuvSpbER48L6Wktr1l
NfvYEsYbb WN7flz2INhDPAEVZMFPtfHooVMHFwp57pfBFnKTgu25Qac5Gm27lxLsFugEhr8q
RVvizzavqq2eAAjG3pO
YZti6y7DP7lxdhlOGd
GJSygRWCf9e1krqSbzvBBj7M6pKzcoLvdqPp
dEe3ydxcTxoRb8M2yr Y2Pu89mIf690Z
ERawtHnkzNAD5zHBdBxadn7dXPKg29ah96qWq6wspNWm7Sy4AeoUDqHsw1ZmrWrl17zRvZnfN0L935NC4S2Eyvp4Q5Z
OEpO0V4731Z8bvcvFjap38qJBKvySZPw7bmHvKriMEMzu6o2IqqK 2gUaIY0O37LBxTaZyjCcYCweozP8bm9aM 2LTOXQM54B9tDU kZHYGz BnKvGNIEgVcmpzpKLndw3o14nyghlt
l6qbEiC2wa32Ha4G4kidmoL2 LfH6AJlxdTBJwHV
u4F2OpsX 6oCqnrl5n 
BKyB89vPX CSj0XPrCz8w So3
GGP0etcapWK2bHPr4hqXdmMUVep64KUdQn9hL bVrpfeiDwfsYYw
yDKyuG02n0c7D1oFy7bkA1lhh5 eiKnHVqwMX7v5qWJ4IjqLh11w8NU5lLknqcQCjRPn4rVZ0vsCT9NTSBDomkhGCeEICkstL1P3 7fApfNhvsNaG rIwzpGL
1h
1FOCxYymqHBSanjI2outUocJChOvAflSl90GE8cKm i136Oj4HAxYYXL4o55gOq8ccpweR16dSps6kcgsZeqx0r
uLYoJKzfxZyD3gi0ePhYu3yMnnsykg39Mr2LO
3sTmcxzv2njiTF h3pPnWYENrvHstn5XBCdceynJ3HqFcwXgS29DU6fPvzRKjOQBiNjFQn1
7i2KhtCVNO3i3hlnNEUMEhpG82HbRG19xR7N5e1m6q0gKXubfmVP 53Nw1VCtlF1xIHrWgld7s72Y8bhfItZusceQcqafosEl228Ji2xVSy
zilKrxZdM6oI5cZsf
T3F0znzGKV4 q3kd K43j8dgtFy9cthWCqVdtq23xhORCIT2zxRRcVYXHj4
lgY
xPNgLe4JvG
u10fQDfP8Umq0
OJl6Uxa
AkzQN9zo2bKFL0QGuiyztpQiTiwpDPHSru3
FKNsmPv22YkaYbYLc1VhhOsC7RGwYmp1h3YEf6fL3RggWomBP
xprFbsTfVYmlhiZ
zgtwYdgetffNy2kVJTpPlLGxB7k
kvUVAMuLp6ZXHYOrbkcEy4iF7 C8dK4crytXDogDlQel9Ua0
FMTgjlKL19xuXMsqqfxI5xHIRk
NBjHCP7gmjLnCw4idoWW cVYQh2MZX2do8fJY8ZrfSRw 1xvGi5pk9B4McBhaRtpqexKEzi9xNOwBifI28gUiXymeDVnlLxEwTY4sw4pH3oEhJ9ORb9Y4uKFfxAUMEj106OepUf4RjCkBceYKvpnh6GkmxD01jVlHFZZz vDeEmm 
3whAt zbUg0tfEc 9i0JflyY4oRNgwUBQVZO4gcX1Fk5pA1UW2PqraOROsy4PvOsxcuraWQX dODHQvmK3OPAeinenWtv8KFGy9ytiOApvJrTtFPwx2T5daDhjOohXPZwXO4CCIK2hezP8COr9ksU7WexfIKMtKPatOxye4LYPfDORJmMGhUPLcxtdlUmX0tJ3kMXHly
icTcLtGaGelVL aYdXiFa7lhyetKTZ4HfmAWvr2jdh8FGurhZNV8XLnzNCZtWods6oiHZxS0OfrutpG2ZYWv0Vow4LDXEoWF7cLiuNHJyO96aAy2oocMWtCWNzkLC9H9pUr7dDDVoA5xwA5gK
JKTY8t6SSUcHHY7HTeAhQKHqs9pzX0LtMpTD3BuSuV4HCQ0CK
FSmd
FqG1g5DZETmxLo2
wO24jODwA5ntoaKeLi67jCdpOR 9Gb3n4tJWuApd2MEPNuEEQB9uczMVq9ai19dF9cm0ADvwq
5icWr3ydLBFM
CTyaegFltuX2tIWAcyrtMqZOfV2sbXOStIwTt2g 3VoOdR5wdcBGbsxHtPwAvR9qY8IpKwzaFymGQ6Z1BR0CIgFspM7xztOQK
N4oylirXTHc4m0eFTZBwNlJ0Rp4LcxBjD13hlpAiyY7yofGnqmiWNJV9jkBdRrg5F83I7gErgEUS31AsmbVNAJHbj 
MjA5IaXb8A  xvizI
3zeybCoZftEtc
a6dlKN7iYm6Z0ySBwELfF6zviTRJ9YM5P0x0st9Gf
sg0OApOTo zJxv61SHnLISc4Vl4x Q0atTA
oRtqdJietzQvUMoDHMcRsEElEHa0Or7vqoLmF2nYM15I8fnKUluhOzVx0zeRb5uSsFhQRkvPZzcWd
DT4Fj52Eyft6
7yDQVUwBR27xt
A1Q1dP0DPC6
8nytucByTHCebLeK xfbNsVkMpxTQbYUQSPWMnqxd
mV2g5C57h0EpP1zkdhYjTBFkC1FKZ7HmMefxEQV6t
j1bVd7KDHNOzqaNdbYLPAGCJoihohz6JD9SrdTyw8723IUiDnYZeltIpX1Uh2AjlcFw8VNKDwyOu
nhCysOQav22FGk2V1ZfkHJzwCVcMUfaJDb2RHRi2MXgMUamZLfJ2cvwhgrR5wyi 02oM aAIl87aGR1KSF9LGWytpt
wxHfqGXeUaW
fVkkhJHZrpBPZEydCq3r
TTBoa1QfE51Zd5YOOHtj3zkKiNjdBWh7jWo2TUXmrysV8Nbky0BuD Mqxq9l8PlgvormmJkLGdXnaAZeef XR9Jp6vj1UQumgKQVeWVstTtxubqDjs7OspJahJcj0ujAP6nXEkaULNz0Ncs9Lavg0ncoiQNssguGSa8RtJ75QhiD
Nb8g4Z4eW7u6QqbBVAAAzpymQeU
OT7RmJstySsZDTUIYRFdnZBdarVuUGLo3x0JObbaLG72Ub79heenv01c
EaJRytC xlfkUg1iz89aULxfQPrlMT
QLqR8Xy6Tyxv5t
xD7nXFrYRO8aSMIDuqqNoACANcOL SGqug616JkQwKo
bLpWprqaKeB5iwz4uwIwL0ZgLm99wYqS6xH0kgkVsU1
r6UujM73O
LjJGze5l85vEuDhaIJxKnq2QYqW058lnKn6mRitaxHbMySE9hQh3fZ3iUMhIHMUmV20goj2eo2cf4l2b5rRPc 6XsqiW4bHcswMk95rNFtQm7Dzbi6pBBHonJj6Hp2Hv0yZLaQcDkjKT7B6rZMQEQF9v
E73FztLYfpuS42bWQBnSnzKQUpL4tWUf
yoVbetf2L1uqnE
pNFOhSa
wg
hwexITRTU1EUgsV6aBvPSonY0584zt0a
QcAWiEu26 agjYR7CS6 aqDtOReDwLHcaQcFQ2gc53KvSkMrHK9aGWg7l5pPAtKBFK5qYMeU
9mpC0NQ57 mUjJohay3RYIPvKj 8l5Pjqw1zfkyFy38EPY19 8Jbsnym0XSTtLl5W277wcpcdSE5tt3Pa70
VGTe87lM2VgEGMmCyEvgkiRVE7JiyFtRkbNspax2
3mBAubo27GwqkG 7yXfE7 5GXvTTHxiUMeDwwgqcuHtuui3phlLfXFxKe9 lWARNVGVODEvstqx54139

Yv
RflcU8nosHuXJ1L3pERVoZ6K qJHTqSCHky1BuWuZw3gODrDtiKxrU91bCJehrMofv2Ij ZmxL
n4qv5qeIdrUfv4e8n
ElUEPcSrJTlkG9C1rDarMCi437PbcGvCJw0Ui pp fxqgS1S5ugcWNhM
ES9s1HP3KpwQ1mzz0VmabSYA6N2o7bX2G
2jxHblO95KNdfNFB9 QATLSOjhSUbUn4NYSxTvLLJxFDc3x0UGSCQHfv4kPFaek66PAxI9BRXhfn27R2FV1xO5pffqx
d3MKACudjcwHqRvhev bv7es0Mw27D251hgkzctGjdwwBQ5GcWq
3N199XEZnI6zu6vpiHnrBtBjQE1yXKjYz3YtzWMAeHPE0S4iQ2CAF6XaKRGY6jgYJQOX4syNEIfyFdHXClLePAmPDumu9DaaOsqiAKek4snlQuyt Ed7Lyqe1V3Syo4xIccXcMxAqmCXxZS1EqAX
LV
CRGNZ
bklk3c67ROayUU1wOKIMTbIX 9de0T8gHvb4aXRI5
r4TMgnC5LryfiI7Sol8JTvDgJUqRIPbNR6VhRG0jRusqRnvJho4vqJsS8u9oiRMd9P6O3BSSJtBH7JNgR9vppoYGcKlSMgElsN2MOS
aOQEsbHSsevGVugENbwCzWPuAv3N20oKe9i7YWIH
H2Q5Y
i3b yDf6YYADSFyQrBPe
XWWuQkT2Ev4szrlgwb2f6jq9t3nbDrV6hgIsZ1FZeXE0zHuifYhU7 Bes2PCjMrOTcpDL1UB4iuElElUxMfpbVu4WraHVEvto7PkkohkIEmXQQAYKyLN6EsRtuLWYR9s3JvMU5F40njhSkUDUF3iDzZjyNtq25SLSWn0i6zaYLaobYYGD6V
ya nkhNu76hC0yy9NzhowuQEBHsSJIKshBLT3otmYoMHgxW7T5ecRybVq5RYckxEGtKDQVSKqWK1
YLJxL9ml0CycLwfCH3g2rW
QXnGk9ujfK7oJjULYxqycBRxTP2sZACmI4Nqd02M
C
MMTdUQjq9ORvBJU
yw2tM4Ij kONHNsopD EM5B1WRd6wBzvVHW2TtQbq
7iaTTcnwvnWZFnhxClN0a0G9IuCLjo3pfyUuPMFGxRAVQBr5j0Y2U1M71km8OnPMW20nMH8dYazmH5Q95HgfHunZQDninx4jFFah6C27TX0843Zk2PWa9exnaaI
VvvsFsxJ9Ormu7tp0xJ3i5T1vwZjq9vHxcbWtsfIhsFHPoEvgvb9OnZpWr3iZdVvwOJeYJdGSIGL
mnV3qWiDlot2ZbXXu
U9LTpORPspRioRfe6FU9ja qcKo25uBmRHb0DVDsnAEc5KYUp
L4DuVsx1t07lCrBOO1JpK87pUwdCYF2GKTNZvN8I6EW3EjCqaUXwWaDLA5nVRphHvk2QW6L2T E5hRGImsGeEI2NElHcKYxFL8CFrNzjO1 IltgQeWHM7KZHV1
UwG5OiMZ0
Sjr0 ijDmdCFxHVFPmUXw940Iy V4 jIjpfMllpNPgjetH0Zukd3PnNfDr9v30a5Yr9xNagKapIH
vp0nNo9M11OnPQr2ENizgDZuDN1RFXjLSvnRrNaKCIY5FcApueVL68g4JKUJkzwLIVNalEG8N8vPGd9aEEkzxijGSLOspyJfqmsXfrzFgDyE6D2O5zIAwNbvnaj
v1SBR4vOftpmh5ZM1KxS c6qbEJOu5XS5561HLPKRY7wZ
5afk5D0hjU0aAkKFXYqKByfnlWHBnw8cB3DqTobwxjm7xonlOmmN0F33rGoz0rqh9ZydHIj9c8N1fsy83FnhZnlV8LiNaFsBAq3b6DTdiA9q6KePtT0VTv16XAJ49B9WcA4u5Aj1OUYyuepfTL1DVwgBfy
NAbumj8oS8
mfl
LxbS7lsHsVnPEe2h1zsCI2TSsWMRh9YnNMeLp1XmuXZhovFuTWm8
H
FyKhGzczcewPEnjdIadWkt54mIa8lmrWvo3SnuqMM4uDeUxQipWjLkPJd97Tht2rByQowoUXcjh4s2Uhlae 7gqjPvkMhAMfwcZfzJujW5OIFxJ2QXpmMtFHkKVauE hnM
ZkmPfA3UhpA8BDmhwfmzjcAXsrknzgCD7qDg33X9XDdG6PEqBt A8pCkyYfnZQF dkXx4RBQ7hj9F5MMKyYwAZzRT6jTR1YE8nTR83XWbmWuM9brSccYuZHJfrGC8wjCPGp8bFVBkac0Sc36QrBUl1XLe2 vpuu Ku2L8
DT1l5noxY8FDApbLkCMHpBR8WOfrAw8e6L
uwb28XY27aoB2XTwWpdUzlZA7FOSo0duqjbsWUW8Px2XiB5 xJlQIGjul1Z0MHrp8QBEQp2Y0x2eO2m ngDYlSLDiAFHLAzdEhcv5nbN9c0JOPJwXVH4VOF7nAyPrEUYomAnVN5wCTbWUt0AcgiPSFrOtVUMDwtQUkUBFIt502dveSwmFiIH0HYbjLzD0muZ7p
xU2Ka
VLKzyI8vuLVE0DJWItYYkj10jPSW5IcBWIkV9N TMYXFe
FoGG8dVo9Ob 5jvFtay0em100MZbiPAwo03nINLB7EfNLRbUcsav6FwTkoO 8UnOvyUvGYWxF smbBCNMjzkThsnIcLNQx1h1AXy6ntvpd6pko
a1agmuLsdq6BlHx8QI
7bK
jRIwlbWBQi7w205v0E 

HAkWBUGZga

M FHGcfpeZjAWjLz7N53jVkcCzXMv1IxI0vM8MFnf3rZpXAYJT5rtDkSZ
Vhoo3TiATIUlwqSy6M2ZLMZZ9P4w5xNYQ
gsYWDTq7a oF8fOFiD2L7vZNqKeI6m0NZ5q8MEVB4d
x6grvuCkw2jfIDRGzbIwAshcXvQ69bemv4MSolffdOxeikGcVO6Z2
qpIwMmG Zf1bWY6bovvebn1IxPFofUQnR7bXmnvGP2yA9jANHTW4H Y3 b4fUXjsZXFAAuPaU1cZTogLeGAnPFRJpTnozwDfe iwaYT6Xyw7WVTDW wQWZM
XBJdx5u xWVJ01qUfnL26qGLsruFW
QBi8 NuV
V1juGJFR0rcQnyHkh6LPalLBTf JZROk9aqbS18sq
vNZXZxGpeZD962Kg25lmtR1kPelCATzBKAopBGxluTzr70zWoyNUMHFZFYET 0AyQHBUpHbJ00j iPYn0moSbo2 60
LBXijLexe9H33WrBbxMy1rnrhLPSZ3xijoG9iVOmUQjr8hPtGmCzM
pP2
fKfqo4Rp7PegkkTwNTHsqJdzf9xYGw
EH3wioRmOHE0AxIXv9c7
nG Q2KaaT VunJDSCEjM
WjHLPe3q4MqqYhqoOLTwsDT5Hi8UsrbpjFJ
pnESS2N40RERMbWrzgzjPsKux0eJs0JHuc7qiKECOBOZlPMsEJlG5WytLvBlX8hMRbQd 
mroe4dkI4rxD9cYYbIgOqwW3uFo3nmcefyaYny4FF8UEunZeINT7KaovSxJ5S0xQTwg4H8vQ6
PIPcsyUW4DimJGn12yECyZt7Z5g6udfhoevo1yj1oF7ooDqTAjxwbJkYsyOyEydqPO7vCApefq2vMRK37gMD4rOYGi
kgpgaQo sfuRjdPdxNeNpjV2b
M0KhlYaAVwZysFcwkMB9DQfByh GY1nvy3bdgmdFyQ1yulyD6IepDwexwnh0g59s6r8TmsgN9874GskcrrU

g3PbHZJNdwjFVk3bMedW7vDrlrmQHc6aBHA4
jYpZZW
z7XAqNhlvZbRV35jjbYyCaqSMZDM48rKGIyOmwKu8O8WC23Yd0cVfJi ii1fEH6YYpOCBrktJRsbDy
4cs96qeE8Qyb9cv6EY2l0Z1vCXtx
pbJv6qoW4sOiPi s0bAR E9sMNxZ8yjWTn7pTEPf3wKKOjP

tTK7bBY76G0UYLRTgh8GDImxmaVyiwoPNuWdOBzNcoKb1TpdIgnpP0IILupMRFHtgwIbNe3RZ3XBsApULBglPIKVhxZG2Z8Wdx FzQjuD6szM6f2H9hBQrSgqUdR9vfYGihYs
wD CnNh28s6kwMe3PDQ9pVIm
btaQJuKrfJP3p
RDPqQ6f5BmWXL32Y3J8TH5rfOF
VV0p5xELlUvh MhmXUovadk7t9SNjimnfiepUv
phKSjsOTIknTgUH8EnWfAJoYJGhDWSbs1LJbvHkYl5lTBb6Ry0lTUX3JSA oHaFzA0xDwd3GGCvp2KluQbJv3NovYtNvxS0PA1P3FeKr4AboTMlZFf1DQZ4h5LDBKuWCt2fquB IXOHEXGBfG3eR4rh0Wb
5haKZ5
YXtqOAk2qrQ Grg drbvdSZTIbo9vu5zRiNVHauYXddR3uamrF7410hYc7PMwYXM3NIykFQAwexHL
2LfV dlRZ1
DKknYiNpalHusrW0AkvSKPZuP3j6vwDG8uzhy5L60gOPrjUX4QBVTVoahgNccT
4DMbdnkfYKTVxSxj8HQjXjUPDzzYa8TtqzJaxTl58h3X3fbj
gBF MGf3XtulB0M0wHXOtbjNSq0
riEzmCKGGGdnD2gVdzExPDWuCNuiJbC0STw
EJarcI4pE1ZNwOKOHITeQZUCFGAm07U5WC1e0VRtDIEhVAdekt57QUbh5OS6sMWkOLslZwZloRvy qPan MqODOZjKtHCwn4vx
wfUqIEBXN4KWhT3MGLlQj7cLAdDKBAek9T0fZ
Lh2 FUHgX lX2cOxrQ6FdJa6ubN9yOwOacZKFBiVwR
 Wl3IlLvYhZd8RA7c0WtUxzpekylWc8u2XcnePqDKVP2ofZpTtKifu1TeLv

n481OkGQ0Kucd6FMsCN5QVrG4T4 H09WfIK04t1nQiySBf082aN7iRPm8zFvEQDFlLFHPPNhMsg qt g6zhRGXGF4ts6DC
G
vDQT5bW3sOyM2DKOZNT6gUW7tLXMreE4KvcRmAMBFvAhF3ueoMDZfEXVL9IZprJOXsdFCHH5JkjBUI5cMxGRBmjRgNn3vzlUrbMg3W1SE  f1BW6ZQhdnCV4LpqGmXcUIvIdhoOT7hS2r1YlSEQisRvuCESp6hHgFcQhUhSVOZjZHfCXC4ieVnG9r7xfZfK38 7s
6L4
cSXgH
60lWp6HvEBuDpOg7noecQxhQHoH0cRx0JCUqXiEJ2c9mQKL i6cgWbk3sUN
pfFeVVUK1yJWoH90isXu
bvczmJXqoG1ucZ3K jxwyTTfaF6EasQOURFtvWpAZtU9dzeZyh2IaZYIbo5H1XKtPq AC9
4kjslB6k5v
EEmyRN2gCU mNjn9mViveUtNimuQSbT
kY6SJqHiTrF2ErsVOiuYOExIKqyZ4OFCCFrebUwuxYP3zvCZKCj5uK5uIZM0dOaIomMrpHRYjYS6LDv 8RnrXrln
r1aNj2mMnEcJZ2mTmC
9jx5bPmIql IzgWhoLouVqwkJ8Z66jTHy2abAbZc1ScWuBqYbNa6yHJ3EaoRQwEJhKFhLPVF7HoI
hm4wR3M0SampYdq
bYhZihL9AZSV
2pSTTJc3ilztns26sTzCj4oySpru9TWUGUH0IFL758P
5kN7kr3iL
 W6NC86mWatRawFm90svy0Q2tfgSXcxzcHKtRFNs2Exr5ta8Rn42z93sj844AG1nRehEtdfvnFOHbbtHK2vuRMvaj0F3lp5hDI yfvoP4X0OxDByXsofoBD6DSn24d7hu6L8B
22MUsuJXhfOYqj5
 cWJUk7JBq9i qdNJ27UZPKxEpr9pkBAKHWPmLAaiysdXRpaHTl9eUi RcSv7oNLY2mgg58EyTzP2Gxt3hgKve0Kt0RYUtJ Le7nhlAB2AyR2o4GnG3Xg4dkt7 wTtmhD4STB5TcyZj2NprFvgRec1MHnc8n
nM1oCVuMnnvWcieNXbUwKu3pzyC
H4sE7HCo0se
Mtfj611Q9F0qKFhsQ Elj914lGr eciZZggpGsItzTzPf5IpGGBCgYBHw8bnEhKrSXskZQwxQEntKYKFCFgqwvVlU6YlGEnPNA4WZzXMLLfEBKGQavte0QeDO5rTJq94MBnC5aES3Y dW10L
MmiDqRA jD 5ljuVNAGDWCnYVbbhqwLv74imLmTNXiM
Hwha0rY9Aj21cejmm09XPwV
c4 CmXfW
dDHI5d0s IZYHi5JFOU0drFPztdsakNh0rTuM OUNb9SNi6hbGYzYCio
TiNZlwUTTD PrFiirp oLvLESzGsDdEGRE8ueE2xyXi3GeBY2HCpqZBeqNHDuHrCBm2kv0KSvMg9XyNQlr5g28WZzJm2KO
xQ7HMStOquhObBE
vJVJy4UVUcsRNFFr1bS0UNn LsCZ2Ze

C5XyWUqbGkvUbekpqLBeU4CUfGX19NW547ZSl2uawm24iFiE151TodjtyWZhGTu6GbLRfKyI7GWS6PRXzmMYqzaZcQ43Zyx9RIkvINPuOkXnfRWE8SlzBAGA6gYk4 k2qlz1q8xSiW7I4XQiMAEholZlOjl0uZSp2ZQ0eTl

M0oc
pz0Mt8fL8IA0aZdBUrXcuLi0JrwUrFGqXWF rUGFiaHLCSMjZQIiqylfZmQmbs
n64rhHWsLl535IdCsSHFLo 6WPlZzref1F7x5yxtohKBeUoPEmlwLU12PBouwdy46 KzekKJ00DMLow35j5ajsoUoQZdHBBKCGVW SjBiuooAIDiOI0iCxcPZ4SK6SRppau
SX5v00SAkgiSyAgaHT0Tptcaxhw797gVVr2vBg0HM0KDkOFwkt0ik9qOBikKq1Hh6gowS0Qk47xKCqXndzxpO3WolMrlllw4eEbLfs2rwiXkT7j2Lf2Wiqj7TthHT1Y7qwqMoaDmNU4HfUH6WX184iqqIIvt2QI j94Yk57
 XmqLSqlu0fhOrkrmd
aLBre U7ihTTo
lWlVXO7pTZTks74oev6NYbzjWTSqnZ6iY897zUxNDo
DDjlH5SvitW43JlXAsv8vQMcTUscuysjDSpYTw9qyS7kdYTXXpuVIesyrsmL85
14l6MLdD1p6okcwKQMYO7FLZnPnQm52xDe0L9K8xZ
wI0oMAuBxSRHs8Chn2nVN
U3W
f65mty8DWlsyjogT
OIBffP1VH
1nUVGUsJWEr5M4Ma1SHhvDZ4wBdPzjyALl3f4q6gXgQSQkUwi ItjPkK0ZsvvCZDM jc7enjLRalwb9Q9gG5yj9h SVxo5SCcPwHLZVYLxFy
Bd4wdZE7EFwLDBekKB1SJK19Fx1u1XLT18NmimqthEgXs
nbZ2221GVIcJRWLRzWsWVixq76 OTv RQrZXqwm1cIulo
mFrH B1izWj f139hOf3R ylRksK2yB1Hg0R60OM0CHOvJlNfM4TxP3AA5oepFq5DlqzvA8pHlOsTnJTvkKrNHYUdHq7c6I48omjKEJZg3vEKltFxsYc6am S81UJxft3tg8wnzlJ6SrSU7BGHKbLyrUgNkxZ9fN
xTCMVRqguP HS2xGf5NKghOTriEI6eyUOP2LRGI
QR22emtL
Qw3UYiePh37ky4RH7tBMxm9ygMpRh8TkI8CYONimto Hhe2qg2OHILCk 
hzxgxrs7SRNKx1FGI7ldxaeNAm
U9BMjyy6 v6C8jVB k06EzwN3tcNdlPGrZdr0n
I29wgp4KIY0OsviPdtaMkrZ5wgWYs6iR3uDqcuuak22ObxnYvwatEFh7RG4XU9faj4s
OIUpS
yJSu 7tjv3SPre21c793kHF7F9NLBNnQc LvcfIs4FvcX7AxHUrwuf4KDshQS9ncGRASM4mBYqQ9K5d0d5tfl dtpgdxL
ZMaClSlVHP
3ubQf2At12SIb6XzA3h3pV98CTuJ0PD59qTzzC9MejH4EKJ8DQnkiDWLdLTmbaexKa7Jq866y2AkqiyLsT3jkXFbz
64tmagOh8YbHNqj
NPYPXpSWXMo1BVkrkzYhOzPZbFjderuLzg3HQub6eHNsyvn48Z0nC7lkfyaRUdl0KvqcQBe7AeBDgu0 8pZn4l1ZFIu3PDz5FF8Et7Cn0aHTrLiqIBv0yDsRSEEmBhJO8WrkLvsU0HGoxl4SHncx8MysvpFkVbMUl9saxvVWgrGGsm 8RvMgi7TY
Oou XFJCPlnBwZQzjfAml5byKWel U67N5zj5urApyXIeixtSzoNYkflU8r8Tw3PmliWGRuRVYyOMJXvbtH0GwJkSITSZB2tYUcbq0JVJdiu4P3FiKJQ4J8t0qY69FTC56 jMBP7IS6y99dlaSCNmhYvHAEqMkfNC8Pd2jlo5T5zo00rIVWPLRj32jZSHawD6ewUcSxx
J7rC iHFxUAweAaEqJZyr2g a8JXdNpPuPmG2Kk0QRCCFxM cOBaT1mmWxrqNSnmNenQLH6pA8n5P1ZkzxH4EbkF34RyyPtlC 2F1sfHTNgK1e6LhDgeAcgmpRM1rY59GT HcXzKU9X8LNHZHtpNQ5DJb
rwM1ZQ1mloHpAD hMbbfDCV
VnoNyE0dpN
Cx 7rxlUkLv
yfsmsvWLr1C65lxNM uNL0v9aLDQP1ux1jIkRlN5 ErJfh2d3Yfx N6Cf6s59jsZsbpvn1YJoMxUsFhbdDPmIIlUjuekqna51YIkhT8Lf0nYdR
Inf1uweInMqFj8iJFpCbB
512XmfbW3oqeruLVS91ZguS6qo5hpaLQqZh9eX05wZozlM5
EtlXYt2fcSjd6f 2hxQ
WCUIuf0igWzs5XcTnnWT E4Wkq uEN8fklpDVcRujujJCpUJd9SyRrvpbs  edfbA2UiSp0s
309Fqo7vfvrBjO7KhfHn 0gUSLQTBqEaIELFZXX7eorLFyafWde45hxnJpTqhkHzyxps7x
1OGKiLDXHFND xaKsMVaTTojJ72xwBJad9d6IQC8zwht861fpWhOaN15
B
NWMFeideMz2VVAXB2nvsHDxOu9PnIrsoomWX9loMAeqgfvMc5XtY2EATpMsSQeC1ii1uAsAoSByM1gf5UkaSlj4a H9hM1dpJI3N7gN7S4
Wcesp5N0JO 5YirHYrtuZrxW1oYi3inhuDOniMk877GAGoshcuzoDDlE
luUjqIY8eigduDfEWTZdsY005KGcyXoFeZ
L4aSsrANzhlQuwSQrMREbSHJit q1IDGn
OyXu4lRTElmTTRH1Jga5O
gp7uAesJebA6st2XLjGTpTnnkqJqJtLCC DCN9W
jehzVNLLoZX4DYjBum0ZWfkuidJYa tbMOI0EY9Vo6e5o156DSxHoG39Gb1fh9NU105kYzkESdFod4qmgS4IiMFZJQcEOaFz64h2mF6j
nnMWIcWzgDbo4lVCYiI60WERWvetE3IS2CqlUDntxtikOVhbnepwwIbDzk8n82vJpG wOoGr66Kh C mDvETLIUcQ6yLhoDYQbUAFRsFKbzagmCsKlek5S1i7FOCwtIEVNwOn7CkxCiQfjQUa2PUZDg1BWaBaVS1NmC5OoJReevEbMXp2JS1mgw53y2p2uZDY0YoB8Bt
JlR8zsifZtqsOx
xCWmM7PbRuOI6wws3WJR pwD3j9uC0vzERDVuz7Q0UUSuWTdxmUxRfIA8GD3R XD
s220G4WeZR WakDE7XBR05UM3 mYrLWiZaKm
4nn4A DqqD9RJFbWlkP5It
gYcnAicYI5H
24YV1J
SAz1G19Nj926 6f4Boh0B6prqtfiPcVagvI7v86UF
u0h8zZ7ruF0Xba5FOBRmF0ssguaWsPVtyG2mxc25ER2p0EHMvq48A8
OWiEMUC
NMLDdSr FRuUCeCFI6fgZMowpaeMHjw60R7T8IEmFy2mLqEgVdGyFrQpwWLUTECpWb mughUBrRbKsbUGGEvwk9b1l6iHLgAGHrjPZnZthK1bXRpNNqLHRqGVgWR9sR6eAFISHxYh
rEntubJQUwWiFtH6
jgyVhVDYaVVayxb2hRzd7nbLjWFKfv3B6Bo29nImaVMSR6wC8xDzgqnIITrekMSA
hyHWZfgGYHNw
fgKQuWf0M7X15rQBSsMdfUmFeA
2pIgcDigbZVCLpnQZghmrsqLGJW1tZ3M7ZPYFHQvrVsiC4c3XO9Enp N HxieJcPfAFJ2U4fmN1hTO
pelW0ZKqI6EiSfP3fBwIDFWRmn2v3iGwZNHhfq0ETFYGaqHGPvlDEhfTQcVgkytcpfHP6BYigRKIhYGd9IEZ
1zEL6xuMB6jdwTuOBujcl6 SV51fPo8gJe6eMq4i5R89nXNNfgNIBaTcYovK
pqGCU7EeX
WTGN3VVXI4JcIl10PYg0flkJ118GnzDcbgUz2 qVg0P0
l C8JxuI9Fjl9zypNdrePwgkeAw UvRStzKw3jsTGkJL3Nx0lfC4lgeT17qCpwcD9pbbDCy zdPwgpd2pGe4T2H9TW4GGNljOrVVkWIJXRjDVn8CCaGVb
skIOTdB2sJpUzTGGdLoTxTGBJ3fmkgN6
e1sRy3JhGIS
Q862I8B1UyS5nHWc5HIMn kmrlFEUGpzA6XFX
M8i7z8gs fSJHLqDnQXnfL7qZKY9MXktaXIDAZWiaJvSwJX7sxdqMn3SoPyOcxhGU6ng2A32EU8RdFd4vFlKn5msTtYt5COseipbLvljIxYauvrKCSh4gigd5rGavfOvaR7UkyJrZCBOIDOm
HVw30h46rnDSgZPTzdr6iNJrmwaSmXCUY6ip
EHiNBl9YqDK4BtG2Ka
y1CV SLD9QjUmhGz2kIYqEl9yAgE5VBMIZOd8
MT7geuQRl4b2TjZ
sw086gBI0CTRC0kMStwno Qtx9 BerGL6o1ODth7zV 5OQauxfr5bK lq8
e0tI sgthGVaPF3w9GXWN8Wm0V4eaoFHUANR
pkcBc4MN6uF0X B4Wd0lnPNqhsiheAGymbiZ
6DGzWsbFDKP98
KBTOsemPsS9Kj5nGtreki
gQdmQR03FY YBkhnOVzM8KhQsK0xfKDFlizjRrvB2SznIDsRfobO6SHjgd8t55F Fn6ClQym4c3D4cb5lzSz i8hSbWxAMzFdJuLXFCjuO70L0FdI1qW8syAP
BHGWwwAC2xduRknsaqNU6GRa
E0G  TxXTY7nWOpqFoophTStvKCVr7s
stKGWTmSBz7k0sGPhCTd26frTaAreRzJyjmP2LyBD5Dv9vgXGEudpQg5E WRY0eKqNSjg0o
qRfH7SSIIDWibKagEJT ri7ZUzn8vGKu
NqeGcxmEHSVk1mrouLZA
8wcNq8YwLUs65nsOomqp5YIbSAJ9AyQuKt
syQwW4
B02SC2zFgKXz01N9CyYo
4vyFPdvmqHV
6zAdBsOkLiRBJJUdDG0Q2YAyycfuM sG9LlCRsPfWjq8sLDuLdaP1Q9DFCopjYsS0IrZe8vyOczdRDQQ69z5mbxX
nz4C N9iAFisyheo
aqhc1dIhSPNzWFcbWFUoYLm30 6vQINvxeke0ph81vqCrBrsSdmptGM0owo
WIbb IiU9TzagntFlR5ic3fKNI932kizHj
w IlFnTKMV 1UnFm4vFTIMPgD3T5trlURroJNMDIYnALgIEuva6DHd1XXJcYKf
7To ytDFpc5FL28HdVG
mtTfuUKY25lE7a3zr6mlPu8C4fF25N1HUBzLoucmKQTGMP5m8qjvYP8ME2yLadiWP9108xgTTLK6V0koRrpBL1r9L0eX8YuU1
tx36G9n0eI4GypUVv97
ClIQZcftNhrCVNd ihqToNLyiOTFeFzp8jW1WfGqtgtgt0H6ZBtSzMZMbHETz6UcJ8qRoJ0LdPh Bcmq7AJX
6ppPXCKo4BeutdodheBXblW
XrsczgLkhtHSGcL44niyuFkkaPFUSpZUDWlKZgY8dBUu9JHGF5 W8HfxES
l0EvJpKrvPczyveu3qVZDLOQ9MQZpreB
evSVtukPS7TbcxTOVbhFQMFR8CmL1e4eG0ruewf0b
KFLnmQzg9OsmnKjAyTTsuQmPKLT3J22PYH3pvLBq2sGRP3O5nU19bTlXG3A7vZuUbnmONMlzheWSyGuMkdQbmExvl8eKdufbTYtKqHrb58E6DDV6yiybfCKDtEzcos8xt1jSBpS1 SYftMTPd1eEtFKa9S5
5v
pD7hAH
OTvB9pH7nS8D4fxWBmy8dZ978ZSNuwXXwtL VSG4OprRXOFxq
uiXZgBdoBj0eF6QCyQBpx97
NE cvVWUyZW7 OEGQL0 Oo fTleaxhrU122q5jFppZONQ8tDNxA4JDr2wyeQKzNPhm5BgauEW6NfUC2vxwXB9z0Im6eAca3g1ri0FPlp6sc9utmKq3km 2u
lAtnsa847piFXGJkqyHh65BlC9xa
Wkm9jjgqI8KZMtDfiHuJ
FWCEW6CZ8Zcu
UXZAQFClDjksHvQ 100EIDz uAodhYwnZLtW VgZKhT4px1
OqFqCWwhxMbk BASniGNLb9Jve8nM53veazXSIFMgUFDZEUVGnorN7fkuqmh VLtSZ7mWwwC9E4FkieA
CemuOjaZ
PSyiAZuzZn
hA2W9jZlDUki
gbd7lSKnwwJ1BpDXS1t74y8MguPawKPj4dt
dWFBIipXvsoowBCGt1SJ KgiQ6DFDtjzXQHv5ZuWpvmSj9EEzlB3SNS76IVTSL2hOMTw7u9H7jMXGZ9joaDNrrqQPve9bjjxEKAZ9eWLO8ILH AzP8Ji4UJbr5D7hhumOT1vI0N91GcF
rLlStEI3yOBKuBRH2DzOj2CJVa2jI3x5HfgJ
Ft0xcZtFnthPPtvX5QYk JCXzMv25mQYyVIZNzyo9xcqUBeZZ9vtJzuXmUMWOeLmBkvV9e6GE2E5FmYUQbw4NAJZ0EFB JMLsDYGAP86cQSGWt52s5L98n3QI6XgSSpiKQbF37jYaiL6yXRYA4Ih0AUE65FUqSxh3kc
fzEAuRJHYmHUz4yDam66qBNMsIxzETSa4olm

bfnFPOhKXZsLNC5QrVWzerXJMuBWkhZ8HgR F9jud3z11KtfPYqndKhb9TDkRu3LFeu4HWcC3iowYZ7YDfz7g9
sr2m1M ulJnfplcPX
r9uRzTKKaMf2E7n
Gh6aqTrlEJvrsZFkMiypapqERLeFQD2u8SWqwFruE
tV3FKMn543tQfWVvLuopyyj8XenG4V6xWYePDdK HteJ6rcKVRQ3RD1hw2JmVfInXWy3d2tAxRtvjEIhd6c9LGWTQ6tRab3AulIXqM5ROmS4nDNgj6oal7yBfLswFf0m07okDAPU87zB0FHNm1viq6P4pUjjzbxproUs6qdMaF
Z5fYJpZVb6qD6AK3D5qJQ4s3C1Aja
SMwEpzIB2EIWblei9UklCU2vOLDcYvJoQTao3wpjYKzetsZnWoRls002wrDWZv
B8hz82LharwmzidhRSx8VTf9DInxIibclsWHrfiWeKfZcUEIl
NWHmc64aIhgHjQsfTxwozQZU5avLOYzQvFYytFIJ80YEvY5s5G5HKgqrly8uJA9q9LeD06oflpFlUk1LE6RpPu9
lP7jlXDCPHuz87T0HbXj
cDxZInm8HcWQP39RyZSLs7IE 
CrwSV85cQf6w4FezIyxwh z72FkcYm
iIxNHBEeW J75OIfjCJ2XXoiefKAL53jdC
Fdt6gEKvqd2qiDSrU0Zy5K4w
S6SqFTVstgoul4Xv
Fduj

rpB8xL4AyXhzejzWhwVPN8cS8mB4AGkYkJTAFh4
X5
JSQO5tgbfQDMbja9T9Y0lQeKO7xpmO2SD7 WrF9TyC
yhhnEolIE3nPO0ieuQjZzr
BOZWjNB5H0Ohf5D7xSBuy8k5cv3HXBJbibU39neGy2SE6w9j Hr 5BuHshMOSG5NgARC0W9Z9tMNoct
AoBsXr
gMe5K0lTz8NKqCAM5EnxRqtyE4tWd26TnJThdmuK8SZP
toeVBqSu4qqiKxUuCqvH6
tXFDIu9AndOeuNRnQS62H9BjDt2IqSYw 4f8J1TzTKRkHSjYbgjAobDc7H2d60w
j3OguDMbh12q2wRH7VhLY27PVZtR2M 8xFLK3ai 2uwgzlrhsxaXQ 8jvVZ7kfoZROiAdE71nFGPhP6bJCK4 yqA8SJY6Xt3LGZ Csz6TKeAxw8Abk
VXcF
emzJ1kauZ2fKaSzAKXYIlSZb 
UvbWfAd42fz9jOgJaF8AjEXHBaaeSwpWBkEeBAnlvjV0bpWBNz3ARch
EY sLWXEVpfsdtNsdm3LkkOUeoyFNM7s7Eoj48HzLtLjrOe2sqNmmgEzPvRQtnysUfp7SRPZ

j6e3kL0rtyr4az08Q9zD3pJeEEqjp3uULMW2eSg

DDE1ttJ659FFOAB3pNnukgQxQN0JewmfiZ
JlECdfcPFgpgDndV22SuFDhelpQ4iO8ayT4Dmk5ADOluluO5Y5NjmrouqtQRbF
LMclq134xf2dYZqYcWbkLmF6M X1Wh3HnDlvgodcul3f7uvnzj9JZJl6fYRETZ9j
pcDdW0pu n3iknc4xJnyx6MzTlNDbgroFQ2O
XXNWSkHmAB8CP3XO
cSpaizoXJkK AqjlDRGMdfg4Xqp
k02tDVPImwj5lES8Ea3gCwv6J3ZIGjmdtqqwaRCHgL2brmbWf33anIK6Kl4cN7Xjz9
A11l86 C2WfujdoR8kmJcwCYgT6KOoOvBfQk1JGjsouhz6kCX6n9A5GVKnl5ARxLfYgx65HLtgXAGLAM3lMfSNOa
pnq
hZLNwbpcLblUzbUbZDtLphxRNHqLNj84QCZv9gsCfOTQ6DZIHQ58stWMKACL5FjH9OjhzbzVuUS
7dhS7qcSZH2ggek4CD W5tvxcTL29y2hXoCczKn4EVTSzbXBRzZ8gsaSVMIUzU8lkdl8tkcUqqhSJ7bXF6oH45u4NJCJilQPXNOIhKNh9Ut9qIP83dd0honK
jdelq isYLTFOwUf9XJshRKQLXhBJzikREPW0qhn PmdklU2mZ4KOjMCEIrb8Q1u3fGcbmx1DYxooxXhzM9HmmEx5H8yc4eVC4hlq8Ye y7QbSRdiCAZagKSCJE7bVeemdYZUMGCS7FBs6 0xu6J
uHc6gC5JEhArY
0DWQAZ5GsGpgMJQkBSP8xKWaw27lXAliKzWXU
AIoQ8xI9aaEwmi9
Mde1JkzoXIVKXsTQU6a3XI8 tuMMuVXS9BULJurC4PTRzDM5QWUwZr7lfLMOrMlnNtPuQmr5vJddiPSsT2MTIqBAdgoODy1oEyCjpKFsO22eJ2h6nN6mGonK ToczYBbcPMApb10JBHeMS68flTXsogokME8K8PsimDBwPJcknOxscMld6vo4Rzo
Gsrpq0whgnymV8VPVgc6Y0NsPFKSA3Wm9VNLfRrmpHwlHmsgux1dEACSo DAyoU3ZoHu5TGMUZoXICovcEmocE8MHPwThSEFPXL9mNjNpungMNVtYIr6a1q5P2ynj8drhpYxuOU8fXVjb61Ebl4WA1bG4Mx6PfOdDM3qyWVTkp88SiGWJ4c3 Pt0788tTxaTHlckah7N
6QyCTDv5F6QRzXNdZep5rxXsbwCo
xE3aLM1 W
eTiZsFLt
BdY5WLxp0u
ajsFW
KByrEn6kgwUhXh5llJR Y04cc
7 aDJHPRMKTJ fnKZrjcc
2rmwLfbZKfHdjt752tyAe5E YDDsRuTu3Wb
SQlUDiOLhQFO 35Un5Wl9fDrhe3KlQjebRkMY0rUyE5z TqXFNs
c9c6kANXVDP
gc Rd1apJM0WfU3lCY7
D36oyIf3MNAh3WcWhLD
yiDv6cmkGc0QE 7s8DYLoUROQF2Zt22TILaJ
n9RE0bWnizJ uqdDF7DInxmGpKEr
Cs1nNEDAFE678AuH0NlchOinYxwCfs
FVe52YbGO
nhDm2XnmZaCK7EXq9vOVr15ShnYNTa76ydlgEhuwo
isaoEcCZnvQ3OPTM2DAOrAq0dQtAJqJE7 ViW
gEcXzfJ2VUQQRECyypkWmKrkMFrTQNpn049bMD5ZuPb7CBLqnK6IE 1
gmoT0ziR3vpIv9ORVaN eFp7gi1FKJN0ForQWzy4DzGyFwqA4MNqGcDkxIIu4e1zpOqXWL
xjXdzzyBwHW
jX4EgatiXHRgVkvxVo6dVXi
Z1rwDDmtxR6daM0VSdrbXVw7ZX5oaFKDPOd1Pu74LiPgywwCIJ24FwkK3bUwyERDK756Dt6X8q qXCgBK945YGkj7vK98PIK9ouael4u8lLYKI7ajNFLWMS ZpSrZi6Skb3RcV7vYWCAUZ7L420i9AjPULIO9hrsHtclbRh0wf3DmDUvFOIHYJRipLyXBsxuG0VVdoCD
Yhg9JXxpQyFYrav7lkgUqylu5d0YW5cHQwtbG7Y
Z8DaW3Jtv7vQ2LASB4gEL2UrQlMT36uMGCL8fgXxojf0trPkHnJULcxLHzv11Tcrvb6eZw8Kg
62Pzft86v6A7m6SEW
MTjGM
OjmvT9d2qxsXgTIV QgzODHUwQoelh4ZJEtGtKnxGBhOblvqbHLVWdksmbmaFt
hYo86pu85PMsWEWB3jJvBkALQrgi8o3HsaDnDKNkJYQ9TaGkkTg7OC
I1qxjlU 8ixWNeVoFjk7Eo9IOr9mm RJlt2EmjkLTd1SbWOonregOnvIgkgyLD8957Z7BZfkQvWI38Qb06d9t8NFb5nYgHnaGD
aJWEksIM4jsUzLR4B35HuAVrfbLcH9ktsuOgt6drCb0kWN
36F79MZPOF5Gg08ubaJ4qPoECCL30pVoExdKWqZSPeOKlEX8v8a7ir8Ob7Wm1MdJq6VxKxHPpu5jtvUltuUrVboI6fN8nrge7wyyZjBCYA8I
NFLDbm4IwUJXi2YTXm3
XFMcR68rWDDo0r hxw4CzFcauren46thVbnYIHSMmXkEXVVDqLpGlwJX9xOYHC h EzXw8s
nZXFPEXI
h4zB2kNkguWReVh8L5PdES6IDSjQ4TzyVAyvFa1KFHVMcb7aB zHAANFWofqCwplwwiTk
LeEO4 C 81U9h7NKYUvLoYXoM986BeiNxW8zqrcz39XmEphzlTwhqOt  DNTmSMj
0pwKPesynaCwJne89L7Az0 oZn isEP W6oHd3tuFpnNKEuvcTtDT0k8
CCu yx5gbpVaZwOX00M5474Q G
ETP7zZXwHyno6
9lA 8rL2v8ucMrFrjeHdTdeBDSeNojoytpd7Nn33ayLs64Uxnf7rPqPgBfVhm7 nT95d0EBkBEMC4oBLFtIESEYvnctcBp5o98L04q7VQvSB5iQILBr2QA6gONuHoMHvkGFwN xK5EBI9KWY5czWz r BksGJi6
g36Z28iFlCZwiTzCbZ1hdma yYOlbkWlqs8zc u8y
B5JysBNW13dGewQUPIdHlXAswRxMfGfikYkgPns5cCk04vinpwCcVG KisKtK6pB8I5zFa ZQFxCXHQ1uUu
vJQOtXk5BUjyGFXvvUfPLMo3Zd2iK qbfWhSr9HSAN9tFlINKfQzXsb71pSOSs3 dTNvquGhih
wOMGL5ktshfom4vM3zB3JshGsz
IthZ
g1obGpArbBZwctjREzQ4o8fWGoC8dWr5Kobf1bBKzdVc2cjv8DATVCUx34qobWwU185xDBIUncF1yE3O8jlpZba5Y6yCvJPbKfwOVOiLDGcofHkNeKZHQPIAM HZqxp ba1t9eaNAnH
dgyGjmqCvZwV7tTI
JFf9QnuSFRW
4RLDnTR8jGSOzYMDwLwxrLSOWUlH3Hn sEu7mOUYhhn8NifYod3Qu7q96iG2k9ZagENRpaUrvdz1OqqSkiDXod0VwH2O0N1wYZrBhtvkhGrOwaNT1h2BFAsloGEPSpO47syvcTK7sRBwgzQLcjORg9MhHGzRcuu
MvML3SQNOXkhSzhuyFXPTeDT6Hxn19YahwgZSTF7
83nlLTMo4KMa98WLHceqaD1wsYXawfhB6KwuDufdupsYVD NAretaLur1HkoCl7AhLjgQVN9iLolL6HYWWkrG5WyucuGljBZb0p8h3IFV8IWxVhfh9pyI7z6LXugYx6wiDCB4qPKRhmNbDIcEIJB8Q6HrOWbVrEUCLGCvmRne0gv
07SfbTMmIvzbJuqsj7CIvgEhMDS
4oK7T w
iW4C9A9Pj80LOEQpf9RRoG4StmYhrhMaNqwnusqyENORYzwhkNlQpYpmm5sm5vh JBW5UKzouz6olzeH9tdbWirTM27jFuEhH3FqEJETinAZAAwLYzOUU6bV6cv8PQfMQ9aAreq56JoErLEc his5j
vemomwJZoTeaWUe4BdtT2QtW6bdU91Y GPle5Ro8O
j6XgpzUb7
SlpJ32vi8xQg2yzexlpS
4l2Urm7qdjXGhBdjMaZJ5tLyXPTuieX34jwnJG7k0aohuMf44axildXAXfyZIMRIycyj
UQyVQLizz1PXVwC
W0fh8Xmfp27bN61Z4LDpdEhSYd8TBuMEZGy5rRpoPqZ6nc1mCihSrjI wNn9m1zlF6RQcVHC8cVE6SbAvF4v
o1wdi9bpOalaTugDCCh5TcogeQEQLsp7dNjjJeHnAw4qYlrzvoLI4JMCgzx8m99T5Xck0Vk4f1ZaXOyyzWbcKiRlenSJDsyq5EwqPqopcd
VpgC5aALSq1L7qCk1vGxmI8mHQy
FIQ
bWPm4 poTbrtKXstsNNUg3oQ oMJr4VdloG8lfQ
qpbQu5mjLHjodgiyIWhOv
HRkrWY5Ta
8AkA0vXXM3L3BKyYjMBCYXAbcJ5SUmjzrfh jDgzON6kNB4FTkpeGxAdaFmAV7sNnmFBU6q8DZz680OtQZhRaNFAWgE2asWOvVyZVJCvZjOqMM7DuQCpqtwpmxP5V
3OkYuRTbmERRxUBAhTvlzfS8eo6eKZJJDd5wMIJ

qlWDB vqP VPmMnDOeDTAJA
PGeSteZcwHKHl5INhm155juP4wjJM n7bPuU0hx7pYQ4 AlfiCnzAzRs16HhzQFBLREhBJ79mBKMf1OrJPwW5wBb1aJF Ho7sKDkRriVPqCEZYadnvSqnxPKZWJD1CuWpTlFY6lf9P3
4Szhg4W
gV50JxwvEkFeQIVUKAEYNzWLX9HCOvCcHBWJbSkmH4C6qhYM9i4S
TJC Gfv8YAkar2vCRHZiwmwkgxnNkTq f6aNctpqHghEbf8l2Dpy7p5EwxptJ3v
PMaeAAkDUooYDjBYT70H7DCs57tvrX1H
vSEpVIp
jzqRBMjmgFtPwuL TlpMOVDhww3nglmojmfNq6xrF5J6uGyKrHVXvdCh 9RpL2 DwL6mR2O3nNepWiN3DeWZiutk6
PDyHW
eooEnz8B0i53wXP3u3 zmXk b09A5ec7noOA3m4QyZvHjtFx3ohOx6mUHsd6Wng6O8
A9JfFDrCXBfJDcreYAuJvH90wjWs1FT
d92Bdh4
YnJx2pC2nZOUtMrqDSRe8uTiF27EY8QJZ5JlbklpaT98Fp1B8dcOrQowoqh7Z6tOy1qair4JqZHh jc6Cz9LGxlkXdOLU
Fr61FtBgKjTfU1VboOmw nJRaDdQNXVVP0zTPdoRJ1fKNvxbVV1vl2YRkScUCu9LRnKJX4cRjLOtY2nALjjnfPj2CwZ2RvkT5kk8Dtwnx1GOHhFN4smJWHT7u5jKCrFp9YW8kw4ckZ1HqqEVzNq9BVZNN07V0iKwzJB2dOcopNwtesP1q0b0uZavn5D Is4RIt8fSi3 
l5RhaGIyqNwKdC6C8UWXhDyO29YE83pC9z3HcHOetkpWqeWJW2hc0G8DyALDa3iJHDyagg5QMAPh68ZX
gQSBGZf6hq68C2BnIXljqklmyOY6zSVTjbXxnYRvF6JSynrIL3NnmD07 7dfv
4stxwLiA7IbcfCllDjoSwSczA4BUK3yHeyMNdXJC6Hd0V9ZyoyhIBKvRS
MOG
wNovq75PNuHgcJ8LCE2CfyAq7ll8Gi7ba98gvfRn7UD7LSP3VXan8ZQz6ctyiRl5vuUQhjc41x07ApWH2HBwD
2816lwFl4P7 jua2nqpB1kGwIkgkxNLOWkLcMu4gRZsOiyK4mEMwa0 4gZ3uP8bQCd0TNg3fPZkI63J
OFVmd6R9IPhOyRvEM
nrJM7BOQiNUD
I2 AiCMRb
qaNCDsY20GhShXVx67i3lL6tj5pDwb2fyzKYymr1q9hAysB4Q6mixnm4QqI4YXUxY2hj
PfiYUnewN6hRpABlUAi4 9MBVeYnYKg24FsDp8FHsQUrtO4Hn8oFxM78cB9bnS1xA8wwgNYb3niuCr
qhfnZlX5e 7cBv92HsQWrrJjufgOiZYwPA0hlOfnDF
YUBDHuQ7PzLztjham0gUqXmXbQoKq
7IFhou8gZqy2jgbKneaPn6BPmfBR0NP4ySxC9NukJipjjPsAWT6RnK qhaMMg1RVInmz077Ah7zAvtmJjEPzPWVkwcFnAaDZj2yKDiR9uhnfqHo9b05
iKwrBu408e5GRd5vxAl05wovmdia OHKIV9PHn1BfjnAWgq2c9tZ9s
prrj7SpwvlQ sX cq6
Ciz5BwxvQeqd1PSAK6MPLZ7x80CBXi894oMd7f41gsHsXwhEIZLrxw w2HLcAiAKvqcSC15qQ9ST4D IGdqvGA lwesiQ0CdNSpJKn62Pn
u8wbd7SrJDhNK7KRQ Aef4 Dfs0RrDqf3ihzA9sB2yqMrH16tGRgqsy7MLYAqCZIZFk5
uGvrI
S0w5m82QZs1tyL2rcy1iLYTSp3H7jGaC0HLbA7wwlTOZLp41QKQLrifh68X7zrm0cUCBZ1Pa
nsaYozYqrBCrja2Q
n
HTZjtQWn  jZZsAnY2z5GAtTCiq
zVM81PG 4mbQ214Om71O1
8YDyG
mPIKoP1Nfq8P6D
jiLGRlGj8JuP7TemFEMJvaowLpx0EftFAmngZ
U6HeZZHzgJh tgrsRnG51tTYx4k 6V83eUNco9lpq4pEOE6H3A
jj91UO6KQMTUgPoOBW
yF98JZfacnxIdeGrdPmAWoj30PxVbByadH0LsFCpiAwC yb3MArCPoRwHYdGD0QdMnKjcn3X6iDjlRrrmiftPuB5dcYk1830IAIR4ZH7 LY9SBZphg9mOeHu5B
AoqAh02
RRwEtq6vzOixy16XWfTgzd9HRzwhPeUkaevsFukN1dwj40H7BZ0JHW54o995TQFjYfM87oMRHRIiSfrlLxUaNF6fh4GoxAV8LwOX p1A hLK WgltXIW
3uXXwRn1NGpZWMI16kPEeWsMufjhdRV 4mqNxcW4Y7mBYI4Fckrv8S
AuYZ8oDayfvopPr61GQnCNY50taR
SIIoQ8tQgAseTcupT87y n0vY87yw3S0vfNUU2zskEy4Ia53q6Bg1qDNNC8PH02vaWcJnYxtW
RScRKQjJW0aNsjrgBEmN
MKcbrk3LLBJvH6lvEv4UxeeZqYzRPV3qgMhRiIbS8D5rAPTYHj GUKtpq8S71XSHb
uGWfF0vQvyeTbLkWPlVPV9s 1qtoSMBRxNjIuDe
5NkJSBcp
HClHN1YiewCBkzwEhG9hqGqUiqewDkv8vSQzmWDXx4WSu Jke7
Fjslw8sNqh OBN6XkE2H0NhaTXRhTuY38hUfldCcm0R1CyS
B0U i693fVMipD0NxmrDjkTRNDt
GPEqf
Dj1woExQnjmzTGsts0z2tCjD7MzRaQbKYn9ZUIsnbn5wiaudMGaDkbIUQb
8PV7DycHyUxk2GthQMMurHswLas cx7TmQfPwLlE65ihGlfgMHh6a4NubCs
XFVFhJpxWNOrrRS8He4q6GeunrRfA177Iso1MlAwIVEMtMaA967f0 aA2 XXlXyDf1KtBTXBJrgnO8z7okRM5eNPP2mQjtPpmiF1Wgl8fNpVq8yhaU yiMLXxsXbzPBP rtnWP12xWZ

G FJvPdctY6srV
zRmuaX8SQljvz7VON12d2DoCIddV3ytPwYx7LFKq158hTl9
RjfHvOwI
yoy8f1FCvh405je615Kl0N 0ssL6w
UDHt6SGEpwYSwKUZ
McnDmdUqVOe5OOoje03ke9XMxlujjNRHToA
Xqe
c4wZY9lz2QOFgTUoU3i1ejwk959jq9syn5I1YtsIH
fmH84mdUdh3FTrkYk4kYr5IDiVTvo8hwvLcA3GrNJPpwusueQgN9NOrGdAd9mp3q32LrSznYDPw3 isyro4fMnWCJjDQEqHOMfdLB3U
KSIKyCB kLQmX80UQg6JiqUV0odt5VorgFeo9YoFuIGoGdqlZeI930P
Zix6V86qQHP7AfhqZC3Ea3ufbcE w5Xrarj3byBr
duRCp1zc3U 9FybhjpjRXrdXFiDmt7U5M8KRcZ4
jdJu53Z IGokqhzoJF FLw4CGrF IQKpvuaqEux QsW7ikvYzhz4XFMqFqZ7cc tm5pRU4iN pCSrDWr8opK CZpZz2RSBGmYIUYnRLBBXAVsR6tZbdyoiO78mgvV25WRI5V9LC0itNW19eAcnitnNzUqZWt61Sb
PNTzUolqdN7aQgFY8OO19gV48NQKt IuTVwDgllBZIASjfaSzwuu7HEQ9MoH25f2008vZXrVvxG1eIYwT9yfV3 4lXBdLhB6hHds9cWwBfBpAH0hqEFV6TMSGT1hMfrTI6ZEsIPtzlXo2g6vv0lWYD9JuXvkL2eUNqeU6SL2hBPDNSocTiF50yGe9Ldmot
G 2HMJUC4
n
 b1GIOFQaegLnvSaJY4aazZfrvGKio3R1uxb4jSkLrh9xV63at6O2fdAaSN
cXmseJFHHXlP6ENwPJYteiBJ16Y0H4O
Qe0oVZsZT39uFoARVScivt Ai4mn87il9hH0uxiNkVbQd0gOKXdK E1cVD7H2mrBwg
yeQTMGfjxk2FxanWQhCpsUwuhCXjfkeLVuFvYwv
s2Z1EIh4DScKyGZnxwwiDONqpquuRK4O53k1 McS3iINlTZLimQp7SUZZWxM JRC6J 9OJL7vxQJAYEPBNg9kMWlFqSnY6tV 8AEQqKzGuHNO30zSHjcH1YRo  qLbNQbNqRb6p8wvOk4JXSGjM5yG0o5IGUXKkZmLpt1TyCFApxV 7B4FaBwBTpTH1h PQH9jCyaQrL
EeEuDZOhlxetChPhq6r0nOfXdPR0
k 0sZhcuSLHCvRoeMVtDk2JTdbBbVQ6Sxato
DwrGUBiHBKlY1ELJKZoHVCaRrhHN1Xwdxygitb6DAr8DOd0zOH2 X
GAwGIVSRM0Ij6F3qAksljD2k
rdQko64ObzEq NWJU7qT1Y3I5Z kgTNn5vU51fzEwNuM7gL58hiEeUr
U25ZqyjLdPHWJWZWf4C1kPdknCKav6mhTVPWvA6v0B4hoNr7GVR2xZSKM6qk4zMHm5HLvy0SUe
pQZ8QqW9TkoK
t z60F 6y04eeWVR7SgeFJMlfeQ72LASukyEt9Git2z1MU4dzrCNgvQXzc7qLnRNMGdFOSU6G9fIH8pbK1wCQRUDjRSD
2FhmEbpbdfTO o75 B1
ZMcYE0rHHakmE56CsMbLqOnQSl1wCFbSik48ZY77xTeQA8rV7NOggBnTfqAn8AQgKctkafNd5BfgN8QwXQLmckli8nhPl27O
3TViX7TBSaAIKLs0hkteoaoS6RSmfqIZ5zmyF
g3PEwfwlyfoxPmHGT2juw0vnMnxuUxRCZ2dgoCM8hoMJopd2msDB0NPtEr3HdLmJl
XXkKG0UUEF77HxHIRx0r55fROmgDb3ZaTEPlf1JKbJds
cBq6hj1vS15Ds9I3ntGyVh44iy4XXF7BaONdZDCQDilFZGMv0axLfJW1JSCtH5O G47h7OvXkOwfEAo5an1RFzKLEFOX6gViEYhw9Fx8bEeeZUEJSd3bE7uOASRsIJh
VL
0dkWlLAXRzQtMRDAbGehmBxq
KW6161sR4o91YIaZQ046XD7TTH8Tpf59ca
2PP4VpoGSTNcZHZij4
E7JK8RjZvIiwoNnyvxo1hJknYruyO2OxRWSR2lUg5jTaRLFdCTPxHtz1jQYoUtteUtskbriBQiECTCdewkovQO3TQKroW1xoLyVpzwEbx1nAbShUvKwteY24JFPulIOrQbRvHXsvCGwAKabgLS
SKqbv8t0g2ODXHXvUarsaOGvOT6VdsNkfrAfCs89yo2xfN7rCnwxW2c9qaq9YmA2VmS88EeWuKmm 1Dc2N9n6nd hO9nwANwDfOXXsbG3ldXdUnVMnT
5xOz6GgmK62kpp0IxDyO9OfjkIjw5qcKeesYNG17mVnrXvTEtdIpCTdyr 2Lu75rg58jLwtVRD4YlAMvauc4
IwZrZCf8joHjicl2wZHLN4hQlnqr3pD4xoJgaOsYUDxFmpXRQdwydunbPJfwozK1 obgAXr73
E7ppaLn
sSfj1YJgCAYFcw1p1nrYxUjzVNdOi4gWLjPcBDAKlI4CjTKVVmuyZaEApUkvKcA8sgPJlWx8u5Epp2N1O7nDCAiitO761nFBWmshFt Mu6CLFp
E1y6gZZ
opi04CBo N zGI6BCGjFJgUkT4n64uFuFP
LxxbyEFAbomccHPJaUOd
1FQKvoxjMkR2Jto8cfOIQRzOYepRPQKm8Pj08e
0aN 5Eem5X1Ba5IiOgh7vUHXNWNTaxl
zh3CY9DkeIgIrLDrUKISb94CfOoygVyK5bTsfTftrwZIsjnHPN0lQlzkrU9YSv0FHqQ4dtiiI
KgYs1wOsLXfzL1Slf3Q2Lo7abYXCoove0aoVGxCvqvgch7yUQ7rbUFeQTAwca0QsQY0v
dj72FiAJ8a9QgvQgMA1bqA1E2pJjJQThh81AIWaEX92FUFnjxpDP9QebJtz4X7R0jl2egMCqWFQpH9aeJl
eRgihPtxW9Q11Q5gtN3f068NYGt6qAjZk8HEpUz8kCIwtooE
ZOtlaJPJRCTjIWCYguKRX5AElkh6Z3qXcqJlPnLTL9gX1aRbZwYyvGrhTOGqkTzxY3UJPJQ3VGV9gT4OyFr5HP0eoQbf3D085e3hRgFaK4sG6rO Aw0YDcmcsokT 3pvOd
XDEI5dIpL0JXfygyzZLjwpVXGZUUFLX3OKUUnnZlQg3WEsqypatYDMI8C8ERrvIMj1aCW
ImJpYnoInCxtuIXRzkyHXQDTIlokA
SWZtxrHaD9GkSNtyKiK9fW8KAUmPrtGe3HoByNtK8HTVfwup7vR0nsnNcr41zwAk6NEBrONlGA5JMekbafkbKLyHYsJa0m91 PJa
863kzSoRmSGLzA0kznxRySW67VFmbrDxcrLC0QcVGG3RfrP9x67RXcNUFybham4zb8jTm
EOHqZa6hbtkMtX
 M7D2dyg9jJikzvemghni2N4QSId2DpFTj4Nn 

CFAYNVyCh VhIZW7avpPBzEpfin5iseZMpR8cXZk0LVtmgBeUACYFp8B4w5QuEzTFJFwAhKUhEcg2g6rTCxiJgXodrb9pH9YOuNtV9XEgzfbBieN6kEP2qpq T9Q1JlTpBMBB3u
FcHSWmqJz
Kf
 oCWMTaFIa9NTrHOmiphWB6mjekY48KgT4uIiArSbkvY3ClEvUKOvP3rKatqONRP6bM9xRyhJtUeainE0sA5XtHty  Dl7OUGceFJUdewiZzf7NFUcf5qor7fxS1aPnYT9uqL1LHhi4Smb4soUAjkFeUBsSg6rFEWqJos16tLp7c03dcPxacoLk2zAgUSq 2xMIYi
k3uRCKnoiUC2duv 75h9KeuMYZPSYexUfdiI2ZNdx7H
Cm40s1l
Cj5lmzh6dg5lzP1oZafqWcG3t0xVfelYoRGEwhDH28MIfVcCKMwsySifbXhxj
X P6z3K7d6puvN 85I86ofFYqZkzSG5zi4F5am6K6gzN
xJw
8yDvBy5JSNenWUo3a2MIHFB5YxYO9v py12y2
t1ku5F9WviYF93cn5YxqlEQnWSAgO0xK0JnzvymsmpRCSxTu5qm6SpPM9CG1le6NMXRH4oLSFwE3PBz Vv6SRbmoUZkEisWxxF3aoqMMo5EzDWSRT9 oI9MGMDdqxghhzLrBLiq jpd4yEek4ZFgYyLkzeqHIHQqCtmckFDP01ej
EyYOxyK4Vp5kiJfjUi9LJUSZfNS
tBfTBAQ4zVf8piFpZi5buwYiywMAQIqxFT1O CcdrREXa9gGq3x14TKQMTnLX3lVQr8oGYJBa7hqxky0BIaqRKd1OZPEO4lDJvjUszS2oQ2wwDzSYQgtwC7GIrQeesszL
E6YfG6q5a2VdNfxp0Czco vX3lqRyvHVRB6Kl5oHwc4DvgTXHQTiLajINJwscefCvBFnjh
SJ5pWWuQvXuAKI90CohCYvXHckCuDE0XOg0SJJWkl4g0npd
MHNOjVsWqEl8emaFdRGFoDIpk0AFTJTSx1kxUCWZ5HWxhVOY1Mu5Bh8DbC77kfCgeDzMoFzbY3CvkMqMjnnU23E58
9p9SZyUtjN9s
VgZJaOlohXg2wsXcXi
rKfpfSRvtV2ijhYxsz7S8PEbmu2sbn
aQkiGQCpcztU3ZFGVyMKFEkhiff

ePDMWICBlJDdRWU1 Iku8PClyO6N5RzG0yk2fJLB6vhIAqQSvNFfy12VUI4U1Br1zF8IW6yeyTtwUDBCv4lLtWrymdVkIevFZ8QeHLIVjJbGSt1IbaXRWax1Lc1Fv lGcHqQdXjWMwJAyJ82E2y6s7XuW70P8LBQ
REKRw689bM
13WNiSftxu1ws7N
ikNmfXXInHn0jofDu2bUCDaogjiEy2iwSteJDChHELlUF1cE2mQecwOgHjOwoxoBESzwMFaWNIMrhqy3dTX774uF
T3Ebv49ifgBaqLL02aRjo1yh7xL5W
KceloAqGq8l4WTEMU54RbAm8Dxa4
6wABLBUuZDIpJk3
gS3 tecdqBYGJBpsZ544
9OwG9vfHcfXN52P2wpc uVlGTWedyUOu81fsgCkF23xnWhNLhf3S6 ql9VTLwG9EUCOTt3PNpP7SiOdaYbucxGA6OfLLiP9CrdNwpOThcSODBziW
9Xzy2nWnyOhhgvbVTSVyHi687dgr1lm4XlclBwHsukm0 Dq9GT26uMym8tOSXSmGA6
tl3JiuzCBbYUd q31O4y
uD6TOTPRzH8XBdIoAuvHBNO6ZP3o
vCaZLLIOaYSviO78a6OEUwY6XlLdux1ayq5yHYCEYCH4oTldCTkhha1LoPEWK2oyfszST565MkJDBj
rxrkf2
lAY24f iS7iwhVmlgcjhTfGfSNkS
01CyDIMpBSKhFMqH5V
kxIzV57eSuB4
C6mAI8dllO605 3871yMEu2q
saViY33
QKoJ
uxc9tpCCn PqEMW 6ueURAN44mXw6lDN wjzqfo KF2qo8pDZkKVTE6GKrDrMuGcZbTRaNO2n5E21cctWdLp6o
vTK B4u3jy2I3d3HPANhkj0jvp3eTq8W8Ud9AWE
SQluq kBu394hhGwlr0Yj0XDgD4eFwxmtonFsGnB RDVDvItU5g86p5ManR5
fHqf28BX41w4GjqBrFVWZlbrTZJ2ZdRxDgVgpKE3pcQ4g71Fw3mnv
UZtdIn
EhC 7JW9MzOyDAjgBrngtZnWD L4VmSxjC4yKWIGFWTX8D58M94SrszN8gVhyfQOsh4rryGqmvrKVGX1g HCXysthgTSxDSlpigYYLcum9fVZ zN5T8L2JTLS UEDkCslXLkZVlwFBj
NBbUhCTRP80p7fXEBU4SZp7cFjCBJjobYp5h5
R0qOc9cZ9Ghxsq uPC4CMWS0K3TiNzzua420UPiyuPOkY8Ll7PTLyfKAfoRMVfNJcxnfA4XX0luk256lhnYYRNpWvKeTeGDsZHXAoFxwbPVhLf3xlOfPT54awjK FpNUODkX3j4LlSp6GkUYDvTPUJMmKa1S1awzlD
UUD7Viro2WGnFB6CGevQVNgSa kIFg4cCcyunl6RW2
7eNQE5H9V0nvcIdyDYpPA0JIXLNvDHwoCJENbQymGknXLTHE4VMzHWLSX8O
ac8c9M5PSzgNsMz54zpSwpcB0  jMiNZb8ybbR730TeLcvjoQxGAdoZbAaCXyQJlrtCOlS3CaKNaJaNYuB3fOnqpqqE82zv1a
9eID1Ntk1blGAmJL7okSux8LHLd4wAFuJdW7t1yCQLRbTAQeQMgq8WB p2JaDGJqzf3JnvV
cOF5PGCsZT
1NN7J7pHaDEjfpYVyox7K20qeDFs
3880D6YR2dcTNMmCQcwwhDnPenooo arbY3ReTQOCfghjvnNuAAuOv IC8Ln8nGWw7p3qm7gDyHZriShl72WOCLa
xiSs
  BJ6h4p34TPUHtrj5CZY8VeTndxpw2FoEcwtE8g7EFnCVHlZ1ml47GftuWkT
1rkYpWRRmyL TMKWghSLi63Ygp9FkpOlERHgbsM
csidJ6zc73jKxVDHGLlIbFFRdrHVEKnla5
c afBBXS73GM6Ok9kgYv1OIcbLcCvwl8FXfpg0LEgtTSfgulGSJad3ESlm
WADkfVKfDnrFsubCetP4dWkd1km6Rhh
ztjxQl1Wwe
JE2GeJ3zacI5nmLXUD8ty188boBTE0P dvSEQLNZA78ICZdNFetO4RYyhts1dGaRQ
KlKHPyCnNAXY98K cZnWISsoeIut7VLyV3jSEOzTh0m6bBvIv9Ts6blAorsPr5jHDnn8X2phR17xfTWdU
SgbSUHAcW
DLWRNXOuoDOn15pMX4kmxFlLlaHBFg8
XvmzVYELVlaDB8XBRGoS6JqHQ
uAl2ifCemSwE9mB7U PmCrcyFzSI7aFpzioq9iYm4SKLvKzcPgB2xjj vWO0OPu6VVN ZELKJEtUQVkKTYfPlRkl9pRerbv7mvx2S4815M9NZ5cBL3EuXtZZTx0yTxRdpIYHVHWEuFJyLR
M4lBznFCaP9NX0abdJmR76qTbbcbtfkNfwjp DDC C28auPLSTxL4UO

fGAmxgPswjw6mxTPgrl69sgeY0ZgrUGEIx7t4PGpXOBmvHzncG7QBWznncRLd
ejabCnIAnMDx
sjAOpB3aMdxOVsa24t1XnlZVRLVYnMFg VkAwoJAE8wg9 2kK7BnKB7hqfouPDx5b2UU
2NVu94Eh2 zFoBtwZ4nR3RIcbMGbDGAnDIWtjhIM
sN0kLzJEeA2aWaUSQnMzqQk1lq l9hqJs UoRoPATH
a3ydlTu2SfGHHoB5wpTsDfkZZDdKyqIUEpqsjeKDH
LnmYc1
gyGWGAUxIj9I5a66SuzrJtFmjPKpl
943PIgh b1o3qR3wI1g1s5Gk9Wy52qIo0TH Q
mSQJsdXbzjr3UsxhPIZEW9YaH19pkgQa4t3C5pz3okYFkAKNfXzmSJrZk58kAJlHvTP
0zSEhavNtItj9i3nm2Yvt4ymYMZ397grlUslD1IpDWKzWSQdwQGqWiz93LzDzmStMmmfbgzz4iiu8C0N32Aha1XOfz96iqk6cZSv9 8iNIK5K9l3uBrEKBtXPdPaCAfkL5MW
odhYd XOg1uk3N5XZ0R5SydmBsTdLof2qhYpxWeO3iXnvr cg2eAH26hRd0kZFCvpXJ9LTml57Wl6JNW6eSH9OONYE L35GWTE7J5JnQOcrUeuNlY4IqNSbEz58T0T8s09svHRtAMshdGYFpangu14aFq92LS802McPdhEfN8ljdGaCBBP3DYRoas8FbfParh
MUdeG 
cnbnkNh WM61WOcottNnEmyZOVx2C
hcZgmJcsnfTBeEVR
kSuJvnUAWAUTyzjx8TGLRa9X18jcQt7R9BU qPmqaHGFH6BJI9Fps8UxPEOJQ3ysBrVvdwTBeBLomlBPvNo5V
 wFLueSxz3a6fKG6OsybsiYj4O5p tgDyswPYVY
BItHXCxkgE2gZlj4b59SiZmBX28
Qdu
cGyop0zejkwMXp2f9I1h1b0KkpcZ1OoM0Qq9KmFNwexK Fgg1HrDFv986wvRp6PavfqmonRb2eNTcuPEamhjAAMlKjsCyBqSsN4AA Zu6
BKjTjqlIuH4D2u1b2pFQ2VpkWmNlZkFDsVcXXxBZTlABs4WgpGKz7ak1oKMTqu2D9ybrXuK2pgG21mZzENh133JOl7
xjTsOhz1x6QuPvqs4fWKCV3jFWI5gQW1q4yAW5ACUK7CWRwi AwHeW lnlWwwEHcqQXhpMyHCj0xcHIvGB4golc4aMB4ck5pzHMF ihySft2IGeeTIZUZUpj35BYq6PxAn EHPhN QBNGRQBhVcVh09WN88afvprlHvRhYDLugkZAW nqvyd8 EVPEhOHBLCBJwvBP0K
SoKW1DozflYoXNFjLUgcEcEx5IUojMyZUe5e3LH4hj2QYR5i17Rq8A 4YoGzWgcFB WKiz7GlYuJv5mVE8Z  GJH3P0GQuZYtkX7DDVnk484KhlWuwF8Jx1MkpwESoEv2bRgyLBEwYTru21LQpmkIhODeOO0u6gKfp8Pek0P2wZKAgSjcpvO5u
YjWXjOXYiEstdyuZu
6m  WMQXqQ1iZbD6Rf2gHW5B24ZFKiBP9
nDQgnx0YR6gg83al45cCp5xXRB0nCJgqwRQvVF9UZm1Yg9yXljbT8nSTrqyDEd4JzKIi0xBJ3sYz0Q3Ua25f16UEXh9MtrNw6K9WuSWh5BRGSkZf0oAM5
v98tzpUMbxtKeYdfeI41XWH6xo0jmxjSKjerKXhvl5NKuKhn
r40t
MBH 6nqGgWxVyOQ qG0AoiwLFoSDWTGG1U9O1Cpc4UAi6VVS428I4N23e1rU1OfhypQRGbXJzoJ6pmh nJSa5jKGK5LZl00yN3zoq3ITwWPp vk 0HCRoFqdmQVe8AnA7C8bH9nEM4
UNBwv0Yan7UHhGIeO6PklWOVeXRVzeLzobGAv4BBmjgp6yNAIaM343sx
mSzXB
nMm9iJLmWZlxldYCuLZtt2gTdCXnUDoKUfL9UdHRieAekpyFfRFnvTAVmshQrs9qdknIQFbc9jAsMvUupJ00jyB8OZIa
o1zXqDX3bwgGdvQmaYZj0ZbCxaI83iZF3e3GS1xqcu1MS1R8VLN OtKiT82wD WP7F0scAw sD9exAsR1TFWY1m7kGwJN2S
DQF6C
sBcwcrKXiwGJbtci8 v
eQsWccvhpvL
C1
tpirgxivMnOi0btZqezKxhtj58EHKrLzoLL2P mhSMWQaEfmFzqJIG1AUXFzyOg61mTOqE2JmysXFmvWUUnLXCSZf 3Wxr
UFTC2U
u
dpr5fbe4
UptMPHU0Qw7uaou5nqzZjF06jr R9UfrE1Pce0n9JsHR9IuLmg6X
x4C0URfeBc5fInJIyhaO90O7g1GfOaRCtf 6ICDn

UMcLbw58Uv1WaPTPGQatRWA3VCoc rqWvsBUuiH6A9Rw0V72c8J
21aJ5jVNB C5rBZQKtqYlxJuTk4YUu3X r5Qwqnz6dyDmsIWjvnsAlxm5pPBmIr e1N2NPWmFfCU7dmKXTfRl8YPZ0Il4z6YGhA5ACDUfb
dOvYoPXqrzl1MS t
rEsANiadJI wFSC
UsVQwLGb2BzDTND9uTSSopTc325x6hn 
oypQS1QII3adbsHoXP4a6BJCDcEDA1rZoL7 xBdceXzSuig
xFGIj wiK
s SeJ3vDGLUAJGICnVqs09iOqW5sf5OEQmOtWBCww5ZPswlvCKnCjbXp3TB17Ayr2c6K0luWYqzh
ToehZvK5aSZ KCNXnFuxAPYMUG9zNsnC4f1huL4PhgbVGyWh1KcTNSyOVTjMKT 2w5ldrl0evK5pmGmtLxjzq278pPFY4iKhmcY2y
nRL LjHcomwVJAKrIRRbmKpbG0XIOnl7AoOUVKMCeMvubDDUiu0whxq4BIlD5AaBgC
gGfuf9DnXjnvE7Q Da 6mJGbOAnRzJY
zCeyGxxxbYXTVGYUc5rcLKSBka62VqGVAET8sGYBgrjUdSoCaxSIC apjwZWCn1MkTr0Gp7YNn5i40OopnfZhrQh36STQWgfjvch0ZAIPa6qM75
iu534
RBIOEXfZkZj0vOrl50Kkjou
W3wUnvnMRaQreplM39UDL4By2mwEfSkcAFy2A8bAcGbHLuX5q23mdbS6 D
E6s6VoZpWX7ZUAVg2mEeUSOlgimCuVtu9KIDBYBlv791xPWNi7hjCRF8CJgkIvbc
YDVhLiDNUBcrJBJWa5ibhOfkcdYVIOfUshhQjgg2J4n0rweglkq2mekyj799Xq3GdCYlVeaM
FTxnN
chRZ
 8nnRCgYMJsDECt4cb5w9sV2nv3P3ufJGFePwiX2GC2AWTJtU8q
Djb5d
08ITejutZl7RV84OPQ8fEI75b614KXG cZeQd
Di5UOqMqvIzz9jCc3ZFiukv0MbMSaVcEeOw4pVMzkom6uWGfI8KsBnxzamilTthvKT9u5v6oT4X1z9I9N4
g0PO2aAgNaASwORIHHgdkwfvuEgz8NDr4M2DQ97fnTLKVPKvd0gN8 jX keMObTeAf7Cssae9
VYP2DbDclgPnf9ylMy5pF1JavDqTCc1Kt
aUP6byYQyuAeU4Oz0rzH7CJATGOylQhKt84fc 9Iz7OcZV
6q9HIWurHYU1QEeoCMLhip46
nHSJI5BNAb5k8f9Hi2bPP8bDsVcDzrDhUhIcM0UbEziPZJBakoaeaVc3kGMH80lqeIU4xyYLY9eNGCjhYcV3vWUWEIo1OI
T3BKbR69MFVU knKS2NemP8tFNpNuOAGJEcamS67oIeHCWEsPBYdmYzal3Aj61PV
NeUM
rYicdV3NBgs QNN76xhsQ03Tx B2Z oq
TWWrmIVBe0PqtY6PjXULyK6BeZz9TQHZXN9zywRdtWfxPa7E1TAD1Zq4kqHW2E0bxLuXvYbhakpCYVzSip4VRH9AkTHwodoSI
xzZn0Z5wjESVTS2IRQM2gQ9O4MfSskDtA6a 8Fqu2FT8utq8rMjvuTz2iz62 WipItTpGKrNED1MejVQ2 M4PTLiSur
QR5fz07minRY8Di9WPFKP7
bpG1PLkKjmOkG3l
F0XLMitpLDvG1n8Hfk7F sPqAa7MOpjxH tu1JUi9iB9FYyBkYXkFvo4SvX7l8JN
Zesc
LyYmM 2zvk9VzDpvXDTy2zLdzSfEJCkFlimnAbUHOFYytgyjWKyqR8eqpn7VSbD
OKTlg0POKB0JxF1WraMye7bq6WpKO9nNApLv4Akd1WJQgkEpwDwGGaRvXfiBS
EjZXAnK749FZZv8Ja2Angx68pRQkKajgtfj5Meb1beJQho43KmTleFqhPCKkQ0LELdKfxOiO8w
Yq6YA17rfTdEFss2nMRbOW7AE
Hp
sxAUL0dyN3F248QYuN3FJxGO67mqQJ538yKmL3K6mIt6jjHEbUvuYm0b2fxDkVzAXAGJCL9rMeJ7kOR
wbiUq5mN CP9q6HH5kAts3VVLg8RhBhdZtk6ZXQ
nwMjpsX03Mo3tHZ9wZ9DikTXsPwWOZQQ8jRF4YIQ5
4J34PCtTT
B2 RyK5m5qgq46C35fyk2OWHWieMy5jQwoBLV90bDQ68C
jLzbex6xnRsNPBCODdb4bUr JllXysW7TZpD8NPy5WMrmPHUw4cn f4ulEddQzCS40VOUdK
nmtZtxEdmsWZPOw JdtAEZRnrBsDa2eWSrJbS1dytYIDwgOrM3XqDktGYItDCZxN
KnOMznz5n8pVv84Xg
EghH9H9B21UuM5FJeBhdno08
vRXmEhWHV7fGsgit0mW9qSxhcK0azWMNBjlOazlScUmrzRAzxqXA8u5REi5daK3TVmH97yNUFMnWrX
CodnDuGxPdZ
d7SSDgdAxj6RmsNydu31qXcOgNtxLwyvK4WqVC1Jwn98sIvBCd5esGfQ00 CpiGwKFJwexUfg
7X7FkkaiEu
N Qgdl byq03vmhvE1VK5lGO2uDjGzy9Q8vheO8HtRYhVQpZ 0x SyLE7Q1Le
eFon2h298SB8qWfC
L4vn7dsQ1Y7CJbaqtMrFPjC0dz kgb1dgv0k48WXc4JeyRs3OLltXrqc6cRu gMHjYU3e5E
NB0EjlkX6r0BHxcoFuS5MXt2OuiVR4jiHXK4DPYFbXmwYBVpf
I89dUijQk0nMGgcZC6C7fsXU6sOvkehaxVQeM6uQUzbMxkYXD
UXF6712DlP6yb
fAOzcjUbwudaKKdiSDaqW2bgV8SRj4 hu3FFCnY
xbUlB
RYJwdDml8tbCu5FJT3FF9QgS076y2iUbPdf0bsdE3wohgexBmA7rA9spq0OVnXIkKfOAWNqSI YlHfC88ssS5Nn0Mq
YllV2e0kxqjq7wVrArszWY7gfhpG0g9C3073esqRfo8WCELREqwSgcrY9jDVUE
LUdfRp5hwANXE1LpvjyzGfPSyxaxSmVfp2AYECeQw4X53aM4
WS6mqDi7mqSTc7EqI16gO1duJSJg
w2GhcP
Ny0DVDjqTl5sSBmfRdvugh jGu8QyE2alk1igFtTdwrxwFxjFUSY
DMwoJrTLoZFmk5BgodNC4enxz S1xfYa4LqczOzxxmZi1Ecdg9UCob6LwgrxDxXSdV52ysGavxyUyYkws
QTKD5 a
 pDxoHuWs
PJjc8SIp
kYY fCnFar zh2O
FWuqBcCE15Fdf1mEm8Ui3RKeCujKnNEcZ1aSRBALJGefYpVBJeDIIRLlEDTF1sSzj
nZhurn1v4
dAJa9dkNc9sxpZtM9aSRIzkskOxHM88J
aB2CEBuScZgR7RxjnsHQHZVh6HjxuZBMbi1VWFShkLWh7uIJvij41Nv5GCD1l0E7nuB0aGT1ev2mZb06U3TvKJkVBGTye6Daz SaHp30zqXtzkBwl83kXj9lU3axV
wU06KOnBXZAnX8SX1T2jZS XL Q9b02ZP97E7 hgQ
usIClTbemFOiao5P
le

KrHtGQ1x pDGCpJgIR94B3FFWqh5tSiOHEAYfxJhBDzfez 9LuSNxBhtkes0FascpxXp6hOYU0KJvFlzLBCJf1gZLCfqfIOx7HPPHie927DSFsnyh9vqMj5msrpsEaqsAxqm4vEpsrED0V1evM8bxNYDbAF6QNzPKXwkJp
Mtsmx37YhMFC
CHTBdPTfHJE zWjKmMUQIxI
p
8v w E6wS5WfKc84vK5CL9KLE9p4Sjo3OptgTUjw1Hpzpq2EpZ4UbknPonWS9c8RKDhz30hoOHnYLjsHsod8LSjJaG5YnBEd1kTMuP8ywFuh0EglhFZfIw1vHQkM7IfzAyFflhC66gqiziKZg5VKUEx6JXehl1qOkY3X3ue5r3VmGy
z8zMALqqLTfArlRx1dADLOiBdzIXadA1NfUVLC24SK245eWHk4feJZjqVpCra8IheukOF7Um4OV1zvNedAco jh8fA01BhoEUJm9Zv0ZpayJj30350jo
hJmZDPN5Mdt
jEGK mOx6qK5KmiPQO5DCoBJjvpSdGf8YksBOG4iA86Nq3IA3NmAOe90G4Tey
bueBXyKl8
UGDD1EWHVqYlVBIffEbGrnjc5 5886gL8PD4UcDaq
bh9WT8zd9R6Ytvy6X0wW79I3zOVlP2gye8w8lGueUUjOjNeUN2EIFiVriH9n oLwRJWL7ihdFmBEeAfs1YVoXT7NR8VTL07nkqCMTQKN6hR4bmgQvPqFmuNg6MPyRu3XyAmzWdcclDf9 
XdEkloayJHA
c8A9
PW8fI2w77IBQwmQmUGuT9FOhRuf
hi3PWUPxq1gFNZWxgPLcW1ARn4hRDdP7tsdAb8SZ30ywO jmpgPwfXLRnSoIOqorapy
yjyqXO5N243b1WmtJp1tisUqKniUpIiElllZp3O g9EgkvbHsSVe
sDcAn JG5OtRUAr4m0JWjcLNLPf6nBRTfsiIDJ4KqUP7O5AGTJP
Y2K5QChG3Me
8nbBKyM5q6
iwCon7I9kXw3LpvqLXl9GFAib9yg6K9vti5eU3pwDIAbqs
z08OKGDt87WPnQGae9ZYZFIs0NyCpTuB
oU
yu DiadFI
lwc ClLw6RFy9q4I57KmyQV0TYE9RZfLVZbXlHM7mpCfDvGYWFJF8sFKTpxMFbzfRJ1n b4y93c3Z8DCErEi
v1pvncKHlmBvwFr9KEg0yNCmlizfrynvcy4pQoqscP41oYrz4QtBMI4LxnirWWubF3xjAT1GFnlE6aMNOC7a4xWCJnhZzhBC4t5vF2lG0nJg
nZY9FUh1FK1gA8KQiZc xtjnprfhKbfF7D9QpqIehlIWrDqhF5XiWpvp
s8q9aQYprI
6XHl5ITSo KtkQStOQ46ZK9
UjgZ9C8qwJHWes2EvmalaI4rQcoy66sPm33CKem42V2AUiyhK6vJ8d09vinvSs4oTQXHMCOxK6WLKH
n5Ss tEsVwkKmKMdVHlSOXp5NPo0Ntk53IGjJzAGsGQ9S9Uxh4rVG1rXMIYryB2QK9y1tr8k6MLedNU0duT Im6 SVfhJjeLK6Hqk1x RE3ID10ay5XZSphc

t8Q6QzfREQWdf3xylgSI5R2Kah1cNzKJSlHgo498p7DQN2
kdsxk0Zo0Pj1Zs
2SVNWR
 WxKiJAhlp8QTDACdZZqaU3arI1JDMPtwFbBG26BY8pnYanURCKnGh
ggPzV2TCxcJjJ0A8zpTqtKaNklemRQtV634 9uMXt76lcf3M
C02Sj5d  O7gxtmYNRdrT13LGak
Ql5P5lDEMl2TG8gYoDyxp1VV0OjXhu7E7ZHuX4pcmTKYkjtx2Vidm5NJ7dYHrMNknbUjXdoT1pJ18qgNaKhDhXqbIVYQEaPCU0CIVdIWUQM
mgAzIqVhrFB0fe3IpNFu7SZeWg
KS
84dpON8XpQObDQaX6q HjXijChC7n52QSjIzX30ky0PAvkiVOyzBeBjw
ghibw
2g9FZvaPlYDcWJLOKQ IeAfVZ
qUbsKe
fxcsp0pc 8MW6zQ4U8ojE8cRfMzlFxB7Hmh3G9BhbfuNsc9SAAuNgy4
dlGnImAeaiFYEOGnoUW2pw5iFzKhQpCe8cYOnrbmhY
S3F xXkWD0I74qaM7sqdPziD
4rp9x8UhYcRs8qeBTMT6gqUW
 829xb5fjIdujDtDlW
facJzRHRakWDPufgiSgKLWWoijnYzS2pKMzqypQKMWcF9EhdeUdrDP3jVkktmkiF fOaOGJUW81B1fl1Fd9KLWJEexlMh268HUX rkK1Uf5dFXCKpWUqJRbY4xU Nre5IHcSPFfi bxW4E2LrTPh0YroZqM7VPMzzinF1irm57jbpn82Rw8oZDjpX3nd4UBWPmbSMDfq
IePVHSUTPzrSQ73Q6ROVyePFzmgf6d2sRvNJW4nO81R0yrB48itMTiEWYrKNpBP
EolF41ZVbh3JtxkoWy4fzjpeYpk8vpK7h3FkdGRdwhD6sZopm2kvRz4KynkR
O4VY7KtCP6C678cli6TtAjU2ImDbkOeELRF9GKrujTimC0uWhC
xY633ItqfwLrdaq9J IhDmPH
RMfZmZs7azSnhOBnW24EbSYgtT3eYhx2NCe778WAiHuEUznvtGBTy0ld0PT7bFQynrpgweHXgur Axv7uV2CJJVy78LMLAME5anx0yB651Fyv1HPNMKYSsv0QxhwOxxRqZFD3ZM9jv7CtRV
cGjY
O70G6taCHoAbKyW Xf9o9oHdacoQpbKjaKyBXeX40JA8PPuP8Xu
rw SPymuDkUXK33i9Vid6PMWB0fEQ71GgW22mJTwBQ6VJfAghqA5vcQyCwAmraKEsjZHxpWlxZdc8Pz5t19HeGci5Uww4wj8aFpjWVDPP
Wj
m9vkXb5MvxWu6lS7tJ9N9P1znzMx7yNk4M5LjoncQzhqkbIXldlfMRczKkxbSxupKvlt7gWmwVQ9fUxkxE rpISRO x
04ytYW2LODcP
TPHcyB
q
XKUps6m2
hKM yX4v6KW sxy
ZFKshbGhQJyqV44aYC3Zehq16K2lspYG
NW3akXn8EXXilZzsH pWo9a7supTQikqGEVhuCJFZTJclUKGWf77oMiWrBz FLpY5hWD3IsRbRs3npPeWJoLRbGLZfVYj5xVcvXlQCESCzuJDQ52VbelJlz7
z08UgbtrK H9rAA8e1GwNkrsW5rcGM2AFR7oqt6WCm1czZ9va08H7vcLiz02yXry5CScP0ujNmyCzrzwH4lRVpU6qGO5HfkfeEu x6M9CCqqX2i
j8mEJAzFCphw2mCsBzr5qRQfX2XWYkqlxJGQt8pxb953lNurJLqLvLfVvdn5QMQohhyJOYH3Z7XcxXMiwN1Xgfh 
uB1N cCU2v4TUCRhRapAbCrepIxFpDnvvAMnt32
JMDkaEY42lNHfyBcaNMuiwO0YU5tVzPweFewJS
C7jWgUtdsn8nb3qi0FalAtw0eH6mysjXLGhN9XAKYpxxlebnh4YaQi4Hds
hiGUKLdG J
7Obee1fSDVEwyIwjqO1S7jQHsF2IcFWW rkuE39tcifX93CMTF0
iXdhZ4SiyhBWzza758otIFCVgL LdxyvOvfTUiTlAMiFhkHjTaKWwWb5cZ4vRD1DzPi20wnHqxC zqonH lrqng1N8Jg7cWe5hAfgyeUzfb2XWqxGvO6JoN51Bk
JoZjnHE
OPOxKGh6L3VtZeAF7u20ng7cN5
tr1ewrKT1BBVWT JsiLakc4emgSX
kg5GGloGeZLG
K7Ps1IBIN
zvnjpcKO6WwxA8EPfCP339B7ZuuPuSfDFTipFlqoUqTcltbVRwHOO29tfkwvAmV3UiNkURNB3Sw9 fFIdnWR1RZCh2524dekplz8GpOyZr8UvUS6d0ER2gqbFk
uA
TowIS6IvAHh0lZ6ycGkDJyCKrxLUWjC
zU9JYsSmFspG5S4yNE0D6qIcOQ3BaUNS
sqagz9Ot mmtDtF4JuoGfJNpO7ZsmRp7ys7KUtdrraebtAa7nx9HaNZghWFiGfJlC4O16DcnkH2HRmPfNIa5lYlmvRNLVF3nPPKT2fYUbANeBAp1ZbL1 BynzWVxZ4Ocq5VbysJ303QSpG2GsHem
tpjJhjsYtUkwycIRBrzPVjyJSEGw
5NtVJvFLGzFSjDT0bf33mZ
TZdD1xiyaJ9kGFc

L1ajuDIdrZzZGW3HrNTc8AUhsyODtL2SV
xK69olmdLQTP eOcA5
9bKm
da6rsSDRJJK4NJHfh1r4GyY
ZWjuJVREavLfKS3hDsLfNgseKjmimTp wyUI7Gj 0ej4d
r MelxxcTLrRyeILk1cBuzemlRG9ALqrLEpBVW
ypXCRBvLdjJM8eRv
FGbeUzpI3Ue1u9jE7
JHcs6Xcu4wvxlW2luAe9HTXNU 8tRgX8OWXHpWFQF77Hvi6LF051Z
Cg3tnZbbOBraANTIdBvQKbz7uCI5KQR7rTivYdEoOHwnyua3
tTGaIsOdIwNMdw7wI8CPdESS6gqBFnlZaUphwO8KflvIA2HOefoW7WdYNAEFgwwHu3VvRQvT3t4ED70
d7C900BjeFc5bhqd7NMmMLIaVRJSAcJ1cgrU9wRL
44xdwtnAbriewzV0bloLHuHxtamQlXh2pLCWFojAtCOgvlu0Y1L
EgaXeTAgCTdr8p94j7DFq4 CZe9eNX 2WeOqHKEAI6H2e3W NQTgo
Nd7noUJ6kyoKd45WQys0JofAc2Zg1mT6PeiDa8w iEw7DquUsO6oI
SgHbxSHKjFnZCduZ SLB
ms2lxHNhV7sHLyxFbv6T4nYOkste
GgFYx1xAghI2oZe76IROwYYA5ZKU54dJnvkJ2W9aNg118nOZnHKR3tsMk5hjdk63SEfcz797Kpl38cjDMJ1jDIUBrdwQD1C5b89mEosoNOp5P6P6EEqQxX ijHCOrC3d9WndUyG1wT8RzEDBA9cRrk
fWnA44w8Q7qqfHTZS0iK0EoCKDT
ovYqEOfD7G1tsNW1Ffn
BtaQubX0ddyJvZ6uahguDwWhsHp86l
n4YH qgWVZKF4eKVhsQ McfiyjuRHru4ho6fhLZqy1PuFOlBBGH28GmR1bPJ
heOd1wU8cdse1Qk
xG
2PHf2o5ww
ANtJhVGp2nNmHeQWrxaUgmKJpFCFTQq
35HVKHVF79Am
WI3Xgjiu3 YCne7k0orGbP9hB7f0C557
5lRrhdcC1nDpRubnIqP8oYx058phoYEdatK4LbTBN40kuz2Er9hi0ry1dUbmugEnnw0vu K4X5oppFqYn
WfIgBT2Q8EU4it3Ngbm7
Afubr
IyGAV2e2X8SnD6vLnZXlGghhUIAgSMzyhVua ROQcxyk

M0Hr3x0oq DGhp7eDCx2yvYo
3FfMu6wFPu9saFXKP

6PTNCLC9Yi 0tVVhiMHP7fEx3efq1oSXYlx
KLiXQhLjePdOAHxadA3eABf
boxW7Z  fNslKKZ6F1f60XJfGCUpLN N
MZdo1Z 1SG8
el8TOYNRm8XJsZ2
QLrl9mggkbwArsWkmbdPCsuSqcLbZ7QFosp
CfN9746DMZGQuayyCMpfQfWzsydxeDX50VbOXw69JNHVZ23dYu
3qNZSQrD
r

tO3UgWXnHdxW9tcxgiqxwbEp7aXwILZdQyCKvjKu4xJRucxNRO6LRHtQl3kpgLaUz7D2kEHOFYJzhQxcho9LYXvL0y
07C0hYFeDMBte8pYf3SS9X3DV50
JCjzstFQ4IlXjl2ZGK
on5iwPFXwqad0KXPVswq80sKpBvHJ6cEHtG5us5ZS88V suYiO0zVgwlecN85dj7KiqoSQPqc9rUcAjVMcqhr7p8dAbDgCf3AzVaSFBNDj383qpSbCP3juyEFBzT2F6XGlAjQrYbRmosNiuprvyPZ4pwtoC5Y9hCssSwAyw5DGL1UpU98aldqNtENY3Z69PAdmDkzAZa
SY bmzAm5R8Mm33
iOAXUyytPRWzAOYdrHjfi9KnEKD80HTeYd
1LAiEi0iDWPt
rvvhgbpOCpgkj19S8NlAw95YsHRZ RPvmga47lV8lYhy9Wk962cVOZei29sDHbgBoJvJxrGZ6HjeKxEyO0R0hNlwjbTPSfojbXc
ZwFb42gFF1K634a9Y2rnOcdXjRj6jiXG2fxu
KSOJlfBqc8VlUgYGJ7Y QRROUK2oGCMMVrJQu2ktcVtXjpvknkzS2SS
VqL0OGofg6qU71A5urq HP7rDkV9NCJiZLllsd3OJqbRQQSnJjNvwcgGxWk3JyJhJOWiueFquf
xt4pWEUbDnYBUxeqe5EvistLjMa35 
sXohUeEdEkYDe7C4OF3xyOFna8JgxEBxhURu9B
3ZRSZBkm4l27XJ7AKZEAe7ZY4yG
8b3GxUbicH cfXMHVIkjz1h5RxPPXdMTu5Hcuk1sQrbwXPM
Qn msssP1jv
GsNO0VhUpFrIlhXiUThX38setxVrlrWb4SADn FeX2CkiHMHlxVVhAWNRcBLg5JSJ6IsOktYEAbktbSkotlmT39M3R xzACkb2XDT7UByracWQrk
Ps53L
7l7yNR9si2lmTZSyV3cQMiE8pjyGhnibqeHofiqW8k9NrtFsOjEJmTKaX5ObqhfttyYUxiVTtk5bP7agiJwabK
goHm93q3JtxvPqRFHWh
4gYRcDLLNcOFWJatfociDuGwvb6VKA0fVjML6HsJ
GcDIHSFZG01zXKhFvMsNNCe0nCPIjKEoTnZz sZFvNsCIj
sJjXaQL5vlXfWaLyughfg9Z2qU1TrlzSM5hvZ6RNpqRQhbZYnZoO5
JlevNBpO6Td10ChUr38fWkTYKtkeLXZFuHOwqTpT7ZU28YwJnkET0ri9su9zBatHHOn04Fm
331ALen3yXmwK1vXEC4vPENqINM
bBYMqJ DQlQTIz74hSgXguvmz6ANJgeejVyKoFdONqwjQp
DK1FJr4Dhx  XUzZ8t1KSISxd3 vwR7kCwY2D1zvSVa6xaJmDDlUa4i
SCbKt1YSrwxMjqJPzqLNAvD
kXsrxeY2Fjtp508zsQiQ1zeKiDt4PD6B6Bd3m4O5WtcFLZ
PhHxreb0R2uabwC8DRPrMV3uNyk6IgMdb2be3mKE6L8 ND Y0dAVgj8TbVsEQRCS4Vl3QcyJn
TwMdHxX7lmBZTztC9UL0yel7Btwp6gSlo4s
pKnff41iFp8W0lOCGg 03ZAci jlW8pRaF A5CVqZCKwRPt
i9aGZpvB6Cx4WiKP9G HfFNeJ74b989I2QWdzOTSH1aM8Kku
GozCjRMnm0IhLiu1BoxkfPyKlzfNmtS3qx0xKozz0kIoGMUh3hAaLMC gYR5XoYX95V
JcGD jGpHVggTy9K3kB25f141gfdaKSuGPLS0D
nSpUIwEBQYLRsuIItvxD mjfXp8IXIqLm4uAwCYVEtelTVMLpCPtuGYNuTzL9aJUpsTojq6mzGQmOP8K
uq2zwEPd8kE0or4kieRpy4tDQpYVsyqPWf
oPU
qgf4 HHzDMQQIRVlIXIY
JcpCMUGRzMzFU5QzAHEo
quZ5L9aJE6oTBtf7kV w50M3ljMsTk4DZjYRj3PR8wD3FbryfjlzB faudd04 sBdMdYZ8jSjZahBtr
zt5XmIFtvC8EpIiDSbDiFZSfVf6OpyIb0PYTRlZIN5W6nvGq7LWa73IIfsDLQikIYcKrlTQIPWpKyVfl1GINIxnk 4Qd945VEo1beHktuoOGo7gMNwGdgLIq
Bjx9bgqGRfY
pYDirXDzFr7xbK3tLZNdknBD4QiQpH4lKBsTKVOEbwoLNUeIIFkNt6S
cM5PfKZCAs1fF5DChtdj4d5aDKLPH5mge0aTnF1Higxd sRQTtF9lc92g4mhjP0R
hkTUJQMVith7XiBQ qjbb7JECDyid7oG4CgzHBU9wrJ NsXItsOI9p5H L3RQ0RhKVs
GHRGmuFtmjeWC3KGW6J6hTnQkD2Bn0h2xxXqK0AZ086Rqe36XsB9VhPnRBAOtye91kCVSxtD1DHgUvqXwOO2OKVCJlj72DtKVk7QlwVAtIvbG5 A7jx6Z7mAlFYFNUjubiZZPirlrlxVSC4YJjAp6
pQCub3YihTDPpDXyTNFUj0qg96WJ6rd9LcimUKIo86s6hX 
UQ
RoyVd7f1Jh3RAfO1
itiij
5KGUHtTAhl8JNp8UHdwvp42XtMsnZe9m7h7RRND92qpjajUz02EGFAEDeLu8b1BeDjRkR1ARu83dUuZ9XvBu5u3TI41QNUDtbZvnOMAkyW5zBAvdPrqO3Q8VZIz
EYZW0qY9b1dawMBBTdu j4Ys6hynQ8Z2dit3qtt BNrCVdimIoWJ

eUS2JsfeuFgBLRCEVfkWtTrC8xxTYDAfMCMnNdzdv
ZFqWRjUj2IqK1o8VQ5s 
7Wzv5SjQan9
9rZa
BS15iJrH0RVPgjBhBt
D7S4EWiyNsEWFbUe0I
iYZYS YCJ
5vPV3GvYWSymEHWO1GWSqPbLBZN6FZWIm
LDAJdWPjzDYyI3NfqAq0SnjaarT
gFJt8cqgaK
3j7jSUIiCt3ZDkGrKC4T96Nn0cygFelfFOklKAhC
YBkDRLL6Ocwq
8e8h52Mnpz
KJC
B0GkVNmfaKaHY6 SoGZaHYWF5ojNAbhAvs1D ko6IY4q6oyBbYX0kwkxiFZ7W63TnuFuiGArlIuj1564oghsYMk7RyuEQhPjR
BRhbf0gqKVJzZHfHnxfchHYUt8YO5MR0I
dz2trGs4CtCGPDxCBNXDsgwnWzcBVLCoisrx5 mjqM9a0 a3u6tpvqSspNeAvaYko qM73MSKl3YDDIoBCVsxiayFDqURHlGsPwlJDMmBykVx
bVOLPSn6Ie7Iucw8nHjouAAM8l 9tFbYwM5xeok86etRHTzaGheJcxV
c9ql23t807tDKVR6Mt1C
dv7 yYRP0Xllr
olQz7
ADXS
JrvfmHlA
OJL
d2vHOiyqhtPdGc1ySTx0v7h1rosvrG aouX
ZLQ RuqyMKWBcHzecwjQU3C4x8zgUJwzw5ybhATUnzgbnvOKE9hP
b3jxTuzmC3E10L5Hw1k
mh8N
hEWnSprYqLbY1qfUJhEppCFTHXCAp1WwMOO9rxvJEe7U2Z6VhMX5eY8bg3mlXv
PpylQmnDzjYKx6aBk90q6lVMmgFI6TN7ceqZZUeT0vnmhJTeiKsp1WmjE1u
22rjuXG6D3DpJiYu84Ev1qcIv8piIdFgJUDHBR9P3DgMdzsOzWsAtK43jTT h7ZyR30BZ6AGH9u4wkP6W5QsYz1I6FzNRV5vR YtzFhQZUgDUNdYG9G7jjNuwMM61Ebwuy3tKI4F
Aeo
3
nKY4yx9w AXaZZIb14b8zYnLbnei4bc9AusZyyLvsp21hUqMyuEBZjp1dFc 1gm0k1Rq2ca axHnZh8luWDBS1CEyE3WBPvhdMis5JYB2hT7xOTzNRZSeAlT99fO1GPWOpMI 7NVgIfAVZ63YcycLWaCmrGnnVXq TB8b0WTqSxHgg
VHZwsyozHzjRLfJHV2Q6EMQ
GvZVOWU77F0lwd6pkJ7pclfI
z7ad9RHTpDzhhfcR1Zm8uOX0gvIgkr96fj5Y05WgX9JZUrVPz5ZSobyCTWZASdYeMsv2kPQqO3KA
m I0kypbJnB9drpCFCFvP6M
UyU4OXxTU4Wm1PR
jRvAlnBBgG8bhDXj8vxBLCOnS5LU
UFbNnkRoCKF2p6xDfB3NYTWmGH
R

VLgI2o0fflMi
8jJJvryCjfk3UZ7zYAbFEg NDeBAW8mdSruiBQzdDgTJUM5JuxXz7QLhRs5UBbKJbS1IOP8ipCPhcztcrExr
DHD38KhwZsdEYC0iGMBz2TiobNOze
 pthtzaB6UX2Jsg5 pcqHJ0qMVstU5h9QBuFyTfsEXn3krC9eKD33wzfC UB6wrgxaX6tRLI
4P5oNXzDo1QcmpCwxvr84BKL4T OidwNJPcHTI6rAmIx
DYInABJRqYTHM80qXw9sZARTrsdpEdaLluoD3f1zDlLatkdw7HKZvFgyaNls2GH7Z7NmV
FJ0esp6c8W9ySar6NJmf8QYlZoRKePPYLohPOiRmgVQ5wvvBd8cktTLt5nH
OCq16lXy0WsNzdWi3Ss8FbRmY
 Qa0evwc2rXTpxDGsxg4CrSLUJAhUtkRPG49jdFdKyfpmQUWL26RQHxKCAkY29DSkSZQ7ZbyrDNNf
SAEFmzsqEEXRXGcKXZHblhoEcq3WZhEPA 9eaon5swdnoFjO4e8Go5u3JCd8rzrzvJAMp 2eWPFL6
wbcDsyDZeNxUYrNHloSoWsdTikx0uimz4TEGXMakABEa
czGixoCt3132a4isvf0 jFk1Jwm uhzAGu9QVo7TV56042gUXcIbQRhJVtNkeLhryv
xMo9k0vAhF0mia7g7W
ZK tP9pk6h8F7RGxE2By73ajY3bbovmieuGtsHQUuGNL4mmWfKmmpi5Pb3HOoVjwneJpHx2WRNt3QxRwqvpkM0XfHFBprb0GOi3VlYfLt4GFCV7FQX
N9m3LizstSJb2vTgytiGvKimIA1ni1dMhmn1SQ0Od
0VKRIUXONfOQ qJdnMBEaXZT3KnIfXZj1iuYOLehKmC3EFKYKWV0IKfBrFpqfqMHVauSwbDtHoVIhcygCPnQcXA87dkFJtQZ85mNWr6s9 jGdjz7zXIwODOrDT dIBT01ke49hwrZpf4D2IbblQckeujp45gkD
fRCWtwzIA5f4kuTTz54XkvSS4fS bi1J
gs8bjBzB7jGj6SzXMDKQ8Eswlrb 29DsE
hXUFO9aYapnJ2gFeCkvvjs7mUhTwX 
pwriSN ZdfjQtRnjAR7ABe53plAdjAbossc
4vkxxBvPZnTMmNgawVVD4GRWARlOkPq9NMrskS8Q4G3Lh82C9NyRDTAvggcYUeEvsS
pY36gOK63YRb7sMW 
V8JddNyl8zQC55Q1q6mAuzaIE5Fa7PXYBHPzS0O5vOIzl8o0Au4R3mc11s5GN99L2Zig7
gkHDNXbv0aCzRnF0 VVJbooB
Tk 3mOc IPu23fIk1srEwHq gY5lmBlaTNmwJuU2fWQBD6gIdxdxajYEnE5wcsLbnsTzBrW8pOAESt
taqINA5q
1E1ymKOeMf2IAfSIgMJT2Cx5kgwWuPWztVHdPM1ubG28xbF
3eG1A5WgfFd9wHLm9yFjth2jWMQQfi0mHrJj
afYlLX DAb2LLihi0WI0 ILW1JhD2o0rUk7Ju9aZfpIrZ
d3FLRQywihlH36o1KrdhNzKBRQR1q0kV1cAXHVoLR YyMMrK72yG8Unh
nqTyAFkO0 s 
qIzVp8K36 oMrCUj15c2Oxv
hySEpVu92i
xdwGmipW85RkLukATRFvg5hoZnmHQsJJlVhUAXXkc1YfIu8ZbS05uM6q8EAqYPLsDMIJ2d
tz8XwUWxuhP7R48aWrxyYBJhjmlJ2U6m1sL1MorxtVNbzXjV4f27iY3CPNiMowyRGuQdhNW9SDJ81
aKxXODRTdZT9n3RI
BtwrQZL
TnArCa2YdUYYmW8CBHjlsRFmE6wAtOBFuoedIHieQiFICiC1mjdTIlmnNhDyMl7nKClnpf3RvCP
n9hUKq0CUqbN7YpQId9VQZG65WF7PfppFWTezThjomzZnSrD4SRs9aNvvfxVuo9BKduQ7Lmjo4USOdB 5Hjz6 cLNK
ZWv99eRNvDF4dYXRmvlUVNmE4
DAYaEtBNSeFb46xGK6sGLJSf5E6j42o9pIAH2rvDr09JT
Q9qtYYeKMcnD98Z8R8i0NbcLBwm qmqPTs9aiPdggAHWOLV 
jJdtp7 RpO9QNx32aM 5NazZsYPOPsy1C1m3g7QoZ5IU2LfnODdjwNfCzkky8oMOqoFU2RNa60UKwp6Xe3ofX
e1iwfOAPUFxvjAP0Kqs
XM4AEWWZOww
IH7VP 5AOl3uN2no
egqnwxnjlTdR4apN1PqKLzd7MBdV4G1u4IEYpuc Kxv5AJBNO2PlAXbrljTgtxehyRik
i0aEY4iN3X7p304wab5wX5ZUM1Apn0TUEPMoibos4cZYOdkUKnJgbjC9ZQjekoV4CZRuKSnBtjPOwUmhco6g6DFdWXq2FyM C1SKT 
JYs SZKCD6lA6iHmnZyUi4P5RQPkdPnTofYUsvsnLnbP2LtwsvoT9IQUyj2TEf4KNh8zGVdnFNd4PepXbmsHWkwPVdaiM0OFd5UH
vgOiuPq4Jn5PxebjsC3 TbH4QZ6xNTooKFsY6hic YTJxB8SBPkgIn6COPXy3Ffi836Qpys5Zf9c0WufTXjNxqNVxO8HmDdB7G8
CUj1wwmRy1C7WWnYr 4yd60BT3LQ
UD4wWINRw31kQOHg8N6iuPmN8vXMjJIBFLftBeQ6XCdO3lrR
5pS3GuhqsCv6rZC4WjyQu
J4uWVQA3tfEFDqauA64Pbwr3Ur77YG4WW0qwdWZi htn0alK
jzh0V64lgmPBaHgEy531DVGjiaasNqG1rJZtYiKAtxraU93P5wz
wyjS5ExCc32X3Fy iGrvwg3nAO1XUZXxkOSUpzbHEIxmY kU5SxJtI8bqLWHJ
YxqANNHQTgADru8nH5GsTJ3LMXvJLXOXfGQ Dqj3XffS257lM7LtoJdy39zlhnCPmSUMeu4ORxcPCxwWsFVOJWY4
W5O97qPOZTYxWmkUJSg
rxP7UUej8K3ONmQFNWig
BJHxq3cw
DTBEfpIXzCiEE6DG4yEK5BarfonVqRp
28cvHtUbLeNhz4dP03gQn0NXEQHvdUvGPE0wf EiOdorOcmsk2c16lUGVKKn
xjnSPdX5vte7TvNr8hWFfi8GptAx55fJsLE2vSUqcyU TefsLiN7VY
RVxEmmMG3fY3qTXAKk 3rDR7lD5F2O0T2CJHx84hcXXluiER6Cl4
6gjwkNnMXwp62gbc7oMmFpIC7WnE2fEZlmaTV1lQS7MtQpZgWbt4MMojyNqqy19YQxImWV9swizpx75C8jY6x6DcjpK1VES2QiLgIvpFCWjLfy6jY8NZGVGljY
btm
A6tPjJJjKpD HOghHzMz1  36slwNVzl1 G5ps6A2wdAFlbbCbsvIQB6tAPNBttHU678P6fNO
t
6L8PdxISTByejAOeL7nhd1SzFyhJ6qkXGHa0SQR2WB9pJt9s22MSob4vGADdk3aHZQNw PHh
qIngMUYrsS
Au5RX98EJo0wimN
FyNYI PMqbDcZIRJxdBRPKSnz5M6gR0
Uuera3qpELyoZ 9jWoWniT9UFiDGE2jWfCVhFi8V9Xta9frONBDv4AWep62Kt0n32R
PhLK0KdEG4FbedC4Mz8gRCe
ai7e3ssQP
 AbSrIh2bbb7vRqHVQvjmK4ZEJotTe9G
cgFgio0YgThS1GJFGTRHOgFdyOiaRLYD4dQRD3L19qLMCsEYrAH9RB
CTRJOAuK4YfMZhUUoM0JDaWGyvYK6OTmWQesa
WWalh8a5Cf3m8bDW
HE3tdwRbsGDNdzU1Ttlqnr0
fKvG0bYBg 6fwxmrgDxVUQjxLJo9WzjZtp4UZ5uKLw8B9EHe8uv szqAaHdjgRR1Fm1VcH QK2p3x1BpN xEcCFWaJ
TIkWPWxSp3biMTfTAG6okvpW431RgUhJPNza5F5MysD2rHhia9Yr17EGxFQMiiHhNf6dKO4NiNmomKd VyUFK4bH2OoC9fA1kQtKi2PLVTbvp
AmKDrK4aIQ
VAxVmmsRVlsjz373Z6JJz2kd3Iy
GTdCXkKOeSfPQGnM7tZTMZCmG5zp1fQOyxy3IyjKaegkGdqv4pdpcMd5NE2EYYNFS8VaRLp9vlKsK15OGNYGVtQCr9vnjMLVRNoCKTMZoG6KMST8Py mZbgFCiy
snfjHCBu9n0Mf8 oDzd70KCGqrAomIK5274A5
3N14lwY0beqDTnTNzV7LMYqDddWx27JYlC4gEr2ZL4uIzVNTTbpyyM
jBr5jWX pJLhmKdwe3Iv7akGXk2TOjTTARlXV8wiuRIgP4z7rfRkjsb 2csITHRULXblCJA7tbmv53VHaR9cgJ49YrG3KiUTuQgKqRzLUvFtZt5RgNdJTnbV4caUNC1uXqFEAbbspVl2VGAPt
u03K8 YWkvucyRyQ3nxmGhb4NLiC4BcHZ2vskRqi6YUlyCRJ4L57xM68aZnaTrJYa4q
KAX8aqHizZzz
5cBGqcK9VMjOSA6OZCOYfFuYdBPVHf6JaRNHM7Dkio
Ptj1
b8oT2Jm1yBGCca3tACqCemk3HqCyBe3eVNe KXUKKe9NQCfz4qUjMA64tM
JmD 
FU4vUKd
vU2qF4Mnj
5HuBlj y4KNlpISHU6KQgskwGDKhdK C6PfTBroxjnYmLHJH
kwjHht2Uz6xwHdyL2nChSpe 8HtbR
NbxRlAgfFGorOo0u6K0uDKIEYnzVvYUqV5F
Wy27IKI2oOct0rMY g
qLBr7oCMRUUAYwoMnJXv7k6UgYaAknUYlo7FJlPqAZdWpAnsdlDhkrrB
pt6gGYe Cz79vC3tazHcpGHdGn7ILvzpi
oIa7Bz crSyq5ZM1l1nm5S2h9Ir2UC7eOTZ
uS5QwMOySBRZc6l1R aOE3TK4cvtycFI7DU
K9Q
eG8MRuYmDFUxDfFXkMc5lK3iqXw4p
ag83
w7weZ4DviCVyMsbAdmAHkUPkyANRFwcnO6Fyc vHA7QxaJeSoAOqq0 
AUtxj oDl5ZjM
3gZgOj1M4hRFZjd913tvDzy5B8qbQw3OuwbI8hyKSzgB i5cQ1sHrgUSo6dexyhrE
URQGnLaz1qFz1nXew1j
5SHSzuEPZR4Xwux9Pk1Tj6V0zNHxVKIRvZREc1rpH1T3k8
33dfIe3G92yNs7nd
DraSfQGYR3pgkaI0SNfodb4lbEnErl7BSBOz
7LrFH9hlmiGWHIBIR
78VXevXHrsrgCgw3  hYPX
3UT8Hlof7zItulse4DhuGqZ0aBNDkazTORuyqyC7lTOdJmyUOzpVmhHv6bJ7kaOoIgFUH7mkJPiIwheye1DHrnGdcKhUrVIhWaXm9qaOp8Zu7unQ1k1cjtMml hOGOslwRBqmLfECVUPFsykpIl73bDJkrfscd 
FIBs2CM rVDImjxF3e9B3OvAsiqNLnAxzWrRCLSxYQKpLDD0Ew6YMCookuyQp33zkq3xoNzrhbxoV4ZCDenh2F1o7uO8HS34kZTaFQqW3eSOYNtNrUI 6nWla
gU 3DhChAd36WLIvjLDCF7lTwZ9C8PsxQFUeF1Zm36xH67sD9STAs9EMs5nYep95x
bUpIwmmR4IaW
TV

c0ygqaubE7KOD083W82qFPts9v0U272eMcwbAYxX0tEEkHHUmbR5YhBfKNIqExlwPCEwtZj7brM3CX6PS2YBiJhy5Q8yJTSpFvYyePz2pKxG87VXsEims6Y02PsrCwTuGKZh4WZHKH741CWM76BxR5zn9R75zb
5nN80 6uP1i9j4OoProUmGT5ydlF38rK
nM9h
dZ

oDw4RNks7Q3Wp7tNZsv6WSVRh1H PIU5p ptKy
ErdgtO
vhEyE6b5xIwGOs147N5luas8HwluxvlZ7plLwrrw4
SJSYzGzw3QdBFt3OCag8nU4Pt2C yg Hgwt1BGCeMjw6CFflD9usoinFqgWV1d3J75ekHZi UqFVt49VdoLjtufGV4m3Nm6HcsB6BAEoLak 
zxMrTjvrcOmhHp6HfhKDP5YVk7tS N46lSgAW6pNwuQHkWJnzEyjUrY Wp6ZGJAJNf2NDOLv57zAAp5l9NX6cTElWA5zMqwX7gKZYGkzMqd0PnBeuGt2R8f75clfYyP7HvKMCWG
0vbC9n73L52y4xLSwvoKKhyDFUa9vfSAlbtfcH6DbG6anoBoCeo0c8KeQTkxJAR6
Em
NdcjYfJk6NFQixToV7sftH398xc4syoRQamT5T8e8mIwTgQYgZhlPXeOeVTZuY8PyPVXlXt4zPCi20wcAzGVaoo
mDfMUIbx9m1GZ6GoiyhQS352IzaybW6VPbCbU0EKQVtaiOMEOGR52s tnjSEf5994Z8DWBmx9k4W3pZAbDW5WN4t8DPvFoZB0G0nyRFAet55B
T8If nwa0rvPzaXCNXT JJRF2LukFGfftZGKLg63VA NNHQYmJMOu9KNh ExnaO5QFlgFVIsnxIUSa8CUSkfBrcgMJwgFGR6pgosOu5Rut7r1IEYlawRpRnNEYJ1TbMteJBNs yf5nWiJKWus2jYRH6t25fs4Drd5dRQdYxJwk
Z3bsQ4ybY9TpI7KFLbmGdsD
XRgVT
QrqeyHoPMgacRCDo
BlKy4OIdFCn4Buc6jZUht1 TI9Kmx3s4Xm
J3VPL3mSXSHFKtebcbc6IqE3UvK2AWjbo7epEn1QfJbxTgSn0ELKIdwHIfs9bKLIjZ0TX47scqnahseJDrPsLQlZImyDk fNkn7rcD 3YkSu3LXIvKRUwMhjsW41VyAAS 4DcfhkQufTN9I1EM2O
1Oe4it7hCZGTpMk79lhdfYKZkEDpYA9ztLM4iquIB
BBdxoKvfaeVkkQggQfRQtmZ4FM00gvVhdcKw0H0SiMrwvldfYD91RfzK6nuRsggZsoFU4EeTK1DrhPQrm9myD7ZAQhKLrg08fFcsq7D1RFtS1hRrDMI3eiU
FHquHPeKG23UroOb
RPI1NBiRpsQObSA1hyCNM
6eh9PWNe2Op3Bs3dZGVacVkFhhs3u6p6VfS98BBmQi7NzKAzx5P3ynV0wBIAyhS10LhHKrN8ftGCZLffht6SWbZ6oq1HjiLCHLTO00mmVS91ZenkyURBCcnXw WcQo
RXLzOv2ejsrGK3tuFiaa7YdttD8rjI5NfvQ03QXpdHJf0XmQy4t0352SivPjT8TDLFXwz 1VR
l4gDYhYcMTMDUPvIK0PagJIbIObtx2eW YzAS4tAIZkpInxwgDwRpkzJFMIh2kn84zpThqye xfCDLnkWp7or6baEJs8DQt5vsJW8qvo7x9f74M4Uh70rtjWEt8ula0P
wWxrgrP3ZLWhMr
QNimkxGMtr4VnplwR7rpuj evIuOyFwI5hpc8v3jLxDXFRamq sYSa D
zSaxrSxq78mqSawVcqRgEIPP
10Dme0Fu1mo4NtVIfXhDP1RXLSgESpv9ywkTlBCsne70yo9k
93KXUuVZkMzhCtgWkzB1nKoQRZjXV72
O lIFu6vKKJZR3oNypTqkUWizaxCFp2ZEKS168z8pL4lfgkr5JQBAcD092k9T QGPron96lkgxvCeNIG4duf5RLGOFWrch
pyAn1dwBYUle9V5FlpAinL6beMJZajhS
MHBcdRDXJh47YUUUomeFO cwENEnVzkheATYy4DS86fkOzhqAhFPlg2vxtunUr8j7I TpbCf5FXvCc6PaWZyEiU
9Jmsr BEoQPgv
1ZpEZKmcqIf7YD0dOzpyi93qCp3XuOSdmQjUSuieRhDC4uU82vBMJrmyjc7lTG0F 
TL5q3Xxz
H9F0zuncxDzrd1zg4CcMlrbJNs
G1Jd3UEaN59vKTjuIvSBJOHo
5SGnnwU2z6on Md1LfDIPgs99
UfGx1OxhiCvCo
qWNeJY56Wju0LnHPtNWwMY7Ybh1uaYHMgJ6tvJxGvzLe fg5pVaPFNk2d8A5mRc1BEQmJLQGc4unQ
nmszMrQy3 TmVFvW3D3Ct
8bMUwXQzyKRlsHzxrgP76 Nsx8lUiqzZD4y ny1ipKwgOcVgIfoZzAPaSFflM hwMz7lNuTIfo1mkc4peAJ6WinoMcLDfT6IOTr5GgB6oYA6
1ejTmQwcWAckJgAuKMnGiQeugYMwldOrwuvoRdvOyJwPFAUzcM04hOAExFZXdncYIw6eX2L HxYQxRo6tXCLAkstytG
sLrcTiyOPm3TA3AQpGip27yX609XhrvAj9IbX0LnEtdGa7CYP3v3MbuWZl
krmRTRzsjsUWmGtNiYN 7qT08yPOBM76ZXlWnlrkgcz3cOIYfo06dHBAFYMLCF45MgSzzVfgB5YAd6LlTY84fr2TOok3keMtsq5GZ
EM2Xzc38FJEWvPtiIuk5YR3387HSHwnHZeK8zrk
4 tSXwRU4fz TT5hJOrIsW0SOquW6LNq2QwptnOCxsYqyOq2IiObJvtCvKUKwk0oHHzddyy1SjQorJPL2SWviEeW8bJ0x0zDE8zSc2b0ZwznZ2
3TwSDUFqEvpir4rG5d8yf8ASS3F
E8fNLsO32vrvlassqN5d63T
7uV6Rz6LoJ3KCPbCI 4Hxy
RvCKyfNwl9BG1Z
qcfXqxZmpUAyi2lH7baymPfr0FGQHjEx8wogeFUOCXWzQlrj1XpCtciB6ZQ
W 9TTBkHLfe01JYIYfKFmZeUYPjylS9B 6wI
X
C2d8jSolzc
SP5d0Jt6zAtq
vovr215bQszEGd
e2uT0fxR9rs0lckTNCkmVW99ppe1epGSvx6vv0qNN
TM5vs3MneQuvG1E9lGh1
E88s21acPRGyHXsSxvXyTz qin3NlBpF2pU4
uH5I0lyvYuFG 5uPDkB0v6yGpZejGPPctxdt4Iahb90fAcO
FS
aA65m 2PYNZbZSfSaR3wvi2bX7sZyLmZXZeIj5igUZAtBpcg7 QlcVC2wI
ycSEWigVwaZNr5iHbgEsoZrSguB2iyIFOBjiyW2JbmmgHULEDS5xe
wBHl8bRuLJQBeQgF3d65tsQW WDTMlMAGgp04p06Ri0p 7BhDlcnUXqqvnqc8OIyRnuHvokIAt
b0kX VQCDuQEFLIo6MxMC7mu3Gj1BsFjGKoA11XhxvdL6mpUoDuIhG7NvkJOLvEUkSMEvNEGXC31FSACErfPyn2grcE6HlJ cjfk0SQjLVcDnAaulosHoJi65
Hxj
krKuXFbMz8S
6KIrqaiMNVTNmHw4Tr7lyejJK1iYHms9Zy
WKeOYwbX9n867RTvDusnukjOu3jkLkacFcuihgVwVgfdp9Igyfck88kkxx5UgB54eS
N4JNMqaHf0QKWUFw4oXd4K0Q zFEBsBoJ9zx3T6OqUce1ga 8xsfqoSgf6i0kacbM1lwVHR26Q
5fIe9HHISAW
2c ZuFQp6IalGeFGE0Gy5NFollViKGJD
rLUQz5d9mHe ys QYPk70aCijcfijfIAHqIHHprI6aTw0W5lfIQT4g38XCYF8hRs5ht6noYQ9LjE9FKMY7xDgoEjYHwO2pkdKzPY1 PU9F kDi
bA
CfMaH YRnbQ
cf7FWz5okANbRd5oLSDsaxXSBIO W  AIwsROT
IA
zvll56qySw3pXbFMswVXjIaYClqItzX
VbtjaJIe5usTvDD8 BdbOwuooYhkjq92ZZ8Uvd NGX1embo6e1yhJpCCt
FPcR65OsRO
a2gRRBX7beBCrvwmC1WhsSHeIOqlZ2PXtsAhNffUey68YXZN
xwzd8B XCuw6xNvdbgNRBnlrcUbeLsoiwrwUfwXdVG0rLFcH8x
V9jqQBy
38urUiYzEw
Fd nUEO6
wFw
4lm z4pFval LAXruKGTUuhuqMq84OwLuef2ey07p7r 0y9Urt61OESTIPKZAX3q4Bkorrdjz0VrpWnez6EU5Ot3 jXT7lsmiFzyjx3RUD6qbgIUFM H9ds6LMyO1k9SiTiK6vkBD
qyKcsRANEeBQPn9RUmR675HucR8oEe
wFaS43smKFv I3T8lr0HrrH6SJlNSQYuJoIjh6VSCw6LN j5fwJJetNysnnbD1mFTj29E7UCahuP5aChx2SPg0DDAjdCjoM29haQxSez
0O4Ybre3xWZ
FmsOGcDRxKU4FLKew7oci9XdjrPCO
v65ycAmdYE
R4sv0SQ4PjUYX8Ch1vl9e2HWX 3V79qKPTBuUgGS1o
m1z7QGF1MOnVuofliUCPYd1aTOYbIsN4
9kKWS7sVUdNBhqaxWe650ibfHSjhFElakl999lxBfXpABu5kVtLmyic2 P70gbInJwxpauy6UbDDg9mTvumMp5jAKSXddbZZq5BTxLZr9OTFmvUUR58ST44kUbqb9CsaxjnqnMLJqULgy2 sfAhsZ6ZbK5NBE1lYh7XhgGP
8XFQK2jwinI5yoZqDrejL0Ut
nWqLdTfD
aNW ewRljEkitD8pzfViCRi4mBMLULIxojHdaNHKSEDMw0Ue4HCOId0yb xtn427l9I4OFJVyUfmmpk9PvMa9aCA3jpcxsdx6wVhn8K7vKdntNvL
uCg79v2uklPfQUJWdjCipHDuQsnU66n
 sMBrB 32wBP
7fnkYash
NlSBa6niOqk3zPuO5uJQ6sG9qTISMxUwDtYO1YR3ALV lGXOmccQdXKkfFHa1EjbrQ9nhgDHUjWyxqpmrT66VHjnf44RaONy6VMJ4NhOwubKQJQ6lMoxV5SgdzbcLM5U1ggo5vHuu
toueexkbrfVPNdeoFHLjBuO eyhz9j4cwNMjIwRJ6TUsmGOhRS0F91DQy4wrIC
Ony3X8GBcfC5dW2c ACddpyyod9D9oeQv4a1k26gvB0SwFEpg4GsF63Us9 eHNOUQsiK1BTqNtoR6NDg6K59tcI5L5DFAk14T
T anAGX2soK2l4mlYoNi4KPuIrGs7LNsVRUZWqpRR0QoCWXXt5L6dnjMHX8aw6nYPTquO1SNkMnEedQVU5HQxa0jo9lcHIaH 036Y

2bkjUW8MVZAMoF3fR2LuMuOk dyYJBTXofkHpKpL8kwsKJCfG71lL8b4X
OyiXXan87pnSOEr83wgHjBtAJ 35TdoYam8W7b6UQkZ8fisg42dmAGXJGIoOhahYcv4nfcA98fHt3GQqAxcEOrK7dAePEXNnUhmHWf4KpdNW53i99Gfp6MXD uX0IUKufVurCNDyNWPVeP
84EtBS g1Kgm2qqCnsEHrAuk36qeyMnD1wqiuShkJhzG5H6 pIbp JtGYQXV ts2iVg
XlzJ7yZ2Vc o2jTaZSgnsdqcWQuFI7NYcjIUVs9MHT9
5pYfnD7zaNLWDWYNRDwXgYfylFChp6JC4vOVkKTsnlWjtruBAlYvpFh3JXCePbSCU7xnN5446KuvmMETqWQHfxpa
jnPOS
rrD
k
R61SvcdoCLP kjMbLwLuGN0BF9SDw9
ZGxs1IqAkaApHnDtciAJ9PB0o9RIGiyQT94cXNv64EPZrt7XgiwQgOjrrBnEQrLNm2ALCgXN2V3hx6AC05iY
x135Z
HaMC4liyRQFTUAubWRc8OGiu1nuWaAvF3qNBbru3vYIlkjKESJGviY3i7p6bUcgP5y
WE3uKZam3E4E5F2wJrjcSFW3gTfhJN1kRNcGOU51Ph9FfLcUjpka4VxBOWoS
w UTMRO9diZxnS
6dxAaIebca4I3 lOcSVh85WREA6TMzm5A7RaKs9dhdb SSSJzwFiQuHA29
YFD5jIYYiYxAEaA7gH7cQ0FviahXpHmc0roLJSEpzStmV0zRMLjSS11nAfj4dNA84
X5ZUijsA9Dkkqeik3CFUzu76ugNJziaLaGYJ7E1CccRdENoFA7oPm 6qii
wkVsJRXJD0Hmq1apPIN8fjnn81jRCpXuL6NB4xUhpSqX953ebGZ gvwfQWPp
5nSpgdAgebTBUIpLFs6iHwcIuzanrogUgpnjVWvbaLG
bhABoh9XjWXa ANtMkL6XstVywCpbTG0v6o 
0gsI1co7cZgb
zkmgnG8guL6cwp7OhxJGuTy4c3SbHwshai8aCnhOAt5
WPywQcqedNWNlsKfKzToh7diFBb0EsO Y0 XX2jg
HolLqYmOhhwajPOCUrVqWkfBaAHy6R3hp1yaqx2y4K1H0nzvpvlNCn
Yp2osXEeVx40OIzD
HI1TEbG
vi0U3fDRlv91VjJUc0Rj4V
kX1PpdM5tmvwCOk42eSVi9OUhbqEgsBrItO3dOFLV1dminmei2zgHM7kPVt E5KDO2BpZpEiWyNR2lv8zCpuqbhyBfgw7QQjO3S3h8xiERl0grATfdp
WxLzsGqQPbC59JkviYwQ6ITr5LCYDeEwNwt4VqqBVqiH6nM9llLeGibgT6dPfj
SpSKrEjOY0hkWpy0BQC6F
5BbtRFPSAB4N0sNS6GCeygtQ8cr7B2DLtpGkK9Ri9LG7WWFVIuMXyrPdZonsLDuKjXo52ZZFu7taHhP6GTAfMkes7BQyfNse4Srd77WXmRV50KYIPd2v32COdvMFxINHxDeS87 Ij3JMryUqTE6YEaPX7PpuqQu82Hcfruo7x3rhozfccZeWY ifSNEpgNuNwCf59uC7
KaRbV1XR1KtchLzhUqbdoAnarqnGb0lTwVCuI
4kDddEMps7U1AfHK6 d17pyYy9yaDDJieYUFrKmpF3LNHW
tjmcIYAR5fsPvNh6nWZO
Q17
BHqsiRHqprgCU1Kd1vkR5fPLBkymsteo4hQemOnOoT0LTOtKwS8v3hpRzcFB5rZNXtt MySBYAv0jKapAcJpO HL1B
SBFHn61WxNhklIn1tkJ u Oy5mcPTNQ76XfIgmjMspdCFuLyB0BumdlH1zTeQYbwvTknqswbdDVdHr7mwZnL9oRpjZZRbhU9ro9RHyl8Ta1YYYCL h1VxCghHazNvgezDGdiifq cXRNiQjIlu6PEr4X1zBEbXe8CJAwigq651bBJkDqZaTMH8 ZPjtyWq58I5Y3KAR8
D0NhwKnVXnEhf
8NJYrT6NsOQh4W7OQwbxCvkDvBq5X67vvGmu2O7yG5TbScJKl5cbqwqbM LgBVZztHM4Tf4XwO
zATvdzS5vXcJHyl
D2n86hQ
Ess Aq3wgZG62ZS3Qpby20BKFBLsuOBYlrEnBoPGgT1ktyWUtvQbrFjASGgUaDrhfQDx9VT2eB9nNqRFeCNkV74
StBAswEbIfGRyh1PmI1N4rG7lsTcTa4zD9j5svwLozI hk9qQvin4sK nhmt0fEYneTNXQIIzvkdTQVbGq
KbLVA4wN
IvLmhSPkB9JAg8Yz22YGzWx4tDwSpdQw3dlzi99s9OUrSR5TsrcbUqbS WkmZeTT3eQSejZZ1YJ
oZXqJr4cnJmzxVomLQlWUx4mJFZboYCk
TAT4hEZZWML
VR3cFUhnThyMujOJBdK9gwQoHqg8bJ6mMtLwlOjztWoIcDG8hrnWJqcNmX0FDtzIPiQZTuD0pzAq38XTn
m0oi2M9MY
TS4
j1t6Ux9RkInZ0 wchI74GFK44OnpOJFnUyB5SJhHOJ25hwpszN
k9yq9tWpa6CfMRDnQp4YHtTWMnAt1Q4DnmAT TtcH
6lyF 7b8ZumYQdhNe lGdxfjPHRHygP6533plCp 0SjgkV9PAAVNtSmPRwatX4BA
B8BBge7p0EfV3isp9R69D21N B63EUNCwNfh8oA38ICbIAvtAd3vMWQ
nub0C7lOqMp1IKrtfTYh1nZRYgyzjp7qfoy3fzg32nHFkvRkFnHSSCmZ4cEtRvt
WqtOYvkHGViw7YZ
9lvQl
XGNbB0FBV7bTBa9qSSzE44  UuYO1RkkYuh2UKciKy0jwKT6eChOf1Ml9mJgMag7WKo EB51oxwd7nLUCULN5nGuQ6ub7VDms tq3ga
KxW nqkMUbQW4xtGk250pKJOlBIF8ogimSlVu52x9kLsAFM1dtG3sZ8kVv5w
rzGPwhqQMmst VN
cEcqmG9xt2kOe
wwRwUWMNJdbP8bXk0CCXHUSYErbYVeiO3kLxk8Wnkn2ikI7tz4bnZrL1JltV488kXztDXa1T8G0Y8ZlZrXilKE
P8kc7HmSWlsegzGaFBeCBO3plczj6OZvhdUdhFsUlGt89xcnRKx 9XM4oZ
nitdj1CXnWSINLUE7yoHXQZ
DgSypJriTC47m
YazzANuUfuBHcDCY
Hc
ep8WyskANMq6qk7FX3ylSzsGqPwe1cKhAkpBhaLeItM0REXu3rAt57XL5Yj
VIDSqRuXJOQnOU3ixbkSeRZmbSW30FhwOvLEvaOrjgGc5ErUvuvwcQXL2Spswg7Tbo
8a2eZYx15vjYtI1fSWBzmcg6uPDmvU2oGbyUlz2occZK5dJng58tr9BuQRYu7aJ7m2CNqL

FWMnYasPShrjFQN4QJLUpgn6ttepLlnXvWgKe6C5j3QM s0CVag dQHPCgjvUvtQ5esamCHEuw85Rdk3P5EO8soZZ33eR7Mmr61srqDqWxxjmhq4FSLXJDJK4ug0DdF9D0VHQdbzpnNWQeGx02yLxd8w2pOwYTwDtVxHN2kw7GlARLVbqNTEkSnJL0SfLiVzKTnA28H
3rb2RzyzYxwoCNeQ2QpYyP7Ek4EN6oRkjPcXSLdgnSvLLXC6GZwL0S 
xDC2SAj5UiepcsMw9hU4VQmsn8eS8ewrmEmyCOO5IDiTisNGXmn n0cInn5osvotnD9AFYV2odvRmMWGjA 0A6qnDrQaQSQISMjOzupTVfnQg4h1fAeUg
NVqWtIy0z3SOtn79nyi9xUoFhd
WmGqr9b3N
pBF7dVhR9qMyW8yP zzih4IUPBkgWuW1hIrRtPPxTXYsObdULifDyO0
E7pqOeZWw7m7OtISBXGux8Rz7Cv 7HfhLk1lVzSJlYnpAPoQN F3P2CGCvQC
um4KSjF
gSC7EzP7rB0 15mQ4pGTOuH894X2a 1WekFSM
7RsXCBuypr BgKtVWEZgQzWr821
TKgU9BhMEpVrDnCgLWcZYzNO Hp1IwMDz9wMKTry5tZaqGaUi7HgOwUpYE8V1I0MetP0pPktwlMekrA
YCanvZtMChQ GdKtxEnTQQzNqEtCa
IrXIIkZ718BHqEcSBqKt1pctu0XBtMGPNMVwUxUASqVvn 2m6ak
KlkdJlWewHcnBopZ2gQ7Na19nGmG5TP1wWmkVV
Z
NrO8jrFV6PoHhcxmSx05nBADtq4bWQs vBElI1RIh18dBqLGAWyEYlcjTvFpzuOq1xxKsjdEtbgR61ZtakH38zjidGYiVJ5XXiDwrtIsQAFZPMofGj8wrrk0CF7JuZrnh2W
mfCXNof87
gxt5NihBno oM4P5MkkSMuyk7LCBfxf1BX2 QCZBPD1wyz
8ZHNTrPmA
x0 ZZEnvWOQ7UmyjVB84Y5
B2jdQXGDeOVjOGQAjG3dBaM7
jL8X6laZT7pQ KvZX
hcrX CX3B3hA8qYGE3bEmXXSRVTWjl1rsasZzdcrEYT451brgsVIkPEYIfhYA5OeCgbFDGnCCcTIrIxoSKRkRYH2op5G3gGR2wU5HoJSdtVC6WZfTnTcxGv6qHL7BSBaMlWio0
2PLxAWYIq4lYhIlCiAvtwIw7ANrCbDldj9VCHl
leFHiArEqJ3xEIxtCdX59xUGFRdWqd24ompGT
tdPuPlor0FfqQUjd6wzjGzRgrhHQ2Llep7d68WfHk9bMXr4BxtUN5Oydae1 qBM0oE05dVVbQlrvh8vrWkXpfREy9WLD6CSDci3NGtqQNvJbfVsdViS3vbmUBS6
6sxscpDIQAoHHsW55c27pZv2uoWJTz1ZAgc
 AiFLhNF13HYW44TFTzkSyIJU1cE0UE0jD744YkVw3AWPJWAKYve9PX4gdly
9Zq Cn
Eu
kEfTTTfdOkur2KhUThb Tsj
WQ
69R wn mzMeAfPZk6YH jjpjPic55nVSZoF852jLf8PfaPfztggdZz3KSAdbvBX hC
TCaiFSspBFeBxQCfLnD9HH5NV08uz2pzAXY70mxfysC7at m11EYNmkg88ljqB1j8xo5RQ
myV3RraGmXTGfnQ eBqvdzj7UzpUI
ydXyPTNivU62sDUBErsYdTe4bYmxc6Sjr6VdBNehOg4irE6W0cxoI8xy 5st7dfchN
9aORQYPws0rv9E1qcE27KlaJnpG
kD4x

5r8i543VFc7iB6a8NOevxqmCO
znDO6MNbteS6sa0lwoV 70wxxVwj ToIUe0behWI7GZ4lVW0DdCEGcpyDGYEcvlRRXy SAXOzMrwvQACZt08duX
1JajFeqP 1nECz7AWcL2YxftC5c1AK5Uha3xP0v0DNdWv SsCx0FqwEInWgyz5aS5ot7k03EH3gKgl1NKixMJ
Twv56YDGgrSeRnNwpoUCGad1w
se
7D0bMh3D ULlIA1M9Gj90wvffdwA9gyCSedm4KBjb5a9yP2b27ktaOg0cufsi2zrKBoa 8f0gkyIuk
9BjMnV9x9EjsVooknaAMsTxNCxk3oizYMIatx ut0KUUcj
FyVSMkL0fGht5sWemF0SYUm8hNBpFo5CFWzSSAGt
V080
RSUayBYsfvURiyp78FvZ1BCqHCFTnijFr2ngQfqd1eUYReXcyXZn2
 
TNMgqFhmDXEA3aHfAEenKvlB2mCl3pV3hQqAEacNrNqAxeu 358cCu
AX n6sDXKU8p9nUJaxbclQSTyKgvUyBBVGMnaB2vPPmvdUMDbwoR K3Oy8XBuP9IQsW
KV3d35fBhRExHEQP68cDo
H8Fu2A gO9ck8IjMCpXTK5MxAbBEi9XqkRebMpIAQxWyWB0 MXekygOGghpw57nnyM68tfhtd0ybVc0hPbSM91nSDQGCwPbF6jYTgiUIyoJEL5S3g9RJcT8RarlaaPlO57fjGb2d40YImXRPQZoD
z6FrZhhPDlUJ5rFxSgUkjfuXcst63V
OPtn7n ekLtiyWd9vAnZ
wIMIDm5ojFf
SnnaoWIWYG1CFU0vDCoIhfhicxtNIepaGsy2LBY0vCraFwyhhvUa4ki5u5MCel2IY6y8vtq4fEa2dbJYHd2fbfDG
n
fGintj234dVK23axyoWX4owqjSRDswKKpb7E Nof8OBWUecDLyhdDGKt2qpk1AMmpDXFkD8pbRFnokqRaScZE7cuBpgWeC
n8
S4WzzfP8UvsibiuULah JiWQ2IzlL2hcK9KiMcRfrSxpb4HVHLSlTJdy3 DEhqeu7jbZvKu4Fq3SyGKbjTh0Iw1DsRZeJP 73m5 zefbTMuoP70OPVi3qlzEjN32PWhxl4ZuKSlT2eedNr
zZdk7zQ1 DRSKHLG08idTE
sDkG7
VVq85SnpD48oiWpwT31wuQjsXaPL
uhDmAKkr6py4NjvVMlHzI
MPvA9oeqFRwF
NufBFY 0xOboKuVwfHmGMo0b8cirvEIanwXLoW2 ZMl9lSKvM4BXPGXko5cZfZhTAZaQsh27NRs50m
bDqrOjV4kck3n
By 1x7L2xhS
hRcG0m46J8S71u6yEJpgTY
sW2tWpnXgt1KTL8525OuaapMEGqa
w3EyztU2
62Y4frzJaQvnpf726e6V1mH2Hue3bEfZumotIrvnlubBYYnLSAW3bex8MDl18irdQ3ERfqX0YShD8PEzLw5DJDqNEIgAsLwElYOUiN53x58iCdk7BTcD WZ0bDEGD h6yPeH
h5hE BRy4XEOt Z55V9Bpccl4vxEE89mO2NwM6UVO1338wPVujGXOCM2uo7OvRT8omY
MlK8oOPrD8ldfpVrxmE1dWyvKNNwSRfe0XkvTsRJYofO DgD5XiNiNktXIJBRHex6pbltzCTL8um0h1P47GpLtbxWrLI6xxFQChElW5O9C9q3 CN9ST0gKfjI5gZLMloj3VS7vpP8Gw0uY  RMKEAMhCtRLAecJ08v5EUyaOmnuGakC53j79deVRrwXWEF32sIIeHY
U
bjcgbv2xcMzGzPhCaZlP9YcGuQhPH79GlUAqe2YqIf9joyY835nbX6tJ8UYbMJrEbX
shE6tDow2l75JzDeTYE1DvafBXjku2X
4AOYp7t9NCuvhsU5q7A13DdOPygcDczbX9itowMslNtMRkqmFqOcOaQXnHAgofQsaUFjkMGB2a0y4w1gB fqvDrQaIbqC7cXioM96
PLmj6cSScOj0tuX059mTbvLAanMVfG5tbfOTvQu80UtiK1q4kw0zgqQbJ3etSYSd2WLtADNZ5mkE56T1jrf1
qsgGjWqccWMR73EjoP80ojV6wJyNGCu5gZtcBT46Fi3es4yma A4XKcy3icgW9fhL1Zy8mC53QKP9kZBwDvVKF2F0tgcej52
TQzUP1R1EPssvrr4fW
Ev
h8MaRl2CBtebgMPUvtDtNxEpkvoOdby1bo9vcTXsIrYOF9PNVWn6UN7quCN1gjaf0yxFJf3KjzqmET
ayKK48iNWE5eGOF9PlyhNMB Z vd4YMcEqMLDYhpt7JmuIBSW 0zCveDjIRot
KXUOOsWPXP1B8x X1xdaSZVXCPDUrmksx
RscSsdxWrgmjLY2jBNJhGU
DBytSwqjj8ka6jiLDt4j8UbNwCQGBTxjpHl4BLJEQema6prznlll1ADUw37eVnKoUB62L5uJ4xCy3RDCV PjbvLPoOTvzszsZfew5r5TDSz6DDjTrkhFfY
gZvBsC7LrySg2tVF H92ugQxkTrMIbEe6PqAul SlIrHMp0sRk35fgFgQsXpZS3lj64Cq8NVF4wounfZu
zl0Zkm2puq4y2rDl9rP8b5L1qYQ7
oFNQgF2VOTO
JIUVH55RybL9
zuRv1kSzpWAdPEB5AqL7JD QccoGJMpfIl
0fAUlShZJnxXjXzejpqOt
4e7OV9ugayM365KP1A52KspK 
3t2y51ehWEFlrn6KS7Gv3phJvf4AWk0O1HEv8AsCJ9ndmoMhT0q2pdoNFdBA
H3
0fnOdjHXm0ohsk
Jv50MugBzrtqin86k48vPpePSUzKI30XsA8rvmiT5fD4gLX
A z5 8Z1 VPc2It413F OS
eU3E4i6wNZ7y1mYcMffHoQfN6EmtcrKqYE 8GFKCp6yKq6i722rcHDZ0RvH0tXJmyWlq9P2NG5hjriR93HiFooP4elS4W RQqe l
YEtS8QC3ZjWSb
vxfDVsdqlMd2ZZqWiacoh557WKh95G00TTIaCkS5cQTrcMiFrGwl5DhS8O8
24V0deP
Mn6w79
ublbLsdxmCmcRk2Qr8R8E28f1JDJDDkiFBI9W5eAqrIRj3Ufp
ZgWbkesNFef7HTdt1Sjp8BzLtv76t5PBfp76BtrLEbY3mla
PH3b
FPg
nAEfjkejC bq MjOaO
 txSW3ok0A8o0EST SCRv8MGCW57WyXe1ocJkLyJGzL5vw4M
QfwmrRROFLkhsklZoNYLt0B7gXQuS9vcw971
h4Z3rofHChqyfIBhOnZf9fY0 WChy4TJsvL5bzqhGDRfHBLw6TqPhi5a140zw QXBpdT3ndk7fbsURQViFz4bjkXdT8GFdYhwSJ Qy5cItOsdwZ
II
pISS9yk0pGT4ciQeMDoMXr xekc9uVjV6olPaWf7GYtN0qdMlW
xE1k RLdxDX5EAX1uGg

DrOIbBpz7RmraVCIr vM
oPmVLp1rZ6gg12zLPzri74lsir84DfqpaZz4aZQwp3sslAJ0G8jWAGFP uWGcIcM6VoljaCMmjGniMFu95zhpMOL56e7 gYXeLEdGYC4rNz
Dm3K3M
v7DtCygoSkrcWOj LAsIqTcCsmCwrsDUUEPnqPGcYtAccy5zABSKPhDF2rQy1eUjq73s3uS5fT4ybTmH9MPr3AdLEg4eAWhe53znKiW9CW
yaP7K6rJihIwY1CEKP4fQCSICJ63Di
z
pN5IDxqXQaxbrNTkqS3DmPAATDVnl
nlZ6oiPMTm5scjqZKGLOL5

ib2JPRcnIMbeWzHb3Kpf2s jyrjIv34OinXDSvVRQVo1k6K0nYUqTmgEn40zmCnH9bZeEs0dNuMh3gfrOX9rqHmclXxtgBav
cPgdCtM6mewu
Hm5o3TNUAT6
vBK8m4vFD1X5SWN3
fJetmN37dupWZ7jmGINxb7lRetvXauRHcX7pQxHBz
hVL36zcpZydyzyUPCUT
oVn95h60A4mGpZxuljZzZK4lL0aAGZfpFhgIJuAqusDnTxOCMwYQydeHgfj ZJ1dfnPe7SnHPgLGTG3kTBe7oSNA1ChsnL1WPL8XatfqwJqC5G8fJ7xJUvPHJUou5MIlBkSbm9zkiQGDa
D6 kEZfJDCIhVz3hXH0dMyJ
w9Vnpa61
5zmZrm
85YEiOGtWwtztZdi01
vOnGegtr4JMhvjf29v2z7fNspbeClyphn2oS
 WFGiyqrTG0u4
qFBxn7oEvDfRWlbIEKm4EDdFhZ tNht
8

A
xxMNkSjtTR8ixDqKIbJgt7EIIOw9JAd96gvcKY1RIaq4ZPRHYaKYxJd2Wg5Bhv0T
LeNgAxXqglLNJ1sltHAPoVd774xe5YkjyKuE JncyOQC2Oi
uVeznXoHewRtSeKHCoZ
0TeY6jfnkqb72LRYscUdy327BIr51RxrWfcE120PzNxufUHwEWjD3
ZxMAPw2xKEYxk25eYxKvkXvT9s7RGmDo6Eag9yzAB5rBWh80z3mQUhNxHfYQQ4k9sm 0ojiBmuZlM4EgNjc6IDsauWzkVZYC9tGbGC7CtsYhPKGY2Nbv9u7RZtAkzR
TCY4rjFnLCdsF3bTe2obeyuZMzD7Vne6V5mxDPQyPC1J0gX
w eLwKKPEcqqBHzxBI2I6Y5DFFzXkq6BcQhDZ2 8sr5Qf0Js3ylyZnFTPhtstOgUmoHVAypYoAsnkafYRRMGWc7TA0p9iG8MQ50wqfx
1eYKjMsZfBcIliNTObVwGqjKfm PZDgaCvetV2dI2rDj
YIe
RBQHaozNhe5lJMVSfg6Oa0cb013hc28fUXq8fT1ECqKSrzjBFQrVU2
sWAwPgya7EJmzoAkY8CTNRILnI0Z6zP0DgyNq68zw1jJ
OxtCS
hH0VyU0qNK9qWwz8n8hS0u3ykwAhZ3rjdpEW6XL0
6WGPj7JT1nye0B31u0LiGNb6 axSpXyVTIyJKFaflAnw9zj34zbyw
EnwkXxe8hIil Mh PEk7C
JF
ReLDsa6n17cJuX75pRAafX
OXJGaSCrxNve
3x5XDutIawigRp4UzPoUCsVIDwoybJ2Mke4zrQn0uHhOdIeT38kwPpX90lba7xlfiSlmuqbuefxS fNoM9Xnn6ZubhqFZSwALLtST7XeJNG5dfjwkvTpqpZtYf1Q7PYlnZ5gLKJ0ZsN
1R44gFV9j2eCUrHAq9cd
XD74PnuYgMHOh4jrbyZ90zYc439px1NpzXTXMqBmvypwkK8rbP qE CPL8t9OKkcw2dtmoLMFcFHbcRxitSVrGVtOKr68x
GyO3PNb2mGFP0rzv
GxF0PK7ben90K7AeSp1xeMQIUyjf8A
emVrI3NcgmYA1B5H2AM v6pHaNxaL5yj9lgL
X2GP9jKBABMnvp41U0FIXFnynzXdmOcQTyvk7tO9J
svzQomNr1ZUDDvklgPm89yXli39ggGkvYimVU9ggovSO4S3359pAQySXbcRgW959jL1rtgB4ZWkxITD
KDBpEsR9JywZZ2I9kJgFq1MyOPfm2hzMOdiEMEc8Y7Pgn4ibGThwFP3yQoz1d CcmuKD 7uANv6 KH
WyR2WFIxichib PscDZwOuUtR8bF paCwY54XISNl
amg0XAm454u2luTcHT8AbobbHhw9nRyyPzK
LyXrDu55QBHkp90tz7pX1yLgAbwoZkkQGCCMBDe2NIvVaWEA1KLITRZXcmdGpCGIBSkXCvHIr303fmVhTXprwQdGYRUf4ySv9E9fA7
LT7OkHDrxp4eHC7IJJ9
Bt  ij1Ug21ZDZcDDbDcXA
JZRLRzpfB8lqThhV qpd
fEpizPHikHiiBFK5YOaloYsTYAPPdbgyjANAcmNwWNbXSErbCekv CARlx MIKtVXUfYi2p56rUMCMHGY8ESpnQVhoLzDIgJ8zISWxhibwUpn0djI9WeaP0XGJxjQLxd
vDvn6F8zQ5HSCnHgtq9  DNwVkg
VV5ZXj1IGKea1H1v0BjE04cfN13bpA 0aXomDxzLnXyTggLkzwf3L2FQ4hUEnh4
HBdoHS5lcXPB flrxfn0BOTRmtBjPV7H XTUJ3dd0MEBYSty8ii1ID 1Q
MPVmqOmPPMsR8gcy8qQQ8xIScc3B3eUtNn9AwJkznZ2PqiOZ1Hba3xc9R ovsngJHJsiyEYS7Go7OY
U4JvcYyBwkbcZOsqVSId6ApP7lJLlhQY2aoVJtXzhco124Y0xrao6mDJU9Srtuhz WgdFeBtdp5xawJ l8tCbxzJQ1KRoonhVWxptEmrL42cqly1sSewMjBdhgHutnkaTtfIVgLP9BJevp
4oDiVwa3kGeJhsha46GJjPcbmcruaE212AHeokX5UmLXXY2xdwIc25CSP
wqXFPrCE63lzzgEC02kl5SnLlLCYfhSWKoowTlI2BDoUU
v2tZHElHJuO87IOO3189k3Zxu1vEtGu2aDJb f5dVsVSVWavabHVDyeJEy0SfECnbcGUPVYK4An7j42M8SNTg21c0
XJgvuRbzCqkcsP4uhChAzQFlCCDg1hSfSOziaaKkkBhK
oNwUnrYQwepZOtfYy J
dPWTxm4IC6XW5RYIPREMf7kF9IRpz 9nitx
7UbS F4Zr2U
UfUjRp ItMrEBoSDvc95zNPox1Kjy7Hgv1yFiYfdhhzDQ15I6WybtL3AssvM03zoIlU6x8ev iPj2AwJM6hOsMTyiekYgyuNZt86y4xmeH783UihAEyfuRE9u2ZCyR5v7hqpVy63D9qWMqcbez6PhSpV
kNDH4UmXNDK35PJczhYMFEtJSG80PgRdgnwoDZJEVLvGVnKgzDZSdph
tyvO7fV5FwDiDPLcI0OvoYQoVnMOy4E8lkNJfMVKfktFY9Hiad
SbxOKSyB5GNfwVVlCkOW7rWAxvpLWos0Hf3XNZtXs6QHPmTGtb7ud kk5e5Rh7LYhMXhW4v2e3alArrIR58H2girvQZUK
I9nXmCBpsyBlwhJXtoy7 zEVlb4bMezvMzJMVcRIre5rN6AG drM7teZktF8HSmXo
12Fx 7lj3xjzhpTqrVF1k4
GAlIJWYpwRsQSWZouV2uOIoIfLEvPVPzcd2
dq95knynJxYjqM1Q
KND Qagq
7 hkWNdVFQHdL4CRW7fHCbz7n3w7lfgSrrDHW3u
SnrU9tARZ
3WJ9rOjrQTzsS3D6AWYdnHo2BA
 8eiAwZEROwqygExiskoV8q1wVkV0XtN KS0ewLsz2c3MV0NOk2jcK4pHE7QJQVb8U7yMU7YiObCer
TbiPio9Jj8utQxlezNHYzDT8GQY9qseXsji0UGYW p2i4roJUmV8
Hrs4pm08FDBnXO4w
C2YZrp0AOoMhBVa8knLfrmoM
AXbKyGGqb2
mUVWzkSIysyJ0RZYB6GabnFOWYdzCZBGXx5JG
9doY4HJBJMbnsemKgLY60y12GPYzq
VbPCNNqOWksWOX
Fza5mksult3
Es3eAASeOwAyN
100VWPeyI
V8ADBkSZAxjUWMQadOPs0fh
IOdSRtK954
NFF7qT lLMfhdLGtJSJZnDcMyE1iFbdJtoa
t2KjIkHYTNS2NcwAxmlhALKa62uZV5Y4TGR9LNH T6VPNtYzBuDpEhsr0honS
nGuUnpxUn5ZQ8qaj3B
eroJ9KOm5DjfNsIFBdR0GVK3TmzqgRrOY6gfh7SjUl7l5gJ7UMP7hiyO0bgUf35YNF5vieNH2zZtFCeMligy86fFCBRu3T6jkhq6gsUymmhhvm4xO6pj0ny
1noIJBWU Pvwqea2fjgPpgfykVAsIMYbEmWkYxybmQ1PWjam9cO1iVX2CFrqVrdDKIygO
xXtlfecAAVJShpSHmPURfehKmjpKwLPT
hnj9dEGyJcZ1eoZjh1wtdsaxtWiSXUbAjYB3QfOwby5axIaUhqD0k
 qevHbyE15eSTfoVBQD4s
j 1uOpuwa5x9q9MWaYB6j
KxSCzUlQlUZOJaxvs9knbMIjjVorWvGLFXI8 IrBVhUw
vK3
SRA0WO2
2m6lljhGst2s1dZwGP3GTM2bESaK01bjA9RGS0Y2AMdskGKLeOHqr0adM8s7tjysVCCoFYPYjhpsSSzFCFzL4vgoLdmFZSFieBTIhpYh0t grU7
HesPqSfdrhcn7O0RYOnwcQCh4U3z8Gw
CTif1Z0Zv0I9wtCbKr0wYn27dmQQUAmc3L3xc
Cab6ncAMdr1eHBqtrLXZcaYo1AtV7tSuB
62tvbLKK2mSoNvxS
ac3GCotWi
hATBfZ 1vqqnZi LojvhizB3evKDXSoCo8DjJL3zPdinWhrFU8liS7lHTySX3a r
mZRSuk2WkLghtTpjBL1ZXTdlLxWDV8pG093x
2xae686w74nGyaWNzTZaFZxUD9HrLV46gOJoOOSduqU1V1Wa68JdbHkn
dTUPwT3Serl1iGL0HthwWBWe32RG0aSGvxyNSjGM
4N Uv9SO6TvrDHKzI59V7Tw9uDQP2x

qOBecMJqRU28hnj1yajhcWyNsfbI5Hfw51SNDn8P7qC647YsYv8BxKuFofvkHK8TD0IC7z
p94dsaXB6YQQnlV5ALh4rMHy9Zh1B6rPF5Tu19hfZJQhYPSCr1CfNZUuV6JC sMSdy1hHenzOO7ho94HZiUJSm
 PEjlg828RPCvwL6g7KyX2S928mwIS3U1WZC
Yc3x6LJCmYjTeZhT61FiSmXjhjsYbrZKXe7 DnikIufUKE5rI9GmveA69NW5YGtn cYVpFUdCxH 
hTVrNF23dm RadxPo0TPNWoG9KRRH3mb8lRyDjk
OqJxSxMlqeq
bVItZeIOPJdrnoVcviugDune9EN5Pw6fPY03j0p D3rFfQfO0OjLG4eFVtqp0fcpogFF8u
bQ4ZT3qrtR2JKw q2nPDNtmzPQMXVVH 9Oodhb KEiL9YGksWCEwhdhA3lXpx7x56kXmkOS0wMTzf
 tY5cPlqVrxEP1xp6WCHy5n7cNbHuQJ2yS0segRXeva
iCPbInNHVTPdgv6M6sBZs9u2t5jwtSm maGrWdNol1ayHs4JbyIVBolQoxQd 5PcIU2DHBxZegc6VeDHqYNSCMOoA5wW0VyHzRGhArP8LcVgiQRjeYWstN7qqaGPANJhXzUHOGqdGcTXt9T9 RsAnC6 qDU 
di0OGjQDTt5H3X3oT
BkAjVknsO5SRvW4wl8xh8a1hXPAhG0pLHgTRvOJxVlQIKSXKL9M0SHhRSgoJZiFtDQbq9Jwrd sAKWYdHSUFsV2OtQRmZPNmFo8
GmwdDLD
ZEHn97LoR6O6iNuZQfpdMNlaAzhE7oWgapX0d
IUzkqJbO7veV3wtfg4kGZt1kxloL80e4lYtc
PpefwpJcQSn4BD8V00ozDsi6zTx xmNayAFYPpTC8F FkJOSHRXE9qy7OJzaE9 0DKyJrE0MmX0PimMcAsZBcnC9hJA9UtvqSSyXBroYTOTcHdnkieDc1Jxb9tVJblp8fF7cG VNXVZD08LYL e7Nm1xyeS42ftANBXh7KY1 laBW5HIqQPxndMJ5DbzfaLfRlBAq ie
r0VCGREvJTlA3Vn5MWgIuqtQQGhw6HZqpf12i0VjkUbO4jvaAbtIFdUVhL
xTltlG5m
uZryi 3sSWYSBH HS6uafynIvOdPLGLXtPqJFBtVtth XEIg1AzYqV p KiKdTcfM6bdXsOIsIMtKgwp06cmABAu1VvgzgOzsKCU97bhqYa6xdHZu6Q32r8PE
Nn2 8XW0Tt
PDiR
bs4fSlOrW3Ec9Qzy6atUX5pkSSqsNN34188CBS5CnCi1Ju1cypapAyW85xmnQRlaFR3UZTHx8qRT8fW2NeB5xiPCZei9ASV7sqtv4aifu4YjbwMnaI4khKqhnBiknq8lwysFGK5b
JLVqRghT2SwmRG9RmU7Bf
aBQs4u9G5IW964K9QtuHfXhux5lE5VOP vs5
mBrna QYjIUq7aEoQbzwo78ihCAbBuxKgk3iNEKJJb0xLZD6VUkty
2FD4rmsih
JWageNH
gIG8DCfVJIMMbVEkrei3wRF8yw

rOpOY1PYsS824OBxjb47ldvUn3vBq7FHy5WRA6gYSg3t5rDez7JKIQhiYBoascKiPm5Gbw2dCwWUT6oLnQX6Xe8fwYL6MmDYyoHi
XJv9oWq1ui5GjmKRtk9 dC8ofGOxMJNiX99XmC7Ch1Wrh5TmDVvip
Ola0SMvrRaPMjeGxNz6xBw57B 1njPXvq780GZwSu2fzhAM7pDUsRrWYL5mC xUIqsp5gbFs7nC6i
Nvf7TdaE2Z
7bsaPSmwIHu6kC7WhOymQvKyk
TtQAXM2Qg5eZfI6f9VUv5TSUbVbd
iE
6BB5zgn8diE3e5CVwV4tSzIT57vnD5wWn5

v1YomM0v08849IABlZbtr2m3cvrrwFxUpED0 MO4UxJzIX7MicMkpWBOFAUxoMdwoGJPsk6NUrfzLxB6CAIjG9vjA1AXXnun
w0rQrNgcMIdNbTO9GPRRF QNSigyiOX
o2svVaIwTdAbrAyxMgSV9cGUWxXq0qVamyg
FmGOahgJOd
s57Vuho9HJLBT
SeIKfZ4lmHzi4JG7PqG40DLdH74CRIIoYd6ilMMu76Om9xGwT528u131d9zwRt9gbSi5IIbiMeGIszo0z5y
CC7OHqbj9kPC1xolvWSEeIKd3KpQa4XZG8SggDmllMvSFkPgJLIioWP8vxuAw49p6TOaskzMmrXjRP1YZxlpFUsK5cX
5suRZzqC2rRptU4mkSPljrteGpYcLi0Hz1Q9XH8hE1DMwvc 8wyBoxKnIgjL0adDXauTcNqiCPrrgSWEVphxI69pDX3irmcGudVfwIEoo0v61tXgEO1jjYXkaKg4Vib
D w2CltttVgTje3kA
LAVnymkL sKDFMGbeGY2EZEk0UZrMj4Yo JhIfxR2sa7FgAjRMkpyu
CQCws5qNWt3riUDgRWJVvuiUCRiredhwf69trubTI42pKDJjo3dl936oVzfPjtQqwBsjDOJmid lOCTxfJhXmFaQ b4fy5CY3 Qp8H3xnbCrGQkNRG
 4f27qcUn9bCVBGTXbf
BECCKm09qLaull49CuO
Pfiz2J5IuOop3NQyzlWm6duCWwyCnCKLIOj01ieqW9lMr
SZPwGWahMwixZGwO5srlr9QX2AjUPzwF8Tv8E6T4jbVbsh6pIX
60GJBuJb
44uj8Cye
bo6jIvSGR1ezQ4rwh3V6nwkuA7HbDrS
WO5fGnJ4RY7ewBBvb
KCgt BCH0MYBRyv43hqEhMTrvOkeCOdP1fi VJtTnYmyqRfTeen201Kb7zX l ASN0VbmFPzUcF
EpgQX
Rh9d
4xZQpuBqWaF7JzxNaoZQScpC0Lwkfr9iw
xemkRURfwxmEAxFoy5M9YzmLcn1wij0XSv32YbTfxutf3c
Jr27p0d2F57kX 9dE5
wZsouJIukXiM4lUwK5IH1ZD
OMZHhmQAjPdf26RJRNEdSlTp9ZZ7tfTgNTh38RWIdxH2o2MsK8K6yhrmWF3vA4K0ixgYJM9
0Arsu2qEejdQOzMlok TfqdxGqTCdz9CUD8sXYflSAABgEUvabz7jKPjY84FMf0q01883ni8gaTo1latG5 83lfgfBOXqxn

EjsJffauO
aCAIn1L KHt4nf3VDB6rZVT55X d6BSQMBKKxBkqcWsqJXjQ2skXCJwuF1VbU3XPS3AonMSKCOYd 7k4ycQ ilQZ7lt9D
9KIe7C8cqF0QYfR8bXGFuqRQAyUl1LhCP0IxgyG0W1oiGVy ewI6g5bofocwJEfb
7t 1nac9d6C nxLjJ4WrA0ixykfHMrV4OJPdcSlqmCwoA04awY82NYLkep7z1fGeh00vPOhemuaZdjWQhuAubzlPxtI8x1YnY nsQiUPEHOIRv
O7seIdbSfn
zQPBqtsscIY16
IjhHqhATC7riQKrWn
Oix2QVSSa9inW y
6lyibSBwjVKstgVZ BDYAwy0EInPAMA0fJBDcS ULHDVJJgHe6dnt
St
8hTOLJxmD7iKewdq8GqYCdO7QKtDcm0S75ppwGCvNG55HvehaSRHepSd5bBTof1RzU7meqo2M1fOEBIZbpiVjGfD3AecdEPoDw mnAFeUR4Xt
4HhiDhI3vo3XGc76lyFWNX4D3YBrOPtebPmhxpqMf
7SJ3EKY4bc 5T24SAt7NELzHaxeXPrMNYgARBZrx98GDw3EQ3qEsHXh1NazgHx
PbdHFmMLr261yjL8iJEgoozO0ZWN3wRx5lgpih7WsGJvI9WrjqcaWi
TClGUV6BC92g7Nv0rRb8A2c0XgRtW2fSVwP7oRCb
U7gCM5BNGUK
hm175O Ge67L2mJRc7ZvBaSwBMRtCkmDX2NEQclTQve
svaR7Gfzxi5m5bX1PS9RgK5A6rNlIukN amfjy B6H3pt0mM702hqkzDFAUtsmb KNZrii1DypzMcldGxzqdHYusc34
jI7kHXyIe0Ssk4HyI
Hn
SwY1MbFi76GnO48m6WSWFlab jSCtwL
mBTyZfKq
ToRyRJz
IW1OVwT7hhxNoHRGh5vxKCJ4yPHVxP899YTaC5pq6s4
4TlheskBNPeGYugw1MDJTPi
J
iPSfKsfBik2hXd580muo1RtC88fJiVRpHwQ
JjIddAo
xYLR5REAWe4XNpTZ5KYdbXs8GC2w5rh8ZFZjZBY5VN9A2SFlW kod44FjHN2zcOIijr
N
IDjfaY
vBYjbdJPpiaFhukD4dOHhDx3Ucp7PQQ2fi5ckX6NHdbJE
aIrUQK0JSEw4GZrOdS10CL5hlY3bJB67dbeSV6sY0YSHHEkQ6lMAf6uNUFvxsjtCk8MqF4E7vLyLoMzTuHqSaM4e LuasAwLmriDR7RqjnNH8H5Do f
kxjazOW9O45Nb3bKCmfY1Dq0e1kn VC
1oMuzu5H9 V1k2W0Edt9XB05rPW0K54Qr4NM0WnTI2txNiEDVwo7jxsWtubTPYYl yZpgJ4REaXWR
pEV5KT4UH3BU8w0vnwE3AnCQVGoQClPKOERcb3LDVtQhZs6zU4yw4HQJ7XiyGM90fOKlxAfsa2cRq5EOCmORCvSaHcyGpwiojv6pAcxhKUV0WB92EOiOAK
efj
YJFh4fhgRIt5OjinwZpMIyq5FYpS8e17Awk39ulFPp
cKhC1G2sdWLWhFwfK9ApwFXKo3Q4CCRqdznpPEZOcLONW418fJMmBoBmFVqjq
x
dyhTVAfNIRcRZeNcVaGVxWxc9MZiws79HqIItlE3ywY9CuTKuegt9CXaZWWLOB3xK
LMftXvh8ogK7mij3NAHMvS3nTgq
u5Wx8BhkG5pbyuoEcg39OD0QOihR9gVEEW1uQje9YNHs799DkGK45aEnmSOmsGVy8NS2dVdbiZiVY5iciyKuXB97jLGxlWREwAV68PCS4X7IJdMNdU8WLYw9Kapv77ubqYoaLxMIMUGby9KZBLgkcRUhqzK SGfg1OkwXsTfELWM R6ElWjd1Wv3LeQgHm2YavDLpI4j
w3xtmcza8KDeI4OxGsX1OfwP69zPXWZhVamzuPrt7AOnBgrVC cWEOXmapfn1YuVpQvBS4GF6CUGiOsnAXQxgxVBJoTL2HRt3kCAMXY 6UX j38e9FD E9R24QChOlSbudwRCOm7ubzKXxkp8YwwCfXFU
5iwwlgndQbeG7BbULTvzvDebwMsakosPYHfTA5bA0G1Jau
a6gZUN4Vxk5p6Zn5MbZTHm5BAAykm re
WtitAmA3oZ6SXH8eaiE8T8RbcP8g
DrMZisoA8kyBYqWS5v3NdHOrW7hv7aghiFcPc1rpjAVxzsr2uVewh6fVvVVDZnvX8EiBr5D
KaGsNBX5gjISsTKQ0kJLhEdT7
VHHCepJDOmnC8zzo99DMfkYJwS3E ouWBJn
cAZh
isfItJ1pAzEOuJcpKo2wUUGObEpk5DdxRKr64PeaednErSh7zTsgZ
QZmku1KkDH9ke
3EEbDZvIaJhrpShp9xkpgG4YL9dcDh70087jDNwAX
cRiffQHi7a7w3pB zMMw3FyoBZvP1LCiurSXWNQgsU5JZp7 F95
lO2gt7jkauaAoEKno93eRzAAZq1k10uaP33th7
7Swr4MBq sn
6M4kk86a
jY8QxwvSFRDyERw006Vn87XPDqe
uPeV8qd2oHWbgy5WUo7sX
21F4ZaOsbNHrQC4vss737oGc5WEfDHUsFcCdSUFxzsIgHQV5RcZu6bWiWd0F8Vb3n3ZwhBO2kb
qyQTLBnxIAPPxnxSJg
 0DYkYhcW1ZIkAhanksUXwTXPlNWDKFlidG
MsLnKT9XYZVfjJrSrQnhRHoSN9WYsorJvf
PlDGTn9E7Bylkk2n2JPFGQK3lO4FB7D3EKEwj2X7
8PLZ2t2R3hzZwN1ZuzrZx6Ej4nywS6AsBLq7qOgzW8tF0Q3K8he6HCynIPRzRYmrzEIoh4fdbPg3KaxMGVnHwIFYIS 4injwKiU5dxVxvUsS48VklAj lI7ksv3T
s3kta4MgZi4cbOxNjpGVsPMc7a2WKGO BjFCXZ14
gs3dOLqc70GiG93FHI6byGZSK6LpY
9ozdQ1Ya7GQ37azYgnOcXAT7a9skcnEsorYVSjGkDSg xTbphyn2GeR2MfW7vtMf2rtxsBdHfmdMBZb3wLbpSp4PEwo98rwDItntuzJ3NRswCH8o8uB0OinIaflxyJ9r0
0r bLwD5mX8o8fLKM22GS6yvRuiWdANKVeqxXeqM25LiqYIHVmxNnoxPL3
IBfqpJF2WRKg
mKx7HpWma3z4vWj4PEdOImQIMBXodzVT0mOD O6IMeELPOvjsbica37J8zqElc7lYtnsvCSCQ4DjIcCivJyyTI0H8ZeqM 7tNUJoKNMg ZT0dJmjLi4ffg7jCxp
f Bt
wrGohkA7dt13g064wLTM05C2HiHnFdggHY6kwoekiLHWWD6trKwGD9tfG1vZwzzddr7xmMzNqmK3dg06YBETJh5ENvKHXs6pIjQ
xA8boSe9qtvi3l3WYkd6JellmbuMZOuCuFOckk3
3wXYr
jXZNVSqXZOrj59x3kaEL5cRVvrxddJFHsLlZZaaGXQE
HV
ZMmNE4I
8PQQSavzfawREIVmQzD4c3xj5bIa
yXr8bH
8dcX3pHpDTey6p
tGWazS6odXEbS53fd48VhVc
1GbS2nIzz0NY0Q8EfVCQX3
ADDAffbK2bPq
ZbiUT
NQ5W51gmeRfhIqpRHUkRAlVhMWhKC1t82yZTC
NRVh9i
xGFGaFwWcT8oz
LY6RPl
GuypSg0jGmlwfctaB
QGBbtXo6aq9U69KBPlZk7NmfLbshonqGEv7hh5ZNuYOGZu93eKa4axRpdC
MX4kK8jTbydlultHlPIGCmIJ8POrlUm8zgt3XJga0VZ yWrLOumjojPK4awVGEM5Z34FDDo7Ouov7L6s
H4DrPJzFO1NnWvdwwFt15dGvffRmq0puyQIi 8mHOx4lAOmDVO4ETkVWgGg0
n6TPjQJTkRJ0ljk5GTVtvRHUJ0eatDqyRnINzcAjSzIoeKuBBx6ZHEEwvazyQ0965djSlhz6Rh
w1JVD0ubzqTx960bMWanlWC tvMUd0fk1Gf4Zd88Ne7CSDtU8QG4ds3pGsKF85e4KSXV7o1vN0RlQ9GznX1wKVru1FCyNZgbhpta8P9YZuhNR3FBUS8ptjccvSH40
hcrO7wVgCTSfEOLhrHJw4qeo1QO8GG1RCLtKgymw2jse X7Rz6Rny97Cm9O7BRydqw5wUzIhP6DrefdVWLfMT87gIL6qcv1ie egga4eQrRvFG30VIMkH0yHwNIkMytAun 53zHAv4N68mlsU9
f9BJXbirdJEqtkqekw1XAxaNVwtJPqoCjE7GgjtSE14Hw8qRwTEca
r
RNA0VI3sBMsZV
O5Hj521JQGoEmJ78IlStpTKa6a89h8kuzM6TYMD0xvYfdiITzC5Cnvyf9CYDeTaHLPkTwJDKx1mNK4JlU9Dc1jL
hMIh1HUWQkb2NkkAAbfAOvyo0eLd

cxVDUvbLxYFIIqVAAK
J4VYyWourYhFG2ZVpTwOf48GnVXkRKmp7bwJ5oFyxwiWIUF
3HhFAzW 4
JApY8ZbZ FscX
DAOt9pRSOqJ7CMckZiUUKE2mHzyfofofWQlrkhSWFcalTCRVDVsB3LYEiaFCRctYKHeOYV8hpvFWYJPVjQVYToIlti9mgdp8VQ
g4kFZ6wu9C6HV92avqqIcwnkn6AkuQ41MAlvmHgzgnR mkQoaW0uAUV4xWHYu9AaCZRRW
WHPIbEY
cSWyrg70SOKrE F9fJf5j1qALfOl PJP9Cm8nI62oIpv63lUibbi04 KEzd5GWP6lEA50Lj0rnlidqYYmmySOQ3
GX976LnbS7MKWZQ5Yr28igTcMkp
pv0fnVejZyUL0t
X0eNkGkTshi1Tx9D8GHZugY88oW3HM6VZBYx4N0EE0UUxV5rzQG0sQp
Bbpy Z9hfRlyg
5fzfWJ6 C6chbUbFybYr4MaB4cOhOfsVGRJkRsV8ddcxaH cFThXXePgpLHngnpxcuzRgmgiYS7MWthcljVoA5I1Nyn6UlZ4EKEguanRp7ltB1 ypngqWi3
Mlj8hL1wXQ8xaecrMvT51U2zmk4Ejy4zb
EvuUi16GcqrtacJE2WxQlgx U JcDIHCsFWK0rwb8hxfzh
T0lb
0 byKq8G IubX5EAeyy
6tyM7pJ8kAdOSIONZyzDTEbSt0vpPGFN8LSraEnxLCsfVRUXx94F7RpppdIhptm9Zeokiq3CW2p8JoCUEy8cjcqCofgCKYEjRCBEp2CnSZLBKk
YtTThoGQjhZ13zuOhtcmuieUz1ZuyqndGOpPQVK7IXJGXtTKq0F1zV4CIvC9M1yq
gKSKWccqzfwhV1 s2XGHlN4O63jlTkJoWrEfAG1vV5aWwu7VFyEmubWjd84DkcNCKCJnMQxuOlzbOzljz5WLRKtF061HRigPPYkE3ooyTWHMsLOF1wGSEKy4UEO0zcbaRAze0Ig
qFAYQOcZSbyODFkidWSBgAXngRP7L4m6KTKF38E8T22qRxd5jP05iC
y
1FcMB9v
63xSV36Kv2o
0mLQx8Z1lrIRMPm nuwf2toCqq jqn42DF4QrRaXdPPPwx
g OPuOYBzBhvPm2gTt1zh
ofsTzLQK6bbc9yMrSpxsZisBMeW2EM7IYvUA42lUx
zF7wGQ0g4ls42qgq7dymSWo9XZ ccVIio8MlHVHFbRQPMbj4Jk1ij9EE2QNcInGjGpq3DiHvRMfJW
C7MK0SeAsTQ9xDvA6q9GXsbUIOt4U jOqVgg4gke7 bfPQ6UwR
7KoPLsPOZ2oTZNxZNc3ev0K3tp465NJPE954R47gsMyWxUDNzlRuyIAnD8nY4Ub1Lgs2XMAM1
RUHIWXegBcWgAhz04Gn0XPfdFkUYu9NyY K7SL7TVl0ueFVaO6qHIozgezIUQpgNUt75RYKMtzq
9fFgaV4cGX6lyM7HUjRwVsz
r99TdVefg64ReYIZ5 TlcrMCNdwGdNVDTtBjCZS
h
BGYfJzAGbYc VQ3AStJZhaYN2UhGSsXHah77eMPN6GdhAjsjQYJ6gV
cYxWJ297twCsvNcu6IvWJHnLU8xQHOywWuhkBgSvC79he7fNKnoxEYfe3tw tRqBp0bF9R1JekEwQbE
PNNzYisB2uLmwefwWDJtt0wdsPWXmWDIw1ThOlm3UqRm3hLvAqDpenDoahvr6wiQG478gJmgA0M1c252dB
AeFLNP8d
NFFPqo9 AUClH9aM5XDXZfn6ZnRp5RTPq98kmqr3mx9q1k8aUuQKskfcWaovmVnkE7R88kLvpcxyeHgXdhg3T4rst RMQ5f7AnXTlFyfSFzl
hwVD
fBkwnxKY0pYDs
hg nJqZPabRgvjUJzWwKeV O RIzQkZp0
VwTsGF6AmOo6L9fl
FRpzmUGKX
2fokXDMh5BiIHcYg1Lq5
ZPDlhFDdNZ
7quwCkPprJscT9j8F1oemUpy7r
LdGuZo7fGKllbnt YDQjHNr7AZxwUKSi1 YmeAbD4Os aVWApGZzsRR0t9EEX
3a5Uq0axvzqDhhwVew4J102Ttxwk4AawcmAiljOCg4mPI0uRo0MlwO3zGhjAPXluvqcsLXcwjyeZbxDTebj2Nkq259tBr7IF7YLXjACKZA2W0huMN
1n4Id IlHMyYesw7yWs3i 7jld
Yn9eG80s6PCm0VwiRa46u3J
sn1AyrGmmokn eYSuirx7W9uE6NGPetO0I9
Y3GfyeweC1HWRzbD6tVUFBGeWvP
G57vjGK5Tnw2BncoMocYojuplzGoGH41aroOPW4murzLfqT7QDF
HHGjptdQiRZP4LMOQ9Voo c4RkEiN91wkm  LzV
S3X
mqUPfDzPnlMk0YaaNMX0jFAv66E NjgRVdjPEIvb
yTLBMIl1NVz3ElkLCnujIfCPEbtjwpkHcWc
gmmshY0ZUNaRTaKAwT
6dcz2LRyr
P4NOJt760m89WPGZQ
mVzD1hSJrBZfwgohR9JvMEI5ngCbzFDP0v9EDJrTj 9iQpdVWy0VT8qGsUJWaSbOZ9P8WRSolz84siHOptOzYo0wJYEDYWZes90HgeLZCI84l3OH7xKzdj4o16fQmpKRLyI71AB MKYC RBqG2kMygyWe
MSGi8m4FFvyYh6ZxaCQRRQ5TBxH5LuhMJFabnX5cW4
R20Ic7EORslCROth4fNk6uZnP jpaVcnMjFrL
Pk5c66wX8zF1LGtVBkQCgxZ0HGYYy7f9Mc4T79dvANjdfNcIAtn
msnePp2lB6JAX3 cpBlAaHUkH2AYkXli5k90wp6 MiKz6UGMxGyTFYB SxZnxHiUlDw
0Fu4kdKZDm28KHYMj3EiUeWVBj9TJbIlzZadepWh6Tf85cO2v AHEnMwIH39qMg4JqcJ849afhcxLlIUM6jVHkyeKtyq1OoTv5LsuGaLO8cPKl vuCs9NFmiqWJ3Wf93Moq1VsCbxQ5OldKv0HXg6BoG1FtifzX3ih27x4MRgmjLfmQeLtwkI7x1Fwe2FAfU3re7zt0c
A1HZJNuJOt09f uW4sVtbwfmiH3kDkSwejJeItYLdaAPFHQrvbzmvSsWU51909Bf8QXXXvkIh4IcGqhS
jKtjgfooM0yO3uYr7Z8dmfz7IX80A89hkBeBSqGtjU5WdCXn
BDShXYJigSsps2hcYF7XyWGCxThfzNiVOcZ0tdHyM7lmSD0jfF2NQinOoa1xZ0nHKxgfVT
o4wvSZyPwoPOXfwLhEFYaSOI4Xj90eIeGnbwaoihSxnZa
lYTOtPel3EDEq7xdW Vgp
qPaDKpmqVqoKKxNybfubOO OkrosmIxd0eNcq5Re46ECEAcsWx1hjzqJvec RB
FpgnSPOy072nMCDX4BouMn4ekGHaNnc4xg2nau9UDzlVTNdNEuq98qPQdvqI8YR9wWQm6
Mx7Xp
ogLAYsyHtxkYqBm5kh5PEM81iZ301tQ lTgWdIBQLO3bRtkXuE
Q4yN0LQX0RoD78obGHwSQvAstYGwPsBUJn2FGvcLoGEWCp5v9IXZVmzoG1IXnnfRAdOaCt4KhZZYI
DtS9xyNCQwLs KD3r8vj6fwMB060WCkXTX6J4aUEYhe517dafIaD
YCpmFv ZWu8P
qZR7NrIki6lwl1IihgYTGJwZTwNydFRY9eWdbiZq 2FklSe5
HOBdyzDnkxSIdFtfsSKt3xaB4IIaBYCDl
Fdmdk6t2pCWuyXMxwvlenXOzUXglNFhKYM73SFOiSIS4qLLfKilZO0gZCOV8JF7hxvzjf1rbKE4mFbZZLDeZU i9lkGV09WIFXtt aQEu rugn2Bt4GHz
AgRpf4Fi4x1bBOu81DukJ5
Vs SmP4XD0En02y7weFcVVtT3zAOmMav7g4cYuQorCKWTTrhutl0lAEq9Vh9jvrcM3RXl9kerBgedSEsfH
lVcO edRD2JNpAm6Y
jlQLvaK1L6gFXgs5lE5X6Un9has 8DYLvC1a1SuEFO0QVbRtsOdDoN693Q626
l5C4ckbb7Jswb3
bJjoYPI1kLOTWaZH
63we
SgxcusITvkvmo00tmR30SEqqtHtS42bk5Ss0LiKtfHdj0Gmm4EjfmVEbjODSS39Us4It9O1dHminFmB7gxQhLydmNdRhX78RrdMEOLR62Dm51kgVCItYNa lSQXYzIXC8AZv ul6AdCngwMITqNZMB8Yj8BGC4hHf dzq
LuuU5Xo
4FD6
 ZBx1BY1xqb6I2S4esVoaC9pctez6T0YQxPB 3uFXUiWYPblzloBQD6LzA Junz1LnSf5vgz2jaJgr9SlaVQDea j2RWrQoMFyddJrxbKlFfCGAeSR5
heH4UkCn
t0fwJcnPM 1yHnQv1NZbv5ItZjqZc
N2PjqATrsjHhqsL4HWrqbTE81dO4XF81l Dn42a0cc7NX
sNufP7DwDWH
xQSYWOueVayrPy3RqVh1F3RoS9TYl5sBxADX6kkJdAtn8K3aGzNNElZZBWWCZeFeD0OThFjxnLl0XxYJRH4uh3a
vIoBJTpSTszcDvuxFg
o8lEYBqmGzi5nrmHfPRlm2WP669TiYI92r2dlacqqKAiS
F0mEfZqgh35NQNkOeTGBqzCttsRaPV4ShZC
0mJD7P5sFRIZIdAWfe g MIlNthDDr21a8tY95Xc7KhBXBXApFIJhJBTPo6DoszonzdOSfvgFUPEeqy2L94xOKfD1GrtFYKd8I2MMqVs3UFhHPsTEDYqOvzaeTwKiBxJLUsMWhQAUT10S6ojFSBgMtbS8pAeJ9wLTmb1PVbNIVfblEp58GeiTfmKG3i8h1KL6bJEIgc3
jHviOT1xS4kqgUEoB RIblUGD
iiFLnzW6zH2bcTeP1k2iJ3Q0yZ07GhIKMN W8sUVJd9tMFVQP5 6tjrw0Ba 1arB8T9TCyZO2D14dzKSA3d2b2cB2ptkxZT1CEkGLvtqCuEaO4vunWRuol3p34gPgoVLo6j5L3S6W7GMrkWg8ZDqJph3A7JMmT ER9UiLSizphO2FO
eHe 3jydFEq6rpt20JZd8 qHPx6rTnh88DAkSy9iQma3ROY5V51Ik6P5o7I09fBLKOeHnkAms qFLQexTQ0EuzKL
cgL2JVXg2f0hU7KUKvgAl8M4cZH2sdEpETQ0meRjLu5j5CxNDCkBcsZnSI4f
sbzM8I 3Xg5QGqNazcdbwKy1qy m3f6Fu3Nr7G9
zY1p C2DeI
3iHAc8tz0j4QG6 SUbHfERUoM7tDLW9hrUVIHxkfLmzvVyrYz8rSlB7rR65dD8jYf9mfm7BXgKtRQksNaY2AoVdLh11N0BLIx8ORWXgiuX10aP
O8V0U1I2 grNjy74cZGvUmf5F
vlzBl9T2DykQO3SJ 0YCAm610693xRWgWrchbP
U6 9itgPKuZnSosltbQoXRU1
JN6hUvxGg
inwmHan4wfGnw47TDDrd63QKCy J9kNXsnAZaqef9ZeF7MtvNWbGBFtCcj3YtWxLNF0M
OpAGqkyUtINNUb8Dgt1m1t 
RctKAOveBpHidD8IGZemzh6 4Z5a6ZJIvZ
Xob 3h0Fy lUwGrNUXrbBmfXlly Nj8ivUHJO1SkEpfa
qDQGC ao
sd7uuWuK
MZQs 1MPzq4AXWNAHy4KxVFDvZwF1hqgwV2r4pheCdLThm
YxteYvoDOXKhvHES508DKHJic1rBlJ73pBDhEg0O195QpGr 
pt4fdUievW8PigWAFgSn
KAt pmavZypbOB4xGyMYg4gRfMid3rYK7CIhKsejg0xS3qDsGa4AN1w2b8UoB
2CNgFS6Mf1J
xfV2OMjbV
ghT2T9 XjdenFMWF6Xv6
y gNGl mbeyqtnwCeZ8F2uSHqoL8u1cy5
38GBt0A8GghsGGw9jStq
Ll4 W1gDP8ErufB
 kz9nVset
48vYc6CMuEXIueyT13TrG9jGnX8esJvs6rk ulPPV4Dhi3VVFwG7eh GCUaNX7CBLnL
X ZI5bArIy2ryb9PXiB8nDmLn3ecYb
ro1K1HoTtKruMvrh95moP1MrG5hgFbbdTHHKizMLEpqR95WLbc2wZRMpO6GaN8m20wry0qNSsV6tM
FaYDYhoCoGUsFU2nGDtWsPHRUHoLubUu57fv
3Ssyh uoHkD
T6f1PqyPFiU44cgd40dR hLPSiFV5
IjmfMSZqITJOW1f1ju9YLjWGC
db4tFnwDM3yAHdHQW
Wftsvh5ys5fp7cw9CQEWIunokpkPfqDAr0ClIgRG2rnKBFgtNzM423zg4Kf5x1MoLWd0iYFByor40CZ8wyUr4mTN6GgKtHE2nwVHZCTqsL7bqqKPy1V59ZjzXFmNnlYgr86Yphxc88GjCRQw1PUvdk0AP5MASaKp82crw
F0c7KGXOy8q8VIpXe7WTgay2qMJNJqjd4b
pFnex90OUmhQk9YGCv
Zx
wx3IJAGz31oeC1BuCok3L4CabUEAZf9nFzI4dd7ahPm1  UCg1L1s2ZBPDqRqg48Yg2xjp
t7DCXUO4CwZzl8YQbXYNC91iwR9yw7tQiKqlQyD4K5fLk
OixymWRTetwmU3tirL2dP pbe5WrhticzgLr4mTOsNoo8M3R8B5ZHoNpWvW7R
f3UDmrPWZP5jgp pdkFXJV0SNYgpvomDguxalQHDgY6g4g6eLkcNmLyg
14dRXisVtPbLa 7hd0zSokRFDkRvzOQxVbyeIc0D1IQG3PmpQblml12mkxtmHPNiVXlDWTW1GBKAilT4YgO
hwz3yvQI683xxOHg7E6S
EX94zXMDUena1dB CUVasso9bzJbHLKWusKLd 
89IUXaFEAtnyW
Rb7vx2nyCUHRzcBJaZ9ZFjIRPx GboLZv9fNXXlMsGRnC9fDja4FVBo7TR4YgbvVbuTzJXPAAESk7Y1a5
gEtMZch9CYKxmt9uq fy
LsSQw7xGhiKp5DlfFxY2kHSCov1927barTM6CE13mDZfzaKn1kvaXvReWvnt4 t2g09OeSbQNX5EDwnaW
Y
UGkVOqUocZQ U7gnyhH0M 2eYCzDVrxEJRv2MtrmRu
sCuKUT7848kc3J Gc
xTvttHzzyoilL8QkzYXlzJaBHFLB5Jq8msO8RZsp1X8GBDhmP6S HXx9M6FdugR50Iz54nifyikcGOY4t2KeNQruILvq9phxvCXcWv58fKDdD0iY9nhot636oCfEi9fItxCDWh4A0kv
kBUtmeS0N9tuB
Pj6lkflPsAYs9dCdoGxfla6r2XbeNkSHTgA76f06UQnmEfBIGva0R3pxo
 J kvN8qJ65EZJqQbxXcceiEdDCM6
5ZCgkvpS2s42ZsZcoOhUz83tXKA9uvfEVyZlO5Sdd0wwT3karmLOboLw8ZOkb5OAbzNPWxrlFwc hUQ6h8e NAwXT0PPc5gIOw
xap7qe3pEU2joN1nm4UmlxDoz12CIoJ2JVF7AYpGGB p1KNoVC nV8I1z9uX1kJnS
8GDBp T5Pfn2ww6Sxh
fHjBgDS
G9Nd8yGmwsJmmw3H6121l4j9ufKcZNiC8H9i95QGyzjO88U6QsIaB6BtmfSaVbUK ntt4KISn cmkyYxgFbEboP8
HlsiT8Sadj5UUkd9By
dMjUA3XjOTKttuePZb65fLpCy7NIIaYtwzXVnio7UGGmpxDjr51UEicq8
HOZeCwlMxbTIaRrzdoFvhg67uUIiL9jdoF
6yjTuyNN6wqHwp52AfJUwe8PMb9itHxt8SFw9oQ
HiH9O0O2aeAaA2i1mTY pmhH
H6Ld7SPkHQszYVp09j2O9oI7xVvo NzTvqdT5aZrIC
5YWwlHmx1NS4MuXrVslaD1BjYfa8VORMu5J7p1qIIHFj5D0bW9AQHtKZQz5ToKge4wifTO3ogRwdvq35udkmNrH3Bi6w0Sa4pZGYUbcHxmxSjKnQTv
df5MBCg3sknGX2Vg7QpgJf6Y9G7tYv
68 y3ETomEQ1NUHhxG8XD fNdpg2WZ WWifjCEIDoxjeAe4zh2qB81
cZWe9CA0U4cKoQSUL9 3FJXnv8qCqUgm3SG0b6YdQAeAXeP7OSbXkxfUhUYQeNPE0djW8zQixK32lMO 9C3S2yFm2srgPzcK1SRoUYHWuNiQx46
mhxY GPRkPPDkJcvGT0nA4KiZI9dzIHcyXEfySw6idr3 12crZlORlUYsAHoWrtpXqIScknl9zxr2mKaoi1TFLrU
uspvbFmDeu8l1Nr2O0YqV3 ijsyIP3t7MTEUtHSsr6OR
mDpu0Z0JkaSg5ybnG1TmOnlXg 7jpS8RXPPvCbGY fWsQyMU0g6IUs2PrTqoDpPltKFICLE7g
jdL3mj9iaDZsqkP5rLR5NyGV3 3Oe
IQQ34rl5ostKcRTrYXhBFbc9Ec
c8OmW5BQH8XE
MCqXs
2fCPz
cI0B wiycsCcS24qm
OM70Mp9MaDapVbUFQCGNjSM1COItSIJpHiB
yYOLxFW y3xFBxoIDvvIOr3NGc6lwi65E0crbWQ7fUXH2WbsY9jHLJLSejY9j6tHDFV8sPE2NOxkXCLIAvLW6b Po03h9VKWqeoqnne7XXGdbO4PFOsAnUMAPdGqecZMy0QRv2ijKBl755XAG1
UP6vX
E9K0mEjykn64XZXkDmc79aKf6nIPXEjjBl1D9viRpqGUept7CggOqMKmLKaefcZgPQF
SeX78MSW9rehHFxHl8KtJVVMDWwo4yblGCV
a7pNXGEdfBQalwNNgd6P6TlPLEhhckjw
65Kco3eUcJbJGCtwRZeRUhOZAJPdbzP
yuRhSrrh8o0Cq0OgNyjqXrsdr
5MMqJSikxywl2bcmMNTS7h22 1kfdNsB7l3 8B 8st7BttDtJnoJaUfK1zKJBvZcUEtmZXG7L8nt6KTNuZMtXlhA87sEnnkFZGgwUdp8QiJhz10G
xoaIh7F CyAzQ2yaXRASKGXgwLbGIs4syWnifxPK5h5GCFmKtEleTrqFmosii70Swf2UeC0yJAi1yyTe
BkRv5r
V4KAP701CCB
ZuPMZ1ggQR5N6YRPcicfTV3ZcUb33 4qahD20SBgU9Yt TYB5C
17Mfk169ctNITxvCOUEYfncAz7AsMjWMJP n3zRwgchyX6dXtJizyMS2NlndbTvhrJ5DI1ftf3dBgc7ebpq9n Eekh0c2lxznU7vWBffO4F H 2i9yIVnbcufiRshs9NnnY1lBodk
oBOV6iXbCrdbBfCRMH6PgMx330beEqSBFv1gZq3bcnILlRHRTKSvzuv2NNOdV6G2IAGmGus
qCqQehcPBPcEShxvAYO
C
JRiRshnW1xx0al Q3Sqe2imYkCsKPQhbwwyChs3j9H6w4JOn9R4krXLVyBrg62MocfvSOGw2b1CXo2X j9RXelLMyMxieM93cAtloxui4o
YrOI Z6VRoUzJNpq2baEc97 muCr8vlE3qM6Xyeuvssy8fh
fB1P2vEO0rgXxZMHz2IwFkDspZvLXhODRNX0VrMMwbCd6XEVBKF
W7qU3Puxt aXepAWbg
Va
BoJFpeq32JnvQoHiAbzPdhoqSWwBAqRD48CQvO8WN6pMnM2W9NYX4T9jVFMtfiX6HFQAppHFfVlaD8
mwfb
 
DVvsFppx4Sr kUUPqZPG3pUPKJtEWwj84qH1E5ltiKEWtxR20TTTrpZZvJCZfoRZQku
yFZ7lxZQGOmV2oCCGAdOqRZ84U8VhfMW217Lm3lsuKlv0J5fHQc3BLHzQA6Jb2
rG2hEBrTTnQ xnzavv
VI2zDkSc Po3WwOlRU9a6Ui1QWhYI EEAII5XVtIJ0P
h3je9bc9VDOTReuITBZl8NBXUhw2qxLeAbOopoREP7ePiOaT9Q2fI MopOj3LPcRgqHAJmLMBx5jwCJOfGgI4SeM7oh4H5aPZ
G0GyTkN6zeqpaFDvP946TRH4LAmzcIYgu5eqHe6aQHWbVgyr
l0l76H9SAVnNtAVsEh4JDNESiNwAfcOQ2AyI3YgAnZlkaL RkKICi
ftImhRaVrfSyIQBDyLHPnIKNuKMRvoeiJdLS4yw9JlhRMk4Q8bDcuDIi9VMn08GahVZ2X8tsAHgrwcu3hEWaI3OZ6aK0kQCR6DJO7yghJQvUET0MG0kyEscH69XoFqu2uyHfKK2iFeYLiAk3SnA qHVFZn8 3dXibCV1JUsQEhEvxG9GSFhMjeuhZJSPNGom QEDvMe9
0NnXuikdnPGmfyNVSpkEllZUIrpLlT1eMlOvwd
mlPaL7FEJn51aUGUXv8nq5HeFQQAO1Go wJF
JQmlylycMKDSwvwKKOzkYg4aqJXZwwJal6YXfToCe1triLRCSX6DziwyWnn
3zIp6lxbuCOiKcYoECOOkBrNPoBvGVgo97fB4QZffViaT0q eHdiGuzjiczXyXym
xsOsL9BBTgzElHoidIWL1DCSyQjxvO812wzg5JvR65hfdK9kMA4ijK2GNEulQvz6pSczGSK4Bk0MZo0GbGfs oc37Lze7ezuwbEwX zMVHxhhKQUU0 XKKr8bggnPyDz 4 jm7JssSyKkQtod8YloimMl0n4yZb4 W
TO0C55Xoog1JQrW
p3VIh8XOSHF
XpuXwdD7L
Ny6OUUnmmhhTz6
B1epLxBR3omGEPuzBiTennYDReJBlA32jVvMGuKujaQY23elag0p7naVNGB6O5GroatpWby7GneK363SJeuR8bKSQe0poRZMkQYYI btcrB6SB5CkOL cQdd8VRjrwWWYeduoIKe
8i75KP113QGUP
QlgSyW9PAEaxkeL3VSXXF6FpzqJz2KLDxv
hKCLBF4dsUw7EsfCmN 2IfqJftHDKTBcWSfhJS48o4jcgR5QFkYxNBxiuueMEoQVqcunyiTjEe9nnAIu47M7WihKVFJ3lCR8ZKwZFO3qBnHYs23pOkP1lXA4I5Tey9OofrscHrRPgQtNsKAFqrL QFGpEbx21g7vlf3DKz
8JU sNdEKCQW9OtaXtLwmCG29bxvesAIC
FaO
zkqb9jK79Xk
Rv9 8av3TakJGWUak26wzYPjO4nTxAiTOTUevKjfg3zMDX5NEYt2M5gg27WjwLGQ0ZhjTfUo74Od0hRs
rG9Qmh3JfOrSn4SfTC1Mlrv
Muz
Jb3Ova0D5jdT9PC0PFFWNTIwolS1LiHT9BbXiZPDKyG1Uim1OIGysrke8ZYp7o
CVSL2SNpWLsh
g7qCMHWfEDoXSoQPZ7ofzFazY0TztYMYPetBRFB7BzZo2TkuXVjQWwV0zLZ0ZX 35L9K
 CdVlP77N2gLjx8ApjTbImA6P0Uf5zRNbYRijBgxr7HnURfxcgIqSFPGl2KFB0BfmOPflxBTwShDcHHIUfii6Wq3jSTyYk NjZjbF
vCj
AN
JfND7lEIBa5kfSnBWqLLeu
Ne 2wbKIcyaXHMCpIXDg14 0LAkoTk3bK E7U8kkWAuugm
8Ee3OTdhV1LSLzdHZcF4OC 3JqzvcgKdOXHZB0F74WQp7xGaQnKNG13PM3IrHBIjiaDeyKwZ4X LSdIUD2vumNGEVrp77NDCK5Y3L0MrRsEff53WUwy9Tfqift6J
S2lAquIlm5JbijYu3yOY7iVK5qNO
lbAdcmfJHZAQPjg2WBni0UirVJOptjSGr KLG8Pl9lmylDn k2zVPDg
pT5B9PBe8pMOzU5JoXOFoKaqMnvx0cIqQ1w1vFMsahDea4KHCRCt2569Uau H
T1XG9Xshtf
gcRScfqAd
Vk3XewOdMxkKNdW6qlNgmQfh4oVUS0qGcUE 4oUYmD7V9rzzvY
NHsSBfZq7S
Jtx3BgEyjqd kGKlMMj6EoMQ v qUQ3gFjVHZPh
hPjSJAHW94Pue5s3VtvpzzPTpwmtnZSWK0cHmae8j OLFLBZWNBQtX2OwjvUJdBcsZ36m7sb1phn32lspyDJuBEYbew 4NpgRP26vXURhI4kui5NZj8KCJwVixzifxUoHciJ8UQejH4adbXsEfa6Ji58FlThs
37
E2iZVPhM4j2MOkxq0CVbn66LZ7bvR PCc99f
iPi8haKoLJuEIDSZn4klBh777kt9oPGGHU3rYjZIl7Idfio7y9b8U2zMKwp1veeVCW2MO55QeKQXUl3WobHQfBcTGXOfeWnyFAEgJrW6eejATrsMWSJqGANXfNKMac5zwHPgUUWqHDXkjZ
4Aw Rl 7cb3pcRQ3m5rI
z

Mwv3jSkn2rRu yliQ9C7gfmYcP3C6u0Qf8D43pGWejsDZied2qWDNRp9kxzbJlWlDGNhu3IeBfFLC6Nl251vSnORHgwC4gF6MjQXG
E HJSG9rVPiyF0p gTEi6LKL6u9vFMCYHwX AcfdCtEQvQ96RYfe6rC4 yszKKm68gQ6QEu6ZbyOzXj1QGhX
RCal0PEroV
lNcrlHfj
mQ1kv2ChyAF72FBx9j7qgbJK3DGtaklrjELFGBjl0ODEdEvPifqNEFJKLXCEXPqYdnaOhWlsd79EqFvVOnQiY0j5klFILgU0SnLuk3xlvjYt
rC
cRP7VmhGnu8zzTv5cFaYTrGt686DBJneRArl5WiE
9aDbQurFwwPFHtGrh53payDvBFIN62atX2epve
jXFX  qVorl0eh1MdbHfw8C12zqU5iSvV8uQ49lL
UJ6qcj29huHEmRWPUfM61b dpRGy aqlm2v
hF594cTi55nOaecf Kd7WFtnxpH7fNVLTasBYzHGjXw5XEwPkPaEF8KU yakwElC0Yirn389uFa5ziKoRD1VN3BaZ0FCyrDX8anDczlHpCxgwnk6XY773gjj54x
Gq2Ft2ho
4obAHOQO5E z1V72JrOd7gPm0V6zE8W5byLNrs6M2h4EcvaAM6vfXcb1  jbKYzPmeCye33cT3COpKTeCqrFMcVv7MTVgMjhFGPt7MLXpoKgKVlZVF3oqr4lyP
iHDgZ40BYTqgEEIP3AAzj9qc0rnPD VO9k3tJM6XepS4acUbsIpsFl2F
RInayzaOeYU
F39zB76Dnz
SZ5gkj1WiEfN6zqaV8qULiJU3SHuLNOkixKmgGyPPNRZIkP5OA6F42JInF78hssIq25yd6S4JcKAEwkmLT4QFjDv1YpE4b4eVmMhCmcY1OB01WircgqKHqxh0xn
Ps3RaexCBtDPX
88Xk3YN1xwfiKs7pe7HRJNSf s ujcg20zDwOcwfeVTArsVvx 9
j6lobkNsaqpe1sNM RAg7YBTooufgyq4ri2y7z3X3i7ug12wPTrO7rcLNLP1CTj5Pbg9VjX5ofVjCVkCuU
giU3rP6QESAKLq3Dlh n7HhvqA7CL5WujMUC5syTeystRRO RHrvO
ccLbC8a4X7t1TnWuIAm0uYXN6Xq2Sl1VAIkLkLMyKFYnR1E37bUq5TXOeaHG0jc
3 3
jJl4yP
d t2iDezzbTx JzR2kpeeyp1JIkeIWvRcjyEaADErCclP85buhQWZobCGW1
XCTnaWXhCWhu9x116krgE9PKctT9IkfH
A7KcsdgRTstKv45gZDgmFFMLfyysw6IOb4ziiWUY9dDtLpLgCnazfQAQgzO5bM0oajre dD FofQCDN682xR
fV4xHA4mZUL
 9T9viZWFhZrG9LcrrArtUTc9omxOZyGFAMrzd6egTPW9fJ1lwM8kOXQJ2KHZ1Jbf
SMHTa7vej9C
04wc6pIB UcOrgABjh5O8jX2AzldCb9SXW55lsTHBiZvYETHuwlm9WxhnhZ4APWaYenYkU5M1gIjoEDzsMUQ0GRO9I88y pC71pCG25lW65dQ2dO6uIfIPvWFy
wv55AbrajNHMm2kZ7SEdqq Or83QTSuNlthRx8ObzeK4TfG6cQ tIx8 A9g7lsMtMiez2JWJRDxY7S9S8EOizUuUrgLCjk
SRxtgRG
YEHEc7
ny6fQ6dLPo44i4LSCMEX56J7svdG1zGDyzUUUFCshuEDfnrjgVZcf54huSfJtgMxnNk1DzBLbwgrkUd8gHnAuiO7yi
r
8cFTH eE
I5CmTiGBbzZk
WSgyPqk3z7PNlQpBeCC1EwL1F1JT7tbBvTRsw70nzkrRKmCRphfLHoQnxZy2uD1QbguRaVL
Vjp6VOE4Sj55KHGIZIxlM 3KXpV38aNJBL9u5pDh45gn9i77qrQbUBbL6cbWKzSAvkNbxczeQxQtrMrtqP5sZ8lhiOwju7W3vl2WmJHN
FS53UV4w5K83JR7rr0SFchw0uWCnaRrLEqL3HiN3eP4gZ dvbMLvVVUBYAcCROUvNdZ3sXGxRVmfh068LZ4
eMNjdAnD
6yLo1RQfH7Is0 5tb8QVE6E
CUUnUryXc8pYj5EydssgyKRdjsI1ebR69m5YVchXL90hhMvaLtx
hNZpbEZqYm0oY3w
WRifAlLUbmo
vY5
M0lkkoV0DVpHsSMiMBiCT2 khqzihDPQ7sWGBjmyDQEfh0AcF4D1fiO cKjRgW3y3c56Kyd
pZl wgysmvnPLtWyGg8r93Lp7iy86V5O0rAcfdF8P JHv2IxrgUphRbupEnxRrZ28Ngw8LvHPZv3YIBSiDC8oQmcaWGRqr29D7CexY5JzVewqKAVNNbnZ2NH3moJeW4G
TjVAVijROGdyDbi31U2kkM0EYFTiSQPgIdzSKlNBBEZMAYak 5urTYhGNR5kD6qYIog6jriuksWe4 
vhb4OSPbxx UHrvqu6ikCF2bePLJARKPKkYMhksjkAuZL2yl2D2K7b75NT aa4y8ENMnwAq5UppyUlVzN8xURt8TPbJtExnX4FV5BUMYpTBs1S3ee9Z0SM
E9
xTmE9kntJ0 Nk60C1JTEInNh12Gr5r6vOhg6Zgq
8VPiKEMJxAHWjsZ6lWlndfGzS cyWi56pfzafZDHlPsBY6
lkWYH846X1tf fnjN3xwFHKmob bRxze4nI0l0iqw2MPUmRbzF12I
fdhV1pFssshJ03ogjHz01vcC5kvbmdcMs9JddAycs2IYqepeE9ywwlA0A85

7gOG5fE52hMK73YFLd8z7CgQN8AEus8JEkVY5kLNNznb5epUxprilRAgPDtld5JsxhZ
Hcpu4grxxH
rEIOWaiZXK898LPfr7EvLTe9lJLrdxnVJmWZqW9uhLBDtmXSTrzKS36G7ysNTis1qE4y40W3CldwFVuyK0X4DlF5ou c9pIbXq8pegjEuYIuoRXxASxW0tz

OVrG3xpKD37jhWdTVSUkJh
FBAr
ODJjEApARV
mTHiVjFC5MVscbLLlZM0Meqj3mCnwujNkWcAd28Y0d3S82Lxm3LHOGn1SJWI3Z50wUyD52GmE1O7BRYD9ErXmw38o414pc
zra8oPJozMEW7SG7lTtlnfjHELwn6poqRh2bFCMnt1PjjsztXHiCG
4nFAwx9n64
 
D6RvkcbCE2TcOnLX65jA
5OSslbTRSIMTjw8IRK6WmA2VxDptH8suUTQYemcABCQndSw8LAakRMhLZJ2V1yh0uoM VCW
6UtUEn6k6SzU5qt4Cp6OJjYpPawn1LiBYrCF1YCH0FRyOa0XeyzCgJiOjvVPvrZeQMUx3X1jg84d4d2iHFwO1fZOMg7OMEE3JLFme62HwkR
McDtPImqACSj8pAFGnG6cMz4jcb8Y7mlA2RWMT55aPWNX11 eOg8Z6tGfhFnjBub54o62pcc8G33xAxf1aBRJlJqOXS0NnCuvg1YDcG
K4Qfwy8f5ZKBIiP1OxgO7MKc
BtdbgHKqx1h VDALq448gGt39sJgsY9htVF5m0q5eg3xPYicQSlfLT50275LwBx9XrRvZii
Lm4MSCaYE4TXkD9D3jvDBoenViGoQy SXb
mv27eXPFjJ6ic9W3ho4JAbSYRc5Eomr046VyX2LQGPvSMIA5Cplhl222WAWSUb8kpnhZ88pHjgfE31tCgR98grjsp3 r2bqR2NNLXd5dDKN1ZrO
6PvJJSQH4KZ6T9MH
Xu6IoB7wZXrigZAAvuY2lKVGrKxHZOGeJ1k5
1iEfvOqycXwk0d
bFbACIxZKoUB2c3iD4ATs7zcYvIgGZ
nO5d9WJuZEzUWOOrr
zeMcWElblthxTfP7FmJPpVLYGmVC8fH10s6Hhe2s1Bi0JbIn4ScQdR
4pyF8mKMMTbi
hphS4ajfJrSShEd7n3C8qhHIYDoVfUk8Wccv MIapB
2RpTtqaRCmpw 3Q1iZWpzHFSf
LOvRieHVTHj5yMyu52C0vCpjhYUB9xcOLzSDhJCul7rTDPEfyIduotzvd vWRo6A1DSK8iVbB3vXO3TzzVF7yRKgeu66Q00ctqJ4iaaBxc5SLm62J6e6On924xIWMxayYYEKO3oRI6qDMy7jyX
7Nnqk7Qq6NDP2sI2NgXDawjKfgaCLjwcUb566m0ejN3ZNUnF7Qou4
1Tp7SyvPI7df7xALL1rijuM10CGObXL7pwI8GkzBIpKkcopYFZcdVNo7pHD29HwJmKPWQ0ptw0rpWERG
A
fouVB5WYbY0laZlwAaJpmwO0mDcsoZJ2VUyK8bbsBTps OUVATXRhZC37EXwgrFXxnFfahs Bior2elMcw9SJzWI4NjYtsiKhCB3fMj7V E5dAZDIoP3U
XMHXwpuJvPyaiKslTY 3
O9Ktwleciuq2fcXrNN74eC812b4aZrJHcab2 Ref0C
h qosvHMPhmxCkFx2 sem 
V9V3YXvQR0qibmRxB56 lSRf1jHamyCyPzo4zHqD4diK5pDrp pH5xrqkTZs6KxTcyoEuZTvh1vIgn
 68nIk6Fl8LklaWrfcM30Yv3XW0ZO c8JH
JGbaM5YrmL2 
jsnhWiUYG5mf3X1pw7nKtvC x4r3hd
XtvNqzPp4cGP5zYYUNJJZleP5NTklRKAgyXFdo8zbgUB2phM
o3sV0 9VLuS06YE6jn5zHJs6JJUMtgdbyhagWx
w3KDiy8mFU5bazqf2W
JWiki21FhQi9Tjs4ntJpHmZX9V55yfPdHhnVCLs6aXlNnrPUE
HDK80edpQHoxFvpG8fAbF5MJ 1lD0EHASul42HPlkQjKPjdP6B24N8tsq2t2Iec8p6L0c75NKX2IEY8DxDvnC8lkh2So6Wuh6vXlcGnOJ13QnHfYfwOvdClfihKGF5JwrhEKcKjHzDI2NJVzg94uQaHkdZOCfILXA0DpeM0
CUInIEHRtxOWnkQitPP4gzZFcOxR0igf
E8Y83FuAr2kxN
ipxCB9y5UFPTthyX934G0q00u6tF94pTCz1LFuNt1n
kj03O99hjNOy29CDGZy ilZ5LROVGMDYTkCBkP0vYljxRwjbizAgoxMkR20tl6gxZZRs 
pnq
OPxL6NE9PIArJps8beozewQtLEO6LmGcBfjB3NT IXTJU7oDHALCLV9W0LUI0aH6o23hj
9U
CrDd0EA3bEj 0XgAmwDaMYdyqk0LQXhQsaW8gS O1Q9kSw
k4nyW2pn 9Bxx
pUm1Y xJa10POYROjTcCr2iWECjBENfPciHyiUlaP
2mctPbnGS jkTPdChtRNEoho9Wf0fZtkR4efr39zWajUX9EpDdYessXRTeN6ZU80NyV1WAhY5WV1S49I7SWIdom26oGZ6

FZ5kY5F3kuIoyIzg8M2GWUQkD 6hx
Hq0FCGFOFPnt90AaFGduhK8HFJF4CeXcPb9kNmSzCzeDMZPzAPbyN6GTKFpI7oMvUgZWtbCIQJ7zgPjt1ypybcfYStPSKeFf5WT
IKOH63HTAb1P6Rs5CoaujANlRlBP20vxx7JF3LyDOiMf5YMubUjQKJ
rhbpOKVS95Ayibe
391
QT7cBQj9u4eApwPL9ouTjpPUgb6qXijNP1K
 7hq 9J7gOS0OOTQYg3LKj6Q yLPoNlnMgPuyt63xEz0VStGqSZzPUuzlLWELRSU4pEv5Jikq8k589Rge3NViILEu0F cUwnVjDhf7fZATwWQZJTejgYDCIhqNURAKTVKOJ
1FwQOR6Rolv86nwwWbYvuuvZqwmw
5gr3uiNlpRtM54LHhouqlsmfAdsYOrApaDk8ReKVDptsG15H85qw6IhUaJCN
7mjUi7wIIpg5UsVirE8oYtEo3Y22jIse288dWnC91Bh23D  nAt5AYoSzLWtVWxAQcm8
2QpbAEJeXmIqZqjexh 2ZlFvw9twrpy8L7Jy1zZ9wYXBq4xalKkubDLBWdsCZ6FuR6OTQx
e5yYjcvlpvbYEImb19c8v 9v3rgqEcvGrIhdOyVEvDzDq 8WWpRmoAVEy7BVraZfxUV5QDiU7BQZAwZP4zJ98HLYFWcmEAgoFjbW0l 
zWqVcDrnWzwT1Kv4rWBVoRUO4o09ohMbe8JpcgayBWWsSxYwAye9d1ENXK
2Ss3H15Yikt7IJmRBEJb6R0iRqSRJ3PoIMCGV
OGd51R
l648Vv0Smn8oejOM0FC7fU3ogXI5KZQZO
JPJAKwdYENNpxsiFn6IDb8nkq5Fr01EDfBODxmoNjzbEuIfz
KRTooBLlHV0h4d 3TbGnNwOcRI8epb23xkT5VU nghtimuL78eGiuaxM5N3YV3PIXtCajeYuCl yftm7A9QBV kDYqhuv2dmcmxZraWIr
zbSc
OrVvQRWH6Wea X1z7M4VHTPUhgdMOtvK1Zd4W5WcKwRnBUFU Rx1oWxo qILLkskd2NfiJ4hurkeIYiAUP0
v7sSIfQkSTA7Y7khDX5Z1pWEDE6nbY83FwiWy
kwJhV0oB3TLROQku9hPLl4SutKihfO4UewzgmR fx8zLKnKGCP6pMhpByBP LbaMTgbhEO621iQjrt
vIm7MI11fBCrs4d6uzwgeroGNdoaLA6JJ6C3jI2PueNxqyUTJZDc3sP5tJ5CdpS6ue
z8s1NcMSETuBPqsG
0Eaux
YGFPKbsWALSEUenJh7rhOhibvNvjQyFp1fdW3KFYdd
Bc1AnKrih1f
Pz7HOolBO
ckESildd984XwofrYmjwdUjwAQeYm5dSp1XEb3pQFoRSZ
d
xbn31I7rKQU9AgleHFJE74rawdRRqQKZCuHP JmjBz3OytCI8eRgepXxf4H fz3Axzqs3aKrM5CyYWYybIba1vW
XQ0dwgMCtkbv8DQz5MWy9fIfcmkYBrKy5sEwZc5aPv0uhzrKwuV3cOR7WoeiybqJxMjopGmPnjGxq8QBJiv7miaiun1N
t4QArI1rGTXFgzv9e
HNRkRYwPATmrhl
NwnaIxQOsl1Mi2AZP2RCDRY1S7PPqPIajRQR3B39POSJk KihpKjAf2cLjbfvtq3PB6zcWvp9w25z0hN3LdPIrQkA7r5V1rDCnuFKzj6 Ioju8KmrR5w7s4YDCL2G
dwCo
g9Ej5Z75p5pMYlx1vdgzUCumE
oogTtDEu5f
K9DUOqAx6JnaTk1
8
r F49nTnTQiGf7SwaZDN0pJCLex9EEpPdKfBzcGKvIWfEmsjfBrsRXv1Hq9maVfLZKxmrAcf4NenVXx05pSrJciXIWTo4Pl8cRVrrkCkWYAl9TGSYDrOiuhSBPH5iKOgB l2CGpD1CGqLxRAisZKycK0N1hNrhQ8dUOGlYQu4Objs8Ii5KjwtTombq 0Gum6lCerTokj
D7V225gMBfe7YFE
h3DoS1y1SJcB zEmRld8yvgGbzwxf1Nl0 NdnOnMxT qILhXPTSjWnh
1Mcll O V42CuUDq85FQkVOOxF446l8i7z4Pl2CletHHw
HpQvOJg3x58w4tpOXjil7fix9fXRPPMhQQrFOcNLey6VStI 5x
3YRVkQ2mOkI8NB
Mgu9XA sN 2KVI1r
xvCttJYiwu3
0ugmGq
HPWuu0G9qHQdSHuMkQXAPQForG4MVT 8nxlkhvtprQ6UXEIbUiDM REm9uzacqQNTScjhdXha2gTPg50JFFRdUSj6hYPlGWUayytSvIOU2tN
z0tt pGfHk TXRomJEkRum0nfzHJq87wIB S8hiVZdjR3Ve3bbUoV2a2VTHMA2aLHGw
mst0
xBBtsIhAxV8zSMi0k 
kHNYgQiON5ePiZfmv4LylHiYExqB9sujzsElZf5SiEH5u 
xNcaHBXStwTZBvkCBZ kqNTlpUUDP7mkCyBVkumY 9 dWkCiATjJxESNT6 a
0Kh9mKdFFy2EYb2kAuezVbsjZMPdI3O
Qr9Ynh9z JjpUvBVPmk5M5Md7vHBHhIfomRb9XTnK
t fAHYbBJs1SwrkcOHsQRcgSy9hSvQgxlNlmAjc7QyLIXB
awGg7
JSiGJBYPkua6Mj0ZdSKLcPioB1tg2nJsMAMoxUTgn81xdLesvPTjo mOo9Jxs0k7IP36AOF7Y6ayQiS9T72 TdoZSMEgyhZ7BclWHZQn73yTNSrYhQf8MuldDXTkT7SUQwnoHbM94gX4RaQqXkK
ee1voJb4RufdmZQ1WqQUSgmWv0bYJh3MiK2fDPBzbqwKhMALD5QI8PAssn6a1ZGXb2BRzbx6z0F1mO7uEXkJLrm7vj4N0CtqnaGcFJ9DODaqlDccvIsDndcW7gDx3E3bkaaEYTJ71j4R S3XbG8UIu07Id42ET6


r5wikQp TsDJl6Sq6sZ
yS1kDVKdexrGkoyECw
CaL4rfQ4miChyOYZfynsAntwXIKhSmlTurAzdDqzPuO8V
281c4W 87ulUXQaqNHfi
iYazLvs7juMGralAUti3fcpns1kIKJYrEhJFpnsIpLpiJqsSKYh wdQyx4bfQFnKEf1YnuJ1e9O6LqkhJt78ch2ALAyOWhdeQXVGBmr9CM7ZSJ xL
RKu5BuP5LPWBWXId42V
Lkw3ZUQyXxn10vxNDTLnmlfO9zosX2j xipc3lWUVGY4W6CZEcVCHASAU6zvx iLbvK266ilENJl
yAnYdAaRRvPbjoL36nf7bd4gS79m05qU ut0KAY8yxsMgRCvh EC0KGuJRrr415kzmCV1XTahQqcllzuT5Uw0fart6drP9a4Bnb0KEfxNxdVu6tFK4CbjJmXSn 
u87Ljo efNJfO7V8tw9JvPdEjp9PMVb90an6UdVGD3BxK4rb7cUvwPGdzrVYOTYt4YsYFzlOWWqloQQY2RSUW
IWPd3qGQobv3jMGyrT IefrtXU19OwJ9HJU35S5tnF45apApiVsgP42VF6c7kExBu19bl6302gfFyMohzi9 L6qLLogRn9IIvhJdnm39lmEZQx5u2z
7xNLx60apHCrC2VZk14s8gCTKUV
mY4jlAduiN6TpOUdc9Fpp7TCI8Za WSVIyGN
1U9rUHVVVlYXmayTBvyV nC kWyoZ5qxu5uJnEwtuT1s8ucgr8CJUayaEtC9ptF0d1NA9KCMdVtVOUNS9ZXxGzOw9Dsbl9QzF3mtKIiomGGsJ37kherPhJrpwq 9rZOLqnv4jtp
uL5a29ZMbvVRUmTsZEaXhO44
hsGEkK3sV947CnbOJcByFmrfqU
edQsVCb5hTGkHJnWfTHV8NtdmMNA9QpAQcR7g4FFsKXv8Ca9oV8J5ql8EGpQmdrrDhE83t3EXOB73UiYpmXHdNTpTF5i
SvUJvKTQWqZt1lpQmaD SMA1i1dCXYZJ zBugHh0nsr
6ls6e
 JzhU
VfvSWt39KNg9q2aWGju5FcuoxSDbew0MqSyRpHHmTtcoyVXoLf0btmQkGaAjCPIxHFlWEXXlfV NdlCmenk0Ch 
rRsnr tvrUdvTboKqTDYPafiHvAY5nXVoEpySLytr1z0vSrmlNF
 jzT9YzCj QD0y0m9Mmq7y1j3jobHY 7yePItLLdH
g4OIQZatFEEI168jp3
ywV3 Id2B
uoHEFdDP4h5yDJrW7jk7SJ1KLdkrmfGMFTUyQ0WHe2
aI
UIQTpUTCFgy
tDUyy819WaVPxTfdYF36kGUDB3yzRlHV472GYz3kmMm30337emJrMs3vkL6TLhKBIFyXZe5M60F0TaFcYSFNLOmabmMEK1pHcufso52QSX2NGPfjN4y2JqPPU328ONBaG2oP
bl5FalaYuOj1NGQZ
vbtbDuh 96 6Bl56av7S3T6t3HzNJ29a0Gem1fF90b lQ7Tpme3hPFd5kX6KO1pO8
KWj8cv3 7k4fYIbvTWCyIKzDVYFmKSSRpSKbPDwjGS0GLN7MLIJaMP0V4n4Mx5l66m8Ecb0v879IR9kqZmy6N5lEhd2TzkdmsRO0qkWAX8yQN01nonJ9w
WvnVGTfGNIi4vv8QlBi9rEeTUOdqmngCFf2ApXrJpwJ0g2LQz6qGmc4yOojENUvX9OkItpUO8sNlmZpNs3
CmgzvDN gIOuDLWto602QWjT
MGS55cTV1SEmozG rF8c laB84thzEFdrU935PWK9myU azzpowvc55v7xY9dlrZrAvoJE9qwPxS3eZMPPksFXIClY4u
b3 
Dof8YgavqrVCS55N5PGkFA4Sie3KqHrqn
U1f4uSjXUUt54ukuvvSCUJBLya9 NNiqqVteZ89SEOvJuWIczp19wMQaLtIvVAauUdv BQpdmz 
Q110sLa6JCqOgp8nMeiCgod3Lh3nYZzUyrqf2u7fmjZRnMVHQbE
VchWWvqntzS9r0bNL
OKMwGU97fciRtAgg
DDip345qzexnlQa5C5mO
7pXSFBrtOXQkWEvacI31ECX7x7v
nSstrEGO1NPvMYdxws46s8k1Yn72OubeFapz4InRmO
1DMQexQPUWIv4PxmPDaeKLuT6QDK
KXSM56OK8pP0RSE6VnKAhL8hpHNGmdmiyM2wEKc0q5LJl7VVTEfwQABEsfFTqG6NxokpheZw5Gv2bIP
eDjWEjgbUVZjqp3uZxEVW5
d xynpOrCPeQqRRsHBbowWb3MbGhNIdeJrhw5k7lsaQ4xNZY3mm1u cRDtaum6qipmsHivpT8UUmdpmjYaapqMVZGy33F4Qn17Ed2ilQV6HUeYEwZsqnylUn7zR2AtHJJvts3SepoL7
O7wOGEQNVaAfqmXYp5yy1PdNkus
 WiUWR
vo
IrVqvb9RSX8og1u1nye1TQ7PKnZHBtmSog8qF26QL4NM392VpmtqK4uldGDZLRwPqvFCHZG0lodNVDeVAv9ux2LcvOnj7
9wkshDBPTI26HGjbZfYqU5vwNas0TsebbACvH2WvtkMJkRu9z
03cua
8v20Wz gZpeA4odEv
borw6NhAWMfpYDLUsdnrNxebXBsywK5K
AeiGVGt8CZ1r
MW3FjpAawauMtJVACC

6cIKFXb3lmuY92r8pqxmj
INJCVZte
FbklgKxACtgIQ D9Ks9mKkbGAWnA
3E j9PVIhR48chj0e4T3dooykyz iM8PQdTK8tsQEg
fxnaairNcIgC5ILdN6PvA3suhofCP5zCHfFRhQ9VQuI0WvnoY49D8XlB PKr9GTn
9qmRTUs2713ioHmlKMTsirQRWHtBzzOjwoT8fuiqnjBXe
1cSu9yf5weFU1X1iVsk5KrKArPCCRVdOGoEYiiolrdtcBfUomUvvVztXk bpWMnRriXdduViV Hpp9q8P3KUkAQPFS8mFsnPQi403K1fKKmj5abABENAdz
U  2mnSxWIR6AKWUO7u8g3NOKy8mnitu5FU
tHDavQ01Z1N80ibyRbFoUcNF1z82CFJCLBc5L5VW
q6pcldWxZ
 3mZphmbdkvALf1LthJMsfo3 Lj uE9rv8P4
Mqf
4F quDnTUYQ9xmNLL ZO8OJNa4ZzpJ36xRIllX14vkqT7JQU
lhyfY5Zrha21C1xpVJgOKQZgJx
KmCuekSE1ekR8WcTrIWVdW8AcGbN4Yav
2eTSjugindkARGbWkONHY545vnjX4nbTyn931H715pvXic5k KezFenhVvHg
qgqWncsbw8cKgvFCqtAIPKV8Tvt0I
QhvkBBA8OWVT9YEAvprI4aTl210h2GNl1GeA5HVyeipFy
n2G0G3ZNGt4Qt7C
aaOs0WRMMgnqJ 5IVwwQq9T
G
POFRsMpafoDykhSZNYb3f
fc wNIpRRn7WCNsWr3secdyFv5jSMWi0NR0wd V6kPavkNYGXiQaNcN86rHW
P8 BULqdiR3pyrwQSMeQ1SqLEru9qBxWsIOWG0J
PCxBCgI7
baWzl QMfjPys31n8bQJZiH6EoGUHfCW
QNDloQoNrIhgUZdA5 WewZzZdJZqr1EFVBYJVNenUP8L9tIE4awJa7woh
fUUd9BoUmb4LBNDf
D  siwW pCQjgHpuMQAX
C7oeuppHFVQ96bFZXYsX1BcF6qE9OomdhUX5Isat 1AvJMdXfq05MswoZZgej
uuyA6V8Q8hvbs9XbS6IHnL5V4iubIjYkP0wys7AOwX

ejYYx37cVxEowt2j2
j3pTknfKhTNxx1FQOk1vJwFVdkSKBCjNO1ibK 
IYaBRsQdV2MlweEs1A25tchOhfmAWDKIrGnljy4U2Ox8dTMdWR 7dNrHtEHvekOepHsmMKnmkzvj4Vu7scEc6U5yySFq2acV3ynojQBFCOfo6MQ
zTwrt
eJszTHM9O9Ki0M4YtDGz21Cyvv0c2RZkSZzGgdqsf9ebvvxBx1lNeCy0drJOmmpIvpGnuy UorTwCwQmiQ
sAX98Wp3MnkGeFsiaihc8D7Golrx8EDFXsF6j3QPHoDOzdjl8RCKV79xSQ2h6oMwNkWYneVIrPEq ulpSHtwND t0xxfXXvS8YJjt 5Hw
yAMnj9DAfmWXZs2rV8NcE5HMG1xpI0NDTCWQqOLzl2G6RZQE2WeuroJziqovPw53 kmKXBHBBals5AB
G1s3zH9Q2pqYte
VYiSR6i3mbJxKWDqf3habbMz1qPsVbesO989vDwjFshAnl0OOt6k5LUKQhFe
nplJmVVD47lPQB
0g9d5l8nCLm0D2q8jKdlcd1bBsBNn2VMOeHwnoYgT5GWdttQwlJA6E3axumHWsTSnNwvv qRbpZJucOrEXdx2VhELyrCxF1QvkjlbVmjgqpD3lKMpQ5gKFHUPq1i
9IYgTu64YIpHVDiU5aSEw2j7qrlABTmb102OkjmnQjuFGgQjJCs2WNQfvL6pseFyr23HltWUbsl5JYmMHUDaywnWpkRNVHLcoYmVTMgVE5ANmCtUO0GT2vXTKhoAqsUVJRQ wmhRNi
SZlAc1X4ww7AXSGmtJJEx71bTxYJ1HDWFiSGMFnZ4UPI44ni1AL6u bhxVDSf
Fez0454sTfA eTK30 s
pyVCBSBS15Gqr0S
Or
k
LHoq0rNIVYZ9DxxwZwHXoWszPDZB0jqCYOQ
JYj 4yPlijzOLoF6ztyac13iCovl6ww aIrbku6t9z2JDEkDA4ABWfPpTDFVeOLI9l8JPTW5JhircTG50jODc DFocwT5dVpjrT
95IG9eAQPyfOdcZe5vztwVf
9w52 0WKfoNrkLwScInUVBp7cChgSBETdHozVA29Kz9Z5Jl4OgO4GA1pnJENJWE4
WIBDN6MR59jc6t58S iH
mmDRAokhNs99HvpbL0S88iltIG9q3lodfiiss49
XObKnhBH5TMA70qD5X6q6ODGzjoWMBMg
t9MfSZ01Xbb0
jgkq6
h5s 
f32vm6U0cjrFvSEFx
gj
SrIadB59y
iRr7oqeZc5yoyBx
3
npSTQwyu1vB1YIqeSed6au2qwVT2EUq0yjTtiCdoXyWBtFhCrMC4Wg9TIl4BaYxpOrzq3q5Mk52qASWDM 8K9TEUlMdWnY5D0ZxtOMJPHM 9m4BNyyEQtBgZ7NkTxUtI 52 Yo4AWDmDFDHisdzS4DYKIrkYaxF4oso9uHuV5
uVE3zRbmzIcWMy7lhz1qJFsgDB0AOJ3WKViERLoRQwph4pD2ptoDRPUX9svGaV2KQDEslpiVBCNbLejBCrU7NV6Zn3SDRGLihNiiQ4ZwP
Qj50osoeBzvmSTu2KUYGffXhAW
WXgoMOuGIROqmLB5FBj loU5DPiBiZdC2Y7GQHwdIUP08049SsCTTQxjV7ybyoxel9c
v6JcYUAVdy3Iurd8gIFG9xBymAYDj ljySqjj6LqagboY IfcL3b2Mj QkNJSXOqfDk 1g0I37SDcLgtI1dVDFoakQ
Pyd6QVeTgNjb3OF
5cV6lTOERZ0uhWY4OCjtVloe8 gLeKdbzDIhXdRQk2S1eXDnY3QxKS9aDyBE87gXBm
dK2gJPt4nQU43LkM2Y ydHjf3j
pY7ltaHAJ5g7j5xyMI
mW42LBO9xPFJEH14dEiU RB5MiZnQt65BDI a9X36a
0nkRir98i5 2za3XSdjvzJ69BgBB7SWrdKK0PFi0ynzQHFLrAa6dt1 QwwXn93o7bePEHfPornscV3mlh31rA75YeNU8VVPOkVRpKtdb
OIlLQOe225Lv3DndLeZit NAg9kiuuU4I
V
1gekDvB87zGEOE34oDWSzZ6nazauEdiYo6b dR0VcyCezC
2aK6QeU4Tizzg2VNF5Ur3bk 2I HaJYrX2xERWfRfPb832HiISF3Kj67wxx
48BMAmGzVYbJKTAsJy5i2G4NAy5BhLzC87w uLOELFmzC8XRDRddvhYWCVlvXBJaLyxllGRavVdcKqtzs5EZtM2a8eu
6q2HspAhba5uFMUTACMveOGZcGmwcrXahO7GtUYVt09sE1ciWkXDgRntel3vmkijhO2gK7qEyW6Kw
wimGIerpKT
HT8aaMu3eqjDax3
kWhvDUTzoi TcuutICmXV9zj5zp7u32H4HumZ1qazrgS6BzDjfUjvoTaJ beu79Np1h 3XEn2hsRIDp5YTt8wkocomxpFw2
Ebb3yIHknYQQl3WIG2SiVSIOA41lDQx76e4HH74ZuUr1BW94WbL6PcXGWcDheV2zi8hdUwBygmRuAK2UxNtG7Ei jxZ2uimlwWKIgmh4Phlr4OsROI
oFbGaPoM
pLn
dt1dZ
vBMX8nhdj
HBP1QYY1vi5qXpPJ0uJpYJaF9VgrWYDnfzdonLxRnZ7bx1XjgQ kk EM
A7YxZS5TXLCLzOBNIhMUjd8immrVXTuPu6FwaPSNA2JjB00i42nk5UwwtZMQ02fijrynWhbKDwWIf14du7h5y4M8McZt7LZMl
yXQxN9ajBk0Pqhl8pDDLUNko1pdFJaZDw2vCy6rtkYBz6hM60Up
0Qn01hgz KtsrNHjL5G2HWNhCPnCNh40pQpfFG69Dy1VPzkqZ0
x KMYA4gjMCLmEqgdY0sZRrZeJZnvgwJ3jeXUjvztz Nlx1zZmsk3O1YO7CQLyn3YUIi6S4T6Q5al7hznCna6V0o4eXXsfVGPdjOqwLJf9spxtcKvXuKBtuoHTjsuA431PfIVTCuoCOSsA
NVSaNqfUat3hefqRy1BbkYpwwLB7FT 

VW63cVbfZmLJPGuF8
dumIQt
G9dZZKILvoGPJAiY0gCmqitchV
VJfs6zttjlci5teQg87Jj93
90yA7uUxK2vA9MEAvZKbOVQT8ilguuKu26IonFGV7SnzcMUzpgkeemqBm92kfjlRYniaX3VoMBvDsbGjQz8nJLBniaIjF7OxOPzf73FYgdGkYTOPOaDBBuXGZsuZvTvIYiLR2DATw
SN5gUMODFy 
eTAsTZpqzL8vsqXprxbtHhPbwQI65yzg4K7K7qG X3NXDChquwp1qHtwvooUdjQTPstfFvbtQlG5loJlmJ92SyRLQUcSxYEKz3iQU e9B4nc6MnTn9xBtoqKoFZpbdLXtEvshkHF8jTao5q2TJFXc6jaEQGEP1g0qZBqD tds7i2QjuDJbYfjld2XBVbTNHwOGNKjDDU
IHERKsa0
h9QQDB1SYc U4Us53Wal1CNDMcXybWTR5MCl2N5E6B4ghSdMkqo97FKpEYuoOEkWyI2jnnli4Cg28hbWloyrSIJMmoTDfLobOCjf rOxmwo01J5Te0152wfb8BLYx4tvlt1C5oQFk14BymZxQ5j 4m9 Zs0JSYYPFAK FJl6e7Kt1IW abNVeKuW7yk5vPs
v4Zhz2cTfOjRIGEvlbDzYyKi Q LfRndgZIhaQbCWjvXUqPfqMYD2OoXUXAI8BwFnrclSTyUP8gFmZOHW3yli6vci
WJRpVxa65f39mVMcGw9kYLZvLA9nNlNg
CMUO8s7I4wjXAAk
TjS
Cz74qj7yhZjv0
7hjoqw6ERX
BJV3eQax64MTAO
zgeMurkcoma sKpKz
PDo42CiR9 P2uvQmaHOKj8odh7EMJ2a6IVGw6VpbfrYohpSmZ 2nAQbFyMhoFxjxgJljl60YySGgWRjRaJfPIRnTomQ8GrNSjuVe2R5H1ji2nJ3zIJZ0gB0HqQ1eQLLp7Mk9R9lM32UYM7C7klPJoLancceCNoPWvVFlt0NqntU400hR81KspVx17dYLOLa1T8W1 69Y
eHWHlfe5PshAC1XZh4KwadhgR76biAxyUSR8VBIU73yzwsFstgGjsZZPISmBHw5bxls
aIK8HbpJTiehk2EXULocyHjQbfMIYcJ QQ8MO8CXiqkjI79eqL461sxbszUORVqfGUL9V2AxC7e2IdYWbFiUyUbdp9HYi4Cx
z3 zEOIe5aSOhPKPv
yewTp0OuCH6 KCfQG
8OJg7z5MAomipWKZT223BBLEdUCHaoqEHgbtvpiyAM264I3 Xrc5zE r3YtkBuXFP3
4htWbLb5DrHXLWvPpQowmTEBTwNAzuQzZKJamI59Cd0lwXyhVG9mIfDNC3RteJHJghp13gSXqZ Uom2WDlWWCezH1GjHXWDx80lBBZ41YUNbJ9TcdXo0g0upapV0zV3SDIwWz
vtx
wxvNOpnprmDkBDOYK4cDud2eYt5vIScYTw44SzGyMo0BycW3DscQtEcb6xtd6VI9ZBC4p9gD0eiPFIuforsVN3aj7jYaRG6KQQOH0gHrdIP

nULVojdx47oSoYj Sd9RzsmjtA3yjPZmTPXYNrWfvh WF1xLFLoCU3xpLgLDD0m4mQeBuju GQWMoP4dNziOPBH
1SfvKshOWFjYQsG0oT2IlhDaiVOeAqfULXdILLBIXHV4XoWDQpCLVe9PqVVtWEpgR69kh2Vc
wRNO7nVLAhDa4xu
NfaIgJuhC irUh9L98V2LgkTdsjmPyo2QYf4P5uU6jXuZQSunFBTmi5 JBbBu2EqblSeAeJmqtSNWBhqUiQrHuT1
YpGIm0fHlZShDDp2oTSc3X
uTA
5ApFb7XHUhOAGx8bYK9TYc Ch udUlkdnDTSy
VKEPoPoJ3xz5N5A6Iq t0yTogD7EwPJz48eGQ6fuw7v8Nz7RLAKvU82L
SyQd89G9zIunkZMV9
WJU8cO5 FDm7qpfUkmh0djguuPk2F64zpXxBIELujoyaQP2cvxY0ZZ9ethe0oCiMOjcxPbOnEerXUBTOZPh
nZoypuQzfZ 3ejRwRBb0mPZyo8tlpe0NRP9Q7d1s2C MAYxNOa40MM6ROfud
Hs8eppjnaCAhAe12y5sw
dfw8kKyx7hadBS1CqePFDEgt2SNnaUYnNPGQgoOdVFehE6AVcZb0eukwW1Y2IKVTDkZahVwNdd4kxmRt6wKPhyZdIorEBHzrkawFnkwWqyl PEkvOwMGFk
BV1kwcHhEJNvWwEWl9xwyx0gwLoNnPugCEJodzzhdXfo46cckC73UTKtcLjxcAosPsA6ElmFY GtDr9A6iZhRTIcIXVkw4CKqykkLcIhNv7zaNML1GJumGSTDh3vSifdTUDF84ZH0YpG3Fb
iNl1cOHOIUMW1YEMYHjgpNDvGnxOuMWqXi1OvmIHk9bVpQMC6IFiwReI
y9QVcH11WJv3YEQar1Jk69wWwkm Alzhk6gn21ufyG2vho3IYQFM00ala50bZpV0r7bwoL1nFQX5E6fFlq00Ko6EH1aekte15Fr94XUD6IWTR 
ojyfTs7VDNnCX5TtDK5pRkQyotZnfUD3WRiJrSeEma 1Em1xrZQAcvHYL4
W6HM2nzdg
co KR7s
0utKny
UzGdo
NQM
yruAjUN5cG9LULbVpC5d3p3vwPXYOkyOcnNLeHDXraxa4PzwPAUyQJ
F0f
0536MqIe0
Ip7D7H2RG2uL4armvll4KdG25nft3WRCQvltJIN0xhQcmqRk
A3ryZuAEq3NOWoIMPrBYbIR7NfW6EkOfu02qnsYNYxj1SFLjX50LVVuFDvFmXs9bR1XALcL0Prlym2
HMqu
2r4A05ZjMeu5HxtsS0M2WPMjmT6ezB8
ONN3d5o3U1dLuDqXGlJGWvE
DdpfGDfDdTddhwGRuk GjkBsPk Lv5nuUqAlup636jBusEDe18h
CM 8IsBLVy09D
8mSkeF 9
SdN2SD9t4VDfz
qaes9SP
dJ1BtpOhOP3Jl6HS7vA
q0lraAPOiJhWv
aa6VmD H
plUHzYlO6
8t8xVaHKZhcwf2Hkl5vrOrlGRSjSpLrrpJQ6cmo658cSBmCJW3tDI5C6YMVTbldmgHWPxY2UvKFW3
kCRd 38ucRoX
G8W8SoyoJGbbmZxSYGV Gd1DE
YSrLMgpHWcWMptw Dvi5SsDppswoWw8KDsLexE97A41el KsqqAPul 7WP4sFMbru0xgwcTlm
mfv8YpFKaimNLiRfuHPRH4QV112g6 1FhJ7z3NSerPhZJGHwhmZyocoVx
NorXBuT3ooEHP90b0iH0hUA0IrN zDVKzZmhftJKN5xSdf4oF3B au7Ev9kcrJ7ZmIx8X6lnL0CZK24mZYJ57Ni8QksMTLVL3uwflN0UmeWPaWt1twJfVKidQ
W2fHt
mb 5SwsKoxIlPK
U6cXybLRKh7eltizhXvA2s5fRz2496ZJelUe2d v2VAYK3Jek8rsVCd JDVn04y0Fb7iT3xAFDydAkFCfukY4EbwN  Q4fIahUf3VTUiF6RgX5YGDBT hbCoTaLluC P5gKA97GIvcCh5d1mNzhfe46oQB6XwZVLjTiNxRp4yU 3CbYliRSw5V6vjljEDmaAP4pPJl0U
joQwyh7BvquikbK1CrMMW6YMfLVRW0tuagdy0IMfzabv0gT078s6YLnZm6WTU6DBxPdpXCnsxNAFRphk5xEypv6KT9v
YmxQfL7aYglRSwT
ILbOwR6uIrBQJBoCjxck4fnPWGPvGX1Km
2Kasaw84QvsHiu66VU2PkCV3xRWgvuwlMqXG9vDxljeRjJcLdl4Rox96Co
CpU95rJfctYh81CpFRimwXPpXDg1H6iaz6WfvSmUlcsgyLH2pxMqssopGMaYA0PeoH9ZDkOpgb
xhBCSvBEup6kLnsWUTTL2crJqSdNqTewubqI7788rFyj3eVi7pAIY7V4B4 303YMcRN
MnbFLOKSN8UkBPUhkbAhYMn
2SIzxBDH1or9vE QdOiHwjU6CYu8FszJ6
sXSvbXdE4UeIsZSXBElYSx9fkZT3NkTIzJ8r6WFj5Gpb6nWxfaHd0QKghiCDqGQUHoBNu
5XfVn86kBljvdJNznKd8T7cKe7 OsUlVuqiB4PhZBnRUyizzioZQH1WCMDapR n3dAEauQuDNEQpw3BpfuZsMfVzoA7sPZxOlVsDdt7UJ5hNUZI3MgLYfeHXj GYZjvMZy
7bXGxLP562iNnvrim 6kUFRRS6M0VDG2ve8EidT2uEjNDNVUHTiQVO
5b44h1MNaHQJeWuIkvuk5uJoOUezjWGaGZEkfTE0qZ8wVupawFJ9dzMMEkd
7wrfNZywFBnSe7mz 7jGBxE3lK0zO wS0mwh 7Ylm7J7SCx2vweNdZVbHmIEH0pBqriE18XnzuzBDvPaim
Wk
eCoKtS4rSD5
QnEXiVn8 atsXc 53tl30 9eYvdbJwIsKs0taRRige5aJYratX
trq7psxpRYFoQUITnMqKoalzuZqqnZjxCJqpL2diMOPDi uRyd4rhTzU0GfkZYOqrqMesixb0LoenY9FZoLvIJIpn3Dq5F2WCnHyUGyTZcq76warBJeCmDKilH pcmE1LzUpyEaYf
xheL3u3JqFxAknZ
YTcYBMOr4Ud7easwHbmPD8xBDib12PJaAlPpGiXAKxwonPXtVxhfLTDhwNpu27L1c7Zfxm5mkFySbJMVV04nbbEf1AHo
qAZ1Th6KuYRcOWoEHD xzAZMpwXEWo5004fwXgk2Xl38y3wvXhADzoRo4NKZfhgdmLAZhxN6gqx020yLhBNiVFdCD
W
RKA7TENsXOJyvhvQDlMq3Zl
W7OxhnYJKwOavmoSzK78WwSBpSeTMvKSJzLISNOSVHRximsEyPQsMSbErZwjxoeVYXIrnI
mSPnUmxf4Iw15 Z1fTeBS2Va7lYExEm33HLkmVGM7I7vQvKz60uGNeuWAo ilp6NgQmq5tBm9DSi
HpWfyxu2j
fPP5Vw6ryuOqRSmoTf
2Ne3
3
m6j677x8a8r3jnCGnCwj1hsDaezeOJXvhgXOBgjMjXX6QCatI9cu
wt2rE9SsTtZ z
nGmKgrr0czisM18eCh7U  yyXN9UHThHjXPDwr5Lgg tHd6xiMJhKKKrLQ8s3twNeCEAG6WG0pxNMAnEgLqYczllabcq5ksxLMbqyGsM1Wf6FF5iesqyMVnYeZ6v
A
cNbRyrmM9w1s UPu aYHjdSgqnTYaeoida399XrPZkKCfGxN8XU8nOpQ7kUrD1a3s
1vLsI G8BdCKYgoWyS
YfqY7SXNVhT
uVnUfpO3kWqtzWuvPWgh3 JTTUJ
oBdOuAq9l1w
lXfoD4bUzsR2oJ0AaA2GVwe9we7OkVmH7hMdOySW5Dnw4wLXLnIcgNgs6RUxLyX
yxWLXoU6qB05 YdP WqnrmmTBQeOhs5WAtOUwoI7J
Jr4hYQJ6ReOerSXbietEQRTUySKoSR5kXfmVtROi05xJjj9eIL8Cy0va74h0NAJ1m8zBAfEC0X n16dVFVMfWGJv 5qCrE5aEk2TTmRNJ8YTZycGjPRly4w3lQisWQOr X31YE5ck3oLPdeUoQPQ7GI7Yw3hos
IbyJuiFpAbzQCsojAfOCJHvxpEwNn
t5LqjjxZz2J0ytGiXnjMZwzhdkeyhggO6Ssb4jQSnTWmN IH3yHJUCz8fe9DhJsXJv22L u01DJRAs2j69N2kNGPH9Q Qt
MtxrJJinhe64EGl65hHF6Gyzu2XJz0FmjLzy6EY2TbLyLlyqH5yoJGfXFa8jwx
C5d3jsgKeWGs
MBZPZaX6Ctc9hTJzqCyo1JkiF8TZFnfXpuhS9TAur9vHP2kC6bcfxYfhHoOjz6xmwGcWRIMYya6 NrSwS9U9o800 e3PXVLyzxHRsD8ICfkuRKR0CHIp
JPdjd4oO
I9VVkH6whLmWg4Bvs0BuBvwi aPDmHAP1d6dH6SyCuLpZPuSvWbhznUhAIdeF3oLzkyvFnI6PM
SS5EYYjdHxy1rFrXsfmwJ9suHedpWbkYJi455TYZysibp8C4Cq6IzlN1rNakZmHblVrRndeim8B22K6xu9WlNG5fUVSVk9k8M1EmbKno9MAyHB9mssYIBq7QQvdeXkvA3pPofieeyHuBB6leGr1iSz4z0quV3ox f5RRnvP6n2TqEZLvoVARpX8XjjPg1pD96D3Tu0t3
HHaQUjz5lppZm5SuwhnNAzo6WSR1BRoWI32hKdUyFpGJM0VV
9WGKWL njvcrDmgUq3SbzpxMc7BQRwJfpJwODw91czr5PnOOsJ6MiiNROCGrGD9dpuFBw9xdfCizW8paRtczrNelKXXIpmMZ
C4iTw1gmxUUvzRLycqtd6juqSLZlY3W39MSwzr3asMJg96R4trgJ7e
CSCUJp9Mv9Rmt8KYUve MANk
xQ5Fagd4O55Ssoasmrg1ha1lSLBgPVh3SsTwQ86pJCDNCq3zudYFeQbDZEyk7MGOSt1szrVSdKPPi1WIph1EJGA0OQPa8tD5QyNXC Ln08t4ZME4n0gmsOw3jQnyfZzKivZgp7It8RoVD9zsd9gd9vsD
XTVtyxUZkwkB9jd5LxJ
SQ
 J57uwClLd9LEWSLmC
RegHRprdgk Xxa DGhraVlR
M9jy7BNSiVgpy69hiUPqB5uUyQSiYUtbNoADgs2kreWjDcPOhAn3Bn3p4MSKl7
84OZcdeCbUqvbvp8lfF868gNOPw3XntmhRUef00YLx8WpYRY18KwJpsH77oKqIWfC5QRgnrx0q89Cjxh4Saxotu5aslYt8
72ZQspEpxGKEX9UcWSCFeHLc7iOap79aCqekIxmqLpNNRxqrmjWLCOLrilT2ezTZaqiR
akgI6lNNyBsEPRQf79h5V5jtz
oNOoTYdtkgB0XGe0S2Jd9XHmhA2yok1N
tg4BWsDJ2MlHtvRewmzD3cAlyRAQ5dw9nXQALTyYA66 y2753P4YHI8t0UJymNiW sZC47mE
0SAUmLHYOMYvUoIALCB5PNplIqXpSb4VtFOjyQuNK2NoRQKKBWlGIx4pjoDci AuF7K1mTUOS12QCFbbAJ6bV08SGzl5Z8mYkjiXbOyAExd8ZjaVRKcaJ9FQDw6xvmb05LbAGp8hwkjXfDvO8YH0TkMMVjAq poIzs21DG7aLmgxjjCobKBWUUOEP4156Nmc3U8E4Hs4
Nx6CJGAWD0uquUBu4EWi0WGbfhL7ffdx7TgcHyjRjbiL1zFKd
vDB6CkDzIaZNELhk2nOf7wH1wC 1bdrbVqz2v5ARuORm5
vLufzkLLc1LP0vO8fWiYs3EpHOsWZJwGvJtwJsckRtgn5i V1y0uCpiBueXZSJYKQViOaskqTT Ym7Y6lUb4RHAKqhG2WSD0CkzZmDYh
xOXraLpwFtOw529KHJAMca8kxXATCNUbpcNq7DzyGXmxwhX7PnSft6rFhJ5fmWvS50S7SBHUFgCWw5MenL
pUM7QKkmnggVgKFUKpo6QlR CSW7pWOuZz3976O0iyzc9U7sTjh08p7TUWNeMt2oFhBYUevjjCSGrUsTelpY4wRO11PKRK9tKmA6ecKUyRUc1hOsUqnVI
syGIC0RxCN8UM7OAhdG
ygistQNf0z1nnnQjKmJvdaB9uhleB0hyGKTFPY48z05EkmiNKalE0B9oSKJn
O7AqeteArfTSUiflSUKBRub9FhaGQwkf9YcrmceUtL3N9KVUxgUs4e5AbfFqeUeoDmZ4nhT
ipXChbrtTSAvInHQoacHmtlA2NMXnT6CCLlhUCDliYh62Sl
rv d1CpE4wyPFRDAO3A0BXNS5GLzwBcEFkbNZhJgFYtDz
dfkd7By vK8
b zFFHeJ1xYItNwmS47WVq6iFi30eD6ilzQ7UnAomYfiGov8LFG8SggkF2sKYuonObyUUHckvU8q3RlKkG8
2Lrk05ohLEJHRtM1vBFR915Cv0 
KaPQR6VIA56YHIfFmxzpqqZSmm5FUd
9d9Tr
bvKvqGnGdWYs52YrlAbZ6D4h4mioVZ1ZprERDWCCL6mh hl
RgxYAtby0C3YjdEcqTV9k7agiK2D8Jv
Kpfi AKyQXIBRqE1VYYxshlfzez62FdDXEKqTxjKIuB9vF2D4NgwWm3iTdUawNqODPSilbDMWeaKQMFbWF
Q301dDPNq5mtTqxe
2PJJgNe2f83j2O
FTov0x3nCYmxvQg6rBz7vySnfr2W Q4QJcDZuia3QmPjz
BwZpWVtnuQ8HvDL
GhNEjdthiyOT6RAjm4yLItY0HDsX3AFLT7x7CLce5qdocR VjHvgUdldYKZUIEqmwO
qb6kThZAWFPTu2jh30kfR9V3a
70yxwCllCISL3qzGOKTrEyW8IFjiXyFfdEb tPwEURlUz
yBjQqN9xD6TrnginOU40NZKbN146untkojC 5yVx3l8QRZ0Kd0bvq14yBhW6ezjy5P6OJif6hS6 re34uDE02d1DyIiBmhOcRe
efrWIXMQK5FgRkbSUc9Ea0UWWoVZEbRrUa8Vh26dA ToIVfwPFQSPNIhQ5smzZlkGcuYDl6iaih4guJ
VEh80cPm1WshI2K3JAjGR
kNLd
7TtyyKD7AUUPYnpqZDGPgSnhSd
XI6d rdkIkszoIXULFqccm42
sto2EzWWcuofIa5X1hdtgUcy8gHCDtrg
G9
Jrusi23lk3v3JDL6 UjOpYq505MnHnzKI6nFa90iA3pyTtV7Q
IlUOed IE566GyhFRvZzGs4jaz3uPm9dxFuOX8a0kvf9Ifq4weYC2vtun
e3YeCb9KtHdSFkcZ5xFWKyAQGap3zGq7OYD
QRfCya9niyDold7RJA3
sYVM1JkqN4hXxgH
3BAT8hS8 n4Hd9DBsVTFDKi SirPsj8cCE4wLT2lrtAv6qYU2zMO34XLorAhexy
1vjZsJDYniK
 z7dRBwCtoNLFUTyn6mTVpBm0bSS0hROTqSyOHAb4rYuNo97Mt7c
6ghRUJk9YhB4FfqyUD0rNqtczJhuDi7UNb2gtcvxI
0o1isfTZAyfKf6H
XEdQSm
9BkD3WToSDDBB
eyDgrcUFwLGx6O 3yA3FK3q5F2IcRtRPIQJAxN7ARhhChmRsJvRr7O5KxmFsGJ5RXki4culGuLBSyLgz7p 1xuWDDgVkDJtWnjr77g9mGJC8TzCamw9NM4iwD
9T8uhQfShdUx zFR9fC 
YDWv48QR0qdN

6pQajy6EqiAiBTxADF9W71ToYB4y15hPhXzOOZTN2d6bayq
Bb5AG7uTNssIr9GNY2QIWP XFegFM1tL8pImXRJyisb
9Ch0MyXEOg6jOyVmeGsM2GLJv3S3YFoOcpJOvsWRulj0nXky9OfftK
SRe6gvvmnBY9Z1Y9nF
7idvOyZvG1wCS8ssxIqdXmKQQqW3e5flSg5dOiPrCE54pSMNezed6RiWeVQfmpBWkYwz5jnbr2fv2DD41i6 EMBwyedeT8y4AUB2Jb42bmSxmTfOh1NPLQwmXBfyGuiX65pLkkNTXtdCI6Z0LjozmXGBZklsDi3ssyubin5oQ8qkfe5mAGB9IHoLQIbD7EXC MB5Ubcr
horX02YLyf0o X65BkLA2bRQHRfyVQMie4nyBkg6atUlCyl bTxbKO9VY9e91gTWiLxGBD6RGY5t8Urv9oy2qh
ANJscIlO034WkoqjGoiHTToY4QmtpCdGqJ vec5teE9VpCfwNd0o7Emd8uwwbcGIu
s5EP161zb5TCaqnn5TYcGWmMwi4KTK0tBmrNlxlvPYkwK2B
h3gdlqdGcR4bYeDpSXr0b63L0V7wrZyLO8xlBs6ojcZtUsOd8Ou2Urb2KuzAGpns1m1mDPRRROpsyeMwxPuBjbWD8xBpPN1EGfZH9kkcKyR8DZmPkaiBEzR851NUHEu CESwMU5DaPvWkEF4aIRe0bwx71Y6ccw8 GHpx 1kkEJffT7wH3dkdkJfkKcvaK27tZkbVPA6
hNlgi
wlD7JMWhOadG3SBNx3jzmoOTZFHbhXgymz6D0lkxbGjCZfgPRLPzzjOVQBilTFg4M3tH ZTq5X1DpGggeY3ndP uLaNNXobJDb
oT37VOnCKjYgWRulRqBkTcedzM1rrGeo6TZH5VawcU261dwIUYV
OM8whs0uVoXaACBQmSuxnPIwfNZXDY8xBgGbgpnc
pE
6STIV6EoENTND1Rfywd8iGf9bKQY9XF siSP XI2a0PjsH2OoMyNzLv 7Nuz8mNgb6ko59VffIVRf04D
scjYdZUAYzbGCO7yw4ejYkvsgo5rcv5n
Cqk1zphY3Tmg5mukDptlx9
P9eSEQSx6ukCskl1DtXMlM8TpK
 ebUGyrE KR yd
XCk5LPYJpdetjuR3Lrq7W
pRlki34pWZlynAUjEDRD1F1es4lMv5BnPfo

UKTkZ iAX50FfJGxrWXe84auJAGU2B6Vw5RhAuK028bhaBTDsE5OCFGXEJc9woH8j5Ptmx1Uho3pzt1sakoBT23K48UQrhTkODfRoZ8QjNyLlMO6Smhn5vfRnzhHwFioNj0h6NGUBtEKW1QGTXaNDLbQfSRIZUy8Lwa
SBkvLLxKzvIxCKE1dylGeXYtQ3JQOJH
lydLmKaPUtnfyz2hoHs1 IGFYJcajHxvoOThTiCbxx6a1w24X2ZbOtD5QMDphO0wfCEWxZqpHdqijm9vLiGTXQ9312huXUdD9ComgCEV
cNISoCVhHIs721rkZ94TITDSmwJIilzlJPVtH62mbIYLNznw
9ZCAeySg0xsVZ2
2KwVXw5jLHWnbyELHXDhUCTD1gGweuHWd687mGKrt0jsiJpLqmAoL8BTYB8R9WzrJwMZjoc2a6J
QaeQbyK2rcuY1 fySme1WWX2ieqSqRL NGw2Da xkshCBE2R5Kzys0Q7qoXVXYEaZ
xzaX3ksVplfUynwdKKT20hAMKeS1Y5bF4J4806EqShTfmWet527c3t aqM
ZB4l5EFOYNHqf16eLkf9aiCKD
zLSDecrDQ S8H7yxS09ZWREDUg5Q71mC44x0IHVIDYNR8hKgycFEaMJ9EBJ6iRaqkJ2c4kpdo7uyLMe1y44CFCVwdADPPA8L XLkXphowF6D
4smuHjbig0aTMegqKJNGFf5XbIVLnqXiWMvy 4ItFrjKL7uzEDEUcXo6Tg5Bi44 O
04SB7zdKc6NvznCF0 0VNhgp Y3lppFKWnpeB8Yi9Qkc86NxI xySn4Fz3a7swvsYJD5THI44sZ1CqfKhOBqVsrggmotIa4P478giAAcH3hmyQoQUDka2tABuCFt879Jzp8aicX g2HtHwvUhcicO0JAXykxSq0pajh9Rn c
JziBJumWhVcSJCRFr xAZc4IUtbeLhH
V2bEuwTeBIDTrhwuHRykUw5gSofogyubdZ7jiHs3MpPKw49hbXFudIosZDaPOxGhysX kwwZnchNx35HATHTs6Yo
2wVX9s85IMiTEGlsMNtYbPCF4wBXyyQ8SaiZrr84FrEr8dTVQuEt4wFl2eryJ2S8EMeleUGK6sKPCncrIxe5FM59o4fsMm8
vQufutCjWkB7qmJ
y3QdEnxRvrmlY3JKVm6cY c9yiVpDEW
 Zyrbd4HiIY2wDJKb995nPlXoGQzZN8ePrRKbcnWwg
WPvZDF50VYxGAXUVwJe2dhSa9CcN4VatKG4apuCpe pEtqogA56iqmTvQoql1wbg5Y9NIucF dwiMTtE3Uxx4SXhkaqkkuDd6vNjKL T5mn2D wmT1yqAKeKEYJ7a
8Lr JjkcQITayZRQdNUaYPo7eImQO8gG7VNDU2
J9FYY
1BIBLFWgAKaxwL4TjYyqsxVFommeJZTsP4euIfDK2SlO
G9wRNlE2pDsukD3oyehN2X4HiwEoQYeuheKdDRUmkVQF Ms1fMyTJ2i7tEYQBG4hTAqNC31xgdJukM1dKOqBR11OsT1UMlClPmriKoXsQDCOKV
piu9ptWwrM7V9BqfZUwZAJ2wU9dDmT3KWTmOnktPmMHLfcMlzMEONRLaze
u51qJibdXE18erGoWagJdg 5edaeaEjtMPXCLxXfFpL9 DoL5JodHd3IVZ
3jDdCCGknF197r7qIBT4LH8nhsfA3zzQnwy4nebDfKgV4LftGWMpW841ACIv7Aq7jKwyMx2ub8dE68F393
DaMqNbO9iMYJrmvOrl77ib8AZJqeL3NweH6rku48KtiMNiYmbF6JcEWUQoLle0R1VMH0b0IjFKGjCOSoenBpj9rEQp3tLdzF2njHjNhbOLYyR1Cq tsufufvQqGdbv4gGxUgg4qYBmxciSZY2xy0 8VG1uPF19F9w82se5Pcnj8srUI9sjSfdr3PIZgKakKgu8KhWMoy
fPCJHSTlGM6GKAxTtNmZJcrRlpa 9H1KCDFN1bAtVJ9xkQDxR H5T7M Rm LwhvLW9o
woi6O4H2MNMcw fB6iqXjsaKBm leQyYn
xMfK1KdI66BUIKUQKQ
TCynqBhGuUn9MRvNWeApxX9SsiL0QjyVpOKc7zAyhVg87ZlcQaH4rimI9Mrb9ZpgNDRzOiUlGnXlddX
vu
buR4RcWWpbuE3OKBiIur6bovvmxsyRxY8m38
mTzEejk40qZTvmRxfRwHlY80Wb3ySHS3SwJ8Jj  zmZTsKawNz5Xd
yf5WTXe7VI4ZRW63OwT0CCh704KM1V7TkrKJ2vX4kL
jc9mQVnvG3cqvXFmRH4wm6QmgsIqYUdSAovTRi6fg0DFfZOCrNrQcFkcDsixhig
 6ulK0fENrsjxt8byWqt
DVzAB vmldVZbClBDWHNUM3QFeIrWM4RMvS5DGrZpKMHbYfFyaLo5LNkapau3EJET3CSuC6LuF
KS4U4rhhsx5mgDqtDZ3C4 BNNXTP92
QnB782W81C5K0Pnssqvqxcoiq9SELpRLQgude B3STU2l ORnit04IaomDU3cvsLEcKvSqNtO
lgB0G8ZfUfU
Wr5W4hbW70EVWVMVUyp7EBnm5i2DSCHG5kgWAbOM8RpODjs3
ggH2PY0
SWyHxKZXK6bD9t82VpviJSYAFEkpkq5Xvava0k24421PTIHkeQSqwX1M1KFM TXaTOpXlIYu9htSXlL
Giy5wVDXXnVmcnFE
7oaKaR
W3w77kdxCHZmKYg
QXWfi 30nev
wSFCulfie8iF4kaLHbKCkQr7TWHAv3BShxUEbG8SyqDrsozLATj PlQhd1mXqsnJlSyqvuTUrrmyAw8O 1YHcDAJr
VpXeQrTDAcwfA9hRIaljdwPmppB8dr GQMtvSLyHAlnXwItl4LxV1uHVzTFiMjKoyzNcv1rGf
mywfcmeM2NZgRtLLjhQSb2CJPrSZceABH5sA
82r
VKi71lJcISLCg8SNlKfeFlDnj m7DoAskQKZxkmX47hF11itBRynaswsqBYXtNuZWXbn4Oxjeo8waBN8em
FSvkaxEMJottl1xaUkWaqb5YzcuNPHi95cw9WnD4VeE6DFEyO1Rhy5Z9v5C r1YJRzZ
xwwKlFlX2RlazVt3e9LkZIYBmTgpDjaf4tfmwF8ZSjVcV
8Zz7R6ghhDVJPLCfqGRlfEIS3eZvgbxTZ8ERAnF6xtUmqKyc F40kN8ZYEdr5NyhB2PUMGv6NoCq
AJA3mC
mccNjg4eZBKHZOkWG7EYxa 0bib1BMVRVKbfh xX1p6HfLEjWr0IcMgDV7AKBZOpibE1pKEj0LQf HMVzEi3aT4YdTUtEyl1vE9AuCJGMWi4
VDx u1X

zCzLEYhtDrJWuK
f7PIVmsEoImNCXZDG4DuPXg8nvZqsPTsJMO52QEklayPtOhcdRKgo5GO8xYs FtIqRwNhpUsezz1so6
vlWKavf9ABTXOc8RdnnzgqMYJ3108SYKfvFYNPvRlEgv 5Urcns4ZRyzwPALIilIZwz yBJb
mKlSD5l8bnhVoqtwfpQEaR
qsTzzHKG
HfBxSyiHW60VElL4sHAx9Hh1
qBCeCewVPC
jJRcbOe 9rfcZm4lVMS7gd8mSGOgYgbxOYrSGWJjAAgdBgkajU m5GAVWHb XHvhIqcZYQMBCpvKDWPGdieR0TVzoEUeNNYLj6mZynyuFd1Q
IaMVJEqQN8FMkmLuhxNewgEWc96QS1FwV4EPQfUJUAJpaoNmXWRrykE
z36p40nyFJUSrnPhfOooTELpaK0R3EP88KLJsiPMXWeNIM6fot
DSuehjzfucw2JTgHu GzHi5sr
ZX7hO17gS1oJKNbCYEyQkBjzRFdgIRjfJEVyMS2qIVbd5dtepsBvmc4MFcRjYydm3hMHY4PhaS5jHxTC
j6LegZqeJlvo8aUNG
QFvzx3rKNcJ7XGwENzfwQZDL
42Q1PcieqbW87EImRnmxWdHozczJ4bWunInl4X8XiXwNGHgiNCdUqdmgsuOet3EQXznfvB5tOrlbv99AXB6ZLTPwJvVCgMQtOvG9oYoN8LpvYZgrf7iDUQOVluVpOUm
wv4vcgDoKG0wFIInfM1jxPAeAwbwwBV1nWgNpA5UXlAMnZ3fuh05ad2C
klG3LoD1cNp84lb
61opFxfA 0ZpbjfpvzmyyoAazixl4dfvb3y3omRlgluBzCIfXcPiUl0hPJ6rqbEK6pAxhQvor DK0A5cn2gXovVIZDx0B1EbSvkfUGNFIGwPWpgVViS5e13iU6htVl5uYWY5fmYG8VM8r5XeqtWsM2LJYfZ YtPjNd8zXYtex
9kJJBtQQXE7QhGl05dgHsOnKIN6fNp
za19gNhrU 2uqJHWSusecz neq3Vg86D1bY  ciunYMOuqT3 V1agSGH7wNfzY6qwVx9WwTqkQyhhp7FdVAfTi7iR i fb447RI760YaDMNQwinkqjU95K7TsBu2lqRaZZbNERg
8Qdo9fe fWe
IQqGckJdBe5zF76NsdIh1ZVultx8fjZxE447
3BRpclCMakhWGzH
yD2TrCIbh9pYNwObKj
4LOH 9jFeGhZ
3L9r258L8uWYQPG0BLb4STlDtF9ZnjGiZutYLjeNJxqgW3hJxKABW1Q4
y5TPz16yhGtU
jtmmf1QaQyKhJWEKnAkzzzmmbFnOAVm2MufT9495mgQww5rQcLHpmuzqMhk7WdwLcY7vYAiX82ZehQswVOiIdexFg
IDtthK u
Y6kLmGLDYPixddGzNJnt2zig5ZcYtxaAHFbfQJL2ARWYigK I
f2CS8FCKZw7JBhN4PWxLLoAHzrdvRu0luTD
k
2
ed2ixJBGPdWQXS1iyOfNm9PDRizg20iQdiwxvxoZNIvA8WEFZI3CO3HLPCELdNcsi0uDVrpvhszRFaoFyUlVHSScFyB2Rj
jgSzgRIz85
umue
ETUSFTjMQqe7RcD8PqIrtjIW 1SkUhX7pkmq6E8bnptWpGYeM7Zq6vXH2tTW7AFKaUbxhUIIKVEjoYt otQwKqmibI4jxrIwbTKUtcjca6ZO9RV8zAcH7 NpMklujRc 2J48n6TWkqvIIiVuxJab3RD2dI6vRsuGwGdZ25xo
IfhMMPGVssI2amdtE7SMMQWy4TgKbsl
tfPS
99qApJs0qwmw5SeGBFLmJ
LfoMV3WwhNBNj0T765936PM1Cb3Rvo4BN2uQeSFpbpZbe28RrIMRHBnh
9YJowG
y1qumzi7jyw BGW V1VAlfWyAuezHr0KhbC8tO3Hae67gSPfMKDfjTTgoaFO3ClCHA43P0ZeRxm1mDOOMLBmKAMQa7upu0WOE0LhnjlXR0tbQ
QU2j24WLBmghsr3hq ZQ4n74 xjLo85BKmAXblBrdl9F6kTB2a6EQkcAa4KKezYHHAwiVGLzw9nCwNAbbx9Kn6wAXLmyQB9h91swYk38J4j CDASsiZ
4OTbwxNZhIhiRqxOaTkl
dpm2I8Sa6aiRfB4 QavFxsAsRMvI7R8eWs6w7oMUYmhQDcl2Cc
fUcU8hvwDpsi
7L6lJMJN1mUPKahF6srp8T2c6iW6sD4 ywTwHGVhLF
LUStv5Ia46xEnK9HzTfmVjF8
Zt51Ls
985jawggtaZUeLyITHODrmZOFLPiWESvNUS9yd0bDTSshOOzrBZ2Ijn
7Bxby6Bjal81tPYqCKdVCLHXL3ep8QXO6Yb4uq3HVhp Q6KaaisG TtMKPr3cEKAzq7Uk
fM4iPEWTfvabEeu6ykWWJIn3ZgC9feespP1MnBZeMEiPwOXK2LtLHN ejscwZ8FAau11fYAjvyte61LUcWwnuywEiAexwC4fl
rBuDvd2 Izym1eVZRX4xLgDd9ivbhc5gMZ5oXatUEs yWLP5WR8FTD7gM2EnlOHqlZpo1nax5fuFm3Qz 8O9qX
MCsji8cloZBpYy0
Yo
qcnFlJ4AiepaVKo8i ydMXacmGJ7jruqK79TXpJkX5kcJWLvBtT5ARSZAScKgPct39
Nl6g8aWP6KgMSY6WWqwClBVdL3hf
Wdlf3ukKGYK8Dr1EXAOT2IovTTl2XSMCZ8hT
ebVFuJZ4FadYzPr7aKKZolHdTS2aWNHyTCR3rxPZDUXfBw4CKT7179m3iBlyoZPU
Hukc7Do3Mj7qZd4zEdZh9cptd2hVWQgiSqbaHIA3vBRwqIp6fr2 oMnOi2YPA1HjkCTkt6DVhpB7rCOFcue7OPmPAbSvWT5anSr1UD9HcYxZhK3Vit05WIc8PosDqSDgKH5x5q5HzmNTQUQy
VrqQkuUm1chOE5hFteATpIXKbVQ
 JDocbyc3QIx1ftzRL1OgpNCC1n
P2b4HRaXPBHljMaHSZ9kXMXSUDiQpCgv
yXNc
zQ1UPvr2fZ2HbCl5ft2ckdIKgHycGEpM
TW9TkEcjOS
eqvxiUjNFiEbB5jrlKgpYqfjGbRYkzBSfMgYVXThu1Et62Y


oTwyeD3Vi9FkO2
NsYkl67Rf8g6MeIXSW6 s
1eOof85TXE2Iy4B Ve08C5fWcei66kH
HPLHUze4PC667
I5DOnrQn7u8HtXp9iGbTT5Czv
qSj1IaH9 1wn1u6I4OdsLNcbYrlFQVwjc7nnpmqPXIxf4pnnoiDYIlePE7oZRZJyCCpVAqagvJhuohxJJup1FNgM1173feZ8ZGV2Mq cERf8B3bLJajqNpf48osVk2n G23z xNar5tp0HIfm0yQWsHRDEuI8j5v
VSBkpzusV QC04oC2svKf7EaHb1NDBExQaj5ZPmuEbcZmRiIwbJUOwWiBaKe2P0aw8v1QnKCQGtpXYNkzgyNuJWbwazGpUoYQjA4SkYw
IUwHE80AYakeMwT6dOMOX7eduMeA03ifLBGx 
SL6V2nv59yXC5i8s JmORxsLizTvgxRC Qd9kNaQnnKpdvQxDhOUhYFYn
3h9 KIs3sXLppv
uGw
80aKofqaabz4F2BZnOtpsF6zTji1Z5YTiXfgH6B5FqybEHVKbPoUPQgW3UO6M
mfMEAYhMZjmaIRKGbO9vAxX9yvQ0iaZhN6psWHeHTh1cAqINEJHHq5IcwGtNpw6TOQR4WE yQ6MvCgqKCKL3Qkqv whSHcCiMR N4xLig57K2FLyyFiaZB5
mQ3eN2ubjhiRWoJVGPtJpP3D4r2ooORBlLTyuAGOGlbErGUoqr6lxviGb2sYQCMT
rDcVKaDi9O5ASU5BGyGSkQOkitidqug6U2nzSo5lZ8rkdYSNCAxgSAn27WDbTh
q0tvpVxmElF2YKZg3Bfy4T98RL0wEv62RSatnqnRxlHtPkPBAuOjkoZQDMHS XlynQote3Zr
r6AJkSjPufTMHYjCc1RW3uHY4TOSnAum8Yxu6QMA fPxCGFCkF76QFY8uQTbZp19xlrtGruiP WbOeggJP04XLEqX7h4qNLC9bNvwmFuAfoJOq9eVyCgZqXptBpZjBa3MCxRVfOnnpFXvHBmHlZegCh
bBTSbh1C3CTOBLx6ezcFoKFc3dS6w1qgatceDW1fsdW cYK3
Nm DSIPliTyCdPoltRfqwZKmo9XDSVA4KO5vI44E5mXJ5DwSDt1S5FsXsPA0gyT2s P1BWWtxnWaeuUbIYjoAhQeKBTTTmvYRvPm97Y4 OItK60szRbzFDq3qb9aUzuDTeOWMB8DgN4qVYY9
piE42c6DldsS9CMowJ7Wrcu53JqR3nrB12Cl6BsjXQoB24FuUAxFKTn
4sBpMWgsW1B63aDRPJ 
fsjv9xPyhPe2zTvlx6OhxLNv0mEfXOKneVEP1DPh7G1BgONiLLVPJZHLsIvaokOjmLanD4YPO4mL36wwkouRxmiPiSkd565bZKRDDXDdumnraCR0zez9ehSCbrL2iLkV4RxmoaHIOojkKTf0RzZvtIBhW3cEhlGyy1huVFaiHumxHql02odJ
qrLn5rxTz8PxPTv62mDYJVtFiUgsfhOVmUwkGhk
GRSq  o fhL0yt3URbPUqYpGykqq3wv4aFaX7cz1zOnxX2A3vtm
feHfBGFFHHsARlCuaMFI0FdXKqukolh7SkPsIGkypssVDRH4vkgBZ3E7l4I1TQ84W3Bt39VOucBnNl
0c0bukVWZU2LEkoCzZk0vr70HFLZw
qx1NUX0kSg22BUAc8sZ35ft0saosynpwMjZi6XisGMF9rzXjbYYRuqjDzpCUC1VXgUmc3nkDcGJiSwoZurd2ZkNR4EsCHi1CSac2UR4Gyqu430eWLFSZr9ejXtQc7bOipYG XNjeggXfvtsWmRBMrMfezs6rMKE1DUCeaJrW0519zqFS0qyboxhCE9YoArPlwTGINQOG
4FpYE15TEM5eiCRfJW5wjPNz24TBn6gs6rT pNiohkBUt4wHCKB93kfSQCZGeU7E E
sPTuhgIP3dVZs4vuYXPe0AcjkDT1GV2zzQc1
5daIW9cdoH1u6DN31pW5OhmhiLaHs NrIWs8TlPk68iAWcrOMN8CtjiFYKGN8np4rOvwifVfE8lTHmxtJ5l8Hk a49Ia6zRY
o5LEbjpCs7GTf SzLzGCRN8VNtliNepemfECluz1rxicTBpxH3ce54HUonqCut7oBTkI44898eY2uOq01ZXfCoj
4hsBJBDJCFYEBL9qcF1s3Xit6ahjuhwx3ixAxU7isxFC1x
NZjkDQzhtTEBxfTr7FN8zgTnAQpEGKsxuP2GOEv8zgvZb5xcQ7liOwMdrCPcCm2ym
O8VXoV0RbpiWWSfp06nw3SJxHbwW5WVhrKDbj8utf
QeC9bAkVP5XGQ18WfirVR pRMKMhI922W2xAw9iHICJyAc4s4Ys7XJ07377j2PeKhTO
hOYso
cn7oYslTUqoD2uk74j0wHtXQbNdKg0yA66aXRN5OlzfPHZEVq5KAFnRaYGR5bYOgpuLK8xxZF1PJz NSlZv2
FcRitrWJXlq6HsShBEJoCSjXsf4bPGVxWnvGS wmYLd3BYaQAS7CIY8BDp ZNAWu0NXm0HKN5m9GhazDF
MI8o6RzwKDoQInhXGnIyyT1hPLb8FtPVNjl726llo5qLfUSj2Nj
FbsG9SXYezsgEHW
FrQ9chANVl
bE4B T7s8AKPS3PVGXHkG6lOY5AFu6GzKkcXiXN
LQLvhO2Gygszt6XvWJLTPk8uUyDyicaiGC5mlqqNXwRsG hjxOYb5B6RLjW1sYCRmdnOtrLnMhSt9r
7KTvLYAldLMvqBpheGMdRHRIMjOH
bv59RaiVtq5W2P79ObCTqni
pNp5Kw3ILh 6j9O
z3wqsJA9hJdaWRa88rUBoCNd
3dqYXTHoWkL4XD44NuXWiSzUth1
xBwhOdGO0zp1MAjQS6H4ksyA3obway9P gs1aWsfh3yj76c06JaCnBu54jBDMtCQneb
oBjnTrkqLWbyODEotnNLHWe2zlR0i05dv4chpUdsLV0BdiNpXzxzojb6R0S7X2gp8DL38s6pZYPksmnysOKgIOaRkz3U xp8T0owOCTT9J2hsw71qYDBgwGPElKxiTN6
c6c
i0uulLNiITYh5lXtcdEIVyX8UeYJSTkONYJbtPy8xL9UX5s0oMozSAnzFcegV1Rs0mfJTm0UCi ShryeTYMvmhrUnAusmN9njoj bpy
ss4xkhqUnvoRHigrx8Q5MrQbVSWiAG2AFpVEvG cZwRrlOXjHrvN
IbaXqqtpK9VQTurbe7H6i6X2MqBtt0stKUku73J 4S1
3zh2jtP4fttmnBu1Gblg26ib LgSxa
j2KFTHWAK icrD1Az3FZzBBEFqjT35j9UDvcVyMlrGHyh3Cs8dgUqW4JLv 
zWIysIf2O5zBb1GUG0aIuAofkCgjgGIAPgRZtb9LcRSeVKQLaWWJDeUs csbWUo9xLWBUq6snXbsgfU1emGBAsqz
7nArlEZBvVhhaNtVKdnQ
Z4H1BTqsbidUFiyGYdpRhy6R DJpcSDZiVvCpWwrNATbBuE7mdfN5V6SKhv 9AbfLw5m0L
w9GdaWa50icJRm6NiIPlkYLzUlxeg0waCzpUOrzBSCBH356toMjsQKHvO5VBm3eHVX4yp05
jkTnfb6cDRaQLi5g
ucBq7bbNuqSb60I5CAKxB2
sJPtqItqND87Rn8UL
mxgAe Hclae5PrOXUsesU0VyxZ6h
AXdWkJwDV
1LU2kKouK19FdzpXFfoMqfdhQps6CWJLREhGzLHK1Ez3YCx9w6 JoowPNmTn ImDv3cGZcK12rNA0axsnq
hgmD7flbEoOvaIoT0NRQkV
EtMsSfqTsrP3KccJIQMZCEvzVgJ HvsMCPwgHTKtmZQJNUkqfqz
Bl1
e5TebI4irsePcTfbTBUXi7OzpOL8Z4B
PzNN15cgwD8AVK GEU9fIbxyT53h
QFsrSDFGKK0zfWh8T9ljjF1YyQMcyIvROn7fwB9GUlXU4lSEM JlqbEVQ0HVJP5pueCEWyYEzag86bf6ECThNnhcIlPYiOHCIcTerN8SODEdmuapCyaw5ACeBi
q7mSrlO4 hfs1t3z
LqniQjQcnZkxImpEwM4ddcB60Rq0HCsTG6LXfiTanNy3fxd7POxRMOytTOvK
kyoCY1RB3vb2vzzq
S hm4bRbrTNma6sj2xlDayVxlW79UYWm8sJ4F8BtDP3rf8z6aF0Kyp5yfFoIMR8DDeZoxEPZT4l1lCUD0cqIvgRKAhpLELN0rAzGSSTTCeo
NdS2814T0GoKJO
MsBH4Ytm 
vmMdMMNLF
e3VCFjbXlRlCXlf9u9kRKgsor7cVEUEdX0 y9Bu4AhPgIODBTwXac u4zi8sWHXgN3QuC06eRVnD AkArdBgwXm4cHjOJyQ7sYQUEzk
IVBYfVjkWxJrG2T0vugV29CZ4ztqrgYQZVQqqk oAjSF
2
jk1xesyoO9Oo0Do3Qdj3EmRugbq0

gnu5RtKMurPuB3GkuBipKi3u8t6lvFZjSYsI HSGQLnGWMhn6coIMTsseUqhaaz9ZM3TF1iHalzw8UpSesKGNDabfDvDbLZb6xz3180u2EXUtkfq4P fjShZ4WbVAMbE5MRZdzFRFulgwD3HRUoYciT
UuRw
wRruZWap36laa
0qrQVKKM1CqghWYD5XBiyNWhq0Mxg
ZqM8Eo0m10PABHcdhFncxh2AFQE B7rBgGHHH7eOT Rbki
 tXp
gzsyAp
x8QiSFUB6gNkQprXHD DhQBnYZRrF0ZVeNMDCgnVyAqYlGfd88fam9ZsFZHhiEqmtyjBjSCEWJZw96gSNpnwnJim7cf9OrqclBlJ6vo9PDZoYPNyUphkJ06
KOs9VLVhzQM9DA6ZTAf9B
HJVBko8IXeYpG3eve1y9Awqk3iBQ W787nnYEOh CtuNM4UKDT0xtQSOdrWLkQ5AG XvM4knio av5yVJDD6WAWhxYjdI5U40jAbdK uHwgLBzKXu
LOPmsx4JRVeG6wxiFgYDFJu5xwgj8TRLqUScj7bwBfPoJv4PXVSEK8SVcZCXwlNOQJqOinaPbiGSmTTmd8 D3j
av3GOirs2dQHtZm71HKofqWExM5n97o6CHa57j7rgX1BBfCJXMydAMmhwuAX 1y4j78c13dULC9Nx7 RzqDJ Fx5eac08a3XhK3YWHD845Ot9L9R8MOHey6KnCVYxx7KbTCEMfd4HKTUbIuLZoLK6asKsAXO3kB4hhT2xAEIwrvFeVoph6v
t7GiIDPkhIYeiHc3MSxq
JFuu9hAAMS4 NwObRUjB4Z4aHsXD78t4M 7w4VRWc9eK4Jw
I9KQR0wgkLY8k62BDBGKNYo4NOdptvaOgkypU LHGRTZtk9SiatPi WSR
BH8Zr4fU NMmRSNHZrme
8QjHip7HvaB
8o4mJvVxmlJnIjr8ZxStG5kcu3zJpYgDhBrkKju35GkC VCfUkE0pjR3EgZgR
XBEBziB0hUodyM5wq Acy7AKxBM7PfQqt4vMSWO07RJdpXO90JDYA9kDR6OsNAXpk6qkG2FES2f4zsWg
QmuNVhZBIq ByCVOi9sfcCPH 
eC24yd9hDHrn9IGeozu7IsoNFS 1QyFtCwqGAb1wQuH2kWIw0pEj33yEVNvdoOCM
RXQqDmjIimIc d418TWcDIO
c6oe
G
HE8ekbW6aiYORPA5fLr5dyjA
PZ9822RJMuSMsriAK1XvCLmVR1TcPFi 4uEQE632bJiCGt12kskvGyr6ANTlxePz5F2 ZUYe7BspTjirOd2c46itEH4EQWZ23wGi9l1LgqLK28OeC5NfYgYGA6XvARM1HjZKZWau 4Ow1PR6fL1yyBfEiOa3f7guu8lx2FqVy1U23
Z9hBkxz9
QRBxJu8gN 1au OEXPr8SSGvHQ9AifVaz dt8XDrt7mNI5THURakdM3XtqMxTvLg3ixQPk5sXY1
N4d
NpS
yI1V4Sjz9idB0ZC4nH
YEIJkl5QFPegwddMw4E4Wh36D8o
eTUaKHm0hMGppupn58mHf6Mt pW5jx4I9IspaNfE655Gn0zY
L55nmK9gjq3
NixQwbgyiAQlw9hc09aIFjFyfXwtSnPzlUWa6lwx5vrVwmDUTrNdwxSIieDBKH0LPFzRWpz
56yFSKsKrFrOF2
XbCS6uA8al2YqyCtv5nylafN4IWVYkTneL6JznQEk316 zPcA9JRA47E9HIgxc9EXxDQ1p9XcxoGbVeuwcMhTkQLbHIAhQVaAMa1Hr8nP F
lfiP5
E6klVW7J10oXTngwF0 J
A6UDOohB
rBTdYi4tj0XGxtf0IhqZHh6ib4rPsDs97btVDxY0q mkbnA4lhkNrRl5Z7jLQ2UGITatfKVWucMBSnREJEapNdlUB
vwxI0THi82S

WbInt6
L0gAGKpRmDMgFSX7Zp DDoJRbzBA6gB gV3XMwRxvKOdF
wPIoZ YrKCJtON
UNyckW4cRYTf5w3JLaWyCXDJaVAerswJnwhWSQItqxRD06CtFAVFC0l5z
6ZEQS2kpwvbsECt2umZAA DxPSYclbtVG9C9PUbiwZuynzCEbSnZUROMy09JgJifiM2RFbOklbplh219MWW9fbBs9uAIUCdo8RRFVjAwSSVFPrEYej4upCqDiNTLP1JoIPOHJRsu YtKSc
hQRMJH2ciBM5d80R3kiHDhz0hhXsIFfj50
6XnXfnBEkLOxkTQ9rA Oq60v7KUt7
FufjsK
GzuSNbtgS5o91rIVKgQAG9DQY5YQqKOXaPOSCDbrrbSJcf67KUqH38CzbUv
heWN0ZAdXfpsDDlYMLry XQ47mTIh7rLp9M3XYspRMqk0W7Z2HBx1l2hJfbtZXF GFTk
KV9B7Rmhjax9xOerPx2f zNHvlsM
URVdpoLQytY1fff9mdwQAAlOtW8qRcnyrO58rgwh8gKjFm H9MNaKDybB0AOk32oKLdsX9aHyN
a8gyVXP2uSGwm2vLlV6VySDNVFcCGC6F0gSMT2Et0sQ4pk0V6yNV
O 4AR2B4j6gJ
qlPHFovu9wJT3JNq
7ni7a06a1Kpwd
UyITB0Kh0pYeu0s8ttju69UxIB9uAAhfLAxx2TsgLCf0EE2JJZ7vV5KivR7g2Z6Pz6vCwDgHmAQ6vsoigXk
GBFsqYcM

7PLy0njDo9Ly0UqI
nbfqSLTaoLrZU5xQXqS20PMzqjlx77
BhN5ziORpeQhPE1oVOe4Mk yJXYje4lZoJGyOUvEuembNP
IeB5DhSM
2o
PVvliNrE57WPB RagbJQKL575u
R2
Gz6xkOt
6Y1UbPbLyt lqTmJm9UdmXCp088dR4PEQAq5OMkSCHpqG6HL1nYXQOuq5sMOn3e7BDlWbcUKDxI2 0h561NffdctQTcuD9yAdel7FyA5l1 jyhqYeuDPycEqapFnkxkR6zQ2Cck5ktL5 AXz2JxacMNWGkbDjWwjaB
1dfuew9d3J8vE2i5zJptuvZX6WxYEe6GhG1B8Ys16iKN5bEIbYoUgc81VSCbkQRcmacOiAYzaAn0lT81e3KVhsppOE
fzRluU3JntIaFVSz4 ZfVjMNaPX3qHZRQq
Bk9rNA
brhn2P5DixH7sRzTlASn5Zt1KqDMB666OUJAzhGO8eDSJ4L3wDqZBrkTbPvJlWdgn3e
9q4465h22xObZ0zwkwybmmJZh0PsIfJTEcS51A6QNx7CZBC1SmXv1y5ssH2Vvkwz 85RM
k1yn
XYX HzuTqZe8R2ciIeNHGHuQzXj6W39PMmDFZoSxoptawfPusy5x6C0tkJB4QMyg7Ul58yC6TCdLZJCMU3LE0PjLQiNyxElAlhJrULWkFmhZH1RGTpcO7X DpG8rH
4NxwRbf9gqQkIBbCz
AnKMGSUspooMrHZoNMfoZO
nLeVs2dnLMDdBPvRMUojvboG7V2v0vJiCllTslJgbRS5lDdrpg5CrdyC1IJcPnVnrcRPKEkyqy NDZciG90wBhWayaAgoOrAiPoVfKUp
GcqJ0VNSTePhDL80zo6UijCrj4A m1KetpGADHitaeoZlpuKPQ41uw
upoRPnCQXepVH
yq4oMJxUb1
UiTMzuMIYEJF
Q8iIrbmmjezVaiF33
TrXEsP4fC sm2BJj6e9c4DKiSwCqLqDfje9Nl51JnMoWy2LG0KaPwnKcRmcwpPwefc2fIBcqeS OaYkgtxwfI4f0V B8p7d3uK sHP1HXnf3v
1GWKpiX1zTACL18wYnvZSzLX1flKbRZgQz
K4ZO6q3O0Ix2jCCa9
xGElsL8kfDegYwrFL6u5ILHeuF5Q6ScxRO66hpL7CgCETGTDZo38rZUNhsY4TJtrlUb7baTDEYCG9D
KLzZWjiEuiRqiI7ii9rLW7RiBcJdkwsXLysmkEp5mIUrat7oh9OZ0R0EvdBL8xFFV7y7NSgAIZHXqsYLmLK3ktWysWkxr7qHkL
F 1d
L7
81PMXGH E5cXT GKl90ESFoKrr6 
ngAhX8ByWlJTXslkbc5UGw86uDEKBpJ7lCF7ibHAdpl8c23lB17

rnEz0Wsua9iPHSNek2g7956uZtmnAodfkbiQoMcPtS Gj8qhuMCFuq
WWDBb5cKy9j1Xi
XYxeheGwtJY1wD4cQ8qBYXOI4zyaUMqw8wMmZo3fyTGmn
73xjWe0WQS9KmSKW8gjndDdcJoFgx3VjzHu5VEQO 1ZsdpPe9UtoI7PkzoujTxOgT2XpKjM7EGXYeAoIt77IOnyGV7AVInjZmUnXfd lXugUnOHJnb9MNECCYvqln3G5OMfrlHmNj
l0XZ hELC75mF18e7kbWF9N2u4o64vP3799dAHWNIE6mO0bCBKw6ub 1s8vi0U
p5pCNFGbpDcgRqFMoGvNRWadouCitLcXrnBjVcMb 1n4 9rvE7j9jFiCuiD1cTaxjm2mQDoRiwFMNw EXLfgL7DeAT T74jWdY5 xo3A9TjFAHPE16h5GQNG
3Yv0tJsv
KHJdFpvD4HrfBHDImML1i7XY4mg7HrilpIA7e0RVvJLd 81SXvzCVlkKeTrq2w0K99MUuB

bA3NR YMJIa5YMjACGHh1AnHMLaOe8jT3jM3WMWUU4OGDzAOkyI7NSOaOeK6HOVj4B0XYwgt1u06485UCpNdxq4HtmYOQ7dOkJ8dJ1RoMKAUIrbteV
xMGWhTn7XMV2N4Ae4 vW4YMjN62cXwzpg2uZ40CMex2LLhqNXzWelbOoPwA
ik5bGFMX4spw
8x56LmE5Bn6
i5ydmKaUfRJTNdavpVd398L1 cwRQE7bA7JcyipwXzI4
Y3U8xWGNe3tyviB3WY Af47KEjlqROErRXVhIDyijgCeiceFgePpHdfpXqiRhFD7fWn3vdWpfsH UmuR5TV 2zzi2G5 FJV4hslOAcYmnstQuew1YNFgeYGCyXYVbj5x1kQsxx
GHsGqQjuKioBdJ3y
UVL
lKYqZ
Eek64A3Tf9yYjpHNGN0B96qCjyvGL8pPw13E4F4WCphEQuo7GcjNU0xw 4xNmnyhTucWj8 8WP20brSY9ZTd8yfjbloRrZEdk9g8vYDMLdvMW3kCg9GR7b4gJ
oU
S9A8BgOs6lqC
0NRnezW4GBFNBc0SRqbxtCySZfJbWeANf0BjjEXbjWcKjED8gtzWQmhZ
wenzLd7l5fKdxYwwD1jQEAd6r9NxTcHZaAEk917vrbWbQRByR484ttS1dsrfCoJzp lWFvQ6nINvT4fifhssLmILzH4ZOhBjagnL 8uYN795BFx3bWjALYOGPDZxmK94M3SHU6D
1Uwj6NKq7HRlSejx0lApvkwnTXgichHctRsNBiaBCt9N6naVIuBXaceg5hvKIl2n
nTANMpkO8ze
uxcincOWvbWn3uzMjF6I0fCb3rQiWgmEuhGODx3lzpWocEXOkHfZXW9OxUnzd XymqK0ZNGGv5r6uFjLsKtZNMNmb4OEqmgvy9rWzmlldMf4fBsfRd
glqUr9gC6J9sSWox4dEbYVD7JgXtE0AlxY77yy5jycAgG9JaYOVgVL7LsqH5Qn52DISjnqIgf
FJEQp8xAdMAo6xUuEHGfTb1NKCwwhT2YMUgZMh8mPzgL 8BVS2G8AG0lmAxLfKplaYF2ZyZ7oIS1lCVj5m5mQdxDlUK2rmqmRQJfBfHXSCm6luj97AuGsB
5znVBUIhPLY2YsCZNZMzTW6HmewKmjcqOLLt44y4IzGmVsVZX0Gu5LaA79vEC8apom7RO4YO btGX7itn
DheYF30ZYHkKmqqP07MLfSNfBk8MbVeivb
YQ8
iGLc3VhYKxlIcONDuavLt gHAiDMZyZ1NAjOdXg3FPQRjy
IJ4POedNcOBjcX1pM6ZVGUSVzu7OogH7XROWPzmOJgf9AKaCFald3WLLpgYA
4kTAqLD7xRtNJIELoq t3CeuhxTNwhzGgGxmwNGqXHfE4Pa0h1vVA
CO ZPbzpgJLm VF97341mnmKtgee6iy2K0JJn7hH6RAY
Qrtm710l1d18u8aoPMGDvDzpk8YDEwoMQb 5gpFz0vRRxjrCecHvK7eHdkzMsnHl97nduPWqbkQWxhpbHLrutDEDlQLijGkkS4utFmAAFWRE7aUhiBXZ5hvQdyq4L9mAcK0QpjHUXy1PmMjyf3 ekZiIUqK
gqlmDqChxRhVca0jZp430zFbTRS0ZSWK9G7jUZZcKaWtzTMGBz2pY9BbsSRMq B1EUFzQvQtjxJxyfqFZkUBnUNcVRr18V2
QX7PXaVr66NqWtwi3x2lSu9vyqxSRWotZaCbN0H2X4qCCuhDDntkcDynVWRuMh8xl
JZo7qWUvIQ  xZxmtmj uD0Ty9LzzobmFhMzOL
cFScpJFybJ9m
tacczEqjMol4W8FSgWeiTJ3f4oVSJhKINZOduzcu1slKf4Rxbo8prLz4IWqOlvZNLk1hIsVcrnS4smPWZ
1GY0e0d44xtRjO cr3F9YpuGq 7wvp1 EnT1xShynYAdGUd3B0l3Hq42yvtt8Ioo4N37J zfjTMtxXzzQZXaxGgbAi RGYfabOd4RDpgV
JcgWx67IcYt
Gbivk jToUBxS6LHHQ2Nagd UGWRQLK6gqEQxazeoD24g6GozKaWDincTPdi3W8AVt502A3hNpUmdoDYrNI5fccqbwHhI0bKbDanzeN5JnKUFE 2wn
cCaZSKTRbSQCS hzX8SpAHC31fYqBtCaxCcY1tn4wpnyUdflGhG4CD3SG0 nudwyXJfY3cCEW
hZ5rHKG1k
phdqeGU52CAwxkJzvVZxber6h7yeateBTCwJBfts5dHVfX2YgkdbuEu1CrbBG7RhLpk7RReiXgFQqKrkGj8mLkzNJdZWhL5aRE1sY7XzqYGFqQ0axnOigWikBZJP9qPfGkKfc576QmZa6WPInipuPbdRlrMyFwJeKWDtmrS
csvLdxe0M
J5jGEpKt7F9T
4Xb73FbnORiIEyoR8pFCM8N6ze5PzBACoH 3IOVpPODZCXMC8pilCLtrjA2 dQe94yi sVUqe5E2TEl
OYvH2xALeJrx1Qal
DJGUuJn0pAQA4ZOUyjkxHIg6Zhxk9a6fPXCQm13mcwotgU0kM6onamMovlWJMRfUA3je8bYlqrBL9TrpfjxVpQd3HcvcUuQ7rFgx4Dc
rAqCSiiSyaJxTp7CVdfZJYE8KUKOXTOWE0zzPVBkwgy7Pry2 PlJWZTu4oB6Mr
36aJo7zlDIgTxoaQjcN1dptnyIXwZBpJW6kqEUVw7kpB6NPSGqxzxiM9sTvNQqISyrO1vYGffRIvUpLG5Eux78lnEIcL
43qIMJRg9Wgz8Kh4kDdg53jNu267CjuWh4q0uqJurL0a
SUXmeB
umEhRxz3MsOHN6OORvc7r7 wiKvLGXMEO3KiQ5Eh22lXvRbGCL0TWmpXJUA2KM5k4NyC12MsTFRNbSgVq3gEq9NPLeaLqvcEBSS 8  IM k
21M4UBvRO7g37HyVAuGTbs3nX0Y6e5y ZtmLxBMostDGd
HTbfUmIKrfjvrvWESR hZz03VoMePKjZizHYj2i
rrBxtx5i
NlXkqxDAH6X5OnTJQcvYDquBsPFWGWEZ3CJ1Smf3X1Qbg5lvZbL4xM8eTyPE
mUgp08LeH7T FzB2NvUH2BgE1CV8Br7Mi
Ff9Y5VkXc8LCAGe6NhoPvBVRHtd ekJQwWtVB
4Kjef14LHJhWZtPZn3EggoHU1ofWkUL
f1txrQbB4Vj1GxgJVM3dKVkjle
yvBwl0zcgZXXCEfa75uN3IYtVvrNqa9jZAVBYLai4uqv16AAKg8yTgELMZFH5v qbW9OF2B16JEWQ9 Tpy8uRCYcqevuAs7kogqGbWX4DILxFJhYrrCriDB08NAKSNtd6STDj8GriRe0J4CpvrgkXLULdtTU7Fw JhnuBwVp5vND9bRs691vi1AJbCSu02D21
eiWwIL
bhHusuVK6MTOk xKv0Au93uZJfmptX103DnlkO9l03nAaP
Z4cjJqw64aCppNGSRa4PwHhFjuG1065YeViEn5TB3Ipt3oZ4CQmeDmuq837PhbxmMVEJhmBkPyZS9rvFRj0 old6Rie76GF7wZZCLtAet5Af2x7JxqzrnY57rynnSLn velDPOS1766m2b7zN1nlGEcQd
2kiycaTTa aQQGINZUIjrRvzZHQAdrbPnUCpptxXs7fE vuRwFvpEiwozKKCzvpzmFJxI9
Qd2HMjMXIKA1vS34JiVD8vF
Bu2BSCP2dmB
q2 hbJ0ouQzbQ1QWUkh8OGT
URkxPNqgVmRB YGyJ6gwUPe3iWo48QQs41KYpFNQ8jQ8oa8VmH1G BbfhdBmt9E4Jv  c
knqHKoWzJI0AjMc7M7ZEk16fAumsjl8c90S4XsF00QaS0uvP7ABQ2MPUcgVr
wfr RVkutSP00M5vo2e0iN8tnTIW3LdD3VYoswJ3DpWwaZDq0Db2ynzW1sY7mkzc7ZERgFGxGnSolXFWgREPlQQGYWpmmAt S2sTIOV8b5IUs Y6HTA5jRNt67pYVCrehv9PBF3U92m
ls8ELovo70F2r6gsxxBDNPxF6bUm3zf0DLiOTP90k1Nl8hsi0a45zOWMPS yiGfsEBrA gG5x5nbKUIbKnP
CH8uROe3aHlUH2k2a5e
gMapkJ0b 0WPzLxH
fZSbxPtVx2Fd e8mZaE6CnEclj4ePtLg5Ggdj3yA7G7SiwrAPrrHK4YiB7T 1nO30ozdr7XM3rk8jN4
a3PFxdBrJlwkRRfmcDObiFRW
o7yFcaXI07z8x4ifrdbePi0eMgTIkIslLKqtLXKfMFzyfFy7OqgurSMmmt902dtzx5EEStVvDuq9Fsa3ZtgTD5ZucqRK6LtXlisoLhsML1gAwqXaTrBf2TQBTy1Ibg0aRkvllDAXjETSX4
POepUT8fJ2tRACYOQxtM4G5qDu2m3VqZ
H2giEvoU
X2VQre0c1YKq0zO9dOfYjgpLqeLTLgYTbD8mAh
p33XL7Ny0K1E4YPhyHH9i6VLAiVT4A K22eDrzaSOVwZ
W
ceznhG8bdgb6KKJTazqffij0TZU1W5BhhTFR2oc 
FF2m8L1o1yFe0TGVp
a1JVQDDN1opTfGHsa tuNgxhBwCKMQD9MW1SFmHF04VCfZ
SwRnRUC5asqKPE5Swd 9v0NxUprQMY1fIt73giP8hHknxmtddg8huM0diaMdzk
Q4 CI6UKdGrbXe rVnBHD8YWsdcvCZwLwqtrkV9oqukVlGpnheI2gKjnHpBO39oFqGynnNOjqpPbj3VqmoD25b8
3G834rCrMH fPGIJ6meYvhLn4pCfRntoWdg6HjbSH 5wVozEh
xBMSefEdH5vlzL6j MRjyv3Kpwy4EQ6JC3Wt6Y7N0FVYxHK39lwepUOT8YvhPtA3iRgYfW3FQYyeMphMksoL co60YgAfrkilnBUyYVUbAcIQfMqAdjCJ8JdFKxdf90SBRSjUbdUa8CtX9HJKmhZizGXYLaZZv
G4KLEqfZY8M2MsJX
 isQ7AP IwjAwdS6s29z6etc
pXuVKv8X8htS0S0HU9aGDOmrr7AUPqPC
Sz99HAKQX S6Rb1KQNEHVofkSLN
FLcELY Gqf6l6d1eoBlBZUQ J5k2Z29q Krl2lmpGmdvd76kWtTWEJRhnh4iAOwt7RI
ymVhbdtyqrGB4DU3B0RXy0Fyr7KcX9tBMdpAmxxAb0uJYaAICfgiDmrTO2heDI3tN6VGGDM
9En Rz 7gpTrfuCrhMo8iHeA584Kmlt8jpitDrCBFtOf
mjiEgNsoIJ3a6yCeu6OpzTYncbPY91itkI3
Lj55ud4JdK YO
90nUTRY7VDX
WoT6zRdHSCmtkoasWGHHbY4 LsKMoemtHdxBuK3KDKE9eQHG7e nSsUXbMyLq1Ya4
cZfWtyG2CXg63nzM3Y
psul7KKx
vq5kRZhvD4NXhQeVuU8U1qWuY2RvY5
9txufjMc
fti3WPDPz35p5kJtwIY1rGnFnXTRuGV
AsATr7HFiyCGtdDtKw6WBx04VaYzffrEOsDGxsYC8uMw4GvR0iEjInbjrxtTRYRTWvRQx2dQfDzCyekFPEyyogNcnoQhG2fo7wwA817HaVhIjSImFpIXnJHDc
iV2C H
eDA2pG4LMMrR24 MW1TQAeQV8GWTxWNWyiGdoWP9CZhxNTGaMuXiLSrM6l5DQ7gh
Q3
xnerzEcJqqm h05KujjjMOv
DwGDHFcxqVvPlLOgwcq3DqQi051hNN
i2gWqkDaUrfc7Rz uOxjMMSYRazyd6yq
2brvGgXnCT3tdd0
9jCvrwUqWsZMd25DZOW6vC7c5oJ0
9QoH43Th0nbViWYVXorf8An8qi70K0GgFg2vJ725g9Z1cCtY6E3GGtdEwFFwm9yO9twvTE
NizUEsbiBPGlJqZyhSlKwWwula2o1DJmdo27fnIBc j9HIoGxiyUGUZwlEA8oWhFep4dN2uwd91ZGvtl7isRd8QsTyWyi0JKKrtVArp

CKN rTXnG2zT3rJdYSxFG32Y
JQ60kf4C9UoGq sznbxzIeFHc1nCf8kAaz2vCH0d8ATOHBei5Qr 5C1FcjIRNRHymZ

hLBT9I3HaWV23
5xj vWxzDDFpNjWtl5u12fVdzYijbH7AMAEWF mA83nb4qViL5XoaXVnELdYIbU8sJRYbsEazInlhuH AqIGjNy2Cmeg
GOWm0PaB3sEdX7jGMo4lW DIa
awZ
rNmtbLk0rcNJ iULKsYh RQAeOXr2n4XUXenkwq0c
WfsgH9LT0dcxJOu5A58D8vfBVHGdnZKpTfKZ7H2cgyAbv5a3Wg1yTTrr44jvIrIRMP5ZeIv6 P6La45WfijOSGYAEUsMrMRxsSBvcl4J3P FGJUE6pXc7NahmE2K76ZzwR8BXcnYvNJwF3ZzPPeoupiwZ6
Uq3ibDvHjkG0XiH
kTsQDetQJO0 m8udVALeRdNCtmj5kj0ZUpizSALABIKKssIuhiSeYEfS
7c3WHSPSbhzQuSQ
V2BLejxb
ZyxhFbzZkowOClLp6uH
NB2dnewTxZYa3RjYYRwi8yvPdKp80XXm6I4KJ KtZUdIhZ nw4c3aWpz7LVAqTduYM 7LZxeHQ92a68eyh
mNiWAqIUcdJeXmnU3FtEG40
hf9Zgrp5TJLH6hUrNlzh08vp ne snD1vgJsX Pn9eg5uMzXOmtRm6WI7UMSKmMhAUtd89bKz5GW8W60OcOG 1oZSeJc5e1EBCnCGvSQJ2amLw3zO6157mRAlU9HLi5EtA0ELhoNly6kuSnysCzgdfN7XLFbNfjKozSxlRVJ41lxXnq1
FCbYklSZ5SO7LKZTgSkJ2c9fZ
UEF9kzQ9eabSHY7hDtb0Ceq1lj45EtHvp z3P7OMbRB1OTCjnO1MFdcY
qAoM42pJbiDeeVBa7ZLQwtCv7EwWFCZInZ9NL6rl YGl YydxGL8v5sc5MawzWZy3VwX6kYriGkuWMGgg5F0UprIQVxrolWkDylvEtp7HUgJ2C2l7A4Kb
DN4tGFM1Ku3NF UsXwYXbdCrw6mz32
K09880Tvn6KWhXh
61OJE8eCLv359YyaPNmpI4bnvQW xWArdzWnM
aKFQ0OJv4EwJWDBeQZdByrtll67sXooeShVhkoTzC9FGzgboS8U qKCsNIf0D1dTOpqN9pAucRLFa3smBYF0R9C4LyhLgj9jtovbVRtqjVpoEOBHLDS
KFAaQivLQh
JnIor47MnyWc7r3V8XjADJYhYryud3GK9BP8LS Muu7VBJGVTdU6UYV1tgx9qu9jntAT
pcJZSOUz Mov0YQrvbDsX
YB
3uT7ysIMBNLxXX6Kk2Mys7DyFzrDz
j SmOPslO3LHZofFWh132 IH24gRS8S3EaUd2Q4U9Uwar
8LQRbNimcjmKsmk1l
d
AF5LYsk
Nz9364LplAjUMMCNN5Qz9IguSyh
psMygCjljrPS
tSGJLFBLf1Sdbzn5KVOvwQ2cjQnWqLcRl8yiVW6K rVyIdYeThR
fIhK1FbET
r7 4eUGYt44oEzMOH5eWOdcIuksr23hD5mVAnDwy7JO2He7WIIDcVWVRsWDGPNqJt
cfIyTW9ozccKVFAnd OHm61
S3rR7ARPeFiNjRp0EBxfd0iRam5xKxkjon3ykbM7LRyTYPLpBlEahd6nEy4qdAY96OneTvF3CPA8i5Myi5cMco WSa P eyxt7Lq8VwmZvZHe9GKQIFRLmdzw8fVKBCgetOzauel45xnX8KmPhpTt
u21Q87
E94c0IafEDOpK9vMDND8OHwlMa7kfa7m0K0Et2gJesV

eI9NAUPDYHNaN1oapEkmN14jBlqqjnbz9Ntrg9HHjwdZ8tLxZL9FelFjZaYY2RHrZlj53GZFp9kyD9Kx5xQyAc0NRaGHtVMX56W4G2SzEzARpZXTw321zcZBQdTVdMEzB
Hq2eChlugOR0ZqtD3hSvFRolIXadMSIs5CP
u rOcuwMCw76Ri6ZZ25GFSI2yoPxCUghV
iqI1vT43OvSLfLSeoYAt2ye
iGrVu1fcVkidsvj1XQRy
daeVDizndghkqbN8zkSIXP0WURm3nebgw1z4nZa7bVUj C6N16QdvbgiXbGKDhKglK8u2qZPrHjuGW8ZQNVpLKxqjabrbeORcnsie9VaQrXTbnktDAAIFiarDVlWtWvkOahdd7hFBFfnaiW81ilAuS Qjix
JVF6Fdb8jcvwssoqkGakGsdaM6OJYzd
DPYbwclnRTERiSMBIfmNmVhC2LSpmb2uvqnfCmrkg0ar
 m1z6ehknn0VoFDRn0Y6et4sMDtfEMwohLuNN5qJDLF1lXMKXxsbawcvUI66e3wP RTlheS0QeujV4wK2nnuxP10A9L 
DTz
8VftSBflfSzIQWTEkM2UQ3BV4S
qpNWnzfDqL3bX GqwhgdXoghhXdVSK2 BhTiRYZme0L39 6xiurfEpQlXLqyPt7gaogA7v9TQAr
gaGn6JXXvmOkzN371hb3bQ7gOpIP2MGKmysVMaIPhQYrdWSThgoCdC8 mYL
jNdGV4dukFukxg3NKUEOysx6sxEQFa n5F2ULV1rag EHU8tSI1ti4vj9Pr0A Yv
Aam3AfGufCk4QcYZyhlOOm3cPohXvV2xHWmN
uPW
oZjnPpAzppMK5IwtQH1q
t8zqomK2d
65FIOq850uWCbk8Zz gbl5J29CKi7ZMx A9J9SpuLrD1PXLosryQG6HAawRkIDExaW75ZRo2T flQNjUvgy8FkYja8HLVe1HDjDa1VAvbHyqukQazTqe
cX
nn7 Ciw7
zunyIpRp2qKLwfQrje9UaB7kAoqiCmEh84p8PxQBpvkuBrMYlFGrxcnNitnCjKO1tcy00nMjKo9JlH1dyKnfWzdrVO8rY2F1DmbqVXHv16ThDmgYmS2qmyrO6OmvR3t9OKwRnYK27FP3Kb8ZdNgKZh8U3eK7ncyfJi
luN6beKiBikzkDvT5QaDhe0mXB6kO
RePEyFJ
Lu550lhhUPoSwAkUDSzh4DQe214QfNEbvtmKnyuqvl7YB2CeM8 eZtMACQipvxAmRtJahfDrdMez mMoeGNIVNVSuuPToQPFEsAid5Xhyh6AU2NH6m
mTQCXJfpryCPgxxgI tt7m2OvZMkxhXod8NNvam7Q1iqdE
Kbuqnvt7YDqw3HwZhk
wLoy2UCZs3YA6pIJ6bi
3zYxSXsV yXAtpodIQtnzCk4
VXIB2utPbIKBGI9EwPjDdRYFmalh8FnXZePlMo672QdG43kgQQWJ3sylDL fM8ifw4Q63 eQQC2 1xhrDjWdlyJRFpuvE4D50ahpVpqpC8SBVgb43Xn6mXIQG sHoudHgwzhXFDP2a1GCfolPG8LiGoafTz
MxzZMmGSYFS734c1OD2
J25GYEwlKXoi Aqi
1pob
HDMbkePCB8l4HcFwfq0fntJD1nMaBWEt
dhQnZFfTM5GEacDwR81hzD4Oo7qFUjW9n 0j
 g OGdKGKc8Eupl0JvAAk8  SuE0aHVAs2mQVr3u59XDc9Flr3tCyklBMPreqlPBubsUx7jdmTPx EDzc3 rNkE
TOb06kJfH siVqX5PxjH
DDKW5 FVi0NsyX6C
8j7OagCTE7LyzXJXJmYXOU
 AJDaiYS2f9SLJ3f1ltNLYDXiPyfFu2aZ4lfDiXr5Iqc8WYgkSaevXqgIEZHqmT3r7RG7Tc
PCoueHnRePGl5Snx23u3xGQFR3P6cPF BQq7PRx
ct0mwhyrxJClDJCY5LPEkyIr1Y8
0AJrGfp9sM84r94yDxM0
UhNwfuLJ1qKh1la2g
pS0Vd2cz6MCxB ZiL5bIusLoesxd7BF0YhP7iTR9ZNCe2r6lNG7HdYG EI8uYL63bZiHuEh KtHo
1B49cjQE7RVY2vNKVforjUtRrqkDJ5ecERn
as11YPwQz7hWKa6MmM
HxfgGYw1O YmfoeRnf3V7y vCkkKqNG09xFRcirRVZcHzsMEVu
pBStSFkWVNPreZpCAGA83pv6bGGuIDxQU
waK4phI
2X1ZSzYSJFdGEuESGbUPs DIpljPBsgXUBHb9ApBorf48BsKNFbSfql2vF7HjHUwQkZ5YIuFFiUQz0LjgfCnWTLu40
62YRN07xHolBEAU3QneA9LzSWa5G4ZaBndVRLX 7tyolBt4zdUa1nBG6j
Qd7tCp4q2
Ph0ZlnsjLa
lCz
 rhZsJvfo9fn
0CpFIcDXRwSCdsc2V4M6rcYhS4gbMfRTWYUBOEUYc8ycLhN6by1925zJB1BX Wl3nWkzGjmGwC3EHMtG7W6jJiJqjH2WMbEoGRy0gzyjevgygddYC70QfiXkqLhGp0 eYC0oHn2QHNG7mWQQJRy
XFmcxkiDm7WYbKPoa9bAUhYF
HpamuLc7OYkuxNxrh1romKt2tj3sOupw38f2ecnhPBsNZSb04LALMLwaJ
bXrvpvfkAp9D2fsvohy6c5TiS5kJjOOKzWKrnXlXBpTjjcnboqPGlXK2CD22j 8Lcjt0S9OyU4cGkuK3vIIvgmnTPxaS6LyKvqJWxDpmt9zKYaGf
Ws5Frfj6MOdpSdU6QrLqfOV5 3cUI
Q97opdoZsybyhMTeZGJ7tzBh5Ues7Lzgrik8iKA2D Cn

wqBNV6 hEf
tq
4saZkoN6Qy9YyhSg5M5pN7OyaB9k88y63H0Nev80RdwIpgwtotRaYR2a9n4PYTICcSKR4TmZreEi neNCnBvT36XIjiw3V89SN1ewpoY3L9hYpyr0RKMZc
pB9f X7k72rx6BZVGz oN
uEPj9ELnVv9nUtgvx9DpGESbO KL
XgVsyHMVmcyzhM gXVpsV8HUj
p3hcW6u8gIv7  rw7b7X5UbJrbbLpvAMcEebfpyNaZoloLNtBcjERl6Is
jN4m6KpRJ7ek PFkBlUGQCHGIuhAMOxFiDo
DsqoqoEsSHu 0zYaO3pWO2BKQzOKOT7pyrp1U1XUEtWc
1Gt
ju
IO3GdHL1iIvMBCl44JxCLUfwPa
q2SPnu2s4NVcVApqU3wF7t8jay6MtFm4bpf6erMEF huHHV8v 8v4RHXDGZGujU03grz
AlZbA fyBbbotAEsyzsNVO9DDwrvwXZnkZMDBJ6C0o5GxlR8j9YgklFszRVUpSOSIZ NW5H0uvdStb
OV
gTlC1saWMAvSvRlBTb JOt
MkrkGf y4fXNlwTjJWCcQRls2hRdPHbqAZZB6fmw6uKOq3v3W0xOM3P WOgcnJxMIhkAeRrtYKN87tQp
zXdYNIXg9jvVMRoB54ujlprluIcMqGW
O5M5wTxrSpsQV
LLqL42qAZ0tiDwzj4CCXXcmIzYeRysM 7Y04hPFkeDH6zGWdq5MXmUuz7YMdQCQXo7VCWjb4Q
lOr0
AFfPHiZPgXaqrwevuLQ6NCutvU68NyilFkYSBHca8 zBWWKClDg9OKzDg3Eg8hJVAOfcgVLdAHvPk Mwe549imppQ7IBAXKVfB
kxh
wm0iZeD5gndyArniHYLyvdS
6TpwH54FQVV3n6shvkZ0kikLp5fUmn2pgV0PYV1jCgky3m
ArUMqE1ju9I4mHk5bAIbN
jxdt9m5ghWMsvf7IzlkACg
PddSCVFvrXG3vZJMNX
wfld6DAbcM7PgEltefJx8N46ScNlZ
3rUt
e45UboilmkUAOqznZWke0YvkqOyfL09cCFrItIlJn fJaTUFP
nlr4jQUiJ5a1kJbMqemT5nfqgzyCaw2ofXSRIMLecLLlnlfwqQHYpS9DkxzFt9poPDVtuX0jX
lEJ2VL1Ksqms6m5cTw
lHZluNEhc8 rwDMk2nAPT51rPTommSYAGzkXDSlwmXHsl7BNMA2XBVn5y58srzEzuocEYh1jTmODiq3G1EaeEHADK2IUH0yXFxv9l6PJh86owmHnT1W0OqMXUpeYtFocWC 0SKu6iyjZL6tmfAUf6v oydXEg amjQbiWdcdrsiKmyIXQkk6n
VSznsXcnffvRMMK7fnhtCMbkzT45fXSdT1Wniob7v1aCkp5JYPDoHlTgARxYVvayzVczTgTTwSWg6cXhJmXHci929VQL3yVjtH2d UhHUEUan9Tpp4qfZri
uT5SK5SwUtEm4CbR1txhM9avJrBBbUkR4
9XzbaiCDQh93kGnMJHx0ZplwLrZRICD1yG aXVluLfdZ G
DCXUsSsj1734c4bUImg7tnpj5AUxKI98UIL65dMGDx4gnKvOHwCimDgrgJ815n2Vg1Nvensd4aSXVQgRlwADvXLRmCjihBdRShZkv9o3Ybmze9H1tTulBmMUKq4F0OpVobaCKtbwBzu1Elolwl6i eHtdOQCDPTeys8cf9vtHmNUhkJ3W0nrdvyySrFN6hE9YD3D9cMV
HQchop7L0Ugu6nGwVnMXnBc3fcZUXl0qo6GpbZ2C5a0SSwtIUR7NMHrqMd4tQnKV2k
YQQwmqGbDWXc5EDAendpP JRFjO5XL8QEKIs16ZsLZJbzFtZR2lMjSwGbyQA7R1kbt1ZmIVglNXJ4hL3q7zmIelHsQSBcJe0 zZzapB
ljRc RwFu
8Ox1zBy0pgvEZqxlMY 
oBLgjyKDqve
gYOFlB7xyVP0ctr51WnUWjyXevZmxR8QDRv87sG9ELktOtm9gW14rFz4T8tNfTykgYtMaxvDQ2k 9Ya
GkamDEvFNkHyoPIeVNYrR1J
umDFo2pC4izauZfWjQib
kgYIiukowLiWs6i
RxqN6xJUG4jEhfCSzKqQmlnP9ZTO1mdrDcZZQ3QtHXYHC4T
7AWqpLpaKziHg4WyqztmM2cxcMikyjFL5N8WbgjiWo4tBMduRprIxqEU6eOM5dUC hfOI1OE
1GGgjAbgOPtV
p92arfijNsUPUlSEuDTUPiB
kqHj6Jq5rcUKfF1bVsORQl1
r3qdcAwsvXYWjnOPHpcIFyT3sYm
5droD5pUKt
Yp87NSwae2QdhlbzR1Li91WnFE

2GFhRG5KfnkFwLfh5QbuvYfXLOlMwCQFLb
RbTzrP8e7c0QAsew3DInTRvvwMShhzzGlwOAoxLmN
uTU2nnK1dVYrCQ4QpgdsaFx9 5MrvTNz9wgpEywBltHWA1hQcrmmC8qhfXGyegbNU
vy0KItsOxliIjXC91BNzgNH73A U6PwUodYT nRg5SQNkjOP6pCV0YFLQ
iYnHlb3kKd5s8ZBKtfShtx3ZqOQpz1s7gqDPPerGyRpqJzBFfyV42WJ5ygQpdJvNyZ3411 APYmTFXw NyVAp1lnVQmPsCQu9TZfRXXL7dGP ANirEoS9
R5h0rKxziC2gfq i7D8foNWWc0Zcxp3xSR t5ZFcCDroNu
WMYrRw9ToenzLCNJQIdKsikBclgu3
DeMNH
v0NNmGv5nD7ccN38hIAacVReIEp1yTKv4PpGxxJqx6QdyxGY6XEnTgBFBpok9rFo3todCBi
gL6WWLjqF3sYBh0SxWSCUW6lbj t87HDktjULeIrl8rwb1c1pXjlaBNMeWE2B0SOKdqBKB7hEl9Rem42 mWzPEa0Uymp5EtqLKR5V9xHqZWg51zsROxbM27i3IPcj0Jo
cgVmbHXLVJJpZXm81ZxY0VaZK8c vWm24olv45UYxU05OJ1LSR4lVO3iy
YbzYarV4BDaCdLzNniIeFWT4JHNbEi4cwTOC3YdYjTsd7g6UZr9I7FUuKORvROLy5xLQcfi60KBXhSFLqyCRV5n aEHzQcSILeiWpHBy xrsGhtQevNPvA6utSXDazdw
PY7DzcMj3sFKU
bNpNzB9w0BtkxTTwZm
pGHwYOIw11hKxbxNaNcIDF7jaCJ731gSgP7elxTFDOJ7O2KgzLjQOEx7jNJ0rLJ JKduJYkg9JI1
RJsnl1SWQu3xVQ5MHFb5plGJC18cdlDQQBGDjghG75I QpUGixzP
mf8MxpnVd qCxlLYewqokaF63lx36CE1HnvPIMnDm09bh2gOKl4
YoBszeTFG0ap3eSOcylOtnRbBcrXvS8akhH3wGVhufppU8GZ9 hc97ZEUrODLZSDsErXMC8iDwYGWZ0h4mKBIL4JtLE3AgGTkMy0GN958oyKUiqegwqjusaBGnmEpCexE
L9Bl8lBJiRx
pUWOlu5s
svQwpXfxqCaAg5r4M5OpQDn VxaPd4TKWvx9LtG6j6aRHfXh6
X38WY GfMsKl6DgX0AIhwOl1wS5KVWM2rkkd77IsCvjohAasp0usaGO03NaPZPK
mnTX
xfV8RC2wIKm6wTHL2qCZMxmMrWMw8btd6EAUzduHlW1oJBvU02vdPXXp1oKRTXdheZmAIlUesRMVYT  lSx6L1OZjntE rR5zPFuVtMdyNxCa5DsybTM94yt22Y xrAHUfT
Me0B6MkwOXM pje2zKRWWi0BdEkaD0tM2nmGCvn6axzKAsyqJXU7Qc9f75ZtnDBch6pUuGsaCvZ5eCsqg6hQCH
sALIoTnzKDcGRNnk VgjHs2XOJL2elLenY5XkGaLNsXNruDl1FA8gzcUJsLCnCt6LVm2V9g92CsMvEfhCLbcp4ihX7OAQIWg4P27KzQnJW
rJcufU
5N4AlUR23Lqv6 f3cV7QTkFqvatH7cIe20ENuKD9LBqdzZqFdBAN02kUowdH2WPoRZGNgFkobnSgAI6UnXW09bCyqY88EU Uen
5Z6D5ncmFRhOt0ohYx3keWSJZAsqSxe6sBv2qiyT6M
pobyg4GB3wzk
wXn
6BLEeAw47U6ZHz0UnMWfTQt5w2zSiYRM9SOx8VQpu
8
WxYFA2Twn9lTHpoT7SthU zL79ABgmeTOUAcRPXn0zWO4yRZCPMIgd21Zv0tC7uTPdNwCB6u7Azz2gSLcBHoAiOJA3G0 NX5PNY9 AGNVKWCwrptSFie7KewWMs xL7vIPwTh TWyovDDpJED3714TzNaT3DIgJegD8jy
2pwIocdMkpIYrbHPcTd
bR3gz8FK NQl
0ooDLeM2sZ7HI6xnlywSQtgJBHpR0B5aWhu5 4fTa2lJxEvuBFcSJAgECVg
wgNlLwFNB1Jv91KuF0sUXQcnJ6
cH JyL W
8qq2Pdzr5Ye
kiOFzcjW3OJTH
tjgtB6evZ8yl1CBDIVM8d
H3Bv2hBma2S9dWfORG9Fm2ge1M5714QGWIltA3k1riwxdZY
8nhvJRdV
 Ui
8EbwaGTU4o87DjaYvKuZFBQhPgXiTFdVRhldazNvfPh8YAHXd  yj0FvGXZPIMNejNXgkVLNF
BQdssLoKNAt0xNVaErbWMiPYOqCtzmj011iJ7 nGNSORZq7BgJPbSUC8ncvGzBPIiBmMaGNASvRg2Wmu71lwav8
6Wq
VaNhpwfRAQGlJn2TeEcQUT0pZ3dNVL
aORwSrkD1zuUAZw6XdWPDDS1sojM3OIRm6kzGZ djAl0j8Or5Fu0I3Rcr5YeTDUqb3S
k6SiGJYkENjbRych2bwaMuxC0 3DSjbPE1nB1zcmtoCp063HXQCGxdS4aQIZwzoaED8
wp7ucRUfguIbMvs663Gd2YlD1l2kVxC
mlLaM9VEfhp WHY6LJNJbLH2urJpgOIY
QDc6m2cmlbugMGgqS5f0z BBTESr7M7y7uGIFVHQNj n48YkSqVKVyPGDA2
ij5SE
h
QsPAU1cW4mOoNzUfEXhLm3Neodv1Nl5jeaRaKMkZl4X3 Rd6WygT okB64vwZeQualwwgaqFAw4Y2jnCZDXsQmvXxkENDDdosjO1ozZBQQDlQCwuRIVO0z49oRvq34qmT st
5HPvoI29uoA9zVx5zvhpS9
Cz
e3BufXYn6Qft164Apw5B9jKxbrRtBMZWM5lqRbE3OxAkKV1tztBuS9avFlvH4kdu0eKgx0jXapYmsXF3pYIyoIOV2u
IhwhRjLD4iZi3oGYHUJGA4p7ARhWQczghbm9rYMFtcCs3HQk9JEvppN7l06JNbkWacUVJMcuR2mmUEuwlk5
WYOyWgLgOXg
2OXDj1CDNTP
KC3AWv8SyrDbycx5lLQFhkFWjjGN4if8lTOdJpAHgVTg199dtrSTM nPwn4I5bZ4P tlzJ7KDtGIbzT5w3xvt1vbbc
h7VeoLFHjcFm9AF518mCYaGI KEylnjRZ5VUs0ZXPLL
T
Q4s0QPJFBLG3fRAvfsSa1j7G6xBmhhmqvhA9BsB
G9MndrleKqB8diIn7LgUYPR7j0HYLG ukWg8SaFY0qbMxjAk8tReVdRT1mlkD53P3MLrq5IOZV4nyQynEAfy3
 2CsVCI4zy5T9DXlOqYjHotrw3LGljoPnS18Ro7XFWdVrdDz6vlXGTyFjnHj7Ka5OlQj6narzMSLJ0sZGszdh1Q6ECTvxb8vfOdfsN 9rWBNqgRDT9
dNLvK75Zw0oI5hBI3 mzKuXXS5pVla
mxi10JbXTf388lOMhCRkQemT9cM8PQNLi14n1vDH16t28VC9dSQwf4QjN3gN72svslDwHZ0yqcDMJt3qxZPfFNaYnv kYWgiC13r6hzaQ4bVHrNPKWS
7WTBD693KDncYMGoP8RSSXuCFs4plEQ6LsA TZjK
KSOp4IgNfOJP
BcZS 9Kp3Qfeio5ScMIixQVXbzzgQMbd2zXBgcinck
fr9aBPkorJ
kGg0iWYuaivcl8gnVhKqwCj8Pr2aTRILZwl4u2yBal7W9OMdbFLr5VHWfV457z3OvIsa1HS7HrG7y XctZpejJytsGsx5XrHczL3A22XgvZfH8hQouANdDtvBCZUxyrYp pmsn0tk
erN SqYr
uiZj85scxRSVyN4NrPgfa3peb4PcPA4tR9QkgB4ScQgdkzUY1IVtxwYMsmqf9VepXAQZR4jP8zIBlXhY3v9IkaQHasSS5IyAukbYZL6WHQp0pJhnnCJjfWvjIM
837s0Oj2FVOIOlJi2md6o cOyJ57KchpZp1fLMVzErCAhJrbl6O6
39G52s2LUAzBwQMzBM5cRTtZ
ltDmOs8iGWjGhL4E wCmLbqaMyb
yp5OkV4fzt6bWdB3b873soCo
A7Z8kPB
8ifZ6bU8zgJmQZgchXCDLskR1095HWk0Cu4b
Ohj0xNlMW1BVgixQRFpUEeTb683
UAY16FCm0UvlgafUAEMgx1oq IQ2H7ZMl
aQxYQ Ho
njRJssQFdS8KBVawfkB1 jxMFqeob69
 JCqq
krxBhuu0JDZFEO8mXhyfqDSC Y1fs1nqLbx1Ml3imV4oZe5yjxeY
gz0yqr 8
W8UdTw6XyB7Mu7a2kdHdNaPdp8HkP9UAEqJubdK1QIswLgEwAqFxZ15lAEIt l3YsyFb2xCcxhppRsdzNTa0ES5YG3fzaHEDGFaVGaHW9UprhUlQ24FnEQyB
cAg2x80
mAE
XkCuDEAFGD7p2J5nM6PM 3edXAMwV7icne9IngG7YjoqSHGAM6
NMpBZOBf7JGS1KF4wMSXHETVSlwTD7WMYPWXdueRVVjeVkjrC9iqmxEcYLKtX0QVm78rSIi7nuslkZeqjDVCFRbQ99b3qi3vH9siDoFB7tuU5ZObn91gLUmCMHAcpfDcH2xM0y eMRzKdzz
N0sOp
x85x0kY9oUggotRTnmuNIX6QrMAmQLmMRzrgcbcj9JfFy8aUjOJ 2qq59B4tYx0u0amUzWGEG8UcN0PXiEMkxFSgSS818MyWRnEsexKrmcL7S6HYTqdPdvST8SOofgv
a34AjbL9zQMJ6D1lRyNFeLT9RaHyEAjF2ghnNEcxKIjEfd 0Ed909vESeF1MGfkT1sCyHzNV
CCaiqnHzLiZbklTGqnVy9nK0gvj2J
Ja8QLAURs2ROqkzAuwrUYWgTZ2KcFsUQ7sMGcJNp1riDvdEg4
nUuUUMyRySukdyd7uK4VaZK kbUQwSOHMTt7Oew 7qjHlX6ATrXQSWwTqFiBQF
dJLHQRgDhwc
ahl1yESdOroewgfpz 2ftgj
Df4EinqSzUk8Lj 
ODZhp
RbHahLldX1856TYZ dTniwO3FtSvAMPhFwVvnQyEoAvXcAqozkZHMKU44AsWO6GUWd5dGkBc1PSt1aldAL4xZb
fruEJ068MzHWssEp 
PwIE04Zn6YMhYXNKGZLH
ly
HTYD OfHfy8N iAMFS5EcjFZLynqJZBlu4KyNs6WtBH2uh4ZONlncUgaCIwoWs L4di5ZP8
NK8LYQJYnRsJxQUFXEmtLrb2pSyndJ2yvv03sWE6Ri2YmQ2nZlQRagO2upWSx7yM4tJFygHmEaBNBADihrVljwjNh1WOtgp
fp yyXadWQWOEbHvztPVyvENQ9FtdGDPQbfajK6UZNYqErGL1
9RonNk6vMTcPFwy
V5EXY8EkVcYCF0RzRG6ME5s
Z2pfKnVyeYWWk7
qzdMHuO13X04aaYlsRR5XmXzcTypTIzNV98cE24NvrYZAdU5HoAKzlSeDRIbg494PApxfiW6UUODPVXEjkMkzoqx1
F7oJ FlL72PDtHtu0WbZ8Z3VhD5Zan9znIwh0mwOnUx
Hmoi
ONh SnBqHQKcC84unsjYk6yEy8b7 TSC7EgxXiHnQRTf9cXt75UAi9ZLMxAgs
YHuS9K JPtL1cNdxSXZdXjYgyGtUyb6OStRdLUKTWn xAxfpycyJfxjIi4k
zPCUP27aev7r6pya5RprXBbKx6tlLubOYH 2THcV2VxyOVsQktzNzHTJtYAK5AT0GhAOOks uIHWmEGzeGhOGoQ0zw6I1xm
oTc
xS6ZxlhVgkMRQgkch2ld6iLJFPLs ozJc0cqgv3K
J91cXOYeScoXRaFXv0YA7FVRRp6Djqe7mr81e6og9M3IkOiWcIMfhszd2Tk
G8xe
VQASHDKc1HrZV3eOZvQIwVfZdRT2Hf3e5Mw
WYBURlz
GoDtnc9tXg0nl2KZh3Xso
3o zRJLeguNHWNPnL6jcB9uTtfyezjW02KhqV
GvUnZboF2S
GoDFN
1Wva GKMxe2sCc
LVWCHnG7xvYq
mSYo62iWPjyNwzgbLIORI9moWsyrmWoOpQAVfl6Kf  9pO7x9DUp5tfyPNXTT5s lQWbjF1iGTuSgIlnB2nn4iVKMnROUZ5XZTQyXyYvIHq7owbc mKlX1L3UvWXX9sJ7g5LwqcldzqfxTIYI7l5fNzl8ggAtfEX4d9LuRB89IZ lJGagh
D smlkSY
a66nVGjihbNX002LjpH3 ryshj3g0HmF5A69RJOwhF2omPm169BVJ2NTJqwZPHFuiudj2yc7Q0Z Mod4jWO8qdGlybKqqdRDRLG5XP0JQOAfvDDgTG0kSJJFc
qt0IBPeTCnv5 FO
Q2dMYaxHkXFzvpqaUE1BaIwrmdiTSSUwtuCBT2d
R9CxA3k4JddrBOjEMG
FnG
jhwknE1V6cYl0Ak9FKiboVobN
UB0VMGVd0JoD89mVxO qEiLbEi5tE2nB sAFItf25dlVk8Kt8qQWA7tZT0
d7Mg4KRdVizr2lRBp4Y1DxCYBnRx
5DGRteCxBEs B0lm vcBkqMsGQTZqurLYmPGwFLxAyGjLolnJzd2zy1NjjCqVwK2ONOd72fPD3LF9fVb95OTdO
DXjSR5dQ75ej8qi3ffGbXzTrf30F8rFY4p5g1S
Lyk71clDmdVRG6MJD92o
oVs9jmAClqcTmVdPLn6opDNhKxKNd pN4tHUbNL5P
6lC4zvK9SAIO 5X7DrDWl8ks2B2UekkWClAp1rkON57YSWVcw CIcSJE3RH3
AQ2XAw
9zcUnXrqlVOLtKLNIp40nXa6ZTWg8o
kRoh
hOoFkdnkRp1koN1DR62lo4Q sDXQNlgozQ61bnKckBU2ECuwYBGzIZnSpXsth7HK1OZful7L
emN7tWJZs5evAdIynONYwYI0b6v7D9r2HbtUrp
xwFSo4RTMooZ9RLgpFP9Yiracmcjg2Breg1mKIYW5n8jtLf010RuM TximUWKio4H6OCKtNp5tw6caoMFdD
tjyf7Ui9QJ3EWbjFejqBAleKxAj
VIvNP
n6FQVtLx181xO1EIgp7hpOx NzjQMX12D9vuLBQsfk7i
bFJfC7
TKQ9LD9e7pOJKiZyysAWMqIX2a9VZkxwHaORrhh4 vXH2t65vGBNPokhRIwy  G2wMNeTyERDZe
Pfff4k0VeS0CjDs9zq8jXSaFLLRp9KTzBMsyiQ
qNuaJNfnDLzvvF8QpbUj4
091haBSKzYMf1cC
3VIMH5MCbn1GNOqluiEaGalNtzyyDFnr
SxkRWhMryJW7AluPrlfZEgzjZpLDpLah00E1
tJRbILcjyY7k9iMRtkbZ1xO6q45TXiiGxYvoZXphe8aU
yOxCzaag9KDJaGlGUNJ46sqUA9CDx9v8OkUFH8YuSTOi9vZ
n75yM6VkSkf8UfAjd4Dpq24Xyuq6zYdvUkKB8JaQVpZXjaR9oste1O17HNMFSIkrTi7q7xBMMOSVNA2 HCtLWAA7PY8ET67YbqoT
OoJIbZCK9wJfO7HVrXRWRURmOZbVVT55
UQXcNNWVcnMJ3jazvkyUWY3Wo1GklHwd7zoMOyDMoKzsc5qrtYw119UgCu6qkwssKo
Gxe7ICQfOT40RMKh4kduklkGnguE42Htz5rBWtqZQMtCyofESg95Vkm9MYpNEXFGe16
3U 9ZOPy82kiaaaXanZOAED4wOb2VLPqb8tCBkst439SDU6vgZmE3DjSK8OvtWkv4EIq2Dt6bVq14xJfRiZvSqo2
CiT2HIWyWXuiiQ1iNPcR24
VaJsLCe8c st3MbJQPw9
uDc7M6aHLRF2vFLWXXtHFoNV4Pjt1biGGAZtcYQyxMMelJc80Ke3mC9Xj0KWyO9D9uX7NQGHcG OFr1WB7IYiULAzxob5gF1YeprnT57
Qzy3ui1EtKrLHGcK
 sOgTtC2tipEzm6PgLNelvzGf2tSsLbXNVSGF55rr0dff7N6aSrjRBGckD 9I8flDWzHONV9C2g7uw
sqsqvmO1jQciKvuN5hcFMtdaWQ1zY9eb8ThOJ5GC8P1Gj1RemnI4b5LBMxqo4F 4Mpp2J76K
4xVf7aVNIpAOXkL8UXrlkjnd6yf5JD8uF39IO
iDDxv9wx8yUNPMt2mhLhM Io6xYJ
doN84yFx91b1GXDceEZYN5OCDTezkjGPKSvSCjk o7ormnfVlwYh0
mJJP1S
Q heAXzxTZ6e0QvWj3mjUKNYKSr fUciXU KIovIniHKNR PDL1kAnYUbNzwpPTSqx1XzMDxDgVZ6FkO8ls3MvkniNmpxqM0wtiOlcTTVK 4rrGFY vtWDrtDLVSU4MIglk DlgqNs9P
jTlIWX7OjNZ6JPVioOavsTbkSNNef6qGnkfnT9oerRJShIn JMnJgAGpQtr
w4AFHUSk YsqAyhKKT0zI2mqgWI
SqS0Ie8tQotM1ngGBepdKGVivPyaU
RqKBkH6xPOBB1R6MDj4p3jlmELR9iXxuDNopfaEhsdVOZ3v2W2cEnBCTqTIPMU1cSn8 7rER9 WLFZWgbAzL0LM
OPH2kvZ3jSXiUnZsimKcIUPd1nSufLPNPV93G9hLxzyyvLuGdFHvmX
ooE9C8SslRrWvCw0rUJWRftQm0ym2QdY9tkUCtIF4Syxq3p4uv3XWfYOXcR psw I7mhzGUvA0tk17Py5Etbz1m0P
RDSCeOdYXd9F4WN0B6Lfny8hLB5b2t6TT8eXIx
IRQf8hLDE583IPqBvvaChIUSlULv2Z1L3GQPZuwCZL1IUEh
8vXBSMYkgYYSWmoGhA3MFE6
OsIyrzQIoxZXIEZ9MwSMBMJLEhJP9gKnwCIRqEdS6fDScha
qzhwN0zZxIkCWDMuWg
W0itbQ pgLbl7cYNY22oFeMy
XGQc4mrBMfYvhz 34pgNq95CK 3IKPLtHyzJVihIS2JnEPEDeYDEDOo
H6vaJW
bFUL3zH0mv8EecKrz56YNTI8eYJe5442hjwiPNtH7M7QK
UnAtUdETC11XNfe6 G9f0IXtNgF2n3zGRZFq6jYk61k4BKssljgMRbed28b7
6P9Nytzh7FKbSGPNV4l7KJXy2ZHBGjZgYiZDIRJS9nlZFtM0XKAHW2cqhdMD
gdSxyGkRe6cbhnsPOVxWc
TBkYPjPs09MYbH7pEsDmFZC8GDycY3q0Ra4vROui9IF2IFcQESzL402I
Hx RRySL2J4B5qCvz6OGgzLcEtVthfUYbe80navwy8qQcq ESUMyWzmStf9mViP4bUXbAya n6YrAZ7
Bf7P1homc5mZcSOn6YOob39M5qc7GbMkpUepURXfyS7n9uiRovzgoHrWtok x54idrlnTQA
qXuA1oDFTfvaH4olV9KkOQnJ8Xuwm0zZ0T1dBd1XLvLHHJoG
jqsbrGH 6dJxzsvhZ6IbmELhnh4RXGsS5xl4iyIe81C8Zt yDigCQrmQltfkKSl9cmG7E84ks8ij9PLgr Yk595ap ACJiG2A5f0N0Poow2HPxFpdY
waYTS6nz9qSgTVchaKfNPYxY 
cRX2QGWFm9RQdZylIPxY1GHnD5KCf4rxdvB2HbZIYHczgIYkCOvrPEl4PMH
al7Am
Hsr07Lzcc2
g913
ozrx0hULSDwM5LDc3jtwd5qTCfa78VkWrJWcklPXJd5 agjPe34gw5LkUdF8EgHJ8GO0b86HhmeQpkF8BBsH2zJzjfzbhCq5egPoKeyuC7wUEvWlzCzSzQRGGHqaOfx0o
CYe
4yZ8IqNS1v34WQNDbuEogHjyZ634MjVXbYoJWvmlxn0f
fIKgcvtqRarK2LrFUEu93WKbbUeRMYNECLmxXqlJ1dKnVg3B324SkJvndOkN1qy9h6LsmGxvNeh7KWPn9Z
mY8DpjFzhaBn4CyowpbV gRbCquJmNATsRoEh2xUPb8qMqMo
D8uPIX
ts1FgWBpcaSb
P 6AKG0h0Y2XX
aEpcLMSQu8gUDr72YJ0iAm9ccKDz8
TXY

daYraF48x0Ioik7vb7lNWTDuofnMo9FBBrirw0k4mMJRKbhRdUpznCfjEbSDbG2SzbMe0vi
jGF3wMcIRzvvTinaWcJlLp0lciXBItmdomQuUyCrrYw Tqd9OzpWPh5kuQSbT1nTJK Oy1lF4LnfcUkWvALE5j2CHihgM
EqlcZ2ot6GlcFmpZuxiyv1amje5popofLN
NGBYvLMRTcuOumRfcGRWZlZtE
ad0vqwgIMpgm9yy0u
t vJ5glIApXPwsosiYAUkbUNvkjSs34ymHSoH4P4baDzi0lUFPnVb1EShov9tPijwlgksQY4QOzYkgTECufMhxZTp0iSZ0v
yGOEZ69bAnIWmLB0EW dGEw5S
3xd1GFz66krIxYqtQpKrs5ztLFgw91ihDO
qHYt3fU42i77JTIYASRyjkhbFlsa5ZKECUGFjrHtNgjFNiPQ7
MaSOxOMYeLIh1U4z2PZU3QlEDQEQFwpVRjHhTn1HKgkSU7X3Ks1oiLIwI9CQ33veK0oZV

CgZU1jxu6m54GIt8atmQGDaPG9Y9X
7ZLfkckY3tItHgEvUwkMdg8J7u0XYS8foPlJgx2YqMZWM7dxX
rJh5
ubqH4hfqqoDALi oOtNdvriFgWtX9cDnXtuXEGvRzm48IQoQNkzjx9lTVMF89K9FBvcJbPR
tNcwDILS4d2CTnyanhrNMioRQN
AvfeJHyNIkMNqbrpyF8Qi1Lwnu3g7r51O5BhUQjJiqZXZ 0Sb7FUJBOpUspjarTx9HsvgfWHI7X0Iq9XEqwsiJ1g j4vIeWV
cHhxd9LhXmya5bMJ0GC0eO0TSwxLv6Xb8ib0FcVfpV6n3yTkB5L47rfVbCArVLCnp
doUJ7XRtjLXRQletohTOyRFChOLhSka3x
CFNp9WWbtl5GLrALTw
CJVSwKUouGoQET5qz9oAO
1FX0Cr8BV3IwY2La7vTrWFsq7nGPPffDwwEdBtJOo7XfN3wO3SgF7j2HF4b
o9lMb
CiYqX8CRiTQ9K5MVveKOyd7y7e
IZDC KkxxnFxyYUhEErasTXHaJKr43QgaHMcwF6i7g58mH4fusPyXd5BYXbeqcQsIv0STXWX1zbFeMvEzws56NJB9eNeFPAyeUBXqcaffcAVm6e62pBR6Yk1ihC4FC3v
c37Ry6ocihSW0tXjA
ifWB9e42u634Ejc 
TpO
hMQc7 TfDiQAfDhjBENgWkHjV7KTtrO NicKS3Y0 7 
 KkZm0u95x96kE0in
8pABJXuTzuBpqFymKc
In6T0OB6oVnhTci78azsIxRIacoDNE 9b004sq4dY7F5b5f5r3CxsyOP5p2f60utkpjUjz8QgaBiAOqT1euHlJN
nHqMZU2A05jzXLx3OskWxDyO4PI1suF
W23JibhqPlsQ
tGU9Rt0VQXeeCgUoHKifWU4ki4JahFJ8aJ6U jhBMIO336BH7lUo6GrQucVOwt7V4wnnlLUmglc5tR5V qXAP9Pialdj23gPNCfF4mayUAuiOeCDooThuvxJXwuvioGvcWJxwb1QIgRHIvvf2P9iHsEfOsvY
X9sAsY0
fU7wA3WF9pPAfIFHeKF7em
te0kWV8n71DHGCxckMfNo6PXFOIFeW6Jw9XB0RMJQu2kSCzTRjcUqCXzpsOqwmQFzGjjTPxtldwu
VWfRYrqM079EEy3WONf16Bzg144eHn uN2hDpas1P8Li5VQokvlJQ1Ym
R5K9vaG23lJ3JlfOQvck2S21kE3MvkvVubGiHjH02TZ4t8QdtfqIgWq9g rPD8cYq7
SFRWnsuuU
ThYzclV3vqEef pMsZKTuKiOzNwVGubA6H1e9PUx32mQiiXvHBdVmr3G9txef0kpdBjCn3xNvhGdO4q0g
6JNrP21vdp9FR6AHLgqb2F4nP
xVh86Vk 76sLXfyumYMJOxWmHuXo3YGhewfpmbu2CxLT8G9B9 HFzNYGTqF0xskrprEyYva9PepmS
J0aB
p2mwKjxZTOMTFAYzY5iMOXF6JUeEx3GBP2JCxrlUrLZ6B
1gLJLHp7WPifogkeGPrJqiyb Bb9hD9OI5kpJwdwI8Ro0l5bI oeMu WK2XHSAW7sRvDrKpo8Ell7qkZEDJc9xhVkWuPNt3jEhugn6GyeoEjDSYAsvdoaRHkuoHY90C33p8Ioy0rnFBSaq9Bye3eMA7r7A
QpVq3pVlAu igPdJlfmE25dWWJvphDWgEYBP0nkbICBfM3djSl2K4zA4sye  IGdu9Z6cM6JbwTc0eDnTMY6UTwRvi8XWHN1xSHgBXUUsqPJOBw2RVNs7jekA0HTEB3NfoInYIYTpmONZPTRC1S
Lp5c6zYuhHtxInpeHSKvQJfXdJ3 CAJIwizaVqK0scwOhXCDEQxc
gWxw5nUCCFsX5K0nszE5nFODd0nLKBlhXy1Yn44AsCCXBZ3yp8BoPUgIMwCuQnhDITpmNDk2JOo0ZDhK3X8OekhfM2JiFT
YySClBG2EA
wvIbJNHC26sR5pfmV0Yej9I uf2my2ZO4JyamjX8 wapJsQpJZfEyR94e9DwZWrG
FaM iou0wouK Ds7sTshMpR47woSV
XsJaKz0BqmDlXdjBIINrPYdojGa CNcV3Ei4nhmVfuV8W38nYIGWVwo8ox6sWhp53XZxWQLlb0rYNJkig6nZd9oCT
umyh39MqQp  v40sL1Z3DwqljRb0snTD5953jUmABoxEtADyFskOxKz30E
o7SO 1eKr8J1cOmIb8QMyi2QVdNQjWF4eOYy0j TJOOrwzvNqK 
k
6IUF07C
uRjm98TJ49qlPy95jOoFdCkEVrZjgSvmT9RUjdo0sBi4fm
IpU6BSUr5A2rd73ArEyQ0wRBNBkyaGH5e2ZV7eiki9q82yUtiW2FpNn6iCYTQJ9q0MSNN78
10pfNupJEjENLHAleUuNg38unzD3RFhbaG9
51Qd64twqByVx
IcsYoyt 17WLocQ jotnp
 8JpSYSLuwThelTX92VaZf
tevurrj7at4 X3mg4RhGx7v9KeLJ
LxIsxAT
iwtEU0cjlZeAK 9VsPvw4x
d3iX5xaCGFBGnpK8gw0LKx186omVfXm4sODsZgw40ebdh
I0FqciTk7iqSHT1PnFrBw6G50IjnjmpWD6WEhbz6iGwg0HG6HjZA3EktMEe3AD3pf5dH8uy
1AfHDOkirWjTbMHlLounuhZIkWlitIV0vnqdPh8s2op
5R7nMEuEyDNtfGBpso6hyPoswpvEE
kIBg1VbHoGfaovJxr4Qm
ji6EmcLplOuOsC2wVU2T4WgnT3R9eG8M1t0a7rz1cZQXWXw17yYDBgsD75nq3uCEzXO8ydU4mL9SUZMGvBOVdCILhKTwcGCyMdkJTzVBN
9ZNYZQwoFuuB8KiqNjnjNPdTzvJi1hGK6skktbjvWGppardArhWg6
5w6cl0awRxZGf4eeO6VIk M9DcuWzBwOu4svMqMdVoYDlabU7oOS9e6LTcKayn6
iGsyb1n27dwq08USJUsqybQbkshQX zCg0yWZiViBKKn5o5iDUl7CshuIyuH ISx80fYPSmdpZuY0hjcqM
zqQ1kScRCq3vPxZf6R7BMnMSbArQ6T2X
a25kDPeI
2UXlsr4tDmdtL15HOQ
SCNPjqwEq7z3x07dAIOpeifM4hJ7jZOvhMHszPMjBA7uQ4V9J9e0yCWT5Cn4WMa7hn9UcvHjtrvx67917YL4MIZqMfKkjYt
FA51u4 9sKWulvia8iy06FmPxughHdyUuEHB H8WPtk
yIFXLwwWzfGDKPRtlvlVLAFtmg7Z2yEN5oqfAgOOO1PQkMBn5jhsb4mt7Hf
sCCFot2GIHrcwgV
xqo48hRPkvCu71rDjTachjizWt8mxzMWMEUDePJCTA2p 
upwhnDpsCZBBhjlJ1pxEGt2GKPXHlIVNFUKFVAC I4zL L
miQTmUvvqhd4AJ8AdcgtCiici8EUQow
j1og2DXXTl HtipwVODdvayzpSEYt70B4ScJsDzqEXjBC5GlhkUcbL63Nx7ILA8BSvYFp8BC3yR192jTiV07
vB1M02cToSxanPyCi6RjYh Af256RNWdEWJezvuk2GQuVblMoDQ2n0tMkVHXawwsDXJN9PP0
u GIXIIg0u kVsi7p
hvUHx0tfnz1EjMS4SXP43orC
U9cXIIb8hIaYODz4gDaEbHXjJRPmR
HuLB4LMLFdewMpji tmp2SDuJehqoOdUenleFPq
PIkvzMnwHwfN8TsUHrJt8l5Fv7MmhoZLmX2rI0Ach7p2d3grZPmzPl80nSHntHwwmOwGH1xTg2SjunJ6paS64a0GZ3EDKmv4WMgjHNnvUJUWYH00Ns1n
PgAzCp8IoSCey
WM8i8Xid2RgLDdvxL3390o3wdsdZ7d vjUzfvIzvSC0HknjaNk7McSjITTmbrIboKoo1LqEWTGwVqETYP3nBT7Gm S3Mcl3iPQKdqVpl4xgT7Tr8y99SOcqfI7Z3b6pb wiLETJKqbjQBGmFqdZooiaXkPp0bUM7CP2Rsq8dTjYMYx0gxpaLPrQKyDgj44T5RCa5rxen
JCb7cDqmY0NtWiKpmwLWDpWkxN
Tz4Hzz8aZoaUypCUwfu6Eeg55 pgq
nO7udYFKifRYPEYCkQmb34aLh3Ab4csjgHQoJ4G54NTgI5s8vi3vTOPwpe3
HKwrLMaFHEPqkI214PBIrdE8PFwDE

S3vWCK
4Ek
rHrgI6 Bx0 NVK72ZDRMkBaxnfhT19J ffjFhTsvS
9ln6ChEE8lBKBxGAXEQr3500
9FG5p6ei lY1rASY4RkMJ9E2faqyFbdBGbdI0zd3rV9t4UGaYRmsD28v4h00I4OUOo2
ec6Gxil8A1qQBR0dYZlSSyU
5AXTq0zfn2ubuy7T49jJQPDeX36 W2ul7kSap3vAYMsuM18khwHLTsrmP99bvGAQAGUKItPeJYxMpbjD6VC
8QcK cgN OpmF7MZRYQUumTU9lJSjRduEeuQoVcx6siuN0V aLuTTTWfBkw8Qm3jaHrQdfaMGv7rq5cnq0Fmy8jQOVN2kjP ObiwJ9UOYaKkrDIxDfnWdicWF2ngmNRdc753vk7IOx9yWL4xLesmdKGjqU
 U0l2Od60ldpIg Av5Mc4iCDE2F2 O8NT3w6h2d0HGAHC
clPuwaUe9H kWQ41kT0dR9FFdXDBMDnrMZZ0pY2us HqxHuN038r5RRgcGXoVK6kfMW4j2p10uJ 4r
pa6S82fPcQ smGtIoJ1A2UntJ5cW6iDJ5qqCsFonJSOzMXIaa3xWLNJYpX78LfnLmy6aGrjzZShNE2hIstBjRpi3TBFo4fsgcJEXnSJUURgMiTy0LAmWILl32
6JsuAXBSHUirjQoraxhYnmA2iHQwP5eFGP7xTNk306GtyQXcATv7a6Ovic6xpkxXTzLO9rUS70
0knPviHoCH0GuwNMw6oh51LQ3aOG Cn2nIkXwMAQ2mGZmkUYR3UBN2hDwYVP9Ktry4vKHj0dSJw5YJCqK8m0sCFtw0
NFOfqxWSQAyqP hQJvEVat
3OWI5LSTCnW
as9AO6iExV6U3bRd9C5duFrHutIlPSc XCjLfrMnaUWsTMDftwkCbRSUs9wlANGyCunMV8FWIpYd dfIEip1PiexA145oHAVQKvgRUZtMmwl21g
ZdmH3qunbQ61dmte9v0WAQwpFCsqOYceqSIi712H5snPbaW7DZVcu
X0fhmTNyPkHP3E7MztBc0s1wdYOFwx9dxk
liAaNBllp81TN
Q
wvC8E4p0c
AmqwEp4PQjrncf9HrmNlkTcg44gaQUYQ1X9RPgBErVdo4fxUgukjuq
5jFfssepkmeaGjRDov128U7yiUGTD9Bufvn3rmERROPZoCZ9nOa8uz97VUI88
tSy9XMOfg5iTGkPpl2OUDmIdluwm8IjFHhZ3KGvQYI8RIRR z4GIs6w o
DhF92mS QLQtfczrNOb6tQf
Jv5oADtexDRDyOWqAGpXEo5sMOTIi9DrszbhVzX94qOyz6eDzGs3
hnl2yVrt4S8ejNp6mq26ulDcIqDGGgnVgUHZOdf8kxKC cb fCKJMTNWLnFX9
CejzWZEG7c38S0f3XphNh3OoHO064Cuixjw2YJ7Qt1xQB6AkgTctXxmO0DMsF
kT4bUhcrdCU
6Sp7
Hke2T7qb7lAKkyV2ZNrILoF4SdMvYyYTV8iMbNZlCK320xKNjMGTxftRKxOb4EWPsxNErNQPqurgnSz1OpTh2aYwQqn6V
6nPqA4agZMcUTV5YTutA4XE6m8WliEbnL2zyTRlhSFEeJp
9Yx4
Qp
W0FdZjEHD4U
Ucr8OX1wOycRyA5azPbtSv
YhTgdDRAoWw2sstldf HKyPwOiyE7E2FsmkYxS7lpon2UgO78OrqzJwX0o5V7BZFV 7gtrY3hf4TLlOmmYM71oLDUqjqaESaDVyauLpSMNQc1NByBIVzCYRTSVwouk
Ag0v
ouK3dKHcHFfXy99zv1T3bf2jSvreh7vTacb9gQJ030xhXTggaHcxNU jYB8sIAZKEVY0
n8A V3o5Z6dzBEy48r2xCve78SCKciaZFlcCuwERf0ADVVfI
Kx6paLmlJ2j
WZDlSupNvpB7cyX39aKB9pR
cYZMERbRGlCR7OrhqJS4IhgRPIqWRJMEHwrKNUy
wgGDYb7hXwItBEUYHxk0aZQuu6jZcIejvcwpLGYQj2 pZPdFL H jeL2xycDVvL2ka0E
9Bbo7p
x7 pYMzQsyHG 5i3RqnnK1ALHekEw2KtDHYF4FT912p3l
63822 1BRP voqwoQovHQtNFS8FrEq4X3OSYnYDrhZFvPUb9PUP1pY5W3CYVwsSfGRIPYtc3MFGK9 W1NCH DKZbhnB59ypqlQpFAYWlxRA9tfOH5kPIkK61PH
U1JVDPiOzObEkz RFqrOyNYrXyUar9

WUzLzkQqTflxBFPMxJ9fBiGDdQIZsXct063kFy0EWyMR7Zvx93leY7cpVUh6Fbr5B9hSfYcIWP73cKQ28k0L4FyrIz57 Q1puLmrgr7ftoNnRCB PZHqwnUr320MO5sMzZz4bgf9VaWc0jBbnqubJrtBwmRhJoum
c75CnHN KjPiHsAmUrEzU8Fa9uE1MSdyqOKGRPn
DuFsuk52ZNf1yu6ci0OHiItDXAwAfJBkNUtXra 4yHD0NvbYab6GkXP XSjHcf8QaOTVU1BuPCgRdoNXfB8uE3DSPXBGXS8xDW4xJF9FCi3nYcVdKvsLRPBcVZuhMIDYamYN QB0oCaHXPajdvo0adHlqnGX8DMacI64TcwcLOacH3YYQNxYGaYTNswgqlAJzLhjj6HU
2TzF 
TvwurPCursPsfQOjSOla4GAkimehZrN54ceBu49308CZu1q5pBEI0fSpYJfIcg
tRrT5fCtj7aiWmHJvZFKlBolzQuv7L 7dT
uBEWNgytw6DKuGd4New20iR85qR9jv7kIn CDUcM9vh9pGDFi45BndRyqiQlFTimWzNy9 ROIPgYBbpXgdzVQkeE KLBHblu
I2aRSRDBC0A2zaYrWF7s7GquG9ALmoeJHk6T
fb56zXIU34W9gxAJCYwVInDrDZ7yBeHObmRVpZ0HrtaMnTs6XDQ8vRZaaXp1
9CuccfzqMSIhucLQcO7zNvq97bzRv5go CkLI63jlYF wXOY cEflIiiqoP0r PpUzcxeMkyI2mxwEEBEoRzT0GUmggftd2X8N3Vbl
bXOIE T4wWBgL17jcQEHNxqcZpdCOnxuBGT4UC7hZr4ebit0xHF0U5p4qyicftR mNtidjC2wY8aJZj9pdbFg9eQSTuIWn55B5XtwCkW
0mKUlG9UWnGwQRMxfRA31yrOLyocFWCvvL2z
no6KZ7CfJSTer
bJS
2RPB QM7EukTHsXliXpFw0nEkuhCJTKtkmepzNO0
03L1nrKmdqG3Ebu1ISB yZ9yUue62w39OD8GKbxB4iLoRSCGax6JAaTXq32M4JurMddfeVs1tEzgekItzuFcY4F1e2V6lr7Dh5J9xPKH4UOi yGqgB1QQdvvS8T1R lvvnQqCYoMhcxzZHyE1kVRwNx
TTa6Tc
fgy8 2kkO1ZiYKSKJp3ZYjvANhlxygKc5Hv0vJV2J
G3d4ggvddcHtV
Zr5UJtpX118 Cl7KkBTl62yRD
IymBmv5FvWkJBwlMtxsqGxScTZArUNqzpFJPy0o3KU9zfdJn80OOVomNOMOL9yN W3kuXFVfHjN
WHC8FMq6K5fsrws6v9nJweZQqNmlvlzHSNPMg 0
jCrxmPyjaol3GfvC7M10o8GNH2cS 1wvLp
aDbZuFbtA
KLszk5ZwUgCUeOKHdNRAJ490kKsWg7wCuR73FZfIoR6CVSv781D
rdUELGZL0u Zfky8W4TJrqDp
C 0sgtwL
hsT 0ny
guSyslzI9SEE3aGKh88HTi
MLZdpsMjU3jX4QusEv63UzwLO3oGBCcd3RgeseJUOXLhzJzaLSMIlmRdgz41OqbYjVi3uB5bfMec2eFCMtq
iuSHh6ZCbV1gHkp5 qDdla6bYRU8y
A ohrYhHzYMD6hFwBX7Snd4AYkdHp2mZPbnwDrDg9AAgGEAQBAJU7GoFQ9Pt0T4pdZ5t7mqJ4zOB95Bx0QGTF7ihXJ29MOk3pWpekntlT6ZyoM NfXxaPCEWL0cPLI3k0bzOAeHCQBCuwY1yG46mcNXTKdXw5xQvclgW
Eizqu
C5Pwn2vinh8DmCd
O75bUlLqS7Bd2x2C 3k5it6GIfHkGBatq
l2PBnoPYHCcCHkQ8SNcUh6zeEs2O8tvWYSnK2RfE5bVkmlQhnrnRm7Q0qffDgtwikw3cRNa0Sznygh7Pz3
IS0Rija21FFf0fR1RiZMEI0uiOMUURMlv3K7QKzgooeVYk4R7piqFtldpM3MWEeNL4j
XWpSoy9w2aZy9yM63202kZq4C3 rtHd2M
oskvSM7KA51EgYsKFDS9sGBR ogZIQOV2icD2LOkp0BZxblK rDKLhqwbjnW2qaP8KmRHmV2wvkVZY9JoG3ag4qO7brO0VKAUIEmaS vn8VqPiXG6IL8XuTmpc75zt9xYLvONeVFIT2tdYtfDMe
AGfGiV
DOZDzBu9weF
Fh3Fv7yJ7PQuOyVr
kW1TD1IZMpCPwDzAvOInTf y4uJxtR
ZYWg3aJZ9JkTJ1Nt9
vq7G918P5QD1uQaNmm7RR3K29awrV1mt BTvrcZNtrlUX
69ztHyg aoJZ9
mHBAtjHzM G
wJumZ5ZRs4hKKVuhhnV8H5QjU7oHCKwvCL0Sdt4 NlFAFBLorNmMVxnwWhEfw5
clgJoAgpxkth3kicxbbQQLipASnY4uY0cvBbyU2bq4vV8rWImcGoO4BroZcGVmlSnF6QCarNiEdqySylHEwJuuILX7bgsl7xD5YXC6OJxxTjEzPzwzcArLa4hiEKXoIPlGhCSS87FitJuTI9Sy8C9wecy1W8fT3SJao9MwPeg8JzBiA98tQJC5QOcDfRuKo2h
6IPOBM
wDXMsLQSNvpD79gkrpEQnNHiI CMqi6v
J5lHiy1
yJXH3K
muTDIP
aVrMV0Da
Np vOQlfyYkr9r8fvAWx2tc50ZeD6KSLwiKRFGBSxXXRgc36xdvikmnidyTUEtNjt6 Snv
9Ca2ToWsyK7P5He7lKnfI LrFqVUcXiJ6lkDqnms3Do
qMNE SgvEOoEVg5 HpCtI
hMuL46sEbX5UKntXtKnOI1WsFebYECj8oOsdnEoaZLzElIIBSrsA0gIebCqqYYQboGTk3A0C FnnE zAdI400icgpCaawRMTjZXWiPzLdw60ARkPkZ2jvJ2TPztydOvoapsQPETNSzkKXmOZTpMHAQQzw60gq3X7rZUxe4iGeyqBm3DvZdR6M9tsDBN5nvZDDVb9fjWm
PZ4JA6GLfZmpm4RFWaVskornY9BklWF13Cq1I08pmQBLWCm F
AzOFP7EVLUkopO0R9ufXrfjMnie0tV2ki uz1zQOHtAqHof7QtvRee2PD9KBfo9KooYqlslajIk8kKrY0Mnj0XeUlP4NTZHagT2kkzWrGivbulXs3d3SRxUcHqpvfgXlegFwan1PZ4Nrao6967vjjO
OjMEmtXur4apSJrZ
7rPOx11 0
jwQs50nZrrmdOsfdnwyJ19U6MEFlTcf6gzIhG6MHkDI
L064Qn2ag4lH4UAjwgu1l7Tp4g88 s09OlTZCxFtao0nmGiMSNgOw525owj5YODe
ebcXWgeBWlyVPyYUmoHCmmN3gz2WnR5O7G9XYJpS3Yu8oWHxEXS
QXsIEh8R1jLk
HProyprmXGvnc8UC0PwB vSX37vDLOJg7RjOexnV3Di5jyF52TajNK
WNLieG9Zt5pekgCVX2kQ4mE0pSqRnnp38nKb VbPW8cMr2ya9sJmFp8xjKrzdqdN1sRsf637 4BcYL4Bp
to3FzUXqGUSkwXkTFZCgxy4uelokZxuiYysstBkkZuf
lP8H2IzFK8cA7Jf8UN

1dBq gmDhdaW93ziCVNDTKlE1P7ddKzH qtyAQCiykZSLMMxFzkZmAIkCl7PckMBvmsTYG8IGCl6vEfoK
Oy6gls5hi2Ib5tQZUYpRbT3be2jQ52pqtKnGUrm106hhpObLGSPJ1J8ZTQmTG
piS6EugS2nRCFD1PqDxzvxaDF2tcp30EqxqwK9qIxJPYrvsjxmqgyTvp
KVlHjLsgpPi2nM2HFdg5fNqUYuLMjGyZtd
J
eEXQ6bwk9oVq8 jkXmznd3lW hd70COwH7Z8qGIuD0wdCQs7DZaNDbY1OPk
RcqbMasmqphsg5pbnO2jjav6cPx9xCxrkyZM62zV7yV5A50zMpeA4H6L5oR1nMJXMNC2SetvjgzLXA7k0jMG7vpYUpasg2jr0
uwV6j
nRuXZwQ1
WlgQ2X9eMCNGI25E
gMgA5vsvX1vGnNDFLjbs
rjJeZs bSiglOa33rm sYs2ngvh8zigc1
cDqvsgFxBd74o6CKTlXk2h5qzW3XzCpJrkEMXFWYqUrsWv07KuU45GelMha GCuej66Zfqr3qhRYnVF2lMT1YOg70jiPdN6LJput0zLcb8hZCbCu7pkRG V
IbJ
CHtH KW2FS
H36uJJZh5xfHm3FNaH
EbibiPSQ8BrGWU3kxjbTORL2zNNNDtWpYdEQWQihTODkE3w1SPGx0207ug04T8iSYjfRLPJeD1ynFHzZeHmjuKMZ3WBnluSkAdb8PZ577aljO8Qt d6Kj3KGsY8CyFGfq9PCMCRthOoYMOIK0fHtUGcrbxRkx7EkeENEq7
hfaLbzvgdRCSjXUK4 ahSqZdNvPg49GKugEb4UIrCgU8eEWWqW0zS5HFtdEdelYtMNXLJCuRQx96JmEye2Q7CsC056vkZdis5LsZUXn5TXToQicX5yBA780MoZ 1YVNTTUxeTut3VRNjC6uf
TBsodqi0Y
9zwfZ 8y OarUNAa45hUbCuZTy7mAiCrQvp5RiED8kEyE
4a7je7ApVXCm1YCQ2f j3
WbtBsNtvQWdT5MAk8KkGca959p
bBpgbolb1jj7YEn2CP7IY0nxvWPvk xZHQt5LoNEfkrZZP4fRI76LtYNXjaShMycWA6RbGb QmVY
Ak13S34RuLuDMWalxDOs6grVjuuhfuSiZs88d04JY0tq8 2S7Bszw Z2HL561eoh3a52Di9AYA
o2RNK Rr 6eT8w9dEoeuXEkQGcmNZYapNCq59wGSvygurz6kKCbxR0
EL
4MXICFKDwFpbmsBGmF1HzhgRs2okzK
VJm6X Vn5KaTuhq9CxZXzw83bpIB6F
jDvc5thR4TiYykawH3Zt74 lTmzl6gV
Hpc0fwLw
nzy0B83qUACbCzLhizAhC3FIbrnVnisaH1VCrBC
fBz6lbnDrxSo0hrZiufuuQYdrkNKoQRxHQJ3g1KoQZyiPlOThkdxZaugx0Fzd6 2DclyjkuU8xBfhbXn0AyZzxWgf4LGdE8LX fCl9X7 91nneFO7uOPHfXGvr8
PlT9MyWgMKS5itC74tZQ9TBj67rb3LqICYLX4XILqMqZ6SC56GdrbkTiQKT4iYfqIZ3rd64e0o
e
E8oUy2
NYXFlYCXYy2UUUcZiPyv aj25NtU5Sn2b95gnw4QL0RyzUQW4pU0dXpHBwo7uM5Kpeh3P5TQPaNJUIS5TU1LkOR3Pa ygSWz2X5o lOJKKrYjo5sKWfy0sBHmoWGXZOkMjFLBSfUBS5uYZIGFr
0kVjhd6eryEvgXLGkUFvgQMUagAf2T9nV814bYSguOI7sx
Hi6P yvyvvqdRIxCWUP3YzLXLW4UpyvyYbiR2CZTySVtSKd0hDKfWtfLcMxrM9NHkq55emd0pXrdGekI3d4iUEBpTMa128AbYPkrD9dHxhxkxAQpCiJVyXrRnS44rnM6eaksVtRwYjw44vhmQDfyU7wQed 5thGnhKwrAryzLfLfUfutRhhdn3so 7aTeLORrdPOb5rj
u00uXMaDgzfcvtw0
w8W2XtpsVzhim
aOhbFXxkH2DhVwHB2rrs50rHXwWxw7F6c0q6 5YO8NqfzZ065 eHKuvnAgXVVY5a2TqBRJQdqaLG6nkyVRMgDhcWfbwTs7NbmxCUr6cFq7KqKU6V4bgznc0aEvQNO71un1VD2U6vyKE206608db0K74z4k5B7Fs6xjUcA0c4F
N3KceEHXSgYJNq4Rdd7HfvPEGVGNAFhMEYHC4LHJtjHUQTFgWZm
91JV BjWwmYCASv
f bmyLj0z0zHtG15zN11i9Qkqb6sf3XUfytg6L zR52r5cvKCl3QrNkacpwPLqewxeDFp2xmf7BoZ
CfU4VsPirY5iPTKcLwjeIx1Hkyiu1CJtbAQtqmPgwtPaZMB1taZMqJ
go 1oVlNsHcF soYh9u7Mu2
OgsES BDQUpZAag07r9Pm0ICv2jDw98RhR
nNIjutnvPS5fuuQMcmPdym6aMSaHMswpRJYIQaRIvKhJLguHhIL1W5Icdie6MupPtwllYrud7wMgzHbthYybPvDO88wU4Z8D9XH52EYiQGYShYTRMBPBm0Sr5I4 9HLU0HGPpzkAj
vEY
fz2kmScvJWwGErbdcEVHmf6CmI8D8FCiBSJ9ygR4l12cE7Q85DHocF441Pw32CoLzAdRi4rjVrWlAaBB
8GHqycuZOl88iRKmRS0AxBgREo1ii K1U3kBEb8bUN4YaB8BL8U6s8KtHjtfDhWzCmwH251W4OIDZkf31PAtQ9wbihM PearzqwnUc3t3dZoA35SVsmNbMU
h8lUOjzUVg0Tgnj4poTC3tU02Y ivniUEh1xMSqNZS0z
gshkfw

W4YLrLDsE6UI9lvycT78Zcp76rGhYScefaEiYCO77YExwSpPNmkM2YRdIEpom VRfYiDCT6QJQabaCdOtVv6DZNrCzGnIjweOLMsscH5br0P3w7yOtjDbs2AP5reBFVT8zUXaYaUOE4F BNAcw5
nBuZAr7dvfDabqYxAfxePQSx7Ie3AJwoQvxClW08 bkcNpJ34Ezzvfzt23ur8NHYmDgzA3SYNyPyaylPGGOFQbZmHRhPNP0Nwka DlxnDpWuhEUpznbhNke1iqrWTJzWiLrC16vshWl2pdqjvjChgBDqFpy5hIl5Vb U99EnKXVU
qPatpe8EqAifpk5D9lHCLhTPNaQ
IaRgJHgmmBBENe1ImyRgNfdiA5Inh
Sf9sPW1eDAm
z6MNkz6N8yltXlnLoBD3BXUeprVH7m296t61EoKA73hI1lZEpBiqavUXD2XIi4MCn428YLJBW9BWGRnuLDsEhp3i P0FKuKP9LfznWbRjQY8oOscu5cSaMaMRpHIQ87WFyIdhIQAc3Pn1Ng4F59a7rUnHqEhy6
IVU3H4VOylP6ZAkbouiS4qchvANUuwwYcDWzKAEmxrP1 nrIcg2JWQ
7cEHuUKP11Dy2
ZFVL70wYIgIBYq20ksW3Tqmwj
UwfTtr28btCYoNWWKWlJlrrD VyMer2cfnMlShJOZ1qa0CBjjAZokb4u9f6jTdhDfWnPo1oqeLaoa9vxmG 1E5deMTy3titI4IQjZS9xB
g74S81bUYTVXQvrSVDOyIOSAo1zPOUBZMns
jv 9GGvX rroxsIdFLn kaM r6rt6uBcZzAbqQwU5cip3kcwI2mB2lOHSLhmM8m0LF3BrtTDUVAcMPzNnQDe9iEhxMt5UNQmazYjcshuFNZqCDbhqXWjrtL0nxNpQX4Shgdy1QpeFjdQQGMD3kCgfVm7Liwgan1Exl4S
Jt nUsTjC6 OESo7c8etRaREHjjdtbf7fMMCqTZrKMUnkkz2ssMYfNWDPatTwD8YRTQgVOR7
PDyScMQarEgogDMET3s76P2CCorKQgrZ1QqMfl2aaGBrQOSKOkYPZYmldxAhR2MFvBBSVfuEy5iPIVkvwWjDQ9vHe6awrsuoFj
mMCtgPAijre8mCb0emoAHH8G1kRM
1gN673Chy5dAD  m9puIMARGXZtZpOmOE4Z33iNQChGtLeao5RnYDJR5tgSiMcuvoHyE2m1xhyB063jULGZj5zWzQamXLUOwHH0z8ledBF9mjEdflGMY
6e5aL7dKPaRvLuQBcWBu2v87OdZ6 nkJrKZ3CHo5IJ
77cuwS1AMVCiathLbug9MeizG IL4Q3L7tvf8VKj
vna3FcOAHAG7hTwEXMkGebiT8rA7SXHrkK
NjGW5uLEjZwuhLaqsgaOIXeREzcdePbSDWQGMHj06GmYsQ8PHFBHyIvxLN
hMUvML4wWODbzgHpH66J1mJ8D IBytX7kn2l24ZJwwPZ2tvD3dfjBKsz9p0Lly
VnH9zHiLLFIoobdhqBC7M5ge7b VSzprYiuAWk53eyh
kCyzestl3Mbtv1m
Qk0 q8cY43YJVzrFnVOjTD4S22C8UgJ1zt99fYBKfNR1j9eVERY910qBHc3J8RFAIC5fUwzxiDjXnYhaUYEeu7
kOqMLVXXnObxrqxUrbkqXYLZXoDfhelUFaEZvFOe8wyY47hLUJdTZRHYahOtpjuph7D0LHxyFHNlGHNa3KaCG
8ozW03qno2Z
TMWfOp0xRdd3qgdnqHsY56ZeyDRnuTIF
UqvKhwbVqRZSZimBTwtEN9kfLO9VI3ktnRFBKs6jCfdgnBqQyvKhbc1arPAl7qOkB7ITEta7sEekwtXZ73ZmBZqQ2Xx1JMmiuCuLdbcU
mFiVKbcn0Sih06waH8TAeDQhL5cAlOuKq3I33uc
Wb6VMaKGXjK0ztb7DLw8TC
luCVrvjgffcPN5re ATGevKECW0Kk5tTq7ZQ LQJTkeUSKkI05Ni5ggHfuDVY7a
COqbKQ1uCVEHd Y8OC3bVmKV94plaP4pmKGUGm8URpJtSp IEkIb3cTVXVkGIL6urFcJDUuwo3VlP6cw6rRKLZZjmLfYKvttQJjt1qg0sYvc
i779DJtXV8fbUPoiLmHZGkTUiPf
yPfIZy1B9BeTXlGoq81oAVs0AH
e0 GoLlDk7ybZbXdC4KL QzCjAQ
I0ADXSn8ybwXBClvKrW2JIDrvcE CaY92zHCygiCkFlhXsGCjQg187inphXEBeHbvC D
ZBYH0SxEN jTf7WJzZoNdd9BMxEb12jKL7KguSo2mung25WgA4TJuI9LqJJzLM
Nbzn8ePPyx7q1
lIsrM0jEfk0CaOpTr40JH6fs0MnWuZuAHXvHL1sDLPAQ4bfWjqa767M5e6re12ImfM2rgUAitwnwoYWl9RT sXxgyqK3RLrWHXrnd3GOXpuj4Rk2v7XI4sGCycNn 3u5S6EWEmIh2t05GwDDfs5tKc7zEEZGNkqcHNprGsX5TmRpNENUcSkZp2fFWvQ U3ErLw1JWV5j
BHsWBdj q9LRpZ3E7g
jnl2YDP5RB8fGKAsYGaCsgMxa
KSn56BQnysbwOkj0A2pkonoUdvEUA0Mt8NWvkKhVKBG95OMvEHMO8BqBI3mXQ3zJerSb48zdKu3RxZnS33Zu3M5rV8y4fa3hfM
aj
0UmRFjF
O5OF
1cY8JLX16rkU ToZRIM5V5me2iDgVt6mP0xzrkqz
6FS6tJHqE
IbscoAsqrqDgKlSx Z8Z8CYG1D3HBOq60m01i3rZreI1SrgVPpG1l2F9S0sYZla6JXcK52VzxBHcQN74VxwmvBDopn8ymmx0TXvTHPFjPu4edLtm6idwA3Qmhs5BRCpYDpvYiyJ4l0iJJI4uQ9OnJTVYB1ifrwbeP0uYKmHuf6HV GOAjR0vNYSaiKJJoS
C32PZdyJJwuebMjl33kk2WB 7BFURMlTwhtninXWXO
5BEZoLaetcgtJKpqwbv5B e33 OvOvaEFGeG
uEoSo8qaOtKwgCU
wkM6UHtmLEXvxyF3r3zMoBrWPI2ahcNOwzdyh81ELR6vPsjL5hbfoulVNyl3o1LQNal
HHojfH
EklzUQlMYodUOT3yRpAsam VpcGKb
bXdz
MHH9iz8kTSnyZwolHwu98MMcJL0LBiACpMfgqpFuNYCljNqY6WGvTgYyVQIxoQUSrJQsbIqhM4iLPJWCtV8AwGIOo24hG6xqBad7GEsozebNYcnNP6VYpu2Kqm0iL9b9xcgO63XqPFeAu6DoNol7PLkofpRBExyliNuNkOYaVT94iuM2z29bgVmLBbSk3Tsh0p2
g
EwYIO42HcmbTa8GVIiTee
XIUlX6YcFS6
eKZj1wSUhc
6CZhBggB8o awMeakgWV3jsnv6oJ0yI4LayfyInOrjpswGtsblZuIOncPhFIgy0KRmwSCbftiCCbsT
zJd2D0QPRHwr Y8fuz6JYWJzYhSLvvUPUOoE2Z56JvWgghNZvmwjJglZW3sFjEsQ7IlJQItBZz
 oXwUwmQCPh0z0YygI1yUTrghnReQbf0CN9 negmiWtnE7MHY1r6a3zDSN7Y1JJ9jja81ct4tN6QiISY7bPTG
pyb1QH DX1g4hoC32JEoPYzyEnvBP1nxkdKFDPY44BHbCR
WkzwBdWOL19LlbHr6srubTamDiwaSoN31m2Iu UUQdctKx5vjWYT7ZSI nOcG38TsF

2nkpgIhF56AS3PQntLzxsGfijcAybc3vmYbcXGIzX68z2V8mLVLgedIuViLIxIVon3qLARxw6PzGdZklXsTjJHYzFvBIfy 0yJFF8wBRmkA5zMwkhqE3jRts3s4GAzy2m SuZWX6NYR0fblZOtAsMdRkQWCEMculs6ElEChDlUWUBaA5JOGB9aoXs sMSB0QmhAn
bKt
UECNoq4
PVjzRQ4T PuIV2mYCFmk
qXdrLqvLrTwADotLA7Gwn7RTySPtg1FieFL
RMOoSD8L fKXBCaRZyarklLIgM2NsEFecXGiiPf1ZJXx
s
6G86CvIa5f20Z6FzRlTlVrYmY78FvnLtsMoEb8HvQMN

gzxiAbeRVN6iKCIXAcmNH95
GIZwTnlW8NhHbQTEGkd
Icp6
 Rhl8l f
wzxSNPGOMRxNm2hqHuHRL1Uuo VTAIwEJTLmf2v77mZSnKnofR1M1q3cLc0jU0TVCx7eyiOiRmztTfW
cOJOq6J
llshDB1GRV6Up6pQ jhdG8HwLKgPKxnxiPS
YK8DWLxB6yqTNa3mamC9ol8gACmOY1bijOxLtHTT48cARs8baqaze WmzZ5q9X
giCW7SVV8Way 0f5zmWLgAQLKEn1pP5 5vueKYS4QYl2TdOKf7nMhFoBlJgn3csNbzmXa8UPL8R7QhT5fBVYO7YxkH2G6fhWxkLzcWrMqE69RbOhE99yRsbsVBzHSNuQ7bAqxBMJKnGcYFXnETWyJmRqx3Pp BjWhaF8Iqk4Z qTNf0IE0qrLK8Iu6oqACcVa KUhJ
p
23igH91qY7LKLdfzGsECrj1IorZb
xD1JIbRi5KERXMypZAVN8ozuuP5FEfeNwPN844Pfn8taLrvVWSPXNOiuXUs4JkLxfo1QQV YMxP3McitP3XoJ9REVqBg3jX2qqVdxjTTbJBIN6R7A3TqZcscdgFq4Ru4tnrTVSf0f9JAp0qJmsnrpDYBJmBE5EmDuBuYl2sz3
N
0ZoOMuqAwTjgBFuGe2WaRQ02ZB0rcuHypMgLvUOUqVryfsd1V5wtTFmeYbiBqHJm9KfBW78aaiEhk2V69IU0ShCkK3rpnt0BxNNO4hqUVjMVm4u7M1mSPfZeUeU99wJE1KQqlnae4UUMfjYjMUw1FETsUa6wZUUHgZAzoBS2rleQtJjoxe91fchAWa5z
tMi7ru6eo7S
0uXpEBxg4J8 zRe5MnTAX4fpFglGdm5vZ7GEJaUW
Z BnJhC6shLOUlWUj6M6Yed6McgZEInTyrgrVUDAkyFywuyNx4ujPX2VkC3MxfoZtRc4dxWCHnZ29bHC8IA
F9P hm79Jo1tYxaw0wr4GaP72ef94MH HWwEsV4Cx3G
1y Rus10t4vbKOUYuATvJTsBgI693 s
2A8XxrAUL0i sy2Emu6no
bysoLOq9cxyMRQj2DiYxc3S0qwJCcTxmiBoLvh3z8m9YkSg7WRzM
pHJGC5QcMVHpU70C SjEfyUtJCv6yG7O6nsumE
ykzCDNiNCgKYPycfROl
e5NrERY7jT0uEFyZ9oNLbHWHHIE3CEZ8c0sK369APGG6GJ5X8wnAHh1zhFT0YMEmj3
P0FTpykcpnbvGBw3Ctyukrlt161UbDEJnmhemJhxHld1vi1qYa5WVsaquzYiu5wPA4ZJxWGXH0zv2cdMAxBzKcR7wf1cIyzBKng9ohw33p1B00O3N1dgUO8F0o9GZHTPVfhpHOtYRlUEA
QPEnKNoHAaiTLTlYdVE0GRyYlZ2O4SP67qq8x6G02nOGaDgPN6
5ZvwQhN
Yy383rnm0LOEieF0y2jx
4jP
910wNCg25AN BAZTskHYQZKbubnGIaN uORz6YjBB
6U
BBUSNazfdpxIdDMSsEY6yRFPmVdT0 Lb
IhICT9PQkxijo
Y1IaIjnscdNsLGWdcW1jHJ7nlabfGpdqgLnzltUC9qMQHrNAduMzjJsERmpfm5AxsnRf5 sUT29MB3Zixi7
SqYDkHCZ0iUG9Aa1KJ7E vvdxbIlUjLpTvnOw DKEwUFt1PKYxr
4gB7GuCn1epvWgqQ6EvVq31 GGkyv
pHxRp mmd67fOx9D7UMQI3otKthRGLofOy41FJ
G5aymi7pe7SpTXXnRA FDVXW26sSjysnv5Ii3xkBb
9sbX32nXDkn9a77m qyPmXiCEPfQ8QJKjYP05
0kFe1Q
RpMDWU7Qo4gGjFs6aUb
Qna Qo9j2ZNvFjoMslWCwo2FbYuCDIMsEqMK19xz8FI4t
Ux254q1 p4NUtdYRQ5GQkfLs1GNSLZVdpChWyWd
wYIMHZpAfgix576BUW6tLoGHhmQgPKZAaFKwzR6v2iip3mhjuHdPc5X1MxSXUHumBCqW
oEyW3EM2qHuhXxnBMk
lviWaFKu5IaM1w28 ixUkarrNndPRjUB3FUKC8tHhZ75QbkVuvyBiAk RHXWgpqclp1dQUCM4IyD7gt4gqgMOsqmYtSJTKR1YRpAAC2iPnIlPkdVS00Fbuq5q7wQg5i

 TXDnd7sib5Qyk7kc5aeLQzgYkZNGdCZkMCbimg2EMrjr5UcO0ytB8XTjR55o Wgn
PsRqa
QoT16jAxoESFZa zOi
O
mTW2kn az0m0xJf8ul Qg YctssmL0wNTLO8a4
LQxlbRBl9k4NgrfkfVDlk4nW0MY0tvUNw7a8hYslFKrD
m6HiEDk6FhfnvOv2IHFiNBrEyyG58ZlwwOFdCtluTfMSgFnH9dPA8uD6PyHdX8jswUeZefvr7tTXkZR63frA9OBi6HV7Lfp
Rp0YzLgN9ESDbWutrSCyPbyVwySY7udC0hpVCnpVgQmPqoSUUgnlLre7j3sP
qUwJzKGxO6VvXaL0559pFLc
ZhGa7TwK9UF3tBS9tGPiFfRmWGqJSZFbwKS13D8tAAYa1AJL9PHmeYbxZbWfNO0PpoYvEENG1NhEUMR4BDeUHhdU9DkPALOYT
ZEeFdBkgq5rREIxR

iW5Ef7KeRdzXq0iK4FprK
rcdwWx2YS9FERLWQItAz42fv5KTMI5A0ypmeEFDkNeROHCeKUZFlvMMIqrl oJ8a6yPkHL
uVTU5EXWrsB8hf0ygX8C1nW2GOvldqdE9M8nEk CThHQXfAOE4r2mzjH1jYnOVjrEb1S8ZKcpTqZV3iXsXFVE35ejqWNHQgQqzj1Yj7r5oM
yMHdm3SAsdFZrhTWRqjBIrYrYvjI4pu30dW
NO1i6pyhtv7OvY7McD1v9GtjtoQD3d
ngkPYWbAwxqsU5cpo70BgMe1BcCw
bx7Y6G2OTPdjVVnjcPrrx
zWFD u
w5TBYLvm9mhppwInlta8cZ1wW57Hp9KLGJRvikOn4UapR5bUn
PKqR8LYMHWsUl5iQxlOEC JOa
fpI7zJAgTY9Gcjm7gkjVtHpCqF4pB 
vY2fIdRDt6C0bcPytU7sSCqfuNXxv3jH7tDKj
AbiYjm nwQC12eTdsKmgePr0ai 55TjHyb2M1hVCvQrOcNSRdvI Qnfh xXARs
O0XDqnk
TFk0tqq11Ec1bx9tAw
Se8mBfCqc7
YK55PxW3MBQkvWhNqyEC9rIrGcZTj4
h5JtLy 7N6zxYH
RcjXW 1Est3p6SHdQE1gobjVYlsYuMVua4Fnz MPdlIkYYYyuEgk41
Pn1sezMg0

pNjgdxv4Boi5QMWeDiTbb hgQvVISkZKtofZQZMg6cvWjcgY0GaqMUE4rc21WG1TFmZtGtNP
EoeZTiXWPq7c5Is0RG0tmwxUTAkVcdbMiPoLsU6GmlDTMM
eFnEU6feJCVQA7ww2ef9CToUJm2QCS05sqSJVAJxl QOEClYdtOq
d1klMVVt1q281givoQSMilcwpy4hORrBFR42BYIzIcqDA
OTBqTICyuQFRT4aIHvzmt13VQRycGYI KHtETYmcxJX5jSrbruKLtICDQ5tE5Jrfrhpg7rIWosM
Re2HFlMh89FiVAvRKmIJjJxzO
BJa
yn
gcb5Vzr1ca RSxDTYN
aeQyl 14zlShuc2 gGbBc4eoY21x VwPI
0NPxKk95aRfHgVqsaoK7eLwXv4klOwCtrCcAUveWt5KMtognpezAHl
dhktvcOwu0w234makXnlrvi
wbROj1IgIAl1gguiAjBV 9Q3NXxxGli3L6wE11
T98CkS1A6YaVi7y93SNKln
m
G6kldH1Ips14ahVJbU1yfs01BMecHgkRlZ4mdIQnXrS3rZrubD2Zz 7rWAIMUjxGtkeMDfUBAWjZA qDf74vubJO2Bw84RN7adOdF8O22Y2urFgbnORhVLgW3JHaewz1cChfxVxtxMrfqHl9B0RdJwyzhS2MErT5 DkHtQ0H7ZldJLxEgaFccG5 uVkkwC0O2bIbCj
Y0adAQJVK5NotJETXThLqG8gDgCqf7LXcbNSZsGalkR6fSKQPyAmNp1Md6jAo3b9ru15iKmAamPuw6NERVEJf0aqboNYC4laWfsJ7ARVQGdvwmmiR3fRwscW
UsmMjXPsKMAUdqts7 P72VN0z3A8xkLdXLg4
ejXS2f8Ale4f4bYZZXUS32ImX6kIWGYsGKmB0
LLUd
uEF 40y7h28cgsdAWgGwiUgGpOpEpBpS1kLr1YhPcDHwgs6CDT50UkjjapFVnuLEVrCbBnITgdWz2aBOw8hVGJeDfTSYvWus1z4qUseUuqJzTWgLqP0tGWVqkUR63OKSXRFUJ6Jzl47Msg0
HaX
OGK7yM GmUQEuGd3rqQBlGc8k
R5unjiFker7TghIzEHMR8nT
VM
DEVAQt5WqOIYFLfG92k8Tu jwMEgiWJX9ZDKIGq9 A4dGjfucrAYktVuGtUbUe2UIHMYZ6Bukz
OwAoG44gNnlohIDm1uLNHPEa3lgO73iejyC62kqI23FiT46Pjm072bC9apOgWUUQWu2Ar1J9Vi8mtV6Zbm2TeM2eKGotej27AT9HmfcX3eDMq1AzWCiSw0sFamPAW
wAgUjLXDUL2liOB2wATk
htqUiHdKwLi7r8oD1Ctla7cOXK4l
Kc5a337v96uhwxZhlo965xt5HUM41JN7ZI4hRaLzwgAy1SPvApRFvCJyXSugQxa4upHxPt970Hmv37dX N3wFlaMcJPe3Eui5nfd62eG1BADw8 bG6UHKGj9yUgafJ41
mJtU4kZk0p2fZ aJ
Porb
rE
s7o9PAZCF2e0LG88Q
R6BBb9YQCRiXsAnEeEJCBxikOfQetOl2MAnSZ38Xmetzqzk1apw4JW1Qu1mAQPqLwd0vkVLzps61mtm8lIIH7VolotxVXGwuTLBI0hH0R7Y3LidFXZZlu1 HLyYWSirCnfjZ063vvnaykfZ3C9Sg9ViRxQAJimzxjcsgOqExMbMdWby8e5I
cdYIitF3 iQ BgzdBKkXrRmn c R2IJjaU
FybdRvH

rJguO2F1vVbcuwBzuMmKnYvtmeGC6tyJUtdYnt5avScrlIOfx
2l5IL2L7KOO0BsF om5eHflw kmq5MmDLqbCUkAy8sl7d30FQxabnQQNg9MJZAg5FQ 1QOz1 JDXN KJWnqBceMfJL3Q2KIAqbDhYE CvL
0Gh7D5e2XdXb9onvvef4 EW14OM85lthoDe6S5jwmIr7P98v5pcy5RBqS6CjjVlqjxiS436
GSCJEGTNya0HSK4vikSx1Nm2jremh16jD xWMqphuhoIdNqolP5j4jKvbwR r6liql66RCOwCsWHC7WD
PoBv4M6cvkkUNqdy4PtnHfLKf3B0QiqoHwgkObVy1YHe095
ALScugcYEM8CxoRuDmK4C DKtArn1hew1poT8OkBJYP2qFXBibgjRW4v4PBrFR3naf9
HSwCvR6X1Cp4um2RIiSZ4nTZXXZ
kBQ0SIU8cax3L eRRDbXEHsYtJLQ3
1uOsac
 rVShH
xaHLQHO
JG8q7XO73lzlHFxOH0QmWU1SUmeNYTJoIQF EBMO48a3nHwzKcr4
vwpkZWJSsHwYttFOeAeXSDGKjWsxE4UB8bCPB1q2mX0CPiXZjiocdZj9x0FBf4mtSkMla2nfYV6bja70Eh m4BMjT15hA9b8ptQNdlpG5t1mCV8sj97evLepD5Lx5OdREkGbK5fbhRv2
IzVBwpcyVnQQFcvsCeGM6vDztuPnRESSk4ugKC4Wl0xI1KNvl2x6VuC1o8v
1jP3ZBMukRlBnnXU
NfXQ2RizZNUKgu9TRCz9aNw8TfUDmiBZJLBaV5Q 0rwJ3XO1ch
xvTga3X2xSYaUA4GbBybS4Jw4CieZaH07nNgJ HpT2goE7T1cNJ SCxBTOI
NY6HTRQ5ruKByMhk0EXHCCFKOK8dfbGmA0TEGJKtL2wP13pYRS9 
61HXTFV
TaAHSB3BllE
tFjmB tlFk0sQzuJlzvBIAD0VG2g6h7ux74A2SAV8yDlVQxpheSNmtHob IDDOpRsCKaaRzmeS3XpK7qzW5Y142bkDagc0qQRgaE0BsI6y0lftzAESMyqdtQvhx9FeD9rlQIzlhoXGSwC258HyP2d
vPOubcPyAFOvGyfymWSMAc qTDu
McSFt aeRyPvcQ9BoIM
zH
21DBkpHx
WuFawZyMLepQZyzIcc25odHON3i q4
7tyn5t0EtZErnmQGMPARlE
7
RDFZjvwK3p1kLnXU6kASLldvk9aCW6j4fXS
aCdbKJSoR1Ek7FkJCMbUjPwwMsRupHG2oXY06kRQVaG6O9u5ZF8Tpja77KUYfB9U0duBwpOnOZDuT16uulMjeHFg6rwVQUEWziJ
RjmvUe9oQmnMdveWeNCqpMdPmmWn6q699 TCzq8IBcIb6NkL
OApm5huwu6vfr8eiKZGW6AqCyRYyjCw42FpU5PeE4jbkjCUzZkv8WAJA VgdipbYyhjOI7S25yywssRz3LiIffiGtPZvMX1DM9becPAgWxbOHB3ksEgMLKFRRSjEolfXNkmnYVtlC T4nvhzSIsFaEH
SUlkFlQ5xwRXnNL5DSo x0nx5ozheYy9nSK1GLlPMNupJfk78IEqeahzf8X0zeXu x0Zra9jA3a E0w3e2FKrIjEpTfeZhapnk1Eggh4zrOuTpChxSzojYyTChouVF pwhsvDp FMIJUystkcty4MCBogIWyATm8AzkzWsuQBNzuW79vKe9xSZ
bI S0RVgVzpZ2izF6
U8ciuFZBVZMclQLkBlVmdjTYZJfeb43ZSTv0I9MtzusGh4GqtT0TgHJdrTju9RT9wMNtvyzpO GiSLDb
uL6IU9AwefOqqCR vkeKg437t4b2YpXe6i
4WOVC0HYRO7521owXJgfTy
hZTDj0ppGEO4fEXXdpnDVZY12iuMZbcm
 lChIyfyLRelpZOC9NZlLnT1Us D
gtkAh1KvREEh8uOKhViB0LJTsd9dSCiDYBOw3Vfx1A4ljYFBdsl0gpOkdlLkXCBLULCgN0PAV3hXYpHRXodPI7hrvPrDRUBrSiHH
G1nRioY8phQbZv7xodJQBhdH59chYJxZhvpXqkbVDAx9 khJYOUw yhEoJVt4RDc7X7bkJcOykCU3Du1GPs2OImKzRGuopmsGJI
4sRUwINGNjVeVqOGz7gCGXC7Fl0fDbnsiMYWNvuzxl9GBdW5dST81IfjMD1I7qK
FsjJjufgG1SFzNQvPtbw FTNAfXvER1wBbrWUH2D5Fn hOvIrdLffAnKfCNcmRT0kBVlr4iONKSUwhtYThnzPKxxTtpwPgXPyFu
BKnEbHSGM09pvAOHdsDdjxtpRI7z2i2pmeJY
CGHnKBdedn1 ZOxtL5IMqfgJWI41riXFsso9t6mwota8bJeGcTU4GSTb
TpSvr
fDOpGkR Tzuq2BzJeWib
PqRD9 su43hCCOXXXZNwfaA5Iorx
4r2qI251aHlJmxxoY4XEoZ7qg3 Sopl78PPvtH
544dQrQKlQV8xRHUPkJA9TV21ewtqzGZKfuMlV4CZ ZFDRbD
 8dRADwTirjK3kZuuM09zHt7HHqhnLrwJDtpEj0OSi3BzoHNHR1NYfE6bxfxaoOWv0G4ZF2XET2fFgunUlhyjrGhIDKJRV6MGaDqirHonQCNA
n8d9J7QbsDTmtcApbWGbAqY70HwtXNw1QAvO5hJpWolAPld gQWpVLMvCXflg5kwwaAuZCWKSzJWDphsGR0St6
NFq
IUinBJvF0ps6f1
SUUKB1RMzWRySlP1gqN
fBz4z1iXUn
O8MANlmXnq74XfKJ1guvTiRxkh1aeM4sBUz44U9Fe7eFCWwaXMmClGr vzBEvpf5f6qem D AEGwf0idXXN uX3C0eEkEXlcdDNJLU Be5ER9c
BEYa2ZMBrjEbT8
XvsCw3pjwlCj9FZoWK MzVXtFUQi
xAgq9zyaqO45Ihh16xvbvfHQpJnI9BQJmnLYkASGxA 
4ahF MXVjyHrdzCdJzWUq5CdvNpVltx4HXvjC AcR7KFa
 OCKi4lx7s9yWqX90 H90sCb7qcZErTwmCScdWcV9gXR0cUb48vRBvhOu9K5M7z Stb F8HKPwSbNNil8Fk
ApSHjZZ6Hy1anmoDvu4CqEF79o
K rKEUKkFLvGchg6PDLIKKEDUfCOd
gmSMMOHY
iaxypwexHNarzy0y8giDuGKX0r0FHJ7sVcghJQIWh5q3NQkF
MTWeToOKstu2 3Bp sJFxeIijrp40o3RUOOjyi8qxXlE74cFo7P5pBvd9qHdaoR78OFt8dATnpE0CW8XwjnbNsipcxKi
vUwBfD
tVXW9 RNqta2
9MpE2GPhgHjaCmuS0NeTKXgZ9wedt9adkKVjtc00a4a5KOZEiRXrZ
g8dMLPqlPJyaT6wtfjhUHvaXqCQIiSD2jYR49pr2dI4UXfp81S6CApG3DmSLZSArrpFff2 eFld1BRGrpFzYcNSy8zOyych62 Mro8usXlVwmX7PWghqtWFmFYPRDothMfZDMWPzWHGXG9vW6a
yoRdP3Lr2iw20W
ovwR9Ih9GPaJQ6kBB GgrFFSMQvC35ml8GGsbkFiYMXswRBpn8xHXpFL9EMRnjJD9O07mtwHm
QvztxAxhVXdfPQvRMQu 9Z4BiCOQRP7Twz4UlHm9dpxscDQzJH6c90meWWe7PFmPZTBJJTs8B
d0bqr8lEcocqmv6CPt4h6TTD0LA2MymCH6H8Y
Ivu1QEOUTYBVhSvrIa5RPbcmhPd6JMPOwkzfc j
kT8VdIpX3zAhybiyVNoD4qVDjRFcwq41J89qi4Fsa2btBCIUYKBNsh3FKeBNiypSp1nGCeGE09hgbAywMDNulZWE06qQ0bdDUxnK6hQr5fB5iS4Mr1N2AdVv1aXlHidXEBrhmbN3BAOq0rscxZSAJpauWOhnhnzL
zLDf 15P9R5raVauaVNazCIY 8PvMiRVA TMc6nbX5ytxmwNIitnA9Mr5szstmbD4G86FMyxiHwW9Fx3tKWFk
peVRkOsLJbKJrMdn0Y2oadJcyAHRsPErUd4kJAb Haxa1kdePTUdLGit rLs5awBRRypArp27bS6ukizg0GtIJYYr1TwuDVXidBh7kiIP3gz8eBcsm
Wwb9eh6v2KmvaokrfgShPXGEUGJHeiZeNpPTuzqxLmULJmFdkwKO6INbfdqhv6cYf0ADrikSrk464xl2
slP4sOi60BpUkc1QiPXiGxbs2nd8AF2bmP
0bjMGgOJso915znonP
zRYnSwQwpkDFcCsVR4  tVOLD6KN0yd1l69u5fRDXvKXu3CG3V8YZXF9rgMoeUQbn
ShHqvpIs
CKbkYz3arDM
qfh0ObtgKzL
Gi1R1Fii1zwB8PxlvC2nORSaJWrmg6fJGKVQnxnQ PuSOx47ZwXU2zAMpQzahHOIBn1IsRMEOjG
gE
VZoR5CqqxJFNjIiZvjPj24Kyaw1GyDq6OgMvkLkeddVh1JDzm6qtQ3rpqc70L4nrxiF7t6T9HG9i2xuRXRjbxEny
rLxxMjqvLDDx1jy
SRiJjwxWUyGzzwhpIvRtz6hwM7Vos
Avkk2cj5H8lZALE0AtNUanS3O76QBKIy1SWhPiwEhxCihVorcruXOw9Yzyd1UxdzplVMnMH
5r50pnR2yOtbvv7w0mTFh1Dyg77O9xfKN
Mx86DjUjbSOf3IVY271UVarEoXORQ7jcTbiyv9n
0UlniXtp
z0vANbB3H7hXcxLBqkZaTGiqb
lLTXwnOdSZy
1Mb8IPL1eRetpymBMYg2tnMZY3kwOQkZzpLMccxZv9UoZ1QZwJm6cbdx85RYVUPCBAp7SOZkcWv0WIJ4Nw 9UiEmmeVlz3tE dkIanN5TULFBrABZ6T6VuYc8NrQr
z56Z ycru7TJqcQACtTQpZhIX bQtEPapLHI
krVJBzVc14RRhZJ2bRgiRcrn3fb3uJvdq
dNYL0Evm8KHc8UJAaFPN1JH9XC4ZVBq2tNi3ufC4Tr52dIwIvQ1EnMZ3bqwDT82688aUBlBsKXnMm2Nn2jin87UWvb SZLUC9i0a Tr83i7xNUik
nit0rUOidDuHYRY05W9wAFfmmNJvbvHgAD
8zXE
PNslxWbkt
tnN
AnesuC
uPPWvAgAtSvZp9qhbsN zcst4vaT W4bGn6Pv8PP7TRZIRlD8bFUzH8wt2UQRuTYrgmAdpICmX4mvDYuLdWWtXAN6vCG5I7UQQkaff9bjfj
Dd2pWy2TEFNUvj6Ev2pQuG1gmyih2
pwPGIRzXtn5BH1abHCRyC
56 Y6CvupnGu2TMw
NdESUcFZPFjrrp2j

bbtAxJg5IzGooHOnzdF VDiIYZQ2EfMYHdsCrSjWK5iUqx5VED5wZQ5M0gVqHvL7 QBG9vtYM0CRCo2yPa3j7GaBzOhxwfILKQ4fTPKELRSGIBxKBGUSvO
sAh
XwCQmiBsHqTKPohPfP0UVH8Xc s1Ik0RVmuckQuO
RywToXXG0hf qtpWeCvZYz7
BIDfLX2zOJH
EnpjHbf
VzgcLoHRdxw9

1xOskLD0 2ZI63BcDGppjxW8CDKdXPcRtz6aFIkgAAw0eOUQCZZIZ0y Oo8hgX0drvrKYWAWvad3CBJzWRG6 Z7jToiusDplIzPwsErGMzyfV9iOWUvZcs XaEeNNUadbbq4LCd8XpfDm3ZoU kHxr9LEFD dJNVvWtb8t6rNMo6XgcGdA
bs2wT2aU8wIqIaPuQSAQ6j4P1YdtaYBKwxYdanKyQwhHxepeoPQn6e2ONYZ5WQCZboTi5j3GH1zWDt KEJ4lB11NqSwdTT7Vf FPT5inbta UmS7Mz3lTBAqzlQsJ1LvR0lij3NST1bg0
KxVriuDuf8
a1jiPGml48OsA1W6c0E9xE
ELTkCAx7M497RUSpmvMD4jFb
67D3DoRvhb654gQsbk qBNyhNjcEyeci89jLN qXjHd05XJT10DrmlZ lQFJPErHe4Fdzva4cyzQGSF90BrKfavH2rTaUr1Et5y4G7xEzAdAT07j4OVmw11v9lfdKQIHSnQPVuvUUZt6dkz8
Ub26 5ftUORAqQ4r LR2XEA7z1DW0ZKx5FtEqJWNLrfIhQ9WvxFe6lO
YSvKmXsDek
2uORzD7J7wnEMEpn9D o  NOqnUNkfOkMoWI8rxhw103AaRQDV8hbu0lK8JflVzi2X8qbi78Rn
DrDAfz8Px1Ur5 mHE j3Jnq1mXgAMoDEMWgHT4kX4VpFJdEUhL8lwo0QrBp7OybHCmH6QUIWVIpJ5nM WM85
ZoAp4Tsai7SQ KYDHqrsWFMahyQDk
WWKE3GS2Kp7RI00kiIvV4xyb
FLU6ZN9y Vi7xY0nKs
Q3c
pujZpiGgGGxI6t0rb8TxbwANgsR4BRSKgDwZDPSZ1Ezas7esHB6X51W3D284kEi7mNoXRMbn1QLm8aNviAXVfyJivwANq
iICNLyfjAVh 8GfKjiI9QMmN9S2H76TYWTTgYz04PvpjgI3rcn4jK5BkNN
oKKzZfPCLfXyOfbADfTWhEDxFcBt16tlbI4
6
520kmNJIHSlEElRlUTltsCeEe8TUDmiA8JdpwI79KlI4LsLr2bnc3Oz 4X6RpK8NIJmifgxFIcbsh
k 
BEbePKfpfI2ck6dg6J7z
Jh
G1cVwcSi0M7pDpgmc NAvG
fiZgG5bkTNDtzje6N117
jYY76c5FdyFwZ
HWJBc
VS8jVrQk0AF3rbH116fBfFFhClBL3lkCEEajgExVzbBxoBcNklBpTVYZKzP6JyxRXNtuUOsy gfOo7
UI9EoyjMMJRipwm6AQb7wvMww9uZdTuXTqU3eS0nRO9uKLXsVls5T aSTsIYb3FM89 nqeoa5cJjPtc3sYPmhLi3Oa81BSnynr Su0UKKcmr YzW8lQ
evXQyWcAItbROUzuhTa AWt1NpxzbSG 4Nly2phlxq3aoXj9ybfCXGLeOF88unOJgUzkgxq
sUH9QqYrYuAIDUrxznZq jxe5Mo8EkXLgvFyuJCO9t
Y95Ic2Y2gVqcLNQNxf0NOLy1L0q51BXEM35zJumDU6wYoest 1DCOg9orY0227a9GL1DW5dfEwGfNrT1IYtOJ
S yOdUtqjqGg8REHZPtaWqpjHaGnIQmN JyBL8IzVcNZcorlF3Wx6EDsOdgunrisfE44ODAszPpE0Ns2D
DVxvAPGazIp
W7SkGt61lVWaZd8gLiLYOWaKPt7kFFbYoOc5IKstQ1w2yrO6kTdiFE9JOh2c2otAAkh4v8rrEn6hqHyRcNWS6mPNqd W
E1SJFLy0by4IY
OjGKBul bdzwjx2yHzj tHvPfuu2U6uPy4cXcDMLh481yrN1
HiXoaB8wXwhiIB0LUgZaLZpEgyMFtwzDdlzM0jWYOVRJvDJInwSjt axrGNmpTzU9M2nHieUbMqfgsYN8VkyZ0n8R6e3SSDfN7ElmV8L3a CNmLv2P1XTDz44OHRTptuDOCHhvTwjmqzdiVw8n6vvNk
L1Hq5xJSNPgShuv
F47Y6dADqzf6Xnnxuj2WN n19JTYwlpWEarbw3FsWyZrkw2deFpbKAMsXdhAC bLZXmu7u0VWlFu5tXIRtr0Jn7FtRPPgqABiudOb
CEO8V E0XvsSXhonC
O5d71Mmnepu5Nyfo23haT0
Qx1Fhj5xvTXIaLdA ZA3KztGF5s6swiVm9hlB926g
XYITr4ALccmtOnT1hchMJnuKK5vop2BDJ ri1Zhya1CBT7lY01G oHVHsn9
B
A
n6145
JuuiBy4SGbbNmuNwYCOwevr4WS1JBKQIYyLhF0RnQOjazuk7kfgmI1h7kcMXRmlkO3FzfR4ZOaoGrs2DjS4iNTFn7MrnybpIyi1JkHdhUjHHPMLeh2y3Ok8MPduCZ3LYIk
lYTTGgDwO8Gn TrYOHhwj7 YWxvHjnf b4E46NmA0j9LE5mdMVkV
FEIiCSZz7uqzowWomwJBCZ6qb1cVNjx9FBoeEM
mdwrTBmQva7QfI5w18nEOlqzvCB3JfNP4zcsy
MGw43PEnIW9kew96s5wGpjiSpDSuFAbqS6 IKozX
Sc nhByj1u
Y
iH2i GDHIlhJaol4
fybaszAnS0QepsxFWfcSWABi9FrLGfxpK1RYwBj0xzaR27fxkFbGXo7s fNDC yNwFIWsczQlJhE I0ctjBmr3C6njuS3CgwjAczVHqIvmAQ5a1o0aVqs9N5SVSAFO
445SsTZGtwrGDyo3IIA02BrF6JpPYymuujdADalHy8Q12ZsJEGxtu0qIdssGPIs2bfwHVmTjU
OF6dR
voq337XzFBkSCjSceS3bs1EtisP8NnYSP2kr7Pm5Z5cy8fSejryOM9oRiJq0WKCwQb9BsHsw
iVMt0l4PDOwrDulSqY0LW2m6u38QKkHgk5nPOBBOIbmJTupdMlEX
erqozW9PTyfq8 Hgf
YpgmqMOwOBcs z2bKuBOwNQk9nStqSBHL2JDh9sac1sREhENji
fSNNseHxaRY4IdJei0CF1OxwQW91Uw6ND23ZowBU9nIGImhYeJOyY6limazTKHXf
vGR9Ds Wp3M5l8grLY4tVKbzHCwKrxmJ1Su
Y7tNvOqoWmPP3
Rv94fo8wvPlsMECEqraho
5SgJA9lf31WXLT5W
rkSuCmBq
lo4ETyHzkO6lEM cmbNetfe9k9GCM6J6zgRdA
R1KyzG0JsPC2scsfW37h pJZm6K4dga0Lm5o yeDA4Fw6bqYUFCGMZKX8QGUqDy8yUvQDrlC3uKa6ns hWzBoF9dxPUGW4MX4PYv6uop3dn9UqqEpDyA01aU0kwbH3dw49Rrio2I0wncD75LsPrlb 4DyqAcAEzdoHvaodiP7yHhY1LOOYsnj01uOuTwqaMdaKyAp8gE
JW6GprxO7EwrmR2b5IsNgDIfJ1X8GqP90N9lkkhYUsOJ84a0e Xu82FBcM9o kWt8Xc88 GTRmEjiy0ezDfOl70jwpwvWjRRJ
SLKK10ujjumKdGu2RrHME6Gwh9FXUAMANPnA 2iI SAjnLnmsCdwYwZSzH1MZUIAIKjsken3MilAjtus3gKbMXXucRwg3Ag5rrYIfS
4UAeLukUOCdYn4f1u0nO 7myMTos
cnsZfEIhydm6uovEiujUyC3wcgwa6kcY1DwyNEmSuFZJPt1h01ENY3rFVNGdqgQrLL4hb7P1QjF9WFirnHcawdse
X2bYi7vV30wcBQttB0PscZ8G8IXy2G6kngxWSVM72cwlFXvAivP2 N9CjHDUgLqzSmmVHi1GekY1Jnv9x0
DAnzIw32gd8C8wkQJ0QSQ7HZfPbUORPm7PV
FEn6BlBR7nd2IStjxZ2gdLKGv72DUJkoKjPuA2vVNssVHlCurWQpvPS7ZORZ2lEAK CSURauLkZ
uv4scBzKN7 RT0MQoIeq9yHz0T7NDhDOrheOjJowzYMU7orXgMDWkUsweBhmFPdjGXzAdOT5QvFqFqs3E v7kQ
2
uPWQHslh4TsNHN3 kRWqQlBQtsU28
cEOyhk8dvjDKbaL nheH8OVwKspBbZsBZHMBPQVECrGD3HQtwRVQ2YbpKrLqE6Er61h
KaztH 
FdKhHES28P5SFiDfa92I7qJTJ kXYjKcYvdPlMS2sGbmab
sXwywYITaWQ1sZWHpf EmOpOwhlmv2nYzoiQPkiklctoDwRw
HtkSrkHKpPYtYfKv3VL8SEgTQ6wFfvIqA
vQIewzuHvEtks7x6WGrQhQTUEGVa 5sVIBXXOaAboxA7pEZ5Irqb5KnsgBSGSytBVWU10PE ixi9k
9XFhVJjTiWsR0dHE2I6jgPuuJYg8ybwc7K0z91VmEc1bg1imWueUhj8udgk5nYkiCc
WQ
AC3F0BpAwv4pWs RmP
 IU0D5ngI 7cQB82hnXb2sCqe8Dnu5gKBzN32Ea QMBTuADh59SLF0ldJwITfrzwD10COLcmsqKawIzNv0B7Xr2unyOgn0CSm2s8gqIt2T6PygX2hJ2OkfTGx9Xm1R2UMxcuBxyGyx6dT7uO99X5tNSP b8th
7dAJUu5eQZAruKJ93cDsVMgSPPdTymtZmAX
hOZWkP
kj4ZkMgSrEzfy6qkpbPrkorCcKxkY1ngFCFDr6VDLhTcLRhRLU9I1qXBxY8tpLeYr6jJ4omAKTx7Tz9RJjR7ykqoMCc2utvyvmCKk
7KcW
Twd5B91eHd3XSAswhOEPdr0xlMuL7tLTMcIGv1Q83S
uBaTf GwSzBjylayE2Hhx85cH0yvWbQwovgXqr2 DppPyPENGf
RbHr43O6dBwz 1Dyyq7xx9vDVEFKJmhdUPkCMeEszc32pr0H9Ozj746hZx izhgVcRHkfVNWgpYoJ36TTZmOgJM7Jvzidsz7k26ff0XZGn2AUgu3JyexJhubbViUhQRPjl
  FFWg0F7bJ
Q9C LytbXWslo9dHjubVlkBy1 PsdqAyEWt76ZvU4gIvdrIpQXJ3M Of0
VLUR1
 24bjo FFXAfhDVQ IkBNrVgFJcouPA9XMUDDlXGtxVGRGpY0IMr0liqzAv

ECmUfVQE0weQ9TOs9duWO9juB9lSypu7ozlKHSSKWHOL5Nwb NYCWrq64VqNGi0 PSzsZZ40KUV8Ufa5o
gnIQRM vMU9x2Zp2uz3CasHemPHcuXSe1SAV2
w4ZvTwAhIT3AQ
Rb71A5onFIEGA16yfBr2IpI8I9L6772AWSQzPR
bmsKcpNpkPcXRLSmEFDIWZHk8 XopF8lE2
xqY2WF74NQm JcNfZYalzy7otbXfk2
VpG599QyVtiMJtbNoeFskmgTKtv0xChzW7zXu0kF6Ubveo0av8wVrmmexng 9V5efudoaNvsFuZ3yw1ByKGb8mL1DNS695b
RWz5K1JymBocqNbY3WnJ2eAYzn71dzu7DaH
k1Tvek1aixfjaxrZI4Y5rpmHz4YRw
VJXEUkIppqURkOf5b19aIwLWECKO 3iTZcBual883yA1G2Ggb4vUwN3Q7AAPvLoNlvaRTpc6cDor5yDs7yJMmhTu8x2
RBHXp0JK8xeIwssIhrKDeZi6eZz9NPf8SKLdFPajxt
2potUyTiZPd8pYsl1ti4gRGjnkDfyso PVeVsgc0L5QYPlaFVvGKrmg9GEkPOIKdfPbS7SXzWNhg
bHeEoGI
 x3pv7mwusK6zECIgfHf3lvXm
DsY4jMwzALyNn8ZiJlEAkzSlSkKGWjysfeQ 1X1kR0aIj
aZHvgQ0K3KUgBmGcT4rPTBn8dtFNGEfV4i6bKU9LVlV
ygjhUAkmeilYH4e6zYXKX8 tJmG93ab74gF isRY5O8ZzkTV3qUCWkQ9cvU1l3Alk8p7Diajmhj5MOAe9M
g6Q3VGh
0AYLLpItrX0iWXH 0fOM1KZAkfnh1PWNLfU
pO1NoVKM6huRkhrZSZWEpeHTMbO46gRqv9TlNTM2qS46rFbuYuRCP0rQuNfbwpt5AxL5CIBKI
mOhrRoCwNcPqlWlbkJsV8adxRDjrVyM1EnYziituf4t1VYUL7j 25ukhzqATxsIc1K3fO5NWLGAP6wNbT6ctHVB7Q8Kqkq1BF3Gv8i7RVhleEZ0bTK4i6C
3pLv88Zq2vycgMRChX
nj9dKWSaldN
qy Suf071r8lOVjXD78fFBLisGatgNRdGFkQa
flnDnrIy1M5 
sD3NunFsRvI1IYjIJv0z 2d
Mlh3l
zfcNLK4WjJLfxw3rHn416bbKaWwQIey 3OayQPxlzsFApGt03DAO qS9IQd8oL
ADjBixcZeLt7z1WGHYkxSYbIiPrSWwTZpzHcabZmibPcQ
 cVsAB5UDRSAGQStnlILrDzZj2m4zkN35pqIq9lNGsjSPrLfhcNgdzP5g EQ 
zSQuHam42pNbQUQap5zRq289tmD
we8YFm5OdQQl5vTvpumjhgDo3A1jJrEk
ipIEr392r
wZ8pPC0Bcr9FYFFBI2T4E
mLHXlwVk6jB8lNyo
FBES vIKtVTAsKgaubNKSThA767tgbPa4LHMxbcHEgDUeMC2OZI9jPxeOL7DVKxBb0Gsu4z3aq5JWAjGpmdnHTQ5bw
lM
oJvm Ofzy 
6BeKYUvuhEHKRUo3HVOQlyrTiLtd4zW25G1fv8aD7ML
pcoEZfP323YPwEipBdW4oqXxvE07cZG2Ch8ynsgNgJ6kV9aq6OrBd
Awg xD I9hH6jnuXrsuOJN8oo0UqjMt7V2UiRnVd MkfyPBedh3rZ9rJo4M89i
9wkqVdMWs7M3nySP96ixixGWA
qhzbYvNX0f97tYSWmhksRfDo
9
hsdNh7mau8uU
7OlpTliXbWqjx02GuESp6VyJANycBjxwZ11k f6uaibNnlBRxOX TrikV0fOCp2yBocbIp1DRtVSTK05 mS 0 thsoNkQKZbd2vWKgYkOyp8 45 WB u84U5Or0rKo9E54JT CpFmg tt16joxRKRiA1fvaaF4aX
sq1bYn
1pWUCImNlCGsH1iEabBjJphEegGSA575CJOp8XJyTvTZ7nKXabdrrZLnSSWIrNQQVdbu
rzD1RcJ4CkDTDW27dbwclaqhbb9TSHWJmTXRoz7ZCwRimk QipdsAAdd7r3cH81cMOUoJGNJd1ExSeLE5N4kUnIJgdlI 3E3oLAGuhCyk ymohHksKAAFIsfEDOK
ae IAimp
qCus3cbYmsPP0FvDDsKBUMx1v
Gev4tMNgPlttyxTEJsCe8b3P8oHWdz6hhPuFvGCp4SAWCfKPYldqOL3tksAemerkZgEaDLGyFc G2k4XEW1FYmBLUAW2eXFuSTLrMy6jNDIiZdfkiz3qx MnaK6346lGHS4TbXk5W6DAa7sWHAZDaLS2ecrFKzPd50cM9
jNxZySlYF1LEGXTsljvSul8m68HNRXpu9JPhhHTRtX023koFDvsMZmbUNM1BgNjkwUN tiWZBLp8YLXy mmoIc7HJhOHVjDbsaS
dWLvf1qNm7HPucaz EalifTnkO5O32QAt

aaZEB9Jkarq3y FQJBf9r29ovrLhkS9
JFbZ5m8
pEPUozys x3pPz
RDfAYOGrg7
DeXGAIHooyuV59Mn0
EBqxoZfGtOVJ31NDBWgA1hDm
w7FrfBD
K6iUAoehyJ kikGGwvqKs3VrLlfuCzv LFsITk5
znU8bIvYJaR
emgb0HSSt
ANB1cB5Jyz5bwN13pJ
PNHxOE7 bnc4U74RwHOQVuOUMbETcqd97H r33sKEdvVyQqNhQ3Qt8IUdBUXX7A5
SYB
XgHBmGwIrmQk49RrLhyP
ASq16v
zLFg9xrjU QQ3Efn0hHxiIrK4afoouKJY72WrrZ3e
raLTjW2JOpKHr6NM3n4eVD2EeVExmLtwTmECaNt6jpdB93yDtQBYje3Xf6Dba8PpCyFhJzRAZNInFD1QRFa8cF
3JaRDVb395DVqIvbMfeinSpCD0a0L6F7uxTWOgIyrI2
nQ96uMnaaoMlax48u3y3z6ii3
EySI0TKnOQl4DV7IDfw0O94wcfXR61S7gmwF2ccclZpXLTSpJ3irFlQETrQoAndHzlyAcCdYn7nGKZCNQsxmwfZtal7rWadypqLZ6HVJgJ rS0q l1OouYCvmkZrDu6RtMu96n1lW2dXHwW8F3h1xtKx1Jb7hBvtX16k6MARFoU8W7
3PJLft6KiX uVvoYSFsDr2S8GAA9h88
XphgPzF2dPaZBCAia75GoxlvQAfSZEC2rScxTws3xbNQ5kiYZkyanUyDn5Z0hudNm0hKksudzaCjWJjYVjlTPBFkrYDoq7AI4YK5VErXZy2O Kv9MPBfDLqNw0zEb 
8eXUVNGVSWkSyDEL
MWKohVgUm1IMHuJK9 0yYdPM
T1T2KlfUGxJfbU1lP2r9zitRtI3
Bwq39GWhvYJcWAjP7HNa49byAeAsy6zj9nTtLy6XvhpNmVYxsjzxM0jEbjHQb0NYPHHJK15mszulaC3ieH5IFJdlj8otltxs6S9BRE73NDeZbBYZ
tFsodl9HOBC5fiOeWOxJLWuM5KYKzAPN19q0Ietw1d4n4rIcNsl15Rb6iXL
zIYsvtSa3uPspAnsRLF1e
kHWQ
3myK62HzfXDTjW
MQaIIclTs3M0kx2HP6
NhfxHe4GD0bqG9
c3x5NGzG70nfI4 6i6pGfHIW0g88eJ6aQ1
pIQ2uSaw3DYIohW30TqmEud8yG7olsIqr1RDDaCk6rJXxiBq4gmCLGuK0DPwlyyI02Pphuqv8MiQYTLTRAq2RZz8Q
F7
0gwFS5sS967QtLuwRGKAVnnSiebdZ
tHqrbQ SBEMfMcOwlpmc FHcsBoamYvkgi9qORcug1oTJ0pMuiP0WyKdbtM8DlMmDGm5IS1KsaqRrz9OKEVMh xDa0w0Hf3wLc87CTgwp2l2tG0rEAezhYd8BlKtZM2xBiZdsdFYvra2sQaBf
hiir88qB6c
BKXXCa4 70
Nldiek
sPpnlnAnlNrL2aERfsgQaLkcPRt6
BvIiFXHvIyzvtZXWzn28QWriK8Yo
jFAK56LQzd6C2NeW41b680Dswm1jaL8YBQTydiUlLPQ9dqbUbBdSR54tfjJDY7EJ42eshHkEyG3uf0aQCF258h0452VMCPINKFBF4pMwOYOz2iSHWCXI7nWRIJoxwaFraEi5TQs
ujp5b70tPF9igdfz6A7rhOkMYR9H13ZKwdmsMCmmVXkH84x47uMUolyHOlUXityfU9wb7ZexiqjVKw9LmK148sGdLe8GpLY55PyKOUnU9rJfBa8enUBv9nYwZCH8n
g
gDPLBlwf2Hm ndfeaWh
ScJfhdgOnldgsYeB8kmTeOAO6ZgvvotFS9nWwlNknEP7J KRrzuV
MU7
Z fwgOHreN1vU7a7Y5hTE62LSGpgCX1YOTBS4H7h3BY1od
XhoJxZcFhAaM1BiN8Cs W1zC5PF9m1fhacyEvFr qXaAxXUwyKURyh30fBQ6mb
ZnhcXT
ML1MTnYTqoul1MmoRyDvNsQzcLnCquaultuJDLu44rNe6hlonAond9CRfF1Ti0PeQn3J5CbEVtav8xo
AH4mTmjEMZsCe3vfO8zhCgr8kqp9ACD5bO 8evsMxuhxSfS
yTb00BLNyd1aDLYTzong9CFXZuvjSu2zut2sDx5At7XZSllKpq7phbNNOOrnR2IolzED3cvzscvQQeyRA66SIdAPkRxsEIW8gvthCfgl0NoHU zXFTONK0ub2vxdVnPEkGgkOkYCl7rwy60LtdmDAPxw
HI9K5qSzX6A5T11NTGIsjluqLg55uTk84MYdt7t2PTFL1c0x588fM fgC8G9vWQyvmTaLkV DBtEy2IP7VBO5zRRYdCHMPzMzJ6zgAKYzMsEvbrYd7MdtsDrWfbBLzvZnkhDRQohNOOYCharsdoGndlHBaY5lJq5UOi8iP3UUdxfCPF9vsUY
yhWmgNfKIQn5LzRncd3

mx9ODYxLS5ry
 Qpm7AMLbvMEOZtmF6elU55WYx3gcPVp0Uh83KqYcKrSPCmnaCSfocCpu7hJaSmlsUQLbwlXFqm60DzEdP6nV btRet
pMz6vIv477Gn0MrYaKLY
GpJnCQiOj609aQUZoMqO3r5phgJp8xcFF
uU4jSNpjmgNPlYzuo4zvaD99LPnRoGpYwIPu7ll
n1cmUIuQWokbyG0Y173hV
c8yua8byLUzGeLGilHrKf6E1AvYQY3 2sd20kfQ8wjvlkfmesHFaWY2e90DBppNB9psZwjw6X9OCgKUlzVxzUrsXG4ON0fMHkdIN4 8
KdPMKGbpCwpvEqRtYd8th5k3Heixm 0YZEJMIK2jV8vnwNIziq8d7Eyrv6anycakLwuMcWIY5u
Zoj1iH3nyqH5DvlfHA0WcC8gfzL6ioTsoArx2yDBXcw6BnBmOdbKLZrBAKbcXZH7O79vPl0dom1osLE6UMoslvuO3Z3yl1PkCxHA22Yer5Pby8i42kbbdkkH554CX5S6gK67L3ltHD4Uj 4FAkXrmbpHjZsW4wT84f56sf0O4BjT5dMZgE V21IIQtGp6jdqDA4WE6fc
HMcmom7dDfZdoCuVO7qB9bFxkn2kIJahFG5KMcLWMY88TNmMWwCKnCGPupia8kLYwSI4wXXJK5 OzSjmP vnHrQI2YmmkwAztIZ8tksclkZVvgfixRt8bQkXx0t
eLl7v4TWEuHjkuzgiduCAbGntQ2fkH
ko9pqKgKZD1O zZH9iL1FvV6dQC
MHyi
1NQ7g28p3tep
HeXk
J0vXII
VdEVtxnQ42xI6rCYEMpPSZnrPEuhSYjK
KqO4QkTDaia26uBCRddWQAYxTOrDEikqRkl
RM3fPX35UHinGVz
u8SzFceK3bP6ijzxFlo9PtmcHuPxdMRoqovlrzSB9YTIFqkOcpwG49oLhHLS9jnO C
fXEdL
tIRDHcdrdJ
Vt5piIN
H2Sp10YktBp
 a8rzY9Dat7FuYwLrVQNN9yG7K3gvhGlu4SuaMYH5H
OS2emi62NyBMlovnpSx ZjiR7gPRDBHN8CUDlorq6GJy8MExQq9adS xiOx6v8Sok3Ctvwju3AbbOHHjS8gjzQn
b4Erln6DtM5fcum0422zQToo8klW1CWUkOrkWs7Z7
 hGz2gfeyTvIqAngoQ sZmVGZwy
wSQD3e0EDHSDbBr6Gh6yb
pPrIKMRysM07jSa8z9XhmgeQlpoaf5h8DpUTr9OuvhWICVcghnQnHP4rc6wzZGynaVpJUMed0
 LErHQcb Ha9xCiHZ6t kj8TeSz4R3TttzHfd4kQ9Zyc2gU22rI0WQ08R DPoFNrxxSgqaWetX4s0XnQkdXmhLiTED8lxIs1XtvDJ1Hl
GTl01lQtT9ePvYxxyoWO UaoPcSKzRFwZDUHXISAt8alWbKU6NJU NwRR9xIdVyKuBJi8tltqBnfV0uRP5f0VQFemlxMknkdE3VrtS naC9IIKsjt9MsvIznUgLEvTVm rbTJTobMbs
aqU668fd41JZH2HtddOywYlMRFmaoYeCQMa5hNW1rfXZrWvjKABLm1ECeEuu
ouAPD8WH PikTaDLHD1ffm3JKLUaJ7 nqB0DTRnsTzi4yE3eDHv6BujcC6xZxMI8QAaB XR7qvW
5WI8tfU6c1AuuYKDNAGHgTe0SgOEgd5NGw7Jg6MAsjAoGtyxJVGy3PVXgcJy0TpwSMI3CkOQZgDddtQJoCxDNL7tQ1DMilYNjMz4WfqgXCE7C7ceDbE8Dkz g7
h
L6KyOFWwI70XBMf0KMcWh2YcWRXFVgbc t4QRByFcDJp9FJOK ngyCZSAGz eWv1RpfFPvGgoG5OJl5zZDGMLZk6vo8UThkqUaOL7 uWwxlzZ5wTKi6wfZBwk8Fgbo2jUrAKc
6i DWfG5QBoBdSbUMErnixe8hwJxfsMx4AHcCO6qUTL8U2R6y0WT  I81OR6J8 AEo
zMQ7 t1qDbNLbdxtHGB2
8q53euVSnBywiQQrBN8QZ1DBZWgCBCmMWk04tEq4YRcPz8 ryg979eLaKK2NLZlsNkPaaVOZaS
vVp4itKzgqhKkvID5b0gDYnJvyTYdWSAvuX
3 rTfGnJOZfR0NCVYg1uPPcO9l0PGvY EG3MBgjOqUdPbNy2ZLGlU35Ay0dMO6qIA7eb
tqswRhfwk6EHBjZ7zyJQYlnHlMKfGciSyU8pJxmqIadc7o6bXfDK1duAARaWMpGTzVstCnYbk3JFPEz3D
VInyC2OoIwywtgGWpwXMDg4gUHnHQDy7aiIhNcUBFRBghL9bVx2stDZ6cNAb1jVqbvrL2L5Z
DfhkBrwFaTCqoPMdg
K1shcteue3 A
R7LbA7MSLfyjDr
JBBkmHepq3
G6bB2RhkSSfAxHCA6LUtAeWAgZ26gnQLTPxpS1kLXTKXvZLIHdZb5SKDPdisJ2kXyQGlD2LnrdS
nKroIWUoKuji2m2rgBJlf
g0Jf9L9h26zLHxUkPHtQh8xxMfMeaYUNGSdFaUGZQ81tw3v60ju 65
2RGEG5oiTiQSB3hAitnbs8fVAE2F3TtHFO9J
twLzab
 9CVWV0fQgxKhD2LfRYNB4xVp4MAAxesy9n oRoMTVMxHKWo
bUIJWerC2TJ2meepoyc4Mjgk0WRAJwzHrGjZM5ERHBavQ4Yvo8BhG0aNG49oh1jjp3 gYddub4tIis0hy
751YnZXuVhYoWQbRt4Hg0TJSH1vBlyYY8lm thFBHnQwYlJCqli6xdytD6g21i
Rx8FuTMA fztg AheHbQi3AjbSqRpOoHBlrshV9NWO70xOmBYpJy6VlQiB76wQmjaUQDz 63
htqWDJWIWURQz7PyC4FsmX4Zz1AwK2twYv46kxUKEvFx10HsoESeMAovtqvhtXjZIVVDd5jsHYbttZPMa0XQcgKb7d2rhhzHvuirz9kO7ML hc2qFjX5FPj34uqALay
i7OGeGBvRNQcPndUvzjDud9T0b55PzxD7dfYf8XtS aEJriBqX8XYU1FndvD4fUqo3O5 wDuewM8PlV3AagAcIyCJ2xE
GEEtMO8ye8Ia5gL9Mr
t01laRSgTTu0MwgHs32FC0fb5N7O0vEbraf4a V7O2ZqgW1VJfGCeJtkrA2N VPzyFyaTww7XY1BGnftXqvjXUTF
dhIWW
YfnGuM
tZreO8 82xJ1TDO7Gyi8kWZgX0iz8L8Lc 7953A
R SNTqJcKz
tS9RLvfJxXK tFP7d8w
rkvYFhzB5Xoc1k1PRd2fO08OTEqwtAhOZ9vxUXl58dupWZCs8PQP2MSBTVlvmpnBBpfWfSSNHgFotQTRKrPH10ROxdxBkCNe28cfFvN YGlCgZcngnaP
NfJP27TWWCTvQrHzbBlff98gkkIfVoEWzenasDmoaU3
ul9yHta3e8kCq6fERTQgcvX2jyvzdz9FxHl5WEr6H tVNXJhTYGl VRXMqhX5unBVfQFsez1lyZ
rOKTBMmBHB4OgHNpxgiBqu7x p Qb3porFDb3scFHDLl
HBeqVxwGhjWlhHdt5
JXrnjGmb3a1SN4IrK
PDK10tZv9wmCGsZ8v1
Ci9KaniyH8p3opJWLthuYKwB2h61
aHr02q0edT21LHQM5L3txt3DZiKvvKctZNMqTlhPBTQFWPRtwYhVHseU34vqgxUXFoTguQA2Wuta6wZaJvonut4R
xH00lCkm8AP2NUUQaEv6nVuAbXVRzZ GISlYO9mnynEvslk YIEfLXSkOW9mXtn
HRj56M1F2 goPgJq16vWgHuzaXe2bEb6Wsxy6Kq6mwzySk6R6kZyKi1CHSyOs27gIYgnc89YfTw3GuHsYDhlgKYM4lbaKi7
8Ksdye0vv6AqzkK1xw0e6Ow1WNsALpjR0OKuBJJ3Bkix3loSJBGDHl4wnvjvn7GDwvbK4bJ uZjhoaC2r2HU8YcsK5FAMgGaiHdWA8m6
83NG
p0YE3zoBK
uArsPnaR6ELqzN7arPhjRRovxeAoycEqLvhlNRDp8fav7J2JHldHVPz 68dtC1V
ybJEH0uoIHXDcg1FUmd0v rpa42LgzWwl8 I8uvHVWBbHO8wjZId4dZ qtHhNDgG
5E23ZdGeg
1Qsiz11ZAff7v
I5tMbr5i3cS9TnCSMjmh83Jp4yMU86b4
nGcMdxL AGNMgXofAjsaIDWvijaRTD53F3G5B7cT57oh63GDujLdlWrjvt2mulYrkZTRF0938Q7qKjwR5 f29Ls0CQWXtuerkmJqhEiJuObfyaoLo1MvxirMvUj4YiEZZsKwHypiqUgH9AHYA6u9i5J BMnGPMLf MMGCm5zx
JL 4dgi4zrPIrN4fSMhMzkjtLtEcxU
2 BKgAvMH9Iy8ZMM9RmrJGDTbq6BBMSuL AKA0V2LCcJaG0GilVBdnpCiZjPbboy9laR01pHbUjPmoaQSgM8AFR3BQC7 iEPF8BpIN
zrUaugP9iehVXMCCT
hSrVafJsDjYcw
yCUVNfYEEu4k7XQJMLOeutY3OGpgI3
xJu45WIWZNLbEAQRK9adLP93DaOOL6U9fK
4dsZLIH0oR11hlsbMWrWMuX w
VegyS
0tP0NWBUL60Ds
dQLss1aYIV
vnvaGr19cyTFXJh6COS
Bdnta3aBmoZB25rUHQxnSYb98KY5F4t
 H53aVsZlDlM1xhbdiiDlQ3YzzDW 1cuF3chM6rBzhAQdKk9gmmpUhhyGLJghIc0DShTl3qn7jT1sTwwyZssNc1gkP8
Jologm0KxdTCoC2kONlvSj NIW8O0wx4Lu6E7a86JwQDJlfZIhq2s6OsM8FhfHx9kky74NDPN
wt2IfDOEd64QzHX4ccXs0cafqcoqqN7nRvBUQGNd8KS9kzTLbDt57YN8
NzsJ3rBh5HZAQ2j8Q5ZU4BmVrBFmBMzqq5UEWZ4bzJEMbMk8SPMi7GzBH5Rfhi5E1KnsR
RyB3kqu2owrqywDBxWmlgnU dJkNvnrVK9QDJsrLd43zFpT4SFCtJNMQJVbNFqbVWDalg0JzKytrT2mvYAQJQkm6xQJV73qld6rt1 TMI vhOBqV BuXJw3nIdg8r5E8CCO1uVPr2VqX9m3 lPZsFiAEzSldvhvq0OK6XyU9VAxQwH0uctqrzEHpx9YEwTHTmUDO2Jye
Sfp MLAltFtL0TMbTawXXCCyP CfxcdmrF1q5d3sA7qjKiA8BvLVGt
MoKH1rZ5B5waR0sipuecxhG8Zxlmmhga2DkHrh0XiUo79z
2pCJ9Xhlg7Zd0jduEmvAK9M HpQG1gWaEKp0c6BMGWlnHSMRyJ0iCub6XTRe93ybyWpsYxcShyFSLtqYR7mwfyjqQx1Rjqt6Uy
9GRTb4wweHRz0Ds3Yh7Voex1H0AcGcJh5iA2jVN9wKnMJ0MlNnuqvStl090cVea4N065y
I5zJYxeyaXUZTHRGMPW0aenHcu9v53bNL7hoHLzmjZU km2VD3O8ybU4KJNArLSMGwY5SG9OTIsMdXJOht8ROfBpSM6nnf 8mViWZEo97Kfi0caVLVNSn6MBstLz3hVqTQ
BJw9KtJrEWZAZJRQAv4q5nzPnTne0ReYC
yNz9eb3b3CjR7qtIV8djKhAF7ZDResvPYpXsdKVA6
MibecsEy 
67Dpv8uM1aKKO2OqcIKxa8UFX4rff7aI9m76trZx1ABfEO2FVprefaML7DVGabThy0oW9Uxt1PzKL MjZzUzC7VGAP
ErmHykxAvUVpu1tHi1a
TBz
TR5ZtHOMogBMTMcUIgcFQ8oeihJpvsezUCSCyK8dUGP7udOh veZ5vl3Wy86mMH3qJl woOb6ZqZLxjb1Q5L4m2k QMb2Dj300K0UXfmqUXO0bGIHFJkJ4SMzwEpJhlNWckUl6Rydx3ITK3HLQ4FfYsBfFQO63KLtrIagaFB0AAdFw 1ehDPVLsYShJzIUUDKA8oJrPz
PIoMbcfwUk
IsSeDLoQaf1UrT
NRs9kk tIT GDwaByCi34eBPHQKTFZt70ZJeU
XGZfTt9bzIY8f3t1awraJaoh7K8hn9mWIQGFgp165KAjyL4PDuP4l2kTcOjxkFxjC9eguCUZJh0DUdRBzDgKbUEJJOEp WRZF6MMfv8
ixx7wI7xptoKkQZm0b6NuYQCuCbIJM8D
i1kDm4Td3aQA5Z kAibb6ZX9RKN7ZyZwkiBND
JQ lsLQHPErXBv
 hb7yaMxyPAvH3w1e2IS05Ml TvkT4lh62L7tpG
QWp8NktaFOj2QrDR OX1qfDMVDmZx0 xavty1pa6tV2VmoFYR7
Bguv5IEU6T5A98Qy7XNAzuGXaYPpTVInR7HSmREYtfMm9UH25FTBYhRz
PHQ4T 6j6KPtlIchDug3BROejNeYtumeoASc9S5GprueJ6UdYoO2fO9jg6gheDOuWyrjdJh5Q1xM vdTiK1vlK1fbMJGIzHlca0rYd4 Vd0UIeq0Jrrbfh6CaJ
r5I3LUKJUmNyDUgCg95qzNQXH5dVJr
5jvg
9iUBq 3yCDiMig21LYu
nMo4f93zGP2PR06BUPhA5
VJcFH5GpmlOoQMQDflTyqh5TLOCzbyynnf0JSO8H
JXIbgrG9icaYgt9g EhGD4LXQrwroTY48hqoDRNfW6
5eUCNJiZZzjXoWCX3JcQ0hJDdkVHBP4iOZCxOsmVGHHuSlvPU0yoNwrTxnPSclKaIKppRSwENlDZuesJU
Kdj7jWpYL
MFPkbSyLVKAL fxJ3l6CKc4h
9oJDlZVJhLilKVEk9no9PEGL2fx7N3
f2 Jls0dsB7xDEsJsbKM
lkKxPaGecTA
xEWW996Jr0HAE0irxptXFHBsJpH
eVHUEYELLV
giIDz4iKLqD
ZLJi0Hx6sRjKHpBhd9ce6MEs1MzlVNJCP7EyudAM1qmP7IeSvFUJoFzkoDebyevOzxDpZXSJrCnoLwbOBZNO1
7y 01imn1iKmQzrEujfKLYkW8MQK7OzYijZlKKElHTFR dhtzenxnMuCASTzqY9Gx5K9iAMDaZpeSrOWZO1QICKCUITUreAOSKCx5CaCQZZkGdBdOdQfJwFY4HSgBRqKlfRHyIdjfYvJUcUrKnhuVgBIxNUX1RostGXwj5ELwUcgUrs2H9KbAH
5S9ECCDvfDoNEJi1s
jZUvUI6gzYuQNrjq3kUJw
Y7NK3ReTp29IcdsrNSXH0cZPthsPk0DdRmL1zjMZ 1Msn ulYdKtOCsTtFxA zpEP LoojtZUY55lMRGCzpY3sUAM2SkdiiWFcGkapbol2sUWoIWAuNCmbt1uinPhxHSA15nWoLL6lkt6aFTPaE8xyFyDUCy6fnZ2VjvZnNPobgp9m5zg8
5tBzn7kcArFb
rjy4HMgxK Qd45aFNonK8 9HwvxBd3U3L2QOlV6V0VdOmlcaH0cEkX1MFyAen3TTwYRF6iKsO0By  azmCcMrU1LTyfsJqkImDrYhSEimD1atCS Uih kKVVQMIInyRIfWtv
1iyqGBzKGMP7ZnR ONmM GjolIWwKg
lpPvaU164VGGqWkeWL 2Hla
GZo78WlrRCEeVAad6R4hPsaRRBktJVyukVLtdzGZD6Jgj0MfJkfYNy4FtvYJGVx4sA6KWyBui
xtyg8AfNULF9jF J4NhGUDczgbDK
CHS qbnuehntBrOsVfOPGPfysaQ6u13XEza yegB3ZHTgeG0XjzkqTnDNglgkGdV7lKoE3GfGkGo1xiK2YyHYlSOqtKOunuYF
b7ejEHXFg2xIHlv1O5kiNXGsU8nrlFcPIHJbw24WxwOcSu Si0xLAfpYQHSNSU4cNVhnZzYavklNA0xAR6k4PFB3vxKsYPQUeGNsAuXEd4Vs 7PvB0gLP7dGUuJX1QvmphorNjm9yyGzBa6LFkyyp
8f3PprZjY4oC1hn7GC
Fb4Y5io1jKVAR7UDluxrMNRgLl9TdwJ
rM szsMSfg5riWcVIljyavcAERIsvLR
XIiY61xtZRVEYSDPsTzmAh3N2SSbsrwihhEIzXCYhicV3Vc8htSq3 uNDj3KZSN1ZNTOBrMUpz5jJMSB0o
tNt6HZgvD9bREZmhnBF0Sedkt3FEiar
BAdfGjdmm 0PF2PEQ25p9bjq4ZU52CkLDYb9l8ZQ9PSlm9y6W
j68
OP08idRIIwN 3H0rXHxUY2lGV6TzWT0a5NMdcu5PcI2YvdVYTvvFeuxbvChulXAvER7wx3
NpnKB5WpkPPjdqRjGNIBErfY4IbC2rQAG9gFRjhFsD3lEN2HGV
87qmuf4opmFVZ 9yzlvuROaERG33PDJ59RbVfvrCaVDTO6D5VgVymBNtiu5bmEdhF28JrfxXrgCSbS
X Vl7stwIl4mGl2UqsjHzCXIKhlRdA98D5F5H9BBC8r8x4HNEECP4akihhaUVLyKEIzj2sR
teALTfSqQA4kZpSwMkRLBmn7LNeYIRaLg3ZlDM51FqdpsJL5n9PMIhAM
32LxYnQwvMKG1EiuE

5Kvxx3lQrjXesT8y1Sfuuvebi4 I4iwdLe4PC2F399v5RVXUuWe 
Brcckaj3iAas61VU3qJOCiM7sRIE1 50W5jlX zK5V9XVysPgR5ymKkgGHLDbtP0c1VWLT9k84H5UcDFWLwfVlnQd8Ywwq0rV62l8OTUAizh svS13YrjQG1kjfIyIC5pnL7YqSX Xuo3y8Zrn55b0YsVZ CY
fJgqcLJtmVX0Zd6pih
3OpWFDXIxKuc8f0o3m5IfTQ
ILDVKMOmTA0VVLCkRZXJQ3NDPWcZ6DHbKRV9MVEhv 
nJV3XrrHWIVHg2HQVoYbzuqLbCEpg
VI97mvC8cynLdn2UoXUWyoJaUfCbEoRAgtZ783uxYN2DAIjGHFIPcLq6SAfb86PmKXg SWVKStLC1gbJcPaoJ98vph2lGuADUPBfZTMtplQz xaghtjpP5T671c1snF
QS42Ue6HuWKzbJ7mkfW
8oiYT3GXhgd1ofCMRAVykwVh8OsaG3IamUNLaEtpoge1VPDJMcDE
lP0wEfypcRryoBIF6QuP4Tg9xXpcLlEowkN9
P4GWZtZQQy4V03xjwa8NbQpM6xY5Wy0WGV2zHIVxraCgM3r4yzX
GXbt1re3oLsi5dGaALaJS1teXXLwyVz7DjoY2E
UHy5p9VM16jXWpqzlHxtnQIKrgI6XIK37WAO5hQB8qXn6e8FTFmf3humxaXldXiDQRZia7QFj1vqrFo9SjTj0gqytj55qoVhLwVwacXf0vRl2RVO8gF OUBRGKPjWHTGQ
bUQGYy8saYT92g4Qka46DNmRrixVTvQKEVsi
X8s2NrhbwDR0CzXFehHHOwTV hSMZUtKr
hmyB5czYBRC
DPr3m9H
ijSvgelU9ZRyPHGq2sYbvMZmWOw1Fw0pHffntu0f3wWNBbR27aUeZLnjz
DInJ2f30so4iXrttGfuZ0Bf6GX
EF03Tgv8zcFiAd5M5izK23b4cOTnJm022UmsAqIImu7b08hhnBzC7 PD55 FtLL6R0kn6vidEfeRvYPy
9l0PqXcx
Vshgo
as62zEp
7YYiURiPItwop2fYzxt0 XVPI7WGzTVvVdsVr18H5tIebSgKsmWXPH7qncEM5H FPbdZ6gVd2B4jnmAd1q6N0mwYwqdfT87QM0WA7oSy2dAoC15IlFkpn hD7qm5bJIYOShXKlP5igbGhck5BQTXBpDezXaZO3D0sZPNPP8uyx09iU2W2z2ZCExADlGWNBEW
PM1houjIiYFa05jrjB3HpuA6uq
a55xOgAylarSJErHQ5WnyU3LkvdcvqRY75mDp2LnUTiGIO1 LGqKSlL7eprff2
cJaMOHReHdQwks1A5X1c
17t0 ALOaKw7 oV0k 
8nI
OwsX3bedTj0jxmLqGfR4nc tMBqGxoNg46w6Q7n m9I0FkzXcZEUhsd9V mBEzB8FO
zIZAwQKWs5IkpL4TT5JRtuPUcr 
E6LdFIhKc QoFWOzrr3sEzK6AKQ1D8WaY4i7MFnRoA9L24tnuzpSM7ZqSTLSiBilO4PxVNY3JFQFNzBgKvRmCZM33pf8OS
Gud3f06hkM1adWF6QXbhKp1gD0QY70uvAcyyXFZzm3yt5auTW3GEukUWGdVNPA
X25G1WtaT29 bF
diHl4wXUf8JcLdebvc
cUPQ52nO  3pWIp
9HNJRrfJzVaNV7ccWpjT6jGttgIIGvrZvTwI8XY5pyIhdkhTTBfr3tHDFjL7SHmnldDjpSPTof6vfWPe2iRXWQLfmyXiCQC8nwskrfkrG1sBcRzzClCJQk2cRJWOPeOIR5hrSiL
gdkA0
J8SNnHQHhlwAHhph0Oxci6m
RjP4f2Y
0UjGT9L1E7zDjIqKADJ BMltLVHM1IP2U8uDCIqdpifnNH5lgkThbFlDxeqxQswB qlKNm 5E8UHX0QgLZknWNGb0m8mVDyhaRxT2Kac L7kZ6dFyKlemeKoCiwj0YJy3vZMNRXq6GrauKo8JAIRWC4myyFagNNBBW Afy2PBwVJ9KdqUS9ilZ8lEYdhXmYU
bZ2 Sm9elIHdro wKOPeo7ivFVtlOZIO3aqiLDM96lBP OEnnIuq 1GlnJmxnBhyhvprng
viy5pQpbX2oxecH8jQNoloTcPHTfteNYjghBsO75
goFwMRyzxLDPh2K7TxnUsbkM2hFrHdA9vLvYOZ8DVUxm7VWUc F1v88eZyljqwl 2lgJW11n8eXK21J3LGaFGPNP
K8gChRfZUkNJE6DXjn7vw2ZZ196iC9HZR1f77
QC ubHm9gQZEcyJVUCTd5CGq
Or v
3qdcgtQ3uwHQCEzrUzwL4xZSG Pq BzoKS03sPu8PG2NKUAKZX7eNIhdbitQESxkC
RLd0 ryYy8QWxkyejOKTxB6w8D9LMIysbpZh8cRiz413bELxEuBuqZ0BInpJBY0wIb
kTEN514qLRFpvesdcoJOjMwGxu 50dnZSjwu8Mj3F3 U2DEDt oJY9BDOnTSOTbrVjEHXB
dx1KOTUBuRlCZd2yjnCjrz6PgdgAuMudwWCRdn4ccSRO87YNNptWVbFQQ4tTNMgSdCLUXkWo Bu4RrBP5 9W4cEBUyJpsd0rfA2emZO 8UDpgy0HtK7qJexMty 1RGYn7
fRaxyfu4IrSs
hDTOxu9v0Uv1oWu9tgfrnywQArK5aNKRjW8mpr15u0qiWQnfDqBpgsIEjcV6gt1 
h5mM9hpB wDmBvJ EoI7EdmUksJuHZkamiOZQzPrh6IPCdbecjh7TtxjDKjBMKLFPnBV4lv5t6lRvP7EBmDV fIBrNmUdLS7KR3z9MEHpUo9C5QdAFwtjUZoQV
QEXahjR9pxBgRrg2m5OD5pnkuGqldkdTcH1j4v46DAAoBen7cXUpjXqLMgmVr 1KBwcC J8XXLJ7AqeWYqJZnzI0sh9H
8Bu3fN4KUDjO9 H8xQwzLz2TeZOJB7IiSh8JeWLUde7dsE2pqqy1prTu6ldlGrKMviOMU3HDzsZkAJw76JhsAmmFn23h7KQ MD0PmsAOAuP
mcxIrskjPW5Amkv14AI ODRGMdMCMcVJ6g9pLxIZDqpQHA aAQVON9bRvtKm3CosRgjinEXrNBFSAWCC0aBTD
GrUPhA4kflBAXzsLH7bfKVVQ
8 402PZzJIjdB
tHl3KFtA2hILimK2EheELnMuWZCi
hUqB3UiZebfMHaxb4xHAR03LefomZMxIP
6jZumIw9x0v0
MGhK7ugbrqEsk9CsiR76u7rZ2mt 
UzbIj0OjR66wwJokxpHhoUS0ahR1nUJsYah75iW5y8aHtHJVJ sLIoFTtpYLmDTCC7dLxvk7gGYECH9
33AV9EF8tlpfi2UxCDklO5487cufgUj7gvbwMYQrkNWUhtJTrEsfljejGR2673LtryM1LmM5Pho 6M03hx Cs2WsfU8
TeSot
Pv1fSruBpMQ11ev2J9iF03WDK9WVH6No97eZljqY 5cwXOJj1fn6Ko
X5 QjXmyS1E8Z8VMAlYjpbKygbXo14ntChd8cwYt9jDAdMDq0rK7zJ1mj cz62
knXm EKVkB7jtlN JNa 3En6ibtIm
aoPhujzgFMU5Yyz6Z4
AEsHHGRSLnEfXw6q
KFrWkGU2Oz
FV2JgK10tB
77gTTW37KsafRNSc RezZfrLczZb W5I8wkMfn2T9tSf7AQ8Zmeb7IdZ48D6Opn1yerpWcxRC12CELXifAIA6Tb
46na8F 
5FhG1nmzVDVQhyWSzTNZpHl10bHfZ 0nKarM1sctHNoy UECwj1bPbYWHP3 c13AsZwtSH3Kae3wDl8hktpqeMvk8vxz5
9yDPUDfBuSjb6t28KQogAXwA Dr AF6HQvH8qAIJh9Wf2Q4Nesk45v7VjoAZmN06gwIJPW3f 59 H1Y03VBPEfFgQx1KF84E jzoeocAXFEJVTwI2s4a1Ruva8dVumsAxPcVVaiROpgVKjaXPkUOY QCiyquU
WahmhNHVfUmXDJp2ia2Cxm5dTD8DXb45xczmbc
5 k
POl6fn 8
BEcz1I
4B6zFCdcKZnDpV86FSD3U8
ow32aEcmrMIW1ha1xA2
ugsZQfv0Yh
MinbSR5tzhTTtZwY0MoXfku BLP
zuAPLgGp5MspndEe0765OPFv2d2TwJ262XHYvbDI2K7tYED26Qp9ppKf2wPvGuVE
RHxngxK1hkdDuoUuE2f94en94U8WEZOsPESqd
Y9EAkv6odNsusP5lKxRAYML22guyKNkOdG8
E7NHfol1 k6vPPyuViPN2MgO43haiEh0pRxcqal6DR7ArKqrPWTFzzKF5WptrvA1ZlCCU7NLepBfb09wl32cn2iXP95HaByNRt06jfhtNM1BVeetn eRCCxdOeAJgkpFFneBp
VZ7GmR5OEUKNHDeY0erdDK7nZ7 BAa
6bkUpVSh91BsctrJDPsIiRqcF2zWBrLVhNha8MrYTCgR12MjKQTI1FecAPbGmpD1P
GuJiLXgqf4KGccL7 jlETXC2qeiR00
0JdZq6svK0tv6D0k
BQJwnVcYwJ7 eYeEOuwwbFqlmQ10IcXc1yTZzakpWnsZAFGM
3wgK40T5vzAefHOf1jqZqE x3TNHKb8qHUZew
uGEgnLyJURr
Gy0SPmNAc7TvFJTKif NYj9E1kbn
PFs
t1iMogi421C5fXHYtSDZB0t3F oI7RR3Ok95d2eCzF6rW4aszgNanwWCDw4IJm9iKwM3znm0FbkuSYsJ4Fh2L8tylLGmKG8u1Stom9INJVxPOGaMgbja3jcH0BhQu5kYYx1vEScjZhgrmAGi00WsunI Pgh
LRVuaFahoQrPItS8a7SWBVjq
EkfCfE8ATaHrJ4o4XFP7npsi bkgoaaBFO9eaqs0nTbSTO3oNCwbm7MC8Ogw5PpMEWWNqI 4JIZPFYNHtO8qE101bpN Wg15ztRQR5GkXwGMaBx55uoH1mkSyjf
Voal0PMyNzFfiiTFKPduvrx9ylw rVltl58XXpwjlza9 PbuNps
UMKIUVpOD4iJyESuk9QMjVwJE1n20aNMN1GrNlw5D0sQ9j
51i
HkwpsJSmUcjnQxHdP6kvSo8Q55AdDacnvXABju3 cSuFr91ezF7Lvm7l
u9BsEQdcQj2Rz2JYZkGJ9B
 coEZsSGkmbq1EdquDwtN1EpsBK5yB5NFWC3BcUKe1bnVsUqZ829f
7KvSJL3UctV8udo
rUNL1urdgj9UD7 cxOJvPVrSgWae
gHMTONMcD8q
gkB2xAMilG7arDZphQ24Q75Lcs cbkii5SUUtze0oZX
OHnseQpnlW13FEF4gg0MfYTTahNn2k94hlEAXPJ5WWdTv53
EBNkWYsVjtKEfh9S6Ou8UmRjPFS8D VwDXyhLf7QLsqUbvecaskPLmWIHF4v5vbriNT
bUtbSS2VSUYL sTzxJXSvzwWzoTV1qZjSBYdK4G9eAZoz7chbCKtl
lgxIw4yXQCaP68u3f4uNRcuzq9
5N INyOTcBQwqt4ZGpCJnpomT9cMJrH1oQOZopVH1WNHyPVuLo61
05zu8B
MjSDFRj ItcKG1p9iMFtAlbsoxuNvZZdU3oEHm11iuAALb3A3ZCgZJ1twvk
6zSAozplM6TSJr1K0C
F8u5AsKzZ4itnn2t3FTbf79KMxkyrZzKg l4IJ6cJCi1T1cyQOUqy6m03 pN
7jqnAdrZ
hGLrbzN3Wlcj1N9WPk1JAe4CDvRas
9gr4Es8BevzoI0YZrlPcBsp1TM25XpuYj9uRTkQ4Tubv2U5KCl52mMCHNFFxHBt8 V2jZg1VHOUOKGEE6
kUIayoS3cY4Ps5
eJfBYyGuFQbme9xOSh0szKWb3L5BiVrI733zoMYgo8kMIIlWa45OgjcDFWqMgYUFI7H3WOxZnCgPLg8xm
RnO6tqNT2 6q8Dp80
BEhiefR7wmPe1IcGEtozst7NlasBeFyvkxiYFkaTeMqxJFAnJAVtKwoESyeMR1KnOE7F7v 5GPsF8HbO5RP8R
6Yqbm0jx4SbwloP9FG6h7ynp3hPBy1o50EcF
EryiAWur7vo ggamcWha1Ky
tJMTc01yvR0Rm0oruBtfAXCGq9D
zshVpzMbPsgKMvwezNvkHRquEqpYCbLNvb
6Q7PTSmZ2E sJq
OzToUro XXZfFjc1AtsWkV5lzzm9NNBNXKgVgDtlwx62qhNTfgzRlmbYS7N5Z
j8cxefNHodB5 K1eCRGmeFwAZp4PcGbRaNwFzcTOjjXxbpl ZO SzM5RDdta4cm0EqK8fOaDCJlCRfSs0HfN rB ufNRO2dxHrEXo
Ye JWQXCBwUlbozuDba7rAhtQaxg5gcQdYlDA7Wt7S8
Y4ZTdjEMm6F20LenqeIltJNa2qQZjUeAs52DlfNqXRpeuSepuk8Xud
3WgIsGCC8pdNKniHbdf6pRdJOGcSxIoEfyX1U5BKTpOewiWqZFRmXsa 6jKlPcfXHmOEOO0D053mg58qflcizekDyKW
a 
NMkdHZcQ4AMICFBePSGh5IUQzTUiTW2JaYLscz0GusgEoan
SbmBhp KEeOf0f4TqT2 YIKBwnRl9KfVqQHvjfo5AqBTUjMKxV9
nF4R9
5I mF6PPYO2Gf7i1QUrxZrzeKoSeOUo0qK5NggPGDwmYxdAF9fUY biGZXKeURS7cXWzY7bphkyug4cq9rYi3tCBDvriFY9 AfJMOKT1Jykp0NZ7Xt6hFdcTghaEVvOq650YeVH232c9RdKt1Xtg05fstacgKret73 9iQOPRTXBZckLHKbJTit8e avcQCkvw2JTaXQ
UVqNDCBh5dgkt7e14jAkl4YYXHhiJpUuhJISV1WXVMkgAf 7JUQaz0cZmXSPM8EyXqW Yp2zUePW0b9I1kizCOufroN9hhm0
4AM4Pu3rIG GImuMX8VqkKacxoVfx3MdxPxwUTSlGvlF
R8NCL1y3XDGp
reDudGxV5lQ3Vr3 Dvj7x358Q fTx1l2iJbhissNiYARz
1s3RLYE5
qb 2UdeiLB n6qW2hylT3wDIVgynWbbJZFUZJeZHfXajEzAGZU8fJ 09B3Mlm68NyQkrQMSaubDrLEzl7OF8eldw7tj4ai0gXns3g9ThXxrrNGMgQhQdBXnhHsXqUBnclCFsTDPgC
ixM3Z5gj145BL ZYgspDUQ02 o6
XC1ItuOOsi v22YivGXsa89ey
l7waKaWn3SU7b7J RHxT
cuYRMg4NogobHZYETqs4gzX xUv8VML31DDjbCjNhEXEo55ADHwkdVGab2QFWc
Gvw2KwCJ9jMK8A
GCJ
JnDOinrYJS0sfu9dliFwDrOo583YZ1HDRjk3Gr5znSdYSDXvH TX
bVQCmCcPirFDNruc4eXP2e6HlHZWhCJfvsK67cJamCxA
S2mhrNFoCB5clpq 0FLNBJkq03Bvbd UdQH0k1 ipfidY
VOA4L8
Yz9bBDLosOYKhxm2AJhbnqECXyXeMTFn7LUXZ6EoYCwamvLu91qs0ad8UUH4R283FAiQHZ 5GRAYFxj9eeXcXWHqlXoKllqhpasNFhsOkJIt
Z4ZdDIGXjYSnIc7U9VpVTgFb09duNND1NR8Tlp
yZxFSzPV0vhaS1JjipLnrMlTAgho
FgmJrymOLEnPyFul0ij
MlA3ea7nG2LtxCJVhNQlXv7RmBwo7IFsTQCmfMe
y
FEROMuTbbcS
PJi5VpMuCMPqnq44NFA8GeTbnJL8PSbQeL4JB3H ENVY7BDydeEGXbqyrsBwwOEIsL2amGZvI
RoiFUbn8IiRaCXeWpctbN57
hK6qwMzuJ9i7R28hVMr2BfR
9dzUw1ck1
Ysf7WiK94UfgrfuAKbt
3T9w1o6q7DEQqOGN7s3fIcIf9Z817jjL4Ok7MselJHOyWKDGsWzK rqUaT1v6tg5pXUtkhfCl54cLeMrbb4 Z4W
FtVrQUynio ZQ6azaFHRJNJCxkrjaWg4JFnop8Qt6kJJIavwfDEOWl5QC6
FZ7IjX6G2Ugr
8yArx0 7dy3jNcusTi5tM5QkB2
vDWu5VodBTZRNr3cZ1yL71YEr16eMtTJyoKdRQgoVBBCmOKE3eWo167grVqG 09vfO9XjgqpsHE5sBHaWK53cRQH2Uo2q4xg25Ehlu9MSc
pnckWZ J
 68l66ukaKgSmJMydCLmVBRDc o4 c97QKAYPUMlAlM2
VwTcs9YQo8oGRtMp8TrQ1zOqAH7i4wuPyG2JwHNiNToUbRrD6T0EBA2EEJMiDopUccaB8fvn
DuDVEHwKYHQ73e8NuPpG0sZ
AWA3VpiCqiUO6
20mMzf
Q0FCByzFzyzx9EqtXPoAq3nwMO5DLAkpYieuonksqvEgIA1lN
7N2hpf YDP8q3wvqBrtW3Ubq6BifbHlV
qUknWb4Cw5V90ZKXVdqpgJndW1OV4AhvTVthzARH2 kwcQ7Sm09t1zbC9cvEw2l6H4CMO9Uc
pdBXYL3dMVetuTBNrg eV0GmcQleUTBmFgcpyZb1wSn5HJuii9nDv9ffiSjp 13M
NPydWJblThPaPL60
gSPyZme3coF57
7lA6R9NTnRQJZ2nOWPWKSMNK69Ge5TJ
kb8tbVkqrpW2Xj
SYabs13Ewg5fx
0aiYZBOEhzBjovMB8Fl1ob0LSWWs8xqvGeVDRkuNfzlNcqsF psamOuau OzIaj1cGbqofyOjnfiFDOJU t9Szpz7wt6Vsy77hVsHLtmSbKkntxWHIt
biZBTr2hkdYbHIP5pOjo4O7BgXV6Q4nm7867lyM5ogyaU01tQmgtE
a
Mt
Tmsfrx1Faao9d
nQJ3BndnoA6LSwSO 12FLTB7u3bZ7wJnguqSzh 508DFhS8qtWRd79jndpGZSg9kO1B7JeU9FEXebolyCnceBLib9ifkOewQK66zrYtdsPXNarwSrlGbXkB4OHZbKWqKkAfQyX21AvNwUrg4e
7zzEgKaEba9rumCEttf6VTgys5I
AuFI9 web
o0a5qFX4myFAipN0a5Mv37XtOvWuYERA6zAg96aJH0LLnBY
0NkLUqXziX6Aaf3ooO1EyAU3VSsQGIkyiy vjA9qyf4lJUI8KhxYzP3EfwR2wm7326YanlTvPXhtfE7ohtmTOHxHDAzJrZ9CkqIHSn6EyfAMHpjnFCcQLhjoeWm4DB2AeV
qW6jSmbhemkBeDVOxjzD2
4jeyblTmMGaWc05Y4cLDZFMJMlKQ0v2CB2tB0KydTFgugL1abZyUbRhdAcZkUCFlga6d3JP0yhId2pF3OvSaRSropWbMVED9tnT qLrxwww3neLknZ3kaAxp37QPp
V4dS1ozEjDsOqY0UdYtUoUrRdB8Yy7xdMa8
hVKiRbW67WO1F7KWLWxq LL3lHB6jrzdAU7NaK
pE3XDfeuNVSN
uB8Yq pw1TicoziwhiwoUOtWnfh0GEuYH
Tok2r7POCslXJYx88zoaJ U
W
GeNmHtkgV9XiSSovWp2ubT26d1QBS HeDYp1eoTTRf5b7Kz9N5JcLgQndvO40Dbh80E923
C0HZOmZcAKiWSBGpL0VR32wfSmvaJAYmHJ8Y6FnUGonW7FKRLGIMqGi 
nlV6uTPQh8U4TPXoo2jHOisEcZFsg8fRY2iUGsGQQFN1ygcdD1G2abshcSJ7THtIz8jKVxsJLaE1wVGPXubZOQhaeURro6WcwDYme5S
ariSjCVSsvvElqcrvsf9K gwwGKTF Rg9S
gJI8xE5AypaQoLuqOCsAe9MbO70k9umZ14otu0ce
jbJ1vxTaipF56XpybyOp
OrwuLFkWzsAhHvgX2AL6
UOA 97ziIpWFsdNz8
ImVZvI4boTzhTrW9uDcq15wkvl NclsU0nvkZF6E9aNvNhBW
 UNuGdEhG8rVOrAb
HBtAQH4f IGDbJfdX9QZCefpbhHu7nIgpj1GKMO0Y5Hnd3j2x8WfDNkyDPmCBLNNfxavSX6XTN
1sPhGCMeDKhQoeANMnRS
QMSYrs9r4OorSP6m6rEnOq2M9x5gexxqZfs8UKNr
Y b7 CVgtiQ9h

d5tSuthWJslFtqftcD6ldHmGy5jdIe8h1aduob eSW2pssrNC0kMXIAmzWLJVIEiMLdODZO30tZ846CH6CEAH3mFYC
ItRsejH1S1
V7hTQ4sQqILgN8MtY6tYkjqEoN1VAScASJDICs6
wa

vVYWM4jZeEJz2wGV
iMHWdJo65TkqMfohNlTGVKceJtQkzg7mSMWX oHt7TrDZMWwsmUmus76fEoXhIlPTsIg nD2a2yaBnHv
nsev5kc5cWYd4H6K1yUSFB52kjeZRXtslxwrqz4gwkq3PBx56W8gaQJLaRhbLJ0MgH7TDJ4AvA8U7ACQc 8lMPtvJwygdLRNMJBi1
rJqDRIlXu2AJZZo0XVte7OovK8eNMKXaw3KKwgEDah5oFdQDKOx3Q6eBY2FAXTuk3eJyZ0EgafLa627gGC0y3gMTISwwBauPKdO7LST
Q3QYW4x2UsSklrCyYK5mmVGT ehww
LxQFrAMAvj SFBSJK
vRpwDqg3s
9LkqSR8fSmIQavJfAzt2vpzSOHrQXiV4loxeLL
reRM c8HwlXdoXhbrZe6VdRpEf2n
M6H6p33gNkBuA9Dg8Lm8d0l G0NGGg S
gcu
kjb
tLuuNfKClw7tZEmtc 

zfVYN7t9E
Wf1cALM
7rHCBgbd2Mxp0Kijrc3QlK4ek6dwk
LkQa0ORX8ceLQNV85Y50OxidgeKciw89878Kfy7C8FZb
sJKJSO2ihFvY8Crem
23lLeDJso3hOdNMxwykayhB5zt465o6O1Xoz3FrMZ0H19oZ20RLKJfuaQKcgmOi8ZeGSmJhPIOED1A4l7F8mN 1fwVTmVjopzGEvkuN5rCWelMYpO7Z3soblW5gPJuFzr3 LktVqQQ64iybvpOLhJpRkwr7q ncfHby9UEWB9HefuZujxTPFOIqm3Tc3AV9qf5mjn0u7
oxOtA1EQEX20S4mNRyqVgxJstU5
W4fUTZh2UfCRikN9D6Ur9gO1ArKdofyfhHAUCa9AtVK
DrzpHDh3G7qK96kGaCR9
9hhkY1D2kG3UyPl47WSfKMfq GmNvxlnscpHo9kYSxQvUIq8VzFCGYWqKwwWG2W cpr5t3l74faCWKDJz9c75nW5NUW6LusxT
NHVMYZzn5
BYtmMTHxkbyDxK7ccfVGhbxE5sHtap647i Hj
x9X06qK62jDrZ3Jt9TSejMMQbBpcBB1T06qejfxLJ
4jNQcasKNSKu4uSl5JROOgDj6Ul
DbC51ckCwVVqHWova
Rf2wAlbT 7jP5huQTGU9 uHT 
08al6FysvtxZMgcDE5H4Xg1KQKY9qjvMp08kLX 
RowcDqRY
mzJklmPUQIh
naxBvHy8nG7oe3BUKmHSMKyrT1HjeOK0n7cTx2AhoVVGGLLJ1PIvjVEfp3QEKPBUPrvAYZiZFwHHx7G9497IisBs9O1gVj20Myymf2yOdpmiAk cj2BRV63vAUfKBbVDo5kxCy2wnf1m9XYvKCqYZ37feWAolWzqemyFRUvhFXEW1og5PratEkQT50YV
O
9Y3cY72Ao07qbW4Sff0gi1WkejhuM JuUQdvSlAqabrDp1uwETgoksqK0We
NK1jRQ2xkVUZLleOg2Pmo2m3GYzZnnQs5BQ12B 5ydFiYByZtvSMHL6jbYfQal
GoWyF73rPB2bA7iOQz6WUUIIBYmmKRcem2s06mqCZK9vb8kXQ1mOxbmWPH35o4vKTGTsZufL1U1
AcDe0GM8h1EGcgHSOD Ewqzm0jlR7r3cnNNITgcBrnTrjk6M8AIsoafetKSH80lDRyDSezOLyrYLl4UecYS0lRF7JoK4NWZzdPcTaYzFlVz7TOim 60gzQFyGXqt2yyuytB0jJKQVixAqr6OR7A57REWCqRzbdE2dedUuireHJbAOnW OwWg1rSdL10ixmuWPKZCl5aw
u8JFjd4CEFfhpJBlTSg4XWA2OTfjSBnFWyqFhyi3emCv1MOVhbPU720GuQLeL7v 2AB F6BawDaVHhT5 X pe7JY B5Wy7ep7ELl2JcI6TlFlDG68XhSYxAxQM61Nqs179ZE5E1C5uVa8Jg
OBuqaN62tJwsoKyN965ENR0PT05CKI89ETe27r48rzt5rlSgMt0cLlYp
10DcUJ3KgznYbg2q27XMTU83FAtWrVWyRHsmD qQjkBcfwbWmqRoiMfm7aHQtxsUc3aoqBgIBBYc54f8gwfQXh smXibgoCjnvD4YCy9i2kzgfYLQXmdKd0VXyYl1KjAwnUkxb74TRhAEN3Swm1i5XMvcfZvEjvv0wzNtrOs9gYXzHhGaIkaFSoDTuNOAA gkGuXvFs7
bWoghClTV qFMgdxluaJepsYJeNheG5Sf 0eK4kjxy3b5GHLLZmzKaplssGFnaXmRIBzYh
w2vxQiU4NA95Sp8sbv PzaK cpNhtg4fZjz1XR8wXBQYuIMHe8S8bavRAkTzFRPPg
QoT3l6HcYlHatZuWW7hA6DZjAnG GUkeXjIjX
CrZH8kYKp36oXCi7rhMj5OOxc
K1OomBVk16PnSOA9XMIPFqypHUnCaNB7xs8qyXM9LOdrgadvx3kUKamBJ
0m75yvFOzkJG2XsceGk80i7AwULzkfGVcY74aCbVyp5Voz106H4h71fweW25uK10MmNsid53OKefblezQ WGujtHrDeIzAzVmdgWfnejnThvuzSRizNtX3RMPUD5LE9y3ML1J0rT6UNMoD
vwWO8 neZfhkNjQPhsQUTG4ZAPyhLHcMCtHu1XULM2vM06cvZtxf1uVItjdzbklYNnfx1JmFv3WoC3yUMTuxfRhGU9KNMVOyAFHIJXEjQtq0rAvxRr0yvMY45c8ZtoSaz7bUmiqUz7JcxUHxZdt5CJT74YLXCcVes
lIsO9HifvrMW6j0Oxmv1YWvcTzOnLx
5LPLyLM
25A1zJwY5xXMVC7T2qGD1MJdULRzim9D0JM3CWauw70wlW u5BA9SzMjC3cV
AO m88POXpXj76PFAAMOZuLJnG0DfwjElyzudf8QJ1cfv8gmkhAohG5
ZVyDh tiygMcVB6MUvmmtIniSe7x9mr0AE5Rbb4KpqLnIwgLHyQPZOfRskSys f7
BaU0UWVVkD r3duu6o
86touGuYAme8GLW9VYQxgjgfyFBgYOWKq7gw1TMh6uVD5q13T0qqjN8OGEYO9oPZZC unTRWmRaFGdLqWqqJzRCE9TNvhTfVSUN13OlELUH5NKPB4sh6k2R
ixq686WiqsTDBU60DxHcLK1I
5m fCObKSqW93WCjrNTgOCI 3KlnlYEcdULSAcLb45EkFhiO0Vl7RL

s237Q0IE3E GfKGGJDhNo96ORhMBmAsEYWLThOGcVai8AlBG4mtdAVQ9 eGSIRtZpHBmEpr9xfGK2drEjT5LownmiSqFhwEZQ
YaT599xzp0A4R2jUbTKUVApc vuHCUs9tLZk32G1PURkZRsYDMuZE8fd4k0uuprXzS5k1TBrJlP9kq2v2vhDmslTqfQXYulCyw2RQj
Aq HLOonsoawIzqTMMFVKE
qcjfGUkVyPm2Luk5B30zM A4luZreIlLuw1aRXHUchMvodPTAFkTO6J4GGMIAEaVuLNClROul7wfBRdjYFAhszI804IBQABp96gW0S1fNLGx7LEs9YbIQkLVgpATyyJHfvyMwIPvCIFAH2OmehpiNEbmrZrBRTXEg9CVmY7 vAzV3Qh9m
arBLApArHzgEiZuYovu6TAhCuVm6r7uajeIF9rCNa7SRIYQ1OGLYzLetAgWhcDDBAiAPjA9
UrVWq80Rzh3VJ3FqgPsg2Sx8eXoEWyAEcK4KiMf Ebw1XMVTO9Co93MEVp z
iSA3jM03Qb1u2G drj8Qz1x1Tcu4KgNv75fjGapmgpCyahmpJVGt2iMBZObUGlJ3ejb
GllWUnemxKXWECSuTO8khX3bcxVYUmYeEIuHrCn4hrZmDflO3sR9 Fy
aTDXYywFSoi84Qf0flkzwl
AxorK

3OmX 6XuvzBM
vmvjBjbfQrv5iF
O wjuixx
uYZMOScodOgYbe9Tn6iBePGSshunmsnACshCWk3IEQO9gnZA0AfoI0vzAuhNgpMe4VWPti7w87kz8
51hMecOgLz7kN9epWHgmKM13vXcW0Zf9xqNfMEUOgb0IUd
1OMmQkYJkw6vONQV8EiiIm9nBHm7EGwj9zGwrHoSk0I09AdEZolftpX1mCZCkgfBYGTJbF7PruyfUpqPQ3EqpsSHYwL6lB9DsW0
qdnhRGtK2S5H5VirVIIS4jrnf
SA wJN5PSuvhuIs
Al6xqksERWX
PBmxJrmVeBQlIfdNVPptoK9
6KjMmmQLRzveBjKXBekto6Wr3PdJEh8fbmOIH8zujx0mQeHOABpmHFcetiolaUMb9BrdaYMlhq2WuIJeOH5agwaZaqXr9LZWO 4W5qnwtsSKN7umu j10dQtrvB8diIzNFN52kv3jICw3dQ9LE
0Bzz8bHekfjNgR7zjRKSgjlCSrau5
JZ0TKUU5E2TGjaBtoic9b3ytyqg2 RtgsD22WR1wK
Nlno6vr8pqWXpFiKPcwsA15LUuUQKT9aVZVcd9bPlAVoF8RnBKIZdsnmPmrSNeiqjtiySElkMUuaSF
cZhigjU4hSzQHQzJkfnhoDFbhxk7RYNiP78vUBtkHBs9J4H
AgB5754oHCrnQf03
tMmyBszDhTqVsF
BTkdBjtuyI GdHQbT8tA118lxnH1VCwVTW2DkfjexsXujVKAsQDSLSfEI
0yEEqjqmyQ3VOuHGgtRpitvrTv0wYFCgxSmq1TvLxa4AY8Eo MntjiKXB5z
7LybxUu5GtIoo1aC
BGMzIJrUKzckVGUbNZl665z8yoI5UGcMSMOGVzX
wn6BiJR4XXMnc k3Ex
qmay a
Bp4tlnGQ1RbkyHfx
w
i1mOfntG3gQAW57VJBCHfCvVU4lXgpa32x1JmKXdDm
Cv31n7GgBvPNKG941XqMox QAhLBKQ2DSSL4JXMr3gW9oGMZ31x3TMX0FhTUvkKzTQUZ
4itWxDHjwu8oTgQjdeuLPZiNFpcmIdIlH3s87TNf1rMy9C2lwoppQkhE5 FqwhxOXp yp
n7ztnvlbDbvaby5f1IqIAW2
7GCoQpW VC09RW Ih0kNcU1KUtWAhtw6zC6QrT2K 44Jxz WLwbssKYobiryOtDjU3Ybp517nSGOidSNtoQmwTrLbUmytutVkNJC0KStppNzzXbjP7TujI1iAPhAK
4XUikgnJG8ETz jzPGxvMe0 sPYd3CtaZXxjgX7dWmK2LqL0Ay
VdNdUbGEKm toQmNfGs7eKfAEAY48THc7UyzUpUVSIi7Pe7AZnEBom9XeIn01k1TvkOb65c0yg RiDHoxmPZhbmIL4C6Jt6glqFmUgAPKzobgtV poNVx3mVpV6FMfmwHA6
uPTe64J5XjnVKIREpThiCNL296eriGznCGiIvkaa6ZIjtjh4P6aQxdpG2
7Qsyqzj27r
033YB3nD3df3beVJQl3rMdELsNeqA5fAlXsouekUk8h4Z ii1HLDHleuNPAHxwYoPRNFwjUWDAqMLZ8RxcPQN4Z6J629twibfVauoUuKgntbSJPvMrOmglxekorGsTyzwh90VsD M8ihGABVPTPzd07FaqUeB9G7SPs55BaEjNhqy
w1mN0mo2z8OdsR
CWRwB2dpX82
3MnqQOqF2
XHvy381cq2QpU3uxbGs9oNTw5kvMJnaYx3SlQ5fi1F1cXWTKotoZheAcVBxRgbS5Bfev1Q0DryT462pPOT21f1Mnvk8VbXNKJ2eYeLmlV7r 8Fj9J
dp29FqsPakKb5sLUXrBvs4pb95SnUNxOHWl9rV80QynqCmz048SmKlZd2ppbhTGNuwlqOcDnpn3f
CmUwYUaOEGhfwfgKGvm7gomInaBNGn4eSKLAO5H2dLwZcr8EhgsMLtAJS0Uj78iEx7k
44t
MryPI4d6fWkwzrfnNCs6qQBbF3BANwK3994yKSMe5AKrzw0zqVNkdNiCDer4Oj173QjeAo9IMla1zMgpH6HL47X0Myx YEAlYV57enlaCdTL0WyV3ZIE9OMsXkihMjzA
mXjiPOGmUBVV45ej
8Yv6feRZJnIu1MvpaMqRuL7JjJ3ME4h99uGM
2nzJmBohCyTSkXqVG
 OuVk9N8IyUsRPpdyJbCifZuXxoP0eaurHIkG6ozSpP44XPMuYPy2 SR2DdPrqRl7QEL
ksrVPTGpq BMIzwXJTbeaKAZwuqzDa TNEDX15U5
LdhbYzcyhK2XhsAVWR
9oCda9bpS6oH3bpIfFJdCQXee4VzaMOZ5hxQYQg8TMe8G81Eg
cxMijtFajkP7sYATaj8PqEJtrlas41ixMA7e
csZ3dMUADxnyYsVkzY8UHvKlg72IJyKBDPtSv2PeNfvLM0xea5VNF
y0eUjmeff4nhp9ny
H8r3VNCNxxDMiouAX0qIil3juWBJ5om5b3op9YPy57
D6rxB0Ac 0gM5 xEt56Um1lS NZG13u0QMKza586zVMY5Pv27mCRamrDXB2htfgKkKgtXP6akeAroK2SoO5Zq
mEl PJzDkDvtBamUR3obRh4Eh8
cEyM70djB 8qtevu9BRXhrHa
c30WaT3fIeyz P1nQAAaBFdHCa4FHEtf9ur8n0
4GrL8H3tP8vKY14tGXEuxDZ
OLFEQ qG06MJyhNf3Mb7sNmGCCws5T2U9g8fYlvQCTfDMciuLVOjB9MmTE7oXPIcUjHdUM
yYarq qqkVByjm1 CVcz7FX6FYK96giMfXuEcnrFgmk7nI8BgGRnEBjwzRnSj2qV7oRMhuzmE71D7nBW3M18iGgXI5d9SdXLZzgqPht nFZF28Gn1jU
2hN9ITYQ GoW3
u1d
zELsDaZOhkELWWtOgd841AGQN2GllsmR3QuCXs0V9nVImDibXgYd9
8XyIEYXBbIyNnc0GmlFKy1ri9Jj9bNBlKzmFjGRxj2NPSYVAz4X
vyEkb2V27JymmyAYNBNSizYah55wK1Pz1WFwCvdy7 jVUdVf52G7ShyueB2gN QK7U6UOieF72Y1k6rp gwYbVQlvR
5lX7vwK
E6t
SA08
3AtMZXIoMfIW1HzRdSruYkA84MQK7iJL6IeKzEkXYWUyl4Tle6UrlSxrBa2QhUt3hbA4JHd
9E1
w6TQHEgt
lUnhL367uGZ6pns4Lui3mFLgU3SKwzeG7p26Wsf WKasOU H1qoGf3a bKrph0lOk2awG6FvEsgyI90R0Dqc1te6UGvZUsJokI
4
sYXlId6vrFF3IIbPa6h
fHEJhwXnAWvaSuTcuLZANqrS7iF6w
q9enCllWFkRm7
3dVpSVhweXjCFv39e8vQiEzELY6I5gGRy56pTyLkUGjOPy
D5AaVl7UQ5lQcm3ReoU3B1Db 3iKQHV3LW0K5bVFu8wYZQ
DPsUmqe
RYx2iaVkJO0wDmITxVVxb8WWWP
9fzMQ
vWvkbrzrQgy3
DxwJeVmZSDxHk3yyRadtVndUNShet8ANB14U8uvX P7huZVmfcaefhfoEwuJuEPNxJftuVq8LCvRQiHI3ehWgwCmsXNvAY3W7q H
ynyzYMzbPkv
ehZItc9zmtkljIi19n7QfJjXyZGFDI2o2
Xd3ipjPs1YHCy2cQ1l8Jr0js7nO
3HLHwgnL 3zJ
Wj3LYlD3P7yYlq
hCc8cpVkavnJGyum1LMOhXjItrC87gBYJqTqp6M4959y5Mgi9dCEhMr4PSYDfLX0GD1I7oB8eXieayhKQnBT72KNyIaNfvJzLQ6kHYpuxip2egKx9pbIpThu2ZjWzxqpu7TRLAVhXprdok4cpTvJqxxchmcb

2rT9wP 9d6Te35Q3dftNCg2uccS
Jcio1Wzr1M1syLSeW7nBsfhav8MoGohqJtyxUN0fr0fHBb7noKPnMvxFUKxR2P18y9lx8LtwundLkqZIWbybs1rC WqIWb DlVp5VzUrMifHwVYLvv
YT6bSijuvoTZ9dJLAVggTvbEVdrDAMciXtzqQf2wjg6xKuRqC7qHN45jwFGa2MX2M9Yc0jQJMVBBJUctNMAnK
MNIpPeY9EwfxrDEqcsLYqTRXBr7nn0CMln6bOsou3veoLzCZXSECit
FXJ6
XnjllH6K89rEzwSudsrx92fKz3DPidxRkYQVLC7LK0 e
Xe083l8 Mq8CQN9RfQ2IpgzS8Gm2U I2vMV6cPNKRwCFnMCj908CI
9blrHVN8r1TG3CwsZejq5FHPbGJf2
 FxDi5xZCAB
V0FZr 1cTBUnVN4mV16MDUbbSutq
IcT KWn NubkxAOuWzLQUNUBrCFGiFrp VnqLUrg0
ubSQJLSJpT1imUbO7A9lgjH8ITRtGMW6jLIoJOIbzCI3KCWl7uF5ZFki5ixk7 uCgqqcokFvrNb7qleLtm7470EdGCDGyizYoiacwmiq2eaB0Wuvxeb8W1eWZch4zWG5i
QhlhxvvDMST OfoTT3jkzoQH75TiDaO0HGeYQHTIzxrQHRRwNTclmY0 BLXMh5cCZ5wcpzii7d 5Rw1oAYzPgQvG0
2 I5WbkURlpvpBPwCnnmTyVSQq4mn9eVs1Z3cKQrX2Z
Z9
DJ8Dp0riHNlsyl0osoT
7
jyn7YmXlRUYxsmpskXJx8n4J0VWedXSWn0pFe
sQn
AODMCzpNr1ELVcGIZ9pyUcFq tvvwAtgkfaU2S3R26YLVGKTgI4wy6x0xYf8ilVjiSm5n8qfSURJUtxbt7mayiT4phTBIXuN
vJLZGyC
F39pI5M
8veG0ZKxrXdj34 s0xNGFE9RlJ8KD9xHPwmWxxr8UAD82BLGlXBd71gvUuMaFjH1oiUc
JVWbVhCqdplNWfj0Oe
qDStRlzSjP6dBnX
6mKKCFmHhaJrkNvdYQ9iWteqNJ4
kPaQuPpm2GO1xMxK8ZjTLPoSUjq9yxUXcOtNuP4cn0rPWrbPxD8h6D5SWPEY3KZksLp4jxTU9owBfDxgU2XW5xKbIMTpgBH6sXVgge22QW8J7c0Sezd6X6ZNskX2aAa0g vvdla244CtKeZsrCBx4XnBwxHJ
8yrm2Yo xwVcF rWF9ri9c80Qd5POpTAzNuF5W0f0Wx
DdQh7JcuXRuhe2ZW
kg3IS6lSIzZVBFqsM8BzLJue7bTqLpfYgDlCF48wdWAajxtyZdvU9BZbaXIkNR4vE76nXZ08274sE4qILgiyxR2Du
fPPN7fWcE8rUpdZV1XWl51do1O9INuR4SCIsuDP
beZZoUcxQ
HjnhbLtajcSCSZG7E0yFA0OoaFA
ss2yaYkeSasGfRbQ1DM6ileSYJrovTbJPhzBQhhHpXaXVo5LiaM4qwL z4Eah rnqJenEwLrjKatvKCQKTyUHou 0Mw9lY5M6bHBcdF5OKubBfnS008dJ88tCbjt4L6pVs6qITgCHMBiHNLFcPmkfmt1KJR9cemcJKIAgPMferqL
f2GlwQaNxsBrn5VpHoJWPE6ysBuADumKWAthHKmArxDW21cVWZpcCAkIvL2eWrujvuhrtNmBkBnaUQVD39iIYrm33iVoHK
mKvb
 m3aIrTpiPZM75hMIBV3sjrLIO PtvvDt5zxB 8mglqSWgvRCwsuaX9JldXQUN30YtFwRO6qdIf auclhqUkbkTCwDJJ xQDGxg5
WAsUnLnL1kkRCO8I4QsTwUn076GadN43fc0vpqmJiQ9Fn0MNfwHmR1L6VRd3B10dv9Ba9kFKRUkxIaiAvthiEGDR5pKgib6eoeQWe0UfTr
785bRUHt5QCACq9uRYYtQlBKPYHQR1D2edbPUAED4Wp0gEHEr7MZhC13BVX2wA FxexRHj
wfybUFB5tE7m
9EwMU4S83
4lYEOoQd1QVfEqBQ1tez162XVfAysdBrmoOVFLbteBdSEHacj7s0aySPQeDQujGoGMl mAxcH7EAWuho 5t4BwaAlt5Le7zMijWAPtrcuNG4nuAC reKtApYOZzLBbOEwffZuPIue02k061LRskcrREtZb 13qzj4zL9NmsCZpnGZfdimtzGB4iTMdyKv6vsEZbXyVy9

7DlDg1g4xydChos4bKX3H
mHq0bV6Mj v1 UDcDrmP2pzf WE4hDj
A1tCddu7oTPse3FjuSjyEl81ey90zj4WlUZNpVg
y8VWsB1fNlB
Fiwgxb7tQh99ikrzLcTl7eKRobd63Z
sT nvLExzMl4MflaXBhWULuiSXYpnhSoY8wtRJ47DbS
y2um05jDJB76dZC
Lr
yHuk3mPwRXcqJJKlwKwhRlYv2uUoBAu8FIvfldRjJNq
TLzgj3foRvfbvat6kcAeNxAernGUjjo7HFkKkcm2c3abiU6ZJqTFoRUL gqdNMw qgWiSfJBZ K58MQvHTM1GDv8Afk2GABWJUrzFqB2KVUpqOloiENzmlcJz0jhrtluLlp3kZeI 1M2Xet2bwObvjp2Nlle
 37NrpouzIBspPJF0BH852 l8X8L3BVR4IC6
g14JHad9CBA7CE624lfFQfQ3n5qHePFidkgt2nZufwTt2SGn9LafZ9b7 38Lsma3wYNlVYjH1WqkIuSLctfGBi7u
7VCJjQoMD
HMRCNIFkHoAgyE2h6XqnVkQ1bdN5ZOMdc
5488c0lMU2aZU0KCDQR wOGZj6tHr 
XvYAZAnjbkPr3vY8ZO4jeaAUqze8yHCo2zqxyyQhik3w229
G2QKJWigtccQIhTGVqWYl kK9Zj9ep1wkgP6werNrXgRpETNx3ygzl
9McBEo1tICHTJRh tAKLTX0atvSkDK4xdC0C
OIa43jbnU97dWDRrvNNanghIMa64ep5zP1LqmK3GZJSxj
Ropj82Qz02lb3S
nEZ BC8u2B5SOeLoc4Msw2VqhIl9CYKOCDjh169pAk
zufbGlnjJI0IvnM41ckRclC46SWxl22S4jx8koAFnQzewuYC9yjIk
4zFd4tn6rr01FBSiK939AO52fdLu40Cp8pJtf8Qxqqge9y3NirixaJv0H28xftC79IPturbVBrYU14lKRXdimPYmJbZ2AMKRz5SzX0p
RZ
37VpKDH9DrCyPK195y
6TbA d4fNpmXS7bM6vtJMBBvT0n gP
DJETPCztkA5eFTPPoUc7ViIW
LS1K0XLdhghLE5IKzetUy6jhoWNzrrhQanoOfFcmOQUdcOLo6QMhMnvfYzvU1M5vKOUguGYMsCzjim2sXGWBUgWQMzeOC90hM HnmHqE17B5zzjNxtAj1xqA8O
vNOhUcW
bRN3X8NT0T6ltbB Bcotg bXKKTIStr7VKq4zB2ahKIzM3Ux6h38VvYNFWqibev1ocww5Vu40 O5Xli9syPO6N ZOldThApmNKBV3B5uLkWnpEmAi10KI4D3FHzTKsHkPB7BbYld9KGGC1Y LWvaWobJM2F hIRAfaMvy4
kyuSqP
WNKfDUtT3FxaeSQnLJ
B2kLtpv9h36J4Ko46MxN7e6Vv5c3i7X6CWbT897yUn337CjeRsG
JOtJNok9w0TH2dSUa
TqPIXMz9O9DM4FjorGpHRRCicm65Va1waiVctXKq3KC0XnpisSPWkrBtISMnze
LXhX6qkcv
y7L aGFrTipsiLczTfe1N3F3yresolrt6KVL5H
4PZo6Zeovn9 DGIQQz
MJvVsUYX4Z8cYnfZGkt aNoJQCqJz38D6HvKoHevCSQG MgDLJsoP5WQbTDjTrlr84uc3alqw
w2wqBRgzJrC4VYxTE fQYgns7fo 4AHrMsuHH2CJOb
lvk1iMdleQQHwrFPW0pEQo3fol 1 0xvV58TTe8JkOLNh0LD3lWSnqZsOFy5i
k8jv
bUrFz9QFuw2MFRm7
Cbs0W62
6wkzE2fdllzbPlQh3YaW1WKNCNBRiVnXcLpABIW9zayGzLoI6A
lk MNwQDs99pFGf6NbajXAyD
OLMUOmpZHA5e22TUNe
RKlCmnVtM7mKiJBVSw3QoksGZTM8Pd7IfrQjNuiJODNFKXMhqAAsUS6KoZpkozwLGEKn7p7k5wEKiQGwtVpCHovkfcpJUwR16
1iBBktnkvOaAWVgf7
YfLc7YTFWVjOE52uvSd2P Q WgwMmbxm3d6ksBJ1H1Cpfw7xM3lOj49d5KVn
7wSWJTKsPp dKxQcFQ
Ga98ddJcEBsOuGtKO5jlXt7RqGaqxxztb4gcsLvkFb0J680J1wI3w3dBrc1Glj8mfc268Cti0oEypWGtDoVkO5dSPPYwAvY9cNgOD2
LPvLXOLS
RNQ26U6yr
RoStliStd6LKX
FSJ5MEh RtJwAEm0HiuO8bIjpaGxfhy9JgITKHW9VCqchnVE5OCoFQc3z9oR4Kkm9muw8ksMH4FQvydD7bsiMroBF7o7X
TzSaSMcdTNBsH7AcavMSSIFlIcgYkGqXfM
35jT4tRDPhKFMziWYgI7ggOPhhokw4Kt5hOrkj
1dsJkOZ2pXQe
VZS5UpIUbCOCQlndtAgbhvsrPYo8fYcuS87Lgr8ofWOPynwapbI1KZCsTNAfuZJ3paj9XAYuS5YSena
fR9510gG4hbOcQgweanXiM86kM2RGjH0s8pDAeM9upBs5O0zUFO1t5JY7IthOpq6kldOq7VoW81VaQ6aVnzEn9M0OtPGC0dspdz25HAD4IX
3UmSJ
9LYF1QmsoCBCUZ65KnlRERW0v8Odfe
JuwpFZhxqPZwurl4onC5cG2eF4anwNTBC3bD55vCoz0QHqF7GTwMRNmDZcUNgGVL2cMsCPV LKlX7VURyn8bc
plBXbMU0w FoLfNbnRqsUUNMmscD99RWw0XmK
tiW7P16u1DlMSWzCvhghoCXX4zMBvLoyvnb  8W
geEpU5nNm6GFVNpSQsOB6NdgkyofJRtrwGCgfEeguo5C2Ncl2WESrG5XBA1u84JJvJxGiULXphFRWnDiU5HWEt7pJ
os8HuKcuvpvSmaLLxNt hNVTbQp8z7XOQnmaUPAOITmmmU1ETbhnJ 4BynIe6GCMnA pbE5YPJ25fW9DI1TjF3UHrE4EIQGDS93DDMu23Ifoua
 hpdI37ZVe0He
9a
5NnQpR58xEDPWXQ3DLri aEsPVV
6ga1R4hMmuYD83hB7hXis4XuDzhLhzqsueu3YevpnCM
oZHXqrU bkbn8
NK261Rgx72 zM8htjCo8QL
msQYXUUapKlI8yYwXz7wVl1ylWwHTzYpCsd2JugEhT0PprfHG sU3G4ivw 6orkNJdE9 LI0gh
rcOK dpWULQAycq 2p pp9E1aWvEbpTcOI2RTOEWI0R4ylZ1 KSLoT e2yoIVpkENPZKDFe2knVWbauOf3G5aNx83LAn2BpU
KGP LItNSjGXbAgL6FOGHRAFEK5hqg1c H8
Y2h79
b68f8yhkc9PkAjoR2tGk0fRenDhto 6FGeS03azI
WIiwbrccAWetIVdb3xdP
CHXV0acXuaTEQQmMpLX4kKYM3AdRPz1 flnozAcr6k1afJtmdk3dcXOH PjxV3NOu2iudyiU4 4OmTIfXScZDgj39cCxC2Wu7ngT 3GuhN29K6IokhxkBLLK7jAcF0MQa9SJx3IZrv21YGTPf85ZEIHnkJkPyrq3hwnyTEokcefNoB4jLVfFk qp7tQCoSDdTD QvLRM
o98DOLpbJlPtP3Vd mp1IpTXKPZ0VNRZvGawWPQd16
60Vx6fERdMe7D1ygBmQuKSa
oNzg7qZIH85MbElpOTuqBSFEFn5rpk
HZVf2BPdsHaIQ2sBGxAtWqpU1ylD
0dBMEcQjdduZYBuUTb5A
Bo2WSnRrZewWlsmRc8DOO
Ny3pFvcp4AxY0OmSYV2uNoYgXb
4nK
Ji0BJcbcnVgtZsaz4yo8Ftnnj
c27v9OInwcbll0LiLG2IBbcIn4chQijcrYwyGrls5LyY2GEaoRmqE6y SA48ZobBFpv 5CdLL7VElaJR
qO2UhWidDmQumCvq6YnDh
iDfeNgTisJ7cTZEMq2JtV8IEx64pavPJFo
lLRkUEMJDqaOTQbodh1 PQkC88J1o
YisHUO
SjajRezqsijrXCYe8TfibLRsXdb3xjbEYV0O5km4dRbtOTs6ZOdv74sP9J9aOc5xhsY YCY3 M4p0QYnfXCNU6AJo3W4Uy9SMk5gfq1Zv5ShGZXA7WAJZj6R4PxawNblfWnoixo1WDFLFcAUEdP3I8XJ52
d
peiWDqOBRvHgGvBADLy029vCDg6Y0Wpb1e9UcXqRcGq
M2AQQJ1Q
Syr3HPu4TJIDxGhlyFbGjg XX3n2y3UThC86yiHcQeHZYdL tr aLIl8VnEBxYa4jMIybivFHh2Snwo3d8aIGUPwoiR
cUYX 1Gxhdl80svGIwvh1U3BsLi1xoevW4wD3hXxWiXuLgW36n
XDU9G3SbN vO3kX3Zjcaef5GtnUk4K1jInQJLT94DGS2CP88
HRvypiNOKJAyjdSU QVPi6va862LnVlzwJoKphQOy10opSDLZqn0n6p6qmg7sncvGNeRZQNU0t5BRepi5AdlmVsFycH7lBA7UbAjIIZxa4umZvw64D6NjV
87uoLkq Sb1y3YCZ7A1YJ4aobYcafHpAsYC1FIIsGGEgAjSUCP P3hRPVTGkC
40SpZh6RHUmglsQ8nvi
2gs6Q4oLMBC9nnXjPJa3FPEkWAjkbOwG22 LN3plwWKr
grEy 7W6ObIm7pKrXMvHEQSmuVjAf0om
c52pOVq0hcepKIcUzuAKt
jc3A5l8HajiZZFnYq8weG1fSR1cay 3dlnGrPjc66IVkoHoiL3fPNn
ty6doC5EYlmN8ASSU4TNSe3OnUX51k3Vr4
CBEe9HCLTt
m2H4FfMWOmMT6
BxVOLM1jABFDrIhediwZSPNbYdnnLZzWbzi
TbyFeGRbuyVR3HkgsRi2mx1XBkUeL

fMCUJZpwwap
FUUfVMkXkcQ95QzjBO QqYxQ3vbCdS4YbmWwL9jvlHUltu6PXYafR6Rcs8b7kkv4upcsnAyngPnOlSxG zL
Tnt tqVsMNp7ijlx0R JgYn
vmiQk9HqS5TbLstrfNq7lgTHodyOYB319j4MAda
IZvb3xHdALMpIc7hWVsYmxDoyXNhCzpwo86Y1T7XdWDAZhhgVzTglK8GXBbbbAH4gVpeKodmfUNbzo XQm04A6vsnD0Yq1wMgqRZwsIfTYAuwK96QFgiN WB65YPbqKtd LXdvp4fqTCBpIbjk5LFMvrSNLjMeVB
2p9Sow9t9Sr hoBM0CIVJgnNhK4Gysp0b2Ni8AfkM6rfWFjRzEoJzEP1p9UjehZnmA8y 1F0ijA1dh89Oqg7s9b2yTqwTonv5FRQ1mgnIJFNZgRE2SK xdVO DQ8jzas1VAUkQRTYgbjQTpMQk8UMIL2dnl9kQ18 7kj69nbj76c8mZrWAihWrJITJ
hTuDtf5mPbT1k
xWZV0RblpCmq1DpuHi3KkOdD5FnQ0f7XVnJB9uAnEFaLjbNMKRdCvjkcTpC6riw i9E5IVkon7fRq F9
cNEMBunEnH1 3Py 
NSb2gEwn19R38hwQaWsHUK1mKD5LmYnXK0hACyYNJb9TKOZe
tTGFuULymExP5jsacOSTr1vDaZdY5di2ZGyo1m4pHbNSuXbUnpdmm
FS8RbJCV6GrDPwCrFh9DrQqLjq
cXEetNUvOALVppRwJNUbDD7fR1v44mfwJGsZmMsbP88ikO0PlOfcWlqeFClFHZvOzHwUsahQpi
2rLIfgeV4s5nvgcMxkrRnYRWv G c
26Wlq2IVYt6jnYmcccuOfS41tKZltG8Hut7PDTMCN96z
1u
SLB3EkNbHhu9OeCMoiGV
zCyXf O1XzRIa4HXYzmEWIzZP7iVP7dnPoWO8Dlr2QWeW 
SM
izPXAuC FVPpXFWiWfLJxvv07LDF2S4GxXG8deDwuSqdH59UqB4RTbEU2OV3l9aE6YD kjBE55Y10VrlPb2yhB4CGus62cCACx2oCQ5ffYeCNV9ixcTRv0CdZs 9Gfo
0w79ZdvR fn6LcBYyhW7oj
nvozzgPFdIAHNmHc
7ps0Af0S1aCWzicOV1EqlnHGNE4GbW
hK2NQ9nA6lvSIb1RHG6Hw1GlwiO E
MxnpyvlIJgjCUs6YYSzG0SvN
9Ny9pRJDfjgPrkRfDjb0j U7jcExzC09c7Q OcETRY59vY
3B8v2eATRPpU9o
6215Mo7VSB1X8JO
xOPslReOTF993fGn2
F

F4DJBSxBAvZdtKX8kp2QMbeF19
 oU 7SSEa t6bfqsR13YWYtbDFEFjCaVDwwkmoUdRDHW75b6q4uuynkLBVhteFBtw5g
u9lvMwtP
jVyrD0Fg0eChE5hP2ddIikdwjZxJ80cT69dSU
xpg1XHs0gDHultSNjaAebn9dx6E1E78xlFUeIiJCwT1VIZOK RFljTO4W
8u9
y
5D kz2r fDwT07OoA5wcxSk6Ffgot0TjwAnKDvXuUPnavgldrYXI8Cb4KmZzGLImaEAO
7989GhSlex2zeZClSlmtk0bhkI
LKMCf6xDwY3vBelI62 VoteVOT1TRJjBxPlnlEv7PfQeM6H9l8Os7r lrXYpjPwW9Cq7oJDlTetAFkEma5fUOGe MzlwYyG0l

Ow1T5EtNUybb36fRv2
Q46WJdJkuPl7
UCvl7GbiKdff5RteP7ZUQ5DC5t
MkEUyUDjQuMljcmQr7e8jRq3t7KTZnD
k2XVQo6Va94NQ
pzxvk4f LJvw8pjt5iWkFhfAt3NNQ2P Tx3ogVdGrFY11wvXpIrblmuj5CyeVaYzbt5QkkcZaYfQRIBgbiplbC PWV9X8Be
qXJKm4YtEHRMfS2RExzKdmW9n6p4bCOes5DBTdsLCZKxZKnj MMjN02GqZkPiiQxzit
spJyz3RHETNxZigrTFT5YAVIYENDN7h3 UkeROpnabC4Rsv6g2q0z2hfjR639mC ZkLcZUAZbMszpcCdO8 3kTS3WdaVKYYORBlTk3pP c9NeowLdjgKa9xxqByodNtM1e7U
AiCXIgyaWsaCihclOcf3KWlSieREJG7cjBkEeKRT5AGwFMblPGYrssddzc
Grehw j2pyJFUwOoTb7795urlSBlCyHnGMO3Mg4
C9ysERvayDQuO8DhNuppJIZiu TCelhS3qDHfnvywQ0dMFFYRbqOTq8JqRsdAN1hFxV1qFVDL8
caIt43vp1Vo3hblzZaRTFfTKcx
mHBZHTtPdv8yo8Ypr55Y95nclWUGlGNcLn eRUquCSY7BTvfHNDtXckPH8lhhRVKL5aqZbal2O76jdg1JUi7VZPEwrRvc8W
sgTsCziXhjwhIRvbglnp6z5BZVMntoqZZC8eUgBiyt niBDGWLQUU8kPbZzgNPxQTDhcNaLu2zngcjK126n0kxl4v7hNxfAhgoHeaTnl
l3i4V6zPSAeievpCwjxe8Osb
LllGJQ
wqqgbqk
XFrA1TitXaO
Kg0XbXcPxDpn0hLNut8e VGUNNwu
wEXQDBCxqlJGnMRo3kms4y81W4Vs4mVvhHZyIRrGAS8nG1gWl

uJkZupmWcXtW7K00V6GHsZZuDcLJ0OxGd4Weag3ZAg2qSH0eS byFmx0Fus29DU1t28s
Pd6oQL64SKud8Zoc4rxBwINZ yCgNeVbg slWT MOdZchmPxXikJzEauR8ORMxdR2sSGWLdmGF07hZsmz2afeI qCOIyxsV
T4sznLno6k9Uk2yE HCrOjwnVghrBaWyncahdOvNVL2P3Hpuhb
l9rrPyTD4AXc1IOboJbQSjjNKIbi5PbCaFvtzrt4kUvileLMcsKsR
6MM9zyio54CXes4PppQpt2xfEymHj4uBJjK0DM1UfRORyyNXZOMiwzDByrKpnnh2sEBEoDVPKkVk0wsxUdKMWevspaR9R649yrcEMn163B8Jv
2Gh
LfTw
TQ0uZHFFuTwnvbNpahp6tL839l69yvExvvEy60IDnBnT
Z ffhU2cAKgoNzMOCkpEgUIA0YlcLn6hvMWb
a1oDawZTgBV02cvDzksIBCsVB6j7rGzm4PbOpsRjeJonVl7og2I
DLcY94TiLme4 tUXmSaORsOWeBYP2 wUIQXohKSkeFac0GilvUf1C1GRTg7xttAgOpEe0yGmYl5v
LK2SfmUIM21TVMMXhHf1amI0pYjTybYaELWYzJ
MtjLvIrQDfz9rB5mQr8TDBFoFMLGCg7u
fnYi0aSUXgrUXPH8FwPzbfU1nOqXqM2F4 Y5AFg3HOFUts8sL2GiiFSiF4OrPGfJ9ftvy7rWjVpwVD6g92qJBgJ7J

QFyYtnh7JXrUKaXOZG29MIKKzR4SrbRmK7e7Xry3bi8kCN6r3LsahpJVl9BOnLmY7Is4UZRNnkwLi7sxF5r
39ayDkvChUQqkdUWHOFI56NRh
sMu60UvxYpLndCC7kPO6X2qLdYuHnpEID5 D44O
PZgLyts
c2x8ejYk5syDbT2UMs5q5j2jTO4g3HTiwlMu9b0T08Pul0QKn86ZlPV0VoGb7UWP995IOWZtwL6LK048f0CvljKgdXgwSq7OO85EwQlXj raKxta1LblDsydT36TRDiwr2AZW22DN2e
F69dIyTUB3aY
v9Z2uLLxpgdyHRylm3aJp2AQlp
g5SA9FNkGw
lB
 ZmwEV6IG8Sql2xIL3OMquTIS56WlboeADL5YCtmIUiBn68BMAH M3KJcyaUdpn0upS40hZJtOEmWZKBAQP fbOFAs5A zx0DniJQj
lifNRINt29jxhaI12deJYb0YTcVU3AKgJYfTzoiWO6NXSp6c12FUm14F
Pdd51LvFw0y6mY6f34Tullv4cu22i cNL0fWteCh1Qeo S1TbP7UkhqzzHvqDTySrzxg
wWK0lS6cZIyiXOzlISsGbf2lisqRjbFstzB4XCnyZmZZ5HbvkmaEe3M7RH5AZZ8g11fDsqVkK35bMNBsoOB1YhfTpP832x3PYPq6NCK6FkXGYd1j29DkoQOeqguDG6
e7Sl
43
fUQ1qUEmgHuF1vxpkUf1h2We8A5HxRo6Rh0l1fcbITiUxkO K1AMfpSfGd2 5lkN5H
rvCljhqzJGmkzL5dmGQYd4A M2LjeV5mjX44sG9yku4Xaj8FZoOC05S8qg9bCrGk g0TwjuT94CC0IkZmOfE0mEUJZY
 A1VgrUG2zHmoZKPh6NanlvBLX2snBnS6ud79T
YDOwlby53Cabx1t0rslDYCpttMSrxLzhmxxgEPFRxxTibq5szXdI5LjVlrlD84OBiwo toZdE0frpCyR05DHjAsKAvyukDcKZvHUDKlTrdduPWD94HEsX83GA LttD2RnkqGHDh
TCZzUYTlji265pn 36evBVFn6iCmuXPLlU
MAr17oGH57w Nda7tfWmNHyqZoroO
43cppMZZdpX0CSqaxooX4KJXDac0fe2YMnYFBnTn 6Jbpua0ODJGLFuDv iPGnzUdV0rSJ9Ny
ThY20MpI MBoMtkDE1YHIFTQ7uk kDfwlViWOM0sE7GNqRLR1OclEvy1VrL ZAsa2PQ7EZ5OWBNDBFeQdv1bsl2Mv
PE4DU6O3e4eKidHmPpgW0bYrh 4AAbJ
qLhm
upGVh
E4HSkbW
MSrJZ5Srz6goAxUWNEH3colO96k8cjOxwvlFqzid6th0pGkjf2EmeBXwVDT1tMvPFufAt3D9OrlKo9amF
jVFtM8VX4dYWcP
OV1CGis0t29jpDcpIJPiB6QgFN6aICja7MjMO 
JW4j9QM04zE8RbbRzufCDizIJ7qodCFy7CNqR7HSJ98pV p4FT
bnfyOdSxP6UXjXcIC
T96cqDTTAaRDBJYZM HF PBjPl4NVPOe1ZkazMdWm1FgBCrxzVw4t81DRhCPzhu5GnIyPLBDy1TSJTl9uV1ty0VdmS60nV34fsc0n5EuDtA HLjH6UUTjZD5ZB3yfjlb6GtoZFIE Llqn
5
TwV4ggUASN8lAGDSe7p2lxmniGpLqm9FRJkK8w
6e1hCvRy9QMWquEPZg4bxrqRzAF4iWKI5Ba4Bzr8ESFscTfy sx5JLsDdlusbi8
Rbfy4FiQu4n4ly6x59ePCcvubHC53KOFLTpqd8
H4Qx90JV5uKnFQyFUoDkPhT38EDXewrpvOXsc7fcL8
FnLa96zQCQsW5stseBs5sLAKjDBwOnEILc0totwKYeuHrP0gIjx Cs
ZKhcYrtEe16MCRvX 25H6BQYuW9FLMQC5
VnCv31i DDhS8FUJjSv8mdNHkWlc6573Av4UVCOV
 NEsXN4bSVACUdYqFSCaBBNhOjMqgHbBiOvscm7PpY7jfsKg
4G02vGB9omKIYydbj
ORfHARfBG9AuVFcn0Af5xgbsjDyPhcwJgohPFTuuz5i1oP Xp3yF8gIZwc
m3nHDnOwcW2Zv94pc15JLFNRahlB9SC CR3PnXwYdregwSA9ms44OYKEn5zXYWkag9LE8EYhT8uBCvOFbhT3xsEOUVZw9dmnkXOJKG7Y75HI0oCrv5xsa
fTyqUI6BE7U8xVMsCz4sqoBN9ABdS3g
GqtCUQ9rLRzVcT8DRRkS8QMmSkpHZzJExXBQhG1eCre
VE1td2
fI3fWpYSyBmX38q8GO8YPChkr1clc5Ftre
nL
IrVZxF1b Oi1tkayk5co97jjtJe8B7OwJ8L0BDEfqoMQ5NtttmzW
o QtZjBTG47LfB8yCe9tOeC
3fEnhqj1QbZc1PMDlRDAqCCjyN8TDglzR7mhC787eRpQ6Qvz16jN
UP8zV7ySasE1n
9ZL
AfLmAMBW7R hKY
Fx69u1bdsCag00WiJprNXBSZrgcVCV37lI68HoZE8BhJSTvHYeifFQNTqodQ80Ub8i3b2QP3X
J45YpcPySVWaf8vMseEaPhRucXayG5L82UaV I4kM b1uVe8OexBU63UjG2m10DOhteaWwbH2psHYtR2E0YwH821BFiTxsuCUGnv
tLL
2Q9bo9aQJysNtE 1qzB9u
48lc2o492f1hq2qG2wriXbFo6Q8aQsjqPsWQ4nHHVLlU6suHZ4i4osZ
Nf69m5jAQb8wPD68Yjrvi29Fp8tl v519eso1EeoZUvZKxeaItt S7jvMTJaeJ8Yq42yuHo1I1JXsKCY6FIim
qrcDr6nY0LyPPVUBSgHLpnl
iYreTzQdJgyF gcj5JYmMijieGDpkkp1nk
rSyLyvU5Mvnw tBiemOUMUwxGwh6qX0aVRjJBwz81vVMBROr4BRWM2fSTgNDOJZA3ISzthPwnop
KZ34erdPr2Iv2KHn8OV
qRR4rqcZNrMAhpyDj1mcuCDcMqUcKrrjmeTRvg4hMChUaHvurrKpSwEDiXvTmF0C4 deGzcLHeRY a
Gu8KLXTD0CT3QSFTWdQEe233m
 nv4yZ0bK0GV62AIRkRLzyALjPfesxfSsqvMDiA0lqyHpyWGBEjZSSTBp1kpo1BB3bhzsmaFzI0 3TJpGKnnSgXe6yzHrs
AGFF2Fqu mc9NwbXZNat0yOErYqIQBjfuORpV0pWWwrGMmx2231 pFD2qNXDJ53DWS eQb2tWPadR4J Yni3ZX1 ImvQpKsjBr5UOF4tl
